2025-01-01	180.47	170.68	90.67	91.68	150.22	140.58	87.51	79.7	141.46	141.12	138.29	140.03	129.86	127.56	113.2	102.32	129.02	131.55	129.08	85.06	91.71	123.14	123.02	123.16	120.66	117.77	114.7	115.23	118.22	117.93	117.63	117.24	121.43	121.77	118.73	118.9	127.92	133.2	112.17	23.78	134.75	136.96	34.76	5.35	41.01	59.78	101.24	100.88	103.49	127.5	125.08	136.56	98.83	93.79	102.04	111.8	133.5	137.17	146.1	148.87	129.52	126.22	112.05	88.37	97.68	171.08	165	168.16	170.35	136.91	157.26	160.51	155.02	149.89	157.1	153.41	150.68	148.91	149.42	150.27	152.39	150.42	151.35	153.97	158.9	158.18	153.59	152.18	160.89	154.86	149.28	147.54	155.35	137.25	137.02	133.05
2025-01-02	148.42	141.77	134.69	132.68	141.47	127.22	94.47	77.66	133.33	132.09	133.53	122.65	134.41	128.01	86.58	94.54	121.63	67.82	97.08	94.4	113.22	110.81	127.33	117.93	144.48	134.53	133.98	132.53	156.12	97.31	110	145.09	157.02	120	59.4	118.75	149.62	137.06	111.19	86.09	138.63	128.21	78.56	26.39	151.12	142.16	90.73	74.99	170.87	140.63	121.01	5.36	107.73	73.1	127.06	132.5	146.48	145.5	137.06	108.06	105.88	97.46	89.06	74	14.69	113.25	59.34	142.52	66.61	138.94	153.07	152.25	138.72	163.33	106.64	129.92	144.34	83.85	142.95	151.33	60.86	61.57	94.25	52.11	147.21	138.59	107.53	102.81	151.66	98.44	114.11	96.41	141.35	141.05	133.18	100.65
2025-01-03	141.74	135.95	135.45	121.51	144.84	138.25	70.18	41.45	94.64	67.86	130.07	130.57	142.97	99.32	107.5	130.98	124.8	124.96	78.46	16.91	103.11	60.13	98.71	84.4	112.6	112.65	118.93	120.61	8.68	133.75	130.48	130.75	86.21	99.45	106.55	100.63	85.52	56.48	16.93	17.77	146.14	134.34	4.85	1.92	157.34	135.88	125.74	125.8	126.79	74.36	126.11	115.36	112.49	113.5	117.3	116.31	118.41	119.45	115.26	121.17	67.49	157.15	119.06	115.19	142.49	137.78	122.77	129.27	65.59	139.01	139.88	140.31	154.43	152.77	146.26	146.45	122.71	110.21	150.34	147.09	77.14	80.09	83.8	83.99	130.73	135.14	86.43	77.02	146.19	145.52	108.29	78.8	138.3	136.45	141.89	141.81
2025-01-04	203.28	128.91	119.05	116.94	142.53	134.1	128.68	122.92	139.53	135.67	131.04	127.88	133.99	133.92	130.72	126.9	134.23	131.31	131.78	131.36	128.11	128.53	128.31	128.74	122.53	121.79	125.5	130.48	125.26	121.22	122.92	131.34	125.82	125.49	133.71	143.13	140.8	132.65	128.56	75.1	147.21	143.37	142.83	137.77	133.65	78.1	72.78	67.98	111.05	93.06	113.36	25.74	105.9	55.65	91.05	115.82	115.94	127.72	137.2	134.17	108.08	123.38	129.52	133.74	116.8	134.29	139.16	143.62	132.03	139.93	150.38	170.14	138.33	136.9	103.53	119.55	136.95	137.61	115.35	103.25	104.76	122.28	90.48	93.86	128.88	82.09	86.46	81.32	155.17	90.83	126.96	130.52	158.35	137.04	136.1	67.64
2025-01-05	135.08	127.49	124.21	37.94	128.24	95.85	116.7	37.01	90.51	18.18	1.82	109.79	129.12	129.12	96.64	5.17	-2.64	118.05	125.48	122.09	122.44	121.67	119.32	112.36	-1.33	-0.48	77.4	-1.74	-1.16	2.01	5.18	6.02	122.07	115.03	100.15	6.35	82.54	117.43	132.76	123.77	0	123.56	64.64	47.46	82.46	48.8	41.95	42.08	115.36	108.08	125.61	97.97	107.7	90.46	118.93	122.1	111.23	118.32	126.54	130.53	133.01	133.13	146.78	154.47	105.1	84.76	142.49	145.04	116.54	89.74	111.75	139	-42.28	104.91	110.57	121.31	13.11	0	2.3	1.42	76.9	113.52	94.36	69.69	89.5	81.95	0	60.99	80.59	73.74	15.14	9.03	140.01	50.61	3.1	-3.29
2025-01-06	128.1	0.2	0.12	0.27	92.68	27.79	28.12	0.4	115.08	106.83	113.67	0.2	96.25	99.82	26.73	6.67	13.32	45.35	48.91	59.65	106.68	92.1	103	0.2	0.2	211.05	296.28	148.08	120.94	115.31	122.04	120.1	108.66	130.85	75.73	108.43	89.42	108.98	102.26	99.98	146.36	142.22	166.32	124.41	128.32	117.31	99.49	82.26	155.1	130.05	106.98	81.63	122.73	137.83	134.59	145	105.48	105.48	105.48	2.63	56.8	54.11	121.13	132.26	-233.01	-28.72	11.64	166.32	123.06	89.06	132.54	137.07	-5.23	16.76	120.4	123.82	111.95	121.77	121.84	124.59	117.23	120.55	123.75	124.26	123.68	123.82	108.5	43.98	129.97	119.65	104.25	17.75	90.28	13.48	-5.12	3.27
2025-01-07	118.04	3.39	2.19	2.03	-56.89	-21.11	3.38	1.97	7.04	-4.38	-0.58	123.12	90.07	1.56	2.83	-0.01	0.7	33.31	37.96	0.04	-0.12	1.79	77.79	58.65	149.33	129.3	105.6	117.8	21.81	102.79	118.65	119.38	119.17	119.99	119.99	118.7	122.5	120.45	51.43	19.9	115.57	115.62	-15.01	-18.17	106.03	22.26	37.76	21.04	97.58	13.47	16.55	0.97	46.99	86.28	102.74	110.59	113.19	100.3	103.82	112.52	105.87	119.16	120.39	118.5	76.21	115.89	202.62	191.11	121.76	112.35	123.33	138.73	132.52	129.1	125.23	123.42	124.18	121.91	123.39	123.16	121.82	126.16	128.27	134.96	135.19	129.08	123.38	70.05	118.85	117.1	115.1	12.76	118.07	116.13	32.13	-3.56
2025-01-08	122.74	118	115.42	113.95	105.11	108.39	94.22	46.39	102.42	55.76	77.28	92.22	37.73	51.81	72.86	34.3	29.86	75.64	112.99	101.89	119.53	121.65	118.38	118.34	7.46	109.06	117.52	124.6	125.07	76.27	124.42	137.71	70.97	93.68	81.79	78.92	77.62	133.56	64.75	27.52	134.91	111.96	114	120.03	136.21	139.78	117.53	108.14	119.77	113.53	114.58	71.75	120.57	113.3	44.15	107.04	126.63	173.56	275.43	162.74	124.74	126.84	127.35	126.86	112.01	126.03	127.07	126.04	67.09	117.33	125.78	138.41	125.1	123.53	124.68	125.52	125.06	125.06	128.95	130.29	127.83	127.36	127.12	126.26	138.65	129.45	119.53	69.49	171.47	150.16	69.54	28.88	123.11	118.42	42.19	-45.93
2025-01-09	58.91	94.64	117.14	129.35	190.2	112.14	112.97	53.39	160.39	127.6	115.26	112.79	121.64	114.74	113.55	115.43	7.42	2.26	11.58	14.22	1.54	20.61	116.89	133.7	113.58	90.77	145.2	146.87	108.42	119.72	121.85	134.84	112.79	114.46	112.53	112.63	116.32	113.64	111.54	69.37	115.22	67.81	61.47	25.35	81.64	76.69	53.18	59.76	50.76	48.37	23.39	18.6	116.99	97.58	89.44	51.73	81.39	60.08	43.34	23.64	-1.39	99.36	12.95	21.34	-34.39	-0.96	66.96	117.9	136.55	144.35	136.63	137.2	134.05	138.27	134.44	139.79	135.48	86.31	135.69	132.73	143.43	146.51	138.05	106.36	135.21	85.39	78.53	137.45	119.27	118.98	105.31	69.27	119.88	117.66	116.87	12.01
2025-01-10	139.41	115.07	110.13	115.82	175.13	116.52	4.88	0	115.95	114.76	116.53	94.92	116.89	116.37	111	115.32	113.78	106.85	114.84	115.98	66.31	104.69	102.4	106.69	115.57	113.23	119.58	122.68	142.8	141.52	129.3	129.28	145.02	145.32	143.84	143.64	138.96	141.87	139.23	142.08	134.2	128.43	125.14	127.25	127.59	120.97	118.54	114.12	121.92	118.84	113.62	112.77	121.17	120.67	78.67	9.21	115.52	117.18	116.35	116.49	116.68	117.19	118.81	119.64	122.78	122.47	120.64	123.69	61.25	88.67	136.51	137.13	84.59	93.01	98.62	144.87	145.96	145.47	102.08	88.68	134.74	95.85	135.88	93.83	127.42	126.08	126.81	69.53	125.63	77.22	69.32	58.51	118.05	120.29	111.99	11.41
2025-01-11	120.79	104.27	116.25	49.63	143.31	112.14	104.77	112.83	108.92	48.29	110.93	120.3	108.54	112.42	114.36	108.82	111.57	113.24	112.47	110.53	105.73	97.4	47.84	25.09	114.58	115.15	115.53	106.67	60.28	67.24	67.51	108.04	93.84	103.61	111.57	107.35	120.29	116.37	121.87	125	140.34	123.23	127.74	118.73	120.86	109.43	113.1	26.54	115.36	94.41	48.07	5.38	199.25	242.55	109.41	104.96	105.85	115.26	105.52	77.95	0.6	86.35	135.53	67.28	41.05	9.95	151.73	156.15	2.26	117.94	120.65	124.91	119.82	121.89	119.86	122.93	127.96	127.04	71.23	70.6	124.55	122.14	124.39	123.78	116.4	118.51	120.83	116.39	113.09	112.43	116.13	114.8	106.85	111.75	110.63	4.14
2025-01-12	165.09	114.84	116.21	115.16	177.7	63.68	109.31	3.4	117.71	107.55	4.44	108.79	122.92	66.13	112.39	113.95	118.91	107.65	0.19	104.33	100.03	89.56	58.57	99.61	42.8	28.52	26	100.82	113.98	96.98	85.25	89.77	51.43	96.16	91.91	121.66	176.74	219.99	124.41	115.55	153.79	145.21	118.92	113.44	2.4	0.27	-4.34	0.05	-17.07	-21.21	0	-19.88	1.32	0.62	-24.62	-23.01	-15.39	-13.78	-16.03	-9.33	-3.59	-4.19	-18.06	-5.81	-11.87	83.18	77.95	116.55	98.86	0	25.68	152.88	69.15	118.18	122.01	127.73	118.19	84.42	126.01	88.36	77.44	84.9	82.86	77.2	129.08	126.03	125.72	68.4	159.83	119.14	120.54	69.73	137.86	123.58	77.68	60.28
2025-01-13	117.54	117.06	117.44	46.5	118.09	111.08	120.87	120.88	83.56	86.28	104.97	112.49	76.08	83.79	108.84	107.19	109.41	108.22	110.47	111.79	112.29	117.61	121.35	115.07	133.42	128.85	140.42	145.48	155.11	146.54	133.12	135.08	182.29	169.46	183.72	179.88	136.64	139.77	19.01	-11.61	128.39	-18.61	-32.74	13.32	-3.4	21.1	5.07	3.51	1.6	12.63	0.56	104.32	119.19	113.03	24.79	17.73	43.48	39.87	26.84	-0.41	-55.49	-16.72	-41.38	-0.87	5.31	8.96	130.93	146.22	25.79	81.66	101	125.1	93.4	161.15	157.22	152.2	145.87	118.12	90.18	135.84	149.8	150.4	110.76	112.6	98.72	107.61	136.34	143.57	125.97	95.68	92.33	82.31	137.96	137.05	118.66	76.45
2025-01-14	129.64	96.63	100.07	60.6	127.75	125.11	120.99	87.13	122.73	117.02	89.87	88.86	89.66	113.19	89.71	70.8	75.03	80.19	120.26	115.63	117.22	86.23	86.02	113.05	143.58	143.69	139.08	120.84	3.05	180.04	171.21	180.44	187.87	128.6	116.23	124.51	103.32	84.51	80.64	37.26	79.53	72.66	44.4	-2.67	123.11	70.4	58.02	49.84	117.3	117.9	118.93	119.38	116.61	114.9	114.95	114.19	88.49	90.22	87.26	86.7	89.81	84.6	77.53	90.99	52.95	76.47	96.53	103.51	75.89	87.26	98.75	104.87	67.93	101.94	97.39	189.26	178.95	173.44	171.35	171.78	118.16	157.72	122.07	121.91	143.52	144.53	110.76	93.8	150.25	93.7	103.5	87.7	142.74	141.93	143.34	69.97
2025-01-15	144.48	136.9	123.33	79.87	123.84	121.99	121.33	81.47	123.37	83.1	118.77	88.5	121.49	121.85	123.81	120.64	123	123.09	124.36	129.42	130.71	134.07	138.12	139.88	136.08	136.73	136.59	144.19	172.18	172.31	172.25	172.28	137.32	160.83	184.06	204.07	146.22	163.36	165.63	56.78	207.43	124.02	115.37	23.64	127.56	110.78	102.74	103.54	126.29	122.9	128.49	68.78	122.15	122.16	75.23	42.29	41.25	45.62	40.2	14.27	118.4	123.79	22.51	32.47	13.85	19.84	128.94	126.47	52.25	148.12	177.83	113.29	157.78	136.55	126.99	110.35	93.77	173.83	92.75	96.51	98.23	105.67	107.08	104.28	119.69	100.48	91.86	84.84	131.22	123.63	133.14	143.53	140.69	134.52	123.89	-221.06
2025-01-16	138.89	125.26	88.53	122.81	122.96	119.53	122.13	73.41	122.27	116.8	120.27	66	116.39	113.78	112.74	66.87	114.49	112.77	119.77	113.27	118.3	118.3	119.33	129.05	133.31	127.48	131.13	137.78	148.02	166.49	150.69	147.37	189.78	111.04	131.83	160.44	162.91	159.26	161.14	153.31	79.22	136.91	123.8	-7.47	115.66	114.5	119.03	71.06	120.71	121.67	121.06	121.27	118.74	118.93	121.69	120.94	116.49	117.13	110.12	111.1	66.48	124.23	122.33	119.88	54.39	68.67	124.26	122.25	62.89	148.69	144.29	159.03	171.64	188.69	179.83	179.64	175.13	171.53	179.72	105.96	165.2	163.44	164.11	128.16	149.98	142.2	113.15	91.33	136.03	127.59	132.05	72.9	134.48	123.32	104.44	65.84
2025-01-17	135.17	134.03	132.62	93.68	131.68	120.41	122.5	112.42	119.27	88.01	104.53	102.92	96.56	88.34	119.82	118.96	129.04	128.13	125.65	130.97	117.61	120.19	129.11	132.83	138.9	76.01	140.85	140.06	152.86	149.33	103.1	144.49	175.54	168.66	165.35	190.01	147.35	159.36	156.71	50.54	137.36	87.26	76.2	56.04	105.28	62	76.17	57.98	117.4	117.48	116.79	116.56	119.89	118.7	122.99	77.39	95.85	119.15	124.21	115.44	72.64	116.4	118.13	119.78	119.21	81.12	119.84	119.69	51.6	115.11	136.17	144.46	172.42	179.56	170.94	165.19	119.18	119.31	167.35	172.52	153.38	157.18	152.66	138.82	131.34	135.15	102.2	111.47	139.5	129.52	117.01	108.66	138.47	137.45	84.15	100.18
2025-01-18	153.56	139.91	136	131.16	144.8	146.52	137.1	105.09	142.84	137.77	117.23	118.88	138.19	129.42	125.82	123.79	132.83	118.89	138.26	135.8	115.97	138.18	134.75	121.72	122.43	121.09	130.42	141.05	83.14	99.9	120.26	128.82	134.86	124.01	122.09	125.95	145.17	141.27	97.07	41.11	77.42	-15.39	17.85	13.57	170.35	192.32	118.13	121.22	113.74	115.77	114.13	114.57	58.31	128.2	127	127.46	129.84	129.54	127.07	41.82	49.35	36.36	15.07	116.78	3.08	51.25	161.53	178.68	135.57	64.75	132.71	147.42	175.35	162.21	172.64	171.78	102.42	108.57	115.87	168.26	114.46	154.66	154.6	155.22	118.52	124.81	105.55	102.98	144.93	141.25	122.67	130.72	142.16	133.2	123.9	78.44
2025-01-19	148.04	139.71	138.9	123.96	150.34	145.19	140.33	86.96	142.94	139.66	112.33	124.21	135.3	122.75	122.15	139.91	142.35	139.6	139.78	140.07	121.92	139.07	140.47	140.06	121.07	121.48	127.88	134.67	121.6	128.45	134.26	137.5	120.3	126.55	130.82	133.06	139.02	123.29	47.19	50.59	123.4	50.59	71.54	64.02	121.74	113.4	76.08	116.82	71.61	121.8	62.49	60.82	119.39	116.05	121.56	105.16	52.98	26.49	0	0	125.51	158.67	53.47	127.29	122.55	118.66	108.55	153	41.82	135.08	151.41	177.05	155.38	146.21	164.16	154.23	125.3	156.42	158.81	158.88	149.96	134.13	136.58	161.48	169.3	160.47	159.14	119.84	202.2	162.53	93.01	99.31	152.23	152.64	123.1	58.17
2025-01-20	143.3	138.24	137.93	122.11	146.45	150.08	141.06	104.35	140.02	134.46	96.9	79.32	70.23	56.34	114.74	76.94	116.77	114.11	112.27	115.39	104.23	100.86	92.13	143	143.5	142.29	161.51	162.87	143.36	139.73	204.47	153.46	168.64	160.99	147.04	75.51	158.98	170.27	140.45	146.91	177.25	162.01	163.04	164.1	196.27	177.56	189.07	185.31	250.75	229.38	256.68	228.18	260.69	254.9	286.9	230.28	169.75	192.77	213.68	223.36	210.48	184.96	196.15	263.63	166.83	170.53	185.35	187.89	168.67	169.53	178.13	180.19	149.91	196.41	168.03	188.68	157.44	159.15	156	154.98	160.64	158.25	157.97	160.01	160.6	172.16	136.14	111.21	164.27	147.14	148.11	111	143.52	138.06	101.93	95.19
2025-01-21	221.72	175.27	141.67	128.41	245.28	156.91	127.33	95.98	141.16	114.1	121.65	72.9	116.81	116.95	115.23	113.03	115.56	115.66	115.83	116.59	127.13	129.67	140.35	227.99	143.88	140.58	243.8	247.56	202.37	149.1	146.47	150.93	200.93	164.07	127.3	157.33	132.3	101.14	144.17	152.04	144.96	134.7	146.32	153.69	195.65	188.42	150.35	186.43	189.89	170.54	168.59	170.16	173.79	186.53	183.02	184.84	206.52	190.68	182.55	201.67	140.59	139.72	139.66	140.18	-6.39	139.92	178.2	146.45	127.45	134.7	119.93	153.14	159.44	109.47	154.29	157.64	181.44	168.74	111.54	169.73	157.45	152.42	151.63	154.46	125.3	131.48	136.14	90.06	138.27	111.08	137.47	132.44	185.21	130.72	131.37	76.61
2025-01-22	127.9	122.26	104.26	92.81	126.54	120.07	116.29	116.29	24.63	86.43	99.62	81.98	73	60.99	83.13	68.15	119.5	113.73	117.36	117.24	115.47	119.29	126.28	123.89	196.31	134.88	140.74	233.75	137.48	141.67	145.38	145.15	158.36	159.92	148.63	140.39	153.95	95.84	77.99	67.52	141.07	148.25	132.64	129.6	120.44	57.66	125.54	125.34	131.7	129	156.9	131.93	116.62	131.07	131.6	126.45	169.92	172.99	167.9	151.45	188.34	131.62	149.28	132.54	52.15	127.69	140.81	154.48	77.85	145.82	133.24	149.04	167.37	108.25	161.62	133.92	169.53	111.65	115.75	110.27	161.35	156.76	160.37	158.48	162.02	164.07	107.88	78.06	106.41	91.27	149.14	152.89	148.37	136.7	82.61	64.75
2025-01-23	136.31	129.53	139.79	126.24	137.07	128.22	121.34	72.09	128.72	84.87	124.57	118.03	125.97	126.05	122.76	125.9	124.29	125.53	127.09	128.85	147.52	135.09	148.52	148.52	132.6	132.53	130.16	136.42	145.44	140.15	143.64	141.79	102.15	107.6	63.52	82.28	95.71	79.8	84.42	48.02	95.19	91.6	34.83	6.22	89.35	68.9	49.31	38.46	140.29	55.34	61.24	43.03	72.23	74.12	131.86	130.36	130.86	128.77	130.57	133.37	131.01	134.1	133.21	74.87	139.95	0.02	0.1	50.04	156.75	141.5	140.58	120.78	168.94	153.73	93.7	100.76	84.91	89.43	93.48	92.62	91.52	89.92	92.55	192.37	166.5	159.34	77.61	10	85.18	153.64	154.21	156.06	140.49	120.56	66.6	36.9
2025-01-24	104.74	135.2	130.98	119.46	106.62	96.34	95.87	95.28	118.3	98.7	100.38	87.4	93.58	87.5	97.21	77.86	77.92	87.91	85.13	114.18	109.24	116.63	113.54	107.49	95.65	116.31	123.62	166.24	146.25	47.18	168.3	134.27	131.54	124	127.04	124.07	129.04	118.45	60.88	50.13	122.1	96.05	41.77	38.89	96.49	38.74	28.89	1.63	45.91	50.6	43.47	1.65	11.98	3.64	4.25	1.54	79.09	76.86	114.98	126.98	94.46	113.33	109.93	102.04	28.99	115.87	96.76	141.88	98.17	124.1	135.47	225.82	58.92	109.79	111.5	124.14	118.74	121.95	124.71	120.09	122.33	122.44	122.29	65.82	118.72	109.95	60.64	48.91	125.28	117.01	116.55	2.83	129.22	93.58	64.43	96.01
2025-01-25	94.94	109.7	57.43	66.96	61.43	56.57	55.24	55.56	95.99	56.56	86.72	48.06	80.94	85.94	54.01	21.6	55.01	52.97	13.62	17.9	44.13	18.37	17.79	17.98	25.89	26.4	87.78	90.35	4.1	77.11	111.04	58.46	14.6	49.56	108.97	71.49	59.9	85.38	26.4	96.26	22.39	121.8	80.16	119.59	98.85	56.56	55.48	85.26	200.12	111.9	113.95	110.35	130.24	118.83	110.22	120.29	112.61	121.46	126.26	92.97	122	106.35	41.1	55.09	52.37	111.45	126.27	137.6	-54.62	2.71	14.5	123.55	5.54	16.63	13.63	92.78	106.74	94.67	33.63	94.18	30.52	90.41	91.9	89.84	50	96.19	90.57	27	113.57	90.88	27.8	27	117.37	99.96	108.25	91.53
2025-01-26	101.2	65.61	0	0	110.25	100.84	102.31	83.19	61.17	106.55	79.12	99.6	104.57	109.43	123.72	124.08	111.08	112.65	114.85	115.5	112.74	92.08	90.83	29.01	114.38	111.28	112.21	115.12	48.38	80.81	56.42	49.8	52.33	95.56	51.79	46.85	88.65	94.13	51.74	35.59	69.26	66.06	12.61	25.81	22.17	13.73	70.93	71.69	21.01	16.93	74.42	14.56	75.98	92.39	78.99	90.9	108.3	126.8	151.69	143.2	73.4	122.79	101.05	141.22	110.54	126.06	108.67	77.51	37.86	79.57	136.11	200.12	77.22	112.72	116.12	119.23	102.09	111.84	117.83	123.03	114.17	98.35	117.55	117.8	131.02	129.23	123.75	107.23	112.05	113.87	42.23	39.62	129.79	113.71	34.8	-111.84
2025-01-27	13	2.97	-1.08	-4.97	-11.91	82.32	125.97	75.05	77.66	-2.96	-11.9	-9.6	92.24	58.92	-1.96	-1.94	73.96	-5.94	27.84	8.44	3.52	-0.41	97.93	38.63	268.85	178.69	98.75	107.02	62.15	71.14	114.76	113.12	115.03	110.54	120.25	119.18	128.88	116.48	104.77	52.6	132.71	15.85	-83.41	-124.33	7.63	33.9	-3.04	-1.93	4.99	7.99	5.88	5.06	120.5	89.6	26.03	-1.02	-3.75	3.53	19.52	78.21	6.93	-7.79	115.06	254.08	118.26	0	82.25	99.6	53.94	86.44	98.07	66.68	82.77	87.46	211.02	136.57	103.5	116.22	93.02	107.58	45.87	87.39	102.25	98.53	121.14	100	-51.8	-81.4	62.37	67.08	55.17	-1.26	127.6	32.68	0.1	-1.22
2025-01-28	163.73	82.03	0	-0.67	17.14	43.07	0	-2.03	-1.49	3.87	118.53	-3	57.96	58.25	8.04	3.48	2.48	1.99	1.16	2.29	1.99	1.67	3.45	3.46	106.05	32.1	8.08	4.84	22.82	82.26	85.69	76.81	73.77	67.65	45.18	1.52	51.72	24.43	79.51	89.01	36.16	13.86	-4.4	-3.4	1.73	0.4	0	2.53	0	0.58	-4.55	-6.15	-55.45	-18.39	-6.04	-9.59	-8.28	-8.56	-14.04	-14.37	-15.3	-14.35	0.56	-9.46	-7.48	-8.36	-7.6	68.23	82.43	140.44	175.7	160.74	74.28	64.88	102.87	136.76	1.82	102.74	119.31	134.54	99.33	105.96	114.11	132.64	134.56	120.79	29.06	4.77	140.05	122.08	82.61	34.86	150.93	133.15	4.99	0.03
2025-01-29	150.67	127.54	56.96	-6.81	137.4	33.97	38.19	6.76	70.52	33.3	57.05	3.53	4.19	4.2	5.66	6.95	4.56	58.72	6.71	52.08	4.55	29.86	74.55	98.99	87.41	77.98	58.92	120.51	109.17	111.95	117.39	122.51	122.21	118.72	126.13	118.8	88.99	24.35	43.18	22.04	250	140.87	90.47	58.18	143.42	106.64	135	143.74	150.5	100.93	18.48	52.77	71.52	61.01	106.82	109.96	91.67	36.62	9.18	10.95	85.98	106.36	112.09	118.99	57.52	109.95	58.23	71.73	108.41	115.34	120.46	119.65	109.32	151.88	77.15	115.57	123.77	123.7	111.09	105.21	112.14	109.85	138.56	127.56	138.19	127.31	119.52	99.29	123.86	119.91	42.18	12.96	131.22	117.08	109.6	13.9
2025-01-30	119.14	85.77	84.33	63.08	84.89	84.35	13.46	40.19	74.2	53.48	0.79	7	17.45	31.13	26.1	56.54	10.02	8.4	8.06	-0.22	-2.09	13.68	64.32	80.54	-7.81	107.52	95.21	135.46	3.15	117	115.6	107.01	116.76	111.11	112.77	114.57	124.19	123.9	-12.91	-28.39	-0.71	4.71	-4.58	-6.35	-27.63	-16.13	-26.22	-12.81	-9.67	-14.78	0	-16.74	13.67	1.07	-7.89	-8.91	-9.93	-11.04	-9.87	-13.1	-13.5	-13.54	0.04	0.66	-10.55	-10.09	-13.05	0.08	105.09	90.52	101.85	118.8	82.8	108.39	98.9	87.53	118.43	113.49	46.4	47.85	119.02	119.18	143.58	142.89	199.56	120.42	117.51	116.95	116.33	101.92	99.58	97.88	102.9	92.37	22.82	3.82
2025-01-31	135.11	132.85	115.62	113.73	131.67	122.38	110.65	86.93	117.5	123.36	116.75	112.99	118.21	112.27	103	106.32	87.31	119.3	119.99	123.2	115.47	105.91	109.58	114.72	122.29	117.68	111.27	125.73	121.55	124.97	122.08	114.09	70.23	154.1	153.63	55.99	141.79	141.59	5.07	-6.23	94.32	-10.45	-2.15	-6.59	-5.77	98.4	-3.09	-3.08	-1.05	-0.17	-2.33	9.07	-2.01	-2.58	-2.45	-1.58	-0.48	35.16	31.25	-0.66	13.84	9.59	0.1	1.34	55.55	-8.88	65	-5.38	-11.32	161.55	162.02	129.56	178.73	54.13	59.22	139.23	151.05	150.57	149.14	142.9	150.89	160.51	148.73	75.15	135.82	155.77	144.34	154.94	194.39	159.4	164.44	148.26	108.46	137.7	119.35	57.13
2025-02-01	140.33	87.49	58.02	70.86	73.23	60.2	130.85	22.6	126.25	56.29	29.7	20.01	127.32	148.85	127.77	5.63	126.72	129.74	131.2	132.91	118.08	115.41	108.39	39.46	7.72	126.6	126.75	133.94	130.44	125.75	126.86	123.66	70.37	121.04	124.85	128.25	128.47	124.81	124.96	106.06	117.85	36.98	64.92	31.03	129.21	113.53	132.05	124.81	106.15	108.32	122.92	-0.78	-1.64	-0.16	1.27	0.52	1.79	0.72	1.57	-1.94	-4.69	-9.34	1.91	7.59	-1.7	0.52	-1.9	145.3	111.28	124.26	91.14	137.28	42.49	95.9	144.77	145.56	167.32	107.87	110.11	126.04	160.21	161.37	161.32	119.69	148.29	150.53	150.27	147.72	146.51	146.13	146.39	98	135.12	132.62	132.19	98.11
2025-02-02	155.91	148.29	142.9	133.87	155.45	150.46	125.92	126.84	129.19	67.08	121.9	121.85	124.95	120.41	122.85	118.61	112.56	112.82	112.55	112.87	121.89	121.81	121.97	133.61	120.91	120.34	118.43	118.24	125.2	124.29	125.09	126.44	139.99	133.91	128.5	117.83	136.28	138.16	131.42	11.16	142.44	114.22	12.06	75	115.09	60.06	106.03	69.62	110.01	98.72	3.5	38.5	27.48	58.52	26.7	51.46	45.82	12	9.75	88.08	69.61	64.39	107.31	115.72	106.35	104.5	105.1	147.83	140.67	138.98	136.21	135.67	53.36	166.71	111.53	169.16	177.48	161.92	172.08	126.35	169.63	168.86	162.73	113.88	156.86	104.37	86.09	41.5	83.29	68.17	49.02	26.32	50.05	72.24	38.09	137.88
2025-02-03	130.96	29.76	16.48	18.29	130.15	67.59	52.28	120.59	75.39	66.47	49.95	48.82	50.03	117.62	51.27	52.31	48.8	47.29	38.53	25.49	126.85	126.85	43.53	40.69	128.97	135.39	129.69	124.91	149.26	146.97	82.39	147	168.92	170.04	168.12	167.88	150.57	140.11	35.29	0.78	30.18	34.85	18.51	11.23	23.97	0.26	109.03	11.86	143.22	126.48	135.11	122.5	87.45	89.74	84.3	43.15	121.46	109.46	18.51	34.49	13.8	13.41	18.65	12	-1.07	5.78	5.62	-62.59	5.72	177.69	25.18	34	200.11	204.38	200.89	197.78	196.48	193.76	197.36	200.87	217.56	197.1	199.4	194.97	189.41	190.99	190.82	106.05	152	156.28	153.96	96.15	138.19	91.64	82.37	75.95
2025-02-04	139.36	138.21	32.04	73.77	138.39	136.84	130.79	125.73	134.98	138.66	135.2	52.93	137.92	138.78	138.62	137.98	130.67	127.86	134.08	135.13	99.02	94.72	117.8	120.63	149.95	150.03	52.88	143.65	78.55	181.33	182.37	190.1	215.5	198.57	96.25	99.34	166.19	153.46	64.21	9.91	38.47	39.24	26.92	3.05	126.51	29.44	22.39	17.62	130.03	125.17	127.22	116.13	18.71	119.42	5.21	11.82	-110.51	5.76	-1.03	-1.55	6.41	4.81	-2.47	-1.12	-16.72	-3.69	0.14	33.62	-33.47	14.35	137.62	136.19	63.93	177.63	175.41	173.88	99.59	121.76	178.34	177.94	188.03	147.39	176.94	186.43	163.47	145.54	158.32	88	147	140.69	88.84	76.06	146.61	142.64	77.73	86.62
2025-02-05	138.09	133.37	132.68	133.09	136.61	108.07	99.77	66.16	131.65	125.51	121.91	100.56	128.47	130.14	130.77	129.23	116.37	112.68	129.56	132.66	123.2	127.55	123.56	135.74	139.85	136.18	137.71	139.29	150.31	162.3	164.39	167.97	175.29	165.74	181.35	109.29	151.66	73.38	63.29	11.3	-44.55	-39.35	21.82	9.76	3.04	122.19	93.6	-3.46	99.65	-6.38	75.01	128.89	183.88	130.84	123.12	91.05	11.4	0.32	123.68	81.83	30.07	-2.81	-3.09	114.34	116.41	76.43	112.99	357.04	127.84	129.69	304.53	179.39	190.31	193.75	190.57	191.33	189.7	189.21	186.54	103.51	110.52	158.75	162.55	164.25	155.25	117.77	117.28	70.8	142.11	86.58	146.56	41.34	139.49	139.13	63.52	32.62
2025-02-06	133.1	123.83	134.7	126.9	137.99	137.36	137.42	131.05	142.95	144.84	146.21	146.81	139.96	138.77	143.44	143.84	137.34	137.57	138.45	138.11	132.22	132.42	135.58	141.08	72.35	137.88	146.46	141.67	148.64	102.7	179.55	176.17	166.81	145.83	204.01	90.39	159.61	150.56	161.03	17.09	130.41	118.91	18.04	2.11	96.74	87.27	53.01	92.66	69.58	89.13	81.94	81.55	114.09	124.97	112.96	116.23	122.18	109.88	110.42	83.77	64.89	82.41	93	121.87	37.24	71.29	58.28	80.37	10.72	44.62	141.17	145	173.43	172.26	160.53	170.29	190.56	194.1	156.7	116.16	159.61	97.53	171.74	120.99	166.03	153.98	159.56	98.7	137.87	149.71	153.77	78.58	137.18	129.95	62.13	26.98
2025-02-07	140.86	126.48	129.1	129.21	133.57	123.46	64.91	62.96	136.31	133.09	125.37	131.39	112.51	109.66	99.99	78.13	129.25	128.51	128.08	128.49	109.63	109.63	131.83	138.16	127.33	125.41	125.39	124.71	29.17	75.02	72.88	141.59	165.64	151.49	124.92	144.48	166.57	146.87	120.79	48.45	60.58	65.52	20.42	15.3	115.42	132.82	143.51	165.15	116.5	125.22	121.39	107.79	126.65	122.6	123.56	124.62	106.14	143.71	142.07	136.71	91.99	116.71	124.25	135.91	16.96	128.17	143.96	139.76	3.32	41.61	126.29	126.72	31.33	60.88	148.94	146.22	148.36	146.08	154.71	111.45	143.92	133.31	141.98	83.32	137.42	56.98	84.69	66.35	135.14	109.72	137.46	137.35	138.36	121.89	117.31	90.69
2025-02-08	125.35	121.01	128.2	121.87	124.14	110.12	135.16	49.58	136.95	144.36	126.52	55.66	143.84	132.03	130.53	125.98	129.11	128.95	132.36	133.31	136.04	139.55	125.71	127.93	141.38	127.17	123.52	127.83	143.76	131.53	125.37	128.66	135.41	130.85	105.09	129.6	126.63	53.74	16.51	-2.56	31.38	-17.81	-108.2	-3.5	132.79	10.77	125.06	-4.9	39.65	106.64	131.22	99.17	109.35	94.47	-3	54.1	7.8	1.4	-0.67	-9.5	1.67	-1.39	2.77	0.44	-2.42	2.39	1.63	106.74	-19.81	128.37	124.62	182.39	190.97	184.11	152.99	156.5	165.61	166.44	113.05	109.83	166.09	153.55	153.58	152.26	141.87	139.9	97.64	90.05	115.79	118.54	150.62	60.38	145.71	137.06	95.21	73.51
2025-02-09	142.84	131.76	54.27	41.67	149.72	131.69	83.87	63.58	130.62	116.77	125.83	114.67	127.68	111.44	107.53	106.56	129.01	124.74	120.95	121.89	114.92	106.25	108.78	113.35	125.68	109.97	119.95	119.52	121.58	118.88	84.37	98.41	110.6	100.55	74.72	30.66	106.13	108.43	151.66	129.01	126.88	99.86	15.63	9.19	43.84	49.05	21.52	6.47	-15.32	7.48	-1.14	-1.83	99.45	9.29	17.12	9.28	58.7	60.05	41.06	40.18	20.08	118.1	53.49	31.36	122.94	5.54	110.68	115.94	-8.41	20.16	103.45	141.27	164.31	165.05	152.34	156.27	92.49	130.33	137.83	133.11	141.39	139.6	177.16	167.22	176.48	171.51	150.5	101.45	151.04	105.56	104.08	64.2	141.29	133.97	123.46	58.56
2025-02-10	149.69	101.25	96.1	80.54	143.06	151.21	139.56	137.08	141.84	133.99	128.06	119.28	126.64	127.13	118.55	130.82	127.74	127.61	127.69	126.72	128.59	124.63	125.54	150.9	148.4	143.09	100.05	111	84.03	161.44	126.71	134.88	115.96	115.54	115.52	98.47	155.51	128.89	159.37	61.45	141	140.99	154.07	149.94	152.15	135.23	130.06	124.27	120.96	128.04	105.64	89.76	59.29	123.14	107.5	76.1	102.4	129.95	169.48	119.95	159.28	150.35	169.44	197.39	133.46	88.32	118.58	141.63	43.89	118.66	92.12	149.62	83.79	156.11	147.27	154.58	166.19	168.35	135.35	123.99	191.39	172.95	173.41	186.42	163.64	159.22	164.14	77.47	100.81	53.28	6.71	25.86	138.58	108.9	57.13	40.53
2025-02-11	273.7	154.37	129.73	126.36	139.98	131.79	130.81	129.97	142.53	128.21	130.27	116.64	137.28	134.78	136.9	135.36	134.57	133.76	133.14	138.47	131.17	131.89	126.66	138.84	8.12	132.4	129.85	144.55	154.3	103.32	125.15	138.01	137.26	146.54	148.69	155.29	147.79	68.36	35.64	14.85	33.13	42.52	16.85	-6.47	10.04	8.27	3.84	1.86	17.11	40.35	103.98	15.72	66.62	97.67	127.18	131.5	149.09	105	105	117.6	14.32	126.95	118.67	43.94	27.54	60.01	126.09	118.03	131.39	140.8	165.26	157.57	153.41	102.1	160.02	148.73	102.18	189.9	162.75	100.53	196.11	194.04	154.88	146.35	145.58	141.36	153.18	102.11	147.97	115.67	113.99	98.49	167.25	134.64	129.18	92.91
2025-02-12	136.46	137.57	115.92	54.17	120.69	96.68	121.39	74.53	129.31	130.74	127.05	133.47	135.49	130.16	134.51	137.79	140.48	140.86	144.17	147.31	130.24	130.33	140.67	137.9	25.95	66.86	37.29	69.19	77.12	145.48	158.35	161.54	169.85	148.16	172.59	170.48	152.86	109.67	81.62	20.97	138.74	25.83	6.13	139.1	136.26	0.2	0.69	118.57	150.99	123.75	109.27	131.16	125.39	121.77	99.52	121.48	165.31	130.38	119.33	62.56	117.58	84.2	121.15	4.09	5.31	123.78	130.93	113.75	-0.69	132.4	128.27	183.55	-21.9	152.74	155.41	173.94	187.14	197.08	191.59	189.52	102.67	111.03	111.02	145.06	162.55	124.52	160.97	153.92	113.96	73	149.85	53.9	139.06	137.72	15.21	8.21
2025-02-13	132.53	76.42	129.26	129.69	134.98	121.61	118.82	125.12	120.53	130.28	133.76	128.61	119.65	121.84	117.42	121.54	119.83	115.28	117.26	94.38	133.3	115.63	112.67	114.09	126.41	131.33	131.46	137.39	157.73	159.93	140.89	147.79	113.44	164.64	109.72	161.93	143.62	21.69	-9.37	-18.74	116.13	54.98	116.6	118.99	143.34	87.81	0.2	25.21	100.21	38.83	139.46	177.18	0	0	0.04	115.67	4.57	81.59	4.79	30.32	36.04	25.04	26.11	62.38	102.08	27.1	38.86	39.92	151.17	14.69	132.05	131.03	33.81	203.02	192.63	181.01	196.98	199.41	193.42	160.05	201.19	200.49	201.86	204.21	173.02	172.78	109.58	60.06	155.97	94.82	78.35	50.53	102.76	85.26	55.13	49.46
2025-02-14	131.12	67.21	60.67	51.27	131.99	131.47	130.67	59.44	119.66	120.3	122.66	120.52	127.13	123.39	125.64	115.36	123.72	125.95	127.74	129.68	56.54	56.48	36.46	126.55	42.65	51.08	131.14	129.74	71.77	112.09	99.84	142.06	147.59	179.44	176.08	63.02	132.35	72.33	26.1	10.11	38.71	17.24	15.33	1.35	32.81	14.76	-17.66	7.89	-1.57	-2.6	33.87	5.49	2.07	11.62	0.89	0.86	-0.31	-0.24	-1.99	-2.03	-1.92	-2.19	-2.38	-0.22	30.73	-1.74	34.95	0.27	-18.48	129.63	153.37	131.13	173.7	173.49	172.59	175.61	72.33	198.53	196.75	103.12	104.42	104.96	106.36	168.98	150	161.86	76.86	52.77	126.07	151.81	155.79	157.58	134.68	118.45	60.69	130.36
2025-02-15	125.45	125.84	124.63	127.71	122.28	56.94	79.89	58.44	118.19	112.88	115.21	114.83	113.17	119.08	117.71	115.65	113.44	113.73	108.77	105.56	113.08	111.15	114.49	117.74	114.86	119.26	119.77	122.6	77.94	91.63	79.38	119.71	117.9	117.98	117.03	-20.28	119.25	114.76	30.5	5.94	112.2	29.66	43.57	12.54	117.5	83.09	9.01	16.07	38.48	15.46	20.54	12.64	12.72	89.45	49.94	22.42	8.55	90.52	103.79	102.53	63.46	89.41	74.7	92.94	98.11	288.61	199.84	121.86	-1.33	30.62	119.16	122.87	116.4	115.33	116.86	119.69	135.35	120.61	76.78	60.59	98.57	125.18	124.63	74.83	121.34	128.52	86.73	63.08	126.78	77.04	125.55	121.08	121.61	118.8	49.05	42.44
2025-02-16	117.17	56.43	36.48	32.98	124.64	121.31	43.45	36.08	123.26	124.77	126.03	122.72	123.51	126.39	37.95	117.38	117.5	122.1	118.46	121.99	120.31	120.48	122.39	125.84	119.46	75.68	114.13	114.55	116.51	115.25	118.56	118.64	120.22	119.23	119	119.06	129.81	117.81	26.71	13.33	141.99	73.1	28.88	34.66	108.48	104.46	43.06	9.59	101.64	36.7	36.11	46.84	5.13	35.57	32.36	23.24	17.27	-0.41	-2.48	-2.11	4.44	2.7	4.93	3.33	-2.41	23.79	77.11	47.99	-23.89	129.48	268.46	293.17	175.73	129.23	128.49	131.83	158.43	166.07	158.74	133.18	141.43	141.64	140.62	139.48	132.36	138.47	136.56	135.4	127.76	137.64	132.93	137.85	138.81	63.92	62.9	61.2
2025-02-17	133.01	131.87	71.09	129.75	133.68	128.07	77.95	57.99	134	79.17	72.8	58.47	120.83	121.25	55.56	54.66	122.71	49.69	47.05	122.6	124.36	79.93	87.57	140	17.01	59.58	70.67	58.9	152	136.38	136.86	140.15	65.51	102.78	136.48	45.98	140.94	160.25	162.43	13.93	128.9	70.18	125.42	129.86	85.47	61.38	6.2	138.3	124.41	49.67	62.49	18.75	15.84	16.79	5.16	2.09	123.54	133.43	117.31	114.61	2.61	4.93	1.54	112.26	124.88	128.55	144.95	181.65	127.98	139.98	144.59	124.4	162.86	190.54	89.81	180.59	150.63	137.27	137.1	177.34	136.97	158.83	166.97	146.35	154.66	154.96	96.4	63.52	127.32	128.68	127.5	129.28	123.79	124.12	132.35	123.74
2025-02-18	135.67	90.09	69.18	79.61	120.51	116.05	89.98	29.14	112.36	86.95	86.14	55.41	113.3	95.45	75.26	30.88	32.63	95.76	112.98	105.79	86.48	109.58	113.96	118.04	116.87	119.2	111.12	117.47	13.9	95.41	95.77	53.64	101.95	68.46	101.57	108.14	145.67	105.49	89.15	3.35	132.7	114.24	117	4.52	116.37	89.29	107.84	99.68	111.56	112.69	125.59	120.65	125.63	124	122.94	121.76	127.28	122.69	103.87	111.36	116.01	118.06	125.43	116.49	2.73	121.9	132.41	141.32	112.1	121.38	103.77	109.9	27.96	93.27	117.34	122.49	62.57	107.59	93.61	91.05	78.67	114.75	148.72	138.19	124.97	90.34	85.12	42.99	86.12	113.72	118.75	104.02	121.31	113.36	116.23	34.92
2025-02-19	118.82	117.9	48.06	12.17	102.28	71.56	113.16	116.4	112.17	116.22	116.36	114.18	118	112.98	115.28	113.33	45.93	94.47	110.82	117.76	36.24	112.73	101.92	120.08	28.76	121.93	122.1	120.24	24.56	152.37	151.75	134.93	153.61	153.94	110.49	59.69	144.38	126.72	41.52	9.24	46.53	19.02	-55.54	-2.74	106.05	101.37	93.65	60.38	117.84	26.4	28.87	24.65	117.81	123.15	120.82	125.13	27.68	30.07	31.33	29.84	34.52	95.75	10.11	14.71	3.72	8.37	58.27	10.62	4.5	10.55	84.53	153.92	15.53	172.22	168.13	180.87	182.55	134.69	165.15	184.81	195.32	179.64	183.91	177.66	173.81	174.67	132.59	43.94	72.23	100.62	57.5	25.2	120.58	118.24	119.61	1.6
2025-02-20	113.79	65.1	49.17	26.36	126.83	72.79	47.5	31.84	105.74	96.11	70.26	43.6	112.52	105.61	31.99	32.58	116.08	110.51	112.16	112.16	104.78	103.38	113.22	124.5	3.06	41.75	111.25	131.39	121.01	119.25	118.72	120.54	133.37	130.84	55.33	7.22	290.09	116.64	-0.35	-7.75	118.73	91.22	22.96	12.92	154.27	83.49	0.16	38.62	20.76	0.02	0.01	29.41	84.5	4.37	4.38	1.39	0.57	5.02	5.15	13.64	5.53	-3.75	0.41	-1.3	-6.61	-7.71	2.26	5.71	-12.87	-4.95	137.53	241.9	129.34	0	35.1	127.33	141.61	119.38	99.3	57.88	148.51	150.26	139.31	67.44	129.63	124.18	134.24	32.4	121.39	59.64	117.76	16.01	122.61	102.93	36.27	-38.44
2025-02-21	131.5	104.67	70.23	69.74	113.69	94.39	95.78	13.59	102.48	65.49	70.65	73.23	141.75	102	90.56	90.66	84.75	81.59	89.61	74.93	61.33	87.17	88.2	61.83	61.01	48.33	58.01	115.52	2.02	21.14	60.58	25.55	69.4	55.01	21.9	7.81	303.59	98.04	0.16	-10.64	114.91	97.28	35.54	10.23	129.53	112.99	115	2.22	2.42	36.35	14.79	0.04	-2.18	2.39	3.29	3.21	33.87	3.16	28.4	63.31	59.96	104.1	107.12	123.71	123.15	147.49	138.35	144.44	110.68	119.32	118.79	140.03	-43.26	2.16	33.74	118.55	102.42	19.63	26.12	28.48	2.25	2.75	7.89	2.6	26.47	11.48	6.95	-1.31	78.94	11.37	9.11	0.69	79.81	25.75	15.17	4.06
2025-02-22	62.03	86.15	90.95	148.19	179.52	173.08	109.73	100.73	157.17	94.97	100.05	99.09	91.23	90.89	95.57	98.21	82.01	82.72	82.91	83.27	91.71	80.89	98.61	102.57	96.05	107.87	99.08	96.82	88.2	84.22	98.43	101.14	113.3	109.36	106.29	135.88	114.77	112.55	103.54	102.58	105.36	98.31	98.73	98.11	117.42	125.14	102.81	102.26	111.72	103.66	99.07	100.27	99.99	101.3	100.25	103.1	111.89	119.29	120.12	107.98	112.4	112.43	105.1	107.01	84.36	82.75	110.57	110.61	-0.84	122.73	67.8	128.24	137.29	127.36	127.03	132.2	83.1	124.03	127.6	126.74	123.39	122.43	121.12	121.11	120.25	120.3	116.68	114.73	119.95	112.79	93.4	62.97	146.51	64.42	13.51	32.06
2025-02-23	112.08	56.33	43.64	97.94	92.91	88.59	101.12	88.79	96.33	59.7	64.85	19.57	50.99	56.43	20.3	16.37	85.95	96.12	109.05	99.12	99.14	110.84	112.01	109.06	83.74	84.81	84.67	112.73	52.43	85.81	63.67	107.38	115.34	114.04	107.99	91.64	107.88	1.95	0.58	64.93	4.27	60.3	-7.44	-12.53	5.13	-8.92	-9.37	-11.75	63.79	20.86	1.57	58.15	14.22	8.29	6.05	5.11	2.77	1.06	-11.65	3.51	-11.36	-17.81	2.23	3.01	-24.83	39.65	77.65	35.69	141.49	264.7	348.58	243.57	105.04	107.95	111.58	142.3	3.72	2.45	33.67	60.21	97.91	108.91	74.37	70.99	84.04	107.26	109.62	73.88	111.03	110.26	99.95	12.76	116.7	115.1	80.05	6.62
2025-02-24	121.46	121.44	117.2	69.93	125.48	116.07	108.24	34.67	114.76	106.62	94	131.18	115.89	102.5	102.8	100.71	99.63	99.28	100.27	102.33	2.58	12.77	92.17	119.18	3.75	81.6	110.96	118.77	3.53	109.01	110.29	112.93	51.39	46.77	-4.29	-17.63	151.55	41.7	31.57	73.94	110.55	5	51.79	87.8	116.3	63.05	48.12	25.87	101.62	14.44	61.98	66.98	104.16	53.34	38.64	7.83	93.97	86.22	89.38	5.14	100.5	18.73	84.48	4.06	-94.84	-3.4	-3.98	26.06	96.56	88.52	91.97	176.18	111.31	112.03	256.74	178.5	111.95	77.51	93.7	98.65	87.44	87.17	82.82	75.37	113.49	52.82	74.62	8.59	117.2	46.44	29	11.25	88.87	85.19	19.88	9.2
2025-02-25	115.29	46.62	58.99	12.27	110.71	72.17	53.95	3.51	92.66	30.83	108.79	106.21	114.93	80.97	73.61	110.69	42.58	50.6	16.96	27.18	6.3	113.78	112.8	110.73	4.08	106.72	109.36	103.37	80.45	80.07	80.37	87.61	92.55	75.64	61.19	83.13	120.04	80.49	80.09	43.92	108.94	104.52	91.73	37.43	84.25	48.55	24.84	0.52	79.73	68.62	68.68	40.82	65.96	99.61	70.01	64.21	74.18	72.84	76.76	73.62	37.86	80.99	99.17	111.21	66.22	83.9	98.95	113.02	-20.62	8.47	116.82	148.7	1.78	124.75	122.45	129.86	99.48	84.86	133.36	123.36	119.43	116.64	116.81	105.63	143.99	130.83	101.19	49.11	114.77	118.34	135.95	116.55	119.07	108	103.04	78.52
2025-02-26	129.27	135.6	132.97	122.33	118.04	114.79	111.25	100.36	112.08	112.51	112.36	60.15	109.48	108.95	110.1	109.8	103.82	104.86	105.16	110.14	48.9	57.88	110.54	110.03	113.71	117.16	115.05	115.37	137.57	136.99	130.45	131.36	133.67	139.48	49.37	-11.32	120.37	43.19	3.83	-10.22	11.52	13.62	0.67	0.18	-32.49	1.89	0.25	-0.37	-2.63	-0.46	-0.4	-3.55	-4.11	-2.89	-2.36	-4.48	-3.19	-3.63	-3.06	-2.23	-2.54	0.37	-1.22	1.5	24.45	20.47	88.59	94.63	-22.01	220.81	287.54	112.56	201.81	27.07	119.58	136.78	165.51	167.15	163.56	161.56	232.77	229.2	217.78	216.61	181.81	182.83	188.06	184.69	126.99	124.8	130.3	25.58	131.24	119.23	129.31	57.93
2025-02-27	79.88	117.88	116.5	116.64	119.74	112.21	110.96	71.23	120.65	81.49	101.91	102.14	111.3	112.17	103.98	104.35	104.08	61.51	34.54	120	102.3	110.93	118.2	125.38	120.36	94.75	82.71	120.39	133.87	101.14	84.16	111.22	171.39	176.8	174.63	162.17	126.69	125.39	74.55	124.41	106.32	112.09	108.6	107.07	48.73	59.36	5.47	-0.27	38.41	48.11	27.86	-14.55	56.18	60.04	112.82	44.68	52.41	118.31	119.17	114.35	102.65	98.54	97.61	99.64	21.92	115.47	112.61	117.02	110.21	112.55	118.18	119.11	56.54	106.36	130.12	122.26	169.42	171.71	170.12	102.56	175.6	163.05	170.82	169.98	153.04	152.69	152.12	87.9	124.49	115.28	121.88	120.69	112.52	114.53	87.64	56.33
2025-02-28	197.71	114.33	111.49	111.71	121.81	113.18	80.37	79.88	124.04	108.93	106.43	106.85	117.77	118.67	116.96	104.57	125.15	119.01	112.77	100.61	116.88	110.48	128.07	128.12	121.4	115.81	111.97	112.53	55.73	123.76	65.77	82.25	111.72	111.8	91.67	63.79	119.68	119.81	118.97	116.14	113	86.15	74.43	25.03	55.14	48.53	13.73	8.96	74.31	69.56	65.95	92.17	122.17	94.82	9.68	78.55	74.21	69.44	88.87	76.31	68.94	78.27	73.08	112.17	73.35	98.43	91.96	92.76	109.71	110.81	114.85	110.12	44.37	121.49	117.93	91.05	126.09	137.4	99.6	129.89	123.6	116.37	91.43	91.27	112.36	95.98	77.4	49.95	116.45	88.69	118.82	56.64	112.21	112.1	111.64	111.29
2025-03-01	113.84	112.55	112.09	110.23	116.68	96.06	95.7	103.42	97.23	44.21	95.32	93.07	110.05	92.99	94.5	89.71	92.76	104.31	82.92	44.92	87.98	101.76	40.52	48.18	45.16	84.59	39.3	36.46	50.42	88.38	88.46	20.36	20.71	47.96	50.2	0.6	109.36	75.22	72.84	71.78	77.15	66.9	75.29	24.1	101.6	94.76	13.83	26.19	122.79	130.05	103.27	11.71	10.04	28.49	25	15.42	85.34	32.66	31.33	28.38	17.35	31.14	79.6	112.71	193.2	152.55	134.64	187.45	97.85	104.75	138.44	138.59	127.68	115.84	114.15	118.72	39.9	50.47	92.38	98.61	50.83	44.87	39.47	38.06	107.83	62.55	51.26	45	82.96	59.33	8.9	9.61	85.86	107.57	91.39	38.05
2025-03-02	86.56	47.65	1.39	-8.62	1.78	2.7	1.25	-5.69	101.57	72.51	0	0	88.67	31.15	6.67	-1.99	14.29	94.43	58.77	74.54	-5.33	77.03	33.23	43.77	113.46	91.77	52.27	61.74	10.87	42.5	34.92	59.6	96.7	62	3.69	3.65	53.66	75.27	93.38	83.86	98.88	97.77	98.47	100.59	123.88	106.54	101.96	101.86	73.23	68.59	72.98	73.22	91.07	102.04	116.11	131	119.23	123.45	156.45	135.15	110.88	124.1	127.58	124.56	133.1	106.69	121.27	132.85	114.52	126.43	139.52	146.57	102.68	95.46	95.78	115.76	48.04	44.42	40.85	49	47.62	51.78	48.63	120.64	128.51	53.48	51.4	41.81	107.99	112.21	105.99	101.82	129.51	106.11	101.61	13.03
2025-03-03	108.7	104.78	107.17	105.62	116.67	103.93	104.32	104.36	112.03	107.37	68.44	70.28	110.02	107.04	108.2	92.69	90.75	107.92	109.1	106.22	106.02	106.1	104.24	104.3	106.97	108.35	112	113.8	-14.12	24.86	22.86	2.04	63.22	50.13	65.56	43.54	116.05	109.63	58.6	54.79	110.61	113.07	110.54	49.53	108.93	104.02	64.1	57.66	91.3	90.47	99.99	106.76	97.21	101.5	106.83	111.84	110.45	107.43	108.25	109.73	111.14	110.19	108.54	127.63	137.13	137.43	134.69	130.05	139.29	111.45	118.34	139.82	109.5	114.36	121.92	133.78	117.22	134.33	135.67	135.54	147.79	88.32	149.11	147.26	126.54	86.85	69.64	51.15	120.71	56.02	119.22	119.64	153.46	104.54	61.76	55.31
2025-03-04	141.4	122.76	207.33	116.38	135.59	131.79	112.31	113.9	121.61	109.15	110.14	63.88	111.15	111.87	110.41	109.83	63.63	65.15	108.76	109.23	106.57	64.23	60.46	59.08	110.28	114.33	108.45	113.1	111.11	111.47	67.07	92.6	34.13	33.1	20.29	9.55	182.5	109.52	108.92	-2.72	156.35	113.92	111.5	112.16	119.57	109.8	108.93	79.73	80.23	104.99	105.29	104.38	57.93	99.34	98.4	107.54	108.93	117.15	133.05	122.64	138.02	132.1	131.06	130.1	185.05	229.78	220.77	220.73	108.88	115.7	121.72	124.9	66.69	73.96	108.51	115.55	76.84	75.23	94.67	94.89	123.5	122.79	122.25	122.82	121.99	66.04	122.68	124.19	122.24	115.55	109.57	65.09	107.74	107.63	40.66	17.09
2025-03-05	88.22	63.19	59.95	46.23	101.89	60.82	91.1	20.96	89.44	54.21	91.01	90.42	88.88	89.97	86.95	89.32	170.05	111.52	94.4	96.17	126.37	93.1	93.71	91.79	104.22	96.77	62.17	101.37	112.81	113.44	112	84.62	104.32	104.37	63.1	40.43	91.41	90.75	86.51	17.06	100.05	115.18	104.48	98.54	191.64	172.65	124.24	108.21	109.81	108.84	98.47	110.98	144.67	110.88	109.7	129.33	105.69	108.4	105.06	103.64	106.39	108.58	122.61	107.46	100.03	103.3	104.9	106.26	88.98	92.54	100.4	103.64	77.06	93.11	106.03	108.6	72.02	86.18	111.85	112.44	117.73	117.8	115.68	79.32	69.19	111.07	114.4	46.1	101.6	101.06	101.66	35.95	99.79	83.05	89.44	17.05
2025-03-06	69.55	84.59	40.42	36	85.11	41.4	35.68	35.45	79.05	74.52	74.31	76.33	83.22	79.07	81.51	52.71	34.09	34.52	34.51	39.46	14.56	35.75	83.64	81.48	12.25	84.91	54.55	47.4	-7.3	20.08	103.23	102.4	106.25	106.24	109.24	12.11	90.21	84.54	27.5	14.57	85.78	74.13	24.32	10.07	88.06	-9.27	-122.31	-105.74	8.49	96.62	83.06	95.64	168.59	146.09	87.81	88.11	85	31.98	55.55	46.48	35.18	89.97	95.45	95.24	69.73	107.14	98	106.46	76.98	76.99	84.51	97.36	-71.4	105.91	104.4	103.89	40.97	107.7	123.97	109.81	107.4	85.55	107.59	111.13	101.75	104.18	109.85	105.97	108.33	96.54	80.96	31.1	96.06	83.8	37.59	-38.82
2025-03-07	-3.66	148.45	132.51	9.07	136.64	95.86	84.34	75.85	39.4	65.93	63.92	3.81	12.42	8.93	0.77	0.29	11.15	10.34	91.55	76.9	76.45	125.92	108.97	74.15	116.66	100.07	68	68.11	81.56	15.09	81.71	77.27	81.81	81.27	81.81	13.75	120.71	74.92	19.54	11.14	74.02	80.2	70.9	60.88	80.37	82.35	70.87	70.6	79	94.42	80.19	76.39	53.98	60.56	61.54	39.03	55.3	46.77	46.6	46.24	48.25	48.69	52.52	50.67	38.18	54.33	69.91	72.59	29.64	49.16	50.56	81.15	2.75	55.06	52.3	90.25	15.39	12.3	35.22	40.97	50.85	58.32	58.94	57.86	88.15	12.14	12.41	7.53	78.48	61.54	55.51	12	73.27	51.9	50.1	3.1
2025-03-08	97.73	40.03	36.37	4.38	7.41	13.69	1.6	-0.62	37.03	15.49	0.9	-0.73	37.67	22.56	12.72	11.63	-2.26	-2.68	-2.85	-1.32	8.79	-1.28	6.28	5.03	9.99	-1.92	-0.28	-4.46	-11.82	13.4	-8.51	-115.53	40.34	42.24	19.7	11.1	32.31	33.65	-3	52.5	236.69	63.88	4.19	3.04	3.42	3.51	3.52	-8.27	2.95	11.19	116.45	2.51	0.18	1.01	1	-2.22	6.77	2.52	0.53	0	0	1.35	0.03	3.01	-24.31	0.17	0.02	0.72	-2.21	0.55	-0.78	3.43	-56.53	1.75	37.88	38.7	-59.71	69.48	69.47	118.58	36.99	35.01	35.06	35.09	35.23	35.07	41.67	41.18	39.82	35.06	38.11	39.45	109.73	78.71	32.55	49.12
2025-03-09	97.92	88.23	90.56	48.27	84.68	80.4	90.67	90.5	103.02	103.96	37.72	33.98	69.45	73.56	85.72	81.84	81.89	84.53	88.86	86.31	45.67	76.98	90.74	97.13	86.35	86.97	94.41	97.15	78.69	87.25	86.84	93.96	98.09	94.55	80.32	26.08	74.67	64.7	9.88	17.36	8.94	1.61	2.17	0.01	71.36	201.42	68.03	78.61	45.93	6.11	-13.77	4.01	29.84	176.77	181.78	74.51	0	-0.11	0.1	-2.23	5.03	45.04	260.66	51.09	133.06	221.25	163.21	130.54	58.64	98.56	89.57	96.43	79.88	95.45	80.09	97.38	72.27	128.17	118.9	72.27	75.17	93.62	94.06	94.09	105.93	106.51	95.76	103.19	124.74	62.06	77.49	53.79	89.47	80.51	32.72	11.97
2025-03-10	89.97	92.56	97.48	87.29	90.7	89.19	85.66	86.75	103.25	86.25	99.92	96.9	97.65	101.65	98.43	101.16	99.62	102.15	103.07	104.07	102.05	104.88	105.99	106.06	109.05	108.93	101.77	109.98	112.6	60.65	97.44	103.01	107.05	98.87	87.13	69.49	41.39	51.96	2.69	-4.16	-125.35	-82.45	-7.47	-1.23	41.54	22.88	9.65	0.27	80.54	83.39	1.24	1.11	159.31	204.46	97.29	59.53	96.72	74.72	90.35	88.12	87.73	55.28	59.97	85.04	26.9	84.83	81.48	87.81	97.87	57.91	100.77	100.29	19.28	111.99	120.4	100.33	96.15	92.27	93.28	69.73	100.87	93.02	67.44	67.64	79.21	72.4	34.78	6.34	3.03	55.03	18.22	10.72	95.03	54.59	28.1	21.61
2025-03-11	96.03	96.09	96.03	28.46	94.16	94.29	94.16	92.85	94.97	89.34	90.9	92.82	91.23	94.9	94.37	68.29	91.84	100.6	91.3	89.95	96.82	96.82	72.96	50.47	16.98	39.81	64.38	97.84	17	54.03	55.09	55.67	133.28	142.53	130.87	37.42	102.63	102.07	44.96	103.06	22.27	61.45	37.7	12.32	88.18	86.03	35.15	10.58	-40.05	4.7	90.2	66.33	87.68	88.85	89.89	88.93	91.01	89.35	97.23	-51.64	2.38	605	900.72	175.86	103.07	101.18	91.03	90.41	-30.63	102.66	96.02	91.71	124.23	137.8	119.26	119.27	147.67	127.75	118.06	80.69	123.91	99.45	116.26	132.64	138.01	123.14	110.5	126.48	110.18	106.91	104.56	48.98	109.04	105.13	102.26	64.75
2025-03-12	159.01	107.57	116.22	150.62	155.91	105.88	105.54	102.16	156.68	159.43	158.91	87.65	171.16	108.17	132.62	145.61	91.26	98.01	107.81	110.52	175.81	171.17	172.73	153.28	100.98	107.46	108.52	103.87	107.32	104.27	104.77	105.63	109.11	107.98	104.89	66.63	103.02	100.5	37	18.85	107.92	109.92	91.81	89.79	93.83	98.35	100.38	42.95	35.86	51.84	33.59	28.36	86.79	91.33	92.2	49.42	99.18	100.96	191.71	109.85	103.48	130.02	103.83	124.8	144.49	94.47	128.41	111.36	104.45	136.63	115.47	107.07	30.48	127.92	132.14	164.76	162.94	133.6	131.51	112.28	115.33	111.8	143.67	128.93	117.13	116.05	82.62	56.84	118.3	118.68	67.32	45.67	110.49	108.38	112.6	109.9
2025-03-13	114.66	115.81	112.12	101.18	157.49	107.81	103.4	100.42	107.76	107.68	106.08	101.21	107.95	109	110.54	110.38	111.86	111.46	111.48	112.12	104.31	107.24	106.84	112.68	109.99	112.23	104.75	109.13	118.5	127.12	129.7	79.6	159.57	150.6	153.32	121.94	138.02	118.76	129.74	136.34	112.36	116.67	122.59	123.64	101.91	115.45	53.21	13.34	107.97	108.2	107.19	106.91	102.83	100.25	96.04	95.25	77.7	74.53	75.28	61.48	105.08	97.66	93.27	87.76	97.24	48.06	82.43	92.38	13.06	84.46	93.02	102.55	108.39	139.52	137.23	107.12	64.12	163.31	149.32	135.85	146.77	114.82	145.66	147.24	111.35	74.68	55.48	0.77	103.92	5.29	12.38	-1.12	98.6	88.71	99.61	1.71
2025-03-14	107.84	109.72	104.61	108.36	126.27	109.7	92.93	54.29	104.8	91.16	59.44	67.05	98.31	65.42	63.59	48.91	100.31	99.99	95.49	96.05	6.41	98.72	109.98	125.2	204.47	-3	123.39	101.87	143.08	157.22	113.23	104.52	126.88	121.62	138.7	0.11	98.6	85.69	70.27	3.63	99.77	38.19	15.55	14.57	94.85	-47.94	-48.99	-2.67	1.65	-5.87	109.12	101.45	0.31	-2.73	-2.47	-2.62	84.45	149.82	83.79	90.91	-3	39.07	10.68	-13.23	60.62	18.18	13.37	13.13	-7.27	-11.6	102.04	98.79	-6.07	100.8	99.61	101.73	205.14	139.35	107.47	106.99	111.51	125.03	120.75	80.67	102.03	110.69	111.52	41.59	120.98	114.76	117.35	130.19	107.32	101.29	42.57	100.34
2025-03-15	97.15	101.2	96.88	80.27	113.3	102.48	94.04	94.9	101.54	101.5	67.66	63.79	95.77	94.74	83.5	77.18	91.58	89.63	97.88	78.38	82.46	84.79	97.66	98.85	85.05	86.16	94.28	101	98.37	103.6	69.86	74.44	88.66	43.37	-44.49	-13.98	-11.62	-16.05	-19.63	-28.85	2.31	0.05	0.1	-21.96	-15.8	-17.73	-18.14	-20.19	-18.93	-18.98	0	2.84	3.31	0	-19.66	5.63	0.8	-19.5	-20	-22.5	-8.64	-11.7	-16.48	82.49	8.71	61.3	97.87	114.92	-7.99	10.47	78.22	100.55	-20.86	101.61	126.39	108.43	120.65	188.7	125.64	91.73	22.51	58.28	95.03	81.45	106.62	99.17	76.64	98.52	113.53	58.58	93.85	98.05	106.31	95.76	96.8	58.77
2025-03-16	121.04	116.98	97.69	98.17	106.29	94.21	34.49	9.25	68.76	80.04	80.3	76.72	70.59	68.35	30.98	10.07	82.03	81.05	81.37	81.6	88.25	91.1	88.43	93.08	84.12	87.11	95.37	96.21	90.95	91.25	94.01	93.75	168.71	99.58	79.07	69.89	72.41	90.97	61.16	23	104.74	73.88	39.12	89.15	91.51	54.13	1.78	37.79	3.82	4.34	102.63	54.95	2.17	-0.74	-0.98	-0.24	12.9	3.54	4.45	-28.02	-3.95	4.2	6	6.52	71.02	35.81	85.95	5.43	-101.53	-4.48	80.41	99.78	-4.4	93.92	98.92	109.06	101.8	129.85	117.24	98.99	136.12	101.89	99.22	98.79	139.37	112.03	113.31	109.56	119.24	119.85	113.77	98.92	121.27	109.3	108.69	104.69
2025-03-17	112.68	93.26	83.61	23.81	103.48	80.97	39.96	78.15	82.5	82.19	78.37	77.1	93.96	91.73	92.07	91.53	81.61	78.38	78.85	78.96	34.31	80.94	92.9	104.9	5.65	88.29	99.56	102.66	123.12	31	120.28	112.94	91.18	93.02	50.3	37.88	30.96	46.17	38.07	9.62	40.59	38.19	32.01	1.14	93.1	30.29	-162.74	-44.46	72.55	1.36	76.04	1.92	95.15	-2.96	72.54	88.62	96.58	97.68	83.41	88.53	89.96	87.78	95.91	98.61	5.82	4.76	23.62	89.62	14.89	20.68	91.66	90.2	62.09	119.21	118.2	125.11	177.62	158.13	150.32	86.63	94.91	143.89	134.49	63.98	119.77	67.19	81.81	47	110.84	53.6	49.75	26.03	92.57	40.41	1.33	-20.97
2025-03-18	104.47	102.45	26.98	11.27	101.45	90.94	8.86	19.2	94.29	68.21	80.68	51.41	93.28	61.66	71.5	47.87	48.32	88.22	88.44	92.53	56.13	9.04	58.1	89.96	-52	7.85	12.18	101.12	97.34	97.04	94.82	101.48	136.18	125.88	60.44	53.47	91.2	90.21	89.84	61.74	55.44	39.43	36.1	0.96	122.58	58.06	46.6	42.91	77.68	85.69	68.21	47.4	100.53	183.37	100.34	96.52	93.6	70.53	93.51	-28.81	-25.89	-13.94	26.04	41.45	20.59	26.49	61.36	30.59	-34.38	54.72	87.25	58.48	-35.73	-3.01	7.59	147.85	13.07	94.13	32.01	51.98	11.78	23.32	109.03	92.59	99.91	99.42	97.66	3.42	93.95	69.28	94.82	-3.61	83.8	55.58	55.3	60.96
2025-03-19	103.58	79.12	49.72	57.11	125.87	94.22	57.06	17.23	78.32	83.1	77	79.63	59.73	50.22	20.96	11.25	42.02	80.05	80.22	80.22	10.62	35.04	35.06	47.46	88.19	85.05	87.53	-48.27	123.88	3.47	12.15	-12.13	-40.56	-1.12	-12.73	-14.96	23.6	33.69	50.46	-4.41	6.75	6.93	-4.85	-6.21	7.22	3.26	-13.58	-64.44	5.79	-9.12	-8.83	-48.59	-12.92	-12.45	-22.31	-30.73	14.84	-29.76	-26.9	-21.85	105.03	247.87	20.38	33.82	16.16	18.7	5.96	5.72	-21.3	-8.93	116	48.67	51.06	79.91	133.35	64.64	88.91	1.75	11.34	51.96	0.64	-2.27	-2.63	-4.96	73.77	53.36	-0.73	-5.3	1.21	-2.63	-2.99	-6.73	87.82	40.67	-3.95	-25.48
2025-03-20	298.93	40.84	-4.82	-29.2	18.62	-28.56	-21.3	-24.84	5.53	0.1	0.04	0.02	16.63	4.51	3.99	-4.24	-1.02	-2.42	-0.73	4.05	-0.7	-0.08	24.42	11.55	73.42	45.74	8.89	6.2	23.96	63.7	19.57	13.2	104.62	169.24	16.78	13.99	5.04	4.31	1.3	-6.59	3.87	0.54	-10.68	-3.59	24.82	-6.54	-24.94	-34.11	8.15	3.13	4.55	3	2.62	1.55	3.77	276.96	10.39	-4.94	31.91	193.29	48.3	5.9	8.33	16.1	17.08	65.16	55.21	26.24	61.28	34.66	50.25	30.32	53.1	100.21	239.08	17	101.13	87.14	81.83	39.53	92.36	15.12	8.03	3.67	63.44	-1.65	-0.27	-9.67	85.87	-3.28	2.55	108.55	267.34	182.31	118.71	84.66
2025-03-21	75.68	44.13	37.91	38.2	167.78	63.88	65.64	173.92	43.43	13.01	24.01	0.02	24.42	4.19	-19.45	-8.01	-18.76	-5.96	-3.29	-4.97	5.83	0.43	-21.08	-33.63	-11.54	-21.39	-3.52	31.43	50.86	59.06	57.41	27.83	23.49	22.05	27.01	-92.93	3.52	-5.57	-15.1	-7.22	35.41	85.84	175.89	27.23	4.7	27.12	1.39	2.87	0.33	0.34	-21.88	-8.27	-13.98	-5.03	-5.19	-6.24	-12.18	3.54	4.02	0.33	-5.1	0.6	1.26	54.1	140.01	146.44	108.41	182.33	112.93	36.24	28.53	34.26	-20.22	165.23	280.28	390.65	110.38	48.59	47.52	56.1	96.27	65.87	87.78	99.15	92.42	92.16	86.62	54.42	88.31	48.5	8.51	-0.12	49.7	1.12	-15.69	-55.48
2025-03-22	161.74	101.47	30.03	28	36.51	161.92	176.7	9.21	38.1	9.57	8.19	15.9	140.89	41.1	40.62	31.15	17.48	45.2	31.34	27.24	29.76	24.56	14.72	39.96	-11.93	-3.3	5.95	38.98	10.29	40.01	9.29	20.9	57.21	13.62	3.52	-21.92	121.06	25.68	3.34	5	0.54	0.63	0.51	-64.97	0.27	0.74	-3.37	-7.61	0	0.36	-4.76	-5.18	0.1	-6.95	0.52	-6.62	9.42	17.46	1.43	15.19	0.96	-8.63	3.62	21.83	6.65	0.01	31.5	9.03	42.26	69.13	120.98	25.1	-9.68	32.48	213.44	381.23	377.83	165.4	87.17	103.2	63.35	58.85	75.9	98.49	67.84	42.16	29.99	10.05	181.72	87.26	97.49	100.94	103.34	83.86	72.82	53.49
2025-03-23	53.5	49.5	-28.01	-41.32	50.01	48.85	-2.61	-1.66	43.02	0.08	42.91	41.75	20.85	11.66	12.08	42.63	46.8	76.99	15.29	-8.65	1.52	-2.3	-7.23	82.89	29.31	-1.45	2.34	35.44	12.07	15.37	12.58	-0.33	1.68	-4.19	-7.63	-12.1	35.59	12.1	-7.26	-9.82	0.39	0.41	0.4	-5.47	-7.7	-8.07	-13.44	0.57	-9.07	-12.59	-13.87	0.71	55.71	38.28	15.3	74.53	16.85	-16.44	28.04	0.07	2.65	1.94	8.7	6.03	-14.02	-6.07	-9.74	1.85	-56.05	-13.48	131.62	198.09	68.94	96.79	254.36	140.34	232.46	132.44	21.82	106.71	106.59	104.58	14.43	14.2	108.3	105.8	102.25	18.8	103.64	102.39	101.37	4.55	83.55	78.49	-26.28	79.65
2025-03-24	123.62	66.5	72.58	65.7	34.27	45.85	42.01	43.14	93.08	75.94	38.48	36.86	24.66	57.13	49.76	43.62	24.22	23.09	22.45	24.03	22.53	34.39	38.79	68.74	109.91	133.34	61.59	81.48	62.73	85.5	68.92	19.92	4.89	-25.8	-65.5	-27.88	-4.85	-14.13	-9.15	-9.17	10.78	-4.25	63.11	-17.7	2.81	0.86	-12.25	-11.15	-16.85	-6.08	-7.25	-9.55	-16.68	-17.86	3.23	4.07	4.29	-10	27.02	14.52	2.62	1.93	-10.74	-11.28	-12.25	-6.1	-6.76	88.56	57.9	-3.71	-6.31	186.38	88.98	-8.49	204.76	327.31	-2.3	0	131.73	144.83	39.71	29.46	11.78	4.11	100.89	25.68	13.36	112.22	140.74	96.58	117.4	9.5	106.41	79.89	9.03	6.32
2025-03-25	107.35	52.14	18.5	13.78	50.97	47.31	42.58	-5.65	17.6	0.62	4.94	0.7	34.43	40.48	4.57	7.69	3.12	1.76	89.74	77.9	1.53	4.76	-49.18	-136.4	-8.11	0.81	82.36	72.79	101.75	101.35	100.85	99.9	157.62	96.66	-31.54	-8.95	-7.37	-8.19	-18.7	-15.46	-14.87	-11.02	-17.1	-22.49	-19.62	-21.85	-17.29	-19.83	13.85	0.26	1.53	6.11	108.67	-22.4	-22.36	-22.39	0.3	0.2	86.65	169.15	24.29	-4.78	174.03	43.02	-17.06	-8.7	0.53	-11.66	-10.45	68.28	71.93	88.45	97.94	-8.25	121.58	265.99	165.51	160.82	119.9	117.55	117.66	102.09	108.98	119.46	119.73	116.97	109.89	110.58	108.74	103.87	99.72	98.69	101.92	51.7	13.06	0.95
2025-03-26	81.62	63.37	72.93	63.62	71.2	68.67	92.95	69.33	78.88	79.25	60.68	50.13	91	79.21	41.59	52.67	49.68	59.4	54.22	41.08	11.08	39.24	38.13	36.72	-6.9	-6.34	-10.61	-9.55	29.55	65.72	2.14	3.19	66.39	-12.7	-92.36	-8.97	-4.02	-5.33	-10.57	-14.58	42.33	0.68	-9.98	16.29	1.16	0.65	0.4	-17.21	-17	-16.99	-17	-16.99	12.54	59.1	0.94	0.06	318.92	-4.67	-4.67	3.27	-8.77	-4.12	0.15	0.01	-6.54	-3.3	16.65	6.61	-10.18	-2.12	49.47	74.17	-12.15	-4.69	127.66	115.97	100.25	14.86	64.75	68.25	64.74	77.5	84.1	74.69	83.76	18.1	17.69	-31.92	73.05	3.64	26.41	14.11	65.74	10.59	69.15	1.79
2025-03-27	106.83	100.34	108.55	106.27	90.03	10.91	96.78	78.47	78.76	84.37	74.38	3.21	7.97	4.5	3.68	-0.9	8.53	67.52	66.87	67.01	-1.68	5.13	-1.04	80.53	99.45	-7.29	93.94	109.31	115.19	122.11	9.65	2.84	97.51	81.32	-5.28	-10.82	0.01	-2.03	-3.87	-12.38	-8.93	0.52	-7.41	-6.19	-6.25	7.46	4.03	1.87	-17.25	50.65	70.89	-15	4.2	0.03	0	0.11	3.01	3.89	0.35	-4.13	-3.7	-11.94	-10.08	-6	-14.21	-14.7	-10.06	-10.24	-21.73	-14.74	31	73.65	-59.14	-39.75	-1.11	10.8	3.25	135.77	98.82	99.13	99.94	34.16	31.96	19.35	91.72	81.03	8.26	-5.36	13.41	1.99	13	9.26	3.46	4.81	101.51	102.99
2025-03-28	66.87	65.35	63.12	-3.19	52.22	45.46	51.04	46.71	44.25	34.74	33.46	29.93	46.28	33.23	46.62	37.26	40.46	42.33	47.89	31.25	44.27	36.86	36.07	41.35	-8.33	0.41	2.33	65.99	102.97	101.99	17.85	6.87	52.66	-6.88	-50.39	-19.99	8.58	-4.47	-13	-21.42	27.82	-6.82	-4.28	-7.02	-9.74	-10.05	-13.1	-17.21	-15.94	-18.11	-0.02	-18.75	-19.91	-20.02	-19.93	-19.83	-21.82	0.58	0.39	0.04	-22.09	-21.03	-20.34	-24.71	-15.16	-17.71	4.57	3.88	-18.32	6.02	81.07	215.71	58.35	146.71	102.17	-7.67	39.62	96.19	82.79	62.01	106.64	29.62	25.44	18.44	53.73	1.12	-1.91	42.04	91.81	17.67	122.22	36.48	101.13	10	20.59	-4.09
2025-03-29	43.37	18.11	13.14	15	125.31	54.8	0	-0.01	93.16	67.57	6.38	-1.11	5.17	-2	7.49	7.77	-2.77	-2.76	32.56	12.81	12.4	6.21	5.69	66.22	0	15.28	27.47	-18.32	24.87	32.19	30	-91.44	35.95	-3.43	-74.31	-39.48	4.73	-8.91	-14.95	-19.3	-0.08	-18.31	-20.81	-20.3	-0.26	-18.17	-7.69	-10.6	-8.87	-12.71	-15.52	-18.14	-22.1	-0.15	-0.16	-21.51	-0.35	-21.3	-23.53	-24.78	-25.97	-25.89	-26.76	-0.24	-0.16	-23.24	-24.81	-23.3	-19.83	25.59	26.23	110.17	117.54	238.19	242.74	96.77	108.61	10.51	-0.01	48.21	30.87	88.63	93.14	88.44	40.69	42.19	84.96	2	46.52	85	3.33	-8.01	9.62	5.3	6.3	-7.09
2025-03-30	2.82	3.1	3.41	23.7	10.27	55.53	2.4	3.06	10.27	55.53	2.4	3.06	3.11	2.14	2.36	2.12	2.27	-55.89	27.18	26.1	118.86	-11.55	-11.6	-15.9	-7.64	3.96	3.53	6.79	-4.64	37.81	38.74	39.14	6.02	5.05	3.52	-7.53	44.91	0.01	-42.43	-25.66	-30.65	-21.98	-27.72	-35	-28.67	-32.01	-40.59	-54.91	-291.25	-176.99	-187.87	-196.95	-125.45	-114.81	-116.17	-110.92	-125.45	-119.76	-138.52	-113.39	-114.14	-241.01	-260.52	-231.58	-109.88	-61.65	-34.71	33.68	-120.12	-125.61	3.88	-113.97	39.61	-27.72	39.52	74.81	115.04	-21.39	-1.98	98.57	28.54	270.65	0	72.53	1.44	1.79	89.58	71.51	66.2	-1.1	-11.34	-46.64	-63.89	-12.83	-2.42	-5.57
2025-03-31	20.46	42.15	13.88	10.05	28.13	12.41	28.8	46.9	93.91	10.17	-0.54	55.36	56.52	16.53	8.64	9.42	9.43	10.98	12.39	16.99	-10	3.71	11.92	11.96	14.59	61.95	91.76	108.45	86.15	108.74	6.09	140.79	105.18	110.42	68.68	-10.32	29.63	20	10.01	-114.98	3.51	-37.56	-21.54	-9.89	-10.94	-3.14	-4.26	-22.6	-11.22	-8.81	-14.44	-14.64	0	-20.64	-19.07	-15.97	0.23	0.93	-13.49	-13.05	-11.9	-15.28	-15.95	-18.63	-50.41	-43.04	-29.17	-33.42	-56.34	-40.06	-42.11	0.81	-29.71	-26.02	-20	52.39	116.49	-24.01	-42.95	70.01	-425.1	181.1	204.46	298.17	-7.28	102.88	103.51	96.6	21.76	133.55	135	136.12	109.65	106.95	-15.73	-64.25
2025-04-01	80.21	19.45	9.3	5.81	12.1	5.64	10.35	4.47	48.76	42.3	49.3	52.08	49.06	40.8	13.86	12.96	47.7	56.85	42.83	14.29	14.31	14.35	50.66	29.06	-24.89	54.8	4.41	92.42	151.88	3.33	17.5	18.03	122.26	76.38	12.43	1.64	98.76	76.72	71.13	-11.38	65.37	-1.79	-2.71	-8.69	50.19	20.49	2	9.26	-24.84	-24.93	-24	-23.9	86.57	5.66	4.99	3.52	-0.02	-16.46	-18.56	-9.86	-14.63	-14.2	-5.27	-4.05	-6.47	-4.82	-3.54	-4.29	-3.1	-3.29	-5.18	0.55	-24.9	-13.91	-85.56	-5.56	-46.66	-29.95	-88.06	66.44	118.61	106.34	128.37	127.15	208.13	121.28	120.93	106.48	92.66	28.03	2.01	96.05	71.97	-129.44	42.82	-8.58
2025-04-02	49.76	12.28	4.11	1.57	74.87	45.1	45.09	41.83	0.04	43.68	43.55	44.02	41.29	37.57	37.98	34.4	36.76	33.34	35.23	11.05	28.76	-1.98	35.31	85	72.19	53.47	51.71	54.42	0.72	101.68	102.76	100.59	109.58	122.2	134.32	114.62	117.61	90.9	84.68	7.39	96.99	57.1	33.5	3.86	139.3	42.63	57.23	89.35	92.14	105	85.31	31.77	10.45	6.01	12.91	20.97	24.93	19.6	19.92	20.54	33.57	34.06	26.02	30.15	38.11	65.87	77.21	103.83	56.24	70.61	80.39	83.73	61.68	33.39	33.61	35.36	-1.29	64.16	52.66	66.92	52.16	80.22	194.38	83.42	93.01	93.33	84.75	21.17	84.48	79.19	108.26	58.91	38.23	2.99	-34.86	-6.29
2025-04-03	65.6	60.22	45.85	39.27	138.55	42.3	90.07	0	52.67	5.14	96.27	37.08	79.18	81.3	27.48	-23.07	-38.61	-6.12	25.52	-0.96	144.65	-0.05	15.73	7.41	-28.82	-44.49	60	-54.5	105.07	80.24	53.38	-0.56	69.17	92.91	84.77	-0.78	115.26	71.99	76.69	0.06	94.31	78.68	97.45	77.6	100.57	69.74	74.79	65.49	82.77	71.29	104.99	74.98	123.51	119.88	118.92	113.75	71.49	71.13	67.38	60.7	67.27	75	79.43	81.44	30.67	42.7	59.34	92	31.06	79.86	79.74	108.27	66.08	100.85	93.96	91.83	60	71.7	-11.12	1.73	2.36	2.95	19.91	102.91	148.4	101.52	93.91	2.12	7.86	-41.56	-3.88	-6.96	93.96	-2.11	14.97	15.47
2025-04-04	134.61	71.75	-6.37	3.63	93.05	28.12	10.69	-3.5	88.79	-2.28	124.87	8.47	96.63	101.06	95.13	-0.01	0	0	94.32	114.41	54.82	89.94	132.37	98.16	86.09	138.51	131.89	50.25	71.24	91.09	95.69	87.87	35.01	103.94	87.71	80.43	75	-36.22	-19.27	-13.98	108.69	97.46	28.95	30.61	59.48	2.15	1.5	0.33	-16.33	-9.4	-3.1	2.43	3.99	22.62	6.65	22.27	22.33	8.51	22.41	22.7	-3.86	0.01	-14.04	1.51	0.1	0.04	76.78	26.5	1.73	-4.8	1.82	0.78	10.84	-7.35	-9.1	3.47	-10.33	98.14	97.46	99.93	334.59	110.03	78.53	59.09	112.03	85.79	29.42	-0.2	93.94	50.48	0	0	118.44	87.51	80.6	48.78
2025-04-05	73.16	81.74	72.49	8.51	61.33	44.65	44.89	-2.19	90.17	66.13	61.37	39.94	39	65.75	37.25	4.39	11.28	17.92	0.04	0.02	69.82	92.26	107.86	74.21	53.44	46	78	45.68	47.14	31.13	52.65	67.96	77.75	79.57	81.25	86.85	68.86	61.88	43.48	40.04	51.34	13.82	9.21	10.96	102.12	104.61	264.21	21.93	3.41	0.48	0.45	3.14	12.21	3.28	0.06	0.11	34.21	2.34	27.25	218.79	113.22	37.26	1.01	-0.01	38.42	0.98	0.49	13.43	14.27	10.26	36.67	48.8	58.78	2.81	11.32	83.84	110.93	92.42	112.91	417.03	104.87	104.18	127.49	122.49	95.68	50.76	42.27	38.82	11.03	14.12	39.73	30.3	79.22	11.74	9.79	11.78
2025-04-06	88.56	59.98	9.41	3.28	58.62	3.74	5.05	4.35	55.19	47.35	53.51	10.66	15.94	14	53.76	53.4	77.03	0	25.45	81.79	50.72	47.65	34.61	33.62	-9.13	0.76	1.16	3.41	41.84	60.64	36.21	40.09	59.95	35.46	-2.5	-90.98	35.58	3.61	-38.67	-19.94	11.81	-2.98	-5.52	-11.05	-9.08	-7.67	-9.61	-13.36	-16.66	-19.87	-22.44	-22.45	-24.02	-23.92	0.27	1.12	0.2	0.96	-25.41	-31.04	-18.63	-21.47	3	7.34	3.75	1.11	-19.63	0.57	8.55	-15.98	9.09	6.79	-19.58	-55.14	-69.72	9.5	114.62	82.61	62.85	68.82	91.67	89.68	73.16	90.08	78.98	11.76	11.63	-79.96	-19.27	6.65	6.68	-10.16	-1.05	6.16	2.07	-3.94
2025-04-07	66.17	7.67	0.89	-2.1	16.01	8.52	5.42	4.5	71.64	4.31	3.24	-0.44	89.01	56.4	56.8	2.39	5.58	55.36	63.14	59.93	56.19	58.55	60.69	69.87	-15.48	2.01	8.7	9.8	15.71	168.33	168.69	18.26	0.06	84.03	33.71	5.04	-17.86	-31.17	-19.69	-30.38	-6.25	-14.88	-20.81	-29.59	2.41	-13	-13.8	-18.53	30.06	8.77	0	-14.65	-8.07	0.06	0.49	-18.38	-16.63	-17.01	0.01	-18.29	0.02	-20.09	0	0.13	1.26	0.21	0.04	0.12	0.21	0.48	2.9	9.43	-11.99	-5.43	-5.06	17.77	-11.67	75.58	103.66	121.48	171.25	180.37	159.63	168.32	207.13	171.23	16.41	11.71	33.86	35.17	5.25	1.72	99.65	2.69	-6.36	-442.01
2025-04-08	27.46	83.71	71.78	79.46	169.3	79.94	73.77	71.76	91.55	94.51	33.96	81.13	73.97	66.82	66.73	68.2	62.5	73.19	72.77	51.96	68.82	67.83	15.72	7.35	13.54	14.31	18.6	16.7	137.03	136.03	86.94	18.64	45.7	34.34	82.56	-0.62	-4.44	3.52	-2.36	-7.29	-5.1	-7.18	-10.85	-16.48	-7	-14.69	-13.61	-99.94	-25.66	-11.56	-10.99	-11.5	-13.62	-18.93	-17.81	-16.38	0.46	4.65	1.68	3.43	3.52	-19.26	-15.91	-14.91	0.21	3	9.42	10.07	1.06	20.09	14.49	-8.63	3.49	3.51	179.03	168.49	79.62	75.21	58.84	81.79	15.25	70.36	33.97	100.29	17.81	94.64	96.71	88.25	73.87	15.75	15.36	72.39	16.34	11.42	1.33	0.5
2025-04-09	70.42	59.68	2.53	-12.65	53.43	1.36	0.49	45.89	7.47	6.96	4.89	52.35	45.55	50.23	57.94	8.17	4.72	41.39	41.55	38.47	5.8	6.01	6.27	6.21	76.7	51.87	11.83	56.68	102.85	76.24	25.31	45.31	67.04	94.79	86.72	-13.65	12.62	-2.56	53.83	-7.76	-8.49	1.23	2.85	2.33	0.51	3.96	3.52	0.15	0.84	2.92	1.18	3.22	40.35	67.71	69.98	64.47	66.26	57.59	65.86	61.53	60.2	50.28	65.19	65.73	84.58	86.65	78.23	79.52	50.78	40.58	52.64	84.22	77.52	90.25	58.76	89.62	65.98	76.22	53.64	80.19	65.8	64.39	78.31	61.17	93.15	100.1	95.17	97.15	85.33	12.27	1.52	1.55	57.92	-31.1	-16.52	-21.06
2025-04-10	63.22	-0.18	-1.05	-3.8	63.31	-0.09	0.03	0.01	32.66	0.02	44.59	50.36	29.15	-0.35	-1.52	0.33	41.97	85.82	0	0	29.26	25.54	28.27	28.39	76.93	91.75	81.53	71.74	57.71	66.94	42.82	41.53	52.48	100.93	75.26	68.55	64.36	-0.09	-1.37	-3.4	46.63	5.69	-2.92	-4.34	2.2	-8.27	-3.94	-4.88	2.53	-14.72	-16.25	-17.76	-17.8	-16.04	-19.63	-18.59	2.07	0.29	0.69	-3.07	0.64	2.93	0.4	0.99	-8.41	4.31	1.73	33.86	0.63	5.57	86.92	63.92	16.94	171.94	134.36	73.83	56.58	75.26	74.59	70.11	0.66	1.86	41.07	74.31	40.24	13.38	7.78	0.93	43.06	-0.93	86.34	53.6	67.93	-53.9	-11.65	-4.92
2025-04-11	83.3	46.38	59.88	56.7	64.5	78.59	95.24	77.92	213.38	43.32	36.06	37.71	49.73	45.95	45.49	38.04	87.39	90.6	52.75	39.08	35.95	37.82	43.27	60.13	41.62	36.26	61.09	71.86	33.38	44.33	5.96	-4.46	7.14	39.26	7.31	40.13	83.87	84.73	86.99	95.9	204.97	117.36	77.49	9.5	120.12	71.87	29.62	35.5	41.77	39.61	295.4	98.54	48.07	46.75	6.41	33.62	35.34	33.28	32.89	28.88	35.36	37.3	50.31	54.45	66.1	165.52	114.25	92.03	50.78	51.01	75.61	75.06	50	47.25	-9.67	4.15	-11.6	-5.67	-3.08	-1.77	-18.42	6.29	8.91	22.07	53.36	0.47	-4.03	-7.73	1.27	-4.57	-3.12	-10.18	47.32	0.06	-2.37	-2.78
2025-04-12	51.33	49.02	53.55	57.72	222.84	60.3	22.51	49.19	51.65	40.75	42.26	43.89	41.12	44.39	46.85	48.68	74.26	53.6	40.75	41.65	47.6	39.09	54.42	57.98	39.97	41.15	41.26	42.51	56.08	52.67	39.37	39.81	48.62	45.46	7.67	49.61	82.47	76.56	5	53.08	67.89	67.07	91.97	73.49	77.34	97.38	82.22	85.21	131.85	86.44	83.72	88.08	76.71	70.67	70.02	74.44	105.68	103.01	108.71	73.65	82.22	81.61	81.01	79.09	73.84	73.06	74.98	73.27	44.88	71.63	68.95	69.56	40.18	63.03	68.5	44.91	48.29	46.83	-1.78	9.16	65.93	0.01	72.57	81.18	81.1	72.02	72.52	34.44	73.43	71.92	68.93	68.98	80.21	72	72.47	7.6
2025-04-13	63.24	50.58	54.85	46.26	59.2	46.32	46.49	-11.78	71.21	48.1	59.15	42.38	64.76	28.3	11.23	4.6	82.53	64.77	69.59	70	70.06	70.06	68.6	68.6	56.8	41.23	58.55	57.7	81	76.39	79.82	79.95	71.64	71.12	-1.89	71.91	51.16	22.52	92.34	67.01	71.66	72.95	72.08	73.69	65.51	69.53	70.36	72.49	72.62	49.81	42.31	65.81	35.04	31.64	45.39	39.58	43.54	17.9	18	-10.86	-2.06	4.16	1.63	9.51	3.32	3.51	41.65	38.49	-3.4	-3.97	29.48	10.08	-6.37	-12.77	-39.74	59.34	-5.49	49.58	46.73	38.51	-2.89	60.18	71.83	76.59	38.89	30.86	22.6	11.76	74.33	18.26	71.73	73.01	200.99	53.75	54.32	53.47
2025-04-14	78.6	48.99	46.59	7.14	76.73	64.94	62.79	51.86	75.01	64.3	73.44	47.49	42.49	38.03	52.74	62.14	49.77	50.15	57.73	40.28	42.34	42.79	51.1	25.88	2.28	58.66	61.46	63.13	83.67	88.29	80.22	78.42	0	-6.7	-6.66	80.98	15.18	43.33	15	65.76	92.97	83.39	83.19	75.81	71.95	74.46	-5.86	-6.39	-0.06	3.51	-12.27	-13.48	14.55	0.94	-0.01	-15.71	-4.06	-7.08	-15.06	-20.49	7.23	14.12	3.02	2.05	0.03	0.42	0.34	-14.48	0	1.14	-17.5	2.67	32.23	64.69	82.33	77.39	6.78	87.43	240.43	112.41	90.81	80.71	58.48	91.38	96.44	59.76	9.96	0.13	53.18	-4.96	0	-4.99	34.35	47.34	47.24	45.16
2025-04-15	33.36	47.38	57.11	66.68	92.31	47.33	72.21	67.53	80.14	82.78	78.48	51.32	76.84	78.29	75.28	78.64	78.82	79.35	82.53	80.82	82.78	80.93	80.52	80.52	59.49	73.65	80.93	85.08	35.71	48.13	94.55	99.86	15.18	22.56	73.36	6.97	43.51	99.86	41.55	72.83	83.36	101.57	78.73	85.14	75.97	57.85	65.6	68.61	0.87	1.44	5.1	68.98	-1.01	-1.01	-4.63	-3	313.06	36.92	47.57	60.17	57.74	29.86	3.4	3.53	3.5	3.14	3.73	3.58	-141.7	-14.65	3.09	12.04	22.89	6.86	5.2	8.45	51.88	60.58	92.76	110.09	182.19	75.19	68.66	122.8	81.84	80.39	79.2	79.49	83.64	79.95	73.69	80	85.59	81.58	76.76	57.95
2025-04-16	73.63	18.76	-12.87	1.18	64.89	50.54	51.26	55	22.06	37.87	33.43	27.84	34.3	36.13	35.11	26.08	110.07	58.84	52.39	53.62	47.94	47.73	77.63	74.67	-11.17	-30.26	60	69.72	-14.89	5.56	1.97	40.78	71.46	51.25	-9.07	-12.12	55.17	11.34	-2.01	-14.58	-4.7	-19.53	-23.03	-14.66	11.06	8.63	12.41	0.77	4.9	4.82	22.8	9.75	7.62	1.12	-14.78	0.04	-4.44	1.5	0.74	-8.97	-14.36	-25.66	-29.47	0	0.64	0.04	27.03	106.34	57.36	-5.5	-5	-3	5.73	54.1	53.4	66.96	6.52	18.77	72.18	77.37	1.72	46.73	73.59	136.06	175.33	88.2	96.75	83.92	83.85	86.77	86.31	85.14	80.99	62.74	-188.6	-126.26
2025-04-17	20.61	20.25	-0.49	-0.5	39.28	25.16	20.45	22.06	37.25	25.47	63.47	34.76	32.68	30.37	24.52	21.96	30.57	24.92	19.58	21.39	28.87	19.43	19.24	19.03	23.1	-11.38	28.64	24.1	34.79	45.64	46.26	40.21	86.81	95.31	78.04	37.81	16.89	0.95	-5.54	-15.68	-1.45	-1.57	-2.98	0.75	-3.08	-3.44	-9.48	-19.83	5.15	7.4	2.96	0.29	14.14	30.96	8.84	-15.36	3.33	4.76	0.05	-4.91	-3.02	1.67	3.04	0.45	-4.02	-0.01	2.91	11.08	0.8	7.11	74.93	46.33	28.02	11.4	38.35	24.83	-12.2	-16.22	37.39	42.74	80.53	78.56	85.78	81.48	93.63	78.81	51.17	33.07	51.75	56.77	75.68	56.59	74.75	59.99	5.95	-9.32
2025-04-18	85	62.57	1.1	4.78	43.89	39.84	35.22	38.15	48.83	67.16	32.56	26.7	43.41	56.7	76.48	35.57	40.31	32.81	26.43	25.23	24.97	24.98	25.22	24.83	50.43	37.02	18.93	25.11	27.29	28.97	25.98	-5.06	3.97	83.02	60.13	-8.83	-7.99	-15.62	-16.05	-16.88	-3.54	-1.43	-3.55	2.6	7.07	-5.56	-61.86	-13.09	14.14	32.26	-3.64	-4.85	-8.56	-8.34	-8.76	13.41	12.83	0.21	-4.35	-4.67	-3.57	-3.76	-5.13	0	-10.64	0.22	1.64	2.06	-11.3	0.32	2.36	20.75	9.08	45.26	66	36.39	34.81	32.77	28.63	86.38	48.29	26	24.32	57.45	22.69	12.68	51.26	16.04	60.59	19.9	20.41	29.92	24.44	-37.54	-46.46	-75.63
2025-04-19	89.85	50.2	35.37	18.17	48.05	-2.89	-5.11	-1.27	-6.68	-0.69	34.92	-5.03	43.19	117.46	111.47	72.56	33.01	15.25	37.85	33.67	74.96	74.09	60.48	12.83	36.55	44.06	38.84	1	18.15	4.73	5.71	6.2	30.2	11.04	8.51	-0.2	37.01	45.19	-0.01	-17.69	3.4	-5.98	-7.65	-16.26	0.44	-10.89	-10.39	-117.81	19.42	10.37	6.94	-23.23	-7.79	-11.18	-9.37	-7.98	0	-17.53	-14.81	0.15	-16.18	-21.55	-18.91	-22.65	-20.64	0.01	-14.47	-14.24	-15.05	-19.21	1	7.74	0.78	1.95	1	17.09	12.41	28.34	55.12	68.87	11.52	-7.72	9.62	17.89	18.2	9.01	3.64	4.93	-8.96	-0.52	2.07	1.35	10.31	10.33	10.54	-38.15
2025-04-20	52.39	45.91	27.75	-9.76	73.91	16.09	-3.22	-1.01	13.95	-0.33	-0.52	-4.84	18.16	54.42	49.15	29.33	0.29	11.57	19.75	4.04	14.77	13.1	13.93	28.42	60.41	38.05	17.17	7.69	7.41	7.12	7.03	7.51	21.07	20.59	17.05	39.37	259.89	32.03	3.28	-11.2	14.4	57.63	3.03	-1.14	300.49	12.53	5.02	33.14	34.19	16.7	-1.42	0.1	4.81	3.34	0.73	2.29	0.94	0.94	29.5	3.5	5.94	2.02	0.36	-0.02	-6.51	-4.85	-5.24	52.28	1.94	-4.97	-4.4	1.01	-4.77	-2.52	0	0.09	-11.45	-42.33	13.5	15	19.76	3.8	19.99	184.7	266.92	81.98	65.88	36.53	57.54	38.16	31.25	22.77	0.44	-40.84	-36.44	-40.72
2025-04-21	-29.39	51.29	53.15	-4.93	60.55	49.98	63.06	50.44	124.54	49.35	50.06	49.38	45.14	0.18	-0.23	49.78	49.26	49.84	49.84	0.93	3.24	1.46	9.18	46.98	4.86	14.59	17.88	25.3	11.43	69.03	70.82	64.85	77.01	65.47	41.2	0.59	47.19	29.73	2.96	-2.38	41.14	43.77	0.83	1.76	3.98	1	10.15	11.2	-1	6.11	-1.09	5.76	0.36	5.06	5.77	4.13	0.64	4.44	5.59	3.19	4.75	8.97	32.93	30.76	37.35	14.65	46.52	55.31	49.37	43.68	49.42	5.01	59.07	61.43	6.2	66.29	76.74	13.54	87.96	117.72	46.91	4.73	97.96	93.31	87.01	140.59	139.43	84.59	116.77	77.55	89.3	95.13	100.07	80.6	69.77	22.85
2025-04-22	85.13	70.35	72.95	62.09	76.07	75.95	76.08	39.62	73.08	55.24	38.52	28.58	78.92	70.98	69.82	44.2	61.86	36.47	34.33	72.09	22.21	71.74	75.48	75.99	83.62	77.81	81.95	86.6	84.28	97.64	94.23	67.74	152.44	130.38	43.69	35.09	80.6	80.37	9.03	-0.66	75.27	75.08	-3.02	-3.88	-1.48	-1.61	36.89	22.04	-8.64	-8.64	-8.64	-8.64	-8	-8	30.52	49.74	36.6	15.62	14.75	14.9	4.44	58.38	64.77	-6.45	-6.5	-5.16	-20.97	10.47	12.82	8.19	-3.1	13.46	-2.49	-7.31	0.65	84.74	74.62	72.86	78.35	23.2	18.4	74.85	61.34	91.49	136.9	130.83	88.45	41.27	82.36	54.24	47.61	40.56	70.52	50.17	58.24	58.98
2025-04-23	73.68	5.94	26.18	15.81	70.79	28.43	25.48	19.12	7.19	22.37	53.89	51.17	49.98	58.29	51.28	51.12	50.75	28.79	52.81	60.87	64.16	31.03	22.88	21.95	78.07	71.66	6.26	41.08	1.01	80.72	62.08	50.03	77.18	24.04	-24.2	-136.58	62.99	-28.06	-20.9	-16.59	-13.35	-12.66	-17.47	-17.39	59.1	1.75	-14.82	-14.13	2.92	-22.12	-19.01	-20	-17.68	1.09	1.01	-19.47	-16.6	-18.37	-18.48	-18.58	18.29	15.71	12.23	-26.5	0.19	-13.65	-8.18	0.42	-4.27	0.66	-0.08	0	-13.31	1.25	-0.12	-0.49	-1.9	-1.91	84.98	109.68	118	348.76	81.75	85.79	107.84	50.01	41.49	31.64	102.14	34.8	104.48	41.37	93.94	87.48	90.31	4.84
2025-04-24	75.16	74.99	29.92	25.51	28.64	29.02	1.31	-4.58	59.81	20.37	61.49	0.66	2.7	3.19	66.09	66.78	1.29	1.17	1.7	0.15	-0.3	0.67	4.24	10.06	69.86	67.82	27.57	39.13	22.08	69.06	28	16.84	71.42	70.74	-5.98	-4.87	23.86	-5.15	-15.34	-11.2	40.22	17.14	3.91	-10.5	1.12	-0.01	0.25	12.6	153.36	28.59	-18.01	-18.01	0.99	0.64	-0.03	-0.04	1.55	-17.51	1.12	-20.51	3.89	26.09	60.48	22.77	3.26	0.84	-15	-15	6.97	15.94	49.42	138.37	39.58	52.45	28.14	66.36	-11.3	72.21	79.29	89.55	159.47	0.17	22.54	144.82	122.78	212.44	151.68	127.8	113.15	80.24	85.98	78.63	100.75	71.56	74.53	71.27
2025-04-25	72.45	63.8	51.17	68.57	156.81	82.63	40	85.96	97.93	95.22	91.72	78.1	94.85	91.85	88.56	87.47	53.89	53.27	50.96	51.66	50.89	56.63	55.06	40.31	90.78	87.66	79.26	84.9	117.59	118.32	112.97	116.86	116.86	112.24	106.21	6.51	60.5	0.95	-0.65	-1.07	-13.71	-3.84	-7.13	-4.44	47.84	6.93	3.39	-6.78	-0.21	0.11	0.05	-0.06	-5.38	-5.39	-5.52	-5.03	5.25	5.39	3.75	-2.55	-2.99	0.42	-5.07	-7.72	-10.31	1.56	-5.63	0.4	-7.99	-8.88	2.61	4.32	7.58	14.5	70.02	-16.92	-80.78	67.47	66.4	63.62	80.54	72.99	78.4	12.34	8.98	0.79	-5.34	0.64	-9.74	83.07	108.79	91.18	141.68	67.8	75.91	64.8
2025-04-26	-35.84	57.46	-16.7	-13.62	145.58	140.81	175.08	73.9	113.81	49.68	-12.2	-12.2	0	59.82	56.13	51.09	51.94	51.44	65.32	83.28	0	13.47	28.94	38.13	48.57	39.12	17.67	-28.04	77.03	74.35	48.03	51.28	79.26	34.91	15.77	-3.98	42.85	17.82	-7.05	-14.55	16.35	4.91	-0.02	-5.78	3.49	-0.18	-0.44	0	-9.3	-11.83	-5.39	-5.66	-8.7	0	0	0	0	0	0.01	-6.97	-10.95	-11.85	-18.1	-20.74	-78.84	-57.46	-24.69	-11.04	-10.25	-9.18	12.37	3.94	16.42	27.68	-7.59	55.46	54.1	37.95	15.87	63.45	16.68	1.4	7.31	11.74	39.22	12.55	4.01	1.8	30.96	-9.55	-13.4	-8.95	-1.52	-5.13	21.9	8.65
2025-04-27	23.46	-15.58	10.84	11.73	12.54	0	14.27	-2.17	-8.91	-11	-12.78	-13.28	-8.54	-5.37	-4.46	-13.16	-15.68	7.91	-7.81	7.97	17.9	16.65	4.3	-2.27	-7.58	6.33	7.02	6.62	6.31	6	-20.43	-11.79	16.04	3.05	-28.92	-18.92	94.38	29.12	-25.6	-37.79	0.89	4.77	1.23	-0.62	1.28	-2.09	-29.37	-30.06	-26.46	-66.89	-60.65	-83.12	-2.45	-1.27	-0.55	-0.64	-46.25	-47.84	-48.49	-51.1	-47.73	-0.51	-1.8	-3.12	-3.05	180.82	217.2	12.07	-0.76	32.77	18.64	-30.93	17.42	5.65	-18.49	64.87	16.01	-32.46	-30.03	70.54	152.37	48.97	49.12	46.41	2.72	96.26	7.63	-2.4	94.15	-0.24	0.68	-2.31	99.41	-0.95	74.16	46.53
2025-04-28	79.86	59.72	70.88	54.36	276.36	159.47	50.72	19.55	50.86	72.34	72.01	52.85	24.01	18	-8.02	-7.52	53.9	57.57	56.73	45.18	46.99	48.17	43.62	50	52.01	68.72	58.46	64.45	63.11	64.65	66.97	68.4	68.79	46.54	-7.69	-30.45	36.02	5.12	-13.08	-12.15	2.2	0.58	-3.5	-10.55	16.23	8.01	1.38	0.31	-0.51	-0.51	-0.51	-0.51	11.2	11.2	11.2	11.2	-2.5	10.95	10.95	10.95	15	14.41	14.41	14.41	7.35	22.3	22.3	22.3	22.45	22.45	22.45	22.45	27.45	27.45	27.45	5.51	8.1	8.1	47.5	47.5	47.5	47.5	50	50	50	50	50	50	49.75	50	50	50	50	50	49.75	49.75
2025-04-29	0.28	0.28	0.28	1.03	-2.22	-2.22	-2.22	-2.22	-3.22	-2.22	-2.22	-2.22	-2.22	-2.22	-2.22	-2.22	-2.46	-2.46	-2.46	-2.46	-2.22	-2.22	-2.22	-2.22	-1.72	-1.97	-1.72	-1.72	9.55	9.55	9.55	9.55	11.12	10.09	4.02	4.02	3	3	-2.28	-2.28	-5.5	-5.5	-5.5	-5.5	-5.83	-5.83	-5.83	-5.83	-6.59	-6.59	-6.59	-6.59	-7.55	-7.55	-7.55	-7.55	-6.33	-6.33	-6.33	-2.16	-1.54	-1.54	-1.54	-1.54	-2.04	-2.04	-2.04	-2.04	-1.5	-1.5	-1.5	-1.5	0	0	0	7.51	0.65	0.65	8.09	8.09	12.53	12.53	18.59	18.59	22.46	32.14	32.14	22.46	30.71	30.71	21.69	21.69	13.77	12.63	12.63	12.63
2025-04-30	79.81	0	0	0	0	0	0	0	62.73	53.06	48.84	45.12	51.92	51.37	50.9	50.53	46.88	51.16	55.28	55.48	38.31	39.77	38.82	60	21.16	0.01	59.21	64.51	28.97	37.54	6.9	6.9	5.75	5.75	12.57	13.57	52.29	57.37	39.36	34.99	32.23	0	8.86	5.89	7.92	57.23	29.84	4.02	42.47	3.55	-2.08	-3.21	-2.55	-2.72	-2.98	-2.55	0	0.01	0.04	0.4	0	0	-2.55	1.02	0	0.66	3.56	1.52	0.51	3.52	0.02	0.5	3.6	3.3	3.76	3.71	0	4.28	4.44	3.98	-2.55	14.03	35.71	14.03	4.51	3.92	3.69	0	0	0	-4.25	-6.46	-4.25	-8.43	-8.5	-8.5
2025-05-01	-8.5	-8.5	5.75	38.3	48.71	63.57	82.25	81.78	59.03	71.43	70.76	71.48	61.52	62.13	60.86	57.67	60.65	59.88	57.87	48.43	48.51	46.85	47.33	46.02	43	44.1	44.93	44.9	24.56	42.02	41.85	-3.91	1.15	0	-2.72	-4.25	0	0.01	2.56	0.21	10.28	42.99	17.22	2.47	2.53	-0.35	-1.21	-1.07	-3.66	-17.76	-12.75	-3.66	-11.9	-11.06	-18.54	-29.59	-29.75	-32.14	-33.11	-27.04	-36.55	-36.55	-29.75	-21.25	-8.5	-8.44	-8.5	-8.5	-2.55	-2.13	-6.8	-4.25	-4.25	-2.16	-4.78	-3.01	-4.25	-5.37	-4.25	0	-3.35	2.76	0	35.28	10.03	10.03	13.37	12.78	9.76	5.36	0	0	0	0	0	0
2025-05-02	0	1.14	0	0	0	-0.87	0	0	-6.09	0	-19.08	0	0	0	-5.17	-4.25	-4.25	-3.15	-0.09	-4.25	-3.15	-0.49	-8.5	-0.54	-8.5	-7.96	-9.5	-12.74	-8.5	-12.86	-7.24	-8.43	9.2	0	5.75	5.75	13.27	13.01	1.73	13.53	3.84	3.65	0.71	0.78	3.89	6.55	11.16	5.01	3.6	3.55	3.48	-5.35	0.67	0.01	-2.55	-3.21	-0.38	-0.3	0	0.01	0.66	0.01	3.57	0.71	-0.31	3.71	31.65	30.93	13.81	3.67	3.7	38.95	30.23	43.16	36.24	32.02	29.89	47.94	51.27	56.31	35.58	57.14	73.74	87.16	89.3	93.92	95.72	89.13	88.49	85.74	88.15	81.4	80.6	80.46	78.94	43.81
2025-05-03	77.72	58.81	39.85	46.96	23.04	2.96	3.73	2.62	-1.21	3.54	3.28	3.01	23	33.56	30.25	29.42	21.01	16.46	19.2	16.12	23	30.43	53	53.34	22.1	31.29	50.09	51.85	27.01	25.7	26.37	15.17	56.87	13.66	2.36	10.18	54.99	31.79	0	2.22	0	3.66	3.57	3.62	18.07	3.71	0.68	0	3.72	3.69	3.59	3.67	3.61	3.66	2.09	3.57	3.58	3.58	3.53	3.52	1.2	-2.65	-2.54	2.59	3.73	13.53	47.01	67.8	50.66	75.55	83.8	82.06	38.63	40.11	66.97	64.56	20.18	51.21	79.69	86.84	54.16	81.72	85.66	90.76	86.58	89.2	91.96	89.59	83.22	66.71	63.45	43.37	84.43	85.77	79.1	57.07
2025-05-04	82.96	78.89	56.6	55.66	56.54	54.13	37.21	20.7	42.55	53.15	47.12	26.45	27.23	53.99	50.15	19.54	17.59	38.38	21.58	5.74	11.23	11.28	13.92	24.75	5.49	5.51	5.7	5.04	7.03	6.75	0	-4.25	4.03	3.6	-3.5	13.07	-2.55	-4.25	-7.35	0	33.61	0	-0.87	-1.7	18.3	3.6	3.65	2.3	10.07	-1.7	-0.86	-0.77	13.8	-2.13	-2.13	-2.13	-2.55	-2.55	-5.96	-3.4	6.62	0.01	0.3	3.53	-3.88	9.77	12.25	12.05	-6.43	9.47	-0.33	3.6	12.25	-2.13	15.16	60.34	-4.97	9.48	0	72.26	76.21	77.83	82.3	86.13	82.18	80.76	82.22	83.27	75.36	68.01	68.19	71.03	57.88	46.34	25.46	14.65
2025-05-05	26.11	50.68	13.62	9.39	23.44	20.25	23.44	18.58	25.68	15.84	22.72	17.03	0	0	0	0	19.36	20.1	21.68	24.49	20.89	20.91	28.48	33.49	0	0	15.84	25.44	40.27	18.18	79.34	84.31	86.47	86.33	83.77	78.62	90.56	75.87	53.93	71.14	81.26	70.87	40.13	4.7	3.87	3.75	25.76	3.54	41.63	36.57	41.26	41.06	3.68	35.44	29.25	24.9	3.6	25.08	7.4	7.39	2.48	1.96	2.29	3.48	2.97	37.93	5.71	27.29	2.12	2.1	3.53	3.52	3.56	3.87	4.52	4.97	3.56	3.05	54.62	65.6	23.27	56.99	62.31	72.1	86.16	79.33	89.13	86.22	85.51	82.22	84.15	81.48	74.25	79.24	69.33	65
2025-05-06	50.46	51.46	49.25	47.27	47.71	47.89	39.9	45.64	31.47	13.17	31.9	28.59	46.19	46.81	46.54	46.54	45.39	14.93	14.13	45.56	45.77	46.71	47.87	48.37	33.97	46.55	49.05	64.24	37.86	20.76	51.7	52.99	53.52	51.75	52.02	0.02	51.61	46.7	20.03	3.04	-0.41	0	-0.51	-0.68	-1.67	-3.28	-3.39	-3.42	0.02	7.89	-3.59	-3.76	-5.11	-5.07	0.3	8	15.99	0.13	0.27	-14.56	-8.48	-7.14	0	-4.74	0.04	0.05	0.06	0	-7.24	-6.91	3	35.12	100.51	54.33	45.18	39.08	64.64	-6.38	86.2	68.29	82.44	75.88	80.5	10.9	86.72	67.84	74.6	65.09	73.13	57.31	48.27	48.16	40.87	10.23	8.17	2.35
2025-05-07	41.19	42.12	49.95	50	42.84	30	25.43	42.1	54.78	48.78	40.18	41.78	25	25	30.03	39.48	42.66	42.71	42.61	42.8	42.08	42.58	44.67	51.84	47.7	45.39	59.05	68.17	75.11	75.35	81.33	79.23	57.61	16.03	4.99	1.13	27.82	8.35	24.68	-42.91	-51.11	-7.72	-0.7	-1.5	25.97	28.14	21.51	24.93	335.95	232.7	8.91	103.43	52.16	50.39	45.96	28.11	12.76	22.46	18.4	10.12	34.19	19.92	9.97	4.84	-2.97	5.85	4.2	3.1	1.74	41.3	45.42	26.25	9.37	13.64	14.81	68.16	54.34	64.36	53.39	57.93	66.34	81.74	84.27	86.03	182.65	131.11	110.75	89.31	87.65	79.55	82.82	80.53	78.92	76.27	56.91	73.37
2025-05-08	97.31	93.54	74.48	-11.65	30.96	17.89	31	33.73	21.53	41.96	45.97	31.61	22.02	31.34	27.13	21.67	40.6	39.92	45.44	53.13	52.19	61.11	67.8	55.53	112.7	76.26	84.94	82.62	55.69	57.45	55.54	61.32	50.52	49.67	53	51.28	46.24	13.74	-16.5	-17.37	-2.44	-6.97	-18.56	-10.16	5.35	6.9	95.91	8.94	1.14	2.53	3.74	23.35	-0.01	-0.01	1.19	-3	5.91	8.22	82.35	149.78	55.17	60.13	122.07	109.12	83.04	88.82	84.72	89.26	79.2	86.08	79.36	135.95	48.81	110.42	136.79	89.55	82.06	78.29	100.57	115.84	73.96	67.36	74.72	76.43	96.7	168.45	91.71	92.96	93.39	84.23	87.15	89.08	83.14	75.29	70.81	75.05
2025-05-09	90.85	85.7	84.86	64.56	66.43	62.35	59.45	58.63	85.76	85.04	80	59.76	52.42	54.69	53.74	47.89	47.5	47.7	47.45	47.43	47.38	57.01	56.73	54.72	99.02	53.27	48.06	72.41	77.6	60.16	72.32	78.64	70.16	76.85	49.43	45.25	70.81	47.53	47.74	47.5	55	49.9	47.47	-11.7	47.61	1.34	43.7	31.92	70.83	45.73	47.74	87.71	44.06	39.94	42.85	25.58	27.49	45.33	45.73	65.74	19	70	-2	-0.27	0.18	1.23	32.87	33.02	14.1	11.8	6.41	60.7	56.79	34.73	35.2	49.54	52.77	41.28	60.59	146.98	71.04	58.49	71.35	66.68	19.43	26.12	86.17	83.43	84.39	79.9	65.57	46.99	58.63	49.59	52.13	43
2025-05-10	76.79	42.85	57.11	39.72	43.54	23.2	22.28	24.1	47.67	24.43	23.78	22.21	23	48.97	20.08	30.03	72.2	42.6	46.72	28.04	41.85	33.58	44.39	27.41	30.19	28.35	2.2	-9.39	29.72	31.84	31.32	0.84	26.32	23.22	32.5	35.95	37.12	29.69	16.2	2.58	52.01	39.99	31.29	-26.88	1.08	3.16	3.18	-5.48	-7.7	-6.97	-3.14	0	0.81	11.34	-0.04	-0.06	-13.69	-23.87	4.43	7.71	-32.79	-51.48	-43.59	3.17	18.63	259.77	255.15	57.74	6.68	6.89	76.58	13.24	5.08	19.06	41.83	39.91	14.63	137.17	58.86	47.36	39.25	-16.03	-26.67	-3.32	53.4	50.34	52.11	4.37	42.97	48.31	46.35	47.09	76.05	37.57	47.85	-11.14
2025-05-11	22.54	21.04	19.86	26.15	49.54	39.25	20.75	19.78	19.82	20.1	19.84	20.04	22.77	20.36	20.05	20.63	19.18	18.98	22.21	20.48	20.56	18.47	20.05	20.07	36.7	22.75	20.07	20.11	20.87	20.72	20.1	19.6	26.09	33.24	-41.56	-51.26	3.51	-24.44	-30.93	-12.4	-2.32	-22.61	-32.38	-35.55	-29.1	-28.7	-31.3	-36	-76.24	-85.65	-36.7	-1.47	-49.19	-0.44	-1.71	-0.39	1.45	-0.92	-30.87	-73.63	-3.19	-1.66	42.07	-0.57	-31.38	-3.83	-1.56	1.09	5.04	-0.16	-33.69	-18.26	-19.55	-9.95	1.19	17.88	15.88	28.42	86.73	92.53	29.98	54.47	81.5	0.05	0.7	46.21	45.5	47.78	47.37	44.73	4.6	43.85	45.89	-3.38	2.24	-2.26
2025-05-12	32.81	-4.19	-9.71	31.02	36.99	31.96	3.7	26.59	41.05	38.67	37.15	28.28	34.66	33.85	17.46	17.72	54.12	26.8	34.19	33.09	51.58	76.55	27.56	70.16	40.76	42.06	44.22	43.43	79.52	72.94	81.96	81.94	26.52	-11.14	-12.55	-16.97	-4.05	-13.09	-20.48	-20.71	-12.97	-11.46	-9.96	-15.19	-0.07	-5.42	-8.47	-5.69	-7.94	-9.22	-0.01	-0.14	-18	-17.92	2.38	-17.88	-0.13	-0.15	-0.06	-6.89	-3.94	-0.01	0.11	6.51	-0.44	0.14	7.35	4.45	0.14	0	2.93	13.51	2.15	-4.79	24.08	11.73	18.63	1.33	16.71	19.86	52.45	0.19	0	4.32	90.43	108.92	33.91	92.57	104.64	81.36	56.37	56.6	87.15	83.16	27.08	74.74
2025-05-13	90.91	74.24	65.09	15.24	54.33	46.24	40.95	41.93	44.64	47.08	44.22	46.22	41.51	41.55	43.87	40.58	12.73	20.83	22.33	18.44	42.94	46.53	47.3	54.1	6.2	41.77	81.07	88.23	98.04	88.49	99.82	31.78	17.84	15.88	4.29	-1.5	-6.23	-6.62	-15.25	-10.42	-16.31	-11.12	-25.07	-28.91	6.12	2.46	-17.49	-19.15	-18.79	1.67	1.34	-16.15	10.7	7.4	4.27	5.97	1.57	9.81	18.67	12.75	14.85	1.35	29.09	15.23	-26.77	2.23	26.85	-23.48	2.69	44.61	67.76	65.97	45.3	67.23	89.48	51.55	-7.78	-16.02	-8.37	-0.44	95.12	94.63	0.12	0.09	18.94	90.88	20.65	19.4	0.55	81.68	91.83	67.3	88.68	40.41	31.91	11.36
2025-05-14	76.16	75.65	45.51	39.01	89.94	57.93	55.52	57.51	89.19	55.86	67.73	63.46	55.6	51.94	10.53	9.52	49.01	50.41	17.29	-1.64	53.29	52.81	58.35	52.06	62.34	7.97	66.94	71.34	8.01	10	94.69	83.84	52.82	63.26	62.7	1.19	79.5	47.82	71.87	37.8	-29.62	-15.99	-15.25	-55.01	74.61	30.3	3.47	2.01	3.41	6.08	31.16	30	3.96	46.37	27.16	45.44	37.29	1.39	3.61	0.59	4.58	2.87	6.72	44.37	0	3.5	3.34	3.47	-2.18	3.52	4.71	3.83	45.9	30	-16.73	49.41	27.18	-9.37	-6.57	34.01	53.62	52.65	0.97	2.01	6.14	75.91	99.75	96.79	70.01	50.82	73.42	83.5	80.96	77.7	48.04	41.31
2025-05-15	75.9	46.41	68.87	34.15	66.71	64.08	59.81	72.14	33.19	26.08	25.92	-39.15	14.1	8.79	-4.09	25.46	22.18	25.75	25.68	25.52	33.03	29.05	-21.57	-23.6	-24.88	-28.61	-19.67	-30.25	51.36	49.99	0.43	-2.15	4.26	1.89	61.26	-3.33	1.01	11.61	5.36	-33.06	0.55	0.13	0	0.02	3.3	-13.63	-7.44	-3.76	-11.9	-5.93	-5.92	-0.01	2.47	12.89	2.84	1.87	-4.89	1.92	0.64	0.02	0	-0.09	-6.37	-7.43	0.92	2.5	202.25	95.27	-0.35	-18.75	-6.25	-5.5	-20.8	-6.82	1.08	3.12	1.03	34.21	15.73	38.22	-56.34	0	0.07	18.77	33.82	60.56	46.23	35.07	31.08	42.55	31.1	-1.41	25	-88.04	-31.46	-21.06
2025-05-16	-63.21	-16.76	-10.02	-9.96	30.06	13.07	38.19	15.39	42.99	23.73	17.1	18.48	-14.09	-3.43	27.99	11.69	37.93	16.58	14.93	17.36	14.11	20.05	54.46	15.82	11.56	54.58	53.34	46.56	43.33	73.42	68.62	25.82	43.17	13.3	14.42	-7.84	-3.18	-3.18	-5.88	-4.25	-0.01	-8.04	-11.49	-21.13	-0.13	-0.15	-19.02	-0.41	-1.26	-21.19	-0.76	-1.05	-25.9	-23.93	-13.04	-13.19	-15.24	-24.94	-24.65	-14.69	-0.43	-0.39	-0.31	-1.2	-11.79	1.16	185.22	-13	-6.5	-7.99	-8	-6.5	0.46	-0.42	4.44	-4.52	-12.75	-2.04	29.82	59.24	-89.16	26.58	34.61	24.42	44.05	66.08	8.16	53.32	49.33	2.34	34.75	34.32	28.38	5.8	10.26	2.53
2025-05-17	39.92	34.19	38.24	33.98	43.3	46.55	45.69	28.26	-18.93	38.7	43.56	28.79	52.47	57.54	14.26	25.13	45.84	44.57	49.61	45.88	41.47	27.13	25.91	16.72	37.72	29.23	31.52	17.64	50.7	53.18	27.88	43.59	33.23	30.65	29.04	26.41	1.51	-2.87	-3.24	-7.27	20.68	1.58	24.79	3.52	20	-9.33	-27.25	-10.27	-10.83	-10.78	-13.64	-10.69	-0.87	0.71	-2.33	-1.5	-2.73	-1.59	-31.36	-2.74	-1.42	-2.05	-1.52	5.66	2.59	-2.08	-1.55	10.65	-0.12	-0.1	5.76	0.98	1.97	-0.02	6.1	4.34	-2.86	144.19	128.72	65.67	45.93	98.02	94.41	61.15	11.18	57.51	69.28	64.59	57.54	11.2	69.87	57.86	63.64	62.73	64.23	53.87
2025-05-18	46.9	56.8	25.99	52.4	49.9	43.75	45.49	41.95	35.68	33.05	28.06	28.12	46.43	24.48	23.39	23.45	25.18	24.52	25.99	26.25	31.35	27.27	27.12	27.42	25.7	26.16	26.23	26.23	27.81	25.39	24.53	25.58	34.84	47.78	3.52	-19.34	45.72	3.37	-21.45	-6.11	-7.46	-4.87	-6.87	-3.71	-1.85	-6.33	-1.55	-0.79	-2.88	-0.15	-17.8	-2.03	-7.58	-5.6	-6.08	-5.66	-3.58	-4.94	-16.56	-3.49	-15.13	-22.23	-19.86	-15.42	-22.53	-27.16	-13.09	-3.51	-21.96	0.3	3.11	-9.48	-7.41	0.53	2.53	-1.54	-54.6	-24.13	11.42	24.28	36.29	20.41	-5.07	-10.37	-47.9	-50.6	42.89	40.03	-1.44	-0.86	-0.29	50.35	-19.35	-37.03	-4	-2.81
2025-05-19	38.13	5.61	2.95	38.99	71.74	33.28	19.77	0.01	51.4	39.04	33.73	30.47	-1.13	-0.11	39.87	37.9	38.53	71.84	38.56	36.17	0.27	29.3	34.24	-30.68	-52.01	37.47	-24.72	-65.79	45.29	57.78	45.46	42.95	39.58	35	31.65	36.87	73.85	40.56	4.1	3.87	10.34	4.06	-5	3.46	29.27	4.32	3.33	3.5	3.52	0.14	1.09	0.99	6.16	3.45	3.49	3.36	3.52	25.03	8.56	3.45	-99.56	1.31	0.14	-7.32	-4.84	0.05	0.03	0.02	0.09	4.93	4.09	-1.54	2.24	15.15	15.23	-42.97	-34.18	-12.67	-5.23	65	-43.03	33.39	44.32	5.09	50.59	45.01	67.71	60.67	16.84	6.63	4.39	-24.47	-19.08	35.77	35.25	5.69
2025-05-20	44.78	41.59	38.25	35.54	62.49	22.03	29.81	32.62	33.26	24.63	17.94	18.58	20.94	41.42	32.15	9.79	9.09	19.78	24.88	13.61	43.64	32.48	2.58	-6.78	43.26	37.38	33.16	30.3	37.71	39.22	46.15	40	18.79	-0.39	-3.18	-7.97	3.78	0.63	-7.49	-9.61	0	-4.25	-8.89	-5.39	-0.04	-14.14	-13.76	-13.33	-0.02	-17.6	-0.05	-0.09	-0.1	-0.1	-0.76	-2.5	-10.23	-0.21	-10.03	-10.37	-0.03	-0.08	-0.22	-0.15	-0.26	-0.23	0.17	-6.38	4	33.61	6.07	32.64	3.04	111.34	68.86	57.02	45.84	58.26	49.85	71.65	34.44	64.29	52.18	87.96	202.87	124.37	118.88	89.06	90.48	90	16.1	61.43	45.9	38.52	55.19	-1.31
2025-05-21	80.31	44.59	46.66	1.7	38.14	34.78	35.2	35.44	49.82	17.38	41.03	51.5	29.25	29.8	28.37	26.75	32.32	30.94	42.04	47.09	35.76	36.68	38.73	42.8	11.11	41	43.15	45.6	65.02	73.73	64.84	65.36	-3.07	9.95	41.2	-4.93	-5.1	-17.5	-14.66	-15.03	30.71	-16.63	-17.46	3.54	57.87	13.47	4.66	11.53	39.72	5.37	9.2	35.13	3.41	25.68	35.17	34.49	5.08	-3.86	-3.85	-3.34	2.49	34.67	6.65	-3.85	3.52	3.46	-4.74	-8	12.4	123.51	94.37	38.57	3.52	19.78	126.19	26.21	10.6	71.95	44.2	90.57	34.91	23.09	75.92	81.87	15.36	82.98	76.07	71.41	52.18	50.37	6.13	1.52	37.07	5.78	-3.96	-8.86
2025-05-22	30.14	7.13	6.9	24.64	35.52	39.18	29.57	32.83	47.91	45	45	31.8	38.8	32.34	36.08	15.23	34.73	44.84	33.14	26.65	32.31	44.7	78	43.63	30.72	18.2	33.15	45	33.19	65.16	65	21.33	-28.11	-5.03	-2.48	-3.07	29.31	-41.4	-9.96	-4.95	1.91	0.01	0	0.2	18.75	1.6	2.91	2.83	0.87	0.57	0.01	0	-7.98	0.3	0	0.53	90.07	11.03	2.81	1.88	0.07	0.04	3.43	0.23	11.92	2.85	3.42	21.52	3.34	9.87	30.64	68.56	56.18	3.43	7.77	42.29	87.41	67.52	59.27	76.27	159.01	32.95	59.32	57.07	94.08	36.6	58.49	108.22	128.92	8.38	1.42	4.45	62.49	16.93	21.7	17.07
2025-05-23	30.41	19.5	20.1	-2.13	17.83	24.37	-17.49	-4.36	21.86	18.86	22.38	17.44	16.03	13.27	15.48	13.88	15.82	13.01	14.6	28.27	26.01	-18.27	25.92	-23.07	-27.82	-31.5	-10.81	-6.1	-15.81	-3.55	47.85	26.75	20.02	26.11	-9.51	-11.04	48.22	-8.61	-14.02	-19.46	8.41	4.46	-5.46	1.88	6.25	6.42	-3.86	-4.45	2.9	3.36	1.09	3.25	3.46	0	0.04	-4.36	-1.38	-1.73	0.01	0	0	-2.88	-2.83	-5.2	-21.8	-30.87	-5.37	0	-5.01	0.11	12.82	27.3	7.27	7.99	2.99	3.31	-2.22	5.98	2.79	-38.18	-75.72	71.73	145.84	62.39	61.06	62.85	60.65	42.39	72.7	54.07	40.26	47.79	57.61	65.27	51.06	36.51
2025-05-24	61.93	27.03	22.86	31.84	33.33	33.75	33.8	33.24	43.23	19.49	18.17	0.5	25.53	34.67	-0.79	1.46	25.3	17.1	16.53	19.32	21.17	19.64	17.09	16.91	21.46	40	-29.03	-20.04	29.15	45.57	58.61	45	45	31.93	-48.81	-56.1	4.82	-4.99	-6.33	-6.78	0	-16.59	-11.65	-10.25	0.17	-0.03	-0.06	3	0.61	-8.65	-9.95	-9.96	-10.52	-10.49	-10.45	-9.5	-9.03	-10.56	-0.03	-10.85	-0.07	-9.13	-10.99	-11.06	-13.47	-14.03	-9.09	-0.05	-10.38	-8.36	0.54	0.06	0.71	1.13	6.06	1.75	1.97	25.65	73.11	62.7	23.85	42.01	73.64	62.1	50.27	82.96	46.96	76.1	72.23	21.56	59.97	37.58	49.35	0.82	1.8	0.21
2025-05-25	29.91	4.24	6.39	35.06	90.25	56.45	48.86	27.85	61.78	21.79	23.41	13.42	21.53	21.97	22.02	42.54	4.69	33.78	40.43	36.75	23.73	1.75	26.85	27.75	0	-0.45	-15.5	68.56	64.82	62.69	20.64	16.33	9.96	5.63	-13.48	-22.1	23.36	0.7	-9.86	-14.01	41.66	8.53	0	0.53	3.3	-11.69	-0.01	-0.02	-17.98	-17.61	2.38	-0.13	-20.01	-20.15	-23.42	-19.24	-17.32	-22.22	-26.58	-28.63	-25.85	-23.31	-22.67	-24.93	-27.75	-0.52	-25.42	-24.9	-20.78	-0.06	0.89	0.02	0	0.32	0.08	0.07	3.2	63.34	84.64	65.78	96.36	155.86	102.95	96.28	68.32	85.67	87.72	92.34	94.4	93.97	93.53	91.7	89.5	70.81	71.02	53.55
2025-05-26	70.47	67.26	66.42	68.25	71.56	72.09	73.8	73.11	53.37	48.59	48.59	48.59	53.41	48.68	-5.84	2.55	63.08	-6.21	-0.62	32.64	29.57	50.81	30.57	-64.18	32.73	31.92	30.57	-2.3	-3.44	37.14	32.91	4.6	40.49	55.18	40.92	-5.64	-2.97	-0.17	-2.12	-8.44	13.57	53.18	61.74	19.17	43.25	44.99	3.28	33.12	46.21	66.68	70.81	70.51	60.03	66.84	63.05	74.18	88.45	75.94	74.58	84.02	74.15	63.92	66.46	70.88	85.45	65.48	69.29	70.76	52.17	48.61	82.61	86.46	78.73	83.19	83.65	87.32	79.73	95.63	88.96	84.38	45.98	80.16	94.04	97.93	90.7	90.65	94.74	90.67	115.24	94.56	85.37	69.13	90.46	85.7	87.81	84
2025-05-27	69.21	70.29	39.01	-19.66	66.75	37.06	35.45	-1.29	66.94	43.27	0.25	35.93	9.86	36.59	31.18	47.26	2.51	35.12	0.22	0.01	21.63	35.14	35.25	9.92	46.15	42.9	56.39	86.62	4.51	0.6	0.1	61.38	49.32	51.1	-1.28	-5.97	17.61	-1.9	-7	-8.94	3.4	5.54	1.38	-3.58	41.94	48.42	0.07	0.12	0.1	0.28	2.58	0.96	60.8	49.76	41.08	70	-81.57	-4.45	-9.16	-10.64	-5.18	-3.17	-3.09	-3.24	-6.34	-6.87	-5.75	-4.35	0.74	1.12	25.53	52.91	41.66	65.25	70.16	83.29	91.85	99.16	94.16	101.95	81.45	88.64	79.77	90.49	109.14	108.56	120.38	111.97	104.33	100.56	99.58	75.62	96.65	86.85	80.21	-6.32
2025-05-28	75.2	66.52	76.24	77.6	82.41	83.35	52.72	-9.96	80.75	70.48	70.32	172.43	169.01	81.5	76.32	83.5	33.96	33.77	37.29	57.97	74.9	72.97	57.23	74.75	279.68	85.9	71.7	73.75	71.18	80.64	85.77	89.03	92.69	143.73	82.15	65.24	29	12.84	-13.84	-4.06	0.13	-1.32	-3.33	-3.02	0.45	2.42	0.15	0	0.22	0.57	0	0	0.02	-3.59	0.37	0	0	0	-5.1	-3.98	0.02	-3.17	-9.1	-7.48	0	0	0	0	3.49	3.44	1.44	52.77	52.23	31.05	31.96	88.29	76.13	87.6	90.76	105.36	73.9	89.72	159.05	98.35	107.68	95.69	95.65	95.85	103.87	97.82	99.38	87.93	85.21	67.23	33.73	3.08
2025-05-29	66.46	88.09	71.43	69.85	82.02	61.52	-3.29	8.69	84.11	68.2	65.92	48.41	88.77	53.87	51.19	67.43	65.17	80.1	100.47	82.75	78.78	83.06	89.83	84	57.04	55.97	19.34	79.37	83.79	87.57	89.32	69.71	82.86	69.09	77.68	0.27	42.22	29.37	5.69	5.02	73.52	67.55	92.95	-27.16	-2.14	-1.98	-9.87	19.97	1.94	-2.75	2.13	9.83	33.09	5.18	3.51	-3.82	0.65	0.73	0.64	7.75	8.7	0	4.3	4.34	1.83	7.95	61.82	80.66	30.76	61.05	63.4	84.94	148.37	95.48	159.37	116.97	114.79	120.23	117.4	114.06	90.51	94.11	92.58	109.01	120.89	117.93	150.3	144.92	115.4	103.26	155.32	170.9	139.7	114.83	102.4	91.62
2025-05-30	102.84	94.69	95.3	91.52	149.03	92.42	91.81	92.51	96.69	93.44	92.21	92.86	80.27	83.18	81.89	83.17	87.64	92.59	89.49	85.42	127.83	90.8	89.35	92.52	77.29	71.55	62.87	10.15	49.89	45.17	87.87	45.03	74.45	26.22	24.41	-2.22	-2.45	-6.51	-85.68	-107.81	-44.04	-34.85	-8.57	-12.15	0.95	-4.94	-5.6	-6.12	0.21	-3.96	-3.69	1.25	1.5	3.84	1.33	3.25	3.52	8.03	24.46	7.97	4.06	6.86	5.67	17.46	66.79	35.24	79.78	78.58	76.02	72.35	66.77	71.27	86.41	88.49	90.28	93.78	5.77	7.53	-77.51	63.92	6.18	-53.21	94.8	28.91	93.59	92.4	122.01	36.23	95.49	86.55	134.65	96.76	100.18	40.76	45.08	18.45
2025-05-31	114.94	66.71	101.3	29.74	96.32	96.53	91.99	97.79	98.83	96.47	94.62	89.07	98.44	96.31	98.48	100.21	92.69	89.97	90	62.11	91.45	88.54	91.89	92.95	88.44	86.43	86.32	82.05	89.98	89.27	88.37	70.93	93.3	79.98	-11.31	-31.4	4.83	2.04	-3.09	-14.29	16.52	2.06	2.46	-40.35	0	3.16	-2.78	-3.26	-10.88	-10.92	-5.08	-21.39	3.25	1.08	5.08	6.2	0.7	-1.44	3.27	4.5	-1.89	-1.25	28	109.75	5.04	55.84	69.98	79.05	68.6	59.29	60.35	74.93	63.3	72.33	81.62	89.44	86.34	78.6	83.4	83.94	90.79	84.82	72.69	69.14	7.86	102.79	169.5	103.56	87.68	86.8	83.12	27.32	67.5	2.46	82.65	5.29
2025-06-01	-97.67	-119.57	-24.75	-4.39	256.02	97.31	52.18	25.81	86.68	85.77	72.31	73.31	68.3	-27.78	-97.63	76.59	91.12	82.7	40.85	43.71	73.83	59.8	65.74	76.12	71.47	74.75	74.88	74.46	73.32	73.36	8.78	-4.34	74.31	32.86	2.46	1.8	4.35	0.07	-0.02	-5	3.23	-0.74	-0.61	-9.81	3.05	0.09	-0.03	-0.09	7.76	7.92	3.35	3.45	3.44	0.99	1.55	1.01	1.46	2.5	1.58	0.32	1.36	1.97	2.61	34.36	3.97	51.57	93.22	105.21	47.51	78.9	86.52	120.01	70.05	80.71	82.36	87.91	86.5	89.11	91.1	90.26	26.92	50.23	54.48	83.01	3.65	1.1	73.98	55.03	70.79	100.48	69.78	84.13	85.15	77.04	79.69	32.71
2025-06-02	64.87	51.42	50.54	48.02	48.34	29.71	-34.62	18.06	57.43	49.89	41.02	-18.71	50.67	50.56	0.09	-9.9	0.34	0.24	5.42	-55.53	-17.51	-0.66	87.09	87.53	90.83	80.77	76.15	90.11	65.51	77.61	78.98	79.39	91.38	89.08	74.25	43.08	51.64	52.11	52.62	54.73	95.56	84.31	79.48	78.8	73.53	69.39	85	85.22	49.58	48.56	47.75	31.18	46.29	43.83	4.81	8.66	2.97	14.93	10.74	3.1	3.51	3.51	3.52	3.52	3.51	3.39	3.62	41.49	51.05	48.47	45.88	63.4	38.88	49.29	77.58	71.46	61.75	53.84	71.77	89.42	86.55	86.04	88.7	89.72	21.62	36.42	34.51	51.23	91.3	59.48	92.35	29.22	87.79	-14.5	8.65	82.08
2025-06-03	8.83	94.12	11.65	15.3	71.54	89.38	90.45	87.39	82.2	6.51	9.99	86.14	40.2	40.49	71.64	92.54	79.51	73.64	70.28	73.51	46.58	90.14	27.79	45.21	18.06	94.74	86.89	90.41	102.51	112.83	105.53	104.5	92.86	92.21	97.29	94.57	94.05	91.44	86.43	84.6	88.19	86.59	86.95	104.98	95.04	97.74	94.09	93.87	98.22	95.78	95.44	103.96	99.02	93.05	93.67	93.12	91.13	90.68	87.68	90	76.35	73.84	74.99	78.92	52.1	67.3	81.03	85.69	86.07	86.77	87.56	86.11	86.33	83.23	85.58	84.61	43.6	52.89	55.62	97.51	103.23	97.72	101.04	98.85	114.18	136.07	172.19	116.55	107.84	111.36	114.26	109.39	103.03	96.58	94.08	102.56
2025-06-04	99.16	99.32	100.35	99.23	102.69	102.67	99.26	97.09	97.3	95.05	95.58	93.67	92.84	93.27	93.1	90.08	93.07	88.9	87.97	87.66	89.38	89.54	86.68	84.48	151.66	133.2	91.49	93.62	97.96	122.43	120.06	93.58	114.28	115.67	103.51	95.72	97.2	87.89	77.8	75.88	93.96	102.66	87.86	87.08	57.78	153.29	0	7.18	-3.42	-1.72	9.78	11.88	44.51	92.41	81.16	83.94	82.39	1.91	4.17	-1.57	4.38	-3.15	0.11	0	0	7.87	5.43	82.31	80	86.33	83.17	86.26	1.92	89.69	83.41	90.53	117.82	96.21	100.26	136.2	112.3	141.73	168.93	139.66	125.59	127.35	194.05	129.31	264.28	151.74	112.52	109.1	108.34	107.16	99.78	67.16
2025-06-05	120.32	118.14	75.55	72	96.94	67.32	69.55	47.61	106.95	98.97	97.04	96.37	94.39	95.03	96.41	95.36	94.91	92.37	93.46	96.28	94.99	93.87	93.87	94.78	101.36	104.05	102.5	101.44	100.03	99.86	119.4	117.46	107.34	109.55	98.98	96.05	110.3	97.18	-0.87	59.59	76.26	-5.45	-2.46	-10.14	-2.52	0	0	0	86.81	85.04	86.57	90.52	79.51	75.63	85.07	76.41	0.38	4.13	7.09	0.18	18.6	67.26	67.05	90.24	87.88	83.67	79.44	74.86	50.76	8.23	4	55.58	84.74	86.69	8.66	47.72	79.4	78.53	88.62	106.42	107.43	113.59	115.93	108.98	139.85	113.71	101.38	114.44	119.95	106.65	113.12	95.47	116.02	100	112.77	86.34
2025-06-06	165.53	141.53	114.77	101.73	107.07	123.66	104.11	109.21	122.93	129.97	130.6	119.45	120.22	114	112.78	112.78	112.28	112.28	112.28	112.29	113.8	113.81	113.81	113.79	139.48	95.83	95.93	111.61	99.77	100	100.06	102.45	60.49	51.21	131.02	127.06	96.64	84.92	-25.03	-5.86	27.11	27.36	-3.2	-3.12	0	3.49	0	0	3.59	17.24	6.54	0.06	-3	3.19	3.45	3.51	69.95	69.94	10.34	64.95	3.23	-3.68	0	0	0	0	0	3.76	3.48	3.52	4.36	3.79	-3.02	34.09	64.3	90.84	62.05	124.5	92.65	111.81	145.59	102.4	102.74	107.05	109.93	119.14	130.75	132.96	114.77	139.03	147.12	151.45	111.27	111.84	116.72	113.85
2025-06-07	115.5	107.95	101.09	109.17	108.24	106.77	103.78	103.78	103.22	101.58	101.58	101.52	100.85	100.6	100.6	100.08	95.15	91	90.97	89.97	95.88	95.92	75.4	76.32	93.83	82.56	47.15	55.21	97.45	92.44	77.46	10.25	70.67	60.79	-3.98	-5.31	0	-1.84	0	-3.2	0	0	0	0	0	0	2.77	1.73	1.71	2.27	5.25	2.63	-3.75	-3.77	3.56	1	3.24	0.65	0.01	0.05	2.91	3.44	91.93	3.52	0.1	-9.21	0	0	0	9.82	40.36	44.97	38.04	21.16	5.73	3.37	83.09	68.21	90.02	98.39	108.27	101.83	118.46	137.36	114.59	121.45	123.34	125.13	107.93	102.1	100.46	96.91	97.36	100.35	96.77	95.34
2025-06-08	104.15	101.97	101.57	98.38	98.74	96.91	93.82	98.25	81.12	81	79.92	87.38	85.91	74.39	75.45	72.69	70.84	70.36	68.26	66.81	71.11	70.78	69.67	69.79	78.89	68.28	66.32	64.09	62.94	64.85	63.38	74.27	94.25	74.68	-13.33	-1	73.44	38.59	0	-5.44	9.64	3.5	-3.16	-4.12	0.05	0.63	0.74	0.99	0.33	0	-2.9	0	0.12	1.14	0.73	0.26	0.21	-5.88	-5.7	-3.3	0	-2.74	-2.15	0	-4.49	-8.14	0	0	-3.67	0.4	14.23	135.16	14.43	3.48	17.69	178.77	132.22	22.15	85.63	97.95	92.1	99.2	130.38	141.26	113.93	117.31	121.14	124.89	125.79	124.87	114.24	104.9	125.14	113.64	110.16	100
2025-06-09	117.98	117.83	112.31	107.45	100.57	100.67	100.06	99.41	94.25	93.79	94.24	94.62	97.26	93.77	91.15	94.16	96.01	95.58	94.58	98.6	94.04	91.12	94.67	100.23	106.88	95.6	95.39	89.29	111.32	114.38	95.61	63.46	97.57	99.54	100.84	94.56	151.81	95.24	18.28	87.45	133.69	84.37	72.3	83.12	80.31	95.21	75.7	90.06	87.88	72.28	76.4	89	70.45	70.72	76.57	88.82	84.22	87.29	90.22	90.47	93.62	91.3	92.29	87.27	79.97	121.9	115.65	89.92	88.27	91.91	94.12	118.08	94.51	95.94	95.56	99.92	100.46	102.06	103.72	96.42	99.36	76.08	80.07	79.22	-18.46	66.3	140.22	124.98	125.61	152.87	148.44	115.28	141.41	111.71	104.5	98.1
2025-06-10	15.2	44.4	53.02	-7.31	65.21	72.43	67.48	42.65	62.36	101.81	46.24	59.23	134.36	121.69	99.2	101.64	72.15	71.91	71.88	72.57	97.14	86.83	117.46	113.44	85.19	82.36	107.87	82.52	117.29	114.87	88.27	79.12	82	104.17	91.71	76.79	104.81	123.34	79.05	90.18	58.85	126.52	102.79	90.81	93.22	10.4	91.02	11.85	94.79	81.67	4.5	151.26	105.43	114.85	96.88	100.64	90.08	116.88	112.24	102.46	106.84	113.68	102.82	128.15	106.84	117.23	127.16	157.01	173.17	129.57	133.4	134.15	139.59	142.38	162.38	151.92	107.54	116.69	120.97	114.84	110.9	105.33	94.56	107.38	89.66	129.2	125.78	1.89	117.6	136.77	44.44	63.36	93.57	79.58	105.69	66.26
2025-06-11	56.56	117.67	128.11	122.14	129.24	134.77	70.87	112.17	112.77	108.42	108.42	106.98	107.19	112.89	111.24	112.66	120.96	111.44	108.43	105.1	107.39	122.85	116.79	104.68	72.73	115.54	130.32	127.13	127.34	35.24	105.5	110.69	126.56	120.3	118.49	106.59	121	130.62	119.33	127.71	128.67	127.89	110.17	103.86	102.31	100.02	98.55	97.86	90.9	87.28	87.4	82.75	83.51	82	82.76	73.99	86.73	81.83	84.27	87.44	3.5	3.52	85.97	75.05	3.26	3.43	4.67	46.11	95.91	92.9	85.75	97.01	93.97	102.41	92.96	91.49	102.41	104.52	104.1	119.96	99.78	97.47	109.68	53.62	52.93	73.26	68.62	78.07	70.69	74.26	112.39	120.96	115.57	83.63	58.97	110.94
2025-06-12	129.91	137.26	106.97	108.16	115.9	114.18	115.96	116.66	132.17	113.79	117.76	116.73	116.76	117.12	117.54	116.28	132.25	115.33	116.24	115.21	105.02	100.56	105.95	108.94	96.03	83.45	82.57	88.73	84	82.3	82.53	85.01	91.31	105.7	122.34	103.1	84.72	54.87	14.72	-3.56	1.45	-3.98	8.54	-2.77	-2	-1.97	-43.46	-1.9	4.77	1.62	9.03	23.08	2.26	-5.4	-5.4	3.83	3.47	3.36	3.36	3.42	3.39	3.53	3.21	-2.99	0.61	-2.87	13.51	8.78	6.97	71.65	146.01	95.76	89.42	91.38	117.53	111.76	93.51	115.08	229.61	115.74	122.85	118.33	122.56	113.6	119.04	119.61	128.09	124.94	119.23	108.89	101.01	90.08	132.74	98.99	129.28	127.5
2025-06-13	98.2	122.8	121.2	90.33	119	96.24	119.02	93.65	122.86	125.98	116.01	94.9	121.2	117.51	112.96	85.23	120.52	122.8	111.34	101.86	109.56	97.37	109.7	88.7	127.09	122	120.03	111.03	113.11	109.63	123.44	112.53	63.35	125.53	60.45	108.81	97.22	94.33	80.59	-3.34	81.58	-33.61	-25.77	-0.65	66.69	53.73	84.29	88.59	81.64	73.55	67.08	13.36	73.7	50.12	54.15	63.74	76.45	27.67	82.37	77.31	76.42	58.15	65.11	68.61	38.27	93.15	93.54	97.7	88.45	84.59	91.47	96.6	88.55	95.24	87.38	86.53	91	98.27	100.41	116.52	96.66	109.92	99.14	93.72	121.47	120.81	129.41	133.77	108.55	100.48	89.86	91.03	129.99	124.59	108.85	127.81
2025-06-14	216.03	195.81	116.17	112.31	117.54	113.06	113.71	113.92	122.53	116.59	111.81	109.93	115.82	119.44	117.29	115.75	117.48	116.44	116.62	117.11	116.01	117.86	114.01	115.96	112.65	111.3	113.32	109.62	105.02	106	104.32	104.66	104.74	97.89	94.06	91.03	91.01	14.15	-7.69	-14.27	68.61	64.24	3.38	0.4	4.85	15.99	6.75	3.36	3.08	3.28	0.65	3.51	4	3.72	8.66	20.07	77.52	70.06	69.02	68.52	2.01	1.97	4.2	6.36	11.9	9.67	60.96	77.81	1.09	57.07	81.01	71.67	89.92	91.65	86.62	87.66	93.28	99.49	97.84	107.42	93.53	97.58	111.01	114.55	105.27	116.75	116.52	117.83	119.43	121.7	121.89	119.26	120.63	117.97	108.9	105.24
2025-06-15	103.65	101.3	99.05	97.47	107.56	104.05	103.81	99.76	100.68	104.71	100.08	107.15	88.03	88.99	88.08	84.54	84.6	90.36	89.12	88.45	86.3	86.1	87.72	84.37	88.85	87.63	83.11	85.05	86.52	86.05	86.32	84.97	88.35	83.82	-7.55	32.7	0.28	-3.11	0.18	0	3.56	-0.85	-2.31	0	0	0	-3.49	-3.02	0	0	0	0	40.01	1.51	1.6	3.43	-1.07	-1.37	-1.36	-1.01	-0.89	-0.01	-0.87	1.66	0	0	3.49	3.29	-0.38	-0.83	3.27	1.51	0.7	0.64	0	1.45	-2.3	34.01	62.6	81.3	47.24	76.4	99.99	132.31	164.8	102.54	100.51	108	102	98.71	99.09	96.24	97.48	89.71	140.68	84.9
2025-06-16	108.17	102.84	99.54	97.61	59.18	39.93	17.25	-30.82	-6.81	36.57	36.89	92.81	68.82	92.25	89.11	95.25	91.15	94.47	95.5	95.8	98.9	96.61	101.77	107.99	99.77	101.31	103.95	98.19	97.12	99.7	96.99	96.56	97.25	95.08	97.02	90.6	93.06	93.88	90.91	-19.62	92.56	79.88	3.43	1.02	9.72	17.68	71.07	76.11	78.86	80.04	76.75	94.86	95.74	94.18	91.68	95.45	95.7	80.39	86.27	96.22	95.24	92.98	95.05	94.17	97.43	82.94	95.31	96.69	58.34	94.11	96.06	95.72	94.16	113.15	116.31	112.31	99.07	102.1	114.12	124.35	100.54	106.15	109.6	120.61	114.71	131.97	113.86	115.46	128.8	115.07	110.23	118.22	108.51	99.25	133.76	101.62
2025-06-17	100.92	99.81	111.3	94.84	115.09	125.24	132.06	113.6	102.91	97.6	119.32	99.29	117.52	119.81	118.53	128.03	114.86	114.75	117.09	116.37	130.49	110.76	114.57	112.47	115.18	128.48	92.16	70.13	104.46	101.65	108.12	113.15	140.95	134.56	107.19	104.95	111.85	111.13	111.01	110.42	102.97	103.04	98.53	97.04	94.07	69.44	74.38	-0.48	83.94	87.22	91.87	90.38	78.85	84.27	99.58	84.48	90.9	76.14	82.97	91.94	88.12	82.93	79.7	91	95.23	86.72	99.42	101.35	102.87	108.94	100.05	98.63	96.52	99.91	99.04	113.24	113.9	178.05	110.12	144.77	132.92	131.74	139.76	98.95	120.34	156.93	153.97	148.57	135.48	136.62	114.42	131.77	106.19	99.31	123.59	123.46
2025-06-18	157.71	139.18	138.43	109.98	122.44	121.88	133.07	129.16	131.62	123.28	118.11	111	100.42	100.05	125.25	122.39	98.12	127.06	129.54	128.15	94.83	107.8	92.91	130.53	85.23	89.06	139.3	131.93	127.13	116.18	121.82	93.29	125.76	126.65	113.43	122.42	130.28	128.87	125.02	116.65	16.68	101.63	93.41	-4.04	79.94	77.74	71.13	86.09	80.29	65.68	60.59	85.06	87.23	85.64	88.59	89.15	95.17	96.13	94.45	93.67	98.86	99.43	98.55	110.39	101.85	100.74	111.38	114.89	107.82	105.6	109.94	114.66	119.36	124.06	121.45	122.45	123.68	122.82	129.31	162.44	138.64	138.4	144.1	145.75	194.91	211.02	194.74	195.49	168.79	164.83	161.17	139.35	138.45	147.01	148.47	104.98
2025-06-19	98.98	175.55	97.8	151.17	137.51	130.78	129.16	83.06	132.51	108.01	104.24	96.8	138.9	131.47	100.71	79.86	91.72	78.03	76.25	75.08	80.81	91.54	91.4	92.12	141.03	143.89	145.12	126.41	143.35	154.79	161.78	154.63	143.55	136.94	178.59	135.49	151.79	132.54	128.1	126.12	113.24	117.98	164.54	115.86	104.31	102.56	97.53	98.39	98.34	-3.55	95.83	96.48	91.58	95.38	36.58	96.37	93.84	101.44	88.68	87.92	94.54	86.7	91.81	150.36	103.48	95.58	97.14	100.68	196.94	129.19	118.09	121.92	113.16	113.73	115.48	-60.69	-11.62	59.41	77.89	61.07	38.16	101.17	144.04	144.08	174.17	176.12	91.55	92.43	151.45	174.03	178.15	161.1	140.12	136.99	129.93	142.54
2025-06-20	149.08	134.2	109.97	109.76	120.07	119.95	117.34	124.45	137.45	120.27	115.65	118.93	116.31	114.41	85.02	76.94	124.71	123.88	94.64	115.71	137.4	107.09	104.9	94.23	123.08	121.25	89.74	91.29	111.13	128.26	113.49	72.58	108.67	53.4	50.5	22.02	123.28	117.03	47.04	14.44	87.04	85.11	10.61	41.53	16.3	26.2	14.36	18.07	8.32	27.43	17.37	13.25	100.75	104.72	98.85	-1.01	74.25	69.48	25.58	84.67	93.72	98.89	96.24	99.63	91.96	91.28	101.34	119.46	97.43	102.54	106.19	111.81	112.1	111.67	111.18	112.74	112.92	123.62	135.33	144.79	129.2	137.63	135.09	110.71	114.91	106.78	106.36	150.44	100.33	91.86	95.19	91.09	127.19	127.04	135.12	124.35
2025-06-21	154.36	144.26	129.14	97.81	128.76	111.79	94.65	97.72	136.54	96.95	86.65	94.17	100.08	126.96	132.15	130.22	108.18	109.82	133.47	133.41	124.46	120.36	119.99	123.66	126.43	119.57	118.01	122.95	105.65	109.74	113.26	111.48	111.35	107.15	101.52	19.07	58.23	52.57	12.5	23.73	34.33	9.87	90.76	96.42	86.38	96.69	97.36	98.92	3.11	-0.25	1.55	0.22	2.98	62.28	72.13	13.81	58.01	0.35	5.43	0.14	8.73	0.77	0.55	0.6	-2.47	0.51	2.81	52.13	72.04	92.64	92.16	156.84	95.57	120.36	110.4	105.81	107.11	-8	12.2	24.53	109.19	110.81	68.36	88.72	93.01	50.2	117.72	141.1	150.67	135.56	115.01	98.12	135.33	130.21	92.64	97.66
2025-06-22	154.98	126.97	139.41	137.26	122.27	135.01	130.2	115.95	104.51	115.36	119.96	119.74	114.36	104.4	117.48	125.77	106.13	85.69	83.37	66.54	115.68	134.41	133.01	97.1	76.73	75.12	101.25	-7.16	96.74	99.07	107.56	128.25	105.25	123.24	103.7	103	224.39	92.79	107.12	99.52	62.16	82.5	98.16	6.44	3.52	70.73	97.86	3.4	-1.44	-1.39	9.34	-1.86	3.52	0.82	28.99	16.68	3.36	1.05	-4.3	3.73	2.44	4.17	5.03	3.05	15.92	15.55	3.73	96.03	0.38	16.91	19.27	105.01	-2.01	-1.03	91.09	79.23	91.17	99.06	115.39	100.44	164.94	139.84	135.31	140.68	144.76	107.62	144.51	177.82	90.34	90.81	70.18	61.77	92.46	89.37	48.07	33.92
2025-06-23	137.1	102.61	92.15	105.14	134.91	127.32	97	84.38	134.37	122.85	127.51	108.88	124.92	131.36	131.53	114.78	115.07	120.83	123.25	124.72	120.49	116.76	126.32	130.14	112.66	118.58	117.98	116.94	129.96	130.78	96.86	128.81	138.77	134.44	128.42	124.42	114.82	113.8	125.93	123.16	113.37	102.99	36.93	107.37	97.19	7.6	13.02	0.81	-6.7	110.59	105.46	14.15	-50.82	-4.81	1.58	60.38	8.8	69.5	112.54	66.31	1.98	-1.46	120.32	118.56	117.67	138.17	111.14	130.41	143.17	139.98	146.25	168.09	143.68	152.8	157.02	204.99	154.92	150.49	157.3	149.16	137.02	144.27	141.69	145.06	194.72	189.4	167.83	185.96	170.75	161.79	136.79	161.53	151.69	116.07	145.9	124.07
2025-06-24	140.38	130.55	96.72	97.78	135.21	137.64	118.84	127.07	111.3	72.36	92.05	117.59	96.78	96.94	87.95	29.65	50.79	117.76	111.62	95.17	152.01	141.54	106.17	111.5	103.34	102.57	60.17	62.11	134.86	130.29	143.01	141.73	141.66	125.12	115.84	121.64	101.81	94.74	113.56	84.88	116.23	70.2	117.41	117.56	112.19	112.43	115.38	117.11	125.59	112.47	110.54	103.1	102.42	-6.76	11	3.62	75.02	53.6	59.68	82.67	2.45	88.97	88.65	104.12	121.35	102.35	125.31	127.44	125.43	114.37	101.49	114.68	108.59	117.11	116.44	114.88	118.67	109.99	110.14	39.58	13.94	54.25	74.92	93.09	94.55	148.39	161.83	160.96	170.9	121.31	131.53	113.43	97.52	93.84	93.42	73.48
2025-06-25	133.74	174.9	181.87	142.43	137.53	135.29	111.06	124.07	134.4	132.24	127.61	131.66	157.21	127.04	125.9	130.34	129.11	127.18	119.39	123.18	129.75	113.99	99.75	93.99	132.59	136.57	118.63	115.94	120.11	115.53	114.16	122.82	108.06	126.54	115.2	117.48	147.41	120.03	125.55	117.44	142.92	130.27	120	98.94	96.32	90.03	89.56	86.78	89.31	85.26	98.51	185.06	99.06	74.14	13.55	76.97	81.04	4.1	4.41	6.91	74.71	56	86.21	99.71	103.59	103.59	98.17	92.54	83.92	102.4	99.01	88.11	98.65	100.9	92.45	95.99	-16.88	-12.03	110.54	112.53	119.67	123.44	111.25	114.8	148.21	150.81	143.05	149.15	132.94	130.41	135.92	84.3	130.99	106.83	99.88	87.01
2025-06-26	100.52	94.6	85.96	91.66	95.36	92.94	101.31	85.48	126.25	122.33	105.61	99.92	111.2	111.32	111.34	109.27	110.28	111.14	109.19	105.68	111.1	106.94	110.65	103.4	69.28	76.17	66.09	90.75	103.24	87.43	86.66	78.65	54.73	32.06	7.49	5.26	102.45	91.99	-2.15	-13.58	-3.36	-3.33	7.84	34.85	47.38	31.76	50.67	11.74	89.57	91.46	94.63	95.66	54.2	84.47	87.86	89.54	76.92	49.67	79.53	90.21	105.06	104.29	103.65	101.45	98.07	98.01	101.65	101.73	101.26	105.74	99.97	100.09	109.91	106.53	109.93	109.19	106.97	111.08	116.4	112.14	107.13	116.87	124.92	132.74	149.02	156.87	161.31	160.54	154.91	152.48	151.95	149.68	119.89	116.85	119.85	111.34
2025-06-27	122.3	124.53	117.85	115.9	123.06	119.44	119.45	121.7	119.77	120.84	117.96	117.43	120.18	120.03	119.14	119.13	118.44	118.06	117.77	117.59	117.74	119.51	119.67	117.99	112.69	115.05	112.42	113.02	107.43	114.95	115.63	115.53	107.51	119.09	103.49	107.94	103.73	96.28	91.18	91.81	106.04	114.69	108.25	112.65	103.41	101.7	103.81	95.09	103.82	104.72	104.76	105.73	125.02	118.55	118.78	117.86	118.64	111.11	116.59	118.77	117.18	107.07	128.73	107.94	117.81	117.41	118.55	120.5	117.11	114.84	118.65	131.65	109.54	110.98	116.6	121.12	112.46	121.7	126.52	116.29	104.06	119.47	110.41	125.94	141.7	141.57	143.24	143.53	141.93	142.57	143.15	138.88	122.51	129.46	117.85	115.44
2025-06-28	116.13	113.28	123.82	80.76	117.94	107.54	101.35	86.85	102.3	116.1	88.76	93.47	104.1	98.9	109.71	115.73	119.02	114.45	122.97	124.96	117.54	117.31	118.32	115.66	109.73	113	119.61	119.62	107.42	106.25	115.49	114.65	112.39	104.76	98.77	95.63	83.7	69.68	175	175	96.78	94.28	89.18	112.07	86.96	78.63	78.96	55.12	70.05	72.51	88.2	80.13	76.47	88.6	88.68	95.84	88.64	97.09	143.46	102.58	96.24	93.95	97.56	92.7	95.79	93.79	103.6	94.62	94	89.92	87.12	86.17	100.72	102.82	97.6	110.56	82.89	105.13	120.83	126.45	127.86	116.3	121.35	137.52	135.19	137.69	136.69	139.68	131.29	128.9	129.22	127.94	119.37	119.7	120.49	128.86
2025-06-29	126.46	121.14	117.56	117.49	118.32	118.87	118.4	118.6	120.26	120.91	121.35	121.01	117.34	117.51	120.09	115.95	114.84	117.48	116.61	118.42	117.53	120.74	121.95	122.13	112.33	112.88	109.85	108.92	119.46	109.96	105.93	103	98.13	87.9	88.99	85.19	91.68	80.5	83.09	20	48.87	44.66	30.75	18.81	82.58	79.05	1.41	0.98	6.65	65.75	83.57	83.19	6.22	1.98	61.24	45.5	65.06	78.75	15.54	8.2	48.3	77.56	82.04	85.36	46.28	61.29	63.4	73.35	81.46	88.91	91.06	97.46	73.85	89.91	90.48	95.64	98.76	102.07	111.88	125.55	112.37	132.68	131.74	117.82	90.28	125.89	127.01	127.06	144.25	145.15	90.57	130.78	144.77	143.63	112.39	85.14
2025-06-30	125.04	72.78	72.77	74.81	106.5	28.87	70.35	71.9	111.74	128.05	112.25	131.78	128.18	108.49	110.97	108.07	108.88	114.86	98.1	100.31	103.72	78.58	88.56	108.92	120.75	104.92	96.68	78.51	107.05	105.34	111.57	114.95	100.42	65.01	107.47	123.04	110.85	121.85	124.27	108.93	207.87	99.86	102.58	109.12	95.5	96.01	108.35	114.22	104.08	96.97	103.82	110.94	105.45	96.24	102.71	105.35	104.17	106.89	104.19	107.95	104.57	98.39	104.27	108.56	113.64	119.18	122.12	152.21	112.08	126.54	133.31	139.84	128.13	134.37	129.32	128.91	126.82	119.9	110.46	113.12	114.58	131.42	118.24	136.75	135.12	168.78	154.1	126.99	172.87	175.9	166.48	151.85	152.09	134.49	131.76	127.87
2025-07-01	134.69	132.2	134	128.51	129.96	129.06	131.12	129.67	139.63	136.59	137.12	136.71	128.61	124.87	125.66	127.69	120.94	122.04	121.44	121.42	119.21	119.11	115.5	117.98	118.69	117.93	116.66	118.5	119.89	120.7	119.11	112.81	116.09	107.83	114.29	114.7	106.25	107.61	101.96	102.76	95.49	88.61	92.47	96.27	121.72	123.68	131.93	127.32	123.84	112.53	143.79	148.04	215.08	219.28	174.86	168.45	129.21	123.56	131.75	144.3	127.25	129.92	128.88	133.62	142.6	220.69	220.23	151.17	101.35	117.61	119.44	117.56	130.94	149.23	130.97	119.43	117.41	115.87	125.8	120.74	110.08	135.28	127.57	128.78	124.99	167.02	135	48.88	76.75	164.51	174.14	147.17	142.51	112.29	114.91	105.15
2025-07-02	131.31	130.12	122.34	99.37	118.3	113.98	120.38	120.41	108.57	99.62	100.01	101.8	99.66	124.9	111.79	113.17	110.53	112.75	113.19	112.57	111.96	111.66	112.06	113.26	98.36	109.62	108.76	111.33	113.57	113.8	111.61	113.35	113.14	116.81	110.25	110.32	132.38	105.47	105.58	104.33	112.03	104.56	108.9	110.78	128.94	132.95	146.47	140.65	121.53	138.98	143.19	137.43	171.65	165.12	171.05	168.16	153.99	139.72	169.93	175.88	174.39	176.04	173	165.03	131.71	129.49	129.45	138.92	109.38	102.77	103.3	122.44	99.62	112.5	102.47	110.29	106.83	111.33	56.39	112.94	113.67	104.79	122.49	112.24	125.72	126.42	127.95	127.1	126.76	125.42	125.59	125.6	131.83	122.57	123.18	119.63
2025-07-03	116.26	116.41	113.74	112.97	117.87	118.41	121.47	120.6	127.44	123.8	123.51	124.01	120.52	121.3	121.64	119.41	116.19	117.11	117.43	117.75	115.86	115.03	116.56	116.64	108.88	110.04	110.42	110.62	111.21	112.08	111.97	111.03	119.89	112.68	110.6	99.38	96.44	90.65	93.15	87.33	78.17	84.98	94.66	89.03	109.48	108.93	107.14	107.97	100.44	101.92	101.2	103.82	106.91	107.52	106.91	110.4	112.77	111.24	108.82	113.71	114.6	113.6	111.56	118.54	116.3	118.91	119.04	120	112.13	117.71	147.88	148.63	117.9	234.15	184.06	201.33	128.16	123.21	258.39	150.98	119.54	123.97	118.85	118.5	134.93	137.83	85.24	74.98	127.97	155.89	148.27	150.57	119.03	70.1	110.24	72.21
2025-07-04	93.26	121.07	112.67	103.56	107.75	130.3	112.98	112.8	108.58	91.21	59.42	47.03	91.38	70.2	96.89	113.29	97.1	73.06	55.17	120.1	109.77	132.46	279.29	124.33	105.12	95.66	117.84	124.1	125.54	111.42	112.39	110.64	107.09	105.57	107.29	98.54	107.37	106.89	108.38	20.51	100.67	63.3	20	88.16	100.24	94.36	90.4	91.43	93.15	85.09	84.32	90.6	108.01	110.37	108.46	106.04	86.06	91.79	92.7	92.66	92.66	88.18	95.2	117.57	111.62	103.93	112.23	116.57	115.06	117.76	124.01	125.48	108.11	125.41	125.53	127.95	115.43	115.79	119.67	110.21	108.44	109.3	84.3	92	94.88	87.72	124.89	91.88	136.92	97.91	141.02	130.33	127.27	132.04	117.69	113.38
2025-07-05	86.44	70.96	71.47	70.4	104.44	78.4	80.2	76.79	122.89	13.97	64.17	69.32	58.75	103.97	101.52	69.69	106.11	87.54	102.01	106.82	106.47	106.56	106.66	106.68	61.79	74.41	121.36	121.84	120.43	108.25	104.14	108.23	108.02	127.7	205.37	92.79	111.63	109.51	96.53	81.29	82.26	80.76	76.54	69.79	15.13	75.57	78.2	15.63	-21.77	-21.13	40.55	26.77	5	-8.89	-5.74	-4.52	-4.39	-3.89	-3.44	-0.41	8.08	59.57	-5.18	96.05	91.93	97	93.85	85.47	18.97	89.93	89.99	90.23	88.36	90.98	114.64	100.38	86.82	90.43	92.88	19.33	35.87	58.13	60.53	57.26	127	123.35	102.36	120.92	78.75	78.14	59.35	56.2	132.6	59.71	56.98	33.7
2025-07-06	127.21	142.77	59.26	56.51	69.99	95.03	101.01	102.43	105.65	105.35	111.61	109.78	113.16	112.46	113.01	112.94	111.02	109.4	109.44	108.24	109.68	109.66	109.57	108.33	94.84	95.52	102.69	99.84	99.63	96.34	91.63	90.82	103.17	93.9	88.88	-8.08	-5.28	-7.4	-14.6	-18.47	-15.66	-14.31	-18.37	-22.41	-14.62	-7.48	-13.15	-4.75	0.1	3.78	1.77	2.04	-18.05	-17.24	-13.49	-10.04	-13.4	28.88	34.24	29.02	83.43	-19.73	81.41	80.22	-6.21	0.77	1.09	-2.04	-2.1	-2.49	2.54	2.15	-4.09	-4.19	20.99	12.9	68.81	62.5	83.74	111.92	99.31	112.33	113.69	116.57	108.1	108.55	109.92	115.07	114.03	117.24	117.31	112.4	148.1	118.61	118.02	102.46
2025-07-07	112.94	112.44	110.04	107.22	108.33	107.54	105.4	103.1	102.4	102.17	101.37	101.3	107.97	107.54	107.54	107.55	105.56	106.71	105.53	106.9	104.2	104.01	106.97	112.04	99.36	98.43	98.62	100.91	98.89	101.39	108.95	96.72	107.6	97.69	97.11	9.43	0.73	95.45	-24.17	-4.2	36.59	23.91	21.21	-0.42	16.3	52.81	27.89	4.9	77.43	0.02	21.01	1.15	85.93	21.34	6.33	87.11	1.57	79.63	24.3	87.08	82.82	-1.07	-9.96	-4.58	3.18	-2.72	-2.51	-1.3	-0.39	0.9	13.46	14.34	0.16	-0.01	6.35	12.51	-1.75	31.49	6.46	89.98	77.17	100.82	101.65	118.21	110.95	132.36	114.42	120.16	112.06	110.19	109.98	106.98	116.69	110.29	108.67	92.77
2025-07-08	102.78	101.08	101.57	98.47	92.83	85.64	87.47	87.28	101.4	98.44	91.47	73.6	100.24	97.57	101.31	102.22	96.98	93.35	94.79	96.17	97.06	98.1	98.55	104.82	89.27	91.65	103.54	101.25	87.17	85.92	85.96	86.87	101.57	102.72	100.33	90.83	96.83	77.87	92.53	84.69	52.57	14.74	4.98	-17.61	-4.89	-6.51	-10.11	28.04	100.75	25.92	63.78	6.18	14.94	1	-3.93	-4.13	69.14	41.14	-5.36	4.33	-3.3	-3	-2.99	-4.31	9.17	19.07	20.59	-2.5	7.54	-0.66	-0.54	-0.72	48.81	80.43	118.61	141.47	104.84	57.9	69.72	79.89	92.79	115.04	110.09	119.72	122.67	134.86	122.98	120.97	120.16	119.75	114	109.89	112.69	111.11	105.66	99.52
2025-07-09	121.61	110.99	115.51	103.65	111.47	104.81	100.87	85.6	115.47	104.9	105.3	104.33	104.22	103.6	103.29	103.71	106.81	106.79	86.24	86.87	121.81	115.99	98.12	81.18	43.42	108.59	122.77	116.04	107.43	111.02	108.26	123.46	92.4	110.28	107.91	108.64	116.46	113.24	107.55	105.45	102.34	101.93	113.15	122.21	122.29	115.4	115.11	154.52	122.13	154.81	165	185	150	216.2	153.82	147.92	127.35	125.44	120.29	143.2	127.29	127.98	137.94	110.28	127.66	125.46	125.32	125.58	116.26	112.49	128.44	230.71	112.1	113.75	111.18	115.51	111.76	119.98	147.43	122.76	115.36	129.16	137.57	127.82	151.28	168.78	242.63	245.65	144.27	139.16	143.81	135.42	119.81	124.73	125.69	104.83
2025-07-10	89.86	83.81	136.98	82.59	82.95	64.53	114.72	71.33	86.27	83.82	82.02	91.49	118.21	120.45	119.45	112.9	73.74	71.8	61.38	100.48	103.37	77.43	78.16	72.5	66.95	126.56	78.45	83.99	94.8	95.25	95.6	79.87	50.38	99.69	119.3	114.36	81.1	77.09	85.15	53.13	92.37	104.56	121.45	100.11	109.53	113.59	111.51	111.34	129.2	117.97	115.6	119.56	110.37	110.65	108.48	119.73	59.85	72.07	92.83	113.32	35.42	31.34	28.87	15.2	97.15	103.56	55.5	104.67	39.05	57.48	55.36	84.32	86.1	82.84	43.32	100.69	17.79	43.51	30.49	109.15	130.14	120.53	109.7	140.88	146.78	149.44	148.89	154.78	164.61	141.77	116.17	117.23	104.08	135.56	134.09	-6.49
2025-07-11	105.1	100.24	102.47	103.03	119.63	110.12	79.79	57.57	142.49	82.85	117.85	118.33	113.49	106.24	99.78	99.78	127.06	123.61	88.55	114.78	105.97	115.47	104.28	113.79	153.48	70.06	81.02	93.63	102.67	112.45	107.81	107.26	85.98	116.81	123.75	122.21	116.68	103.34	108.22	109.67	119.43	120.51	113.89	110.65	128	127.16	120.48	114.09	113.55	104.35	96.39	95.88	89.03	77.27	28.04	90	84.81	78.12	83.4	19.94	62.38	78.2	91.76	92.71	94.83	87.58	103.01	102.2	97.59	101.7	93.55	96.75	82.62	107.04	95.42	86.73	85.31	102.12	90.73	80.58	129.41	111.3	115.9	122.99	114.13	77.57	144.15	145.23	106.91	104.88	107.25	138.46	110.97	102.98	125.36	120.98
2025-07-12	345.11	72.85	70	69.2	82.33	121.55	82.31	118.41	127.4	210.02	121.35	119.46	121.15	122.2	123.23	121.22	124.88	125.57	124.4	124.13	119.77	121.64	123.55	125.66	119.88	120.22	118.82	108.91	116.52	110.87	92.33	104.53	142.81	210.13	223.35	127.59	161.19	108.79	115.72	116.37	125.43	150.98	137.51	134.11	167.19	172.78	172.92	140.9	128.46	128.72	116.86	112.55	104.43	104.38	104.5	95.71	97.57	94.69	91.2	-41.34	92.26	-1.08	-3.02	-3.11	11.38	-5.11	-9.86	55.84	9.26	81	44.41	67.25	115.83	201.79	244.5	95.66	98	109.7	149.44	145.76	122.37	119.68	109.83	127.19	60.51	139.39	144.68	83.12	205.67	125.02	119.64	78.1	125.41	81.16	78.54	71.7
2025-07-13	134.19	136.35	134.63	132.02	135.77	126.87	80.55	117.8	118.73	94.25	107.27	76.49	97.52	93.19	95.1	94.64	121.88	121.45	117.4	107.98	120.53	109.57	122.65	122.6	109.15	123.66	123.72	122.56	126.19	118.7	113.12	94.95	86.66	9.37	6.97	-6.68	-4.23	-16.8	-14.9	2.98	5.3	21.8	49.43	85.85	95.88	91.74	113.25	99.67	94.46	89.82	87.14	101.99	95.26	0	-1.05	-2.33	-1.28	-7.66	-12.88	-20.32	1.62	20.99	15.28	28.19	-0.53	-3.66	0.24	2.36	-5.05	-3.28	9.01	19.71	83.85	91.27	108.33	128.67	106.37	105.04	101.48	104.96	111.46	30.81	56.21	72.45	82.58	99.16	119.72	124.48	123.76	142.43	119.66	126.31	126.79	100.58	95.56	92.55
2025-07-14	130.93	77.92	76.32	68.23	71.2	122.42	121.27	63.1	63.27	72.09	62.93	59.04	61.11	64.08	64.81	106.07	106.69	66.7	69.09	87.04	123.64	103.21	73.13	72.3	77.95	111.42	119.59	96.14	90.89	112.53	112.13	121.53	111.82	100.8	109.38	94.83	94.81	93.03	87.54	-0.14	-0.06	103.56	103.2	87.72	102.75	97.39	87.1	100.55	105.94	105.6	118.78	132.62	149.95	126.93	124.6	124.11	222.7	215.51	143.91	143.35	165	153.68	139.74	134.75	246.6	249.63	55.46	102.66	-0.06	47.5	59.29	102.78	4.69	48.26	51.79	85.91	91.23	95.19	103.5	85.75	91.22	119.93	120.41	121.82	124.21	123.55	138.48	134.75	138.21	113.21	113.85	133.62	121.78	120.08	118.64	64.55
2025-07-15	98.09	96.78	107.45	95.49	125.21	109.81	118.29	49.9	119.23	103.73	111.54	122.47	115.07	117.42	109.12	109.09	115.56	117.35	115.67	115.86	115.71	112.28	71.53	59.89	102.73	65.01	65.29	64.17	125.81	121.35	75.35	109.35	67.79	47.64	21.68	11.64	58.66	13.82	4.67	91.63	27.23	20.71	86.04	34.81	93.54	95.82	7.7	96.37	119.25	98.81	89.45	87.72	94.58	94.25	90.89	86.47	94.8	97.13	99.94	94.1	100.43	-5.41	88.52	93.62	87.96	78.6	86.45	48.58	78.69	16.6	12.77	43.69	63.76	73.88	111.83	101.23	112.22	128.29	125.28	117.15	113.58	116.79	116.49	118.61	135.8	136.9	140.4	137.86	135.35	133.9	128.07	127.72	120.38	116.45	118.04	112.05
2025-07-16	127.56	124.86	127.82	125.85	126.7	128.04	128.58	119.75	128.57	128.69	132.95	130.23	126.13	126.93	127.27	127.39	124.91	127.06	127.05	125.38	124.45	121.59	123.41	122.05	110.93	111.83	118.03	119.96	125.11	124.5	123.98	110.07	122.6	121.84	86.53	60.05	118.96	122.3	87.21	33.78	43.85	53.76	42.66	65.04	89.8	4.08	0.25	90.12	3.4	4.68	104.76	101	93.18	125.14	94.88	90.59	91	88.88	91.9	95.43	88.45	89.24	84.37	84.68	90.07	91.65	94.2	92.23	91.43	90.51	84.76	82.13	74.65	61.17	93.51	92.34	98.72	102.27	141.52	124.8	101.19	114.72	123.06	127.53	136.5	172.95	174.25	168.26	171.04	162.85	157.73	143.5	132.43	113.74	110.5	131.18
2025-07-17	100.94	79.09	77.11	77.15	130.1	338.05	138.85	117.96	136.37	137.33	129.16	132.03	130.8	127.35	130.21	129.14	130.22	124	109.38	125.42	109.59	114.25	112.92	106.55	119.79	98.93	112.39	102.42	131.87	131.48	119.26	79.07	77.02	123.06	129.37	135.21	105.87	99.19	93.2	94.36	89.32	90.29	91.27	85.73	35	96.02	101.01	93.14	96.74	95.42	95.7	94.16	101.22	88.89	95.14	103.74	101.71	96.26	97.73	95.77	95.33	92.23	92.8	93.04	92.45	99.41	91.93	94.82	91.21	98.02	107.64	121.07	112.58	121.32	125.47	130.18	124.62	132.74	131.41	129.25	125.36	123.11	120.9	111.13	150.53	146.09	146.99	135.43	123.35	127.18	108.28	187.07	125.84	126.31	122.29	124.34
2025-07-18	114.42	117.23	114.21	116.01	118.86	118.97	120.75	124.73	128.41	128.82	127.84	127.12	126.56	126.74	128.82	124.82	120.5	121.5	121.37	120.01	126.11	124.1	126.02	131.51	115.17	111.07	109.25	110.68	124.78	127.9	118.25	114.59	116.53	106.45	110.42	93.35	126.26	115.51	98.31	91.86	97.51	80.23	47.65	5.09	78.07	24.65	18.07	-2.08	25.19	0.09	0.25	3.49	94.9	95.69	58.2	57.2	-3.1	8.63	92.77	91.13	91.53	90.9	92.09	93.4	61.39	77.37	81.38	93.06	104.82	110	16.12	40.12	-0.1	18.16	99.33	101.08	84.4	104.5	115.94	159.98	98.77	91.88	98.6	100.64	125.15	118.19	121.06	120.01	106.85	85.48	121.06	106.18	114.91	105.63	107.6	78.14
2025-07-19	82.33	143.23	105.57	57.44	73.32	78.89	85.57	50.12	98.16	101.55	98.74	94.51	96.19	111.4	98.62	98.69	113.07	105.26	104.8	103.91	88.16	91.04	96.31	103.29	107.5	108.08	106.28	108	111.73	108.76	107.05	103.61	101.32	94.54	40.83	2.63	100.56	78.64	-12.54	-8.68	50.59	41.15	-4.05	-4.89	-3.47	-5.69	-9.13	-13.61	-5.16	-9.81	-6.05	-5.55	-17.91	-18.66	-19.51	-19.83	-16.22	-17.37	-7.53	-1.79	6.22	26.45	23.38	18.07	51.56	26.33	26.49	20.44	6.1	92	69.96	38.48	8.03	103.01	100.67	-3.66	88.43	107.34	174.25	178.32	92.17	102.46	116.12	101.83	102.78	105.24	113	108.21	102.82	98.58	98.22	89.85	98.07	87.7	86.82	52.46
2025-07-20	97.82	93.06	82.07	75.75	75.84	72	65.54	61.14	76.44	75.78	75.79	67.31	84.36	80.29	72.65	69.65	105.28	84.92	97.58	84.07	74.65	96.77	91.55	86.53	69.22	64.3	70.06	56.2	99.36	127.06	156.03	68.21	38.59	65.13	14.43	10.21	-6.3	-24.29	-13.13	-16.39	19.35	-16.13	-5.24	40.64	-9.85	-3.63	-3.72	-6.49	-8.78	-6.62	-5.13	63.43	55.46	100.55	33.19	0.98	122.62	0.6	7.35	8.26	-6.23	-3.28	28.26	31.61	47.31	16.79	12.19	10.94	-6.52	-3.94	10.25	5.83	2.84	26.26	24.15	7.68	32.23	5.59	110.11	95.08	47.76	98.04	122.31	106.87	79.98	87.17	93.5	95.25	121.21	127.99	129.55	106.99	110.04	93.92	94.89	82.91
2025-07-21	105	91.87	71.93	71.81	71.93	94.95	89.18	79.95	72.07	70.56	69.18	70.45	70.01	64.55	64.93	40	25.92	18.32	65.29	9.7	93.76	93.65	48.55	21.62	93.17	101.5	79.77	87.33	86.3	86.6	83.25	105.91	31.15	93.96	13.91	8.77	68.24	3.47	-0.08	-2.21	22.75	21.14	45.77	27.94	-0.71	-2.1	8.06	104.89	19.18	29.61	56.13	7.4	-0.84	62.85	51.77	-5.15	-1.8	3.19	44.97	12.09	-8.11	-10.31	-4.76	-6.36	-5.93	-5.47	-6.53	48.67	41.14	-3.18	5.43	59.61	141.44	88.43	112.41	141.29	131.57	-7.48	93.75	97.51	58.66	85.09	121.26	103.86	145.53	90.36	170.48	166.82	104.14	130.24	342.59	144.33	114.48	48.32	51.18	50.93
2025-07-22	125.7	125.54	121.57	51.38	125.98	127.73	126.7	125.47	106.93	104.38	115.02	113.75	109.92	112.05	111.29	39.24	108.61	115.27	113.03	109.98	102.67	116.38	119.64	112.66	148.33	130.66	118.11	119.92	96.01	117.62	144.58	137.4	106.51	103.93	116.51	117.1	100.29	84.31	34.08	2.22	2.43	45.73	51.7	36.8	28.37	52.06	65.28	-4.19	55.02	42.85	53.43	23.37	9.13	87.05	77.28	8.41	6.8	59.45	7.05	3.31	-1.2	-2.31	-1.92	77.67	-1.5	-1.11	35.61	57.25	29.62	54.45	43.02	69.24	-7.94	5.31	4.36	56.53	75.13	72.07	96.6	120.91	160.84	112.33	117.79	128.65	126.31	133.39	139.83	136.96	129.9	121.06	118	121.02	110.96	96.13	103.05	234.14
2025-07-23	117.33	119.6	115.18	113.14	119.1	113.55	107.83	106.72	112	110.71	110.44	110.54	105.99	106.82	108.77	107.25	101.08	102.59	102.63	105.59	106.88	107.16	108.56	109.53	110.74	108.88	108.72	107.42	113.13	113.02	117.77	114.48	99.9	118.31	102.8	93.8	95.09	89.88	75.59	86.24	90.15	81.54	97.34	90.81	222.75	102.32	109.74	99.88	108.45	139.58	117.95	108.84	109.11	115.57	119.84	139.93	111.4	98.62	94.51	94.53	95.73	102.87	94.12	95.93	95.03	101.3	120.97	104.24	112.26	117.12	120.1	129.41	109.56	105.34	131.42	124.18	98.04	101.8	105.19	113.33	91.48	81.7	103.34	106.37	134.77	130.29	124.79	117.02	111.34	109.72	97.65	92.15	112.37	110.4	108.38	95.86
2025-07-24	36.58	37.97	31.22	12.09	95.61	91.45	91.65	69.52	101.44	97.99	96.97	96.31	94.14	95.13	96.72	94.72	91.68	87.15	89.82	91.08	103.4	102.81	99.41	92.74	62.29	88.35	82.44	78.68	88.38	86.9	90.79	90.45	91.12	90.49	111.63	128.82	151.3	154.46	165	155	89.21	65.63	97.95	89.92	85.67	80.72	74.74	19.38	70.2	28.75	10.78	79.34	18.6	81.78	5.64	-18.41	-2.59	-14.24	-18.37	39.11	23.5	11.02	81.82	25.4	31.26	-27.37	-3.76	14.29	-3.88	-1.61	46.76	36.76	1.18	-10.73	75.92	58.3	-4.83	-3.66	75.54	78.85	90.97	71.1	69.18	91.89	90.45	94.56	97.38	93.29	90.13	39.36	168.89	103.06	90.44	110.03	92.17	95.25
2025-07-25	15.45	16.2	-5.42	-1.98	83.79	27.39	3.4	86.27	92.89	84.23	77.6	51.32	15.23	73.87	73.94	53.52	46.06	45.59	45.17	43.58	11.03	8.12	2.33	11.27	92.46	89.51	33.39	50.36	90.46	89.25	35.22	35.99	8.18	3.83	2.75	-6.16	-2.5	-5.07	-12.12	-13.59	-31.62	-26.43	12.88	46.17	49.43	32.73	35.33	85.16	15.26	4.81	70.62	39.24	-3.29	37.29	-2.77	34.9	15.84	-1.36	-3.85	-3.66	-7.04	16.5	2.31	-5.03	-3.1	31.25	5.74	5.08	-1.7	0.2	0.05	-0.88	2.02	-0.4	0.37	14.26	43.67	102.24	96.37	93.14	76.31	137.45	84.9	94.73	93.23	92.28	93.78	96.97	101.93	173	45.44	94.06	131.71	100.44	42.58	46.57
2025-07-26	95.86	106.47	98.11	49.75	82.78	80.33	78.79	73.05	78.06	61.65	87.72	74.21	77.84	63.16	67.44	22.52	46.71	52.18	46.83	52.34	46.29	12.85	8.96	48.19	62.75	66.3	46.76	43.95	51.62	48.5	47	55.02	41.31	24.42	-2.76	-7.53	-3.2	-5.82	-5.93	-7.89	16.64	21.12	5.97	6.22	41.76	0.49	43.19	36.48	49.71	47.9	17.93	32.67	-3.35	8.52	6.22	11.65	5.03	0.26	-3.66	-3.68	-3.15	56.21	-2.46	-3.19	-3.23	-3.22	-3.05	32.47	50.75	-2.22	-2.98	-2.93	39.36	16.44	27.16	15.34	28.59	25.47	32.57	108.24	78.15	85.29	88.03	107.94	94.57	98.43	98.55	103.96	102.6	99.29	100.36	99.62	104.96	94.11	95.4	92.72
2025-07-27	96.81	96.48	90.42	85.19	97.8	112.84	106	89.57	88.9	90.15	92.94	86.95	94.3	88.32	88.62	83.82	80.86	75.5	70.91	68.17	70.55	82.29	82.34	79.57	81.38	81.38	83.18	84.3	51.95	52.3	51.07	54.77	60.78	31.24	-6.22	56.16	71.91	-4.11	-15.03	-20.95	3.96	2.23	22.67	12.48	7.35	13.69	5.29	-3.5	-3.66	-3.25	-3.47	-3.71	5.07	7.11	30.88	18.94	-5.83	27.26	-4.37	-6.13	-4.34	-4.44	-5.17	-4.21	-5.15	-5.21	-4.12	-4.54	3.67	3.05	4.9	2.32	-4.2	-8.07	-6.04	68.83	40.56	9.79	75.27	55.94	80.29	63.95	90.62	92.97	90.49	93.98	90.97	104.82	118.84	108.93	120.93	122.89	110.73	110.32	109.21	111.87
2025-07-28	108.16	83.54	70.13	73.58	92.42	83.1	88.34	91.82	80.68	45.15	46.26	84.33	52.01	50.7	50.55	48.6	55.92	53.28	49.86	50.71	48.37	50.54	50.88	49.81	37.78	51.02	55	75.11	75.27	83.05	79.96	81.75	54.99	78.02	11.65	-15.05	-4.14	0.5	4.81	-5.57	23.82	18.23	3.39	2.27	-3.58	-6.67	-5.71	43.01	-5.86	-4.81	-4.7	0.27	1.66	0.19	-2.51	-1.31	-3.15	-2.48	-2.64	-2.51	27.99	2.36	34.54	-2.63	-3.22	5.68	24.82	21.11	12.98	12.29	0.86	-0.49	-16.35	39.25	50.24	32.01	22	90.42	106.91	100.29	56.3	65.39	83.47	96.43	104.83	85.81	87.37	106.34	106.32	83.03	33.11	42.97	81.07	63.17	66.67	49.66
2025-07-29	85.02	83.01	84.02	55.74	86.85	90.91	94.17	67.31	81.12	81.31	83.09	70.42	86.55	83.78	87.78	87.19	65.44	59.34	75.57	62.83	85.4	84.86	93.85	96.08	51.86	46.01	65.51	86.47	79	93.11	94	87.09	93.38	96.82	93.18	49.33	57.82	67.85	53.3	9.24	17.42	14.72	4.87	-4.73	6.32	0.42	-2.19	-2.89	-2.63	-3.13	-2.33	4.06	10.95	-2.72	-3.01	-3	-2.97	-2.98	-0.89	-2.21	-1.96	66.73	-2.68	-2.42	-2.93	-3.16	9.42	21.57	26.35	25.34	1.39	24.55	6.48	-3.69	0.04	25.38	53.4	0.02	82.82	104.4	89.8	103.52	113.76	150.13	170.61	145.59	135.86	137.78	165.72	138.95	114.31	98.96	110.45	105.51	98.74	95.3
2025-07-30	95.71	95.98	97.99	98.71	101.66	95.85	96.41	88.67	87.38	82.86	82.83	76.76	63.04	47.71	48.63	52.91	66.04	58.09	62.93	56.39	48.97	67.24	80.11	85.2	80.33	80.1	92.46	97.9	96.8	98.14	94.13	96.58	115.02	91.54	93.48	93.25	91.82	90.31	69.65	52.28	55.16	-3.62	-4.42	4.36	0.17	0.22	2.72	12.18	5.37	46.27	2.07	22.5	26.14	28.18	1.07	-1.66	-0.08	0.95	15.03	-2.85	-4.57	-3.27	9.03	1.03	-3.63	-9.44	9.79	15.8	0.29	37.58	64.61	76.51	47.55	70.47	110.45	105.75	85.31	70.05	89.73	95.69	94.44	118.49	105.58	122.69	131.54	131.44	125.01	113.43	118.62	116.61	102.72	99.65	99.82	97.17	77.06	61.14
2025-07-31	109.11	92.46	97.54	56.89	100.61	98.2	100.47	129.02	139.19	166.13	69.94	61.51	52.24	42.29	29.72	25.11	61.38	31.34	53.64	75.88	25.68	40.69	34.64	56.15	54.25	297.88	235.78	199.61	127.1	168.69	85.88	88.65	113.78	89.74	92.88	101.19	104.67	86.55	-14.13	-14.06	58.25	92.73	90.45	29.33	25.55	0.06	34.05	62.08	94.54	83.74	100.79	103.96	5.72	15.13	9.09	0.86	4.93	-0.77	2.53	31.42	-21.5	45.83	72.48	26.55	26.58	32.26	33.74	34.53	56.78	69.81	52.94	59.63	-0.16	42.61	94.65	170.61	193.88	101.87	140.99	102.77	99.73	109.25	111.95	105.24	107.57	112.71	117.05	118.53	129.7	119.99	108.49	111.72	111.18	108.92	100.51	98.4
2025-08-01	117.55	114.63	108.57	148.77	120.26	114.66	104.22	68.88	92.61	72.72	34.67	30.11	25.54	8.8	94.96	88	99.44	83.39	84.49	79.28	46.42	49.03	44.03	63.12	99.83	137.54	130.22	87.42	45.02	55.07	48.95	91.12	120.39	115.36	119.24	120.4	123.72	86.51	84.3	86.77	91.25	88.63	53.42	56.21	59.6	33.62	39.93	19.81	2.79	19.66	19.32	24.88	3.52	-4.88	-5.01	-4.79	-5.95	-1.13	5.82	3.11	-5.58	7.92	12.55	21.96	33.62	21.37	47.09	73.95	41.07	69.77	93.27	74.63	92.27	84.27	79.78	88.98	87.93	86.86	82.89	112.35	88.9	105.86	104.04	109.32	123.69	124.71	123.24	122.02	114.05	112.96	112.32	110.29	125.64	105.66	109.11	97.86
2025-08-02	105.77	95.32	106.33	60.93	86.76	46.77	40.58	19.48	47.88	3.91	-25.45	42.68	65.56	60.37	41.6	63.04	104.12	98.85	90.62	7.62	27.01	35.68	-2.34	25.18	45.55	7.87	32.9	38.08	30.02	13.47	45.79	15.15	53.97	47.59	50.15	-3.47	8.91	4.54	-37.38	-10.54	9.4	4.78	3.97	5.49	18.97	9.2	-5.69	13.8	-9.03	-5.63	-3.18	-3.41	-2.43	0.95	1.73	0.95	-3.49	-3.57	-4.24	-3.96	-3.26	-3.23	8.15	3.62	1.69	-4.19	0.08	0.07	0.07	0.27	13.76	33.17	27.79	-5.68	20.48	38.55	110.58	150	94.99	97.87	83.67	90.01	101.41	108.94	114.67	115.15	110.69	109.95	118.7	112.69	107.21	86.52	95.19	91.47	90.56	86.91
2025-08-03	104.02	96.98	100.3	72.12	76.15	69.7	15.92	-0.25	61.98	27.28	56.22	65.97	43.75	28.06	31.53	31.16	36.4	31.94	24.02	41.84	31.3	36.31	76.27	66.64	76.49	78.67	69.36	80.24	70.24	76.32	97.16	15.04	16.01	27.38	31.87	-7.25	8.7	16.17	3.82	-4.55	4.84	2.59	-4.23	-1.93	6.73	6.14	-5.77	-5.42	-3.02	-4.52	16.83	-3.32	-7.42	-7.85	0.76	1.96	-0.1	-0.14	-0.06	-3.2	1.43	6.03	2.8	0.77	1.61	16.42	6.25	40.85	44.13	3.96	6.59	3.85	0.79	45.44	74.97	87.72	57.1	66.79	93.92	111.78	94.32	98.11	108.98	116.43	120.38	119.07	114.86	115.65	118.52	109.98	107.39	97.63	107.82	95.16	87.79	81.33
2025-08-04	88.12	83.18	84.84	66.47	42	92.89	95.46	88.74	90.94	95.9	99.86	100.43	103.28	102.64	104	105.23	101.04	101.33	100.39	99.47	100.52	101.61	102.98	103.42	93.96	87.34	98.44	102.84	92.6	93.54	92.27	65.1	103.89	95.4	87.98	79.37	86.71	78.22	20.5	-4.76	-1.48	2.55	-12.14	-5.71	5.42	-2.08	5.04	4.13	64.57	85.6	60.5	59.39	62.44	90.69	83.75	79.1	78.04	69.53	71.82	86.27	88.41	61.7	81.71	48.95	-0.16	72.63	66.32	78.74	72.02	83.62	78.2	86.71	90.02	90.75	91.81	99.33	79.26	105.54	105.58	115.07	102.16	109.2	143.5	109.93	140.97	148.41	149.44	147.11	140.71	135.17	133.57	121	114.04	111.25	106.59	94.12
2025-08-05	150.13	140.83	131.82	132.45	107.32	108.08	107.19	101.53	100.96	101.36	100.55	98.78	104.8	105.36	111.01	110.43	109.04	107.1	101.91	102.21	99.85	91.81	95.29	102.75	83.89	99.97	102.23	99.94	86.43	83.32	60.25	74.51	98.78	100.02	90.51	93.28	86.11	83.89	87.58	-17.1	0.78	-1.47	26.7	35.83	36.46	31.87	-0.29	-3.35	7.78	-2.19	21.84	7.66	21.05	36.23	50.96	2.42	0.22	-1.95	-2.8	6.2	26.25	-6	-4.51	-1.21	-2.99	-1.95	5.05	59.15	100.77	203.84	80.7	-5.83	49.22	-20.61	79.43	89.41	99.72	108.63	119.55	120.21	104.82	114.12	119.5	144.13	142.59	125.28	126.76	120.4	110.73	110.03	109.05	110.18	107.93	110.07	110.69	106.94
2025-08-06	108.85	108.8	108.63	108.07	108.78	108.16	107.98	108.15	109.33	109.76	109.55	109.08	105.06	107.07	109.57	108.62	108.42	108.72	109.25	109.42	110.06	110.24	110.11	110.42	105.86	92.97	94.84	96.56	94.24	94.36	94.1	93.9	100.9	94.12	104.38	101.1	107.52	99.87	94.26	95.18	112.19	105.23	98.65	76.23	98.61	82.81	70.59	78.87	82.55	85.32	92.8	88.1	91.63	123.58	132.7	140.01	128.93	127.71	125.61	117.86	119.58	122.56	123.11	110.68	106.38	108.33	110.17	106.04	109.06	124.84	124.34	114.95	95.16	99.16	112.67	113.14	109.68	107.96	85.16	104.55	168.29	171.48	130.09	116.8	168.03	165.28	168.21	168.24	151.12	144.51	144.02	139.64	113.18	111.93	109.09	110.86
2025-08-07	142.63	149.22	129.09	123.49	115.74	117.44	117.81	114.68	116.96	108.5	104.5	104.8	119.8	113.82	110.75	110.21	110.38	110.46	108.76	108.28	105.78	107.88	110.24	110.19	91.41	84.88	86.4	80.7	114.46	112.18	90.46	60.1	92.62	76.64	90.61	64.9	107.93	106.2	95.74	85.2	-0.69	19.3	73.81	-27.71	-32.13	-2.99	-2.99	-3.33	-3.28	-2.73	-7.02	1.35	158.58	107.27	-4.49	-4.8	70.24	56.99	77.18	25.75	41.29	25.25	34.07	43.77	-7.31	19.32	20.34	55.09	42.81	73.74	89.96	94.96	86.81	109.32	107.04	114.23	106.53	119.7	119.21	103.48	101.12	100.87	106.5	110.41	127.75	130.5	137.85	132.09	110.6	107.65	106.02	99.02	99.96	43.06	32.85	57.63
2025-08-08	88.95	101.69	109.7	110.94	107.19	104.11	103.37	83.03	120.29	99.8	104.55	104.11	90.73	91.36	93.07	95.75	105.4	108.97	108.31	109.84	103.22	104.46	108.53	109.7	52.67	62.81	39.76	66.94	44.85	98.54	93.42	84.49	115.25	127.43	110.27	66.96	89.61	73.13	80.82	68.65	24.99	13.37	-2.08	-0.15	5.14	1.33	1.8	0.13	0.78	6.96	32.9	42.54	10.6	8.04	78.13	82.67	5.17	44.94	31.21	7.63	5.8	8.59	31.64	56.67	83.17	115.51	69.07	86.49	97	97.2	110.05	115.08	82.96	94.68	99.44	109.45	105.48	115.51	117.06	126.37	111.5	113.05	105.03	108.96	114.23	124.58	115.79	126.42	109.3	101	104.11	91.16	102.89	81.33	73.59	100.58
2025-08-09	113.91	109.7	106.14	57.01	113.47	113.22	110.29	75.46	113.71	113.33	112.68	114.15	112.77	113.36	112.85	113.95	114.5	112.03	114.3	112.99	108.71	108.48	107.98	109.6	94.22	108.89	112.21	112.09	101.68	100.61	109.69	106.03	116.05	113.7	103.29	91.31	81.86	102.5	87.41	-4.99	79.63	38.41	10.3	-7.34	3.94	2.2	-2.25	-6.97	3.36	27.17	31.02	74.03	3.48	3.52	1.55	-2.78	0.67	1.32	1.17	0.61	2.84	13.45	13.78	8.85	0.95	1.96	6.14	5.24	3.98	14.36	59.19	68.32	91.92	98.97	106.38	135.73	105.78	105.78	110.99	119.55	84.28	92.52	91.92	104.49	111.72	115.27	97.32	105.19	107.38	102.85	100.52	91.5	121.22	114.21	110.08	102.38
2025-08-10	105.12	103.87	104.69	101.34	94.96	90.26	89.79	87.99	89.03	88.62	88.7	84.13	83.57	84.38	87.07	85.42	89	86.46	85.91	85.98	90.57	92	95.33	95.15	90.74	93.01	95.6	96.05	93.99	91.42	91.45	86.99	91.31	88.09	-0.27	48.77	21.2	80.66	0.65	0.35	73.16	0.06	0.13	-3.71	0.52	1.88	5.78	7.13	0.63	25.81	3.7	1.17	0.55	1.22	2.57	2.91	0.82	0.68	1.07	1.5	0.36	0.02	7.59	-1.82	-3.5	2.61	1.98	4.14	-16.3	0.1	55.66	68.19	56.93	79.95	78.47	91.23	80.72	91.6	96	99	122.78	107.43	98.72	106.6	94.45	117.15	120.54	122.08	131.02	84.26	86.5	84.79	109.02	73.06	84.72	72.92
2025-08-11	109.21	108.34	110.69	109.83	108.34	107.1	103.2	102.84	103.13	102.02	101.27	101.1	101.03	101.65	101.8	102.05	105.97	103.85	100.54	100.33	100.02	100.26	100.85	103.45	99.98	100.27	100.46	98.63	93.36	96.4	98.16	98.23	44	100.39	44.09	100.6	156.07	75.06	83.46	78.12	58.16	20.55	62.69	34.01	79.1	-1.11	-2.51	19.28	206.56	93.46	96.76	86.19	95.85	97.21	93.05	87.32	64.39	53.99	66.49	61.5	95.9	95.95	92.37	90.73	81.82	89.27	94.94	97.87	98.54	104.58	107.09	106.06	108.3	112.72	114.16	118.07	112.38	112.02	117.01	124.11	149.58	134.23	131.32	135.12	143.82	144.39	144.28	144.28	133.86	133.63	133.62	131.92	113.18	112.98	110.84	110.5
2025-08-12	104.11	102.95	107.95	106.27	117.47	107.18	102.16	103.65	121.59	121.08	125.11	130.29	136.27	138.96	139.83	134.48	126.7	121.53	123.83	124.22	120.44	125.8	125.54	127.97	109.18	102.11	102.16	102.07	110.41	109	109.47	109.79	96.96	99.44	96.57	95.34	101.3	101.41	111.6	93.55	103.2	101.65	108.12	107.44	100.3	101.45	112.33	102.6	101.58	104.41	106.16	116.37	108.53	113.66	112.78	121.84	125.06	115.85	113.51	128.43	145.87	135.57	148.8	105.58	101.85	115.26	135.79	117.06	108.12	101.78	103.35	104.97	97.23	94.41	93.38	120.06	117.17	57.21	60.01	117.25	66.06	68.63	76.75	77.15	73.39	70.18	14.08	50.15	61.98	59.47	60.61	54.15	73.91	61.2	61.57	59.41
2025-08-13	124.42	59.47	171.88	110.89	110.61	57.32	107.75	120.93	218.75	128.05	186.68	131.53	137.93	134.92	129.84	125.28	126.76	134.51	135.32	106.58	111.01	108.91	110.68	115.51	105.38	104.17	79.37	90.81	99.05	105.32	96.04	102.06	105.11	114.8	116.78	99.83	106.19	93.27	94.7	88.54	36.89	41.75	85.3	84.55	157.2	97.87	102	99.73	85.95	48.21	79.05	88.41	87.07	84.87	100.37	108.29	146.74	174.7	131.52	109.88	97.59	98.64	97.43	90.61	99.53	103.95	107.21	109.59	104.48	108	108.13	112.5	106.83	95.33	94.46	102.14	30.99	44.84	99.39	105.63	130.95	102.97	103.13	127.78	124.76	118.1	85.7	89.16	90.9	131.27	133.82	80.96	106.43	102.1	93.97	78.67
2025-08-14	123.73	148.86	114.49	71.71	114.27	114.31	115.39	123.84	117.75	112.72	117.26	112.93	113.99	118.28	114.26	118.76	114.37	112.87	113.51	112.95	104.46	105.44	104.14	105.56	105.92	100.52	99.15	90.43	117.32	103.3	98.64	91.63	105.24	112.79	110.29	49.6	57.03	8.26	23.39	8.64	54.95	14.61	-5.49	4.36	14.93	-1.27	3.58	2.92	2.98	75.64	67.39	58.03	63.02	32.19	65.04	44.71	84.95	36.8	61.42	75.77	95.11	96.03	90.37	86.06	83.35	90.43	93	97.81	89.01	79.04	93.04	95.76	84.25	96	101.69	109.96	108.93	107.9	122.53	141.55	132.53	144.28	147	142.34	147.26	151.68	150.49	149.24	125.55	122.47	125.35	119.82	112.63	112.47	106.96	104.02
2025-08-15	122.91	117.77	120.32	113.81	117.6	111.96	111.1	108.91	102.23	101.56	101.21	97.66	99.82	98.69	100.63	99.49	98.94	98.91	97.31	95.28	96.81	93.81	95.57	94.17	101.15	98.97	100.27	101.88	101.31	100.89	99.57	91.3	96.23	93.83	8.69	6.17	101.89	146.77	81.24	53.12	21.59	39.42	13.52	0.82	16.89	9.79	9.55	30.03	62.13	85.25	83.89	55.12	4.88	3.56	23.77	152.52	14.14	3.83	31.52	58.9	9.42	64.09	72.38	82.93	38.37	65.39	83.54	95.37	85.36	82.05	92.48	96.21	90.45	99.29	117.74	127.01	108.82	115.11	136.18	142.29	117.32	139.39	144.54	148.52	147.38	146.76	144.97	144.98	143.33	136.85	134.71	129.61	127.28	125.5	121.98	104.6
2025-08-16	130.87	125.39	121.16	121.5	120.64	118.43	119.19	118.29	119.67	119.38	119.58	117.55	111.16	106.62	106.34	105.12	105.58	106.11	106.1	111.7	108.91	106.93	118.76	115.33	120.58	120.3	118.93	119.74	121.06	119.95	120.51	120.32	121.1	119.95	104.9	95.63	70.74	62.5	79.37	60.64	24.16	22.86	8.09	8.42	3.97	18.69	-2.01	0.6	23.74	9.65	32.35	34.06	43.5	38.94	79.43	83.21	76.11	75.09	75.47	81.39	84.03	60.47	58.63	83.1	68.91	62.01	71.55	112.95	67.94	80.27	90.13	90.17	98.75	102.6	127.32	128.71	112.88	113.71	134.66	163.4	137.96	139.02	141.83	137.4	144.09	146.5	148.15	145.85	141.08	139.85	159.92	143.93	120.68	118.67	116.8	105.33
2025-08-17	122.51	126.04	124.73	116.55	118.58	123.83	116.24	118.31	129.33	128.39	131.07	124.85	115.28	114.46	114.37	114.93	118.01	114.7	114.71	115.1	115.6	115.4	114.6	115.73	115.13	114.9	114.38	114.9	112.75	113.65	117.08	107.78	109.18	109.37	103.45	98.39	96.14	92.58	93.97	75.22	74.51	74.95	86.54	51.15	82.4	77.09	76.15	50.23	82.01	48.69	33.94	33.44	66.09	38.08	12.64	7.11	7.99	14.84	10.74	0.2	2.97	26.82	59.23	65.78	60.84	80.77	72.81	83.14	66.66	76.11	82.28	90.06	79.9	96.01	106.76	108.27	101.61	110.38	118.4	110.93	112.91	120.39	116.04	117.47	115.82	116.04	119.69	136.47	131.95	137.07	106.27	118.35	122.55	104.47	105.98	92.85
2025-08-18	126.32	122.93	141.74	141.28	139.58	141.2	138.81	135.72	135.73	136.14	140.61	132.27	137.47	142.24	141.27	142.81	115.19	110.66	110.76	110.19	117.31	113.84	134.55	141.29	104.74	110.7	137.97	141.6	137.42	124.58	118.31	138.42	118.2	111.92	103.76	104.68	119.93	107.37	104.57	101.2	112.8	104.27	104.25	103.32	105.15	102.3	100.05	101.96	102.12	101.74	100.21	101.07	94.53	94.59	95.76	96.49	103	97.94	91.19	97.97	103.86	91.08	96.43	96.64	234.49	93.18	93.24	117.5	102.15	106.73	122.43	131.69	121.52	139.08	144.48	143.75	115.95	121.26	123.25	124.77	119.99	115.71	110.27	95.62	161.04	102.17	135.42	99.71	118.97	112.37	115.78	59.48	113.78	117	119.82	99.39
2025-08-19	92.88	87.45	107.25	28.35	93.04	93.02	104.81	95.1	103.11	104	93.17	100.58	95.84	105.72	101.7	99.05	101.01	107.86	104.44	103.2	105.34	108.04	110.88	108.51	102.3	103.33	104.61	114.49	102.04	93.7	77.86	89.58	98.56	107.05	103.95	103.07	98.19	100.47	107.23	96.04	113.58	105.76	92.68	99.25	92.74	92.18	86.25	71.63	78.74	29.72	83.95	12.24	-1.85	-2.16	-1.99	-2.75	-2.85	29.09	-2.52	-2.79	33.05	36.2	34.59	46.26	0.46	74.83	127.08	83	39.96	76.02	79.69	84.71	31.66	1.6	83.47	90.22	87.4	93.41	85.59	67.1	18.13	92.98	82.77	85.47	45.92	49.66	9.32	7.88	116.31	58.49	86.22	86.26	90.11	35.19	14.45	18.98
2025-08-20	77.56	85.17	86.37	68.61	87.86	87.16	86.35	18.59	51.97	13.23	8.01	70.97	88.75	33.48	23.25	22.1	72.23	30.28	80.36	80.35	67.77	27.58	86.04	97.85	16.22	83.09	85.61	83.79	96.22	98.01	51.98	47.57	95.9	95.93	90	86.16	95.98	85.11	70.25	64.13	49.04	-21	-40.09	-7.58	-5.06	-4.23	-4.2	-4.2	-5.56	-3.33	22.36	29.13	25.58	34.79	30.62	-4.63	-9.27	87.29	89.97	68.42	-8.74	-8.73	-8.41	54.76	61.22	-6.28	37.23	-6.6	-13.73	42.91	-8.38	30.03	-5.17	70.29	86.13	93.95	86	-15	-9.84	103.01	85.21	19.5	99.38	102.36	73.92	98.19	104.4	104.52	97.2	61.19	242.55	100.99	113.22	72.59	84.03	67.06
2025-08-21	182.54	70.33	61.5	44.44	65.35	38.73	41.72	31.55	76.89	66.33	55.86	31.8	83.34	88.99	89.37	85.99	85.99	86.49	77.08	84.81	72.14	80.43	80.01	86.32	85.79	75.23	71.43	85.86	92.49	89.9	93.3	90	102.3	96.4	100.15	87.88	98.31	85.37	86.84	79.23	85.29	27.26	0.48	-3.82	2.41	-3.38	-4.7	-4.44	6.39	9.36	5.38	57.1	-4	44.36	43.36	26.16	30.8	11.37	0.39	-4.4	0.49	8.33	1.01	1.8	-4.72	14.87	19.45	11.69	7.23	9.29	57.46	61.68	50.22	49.83	76.64	77.26	89.72	86.51	103.11	100.47	87.52	101.97	99.55	103.94	100.83	110.75	101.74	97.83	93.96	87.5	90.34	85.59	103.65	95.65	94.95	89.33
2025-08-22	99.79	95.91	81.83	64.61	81.93	20.51	18.92	8.53	84.33	31.81	9.12	8.87	62.58	78.88	71.72	65.16	44.68	42.43	41.25	75.59	93.4	80.21	78.12	78.94	86.84	84.29	84	84.31	84.59	87.01	90.74	92.76	97.84	95.13	90.9	87.64	108.95	91.06	90.78	82.65	30.11	32.68	81.89	18.56	28.77	33.29	-5	-1.52	11.13	12.7	18.9	-0.32	7.36	20.67	8.26	17.26	-0.09	40.64	-0.56	-1.71	-5.41	-3.26	18.07	-4.53	-5.6	24.8	17.28	33.37	61.13	-4.08	80.26	92.45	58.84	38.19	67.03	280.46	141.91	18.88	131.07	119.27	144.12	152.9	145.74	169.31	136.26	150.65	148.08	135.43	122.03	110.39	124.62	124.08	132.98	129.57	127.09	117.42
2025-08-23	118.71	101.07	96.43	95.64	103.55	105.5	101.35	96.06	97.04	96.18	83.81	77.95	89.89	94.92	78.52	84.51	84.48	81.51	79.35	94.86	89.07	86.29	91.29	96.64	85.15	86.48	78.66	72.99	85.42	90.29	70.63	69.49	84.65	104.86	84.69	87.24	88.42	79.35	53.98	36.9	8.76	7.92	-4.55	-0.95	25	7.54	-2.15	-6.6	-3.67	7.28	-2.61	8.77	6.2	7.39	8.64	-6.09	9.25	13.25	12.72	7.55	18.23	23.23	-2.97	-2.92	-2.94	0.27	24.08	48.26	64.16	38.38	-3.18	83.97	91.46	88.55	89.93	100.68	92.01	105.88	121.52	121.6	80.78	82.57	113.9	112.33	147.21	131	132.74	115.58	110.96	108.64	105.52	99.53	130.36	114.29	114.97	101.13
2025-08-24	105.57	105.6	106	105.83	106.48	104.11	103.92	101.51	101.11	90.23	98.34	89.66	95.34	100.15	90.5	102.43	103.44	101.13	103.12	103.92	105.35	119.17	116	111.42	95.27	96	97.25	97.79	91.14	95.37	94.02	92.76	97.09	91.41	78.72	79.24	79.46	95.69	78.22	27.72	79.46	74.34	85.62	80.57	63.02	28.61	-3.05	-0.85	1.07	9.49	0.27	3.25	3.23	7.34	-5.43	-3.72	2.27	0.11	1.84	0.65	2.92	-1.81	15.53	24.9	-3.57	30.05	32.61	54.64	74.15	82.05	121.85	100	85.77	86.98	104.27	126.44	94.63	104.74	134.02	118.58	92.84	105.87	115.19	119.82	159.54	174.8	170.5	186.84	139.18	129.88	116.83	109.77	112.32	106.83	104.29	89.37
2025-08-25	114.08	110.23	111.88	111.18	109.14	110.46	106.99	107.69	104.52	101.9	94.95	104.22	92.53	100.54	101.05	101.74	101.93	101.12	106.07	106.98	99.9	98.18	107.55	111.18	93.29	104.41	109.13	111.65	93.64	100.37	87.67	86.31	112.67	91.92	95.33	94.6	107.06	107.54	113.02	112.21	151.41	155.78	159.74	170.85	150.05	129.59	99.48	102.35	123.85	106.07	102.32	96.98	98.89	97.93	95.84	95.67	93.38	87.79	74.66	76.84	82.02	23.15	50.33	67.13	79.7	96.92	93.84	92.92	82.31	85.73	85.74	19.03	-119.86	1.01	26.59	34.8	28.1	42.22	107.72	114.31	129.38	132.02	129.32	141.33	163.47	154.09	146.63	131.32	131.05	118.78	117.99	105.85	112.59	108.72	102.53	91.84
2025-08-26	99.76	97.68	93.97	78.52	102.09	101.99	109.26	99.11	88.44	98.16	101.08	113.53	112.43	100.02	99.71	102.32	103.67	107.59	107.05	106.18	101.13	101.04	79.37	106.21	153.21	129.14	88.51	111.22	137.23	135.27	111.68	68.28	76.28	86.41	97.04	94.65	142.61	147.27	147.33	109.11	103.48	113.44	133.58	129.91	121.96	103.06	102.7	102.28	95.42	84.66	82.44	81.31	104.85	136.28	141.4	148.3	160.19	132.21	94.55	155.75	84.23	82.67	80.33	80.79	87.43	87.51	95.45	115.85	90.3	96.27	101.08	120.11	86.51	119.6	142.99	122.67	141.9	138.12	111.3	112.19	105.62	110.79	122.27	121.46	134.59	144.95	131.12	133.96	99.65	113.69	107.9	101.25	107.59	106.8	103.72	104.39
2025-08-27	129.44	124.17	113.96	113.45	142	164.52	136.21	143.81	136.38	139.85	138.69	137	132.95	138.68	140.12	140.08	138.4	142.21	142.44	142.84	138.32	136.83	134.07	136.47	129.01	135.22	137.58	124.52	99	116.41	111.05	95.76	108.27	103.82	99.22	113.89	114.07	100.64	95.23	88.95	109.16	123.02	101.21	99.3	97.13	91.18	86.96	89.54	84.36	86.24	90.2	74.91	99.71	90.35	79.79	-3.17	0.86	74.54	98.66	89.23	103.81	89.16	88.97	89.23	91.21	91.49	90.86	117.21	90.81	102.56	145.43	142.52	99.87	93.32	103.97	121.34	99.62	107.87	127.28	135.31	88.21	99.33	100.67	113.46	88.47	73.54	164.02	228.87	238.71	109.08	96.96	114.35	142.14	120.92	114.18	114.41
2025-08-28	98.01	97.81	96.59	79.44	105.97	101.32	97.26	61.61	90.25	90.71	64.43	81.65	91.87	86.85	85.67	82.22	81.36	68.7	69.36	69.41	89.92	99.44	101.98	105.64	94.7	93.86	100.98	102.13	66.96	90.46	95.93	94.25	92.14	79.84	89.52	84.35	98.33	-15.72	-10.06	-25.28	43.15	47.05	-13.48	-20.55	24.26	47.85	39.36	22.71	8.16	25.89	55.71	11.18	47.35	20.08	5.19	-1.67	4.66	2.77	-22.42	-8.98	-40.9	-7.74	-9.08	-3.04	-22.13	-21.13	51.37	-21.49	-24.44	7.37	2.88	4.02	62.87	43.5	21.09	28.29	49.5	-9.44	76.54	97.69	53.21	57.3	71.86	73.63	47.94	51.68	44.71	40.72	52.56	80.82	79.38	54.64	88.11	32.9	26.08	24.56
2025-08-29	61.69	72.85	64.47	29.35	89.3	12.33	0.22	65.02	39.91	29.79	98.31	100.28	129.48	115.27	163.75	93.69	79.82	80.52	45.74	44.9	89.79	97.27	91.37	90	48.41	36.36	31.63	81.05	97.07	97.45	103.74	139.56	104.87	96.89	97.44	82.87	36.42	36.87	10.91	31.92	35.34	19.5	-0.01	-12	6.65	3.86	15.77	6.54	22	1.94	3.61	-8.47	18.6	32.24	17.59	2.41	-4.48	-2.54	-12.96	-13.67	-14.14	-0.9	-19.23	17.28	-17.11	-16.19	-16.56	5.98	13.16	12.84	34.16	13.88	9.1	31.58	50.09	108.78	60.75	68.7	96.7	66.33	80.61	96.25	91.35	108.42	104.44	104.22	104.91	92.38	90.38	106.46	89.37	107.59	92.7	72.4	81.83	90.63
2025-08-30	88.71	78.67	58.36	75.53	53.25	80.39	81.4	86.47	82.65	83.31	83.67	51.97	90.37	23.09	19.97	86.1	91.55	46.93	82.81	88.55	90.82	90.28	85.03	54.17	37.72	39.02	84.67	35.3	9.14	92.4	95.69	50.6	64.6	48.8	15.13	-27.21	-34.76	-18.08	-34.48	-38.48	-1.15	-4.14	-4.14	-5.53	-5.96	-3.03	-3.08	-3.34	-3.84	-3.3	-4.28	16.77	-2.51	-2.54	6.5	21.98	26.29	26.4	-2.98	8.04	-19	-14.95	8.44	-11.82	-14.83	5.34	26.97	25.94	18.08	3.13	1.06	-3.03	-27.52	-9.52	70.01	79.17	102.67	93.87	85.43	82.56	104.53	127.94	103.22	106.55	107.77	107.56	107.55	103.42	87.88	79.59	69.01	62.53	77.8	76.45	97.81	82.78
2025-08-31	92.16	84.78	85.58	87.28	81.23	85.01	89.54	84.46	72.46	52.34	59.93	68.63	86.37	84.76	81.14	71.67	39.45	80.1	73.88	73.42	72.36	26.27	25.61	10.07	85.03	83.91	89.94	84.68	57.32	92.99	59.89	48.93	54.05	65.36	41.33	-5.13	3.43	18.74	0.26	-22.27	67.4	12.77	22.78	-5.32	-0.48	0.84	2.61	0	0.18	-1.06	-1.89	-3.89	1.31	0	5.95	21.55	19.61	30.8	18.76	4.45	0.14	8.95	4.81	7.19	14.28	7.41	1.75	1.12	-0.87	26.14	3.66	36.93	47.79	72.56	53.05	73.79	43.85	52.44	108.36	73.83	125.77	75.52	77.14	77.6	71.91	57.75	17.42	-19.05	29.5	7.13	23.61	21.73	75.85	60.72	78.38	54.73
2025-09-01	33.73	34.26	52.99	24.17	44.74	23.91	28.33	29.57	80.21	79.88	79.88	59.63	39.77	53.34	52.16	49.04	21.89	29.27	57.7	55.17	18.35	9.89	8.37	20.1	27.92	39.44	45.88	73.13	85.81	76.51	81.15	80.95	80.56	82.93	82	80.79	84.98	75.2	-23.16	-19.37	-32.2	-18.73	-8.07	-11.93	-8.6	-12.09	-9.74	-9.03	-8.19	-4.48	-4	-4.81	-12.55	-7.07	-5.33	-6.33	-11.6	-13.09	-12.72	-11.81	4.72	2.63	9.81	9.35	23.05	26.25	5.25	3.33	0.51	-16.28	27.37	16.98	-38.29	-12.41	-6.66	68.89	85.93	57.05	56.47	75.81	38.06	83.77	96.35	92.76	98.79	91.68	92.31	92.26	84.12	67.19	71.97	43	36.88	20.29	24.29	8.15
2025-09-02	107.47	111.81	108.17	110.47	109.85	108.29	110.15	93.35	35.91	26.44	93.78	90.4	89.87	92.9	83.1	31.88	80.94	17.32	53.89	5.89	92.89	92.89	88.58	80.9	85.84	42.93	65.01	29.82	91.94	94.17	87.8	44.73	92.59	105.57	86.79	56.43	99.04	79.68	28.46	28.19	39.42	6.23	-4.43	-12.97	13.76	15.7	-11.07	-18.69	-51.24	-20.17	9.01	-8.85	-16.89	16.38	-4.15	-6.96	-12.95	-10.15	-14.31	-10.98	1.62	0.3	-7.29	-6.42	0.86	-22.84	-10.68	-6.2	-5.46	-3.91	-3	-2.4	-15.48	-9.8	49.31	66.95	0.3	93.32	98.65	15.01	245.32	135.51	101.71	102.87	124.6	123.69	126	103.41	116.09	90.21	52.92	49.2	94.65	104.84	91.77	97.25
2025-09-03	120.48	112.97	40.67	93.77	106.05	102.24	85.65	98.53	89.27	92.09	86.07	87.17	96.32	85.74	81.35	80.47	87.78	77.07	82.96	84.68	84.35	90.47	73.07	84.34	90.6	87.1	89.57	90.53	98.13	90.95	89.91	84.83	91.57	99.07	81.77	78.44	92.04	79	-54.81	-40.33	-13.1	11.79	-4.66	18.89	46.59	25.85	8.04	25.58	86.8	35.66	13.29	-0.2	-2.89	-2.49	-4.58	-11.29	-37.17	48.26	-0.01	-17.86	-12.63	-2.25	25.47	15.62	11.58	-3.19	-1.57	0.05	-0.72	3.84	11.47	11.55	24.17	25.72	54.27	128.88	75.24	82.05	85.73	97.01	112.7	93.71	101.77	104.65	121.2	117.34	114.06	104.63	96.55	99.37	107.45	107.42	104.68	104.41	101.96	96.53
2025-09-04	107.64	106.76	103.5	97.36	100.47	93.25	97.73	95.3	96.74	94.61	83.02	68.97	81.18	44.62	52.96	62.57	81.86	83.58	82.57	42.63	68.11	69.73	18.17	52.8	82.62	77.87	91.72	94.8	67.79	86.15	63.2	47.42	75.81	104.21	103.36	84.8	91.28	95.34	82.16	-7.92	25.49	-4.14	1.78	-10.36	2.57	4.28	-3.78	-8.45	-7.83	-38.53	-7.2	8.97	6.12	16.9	13.08	-17.9	18.03	20.88	31.96	-3.51	-3.41	-6.15	-4.33	-5.45	-3.03	-2.63	-2.75	-2.67	-2.78	23.03	26.31	83.33	58.13	92.52	141.36	166.01	93.02	85.47	99.62	100.99	104.68	103.1	108.05	108.88	122.18	123.59	119.42	119.96	98.17	102.52	97.48	89.11	103.04	95.34	61.84	33.42
2025-09-05	89.81	97.73	96.45	90.31	91.89	92.03	92.86	85.96	80.74	79.34	75.96	74.78	82.21	76.93	78.8	82.6	77.95	77.44	79.97	80.03	75.8	83.34	84.02	84.68	83.49	84.45	90.1	84.71	89.98	89.12	54.17	42.26	97.47	100.21	97	87.63	96.35	78.21	75.16	77.18	46.89	43.32	53.17	1.29	29.25	36.18	32.35	77.62	77.24	70.11	80.91	68.62	71.36	67.74	83.36	79.91	62.8	66.93	62.95	74	83.82	73.65	3.52	1.51	42.22	34.81	4.62	73.2	15.02	18.32	52.13	77.24	-7.05	-9.98	-7.11	-0.26	-0.78	86.61	93.98	93.39	110.62	90.78	90.93	67.45	48.76	-14.6	76.46	39.75	72.78	78.9	92.23	54.73	102.5	89.03	87.63	33.7
2025-09-06	114.89	99.4	101.65	86.95	81.17	76.26	68.88	48.93	74.62	57.33	28.37	53.54	29.15	29	56.03	28.95	69.25	63.4	57.67	58.81	78.73	54.04	58.07	58.06	59.73	65.02	77.87	78.83	52.18	54.45	54.08	46.2	78.45	74.43	32.16	11.83	57.62	13.17	-4.11	-27.19	-8.75	7.26	-2.2	-36.35	-20.43	-19.09	-29.98	-29.1	10.38	8.41	23.81	5.3	23.36	16.43	14.37	10.14	-5.16	-9.57	-3.73	6.37	12.67	15.48	11.01	8.57	9.74	2.52	0.05	4.12	-8.79	-19.44	4.91	18.15	19.44	53.38	78.08	109.29	29.68	83.73	81.51	80.86	65.99	47.42	81.34	84.13	85.06	84.72	90.22	85	80.86	81.09	77.92	77.13	76.11	73.04	60.29	56.68
2025-09-07	-15.45	-14.88	-21.14	-3.32	25.93	79.17	83	81.69	75.6	84.2	67.78	45.48	27.15	17.37	53.33	54.33	54.21	37.41	32.75	39.59	76.8	87.63	68.11	51.5	64.92	62.26	59.84	60.85	43.11	53.36	40.15	46.36	76.81	78.79	79.15	74.32	84.97	85.62	70.14	81.04	56.49	64.84	64.74	55.95	33.89	37.48	22.03	29.54	3.77	3.56	3.5	3.44	25.85	11.36	14.39	3.54	5.37	14.53	19.39	10.58	4.17	3.81	9.23	5.38	77.63	82.11	83.57	80.72	73.2	112.17	144.87	90.46	101.26	103.3	106.45	172.05	164.13	137.73	119.5	102.11	101.87	98.01	101.92	113.23	119.04	123.7	120.2	141.95	128.27	129.9	138.5	124.15	105.85	101.73	104.19	106.76
2025-09-08	113.56	112.19	114.74	116.67	106.65	101.52	99.5	100.78	96.1	98.06	92.09	92.15	96.78	95.04	93.43	93.09	95.99	95.85	95.62	95.52	94.22	96.42	102.41	97.42	94.87	102.85	103.81	99.74	103.08	102.52	104.36	104.91	93.47	107.05	109.36	107.95	99.57	97.87	97.7	99.85	93.98	98.93	90.1	86.91	91.09	83.22	71.13	69.33	11.19	56.69	83.78	85.79	70.81	75.27	75.55	79.52	81.08	84.34	82.38	80.3	63.97	75.72	70.85	77.36	83.89	82.51	74.38	76.29	24.25	64.59	71.53	78.95	6.47	-8.11	6.5	4.3	-0.41	16.99	19.58	14.9	110.89	133.77	177.18	54.76	42.88	90.5	34.97	51.9	82.34	81.5	86.03	86.62	89.46	85.45	84.88	72.52
2025-09-09	92.46	90.39	91.51	91.77	93.43	89.9	86.41	89.23	91.39	90.84	90.79	90.95	92.18	91.14	91.33	86.88	35.26	74.04	85.01	79.64	40.64	46.46	86.61	92.84	96.76	97.2	85.67	83.81	92.33	27.71	79.92	75.41	99.21	106.76	93.11	74.58	81.37	83.58	63.36	18.64	76.87	62.68	61.5	63.11	77.21	81.77	81.34	79.6	82.35	-11.12	14.04	-6.25	-3.54	-4.56	-3.95	-17.68	-11.73	-9.66	-3.59	32.42	-3.08	27.28	31.01	20.05	-16.33	-12.6	-41.42	-33.09	-6.88	23.25	51.96	26.53	65.66	-12.62	83.83	0.55	124.7	89.36	90.28	27.85	120.35	123.34	47	103.79	116.59	113.16	32.56	112.93	103.81	105.17	104.29	31.06	98.42	98.26	95.3	44.55
2025-09-10	33.91	31.21	28.4	27.26	39.02	31.86	-11.73	-118.51	17.98	24.79	14.59	16.13	24.96	14.38	16.24	17.91	23.52	19.21	91.56	13.32	7.73	83.87	15.3	15.54	17.25	86.72	29.84	17.22	24.03	98.38	99.98	90.77	86.46	91.68	89.61	20.12	57.11	9.06	-64.21	-10.3	-4.19	-6.7	-13.52	-42.54	-10.23	-25.74	7.9	9.61	-7.35	-28.8	18.96	17.13	0.36	-2.38	-5.82	-13.41	2.16	4.92	-2.5	-3.44	1.7	3.51	-3.56	39.77	30.28	43.3	54.48	58.96	-19.13	-33.77	23.1	0.03	-6.12	46.12	68.59	69.68	76.39	113.1	171.07	233.09	96.58	1.23	14.59	24.1	106.1	102.09	102.09	45.63	102.12	40.16	35.08	90.95	84.78	35.56	37.17	-14.37
2025-09-11	-8.99	21.46	21.95	18.27	31.33	83.43	99.69	92.03	82.59	12.54	7.39	88.86	118.95	91.13	74.47	9.89	-41.32	-54.74	85.65	86.11	23.87	6.69	16.78	28.45	29.65	25.54	36.63	34.19	92.11	36.83	51.29	42.04	44.39	88.9	84.98	13.15	-1.89	68.04	-6.75	-220.46	5.68	4.71	-12.88	8.07	229.77	54.23	2.74	0.63	3.62	-2.85	-4.93	-3.51	-3.39	-0.96	-12.02	-11.56	15.44	10.08	11.21	1.1	-8.55	-6.77	-2.34	-3.67	-3.76	3.43	34.47	-3.92	-19.4	59.35	8.55	22.11	21.76	-9.7	-8.97	12.73	4.67	89.09	93.15	99.96	106.91	34.11	119.67	119.37	125.35	103.37	77.35	111.62	107.62	39.01	37.97	33.45	109.44	105.2	31.3	27.71
2025-09-12	99.87	100.31	106.6	37.25	32.12	35.42	32.44	35.94	51.84	53.88	89.91	55.19	48.35	45.57	43.39	37.28	97.96	49.34	59.47	45.3	32.81	39.6	22.94	31.76	38.55	44.61	108.52	96.47	135.55	132.74	107.34	98.65	95.29	80.16	102.25	122.08	28.45	109.3	108.84	3.29	5.31	70.97	75.88	75.99	5.33	-6.4	-34.9	-28.78	-4.63	-1.79	-2.33	-3.02	-1.88	7.37	20.53	16.94	-2.98	-3.18	-2.8	4.42	3.65	-3.2	1.17	208.59	7.46	3.52	16.27	11.98	32.17	19.69	21.27	71.59	5.61	48.1	90.5	108.33	61.87	104.01	145.54	109.2	116.49	119.54	130.97	123.33	154.7	142.99	141.93	140.65	110.09	69.1	85.76	85.96	92.68	89.31	89.37	89.51
2025-09-13	105.01	100.44	61.71	51.51	99.97	97.66	93.37	58.92	103.32	104.65	65.45	65.06	107.52	104.9	105.88	100.9	102.17	100.82	96.51	99.11	96.64	76.36	96.97	67.21	34.97	27.46	11.73	19.08	29.75	65.65	32.79	32.92	106.99	109.04	91.19	92.3	84.22	78.93	-7.22	-11.91	15.78	24.69	-10.93	34.05	14.46	12.42	6.96	2.65	20.73	-0.22	10.2	5.66	29.34	4.16	6.04	5.03	4.13	0.3	13	5.6	-10.86	-26.71	-5.03	-5.88	-8.06	6.45	53.21	26.08	4.65	3	4.25	5.31	-9.71	-21.47	58.53	100.88	135.63	94.4	89.43	86.82	146.11	116.54	111.85	102.63	95.7	44.55	43.4	59.61	109.52	90.72	72.96	65.85	83.19	86.3	82.42	71.12
2025-09-14	90.54	99.03	93.7	84.28	93.99	90.82	90.98	89.17	83.15	71.82	36.92	41.56	70.35	65.72	90.53	43.56	76.38	71.48	78.43	81.88	54.99	70.06	93.25	94.19	41.9	79.38	76.54	76.44	50.01	53.8	85.34	53.83	84.75	84.93	76.33	56.38	36.63	38.18	-4.7	-74.19	4.19	-9.84	-26.99	-130.9	50.63	46.23	28.64	14.6	14.05	27.5	0.97	11.12	9.98	-8.47	-10.26	-5.28	0.63	0.02	-2.8	-4.54	-6.35	-3.91	-4.83	1.12	-3.25	-3.7	-3.7	0.57	-8.79	-3.32	3.48	2.44	-30.87	-4.79	31.07	98.62	102.54	90.83	112.49	124.31	114.61	105.91	106.48	115.27	136.99	89.9	82.04	81.26	123.76	116.58	117.09	95.38	93.13	88.76	58.79	50.17
2025-09-15	104.99	106.82	107.37	104.94	101.55	96.06	80.28	84.9	98.37	45.55	63.1	68.08	93.06	59.97	93.76	50.63	105.68	105.36	82.97	88.64	87.89	100.44	106.33	102.08	59.09	97.63	58.85	55.77	65.69	117.27	66.67	128.29	127.26	127.28	97.49	60.06	77.3	96.39	99.78	93.62	73.31	86.94	-5.73	-4.23	8.87	5.5	17.97	12.01	16.03	5.02	7.91	5.01	68.81	59.18	51.47	65.13	66.74	35.93	42.49	60.97	70.54	59.44	73.8	87.29	35.44	37.75	39.75	35.78	15.87	71.92	69.81	85.77	64.34	84.35	83.13	99.06	97.36	127.34	204.03	118.97	116.18	116.88	115.53	117.33	111.77	107.93	105.93	107.94	103.81	102.09	101.08	98.13	101.87	90.71	89.33	89.65
2025-09-16	104.16	106.09	101.2	102.32	112.28	110.53	110.15	108.58	110.59	109.25	107.74	107.94	104.63	102.31	105.17	103.47	105.63	105.92	106.99	108.95	111.59	107.72	106.69	106.52	108.39	105.12	44.81	47.79	106.33	123.54	123.94	121.84	77.98	76.59	126.89	68.04	111.8	107.55	88.81	38.63	72.18	50.33	28.58	7.32	87.36	83.63	82.49	77.84	63.27	67.24	68.71	72.31	53.49	58.8	62.33	58.72	45.77	36.28	50.62	61.04	69.96	71.3	74.85	73.22	82.87	85.27	86.39	87.26	87.55	86.83	93.43	96.63	91.29	86.19	97.19	108.1	125.62	110.7	112.13	109.78	131.86	133.23	133.76	138.06	192.93	180.23	167.58	192.72	112.86	113.08	115.34	113.19	104.77	106	103.36	74.45
2025-09-17	122.79	121.02	109.96	107.46	111.24	107.38	105.98	106.37	112.73	106.4	104.78	99.68	102.99	105.43	114.75	106.25	103.16	102.27	98.48	104.43	104.56	105	104.58	53.18	97	98.8	104.03	97.51	102.92	127.28	131.99	130.8	102.1	94.86	111.74	59.65	55.64	108.37	96.26	90.74	74.93	70.73	-119.05	61.49	81.27	82.08	83.05	81.46	71.96	87.02	79.97	82.61	82.92	81.98	83.78	89.03	65.45	67.5	66.43	70.73	57.76	56.22	42.3	45.69	46.36	52.28	57.53	61.17	70.79	79.08	85.03	84.62	80.31	87.27	94.09	93.94	116.82	119.03	116.44	120.07	150.21	151.35	154.23	154.07	215.32	210.02	207.47	162.97	54.37	125.65	116.11	120.65	112.06	106.38	105.89	101.06
2025-09-18	68.24	70.29	53.1	62.92	117.8	112.11	79.31	81.71	107.28	105.21	67.61	68.08	129.99	131.24	120.9	135.65	130.69	131.56	132.14	131.86	128.5	119.43	118.73	136.91	103.49	108.22	100.77	108.18	65.89	108.04	123.51	124.49	111.34	111.41	111.13	51.38	108.21	75.74	36.85	18.32	84.87	13.26	2.9	-0.48	3.43	5.48	4.89	82.77	0.45	84.28	80.81	-0.63	78.48	3.48	82.31	69.01	39.51	38.27	38.99	53.12	4.53	34.7	92.45	113.36	97.09	85.45	73.1	81.71	78.81	87.45	85.12	87.22	85.85	157.11	109.47	105.86	123.05	125.68	127.63	121.42	154.22	154.75	154.83	158.32	190	197.76	187.48	183.41	130.38	149.59	147.04	130.55	117.98	112.23	109.59	107.41
2025-09-19	108.32	97.21	66.54	69.87	96.12	62.87	59.55	121.28	115.28	114.74	117.26	98.24	92.99	110.53	108.76	98.19	101.62	117.99	110.83	87.4	116.2	70.32	36.94	18.85	60.38	59.7	113.45	67.19	66.39	65.5	51.01	105.92	90.23	128.53	126.2	127.25	222.31	138.43	109.33	104.46	100.32	93.5	91.76	89.72	88.27	87.37	86.71	85.15	73.35	71.62	69.47	34.01	79.8	79.54	81.32	76.79	86.67	102.67	93.62	97.07	94.96	95.1	132.47	150.36	127.34	130.19	134.54	169.54	111.86	153.63	141.71	159.69	103.96	109.92	113.6	107.32	106.75	106.01	94.53	99.77	49.73	111.65	138.58	50.44	54.08	67.83	39.65	30.54	112.72	32.26	33.87	28.18	117.74	121.77	121.76	27.44
2025-09-20	104.73	109.81	106.82	105.99	99.64	95.18	92.09	44.87	96.87	96.75	100.14	97.12	98.15	85.45	94.69	81.96	99.83	95.88	95.03	94.15	98.12	100.95	99.61	98.5	84.44	100.22	103.36	100.74	101.48	93.26	99.42	99.22	99.17	99.54	92.18	90.2	123.27	96.43	88.2	-6.15	153.17	151.21	86.02	84.5	54.51	9.01	24.79	-7.82	16.35	29.31	22.51	-2.15	-7.95	-1.66	2.65	-2.65	5.44	15.94	8.61	9.38	8.25	6.16	6.06	51.27	9.47	82.45	19.12	81.31	120.78	169.56	92.04	85.71	78.72	82.45	92.69	95.61	93.2	84.39	65.64	100.7	120.2	124.18	123.64	89.65	88.12	37.5	33.52	34.92	123.37	204.3	172.12	96.99	95.32	89.33	98.42	62.1
2025-09-21	87.23	96.69	123.73	92.09	90.97	74.66	101.69	78.62	27.41	32.03	6.32	8.79	91.12	118.84	90.88	17.76	66.73	5.93	9.45	9.26	2.4	8.59	7.1	4.6	134.15	135.69	124.05	43.72	9.81	99.47	95.49	97.08	102.88	87.01	54.21	92.95	101.78	82.66	79.74	11.06	47.94	55.25	12.41	-7.09	12.91	11.14	1.98	-8.56	2.26	11.33	85.83	39.86	-14.29	-14.18	9.75	40.13	6.33	-7.46	-4.62	8.54	5.07	2.1	1.72	-5.3	-3.26	-3	-0.2	0.49	27.69	17.31	9.76	-4.51	-104.55	-50.67	-12.78	-1.58	-3.29	-5.75	11.73	60.22	2.09	79.48	34.57	81.46	96.92	47.77	-2.4	14.74	80.51	84.39	19.98	17.89	27.35	24.63	36.12	30.19
2025-09-22	56.87	69.7	83.22	49.46	73.18	161.21	80.72	79.66	84.57	76.64	79.45	79.61	40	40.45	16.96	20.9	39.83	31.59	24.44	25.79	57.01	79.48	82.28	84.47	64.83	75.28	75.28	72.7	75.96	86.73	82.47	85.06	92.29	88.71	86.96	72.79	75.31	-0.46	-73.62	-45.52	-23.05	-6.37	-8.11	-5.87	-10.13	-12.65	-6.34	-5.54	-7.07	15.18	31.11	32.46	30.35	37.38	11.82	12.1	-2.59	2.49	-1.78	-3.14	-2.75	-2.68	-3.89	-1.36	-2.65	-2.46	-2.2	16.22	6.92	7.38	13.98	15.52	-6.97	48.11	91.1	96.52	61.68	102.87	116.11	93.85	89.6	65.43	64.71	107.2	105.1	89.08	62.96	55.5	96.42	98.99	99.45	47.84	49.84	47.53	94.7	92.55
2025-09-23	42.6	41.8	40.01	39.46	89.47	87.28	7.89	86.8	81.46	85.25	84.44	78.73	88.23	81.91	77.95	86.11	79.35	79.15	80.18	0.08	96.87	90.94	81.61	84.02	84.57	87.36	88.29	89.62	82.9	82.48	90.64	93.96	97.53	98.87	95.16	91.26	100.94	99.41	-12.22	-230.88	29.47	-15.51	-24.78	-1.94	39.61	36.43	-5.18	-5.59	-5.42	0.93	1.75	1.59	3.15	-12.44	0.12	-14.91	0	-14.66	0.09	1.29	-12.68	-13.43	0.31	0.47	2.26	10.96	0.56	40.43	-7.41	-1.96	-1.5	-4.66	-228.57	217.49	223.86	170.86	93.16	331.52	160.38	103.71	98.75	107.28	111.25	116.08	117.69	115.95	98.72	90.92	98.02	96.4	98.91	96.49	90.42	91.19	86.88	80.48
2025-09-24	89.57	90.43	88.89	84.49	88.54	88.59	89.53	69.86	77.97	78.01	74.36	89.26	91.32	88.97	88.94	89.03	71.4	76.61	76.46	80.94	85.78	87.96	88.11	88.18	91.35	94.91	97.9	109.89	90.51	92.04	96.32	107.79	92.26	94.21	84.76	90.65	90.01	88.98	91.63	85.58	37.48	31.26	59.16	-1.91	3.92	3.38	9.25	4.32	1.44	4.21	-1.67	-1.83	8.53	4.29	1.26	4.36	9.88	16.65	254.8	246.63	-142.84	2.33	48.08	-2.24	16.8	8.05	10.61	3.96	39.9	28.54	29.43	72.96	-13.68	35.33	70.68	83.43	59.25	95.75	97.6	98.73	65.86	99.22	111.06	119.12	93.52	111.21	115.8	110.35	91.07	92.09	86.3	84.33	76	92.35	79.94	84.65
2025-09-25	96.79	93.26	91.72	85.91	92.79	94.3	101.15	100.37	151.34	93.83	94.66	92.72	93.1	98.58	96.27	97.02	95.38	96.38	93.83	92.99	94.27	104.28	97.82	102.88	73.48	85.55	85.13	51.74	45.37	76.46	104.99	76.38	87.28	93.39	77.06	46.82	89.92	58.13	93.41	87.48	63.39	54.11	-99.28	-161.7	-186.38	-3.81	-4.98	-8.04	64.24	66.58	55.86	26.07	51.12	41.51	51.36	67.15	19.84	55.13	17.78	-3.12	28.74	26.25	19.69	16.07	-9.87	-1.05	-1.97	2.68	-1.13	4.14	2.97	90.72	-2.5	-8.31	6.72	27.82	74.46	104.59	123.61	106.27	146.83	155.56	176.17	174.52	171.12	167.09	147.79	78.23	125.84	96.51	100.61	78.29	52.56	59.97	69.57	79.71
2025-09-26	87.2	93.04	70.87	71.66	79.76	84.44	37	64.77	101.94	96.64	76.01	94.12	96.41	98.33	98.08	49.56	89.65	96.68	88.24	57.15	108.86	98.93	89.35	111.28	72.8	89.95	107.66	114.58	91.17	76.76	89.93	86.37	113.13	121.58	112.8	61.02	114.46	97.22	89.81	26.5	79.49	41.62	-0.22	-3.9	-2.45	49.01	49.11	58.05	49.91	74.2	58.05	-2.57	-1.36	58.73	41.87	-2.78	50.35	31.57	-4.74	33.49	28.87	30.77	32.53	32.29	69.37	69.52	42.05	72.81	65.24	69.02	0.28	77.2	102.48	106.55	139.79	205.66	232.25	83.34	231.26	122.17	136.91	163.97	152.65	131.84	134.55	135.08	89.94	72.41	111.78	89.17	111.98	102.61	88.35	90.63	88.28	64.98
2025-09-27	73.67	106.11	72.24	70.51	80.08	70.73	68.91	49.21	83.31	92.79	65.79	65.7	64.72	68.09	71.63	68.98	94.92	90.92	92.83	92.8	88.99	80.99	54.35	90.17	99.7	99.82	97.46	102.92	77	86.99	99.76	97.59	106.12	105.42	95.42	82.27	69.47	79.9	87.6	93.31	4.76	-2.62	-2.63	-35.34	-626.71	-90.76	-3.1	12.5	10.5	-6.33	-6.22	-7.22	17.13	13.31	11	22.9	31.18	18.84	-4.44	14.36	12.97	40.26	15.25	18.96	40.02	-5.8	75.42	89.75	84.46	85.09	56.44	62.14	75.17	92.78	87.48	90.57	93.61	83.67	71.95	73.49	90.5	93.03	93.5	83.42	58.94	27.88	105.89	99.38	101.77	77.77	84.37	58.85	72.76	77.27	80.31	43.78
2025-09-28	65.96	49.49	40.26	23.29	61.63	52.72	57.04	34.2	70.56	50.79	84.24	48.71	60.65	87.72	90.73	87.83	34.04	65.9	73.25	7.28	13.68	27.26	45.05	55.66	10.18	66.2	73.54	69.72	59.37	67.72	72.72	54.73	66.58	55.39	70.99	78.08	87.33	81.77	72.12	82.96	69.19	65.98	27.96	35.73	52.27	68.95	74.98	60.61	-1.39	-16.27	-8.02	-5.14	-0.55	0.41	-3.89	-3.24	-5.52	37.49	65.29	20.34	39.61	-1.66	58.89	35.65	24.87	30.16	73.09	83.39	57.44	70.08	75.22	66.06	74.82	72.95	14.37	9.69	66.35	88.2	79.53	77.63	58.62	71.68	53.01	41.06	36.53	13.81	79.88	88.15	157.58	95.13	89.87	87.48	89.25	94.07	89.85	80.58
2025-09-29	71.4	63.33	79.66	63.89	69.27	60.07	64.71	67.83	68.44	64.98	61	63.98	65.48	72.25	75.83	74.57	46.56	43.88	51.03	54.09	70.07	75.29	69.99	74.93	32.1	73.61	71.43	78.87	80.02	92.91	93.08	94.61	92.45	95.36	95.81	95.26	94.48	98.43	92.87	88.31	91.72	90.76	87.87	84.23	79.09	84.61	82.41	81.27	79.83	84.1	84.49	88.21	87.81	87.82	80.65	82.6	88.27	88.35	87.57	93.15	73.08	74.7	82.39	76.28	65.52	75.62	84.46	81.97	73.49	82.76	84.06	83.66	91.27	90.2	89.01	94.57	88.7	107.15	130.19	116.9	124.09	103.09	138.8	109.24	101.88	70.62	63.2	54.85	113.3	101.25	94.6	95.15	103.26	97.2	93.85	94.93
2025-09-30	83.38	70.23	73.53	70.77	101.74	95.46	107.57	107.57	102.39	95.15	96.52	95.75	105.65	65	91.22	96.71	83.93	82.95	96	90.66	48.53	100.78	101.16	104.75	110.45	101.34	103.44	102.99	108.75	106.79	119.08	111.19	101.07	141.77	105.67	110.04	119.57	103.94	112.81	86.83	91.7	96.29	87.37	90.37	91.69	87.97	85.34	76.31	84.63	86.87	59.42	44.14	61.11	117.1	101.05	91.01	132.83	221.61	96.74	94.59	94.6	113.29	97.36	112.51	95.54	99.14	89.85	92.28	84.54	82.35	78.56	85.86	58.58	49.12	84.53	103.21	86.31	97.6	116.49	115.94	104.7	173.56	191.54	196.02	161.85	98.27	74.55	45.76	115.21	100.62	78.9	81.34	115.38	108.97	106.03	47.89
2025-10-01	94.06	112.34	117.47	101.11	117.89	101.6	106.15	106.8	114.17	108.26	85.85	97.33	110.91	109.06	64.38	88.98	110.4	107.06	110.86	112.68	103.64	104.02	104.49	97.07	109.72	70.93	114.42	82.77	47.69	74.46	81.18	93.76	96.7	103.99	84.76	63	75.31	70.33	79.73	35.52	53.21	3.62	5.27	-36.26	55.41	83.3	73.12	33.88	30.49	-3.43	61.03	72.93	73.82	88.73	95.3	94.12	92.69	79.74	90.2	91.36	92.22	97.05	97.22	91.42	72.58	74.39	64.57	92.58	97.28	81.34	85.64	92.96	90.33	101	73.49	37.31	91.06	103.29	100.21	126.83	89.47	218.11	193.89	148.91	93.04	104.59	131.97	129.14	118.89	94.77	112.25	101.38	64.18	79.82	54.91	89.98
2025-10-02	116.87	118.73	111	102.93	102.38	58.56	34.37	74.94	95.84	85.96	105.08	79.56	100.21	94.39	104.63	103.04	119.36	129.53	121.61	120.88	99.39	116.32	111.16	58.83	66.46	107.24	107.24	95.53	110.54	97.1	119.11	112.53	165.5	154.56	135.29	125.29	117.67	92.2	93.81	74.23	95.02	58.63	17.36	34.17	23.62	35.75	53.16	48.03	-2.26	24.99	28.1	-2.95	66.46	60.75	81.45	75.57	78.82	6.49	-2.38	-92.09	-131.4	-92.67	-3.11	4.75	37.01	45.32	76.11	81.84	-1.64	65.64	64.47	88.1	87.92	92.07	94.33	108.97	119.09	102.3	105.95	110.9	134.05	119.06	121.69	148.15	138.5	154.43	157.46	136.87	142.54	137.16	128.73	99.81	112.37	99.66	93.24	80.35
2025-10-03	131.42	123.38	59.77	97.52	112.9	116.85	103.57	94.79	95.54	95.34	101	109.19	107.81	109.28	102.98	116.6	119.26	105.8	103.71	103.16	104.69	103.86	109.36	112.14	124.86	112.13	83.17	92.26	123.65	73.56	80.46	81.61	153.26	148	138.26	134.73	93.16	85	104.72	165.25	110.57	99.06	257.48	133.45	140.7	84.36	81.7	84.9	85.41	67.57	90.07	87.43	93.43	77.98	75.55	82.79	85.82	81.78	64.04	74.48	82.73	87.32	87.74	89.54	85.57	91.72	90.58	92.65	91.18	88.22	89.64	92.87	85.44	89.7	101.17	100.91	125.81	105.87	102.26	128.58	101.85	108.42	120.48	143.91	147.17	158.63	149.83	140.77	149.88	138.33	135.49	131.51	121.79	132.01	105.55	95.15
2025-10-04	112.84	126.91	129.37	108.6	111.71	109.19	107.19	103.04	102.91	100.33	100.14	94.15	98.83	96.14	93.72	86.84	98.79	94.94	91.73	88.39	100.04	99.78	98.41	90	88.67	89.63	91.73	95.17	91.65	92.22	91.66	90.63	96.97	91.09	87.79	96.04	102.9	85.38	67.37	79.72	60.93	27.77	3.77	1.39	-3.47	2.86	-16.59	-7.66	-56.8	-5.61	-5.65	-15.55	-22.71	-2.56	-2.27	-1.96	4.44	-3.5	-4.21	-5.22	-4.69	-28.53	-72.46	-18.52	-10.91	-13.73	-9.61	-8.53	-0.03	10.22	35.07	59.52	29.03	23.78	38.87	61.82	102.3	81.96	87.07	90.08	89.61	90.51	90.58	90.51	86.68	79.83	81.21	74.82	79.77	71.65	71.11	68.31	67.95	63.46	51.92	63.07
2025-10-05	43.48	4.65	38.45	83.88	84.83	79.9	84.11	87.99	93.49	84.95	72.07	76.24	76.73	77.35	78.42	76.08	61.58	64.83	79.06	81.34	82.2	69.97	70.24	72.42	82.72	85.53	87.64	90.92	83.89	84.59	84.26	85.37	82.76	88.85	85.69	87.7	95	89.69	4.78	-0.98	-106.64	23.42	-30.21	-31.72	-22.51	-24.77	-26.17	-29.59	-25.09	14.38	-24.5	-28.52	-26.74	-27.95	-40.45	-0.49	-37.48	-50.23	3.67	-41.84	-11.17	-51.5	-55.48	-42.89	-25.99	-24.66	-25.07	-24.06	-25.49	19.37	2.98	0.48	5.88	2.45	-4.29	-11.02	85.98	72.08	100.27	97.91	89.12	92.59	85.19	81.86	104.04	105.95	85.62	15	63.73	49.99	58.07	63.29	50.51	64.4	62.89	74.67
2025-10-06	69.84	69.34	77.32	61.53	90.8	93.55	95.42	91.09	77.33	40.85	78.36	77.84	82.58	78.08	78.27	15.35	77.96	92.69	83.78	15.94	102.85	93.22	68.24	58.65	90.55	94.43	81.76	100.99	34.01	105.53	67.33	64.22	98.57	74.53	93.24	74.73	89.95	90.3	71.84	63.6	81.94	55.44	8.67	41.13	78.36	71.42	75.04	79.45	86.6	91	103.75	92.59	92.83	94.69	91.08	91.92	83.58	83.29	82.11	80.48	79.42	79.77	73.95	80.12	83.81	83.06	85.51	89.9	90.67	87.13	94.51	93.59	89.81	100.41	139.61	120.64	102.99	117.94	142.6	138.84	110.88	139.49	165.53	154.31	157.26	80.5	103.43	79.41	98.81	83.13	94.31	81.59	87.73	85.11	76.01	78.31
2025-10-07	107.17	85.53	89.54	87.7	83.98	80.71	88.83	82.76	81.26	72.9	67.4	70.78	103.31	92.72	92.24	98.84	88.74	87.12	90.35	90.74	91.47	93.35	94.39	95.53	88.77	82.13	83.06	86.12	56.13	87.67	78.8	95.86	89.57	108.31	93.95	94.08	109.57	101.57	61.14	56.72	60.53	82.15	38.23	11.68	46.55	-5.68	78.42	50.01	70.31	7.37	21.08	37.31	74.36	66.32	3.67	-2.02	-2.46	18.81	2.65	-1.58	69.54	71.59	63.47	63.18	55.84	48.84	25.98	35.31	5.24	80.38	91.03	92.36	87.69	77.36	108.62	122.84	109.77	114.26	99.45	91.36	89.24	130.2	110.21	94.07	100.89	89.07	83.81	81.38	94.54	106.52	118.28	88.18	104.73	96.59	95.44	83.49
2025-10-08	127.5	112.64	107.13	105.99	112.56	111.61	113.63	102.68	112.55	105.17	109.22	108.78	107.65	109.01	103.03	104.08	120.11	122.37	119.91	113.11	100.74	100.72	68.82	72.54	74.27	81.18	73.62	92.64	77.94	102.7	107.9	90.47	130.84	102.47	100.91	92.02	96.89	98.53	101.91	83.84	112.82	107.23	111.54	124.79	134.8	111.12	102.36	89.24	80.76	1.12	58.96	70.6	73.28	83.35	77.85	87.01	73.72	54.47	68.12	79.26	84.84	86.85	88.62	84.18	65.76	61.81	71.52	84.71	86.51	88.67	85.95	91.01	99.7	97.98	94.56	109.68	102.13	93.84	75.29	132.74	96.23	78.7	88.71	55.75	76.21	82.73	48.5	80.11	94.46	43.36	74.21	93.97	95.59	77.57	89.92	85.71
2025-10-09	100.21	102.33	98.34	84.51	96.09	98.56	97	93.66	99.3	89.81	88.48	85.49	87.77	90.57	89.41	94.81	90.25	96.8	96.22	96.59	94.72	97.21	97.01	93.34	97.9	103.04	111.6	111.57	93.75	80.2	93.94	83.79	103.84	105.12	107.44	100.98	117.08	120.75	103.63	94.37	94.81	112.93	98.38	85.67	96.27	95.05	90.21	78.93	69.33	80	80.03	-1.13	-21.71	-5.08	14.52	31.97	11.94	-3.9	-2.19	11.82	-3.62	-3.29	-3.84	-160.89	-26.49	78.75	54.6	-14.02	-9.5	54.83	40.5	16.62	14.8	78.63	63.14	100.75	98.62	102.24	109.34	114.46	93.38	108.25	108.65	103.58	90.11	86.21	45.6	86.82	39.2	92.48	101.01	98.99	101.24	79.69	90.05	81.85
2025-10-10	105.97	89.12	57.94	78.01	88.39	64.02	126.7	68.25	79.17	68.51	72.53	56.88	80.57	68.42	81.05	26.37	75.09	40.69	80.58	85.34	85.94	77.44	73.71	89.86	86.05	88.59	89.96	89.14	74.54	38.83	41.76	43.03	94.33	96.33	104.98	96.36	88.95	87.28	71.68	38.66	78.56	-13.23	-5.46	10.16	-34.26	-113.98	38.47	65.73	-11.25	71.91	86.23	72.54	79.68	-14.08	-15.96	-14.68	-9.95	-10.89	-12.42	-12.06	62.54	67.73	68.97	-1.35	55.01	-0.45	29.37	9.15	82.54	54.76	92.35	90.94	77.83	94.63	97.25	104.26	93.67	94.29	91.16	112.25	115.89	56.2	62.83	63.03	98.96	95.07	92.38	101.55	109.9	89.88	112.31	113.15	30.54	28.37	20.23	96.53
2025-10-11	103.75	64.44	56.39	37.56	40.58	46.8	104.77	97.9	110.71	98.42	98.19	94.22	115.02	100.53	52.51	57.3	46.62	41.68	42.1	93.71	103.94	92.43	92.74	117.5	102.57	98.49	92.74	93.8	78.92	99.68	96.01	90.49	93.77	96.64	98.94	95.3	98.12	91.09	78.1	58.41	100.11	87.95	89.21	70.15	73.56	38.67	18.71	21.74	33.29	46.9	60.87	43.42	25.48	5.37	-1.45	4.28	24.04	10.62	7.24	25.92	20.63	-5.15	2.76	0.89	-4.12	-4.88	1.43	-1.18	-10.74	-4.96	1.85	74.34	77.35	91.27	102.87	99.58	105.81	108.09	95.92	94.17	94.39	92.5	63.81	87.16	86.54	53	40.45	89.43	100.8	90.69	100.32	77.5	95.28	95	77.2	83.04
2025-10-12	52.96	86.16	65.79	75.98	79.49	72.06	63.7	29.34	32.93	77.96	39.24	78.71	92.77	93.68	93.93	88.31	87.56	46.48	77.91	82.49	92.34	89.71	84.49	75.22	92.02	86.68	91.23	91.21	77.41	82.61	82.76	89.48	88.29	89.29	87.23	87.83	84.82	88.49	78.11	87.61	89.87	86.6	49.84	39.32	12.94	1.44	0.92	6.07	11.45	-2.4	-0.56	2.02	2.46	-1.93	-2.4	2.98	18.8	18.18	33.58	43.44	23.04	4.87	18.8	17.37	17.99	51.08	31.36	77.87	96.89	90.28	88.54	86.46	89.88	94.29	106.69	129.05	114.06	110.01	96.79	87.14	83.69	94.07	86.15	101.98	96.08	94.77	84.5	60.69	90.45	95.44	88.34	88.35	81.49	95.84	74.33	58.43
2025-10-13	106.14	98.07	99.99	99.33	100.01	110.7	107.1	99.51	96.75	97.27	97.21	109.4	112.71	108.98	108.3	111.31	112.33	112.25	110.86	109.47	111.85	112.16	109.31	110.43	105.66	105.95	109.98	117	89.15	83.75	50.66	77.08	94.84	88.94	101.37	104.14	110.47	106.91	113.24	114.42	128.19	120.83	129.31	173.04	127.81	108.4	95.42	94.16	92.84	80.89	90.9	90.6	91.37	96.33	103	97.53	95.12	94.25	99.18	90.38	87.06	84.04	89.92	88.99	83.69	92.4	93.68	116.64	94.88	103.07	108.39	136.72	132.13	127.43	136.03	115.11	125	144.01	147.36	174.94	161.75	160.13	163.95	163.09	166.73	82.92	82.53	76.21	124.96	136.47	108.18	83.88	99.06	121.78	98.76	90.87
2025-10-14	115.41	131.18	116.56	117.77	124.09	121.43	116.89	118.5	122.69	122.75	122.31	126.31	122.03	121.76	121.26	122.82	120.8	128	128.09	124.3	124.36	127.25	129.91	130.76	162.44	131.88	134.3	126.47	121.85	121.22	125.16	130.7	160.95	160.97	156.07	144.67	156.5	118.1	112.65	111.39	123.5	94.97	63.39	23.13	10.62	-46.24	-43.37	-3.13	77.21	81.71	77.13	81.51	60.4	55.75	59	50.17	63.15	45.44	59.34	66.4	35.08	2.45	49.85	82.97	70.82	79.36	85.09	6.05	3.02	76.53	55.49	78.9	109.07	131.06	128.51	134.15	142.75	152.02	163.61	165.63	175.27	184.28	160.26	160.81	149.11	154.91	130.08	120.91	145.45	99.26	75.68	80.91	111.79	110.96	110.12	108.7
2025-10-15	120.31	106.15	98.8	85.44	100.54	89.84	99.36	99.62	114.9	92.09	107.48	107.63	111.63	110.12	113.95	111.89	114.97	114.69	115.89	114.39	102.22	114.04	117.08	109.98	100.02	105.44	94.97	110.32	107.4	99.51	103.62	89.52	104.58	115.35	104.71	110.86	115.77	104.43	104.22	104.93	122.39	85	87.38	24.79	3.42	15.25	10.2	69.48	84.17	71.95	87	40.17	71.41	-1.05	-2.76	-5.11	78	79.32	-5	-9.54	-13.15	-13.01	78.3	78.08	81.55	84.24	80.24	69.34	85.64	63.46	75.92	93.61	102.93	107.72	112.3	125	117.56	154.58	142.76	155.82	152	164.98	166.01	154.32	160.16	129.93	186.18	127.19	126.86	122.33	130.89	120.16	124.89	119.86	122.1	122.44
2025-10-16	118.51	120.03	122.49	123.87	117.29	113.3	91.6	78.82	101.79	109.56	72.98	82.43	106.13	108.57	110.85	109.03	108.42	113.67	110.88	108.46	112.08	112.88	118.86	118.67	106.67	110.46	118.51	117.21	91.42	94.28	92.22	129.11	141.84	153.16	152.76	139.27	141.75	135.32	133.34	130.77	132.74	179.68	230.34	232.83	94.35	79.72	82.3	82.44	8.99	14.9	75.79	5.94	-0.04	-0.37	-0.28	-1.83	-2.65	-3.25	-3.24	90.51	86.44	80.39	83.71	77.68	91.49	101.47	100.69	93.06	87.28	94.29	70.9	97.45	94.67	143.03	130.25	132.39	132.53	146.41	142.32	156.83	146.52	157.09	163.14	154.89	146.36	144.6	140.86	127.34	148.7	126.69	127.1	123.93	122.93	122.35	117.87	115.88
2025-10-17	135.51	121.76	116.29	109.35	116.51	107.03	106.59	106.64	108.04	105.75	103.49	104.24	102.03	84.58	73.6	101.39	101.97	98.68	107.12	99.5	105.49	111.68	108.66	116.69	110.29	109.94	120.74	121.15	139.78	134.59	131.01	144.62	154	165.89	161.74	155.31	144.72	126.52	117.81	95.76	150.36	179.83	109.64	107.73	92.34	90.44	78.56	-2.85	78.06	82.07	70.94	81.54	-7.03	70.93	63.96	-9.09	-3.32	-5.5	-8.69	-7.51	46.85	62.6	-12.01	77.04	74.49	75.03	67.65	93.21	-17.37	92.61	95.46	105.26	91.95	89.33	112.95	130.41	130.23	137.88	144.49	146.95	146.02	162.83	142	169.5	156.06	152.74	160.54	127.71	143.35	128.86	96.63	130.15	97.97	162.05	124.16	116.66
2025-10-18	132.92	133.14	130.24	124.73	119.16	117.67	116.4	115.34	117.27	116.81	112.82	108.69	117.78	117.41	111.43	110.16	110.71	109.55	110.61	105.95	106.01	104.24	109.58	112.84	109.44	115.08	115.92	98.7	85.48	91.45	93.26	91.15	92.65	92.86	90.61	93.08	88.49	86.64	78.85	15.54	-3.55	-5.62	64.88	61.31	68.61	45.02	19.06	11.06	20.46	60.03	55.82	69.21	84.43	31.04	30.75	26.25	36.95	20.07	13.85	15.29	59.63	45.26	15.49	55.5	10.93	58.06	37.17	78.66	40.11	51.13	70.01	81.73	72.73	95.73	112.99	137.76	114.13	121.46	119.6	137.57	115.47	121.12	126.56	128.96	139.44	126.27	81.76	119.69	125.18	80.04	76.44	61.05	90.65	86.59	88.92	29.79
2025-10-19	40.07	50.47	21.86	15.42	20.64	23.5	27.29	69.73	59	55.92	66.2	42.65	26.69	73.82	45.19	8.66	43.15	26.74	20.18	48.13	48.86	29.03	56.53	27.45	87.91	9.97	74.6	60.39	28.29	33.9	21.61	41.44	60.31	63.34	64.54	21.14	84.76	82.33	68.68	9.25	-4.17	32.75	72.67	87.12	38.67	2.88	17.74	10.54	32.73	6.15	-3.02	4.43	70.47	15.89	10.35	11.86	17.27	3.93	39.41	20.22	56.14	6.27	33.77	55.2	26.76	7.85	74.57	80.78	57.33	83.14	81.26	90.16	86.5	86.5	104.75	107.09	87.36	88.48	96.7	106.52	92.07	91.76	93.8	93.18	119.09	119.32	106.05	96.38	78.7	77.66	83.41	76.58	77.4	76.13	53.51	57.44
2025-10-20	61.99	19.3	-0.24	-72.37	93.83	68.09	23.89	-6.56	17.58	25.33	18.43	-52.47	2.32	-21.87	-1.98	1.91	89.83	84.41	18.03	68.9	67.59	19.2	-4.44	2.68	75.81	76.08	76.41	64.33	82.78	74.72	86.17	75.78	66.62	77.41	88.26	61.9	66.73	90.56	88.05	85.82	79.29	82.06	77.3	68.24	79.95	86.17	74.48	68.92	82.73	81.4	52.06	43.78	4.97	28.37	29.03	74.25	65.31	59.88	61.11	76.95	91.54	85.89	77.17	79.32	66.92	73.91	63.27	4.37	3.5	36.49	73.54	54.28	-4.5	82.72	71.8	74.8	76.82	118.61	99.89	89.83	80.87	86.08	90.05	89.75	78.4	88.98	95.14	94.55	68.18	71.02	31.09	52.16	73.43	73.8	74.81	72.24
2025-10-21	63.52	63.12	62.07	69.6	72.43	74.04	77.04	62.46	76.06	75.27	75.57	77.59	74.28	76.78	80.37	78.97	72.04	73.66	75.2	73.85	47.9	76.41	74.11	77.16	66.73	79.76	75.2	78.25	75.74	84.58	89.08	94.42	93.55	93.78	100.7	97.81	119.65	126.88	142.96	132.93	146.4	119.14	151.56	133.8	98.6	95.78	88.05	87.34	84.96	82.59	80.05	81.94	80.35	76.97	69	68.87	64.1	60.87	5.56	15.65	57.88	34.59	74.98	74.5	64.94	79.21	92.71	92.76	94.06	95.07	93.84	118.35	93.76	90.3	94.95	92.54	87.17	94.21	100.1	171.9	112.52	122.36	112	94.22	99.93	92.23	91.1	82.52	108.02	96.31	99.84	96.74	91.34	87.8	87.64	90.09
2025-10-22	89.42	106.64	88.59	88.45	97.6	87.21	88.29	87.44	93.26	100.63	94.64	92.77	82.73	75.41	73.73	70.45	79.22	81.09	80.31	60.64	63	65.79	72.89	77.89	64.05	66.84	68.4	75.83	88.75	93.63	88.17	89.8	96.73	94.53	95.7	99.31	101.43	96.11	89.82	83.46	89.18	80.76	86.18	79.9	86.12	-13.75	-11.68	-10.46	48.13	30.05	42.69	28.42	6.73	1.39	7.41	-8.9	-4.72	37.14	38.97	37.61	2.17	3.47	20.5	-1.93	-22.52	-3.26	28.4	11.33	59.85	64.98	80.31	87.06	74.39	71.71	74.12	79.99	87.29	87.98	93.23	119.22	94.87	118.03	103.33	98.93	131.06	128.63	90.46	87.43	89.01	85.66	79.98	66.19	64.38	61.62	54.76	36.54
2025-10-23	118.38	107.46	87.89	87.81	73.4	70.2	74.03	68.49	33.11	42.17	3.03	7.13	32.39	36.66	35.63	-2.76	2.55	14.67	3.71	4.81	-4.53	-4.99	-6.59	51.67	57.22	60.74	65.93	90.57	83.7	89.9	87.22	89.68	80.21	80.91	86.17	77.57	76.65	80.05	89.73	83.04	25.58	11.68	18	27.31	52.86	205.77	174.48	3.61	40.26	71.1	74.9	23.43	5.25	-13.1	0.06	10.43	20.61	3.39	73.12	13.67	3.32	2.73	2.42	1.65	58.58	104.87	33.28	41.24	0.68	35.53	38.03	106.42	109.61	66.21	88.08	94.26	97.62	109.47	115.55	137.81	101.79	107.01	107.6	108.25	99.06	91.13	98.88	97.77	95.17	90.7	90.4	55.95	96.78	92.07	89.15	85.42
2025-10-24	130.99	109.79	103.57	103.32	83.42	96.73	100.07	77.24	96.96	66.99	97.25	90.91	60.46	65.85	90.64	94.8	86.17	82.49	70.56	44.17	60.22	37.25	102.04	91.47	118.35	100.12	48.32	44.84	131.66	130.97	112.4	118.63	144.3	128.3	80.93	97.69	118.43	108.3	81	111.08	70.55	92.89	28.28	7.09	85.48	71.2	15.11	-6.85	37.33	94.81	95.95	89.16	92.4	83.84	84.69	80.86	83.85	65.22	52.07	28.21	82.33	82.65	17.46	34.54	17.15	38.42	77.67	73.86	81.72	86.89	84.94	90.33	90.67	100.2	92	97.96	123.73	129.16	128.37	158.98	170.88	162.24	161.03	146.55	147.76	141.72	122.83	67.51	131.76	124.35	111.58	58.23	42.64	30.32	34.61	23.44
2025-10-25	116.58	116.17	107.35	96.24	67.79	69.05	101.57	104.81	103.88	100.65	101.93	88.56	92.9	97.48	101.1	96.55	97.29	98.04	94.61	97.75	97.88	93.95	98.81	98.06	92.69	94.35	102.17	105.61	90.68	94.73	100.91	110.17	134.94	102.04	97.77	133.57	114.99	107.28	97.11	93.28	87.95	87.06	84.16	85.67	88.38	84.83	87.39	83.3	84.47	96.06	86.12	78.49	91.89	89.24	84.41	86.78	80.7	80.86	85	84.44	139.95	79.79	85.89	72.74	5.83	48.16	90.19	91.2	92.23	90.56	90.18	93.33	93.31	112.49	134.18	139.18	104.71	103.56	112.95	120.37	96.35	94.43	95.2	97.09	102.18	98.56	98.94	103.08	106.61	106.24	105.45	103.11	95.64	100.28	96.24	94.75
2025-10-26	108.85	106.74	116.07	108.41	103.58	91.74	96.56	93.58	122.22	76.56	51.25	82.24	85.06	95.27	96.09	94.33	85.25	87.21	87.99	86.31	83.84	86.63	90.94	80.52	90.3	91.46	90.89	92.02	75.76	76.25	78	75.52	84.88	87.07	84.93	76.23	92.37	88.61	81.75	-15.26	-4.42	1.19	-11.52	14.53	19.53	29.43	38.63	6.02	71.8	9.45	3.71	-3.51	12.16	4.18	4.33	27.52	5.74	10.17	-8.85	-2.32	-0.56	-32.62	65.61	35.78	-3.75	7.39	16.2	75.1	0	93.91	127.01	164.45	157.18	144.29	118.28	151.66	142.68	106.89	118.83	163.56	164.58	165.82	123.92	134.02	137.42	195.82	163.39	169.35	112.57	109.82	113.77	109.18	118.84	108.15	108.17	109.18
2025-10-27	104.32	102.94	99.74	101.91	101.52	101.54	100.21	101.14	95.05	94.58	94.78	101.16	99.8	104.45	99.88	92.69	92.76	94.89	87.79	94.06	103.33	101.33	100.21	88.86	94.01	97.36	101	102.73	133.38	147.28	146.16	149.38	93.54	92.72	100.04	54.83	39.58	88.5	6.61	-5.88	3.15	0.18	22.02	-5.82	-5.93	-2.15	-1.53	14.08	-4.33	-0.5	79.03	81.37	81.69	89.22	92.41	85.87	71.79	78.37	11.59	28.56	77.07	76.78	84.61	80.13	91.23	89.39	88.48	99.83	109.83	112.48	122.39	162.3	130.97	135.48	141.28	153.12	140.67	141.93	154.03	153.63	150.79	153.2	153.46	156.62	152.16	146.07	130.78	124.75	137.85	147.9	119.71	114.93	114.39	110.83	108.82	106.98
2025-10-28	140.6	140.48	145.09	143.64	121.84	121.62	107.77	103.36	105.77	108.07	103.86	102.35	93.86	99.37	102.22	99.7	119.29	116.31	115.03	103.91	94.55	109.46	115.31	122.9	108.84	99.79	94.76	110.55	129.54	114.57	122.98	122.71	120.3	112.8	100.38	-29.84	39.45	116.7	117.56	99.89	99.34	97.47	0	0.04	79.04	41.97	69.79	82.77	8.1	80.83	82.76	84.61	81.45	52.07	85.95	89.88	92.73	96.03	89.49	91.63	92.62	101.49	94.99	99.15	103.95	105.86	128.48	172.64	188.1	144.32	137.81	166.12	124.84	127.41	132.02	171.16	133.78	139.17	131.05	139.8	137	140.71	140.18	131.71	128.99	98.69	105.71	89.82	111.06	96.58	94.13	76.85	104.52	66.27	92.02	56.79
2025-10-29	90.21	97.91	104.82	96.81	97.24	92.2	91.23	93.15	107.4	82.38	94.58	97.08	76.27	64.65	60.88	61.33	76.43	79.01	83.75	82.67	77.76	94.5	91.9	60.88	92.47	89.12	68.48	61.48	118.7	122.11	91.68	67.16	116.84	102.99	93.45	114.73	102.32	50.07	102.65	96.28	95.62	103.21	94.83	95.06	94.86	94.34	89.07	86.66	94.86	95.5	98.46	98.35	92.16	93.35	92.11	92.83	98.5	97.68	102.78	105.98	100.08	103.26	95.1	97.9	103.91	107.05	80.43	86.86	101.47	115.03	128.43	135.15	128.82	134.86	137.01	150.88	145.66	150.1	156.01	157.84	158.76	159.51	159.48	160.43	151.87	150.54	130.93	111.95	133.77	98.33	133.38	130.59	70.7	52.47	41.9	-13.45
2025-10-30	101.69	112.48	110.53	90.36	114.78	89.26	67.7	103.51	111.16	95.84	95.36	93.17	99.95	115.37	104.6	104.88	60.07	100.44	97.64	95.11	97.84	99.69	99.51	100.57	101.21	99.53	110.25	126.27	109.04	98.74	125.38	119.84	119.74	124.12	124.59	104.74	114.31	109.09	103.06	129.28	82.08	78.81	91.51	119.54	92.42	100.49	99.24	90.61	70.55	65.6	68.82	71.8	53.64	63.96	62.19	54.84	91.58	95.01	105.86	107.56	89.24	95.02	111.32	121.68	136.67	154.8	136.9	203.63	161.46	168.53	167.61	177.05	98.47	101.22	99.39	111.58	109.27	111.13	106.66	97.87	102.25	93.48	122.22	122.67	132.22	135.22	135.67	119	97.01	94.72	94.21	94.66	87.75	88.01	87.56	74.99
2025-10-31	99.98	128.79	81.79	79.22	79.3	79.22	77.82	78.61	78.62	86.71	91.32	89.09	88.57	90.71	91.75	91.59	54.04	51.68	52.15	54.27	167.41	10.25	92.3	10.28	93.54	12.94	80.16	83.59	84.51	81.84	94.19	96.28	94.28	87.99	77.97	75.94	97.98	107.67	94.13	94.13	91	94.81	90.58	86.58	88.5	79.97	82.56	-0.69	69.44	63.75	71.83	70.61	25.64	39.93	16.79	61.65	63.48	92.08	85.1	81.74	89.98	76.42	79.93	33.71	85.86	85.12	90.95	92.25	85.14	83.5	85.79	92.23	93.74	85.72	89.68	92.75	36.81	46.51	49.06	44	52.54	53.02	105.9	101.79	91.52	93.18	83.33	53.88	94.26	83.93	88.54	85.09	90.68	87.8	99.19	88.43
2025-11-01	94.79	94.23	94.42	92.88	92.18	93.1	88.62	85.1	89.13	76.74	77.83	79.72	82.42	88.56	89.19	89.14	110.1	94.74	91.39	89.91	91.3	91.79	91.74	96.48	103.32	123.5	125.13	100.58	103.68	112.28	102.64	93.67	103.15	103.67	103.89	25.8	18.62	80.64	67	12.72	22.25	97.14	155.02	76.32	74.96	90.4	102	76.17	41.68	29.84	38.88	15.11	37.55	42.11	26.03	91.16	1.57	95.61	145.16	19.35	19.81	14.82	90.04	97.88	90.6	88.79	90.29	90.74	84.91	86.03	106.11	105.68	91.89	93.79	96	104.17	117.07	111.39	104.78	68.11	103.44	102.91	102.13	103.62	104.24	110.96	83.46	103.24	63.1	61.35	91.06	91.72	95.04	76.3	61.99	37.68
2025-11-02	74.94	56.75	23.39	75.6	91.65	86.22	90.1	13.66	-5.04	70.62	94.75	42.56	23.24	47.21	46.63	57.22	82.51	84.62	89.75	87.25	89.06	88.25	89.74	88.68	94.72	81.52	80.15	76.63	42.84	54.32	37.11	14.15	67.16	75.99	76.5	78.55	66.73	34.99	-4.02	-6.3	17.4	6.6	14.18	4.93	8.57	7.22	9.43	-2.1	15.5	18.75	11.18	0.44	-0.64	8.62	-0.38	-0.21	18.69	2.25	12.36	13.15	13.15	10.67	24.73	70.78	9.72	0.05	25.21	55.81	82.45	95.46	87.34	93.56	90.47	93.03	103.56	125.69	106.51	105.23	102.27	102.56	108.88	103.75	99.37	99.34	106.69	104.32	101.02	100.12	107.78	110.6	100.2	98.05	94.9	89.98	88.6	89.45
2025-11-03	86.79	87.38	83.66	64.49	84.27	60.33	66.34	91.07	97.34	73.43	80.23	77.35	84.9	82.9	81.57	80.9	83.2	83.78	75.12	69.78	67.53	35.62	84.55	88.84	97.68	98.05	77.09	84.72	95.58	96.73	86.94	86.05	92.09	126.63	64.56	12.13	-20.07	-16.18	-32.27	-61.81	-14.22	-17.16	-17.88	-15.12	46.85	76.19	95.62	60.6	11.98	12.18	22.24	22.16	24.64	23.86	9.84	3.78	2.65	20.69	2.96	-10.94	-22.8	-19.28	-4.09	11.51	6.52	62.17	59.5	87.76	96.99	134.45	173.49	175.47	98.5	131.25	125.53	127.94	135.42	138.49	136.05	135.91	129.91	142.26	140.43	137.6	131.99	117.93	114.83	69.4	104.07	98.86	96.4	91.85	97.49	94.5	89.98	86.8
2025-11-04	93.95	91.64	88.02	91.83	75.87	71.96	71.9	87.35	90.66	83.28	15.72	11.32	10.46	81.93	84.65	70.9	78.77	80.56	83.5	5.14	91.08	107.22	78.34	73.28	82.76	71.32	75.25	77.14	81.89	89.53	90.16	91.1	90.85	85.69	73.84	80.63	38.93	-3.03	1.22	-14.55	-6.36	-70.31	-56.77	6.25	5.4	7.23	23.29	20.29	53.69	94.39	90.5	75.81	75.89	82.42	70.6	67.06	68.61	58.1	78.9	85.59	67.35	81.65	83.12	84.06	69.07	74.37	88.15	143.47	121.44	130.26	133.65	190.12	103.64	105.21	106.87	132.27	98.36	97.72	95.51	96.75	96.61	99.87	99.97	98.99	94.41	91.43	94.31	75.9	86.76	81.86	79.53	77.8	77.18	72.87	73.92	71.39
2025-11-05	47.7	47.07	65.27	62.9	82.09	80.04	81.06	84	74.58	66.4	80.59	88.28	34.14	80.86	89.3	90.47	70.37	75.89	76.02	78.17	73.84	79.71	84.26	101.41	53.65	68.67	69.43	70.84	70.62	77.91	83.94	81.11	102.19	90.12	100.79	92.83	86.57	84.95	72.43	68.25	98.65	145.74	73.15	62.97	72.33	69.6	83.04	77.44	59.07	66.64	62.4	162.29	77.36	91.89	87	84.65	88.59	90.76	122.72	93.6	91.49	131.51	76.54	116.19	80.44	85.04	77.83	85.1	96.64	89.14	89.13	88.15	93.42	100.25	100.54	95.23	88.94	90.39	91.18	94.04	95.24	103.4	103.23	109.49	129.03	115.17	102.44	97.32	98.87	104.67	95.53	82.94	85.87	61.41	62.35	47.25
2025-11-06	45.33	46.37	43.47	41.81	62.24	51.52	61.09	42.87	85.83	1.68	-8.97	-20.59	-17.63	-13.19	20.88	10	62.18	59.74	7.65	8.47	46.55	41.19	-6.31	27.9	80.38	74.99	58.42	21.76	73.9	90.83	72.01	-16.16	2.27	-32.15	-14.84	-17.54	19.5	-3.53	13.39	-9.64	-4.22	-7.33	-4.81	-5.65	-17.78	-18.2	4.01	13.05	60.99	9.85	-29.33	-25.4	58.1	15.07	-25.27	-18.6	7.24	54.95	41.75	16.88	2.94	2.22	4.32	48.65	45.43	61.78	1.96	0	61	86.7	87.16	89.93	88.1	86.63	100.36	105.47	114.71	72.76	101.65	98.37	118.59	112.75	88.6	94.92	94.62	141.85	105.1	91.03	96.69	91.49	101.96	96.83	89.24	87.24	29.63	1.51
2025-11-07	89.74	48.79	15.42	15.42	61.22	15.42	79.5	0	84.57	150.37	86.93	88.71	83.38	79.68	77.54	82.71	76.73	83.85	75.87	74.79	82.42	84.59	85.49	85.37	83.98	80.34	84.8	87.52	85.54	84.62	84.33	88.57	114.59	94.38	175.33	94.66	87.09	85.64	82.07	81.81	79.88	67.68	65.92	79.01	85.29	62.79	49.57	18.26	89.75	79.52	78.76	36.37	29.48	26.28	33.68	39.15	-3.97	75.6	90.89	89.49	85.42	97.98	98.67	101.55	97.08	108.66	128.89	126.54	97.66	130.1	130.18	147.49	102.23	107.12	113.71	121.51	107.8	109.99	105.67	103.08	97.07	95.64	95.42	94.74	96.97	105.41	99.79	95.57	93.56	92.16	95.81	92.76	91.29	90.43	89.74	74.3
2025-11-08	41.87	40.09	90.96	63.74	83.84	89.41	95.74	92.85	94.68	114.89	119.96	97.11	106.29	106.16	102.1	101.78	87.9	86.62	100.37	94.01	84.47	85.4	96.08	96.49	89.06	90.15	90.7	29.8	26.21	83.87	79.97	80.41	88.44	86.08	82.46	85.86	40.25	26.06	-3.6	19.78	-3.65	-0.5	-3.4	-50.93	-76.45	-8.98	-33.46	-2.69	10.77	3.32	7.51	24.18	15.98	20.03	4.2	36.14	18.2	9.16	5.65	14.6	5.13	5.76	1.08	-5.85	3.52	-1.91	76.97	74.08	78.49	89.45	89.11	95.87	90.11	93.58	118.47	131.64	94.28	93.88	94.39	94.6	77.93	96.61	94.28	103.67	117.41	98.42	95.57	98.32	93.22	93.41	87.05	91.86	92.33	85.8	87.43	88.1
2025-11-09	90.01	92.68	92.08	90.41	83.83	70.62	69.06	47.39	75.76	78.28	74.67	8.89	1.08	85.1	87.37	90.55	89.87	86.79	85.15	86.92	79.07	82.84	84.23	85.68	79.83	82.05	57.7	24.66	42.22	59.19	81.98	75.4	35.97	84.81	86.17	87.47	13.73	22.1	0.85	-7.36	-8.81	-22.5	8.72	13.78	17.31	8.78	-2.78	-2.72	9.05	12.18	10.19	5.85	-10.3	-3.18	-2.4	-4.65	14.07	16.45	16.4	19.76	80.2	124.19	78.64	81.15	88.4	97.07	90.95	103.47	90.43	96.52	110.32	132	95.92	93.68	93.69	97.18	111.91	111.87	114.34	114.59	113.6	120.52	123.55	121.32	106.23	102.77	98.87	96.63	113.17	109.71	106.98	102.77	99.31	92.98	94.23	83.95
2025-11-10	96.01	91.04	90.64	89.81	89.69	87.47	82.75	83.37	86.78	85.34	83.55	85.25	84.57	80.79	78.9	76.21	83.52	80.11	80.57	87.38	90.93	88.5	85.18	87.15	89.62	102.23	83.29	73.08	98.77	94.53	105.24	108.54	114.02	122.62	112.67	101.83	96.17	89.69	84.94	57.87	85.73	82.22	75.06	91.54	90.3	83.88	83.39	79.47	70.73	75.45	67.6	50.56	12.47	25.66	28.39	9.68	1.48	57.91	44.02	38.27	32.13	74.73	75.1	78.88	76.07	85.41	88.05	90.18	106.46	152.35	113.64	128.57	120.72	131.05	132.33	131.07	136.15	137.3	149.43	148.47	136.15	136.28	140.84	134.79	136.17	140.84	131.22	119.47	113.22	109.24	111.3	129.43	103.4	95.65	97.32	95.38
2025-11-11	106.1	104.88	106.7	96.17	93.5	95.67	93.72	96.26	98.8	95.72	98.35	95.04	95.01	95.83	93.92	93.49	91.81	94.59	91.39	97.52	91.71	90.07	94.11	93.87	94.01	92.14	93.01	95.96	98.1	105.09	88.28	88.62	85.78	99.47	97.7	69.87	87.31	68.09	-1.65	-2.15	85.93	47.46	-4.75	-2.73	-113.41	-47.78	-19.96	-18.47	-5.44	36.72	73.14	45.81	-14.22	47.96	39.18	-3.41	-3.1	-2.82	46.75	18.08	47.35	55.63	-1.83	-2.93	53.55	55.75	62.28	92.2	82.41	92.22	98.61	119.85	101.04	100.72	94.66	97.99	103.15	103.14	102.67	105.49	113.17	109.46	108.53	112.53	129.09	124.37	100.5	96.58	111.76	103.13	99.63	96.45	92.87	92.26	88.34	84.65
2025-11-12	2.12	15.2	87.55	5.11	8.01	-0.33	30.09	76.4	5.23	3.02	4.25	55.37	47.91	25.29	28.89	18.54	27.96	55.91	63	42.24	7.73	-3.54	-18.89	6.78	24.3	30.98	56.77	47.67	82.6	78.64	78.66	84.19	91.14	90.46	92.99	90.79	88.2	73.22	4.88	-3	-67.06	-29.54	79.82	44.98	7.91	39.56	31.29	20.39	22.7	3.36	1.1	-15.11	37.64	13.53	9.7	1.63	0.32	8.5	9.48	1.03	1.66	-2.68	34.49	36.58	74.79	61.98	39.79	55.4	74.37	87.91	90.05	100.73	78.81	82.64	83.26	75.51	81.98	80.03	81.24	80.8	66.41	96.43	92.12	89.6	83.15	79.23	88.08	85.54	85.99	80.66	83.8	81.62	83.22	69.13	64.13	56.13
2025-11-13	34.65	62.67	69.74	37	64.27	77.78	75.21	48.17	17.23	-3.33	26	-1.11	-3.92	-2.93	8.41	13.83	12.78	-3.96	0.05	16.95	18.81	41.29	87.29	24.45	-2.04	79.01	78.44	37.44	64.68	59.57	43.04	75.53	72.13	36.21	62.94	34.21	64.68	85.48	90.01	82.24	83.48	87.29	92.47	94.4	116.98	92.83	91.59	89.8	81.17	81.06	87.11	87.13	89.98	89.41	89.43	89.43	99.16	96.86	102.22	117.56	107.95	118.49	118.47	130.36	128.44	122.2	138.37	135.39	95.67	95.38	93.07	95.3	89.8	87.25	79.8	81.03	86.52	88.51	80.99	89.45	84.94	85.92	86.51	85.77	87.72	89.73	88.47	88.5	72.47	17.99	84.17	12.23	75.3	61.18	51.19	29.15
2025-11-14	66.04	62.94	77.54	46.17	89.29	71.07	62.77	82.01	87.69	91.68	93.16	93.54	58.66	73.3	73.05	78.62	90.65	61.04	41.96	53.97	68.02	72.14	82.91	46.92	13.11	69.9	69.1	23.4	78.67	74.67	78.53	88.67	78.66	79.8	83.81	90.79	89.6	86.56	82.54	80.09	75.81	61.14	61.94	43.27	76.73	65.77	70.63	62.14	37.96	74.69	30.9	29.86	80.17	70.15	80.55	68.8	53.16	66.48	66.98	72.73	82.88	86.06	79.37	72.28	81.96	84.36	87.88	92.2	92.09	99.51	112.48	149.7	99.69	97.73	126.73	141.58	117.63	101.29	97.46	92.53	101.94	100.93	101.76	101.41	111.12	89.54	86.74	90.47	95.54	84.58	89.62	91.51	95.86	93.76	88.58	81.3
2025-11-15	79.02	62.55	85.69	77.82	36.7	34.54	41.01	85.72	2.31	-21.73	1.53	22.86	71.65	32.36	83.37	18.44	20.42	25.65	50.23	80.95	84.41	82.13	82.62	90.61	60.89	61.94	61.09	55.26	45.37	44.14	50.12	31.42	63.62	65.58	46.36	25.27	54.44	62.53	59.74	60.37	46.33	47.53	52.87	46.11	56.97	78.49	81.32	81.13	74.42	70.57	70.45	76.2	68.69	71.61	67.52	71.22	86.68	82.48	79.39	78.17	84.19	85.36	83.7	89.67	66.23	31.02	18.89	67.13	47.4	62.8	76.74	74.06	43.38	55.36	41.46	73.45	43.78	30.46	21.14	23.74	69.78	22.48	24.31	9.54	44.12	27.1	10.99	5.83	51.69	43.79	38.99	28.78	34.15	28.3	3.05	19.68
2025-11-16	70.78	36.95	73.31	66.27	84.8	69.5	67.84	68.82	61.27	80.45	62.1	61.35	66.2	82.73	94.71	95.76	63.4	42.6	27.86	34.99	61.68	53.83	67.26	63.99	63.7	64.56	69.96	69.71	44.39	42.39	50.32	38.11	66.04	43.22	29.98	-12.71	28.39	32.68	23.59	3.7	11.53	7.54	11.26	9.2	12	12.65	14.31	5.26	28.2	1.55	5.14	17.44	67.83	67.53	1.47	4.07	14.33	-0.47	-2.35	-3.51	-4.06	-4.59	24.13	-5.74	104.58	102.05	71.92	83.9	99.57	97.02	93.35	98.64	87.38	84.28	83.64	88.89	88.58	87.36	89.79	88.95	93.44	85.09	93.03	94.14	98.56	98.61	95.91	93.5	95.07	92.92	91.63	87.65	90.18	90.86	93.95	90.75
2025-11-17	92.1	90.92	92.03	91.14	95.2	94.16	94.74	95.21	92.24	93.59	92.17	92	93.62	93.93	93.7	93.43	94.19	92.34	95.49	94	87.74	85.22	36.88	92.55	100.44	89.31	97.11	104.81	105.77	100.91	94.22	103.94	138.81	122.66	100.6	100.97	99.51	86.45	89.84	91.54	94.46	93.33	92.09	87.85	68.87	67.53	71.98	68.34	50.92	15.19	46.39	64.61	51.41	52.03	73.53	39.79	79.24	106.32	112.32	94.73	90.24	88.47	84.5	77.87	66.66	69.58	79.77	72.74	89.36	83.85	106.44	97.13	101.55	104.08	108.9	114.44	95.78	84.6	101.21	102.17	82.1	110.54	110.91	95.29	96.17	98.48	98.38	97.39	91.44	93.6	93.18	97.34	106.25	97.42	93.47	82.42
2025-11-18	75.51	67.32	85.28	63.47	80.8	79.94	80.76	74.32	78.88	73.47	79.51	74.79	85.58	80.36	86.83	83.91	87.67	91.89	88.28	88.77	92.67	93.12	92.4	92.22	81.3	91.09	84.85	92.99	23.97	43.1	59.94	91.37	103.45	126.44	100.18	91.22	85.58	46.85	48.35	29.22	-194.66	27.41	37.54	24.07	72.98	51.29	30.86	15.67	-4.21	13.29	9.68	19.87	0.02	15.04	-0.76	4.67	-3.34	43.16	85.13	89.13	69.13	74.7	67.12	75.3	91.77	87.66	101.07	107.93	134.18	117.98	106.49	114.81	119.94	121.61	121.25	134.38	113.38	114.92	119.68	130.32	128.89	128.34	134.36	133.62	141.57	129.66	126.72	119.24	113.38	109.28	105.91	103.09	106.14	100.3	93.9	91.45
2025-11-19	123.56	112.76	107.48	93.45	99.75	88.38	94.78	81.14	76.39	98.24	92.14	96.79	95.8	99.5	100.44	94.77	94.21	93.96	89.31	90.53	95.54	97.16	95.95	95.93	94.99	100.18	97.12	83.45	101.12	123.58	132.38	121.74	107.17	101.91	96.04	89.91	92.82	59.29	96.14	83.24	78.27	82.28	75.73	79.09	83.2	83.54	81.65	77.51	79.22	84.04	85.92	82.62	83.66	77.3	86.23	84.54	81.45	80.64	81.68	82.9	82.26	86.8	94.76	92.84	86.58	90.45	93.97	96.83	119.17	118.1	115.91	119.85	95.79	104.08	106.2	106.11	96.47	96.25	95.08	94.74	89.81	92.96	122.08	121.27	111.31	88.73	91.39	96.95	86.85	85.82	85.65	86.96	81.11	81.88	84.66	87.52
2025-11-20	87.99	98.44	92.73	91.55	102.74	102.65	101.42	102.49	92.16	92.54	86.88	86.92	93.45	88.76	83.91	87.95	89.41	90.12	92.13	91.16	91.78	99.04	94.18	100.62	86.38	87.76	93.87	88.14	79.31	100.87	146.84	98.39	99.88	96.38	92.88	94.92	122.12	53.7	83.36	-8.38	-13.29	-2.12	86.12	22.91	36.49	50.31	-5.65	-48.33	-12.42	55.08	71.63	6.51	21.85	73.31	82.42	75.7	35.21	35.35	-3.82	-6.75	-6.56	-1.01	76.87	95.38	106.16	94.8	82.19	117.4	125.31	109.78	108.5	111.23	101.34	109.73	113.43	113.38	111.59	109.54	115.62	121.29	120.75	119.78	123.81	114.33	107.2	103.27	102.44	92.23	99.89	94.3	91.84	101.3	98.73	95.18	90.83	48.89
2025-11-21	88.4	87.72	32.2	12.83	83.58	81.78	13.56	63.6	86.99	81.05	90.06	79.69	79.25	84.33	85.78	78.21	78.76	81.19	80.4	82.29	81.32	82.95	86.66	92.23	85.92	86.29	88.43	89.53	88.23	91.78	92.32	94.43	95.06	94.2	91.65	91.46	91.43	88.39	76.59	81.84	84.61	79.51	22.78	22.19	82.63	77.49	-3.85	7.03	9.78	55.88	6.38	8.75	-10.59	45.63	40.35	48.15	-6.34	-2.56	60.52	47.08	89.71	61.65	80.55	-1.57	82.21	83.04	138.23	104.07	94.34	99.4	103.51	116.85	101.15	106.96	110.05	120.69	128.87	136.33	158.45	148.68	127.57	132.35	126.84	117.08	101.54	99.95	96.83	96.73	105.03	104.95	103.94	99.25	96.73	93.09	92.75	91.58
2025-11-22	102.9	101.02	100.18	93.84	94.75	87.5	91	89.91	91.84	92.77	85.92	84.68	111.26	94.01	90.85	86.14	88.18	90.89	65.32	59.41	58.86	78.45	74.65	82.21	77.9	76.02	87.2	86.43	85.66	88.3	91.09	91.66	91.85	94.22	96.08	90.55	91.27	81.72	-12.25	-17.79	10.88	-10.31	-3.14	-18.25	0.65	-8.55	-2.87	8.77	45.08	51.56	66.79	56.09	10.12	2.55	56.92	36.78	44.96	113.62	1.35	-0.72	45.63	52.92	53.19	71.72	66.49	83.48	87.96	94.86	94.06	100.03	107.13	120.01	93.69	93.43	87.24	90.15	86.37	101.62	94.78	92.43	94.21	94.37	95.79	94.03	103.6	103.53	100.15	99.68	106.62	101.33	103.71	99.12	99.79	98.97	96.69	97.28
2025-11-23	109.63	104.94	100.71	100.43	94.1	91.54	91.77	98.79	91.93	92.48	90.79	91.24	93.08	79.38	76.84	75.22	74.62	75.19	78.23	80.65	79.13	76	75.13	78.55	77.24	74.71	79.58	81.23	81.53	80.04	80.56	80.98	80.36	81.56	82.31	81.04	83.33	77.02	74.06	46.14	67.41	91.37	87.17	82.79	67.53	63.56	65.8	64.85	78.3	76.72	63.1	68.81	3.51	3.59	30.81	42.84	47.54	51.97	52.28	54.04	56.86	57.86	84.65	84.86	75.63	96.79	93.66	107.81	98.49	104.94	109.79	113.98	98.81	99.34	103.12	103.59	106.14	109.63	112.59	111.44	136.09	129.32	120	118.84	132.51	128.21	130.33	126.04	126.83	122.66	119.9	106.9	100.12	92.5	80.44	-2.89
2025-11-24	67.62	36.25	-10.59	53.63	77.11	53.29	28.95	41.22	15.4	26.61	37.16	-7.94	-11.94	-1.28	-0.1	0.33	-1.13	-2.77	7.09	23.46	5.77	-2.57	-1.51	6.55	74.69	58.83	80.11	86.4	79.59	80.28	79.89	82.96	83.79	83.75	85.37	83.64	90.78	90.99	90.65	86.39	83.76	81.48	82.5	81.04	90.31	90.23	82.12	73.11	73.99	75.34	80.14	72.89	75.53	82.13	81.9	84.67	99.65	104.64	95.86	97.22	90.52	92.03	90.51	90.7	88.06	88.05	89.1	92.08	91.75	95.88	96.91	99.2	95.38	99.34	98	98.44	93.24	90.72	89.82	90.47	93.72	95.08	93.14	90.94	106.71	95.06	98.04	88.18	87.24	78.8	126.26	78.06	81.12	68.44	82.82	54.63
2025-11-25	81.76	88.3	71.07	80.76	77.93	76.61	78.76	70.71	79.75	71.59	72.13	72.38	82.1	79.14	72.51	60.77	-20.62	-54.66	-79.56	-298.46	-20.22	59.83	51.86	83.32	84.48	83.09	83.29	84.47	83.28	84.37	86.65	90.03	95.46	93.91	90.78	86.02	86.31	82.38	76.39	51.89	77.52	-15.55	77.7	97.24	76.35	34.38	42.69	16.11	44.09	72.5	61.57	69.6	12.72	53.22	57.99	21.39	49.6	61.02	57.69	54.1	7.56	8.44	7.29	74.49	87.61	80.82	84.17	58.91	94.05	117.97	99.34	106.1	98.49	97.75	99.62	98.31	102.16	110.1	103.95	102	100.79	102.56	101.39	93.15	93.72	97.05	99.59	97.64	95.24	94.19	92.05	105.64	99.1	101.13	93.15	88.39
2025-11-26	664.54	293.42	101.82	96.67	97.12	98.47	91.57	94.78	95.4	95.24	89.29	100.05	95.12	94.93	91.97	89.62	90.79	94.65	99.5	93.54	95.42	99.99	92.13	96	85.59	87.43	91.18	92.54	91.96	90.27	93.79	94.46	101.98	113.34	99.46	93.4	106.13	95.57	80.33	74.71	-4.07	-6.27	-4.99	-4.27	-2.99	-0.24	91.82	63.32	-11.62	78.45	45.03	-4.21	-2.37	53.12	-2.18	-1.9	56.89	55.36	19.66	91.86	103.05	78.37	83.2	89.73	52.09	74.9	-0.01	103.87	91.85	60.02	99.66	88.67	107.46	90.78	92.1	104.13	92.06	63.26	64.87	99.22	120.49	117.41	89.68	91.13	90.49	88.47	86.79	85.48	91.8	93.63	98.81	93.55	104.68	102.02	102.17	97.39
2025-11-27	108.15	106.2	106.44	103.64	105.63	108.14	103.02	103.01	97.02	96.5	96.87	98.13	92.19	91.23	87.98	89.39	86.73	87.14	87.98	89.44	89.74	91.87	93.43	92.97	87.89	91.06	97.62	98.94	95.55	94.06	94.3	97.16	109.71	105.6	100.05	94.52	89.74	83.28	79	85.57	76.85	73.64	7.28	13.22	71.61	66.82	70.24	69.03	64.44	0.06	45.03	44.72	23.97	37.24	13.95	-9.95	-0.64	86.15	75.78	75.79	-1.22	0.53	2.29	15.33	90.3	102.22	97.89	96.74	86.84	91.56	97.77	105.85	89.65	89	86.98	87.83	91.87	90.06	88.69	88.72	89.49	88.5	87.5	90.61	90.97	87.56	90.56	85.97	89.33	89.54	87.63	86.49	90.99	94.82	90.96	88.04
2025-11-28	95.93	96.75	95.38	92.65	93	95.78	93.92	91.88	91.65	91.74	91.92	91.51	89.52	90.78	85.83	87.39	74.28	99.15	95.48	98.09	101.48	90.39	92.16	94.11	110.46	93.52	86.13	93.02	105.96	119.22	121.07	147.02	146.74	139.27	129.3	106.52	120.81	107.07	100.1	84.74	88.09	88.31	89.18	83.27	92.14	89.51	86.51	85.9	82.02	80.66	85.48	79.87	72.54	65.64	77	80.1	84.36	88.49	96.88	84.1	56.03	60.42	53.34	76.01	80.45	83.44	89.54	92.28	96.73	95.22	102.53	119.61	112.81	111.36	112.42	114.21	122.9	120.11	116.3	115.3	110.57	117.61	99.16	113.2	121.71	117.7	117.38	106.84	105.94	97.37	101.84	100	101.36	95.21	90.51	87.88
2025-11-29	112.38	107.45	108.1	106.19	101.15	101.05	96.08	95.13	101.78	98.15	97.28	92.27	113.66	110.96	103.96	102.9	97.6	92.82	93.35	92.89	94.19	93.28	94.2	93.8	91.64	92.39	94.09	95.2	104.32	103.55	112.81	113.05	106.98	104.27	104.54	105.74	96.96	93.43	91.19	89.83	90.72	89.95	86.56	88.73	89.68	90.09	86.6	87.23	81.11	82.42	79.55	79.01	73.27	3.43	77.28	49.48	69.25	71.73	77.24	131.02	83.77	90.18	89.14	91.17	86.32	91.19	102.76	111.26	108.64	110.47	116.99	120.78	105.22	95.29	92.77	91.25	91.58	90.31	89.39	71.75	77.4	78.37	71.06	93.65	60.78	103.48	99.85	100.15	100.58	93.75	94.22	98.11	90.49	90.13	96.07	96.57
2025-11-30	91.41	90.34	89.32	93.13	89.7	92.35	82.56	78.99	53.62	66.86	71.32	53.03	48.47	68.69	49.57	26.87	27.78	17.28	29.62	11.98	80.34	23.8	15.89	9.79	11.38	7.57	45.43	12.53	49.13	44.23	55.05	70.82	79.76	73.98	77.94	79.08	93.19	89.23	91.15	85.99	87.43	83.58	81.14	71.18	82.12	83.05	68.79	60.18	54.82	61.99	56.05	61.53	54.91	77.18	50.25	32.57	50.98	56.22	55.88	65.95	72.97	83.4	79.8	84.15	87.26	87.51	88.97	92.77	94.43	96.4	100.6	116.3	116.35	119.42	119.09	116.78	84.34	90.7	83.71	80.55	85.78	89.02	96.64	105.26	104.91	103.08	104.22	109.49	104.16	103.64	98.82	97.06	93.6	94.89	92.79	86.93
2025-12-01	91.37	89.43	93.08	93.39	93.34	90.28	90.76	91.4	85.21	84.22	84.74	80.77	82.03	81.64	85.19	85.68	88.05	89.04	92.82	92.21	90.78	94.95	101.09	94.53	115.65	100.87	104.54	101.27	103.43	102.65	100.68	112.51	114.45	108.09	104.35	98.1	109.23	94.94	97.05	79.8	86.22	77.03	79.51	83.82	76.77	77.17	72.11	71.94	75.46	75.46	78.55	75	84.45	75.75	61.33	67.93	78.68	75.95	76.18	82.72	77.05	80.95	85.92	86.56	87.36	91.64	91.13	98.82	93.2	97.67	98.49	100.2	100.66	100.41	100.84	104.13	118.52	120.47	116.96	116.95	118.22	119.87	135.71	125.67	149.07	135.79	125.75	120.33	123.87	115.92	116.16	107.59	101.18	95.56	95.38	96.63
2025-12-02	125.19	99.73	111.42	104.74	97.71	100.22	98.28	94.37	93.09	97.63	97.16	98.39	93.08	95.8	93.22	91.98	89.72	89.14	90	89.42	85.21	89.43	89.16	89.24	97.64	88.2	84.69	86.55	79.61	91.76	101.56	103.37	100.59	96.32	97.29	97.43	100	98.37	96.26	92.84	106.59	100.58	104.42	105.76	102.91	104.62	100.85	98.37	97.97	96.47	96.52	95.8	91.6	87.57	88.89	89.34	89.91	92.95	89.22	89.62	90.81	91.45	92.9	93.47	95.06	96.85	95.84	137.75	161.35	107.33	120.28	120.45	107.69	116.54	123.19	136.23	124.73	124.33	121.04	120.04	119.81	120.59	115.01	107.49	112.33	105.32	101.07	92.71	106.82	102.13	99.44	95.2	107.62	108.46	106.35	102.8
2025-12-03	109.95	100.57	98.72	100.26	98.48	87.65	90.32	92.2	91.52	92.92	89.92	86.53	93.04	92.78	92.43	90.42	91.86	92.01	92.95	92.34	92.47	89.4	90.75	89.07	86.1	89.41	91.35	88.86	97.76	89.76	92.96	80.78	92.98	94.98	106.27	83.25	99.67	95.12	100.02	74.41	106.57	86.47	32.46	64.58	50.59	79.77	78.11	79.97	7.35	51.26	-3.94	52.81	45.75	-11.01	-16.67	-3.84	-1.57	18.42	-2.02	1.54	52.99	26.43	72.65	89.45	79.9	84.96	89.31	88.35	87.73	84.03	95	91.33	109.62	94.67	94.88	102.13	96.69	95.52	94.79	95.61	93.45	97.78	106.15	103.37	107.33	97.38	92.87	85.19	92.26	113.61	117.93	108.58	112.86	108.29	110.6	108.16
2025-12-04	103.01	109.68	109.83	91.1	78.34	78.78	87.65	73.65	74.87	66.01	88.13	80.96	74.82	64.14	52.58	-27.37	-12.09	52.45	58.35	52.36	72.79	81.81	58.06	57.87	136.21	99.62	77.29	76.81	78.82	83.44	87.63	86.64	94.32	93.4	90.54	88.35	88.71	89.15	87.53	88.12	86.73	86.89	88.84	87.16	88.21	89.53	103.12	101.19	100.75	90.59	87.84	87.93	90.76	89.99	90.86	90.7	87.66	88.07	88.71	89.42	107.3	124.11	105.73	99.94	94.4	89.54	104.05	122.02	99.54	104.26	102.26	96.29	106.9	100.66	100.56	120	90.3	92.42	101.08	106.54	96.94	101.96	99.27	109.72	208.84	134.34	129.88	134.38	172.93	165.99	108.56	113.51	113.75	112.28	107.87	99.38
2025-12-05	88.03	87.95	87.91	86.56	84.06	88.05	83.01	73.6	73.19	1.29	68.56	75.43	70.97	73.11	26.57	14.35	12.81	6.96	-0.63	71.71	82.7	74.12	73.65	64.88	74.47	78.1	71.67	87.48	77.18	87.05	88.93	89.45	89.18	88.21	84.82	89.86	92.33	95.85	90.29	83.76	81.93	82.25	90.76	82.6	88.39	88.44	77.41	73.96	78.18	65.61	9.29	50.02	64.6	71.92	75.44	59.09	68.89	67.23	81.57	82.88	83.87	81.96	81.92	84.46	87.13	87.48	89.69	90.72	88.47	90.59	90.98	90.87	89.37	87.36	88.62	86.96	84.9	80.54	75.1	47.4	58.18	42.4	88.09	91.45	55.2	43.84	37.6	71.96	86.42	81.58	85.93	80.69	83.28	83.98	77.07	76.32
2025-12-06	79.46	81.16	80.24	79.12	75.62	72.04	72.76	45.58	70.18	57.42	54.95	44.69	73.5	79.29	79.21	70.64	38.49	55.49	51	20.43	11.37	15.47	38.62	-11.52	81.89	79.95	87.22	70	76.18	79.42	24.45	70.87	54.5	75.19	72.98	39.14	36.38	40.19	44.51	33.67	48.87	45.95	5	59.66	89.05	55.79	54.41	53.49	56.37	40.27	-31.08	-17.63	-3.48	38.2	39.78	74.11	52.52	33.62	66.32	66.41	72.14	71.17	62.98	66.37	65.29	77.76	78.62	74.81	76.11	76	79.7	81.26	78.51	83.17	80.22	75.89	71.86	84.01	50.98	76.18	27.94	79.76	37.54	38.93	82.4	27.25	18.76	18.58	79.73	18.48	29.45	2.36	80.67	11.58	10.48	-26.76
2025-12-07	6.62	46.47	5.11	50.36	85.73	57.74	25.11	17.06	88.04	64.3	71.73	22.82	71.52	90.12	85.01	79.55	82.79	75.28	37.81	49.5	18.9	38.49	16.03	55.91	67.75	49.32	55.87	57.38	58.88	58.21	57.98	56.62	51.57	47.88	57.85	58.58	49.79	-11.41	45.79	44.57	53.03	12.94	1.14	-5.83	-5.91	18.89	12.05	19.17	85.12	72.4	77.6	69.82	37.67	47.25	57.37	62.26	42.91	59.26	75.41	67.97	52.68	47.13	36.56	51.42	67.17	30.69	43.18	62.52	73.24	87.18	85.69	76.8	75.16	76.91	37.69	37.8	87.03	75.33	88.61	36.03	28.97	28.95	28.95	79.37	94.94	36.65	105.54	98.55	100.12	93.51	92.58	82.42	82.88	79.96	89.73	37.44
2025-12-08	83.24	87.77	88.25	34.61	79.63	69.01	76.52	10.2	85.23	97.54	77.86	29.32	62.71	70.01	72.65	72.34	71.24	12.73	37.55	29.9	93.79	86.85	72.4	75.49	79.59	117.75	76.99	72.23	66.06	72.47	72.72	72.24	61.7	73.57	79.9	66.59	33.22	-1.7	-28.88	-94.36	-25.36	-110.63	-58.64	2.64	20.78	13.75	-6.13	-11.07	38.18	14.85	26.13	14.51	8.79	16.75	12.82	11.85	0.38	13.18	12.01	45.19	90.05	88.93	49.27	64.15	69.51	70.84	69.63	78.5	73.33	82.58	86.27	88.8	86.5	88.66	91.24	88.75	86.6	80.05	87.29	85.36	86.97	84.34	88.92	87.63	86.5	88.01	94.82	93	93.15	88.58	85.21	80.77	84.24	72.51	75.91	72.88
2025-12-09	84.02	77.51	73.66	74.96	63.75	63.09	71.12	68.75	57.09	3.26	34.68	13.4	37.39	21.93	16.03	33.73	33.05	33.58	68.86	70.27	75.31	74.87	74.76	70.18	81.49	81.87	60.24	73.99	72.8	82.46	85.74	91.63	92.69	95.08	96.79	94.52	97.28	87.61	81.08	84.57	76.08	66.14	-8.71	46.77	89.78	74.98	63.75	60.89	63.75	69.9	73.9	13.42	86.52	76.78	70.44	81.79	84.11	92.44	96.09	95.43	83.58	87.3	97.31	97.15	104.76	108.66	105.75	108.27	104.61	94.28	97.75	110.41	98.51	101.55	102.65	103.1	103.91	108.88	112.32	113.97	108.41	110.03	113.54	118.23	115.07	108.75	101.8	101.7	82.68	48.9	70.17	53.07	45.75	91.18	79.14	30.79
2025-12-10	86.55	97.15	92.93	93.05	90.63	98.21	93.9	96.37	95.06	99.44	99.6	103.79	93.9	93.53	92.9	94.04	98.65	98.56	98.93	98.82	90.39	90.55	95.32	95.63	88.09	96.39	100.44	96.71	98.4	104.36	110.21	112.72	104.2	114.92	111.76	109.93	108.6	106.1	108.94	104.84	107.49	105.63	101.32	99.73	102.12	100.54	99.22	97.73	98.73	98.38	98	97.2	96.9	96.9	96.55	96.48	96.95	96.97	99.17	97.46	99.34	96.66	97.93	98.77	99.17	101.46	109.35	105.23	105.07	113.83	115.45	114.95	111.57	114.01	114.93	111.1	109.32	113.95	115.54	109.41	113.51	117.4	110.94	112.32	108.83	101.96	100.33	103.6	120.39	126.5	103.29	98.29	100.08	119.12	102.1	80.17
2025-12-11	124.07	119.65	108.88	62.69	88.04	93.52	75.54	68.97	85.33	64.7	67.84	87.98	99.26	92.66	94.09	75.92	100.68	99.94	90.19	89.17	92.77	92.59	87.23	98.98	91.06	91.94	89.63	99.97	92.82	89.8	88.73	106.83	110.25	110.16	111.36	106.42	116.28	122.12	105.97	92.14	106.28	97.56	96.9	98.38	133.97	116.99	116	109.59	108.17	103.43	109.76	113.63	104.63	92.52	89.65	88.65	89.21	87.35	89.11	91.18	90.86	93.04	93.75	92.73	92.04	104.98	98.69	99.58	95.24	94.01	93.5	84.85	100.97	105.19	101.49	96.36	107.38	100.6	119.62	101.78	95.77	95.84	113.08	117	87.96	80.64	77.3	76.91	73.73	49.28	78.46	80.46	73.16	39.04	32.15	6.69
2025-12-12	41.57	75.12	109.27	111.99	38	100.68	106.42	128.81	102.02	68.03	82.9	81.87	90.96	84.34	51.01	37.03	42.13	44.66	43.17	36.16	106.53	94.36	97.72	96.15	98.18	89.32	68.98	93.62	79.29	79.34	75.11	87.85	76.85	78.02	79.01	71.53	80.59	106.73	90.48	80.21	113.32	82.61	85.79	86.82	92.87	112.4	107.05	112.77	113.76	110.35	110.74	109.41	113.95	114.03	115.79	118.06	110.06	109.9	111.05	113.82	111.16	116	114.48	115.72	117.76	119.91	112.76	102.26	87.91	90.64	87.67	87.54	87.07	85.76	89.86	84.96	86.03	85.44	92.72	90.77	100.44	133.84	88.35	81.76	100.43	101.7	97.31	89.45	124.18	80.36	85.55	79.34	72.21	66.04	65.97	76.81
2025-12-13	88.31	100.42	90.27	89.9	103.59	101.92	103.44	91.42	79.14	74.4	73.67	77.55	74.44	65.85	62.88	77.72	54.59	80.06	78.02	86.57	53.78	65.9	68.33	80.35	78.75	75.38	79.27	83.27	85.84	86.36	71.68	79.91	93.77	83.71	102.83	113.06	101.07	115.24	114.76	100.85	119.46	92.37	86.55	83.93	85.8	86.09	82.77	78.11	73.45	72.79	72.78	68.23	73.11	77.09	79.34	77.05	78.61	81.98	82.92	78.85	74.46	78.71	77.32	81.7	101.95	94.39	103.81	113.33	89.76	100.28	91.14	97.64	86.12	81.86	76.61	71.58	88.51	88.81	86.42	86.64	77.62	85.34	82.9	91.85	104.92	103.71	100.81	95.46	99.68	94.97	97.83	94.22	103.02	92.56	83.67	86.01
2025-12-14	70.85	54.94	81.94	85.59	79.48	74.08	73.13	82.35	82.67	85.42	70.86	66.78	83.43	85.68	81.01	80.43	77.86	81.05	30.01	85.49	71.46	69.7	71.73	86.22	83.57	85.58	82.81	82.93	84.84	86.36	88.29	90.36	85.02	85.88	90.79	88.63	94.9	82.82	85.31	81.58	85.32	84.4	79.37	81.08	83.92	87.15	87.49	88.13	95	89.84	89.82	87.68	84.7	86.4	86.92	85.69	85.02	85.7	86.34	86.23	83.04	83.39	83.4	84.98	86.28	88.37	93.77	106.92	87.53	92.06	102.27	108.65	106.79	109.1	109.69	108.46	113.57	112.39	110.93	111.56	106.25	106.94	107.39	110.94	118.22	115.48	110.33	106.66	107.17	103.15	102.19	103.64	105.63	101.36	95.06	85.69
2025-12-15	96.63	95.26	92.19	90.16	90.93	96.21	95.88	96.11	89.99	89.53	92.46	90.8	87.93	88.28	88.69	88.93	89.42	86.95	88.15	85.42	89.29	94.38	102.61	87.08	88.39	87.18	89.59	93.49	92.73	94.35	101.92	103.86	93.94	96.78	92.61	90.09	86.52	89	88.1	87.18	88.52	89.34	90.85	94.08	112.8	94.88	141.4	117.97	146.93	137.5	140.83	138.68	112.08	114.03	113.42	109.13	119.2	120.43	121.27	117.69	114.04	114.73	106.55	109.99	106.69	109.89	107.99	112.38	110.21	111.06	109.83	108.07	106.05	97.42	97.69	99.82	103.09	104.61	99.61	98.39	106.76	110.45	117.4	119.41	117.87	111.94	108.96	109.65	121.77	109.71	105.75	108.45	100.87	93.39	93.88	90.02
2025-12-16	95.63	92.89	75.27	100.1	98.48	90.95	84.47	88.69	85.83	65.04	68.75	61.23	74.99	42.02	60.48	58.49	60.86	54.2	72.23	85.57	88.6	67.83	93.57	85.5	79.13	76.55	58.19	62.89	39.7	54.63	73.69	91.29	88.04	104.03	95.08	95.22	88.21	106.19	101.24	97.82	83.15	84.15	92.19	92.79	99.13	96.09	99.45	105.16	108.04	110.17	106.55	90.32	69.68	73.08	77.21	98.19	104.23	104.9	131.5	108.05	96.38	90.3	80.73	81.99	82.8	82.17	84.15	80.72	87.25	90.05	96.29	95.23	93.17	93.57	100.04	89.91	95.89	91.29	89.21	89.34	97.82	92.65	90.89	92.69	95.27	92.63	96.42	94.88	95.7	91.47	98.36	90.9	92.27	90.09	91.19	90.99
2025-12-17	101.55	35.5	39.6	57	95.69	63.34	55.54	52.27	86.03	86.04	73.37	59.49	61.33	63.46	58.99	62.15	83.06	92.8	93.28	91.2	87.74	86.69	83.42	94.25	209.83	96.44	92.71	84.36	100.76	84.72	83.64	86.25	90.79	89.06	93.11	118.04	87.87	88.93	92.29	86.2	88.57	93.16	110.46	116.61	92.24	97.03	90.94	80.22	112.61	83.57	82.75	51.15	84.27	95.58	95.58	94.45	98.22	155.55	102.09	103.32	95.25	115.15	124.12	129.57	136.2	116.27	116.67	128.04	107.91	108.45	110.1	110.69	101.56	98.13	96.37	98.39	98.6	104.95	95.99	100.62	100.94	106.71	111.22	103.65	112.68	102.92	109.07	101.31	94.76	85.97	94.93	88.62	94.61	87.07	97.5	82.66
2025-12-18	63.15	60.97	68.46	69.9	57.95	93.79	99.85	102.1	79.73	91.4	111.98	111.44	105.85	88.17	85.12	84.16	76.34	86.95	83	69.8	74.26	83.78	86.42	87.22	88.37	87.35	91.22	89.86	84.02	90.77	86.14	97.79	99.44	103.85	100.58	102.72	100.92	87.37	88.34	81.86	85.89	84.35	23.73	74.09	84.2	75.29	81.57	56.76	58.06	45.01	50.8	42.49	20.33	53.17	27.34	-2.34	70.57	96.6	96.01	88.85	86.71	65.85	99.14	91.44	91.35	115.09	149.21	120.8	108.48	108.66	106.17	110.88	100.96	96.96	97.52	96.76	100.1	100.37	99.34	99.44	99.45	95.73	98.93	105.17	113.21	108.91	108.53	132.54	108.47	94.9	105.72	104.15	111.13	111.84	109.9	100.24
2025-12-19	106.25	104.25	100.74	101.85	98.85	95.3	92.3	94.81	89.46	86.64	53.57	76.78	89.75	94.66	101.56	100.8	95.06	101.6	101.68	98.93	105.44	116.61	109.4	101.64	116.81	120.56	120.44	111.62	106.33	116.18	114.04	120.42	109.87	109.9	111.34	111.21	108.46	114.62	108.35	104.03	109.04	104.71	101.5	97.43	110.44	106.01	101.55	99.16	107.42	103.77	99.82	103.56	111.22	105.09	106.46	111.74	103.27	103.56	108.89	108.46	108.45	110.1	112.85	112.38	101.01	104.01	104.31	111.72	105.68	106.3	105.26	110.19	109.16	110.45	113.48	111.97	114.31	116.37	115.03	114.2	113.94	116.6	115.32	115.58	112.09	111.82	106.06	102.28	108.33	82.11	96.86	83.48	99.17	94.16	102.32	97.86
2025-12-20	89.38	80.35	51.2	49.45	79.53	59.92	57.1	53.54	65.14	36.83	55.76	22.53	74.11	40.84	31.74	32.95	38.61	67.9	40.8	39.75	48.38	51.97	60.11	55.95	78	79.22	87.92	79.41	85.38	75.4	80	81.24	83.7	84.14	84.67	89.47	89.1	93.59	87.53	92.63	117.25	122.26	123.08	91.47	87.11	87.63	73.59	77.17	81.25	79.78	87.58	80.66	88.5	90.62	90.47	131.16	91.73	93.45	91.94	102.37	95.65	96.02	96.17	95.27	93.81	98.68	101.44	104.15	135.24	132.64	126.43	131.36	93.47	92.95	94.37	94.07	95.15	94.38	93.92	94.2	94.55	93.25	93.58	93.18	117.14	108.47	92.6	89.76	94.11	96.61	101.51	93.24	86.25	80.97	79.31	66.45
2025-12-21	76.37	67.26	64.27	67.16	72.14	70.52	69.75	59.69	63.72	59.07	54.51	22.29	54.2	52.59	65.92	56.77	66.5	62.85	-15.74	9.84	38.62	26.23	31.35	13.77	16.6	7.9	8.24	38.96	12.09	12.39	14.27	10.85	10.02	12.23	59.91	28.79	49.84	51.92	64.98	72.28	73.96	74.13	65.79	64.49	72.38	70.05	65.71	67.98	72.67	75.77	74.96	75.33	74.18	70.85	73.41	73.27	83.44	72.99	76.36	77.26	81.12	83.37	85.42	86.7	79.42	80.48	81.77	86.13	97.75	88.96	98.94	125	124.04	98.58	115	119.17	112.96	104.39	101.64	101.67	113.21	107.97	104.39	106.53	112.56	114.47	112.96	109.6	113.8	105.78	96.37	93.4	92.83	91.56	79.19	76.47
2025-12-22	85.56	88.66	91.32	89.7	84.84	85.16	81.83	75.19	72.58	74.11	80.47	86.59	79.05	79.15	78.38	78.52	90.15	84.69	71.01	47.32	88.62	82.63	77.76	68.47	133.38	84.7	85.29	89.11	24.06	94.37	89.11	93.82	96	95.3	94.79	94.99	102.95	115.37	124.27	127.54	133.72	113.12	97.51	91.1	123.07	131.23	122.27	128.02	115	116.14	123.91	122.85	99.39	104.13	108.48	109.55	94.64	92.48	109.97	113.13	116.34	115.57	120.45	109.53	102.61	107.7	110.65	127.86	103.61	102.9	103.18	103.94	103.77	100.51	96.78	96.63	98.6	97.05	97.14	95.51	91.3	88.17	86.11	86.25	89	90.8	93.32	91.72	91.12	92.08	97.06	93.24	94.21	88.55	86.68	86.61
2025-12-23	95.8	92.25	88.55	88.2	89.18	89.45	89.36	59.62	78.02	77.76	77.24	70.4	66.29	54.57	60.67	58.87	57.89	48.48	66.79	63.84	63.04	69.23	69.58	65.15	76.28	83.69	84.38	88.18	78.8	87.33	92.03	98.59	91.64	93.56	90.03	86	94.54	95.18	95.79	92.59	87.39	94.11	92.28	91.21	93.36	100.6	93.85	92.07	92.22	86.82	88.91	86.67	94.68	91.56	91.24	90.67	94.96	95.01	95.89	96.21	91.85	93.46	90.11	92.42	84.87	82.59	79.96	85.05	83.14	86.47	85.69	92.67	90.13	90.32	93.18	94.05	93.28	93.28	91.04	91.85	93.6	93.09	93.31	92.96	89.37	87.78	87.63	88.51	89.35	85.31	85.01	78.51	81.95	77.64	80.22	69.21
2025-12-24	82.91	79.3	71.13	64.08	72.36	72.26	69.27	69.05	68.54	68	62.74	61.23	57.55	55.32	45.81	45.33	52.35	55.11	56.27	54.52	49.97	49.73	39.01	45.47	50.57	35.21	43.29	11.85	25.85	35.66	53.03	40.87	69.17	85.11	104.53	85.73	80.9	81.76	73.41	74.94	75.97	65.48	32.22	63.39	67.03	60.13	1.18	18.16	68.89	51.96	32.07	6.56	5.63	41.91	39.4	10.49	72.7	57.49	33.07	48.14	56.67	74.22	80.25	46.13	48.38	67.01	31.75	61.23	72.31	82.26	81.1	89.64	81	86.66	84.48	89.14	82.86	82.75	78.05	66.18	68.75	65.25	65.78	7.84	79.35	76.47	68.67	-0.68	2.64	67.83	67.85	65.37	60.12	57.4	63.58	68.96
2025-12-25	64	66.11	60.83	70.5	78.93	67.28	68.3	60.73	72.62	63.05	62.63	64.39	9.49	62.15	65.35	61.79	88.92	69.98	80.64	75.21	75.32	69.83	66.87	62.25	79.02	65.23	72.81	74.02	66.82	66	70.13	61.85	56.09	59.89	66.57	76.94	80.53	75.34	77.49	69.19	90.48	75.4	72.17	77.26	78.3	70.38	78.35	82.48	81.41	79.66	81.74	81.16	86.88	82.25	80.4	86.91	94.56	92.32	92.38	91.08	96.1	104.46	100.05	101.09	88.58	103.31	106	106.59	104.32	105.27	122.1	121.89	96.39	94.04	99.92	100.17	92.81	91.58	93.41	94.44	91.42	95.23	98.82	95.93	108.13	113.35	107.31	106.24	107.67	106.1	109.89	107.84	107.65	102.23	101.94	94.46
2025-12-26	114.54	107.65	93.53	89.72	94.27	92.94	89.16	87.68	88.95	90.45	79.36	86.49	88.66	83.67	79.51	81.11	78.55	82.02	82.29	81.77	89.54	91.43	89.21	87.37	85.62	89.65	90.5	90.24	77.82	82.4	86.69	88.25	84.77	87.73	86.32	88.46	97.99	103.88	99.03	92.89	101.63	93.99	81.7	82.52	62.47	87.37	66.62	67.7	76.08	75.16	80.53	75.85	83.55	86.94	80.55	83.65	80.13	82.84	81.85	73.14	68	73.3	71.75	83.88	94.3	101.4	98.29	90.87	89.63	87.04	91.7	94.84	90.51	96.61	97.54	98.93	95.68	90.64	92.78	92.53	93.69	92.34	92.07	91.18	94.38	92.97	90.79	94.93	96.04	90.2	95.33	88.28	91.43	90.7	88.34	89.06
2025-12-27	94.07	76.13	89.7	92.63	79.2	88.07	78.66	64	75.94	58.05	81.59	83.5	91.82	93.59	92.01	91.33	55.56	75.05	69.29	72.42	62.18	57.3	76.08	79.09	69.02	57.61	62.81	62.13	67.3	62.07	77.2	65.8	76	76.47	81.49	90.36	81.58	81.03	64.24	75.72	91.27	90.29	75.69	52.47	88.12	71.6	77.32	65.34	94.62	85.34	82.94	78.25	92.22	164.65	88.72	96.21	99.98	104.44	91.28	94.27	96.46	95.07	96.1	101.43	107.83	92.74	94.67	101.75	102.74	109.84	107.72	111.78	102.15	96.01	99.26	100.75	96.39	98.75	100.83	99.62	91.44	85.42	86.45	89.88	93.07	92.12	92.73	90.86	93.68	34.62	23.27	21.48	24.01	9.42	8.23	4.07
2025-12-28	84.88	84.86	71.31	0.94	81.86	81.66	77.39	79.27	0.54	0.31	77.98	77.34	25.03	0.02	-0.43	75.63	75.56	57.95	3	62.07	38.86	70.24	65.99	68.56	76.02	69.33	84.44	86.71	87.14	81.61	82.74	82.17	83.78	83.87	87.76	83.36	84.82	48.97	81.47	69.76	50.72	77.18	54.33	65.09	70.83	83.38	62.08	69.62	70.73	52.43	69.82	81.11	80.74	79.48	83.59	89.62	81.91	89.55	85.55	88.41	92.12	100.74	103.62	134.73	106.83	121.34	124	140.92	144.76	156.95	190.05	196.36	109.99	99.54	100.88	99.42	91.77	95.13	95.64	97.58	93.04	97.06	97.56	95	97.4	98.27	96.74	98.96	98.31	95.79	96.35	104.27	110.18	104.05	92.39	91.72
2025-12-29	111.53	106.36	106.57	101.32	95.65	95.54	95.17	93.8	92.91	92.85	91.49	91.69	97.22	95.03	95.09	95.16	91.62	92.08	90.28	90.85	90.02	92.29	92.35	97	99.83	98.98	103.9	94.79	69.71	76.53	84.59	93.88	96.61	100.35	97.94	95.5	108.43	96.79	90.22	88.86	86.04	103.48	56.22	41.51	109.43	40.67	35.92	49.14	86.73	92.9	69.97	64.93	89.62	86.72	83.92	81.35	76.04	78.05	21.08	13.82	40.67	76.03	50.54	80.84	91.84	86.76	90.82	92.74	98.39	91.5	97.8	97.15	98.7	102.39	105.85	104.74	113.95	117.46	120.82	126.45	140.87	160.43	160.77	138.73	134.01	128.66	127.91	111.12	119.46	117.08	103.02	100.64	99.36	98.02	98.02	95.25
2025-12-30	114.27	114.02	108.99	111.59	104.23	98.68	98.34	98.21	100.67	97.27	97.65	97.23	98.16	98.75	96.91	97.06	97.02	97.37	97.5	97.46	96.01	96.65	96.48	97.38	95.17	95.78	88.9	90.48	85.11	87.29	91.87	94.44	83.46	102.62	96.24	90.86	101.74	101.68	88.21	91.19	112.9	102.11	99.84	80.14	87.5	86.96	72.41	79.01	62.68	62.23	80.94	75.65	70.81	76.82	72.15	79.79	81.86	79.35	80.26	48.87	64.5	71.47	11.44	-2.62	41.09	78.92	86.15	96.41	95.23	104.56	105.3	116.37	92.96	100.63	95.54	92.94	99.56	94.39	92.49	90.5	91.19	89.67	114.53	115.9	126.09	120.74	119.43	116.67	121.2	116.94	118.7	119.22	122.01	122.79	119.88	117.49
2025-12-31	107.5	104.02	99.47	97.19	106.53	91.48	91.74	90.7	91.87	91.56	91.11	88.26	89.85	91.77	91.66	86.67	85.48	89.9	90.95	91.12	93.26	94	94.31	94.11	86.97	85.22	82.58	85.66	107.7	90.32	89.65	103.16	106.08	104.06	106.15	102.21	100.55	92.48	85.5	85.15	93.84	99.47	42.61	82.96	102.42	100.47	38.12	52.33	83.56	77.31	118.94	86.88	83.98	83.16	76.3	85.21	80.45	80	75.84	87.98	77	86.47	105.47	105.95	93.83	102.1	102.38	99.63	102.22	111.64	111.34	119	103.2	102.85	105.57	106.24	108.97	108.46	108.31	105.23	105.21	105.29	104.65	105.84	106.52	103.76	99.38	102.12	107.48	99.9	103.89	96.65	97.31	97.13	93.5	91.04
2026-01-01	100.89	94.34	107.93	104.68	109.66	110.29	103.74	96.15	99.08	88.65	104.81	95.73	94.97	90.42	90.03	92.31	91.95	76.37	73.34	72.3	75.14	76.34	54.09	61.44	15.5	54.66	10.37	81.16	83.56	10.06	16.31	7.49	77.6	84.64	74.64	75.79	74.12	79.43	83.43	81.64	88.2	89.2	87.41	88.38	84.9	89.87	92.55	90.02	92.54	93.21	91.56	90.12	90.04	90.06	91.42	93.64	96.91	101.15	114.22	115.48	116.83	118.63	106.95	115.08	106.17	102.08	96.97	94.72	90.07	98.04	101.61	106.45	109.92	114.66	102.61	91.9	103.51	92.09	79.32	85.14	99.32	85.68	84.78	79.21	116.04	107.59	108.5	90.44	113.5	105.93	103.62	105.73	95.65	89.84	70.38	64.61
2026-01-02	94.22	87.57	89.3	85.18	76	75	42.59	32.43	19.39	0.56	39.78	85.19	83.55	61.09	71.8	53.05	52.44	69.01	67.92	82	65.31	72.5	77.87	84.99	74.57	83.49	85.84	112.28	88.88	86.4	83.96	87.03	86.17	88.96	91.31	92.61	97.17	94.22	97.24	102.14	109.49	109.31	108.2	106.62	156.32	130.61	132.27	117.26	112.16	114.19	120.23	116.62	105.04	104.14	107.88	111.34	107.76	110.82	119.18	118.18	121.33	187.24	216.75	226.14	237.91	241.68	124.99	110.1	109.5	105.05	88.84	94.03	90.13	94.83	100.09	100.66	95.79	96.54	81.33	82.33	95.5	95.26	95.38	98.3	102.36	106.05	115.11	106.55	108.19	103.06	103.21	103.23	100.18	99.49	95.98	90.45
2026-01-03	88.77	78.62	80.12	83.89	94.3	98.7	91.46	90.65	93.13	95.91	93.91	93.56	93.11	92.57	91.94	85.97	80.89	82.93	84.95	86.03	87.16	88.25	89.66	91.39	85.82	88.13	88.04	86.76	76.38	83.95	88.43	89.21	92.24	93.01	93.21	93.51	102.89	111.75	111.76	94.83	125.61	123.58	109.73	99.38	110.8	100.77	99.93	102.55	102.48	100.53	99.32	87.49	85.66	100.05	97.39	102.94	108.44	115.84	119.96	122.12	114.58	114.48	114.82	108.22	94.12	100.72	102.56	104.37	104.04	106.11	98.54	98.04	101.64	106.59	108.08	100.51	104.88	104.17	101.62	102.83	104.43	104.15	100.76	97.85	98.61	93.64	93.6	91.21	96.04	86.72	116.86	101.85	96.53	93.13	84.28	39.32
2026-01-04	-38.17	8.27	94.29	96.85	102.81	38.06	-34.49	72.18	80.64	80.78	47.21	30.14	0.89	2.59	82.45	2.75	89.45	0.85	0.87	-0.07	-0.4	2.21	89.01	83.04	77.59	76.22	71.09	86.68	76.48	28.87	63.25	73.89	73.02	88.72	72.9	89.71	90.37	89.63	87.43	78.86	84.17	88.57	83.39	88.75	68.15	59.32	57.71	65.96	78.55	70.66	70.72	52.21	67.52	71.81	89.77	94.33	63.11	68.08	77.32	91.13	98.93	66.22	72.09	82.08	84.1	81.75	80.09	86.37	82.94	82.98	75.59	93.74	93.94	95.56	100.1	98.17	89.56	85.06	101.08	99.99	101.03	95.8	100.06	103.29	105.95	66.86	92.81	89.38	110.63	104.01	96.05	93.9	95.66	91.16	95.54	93.7
2026-01-05	8.04	41.93	7.85	92.28	90.4	92.31	93.38	53.38	86.61	87.02	88.99	84.71	75.68	73.43	79	86.07	81.25	76.05	78.47	82.41	72.72	81.97	78.31	74.57	90.04	89.45	90.07	8.54	103.63	93.66	2.36	59.73	107.69	108.34	102.36	100.06	102.01	125.94	125.67	117.88	104.33	115.61	102.06	85.7	99.66	153.8	36.88	44.21	97.15	108.61	113.49	115.08	109.01	107.73	96.41	110.56	113.69	113.67	98.04	91.17	69.47	85.59	77.16	114.66	106.06	111.26	104.41	109.36	93.66	111.22	113.53	107.98	144.23	79.76	59.74	66.64	66.96	63.74	63.93	86.76	134.2	64.51	93.76	79.03	72.58	73.08	76.34	61.23	72.75	100.53	106.45	105.33	106.15	102.99	113.8	87.26
2026-01-06	120.64	95.61	96.82	61.93	36.68	14.11	49.23	37.96	3.5	80.25	92.01	82.2	82.32	86.02	68.57	14.29	27.71	21.21	-0.92	1.22	101.69	-3.83	-7.22	-0.09	83.97	25.37	26.15	87.9	91.1	81.56	99.02	102.55	93.79	87.46	90.2	88.64	91.09	88.36	88.26	64.62	42.42	2.95	25.13	11.4	22.12	54.77	106.01	19.23	21.06	-6.43	-3.74	-1.57	37.26	-0.74	-3.2	1.52	57.39	-2.09	-7.41	43.02	10.28	-1.36	-1.82	-0.9	-0.18	57.79	64.72	103.39	100.94	104.24	103.79	110.65	115.27	108.61	105.72	121.52	114.83	105.89	104.77	107.83	112.25	118.28	113.56	106.5	116.73	119.87	115.64	112.05	118.11	121.24	120.71	118.88	120.64	119.15	117.93	112.96
2026-01-07	116.64	113.36	109.57	104.99	102.63	99	93.39	91.12	82.67	87.1	80.66	92.87	94.5	93.28	92.2	94.5	88.29	91.93	85.25	89.72	91.25	86.86	95.24	96.89	98.2	91.26	97.43	97.28	111.66	117.32	119.85	124.92	123.7	128.73	132.45	139.71	128.22	117.04	118.93	108.55	111.12	122.27	112.15	98.99	109.93	106.9	99.96	98.92	50.08	80.3	53.63	79.85	79.42	77.89	82.36	79.28	100.26	105.97	101.22	98.74	101.71	87.19	89.53	53.96	105.91	203.63	108.88	113.63	125.55	117.19	125.58	132.8	116.88	111.91	130.45	133.78	123.91	134.51	120.07	119.34	115.87	107.91	116.29	108.87	110.62	110.62	109.35	108.5	108.43	103.87	101.97	106.37	108.45	107.03	100	87.93
2026-01-08	107.89	106.35	103.13	94.08	105.68	88.73	94.34	91.99	93.8	96.47	104.71	99.9	99.34	96.04	95.86	96.4	96.49	97.2	101.94	105.47	101.38	104.28	108.54	107.13	96.85	104.29	106.54	107.3	107.96	108.53	110.49	111.46	109.59	113.44	112.51	112.64	112.9	109.46	102.95	96.7	106.97	106.81	106.39	106.07	120.76	112.49	100.85	101.15	117.95	117.97	107.59	101.59	103.64	97.34	97.46	98.44	97.53	97	97.17	103.66	104.89	105.07	105.08	107.28	102.39	113.7	106.31	107.91	95.28	95.87	94.58	105.55	93.86	95.62	98.52	99.74	100.82	103.88	100.84	94.18	107.09	105.63	103.19	102.25	98.35	99.68	114.87	105.56	105.23	107.46	94.17	94.19	90.24	86.78	21.16	-7.8
2026-01-09	97.99	80.87	75.42	89.91	271.76	92.99	93.39	93.44	91.88	87.31	93.51	93.38	94.7	93.95	94.07	92.1	92.27	91.36	86.69	87.89	138.87	97.86	97.49	94.18	91.12	90.78	93.16	93.61	108.27	107.85	104.68	106.46	104.96	103.03	102.39	103.3	107.49	104.83	99.12	99.86	75	-6.93	-1.89	-4.53	-0.95	-3	-0.64	-4.42	-4.74	-5.39	-6.11	87.84	-5.84	-5.65	-5.89	-32.35	-6.58	97.58	119.23	52.71	6.69	-2.48	-1.97	24.09	88.78	93.07	96.71	80.01	86.64	78.61	6.43	12.97	39.85	95.02	89.89	97	115.98	108.11	109.66	93.44	119.58	109.13	95.23	100.02	107.73	98.26	95.37	75.3	92.99	90.59	54.12	44.95	94.81	5.32	5.08	43.52
2026-01-10	174.38	90.66	93.11	81.96	81.17	68.23	82.31	50.73	85.36	70.02	74.1	83.1	92.78	90.4	90.57	89.82	89.85	82.5	89.33	86.59	91.01	90.38	103.82	89.49	88.97	83.48	82.77	90.31	91.22	92.67	93.49	95.16	98.06	99.55	100.74	103.08	113.09	106.72	99.64	93.38	-28.14	4.19	-66.34	-13.39	-2.32	0.11	-2.84	-0.34	-4.72	-5.39	-5.66	-5.31	-3.31	-0.97	-1.2	-1.19	-2.99	-2.9	-26.86	-3.71	84.93	91.54	73.75	73.02	83.28	9.54	0.66	93.3	104.73	100.4	98.95	90.23	98.17	108.38	95.69	96.36	102.28	103.75	102.99	100.17	100.15	98.71	109.27	107.1	115.1	115.7	118.09	114.85	119.59	114.85	114.22	109.21	114.25	109.01	107.99	105.79
2026-01-11	110.28	97.29	94.15	87.18	96.76	88.86	91.7	90.4	100.8	92.1	90.69	94.75	96.78	96.67	90.3	45.2	54.44	45	42.56	42.1	96.15	95.56	45.02	96.15	80.96	73.02	79.18	84.19	87.08	81.46	61.04	61.09	71.64	74.7	78	76.52	84.97	95.28	84.31	81.54	26.72	16.3	9.02	-6.11	80	82.81	67.49	-0.23	0.33	74.46	-0.56	-0.47	75.05	75	81.55	51.17	77.92	65.06	62.48	23.13	27.92	-1.57	-2.5	-1.12	94.02	92.57	94.65	94.95	118.45	114.6	108.28	112.28	109.06	106.39	114.05	121.27	141.34	167.04	141.78	132.17	128.52	126.29	137.92	167.75	199.15	132.49	113.76	112.68	112.83	111.85	111.45	100.16	110.29	112.5	111.62	112.73
2026-01-12	105.03	99.74	98.86	84.22	80.41	71.76	86.15	71.03	84.91	80.27	82.77	79.68	100.71	96.46	98.77	95.24	94.07	95.35	95.18	93.65	97.54	95.41	101.42	106.13	103.79	100.21	113.28	107.68	112.33	112.9	113.76	112.6	116.56	156.79	147.31	115.91	144.55	120.11	110.96	107.94	114.99	104.36	45.43	86.34	90.16	105.93	95.22	89.3	83.24	72.31	-0.51	84.91	5.36	90.85	25.32	-4.92	22.07	45.82	51.47	45.19	38.82	36.79	79.47	66.67	48.98	20.22	49.02	92.41	92.7	93.13	103.49	132.37	105.85	103.33	108.17	124.93	116.15	118.86	114.84	110.75	130.92	131.33	113.66	119.72	108.64	119.56	113.95	106.26	118.91	112.58	112.46	113.01	112.38	101.77	97.76	51.14
2026-01-13	84.83	79.96	74.32	73.62	74.69	82.49	87.83	79.24	96.83	92.82	93.11	84.59	85	85.16	82.37	86.42	71.94	75.21	70.1	40.11	78.65	93.58	97.14	98.19	115.14	96.38	107.3	107.57	94.88	99.26	101.12	100.65	105.5	115.58	117.08	107.7	106.74	99.59	97.79	99.92	100.74	106.68	106.56	101.01	106.77	100.36	104.75	105.75	103.36	101.21	94.61	98.43	90.43	90.61	91.33	94.48	102.47	199.71	121.11	106.68	113.33	104.69	100.42	100.27	92.64	98.78	103.38	100.15	92.8	83.76	100.86	97.99	92.39	94.24	97.95	98.17	98.19	97.7	97.54	96.93	99.18	99.94	101.24	113.26	103.9	106.49	101.54	100.99	100.01	97.97	94.18	96.34	100.47	91.58	106.04	91.79
2026-01-14	116.63	109.85	107.69	105.22	112.33	112.17	116.39	102.76	99.76	97.94	100.31	95.26	106.44	108.85	106.18	107.91	97.52	99.88	99.08	97.51	117.52	98.23	97.83	103.14	105.63	97.71	102.19	110.1	110.35	107.61	124.32	135.91	120.34	129.22	126.71	126.83	138.39	134.61	152.63	122.22	135.09	119.4	113.4	108.81	109.89	102.58	100.91	96.19	41.68	86.37	78.54	53.15	70.66	85.81	63.69	72.08	104.16	108.58	114.44	112.05	108.21	104.06	56.69	49.64	89.33	96.9	54.1	57.82	109.13	115.91	78.51	104.42	100.99	134.76	135.29	121.1	120.08	93.65	140.18	132.24	137.38	139.35	134.59	130.16	125.08	116.07	112.38	109.25	110.49	98.34	95.19	97.46	102.9	99.05	106.93	96.14
2026-01-15	118.19	69.47	64.23	59.44	72.88	91.26	114.57	99.44	113.36	105.51	79.13	80.88	90.39	93.04	94.84	92.35	86.24	73.17	63.8	87.75	103.65	91.97	89.67	89.92	97.02	97.61	103.36	104.46	116	93.43	103.26	105.56	103.35	105.04	104.85	107.44	106.03	98.02	92.75	72.8	65.81	21.69	8.41	-5.35	33.81	54.71	85.35	70.95	80.25	80.68	90.49	89.46	105.32	103.79	102.14	88.93	99.4	97.18	104.24	105.32	107.58	108.29	107.63	107.3	112.86	103.58	103.5	111.2	108.49	105.22	107.52	115.15	109.62	111.2	109.52	111.41	118.75	119.47	120.78	124.18	125.93	132.49	136.97	136.54	138.73	138.7	137.67	135.74	134.44	135.51	133.78	132.09	128.85	127.35	128.57	113.05
2026-01-16	107.19	108.04	93.66	54.03	106.16	124.11	103.26	104.26	108.84	124.52	115.52	109.41	109.34	114.06	114.1	111.56	112.26	109.61	108.98	104.88	107.24	114.15	114.36	123.23	115.56	116.25	154.48	119.89	133.61	128.14	129.87	136.42	134.65	134.94	137.31	134.59	138.22	134.88	130.99	123.52	108.49	118.22	118.72	127.91	123.74	130.05	103.19	81.95	69.17	99.09	63.7	63.19	112.5	117.22	69.13	103.92	64.48	110.6	107.02	108.67	108.56	123.49	119.32	124.31	120.64	124.75	125.71	126.73	129.96	136.85	141.01	154.63	143.9	152.63	157.76	158.44	156.97	150.06	148.55	146.83	140.47	137.77	139.33	139.09	144.91	135.91	130.94	128.8	126.56	130.16	143.1	129.36	138.79	135.11	122.22	115.92
2026-01-17	168.23	134.74	145.03	135.76	128.74	131.81	129.14	125.76	123.64	115.31	125.94	116.74	145.71	121.83	119.49	118.47	128.24	125.73	126.56	126.92	117.72	119.62	125.65	119.41	113.96	113.76	113.13	110.03	119.06	114.64	116.68	115	109.55	103.42	106.69	114.47	117.65	120.91	111.06	104.29	110	107.14	104.37	103.56	116.44	111.44	107.57	109.35	109.92	114.15	117.77	113.9	111.38	115.23	121.24	129.75	129.71	125.97	127.68	140.63	118.4	173.44	147.77	159.59	130	120.63	119.26	116.64	120.77	123.06	129.16	142.76	138.05	134.98	141.39	133.47	140.38	140.05	121.02	69.54	92.5	130.4	108.82	133.68	117.77	106.52	118.34	133.79	141.94	94.09	138.57	128.05	155.82	152.16	145.28	135.12
2026-01-18	129.78	127.96	130.44	120.05	115.46	130.57	122.86	129.21	126.66	123.77	127.19	118.18	133.81	124.9	116.51	126.03	119.36	120.97	125.81	131.64	140.15	119.34	119.32	120.83	115.64	119.41	119.48	119.6	120.51	122.43	121.19	123.23	119.25	118.03	117.81	122.46	154.77	147.42	121.73	120.25	114	73.15	74.01	65.86	103.13	97.62	95.5	103.88	141.38	124.37	100.44	96.88	126.04	146.18	123.05	119.99	121.46	124.58	134.42	121.65	116.9	121.19	115.13	121.76	101.26	119.85	-122.56	57.98	120.62	141.56	132.24	116.7	126.43	156.5	133.38	145.47	129.98	119.8	125.55	124.52	124.56	121.18	130.54	125.49	146.87	124.79	114.55	145.02	126.15	103.17	103.44	107.82	155.13	139.77	103.72	87.25
2026-01-19	109.87	118.46	135.95	122.68	128.11	87.55	104.94	110.22	120.63	107.5	106.68	110.01	108.25	106.36	107.55	111.02	107.36	111.42	108.89	111.07	113.58	116.42	102.32	110.43	124.64	118.34	159.66	178.68	127.21	137.39	126.2	124.69	127.96	129.13	126.8	125.45	129.69	121.16	118.57	115.13	141.28	130.67	123.49	117.6	118.29	114.6	118.93	117.31	119.68	118.05	114.86	114.8	114.97	96.38	84.15	95.49	103.03	110.13	125.59	109.09	23.09	48.07	117.86	116.86	36.3	32.28	53.83	53.76	134.07	109.97	108.71	93.89	115.15	128.52	117.85	118.22	116.53	116.06	117.8	118.11	123.28	125.28	116.47	117.4	118.87	121.07	129.41	122.93	115.61	119.62	116.89	115.02	119.59	100.88	115.54	114.8
2026-01-20	85.43	72.2	50.05	38.55	93.32	94.2	100	98.29	109	107.73	84.27	84.06	114.51	110.85	103.4	97.48	100.67	108.13	98.83	91.07	99.67	106.31	100.25	91.74	95.83	94.18	99.05	109.12	107.01	107.27	110.9	113.92	110.29	108.13	110.72	111.46	104.63	99.99	99.07	102.03	109.9	54.77	43.09	29.77	87.39	97.47	39.03	33.39	91.38	86.03	137.23	101	92.42	30.63	20.84	91.46	110.5	111.89	109.46	91.06	25.9	40.97	115.74	109.52	0.45	1.4	125.76	113.41	121.7	110.73	100.58	116.28	114.73	119.95	116.77	130.89	119.69	114.97	112.86	112.23	113.7	111.46	108.18	105.44	107.93	108.94	107.74	100.84	93.18	89.09	101.12	102.96	97.94	91.07	92.88	81.71
2026-01-21	103.53	115.93	108.12	97.95	90.04	92.33	98.94	99.77	104.02	102.56	86.15	19.52	100.39	98.11	41.89	39.71	78.56	91.01	96.23	95.68	152.59	109.13	79.7	37.4	89.27	93.41	94.93	103.05	110.23	107.56	109.82	116.15	95.2	103.72	97.89	70.3	55.2	54.17	108.31	96.77	2.64	-15.72	15.55	14.54	3.96	35.71	78.87	11.6	72.04	54.18	41.35	49.86	113.71	121.65	90.66	92.87	93.18	89.33	89.45	92	82.2	82.72	92.65	94.7	98.47	93.4	93.66	92.92	94.54	105.02	107.23	124.22	91.57	104.89	95.48	100.65	95	94.98	94.89	97.96	104.04	104.38	108.08	107.6	110.15	104.34	107.72	106.46	109.53	104.09	107.12	104.48	93.93	79.24	89.76	82.8
2026-01-22	59.77	59.07	68.31	67.15	91.58	79.48	86.68	74.8	81.42	76.7	67.86	42.26	49.19	11.96	-17.78	28.88	66.55	53.25	51.56	69.88	46.45	56.5	71.59	65	79.31	93.21	74.38	62.59	77.1	74.05	72.34	74.32	86.78	86.85	97.5	76.26	92.77	99.84	92.67	37.32	3.29	-0.41	-3.49	-4.04	-6.95	-8.73	-9.62	-6.16	89.95	86.02	85.73	-5.84	-5.74	80.99	82.2	66.62	88.11	86.81	92.94	90.38	82.94	84	81.2	0.44	4.68	96.07	90.8	30.7	74.21	79.8	45.37	36.62	104.23	108.14	101.78	103.5	100.42	101.95	118.97	92.2	88.8	78.17	92.49	88.85	100.03	94.48	145.74	113.72	30.4	89.01	135.33	80.47	92.4	67.26	57	69.82
2026-01-23	80.76	69.04	83.73	-0.41	-0.13	77.83	74.64	84.73	75.31	91.82	-26.24	-4.65	72.6	72.3	2.21	65.94	95.85	87.02	68.46	33.1	50.67	70	50	-7.26	82.16	94.37	105.12	102.87	108.16	108.76	113.96	137.8	150.33	113.73	117.6	117.31	114.88	102.33	97.21	104.98	104.88	49.31	52.43	27.61	7.31	-21.45	-4.99	51.78	22.59	57.63	43.87	20.96	10.45	35.62	68.99	50.78	49.03	84.9	102.83	107.72	95.35	97.12	110	110.58	97.43	96.39	118.35	162.44	102.99	109.69	109.98	113.15	116.97	114.56	114.36	126.06	127.45	117.3	115.02	116.18	112.88	111.68	113.84	115.58	113.95	107.65	104.06	80.28	103.37	96.49	97.76	93.9	104.61	89.61	97.17	57.25
2026-01-24	86.87	78.99	82.93	-16.81	88.67	82.38	108.78	77.5	87.97	81.54	86.9	81.58	94.53	100.66	109.09	114.19	122.32	117.24	120.33	120.44	121.79	121.4	122.48	122.5	113.8	115.11	115.17	116.33	110.74	88.02	66.87	70.39	102.37	106.54	87.96	87.48	97.97	108.79	91.22	110.14	104.24	-1.35	-4.85	103.44	148.34	96.28	112.52	69.44	39.83	89.4	3.68	-18.26	32.85	75.2	81.17	39.13	-330.02	-5.17	-4.27	-7.43	-5.27	-5.31	-5.17	46.04	120.18	168.97	100.56	8.54	31.21	79.15	134.35	139.47	135.21	222.46	340.88	197.15	83.29	75.06	86.06	91.03	90.48	88.84	89.68	95.57	103.17	91.99	55	38.93	50	-9.27	-2.39	-22.57	-9.92	46.67	-4.02	249.8
2026-01-25	81.96	60.13	-19.32	60.24	112.09	53.84	61	67.95	118.09	114.53	84.4	64.7	5.13	20.61	97.81	-5.89	18.01	52.2	50.87	64.55	16.11	43.36	75.53	85.83	101.1	37.37	3.78	0.3	16.86	12.53	89.41	54.44	5.73	-2.46	72.15	60.74	31.16	57.79	26.82	31.43	34.81	2.21	-6.03	25.89	101.13	25.71	13.04	58.8	111.63	17.75	-4.01	86.39	7.02	51.54	53.36	21.87	17.38	10.08	-56.25	31.89	107.74	125.74	105.03	91.19	81.69	110.09	21.15	10.02	10.35	63.73	76.58	71.69	-34.87	-15.39	-3.45	69.63	86.94	100.56	107.9	157.97	126.64	137.34	143.54	74.88	75.47	76.16	61.54	44.99	47.81	82.41	-24.7	-12.97	53.57	-25.28	70.62	101.32
2026-01-26	28.18	37.18	52.15	69.95	108.43	56.6	-5.98	67.83	-3.01	-10.47	65.07	69.72	102.95	-10.49	-111.15	12.42	86.5	-5.16	-10.61	-6.28	-3.91	77.23	82.64	67.22	165.7	138.77	62.8	64.97	40	46.08	113.31	118.86	88.06	69.34	78.52	73.97	71.28	65.9	5.9	71.16	8.61	2.52	2.62	105.28	99.6	128.16	111.77	83.51	87.46	33.14	96.2	36.46	39.46	42.11	110.41	110.45	106.99	131.49	120.16	120.68	126.59	125.21	105.02	101.42	75.47	56.83	59.87	77.87	35.19	58.11	69.95	90.01	101.75	84.13	105.11	115.53	116.35	116.66	116.66	109.49	89.49	101.27	107.02	113.32	115.42	116.66	101.87	92.98	91.4	20.77	34.35	55.24	52.77	40.29	41.48	25
2026-01-27	68.02	76.76	60.31	32.95	-17.54	-10.41	-0.25	-10.27	52.78	-9.56	-9.88	8.83	23.51	55.77	52.32	51.74	46.41	37.75	16.03	56.34	113.36	-20.3	-1.11	30.34	345.9	201.99	77.38	66.12	36.2	42.11	47.09	31.94	30.21	28.19	60.14	50.38	84.87	77.79	80.65	120.32	92.56	93.79	95.46	94.39	86.96	80.41	99.55	69.8	67.89	61.39	65.4	50.7	36.71	43.4	36.91	36.46	36.28	38.86	45	36.71	-145.8	70.67	83.66	91.34	-0.01	44.88	46.55	41.64	78.32	63.95	55.79	19.42	7.85	84.8	75.26	101.32	97.75	7.93	5.89	104.49	9.73	111.64	106.04	55.12	96.59	93.95	84.65	95.32	58.63	-18.94	-0.36	-3.88	87.69	61.55	80.86	55.47
2026-01-28	58.93	4.25	52.69	-31.98	78.21	103.17	53.5	61.1	63.96	51.14	68.51	60.18	51.59	70.55	32.16	19.81	44.64	16.9	34.64	36.09	42.52	61.3	49.58	61.18	63.06	78.62	103.28	114.58	116.23	118.27	167.95	173.65	340.02	1488.16	176.85	346.11	380.13	174.89	199.12	158.44	380.11	352.18	143.22	124.9	171.74	145.55	127.16	141.42	378.91	123.9	122.19	109.85	110.48	118.01	119.84	119.21	114	70	63.5	60	3.79	-0.63	30.78	33.28	34.47	58.04	55.1	11.81	58.05	69.86	64.25	94.28	70.2	85.89	95.55	158.67	110.21	94.35	94.33	15.78	74.69	107.31	97.23	85.71	13.4	11.04	-17.1	0.53	8.15	-0.32	-1.63	-4.17	56.69	-5.58	125.87	149.75
2026-01-29	218.23	111.15	-15.7	96.33	72.65	89.1	20.61	-30.21	2.6	-9.26	41.9	58.65	46.82	15.14	9.55	23.3	27.73	38.01	38.57	38.06	28.66	29.1	30.82	27.43	61.85	43	-1.55	-3.74	63.55	57.82	34.04	95.08	64.67	75.05	73.56	20.07	26.94	50.19	62.79	-14.21	42.13	45.53	-31.11	-47.3	58.63	73.62	51.26	79.05	118.53	97.23	60.28	21.47	53.81	86.66	94.91	50.27	20.8	1.89	-1.66	-2.31	-0.11	-5.48	-14.34	-2.72	26.93	80.98	81.71	-3.96	-13.95	15.39	44.45	73.38	42.77	68.37	95.08	86.74	88.28	99.84	108.84	79.4	82.55	72.55	58.28	31.47	109.22	62.33	106.77	-7.4	-4.58	-2.37	82.82	83.78	74.46	-12.08	-97.55	-118.8
2026-01-30	55	61.77	95.66	78.68	68.21	64.41	-5.53	121.61	51.67	-8.58	-6.85	-5.86	-6.77	-5.82	49.13	66.89	45.72	61.02	57.25	48.22	52.94	43.96	30.52	57.23	91.19	93.26	60.17	64.59	94.9	59.73	44.78	-5.21	-2.43	80.71	84.09	101.45	-1.08	55.06	32.17	57.78	50.48	47.86	-2.37	-4.78	-0.45	62.74	-4.08	-28.65	-37.18	-3.25	93.65	-91.03	-35.55	14.42	45.78	36.8	30.37	33.58	26.19	-8.23	15.56	29.58	32.27	14.23	55.14	86.13	14.24	3.74	-21.83	107.93	97.6	59.73	64.57	64.5	44.82	86.47	-0.88	72.42	68.83	17.11	25.7	75.67	62.1	61.98	63.39	-12.73	-7.7	54.9	94.97	21.42	-9.74	-7.07	-7.34	69.95	-15.46	-179.25
2026-01-31	-287.88	37.93	-8.52	-10.59	-2.99	-21.41	-30.58	-10.12	85.09	-3.08	-6.93	97.85	120.69	136.94	96.76	9.17	89.02	8.85	-7.05	88.7	98.16	94.25	-8.24	-10.82	-11.3	-26.95	10.87	-6.59	78.97	46.19	42.56	83.57	59.94	58.22	35.24	30.76	11.91	6.13	-3.95	-3.57	1.13	0.18	1.74	-4.77	-3.84	-4.82	-5.73	-7.63	-9.44	-6.28	3.65	-9.4	64.87	49.79	50.08	52.72	76.23	-11.62	-8.3	-11.53	-9.68	-15.89	59.53	-11.25	58.12	37.95	40.17	-3.17	19.13	26.44	45.21	47.55	45.45	92.25	99.05	65.43	65.77	-10.92	-2.68	85.66	128.88	101.1	-18.69	-15.95	-4.54	-64.49	80.99	67.12	89.83	67.39	54.92	49.53	49.56	43.12	69.68	57.9
2026-02-01	72.77	50.7	35.43	-9.63	59.95	74.34	25.7	91.24	65.23	52.53	65.01	81.84	27.43	39.41	48.21	72.87	28.51	30.29	28.84	69.99	45.93	86.39	84.07	71.71	49.2	26.55	22.7	12.24	49.16	53.95	57.72	40.66	37.71	31.2	72.59	105.37	81.53	64.9	93.01	52.33	75.54	49.43	45.27	22.62	28.2	50.9	17.09	60.42	96.86	48.47	3.77	56.06	39.38	13.57	21.63	10.53	-14.17	11.35	-1.28	29.45	-5.74	-0.88	-2.55	49.25	61.74	43.32	46.16	34.31	70.94	102.18	71.55	100.87	99.78	109.12	100.22	112.02	125.77	142.4	111.25	139.93	138.38	111.45	115.57	109.47	201.01	127.35	122.28	124.1	109.83	111	117.42	118.36	111.55	106.7	30	-119.64
2026-02-02	31.37	93.21	262.44	80.82	49.15	-25.28	-133.1	-30.63	-6.82	15.07	21.47	-5.73	-13.22	6.58	29.71	-4.73	26.32	46.12	-7.83	-6.21	26.52	40.43	-7.48	-14.4	56.1	109.43	59.46	96.19	85.84	49.08	-4.42	41.14	45.39	96.79	49.95	34.61	38.11	89.84	126.28	35.66	39.13	96.91	23.63	15.61	11.71	9.27	19.62	14.4	44.99	79.94	60.86	69.28	71.89	89.9	95	20	20.87	22.01	3.87	3.77	12.08	20.01	6.88	15.44	35.5	17.7	43.56	76.2	89.91	89.18	97.99	105.22	33.82	69.09	44.46	102.4	102.55	106.11	82.92	74.81	61.4	98.79	102.11	63.71	103.62	92.84	93.28	88.87	80.88	67.59	53.75	74.41	32.01	8.68	14.31	3
2026-02-03	35.89	29.63	10.24	7.98	14.2	3.77	3.77	37.96	50.61	41.25	20.99	16.4	19.84	6.86	4.33	3.96	9.5	4.33	3.24	10.99	21.93	32.14	18.57	13.89	17.06	30.74	49.56	51.37	65.08	99.71	103.01	113.92	113.48	114.83	117.78	110.95	108.57	102.19	86.07	82.6	98	103	98.1	28.08	45.94	87.78	91.79	26.79	43.94	14	3.83	10.04	3.61	14.57	8.38	1.01	-5.01	41.3	17.49	25.76	40.71	117.82	18.55	50.1	23.62	28.78	41.34	61.9	64.17	86.24	122.58	95.31	101.74	97.18	100.43	116.03	129.05	126.98	124.67	118.96	116.39	114.18	111.29	109.41	110.09	111.26	105.98	99.5	97.06	100.87	100.4	110.82	112.77	112.43	99.52	93.96
2026-02-04	64.75	89.54	99.63	93	66.1	77.7	97.64	82.74	74.8	60	60	37.96	2.48	30.14	15.52	3.74	10.73	3.77	-25.28	-14.76	25.18	27.3	6.87	3.77	7.08	65.36	49.16	80	42.62	80.26	12.61	-2.97	47.27	41.09	43.7	64.44	33.03	59.25	50.37	30.46	40.39	19.24	44.07	21.07	33.36	35.23	72.47	67.86	79.22	55.33	87.19	33.92	2.99	0.78	-4.74	32.26	25.25	27.7	-11.05	-3.67	-4.11	119.46	79.29	75.91	34.41	44.58	30.87	15.94	19.92	76.75	44.7	43.66	-0.49	3.7	55	65.17	54.73	72.32	95.61	66.98	86.72	88.59	88.54	89.48	74.92	75.68	25.5	81.47	24.15	71.54	92.89	83.38	35.29	-20.33	20.21	-57.73
2026-02-05	97.94	74.35	25.17	35.69	3.8	3.75	28.21	38.63	27.98	15.66	21.54	5.09	16.82	6.49	3.8	3.8	3.75	11.53	22.68	19.38	18.27	11.15	3.64	5	74.32	68.64	36.59	49.16	77.7	90.2	72.72	74.16	19.07	-4.14	24.12	30.21	40.02	33.27	18.11	24.03	47.75	-8.99	22.54	-3.76	59.05	54.14	13.75	54.73	75.95	32.92	10.94	30.4	28.06	13.97	22.13	17.2	9.04	-2.01	4.41	9.76	2.24	-2.15	-3.82	-4.01	10.64	88.2	91.01	48.22	26.48	68.68	78.8	28.59	96.31	89.18	113.18	72.88	98.21	73.66	42.81	43.85	48	93.72	97.05	-1.54	71.29	70.96	1.79	-5.32	-3.05	49.96	31.53	-7.92	-8.32	64.02	25.07	-4.33
2026-02-06	54.33	-12.44	-16.04	-19.83	62.18	30.89	-4.14	-13.51	-11.32	-12.78	-3.62	15.82	13.24	-1.24	11.11	-2.94	18.05	23.95	55.58	49.72	33.28	-13.7	-18.06	16.98	56.71	52.59	20.96	7.02	94.7	49.49	30	-3.78	47.23	53.22	45.98	-4.21	47.59	66.68	31.13	-1.21	35.2	14.93	23.08	-15.12	-5	28.99	24.84	17.03	13.9	-8	40.6	7.61	7.91	-2.47	-36.63	-48.16	-23.84	2.61	31.74	40.26	36.7	1.38	3.01	2.85	21.74	26.16	34.12	19.82	17.54	18.12	19.57	27.75	-123.66	50.52	95.15	93.67	79.16	87.03	97.59	93.55	91.09	77.54	77.93	86.01	78.11	80.32	51.78	22.81	95.95	13.43	51.5	16.99	48.54	0.3	0.68	-12.84
2026-02-07	1.52	23.31	11	-3.31	24.79	70.6	15.88	-6.96	-9.15	-9.85	16.48	17.07	16.89	-6.92	-5.62	-3.61	-2.53	15.04	-2.21	-3.29	15.83	15.32	-3.41	50.87	23.88	23.42	-10.69	-5.55	45.33	31.58	-4.55	-18.02	54.21	33.53	30.22	-1.66	-6.34	48.6	4.67	-37.84	-15.96	-13.53	-5.63	-3.8	-2.28	-2.49	20.85	44.19	-2.78	12.24	49.6	77.65	92.5	16.54	3.23	17.35	55.73	18.94	7.72	14.99	30	29.71	29.06	87.35	10.64	12.49	7.69	19.35	24.16	27.2	22.56	10	-26.28	72.2	42.86	-6.62	82.26	84.63	89.32	64.14	91.16	67.99	56.72	86.77	70.51	26.24	9.38	44.2	55.07	54.55	-13.18	70.5	45.51	42.09	59.52	43.33
2026-02-08	32.63	30.41	31.86	44.65	35.23	24.04	72.53	29.33	7.86	14.58	4.66	2.62	41.11	23.02	20.46	0.5	25.55	40.59	41.3	-17.43	18.5	7.91	18.84	32.43	37.25	45.31	29.71	22.66	18.91	4.13	1.69	0.83	9.85	31.67	14.46	-6.71	35.77	17.19	22.77	22.82	17.42	24.49	0	16.27	-4.85	-6.36	-7.13	-16.58	5.29	-13.51	0.28	1.33	-17.5	-18.7	14.93	19.02	-16.9	-16	-19.14	-21.86	-19.17	43.6	17.82	13.89	17.68	7.36	-3.81	10.45	-3.72	14.59	15.95	11.05	41.65	59.78	20.19	9.32	48.91	78.17	-0.86	44.79	53.69	59.12	76.88	79.16	91.5	98.83	106.43	102.03	55.03	49.87	51.39	11.01	285.01	172.72	45.15	45.47
2026-02-09	32.27	12.57	28.07	15.24	19.12	15.7	4.19	4.93	3.77	13.13	29.57	11.17	20.07	-43.57	-51.62	16.75	36.44	57.62	11.11	20.84	20.23	28.22	14.86	16.5	36.46	77.47	83.53	93.13	42.13	90.48	96.27	99.55	98.01	98.04	73.72	1.85	23.24	2.05	-1.12	-9.99	-45.29	-2.02	25.55	44.42	64.2	47.54	-8.08	57.08	36.63	1.92	51.55	9.72	33.82	18.11	53.68	16.93	20.87	5.63	18.43	31.52	37.63	70.43	22.14	8.3	23.45	74.32	96.85	98.73	95.42	89.05	103.62	90.64	20	-1.25	-10.77	-0.15	70.22	21.61	32.53	75.95	77.91	44.75	21.48	30.34	-4.02	-5.34	23.26	-16.03	-6.07	-4.41	30.93	69.42	61.48	47.91	-2.42	-9.75
2026-02-10	88.83	77.25	24.04	17.51	44.58	16.08	31.28	14.98	37.85	13.66	4.17	3.77	4.03	3.79	3.77	3.77	-10.94	18.27	15.42	13.79	14.13	16.86	40.26	57.47	11.63	11.81	17.45	33.05	40.49	26.89	16.07	12.71	12.45	11.73	-8.55	57.47	77.57	66.15	19.05	17.47	-6.8	-17.15	-3.98	60.44	26.86	3.94	3.77	3.77	3.77	3.77	3.77	15.87	17.47	55.12	10.34	9.87	15.86	22.48	22.75	24.61	26	20.23	25.35	24.87	29.95	24.84	20.98	8.68	3.77	-19.82	-81.48	-53.66	47.69	65.45	111.45	93.1	-113.01	-6.89	13.2	-3.65	-3.54	33.87	34.74	19.83	19.5	42.34	22.5	-2.24	-3.09	-16.11	-7.82	-5.65	-9.21	-13.87	-3.96	-5.5
2026-02-11	36.55	10.12	-1.67	-8.63	-1.33	16.54	23	29.13	1.36	-1.51	3.08	-2.88	-3.41	13.39	-4.13	-9.93	16.4	15.92	15.85	11.91	16.53	17.82	30.24	58.83	56.17	99.56	18.72	15.08	9.63	19.79	15.28	17.7	17.71	16.94	9.17	1.67	12.41	13.27	4.9	8.08	28.81	11.58	8.75	3.45	-2.85	-7.39	2.51	8.27	45.65	26.57	39.4	1.65	1.86	8.08	-1.05	-0.5	13.33	86.78	70.34	8.62	16.46	24.02	35.71	43.76	87.11	26.34	27.01	47.1	17.71	47.09	93.67	77.24	43.44	77.34	95.13	127.45	132.6	287.73	71.72	45.8	76.71	79.75	77.12	30.04	18.56	11.39	16.97	12.97	-17.45	-177.41	5.28	-1.92	93.7	366.23	100.66	27.24
2026-02-12	38.15	8.8	6.44	13.44	9	3.77	12.29	22.87	4	0.41	-19.77	-3.08	29.12	13.79	61.96	28.86	-74.75	-229.8	-52.2	13.31	34.97	14.38	16.72	0.42	10.16	9.07	15.26	13.14	10.12	21.63	4.84	44.3	23.97	23.64	26.91	22.36	36.92	29.78	30.74	51.46	-14.81	-17.39	-5.84	-10.13	-10.34	-9.4	-16.41	-12.11	-18.19	16.15	-21.14	-24.65	-24.64	-22.36	-23.03	-24.24	-23.51	60.29	-23.77	76.64	-2.2	-0.81	-0.05	0.44	-3.68	-5.46	12.86	17.5	35.84	18.86	8.99	6.31	-2.11	22.18	-282.16	40.4	53.6	61.49	-0.33	44.35	70.09	67.05	55.11	-9.2	3.83	2.56	70.92	0.53	0.92	-6.59	1.42	-1.13	-1.53	-3.65	-0.59	-1.84
2026-02-13	27.67	41.74	0.34	0.99	17.64	20.49	54.01	3.77	-15.47	37.41	17.4	25.95	-1.74	-12.07	64.01	58.67	19.92	33.17	12.47	65.73	3.71	-25.43	18.84	24.55	10.12	31.11	-22.88	-53.21	48.34	85.43	47.77	34.63	-224.89	-4.93	-10.72	-5.62	9.18	20.53	52.25	56.42	72.68	31.53	35.19	34.6	9.49	14.79	23.85	27.9	20.49	28.55	19.17	24.54	59.62	60.16	41.91	61.78	45	10.52	11.71	56.38	82.07	60.32	29.13	22.67	25.56	23.2	25.22	20.97	45.03	45.66	17.4	39.6	44.95	66.49	36.83	48.25	59.05	78.05	79.18	47.23	70.16	74.99	77.69	76.94	46.71	25.36	26.26	17.06	43.99	33.44	51.94	80.34	36.65	25.42	5.38	3.77
2026-02-14	9.18	-71.21	-30.65	-38.01	-24.85	-36.6	-31.32	-98.04	63.28	66.79	41.94	38.54	71.55	30.33	84.29	6.67	84.42	68.39	40.4	12.01	96.83	47.39	66.42	76.92	30.23	11.43	24.21	23.92	30.65	11.84	17.51	3.77	15.45	12.6	11.03	5.86	5.83	0.01	-2.47	81.37	240.25	26.4	0	-10.94	-15.99	-5.35	-5.81	-17.72	-8.47	25.76	46.69	22.96	11.75	20.59	4.84	0.59	-6.55	-6.9	-7.08	-7.84	-5.46	36.22	50.85	-6.75	-8.16	5.3	28.76	45.88	39.41	36.03	27.24	60.92	37.42	32.06	45.48	43.9	-4.93	37.4	30.66	-0.68	39.08	35.68	-10.87	-12.82	76.26	96.04	73.9	30.96	82.8	26.72	96.97	80.06	14.94	77.45	62.31	87.49
2026-02-15	37.75	32.06	85.79	-4.17	-5.25	44.76	-8.28	66.32	27.09	44.75	-5.27	-8.37	25.84	42.57	21.83	-5.08	41.04	-3.09	14.36	13.05	13	21.01	21.19	11.75	78.83	52.16	49.58	44.69	18.15	11.12	19.25	10.28	3.77	-12.3	-3.82	-13.47	-8.75	-5.33	-5.18	40.21	13.75	-0.52	6.06	3.16	-7.01	-14.71	-17.16	-29.44	-12.88	-4.97	-2.53	-0.86	1.02	-4.46	13.03	-4.85	-5.13	0.09	-5.87	2.93	-1.32	0.06	0.03	-5.88	4.14	23.05	23.09	7.35	17.91	5.45	34.4	22.15	15.74	22.54	47.07	24.27	1.6	9.69	69.14	40.23	48.92	28.8	35.53	25.25	34.73	17.12	15.37	-36.21	7.86	-3.18	24.28	28.97	1.54	16.96	45.35	-15.83
2026-02-16	3.63	39.37	5.13	8.38	5.46	-4.31	-4.5	-11.98	21.69	-3.32	49.82	63.68	4.91	2.55	5.54	9.16	4.22	3.87	28.5	18.99	14.72	-2.29	8.8	-0.87	11.26	31.23	10.45	-18.6	-7.85	18.83	-49.33	25.8	30.85	36.19	43.75	29.05	63.31	-10.59	13.45	17.9	23.26	-7.42	-6.21	19.76	54.39	2.06	-1.06	12.65	5.15	0.38	-2.04	22.92	30.26	13.03	18.01	-1.06	-1.49	-2.97	-7.82	-8.7	-1.79	-7.51	-4.61	46.96	50.16	30.47	42.19	50.09	32.09	98.09	169.42	245.97	113.01	50.65	23.6	70.85	-6.34	44.61	46.21	33.62	2.53	6.42	60.87	42.65	33.4	4.87	1.7	-35.32	14.82	-3.87	16.77	-1.53	-2.35	-5.07	29.47	-2.76
2026-02-17	75.23	28.44	63.97	10.46	44.56	13.27	33.55	5.57	3.77	3.02	-0.05	-4.84	2.52	2.67	3.77	3.76	3.76	-0.23	-12.78	-13.05	-6.63	-0.09	-1.05	-13.71	67.99	-1.66	-13.15	-93.66	-89.44	7.57	65.02	-6.62	-8.43	48.77	42.04	53.09	39.84	33.91	27.33	25.43	-6.18	-5.56	25.35	-10.56	-5.45	-7.62	0.43	-1.85	29.03	14.75	-8.6	41.99	7.77	3.3	-5.23	-5.92	-8.54	-9.84	-8.52	-6.11	-9.83	-9.78	-10.09	-12.47	-16.84	29.41	16.5	-18.53	73.33	106.4	62.54	38.43	76.21	63.69	48.37	69.98	76.5	81.05	78.7	76.42	100.34	90.32	91.17	84.65	81.04	91.1	10.52	1.4	63.1	8.18	62.89	42.3	54.35	57.45	41.2	-17.72
2026-02-18	55.24	66.44	59.26	60.36	57.38	54.06	34.16	39.36	40.35	-22.52	-10.57	-13.99	38.18	31.36	21.26	50.68	37.81	39.78	21.59	34.77	41.62	36.71	24.82	-15.04	59.39	49.29	55.01	76.58	23.21	59.52	58.61	61.94	42.23	70.76	58.12	60.23	56.62	37.01	30.59	32.37	37.68	37.64	28.66	31.59	6.51	5.08	1.42	-18	-14.5	10.01	23.25	31.37	9.78	2.73	0.87	1.9	-6.51	-2.97	-4.04	0.45	57.23	67.66	-0.46	29.33	84.12	67.17	41.08	34.97	20.81	24.75	35.08	56.24	56.57	66.61	58.23	80	-6.97	69.13	78.17	80.01	78.84	56.48	48.61	49.47	50.18	74.03	75.62	63.2	37.6	32.8	38.6	5.27	21.28	-0.62	-21.03	-17.05
2026-02-19	1.69	55.48	63.44	41.39	17.1	49.03	-17.97	-8.36	28.83	24.75	20.49	3.35	1.44	4.59	-0.16	-3.74	-8.09	-16.95	-4.4	-3.67	2.18	4.48	11.2	19.54	72.75	20.55	36.78	37.29	75.42	52.67	39.77	43.02	38.6	38.6	34.38	30.23	27.78	-4.2	-17.8	-6.94	-3.81	-5.6	-5.67	32.26	13.84	-5.99	-9.13	-10.65	-17.87	28.25	35.55	36.62	-17.39	-17.75	-8.04	7.29	27.54	28.35	9.61	-17.63	-16.53	-17.87	-16.34	-16.81	-17.43	-17.6	13.19	15.12	6.14	14.77	38.46	-2.03	55.83	61.31	55.47	67.36	109.07	84.61	73.09	48.43	97.12	91.82	88.35	88	86	79.69	78.42	56.79	80.95	70.51	75.32	70.22	50.41	44.1	44.97	45.81
2026-02-20	51.08	42.1	33.29	28.75	36.25	24.55	22.53	13.93	30.16	23.37	15.3	17.78	18.52	29.49	32.8	27.84	29.34	30.8	29.07	35.2	27.34	32.85	38.52	38.85	31.08	42.89	37.7	46.3	32.53	57.06	74.12	84.23	90	85.94	77.57	-7.22	-0.4	26.13	-6.38	34.27	23.37	-28.54	-12.73	-51.65	-4.38	-6.14	-8.54	-8.53	-16.08	-34.81	-37.15	-0.78	7.52	13.3	-3.41	-3.24	7.52	10.64	12.1	5.96	3.54	-2.42	-2.4	-2.11	-3.41	-2.08	4.62	9.4	16.74	18.81	16.05	24.61	132.75	108.34	76.71	56.77	85.08	88.15	85.78	86.39	83.69	84.22	84.24	84.27	76.61	75.04	37.87	27.3	43.55	7.73	29.69	19.22	15.11	0	15.27	2.89
2026-02-21	80.86	22.58	-8.91	-16.53	22.17	3.29	2.12	8.19	21.41	11.41	-17.49	16.42	23.08	1.65	6.72	1.91	0.86	9.27	14.17	17.55	19.04	15.36	-0.68	3.45	19.69	-11.24	45.49	31.46	22.09	24.74	21.79	9.7	46.32	23.69	24.36	20.63	12.92	-14.98	-34.77	-14.7	8.4	-6.75	-11.57	-11.02	-6.27	-4.9	-9.27	-11.01	-15.9	-16.01	1.79	30.02	25.14	4.1	3.3	5.72	-12.74	-15.84	-16.21	-16.09	2.72	2.61	1.98	1.34	-19.85	-33.29	10.59	8.57	54.2	36.68	27.38	23.87	23.89	37.49	49.48	33.48	74.35	63.66	105.41	99.48	85.35	86.15	83.98	83.79	82.6	81.62	82.54	85.4	88.74	86.23	34.85	52.66	32.97	26.67	31.11	18.52
2026-02-22	46.23	49.11	39.06	20.71	32.1	21.23	70.6	28.74	26.15	14.5	-113.19	19.05	23.46	38.71	23.67	30.86	31.44	0.87	29.39	19.88	8.15	16.99	18.92	13.81	16.05	36.92	21.25	28.51	29.79	19.89	45.89	22.76	22.95	29.24	34.07	-0.33	-79.62	-31.96	-7.74	-6.47	6.5	-7.7	-5.62	-10.6	-9.65	-9.06	24.87	-11.59	49.56	0.9	-17.14	-16.54	-16.33	-16.47	-15.13	6.11	3.07	-9.59	-10.14	0.91	-10.28	-11.74	-9.92	0.89	1.18	1.15	6.39	4.12	0.32	4.96	9.66	17.7	29.25	43.99	36.91	50.68	56.11	52.67	66.47	77.66	82.09	85.62	86.42	86.03	84.94	90.8	91.69	78.87	83.39	74.12	45.21	52.75	65.38	41.58	48	39.66
2026-02-23	78.28	85.12	80.95	47.08	21.89	37.27	60.22	45.11	38.02	45.15	53.54	39.28	41.56	37.64	39.38	37.44	37.97	58.42	55.36	59.95	59.25	54.8	83.8	89.36	39.85	74.6	73.61	73.44	64.32	71.28	79.8	85.43	88.48	80.81	85.86	45.5	-10.15	-4.15	-7.1	-3.75	8.34	-1.94	-4.51	47.79	7.75	20.56	5	10.83	8.6	3.17	6.97	2.29	-2.13	-0.99	-1.65	7.43	-15.51	-8.42	-1.96	-0.99	-15.94	1.22	3.08	-10.5	-9.2	2.18	0.33	22.81	14.96	59.67	62.84	79.14	64.08	67.47	77.53	75.29	101.66	105.73	105.48	141.82	162.57	184.96	182.83	162.75	147.49	109.16	100.51	89.22	87.75	85.06	74.53	68.35	66.1	42.38	44.32	-11.91
2026-02-24	-42.97	18.72	-15.05	-0.29	-3.98	17.21	8.93	-17.68	-20.17	10.78	10.33	-0.2	12.84	44.31	41.41	37.82	50.27	36.38	29.53	37.36	46.24	44.96	19.64	-4.47	26.27	24.92	31.39	7.72	55.99	93.84	68.29	80.38	84.49	74.89	56.25	-5.21	35.08	-12.45	-8.4	-8.28	8.98	15.68	10	-6.63	14.05	22.16	-2.41	-1.77	17.28	-1.8	-3.34	-3.4	6.66	5.79	4.13	3.88	2.05	-2.65	-3.48	-3.19	-3.96	-3.49	-3.46	-3.52	42.9	38.11	33.81	-1.79	7.17	33.33	13.09	89.38	78.64	51.47	72.58	87.21	83.36	87.78	81.58	78.73	84.18	73.8	87.69	95.78	85.56	82.32	80.98	68.95	65.72	51.82	45.65	40.91	29.7	20.47	51.57	-2.55
2026-02-25	33.16	19.05	50.2	49.47	40.85	41.14	46.79	40.18	61.88	49.61	9.96	31.41	37.82	27.07	16.3	26.43	52.14	9.12	10.12	8.79	14.63	38.61	20.94	41.09	53.3	39.35	39.33	1.27	50.24	61.97	68.72	78.73	82.25	84.08	91.44	-5.7	39.61	43.87	29.4	-4.61	15.84	-1.85	5.35	-9.77	-5.72	-0.69	14.93	-3.38	45.95	7.18	15.42	-3.01	1.58	0.4	3.38	-20.81	-3.58	-2.05	-2.56	0.45	-4.31	-3.22	1.55	1.33	1.92	66.65	19.93	-3.08	10.42	41.51	76.5	65.23	65.27	82.15	33.19	87.25	84.41	83.35	70.63	67.81	79.72	79.67	83.41	85.5	83.43	82.63	70.07	9.68	48.62	56.42	33.03	-2.5	5.69	6.28	31.52	6.14
2026-02-26	59.81	51.37	43.51	-23.42	49.74	53.48	41.58	31.12	41.83	73.1	82.64	66.16	90.69	83.45	91.51	98.94	80.89	96.94	92.25	74.57	31.61	58.55	51.26	44.58	4.03	-4.87	20.71	27.93	34.83	68.52	75.11	70.28	80.53	66.72	10.95	1.96	23.55	-6.42	-9.16	-10.92	18.33	-17.28	6.43	-3.9	6.04	-13.92	2.36	-13.82	-7.8	-16.91	-7.17	-5.18	-0.95	-5.38	-4.23	-3.6	-9.2	-5.75	-12.44	10.34	12.97	-4.84	-3.67	-2.21	-3.61	2.55	13.59	23.1	16.85	-8.41	65.14	64.67	67.23	68.27	60.35	75.53	57.99	64.69	30.65	95.08	93.11	87.89	83.18	80.87	76.95	35.41	4.7	-31.29	77.05	4	34.29	41.4	53.17	3.17	2.38	-19.22
2026-02-27	84.36	69.92	-4.35	-18.95	28.27	25.64	19.28	-2.5	-2.28	79.1	74.23	68.98	33.81	31.42	41.16	42.01	6.46	28.49	26.05	21.48	43.43	34.54	27.94	-12.52	-6.46	0.09	-11.91	-14.4	-4.48	1.38	95.44	78.08	41.85	95.41	70.08	49.53	147.71	59.3	31.06	-3.13	-35.78	15.12	63.76	28.02	16.56	-3.86	-3.97	256.11	132.86	55.94	38.84	24.2	16.54	47.86	1.2	-0.49	11.13	9.69	-2.52	0.46	42.58	69.75	25.55	28.02	3.7	33.79	87.98	78.43	18.06	28.26	30.9	44.11	44.34	39.62	21.27	36.31	66.54	87.52	82.13	87.61	83.01	83.72	83.97	83.95	84.19	81.4	77.98	61.14	14.89	3.26	23.9	1.41	69.1	10.95	-2.02	-38.03
2026-02-28	28.07	34	40.25	1.1	-7.54	-38.37	-3.41	-8.99	1.23	69.72	2.85	-38.53	26.8	-3.02	-39.27	-32.11	24.77	29.75	9.92	17.95	52.61	47.62	51.62	9.38	33.91	18.59	18.73	-13.3	40.54	38.03	10.29	13.92	15.71	25.94	28.68	71.95	42.22	34.41	14.23	8.04	169.8	43.89	8.72	5.92	7.42	2.93	1.6	0.64	0.2	3.54	-0.38	0.04	17.26	34.52	7.11	5.41	26.95	8.13	3.48	4.58	0.14	0.34	5.97	12.31	7.84	9.32	0.93	3.77	24.5	24.5	19.98	23.87	26.28	70	98.09	93.29	82.39	84.6	85.55	84.16	85.15	83.47	69.79	70.79	84.67	69.96	55.34	37.31	55.01	75.46	62.91	68.9	71.82	71.15	45.4	69.17
2026-03-01	57.2	48.94	59.08	60.37	35.18	44.51	57.12	32.71	35.98	23.34	10.58	19.38	18.46	32.34	46.88	38.15	27.98	30.45	40.96	31.37	33.89	28.72	29.2	30.4	37.95	41.3	36.87	34.84	31.28	25.8	14.32	25.24	29.23	30.56	43.37	26.86	65.05	73.67	48.73	15.66	-2.44	-1.68	-8.61	19.71	19.08	26.41	6.79	-1.77	9.38	1.42	-4.43	-3.13	-4.79	6	7.92	7.3	-8.42	13.92	5.18	-4.68	-15.73	-7.03	-14.58	-3.51	-4.15	-3.86	-3.57	-5.33	-10.92	15.89	-9.73	-8	182.58	95.83	135.99	32.28	-14.65	5.29	52.07	81.97	82.13	69.83	1.68	5.71	53.5	44.41	50.74	58.78	46.71	41.84	-8.42	4.51	61.81	15.9	-7.64	-6.16
2026-03-02	16.91	13.35	-0.34	21.1	82.58	21.89	55.86	29.03	38.5	16.73	23.85	16.22	16.64	-5.37	-6.39	20.71	45.15	12.75	11.74	21.09	40.05	40.88	20.04	22.36	31.73	-11.37	23	-0.7	30.38	23.07	27.1	49.8	37.02	41.8	87.93	13.73	35.18	53.01	9.98	9.64	1.29	-2.58	1.87	2.09	4.9	-1.17	7.16	12.24	-0.03	17.44	36.91	18.27	6.03	2.78	9	18.03	11.76	10.51	13.87	11.58	7.83	14.63	16.54	15.1	26.07	23.86	23.82	24.27	40.93	67.24	30.32	40.34	36.31	57.49	95.76	81.51	91.33	86.33	89.44	87.98	98.68	94.48	94.93	93.18	93.63	94.52	93.12	88.22	85.53	88.48	89.97	97.36	96.94	81.75	53.45	36.46
2026-03-03	56.91	84.07	48.23	14.65	6.94	42.16	41.46	38.45	46.49	64.61	58.25	45.96	44.11	38.12	42.3	42.07	-11.43	15.53	46.66	-8.05	-22.96	-14.36	-47.23	-220.76	-136.03	-0.04	47.31	60.62	61.48	56.63	72.41	0.63	53.72	65.89	90.51	72.1	90.52	84.22	76.86	33.74	77.72	75.18	46.07	80.89	98.91	102.42	89.09	43.72	33.97	26.56	26.06	33.16	23.75	24.94	36.94	79.24	85.45	34.24	37.34	65.4	27	33.17	97.45	83.74	91.11	88.97	84.59	80.51	91	90.09	90.49	79.83	92.66	95.58	100	86.82	94.35	90.53	96.79	95.65	100.13	94.26	84.59	87.72	92.09	86.05	77.04	82.76	87.29	55.2	70.59	80.23	61.56	60.12	59.93	39.25
2026-03-04	34.35	63.01	20.45	85.88	87.65	63.38	4.44	81.57	66.64	28.84	0.79	-8.11	54.63	85.19	73.08	69.75	105.05	103.55	83.23	81.22	99.75	105.04	78.5	94.14	78.53	93.24	96.51	102.34	123.26	127.35	136.74	137.06	142.62	123.14	125.46	127.84	140.88	134.6	132.82	127.03	114.58	109.64	81.12	81.3	104.32	109.59	113.72	106.77	58.06	46.83	53	56.95	74.97	60	165.16	196.67	93.29	86.88	78.35	75.07	88.22	96.42	104.01	113.6	124.45	141.25	126.29	159.21	138.82	145.33	148.24	138.47	130.36	119.03	115.86	124.66	149.91	160.91	167.43	165.9	146.12	130.45	163.49	147.56	179.48	133.59	133.49	135	127.46	129.17	130.76	129.56	132.33	117.19	125.87	115.78
2026-03-05	41.78	133.12	170.58	123.82	129.59	102.5	102.6	130.06	136.61	121.78	114.96	110.1	109.59	75.14	105.13	102.62	116.49	82.28	28.89	57.43	71.03	78.09	86.81	52.2	131.56	120.65	66.66	69.49	64.04	86.63	106.63	89.82	164.28	145	147.63	135.52	132.74	121.22	122.39	103.77	112.29	105.47	100	3.57	97.81	393.15	134.48	104.48	120.15	107.17	114.38	120.84	109.07	91.86	81.55	77.9	28.62	61.99	108.73	93.6	76.93	57.72	71.82	107.03	108.51	132.79	117.48	123.83	121.96	121.15	118.63	134.39	128.08	127.01	127.32	122.81	149.54	152.6	157.45	147.68	133.47	125.6	120.1	118.08	125.58	118.31	111.9	112.49	110.29	80.91	111.46	119.28	131.8	145.9	142.78	126.87
2026-03-06	25.15	75.02	93.91	100.27	68.76	68.46	62.58	67.7	69.48	69.03	64.2	53.43	60.18	64.14	53.16	89.55	93.18	107.45	94.46	36.13	60.04	-15.13	-27.85	-4.61	-8.77	0.99	24.69	0.23	69.25	90.36	75	19.31	31.03	24.77	89.84	5.72	94.83	90.3	2.23	2.54	83.32	83.54	77.67	2.06	93.12	6.08	1.42	58.16	94.25	78.27	64.05	71.38	63.94	67.25	53.04	5.42	1.24	0.36	76.95	77.14	2.67	0.19	-0.85	67.37	61.17	64.83	61.3	96.99	58.28	80.76	43.74	75.29	68.06	108.46	91.86	87.38	102.16	97.76	105.49	102.13	111.5	117.75	123.84	125.72	123.1	124.29	123.82	125.88	114.62	106.32	108.15	105.49	106.18	114.6	104.04	88.6
2026-03-07	96.17	93.21	111.99	76.28	46.68	40.05	104.49	94.11	72.87	77.97	75.1	68.39	58.68	56.4	79.74	80.24	60.87	80.11	79.31	84.2	82.28	120.49	80	66.79	85.55	95.81	25.6	-234.7	75.02	84.88	14.25	21.25	22.96	4.11	24.81	16.38	-7.03	-3.21	-4.82	59.13	60.61	56.24	52.56	51.44	-17.12	-18.25	-60.9	-2.55	12.57	20.31	42.3	20.37	44.62	20.24	90.88	123.17	63.05	118.91	155.74	171.08	75.56	97.04	120.56	130.94	128.81	127.92	122.97	103.12	115.43	113.95	71.68	104.36	90.38	107.17	107.61	111.27	121.41	124.6	125.89	130	120.43	112.52	108.13	110.76	111.71	110.69	111.81	109.57	117.74	114.27	118.87	117.13	123.4	118.56	124.13	125.4
2026-03-08	139.31	151.64	148.72	125.42	132.03	123.3	123.17	108.34	122.02	103.07	105.93	86.61	79.49	80.7	102.58	96.15	88.99	92.06	95.94	85.46	102.47	94.74	96.9	103.12	106.9	102.3	96.93	115.82	103.03	102.45	101.8	67.97	89.99	110.28	97.01	101.69	87.57	84.54	36.92	18.2	39.49	74.76	67.56	32.76	34.62	71	25.06	5.49	0.1	-3.69	17.3	22.27	11.4	-3.42	38.29	74.46	17.83	-7.48	66.32	59.92	39.58	75.26	83.92	115.96	122.31	116.14	109.47	89.1	50.53	64.67	121.57	104.08	103.19	114.31	123.43	100.27	126.93	122.25	123.68	123.71	115.08	117.76	132.03	127.86	126.61	125.05	124.69	142.4	123.36	117.67	122.02	117.51	130.27	114.24	116.76	115.76
2026-03-09	147.57	130.5	135.1	135.52	129.24	129.98	128.83	128.44	136.26	114.2	129.73	122.33	122.06	123.03	100.58	98.67	97.39	103.83	110.55	111.3	140.4	140.63	143.06	134.6	125.47	116.41	125.31	131.16	137.88	140.78	132.24	156.53	176.25	142.14	118.72	100.97	111.32	104.06	74.16	56.11	57.86	50.45	60.23	4.5	51.01	43.89	82	61.43	95.87	103.34	91.69	124.95	120.3	36.22	34.59	92.66	104.67	109.77	140.04	139.06	124.77	152.58	179.89	130.06	132.53	134.69	135.57	139.62	141.22	142.05	135.93	122.15	129.86	136.01	143.71	154.18	150.43	148.61	157.84	152.38	152.9	161.51	153.24	162.11	151.27	159.29	196.81	147.63	145.88	126.07	119.52	119.19	121.29	119	123.14	127.53
2026-03-10	149.38	140.61	116.28	111.93	136.6	124.65	119.2	98.59	137.02	138.09	139.67	137.27	139.91	130.23	132.59	141.46	143.28	137.84	148.46	146.6	121.44	135.77	123.31	142.95	131.4	135.59	129.11	143.01	140.51	138.99	134.86	137.61	149.36	161.49	150.75	151.81	144.04	139.1	135.75	141.84	136.8	125.58	128.76	125.23	118.34	117.64	119.52	113.42	121.2	114.18	121.27	118.09	92.88	107.54	58.89	111.67	111.39	84.12	122.17	89.69	140.15	108.54	123.01	105.97	107.35	115.55	100.25	109.5	38.5	40.95	69.19	79.74	68.05	115.71	122.02	142.58	129.52	144.13	148.99	159.46	159.06	174.89	175.24	179.9	166.97	162.93	154.18	147.39	140.26	136.27	133.41	126.93	124.21	119.48	121.5	128.84
2026-03-11	135.21	133.91	122.81	128.79	73.93	59.78	123.91	42.26	59.23	41.33	93.71	53.06	97.92	82.33	65.53	60.95	85.71	96.37	65.98	69.21	126.95	112.94	87.08	76.35	130.07	119.72	106.17	106.78	114.45	115.05	126.6	128.54	165.57	144.12	89.21	101.16	95.27	79.57	4.07	5.04	29.4	9.85	-4.83	-11.17	-11.28	-7.08	-7.19	-12.24	-10.66	18.83	18.36	36.51	25.13	37.51	45.21	9.49	-3.09	39.69	19.87	11.05	48.62	55.24	34.26	0.17	22.53	59.07	1.44	-2.13	-16.56	90.07	89.43	93.45	115.12	145.36	234.89	165.25	127.28	142.58	168.95	131.13	138.32	136.09	136.62	167.63	167.88	130.92	122.66	106.41	121.99	115.96	117.9	114.7	107.13	114.22	112.68	108.76
2026-03-12	104.12	118.76	114.81	112	110.21	110.14	110.23	101.84	101.34	109.8	79.38	70.78	100.56	80.21	101.59	107.4	108.67	110.25	115.06	129.12	117.59	108.92	104.29	77.22	114.82	111.81	108.8	114.85	115.91	120.03	122.08	120.16	108.44	88.43	59.21	3.52	96.97	48.51	-5.71	-56.33	-6.58	-0.95	-8.99	-12.3	-1.89	-2.1	-1.37	11.71	59.36	-14.66	-1.34	75.62	1.74	6.19	-1.66	-5.48	-2.72	8.65	4.44	-2.17	-2.66	-2.11	-2.29	-2.44	-2.22	-2.72	-2.3	-3.33	-3.56	-4.59	11.89	61.99	43.46	125.52	125.89	122.4	86.09	82.7	133.79	135.01	139.87	157.17	163.31	161.19	150.9	137.24	148.24	125.98	119.14	114.7	116.88	119.88	112	110.88	98.95	80.18
2026-03-13	74.49	81.6	71.3	71.26	75.51	70.51	71.43	69.09	55.62	59.49	66.58	68.57	71.01	71.28	69.15	70.95	71.08	70.88	95	72.94	71.94	70.96	71.44	71.92	71.72	72.22	116.47	122.82	138.8	112.71	118.95	117.82	120.78	116.54	94.31	-2.31	14.35	30.34	20.14	-7.31	0.77	-2.99	-4.35	-4.99	3.99	12.83	38.89	-1.12	-1.5	-2.17	-1.85	-1.73	1.34	2.99	3.98	-1.87	-1.98	7.18	5.94	0.21	-2.48	-3.09	-2.12	-1.19	-1.3	47.15	26.44	40.38	34.75	34.32	112.18	91.55	52.2	64.23	195.01	162.6	94.59	53.51	57.08	41.81	51.42	53.63	2.52	1.62	1.16	83.41	3.58	-148.06	-6.01	-4.52	-4.49	-6.78	-9.68	76.45	-10.28	-25.08
2026-03-14	74.39	118.3	120.85	63.69	56.05	68.83	62.37	63.76	99.74	35.82	56.94	7.26	4.36	-7.45	16.71	39.17	91.95	60.68	56.65	84.3	84.24	64.87	53.74	81.69	106.57	123.3	75.1	-16.63	38.59	108.1	78.28	65.77	120.68	135.88	116.99	113.66	115.93	38.71	46.42	27.24	21.55	31.98	4.18	40	29.32	120.98	39.98	35.06	-2.06	8.34	-4.61	-3.85	-3.95	-4.4	-6.1	-3.53	-7.93	-5.76	-4.11	-5.15	-77.31	-36.91	-1.03	0.4	-4.26	-5.65	-4.5	4.11	5.25	3.75	39.1	86.78	11.42	14.2	52.15	59.61	46.93	0.56	59.04	48.27	15.99	3.17	77.23	98.6	63.64	70.28	0.27	0.42	68.37	56.06	55.48	79.09	92.45	89.08	-0.19	-4.57
2026-03-15	115.63	136.51	184.45	89.2	26.53	77.55	69.3	55.42	75.28	49.53	55.95	55.01	113.93	79.87	84.79	63.48	59.74	88.22	83.66	54.23	57.28	15.34	3.77	3.77	-3.64	-11.45	30.26	105.6	73.13	65.22	20.41	45.52	-17.69	-12.19	-16.45	-23.91	-40	-203.05	-65.88	-93.78	-12.9	9.09	10.75	-2.78	-18.41	-19.13	-19.29	-18.43	2.81	0.35	-19.92	-19.45	-19.24	-19.81	-28.21	-28.91	-27.77	-30.32	-39.54	-41.85	-1.37	-48.22	-60.52	-66.91	-65.07	5.1	43.77	90.15	-43.92	-26.3	32.3	7.96	15.71	74.94	94.09	91.69	144.15	45.52	82.91	76.97	64.69	15.1	71.94	65.21	42.3	115	67.94	87.03	35.32	49.86	41.43	28.19	63.5	12.23	0.48	89.25
2026-03-16	39.05	20.03	2.55	-1.52	51.18	34.17	34.72	21.58	13.01	7.37	22.36	24.79	9.61	-2.96	-9.89	-11.61	47.27	43.8	25.51	17.16	42.47	26.51	23.13	3.31	54.31	64.69	69.61	76.17	70.71	93.47	99.09	77.76	89.33	58.01	115.13	-736.93	-359.29	41.5	62.54	15.43	16.35	-3.95	-4.42	-0.41	2.45	1.59	-1.15	-4.7	-4.29	59.39	65.15	27.55	41.09	56.83	1.24	-3.29	9.58	91.24	5.06	-2.8	-2.36	-2.66	-3.3	30.1	19.45	26.62	47.32	-1.22	15.62	14.88	-7.2	-5.92	-6.31	107.11	133.44	175.16	136.81	129.56	131.61	132.18	122.88	122.52	119	127.68	126.04	118.04	119.25	108.65	111.86	115.76	106.09	107.2	102.8	77.88	83.6	5
2026-03-17	108.42	50.21	48.52	32.53	79.18	27.47	40.02	38.16	87.93	36.83	17.17	23.57	74.19	72.41	57.42	44.29	41.68	70.83	74.92	73.05	45.84	29.59	24.45	70.46	33.23	62.58	125.21	127.58	110.72	117.69	110.43	61.69	62.06	85.57	95.32	98.7	93.05	33.82	29.31	2.11	-4.03	-1.73	-5.42	40.13	34.99	-6.72	-0.87	25.85	16.14	68.77	10.94	22.38	56.65	28.67	4.89	-16.04	19.72	43.98	30.58	42.93	-4.36	-3.04	7.28	7.47	41.68	20.16	11.49	-0.99	39.18	82.28	83.22	-3.74	49.96	128.78	118.7	121.7	52.94	111	107.51	104.52	114.16	97.02	92.92	68.73	43.31	28.36	46.06	92.96	96.7	56.47	46.9	23.31	50.01	-12.57	2.1	0.21
2026-03-18	48.48	12.2	14.47	-10.69	-16.66	2.21	14.42	11.6	44.23	36.63	44.3	9.75	-3.31	0.1	112.59	158.8	117.52	56.73	51.06	43.42	56.58	82.74	30.99	18.36	49.49	53.23	56.43	70.03	102.85	91.04	104.41	103.77	120.47	99.17	119.45	47.36	115	108.65	69.09	114.88	108.06	49.82	45	-109.82	-15.94	-28.22	49.17	14.52	-7.51	-4.58	18.17	18.71	96.42	45.41	-0.37	0.67	21.13	87.96	16.81	7.78	4.98	6.28	2.18	24.72	74.12	117.94	44.69	56.83	22.02	24.91	11.51	87.18	67.83	105.39	112.8	128.61	168.8	380.27	353.41	368.58	120.71	128.6	129.68	117.81	110.34	72.95	62.73	17.99	63.19	61.9	115.16	-36.08	42.59	17.33	-5.3	-14.84
2026-03-19	-16.64	-27.09	-90.65	-22.88	-7.1	4.87	57.72	18.91	82.77	28.34	94.37	41.65	104.41	120.06	37.67	22.35	7.68	52.56	27.71	24.36	62.53	19.97	-0.81	-14.7	41.01	24.46	-6.62	1.47	48.28	-1.95	-10.36	-2.3	-0.87	27.75	32.41	38.48	39.35	31.12	-19.39	22.81	-52.19	-49.07	-21.01	-4.03	-13.31	0.48	2.2	2.55	31.72	19.76	37.39	3.12	-8.92	-23.71	-3.23	1.5	17.64	14.13	33.44	35.57	1.51	52.49	31.5	75.26	226.46	139.5	69.92	73.51	29.01	100.04	98.69	122.24	125.27	62.98	78.41	30.96	71.76	120.93	122.57	112.6	108.77	38.38	43.16	37.19	59.98	59.49	44.31	22.18	50.15	34.48	44.03	52.04	86.52	59.85	65.69	102.03
2026-03-20	114.75	111.7	43.24	20.66	41.93	54.16	46.01	101.23	66.44	51.88	53.73	60.05	56.63	39.16	55.42	44.24	29.61	38.95	49.74	30	-17.87	-2.63	40.06	5.55	63.67	62.96	7.74	84.85	62.23	62.7	82.81	61.56	74.63	73.84	77.67	66.36	79.16	68.95	51.26	19.5	83.81	120.96	152.78	96.36	76.58	57.35	35.96	28.56	29.75	28.8	39.69	-27.94	-8.45	23.83	13.17	-16.7	-4.2	-0.85	21.11	5.45	31.3	61.1	39.6	3.66	60.43	6.26	6.68	14.35	20.16	40.57	66.3	66.54	80.64	70.82	76.47	103.19	134.51	137.59	140.06	149.42	147.54	142.07	134.77	128.87	119.41	113.14	102.95	90.61	122.71	124.2	124.57	122.16	129.96	135.36	127.85	129.75
2026-03-21	85.06	47.77	11.45	47.55	16.17	59.77	59.02	29.29	34.04	7.41	20.69	27.13	69.18	86.6	44.57	78.74	73.88	67.15	67.62	70.33	70	86.8	71.34	80.98	103.8	86.17	90.17	84.97	90.61	89.19	83.54	15.71	1.22	50.96	22.1	1.82	57.39	57.61	0.73	42.88	11.16	-0.92	-1.21	-4.18	-1.46	-3.72	-5.87	-5.17	-4.97	-1.67	12.49	12.72	-2.03	9.97	9.98	-3.05	-3.01	-3.43	-3.31	-4.91	-4.65	-35.39	29.23	71.47	240.19	117.98	17.62	30.88	8.55	-0.87	32.86	11.06	28.13	54.63	74.59	127.24	107.69	109.27	120.16	123.42	135.44	123.34	120.47	125.95	102.08	121.69	122.09	128.22	106.87	102.59	121.71	109.7	122.67	128.08	130.54	66.99
2026-03-22	40.07	48.93	74.57	108.06	103.48	53.84	25.89	29.7	35.13	34.67	84.09	34.13	57.97	68.52	62.95	77.09	79.83	80.85	78.99	66.68	48.89	81.44	82.47	34.63	54.98	67.67	70.64	62.85	63.65	70.46	75.45	67.91	114.56	117.1	48.11	-8.64	32.16	34.35	19.84	5.15	9.42	25.08	-4.59	-6.68	21.35	19.29	-18.95	2.78	8.73	-9.81	5.91	3.13	-14.55	-20.07	3.07	7.55	10.68	20.23	-5.85	-7.15	-4.25	0.99	14.25	-4.73	-4.66	-4.67	-4.93	-3.75	-3.89	-2.84	13.52	35.38	21.37	13.39	-10.87	12.14	-191.87	110.41	104.22	88.73	49.32	20.29	94.42	98.09	93.74	14.28	90.28	78.84	95.15	70.29	102.29	75.15	46.92	56.44	54.59	65.39
2026-03-23	87.21	77.66	139.64	78.54	78.62	66.26	69.91	68.81	94.32	64.05	68.4	68.31	61.05	67.92	66.81	66.71	38.8	51.31	92.96	0.99	64.16	60.38	41.37	60.75	123.25	112.54	75.01	75.88	77.89	44.86	68.81	11.47	15.57	73.92	-8.34	-10.74	-8.68	-347.52	-301.18	-526.26	28.83	-4.3	-4.54	-2.96	-1.36	-2.69	-3.11	-16.79	-8.76	-7.91	-16.19	5.67	7.71	13.63	16.86	6.28	94.26	64	11.17	-5.35	-5.01	-2.24	7.56	6.83	-6.85	-10.86	-12.03	0.7	-16.17	-14.6	-10.82	-14.61	41.75	36	85.48	111.8	121.45	163.44	152.19	129.98	114.23	115.66	117.52	105.87	115.09	96.86	117.15	56.03	27.66	33.12	104.07	91.41	90.66	28.64	11.89	9.52
2026-03-24	151.55	151.38	93.36	73.11	75.51	76.45	67.27	75.04	66.93	6.1	6.15	38.3	43.76	73.25	75.39	64.54	65.47	59.53	52.11	16.52	53.44	78.43	81.02	91.25	118.18	123.44	128.75	131.21	129.52	123.79	123.67	87.6	107.37	117.06	-41.75	-11.56	85.86	38.02	13	-9.41	-9.36	-0.46	0.29	-3.93	0.06	-1.09	-0.19	-1.34	-5.13	-3.06	28.25	30.07	14.56	14.4	15.28	6.24	3.58	-1.67	-2.47	-2.5	-2.58	-8.72	3.24	10.36	9.23	8.89	4.13	-2.23	5.66	37.99	-12.93	-17.95	-1.4	89.25	120.47	138	116.8	126.79	126.71	127.65	136.55	138.17	136.91	134.51	133.46	132.56	131.09	123.68	120.27	108.15	19.48	17.58	70.41	62.98	59.84	57.66
2026-03-25	68.26	68.73	57.51	17.97	38.31	12.95	-3.75	12.98	44.27	7.72	48	35.18	50.61	45.19	50.35	6.54	6.7	5.93	6.08	5.98	3.41	10.2	51.12	55.59	59.71	65.02	67.27	66.86	67.68	91.21	89.75	55.45	84.98	41.5	-12.16	-2.91	-397.82	-109.17	-8.51	21.56	14.94	-8.18	26.9	-4.88	0.55	71.92	-11.56	5.97	39.48	43.67	7.92	8.74	5.25	6.35	4.02	-5.06	4.99	29.48	7.64	0.62	-3.55	-5.34	63.19	-4.12	-4.82	-3.34	8.28	71.95	48.22	32.43	32.99	28.39	21.14	53.93	80.33	64.07	48.19	66.83	90.75	98.23	100	86.86	80.38	87.35	88.8	82.31	86.56	71.17	66.19	64.56	55.54	52	75.94	61.56	54.11	54.63
2026-03-26	45.73	61.24	40.76	29.8	40.32	30.14	25.18	3.93	3.9	3.71	3.63	10.73	10.12	10.87	6.1	9.05	5.67	10.18	9.37	26.57	39.72	26.17	29.86	31.57	33.51	35.54	37.81	37.42	38.73	37.3	39.23	30.71	32.9	30.5	86.36	55.55	16.84	16.81	6.26	-2.54	3.88	20.65	4.34	-8.2	-8	6.21	18.27	1.63	-5.06	-2.79	37.27	-3.21	-7.37	-13.74	-5.29	51.81	23.12	20.01	-6.02	-6.83	-5.34	-5.22	48.05	36.56	61.63	84.63	65.52	85.24	17.39	66.15	85.28	30.65	91.59	69.73	45.92	62.46	30.1	75.43	75.1	96.36	95.63	88.67	69.96	76.56	72.17	59.75	41.02	10.98	61.27	62.64	65.07	56.31	35.85	51.08	30.71	29.7
2026-03-27	79.88	85.28	44.28	36.47	57.98	68.22	23.93	92.29	57.49	22.4	57.03	25.03	-5.56	57.67	43.6	-9.8	90.58	77.95	2.65	-32.72	59.62	46.57	66.15	105.9	33.53	84.25	68.61	69.63	30.77	35.59	35.73	24.19	17.56	31.67	34.36	41.33	30.02	5.4	-111.46	-25.55	-0.51	18.64	-4.62	-4.2	26.44	17.57	-0.97	1.87	51.84	-6.28	16.7	4.12	9.33	1.96	-3.13	-4.73	-5	31.82	82.18	-3.69	-10.49	-10.14	2.15	3.55	-4.87	-5.79	-4.34	-3.89	94.67	86.68	8.39	-3.47	8.11	3.99	25.1	55.55	86.05	67.54	50.3	72.23	39.94	48.08	83.25	76.35	100.17	61.42	65.39	34.71	64.95	45.2	48.56	44.06	63.19	83.85	66.09	48.15
2026-03-28	78.93	79.53	45.1	18.71	18.1	20.65	11.36	13.87	11.71	5.86	12.88	16.98	19.88	44.49	25.39	51.01	32.59	26.86	34.13	26.96	50.9	48.57	52.97	53.59	26.43	59	80.51	26.58	23.88	28.84	29.29	6.62	16.19	42.29	6.56	-16.29	-16.46	-30.16	-6.9	-4.07	-4.48	-2.59	50.09	-5.58	-3.55	29.6	1.11	-5.33	0.71	-7.66	-4.81	-6.63	61.88	23.8	31.22	36.18	1.16	1.63	-7.3	-7.92	1.12	6.12	54.26	13.94	9.54	7	5.43	67.16	67.65	5.39	13.79	-3.74	-12.62	4.02	55	14.81	33.13	22.33	30.45	30.49	29.42	33.96	47.68	58.32	48.19	25.61	41.25	17.22	-3.81	-33.37	-14.56	-0.2	-0.79	-36.37	26.82	-49.48
2026-03-29	-39.49	-66.3	-22.13	-33.34	-10.97	-16.69	-14.47	-44.57	-10.97	-16.69	-14.47	-44.57	-47.57	-48.53	-21.82	-9.18	25.7	34.88	-8.21	24.83	33.3	27.23	51.54	19.1	25.21	75.09	-8.86	-12.88	-8.64	34.92	51.67	-6.83	-11.14	33.21	38.2	38.84	17.07	-10.38	-18.25	15.8	15.3	-18.76	-45.19	-6.2	12.31	0.91	8.11	24.03	-13.92	-14.55	-20.88	-24.85	10.63	2.81	4.88	17.64	3.67	-5.66	-17.5	-20.1	26.29	25.16	18.25	21.08	16.44	7.04	7.35	0.33	6.15	38.12	63.22	17	5.22	-19.57	0.79	27.46	5.56	29.53	4.99	8.8	8.82	3.71	28.55	32.82	31.94	27.12	37.8	60.85	81.58	47.62	53.9	17.81	10.28	25.46	11.66	11.13
2026-03-30	25.55	20.43	10.43	6.54	17.68	14.9	14.57	14.56	14.62	21.65	26.81	18.93	8.84	16.05	9.6	7.34	10.28	12.24	14.52	10.97	18.03	14.18	16.78	16.25	30.6	55.21	55.4	49.56	58.44	64.7	73.3	82.01	100	102.65	85.39	89.58	70.91	55.93	30.73	10.16	10.23	-7.17	20.3	3.72	-9.64	-10.13	-5.88	-9.26	-8.82	-1.83	-4.18	-1.98	-8.35	-7.33	-7.12	-36.96	1.17	0.97	-5.05	-3.63	-7.57	-10.37	-8.33	-15.66	-10.34	-12.73	-8.85	-4.43	16.17	-2.11	-5.83	-2.9	37.2	21.27	16.52	29.84	3.44	-10.11	-6.09	-6.29	14.31	6.56	78.73	80.37	109.42	96.42	81.93	88.73	76.88	86.04	91.35	90.38	80.01	84.04	100.14	91.64
2026-03-31	72.65	75.98	73	71.01	12.49	11.66	14.35	8.4	24.28	18.96	30.75	13.07	26.82	16.08	15.15	23.08	14.58	13.46	13.55	10.72	10.37	41.28	50.93	38.3	-5.09	56.66	61.62	56.11	55.92	61.19	75.67	83.86	60.29	49.21	59.46	60.4	34.47	12.08	19.27	26.9	33.72	-1.91	39.11	74.67	53.49	0.68	4.46	79.75	25.68	9.27	30.81	12.42	64.97	50	0.76	-3.83	4.13	3.98	10.46	-3.86	90.39	50.01	-4.91	-5.36	32.24	54.65	39.5	80.24	88.15	96.9	86.21	29.18	130.48	62.75	23.81	10.95	49.99	69.83	-5.5	31.66	48.25	139.14	-13.55	71.4	72.97	107.99	106.34	20.48	97.92	-46.47	82.01	73.92	33.49	39.62	26.81	13.58
2026-04-01	27.91	21.61	33.87	19.75	12.7	18.12	17.25	9.43	9.89	9.39	27.14	25.97	30.6	37.59	23.38	6.96	5.67	6.15	22.55	23.01	25.89	8.31	5.64	14.54	15.11	11.65	12.05	18.92	36.48	52.18	69.24	73.79	103.76	88.44	84.74	84.92	58.1	6.58	45.97	62.54	5.53	-5.58	-5.54	8.7	60.44	110.34	31.05	70.04	3.77	1.36	1.07	0.84	0.54	2.42	2.29	0.84	0.84	0.78	0.84	0.84	0	0.1	-10.51	-6.75	-5.23	2.17	5.88	94.98	94.12	49.89	-9.9	-5.71	35.63	56.85	117.57	-5.77	29.47	51.97	11.12	10.26	114.07	209.29	87.51	118.28	118.26	93.01	108.88	95.23	88.62	60.8	78.47	73	84.16	99.23	86	94.41
2026-04-02	48.58	45.35	84.55	88.32	72.32	61.24	35.51	25.23	25.03	19.79	15.24	12.75	19.54	14.41	32.27	35.01	18.75	17.28	37.57	42.03	43.57	20.15	14.76	13.6	26.19	35.12	61.82	59.26	72.69	73.02	77.09	85.39	94.99	58.4	73.93	19.84	31.76	30.36	15.7	5.39	142.97	36.23	6.21	8.58	2.74	0.86	0.84	-0.71	24.21	78.37	95.9	127.18	18.58	54.98	109.42	-5.63	12.51	0.57	-6.58	0.23	-7.12	14.47	33.64	16.38	-4.89	-4.94	-5.04	-7.66	-6.29	-6.38	0.93	8.02	17.32	44.3	22.22	18.04	63.14	49.86	33.49	34.17	35.12	96.65	101.57	107.13	45.52	-9.46	3.77	4.44	62.33	118.01	39.96	37.83	58.22	56.57	80.04	80
2026-04-03	81.41	83.88	82.47	82.29	70.83	77.49	81.84	81.29	77.94	81.33	78.65	68.31	81.06	81.06	63.96	66.08	79.87	82.25	82.4	77.61	78.95	83.74	77.71	71.75	73.04	75.29	62.68	74.3	80.33	70.38	77.23	74.89	83.38	80.77	65.44	30.39	35.26	19.81	16.12	35.72	17.22	27.18	57.16	14.05	13.97	38.42	-2.19	-7.01	1.41	0.07	-4.21	-3.12	5.94	-3.57	-5.64	-5.92	-6.16	-7.67	-6.93	-6.78	-6.63	5.95	4.25	-10.09	24.74	4.82	0.99	-9.23	25.06	-1.17	1.87	8.12	8.42	14.56	38.86	28.03	7.22	18.89	20.76	82.23	75.44	70.75	77.83	75.26	92.67	102.05	97.31	98.61	90	73.75	91	45.57	35.1	63.66	61.32	56.55
2026-04-04	33.43	61.56	68.1	46.41	60.33	59.59	33.73	33.97	45.1	33.37	33.52	33.43	35.37	50.13	33.2	29.85	25.52	29.93	3.97	47.65	46.92	5.65	44.75	38.74	43.71	57.74	59.69	51.93	12.33	43.5	-10.27	12.32	64.43	55.27	7.93	35.54	33	17.57	-3.26	-3.58	35.62	22.39	-2.41	-7.57	-3.24	-4.76	-17.28	-10.64	-16.75	-19.64	-16.51	-16.53	-27.58	-22.38	-26.04	-4.47	-8.27	-20.38	-12.02	-13.03	-16.51	-18.03	-19.31	-10.25	-17.09	-17.89	-15.3	-15.98	7.79	28.62	-0.66	5.44	4.84	20.17	22.13	43.77	-13.69	-8.44	37.42	49.93	57.86	221.21	113.4	86.04	101.67	109.82	106.2	102.86	104.54	99.35	89.93	79.25	79.14	77.62	76.62	64.31
2026-04-05	64.35	54.84	47.81	46.55	51.72	40.12	41.82	56.93	46.1	41.24	7.03	8.32	40.32	48.67	33.03	3.64	35.82	30.15	32.26	18.26	10.24	5.62	30.5	14.79	2.64	-1.01	45.55	49.55	106.51	119.95	87.24	50.73	56.06	56.18	47.38	46.31	87.77	71.87	2.48	-2.78	1.82	5.01	10.49	2.36	0.06	0.88	0.87	0.01	-5.03	-8.53	-9.14	-11.7	-11.31	-10.26	-11.47	-12.44	-17.55	-19.21	-19.45	-18.42	-21.64	-21.3	-20.47	-20.57	0.63	-0.51	-9.48	0.45	1.62	3.77	6.7	9.38	14.22	3.44	5.85	46.13	31.71	31.07	68.69	63.83	51.02	61.11	63.24	70.86	108.61	105	58.04	65.13	63.79	50.07	100.84	91.19	72.17	61.98	79.12	25.47
2026-04-06	48.81	32.83	43.11	31.02	12.11	7.21	6.92	4.94	67.18	51.29	4.01	3.79	45.19	3.43	3.31	15.4	51.63	45.65	35.84	55.67	4.49	47.44	54.53	58.21	3.34	45.53	43.98	53.19	3.15	48.15	2.63	3.38	55.75	100.78	0.52	66.29	96.49	28.9	-4.8	43.46	90.71	9.86	-4.44	-6.07	3.06	3.89	1.9	-8.08	-10.61	-15.04	-17.77	-18.3	-23.12	3.8	0.13	-20.19	-19.9	1.05	-23.68	-49.34	-31.53	2.01	4.67	0.8	-20.98	-12.54	-12.65	-9.43	10.74	54.78	12.55	37.53	8.98	9.58	33.68	90.41	63.78	8.81	-9.97	50.53	50.83	57.96	74.82	78.84	96.27	51.55	43.05	9.48	19.66	-6.53	6.35	13.77	78.23	-72.79	-65.37	-29.51
2026-04-07	24.71	-9.45	-3.91	1.26	3.25	61.87	134.6	32.78	43.36	50.03	38.21	41.68	11.42	23.99	21.61	39.47	45.34	50.42	61.07	54.92	38.11	46.38	47.44	43.77	50.47	47.1	63.15	77.87	49.26	71.01	66.33	78.09	67.67	56.64	61.34	112.41	266.17	67.98	54.05	47.49	79.37	102.84	86.54	83.1	76.05	88.82	96.78	70.52	56.61	79.98	58.6	51.47	5.6	5.34	5.4	4.95	22.67	49.08	0.95	3.76	1.41	6.03	172.65	6.49	4.86	5.59	29.21	64.69	74	27.54	63.93	79.96	72.18	80.03	85.16	109.63	79.12	114.21	108.45	111.65	112.76	104.75	128.27	112.61	122.47	129	116.5	88.95	74.61	74.89	85.01	-83.73	45.35	59.46	75.1	79.88
2026-04-08	95.96	77.46	82.24	74.32	74.41	41.66	56.95	70.04	56.07	82.41	40.88	70	53.86	65.04	74.86	58.13	61.17	59.85	48	20.69	56.67	43.73	53.07	25.78	50.17	60.37	79.74	90.44	94.77	99.59	98.76	107.48	123.18	112.25	102.96	95.39	103.55	48.47	49.94	92.41	112.95	77.75	63.11	64.69	147.29	183.19	63.95	71.32	60.66	115.02	152.02	67.23	70.53	69.49	85.69	86.59	99.85	91.33	61.23	62.2	60.7	176.44	205.26	69.29	70.14	6.42	49.59	48.37	33.48	79.43	66.46	64.39	-4.22	72.53	-0.12	9.61	105.06	152.91	115.08	103.92	113.73	127.21	133.51	135.82	146.07	135.27	126.31	116.03	122.47	115.49	117.12	113.64	110.43	105.39	106.37	104.34
2026-04-09	120.7	110.3	102.17	104.68	103.89	101.88	102.66	94.34	97.37	95.34	101.49	101.04	101.16	100.7	102.42	103.65	99.51	100.89	100.39	94.72	88.73	71.78	84.62	89.69	87.83	92.85	98	104.55	115.56	111.75	128.85	126.52	103.72	88.26	94.88	100.2	80.34	18.39	73.31	55.22	101.45	128.9	56.04	10.78	7.76	14.42	-0.88	17.97	53.37	478.02	2.48	2.76	8.24	7.2	-0.05	-1.16	13.37	10.05	15.43	2.23	1.01	7.97	-0.4	6.66	48.16	-1.08	-1.04	-1.4	9.27	32.46	20.55	22.28	12.78	45.71	98.14	105.25	75.42	101.85	92.37	97.27	91.49	90	98.12	103.51	108.32	105.01	103.44	101.17	100.79	98.45	92.68	57.78	84.1	70.43	75.11	71.38
2026-04-10	70.11	34.52	3.84	-44.95	2.32	1.75	11.87	17.58	27.54	60.67	30.28	67.98	94.88	69.55	35.89	69.9	0.74	16.39	14.67	7.17	67	66.89	59.16	30.74	8.37	-129.55	20.79	33.27	27.83	34.54	74.67	70.54	61.65	97.6	93.4	72.6	91.74	88.87	24.25	-5.12	56.26	21.62	6.3	36.87	6.58	-0.53	-0.35	1.45	7.87	24.22	1.97	3.65	9.96	0.1	0.39	0.85	5.47	2.47	5.15	5.23	5.29	5.04	16.84	10.9	49.05	69.83	67.71	63.51	95.08	66.63	117.04	120.1	89	88.77	90.72	101.55	62.07	93.08	98.92	99.52	97	88.58	101.13	102.45	109.9	103.91	95.7	86.89	87.16	78.82	92.22	89.22	98.34	90.12	93.1	89.81
2026-04-11	108.85	115.29	66.54	56.77	67.79	24.25	19.54	19.41	57.2	58.72	14.54	8.65	70.49	64.78	62.02	58.33	60.71	43.85	19.14	9.01	89.75	58.56	55.24	48.45	113.93	81.39	52.44	28.21	82.11	93.07	77.31	61.44	39.47	84.11	76.07	63.49	124.11	75.29	137.59	120.01	137.79	103.4	107.1	110.18	542.6	377.68	267.81	106.68	96.58	94.14	74.4	77.61	48.63	8.77	70.87	74.75	5.4	76	5.44	4.45	5.38	5.32	1.03	10.95	15.21	1.16	33.9	18.29	3.66	5.82	8.85	87.88	98.52	92.93	100.84	92.81	68.53	82.96	70.91	92.35	52.81	53.86	78.38	83.89	100.77	104.77	99.25	68.16	68.04	52.38	56.05	58.23	59.69	44.35	39.16	-1.04
2026-04-12	41.28	39.41	40.36	15.32	39.8	33.35	56.92	23.55	35.55	30.98	41.71	32.31	67.07	23.5	38.46	41.59	41.18	44.63	34.16	38.68	40.99	40.53	39.01	40.04	35.41	41.04	41.68	40.43	43.82	40.37	40.9	40.89	41.13	63.7	62.35	92.21	15.77	12.34	-6.86	-21.64	-5.18	6.09	88.36	67.56	21.6	9.87	2.8	30.02	5.09	0.84	0.06	-7.03	0.9	-0.98	2.57	4.75	11.02	25.82	13.22	1.98	5.4	5.4	-7.88	-42.32	-9.03	63.65	41.75	49.04	70.99	46.87	39.28	5.96	24.31	40.73	74.7	72.1	76.08	38.43	68.69	51.58	-1.02	76.52	67.52	83.2	-16.99	100.69	88.28	82.91	11.85	5.88	60.3	69.45	83.71	51.93	40.95	-17.29
2026-04-13	72.02	63.69	38.86	82.78	74.48	88.9	79.37	73.5	97.34	96.6	60.4	99.98	65.13	45.37	17.23	-0.75	37.05	63.55	59.39	97.83	64.56	64.31	-26.66	-5.8	-36.97	-22.19	-4.24	9.49	59.94	57.69	93.72	64.81	112.57	102.75	-7.07	-29.36	-3.41	29.52	1.39	13.79	94.61	51.79	37.53	-11.36	-21.67	-27.38	-33.57	-30.51	-2.66	-1.94	-5.31	-25.42	-1.91	-0.7	-2.35	-4.91	66.7	50.47	-2.29	-2.75	-2.47	87.12	-3.1	-3.25	-4.45	-2.93	83	81.28	49.56	38.6	73.11	-3.06	-4.89	-4.66	57.8	-9.01	-15.03	-9.9	84.53	97.22	101.13	56.94	38.29	99.42	107.93	103.19	99.31	123.51	80.36	10.58	40.54	50.01	28.71	32.92	-96.73	5.65
2026-04-14	119.72	102.83	88.99	89.56	27.09	55.56	15.37	67.78	76.26	15.79	87.34	84.45	83.35	122.9	99.14	87.47	125.05	88.97	7.65	-12.3	9.86	16.32	67.36	-38.67	82.59	55.38	71.43	79.18	91.44	109.49	97.51	104.13	95.9	106.54	93.94	60.25	59.09	47.4	28.77	-8.31	-3.57	1.73	-3.68	-6.05	-97.55	-26.36	-2.87	5.59	65.56	4.46	-0.34	1.65	-1.24	72.14	39.31	15.91	35.49	37.03	54.7	85.66	45.21	10.77	31.26	48.8	82.67	28.07	17.32	39.27	84.66	78.96	28.98	13.55	14.87	65.4	64.13	40.25	56.02	-13	14.26	14.19	127.79	222.13	108.38	113.55	115.07	117.2	116.51	109.14	108.61	96.17	109.64	107.89	105.45	105.42	106.9	106.98
2026-04-15	109.8	109.25	107.77	104.68	96.88	97.22	102.28	103.59	101.91	93.33	90.78	100.47	101	88.26	91.63	92.44	84.45	73.35	83.02	71.32	107.82	90.11	103.34	93.62	91.78	93.14	88.88	98.28	97.34	106.07	101.43	101.41	98.46	99.87	101.74	28.45	-2.04	-4.62	-9.45	28.7	-4.36	-2.84	72.96	47.98	67.28	-1.69	-1.66	23.8	13.32	-6.46	-3.46	-3.85	-6.12	-2.73	-5.46	-4.1	38.22	30.31	9.83	-4.73	10.1	-3.74	-4.05	-7.65	-3.15	0.4	32.71	-1.34	-9.76	-7.82	-0.72	18.22	16.95	13.47	-4	82.96	-2.47	0.31	101.32	117.72	115.51	128.91	107.27	105.79	110.54	110.96	109.46	108.54	104.34	107.4	101.11	90.33	97.03	99.28	100.57	102.74
2026-04-16	106.76	113.75	109.66	104.68	115.73	104.4	101.92	105.85	104.73	104.85	103.62	104.01	104.77	105.55	105.85	105.48	105.72	106.14	105.32	105.46	106.6	106.15	109.89	118.56	108.88	102.63	107.16	110.08	111.26	115.53	114.14	122.78	145.02	107.47	118.69	44.65	99.01	36.33	-4.28	-30.74	80.28	77.1	65.49	49.62	-1.58	29.8	-38.07	-91.49	-16.09	-16.18	263.98	54.78	9.39	-1.38	0.01	5.73	1.9	-1.47	-2.67	-7.93	-1.49	13.82	7.36	-4.41	14.64	16.06	10.1	4.7	-0.89	7.68	15.07	7.51	-0.88	17.26	85.17	99.46	123.55	97.44	111.85	101.57	108.14	107.79	104.82	107.85	107.82	100.95	99.74	102.4	103.17	97.21	95.89	93.59	101.69	99.51	99.87	99.82
2026-04-17	103.83	105.1	112.72	110.99	103.91	106.52	106.38	105.96	112.71	105.49	103.33	105.51	99.43	98.3	100.55	102.74	105.2	103.16	104.65	101.67	110.29	105.48	103.7	99.84	92.93	99.05	99.39	102.06	103.67	99.68	96.93	99.55	106.47	100.21	121.79	116.68	109.2	42.06	9.39	-5.82	32.04	15	10.63	16.5	30.91	52.97	40.12	16.61	25.5	-4.56	-5.42	-2.59	18.18	15.88	4.93	-1.96	-1.19	1.76	5.71	0.81	-3.11	11.72	12.06	19.19	0.8	0.94	14.68	39.6	91.18	91.43	95.75	100.68	82.15	97.77	93.91	94.17	82.64	96.3	102.89	107.01	104.89	106.76	102.12	103.93	107.71	104.9	102.59	104.27	104.55	104.28	107.29	104.8	104.87	101.4	103.6	103.29
2026-04-18	115.13	115.33	110.76	108.48	114.7	109.54	108.41	103.4	102.39	99.62	99.99	101.52	100.4	101.07	102.21	103	101.21	103	101.21	102.88	118.52	101.99	102.01	99.99	82.11	80.34	93.91	94.59	98.13	85.67	82.02	58.3	96.95	95.29	96.63	65.79	-10.19	-5.49	-0.51	-5.71	-6.75	-7.28	-6.56	8.57	11.69	3.81	-2.42	-18.79	-21.66	0.86	1.63	1.28	1.89	3.79	2.12	3.18	-17.19	-15.59	1.36	2.97	5.88	78.71	15.63	27.98	12.89	3.37	2.66	2.88	28.31	84.75	-2.88	0.24	3.73	50.27	91.26	31.48	-6.98	75.48	90.84	105.16	103.06	100.07	101.45	98.79	90.02	93.15	95.6	97.76	97.23	91.92	42.63	103.03	142.04	130.16	45.12	57.05
2026-04-19	73.76	71.68	103.92	89.86	116.26	83.19	80	69.75	64.95	55.88	72.71	81.02	53.21	34.11	21.16	8.54	8.94	86.84	82.31	78.22	89.71	8.2	7.52	64.92	77.6	88.96	17	39.71	1.31	82.51	3.42	-5.37	43.67	98.62	121.24	116.98	-6.29	-55.4	-1.32	10.43	22.88	22.92	31.53	9.53	36.97	6.63	8.6	4.44	10.83	-4.85	-3.64	-1.94	-2.28	-14.52	-18.5	-17.38	9.35	-15.99	-17	26.76	22.93	34.91	18.73	35.04	17.53	18.45	21.1	33.73	27.99	11.83	6.78	15.15	68.39	141.32	31.86	87.13	70.14	46.67	82.19	45.01	67.77	127.83	97.62	98.77	95.74	97.98	92.23	95.01	92.43	90.73	91.68	94.86	94.4	94.31	85.48	84.48
2026-04-20	94.28	98.8	90.88	92	88.08	46.83	69.55	70.63	93.37	66.45	89.98	90.06	90.11	90.3	90.31	31.15	72.77	40.44	90.43	79.65	88.56	81.76	86.15	80.83	57.93	50.97	86.62	92.96	98.01	95.29	97.89	99.48	92.89	87.85	62.44	-94.86	-29.33	-6.04	-13.86	-15.71	80.37	-14.19	-12.87	-15.36	126.04	18.79	1.94	6.79	40.3	7.98	-0.08	0.11	-2.42	1.15	19.89	39.42	4.14	2.71	13.96	2.71	3.46	1.87	8.59	3.68	0.8	0.88	5.79	4.51	7.11	6.58	36.23	20.66	-9.27	-18.73	106.05	228.02	100.6	95.73	105.12	106.69	105.58	123.66	114.61	110.01	111.77	114.67	111.45	110.46	109.49	107.18	102.96	103.34	104.92	105.23	105.13	103.68
2026-04-21	101.67	98.84	91.69	70.04	76.27	42.45	43.29	42.48	11.92	70.69	13.68	75.2	80.36	8.92	93.68	106.1	107.13	76.41	15.46	77.57	31.81	36.6	32.26	83.96	93.55	90.62	77.6	42.99	101.28	103	100.08	98.02	98.72	92.27	88.23	5.36	75.91	110.06	76.17	17.14	-70.27	-17.56	10.92	15.25	26.24	-7.48	-7.01	-1.78	2.9	19.95	10.23	141.59	124.93	19.93	73.49	68.29	72.72	82.6	102.04	93.2	120.69	90.35	99.94	100.92	78.67	75.69	70.78	91.25	98.58	92.23	101.96	103.99	101.92	92.57	101.63	95.62	93.1	160.92	84.9	89.16	86.85	133.74	126.89	100.16	128.1	105.58	105.8	107.17	105.5	101.67	105.12	103.99	104.19	102.7	104.94	103.57
2026-04-22	106.36	104.62	105.12	105.6	103.61	103.88	93.47	91.33	91.05	90.2	90.31	42.08	38.26	29.09	28.68	8.84	4.11	6.19	3.26	80.11	85.88	96.19	90.81	67.75	101.76	107.16	96.54	90.55	99.28	80.47	99.37	112.8	109.19	116.72	119.21	108.23	10.74	53.55	96.24	86.6	146.67	89.89	52.1	140.82	147.01	-1.8	-0.21	0.68	67.79	245.52	102.75	35.17	19.32	7.07	-5.57	-3.2	-0.31	19.58	53.85	7.04	9.9	-0.75	-1.1	-2.67	-5.11	13.03	18.36	10.32	28.65	18.98	29.63	32.53	11.07	130.15	74.52	138.12	88.02	90.4	109.95	110.27	107.62	94.97	97.56	104.9	106.96	93.53	87.6	80.2	92	69.24	68.76	69.21	75.96	82.13	32.87	31.58
2026-04-23	66.41	93.43	61.38	54.43	100.26	95.2	98.21	41.12	78.81	40.8	39.52	38.37	99.45	106.4	109.59	99.67	86.89	96.69	98.28	98.14	94.82	99.63	98.49	87.51	77.85	58.24	43.57	93.88	76.03	86.12	39.88	8.04	77.2	97.13	92.45	74.45	103.15	75.97	35.77	-2.51	14.43	-15.97	-5.82	8.76	64.54	-2.16	9.75	0.08	20.07	5.04	29.42	15.81	3.82	7.85	0.76	-1.4	-3.13	11.96	7.23	-60.65	-3.94	-0.56	-0.85	2.66	4.02	14.77	49.75	43.7	0.68	-215.13	-264.72	-47.36	10.43	2.62	68.99	2.07	31.75	337.86	228.48	139.13	123.22	135.21	96.43	92.39	95.9	127.54	113.1	101.87	98.84	89.81	67.78	95.29	103.33	93.64	45.04	84.97
2026-04-24	105.98	98.51	106.28	99.91	100.36	107.18	101.46	100.45	105.87	102.99	102.8	103.03	102.87	101.76	100.63	108.42	109.21	109.15	106.51	104.82	109.4	111.7	111.7	110.35	195.28	117.02	115.64	113.92	106.87	104.96	106.32	105.86	103.68	103.89	108.36	102.88	111.95	105.11	108.73	103.39	97.91	89.99	56.6	89.11	70	77.51	37.81	13.49	1.69	43.29	35.38	5.83	7.55	-12.48	-1.06	0.09	-0.56	-0.11	1	-0.71	0.49	0.31	-0.03	217.75	176.51	65.88	18.22	71.65	98.03	105.23	61.56	30.98	105.29	86.27	104.87	94.81	107.06	111.64	76.04	37.7	91.27	162.31	151.53	114.1	113.93	118.67	106.97	104.76	107.08	110.38	114.81	104.86	121.97	85.21	101.5	102.59
2026-04-25	59.45	73.39	103.87	76.88	85.19	110.49	101.11	107.33	94.41	108.95	102.3	102.25	109.04	108.66	109.2	107.42	111.85	112.65	111.53	111.52	115.15	102.5	108.61	107.87	78.86	105.27	106.28	100.81	106.16	103.2	105.73	78.67	109.7	113.69	117.2	113.02	123.33	113	98.64	56.74	145.66	2.99	0.44	67.75	143.95	3.93	-0.73	43.37	144	-0.94	1.6	40.45	20.41	6.84	4.82	0.42	1.09	0.18	-0.94	0.66	0.14	3.84	-3.49	0.91	-0.03	-7.01	10.43	5	17.52	10.31	14.74	-22.63	139.03	63.05	17.49	22.92	21.11	46.92	103.13	69.89	122.14	129.79	116.57	120.64	116.69	110.66	114.35	114.67	114.77	115.47	114.16	113.79	110.39	110.46	108.66	103.6
2026-04-26	101.28	95.72	93.3	91.47	120.37	95.52	95.48	95.06	114.25	93.84	94.9	94.65	97.54	94.2	95.42	95.06	94.88	89.75	90.48	95.17	97.62	94.66	94.77	94.6	95.01	94.97	94.79	95.03	95.91	104.09	97.58	91.4	52.46	87.01	49	-0.15	-5.58	-24.47	-5.44	15.17	12.88	6.05	3.92	10.23	7.64	-13.63	-23.35	-9.96	-9.4	-9.64	1.76	-9.73	3.3	2.9	2	1.28	1.86	0.36	-6.86	-5.04	-7.51	-8.81	-5.19	-9.46	-9.53	2.55	9.86	25.61	112.05	83.6	48.79	48.4	8.49	67.44	80.61	56.89	14.69	95.73	104.51	98.13	84.11	91.85	115.01	162.56	108.84	119.46	101.9	110.13	116.48	110.09	108.74	106.87	99.86	101.13	96.83	94.36
2026-04-27	99.77	97.44	95.76	96.26	93.83	93.5	98.11	95.96	87.98	87.92	87.98	88	88.9	88.14	89.1	92.53	91.87	87.69	87.42	88.66	89.98	86.87	87.86	96.6	98.73	96.24	98.19	101.96	102.63	90.56	101.36	96.38	118.47	115.24	79.01	-6.41	30.75	5.96	26.6	34.5	42.93	-1.98	22.35	229.74	73.75	6.22	5.4	7.45	6.92	4.77	8.57	4.71	5.37	5.36	5.37	64.32	93.81	94.35	94.11	78.79	101.44	97.44	98.81	100.11	97.67	92.92	99.73	58.84	5.02	81.22	88.08	101.86	99.76	82.88	86.94	114.2	97.6	102.95	99.61	109.92	91.36	96.68	73.87	133.28	55.6	61.31	59.85	103.16	104.22	60.62	78.01	36.05	101.76	80.54	96.1	81.23
2026-04-28	24.8	87.47	94.96	98.29	98.51	103.39	100.18	129.2	103.64	114.26	178.24	100.19	100.03	99.57	98.98	98.83	99.32	100.46	100.37	99.95	99.26	100.56	99.28	99.8	99.24	98.68	103.58	102.95	103.57	104.27	104.55	104.19	52.27	105.75	109.11	128.61	132.88	106.67	72.94	105.88	94.21	-2.36	54.27	135.24	112.26	71.1	16.27	-3.77	-0.49	3.65	2.69	1.68	111.51	151.08	162.34	141.73	12.05	15.47	-0.68	-0.78	2.16	-0.22	-1.34	1.87	101.41	58.4	85.47	104.42	112.87	107.44	71.8	79.7	59.59	68.71	103.15	110.77	99.67	104.59	105.36	110.08	106.8	113.47	115.5	115.23	118.04	122.23	116.34	117.08	112.46	110.93	110.83	108.19	133.1	165.64	105.07	104.03
2026-04-29	118.48	120.23	117.17	119	113.49	67.44	106.89	104.76	109.58	103.03	99.34	103.81	97.37	103.92	106.85	104.07	108.57	106.94	105.37	108.05	110.77	116.31	118.38	118.16	108.51	101.33	107.53	107.95	106.54	105.52	107.55	108.86	107.68	106.21	108.44	107.59	107.53	108.46	107.97	108.24	127.61	161.19	128.81	114.24	120.96	138.8	110.16	110	112.15	67.21	19.46	86.99	33.03	62.27	-23.61	97.64	-3.78	92.9	40.83	91.27	108.66	120.61	109.35	103.91	111.61	117.05	117.84	98.27	81.67	333.62	201.09	124.53	135.67	130.67	126.28	122.41	107.53	111.23	109.64	109.4	55.59	115.33	118.97	117.23	113.87	113.34	112.93	112.57	113.25	110.8	114.31	115.66	113.46	112.92	110.56	110.38
2026-04-30	130.86	129.22	125.87	126.79	125.35	120.23	121.01	127.44	128.18	135.74	130.08	129.25	129.02	127.59	128.35	129.07	129.38	129.55	129.48	129.81	119.19	119.41	125.42	127.14	115.31	116.52	115.93	110.15	105.8	113.84	111.8	109.66	107.46	109.49	104.18	105.83	110.55	105.14	118.7	109.44	103.79	112.37	109.44	104.37	110.66	224.71	95.68	111.75	117.06	101.69	110.24	121.72	98.17	100.77	105.73	113.54	106.23	88.74	80.03	110.52	100.66	77.96	30.86	111.63	103.13	102.96	96.54	-3.2	142.64	170.89	117	104.57	31.09	105.81	104.1	106.2	105.47	38.85	31.92	109.1	118.9	166.96	114.03	171.57	124.49	143.09	120.11	123.44	114.38	104.95	94.95	99.88	122.27	99.04	101.47	90.84
2026-05-01	110.41	108.54	87.26	96.64	114.93	106.88	111.92	101.78	127.62	124.54	115.56	62.2	105.41	106.1	109.08	106.24	111.55	107.39	86.9	105.01	110.17	104.69	104.95	113.87	110.87	112.5	111.18	104.42	110.15	113.83	103.78	106.48	108.58	62.87	14.41	3.62	18.95	-3.87	-5.75	-7.21	-8.5	15.87	35.21	43.58	6.42	-6.9	1.64	6.4	29.85	10.45	9.76	5.2	8.56	9.25	5.97	3.88	5.25	-2.72	-3.65	0.74	-24.12	-0.99	0.56	15.11	21.37	11.79	17.21	6.67	1.85	76.16	31.21	-4.54	72.69	41.03	-9.05	51.97	27.44	62.96	95.21	107.17	118.16	104.43	116.96	118.87	107.85	123.99	86.5	114.82	100.81	97.71	115	88.08	109.51	53.35	114.29	96.72
2026-05-02	67.64	83.18	80.4	79.47	99.69	53.94	37.38	55.51	72.99	54.16	46.5	47	86.79	115.03	219.84	97.18	95.65	90.36	88.27	89.56	87.32	87.56	87.49	88.02	88.93	86.15	87.65	96.88	87.78	87.77	87.81	87.45	104.95	109.84	102.54	50.64	113.22	104.41	32.95	63.66	185.24	103.96	99.01	102.83	95.74	29.82	77.62	47.36	-4.56	-1.78	1.02	5.62	-0.03	-0.59	0.44	0.09	-1.69	-1.75	-4.81	-9.58	-12.39	-4.69	17.29	11.82	-8.38	-12.53	-1.36	29.47	19.43	-2.03	0.08	40.26	7.93	26.54	22.49	87.35	87.18	76.42	89.09	94.58	92.86	109.66	111.24	115.51	188.5	131.12	123.19	118.63	120.8	114.68	115.58	112.59	123.3	116.52	129.64	116.78
2026-05-03	122.85	104.82	100.04	99.37	115.63	111.05	108.47	99.77	104.38	100.73	100.75	102.62	97.2	96.97	94.76	93.72	105.91	95.13	93.62	90.78	95.55	94.99	100.92	90.4	90.79	90.23	89.57	90.01	103.55	93.99	91.76	90.39	96.13	100.42	95.63	109.42	107.71	116.44	112.66	96.76	102.79	99.14	104.65	128.51	88.23	95.23	93.91	78.34	89.43	80.3	26.41	283.65	99.17	25.73	36.54	5.49	9.93	10	3.64	3.35	3.76	3.22	0.2	14.08	3.44	24.23	4.32	6.05	2.57	14.24	18.16	69.61	18.49	105.53	96.89	113.83	68.93	51.92	106.21	-25.03	39.35	92.48	149.8	130.14	90.79	79.98	93.39	87.31	108.67	95.73	101.58	89.71	92.57	106.46	104.66	101.11
2026-05-04	115.3	121.67	107.77	86.34	137.22	106.3	111.43	110.81	128.47	84.1	107.6	97.62	111.19	108.83	103.11	78.84	98.28	103.67	108.55	93.44	112.32	116.05	99.06	71.81	142.88	114	106.01	120.87	87.95	131.28	150.82	133.04	103.16	131.43	168.8	129.89	114.13	126.79	117.66	118.92	121.34	133.26	127.29	121.15	130.76	123.89	111.31	119.65	120.89	114.39	144.39	184.4	197.2	128.13	132.91	115.43	102.04	102.26	83.33	86.17	2.47	61.32	-94.22	63.36	328.9	363	177.37	92.93	102.12	107.79	94.88	138.48	99.8	99.3	97.56	125.93	101.43	98.63	97.65	112.05	83.47	91.06	107.93	107.58	114.16	117.41	113.61	101.3	120.71	104.27	109.71	90.35	58.84	56.3	59.84	68.12
2026-05-05	167.88	71.94	55.82	66.6	138.35	90.68	98.81	90.62	91.26	93.42	103.24	103.52	109.92	105.56	110.66	113.22	118.34	118.49	111.36	110.21	111.02	110.99	121.08	119.58	111.37	113.99	109.65	111.6	119.03	118.98	119.43	118.23	113.29	130.21	153.33	109.78	122.48	105.33	98.85	-14.74	-8.39	-6.5	32.98	14.19	-0.85	33.58	2.48	22.97	122.19	147.75	98.94	11.06	98.85	-0.04	-0.09	5.95	59.57	31.85	118.53	132.4	10.82	-2	16.51	-1.26	9.66	25.71	45.79	288.42	31.35	35.48	56.52	13.18	31.81	28.62	102.29	-1.04	42.9	42.95	120.46	110.86	90.55	109.5	113.16	100.03	105.63	104.35	110.22	107.16	104.42	94.92	107.63	103.4	104.73	100.35	97.94	101.66
2026-05-06	108.4	101.99	111.79	104.44	100.15	99.58	100.04	90.87	118.6	116.24	104.41	109.7	100.44	108.44	91.71	92.45	93.54	88.28	62.48	113.48	117.73	117.88	113.84	102.73	76.92	77.32	87.24	100.94	99.41	100.92	105.9	104.53	98.58	75.23	80.96	64.45	114.95	98.36	0.39	-10.84	-7.64	43.1	78.86	-5.24	-9.1	-0.62	37.53	23.16	-3.08	21.87	33.89	51.96	30.58	18.94	39.28	43.23	16.14	6.8	101.42	-10.32	34.1	22.79	0.11	-0.77	-3.51	-3.12	49.16	6.32	-1.25	-2.96	-2.45	-6.16	-6.76	-2.54	0.61	-9.72	-21.09	81.76	107.26	107.9	132.74	174.97	139.57	121.04	118.4	123.22	122.7	122.87	130.51	111.99	112.25	111.33	129.87	109.87	66.23	60.92
2026-05-07	107.12	99.3	98.54	95.8	140.87	123.09	103.75	109.91	107.56	101.19	98.91	104.34	105.19	106.69	107.1	118.06	106.07	105.59	101.13	103.42	103.42	90.07	113.02	79.3	85.78	93.39	95.95	89.16	111.26	118.43	127.97	130.53	101.41	93.86	100.77	84.14	110.77	86.32	-7.98	30.12	37.11	66.28	61.37	31.77	-14.2	21.85	24.05	17.46	145.7	103.03	130.06	117.07	146.31	57.21	60.77	108.67	111.75	37.2	27.92	27.77	100.9	98.13	95.17	96.95	105.95	24.09	29.69	97.37	101.93	27.07	46.95	98.65	95.73	100.31	111.22	100.07	-102.07	75.83	107.73	130.38	259.45	112.49	115.82	114.91	110.91	113.62	114.1	104.42	109.06	100.99	104.88	94.71	103.78	101.49	122.85	111.42
2026-05-08	110.39	114.8	113.28	89.7	79.69	56.05	59.95	44.06	44.39	34.88	45.46	85.41	90.24	74.18	81.6	67.46	83.99	72.16	74.08	77.75	104.98	112.22	112.31	108.96	115.92	114.9	106.45	99.39	106.7	107.71	107.43	95.14	99.16	103.35	100.48	98.34	99.95	106.58	100.14	101.24	105.89	99.67	106.24	103.01	112.39	129.39	104.67	99.38	103.08	89.91	93.02	89.92	6.23	8.13	99.58	97.46	5.36	2.79	3.56	0.24	-4.23	-1.12	9.38	20.07	18.64	-0.5	-0.62	-0.39	1.62	14.46	35.63	7.04	21.18	12.77	79.28	96.26	96.77	94.5	109.35	104.32	97.58	101.95	99.11	97.94	100.55	99.01	102.23	101	102.13	94.22	98.09	95.04	100.77	93.62	98.3	88.83
2026-05-09	97.33	92.87	79.53	80.14	95.29	73.54	68.86	41.09	-5.75	20.27	58.21	11.84	81.28	101.48	96.97	100.92	103.5	101.62	101.36	88.42	106.73	34.29	0.5	14.27	93.85	106.36	82.56	73.67	78.32	69.78	61.86	61.62	62.26	60.04	81.82	96.23	102.37	103.12	111.45	104.4	99.17	104.62	92.21	105.75	108.57	102.35	101.68	80.3	78.59	76.47	90.18	80.3	9.99	5.34	84.72	64.23	9.16	4.07	3.28	4.85	5.4	-206.82	-8.63	-9.69	-8.14	-19.1	-18.54	23.1	18.04	13.79	1.78	5.42	30.35	21.77	86.13	53.72	3.27	32.46	15.88	4.01	25.57	106.37	115.59	124.96	228.55	119.84	130.87	134.08	123.84	126.95	124.11	121.13	101.4	92.06	97	90.69
2026-05-10	75.22	63.5	63.52	63.78	83.82	90.95	92.91	66.97	61.83	61.78	28.4	79.53	82.98	61.91	63.98	86.27	63.4	62.72	67.78	86.12	75.74	74.92	76.15	75.48	74.51	79.16	83.5	71.91	68.09	21.15	21.36	90.21	68.7	35.4	46.57	4.07	62.68	39.38	2.52	1.6	3.36	12.08	24.21	3.69	5.92	8.38	4.84	2.24	1.06	22.37	0.06	25.88	72.41	37.3	31.46	15.51	10.27	5.24	98.21	5.23	15.83	21.51	5.36	5.26	2.63	0.61	0.84	0.7	0.86	2.36	46.34	33.96	53.75	78.51	101.71	105.42	78.42	62.86	106.39	104.48	107.58	94.26	133.01	169.4	262.3	265.26	264.37	235.81	128	122	119.71	118.47	156.32	107.46	101.68	91.29
2026-05-11	114.62	123.78	106.35	103.07	104.21	100.86	88.77	59.99	59.33	34.82	59.26	51.57	95.4	57.43	78.53	72.32	124.88	115.02	46.61	59.54	59.92	62.32	60.11	60.14	91.51	101.55	104.92	107.17	110	108.01	107.98	104.23	107.65	106.94	105.04	104.48	105.34	119.99	80.09	57.54	-1.55	-1.56	-4.64	31.6	12.89	39.15	23	52.06	14.74	13.44	-0.73	31.3	4.26	19.22	57.7	-1.61	52.31	40.44	0.16	-6.19	27.49	81.81	51.57	28.45	5.85	16.9	12.88	2	-51.3	53.84	-0.54	-1.56	-3.18	-4	-2.35	17.93	102.06	99.38	93.91	96.17	43.46	120.67	115.61	102.44	96.95	122.36	129.49	101.35	104.29	102.49	101.84	98.22	96.98	95.8	98.1	98.78
2026-05-12	107.27	113.51	101.6	103.29	123.1	106.6	103.05	97.04	99	105.75	111.97	100.74	105.71	116.93	105.42	104.87	105.45	105.22	105.44	104.43	103.93	102.83	100.74	96.31	89.78	103.85	101.98	99.53	111.09	104.26	97.93	101.34	97.32	87.49	76.83	78.35	98.08	93.2	90.28	93.31	78.85	103.11	290.93	136.41	70.24	9.43	70.28	58.96	102.74	100.78	88.9	69.93	65.48	14.57	7.03	7.21	5.32	5.02	2.77	-1.93	57.84	369.62	33.58	7.37	5.43	0.82	11.44	4.07	-24	14.36	16.5	6.64	7.66	52.55	95.05	102.63	125.53	127.06	127.9	125.46	104.61	122.61	113.15	118.97	119.3	153.11	164.72	112.12	104.12	105.14	92.35	101.19	104.82	98.44	101.2	96.97
2026-05-13	114.5	121.72	119.45	111.1	109.83	110.14	112.84	115.08	115.71	109.49	110.44	110.97	108.28	105.73	106.72	101.82	105.29	105.49	106.44	106.26	109.69	110.67	110.82	111.97	117.3	121.39	121.76	119.97	117.99	117.68	114.98	111.15	117.41	127.79	121.75	110.25	94.92	99.29	112.94	101.86	11.95	9.81	76.48	5.08	-4.55	-6.44	29.18	47.86	15.11	16.63	15.57	10.66	6.25	1.96	3.4	12.26	4.74	5.93	62.33	7.47	87.52	9.11	33.7	51.3	85.22	60.51	4.87	6.25	30.28	32.52	15.62	111.2	129.98	119.17	113.67	103.18	82.81	109.78	118.02	130.34	132.13	139.37	137.34	133.43	136.26	135.12	148.77	134.53	129.56	118.58	118.67	131.99	124.4	116.15	109.49	112.78
2026-05-14	110.27	104.8	52.25	38.81	57.48	53.34	52.92	56.12	109.24	90.98	97.08	79.99	101.66	94.73	108.14	106.11	110.65	110.61	103.13	97.54	118.22	104.68	105.22	86.32	120.98	110.25	63.29	79.83	96.62	96.75	109.76	109.76	106.76	111.6	95.62	59.17	-2.69	-2.42	-1.33	-5.67	5.56	1.37	-0.53	50.92	-7.55	-11.34	25.15	39.75	23.16	17.81	2.18	5.92	11.66	17.72	9.44	30.22	2.08	-4.01	-105.72	-2.99	-4.85	-11.89	-3.24	-2.68	4.6	1.16	-0.83	-5.8	25.53	17.67	18.07	3.59	2.63	5.43	14.42	9.59	-2.47	-4.88	115.46	92.61	74.95	105.4	115.56	132.85	109.03	106.49	108.94	109.9	111.39	82.44	114.48	72.82	106.97	57.07	42.99	54.78
2026-05-15	101.36	38.8	26.35	17.32	63.74	62.85	65.85	26.6	52.04	52.62	47.3	45.22	44.6	32.67	49.02	52.88	32.95	40.4	6.94	7.54	85.79	73.21	64.09	66.29	64.73	10.14	31.62	32.15	41.97	57.57	24.47	25.37	74.14	54.51	-1.43	-6.06	45.76	31.1	25.87	-0.44	22.17	35.38	33.61	22.74	6.75	5.3	19.1	12.32	-0.74	-107.53	-2.51	18.24	1.85	-0.83	1.7	7.87	11.9	12.49	2.04	-10.49	-1.36	-9.97	-1.57	-11.49	-3.49	-3.74	-0.26	-3.06	-11.25	6.45	10.07	12.92	5.3	2.93	5.29	5	90.56	57.75	78.89	100.85	-8.45	86.46	246.8	105.68	108.18	98.41	111.06	105.13	104.09	89.62	111.8	107.93	107.22	118.66	113.72	109.31
2026-05-16	105.6	115.9	109.67	100.21	110.89	99.92	116.95	105.3	104.5	97.71	84.75	76.42	99.18	87.61	83.74	59.31	68.96	61.13	54.57	70.15	74.74	65.07	52.27	66.85	82.08	91.07	105.67	93.65	103.14	65.15	67.52	63.42	69.91	5.01	-23.69	-31.76	-4.91	-0.62	-5.46	0.55	24.4	3	-10.3	-2.31	1.79	38.01	-1.4	-1.94	0.02	-2.44	-3.58	-2.13	-1.7	0.11	3.04	18.53	-3.38	-3.79	-3.45	-0.78	6.3	0.94	1.57	-2.22	0.11	1.65	-5.77	-0.11	3.58	22.84	15.37	8.85	22.13	1.16	6.04	23.39	93.46	105.59	115.93	109.24	89.59	113.62	109.79	113.87	121.88	109.98	112.25	113.47	119.69	111.51	99.17	84.86	92.37	97.5	95.89	72.66
2026-05-17	106.95	97.69	94.01	84.42	101.78	79.45	65.66	92.52	100.57	98.56	97.34	86.78	87.66	86.56	86.17	85.82	92.52	86.64	94.65	88.92	88.41	89.3	90.05	92.6	87	78.38	63.23	57.97	86.82	87.01	9.21	1.83	-7.66	5.18	-21	-16.4	19.11	-1.1	-3.3	11.78	-2.95	-3.67	5.45	-3.99	9.31	39.32	9.17	-5.56	5.88	11.39	1.71	5.89	-1.67	-1.03	7.19	5.1	0.7	-1.09	-1.22	-0.59	6.63	13.09	74.93	91.63	5.07	17.98	55.15	41.27	14.98	5.39	6.44	92.32	87.41	80.52	90.02	112.15	102.32	105.49	120	86.07	110.2	117.06	107.06	108.61	72.7	86.11	77.59	93.9	109.74	107.1	84.23	107.44	112.5	59	61.83	80.65
2026-05-18	111	110.46	94.15	77.08	96.83	73.86	84.53	80.16	85.53	47.94	69.31	63.32	59.65	46.85	83.5	82.08	37.63	35.48	26.66	28.95	121.97	61.14	86.83	103.44	95.78	69.82	68.37	108.72	125.98	126.52	110.17	115.28	109.37	71.3	63.63	112.22	143.66	170.02	70.92	-2.28	63.03	46.97	47.15	34.9	27.79	13.8	12.83	28.07	43.54	45.61	42.36	15.7	8.89	10.02	-1.31	4.55	38.47	29.05	56.63	60.53	4.15	0.16	-2.34	-23.57	-3.11	5.33	81.59	71.61	26.78	0.39	103.52	129.44	75.13	101.63	104.64	111.29	117.9	123.42	122.49	138.74	112.88	114.3	120.23	117.02	123.6	127.8	127.91	121.6	122.99	114.36	114.73	108.46	124.47	124.52	124.72	123.34
2026-05-19	137.11	121.3	127.66	119.85	110.9	110.89	109.62	96.91	108.86	106.77	104.24	90.59	114.46	123.27	115.23	111.42	103.45	101.91	104.14	101.78	29.8	52.19	68.63	104.6	101.32	101.88	110.27	111.42	110.49	106.55	111.1	33.5	118.84	92.62	75.98	43.83	71.48	4.2	-18.76	-7.25	71.58	7.95	-8.45	-7.14	-7.33	-4.33	6.07	21.05	18.69	-5.22	6.05	-5.28	-0.13	3.85	-3.17	-2.7	3.4	4.07	-2.27	-2.48	-4.68	-6.65	-9.72	0.86	13.51	7.26	-2.23	8.82	27.49	19.41	34.76	10.08	20.86	0.77	-3.15	-5.42	94.8	77.44	23.03	112.44	112.22	115.89	121.02	112.97	119.55	124.85	123.12	120.74	121.52	122.33	121.01	121.4	120.6	120.93	124.49	122.18
2026-05-20	106.29	111.64	108.23	94.22	129.88	116.98	114.98	103.26	108.33	104.61	109.43	101.39	90.58	95.17	95.48	104.98	79.41	79.39	96	79.26	88.65	94.56	110.97	111.08	104.19	104.31	109.54	112.66	114.37	111.75	111.19	109.12	109.67	110.66	21.53	20.64	81.18	-3.37	-4.11	15.7	9.23	82.21	13.18	46.35	47.03	0.97	-4.12	0.53	336.91	73.08	5.2	0.83	28.08	3.91	5.85	3.91	0.31	0.4	-1.05	-2.43	-72.53	9.81	33.83	-0.13	37.25	2.25	0.19	16.42	3.8	99.96	18.84	21.36	73.39	63.85	99.53	116	73	104.82	116.63	121.41	110.24	143.97	142.9	130.7	125.16	129.85	135.31	130.25	141.8	128.68	128.92	123.22	121.77	116.57	116.34	114.23
2026-05-21	98.56	95.34	89.55	110.83	122.94	111.54	96.18	105.67	114.01	88.59	89.92	95.47	115.4	78.04	58.1	66.43	62.73	106.93	62.68	100.05	124.35	100.45	112.68	104.19	120.05	112.55	107.28	113.51	115.1	113.84	103.92	103.4	116.01	74.54	71.98	62.02	17.11	108.28	40.7	3.24	-0.99	-6.33	-18.29	2.97	4.7	1.66	10.5	46.22	-10.21	-6.31	13.6	37.23	14.85	2.22	2.15	-0.35	46.76	10.19	7.26	44.02	49.38	24.73	3.84	-2.73	10.94	16.08	0.38	12.24	4.26	-1.43	22.93	64.44	-1.22	9.24	8.04	90.53	11.98	116.27	115.4	114.64	116.46	114.31	122.59	122.73	119.87	121.55	125.34	121.28	126.19	120.13	122.23	119.22	126.48	116.81	117.38	115.96
2026-05-22	128.78	116.8	101.94	98.46	110.19	89.31	94.63	73.77	114.99	92.3	101.26	96.06	101.7	102.24	101.23	104.96	113.89	115.69	108.1	109.51	113.84	115.15	115.21	116.13	86.61	81.7	82.76	91.05	105.24	103.41	102.54	102.64	62.56	61.8	7.14	3.71	23.4	0.59	3.85	15.07	1.37	0.16	-0.03	5.69	-0.56	-3.56	0.99	5.01	28.32	0.05	46.17	26.29	35.24	14.65	18.52	5.99	82.02	75.57	105.43	109.1	78.42	69.94	91.27	104.95	112.75	106.16	58.01	50.24	100.44	90.76	104.78	105.98	103.54	93.46	98.92	115.62	116.38	118.54	120.04	123.18	106.93	113.58	114.07	118.16	122.11	119.73	111.11	110.91	112.56	111.2	110.55	105.76	110.47	114.67	109.04	107.41
2026-05-23	85.31	72.03	90.8	93.52	105.26	98.07	105.45	110.58	96.76	105.93	67.5	88.65	94.74	94.51	79.66	72.86	111.41	101.37	107.67	79.55	109.34	111.66	53.88	34.14	104.43	104.39	90.59	37.06	59.64	94.44	84.09	10.82	43.82	90.6	6.5	-4.13	8.36	-2.79	-3.89	-6.54	17.58	14.44	9.61	1.94	4.48	4.79	25.98	6.82	15.58	-4.08	-3.19	26.56	8.09	-3.06	-2.59	18	5.05	4.79	-3.69	-4.29	-1.87	10.81	7.36	34.32	18.74	36.94	14.01	6	22.39	19.01	5.93	6.5	25.14	17.89	-0.43	57.25	92.77	124.13	130.86	131.06	121.75	131.93	124.38	123.37	111.31	96.05	112.75	103.02	105.76	91.73	88.19	90.4	99.3	99.95	94.05	76.46
2026-05-24	65.57	61.68	27.89	31.2	22.02	0.61	71.88	51.51	2.81	-4.87	45.18	-29.67	19.12	67.52	18.17	19.62	28.53	23.85	15.95	27.12	58.01	59.91	8.59	7.08	12.57	17.8	8.58	-1.29	27.25	94.86	83.48	70.25	27.6	-14.29	20.51	34.19	-4.7	-12.28	5.23	19.82	16.1	-14.14	38.1	14.24	2.4	0.52	2.55	1.77	1.36	0.66	2.75	4.46	-0.8	-7.41	-4.42	-4.03	-1.93	-4.14	-3.91	-7.94	2.15	8.82	4	12.69	12.67	9.3	22.33	3.65	4.44	-2.3	-10.59	4.45	-2.22	-10.16	-12.15	-14.99	78.81	58.1	52.37	33.37	22.75	112.89	90.87	101.32	90.2	109.89	148.64	113.76	99.56	111.32	88.71	71.35	54.35	32.73	76.83	93.69
2026-05-25	76.75	63.14	82.19	60.3	93.41	71.93	109.84	95.78	79.27	93.69	73.77	63.44	100.85	101.26	103.2	95.75	104.59	102.97	107.16	106.25	106.6	109.46	110.41	110.74	66.45	100.13	102.37	105.07	105.56	105.23	101.19	47.92	62.34	90.34	-0.8	-0.67	-1.82	-2.98	5.96	4.28	7.36	32.69	16.37	11.48	11.1	8.28	0.8	0.48	7.27	8.12	6.25	0	0.27	-2.95	6.22	1.74	2.91	6.29	0.1	0.92	7.59	9.2	33.47	4	20.54	9.62	8.51	87.61	17.03	75.94	95.5	101.7	105.53	98.81	102.09	98.83	141.54	107.94	109.91	121.47	107.91	114.37	122.5	125.04	117.36	114.49	109.45	110.35	111.57	109.94	110.09	110.29	108.47	124.7	123.5	116.94
2026-05-26	127.45	116.05	121.3	119.93	122.26	96.88	110.29	104.36	100.2	103.78	104.53	106.6	97.71	100.12	99.74	105.5	108.26	108.24	108.16	108.05	110.27	108.05	107.13	92.54	108.16	98.33	71.03	86.59	86.87	49.84	74.04	101.39	48.23	47.61	26.05	-10.28	-5.6	-5.45	-1.84	5.26	-2.51	0.78	5.44	1.44	34.25	2.38	8.92	15.48	12.45	15.08	10.99	5.28	4.94	10.05	-1.54	-2.47	5.61	0.81	0.16	9.51	4.59	13.85	9.07	7.53	93.68	5.3	22.1	121.21	91.6	95.36	81.21	93.93	73.19	104.76	100.57	110.63	96.42	96.18	106.53	122.12	114.05	114.36	125.39	143.83	133.59	149.03	156.33	136.8	150.6	134.41	137.74	125.3	132.34	123.71	119.91	101.22
2026-05-27	137.06	135.62	129.04	125.33	130.93	123.15	112.54	109.36	114.35	114.25	112.36	108.46	113.27	112.28	113.4	115.79	115.68	113.98	114.41	116.01	113.87	110.56	113.24	118	109.31	110.79	118.89	118.79	131.67	119.09	114.69	111.4	97.22	82.35	25.95	2.55	73.82	85.52	32.06	11.54	-3.58	-11.24	-3.82	-0.19	17.15	14.18	7.34	19.59	23.58	49.87	7.83	1.45	-2.79	4.55	58.22	12.14	9.55	11.23	6.92	94.3	-8.61	9.59	9.2	8.79	12.19	4.98	1.94	99.1	85.44	112.3	124.49	103.12	109.93	116.57	147.64	166.19	139.66	144.99	134.24	129.51	113.18	115.31	128.6	134.99	137.09	142.24	136.7	133.73	137.6	127.97	131.43	125.63	125.76	118.09	115.66	111.38
2026-05-28	112.72	110.28	111.77	110.72	112.62	108.8	49.38	49.13	58.21	53.64	111.45	105.75	113.42	86.14	122.52	121.71	112.24	112.93	92.49	85.59	99.39	110.92	79.96	91.75	93.11	94.92	87.55	91.39	117.25	110.12	111.17	107.04	105.52	114.47	108.78	104.22	104.7	93.36	106.16	104.12	100.2	5.5	-8.4	-3.7	-5.71	1.98	3.02	31.56	32.35	11.87	8.73	5.37	5.3	0.8	5.34	10.18	-4.54	4.12	8.5	26.4	9.48	12.52	34.25	10.19	59.74	76.48	82.5	111.69	111.42	105.61	104.45	100.5	105.52	108.29	105.24	106.88	108.98	109.32	114.76	117.11	115.85	128.12	136.51	158.76	189.43	121.78	120.05	120.7	148.86	119.04	114.19	110.76	113.28	114.1	110.65	108.24
2026-05-29	131.74	111.97	117.17	122.05	119.56	106.07	100.18	97.99	117.4	114.17	118.66	116.56	104.87	113.5	118.13	116.09	115.7	117.83	123.95	121.86	119.68	119.05	125.1	119.98	106.69	107.08	112.84	110.36	106.16	108.62	87.95	105.81	131.31	99.87	97.79	17.83	104.01	7.29	30.66	38.29	24.31	82.06	93.52	96.06	7.54	71.55	68.29	80.34	90.64	97.48	97.64	109.37	111.05	109.48	104.37	103.25	114.7	93.71	84.54	85.78	99.46	4.99	95.44	80.33	104.58	107.17	105.04	100.31	20.11	24.48	92.74	91.08	106.31	103.93	106.61	112.69	113.67	112.98	116.75	114.73	110.51	115.57	120.85	118.46	120.27	117.6	113	115.06	124.24	115.12	125.47	118.51	118.75	112.89	113.24	112.65
2026-05-30	120.92	121.31	112.26	110.43	113.17	104.12	104.11	99.58	109.56	105.34	114.48	113.68	134.41	118.67	124.67	127.33	114.73	114.58	114.35	117.35	117.08	115.19	124.89	124.57	113.22	114.64	118.1	123.33	124.47	119.62	113.29	102.17	111.83	105.75	113.27	111.98	41.74	94.88	0.89	14.12	22.76	12.82	36.24	16.35	7.46	-2.64	-1.13	1.9	6.45	-0.6	-0.86	-2.3	8.17	5.28	0.32	0.15	0.86	0.8	0.35	1.24	7.82	48.23	43.69	0.16	0.96	20.91	6.05	0.84	40.81	26.42	16.18	77.36	60.94	82.36	114.17	112.27	89.88	94.91	106.6	106.94	106.41	108.73	118.58	123.78	107.43	108.52	107.78	108.45	109.25	105.81	110.1	103.28	113.03	105.68	111.39	110.51
2026-05-31	116.42	112.52	108.23	106.35	104.26	105.7	116.71	106.36	106.18	104.99	104.34	105.25	104.5	104.37	89.53	90.43	103.96	100.38	115.74	110.63	104.33	108.69	106.9	105.81	105.28	104.44	103.39	103.3	104.02	103.74	99.82	96.57	94.91	66.45	6.53	-0.41	-12.48	21.32	15.31	14.99	1.53	7.38	-0.69	-8.91	-11.69	-16.9	-2.58	-5.21	3.15	-17.08	-3.87	23.58	6.54	14.21	17.6	6.23	56.43	95.54	103.26	4.94	0.05	3.19	0.27	4.83	18.52	23.15	81.47	86.67	89.16	7.11	4.85	73.14	66.3	99.06	112.38	123.3	123.82	109.2	119.57	124.53	123.39	133.23	145.04	209.98	147.79	130.42	134.05	139.1	133.79	125.61	142.51	130.32	123.39	112.44	119.22	110.79
