2025-01-01	95.98	170.68	90.67	91.68	150.22	140.58	87.51	79.7	95.19	95.19	96	89.2	129.86	127.56	113.2	102.43	75.85	91.87	94.1	85.06	91.71	99.08	87.22	89.2	120.66	117.77	114.7	115.23	118.22	117.93	117.63	117.24	100.45	121.77	86.36	85.75	83.76	89.28	80.69	23.78	-1.34	1.05	17.35	5.35	5.5	59.78	101.24	100.88	103.49	127.5	125.08	136.56	98.83	93.79	102.04	111.8	133.5	137.17	146.1	148.87	-0.36	126.22	112.05	88.37	97.68	171.08	165	168.16	-0.55	136.91	157.26	160.51	95.15	149.89	101.57	153.41	150.68	148.91	149.42	150.27	152.39	150.42	151.35	76.11	158.9	158.18	153.59	152.18	110.57	92.74	149.28	106.06	106.57	102.59	97.21	48.48
2025-01-02	87.91	141.77	84.58	86.79	75.75	91.85	94.52	91.47	79.05	132.09	74.2	77.23	94.56	98.25	93.72	89.23	61.71	60.31	89.76	83.59	63.63	93.45	127.33	88.53	28.83	83.22	133.98	132.53	62.15	97.31	110	145.09	108.14	122.8	87.28	98.76	113.76	101.99	111.19	86.09	93.36	91.79	78.56	26.39	151.12	89.82	94.19	88.05	19.74	140.63	121.01	93.73	4.75	84.59	55	51.56	146.48	91.11	90.19	89.58	85.51	83.57	89.06	96.52	14.69	42.7	126.68	142.52	66.61	94.09	95	152.25	100.48	100.81	106.64	129.92	109.09	120.66	127.64	115.9	113.33	123.08	111.65	113.2	147.21	138.59	107.53	102.81	87.57	99.21	93.3	96.41	82.54	141.05	104.77	100.65
2025-01-03	79.2	88.07	93.69	89.58	-19.26	31.58	70.18	41.45	64.83	67.86	10.05	0	72.92	99.32	37.33	15.03	0	49.5	78.46	16.91	38.94	60.13	82.91	84.4	37.3	84.42	81.7	84.4	8.68	71.44	33.77	89.56	86.21	99.45	106.55	100.63	85.52	56.48	16.93	17.77	146.14	17.1	4.85	1.92	16.35	71.15	98.3	29.9	123.35	74.36	112.54	-17.02	54.75	26.49	117.3	116.31	54.01	119.45	115.26	4.19	67.49	0.05	0.66	74.97	12.14	11.63	122.77	129.27	65.59	81.5	113.93	140.31	77.92	125.66	144.58	136.58	122.71	110.21	111.38	121.31	77.14	80.09	83.8	83.99	132.76	102.52	86.43	77.02	97.24	97.56	108.29	78.8	77.71	75.92	71.44	40.3
2025-01-04	203.28	128.91	119.05	0.64	142.53	80.08	128.68	122.92	139.53	83.16	131.04	76.35	133.99	133.92	130.72	126.9	78.32	73.72	73.15	78.31	74.28	85.02	65.47	79.52	12.31	121.83	125.5	82.58	76.14	85.56	56.8	83.06	95.54	89.62	77.28	77.42	128.07	85.43	76.91	75.1	147.21	143.37	80.11	54.74	59.53	75.01	72.78	62.26	111.05	45.91	54.77	45.05	34.59	55.65	91.05	115.82	115.94	127.72	52.12	36.33	40.61	67.56	129.52	133.74	78.97	75.14	139.16	143.62	86.76	139.93	92.1	88.93	102.43	106.33	103.53	119.55	109.06	116.25	115.35	103.25	104.76	98.21	90.48	93.86	94.09	82.09	86.46	81.32	-6.15	90.83	111.42	83.4	158.35	137.04	136.1	67.64
2025-01-05	135.08	127.49	5.85	37.94	128.24	95.85	52.42	37.01	20.15	18.18	1.82	-1.3	0	0	6.69	5.17	-2.64	-3.42	-5.96	-6.02	0	0	0.08	0.15	-1.33	-0.48	-2.46	-1.74	-1.16	2.01	5.18	6.02	-4.42	0	13.98	6.35	-0.27	-2.5	-3	-3	0	0	0.02	0.31	82.46	0.15	4.57	9.25	115.36	108.08	125.61	35.27	107.7	90.46	118.93	122.1	111.23	118.32	126.54	130.53	133.01	133.13	146.78	154.47	24.72	84.76	142.49	145.04	116.54	89.74	111.75	139	-42.28	16.2	36.03	121.31	13.11	0	2.3	1.42	0.4	0	0	69.69	89.5	81.95	0	2.21	80.59	44.71	15.14	9.03	140.01	-50.47	3.1	-3.29
2025-01-06	0.2	0.2	0.12	0.27	0.99	0.2	0.2	0.4	0.26	0.2	0.2	0.2	0.2	0.08	0.02	0.02	0	0	0	0.2	0.2	0.26	0.21	0.2	0.2	211.05	296.28	148.08	0.43	115.31	122.04	120.1	0	16.19	75.73	108.43	89.42	108.98	102.26	99.98	16.42	26.25	8.08	28.84	128.32	117.31	99.49	22.07	-1.56	2.83	8.88	9.46	122.73	7.02	2.17	-10.63	105.48	105.48	105.48	2.63	0.62	54.11	1.92	-97.33	-233.01	-28.72	11.64	166.32	-9.1	0.02	55.44	137.07	-5.23	16.76	120.4	123.82	22.53	67.23	66.92	76.67	63.63	78.06	123.75	124.26	68.56	92.04	78.95	43.98	19.22	80.69	100.43	17.75	32.94	13.48	-5.12	3.27
2025-01-07	0.95	3.39	2.19	2.03	-56.89	-21.11	3.38	1.97	7.04	-4.38	-0.58	-5.97	-2	1.56	2.83	-0.01	0.7	-2.3	-1.91	0.04	-0.12	1.79	16.43	1.95	-0.79	1.13	105.6	117.8	21.81	66.17	52.79	119.38	74.5	119.99	119.99	118.7	122.5	75.89	51.43	19.9	39.61	11.93	-15.01	-18.17	61.94	50.74	37.76	21.04	39.41	58.18	57.78	0.97	16.3	7.27	55.32	62.7	68.5	100.3	103.82	112.52	38.05	119.16	120.39	118.5	11.4	115.89	202.62	191.11	67.64	71.72	85.44	83.69	71.31	93.98	102.64	93.79	71.44	70.82	37.74	91.34	67.06	126.16	86.93	65.83	80.95	77.3	-0.22	70.05	47.55	117.1	48.84	12.76	12.37	43.65	32.13	-3.56
2025-01-08	47.78	58.53	115.42	18.44	105.11	108.39	69.21	5.02	40.2	59.81	0.89	0.9	0.24	0.12	1.26	2.2	9.72	0.75	59.64	59.05	14.12	121.65	118.38	28.34	7.46	66.08	117.52	124.6	44.83	76.27	124.42	137.71	70.97	93.68	81.79	78.92	77.62	80.98	64.75	27.52	65.69	67.22	66.86	28.18	136.21	67.2	117.53	108.14	119.77	113.53	72.5	71.75	23.28	62.59	44.15	66.08	88.82	88.82	65.01	162.74	124.74	61.43	41.75	126.86	112.01	126.03	51.57	126.04	67.09	88.82	52.84	82.06	48.06	123.53	124.68	125.52	125.06	94.43	89.81	84.4	72.88	61.11	89.76	97.48	90.46	83.57	69.7	69.49	171.47	150.16	69.54	28.88	61.03	118.42	42.19	-45.93
2025-01-09	6.22	60.32	-3.25	-14.32	190.2	112.14	112.97	53.39	160.39	127.6	115.26	33.36	14.77	114.74	113.55	17.45	7.42	2.26	7.5	8.11	1.54	20.53	23.1	10.52	38.89	90.77	50.11	12.56	-62.09	70.13	63.36	134.84	69.33	76.03	69.06	58.61	116.32	74.59	83.4	69.37	115.22	67.81	61.47	25.35	81.64	76.69	53.18	59.76	50.76	48.37	23.39	18.6	61.92	66.69	61.9	51.73	71.95	60.08	43.34	23.64	-1.39	5.92	12.95	21.34	-34.39	-0.96	66.96	66.05	19.55	30.48	79.7	68.2	69.83	77.03	96.75	74.29	86.99	86.31	115.89	120.32	95.71	92.35	107.7	106.36	95.7	85.39	78.53	68.3	119.27	76.7	105.31	69.27	-28.65	34.9	73.9	12.01
2025-01-10	71.19	65	23.57	0.6	175.13	116.52	4.88	0	115.95	71.94	116.53	94.92	116.89	116.37	111	103.74	113.78	106.85	114.84	115.98	66.31	83.11	56.55	44.8	39.94	77.14	119.58	122.68	98.08	122.84	129.3	129.28	113.64	104.27	82.22	125.95	138.96	135.88	118.98	72.75	134.2	115.94	93.55	88.42	127.59	120.97	114.68	65.24	121.92	107.42	113.62	85.34	105.01	104.87	78.67	9.21	54.39	55	67.19	65	66.95	65.71	73.81	119.64	17.81	68.22	106.14	96.75	61.25	88.67	69.02	75	84.59	93.01	98.62	90.98	80.42	113.92	102.08	88.68	92.52	95.85	96.45	93.83	72.22	75.44	86.96	69.53	75.46	77.22	69.32	58.51	54.68	109.68	68.76	11.41
2025-01-11	61.59	71.78	66.91	49.63	143.31	68.23	36.69	24.75	53.01	48.29	0.77	0	50.75	33.82	42.51	0	41.98	5.7	44.85	74.05	0.12	35.2	47.84	25.09	5.05	16.62	75.34	51.51	60.28	67.24	67.51	66.43	8.88	43.67	0	107.35	120.29	116.37	121.87	125	140.34	123.23	21.93	12.73	36.66	109.43	62.23	26.54	7.69	17.68	48.07	5.38	0	60	109.41	104.96	105.85	45.5	43.97	77.95	36.85	4.07	13.94	31.34	63.76	57.84	151.73	156.15	2.26	32.31	65	124.91	48.39	70.24	72.08	72.38	67.2	68.87	71.23	70.6	70.7	70.65	72	70.15	102.42	85.88	64.98	79.74	61.27	56.37	83.17	57.63	81.3	47.86	29.61	4.14
2025-01-12	77.57	89.64	13.15	-1.49	22.22	63.68	21.14	3.4	99.52	20.07	4.44	0.1	57.5	66.13	0.02	0	44.74	80.32	0.19	14.22	59.57	55.23	58.57	75.77	42.8	28.52	26	59.53	1.61	12.75	25.74	65.02	51.43	72.63	71.48	76.04	176.74	219.99	124.41	115.55	153.79	145.21	6.08	-9.76	-14.37	-4.69	-4.34	-4.93	-17.07	-21.21	-20.29	-19.88	-17.39	-20.02	-24.62	-23.01	-15.39	-13.78	-16.03	-9.33	-3.59	-4.19	-18.06	-5.81	-11.87	-4.52	-13.06	10.96	-5.69	0	25.68	152.88	69.15	89.76	70.41	78.24	83.38	84.42	96.83	88.36	77.44	84.9	82.86	77.2	88.16	88.7	70.42	68.4	87.36	78.18	75.13	69.73	90.37	82.28	77.68	60.28
2025-01-13	85.15	84.62	61.87	46.5	91.74	90.95	84.07	82.54	83.56	86.28	104.97	104.16	76.08	83.79	81.62	82.76	1.37	27.87	92.15	59.83	79.23	33.23	81.88	115.07	72.74	116.26	118.89	119.14	71.22	97.79	133.12	127.44	109.65	98.75	98.65	98.25	136.64	62.64	19.01	-11.61	128.39	-18.61	-32.74	13.32	-3.4	21.1	5.07	3.51	1.6	12.63	0.56	3.24	21.67	26.84	24.79	17.73	43.48	39.87	26.84	-0.41	-55.49	-16.72	-41.38	-0.87	5.31	8.96	35.24	89.9	25.79	81.66	101	125.1	93.4	95.08	111.1	134.98	99.24	107.28	117.08	135.84	103.21	106.91	110.76	112.6	98.72	107.61	97.32	87.02	114.76	95.68	92.33	82.31	137.96	107.3	90.61	76.45
2025-01-14	68.41	96.63	100.07	60.6	106.35	89.76	86.33	87.13	60.81	95.88	89.87	88.86	89.66	88.92	89.71	70.8	75.03	80.19	68.85	78.7	93.56	86.23	86.02	89.14	71.7	83.1	92.45	120.21	3.05	27.13	84.52	90.2	105.85	126.79	125.91	104.53	103.32	84.51	80.64	37.26	79.53	72.66	44.4	-2.67	84.43	70.4	58.02	49.84	85.9	84.32	82.12	83.6	85.88	84.24	84.89	85.58	88.49	90.22	87.26	86.7	89.81	84.6	77.53	90.99	52.95	76.47	96.53	103.51	75.89	87.26	98.75	104.87	67.93	101.94	97.39	91.77	108.71	124.66	119.61	103.14	118.16	118.95	122.07	121.91	115.77	109.74	110.76	93.8	118.72	93.7	103.5	87.7	68.68	106.26	97.84	69.97
2025-01-15	52.19	108.93	106.83	79.87	81.59	81.96	93.68	81.47	81.77	83.1	86.76	88.5	69.79	47.13	54.9	48.47	123	123.09	124.36	129.42	130.71	93.49	71.42	68.16	74.92	90.31	90.38	144.19	84.59	98.45	98.01	96.94	115.27	96.31	103.66	105.1	97.62	86.35	66.61	56.78	121.2	80.12	50.93	23.64	96.62	105.3	82.52	67.9	126.29	81.35	65.96	68.78	89.19	104.61	75.23	42.29	41.25	45.62	40.2	14.27	20.74	18.6	22.51	32.47	13.85	19.84	55.95	116.4	52.25	65.77	80.37	113.29	79.44	91.07	98.93	110.35	93.77	96.02	92.75	96.51	98.23	105.67	107.08	104.28	100.9	100.48	91.86	84.84	102.11	106.53	97.28	71.61	94.02	89.18	36.79	-221.06
2025-01-16	44.26	97.91	88.53	84.25	56.11	95.67	89.42	73.41	89.07	89.49	67.12	66	79.84	69.52	66.53	66.87	69.92	86.5	119.77	113.27	88.35	78.42	71.09	129.05	42.77	84.38	65.91	62.5	45.81	72.9	73.66	110.74	105.84	111.04	110.75	111.05	105.07	104.66	76.49	53.08	79.22	43.34	-4.42	-7.47	54.31	76.13	100.96	92.91	120.71	121.67	121.06	121.27	118.74	118.93	121.69	77.4	54.06	117.13	110.12	111.1	66.48	60.1	97.61	67.97	54.39	68.67	98.95	122.25	62.89	95.84	105.08	159.03	97.29	111.36	126.45	179.64	105.49	107.31	105.24	105.96	119.44	131.42	132.34	137.58	149.98	130.23	113.15	91.33	99.91	102.71	86.28	72.9	134.48	98.57	104.44	65.84
2025-01-17	82.84	134.03	77.09	93.68	66.98	120.41	100.79	93.58	75.44	88.01	96.03	95.01	96.56	88.34	93.97	94.85	91.93	128.13	125.65	130.97	96.67	67.85	56.89	87.46	76.71	76.01	94.65	133.57	78.77	81.97	103.1	111.14	115.38	93.58	95.11	82.27	147.35	116.26	77.06	50.54	109.9	87.26	76.2	56.04	105.28	62	76.17	57.98	90.81	76.1	87.06	86.29	76.86	90.37	85.05	77.39	95.85	119.15	124.21	115.44	72.64	66.06	63.39	77.94	54.36	81.12	100.37	109.18	51.6	96.37	125.35	144.46	100.73	130.06	143.36	101.7	119.18	119.31	167.35	172.52	153.38	115.93	152.66	83.42	131.34	103.8	102.2	111.47	95.22	109.71	117.01	108.66	138.47	90.49	84.15	100.18
2025-01-18	66.49	83.22	71.77	103.24	144.8	146.52	137.1	85.88	83.77	72.97	83.06	106.43	78.92	87.75	89.9	82.65	132.83	82.61	79.43	35.36	112.57	80.09	68.91	86.64	96.27	106.73	65.28	51.46	83.14	99.9	75.49	79.21	91.87	110.08	112.7	110.18	145.17	80.96	97.07	41.11	77.42	-15.39	17.85	13.57	63.68	87.33	70.73	63.81	59.1	72.94	82.21	58.62	58.31	65.24	65	65.27	129.84	71.61	127.07	41.82	49.35	36.36	15.07	0.9	3.08	51.25	64.77	65.79	8.28	64.75	132.71	147.42	113.21	113.93	114.36	171.78	102.42	108.57	115.87	168.26	114.46	110.02	128.94	127.74	106.33	111.91	105.55	102.98	73.79	55.7	69.43	96.13	60.78	65.13	55.77	78.44
2025-01-19	56.42	139.71	108.14	103.2	79.52	82.78	88.17	86.96	63.37	72.91	60.07	98.68	135.3	52.56	47.82	80.32	80.96	87.46	82.37	79.32	42.72	80.6	88.94	86.61	57.93	59.16	65.09	84.21	67.26	61.27	134.26	137.5	70.69	126.55	130.82	133.06	139.02	70.4	47.19	50.59	72.27	50.59	71.54	64.02	70.57	92.07	76.08	23.98	71.61	74.02	62.49	60.82	50.98	55.57	75.94	46.93	52.98	26.49	0	0	45.68	37.77	53.47	127.29	68.06	86.38	120.36	115.7	41.82	92.71	96.62	107	82.24	108.74	113.55	113.85	110.36	118.74	122.46	124.22	149.96	148.53	136.58	142.8	102.32	160.47	95.41	108.09	91.45	162.53	93.01	99.31	152.23	89.67	60.96	58.17
2025-01-20	63.56	105.08	101.84	107.85	75.27	83.23	75.83	104.35	92.92	84.8	96.9	79.32	70.23	56.34	54.98	76.94	106.47	102.69	110.29	112.84	104.23	100.86	92.13	79.62	96.05	113.75	91.79	91.44	89.82	126.15	111.9	153.46	119.42	132.72	147.04	75.51	115.11	126.58	140.45	121.41	177.25	162.01	103.1	143.37	196.27	177.56	189.07	185.31	250.75	229.38	256.68	228.18	260.69	254.9	286.9	230.28	169.75	192.77	213.68	223.36	97.65	71.8	196.15	263.63	103.75	101.78	101.9	85.69	168.67	169.53	143.85	148.28	68.9	196.41	168.03	96.77	121	69.67	99.58	154.98	160.64	158.25	157.97	110.43	134.12	118.41	136.14	111.21	86.01	112.77	125.69	111	143.52	73.94	101.93	95.19
2025-01-21	86.71	175.27	141.67	116.1	96.27	156.91	84.55	95.98	58.12	93.75	91.62	72.9	97.25	110.92	116.86	113.03	99.99	112.67	117.52	93.05	127.13	129.67	140.35	18.33	73.67	110.21	90.18	102.74	119.61	137.34	146.47	150.93	106	164.07	116.51	103.54	116.06	101.14	101.87	101.74	144.96	134.7	110.84	89.29	103.46	188.42	150.35	93.74	94.45	54.13	81.3	170.16	173.79	186.53	183.02	96.2	64.75	190.68	182.55	91.76	78.29	89.81	90.32	140.18	-6.39	82.77	84.29	118.01	79.24	108.8	119.93	153.14	95.34	109.47	111.66	115	117.72	111.81	111.54	169.73	81.02	68.61	121.24	126.66	58.05	111.55	108.01	90.06	93.89	111.08	105.73	85.84	115.29	100.88	80.04	76.61
2025-01-22	35.67	112.52	104.26	92.81	78.38	85.87	100.03	31.61	24.63	86.43	99.62	81.98	73	60.99	83.13	68.15	74.45	40.33	40.33	57.43	18.66	86.72	89.71	75.01	10.28	134.88	140.74	88.95	19.91	90.06	103.58	145.15	102.32	102.4	117.44	112.95	86.93	95.84	77.99	67.52	141.07	85.33	83.98	76.98	120.44	89.31	59.25	2.47	75.55	79.61	51.1	58.01	79.45	76.34	77.44	78.87	78.19	172.99	167.9	151.45	188.34	131.62	149.28	132.54	52.15	98.16	89.71	79.1	77.85	91.12	124.86	143.28	80.55	108.25	109.25	133.92	109.61	111.65	115.75	110.27	108.87	115.2	108.89	110.63	114.94	106.09	107.88	78.06	106.41	91.27	67.34	39.89	148.37	80.02	82.61	64.75
2025-01-23	64.57	129.53	139.79	126.24	137.07	77.77	89.62	72.09	49.88	84.87	124.57	75.31	55.28	62.88	78.24	71.96	124.29	125.53	127.09	128.85	147.52	135.09	91.36	80.87	76.59	84.43	79.93	72.74	48.75	107.8	80.06	100.97	102.15	107.6	63.52	82.28	95.71	79.8	84.42	48.02	95.19	91.6	34.83	6.22	89.35	68.9	49.31	38.46	53.66	55.34	61.24	43.03	72.23	74.12	62.34	57.34	70.95	59.66	78.38	78	42.81	63.15	79.96	74.87	0.44	0.02	0.1	50.04	13.45	62.07	103.52	118.39	76.76	77.02	93.7	100.76	84.91	89.43	93.48	92.62	91.52	89.92	92.55	78.57	87.03	81.95	77.61	10	85.18	79.02	67.53	20.66	140.49	83.78	66.6	36.9
2025-01-24	55.81	57	49.57	52	106.62	60.01	54.86	45.15	118.3	98.7	100.38	71.07	70.37	63.23	62.45	21.7	48.1	57.94	59.09	48.76	9.15	11.79	113.54	107.49	4.03	116.31	123.62	166.24	0.57	47.18	58.09	134.27	68.16	14.02	127.04	82.12	81.11	70.98	60.88	50.13	122.1	57.91	41.77	38.89	-21.3	38.74	28.89	1.63	45.91	50.6	43.47	1.65	11.98	3.64	4.25	1.54	49.25	58.71	57.37	31.19	57.63	17	109.93	102.04	5.77	57.82	96.76	141.88	57.84	99.74	57.75	225.82	58.92	58.34	111.5	124.14	57.9	58.55	67	57.02	66.01	74.65	122.29	65.82	118.72	63.34	60.64	48.91	57.62	47.11	1.89	2.83	61.59	67.83	64.43	1.69
2025-01-25	94.94	109.7	6.67	3.74	61.43	56.57	55.24	55.56	1.91	17.2	15.96	16.03	13.66	19.06	54.01	0.97	9.72	14.2	13.62	1.4	4.4	15.88	19.55	15.73	2.62	0.83	24.84	90.35	4.1	0.09	0	38.36	14.6	22.12	37.64	37.61	27.89	26.33	26.4	24.08	19.01	18.44	80.16	1.68	32.15	15.41	36.93	11.74	200.12	111.9	113.95	110.35	7.13	7.37	110.22	120.29	112.61	121.46	-4.53	-9.06	122	24.73	41.1	55.09	-4.39	-41.68	126.27	137.6	-54.62	2.71	14.5	123.55	5.54	16.63	13.63	36.35	27.46	28.19	33.63	31.5	30.52	27.75	34.48	34.52	50	27.99	27.62	27	113.57	90.88	27.8	27	47.19	60.56	16.16	12.78
2025-01-26	24.87	21.6	0	0	110.25	100.84	102.31	27.35	61.17	106.55	79.12	21.1	19.68	0.98	0	124.08	111.08	112.65	18.31	18.31	16.33	11.54	15.38	14.64	114.38	18.65	112.21	19.48	16.22	15.46	56.42	18.64	52.33	95.56	16.83	-78.75	20.06	26.22	16.87	21.48	69.26	66.06	12.61	25.81	22.17	13.73	70.93	71.69	21.01	16.93	74.42	14.56	75.98	92.39	78.99	90.9	108.3	126.8	151.69	143.2	73.4	-0.66	101.05	-0.27	-71.31	-128.07	-42.6	77.51	18.56	19.1	17.28	-37.38	-294.35	112.72	116.12	39.59	102.09	111.84	117.83	123.03	28.67	98.35	117.55	117.8	25.74	24.41	21.56	14.5	13.8	22.79	30.38	15.3	17.09	17.03	16.46	-111.84
2025-01-27	-19.77	2.97	-1.08	-4.97	-11.91	-9	-8.32	-7.56	-3	-2.96	-11.9	-9.6	-2.21	-1.99	-1.96	-1.94	-5.1	-5.94	-0.15	-0.49	-3.22	-0.41	0.57	-0.17	-4.44	0	-48.43	-42.12	17.37	71.14	114.76	113.12	115.03	110.54	120.25	119.18	128.88	116.48	104.77	33.55	132.71	15.85	-83.41	-124.33	7.63	-1.81	-3.04	-1.93	0.01	9.71	10.99	10.6	0	0	-0.72	-1.02	-3.75	2.06	0.59	-0.29	0.03	-7.79	0	0	0	0	0.26	99.6	0.21	3.52	98.07	66.68	22.08	87.46	211.02	136.57	103.5	46.21	41.66	47.11	15.81	87.39	102.25	98.53	121.14	30.43	-51.8	-81.4	19.12	31.96	1.06	-1.26	0.06	7.49	0.1	-1.22
2025-01-28	-1.93	0	0	-0.67	-2.9	-1.97	0	-2.03	-1.49	-0.29	-3.21	-3	57.96	58.25	8.04	-7.56	0.18	0	0	0	-2.58	0	0.01	-0.14	-0.03	0	0.01	4.84	0.03	-0.16	85.69	76.81	73.77	67.65	10.48	1.52	51.72	24.43	0.01	-2.7	36.16	-24.49	-4.4	-3.4	-2.96	-6.81	-11.2	-13.94	-4.97	-3.37	-4.55	-6.15	-55.45	-18.39	-6.04	-9.59	-8.28	-8.56	-14.04	-14.37	-15.3	-14.35	-14.77	-9.46	-7.48	-8.36	-7.6	-3.1	-12.08	-6.13	-1.94	160.74	0.94	1.75	25.39	136.76	1.82	102.74	119.31	47.62	99.33	105.96	114.11	49.62	14.25	28.58	29.06	4.77	19.14	122.08	82.61	-10.42	-37.11	133.15	4.99	0.03
2025-01-29	150.67	9.39	9.34	-6.81	137.4	0.01	0	0.03	70.52	0.01	-0.77	-2.16	-1.57	-2.34	-0.69	0	0	0.02	0	-0.04	-0.39	-0.02	-0.28	98.99	-7.55	27.56	26.88	120.51	20.81	111.95	117.39	122.51	122.21	118.72	62.49	61.18	0	71.31	43.18	22.04	18.24	10.01	2.06	0.56	143.42	106.64	135	30.59	3.89	15.96	29.18	52.77	71.52	61.01	106.82	0.55	-175.63	-4	9.18	10.95	3.91	3.81	112.09	118.99	6.03	-104.35	25.35	36.67	0.19	0	43.3	119.65	9.8	20.44	47.3	115.57	79.45	79.51	111.09	117.66	66.2	80.66	91.91	111.05	138.19	127.31	119.52	105.04	123.86	32.28	42.18	12.96	131.22	36.03	109.6	13.9
2025-01-30	36.43	31.59	84.33	34.7	30.99	26.54	31.03	31.53	23.14	14.19	0.79	7	-2.13	31.13	26.1	5.41	0	0.02	0.02	-0.22	-2.09	-0.17	64.32	80.54	-7.81	1.05	95.21	-2.66	3.15	60.15	115.6	107.01	116.76	111.11	112.77	114.57	124.19	37.65	-12.91	-28.39	-0.71	-2.98	-4.58	-6.35	-27.63	-16.13	-26.22	-12.81	-9.67	-14.78	-16.87	-16.74	-11.58	-7.88	-7.89	-8.91	-9.93	-11.04	-9.87	-13.1	-13.5	-13.54	-13.4	-13.63	-10.55	-10.09	-13.05	-0.87	-11.52	-6.79	12.96	118.8	0.68	1.44	36.18	77.32	37.11	45.43	46.4	47.85	56.97	57.33	60.04	69.8	96.48	55.02	50.97	48.77	62.76	75.27	39.29	1.03	102.9	56.45	22.82	3.82
2025-01-31	33.05	132.85	115.62	33.2	131.67	52.15	110.65	43.73	117.5	43.78	32.09	47.04	21.59	112.27	44.72	51.62	25.25	41.92	119.99	48.39	73.46	105.91	109.58	45.02	13.47	64.46	111.27	50.55	25.03	60.4	64.56	116.55	70.23	64.55	55.22	55.99	70.28	38	5.07	-6.23	67.4	-10.45	-2.15	-6.59	-5.77	-0.95	-3.09	-3.08	-1.05	-0.17	-2.33	9.07	-2.01	-2.58	-2.45	-1.58	-0.48	-2.13	-0.92	-0.66	13.84	9.59	0.1	1.34	-15.69	-8.88	32.88	-5.38	-11.32	-4.93	53.96	100.36	0.01	54.13	59.22	88.91	60.58	78.72	93.13	94.65	75.68	79.26	79.31	75.15	99.9	57.1	56.23	55.32	94.28	56.36	52.96	33.34	108.46	101.61	57.88	57.13
2025-02-01	98.71	87.49	58.02	70.86	73.23	60.2	17.38	22.6	65.06	56.29	29.7	20.01	1.88	0	19.64	5.63	0.06	17.16	30.48	68.94	118.08	115.41	88.61	39.46	7.72	0.53	0	30	40.81	96.36	126.86	123.66	70.37	59.45	124.85	103.42	128.47	109.94	50.46	40.43	35.71	24.71	20	7.6	-1.65	113.53	-3.89	-2.29	106.15	-4.95	-40.56	-0.78	-1.64	-0.16	0	0	4.99	3.99	1.57	-1.94	-4.69	-9.34	1.91	7.59	-1.7	0.52	-1.9	-167.46	-2.14	18.12	48.37	71.92	42.49	95.9	88.94	91.95	98.16	107.87	110.11	126.04	80.36	77.68	111.64	119.69	110.56	98.2	103.71	100.49	125.86	115.46	97.66	98	127.11	122.63	101.22	98.11
2025-02-02	155.91	148.29	142.9	85.82	80.95	73.68	50.09	83.26	87.41	67.08	68.44	48.1	47.01	46.98	46.99	49.87	100.74	73.91	71.92	70.14	64.8	67.24	70.64	65.01	81.85	112.37	106.59	87.59	50.5	68.95	51.39	47.98	48	102.31	67.84	56.65	47.99	100.27	83.3	11.16	71.71	1.77	12.06	-8.33	56.69	66.94	75.72	69.62	15.7	29.7	3.5	38.5	27.48	47.51	26.7	51.46	45.82	12	9.75	2.23	0.6	37.72	57.54	44	12.38	2.92	67.83	147.83	0.01	74.12	92.03	135.67	53.36	80.19	111.53	117.06	94.73	99.54	118.11	126.35	94.92	108.68	114.11	113.88	115.17	104.37	86.09	41.5	83.29	68.17	49.02	26.32	50.05	72.24	38.09	12.14
2025-02-03	16.91	29.76	16.48	18.29	73.71	67.59	52.28	47.89	75.39	66.47	49.95	48.82	50.03	50.63	51.27	52.31	48.8	47.29	38.53	25.49	22.84	35.69	43.53	40.69	39.43	48	56.07	32.29	32.58	56.48	82.39	70.21	82.07	88.09	92.74	84.46	75.5	83.31	35.29	0.78	30.18	34.85	18.51	11.23	23.97	0.26	-2.72	11.86	20.98	25.46	35	45.06	36.98	37.56	37.82	43.15	26.08	4.01	18.51	34.49	13.8	13.41	18.65	12	-1.07	5.78	5.62	-62.59	5.72	8.18	25.18	34	45.44	85.01	154.35	177.15	99.3	110.81	145.36	107.07	144.72	126.08	123.02	128.72	119.41	143.23	116.73	106.05	106.47	106.02	98.34	96.15	62.25	91.64	82.37	75.95
2025-02-04	47.83	85.51	32.04	73.77	138.39	45	77.79	88.9	134.98	78.41	80.87	52.93	86.7	51.8	72.86	99.22	76.41	55.6	41.52	73.46	99.02	94.72	35.92	32.04	64.72	86.93	52.88	26.36	78.55	98.06	144.23	144.1	123.8	103.15	96.25	99.34	105.19	105.24	64.21	9.91	38.47	39.24	26.92	3.05	17.82	29.44	22.39	17.62	3.36	9.48	4	7.01	18.71	6	5.21	11.82	-110.51	5.76	-1.03	-1.55	6.41	4.81	-2.47	-1.12	-16.72	-3.69	0.14	33.62	-33.47	14.35	38.32	86.9	63.93	86.73	124.48	41.27	99.59	121.76	135.3	102.37	119.48	121.08	114.04	112.69	49.54	117.85	111.94	88	147	118.85	88.84	76.06	42.23	42.59	77.73	86.62
2025-02-05	53.41	54.1	80	72.4	136.61	108.07	99.77	66.16	0.08	117.15	103.18	100.56	112.95	79.07	81.76	66.17	43.94	118.84	86.15	72.98	105.97	109.77	86.62	85.88	67.14	118.25	129.49	84.69	76.75	155.73	163.08	76.88	26.66	165.74	119.45	109.29	36.27	73.38	63.29	11.3	-44.55	-39.35	21.82	9.76	3.04	-4.34	-4.84	-3.46	-2.36	-6.38	-6.48	-7.57	-2.57	-1.76	-1.62	-2.98	11.4	0.32	-1.75	7.04	-2.86	-2.81	-3.09	-3.61	-11.4	-4.78	-1.09	-10	-58.47	-9.39	44.56	123.9	44.45	116.12	190.57	191.33	124.56	159.97	40.22	103.51	110.52	119.86	118.89	119.41	104.96	117.77	117.28	70.8	48.4	86.58	60.74	41.34	36.85	34.42	63.52	32.62
2025-02-06	62.28	80.15	103.19	47.82	137.99	137.36	137.42	23.75	142.95	144.84	146.21	85.72	51.02	138.77	143.44	77.59	137.34	86	90.98	78.11	93.85	88.09	73.76	-13.09	72.35	88.99	90.36	116.26	90.51	102.7	157.6	176.17	138.74	118.99	133.2	90.39	96.51	117.96	56.5	17.09	44.17	84.59	18.04	2.11	53.38	87.27	53.01	-1.35	69.58	44.57	83.33	85.41	114.09	124.97	112.96	9.66	7.18	40.03	110.42	16.99	86.72	82.2	84.71	121.87	37.24	37.63	59.95	61.03	10.72	44.62	87.14	145	39.27	124.02	160.53	44.92	100.96	123.51	113.9	116.16	120.99	97.53	111.03	120.99	45.64	123.6	116.71	98.7	89.14	91.04	90.91	78.58	68	59.16	62.13	26.98
2025-02-07	46.39	91.18	61.31	60.78	133.57	66.36	64.91	62.96	46.15	133.09	125.37	87.56	55.32	20.46	39.63	65.89	47.43	65.44	66.37	80.66	55.54	68.14	131.83	138.16	49.93	76.34	61.11	-65.93	29.17	75.02	72.88	71.61	145.24	137.37	124.92	85.24	133.39	111.15	70.7	48.45	60.58	65.52	20.42	15.3	64.69	88.81	55.05	4.14	116.5	125.22	121.39	107.79	53.83	122.6	46.9	28.13	29.8	95	142.07	136.71	91.99	49.74	-32.52	-183.24	16.96	22.13	31.65	104.33	3.32	41.61	84.77	126.72	31.33	60.88	87.43	98.83	76.81	120.06	101.72	111.45	112.09	100.92	16.06	83.32	71.05	56.98	84.69	66.35	36.99	109.72	47.56	17.5	116.22	119.14	35.3	8.35
2025-02-08	73.74	91.17	47.03	47.09	68.59	58.59	81.35	49.58	35.89	59.92	43.3	55.66	56.95	47.64	75.15	75.78	40.51	128.95	61.37	68.29	136.04	75.76	69.67	61.7	36.47	30.95	60.13	41.05	47	72.8	125.37	128.66	95.62	105.38	105.09	43.69	97.77	53.74	16.51	-2.56	31.38	-17.81	-108.2	-3.5	62.58	10.77	5.88	-4.9	2.68	-2.45	-3	-2.2	-1.94	1.67	-3	-0.59	7.8	1.4	-0.67	-9.5	1.67	-1.39	2.77	0.44	-2.42	2.39	1.63	0.23	-19.81	2.81	63.04	47.77	-1.07	73.08	116.54	118.05	61.4	83.23	113.05	109.83	85.56	98.92	99.76	102.66	111.98	97.56	97.64	90.05	115.79	118.54	92.86	60.38	91.36	113.82	95.21	73.51
2025-02-09	120.75	105.67	54.27	41.67	86.75	77.59	83.87	63.58	130.62	74.82	98.68	87.94	127.68	75.97	61.45	82.7	76.54	69.28	65.96	80.46	71.35	74.9	75.94	64.88	66.48	85.3	59.15	72.86	40.85	74.44	84.37	98.41	84.63	100.55	74.72	30.66	106.13	0.18	1.8	1.35	49.44	63.4	15.63	9.19	43.84	49.05	21.52	6.47	-15.32	7.48	-1.14	-1.83	15.11	14.56	15.7	48.96	58.7	60.05	41.06	40.18	20.08	13.58	11.66	1.46	-8.37	5.54	7.13	-0.93	-8.41	20.16	103.45	122.45	25.21	103.47	152.34	78.48	92.49	104.13	124.57	135.01	96.4	119.59	122.1	131.24	130.49	128.47	107.51	101.45	115.63	105.56	104.08	64.2	71.49	122.24	123.46	58.56
2025-02-10	82.81	101.25	96.1	80.54	143.06	90.43	82.49	93.27	83.53	95.84	71.3	105.45	68.57	127.13	62.5	130.82	60.66	64.34	55	104.11	79.75	103.84	61.04	79.85	51.3	111.57	100.05	111	84.03	97.72	126.71	134.88	115.96	115.54	115.52	98.47	103.58	128.89	81.49	61.45	114.01	98.25	38.3	25.52	-147.8	20.79	93.39	66.63	120.96	90.64	72.22	89.76	52.88	102	102	90	102.4	129.95	169.48	119.95	159.28	150.35	169.44	197.39	68.41	88.32	96.7	141.63	43.89	118.66	92.12	107.23	83.79	122.91	147.27	153.4	109.94	125.63	135.35	123.99	124.38	127.38	126.81	119.96	127.3	125.71	104.3	77.47	100.81	53.28	6.71	25.86	124.85	108.9	57.13	40.53
2025-02-11	119.93	99.8	102.88	66.97	136.25	125.94	89.21	51.95	75.42	109.93	108.44	110.87	137.28	54.64	71.44	88.26	52.2	133.76	133.14	77.18	69.48	66.09	126.66	81.06	8.12	27.53	104.15	99.56	48.44	103.32	125.15	93.15	122.29	126.62	121.88	108.32	90.76	68.36	35.64	14.85	33.13	42.52	16.85	-6.47	10.04	8.27	3.84	1.86	17.11	40.35	15.64	15.72	66.62	45.62	67.93	73.11	76.32	105	105	94.31	14.32	0.23	45.68	43.94	27.54	60.01	113.66	118.03	47.32	101.79	131.41	132.59	97.34	102.1	160.02	126.26	102.18	117.3	118.49	100.53	122.38	125.02	134.51	131.51	113.23	125.19	122.29	102.11	115.09	115.67	113.99	98.49	167.25	134.64	99.58	92.91
2025-02-12	88.04	137.57	115.92	54.17	77.97	96.68	66.62	74.53	24.02	130.74	127.05	102.77	135.49	130.16	134.51	62.81	74.65	140.86	77.72	78.36	60.53	70.79	140.67	137.9	25.95	66.86	37.29	69.19	77.12	108.41	115.78	109.06	119.26	120.92	113.89	102.34	101.77	113.64	81.62	20.97	138.74	25.83	6.13	-10.81	28.99	0.2	0.69	2.69	0	70	70.01	70.01	125.39	121.77	72.59	73.04	165.31	47.3	35.57	62.64	38.68	61.04	42.13	4.09	5.31	-5.01	-2.8	0	-0.69	-0.75	55.05	81.51	-21.9	-1.9	27.93	83.46	89.54	97.06	101.8	104.76	102.67	111.03	111.02	111.33	142.6	124.52	102.97	100.83	113.96	73	65.48	53.9	91.82	55.72	15.21	8.21
2025-02-13	63.96	76.42	50.4	28.08	47	78.04	50.05	48.85	120.53	81.73	133.76	49.7	91.08	81.4	101.26	94.63	65.22	105.77	89.15	94.38	35.42	38.01	47.9	52.83	3.16	46.95	113.05	94.27	66.93	100.05	118.1	95.23	113.44	105.95	109.72	62.34	65.32	21.69	-9.37	-18.74	21.58	32.54	-1.12	-1.46	31.16	60.75	0.2	0.75	40.09	6.22	0.1	0.11	0	0	0.04	0.68	69.39	69.77	71.02	-31.49	35.17	25.04	6.97	62.38	-0.15	-0.12	38.86	39.92	-9.71	14.69	46.56	86.64	33.81	72.64	131.56	181.01	110.86	126.43	131.29	138.4	123.49	125.25	104.05	97.11	141.57	127.99	109.58	60.06	134.28	94.82	78.35	50.53	102.76	85.26	55.13	49.46
2025-02-14	60.92	67.21	60.67	51.27	79.05	68.8	60.27	59.44	106.06	90.11	91.62	57.78	127.13	117.73	119.42	115.26	123.72	61.39	71.49	44.87	56.54	56.48	36.46	37.04	42.65	51.08	76.02	76.47	71.77	112.09	99.84	98.56	102.64	93.75	130.75	63.02	43.92	72.33	26.1	10.11	38.71	17.24	15.33	1.35	32.81	14.76	-17.66	7.89	-1.57	-2.6	2.1	5.49	2.07	-0.05	0.89	0.86	-0.31	-0.24	-1.99	-2.03	-1.92	-2.19	-2.38	-0.22	-8.24	-1.74	-2.75	0.27	-18.48	-16.09	25.52	116.95	37.25	66.79	118.93	121.18	72.33	95.76	104.66	103.12	104.42	104.96	106.36	88.57	89.07	82.18	76.86	52.77	126.07	92.56	57.65	50.79	109.34	118.45	60.69	57.75
2025-02-15	112.1	99.38	57.54	40.18	57.22	56.94	79.89	58.44	62.44	82.72	58.22	56.99	113.17	79.15	79.87	77.74	113.44	85.3	63.66	105.56	23.04	46.41	46.14	65.29	81.62	67.14	65.66	48.97	77.94	91.63	79.38	119.71	117.9	117.98	41.68	-20.28	36.82	34.76	30.5	5.94	69.85	69.69	43.57	26.96	69.84	83.09	64.88	54.74	38.48	44.49	14.64	12.64	29.04	18.42	3.01	0.04	40.07	90.52	103.79	102.53	63.46	15.19	74.7	92.94	20.09	15	199.84	121.86	-1.33	30.62	29.6	122.87	0.16	52.28	53.47	119.69	57.21	99.73	76.78	60.59	98.57	73.09	70.74	74.83	111.14	108.43	86.73	63.08	78.72	77.04	56.99	53.93	55.97	55.91	49.05	42.44
2025-02-16	66.48	56.43	36.48	32.98	52.26	42.75	43.45	36.08	37.65	51.74	40.18	42.2	69.76	53.87	37.95	44.95	51.64	52.95	75.13	59.86	51.72	53.45	56.97	107	33.87	75.68	76.81	76.74	62.1	52.57	62.04	78.34	52.8	72.35	66.31	38.25	129.81	64.28	26.71	13.33	141.99	35.14	35.3	34.66	108.48	27.48	43.06	50.37	17.6	44.94	38.49	42.11	33.53	35.57	32.36	23.24	17.27	-0.41	-2.48	-2.11	4.44	2.7	-2.48	3.33	-2.41	14	48.65	43.93	-23.89	12.61	25.65	74.38	11.53	41.32	87.43	122.68	59.38	84.48	114.47	133.18	66.45	94.11	106.63	123.05	113.18	107.22	90.66	61.41	127.76	100.43	59.19	57.05	118.81	63.92	62.9	61.2
2025-02-17	79.77	77.62	71.09	54.03	133.68	117.92	77.95	57.99	75.26	79.17	72.8	58.47	73.05	57.11	55.56	54.66	48.17	49.69	47.05	55.7	55.56	79.93	87.57	-4.24	17.01	59.58	70.67	58.9	54.34	80.96	101.31	132.19	65.51	102.78	85.2	45.98	58.25	36.66	16.25	13.93	115.5	70.18	15.97	-3.2	85.47	61.38	6.2	-3.86	82.23	49.67	62.49	18.75	15.84	16.79	5.16	2.09	-2.23	-4.32	16.88	23.05	2.61	4.93	1.54	28.16	-10.14	-3.34	0.59	40.15	11.31	24.72	54.48	124.4	58.77	74.41	89.81	180.59	108.02	117.92	177.89	155.18	122.55	120.44	120.23	114.43	126.28	129.19	96.4	63.52	130.3	117.72	62.03	30.53	123.79	82.25	57.39	29.83
2025-02-18	45.47	71.52	69.18	79.61	62.34	64.19	53.11	29.14	43.96	74.88	85.82	55.41	36.42	37.23	52.25	30.88	32.63	36.78	61.3	54.41	29.99	109.58	11.93	-188.45	6.73	30.06	111.12	30.67	13.9	33.41	66.44	53.64	62.7	68.46	65.69	29.07	54.82	58.33	3.28	3.35	22.87	114.24	10.67	4.52	19.59	89.29	107.84	99.68	111.56	112.69	125.59	120.65	125.63	124	122.94	121.76	1.87	122.69	103.87	111.36	11.07	118.06	14.29	14.47	2.73	121.9	132.41	50.83	-0.01	14.54	103.77	109.9	27.96	93.27	117.34	122.49	62.57	96.47	142.16	120.74	78.67	99.6	107.39	108.2	122.33	113.36	85.12	42.99	86.12	108.23	69.37	29.9	121.47	105.83	58.9	34.92
2025-02-19	45.55	56.38	48.06	12.17	63.14	71.56	30.95	2.62	76.26	56.92	46.72	51.73	43.58	30.7	48.85	48.82	45.93	94.47	110.82	102.99	36.24	73.07	69.62	64.29	28.76	68.93	66.84	102.75	24.56	104.81	118.12	125.24	123.9	129.41	110.49	59.69	72.94	66.61	41.52	9.24	46.53	19.02	-55.54	-2.74	72.41	52.56	40.5	27.21	37.95	26.4	28.87	24.65	12.64	36.6	89.95	45.98	42.33	30.07	31.33	29.84	24.96	36.36	35.08	14.71	3.72	8.37	58.27	10.62	4.5	10.55	84.53	102.36	15.53	71.69	118.51	101.78	99.21	134.69	165.15	163.64	126.98	118.78	120.5	122.02	131.51	151.9	132.59	43.94	72.23	100.62	57.5	25.2	116.03	110.5	29.45	1.6
2025-02-20	81.8	66.21	49.17	26.36	71.98	72.79	47.5	31.84	105.74	70.38	70.26	43.6	56.81	45.33	31.99	32.58	116.08	60.46	46.96	112.16	34.25	43.39	50.57	55.14	3.06	41.75	39.83	63.11	2.74	55.29	116.62	110.78	81.07	59.74	55.33	7.22	51.03	57.61	-0.35	-7.75	26.38	17.29	0.12	-1.18	154.27	83.49	0.16	0.31	-0.41	0.02	0.01	0.16	-0.97	0.06	6.38	1.39	0.57	0.03	0.06	-1.35	-2.02	-3.75	0.41	-1.3	-6.61	-7.71	2.26	5.71	-12.87	-4.95	3.92	25	-17.77	0	35.1	115.57	58.71	63.65	99.3	57.88	68.25	44.1	51.56	67.44	64.62	62.42	30	32.4	46.67	59.64	31.17	16.01	122.61	62.43	36.27	-38.44
2025-02-21	25.59	68.24	71.67	26.16	113.69	64.63	15.94	13.59	63.6	60.95	3.97	0.28	141.75	102	90.56	4.24	22.71	26.3	89.61	74.93	1.04	0.26	88.2	39.01	0.44	3.07	31.64	13.75	2.02	21.14	60.58	25.55	69.4	55.01	21.9	7.81	88.19	37.94	0.16	-10.64	114.91	97.28	42.46	26.2	129.53	1	-14.72	2.22	-4.96	-0.01	0	-3.09	-2.18	-0.38	-0.06	-0.1	-3.46	3.16	28.4	-0.03	59.96	-0.84	107.12	123.71	123.15	-8.29	-3.95	144.44	7.01	5.19	26.54	-1.53	-43.26	2.16	33.74	51.12	31.92	19.63	26.12	28.48	2.25	2.75	7.89	2.6	26.47	11.48	6.95	-1.31	25.22	11.37	9.11	0.69	42.92	25.75	15.17	4.06
2025-02-22	5.87	0.02	4.89	2.46	179.52	173.08	109.73	100.73	157.17	37.23	35.82	99.09	34.13	90.89	95.57	29.02	44.89	22.79	19.27	83.27	40.97	80.89	44.51	41.49	6.07	107.87	99.08	96.82	6.96	84.22	48.48	45.87	113.3	79.43	106.29	135.88	114.77	112.55	103.54	37.88	105.36	98.31	98.73	98.11	117.42	125.14	102.81	35.65	27.66	103.66	99.07	100.27	99.99	101.3	100.25	103.1	111.89	119.29	20.35	22.37	23.09	19.83	24.54	3.14	9.13	30.82	1.22	0.28	-0.84	7.64	41.9	72.39	2.17	13.28	41.92	132.2	83.1	124.03	127.6	126.74	117.62	77.11	84.41	75.45	120.25	54.26	64.38	108.65	119.95	56.29	93.4	62.97	146.51	64.42	13.51	32.06
2025-02-23	48.29	56.33	43.64	0.2	92.91	78.68	53.66	52.95	54.44	59.7	64.85	19.57	50.99	56.43	20.3	16.37	37.55	2.24	0.2	0.21	1.66	69.75	91.85	109.06	1.9	87.9	47.98	112.73	52.43	70.92	63.67	58.85	115.34	63.93	0.81	-1.93	107.88	1.95	0.58	-5.09	-0.35	-1.65	-7.44	-12.53	-6.66	-8.92	-9.37	-11.75	-12.07	-12.31	-12.41	-12.24	-14.86	-15.17	-15.63	-16.96	-11.45	-12.34	-11.65	-12.8	-11.36	-17.81	-21.81	-26.35	-24.83	-22.64	-17.58	-10.6	-34.94	-14.62	-2.2	9.2	-4.42	56.84	109.43	9.81	3.72	2.45	33.67	60.21	63.75	72.61	95.16	120.02	106.72	105.54	68.81	40.21	111.03	99.97	40.72	12.76	39.77	56.16	49.32	6.62
2025-02-24	-66.28	-10.93	58.15	69.93	46.84	41.84	10.92	34.67	25.52	106.62	46.93	131.18	-51.24	41.91	44.95	13.06	37.44	39.15	37.68	38.14	2.58	12.77	40.24	45.33	3.75	43.01	110.96	118.77	3.53	65.36	110.29	65.1	51.39	46.77	-4.29	-17.63	71.01	41.7	31.57	0.23	110.55	85.24	32.62	4.51	32.72	48.29	48.12	25.87	7.82	31.32	0.64	0.01	40.57	53.34	38.64	7.83	12.04	11.52	18.33	7.86	15.32	16.69	8.88	4.06	-94.84	-3.4	-3.98	-2.01	-5.26	-0.25	40	176.18	-1.43	24.32	106.94	178.5	41.43	77.51	93.7	98.65	87.44	87.17	82.82	75.37	113.49	52.82	74.62	8.59	16.59	46.44	29	11.25	38.53	57.91	19.88	9.2
2025-02-25	115.29	46.62	35.56	12.27	68.75	91.07	8.6	3.51	44.6	30.83	0.19	0.06	50.18	80.97	1.52	110.69	42.58	50.6	16.96	27.18	6.3	0.23	26.66	47.59	4.08	7.29	79.94	66.19	11.56	66.08	92.86	87.61	92.55	75.64	61.19	43.12	96.5	70.07	70.67	43.92	108.94	77.42	46.88	37.43	44.12	48.55	24.84	0.52	64.38	53.81	50.11	40.82	36.48	39.23	44.88	44.15	64.3	72.84	42	73.62	37.86	80.99	65	53.56	39.45	44.9	98.95	36.98	-20.62	8.47	7.78	50	1.78	67.4	81.66	129.86	58.32	103.27	99.47	88.41	85.95	112.15	112.25	105.63	93.4	94.22	101.19	49.11	45.8	70.13	94.06	52.69	119.07	85.73	99.29	78.52
2025-02-26	38.36	79.99	60.35	77.78	118.04	66.98	36.38	53.11	92.78	112.51	60.18	60.15	57.05	61.81	55.89	36.58	68.19	59.62	54.56	65.09	48.9	57.88	71.35	110.03	12.26	59.41	77.83	66.11	5.67	41.03	101.29	113.9	133.67	110.75	49.37	-11.32	47.62	43.19	3.83	-10.22	11.52	13.62	0.67	0.18	-32.49	1.89	0.25	-0.37	-2.63	-0.46	-0.4	-3.55	-4.11	-2.89	-2.36	-4.48	-3.19	-3.63	-3.06	-2.23	-2.54	0.37	-1.22	1.5	-2.15	0.36	9.57	-2	-22.01	-9.49	-0.17	112.56	-4.84	27.07	119.58	78.74	59.07	80.26	108.93	123.1	84.04	111.31	117.14	120.72	99.61	112.18	82.21	68.85	120.85	95.8	50.96	25.58	60.53	91.97	58.99	57.93
2025-02-27	79.88	68.4	60.73	54.12	69.18	67.2	75.84	71.23	79.06	81.49	65.71	104.49	68.49	82.8	63.9	67.65	83.44	79.99	44.93	70.86	84.41	55.58	78.16	67.68	49.9	94.75	82.71	120.39	59.76	101.14	84.16	111.22	142.32	129.65	119.73	59.4	36.91	104.02	74.55	50.03	106.32	57.66	22.37	-0.27	48.73	59.36	5.47	-0.27	38.41	48.11	27.86	-14.55	56.18	60.04	50.65	44.68	52.41	25.98	26.82	71.92	77.02	80.44	87.47	77.98	10.42	60.81	112.61	117.02	-2.86	70.58	113.38	119.11	56.54	106.36	118.93	122.26	94.64	109.45	119.09	102.56	8.53	122.22	130.03	207.36	119.86	104.17	93.91	87.9	124.49	106.99	86.63	84.72	112.52	90.17	87.64	56.33
2025-02-28	87.59	114.33	93.18	86.86	121.81	89.92	80.37	79.88	59.6	84.2	80.62	50.02	117.77	88.74	81.24	82.9	82.51	86.55	85.72	80.11	82.77	110.48	87.77	55.34	61.74	88.9	87.94	-281.33	55.73	80.84	65.77	82.25	111.72	111.8	91.67	63.79	70.75	76.11	70.73	28.87	91.62	86.15	74.43	25.03	55.14	48.53	13.73	8.96	74.31	69.56	65.95	59.75	72.79	72.93	74.78	78.55	74.21	90.9	78.41	94.53	71.34	77.47	99.95	85.64	73.35	97.88	82.62	84.52	34.86	75.13	96.88	100.16	44.37	73.74	101.85	91.05	82.45	90.92	99.6	104.42	90.95	91.57	91.43	91.27	96.49	95.98	77.4	49.95	65.39	88.69	70.22	56.64	59.11	59.73	65.46	36.76
2025-03-01	43.67	103.15	45.71	38.46	37.74	45	47.99	37.82	81.63	44.21	38.44	16.57	78.77	64.23	41.26	62.53	74.09	64.74	73.47	44.92	78.54	64.29	40.52	48.18	45.16	50.89	39.3	36.46	50.42	76.92	77.31	20.36	20.71	47.96	50.2	0.6	51.02	75.22	0.34	1.72	77.15	66.9	29.51	24.1	22.04	12.41	15.97	14.31	0.85	-1.32	6.84	11.71	3.2	10	0.05	19.89	85.34	32.66	31.33	0	17.35	31.14	79.6	112.71	193.2	152.55	134.64	187.45	97.85	104.75	138.44	138.59	-0.15	5.32	66.52	45.76	39.9	50.47	92.38	39.07	50.83	44.87	39.47	38.06	51.03	51.21	51.26	45	49.43	59.33	8.9	9.61	24.63	107.57	91.39	43.61
2025-03-02	-26.28	-8.9	1.39	-8.62	1.78	2.7	1.25	-5.69	0	0	0	0	88.67	31.15	6.67	-1.99	14.29	0.11	35.05	42.99	-5.33	0.73	33.23	43.77	4.18	37.15	52.13	61.74	10.87	42.5	34.92	38.42	38.98	30.04	3.69	3.65	40.81	75.27	51.3	7.19	98.88	97.77	98.47	100.59	123.88	106.54	101.96	101.86	73.23	68.59	72.98	73.22	91.07	102.04	18.43	131	119.23	123.45	16.68	17.47	110.88	32.96	127.58	124.56	133.1	106.69	121.27	132.85	-0.23	126.43	139.52	146.57	45.73	45.17	53.26	115.76	48.04	44.42	40.85	49	47.62	51.78	48.63	49.05	48.15	53.48	51.4	41.81	44.59	13.83	24.1	0.18	44.99	44.4	36.3	13.03
2025-03-03	47.9	56.01	78.63	-3.95	72.99	72.31	58.69	57.15	83.77	107.37	68.44	2.48	36.59	60.01	60.01	92.69	34.53	71.41	69.34	60.59	7.83	76.92	42.82	39.03	6.92	49.79	22.19	-58.73	-14.12	24.86	22.86	2.04	63.22	50.13	65.56	43.54	81.75	70.49	58.6	54.79	70.07	55.18	55.61	49.53	40.93	66.34	64.1	57.66	43.54	49.14	57.51	55	97.21	101.5	106.83	50.86	44.78	107.43	44.53	44.73	60.49	110.19	108.54	127.63	137.13	60.81	50	63.9	98.22	111.45	118.34	95.25	73.91	72.89	121.92	72.12	100.51	134.33	80.93	79.73	73.45	88.32	104.23	99.99	68.34	86.85	69.64	51.15	72.04	56.02	60.3	51.33	153.46	69.08	61.76	55.31
2025-03-04	52.69	122.76	77.03	72.14	135.59	131.79	112.31	44.88	56.28	82.09	64.71	63.88	63.68	64.2	64.2	64.2	63.63	65.15	63.25	63.19	18.65	64.23	60.46	59.08	2.76	11.84	93.71	69.09	19.71	59.64	67.07	92.6	34.13	33.1	20.29	9.55	44.32	57.62	19.67	-2.72	7.47	47.77	111.5	112.16	119.57	109.8	31.19	45.83	37.19	104.99	105.29	104.38	57.93	99.34	98.4	107.54	108.93	117.15	133.05	122.64	138.02	132.1	131.06	130.1	185.05	229.78	220.77	220.73	-0.5	9.1	54.39	42.55	66.69	73.96	72.59	73.49	76.84	75.23	94.67	94.89	83.84	85.78	88.94	84.9	68.98	66.04	71.15	59.87	122.24	69.09	69.55	65.09	66	42.4	40.66	17.09
2025-03-05	46.66	63.19	59.95	46.23	101.89	60.82	30.53	20.96	51.31	54.21	45	35.22	55.12	55.51	54.96	60.75	66.85	66.86	94.4	96.17	11.67	54.6	43.07	48.85	9.12	48.97	62.17	52.26	39.11	57.81	71.16	84.62	81.2	82.16	63.1	40.43	55	72.46	56.92	17.06	0	70.2	47	26.68	191.64	172.65	124.24	42.01	109.81	20.71	98.47	110.98	144.67	110.88	109.7	129.33	12.38	16.46	105.06	103.64	106.39	108.58	15.15	2.94	28.93	103.3	104.9	106.26	88.98	92.54	100.4	103.64	77.06	34.07	106.03	62.68	72.02	86.18	72.29	59.77	63.93	64.09	86.83	79.32	69.19	62.93	47.34	46.1	32.75	59.45	50.13	35.95	45.8	48.26	41.18	17.05
2025-03-06	33.72	39.62	40.42	36	37.42	41.4	35.68	35.45	34.57	59.66	55.82	55.52	54.99	40.4	56.36	52.71	34.09	34.52	34.51	39.46	14.56	35.75	54.64	39.45	12.25	39.39	54.55	47.4	-7.3	20.08	56.02	49.35	63.83	62.41	33.86	12.11	50.11	46.11	27.5	14.57	38.21	26.68	24.32	10.07	-65.37	-9.27	-122.31	-105.74	8.49	-2.51	13.63	2.21	168.59	146.09	32.38	7.92	10.82	31.98	0.34	36.07	35.18	89.97	34.5	29	69.73	107.14	98	47.52	-0.86	8.96	31.98	30.3	-71.4	25.22	46.46	44.57	40.97	46.01	44.1	45.29	30.19	85.55	86.36	74.05	101.75	47.1	29.28	28.87	50.36	92.18	80.96	31.1	50.83	83.8	37.59	-38.82
2025-03-07	-3.66	6.22	9.76	9.07	11.78	0.08	0.2	0.97	39.4	0.5	7.23	3.81	12.42	8.93	0.77	0.29	11.15	10.34	0.9	0.22	4.55	4.85	108.97	74.15	3.91	6.08	26.3	23.18	5.4	15.09	70.62	44.66	44.12	12.06	16.44	13.75	120.71	38.3	19.54	11.14	74.02	80.2	70.9	60.88	11	13.84	70.87	70.6	79	94.42	80.19	76.39	53.98	-3.13	-10.81	-171.99	-209.61	-0.04	9.56	46.24	48.25	48.69	52.52	50.67	38.18	54.33	69.91	8.66	29.64	10.28	12.3	81.15	2.75	2.91	14.27	90.25	15.39	12.3	24.54	25.13	25.61	30.89	22.11	20.56	-140.4	12.14	12.41	7.53	78.48	22.78	12.6	12	73.27	51.9	50.1	3.1
2025-03-08	12.23	27.58	18.09	4.38	9.72	5.46	1.6	-0.62	4.75	0.27	0.9	-0.73	0	0.04	-2.99	-2.79	-2.26	-2.68	-2.85	-1.32	0	-1.28	-1.79	-2.28	-2.55	-1.92	-0.28	-4.46	-11.82	-1	-8.51	-115.53	-3.4	-8.78	-0.66	-0.01	0	0	-3	52.5	0	63.88	4.19	-1.45	-3.65	-23.42	-24.8	-8.27	-8.25	-0.37	-1	-2.88	-4.1	-19.66	-11.27	-2.22	-0.02	0	-2.6	-0.03	-0.03	-0.98	-11.43	-30.5	-24.31	-18.44	-4.98	-3.1	-2.21	-0.35	-0.78	-4.73	-56.53	1.75	-4.98	9.08	-59.71	3.91	0.02	0	1.58	18.7	18.82	18.89	19.42	19.57	41.67	18.02	16.79	17.07	17.1	17.1	109.73	20.03	20.33	18.86
2025-03-09	97.92	88.23	90.56	48.27	84.68	80.4	19.91	5.17	26.37	18.67	34.78	22.46	69.45	73.56	85.72	81.84	81.89	84.53	88.86	86.31	11.71	76.98	90.74	97.13	86.35	17.84	16.44	14.45	17.09	22.56	12.39	32.72	35.01	27.29	80.32	34.99	30	21.93	10.38	0.22	8.94	9.64	0.01	0.01	9.07	0	68.03	78.61	12.84	-8.88	-13.77	-2.14	-2.2	0	0.65	-1.83	-2	-0.11	-0.03	-2.23	0.03	0.04	0	17.4	-1	-1.29	163.21	130.54	27.01	10.21	2.61	96.43	6.51	73.13	80.09	60.47	26.01	95.19	118.08	93.45	93.23	93.62	94.06	94.09	110.45	20.9	95.76	45.93	124.74	62.06	77.49	53.79	40.39	21.81	32.72	11.97
2025-03-10	20.33	92.56	31.72	28.12	52.34	57.51	61.63	5.12	48.45	86.25	30.68	65.67	97.65	101.65	98.43	101.16	99.62	102.15	103.07	104.07	102.05	104.88	105.99	106.06	4.92	60.37	101.77	109.98	49.03	60.65	97.44	103.01	72.71	69.44	87.13	69.49	41.39	51.96	2.69	-4.16	-125.35	-82.45	-7.47	-1.23	41.54	22.88	9.65	0.27	3.32	29.07	1.24	1.11	41.26	33.83	22.42	59.53	70.03	60.29	33.86	59.69	57.66	55.28	59.97	3.99	26.9	58.84	84.78	87.81	15.49	57.91	74.7	65.31	19.28	42.66	76.35	99.05	40.58	65.13	98.92	113.13	94.75	92.78	67.44	67.64	79.21	72.4	34.78	6.34	3.03	55.03	18.22	10.72	79.24	54.59	28.1	21.61
2025-03-11	60.9	63.83	37.22	28.46	24.94	51.13	46.38	33.75	60.61	69.2	65.4	48.62	57.5	61.75	59.8	68.29	68.05	67.76	74.75	90.29	39.85	61	72.96	50.47	16.98	39.81	64.38	98.39	17	54.03	55.09	55.67	44.12	52.48	59.29	37.42	102.63	100.61	44.96	24.4	22.27	61.45	37.7	12.32	50.57	68.15	35.15	10.58	-40.05	4.7	46.47	66.33	58.49	63.87	40.68	25.46	91.01	62.05	6.01	-51.64	2.38	0.02	8.77	175.86	27.53	101.18	11.8	-135.24	-30.63	-24.24	-23.87	0.12	-1.84	13.63	77.28	47.93	30.41	100.74	122.32	80.69	97.48	99.45	95.47	98.41	98.36	99.18	106.2	44.15	76.22	48.15	94.94	48.98	80.3	68.8	93.57	64.75
2025-03-12	54.67	107.57	116.22	150.62	155.91	105.88	105.54	33.97	156.68	40.64	42.34	34.48	0.97	71.56	132.62	36.08	35.29	74.97	51.7	110.52	42.73	171.17	172.73	42.9	48.62	107.46	108.52	103.87	91.25	52.55	104.77	72.59	101.82	92.98	88.23	66.63	39.05	43.01	37	18.85	67.59	75.85	45.18	35.37	59.51	71.85	43.94	42.95	35.86	51.84	33.59	28.36	56.39	58.43	47.83	49.42	14.18	22.06	19.2	55.27	0.2	130.02	103.83	124.8	28.46	94.47	128.41	111.36	14	48.78	45.18	26.36	30.48	46.71	68.33	50.32	99.14	107.56	106.88	98.27	107.16	106.03	109.28	110.92	98.73	106.09	82.62	56.84	105.47	91.75	67.32	45.67	72.18	100.16	47.04	46.28
2025-03-13	114.66	115.81	92.82	83.42	157.49	107.81	74.03	94.74	107.76	107.68	73.1	69.26	107.95	69.68	70.3	48.49	62.75	33.13	54.16	76.42	38.17	59.83	74.82	-86.59	18.53	38.23	85.47	38.47	68.35	96.84	98.96	79.6	67.7	84.2	86.44	85.37	68.02	68.02	73.26	77.19	112.36	90.5	72.57	53.1	86.3	25.48	53.21	13.34	31.06	44.53	60.79	67.69	102.83	100.25	69.57	66.14	61.62	74.53	75.28	30.46	53.13	67.77	93.27	23.26	40.66	39.29	53.26	43.83	13.06	2.27	43.94	102.55	0.61	0	0	107.12	64.12	69.02	81.13	70.75	120.22	62.36	145.66	107.18	36.34	74.68	55.48	0.77	59.44	5.29	12.38	-1.12	98.6	52.54	3.03	1.71
2025-03-14	-66.78	86.28	104.61	108.36	126.27	109.7	92.93	54.29	104.8	91.16	59.44	67.05	98.31	65.42	63.59	48.91	100.31	99.99	95.49	96.05	6.41	26.5	109.98	125.2	-9.96	-3	123.39	101.87	1.35	22.13	89.9	104.52	95.86	121.62	138.7	0.11	98.6	45.78	49.86	3.63	18.15	15.05	15.55	14.57	94.85	-47.94	-48.99	-2.67	1.65	-5.87	-2.92	-2.99	0.31	-2.73	-2.47	-2.62	-3.01	-3	-3	-3	-3	0	-3.98	-13.23	-1.2	-1.9	0.01	-4.03	-7.27	-11.6	-9.7	-3	-6.07	-2.89	55.39	61.64	4.74	18.61	118.77	52.6	81.73	68.16	60.06	80.67	111.34	48.42	60.56	41.59	104.15	44.25	59.33	40.77	107.32	91.01	42.57	9.59
2025-03-15	97.15	101.2	57.51	54.54	28.77	102.48	94.04	94.9	101.54	101.5	67.66	45.98	95.77	94.74	29.66	77.18	91.58	89.63	97.88	78.38	82.46	84.79	97.66	98.85	85.05	86.16	2.24	101	35.29	103.6	69.86	23.88	88.66	9.59	-44.49	-13.98	-11.62	-16.05	-19.63	-28.85	-31.47	-12.79	-19.94	-21.96	-15.8	-17.73	-18.14	-20.19	-18.93	-18.98	-18.99	-20.56	-21.21	-22.13	-19.66	-22.94	-15.84	-19.5	-20	-22.5	-8.64	-11.7	-16.48	82.49	8.71	61.3	97.87	-42.71	-7.99	-6.76	16.32	0.02	-20.86	-0.41	0	108.43	4.64	22.15	116.25	120.03	22.51	58.28	73.94	81.45	68.41	65.25	76.64	70.54	100.15	58.58	83.53	27.18	106.31	58.53	67.52	58.77
2025-03-16	121.04	58.58	42.6	2.33	60.48	54.24	34.49	9.25	47.22	48.1	3.13	54.12	63.64	22.68	30.98	10.07	24.08	22.91	30.37	48.7	88.25	91.1	63.99	55.22	47.3	44.8	40.09	49.99	90.95	43.61	12.56	37.02	35.08	50.79	57.59	17.61	72.41	90.97	17.44	28.32	23.76	73.88	39.12	1.47	-28.73	54.13	1.78	7.83	0.01	0	0	-0.13	-1.34	-0.74	-0.98	-0.24	-0.03	-0.52	-0.87	-28.02	-3.95	-0.94	-1.92	-1.29	-7.95	0.04	-1.16	12.46	-101.53	-4.48	0	22.62	-4.4	0.35	63.54	109.06	22.55	71.09	75	108.36	36.6	96.17	117	92	139.37	112.03	20.5	90.82	54.16	119.85	113.77	67.33	121.27	109.3	108.69	83.33
2025-03-17	56.77	37.24	72.6	23.81	50.15	40.41	61.79	10.17	82.5	50.08	64.5	45.79	93.96	91.73	65.48	60.11	46.72	49.31	55.77	56.91	34.31	34.58	17.24	-237.56	5.65	6.09	46.13	27.08	1.7	31	42.8	44.89	91.18	93.02	50.3	37.88	30.96	46.17	38.07	9.62	40.59	38.19	32.01	1.14	5.76	-50.66	-162.74	-44.46	-7.42	1.36	-0.08	1.92	0.18	-2.96	72.54	88.62	4.86	6.75	83.41	88.53	39.96	87.78	2.62	-0.91	5.82	4.76	23.62	21.08	14.89	20.68	31.12	50.01	62.09	84.99	89.15	55	46.14	90.97	130.9	86.63	94.91	75.5	70.25	63.98	70.29	67.19	81.81	47	71.22	53.6	49.75	26.03	33.66	40.41	1.33	-20.97
2025-03-18	1.84	23.14	26.98	11.27	-2.82	16.34	8.86	19.2	94.29	39.97	80.68	51.41	93.28	6.5	71.5	47.87	48.32	8.52	13.99	10.98	6.97	9.04	8.55	-29.77	-52	7.85	12.18	0.49	0.97	21.28	40.83	23.83	27.68	24.14	60.44	53.47	65.72	36.14	20.93	1.9	-0.46	-3.69	2.7	0.96	122.58	58.06	-0.81	-1.17	77.68	85.69	68.21	47.4	100.53	183.37	100.34	-14.41	-39.39	-47.33	-20.67	-28.81	-25.89	-13.94	0.2	0.05	10.85	26.49	61.36	-12.97	-34.38	-7.25	-13.5	-0.19	-35.73	-3.01	7.59	0	13.07	22.97	32.01	51.98	11.78	23.32	32.02	27.11	43.88	59.72	24.39	3.42	37.28	69.28	21.57	-3.61	83.8	24.1	20.14	0.11
2025-03-19	103.58	79.12	49.72	29.5	-0.48	18.45	33.9	17.23	78.32	83.1	77	2.19	15.14	19.92	10.11	14.41	18.46	24.64	-3.78	-6.41	10.62	35.03	30.19	-18.06	0.67	-2.86	5.71	-48.27	1.67	3.47	12.15	-12.13	-40.56	-1.12	-12.73	-14.96	-15.53	3.7	-3	-4.41	-1.42	-2.4	-4.85	-6.21	-11.51	-6.22	-13.58	-64.44	-3.59	-9.12	-8.83	-48.59	-12.92	-12.45	-22.31	-30.73	-481.88	-5.73	-3	-15	-28.31	-28.91	20.38	33.82	-6.29	-1.39	5.96	5.72	-21.3	-8.93	-0.01	48.67	-6.02	-3.93	-1.77	64.64	-104.44	1.75	11.34	-0.08	0.64	-2.27	-2.63	-4.96	5.77	7.51	-0.73	-5.3	1.21	-2.63	-2.99	-6.73	-14.91	0.21	-3.95	-25.48
2025-03-20	-2.17	0.16	-4.82	-29.2	-7.48	-28.56	-21.3	-24.84	-0.02	0.1	0.04	0.02	0.04	0.04	-0.13	-4.24	-1.02	-2.42	-0.73	-0.01	-0.7	-0.08	0.12	0.1	-2.28	0.03	0.38	35.25	-0.8	0.13	8.17	-6.87	4.84	13.96	-28.11	-29.76	-19.35	-57.74	-37.14	-6.59	-12.06	0.54	-10.68	-3.59	-8.03	-6.54	-24.94	-34.11	8.15	3.13	-6.97	-14.69	-29.33	-0.8	-0.03	-2	-0.97	-4.94	-2.81	-3	-2.76	-2.19	-2.2	-1.22	-2.25	-0.58	0	-2.96	-1.44	0.17	0.13	0.28	0.71	1.94	0	17	1.06	0.48	33.62	39.53	35.54	15.12	8.03	3.67	12.51	-1.65	-0.27	-9.67	-5.46	-3.28	2.55	-4.04	0	0	-1.06	0
2025-03-21	-4.52	-0.72	0	-5.68	5.03	-0.01	0	-5.29	0.08	0.1	0	0.02	-0.45	-16.23	-19.45	-8.01	-18.76	-5.96	-3.29	-4.97	0.11	0.43	-21.08	-33.63	-11.54	-21.39	-3.52	-5.51	-7.9	-1.67	6.24	28.46	23.49	22.05	-24.39	-92.93	-23.12	-5.57	-15.1	-7.22	-1.88	-1.89	-2.61	-2.67	0.16	0	-0.48	-0.37	0.65	-12.52	-21.88	-8.27	-13.98	-5.03	-5.19	-6.24	-12.18	-5	-5	-6.56	-5.1	-6.57	-12.12	-7.67	-4.13	-1.71	0	0.56	0	36.24	28.53	34.26	-20.22	-2.68	-0.94	0	1.06	5.01	25.2	56.1	25.2	65.87	87.78	99.15	5.19	10.64	15.29	0.67	-4.57	-7.29	8.51	-0.12	49.7	1.12	-15.69	-55.48
2025-03-22	-4.72	101.47	30.03	-18.2	-12.82	-12	176.7	9.21	38.1	9.57	8.19	15.9	140.89	41.1	40.62	31.15	17.48	45.2	31.34	27.24	-2.21	24.56	14.72	-10.88	-11.93	-3.3	5.95	-4.96	-3.18	-16.93	-5.27	-1.9	57.21	-7.94	-24.76	-21.92	-0.05	0	-3.39	-2.56	-0.04	0.63	-20.36	-64.97	-8.93	-5.86	-3.37	-7.61	-5.93	-5.9	-4.76	-5.18	-6.95	-6.95	-6.05	-6.62	-5.1	-10	-19.97	-7.67	-18.59	-8.63	-19.04	-20.01	-7.9	-3.24	-3	9.03	-0.35	0	120.98	-6.3	-9.68	-0.51	-2.14	-2.1	-1.37	0.01	-2.85	0.17	74.24	75.83	75.9	72.54	29.24	14.62	29.99	10.05	181.72	87.26	97.49	28.97	12.41	83.86	72.82	-9.1
2025-03-23	-3.16	16.74	-28.01	-41.32	-3.23	0.26	-2.61	-1.66	3.12	0.08	0.01	0.02	0.08	2.75	1.98	1.84	0	0	-1.77	-8.65	1.52	-2.3	-7.23	-1.68	-2.33	-1.45	2.34	0.92	1.01	15.37	0	-0.33	1.68	-4.19	-7.63	-12.1	-7.84	-9.94	-7.26	-9.82	-9.97	-10	-9.94	-5.47	-7.7	-8.07	-13.44	-11.73	-9.07	-12.59	-13.87	-12.61	-16.5	-12.93	-12.79	-10.9	-16.38	-16.44	-16.1	-16.05	-3.28	-4.04	-4.82	-9.5	-14.02	-6.07	-9.74	-9.76	-56.05	-13.48	-11.92	-11.48	-13.01	-9.89	-14.12	5.49	-3.31	7.05	21.82	87.31	19.14	14.4	14.43	14.2	17.73	39.36	44.65	18.8	49.9	10	0.42	4.55	0.02	-26.38	-26.28	-13.3
2025-03-24	123.62	63.32	72.58	2.06	59.62	45.85	7.07	9.16	24	75.94	6.24	2.31	45.78	57.13	49.76	43.62	59.78	60.64	64.23	52.74	22.53	63.99	65.46	27.25	1.94	0.01	61.59	81.48	51.68	70.44	66.48	19.92	4.89	-25.8	-65.5	-27.88	-4.85	-14.13	-9.15	-9.17	-3.96	-4.25	-60.04	-17.7	-2.52	-3.49	-12.25	-11.15	-16.85	-6.08	-7.25	-9.55	-16.68	-17.86	-15.63	-15.46	-7.21	-10	-3.42	-6.73	-8.76	-10.17	-10.74	-11.28	-12.25	-6.1	-6.76	-11.84	-8.21	-3.71	-6.31	-6.66	-19.35	-8.49	-8.81	-4.95	-2.3	0	0.73	2.4	39.71	29.46	11.78	4.11	56.33	25.68	13.36	-1.35	12.59	11.7	9.94	9.5	0.77	63.23	9.03	6.32
2025-03-25	32.02	51.02	18.5	13.78	9.92	33.3	12.34	-5.65	19.61	0.62	4.94	0.7	0.78	5.11	4.57	7.69	3.12	1.76	2.88	0.07	1.53	4.76	-49.18	-136.4	-8.11	0.81	0.54	7.48	13.52	1.47	5.56	2.2	-0.73	-8.53	-31.54	-8.95	-7.37	-8.19	-18.7	-15.46	-14.87	-11.02	-17.1	-22.49	-19.62	-21.85	-17.29	-19.83	-23.92	-22.09	-21.15	-21.69	-20.4	-22.4	-22.36	-22.39	-7.98	-6.05	-5.75	-6.38	-4.55	-4.78	-7.81	-6.09	-17.06	-8.7	-9.92	-11.66	-10.45	-10.66	-10.14	-7.36	-17.2	-8.25	-9.35	-9.03	3.41	8.5	12.2	18.47	21.23	18.3	15.3	16.39	13.94	2.96	-4.68	-9.6	8.86	52.28	16.38	15.82	101.92	51.7	13.06	0.95
2025-03-26	7.82	20.84	26.34	18.2	71.2	55.35	38.31	57.5	78.88	38.83	55.63	43.98	65.14	46.61	35.59	46.37	17.41	35.92	54.22	49.6	11.08	10.43	9.2	63.08	-6.9	-6.34	-10.61	-9.55	29.55	18.8	2.14	3.19	5.4	-12.7	-92.36	-8.97	-4.02	-5.33	-10.57	-14.58	-15.38	-12.99	-9.98	-14.67	-16.85	-16.88	-16.68	-17.21	-17	-16.99	-17	-16.99	-4.25	-4.2	-4.29	-4.67	-7.93	-4.67	-4.67	-6.54	-8.77	-4.12	-2.76	-2.3	-6.54	-3.3	-2.54	-2.34	-10.18	-2.12	-3.52	-2.02	-12.15	-4.69	-6.75	11.02	1.51	14.86	26.31	85.19	64.74	38.77	24.92	37.35	74.12	18.1	17.69	-31.92	71.86	3.64	26.41	14.11	14.55	10.59	1.15	1.79
2025-03-27	4.22	2.83	2.65	-2.78	12.72	10.91	-2.4	-3.61	7.7	7.62	-2.2	3.21	7.97	4.5	3.68	-0.9	8.53	-0.38	-3.37	-1.91	-1.68	5.13	-1.04	-2.56	-5.21	-7.29	-10.53	2.95	6.91	7.22	9.65	2.84	21.51	-6.9	-5.28	-10.82	-3.1	-2.03	-3.87	-12.38	-8.93	-7.54	-7.41	-6.19	-6.25	-10.66	-8.53	-9.96	-17.25	-17.57	-17.34	-15	-16.57	-16.87	-19.19	-19.33	-3	-3.09	-3.9	-4.13	-3.7	-11.94	-10.08	-6	-14.21	-14.7	-10.06	-10.24	-21.73	-14.74	-10.93	-7.62	-59.14	-39.75	-1.11	10.8	3.25	19.77	23.13	38.15	30.37	34.16	31.96	19.35	23.43	16.36	8.26	-5.36	13.41	1.99	13	9.26	3.46	4.81	-4.69	-10.94
2025-03-28	7.82	1.45	0.61	-3.19	38.05	3.52	2.79	0.12	37.18	22.03	2.63	0.98	0.45	20.7	20.86	1.15	0.78	20.62	47.89	20.82	0.85	1.95	6.89	6.2	-8.33	0.41	2.33	4.19	0.68	10.91	17.85	6.87	-4.74	-6.88	-50.39	-19.99	-11.21	-4.47	-13	-21.42	-3.45	-6.82	-4.28	-7.02	-9.74	-10.05	-13.1	-17.21	-15.94	-18.11	-18.47	-18.75	-19.91	-20.02	-19.93	-19.83	-21.82	-23.24	-19.99	-17.24	-22.09	-21.03	-20.34	-24.71	-15.16	-17.71	-16.25	-16.78	-18.32	-17.92	-18.68	-11.81	-7.88	-7.64	-7.84	-7.67	-4.29	0	0	62.01	22.84	29.62	25.44	18.44	53.73	1.12	-1.91	-8.28	18.07	0.15	0	-1.69	0.04	0.1	-1.45	-4.09
2025-03-29	-13.8	7.48	0	0	125.31	54.8	0	-0.01	0	0.01	-1.08	-1.11	-0.84	-2	-1.99	-0.61	-2.77	-2.76	-2.76	-2.77	0	-0.07	-0.94	-1.88	0	0.01	-7.13	-18.32	-4.4	-39.16	30	-91.44	-3.14	-3.43	-74.31	-39.48	-8.1	-8.91	-14.95	-19.3	-17.14	-18.31	-20.81	-20.3	-15.93	-18.17	-7.69	-10.6	-8.87	-12.71	-15.52	-18.14	-22.1	-22.72	-21.62	-21.51	-21.47	-21.3	-23.53	-24.78	-25.97	-25.89	-26.76	-29.12	-30.43	-23.24	-24.81	-23.3	-19.83	-20	-17.56	-9.67	-10.21	-7.44	242.74	96.77	-7.76	-1.21	-0.01	48.21	-0.06	0.04	93.14	0.05	1.11	-4.96	-1.1	1.07	-8.96	-13.21	-0.45	-8.01	-4.68	-1.79	-0.22	-7.09
2025-03-30	-0.34	-0.02	-1.25	-17.22	-7.46	-11.46	-17.8	-19.64	-7.46	-11.46	-17.8	-19.64	-3.36	-9.49	-14.89	-9.61	-6.13	-55.89	-14.95	-15.78	-11.31	-11.55	-11.6	-15.9	-7.64	-10.94	-10.88	-8.12	-4.64	37.81	38.74	39.14	6.02	-10.8	-4.05	-7.53	-9.8	-98.98	-42.43	-25.66	-30.65	-21.98	-27.72	-35	-28.67	-32.01	-40.59	-54.91	-291.25	-176.99	-187.87	-196.95	-125.45	-114.81	-116.17	-110.92	-125.45	-119.76	-138.52	-113.39	-114.14	-241.01	-260.52	-231.58	-109.88	-61.65	-34.71	-34.25	-120.12	-125.61	-105.57	-113.97	-27.86	-27.72	-24.25	-22.87	-36.69	-21.39	-1.98	98.57	-18.55	-2.08	0	72.53	1.44	1.79	20.63	15.64	3.88	-1.1	-11.34	-46.64	-63.89	-12.83	-2.42	-5.57
2025-03-31	-2.13	-7.67	-5.55	-5.23	0	-4.78	28.8	-1.66	-0.39	0.03	-0.54	-1.98	-2.29	-3.04	-0.02	-0.21	-1.54	-4.1	-0.52	-3.58	-10	3.71	11.92	11.96	-0.29	-0.14	-21.05	108.45	0.01	0	6.09	19.15	13.84	7.86	0.24	-10.32	0.07	-33	-30.01	-114.98	-49.16	-37.56	-21.54	-9.89	-10.94	-3.14	-4.26	-22.6	-11.22	-8.81	-14.44	-14.64	-17.98	-20.64	-19.07	-15.97	-11.78	-15.28	-13.49	-13.05	-11.9	-15.28	-15.95	-18.63	-50.41	-43.04	-29.17	-33.42	-56.34	-40.06	-42.11	-26.04	-29.71	-26.02	-20	-20.7	-50.75	-24.01	-42.95	18.72	-425.1	-86.96	-439.88	-12.45	-7.28	-6.02	15.85	1.54	21.76	-16.11	-5.5	-30	4.91	-3.02	-15.73	-64.25
2025-04-01	20.31	19.45	9.3	5.81	12.1	5.64	10.35	4.47	3.68	1.55	1.98	1.9	0.49	4.57	13.86	12.96	11.3	9.28	1.68	14.29	14.31	14.35	16.11	29.06	-24.89	4.08	4.41	9.72	-21.92	3.33	17.5	18.03	100.68	76.38	12.43	1.64	26.83	22.93	-5.87	-11.38	-97.56	-1.79	-2.71	-8.69	-6.42	-7.37	-13.64	-14.77	-24.84	-24.93	-24	-23.9	-5.77	-7.88	-10.09	-14.69	-13.72	-16.46	-18.56	-9.86	-14.63	-14.2	-5.27	-4.05	-6.47	-4.82	-3.54	-4.29	-3.1	-3.29	-5.18	2.53	-24.9	-13.91	-85.56	-5.56	-46.66	-29.95	-88.06	-35	-4.53	1.3	24.2	89	208.13	-113.97	-11.81	12.27	61.19	28.03	2.01	-4.15	-116.94	-129.44	-203.63	-8.58
2025-04-02	-12.6	12.28	4.11	1.57	2.85	-1.01	-0.71	-2.99	0.04	1.7	0.43	-0.05	1.8	8.65	4.42	2.83	0.1	1.76	1.35	11.05	-1.86	-1.98	23.99	-9.64	-37.37	-4.21	19.17	39.85	0.72	58.85	85.23	100.59	109.58	88.28	27.1	1.31	117.61	50.6	3	7.39	-2	4.03	2.62	3.86	139.3	42.63	57.23	89.35	92.14	-24.05	-25.89	-25.5	10.45	-4.02	-9.18	-39.39	-17.81	-6.43	-5.06	20.54	33.57	34.06	26.02	30.15	38.11	65.87	77.21	103.83	56.24	70.61	-9.65	-7.73	-25.8	-33.05	33.61	3.1	-1.29	0.3	0.27	0.57	52.16	52.09	194.38	83.42	93.01	12.22	35.94	21.17	2.19	9.49	32.92	58.91	-12.01	2.99	-34.86	-6.29
2025-04-03	-3.64	0.01	0.01	-3	138.55	42.3	90.07	0	9.18	5.14	3.83	0.02	0	81.3	-1.01	-23.07	-38.61	-6.12	-0.53	-0.96	-0.37	-0.05	-1.23	-41.79	-28.82	-44.49	-63.36	-54.5	-9.49	0.42	0.09	-0.56	0.08	-1	-1.57	-0.78	24.88	0	76.69	0.06	94.31	78.68	97.45	-3.45	-10.11	-7.19	-1.5	-0.59	-1.73	71.29	104.99	74.98	123.51	119.88	118.92	-9.08	-4.19	-5.47	-8.32	-119.93	67.27	75	79.43	0	0	-11.69	4.38	5.87	31.06	79.86	79.74	108.27	66.08	100.85	-1.9	-28.08	-15.29	-18.1	-11.12	1.73	2.36	2.95	19.91	102.91	16.45	23.61	1.42	2.12	7.86	-41.56	-3.88	-6.96	-4.08	-2.11	-0.17	0
2025-04-04	134.61	0	-6.37	-11.85	-0.12	0	-0.52	-3.5	-5.54	-2.28	-5.3	-8.44	0	0	0	-0.01	0	0	94.32	114.41	-0.01	0	0	3.52	-2.1	-2.1	0	-3.04	4.24	12.07	6.71	25.24	35.01	103.94	11.66	1.05	-12.53	-36.22	-19.27	-13.98	-0.11	4.37	-6.43	-46.93	-13.46	-2.56	-2.01	-3.2	-16.33	-9.4	-3.1	-3.99	-0.01	22.62	6.65	-15.01	-1.77	-2.55	-27.5	-30.86	-3.86	-0.52	-14.04	-4.73	-4.59	-3.23	-3	-3	-2.98	-4.8	-4.95	-4.94	-12.12	-7.35	-9.1	-8.87	-10.33	-7.67	-6.27	-1.81	-3.63	-0.82	10.82	14.25	0	2.72	29.42	-0.2	93.94	50.48	0	0	118.44	87.51	4.02	-0.81
2025-04-05	-3.15	8.84	11.34	8.51	4.99	0.01	0.03	-2.19	10.18	13.4	61.37	0.02	19.14	10.24	8.93	4.39	11.28	0.01	0.04	0.02	2.34	0.47	6.49	74.21	-0.46	0	78	-27.39	0.93	17.89	52.65	52.25	77.75	39.76	48.17	8.31	68.86	50.34	-30.18	-42.84	-21.08	0.6	-3	-3.2	102.12	-0.13	-2.83	21.93	-2.64	-2.06	0.45	3.14	12.21	3.28	-0.92	-0.9	-3.2	-2.98	-3.6	-4.16	-3.7	-3.95	-5.01	-5.65	-6.18	-6.56	-3.51	-2	-7.11	-4.28	-0.92	0	-1.16	2.81	3.81	3.43	-7.23	2.51	16.37	23.1	10.06	10.15	14.68	18.22	46.42	50.76	42.27	38.82	11.03	14.12	39.73	30.3	13.24	11.74	9.79	11.78
2025-04-06	46.68	16.3	9.41	3.28	16.97	3.74	5.05	4.35	1.41	10.38	16.61	10.66	15.94	14	5.39	5.18	0.05	0	0.65	0.19	0.63	1.58	10.62	9.85	-9.13	0.76	1.16	3.41	1.23	1.03	22.64	13.93	26.32	3.91	-2.5	-90.98	-64.28	-81.85	-38.67	-19.94	-3.2	-2.98	-5.52	-11.05	-9.08	-7.67	-9.61	-13.36	-16.66	-19.87	-22.44	-22.45	-24.02	-23.92	-21.09	-21.84	-26.37	-29.52	-25.41	-31.04	-18.63	-21.47	-22.83	-27.91	-25.16	-21.82	-19.63	-24.62	-26.28	-15.98	-6.56	-0.01	-19.58	-55.14	-69.72	-2.91	-12.32	-10.85	-10.19	1.91	-2.36	0.34	9.61	13.75	14.97	11.76	11.63	-79.96	-19.27	6.65	6.68	-10.16	-1.05	6.16	2.07	-3.94
2025-04-07	7.39	7.67	0.89	-2.1	16.01	8.52	5.42	4.5	7.51	4.31	3.24	-0.44	1.85	4.88	2.62	2.39	5.58	2.79	3.48	0.83	0.55	0.61	20.47	2.56	-15.48	2.01	8.7	9.8	15.71	24.85	39.52	18.26	0.06	-15.98	33.71	5.04	-17.86	-31.17	-19.69	-30.38	-6.25	-14.88	-20.81	-29.59	-11.11	-13	-13.8	-18.53	-18.45	-16.99	-13.41	-14.65	-8.07	-9.73	-12.27	-18.38	-16.63	-17.01	-18.43	-18.29	-15.92	-20.09	-20.13	-19.07	-15.28	-17.2	-15.06	-14.98	-12.09	-12.93	-13.55	-3.99	-11.99	-5.43	-5.06	-3.94	-11.67	-10	8.11	9.39	-15.04	11.68	19.02	18.88	20.51	30.27	16.41	11.71	33.86	35.17	5.25	1.72	33.05	2.69	-6.36	-442.01
2025-04-08	27.46	13.86	0.09	-19.4	169.3	64.5	-15.38	-39.39	35.78	12.78	33.96	17.3	73.97	42.65	35.16	42.79	45.46	73.19	13.19	68.36	13.45	17.56	15.72	7.35	13.54	14.31	18.6	16.7	15.54	39.2	43.36	18.64	45.7	34.34	9.2	-0.62	-4.44	3.52	-2.36	-7.29	-5.1	-7.18	-10.85	-16.48	-7	-14.69	-13.61	-99.94	-25.66	-11.56	-10.99	-11.5	-13.62	-18.93	-17.81	-16.38	-20.68	-6.77	-8.61	-21.02	-39.54	-19.26	-15.91	-14.91	-9.96	-9.94	-10	-10	-12.58	-13.53	-6.83	-8.63	-30.3	-23.45	-13.8	-4.33	-5.54	75.21	1.16	1.01	15.25	23.18	33.97	49.17	17.81	16.72	-0.07	-12.62	30.59	15.75	15.36	8.8	16.34	11.42	1.33	0.5
2025-04-09	11.5	8.61	2.53	-12.65	1.36	1.36	0.49	0.57	7.47	6.96	4.89	1.58	4.79	5.26	5.4	8.17	4.72	5.89	5.03	8.14	5.8	6.01	6.27	6.21	3.44	10.16	11.83	13.04	7.14	16.05	25.31	45.31	29.23	6.67	-5.57	-13.65	12.62	-2.56	-6.48	-7.76	-8.49	-4.21	-7.06	-9.22	-3.73	-3.65	-4.77	-5.44	-2.61	-2.65	-2.97	-2.97	40.35	67.71	-3.77	-7.76	-1.08	57.59	-2.01	-1.2	-0.87	50.28	65.19	65.73	-1.38	-1.49	78.23	79.52	-80.89	-16.36	-2	84.22	77.52	90.25	58.76	89.62	0	19.76	9.26	36.92	3.56	13.81	67.47	26.91	17.76	19.61	8.87	0.01	47.1	12.27	1.52	1.55	16.53	-31.1	-16.52	-21.06
2025-04-10	-1.67	-0.18	-1.05	-3.8	6.19	-0.09	0.03	0.01	0.02	0.02	0	0.01	-0.12	-0.35	-1.52	0.33	0	0	0	0	0.01	-0.08	-0.41	4	-0.41	0	0	15.47	2.85	0	5.32	5.25	7.71	-1.95	-1.67	-7.76	4.95	-0.09	-1.37	-3.4	-0.02	-0.05	-2.92	-4.34	-21.67	-8.27	-3.94	-4.88	-16.27	-14.72	-16.25	-17.76	-17.8	-16.04	-19.63	-18.59	-4.36	-3.12	-3.08	-3.07	-7.98	-6.66	-6.4	-6.45	-8.41	-8.13	-7.03	-6.04	-3.2	-2.99	-0.01	0	-1	0	0	73.83	-0.92	20.29	0	4.59	0.66	1.86	10.99	10.7	15.95	13.38	7.78	0.93	0.19	-0.93	-1.99	-7.55	-13.32	-53.9	-11.65	-4.92
2025-04-11	83.3	46.38	18.31	3.04	64.5	78.59	95.24	77.92	213.38	43.32	36.06	-1.3	49.73	45.95	45.49	-5.99	-3.6	90.6	52.75	39.08	35.95	-3.73	-8.39	-7.89	4.35	36.26	61.09	-5.59	4.73	7.73	5.96	-4.46	7.14	5.09	7.31	8.27	83.87	84.73	86.99	-16.12	-15.1	117.36	77.49	-1.72	44.76	71.87	24.99	-1.16	41.77	39.61	0.01	98.54	48.07	-7.87	6.41	-0.2	35.34	-0.53	-1.02	28.88	35.36	37.3	50.31	54.45	66.1	165.52	114.25	92.03	50.78	-0.91	-21.45	-48.42	-34.1	-24.28	-9.67	4.15	-11.6	-5.67	-3.08	-1.77	-18.42	6.29	8.91	22.07	0	0.47	-4.03	-7.73	1.27	-4.57	-3.12	-10.18	-2.93	0.06	-2.37	-2.78
2025-04-12	3.21	5.02	0.04	7.21	27.92	60.3	22.51	18.39	15.58	9.56	22.2	8.06	5.48	21.33	10.01	9.92	24.8	53.6	40.75	41.65	9.9	39.09	30	31.48	20.18	18.4	15.79	-2.28	0.08	0.11	5.29	13.07	2.73	3.57	7.67	0.1	22.19	9.14	5	4.41	67.89	67.07	91.97	73.49	77.34	97.38	82.22	85.21	131.85	86.44	-22.58	-25.56	-1.54	70.67	70.02	74.44	105.68	103.01	108.71	73.65	-5.53	-6.48	-6.33	-44.83	-33.66	-36.53	-34.06	73.27	-1.83	8.86	18.08	69.56	40.18	63.03	68.5	44.91	-1.27	-0.1	-1.78	9.16	1	0.01	5.82	20.44	69.84	47.75	49.63	34.44	19.56	52.94	33.8	19.2	28.58	23.81	44.4	7.6
2025-04-13	22.57	50.58	28.49	-8.92	2.03	23.78	-9.4	-11.78	71.21	48.1	25.97	15.39	19.93	19.79	11.23	4.6	82.53	64.77	13.9	7.3	-11.48	-26.66	-5.86	-0.04	-36.26	10.94	19.06	16.3	-10.51	24.71	-4.02	-181.96	-14.56	71.12	-1.89	71.91	51.16	22.52	-7.63	67.01	71.66	72.95	72.08	73.69	65.51	69.53	70.36	72.49	72.62	49.81	42.31	-1.42	35.04	-1.16	-4.27	-5.25	-3.05	-5.17	18	-10.86	-3.58	-1.51	1.74	9.51	-1.29	3.51	41.65	-2.8	-3.4	-3.97	-2.02	10.08	-6.37	-12.77	-39.74	-0.11	-5.49	0.69	11.02	15.33	-2.89	22.37	27.9	76.59	38.89	30.86	22.6	11.76	18.2	18.26	29.06	18.22	48.5	38.21	38.5	17.04
2025-04-14	78.6	31.02	47.22	7.14	76.73	64.94	62.79	9.93	75.01	35.26	27.02	29.81	42.49	36.9	52.74	62.14	31.47	50.15	57.73	40.28	15.45	10.49	51.1	15.15	2.28	0.54	0.14	0	-4.73	2.53	6.4	16.86	0	-6.7	-6.66	-1.92	15.18	14.99	15	65.76	92.97	83.39	83.19	75.81	-28.54	-70.31	-5.86	-6.39	-0.06	-2.97	-12.27	-13.48	-19.5	-5.15	-6.71	-15.71	-4.06	-7.08	-15.06	-20.49	-12.5	-13.17	-13.33	-14.9	-15.39	-15.33	-16.93	-14.48	-11.46	-12.88	-17.5	2.67	-3.35	-2.65	82.33	77.39	-36.88	-38.83	-7.19	-8.68	-2.93	-0.71	1.81	27.78	8.41	14.23	9.96	0.13	13.54	-4.96	0	-4.99	-8.36	0.28	0	-7.97
2025-04-15	33.36	5.6	13.99	10.5	92.31	47.33	72.21	67.53	80.14	82.78	78.48	51.32	76.84	78.29	75.28	-12.29	78.82	79.35	-59.6	-9.91	-34.37	-20.57	-26.04	-14.95	-12.82	0.81	-11.11	-82.17	-50.07	13.52	14.2	18	15.18	22.56	9.52	6.97	18.24	99.86	0.01	-0.51	83.36	101.57	-3.57	-11.56	3.18	3.53	0	-0.01	0.26	-0.04	-0.07	-2.07	-1.01	-1.01	-4.63	-3	-2.95	36.92	47.57	60.17	57.74	29.86	3.4	-2.01	-1.75	3.14	3.73	-1.59	-141.7	-14.65	-6.43	0	-8.31	-0.01	-0.06	-0.01	-5.07	-1.41	0.02	7.5	0.49	75.19	68.66	122.8	81.84	80.39	79.2	-9.78	-4.83	-8.1	-1.5	0.3	85.59	-0.73	1.54	1.93
2025-04-16	-29.51	-15.06	-12.87	1.18	64.89	16.23	11.27	-30.92	-11.97	15.01	-0.75	-5.1	12.84	12.83	7.76	-4.73	110.07	58.84	52.39	53.62	47.94	47.73	-27.96	-21.42	-11.17	-30.26	-24.22	-21.72	-14.89	5.56	1.97	17.17	8.57	1.92	-9.07	-12.12	1.49	-1.62	-2.01	-14.58	-4.7	-19.53	-23.03	-14.66	-8.91	-8.86	-8.93	-7.32	-9.26	-5.56	-9.24	-6.37	-6.26	-36.62	-14.78	-8.25	-4.44	-3.97	-4.02	-8.97	-14.36	-25.66	-29.47	-4.58	-7.58	-6.91	-7.63	-7.33	-4.12	-5.5	-5	-3	-3.16	54.1	53.4	66.96	-22.72	1.64	72.18	77.37	1.72	46.73	73.59	136.06	175.33	18.16	-192.38	21.88	83.85	86.77	86.31	-24.9	-7.43	-13.52	-188.6	-126.26
2025-04-17	3.92	20.25	-0.49	-0.5	39.28	25.16	0.93	10.36	-5.24	1.31	19.97	19.29	-0.64	-1.57	0.23	1.47	-1.8	-11.77	-2.34	0.64	8.71	1.11	-0.03	-6.93	8.8	-11.38	-4.12	2.55	4.77	0	46.26	2.59	0	0	0	-22.11	8.16	0.95	-5.54	-15.68	-1.45	-1.57	-2.98	-4.62	-3.08	-3.44	-9.48	-19.83	-7.94	-6	-5.62	-5.2	-12	-11.77	-14.54	-15.36	-4.3	-4.33	-4.14	-4.91	-3.02	-4.31	-5	-3.95	-4.02	-4.99	-4.4	-4.48	-6.9	-6.79	-6.7	-5.61	-5.15	-5.02	-2.97	0.61	-12.2	-16.22	4.08	2.05	-2.99	0	27.24	81.48	44.44	41.91	40.9	33.07	52.69	14.51	2.49	5.02	74.75	17.65	5.95	-9.32
2025-04-18	9.27	9.25	1.1	4.78	-1.87	8.56	5.59	2.28	48.83	67.16	32.56	0.16	-0.31	56.7	10.02	35.57	40.31	32.81	26.43	-4.58	3.66	24.98	25.22	-5.46	-0.07	3.88	18.93	-10.72	8.74	5.76	5.08	-5.06	3.97	-12.09	-16.98	-8.83	-7.99	-15.62	-16.05	-16.88	-3.54	-1.43	-3.55	-3.6	-3.2	-5.56	-61.86	-13.09	-7.41	-5.6	-3.64	-4.85	-8.56	-8.34	-8.76	-4.05	-4.11	-4.18	-4.35	-4.67	-3.57	-3.76	-5.13	-6.37	-10.64	-6.45	-5.33	-4.94	-11.3	-6	-3.2	-3	-7.39	-3.33	-3	36.39	-0.06	0.05	3.58	86.38	-9.86	8.54	21.51	57.45	9.77	12.68	8.24	16.04	60.59	17.1	13.93	-0.11	-6.3	-37.54	-46.46	-75.63
2025-04-19	-197.66	0	-1.49	-3.33	0.95	-2.89	-5.11	-1.27	-6.68	-0.69	-2.31	-5.03	-4.01	-3.4	-0.93	72.56	0	-0.05	0.01	0.02	0	0	0.2	0.26	0	-0.01	0.64	-5.68	0.12	1.13	1.98	-7.01	-0.47	-0.01	0.14	-0.2	-0.89	-3.17	-2.73	-17.69	-3.24	-5.98	-7.65	-16.26	-11.49	-10.89	-10.39	-117.81	-8.08	-11.48	-3.65	-23.23	-7.79	-11.18	-9.37	-7.98	-15.72	-17.53	-14.81	-16.87	-16.18	-21.55	-18.91	-22.65	-20.64	-15.23	-14.47	-14.24	-15.05	-19.21	-19.9	-19.91	-15.2	-14.34	-13.72	-14.97	-12.26	-5.28	-2.9	0	-14.28	-7.72	-3.98	0	-1.98	-10.76	3.64	4.93	-8.96	-0.52	2.07	1.35	-0.61	-3.86	-7.86	-38.15
2025-04-20	-22.85	-4.9	-9.77	-9.76	73.91	-7.38	-3.22	-1.01	-1.19	-0.33	-0.52	-4.84	0	-3.59	-1.83	-7.06	-1.31	11.57	19.75	-9.05	-6.55	-0.19	13.93	28.42	0	38.05	17.17	7.69	7.41	-21.22	-23.08	-13.57	3.53	5.54	0.27	-4.23	-16.4	-6	-43.95	-11.2	-5.39	-5	-4.72	-1.14	-4.41	-1.44	-2.58	-4.22	-0.99	-1.51	-1.42	-2.05	0.03	9.84	4.54	2.13	-1.49	-1.55	-2.99	-2.2	5.94	-4.56	-4.88	-3.43	-6.51	-4.85	-5.24	-2.53	-9.99	-4.97	-4.4	-4.78	-4.77	-2.52	-1.05	-0.37	-11.45	-42.33	-0.8	0	0.01	3.8	19.99	184.7	30.9	81.98	65.88	70.96	57.54	38.16	31.25	22.77	0.44	-40.84	-36.44	-40.72
2025-04-21	-29.39	0.18	0	-4.93	6.9	6.77	2.08	1.76	9.17	8.19	5.79	2.62	0.04	0.18	-0.23	0.14	1	0	13.21	0.93	3.24	1.46	9.18	12.29	4.86	14.59	17.88	25.3	11.43	13.49	70.82	22.51	23.13	2.08	2.97	0.59	3.21	0.06	2.96	-2.38	6.25	1.32	0.83	1.76	3.98	1	2.03	-2.03	-1	0.28	-1.09	-1.03	5.76	5.06	5.77	4.13	3.91	4.44	5.59	3.19	4.75	4.91	3.53	4.26	-1.76	-4.3	-5.49	-0.43	-0.43	8.49	1.1	5.01	0.19	5.03	6.2	7.12	4.81	13.54	36.58	84.85	46.91	4.73	75.67	36.45	87.01	87.36	87.39	84.59	116.77	86.86	52.68	25.02	100.07	67.41	33.91	22.85
2025-04-22	63	68.72	68.2	62.09	52.05	51.24	62.86	39.62	68.04	55.24	38.52	28.58	70.37	59.87	68.38	44.2	61.86	36.47	34.33	30.23	22.21	24.65	35.91	23.32	27.3	29.32	31.91	41.01	43.5	65.98	79.99	67.74	67.66	52.19	43.69	35.09	25.98	18.95	9.03	-0.66	-10.78	-1.71	-3.02	-3.88	-1.48	-1.61	-0.42	-1.21	-8.64	-8.64	-8.64	-8.64	-8	-8	30.52	49.74	0.07	0.02	0.04	-0.14	-1.51	-3.3	-4.97	-6.45	-6.5	-5.16	-20.97	-9.8	-7.29	-3	-3.1	-2.97	-2.49	-7.31	0.65	-1.44	-1.78	0.26	16.71	23.2	18.4	36.72	40.74	29.43	54.53	50.98	52.08	41.27	54.02	40.85	47.61	40.56	50.17	50.17	38.97	28.15
2025-04-23	26.56	5.94	26.18	15.81	52.92	28.43	25.48	19.12	7.19	22.37	9.95	25.59	49.98	47.93	1.94	21.87	28.71	28.79	18.29	29.83	22.4	31.03	22.88	21.95	16.53	22.54	6.26	41.08	1.01	18.68	25.86	50.03	66.49	24.04	-24.2	-136.58	2.48	-28.06	-20.9	-16.59	-13.35	-12.66	-17.47	-17.39	-16.72	-15.47	-14.82	-14.13	-19.7	-22.12	-19.01	-20	-17.68	-17.77	-17.98	-19.47	-16.6	-18.37	-18.48	-18.58	-25.22	-24.27	-25.88	-26.5	-15.1	-13.65	-8.18	-8.2	-4.27	-4.72	-5.18	-4.62	-13.31	-1.83	-0.12	-0.49	-1.9	-1.91	13.84	37.4	0.08	23.77	81.75	54.49	47.6	50.01	41.49	31.64	47.41	34.8	44.17	41.37	17.36	19.56	7	4.84
2025-04-24	63.69	29.01	29.92	25.51	28.64	29.02	1.31	-4.58	18.19	20.37	10.06	0.66	2.7	3.19	2.09	-2.65	1.29	1.17	1.7	0.15	-0.3	0.67	4.24	10.06	4.61	2.68	27.57	39.13	22.08	33.17	28	16.84	23.61	3.68	-5.98	-4.87	-3.3	-5.15	-15.34	-11.2	-13.11	-14.25	-9.56	-10.5	-18.25	-18.93	-18.08	-15.6	-14.92	-15.61	-18.01	-18.01	-17.43	-17.3	-16.86	-16.19	-16.68	-17.51	-18.48	-20.51	-15.19	-14.94	-14.75	-14.2	-13.3	-14.95	-15	-15	-12.03	-9.44	-9.15	-6.35	-7.84	-3.88	28.14	66.36	-11.3	-3.51	7.66	27.84	1.28	0.17	22.54	144.82	122.78	212.44	151.68	23.54	113.15	80.24	85.98	24.53	20.49	34.31	29.87	23.45
2025-04-25	43.48	63.8	33.53	30.18	156.81	82.63	40	34.3	97.93	95.22	91.72	78.1	94.85	91.85	88.56	87.47	52.78	62.38	41.41	57.16	45.11	58.19	40.83	40.31	8.04	26.94	35.4	31.09	6.29	11.55	14.36	16.93	35.05	17.6	10.36	6.51	5.42	0.95	-0.65	-1.07	-13.71	-3.84	-7.13	-4.44	-3.31	-3.62	-6.14	-6.78	-2.46	-3.26	-2.91	-3.28	-5.38	-5.39	-5.52	-5.03	-1.88	-1.54	-2.56	-2.55	-2.99	-2.96	-5.07	-7.72	-10.31	-6.3	-5.63	-5.93	-7.99	-8.88	-3.23	-3.01	-14.85	-14.51	-14.31	-16.92	-80.78	-11.31	-7.55	3.01	0.04	1.33	3.86	12.34	8.98	0.79	-5.34	0.64	-9.74	-3.79	-7.82	-6.91	-0.01	-5.48	-14.66	-18.33
2025-04-26	-35.84	-29.71	-16.7	-13.62	-6.56	-11.39	-11.26	-11.85	0	-6.07	-12.2	-12.2	0	0.1	0	0	0.19	0	0.01	0	0	0.03	-3.6	38.13	-0.7	0.04	-15.91	-28.04	-1.01	-1	3.07	0.18	6.66	0.19	-1.95	-3.98	-0.17	-3.08	-7.05	-14.55	-6.43	-3.96	-6.43	-5.78	-7.49	-7.72	-8.49	-10.72	-9.3	-11.83	-5.39	-5.66	-8.7	-11.55	-13.21	-17.92	-7.95	-7.77	-6.14	-6.97	-10.95	-11.85	-18.1	-20.74	-78.84	-57.46	-24.69	-11.04	-10.25	-9.18	-9.08	-6.87	-9.4	-10.2	-7.59	-6.47	-10.46	37.95	15.87	63.45	-22.98	-0.41	-3.08	11.74	0	3.27	0.01	0.24	30.96	-9.55	-13.4	-8.95	-1.52	-5.13	-6.03	-6.24
2025-04-27	-0.7	-15.58	-0.14	-2.82	0	0	0	-2.17	-8.91	-11	-12.78	-13.28	-8.54	-5.37	-4.46	-13.16	-15.68	-7.47	-7.81	-7.54	-8.92	-7.57	-4.96	-2.27	-7.58	-2.98	-5.97	-4.96	-0.11	-0.66	-20.43	-11.79	-0.21	-6.95	-28.92	-18.92	-12.81	-21.84	-25.6	-37.79	-29.1	-27.07	-24.87	-25.43	-26.71	-28.02	-29.37	-30.06	-26.46	-66.89	-60.65	-83.12	-33.64	-46.88	-80.96	-84.5	-46.25	-47.84	-48.49	-51.1	-47.73	-28.76	-27.95	-27.48	-29.07	-30.01	-24.4	-31.08	-30.19	-21.35	-29.78	-30.93	-22.37	-21.04	-18.49	64.87	-39.66	-32.46	-30.03	0	-17.51	-5.48	0	46.41	2.72	4.41	7.63	-2.4	5.83	-0.24	0.68	-2.31	0.01	-0.95	-2.48	-6.01
2025-04-28	-0.01	0.2	1.09	0.2	0	0.18	50.72	0.15	50.86	0	0	0.03	-3.7	-12.18	-8.02	-7.52	0	-1.01	-3.6	-2.14	-5.59	-4.89	-2.59	-25.31	-12.92	0	-2.29	1.01	43.42	20.02	15.27	4.3	11.12	-1.98	-7.69	-30.45	-5.2	-3.66	-13.08	-12.15	-14.25	-2.56	-3.5	-10.55	-4.21	-4.11	-3	-3.33	-0.51	-0.51	-0.51	-0.51	11.2	11.2	11.2	11.2	-2.5	10.95	10.95	10.95	15	14.41	14.41	14.41	7.35	22.3	22.3	22.3	22.45	22.45	22.45	22.45	27.45	27.45	27.45	5.51	8.1	8.1	47.5	47.5	47.5	47.5	50	50	50	50	50	50	49.75	50	50	50	50	50	49.75	49.75
2025-04-29	0.28	0.28	0.28	1.03	-2.22	-2.22	-2.22	-2.22	-3.22	-2.22	-2.22	-2.22	-2.22	-2.22	-2.22	-2.22	-2.46	-2.46	-2.46	-2.46	-2.22	-2.22	-2.22	-2.22	-1.72	-1.97	-1.72	-1.72	9.55	9.55	9.55	9.55	11.12	10.09	4.02	4.02	3	3	-2.28	-2.28	-5.5	-5.5	-5.5	-5.5	-5.83	-5.83	-5.83	-5.83	-6.59	-6.59	-6.59	-6.59	-7.55	-7.55	-7.55	-7.55	-6.33	-6.33	-6.33	-2.16	-1.54	-1.54	-1.54	-1.54	-2.04	-2.04	-2.04	-2.04	-1.5	-1.5	-1.5	-1.5	0	0	0	7.51	0.65	0.65	8.09	8.09	12.53	12.53	18.59	18.59	22.46	32.14	32.14	22.46	30.71	30.71	21.69	21.69	13.77	12.63	12.63	12.63
2025-04-30	0	0	0	0	0	0	0	0	3.55	1.21	48.84	45.12	51.92	51.37	50.9	50.53	46.88	51.16	55.28	55.48	32.3	36.29	43.87	60	0.4	0	59.21	64.51	6.56	13.06	5.97	5.97	4.82	5	10.03	11.27	43.29	46.75	33.15	29.74	26.09	0	8.86	5.89	7.92	57.23	29.84	-18.06	2.99	3.55	-2.08	-3.21	-3.36	-3.43	-13.23	-10.68	-9.96	-7.01	-10.62	-7.76	-9.91	-16.85	-15.87	-16.61	-16.76	-9.42	-11.06	-10.2	0.43	2.99	0.02	0.43	2.41	2.99	3.76	3.71	0	3.6	3.72	3.98	-3.04	11.91	29.75	10.84	4.51	3.92	3.69	0	0	0	-2.83	-5.92	-5	-9.93	-8.55	-6.96
2025-05-01	-7.87	-7.61	5.75	2.62	48.71	63.57	82.25	81.78	59.03	71.43	70.76	71.48	61.52	62.13	60.86	57.67	57.44	59.88	56.39	55.34	48.51	46.85	41.85	39.95	23	10.22	44.93	44.9	19.57	35.39	34	-4.6	1.15	0	-3.2	-5	0	0.01	2.04	0.17	8.83	42.99	-1.17	-0.5	2.99	-0.4	-6.1	-8.64	-15.04	-17.76	-12.75	-9.79	-14.1	-13.8	-41.79	-37.09	-33.6	-35.78	-33.11	-30.57	-38.08	-38.71	-31.35	-22.88	-22.67	-16.57	-15.75	-16.39	-48.04	-27.3	-21.98	-17.66	-11.7	-6.01	-4.78	-4.52	-5.88	-5.37	-5.05	0	-3.35	2.76	0	28.05	8.55	8.7	11.41	10.8	8.44	5.36	7.07	4.33	4.1	2.48	0	-8.12
2025-05-02	3.59	1.14	0	0	0	0.23	0	0	-4.32	0	-9.69	0	0	0	-5.17	-4.25	-3.22	-2.43	-0.06	-3.1	-3.15	-0.49	-7.74	-0.44	-8.02	-7.96	-9.5	-12.74	-8.4	-10.61	-7.24	-6.64	1.2	0	0.7	0.91	0.63	-5.94	-6.42	-6.94	1.18	1.56	-0.24	-4.78	3.89	6.55	9.35	4.24	2.99	2.99	0.55	-5.35	0.55	0.01	-3.19	-3.21	-0.45	-0.35	0	0.01	0.55	0.01	2.99	0.71	-0.31	2.99	31.65	26.08	17	3.67	3.7	38.95	34	47.83	47.83	47.83	10.23	1.08	1.26	56.31	15.17	14.48	73.74	72.31	75.53	79.1	95.72	75.53	79.78	74.53	75.81	75.28	80.6	80.46	78.94	43.81
2025-05-03	70.18	58.81	39.85	38.25	23.04	2.96	3.73	2.62	-1.56	3.02	2.82	2.6	23	24.8	24.8	24.8	17	13.62	15.61	13.62	17	25.02	44.86	45.03	17	25.02	42.5	44.07	25.02	25.02	25.02	12.02	48.32	10.26	1.79	8.08	46.72	25.47	0	1.84	0	2.99	2.99	2.99	15.3	2.99	0.55	0	2.99	2.99	2.99	2.99	2.99	2.99	1.67	2.99	2.99	2.99	2.99	2.99	2.99	-3	-3.01	2.59	-17.15	-11.51	47.01	67.8	41.84	63.75	70.69	69.11	34.39	46.75	66.97	59.5	20.18	51.21	79.69	72.43	48.37	71.02	63.56	69.7	63.34	64.87	91.96	59.81	36.38	23.06	17.57	14.44	65.25	85.77	79.1	57.07
2025-05-04	70.78	69.85	46.73	44.08	44.08	42.5	27.51	17.12	32.61	42.5	16.8	12.59	11.87	17.47	14.52	14.44	14.31	14.86	16.02	5.74	11.23	11.28	13.92	24.75	5.49	5.51	5.7	5.04	5.76	5.74	0	-4.15	3.5	3.03	-3.5	4.24	-3.03	-5	-7.35	-17.87	23.98	0	-1.03	-2	18.3	2.99	2.99	1.94	10.07	-2.02	-1.04	-0.94	-5.01	-4.73	-6.19	-6.25	-9.39	-10.18	-14.56	-12.66	6.62	-11.36	-13.26	-10.82	-4.58	7.22	9.05	8.9	-7.58	7	-0.4	2.99	6.89	-2.6	9.36	51	-3.67	7.01	0	59.5	64.36	65.25	69.74	73.11	68.99	80.76	69.88	70.78	68.85	63.75	63.09	63.75	45.63	46.34	25.46	11.48
2025-05-05	22.67	50.68	2.23	0.38	19.64	14.97	18.98	13.73	16.26	13.96	15.98	15.13	0	0	0	0	0.42	20.1	21.68	24.49	0.56	14.91	16.46	24.75	0	11.96	17.56	21.53	23.3	18.18	36.26	69.96	86.47	71.27	70.1	65.73	74.13	75.87	53.93	69.33	14.87	0.99	0.98	0.61	13.53	10.43	6.46	8.32	10.07	9.16	7.57	5.72	9.33	9.11	9.12	11.39	10.93	7.82	8.32	6.67	2.99	2.99	2.99	3.87	3.4	43.34	6.27	29.75	2.99	2.99	2.99	2.99	2.99	3.41	4.52	4.97	2.99	0.55	51	0	12.75	67.47	68.71	70.9	74.95	73.64	75.47	75.38	73.54	70.43	84.15	31.88	44.05	69.6	66.12	65
2025-05-06	41.5	42.55	41.5	37.58	39.39	47.89	39.9	37.58	31.47	13.17	31.9	3	46.19	39.39	39.39	39.39	37.58	1.68	1.84	37.58	41.5	40.44	41.5	42.5	8.61	25.51	25.5	62.91	29.66	20.76	51.7	52.99	53.52	41.55	39.39	0.02	40.44	37.58	17	2.56	-0.53	0	-0.65	-0.68	-2.12	-3.28	-3.39	-3.42	-5.32	-3.6	-3.59	-3.76	-5.11	-5.07	-7.78	-5.07	-5.09	-4.38	-3.45	-14.56	-8.48	-7.14	-4.94	-4.74	-6.14	-5.83	-4.26	-6.01	-7.24	-6.91	-8.25	-6.8	-7.03	-4.08	-2.52	-2.76	-20.53	-6.38	-9.99	-3.2	-7.66	3.83	5.49	10.9	9.47	67.84	74.6	13.28	23.84	34.18	3.38	-16.41	11.21	10.23	8.17	2.35
2025-05-07	7.38	42.12	0.21	-11.84	-10.53	-1.25	0.22	42.1	5.99	48.78	40.18	-2.34	-1.62	-0.1	30.03	39.48	42.66	42.71	42.61	-2.8	42.08	42.58	44.67	51.84	47.7	45.39	59.05	68.17	75.11	75.35	81.33	79.23	51.99	16.03	4.99	1.13	-0.59	-1.96	-9.83	-42.91	-51.11	-7.72	-8.1	-8.65	-5.9	-6.29	-10.84	-11.57	-5.94	-6.5	8.91	103.43	-2.34	50.39	-2.48	28.11	12.76	22.46	18.4	-3.22	-1.53	-1.42	-0.92	-1.03	-2.97	-3	-3	-1.01	-3.2	-5	-3.19	-1.01	0	0	-0.99	2.84	-2.9	-1.01	1.86	57.93	6.76	81.74	84.27	86.03	182.65	131.11	110.75	51.72	87.65	37.11	43.19	33.18	11.09	-7.88	5.46	-6.89
2025-05-08	25.17	19.54	74.48	-11.65	-19.01	-2.83	-28.95	-31.29	21.53	-26.77	-22.07	-31.06	-0.45	31.34	27.13	-9.31	-7.63	-4.26	-43.16	-42.76	-30.75	-22.41	-13.2	55.53	112.7	76.26	-8.96	-8.23	41.54	49.71	45.13	5.02	44.88	19.43	12.35	-9.42	0.01	-4.64	-16.5	-17.37	-2.44	-6.97	-18.56	-10.16	-5.9	-12.12	-14.4	-18.5	-38.62	-31.28	-32.67	-31.44	-0.01	-0.01	-3	-3	-1.14	-0.83	-1.11	-1.68	55.17	60.13	122.07	109.12	83.04	88.82	84.72	89.26	79.2	-12.49	-51.94	135.95	48.81	110.42	136.79	89.55	-42.9	-24.68	100.57	115.84	1.07	67.36	74.72	76.43	96.7	168.45	15.16	2.93	0.91	1.91	87.15	2.6	-16.15	-14.19	-18.96	-19.42
2025-05-09	-17.91	85.7	23.59	3.88	66.43	62.35	59.45	5.34	-26.05	85.04	80	10.9	17.1	-2.61	4.77	47.89	-8.61	-0.77	47.45	4.63	10.76	57.01	56.73	54.72	99.02	53.27	48.06	72.41	77.6	60.16	72.32	31.35	70.16	15.15	7	2.42	70.81	47.53	-0.97	47.5	55	-0.9	47.47	-11.7	-9.85	-4.36	-3.2	-3	70.83	-18.69	-8.18	87.71	-1.22	-1.45	0	-0.98	27.49	-1.12	0.09	0.17	19	70	-2	-0.27	-0.15	-0.94	32.87	33.02	-3	-3	-17.79	-17.27	56.79	34.73	1	6.32	-1.9	-0.61	2.68	6.56	-4.35	0.15	2.84	-28.39	19.43	26.12	86.17	83.43	37.67	36.97	29.07	17.46	47.4	6.84	7.02	6.26
2025-05-10	22.62	42.85	36.29	8.13	43.54	23.2	16.51	26.62	3.24	6.86	7.11	6.33	34.74	48.97	29.22	8.05	72.2	42.6	12.76	10.44	41.85	33.58	44.39	5.42	6.68	6.41	2.2	-9.39	6.08	7.11	4.19	0.84	24.19	4.29	4	3.99	37.12	29.69	-1.02	-4.55	52.01	-29.53	-46.49	-26.88	-9.79	-0.33	-3.26	-5.48	-7.7	-6.97	-3.14	-3.2	-6	-8.51	-2.83	-2.83	-13.69	-23.87	-13.44	-14.12	-32.79	-51.48	-43.59	-29.15	-21.69	-22.07	-10.74	57.74	6.68	6.89	76.58	13.24	5.08	19.06	-19.21	39.91	-6.6	-6	0	0.23	-6.8	-16.03	-26.67	-3.32	3.99	4.02	4.04	4.37	4.29	4.19	17.39	47.09	76.05	37.57	47.85	-11.14
2025-05-11	-20.2	-2.19	-16.71	-22.81	49.54	39.25	20.75	-8.46	0.22	-4.62	-6.25	2.18	22.77	20.36	20.05	20.63	19.18	-9.44	22.21	20.48	20.56	-0.98	-15.53	-11.08	-8.18	22.75	0.79	-7.93	20.87	20.72	5.58	5.57	26.09	-45.35	-41.56	-51.26	-42.67	-24.44	-30.93	-12.4	-7.24	-22.61	-32.38	-35.55	-29.1	-28.7	-31.3	-36	-76.24	-85.65	-36.7	-34.66	-49.19	-51.58	-40.02	-35.76	-34.97	-36.96	-30.87	-73.63	-94.83	-35.53	-35.68	-33.16	-31.38	-34.15	-31.59	-25.82	-20.94	-8.3	-33.69	-18.26	-19.55	-9.95	-7.3	-8.28	-20.29	-18.62	-16.09	-9.47	-21.7	-0.52	0.17	0.05	0.7	2.37	2.11	2.36	11.13	20.01	4.6	0.91	2.76	-3.38	2.24	-2.26
2025-05-12	3.32	-4.19	-9.71	1.59	0.23	1.04	3.7	2.65	2.25	4.17	2.51	2.37	2.49	7.32	53.74	35.96	71.64	35.04	10.53	33.09	2	76.55	27.56	3.99	2.54	42.06	44.22	43.43	79.52	72.94	16.49	5.31	-1.51	-11.14	-12.55	-16.97	-4.05	-13.09	-20.48	-20.71	-12.97	-11.46	-9.96	-15.19	-7.9	-5.42	-8.47	-5.69	-7.94	-9.22	-8.06	-6.82	-18	-17.92	-20.06	-17.88	-6.74	-7.91	-7.44	-6.89	-3.94	-5.7	-8.36	-8.47	-7.27	-7.17	-7.62	-5.79	-7.38	-7.93	2.93	-4.36	-8.42	-4.79	-3.46	-3	-2.15	-3.45	-2.49	-2.89	-1.32	0.19	0	4.32	23.11	65.09	33.91	17.43	55.12	20.9	73.24	56.6	87.15	9.95	11.97	6.13
2025-05-13	37.3	74.24	65.09	10	3.79	25.46	-0.55	14.66	44.64	47.08	44.22	48.12	41.51	35.23	43.87	-12.71	12.73	20.83	22.33	18.44	15.99	15.05	47.3	54.1	6.2	45.36	63.38	50.87	45.68	44.98	35.33	31.78	17.84	15.88	4.29	-1.5	-6.23	-6.62	-15.25	-10.42	-16.31	-11.12	-25.07	-28.91	-13.92	-15.96	-17.49	-19.15	-18.79	-14.05	-13.89	-16.15	-11.46	-8.52	-4.52	-4.4	-4.77	-5.43	-7.31	-4.66	-6.72	-2.97	-3.61	-3.01	-26.77	-22.55	-18.97	-23.48	-9.98	44.61	67.76	65.97	-18.83	-18.87	-26.02	13.21	-7.78	-16.02	-8.37	-0.44	0.86	1.06	0.12	0.09	18.94	33.7	20.65	19.4	0.55	0.23	14.35	17.18	14.69	14.22	10.21	0.7
2025-05-14	29.4	52.64	44.48	39.01	89.94	33.58	32.54	32.48	89.19	45.33	54.94	25.97	60.52	32.12	10.53	9.52	18.36	23.17	17.29	-1.64	44.63	14.74	12.77	30.57	6.46	7.97	10.45	12.92	8.01	10	27.16	12.87	46.74	30.58	12.64	1.19	7.25	-12.21	-54.98	-191.58	-29.62	-15.99	-15.25	-55.01	-0.33	-2.17	-3.17	-3	-2.8	-2.48	-3.27	-3.62	-4.45	46.37	27.16	-8.4	-2.62	-1.31	3.61	-1.43	-2.02	-2.1	6.72	-3.98	-91.74	-44.59	-2.01	-1.85	-2.18	-3.77	-2.17	-4.61	-50.32	-51.82	-16.73	-3.19	-3.79	-9.37	-6.57	-4.58	-2.92	0.68	0.97	2.01	6.14	5.05	9.49	16.72	8.93	9.52	73.42	83.5	80.96	77.7	34.65	-4.32
2025-05-15	8.18	46.41	68.87	34.15	-11.89	-2.71	2.78	-19.01	-4.86	-23.04	-30.29	-39.15	-0.05	1.6	-4.09	0	22.18	6.81	3.92	3.99	4	2.57	-21.57	-23.6	-24.88	-28.61	-19.67	-30.25	-15.44	-17.66	0.43	-2.15	4.26	1.89	-5.37	-3.33	9.33	-2.38	-2.17	-33.06	-5.16	-8.37	-9.25	-6.27	-15.96	-13.63	-7.44	-3.76	-11.9	-5.93	-5.92	-5.89	-6.74	-7.46	-9.86	-6.8	-4.89	1.92	-6.45	-6.79	-5	-4.99	-6.37	-7.43	-6.57	-7.57	-8	-9.97	-104.02	-18.75	-6.25	-5.5	-20.8	-6.82	-2	-2.34	-123.18	-139.54	-9.12	38.22	-56.34	-18.5	0.07	0.11	2.47	1.69	7.1	-52.88	-1.24	3.59	1.02	-1.41	-3.64	-88.04	-31.46	-21.06
2025-05-16	-63.21	-16.76	-10.02	-9.96	0.1	0.16	3.21	0.2	0.84	-0.15	-0.79	-0.69	-14.09	-3.43	-0.95	0.2	0.2	0.2	8.95	-1.65	-46.58	-20.66	-7.78	15.82	-0.11	54.58	53.34	46.56	43.33	73.42	68.62	25.82	0.2	-4.16	-5.84	-7.84	-3.18	-3.18	-5.88	-4.25	-7.88	-8.04	-11.49	-21.13	-17.98	-18.92	-19.02	-19.48	-20.53	-21.19	-21.04	-23.62	-25.9	-23.93	-13.04	-13.19	-15.24	-24.94	-24.65	-14.69	-12.75	-15.97	-13	-12.95	-11.79	-14.49	-14.45	-13	-6.5	-7.99	-8	-6.5	-21.47	-20.73	-7.08	-4.52	-12.75	-2.04	-13.89	-52.76	-89.16	-7.4	3.4	16.09	4.84	5.47	8.16	5.78	8.06	2.34	9.87	8.26	34.59	5.8	10.26	2.53
2025-05-17	39.92	0.51	1	0.44	17.51	17.53	17.53	-0.92	-18.93	38.7	43.56	13.91	16.69	57.54	14.26	7.91	16.82	16.82	16.82	16.82	30.13	31.21	31.85	16.72	12.55	25.67	25.02	17.64	32.74	53.18	18.08	4.82	33.23	-0.9	0.91	-41.87	2.01	-2.87	-3.24	-7.27	20.68	-10.1	-8.16	-26.32	-11.36	-9.33	-27.25	-10.27	-10.83	-10.78	-13.64	-10.69	-30.01	-30.92	-29.76	-30.45	-27.99	-29.75	-31.36	-33.52	-11.85	-13.75	-12.49	-20.6	-23.22	-9.27	-9.03	-10.9	-22.77	-8.11	-5.8	-5.77	-5.08	-5.26	-5.47	4.34	-2.86	-3.83	0	65.67	-3.32	1.42	15.68	19.35	11.18	16.16	10.35	18.92	56.86	11.2	10.81	11.15	63.64	62.73	64.23	21.49
2025-05-18	46.9	56.8	13.33	16.86	49.9	43.75	15.25	-6.2	0.35	5.24	16.86	28.12	46.43	0.44	-1.73	15.06	-20.77	-3.07	-4.62	-9.88	31.35	0.1	0.09	-0.09	6.84	5.92	9.75	-22.84	-13.36	4.25	0.06	-1.11	-1.87	-15.19	-58.44	-19.34	-4.62	-4.55	-21.45	-6.11	-7.46	-4.87	-6.87	-3.71	-6.34	-6.33	-8.27	-10.48	-17.92	-14.58	-17.8	-15.15	-7.58	-5.6	-6.08	-5.66	-12.2	-13.35	-16.56	-15.14	-15.13	-22.23	-19.86	-15.42	-22.53	-27.16	-13.09	-12.45	-21.96	-13.39	-11.28	-9.48	-7.41	-6.9	-24.78	-11.57	-54.6	-24.13	-3.14	0	-6.85	-10.9	-5.07	-10.37	-47.9	-50.6	1.44	1.99	-1.44	-0.86	-0.29	1.33	-19.35	-37.03	-4	-2.81
2025-05-19	4.18	5.61	2.95	0.26	0	0.09	-2.18	0.01	0	0	0	0.44	-1.13	-0.11	0.1	0.02	0	0	0	0.05	0.27	0.03	17.48	-30.68	-52.01	-44.81	-24.72	-65.79	7.33	10.1	8.85	7.15	21.64	11.08	4.5	2.64	0.89	0	-2.15	-4.1	0	-3.06	-5	-4.8	29.27	4.32	3.33	-9.29	-12.92	-1.34	-2.5	-0.05	6.16	-2.71	-1.66	-4.27	-11.69	-3.18	-29.03	-146.33	-99.56	-3	-6.27	-7.32	-4.84	-4.44	-2.99	-2.02	-2.69	-2.37	-1.99	-1.54	-4.44	-3	-15.22	-42.97	-34.18	-12.67	-5.23	65	-43.03	-5.39	2.57	5.09	37.91	45.01	67.71	35.12	16.84	6.63	4.39	-24.47	-19.08	5.53	10.4	5.69
2025-05-20	5.28	6	1.37	1.15	5.95	-17.78	2.13	0.45	28.99	10.91	5.93	3.9	4.63	0.15	0.22	7.14	8.29	4.34	1.28	0.26	0.26	7.98	2.58	-6.78	0.44	2.57	10.44	10.56	7.78	8.82	7.94	5.75	6.22	-0.39	-3.18	-7.97	-5.12	-17.59	-7.49	-9.61	-4.12	-4.25	-8.89	-5.39	-13.98	-14.14	-13.76	-13.33	-17.69	-17.6	-20.04	-22.07	-19.89	-19.06	-21.65	-19.68	-10.23	-12.77	-10.03	-10.37	-8.89	-9.74	-6.89	-6.72	-7.59	-7.14	-7.66	-6.38	4	33.61	6.07	32.64	-1.98	111.34	68.86	57.02	0.2	58.26	49.85	71.65	-10.94	64.29	52.18	87.96	202.87	124.37	118.88	7.65	13.36	4.2	16.1	7.06	27.35	20.87	29.3	-1.31
2025-05-21	31.09	7.39	6.54	1.7	19.3	7.87	9.6	0.94	10.53	17.38	9.69	8.54	15.95	18.1	11.4	11.5	17.36	11.68	14.88	9.03	22.66	10.56	22.79	23.34	11.11	29.37	7	30.62	22.97	16.78	12.94	10.92	-3.07	9.95	-1.21	-4.93	-5.1	-17.5	-14.66	-15.03	-18.57	-16.63	-17.46	-18.95	-6.96	-6.42	-6.38	-4.6	-4.23	-3.8	-3.84	-3.67	-11.71	25.68	35.17	34.49	-3.12	-3.86	-3.85	-3.34	-3.1	-4.51	-2.63	-3.85	-3.76	-4.55	-4.74	-8	-4.25	-3.88	-88.86	-1.61	-10.56	-4.91	-2.91	26.21	10.6	-21.51	-11.74	-4.25	-13.83	7.81	75.92	81.87	15.36	28.81	26.11	28.23	12.56	8.94	6.13	1.52	3.9	5.78	-3.96	-8.86
2025-05-22	5.23	7.13	6.9	8.33	35.52	17.38	15.34	7.65	-0.92	-35.43	-18.17	0.13	38.8	32.34	0.12	-0.36	-0.42	-15.72	-20.02	-10.24	32.31	-27.98	-32.25	-27.33	-25.37	-0.01	-6.52	-40.55	-30.9	6.76	0	-41.11	-28.11	-5.03	-2.48	-3.07	-18.93	-41.4	-9.96	-4.95	-2.02	-2.99	-1.7	-2.33	18.75	1.6	2.91	2.83	0.87	-4.44	-4.42	-4.99	-7.98	-6.85	-7.89	-7.91	-11.53	11.03	2.81	1.88	0.07	0.04	-1.92	-0.64	11.92	2.85	-3.68	-5.04	-4.1	-2.58	30.64	68.56	56.18	3.43	7.77	42.29	87.41	67.52	59.27	76.27	159.01	-15.29	59.32	57.07	-6.74	13.75	18.02	23.94	7.77	8.38	1.42	4.45	62.49	-6.45	17.47	2.31
2025-05-23	-0.33	-1.37	1.55	-2.13	0.11	-18.93	-17.49	-4.36	-0.06	0.01	0	0.03	0.02	0.04	0.06	0.08	0.07	0.34	-0.44	4.12	-6.2	-18.27	0.97	-23.07	-27.82	-31.5	-10.81	-6.1	-15.81	-3.55	-0.3	-4.99	-0.39	-5.58	-9.51	-11.04	-9.97	-8.61	-14.02	-19.46	-16.49	-16.49	-5.46	-7.46	-3.56	6.42	-3.86	-4.45	2.9	3.36	1.09	3.25	-3	-1.56	-3.92	-4.36	-2.42	-0.68	-0.8	-4.39	-2.92	-2.88	-2.83	-5.2	-21.8	-30.87	-5.37	-4.5	-5.01	-4.73	-4.41	-3.96	-4.14	7.99	2.99	-3.07	-2.22	-0.69	-2.22	-38.18	-75.72	-10.75	-7.27	5.76	4.97	6.28	10.93	10.2	72.7	8.04	0.55	3.67	3.64	4.27	4.27	2.19
2025-05-24	1.75	2.23	2.25	13.27	13.45	33.75	12.4	2.12	43.23	8.74	-5.37	0.5	2.17	-20.66	-0.79	1.46	0.96	0.82	0.19	0.34	0.33	0.26	0.22	0.17	5.43	-7.61	-29.03	-20.04	8.46	9.62	-17.64	-45.97	-18.45	-36.06	-48.81	-56.1	-7.8	-4.99	-6.33	-6.78	-9.77	-16.59	-11.65	-10.25	-22.38	-20.18	-17.51	-17.51	-9.56	-8.65	-9.95	-9.96	-10.52	-10.49	-10.45	-9.5	-9.03	-10.56	-9	-10.85	-10.93	-9.13	-10.99	-11.06	-13.47	-14.03	-9.09	-9.19	-10.38	-8.36	-7.7	-7.41	-6.75	-5.64	-5.25	-5.66	-2.9	25.65	73.11	62.7	-1.96	42.01	7.7	62.1	4.31	0.69	11.43	11.78	22.22	21.56	25.99	37.58	7.88	0.82	1.8	0.21
2025-05-25	29.91	4.24	6.39	4.22	29.72	56.45	0.14	-27.24	8.99	14.78	6.18	13.42	13.81	0.18	2.7	14.5	4.69	5.25	0	12.92	0.33	1.75	1.52	1.39	0	-0.45	-15.5	2.16	5.74	7.53	3.58	0.44	-3.13	-9.27	-13.48	-22.1	-7.26	-6.39	-9.86	-14.01	-17.69	-16.36	-17.61	-20.34	-18.29	-11.69	-14.76	-14.67	-17.98	-17.61	-13.05	-13.14	-20.01	-20.15	-23.42	-19.24	-17.32	-22.22	-26.58	-28.63	-25.85	-23.31	-22.67	-24.93	-27.75	-27.48	-25.42	-24.9	-20.78	-11.23	-10.81	-10.09	-12.19	-8.35	-4.56	-3.56	-3.03	-3.16	-3.16	-0.01	-4.98	-10	0	17.03	68.32	85.67	87.72	92.34	94.4	93.97	93.53	91.7	89.5	70.81	-16.64	-8.76
2025-05-26	5.17	-1.61	6.58	-8.76	1.32	-2.31	73.8	73.11	-0.79	48.59	48.59	48.59	7.25	6.53	-5.84	2.55	1.49	-6.21	-0.62	7.67	6.41	7.29	1.31	-64.18	-0.81	7.12	8.74	-2.3	-3.44	14	7.62	4.6	4.1	4.81	-4.19	-5.64	-2.97	-0.17	-2.12	-8.44	-6.75	53.18	61.74	-17.38	-4.27	-3.42	3.28	-2	46.21	66.68	70.81	70.51	60.03	66.84	63.05	-7.68	-6.3	75.94	74.58	-4.59	-3.41	63.92	66.46	70.88	-2.38	-1.85	69.29	70.76	52.17	48.61	82.61	-2.9	78.73	83.19	83.65	87.32	-65.26	-44.88	-1.65	84.38	8.21	80.16	24.56	97.93	34.28	90.65	94.74	90.67	115.24	39.99	27.84	38.5	43.08	46.37	8.59	84
2025-05-27	6.89	-0.7	-36.92	-19.66	1.91	37.06	6.71	-1.29	1.25	0.25	0.25	3.83	9.86	1.85	1.72	0.2	2.51	9.01	0.22	0.01	9.7	12.05	0.44	9.92	4.41	0.25	0.49	5.41	4.51	0.6	0.1	4.32	32.46	2.56	-1.28	-5.97	13.03	-1.9	-7	-8.94	-3.15	-3.2	-3.2	-3.58	-3.01	-3.13	-4.45	-4.36	-1.99	-1.99	-2.99	-1.95	60.8	-16.63	-16.51	-29.3	-81.57	-4.45	-9.16	-10.64	-5.18	-3.17	-3.09	-3.24	-6.34	-6.87	-5.75	-4.35	-2.81	-2.63	-0.02	52.91	41.66	65.25	70.16	83.29	-44.34	-7.82	94.16	101.95	9.03	88.64	79.77	90.49	57.51	108.56	120.38	111.97	104.33	63.67	73.53	61.67	96.65	33.75	55.43	-6.32
2025-05-28	-6.04	66.52	11.92	77.6	-14.58	1.11	-9.96	-9.96	80.75	70.48	70.32	172.43	169.01	81.5	76.32	83.5	33.96	8.22	-4.7	26.03	11.5	72.97	11.59	6.77	279.68	85.9	71.7	73.75	29.13	80.64	85.77	15.35	-58.67	-11.33	-15.75	-0.96	-0.3	-0.02	-13.84	-4.06	0.13	-1.32	-3.33	-3.02	-3.17	-4.12	-3.01	-2.75	-7.85	-6.93	-7.19	-6.43	-4.02	-3.59	-3.82	-3.81	-4.43	-4.38	-5.1	-3.98	-3.2	-3.17	-9.1	-7.48	-3.59	-2.57	-2.68	-2.34	-17.68	-5.87	-0.27	52.77	-1.46	-2.62	31.96	88.29	-33.78	-28.27	-3.83	-0.92	38.6	89.72	159.05	98.35	146.05	95.69	95.65	54.8	103.87	61.63	73.01	66.86	29.59	32.8	33.73	3.08
2025-05-29	-8.47	7.58	24.26	1.27	-4.47	9.68	-3.29	8.69	84.11	29.91	65.92	48.41	88.77	85.63	51.19	67.43	65.17	80.1	100.47	82.75	78.78	83.06	3.01	14.31	35.62	1.42	19.34	34.53	83.79	44.5	89.32	72.12	82.86	0.2	9.41	0.27	0.49	3.2	0.22	-2.09	73.52	-0.27	-57.79	-27.16	-2.14	-1.98	-9.87	-7.08	-0.14	-2.75	-3.72	-3	-3.5	5.18	-3.97	-3.82	1.27	1.17	1.38	-3	1.38	1.32	4.3	4.34	-3.97	7.95	61.82	80.66	-4.02	-3.45	63.4	5.07	0	95.48	159.37	116.97	114.79	120.23	-12.34	0.35	6.6	26.64	92.58	109.01	120.89	117.93	85.43	81.27	115.4	103.26	155.32	94	139.7	46.66	102.4	30.45
2025-05-30	102.84	40.61	37.63	91.52	149.03	92.42	91.81	36.32	30.63	24.86	42.92	28.03	80.27	29.8	81.89	83.17	87.64	29.42	89.49	85.42	127.83	90.8	89.35	33.7	77.29	15.21	22.64	10.15	49.89	45.17	65.01	45.03	43.35	26.22	24.41	-2.22	-2.45	-6.51	-85.68	-107.81	-44.04	-34.85	-8.57	-12.15	-4.72	-4.94	-5.6	-6.12	-2.98	-3.96	-3.69	-3.85	-3	-3	-3.01	-6.81	-6.95	-0.33	24.46	7.97	4.06	6.86	5.67	17.46	66.79	35.24	79.78	78.58	76.02	72.35	66.77	71.27	86.41	0.9	90.28	93.78	5.77	7.53	-77.51	0.25	6.18	-53.21	15.15	28.91	30.81	48.75	34.81	36.23	55.32	43.14	53.6	56.78	39.98	40.76	45.08	18.45
2025-05-31	55.36	66.71	52.47	29.74	50.64	77.47	91.99	10.1	36.53	96.47	94.62	89.07	98.44	96.31	56.9	15.88	36.83	47.37	48.85	62.11	76.96	88.54	53.04	77.15	50.36	52.7	56.24	61.68	51.12	89.27	3.64	12.1	2.97	-4.73	-11.31	-31.4	-3.17	-3.17	-3.09	-14.29	-3.01	-2.99	-21.7	-40.35	-6.19	-2.99	-2.78	-3.26	-10.88	-10.92	-5.08	-21.39	-7.19	-7.2	-4.99	-3.5	-5.08	-6.02	-4.92	-4.38	-4.6	-1.25	28	109.75	5.04	55.84	69.98	79.05	-29.45	-5.88	60.35	74.93	63.3	72.33	81.62	89.44	-28.51	-36.68	-1.56	-21.64	-14.85	-34.78	13.3	22.83	7.86	3.34	0	103.56	33.09	17.35	27.09	27.32	-22.34	2.46	4.7	5.29
2025-06-01	-97.67	-119.57	-24.75	-4.39	2.46	4.89	14	25.81	3.56	34.97	8.24	-35.08	-7.36	-27.78	-97.63	-21.27	2	3.48	37.1	36.21	30.92	27.79	46.02	76.12	71.47	27.61	74.88	25.28	5.56	13.7	8.78	-4.34	8.69	60.17	-5.23	-23.34	-2.21	-3	-12.05	-8.3	-3.68	-3.87	-22.98	-9.81	-3.55	-1.2	-2.86	-3.28	-2.16	-3	3.35	-5.62	-10.12	-7.51	-4.35	-4.9	-4.77	-6.85	-5.73	-7.9	-4.73	1.97	2.61	34.36	3.97	51.57	93.22	105.21	47.51	78.9	86.52	120.01	70.05	80.71	82.36	-4.73	-9.81	89.11	91.1	90.26	-1.28	6.24	-7.21	3.18	3.65	1.1	2	4.45	9.41	2.15	39.38	21.6	85.15	77.04	79.69	24.22
2025-06-02	64.87	51.42	-19.18	-46.3	-28.91	-17.27	-34.62	-75.67	25.68	-4.82	-13.75	-18.71	-30.24	-36.52	0.09	-9.9	0.34	0.24	5.42	-55.53	-17.51	-0.66	0.21	0.46	7.92	9.46	76.15	90.11	20.34	77.61	78.98	79.39	33.86	27.37	20.06	24.06	38.29	0.97	-4.15	-6.02	95.56	84.31	79.48	-1.62	-0.99	-1.67	85	85.22	-12.48	-10.2	-8.03	-7.43	-8.12	43.83	-0.14	-0.54	2.97	14.93	10.74	-0.06	-3.15	-1.13	-2.09	3.52	-1.95	-1.26	3.62	-5.82	-11.63	-1.58	45.88	63.4	-3.58	49.29	77.58	71.46	-1.44	2.92	71.77	89.42	11.75	16.07	34.92	52.92	21.62	36.42	34.51	51.23	57.59	59.48	39.39	29.22	43.16	-14.5	8.65	11.22
2025-06-03	8.83	8.13	11.65	15.3	22.76	20.36	51.46	14.43	15.02	6.51	9.99	10.76	40.2	40.49	71.64	92.54	10.08	45.08	46.76	43.48	46.58	56.83	27.79	45.21	18.06	64.67	38.48	65.27	36.38	112.83	105.53	104.5	92.86	92.21	97.29	4.28	0.11	91.44	86.43	-3.06	-1.2	86.59	86.95	104.98	95.04	97.74	-2.21	-4.58	98.22	95.78	-1.88	-24.54	-8.04	-2.33	-2.19	-1.3	-2.55	90.68	-1.06	90	-2.63	73.84	74.99	78.92	52.1	-3.93	-4.24	85.69	86.07	86.77	87.56	86.11	-23.04	83.23	17.72	84.61	-11.28	52.89	55.62	97.51	5.29	58.1	101.04	98.85	114.18	136.07	172.19	116.55	107.84	111.36	114.26	109.39	103.03	72.89	72.15	73.86
2025-06-04	99.16	99.32	100.35	58.27	102.69	102.67	99.26	97.09	97.3	95.05	95.58	93.67	92.84	93.27	93.1	46.5	48.69	51.28	87.97	50.11	89.38	39.56	52.26	65.62	151.66	80	91.49	93.62	97.96	122.43	85	93.58	114.28	115.67	103.51	95.72	97.2	87.89	77.8	-14.74	20.94	19.74	-35.02	-11.41	-0.05	-1.98	0	-0.16	-3.42	-1.72	-0.51	0	44.51	-0.04	-0.73	-6.77	-3.44	-1.42	-2.12	-1.57	-6.6	-3.15	-1.29	-1.97	-1.45	-2.81	-1.02	-1.12	-1.98	-1.22	-1.01	-1.68	-20.72	0.02	83.41	90.53	0	0	59.45	136.2	112.3	141.73	168.93	139.66	94.88	84.81	194.05	129.31	264.28	151.74	66.33	72.73	51.5	86.39	71.92	67.16
2025-06-05	93.08	90.79	75.55	72	80.44	67.32	69.55	47.61	19.99	20.1	42.32	44.93	56.72	47.05	80.19	57.9	35.75	74.8	72.94	78.79	72.37	65.41	72.7	76.13	59.94	78.31	78.09	91.73	73.99	83.83	119.4	85.02	107.34	72.99	-0.88	-4.22	16.65	12.77	-0.87	-2.38	-2.84	-5.45	-2.46	-10.14	-2.52	-2.6	-2.66	-2.6	86.81	85.04	86.57	-2.97	-2.53	-1.16	-1.01	-1.01	-0.99	-0.99	-0.99	-0.99	18.6	67.26	67.05	-2.22	-28.93	-8.46	-4.17	-2.08	-2.14	8.23	4	55.58	-105.19	-41.16	-14.31	3.18	-3.78	-0.72	88.62	-0.98	27.81	42.29	59.55	108.98	86.92	113.71	75.85	96.14	70.1	89.32	91.19	95.47	86.03	86.77	97.94	86.34
2025-06-06	94	100	103.63	101.73	52.86	123.66	58.66	53.7	42.77	129.97	130.6	119.45	120.22	70.79	74.93	112.78	112.28	112.28	112.28	80.49	113.8	113.81	113.81	77.28	95.03	95.83	95.93	96.64	99.77	100	100.96	95.74	60.49	51.21	1.15	6.52	-67.09	-86.22	-25.03	-5.86	-3.02	-3.1	-3.2	-3.12	-1.69	-9	-2.98	-3.56	-3.24	-3.13	-3.13	-3.27	-3	-2.95	-3.42	-3	-8.93	-7.55	-8.25	-20.07	-9.96	-3.68	-1.24	-1.7	-0.22	-0.96	-1.29	-1.24	-10.78	-38.5	-3.32	-2.28	-3.02	1.36	64.3	90.84	62.05	124.5	92.65	7.71	145.59	102.4	102.74	107.05	77.72	119.14	130.75	132.96	114.77	139.03	99.89	99.89	111.27	111.84	116.72	113.85
2025-06-07	71.25	68.82	80.7	109.17	56.39	106.77	103.78	103.78	70.81	101.58	101.58	66.86	48.85	100.6	100.6	67.71	50.94	63.33	56.89	61.84	28.93	75.88	75.4	76.32	2.16	1.3	47.15	55.21	36.34	66.53	70.14	10.25	10.49	2.77	-3.98	-5.31	-0.04	-1.84	-3.17	-3.2	-6.5	-7.92	-7.93	-7.87	-2.95	-2.99	-3	-2.97	-7.64	2.27	5.25	-7.87	-3.75	-3.77	3.56	1	-1.21	-3.31	-3.43	-4.22	-2.18	-2.89	-12.91	-18.13	-11.06	-9.21	-3.07	-2.95	-2.97	-2.98	-2.98	44.97	-2.06	-3.2	-3.2	-2.94	-4.35	-0.34	90.02	98.39	108.27	101.83	118.46	137.36	9.79	49.67	23.12	-15.39	76.44	102.1	48.66	66.48	97.36	100.35	96.77	95.34
2025-06-08	44.36	101.97	39.16	60.03	55.91	51.92	70.97	80.63	55.02	48.92	37.96	87.38	85.91	74.39	75.45	80	70.84	70.36	51.35	52.75	54.37	81.02	72.53	63.91	78.89	76.54	32.13	19.2	16.95	20.56	2.47	0.11	-0.4	-1.87	-13.33	-59.06	-11.78	-10.95	-3.35	-5.44	-1.99	-3.17	-3.16	-4.12	-3.12	-2.96	-2.99	-2.63	-2.43	-2.9	-2.9	-2.51	-2.98	-2.99	-2.51	-2.35	-2.44	-5.88	-5.7	-3.3	-2.39	-2.74	-2.15	-2.79	-4.49	-8.14	-4.61	-2.67	-3.67	-2.58	14.23	135.16	-5.66	3.48	17.69	0	-0.07	0.07	0.04	97.95	92.1	99.2	130.38	141.26	113.93	117.31	121.14	124.89	125.79	96.96	97.31	84.41	81.6	88.61	86.45	100
2025-06-09	59.64	32.56	52.53	68.78	100.57	45.88	55.87	56.64	47.73	52.36	60.07	48.82	61.32	93.77	91.15	70.71	38.15	95.58	94.58	67.27	74.79	91.12	58.82	63.03	73.55	95.6	95.39	93.02	59.3	71.65	77.2	63.46	58.64	24.03	24.46	10.29	0	-0.02	-1.1	-0.26	8.26	-1.05	72.3	83.12	80.31	-2.04	-1.14	90.06	87.88	72.28	76.4	-0.99	70.45	70.72	76.57	-4.25	-2.18	-1.03	-1.51	-2.09	-6.03	-8.17	-2.79	-1.39	-0.94	121.9	115.65	-1.1	88.27	-2.71	94.12	118.08	94.51	95.94	95.56	99.92	48.28	59.6	103.72	65.96	99.36	76.08	80.07	79.22	-18.46	66.3	59.61	87.69	83.93	152.87	85.04	115.28	141.41	111.71	-78.43	-73.05
2025-06-10	15.2	44.4	53.02	-7.31	65.21	72.43	67.48	42.65	62.36	32.98	46.24	59.23	61.9	69.64	65.86	60.75	72.15	71.91	71.88	72.57	85.65	86.83	84.35	85.59	85.19	82.36	82.08	82.52	78.92	79.46	78.46	79.12	82	80.22	79.06	76.79	73.76	74.92	12.82	24.45	58.85	73.38	62.03	0.87	-0.78	10.4	29.33	11.85	56.56	49.77	4.5	14.49	105.43	114.85	96.88	27.56	90.08	116.88	112.24	102.46	26.98	-0.67	6.93	128.15	31.94	117.23	127.16	157.01	-37.89	129.57	-4.75	134.15	-35.37	38.47	162.38	65.31	72.81	116.69	120.97	114.84	67.35	34.91	53.71	84.13	89.66	84.48	85.13	1.89	69.53	70.59	44.44	63.36	79.62	79.58	72.15	66.26
2025-06-11	56.56	51.59	61.82	64.91	76.25	73.79	70.87	70.5	112.77	59.92	61.96	63.08	46.88	112.89	111.24	112.66	120.96	60.5	27.5	50.73	67.27	75.76	85	61.25	72.73	80.45	76.33	77.83	38.66	35.24	50.84	48.24	99.99	120.3	84.39	106.59	121	130.62	119.33	127.71	16.97	25.78	4.03	-131.68	-6.97	-5.18	52.7	52	90.9	-1.68	-2.37	-17.8	-3.63	3.66	-1.01	-1.09	-1.07	-1	-1.27	87.44	-2.32	-16.32	-3.42	-2.46	-34.44	-6.96	-1.04	46.11	-30.78	92.9	85.75	97.01	2.64	-18.71	-5.89	-3.2	-32.9	27.05	104.1	119.96	99.78	64.01	54.48	53.62	52.93	73.26	68.62	78.07	70.69	74.26	72.34	77.98	95.02	83.63	58.97	43.46
2025-06-12	36.59	69.05	106.97	108.16	115.9	114.18	115.96	64.82	132.17	47.22	52.72	46.66	59.04	117.12	59.16	116.28	132.25	65.79	57.75	115.21	51.97	46.88	38.34	53.24	35.67	92.27	93.96	89.92	96.46	91.63	60.4	45.87	79.67	59	31.39	3.07	84.72	54.87	-0.18	-3.56	-14.97	-3.98	-0.26	-2.77	-2	-1.97	-43.46	-1.9	-6.47	-2.94	-2.7	-2.87	-5.35	-5.4	-5.4	-5.33	-2.9	-4.47	-4.47	-5.33	-2.97	-2.88	-2.98	-2.99	-5.05	-2.87	-2.94	-0.96	-3.31	71.65	146.01	95.76	-1.89	91.38	-1.11	111.76	93.51	115.08	229.61	115.74	85	118.33	122.56	113.6	119.04	119.61	128.09	124.94	119.23	101.7	91.8	90.08	95.83	69.82	89.04	89.3
2025-06-13	104.85	104.26	97.03	90.33	96.08	96.24	95.44	93.65	92.92	94.02	97.14	94.9	94.01	92.92	93.59	85.23	89.24	92.04	92.07	92.48	98.1	97.37	85.64	88.7	80.43	83.32	87.8	87.96	96.03	94.5	94.77	91.05	63.35	62.55	60.45	65.41	97.22	11.99	-1.4	-3.34	81.58	-33.61	-25.77	-0.65	0	53.73	-3.4	-3.59	81.64	73.55	67.08	-1.1	73.7	-0.99	54.15	-4.3	-2.22	27.67	82.37	77.31	76.42	58.15	65.11	68.61	38.27	93.15	93.54	-1.41	-4.31	84.59	91.47	96.6	-3.09	-2.45	-6.4	0.26	32.65	-9.17	57.85	116.52	7.97	0.2	70	81.29	73.48	81.3	81.84	90	81.78	84.37	89.86	91.03	98.2	97.5	93.62	83.97
2025-06-14	216.03	195.81	116.17	112.31	117.54	113.06	113.71	113.92	122.53	116.59	111.81	109.93	115.82	119.44	117.29	115.75	117.48	116.44	116.62	117.11	116.01	117.86	69.58	55.32	68.8	111.3	113.32	109.62	105.02	106	104.32	104.66	104.74	28.37	22.97	0.46	-4.24	-1.88	-7.69	-14.27	-2.06	-1.56	-1.53	-1.48	4.85	15.99	6.75	-1.86	3.08	3.28	-2.36	-3.92	-3.46	3.72	8.66	20.07	77.52	70.06	69.02	68.52	-3.01	-2.21	-1.96	-1.53	-5.77	-1.71	60.96	77.81	-20.67	-35.55	81.01	71.67	-3.87	-3.64	-0.65	-0.52	93.28	-4.95	-9.94	107.42	19.82	78.03	111.01	114.55	105.27	116.75	116.52	117.83	119.43	79.33	121.89	119.26	75.7	61.39	108.9	73.96
2025-06-15	103.65	101.3	99.05	45.75	107.56	104.05	103.81	99.76	100.68	104.71	100.08	107.15	88.03	88.99	88.08	6.48	84.6	90.36	89.12	88.45	1.3	-1.76	-4.74	-1.97	88.85	87.63	83.11	85.05	86.52	86.05	5.55	2.35	-8.49	-11.25	-7.55	-9.94	-3.18	-3.11	-2.99	-4.92	-2.97	-1.62	-3.27	-3.23	-3.13	-2.95	-3.49	-3.02	-2.92	-52.45	-2.97	-2.63	-3	1.51	-2.12	-1.98	-1.5	-1.6	-1.89	-1.97	-6.79	-2.5	-1.8	-3.29	-2.48	-0.75	-3.29	-2.02	-3.09	-1.99	3.27	-1.61	-14.25	-19.17	-2.92	-2.45	-2.3	-2.99	-0.01	0	23.6	76.4	20.89	132.31	46.85	102.54	100.51	108	102	98.71	99.09	96.24	97.48	89.71	16.31	33.87
2025-06-16	108.17	102.84	-2.73	-21.58	-1.69	-8.29	-36.47	-30.82	-6.81	-8	-3.31	3.32	68.82	92.25	89.11	95.25	91.15	94.47	95.5	95.8	98.9	96.61	6.08	5.49	36.15	101.31	27.42	8.19	43.14	99.7	96.99	96.56	97.25	95.08	0.69	-12.21	9.64	93.88	90.91	-19.62	-6.53	-1.89	-1.92	0.16	-0.09	-1.4	71.07	76.11	-1.54	80.04	76.75	-2.7	-7.28	-4.19	-18.03	-22.61	-5.89	80.39	86.27	-27.79	-28.28	-2.67	-24.78	-42.24	-195.38	-141.86	95.31	96.69	-0.02	-9.8	-2.33	95.72	54.07	59.07	46.9	112.31	99.07	102.1	114.12	124.35	90.54	106.15	109.6	120.61	114.71	131.97	113.86	123.61	128.8	115.07	99.85	115.95	102.25	92.02	93.92	77.79
2025-06-17	75.81	97.16	98.67	94.84	97.35	95.04	98.95	97.41	34.1	77.22	119.32	45.09	82.32	85.31	76.27	128.03	82.06	114.75	117.09	116.37	130.49	110.76	81.49	83.65	79.32	92.24	92.16	70.13	94.63	98.06	95.01	90.87	80.01	86.45	81.44	85.92	24.46	9.07	-36.29	-39.82	-65.18	103.04	98.53	97.04	-7.26	-10.14	-15.43	-0.48	27.19	-2.99	-3.46	-4.24	-2.03	-2.18	-2.01	-3.05	-1.6	21.27	-1.13	-2.48	-2.87	-0.89	-0.06	-5.55	-4.79	86.72	4.67	101.35	66.52	53.08	52.61	98.63	57.3	57.58	99.04	67.72	37.42	65.43	47.93	48.71	-240.29	50.11	70.92	98.95	99.73	80.74	153.97	148.57	115.42	136.62	101.85	93.9	98.75	99.31	92.59	87.93
2025-06-18	97.12	99.01	98.85	97.62	103.78	101.88	99.29	101.59	99.62	99.87	98.92	98.74	100.42	100.05	95.61	96.42	98.12	98.84	98.91	98.47	94.83	95.68	92.91	94.27	85.23	89.06	93.39	100.88	92.97	95.94	97.33	93.29	104.99	92.97	91.75	91.3	60.72	70.23	97.44	89.76	12	8.61	-10.45	-4.04	3.25	17.05	25.04	21.96	20.09	31.45	7.2	12.68	25.5	30.92	9.82	5.95	6.22	12.63	1.13	24.61	3.78	3.77	50.65	89.78	20.9	59.48	111.38	114.89	107.82	105.6	109.94	114.66	119.36	124.06	121.45	122.45	100.21	102.94	98.55	143.58	73.35	124.77	151	152.81	177.12	142.77	194.74	195.49	168.79	164.83	121.91	63.33	77.76	105	100.06	104.98
2025-06-19	98.98	100.21	97.8	97.7	68.05	84.74	82.03	83.06	92.16	90.06	84.12	78.9	109.03	111.82	79.96	79.86	91.72	88.3	83.58	86.37	80.81	91.54	91.4	92.12	97.79	95.87	101.78	96.63	103.89	104.52	101.46	100.75	100.13	136.94	178.59	135.49	151.79	132.54	77.44	89.06	113.24	117.98	164.54	115.86	-19.62	23.65	97.53	-24.37	-28.5	-3.55	9.04	18.47	17.59	-4.52	36.58	62.14	9.58	9.3	0.23	19.22	78.06	39.05	20.88	89.47	95.94	35.9	10.46	44.27	196.94	129.19	81.93	30.3	-6.76	67.69	115.48	-60.69	-11.62	59.41	77.89	61.07	38.16	86.34	84.4	92.08	87.65	89.09	91.55	92.43	93.58	91.37	91.75	97.58	98.49	88.17	95.19	92.88
2025-06-20	98.05	134.2	92.43	92.67	92.15	89.01	87.71	73.74	137.45	120.27	115.65	80.44	74.04	90.41	85.02	76.94	86.41	92.96	94.64	81.91	92.41	97.19	96.39	94.23	78.96	74.21	89.74	91.29	78.33	78.42	70.1	72.58	78.66	53.4	50.5	22.02	23.46	3.39	38.2	14.44	27.24	28.41	10.61	8.56	2.61	4.42	4.62	16.93	1.54	10.67	17.37	13.25	0.91	0	12.29	-1.01	12.69	26.92	25.58	19.4	2.13	5.14	57.98	99.63	91.96	91.28	101.34	119.46	97.43	102.54	106.19	111.81	7.38	50	111.18	72.93	80.34	123.62	97.55	92.57	84.08	137.63	135.09	106.05	114.91	106.78	106.36	100.4	100.33	91.86	95.19	91.09	97.74	95.1	95.03	92.95
2025-06-21	154.36	98.72	99.07	97.81	95.76	98.3	94.65	98.32	95.69	97.62	91.71	95.42	89.84	97.05	98.18	97.62	88.58	80.68	91.43	84.11	124.46	120.36	84.57	85.09	66.77	96.87	79.89	83.12	38.65	84.94	98.77	98.36	111.35	80.75	67.39	19.07	37.4	-1.32	-0.89	-2.8	34.33	9.87	-1.38	-4.06	-5.33	-14.51	-1.04	-4.7	-11.07	-20.69	1.55	0.22	4.22	-1.96	-2.72	-0.59	-4.98	-3.79	-0.1	-4.19	-6.88	-6.21	-5.61	-2.78	-2.47	-4.59	-1	52.13	3.83	4.54	-6.76	156.84	95.57	120.36	110.4	90.92	-48.12	-8	12.2	24.53	13.67	67.63	68.36	79.12	93.01	80.81	84.7	72.54	97.18	97.67	97.98	98.12	99.01	97.57	97.44	97.66
2025-06-22	97.93	95.26	98.9	98.89	98.53	135.01	130.2	75.41	84.06	93.12	119.96	119.74	77.57	95.97	87.49	77.16	97.36	85.69	83.37	66.54	88.57	92.64	97.38	97.1	76.73	75.12	65.42	-7.16	82.14	82.66	68.82	-3.04	105.25	123.24	0.72	2.38	224.39	92.79	-23.27	-4.15	6.57	-0.03	-12.08	-5.42	0.9	-4.59	-8.5	-9.27	-2.56	-3.34	-2.75	-4.72	-6.53	-4.65	-3	-2.01	0	-16.88	-4.3	-3.02	-2.91	-3	3.18	-4.02	-1.96	-51.72	3.39	-4.25	-6.34	-0.97	-5.76	-37.49	-2.01	-1.03	5.75	6.23	-3.02	70.99	78.35	82.63	7.95	18.31	81.97	91.1	66.74	73.03	99.46	94.08	90.34	90.81	70.18	61.77	92.46	76.39	48.07	33.92
2025-06-23	95.29	76.45	93.41	96.7	99.3	94.26	97	95.44	91.03	91.27	90.01	85.78	74.03	88.23	93.79	84.22	84.96	120.83	123.25	124.72	49.42	56.52	56.42	57.23	75.88	82.98	83.67	116.94	96.22	97.6	96.86	60.2	88.47	71.62	69.49	7.53	108.89	113.8	125.93	123.16	48.8	6.74	36.93	84.19	13.97	7.6	13.02	0.81	-6.7	0.87	2.88	-4.55	-50.82	-4.81	1.58	2.24	8.8	2.33	1.14	2.07	1.98	-1.46	3.44	3.46	8.7	138.17	111.14	130.41	143.17	139.98	146.25	168.09	143.68	152.8	157.02	82.28	105.28	150.49	99.63	149.16	102.42	98.33	119.96	145.06	148.22	189.4	167.83	185.96	170.75	145.44	117.17	94.33	106.31	100.94	84.99	84.25
2025-06-24	97.58	98.12	96.72	97.78	103.74	102.64	98.03	97.94	111.3	87.29	92.05	91.27	96.78	96.94	87.95	29.65	50.79	89.58	92.83	95.17	97.69	100.09	100.93	102.06	100.32	102.18	60.17	62.11	93.62	97.18	96.85	99.88	98.79	98.78	98.74	89.35	70.86	69.61	92.67	84.88	82.12	70.2	117.41	117.56	112.19	112.43	8.27	40.86	0.76	20.35	82.69	71.41	-1.32	-6.76	3.06	3.62	0.32	0.79	3.64	4.15	3.82	16.54	88.65	3.66	0.78	102.35	2.5	-0.39	-25.81	-3.32	21.94	114.68	33.94	50.03	104.31	89.09	73.26	53.42	36.8	39.58	13.94	54.25	74.92	93.09	94.55	94.21	94.93	95.42	95.45	96.39	71.59	90.01	97.52	93.84	93.42	73.48
2025-06-25	86.43	88.89	99.73	142.43	99.52	98.98	101.43	98.56	104.94	100.08	121.44	129.81	157.21	127.04	125.9	130.34	129.11	127.18	119.39	98.99	98.86	71.43	106.81	97.9	98.09	94.89	98.77	92.51	97.44	98.7	94.35	101.38	88.05	106.49	41.78	43.57	147.41	92.75	74.14	50.68	142.92	12.79	-4.55	4.03	65.48	21.59	38.34	46.63	68.21	14.27	98.87	22.86	-1.5	7.73	13.1	2.83	-2.55	3.43	2.42	6.93	-0.14	4.54	4.33	-3.06	-4.27	-5.62	-4.92	-3.74	15.37	-4.14	-0.02	3.81	-2.66	-5.49	-2.92	29.39	-16.88	-12.03	1.26	5.7	1.43	0.01	47.32	87.16	94.18	95.42	99.95	99.17	107.95	104.42	104.08	96.64	98.4	97.59	92.98	87.01
2025-06-26	101.45	88.44	85.96	91.66	95.36	92.94	76.31	76.26	98.92	100.78	94.85	66.42	82.64	85.3	88.03	54.2	62.49	100.93	95.8	70.32	79.76	84.38	82.97	80.04	69.28	76.17	66.09	90.75	84.69	87.43	86.66	78.65	54.73	32.06	7.49	5.26	0	-0.93	-2.15	-13.58	-3.36	-3.25	-2.98	-3.22	-3.32	-2.75	-1.66	-3.4	-1.66	-0.25	1.38	-4.1	-4.51	-4.14	-2.9	-3.47	-1.76	49.67	79.53	31.09	27.23	27.75	10.38	12.31	41.67	98.01	5.01	101.73	101.26	105.74	99.97	100.09	6.73	106.53	109.93	109.19	106.97	111.08	116.4	112.14	87.91	81.89	124.92	132.74	93.74	156.87	161.31	160.54	125.85	105.87	119.28	108.5	95.71	99.74	118.4	92.98
2025-06-27	118.45	124.53	102.88	92.57	123.06	119.44	91.93	70.98	92.38	120.84	117.96	87.34	76.39	76.51	92.39	86.43	118.44	65.96	60.64	85.41	83.46	119.51	108.35	94.28	69.89	85.71	105.75	76.69	63.95	86.54	85.15	82.74	82.28	73.48	79.38	65.11	103.73	96.28	48.75	35.87	106.04	46.39	84.67	14.31	54.06	49.07	4.64	95.09	103.82	29.48	104.76	105.73	0.87	1.44	16.04	3.77	-2.36	15.7	29.09	1.05	-10.06	3.68	128.73	107.94	14.4	0.14	118.55	120.5	77.11	68.18	51.37	15.3	27.98	110.98	116.6	121.12	63	71.51	59.99	116.29	79.15	71.16	70.87	84.66	106.79	102.39	143.24	143.53	85.54	128.86	108.5	123.59	122.51	87.52	91.42	88.21
2025-06-28	83.32	104.28	111.15	80.76	84.28	107.54	101.35	86.85	97.35	106.63	88.76	93.47	100.03	84.03	77.41	74.07	119.02	114.45	72.38	79.33	56	71.77	73.3	68.28	88.62	113	96.76	67.64	71.98	76.4	74.57	72.85	92.62	68.45	98.77	38	48.75	-12.8	-141.2	-91.66	-29.94	-24.82	-7.94	112.07	3.17	7.93	2.65	7.69	29.86	72.51	0.32	10.08	15.32	88.6	88.68	95.84	88.64	97.09	29.17	13.51	8.71	1.42	-2.21	4.27	-1.88	-3.24	-0.54	-1.3	1.27	2.28	5.12	14.61	28.53	8.07	26.26	110.56	58.35	105.13	120.83	104.62	86.16	90.79	121.35	137.52	135.19	137.69	136.69	139.68	114.34	111.67	106.11	105.06	119.37	119.7	120.49	76.53
2025-06-29	72.93	121.14	57.92	57.94	86.01	118.87	48.92	66.92	120.26	120.91	50.97	91.93	117.34	69.36	67.1	71.72	108.5	86.05	88.28	90.31	117.53	90.39	121.95	122.13	112.33	69.53	77.87	79.67	82.5	70.1	74.53	94.84	58.1	65.37	60.4	4.91	10.12	10.05	-1.63	-3.77	6.37	1.54	-1.23	6.8	1.91	1.75	-0.69	-1.06	3.89	-1.29	-1.1	-1.22	-0.61	-1.97	-1.02	-0.88	-0.73	9.52	8.28	2.08	2.59	30.42	16.71	3.56	8.24	61.29	63.4	73.35	8.92	88.91	91.06	97.46	73.85	89.91	17.54	95.64	66.7	78.63	102.5	125.55	76.26	80.01	98.73	115.72	52.51	96.94	84.62	87.5	100.23	90.23	90.57	84.66	84.4	84.26	90.59	85.14
2025-06-30	93.49	72.78	72.77	74.81	92.7	28.87	70.35	71.9	71.35	69.17	75.48	73.29	80.19	79.19	78.79	76.47	78.56	85.42	72.12	87.9	34.96	78.58	78.47	72.92	77.24	74.16	75.73	78.51	94.55	86.22	74.1	67.44	81.5	65.01	57.92	64.53	74.05	73.81	69.07	65.59	207.87	72.41	28.39	3.43	-1.43	98.26	21.5	-4.59	0.22	96.97	58.04	0.15	-2.38	96.24	102.71	105.35	7.28	6.52	37.43	1.8	50.03	98.39	104.27	98.61	17.39	119.18	122.12	152.21	67.77	62.19	133.31	139.84	47.96	59.47	58.57	128.91	48.28	65.39	59.04	113.12	80.13	96.28	133.22	131.67	98.53	142.94	126.01	92.28	131.02	105.05	146.21	151.85	152.09	71.45	68.82	79.85
2025-07-01	142.38	86.21	134	96.94	134.84	101.74	82.71	70.3	80.48	81.44	85.82	85.73	137.68	110.41	105.74	107.14	100.32	99.38	121.44	93.54	73.58	82.44	95.79	88.2	96.63	99.32	89.41	69.86	83.45	88.79	92.07	81.31	87.08	103.71	84.59	70.13	52.45	58.16	48.99	47.57	58.1	88.61	43.38	31.03	121.72	123.68	12.25	16.01	5.38	112.53	143.79	148.04	215.08	18.31	7.04	1.37	54.92	123.56	43.54	5.25	16.3	56.39	77	60.98	14.02	-2.75	2.91	-5.84	35.35	50.74	119.44	117.56	2.83	-6.52	14.2	56.7	20.44	79.34	126.79	85.39	79.86	92.97	127.57	128.78	21.88	-8.63	-65.7	48.88	76.75	71.05	70.14	70.23	100.25	87.93	79.79	83.66
2025-07-02	120.17	122.68	107.41	87.37	81.16	82.05	81.29	97.87	69.88	78.6	89.34	76.7	68.57	124.9	75.4	65.54	71.71	76.86	89.89	88.05	88.11	95.01	89.78	76.84	69.11	100.14	75.88	76.92	82.26	82.73	101.87	93.1	96.3	90.29	60.49	69.14	132.38	105.47	44.88	50.38	112.03	104.56	108.9	6.59	128.94	132.95	6.95	-1.31	47.02	62.01	62.86	43.26	14.55	7.3	2.45	20.56	69.67	139.72	169.93	1.65	-1.6	5.28	173	-2.38	-6.52	2.68	1.28	138.92	-2.14	102.77	103.3	122.44	1.44	5.06	9.82	110.29	52.62	111.33	56.39	52.63	50.09	85.08	66.96	88.85	71.48	76.13	127.95	127.1	126.76	83.91	31.06	74.31	74.53	83.25	92.65	74.03
2025-07-03	75.58	116.41	71.97	74.71	69.02	76.56	109.25	97.28	153.61	125.26	101.13	94.34	120.52	57.64	52.94	71.68	87.12	70.35	48.32	52.78	65.8	58.6	49.91	54.2	72.52	81.01	75.6	75.48	72.87	95.47	86.57	52.07	119.89	64.34	59.87	62.35	44.54	37.19	-5.89	-8.56	-1.82	84.98	80.42	52.22	1.65	3.16	15.36	8.52	15.31	20.11	51.01	22.72	20.25	16.52	45.92	27.64	14.71	15.97	108.82	13.99	34.66	34.48	81.64	88.9	9.58	32.87	16.25	52.26	65.36	77.19	37.95	148.63	37.25	19.67	184.06	39.46	62.45	123.21	258.39	150.98	104.41	95.41	118.85	118.5	83.93	115.6	85.24	74.98	83.87	81.52	91.54	83.29	99.9	91.09	90.12	72.21
2025-07-04	87.42	76.66	87.92	100.85	107.75	130.3	106.39	86.68	57.8	71.32	59.42	47.03	74.76	70.2	70.64	69.44	73.24	73.06	55.17	46.06	56.26	58.27	68.78	68.33	70.7	70.62	70.5	124.1	95.78	99.51	112.39	70.94	56.68	105.57	71.88	83.62	107.37	76.06	8.03	20.51	22.3	22.66	38.95	-1.84	0.05	94.36	90.4	5.92	-0.35	-2.11	12.62	52.73	14.63	29.7	40.88	34.03	68.69	91.79	75.82	73.53	92.66	88.18	95.2	2.23	9.81	87.47	67.37	58.06	51.95	54.94	55.14	125.48	108.11	49.48	60.3	127.95	115.43	59.23	60.59	68.18	88.45	85.73	84.3	92	94.88	87.72	100.33	111.3	115.16	109.38	112.42	110.75	109.67	112.51	105.39	82.07
2025-07-05	86.44	70.96	71.47	70.4	74.32	78.4	80.2	76.79	70.66	13.97	64.17	69.32	58.75	66.76	66.61	69.69	77.14	63.57	57.84	77.05	57.06	67.37	65.57	48.21	61.79	74.41	67.02	69.2	75.05	73.24	67.54	73.04	74.44	69.2	58.07	21.72	-5.66	-8.87	-46.63	-27.87	-3.85	-21.51	-21.7	-22.92	-4.43	-4.97	-7.87	-5.47	-21.77	-21.13	-7.85	-13.83	-8.68	-8.89	-5.74	-4.52	-4.39	-3.89	-3.44	-3.47	-5.23	-5.17	-5.18	-5.23	-13.63	-226.89	-49.16	-3.39	8.2	-20.61	-22.24	-5.13	88.36	90.98	114.64	23.25	44.19	103.93	59.39	19.33	35.87	58.13	60.53	57.26	58.74	55.46	79.83	79.58	78.75	78.14	59.35	56.2	53.61	59.71	56.98	33.7
2025-07-06	65.04	64.32	59.26	56.51	69.99	63.48	69.03	67.17	105.65	105.35	111.61	109.78	113.16	112.46	76.17	56.94	72.27	59.22	68.81	66.39	77.05	75.85	77.22	108.33	94.84	95.52	102.69	99.84	99.63	100.74	90.28	70.34	14.38	93.9	88.88	-8.08	-5.28	-7.4	-14.6	-18.47	-15.66	-14.31	-18.37	-22.41	-14.62	-7.48	-13.15	-4.75	-11.02	-12.24	-12.17	-11.91	-18.05	-17.24	-13.49	-10.04	-13.4	-14.29	-13.47	-14.98	-16.09	-19.73	-17.66	-20.2	-5.58	-2.81	-2.95	-3.37	-4.06	-4.76	-8.43	-3.2	-4.42	-4.19	-3.73	-0.06	-0.98	23.39	83.74	-0.33	45.83	112.33	113.69	116.57	-22.14	58.2	109.92	115.07	88.62	84.33	117.31	112.4	148.1	118.61	63.64	65.03
2025-07-07	112.94	76.71	74.8	107.22	108.33	107.54	62.82	65.23	96.55	56.01	62.97	69.12	84.75	87.91	61.73	59.56	84.96	72.35	67.65	62.67	61.73	64.94	79.66	57.45	52.83	79.63	98.62	75.79	98.89	101.39	108.95	80.18	53.41	97.69	97.11	9.43	0.73	95.45	-24.17	-4.2	7.5	-2.87	-1.25	-0.42	0.85	-1.61	-1.35	-0.88	-1.45	-2.29	2.39	1.15	-1.98	1.21	1.38	-3.9	-0.99	6.15	6.56	-4.34	-5.94	-2.49	-12.55	-4.58	-2.77	-2.72	-2.51	-1.3	-0.39	-0.78	-0.6	-1.72	-0.93	0.03	0.3	1.34	-1.75	-0.77	6.46	-8.89	6.02	100.82	101.65	118.21	110.95	132.36	114.42	58.91	112.06	110.19	109.98	106.98	116.69	44.99	24.49	33.29
2025-07-08	23.69	38.85	-39.37	-134.88	-15.93	0.75	34.27	-10	30.04	17.31	86.56	82.64	100.24	97.57	36.95	27.91	53.81	74.06	15.26	22.65	45.81	98.1	98.55	-9.94	-3.62	91.65	33.22	29.14	37.97	85.92	85.96	46.75	94.36	34.19	15.63	-8.1	0.08	22.37	92.53	-0.67	-0.1	-0.01	4.98	-17.61	-4.89	-6.51	-10.11	-9.97	-9.98	-9.97	-10.1	-11.58	-4.63	-4.02	-3.93	-4.13	-4.84	-4.65	-5.36	-5.16	-3.3	-3	-2.99	-4.31	-1.82	-1.5	-2	-2.5	-0.56	-0.66	-0.54	-0.72	-1.4	0.01	0	141.47	32	57.9	44.9	79.89	143.57	78.79	110.09	119.72	122.67	134.86	74.26	120.97	120.16	119.75	77.41	78.13	72.14	55.29	83.25	81.29
2025-07-09	27.36	68.03	64.17	69.5	59.95	74.1	73.99	76.47	75.82	58.94	55.52	81.23	67.83	76.5	78.01	83.27	75.65	72.94	98.92	96.54	95	78.76	66.2	78.66	43.42	75.05	69.98	76.09	90.65	66.19	108.26	123.46	75.81	110.28	107.91	108.64	116.46	113.24	57.13	31.28	102.34	101.93	51.53	49.21	20.92	32.8	115.11	18.18	122.13	18.34	8.09	6.14	14.73	6.33	23.48	147.92	127.35	125.44	21.25	143.2	127.29	2	-0.81	-0.3	47.48	52	69.67	8.99	116.26	112.49	128.44	230.71	-17.62	5.33	111.18	56.12	59.76	80.66	79.8	122.76	101.06	95.82	71.02	94.45	75.94	79.84	127	245.65	144.27	139.16	143.81	81.59	161.32	124.73	91.22	73.95
2025-07-10	89.86	83.81	136.98	82.59	82.95	69.51	78.31	76.55	87.6	83.82	82.02	83.26	101.88	96.61	91.01	83.91	73.74	77.15	59.08	79.67	78.85	77.43	78.16	72.5	66.95	78.8	78.45	83.99	80.2	82.34	81.76	79.87	50.38	79.65	72.6	30.46	69.48	77.09	78.91	59.41	56.86	104.56	121.45	100.11	109.53	113.59	111.51	111.34	129.2	117.97	50.79	53.12	52.89	65.35	36.58	34.21	92.54	95.09	92.83	33.53	35.42	31.34	28.87	15.2	41.1	53.82	55.5	44.55	39.05	57.48	55.36	63.98	0.71	-0.64	43.32	45.67	17.79	43.51	30.49	50.38	43.69	64.68	72.03	87.02	91.34	149.44	108.13	154.78	100.97	129.18	93.39	111.95	111.78	80.81	80.52	38.93
2025-07-11	102.06	100.65	84.73	82.15	81.14	77.98	79.79	57.57	82.56	82.85	83.95	82.42	71.58	74.55	65.36	67.47	89	92.04	88.55	88.42	42.65	72.65	67.83	67.52	81.12	70.06	81.02	81.97	88.41	98.71	100.86	81.83	85.98	81.43	88.41	89.8	112.72	103.34	108.22	94.81	54.35	46.45	113.89	110.65	128	17.41	-0.2	11.54	49.76	21.06	96.45	95.88	45.27	19.01	28.04	17.87	32.31	38.05	60.29	19.94	4.72	62.12	48.4	49.54	55.61	41.24	77.32	80.8	29.26	61.99	33.03	30.49	18.42	-8.8	10.59	41.02	69.82	73.05	43.42	69.99	-2.97	0.02	27.08	62.03	68.69	77.57	61.94	65.21	72.54	70.32	70.44	72.74	72.72	71.77	67.14	60.47
2025-07-12	67.24	72.85	70	69.2	82.33	82.45	82.31	78.75	127.4	210.02	83.12	80.63	121.15	33.23	89.97	121.22	89.57	82.85	81.29	92.01	103.61	94.21	85.55	73.14	95.2	74.9	77.76	72.32	70.52	70.23	73.38	44.84	55.71	49.74	39.93	15.66	161.19	108.79	115.72	116.37	125.43	-4.62	-0.21	134.11	167.19	172.78	-2.37	-44.23	128.46	128.72	2.8	0.96	104.43	12.49	3.84	95.71	-1.16	-147.94	-193.42	-41.34	-46.57	-1.08	-3.02	-3.11	-4.13	-5.11	-9.86	-7.86	-3.1	-2.63	-0.26	2.62	-13.53	-6.15	-4.51	1.46	98	1.41	41.91	69.75	2.53	45.86	20.57	69.77	60.51	62.66	62.01	83.12	74.86	75.97	77.23	78.1	85.12	81.16	78.54	71.7
2025-07-13	79.16	71.76	82.85	86.23	135.77	83.48	80.55	81.13	81.16	85.4	76.18	76.49	78.63	65.76	76.13	71.26	58	94.17	77.78	65.83	99.18	76.18	73.06	76.41	55.26	46.03	46.13	76.3	56.67	86.99	87.54	76.55	69.9	9.37	6.97	-6.68	-4.23	-16.8	-14.9	-16.13	-4.92	-13.76	-18.5	-20.3	95.88	91.74	-32.35	-30.91	-2.79	89.82	87.14	-16.16	-6.3	-1.82	-1.05	-2.33	-7.92	-7.66	-12.88	-20.32	-5.35	-9.73	-9.97	-2.37	-2.85	-3.64	-8.38	-10.09	-5.05	-3.28	-3.96	-1.88	2.88	45.96	74.04	41.97	10.73	27.13	10.47	33.84	31	30.81	56.21	76.85	87.36	91.44	98.45	107.13	85.8	84.96	86.46	87.48	95.36	93.1	85.5	82.85
2025-07-14	84.96	77.92	76.32	68.23	71.2	68.87	62.41	63.1	63.27	72.09	62.93	59.04	61.11	64.08	64.81	57.99	61.73	66.7	69.09	66.71	63.99	65.28	73.13	72.3	77.95	73.69	77.87	96.14	90.89	108.28	101.93	92.91	101.67	95.01	74.95	72.96	86.82	62.74	24.69	-0.14	-0.06	-2.53	-1.01	28.81	3.44	7.58	2.25	3.83	105.94	105.6	118.78	2.45	-2.84	-0.23	124.6	124.11	-0.96	215.51	-1.89	-3.35	-22.11	-3.96	2.62	7.34	-2.98	-3.8	5.56	7.04	-0.66	4.57	20.36	29.31	4.69	11.09	56.8	65.58	40.03	57.17	64.09	59.54	64.86	119.93	120.41	121.82	85.75	90.54	138.48	134.75	138.21	113.21	113.85	80.56	82.22	90.71	65.84	64.55
2025-07-15	76.22	59.49	56.5	57.65	55	55.28	56.16	49.9	58.92	68.76	55.52	70.53	115.07	117.42	109.12	73.4	63.67	72.23	57.96	67.44	65.47	53.76	67.3	59.89	61.22	65.01	65.29	64.17	64.26	72.74	75.35	67.69	67.79	47.64	21.68	11.64	41.43	13.82	4.67	-0.56	1.68	0.42	-1.3	-0.8	30.37	0.02	7.7	5.33	-1.01	37.77	27.67	87.72	94.58	94.25	23.49	20.62	94.8	97.13	17.89	-1.23	-40.04	-5.41	-2.49	-2.6	-2.04	-2.2	-2.01	-2.14	-1.65	0.22	12.77	3.34	2.61	48.45	49.96	28.51	8.25	34.37	53.16	117.15	113.58	116.79	116.49	118.61	105.78	136.9	140.4	137.86	135.35	107.9	128.07	89.71	96.62	95.17	61.88	60.47
2025-07-16	77.28	124.86	57.23	26.96	126.7	128.04	128.58	119.75	128.57	128.69	132.95	130.23	126.13	40.33	89.81	116.17	113.56	76.93	74.41	111.07	84.56	84.85	124.09	104.07	66.17	90.97	55.33	86.92	82.46	92.79	128.08	93	122.6	78.61	68.51	60.05	6.63	40.49	8.03	2.59	-14.61	0.69	0.54	-2.72	16.7	4.08	0.25	-2.01	3.4	4.68	2.26	0.2	93.18	14.7	94.88	90.59	2.52	3.24	91.9	95.43	88.45	89.24	59.27	30.37	26.85	49.11	90	15.63	1.19	22.4	25.57	82.13	22.14	13.11	76.19	45.62	22.55	55.93	85.24	91.62	76.26	77.25	81.6	120.58	92.77	118.31	72.58	128.88	171.04	136.69	97	143.5	89.79	83.24	109.35	96.57
2025-07-17	85.15	79.09	77.11	77.15	14.99	338.05	138.85	73.34	60.8	137.33	129.16	-38.82	130.8	127.35	61.48	55.31	56.86	56.85	37.77	69.52	109.59	53.44	53.36	71.93	81.89	79.68	92.06	78.31	123.27	145	93.32	79.07	77.02	75.24	55	1.26	100.46	96.6	103.76	86.88	55.38	44.82	34.65	32.11	35	96.02	101.01	93.14	96.74	95.42	95.7	94.16	101.22	88.89	95.14	60.3	26.04	96.26	97.73	31.72	59.15	74.15	1.68	20.53	92.45	76.76	74.97	94.82	91.21	98.02	107.64	121.07	5.59	3.56	49.58	130.18	1.98	31.21	58.82	129.25	7.31	67.17	84.06	111.13	150.53	146.09	146.99	135.43	123.35	127.18	108.28	187.07	125.84	58.6	55.5	57.4
2025-07-18	41.54	117.23	79.31	72.96	51.11	59.22	61.12	33	73.04	72.07	70.49	55.97	62.21	63.09	62.52	124.82	120.5	62.25	79.71	71.43	63.21	64.01	63.4	84.13	28.81	64.11	109.25	110.68	124.78	127.9	118.25	114.59	116.53	106.45	68.75	51.45	126.26	115.51	11.86	1.87	24.27	77.33	47.65	5.09	10.35	24.65	18.07	-2.08	25.19	0.09	0.25	3.49	20.36	21.79	19.09	-8.84	-3.1	8.63	0.2	0.02	0.3	2.93	6.31	5.5	20.27	28.87	60.29	26.08	-3.04	3.02	16.12	40.12	-0.1	18.16	9.91	13.44	84.4	31.13	115.94	-1.7	75.19	81.2	64.92	91.79	125.15	118.19	69.68	68.8	-43.73	-57.38	41.05	26.26	63.51	42.73	2.44	12.3
2025-07-19	44.76	70.66	78.31	57.44	67.75	77.31	63.61	50.12	52.12	44.94	75.55	79.41	96.19	111.4	98.62	279.71	113.07	68.66	57.35	32.5	84.95	26.81	96.31	103.29	45.5	53.07	51.74	47.01	111.73	108.76	107.05	103.61	101.32	52.25	16.82	2.63	4.54	-12.75	-12.54	-8.68	-5.76	-5.57	-4.05	-4.89	-3.47	-4.09	-5.9	-13.61	-7.83	-8.97	-10.77	-12.54	-17.91	-18.66	-19.51	-19.83	-16.22	-17.37	-17.09	-15.49	-15.64	-15.06	-16.3	-16.39	-5.7	-5.59	-4.59	-6.68	-3.06	-0.29	-5.53	-8.76	-6.99	-3.64	-2.99	-3.66	0.52	-1.47	174.25	178.32	92.17	102.46	116.12	101.83	73.69	105.24	113	108.21	61.48	19.09	71.75	61.47	68.42	49.4	54.1	52.19
2025-07-20	57.58	58.46	82.07	21.6	34.59	26.58	65.54	28.17	57.47	43.56	15.75	28.99	84.36	209.73	212.72	145.55	29.51	73.28	96.36	90.57	15.65	55.8	47.61	86.53	26.46	32.34	58.29	26.99	99.36	127.06	70.05	7.63	2.17	-0.73	-2.6	-4.73	-5.12	-11.95	-8.86	-11.2	-4.36	-7.05	-5.24	-4.69	-9.85	-3.63	-3.27	-8.28	-5.44	-4.95	-4.67	-6.34	-4.07	-3.96	-4.56	-4.87	-5.17	-6.17	-5.87	-6.38	-6.23	-3.28	-3.17	-3.19	-3.12	-3.13	-2.78	-2.33	-3.97	-3.94	-3.16	-3.08	-3.14	-2.6	-2.41	-2.55	-0.14	-0.64	0.1	0.08	-2.98	9.43	22	106.87	28.72	87.17	93.5	95.25	121.21	143.08	72.67	66.31	47.21	58.57	168.51	71.97
2025-07-21	69.77	61.86	61.91	56.59	59.53	5	24.2	4.52	71.29	38.87	-7.59	-6.47	18.28	45.19	24.06	21.45	8.81	12.62	17.67	10.52	5.1	11.89	35.28	21.62	22.78	73.03	64.23	32.9	47.35	56.37	51.83	41.02	31.15	9.03	13.91	8.77	47.57	3.47	-0.08	-2.21	9.01	1.31	3.66	5.99	-0.71	-2.1	-2.56	-1.95	-1.1	0.62	4.69	-1.01	-0.84	6.07	1.48	-5.15	-1.8	-1.99	1.55	-0.81	-8.11	-10.31	-4.76	-6.36	-5.93	-5.47	-6.53	-9.89	-4.97	-3.29	-3.12	-3.12	-2.97	-1.67	-3.19	-2.4	-3.36	-7.48	0.8	20.98	58.66	58.15	84.14	71.37	88.74	90.36	170.48	98.9	142.9	105.32	101.83	57.04	74.92	48.32	51.18	50.93
2025-07-22	56.27	56.05	53.51	51.38	49.7	54.38	43.66	43.2	74.33	69.57	59.97	45.2	55.01	50	55	39.24	51.72	42.96	48.17	46.75	57.96	59.33	67.96	69.97	52.15	67.41	61.12	74.99	75.66	65.85	77.84	49.27	41.31	3.65	0.1	35.99	100.29	106.11	19	2.22	2.43	0.99	-2.77	-2.9	18.24	10.26	10.63	6.72	-0.36	-1.29	1.39	2.43	9.13	-1.14	-1.93	8.41	6.8	8.38	7.05	3.31	-1.2	-2.31	-1.92	0.93	-1.5	-1.11	1.36	4.94	-1.37	4.75	4.35	19.46	-6.5	-1.26	3.73	0.57	-2.91	4.6	1.35	26	30.58	32.75	46.44	186.54	95.11	85.23	218.57	135.55	129.9	124	93.29	79.01	69.08	115.89	84.93	60.45
2025-07-23	267.64	119.6	115.18	113.14	119.1	113.55	107.83	77.28	112	110.71	84.66	87.35	92.3	69.04	73.04	76.72	78.01	74.13	91.92	59.79	106.88	107.16	82.39	80.65	79.83	108.88	108.72	110.67	81.4	87.43	117.77	87.16	98.83	114.79	97	82.06	95.09	89.88	75.59	26	19.22	81.54	97.34	46.94	222.75	-0.57	15.39	99.88	87.33	9.44	0.19	108.84	109.11	115.57	14.07	12.98	22.27	98.62	94.51	94.53	95.73	4.56	94.12	95.93	95.03	-0.14	-8.17	104.24	112.26	117.12	120.1	-1.28	0.1	105.34	-18.39	-4.56	98.04	8.27	46.02	49.97	17.72	46.74	40.15	43.94	134.77	130.29	124.79	78.92	67.12	74.47	66.53	65.23	64.61	61.59	63.27	-34.77
2025-07-24	36.58	37.97	31.22	12.09	86.15	89.84	79.58	69.52	67.98	88.72	96.98	96.31	94.14	60.39	70.1	62.44	43.18	52.08	57.19	91.08	103.4	102.81	71.09	71.28	41.91	43.32	67.4	67.64	74.56	82.65	53.09	59.68	50.04	91.97	41.74	-5.03	80.2	154.46	-9.33	-40.29	-17.71	-0.33	-0.02	1.23	-5.32	-5.63	-7.91	34.11	7.69	28.75	-2.18	-2.27	0.1	-18.6	-28.62	-18.41	-2.59	-14.24	-18.37	-4.08	0	-2.73	-54.74	-3.62	-2.16	-27.37	-3.76	-3.2	-3.88	-1.61	-1.8	-1.78	-7.16	-10.73	-3.53	-0.71	-4.83	-3.66	2.34	5.81	0	14.82	23.01	40.46	31.34	41.24	40.81	47.28	41.44	39.36	33.83	28.79	58.42	110.03	26.91	15.28
2025-07-25	15.45	16.2	-5.42	-1.98	15.65	27.39	3.4	0.65	14.65	12.12	9.51	8.18	15.23	14.91	15.1	19.16	13.97	15.44	44.9	19.68	11.03	8.12	2.33	11.27	9.57	36.96	33.39	50.36	41.37	48.75	35.22	35.99	8.18	3.83	2.75	-6.16	-2.5	-5.07	-12.12	-13.59	-31.62	-26.43	-28.6	-22.97	-9.99	-3.19	-3.19	-5.89	-5.79	-5.86	-5.93	-5.86	-3.29	-4.53	-2.77	-3.17	-1.46	-1.36	-1.18	-2.31	-6.05	-4.97	-6.25	-5.03	-3.1	-2.89	-2.55	-2.33	-1.7	-0.92	-0.03	-0.88	-0.08	-0.4	0.81	4.09	-0.97	0.52	96.37	93.14	8.85	0.39	38.5	43.13	58.98	85.79	69.02	78.32	70.29	53.36	45.44	40.14	57.36	56.4	42.58	40.81
2025-07-26	22.42	22.11	14.88	38.6	39.79	45.97	40.36	28.88	36.19	12.59	11.84	12.79	19.62	19.47	22.44	22.52	2.32	0.8	2.28	0.72	12.32	12.85	8.96	2.24	2.82	19.63	20.07	12.7	11.89	43.17	12.72	4.25	45.53	24.42	-2.76	-7.53	-3.2	-5.82	-5.93	-7.89	-6.7	-5.91	-6.05	-6.15	-3.88	-4.48	-5.64	-5.8	-6.23	-5.43	-5.22	-4.84	-3.35	-3.62	-5.41	-3.29	-3.61	-3.76	-3.66	-3.68	-3.15	-1.56	-2.46	-3.19	-3.23	-3.22	-3.05	-3.9	-3.01	-2.22	-2.98	-2.93	-2.54	-2.14	-2.1	-0.07	-3.45	-2.75	-3.11	21.51	2.8	85.29	88.03	60.66	99.38	98.43	24.39	103.96	102.6	79.77	81.62	113.1	63.72	71.3	79.58	82.69
2025-07-27	96.81	88.41	38.9	45.25	97.8	29.78	30.47	61.09	88.9	36.36	39.94	42.56	78.96	88.32	47.59	48.22	55.53	68.22	64.53	58.66	56.28	37.14	39.67	44.65	69.25	58.75	42.5	84.3	54.42	51.73	50.29	52.39	55.67	6.57	-6.22	-0.38	-3.09	-4.11	-15.03	-20.95	-8.48	-11.66	-6.49	-4.83	-6.93	-6.98	-7.73	-7.42	-3.66	-3.25	-3.47	-3.71	-4	-4.2	-4.61	-4.65	-5.83	-6.62	-4.37	-6.13	-4.34	-4.44	-5.17	-4.21	-5.15	-5.21	-4.12	-4.54	-4.9	-4.65	-4.53	-4.19	-4.2	-8.07	-6.04	-3.24	0.22	-0.01	-0.59	8.85	33.56	63.95	90.62	92.97	92.83	68.78	90.97	104.82	24.55	45.83	87.45	122.89	110.73	110.32	40.25	38.36
2025-07-28	18.6	28.91	63.85	44.81	79.09	83.1	36.11	-0.31	25.85	25.42	32.74	0.25	22.69	28.46	50.58	53.55	39	37.56	39.47	18.51	13.28	28.6	21.46	18.4	30.38	14.38	32.1	41.84	53.03	83.05	13.78	28.4	48.79	49.22	11.65	-15.05	-4.14	-2.76	-3.34	-5.01	-4	-3.48	-4.38	-4.05	-3.42	-4.52	-4.12	-4.07	-5.86	-4.81	-4.7	-4.57	-3.26	-2.87	-2.51	-3.03	-3.15	-2.48	-2.64	-2.51	-1.91	-2.84	-2.59	-2.63	-3.22	-3.18	-3.18	-2.88	-2.2	-2.1	-2.1	-2.71	-16.35	-3.28	-2.79	0.06	-7.2	-4.18	-3.82	-3.04	1.49	6.2	83.47	55.04	24.6	53.93	59.11	27.75	-0.36	10.82	49.9	60.64	40.09	40.04	33.75	34.51
2025-07-29	3.8	83.01	84.02	25.36	31.94	27.35	22.47	24.96	61.56	21.97	17.37	33.11	86.55	25.29	25.33	23.39	65.44	21.21	75.57	23.77	85.4	84.86	22.67	20.85	42.81	31.67	43.96	86.47	36.06	93.11	94	18.7	93.38	14.36	0.24	-3.47	11.67	7.15	1.54	-1.72	2.12	-4.65	-1.22	-1.37	-0.46	-1.28	-2.19	-2.89	-2.63	-3.13	-2.33	-1.97	-1.96	-2.72	-3.01	-3	-2.97	-2.98	-0.89	-2.21	-1.96	-2.47	-2.68	-2.42	-2.93	-3.16	-3.03	-3.11	-2.6	-3.89	-3.44	-3.12	-0.68	-0.74	-1.54	3.01	-1.44	0.02	82.82	27.49	17.56	103.52	113.76	150.13	-9.82	54.52	135.86	114.44	54.73	40.28	73.92	98.96	110.45	52.16	46.89	38.26
2025-07-30	26.75	95.98	85.67	67.93	53.36	28.99	35	34.65	44.88	44.62	50.18	48.47	65.6	63.59	28.88	10.52	15	48.19	44.67	27.07	38.33	29.76	80.11	21.69	32.81	66.44	25.49	36.75	55.19	41.63	60.16	60.74	22.3	91.48	4.22	-53.17	-11.8	-7.39	-5.9	-0.2	31.75	-3.62	-4.42	4.36	4.56	1.1	0.86	1.73	5.37	4.69	2.07	0.99	0.29	6.63	0.37	-1.66	-0.08	0.95	-0.23	-2.85	-4.57	-3.27	0.09	1.03	-1.49	-2.79	0.52	0.15	0.29	0.04	1.32	6.43	0.26	0.18	0.04	30.51	5.29	70.05	89.73	95.69	94.44	118.49	105.58	122.69	74.03	74.09	125.01	113.43	109.67	61.94	66.54	78.4	67.58	62.17	77.06	78.52
2025-07-31	89.7	66.24	59.1	77.27	102.21	74.88	129.44	140.9	139.19	58.86	55.47	49.21	58.43	54.06	49.04	25.11	40.63	31.34	25.08	27.82	25.68	28.29	40.22	49.47	33.09	64.85	56.01	98.19	71.4	90.8	62.84	57.12	52.17	60.45	74.44	17.29	17.19	-0.46	-37.54	-28.66	19.38	0.01	-2.51	1.19	2.55	4.02	-1.75	-1.72	9	6.14	8.93	6.71	5.72	9.95	9.09	0.86	4.93	-0.77	2.53	-1.16	-21.5	-4.26	-4.11	-1.45	-1.97	-2.76	-2.79	1.31	-0.01	0.03	0.04	11.2	-0.16	13.74	13.38	4.02	7.11	12.62	25.34	53.06	47.27	77.17	77.65	105.24	82.02	84.46	92.09	86.19	52.63	53.77	83.87	59.49	78.38	72.31	78.29	82.76
2025-08-01	73.9	102.74	108.57	148.77	120.26	62.33	61.25	39.17	52.08	72.58	52.9	52.44	25.54	8.8	11.13	1.52	19.71	20.84	24.87	26.39	46.42	49.03	44.03	37.06	45.1	45.2	68.09	71.08	45.6	55.07	75.57	63.5	60.71	79.3	51.52	-23.93	7.33	15.57	-1	-27.47	0.24	64.92	-2.31	-3.45	3.29	-0.15	0.02	-3.8	-2.88	0.67	25.78	24.88	0.6	-4.44	-3.07	-3.74	-1.97	-1.92	0	0.02	-3.58	-1.29	0.03	0.02	-0.73	0.06	0.04	0	-41.66	26.47	43.68	74.63	11.52	84.27	19.21	88.98	9.69	86.86	22.34	91.01	50.15	40.47	104.04	109.32	94.58	74.39	118.86	84.05	114.05	97.56	58.37	49.99	74.97	63	51.09	45.94
2025-08-02	63.48	55.51	27.91	60.93	21.43	47.94	40.58	24.08	22.76	3.91	-25.45	-12.71	0.17	2.53	1.89	1.58	7.43	4.23	6.5	7.62	0.79	6.09	9.5	0.92	13.03	7.87	5.43	4.9	17.5	0.15	-1.47	15.15	15.84	0.37	-1.31	-3.47	-2.69	-2.35	-31.09	-21.84	-12.32	-11.53	-8.72	-7.79	-5	-4.93	-5.69	-5.56	-9.03	-5.63	-3.18	-3.41	-3.18	-3.89	-3.94	-4.22	-3.49	-3.57	-4.24	-3.96	-3.26	-3.23	-4.08	-3.94	-3.69	-4.19	-3.76	-3.6	-3.63	-2.82	-2.43	-5.15	-3.13	-5.68	-3.18	0.2	8.73	-11.18	14.19	19.18	83.67	90.01	51.26	62.06	114.67	39.29	57.87	61.51	86.56	50.51	27.95	71.12	95.19	91.47	90.56	86.91
2025-08-03	55.61	30.09	-15.66	2.23	58.75	5.4	15.92	-0.25	5.32	2.62	0.64	0.11	1.95	12.08	3.51	4.1	11.79	12.73	24.02	24.62	18.89	21.92	10	66.64	76.49	78.67	69.36	80.24	70.24	17.51	21.98	22.9	16.01	1.5	-4.47	-10.72	-1.35	-0.96	-3.17	-4.16	-3.06	0.12	-4.23	-3.43	-1.62	-2.97	-7.28	-5.82	-4.99	-3.57	-1.67	-3.32	-7.42	-7.85	-6.84	-9.09	-3.08	-2.54	-2.95	-3.2	-6.81	-6.64	-4.92	-5.65	-3.36	-3.55	-2.01	40.85	-2.87	-2.12	-0.97	0.5	-2.67	-3.14	74.97	87.72	-4.03	66.79	93.92	111.78	64.54	98.11	108.98	116.43	69.69	66.65	114.86	71.23	50.15	42.99	30.35	21.98	70.35	65.71	55.02	75.95
2025-08-04	68.74	68.53	60.76	66.47	40.9	49.67	54.99	60.64	43.77	95.9	99.86	100.43	51.99	75.22	86.98	72.69	68.61	46.51	78.81	80.21	56.51	70.59	65.81	56.11	10.33	8.39	43.12	102.84	75.3	71.01	65.13	53.39	43.86	15.21	34.98	22.62	86.71	5.34	0.28	-3.3	12.45	-0.3	-12.14	-5.71	6.04	-2.08	-0.2	0.16	64.57	85.6	0.11	7.42	14.96	90.69	83.75	79.1	78.04	69.53	6.21	6.95	-4.23	0.81	1.01	4.61	-0.16	5.75	6.43	6.91	21.2	17.39	11.67	86.71	90.02	1.09	8.81	59.57	51.57	51.55	52.84	96.72	102.16	76.65	52.75	109.93	140.97	148.41	149.44	147.11	140.71	135.17	87.31	35.52	67.38	44.73	54.19	43.09
2025-08-05	52.19	92.92	91.23	81.88	64.37	60.49	56.1	66.98	100.96	101.36	100.55	60.27	104.8	105.36	73.72	59.84	51.16	23.04	33.64	45.79	44.41	56.19	41.32	102.75	45.41	99.97	40.24	15.37	47.31	36.27	60.25	74.51	76.77	77.02	90.51	93.28	50.43	13	-12.01	-17.1	-1.26	-1.47	-2.89	-3.06	-0.07	-2.98	-0.29	-3.35	-0.58	-2.19	-2.21	-2.51	0	0.34	0.91	2.42	0.22	-1.95	-2.8	-2.57	-2.56	-6	-4.51	-2.04	-2.99	-1.95	-2.29	-2.22	-7.83	-0.98	-2.23	-5.83	-50.62	-20.61	-0.13	-3.9	-0.24	108.63	-14.75	120.21	104.82	15.06	119.5	144.13	-87.88	36.7	62.77	79.6	110.73	48.08	67.84	110.18	107.93	110.07	33.61	44.88
2025-08-06	54.09	72.56	27.81	48.42	37.06	21.9	107.98	108.15	109.33	25.12	45.49	109.08	105.06	107.07	109.57	108.62	108.42	108.72	109.25	109.42	110.06	110.24	77.73	77.17	71.96	58.05	76.55	96.56	76.08	84.59	82.32	57.15	33.83	27.41	40.89	101.1	3.61	99.87	0.62	-20.49	-19.46	105.23	-1.77	-1.99	-10.79	-3.84	70.59	78.87	82.55	85.32	-2.63	88.1	91.63	123.58	132.7	-2.5	128.93	127.71	125.61	117.86	119.58	122.56	123.11	110.68	106.38	108.33	110.17	106.04	-4.1	-2.13	-1.75	-0.76	0.76	99.16	112.67	113.14	19.74	65.6	20.9	104.55	46.97	47.27	130.09	116.8	104.21	165.28	168.21	114.6	151.12	144.51	144.02	139.64	116.78	97.41	109.34	71.45
2025-08-07	66.98	69.48	75.59	123.49	87.16	117.44	71.66	84.98	121.26	100.49	104.5	80.38	119.8	113.82	53.51	62.66	71.47	73.85	66.42	67.46	105.78	49.85	59.81	35.97	77.17	84.88	86.4	80.7	85.82	112.18	69.5	60.1	83.12	81.17	60.99	64.9	44.22	57.69	95.74	7.73	-0.69	-2.31	-2.32	-27.71	-32.13	-2.99	-2.99	-3.33	-3.28	-2.73	-0.96	-3.62	-3	-3.07	-4.49	-4.8	-4.69	-4.32	-4.52	-4.07	-4.17	-4.85	-1.34	-3.18	-7.31	-6.41	-1.64	-0.97	-2.77	-2.15	6.43	10.5	1.47	-4.02	-4.77	38.04	6.33	-1.25	72.91	103.48	75.16	90.27	114.02	121.26	108.33	108.23	102.99	109.23	100.28	97.92	76.63	73.81	72.62	43.06	32.85	30.91
2025-08-08	65.41	91.15	66.08	40.72	101.89	70.59	36.92	59.48	75.59	70.86	78.3	71.73	52.27	74.99	76.91	83.99	73.45	108.97	73.33	75.87	78.47	72.47	74.94	80.82	50.02	55.75	43.66	56.88	44.85	43.56	44.35	50.06	59.17	54.75	68.01	40.62	37.6	61.36	15.93	-2.36	30.63	13.37	-2.08	-0.15	5.14	6.94	0.36	0.13	4.02	6.2	3.3	5.44	4.66	2.82	-0.31	2.42	5.17	12.14	-0.41	1.47	1.21	12.08	29.4	19.05	-0.87	-2.61	14.88	78.39	97	22.93	110.05	115.08	27.34	21.26	33.74	109.45	39.8	115.51	117.06	126.37	68.26	81.42	82.78	95.02	57.34	124.58	76.52	73.92	37.62	101	75.96	74.81	102.89	76.82	73.59	14.79
2025-08-09	67.59	76.93	56.31	57.01	81.42	75.63	79.06	75.46	52.74	78.65	73.9	66.24	80.43	77.84	85.23	81.22	114.5	112.03	114.3	112.99	108.71	108.48	80.86	71.01	80.78	83.08	84.46	88.29	101.68	93.06	53.37	78.52	66.81	113.7	54.95	23.8	18.96	14.41	-1.81	-4.99	-3.87	-2.45	-4.37	-7.34	-3.95	-2.37	-2.25	-6.97	-2.83	-0.79	-1.79	-2.32	-4.49	-4.76	-3.7	-2.78	-1.83	-1.52	-3.02	-4.12	-0.67	-2.9	-2.24	-2.75	-4.41	-5.95	2.97	7.9	-4.71	11.59	24.25	13.32	47.87	98.97	8.41	4.28	13.37	25.9	47.7	29.27	29.91	40.59	71.91	59.39	111.72	115.27	97.32	53.98	71.83	73.14	69.51	81.61	121.22	114.21	66.3	72.45
2025-08-10	93.29	44.62	71.58	60.21	42.93	49.4	72.94	58.88	57.62	69.85	64.11	84.13	93.96	72.74	63.03	59.15	50.59	56.57	60.48	65.06	67.44	58.42	65.39	51.31	62.79	57.21	60.37	62.03	36.09	72.4	42.14	69.09	40.02	-7.37	-0.27	-1.4	41.1	-0.46	-4.93	-12.17	-3.42	-4.74	-5.63	-3.71	-4.44	-5.04	-5.09	-6.24	-5.08	-4.49	-4.91	-7.79	-5.2	-4.55	-5.56	2.91	-6.84	-2.84	9.02	19.09	-2.9	-3.12	1.8	-2.23	-3.5	6.36	0.34	0.14	-16.63	-4.08	8.93	68.19	48.18	90.66	94.68	91.23	12.34	59.98	96	99	113.48	107.43	98.72	106.6	80.04	117.15	120.54	122.08	131.02	84.26	86.5	84.79	83.36	70.11	72.89	72.92
2025-08-11	80.78	79.22	77.96	78.9	92.79	96.44	27.72	73.7	72.65	83.73	79.02	42.13	81.38	90.07	101.8	102.05	105.97	103.85	100.54	100.33	100.02	72.28	65.54	64.16	52.34	54.98	32.26	67.04	67.9	73.64	64.4	51.79	44	43.04	44.09	100.6	21.74	28.99	26.07	21.57	24.4	37.4	4.37	-4.61	1.82	-1.11	-2.51	-2.5	-2.18	0.08	96.76	86.19	19.13	7.43	15.17	87.32	64.39	53.99	7.03	7.75	1.59	34.17	16.91	44.64	9.84	52.59	73.52	101.98	98.54	5.2	107.09	106.06	22	112.72	42.78	118.07	112.38	112.02	117.01	124.11	149.58	134.23	131.32	101.21	107.18	144.39	82.65	46.31	48.75	133.63	86.22	31.45	113.18	63.3	83.45	77.29
2025-08-12	70.59	89.37	77.32	79.18	67.89	68.63	59.4	50.21	65.18	121.08	125.11	130.29	101.46	76.69	77.73	72.08	78.78	98.81	123.83	124.22	120.44	125.8	74.31	78.17	75.8	90.69	86.52	70.41	82.72	109	94.32	72.13	72.02	99.44	70.34	102.96	71.49	68.35	61.21	74.16	40.27	-1.84	108.12	40.54	100.3	23.01	24.82	32.66	101.58	104.41	106.16	116.37	108.53	113.66	112.78	121.84	125.06	115.85	113.51	128.43	145.87	24.14	70.38	95.65	101.85	115.26	88.21	85.74	17.45	89.68	90.11	94.27	27.89	72.13	65.28	123.9	58.02	57.21	60.01	117.25	66.06	68.63	76.75	77.15	73.39	70.18	14.08	50.15	61.98	59.47	60.61	54.15	73.91	61.2	61.57	59.41
2025-08-13	60.38	59.47	171.88	59.96	78.39	57.32	48.37	55.96	74.67	80.72	186.68	131.53	137.93	134.92	82.92	125.28	126.76	35.48	49.68	77.06	111.01	87.97	80.42	78.62	69.77	84.4	79.37	79.35	92.44	93.06	91.2	84.09	98.52	83.55	90.58	91.82	111.48	58.28	76.66	53.75	36.89	41.75	44.75	27.87	60.83	76.44	23.61	12.14	45.77	48.21	51.85	54.22	46.22	48.92	49.73	108.29	146.74	174.7	74.04	84.5	97.59	68.27	83.37	87.82	58.82	108.48	96.53	97.79	103.11	95.13	104.25	106.28	85.73	84.45	76.27	102.14	34.12	44.84	72.54	98.18	84.5	82.82	91.16	112.62	93.96	92.58	85.7	89.16	83.5	59.73	72.51	81.09	75.09	66.76	67.43	59.9
2025-08-14	79.61	109.29	87.58	71.71	67.05	78.95	57.24	74.75	116.12	106.18	96.12	75.22	98.8	98.22	96.59	97.98	93.73	98.1	92.16	112.95	75.58	53.21	74.41	97.84	68.57	65.28	64.22	76.09	78.19	103.3	73.63	87.41	101.56	89.41	98.29	49.6	62.07	8.26	5.85	-0.19	26.73	20.24	4.32	4.36	14.93	-1.27	3.58	2.92	2.98	-2.55	-2.13	1.19	1	-2.71	-2.94	-3	-1.79	3.57	1.11	0.54	0.01	7.77	19.33	9.82	13.61	14.1	49.5	74.91	-7.08	25.79	28.23	30.98	8.83	78.28	101.69	109.96	-51.71	65.43	92.84	80.33	81.19	78.39	90.82	112.07	79.67	151.68	75.05	-127	88.57	80.36	125.35	74.2	86.2	94.55	82.85	82.05
2025-08-15	76.18	117.77	120.32	113.81	82.75	75.36	60.8	61.48	82.48	70.01	79.05	70.08	69.01	64.77	100.63	99.49	98.94	71.38	59.83	70.64	96.81	93.81	95.57	94.17	101.15	98.97	100.27	88.92	101.31	65.7	71.1	91.3	66.72	35.83	8.69	6.17	7.32	7.55	6.53	-2.15	0	0.01	-0.12	-1.81	-3.51	9.79	9.55	30.03	62.13	-0.09	-2.23	-2.55	33.11	-1.94	23.77	2.54	2.36	3.83	11.38	58.9	15.37	27.39	72.38	82.93	-2.05	-0.28	83.54	24.55	85.36	82.05	92.48	96.21	4.9	99.29	117.74	127.01	108.82	115.11	136.18	142.29	117.32	139.39	144.54	148.52	147.38	146.76	144.97	144.98	86.04	97.39	134.71	111.33	130.81	125.5	98.01	89.99
2025-08-16	130.87	125.39	83.96	88.01	73.86	93.03	66.98	61.73	70.02	97.99	65.82	79.54	51.17	79.69	83.37	78.56	49.61	44.13	22.72	111.7	38.05	43.92	89.42	115.33	120.58	120.3	118.93	119.74	121.06	119.95	79.83	51.96	47.09	53.65	65.58	67.64	35.37	35.21	28.27	7.22	11.15	13.89	19.24	8.42	3.51	-0.23	-2.01	0.6	2.49	-1.12	-2.49	4.45	25.19	3.41	6.51	3.87	1.16	4.77	3.29	2.07	0.17	13.11	6.66	2.51	-0.48	62.01	71.55	37.92	4.89	25.63	88.05	67.52	16.79	32.67	127.32	128.71	50.37	64.08	134.66	163.4	137.96	139.02	141.83	84.18	112.75	89.87	71.26	145.85	64.46	68.51	159.92	143.93	78.79	82.53	66.26	79.35
2025-08-17	122.51	126.04	124.73	72.14	41.93	71.04	65.35	77.78	129.33	77.98	54.01	33.39	71.88	114.46	114.37	114.93	75.16	114.7	114.71	115.1	68.86	68.07	60.29	84.22	74.8	70.44	70.86	76.42	112.75	113.65	65.09	76.76	109.18	109.37	103.45	45.62	13.85	6.23	9.35	75.22	74.51	74.95	-2.24	0.22	82.4	1.78	64.13	29.62	1.86	48.69	17.28	10.57	6.68	1.13	-0.74	0.55	-2.21	-9.97	-9.52	0.2	-0.13	4.35	0.97	-1.03	-0.98	1.37	16.35	10.28	-18.8	8.54	23.05	98.13	79.9	-4.12	-2.75	108.27	39.83	18.92	-1.05	110.93	76.56	80.28	74.63	69	77.82	74.75	70.66	81.61	29	38.08	78.39	90.03	122.55	93.6	90.77	98.68
2025-08-18	126.32	122.93	141.74	53.81	72.59	59.42	70.8	87.09	108.4	70	61.41	63.73	66.14	69.51	67.8	142.81	64.15	70.54	72.72	53.78	74.01	73.04	134.55	48.69	62.65	63.83	86.42	97.5	75.12	78.69	118.31	138.42	29.41	66.18	104.49	75.02	116.34	101.52	104.57	101.2	112.8	104.27	114.13	29.09	16.01	26.02	78.03	15.23	-3.03	3.59	59.9	101.07	94.53	70.93	38.71	1.67	32.85	55.59	29	30.03	103.86	91.08	96.43	96.64	234.49	93.18	96.54	117.5	47.16	66.61	55.29	39.26	6.79	3.43	48.91	78.72	69.2	78.12	74.86	66.22	61.38	70.61	76.33	77.53	81.41	86.7	76.98	82.22	118.97	112.37	115.78	59.48	120.68	117	60.89	48.75
2025-08-19	85.81	57.94	34.09	28.35	70.71	74.72	47.27	38.95	102.77	77.75	80.46	75.8	95.84	73.34	101.7	99.05	101.01	67.22	64.72	69.11	68.74	90.59	66.44	92.8	102.59	76.02	76.95	60.57	64.48	65.74	67.07	74.56	98.56	107.05	103.95	103.07	98.19	100.47	107.23	96.04	6.82	12.67	13.92	-2.82	5.62	-12.03	-14.81	-3.35	-0.6	1	1.49	12.24	-1.85	-2.16	-1.99	-2.75	-2.85	-2.62	-2.52	-2.79	-0.84	-3.28	-2.7	-2.34	0.46	-33.73	0.01	0.05	-0.19	0.16	0.01	0.01	-0.25	1.6	-1.17	0.79	2.15	19.12	32.05	51.62	18.13	7.73	25.99	47.73	45.92	49.66	9.32	7.88	39.87	62.38	61.07	60.34	40.19	35.19	14.45	18.98
2025-08-20	35.63	56.25	37.86	30.67	23.29	24.51	24.8	18.59	20.73	13.23	8.01	3.5	24.01	33.48	23.25	22.1	33.11	30.28	33.42	25.16	22.85	27.58	25.77	20.49	16.22	35.19	60.6	61.44	55.73	98.01	51.98	49.62	34.56	95.93	50.41	10.65	19.08	43.66	4.14	-17.37	-51.39	-21	-40.09	-7.58	-5.06	-4.23	-4.2	-4.2	-5.57	-6.41	-7.14	-7.66	-8.92	-9.58	-8.19	-4.63	-9.27	-9.41	-9.21	-9.56	-8.74	-8.73	-8.41	-8.3	-8.16	-6.28	-7.34	-6.6	-13.73	-11.75	-8.38	-8.4	-5.17	-5.83	-4.19	-4.3	-15.98	-15	-9.84	1.31	5.94	19.5	99.38	102.36	64.57	92.81	77.48	67.57	64.71	61.19	76.1	24.11	64.89	56.33	72.32	46.97
2025-08-21	103.77	55.23	49.32	35.05	40.17	38.64	28.53	10.18	48.52	51.49	49.64	37.37	43.04	4.86	84.81	46.48	87.28	86.49	88.45	17.32	72.14	64.46	49.47	51.85	85.79	75.23	71.43	85.86	92.49	89.9	72.8	69.33	88.21	96.4	38.22	38.01	56.42	50.19	20.32	-19.58	-42.42	-10.02	-14.51	-14.74	-5	-0.81	-3.24	-4.44	-3.93	-4.51	-4.02	-4.13	-4	-4.29	-4.26	-4.28	-4.44	-3.95	-4.35	-4.4	-3.66	-3.66	-3.7	-3.69	-4.72	-3.14	-3.79	-4.31	-4.65	-4.52	-4.14	-4.77	-2.09	-3.13	0.24	77.26	89.72	86.51	35.13	21.57	50.56	56.54	64.1	60.67	100.83	110.75	42.32	32.98	93.96	40.57	90.34	41.41	103.65	43.96	94.95	89.33
2025-08-22	42.45	46.02	50.38	28.92	81.93	20.51	18.92	8.53	59.98	31.81	9.12	8.87	1.66	5.58	10.44	11.59	47.53	42.43	41.25	31.38	29.26	44.4	74.51	42.58	44.34	90.12	87.21	82.73	67.87	71.66	54.58	59.43	86.51	77.55	59.87	33.84	56.86	15.27	-2.52	-0.23	14.13	2.24	2.7	-0.61	7.4	-2.37	-2.1	-1.33	-1.03	0.04	2.23	-0.32	-0.63	-0.1	0.08	-2.01	-0.09	-2.03	-0.56	-1.71	-3.71	-3.39	-4.49	-4.53	-5.6	-4.57	-3.78	-4.37	-4.33	-4.08	-3.94	-2.52	-8.01	-8.87	-4.88	-6.84	-0.33	18.88	37.84	60.27	88.49	76.09	92.57	89.3	98.21	150.65	148.08	81.67	122.03	110.39	85.29	76.21	75.05	67.92	77.14	59.09
2025-08-23	63.56	62.27	63.97	77.5	56.77	50.29	80.07	62.81	78.73	49.98	67.4	62.81	81.14	79.6	69.19	77.28	64.79	60.91	56.93	68.8	42.54	38.7	52.88	42.27	25.07	28.25	38.57	53.96	60.56	58.17	60.95	54.81	75.65	84.2	53.67	60.96	88.42	38.9	4.03	-25.36	2.45	-0.1	-2.94	-0.88	4.38	-0.73	-2.15	-4.02	-3.2	-2.24	-2.61	-3.14	-2.76	-2.97	-3.14	-4.06	-3.6	-3.73	-3.28	-2.81	-3.25	-2.64	-2.97	-2.92	-2.94	0.27	-0.25	-2.34	-2.92	-3.08	-3.18	83.97	9.11	0.54	27.94	67.01	64.83	76.93	121.52	121.6	76.77	70.34	84.17	112.33	147.21	131	132.74	115.58	110.96	93.6	100.08	95.83	88.11	82.28	71.1	62.62
2025-08-24	66.03	66.03	72.29	74.85	90.74	63.62	81.91	72.74	71.97	66.65	70.61	70.35	67.55	100.15	90.5	77	47.9	101.13	103.12	103.92	105.35	82.75	73.68	79.49	86.15	62.93	70.75	78.84	82.41	65.26	61.23	60.27	32.57	63.62	45.46	51.16	42.66	-2.88	-2.49	-2	79.46	74.34	-7.45	-7.88	5.6	0.06	-3.05	-0.85	-0.84	-2.78	-1.47	-1.67	-2.71	-0.1	-5.43	-3.72	2.27	-1.4	1.76	-3.02	-0.05	-0.91	-0.48	0.79	-3.57	-1.61	32.61	1.88	-0.46	4.11	103.51	100	14.89	38.01	104.27	101.82	67.84	56.78	51.3	72.04	82.02	90.23	108.47	119.82	159.54	174.8	75.57	87.4	73.64	129.88	95.23	76.66	63.9	74.38	71.92	51.8
2025-08-25	79.05	75.67	47.21	34.6	73.69	78.22	77.18	64.81	79.28	74.44	60.26	95.2	63.19	44.3	83.98	78.26	101.93	101.12	102.88	95.41	99.9	88.04	61.5	61.27	68.04	91.82	83.74	74.46	81.57	87.81	87.67	86.31	91.18	91.92	88.09	82.2	89.67	107.54	113.02	112.21	151.41	155.78	-46.54	-7.82	10.37	6.54	99.48	13.29	-2.26	-0.64	3.02	47.59	2.67	10.69	-1.92	-8.71	-5.93	1.19	-2.99	-18.57	-59.46	-1.6	50.33	97.99	18.99	96.92	61.59	64.07	-49.63	-15.75	-0.37	19.03	-119.86	1.01	26.59	34.8	28.1	42.22	78.73	105.95	96.04	108.33	129.32	141.33	163.47	154.09	146.63	131.32	131.05	95.05	90.76	63.31	112.59	108.72	72.38	83.56
2025-08-26	60.87	97.68	68.13	65.92	46.01	101.99	109.26	33.94	80.33	42.72	101.08	113.53	112.43	100.02	99.71	102.32	103.67	70.84	107.05	63.06	57.95	73.96	76.04	66.23	153.21	129.14	88.51	111.22	62	64.23	100.39	68.28	76.28	86.41	43.84	22.52	35.95	39.92	20.75	37.48	103.48	31.58	2.25	-1.18	5.38	9.25	-3.9	-154.77	-1.7	15.66	82.44	43.66	104.85	136.28	23.52	3.98	-1.52	3.93	32.41	26.36	64.15	98.46	80.33	80.79	87.43	87.51	95.45	115.85	3.6	32.02	101.08	120.11	73.48	1.97	43.91	76.02	141.9	19.36	49.02	88.51	91.86	110.79	89.63	121.46	94.83	144.95	131.12	133.96	96.38	113.69	107.9	66.68	70.13	97.25	78.49	64.27
2025-08-27	70.81	89.15	113.96	97.33	142	164.52	136.21	100.55	136.38	139.85	138.69	137	132.95	69.42	93.35	74.26	56.59	91.15	84.71	142.84	71.01	136.83	77.51	80.6	80.31	135.22	98.45	124.52	45.77	89.63	96.27	95.76	83.61	99.17	62.62	81.91	61.63	67.92	52.59	52.16	67.74	39.44	10.2	1.74	33.81	66.08	35.87	15.43	39.16	7.8	3.86	14.78	-2.87	-0.55	-2	-3.17	0.86	7.79	15.26	86.3	24.16	78.18	66.97	45.7	18.09	91.49	74.11	102.84	34.1	-0.95	-2.88	-5.15	-47.59	-1.5	-2.04	-2.49	15.36	73.79	74.46	60.97	80.67	47.89	98.29	100.72	96.93	93.54	102.25	228.87	82.37	96.99	96.96	96.99	142.14	120.92	55.54	38.64
2025-08-28	59.3	84.94	84.53	79.44	63.47	105.17	46.69	61.61	70	79.18	69.87	63.95	91.87	86.85	66.55	62.11	53.52	80.57	54.73	37.04	70.83	62.5	60.46	56.04	46.5	38.6	39.02	45.07	43.59	48.29	58.78	46.71	59.1	81.52	40.02	13.23	98.33	-15.72	-10.06	-25.28	-14.8	-11.47	-13.48	-20.55	-19.36	-18.93	-20.1	-20.1	-21.93	-22.99	-24.03	-23.12	-17.75	-19.72	-16.89	-18.84	-25.4	-25.03	-22.42	-22.26	-40.9	-20.81	-20.41	-20.94	-22.13	-21.13	-22.93	-21.49	-24.44	-26.02	-24.86	-22.46	-24.88	-25.16	-30.21	-26.75	-13.16	-9.44	-4.1	11.87	48.6	59.63	53.3	67.27	47.94	51.68	44.71	40.72	52.56	36	40.44	34.26	36.24	32.9	26.08	24.56
2025-08-29	35.12	29.18	23.51	29.35	12.95	12.33	0.22	5.35	39.91	29.79	13.01	10.48	15.23	14.19	18.72	12.22	20.82	15.1	16.97	16.29	37.32	48.03	44.48	29.9	48.41	36.36	31.63	57.65	97.07	97.45	103.74	32.25	61.92	72.16	26.19	25.93	25.19	0.2	2.59	0.49	-3.19	-0.26	-0.01	-12	-6.44	-5.83	-5.4	-5.23	-9.89	-7.85	-10.17	-8.47	-15.24	-16.08	-18.64	-18.06	-14.25	-13.43	-12.96	-13.67	-14.14	-18.67	-19.23	-19.95	-17.11	-16.19	-16.56	-15.24	-16.46	-12.61	-8.43	-5.27	-11.18	-8.86	-3.84	-11.45	-4.57	-2.98	0.05	52.27	11.23	31.89	91.35	83.94	93.21	104.22	104.91	78.42	63.83	72	90.43	36.83	92.7	54.9	57.23	48.77
2025-08-30	63.45	65.68	56.62	42.54	53.25	31.85	30.36	15.3	54.16	43.47	35.19	51.97	21.33	23.09	19.97	16.38	42.93	46.93	32.34	21.93	22.12	27.02	39.82	54.17	37.72	39.02	30.77	35.3	9.14	0.88	29.36	50.6	44.73	48.8	10.63	-27.21	-46.16	-18.08	-34.48	-20.46	-4.78	-4.14	-4.14	-5.53	-5.96	-3.03	-3.08	-3.34	-3.23	-3.3	-4.28	-4.25	-2.51	-2.54	-2.43	-2.41	-1.68	-2.21	-2.98	-3.12	-19	-14.95	-12.07	-11.82	-18.6	-18.99	-12.9	-12.98	-6.96	-7.06	-4.37	-3.03	-27.52	-9.52	-2.8	1.39	-4.71	-1.95	6.34	25.95	22.27	29	103.22	106.55	73.3	83.49	78.2	87.45	78.69	85.24	89.27	83.81	37.03	50.34	83.22	50.29
2025-08-31	90.26	24.92	34.76	64.5	63.48	64.93	29.33	60.84	71.24	54.96	59.93	72.35	28.89	28.99	53.23	44.73	67.36	29.99	19.9	33.72	18.1	26.27	25.61	10.07	42.39	38.47	41.12	51.17	81.5	74.16	61.13	48.93	30.36	49.72	14.56	-5.13	-3.15	-3.31	-4.32	-11.06	-3.24	-2.98	-2.93	-5.32	-2.64	-3.74	-6.92	-7.46	-2.17	-3.07	-3.38	-3.89	-6.28	-5.22	-8.11	-11.51	-8.75	-6.48	-6.57	-7.88	-4.49	-2.96	-3.09	-2.6	-6.76	-5.06	-4.55	-4.65	-4.26	-3.86	-3.58	-3.6	-9.33	-6.64	-2.71	-7.47	-1.75	-0.66	2.8	73.83	125.77	75.52	81.55	73.04	-0.96	9.55	15.07	-2.32	14.66	22.45	23.61	21.73	0.78	5.39	7.4	7.71
2025-09-01	3.56	2.08	5.32	7.72	1.81	1.07	0.03	0.51	1.55	1.9	0.53	3.15	0.39	-0.95	-1.93	-2.39	1.75	5.62	0.03	1.03	-7.47	0.2	0.29	0.72	-1.7	-1.75	32.46	73.13	85.81	76.51	81.15	80.95	80.56	82.93	82	5.32	3.58	0.05	-23.16	-19.37	-32.2	-18.73	-8.07	-11.93	-8.6	-12.09	-9.74	-9.03	-8.19	-4.48	-4	-4.81	-6.47	-7.07	-5.33	-6.33	-11.6	-13.09	-12.72	-11.81	-12.23	-13.73	-12.69	-11.83	-15.22	-15.17	-13.38	-9.67	-16.8	-16.28	-14.1	-9.81	-16.99	-5.7	-2.5	-0.08	-3.49	-5.07	0.46	29.21	37.66	33.44	34.93	92.76	39.04	38.48	32.05	29.63	25.95	29.11	28.39	26.73	36.88	28.33	24.29	3.2
2025-09-02	3.18	8.98	10.52	11.86	12.36	11.22	15.09	30.53	35.91	26.44	16.21	15.91	27.48	17.93	23.24	31.88	6.28	17.32	10.47	5.89	3.57	0.01	15.51	11.25	5.09	42.93	65.01	29.82	30.14	30.28	30.44	44.73	92.59	105.57	86.79	3.71	37.83	1.81	-0.45	-6.3	-0.31	-2.08	-3.75	-6.77	-2.31	-5.66	-8.92	-10.87	-19.08	-20.17	-14.64	-13.67	-16.89	-19	-20.25	-21.68	-12.95	-10.15	-14.31	-10.98	-21.43	-21.18	-18.82	-16.9	-5.48	-7.63	-4.77	-6.2	-5.46	-3.91	-3	-2.4	-15.48	-9.8	-7.93	9.58	0.3	0.68	8.74	15.01	16.97	42.99	101.71	102.87	105.34	87.69	53.35	63.86	45.51	66.58	52.92	49.2	69.73	48.17	46.51	46.35
2025-09-03	81.19	76.75	40.67	42.17	106.05	79.21	70.85	75.03	89.27	92.09	58.48	76.27	91.3	18.33	60.6	63.96	82.59	76.77	51.09	55.77	70.94	64.67	73.07	53.29	55.88	87.1	66.45	71.52	76.85	90.95	60.36	68.38	52.91	96.72	28.13	-15.49	-7.62	-5.01	-54.81	-40.33	-13.1	-4.96	-4.66	-4.46	3.28	-2.99	-2.99	-3.53	-1.32	-1.61	-0.19	-7.2	-2.89	-2.49	-4.58	-11.29	-37.17	-10.71	-0.01	-17.86	-12.63	-2.25	-1.99	0.1	-2.86	-3.19	-1.57	0.05	-11.17	-3.29	0	0.62	-0.27	2.14	2.19	27.42	3.46	0.88	35.39	97.01	32.18	81.51	101.77	104.65	50.57	86.2	114.06	80.39	64.4	65.57	70.25	45.7	104.68	104.41	71.61	71.25
2025-09-04	109.25	107.43	90.17	82.25	85.03	78.25	68.08	48.69	93.7	66.71	66.96	65.41	39.21	37.39	52.96	37.08	30.96	24.06	24.6	42.63	48.93	41.32	18.17	31.67	37.73	43.05	70.65	73.31	67.79	76.62	38.44	47.42	37.29	39.2	44.29	30.51	29.08	26.96	-1.32	-7.92	-3.91	-4.14	-3.94	-5.7	-1.99	-2.11	-2.41	-3.62	-4.47	-18.32	-7.2	-4.84	-16.35	-16.86	-17.43	-17.9	-3.13	-3.11	-4.18	-3.67	-3.41	-3.72	-4.33	-5.45	-3.03	-2.63	-2.75	-2.67	-2.78	-3.44	-2.4	-2.34	0.02	-3	0.05	36.72	93.02	85.47	66.45	100.99	74.94	103.1	108.05	108.88	122.18	71.37	73.83	44.46	60.75	102.52	97.48	47.72	47.55	61.85	61.84	33.42
2025-09-05	51.7	66.26	69.18	90.31	91.89	68.1	47.81	53.63	48.94	66.29	64.39	57.79	54.38	59.53	78.8	53.72	54.55	49.14	45.26	45.14	27.99	39.37	30.7	7.06	44.25	47.2	40.93	63.99	76.18	76.38	54.17	42.26	38.58	35.4	22.5	4	27.68	73.16	64.16	2.6	31.17	5.44	18.42	1.29	7.57	9.67	11.21	10.01	2.39	-6.19	5.38	68.62	1.7	17.3	-1.1	17.17	21.97	19.31	15.59	0.48	-10.62	-6.55	-7.76	-7.06	-0.71	-0.01	-0.67	-5.57	-7.69	1.66	5.7	-4.15	-7.05	-9.98	-7.11	-0.26	-0.78	-3.61	-5.39	0.29	0.05	30.57	62.83	68.67	48.76	-14.6	42.76	39.75	72.78	78.9	85.78	33.68	103.49	89.07	80.8	33.7
2025-09-06	55.66	99.4	57	32.9	81.17	76.26	91.03	21.49	35.88	15.3	28.37	21.84	29.15	29	28.79	28.95	69.25	63.4	57.67	58.81	78.73	54.04	11.81	-4.56	-4.61	65.02	77.87	78.83	52.18	28.62	33.85	9.46	19.64	-0.77	-10.01	-4.97	19.05	-3.06	-18.65	-13.61	-10.34	-3.09	-7.54	-23.44	-20.43	-19.09	-26.45	-29.1	-5.29	-6.4	-5.48	-6.34	-6.4	-9.97	-7.79	-6.21	-6.6	-9.68	-6.33	-6.2	-3.23	-3.52	-2.14	-3.78	-7.28	-4.64	-5.95	-4.6	-14.04	-10.13	-3.76	-3.18	-2.99	-0.52	-0.03	109.29	-7.94	-1.89	1.32	41.05	31.56	47.42	22.78	84.13	34.46	16.43	-3.14	-25.32	17.59	81.09	77.92	77.13	0.3	73.04	60.29	8.64
2025-09-07	-5.52	-14.88	-6.27	-3.32	2.71	4.34	2.11	-2.13	8.2	10.06	18.16	11.82	5.39	6.04	5.94	4.89	9.89	9.18	7.79	2.98	13.18	20.34	47.06	80.3	18.89	62.26	59.84	60.85	43.11	26.36	0.93	10.65	32.07	38.33	24.89	42.17	35.66	18.66	81.78	28.74	7.17	64.84	1.65	12.69	-0.66	37.48	-2.42	4.45	3.77	0.91	-9.12	-0.46	7.22	11.36	14.39	-1.2	-0.26	14.53	19.39	10.58	4.17	3.81	9.23	5.38	-0.69	-1.86	1.14	47.09	44.16	112.17	144.87	15.35	27.04	43.42	61.51	32.41	23.2	79.17	54.71	75.37	83.61	98.01	101.92	99.63	80.24	27.78	61.93	141.95	85.99	129.9	138.5	51.77	114.04	113.44	110.27	111.25
2025-09-08	113.56	113.28	100.16	71.86	63.93	101.52	99.5	100.78	96.1	98.06	62.33	92.15	96.78	60.53	66.97	93.09	95.99	95.85	95.62	95.52	94.22	96.42	53.52	97.42	94.87	71.68	103.81	99.74	75.51	102.52	69.52	71.53	50.66	80.51	81.75	72.05	84.72	17.77	48.64	29.36	93.98	98.93	91.59	8.28	-14.14	-5.15	27.9	30.63	11.19	-0.12	-1.99	0	0.9	75.27	75.55	79.52	81.08	-21.16	-12.87	-6.59	-3.9	-10.51	-7.36	77.36	-23.19	-7.56	-1.98	76.29	-9.04	2.36	-1.84	24.93	6.47	0.62	6.5	4.3	-0.41	16.99	19.58	14.9	11.26	21.44	18.8	39.67	40.06	-13.25	38.44	49.07	50.68	59.96	80.05	59.43	89.46	31.79	84.88	16.17
2025-09-09	24.09	90.39	40.54	28.93	49.51	43.94	27.87	34.82	91.39	90.84	33.44	27.22	28.67	43.42	20.75	86.88	35.26	33.35	52.43	51.09	40.64	46.46	54.32	92.84	55.52	37	85.67	48.43	64.8	27.71	31.31	36.29	99.21	106.76	37.38	36.99	42.14	51.36	51.9	14.14	-4.63	-10.32	0.48	29.85	77.21	-15.36	-32.42	-25.8	-13.28	-11.12	2.34	-6.25	-3.54	-4.56	-3.95	-7.1	-6.59	-3.9	-3.59	-1.3	-3.08	-2.36	-2.25	-2.16	-8.51	-12.6	-41.42	-33.09	-6.88	-2.31	-2.97	0.11	-14.21	-12.62	-3.71	0.55	-3.95	3.02	28.74	27.85	28.98	39.12	47	86.61	52.02	47.69	32.56	37.39	40.94	39.43	44.7	31.06	39.79	42.96	44.9	39.24
2025-09-10	33.91	31.21	28.4	27.26	34.31	29.19	-11.73	-118.51	17.98	24.79	14.59	16.13	24.96	14.38	16.24	17.91	23.52	19.21	17.12	13.32	7.73	7.88	15.3	15.54	17.25	17.87	29.84	17.22	24.03	22.18	20.83	61.97	61.21	28.98	22.13	20.12	22.19	9.06	-64.21	-10.3	-4.19	-6.7	-13.52	-18.17	-5.2	-9.19	-3.43	-3.07	-19.74	-18.95	-8.5	-2.9	-3.45	-2.38	-5.82	-13.41	-4.06	-2.7	-2.5	-3.44	-2.91	-2.84	-3.56	-3.09	-3.13	-3.14	-3	-2.23	-6.16	-33.77	-3.47	-2.79	-6.12	-5.23	-5.59	1.93	-1.7	0	8.33	27.73	5.52	1.23	14.59	24.1	106.1	51.38	-14.15	45.63	29.12	40.16	35.08	7.03	38.41	35.56	37.17	-14.37
2025-09-11	-8.99	21.46	21.95	18.27	31.33	30.59	18.66	14.64	13.33	12.54	7.39	0	0	5.2	4.82	9.89	-41.32	-54.74	-3.2	3.15	23.87	6.69	16.78	28.45	29.65	25.54	36.63	34.19	29.38	36.83	51.29	42.04	44.39	30.51	22.73	13.15	-1.89	0.31	-6.75	-220.46	-14.25	-10.42	-12.88	-14.9	-0.9	-2.38	-7.74	-7.76	-2.66	-2.85	-4.93	-3.88	-3.39	-3.48	-4.69	-6.12	-9.73	-14.95	-14.58	-14.13	-5.15	-4.81	-3.68	-3.67	-4.55	-3.85	-2.89	-3.92	-19.4	-14.9	-16.76	-2.91	-2.6	-9.7	-8.97	1.7	4.67	54.64	32.02	51.78	35.7	34.11	38.82	54.64	78.75	68.8	54.81	40.16	38.28	39.01	37.97	33.45	32.78	30.99	31.3	27.71
2025-09-12	41.13	37.44	36.17	37.25	32.12	35.42	32.44	35.94	51.84	53.88	48.98	48.3	48.35	45.57	43.39	37.28	36.25	49.34	48.99	45.3	32.81	39.6	22.94	31.76	38.55	44.61	47.02	51.02	51.26	69.13	71.61	93.62	95.29	80.16	75.27	25.81	28.45	0.28	-1.77	3.29	5.31	-4.05	-7.3	-3.15	-2.49	-4.2	-13.55	-8.92	-3.83	-2.58	-2.33	-2.52	-1.88	-2.63	-3.18	-3.18	-2.98	-3.18	-2.8	-3.19	-3.17	-3.2	-3.15	-2.68	-47.7	-20.32	1.8	0.78	3.2	5.39	16.06	41.76	5.61	25.11	24.08	43.63	31.9	31.79	78.7	79.37	66.46	119.54	130.97	123.33	154.7	142.99	116.73	61.35	54.9	69.1	77.27	73.76	63.09	78	56.32	70.36
2025-09-13	86.49	62.69	61.71	51.51	70.23	70.11	51.53	58.92	74	74.86	65.45	65.06	107.52	70.78	105.88	100.9	91.19	58.55	67.68	81.62	80.47	77.64	69.25	69.55	34.97	27.46	11.73	19.08	29.75	27.9	32.79	32.92	34.36	25.93	11.53	5.39	10.01	1.69	-7.22	-11.91	-15.95	-15.91	-10.93	-18.16	-9.95	-8.84	-6.2	-4.1	-9.84	-2.61	-2.59	-0.57	10.39	5.97	6.04	-1.04	13.17	-1.41	0.8	-1.87	-10.86	-26.71	-5.03	-4.65	-8.06	-3.42	-2.22	-3	-2.94	-0.98	0.5	0.99	-9.71	-7.01	-3.01	10.9	2.9	32.32	89.43	1.25	0.02	13.79	37.2	41.08	49.42	44.55	43.4	59.61	62.22	48.36	40.02	47.16	55.57	33.38	44.83	56.57
2025-09-14	50.83	93.39	35.03	31.24	50.24	40.12	47.86	24.58	38.29	37.31	32.31	41.56	48.14	42.58	90.53	40.16	24.89	48.62	42.48	44.07	40.54	45.71	46.72	27.26	41.9	52.55	39.96	41.23	50.01	53.8	46.01	53.83	47.22	84.93	50.16	33.26	7.87	-3.26	-4.7	-74.19	-12.66	-9.84	-26.99	-130.9	-207	-17.65	-9.92	-6.05	-20.27	-20.19	-17.14	-18.44	-6.82	-8.47	-10.26	-9.78	-2.3	-2.37	-2.8	-4.54	-6.35	-3.91	-3.68	-3.23	-3.25	-3.7	-3.7	-3.3	-8.79	-3.32	-2.82	-1.1	-30.87	-4.79	-1.02	4.41	-0.97	90.83	112.49	124.31	32.3	39.8	76.58	89.3	96.24	89.9	82.04	81.26	78.68	85.29	81.12	79.44	53.05	59.79	58.79	50.17
2025-09-15	59	106.82	38.97	50.3	57.9	65.58	60.63	61.03	69.98	58.44	63.1	68.08	48.61	59.97	59.08	50.63	45.12	44.54	82.97	88.64	79.68	69.42	61.58	53.6	59.09	70.6	58.85	55.77	65.69	41.07	66.67	63.33	73.5	74.47	72.29	61.62	36.68	38.41	29.14	35.13	-1.33	-1.2	-5.73	-3.93	6.07	1.36	15.19	6.34	1.37	6.72	1.86	0.66	73.87	58.57	51.47	1.59	4.74	20.25	27.85	5.4	8.7	59.44	73.8	0.35	-3.19	-5.17	-2.29	-1.74	-2.3	20.48	69.81	12.12	64.34	84.35	83.13	99.06	38.14	127.34	204.03	118.97	116.18	116.88	115.53	50.16	33.49	59.6	44.25	60.58	75.98	102.09	35.55	60.81	101.87	90.71	41.88	-3.41
2025-09-16	3.6	92.98	41.29	55.56	112.28	110.53	110.15	108.58	38.08	109.25	25.76	51.29	98.89	101.89	49.58	30.82	80.15	57.5	106.99	108.95	111.59	107.72	68.55	41.92	53.63	73.57	44.81	47.79	72.26	60.02	73.85	74.96	77.98	76.59	68.41	68.04	73.65	43.58	24.74	25.58	-5.2	41.5	24.97	7.32	7.48	83.63	82.49	77.84	63.27	67.24	-1.24	14.77	69.05	58.8	4.11	5.95	3.94	18.21	16.92	16.49	4.06	0.39	-1.14	-0.56	3.19	-1.77	-0.78	-2.84	-15.38	0.11	-3.42	-8.48	-8.39	5.48	20.52	29.28	75.29	63.94	112.13	75.86	64.69	86.85	133.76	138.06	192.93	180.23	167.58	144.24	61.1	113.08	115.34	113.19	104.77	76.93	77.36	74.45
2025-09-17	122.79	107.12	76.11	68.63	40.07	74.97	44.46	67.58	57.27	63.39	104.78	73.18	59.13	105.43	114.75	74.18	49.28	63.57	69.25	60.65	67.88	46.8	42.42	53.18	75.55	79.04	79.72	82.46	79.5	82.03	92.04	102.44	102.1	94.86	74.65	59.65	50.48	50.89	28.61	3.7	0.1	26.57	-119.05	-28.85	13.37	82.08	83.05	81.46	71.96	87.02	69.01	82.61	10.95	81.98	83.78	89.03	-0.3	67.5	66.43	-1.2	3.59	5.65	14.83	15.57	39.69	10.26	8.66	22.3	25.6	49.33	35.29	30.03	46.01	87.27	50.69	79.68	72.05	64.25	117.03	120.07	45.7	151.35	154.23	154.07	215.32	210.02	119.64	53.4	54.37	74.55	75.15	79.32	112.06	52.55	55.59	59.52
2025-09-18	68.24	70.29	53.1	62.92	91.72	77.3	79.31	81.71	78.6	55.97	67.61	68.08	48.82	57.18	120.9	57.84	130.69	38.33	50.41	43.45	64.44	76.95	59.88	58.98	61.42	61.24	62.34	66.8	65.89	109.79	66.55	66.13	64.58	71.84	86.1	51.38	90.09	75.74	36.85	18.32	30.04	13.26	2.9	-0.48	3.43	5.48	4.89	5.09	0.45	-1.18	-1.47	-0.63	4	3.48	4.85	3.52	0.92	3.3	3.13	3.84	4.53	6.22	12.86	18.72	18.29	85.45	20.99	32.06	36.89	11.37	31.35	67.73	35.7	154.03	111.25	109.33	123.05	125.68	127.63	121.42	103.97	88.47	154.83	158.32	190	146.32	62.68	57.25	73.26	149.59	147.04	130.55	117.98	112.23	65.06	44.93
2025-09-19	68.27	66.8	66.54	69.87	67.03	62.87	59.55	50.81	82.26	57.94	85.17	75.38	40.18	70.18	78.73	70.44	66.37	78.57	69.22	57.35	73.55	70.32	36.94	18.85	60.38	59.7	65.71	67.19	66.39	65.5	51.01	54.18	100.91	99.29	87.44	57.94	62.33	138.43	109.33	36.71	42.69	93.5	93.45	28.96	17.35	19.41	12	7.59	19.54	-2.04	10.6	37.85	79.8	79.54	13.92	3.87	86.67	102.67	93.62	97.07	94.96	95.1	132.47	150.36	63.41	71.34	134.54	169.54	53.69	61.08	127.06	159.69	103.96	37.22	47.69	51.86	-100.7	38.32	31.8	-42.71	41.75	28.77	27.39	50.44	54.08	41.03	39.65	30.54	24.48	32.26	33.87	28.18	31.53	26.87	24	27.44
2025-09-20	47.8	109.81	52.79	56.98	54.7	45.75	53.79	44.87	68.92	56.55	88.58	68.15	36.01	20.96	73.27	18.18	60.29	50.38	69.08	68.73	98.12	100.95	54.05	60.09	64.46	55.71	65.32	42.65	49.37	93.26	68.76	123.45	65.98	57.84	56.74	58.06	123.27	2.46	-2.27	-6.15	16.85	15.68	20.21	1.76	7.49	0.46	1.84	-7.82	-0.37	-0.93	-2.01	-2.9	-4.23	-1.66	-2.57	-2.65	-2.08	-1.75	-1.23	-1.47	-2.52	-2.97	0.01	0.72	-4.23	-2.96	0.45	0.5	-2.27	0	92.04	85.71	0.79	0.88	8.38	30.11	45.79	44.47	49.45	45.86	24.28	33.75	123.64	55.45	37.84	37.5	33.52	34.92	26.1	26.41	172.12	4.35	53.74	62.77	98.42	54.4
2025-09-21	49.06	29.54	35.29	47.56	45.17	32.54	43.2	26.04	27.41	32.03	6.32	8.79	12.32	19.96	13.29	17.76	18.61	5.93	9.45	9.26	2.4	8.59	7.1	4.6	-4.46	0.05	3.08	43.72	9.81	0	0.54	0.81	4.01	87.01	30.16	0.12	101.78	82.66	-54	-1.86	47.94	16.03	3.97	-7.09	-6.48	-9.81	-8.74	-8.56	-20.81	-17.64	-14.72	-13.09	-14.29	-14.18	-10.85	-6.38	-2.66	-30.76	-22.85	-1.33	-0.76	-5.33	-10.45	-5.3	-3.16	-3	-2.25	-3.48	-3.1	-4.26	-3.95	-4.51	-92.18	-30.3	-12.78	-1.58	-3.29	-5.75	11.73	14.62	2.09	30.82	34.57	47.66	61.37	47.77	-2.4	14.74	20.49	13.73	19.98	17.89	27.35	13.78	0.99	2.13
2025-09-22	0.54	24.2	4.62	6.94	25.81	161.21	80.72	18.44	28.42	76.64	28.73	25.42	16.72	2.88	4.1	14.26	0.62	10.9	31.93	13.39	39.65	79.48	82.28	21.62	35.66	91.68	85.48	72.7	59.72	43.27	58.29	88.03	92.93	77.88	65.75	51.05	51.8	-0.46	-73.62	-45.52	-23.05	-5.05	-5.62	-11.36	-9.59	-8.83	-6.65	-5.54	-7.07	-9.7	-8.73	-2.82	-2.8	-3.19	-3.03	-2.84	-2.97	-3.19	-3.03	-3.14	-2.75	-2.68	-3.89	-3.1	-2.65	-2.46	-2.2	-3.13	-6.18	-1.75	1.63	0.51	-6.97	-4.84	0.22	11.42	38.24	58.61	54.87	93.85	67.67	65.43	64.71	107.2	94.99	68.66	62.96	55.5	45.68	47.8	54.55	47.84	49.84	47.53	45.15	39.42
2025-09-23	42.6	41.8	40.01	39.46	21.97	27.11	7.89	12.08	52.83	42.91	31.07	28.54	25.77	20.02	15.02	5.32	0.95	4.92	1.25	0.08	16.59	20.39	28.12	41.12	29.98	87.36	88.29	76.9	55.12	82.48	90.64	93.96	97.53	98.87	84.07	48.48	74.02	21.1	-12.22	-230.88	-51.33	-22.94	-18.48	-1.94	-7.55	-4.52	-5.18	-5.59	-5.42	-7.15	-8.41	-8.8	-6.21	-12.44	-15.82	-14.91	-14.07	-14.66	-16.74	-13.54	-12.68	-13.43	-12.18	-13	-11.5	-7.09	-7.93	-6.2	-7.41	-5.62	-5.97	-4.66	-228.57	-26.49	-37.77	7.46	1.22	1.05	130.13	98.75	98.75	107.28	111.25	116.08	117.69	60.21	48.5	53.63	42.01	96.4	56.21	1.56	48.56	7.32	35.94	14.23
2025-09-24	34.55	70.19	88.89	84.49	88.54	44.45	38.42	11.96	36.27	78.01	74.36	0.09	29.37	67.4	88.94	23.41	52.97	35.78	25.97	15.11	85.78	23.53	41.79	46.3	3.59	11.33	10.65	20.9	90.51	55.89	40.07	48.37	92.26	94.21	84.76	41.72	90.01	88.98	-9.79	-16.64	-4.5	15.89	1.24	-1.91	3.92	3.38	0.35	4.32	0	-0.24	-1.67	-1.83	-1.69	-1.26	-1.59	-3.1	-0.85	-0.97	-1863.67	-107.63	-142.84	-8	-2.99	-2.24	-3.17	-3.5	-3.15	-1.05	-0.62	-0.17	7.36	16.78	-7.18	6.43	33.53	74.09	50.71	71.58	78.86	68.87	60.91	75.27	48.36	119.12	45.22	77.57	73.19	54.4	91.07	92.09	33.81	67.73	73.97	54.28	66.14	29.31
2025-09-25	96.79	93.26	70.82	68.16	92.79	94.3	32.05	28.18	151.34	42.53	50.05	92.72	93.1	57.28	62.35	97.02	48.88	36.53	93.83	92.99	48.69	104.28	27.3	51.64	50.49	47.14	63.74	27.19	70.7	59.86	64.31	65.05	87.28	93.39	84.04	62.22	72.09	68.89	25.64	-14.3	1.39	16.56	-99.28	-161.7	-186.38	-3.81	-4.98	-8.04	-9.38	-10.17	-10.56	-10.82	-3.26	-3.94	-4.32	-4.27	-4.16	-4.33	-3.36	-3.12	-0.9	0.01	0.63	0.33	-9.87	-1.05	-1.97	2.68	-1.13	4.14	2.97	1.77	-2.5	-8.31	6.72	27.82	40.29	53.54	71.66	106.27	86.85	155.56	176.17	174.52	83.35	-18.14	36.87	78.23	93.38	88.22	96.91	49.3	83.18	83.58	79.64	62.76
2025-09-26	59.29	62.17	82.01	65.1	79.82	90.03	69.78	69.5	80.87	32.56	79.54	87	45.01	38.77	36.78	49.56	36.21	77.74	29.38	37.83	82.74	65.06	51.62	80.86	72.8	79.36	71.23	89.49	83.45	88.08	83.02	79.18	89.01	79.55	84.21	81.92	78.54	62.79	44.45	26.5	27.23	17.2	-0.22	-3.9	-2.45	-3.41	-2.01	-2.07	-2.65	-2.77	-2.48	-2.57	-1.36	-1.85	-2.42	-2.78	-4.23	-4.94	-4.74	-6.01	-3.65	-3.87	-3.53	-4.38	-4	-2.76	-2.12	-2.36	0.71	0	0.28	6.63	3.26	5.52	11.91	32.88	59.49	83.34	63.16	64.15	108.06	106.16	152.65	115.29	90.76	85.82	89.94	72.41	81.59	73.21	80.05	76.25	80.34	74.56	71.77	64.98
2025-09-27	73.67	67.89	72.24	70.51	66.99	70.73	68.91	49.21	73.48	45.54	65.79	65.7	64.72	68.09	71.63	68.98	71.53	69.4	74.14	72.67	54.79	55.03	54.35	58.38	64.55	60.36	97.46	102.92	77	73.35	80	73.28	81.21	50.68	56.59	63.26	67.43	50.81	25.27	5.27	4.76	-2.62	-2.63	-11.22	-626.71	-193.36	-22.49	-8.44	-5.57	-6.33	-6.22	-7.22	-5.91	-8.03	-5.81	-5.9	-4.5	-4.41	-4.44	-4.41	-4.01	-3.89	-4.13	-4.03	-5.26	-5.8	75.42	89.75	-1.26	-2.91	36.61	62.14	45.6	9.67	54.9	90.57	61.09	83.67	71.95	7.26	43.58	37.81	45.78	49.44	58.94	27.88	15.1	26.37	33.66	30.14	28.94	33.6	19.44	17.14	22.95	25.7
2025-09-28	21.39	9.75	34.28	28.12	34.02	35.67	37.2	34.2	39.02	35.84	40.53	31.24	18.31	36.18	23.76	20	34.04	7.75	4.3	7.28	13.68	27.26	3.24	19.51	10.18	10.21	8.88	15.03	16.82	16.87	17.46	63.36	0.06	55.39	70.99	78.08	39.46	81.77	72.12	82.96	69.19	15.62	20.58	7.48	7.3	2.73	-4.86	-6.59	-7.05	-8.28	-8.02	-5.14	-0.55	0.41	-3.89	-3.24	-5.52	-3.52	-4.69	-2.58	0.65	-1.66	-1.44	-3.48	-1.52	0.16	-2.04	0	0.09	3.39	75.22	1.6	15.97	19.38	14.37	9.69	-4.56	9.96	45.52	48.78	20.24	21.25	41.29	41.06	36.53	13.81	10.81	11.33	66.05	43	89.87	87.48	89.25	30.68	24.5	9.75
2025-09-29	29.53	63.33	27.36	34.05	47.3	60.07	64.71	31.85	29.66	29.3	27.9	33.93	65.48	23.32	5.84	10.99	19.57	18.83	6.59	19.17	25.12	19.57	17.76	8.31	26.35	73.61	25.54	22.6	80.02	72.12	93.08	94.61	93.89	77.34	55.93	31.99	41.07	57.95	43.22	43.7	30.35	21.71	5.39	12.37	10.4	-13.65	-7.19	43.32	11.29	-11.54	12.31	14.34	41.96	45.2	80.65	6.14	-4.9	-0.04	19.74	93.15	-2.66	-13.49	-15.57	27.25	65.52	75.62	84.46	49.33	73.49	49.51	50.16	44.67	15.55	34.46	59.61	53.32	52.69	56.39	57.3	71.88	67.99	75.95	62.24	89.81	68.19	70.62	63.2	54.85	85.48	56.13	67.28	44.97	103.26	97.2	71.91	71.86
2025-09-30	83.38	81.03	73.53	70.77	35.24	29.92	27.67	25.1	56.99	58.8	52.89	53.75	60.34	65	91.22	96.71	62.31	35.15	47.95	73.14	48.53	64.03	101.16	102.69	110.45	74.64	88.91	99.69	77.65	80.92	82.35	86.03	101.07	141.77	79.82	72.81	69.98	62.79	0.25	14.8	13.78	-7.63	3.44	-1.49	22.47	30.08	6.78	18.97	9.57	32.97	43.47	33.34	61.11	117.1	101.05	91.01	132.83	221.61	96.74	94.59	94.6	113.29	97.36	-0.58	-1.91	-2.48	89.85	46.83	22.24	39.98	18.67	82.59	1.43	21.15	32.72	70.68	56.56	97.6	91.8	94.24	87.85	69.66	122.79	76.38	99.56	83.7	74.55	45.76	70.1	54.52	78.9	57.46	50.69	59.29	56.85	47.89
2025-10-01	76.99	77.36	80.47	68.32	82.62	74.6	79.34	59.54	77.84	82.23	81.79	104.68	95.19	67.34	60.59	91.73	84.86	73.21	18.86	112.68	103.64	31.58	79.38	83.63	55.15	74.65	77.47	71.43	87.32	88.12	91.69	103.69	89.75	87.09	66.27	62.74	81.06	77.51	58.13	35.52	53.21	3.62	5.27	-36.26	-2.23	-3.02	-0.59	33.88	30.49	-3.43	61.03	72.93	73.82	88.73	-1.34	-0.59	24.13	79.74	90.2	8.47	92.22	40.33	39.8	16.46	32.39	74.39	91.52	31.1	-0.69	20.88	25.3	34.1	15.5	57.32	55.79	73.95	47.58	98.23	85.95	126.83	80.04	66.4	61.98	93.66	124.4	99.97	81.37	82.48	83.06	81.81	92.95	84.09	96.96	95.03	85.21	84.4
2025-10-02	80.54	118.73	111	43.47	75.67	58.56	34.37	74.94	95.84	60.98	105.08	66.39	59.91	4.94	104.63	103.04	119.36	129.53	121.61	120.88	97.2	38.09	61.33	58.83	64.4	81.49	76.69	75.66	80.78	98.12	102.93	104.32	91.16	88.49	97.88	84.19	88.81	68.59	68.51	28.47	81.35	39.51	-0.72	-4.08	-5.96	-3.79	-4.77	-7	-1.52	-0.56	-0.98	-3.25	3.57	0.56	0.44	-1.42	9.64	3.67	-2.38	-90.32	-210.05	-68.33	-3.11	-2.38	-1.54	0.8	10.66	5.22	-1.64	9.74	61.02	91.39	75.46	92.07	94.33	103.48	90.27	99.79	105.95	113.22	133.93	176.2	160.25	141.99	151.48	147.3	112.19	97.35	109.94	105.76	95.78	86.77	95.9	96.42	90.48	80.35
2025-10-03	63.77	94.66	59.77	97.52	91.17	83.55	89.25	82.67	78.5	62.31	91.56	87.01	104.99	109.28	102.98	116.6	119.26	49.78	24.14	87.42	102.54	30.15	52.84	58.94	84.96	80.23	82.35	85.04	74.72	73.56	80.46	81.61	108.48	101.19	98.96	95.04	87.2	75.87	55.53	83.81	48.25	46.8	73.34	7.25	20.72	1.26	11.07	-1.1	4.12	-1.44	-0.31	6.29	93.43	-1.98	75.55	0.23	0.7	31.05	50.1	55.52	84.13	59.78	55.6	81.42	85.9	95	79.25	26.48	20.21	43.35	82.07	97.6	71.64	54.58	50.27	58.17	74.09	99.51	108.73	110.51	87.55	109.82	100.76	97.98	82.03	76.62	66.62	65.46	117.28	106.4	97.02	104.1	107.6	105.16	94.72	82.55
2025-10-04	70.84	115.97	126.76	55.99	111.71	109.19	107.19	103.04	104.44	88.23	22	34.46	95.59	72.54	65.29	59.63	43.65	22.64	31.17	55.77	72.84	63.74	62.04	62.83	40.03	46.56	63.73	48.51	57.28	60.26	38.09	37.15	96.97	54.46	57.37	102.12	102.9	85.38	86.35	29.38	13.2	4.66	-2.8	-4.74	-6.3	-3.88	-6.17	-1.94	-40.52	-6.13	-5.65	-7.67	-8.68	-2.56	-2.27	-1.96	-1.3	-3.5	-4.21	-5.22	-4.69	-28.53	-72.46	-18.52	-10.91	-13.73	-9.61	-8.53	-11	-5.6	-4.86	-6.99	2.1	2.52	18.33	61.82	13.58	81.96	66.98	90.08	75.49	45.02	16.68	21.92	56.05	58.73	40.42	21.3	25.46	25.52	35.93	18.93	32.72	19.68	40.54	-5.45
2025-10-05	15.35	4.65	10.62	-7.78	1.77	79.9	1.74	17.72	-10.12	3.56	16.62	34.9	17.39	-10.53	-1.93	-1.9	61.58	64.83	79.06	-16.75	-16.61	5.58	14.66	21.41	4.65	85.53	1.97	2.05	-2.55	4.89	84.26	85.37	82.76	28.84	6.94	-16.18	-18.18	-6.39	-9.2	-9.58	-106.64	-290.96	-30.21	-31.72	-22.51	-24.77	-26.17	-29.59	-25.09	-25.65	-24.5	-28.52	-26.74	-27.95	-40.45	-46.86	-37.48	-50.23	-46.04	-41.84	-41.67	-51.5	-55.48	-42.89	-25.99	-24.66	-25.07	-24.06	-25.49	-30.49	-25.8	-19.69	-14.89	-12.68	-4.29	-11.02	1.74	72.08	24.4	33.05	29.58	43.91	68.18	48.74	64.84	51.96	28.02	15	60.4	29.25	25.48	40.72	45	60.7	63.62	12.81
2025-10-06	-6.24	-1.46	77.32	4.34	90.8	1.58	-11.62	-11.51	5.45	5.19	6.3	13.83	11.36	9.15	12.37	15.35	0.41	0.1	1.06	15.94	9.13	20.03	1.26	16.39	30	60.84	49.35	66.93	34.01	25.3	39.88	62.74	66.82	86.34	83.93	55.92	51.98	34.43	31.07	21.41	22.19	17.02	-0.4	5.35	78.36	71.42	75.04	79.45	75.8	47.12	138.27	92.59	98	85.77	82.61	91.92	83.58	83.29	82.11	80.48	79.42	21.92	73.95	-0.36	-0.91	-0.89	85.51	89.9	-3.36	87.13	25.92	12.35	-2.45	89.74	46.91	145.1	102.99	117.94	142.6	138.84	110.88	139.49	71	58.21	34.1	94.98	77.73	61.41	62.88	47.08	62.69	57.07	70.55	75.31	73.35	78.25
2025-10-07	67.47	72.34	76.12	78.16	83.68	77.71	71.49	53	61.94	72.9	12.86	70.78	90.56	79.08	80.41	84.74	70.61	79.72	52.13	61.35	91.1	87.82	69.7	68.94	69.69	79.7	85.79	86.12	56.13	73.83	75.41	86.35	84.32	86.1	102.07	97	110.85	81.65	64.46	58.95	44.89	28.32	15.08	-0.63	28.17	10.18	2.52	3.74	5.55	4.14	2.24	-0.65	3.84	7.1	3.67	-2.02	-2.46	-2.82	-2.61	-1.58	-2.36	-1.29	-0.42	1.09	4.91	4.15	25.98	35.31	5.24	12.59	19.43	33.17	53.52	73.53	84.98	69.53	67.07	85.04	98.83	86.91	80.68	108.77	95.86	94.07	84.96	118.67	105.99	81.38	87.94	85.5	84.07	83.45	104.73	96.59	108.05	103.4
2025-10-08	83.22	81.36	86.29	72.3	106.58	73.32	80.71	75.39	112.55	105.17	91.16	45.32	47.35	79.98	85.3	87.15	118.25	122.37	81.83	75.48	71.92	72.42	68.82	72.54	74.27	81.18	73.62	74.08	77.94	77.7	85.46	88.54	92.53	94.25	93.72	75.84	94.98	62.83	64.77	65.05	61.21	107.23	111.54	56.66	27.75	63.83	63.52	-7.12	11.43	43.49	14.4	0.66	34.79	41.5	36.62	25.71	36.45	14.92	-0.06	22.14	43.83	59.09	17.55	46.13	-2.45	-1.26	4.31	11.33	31.63	-2.59	-18.42	6.57	15.27	97.98	16.62	70.45	74.11	76.04	75.29	83.01	67.55	62.76	53.87	45.66	57.9	46.42	48.5	27.03	38.3	39.38	32.13	24.39	53.55	70.8	48.86	36.14
2025-10-09	51.93	90.59	55.93	22.48	47.29	73.93	75.61	41.26	93.76	49.16	38.71	73.36	87.77	90.57	89.41	94.81	90.25	54.36	64.96	59.81	63.6	23.33	21.46	39.68	97.9	23.7	3.47	22.03	35.11	72.23	78.49	90.98	103.84	105.12	78.34	40.74	40.52	120.75	103.63	94.37	94.81	-12.75	-3.77	85.67	-4.1	-14.52	-7.39	14.08	0	-2.44	-0.43	-1.13	-21.71	-5.08	-2.97	-1.61	-3.4	-3.9	-2.19	-2.1	-3.62	-3.29	-3.84	-160.89	-26.49	-3.8	-4.41	-5.05	-7.14	-2.78	0.33	16.62	14.8	24.09	31.9	32.22	37.17	51.75	90.05	83.84	68.73	84.01	75.74	57.8	79.81	86.21	45.6	36.86	39.2	36.83	38.97	31.82	46.03	24.65	39.24	27.68
2025-10-10	61.9	70.53	57.94	56.67	25.86	26.78	20.53	20.14	60.81	26.78	37.97	56.88	43.61	17.94	43.2	26.37	39.59	40.69	27.23	30.77	41.21	37.39	49.67	45.33	33.62	37.91	35.38	55.58	43.08	38.83	41.76	43.03	46.45	44.69	42.1	38.87	31.08	39.65	29.2	8.38	-49.41	-13.23	-5.46	-7.55	-34.26	-32.72	-11.74	-12.15	-11.25	-11.15	-10.45	-13.09	-12.95	-14.08	-15.96	-14.68	-9.95	-10.89	-12.42	-12.06	-0.14	0.39	0.58	-1.35	-1.19	-0.45	0.22	9.15	7.89	29.69	29.62	39.1	51.75	35.03	44.69	64.75	55.06	65.01	78.14	62.65	82.15	56.2	62.83	63.03	52.05	52.35	46.49	42.77	54.27	43.53	39.2	43.95	30.54	28.37	20.23	22.74
2025-10-11	58.77	64.44	56.39	37.56	40.58	46.8	26.83	25.39	39.65	41.06	35.75	37.66	53.29	50.62	52.51	57.3	46.62	41.68	42.1	30.57	39.55	42.16	44.12	40.83	40.01	43.14	60.4	56.92	38.86	81.1	68.18	66.42	77.43	96.64	74.66	14.73	72.46	75.68	60.12	9.4	32.54	11.84	4.99	15.48	6.01	3.79	18.71	6.43	0.45	0.28	3.69	0.22	-0.75	-1.37	-0.86	-0.53	-1.96	-0.28	-0.4	-2.13	-3.2	-5.39	-0.41	-0.27	-1.9	-2.69	-1.05	-0.88	-5.17	-1.23	1.85	1.06	7.56	26.37	60.22	56.49	68.12	72.46	62.17	74.46	82.14	73.97	63.81	45.48	45.42	53	40.45	50.12	52.22	61.81	62.63	69.78	78.71	71.58	77.2	36.63
2025-10-12	52.96	61.16	65.79	51.43	44.88	61.25	40.1	29.34	32.93	34.61	39.24	36.21	28.79	35.1	42.48	45.22	34.45	46.48	42.53	39.57	46.45	47.6	58.7	61.05	26.47	55.86	76.06	80.03	78.65	65.95	84.87	79.28	65.14	64.59	80.33	89.7	29.62	28.91	43.77	25.09	5.48	-3.45	-0.07	-0.37	0.93	0.2	0.92	-3.07	-3.2	-3.31	-3.37	-3.43	-2.09	-2.2	-2.37	-2.27	-9.85	-10.84	-3.48	-7.73	-6.06	-4.63	-0.75	-0.49	-4.58	-5.04	-3.55	12.12	22.2	43.79	85.91	83.13	88.9	80.33	108.6	80.67	82.34	104.81	54.28	85.94	83.69	78.74	75.62	62.18	78.31	81.79	80.4	83.24	81.16	78.98	82.73	82.89	80.96	82.28	74.33	58.43
2025-10-13	60.44	98.07	83.06	84.45	77.91	74	98.3	85.58	96.75	97.27	97.21	81.58	80.88	108.98	108.3	79.97	70.31	78.95	74.21	73.7	86.6	79.89	80.53	86.16	69.81	82.62	73.33	59.53	77.09	80.3	66.65	77.08	73.44	72.96	96.92	113.67	110.47	85.97	76.93	80.91	128.19	120.83	129.31	60.69	11.77	6.86	7.97	3.38	-4.6	-8.43	90.9	90.6	91.37	18.22	1.32	14.47	83.44	50.9	31.12	73.91	87.06	84.04	18.85	40.78	79.85	92.4	45.1	24.88	80.36	51.6	40.07	-9.55	4.19	89.77	111.67	115.11	125	107	114.5	99.97	97.96	105.72	89.85	94.44	83.64	82.92	82.53	76.21	86.84	74.28	76.48	83.88	73.8	74.66	75.32	58.29
2025-10-14	91.57	75.35	64.38	79.41	124.09	72.33	116.89	75.53	74.42	40.49	69.49	66.83	45.19	83.78	58.61	122.82	71.35	73.93	75.03	67.92	73.18	71.1	64.31	62.7	162.44	100.36	81.02	71.66	121.85	100.7	85.51	130.7	160.95	160.97	156.07	110.8	108.02	81.5	74.96	63.49	69.32	30.78	12.29	31.35	18.03	-41.09	-23.63	-1.06	-12.31	4.13	3.82	0.24	16.57	9.91	2.35	-0.14	1.86	-3.85	-4.38	-3.91	1.19	2.45	5.71	8.53	-3.03	3.46	6.71	6.05	3.02	4.56	30.98	64.91	51.16	129.39	128.51	134.15	62.93	152.02	163.61	165.63	90.88	85.04	101.59	109.94	93.9	72.22	78.56	103.79	128.38	121.73	101.04	80.91	92.72	74.83	76.88	83.12
2025-10-15	75.95	81.03	95.57	85.44	85.12	90.53	83.78	85.02	104.06	33.94	91.85	98	36.74	72.64	86.21	75.13	71.75	114.69	75.62	70.33	68.85	79.66	69.68	79.52	76.2	80.4	74.93	76.63	92.8	92.55	113.09	89.52	102.92	98.25	99.56	91.09	119	104.43	81.86	78.09	116.38	88.81	43.76	35.39	25.07	15.25	10.2	12.7	-0.5	-0.49	11.33	8.94	3.12	-1.05	-2.76	-5.11	-4.5	-6.96	-5	-9.54	-13.15	-13.01	-14.07	-14.96	-9.86	-1.87	2.5	17.24	9.22	23.77	20.62	40.8	41.84	58.78	112.3	74.5	95.19	129	142.76	155.82	105.15	164.98	166.01	154.32	94.85	129.93	104.91	127.19	72.78	122.33	130.89	120.16	124.89	119.86	122.1	71.46
2025-10-16	84.25	80.29	85.26	84.11	71.53	84.3	82.17	82.32	92.97	73.36	58.23	81.91	74.47	78.82	78.71	109.03	27.35	79.66	61	43.18	112.08	53.96	77.22	79.51	78.7	79.18	81.18	75.41	88.38	90.34	91.94	129.11	141.84	103.63	94.95	85.99	141.75	119.54	135.15	130.77	59.36	8.75	17.97	39.27	-5.77	79.72	0.36	0.1	8.99	14.9	12.62	5.94	-0.04	-0.37	-0.28	-1.83	-2.65	-3.25	-3.24	-5.23	2.31	12.87	12.3	17.65	0.01	12.42	42.44	60.43	24.44	39.87	77.04	78.19	58.43	92.34	132.08	105.62	107.52	95.85	95.9	111.92	146.52	110.8	130.31	75.61	87.36	91.66	75.08	68.15	46.79	79.72	81.39	59.43	74	83.91	98.42	66.76
2025-10-17	70.41	81.61	71.84	71.16	66.98	74.89	73.45	84.87	77.87	58.39	62.16	62.8	80.8	45.22	73.6	80.73	83.65	84.17	85.29	87.02	87.14	108.2	101.59	69.84	62.28	79.99	93.8	75	95.46	134.59	131.01	99.06	67.52	165.89	161.74	59.63	105.63	88.49	76.79	82.47	150.36	83.14	74.35	38.48	0.11	-3.51	-6.62	-10.1	5.89	4.65	-1.45	-1.37	-7.03	-8.5	-9.33	-9.09	-3.32	-5.5	-8.69	-7.51	-14.26	-15.21	-12.01	-11.57	-16.03	-14.39	-15.24	-15.97	-17.37	-12.17	6.02	26.98	43.51	78.11	81.21	89.77	96.78	99.7	144.49	130.77	146.02	162.83	142	169.5	156.06	135	138.55	86.92	106.1	81.41	82.99	80.36	97.97	162.05	81.4	75.06
2025-10-18	66.36	77.8	92.82	77.51	81.49	93.33	84.6	81.06	92.97	79.17	107.62	76.53	62.13	80.11	65.43	82.58	110.71	85.87	75.99	86.67	78.85	53.25	70.64	79.35	71.39	34.06	56.05	85.05	69.65	54.4	85.13	103.07	85.06	88.69	71.46	73.86	63.54	72.98	60.58	15.54	10.72	-5.62	-5.11	-14.21	1.97	-0.1	-4.43	-3.45	20.46	60.03	55.82	-5.2	-1.44	2.9	4.2	32.26	7.08	-0.31	2.88	0.93	13.33	1.4	12.85	10.28	12.76	2.28	56.29	53.8	16.86	58.03	75.24	10.35	72.73	95.73	112.99	137.76	114.13	121.46	73.17	43.55	93.01	86.96	92	94.51	86.22	86.07	81.76	81.06	81.84	80.04	96.48	82.09	65.16	37.27	64.65	25.97
2025-10-19	42.42	32.3	21.86	15.42	20.64	23.5	27.29	8.83	13.47	25.34	23.24	28.58	17.53	16.17	16.7	8.66	18.07	26.74	20.18	14.55	15.82	11.49	17.27	16.74	6.2	9.97	10.29	17.95	28.29	33.9	21.61	24.46	7.17	11.72	17.8	21.14	17.43	26.24	4.45	9.25	-4.17	-8.32	-10.07	-2.14	-11.61	-14.69	-15.29	-16.63	-2.76	-3.64	-3.02	-2.54	9.83	16.43	6.6	11.74	15.08	5.4	29.17	17.44	43.65	-1.03	21.15	80.37	45.76	7.85	74.57	7.52	57.33	83.14	81.26	8.47	23.53	86.5	52.93	75.65	87.36	88.48	59.98	40.79	85.53	73.45	71.15	55.07	30.96	119.32	106.05	96.38	28.07	55.2	80.83	76.58	77.4	76.13	53.51	15.45
2025-10-20	28.45	26.66	-1.36	-35.67	-4.99	0.5	0.33	-2.63	19.17	15.89	11.5	-4.26	2.32	-5.43	-1.98	-2.08	8.2	9.42	18.03	16.82	20.66	19.2	-4.44	2.68	22.59	35.94	24.28	19.11	27.01	42.81	54.12	61.78	52.7	49.24	53.69	61.9	63.7	87.06	56.61	68.9	79.29	65.43	31	36.13	79.95	0.13	74.48	68.92	-9.98	-16.91	-2.29	-2.73	-3.99	28.37	29.03	-10.27	-8.43	-2.75	61.11	76.95	-2.52	85.89	77.17	32.55	3.42	-9.45	-9.88	-1.31	-0.5	-8.47	-3.62	6.19	-26.2	-22.02	40.78	28.91	33.07	36.54	109.96	89.83	80.87	62.12	60.73	60.1	78.4	56.23	64.59	32.25	61.44	59.31	43.84	24.13	73.43	34.02	20.36	-0.32
2025-10-21	28.51	25.84	31.07	17.3	11.7	39.17	77.04	19.46	36.64	26.78	16.61	11.28	12.57	12.5	-9.46	-32.87	3.79	11.44	6.65	12.06	30.25	1.25	27.79	33.55	23.34	32.37	58.07	78.25	75.74	84.58	89.08	94.42	81.82	83.69	85.65	90.48	119.65	88.86	83.38	78.83	146.4	119.14	151.56	133.8	-12.41	-44.32	88.05	-14.06	-12.69	82.59	80.05	81.94	-3.07	-4.69	-9.36	-3.14	-2.68	-18.63	-2.91	0.01	57.88	34.59	74.98	74.5	64.94	79.21	92.71	-17.39	-13.51	93.48	93.84	-8.1	-23.87	-14.73	94.95	92.54	87.17	94.21	100.1	171.9	112.52	122.36	64.11	49.05	69.41	78.36	53.5	55.52	40.32	20.18	37.96	14.02	11.98	49.88	38.52	90.09
2025-10-22	89.42	97.19	37.93	88.44	102.21	47.73	16.6	18.07	64.92	7.89	16.55	4.23	12.38	4.41	-13.13	-13.01	13.48	3.98	-1.11	-21.23	2.84	-19.61	-4.82	-33.13	-18.08	66.84	68.4	23.75	88.75	93.39	88.17	89.8	96.73	94.53	95.7	99.31	7.32	2.1	17.64	83.46	-15.47	-2.16	-171.97	-4.27	-3.16	-6.46	-11.68	-10.46	-2.49	-3.13	-2.45	-3.18	-5.87	-7.39	-13.1	-8.9	-4.72	-2.86	-2.16	-2.28	-1.8	-3.82	-1.62	-1.93	-22.52	-3.26	-2.02	-0.11	59.85	-6.55	-18.79	-26.55	-41.68	-14.42	74.12	79.99	87.29	87.98	93.23	119.22	94.87	44.03	49.72	98.93	11.82	3.23	7.49	-13.02	-0.32	7.73	12.62	-6.91	-2.11	-1.27	-3.28	-11.55
2025-10-23	118.38	107.46	3.73	-6.48	-20.64	-15.73	1.77	6.52	-0.08	-5.72	3.03	2.18	40.6	36.66	0.02	-11.49	-5.24	-3.01	3.71	-2.12	-1.98	-1.48	-9.03	-12.1	11.29	60.74	65.93	14.62	-10.35	8.01	-1.15	16.38	67.55	83.26	34.65	56.55	76.65	30.8	-7.97	0.92	7.89	4.07	4.07	-0.01	9.94	61.32	49.77	0.08	0.56	-2.91	5.79	23.43	4.25	-15.6	-3.77	4.72	4.12	-3.91	19.48	5.49	-9.43	-1.08	1.36	-2.18	5.29	0.79	2.33	14.07	-1.92	0.48	3.04	12.19	23.57	66.21	88.08	94.26	103.55	80.56	82.46	87.3	51.52	79.06	45.89	14.92	12.95	23.22	26.74	4.86	55.17	15.51	61.24	55.95	77.3	28.65	26.2	85.42
2025-10-24	66.53	64.41	58.83	48.24	42.5	32.21	44.94	32.96	57.3	38.53	54.05	37.08	66.29	65.85	35.96	30.02	41.28	83.48	67.45	44.17	60.22	37.25	39.75	28.01	32.61	35.82	48.32	44.84	21.79	39.71	45.29	42.78	77.44	72.26	68.93	97.37	94.72	38.68	31.31	16.17	45	34.39	28.28	7.09	12.64	-1.61	15.11	-6.85	-5.13	0	0	75.59	35	2.38	-2.26	-2.07	-0.88	65.22	-2.3	-2.17	-5.57	-6.07	2.17	0.02	2.73	11.12	18.61	73.86	-6.12	6.94	55.53	74.9	91.25	105.39	80.81	49.94	123.73	129.16	128.37	84.77	74.84	51.12	68.37	61.27	81.43	100.05	84.16	67.51	64.93	68.49	79.65	58.23	42.64	30.32	34.61	23.44
2025-10-25	42.7	81.37	109.27	75.74	56.66	51.77	27.1	20.22	30.2	30.23	101.93	88.56	23.09	17.98	62.05	96.55	52.18	82.43	15.04	103.34	106.02	26.51	18.57	86.58	92.69	42.81	22.79	29.69	72.03	63.68	60.18	60.18	134.94	76.37	95.67	133.57	123.79	58.15	56.41	49.85	54.12	59.06	14.96	-0.99	1.64	84.83	-1.96	4.12	18.21	96.06	18.87	78.49	91.89	89.24	27.96	86.78	14.59	6.49	85	84.44	-4.31	9.56	6.57	14.32	7.68	13.5	44.53	14.58	-15.82	13.06	26.77	10.32	64.86	63.09	86.1	139.18	104.71	44.5	75.04	120.37	84.17	75.56	86.84	75.72	41.02	91.52	64.13	73.96	62.25	79.67	81.47	60.35	52.85	79.25	35.25	31.25
2025-10-26	22.88	65.65	75.95	53.38	103.58	77.66	96.56	72.29	17.51	35.46	-5.8	6.95	49.61	2.01	19.99	94.33	24.99	87.21	87.99	86.31	83.84	86.63	90.94	41.7	31.71	91.46	90.89	43.8	91.37	88.1	69.81	40.42	84.88	87.07	84.93	14.25	-12.16	-8.81	-13.58	-15.26	-4.42	-10.29	-11.52	-12.61	0.14	2.68	-3.46	-6.53	-9.02	-1.25	-7.56	-15.84	-0.94	10.44	-12.71	3.32	3.06	14.54	-8.85	-2.32	-0.56	-32.62	-7.09	-6.98	-3.75	-1.91	0.72	0.24	0	3.64	29.2	35.78	-19.18	0.04	118.28	6.46	14.18	39.33	118.83	163.56	38.32	55.08	123.92	134.02	30.75	195.82	21.56	14.2	112.57	109.82	51.77	29.39	11.56	57.69	16.11	5.7
2025-10-27	30.19	47.09	88.16	147.27	101.52	38.98	100.21	45.83	95.05	94.58	55.96	50.59	99.8	38.21	34.09	92.69	21.41	49.74	63.56	49.27	41.61	42.46	51.33	41.11	85.82	80.52	33.86	62.49	74.72	77.26	74.41	62	77.48	91.84	69.64	54.83	39.58	24.49	6.61	-5.88	3.15	0.18	22.02	-1.74	5.69	7.04	-0.36	-0.27	-4.33	-0.5	79.03	81.37	81.69	5.57	2.05	3.29	49.41	2.49	3.05	7.62	43.74	31.26	18.57	38.07	2.35	27.81	56.04	64.82	109.83	112.48	122.39	162.3	56.71	18.67	141.28	153.12	105.61	141.93	76.37	153.63	150.79	153.2	80.95	76.03	152.16	146.07	130.78	124.75	137.85	147.9	119.71	114.93	58.95	59.53	68.26	44.69
2025-10-28	61.57	140.48	67.61	67.49	121.84	82.97	29.85	73.63	28.22	27.12	19.32	51.7	67.6	83.21	76.47	75.01	69.41	69.41	72	73	74.56	70.01	65.01	74.3	81.07	80.21	85.13	65.25	129.54	68.3	41.36	75	75.16	68.39	4.19	-29.84	39.45	13.28	0.03	-0.5	14.6	15.91	0	0.04	32.97	13.72	7.77	8.27	8.1	9.32	29.52	8.05	8.43	4.4	30.27	0.18	18.61	96.03	89.49	91.63	62.02	58.85	94.99	32.49	48.73	79.52	113.73	65.52	74.55	68.15	58.32	89.07	72.34	127.41	132.02	73.06	113.27	139.17	95.61	47.18	74.7	77.17	66.87	74.46	95.23	74.18	109.36	89.82	84.43	83.2	83.59	76.85	49.17	66.27	50.09	56.79
2025-10-29	62.59	59.68	60.89	57.98	38.01	64.4	74.18	75.68	56.99	82.38	85.79	80.16	56.19	45.73	53.51	50.23	73.56	61.14	60.84	70.66	73.76	75.8	74.74	60.88	60.99	74.5	68.48	68.26	71.47	67.06	67.05	67.16	67.31	64.19	69.44	69.58	69.52	50.07	51.74	55.13	60.98	113.7	75.26	64.68	50.41	53.04	73.08	92.86	55.98	59.17	86.7	92.16	97.21	99.36	96.02	92.83	98.5	97.68	102.78	86.36	82.73	71.39	78.24	92.28	61.57	11.6	49.63	73.54	50.67	70.45	128.43	72.6	73.43	96.05	60.08	150.88	132.23	129.16	117.07	113.63	85.51	84.68	85.88	160.43	151.87	84.23	73.53	77.21	49.83	78.18	81.61	78.85	75.89	64.35	41.9	-13.45
2025-10-30	68.33	73.41	76.3	66.9	89.12	75.08	73.18	61.8	67.94	71.88	71.7	69.24	59.56	59.6	65.27	71.87	60.07	56.73	57.79	95.11	69.41	67.15	73.6	68.23	70.59	99.53	110.25	76.11	81.16	78.72	125.38	119.84	118.59	94.57	124.59	67.69	66.67	61.16	103.06	50	37.73	78.81	91.51	119.54	92.42	-3.33	-2.76	90.61	70.55	65.6	68.82	71.8	53.64	10.2	8.18	19.96	21.91	86.64	14.49	21.36	49.06	95.02	98.22	90.95	64.89	11.85	136.9	203.63	53.39	60.87	80.42	81.39	98.47	76.37	99.39	74.62	70.81	72.25	70.68	59.43	51.67	77	21.42	66.82	132.22	70.06	69.54	69.02	56.02	94.72	64.03	44.8	40.94	50	47.43	34.04
2025-10-31	67.75	128.79	81.79	15.79	39.94	27.06	45.21	26.21	40.78	44.53	45.53	38.65	43.48	2.54	12.92	44.08	21.11	19.77	20.41	16.69	36.86	10.25	14.77	10.28	17.66	12.94	58.05	37.3	64.04	81.84	71.07	45.11	52.51	47.4	66.63	39.47	30.73	21.73	37.52	33.24	80.55	96.15	90.58	24.22	84.85	51.91	0.92	-0.69	0.36	0.04	0.32	2.37	2.57	0.07	3.25	13.27	26.21	6.6	38.96	8.26	-5.65	11.23	11.58	39.03	73.68	15.01	-7.93	56.64	68.28	46.09	85.79	37.78	49.15	70.59	37.84	34.4	36.81	46.51	49.06	44	52.54	53.02	40.77	50.79	54.54	54.48	52.14	53.88	18.64	45.37	88.54	85.09	90.68	87.8	99.19	88.43
2025-11-01	88.48	23.48	82.75	73.18	84.89	94.22	42.11	9.12	89.13	28.82	9.53	42.87	80.89	82.17	85.39	68.45	121.43	94.05	91.39	89.91	96.19	91.79	91.74	112.9	133.64	131.89	246.19	41.22	103.68	45.72	52.64	63.38	42.15	39.54	44.79	25.8	18.62	3.22	-4.64	-2.39	1.05	6.66	17.75	3.42	-6.98	-7.39	-5.06	-6.59	1.73	-0.03	10.58	11.04	3.21	0.64	1.92	0	1.57	-1.67	1.78	0.08	12.57	14.03	22.11	38.78	43.31	13.5	21.25	25.06	24.02	86.03	60.85	45.49	91.89	93.79	96	54.92	64.39	60.77	74.65	72.72	63.55	63.41	63.19	62.91	81.19	80.52	67.9	72.37	63.1	62.41	66.3	59.25	95.04	40.03	61.99	50.57
2025-11-02	65.93	56.75	23.39	13	14.55	17.14	25.15	13.66	-5.04	-9.91	11.07	0.51	3.03	-0.05	0.18	0.28	1.01	1.73	0.44	0.09	19.37	18.72	12.02	13.44	25.76	55.12	32.22	23.02	39.58	40.54	37.11	14.15	0.29	-2.81	-13.67	-62.16	-8.67	-8.65	-4.02	-6.3	-9.98	-12.5	-7.34	-9.25	-7.82	-11.95	-11.91	-11.77	-13.73	-14.08	-15.39	-16.97	-15.57	-15.86	-14.99	-15.88	-10.82	-9.73	-7.8	-8.05	-3.13	-4.72	-2.42	-4.69	-2.05	0.05	25.21	42.29	20.26	95.46	87.34	19.52	39.56	93.03	103.56	125.69	62.18	59.52	66.35	70.87	72.57	70.38	75.4	78.01	66.84	44.05	67.41	58.75	69.93	110.6	64.61	71.11	74.31	60.27	52.77	57.9
2025-11-03	78.82	77.82	76.06	64.49	73.42	60.33	67.08	58.51	63.8	72.13	74.67	76.76	60.35	62.76	61.82	61.35	78.14	80.15	74.2	69.78	67.53	35.62	55.29	59	72.18	76.87	77.09	73.74	79.7	81.26	86.94	86.05	87.5	82.16	56.13	37.05	1.14	-4.37	-16.36	-21.19	-14.22	-17.16	-17.88	-15.12	-13.26	-3.39	3.11	-1.47	-0.9	-7.81	-4.18	-9.71	-0.82	-2.02	-0.46	0.94	-0.19	-3.01	-2.59	-4.9	-12.49	-10.18	-8.57	-4.27	-0.17	0.6	2.07	65.56	96.99	134.45	72.56	175.47	70.73	131.25	125.53	79.62	90.28	82.37	97.19	96.75	76.9	83.53	88.21	83.53	49.91	68.53	79.43	69.4	24.35	66.4	65.29	47.48	50.17	54.34	53	63.68
2025-11-04	78.31	77.1	76.86	75.13	36.43	44.82	45.85	9.35	2.69	47.64	15.72	11.32	10.46	1.82	8.22	2.67	5.82	4.28	4.7	5.14	0.01	0.06	22.07	45.5	60.59	62.9	28.91	59.76	65.59	89.53	90.16	60.78	62.74	56.06	58.82	40	33.52	-2.81	-24.46	-33.51	-225.25	-70.31	-56.77	-5.51	0	-0.32	-2.96	-1.46	8.78	13.17	90.5	75.81	8.15	-2.09	-1.47	-0.4	7.62	10.79	-0.14	-27.49	25.28	78.83	57.75	84.06	40.89	74.37	88.15	44.66	17.05	17.01	18.83	17.41	32.68	66.21	106.87	88.13	66.27	40.26	95.51	96.75	82	78.78	99.97	77.66	94.41	13.35	47.35	66.46	61	70.95	46.28	27.59	36.12	41.51	56.99	-6.59
2025-11-05	-13.13	-31.16	65.27	62.9	82.09	80.04	2.31	0.03	74.58	66.4	19.41	12.43	31.63	101.07	96.97	14.9	20.45	39.26	39.82	53.6	12.88	2.03	-0.86	4.34	58.66	91.6	49.49	29.94	25.14	17.59	17.9	14.12	9.64	-5.46	-44.72	-19.57	-9.18	-4.16	19.05	-2.69	98.65	145.74	14.28	62.97	-7.41	-4.58	3.02	14.2	8.36	8.25	62.4	162.29	77.36	0.78	4.01	84.65	88.59	90.76	5.49	11.67	16.32	6.44	13.73	9.93	-30.86	-39.33	-17.59	85.1	96.64	89.14	26.44	33.65	23.53	18.18	1.13	95.23	88.94	90.39	91.18	94.04	48.35	56.2	103.23	23.13	54.95	66.86	102.44	8.79	-7.75	-80.01	0.32	33.15	24.35	26.36	24.39	-18.89
2025-11-06	-8.13	2.32	20.09	20.71	62.24	51.52	-8.45	-7.13	-16.69	1.68	-2.94	-10.41	-17.63	-13.19	-1.63	0.11	4.67	2.98	7.65	7.01	0.54	0.57	-6.31	-18.57	18.39	10.13	35.96	24.84	24.36	35.33	6.92	-16.16	2.27	-32.15	-14.84	-17.54	-0.97	-3.53	-6.3	-9.64	-4.22	-7.33	-4.81	-5.65	-17.78	-18.2	-15.51	-12.36	-20.79	-14.7	-29.33	-25.4	-4.96	-3.66	-25.27	-18.6	-5.91	-2.84	-2.71	-2.76	-3.58	-5.95	-2.7	-0.91	0	61.78	1.96	0	22.19	86.7	87.16	77.71	67	86.63	83.32	85.43	63.65	72.76	65.31	82.63	68.66	69.24	71.34	44.73	36.47	83.44	69.13	18.53	71.87	68.67	69.19	30.97	45.45	31.17	29.63	1.51
2025-11-07	50.21	48.79	15.42	15.42	20.94	15.42	79.5	0	84.57	150.37	30.06	18.04	96.55	94.88	89.98	74.82	28.78	31.6	40.93	18.36	14.82	9.77	85.49	6.35	25.63	20.17	60.5	40.92	46.28	31.31	84.33	18.28	114.59	94.38	64.23	59.91	87.09	47.69	62.98	63.11	79.88	67.68	65.54	24.47	5.14	-6.23	-0.36	0.66	14.26	28.66	39.68	58.1	33.16	26.28	26.36	21	6.39	42.31	55.06	89.49	85.42	118.68	63.91	36.35	58.03	49.23	55.46	81.45	97.66	130.1	130.18	147.49	72.28	77.34	66.4	121.51	51.99	13.57	64.97	70.59	80.79	80.2	80.18	81.57	96.97	105.41	63.46	63.32	52.78	67.21	59.5	51.77	49.08	25.23	59.01	48.38
2025-11-08	41.87	40.09	22.92	36.14	17.7	89.41	95.74	92.85	94.68	18.93	-6.02	44.93	106.29	106.16	102.1	101.78	58.97	86.62	20.24	13.69	84.47	28.95	52.49	59.8	89.06	90.15	90.7	29.8	26.21	15.23	19.52	1.01	0	50.69	20.8	-10.18	8.34	-0.86	-3.6	-1.59	-3.65	-1.35	-3.14	-27.95	-36.15	-6.28	-16.48	-3.35	-2.55	-3.4	-2.57	-2.33	-3.05	-2.18	-2.09	-1.85	-2.28	-2.94	-2.66	-2.82	-1.76	-1.78	-2.54	-5.85	-28.96	-1.91	-17.29	11.79	14.93	89.45	89.11	68.51	32.33	93.58	45.4	44.25	41.05	58.11	66.98	44.5	62.7	96.61	94.28	36.04	37.53	98.42	54.51	25.44	77.7	84.25	87.05	79.45	69.49	49.73	73.2	43.26
2025-11-09	53.24	53.39	57.91	32.96	46.05	20.03	-0.11	1.95	56.38	17.94	22.9	8.89	1.08	7.42	3.79	5.12	91.62	91.31	53.58	55.33	46.14	69.7	15.69	23.73	56.92	51.25	57.7	24.66	48.84	44.9	57.07	52.04	41.04	24.89	3.86	-1.63	3.57	3.01	0.85	-7.36	-8.81	-22.5	-2.26	-3.04	-2.29	-0.63	-2.78	-2.72	-2.89	-3.14	-1.63	-0.41	-4.8	-3.83	-3.01	-2.39	2.2	-2.73	-2.09	19.76	0	0	78.64	41.16	88.4	97.07	90.95	53.16	90.43	37.72	56.04	60.59	95.92	53.57	58.02	56.74	56.03	62.82	72.29	76.58	113.6	120.52	123.55	66.8	106.23	63.86	60.3	57.19	38.59	54.44	106.98	74.53	65.37	41.66	49.57	35.79
2025-11-10	56.59	52.66	48.49	89.81	41.17	49.71	31.8	33.07	52.09	48.35	42.43	48.49	43.93	27.11	40.13	57.08	48.28	58.7	57.1	56.47	0.2	88.5	45.45	24.48	43.48	50.98	59.1	50.98	59.12	65.23	72.2	108.54	114.02	122.62	112.67	59.95	51.65	31.42	22.5	32.69	19.94	11.19	33.58	-13.35	-3.94	23.75	31.88	14.12	8.94	7.87	3.61	-2.94	1.52	0.12	1.02	0.38	1.48	0.61	0.11	1.15	0.08	6.23	23.87	79.27	26.79	33.95	56.97	58.15	74.55	92.11	122.42	113.86	75.35	72.31	75.09	71.74	72.34	63.14	64.69	76	83.3	65.71	140.84	66.49	62.79	140.84	74.23	56.82	57.33	24.84	41.76	40.31	103.4	47.24	56.61	95.38
2025-11-11	56.57	104.88	40.39	62.73	28.78	55.07	47.81	48.25	98.8	95.72	98.35	95.04	52.93	51.18	53.07	48.22	91.81	94.59	91.39	67.84	44.93	18.26	18.94	37.42	71.83	51.52	57.24	46.64	62.84	68.22	81.03	52.94	78.95	65.52	71.37	39.24	46.21	4.13	-1.65	-2.75	-6.74	-11.43	-4.75	-2.73	-336.56	-58.56	-11.47	-8.73	-5.44	-2.21	-0.67	-3.02	-2.85	-3.19	-3.6	-3.41	-3.1	-2.82	-5.27	-3.64	-3.35	-3.37	-1.83	-2.93	0.41	0.01	13.01	51.76	63.82	92.22	98.61	119.85	56.7	100.72	64.74	55.59	45.3	40.15	102.67	105.49	60.04	58.14	37.52	20.89	69.26	45.53	26.1	43.79	66.67	50.79	37.42	66.03	48.84	51.84	39.73	22.41
2025-11-12	2.12	15.2	87.55	5.11	8.01	-0.33	4.47	-1.67	5.23	3.02	4.25	-1.1	0.02	0.07	2.01	0.44	0.75	2.05	0.32	3.41	7.73	-3.54	-18.89	4.83	10.77	15.46	16.9	6.41	26.29	31.07	78.66	84.19	92.42	92.52	76.11	-15.67	-129.99	-16.28	-3.24	-3	-67.06	-29.54	-1	-1.42	-7.28	-0.73	7.54	6.15	-16.34	-17.24	-19.96	-15.11	-12.17	-10.35	-6.42	-6.33	-3.37	-3.62	-3.91	-3.92	-4.24	-2.68	-2.76	-0.29	-1.57	0.04	39.79	9.97	74.37	87.91	90.05	22.89	78.81	82.64	29.38	54.47	55.88	48.57	54.02	61.9	61.23	36.77	59.99	40.83	83.15	79.23	88.08	67.28	30.09	80.66	83.8	33.24	83.22	21.74	14.79	-21.49
2025-11-13	-13.58	-15.57	-20.56	-47.58	6.76	8.13	11.02	11.1	2.36	-3.33	0.72	-2.31	-1.74	-0.88	0.04	0.26	-0.99	-3.96	0.05	-1.02	2.55	3.33	20.59	1.86	-2.04	0.43	78.44	-14.84	1.31	28.61	43.04	42.38	40.34	36.21	52.41	44.15	30.11	17.24	91.82	82.24	83.48	87.29	98.64	106.2	116.98	92.83	35.23	48.02	81.17	81.06	87.11	87.13	96.31	97.04	95.47	89.43	-0.88	96.86	134.16	117.56	107.95	118.49	118.47	130.36	-50.66	39.54	138.37	135.39	34.62	-195.62	93.07	95.3	12.92	25.62	20.03	27.96	39.76	51.66	40.46	49.6	55	7.51	15.51	39.57	87.72	45.48	35.95	88.5	20.25	17.99	24.79	12.23	28.46	12.63	0.24	1.28
2025-11-14	0.82	22.47	11.59	2.03	89.29	71.07	62.77	82.01	94.61	61.7	13.62	85.91	58.66	73.3	73.05	16.85	-18.78	-4.78	-18.78	-42.33	3.5	-0.63	-10.38	1.65	7.5	32.2	31.09	4.86	-2.67	21.05	47.94	88.67	78.02	79.8	83.81	91.31	77.42	86.18	32.37	14.97	10.75	18.64	4.93	42.04	52.64	50.97	38.95	25.16	37.96	21.06	22.32	18.69	80.17	70.15	80.55	68.8	53.16	66.48	66.98	72.73	9.59	-9.01	22.47	6.21	20.05	15.66	0.73	-17.93	4.79	-208.68	112.48	47.7	39.01	97.73	59.5	20.21	52.36	71.97	56.32	66.09	57.89	100.93	101.76	36.14	56.39	89.54	86.74	26.97	95.54	10.11	37.52	-5.26	-7.64	93.76	32.62	13.59
2025-11-15	-1.98	5.53	-16.06	-2.25	2.28	11.4	13.12	-10.49	2.31	-21.73	1.53	0.73	0	0.19	20.15	14.11	44.79	42.47	50.23	80.95	84.41	16	16.02	14.28	28.77	18.05	22.86	16.91	12.01	23.89	-4.81	11.72	63.62	65.58	25.55	40.8	33.87	23.83	59.74	32.24	-2.68	6.56	3.7	0.8	56.97	78.49	81.32	6.91	74.42	70.57	70.45	76.2	68.69	17.85	25.08	71.22	77.58	34.72	52.93	77.88	32.77	42.91	31.82	31.43	54.04	31.02	18.89	18.23	59.88	63.16	55.1	63.57	31.87	48.2	41.46	59.61	43.78	30.46	21.14	23.74	28.6	22.48	24.31	9.54	25.74	27.1	10.99	5.83	8.25	5.73	7.33	10.88	4.54	1.68	3.05	0.28
2025-11-16	1.32	1.03	14.9	15.23	84.8	69.5	32.46	68.82	61.27	80.45	62.1	-4.23	66.2	82.73	-17.06	-22.56	-7.39	9.23	13.13	34.99	61.68	53.83	21.33	18.63	26.57	-4.21	-14.23	-7.5	11.72	3.22	10.03	-9.42	-2.21	2.79	-5.81	-12.71	-8.49	-3.6	-5.01	-5.27	-6.87	-7.44	-10.32	-10.36	-5.48	-7.11	14.31	-6.16	-3	-3.9	-5.97	-3.18	0.57	-1.7	-2.59	4.07	-3.19	-4.08	-3.16	-1.94	-4.06	-4.59	-5.69	-5.74	-5.8	5.59	20.12	27.73	99.57	96.02	95.37	99.68	92.89	62.6	83.64	88.89	55.08	57.71	64.27	41.76	58.06	53.83	72.28	83.5	98.56	81.27	66.41	86.09	95.07	92.92	65.86	60.06	38.24	37.44	50.81	11.15
2025-11-17	33.91	90.92	41.44	33.51	58.92	94.16	90.94	95.21	55.02	40.96	41.61	92	47.88	41.08	43.06	44.8	94.19	41.77	46.04	39.14	50.16	44.77	36.88	92.55	48.4	61.05	80.83	82.45	67.57	71.3	72.79	68.81	70.22	70.55	101.93	98.24	73.32	73.15	77.29	27.67	94.46	54.69	57.3	80.18	79.78	4.61	-19.88	-3.83	-6.34	0.1	-3.85	-4.59	5.1	11.02	73.53	4.27	17.39	22.16	112.32	15.2	8.63	32.09	40.75	77.87	66.66	-3.45	6.49	58.15	39.25	57.25	100.11	76.34	69.15	88.77	108.9	85.37	37.49	84.6	64.01	64.74	69.29	110.54	110.91	95.29	96.17	98.48	61.85	56.23	94.48	89.07	69.23	62.64	79.15	59.56	63.31	32.1
2025-11-18	57.52	73.86	67.13	75.74	63.69	79.94	80.76	55.03	51.24	43.99	7.75	17.83	41.28	70	68.09	91.18	87.67	66.95	98.23	79.61	70.6	71.75	63.36	68.09	45.05	74.21	84.4	52.37	23.97	43.1	59.94	76.84	79.48	81.07	84	38.74	-42.95	-107.05	-51.21	-186.22	-194.66	-29.38	-13.72	-8.81	-6.04	-3.06	-5.41	-6.58	-4.21	-1.93	0	0	0.02	15.04	-50.49	-135.3	-56.66	-9.99	-4.9	-4.84	2.56	1.71	0.52	0.94	0.33	37.14	38.77	61.93	118.71	127.93	121.57	83.34	74.36	93.07	121.25	134.38	78.15	74.28	73.13	130.32	128.89	128.34	134.36	76.18	75.2	96.33	81.69	75.71	113.38	109.28	84.24	67.67	67.74	70.47	62.26	55.37
2025-11-19	101.98	82.31	79.76	62.23	66.05	69.91	59.32	60.04	67.51	81.06	76.85	82.02	56.85	77.79	100.44	50.26	90.26	61.9	58.32	64.68	65.1	74.74	50.36	72.24	54.07	100.18	65.74	68.02	82.97	82.51	88.09	95.77	82.65	101.91	96.04	82.45	75.97	62.01	96.14	83.24	47.36	82.28	28.65	33.4	26.06	83.54	38.08	77.51	79.22	84.04	67.16	73.65	83.66	77.3	74.89	58.91	59.98	56.89	67.8	76.54	55.91	86.8	91.18	167.16	86.54	90.64	87.42	85.77	105.65	118.1	115.91	92.85	75.34	104.08	90.69	78.11	73.3	74.05	80.75	84.55	89.81	88.17	75	121.27	111.31	86.38	67.7	65.4	67.96	62.66	76.35	55.24	56.13	54.32	69.32	64.1
2025-11-20	87.99	98.44	67.53	61.14	75.26	69.89	72.51	63.51	63.06	51.19	61.24	46.49	54.62	81.29	78.07	93.7	63.5	68.95	62.82	82.97	73.73	82.57	66.3	52.71	48.88	89.96	88.54	68.74	65.95	101.17	146.84	63.12	56.99	82.05	92.88	56.33	69.6	53.7	32.78	-2.47	-11.36	-2.12	0.57	-0.22	0.44	0.88	-1.57	-24.12	-7.93	-4.29	-2.14	-0.86	-0.85	0.01	0	-0.62	-1.67	-6.64	-3.82	-6.75	-6.56	-1.01	0.81	3.78	4.97	57.76	15.77	107.33	87.86	121.57	108.5	63.7	81.61	66.79	71.75	71.05	70.66	109.54	115.62	121.29	123.11	107.18	83.38	82.14	64.82	103.27	70.45	34.82	53.16	54.74	55.03	79.83	98.73	41.39	46.13	48.89
2025-11-21	-3.57	16.57	32.2	12.83	30.05	14.02	13.56	27.76	77.64	87.47	91.85	79.69	79.25	2.64	-3	4.74	18.25	70.95	27.8	82.29	81.32	82.95	30.11	92.23	28.87	86.29	20.53	1.35	17.83	80.59	91.64	20.57	42.4	94.2	24.08	-20.46	-8.69	3.31	76.59	-2.74	-8.04	79.51	4.18	5.24	-6.5	-8.03	-3.85	-0.45	-1.03	-0.18	0.09	-0.11	-10.59	-15.57	-1.89	-0.67	-6.34	-2.56	0.28	1.36	9.64	-7.47	-10.45	-1.57	6.32	7.54	16.44	103.27	94.34	99.4	103.51	116.85	101.15	74.52	110.05	120.69	128.87	74.98	81.69	81.63	127.57	84.01	126.84	132.18	101.54	99.95	84.8	92.76	105.03	104.95	103.94	99.25	97.99	93.09	53.51	28.01
2025-11-22	40.15	51.88	59.25	78.92	62.25	78.08	73.83	63.27	84.4	51.2	85.92	45.14	111.26	36.8	43.21	86.14	49.32	16.83	64.98	60.8	58.86	30.45	74.65	65.98	59.3	63.53	89.46	87.22	80.54	90.57	60.98	73.19	95.04	94.22	0.99	-13.43	0.31	22.23	-12.25	-17.79	-30.54	-10.31	-3.14	-18.25	-70.23	-8.55	-1.34	-1.31	-0.57	-0.5	-0.5	-0.54	-0.34	-0.28	-0.24	-0.37	-3.01	-2.82	-0.6	-0.72	5.18	7.31	15.71	17.68	71.95	-2.22	-8.99	31.69	-4.52	57.56	107.13	61.54	52.42	16.55	15.25	68.99	24.28	101.62	94.78	92.43	94.21	94.37	76.98	93.04	102.8	93.2	95.19	93.52	66.06	73.23	51.12	97.84	99.79	66.75	51.69	75.83
2025-11-23	3.96	11.35	80.23	70.84	79.47	83.1	76.46	3.26	81.24	69.35	74.63	65.82	88.59	80.19	70.88	72.3	73.23	72.96	12.19	35.85	-6.08	5.03	53.11	2.38	-3.49	50.11	81.77	15.05	9.61	11.2	30.4	27.54	23.5	82.99	81.55	10.18	34.65	64.01	0.44	19.47	67.41	-25.81	-1.16	82.79	67.53	-3.56	-2.52	-10.3	-46.11	-46.3	-5.47	-3.03	-1.65	3.74	27.12	42.52	45.19	39.88	24.85	25.85	55.03	59.81	0.69	15.71	68.99	-4.31	93.66	107.81	90.85	29.67	36.03	71.6	86.16	99.34	103.12	103.59	88.42	83.92	69.14	36.8	41.9	32.86	120	32.33	132.51	105.09	77.9	70.22	30.48	18.74	119.9	106.9	1.95	-0.88	-9.15	-2.89
2025-11-24	12.29	1.83	-10.59	14.04	45.53	28.15	7.55	6.03	0.15	0.12	0.95	-7.94	-11.94	-1.28	-0.1	0.33	-1.13	-2.77	0.26	0.03	0.23	-2.57	-1.51	0.58	101.97	12.23	80.11	86.4	24.16	37.4	35.61	86.15	83.79	82.92	86.16	8.76	90.78	90.99	90.65	24.13	35.97	-24.92	42.08	81.04	-103.18	90.23	25.89	-18.48	25.7	66.16	49.6	-6.15	75.53	82.13	81.9	84.67	99.65	104.64	95.86	76.18	90.52	-6.85	90.51	90.7	88.06	88.05	89.1	22.6	27.25	95.88	96.91	99.2	11.64	27.12	39.55	98.44	41.77	50.04	89.82	90.47	93.72	50.9	93.14	51.73	106.71	95.06	73.79	49.65	34.65	59.14	58.26	22.24	5.13	-103.84	-42.93	-5.61
2025-11-25	-11.98	88.3	71.07	-8.55	9.66	8.47	3.32	-1.19	-5.64	-6.16	2.79	2.74	3.94	-13.2	6.03	-48.36	-18.54	-55.78	-115.51	-337.63	-51.69	0	12.55	-89.46	24.03	84.28	86.64	76.57	72.43	79.87	86.65	90.03	95.46	93.91	90.78	9.6	70.31	-23.28	-170.86	-42	-16.46	-15.55	-1.4	-4.22	0	-3.3	-0.91	0	-0.18	-2.13	61.57	69.6	12.72	-1.59	2.26	-1.94	49.6	61.02	-15.34	-12.62	-1.36	1.63	-6.36	74.49	0.5	80.82	8.43	18.5	94.05	117.97	99.34	74.64	59.28	86.3	65.33	54.14	43.14	17.63	0.03	102	100.79	59.39	45.69	59.22	51.97	72.62	99.59	85.94	95.24	94.19	72.9	47.91	45.38	32.54	-18.19	22.18
2025-11-26	22.63	81.77	45.58	64.45	52.6	74.2	19.68	81.19	65.41	83.48	89.29	76.29	73.97	58.83	91.97	71.78	60.44	53.92	39.42	61.88	34.35	99.99	92.13	96	37.15	73.96	41.58	92.54	-8.03	57.71	64.97	74.67	101.98	113.34	99.46	93.4	106.13	56.99	80.33	16.35	-4.07	-6.27	-4.99	-4.27	-2.99	-0.24	-4.02	-4.04	-11.62	-5.58	-3.94	-4.21	-2.37	-2.13	-2.18	-1.9	-2.51	-2.93	-4.06	-3.84	-5.63	-4.46	-2.38	-3.69	-3.43	-0.24	-0.01	40.58	51.27	60.02	99.66	70.46	72.85	76.2	72.17	72.27	58.55	63.26	64.87	60.17	73.93	71.18	65.99	64.17	57.73	88.47	61.98	66.36	59.12	56.82	63.4	77.98	60.18	61.6	75.64	50.34
2025-11-27	69.53	86.85	50.75	60.09	42.96	34.87	23.8	32.06	76.99	78.55	23.56	-6.52	26.99	29.93	26.85	65.06	86.73	87.14	87.98	21.95	32.26	28.34	22.59	29.98	87.89	33.17	32.79	35.97	37.78	49.58	55.93	97.16	109.71	62.37	100.05	43.19	64.29	49.13	79	32.39	21.15	1.28	7.28	13.22	-0.24	0.02	0	0	0.32	0.06	-0.26	0.14	0.24	0.2	-0.26	-4.61	-0.64	1.34	0.32	-0.34	-1.22	0.53	2.29	15.33	-4.62	0	39.86	55.09	74.55	91.56	97.77	83.4	76.36	85.24	68.36	77.94	86.48	75.61	61.83	64.48	75.76	87.63	42.52	74.48	100.64	81.32	83.74	63.34	77.44	76.91	66.92	75.02	65.41	94.82	70.2	63.32
2025-11-28	60.62	73.36	72.23	62.34	67.17	41.16	35.38	35.97	68.95	66.24	91.92	91.51	51.47	54.88	51.48	48.32	49.18	66.2	76.2	77.64	80.42	55.26	64.99	60.23	78.85	93.52	51.65	54.16	70.85	119.22	121.07	87.97	53.86	139.27	129.3	80.21	120.81	107.07	100.1	50.04	45.54	56.31	89.18	83.27	92.14	89.51	86.51	29.27	82.02	80.66	85.48	79.87	18.64	1.18	1.48	1.59	45.79	42.78	51.15	45.97	26.86	28.51	52.95	50.55	49.62	44.56	80.74	86.2	100.36	75.58	65.77	65.72	77.48	77.24	71.05	69.19	76.18	71.37	82.13	91.24	98.51	91.02	88.23	75.29	88.42	92.45	117.38	78.2	80.93	97.37	111.46	107.01	101.36	95.21	66.28	68.64
2025-11-29	67.04	77.18	70	69.44	54.12	38.67	80.62	79.38	87.19	93.63	87.77	82.71	108.98	110.39	97.75	100.8	102.05	80.22	86.06	57	56.09	93.28	40.05	93.8	49.39	92.39	94.09	95.2	39.45	68.57	60.84	63.65	70.06	104.27	81.56	67.84	96.96	72.67	68.45	61.68	78.14	46.78	64.72	70.11	95.21	86.14	86.6	58.37	27.54	26.97	45.66	27.45	6.28	3.43	77.28	49.48	59.76	71.73	70.19	83.67	83.77	52.24	89.14	66.45	86.32	67.42	66.93	74.48	108.64	110.47	116.99	69.71	68.97	78.05	75.49	84.77	89.99	83.06	75.45	71.75	77.4	76.37	80.12	70.07	60.78	103.48	66.86	61.72	97.86	60.64	82.61	76.91	44.66	90.13	70.86	64.23
2025-11-30	91.41	75.4	89.32	61.2	47.22	66.16	57.94	43.43	29.79	59.75	59.09	57.94	46.31	58.58	49.18	26.87	27.78	17.28	29.62	11.98	12.45	10.29	15.89	2.59	11.38	7.57	1.27	12.53	49.13	44.23	55.05	53.85	45.68	48.76	77.94	79.08	96.85	66.01	59.8	40.33	89.18	65.13	81.14	71.18	82.12	-6.34	-9.53	1.3	54.82	61.99	56.05	61.53	11.06	2.51	-3.26	-3.82	-4.51	56.22	7.17	3.44	22.66	7.14	79.8	84.15	69.5	12.09	36.79	54.3	94.43	73.21	61.17	64.05	72.19	82.84	76.53	67.65	84.34	78.15	80.13	79.31	67.82	62.49	67.18	105.26	104.91	103.08	104.22	43.2	88.35	70	70.04	75.89	93.6	67.17	53.82	66.81
2025-12-01	52.34	73.31	42.87	93.39	93.34	90.28	46.95	55.12	68.31	69.32	66.5	50.54	61.34	62.81	39.08	72.8	90.85	91.75	93.73	67.89	80.82	103.94	101.09	65.02	115.65	81.83	105.25	54.23	74.7	102.65	85.83	29.25	80.78	108.09	73.93	58.6	80.95	45.14	-2.04	-31.9	-7.41	1.62	2.49	5.01	44.46	62.98	72.11	16.27	28.08	43.53	78.55	75	22.47	14.94	20.15	20.29	4.87	75.95	76.18	82.72	42.28	73.78	98.54	95.7	86.02	98.83	59.56	87.41	96.68	97.67	73.63	81.83	71.49	100.41	100.84	87.6	86.81	66.15	74.43	75.14	82.49	81.19	135.71	89.17	68.87	135.79	77.61	63.7	123.87	115.92	53.37	50.85	62.44	53.56	57.72	96.63
2025-12-02	43.88	99.73	111.42	104.74	97.71	59.36	98.28	94.37	50.61	68.83	50.22	62.92	56.05	63.35	55.24	91.98	57.63	43.27	90	74.32	77.86	50.09	59.71	51.42	97.11	49.29	88.17	80.87	37.74	93.77	109.38	79.59	70.05	88.85	69.12	70.23	106.4	98.37	70.9	96.02	106.59	100.58	68.6	53.57	102.91	64.3	88.66	86.06	63.08	49.16	74.09	67.36	73.78	75.11	88.89	27.81	46.27	92.95	89.22	51.88	36.52	37.57	47.38	93.47	40.06	85.64	95.84	48.03	56.98	107.33	120.28	120.45	65.29	116.54	123.19	116.26	82.82	107.64	121.04	120.04	96.1	88.88	99.15	107.49	112.33	98.62	85.31	92.71	106.82	53.41	73.74	43.83	52.98	108.46	94.98	37.13
2025-12-03	52.83	39.99	85.15	100.26	59.93	64.2	70	78.24	91.52	92.92	89.92	58.79	71.78	72.43	39.42	60.82	45.17	49.85	92.95	92.34	69.31	67.06	72.17	73.49	86.1	89.41	84.45	40.93	90.59	62.56	59.43	74.69	40.71	74.77	76.53	28.9	11.41	54.49	71.58	66.88	26.69	32.55	32.46	3.29	11.98	-9.97	-8.53	-9.89	7.35	-2.12	-3.94	-5.91	20.22	0.76	-3.99	8.23	-1.57	-0.01	-2.02	1.54	17.38	14.13	28.21	49.94	40.75	84.96	89.31	29.28	87.73	84.03	95	91.33	50.09	73.39	94.88	102.13	54.69	56.68	56.85	95.61	50.73	35.86	40.46	42.9	35.87	41.02	70.85	59.78	92.26	113.61	117.93	41.34	51.57	108.29	64.94	0.79
2025-12-04	7.76	48.41	29.78	-6.89	-3.7	-15.95	8.55	30.74	74.87	21.89	-24.39	-45.48	-4.66	-20.66	-39.7	-27.37	-12.09	0.88	0.03	0.06	0.58	15.55	6.19	7.45	0	0	8.96	46.34	27.48	45.14	87.63	86.64	94.32	93.4	44.1	35.16	88.71	89.15	87.53	88.12	86.73	86.89	88.84	87.16	88.21	89.53	103.12	101.19	-59.28	-42.97	87.84	87.93	90.76	89.99	5.52	90.7	87.66	88.07	88.71	89.42	107.3	0.69	-12.67	-6.19	-1.59	89.54	104.05	0.93	32.89	104.26	102.26	96.29	31.82	61.57	55.04	24.74	84.07	101.6	101.08	44.47	96.94	101.96	99.27	109.72	208.84	134.34	129.88	134.38	172.93	165.99	29.5	26.97	113.75	112.28	107.87	21.3
2025-12-05	60.27	46.83	-1.99	47.52	8.06	-5.36	-52.3	-32.68	32.51	1.29	0.27	0.19	1.45	31.59	26.57	14.35	12.81	6.96	-0.63	0.02	1.79	1.22	1.83	2.4	1.32	83.08	38.94	64.7	15.72	79.28	88.93	35.42	41.45	88.21	62.57	45.3	70.08	95.85	90.29	44.94	60.76	82.25	90.76	82.6	43.65	-2.06	15.57	73.96	-2.54	-19.08	9.29	11.45	20	22.05	21.84	59.09	20.33	38.13	81.57	82.88	83.87	81.96	81.92	19.35	87.13	87.48	63.42	94.15	88.47	60.41	45.3	62.72	39	64.19	88.62	37.76	45.28	44.27	35.26	47.4	37.47	42.4	40.1	91.45	36.99	37.85	40.99	32.07	30.29	34.76	47.97	43.64	54.39	26.41	52.2	-2.13
2025-12-06	19.84	27.99	-10.19	-23.02	22	5.55	12.45	-37.6	70.18	57.42	54.95	12.26	73.5	79.29	79.21	0.38	8.52	21.46	-12.5	20.43	11.37	15.47	7.19	-11.52	-0.93	0.01	-14.27	-40.1	0.2	0.45	7.52	23.62	47.93	22.73	43.87	57.28	36.38	40.19	56.22	33.05	37.95	14.32	5	0.61	0.2	55.79	3.41	9.15	-4.92	-16.04	-31.08	-17.63	-3.48	0.14	0.03	0	0.23	15.37	66.32	13.31	8.8	12.81	20.13	66.37	65.29	5.15	-13.4	-3.03	42.42	41.09	45.07	72.66	33.13	12.59	26.43	44.59	49.67	16.41	43.77	34.3	27.94	26.03	37.54	38.93	29.94	27.25	18.76	18.58	24.7	18.48	29.45	2.36	22.66	11.58	10.48	-26.76
2025-12-07	6.62	5.92	5.11	2.26	4.9	30.11	25.11	13.38	88.04	-9.57	6.37	8.13	11.22	23.53	21.67	10.6	0	10.88	6.23	5.62	13.39	7.82	1.23	7.59	31.71	49.32	30.81	32.4	9.99	12.01	22.95	42.11	1.41	18.03	44.66	29.22	-8.92	-11.41	-1.02	1.63	9.21	9.72	-0.46	-1.16	6.06	4.76	4.02	1.05	2.93	72.4	6.23	69.82	37.67	47.25	57.37	62.26	42.91	59.26	75.41	-1.45	11.27	47.13	36.56	7.11	15.22	7.92	16.94	0.2	23.34	18.52	28.49	34.27	29.98	29.21	37.69	37.8	34.88	39.53	34.56	36.03	28.97	28.95	28.95	29.54	37.32	36.65	34.64	37.35	38.51	35.89	31.37	32	82.88	70.04	73.62	37.44
2025-12-08	34.28	47.37	40.39	34.61	40.73	26.52	11.16	10.2	23.74	9.87	77.86	51.99	18.69	22.38	19.81	16.17	8.76	12.73	37.55	29.9	0.01	22.87	55.04	21.47	34.14	54.71	51.81	36.52	18.2	62.6	24.11	44.74	43.73	67.63	41.44	40.25	2.83	-1.7	-28.88	-94.36	-23.15	-44.79	-31.25	-16.04	-10.87	-9.12	-4.31	-6.19	-5.42	-2.82	-1.8	-3.83	-0.85	-1.29	-1.9	-2.2	0.38	0.79	1.74	3.36	5.36	21.41	3.23	31.84	69.51	11.65	-1.93	78.5	63.99	56.06	86.27	88.8	66.57	88.66	71.44	72.41	76.95	54.25	69.25	85.36	86.97	84.34	88.92	87.63	86.5	88.01	48.36	41.18	44.85	41.4	55.03	34.86	32.35	19.51	39.58	1.02
2025-12-09	70.4	73.9	24.02	11.16	33.25	7.62	21.52	21.38	40.98	3.26	13.02	7.74	38.03	8.55	7.79	6.03	6.79	3.7	0.49	0.31	2.17	3.45	4.04	-3.74	3.05	11.52	63.77	47.78	55.04	85.23	72.48	69.68	58.5	95.08	96.79	94.52	97.28	54.88	15.64	-9.74	-42.7	-140.04	-8.71	-5.13	0	74.98	63.75	60.89	63.75	-4.06	3.65	-0.79	86.52	76.78	70.44	81.79	84.11	95.73	19.63	18.91	25.45	12.93	18.08	58.62	32.6	22.94	58.29	51.42	53.01	72.94	97.75	65.04	53.7	101.55	62.88	54.98	63.77	60.75	66.1	63.89	60.22	75.93	73.26	71.35	78.55	59.72	53.62	51.79	53.87	48.9	70.17	53.07	46.45	43.91	45.15	35.31
2025-12-10	74.92	77.25	69.3	63.08	14.96	98.21	93.9	96.37	95.06	51.81	99.6	103.79	93.9	93.53	48.83	40.86	98.65	51.5	98.93	98.82	50.54	53.82	41.63	43.51	46.29	96.39	67.34	77.76	98.4	103.9	104.92	112.72	91.91	86.84	78.5	86.35	108.6	106.1	107.33	97.93	74.11	102.48	96.32	93.63	101.52	62.97	83.28	88.91	70.73	98.38	99.62	91.08	62.59	77.11	57.68	65.4	54.85	61.59	78.39	70.63	56.07	43.46	61.23	98.77	99.17	40.69	21.05	64.16	65.52	113.83	75.87	82.48	111.57	67.8	65.46	76.42	97.84	83.1	75.08	79.55	104.99	85.1	88.48	81.09	93.28	83.17	70.98	71.87	100.84	74.99	84.31	64.88	100.08	119.12	102.1	45.07
2025-12-11	68.76	66.16	72.79	62.69	75.27	74.31	69.89	46.35	72.02	64.7	67.84	62.8	59.99	60.36	61.01	59.57	69.59	70.21	54.73	71.34	65.62	54.59	75.5	57.66	41.98	57.9	70.77	60.94	78.56	86.62	79.65	78.29	74.77	86.53	101.35	108.65	129.07	133.55	113.72	91.67	104.02	93.8	94.71	88.78	69.71	46.54	30.93	52.11	72.68	103.43	62.67	11.52	-50.83	44.1	53.62	48.67	60.87	60.37	38	38.23	90.86	93.04	49.49	56.49	61.25	38.24	43.28	55.5	59.6	54.65	68.05	71.93	105.63	105.19	101.49	80.33	74.98	79.43	0	74.2	83.49	103.91	72.33	86.43	64.54	79.06	76.99	76.91	61.14	49.28	59.66	52.77	46.5	45.68	38.83	29.12
2025-12-12	41.57	40.65	39.87	40.61	38	40.21	106.42	34.02	69.66	58.24	59.18	54.13	49.52	43.82	51.01	37.03	42.13	44.66	43.17	36.16	35.68	38.15	48.71	50.06	59.33	50.05	47.96	71.42	58.52	69.22	77.25	98.09	72.86	77.97	79.01	71.53	75.3	77.06	69.55	70.28	76.01	82.61	85.79	86.82	64.31	74.11	107.05	112.77	57.93	58.83	110.74	109.41	113.95	114.03	59.13	47.45	62.69	109.9	111.05	113.82	111.16	71.47	62.21	75.32	70.02	119.91	57.16	57.65	78.77	71.34	57.79	77.37	87.07	85.76	73.69	76.4	76.16	72.75	69.89	70.09	100.44	73.74	62.48	71.64	48.85	80.69	73.52	89.45	124.18	62.33	70.01	72.64	80.94	70.98	75.28	66.48
2025-12-13	63.51	67.35	51.28	60.59	76.46	50.43	62.89	30.17	55.8	57.47	58.68	68.93	66.51	59.31	70.77	57.38	11.81	61.48	62.75	86.57	0	53.54	47.35	56.27	78.75	25.05	54.43	83.27	60.96	61.46	71.68	27.86	59.13	33.74	57.13	52.27	50.09	50.45	50.06	64.13	54.99	58.32	53.22	73.1	47.58	5.38	53.67	78.11	73.45	31.64	21.28	68.23	73.11	15.14	15.08	23.84	78.61	6.42	3.62	10.57	25.52	45.62	52.91	81.7	101.95	94.39	52.39	85.2	78.06	100.28	91.14	97.64	73.99	80.11	76.61	71.58	62.57	54.88	59.58	74.89	68.28	65.41	82.9	91.85	104.92	59.98	60.1	43.36	78.59	94.97	70.78	73.71	66.18	60.23	53.07	85.06
2025-12-14	73.86	54.94	45.8	39.37	54.35	40.58	49.27	60.95	75.41	73.73	79.19	52.31	72.26	85.68	74.79	68.75	44.01	41.3	30.01	31.28	65.92	71.61	34.09	74.77	40.61	52.98	81.28	66.86	57.24	86.36	60.63	55.8	47.71	64.75	66.52	56.86	57.02	65.07	49.54	78.78	73.34	88.53	79.37	57.22	87.66	92.62	81.94	62.11	42.09	58.86	77.53	79.62	84.7	79.49	78.42	76.4	86.1	86.93	70.24	39.76	75.32	71.34	54.73	28.29	52.6	51	73.66	60.51	87.53	92.06	102.27	108.65	106.79	109.1	109.69	108.46	113.57	112.39	59.22	111.56	106.25	106.94	107.39	110.94	118.22	65.24	62.37	62.67	107.17	65.63	71.64	63.05	57.29	101.36	95.06	52.25
2025-12-15	49.23	69.46	50.59	45.29	90.93	45.22	47.11	42.18	52.48	65.15	52.72	37.71	45.95	33.41	41.66	57.63	45.59	48.52	61.68	72.2	64.02	88.63	75.1	55.4	71.21	65.01	73.59	84.8	71.21	74.22	90.51	85.75	98.67	90.16	94.64	74.07	77.32	84.43	75.23	56.64	73.25	71.59	78.46	94.08	122.86	62.69	141.4	117.97	146.93	137.5	140.83	138.68	112.08	43.1	49.68	109.13	119.2	98.62	104.78	94.86	63.19	82.01	114.74	98.69	105.24	113.11	107.99	112.38	96.64	117.67	109.83	108.07	51.92	59.29	54.64	69.38	69.38	84.23	99.61	98.39	106.76	110.45	117.4	119.41	50.18	51.51	52.56	65.73	62.67	53.98	59.92	108.45	100.87	89.06	61.03	48.04
2025-12-16	72.6	77.35	77.87	76.38	80.02	96.47	81.45	77.8	69.74	65.04	68.75	61.23	59.86	57.42	60.48	58.49	56.05	62.97	54.96	74.16	63.6	58.58	44.47	53.42	40.73	49.62	63.57	62.89	43.16	66.89	73.26	73.82	74.02	104.36	89.53	85.97	88.21	106.19	104.75	93.67	71.14	63.25	92.19	95.83	104.52	96.09	99.45	105.16	77.95	47.59	64.86	46.64	33.23	45.7	64.99	53.32	104.23	75.32	76.03	58.62	44.6	72.53	86.49	69.67	71.74	81.07	59.76	79.96	87.25	90.05	96.29	95.23	55.67	66.4	86.71	87.39	95.89	92.83	91.23	79.23	90.04	73.32	69.78	64.09	51.81	92.63	80.15	54.92	69.01	71.56	89.79	78.34	57.58	75.77	28.35	64.36
2025-12-17	58.51	35.5	39.6	57	67.89	63.34	55.54	52.27	63.48	67.49	79.02	74.54	76.23	75.93	58.99	62.15	70.23	70.01	93.28	91.2	69.99	71.08	59.8	79.57	82.49	74.14	63.58	68.95	60.3	70.21	67.48	86.25	90.79	89.06	93.11	118.04	87.87	91.72	102.52	86.2	74.65	85.56	110.46	39.59	37.67	75.17	90.94	30.32	68.56	83.57	68.7	16.84	42.29	95.58	95.58	94.45	98.22	155.55	102.09	103.32	95.25	115.15	124.12	129.57	136.2	116.27	116.67	75.28	63.23	88.49	110.1	73.08	66.85	66.07	78.32	84.15	93.72	104.95	95.12	88.38	72.39	106.71	111.22	103.65	80.36	102.92	71.89	64.26	94.76	74.17	94.93	73.47	77.69	59.17	69.03	43.66
2025-12-18	63.15	60.97	68.46	69.9	57.95	59.47	70.49	73.28	32.76	11.8	76.95	74.5	75.5	59.71	61.79	84.16	51.37	59.05	54.85	59.95	64.51	62.7	50.13	52.32	37.22	51.93	56.37	59.46	51.6	42.69	76.31	66.39	90.15	103.85	76.67	52.95	62.94	62.8	61.88	55.21	68.01	46.79	23.73	38.45	20.98	0.5	-1.8	56.76	4.36	1.78	3.13	-13	-5.12	0.51	2.07	-2.34	2.15	11.25	18.7	29.52	2.78	1.53	99.14	91.44	91.35	115.09	58.88	46.47	53.91	50.33	106.17	110.88	100.96	59.63	56.18	61.49	67.17	80.68	80.98	63.7	55.03	65.99	98.93	105.17	113.21	108.91	56.91	56.36	68.88	52.68	105.72	104.15	111.13	111.84	109.9	37.59
2025-12-19	40.37	104.25	100.74	61.97	56.75	61.32	56.87	44.78	68.32	69.18	61.71	77.84	71.53	62.55	81.92	100.8	95.06	101.6	101.68	58.31	52.87	50.79	44.6	41.63	64.32	58.17	63.49	59.84	56.56	55.68	61.24	69.28	57.68	75.09	67.08	65.49	85.9	114.62	60.47	62.46	63.93	62.49	66.62	56.82	110.44	106.01	91.47	64.26	52.32	73.37	85.51	103.56	111.22	105.09	106.46	72.05	71.89	74.44	64.23	79.39	76.29	80.27	65.43	59.82	62.21	64.76	71.72	75.49	60.27	83.59	94.73	110.19	71.97	73.33	80.78	111.97	87.15	72.68	78.62	54.55	76	72.65	91.46	79.61	92.78	87.64	73.26	72.57	74.19	72.74	15.27	86.51	69.92	54.35	77.44	59.07
2025-12-20	73.03	87.15	51.2	49.45	72.3	59.92	57.1	58.99	64.26	53.59	55.76	40.38	58.98	44.12	40.41	32.95	38.61	34.64	40.8	39.75	58.87	51.97	60.11	51.42	41.09	47.12	60.31	68.12	85.38	31.08	65.62	67.96	53.82	84.14	38.46	47.43	51.94	59.13	87.53	56.5	70.18	31.67	-12	27.17	3.99	1.58	21.41	61.72	83.4	71.34	5.2	10.64	88.84	90.62	90.47	131.16	91.73	93.45	91.94	102.37	95.65	55.4	61.93	65.82	77.45	55.03	60.46	50.99	44.15	50.29	126.43	79.87	60.79	90.65	57.87	50.95	76.95	76.03	72.55	47.6	61.19	68.4	47.55	28.42	55.76	41.77	49.42	73.52	94.11	27.62	54.1	28.09	47.97	37.82	36.6	10.17
2025-12-21	17.12	14.59	24.9	7.67	41.24	21.02	20.17	24.72	46.96	28.32	19.79	2.26	11.19	23.27	79.85	28.37	19.72	13.6	-20.36	6.08	4.64	4.13	29.25	13.77	16.6	7.9	8.24	5.86	12.09	12.39	14.27	10.85	10.02	12.23	3.31	7.62	27.28	27.6	23.9	21.09	73.96	48.14	65.79	64.49	72.38	14.11	-1.23	13.79	72.67	16.22	74.96	75.33	74.18	25.42	73.41	73.27	83.44	72.99	76.36	77.26	81.12	82.92	32.38	42.6	37.35	80.48	87.65	70.88	62.07	80.96	98.94	125	70.15	67.08	76	56.81	52.66	87.56	99.1	89.16	66.06	47.98	55.22	52	112.56	114.47	112.96	109.6	78.71	66.81	96.37	93.4	92.83	91.56	79.19	18.85
2025-12-22	78.56	58.31	36.4	24.31	34.78	19.32	28.4	22.63	61.26	74.11	24.55	-5.65	79.05	79.15	78.38	-19.09	-14.64	-15.12	-18.68	-6.05	14.26	69.43	14.88	74.02	133.38	11.99	34.64	49.86	24.06	42.76	40.2	69.96	72.24	95.3	94.79	94.99	102.95	115.37	53.8	57.87	68.37	41.17	19.2	28.13	71.84	24.4	20.34	43.28	73.61	19.13	123.91	45.48	50.2	70.2	69.9	109.55	94.64	92.48	109.97	113.13	116.34	115.57	29.39	36.07	102.61	107.7	57.53	33.8	56.88	81.32	70.97	78.33	56.38	54.4	96.78	96.63	57.45	44.03	97.14	71.36	76.38	77.12	80	80.15	89	72.93	93.32	91.72	74.23	45.35	43.9	40.61	73.6	75.84	59.53	37.06
2025-12-23	96.07	73.2	62.5	19.89	38.52	25.79	89.36	59.62	80.17	80.6	82.27	71.8	64.87	55.11	54.88	54.28	53.06	48.87	66.79	63.84	63.04	56.65	46.27	41.37	38.29	33.61	32.85	44.14	55.92	59.87	63.97	67.67	63.81	93.56	70.94	84.07	94.54	75.27	59.82	80.96	69.12	50.39	92	96.5	88.31	51.77	63.29	80.78	84.66	61.88	90.61	91.56	101.43	95.55	90.07	42.13	93.92	65.59	63.45	47.32	64.32	56.02	19.26	92.42	52.17	82.37	71.16	85.51	67.12	86.47	85.69	55.52	85.12	46.02	68.23	49.99	47.88	23.62	12.86	91.85	49.93	46.64	51.15	71.53	76.73	64.81	75.74	47.06	55.27	58.74	75.74	72.56	51.79	42.82	31.51	31.11
2025-12-24	79.61	81.9	59.29	58.36	68.51	62.86	59.38	69.05	26.19	68	15.41	-7.35	4	21.95	5.34	5.36	41.95	35.02	12.5	11.07	25.67	23.38	17.74	18.03	29.19	39.98	43.29	11.85	18.5	15.84	5.09	4.53	26.05	85.11	37.41	29.2	80.9	81.76	73.41	11.3	22	6.87	0.69	0.15	1.33	2.11	1.18	0.27	-0.01	0.02	0.2	1.08	4.97	0	0.7	23.78	9.3	57.49	15.38	18.11	56.67	19.57	18.69	24.82	28.73	14.19	35.03	30.86	0.54	82.26	69.64	42	38.57	40.27	38.25	25.24	99.5	40.42	38.65	32.16	37.38	35.82	34.63	7.84	79.35	21.6	9.39	-0.68	2.64	-2.09	-7.99	34.99	60.12	57.4	63.58	31.84
2025-12-25	31.07	31.21	72.96	90.57	91.79	37.6	29.87	70.81	87.69	61.34	45.15	9.61	9.49	17.71	20.92	7.28	88.92	69.98	13.19	12.05	12.97	47.8	57.16	67.71	85.91	47.65	41.59	22.98	22.92	48.67	36.77	52.7	56.09	59.89	76.5	86.91	89.31	68.12	78.28	57.92	90.73	92.11	72.17	53.55	27.12	70.38	78.35	82.48	26.96	50.01	81.74	81.16	86.88	82.25	80.4	23.05	23.3	18.85	12.57	43.15	-0.18	14.12	10.74	41.21	49.4	65.09	67.81	67.17	84.6	87.92	89.65	74.83	76.65	92.92	106.29	103.2	96.25	95.65	93.41	95.99	91.42	95.23	93.48	94.07	108.13	113.35	107.31	90.07	107.67	106.1	109.89	85.11	70.93	59.57	76.03	97.74
2025-12-26	79.92	66.84	73.58	71.09	68.06	61.47	80.76	82.1	66.6	69.98	76.66	76.11	88.66	64.43	62.83	60.55	89.45	85.25	76.54	67.23	52.49	48.48	47.86	56.04	69.1	66.9	48.15	67.66	59.07	68.53	77.99	80.65	65.38	83.31	80.84	84.37	100.62	111.59	107.37	98.33	105.71	81.82	73.46	85.48	49.54	65.74	66.62	67.7	76.08	75.16	80.53	75.85	83.55	86.94	80.55	83.65	55.9	52.82	65.97	60.9	68	34.34	65.21	55.15	88.35	60.67	98.29	90.87	63.03	87.04	71.36	79.54	97.97	114.92	116.11	118.03	114.07	82.67	101.64	83.66	81.44	81.36	94.01	89.21	111.29	96.33	75.8	94.93	100.71	66.59	95.33	88.28	91.43	90.7	88.34	62.09
2025-12-27	78.32	77.09	81.56	80.9	81.11	72.28	71.63	52.08	70.15	61.78	64.23	74.1	68.7	68.49	70.83	68.76	55.56	53.61	80.45	81.96	57.61	52.85	51.83	52.25	68.85	38.77	26.32	42.06	59.32	92.3	74.47	73.65	66.44	64.69	47.5	71.35	63.68	61.45	63.22	40.57	46.32	35.78	14.58	19.01	27.96	32.59	34.02	30.61	23.25	85.34	82.94	78.25	92.22	164.65	88.72	96.21	99.98	4.76	91.28	24.91	32.14	18.5	69.94	54.76	29.69	90.8	55.31	63.3	102.74	109.84	107.72	111.78	59.93	96.01	61.77	62.6	67.56	79.35	77.79	69.87	78.29	85.42	86.45	89.88	68.6	62.35	60.19	80.99	53.91	34.62	23.27	21.48	24.01	9.42	8.23	4.07
2025-12-28	23.31	12.64	0.31	0.94	10.21	10.66	30.2	35.08	0.54	0.31	2.37	24.66	25.03	0.02	-0.43	0.03	3.52	5.53	3	24.58	51.89	50.03	13.53	28.7	17.46	22.19	61.21	64.53	70.77	83.04	47.65	82.17	87.1	75.54	87.76	64.48	44.24	48.97	29.38	12.51	11.44	0.37	63.42	59.08	70.07	59.85	62.08	57.43	32.84	14.21	69.9	81.11	80.74	79.48	83.59	89.62	43.95	89.55	85.55	88.41	92.12	100.74	85.02	67.63	65.34	58.17	49.11	65.6	69.86	35	24.79	76.07	66.01	99.54	83.46	62.14	91.77	74.44	70.39	64.47	65.17	109.86	107.14	99.77	111.23	98.27	89.99	69.73	78.92	78.15	82.17	104.27	110.18	77.27	51.06	72.22
2025-12-29	112.08	113.79	110.5	87.89	80.53	72.98	76.9	72.36	85.74	84.39	72.89	76.62	76.06	60.56	95.09	95.16	80.88	85.77	71.4	79.19	70.09	68.2	69.01	97	22.4	15.28	76.64	42.12	86.6	87.22	94	98.23	82.38	77.62	84.73	95.31	126.73	93.3	79.15	65.28	69.11	46.3	56.22	41.51	35.92	40.67	35.92	49.14	69.42	66.64	69.97	64.93	39.41	29.87	36.65	39.07	76.04	41.52	21.08	13.82	40.67	59.56	50.54	49.6	74.38	69.47	74.78	81.3	82.55	91.85	102.12	101.16	89.76	102.39	108.3	104.74	92.97	74.99	97.2	126.45	140.87	160.43	160.77	138.73	134.01	128.66	127.91	111.12	119.46	117.08	103.02	83.98	99.36	78.61	83.26	74.52
2025-12-30	78.35	86.42	108.99	89.9	86.9	91.53	96.85	94.21	100.67	97.27	87.73	72.68	52.1	98.75	53.79	85.8	86.12	93.92	97.39	96.95	97.5	71.91	65.97	59.37	75.59	95.78	73.37	73.31	74.56	71.74	69.3	56.27	75.51	109.78	102.23	93.22	117.08	112.2	76.69	81.23	85.16	106.91	42.79	70.97	81.33	66.85	37.69	46.41	49.39	34.77	30.02	14.92	0.87	0	0	0	13.76	51.05	45	57.12	58.96	76.19	33.17	18.23	48	58.73	78.95	67.15	88.78	108.06	118.17	97.74	80.1	83.99	95.54	92.94	105.7	95.07	95.08	85.74	90.82	94.88	97.02	90.9	89.89	92.24	119.43	116.67	121.2	116.94	118.7	90.38	122.01	80.02	80.92	51.57
2025-12-31	79.49	66.41	62.4	81.13	107.4	70.11	75.18	81.04	89.27	66.24	73.58	89.35	53.88	64.18	65.38	86.67	85.48	67.9	66.48	67.12	66.63	60.16	55.34	50.1	65.06	65.44	57.65	56.22	80.01	83.8	86.26	84.92	90.96	109.21	113.06	102.21	108.64	97.85	65.5	66.49	72.9	64.34	42.61	71.28	75.8	65.36	65.51	67.28	64.01	77.31	118.94	68.67	83.98	83.16	76.3	67.87	71.1	70.74	71.46	67.85	68.97	80.58	92.01	87.73	83.2	87.1	83.83	91.04	88.07	111.97	89.27	83.95	79.11	102.85	105.57	106.24	108.97	108.46	85.78	89.13	89.33	84.54	104.65	105.84	106.52	103.76	99.38	102.12	107.48	99.9	68.27	65.35	52.02	88.02	83.59	53.86
2026-01-01	71.95	80.8	82.11	90.02	80.55	92.01	89.31	76.09	80.32	64.68	25.11	24.69	15.62	3.35	9.73	2.9	78.81	57.99	73.34	57.6	46.78	72.14	67.47	61.44	15.5	7.43	10.37	3.53	2.21	10.06	16.31	7.49	2.84	2.27	1.83	7.82	1.36	0	5.48	7.33	30.05	25.4	36.22	52.05	84.9	89.87	92.55	88.41	86.06	93.21	54.94	90.12	37	90.06	91.42	80.79	96.91	101.15	64.51	75.36	116.83	118.63	106.95	69.81	38.49	53.53	75.99	71.58	68.55	98.04	101.61	106.45	86.77	84.47	29.45	56.28	62.31	73.37	83.32	86.04	92.78	77.91	82.51	60.23	109.88	99.44	99.72	75.45	103.48	101.32	95.01	99.25	64.62	75.64	70.38	64.61
2026-01-02	45.46	70.53	58.38	61.01	55.18	30.16	42.59	32.43	19.39	0.56	39.78	55.02	65.36	68.16	71.8	78.41	55.56	89.53	89.08	88.86	87.31	84.93	72.9	38.39	66.62	83.49	85.84	112.28	88.88	51.96	65.67	53.9	54.39	72.89	67.55	66.28	76.37	104.01	102.06	85.68	100.95	80.36	101.05	106.62	92.25	46.35	62.85	63.39	112.16	83.89	120.23	116.62	105.04	104.14	107.88	111.34	107.76	110.82	119.18	118.18	72.39	48.38	49	48.22	48.96	57	60.23	67.49	59.47	77.33	80.32	78.06	91.89	90.8	72.67	85.94	79.76	83.1	82.26	77.93	94.91	96.89	86.84	99.58	90.89	121.11	125.35	114.42	113.41	113.39	109.42	102.03	90.31	80.83	92.59	80.78
2026-01-03	72.96	62.65	51.98	67.38	74.22	77.25	91.46	90.65	93.13	70.26	75.64	77.93	76.4	68.53	69.86	75.67	62.6	66.03	60.31	86.03	67.27	81.67	91.88	93.65	64.03	73.53	90.82	81.09	71.96	76.39	68.29	62.69	52.36	66.34	112.59	71.32	87.79	66.89	65.6	63.84	67.68	70.33	81.48	99.38	110.8	100.77	99.93	71.44	67.01	63.5	52.64	69.39	64.91	66.92	97.39	101.54	108.44	83.91	65.26	50.8	67.25	70.23	81.24	71.7	93.48	96.62	96.59	103.59	72.71	99.84	103.14	73.95	108.99	118.28	118.52	103.02	114.91	104.17	101.62	72.45	110.61	109.04	96.5	76.01	95.76	88.91	103.81	59.51	64.26	61	86.15	101.85	86.11	81.58	62.34	39.32
2026-01-04	-38.17	8.27	-2.59	0.25	0.37	38.06	-34.49	0.66	0.3	51.5	47.21	30.14	0.89	2.59	1.22	2.75	0.74	0.85	0.87	-0.07	-0.4	2.21	2.52	0.82	51.52	77.44	43.59	65.57	7.33	28.87	22.52	66.37	44.43	69.12	57.92	24.29	54.12	88.92	88.69	72.84	83.4	88.57	89.37	43.01	50.81	46.95	57.71	51.82	35.9	38.28	38.7	44.6	51.85	53.5	48.37	48.37	63.11	68.08	93.83	5.74	1.41	66.22	72.09	81.5	88.91	81.75	80.09	64.23	64.53	82.98	67.12	75.31	67.33	67.83	68.16	68.19	78.41	67.39	67.81	68.73	69.74	77.01	77.39	82.1	75.62	66.86	67.83	78.04	71.06	75.16	61.61	42.84	50.14	90.7	57.79	-22.34
2026-01-05	8.04	41.93	7.85	3.75	-0.85	32.56	53.64	53.38	51.37	65.48	46.65	73.61	69.49	67.58	35.26	9.21	40.41	36.45	58.49	57.85	76.17	65.66	68.05	3.22	9.31	49.4	6.59	8.54	61.42	48.98	2.36	59.73	60.65	65.19	65.36	65.39	75.49	64.9	71.5	76.42	111.16	76.93	75.4	80.26	72.37	62.52	36.88	44.21	41.82	45.29	51.86	66.09	61.7	70.21	66.27	74.54	65.64	112.48	17.98	17.55	57.44	59.66	63.07	58.77	50.1	19.66	59.16	60.99	69.54	111.22	70.28	98.34	75	76.46	67.04	67.52	68.93	70.2	68.3	65.32	63.72	64.83	65.33	69.86	67.83	74.33	73.92	67.52	66.98	64.33	71.32	57.93	68.48	58.88	59.75	67.93
2026-01-06	83.32	56.55	70.52	61.93	36.68	14.11	49.23	37.96	3.5	0.89	1.45	0.11	0	0.5	0.5	14.29	27.71	21.21	-0.92	1.22	1.24	-3.83	-7.22	-0.09	60.03	25.37	26.15	-0.3	1.93	30.83	23.67	0.1	21.98	86.74	92.07	89.98	88.41	87.71	13.84	-3.9	-0.48	-0.84	-1.07	-3.96	-3.45	-1.99	-2	-1.99	0.38	-6.43	-3.74	-1.57	-2.53	-3.29	-2.29	-2.67	-0.56	-2.09	-7.41	-1.47	-7.66	-1.36	-1.82	-0.9	-0.18	0.02	20.72	62.12	61.71	61.73	103.79	57	62.23	65.39	75.93	70.23	114.83	63.87	69.15	71.57	74.34	118.28	113.56	69.07	116.73	119.87	115.64	65.42	118.11	57.08	118.97	118.88	67.31	74.33	86.98	69.82
2026-01-07	69.07	52.5	76	67.56	107.05	80.63	66.32	72.66	58.82	52.83	80.66	65.8	96.61	93.28	53.88	44.81	79	94.07	76.35	82.75	78.1	86.86	53.61	58.53	98.2	91.26	76.6	97.28	70.6	123.8	119.85	103.5	123.7	71.72	69.12	67.8	87.45	117.04	118.93	56.92	57.3	-0.83	-8.56	17.83	109.93	50.55	35.73	15.78	50.08	66.48	53.63	57.54	55.28	54.86	56.74	54.26	61.64	59.85	64.43	70.65	60.06	74.7	53.63	53.96	70.34	203.63	56.62	61.95	125.55	117.19	125.58	132.8	61.4	74.12	130.45	82.21	69.72	68.3	120.07	112.06	103.97	95.27	131.21	106.19	91.3	110.62	84.5	62.99	83.29	70.29	89.58	75.18	72.41	8.9	31.19	49.48
2026-01-08	57.15	82.86	54.88	83.11	70.53	88.73	77.31	91	99.19	96.47	36.59	37.42	70.5	93.41	93.1	34.65	96.49	92.44	101.94	23	101.38	104.28	31.9	107.13	29.44	32.31	47.68	107.3	107.96	108.53	110.49	111.46	109.59	113.44	68.95	59.14	118.59	109.46	102.95	96.7	106.97	106.81	106.39	106.07	120.76	112.49	100.85	101.15	0.54	-6.33	1.67	67.21	107.54	95.43	97.46	11	18.57	95.31	94.37	94.38	104.89	92.68	105.08	107.28	102.39	14.44	25.16	22.37	95.28	35.07	94.58	105.55	93.86	95.62	62.32	99.74	100.82	103.88	52.05	44.56	107.09	105.63	103.19	72.39	71.73	99.68	43.78	43.09	81.41	33.73	67.11	4.41	5.95	34.88	21.16	-7.8
2026-01-09	18.93	25.52	51.68	41.74	271.76	-1.77	4.87	-2.72	-15.87	-20.93	-20.54	-9.87	-5.49	-13.74	6.63	69.4	57.27	46.19	57.18	93.3	111.13	-2.21	-36	-20.04	-6.56	94.08	20.12	-65.96	-454.67	17.8	104.68	67.52	104.96	103.03	49.28	36.75	39.32	104.83	21.65	6.89	-22.28	-6.93	-1.89	-4.53	-0.95	-3	-0.64	-4.42	-4.74	-5.39	-6.11	-7.28	-5.84	-5.65	-5.89	-32.35	-6.58	-7.58	-8.18	-5.94	-4.55	-2.48	-1.97	-3.31	-8.11	-4.56	-1.52	0.29	0.6	23.93	6.43	12.97	39.85	46.5	52.78	53.12	51.19	61.91	22.24	86.58	117.71	109.85	99.93	108.37	110.65	92.16	75.42	66.23	85.62	59.5	54.12	44.95	50.66	5.32	5.08	4.72
2026-01-10	31.64	55.6	48.4	55.62	87.39	68.23	27.93	50.14	71.67	48.34	49.33	50.63	92.78	30.06	83.81	87.89	92.41	40.87	88.36	91.45	54.53	82.45	103.82	89.49	52.57	83.48	32.02	60.94	68.99	81.7	74.25	81.79	93.3	99.55	100.74	103.08	118.25	115.51	71.89	28.65	-28.14	4.19	-66.34	-13.39	-2.32	0.11	-2.84	-0.34	-4.72	-5.39	-5.66	-5.31	-3.31	-0.97	-1.2	-1.19	-2.99	-2.9	-26.86	-3.71	-6.11	-4.75	0.11	2.35	7.51	9.54	0.66	2.34	2.85	28.49	57.02	62.73	98.17	108.38	95.69	68.78	68.2	64.86	102.99	97.21	100.86	96.57	91.79	84.6	81.89	123.58	106.88	73.53	68.32	62.06	95.03	94.02	116.34	112.34	97.39	61.01
2026-01-11	50	52.24	79.82	83.61	72.75	63.81	53.82	54.5	54.8	54.53	50.95	51.14	53.11	51.63	50.65	45.2	54.44	45	42.56	42.1	1.3	48.12	45.02	17.67	53.01	56.76	55.12	51.06	55.14	65.08	69.27	59.99	69.99	82.15	69.09	76.91	73.04	60.21	53.94	37.66	26.72	16.3	9.02	-6.11	0.2	0.19	0.19	-0.23	0.33	0.26	-0.56	-0.47	4.35	10.47	15	15	19.74	19.89	51.04	23.13	27.92	-1.57	-2.5	-1.12	0.57	0.94	0.48	0.61	45	94.23	98.12	101.18	112.05	120.27	114.05	121.27	141.34	75.96	64.36	84.58	128.52	126.29	137.92	167.75	74.36	52.21	68.42	68.38	79.22	111.85	111.45	66.01	110.29	72.2	79.07	69.79
2026-01-12	81.14	70.97	55.33	42.7	59.33	53.6	59.42	54.44	63.6	61.42	64.96	42.55	100.08	102.28	58.28	54.49	69.21	45.37	72.4	52.14	56.6	95.41	57.11	49.89	103.79	66.86	113.28	99.02	107.67	55.32	113.76	112.6	116.56	156.79	147.31	115.91	144.55	120.11	61.79	53.93	61.49	58.86	70.27	56.92	40.01	40	40	89.3	57.31	21.63	-0.51	53.64	5.36	25.71	25.32	-4.92	22.07	45.82	51.47	45.19	38.82	36.79	44.54	68.47	48.98	20.22	49.02	45.63	79.64	93.13	103.49	63.36	67.69	103.33	108.17	124.93	99.5	93.75	93.3	97.38	82.92	96.13	113.66	90.55	108.64	73.14	79.01	56.17	64.07	112.58	78.13	55.79	63.41	58.34	50.7	-113.12
2026-01-13	48	73.82	57.96	73.8	61.71	82.43	65.67	72.59	82.75	94.91	103.21	74.8	85	67.05	74.53	77.02	84.99	91.17	74.07	37.42	61.2	81.71	30.27	58.82	99.53	76.72	107.3	107.57	94.88	99.26	82.26	100.65	105.5	115.58	117.08	78.05	77.02	58.01	68.22	44.16	55.83	106.68	106.56	108.79	88.87	66.78	106.55	28.67	-4.22	-2.63	46	7.42	55.15	84.45	91.33	94.48	94.48	199.71	121.11	67.37	69.93	40.61	99.68	82.12	92.64	85.51	57.68	40.28	-48.66	22.23	100.26	98.75	83.27	101.39	97.95	95.39	61.45	100.56	86.41	87.62	92.31	84.64	82	89.31	103.9	106.49	76.05	100.99	82.63	62.63	70.43	64.22	72.66	70.19	83.48	65.8
2026-01-14	66.03	112.46	99.56	91.47	80.3	69.87	79.97	72.08	81.77	90.59	70.27	61.33	82.81	65.48	71.45	84.54	97.52	99.88	70.42	71.65	85.23	82.54	80.05	76.1	60	76.75	74.77	71.13	41.14	58.64	78.85	86.22	105.71	117.9	117.88	126.52	128.93	134.61	152.63	122.22	135.09	119.4	113.4	108.81	62.04	60.87	63.83	63.65	72.4	59.63	55.22	56.5	58.39	58.06	60.09	59.94	51.13	62.69	60.55	62.33	56.68	56.23	56.69	49.64	50.26	45.34	53.93	56.01	68.86	92.07	96.31	100.16	100.99	104.98	125.37	109.5	115.46	103.64	110.72	132.24	104.11	126.38	93.26	86.19	67.25	75.24	74.36	74.35	70.82	88.38	83.51	80.93	70.53	59.59	108.5	84.3
2026-01-15	81.79	69.47	64.23	59.44	60.73	60.79	58.3	71.24	66.44	83.78	79.13	68.21	65.21	61.88	61.59	59.53	63.34	62.17	54.19	51.83	58.82	58.55	61.89	64.44	65.74	78.23	59.77	50.43	66.18	82.1	79.64	105.56	103.35	105.04	104.85	81.15	68.67	64.42	60.75	49.91	50.57	11.72	39.47	29.09	51.47	25.83	27.18	50.02	38.57	45.11	52.34	52.79	50.43	1.27	51.5	60.05	56.42	108.96	101.44	80.96	97.16	102.53	81.27	66.65	24.22	82.68	76.09	55.04	73.76	105.22	107.52	77.05	109.62	111.2	109.52	76.18	71.33	66.85	120.78	124.18	125.93	77.38	84.72	78.48	93.09	64.8	83.68	70.8	73.24	135.51	133.78	66.44	79.78	65.69	66.36	42.48
2026-01-16	73.69	69.94	64.79	54.03	93.26	100.06	64.41	61.37	78.16	124.52	48.8	57.13	97.47	114.06	69.95	59.9	89.43	79.18	77.49	79.27	74.23	51.97	114.36	67	85.59	82.61	65.64	97.52	78.71	125.19	106.6	111.01	115.54	136.74	98.22	113.66	138.22	129.89	109.65	68	95.81	118.91	96.97	80	60.77	80	85.33	76.65	69.17	65.85	63.7	63.19	60.52	65.54	69.13	66.91	64.48	70.02	69.08	69.69	74.2	73.48	81.58	73.71	120.64	103.94	78.75	126.73	93.36	75.53	141.01	121.14	97.68	152.63	96.22	95.97	113.07	150.06	122.73	93.83	140.47	126.14	107.38	82.93	83.51	79.42	86.19	79.03	76.35	130.16	143.1	129.36	138.79	135.11	120.42	85.35
2026-01-17	101.87	121.93	145.03	135.76	94.39	101.13	129.14	125.76	79.55	95.38	60.32	53.9	100.63	94.39	91.22	86.52	82.09	125.73	78.81	77.86	96.56	119.62	60.5	90.58	100.27	108.15	93.47	91.03	78.12	88.14	85.56	90.79	85.66	89.46	91.18	97.12	129.86	129.91	125.07	116.13	121.94	104.59	104.37	103.56	86.49	99.26	86.3	84.92	109.92	68.73	103.79	78.92	111.38	115.23	121.24	129.75	129.71	125.97	127.68	97.87	118.4	74.1	79.2	49.91	26.24	83.92	83.26	67.45	83.79	123.06	88.72	107.07	111.85	108.37	86.48	93.99	72.96	72.49	102.38	69.54	92.5	105.72	108.82	105.35	116.54	106.52	103.56	103.89	103.68	94.09	96.76	97.15	155.82	96.17	89.69	93.87
2026-01-18	69.71	73.84	99.93	90.07	61.15	56.67	57.8	69.99	64.11	60.04	66.31	64.97	60.31	60.02	65.16	80.1	86.75	102.4	84.16	100.4	100.41	119.34	115.13	122.37	102.96	81.13	90.79	88.09	120.51	122.43	121.19	90.72	104.4	118.03	117.81	83.26	102.51	105.82	126.18	91.63	61.87	73.15	74.01	65.86	73.57	69.18	63.33	71.5	62.4	66.45	83.81	77.6	69.39	55.12	94	119.99	125.9	109.51	89.2	120.78	117.44	89.17	108.26	71.63	-3.23	-32.18	-122.56	57.98	74.3	80.75	121.54	71.1	97.8	106.5	128.48	111.39	100.67	128.03	124.49	94.32	106.84	114.44	130.54	96.32	101.08	105.15	104.33	45.27	126.15	100.86	130.78	108.61	96.24	74.14	88.98	87.25
2026-01-19	95.19	100.84	68.95	81.85	73.72	85.53	87.27	92.29	45.32	65.85	61.4	60.84	79.53	55.08	107.55	111.02	107.36	111.42	103.97	91.1	113.58	116.42	88.61	70.94	45.83	30.38	57.06	86.14	71.47	137.39	126.12	124.69	134.16	118.87	98.92	86.41	129.69	121.16	118.57	115.13	141.28	130.67	123.49	117.6	118.29	114.6	56.8	45.78	31.65	4.58	29.78	44.51	7.08	52.01	61.44	95.49	56.62	88.81	107.72	27.61	23.09	48.07	54.62	54.43	36.3	32.28	53.83	53.76	55.01	66.81	34.81	93.89	71.85	136.47	110.26	102.96	123.72	130.48	119.67	118.11	123.28	125.28	104.75	84.32	111.11	136.61	137.18	132.24	61.95	80.37	92.73	83.77	100.13	92.43	80.64	51.54
2026-01-20	82.37	73.37	67.63	61.4	86.7	87.18	92.73	83.34	84.24	89.41	82.79	86.55	84.28	89.96	82.69	66.05	88.08	91.7	92.35	82.24	99.67	106.31	100.25	92.43	49.5	94.18	65.2	79.83	64.01	107.27	68.31	64.28	73.47	84.16	77.11	85.94	70.69	66.91	61.23	60.06	84.42	54.77	43.09	49.98	65.69	48.79	39.03	33.39	22.95	0	-0.5	0.02	54.06	30.63	20.84	0.19	0.3	0.12	45	49.16	25.9	40.97	51.11	64.78	0.45	1.4	3.09	0	0	75.55	61.52	116.28	130.94	141.3	116.77	130.89	71.93	104.45	92.38	86.39	98.64	82.9	86.48	105.44	67.63	85.6	88.35	65.44	63.17	59.34	69.56	83.79	74.59	67.48	56.78	9.85
2026-01-21	49.91	106.72	111.08	75.28	70.39	73.46	75.6	68.34	102.58	85.3	63.42	19.52	68.83	71.49	41.89	39.71	30.97	41.55	39.9	17.56	51.88	69.89	80.18	-24.59	-6.97	8.49	-5.68	-19.46	-481.1	57.38	78.91	57.68	10.19	103.72	60.33	70.3	55.2	54.17	51.14	44.25	45.61	21.35	28.13	27.7	3.96	3.78	2.24	1.65	9.59	6.36	41.35	47.55	48.59	55.18	90.66	17.63	23	89.33	89.45	28.01	22.72	82.72	92.65	35.13	98.47	31.26	13.01	32.36	44.74	24.02	5.07	8.51	73.81	116.74	95.48	40.31	20.72	40.91	43.45	48.74	54.17	104.38	108.08	88.96	110.15	104.34	107.72	62.21	109.53	104.09	97.34	40.24	21.57	3.06	38.88	19.45
2026-01-22	10.37	-9.83	-10.94	1.13	91.58	79.48	86.68	74.8	-12.44	-11.63	-9.75	-14.42	-8.14	-17.75	-17.78	-13.47	66.55	-3.88	-3.71	-16.11	-12.85	56.5	-3.35	-4.79	18.74	21.19	21.61	13	8.78	82.26	81.08	49.84	95.53	89.68	27.86	18.48	59.22	55.59	51.28	37.32	3.29	-0.41	-3.49	-4.04	-6.95	-8.73	-9.62	-6.16	-9.33	-6.9	-9.9	-5.84	-5.74	-8.39	-6.33	-4.53	1.31	0.34	0.04	0	0.06	0.28	1.55	0.44	4.68	2.82	3.58	30.7	-0.61	38.21	45.37	36.62	55.01	56.01	101.78	103.5	32.53	34.12	69.56	80.35	36.26	59.63	59.68	55.08	32.77	59.56	49.84	42.45	30.4	14.36	0.23	0.57	39.79	37.81	30.65	-0.7
2026-01-23	1.18	0.91	0.49	-0.41	-0.13	-0.2	-0.78	0.03	0	-8.87	-26.24	-4.65	0.33	14.7	2.21	11.63	4.95	21.96	81.12	-13.67	18.94	-19.69	-20.37	-7.26	-5.15	-1.21	14.91	69.77	-7.05	85.84	105.74	38.32	-9.78	113.73	117.6	117.31	72.82	33.19	12.03	-12.91	-468.12	-8.44	6.79	16.82	7.31	-21.45	-4.99	-0.05	-0.01	0	0.2	-1.04	5.92	22.81	80.52	29.8	1.1	90.07	-5.31	-12.19	-9.7	-6.32	-11.38	-3.48	97.43	96.39	-18.74	-12.03	102.99	109.69	109.98	113.15	35.05	84.55	114.36	126.06	127.45	42.76	64.85	76.45	92.43	111.68	81.34	55.08	61.63	70.92	104.06	68.92	53.27	84	97.76	80.53	104.61	89.61	97.17	18.02
2026-01-24	8.8	-47.21	-63.2	-10.92	27.4	82.38	-34.88	-111.2	3.7	81.54	86.9	81.58	94.53	100.66	109.09	-10.1	1.48	117.24	26.49	20.1	-4.1	-13.89	-24.32	-23.57	-20.19	-16.65	-152.29	-672.54	-34.25	17.24	22.18	28.77	33.06	41.03	73.38	43.35	93.9	-17.53	-10.33	2.63	6.4	-1.35	-4.85	0.78	7.98	38.63	-6.25	69.44	39.83	-12.72	-288.42	-145.29	-0.6	-0.42	-0.34	-1.58	-330.02	-5.17	-4.27	-7.43	-5.27	-5.31	-5.17	-4.12	-5.11	-5.5	-0.83	-0.15	-1.96	-2.95	1.85	-2.12	4.57	0	5.65	109.26	108.04	63.23	86.06	-7.59	3.1	-9.44	-10.12	-12.71	-9.11	-10.43	-11.89	-18.65	-11.72	-9.27	-2.39	-22.57	-9.92	0.75	-4.02	-1.06
2026-01-25	0.32	-135.55	-19.32	-1.67	0.19	0.16	-0.45	-0.63	1.22	0	4.75	1.38	-5.69	-10.74	0.04	-5.89	-5.6	-0.27	0.03	-0.79	0.76	0.15	67.38	15.81	0.25	-0.33	-12.02	-16.85	-8.74	0.12	-0.07	0.18	-0.76	-2.46	-0.05	0.34	-3.59	-4.48	-6.23	-1.98	-0.89	-5.06	-6.03	-3.48	0.27	-2.11	-1.65	3	11.16	-12.78	-4.01	-2.59	-9.37	-2.98	-2.48	-2.99	17.38	-22.42	-56.25	-16.84	2.6	-0.35	3.07	-2.94	-1	110.09	21.15	10.02	-10.33	34.85	76.58	71.69	-34.87	-15.39	-3.45	0.38	-3.36	-0.04	3.65	0.61	33.15	7.89	143.54	74.88	3.91	1.02	4.73	-6.35	13.46	-6.95	-24.7	-12.97	-1.91	-10.12	-5.62	-5.47
2026-01-26	0	0	0	0	0	-2.2	-5.98	-2.66	-3.01	-10.47	0.13	0.1	-0.52	-10.49	-111.15	-1.21	-0.93	-5.16	-10.61	-6.28	-3.91	-0.46	-1.13	-7.91	0.01	-4.49	51.23	7.09	40	46.08	-27.56	-17.9	-5.4	23.31	23.95	28.39	22.5	4.36	5.9	0.67	8.61	2.52	2.65	2.73	0.21	2.42	5.13	2.46	-5.05	-8.3	-9.9	-7.67	-2.69	5.36	-1.81	-3.68	5.91	131.49	127.7	29.51	-15.21	-2.12	60.68	46.48	59.4	72.15	66.14	36.12	19.2	30.03	39.46	38.95	61.65	68.28	61.25	115.53	14.33	12.04	12.64	46.72	89.49	101.27	42.73	10.52	7.42	6.67	8.96	5.82	1.48	-10.77	3.09	14.71	8.47	-2.59	-5.82	-23.82
2026-01-27	-15.3	-40.81	-29.79	-36.69	-17.54	-10.41	-0.25	-10.27	-8.45	-9.56	-9.88	-3.44	-3.29	-1.95	-3.97	-0.59	-0.31	-1.46	0.06	0.02	1.45	-20.3	-1.11	0.39	14.49	117.93	44.31	81.81	-6.79	67.39	67.8	26.88	-20.07	-6.92	38.2	11.77	71.85	77.79	80.65	-18.06	44.68	93.79	95.46	94.39	108.09	-14.88	-25.71	4.42	62.97	61.39	-5.7	1.59	1.44	68.59	-29.14	-5.44	-35.22	-2.62	-696.51	-777.73	-145.8	-0.36	-0.48	-3.22	-4.77	-4.83	0	-0.9	4.3	0.43	3.83	19.42	7.85	19.21	20.26	19	19.07	7.93	5.89	4.43	9.73	4.95	3.78	5.3	5.64	4.19	4.43	0.58	4.25	-8.79	-0.36	-3.88	-5.03	-1.83	0.2	-4.69
2026-01-28	1.83	-7.2	-25.81	-31.98	-1.44	0	0	61.1	63.96	51.14	68.51	60.18	51.59	70.55	32.16	19.81	44.64	16.9	34.64	36.09	66.53	61.3	49.58	61.18	63.06	78.62	103.28	114.58	116.23	118.27	167.95	173.65	340.02	15.09	56.17	57.02	45.71	174.89	199.12	158.44	15.84	352.18	143.22	124.9	171.74	145.55	127.16	-75.22	-25.78	-11.29	-7.38	109.85	110.48	118.01	-19.08	-278.27	-64.81	-13.52	-16.02	-566.06	-26.67	-0.63	-0.42	0.77	3.32	2.17	6.12	11.81	-0.47	1.55	5.45	2.01	13.37	29.42	13.84	12	12	12.13	12.1	15.78	12.26	11.25	11.12	12.39	13.4	11.04	-17.1	0.53	8.15	-0.32	-1.63	-4.17	-2.46	-5.58	-0.26	0.52
2026-01-29	2.25	-9.42	-15.7	-0.98	-3.63	0.1	-19.42	-30.21	-1.84	-3.34	-0.46	0.01	-0.69	-3.61	-3.5	-7.92	-7.33	38.01	38.57	-14.61	-8.85	-9.86	-2.28	-18.01	5.3	-1.31	-1.55	-3.74	-2.14	23.36	34.04	27.81	0.18	24.13	21.22	20.07	26.94	21.75	20.13	-3.32	-0.37	-0.22	-14.62	-40.67	-0.51	0.06	0.24	0.34	1.75	3.96	3.36	-6.68	0.18	1.68	2.06	-0.66	-24.03	1.89	-1.66	-2.31	-0.11	-5.48	-14.34	-2.72	-0.51	-0.28	-1.89	-3.96	-6.06	-1.1	0	29.2	42.77	35.03	34.83	86.74	88.28	4.61	-9.52	8.2	54.32	1.39	-9.81	-10.54	0.27	17.68	25.13	-0.11	-4.58	-2.37	0.14	-0.2	-4.88	-12.08	-97.55	-118.8
2026-01-30	-24.13	-4.89	-7.47	-4.92	-5.2	-4.23	-5.53	-6.29	-9.3	-8.58	-6.85	-5.86	-6.77	-5.82	-5.9	-5.97	-4.98	-5.99	-4.97	-3.57	-3.58	-3.56	-0.01	0.97	-4.28	-2.5	0.9	3.81	0.11	0.89	-21.33	-5.21	-2.43	0.41	0.14	2.37	-1.08	-0.67	-0.15	-4.97	-2.9	-0.21	-2.37	-4.78	-0.45	-3.06	-4.51	-17.37	-17.15	-3.25	-3.08	-22.57	-17.83	-4.44	-3.91	-3.59	-3.06	-2.78	-2.75	-8.23	-6.31	-3.43	-3.68	-0.09	1.17	2	-8.65	-13.44	-21.83	-0.35	-20.89	-552.28	0.53	1.19	-2.96	2.1	-0.88	0.11	0.12	11.32	11.82	0.52	5.41	20.93	45.42	-12.73	-7.7	-2.25	2.38	-24.91	-9.74	-7.07	-7.34	-6.01	-15.46	-179.25
2026-01-31	-287.88	-5.16	-8.52	-10.59	-2.99	-21.41	-30.58	-10.12	-3.55	-3.08	-6.93	-4.7	-4.83	-4.71	42.67	21.81	7.14	-4.28	-7.05	-7.03	-26.56	-22.9	-8.24	-10.82	-8.73	-24.51	-6.37	-6.59	-2.77	-4.39	-6.13	-6.56	-2.96	-2.98	-2.84	1.61	0.66	-2.72	-3.95	-3.57	-3.19	-3.97	-3.95	-4.77	-3.84	-4.82	-5.73	-7.63	-9.44	-6.55	-9.01	-11.48	-18.55	-22.39	-19.4	-16.66	-11.98	-11.62	-8.3	-11.53	-9.68	-15.89	-16.67	-11.25	-15.21	-9.01	-4.87	-3.17	-4.46	-4.98	-3	1.06	0.51	9.24	1.23	0.1	-25.33	-10.92	-2.68	0.32	0.61	-1.07	-18.69	-15.95	-4.54	-64.49	-2.25	0.16	4.88	2.96	2.88	0.03	0.01	0.01	1.51	-0.38
2026-02-01	-8.01	-4.97	-7.73	-9.63	-5.15	-5.54	-7.65	-5.39	-13.66	-14.01	-14.59	-14.68	-9.64	-14.33	-13.09	-13.56	-14.72	-9.99	-4.98	-2.94	-3.02	-2.92	-0.07	-0.03	4.49	-1.92	-6.18	-28.44	-13.5	2.78	57.72	2.22	-12.23	-0.52	-0.24	-4.45	0.04	1.79	0.29	-5	75.54	49.43	45.27	22.62	28.2	-8.41	-9.25	0.01	2.85	10.33	-7.58	-3.91	-2.3	-1.87	-4.33	-7.96	-14.17	-0.93	-1.28	-0.45	-5.74	-0.88	-2.55	-1.36	0	0	1.4	-1.22	1.36	102.18	71.55	48.43	99.78	20.26	41.83	31.22	125.77	142.4	88.96	139.93	138.38	81.3	85.57	109.47	98.45	127.35	122.28	124.1	109.83	54.17	9.29	14.17	-2.83	-14.01	-17.94	-119.64
2026-02-02	-8.21	3.91	2.15	11.37	-31.65	-25.28	-133.1	-30.63	-6.82	-9.74	-7.87	-5.73	-13.22	-4.91	-4.87	-4.73	-5.34	-5.85	-7.83	-6.21	-8.98	-4.79	-7.48	-14.4	-9.88	3.33	5.48	14.92	5.96	6.55	-4.42	25.88	29.88	34.89	42.35	30.8	35.07	35.05	126.28	17.87	39.13	14.99	-14.24	-11.45	11.71	9.27	19.62	14.4	44.99	79.94	60.86	69.28	71.89	-20.62	-40.19	-6.48	-7.38	22.01	-17.21	-370.49	-4.31	23.84	6.88	15.44	35.5	24.94	43.56	-11.69	-11.41	-6.85	-9.38	-10.02	-9.5	96.97	67.01	22.85	3.59	10.56	49.88	74.81	61.4	20.06	7.41	17.05	26.11	48.97	-8.11	15.28	13.03	9.64	0.58	0.11	5.02	-23.13	-15.65	-263.44
2026-02-03	-104.77	54.93	-2.7	-10.89	-8.87	-13.64	-12.88	-12.62	50.61	-2.55	20.99	16.4	19.84	6.86	-9	-9.58	-6.91	-12.52	-12.39	-17.77	21.93	32.14	18.57	-35.37	-33.18	20.85	-10.26	51.37	-2.76	3.33	22.06	50.79	113.48	114.83	117.78	67.87	23.35	102.19	86.07	44.28	12.5	-258.11	-468.26	-23.56	-12.85	87.78	2.13	26.79	-6.03	-10.95	-13.97	-7.75	-40.91	-1.36	0	-0.02	-18.85	0.2	0.01	0.16	0	0	18.55	-16.19	-2.06	28.78	-0.56	61.9	64.17	86.24	132.62	100.91	18.73	49.49	100.43	116.03	129.05	126.98	124.67	118.96	116.39	114.18	111.29	109.41	110.09	111.26	105.98	99.5	97.06	100.87	-9.08	-344.42	-30.82	-16.91	-16.11	-8.69
2026-02-04	64.75	89.54	-12.71	-16.24	-6.21	77.7	-9.41	-4.82	-5.14	-22.51	-48.08	-19.03	-3.92	0	15.52	-10.27	-5.26	-14.53	-25.28	-14.76	-0.32	0	-6.13	-28.44	-17.3	-3.18	-53.6	-68.1	-24.31	29.26	-1.86	-2.97	3.03	35.16	9.07	10.85	33.95	9.04	34.81	30.46	12.52	5.2	2.87	0.73	33.36	35.23	72.47	67.86	79.22	55.33	-6.49	-6.84	-6.06	-8.17	-4.74	-0.15	0.07	0.05	-11.05	-3.67	-4.11	1.25	1.66	2.62	0.08	3.77	30.87	15.94	-2.87	13.03	25.68	8.7	-0.49	3.7	26.33	65.6	40.97	48.67	46.03	49.63	60.58	49.08	63.37	60.11	47.19	6.47	25.5	34.3	24.15	21.88	8.9	9.26	5.81	-20.33	-54.65	-57.73
2026-02-05	1.22	0.13	-9.38	-14.39	-17.29	-12.45	26.15	38.63	27.98	15.66	21.54	5.09	16.82	-9.42	-15.58	-41.95	-29.31	-0.01	22.68	19.38	16.73	1.22	-22.49	-32.92	16.09	93.79	-5.95	-8.45	30	92.48	72.72	74.16	-2.79	-4.14	-1.74	0.07	1.07	0.34	0.66	0.15	-12.78	-8.99	-4.56	-3.76	-1.78	-2.26	-2.48	-0.73	5.49	-0.69	-0.96	4.26	3.81	-0.14	1.57	0.95	-2.59	-2.01	-1.49	-2.74	-3.1	-2.15	-3.82	-4.01	-5.37	-7.42	-3.26	-2.53	-0.81	-0.51	-0.65	-4.18	-277.41	1	4.21	-29.14	-260.8	3.39	5.12	43.85	43.6	-4.41	-16.6	-1.54	1.95	1.65	1.79	-5.32	-3.05	-1.91	-0.87	-7.92	-8.32	-2.24	-1.95	-4.33
2026-02-06	-11.57	-12.44	-16.04	-19.83	-0.96	-1.6	-4.14	-13.51	-11.32	-12.78	-3.62	-3.03	-1.01	-1.24	-0.93	-2.94	-0.2	-1.21	-0.99	-2.99	-4.72	-13.7	-18.06	-7.95	-1.04	47.02	21.79	-6.04	-8.31	-1.76	-15.33	-3.78	2.94	1.28	6.27	-4.21	-3.15	-4.1	-1.98	-1.21	-3.05	-1.78	-0.19	-9.95	-3.53	-0.95	-0.26	-3.12	-1.22	-5.52	-0.8	-2.9	-1.9	-1.45	-34.73	-30.35	-15.82	-2.98	-2.44	-2.93	1.25	-0.61	-1.59	-1.66	-1.66	-1.47	-0.22	-0.03	1.33	-1.35	0.41	-3.35	-123.66	1.24	1.83	93.67	79.16	23.77	4.03	23.08	27.85	77.54	53.55	69.24	45.65	9.78	-8.53	-217.03	-23.36	-1.69	1.64	-11.18	-3.46	-7.87	-10.11	-56.89
2026-02-07	-36.31	-2.48	-0.26	-14.64	-0.16	-2.21	-3.29	-6.96	-9.15	-9.85	-2.74	-2.29	-3.59	-6.92	-5.62	-3.61	-2.53	-2.63	-2.21	-3.29	-2.84	-2.73	-3.41	-3.48	-3.2	-3.17	-3.65	-5.55	-2.4	-2.42	-4.55	-18.02	-0.72	0.15	0.92	-1.66	-6.34	-4.33	-4.91	-19.4	-8.94	-8.35	-8.44	-9.38	-9.56	-11.48	-8.99	-10.06	-2.78	-4.51	4.28	8.87	1.59	4.94	2.77	-2.4	55.73	19.14	20.43	-5.65	-11.08	-9.59	29.06	-32.96	-11.62	12.49	7.69	19.35	24.16	27.2	-16.59	-23.98	-26.28	-0.34	-19.52	-6.62	-0.89	0	1.59	1.1	3.84	29.62	56.72	86.77	16.41	26.24	9.38	-0.38	1.45	-23.75	-13.18	-2.55	0.02	-0.21	-0.59	-3.56
2026-02-08	-3.14	30.41	31.86	-0.01	15.88	6.33	1.44	33.56	-1.05	-5.33	-8.51	-9.62	0.67	-0.13	-26.04	-21.51	-4.37	-1.35	-0.92	-17.43	-5.45	-5.71	-1.49	-1.66	-2.08	0.5	38.07	5.65	18.91	-4.98	-6.39	9.14	-11.42	-0.78	-15.97	-6.71	-0.75	-1.13	17.73	-2.55	-1.53	-2.8	-9.5	-4.2	-4.85	-6.36	-7.13	-16.58	-16.64	-13.51	-19.07	-18.93	-17.5	-18.7	-20.82	-19.83	-16.9	-16	-19.14	-21.86	-19.17	-25.09	-28.36	-24.07	-19.38	-9.44	-3.81	-4.54	-3.72	-2.83	-2.77	-4.99	-7.74	-5.93	-9.4	0.35	0.47	5.11	-0.86	4	3.43	44.76	76.88	79.16	91.5	9.27	-7.33	0.87	32.38	0	-0.49	0.08	-13.29	-6.46	21.58	-0.89
2026-02-09	-4.86	-3.48	-10.58	-3	19.12	-3.6	-11.44	-39.9	-49.51	-27.45	-3.17	-0.01	-29.13	-43.57	-13.98	-5.67	-3.04	-5.79	-2.98	-2.92	32.93	25.64	14.86	16.5	36.46	77.47	83.53	-3.47	42.13	90.48	104.07	101.97	95.72	71.04	73.72	1.85	23.24	2.05	-1.12	-9.99	-45.29	-2.02	-4.83	-5.69	-5.5	-3.17	-8.08	-2.14	-3.54	-3.4	-3.49	-4.33	-4.99	-5.49	-4.97	-2.85	0.11	-0.76	0.29	0.02	38.96	83.19	30.88	14.54	23.45	74.32	-18.38	-39.65	-8.69	-3.95	-30.11	-12.43	-586.24	-1.25	-10.77	-0.15	16.55	21.61	32.53	34.91	62	16.59	37.27	-9.26	1.18	-2.56	4.37	-4.06	-6.07	-4.41	-0.07	-5.4	-4.82	-4.63	-2.42	-3.28
2026-02-10	2.31	0.28	17.83	1.92	-0.8	0.33	18.99	14.98	44.22	13.66	-9.88	-15.08	-7.52	-14.88	-18.3	-37.17	-10.94	-1.37	0.01	0.36	12.35	16.86	7.52	0.01	11.63	-1.26	17.45	33.05	40.49	34.56	1.07	-74.01	-22.81	-14.95	-8.55	-3.36	0.02	3.57	11.72	-4.38	-6.8	-17.15	-3.98	-0.2	-0.05	3.94	3.77	3.77	3.77	3.77	3.77	-2.18	41.07	63.33	10.34	3.15	-2.62	22.48	22.75	-34.64	-91.15	-7.25	-2.79	24.87	29.95	24.84	-39.3	-33.4	-43.35	-19.82	-39.69	-53.66	-2.06	-0.42	-0.03	-192.26	-113.01	-6.89	-3.32	-3.65	-3.54	-4.89	-4.9	0.64	0.39	-4.51	-0.21	-2.49	-1.05	-5.14	-2.7	-2.63	-2.72	-5.57	-3.96	-5.5
2026-02-11	-5.84	-5.79	-4.98	-5.37	-1.33	-0.93	-1.14	-4.54	1.36	-1.51	-3.12	-2.88	-3.41	-3.37	-4.13	-9.93	-3.01	-3.16	-3.27	-3.46	-2.9	-2.81	0.61	-2.02	55.61	6.68	5.02	5.75	10.61	13.98	-2.67	-44.74	-37.61	-4.31	3.95	-12.68	-9.36	-2.32	-2.94	8.08	1.21	1.02	2.51	-2.84	-8.58	-7.39	-0.86	0.83	-0.42	-0.5	0	-0.04	1.86	-34.7	-13	-10.98	1.45	0.22	70.34	8.62	-8.11	-3.2	35.71	43.76	-6.83	26.34	-11.02	-35.83	-8.56	-32.83	-9.54	77.24	17.04	18.39	95.13	-21.25	-5.54	-54.49	4.62	45.8	33.9	5.79	-7.46	10.43	11.49	11.05	-15.67	-37.96	-18.72	-177.41	-1.48	-1.92	0.03	-3.51	3.51	0.14
2026-02-12	-0.86	-1.76	-17.87	-48.64	-173.63	-30.01	-0.4	7.29	-9.52	-35.17	-29.01	-1.41	0.18	-0.42	-1.06	-8.03	-26.53	-229.8	-35.34	-9.94	-8.56	-5.46	2.1	0.42	15.37	53.24	15.26	26.58	13.09	8.81	3.62	-2.31	9.67	7.27	-3.22	-1.66	-3.88	-4.85	-4.58	-3.94	-14.81	-17.39	-5.84	-10.13	-10.34	-9.4	-16.41	-12.11	-18.19	-21.86	-21.14	-24.65	-24.64	-22.36	-23.03	-24.24	-23.51	-23.6	-23.77	-20.9	-20.23	-20.87	-20.99	-20	-10.81	-5.5	-5	-3.02	-0.94	14.27	12.61	-34.35	-2.11	3.06	-282.16	1.14	2.91	2.71	-0.33	-17.44	0.56	0.06	-1.18	-9.2	3.83	2.56	1.52	0.53	0.92	-6.59	1.42	-1.13	-1.53	-3.65	-0.59	-1.84
2026-02-13	-2.42	-3.07	-4.87	-6.34	0.88	0.26	-15.88	-28.42	-15.47	-2.5	0	-0.35	-1.74	-12.07	-3.67	-0.35	13.18	-5.63	-17.27	-4.09	-11.68	-25.43	2.37	0.23	-12.82	4.64	-22.88	-53.21	-42.22	0.58	1.64	0.53	-224.89	-4.93	-10.72	-5.62	0.15	0	-3.31	0	6.57	3.16	1.46	34.6	14.01	-10.41	-13.78	27.9	20.49	32.37	15.97	13.44	-0.7	-1.95	8.84	-40.5	-46.77	10.52	11.71	56.38	82.07	-5.47	-6.7	22.67	25.56	23.2	25.22	20.97	-14.25	-1.17	-0.13	-0.06	-71.9	-12.1	0	48.25	89.04	73.5	58.53	62.54	14.62	14.16	-1.44	-9.16	12.52	25.36	9.28	1.57	-0.53	0.76	-28.48	-3.66	36.65	0.96	-3.54	-29.59
2026-02-14	-33.68	-42.33	-27.98	-24.08	-40.88	-38.78	-31.32	-98.04	-4.04	-4.6	-3.81	-3.9	-2.92	-2.5	1.86	6.67	3.68	7.27	0.74	-0.02	-5.99	-2.98	-2.92	1.33	4.8	-0.06	36.49	24.67	0.08	-0.3	-82.35	-20.26	-4	14.27	23.16	7.9	6.34	-21.15	-2.47	-3.34	-3.99	5.73	-11.64	-10.94	-15.99	-5.35	-5.81	-17.72	-8.47	-6.5	-8.24	-8.51	-13.91	-19.77	-10.75	-6.49	-6.55	-6.9	-7.08	-7.84	-5.46	-6.5	-6.45	-6.75	-8.16	-5.9	-4.91	-2.66	-4.65	-1.48	-0.66	5.02	0.01	32.06	45.48	-3.28	-4.93	6.58	1.12	-0.68	1.13	0.19	-10.87	-12.82	0.6	1.34	0.45	1.16	-24.96	8.5	3.3	2.36	3.37	0	0	-42.44
2026-02-15	-4.2	-0.2	-1.15	-4.17	-5.25	-4.92	-8.28	-7.98	-5.95	-4.8	-5.27	-8.37	-2.96	-4.98	-4.82	-5.08	-3.14	-3.09	-2.91	-2.99	-4.64	-3	-2.86	-2.89	0.09	-1.67	-3.39	-1.4	-5.26	-3.02	-2.51	-4.45	-13.36	-12.3	-3.82	-13.47	-8.75	-5.33	-5.18	-4.02	-2.36	-3.99	-2.65	-3.18	-4.93	-9.58	-10.8	-11.94	-6.48	-4.73	-5.05	-5.89	-5.91	-5.06	-5.09	-4.85	-5.13	-8.52	-5.87	-10.12	-7.65	-5.48	-7.63	-5.88	-5.87	-5.29	-4.23	-3.83	-3.31	-2.04	-3.02	-0.97	-0.01	0.01	0.35	4.06	1.6	9.69	3.33	13.9	48.92	28.8	35.53	2.09	34.73	-8.93	-17.78	-22.17	0.82	-3.18	-1.49	0	0	1.33	1.75	-5.69
2026-02-16	22.99	4.89	5.19	4.39	-1.45	-33.49	-18.18	-20.49	-0.33	-3.43	-0.02	-0.02	-4.19	4.43	1.82	1.16	-9.89	-13.95	9.41	-18.19	-10.94	-2.29	17.97	-0.87	7.65	3.99	-9.96	-33.55	-23.99	-38.31	-49.33	-92.99	13.96	14.68	13.13	8.08	8.17	-10.59	-2.93	0.84	-0.08	-7.42	-6.21	-1.21	0.43	-1.95	-1.06	-2.99	-3	-2.95	-1.29	0.34	-0.99	-0.99	-0.75	-1.05	-1.49	-1.27	-3.17	-3.57	-5.01	-5.4	-4.61	-3	-3	-2.96	-0.99	-0.01	-0.99	-1.09	0	0	0.97	50.65	-3.46	3.8	-6.34	-5.6	-4.67	1.46	2.53	6.42	1.41	1.5	1.05	4.87	1.7	-15.4	-1.42	-3.87	0.22	-1.53	-2.35	-5.07	-3.2	-2.76
2026-02-17	0	-2.85	-8.53	-7.89	-10.55	-25.95	-4.91	-1.94	-54.21	-97.52	-9.25	-15.34	-12.05	-12.49	-9.7	-8.72	-20.86	-22.78	-9.21	-14.99	-6.63	-0.09	-1.05	-13.71	1.64	-1.66	-13.15	-93.66	-64.29	-3.71	-1.11	-6.62	-8.43	-0.58	0	0.09	-4.06	0.85	-1.16	-3.27	-6.18	-5.56	-1.9	-3.63	-5.37	-5.28	-4.96	-3.06	-9.99	-5.05	-8.6	-9.85	-8.53	-5.38	-5.23	-5.92	-8.54	-9.84	-8.52	-6.11	-9.83	-9.78	-10.09	-12.47	-16.84	-17.88	-17.35	-18.53	-25.1	-16.32	-5.09	-0.5	0.15	0.02	22.77	69.98	27.14	12.86	20.59	23.54	25.98	22.46	22.4	26.84	30.6	31.09	10.52	1.4	-5.15	8.18	2.77	0.17	5.29	33.17	2.59	-17.72
2026-02-18	18.5	4.33	17.38	15.81	9.77	17.75	-18.06	1.87	3.15	-10.19	-10.57	-13.99	0.43	0.28	4.35	2.44	1.14	0.25	5.18	8.56	2.48	37.74	2.93	-15.04	1.26	6.1	16.08	41.5	-7.29	21.4	64.11	40.06	63.93	37.14	12.15	23.62	24.25	5.24	22	12	37.68	37.64	-6.73	-10.55	-14.93	-5.41	-9.38	-15.45	-12.36	-5.05	1.4	1.95	2.17	6.49	-5.16	-17.1	-6.51	-2.97	-4.04	0.45	-0.52	-0.97	-0.46	2.07	7.12	3.84	1.73	1.87	1.59	24.75	35.08	3.02	9.54	66.61	58.23	-20.02	-6.97	-1.49	-4.07	-1.39	6.52	56.48	48.61	49.47	50.18	34.4	1.67	-28.39	-32.13	-38.95	-18.06	-5.31	-19.46	-38.19	-21.03	-11.75
2026-02-19	-16.51	-4.09	-10.48	0	-1.02	10.45	-17.97	-9.3	-1.03	0	-2.99	-3.65	1.44	7.38	-0.16	-3.74	-4.27	-9.65	-4.5	-3.14	0	4.48	11.2	19.54	72.75	1.9	23.32	32.61	75.64	36.87	-11.73	2.93	-8.5	-4.93	-11.07	-1.09	-1.17	-4.2	-17.8	-6.94	-3.81	-5.6	-5.67	-6.59	-6.49	-5.99	-9.13	-10.65	-17.87	-18.83	-19.21	-19.1	-17.39	-17.75	-17.31	-17.88	-18.11	-19.25	-18.12	-17.63	-16.53	-17.87	-16.34	-16.81	-17.43	-17.6	-16.94	-15.95	-16.31	-13.81	-9.69	-2.03	-2.33	-5.42	-1.8	0	6.94	10.76	20.2	66.97	97.12	91.82	88.35	88	50.45	56.15	78.42	56.79	80.95	70.51	75.32	70.22	50.41	21.33	9.56	-7.06
2026-02-20	20.17	5.77	2.37	-22.47	-1.64	9.49	19.66	4.23	4.51	-8.81	-7.45	0.24	1.87	2.02	32.8	27.84	29.34	30.8	29.07	1.64	-1.21	32.85	38.52	-5.54	-13.76	3.22	-10.63	1.12	-8.71	57.06	74.12	11.49	7.17	6.72	-9	-7.22	-0.4	-5.46	-6.38	-6.53	-1.16	-8.6	-12.73	-15.45	-4.47	-3.95	-4.91	-4.62	-6.32	-11.11	-10.12	-5.13	-4.94	-3.75	-3.41	-3.24	-2.91	-3.3	-2.3	-2.62	-2.22	-2.42	-2.4	-2.11	-3.41	-2.08	-1.2	-0.97	-2.96	-4.54	-9.35	-19.57	-19.87	-5	8.36	3.9	49.12	55.55	47.91	18.9	40.16	37.7	35.86	46.52	46.96	28.67	37.87	27.3	21.89	5.76	10.39	3.2	4.72	-1.23	2.36	0.16
2026-02-21	7.1	5.46	1.31	-5.83	-5.4	-0.99	0.31	0.33	-4.51	0.37	-5.49	0.21	0.43	-1.16	0.57	1.91	0.86	1.15	1.3	2.02	0.01	1.35	-0.68	3.45	-8.76	-11.24	8.89	8.01	0.67	5.41	8.8	8.05	-0.41	-16.34	-14.8	-28.16	-38.76	-15.1	-15.08	-16.83	-15.64	-13.97	-16.05	-15.95	-6.27	-4.9	-9.27	-11.01	-15.9	-16.01	-27.35	-14.36	-16.89	-17.83	-16.5	-12.9	-12.74	-15.84	-16.21	-16.09	-17.18	-17.25	-16.3	-16.25	-19.85	-33.29	-46.92	-46.94	-45.7	-49.52	-17	-20.45	-15.06	-14.37	-0.59	-21.66	8.91	19.73	-0.45	99.48	55.76	86.15	72.79	79.58	68.95	67.25	40.97	50.37	74.33	45.91	4.61	-8.97	-7.13	-4.31	-5.63	-7.06
2026-02-22	-7.32	-4.26	4.02	14.58	12.2	5.58	24.87	6	3.58	-0.31	-113.19	-13.06	-18.13	0.02	1.47	0.76	1.5	3.28	8.42	9.46	2.7	10.52	11.08	4.52	16.05	6.23	26.93	28.51	43.02	28.72	38.12	63.7	16.34	7.78	0.2	-1.47	-60.41	-25.38	-23.14	-9.15	-9.44	-7.7	-5.62	-10.6	-9.65	-9.06	-10.11	-11.59	-17.02	-17.17	-17.14	-16.54	-16.33	-16.47	-15.13	-17.09	-10.54	-9.59	-10.14	-12.08	-10.28	-11.74	-9.92	-9.94	-8.99	-8.95	-8.09	-8.94	-4.37	-9.2	-0.74	-7.07	6.31	4.1	6.79	7.95	59.31	9.5	6.28	25.17	82.09	85.62	86.42	49.5	46.94	54.28	91.69	78.87	56.12	38.95	13.28	15.63	19.91	16.01	4.71	-10.01
2026-02-23	2.36	0	7.24	7.38	56.48	19.89	67.33	45.11	35.76	45.15	53.54	39.28	41.56	20.61	-7.88	-9.6	29.26	19.21	9.77	59.95	16.77	58.98	38.47	-0.05	11.29	13.8	12.67	3.31	56.37	68.26	76.32	86.9	73.93	80.81	12.38	7.61	-10.15	-4.15	-7.1	-3.75	-3	-1.94	-4.51	-2.38	-8.95	-3.3	-3.47	-4.46	-7.93	-5.48	-4	-3.45	-2.41	-2.44	-2.47	-2.85	-4.54	-4.33	-9.96	-11.86	-15.94	-15.04	-16.38	-10.5	-9.2	-2.99	-4.95	-1.9	-7.12	-12.21	-6.6	-6.91	-4.63	11.96	71.21	50.01	101.66	74.79	74.3	141.82	162.57	45.36	66.57	70.63	147.49	109.16	78.15	50.18	58.45	85.06	74.53	12.59	27.4	14.88	8.92	-64.66
2026-02-24	-28.36	0.23	-5.25	-4.4	-7.29	-4.25	-3.51	-10.4	-9.5	-3.57	-2.04	-0.2	-7.25	-1.91	2.43	-3.57	-2.81	-3.78	-0.09	2.85	1.81	10.67	19.64	-4.47	-1.43	3.24	5.32	7.72	55.63	95.88	47.8	60.87	84.49	74.89	11.86	-5.21	-11.22	-12.45	-8.4	-8.28	-10.98	-9.27	-8.41	-6.63	-3.23	-3.24	-2.41	-1.77	-2.61	-1.8	-3.34	-3.4	-3.45	-3.46	-3.4	-3.35	-3.25	-2.65	-3.48	-3.19	-3.96	-3.49	-3.46	-3.52	-3.05	-2.99	-2.94	-1.79	-1.68	0.24	1.52	3.22	-0.52	51.47	29.93	53.88	47.63	61.3	52.17	16.2	45.92	45.4	87.69	95.78	85.56	82.32	80.98	19.83	19.35	17.49	45.65	40.91	-1.64	-6.61	4.23	-26.66
2026-02-25	-0.52	8.13	26.02	15.76	28.3	9.31	53.35	21.68	56.65	9.34	9.96	18.43	24.7	11.31	9.9	7.26	22.54	9.12	10.12	8.79	11.29	20.29	18.11	28.56	47.71	27.34	-239.22	1.27	26.36	56.1	52.24	69.9	82.25	58.51	3.89	-5.7	-14.55	-13.44	-5.76	-4.59	-5.94	-11.7	-12.8	-9.77	-5.72	-4.94	-4.53	-2.09	-1.82	-30.39	-30.48	-3.01	-4.92	-4.99	-3.48	-8.66	-2.1	-2.05	-2.56	-1.96	-1.79	-1.76	1.55	1.33	1.92	4.73	-0.11	-3.08	-3.13	3.72	4.76	4.18	0.95	20.09	33.19	70.43	67.87	62.06	50.45	51.48	55.6	44.34	55.26	50.02	50.77	50.48	40.3	9.68	11.18	5.54	3.44	-2.57	11.16	14.78	1.35	-3.91
2026-02-26	3.89	1.02	3.64	-10.07	3.62	7.04	5.14	6.02	5.08	0.88	9.05	1.92	26.11	19.06	32.73	36.86	9.56	9.82	26.38	20.06	15.49	14.98	12.73	12.33	-1.06	-3.26	12.58	27.93	22.66	10.42	68.4	46.88	67.39	22.02	7.09	-2.56	0.44	-6.42	-9.16	-10.92	-1.14	-4.51	-3.21	-3.56	-4.59	-5.49	-7.95	-9.52	-7.8	-8.18	-9.75	-10.56	-5.37	-4.58	-4.73	-5.18	-9.2	-5.75	-12.44	-17.24	-4.76	-4.84	-3.67	-2.21	-3.61	-3.65	-3.25	1.27	-2.1	-8.41	2.47	45.94	5.76	3.13	0.35	11.14	17.87	16.08	28.3	16.81	93.11	87.89	83.18	32.17	36.83	21.23	8.47	-31.29	2.22	4	-3.87	-3.55	2.06	3.17	2.38	-19.22
2026-02-27	-7.96	-0.55	-4.35	-18.95	-3.16	-5.37	-4.3	-2.5	-2.28	-5.42	3.63	22.62	7.79	2.3	0.49	2.39	6.46	1.85	-0.76	0.92	2.47	4.05	6.68	-12.52	-6.46	-19.39	-11.91	-14.4	-4.48	1.38	-2.69	-3.82	2.94	-5	-7.31	-9.16	-5	-4.95	-2.14	-3.2	-35.78	-3.82	-4.92	-2.99	-2.61	-3.86	-3.97	7.26	-1	-0.99	0.09	0.15	-0.55	4.62	-0.39	-0.49	0.04	-0.03	-2.52	-0.04	0.01	4.32	0.83	7.56	9.52	8.11	8.91	12	1.56	5.59	8.55	12.08	3.25	0.25	3.48	3.41	11.76	39.82	82.13	43.6	83.01	83.72	52.26	53.33	38.08	30.15	24.87	12.35	8.03	3.26	3.61	1.41	0.22	0.41	-3.13	-25.59
2026-02-28	-4.45	-1.92	-3.63	-2.05	0.49	-8.88	1.08	-8.99	1.23	4.11	2.85	-38.53	-2.66	-3.08	-16.95	-12.52	-2.79	-5.35	-3.51	-4.65	-0.43	0.6	1.14	9.38	1.27	0.01	-0.03	-13.3	1.9	0.91	1.58	0.99	5.06	4.09	28.68	71.95	8.8	4.61	14.23	8.04	169.8	43.89	-2.76	3.25	0.09	-1.19	-0.18	-1.73	-2.15	-1.12	-4.54	-8.56	-0.08	-0.02	18.62	5.41	26.95	8.13	11.3	3.38	-4.53	-4.27	-0.12	12.31	-0.19	-1.53	-2.87	-5.22	-32.83	-36.73	-18.37	-10.51	-20.82	70	98.09	-10.76	6.19	47.14	59.15	84.16	85.15	83.47	17.68	10.91	24.14	32.8	6.5	5.83	16.52	24.02	62.91	19.51	71.82	40.13	43.12	39.79
2026-03-01	4.94	7.5	1.33	1.24	2.1	2.88	0.16	0.46	1.88	4.6	-0.73	1.29	0.52	32.34	39.46	38.15	38.49	27.37	40.96	26.73	33.89	13.21	1.43	5.66	48.37	47.64	26.74	27	36.2	24.32	14.32	16.6	0.65	5.09	0.35	0.06	0.36	0.32	-0.16	-0.56	-3.26	-2.52	-4.3	-1.19	-1.85	-0.99	6.79	-3.15	-2.87	-3.09	-3.36	-4.85	-5.99	-2.24	-1.74	-1.18	-14.57	-4.06	-2.92	-5.62	-12.09	-5.06	-7.04	-3.51	-4.15	-3.86	-3.57	-5.33	-10.92	-9.6	-9.73	-8	-1.81	-1.12	0.42	0.08	-14.65	5.29	18.21	7.75	5.46	10.99	0.94	7.51	15.55	20.79	26.1	14.22	7.87	10.66	-8.42	0.92	-3.66	-8.09	-7.64	-6.16
2026-03-02	3.82	7.29	-0.34	0.6	7.85	-0.53	0.82	-2.21	-3.37	0.07	0	0.1	0.1	-3.43	-6.37	0.1	0.2	12.75	11.74	9.88	31.79	20.95	-7.05	-20.82	-14.2	-11.37	-15.03	-0.7	7.52	6.4	2.54	-10.87	-9.18	7.73	5.2	2.29	5.19	7.4	-2.32	-3.36	-2.58	-11.27	-0.59	-4.45	-21.55	-16.99	-4.77	-1.09	10.71	-0.18	-0.05	-0.64	0.37	-0.62	-0.01	-0.02	-1.62	-0.03	13.87	-0.45	7.83	2.58	16.54	15.1	26.07	23.86	23.82	-10.43	40.93	112.83	19.42	40.34	15.15	57.49	95.76	70.6	91.33	86.33	31.78	8.85	33.7	94.48	94.93	93.18	93.63	94.52	25.51	88.22	85.53	88.48	89.97	-63.64	-8.07	3.47	-3.09	-10.33
2026-03-03	22.44	41.84	33.84	14.65	6.94	21.75	5.62	11.9	6.28	4.8	4.25	4.44	3.98	4.37	7.38	5.16	-11.43	2.53	3.68	-8.05	-24.18	-5.13	-47.23	-220.76	-136.03	-0.04	-0.51	0.16	-0.87	1.38	0.3	0.63	13.55	2.85	0.08	0.2	0.4	0.25	76.86	33.74	-2.18	75.18	46.07	-5.87	-10	-36.35	-15.14	43.72	33.97	26.56	-0.7	33.16	23.75	24.94	36.94	0.59	-2.56	34.24	37.34	65.4	-2.52	33.17	97.45	83.74	-2.52	88.97	1.54	80.51	91	90.09	-12.32	2.65	92.66	95.58	24.94	86.82	94.35	90.53	53.77	50.11	82.24	63.6	48.08	43.57	42.8	46.2	77.04	19.63	50.19	38.49	39.69	16.99	23.25	21.61	18.7	-5.18
2026-03-04	34.35	57.73	20.45	14.4	5.98	15.48	4.44	4.17	2.67	6.11	0.79	4.87	6.27	20.03	28.34	41.86	62.27	13.81	83.23	63.69	64.82	117.5	76.35	23.08	-9.35	25.09	41.75	102.34	123.26	116.14	136.74	49.47	48.19	123.14	125.46	127.84	140.88	134.6	132.82	127.03	114.58	109.64	81.12	81.3	104.32	109.59	-24.59	-27.09	58.06	46.83	37.66	56.95	74.97	60	165.16	196.67	93.29	86.88	78.35	75.07	56.2	96.42	104.01	113.6	124.45	22.58	126.29	159.21	138.82	145.33	14.34	20.25	130.36	119.03	115.86	124.66	149.91	160.91	167.43	165.9	95.52	121.66	124.6	147.56	179.48	133.59	133.49	135	127.46	129.17	4.31	-430.59	-42.34	8.72	12.91	-183.62
2026-03-05	54.97	7	50.39	-7.02	25.72	39.91	102.6	60.55	61.18	59.9	114.96	58.2	68.77	73.71	105.13	28.88	28.96	22.82	28.74	51.33	54.99	91.9	70.94	44.48	17.84	16.65	66.66	69.49	64.04	98.43	106.63	92.57	176.58	117.95	147.63	100.04	132.74	121.02	99.64	98.24	109.15	32.43	16.06	3.57	12.03	0.1	134.48	104.48	78.08	65.94	114.38	4.95	21.34	91.86	81.55	10.16	-2.11	14.01	17.64	93.6	69.57	57.72	71.82	107.03	26.04	132.79	117.48	49.89	121.96	121.15	118.63	134.39	45.57	50.18	84.39	98.73	93.41	152.6	95.56	92.36	74.75	54.33	120.1	118.08	125.58	118.31	80.56	46.64	79.36	89.06	111.46	31.54	87.57	84.08	74.39	10.78
2026-03-06	25.15	29.29	81.38	70.79	31	33.41	37.97	38.72	20.23	22.49	13.06	20	60.18	39.91	53.16	-1.67	6.07	-7.63	-24.53	-9.46	0.71	-15.13	-27.85	-4.61	-8.77	0.99	24.69	0.23	7.6	43.44	12.26	19.31	31.03	24.77	21.03	5.72	1.18	1.99	2.23	2.54	0.67	0.21	0.42	2.06	5.59	6.08	1.42	0.73	2.85	0.2	0.29	2.29	3.8	8.12	4.01	5.42	1.24	0.36	2.18	3.57	2.67	0.19	-0.85	1.27	0.35	19.76	47.14	41.64	19.9	39.95	35.94	39.89	39.83	51.23	62.79	69.56	102.16	68.18	49.13	40.98	111.5	117.75	56.18	125.72	123.1	58.96	50.23	42.95	48.57	106.32	108.15	105.49	106.18	44.2	36.17	29.25
2026-03-07	59.54	88.46	82.46	70.44	46.68	40.05	43.61	46.99	45.6	45.82	45.45	57.1	53.12	53.04	4.37	3.45	16.47	80.11	79.31	24.94	23.29	-5.32	-11.77	39.49	45.88	46.42	25.6	-234.7	9.35	46.56	25.08	21.25	22.96	4.11	24.81	16.38	-7.03	-3.21	-4.82	0.2	0	0.05	0.03	0.13	-48.28	-18.25	-60.9	8.28	-0.67	0.03	0.02	0.23	0.01	0	0	0.2	53.45	106.97	145.85	136.9	72.55	94.57	81.04	-9.53	-6.24	-9.89	17.02	103.12	-7.19	-0.26	16.67	52.72	34	41.95	107.61	94.25	121.41	124.6	96.77	90.7	86.03	78.43	73.58	76.29	69.86	80.77	89.15	109.57	117.74	114.27	118.87	117.13	123.4	118.56	110.95	88.9
2026-03-08	139.31	66	65.86	48.92	48.03	44.75	56.67	49.83	66.03	9.69	25.78	22.8	39.64	24.65	34.66	35.49	61.24	64.58	38.52	31.93	73.82	94.74	96.9	57.26	46.89	29.4	35.81	37.64	50.36	50.26	68.59	51.36	62.95	110.28	97.01	71.77	71.3	28.89	36.92	18.2	33.94	38.92	8.68	4.13	34.62	6.65	4.29	-1.19	0.1	-3.69	-3.05	-4.22	-3.6	-3.42	-6.06	-11.11	-7.69	-7.48	-4.47	-9.11	-1.3	4.61	6.62	20	4.35	30.1	12.31	88.36	52.51	34.44	113.87	68.61	35.23	69.89	101.94	95.46	115.86	87.56	90.61	100.12	85.06	87.91	132.03	127.86	91.97	90.93	99.47	142.4	101.46	114.69	114.79	91.64	131.24	104.58	94.22	79.49
2026-03-09	147.57	130.5	91.04	79.35	90.12	85	86.2	50.21	67.65	114.2	66.42	76.99	84.55	62.5	69.41	69.91	87.59	101.04	91.68	93.9	74.34	140.63	74.48	82.65	76.52	109.08	80.26	82.08	90.45	140.78	93	157.4	95.43	103.59	89.61	80.29	95.26	94.17	77.95	71.02	64.58	63.66	42.52	19.69	14.32	3.6	-1.92	0.19	0.16	0.06	0.03	0.8	60.75	36.22	34.59	24.07	0.02	0	10.87	82.05	78.04	81.4	92.63	130.06	105.46	123.77	90.39	79.78	68.44	89.85	131.54	134.28	133.84	128.28	151.71	154.18	150.43	116.09	104.16	110.17	129.06	161.51	153.24	94.93	106.13	159.29	196.81	91.35	82.42	84.04	102.62	112.92	115.33	95.21	93.92	-25.67
2026-03-10	88.16	104	130.25	105.28	136.6	115.45	119.2	98.59	137.02	138.09	139.67	137.27	75.05	61.52	91.7	89.39	92.89	69.37	66.25	93.27	93.6	135.77	68.1	90.58	131.4	106.57	91.89	97.08	116.35	138.99	134.86	93.94	149.36	161.49	103.97	103.46	103.5	66.98	88.64	78.27	73.19	62.65	128.76	125.23	118.34	49.49	49.31	113.42	39.46	37.96	79.07	118.09	76.05	85.94	58.89	79.67	68.05	67.72	72.36	68.83	69	78.42	49.72	50.42	50.27	115.55	56.66	86.32	56.3	40.95	69.19	83.08	68.55	90.67	120.03	129.12	118.04	119.13	125.87	118.73	133.47	126.67	113.42	179.9	166.97	109.23	109.68	113.85	120.49	51.34	121.3	106.11	111.09	103.24	100.63	116.95
2026-03-11	91.98	97.27	83.65	83.66	73.93	59.78	48.81	42.26	59.23	41.33	34.28	53.06	47	48.25	50.96	51.7	36.42	32.52	44.28	44.29	34.16	46.19	55.02	66.56	45.58	52.15	70.53	66.83	82.97	108.87	64.83	128.54	81.04	90	70.66	21.31	0.27	1.86	0.55	-0.27	-4.55	-9.69	-5.64	-7.24	-6.55	-6.63	-5.34	-10.13	-11.68	-9.63	-7.02	-8.09	-4.85	-3.96	-1.17	-0.32	-3.09	-1.21	-0.41	-0.49	0.1	0.1	-0.34	0.17	-1.9	0.02	1.44	-2.13	-16.56	-9.41	-13.99	-3.86	-2.9	-0.51	30	79.72	127.28	142.58	168.95	89.34	119.62	143.86	136.62	136.82	112.23	119.64	76.56	85.86	100.28	86.67	90.41	96.01	94.71	88.83	92.57	76.97
2026-03-12	73.42	118.76	114.81	69.53	73.15	72.21	74.52	78.46	62.53	71.15	79.38	83.72	53.05	55.99	62.26	42.55	41.61	40	40	46.95	94.23	73.14	71.76	77.22	92.24	61.17	108.8	68.7	115.91	83.05	104.95	82.6	105.34	45.61	13.34	3.52	-1.27	-11.62	-6.63	-17.76	-8.9	-3.46	-3.33	-4.87	-4.92	-9.63	-4.79	-3.18	-1.81	-4.64	-1.34	-1.05	-2.02	-1.2	-1.66	-2.4	-2.72	-1.9	-1.83	-2.17	-2.66	-2.11	-2.29	-2.44	-2.22	-2.72	-2.3	-3.33	-3.56	-4.59	-8.12	-11.04	-17.5	-2.06	-3.77	55.35	83.16	88.84	59.61	135.01	97.46	118.78	118.59	116.47	106.82	93.18	98.51	80.57	78.17	75.77	116.88	84.76	57.45	59.84	80.8	53.59
2026-03-13	20.34	81.6	24.43	24.04	77.7	44.86	45.75	19.95	12.14	10.38	7.98	68.57	73.47	29.35	17.56	25.69	9.71	14.63	95	13.94	12.01	37.2	14.5	14.72	-4.47	25.85	9.09	-1.96	60.5	112.71	45.6	51.48	61.71	10.8	3.3	-2.31	-3.98	-3.34	-2.42	-2.25	-1.53	-1.99	-4.35	-4.99	-0.94	-1.11	-1.18	-1.12	-1.5	-2.17	-1.85	-1.73	-1.64	-1.91	-1.67	-1.87	-1.98	-2.34	-2.75	-2.49	-2.48	-3.09	-2.12	-1.19	-1.3	-1	-0.86	-0.08	0.51	-0.34	0.18	-2.59	-2.12	1.71	9.86	12.7	49.75	53.51	57.08	41.81	51.42	53.63	2.52	1.62	1.16	-0.61	3.58	-148.06	-6.01	-4.52	-4.49	-6.78	-9.68	-9.37	-10.28	-25.08
2026-03-14	-12.69	-10.73	-8.92	-8.42	-7.88	-10.86	-13.37	-9.91	-9.91	-11.39	-11.8	-10.85	-9.72	-9.18	-8.64	-9.33	-8.43	-6.86	-6.17	-6.92	-8.07	-8.69	-7.8	-7.73	-7.92	-8.68	-4.39	-16.63	-4.7	-4.01	-4.97	-2.44	-5.3	-5	-0.46	0.81	5.92	0.88	0.19	27.24	0.41	-4.31	-12.42	-148.69	-6.81	-0.01	0.02	-3.33	-2.06	-0.97	-4.61	-3.85	-3.95	-4.4	-4.01	-3.14	-4.21	-5.76	-4.11	-5.15	-30.69	-23.17	-5.46	-5.12	-3.09	-0.1	1.61	-20.03	-10.34	-3.25	0	-0.01	0.09	-0.27	2.9	2.35	7.23	0.56	2.21	0.78	15.99	3.17	2.61	0.38	0.54	0.63	0.27	0.42	0.75	-0.82	0.53	2.53	0.03	-1.1	-0.19	-4.57
2026-03-15	0.12	0	0	-2.65	0.11	0.21	0.02	0.01	-0.07	0.01	0	0.01	-0.4	-2.44	-0.48	-3.35	-0.31	-4.68	0.22	50.56	68.81	34.68	-35.55	-20.63	-3.64	-11.45	-2.32	-8.9	2.8	25.17	-5.21	-4.1	-17.69	-12.19	-16.45	-16.33	-43.86	-194.9	-88.08	-46.61	-19.37	-19.22	-19.23	-18.16	-18.41	-19.13	-19.29	-18.43	-20.55	-20.34	-19.92	-19.45	-19.24	-19.81	-28.21	-28.91	-27.77	-30.32	-39.54	-41.85	-50.93	-48.22	-60.52	-66.91	-65.07	-59.02	-49.89	-34.86	-43.92	-26.3	-19.78	-19.64	-11.23	-7.32	-3.82	-3.44	-0.09	1.48	-90.84	0.12	6.27	23.77	29.04	30.99	23.22	17.97	0.98	-159.44	25.2	22.79	17.93	17.92	15.73	12.23	0.48	0.06
2026-03-16	0.03	0.05	0.01	-0.4	0.84	34.17	0.38	0.51	-2.58	-40.03	-16.27	-2.76	0.01	-2.72	-2.75	-7.14	0.08	5.92	3.38	5.1	42.47	-28.27	-63	-37.39	-31.23	13.82	53.65	46.32	70.71	93.47	99.09	65.26	36.15	-23.41	-169.4	-736.93	-359.29	-21.04	-14.51	-7	-2.5	-2.32	-3.18	-7.86	-5.08	-4.88	-4.33	-4.7	-4.29	-5.77	-5.98	-5.99	-5.6	-0.69	-3.33	-3.29	-4.27	0.87	-4.62	-2.8	-2.36	-2.66	-3.3	-2.49	-2.8	-1.83	-1.36	-1.22	-2.82	-3.05	-7.2	-5.92	-6.31	-0.92	1.63	9.65	52.75	71.56	87.14	97.03	122.88	122.52	90.94	51.26	55.76	23.87	90.9	63.18	90.52	96.95	79.9	73.75	93.65	74.23	32.12	5
2026-03-17	59.99	59.86	57.37	33.08	59.22	41.91	44.22	38.66	49.91	47.1	39.06	35.68	30.75	37.05	30.66	30.48	30.38	30.75	30.42	31.03	37.48	14.83	21.82	50.13	21.3	53.26	27.54	40.66	39.65	56.08	75.91	39.51	32.35	-8.79	-42.65	-6.81	-19.34	-27.18	-18.74	-24.29	-4.03	-34.79	-48.49	-791.97	-860.66	-21.32	-17.79	-17.28	-15.7	-4.28	-5.25	-3.66	-11.95	-16.72	-13.74	-16.04	-13.66	-13.26	-9.69	-4.28	-4.36	-3.04	-4.22	-2.46	-2.11	-2.09	-0.04	-0.99	-1.23	-0.4	-1.91	-3.74	-38.9	-1.14	1.45	40.39	52.94	93.16	87.42	81.54	98.39	67.3	101.13	66.51	31.61	32.06	41.14	30.86	12.04	25.14	32.67	19.93	33.89	-15.13	-1.22	7.27
2026-03-18	16.64	15.23	4.71	3.34	-4.84	5.14	14.64	5.65	1.09	0.28	1	1.65	-3.99	-1.79	0.4	0.1	0.16	15.86	15.86	16.78	18.78	70.17	52.15	18.36	8.18	67.4	31.48	70.03	54.88	91.04	104.41	26.96	29.42	5.28	-1.78	-10.15	-5.77	-0.26	-1.18	-13.84	-36.88	-16.04	-7.87	-109.82	-15.94	-28.22	-35.05	-0.96	-7.51	-4.58	-2.36	-1.18	-2.93	-1.18	-0.37	-0.79	-0.6	-0.95	10.74	4.15	23.64	4.45	2.42	8.77	71.14	117.94	10.49	-3.86	-0.25	1.75	4.68	8.43	0.22	22.04	44.59	130.2	176.5	380.27	133.93	368.58	120.71	55.85	43.47	117.81	110.34	17.16	9.96	15.35	27.9	0.19	-0.42	-123.75	26.01	17.33	-5.3	-14.84
2026-03-19	-23.55	-17.37	-74.45	-12.82	-2.9	-0.62	0.43	0.06	0.01	0	28.7	9.47	0.27	4.31	3.42	5.23	8.03	2.47	0.06	9.95	1.44	-16.81	8.6	10.01	-4.54	3.82	-6.62	1.47	0.55	-1.95	-10.36	-2.3	-0.87	-14.27	-12.14	-9.82	-9.3	-5.33	-9.53	-5.89	-51.98	-28.14	-21.01	-4.03	-13.31	-9.94	-2.98	-0.99	-2.99	-0.99	-0.99	-1.15	-4.51	-11.65	-3.48	-2.57	0.42	0.64	-0.97	-1.29	1.51	-0.71	-3.48	-0.99	-0.01	139.5	-1.36	-2.89	29.01	31.4	71.39	7.4	-2.7	27.18	10.85	15.82	20.35	9.32	29	36.48	42.51	27.53	23.39	14.35	12.71	5.36	6.26	6.95	3.45	6.25	3.87	2.91	0.46	2.51	0.54	0
2026-03-20	2.75	61.11	22.13	20.66	25.92	46.56	42.2	43.28	68.01	51.88	7.41	-8.13	17.08	28.11	3.04	9.03	-8.23	8.27	-11.65	-19.94	-17.87	-2.63	-6.39	5.55	19.54	3.57	7.74	17	17.1	19.55	26.51	20.35	15.76	11.5	13.4	3.11	12.09	16.32	16.12	19.5	83.81	1.06	-22.58	-45.9	-10.36	-3.28	-2.26	-3.63	-0.03	-24.56	-18.02	-21.91	-8.45	-1.77	0.03	-16.7	-4.2	-0.85	-1.67	0.44	1.79	-1.99	0.05	8.55	0.19	3.3	6.68	7.09	5.04	11.93	15.8	16.71	15.49	28.91	67.54	54.45	53.96	137.59	140.06	149.42	47.44	38.45	38.14	45.31	54	113.14	102.95	90.61	122.71	124.2	124.57	122.16	129.96	57.26	66.97	35.44
2026-03-21	34.49	25.61	11.45	4.93	19.11	16.95	20.12	20.03	25.28	4.71	10.75	14.57	45.5	33.73	54.6	54.91	18.04	67.87	65.13	27.79	69.4	96.71	67.22	90.62	136.53	68.44	55.04	53.33	100.11	76.28	58.47	33.95	6.03	23.5	19.89	1.82	5.59	2.31	0.73	-4.03	-1.68	-0.92	-1.21	-4.18	-1.46	-3.72	-5.87	-5.17	-4.97	-1.67	-4.1	-3.68	-2.03	-4.53	-4.26	-3.05	-3.01	-3.43	-3.31	-4.91	-4.65	-10.02	-4.12	-4.02	-5.46	-0.7	1.4	1.62	0.96	3.31	-10.5	21.95	8.85	9.8	28.25	64.76	90.3	51.61	120.16	123.42	69.09	36.98	35.29	38	41.64	121.69	122.09	29.18	25.7	36.51	42.92	29.78	42.6	22.26	27.6	18.39
2026-03-22	31.2	63.09	98.88	20.04	12.53	24.67	23.31	19.41	25.83	23.95	67.83	20.08	57.97	23.47	19.43	29.24	48.15	16.06	14.75	6.04	16.98	5.62	10.09	25.44	26.27	16.32	2.46	-13.15	14.03	70.46	12.24	-2.38	-0.39	-18.8	-11.3	-8.64	-6.91	-4.94	-12.18	-4.96	-4.54	-2.97	-3.95	-6.28	-16.59	-13.12	-18.95	-19.18	-14.37	-9.81	-12.89	-15.5	-14.55	-20.07	-27.41	-17.13	-17	-17.51	-5.85	-4.86	-4.25	-4.02	-4.74	-4.73	-4.66	-4.67	-4.93	-3.75	-3.89	-2.84	-5.31	-4.21	0.18	-2.26	-10.87	12.14	-191.87	16.63	43.76	29.71	26.37	20.29	19.23	16.35	17.05	14.28	10.3	10.07	20.25	21.74	10.68	17.78	16.38	10.33	3.21	7.11
2026-03-23	-14.27	-12.18	134.67	92.63	93.64	4.38	78.92	4.85	0.46	39.75	54.23	17.21	53.32	-8.96	-23.22	-28.91	-9.73	4.27	5.49	0.99	1.9	18.13	47.34	-5.23	22.61	19.69	12.14	12.53	21.66	44.86	13.38	11.47	15.57	-0.31	-8.34	-10.74	-8.68	-347.52	-301.18	-526.26	-2.99	-4.3	-4.54	-2.96	-1.36	-2.69	-3.11	-6.71	-6.56	-7.91	-16.19	-16.08	-5.73	-5.66	-4.75	-4.48	-15.12	-15.29	-5.65	-5.35	-5.01	-7.61	-9.02	-6.02	-5.68	-6.77	-12.03	-18.4	-16.17	-14.6	-10.82	-14.61	-9.8	-3.21	-5	8.19	11.56	19.78	35.29	89.76	83.91	101.7	87.5	26.21	87.47	73.51	63.97	-18.28	24.21	24.25	16.58	12.43	12.45	16.07	11.36	9.52
2026-03-24	1.77	3.54	1.89	6.27	0.22	0.07	0.18	0.08	6.66	6.1	6.15	8.37	4.42	0.45	0.14	6.24	11.91	13.23	32.8	15.46	16.71	78.43	81.02	91.05	66.13	84.44	66.39	60.93	89.38	123.79	123.67	71.12	16.23	25.85	-41.75	-11.56	-5	-2.57	-1.9	-3.98	-2.41	-1.1	-1.19	-1.77	-1.16	-1.07	-0.19	-1.34	-5.13	-3.06	-3.04	-2.99	-0.67	-3.55	-2.88	-1.8	-1.33	-1.67	-2.47	-2.5	-2.58	-8.72	-14.68	-14.16	-4.68	-0.98	-1.68	-2.23	-1.98	-6.61	-12.93	-17.95	-14.09	-1.16	10.99	13.61	81.82	110.32	126.71	104.07	111.07	91.52	101.53	134.51	79.61	132.56	69.57	123.68	61.93	73.23	44.89	39.9	37.21	25.59	16.35	14.12
2026-03-25	12.71	13.42	68.47	33.52	13.57	12.95	-3.75	12.98	11.45	7.72	7.46	8.26	8.74	6.93	8.94	6.54	6.7	5.93	6.08	5.98	6.12	10.2	16.8	16.77	26.26	11.79	51.8	36.23	61.47	91.21	22.97	-2.59	-78.13	-28.03	-12.16	-5.64	-267.8	-109.17	-8.51	-7.92	-5.18	-4.11	-5.59	-4.88	-4.85	-13.74	-11.56	-16.92	-10.62	-17.26	-10.89	-10.34	-10.92	-8.98	-5.85	-5.06	-7.94	-7.85	-5.13	-2.95	-3.55	-5.34	-4.17	-4.12	-4.82	-3.34	-3.34	-3.09	-5	-1.89	32.99	27.75	26.84	-5.57	-19.17	35.5	48.19	66.83	61.18	32.63	-3.59	-2.08	4.61	87.35	0.56	7.03	86.56	5.61	66.19	0.21	-16.79	-17.28	2.51	61.56	54.11	-22.5
2026-03-26	-6.5	-1.42	2.61	-0.81	40.32	-8.25	-7.9	-2.22	-11.74	-16.36	-9.55	10.73	5.35	-5.67	6.1	-7.74	-6.83	-0.29	9.37	26.57	80.09	2.22	-3.44	-3.53	-13.54	-1.84	37.81	0	38.73	37.3	39.23	-4.62	32.9	-0.01	-0.99	-0.65	-0.41	-1.93	-2.06	-2.54	-4.99	-5.94	-7.99	-8.2	-8	-9.23	-8.99	-7.07	-6.49	-6.66	-7.06	-5.74	-6.82	-9.16	-10.76	-14.94	-8.97	-7.37	-6.02	-6.83	-5.34	-5.22	-5.18	-4.35	-3.91	-3.1	-3.11	-3.1	-5.99	-1.51	-2.42	0.17	0.39	88.06	32.43	62.46	8.22	69.81	85.63	0.09	-5.37	-0.67	69.96	76.56	72.17	59.75	0.24	-18.85	-8.15	62.64	65.07	56.31	38.17	-15.97	-6.69	-24.87
2026-03-27	-0.52	1.46	0.95	-0.36	-0.21	0.01	-0.19	1.53	4.42	0.76	0.87	-7.68	-5.56	0.04	-3.01	-9.8	-3.14	-27.1	-27.39	-32.72	-0.95	0.1	-2.39	-16.81	-46.17	-1.58	-0.09	-2.35	-6.27	35.59	-2.85	1.19	0.4	0.02	-2.97	-0.99	-0.52	-8.4	-115.5	-27.47	-3.15	-2.34	-3.01	-4.2	-4.61	-4.95	-6.53	-7.17	-7.85	-6.07	-5.85	-5.89	-4.9	-4.89	-4.16	-3.84	-3.77	-4.84	-4.82	-3.69	-7.19	-8.99	-8.46	-8.26	-4.81	-5.79	-4.34	-3.89	1.07	-3.9	-1.53	-3.47	-3.87	-13.69	-3.49	55.55	-16.36	-13.09	-1.16	30.63	31.51	35.72	27.52	76.35	12.99	35.93	11.26	6.48	2.93	22.83	5.59	44.06	63.19	1.23	-2.8	-4.32
2026-03-28	-7.72	-20.27	-25.89	-9.41	18.1	20.65	-11.43	13.87	-6.9	-21.04	-2.05	16.98	19.88	5.75	25.39	2.28	0.01	0	0.03	0.06	3.07	2.36	-0.32	-0.65	-0.74	0.02	0.05	-4.96	-9.91	28.84	0.02	-2.75	-4.94	-7.94	-2.44	-18.95	-12.01	-18.65	-4.81	-4.11	-4.05	-3.95	-4.94	-5.58	-3.55	-7.9	-1.45	-5.33	-4.03	-7.66	-4.81	-6.63	-9.07	-11.16	-8.83	-6.85	-7.57	-7.6	-7.3	-7.92	-7.73	-9.72	-7.76	-6.93	-7.79	-3.49	-2.44	-4.89	-1.88	-4.59	-2.09	-3.45	-10.68	-11.93	-314.25	-7.06	-7.15	0.1	0	0.05	2.07	7.78	7.5	8.16	0.21	-0.51	0.05	-0.09	-11.03	-255.12	-19.56	-5.58	-0.23	-21.63	-29.63	-49.48
2026-03-29	-39.49	-66.3	-22.13	-33.34	-10.97	-16.69	-14.47	-16.52	-10.97	-16.69	-14.47	-16.52	-15.69	-19.13	-9.02	-11.62	-9.93	-4.93	-8.21	-5.18	-4.73	-5.08	-4.75	-5.45	-5.44	-5.2	-8.86	-12.88	-8.64	-8.74	-4.97	-6.83	-11.14	-13.37	-19.82	-19.79	-16.64	-10.38	-18.25	-19.25	-19.89	-22.16	-25.85	-18.95	-20.7	-21.49	-20.69	-13.82	-13.92	-14.55	-20.88	-24.85	-24.35	-24.42	-24.38	-20.67	-13.93	-13.31	-17.5	-20.1	-24.75	-24.71	-20.5	-20.7	-26.18	-27.93	-28.11	-28.65	-48.77	-43.92	-28.4	-20.79	-19.42	-19.57	-16.3	-15.91	-8.93	-10.01	-2.43	-16.95	8.82	-292.47	-17.67	-7.75	11.09	27.12	-9.46	-86.11	-13.73	-0.7	53.9	-22.89	-6.65	4.72	-1.35	-13.27
2026-03-30	25.55	-7.51	-9.85	-11.71	17.68	6.61	-1.22	-12.44	-7.9	5.32	2.1	18.93	8.84	16.05	9.6	23.87	10.28	26.79	22.66	29.27	34.47	1.7	28.96	46.96	30.6	-5.93	-10.32	49.56	23.24	64.7	73.3	82.01	-13.53	102.65	53.96	-6.38	29.38	2.38	1.05	-8.72	-8.97	-7.82	-1.33	-2.85	-10.03	-5.76	-2.98	-4.56	-4.76	-2.58	-2.57	-2.53	-4.42	-4.2	-4.38	-26.63	-5.73	-3.11	-3.87	-3.63	-3.99	-5.86	-5.08	-8.25	-5.91	-7.45	-4.67	-4.43	-3.69	-2.83	-2.85	-4.21	-2.93	-1.89	0.43	-1.84	-1.48	-3.89	-6.09	-6.29	-2.47	25.15	17.9	80.37	109.42	96.42	81.93	88.73	76.88	86.04	77.18	45.82	80.01	84.04	-25.61	-28.37
2026-03-31	72.65	-6.08	-29.34	-34.97	-24.65	-7.11	-9.02	-9.59	24.28	-16.71	-12.11	-5.42	26.82	-8.14	-9.93	-7.39	-5.76	-10.79	-8.63	-11.03	-32.21	-2.95	50.93	-6.11	-92.64	-15.33	-4.08	17.63	34.57	10.66	26.32	100.22	60.29	48.01	-32.05	-25.05	-4.9	-10.45	-3.8	-1.92	-0.89	-1.91	-2.47	-3.28	5.98	-5.4	-4.68	-1.91	-1.82	-1.55	-2.44	-2.59	-3.91	-2.77	-3.29	-3.83	-3.78	-3.63	-3.78	-3.86	-4.89	-4.9	-4.91	-5.36	-4.91	-6.97	-4.98	-3.9	-3.88	-3.95	-3.72	-4.49	-4.95	3.58	3.01	8.64	-2.88	-1.56	-5.5	-2.81	-0.1	-5.25	-13.55	-2.97	1.52	1.43	0.96	-4.94	-4.93	-34.91	16.24	8.57	4.68	33.73	37.4	-3.99
2026-04-01	3.29	22.28	40.02	-2.45	-21.49	-16.12	17.25	-41.62	-11.84	-16.54	-3.77	25.97	30.6	37.59	34.55	-7.68	-5	-8.76	-4.09	-4.95	-4.2	-2.97	-11.8	12.55	7.99	17.33	23.05	29.53	35.38	31.89	84.73	47.55	-9.57	-0.7	31.76	-38.11	-9.93	-3.67	0.72	-0.36	-0.3	-5.58	-5.54	-2.17	-1.76	-0.11	-0.5	-0.36	1.04	1.36	1.07	-4.46	-4.73	-2.87	-3.93	-6.96	-4.93	-1.32	-7.11	-7.58	-6.01	-3.08	-10.51	-6.75	-5.23	-5.84	-6.43	-6.35	-5.15	-3.88	-9.9	-5.71	-4.16	-1.78	-5.57	-5.77	-3.17	-5.41	-18.18	-2.82	3.33	209.29	41.31	-24.21	-21.54	26.86	8.53	5.35	4.73	-0.32	32.79	34.72	84.16	99.23	86	-19.55
2026-04-02	27.81	31.64	-14.26	-16.96	-6.16	-1.44	-4.53	-30.51	-8.61	21.32	-3.5	-10.64	19.54	14.41	32.27	35.01	18.75	17.28	37.57	42.03	10.37	32.34	22.52	22.02	26.19	-11.98	-4.34	38.07	69.58	33.59	31.59	85.39	-41.51	22.65	70.22	26.05	21.71	37.73	-2.3	-5.74	142.97	36.23	-2.71	8.58	2.27	0	-3.66	-13.4	-6.25	-3.86	-2.97	-3.34	-5.01	-4.98	-4.65	-5.63	-4.76	-4.88	-6.58	-4.84	-7.12	-7.84	-7.93	-4.8	-4.89	-4.94	-5.04	-7.66	-6.29	-6.38	-6.36	-3.69	-3.01	-1.76	-1.61	-3.98	-1.33	0.93	0.45	13.23	-152.41	1.48	1.26	12.98	39.8	-9.46	3.77	4.44	0.44	0.26	5.05	36.91	58.22	56.57	-14.11	-37.4
2026-04-03	-21.33	-17.25	82.47	82.29	70.83	77.49	81.84	81.29	77.94	81.33	78.65	68.31	-34.04	-33.71	17.78	23.09	79.87	82.25	82.4	77.61	78.95	-2.69	77.71	71.75	19.43	9.12	10.87	23.91	80.33	70.38	77.23	74.89	83.38	80.77	65.44	30.39	35.26	19.81	2.7	-0.06	17.22	-2.24	-3.07	-3.81	-2.47	-2.46	-3.82	-3.06	-4.79	-4.96	-4.9	-4.87	-6.54	-6.39	-5.64	-5.92	-6.16	-7.67	-6.93	-6.78	-6.63	-8.8	-10.2	-10.09	-6.57	-7.71	-7.54	-9.23	0.76	-1.17	-4.76	-1.71	-1.31	14.22	22.77	28.03	6.26	-2.59	11.66	2.8	-3.61	7.03	77.83	75.26	92.67	102.05	41.84	47.68	34.4	32.07	33.54	43.15	35.1	16.39	23.95	10.35
2026-04-04	-30.31	61.56	68.1	46.41	60.33	59.59	19.55	-0.51	52.8	10.03	-0.43	2.06	35.37	50.13	51.37	29.7	27.15	-1.02	3.97	0.82	4.64	5.65	8.65	-0.65	0.64	4.25	0.58	1.89	12.33	9.53	-10.27	12.32	20.84	4.38	7.93	0.81	1.66	-2.94	-3.26	-3.58	-2.04	-2.5	-2.5	-3.06	-3.24	-4.76	-17.28	-17.36	-19.69	-19.64	-16.51	-16.53	-27.58	-22.38	-26.04	-21.25	-17.67	-19.33	-17.27	-17.51	-16.51	-18.03	-19.31	-16.58	-17.09	-17.89	-15.3	-15.98	-19.25	-17.99	-17.04	-16.76	-16	-25.28	-33.37	-0.81	-13.69	-8.44	2.84	15.5	-9.61	5.55	113.4	86.04	47.72	55.31	37.52	102.86	89.45	28.37	37.12	75.61	79.14	77.62	76.62	9.1
2026-04-05	40.25	31.29	46.54	73.14	48.11	43.91	60.85	56.93	39.41	41.24	5.13	8.32	1.75	1.33	1.78	3.64	55.63	54.44	23.46	18.26	10.24	5.62	14.95	14.79	2.64	-1.01	-4.66	0	0	1	50.12	57.45	56.11	48.8	56.2	6.97	8.12	4.86	-1.01	-2.78	-2.19	-2.55	-2.91	-4.23	-3.51	-3.95	-8.28	-8.57	-5.03	-8.53	-9.14	-11.7	-11.31	-10.26	-11.47	-12.44	-17.55	-19.21	-19.45	-18.42	-21.64	-21.3	-20.47	-20.57	-25.17	-25.66	-21.75	-20.14	-19.88	-7.86	-4.28	-3.59	-3.07	-0.96	-2.35	-3.78	20.71	9.46	5.03	30.62	23.32	65.85	20.12	70.42	28.8	21.06	24.53	21.99	29.35	24.91	13.32	19.73	19.99	21.98	34.23	25.47
2026-04-06	48.81	32.83	35.11	31.02	12.11	7.21	6.92	4.94	9.07	2.36	4.01	3.79	2.04	3.43	3.31	1.5	2.75	1.51	0.19	1.58	4.49	2.16	0.07	2.32	3.34	6.72	6.93	4.09	3.15	0.01	2.63	3.38	5.84	5.34	0.52	-2.13	-0.3	-5.23	-4.8	-6.08	-7.49	-2.83	-4.44	-6.07	-6.37	-8.33	-9.51	-8.08	-10.61	-15.04	-17.77	-18.3	-23.12	-24.97	-23.47	-20.19	-19.9	-28.22	-23.68	-40.84	-31.53	-29.77	-34.99	-24.51	-20.98	-12.54	-12.65	-9.43	-9.33	-9.73	-3.91	-4.09	-1.55	-1.2	0.22	1.75	-12.43	-5.92	-9.97	25.47	26.01	25.18	74.82	36.13	13.97	51.55	43.05	33.24	28.49	8.83	13.23	0.57	26.31	-54.66	-81.66	-33.37
2026-04-07	-0.08	-9.45	-3.91	1.26	3.25	-0.11	0.03	-2.49	0.05	1.95	0.67	0.83	0.72	0.51	1.96	0.14	0.09	0.21	0.22	0.83	0.08	7.38	10.38	14.79	7.32	7.6	36.1	77.87	0.64	6.41	7.85	8.46	63.58	17.67	3.46	0.24	0	81.17	45.01	47.49	10.1	-9.2	-19.17	-12.26	0.4	-5.53	-2.87	15.87	-6.31	-112.78	-5.15	-0.5	0.68	-0.34	-5.89	-4.39	4.4	1.25	0.39	0.57	1.07	3.62	-0.49	0.05	-3.62	-4.3	-2.71	-2.88	-5.56	27.54	63.93	73.67	3.34	80.03	85.86	102.63	61.85	-10.28	11.3	45.3	36.52	104.75	128.27	103.13	24.09	13.61	1.72	24.06	72.36	13.78	5.81	-91.34	22.01	11.59	8.28	11.04
2026-04-08	67.44	38.57	38.81	14.67	44.31	37.6	39.7	28.32	39.49	35.4	14.41	11.12	17.47	15.45	10.99	12.17	25.39	26.12	20.3	20.16	31.49	24.69	22.71	14.43	32.96	39.33	42.66	43.42	51.1	99.59	70.34	107.48	85.87	112.25	55.44	56.58	41.84	30.17	25.65	92.41	112.95	18.92	-5.16	-4.35	27.56	183.19	-8.11	3.21	13.07	115.02	152.02	12.87	1.27	1.44	-1.08	86.59	0.09	-2.19	-0.76	0.65	3.04	-8.01	205.26	24.34	-0.51	2.28	11.1	16.2	2.19	79.43	28.29	-17.61	-4.22	2.66	-0.12	9.61	0.25	0	39.7	66.25	123.69	127.21	133.51	135.82	146.07	135.27	126.31	116.03	122.47	115.49	96.64	113.64	110.43	105.39	106.37	64.38
2026-04-09	120.7	110.3	67.54	51.62	76.59	90.57	102.66	94.34	97.37	95.34	105.83	101.04	101.16	100.7	71.84	56.18	96.04	96.91	94.32	73.28	70.35	74.1	97.69	72.6	68.51	92.85	59.72	87.76	86.35	111.75	92.85	86.17	61.86	43.37	59.41	73.27	30.5	18.39	14.18	0.91	-4.97	-4.91	-0.48	-0.01	-0.1	0.25	-0.88	0.98	12.98	62.39	-0.71	0.28	2.02	0.92	-0.53	-1.16	0.38	-0.43	-0.1	0.12	1.01	7.97	-0.4	-1.76	-0.52	-1.08	-1.04	-1.4	-1.19	-0.99	-0.3	-0.02	-0.81	0.02	0.01	0	75.42	101.85	46.55	83.54	91.49	90	98.12	103.51	117.44	75.54	41.33	50.36	21.91	15.87	32.13	23.72	35.13	21.82	14.56	-28.07
2026-04-10	10.24	34.52	3.84	-44.95	2.32	1.75	11.87	3.27	0.84	0.15	1.35	0.03	0.1	0.05	0.62	0.72	0.74	16.39	14.67	7.17	0.06	37.2	3.19	0.03	5.62	-79.19	22.37	35.31	25.68	41.54	52.05	70.54	34.97	36.52	36.65	16.87	8.71	9.45	0.29	-5.12	-0.46	-0.39	-0.16	-1.74	-0.63	-0.53	-0.35	-0.07	-1.34	-1.14	-0.51	-0.99	-1	0	-0.36	-0.34	5.47	-0.48	-0.65	-1.14	5.29	44.92	34.2	10.9	49.05	69.83	67.71	8.69	0.75	4.43	2.49	120.1	32.71	34.97	90.72	19.26	22.25	93.08	98.92	14.77	86.8	85.28	82.11	102.45	81.94	82.67	67.44	17.59	-6.89	33.07	69.19	65.87	51.44	69.68	81.81	49.1
2026-04-11	19.43	115.29	47.84	25.55	25.25	24.25	19.54	19.41	12.67	3	14.54	8.65	0.48	0.57	13.38	18.3	10.81	14.27	19.14	9.01	1.17	14.56	14.3	29.1	19.27	7.23	30.07	28.21	21.69	18.29	24.66	22.74	32.08	6.77	78.55	50.93	124.96	93.4	137.59	120.01	137.79	10.99	-2.08	110.18	889.84	799.59	372.86	0.33	73.58	16.69	4.35	0.48	10.2	5.97	5.42	4.26	-9.73	-15.88	5.55	0.5	-6.69	-5.4	-1.13	1.29	3.24	5.5	-0.61	-1	0.2	-0.04	8.85	87.88	98.52	92.93	-1.26	92.81	68.53	82.96	70.91	-11.97	-35.05	-5.74	78.38	83.89	18.88	1.17	-16.4	-25.15	8.9	25.03	56.05	11.72	-16	-13.87	-20.59	-4.86
2026-04-12	41.28	-2.13	8.98	20.77	19.67	19.63	56.92	34.51	7.3	4.48	41.71	11.88	67.07	23.5	38.46	41.59	41.18	44.63	34.16	38.68	23.17	5.3	11.74	27.31	35.41	41.04	44.19	49.52	54.75	46.27	7.42	8.26	16.57	22.41	41.94	-9.62	-19.23	-4.57	-6.86	-21.64	-5.18	-0.63	-2.14	-1.75	-0.4	-0.43	-0.07	32.53	-3.54	-4.88	-9.94	-20.84	-6.08	-2.91	-0.02	-0.01	-0.07	-1.02	-0.93	-2.98	-9.5	-17.01	-7.88	-42.32	-9.03	-2.4	-2.12	-2.12	4.04	-0.8	39.28	1.97	2.78	-2.43	-2.87	-11.8	-67.14	-35.98	-0.02	-4.21	-1.02	0.36	0.59	8.04	-16.99	13.29	12.93	10.01	11.85	5.88	2.2	0.38	0.21	1.4	-4.49	-17.29
2026-04-13	3.09	0.11	0.4	-0.64	1.41	1.65	2.36	2.33	3.47	-0.9	-0.02	0.02	1.5	1	-0.02	-0.75	0.22	0.05	8.13	-13.59	-30.26	-25.19	-26.66	-5.8	-36.97	-22.19	-4.24	9.49	0.22	1.59	12.36	16.21	48.54	48.88	-7.07	-29.36	-3.41	-1.85	-1.04	-3.1	-3.12	-1.58	-1.01	-10.75	-21.67	-28.61	-23.67	-21.55	-2.66	-1.94	-5.31	-11.31	-1.44	-1.68	-1.73	-2.25	-1.16	-1	-2.29	-2.75	-2.47	-2.02	-3.1	-3.25	-4.45	-2.93	-2.94	-1.57	-1.64	-2.48	-1.11	-3.06	-4.89	-4.66	-5.81	-9.01	-15.03	-9.9	-5.79	-0.1	0.63	39.4	30.55	50.57	104.52	108.58	66.04	40.29	70.26	19.99	40.54	50.01	28.71	32.92	-96.73	5.21
2026-04-14	23.46	124.25	64.46	23.36	20.04	14.27	15.37	13.9	-8.54	15.79	40.55	20.51	0.54	16.36	62.27	65.79	53.57	65.3	36.44	11.7	29.25	-62.55	3.82	-38.67	19.12	21.45	31.67	39.73	90.69	109.01	72.19	62.06	95.9	44.51	37.27	38.21	0.52	-0.64	-0.22	-4.21	-3.57	-3.48	-2.95	-2.51	-77.69	-19.98	-2.45	-2.48	2.95	4.46	-0.34	1.65	-1.24	3.61	1.39	2.02	1.43	-0.35	-0.12	-0.06	0.23	-0.5	-0.01	-0.58	0.67	28.07	17.32	9.21	0	-1.23	0	0.35	-1.47	-2.39	0.02	0.1	-3.49	-13	14.26	14.19	31.29	30.19	108.38	61.37	64.26	69.83	64	109.14	108.61	14.51	40.66	45.89	62.88	42.22	30.79	53.27
2026-04-15	67.26	109.25	80.9	39.08	36.49	50.82	52.13	58.72	101.91	93.33	35.71	51.94	101	88.26	80.44	37.5	49.11	37.32	44.93	32.37	107.82	90.11	37.87	61.29	78.62	105.11	76.42	86.84	97.34	74.89	106.08	97.51	98.01	62.16	44.46	28.45	-2.04	-4.62	-9.45	-5.04	-4.36	-2.84	-3.26	-4.99	-1.58	-1.69	-1.66	-1.98	-1.62	-2.43	-1.58	-2.24	-2.49	-2.44	-2.57	-2.55	-1.69	-1.78	-1.7	-2.37	-2.15	-2.32	-2.43	-3.93	-2.2	-2.15	-1.68	-1.34	-2.89	-2.47	-0.72	-0.77	-1.33	0.01	-4	-4.37	-2.47	0.31	6.74	45.46	49.68	50	107.27	105.79	110.54	104.43	94.42	83.51	85.18	63.42	54.3	74.33	96.64	98.62	72.77	56.23
2026-04-16	86.02	115.47	113.08	98.84	127.5	103.58	101.92	103.72	82.23	86.34	103.62	104.01	104.77	97.31	75.56	75.87	81.54	93.51	92.82	88.04	86.95	74.95	91.59	44.87	101.41	104.77	104.37	73.32	69.88	115.53	94.17	20.58	58.23	94.44	53.45	44.65	40.37	36.33	-4.28	-30.74	-16.9	-23.55	-17.38	-14.28	-1.58	-4.44	-38.07	-91.49	-16.09	-16.18	-16.5	-2.96	-0.6	-1.38	0.01	-0.97	-0.98	-1.11	-1.4	-3.6	-1.3	-0.99	-0.98	-1.85	0.01	4.13	1	-0.11	-0.89	1.85	1.04	0.17	-0.88	17.26	-0.91	46.6	11.31	85.93	109.57	101.57	47.12	45.33	84.9	107.85	56.51	111.31	83.76	57.36	65.52	76.05	73.23	66.61	88.97	92.24	89.9	74.47
2026-04-17	78.19	105.1	85.04	74.16	103.91	106.52	106.38	81.8	112.71	89.52	81.03	64.69	83.64	79.12	74.15	77.5	68.96	88.68	82.73	101.67	50.59	92.09	90.17	81.25	73.55	80.1	63.28	68.7	71.77	88	84.11	75.38	86.67	105.64	51.94	45.07	50.92	29.27	9.39	-5.82	-3.79	-11.53	-5.17	-1.99	-1.79	0.11	-0.05	-0.93	-0.22	-3.1	-4.18	-1.49	-0.62	-0.99	-0.99	-1.19	-0.34	0.01	2.3	0.81	-3.11	2.48	1.41	0.33	0.39	0.35	5.86	14.67	14.77	16.99	0.7	-5.48	3.14	5.86	-0.39	5.55	30.99	96.3	102.89	58.37	74.18	60.63	85.58	103.93	107.71	104.9	82.21	89.01	104.55	104.28	107.29	83.25	79.22	81.74	103.6	82.32
2026-04-18	52.53	69.32	94.23	82.63	114.08	77.21	68.59	68.62	87.5	61.54	67.91	74.4	100.4	67.78	60.58	41.97	41.94	46.94	50.46	59.04	118.52	101.99	102.01	99.99	62.12	50.06	55.71	59.07	98.13	83.36	72.91	55.89	54.84	50.03	32.57	9.61	-4.14	-5.49	-8.68	-5.71	-4.06	-3.18	-4.12	-5.1	-2.6	-1.29	-2.42	-18.79	-21.66	-17.98	-17.91	-53.21	-56.24	-18.31	-18.08	-16.97	-17.19	-15.59	-17.7	-16.16	-14.99	-10.36	-11.16	-0.02	-3.33	-4.1	-2.35	-4.08	0.46	-0.52	-2.88	-2.71	-1.71	2.82	7.78	3.82	-6.98	18.32	90.84	43.84	43.09	63.2	71.91	68.49	60.57	101.35	39.36	31.85	48.23	13.16	42.63	2	0	38.16	40.27	36.59
2026-04-19	4.98	1.73	103.92	-28.77	21.5	36.13	32.45	8.55	10.05	7.59	2.4	10.38	32.43	34.11	21.16	8.54	8.94	2.79	-1	-0.91	-0.16	8.2	7.52	0.89	0.2	17.48	17	39.71	1.31	-0.87	3.42	-5.37	-6.3	-47.52	-30	-1.39	-5.88	-55.4	-61.27	-16.51	-7.39	-2.5	-0.23	-1.89	5.04	5.74	-3.96	-3.34	-3.17	-4.81	-9.72	-11.23	-8.54	-14.52	-18.5	-17.38	-19.45	-15.99	-17	-19.87	-20.86	-19.6	-19.31	-19.33	-19.56	-10.3	-8.84	-5.94	-8.75	-5.43	-2.81	5.22	-2.84	-5.16	-1.08	-3.53	70.14	2.89	31.02	15.55	15.67	39.88	77.62	75.4	95.74	97.98	73.64	37.5	56.61	57.27	91.68	94.86	94.4	51.93	63.77	57.9
2026-04-20	94.28	71.29	45.67	31.75	62.81	46.83	59.07	36.54	20.08	66.45	65.22	63.37	69.89	45.04	39.49	47.23	54.95	54.26	34.55	28.71	55.94	67.58	70.08	64.75	69.85	70.78	89.67	92.96	98.01	69.79	46.74	33.41	66.38	71.22	29.11	-94.86	-29.33	-6.04	-13.86	-15.71	-16.44	-14.19	-12.87	-15.36	-16.47	-7.42	-2.95	-1.01	-2.97	-2.52	-1.03	-1.85	-2.42	-0.99	-0.99	-0.99	-0.24	2.08	1.42	3.72	-0.63	-0.99	-0.66	-0.6	-4.51	-3.99	34.75	4.51	2.1	11.42	46.48	1.36	-9.27	-18.73	-2.84	-10.91	100.6	95.73	105.12	106.69	102.42	123.66	114.61	110.01	111.77	114.67	54.41	53.81	61.46	60.33	102.96	103.34	104.92	42.06	31.37	38.24
2026-04-21	35.9	53.97	44.32	87.21	52.55	42.45	43.29	42.48	11.92	22.22	13.68	8.25	6.27	8.92	10.66	8.29	9.16	6.52	15.46	34.8	31.81	36.6	32.26	31.9	1.94	0	38.98	42.99	40.69	71.91	69.69	40.95	46.66	39.11	31.36	5.36	1.46	-4.21	-1.81	-1.7	-70.27	-17.56	-1.59	-1.33	-1.03	-2.69	-2.62	-2.22	-1.01	-0.99	-0.8	-0.51	9.98	29.97	73.49	8.56	32.49	6.87	-0.26	2.71	120.69	4.55	-7.79	-6.09	-5.57	-2.78	-4.6	91.25	-6.91	92.23	-4.97	-6.9	-13.57	-5.38	-22.46	-378.35	-0.56	5.18	21.99	89.16	29.13	41.37	126.89	100.16	128.1	105.58	42.59	18	36.6	47.2	32.62	27.56	37.36	102.7	104.94	19.5
2026-04-22	58.97	71.68	72.44	40.73	42.37	103.88	36.34	39.37	55.5	26.08	33.71	42.08	38.26	29.09	28.68	8.84	4.11	6.19	3.26	10.2	39.89	2.7	48.32	45.31	58.31	71.45	46.77	51.01	72.17	59.24	46.43	53.72	64.77	40.49	51.29	48.54	10.74	5.65	4.98	0.4	6.96	-1.81	-1.97	-0.01	-0.08	-1.8	-0.51	-0.51	-2.01	-2	-0.01	35.17	19.32	-4.9	-5.57	-3.2	-1.7	-0.93	-0.82	12.89	6.07	-0.72	-1.1	-2.67	-3.63	-3.13	2.04	0.93	-0.1	0.03	-0.01	0.09	-0.02	-0.01	32.69	138.12	11.1	41.49	114.02	122.18	60.07	64.85	107.8	57.48	63.09	67.17	50.12	27	49.75	45.62	45.74	48.74	49.55	38.93	48.54	40.37
2026-04-23	41.85	38.38	43.75	44.35	39.99	39.99	45.47	41.12	48.82	40.8	39.52	38.37	10.49	10	36.02	40.2	55	60.32	44.98	45	67.24	61.64	80.83	50.65	53.24	58.24	43.57	40.24	40.46	40.59	47.54	19.41	53.52	1.32	2.43	3.51	5.26	-1.6	-2.38	-1.78	-0.39	-5.9	-2.71	-1.07	0.09	-0.11	0.45	2.67	3.08	0.52	-0.49	-0.25	0.96	3.54	0.76	-1.4	-3.13	-1.82	-1.11	-60.65	-3.94	-0.56	-0.85	-1.07	-1.98	-1.74	-1.11	-0.67	-14.03	-215.13	-264.72	-47.36	-1.2	-0.05	-19.25	2.07	-0.14	0	10.63	97.96	188.19	50.05	76.32	43.34	95.9	118.14	113.1	35.05	37.43	78.86	82.52	44.81	46	48.78	42.47	46.73
2026-04-24	105.98	98.51	106.28	99.91	50.78	72.68	78.65	100.45	105.87	102.99	102.8	103.03	102.87	101.76	100.63	108.42	109.21	109.15	106.51	104.82	109.4	38.99	40.52	76.18	195.28	117.02	31.92	113.92	106.87	104.96	106.32	105.86	22.88	73.57	115.79	102.88	111.95	82.21	34.87	17.55	24.84	16.7	50.56	14.83	5.54	-0.08	17.66	20.78	1.69	7.3	9.52	5.83	7.55	-1.48	-1.06	0.09	-0.56	-0.11	1	-0.71	0.49	0.31	-0.03	-0.5	-0.01	20.03	20.79	43.77	73.44	94.18	41.4	23.09	2.8	0.04	0.01	37.65	24.39	40.33	85.9	17.21	52.55	44.98	151.53	114.1	113.93	118.67	69.59	58.07	107.08	110.38	114.81	104.86	121.97	72.7	32.43	82.64
2026-04-25	59.45	73.39	71.41	87.99	54.27	97.07	72.96	92.96	89.93	108.95	66.92	66.27	52.33	80.27	59.87	61.13	111.85	112.65	111.53	111.52	115.15	94.83	108.61	87.28	66.81	106.24	109.38	100.81	106.16	65.6	65.39	37.76	59.9	0	60.1	47.48	126.36	26.76	0.74	-2.48	6.12	-27.63	-37.23	-2.63	-2.66	-13.42	-3	-8.01	-0.93	-1.31	-0.07	-1	-0.99	-0.93	-4.86	-0.59	1.03	0.18	-0.94	1.8	11.97	5.49	-3.49	4.04	-0.03	-7.01	-0.39	-0.94	2.32	2.03	-0.32	-22.63	-10.74	0.46	4.68	3.88	1.78	21.39	2.4	35.98	68.37	129.79	74.1	75.68	65.81	110.66	114.35	114.67	114.77	115.47	114.16	113.79	110.39	110.46	108.66	103.6
2026-04-26	101.28	109.5	77.22	60.04	40.47	54.63	56.03	16.28	15.54	42.42	34.68	14.02	30.62	51.39	32.4	24.4	33.61	89.75	58.23	42.02	97.62	42.76	68	62.26	63.07	58.09	45.95	51.94	72.65	50.01	56.91	46.91	52.46	37.04	2.27	-0.15	-5.58	-24.47	-5.44	-4.9	-1.57	-18.2	-8.87	-5.98	-12.56	-13.63	-23.35	-9.96	-9.4	-9.64	-10.29	-9.73	-10.51	-10.6	-7.97	-7.8	-7.95	-7.91	-6.86	-5.04	-7.51	-8.81	-5.19	-9.46	-9.53	-11.45	-7.77	-4.43	-3.52	-7.7	-2.75	-0.21	4.63	-2.87	-6.79	-8.95	0.4	-2.33	-3.52	98.13	84.68	37.75	69.08	162.56	88.36	119.46	76.18	61.65	75.04	83.79	108.74	69.19	59.7	52.07	75.32	65.13
2026-04-27	103.56	54.36	66.77	50.08	93.83	93.5	116.93	71.94	68.1	61.92	66.09	45.78	94.35	82.04	91.8	101.33	100.99	85.09	67.07	78.36	73.46	60.13	63.17	66.72	71.68	55.94	70.61	86.09	84.25	70.96	55.87	53.96	74.45	56.89	29.98	-6.41	30.75	5.96	0.22	0	-2.07	-1.98	-1.1	-0.01	7.38	-5.93	-4.76	-0.89	-5.25	-5.12	-2.78	-2.89	13.89	16.29	4.62	3.33	26.9	3.83	12	6.52	-1.01	-2.4	-4.81	-3.82	-0.49	-1.08	-3.15	-0.49	15.71	81.22	-5.42	6.91	1.62	82.88	4.46	-6.62	5.47	32.41	22.77	84.14	35.02	52.2	70.84	63.51	55.6	61.31	59.85	59.15	55.03	60.62	14.16	36.05	42.32	104.03	48.78	61.32
2026-04-28	24.8	56.89	62.31	37.46	65.78	2.55	0.36	3.43	63.7	50	178.24	100.19	100.03	99.57	66.95	98.83	99.32	100.46	100.37	44.81	99.26	100.56	34.16	13.88	40.9	54.09	60.13	54.47	59.52	48.2	47.82	42.45	52.27	44.87	45.01	0	0	15.09	1.46	-14.21	-12.87	-2.36	-0.33	-0.5	0.86	1.14	3.03	-3.77	-0.49	-1.12	-1.48	-1.28	-2.69	-2.97	-2.99	-1.98	0.02	-0.87	-0.31	-0.99	0.35	-0.2	-1.43	0.8	0.66	0.04	85.47	1.14	-4.31	-6.84	6.43	5.93	3.62	48.35	103.15	110.77	31.39	29.7	64.21	110.08	106.8	113.47	66.98	115.23	118.04	63.68	116.34	117.08	30.4	60.55	82.09	69.57	133.1	165.64	81.5	69.09
2026-04-29	118.48	86.73	66.04	58.8	56.37	67.44	59.91	59.64	85.82	64.34	29.32	70.1	84.21	103.92	106.85	104.07	108.57	106.94	105.37	108.05	110.77	68.89	74.71	70.46	108.51	74.3	65.82	50.13	106.54	50.04	90.94	67.1	49.77	86.1	90.38	91.21	107.53	36.65	68.28	108.24	154.41	161.19	128.81	37.5	120.96	138.8	22.91	17.48	88.42	4.96	19.46	30.52	36.9	-1.58	-23.61	-15.04	-3.78	0.02	1.18	14.11	17.21	120.61	6.16	5.72	5.09	-3.71	-8.6	-3.84	-1.76	0.1	48.94	37.04	135.67	4.77	4.29	-1.3	71.07	111.14	22.06	81.24	55.59	63.02	91.52	117.23	113.87	113.34	112.93	112.57	116.62	110.8	143.11	71.03	113.46	112.92	110.56	88.37
2026-04-30	132.2	129.22	27.48	63.17	125.35	51.77	121.01	127.44	128.18	135.74	130.08	129.25	129.02	127.59	128.35	129.07	129.38	73.48	73.42	63.5	62.63	119.41	125.42	60.38	106.94	126.06	115.93	115.01	82.47	133.76	129.56	122.84	122.96	101.47	95.63	105.83	110.55	31.87	3.13	-3.66	1.62	-5.35	-5.35	-3.73	10.32	5	95.68	111.75	117.06	4.91	-1.77	121.72	12.48	11.97	2.55	-1.43	0.24	11.43	15.48	8.95	-0.42	77.96	30.86	111.63	-0.17	-7.25	-4.28	-2.64	-1.24	-1.88	-0.13	0.16	13.14	0.08	11.11	-0.95	-6.2	38.85	17.27	50.03	54.16	55.5	73.27	78.96	124.49	143.09	78.92	-25.06	72.6	70.41	81.36	68.37	77.1	79.61	87.69	79.68
2026-05-01	110.41	62.99	55.67	108.41	123.09	100.49	99.68	89.83	76.86	123.95	106.94	62.2	41.52	2.36	0.27	61.62	102.91	88.83	92.73	74.66	110.17	94.34	91.38	68.05	110.87	59.99	93.86	74.93	110.15	113.83	76.84	92.66	55.79	13.43	14.41	3.62	-2.24	-3.87	-5.75	-7.21	-8.5	0.74	4.28	0.6	-1.72	-6.9	-2.07	-2.75	3.53	1.74	-0.67	-0.5	-0.71	-0.81	-1.41	3.88	4.08	1.49	-2.86	-3.27	-5.71	-3.69	-2.5	-3.92	-5.35	-3.74	-4.97	-3.89	-5.25	-9.31	-0.28	-7.77	-1.02	-1.92	-9.05	0.18	1.03	0.52	0.28	1.14	3.42	69.97	23.24	52.09	63.84	61.34	89.99	70.96	82.5	65.44	59.99	55.81	85.97	53.35	76.38	55.98
2026-05-02	58.9	48.54	1.76	2.17	50.59	51.25	43.86	42.64	24.27	21.83	3.51	38.22	20.72	0.02	54.04	10.31	26.05	90.36	88.27	73.4	75.8	22.5	23.65	42.35	21.17	25.77	55.04	52.72	21.61	28.6	23.31	4.89	49.95	43.53	36.47	62.36	117.66	114.17	42.02	4.75	50.19	103.96	106.49	102.83	-1.27	-1.5	-0.48	-0.01	-4.56	-2.98	-0.04	-1.66	-0.06	-0.5	0.44	-0.78	-1.69	-1.75	-4.81	-9.58	-12.39	-4.69	0.02	-2.12	-8.38	-12.53	-1.36	3.65	-3.67	-2.03	0.08	0.07	0.37	1.02	6.04	14.33	-5.59	24.33	36.48	94.58	92.27	43.11	87.18	115.51	188.5	131.12	57.36	47.89	120.8	114.68	115.58	39.62	67	55.07	129.64	116.78
2026-05-03	122.85	46.58	43.12	99.37	115.63	111.05	108.47	99.77	104.38	54.06	56.59	102.62	97.2	45.92	94.76	93.72	70	95.13	93.62	56.15	109.96	114.44	116.97	73.62	69.78	82.41	81.56	76.37	103.55	93.99	76.02	81.69	96.13	100.42	95.63	109.42	107.71	116.44	15.99	96.76	102.79	99.14	7.85	128.51	5.97	24.18	6.42	2.54	4.01	-0.91	5.63	283.65	99.17	14.16	5.25	17.45	4.7	-8.14	1.33	6.36	4.86	3.48	-0.29	6.66	0.87	15.83	-0.54	-7.82	3.1	4.22	-0.99	0.39	-6.32	-18	96.89	-2.94	-5.01	28.71	-28.86	-25.03	39.35	61.83	61.17	75.54	59.65	69.18	92.24	81.9	87.45	84.47	88.51	87.09	90.92	98.17	96.38	89.47
2026-05-04	71.2	78.44	51.75	77.97	137.22	91.44	81.53	91.74	126.71	76.71	78.01	84.62	72.18	55.14	55.03	78.84	75.61	72.98	73.22	67.83	7.19	70.35	89.26	71.81	81.66	76.19	86.38	102.27	106.03	87.64	96.49	85.71	81.89	131.43	168.8	129.89	114.13	126.79	117.66	0.4	2.1	133.26	127.29	121.15	-4.96	123.89	111.31	119.65	120.89	114.39	144.39	2.69	197.2	-1.37	-7.05	6.17	-36.48	-43.51	-121.05	-164.26	-7.78	-8.94	-94.22	-3.29	-0.95	363	177.37	4.03	-27.04	-49.23	-0.22	138.48	99.8	5.68	97.56	125.93	101.43	98.63	32.98	17.55	55.45	80.56	78.03	65.69	87.41	117.41	113.61	71.56	93.02	89.17	69.72	69.83	63.94	64.89	65.57	68.31
2026-05-05	66.32	65.29	60.11	63.89	60.9	63.3	61.78	62.43	69.99	93.42	103.24	84.94	53.29	53.45	110.66	84.65	118.34	88.68	70.4	69.95	111.02	57.01	75.74	70.59	94.56	83.4	77.64	87.28	102.3	106.66	122.19	132.54	113.29	135	153.33	109.78	122.48	-6.25	-10.46	-14.74	-8.39	-6.5	-2.2	-2.04	-0.85	-1.83	-1.53	-0.73	-0.8	4.99	-6.5	-1.28	-3.74	-2.47	-0.16	-0.93	1.52	2.83	1.59	0.17	-1.59	-2	-0.83	-1.26	-0.94	-1	-0.5	-0.01	2.26	1.95	1.73	0.41	31.81	-3.12	-4.67	-1.04	-24.53	48.91	60	91.34	61.05	49.09	68.3	100.03	87.31	104.35	89.19	67.16	66.48	82.31	88.21	59.65	63.43	52.91	70.85	80.2
2026-05-06	89.13	95.04	98.98	106.06	100.15	99.58	95.29	77.04	105.57	116.24	104.41	109.7	108.17	99.26	103.32	86.75	103.28	99.75	99.23	88.04	73.58	58.69	63.56	63.29	76.12	68.65	62.77	78.99	98.94	100.92	75.49	78.58	71.59	57.04	4.8	0.2	-1.96	-4.92	0.39	-10.84	-7.64	-1.33	-0.67	-5.24	-9.1	-0.62	0.62	-19.84	-3.08	-3.69	-1.98	-0.5	0.51	-316.89	2.15	-332.99	0.35	-4.51	-10.18	-10.32	-0.93	-0.57	0.11	-0.77	-3.51	-3.12	-1.89	-2.19	-1.25	-2.96	-2.45	-6.16	-6.76	-2.54	0.61	-9.72	-21.09	-14.63	-9.55	1.96	22.6	55.25	139.57	121.04	118.4	123.22	90.34	89.96	95.48	83.04	77.82	69.93	79.52	71.07	66.23	60.92
2026-05-07	60.86	60.22	60.47	75.44	66.49	75.81	60.8	90.13	70.07	80.49	79.62	71.44	95.2	95.82	84.21	66.21	89.66	81.68	85.8	87.61	89.15	71.32	68.61	75.69	71.98	77.38	86.33	81.73	121.11	144.13	127.97	130.53	91.06	94.32	57.46	56.94	39.27	58.54	-7.98	-3.63	5.41	0.12	28.09	3.24	-14.2	32.62	14.03	11.83	-0.71	-0.26	0.52	-0.5	0	57.21	60.77	14.7	-19.67	-1.27	5.86	-5.78	100.9	98.13	1.66	-6.37	-7.76	-3.78	6.28	-16.84	-5.99	0.21	46.95	98.65	95.73	100.31	28.82	-138.23	-102.07	-4.58	-4.48	0	0.01	-414.79	75.18	114.91	135.59	148.35	128.8	71.37	113.75	100.99	100.11	85.35	103.78	92.94	89.07	94.82
2026-05-08	88.04	82.59	64.23	50.73	57.61	55.95	54.58	49.27	48.8	45.27	45.46	39.61	52.96	56.43	57.25	67.46	59.59	60.84	72.45	77.75	83.42	60.68	69.78	101.46	91.04	111.76	100.97	87.63	88.5	82.42	88.75	56.98	99.16	103.35	46.55	-7.14	-37.29	106.58	27.55	101.24	105.89	99.67	106.24	103.01	112.39	129.39	104.67	0.77	21.59	10.33	0.43	1.69	18.66	9.2	-3.82	-11.49	-9.68	-0.02	0.86	-4.71	-4.23	-1.12	0.27	1.04	0.14	-0.5	-0.62	-0.39	0.17	-1.63	0.26	1.12	1.07	17.28	16.44	-2.65	96.77	50.9	85.98	104.22	98.59	68.07	57.21	97.94	80.99	117.35	123.88	101	72.46	71.08	98.09	78.74	100.77	56.61	79.37	88.83
2026-05-09	73.5	66.46	49.13	67.97	87.62	76.05	44.51	-5.37	1.74	6.99	7.86	11.84	10.62	3.22	11.41	6.87	9.34	10.68	34.41	16.87	29.77	34.29	0.5	14.27	0.07	14.88	16.95	66.62	42.53	49.11	38.12	41.66	1.61	60.04	8.59	4.09	32.66	103.12	111.45	104.4	99.17	16.05	92.21	-8.25	1.22	-8.22	0.78	0.24	78.59	76.47	90.18	-10.62	-9	7.01	84.72	64.23	-0.16	-7.39	-14.13	-71.89	-591.08	-206.82	-4.27	-4.12	-3.87	-11.95	-9.48	-2.56	-2.99	-1.45	-1.23	0.11	0.43	0.03	-5.88	-5.49	3.27	3.41	0.91	4.01	25.57	46.39	15.59	18.96	228.55	119.84	130.87	134.08	123.84	14.96	8.44	-12.5	30.7	60.88	97	90.69
2026-05-10	25.89	38.08	27.06	-6.4	83.82	90.95	113.99	65.67	24.71	24.48	2.08	37.93	13.81	3.85	-4.56	86.27	-7.57	-30.24	-1.78	86.12	75.74	10.72	17.27	75.48	24.99	-2.09	-15.37	-29.32	-0.52	12.21	12.45	2.17	9.34	1.74	0.61	-1.04	0.04	1.19	-8.02	-8.57	-5.8	-4.56	-0.3	3.69	2.2	-9.73	-8.42	-8.08	2.62	37.97	0.71	25.3	34.62	75.6	70.71	12	10.27	0.14	-7.49	-6.49	29.92	47.59	-1.15	-3.4	5.62	-1.69	-1.46	-0.27	-0.39	4.49	46.34	33.96	6.83	21.8	-10.94	-20.5	8.89	12.36	-0.74	12.85	6.81	-4.65	133.01	169.4	262.3	265.26	264.37	235.81	128	122	108.41	118.47	156.32	107.46	101.68	91.29
2026-05-11	114.62	58.34	76.69	80.06	53.93	52.31	67.93	35.41	25.23	19.66	23.63	31.17	44.45	52.39	32.27	35.23	90.13	67.89	65.29	63.84	68.38	66.2	87.16	42.99	29.58	101.55	104.92	65.24	41.84	108.01	84.15	104.23	107.65	106.94	105.04	104.48	4.11	-18.84	-14.3	1.34	-1.55	-1.56	-4.64	-0.83	-0.05	0.02	2.77	9.67	-0.01	-3.05	-0.73	0.02	-0.42	-0.5	-1.2	-1.61	-1.72	-1.78	0.16	-6.19	-1.53	2.17	1.08	0.55	1.34	-0.81	4.22	-4.64	-51.3	0.34	-0.54	-1.56	-3.18	-4	-2.35	-7.33	-5.78	0	4.69	43.7	43.46	33.39	39.01	69.78	90.38	83.03	129.49	97.78	61.34	92.12	92.52	81.89	65.56	70.99	76.18	69.6
2026-05-12	93.68	120.41	92.04	90.53	117.88	91.88	75.4	87.06	51.04	71.96	80.29	71.17	83.45	75.29	86.66	84.6	54.42	79.3	105.44	57.28	58.77	81.57	50.28	37.4	66.19	44.96	52.33	77.4	93.39	93.22	75.25	70.31	56.71	63.24	61.44	45.42	51.23	26.97	30.83	-3.25	-1.14	-108.98	-110	136.41	10.38	3.09	56.33	0.66	48.07	11.1	19.33	-1.51	-8.77	-0.32	9.59	-2.86	-6.39	-4.36	0.94	-1.93	-1.04	-0.49	33.58	-17.51	-7.22	27.1	15.35	-0.15	-15.19	-0.98	7.22	6.61	15.81	0.66	-4.65	-0.93	-8.79	-13.43	-1.98	31	43.62	122.61	113.15	118.97	86.48	153.11	164.72	112.12	78.89	68.05	68.45	51.2	42.51	33.56	61.48	59.47
2026-05-13	114.5	121.72	35.5	60.28	109.83	110.14	112.84	2.43	21.86	58.24	35.14	21.34	39.11	25.68	48.51	77.61	36.7	6.77	106.44	106.26	63.56	39.14	54.47	49.16	5.53	47.44	59.96	54.32	48.71	47.08	36.97	71.88	122.02	130.87	117.7	83.56	94.92	6.31	-4.41	0.02	11.95	-1.4	4.21	-1.16	-4.55	-2.5	-3.65	47.86	-0.44	6.85	3.14	-2.79	-0.32	1.84	-1.25	20.44	7.7	5.6	30.15	5.37	2.87	3.28	-4.41	-2.48	-11.8	-5.38	-2.33	4.16	21.84	-0.59	11.38	-1.43	-17.18	-69.74	-9.67	-0.79	14.1	10.66	15.93	70.8	132.13	139.37	137.34	133.43	136.26	135.12	148.77	54.27	82.81	118.58	118.67	31.55	14.27	51.41	44.59	57.27
2026-05-14	57.56	31.8	15.8	37.48	39.62	53.34	52.92	40.9	49.34	39.53	48.33	43.4	0.67	8.8	21.33	28.29	35.19	28.15	22.41	22.69	32	32.08	72.85	54.26	33.05	59.11	63.29	52.22	25.64	8.13	109.76	109.76	106.76	111.6	28.27	-1.45	-2.69	-2.42	-1.33	-1.56	-4.98	-9.84	-22.8	-3.21	-5.47	-5.58	-90.22	-105.71	-105.4	17.81	-107.81	-0.59	-0.54	17.72	9.44	-1.09	-11.45	-14.56	-8.94	-1.85	-21.65	-26.59	-57.85	-1.65	-0.96	-1.04	-0.3	-5.8	-1.26	-1.75	9.35	3.59	-4.32	-10.83	0.64	-0.5	-2.47	-4.88	-4.99	35.64	74.95	105.4	29.97	47.67	53.99	106.49	90.44	56.97	58.9	47.56	41.7	72.82	61.91	57.07	42.99	34.98
2026-05-15	45.33	50.31	47.65	30.55	44.03	20.14	44.74	33.98	58.44	40.23	36.89	6.49	12.99	18.48	3.29	-3.59	11.36	11.45	6.94	7.54	37.31	40.74	19.87	29.61	33.22	10.14	6.64	23.28	41.29	43.82	8.14	6.05	8.25	0.66	-1.43	-6.06	-0.07	-0.16	0	-2.06	-0.21	-0.2	-0.25	-102.58	23.12	-0.75	0.17	0.15	-8.62	-13.15	-2.51	-0.27	-0.3	-79.26	-0.69	0.01	0.78	-0.01	-251.62	-45.43	-8.1	-10.68	-0.81	-8.48	-3.49	-4.79	-0.69	-2.12	-9.4	-2.03	-0.97	3.21	-3.3	-1.49	-4.69	-13.93	-0.2	0.28	0.15	-2.74	-8.45	19.98	44	105.68	34.12	98.41	111.06	90.42	104.09	89.62	111.8	39.48	59.44	118.66	113.72	32.47
2026-05-16	89.57	116.36	109.67	101.13	110.89	99.92	116.95	80.03	114.48	97.71	84.75	25.38	56	55.61	45.92	44.91	58.22	38.28	49.16	55.27	13.78	58.75	65.83	59.71	49.4	57.81	48.91	33.57	47.38	56.49	13.81	15.54	34.37	-4.71	-23.69	-31.76	-4.91	-2.7	-2.17	-0.55	-5.1	-15.77	-9.14	3.85	-0.95	-0.78	-1.4	-1.94	-0.71	-2.44	-3.58	-2.13	-1.7	0.11	-1.04	-1.54	-0.53	-1.65	-1.95	-0.78	-1.17	-2.16	-2.07	-2.22	-2.37	-2.1	-2.18	-2.12	-2.64	-0.95	-1.26	-0.76	-1.24	-6.33	11.51	4.63	9.94	3.24	-13.92	19.66	89.59	9.37	109.79	113.87	92.34	109.98	112.25	75.71	75.67	63.48	76.22	80.69	77.44	69.7	74.68	42.69
2026-05-17	62.34	97.69	29.94	89.37	101.78	79.45	45.72	92.52	100.57	98.56	97.34	59.67	76.46	92.27	74.23	75.06	90.56	92.89	94.65	93.8	78.95	90.59	87.84	94.35	61.03	31.22	53.69	57.97	66.4	46.47	19.62	1.83	-7.66	-23.89	-17.28	-16.4	-41.06	-31.88	-12.53	-3.25	-2.95	-3.67	-6.74	-3.99	-10.31	-12.8	-8.78	-5.56	-3.63	-3.43	-2.67	-1.69	-1.97	-0.99	-3	-0.48	-1.53	-1	-1.07	-0.52	0.41	2.7	16.68	8.84	-1.22	11.64	15.57	64.87	6.72	-2.89	6.44	2.87	-1.08	80.52	-8.27	-23.9	-3.57	-20.44	-27.67	11.27	-9.78	0.06	73.51	75.97	69.63	64.52	76.5	100.24	85.22	68.42	84.23	89.46	68.63	69.8	68.28	59.28
2026-05-18	57.19	77.71	89.58	82.37	72	66.98	84.53	20.46	30.23	42.78	37.76	40.94	55.06	46.85	24.91	55.62	37.63	35.48	26.66	28.95	32.45	20.03	73.43	80.5	73.09	74.24	54.54	77.4	95.83	102.22	110.05	103.44	64.88	71.3	63.63	-5.74	-2.58	0.02	6.3	-2.28	17.47	19.26	9.06	-333.87	1.3	-129.43	0.82	0.81	0.5	0.54	-0.09	-0.01	-0.28	-0.01	-1.2	-1.94	0	-0.01	-100.98	0.32	1.07	-0.58	-2.34	-23.57	-3.11	0.25	13.63	2.64	-5.31	-1.03	103.52	129.44	0.2	82.36	49.24	111.29	-10.12	123.42	122.49	138.74	112.88	114.3	69.02	117.02	87.49	94.25	127.91	73.99	56.14	42.74	85.07	81.03	124.47	110.09	78.81	97.86
2026-05-19	83.91	125.34	104.71	83.55	110.9	110.89	109.62	25.52	108.86	106.77	104.24	39.32	121.83	135.93	127.61	122.48	94.18	87.04	78.31	91.66	19.51	25.38	45.33	55.92	40.33	110.78	112.54	88.72	124.5	106.55	46.42	33.5	2.19	-0.23	3.49	-1.18	-0.21	-3.33	-9.49	-4.27	-2.48	-0.53	-2.75	-115.65	-2.58	-4.33	-1.3	-1.99	-2	-88.95	-1.97	-1.89	-147.09	-2.99	-3.17	-2.7	-2.4	-2.03	-2.27	-2.48	-4.68	-6.65	-9.72	-6.63	-8.43	-1.74	-2.23	-1.77	-2.94	-2.97	-0.98	2.69	-1.17	-0.48	-3.15	-5.42	-0.92	0.71	4.38	34.57	14.31	26.58	153.19	76.87	67.04	124.85	123.12	126.29	151.35	139.02	121.02	96.59	105	68.75	91.26	65.95
2026-05-20	82.91	105.65	78.55	80.33	132.85	121.81	111.44	97.88	116.78	95.54	109.05	68.71	48.44	90.72	33.95	55.19	65.49	68.13	34.25	52.05	88.77	74.46	81.59	87.3	100.03	90.01	103.41	87.26	105.18	111.75	101.75	63.77	70.71	44.82	21.53	0.94	3.14	-3.37	-4.11	-0.58	-0.47	2.06	-0.55	-0.39	-0.93	0.97	-4.12	-0.62	-1	0.03	-1.37	-0.02	-0.01	0.01	1.02	-0.21	-0.16	-0.01	-1.05	-2.43	-72.53	-0.42	-0.47	-0.13	0	0.18	-0.04	1.4	-0.41	-11.89	-3.11	-1.69	73.39	4.96	-1.27	-14.96	-2.59	18.14	38.35	7.69	5.64	133.4	142.9	144.36	105.19	111.88	140.5	140.15	155.14	128.68	109.2	115.81	138.47	120.73	113.38	61.15
2026-05-21	85.87	86.68	89.55	55.29	66.06	68.05	86.52	53.53	64.78	49.5	81.53	91.02	49.57	66.29	58.1	66.43	67.7	47.18	45.09	54.41	58.58	57.77	68.3	79.46	111.69	117.77	93.75	81.58	118.08	110.89	90.01	66.2	91.5	64.74	31.7	0.3	7.97	-5.62	0.1	-2.89	-5.44	-6.78	-6.12	-1.53	0.05	-0.43	-0.61	-0.86	-13.21	-6.31	-1.78	-0.3	-0.98	-0.43	-142.76	-0.35	-0.62	-0.6	-0.98	-1.06	-157.31	-0.51	-133.25	-1	-152.62	-154.15	-0.2	-0.5	-0.89	-1.43	0.24	-0.57	-1.22	0.64	4.1	41.08	-0.24	0.37	-2.09	100.48	116.46	114.31	79.03	86.8	42.41	121.55	125.34	126.82	138.98	122.86	132.05	106.71	163.96	131.05	107.15	57.62
2026-05-22	104.09	122.64	92.3	81.64	65.23	48.26	46.28	63.57	99.3	93.16	89.13	42.94	70.44	67.83	68.44	65.6	38.2	115.69	108.96	115.04	117.48	115.63	98.42	72.5	49.96	74.43	62.96	54.91	70.02	93.09	94.06	77.93	62.56	33.84	7.14	3.71	5.38	0.59	3.85	0.78	0.11	0.16	-0.03	0.06	-0.56	-3.56	0.99	0.25	-1.65	-37.66	2.38	0.05	-0.01	14.65	0.35	-1.4	-1.41	75.57	0.19	-1.07	-0.28	69.94	-0.48	-0.97	5.86	5.1	3.63	-0.53	100.44	90.76	104.78	5.36	103.54	93.46	98.92	6.07	33.58	118.54	120.04	123.18	20.11	113.58	114.07	118.16	78.89	60.62	98.23	110.91	112.56	104.31	60.45	59.95	43.53	114.67	109.04	65.04
2026-05-23	88.11	84.03	52	29.86	105.26	98.07	78.66	100.65	80.83	72.18	75.38	88.65	79.53	108.88	92.83	56.19	107.09	100.02	111.36	76.91	71.38	68.88	36.44	34.14	62.36	62.97	44.65	37.06	45.07	31.03	8.6	10.82	-0.11	-3.96	-0.9	-1.12	-0.13	-2.79	-0.98	-2.18	-1.95	-1.02	-1.57	-10.3	-1.33	-2.99	-4.63	-6.1	-4.02	-4.08	-4.34	-4.02	-3.82	-3.06	-2.59	-2.39	-5.59	-5.55	-3.69	-4.29	-6.38	-7.43	-5.58	-3.88	-2.43	1.06	2.73	-1.47	3.84	17.8	3.82	-0.27	-103.23	-1.21	-1.93	6.21	106.97	3.12	2.56	30.26	48.97	44.98	18.6	14.85	22.29	52.47	112.75	56.31	55.52	44.74	53.84	47.7	54.3	59.35	94.05	33.49
2026-05-24	51.06	61.68	66	31.2	21.34	3.5	0.58	0.64	2.81	-4.87	3.72	-11.57	-2.43	-3.46	0.37	2.46	0.17	2.26	2.29	1.56	30.57	4.94	8.59	7.08	12.57	17.8	8.58	-1.29	1.14	-74.77	-146.78	-0.18	-0.72	-7.78	-2.7	-1.67	-4.7	-12.28	-3.82	-4.03	-3.13	-14.14	-11.3	-5.2	-7.05	-7.28	-7	-3.92	-3.93	-3.93	-3.9	-3.93	-3.99	-7.41	-4.42	-4.03	-3.94	-4.14	-3.91	-6.11	-3.26	-3.9	-3.25	-5.61	-3.78	-3.02	-2.66	1.95	1.4	-0.6	-6.17	-3.27	-3.52	-10.16	-12.15	-14.99	-2.61	-0.14	-7.33	-0.78	7.44	112.89	90.87	101.32	53.58	48.59	148.64	113.76	35.66	43.79	61.74	46	69.7	28.62	28.4	28.09
2026-05-25	76.75	54.25	103.71	81.35	103.35	57.81	114.88	95.84	71.6	117.91	100.02	61.98	80.81	91.3	103.2	95.75	104.59	102.97	84.83	106.25	106.6	18.26	13.01	22.67	33.18	100.13	75.14	24.92	86.42	72.12	80.79	28.55	14.53	1.1	-0.8	-0.67	-1.82	-2.98	-1.16	-1.04	-1	2.43	-0.85	-1.68	1.34	-2.92	-2.84	-2.34	6.56	1.53	5.47	-3.57	-3.34	-2.95	-1.91	-2.98	-3.89	-1.33	-5.29	3.22	0	-1.14	0.97	-3.32	0.76	6.21	-2.23	-0.38	6.99	0.59	-6.55	-8.2	-11.96	-8.82	-10.77	1.1	141.54	110.82	125.2	105.7	88.1	112.18	121.03	125.34	117.36	114.49	109.45	110.35	85.33	100.2	95.83	68.85	108.47	87.58	97.71	80.19
2026-05-26	83.84	60.04	44.82	31.72	83.15	84.57	102.23	104.36	71.35	51.53	52.31	38.13	97.71	100.12	99.74	56.94	55.44	50.5	52.3	108.05	110.27	108.05	107.13	85.19	62.61	74.68	71.03	86.59	86.9	54.38	83.6	60.93	59.33	47.61	26.05	-10.28	-5.6	-5.45	-1.84	-2.75	-2.51	-0.67	0.57	0.3	-1.55	4.16	0.82	-0.02	12.45	15.08	4.06	-1.98	-5.36	-2.69	-1.54	-2.47	-1.25	1.47	-0.75	-0.94	-0.92	13.85	9.07	0.02	3.68	7.48	-0.41	94.58	62.19	90.48	113.53	-2.09	17.43	8.55	81.48	116.47	8.48	3.92	106.53	122.12	114.05	114.36	125.39	143.83	77.21	77.32	79.58	69.55	85.14	63.02	80.43	83.77	132.34	110.04	90.46	65.94
2026-05-27	72.79	107.12	114.74	64.64	95.53	57.37	77.77	77.63	114.35	97.92	113.53	102.21	122.51	120.65	113.99	98	107.34	92.66	114.41	116.01	120.46	93.86	98.51	95.33	74.1	110.79	74.79	88.29	131.67	119.09	92.05	88.02	51.81	65.55	25.95	2.55	-1.1	0.09	1.62	-0.72	-1.51	-5.64	-3.82	-0.42	-0.03	-0.75	0.08	0	0.1	0.36	-0.49	-1.9	-2.79	-0.37	-0.49	0.06	3.57	1.79	2.16	-16.86	-8.61	0.5	0.27	-0.12	-0.94	-1.08	-0.55	99.1	85.44	112.3	124.49	10.73	109.93	116.57	147.64	166.19	-8.59	144.99	134.24	129.51	83.57	126.31	113.59	71.52	86.46	102.83	123.29	120.2	123.81	127.97	98.46	81.84	114.67	97.58	65.02	63.53
2026-05-28	73.75	105.33	100.5	80.78	55.3	38.54	49.38	49.13	58.21	53.64	48.68	48.8	76.35	86.14	63.79	121.71	88.77	94.2	100.67	95.98	82.05	78.7	74.59	75.83	67.18	93.87	59.07	62.7	147.1	131.72	123.94	114.28	73	53.71	9.07	10.26	104.7	16.65	26.05	-2.95	-5.97	-12.9	-5.22	-2.1	-2.82	-1.39	-1.93	-0.99	-0.96	-0.51	8.73	-0.93	-1.3	-0.69	-0.63	-7.48	-4.54	0.27	9.19	7.03	1.74	2.64	27.37	10.51	27.88	37.04	27.88	-2.72	-5.62	-1.69	-1.34	5.16	-3.95	-3.81	-4.13	1.73	19.08	-7.24	29.16	93.62	122.05	139.62	136.51	158.76	182.4	121.78	120.05	117.84	107.51	105.55	108.64	81.36	96.98	68.79	67.08	79.93
2026-05-29	101.81	123.51	68.3	64.55	70.41	93.08	86.2	59.1	52.8	99.67	89.72	88.89	113.19	113.5	93.69	81.52	115.7	95.14	65.07	79.48	119.68	119.05	77.55	90.1	80.3	81.73	67.05	65.74	87.66	98.66	-6.06	103.09	83.33	75.07	44.23	17.83	0.04	7.29	2.21	13.78	-0.25	1.67	-2.67	-1.04	22.21	-3.07	-2.53	-2.98	-1.03	-1.13	97.64	109.37	-4.36	0.05	5.55	-1.03	4.33	9.11	84.54	7.38	4.13	0.71	95.44	27.4	-1.07	-2.83	-5.8	-5.71	-1.67	1.1	92.74	91.08	1.79	14.24	49.89	112.69	113.67	112.98	116.75	114.73	110.51	63.82	120.85	98.63	91.74	117.6	113	102.64	101.86	123.85	125.47	118.51	118.75	112.89	88.84	64.23
2026-05-30	65.81	76.99	70.22	64.79	75.51	65.43	60.89	58.05	77.71	84.72	89.32	85.74	143.41	107.96	89.74	79.86	107.48	98.07	94.59	117.35	117.08	95.34	84.35	70.62	94.47	85.48	69.62	64.49	66.44	77.93	57.84	20.14	48.4	34.73	10.36	-0.59	-4.89	-2.87	0.89	1.63	3.36	0.07	0.24	1.31	-1.03	-2.64	-0.94	-0.6	-0.89	-0.63	-0.32	-0.81	2.38	1.34	-0.42	0.63	-6.08	-2.19	0.42	2.87	1.98	4.02	2.84	-5.34	-2.96	1.24	4.56	-1.56	28.53	30.88	16.82	12.12	60.94	7.92	41.21	-4.81	89.88	27.73	37.92	71.37	106.41	108.73	109.1	77.36	51.31	78.44	84.86	108.45	109.25	71.59	74.98	103.28	113.03	75.03	96.09	95.03
2026-05-31	102.46	116.66	116.84	77.85	74.26	90.49	98.78	65.95	77.75	106.06	40.93	33.19	52.07	40.44	41.18	90.43	103.96	100.38	115.74	110.63	55.11	108.69	106.9	35.64	83.64	88.9	97.03	57.38	104.02	89.66	60.97	43.09	2.67	-4.95	-1.8	-0.77	-9.8	-2.74	-2.3	-0.98	1.08	-0.65	-0.91	-8.5	-9.09	-10.15	-2.58	-1.89	-0.21	-17.33	-0.46	-0.22	0.05	-0.01	0.55	0.55	15.28	-0.59	-2.43	-1.14	-2.05	-103.89	12.4	24.52	0.01	23.15	-0.37	86.67	89.16	0.01	-3.86	73.14	66.3	99.06	112.38	7.79	48.14	109.2	119.57	13.66	13.56	133.23	64.57	64.98	63.74	113.54	134.05	139.1	133.79	125.61	71.8	75.16	123.39	112.44	119.22	83.63
