2025-01-01	129.89	129.89	129.89	129.89	126.59	126.59	126.59	126.59	123.92	123.92	123.92	123.92	121.42	121.42	121.42	121.42	115.49	115.49	115.49	115.49	108.09	108.09	108.09	108.09	109.3	109.3	109.3	109.3	105.12	105.12	105.12	105.12	106.27	106.27	106.27	106.27	95	95	95	95	35	35	35	35	20.21	20.21	20.21	20.21	25.99	25.99	25.99	25.99	30	30	30	30	25.5	25.5	25.5	25.5	11.75	11.75	11.75	11.75	75.6	75.6	75.6	75.6	131.8	131.8	131.8	131.8	152.78	152.78	152.78	152.78	152.78	152.78	152.78	152.78	153.5	153.5	153.5	153.5	152.78	152.78	152.78	152.78	151.2	151.2	151.2	151.2	137.62	137.62	137.62	137.62
2025-01-02	133.28	133.28	133.28	133.28	113.17	113.17	113.17	113.17	103.01	103.01	103.01	103.01	101.46	101.46	101.46	101.46	101.32	101.32	101.32	101.32	103.08	103.08	103.08	103.08	124.05	124.05	124.05	124.05	147.2	147.2	147.2	147.2	156.03	156.03	156.03	156.03	152.16	152.16	152.16	152.16	131.36	131.36	131.36	131.36	125.87	125.87	125.87	125.87	125.72	125.72	125.72	125.72	119.3	119.3	119.3	119.3	125.39	125.39	125.39	125.39	130.2	130.2	130.2	130.2	140.61	140.61	140.61	140.61	157.3	157.3	157.3	157.3	160.4	160.4	160.4	160.4	163.99	163.99	163.99	163.99	163.12	163.12	163.12	163.12	158.34	158.34	158.34	158.34	148.16	148.16	148.16	148.16	140	140	140	140
2025-01-03	123.5	123.5	123.5	123.5	114.08	114.08	114.08	114.08	100.11	100.11	100.11	100.11	100	100	100	100	93.87	93.87	93.87	93.87	94.75	94.75	94.75	94.75	101.67	101.67	101.67	101.67	122.94	122.94	122.94	122.94	139.3	139.3	139.3	139.3	136.1	136.1	136.1	136.1	127.52	127.52	127.52	127.52	121.04	121.04	121.04	121.04	109.41	109.41	109.41	109.41	102.33	102.33	102.33	102.33	100.52	100.52	100.52	100.52	105.22	105.22	105.22	105.22	121.04	121.04	121.04	121.04	140.13	140.13	140.13	140.13	149.47	149.47	149.47	149.47	151.25	151.25	151.25	151.25	151.25	151.25	151.25	151.25	149.12	149.12	149.12	149.12	144.2	144.2	144.2	144.2	134.42	134.42	134.42	134.42
2025-01-04	109.06	109.06	109.06	109.06	101	101	101	101	95.53	95.53	95.53	95.53	92.7	92.7	92.7	92.7	94.79	94.79	94.79	94.79	102.63	102.63	102.63	102.63	107.41	107.41	107.41	107.41	111.7	111.7	111.7	111.7	120.59	120.59	120.59	120.59	121.55	121.55	121.55	121.55	118.99	118.99	118.99	118.99	95	95	95	95	85	85	85	85	83.27	83.27	83.27	83.27	89.22	89.22	89.22	89.22	92.85	92.85	92.85	92.85	119.47	119.47	119.47	119.47	133.64	133.64	133.64	133.64	140.27	140.27	140.27	140.27	137.12	137.12	137.12	137.12	127.49	127.49	127.49	127.49	122.83	122.83	122.83	122.83	119.08	119.08	119.08	119.08	108.93	108.93	108.93	108.93
2025-01-05	89.99	89.99	89.99	89.99	65.5	65.5	65.5	65.5	58.61	58.61	58.61	58.61	40.5	40.5	40.5	40.5	36.91	36.91	36.91	36.91	27.86	27.86	27.86	27.86	25.6	25.6	25.6	25.6	35	35	35	35	44.02	44.02	44.02	44.02	47	47	47	47	49.81	49.81	49.81	49.81	46.95	46.95	46.95	46.95	49.64	49.64	49.64	49.64	38.18	38.18	38.18	38.18	33.9	33.9	33.9	33.9	32.99	32.99	32.99	32.99	39.12	39.12	39.12	39.12	61.62	61.62	61.62	61.62	64.81	64.81	64.81	64.81	64.81	64.81	64.81	64.81	65.2	65.2	65.2	65.2	68.5	68.5	68.5	68.5	60	60	60	60	43.01	43.01	43.01	43.01
2025-01-06	5.28	5.28	5.28	5.28	8.35	8.35	8.35	8.35	5.23	5.23	5.23	5.23	0	0	0	0	-0.01	-0.01	-0.01	-0.01	5.61	5.61	5.61	5.61	9.27	9.27	9.27	9.27	31.03	31.03	31.03	31.03	51.9	51.9	51.9	51.9	48.15	48.15	48.15	48.15	53.71	53.71	53.71	53.71	52.69	52.69	52.69	52.69	46.28	46.28	46.28	46.28	35.89	35.89	35.89	35.89	15.4	15.4	15.4	15.4	15.85	15.85	15.85	15.85	48.5	48.5	48.5	48.5	76.06	76.06	76.06	76.06	91.4	91.4	91.4	91.4	109.96	109.96	109.96	109.96	116.2	116.2	116.2	116.2	117.78	117.78	117.78	117.78	105.93	105.93	105.93	105.93	90	90	90	90
2025-01-07	97.99	97.99	97.99	97.99	80.34	80.34	80.34	80.34	54.19	54.19	54.19	54.19	39.97	39.97	39.97	39.97	15	15	15	15	38.7	38.7	38.7	38.7	84.07	84.07	84.07	84.07	102.56	102.56	102.56	102.56	120.96	120.96	120.96	120.96	110.18	110.18	110.18	110.18	97.99	97.99	97.99	97.99	79.87	79.87	79.87	79.87	76.25	76.25	76.25	76.25	77.62	77.62	77.62	77.62	78.47	78.47	78.47	78.47	89	89	89	89	103.59	103.59	103.59	103.59	120.89	120.89	120.89	120.89	131.5	131.5	131.5	131.5	125	125	125	125	116.34	116.34	116.34	116.34	113.69	113.69	113.69	113.69	98.97	98.97	98.97	98.97	92.27	92.27	92.27	92.27
2025-01-08	81.65	81.65	81.65	81.65	74.42	74.42	74.42	74.42	64.89	64.89	64.89	64.89	54.99	54.99	54.99	54.99	61.51	61.51	61.51	61.51	85.18	85.18	85.18	85.18	97.41	97.41	97.41	97.41	121.39	121.39	121.39	121.39	133.96	133.96	133.96	133.96	127.12	127.12	127.12	127.12	111.8	111.8	111.8	111.8	105.19	105.19	105.19	105.19	99.97	99.97	99.97	99.97	94.6	94.6	94.6	94.6	91.71	91.71	91.71	91.71	90.01	90.01	90.01	90.01	107.48	107.48	107.48	107.48	113.86	113.86	113.86	113.86	118.5	118.5	118.5	118.5	127	127	127	127	121.81	121.81	121.81	121.81	110.66	110.66	110.66	110.66	110.9	110.9	110.9	110.9	98.77	98.77	98.77	98.77
2025-01-09	66.58	66.58	66.58	66.58	55.5	55.5	55.5	55.5	55.52	55.52	55.52	55.52	31.81	31.81	31.81	31.81	7.01	7.01	7.01	7.01	33.32	33.32	33.32	33.32	69.9	69.9	69.9	69.9	95.79	95.79	95.79	95.79	102.99	102.99	102.99	102.99	102.45	102.45	102.45	102.45	101.45	101.45	101.45	101.45	90.4	90.4	90.4	90.4	90.84	90.84	90.84	90.84	89.9	89.9	89.9	89.9	89.05	89.05	89.05	89.05	88.73	88.73	88.73	88.73	109.98	109.98	109.98	109.98	126.79	126.79	126.79	126.79	137.74	137.74	137.74	137.74	132.01	132.01	132.01	132.01	141.27	141.27	141.27	141.27	134	134	134	134	116.39	116.39	116.39	116.39	105	105	105	105
2025-01-10	96.21	96.21	96.21	96.21	82.66	82.66	82.66	82.66	79.95	79.95	79.95	79.95	73.94	73.94	73.94	73.94	76	76	76	76	86.09	86.09	86.09	86.09	103.22	103.22	103.22	103.22	126.12	126.12	126.12	126.12	141.22	141.22	141.22	141.22	139.03	139.03	139.03	139.03	124.07	124.07	124.07	124.07	115.99	115.99	115.99	115.99	108.18	108.18	108.18	108.18	105.08	105.08	105.08	105.08	108.55	108.55	108.55	108.55	111.68	111.68	111.68	111.68	118.86	118.86	118.86	118.86	127.58	127.58	127.58	127.58	140.28	140.28	140.28	140.28	138.14	138.14	138.14	138.14	133.78	133.78	133.78	133.78	120.52	120.52	120.52	120.52	116.41	116.41	116.41	116.41	108.17	108.17	108.17	108.17
2025-01-11	111.64	111.64	111.64	111.64	100.61	100.61	100.61	100.61	93.32	93.32	93.32	93.32	82	82	82	82	86.17	86.17	86.17	86.17	79.1	79.1	79.1	79.1	92.46	92.46	92.46	92.46	86.9	86.9	86.9	86.9	97.5	97.5	97.5	97.5	108.53	108.53	108.53	108.53	114.71	114.71	114.71	114.71	92.14	92.14	92.14	92.14	83.78	83.78	83.78	83.78	75	75	75	75	69.75	69.75	69.75	69.75	66.6	66.6	66.6	66.6	83.91	83.91	83.91	83.91	118.3	118.3	118.3	118.3	118.59	118.59	118.59	118.59	122.94	122.94	122.94	122.94	119.6	119.6	119.6	119.6	116.2	116.2	116.2	116.2	115.17	115.17	115.17	115.17	112.24	112.24	112.24	112.24
2025-01-12	109.53	109.53	109.53	109.53	101.82	101.82	101.82	101.82	92.78	92.78	92.78	92.78	85.76	85.76	85.76	85.76	91	91	91	91	85.2	85.2	85.2	85.2	84.65	84.65	84.65	84.65	79.63	79.63	79.63	79.63	88.2	88.2	88.2	88.2	82.23	82.23	82.23	82.23	43.33	43.33	43.33	43.33	10.17	10.17	10.17	10.17	0	0	0	0	1.5	1.5	1.5	1.5	1	1	1	1	1	1	1	1	12.6	12.6	12.6	12.6	97.07	97.07	97.07	97.07	120.24	120.24	120.24	120.24	129.53	129.53	129.53	129.53	125.49	125.49	125.49	125.49	124.49	124.49	124.49	124.49	117.61	117.61	117.61	117.61	111.9	111.9	111.9	111.9
2025-01-13	115.66	115.66	115.66	115.66	109.02	109.02	109.02	109.02	108.46	108.46	108.46	108.46	110	110	110	110	109.1	109.1	109.1	109.1	104.13	104.13	104.13	104.13	123	123	123	123	141.29	141.29	141.29	141.29	180	180	180	180	144.54	144.54	144.54	144.54	128.13	128.13	128.13	128.13	109.64	109.64	109.64	109.64	105.22	105.22	105.22	105.22	100.81	100.81	100.81	100.81	104.91	104.91	104.91	104.91	110.72	110.72	110.72	110.72	125.14	125.14	125.14	125.14	145.37	145.37	145.37	145.37	157	157	157	157	158.39	158.39	158.39	158.39	146.39	146.39	146.39	146.39	143.02	143.02	143.02	143.02	134.99	134.99	134.99	134.99	120.09	120.09	120.09	120.09
2025-01-14	119.62	119.62	119.62	119.62	117.67	117.67	117.67	117.67	114.67	114.67	114.67	114.67	114	114	114	114	113.08	113.08	113.08	113.08	113.21	113.21	113.21	113.21	134.84	134.84	134.84	134.84	155.99	155.99	155.99	155.99	186.44	186.44	186.44	186.44	151.81	151.81	151.81	151.81	132.04	132.04	132.04	132.04	114.53	114.53	114.53	114.53	112.37	112.37	112.37	112.37	111.63	111.63	111.63	111.63	114.27	114.27	114.27	114.27	115.03	115.03	115.03	115.03	132.53	132.53	132.53	132.53	160.37	160.37	160.37	160.37	187.11	187.11	187.11	187.11	186.4	186.4	186.4	186.4	160.57	160.57	160.57	160.57	150	150	150	150	147.58	147.58	147.58	147.58	139.79	139.79	139.79	139.79
2025-01-15	132.4	132.4	132.4	132.4	124.4	124.4	124.4	124.4	118.6	118.6	118.6	118.6	118.6	118.6	118.6	118.6	118.6	118.6	118.6	118.6	118.13	118.13	118.13	118.13	135.76	135.76	135.76	135.76	177.42	177.42	177.42	177.42	230.5	230.5	230.5	230.5	160	160	160	160	138.92	138.92	138.92	138.92	129.8	129.8	129.8	129.8	123.5	123.5	123.5	123.5	120.4	120.4	120.4	120.4	115.07	115.07	115.07	115.07	115.81	115.81	115.81	115.81	133.95	133.95	133.95	133.95	140.45	140.45	140.45	140.45	172.32	172.32	172.32	172.32	184.61	184.61	184.61	184.61	173.77	173.77	173.77	173.77	150.1	150.1	150.1	150.1	140.1	140.1	140.1	140.1	125.6	125.6	125.6	125.6
2025-01-16	121.43	121.43	121.43	121.43	118.26	118.26	118.26	118.26	115.55	115.55	115.55	115.55	110.11	110.11	110.11	110.11	110.1	110.1	110.1	110.1	115.6	115.6	115.6	115.6	130.01	130.01	130.01	130.01	149.04	149.04	149.04	149.04	205.93	205.93	205.93	205.93	155.11	155.11	155.11	155.11	129.9	129.9	129.9	129.9	113.49	113.49	113.49	113.49	114.5	114.5	114.5	114.5	116.48	116.48	116.48	116.48	115.24	115.24	115.24	115.24	119.6	119.6	119.6	119.6	120.29	120.29	120.29	120.29	151.04	151.04	151.04	151.04	187.06	187.06	187.06	187.06	180.07	180.07	180.07	180.07	159.7	159.7	159.7	159.7	150	150	150	150	136.02	136.02	136.02	136.02	124.34	124.34	124.34	124.34
2025-01-17	121.33	121.33	121.33	121.33	118.66	118.66	118.66	118.66	116.2	116.2	116.2	116.2	113.49	113.49	113.49	113.49	113.26	113.26	113.26	113.26	116.39	116.39	116.39	116.39	136.1	136.1	136.1	136.1	149.34	149.34	149.34	149.34	197	197	197	197	148.12	148.12	148.12	148.12	123.89	123.89	123.89	123.89	111.44	111.44	111.44	111.44	112.7	112.7	112.7	112.7	108.5	108.5	108.5	108.5	104.87	104.87	104.87	104.87	110	110	110	110	113.29	113.29	113.29	113.29	145.15	145.15	145.15	145.15	175.02	175.02	175.02	175.02	175.45	175.45	175.45	175.45	157.93	157.93	157.93	157.93	153.29	153.29	153.29	153.29	142.28	142.28	142.28	142.28	137.34	137.34	137.34	137.34
2025-01-18	127.57	127.57	127.57	127.57	120.02	120.02	120.02	120.02	122.74	122.74	122.74	122.74	118.15	118.15	118.15	118.15	115.92	115.92	115.92	115.92	117.58	117.58	117.58	117.58	117	117	117	117	131.3	131.3	131.3	131.3	143.26	143.26	143.26	143.26	142.1	142.1	142.1	142.1	128.7	128.7	128.7	128.7	108.2	108.2	108.2	108.2	109.47	109.47	109.47	109.47	109.17	109.17	109.17	109.17	109.2	109.2	109.2	109.2	109.78	109.78	109.78	109.78	116	116	116	116	142.65	142.65	142.65	142.65	165.06	165.06	165.06	165.06	164.85	164.85	164.85	164.85	153.12	153.12	153.12	153.12	149.61	149.61	149.61	149.61	147.24	147.24	147.24	147.24	142	142	142	142
2025-01-19	129.11	129.11	129.11	129.11	121.35	121.35	121.35	121.35	118.97	118.97	118.97	118.97	118.24	118.24	118.24	118.24	117.18	117.18	117.18	117.18	117	117	117	117	118.59	118.59	118.59	118.59	120.14	120.14	120.14	120.14	122.44	122.44	122.44	122.44	125.18	125.18	125.18	125.18	106.61	106.61	106.61	106.61	102.35	102.35	102.35	102.35	106.61	106.61	106.61	106.61	107.1	107.1	107.1	107.1	108.7	108.7	108.7	108.7	108.53	108.53	108.53	108.53	118.79	118.79	118.79	118.79	135	135	135	135	158.58	158.58	158.58	158.58	156.2	156.2	156.2	156.2	148.31	148.31	148.31	148.31	141.94	141.94	141.94	141.94	135.43	135.43	135.43	135.43	121.87	121.87	121.87	121.87
2025-01-20	122.92	122.92	122.92	122.92	120.07	120.07	120.07	120.07	121.67	121.67	121.67	121.67	119.11	119.11	119.11	119.11	117.45	117.45	117.45	117.45	118.1	118.1	118.1	118.1	136	136	136	136	149.99	149.99	149.99	149.99	156.06	156.06	156.06	156.06	157.15	157.15	157.15	157.15	159.09	159.09	159.09	159.09	155	155	155	155	155	155	155	155	155.5	155.5	155.5	155.5	155.51	155.51	155.51	155.51	156.68	156.68	156.68	156.68	155.11	155.11	155.11	155.11	159.34	159.34	159.34	159.34	157.52	157.52	157.52	157.52	160.74	160.74	160.74	160.74	166.8	166.8	166.8	166.8	169.5	169.5	169.5	169.5	152.58	152.58	152.58	152.58	136.71	136.71	136.71	136.71
2025-01-21	135.5	135.5	135.5	135.5	128.72	128.72	128.72	128.72	121.35	121.35	121.35	121.35	116.84	116.84	116.84	116.84	115.3	115.3	115.3	115.3	118.83	118.83	118.83	118.83	136.85	136.85	136.85	136.85	147.9	147.9	147.9	147.9	159.5	159.5	159.5	159.5	155.1	155.1	155.1	155.1	147.78	147.78	147.78	147.78	146.69	146.69	146.69	146.69	144.57	144.57	144.57	144.57	137.84	137.84	137.84	137.84	131.24	131.24	131.24	131.24	131.61	131.61	131.61	131.61	140.1	140.1	140.1	140.1	145.55	145.55	145.55	145.55	148.99	148.99	148.99	148.99	159.24	159.24	159.24	159.24	156.5	156.5	156.5	156.5	145.55	145.55	145.55	145.55	137	137	137	137	125.74	125.74	125.74	125.74
2025-01-22	123.5	123.5	123.5	123.5	116.32	116.32	116.32	116.32	114.35	114.35	114.35	114.35	110	110	110	110	108.6	108.6	108.6	108.6	112.2	112.2	112.2	112.2	117.08	117.08	117.08	117.08	139.34	139.34	139.34	139.34	152.99	152.99	152.99	152.99	152.19	152.19	152.19	152.19	144.28	144.28	144.28	144.28	133.01	133.01	133.01	133.01	128.62	128.62	128.62	128.62	124.14	124.14	124.14	124.14	123.99	123.99	123.99	123.99	128.85	128.85	128.85	128.85	139.57	139.57	139.57	139.57	151.09	151.09	151.09	151.09	159.5	159.5	159.5	159.5	164.72	164.72	164.72	164.72	152.82	152.82	152.82	152.82	151.56	151.56	151.56	151.56	140.01	140.01	140.01	140.01	131.87	131.87	131.87	131.87
2025-01-23	120.01	120.01	120.01	120.01	118.17	118.17	118.17	118.17	113.7	113.7	113.7	113.7	112	112	112	112	110.97	110.97	110.97	110.97	112.15	112.15	112.15	112.15	123.65	123.65	123.65	123.65	139.18	139.18	139.18	139.18	159.34	159.34	159.34	159.34	156.26	156.26	156.26	156.26	145.32	145.32	145.32	145.32	137.28	137.28	137.28	137.28	130.32	130.32	130.32	130.32	119	119	119	119	115.32	115.32	115.32	115.32	118.54	118.54	118.54	118.54	127.72	127.72	127.72	127.72	147.32	147.32	147.32	147.32	160	160	160	160	193.06	193.06	193.06	193.06	181.92	181.92	181.92	181.92	153.17	153.17	153.17	153.17	141.6	141.6	141.6	141.6	118.81	118.81	118.81	118.81
2025-01-24	92.99	92.99	92.99	92.99	88.74	88.74	88.74	88.74	74.93	74.93	74.93	74.93	70.3	70.3	70.3	70.3	67.29	67.29	67.29	67.29	69.17	69.17	69.17	69.17	88.74	88.74	88.74	88.74	100	100	100	100	117	117	117	117	109.78	109.78	109.78	109.78	95.1	95.1	95.1	95.1	81.93	81.93	81.93	81.93	76.68	76.68	76.68	76.68	73.26	73.26	73.26	73.26	70.09	70.09	70.09	70.09	74.26	74.26	74.26	74.26	77.13	77.13	77.13	77.13	91.8	91.8	91.8	91.8	97	97	97	97	102.8	102.8	102.8	102.8	104.95	104.95	104.95	104.95	98.35	98.35	98.35	98.35	95.58	95.58	95.58	95.58	90.7	90.7	90.7	90.7
2025-01-25	55.93	55.93	55.93	55.93	39.99	39.99	39.99	39.99	25.2	25.2	25.2	25.2	19.71	19.71	19.71	19.71	16.8	16.8	16.8	16.8	17.72	17.72	17.72	17.72	25	25	25	25	49.93	49.93	49.93	49.93	45.01	45.01	45.01	45.01	46.99	46.99	46.99	46.99	40.01	40.01	40.01	40.01	50.02	50.02	50.02	50.02	46.99	46.99	46.99	46.99	38.01	38.01	38.01	38.01	19.82	19.82	19.82	19.82	8.59	8.59	8.59	8.59	35.3	35.3	35.3	35.3	45.1	45.1	45.1	45.1	76.81	76.81	76.81	76.81	91.15	91.15	91.15	91.15	106.37	106.37	106.37	106.37	93.48	93.48	93.48	93.48	89.06	89.06	89.06	89.06	77.35	77.35	77.35	77.35
2025-01-26	40.8	40.8	40.8	40.8	35.2	35.2	35.2	35.2	26.7	26.7	26.7	26.7	28.04	28.04	28.04	28.04	26.21	26.21	26.21	26.21	26.1	26.1	26.1	26.1	31.65	31.65	31.65	31.65	26.03	26.03	26.03	26.03	26.54	26.54	26.54	26.54	31.76	31.76	31.76	31.76	42	42	42	42	49.54	49.54	49.54	49.54	18	18	18	18	18.19	18.19	18.19	18.19	14.49	14.49	14.49	14.49	14.92	14.92	14.92	14.92	28.44	28.44	28.44	28.44	40.19	40.19	40.19	40.19	54.48	54.48	54.48	54.48	57.71	57.71	57.71	57.71	52.39	52.39	52.39	52.39	46.75	46.75	46.75	46.75	45.35	45.35	45.35	45.35	39.31	39.31	39.31	39.31
2025-01-27	0.77	0.77	0.77	0.77	0.07	0.07	0.07	0.07	0.07	0.07	0.07	0.07	0.05	0.05	0.05	0.05	-3	-3	-3	-3	0.05	0.05	0.05	0.05	0.07	0.07	0.07	0.07	26.93	26.93	26.93	26.93	48.01	48.01	48.01	48.01	43.98	43.98	43.98	43.98	35.72	35.72	35.72	35.72	26.23	26.23	26.23	26.23	14.67	14.67	14.67	14.67	4.31	4.31	4.31	4.31	3.6	3.6	3.6	3.6	4.7	4.7	4.7	4.7	14	14	14	14	32	32	32	32	40.78	40.78	40.78	40.78	58.92	58.92	58.92	58.92	40.4	40.4	40.4	40.4	35.7	35.7	35.7	35.7	32	32	32	32	26.23	26.23	26.23	26.23
2025-01-28	3.52	3.52	3.52	3.52	2.03	2.03	2.03	2.03	0.66	0.66	0.66	0.66	0.31	0.31	0.31	0.31	0.15	0.15	0.15	0.15	0.65	0.65	0.65	0.65	1.23	1.23	1.23	1.23	10	10	10	10	35.54	35.54	35.54	35.54	22.47	22.47	22.47	22.47	3.52	3.52	3.52	3.52	2.03	2.03	2.03	2.03	0.66	0.66	0.66	0.66	0.68	0.68	0.68	0.68	0.65	0.65	0.65	0.65	0.68	0.68	0.68	0.68	3.52	3.52	3.52	3.52	12.93	12.93	12.93	12.93	54.16	54.16	54.16	54.16	72.67	72.67	72.67	72.67	60.03	60.03	60.03	60.03	48.06	48.06	48.06	48.06	33.72	33.72	33.72	33.72	25.21	25.21	25.21	25.21
2025-01-29	26.37	26.37	26.37	26.37	10.96	10.96	10.96	10.96	3.52	3.52	3.52	3.52	3.52	3.52	3.52	3.52	3.52	3.52	3.52	3.52	3.52	3.52	3.52	3.52	42.29	42.29	42.29	42.29	84.8	84.8	84.8	84.8	110.41	110.41	110.41	110.41	69.22	69.22	69.22	69.22	48.5	48.5	48.5	48.5	51	51	51	51	34.9	34.9	34.9	34.9	17.2	17.2	17.2	17.2	12.23	12.23	12.23	12.23	17.2	17.2	17.2	17.2	40.73	40.73	40.73	40.73	50.11	50.11	50.11	50.11	83.06	83.06	83.06	83.06	123.99	123.99	123.99	123.99	133.85	133.85	133.85	133.85	118.57	118.57	118.57	118.57	94.67	94.67	94.67	94.67	51.09	51.09	51.09	51.09
2025-01-30	63.08	63.08	63.08	63.08	50.01	50.01	50.01	50.01	43.34	43.34	43.34	43.34	14	14	14	14	7.49	7.49	7.49	7.49	10.96	10.96	10.96	10.96	50.01	50.01	50.01	50.01	66.33	66.33	66.33	66.33	95.95	95.95	95.95	95.95	54.74	54.74	54.74	54.74	10	10	10	10	3.4	3.4	3.4	3.4	0.5	0.5	0.5	0.5	0.01	0.01	0.01	0.01	0	0	0	0	0.65	0.65	0.65	0.65	3.52	3.52	3.52	3.52	32.17	32.17	32.17	32.17	90.01	90.01	90.01	90.01	95.01	95.01	95.01	95.01	115.01	115.01	115.01	115.01	111.04	111.04	111.04	111.04	96.02	96.02	96.02	96.02	81.06	81.06	81.06	81.06
2025-01-31	77.5	77.5	77.5	77.5	90.01	90.01	90.01	90.01	76.21	76.21	76.21	76.21	75.34	75.34	75.34	75.34	75.47	75.47	75.47	75.47	84	84	84	84	92.85	92.85	92.85	92.85	118.86	118.86	118.86	118.86	159.95	159.95	159.95	159.95	100	100	100	100	72.71	72.71	72.71	72.71	50.3	50.3	50.3	50.3	47.12	47.12	47.12	47.12	46.64	46.64	46.64	46.64	40	40	40	40	48.19	48.19	48.19	48.19	65.5	65.5	65.5	65.5	111.99	111.99	111.99	111.99	179.48	179.48	179.48	179.48	176.99	176.99	176.99	176.99	161.41	161.41	161.41	161.41	150.2	150.2	150.2	150.2	142.03	142.03	142.03	142.03	126.3	126.3	126.3	126.3
2025-02-01	129.16	129.147621943234	129.173366917605	129.170992963077	129.16	129.169403127847	129.139186414953	129.159004546943	129.16	129.137890169939	129.178401102688	129.164800597065	129.16	129.171353504141	129.168039020351	129.139396310444	129.16	129.155562534226	129.163801183805	129.160097258833	129.16	129.178800651266	129.154209280813	129.17426667573	129.16	129.174138786971	129.157188768917	129.148101732795	129.16	129.1727410693	129.154554582018	129.155826012121	129.16	129.157229826784	129.166402316346	129.162686469609	129.16	129.159379713753	129.161517099443	129.165320100156	129.16	129.166361885483	129.174228912004	129.169450321574	129.16	129.147359317664	129.17186917702	129.146600517526	129.16	129.172178734724	129.163924129234	129.176198994095	129.16	129.15678800162	129.155030372528	129.155938122982	129.16	129.15256968137	129.169926367154	129.14763460003	129.16	129.164742816307	129.157628555566	129.179093898231	129.16	129.154881232499	129.144329407676	129.16237259578	129.16	129.143059698012	129.161206516164	129.157586414547	129.16	129.165325655649	129.149683533846	129.177081150971	129.16	129.156270570641	129.158213727975	129.162094067298	129.16	129.151108024555	129.163094112492	129.155151979688	129.16	129.150791138272	129.164938517685	129.164954383527	129.16	129.157338599201	129.147665672057	129.151984811608	129.16	129.174881800115	129.160071680042	129.155930661038
2025-02-02	129.16	129.17193126278	129.170002658277	129.167326943825	123.8	123.800793843596	123.813326479838	123.822064144655	118.13	118.129710411828	118.13825318499	118.109074470542	113.64	113.650984111764	113.63113854608	113.641388144045	108.72	108.71919050227	108.71085238258	108.726056478022	115.66	115.663933254189	115.669887035659	115.650538414489	111.5	111.500111279426	111.494571123562	111.497062143354	115.17	115.147302586469	115.202563591136	115.159904827264	127.55	127.543115182609	127.530942861206	127.55922313808	128.28	128.270727760607	128.289680270795	128.269136600112	114.05	114.039457643614	114.064325596711	114.036807473711	98.36	98.3548112789829	98.3567085831454	98.3735152721582	92.87	92.8746072220882	92.8876179242349	92.8638490381418	95	94.9981924198271	94.9888046111728	94.9870817680884	95	95.0005178757631	94.9942152028147	95.0117526830101	99.35	99.3549677616959	99.3537822437183	99.3513204364983	99.76	99.7521841120549	99.7633456851509	99.7516932903299	120.88	120.891941010079	120.882550138122	120.893145169091	153.2	153.204470705281	153.180828141078	153.189234284956	170.81	170.815601681634	170.810082879011	170.814390126559	163	163.007769054311	162.993924527042	162.997593662469	150.77	150.768814951466	150.784742739418	150.782190231101	146.45	146.442382703456	146.454981398835	146.450481152174	130.51	130.505450277835	130.51819748603	130.509479719039
2025-02-03	114.65	114.649903073484	114.65167907041	114.660284244344	100.79	100.799615569259	100.805950690678	100.784949879996	102.04	102.042387305743	102.037165584137	102.051764991165	102.53	102.529661068535	102.541564427269	102.523809718577	101.95	101.942461021536	101.967485656917	101.939403777188	103.57	103.575721245895	103.570177516098	103.574632087627	101.69	101.670100907099	101.688648447202	101.68526178486	144.29	144.27908603342	144.302462074281	144.275355930349	180	179.991366599729	179.995282501492	180.00492533953	145.1	145.104440024903	145.09991049983	145.113845012895	111	111.006037702422	111.004787480807	110.994954634957	102.6	102.598978876452	102.590756506831	102.591243189209	102.49	102.516330546627	102.50242836105	102.4796939526	102.35	102.335380780839	102.342296351223	102.359592228846	101.95	101.922416399127	101.939997638183	101.951470333147	112	112.005963709661	111.993817580954	111.995776604608	120.53	120.531431103445	120.543934290637	120.550528843167	143	142.981845706512	143.011499462408	143.010094750424	204.94	204.940510204195	204.941238895539	204.951894413175	206.53	206.527618683891	206.532919731062	206.527766714809	237.5	237.499699071306	237.493939525292	237.489596393227	194	194.008186230143	194.000004917742	194.012841380945	151.92	151.931200241165	151.912904636273	151.912844449978	136.81	136.795087568688	136.791066455378	136.799537231626
2025-02-04	129.4	129.39054597605	129.42240121253	129.396282714616	120.99	120.982384234926	121.006059118162	120.984267205159	118.8	118.807710629073	118.804129195003	118.775427165274	119.41	119.398950470148	119.414934378323	119.405771378519	118.25	118.265716759589	118.254165969154	118.226801158093	121.81	121.825755862558	121.798749616596	121.819596146995	145.9	145.894600927825	145.901645295395	145.898130991461	189.68	189.68654130381	189.666782584657	189.697370536654	216.99	216.982250552927	216.986913035778	216.993666791491	162.11	162.106113056145	162.100063636801	162.105880132958	127.36	127.347136072134	127.335695856897	127.374953323316	106.96	106.958049958259	106.967609479387	106.960233641108	93.67	93.6742332774716	93.6557068486641	93.6833301227382	92.3	92.2914193006148	92.2913410495484	92.3012757131811	90.28	90.2856949548925	90.2902302588297	90.2723200072563	90.52	90.5254321682338	90.5204009901064	90.5184264504367	105	105.000045187446	104.997796105062	104.995159167787	134.7	134.692706992419	134.695767131553	134.700193473881	171.78	171.777875129802	171.803982196371	171.79235012322	220	219.996439096527	219.997949236761	220.012855636828	240.1	240.103446622718	240.109515284306	240.101860866485	164.07	164.061283951382	164.072840324086	164.058206794869	144.18	144.186994442287	144.192101575272	144.182314001442	135.58	135.58465628025	135.611824626165	135.56137707979
2025-02-05	123.65	123.660939033246	123.657955284759	123.657103198268	116	115.98099204619	115.997958004399	116.014759696965	111.83	111.834051007855	111.845625664582	111.840504910286	110.64	110.618061874655	110.658774735373	110.650254658525	112.33	112.334829591843	112.335680318517	112.323616572383	120.05	120.04400820322	120.049423890098	120.058562201972	136.54	136.558025062857	136.527571096795	136.551065776252	168.48	168.471578626991	168.470516934218	168.47821702105	180.81	180.783312182718	180.82566527797	180.802139632312	146.13	146.109657925513	146.126216279677	146.145008397402	100.21	100.2030202651	100.226169668093	100.208921839888	46.78	46.7762234207083	46.7769347238534	46.77030897962	30.3	30.2740541356407	30.306948445503	30.2985949095684	35.2	35.2031314144152	35.195260507238	35.1951901474575	31.99	31.9886442441531	31.9829851129855	31.9846654110812	42	41.9898223762237	41.9939600924309	41.9827707085135	72.99	72.9918107198193	72.9826509848741	72.9967294158866	124.21	124.211059429953	124.23418257779	124.200231162486	189.1	189.103077351585	189.101924333663	189.096509931417	189.63	189.630056864998	189.624347487972	189.622535384296	167.27	167.275413886289	167.282613782756	167.274980454744	154.49	154.483830951932	154.485568746604	154.484439012314	141.7	141.69998299448	141.708085233782	141.710816068848	133.95	133.931862319203	133.937000946531	133.966212027594
2025-02-06	130.67	130.686383852584	130.689025867538	130.666577353485	127.6	127.58742911239	127.591059941752	127.606748814231	123.76	123.777017829449	123.74420555629	123.753413605368	122.5	122.507477936525	122.509123070609	122.483845391544	120.11	120.119369100271	120.11004524471	120.096119502085	126.83	126.834579407361	126.841227388632	126.84286337702	144.42	144.404418297684	144.430737057171	144.421707072309	181.15	181.143498557867	181.154970517705	181.152200624232	217.16	217.162166077678	217.175622439502	217.154824203095	159.52	159.525970137593	159.524403706806	159.529170017486	118.97	118.968550130359	118.978979413187	118.95959015239	103.49	103.488823448791	103.482084939902	103.486471119073	91.46	91.4632294612423	91.4617272939409	91.4589660120742	89.99	89.9861095052437	89.9722512903461	89.9788351494337	85.3	85.3040013836207	85.3012475844912	85.3006168029005	87	87.0127520913922	86.9958980306732	86.9989299416351	108.56	108.557601043786	108.562534280272	108.5572857518	138.71	138.712161617547	138.706705702538	138.708497738679	168.7	168.694761357574	168.693925932701	168.710954063151	191.81	191.800178650727	191.81621322956	191.819078358451	236	236.009540617543	235.991772793064	235.994002247575	167.13	167.138563325548	167.134865788513	167.117605931194	149	149.015562747615	148.994522712066	148.984714602563	143.02	143.026436524005	143.021738945871	143.028380358108
2025-02-07	128.98	128.964389619931	128.975687283168	128.974095857582	120	120.00725147284	119.987422292097	120.008729032739	116.07	116.07311989658	116.084744857439	116.075966575359	112.25	112.266832912941	112.245290436662	112.245484960024	110.85	110.877363006788	110.848950904453	110.851626673855	109.7	109.709022687886	109.692349403765	109.703682982074	117.01	117.018096245602	117.011142949814	117.002115414844	141.18	141.191431527721	141.170491483164	141.19274652348	161.4	161.388787021157	161.405300462662	161.405528498788	138.28	138.284097287962	138.2697847448	138.283106067224	106	106.007388386021	106.010631355684	105.997884741657	100	100.00228819356	99.9912456457616	99.9890653284585	94.87	94.8729013868035	94.8680122829677	94.8537524831273	97.34	97.3362797273856	97.3240886714195	97.3406679465672	89.89	89.8826840186726	89.8944189213585	89.8868230350938	97.34	97.3377891623439	97.3398948010169	97.3445064488469	98	98.000822991053	98.0026013415198	97.9905940657781	111.99	111.980622872142	111.994543111903	111.990875025231	133.67	133.688007243304	133.658552351937	133.651566687957	146.13	146.141910993919	146.132499488366	146.142708490043	140.41	140.409680575701	140.411655839456	140.406398810554	131.64	131.632273659611	131.628963763278	131.624527560084	132.48	132.472277014291	132.46362710617	132.492568745823	120.45	120.442831687714	120.44729003819	120.454423874904
2025-02-08	111.74	111.738693270996	111.741950926809	111.749071506871	104.95	104.949298587168	104.958740643441	104.9543155779	89.5	89.5000404791587	89.5070732157876	89.5166279807022	94.34	94.3511109154214	94.3375858394098	94.3427222553408	86.7	86.7054160981678	86.7022626362833	86.7054614165667	88.09	88.0748928215758	88.0995480090592	88.0975307111695	95.15	95.1577199045532	95.1468484165775	95.152279846041	110	109.996179628752	110.004129432827	109.982744433583	119.08	119.080356340824	119.092996705697	119.081429418693	108	107.98716326133	108.007025999863	107.984916997424	71.64	71.6298028174565	71.6368416286522	71.6439583788342	93.49	93.4854004245315	93.4850996582078	93.4946419461862	68.25	68.2423547211067	68.241279491908	68.2484764680671	59.25	59.2647123370417	59.2497761656607	59.2470423204062	55	54.990372046772	54.9911953841832	55.0042326040441	49.29	49.3014702232816	49.2836668713286	49.2866284164273	71.64	71.642609231982	71.6202776413198	71.6390687824707	114.5	114.504657761215	114.495919306322	114.502675595927	160.44	160.412770659445	160.456493648635	160.432541457291	161.34	161.338028116041	161.330117806426	161.348647432501	158.54	158.540267446406	158.5450971228	158.548859897423	146.19	146.189230042014	146.189559084808	146.19445302317	146.84	146.831036792536	146.851472236875	146.840660795918	142.31	142.303715998214	142.327825107778	142.321355584489
2025-02-09	125	124.993943082967	125.004332768112	125.002351410447	105.82	105.816998618715	105.794045800439	105.800913915199	101.86	101.861742180997	101.856240893047	101.867385655125	90.9	90.8972301006356	90.8984815346575	90.899474037768	83.1	83.1152146115142	83.1007683574153	83.0980623936925	83	83.0138466192336	82.9755103115483	83.0006700513487	93.99	93.9990563806021	93.9942270512787	93.981907160623	100.21	100.207044158641	100.226246336911	100.202467136619	107.47	107.47615136271	107.484824645325	107.490564517047	88.37	88.3728258709297	88.3664601848221	88.3736700946306	71.85	71.8485346640239	71.8606744892867	71.8416525236231	66.7	66.6939711755135	66.6978535544435	66.6920867609243	64	63.9943788786298	63.9854633913148	63.99918234574	70	70.0049031328975	69.9936058298959	69.997579286556	70	70.0063071170595	69.9965890645198	70.0055411616457	70	70.0031703907438	69.9955840987038	70.0049062196337	89.31	89.318522205884	89.2993444036786	89.3205322074375	108.71	108.710532467958	108.698372699007	108.702263719329	162.96	162.949214839141	162.967448176252	162.945907854702	165.9	165.904204178003	165.906818615801	165.908451048382	189.37	189.381710037041	189.350615603768	189.366049874673	170.14	170.147342157759	170.13556392789	170.134114622414	148.3	148.282703000376	148.29937607247	148.295924233601	131.67	131.686064371015	131.671396854615	131.670518035686
2025-02-10	128.18	128.175847224081	128.177719096907	128.179461745395	125.55	125.556372813182	125.565467945541	125.546607474659	123.01	123.005439472963	123.00708901905	123.013192542897	117.75	117.764997187883	117.745016539112	117.756269947921	117.48	117.485937799988	117.487178466197	117.479689477728	124.4	124.402018365947	124.407836371537	124.388513670155	143.89	143.897772094546	143.898220197944	143.88848587716	163.37	163.366668556033	163.363436208002	163.366642351241	181.33	181.319383676038	181.331545252578	181.318082077881	163.18	163.179664797655	163.177916745248	163.185825578078	146.3	146.28015479968	146.30070364483	146.321238975924	122.44	122.456498920941	122.444344244264	122.435653247628	119.38	119.380339583649	119.373672518713	119.385824549967	118.51	118.51787006596	118.520459222834	118.511160014576	115.5	115.501368653396	115.510175658668	115.478168904214	118.88	118.892795632102	118.890458757878	118.861845415787	121.79	121.790272954315	121.777821446111	121.805333077186	140.83	140.825168706118	140.843721309526	140.8293885487	171.35	171.353216877815	171.362267766724	171.350005087708	185.11	185.108311518262	185.101550914283	185.110234821382	212.5	212.502520873868	212.500654672973	212.489628043427	165.89	165.877009703001	165.889712982162	165.891940649251	152.68	152.680618205661	152.672965982689	152.670068723973	133.51	133.514903113585	133.510537598766	133.522344551128
2025-02-11	120.01	120.004353295384	120.007077596323	120.002349791479	115.46	115.427846318887	115.447891817216	115.484889643278	109.65	109.642984193462	109.661560965052	109.657188788485	107	106.980742113542	107.022221940943	106.989883713568	105.51	105.515732163423	105.508558624404	105.510636279732	106.5	106.491414774201	106.496317403999	106.517447480788	119.13	119.136981409247	119.120264028959	119.126384013275	150.79	150.792173306838	150.784871173934	150.797061377954	164.06	164.049070200732	164.057312867943	164.057997713639	146.54	146.531684192612	146.538350992922	146.517584583663	120.62	120.602938810297	120.620237835945	120.614560013572	118.46	118.474593371918	118.464369753885	118.464444382272	104.98	104.988571133398	104.962188295777	104.971523985082	102.5	102.511113919811	102.496240650176	102.499867841834	105	104.995300518657	104.981437596842	105.004353661989	104	104.010373285482	104.014844129886	103.976546700694	117.06	117.053651343455	117.051316534387	117.067783468917	146.54	146.531946175642	146.555579286218	146.549114650598	174.57	174.553709539274	174.560964367344	174.557966904208	186	185.981718904987	186.000429576596	186.011253014359	194.5	194.517677874777	194.495088017296	194.510451261377	157.22	157.203999571948	157.211678908991	157.232166564605	148.38	148.381016132574	148.37786421567	148.37802928719	131.68	131.693794103109	131.679082921761	131.671105437004
2025-02-12	124.06	124.057865014253	124.069110039373	124.070136771715	110	109.998572544484	109.998198986223	110.003061798561	115.5	115.498904881429	115.498116874741	115.499633305923	113.19	113.187910606182	113.185596975468	113.186001099466	113.85	113.852404693615	113.849328750632	113.85966135452	109.56	109.556340203568	109.564468513061	109.56448195581	115	114.978528086405	115.006675612236	114.992877434217	157.55	157.555199321188	157.561232917446	157.560048830683	182.36	182.371680855313	182.352900953746	182.362860688126	146.46	146.454469197643	146.44447613033	146.473871517161	105.25	105.243753852921	105.248818056951	105.252497364123	84.5	84.4989381203869	84.4920574163462	84.4998794107431	70	70.0022927516487	70.0137448408969	70.0144732734149	73	73.0011771451044	73.0036486014172	73.0053725030973	61.17	61.1580017724329	61.1801370397515	61.168118763678	58	58.0139334287224	57.9928204709393	58.006536771699	80	79.9994478668548	79.9989238263259	79.97375889396	104.03	104.048620526542	104.027213210989	104.029148829627	148.29	148.263662655867	148.277497109911	148.278558048402	196.79	196.789521367224	196.78559205973	196.782110761196	179.4	179.406478862904	179.40809133738	179.418867923589	159.29	159.285316771211	159.298213470891	159.2791343072	152.5	152.502919112354	152.497405313618	152.480438384277	140.5	140.507386715949	140.487766619511	140.496683271576
2025-02-13	126	126.001361802821	125.990468549778	126.012020702753	116.07	116.086600435429	116.066140441009	116.07209957111	118.94	118.948954662234	118.93407963379	118.917437354976	113.09	113.075489393621	113.078322700863	113.09249918692	106.9	106.890861751639	106.896798053104	106.888684674541	98.67	98.6692300172653	98.6846794828468	98.6657400559487	125.54	125.544580340885	125.555835306634	125.53712292371	157.55	157.55064400279	157.549550690139	157.532337243583	192.2	192.212303348934	192.195671517635	192.191329554419	136.4	136.398779417161	136.399392951146	136.387037891575	100	99.997291016827	100.010515559873	99.9991446402989	92.34	92.342990204374	92.3509121525047	92.3422528761781	86.46	86.4663463068653	86.4827826535213	86.4593071826499	80.9	80.8917774405615	80.9029355836118	80.8862870635513	77	76.9986343415978	76.9949313003466	77.016384790833	80.7	80.709802563425	80.6950850965831	80.7039522262402	92.1	92.1061496649704	92.115048136842	92.1129416384612	122.5	122.507945934497	122.50005586395	122.504872727705	186.96	186.955420932392	186.951944808332	186.95670781216	198.27	198.25509162822	198.252510495372	198.266834532533	200	199.989303843496	200.01225674048	200.010536815729	164.53	164.527102212384	164.526114341296	164.530216192706	153.12	153.123300590876	153.129987437417	153.10705922522	138.99	138.991884937253	138.993588046502	138.990012965648
2025-02-14	125.45	125.446101396234	125.458127054427	125.444889016591	118.87	118.86658030795	118.871647811065	118.867622582942	113.5	113.508702769382	113.50127353355	113.48720704332	106.58	106.57166338699	106.566375023657	106.571248827476	101.13	101.118163682795	101.117386709667	101.132417994448	113.37	113.365447528823	113.373080334723	113.360648752812	122.83	122.83778722453	122.819973634458	122.827245762164	159.5	159.492628844005	159.504502921009	159.502195513799	189.79	189.7785717114	189.793944908116	189.790706850558	120.71	120.715808572428	120.722938361173	120.728358598344	92.8	92.8041865161983	92.8105736030392	92.7909435826874	74.51	74.5109516983028	74.5068241185108	74.4999325049132	69.76	69.7564802109565	69.7476916043288	69.765420975406	65	65.0253551386848	65.0082064964009	64.9967973772843	54.99	54.9910993645427	55.0004853111752	55.0108469024747	54.9	54.9178783791065	54.8884837435023	54.898177975503	65	64.999063669564	65.0206229045468	65.0093344102796	109	109.011465541153	108.991572873013	109.011222460304	166.15	166.150698976801	166.149235165918	166.160754909162	197.72	197.6913549976	197.73116957273	197.727553012375	178.61	178.596523735914	178.609870901649	178.615380467393	156.06	156.043314828723	156.051495143271	156.066274036942	148.01	148.012589905911	148.017128974526	148.012002215546	136.58	136.594781554697	136.574501191	136.577902012471
2025-02-15	122.58	122.574082189734	122.598522266046	122.594805458528	117.98	117.966301679861	117.967703813161	117.970990273587	105.67	105.687249566011	105.656160929624	105.681538767325	100.1	100.093483048928	100.118441536104	100.11242208941	100.1	100.094126083239	100.114454925296	100.1047392351	100.1	100.109433364747	100.119679478927	100.109669271715	100.1	100.125912164553	100.105727081384	100.101498973304	101.64	101.654788345661	101.630006426435	101.64280800802	99.99	99.9768890570247	99.9856433323191	99.9870764584831	79	78.9909657497179	78.9904301665669	78.9818671709353	68.5	68.5133286030665	68.4918674048216	68.5044436841284	54.76	54.7554309575869	54.7542194294955	54.754274446342	39.08	39.0892640075322	39.0845534209158	39.0793884423207	28	27.9912386508272	27.9985173839055	28.0115616653818	20.46	20.4677077017189	20.4470974587099	20.4472830993068	28	27.9978855254611	28.0175412579145	27.9959757215785	45.24	45.2411380300932	45.2349554133019	45.235225639174	71.3	71.2894175969883	71.2917802694074	71.2990608081012	107	107.005700691527	106.980238305542	106.989908646355	126.51	126.517577720176	126.526655170467	126.513245807897	126.52	126.539896297335	126.522675291485	126.531097151191	122.3	122.292977246136	122.292023335505	122.302030949564	122.06	122.058018695181	122.064111898439	122.052203903174	117.14	117.145313214003	117.139211072057	117.137755137237
2025-02-16	100.99	101.005815306738	100.99941227392	100.990917622899	89.76	89.7578584641969	89.7735429411148	89.7518271706858	89.78	89.7856228648425	89.7831722333196	89.7820202784678	90.79	90.7878683243527	90.7805028910559	90.7816603986108	84.5	84.4997444109168	84.4897386256041	84.5116904925041	85.8	85.8097302504823	85.795702110296	85.8097863906121	93.33	93.3328318802941	93.3385597736599	93.351938006527	101.14	101.135586255078	101.14232684842	101.151132159331	100.59	100.588063727299	100.576611836186	100.595026244693	81.5	81.5183053751937	81.4968536677397	81.5051489203881	61.31	61.2924121897793	61.301661802774	61.2916357447339	46.92	46.9190032679836	46.9316797691477	46.9300184301853	35	35.0051139520253	35.0037359354036	35.0015916026537	37.29	37.3014710839899	37.2890826935211	37.3079724938331	23	23.021777669791	22.9885882440968	23.0012452696729	14	14.0219011747462	14.0084088685321	13.99874327223	49.2	49.1859556675521	49.2032623546015	49.1862531053786	97.05	97.0688557458729	97.0497560806869	97.0382829714572	125.85	125.852212380149	125.846928360061	125.85291080849	161.56	161.577349584692	161.563110650002	161.54698308879	154.95	154.944655732585	154.958893298898	154.941769375544	138.77	138.781186906113	138.790321241347	138.77742113378	136.94	136.942062333131	136.941910572381	136.943141655623	129.03	129.010504146095	129.015976730275	129.039257312585
2025-02-17	124.87	124.863900310633	124.882256241841	124.881273081405	118.36	118.356260788117	118.375413751015	118.37278358768	117.24	117.250981849251	117.248425327514	117.240027719602	112.97	112.983113123028	112.969587857606	112.970711568644	113.23	113.235820411062	113.227438199442	113.212738715297	116.21	116.208120969068	116.222734917395	116.222239817816	126.7	126.69740869134	126.697646569295	126.720924430784	199.4	199.396120840338	199.39513963775	199.388566670464	209.79	209.797289299031	209.772674582615	209.784604476121	137.36	137.350235488792	137.35319543556	137.373543302279	118.39	118.401064127361	118.388889813144	118.364900398845	115.25	115.238743693602	115.244211242137	115.246880691757	109.9	109.90409032622	109.904995321028	109.88790582251	100.2	100.187009751078	100.18564529085	100.206953695218	99.15	99.1538302348103	99.1394233164644	99.1505905297815	100.2	100.191069657873	100.190523210202	100.204964619358	108.97	108.988350574473	108.963146696987	108.961534594464	127.42	127.413148702909	127.419861968749	127.431010412437	177.02	177.010075699796	177.033889390258	177.034158747389	218.52	218.534136016108	218.531163489851	218.516905979913	197	196.970667348512	196.996030441267	196.980803640174	150.62	150.624037770059	150.61715991133	150.617213831217	140	139.995371808784	140.007459620362	139.997242208353	127.6	127.603097136325	127.610669299292	127.603496079202
2025-02-18	115.27	115.259144412483	115.276146927455	115.270709056616	107.5	107.50613348539	107.499854514614	107.503944461013	98.1	98.1166088231139	98.1087076448146	98.1086975062948	90.88	90.875818354248	90.8831385419204	90.8705080266905	77.9	77.8770425223402	77.8976570717539	77.9073487270384	69.98	69.9998171809495	69.9906581401459	69.9789165907165	100.01	100.007863178118	100.022134690334	100.009026882933	100	100.006404420324	100.00140877601	100.006228177319	114.1	114.103787417037	114.100483662605	114.092187188022	81.99	82.0009067692939	81.9689178914336	81.9908902875515	69.36	69.380463676496	69.3497342035383	69.3453498591396	49.75	49.7548789134277	49.7567863037614	49.7509776561302	18.35	18.3579830199359	18.3642342923682	18.3324575575047	7.18	7.19126790319955	7.19582757661071	7.15400845053418	10.14	10.1432444382479	10.1385720888336	10.1433881679109	26.11	26.1064972995171	26.102969041504	26.1199210894696	60.51	60.5067163164112	60.5072887359511	60.5164263529592	75.77	75.7604974236197	75.758295587425	75.7868590802962	115	114.99691626145	114.998898105595	115.001881831585	159.59	159.611221846567	159.601768491704	159.575443737242	139.41	139.422171665603	139.389208990364	139.403377026893	128.54	128.542346800245	128.533314077228	128.526610896085	123.02	123.018098205241	123.03630028584	123.035225575181	115.65	115.64139686573	115.665703478016	115.661267967245
2025-02-19	118.7	118.698574895594	118.719460100657	118.698429386148	111.98	111.975175063386	111.987876264577	111.984865729535	107.3	107.288690801192	107.288696536842	107.311061721548	102.01	102.02080951475	102.016688002892	102.009328586239	98.35	98.3601102430695	98.3521147203298	98.3454914706831	103.93	103.913540750819	103.936104448988	103.925837215258	121.72	121.728635565095	121.711307340835	121.724531629748	149.5	149.503166218397	149.48984599129	149.485583623413	169.49	169.484231856372	169.525540207411	169.492426676094	133.58	133.593791498063	133.56354013241	133.571971283824	118.92	118.912754918517	118.928329349712	118.91821447147	109.57	109.583175922786	109.559150113824	109.595069956689	103.71	103.705653817312	103.712945462377	103.721337750834	95	94.9958660890658	95.0118136217573	94.9887536705926	87.11	87.1062059844972	87.1144647347239	87.1023451311788	88.01	88.0137587887723	87.9969549666314	88.0130060283213	101.7	101.688559008403	101.689626661747	101.717194476069	121.14	121.128990587344	121.132187178404	121.144019706496	153	153.00389076289	153.000796628928	152.998530994233	190.94	190.944741330513	190.928710829498	190.951734891372	213.2	213.201357545368	213.188416112016	213.208525107779	174.37	174.358729652719	174.361188485531	174.368748696321	135.21	135.201240523352	135.219073182476	135.227233418541	116.97	116.95713589321	116.958940081211	116.976240944558
2025-02-20	100.04	100.035907867453	100.04486334273	100.040212772091	94	94.0068672602518	94.0024663918133	94.0075425282034	93.95	93.9386245212457	93.9465675147187	93.9663704290663	84.03	84.0291584692931	84.0328617263526	84.0334054126416	83.62	83.6236699815833	83.6167719658398	83.6039218048256	85.83	85.8387535015999	85.8099296448725	85.8407971900948	98.19	98.2038490771575	98.209901652205	98.1893768460597	114	113.996882209218	114.001542298512	113.990165497627	132.18	132.177999826191	132.17529886666	132.189081747241	103.52	103.52241085533	103.53650448738	103.532970282114	76.99	76.9969347086585	77.0019247687594	76.9912493556394	53.55	53.5454218384615	53.5425205362612	53.5597268797061	37	37.001474364305	36.98896212433	36.9915645854289	28.3	28.3104265017896	28.2991725919504	28.3057425269632	20.33	20.3311558404099	20.3132484632356	20.3350557466527	29.7	29.7091166188294	29.688256353869	29.6902012564114	50	49.994312976157	49.9986049339843	50.0042125527507	78	78.0082126976386	78.007060830992	78.0005699788428	126.23	126.22557348372	126.238051712709	126.229215414073	138.2	138.204859066016	138.193807250605	138.208904008403	148.57	148.556746851942	148.57779841263	148.572604074979	127	127.000461131781	127.002638470181	127.002926401142	100.04	100.036708137905	100.039752223913	100.051960161747	88	88.0007841329602	87.9936794752463	88.0006845036309
2025-02-21	73.04	73.0224560015854	73.0410639692791	73.0388790796503	69.99	69.9798239159854	69.9918163336972	69.9869877376057	66.23	66.2120948308919	66.2347540219817	66.2198033434793	54.48	54.4814688052794	54.4704287988256	54.4804951888603	40.7	40.6955389928286	40.703962182911	40.6923519713358	38.71	38.714804487057	38.700968885855	38.711467578672	62.39	62.3871481310149	62.3781570495225	62.4030214614102	69.96	69.9572381276876	69.9616555161362	69.9610547564836	72.88	72.8638011796276	72.8905549186023	72.8792261960831	69.9	69.8759819004948	69.890564556507	69.9009554219807	48.96	48.9580213642692	48.9607952031488	48.9525349991186	14	13.998186345327	14.0011290558315	13.9823418794662	3.52	3.51370365254431	3.51614954343414	3.53805193271863	0.42	0.435692131582857	0.416113259738375	0.399142670538982	0.42	0.438063965346861	0.419094035015558	0.417081621082915	3.52	3.52223309651009	3.52114814371155	3.52005787670728	5	4.99964797863158	5.00989849753621	5.00087268250811	47.2	47.1891330664757	47.1939576971782	47.1861105112956	69.9	69.8947927570144	69.9149945342689	69.8802350004324	95.83	95.8302365970173	95.8151288624267	95.8241832984427	85.5	85.4855927209142	85.5091160097206	85.4947901248347	72.94	72.9442416110679	72.9359596016142	72.9347776887112	69.96	69.9494761490539	69.9566054699756	69.9566204128113	70.07	70.0757008273398	70.0701899236868	70.0602684468638
2025-02-22	59.05	59.0615703597274	59.0437883026142	59.0545452331168	53.92	53.9224837016594	53.9301714919511	53.9182302892772	52.12	52.1292238992165	52.1294155039325	52.1210844111942	47.7	47.7033130531509	47.7060629517002	47.7164874973148	47.7	47.7114711882386	47.7132500314357	47.7020714207218	55.54	55.5449191840011	55.5369131595801	55.5351254370951	61.02	61.0317610754374	61.0251873562189	61.0281270898944	72	71.9992424308269	71.995292785581	71.9982212731659	73.34	73.3434749780956	73.3446385170842	73.3399422224139	69.86	69.8645770524125	69.8793886747195	69.8596170481727	62.08	62.0752562498418	62.0970280346143	62.0764117613286	60.31	60.3064372855145	60.3041086361778	60.3269513081461	50.24	50.2277301110348	50.2345963555388	50.2393612346351	43.2	43.2119583655175	43.1888254476969	43.19948224127	44.04	44.0278858815376	44.0609051738644	44.0322016738133	43.65	43.6466301231098	43.6511235873208	43.6494021837991	46.5	46.5016452304009	46.5090820207462	46.5042377703726	72.38	72.3879185800454	72.3967019320623	72.381819838957	119.94	119.947421000204	119.939155633249	119.934527069358	134	133.989273005338	134.006596694143	133.996620404383	123.47	123.472819313982	123.448732450614	123.458129085803	115.57	115.557903698475	115.574543395272	115.557646565034	114.96	114.949592963216	114.967681742806	114.955684722215	105.7	105.708446333418	105.69758760839	105.699944818565
2025-02-23	95.58	95.5643954156897	95.5822983529306	95.5774942492391	90.99	90.9855462828518	90.9921209264835	90.9902034755161	82.02	82.0353537749217	82.0229327717596	82.0401629159474	81.83	81.8211603521641	81.8272312978634	81.8412561073564	79.5	79.5136621704322	79.5204644169933	79.4996168422917	77.04	77.032520919381	77.060106010623	77.0414730552169	77.44	77.4409015083177	77.4412145872272	77.4330544881021	84.1	84.0787597341239	84.0936978352267	84.1015641566712	73.74	73.7383688854111	73.7413907914305	73.7345395251162	63.68	63.6713665078758	63.689328488414	63.6740383710228	30.92	30.9175927795681	30.9076039237746	30.9222257147195	20	20.005448027947	20.0009956212729	19.9880217366511	10.53	10.5400619488094	10.5389194633386	10.5202428273041	15.55	15.5552241049692	15.5449545300955	15.539168418397	11.95	11.9423152856466	11.9625667820794	11.9486501231968	0	-0.00534705514162081	-0.00181863230602556	0.0040175709256793	4.12	4.11789332831505	4.12979849467319	4.11537542339989	52.45	52.4488385957197	52.4589320698962	52.4533186930897	100.9	100.90722276958	100.91699639615	100.911063193489	120.94	120.94342015093	120.954537442038	120.9485543855	130.96	130.971693978006	130.984114534685	130.946505281569	120	119.99564016284	119.99468540598	119.993979983176	100.6	100.607142082235	100.594948378332	100.597512349856	85.7	85.6886216227622	85.7053854296253	85.6921166159941
2025-02-24	76.21	76.2104515730742	76.2136420640963	76.1973273362243	68.31	68.3217484693709	68.3150167811797	68.2955763898312	54.1	54.1128371571558	54.0912209488598	54.0945834662211	47.62	47.6281945713965	47.6216059363305	47.627533475814	45.75	45.7393741207459	45.7504662381724	45.764528252504	52.36	52.3525248511679	52.3344943774229	52.3624282525765	71.78	71.7765571583271	71.7714911812447	71.7596424964182	98.33	98.332516224084	98.3209002498897	98.3445883806496	112.96	112.946280341018	112.94951855544	112.958117635401	97	96.9981021776656	97.0081286363481	97.00662791308	87.83	87.8457114589146	87.8407743999519	87.8461579380511	71.02	71.0088742330099	71.0226450483424	71.0164960666936	51.2	51.2016906152872	51.1946307490722	51.2012593358013	40	39.9942819697112	40.0225930036206	40.0089468078087	30.11	30.1058815567332	30.1031881655016	30.1282708420771	31.7	31.6935158812644	31.7024213750221	31.6967058874071	43.8	43.7874724246293	43.8030904618237	43.774858481852	65.85	65.8684448107707	65.8522142348799	65.8490536420568	107.59	107.595225287697	107.59398982586	107.619385620886	154.67	154.661145249222	154.67998014947	154.663950598299	132.01	132.016087872706	132.010999284921	132.016610650961	114.92	114.917167447916	114.908581632752	114.920410947663	100.54	100.541866961447	100.540696255284	100.537507119242	79.98	79.9735600863749	79.969956434769	79.9878005293804
2025-02-25	88.75	88.7500499444455	88.7250109058918	88.7626268986125	77.12	77.1126222595883	77.1254444919047	77.1061673850015	73.9	73.9002898827924	73.8995492782982	73.8974044487848	73.98	73.9717644809228	73.9832445361056	73.9949509795103	81.17	81.1671429185018	81.1567718711549	81.175054092241	89.26	89.2615331850226	89.2694931446736	89.2488861230952	101	101.008135384945	101.01099891091	101.002821840383	123.75	123.751509073529	123.722721914411	123.761149576206	139.25	139.249742027988	139.238228614488	139.245314321217	125.48	125.474167261512	125.485159848461	125.481908479067	107	107.008814665798	107.005844851678	106.990769683722	92.5	92.4961742451662	92.514048511837	92.4797675483995	79.85	79.8572518404461	79.8433032799349	79.8495722032211	76.37	76.3689876290731	76.3518812187197	76.3811698318641	65.17	65.1506416361661	65.1695874256341	65.1559670505505	69.57	69.5649594262245	69.5606536093808	69.572600122931	71	70.9997517032314	70.9898619916381	70.9966764619603	86.1	86.0844705882918	86.0891808805506	86.0954629892121	114.49	114.490087695501	114.485653257925	114.486836408382	140.99	140.982724059047	140.987758800789	140.998405962606	137.99	137.985638045667	137.983136228167	137.99628629162	128.97	128.958463524918	128.983471878812	128.98081192596	114.29	114.294579713201	114.305136796554	114.293774043023	108.8	108.8006452873	108.822920668562	108.804548787634
2025-02-26	102.48	102.476172958598	102.478640015754	102.477308167874	86.97	86.9869434125875	86.9697933561148	86.967455544341	90.98	90.9828737116378	90.9711861665551	90.9702352287706	86.48	86.4704178098494	86.4873093891396	86.4799599091738	88.69	88.6830758047161	88.6977787684136	88.6875772027045	96.37	96.3782547474264	96.3834854806431	96.3544675405507	111.26	111.267604401384	111.262564060405	111.255011777112	136.58	136.576929442045	136.563239680617	136.596818353192	139.08	139.077199354186	139.07780522063	139.075349472393	104.46	104.45646406413	104.438491207973	104.459030695008	65	65.0085217097993	65.0060922982138	64.9866351235039	63.01	63.0138305668294	63.0073137920538	63.0173174422374	56.2	56.1994382589638	56.200337294054	56.200755410121	57.5	57.4746379729007	57.4915660629152	57.5113752332493	54.59	54.6005173409957	54.5831977461026	54.5875323818715	58.33	58.3344157708698	58.3239699353318	58.3313192539816	71.98	71.9705867606444	71.9780219522103	71.9828951343255	95	94.99870654846	94.9883865204047	94.9916906870164	126.37	126.356905719344	126.357558817944	126.368143445289	161.94	161.944027612512	161.938507015305	161.928511501967	224.5	224.496094839568	224.505156698323	224.499486128088	180.8	180.793064478161	180.80086162098	180.805211358056	128.66	128.655764946491	128.676088923466	128.660104925336	124.68	124.683351732083	124.682468626327	124.690901985944
2025-02-27	115.2	115.194789490981	115.198771960716	115.201356347022	114.36	114.362266976235	114.34414638102	114.362909154125	106.1	106.100642072185	106.107880874668	106.109194519085	103.54	103.541491364611	103.541440589057	103.548118914329	101.1	101.108278750945	101.091260913686	101.095930907358	104.45	104.447643889743	104.444162051978	104.448934672485	117.14	117.12503957672	117.132927719451	117.140578293763	148.26	148.262672738833	148.263662313416	148.253039777636	181.27	181.275429938904	181.272977739448	181.259830022089	129.28	129.280099000518	129.279044348441	129.286682845717	109.88	109.874741757303	109.866780715442	109.860234558905	101.9	101.88798976194	101.909150194626	101.90636837623	93.1	93.100560430463	93.0964550825688	93.1061408433731	89.1	89.1081961247201	89.0886060285982	89.0873315600117	86.9	86.9021700357222	86.8938990022263	86.8894116589551	89.1	89.0916369134565	89.0998193902195	89.0920685599658	100.1	100.091001456629	100.0952205273	100.096088719608	113.95	113.948987669144	113.946800794119	113.944010033867	136.23	136.211277647676	136.231644384807	136.215724989302	166.29	166.305069494003	166.303111230475	166.306842172822	221.08	221.075765616781	221.086741883624	221.07700776963	147.16	147.145821713593	147.147111083666	147.170007464965	122.31	122.322414792723	122.329728978196	122.301390360066	113.5	113.490320897433	113.495428486021	113.511593462274
2025-02-28	112.09	112.088697365285	112.099973537639	112.088602155684	107.54	107.553394203526	107.553810385966	107.535513446956	107.38	107.387593361179	107.370021886677	107.380214809077	104.4	104.399964323044	104.403120741626	104.414513434693	102.49	102.493427191746	102.488359277912	102.490380841554	104.34	104.362617306404	104.348794543792	104.350075908606	115.03	115.038650947917	115.012957603701	115.021711543733	133.87	133.858629206398	133.877701077042	133.886439765516	142.9	142.893390143568	142.892403974455	142.899004548274	115.03	115.011797835116	115.037103087101	115.032455434741	99.49	99.4918318732237	99.4808041619132	99.4842675741724	90	89.9786360037925	90.0085852922687	89.9874077755321	89.08	89.073395841435	89.0895996023958	89.088975330521	80.24	80.2386640298512	80.2417365323414	80.2553082766109	85.2	85.1836648267019	85.1777508375919	85.2142974476183	88.9	88.8967362377872	88.902329379692	88.9082148585053	93.74	93.7310931835165	93.7605370956107	93.7495864131054	114.01	114.017299074706	114.000639378587	114.00002227131	122.69	122.700693980782	122.691487196642	122.682536200259	148.75	148.743895386207	148.747430118035	148.75476841543	130.27	130.250663043453	130.262047662395	130.271450637792	120.49	120.479064763421	120.478630177613	120.474293561228	113.1	113.102059131208	113.107410979948	113.085449259287	106.75	106.738333237213	106.74316723727	106.749701106892
2025-03-01	107.19	107.19	107.19	107.19	90.65	90.65	90.65	90.65	87.49	87.49	87.49	87.49	89.9	89.9	89.9	89.9	79.21	79.21	79.21	79.21	70.75	70.75	70.75	70.75	83.72	83.72	83.72	83.72	86.5	86.5	86.5	86.5	90.92	90.92	90.92	90.92	77	77	77	77	62.62	62.62	62.62	62.62	52.87	52.87	52.87	52.87	45.32	45.32	45.32	45.32	45.66	45.66	45.66	45.66	40.61	40.61	40.61	40.61	36.73	36.73	36.73	36.73	41.75	41.75	41.75	41.75	50.88	50.88	50.88	50.88	74.63	74.63	74.63	74.63	81.99	81.99	81.99	81.99	91.56	91.56	91.56	91.56	80.04	80.04	80.04	80.04	87.49	87.49	87.49	87.49	71.28	71.28	71.28	71.28
2025-03-02	61.01	61.01	61.01	61.01	51.83	51.83	51.83	51.83	50.03	50.03	50.03	50.03	51.21	51.21	51.21	51.21	53.58	53.58	53.58	53.58	56.58	56.58	56.58	56.58	53.98	53.98	53.98	53.98	52.15	52.15	52.15	52.15	52.15	52.15	52.15	52.15	52.75	52.75	52.75	52.75	62.9	62.9	62.9	62.9	51.79	51.79	51.79	51.79	37.5	37.5	37.5	37.5	40	40	40	40	42.19	42.19	42.19	42.19	51.89	51.89	51.89	51.89	72.24	72.24	72.24	72.24	79.59	79.59	79.59	79.59	89.5	89.5	89.5	89.5	108.95	108.95	108.95	108.95	119.87	119.87	119.87	119.87	118.39	118.39	118.39	118.39	91.5	91.5	91.5	91.5	79.02	79.02	79.02	79.02
2025-03-03	77.51	77.51	77.51	77.51	74.01	74.01	74.01	74.01	70	70	70	70	70.01	70.01	70.01	70.01	71.57	71.57	71.57	71.57	77.51	77.51	77.51	77.51	96	96	96	96	103.66	103.66	103.66	103.66	113.04	113.04	113.04	113.04	104.63	104.63	104.63	104.63	104.13	104.13	104.13	104.13	100.8	100.8	100.8	100.8	89.58	89.58	89.58	89.58	89.34	89.34	89.34	89.34	69.06	69.06	69.06	69.06	89.44	89.44	89.44	89.44	98.5	98.5	98.5	98.5	99.14	99.14	99.14	99.14	106.03	106.03	106.03	106.03	131.7	131.7	131.7	131.7	141.55	141.55	141.55	141.55	119.91	119.91	119.91	119.91	112.01	112.01	112.01	112.01	98.41	98.41	98.41	98.41
2025-03-04	98.73	98.73	98.73	98.73	100.38	100.38	100.38	100.38	98.04	98.04	98.04	98.04	95.13	95.13	95.13	95.13	94	94	94	94	98.99	98.99	98.99	98.99	96.78	96.78	96.78	96.78	106.6	106.6	106.6	106.6	109.24	109.24	109.24	109.24	99.71	99.71	99.71	99.71	95.5	95.5	95.5	95.5	79.99	79.99	79.99	79.99	67.84	67.84	67.84	67.84	50.24	50.24	50.24	50.24	59.1	59.1	59.1	59.1	76.75	76.75	76.75	76.75	83	83	83	83	105.73	105.73	105.73	105.73	107.58	107.58	107.58	107.58	149.28	149.28	149.28	149.28	132	132	132	132	116.15	116.15	116.15	116.15	106.14	106.14	106.14	106.14	105.54	105.54	105.54	105.54
2025-03-05	86.86	86.86	86.86	86.86	86.5	86.5	86.5	86.5	86.96	86.96	86.96	86.96	79.85	79.85	79.85	79.85	79.19	79.19	79.19	79.19	81	81	81	81	88.66	88.66	88.66	88.66	109.14	109.14	109.14	109.14	104.69	104.69	104.69	104.69	82	82	82	82	70.2	70.2	70.2	70.2	56	56	56	56	42.39	42.39	42.39	42.39	41.2	41.2	41.2	41.2	41.3	41.3	41.3	41.3	54.53	54.53	54.53	54.53	73.65	73.65	73.65	73.65	86	86	86	86	90.43	90.43	90.43	90.43	109.31	109.31	109.31	109.31	112.77	112.77	112.77	112.77	103.71	103.71	103.71	103.71	92.83	92.83	92.83	92.83	75.46	75.46	75.46	75.46
2025-03-06	72.2	72.2	72.2	72.2	57.1	57.1	57.1	57.1	76.4	76.4	76.4	76.4	67.75	67.75	67.75	67.75	68.9	68.9	68.9	68.9	72.85	72.85	72.85	72.85	75.95	75.95	75.95	75.95	97.49	97.49	97.49	97.49	101.58	101.58	101.58	101.58	82.28	82.28	82.28	82.28	71	71	71	71	74.2	74.2	74.2	74.2	67.7	67.7	67.7	67.7	59.99	59.99	59.99	59.99	54.73	54.73	54.73	54.73	55.07	55.07	55.07	55.07	64.51	64.51	64.51	64.51	77	77	77	77	101.1	101.1	101.1	101.1	128.02	128.02	128.02	128.02	116.51	116.51	116.51	116.51	105	105	105	105	93.97	93.97	93.97	93.97	81.6	81.6	81.6	81.6
2025-03-07	72.33	72.33	72.33	72.33	61.14	61.14	61.14	61.14	56.93	56.93	56.93	56.93	51.17	51.17	51.17	51.17	53.08	53.08	53.08	53.08	56.2	56.2	56.2	56.2	57.98	57.98	57.98	57.98	77.1	77.1	77.1	77.1	77.14	77.14	77.14	77.14	62.27	62.27	62.27	62.27	60.32	60.32	60.32	60.32	35	35	35	35	20.47	20.47	20.47	20.47	9.6	9.6	9.6	9.6	20.9	20.9	20.9	20.9	19.68	19.68	19.68	19.68	25.34	25.34	25.34	25.34	32.75	32.75	32.75	32.75	53.33	53.33	53.33	53.33	54.2	54.2	54.2	54.2	61.1	61.1	61.1	61.1	57.3	57.3	57.3	57.3	55	55	55	55	43.99	43.99	43.99	43.99
2025-03-08	5.1	5.1	5.1	5.1	0	0	0	0	0	0	0	0	-0.9	-0.9	-0.9	-0.9	-1.1	-1.1	-1.1	-1.1	-3	-3	-3	-3	-0.19	-0.19	-0.19	-0.19	-0.19	-0.19	-0.19	-0.19	-1.1	-1.1	-1.1	-1.1	0	0	0	0	-0.45	-0.45	-0.45	-0.45	3.5	3.5	3.5	3.5	-2	-2	-2	-2	0.01	0.01	0.01	0.01	-0.43	-0.43	-0.43	-0.43	-5	-5	-5	-5	-3.62	-3.62	-3.62	-3.62	-0.45	-0.45	-0.45	-0.45	32.5	32.5	32.5	32.5	41.3	41.3	41.3	41.3	41.13	41.13	41.13	41.13	40.65	40.65	40.65	40.65	39.9	39.9	39.9	39.9	38.06	38.06	38.06	38.06
2025-03-09	35.4	35.4	35.4	35.4	34.01	34.01	34.01	34.01	35.01	35.01	35.01	35.01	27.84	27.84	27.84	27.84	23.5	23.5	23.5	23.5	26.42	26.42	26.42	26.42	26.81	26.81	26.81	26.81	30	30	30	30	33	33	33	33	28.27	28.27	28.27	28.27	9.99	9.99	9.99	9.99	7.66	7.66	7.66	7.66	11.21	11.21	11.21	11.21	6.8	6.8	6.8	6.8	3.52	3.52	3.52	3.52	15.56	15.56	15.56	15.56	35.1	35.1	35.1	35.1	47.68	47.68	47.68	47.68	89.02	89.02	89.02	89.02	125.01	125.01	125.01	125.01	127.6	127.6	127.6	127.6	114.76	114.76	114.76	114.76	97.04	97.04	97.04	97.04	88.06	88.06	88.06	88.06
2025-03-10	84.71	84.71	84.71	84.71	76.03	76.03	76.03	76.03	70.74	70.74	70.74	70.74	69.99	69.99	69.99	69.99	65.7	65.7	65.7	65.7	70.43	70.43	70.43	70.43	99.27	99.27	99.27	99.27	123.06	123.06	123.06	123.06	126.68	126.68	126.68	126.68	97.14	97.14	97.14	97.14	85.99	85.99	85.99	85.99	77.95	77.95	77.95	77.95	78.72	78.72	78.72	78.72	80.24	80.24	80.24	80.24	76.66	76.66	76.66	76.66	75.65	75.65	75.65	75.65	81.86	81.86	81.86	81.86	97.82	97.82	97.82	97.82	119.84	119.84	119.84	119.84	149.36	149.36	149.36	149.36	128.6	128.6	128.6	128.6	107	107	107	107	99.37	99.37	99.37	99.37	92	92	92	92
2025-03-11	91	91	91	91	83.35	83.35	83.35	83.35	80.27	80.27	80.27	80.27	82.36	82.36	82.36	82.36	82.36	82.36	82.36	82.36	87.62	87.62	87.62	87.62	90.87	90.87	90.87	90.87	111.57	111.57	111.57	111.57	123.96	123.96	123.96	123.96	100.15	100.15	100.15	100.15	87.21	87.21	87.21	87.21	75	75	75	75	77.92	77.92	77.92	77.92	72.87	72.87	72.87	72.87	70.01	70.01	70.01	70.01	66.24	66.24	66.24	66.24	69.1	69.1	69.1	69.1	77.5	77.5	77.5	77.5	112.59	112.59	112.59	112.59	157.5	157.5	157.5	157.5	136.26	136.26	136.26	136.26	119.33	119.33	119.33	119.33	107.8	107.8	107.8	107.8	105.26	105.26	105.26	105.26
2025-03-12	89.99	89.99	89.99	89.99	79.9	79.9	79.9	79.9	70	70	70	70	71.68	71.68	71.68	71.68	71.14	71.14	71.14	71.14	70.01	70.01	70.01	70.01	80.36	80.36	80.36	80.36	103.08	103.08	103.08	103.08	104.44	104.44	104.44	104.44	88.99	88.99	88.99	88.99	74.6	74.6	74.6	74.6	71.58	71.58	71.58	71.58	70.29	70.29	70.29	70.29	70	70	70	70	68	68	68	68	70.58	70.58	70.58	70.58	72.11	72.11	72.11	72.11	104	104	104	104	130.41	130.41	130.41	130.41	176.7	176.7	176.7	176.7	146.36	146.36	146.36	146.36	132.2	132.2	132.2	132.2	120	120	120	120	105.74	105.74	105.74	105.74
2025-03-13	106.95	106.95	106.95	106.95	103.46	103.46	103.46	103.46	99.79	99.79	99.79	99.79	95.12	95.12	95.12	95.12	92	92	92	92	98.27	98.27	98.27	98.27	109.01	109.01	109.01	109.01	149.28	149.28	149.28	149.28	155.28	155.28	155.28	155.28	135.01	135.01	135.01	135.01	109	109	109	109	107.24	107.24	107.24	107.24	102.75	102.75	102.75	102.75	95.52	95.52	95.52	95.52	92.78	92.78	92.78	92.78	92.47	92.47	92.47	92.47	92.48	92.48	92.48	92.48	97.97	97.97	97.97	97.97	107.6	107.6	107.6	107.6	162.86	162.86	162.86	162.86	151.98	151.98	151.98	151.98	126.51	126.51	126.51	126.51	106.49	106.49	106.49	106.49	93.9	93.9	93.9	93.9
2025-03-14	51.75	51.75	51.75	51.75	31	31	31	31	25.15	25.15	25.15	25.15	25.01	25.01	25.01	25.01	27	27	27	27	33.28	33.28	33.28	33.28	62.84	62.84	62.84	62.84	98.7	98.7	98.7	98.7	99.2	99.2	99.2	99.2	79.09	79.09	79.09	79.09	50.83	50.83	50.83	50.83	27.9	27.9	27.9	27.9	24.7	24.7	24.7	24.7	23.8	23.8	23.8	23.8	6.16	6.16	6.16	6.16	5.01	5.01	5.01	5.01	19	19	19	19	42	42	42	42	91.34	91.34	91.34	91.34	134.51	134.51	134.51	134.51	130.01	130.01	130.01	130.01	114.22	114.22	114.22	114.22	104.15	104.15	104.15	104.15	96.54	96.54	96.54	96.54
2025-03-15	82.93	82.93	82.93	82.93	86.2	86.2	86.2	86.2	55.03	55.03	55.03	55.03	51.89	51.89	51.89	51.89	51.43	51.43	51.43	51.43	51.68	51.68	51.68	51.68	51.89	51.89	51.89	51.89	54.68	54.68	54.68	54.68	34.22	34.22	34.22	34.22	3.52	3.52	3.52	3.52	-0.35	-0.35	-0.35	-0.35	-2	-2	-2	-2	-2	-2	-2	-2	-2	-2	-2	-2	-1.9	-1.9	-1.9	-1.9	-1.5	-1.5	-1.5	-1.5	1	1	1	1	29.52	29.52	29.52	29.52	83	83	83	83	128.96	128.96	128.96	128.96	117.46	117.46	117.46	117.46	105.06	105.06	105.06	105.06	103.64	103.64	103.64	103.64	95.26	95.26	95.26	95.26
2025-03-16	80.93	80.93	80.93	80.93	65.3	65.3	65.3	65.3	62	62	62	62	62.22	62.22	62.22	62.22	62.87	62.87	62.87	62.87	64.19	64.19	64.19	64.19	63	63	63	63	68.1	68.1	68.1	68.1	60.35	60.35	60.35	60.35	43.49	43.49	43.49	43.49	30.3	30.3	30.3	30.3	16.06	16.06	16.06	16.06	11.52	11.52	11.52	11.52	16.37	16.37	16.37	16.37	14	14	14	14	11.99	11.99	11.99	11.99	25.3	25.3	25.3	25.3	46	46	46	46	82.93	82.93	82.93	82.93	139.66	139.66	139.66	139.66	130.43	130.43	130.43	130.43	112.31	112.31	112.31	112.31	107.07	107.07	107.07	107.07	91	91	91	91
2025-03-17	74.08	74.08	74.08	74.08	71.26	71.26	71.26	71.26	70.86	70.86	70.86	70.86	66.36	66.36	66.36	66.36	66.46	66.46	66.46	66.46	68.33	68.33	68.33	68.33	72.66	72.66	72.66	72.66	129.66	129.66	129.66	129.66	132.51	132.51	132.51	132.51	96.19	96.19	96.19	96.19	76.6	76.6	76.6	76.6	70.07	70.07	70.07	70.07	59	59	59	59	55.99	55.99	55.99	55.99	57.82	57.82	57.82	57.82	67.34	67.34	67.34	67.34	68.1	68.1	68.1	68.1	78.71	78.71	78.71	78.71	108.93	108.93	108.93	108.93	170.1	170.1	170.1	170.1	137.5	137.5	137.5	137.5	107.97	107.97	107.97	107.97	105.8	105.8	105.8	105.8	81.95	81.95	81.95	81.95
2025-03-18	58.8	58.8	58.8	58.8	40.32	40.32	40.32	40.32	40	40	40	40	34.9	34.9	34.9	34.9	34.8	34.8	34.8	34.8	38.99	38.99	38.99	38.99	56.34	56.34	56.34	56.34	83.87	83.87	83.87	83.87	95.39	95.39	95.39	95.39	72.65	72.65	72.65	72.65	37.84	37.84	37.84	37.84	14	14	14	14	27.2	27.2	27.2	27.2	9.68	9.68	9.68	9.68	6.1	6.1	6.1	6.1	24.59	24.59	24.59	24.59	33.3	33.3	33.3	33.3	41.91	41.91	41.91	41.91	74	74	74	74	147.29	147.29	147.29	147.29	131.97	131.97	131.97	131.97	100.7	100.7	100.7	100.7	90	90	90	90	74.43	74.43	74.43	74.43
2025-03-19	36.68	30.01	29.18	20.8	44.02	39.02	30.01	30	27.84	20.8	20.46	20.46	19.08	18.97	18.97	18.97	18.97	18.97	18.97	18.97	18.97	18.75	18.97	18.97	23	23	29	30.01	87.38	87.38	87.38	75.38	35.01	23	0	-0.24	11.1	10.68	10.43	10.1	2	-0.2	-2	-3.62	0.66	0	-3.62	-3.62	0	-2	-2	-3.62	-2	-2	-3.62	-3.62	-3.62	-3.62	-3.62	-3.62	-2.79	-3	-2.79	-2	-3.62	-3	-1.9	0	-2	-0.24	1.06	3.96	-0.24	-0.2	20	31.1	35.68	36.68	36.68	36.68	52.96	52.96	52.96	52.96	38.26	38.26	38.26	37.16	30.34	25.44	23.78	20.63	16.09	16.09	12.3	11.1
2025-03-20	-3.62	-3.62	-3.62	-3.62	-3.62	-5	-5.5	-5.5	-3.62	-3.98	-3.98	-3.99	-3.62	-3.98	-3.98	-3.98	-3.98	-3.98	-3.98	-3.62	-5	-5	-3.62	-3.62	-5.5	-5	-3.62	-3.62	0	0	0	2.7	14	14	13.93	9	5	4.9	3	0.65	2.52	1.02	0	-0.2	2.42	0.1	0	-3.62	0	-0.45	-0.45	-1	-1.81	-0.45	-0.2	0	-3.62	-0.2	0	0	-0.2	0	0	0.01	2.7	6.89	7.73	13.47	9.9	20.2	26.1	30.99	24.96	57.96	67.96	81.21	96.68	99.6	100.6	99.6	99.6	91.74	91.74	76.29	74.49	62.99	61.99	48.5	48.21	48.21	50.21	49.21	46.34	40.34	40.34	38.34
2025-03-21	0	0	0	0	-0.45	-0.45	-0.45	-3.49	0	0	-0.45	-1.81	-0.8	-0.8	-3.62	-3.62	-1.48	-1.68	-3.62	-3.62	-3.62	-1.3	-3.62	-3.62	-0.45	-1	-2.14	-1	17	17	17	12	21.6	11.66	7	0.01	4.31	3.52	0.1	0	3.52	1	0	0	0	0	0	-3.62	0	0	0	-0.45	0	0	0	-0.45	0	0	0	0	0	0	0.1	0.65	0.68	0.89	1.1	1.21	-0.48	0	1.76	3.52	0	6.07	9.5	14.5	27.75	34	35	35	57.89	57.89	51.63	40	57.89	50.71	45	31.29	23	25.42	23	23	15	15	15	11.21
2025-03-22	2.62	2.52	2.08	2.08	1.73	1.52	1.38	0.99	-1.15	-1.73	-1.73	-1.73	-1.73	-1.73	-1.73	-1.58	0	0.46	0.48	0.48	0	0.66	0.96	1	0.63	0.62	0.62	0.62	0.6	0.5	0	-0.45	3.52	0.65	0	-1	0.01	0	-1	-2	-0.01	-1	-2	-2.5	-2	-2	-2.5	-2.79	-2.79	-3	-3.62	-3.62	-3	-3.3	-3	-2.9	-3.62	-3.62	-3.62	-3.62	-2.01	-2.01	-2.01	-2.01	-3.62	-3.62	-3.62	-2.5	-3.62	-3.53	-1.73	0.63	-2	0.5	5.73	11.55	35.5	40	44.9	50.01	92.09	76.01	76.01	69.44	70.95	52.24	56.03	47.05	48.9	46.61	48.9	43.9	34.51	33.01	34.01	31.91
2025-03-23	35.01	35.01	33.01	30.5	23.55	16.77	16.77	16.77	15.96	14.97	10.59	9.98	7.6	5.1	5.1	5.08	6.5	6.5	4.49	4.25	4.73	4.37	3.74	3.74	5.05	5.05	5.1	5.1	0.1	0	0	-0.1	7.4	2.4	-2	-3.59	3.52	3.52	3.52	0	0.65	0.15	0.15	0	0.54	0.04	0.04	0	-0.01	-0.4	-0.4	-0.4	0	0	0	0	0	0	0	-0.1	-0.5	-0.5	-0.5	-0.5	-0.48	-0.48	0	0.02	-3	-0.49	3.52	3.78	19.75	35.01	47.97	50.71	108	110.17	117	109.62	140.73	126.4	126.02	125.42	125.01	111.62	111.5	109.15	101.84	101.59	100	98.94	63.12	63.11	63.11	63.11
2025-03-24	39.03	39.03	39.03	39.03	27	27	27	26	23	23	23	23	20.96	20.96	20.96	20.96	20.87	20.87	20.87	20.87	24	24	24	24	40.38	40.38	40.38	40.38	104.77	106.21	103.92	90	52.14	42.9	37.93	34.93	36.14	35.2	26.29	21.14	5.52	5	4.52	4.31	3.3	2.65	2.65	2	1.65	2	2.65	2.65	3.52	3.52	3.52	3.52	3.52	3.52	3.52	3.52	4.52	5	5	5	14	17.5	18.73	22.4	20.79	23.79	32.63	35.29	49.99	59.99	71.49	97.16	179.1	179.1	179.2	179.1	166.22	158.8	155.8	148.8	133.97	121.04	120.96	116.25	109.09	108.12	111.13	109	104.73	103.35	104.2	82.23
2025-03-25	41.76	42.99	41.91	40.51	27.76	25.26	23.25	21.66	13.13	13.13	13.13	13.13	12.2	12.2	12.2	12.2	12.73	12.73	12.73	12.73	19.27	19.7	20.31	20.87	37.38	44.94	47.13	48.57	100.99	101.99	94.54	90.99	54.43	50.13	35.63	16.93	9.73	5	1.91	4.38	3.52	1.06	1.06	1.06	0.01	0	0	0	0.01	0.01	0.01	0.01	0.1	0.15	0.65	0.65	0.63	0.65	0.65	0.65	1.54	3.52	3.52	3.52	3.6	3.6	3.65	4.31	4.7	10.1	15.2	22.2	53.25	65	65.05	89.52	160.86	160.86	160.86	157.64	158.84	157.3	156.74	156.19	130	127.69	126.3	126.26	112.24	106.5	106.92	104.28	99.01	99	99	98
2025-03-26	50.7	50.7	47.39	47.39	30	30	30	30	14.95	14.8	14.8	14.8	14.46	14.46	14.46	14.46	19.18	18.09	18.07	18.57	25.9	25.9	26.09	26.59	60	60	60	65	96.79	101.68	95.89	90.79	49.7	26.7	16.97	8.41	0.65	0.2	0.01	-3	0	-0.01	-0.01	-0.01	-0.67	-1.5	-2.44	-3.24	-2.5	-3	-3.29	-3	-2.95	-2.95	-2.95	-2.44	-2.4	-2.2	-2	-1.5	-0.46	-0.46	-0.45	-0.45	-3.31	-2.51	-1.26	-0.01	-5	-2	0	0.65	17	22	32	42.99	110.22	115.22	118.23	120.22	126.66	121.15	120.33	106.66	102.94	102.94	100.94	89.94	90.34	93.26	96.43	96.43	53.68	50.69	49.68	50.68
2025-03-27	77.53	58.54	51.44	57.27	38.76	28.76	23.34	36.96	18.3	18.3	19.8	18.3	18.19	18.19	18.19	18.08	18.19	18.3	18.3	18.3	14.09	14.09	19.05	21	83.92	84.42	85.1	85.92	125.03	125.15	123.03	112.53	89.91	64.9	36.29	19.46	11.53	4.31	2.01	0.65	0.65	0.01	0	0	0	0	0	0	0	0	0	0	0	0	0	0	0	0	0	0	0	0	0	0	0	0	0	0	0.65	1.61	3.52	4.96	18.19	33.81	47.81	75.2	157	150	154.25	150	145.57	140.57	132.28	127.58	117.84	117.1	116	109.75	103.6	104.35	105.98	103.6	93.2	93.2	95.08	89.57
2025-03-28	56.4	58.4	57.4	51.4	37	37	37	37	35.01	33.75	35.01	35.01	29.01	29.01	29.01	29.01	29.01	29.01	29.01	29.01	29.01	29.5	29.01	29.5	50.4	50.4	51.39	51.4	88.83	86.89	81	72.71	45.08	29.01	10.08	0	5	3.52	0.65	0.02	0	0	0	0	0	0	-0.01	-0.62	0	-0.01	-0.01	-0.62	-0.01	-0.01	-0.01	-0.01	-0.62	-0.62	-0.62	-0.62	-0.62	-0.62	-0.62	-0.62	-0.62	-0.62	-0.62	-0.62	-0.62	-0.22	0	0	-1	1.53	14	25.08	57	62	67	69.3	90.59	85.35	84.86	80	75.53	63.53	63.48	58.53	50	50	50	50	26.8	25.8	25.8	25.12
2025-03-29	-5	-5	-5	-5.37	-1.01	-2	-1.01	0	-4.72	-5.62	-5.62	-5.62	-6.72	-7	-6.72	-6.72	-9	-9	-9	-5.62	-5.04	-5.01	-5.01	-5	-2	-2	-1.54	-1.01	-1.38	-5.1	-5.62	-6.28	0	-4.99	-5.62	-9	-2	-5.21	-5.21	-5.51	-5.21	-5.21	-5.21	-5.21	-5	-5	-5	-5	-5.37	-5.62	-6.99	-6.99	-6.99	-6.99	-6.99	-6.99	-7.19	-7.19	-7.19	-7.19	-7.19	-7.19	-7.19	-7.19	-8.76	-5.62	-5.62	-5.62	-5.62	-5.21	-5	-3.25	-4.5	-1.5	0	0	4.74	7.14	10	11.1	18.75	18.75	18.16	18	16.08	15.48	15	13.59	8.03	6.23	6.13	6.13	3	1	1	1
2025-03-30	-11.39	-10	-9.4	-8.62	-7	-7	-7	-8.62	-7	-7	-7	-8.62	-8.36	-8.62	-8.62	-8.62	-8	-8	-8	-8	-7	-7	-7	-8	-4.55	-5	-4.83	-5.37	-3.37	-3.62	-6.21	-4.98	0	-0.5	-3.62	-6.21	-1.54	-4.32	-6.21	-7	-5.1	-6.21	-7	-7.32	-7.8	-8	-8	-8	-8	-8	-8	-8	-8	-8	-8	-8	-8.62	-8.62	-8.62	-8.62	-10	-10	-8.62	-8	-8.62	-8.5	-8	-8	-8.62	-8	-8	-8	-6.21	-5.7	-3.2	-2.19	-3.62	-0.09	1.51	3.52	18	18.75	19.08	19.3	40.01	40.01	34.01	30.01	19.3	19.19	19.08	19.08	2.64	0.63	-0.1	0.63
2025-03-31	3.01	2	1.06	0.66	2.5	2.5	2.1	2	3.3	3.5	3.5	3.5	0.65	0.66	0.66	0.66	0.65	0.65	0.65	0.65	1.1	2	3.01	3.52	7.44	7.44	8.2	10.01	48.64	65.53	71.03	75.03	81.51	76.26	56.32	41.26	10.01	4	0	-2	0	0	0	-0.01	-0.51	-0.81	-0.51	-1.3	-1.67	-2	-2	-2	-1	-1	-1.63	-2	-0.93	-0.62	-0.62	-0.52	-2	-2	-2	-1.2	-3.62	-3.62	-3.62	-2	-5	-3.62	-2.51	-1.02	-1.83	0.2	3.52	10.01	24.46	49.9	60.5	84.14	144.79	146.78	148.79	143.7	195.25	194.25	195.25	195.24	119.7	119.85	119.85	119.85	94.86	93.01	94.96	91.7
2025-04-01	90	89.9962819784179	90.0021895807337	90.023122336717	75.78	75.7697056563066	75.7668781835424	75.7810204213949	68.02	68.0224273361622	68.012689037532	68.0061336848194	55.47	55.4701286734722	55.4839574486755	55.4830718985342	53	53.0071297794825	52.993290576814	53.0026295352275	55.97	55.9466600006172	55.9717569451264	55.980622897703	72.2	72.2158991949305	72.2067305828077	72.2091768385246	144.51	144.494479304559	144.50646567413	144.49229115406	179.36	179.366026411584	179.399124657981	179.356073684778	99.97	99.9581683478477	99.969465233552	99.9810307781515	50.84	50.8550461079155	50.8435688344039	50.8359600330353	12	12.0058137937551	12.0108771666891	11.9881978857846	0	0.00337633505048687	-0.0150220248412357	-0.00942593233570379	0	-0.0103398288730887	0.0192276951341757	-0.00955626935777537	-0.58	-0.594431831805585	-0.589301657176481	-0.602479037167312	-0.02	-0.029323495808641	-0.00985327814628201	-0.0212429340122641	-0.01	-0.00713022742595099	-0.00743951258465786	-0.0111834460917879	0	-0.0199127011362647	-0.0187808619443319	0.00695393886869756	4.74	4.73900011884935	4.73482648288267	4.75039597450124	42.02	42.0007915476859	42.0245765125005	42.020929143404	114.81	114.817558714571	114.80780039823	114.817775212776	130.6	130.604985297229	130.584260545688	130.613249201496	84.2	84.1744943487538	84.1954059591191	84.1809495284928	58.69	58.6790266753982	58.6849759327095	58.6764374617185
2025-04-02	43.21	43.2157060402886	43.2161532228538	43.2003319380233	26.34	26.3622961829899	26.3401014524034	26.3462042121546	29.23	29.2235738415365	29.2318215704378	29.2369510573544	22	22.0176319054544	21.9995914680882	21.9957431944454	15.68	15.6769135555461	15.671226712577	15.7002944451003	21.34	21.3404433770007	21.3355597297888	21.3453839121152	34.86	34.8505058523021	34.8666321637257	34.8443349644797	80	80.0159989439965	79.9920150236379	80.0203037633095	110	110.016623789188	109.999312305889	109.997605625259	87.48	87.4609973927028	87.4751060012044	87.46956466804	34.82	34.8358747889902	34.8216376224796	34.817592657563	10.3	10.2871742525294	10.3068062485475	10.2889087562236	0.65	0.636183949674368	0.63272016367056	0.647551098345743	-0.5	-0.50125915635006	-0.5019722053385	-0.506290233390158	0	-0.00574733792087874	-0.00516622359092035	-0.00117744483458715	-0.01	-0.00533701226613716	-0.0307036835863702	-0.00922791883008725	0	-0.00533407283555903	-0.0184812196691722	-0.00734505424329441	-0.02	-0.00591862244903549	-0.0269065096469811	-0.0274644226995716	0.99	0.989161290971298	1.00089417249079	0.99355434535899	23.8	23.7901556888696	23.8208198100456	23.8062074472902	53.11	53.0949434255167	53.1086248070315	53.1134050074756	66.61	66.6003774929679	66.6110774586299	66.6175216369136	36.06	36.0570840430007	36.0610393722976	36.0648869868757	37.3	37.2962558068843	37.2974791164158	37.312238611095
2025-04-03	5	4.98843072332812	5.01800798155335	4.98643540284391	11.87	11.8592729141161	11.8808735090327	11.8664077698779	10.32	10.3207239940086	10.3379124645876	10.3032613459439	5.07	5.05142782835316	5.07533879094681	5.06875671187959	0	0.0101886029020997	-0.00595817127108658	0.0135349793150141	-1	-0.997707690212568	-0.988793611147675	-1.00033844024133	0	0.0086343880795233	0.00297963957823621	-0.0159110165385319	38.11	38.1182495776476	38.1150472543178	38.1142931493114	56.83	56.8176694388903	56.8323694784293	56.8427865697352	58.24	58.2515442812024	58.2463219152104	58.2420598639127	28.96	28.971923500572	28.9719077328048	28.9363025693533	3.52	3.52184292135663	3.52790684513543	3.51060862958801	3.52	3.50911124080158	3.52671921667186	3.51755011822479	0.65	0.663763420660988	0.642074802056807	0.632252099116698	0.01	0.00546373135799566	0.0180324109109707	0.0212444820355357	0	0.00258562562857526	0.0116115056197876	0.00563670861549815	1.87	1.88178623439997	1.874285797038	1.86470450258172	0	0.00460856862334119	0.00919415062518492	0.0103496348850942	-0.34	-0.33862085718719	-0.356804335694018	-0.335695897492487	-1	-1.00039259972096	-1.003943604378	-0.998914483933301	75	75.0087774890265	74.9882434715848	74.9937344611993	79	78.9931798275571	79.0032765979397	78.9867237839654	35.01	35.020648676328	35.0064200446142	35.0120207711248	14	13.9872322451231	14.0011535336865	13.986103422521
2025-04-04	0.5	0.503127542967178	0.51175651069262	0.499057927451886	3.52	3.53408369050222	3.50657507906994	3.50209124964433	3.02	3.0232268235433	3.0322334319549	3.02105266254184	0.01	0.00683582176207577	0.00860336574682144	0.00682582437881162	0	-0.00412226034271285	0.00608894538738709	0.00267297196132432	0	-0.00220600848812775	-0.0176763751187471	0.0062109599188847	0	-0.00450537036225242	0.00315907374216815	0.0055465618936768	31.5	31.4985667517354	31.5032991357751	31.5040746784277	64.01	64.0019402804444	64.0123306890431	63.9963973797013	28.83	28.8007340324406	28.8353983605455	28.8409922893306	15.55	15.5414755512096	15.5555163251662	15.5625325334452	3.52	3.51202532562262	3.50294457682825	3.51771556554481	0.05	0.0721120290378451	0.0437925395519555	0.0512188858858258	0	-0.0154549537165804	-0.00346215298608547	0.0160533792088425	0	-0.00457333983341498	-0.00111293996949158	-0.021114790765898	0	-0.00251388504420179	-9.52455592815107e-05	-0.0025800855052463	-2.9	-2.89618221773578	-2.90327533870433	-2.91578764026802	0.65	0.624231111691793	0.651820584536208	0.652674194553198	0	0.00421157196790911	0.0174468584564688	-0.00152998955659251	-1	-0.998694733160186	-0.982571126380602	-1.00351216881002	25.01	25.014188997956	25.0197675929602	25.0150323409995	59.35	59.3377048680193	59.3604568130156	59.3492714860332	35.01	34.9925527989547	35.0190870681659	35.0164660204297	20.76	20.7647170315346	20.7516392579735	20.7652246799045
2025-04-05	35	34.998228996055	35.0059132352855	34.9913263023278	19.97	19.9689662670577	19.9588950727865	19.9672823718004	17.01	16.994237050903	17.0099558439392	17.0070686237698	16.34	16.3338252707702	16.3244391637833	16.342480002723	11.2	11.2177994569219	11.1795112852897	11.2054108164808	13.45	13.4404023979497	13.4366315569096	13.4479840841805	16.85	16.8564009383181	16.8383819154232	16.8557992941955	17.35	17.3354807491177	17.3599398125918	17.3494388491235	31.46	31.4470693361706	31.4632256669953	31.4549930324253	30	29.9976795843063	30.0055523358991	29.9844696040532	20.65	20.645217212855	20.648122832407	20.6458998101286	2.87	2.87066136964046	2.86011544733133	2.86030182287587	-0.02	-0.0211383393949	-0.0082361139708343	-0.0374165797132067	-1	-1.00888387586927	-0.990874284707707	-0.98234604952085	-1	-1.00442298515236	-1.01548384956837	-0.98915260073462	-1.2	-1.20489149147643	-1.20398990308833	-1.20098980107481	-1.09	-1.06746293522501	-1.09007758656106	-1.09814034401057	-1.96	-1.96983567115593	-1.96948980342412	-1.96307372905808	0.56	0.570480897315811	0.557931284921891	0.553060817296061	26.49	26.5034547050959	26.4674329229152	26.480943287027	93.61	93.5999040876529	93.596887333627	93.6090417504924	99.94	99.9491483537437	99.9398599439782	99.9436091117707	89.96	89.9575490845693	89.9703812342452	89.9697045347303	81.18	81.1921784736948	81.1967505145445	81.1747129174423
2025-04-06	77.47	77.4565482716289	77.4710179282716	77.4687635057964	60.01	59.9986783745584	60.0021769466033	60.0148396499931	42.01	42.0282627623113	42.0253201367329	42.0133895215353	20.01	20.0040180775148	20.019655993972	20.0001831774023	20.5	20.4752212454592	20.4955426663441	20.5169545824064	22.37	22.3770847440502	22.383014420447	22.3650668446687	20.11	20.1140584620172	20.118504784668	20.0989623606766	22.47	22.4582576631765	22.4738211885711	22.4761570043107	50.28	50.2814454684983	50.2761876637286	50.2763596180471	27.96	27.9606305137107	27.9698520754792	27.9561757181378	3.99	3.98446248579303	3.98598438091691	3.97730378671878	-0.2	-0.21152863089148	-0.190287053795974	-0.20311645119459	-0.53	-0.527337947764455	-0.534361220774887	-0.518451164191239	-0.64	-0.659921531467866	-0.648597570821656	-0.628564015891492	-0.2	-0.199946535290724	-0.200912187399056	-0.194862972486915	-1.12	-1.12422346546032	-1.12732911883421	-1.12505054155254	-1.49	-1.48423649463203	-1.49284768906166	-1.49197521358685	-9	-9.0020921403	-8.99273035805742	-9.01737774371056	0	0.0024036845309711	-0.0034820967453253	0.0100157607039669	2.51	2.51927466800635	2.50446978625914	2.51493077120307	74.91	74.8999792624048	74.9169113944708	74.8995544808492	80.57	80.5734862572874	80.5516504398655	80.5575740933407	69.51	69.5224202477875	69.4916560983405	69.5200305435318	67.22	67.2246355139286	67.2335483297489	67.2082882832938
2025-04-07	48.37	48.3502532570839	48.3791058646593	48.3763956995544	40.9	40.8861792258618	40.8917811776204	40.9021668900097	42.32	42.3186104479925	42.3244002024871	42.3088658987894	38.54	38.5454786924455	38.5291739192135	38.5294031703255	38.74	38.7472905976397	38.7207225857665	38.7619352571385	41.22	41.2168196105835	41.2165949839316	41.2234714263433	61.1	61.1054735496307	61.0919807536568	61.1043239498761	151.86	151.851902568761	151.869462683698	151.851711201922	143	143.01882709379	143.00857685526	142.993784835582	90	90.0059464307215	89.9905146006926	89.9901617318799	44.76	44.7637753760298	44.760086246937	44.7458759178392	8.51	8.48541579055323	8.52669119047029	8.49946618535769	2	2.00811004160768	2.006212051059	1.99925937936584	0.79	0.783915546605664	0.79713040689015	0.792955371833837	-0.02	0.00204517606930574	-0.0336961958006692	-0.0228467680197892	0	-0.00685276886830678	0.00395881815360434	-0.00857270147214744	0.15	0.154690584376954	0.1471695252628	0.150253924825381	2.26	2.26114874695448	2.26187907197909	2.26633854066945	11.16	11.1707214630806	11.1475784189657	11.1575474340255	29.1	29.108467993043	29.093616789263	29.1078718309098	151	151.003395687402	150.987547797899	150.996115292009	181.46	181.449988204819	181.460157936168	181.452711642543	120.01	119.992841895175	120.005660000649	120.025501710721	99.84	99.8383124759769	99.8383921731463	99.8266665980593
2025-04-08	78.91	78.8985059917456	78.9056693308003	78.8990437351469	70.11	70.0865042630553	70.1094059695978	70.1012559537084	69.07	69.0924097510547	69.0740136386697	69.0633346284797	57.5	57.5072888115127	57.4929167950932	57.4845028329965	49.22	49.2316424977319	49.2246389115478	49.2234918942594	51.16	51.1619784193527	51.161227247677	51.1706861106853	58.5	58.4971327012397	58.5019711762984	58.5006407721879	111.66	111.65682567894	111.667660206472	111.655784374379	104	104.00432822481	104.010002794659	104.010421909957	72.88	72.8899491567909	72.8680149622458	72.89234274439	3.52	3.50934490596909	3.52486761829748	3.54045542758216	-3.62	-3.61956358265944	-3.61320233908001	-3.62400989739047	-3.37	-3.35670053557328	-3.36151142687411	-3.36290077447793	-3.62	-3.60747753262314	-3.63783717190995	-3.61066401753504	-3.62	-3.60831254893087	-3.61233606250235	-3.61204144911373	-5	-5.00503055968246	-4.98973702711026	-4.98943540643511	-4.92	-4.92179379333736	-4.91391499934928	-4.91467578039092	-4.51	-4.50963081745908	-4.52481692561168	-4.48627414133259	-4.92	-4.90087368096719	-4.9137947936611	-4.91395457861366	11.72	11.7198184102214	11.7293105156585	11.7205147848481	101.6	101.588516046472	101.582689725828	101.614551165532	124.44	124.43356515993	124.434115672981	124.432979342564	85.88	85.8891387491119	85.871334781955	85.8742645441678	72.33	72.3159503791245	72.3589123230296	72.3537664895149
2025-04-09	52.13	52.1393616193397	52.14303987438	52.1200186629572	40	40.0224839375591	39.996927347956	40.003558129067	33.68	33.6488494752312	33.6885091608238	33.6911736852624	32.06	32.0709368360104	32.0867332123547	32.0541775683577	28.46	28.4526308659748	28.4511085284871	28.465210275914	25.9	25.8936226048301	25.9103281493567	25.9073496453817	31	30.9896262070997	31.0073139264248	30.9925861404499	76.96	76.9494150396164	76.9715683613281	76.9639443626197	100.41	100.409581032018	100.39009067847	100.428625936064	70	70.0138883658234	69.9882117930416	69.9729928123659	35.11	35.112332183629	35.1075113935552	35.1185220862056	4.31	4.31550486448166	4.29967157775189	4.3011544421766	0	-0.0121903016181401	-0.00368844259624793	0.00410257786783744	0	-0.00813086921480383	-0.00388007944830237	-0.0152206720662242	0	0.0121557781856025	-0.0146021822904986	-0.00267039411479798	0	0.00559649255449145	-0.00614281901750432	0.00698436558132627	0	-0.00691155208953442	-0.00974491395100338	0.0311510911445469	-1	-0.996618119810174	-0.991829488780541	-1.01304632615751	0	0.00595035936432455	-0.00385001030085325	0.0138027566529594	37	36.9835802956161	37.0286359875389	37.0181119797198	70	70.0074867198696	69.9912028563901	69.9999029917985	89.01	89.0069887100199	89.0202254496148	88.9946899475985	61.95	61.9433643733779	61.9480716824626	61.9486124263373	53.38	53.3804508713987	53.3829629348516	53.3755585678071
2025-04-10	28.68	28.6773560901938	28.6766162127872	28.6839994771256	23.46	23.4627876122775	23.4623657950708	23.4504547898601	14.37	14.3693693975153	14.3680670914966	14.3680189443162	11.2	11.2082262500793	11.1998956437964	11.1961549501426	10.99	10.9766280039136	10.9904567773178	11.000549324519	10.78	10.7755600917978	10.7912364759702	10.7910927958565	10.99	10.9979587027911	10.9839298556167	10.9804374422255	17.86	17.85860690652	17.8741918104831	17.8357590680197	37.5	37.4964061134993	37.5141062006065	37.5072316527773	30.48	30.4824121010765	30.4773166570301	30.4758311672469	14	13.9914604632949	13.994479859554	14.0060918368825	0.65	0.651386672113829	0.661940049364854	0.652035247748051	-4.62	-4.63096247064316	-4.60208201367137	-4.61198178613566	-6	-5.98403978576097	-6.00074954429265	-6.0057259522857	-2.8	-2.79927581201372	-2.7887435782437	-2.79093037211806	-0.01	-0.0119167253529643	-0.00294413076499985	-0.0344834433983746	-8	-8.01096095404712	-7.99097000286169	-8.00240816434412	-5.5	-5.48121920533019	-5.50366520150972	-5.49015510915779	-4.62	-4.62897900581946	-4.63161618383088	-4.62573558028116	10.78	10.7985279657019	10.761604569076	10.7796851054947	28.5	28.5046081175363	28.5115065495565	28.5010658584346	64.02	64.0140894167835	64.0236543730463	64.0179546083876	43.3	43.3073809921452	43.2915706847875	43.2961865908649	28.68	28.6749030680214	28.684498789539	28.6840084828056
2025-04-11	21.63	21.6343422920634	21.6381490277242	21.6403704484048	13.71	13.6949201674917	13.7216002877771	13.690059194237	7.77	7.76459445164594	7.76260984566956	7.76985271972708	11	11.009997427702	10.9996918887143	11.0068590890119	9.56	9.56473871232629	9.5447082130535	9.55844914287667	12	11.9942644377084	12.0040609550245	11.9958514642837	13.3	13.3001010634499	13.2944997871563	13.3044205838779	30.48	30.4869431211885	30.4902661917459	30.4671398814121	44	44.0004536814994	44.0153942535963	43.9934902217107	50.01	50.0079743728137	50.0140507980658	50.0213153570886	22.51	22.5070725426149	22.5212014044666	22.5150263500815	10.08	10.0620823482417	10.0786129241796	10.0789087102353	3.07	3.07847992576423	3.06673793478904	3.07329407225182	0.02	0.00575268927219823	0.0166590599832772	0.0218347886326074	0	-0.012658322695011	-0.00566525229002144	-0.00435985952670498	-0.01	-0.00702949452511204	-0.0109003353368242	-0.0217598435870217	0.01	0.000225665644491453	0.0299067689435734	0.000325004838096691	3.52	3.51108276961485	3.52508752340211	3.52433200195638	8.3	8.31328632320571	8.30572374318582	8.29195873346388	14.99	14.9796659032013	14.9870613869312	14.9964278505755	50.01	50.0005351446379	50.0129685423786	50.0039510301261	70.01	70.0123158818433	70.0097471805112	69.9998688396264	44.39	44.4025043225766	44.3896978769456	44.3922411464106	31.99	31.9897003920141	31.9766107577109	32.0017817419722
2025-04-12	37.01	37.0108092375344	37.0092928554121	37.0010778674119	29.24	29.2467461861258	29.2268883990354	29.2556366344466	31.22	31.2233364306767	31.2070746489558	31.2043869718362	29.24	29.2382821817813	29.2467954255109	29.249616797578	29.09	29.0900449219928	29.0923334389811	29.0991459036793	30.38	30.3799697318924	30.3791766486938	30.3925793580152	32.68	32.6840888315326	32.6711059763756	32.6912032040448	29.24	29.2328932314793	29.2405532742768	29.2434615623717	42.97	42.9767313805957	42.9608834225841	42.9583366620045	50.01	50.0236058240265	50.0107863538762	50.0038222708266	50.19	50.1907367074863	50.1718319475419	50.1882599847561	31.77	31.7574758313887	31.7605813698452	31.7687255775503	13.52	13.5178456370171	13.5335446097639	13.5123663899975	4.99	4.98543146085181	4.96737232405587	4.98206804127954	3.52	3.50853939337372	3.5318816588137	3.51484307841426	2.01	2.00637735464701	2.00472016787753	2.0150234891078	1.8	1.82102140823428	1.80666167944161	1.81009776435371	13.36	13.3517890774322	13.3618398188329	13.3676615762652	17.57	17.5654735541036	17.5684270348495	17.5752181614828	30.84	30.8481267517873	30.8437437606209	30.8343689866373	50.02	50.0145291918636	50.0182909584457	50.0325635649526	83.5	83.5057895570804	83.4960973113838	83.5158367697897	58.44	58.4320181273187	58.4474412583784	58.4275332357133	45.69	45.6753233140296	45.685421203822	45.6832640564973
2025-04-13	35	34.9951425857653	34.9879378710659	34.9873623455159	27.99	27.9966310801069	27.9789035293874	27.9888693965006	26.29	26.3013987337092	26.2930829030545	26.2853630123985	13.63	13.6458144173054	13.6386165726973	13.6372067585425	12.36	12.3620237597519	12.3509638878734	12.365298142583	9.1	9.09366051013479	9.11257800872477	9.11652996615163	6.73	6.72358078871877	6.72136133437594	6.73906078802018	15.86	15.8461951013687	15.8580788995207	15.8546509855714	26.13	26.1230204350448	26.1438425930907	26.1372222579839	29	29.0112354517715	28.9956386729456	29.010823998872	17.04	17.031346445532	17.0271506177168	17.055583460632	4.18	4.16031332843096	4.18595447753224	4.19158993158537	0	0.00244467996906113	0.00287238414143218	-0.018137603291442	-0.01	0.00295822973539812	-0.0114294814047298	0.0093149219135971	-0.2	-0.203476156814583	-0.211419131403926	-0.194103578103721	-1.51	-1.5196666448015	-1.51159663304109	-1.49004612094709	-5	-5.00168007572556	-4.99918120979417	-5.01332616503086	-8.62	-8.61988233658691	-8.60093049790679	-8.60859704601524	0	0.00307043388242549	0.000431449106121952	-0.00263079405685135	8.24	8.23481800592529	8.2495948754731	8.23481966265267	44.31	44.3126269055035	44.3123422054076	44.3139706041512	78.88	78.8817201773804	78.8809465252934	78.875027889135	70.04	70.0394265316015	70.0273876792023	70.0477831843189	59.99	59.9933246716426	59.9894330404145	59.987568888275
2025-04-14	47.74	47.7395386715604	47.736405869817	47.7565787738306	35.21	35.2321147468468	35.1909870139587	35.2028182066061	36.46	36.4638554035367	36.4519187484543	36.4580859370352	32	31.9904976109576	32.0088510117691	32.0051598473617	21.31	21.2959470572879	21.3218371654563	21.3261105538853	20.01	20.0280529475882	20.0066763369921	20.0133331758594	21.23	21.2075304182194	21.2391677864004	21.2429957789281	54.19	54.1915349174769	54.1920309704869	54.1689823973054	84.94	84.9361425289524	84.9192670100267	84.9358030828518	55.94	55.9354901906358	55.9190757814825	55.9492604539825	35.55	35.5616037007219	35.5436287852072	35.5501727742172	12.4	12.3979551030314	12.4058155994002	12.4053187301055	3.52	3.53633251134884	3.52286611103855	3.53593560451714	0.8	0.782908038545172	0.796194296679978	0.804924884466552	0	-0.0135193500913919	-0.016112321531673	0.00661085192160033	0	-0.008805312093006	-0.00356801019995852	0.00281656281881761	-0.2	-0.192666222791919	-0.204534608541684	-0.207379809695788	-0.1	-0.113656040152365	-0.0723002222157038	-0.0943293349931782	0	0.011342960917915	-0.00533554922212549	0.00999504245844948	0	-0.00156219260893433	0.0143393390747483	0.0206537113686906	15.75	15.735299178525	15.7674046077233	15.7391579876459	33	32.9916772102094	33.0038048717673	33.0082932623906	19.76	19.7551162447897	19.7605458295296	19.7783455811499	19.27	19.2712048494636	19.2627632958766	19.2660206440897
2025-04-15	14	13.9938573837269	14.0118944058628	13.997601558236	10	10.0088574130368	9.99916729664943	9.99531176076793	6.64	6.62426195026784	6.63121819313854	6.64235104816933	4.82	4.83778561083721	4.82490585312623	4.82045283239881	3.6	3.60320800829347	3.59244750137281	3.58873123802009	7.08	7.07175510803814	7.09936876201922	7.0851177269069	19.38	19.3943170424268	19.3866969296921	19.3847514223994	19.61	19.6273745078314	19.6085831936393	19.6089483828511	35	35.0057685821721	35.007654919092	35.0058944737943	31.55	31.546129276306	31.5602282160565	31.554677801196	10.5	10.5045671727809	10.5072734446615	10.5016242541367	3.52	3.498507764895	3.51364925572264	3.525294232686	3.08	3.07709893823657	3.07459440918105	3.07234326230652	0	-0.0144927256590987	0.00387596822876736	0.0129453190002487	0.1	0.0833678982508514	0.105454363995524	0.0980120400536628	0	-0.00286761123390428	-0.0102353766260235	-0.0159448085815496	0	0.00123292482063399	-0.00785129465228934	0.00882993596978196	-1.68	-1.65892204507817	-1.68748207380549	-1.68483127595779	-1.57	-1.56908135180359	-1.58200718763033	-1.57650871252169	0.5	0.484517500007582	0.506916172667983	0.47986221297469	27.16	27.1627347151796	27.1599234984196	27.1529928259644	35	34.9895923998346	35.0071864557394	34.9802680433106	21.97	21.9669929720306	21.9753548786018	21.9765356439611	25.55	25.5668372142135	25.5411553124287	25.5366276298348
2025-04-16	26.99	26.9956117782448	26.9811936401167	27.0071310967323	26.99	26.9938824297848	26.9935948344261	26.9777250159439	26.99	26.9974448168954	26.9975517401535	26.9771444589923	18.63	18.6177950171809	18.6302751216283	18.6260013558045	14	14.0143113600334	14.0189760134845	13.9939485133	10.66	10.6537466950906	10.6716929581445	10.6810915102268	23.97	23.9735805989181	23.9788216685891	23.9709737105974	33.45	33.4232785679797	33.44631910243	33.4728410440776	37	36.9772761413257	36.9959651255832	37.0058558849167	23.8	23.79329688631	23.7907467049103	23.8106430617144	3.52	3.52638360810491	3.52572889859043	3.53837913013977	0	-0.00157039914316394	0.00191438943336063	-0.00132727999208407	0	-0.00112353235587638	-0.00548594487378476	-0.00560381227073089	0	0.0214557013074733	0.00553416617437079	0.00529742182281128	0	-0.00693549071735054	0.0149853506774383	-0.00105521812867496	0	0.00264823546970088	-0.0012903135894166	-0.0122191193273738	0	0.00163013093737967	-0.00579975364968455	0.00750543231621471	0	0.0150681289499293	-0.0133449837975302	0.0133381128610774	-1.01	-1.02713775597904	-1.03552131277388	-1.00414192922817	-2	-2.00622675177091	-1.99849100272142	-2.02408873486104	9.99	10.0122500135409	9.9942529750026	9.99083673761471	72.56	72.54112907944	72.5507526028643	72.5495597592872	48.71	48.7142173232035	48.71275215651	48.7005172274766	28.25	28.2427460820551	28.2385714361499	28.2450514325368
2025-04-17	12.19	12.1982201487799	12.2001774072129	12.1992925812471	4.54	4.55360571442452	4.532288099579	4.54451361712375	5.98	5.96207699324828	5.99851610433272	5.97476794813355	5.88	5.88082764116067	5.87446212946965	5.86482894482394	5.5	5.49658807471769	5.5086856472328	5.4994842534381	4.54	4.53299880999471	4.5388271918962	4.54313805568649	3.53	3.5263578507905	3.53183445946136	3.5297470265643	14.48	14.4736521926009	14.4716518248819	14.4891306168187	22.97	22.9678728881854	22.9663480780589	22.9689630420161	14	14.0172178205279	14.0040549612589	14.0094290674724	3.52	3.52728834850265	3.52035910569979	3.51877125106202	1.49	1.49925558222389	1.49976264668532	1.48766474316079	0	0.00467507953828909	0.00628945998544931	0.00387297698929118	0	0.0153933532147695	0.0140784068011429	-0.0106594268205251	0	-0.00153536313395138	-0.00484612451770437	0.00321153813510555	-0.1	-0.109486488241296	-0.112598488261268	-0.124089376935991	-0.01	-0.0124471472357228	-0.0172886242326566	0.000230974304529469	-0.15	-0.180748897810993	-0.147634821137612	-0.154199739630994	0.74	0.745281446354436	0.745485702776253	0.7503155881619	3.17	3.1648645593907	3.18108844864067	3.17403280035682	62.83	62.8216116502523	62.8348477751763	62.823146079085	106.7	106.716094365908	106.694711788516	106.70903612292	89.06	89.0706615187011	89.062544446036	89.070386881256	67.4	67.4015042982215	67.3992345000176	67.3944485722854
2025-04-18	24	24.0041762658554	23.9848984900142	23.9724460558272	7.52	7.52801650685598	7.53511250917844	7.50383394027621	5.26	5.25433441580497	5.26590969616425	5.26077237764778	6.57	6.56667597401501	6.57181170088031	6.55928796710619	6.56	6.55062520448134	6.56111092761915	6.56682658473295	4.25	4.26639156063928	4.25204309342333	4.27613566676499	-0.15	-0.145656053936167	-0.140670223330741	-0.166829244520368	1.88	1.89693097678912	1.8881375243238	1.89079568625993	13.26	13.2444235398211	13.2398481888172	13.2687992075365	8.64	8.64315819794832	8.63947726169805	8.64506890830888	3.52	3.529535023677	3.49631590109676	3.53223465803996	0	-0.00151006209610698	0.00191907742095652	0.0055486827134261	-0.2	-0.198622603001965	-0.193317945273773	-0.208163477208032	-0.69	-0.667267221949068	-0.692442379256548	-0.685793440355647	-1.06	-1.0478029746732	-1.05432982517879	-1.0606143604373	-1.54	-1.54757924476642	-1.52945002829349	-1.52895452481352	-1.54	-1.5373290326798	-1.52735615154974	-1.54617651510613	-5.37	-5.35853834571323	-5.37254395983736	-5.35878816497869	-5.2	-5.17662891803491	-5.19717901508872	-5.21407906820851	-6.45	-6.4380911347187	-6.43536513720919	-6.46872094589382	-0.97	-0.967703872595398	-0.97086678769433	-0.957958786341114	21.55	21.5531505344204	21.5400776740567	21.5414538451504	10	10.0024149680191	10.001643713959	9.99767280738837	8.22	8.21721870411279	8.22366002971197	8.21684495795884
2025-04-19	2.75	2.7646694724139	2.76039834923323	2.74540609210681	0	0.015038763500641	-0.0209867046488784	-0.0111085819215196	0	0.00214712702761021	0.00744014975740235	-0.0183306309734289	0	0.0107321591558872	-0.00680771191494427	-0.011746819752631	0	-0.00840837121633185	-0.000396093219577175	0.0103553872555879	-0.21	-0.20981181686185	-0.195021888488738	-0.197877416212102	-1.49	-1.4973635261508	-1.48144725269399	-1.49141499264501	-1.54	-1.53806388040815	-1.52420595656474	-1.53126672144506	3.52	3.50346932516796	3.51084298531668	3.53434320917485	0	0.00815812112560778	0.0116658710061806	-0.0166971757993645	-0.21	-0.213792187956825	-0.212983066349096	-0.209443149934039	-1.54	-1.55944897659512	-1.53239412753041	-1.52071966739463	-3.19	-3.20261118338174	-3.1751072598308	-3.16935957098947	-2.2	-2.1997503459004	-2.19596057341973	-2.1934350729681	-3	-2.99129190098446	-3.01249388669569	-2.99726629814009	-3.62	-3.64075422796278	-3.63097151447759	-3.613940686949	-8	-7.98476535167473	-7.98571954625162	-7.99629962072978	-3.62	-3.62238784697355	-3.61280041760028	-3.6180878520803	-1.54	-1.54906598754898	-1.55162494779185	-1.54637891026103	-0.01	-0.0138378271548702	0.00350931230439838	-0.00922753377612321	0.65	0.66280998141611	0.650895107578158	0.656992867666428	5.74	5.73866853684896	5.7418792932745	5.73837488304248	6.22	6.21695472423515	6.21738727323211	6.21523790297936	5.74	5.72596310345197	5.72637027606088	5.71676746583473
2025-04-20	2.75	2.75182272304218	2.7299429190077	2.75539745839076	0	-0.0160815514858506	0.00515950354781969	-0.0132471201196741	0	0.00985585767089395	0.0127836745159582	0.00564586921706033	0	0.00546003144763251	0.0196508182351631	0.00219086707984316	0	-0.00172719870909741	0.00421808219682251	0.0156949228176786	-0.21	-0.227217049914378	-0.218916461130529	-0.208102110125112	-1.49	-1.48850689474913	-1.4933631092546	-1.48661456324435	-1.54	-1.54425139430514	-1.5393718394585	-1.5447564509882	3.52	3.51498884129771	3.51495155823178	3.53227583198194	0	0.0184879144151463	0.00571140111875463	0.019653820978586	-0.21	-0.213075787211421	-0.204348355841657	-0.220309408408854	-1.54	-1.53871676759163	-1.5576030950486	-1.53867213281481	-3.19	-3.18044525575782	-3.20630226548074	-3.18777947377412	-2.2	-2.2152142150846	-2.19019898094505	-2.21313389090468	-3	-3.00416000474128	-2.99858626120468	-2.99806039048799	-3.62	-3.61750774373364	-3.61174495056452	-3.61792659227223	-8	-8.01377009688698	-7.99822273414164	-7.99711371619022	-3.62	-3.60570741869069	-3.6084768665936	-3.61382410643137	-1.54	-1.56011220691545	-1.54618932553776	-1.54879169263755	-0.01	-0.0237802406177902	-0.0127097662095239	-0.00374190828900945	0.65	0.641881156201046	0.626746571044157	0.645709216856782	5.74	5.72870279356748	5.75232829116977	5.74829624441567	6.22	6.22014771836062	6.21459816483936	6.23845485389245	5.74	5.75108948502579	5.72739251246489	5.74227034390584
2025-04-21	34.01	34.0149734955587	34.0068663079694	34.0169215782128	23	23.0127724598166	23.0061498491132	23.0039301720959	20.3	20.2956073811504	20.3136948163767	20.3022085817517	19.99	19.989879440408	19.9783332592022	19.9872959892505	21.38	21.3761524270741	21.4059581095237	21.3583050756757	21.97	21.9695613262336	21.9720787149738	21.9830508992659	47.22	47.2066827811856	47.2189362249065	47.230522962538	62.34	62.3410377660289	62.3413840100217	62.3364301479445	82.81	82.8073741303462	82.8153379838645	82.8166101399554	53.52	53.5261049879438	53.5268594108562	53.5272598559471	40.74	40.738753461022	40.7387315460995	40.7413109000898	20.84	20.8443272134091	20.8467613936505	20.842256609742	25.83	25.8337772038093	25.8475291001986	25.8368681641914	21.95	21.9368923101366	21.9400884901305	21.9300210133481	8.56	8.55837598517	8.54666344976773	8.54903175204163	11.27	11.2602074079123	11.2760214864387	11.2688572334247	13.94	13.9632731023402	13.9267678756801	13.9340212665419	17.83	17.8362465527525	17.8320939811618	17.8188981087826	22.86	22.8489346555291	22.8604220684634	22.8424886961717	93.07	93.0752381261224	93.0816221382112	93.0710041146862	131.86	131.838463463377	131.864830361387	131.861870910914	162.67	162.672141673379	162.659797765713	162.655502607961	125.77	125.77212220278	125.775674212509	125.767645339981	105.06	105.059519304279	105.068514615421	105.04758578355
2025-04-22	79.1	79.1145260388133	79.0904565083758	79.1039763651192	76.05	76.0607497309854	76.0397389752512	76.0615319843222	71.73	71.7251376451127	71.7365080290602	71.7375154862853	70.41	70.4182568418896	70.4059196467093	70.431837196771	72.95	72.9558561661946	72.9500159414498	72.9808950189645	65.85	65.8455136820622	65.8385123438581	65.8531348732194	81.97	81.974132483174	81.9819038341482	81.9725962406768	117.15	117.146820633003	117.167213545578	117.152791309669	131.61	131.609096080124	131.614997920405	131.605113608292	89.79	89.7812129955021	89.7719436637749	89.7883509000404	73.37	73.3836744318239	73.3662356168204	73.381534533124	40.53	40.5229749928068	40.5189253583206	40.5400477362735	29.99	29.9918211870504	29.9880719888571	29.9900805809831	20.37	20.3884656988568	20.3847114620788	20.3710648338279	14.99	14.9762340215012	14.9829572114696	14.9821302815246	5.11	5.10282613855219	5.10397006247462	5.11759051546921	4.31	4.29404056238201	4.32067897722647	4.31116872808431	3	2.99343569997527	2.99985050985492	2.99560184439024	18.7	18.6958112591693	18.7103954130023	18.7053940954249	18.73	18.7384557575704	18.7263565279858	18.7328548042722	89.87	89.8642310779621	89.871571799462	89.8633360145061	130.04	130.050635994087	130.040886603723	130.033345474809	103.78	103.779074585614	103.771266454667	103.781710646391	80.82	80.8102856184429	80.8201882846445	80.8280146151099
2025-04-23	76.75	76.7603521918343	76.7386381077095	76.7548744899674	64.75	64.7503529566302	64.7530030721664	64.7473265835693	60.98	60.9889365161533	60.9875034105447	60.9879644917464	57.98	57.9799535035016	57.9854224554078	57.9780846397366	55.65	55.6562186660451	55.641639375498	55.6444709310862	53.17	53.1665573583436	53.1752091674108	53.166259285832	71	70.9993222469716	70.9972619660273	71.0000536963877	80.24	80.2431242691005	80.2467882822468	80.2359511221715	90	90.0105280903965	90.0003590751162	89.9965812945096	58.22	58.2337305961187	58.2364548768123	58.2143522106656	11.5	11.5121327371895	11.5035154805662	11.4916119554576	4.31	4.30696758033175	4.33507825528779	4.32148894887935	-3	-3.01284199080036	-2.98666684515274	-2.99050933435973	-3.62	-3.62480660971046	-3.61459857010164	-3.63072004822324	-3.62	-3.61847656432949	-3.60783053668361	-3.61447531438589	-3.62	-3.6098210681477	-3.61150076021032	-3.61148183030345	-3.62	-3.61118038177864	-3.60606586209287	-3.62388050542908	-3.62	-3.62571611832516	-3.6187029556917	-3.62975700799999	-2	-2.01158563116773	-2.0096123097038	-2.01104311400872	0	-0.0224713598647986	-0.011190000500081	0.00107587183610482	69.82	69.8187549738459	69.8173091453392	69.8239961798098	116.7	116.700967332037	116.725187473908	116.699302885081	105.08	105.068691447799	105.083328038458	105.083611189289	80.24	80.2458081622161	80.2283406306006	80.2424967376578
2025-04-24	72.23	72.2435695352657	72.2288501232328	72.217630484633	48.68	48.6891867894103	48.6744326749909	48.6890479943074	43.5	43.5158660355516	43.5168219374071	43.4850751561079	22.46	22.4741798040675	22.4637868836725	22.4470635016747	20.8	20.7726813565866	20.7946386500473	20.7869489462905	21.17	21.171255138231	21.1706434454208	21.1697166888432	59.07	59.0786014743168	59.0557305018421	59.0598851492786	81.96	81.9766695170111	81.9608509410048	81.9600581273998	82.54	82.5357807345507	82.5320481398883	82.5412760570127	24.97	24.9685422553047	24.963898729418	24.9769374294433	-0.64	-0.631313497622087	-0.636444336147176	-0.629997100430178	-5.21	-5.2099135556052	-5.20885712719834	-5.20921371555259	-3.62	-3.62778213979621	-3.6004112338995	-3.61776494340831	-3.62	-3.63505789787283	-3.61108147999609	-3.62857216126022	-4.91	-4.9240362528338	-4.91098217013045	-4.91888173920304	-5.21	-5.19949477798425	-5.21942646276633	-5.20232635407187	-3.62	-3.61628161747135	-3.62091703878264	-3.60539049351511	-7.99	-8.00448473629573	-7.99346848899632	-7.98181909512895	-5.21	-5.22117945144427	-5.20793690950225	-5.2080708366034	7	7.00503232899894	7.01636775605572	6.99682205201831	73.65	73.6505581154844	73.6611991824823	73.6502907418995	108.76	108.761639382691	108.741539844126	108.74925050886	93.73	93.7273025924176	93.7359208192591	93.7298850818728	86.07	86.0651616865559	86.0755544714043	86.0728257654176
2025-04-25	76.2	76.2064078378181	76.1998592978498	76.1945962308785	70.51	70.5063227987641	70.5100074971699	70.5042380350592	69.4	69.3898836106174	69.406727087117	69.3900516945499	61.31	61.310607272862	61.3111559665107	61.2944105200274	65.2	65.1856075196206	65.2156095542713	65.1949101091894	71	70.9844626586201	71.0047379879307	70.9942338951001	86.25	86.2535014040623	86.2318935991216	86.2592131462824	111.39	111.408884740193	111.401695183136	111.393584097427	108	107.999741702051	108.014163988017	108.009034897764	70.5	70.4939267767111	70.5036259997887	70.5073211619779	20.01	20.0304873731156	20.0276531818463	20.0168040521422	2.76	2.74620140876017	2.75302939088255	2.77084840890306	0	-0.0058164303556331	0.0023475554117611	-0.00849725649154115	0	-0.0157047539025924	0.00343901296248844	-0.00556786174195975	0	0.00505953141430482	0.0161688783347738	-0.012774426392478	0	-0.00948968653658262	0.00599367319937836	-0.0205677490701802	-0.21	-0.211915800016878	-0.194392441168738	-0.211434591844485	-0.01	-0.00371003378925422	-0.0105703984161921	-0.0195400171666803	0	-0.00948253214954472	0.0169064586317427	0.00137861803444434	5.24	5.24252951299359	5.23748278605718	5.25710479984921	59.5	59.4882539175258	59.4878233638811	59.4935000688483	104.63	104.645380356794	104.627168539455	104.634551475815	77.74	77.7335669617524	77.7545997935033	77.7437503950002	40.7	40.7087282908409	40.6998816535424	40.6863963375397
2025-04-26	19.61	19.5981007779305	19.6032253467817	19.6108139803419	10.83	10.8274902993108	10.8381225621593	10.8222475417628	5.3	5.30916223104684	5.29808374732332	5.29996488060489	7.11	7.11400966797397	7.11885680567617	7.11900597204979	7.11	7.10950269583873	7.10982606309157	7.13162297856147	5.3	5.30037626446297	5.28122347721823	5.30108768793745	8.5	8.51165837734484	8.50250727936849	8.48021878117583	15.5	15.4970969393626	15.4993537052399	15.5140389843988	14	14.0004938634636	14.0108274917429	13.987089967212	0	-0.0144053713894035	0.0114858938479698	-0.00995126154754469	-0.17	-0.160482425030389	-0.166866951873181	-0.176773153997987	-1.54	-1.53471210442494	-1.53599110708704	-1.53825746298173	-2.15	-2.14187664768226	-2.1615850823548	-2.16220689638344	-4	-3.97953772897006	-4.00933697239642	-4.00772987251408	-5.8	-5.78231631587981	-5.77629375666241	-5.79925779602697	-5.8	-5.80234478955266	-5.80946455502506	-5.78642091006716	-6.28	-6.28456554049896	-6.29038283281874	-6.29193740273147	-8	-7.99190727238117	-7.99051362365445	-7.99655152289434	-3.31	-3.32600763109752	-3.31783958856721	-3.30315854054764	-7	-6.99283844214703	-7.01068632557051	-6.98771800981547	0	-0.000806929072063613	-0.00310502825528459	0.00979921022266268	23.04	23.0564283170206	23.0261262400198	23.0533673773795	18.4	18.3881801087597	18.4071920289952	18.3814453140744	12.07	12.0575408128855	12.0573457694733	12.0634474457581
2025-04-27	0.89	0.869621307565378	0.892607348345336	0.899099448572087	0	0.0223653066570889	0.00576326542438183	-0.0029801193289653	0	-0.03178545860365	0.00980362205746936	-0.0212854853375572	0	-0.0116122105331181	0.00214374382146519	0.0197095197805377	0	0.00177973133001803	-0.0241550936767014	-0.0010077887126008	0	0.0096781935929669	-0.0128955664120015	0.00826539823892058	0	0.0282732140343894	0.00924423830285177	0.00591699599988445	0	-0.0058459405284903	-0.0136405497115327	-0.00609330867061921	0	-0.00707536034329132	-0.0127213094898048	-0.00967119394904929	0	-0.0166701051014973	0.00039353782524701	-0.0262492295115682	0	-0.0186844211821315	0.00619665977418313	0.00722680988523352	-0.86	-0.855363673100364	-0.852773745164501	-0.841169030747415	-1.54	-1.53931283988019	-1.53330974894687	-1.54410952892848	-1.54	-1.53069507795756	-1.53825654297185	-1.54806046222294	-1.54	-1.55312049634925	-1.54231598463518	-1.54365233468375	-3.62	-3.62576678620413	-3.61720250676884	-3.61215739849922	-5	-4.98361395187894	-4.9973123467998	-4.99995294599296	-5.17	-5.17337597274614	-5.15380442247888	-5.16204255027486	0	-0.00305888930168575	0.0017692316052982	0.010033667849994	0	-0.0156033733065836	-0.000411252543209932	-0.00795939956026049	2.11	2.10420674643862	2.13019397020835	2.13012310398456	87.92	87.9118217824212	87.9070866523458	87.9246349317875	81.38	81.3610283069549	81.3743662347333	81.3846514540545	37	36.9944344120652	37.012698178006	36.9835526970199
2025-04-28	22.63	22.6307334634099	22.6303073924329	22.6494314837111	13.35	13.3586885395663	13.3541519154578	13.346264863932	3.33	3.34208730732142	3.32571233448924	3.32351203669101	3.33	3.32644338483449	3.3289403546273	3.33343389373966	3.33	3.33709587815149	3.33865101252291	3.33537152183928	5.9	5.90925950546916	5.90128662325685	5.88977720311581	20	20.0002222963958	20.0102321111756	20.0021054224394	44.94	44.9392624075068	44.9323517352621	44.9398002736897	39.78	39.7615605490861	39.7812379338487	39.7751863039932	3.52	3.5414164904599	3.53087513653617	3.52164360489295	-2	-2.00972227523787	-1.99771889949088	-2.01767628437524	0	0.00229784299882985	-0.00336390994916815	0.0137377031844976	-0.01	-0.0172362189104088	-0.0109112344825848	-0.0111147854249539	-2.5	-2.48217500409083	-2.51356832674054	-2.51354099248203	-8.47	-8.46559111684849	-8.45309952485692	-8.49674929671239	-11.12	-11.1118482774626	-11.1137655512914	-11.0996057121287	-26.85	-26.8508925434595	-26.8542027992031	-26.856627307891	-5	-4.99513221072648	-5.00825011470678	-5.00303047581578	-6.71	-6.71534092561814	-6.70270686545983	-6.71973052854244	-7.77	-7.77692301890511	-7.77052413095419	-7.75236152084758	20.7	20.697553964402	20.6863041391747	20.6724508625314	80.79	80.8032635142406	80.77220841598	80.7981682265998	60.65	60.6454809598672	60.645684068165	60.6534830585456	33	33.0053219332224	32.9999676507973	33.0004052868285
2025-04-29	22.63	22.6095692644809	22.6260876179615	22.6483873175499	13.35	13.3488266324912	13.3396390385778	13.351587769016	3.33	3.34830088140698	3.31964343354893	3.33555421632108	3.33	3.33362661938282	3.32789276883366	3.33723333507146	3.33	3.3368189438303	3.31097832469669	3.32837162225904	5.9	5.90319357465745	5.90416529084532	5.89570757237649	20	19.9928544993824	19.9945543563252	19.9943040765346	44.94	44.9511885301347	44.9570680891425	44.9320009162193	39.78	39.7842077407496	39.7860948462275	39.7781902227661	3.52	3.52837366950906	3.51711560005462	3.51312936890272	-2	-2.01081677588138	-2.00567568646496	-1.99075848826363	0	0.0099653398489051	-0.00559870966280336	-0.00642881247099318	-0.01	-0.0336150035719585	-0.0228863815027136	-0.0134703759529984	-2.5	-2.49298386466635	-2.50667500786064	-2.48811209570318	-8.47	-8.4520831667161	-8.47569694574561	-8.46733201723838	-11.12	-11.1270545868956	-11.114174867476	-11.1221262975815	-26.85	-26.8345953844661	-26.8545544229564	-26.8512344576473	-5	-4.98514665940471	-5.00144380810404	-4.98464577319142	-6.71	-6.72318866620753	-6.70808211065949	-6.72168036511496	-7.77	-7.77156564133156	-7.78559391507297	-7.75343778856599	20.7	20.6852950466533	20.7074361361645	20.7081249710657	80.79	80.791094959948	80.7974621950378	80.7699955703586	60.65	60.6475098212408	60.6542848044825	60.6459503507586	33	32.9926217862102	33.0071873358413	32.9942299073828
2025-04-30	15	14.9907232618485	15.0060295422408	14.9911812680113	0.47	0.472914608773109	0.481908787655269	0.457391369737365	-1.01	-1.00998577465233	-1.00503271610984	-1.02438601784206	0	0.0184537842179286	0.000785898218129127	0.00480150142503627	0	-0.00153786873942158	0.0139378135332321	0.000839032379432268	15	14.9843424827751	14.9964970195104	15.0182486424735	67.99	67.9920229436303	67.9892705263569	67.9788026722137	97.11	97.1193218140455	97.1184567495722	97.1079009601285	87.93	87.940699840035	87.920557743933	87.9395072454497	14.99	15.0128003275467	14.9796872793189	14.9918595348818	-10	-10.0119740639112	-9.99442349811032	-9.98788909582091	-12	-11.9958336334249	-12.0028992633974	-12.0052678565521	-12.01	-12.0055627193823	-12.0212084420428	-12.0015621743164	-15	-14.9840796016925	-14.9901891322732	-14.9995695868763	-12	-11.9871417468579	-11.9972407579404	-11.9993754954033	-12.3	-12.3008147406551	-12.2976494605629	-12.3074205670106	-14.12	-14.1182642636705	-14.1265505061052	-14.1331023302548	-17	-16.989939629053	-16.9904003061761	-17.0015167733916	-13.62	-13.6245937864806	-13.6194275355215	-13.6127491662993	-12	-11.997368517916	-12.0044019094519	-11.9845880609893	-1.9	-1.88161580647339	-1.88922740111881	-1.90411817091271	27.04	27.0263245886114	27.029420755809	27.0422396215512	45.1	45.0850978995319	45.10415794036	45.0923185743675	2.74	2.74059112180667	2.74163554756569	2.74038177935574
2025-05-01	28.99	28.9	22.66	22.66	22.45	20	20	20	22.19	20	19.64	18.09	22.72	22.66	22.66	22.72	20.59	20.59	20	21.2	22.2	22.66	22.66	24.25	18.9	22.66	22.66	22.66	16.02	18.03	18.02	15.53	18.39	18.38	-1.62	-6.52	0.85	0	-9	-15.99	-0.17	-3	-10	-15.01	-24.6	-39.9	-31	-36	-31	-40	-40	-40	-40	-40	-40	-40	-40	-40	-40	-40	-40	-40	-35.82	-25	-42.9	-25	-8.62	-7.48	-25	-10	-8.62	-8	-10	-8.62	-7	-5.17	-10	-8.62	-3	0.65	-0.1	9.99	25.01	30	55	55	55	45	49.9	40.5	35.5	35.5	21.88	13.88	11	11
2025-05-02	12.1	8.04	6.2	5.4	5.11	5.1	5.1	3.6	2.79	2.79	2.79	2.79	2.49	2.49	2.49	2.49	2.49	2.49	2.49	2.49	2.16	3.16	3.16	3.16	4.76	5.4	5.47	7.76	4	5.4	7.46	7.46	13.99	11.5	9	6	12.41	8.54	2.41	-2	0.85	0.85	-7	-10	-0.01	-0.01	-8	-10	-3.62	-5.99	-7	-7	-2.5	-3.62	-7	-8	-8	-7	-6.5	-4	-12	-9	-8.62	-8.62	-19.8	-12	-8	-7	-8.62	-7	-7	-4.5	-8.62	-7.99	-3.62	0	-7.96	-0.46	13.04	18.75	10.01	23.01	35.01	50.01	60.05	66.96	67.05	55.05	51.9	46.37	49.55	42	41.05	38.55	36.05	26.9
2025-05-03	36.14	36.13	36.02	31.13	26	25.7	22	20.19	16.16	15.96	12.16	11.16	13.89	12.89	10.8	8.9	10.37	9.37	9.37	10.87	9.59	10.18	13.17	15.17	11.91	14.91	16.71	16.91	14.13	14.13	14.13	14.12	29.37	17.67	8.67	0	20.1	6.7	0.71	-0.01	0.2	0	-0.02	-8.62	0	0	0	-0.1	-0.01	-0.16	-0.5	-1	0	-0.01	-0.5	-1.08	-1.54	-1.54	-1.54	-1.54	-3	-2.51	-2.89	-2.89	-3.62	-2.7	-2	-1.54	-3.62	-1	-0.51	0	-7	-1.01	3.52	7.2	0	9	19.01	30.4	25	35.13	41.72	55	63.72	63.8	63.8	63.79	63.7	63.61	63.69	58.7	53.68	47.97	47.95	45.47
2025-05-04	42.8	36.13	34.13	27.04	32.35	27.35	19.01	14.41	24.01	21.01	16.02	13.01	19.31	19.31	17.31	17.31	16.04	14.54	14.54	14.54	15.58	15.58	15.58	15.58	13.62	13.62	13.62	11.62	12.83	7.83	5.74	0	12.87	3.5	-3.01	-10	3.52	0.11	-1.99	-8.62	0	-0.01	-0.13	-3.01	-0.77	-2.13	-3.62	-3.62	-1.01	-2.13	-3.51	-3.62	-1.54	-2	-2.8	-4.03	-6.01	-5.46	-6.96	-5.57	-8.01	-6.5	-7	-8	-10.03	-8	-8	-7.7	-19	-8.62	-6.5	-3.9	-9.62	-3.62	-0.01	0	-10	-4.91	8.52	29.99	-0.13	6.1	19.74	29	25	32.2	32.99	30	33.01	23	24	20	24.01	23.5	16.5	10
2025-05-05	28.11	28.1	18.1	8.1	20.38	20.37	18.44	10.37	17.77	15.79	15.78	15.28	12.2	12.2	11.7	7.2	9.49	9.49	9.49	9.49	12.43	14.94	15.7	24	12.64	22.39	23.39	32	25	34	35	35	45	44.56	35	19.58	44.34	26.3	13.8	-0.01	3.52	3.52	1	-0.06	0	0	-0.01	-0.01	-0.13	-0.5	-0.98	-0.99	-1.54	-1.54	-1.54	-1.54	-1.54	-1.54	-1.54	-1.54	-1.54	-2.5	-3	-3	-4	-4	-4	-3.89	-7	-4	-1.54	-1.54	-7	-1.14	-0.13	-0.01	-7	-0.01	1.72	3.52	0	7.89	14.91	30	28.1	28.1	28.1	18	18.56	14	16.06	8	12.2	10.2	3.21	0.63
2025-05-06	14	12	5.11	5	5.11	3.52	3.52	3.52	3.52	3.87	3.52	3.52	3.52	3.52	3.52	3.52	3.52	3.52	3.52	4.97	0.6	3.6	5.11	11.6	9.5	16.5	22.5	26.84	27.34	32.34	33.34	30.34	37.44	23.72	13.72	0	5.99	3.52	0.49	-4.62	-0.13	-0.45	-3.5	-3.62	-4.54	-6.34	-6.54	-6.54	-5.13	-6.21	-6.21	-6.21	-7.4	-7	-7	-6	-4	-4	-5	-6.5	-4	-4.62	-5.13	-5.13	-4.62	-4.62	-4.21	-4.21	-6	-5.13	-3.62	-3	-8.62	-5.99	-1.01	-0.13	-8.62	-3.62	1.72	5.11	10.01	36.99	53.91	65.01	65.12	65.12	65.11	51.3	54.35	48.38	45.3	38	38.67	32.55	29.55	22
2025-05-07	21	14.75	11.12	6	10.34	7.57	6.99	6.99	6	6.1	9.58	6.01	5.1	5.11	5.1	5.11	9.1	9.1	13.1	19	8.9	14.77	15.96	26	20.48	25.4	27.9	32.4	41.6	49.02	49.1	49.1	43.23	40.23	37.23	34.23	35.22	18.48	6	0.65	2	0.85	0	-0.13	0	0	0	0	0	0	0	0	0	0	0	0	0	0	0	0	0	0	0	0	0	0	0	0	0	0	0.65	1.72	0	3.52	16.02	49.02	14.52	33.53	53	71.75	26.51	45	57.76	70.12	80	80.19	80	77.1	71.76	64.1	59.6	53.1	48.34	45	35.4	28.4
2025-05-08	45	37.59	16.77	12.91	21.88	17.87	15.78	14	17.22	15.63	15.59	13.63	4.11	3.65	3.58	3.55	5.65	6.65	7.3	11.65	9.02	9.52	14	26.92	25.09	30.09	40.09	53.91	45.29	52.91	55.28	55	65	63.01	51.11	34	32.17	7.6	1.26	0	14.1	3.52	0.85	0.1	1.5	0.85	0.01	0	0	0	0	0	10.75	5.98	3.52	1.72	0.65	0.14	0.01	0	0.65	0.01	0.01	0.01	0.65	0.65	0.85	1	0.01	0.85	3.01	3.52	-3.62	-1.9	3.52	12.01	0	11.02	35.11	56.04	4.27	30.1	53.91	67.73	81.08	84.59	84.59	80.93	80	62.51	55	50	52.22	35.1	30.1	20
2025-05-09	40.57	27.46	16.14	7.5	14.97	12.99	12.15	8.36	15	14	13	10.86	13.7	13.58	10.11	9.58	7.52	7.52	8.64	12.42	7	9.73	14	21.13	18.27	28.33	40.01	60	49.37	59.37	62.03	49.38	74.99	58.01	30.58	7	62.86	36.78	10.94	0.86	35.39	17.17	12.17	4.14	0.85	0.66	3.22	1.32	1.04	0.65	0.65	0.65	0	-2	-3.62	-2.05	3.52	3.36	2.09	3.52	1.99	1.27	1.09	0.85	1.09	1.09	1.72	3.36	-0.5	-1.54	0	0.85	-2.96	7.04	22.04	42.04	-1.54	7	40.01	70	10.45	36.42	58.2	75.99	80.37	85.27	85.27	80.37	75.99	68.19	62.64	57.64	58.54	49.76	41.32	32.97
2025-05-10	29.94	29.22	20.34	5.37	19.01	15.46	11.87	3.46	14	13.52	10.45	3.87	14.94	14.94	10.69	6.95	10.01	9.12	8.17	9.12	13.34	12.38	13.34	13.34	13.1	14.1	16.1	16.1	15.81	15.81	13.81	9.15	21.82	11	0.65	-5.09	18.42	8.59	-3.62	-18.54	3.52	0	-4.9	-18	-1.54	-5.09	-7	-8	-5.67	-10	-10	-10.21	-8.51	-8.61	-9.01	-10	-8	-9.9	-10.1	-14.16	-10	-15	-19	-10	-10	-10	-5.8	-5.8	-7.2	-5.09	-1.2	-0.7	-5.09	-4.02	0	0	-12.51	-5.09	1.72	10.1	-6.05	0	21.82	35.51	30.88	36.88	36.92	36.88	31.46	29.94	29.94	23.1	25.37	25.27	21.97	15.84
2025-05-11	16.97	14.03	9.89	7.29	12.35	12.35	11.12	6.12	11.9	6.99	6.89	5.89	4.36	4.06	3.96	3.91	3.6	3.6	3.6	3.6	4	4	4	4.1	6	6	6	6	10.59	6.47	4.88	2.52	10.59	3.52	-3.62	-15.12	0	-0.09	-8	-20	-5	-12	-26	-37.9	-19.69	-28	-30	-30	-19.91	-24.01	-24.01	-21	-30	-30	-30	-30	-28	-28	-30	-30	-28	-30	-32	-30	-33	-25	-16.7	-10	-23.5	-11.62	-8	-5.8	-8	-3.62	-1.54	-0.55	-17	-10	0.65	3.52	-5.8	-0.09	12.35	18.43	28	37.01	42.01	37.01	40.57	37.01	37.01	35.01	30.28	25.6	20	15.28
2025-05-12	15.3	15.1	6.3	0.3	12.88	5.88	5.88	4.88	15.7	10.7	8.7	6.69	7.01	6.3	6.3	6.3	-1	0	4	10.98	5.3	6.3	8.3	15.3	11.23	14.34	20.34	22.34	33.01	35.01	35.01	32.01	43.1	35.99	17.1	4.21	35.99	15.3	-1	-5.09	0	-0.01	-0.89	-0.9	-1.54	-1.54	-2.62	-3	-1.54	-1.54	-1.54	-1.54	-3	-1.54	-3	-2.74	-3.8	-3	-3.8	-3.5	-1.54	-1.54	-1.54	-1.54	-1.59	-1.54	-1.54	-1.54	-1.54	-1.54	-1.54	-0.84	-5	0	3.52	5	-4.34	0.3	26.3	40.12	29.9	53.6	83.95	88.55	112.96	113.9	113.03	108.23	100.75	96.84	95.68	93.75	78.26	70.44	62.45	54.45
2025-05-13	72	67	60	47.1	45.01	42.06	40.01	36.11	37.83	36.83	35.83	30.83	30.01	30.01	30.01	30.01	30.01	30.01	32.01	34.86	32.79	37.28	39.79	42.79	55	63	70	79.03	96	97.59	98.09	97.23	87.94	85.17	68.25	47.25	42.28	30.79	5.63	-4.01	6.2	1.2	-3.8	-7	0	-0.95	-5.09	-7	0	-0.3	-0.5	-0.5	-1.54	-2	-2.31	-2.51	-1.88	-1.88	-2	-1.08	-0.01	-0.08	0	0	-6.86	-5.12	-2.5	0	-5.09	-1.85	0.65	3.52	8.71	11.91	26.8	37.23	1.56	6.59	35.29	53.25	60	80.67	90.51	94.35	115.98	118.82	117.97	113.13	107.3	102.3	102.95	97.96	82.14	74.55	69.55	61.48
2025-05-14	75.94	65.43	54.43	39.93	45.54	44.33	40.33	35.33	41.21	40.32	36.2	34.56	38.91	37.41	34.91	32.41	33	33	34	36	30.05	35.05	40.05	50.05	36.75	43.08	53.08	58.08	86.84	89.53	91.48	85.53	82.93	70.9	48.33	22.14	63.62	47.94	37.8	-0.02	15.29	3.28	-9.26	-21.26	0.85	0	-4.86	-8	-0.5	-2.04	-1.13	-1.13	-4	-3.93	-4	-4	-3	-2.95	-3	-3	-1.54	-1.54	-1.54	-0.09	-8	-7.79	-0.89	-0.5	-3.01	-0.01	-0.01	0	-5.09	0.17	16.16	38.91	-0.9	8.1	43.3	56	16.34	31.5	51.5	67.5	63.01	65.36	64.03	50	64.41	56.51	54.51	43.34	50.05	42	38.64	24.77
2025-05-15	32.3	27.97	11.69	7.59	16.71	12.51	7.72	7.59	13.49	9.68	7.59	9.68	7	5.55	0	0	2.61	7.63	3.63	10.63	7.59	7.59	9.05	14.26	7	15.48	9.68	20	23.05	30.01	30.01	25.01	34.21	35.3	8.43	2.26	18	7.59	3.99	-0.5	-0.09	-4.12	-8	-11.49	-1.54	-4.54	-5.09	-7	-1.54	-3	-3	-3	-1.54	-3	-3	-3	-4	-4	-4	-4	-5	-5	-5	-5	-5	-5	-5	-5	-5.09	-3.99	-3.99	-3	-9.12	-7.09	-1.44	-0.09	-17	-9	1	13	-5.09	-0.01	9.68	20.43	11.69	21.01	15.84	10	28.5	11.69	10	10	19.98	7.59	5.98	0
2025-05-16	14	10.11	5.11	0.7	10	6.91	5.11	5	6	6.6	6	4.5	3.4	3.4	3.4	3.2	3.28	3.28	3.28	3.28	4.75	5.11	7.44	9.75	6	7	11	14	20	20	14	10	23.99	8.01	0.01	-0.19	0	0	-3.37	-18	-5	-5	-5.09	-11.16	-5.8	-5.8	-5.8	-5.8	-7.5	-7.5	-8	-8.01	-7.5	-7.5	-7.51	-8.01	-9	-9.5	-10	-10	-10	-10	-10	-10	-10	-10	-10	-10	-5.65	-5.5	-5.09	-5	-6.54	-5.09	-1.54	-0.09	-19.13	-3.7	3.52	35.05	0	4.99	21.39	48.03	35.04	35.1	35.12	35.09	41.21	41.21	41.21	37.93	35.01	34.86	31.31	29.94
2025-05-17	21.23	19.23	8.99	5.1	13.53	13.52	9.52	7.54	11.68	10.17	7.69	7.68	12.26	12.26	12.26	12.26	8.72	9.82	9.81	11.12	14.47	15	17	19	20.79	21.79	21.79	23.48	30.23	24.23	18.23	5.1	31.07	11.09	4.08	0.65	12.98	0.85	-4.14	-22.2	0	-0.01	-3	-5.04	-1.54	-1.54	-3.64	-5	-4	-5	-5	-5.04	-8	-8	-10	-10	-8	-8	-10	-11.26	-13.49	-9.9	-8	-8	-5.8	-5.8	-5.8	-5.04	-5.8	-5.04	-4	-1.54	-1.81	-1.54	-0.01	0	-8	3.32	33.52	47.88	1.56	13.28	45.88	76.56	52.5	63.5	67.5	52.5	70.88	58.62	59.11	55.12	51.48	43.27	40.03	29.99
2025-05-18	40	37	32	26.43	28.13	21.73	17.75	12.05	15.49	15.49	10.8	9.39	15	15	13	11.09	13.9	13.9	13.9	13.9	15.64	15.7	14.86	15.79	12.81	14.5	14.5	14.5	12.2	11.5	10.49	9.3	10.01	3.52	0.65	0	0	-0.04	-1.54	-8	-3.62	-4	-7.94	-13.06	-9.04	-9.04	-9.04	-10	-12	-12	-12	-12	-10.9	-10	-11	-13.02	-15.01	-15	-15	-14.9	-17.72	-14.05	-14.05	-14.05	-19.5	-13	-12	-10	-13.67	-10	-8.2	-5.8	-5.01	-3	-1.5	-0.04	-7	-1.41	3.52	4.23	-8.8	1.25	10.21	15.5	32	37	38.5	36.85	40.7	40.1	38.7	35.34	31.96	27.46	23.96	13.96
2025-05-19	21.02	20.82	11.79	3.6	17.82	16.22	14.44	9.99	13.31	11.33	9.83	5.97	11	10	10	10	6.63	6.63	8.13	10.24	7.94	14.26	17.44	20.44	-1.01	8.19	17.25	25.95	34.99	36.15	34.99	28.41	45.5	31.3	12	-3.2	32.2	9.52	-0.01	-7	2	0.01	0	0	0	0	-0.01	-0.04	-0.01	-0.04	-0.04	-0.04	-0.04	-0.04	-0.04	-0.5	-1.54	-1.54	-1.54	-1.54	-1.54	-1.54	-1.54	-1.54	-1.54	-1.54	-1.54	-1.54	-1.54	-1.54	-1.54	-1.54	-0.82	-0.62	-0.04	0	-13.44	-7	3.52	3.52	-4.2	0	30.2	45.5	29.93	35	37.44	33.94	37.1	33.22	33.22	25.29	29.7	25.86	22.33	11.93
2025-05-20	20.53	18.53	10	4.4	16.94	16.93	16.51	11.93	14	13.58	13.43	9.08	7.75	7.74	7.74	7.74	7	7	7.44	12	14.26	16.26	18.26	22.2	10.66	15.66	19.81	25.66	32.09	35	30.09	25.09	32.2	22.3	4.4	-0.7	10	3.52	-7	-10	-0.04	-0.04	-0.04	-0.3	-0.04	-0.04	-0.45	-1.09	-1.5	-1.5	-1.53	-1.54	-1.5	-1.5	-1.5	-1.54	-1.5	-1.5	-1.54	-1.54	-1.54	-1.54	-1.54	-1.54	-2.9	-1.54	-1.54	-1.01	-1.54	-1.5	-0.04	-0.04	-4.54	-0.04	0	0	-17	-7	7.02	32.2	4.2	12.2	28.56	39.09	53.89	59.3	53.94	50.55	61.3	53.85	53.85	38.51	35.02	33.01	26.04	21.84
2025-05-21	35	26.87	17.4	10.2	28.2	20.2	15.2	15.2	26.65	20.8	18.65	15.99	19.13	20.03	20.03	20.03	12.2	16.72	20.72	24.72	15.1	15.79	21.21	30.45	19.1	25.09	34.09	44.04	58.1	58.87	55.97	48.91	55.5	40.21	14.91	8.8	25.5	10	0.65	-0.04	0	0	-0.04	-0.4	-0.04	-0.04	-0.04	-2.8	-0.04	-0.44	-0.5	-0.6	-0.6	-0.5	-0.5	-0.6	-0.04	-0.04	-0.04	-1	-1.1	-0.04	-0.5	-0.71	-8	-1.53	-0.04	-0.04	-0.6	-0.1	-0.04	-0.01	-5.7	-0.2	0	0.65	-0.04	3.28	15.07	29.07	8.8	24.94	37.39	51.68	66.21	68.21	67.25	58.31	43.73	41.93	36.54	26.6	27.48	27.23	19.24	10.2
2025-05-22	18.06	15.01	11.06	6.21	23	21	18	14	18.01	16.99	15	11.2	15.11	15.11	15	14	15.01	15	15.01	15.01	5.61	14	14	20.01	0.51	4	6	9.1	13.31	14	12.1	8.28	30.01	20.01	4.26	0.05	3.52	0	0	-1.86	-0.01	-0.04	-0.04	-1.54	-1	-1.5	-1.54	-1.54	-1.54	-1.54	-3	-4	-1.54	-3.01	-4.01	-5	-1.54	-1.84	-1.54	-3	-3	-2.04	-2	-1.54	-1.54	-1.54	-1.54	-1.5	-3	-1.54	-1	-0.04	-0.04	0	0	0	-0.3	2.2	3.52	14	-0.04	3.96	15.01	29.52	22.42	24.42	24.42	21.71	22.81	17.13	12.8	8.82	15	14	5.11	5
2025-05-23	9.22	9.22	1.9	1.01	9.19	7.69	7.69	4.79	9.37	9.37	6.47	5.37	6.8	5.81	5.8	5.77	5.11	5.11	5.11	5.11	1.51	4.9	4.9	5.11	1.51	5.66	15.01	20.01	14.48	19.34	14.37	12.34	24.23	17.51	4.23	0.65	4.68	3.52	1.5	-1.88	0	0	0	-0.04	-0.01	-0.04	-0.04	-0.04	-0.04	-0.04	-0.04	-0.04	-0.5	-0.5	-0.59	-2.54	-0.3	-0.5	-0.04	-0.5	-1.54	-1.54	-1.54	-1.54	-1.54	-1.54	-1.54	-1.54	-1.54	-1.54	-1.54	-1.01	-3.24	-0.04	-0.04	0	-7	-1.34	1.72	3.52	-7	0.76	17.51	25.01	22.78	26	26	21.01	17.89	14.94	11.95	1.95	12.58	10.58	7.58	6.58
2025-05-24	18.99	16.01	14	10.87	18.99	16	14.01	12	17.5	14.93	14	10.93	15.01	14.34	14.34	14.34	15.01	15.01	15.01	18.01	14	14.99	15.01	18.99	15.01	18.99	22.99	22.99	22.99	22.99	18.99	6	22.99	18.28	3.28	-1.71	0.65	0	-0.07	-6	-1	-1.54	-1.75	-5	-5.8	-5.85	-6	-6	-5.5	-5.8	-5.8	-5.8	-5.8	-5.8	-5.8	-5.8	-5.8	-5.8	-5.8	-5.8	-6	-6	-8	-8	-6	-6	-5.8	-5.8	-6	-5.8	-5.8	-5	-5.8	-5.2	-1.8	-1.01	-7	-0.01	3.52	18.99	0.65	17.17	36.72	50.68	36	36.1	39.19	37.11	52	50	52	45	37.1	37	34.4	30
2025-05-25	26.54	18.9	12	10.4	15.42	10.4	10.4	9.9	16.66	12.66	10.4	9.9	13.42	11.04	10.4	10.4	10.01	9.9	10.01	10.01	9.9	9.9	9.9	9.9	9.9	9.9	9.9	9.9	18.99	5.71	4.5	2.89	13.87	0.89	-5.58	-17.81	-0.07	-1.19	-8.62	-15	-5	-8	-11	-13.99	-10	-10.9	-12	-13.51	-13.29	-15.68	-15.68	-15.35	-24.91	-25.26	-29.87	-30	-28.99	-28.93	-30	-29.87	-22.81	-27.07	-28.87	-25.89	-11.53	-10.29	-14.02	-12.87	-14.46	-11.58	-6	-6	-13.99	-9	-2.07	-1.54	-15	-8	1.5	9	4.5	10.03	27.8	44.91	18.9	27.8	30.3	24.71	37.01	35.01	35.01	25.01	25.17	20.17	18.17	10.4
2025-05-26	26.26	18.69	16.25	11.25	18.04	13.04	13	8.04	16.64	15.64	11.64	6.64	11.53	11.53	10.43	9.43	11.4	12.4	14.22	16.4	10	10	15	25	15	15.79	25.33	35	42.01	46.34	35.05	25.01	58.68	40.3	5.01	0.01	8.01	0.01	-5	-8.6	0	-1	-6.39	-8	-0.01	-0.07	-4.74	-6.87	-5	-5.01	-5.51	-5	-5	-5.01	-5	-6.4	-0.02	-0.02	-0.07	-0.07	-0.5	-3.48	-3.5	-1.54	-5	-4.97	-0.8	-0.07	-5.79	-4.01	0	0	-6.43	-3.48	3.26	4.31	-10.44	-5	16.36	55.11	5.51	25.09	48.97	65.1	75.1	76.07	76.06	66.16	65.13	60.14	57.14	50.14	45	35.33	30.33	25.33
2025-05-27	41.35	35.01	26.02	16.86	30.5	30.3	24.44	15.49	22.46	20.46	15.56	10.56	18	16.7	11.3	10	11.75	14.03	16.03	20.83	9.66	16.01	24.32	26.01	11.15	23.44	33.44	36.93	41.16	41.35	36.26	26.27	49	37.69	12.01	3	33.9	21.56	10.26	2	0.18	0.03	-2.47	-5.24	0	0	0	-0.02	-0.01	-0.01	-0.01	-0.01	-0.01	-0.01	-1.3	-1.54	-1.01	-2.78	-4.11	-4.9	-4.9	-6	-7.01	-6.87	-7.01	-6	-5.01	-1.26	-0.01	0	0	0.65	-0.2	0	2.99	13	-5	4	32.75	52.5	4.5	29.56	67.03	79.56	99.5	103.38	104.86	100.04	96.58	93.09	88.42	81	75.31	72.31	67.78	57
2025-05-28	46.96	37.01	21	13	30.35	20.5	15.01	15.01	33.12	28.27	26	19.27	27.02	20.41	27.02	24.03	22.82	27	22	24.84	17.49	17.48	20.59	31.08	15.01	23.43	35.01	45.37	54.88	53.88	52.88	39.88	61.02	49.76	15.01	8.01	30.3	4	0	-5.69	20.65	5.85	0.85	-0.15	0.5	0	0	0	0	0	0	-0.01	-0.01	-2.01	-4.01	-5.6	-1	-3.62	-4.12	-6.13	-3.62	-4.12	-5.6	-5.6	-0.62	-0.62	-0.07	-0.07	-7	-4.12	-0.01	0	-5	0.05	10.46	31.72	-7	3	32.42	50.01	20.01	46.5	68.12	84.92	86.6	94.03	96	91.89	100.65	98.86	96.33	90.96	67.51	59.88	54.88	52.89
2025-05-29	69.52	59.21	48.88	45.89	44.1	39.03	39	38.25	46.31	43.81	43.31	43.31	39.22	38.72	38.72	38.72	38.09	37.49	37.74	38.24	38.01	39.26	39.26	40.01	35.95	37.2	43.05	48.95	47	47	45	44.25	53.24	40.24	34.56	23.24	44.65	31.06	15.52	2.24	14.85	11.52	6.52	3.47	1.72	0.65	0.65	-1.19	5.99	1.94	0	0	-0.05	-0.48	-0.52	-0.98	-1.3	-1.1	-1	-0.9	-0.32	-0.52	0	0.38	-1.95	0	3.52	3.52	-2.69	0.07	3.52	6.07	2.72	12.87	22.77	44.65	16.13	30.42	48.93	66.13	51.63	58.88	78.36	88.85	114.99	121.49	121.49	118.34	109.1	105.41	99.02	99.02	73.46	69.78	61.91	55.9
2025-05-30	64.77	60	57	57	61.1	58.33	55.1	55.1	58.33	54.7	53.16	49.7	55.78	55.77	55.27	53.16	55.54	55.54	55.78	58.33	52.43	53.16	56.08	61.08	51.55	54.37	59.75	64.77	78	79.38	71.58	68.17	79.5	64.77	45.06	27.72	63.77	46	16.72	2.03	34.76	8.83	1.2	-0.07	3.52	0.01	-0.07	-2	1.35	0	0	0	0	0	0	-0.01	0	0	0	0	-0.01	-0.01	0	0	0	0.65	3.52	19.83	1	2	16.25	23.99	23.43	32.06	51.31	60.48	30.06	47	79.5	89.29	63.7	89.92	100.29	103.29	109.08	115.59	115.66	115.59	128.2	127.23	125	118.21	103.35	100.35	98.36	95.36
2025-05-31	100.92	97	90.58	87.27	87.96	86.08	83.78	79.75	73.55	73.55	73.55	73.55	75	75	75	75	81.4	83.16	82.57	81.6	77	78	78.4	79.85	80.61	80.61	80.61	80.61	80.43	69.56	66.41	64.28	75.55	58.42	23.54	0.65	21.21	10.05	-6.52	-18.16	7.59	0	-0.11	-7.91	0	-0.01	-1	-4.93	-0.11	-3	-3.07	-5.17	-8	-7.64	-8	-8	-9.22	-7.8	-5	-3	-8.04	-3	-0.11	0	-13.37	-4.36	-0.11	-0.05	-15.7	-8	-3.62	0	-8	-0.11	3.52	5.53	-0.2	25.12	56.78	76.66	31	59	72.85	82.99	64.31	73.01	75.88	75.88	74.54	75.88	75.94	74.44	71.59	70.99	66.5	63.45
2025-06-01	61	60.9949885079945	60.99950875153	60.9910022673872	36.07	36.0722029285715	36.069003044925	36.0580845291921	35.01	35.0040258842694	35.0005389858047	35.0082715186257	19	19.0039592456331	18.9851784483521	18.9826698179538	12.2	12.2170475225776	12.2229892747923	12.177109040852	15.23	15.224027740535	15.2489045562248	15.2140473375891	16.89	16.8801896215006	16.876710479045	16.8854000863132	32.22	32.2144886668187	32.2261656235478	32.2315395379573	22.09	22.0787856525708	22.0967058986414	22.0861576847129	0	-0.00350917986310267	-0.00445821140049426	0.00911616532046209	0	-0.00346651658059685	0.0107743203532339	-0.0108189384516771	-0.01	-0.00799365649850114	-0.0121615186164606	-0.00567077251187964	-1	-1.00330663865897	-1.01663066371068	-0.998977922245106	-5.89	-5.8980138125644	-5.88956092680161	-5.8915853826591	-8.23	-8.22549659740263	-8.22071654092927	-8.24496519627737	-8	-8.00359606229262	-7.99644151106455	-7.99433722151158	-17.7	-17.7103050833305	-17.6917606721158	-17.6970038134701	-16.24	-16.2195016672618	-16.2164885445598	-16.2537802053717	-9.05	-9.04897713163966	-9.04626890476587	-9.03355917673233	3.28	3.28413619967533	3.29616820155102	3.27730772597781	3.71	3.69098103909203	3.69902276258315	3.7301251687466	40.55	40.5514409205301	40.5547622086106	40.5428558203296	60.23	60.2391837516259	60.2324993319457	60.2277296623779	50.66	50.6599266670328	50.6561491926489	50.673074065044
2025-06-02	56.81	56.8138971586466	56.8145714553245	56.8114515182998	37.25	37.2608093337542	37.2415477954503	37.2388913878657	39.99	39.9681729217684	40.0073976654029	39.9779641533401	31.07	31.0693736844237	31.0717867704569	31.0651134978476	28.89	28.8969537755095	28.9067833231261	28.8993617556093	19.89	19.8912293929935	19.89476834755	19.8960353356795	35.01	34.9919957314349	35.0050506568062	35.0017229687583	45.6	45.6080371156474	45.617186451012	45.6097549467615	70.08	70.0893566919786	70.0871347787486	70.0941594338003	67.76	67.7742309152143	67.7689308555437	67.7548819112531	30	29.9861839214786	30.0013665424455	29.9876303496555	12.09	12.0733560107011	12.0908108065948	12.0940950348841	3.52	3.52730638608228	3.52761000901874	3.49811179114312	0.85	0.873536093341037	0.838137948615048	0.853665313511781	0.65	0.65500477680617	0.637837303236397	0.645762856213414	0	0.0104394564091706	-0.000192544990739203	-0.000777925694545849	0	-0.00667882280285135	-0.0156215826667025	0.0121501947613207	1.72	1.711484175423	1.72956216865481	1.70707917409537	9.9	9.89669936535199	9.89454055191498	9.88497985884183	14.88	14.8839074665564	14.8633727345016	14.8833886688633	60.06	60.0591449783509	60.0711311826981	60.0533919263149	97	96.9800729312336	96.995529824473	96.9930915443041	99.42	99.4280174111247	99.4223778653083	99.4273970459818	89.81	89.7969565080009	89.8161009021737	89.8059356903692
2025-06-03	56.81	56.80118941034	56.8018602767044	56.8084239863684	37.25	37.2607343837513	37.2335467727967	37.2486085705577	39.99	39.9875131228328	40.0032786123934	39.9930180446388	31.07	31.0773593412682	31.0782440681705	31.0803466126028	28.89	28.8957254338672	28.8749502167028	28.8887270281315	19.89	19.9080736935397	19.8883494972226	19.8920134320791	35.01	35.0157378801281	34.9976160033004	35.0181631865148	45.6	45.6129264072202	45.6062992728624	45.60400092041	70.08	70.0626658180727	70.0763035474013	70.0877070603454	67.76	67.7535488944679	67.7668098460143	67.7571025627377	30	30.0061440165244	30.0132883104581	30.01314660452	12.09	12.0897350711716	12.0906184906934	12.0878746022564	3.52	3.53145878833636	3.52642346831665	3.52732662548153	0.85	0.835363355668547	0.842746360270803	0.854807073168564	0.65	0.666034883786336	0.637646635596506	0.645197075996151	0	-0.00295661916987851	0.00833722197721795	-0.0141816500074063	0	-0.00735744567386017	-0.00417882004937611	0.0148249995101183	1.72	1.71709298492671	1.72300347072016	1.72016004752963	9.9	9.89098293189495	9.90063039450619	9.90554558344639	14.88	14.8698676909925	14.8735983552175	14.8854347309716	60.06	60.0547746388517	60.0536529655843	60.0391951561011	97	96.9930964586071	96.9936901880648	97.0142813894612	99.42	99.3910330235535	99.4072894657921	99.4232219326422	89.81	89.8288821495495	89.8030832319439	89.819715916579
2025-06-04	89.26	89.2512310292845	89.2388798452709	89.2583317440228	86.67	86.6665824374384	86.6686921459908	86.6730497919497	83.1	83.1014577726023	83.1004406410487	83.0963816907078	80	79.9928350226287	80.0138367690927	79.9739969917283	75.52	75.5253524665836	75.5250708555754	75.5305007286664	78.39	78.4015143870647	78.3907692371423	78.3846830603033	88	87.9818801675915	87.9974343522494	87.9864826971288	101.5	101.489612613635	101.479331909369	101.508474865256	93.65	93.6650859227883	93.6561954724088	93.6608137771988	78.38	78.380423280014	78.3930947671693	78.3908584657247	42.34	42.3447698872325	42.3386163272757	42.3384066703044	18.38	18.3860842404591	18.3838514985121	18.3774139423596	12.78	12.7828567374384	12.7887930527065	12.7587095903486	7.52	7.50588831376564	7.52165873518752	7.50653757086411	5.16	5.16570161453077	5.1685536473599	5.16565725613936	3.52	3.51016615771639	3.51387478115488	3.50411543182806	0	0.00604281820237015	-0.0036734919128908	0.0177787055975803	2.19	2.18918638479688	2.19763846088539	2.20734870931754	10	9.99654740136271	9.99756655143178	10.0088098174435	30	29.9867786900206	29.9996269423725	29.9815417299569	78.38	78.3917522442133	78.380563575855	78.3733074845737	116.43	116.436419602626	116.429926262338	116.411508639678	115.23	115.24030722753	115.213321198096	115.219217291963	98.26	98.255510129137	98.2499109469719	98.2555201806571
2025-06-05	110.73	110.74213476882	110.726380555726	110.698323283148	98.9	98.9134930868942	98.8819412753652	98.9071633715732	96.12	96.1356223563372	96.1168437992845	96.1114154592109	94.75	94.7514015389577	94.7359376311881	94.7625002593728	95.01	95.0105324850545	95.0156601931704	95.0082049048174	96	95.9935515501412	95.9903588644456	95.9884407710716	100.4	100.406753441675	100.403376880531	100.387984763434	111.24	111.247762049544	111.240154467931	111.246238756482	97.13	97.1065555600929	97.1388974000459	97.1296364845766	52.96	52.963779738069	52.9718068072236	52.9704273539972	4	3.99398946068925	4.01358384069341	4.00084932873702	0	-0.0104335978005882	0.0164374265871833	0.00981239928887273	1.72	1.72732292353239	1.73596038653694	1.72265412910234	0	0.00563549150649799	-4.9419180284343e-05	0.0052796506944493	0	-0.0168060403163332	-0.00374497851672963	-0.00270308722780682	0	-0.0177738265779996	-0.00219141544656738	0.00564027659200958	0	0.00374090349780012	-0.000306419099148349	-0.00302484848362585	0	-0.00673751828240681	-0.000565859892144771	-0.0131578907548131	1.58	1.57689914678407	1.5797568139478	1.57822928070361	-4.09	-4.08469509807046	-4.08376162745898	-4.09181363985316	83.12	83.1344913288692	83.1231282443038	83.1241340893403	126.37	126.365314675015	126.366418120234	126.34780487291	134.93	134.942828767569	134.9329864223	134.936302886348	116.27	116.258594399471	116.246762754872	116.276320949401
2025-06-06	127.88	127.885706754467	127.882224864265	127.889611263848	125.8	125.785283624954	125.803623144883	125.802333895178	118.14	118.143681614456	118.138039829143	118.131744150389	110.99	110.992832800279	110.973899017077	110.981644287163	110.99	110.997554994698	111.003562470431	110.992119630689	111.77	111.765032100258	111.755489192386	111.77367933302	118.41	118.40839730959	118.406997042194	118.418648847563	124.83	124.809521150987	124.835492247508	124.837657717268	123.26	123.266508393528	123.266906217727	123.262587172333	86.61	86.5976580896795	86.6153508467357	86.6177396722187	27.26	27.2490582943589	27.2610980151294	27.2619638491074	11.72	11.729306588285	11.7105217094623	11.7199641583702	2.91	2.90193334140906	2.90810289927881	2.90865684759035	0.5	0.495442562504788	0.512072603939609	0.498989246486384	0.11	0.106574770350753	0.114626391239511	0.101232604008763	0	0.00463515870342392	0.00139973121823407	-0.0032375069840925	0.11	0.112927429907764	0.110547037525498	0.109479518310977	-3.32	-3.32439645755783	-3.32536953060838	-3.30082397936389	-1.66	-1.64873120431637	-1.67423635099039	-1.64966627690202	14.98	14.9908282813341	14.9662870636837	14.9816271102711	75.69	75.6897859331435	75.6942871194345	75.692642410304	130.25	130.265439547452	130.250595172193	130.264431113426	138	137.988443329528	138.002857243579	138.018556357735	120.1	120.089190993856	120.09637374076	120.097724766634
2025-06-07	101.56	101.564232158038	101.539673492277	101.559646295864	88.7	88.703007327933	88.7072411725576	88.6844447560895	90.55	90.550258385688	90.5553597215041	90.5527251106278	88.48	88.4923010863029	88.4654091825056	88.4771142620508	85.62	85.6183106095906	85.6126400863061	85.6277553503333	85.58	85.5989692131496	85.5713403451734	85.5769668808355	85.38	85.3736246429493	85.3723460456324	85.3906271940878	92.4	92.3850756141617	92.390214838675	92.419711780973	51.2	51.1907148308925	51.2119885661624	51.1961134593866	1.72	1.73112177491669	1.72882875834528	1.71706027172802	0	-0.00401993608830904	-0.0170782864137868	0.00553130474982718	-0.01	-0.0129134151438213	-0.0156315624985753	-0.013240752752295	-0.07	-0.0867271505624648	-0.0629682875169853	-0.0638472939413673	-0.07	-0.0782818827109297	-0.0697755506124195	-0.0810957170865801	-0.5	-0.500951949563729	-0.498199445608065	-0.499847277390944	-0.64	-0.648806102978749	-0.634721640324571	-0.645149557741423	-1.21	-1.21801351954693	-1.20981714336224	-1.20860516703719	-4.09	-4.07827576630515	-4.09361416419974	-4.09338431832575	-9.47	-9.46903159483463	-9.47342460412047	-9.46792638043413	-7	-7.00938400990917	-7.00476121917899	-7.00178252781568	12.42	12.4247105571526	12.4249601612501	12.4357130287995	102.21	102.21751397494	102.208563552788	102.203653655634	97.41	97.409035147768	97.4038894123552	97.4114527927916	90.96	90.9607349257863	90.9727026412041	90.9332691011726
2025-06-08	75.8	75.8111645172735	75.7953035976162	75.7863839922971	64	64.0025508968422	64.0002886779481	63.9781012609812	63.8	63.8037886683082	63.793642035351	63.8108140376956	60.8	60.7957703536756	60.7869676294326	60.7886365929164	50	49.9763359006147	50.0116838730843	49.9870743926768	53.25	53.2522865468172	53.2475044413608	53.2529364564178	60.8	60.7863731776819	60.8132961752789	60.7953193216477	42.02	42.0252068720627	42.0059289160502	42.0289392653956	10.01	9.98807155878592	10.0138384618867	10.0079427874723	-0.5	-0.507012533113502	-0.499648376023264	-0.507816505532443	-2	-1.9901283157721	-2.02842061576112	-1.9934396337247	-6.69	-6.6920773883647	-6.69343068417917	-6.71257253345377	-9	-9.01752130836702	-9.00813745556502	-9.00949735160715	-18	-17.9937673378206	-18.0069467722221	-17.9951857593562	-18	-18.0058276143906	-18.010933378179	-18.0013960678226	-18	-17.9944181804315	-18.0187755586581	-17.9996186903421	-18	-17.9970716842153	-18.0094921328499	-18.0050127278016	-17.1	-17.0858186392726	-17.0946169082811	-17.0887064313681	-12.07	-12.0653329234988	-12.0690650112667	-12.0624261161364	-17.1	-17.1029087738785	-17.0928497306949	-17.1139113009213	37.7	37.7214494492827	37.6952703163296	37.6982632669438	95.34	95.3635009373758	95.3496169426179	95.3394618117941	101.3	101.298602200284	101.310087169997	101.298081165225	93.8	93.7982039030904	93.8095046326875	93.8101087216799
2025-06-09	90.6	90.6147261076103	90.604065598043	90.5953356669334	80.11	80.1132802782421	80.1086525304108	80.1069276896777	75.94	75.9588973307506	75.9547058838543	75.9335124943717	79	78.9954989657032	78.9946852459422	78.9812946932432	80	80.0077245945431	79.9993371852693	80.0122594179201	85.35	85.3614905052508	85.3644260091991	85.3604133245469	87.25	87.2501353859976	87.2481299379788	87.2623082543147	99.06	99.0671356608095	99.0514976089848	99.0750293227416	95.34	95.358521398126	95.3502951065934	95.3361112031286	55.1	55.1157277387744	55.1015200852806	55.0980368903922	22.19	22.188951243814	22.2008587086461	22.2021646898627	3.52	3.53027559640127	3.50322689332248	3.5233959758272	1.72	1.7195813591955	1.72163424268732	1.69578282434259	1.72	1.71420696559986	1.71662094486917	1.70924731031301	2.95	2.94119372056986	2.95445489887839	2.96221858492448	3.17	3.16373878477777	3.17606859708342	3.17683023592529	0.57	0.552226969430572	0.567032631354464	0.566500804961275	12.39	12.3828687833095	12.4048826145652	12.3898238089784	37.7	37.715580472127	37.7005645031504	37.7031515103672	55.5	55.5160717592863	55.5083099742869	55.508225446417	87.06	87.0531610018731	87.0618669533432	87.056470829404	129	129.00657347074	128.998103129777	128.998829216449	119.97	119.98153580574	119.988782532446	119.977465547743	106.06	106.060731909238	106.073448860464	106.064250765098
2025-06-10	113.97	113.961703938485	113.967169166761	113.955963278854	109.98	109.974338679616	109.977610631865	109.984433179281	107	107.00069602717	106.991434008135	107.003720052955	106.14	106.138261531819	106.139174207055	106.135770196273	105.43	105.444767802334	105.424740324712	105.429924791997	104.35	104.330861724881	104.343839468062	104.34825804632	104.5	104.506040342362	104.519834439095	104.503922522877	109.52	109.518017157683	109.514118562372	109.524756983549	109.99	109.98846599696	110.000405177621	110.021403300896	101.51	101.508163704241	101.509414990405	101.514394910643	96.21	96.2047536255631	96.1878273831245	96.2058056188814	85.47	85.4774992740822	85.4669170227085	85.4714078309275	66.6	66.5998146549953	66.6004191956592	66.5974779634836	61.74	61.734752809791	61.7471420976404	61.7440165178213	60.39	60.4002218658342	60.3956664473463	60.3911218605307	56.02	56.0193782956835	56.0145731294352	56.0365424273673	55.01	55.0037184918866	55.030131642171	55.0040359042635	72.39	72.394134840773	72.3967389009951	72.386809799672	58.13	58.1223218233771	58.1361420308266	58.1357386740839	80.7	80.6908113991587	80.7141132571331	80.6982502035686	100	99.9949855151937	100.004749283501	99.9968110710622	117.87	117.868504458553	117.870813652547	117.881672121353	121.18	121.161092502569	121.179291367744	121.163299519865	114.3	114.319562885363	114.295840464052	114.291118261492
2025-06-11	101.09	101.078448605581	101.088661575687	101.088763722011	100.56	100.569190284116	100.548621718229	100.554915534346	97.93	97.9141573756048	97.930288048561	97.9426662246066	94.61	94.6133605540175	94.5937130060351	94.606557699827	93.55	93.5571461016204	93.5496881112834	93.5481021610394	92.46	92.4531548004526	92.4692360215072	92.4574491193477	94	93.9998830321994	93.9919083324935	94.0056229723854	100.63	100.653317219148	100.649782477675	100.622268807499	105.4	105.403937599867	105.398856134355	105.424952059667	101.27	101.271346051303	101.260376141464	101.276666041145	82.82	82.8286309167865	82.8225692791514	82.8203308015829	49.99	49.9920463551377	49.9546949926256	49.9804100557163	14.38	14.3660359585896	14.3681862389935	14.3917540978491	5	4.99871851874945	4.98380224276715	5.0032339086951	3.52	3.51661317814418	3.53227476900899	3.51657302459906	0.52	0.509511476366524	0.534315957965352	0.523161663333733	-4.45	-4.44081167833229	-4.45094377091764	-4.44813212338441	-0.2	-0.21746612555523	-0.20532790537691	-0.195384153870774	15.08	15.0915015055866	15.089622886375	15.0871259189424	55	55.0035094554211	54.9825912877521	55.0077440801917	75	74.9986376587692	74.9899443264565	74.9949406318123	105.6	105.59895163859	105.614286333765	105.608806354977	109.81	109.793861031355	109.802864441364	109.80110932805	100.44	100.446010339438	100.412444043205	100.443480389165
2025-06-12	97.69	97.6722793414504	97.6921502751423	97.7014534476121	97.02	97.0382822555546	97.0207366218916	97.0322967945405	91.61	91.6153703229902	91.6104586227871	91.6120007368246	89.6	89.6154072118722	89.620216182642	89.6075712760944	88.94	88.9399360883479	88.9387663973835	88.9347631177639	93.17	93.166202653492	93.1561636206296	93.1573325150325	92.73	92.7189094444223	92.7360742616646	92.7423723625843	100.85	100.859556099701	100.846926905219	100.8560500328	100	99.9826595230135	99.9999678335059	100.012095893781	65.27	65.2613421304781	65.2697448570391	65.2550436006834	28.03	28.0348501864822	28.0260045587828	28.0324602877414	3.87	3.86024699250239	3.87675450370327	3.86909491366491	0	-0.000190690597887151	-0.00425332422474426	0.0070854199640434	-1.02	-1.04619946559274	-1.02143993654965	-1.01238370539534	-3	-3.00828279706793	-3.00125818125609	-2.99372266310134	0	-0.00829350931838801	0.00145997394874051	-0.0153020706486114	-11.72	-11.7122859766277	-11.7141524600951	-11.7270817033263	-1	-0.99710957979763	-1.00471906217051	-1.00938616440679	11.69	11.6867506916377	11.6920898062793	11.7005973573737	59	59.0097034860799	58.9980566368114	58.9945062282883	82.06	82.060277481275	82.0652688174307	82.0554825201792	126.71	126.714983843394	126.706432123564	126.727674313369	138.64	138.627649185896	138.633764695314	138.621917147251	117.96	117.963744561683	117.954876635716	117.939714962328
2025-06-13	126.14	126.146576136055	126.133322530828	126.13592862814	117.08	117.081795882969	117.092092228514	117.105021292889	111.08	111.074127890564	111.080185934876	111.075026104805	109	108.998502903185	108.992410589154	109.006265225211	108.26	108.248585315671	108.264931478772	108.278707956133	108.35	108.350488963845	108.35737305173	108.347951525621	110.73	110.713190062173	110.740230930503	110.730437851613	113.86	113.856542675241	113.847503611255	113.84647952415	116	116.004952181864	116.009518620167	115.995267382258	81.3	81.2798245340844	81.2946642850173	81.3035204204295	40.47	40.4810492069596	40.4811744154055	40.4768947940186	15.95	15.9543392292594	15.9494630948694	15.9560253416895	0.65	0.647452408503248	0.656386053936712	0.658888474522032	0	0.0098806022786493	-0.00794147960307293	0.00320605732588312	0	0.00197523432496482	0.00240239766821343	0.0063060519734452	0	0.00266577314997044	0.0155502079483419	-0.00944639496865067	-7	-7.00748927106327	-6.9962108385487	-6.9987487467699	-1.48	-1.46090925381878	-1.47240717839625	-1.46166461824453	17.43	17.4286692061214	17.4399639243781	17.4243563051777	40.33	40.3356134071132	40.3425106523277	40.3367900639206	87.44	87.429767563381	87.4227214910735	87.4583428577812	113.48	113.473954792303	113.458508820406	113.469222972321	114.93	114.935913558012	114.920702593643	114.945106263789	108.98	108.974176668548	108.983640310599	108.973125068682
2025-06-14	106.35	106.347663266661	106.341289588605	106.345669836268	104.95	104.93769020107	104.955625497211	104.940489446338	104.8	104.802622384435	104.777095066529	104.811695407686	103.53	103.526024228761	103.529306292474	103.531077938906	100.7	100.695056663241	100.710020594108	100.711661406499	100	100.0056156468	100.002183304856	100.00846016932	102.13	102.130946118433	102.132457170122	102.112249906477	103.15	103.165663984013	103.144973739197	103.15529314743	94.01	93.9953577044275	93.9930590348447	93.9995184126184	27.89	27.8958282192546	27.8907814216757	27.9001106771587	7.85	7.8484469434117	7.84034617763958	7.85177044333349	0	0.00457791230270259	0.00468600856097131	0.0100855678691337	-0.07	-0.0831400181637132	-0.0686417439960242	-0.0779125575446766	-0.01	0.0102062799575059	-0.0186736294125847	-0.0333584989728028	-0.5	-0.479771159599015	-0.503532141159375	-0.481779250014154	-1.21	-1.21593052727611	-1.21288116122721	-1.21006045707265	-5.37	-5.3719659956631	-5.34997362715755	-5.38866166865793	-25	-24.9965091493069	-24.9927622053636	-24.992157846456	5	5.00904964981118	4.99966522642588	5.01993489290245	16.3	16.3087133546818	16.2953483524436	16.2997616526602	59.01	59.0297153173261	59.0182902051649	58.9975607340819	100.26	100.270031899725	100.263667495455	100.2582787957	105.87	105.879719222399	105.864461999721	105.888858871994	102.66	102.647731967422	102.674150199461	102.678634797613
2025-06-15	87.47	87.465016443131	87.447366323495	87.4632270548991	62	61.9922492965253	62.0178251075324	62.0057091756945	68	68.0023810798743	67.9901776296357	68.0167394405692	44.7	44.7108308342219	44.7233394805048	44.7273839936718	35.35	35.3416352027285	35.3558992579067	35.3469543733134	35	34.9780482745203	34.9892698788187	35.0033122535798	28.47	28.4640908469056	28.453959102204	28.4597400670038	29.01	29.0239081904418	29.0087020258696	29.0152267695402	17	16.9910327906347	16.9888813695862	16.9983581442006	0	-0.00198798994543936	0.00345876848488681	-0.00410389178359421	-0.6	-0.600069274682397	-0.586134936082962	-0.599473977520125	-1.21	-1.21851448901089	-1.19728939639279	-1.19152604584394	-1.21	-1.21409590673643	-1.20111980590343	-1.19900802111676	-1.21	-1.21346603834567	-1.20320212069982	-1.19455723041108	-4.13	-4.12225746696763	-4.14005932789711	-4.13020942198157	-7.07	-7.07476915034945	-7.07906414974229	-7.03817704792115	-8	-8.0017830333972	-7.98739825745748	-7.98735116601432	-8	-7.99747639663332	-7.98965876722453	-8.00972889219392	-12	-12.0023061971837	-11.9993673724944	-12.0138085086455	-16.59	-16.5864733751745	-16.5719449234649	-16.5959342903503	4.06	4.05621821192575	4.06048873509074	4.05921253561736	76.86	76.8602650530434	76.8525287443105	76.8436026575587	83.67	83.6779115470411	83.6652374284227	83.6675447673435	81.65	81.6642697457855	81.6493888767131	81.6603049434468
2025-06-16	65	64.9979964484094	64.9902136724218	64.9980551163772	35.95	35.967337401174	35.9428019815923	35.9424007069849	21.53	21.5368669647816	21.5302693625408	21.5295912369853	13.27	13.2699187874178	13.2728179040044	13.2848421757973	25	24.9984941912885	25.011859832701	25.0092480530592	51.27	51.2587485799478	51.2717625640251	51.2702058132143	63.32	63.3086385495029	63.3249459920098	63.3274032808706	81.63	81.6261527949359	81.6139217171702	81.6312590612172	89.49	89.5043056672383	89.4922678737054	89.4901112816087	46.44	46.451632947433	46.454074439164	46.4466631035177	4.51	4.50917864094236	4.51699020679103	4.52160107833995	0.5	0.510045830082887	0.494943209316899	0.498111348880264	0.32	0.312938572828108	0.307089496724131	0.319757918640883	0.42	0.413997507662012	0.427625791255031	0.41551392294261	1.47	1.46524232057242	1.46038484438468	1.46565893033347	3.52	3.52115042622134	3.5301473525901	3.49519665784888	33.61	33.5974420950632	33.6016227577347	33.61340995149	72.89	72.8895192183348	72.9087716048906	72.8863626346932	101.29	101.284457189241	101.283480033604	101.30123338051	117.3	117.287148753817	117.28578876537	117.302051571145	125.43	125.436443431697	125.424506460624	125.43493923015	206.5	206.474312129067	206.485263913951	206.494343662504	164.13	164.123329177846	164.140740895268	164.138456884475	122.62	122.612907932412	122.613464367369	122.63405601915
2025-06-17	134.14	134.140212598218	134.159126108758	134.121771629494	129.76	129.763242465139	129.774450378275	129.746964839575	120	119.995715262607	119.997921872852	120.007126134787	119.82	119.816228879587	119.815780024475	119.822347389967	120	119.990944870156	120.001312621704	120.016747146404	117.25	117.256775268702	117.264454762359	117.256152153268	125.24	125.22815341377	125.242945749274	125.240158915386	133.15	133.161298683878	133.148352430043	133.152310248398	135.88	135.878382465334	135.877830616868	135.873535339162	112.96	112.970324788138	112.952704261247	112.962657210929	82.74	82.737710312823	82.7496507222025	82.7327532578135	43.08	43.0814063281901	43.0534276877333	43.0560905727412	36.37	36.3656951813409	36.3624971212513	36.3591282473288	36.69	36.6807243513262	36.6939629828053	36.6870216082238	32.28	32.27438269838	32.2845706543936	32.2881162174759	24.96	24.9482848692784	24.966764007348	24.9678586429671	43.25	43.2447133849569	43.2645135633526	43.2622700183673	82.74	82.7419567585577	82.7464968366767	82.7397829403625	102.01	102.009543382935	102.005089570052	102.002610142859	125.5	125.513548889838	125.502675311733	125.506237685678	139.78	139.769966561016	139.777482293058	139.782412671555	154.76	154.761676834494	154.765425830859	154.767398780106	152.03	152.039257959456	152.034129413051	152.032905659372	127.91	127.915103289147	127.913823155081	127.915979209869
2025-06-18	134.78	134.769705256285	134.782176722251	134.768896566714	128.67	128.665954528393	128.658741575076	128.669541815897	124.86	124.854843195959	124.875436911888	124.84386796121	125.11	125.099899922215	125.104477701408	125.110612355983	126.17	126.173167298343	126.158061805386	126.166408648882	128.97	128.963070074213	128.967782976167	128.978626257527	130.07	130.060685111923	130.051263184102	130.085475785147	138.31	138.309940674573	138.299168850228	138.31437105828	136.12	136.11075353035	136.109871483758	136.14326428833	114.68	114.682743479816	114.698588839315	114.673336975111	95	94.9982451808554	94.9955672252996	95.0023067383483	76	76.0054474575888	75.9970237266329	75.9890420878045	61.02	61.0177802537015	61.0360516829897	61.0392926229729	56.55	56.5522461600119	56.5438768095813	56.5709063213454	56.11	56.1165437213319	56.112178421072	56.1011397513921	55.95	55.9412721780324	55.938056594799	55.964784728756	71.76	71.7552840464169	71.7670091488977	71.759066793242	92	92.0045887731622	91.9960805372928	91.9979337531328	113.67	113.66587987238	113.673034812807	113.670236386743	135.17	135.174409690972	135.168427042494	135.171665614764	161.03	161.021401614827	161.013769082787	161.031155184616	204.56	204.577451955512	204.5559197584	204.551474605589	175.26	175.258016273956	175.261329809703	175.25436766949	145.01	145.013798504012	145.009951443753	145.013576137331
2025-06-19	139.01	139.008611966387	139.038528549028	139.000848535178	130.22	130.224210143255	130.227107043458	130.220103586582	124.86	124.854746849127	124.861039794295	124.859283734036	124.74	124.73193865679	124.746064740121	124.747347429704	123.13	123.120433303849	123.127701179996	123.147978338077	124.66	124.662214573534	124.652766612761	124.663350174677	134.26	134.258295724399	134.253399394302	134.280928258766	138.24	138.223411742333	138.237832692522	138.235227786771	128.37	128.368385361227	128.370764470399	128.366749003375	120.05	120.031648317287	120.05703954533	120.055516842803	110.45	110.445176606025	110.46723264913	110.444761985284	91.91	91.9138399819435	91.918171119222	91.9007334342105	83.33	83.3343659699804	83.3279484925159	83.3324529458133	77.51	77.507518143627	77.5136247329678	77.5179687989326	74.65	74.6528487983196	74.6478898968253	74.6412336560184	71.5	71.483654005954	71.505952788149	71.5073755400671	86	86.0079783638087	86.0103584838439	86.0087827690336	96.13	96.137650003226	96.1163795029548	96.1317725538342	118.18	118.177128425128	118.189560421148	118.176220270718	132.99	132.997885686288	132.992710308513	132.979219971416	138.22	138.229898507608	138.221291874954	138.209666312794	164.76	164.750630941093	164.771007798972	164.755970486018	164.35	164.359724659568	164.349864422791	164.351438584771	133.02	133.03100567365	133.019547716509	133.01991405619
2025-06-20	130.05	130.052164964456	130.053864860896	130.066345739566	124.35	124.337568405029	124.336957232524	124.343524082583	123.16	123.151746058622	123.163619141175	123.16022290344	119.22	119.244694697808	119.210777897816	119.242457209139	119.84	119.837951376394	119.847921472615	119.836323086664	116.2	116.204047619292	116.187617598604	116.213556581562	122.47	122.460290590687	122.475228423045	122.46176855035	128.79	128.787031073933	128.782191664315	128.803468258278	131.56	131.574116346493	131.572533059314	131.573172880196	113.94	113.928186594765	113.945517503717	113.939606418768	85.9	85.9124179522592	85.9065670606513	85.9122219550592	86.4	86.3888771704136	86.4020128590609	86.3899938439675	77.06	77.0582142822999	77.0699680058304	77.0484561207132	75	74.9897880505302	75.0122227981685	74.9824182187432	71.06	71.0523197799906	71.0780860268753	71.0751515065565	70.05	70.0653943269735	70.0365208632929	70.0568764404233	76	75.9905086232225	75.9873077248478	76.000208789521	75.01	75.0152042569885	75.0116059674765	75.0261944123651	81.08	81.0841811379781	81.0867096190172	81.0779376034436	92.18	92.1755730273834	92.1746595330983	92.1914240102463	126	126.000325217012	125.99583861309	126.003755123323	158.49	158.475899730119	158.493995655701	158.486863372464	159.1	159.11063424608	159.10303864905	159.105835540828	135.86	135.86760163241	135.853348166551	135.853793589667
2025-06-21	132.32	132.32798561942	132.309535395528	132.317235762622	126.93	126.923463983451	126.942809228767	126.891927069838	125.45	125.447372278094	125.450330166164	125.456091559	121.76	121.756587386366	121.760191879384	121.778833201115	119.47	119.467123716132	119.474259599688	119.479415147833	117.43	117.434036469727	117.421335121624	117.433767300515	119.17	119.176638250002	119.182926118957	119.158592445291	115.56	115.578495110819	115.563628813875	115.561073728532	109.24	109.250817295215	109.240796556145	109.213986294306	64.19	64.1873107189648	64.1900181420336	64.1809103893134	37.14	37.1347721225411	37.1269795487738	37.1377827697805	6.35	6.33806299681849	6.35125695255667	6.36116997441825	-0.01	-0.0160243333538234	-0.0141280172741509	-0.00880037309055999	-0.65	-0.634602262847146	-0.642217053097221	-0.656252663913017	-3.96	-3.95963018768401	-3.95820792413698	-3.95853561490519	-3.62	-3.63367775977646	-3.62795350816326	-3.61120731332068	-7.95	-7.94282296369152	-7.95395104520413	-7.97075087169743	-8	-7.98954439677941	-8.01431509955296	-7.99982548298168	24.27	24.2687851051967	24.2521075119836	24.2809202338008	90.09	90.0918822804074	90.0880407669285	90.0890845978221	105.38	105.385515315524	105.39081794891	105.378080172461	132.68	132.705396194371	132.700825532879	132.685372867093	140.31	140.310610007938	140.314730064622	140.297259631225	132.37	132.366955111559	132.372184411743	132.362368264432
2025-06-22	130.45	130.447684054756	130.44146063912	130.45244606508	124.86	124.867272065355	124.85261386358	124.849981059582	122.84	122.822998656046	122.848941993435	122.837038625161	123.51	123.524652590582	123.499852431354	123.495048598248	120.94	120.947782949262	120.946560805202	120.942366932556	120.63	120.628206628919	120.627460169923	120.623518943607	122.53	122.523833664124	122.543728666265	122.52023177698	120.19	120.192093445831	120.18783380643	120.182468138812	103.69	103.694657353705	103.704267045155	103.690559463744	24.87	24.8569791187459	24.8760341561948	24.8858885550382	6.87	6.87725273670799	6.87279799241214	6.86569837042288	0	-0.0207085586679876	0.00535189630853096	0.00344314507310301	0	-0.00633165265091131	-0.0166009265681628	0.010912789280869	-0.01	-0.0087931377221964	-0.0128990506563213	-0.0190948955951182	0	0.00263036206659603	0.00528559070818152	0.00309017601426314	0	-0.0100845114079477	0.00979332565756591	0.0219714194355594	0	0.00927294046152928	0.00177126900520824	-0.00221066554301115	-10	-9.99670623239186	-10.0111206902789	-9.99533795904089	0	-0.00939490008177145	-0.00411514120681486	0.00182231077618517	43.41	43.4108781178197	43.4043931446341	43.4060943037778	97	96.9862441926729	96.9938175765894	97.0121332126466	128.76	128.746312915585	128.757593272194	128.774315938111	135.01	135.00523411986	135.009136052904	134.993412644099	131.76	131.751315537703	131.774612791257	131.755778317719
2025-06-23	127.63	127.63118087207	127.611756640112	127.64051552695	123.08	123.087153914604	123.077761481915	123.093574114663	116	115.989643152143	115.985030963591	116.019113854197	114.43	114.433054576472	114.436725907074	114.431439236431	112.19	112.174902435403	112.193754187225	112.18191294196	109.96	109.9676474561	109.955161228779	109.977353463114	115.43	115.418848089652	115.415070284815	115.415602464096	126.58	126.58479370139	126.563776500387	126.573852103272	122.07	122.07497397135	122.071579990315	122.053990765594	113.1	113.088245874141	113.105651020913	113.09996236274	94.75	94.7521556350846	94.7405013824807	94.7246505832339	78.58	78.5922051091892	78.5796265530831	78.5852941422872	76.27	76.2637065751298	76.2576874315362	76.2800176413936	70.75	70.74845442337	70.7432299451409	70.7528947700951	55.47	55.4700796263297	55.4486726248296	55.4670195477768	65.75	65.7595560875726	65.7501437957362	65.7557633218114	71.4	71.4049742351484	71.3986898017895	71.4128692273894	70.55	70.5541218287459	70.5590681692771	70.550354654457	94.3	94.3004197389702	94.3014477788925	94.297150597437	104.82	104.801318922202	104.825309437318	104.808822112008	120.46	120.471631286121	120.449684084353	120.455229538869	195.67	195.68322425488	195.649729138373	195.670159133923	180.14	180.15038852929	180.138343638366	180.127596398543	145.81	145.8167193807	145.812439518185	145.808505260275
2025-06-24	138.82	138.806369874128	138.816641706927	138.818130605215	133.18	133.165550817784	133.170326935675	133.174160247825	126.88	126.898388329522	126.878512801108	126.873796540188	127.11	127.097358538519	127.101545531426	127.123929036261	126.93	126.920449962294	126.920839648307	126.911405869865	126.87	126.873729002557	126.857221082682	126.879200652335	126.11	126.112707493593	126.111562886757	126.122551343147	135.61	135.612774080919	135.596260828172	135.617319195386	136.9	136.901154455216	136.898992302983	136.905955066292	129.05	129.047711860392	129.04859271359	129.049171706817	110.46	110.467363925332	110.462275940379	110.462716488164	100.9	100.89206831808	100.877547358441	100.908143283588	81.75	81.7577852919746	81.7649133707092	81.7523985627466	55.92	55.922751570157	55.928955061553	55.9309291381498	21.23	21.2418680554766	21.2530941662918	21.2453462220793	10.45	10.4700196389292	10.4560068528008	10.4718538442873	7.5	7.48711542232924	7.5061476743403	7.50849856487018	20.06	20.0462560370993	20.059592126368	20.065139080174	59.95	59.9496579434361	59.9470576430229	59.9568932009504	82.07	82.0575540475107	82.0566299369451	82.0800408603011	104.59	104.589508673737	104.597496754074	104.607031896846	148.8	148.797412738571	148.801210742972	148.7924637851	164.52	164.521625569177	164.513489004281	164.502949974015	142.31	142.309418902208	142.303177985842	142.320795610122
2025-06-25	136.8	136.809337562043	136.801438199985	136.800823392146	124.42	124.426162444022	124.41808977254	124.431843384279	117.67	117.663159219482	117.671377229595	117.669679527913	116.31	116.311360947665	116.312197704184	116.315070989399	116.46	116.461183479766	116.45471429131	116.437423575849	116.04	116.032807252204	116.03856467472	116.055740791424	120.44	120.450879612333	120.449775690239	120.446124691852	132.11	132.105816928323	132.117456049641	132.116533919754	129.8	129.791761102347	129.809092597268	129.793877623753	103.41	103.397774794259	103.411090315346	103.407267010597	70.13	70.1280310381631	70.1252947697191	70.1171364306568	41.97	41.9574143427244	41.9736490893515	41.9609365215893	28.02	28.0197170900058	28.0075586442468	28.0290618849268	19.07	19.0488494051829	19.0804028172257	19.0819981198702	8.52	8.52511564860376	8.50995474947997	8.51442470934985	3.59	3.59390550012068	3.59877221940595	3.57812431438628	3.77	3.76818580138556	3.77414737326239	3.76813899099481	5.4	5.39226026458319	5.38821985791411	5.39996767401587	35	34.9868451817102	34.9985140002912	34.9946026903164	51.98	51.9941524256344	51.9782425250126	51.9783387685368	92.56	92.5613759657585	92.5769000965783	92.5610364904996	145	145.009770076447	145.007988085397	145.013874808363	154.52	154.526225715695	154.500230235547	154.515712647175	137.91	137.908833470632	137.90611828065	137.913639596924
2025-06-26	128.8	128.791635934483	128.788409925384	128.812457167044	117.98	117.976096994799	117.97069078837	117.988930288326	112	111.997577355047	112.016793955493	112.000940010198	109.85	109.840471154116	109.865330272368	109.840898862623	108.57	108.570986391936	108.594276754176	108.579699761053	108.34	108.331962932418	108.336000339423	108.342437200432	114.1	114.10590195169	114.121044287375	114.094939475567	121.74	121.746404068977	121.742503553697	121.75313317762	121.54	121.523370558954	121.52313775102	121.532664503256	99.11	99.1184197242927	99.1156843051086	99.0958468115409	50.34	50.3442818130909	50.3518203426722	50.335093182522	63	63.0093336606138	63.0002816070843	62.9907240355933	61.09	61.0927367807975	61.0782369721391	61.0793367891705	45.85	45.8564869681493	45.8416787462061	45.850264427032	38.39	38.412156406181	38.4094052379782	38.3946882333467	37.2	37.1950266180439	37.1918416401044	37.2067499252487	38.39	38.381444982066	38.3789632551383	38.3934901280465	49.13	49.1170184482645	49.1184645464804	49.1271409668938	61.19	61.1815917079756	61.186734728205	61.1834839662551	80.9	80.9072912985012	80.8965882274104	80.8937424523718	89.62	89.6114361960592	89.6067678011848	89.6104876139578	156.62	156.627958314657	156.643826132958	156.605843611638	172.55	172.563655086336	172.543044169949	172.532570437835	140.91	140.916351196906	140.899340057316	140.915176933329
2025-06-27	121.39	121.395735627574	121.390150410481	121.398635494053	120.51	120.515817011992	120.510866989162	120.505002348125	114.54	114.539572341135	114.535755165335	114.520901237378	111.57	111.572710978268	111.559522468553	111.57538693019	109.61	109.588537901855	109.612151937123	109.611936566188	111.91	111.902935683378	111.904324053091	111.917417451106	113.21	113.2029828474	113.190393400098	113.208443822515	121.46	121.457481102213	121.450018466577	121.468505804708	128.93	128.923327177742	128.904935672492	128.915965110082	107.91	107.886555978696	107.904872971012	107.918057443695	85.83	85.8212643406868	85.8314026964962	85.8376427451472	82.7	82.7060635802451	82.6947091842089	82.6849070891408	68.44	68.4384346345465	68.435758416549	68.4333570037959	48.4	48.4192121373594	48.4159213299722	48.3806729345099	35.94	35.9156958102946	35.9489398092999	35.9357667384645	33.99	33.9928200362101	33.9897593662412	33.9874016050177	36.7	36.6995643547552	36.7024959894336	36.6897163089055	47.32	47.3132823128288	47.320539662221	47.3211282113984	69.73	69.7362696216534	69.7414880660923	69.7081686853435	85.53	85.5450713620368	85.5291981578788	85.5129774083394	90.83	90.8391736174157	90.8245616525477	90.8232763999828	141.05	141.053075379359	141.066847358812	141.038318224581	150	150.009488853786	149.998959100798	149.981401593511	134.3	134.297401880263	134.296237476418	134.316047387401
2025-06-28	120.96	120.967007926433	120.958288839879	120.970785694932	125.8	125.812980434835	125.806294071769	125.815880012752	117.5	117.497708583094	117.514145209782	117.49150251733	111.19	111.181772190742	111.196755076025	111.188966191102	110.03	110.034328564584	110.024090697199	110.028127829577	108.5	108.498473206962	108.510597930607	108.496669838223	108.09	108.085278638325	108.08063027534	108.076565040242	123.28	123.279734920136	123.266468459627	123.27549357825	109.1	109.098257281093	109.097359309237	109.105289373265	42.37	42.3581511747636	42.3817836209338	42.3767346655073	16.6	16.6167091056001	16.6077379033253	16.6096604732413	4.94	4.95620000433619	4.93320267129329	4.93538544761839	5.53	5.53972800013611	5.53012221738399	5.53197887325478	3.65	3.6535409682882	3.65299001402157	3.6573830268408	5.76	5.7637439391709	5.74573935345046	5.75859414473257	4.31	4.32182421531022	4.30663741419615	4.29935700516061	3.52	3.52510772899629	3.53861344557172	3.52615325405453	10.23	10.2417995463149	10.2136074225264	10.2232296134306	21.6	21.5863974653182	21.602524682794	21.6096324219911	66.47	66.4543851899159	66.4739026492154	66.4763849107277	73.42	73.4173980333767	73.4301185921527	73.4202720592971	127.23	127.229872380042	127.213942661735	127.226890277449	132.65	132.652491021201	132.668643980335	132.658596915866	119.43	119.443255483125	119.442662510976	119.442601697156
2025-06-29	106.58	106.577530405795	106.573753289427	106.567309196058	101.54	101.532955895706	101.522797903144	101.552189369873	99.51	99.5131735872181	99.4991513712917	99.481999960057	91.55	91.5444365815722	91.5428022912138	91.534643261355	96.99	96.9848541000954	96.9933026399483	96.9791624793035	98.02	98.0222847047354	98.0085779197129	98.0183140373081	102.28	102.262600586846	102.272166882607	102.273588222259	104.09	104.085595129435	104.077656582225	104.088338656493	85.42	85.3996328246158	85.4221194814814	85.4257064579729	24	24.0000414491085	23.9981384110796	23.9944597790117	9.99	10.0056560139296	9.98612371564809	9.97380864557149	5	5.01143421369477	5.01890161600365	5.00124893436688	1.72	1.71591680694063	1.72305634411052	1.72655714245234	3.5	3.51349947141519	3.49615989585451	3.50609880839522	4.31	4.31912867277303	4.30066602115989	4.30711614616771	4.31	4.31564779751732	4.31567379950892	4.30341474733313	0	-0.0109037550799568	-0.00179194150977044	-0.0136357126396628	8.01	8.0111572816918	8.00304452310509	8.01876852830852	38.29	38.2799096579439	38.2816513953817	38.2874061687552	73.12	73.1327811049364	73.1129354349753	73.133966569593	89.95	89.9525242282092	89.9553632878666	89.9325115107399	123.99	123.967719863421	123.993321041897	123.982930004624	153.32	153.321464267884	153.328031839071	153.301417737919	134.5	134.477279497109	134.497865850808	134.512549970265
2025-06-30	125.5	125.512282051369	125.509586793577	125.499577253394	115.79	115.78033902424	115.776846292124	115.785474161395	109.03	109.024252125984	109.016462349966	109.019202619553	106.17	106.18969388642	106.167522802161	106.167087214193	109.85	109.858405791901	109.844888475181	109.868847022118	110.99	110.984873799244	110.995938262613	111.016799612881	108.87	108.890197084442	108.882075548189	108.850556974532	121	121.008983991381	121.01376072638	120.995488952907	134.16	134.170386390644	134.15414287898	134.169178923299	112.92	112.925298212591	112.911082882599	112.907922368342	86.81	86.8167974155468	86.8091600866306	86.7994900067161	85.95	85.9444590212444	85.9447925588912	85.9581830052433	84.94	84.9414860428136	84.9540860636264	84.9515096693368	84.03	84.0177598182908	84.0295635346615	84.0274579159123	82.6	82.5992594426269	82.5888652220199	82.6057462145767	82.95	82.9503768071718	82.9521831959401	82.9467183333251	79.21	79.2263922689676	79.20258115871	79.2158887205057	89.59	89.5772415391416	89.5819524363081	89.5877768372458	95.11	95.0859749619787	95.0990416757839	95.1272464931271	99.95	99.9553115511415	99.9625421512518	99.9632997783435	127.99	127.976755170146	128.001494129109	127.978578025731	195	195.007562984158	195.010725895441	194.995055220063	186.9	186.935035200343	186.887569899896	186.897458620449	142.2	142.210796691952	142.180447855681	142.210565834612
2025-07-01	135	134.98714497021	134.984651371964	134.989375438779	123.32	123.314679214363	123.313072978845	123.31168256869	118.26	118.268496185837	118.274931202477	118.273778878417	117.53	117.535388279154	117.531650383725	117.541708187296	114.8	114.792984903605	114.813055819824	114.799250627365	115.98	115.987327717894	115.99200675892	115.992530899395	116.22	116.213965077197	116.220958846243	116.2309550611	125.04	125.024882944577	125.031578448832	125.025667479284	139.92	139.923924317211	139.915692200032	139.916235788596	125	124.983550231603	124.995980315603	125.016559944012	100.22	100.20746329789	100.226260269597	100.221478795877	85.7	85.6937705086826	85.7041882795803	85.695893105406	80.49	80.474500938917	80.4760012713892	80.5108379974205	81	81.0199358778236	81.00922926421	80.9954392051503	82.37	82.3658532431915	82.3589059894753	82.3616079413961	81.65	81.645383759453	81.6623151898539	81.6399366602288	90.39	90.3846565778868	90.3657376381256	90.3862275031632	94.44	94.450355606636	94.4427495745056	94.440888881147	104.91	104.908771042592	104.887955632452	104.916298388819	109.6	109.593442109149	109.596080177541	109.618783216474	105	104.991683829488	104.979451121244	105.003633672809	162.31	162.302408415702	162.323979104963	162.311546264235	159.66	159.664142763933	159.647147755171	159.642119193659	154.78	154.766303437039	154.784914061526	154.784544025641
2025-07-02	141.17	141.168589559593	141.184272991648	141.168185023465	126.73	126.721588394108	126.730913821935	126.733598515856	122.86	122.848572077118	122.848248799329	122.853245060376	120.63	120.647737785505	120.623823679047	120.626161590085	117.68	117.694314061543	117.659133214767	117.682105958869	111.92	111.913994535805	111.937832124624	111.923702384674	111	111.014933720916	110.990840073786	110.99007396018	122.96	122.955860786321	122.94924373259	122.950271880275	132.03	132.040698607416	132.020402134619	132.033503935669	118.52	118.525336677296	118.513398862012	118.522646496287	96.8	96.8001812845062	96.8102350626366	96.795427079234	85	85.0227931610436	84.9836365498764	85.0118680674294	70.64	70.6399222458587	70.6333817828463	70.6450808294249	65.49	65.5020717920987	65.4838427710296	65.477440512299	68.47	68.4668585641625	68.4691576929147	68.4726213388595	68.47	68.4743281072402	68.476816576645	68.4733822286576	59.6	59.6093781776422	59.5979423871195	59.5992847609847	71.23	71.2246117338792	71.2364630229952	71.2454082813446	71.23	71.2416765802848	71.2436138649813	71.2496050965763	62.19	62.2017288431552	62.1799873776145	62.1944376807065	71.23	71.2309019184763	71.2263524695852	71.2420798683127	125.76	125.782670156133	125.775606591517	125.76048831054	129.38	129.364289192878	129.398133661843	129.386735703242	120.96	120.971979317029	120.94631110374	120.948840772605
2025-07-03	111.96	111.959388583065	111.950486770512	111.941684540078	110	109.998711175203	109.98621647259	109.99683568325	107.13	107.14020440375	107.107348590243	107.112323772009	96.9	96.9200152500481	96.8988985792058	96.896241314215	91.21	91.2046241951688	91.1942583766889	91.2184095846234	97.35	97.3455089816335	97.3608354788823	97.3496675949661	103.95	103.950860888577	103.932066022145	103.953648567611	111.51	111.51536715677	111.495878846881	111.509408791349	109.79	109.788562228304	109.77717243044	109.806710335398	77.94	77.9274083025369	77.9385782692403	77.9327412864819	68.92	68.903533007768	68.9148165628898	68.92450350662	56.58	56.5710803700529	56.5789676271613	56.5754672985845	44.16	44.1566920911387	44.1577257190054	44.164627817062	38.2	38.2060445234301	38.2050613801012	38.1986790104337	40.13	40.125457484584	40.1377909052425	40.1398045834221	57.67	57.6685013140089	57.6792245606649	57.6730672331373	64.71	64.7088947853648	64.7179576654819	64.7134345564766	80.09	80.108901823344	80.0770195410401	80.0916577124435	78	78.0016167604704	77.9851301111473	77.9963474396306	80.34	80.3525603179878	80.3518847729043	80.3472501026705	81.76	81.7533863664167	81.7680481010333	81.765560664552	132.59	132.598622578926	132.561127889778	132.585176987476	135.34	135.310727182258	135.343846560525	135.354336499645	119.35	119.359865286778	119.362563729147	119.355153855898
2025-07-04	111.96	111.963147005443	111.967979599334	111.965997028114	110	109.990213012826	109.996989184459	110.008468846293	107.13	107.13398431598	107.11793595775	107.142866026047	96.9	96.8903773013929	96.8960392896262	96.9098648818131	91.21	91.2109033995902	91.1963588732219	91.2035466747161	97.35	97.3470550505999	97.3494178081632	97.3428521245026	103.95	103.952746012192	103.950394554209	103.947663308295	111.51	111.507672233395	111.511634271412	111.498261603309	109.79	109.788060756068	109.790146546847	109.787669232626	77.94	77.9370274508211	77.9317698278129	77.9386992368722	68.92	68.937195028977	68.9146832861052	68.9216408424185	56.58	56.5715732472439	56.5654373235283	56.5884094149808	44.16	44.1425522769509	44.1665257837667	44.1631364264025	38.2	38.2041825307346	38.1994819870521	38.1937434866485	40.13	40.1396635832067	40.1213912483008	40.1198980388726	57.67	57.67532821464	57.6986308726687	57.6675022065177	64.71	64.7041799658746	64.7167532403743	64.7158429905081	80.09	80.089475977865	80.0932206975253	80.1040647475337	78	78.000903116944	77.9946123655467	78.0085139837806	80.34	80.3428531155998	80.3334836340993	80.3475606065122	81.76	81.7438810813981	81.7755462357427	81.7560689124875	132.59	132.595157087718	132.591623210095	132.578624197696	135.34	135.321993917536	135.327719215981	135.32738560401	119.35	119.344941253917	119.343934038862	119.347315230763
2025-07-05	131.74	131.745384448931	131.740193731369	131.718521966332	118.8	118.809331888226	118.79426384735	118.792375957492	110	110.010577119603	109.992019990263	110.003237080109	106.52	106.536367268027	106.527128255148	106.51200413617	105	104.985131967553	105.008991286104	104.992142490386	102	101.996299855633	101.986828554151	101.993403618123	106.42	106.428364396154	106.426630587307	106.415428990852	109.62	109.626245201434	109.627862282292	109.637804360495	100	99.9809763971683	100.000736891024	99.99950414992	75.8	75.8044021953782	75.8070937045298	75.8074710838123	20	19.9955603985841	20.0036041427973	19.9969343115283	8.42	8.42061970379095	8.4214680736364	8.42986108435269	6.31	6.30410421536016	6.30809761785766	6.30614821141665	7.5	7.48754561905938	7.49992077465025	7.49315980075581	10	10.0050497257953	10.0092469094552	9.99970782315408	10	9.99383504020595	9.99857433515206	9.994849148252	5	4.9827043023346	4.98245216435877	5.01581901852707	25.44	25.4308371173246	25.4365433344866	25.4386818341898	10.11	10.1135758540404	10.1024133720013	10.1031708272108	30	29.9982108432383	30.0045894526336	30.0013074182774	72.26	72.2786433510431	72.270213346681	72.2688668630564	122.33	122.329126328444	122.327896317458	122.335850970491	133	132.998154142504	132.988110270202	132.998417666463	122.82	122.821751671357	122.827208269855	122.823277831265
2025-07-06	109.17	109.176837166661	109.171386005943	109.178365487805	100.54	100.514156839411	100.533374297389	100.545011363928	92.38	92.3667495434045	92.39370123109	92.3832265439436	91.43	91.4296037339987	91.4220492104466	91.4277281191597	90.98	90.9880266797239	90.9783598496682	90.9607991405333	90.82	90.8132120840555	90.8237965295941	90.8171846535779	93.31	93.3248304948302	93.3361658233116	93.283464757898	90.67	90.6568269953819	90.6816931753154	90.6726718982832	63.6	63.5904631800768	63.5965230191587	63.5982969561939	16.89	16.9120622461556	16.9057214504428	16.8840119376175	3	3.00804394554797	3.00183113517528	2.98399536566112	1.1	1.09956746972043	1.10621173895156	1.11773261665152	0.94	0.918057993515312	0.935056158264594	0.943655193534163	3.52	3.5237699278069	3.51158246258649	3.51728566803071	3.52	3.52201885225489	3.52301874303277	3.54438511963476	-0.82	-0.828861153557699	-0.824221877996384	-0.809142588386217	-4.35	-4.36216113987125	-4.33857962919991	-4.35877951907768	-9	-9.00032377589287	-8.99117802445441	-8.99655507821399	-12	-12.0024249369703	-11.9875280379157	-11.9985696205041	-8.47	-8.46077321549178	-8.47506512541007	-8.47748756943581	-0.32	-0.307479752356802	-0.307473320581344	-0.332401293541138	74.47	74.4723005165326	74.4691860527219	74.4697735463499	103.58	103.585287346465	103.583847472577	103.587873664903	103.74	103.733943159735	103.73353054615	103.755354925722
2025-07-07	96.77	96.7761002103341	96.7703598722949	96.7714138102928	89.28	89.2767429737689	89.2676941135692	89.289431091828	87.79	87.7770900664169	87.7942348158528	87.7875879787971	86.59	86.5905622682184	86.594757835859	86.5883263041876	83.7	83.7109258421588	83.692162389297	83.696737507662	86.01	86.0018077704022	85.997258302005	86.0226174888539	88.5	88.5055297762978	88.5044432868597	88.5127497498519	104.14	104.141546111961	104.132538035104	104.164022826758	101.01	101.022332079539	101.011844949129	101.013359018705	82.5	82.4964910900317	82.4961457126833	82.5004781352622	37.5	37.4873250058252	37.4853881938295	37.4902991455696	18.01	18.0275051174248	18.0171846037387	18.0184175620522	23.01	22.9863998082389	23.0237245619215	23.0014185852509	15	15.0093018736246	14.9987067968261	15.0090951218427	13.79	13.7964491536905	13.795211341535	13.7817665470392	9	9.00223527665049	9.01128754194496	8.9684083020201	-0.04	-0.031243765150823	-0.027387222432708	-0.030234024947345	-1.69	-1.68794912296092	-1.70833243808444	-1.69401284934013	-1	-1.00390944704104	-0.999773284574574	-0.996776291836326	-3.62	-3.60770895989481	-3.62167616211925	-3.62905529143819	20	20.0088485562405	19.9960750507808	19.999490970635	81.43	81.4205080816182	81.4316707301641	81.4188457281802	89.3	89.2985392221673	89.3049076549834	89.2975403532755	87.59	87.5849764523735	87.5978082700067	87.5911852750881
2025-07-08	83.85	83.8506055164818	83.8425854435982	83.861330598798	60.4	60.4042801103337	60.4040585865356	60.4170886650378	59.3	59.3042737887806	59.3098318958431	59.294870829368	38.6	38.6019445920719	38.5933379122795	38.6008382981235	33.1	33.0970668476169	33.1013929757282	33.0958852871326	25.95	25.9703136002648	25.96294316152	25.9503709146317	40.73	40.7332889659391	40.7348461379393	40.7379947989579	60	59.9850564109152	60.0073632555578	59.993999992743	60	59.9814792599759	60.0010132305703	59.9916371140671	43	43.0187597176246	42.9853717287906	43.0004433826235	4.46	4.47832671700615	4.45392876705394	4.45595876839545	1.72	1.72632463628468	1.72007250673026	1.72415457889185	1.14	1.1480846866585	1.13628031323626	1.12600720081114	1.14	1.14689168720683	1.13516686201564	1.13924227937239	1.14	1.13166789750367	1.15085362515389	1.14137869361324	3.08	3.08643226660769	3.08844946230548	3.09588714066856	3.21	3.21236299963609	3.19830680146745	3.21045686584941	16.1	16.0986394470101	16.0850870601557	16.1062019074298	31.21	31.2211271584793	31.2270872387918	31.2240138855425	30.39	30.3954083964369	30.3796137308846	30.394882373446	74.49	74.4931985398974	74.4734269924454	74.4926805201805	92.4	92.4077533044092	92.3998888716199	92.4124191183572	102.63	102.631790940299	102.636682505125	102.630725412507	98.07	98.0702252493766	98.0556528532371	98.082664250158
2025-07-09	110.12	110.125238851356	110.11381801449	110.116108518127	102.21	102.201851851766	102.211042534607	102.211919424433	99.42	99.4420427714226	99.4340014529936	99.4155397464398	101.32	101.332509838472	101.318464992305	101.324373525913	106.6	106.604020704647	106.584118359419	106.598278605442	108.37	108.366552295105	108.368249648521	108.367164834382	103.57	103.572100804773	103.58800796178	103.571384260116	110.02	110.026488324356	110.014360643926	110.021128614205	108.75	108.740634296722	108.746727500246	108.760783276126	97.5	97.4958869723413	97.5210173420722	97.4864722027251	76.6	76.5982802376509	76.5861796904551	76.6076003564223	45	44.9983595367735	45.0092575912543	45.0095566937844	40.1	40.0982268466384	40.109757832619	40.1078107455489	41.2	41.2012964548821	41.1932620103223	41.2060147569518	41.2	41.1975601543121	41.2144788095921	41.1978770382255	45.55	45.5477998330489	45.5425188444562	45.5536489309619	55	55.0061102274502	55.0027169876448	54.9942989196797	76.19	76.1918965136264	76.197912140499	76.1833137095726	73.8	73.8068333265089	73.8221061279724	73.7916638295714	91.41	91.4035594331842	91.390982198265	91.4159896406632	100.04	100.034051038146	100.03259765343	100.040331669804	153.75	153.755295497947	153.753971272579	153.75043911414	146.58	146.584927809549	146.55474288892	146.580879932676	120	119.986185933665	120.014540428444	119.998881698141
2025-07-10	140	140.008444887499	140.00094391269	140.008779384652	138.01	137.99113013687	138.015561911103	137.998555709421	120.42	120.407102283726	120.422914639145	120.414783266613	118.02	117.999139925285	118.026003254517	118.015811517065	112.38	112.390346622525	112.392630920071	112.371809978447	109.03	109.00987803876	109.02760371663	109.045078264545	111.39	111.404357530747	111.39737697413	111.39237579232	130.64	130.631625139351	130.638868706032	130.623621840558	130.56	130.552016300098	130.56471405909	130.561869671887	123.1	123.082116028327	123.095573780335	123.101100993793	111.83	111.83234405776	111.813415650687	111.823016225452	104.63	104.641781279512	104.625110118377	104.620142247206	86.98	86.9681192165064	86.9786465478214	86.974533923879	88	88.0000728585197	87.9907177011093	88.0066577982878	86.45	86.4343166904799	86.4548845950461	86.4491588246934	86	85.9915719391852	86.0134661605026	86.0015481687329	84	84.0100592776336	84.0172755280521	84.0017531704192	81.73	81.7136024158016	81.7350782169353	81.7278074007251	83.08	83.0859734942217	83.0839252153867	83.0818195486413	81.01	81.0067685638591	81.0188203314547	81.0276729470644	108.47	108.479146666921	108.469412124009	108.477040794848	158.75	158.741277840261	158.752846930358	158.771109137686	220	219.991935442053	219.993531446269	219.985031239584	145	144.992995679446	144.990084298004	145.016771384597
2025-07-11	127.19	127.187864223769	127.176067888188	127.186189437415	121	120.984622278105	120.985657096623	121.007588368405	114.35	114.346809669968	114.346807856879	114.36434586187	112.73	112.752207047363	112.733438641126	112.718513715982	113.73	113.724047600318	113.72469912814	113.721205325998	113.33	113.331586567334	113.328945973981	113.33422840599	111.87	111.857972061685	111.884450114637	111.860943423145	126	125.996816566931	126.000795528457	125.989794744682	140.88	140.897642904339	140.895362060674	140.879542840863	119.6	119.585870117286	119.596975896473	119.60755327085	81.25	81.2587684804432	81.2589568470525	81.2601051541847	77.3	77.2965210260191	77.3025811100963	77.3045137636349	85	85.0083686873216	84.993247872699	84.9988319599373	85.01	84.9977168853546	84.9994017128742	85.0061271033323	77.99	77.9879007740125	77.9932519548342	77.9749392706999	77.27	77.2728956938825	77.266675753355	77.258570078775	76.75	76.7484494471201	76.7647035035651	76.7308111432852	77.14	77.1495819298017	77.1312634550357	77.1558140393958	74.83	74.8249410094615	74.833231775387	74.8274671386875	77.4	77.3978235912245	77.4123773101449	77.4034850110553	84.23	84.219772039925	84.2227635958261	84.2265289087293	122.67	122.676607000512	122.677298377787	122.659535239108	140.01	139.981282559689	140.01142209266	140.019498461962	140.01	139.999007762905	140.012090337806	140.002397849004
2025-07-12	123.05	123.071134940051	123.06126003565	123.053471653973	120.27	120.272130582572	120.264294797819	120.270619477689	117.18	117.184921775833	117.211348739613	117.170762527021	116.1	116.119400608118	116.086965849533	116.099320841922	108.52	108.506998769852	108.51793380511	108.51280994148	105.87	105.862294030896	105.884950144787	105.882960204462	107.66	107.655118694702	107.649342580703	107.641437936774	113.44	113.434857068387	113.438697278791	113.436865492409	107.53	107.545100132769	107.515894325326	107.552255654428	72.95	72.9494600904837	72.9414360435167	72.9435762039253	50.09	50.090824513825	50.0804541884221	50.0925842433995	23.09	23.071846085858	23.0650178331082	23.0959139230315	15	14.9975997256258	15.0039098554782	15.0038011450115	5.76	5.76867321019649	5.75559576778463	5.76295878681537	4.31	4.29746273569853	4.33337142929895	4.29188473665935	0.85	0.844292183957453	0.844492525665913	0.842575448288527	13.68	13.6839927281432	13.6809203431486	13.6753113509149	35	35.013762346429	35.0031656111669	34.9969682704694	50.08	50.0692686232489	50.0833361770035	50.0913434360674	68.34	68.3467144432661	68.3618596032968	68.3438804872628	60.99	60.9994838789444	60.9952007953666	60.9756466544063	118.16	118.170350736722	118.1647888563	118.150322293507	133	132.992199316341	133.002233007671	133.007501354267	122.24	122.248610464902	122.23315852522	122.23652981064
2025-07-13	123.05	123.041962027199	123.032161421575	123.057967095457	120.27	120.2649884499	120.263111424005	120.287697417772	117.18	117.164082024654	117.173848893421	117.193889854774	116.1	116.090678211411	116.0926808371	116.103262238339	108.52	108.530747473506	108.524859770933	108.523017197254	105.87	105.86501720004	105.873084908827	105.862706902491	107.66	107.671756941275	107.674449003503	107.66888050697	113.44	113.430070432371	113.471821708167	113.43895893638	107.53	107.52670493001	107.534190126326	107.529708080745	72.95	72.9471921221251	72.9511354344054	72.9476671276805	50.09	50.1046919394191	50.0864964464005	50.1013035325385	23.09	23.0928662763052	23.0916518705714	23.0815848615719	15	14.9940108065597	14.984477617024	15.0087621043896	5.76	5.75860911643405	5.74785861170555	5.78169038800447	4.31	4.30503654625781	4.30461965212973	4.31393966557002	0.85	0.839743052552219	0.827494656425805	0.847312660465449	13.68	13.6838595773516	13.6833167855775	13.6864022846692	35	34.9904699102093	34.9903365418593	34.9975071956021	50.08	50.0834679298047	50.082921227481	50.0836552880122	68.34	68.3416889129562	68.3358793831321	68.3704703965684	60.99	60.9925006326299	60.9897671326719	61.0006896182949	118.16	118.149025377952	118.137281114223	118.181136315438	133	133.005281902783	133.002488313849	132.986479543931	122.24	122.236336224065	122.252933101939	122.247495666446
2025-07-14	118.89	118.893905263711	118.882918332457	118.887132650799	112.45	112.440379726342	112.438433922381	112.438082191732	106.86	106.867937077395	106.868951302156	106.86685131786	101.95	101.943647302529	101.940469354284	101.942003265147	100	100.004864328265	99.9974590190134	99.9940895512922	101.21	101.230756682077	101.211331466991	101.220503693992	113.43	113.408081197742	113.429894038419	113.425873294407	122.72	122.709467653721	122.709220821937	122.726264371298	123.36	123.360534807976	123.349173049907	123.365286391003	91.18	91.1874749401207	91.184893953417	91.1830610788603	65.25	65.2201077311938	65.2335820386438	65.2409478105387	33.97	33.9486997360076	33.9770392817946	33.9883494687009	34.31	34.3139806532603	34.3275278952114	34.3316908258437	38.8	38.7890498260323	38.7840790912456	38.8150908237708	25.85	25.8320418566808	25.8478515488339	25.8625514491449	19.18	19.1764990031253	19.174556617802	19.1656012000622	22.09	22.1205398308485	22.096016251584	22.0858587712494	1.5	1.50431425605516	1.49582231342389	1.48471229243653	14.01	13.9981835879516	14.0081672030799	14.0229576039526	38.13	38.1242371562904	38.1342778255498	38.1246702129851	77.06	77.0758443211967	77.0525449967967	77.040667693477	108.64	108.649010879624	108.636738611811	108.62973188111	119.68	119.691776716476	119.679666945927	119.668032183931	118.26	118.267273721704	118.249550328617	118.263920442114
2025-07-15	115.42	115.417121387809	115.418979180437	115.430626657071	116.84	116.84133148974	116.838925191645	116.856480393229	108.72	108.723816355199	108.721622004489	108.719596211778	107.22	107.213964931534	107.227238674136	107.207020177649	104.42	104.412605124359	104.433582598514	104.426966671941	104.78	104.771604733051	104.792277561423	104.788664822948	108.77	108.772398936677	108.76306361103	108.780770720946	119.36	119.353881518872	119.378321056085	119.35785585797	126.23	126.237517567047	126.230865484211	126.245125673691	105.96	105.957723150404	105.95957678801	105.982242548361	55.5	55.4889100457421	55.4910711685925	55.5120766632553	55.85	55.8553622841071	55.8623118568194	55.8574043612708	63.13	63.1344796557039	63.1272576639778	63.127749972302	65	65.0019440814564	65.0098160389161	64.9974767825655	53.8	53.8098382952731	53.8047350964131	53.788608327368	44.44	44.4360852792139	44.4428739438245	44.4564374883406	32.9	32.9092677657819	32.8958373479834	32.9108524201299	49.01	49.0176683869658	49.0038423734361	49.0288048818746	50.08	50.1119966367678	50.0830748291724	50.0777859504244	65.1	65.1108239042737	65.1064473845131	65.0953255219826	89.56	89.5687387721222	89.5645920829403	89.568559710033	124.77	124.773662228961	124.774822073362	124.777338861875	134.9	134.897468196836	134.890409900444	134.89424073841	120.39	120.391715438056	120.410540623278	120.398064001879
2025-07-16	115.42	115.417284707035	115.392464398551	115.403341947253	116.84	116.841307701381	116.833283901502	116.826605320528	108.72	108.716428258264	108.708326806797	108.716799164229	107.22	107.215362831649	107.202837009263	107.234501047912	104.42	104.43110430915	104.414275561673	104.418184705076	104.78	104.759465407806	104.792489762022	104.769783418162	108.77	108.770668472655	108.76343977825	108.768504190237	119.36	119.355398183636	119.364533628286	119.373313294404	126.23	126.229437797725	126.230905357915	126.208669068974	105.96	105.982371806733	105.949595842387	105.963034726048	55.5	55.4914704376944	55.4989573576298	55.5086367537352	55.85	55.8603541500531	55.8630905956852	55.8604675360854	63.13	63.1343687617331	63.14559001627	63.1286507969238	65	65.0078390773183	64.9940829072055	65.018640752721	53.8	53.810972787085	53.7889145018585	53.8082241694907	44.44	44.4295350708418	44.4454426205127	44.4448004271076	32.9	32.8939828271913	32.8946787363603	32.9073305167726	49.01	49.0009607481213	48.9946140926896	49.0249292957532	50.08	50.0754608152161	50.0793319897961	50.0802460953911	65.1	65.0900596186267	65.1056334491184	65.1055914075036	89.56	89.5471271546666	89.558683978822	89.552435343617	124.77	124.776130507244	124.774176485511	124.77726523605	134.9	134.900988258677	134.901936786498	134.908613392143	120.39	120.388705187616	120.397913122536	120.399311955982
2025-07-17	132.1	132.087479423567	132.087557297228	132.093222318713	128.99	128.984444788619	128.977540729576	128.983167212647	121.34	121.358401507811	121.35661012694	121.342063632396	116.62	116.61127499176	116.624889513269	116.617986313543	113.62	113.625201458213	113.611636504588	113.621718897489	115.2	115.199731515237	115.189769088066	115.210493238807	118.36	118.361016597881	118.34870162473	118.367890650797	127.87	127.873579557509	127.862146004287	127.85893422113	132.06	132.065206731757	132.049059529382	132.067392499999	114.27	114.279072750755	114.289921344621	114.258418233244	88.76	88.7650126717615	88.762756629787	88.7628792208555	86.36	86.3454493022493	86.3613250604605	86.3645043773166	89.8	89.8104106194766	89.7972195332662	89.78871350537	88.8	88.8082036347426	88.8077323588712	88.7895180818336	88.33	88.3295203485296	88.3337799580508	88.3280304733342	86.01	86.0129729935785	86.0122130125013	85.9989144413994	84.15	84.138465735832	84.1409518162064	84.1485610979469	87.71	87.7154721339542	87.6928631368932	87.7190079993866	88.55	88.551366254496	88.5600386914351	88.5476146375321	80	80.0030449764317	80.0039650537884	80.0021451228839	91.4	91.4117595398192	91.4066269819543	91.3913324165441	122.66	122.663287944466	122.659734321096	122.687277210245	128.42	128.422547023553	128.411155040553	128.413481354595	122.28	122.295404370053	122.278459480772	122.29732692973
2025-07-18	119.82	119.82895297728	119.810351709923	119.822487218097	112.99	112.990637523093	112.984975652438	112.97941345977	110.79	110.790214119843	110.790714702237	110.785200982461	105.9	105.873087640402	105.916583642147	105.899612301715	104.81	104.810435172594	104.810884695285	104.805176059799	102.17	102.167136535985	102.166494135496	102.186588656988	104.24	104.232346816786	104.237505718971	104.236480721837	116.44	116.442059479818	116.438459600417	116.433168352004	124.39	124.37568257997	124.387675066189	124.388915272982	93.15	93.1537210261337	93.1537357693096	93.1402413543995	91.83	91.8409378495553	91.8271674199539	91.8248104968754	86.64	86.636515892012	86.6570259555408	86.6347839476506	85	84.9921857345566	84.9942972978052	85.0203529755133	78.02	78.0253235095119	78.0409615865853	78.0283329052672	71.3	71.3078271351484	71.2903103359569	71.3076926075954	68.68	68.6779286448609	68.6872825070374	68.6795963886422	64.34	64.351958340061	64.3411501808771	64.3479989604329	72.8	72.8251093973095	72.8026662228264	72.8207423209158	75	74.9946449430987	74.9994897960643	75.0032117245549	67.8	67.7976544606415	67.7914879795253	67.8178701088194	78.88	78.8834562090529	78.8789687254379	78.8833946287677	105.55	105.552598922258	105.545881833157	105.537340108829	114.19	114.188881423718	114.189998048032	114.173072099822	108.09	108.087274725461	108.092666129093	108.083280006998
2025-07-19	103.41	103.402496678707	103.407112104813	103.421914904647	95.74	95.7421696521387	95.735573222381	95.7495322338255	88.06	88.0695719909825	88.0478454642804	88.0531966144434	82.99	83.0075473042796	82.9814423716422	82.992655459449	80.5	80.5015245744066	80.471817207265	80.5007946261319	79.82	79.8328686833507	79.828689694263	79.8270528463988	85	85.0069716353747	85.0124700483169	84.995996030466	84.3	84.2935656406418	84.28809238687	84.3016852521729	84.87	84.8717214504665	84.8722820921654	84.8548920903584	64.83	64.8241197035407	64.8345248236844	64.8132322261194	8.52	8.51909049613919	8.49873472310646	8.51381190930273	9.65	9.65476509049506	9.63783510108589	9.64757201854515	0.65	0.665689342803358	0.645208292307916	0.637120373465713	0	0.0088298314277761	-0.00974935800432274	0.0120814417897169	-3.62	-3.63218287423511	-3.61460372668778	-3.61494254499391	-9.84	-9.84450457122372	-9.83385072998402	-9.84746809167002	-0.39	-0.394931977686842	-0.389146180143365	-0.385924929487518	0	0.0100656108654865	-0.00186600308609113	0.00826592136044131	-5	-5.01393154243405	-4.98095573524054	-4.9921465732728	0	0.00359369931855316	-0.00382170138611784	-0.0121965017170094	42.92	42.9097396195971	42.9193400099168	42.9098824207203	95	95.0098126496324	95.0091148376101	95.0002138272503	106.75	106.748177009958	106.770258215154	106.754213752302	96.25	96.2598412436103	96.2259951541161	96.2330421906285
2025-07-20	66.91	66.9076190769698	66.8995708305767	66.9202064988172	39	38.9987678838213	38.9976782768278	38.9960824594075	35.17	35.1834141829429	35.1706867321547	35.1525583258829	28.81	28.8148827415817	28.8058733621614	28.8270888758029	21.86	21.8540448834723	21.8510440986133	21.8490870007503	13.81	13.8071562345723	13.8038098937453	13.8162994327485	13.94	13.9384651917634	13.9495682154466	13.9511319146287	33.3	33.3125489100799	33.2943723870591	33.2792902941266	27.01	27.0176210807982	27.00963872616	27.0130895348509	0.65	0.656182217011059	0.664025611475482	0.650261569072924	-5.5	-5.51468411374364	-5.50830679989106	-5.48950020768094	-7	-6.99857561041061	-7.01340783485808	-6.99649650530575	-0.01	-0.0227371983318161	-0.0168696831303946	0.00588524573064749	0	0.000714705980603114	-0.00150121263919694	-0.0115005296634273	-2.28	-2.28743176970137	-2.2898903530985	-2.28004487341616	-8	-7.99844199885994	-8.01764979953023	-7.99553750504105	-1.01	-1.00797202410513	-1.02216037374017	-1.00009177050328	-15.91	-15.8981959595632	-15.9024012758785	-15.9029948349849	-19.12	-19.1334044439528	-19.1089440603493	-19.1145356737479	-18.62	-18.6241116794486	-18.6162603323248	-18.6224328829578	-4.12	-4.11689427977709	-4.1087316383543	-4.12378589256057	38.84	38.8384710504116	38.8260803932804	38.8273092811756	78.2	78.1894490431419	78.1879114055335	78.1935617095782	76.26	76.258988062876	76.2491875954521	76.2514200817842
2025-07-21	73.9	73.9019305930864	73.9094029975796	73.9120673648726	51.48	51.4892835916526	51.4772685143301	51.4821847430364	50	50.0163109615327	49.9950636896976	49.9845915746835	40	39.993568319994	39.9931914333197	39.9940721850601	18.08	18.063907505436	18.0586091661077	18.0816982141696	49.77	49.7730203079148	49.7679206962805	49.7826770907978	52.77	52.7795209874714	52.7851801566149	52.7630807413307	100	99.9896981915578	99.9959895007744	99.9903531846003	81.99	81.9985352686835	81.9907885309219	81.9914903748282	44	44.0000606640686	44.0002471100737	44.0051893960099	15.11	15.1051004739612	15.1047831748431	15.0969138141127	6	6.0050848220559	5.98231097384477	5.9871193283097	15.23	15.2341032354632	15.2193256640659	15.2361691758585	22.63	22.6174454110994	22.6209204179732	22.6286880598018	17.22	17.2206215170088	17.2186610347205	17.23897471274	18	18.0215461921271	18.0004262747243	17.9912068723938	8.93	8.93125711083425	8.92127158689659	8.93061467164717	13.07	13.0753794821842	13.0596925417428	13.0694463690675	-0.25	-0.251838068632799	-0.249582401618479	-0.232736868847015	0.65	0.657918565403844	0.66063975747719	0.649722803188813	65.13	65.1276657957933	65.1420102235177	65.1371565078573	159.66	159.673138736312	159.671682728741	159.653010476362	162.92	162.921675760559	162.921171055902	162.907434806261	119.78	119.774877966306	119.793640224271	119.777243533272
2025-07-22	121.69	121.683337610475	121.677139198706	121.696564091221	114.66	114.658855901428	114.671794260074	114.659692749312	100	99.9914543559402	100.002139451857	99.9986050184063	99.62	99.6152298018374	99.6131106573573	99.620833146845	95	94.9878984538112	94.9817388698956	95.011728695527	99.41	99.401536113285	99.4081209536196	99.415421813703	106.56	106.550056361182	106.550660739942	106.575554399877	120.76	120.770718392355	120.743843094227	120.756238194637	116.62	116.622348724005	116.632688259845	116.627966601547	88.04	88.0362339098096	88.0349859779178	88.0217447153401	53.51	53.5042571609467	53.5047026668465	53.4937519738153	49.76	49.7543880307761	49.7610575600363	49.7708441501675	47.52	47.5302615129207	47.5083061200436	47.5362957915267	42.72	42.7185258779011	42.7186818282293	42.7270297557655	44.06	44.0581865877798	44.076746631912	44.0645896294186	42.43	42.428750649859	42.437055481469	42.4337745778308	36.11	36.0863378075266	36.1088910485102	36.0977873980563	31.35	31.3477118608493	31.3455732008403	31.3376573623315	28.88	28.8713992479501	28.882900712961	28.8870134967934	35	35.0048180875591	35.0086857172845	35.0016969044119	75.08	75.0852770073184	75.0778858564321	75.0851894687464	130.83	130.821159671729	130.830752520274	130.852333227684	135.05	135.058889254986	135.046820983146	135.056325714561	119.9	119.902672768633	119.889628931629	119.915334778542
2025-07-23	112.91	112.900465299349	112.915656629571	112.906787989459	106.53	106.541738626971	106.550036738546	106.534945323041	100.47	100.468055343108	100.476693943216	100.481751409185	97	97.0006843154873	97.010817116189	96.9884114848805	96.15	96.170636224194	96.1560498000417	96.1457515058328	95.12	95.1353348385285	95.1059062424413	95.1204785159065	97	97.006128312995	97.0020248929274	97.0129615169294	111.41	111.402138608497	111.42580990702	111.41848978944	117.2	117.208349038234	117.205007287182	117.208897909863	95.4	95.4083135962106	95.4037196161402	95.4127563321386	76.4	76.4136621567255	76.4019900632641	76.3938016846855	56.68	56.6552117090772	56.6874389853195	56.6613623703257	61.97	61.9713354107945	61.9768206264429	61.9517472976965	55.47	55.4723675918743	55.4809080745006	55.4631176116975	44.97	44.9816048710822	44.9668885999167	44.9816542085367	49	48.989092237937	49.0219674808386	49.0072576785728	47	46.9836897707105	47.0001880123374	47.007013324113	47	46.9940066986066	47.0187917883908	46.9866795932326	47	46.9988936847051	47.0066622719796	46.999135175006	47	46.9987070968301	47.0039617698422	47.0197461395969	63.99	63.9896798694175	63.9944012500561	64.0128892208278	104.7	104.679079054632	104.693525445184	104.693860729413	107.96	107.970911084183	107.969801942873	107.963736847101	100.29	100.291626666186	100.292333636655	100.300447112454
2025-07-24	112.91	112.908812917862	112.907500908044	112.928229744266	106.53	106.53964373281	106.537056731881	106.519349083023	100.47	100.47231536771	100.451592522735	100.48024867683	97	97.00906458802	96.9815083902483	97.0034990358672	96.15	96.1560180446193	96.1459181221573	96.1485062820455	95.12	95.1292945958466	95.1182084146583	95.1076344611138	97	97.0076545201597	96.9935366870616	96.9931819065106	111.41	111.416438042993	111.41012446554	111.427845154324	117.2	117.216474311338	117.202886126158	117.215271612817	95.4	95.3885402757664	95.4163981147234	95.4076898147978	76.4	76.3847572387056	76.4145010958501	76.3893402282429	56.68	56.6796826563733	56.6896227975656	56.6872281836496	61.97	61.9569922921395	61.9791440015365	61.9827610286931	55.47	55.4590893609198	55.4506048183894	55.4728998325046	44.97	45.0004795237275	44.968819911828	44.9776822462039	49	49.002893716899	48.9814617787994	49.0076069728383	47	46.9934949982162	47.0045554791439	46.999001947605	47	46.9978397155768	46.9948471742404	47.0124434141971	47	47.012972169546	47.0012871499214	47.0001215536461	47	47.0053145328999	47.0012770503722	46.9926821721497	63.99	63.9918945179031	63.9844408009834	63.9996255183312	104.7	104.688493655743	104.695829610377	104.696641402417	107.96	107.954493190434	107.971682765289	107.965023629329	100.29	100.282183235699	100.287414091354	100.302174223181
2025-07-25	112.91	112.909002855803	112.909111378901	112.910321262696	106.53	106.530447166287	106.544642398019	106.53459172849	100.47	100.467663512273	100.464151274257	100.483603629122	97	96.9862254697511	97.0206410637495	96.9904820448307	96.15	96.1391642059353	96.1531056988208	96.1514991500862	95.12	95.1182006021387	95.1077623957936	95.1178145709398	97	97.0029836421984	97.0070463083052	97.0066504329323	111.41	111.415358401319	111.401285905178	111.39925637244	117.2	117.19641320763	117.198851282936	117.201320048912	95.4	95.4079313015735	95.3933010236727	95.4130127217161	76.4	76.4067877022402	76.390074507571	76.3978779942832	56.68	56.6816338450821	56.6785462732838	56.6885135338298	61.97	61.9808398053342	61.97132099141	61.9806363106566	55.47	55.4820609449181	55.4745403997244	55.464556748217	44.97	44.9826270598266	44.9615926558802	44.9785632556683	49	48.9951342605636	48.9968878817019	49.0016649474208	47	46.9899019113563	47.0015917360372	47.0085389257203	47	46.994411259281	46.9850318941155	47.0177232262386	47	47.0106790958497	47.0055025642142	46.9985593017748	47	46.9964622418521	47.0039157020925	46.9841265948436	63.99	63.9922840418226	63.9948466088993	64.0139969465556	104.7	104.72149619391	104.724667316469	104.706682048287	107.96	107.966382212156	107.958452541278	107.950917395625	100.29	100.306080541964	100.277820255534	100.287592343409
2025-07-26	92.66	92.6579574582609	92.6707195981401	92.660006235922	85	85.0045914889503	85.0051420025702	84.9964317658748	66.13	66.1313435129793	66.1182625894127	66.1482537655252	51.84	51.8410431768042	51.8304589664393	51.8438911063959	36.4	36.3999829672931	36.4038256475799	36.4104343765575	39.99	39.9762149593902	39.9976742634047	39.9898627311955	47.33	47.3336239204401	47.3288450049679	47.3171646611462	55.01	55.0168571120368	55.0031729228058	55.0245690687471	64.95	64.9361372912059	64.9590650891183	64.9730759437232	53.6	53.5989034378916	53.5964463587375	53.5952440398424	3.2	3.19572454307486	3.21269832531878	3.20356719186778	2.64	2.65266579579116	2.63570115921646	2.63670388610094	0.88	0.861484942162016	0.885445962555178	0.88679147213898	2.64	2.64030469849203	2.63169434528005	2.63132387137519	0.65	0.654892876693834	0.639953037092633	0.657783985567101	0.2	0.206089797548784	0.184898619157799	0.222046519549556	0	0.000517554749432401	-0.0156711653185232	0.00471085463883405	0	-0.00142689541048213	0.00360372283775567	-0.00589180596761106	0.65	0.650094851765332	0.647465752901082	0.641636607523906	-6.01	-5.99551626962873	-6.01159054502168	-6.02039927442865	20.55	20.5512471533412	20.548396787986	20.5491761192412	86.37	86.3683804491254	86.3877849404682	86.3751859658441	95.38	95.3860713936562	95.3791962989616	95.3660068003774	90.66	90.6547962433823	90.6634184667671	90.6584565245535
2025-07-27	82.56	82.5638562643952	82.5704680123729	82.5700547039695	63.67	63.665417895269	63.6682684578309	63.6716917242435	66.26	66.2594279092151	66.2720764055197	66.266052121442	62.94	62.9553457658985	62.9391190763406	62.9585297630986	48.92	48.9086580469429	48.93333112368	48.9095407429599	45.86	45.8738543237036	45.8745296871478	45.8571648447859	49.75	49.7706050881116	49.7523689873674	49.7502249180272	50.2	50.1958457666893	50.1962321012935	50.2127184554336	70.31	70.3132862087006	70.3094091356692	70.3243053265533	33.52	33.5257311502849	33.5234979276215	33.51752798542	0	0.00793807661474408	0.00420289755628193	-0.00864012394445986	0	0.0184744676235479	-0.0103164744870748	-0.000946396705967351	0	-0.0098295662303647	-0.000245066270274255	0.00932558273061221	0	-0.00154864546405774	0.00870287370889012	0.00537257162195331	0	-0.0130675200617046	0.00962903171098079	-0.00300660243754182	-0.27	-0.288115201568706	-0.272355095188786	-0.282748349780034	-0.4	-0.400001007085373	-0.420281604536172	-0.41930155223616	-0.27	-0.276175934921019	-0.272497365601532	-0.264181023441703	-9	-9.00179255349891	-8.99042265954388	-9.00412778022323	-20	-20.0157648910774	-19.9909942452693	-20.0063364534745	5	5.00022299524819	4.98956560160047	5.00067997761747	51.26	51.28395091279	51.254396238133	51.2697962435585	85	85.0039276795486	85.0179055509095	84.9961651601588	76.28	76.2737193336346	76.2964925466956	76.2843206190867
2025-07-28	67.54	67.5401463690716	67.5515625814756	67.5366951945784	56.23	56.2003932259622	56.2267446982233	56.2241936965187	50.2	50.1976354482194	50.2084681599622	50.1958183425281	42.05	42.0669205239402	42.0527909659286	42.0407922061993	35.49	35.5089544218732	35.4917278449501	35.4779918374022	38.07	38.0448817450579	38.0811445182785	38.0683629726317	41	41.0018444412304	41.0070124466777	41.0009022877402	56.23	56.2288031178181	56.2227375475839	56.2309670082389	86.5	86.5033545526255	86.5097864558457	86.5042886752893	75	74.9854567011462	75.0129589895097	74.9958157899051	30.79	30.7891997987576	30.7885417056416	30.7846768688608	5.29	5.28995651437369	5.28776308566044	5.28783736317073	1.72	1.71104482917715	1.7320385993904	1.72445278914142	0.85	0.849092343239832	0.852379204430473	0.837724356406355	0.85	0.854602399638992	0.835440359970227	0.838454710928231	0.85	0.851854242248038	0.863198396531206	0.839087041872342	0.65	0.663674319129115	0.66836809430657	0.652432698360452	0	0.00617556715559884	0.00247441415840982	-0.00751658851111208	-5	-4.99840090991849	-5.00343547355372	-5.0222990865804	-10	-9.99794629198522	-9.98663920099663	-10.0125866703184	9.21	9.21028618791477	9.21443481742901	9.21001338294445	74.27	74.2788362006565	74.2804079505363	74.2595428192143	87.1	87.0910559117451	87.0886966603164	87.1177160390111	81.19	81.1923553470971	81.1873438502898	81.1973954290661
2025-07-29	81.67	81.6719847556193	81.6755263110839	81.6609163100659	62.52	62.5287794376371	62.5217019775121	62.5264865088835	42.77	42.7731988498247	42.7695516098054	42.7882121160072	35.73	35.7255372465708	35.7235275437613	35.7403555008373	30.28	30.2584751864946	30.2773915163725	30.2836868800525	29.87	29.8760991233811	29.872424222231	29.8890549490282	37.02	37.0204190477326	37.020798189681	37.027854506699	52.66	52.6534781886017	52.6687874978404	52.6865069259247	79.61	79.6069079644905	79.601565039978	79.6113029191552	39.15	39.1505828504222	39.1643441193452	39.1411762965805	7.2	7.20991257450382	7.19297054687656	7.19801053595904	0.65	0.659197480048139	0.659110801818848	0.65759425729321	0.17	0.172945993526117	0.178099623761261	0.177330802925726	0.65	0.654957990287429	0.659383256622401	0.655121923669841	0.65	0.643132597393408	0.657568385891474	0.655777524968141	0.65	0.639625156301124	0.633879683369065	0.671258173256282	0.65	0.650778148764501	0.660335740432553	0.652779858482362	1.11	1.11120081241507	1.10593472253393	1.12027100844084	6.35	6.34354609179756	6.36448609229531	6.36009297416791	-4.83	-4.83708334665058	-4.82938540969066	-4.82404978641591	14	14.0037740359824	14.0065362561063	14.0026039417112	90.22	90.2198937225906	90.2341170137832	90.2281709230296	99.14	99.1184490422373	99.1386419520404	99.133477664713	82.74	82.7552916125767	82.721547871729	82.7543657226401
2025-07-30	87.53	87.5308560616202	87.5214604012482	87.5305984980792	55.92	55.913928950849	55.9118308281116	55.8897270438051	43.7	43.7010400756097	43.6825025979372	43.6916291798976	40.2	40.2056018205825	40.1894076996621	40.2081685949344	32.55	32.5512452025285	32.5578576164577	32.5344926674567	26.53	26.533382807521	26.5304778684278	26.5403785498163	40	39.998191780036	40.0148557783485	40.0012183658152	77.96	77.9477666023814	77.9484161653123	77.9673193403171	90.62	90.6211145534499	90.6084258778805	90.6136696690275	50.17	50.1627509098948	50.1701807074823	50.1542207429175	44.07	44.0700585433774	44.0740685685585	44.0790762359597	11.51	11.5107801534095	11.5049398146247	11.496441084525	15	15.0078380165619	14.9987155272872	14.9916661072014	20.49	20.4829483519535	20.4922792308108	20.4987001900732	13.78	13.795762370045	13.783757506928	13.7702829310598	19.31	19.3109575497059	19.3214209831001	19.3183789612932	7.98	7.98710981693052	7.97058021104454	7.97907389027692	7.98	7.97520186811574	7.98670763697079	7.97656014492049	26.22	26.2284780492742	26.2322620128541	26.2062223329954	9.65	9.64314660947062	9.6752648239786	9.64437968810941	42.13	42.1168609576089	42.1379261608201	42.1467244815917	98.1	98.105971991761	98.1098317381154	98.100690317924	104.37	104.374962438066	104.359476332272	104.352752966618	95.42	95.4054186225461	95.4117960091409	95.4309672225211
2025-07-31	97.4	97.4084776371044	97.4005387701913	97.4112844879383	87.1	87.0922582570505	87.0975631804086	87.0918432866104	79.07	79.0661949309121	79.0647572130994	79.0700448340898	67.38	67.3876813409646	67.3851041464925	67.3835054726628	59.75	59.7408473731511	59.7572607394082	59.7506716659635	58.41	58.4170380712201	58.408485988847	58.4045102836676	78.47	78.4842783398188	78.4808070175523	78.458236054212	97.46	97.4568899142361	97.4531358155713	97.4445606871021	104.85	104.837223077157	104.849379889957	104.839851617237	84.79	84.8077625225259	84.8012222204501	84.7894679756155	42.47	42.4737753449356	42.450143344561	42.4581938228518	24.22	24.2317306429988	24.2238570674477	24.2293335036525	30.41	30.4094276734562	30.4106576498132	30.4103382593493	24.6	24.6156037119603	24.624823935386	24.6094034360216	28.26	28.243261050529	28.269440593913	28.278084841591	28.5	28.48851991973	28.5180340021363	28.5243101639777	25	25.0218791450526	24.9897555490626	24.9982655195766	27.1	27.0926180932373	27.09896775261	27.108929387303	4.92	4.91387555104608	4.91852717854878	4.92578756093364	40.01	40.0031461620439	40.0220602533637	39.9955513812437	79.56	79.5736751987161	79.5628732366527	79.5681109576994	109.46	109.440180118342	109.462005925763	109.475196043134	109.22	109.227124441358	109.242542510264	109.220840382457	98.52	98.5095053986929	98.5307097965446	98.5215432503914
2025-08-01	99.22	99.2300699300411	99.2238553340878	99.2092181126666	93.25	93.2597321957687	93.2504467189512	93.2517883094193	86	85.9938383329221	86.001191368394	86.0048771771869	77.65	77.6468598616534	77.6745947670444	77.6367082344252	64.98	64.9672771231869	64.9944876695142	64.9926821641119	73.6	73.6029415436688	73.6023017817004	73.5964068585015	75.14	75.1507741884671	75.1348881521796	75.1240112514024	94.62	94.613354206714	94.6195260869384	94.6211488697049	106.14	106.142151863959	106.123737384879	106.149013132095	89.83	89.8387926063331	89.8270852259434	89.825060729239	47.36	47.3593610174657	47.3776878725684	47.363864541366	36.63	36.6180072913546	36.6254676277249	36.624472319542	33.42	33.4301346564887	33.4149998793257	33.4133311476319	29.56	29.5636463236949	29.566609372126	29.5643074779016	24.7	24.6926379039402	24.6740328396689	24.7062610688357	18.43	18.427266139136	18.4340918509513	18.4202532622612	12.42	12.3784631461505	12.4120992910985	12.4224586299777	22.06	22.0677411634442	22.0447547687633	22.0717330826326	31.31	31.3009229524513	31.3047339639299	31.3168638662967	45.12	45.1148449546885	45.1024535130495	45.1151421281326	69.79	69.8001274139627	69.7948597200554	69.8099195765498	96.26	96.2571898876801	96.2631136771375	96.263425237496	99.52	99.5265183365216	99.5281464053549	99.5237325823123	95.41	95.4268818955471	95.4325222885798	95.4010991316115
2025-08-02	94.48	94.4764903765639	94.494411897332	94.4908154685065	77.08	77.0808935171732	77.0681848649177	77.0773605468816	64.77	64.7674842651683	64.7702574015758	64.7794037827824	49.56	49.5364640670075	49.5579236198257	49.5305506092591	43.33	43.341019229117	43.3191381666553	43.3264727714694	39.67	39.6773371053271	39.6646990401628	39.6720787798218	49.08	49.0818645602061	49.091724735915	49.0834798820164	50.01	50.0163744658695	50.016031638548	50.002145578895	72.33	72.3207818749377	72.3267906281549	72.3214104814961	5.11	5.11695027413766	5.14832571526035	5.11477602024819	1.72	1.6961977475196	1.73941092951502	1.72960053433812	0	0.0121008051718703	0.0153929148033611	-0.00393342831231403	0	-0.0097909041572761	-0.000334122457779691	-0.00639433717226685	-4.03	-4.0399566218923	-4.03111912760168	-4.02587837749669	-8.01	-8.00621331006024	-8.00648114564475	-8.00327544975453	-6.56	-6.56429040605265	-6.55728208416343	-6.55646340039348	-8	-7.99051901037888	-7.98593235779616	-8.00386355022066	-3.38	-3.37725135504407	-3.37415156250758	-3.37153830126584	-7	-6.99791814879868	-6.99282829800576	-6.99333130170204	-9.8	-9.79293304549104	-9.79816549279185	-9.79677711346033	30	29.9908285377959	30.0082697457776	29.9977226036477	90.36	90.3403997350423	90.379253032152	90.3477687567208	94.64	94.6413792946594	94.6325383095831	94.6457457425361	87.5	87.4996197140503	87.503378838453	87.5088832014067
2025-08-03	91.66	91.6564126080978	91.6518209841539	91.6573466633357	84.15	84.1308562840513	84.1577844928604	84.1454010982669	74.45	74.4534113846036	74.4575604170612	74.4636615265953	55.5	55.4977401243286	55.5168777300263	55.4994596865006	35.02	35.0276128787177	35.0195532001261	35.0215340037263	35.2	35.1997667565116	35.1889251334709	35.1926859422807	36.3	36.289447254125	36.2893111878026	36.2896695678987	40	39.9831862295515	39.9976968661957	40.0109320943535	38.01	38.0033724679198	38.0000640872181	38.0011393696797	0	0.0014527037235858	-0.0108313220483268	-0.00512411912938845	0	0.00887530156154795	-0.0137469670413733	0.0034548919157538	-0.7	-0.705777461622842	-0.711558505923174	-0.683342616599705	-1.5	-1.50480000117531	-1.48931617141065	-1.5046854922994	-2.02	-2.02327089069388	-2.03512337160253	-2.01524320191286	-2.1	-2.10653796721368	-2.0873440417004	-2.09555965409675	-2.1	-2.09093961290413	-2.09716091875964	-2.11987072797378	-1.89	-1.88442524285219	-1.89069273411019	-1.88533123733676	-7	-6.99890833423603	-6.99134056623847	-6.99113929913455	0	-0.00588423794677412	0.007102759296162	-0.00531889913557129	-0.37	-0.380173326456659	-0.362211854939749	-0.377197035918283	33.7	33.7062573003459	33.6883011044092	33.6984876352696	90.29	90.2862306261105	90.3033397156574	90.2901090520556	97.25	97.2471821407153	97.2542941101659	97.2317717581931	93.11	93.1168530368406	93.0970291923755	93.1124366934068
2025-08-04	88.98	88.9761059741351	88.99864744057	88.9921763109223	84.24	84.236677227306	84.2308717618028	84.2529616949447	80	80.012932872236	80.0105886461123	80.0037190521853	80.2	80.2165126081887	80.200152449478	80.1891957949828	83.82	83.814326042591	83.8143000644826	83.8094782629169	80.27	80.2761032813183	80.2594588473069	80.2697024535059	80.31	80.315832415087	80.3209601161974	80.3166812485023	90.79	90.7820259718361	90.7912400970212	90.7941841524108	105.62	105.602723095827	105.63631301943	105.6276585363	85.29	85.2827083014542	85.2882516057209	85.2875302056429	46.94	46.9352709395137	46.9651539468868	46.9371205098328	21.74	21.7596829237155	21.7440287967918	21.7541111245816	18.76	18.7579000091957	18.7495917529791	18.7660854296996	12.04	12.0319311047598	12.0485076594916	12.0389395007882	13.52	13.5134622646264	13.5154997046147	13.5257508704594	11.51	11.5329179518358	11.5217305853686	11.5058247174132	10	10.0012110863647	9.97571794313955	9.99259192572929	26.35	26.3363787085785	26.3436317513242	26.3419973366222	10.11	10.0920610752585	10.1200456692848	10.1162168568547	30	29.9947447435991	30.0011714796747	29.9925508972994	75.13	75.1373615526021	75.1389378087388	75.1209748339683	163.02	163.013523975119	163.027088523902	163.044659052878	138.8	138.794818391438	138.810605502452	138.783929516771	115.04	115.040130379014	115.042540275531	115.03549585695
2025-08-05	126.63	126.643699251727	126.640802355745	126.626477639624	104.94	104.934335176917	104.936234393638	104.944200383215	91.12	91.126014042866	91.1197208529682	91.1281680768759	91.9	91.8899203897861	91.8923492823295	91.8936835635408	91.96	91.9684879059457	91.9787565483953	91.9767431833384	89.15	89.1420945378107	89.1412947923903	89.1463757849354	91.52	91.5173296937133	91.528403212272	91.4960989886952	106.22	106.209649669925	106.209997917271	106.232098152336	110	109.996315555271	110.000040401669	110.016748223151	73.41	73.4070374683875	73.3791496714736	73.4256188228285	5	4.99098142899414	4.99243754863584	5.01245849575404	-1.28	-1.29545519273931	-1.2834266750207	-1.28189527426575	-3.62	-3.62928639053181	-3.61593706748229	-3.6245232419145	-4.15	-4.1539597129867	-4.13846610282338	-4.14325151775577	-4	-4.00323839261007	-3.98833392904211	-3.99991193323648	-3.99	-3.97577387791961	-3.99668513406231	-4.01240146818598	-6.28	-6.26976774993785	-6.29436673126082	-6.26533122589714	-4.34	-4.35114185960777	-4.34971802129418	-4.32778340108242	-13.62	-13.6168988588309	-13.6254496612491	-13.6250014140211	-0.01	-0.0150227920897179	-0.0174949223947497	-0.0191112202982772	50.98	50.9685053928206	50.9906272801022	50.9798978729605	94.74	94.7373801135519	94.7457403103906	94.7417533169799	95.86	95.8426428808869	95.8495444602926	95.8737451982651	89.09	89.0874222778762	89.0851224089442	89.097821982853
2025-08-06	90.25	90.2419088742562	90.2555315905948	90.2413269024783	84.7	84.6997597010469	84.6904521727528	84.7281085299111	79.59	79.5943531512093	79.5777876124433	79.5828080558922	85.4	85.4093994262221	85.3893402777722	85.4072173560935	87.54	87.5456450483968	87.5365876303087	87.5257548598309	92.32	92.3191626554639	92.3146321551522	92.3189403576573	94	94.0064759341652	93.9972368666735	93.9952388475045	104.41	104.39964756905	104.398384146744	104.40971321911	112.37	112.371622394013	112.371790339046	112.350678895643	100.22	100.215817190321	100.223818886613	100.214967804618	51	51.0045476555819	50.9818450634825	51.0042051358259	27.67	27.6789146420101	27.6561084824733	27.669450853542	19.4	19.3877261478224	19.4011298705152	19.4131809490828	10.54	10.5402861981396	10.5441180421663	10.5167429889813	10	9.99896927041074	10.0138775869818	9.99194092333297	10.54	10.5206874624794	10.5307114820691	10.5214126460215	18.81	18.8118907286998	18.8211896189467	18.8142402551104	25.34	25.3426380318991	25.3337586861405	25.3561942428949	38.69	38.695189502656	38.6792574494742	38.6822073650473	63.79	63.7922343493156	63.7800778546232	63.7945219581356	94.64	94.6451689148627	94.6468889230108	94.6417377148637	165	164.979322397546	164.984931679429	164.996890333249	148.01	148.031735925742	148.017023661704	148.001956904625	116.58	116.555715311761	116.580260375792	116.603979451386
2025-08-07	143.02	143.027872089469	143.018994610993	143.026149629179	115.77	115.760637658551	115.777315741759	115.765627871231	111.69	111.699147399059	111.684295951903	111.704718296473	119.9	119.900558916339	119.888036403345	119.905763598366	119.9	119.916092276152	119.904297861586	119.887715590537	118.26	118.267255639679	118.268550886395	118.252650417956	119.9	119.905632319856	119.899204889775	119.922153063668	145.01	145.008037245501	145.048049670371	145.009672935219	129.72	129.72327576156	129.709949193798	129.713072631241	110.52	110.532006229469	110.521088421989	110.51744370777	61.52	61.5320034715944	61.5074524537039	61.5241875625051	26.39	26.3893030958105	26.3878280663657	26.4084293474021	26.39	26.4014740886935	26.389126877614	26.3825095180483	28.42	28.4235463939994	28.4106817762973	28.4217052655096	28.2	28.191568687339	28.2101430509461	28.2089981735697	26.38	26.3758528954239	26.3628523413716	26.3640155729716	27	27.0110195832433	27.0081705070695	27.0177754239005	28.71	28.7196942975904	28.7034917343569	28.7097957102929	35	34.984370812423	34.9876046600314	34.9922140601894	76.03	76.032832911736	76.0201424358227	76.0410771584278	96.91	96.9167756302043	96.9153354430954	96.9064902439619	142.06	142.084753771417	142.060996570289	142.075613224771	123.16	123.146552346023	123.161157448687	123.165155073871	110.37	110.351610074666	110.373573433273	110.366411061185
2025-08-08	106.54	106.536953661256	106.542174795281	106.549186558426	103.6	103.592186380291	103.597855418833	103.578130417364	104.4	104.387241459614	104.400356154824	104.391430928061	104.57	104.557805742745	104.575072099532	104.560951434652	102.89	102.8880539432	102.90588412928	102.885340426447	104.62	104.620034453247	104.601598159227	104.626225590732	102.68	102.658588493496	102.682875698436	102.685677478871	108.46	108.460505586567	108.462927480552	108.470780630415	130.67	130.681592255782	130.668971975847	130.673210816393	98.65	98.6579714285987	98.655996571046	98.6634713488511	69	69.0081519831097	68.9791919771596	69.0103007329104	39	38.987000099074	38.9856588405349	39.0077968307374	27.26	27.259406050365	27.2653209635456	27.2552746578239	13.05	13.0369044248066	13.0533270526873	13.0747234816016	2.5	2.51698374373601	2.50652819388751	2.50283305759134	5	4.9879230221785	5.0043589799151	4.99616982329052	0.65	0.650718457456667	0.659814748252358	0.662634728971335	29.77	29.7815227718039	29.7850007550412	29.762090356563	38.88	38.8674168105927	38.8720565940551	38.8901899069186	54	53.9856594851275	54.0138995663269	53.9949836520795	71.68	71.6817228563049	71.7028660217191	71.6651171806003	134.44	134.427458850553	134.449931098016	134.442965665787	118	118.00528428088	118.000391996143	118.004931701083	108.9	108.9104901208	108.881105380621	108.908386684816
2025-08-09	104.03	104.025184150747	104.038603802416	104.038714878209	102	101.999602753634	101.990034028246	102.003570288326	100.43	100.429464142423	100.440046184022	100.435438691354	100.41	100.425088401721	100.400205149694	100.393211352547	99	99.0089568056697	99.0031294356994	99.0069802510726	98	98.0035347940747	97.9985415878843	98.0061823795665	100	99.9996747461458	100.002163503819	99.9922544530958	102	102.006055783194	102.006582957873	101.997997924619	103.98	103.978358647563	103.999326767728	103.972465265643	81.55	81.5447381556939	81.5409337195506	81.5491856077407	30.24	30.23363008773	30.2273558436723	30.2585799200466	0.85	0.847929043143884	0.856181880953044	0.860967343786414	0.65	0.653030418551711	0.637547708791796	0.657292914942788	-2.5	-2.49685955440175	-2.48135201406653	-2.49894298085458	-3	-2.99452372529348	-2.98652530333716	-3.01145670629042	0	0.00140518544873543	0.0199905514237973	-0.000164746704640746	-3.33	-3.35687604894596	-3.33477264079355	-3.32255791065135	-16.48	-16.4869556698651	-16.4970601436092	-16.4738125869892	3	3.01629448497363	3.00376871417066	2.9949675534097	36.66	36.670940870508	36.6405651805733	36.646517155607	59.41	59.4112699414919	59.4180629299801	59.396568225533	95.99	95.98094003217	96.0014054643618	95.9866994264342	96.64	96.6410292892945	96.634748577487	96.6534378272149	94.78	94.7798820040707	94.7814637222266	94.7712035451284
2025-08-10	94.93	94.929852004291	94.9099601557861	94.9322287697368	84.73	84.7206852240354	84.7438224836037	84.716326038328	79	79.0115759250856	79.0007802656093	79.0146279146197	76.39	76.3977190795213	76.4003730627743	76.4004328055464	79.28	79.2760235009329	79.2738093599944	79.2853602162956	81.88	81.8764389333051	81.8868994554266	81.869817981382	86.34	86.3196280843624	86.3470479147653	86.3505345010626	88.1	88.0944626152977	88.0922412488529	88.0991017417005	86.24	86.2219247907593	86.2457058155509	86.2505617150213	24.22	24.2127566612543	24.2318221864254	24.219409024835	3.52	3.52057695165419	3.52310347980375	3.53004028284107	-0.18	-0.176708458098957	-0.161142411450375	-0.165226660890461	-5.2	-5.19631468468625	-5.184610616238	-5.19868814613757	-3.62	-3.60927504446612	-3.61433978873686	-3.60914949213749	-0.6	-0.594420451881138	-0.604248010895835	-0.594278664269748	-5	-4.98607618397622	-5.00747858439968	-4.9985318009534	-3.62	-3.62629040588921	-3.61965377456714	-3.61531467350873	-20.78	-20.7756215554393	-20.8014841301609	-20.7644078648742	-7	-6.98833194700106	-7.00045126146612	-6.98863155160043	19.01	19.0234105640129	18.9974801278377	19.0155149552693	62.67	62.6524185506417	62.6831744345844	62.6829702659793	115	115.003220745878	114.998990608265	115.007619333448	124.1	124.094200881802	124.106948833599	124.099998456106	107.98	107.962421484623	107.975973671258	107.970211844036
2025-08-11	108	108.012548627929	107.992542394117	108.009482486914	100.53	100.526003301571	100.512300751161	100.534576487598	99.89	99.8992666638977	99.8740327501071	99.9002138391926	99.79	99.7696813414391	99.8050915551096	99.7890818659664	96.78	96.7856141006956	96.7824051316741	96.8112623863824	95.91	95.9023779310334	95.9054504300951	95.9088427600556	94.67	94.6699810363186	94.6670745759664	94.659112036941	105.11	105.109874261208	105.097531179346	105.112672308099	124.6	124.589838046681	124.599136537517	124.598549540993	93.1	93.0882204331786	93.1048909419314	93.1231229358133	58.26	58.2618463809398	58.2513438442366	58.2387566175819	27.5	27.5061062532787	27.5216330579364	27.4988281733468	17.22	17.227682972743	17.2132347858647	17.221892020796	15.51	15.5045511123793	15.4983264215516	15.5032667284582	10.5	10.5044940726431	10.5047096793556	10.5135687885589	9.25	9.24492500275468	9.24224892560524	9.23902731299517	28.46	28.4589568635986	28.463696712981	28.4660943708675	26.42	26.4229330203707	26.4201217433093	26.4380794191647	50	49.9932610852664	49.9955357600209	50.0108477191047	42	41.9937755234662	42.0126994634344	41.9982676545839	110.09	110.081011187262	110.083030151109	110.088713236618	140.22	140.225086230221	140.226658051212	140.231283131052	133.51	133.520976609887	133.511432287935	133.50991364181	109.91	109.92179226026	109.905026159955	109.912034194564
2025-08-12	112.77	112.745383847434	112.785471798618	112.756158378184	104.94	104.927213474285	104.929652649144	104.94500027508	106.47	106.462656879221	106.465438516889	106.470369818558	110.38	110.37648976162	110.40714379125	110.36889144249	116.51	116.53270475443	116.517985811452	116.516980293153	110.2	110.195657253525	110.203182358805	110.185546307052	110.2	110.211690747679	110.202166632094	110.198149045208	120.2	120.196481550466	120.209599141679	120.191290706397	137.33	137.340453524344	137.323423093175	137.321180056928	104.52	104.513892510567	104.520024564603	104.501077533187	78.87	78.8720963047389	78.870911279657	78.8628492884569	61.89	61.8847522681421	61.8958401796175	61.876030650479	29.75	29.7622866753682	29.7403259350868	29.7390846475369	27.78	27.7718330468748	27.7796747553206	27.7867937377643	29.1	29.0925902049463	29.099583337062	29.1157698749918	35.05	35.0636532404873	35.0502943121993	35.0533076673449	63.67	63.6895785619721	63.6671269602903	63.672525657908	79.93	79.9323013998172	79.9244357938426	79.9192158524225	68.5	68.4863784562268	68.5000885880929	68.5204122655528	72.2	72.190552912032	72.2071121657467	72.1946923511095	142.99	142.977011550226	143.014039345358	142.990086841046	145.81	145.83029714884	145.783057582197	145.820189335143	133.1	133.098596258687	133.121703613242	133.089908116583	122.2	122.195512785777	122.214436173355	122.190910183326
2025-08-13	130.97	130.961478027004	130.966715458728	130.987539688155	117.2	117.205133634315	117.211576862185	117.204302689837	110.18	110.149774324574	110.174014579322	110.184376836702	110.55	110.56059431034	110.539517200788	110.561886662264	105.33	105.327796978902	105.324845875592	105.335534347186	104.32	104.310948050141	104.316345276151	104.320417128429	100.94	100.936372605234	100.933052187647	100.931692073846	121.12	121.129094316678	121.126268400192	121.137721185257	130.2	130.191656518539	130.205440062227	130.191357589856	117.2	117.216563485996	117.196967872023	117.197733393695	102.13	102.139575075525	102.122920078319	102.14034677796	91	91.0117845734039	91.0020374847927	90.993509117266	83.23	83.2451394404691	83.2257380825351	83.2335596618483	80	79.9989851506912	80.0064447719084	79.9853131583772	83.22	83.2165124130237	83.2257110045105	83.2162782982824	82.13	82.133938710233	82.1305958198706	82.1425357201673	84.39	84.3749859967635	84.3755520193339	84.379232539433	90.6	90.5924817787866	90.6089116834347	90.610289758927	101.66	101.658495085131	101.654592880195	101.644282839955	85.5	85.4994464006147	85.5041241534123	85.5132281709061	145.6	145.605939033352	145.608316974504	145.591450216657	153	153.029064585492	153.001623321135	152.983471316868	138.25	138.241139095726	138.242015265974	138.246401002201	120	120.002944012028	120.009000385594	119.98898116483
2025-08-14	134.37	134.369018253546	134.370737155686	134.359119618581	120.7	120.697560292577	120.697193312766	120.702969496225	115.28	115.273403521526	115.288451715895	115.272221090021	110.17	110.161759695228	110.176262975914	110.183820579313	103	103.0192932805	102.994863203954	103.012152545823	100.2	100.192358075352	100.208899530287	100.186312737738	107	107.005301852247	107.011034475198	106.993986552211	110.65	110.676186936038	110.651697517764	110.647374364427	121.31	121.310332093682	121.305911447677	121.291520050097	92.89	92.8912464478432	92.871042629056	92.8897196275755	84.25	84.2314171213548	84.2554139075746	84.2507753090005	87.31	87.3038530041656	87.3160586008344	87.3140823733741	71.28	71.2721521038692	71.2911067812718	71.2777672282916	50.22	50.215747693015	50.2166435242769	50.2074535463763	54.91	54.9136551907626	54.9122447603259	54.9081338684878	64.91	64.9106409082995	64.9042607001537	64.9069912923488	71.67	71.6440941701711	71.6605106513636	71.6811573120772	80	80.0029851357548	79.9828634623308	80.0125959918849	83.61	83.6181170562378	83.597649260614	83.617897465103	81.01	81.0055031790644	81.0040079217957	80.9951325729222	124.99	124.979212734843	124.989975482813	124.988410503007	145.01	145.005466248605	145.03349731148	145.018208940922	129.73	129.732090767679	129.724581832157	129.723086167652	116.78	116.77827978182	116.783383445688	116.780152030159
2025-08-15	114.07	114.081044068771	114.060586582699	114.08094244988	101.1	101.094701996377	101.094716262863	101.100527916876	94.9	94.8990366435493	94.9105824701931	94.8876026029678	91.23	91.2282149129532	91.2217753260847	91.2086292554891	88.67	88.670102071463	88.6697092622665	88.6876893167513	81.16	81.1550432177319	81.1505661996177	81.1439909900367	90.99	91.009505215991	91.0082737671932	90.9969524537792	93.02	93.0164715544803	93.0084914047759	93.0357316676123	92.31	92.3158500207789	92.2941344465108	92.3212846453835	86.55	86.5387834873245	86.5437991072319	86.5594905044291	24.11	24.1034847594084	24.1272224034356	24.122295030147	3.3	3.3046675313195	3.30612835128568	3.30119887527937	0.65	0.638743711302603	0.644740047194703	0.633122309497616	0	0.0101742752534928	0.0066460924078393	0.0177128535348224	-2.5	-2.50023968440843	-2.49126608778279	-2.50029274223815	0.22	0.208209057995842	0.215790020999473	0.203488946691442	1.5	1.51004584963408	1.50428769675936	1.49177885503523	10.01	10.0014807095758	9.9952385856335	10.0065915540835	21.12	21.1317488090352	21.1272696294433	21.0958430442292	51.54	51.535591756723	51.5389925162395	51.5555723665152	89.01	89.0118703873266	89.0151917865928	89.0027338203256	134.75	134.759766718993	134.752126397481	134.766648759796	137	136.993782294424	136.975753148437	136.99557656427	117.63	117.608629040734	117.620340947451	117.61529849986
2025-08-16	120.32	120.3241148752	120.324874123747	120.324508554356	116.36	116.369243179962	116.359590176216	116.375345959829	109.79	109.787359232599	109.796470133121	109.790823182704	105	105.004551453988	104.994138258038	105.004493845441	104.38	104.381998712781	104.387584032696	104.362484874332	105.4	105.407514662302	105.39403679017	105.406453268575	108.43	108.443310303475	108.430506515019	108.405694064868	111.19	111.192590399422	111.182352903746	111.193430493282	110.87	110.8711037456	110.864215756409	110.868842864134	81.6	81.5973888971116	81.5938378691895	81.599761199259	52.99	52.9938641076191	52.9900383427829	52.9824954293681	18.8	18.7868488489877	18.8302298907279	18.7899245893328	7.01	7.00705585939481	7.01252886406394	7.00968771743424	9.13	9.138130547975	9.13192238574106	9.11284798142084	0.86	0.868256226260078	0.846179280161434	0.863583809094188	1.1	1.10598293013637	1.09478502722527	1.11141000452086	0	0.00055118708402326	0.00679041171440054	0.00611826128396937	10.52	10.4974116789057	10.5349028404957	10.5245967575226	43.8	43.8097648901363	43.8019804818581	43.8117594393808	58.94	58.9329570300927	58.9505939316395	58.9351251967595	94.18	94.1729930659653	94.160941045053	94.1624582394893	138.86	138.861386843989	138.872874580274	138.881474223982	137	136.98389933214	136.99616371047	137.016988016408	120.15	120.158373579304	120.151798229824	120.152940327501
2025-08-17	125.34	125.355537825289	125.347698738988	125.33904203074	118.22	118.224464715206	118.203811178229	118.209984036051	109.27	109.281539364567	109.253641697607	109.262150092567	104.7	104.718589422106	104.700099316791	104.710135084438	104.66	104.673449973877	104.662088451186	104.657897646647	102.01	102.018365911551	101.99832700228	102.012322878692	102.84	102.847789331045	102.835112669921	102.822038965995	98.9	98.89150430616	98.8899449651284	98.8999403063313	105.17	105.182970606531	105.167387029689	105.166303981557	38.56	38.5854545112297	38.5573719779757	38.5591977475747	14.2	14.1845899617133	14.2210920976268	14.1945372505707	3.65	3.64804735039225	3.65229041188933	3.65614082759652	1.63	1.62356888334571	1.64640688553519	1.64487318641527	0.65	0.641458059579364	0.631866337822673	0.667729376826123	-1.35	-1.35669107546875	-1.344767613043	-1.33068862070665	-5	-4.99472665918531	-4.96716861518125	-5.01162145161784	-3.62	-3.62663337059967	-3.60076522460075	-3.60078662466549	-2.29	-2.29494137145205	-2.30409423087281	-2.28953731167371	10.23	10.2161068868497	10.2342445145633	10.2318166943653	58.37	58.370030731545	58.3590852711287	58.3670383726494	97.13	97.1422740975783	97.1353274393855	97.1398239283083	122.65	122.648919169556	122.65050016462	122.647877464678	131.25	131.242534036243	131.240718865278	131.261452637775	120.02	120.018142947272	119.989722088684	120.002614545575
2025-08-18	111.37	111.344747990408	111.388922421666	111.373466098738	110.01	110.016533080519	110.003236532303	110.033193041501	105.03	105.033148119726	105.019700223827	105.047735422018	103.74	103.714131441382	103.746529647511	103.735961166615	98.28	98.2849880822462	98.2677523907574	98.303858830895	96.12	96.1315178382557	96.0992019393962	96.1245911023436	96.91	96.9021701799528	96.9012067652382	96.9267726875991	104.85	104.849248902171	104.841290012932	104.859147675778	110.64	110.642355163864	110.634941490335	110.653446020935	106.33	106.328185087003	106.334887798274	106.330326296353	92.42	92.4272616130178	92.4160930091701	92.4145919796498	74.98	74.9755555303627	74.9873197438171	74.9827030455031	69	68.9914600567835	68.9820131111201	69.0025775812131	66.66	66.6611159376706	66.6463413916382	66.6653544161335	67.9	67.8942027282258	67.9119239343676	67.8901040731606	59.99	59.9885598407437	59.9923849258773	59.9952832092465	59.26	59.2573324606013	59.2637496281369	59.2566082765868	67.8	67.7976789792759	67.8099737217382	67.8070770183864	69.81	69.8199132967254	69.8078865946234	69.8138312553191	86.5	86.4854777496666	86.4958124851886	86.4968093861414	110.38	110.39256913829	110.382682610817	110.3571285954	120.75	120.767181214867	120.736330224357	120.755128114386	114.32	114.317982258938	114.336811478366	114.305799661648	108.65	108.637381210559	108.644758399179	108.640972531776
2025-08-19	101	101.001258560671	101.001710189265	101.008644805036	98.08	98.0689349437263	98.0908607947463	98.0805629756819	94.17	94.1885244984076	94.1625761633356	94.1665946291298	86.69	86.6837284869957	86.6750589496824	86.709063585835	85	84.9923596765161	84.9953039077121	84.9990820643976	84.49	84.5048843295412	84.4934228031118	84.5019725134969	87.31	87.3147636408585	87.3084294479891	87.3168725300606	94.95	94.9555406840217	94.9356417840772	94.9401986876516	104.97	104.974908154216	104.961930119393	104.988691693688	98.1	98.0803952247852	98.1031259541385	98.1070775425457	78.55	78.5496829332066	78.5544589914848	78.5499131572367	71.53	71.5408076354385	71.5202133334307	71.5228018330412	43.34	43.3516249688802	43.3371397667355	43.3528099131803	35.14	35.141036251104	35.1490716773074	35.1504264622631	36.09	36.0859863834199	36.1097114174773	36.0912377919593	41.04	41.0452482319021	41.0397282659935	41.0365874511832	39.62	39.620370607657	39.6288025614597	39.6135602838652	48.7	48.694293519884	48.7071885908086	48.6952306828238	19.21	19.2280893661912	19.200556982819	19.2049069090729	48.97	48.9620411915237	48.97000336919	48.9758500499825	81.07	81.0799307491374	81.0816288297334	81.0665993751283	101.93	101.940339712086	101.919065394138	101.919477059445	102.28	102.263748134076	102.279922022437	102.260680153022	98.1	98.1092057027921	98.1147808506991	98.1105715947637
2025-08-20	101	100.996022356297	101.002862337304	101.032399171252	98.08	98.0912299132715	98.094474375057	98.0820371548927	94.17	94.1655823219079	94.171947979342	94.1617925916088	86.69	86.6873474504124	86.6866474782575	86.6913259653507	85	85.0058384068119	85.0053163923128	84.9942445693199	84.49	84.4904522124984	84.47672385325	84.5028978943905	87.31	87.3110881231515	87.3120512963811	87.3103725713113	94.95	94.943662439712	94.958430483726	94.9530173013988	104.97	104.977745888759	104.960936851938	104.983283287357	98.1	98.1102782013188	98.1086208796465	98.1103456996838	78.55	78.5455804222793	78.5392458929214	78.5483008980484	71.53	71.5155532243892	71.5475303013438	71.5270855823812	43.34	43.3366572874392	43.3309482592789	43.3308751347103	35.14	35.1399584936362	35.1442919316225	35.1266093178119	36.09	36.088357557703	36.0754042988794	36.0580665126925	41.04	41.0322696313716	41.0334848203521	41.0225141301333	39.62	39.6220602409186	39.6242321864389	39.6159659470597	48.7	48.6828071982424	48.6805851328749	48.6845346682108	19.21	19.211305317999	19.2061161688281	19.2147410886031	48.97	48.9581144789247	48.9657027762848	48.9728159980435	81.07	81.0559405320238	81.0709996424009	81.0813237657841	101.93	101.939310051862	101.917781273942	101.927350583269	102.28	102.27340936145	102.276497658229	102.27847101844	98.1	98.1136969097737	98.0993358384541	98.1012223423177
2025-08-21	86.1	86.0995883001633	86.0884549455855	86.0821157220903	83.64	83.6508471623083	83.6560690209704	83.6464459904292	83.55	83.5553127784973	83.5475132072489	83.5575942621738	81.69	81.6704745432781	81.7071123073668	81.7021306648767	80.34	80.3340547156357	80.3480815905134	80.3508790418597	79.01	79.0266579322255	79.0112024794294	79.0171555081265	76.58	76.5885017732537	76.5780967150731	76.5909465809109	85.26	85.25948410607	85.2519761181156	85.2633538891141	93.2	93.2053285419057	93.1901531970679	93.21073735124	92	92.0013109777687	92.0068700036342	92.001826959997	37.68	37.6863915605875	37.6701477456835	37.6679384429195	14	14.0063844567389	13.9953758705365	14.010984619051	7.74	7.74724253968702	7.73629030439013	7.73804256244269	5.11	5.11728236974372	5.11046423261507	5.11527091698464	4.91	4.91002176787837	4.91093739660015	4.91612316707164	3.52	3.50774185675867	3.51621282834798	3.52487006871155	0.65	0.645688125034746	0.651013357288792	0.663371114746594	-2.94	-2.94855241177026	-2.94026374591151	-2.93290107585512	6	5.98844404485465	6.00677589874731	6.00860806138029	11.7	11.6915560598989	11.7007839370834	11.7132888928389	62.84	62.8410780610326	62.8540322789086	62.845186303022	84.38	84.3927211456433	84.3819217177849	84.384742401016	77.15	77.1541437456864	77.1367127712823	77.1528160512239	82.69	82.696980694736	82.6887481747516	82.6778372705223
2025-08-22	79.68	79.6705140169174	79.6691664780369	79.6851367208484	72	71.9834758672661	72.0126069847899	72.0122639133992	63.01	63.0009317489559	63.0061054698646	63.0148520363703	55.21	55.2180138964286	55.2022528828572	55.1973084334029	65.01	64.9971580784455	65.0198629654899	65.0143100430555	59.82	59.8214395598876	59.8186829688762	59.8198682027358	64.36	64.3551904145226	64.3576558862076	64.3561159643841	78.06	78.0692794586607	78.0564634860753	78.0618273362848	92.26	92.2846918600927	92.2493087969457	92.2511523522996	88.24	88.2370876524643	88.2375922367314	88.2394511704758	50.57	50.5738834559256	50.5790584636995	50.569742859442	15.1	15.0970106043982	15.0929938457646	15.1078689602325	19.83	19.8445617633035	19.8278719902051	19.8357872740173	21.79	21.7880920221039	21.7803320652319	21.788176145288	10.37	10.3562685209731	10.3872424512582	10.3615687372087	10.01	10.0102339079056	10.0011946367337	10.0158993934761	21.24	21.246751397356	21.2442210326671	21.2562275995717	20	19.9840695901698	19.99548496546	19.9907907269385	9.2	9.20938863428862	9.1968739679241	9.19429289538689	34.6	34.6101470027578	34.6020571281062	34.6023335986968	84.96	84.9492397061378	84.9504592257299	84.956440886442	100.49	100.48536218451	100.463190112967	100.490953449431	99.59	99.5874375782621	99.5912539790727	99.5936097438364	94.37	94.374501993885	94.3705432342089	94.3677413644531
2025-08-23	95.34	95.347525299274	95.3465954581652	95.3427355763316	89.22	89.2246876030838	89.2166264416145	89.2148013694404	82.14	82.1397705254737	82.1436505799136	82.1228624498514	78.21	78.1998636357278	78.2241131826964	78.1921251162297	76.06	76.0775060652262	76.0467876937015	76.0753035926416	76.58	76.5714159052447	76.5882491093277	76.592482905535	82.59	82.5752457969127	82.6002226872699	82.5941607873818	83.91	83.8999225324861	83.9010337478732	83.8961019312663	91.7	91.7056525925421	91.6976096209774	91.6892576268953	88.3	88.2904957486659	88.3115169716412	88.3014441194557	46	46.0045819718761	45.9905836830152	46.0045924954713	15.25	15.2569421721347	15.2629292702949	15.2656315336061	7.94	7.93573144945097	7.93256654350512	7.94551850463614	4.75	4.75348558128344	4.73022723647752	4.75211320413264	1.15	1.14376491060281	1.14960976792411	1.15667005081479	3.52	3.51216625364656	3.52220145104518	3.51809123504947	3	2.9885237220973	3.00035110670819	2.99598821582526	25.01	24.9867940785293	25.0066879225777	25.0192655333013	19.09	19.1114359719879	19.0837899060864	19.0847476022141	71.34	71.3347790071146	71.3371572287403	71.3378122803595	101.08	101.053794495533	101.083361189818	101.065867550563	124.37	124.366864372991	124.376510117603	124.371447674468	111.16	111.154688743084	111.154839319336	111.152472375787	108.96	108.946897767607	108.967701312678	108.963464416893
2025-08-24	103.6	103.624609762974	103.598018048013	103.597937193411	97.01	97.009427575461	96.9984149055679	97.0215526509027	92.02	91.9976121825199	92.0247327327452	92.0333551716578	90.07	90.0708257608615	90.0552807624503	90.0657517516117	88.66	88.6427431623158	88.6735098952205	88.6780254959933	86	85.9902253764537	85.9988511877416	85.999708052003	88.32	88.3404824931672	88.3053450379715	88.3192476193559	87.36	87.3552445091543	87.3624039723114	87.365818704285	91.79	91.7888428725106	91.7732527068756	91.7955091998972	65	64.9836870265545	65.0072840834508	64.990848750537	28.6	28.6154848959417	28.6051799951175	28.5957809028146	0.65	0.632957085202428	0.641154429182219	0.657854420926754	0	-0.00124014717948921	-0.00306776067221429	0.0124582659834926	-0.27	-0.289056181160758	-0.264244618973613	-0.269422425859138	-0.01	-0.0228846022192587	-0.00501824673331267	-0.00969398684380482	-3.2	-3.20558955178621	-3.18971459324093	-3.20141955619534	-13.62	-13.6291781175936	-13.6187745491519	-13.6212603132958	12.93	12.9046202972604	12.9346341767563	12.948229743157	36.15	36.1603826772219	36.1536965453401	36.125571609874	57.82	57.80942917118	57.8045839507882	57.8315047866193	95	95.0002449788927	94.9890876037362	95.0087330869548	111.83	111.825075846598	111.819887978191	111.844492305592	109.68	109.666471658751	109.67828247418	109.67769798126	105.77	105.77612714236	105.761216777483	105.77355207626
2025-08-25	111.92	111.919528762535	111.931759315867	111.92559631121	105	105.003067447766	105.010494014289	104.999690603822	96	96.0010171094891	96.0071396152673	95.9968329109946	94.62	94.6246929332084	94.6308793536594	94.612277456249	92.91	92.905661698017	92.9070449606007	92.8925329817429	94.99	94.9990876947374	94.9888920648052	94.9876442620023	104.5	104.500396870904	104.503169729674	104.489966980881	113.32	113.337315612369	113.31667459996	113.314618003402	136.66	136.67204422935	136.665943382316	136.644967046718	133.32	133.319936194464	133.306990685386	133.324388691497	96.71	96.7061273516031	96.7158455612859	96.7169868314548	85.01	85.0111469195319	85.0153235841812	85.0267801925895	65.2	65.196925280392	65.1912775936766	65.1984559208859	38.5	38.4975715866266	38.5059628756592	38.497652659128	32.17	32.1776894433663	32.1734518429263	32.1755906918342	24.16	24.1468145453897	24.1496471306904	24.1775298567377	28.01	28.0104240604372	28.0039386065356	28.0056900155341	65.57	65.5615775106619	65.5743166182634	65.5803446830714	83.2	83.1923272598488	83.1953089961039	83.1952465255025	76.66	76.6588321627512	76.6808689009869	76.6505372741659	115.93	115.918175441069	115.916589341639	115.912907699182	137.6	137.604405665145	137.611780067116	137.588139032412	123.01	123.015286757653	123.023325294022	123.021292208479	114.88	114.881370253174	114.898446411507	114.879736940776
2025-08-26	106.61	106.6225987895	106.606546756358	106.621365983829	101.22	101.224097043285	101.217954985269	101.228189135985	95.39	95.3813990431486	95.3928203419717	95.4029690420053	98.6	98.5938644836972	98.6021876480832	98.5953785494401	96.86	96.8563314649827	96.8516196074045	96.8753959718914	97.4	97.396263948584	97.4184092439852	97.3982917044958	107.33	107.331090236874	107.329268056281	107.32232488171	125.95	125.933265878305	125.940660777127	125.956375094599	134.66	134.669979928205	134.666918035033	134.667345997871	122.49	122.495169776937	122.495132525482	122.508439788884	91.85	91.8629448119633	91.8528938611383	91.8458652129524	86.42	86.4264585381727	86.4250466464344	86.4145011821017	61.25	61.2477397301802	61.253194881325	61.2530419831455	38.24	38.224470369347	38.2398447764796	38.2491431693873	40	39.9879431134132	39.9993416513574	39.9942169180312	54.34	54.3419216529218	54.3275648137197	54.3338839342076	55	54.9878218354893	55.0008759609954	55.0097311093283	43.66	43.6543305983397	43.6522164099983	43.6659432410587	54.75	54.7489497856143	54.7530160823949	54.7540049008758	67.64	67.647972117601	67.6431090162831	67.6321133345443	109.01	109.001250802955	109.024530327027	109.003776047025	122.46	122.442151168955	122.478699405986	122.443325141352	114.12	114.092748436485	114.121268042987	114.107381461657	107.79	107.784704061281	107.789310595725	107.787167378512
2025-08-27	116.6	116.58191762164	116.584963774621	116.594198026677	108.88	108.879050321027	108.8869624063	108.877569262736	102.12	102.11642970676	102.122795120321	102.14191436878	100.92	100.929898235306	100.915455358484	100.928186022488	94.15	94.1417806409379	94.1314945585919	94.1572874685292	93.05	93.0464727938277	93.0691705083259	93.0578332302232	101.8	101.792367571537	101.792030231017	101.800724844825	113.12	113.120098290224	113.13833275515	113.127041074014	128.88	128.88671250951	128.873402085435	128.889682877273	120.97	120.975892647157	120.967684471916	120.961738850166	95.44	95.4310088917432	95.4509339412303	95.426943199716	85.46	85.4649857089788	85.4414387897532	85.4597672833448	64.49	64.4966840009671	64.4908307009128	64.493398512334	49.85	49.854802364777	49.8659055279044	49.845304702457	48.04	48.041413299055	48.0323009898528	48.0502741281732	55.62	55.6175323456884	55.632052383493	55.6100513725961	56.1	56.1130762312871	56.1014367622008	56.1186000008117	54	53.9844212208768	53.9950413366937	54.0121785311284	54.99	54.9867976071868	54.9979536002135	54.9880348541984	55.55	55.5410795736102	55.5674829826047	55.5465918966147	95.88	95.8687147561932	95.8859416432528	95.8733852465954	114.32	114.318066782761	114.319673266862	114.321718519344	113.64	113.628587006805	113.669172937624	113.651205570266	107.72	107.736221002507	107.719709448628	107.731964064521
2025-08-28	97.15	97.1481486138786	97.156374604507	97.1510569786719	90.14	90.1386547851966	90.1542212890656	90.1362994173157	89.49	89.5007303272932	89.5016600671788	89.4938563287229	78.25	78.2584963054325	78.2446661281916	78.2696260032713	69.4	69.4183123629539	69.3986617859999	69.3960137383909	76.42	76.4195779126129	76.4370672159044	76.4119226912031	79.95	79.9403644855933	79.9730938724526	79.9639805838891	84.23	84.2378505459745	84.2311237079059	84.243977505253	99.9	99.8873997415969	99.8921754377698	99.9014134172776	90.21	90.2181403255216	90.2057474419513	90.2203974490889	42.35	42.3379376738836	42.3606272611865	42.360302922909	3.52	3.53149059179994	3.49552399757987	3.52884836748905	-0.77	-0.768740312455068	-0.760708148577346	-0.774887851018131	-1.5	-1.50959865613014	-1.49063866575697	-1.48943091124772	0	-0.00514901503356683	-0.00165393655987929	-0.0023227283800253	-0.99	-0.986516484489748	-0.976559753774624	-0.99562596606572	-3.35	-3.34627724021017	-3.3424506401261	-3.35350682366498	-7	-6.9939724967217	-6.99719851896765	-6.99112073571536	-10	-9.99519444552227	-10.0017213432314	-10.0015188398585	10.2	10.2124753184905	10.2279407437866	10.1756492683908	69	69.0110001528804	69.0227869752099	68.9989245327655	95.34	95.3157981247777	95.3440391615439	95.3484721358758	93.77	93.7728731292067	93.7607679885525	93.7749971421695	91.09	91.0845828810306	91.0929179419263	91.0796964870052
2025-08-29	89.9	89.8924703271252	89.8839139052174	89.9065572761103	86.54	86.5384814996379	86.5320323344967	86.5334383410957	82.53	82.5158804491706	82.5162947740788	82.5403633848819	82.53	82.5487280833573	82.5197148566728	82.5247496762221	84.3	84.3072005743381	84.3025222010852	84.2864766988934	74.6	74.6135961026685	74.6091650635422	74.5976711915555	80	79.9988342947534	80.004480610287	80.0156962255007	80.2	80.2017883265051	80.2064811878765	80.2020386702201	86.3	86.2846635511871	86.3117454552688	86.2965123940551	84.04	84.0379928740563	84.0447678974258	84.0401615168876	32.37	32.3796927376914	32.3675440875024	32.352302320454	1.72	1.7020084036155	1.72157779985926	1.71193796889868	0.65	0.644323768545989	0.664615497702478	0.652312185489216	0.01	-0.00136501062079211	-0.012688332524972	0.00585202082266078	-2.95	-2.94136167014997	-2.96034258444649	-2.95116135471894	-2.99	-2.99602817546553	-2.97988999481843	-2.99282819783569	-4.48	-4.47859769476896	-4.5009098513115	-4.49767269023849	-4.99	-4.98632712653142	-4.99860251382516	-5.0055861829947	-6.48	-6.495439592804	-6.49260035951108	-6.49381435703323	22.7	22.6938116092292	22.6911197043632	22.7095655885596	61.8	61.7991652161092	61.8020827275083	61.7904677039133	88.19	88.182961326587	88.2097321676135	88.1902494434481	92.84	92.8356390730561	92.835230817575	92.8510540368353	86.17	86.1828570517477	86.1770150321613	86.1838441145702
2025-08-30	85.56	85.5684901470891	85.5410373269558	85.5646547388783	81.3	81.3031099684115	81.3022465376853	81.3049331697998	81.3	81.3008416086544	81.3046676688286	81.2848764203845	80.9	80.9127097957157	80.8899675010782	80.8988809644747	76.48	76.4770943319869	76.492132752848	76.4889397268357	76.23	76.2374866870171	76.2304032185821	76.2391839478544	78.8	78.7934829886305	78.7951743736158	78.8004337747816	80.2	80.2147628493585	80.2120727796617	80.1896917603992	82.52	82.5037456449106	82.5150922584405	82.5037682877186	64	64.0163332632612	64.0057463009615	63.9957460035901	53.28	53.2669660076042	53.2711205781893	53.2706329384211	2.41	2.40798047408664	2.4210517078758	2.40789011397673	0.65	0.649264902866612	0.650292799840968	0.654251298001785	3.52	3.52021714864499	3.52169831624152	3.5254922161367	1.5	1.50422399126324	1.50444321047184	1.49576846637629	-3.02	-3.00975302423313	-3.0135778193213	-3.01833521177	-5	-5.00645849720886	-4.99752426838871	-5.02735175523583	-0.5	-0.490412354531813	-0.509834551053065	-0.499811936473862	-0.83	-0.835917798195277	-0.834086776684023	-0.843915129558316	11.77	11.803999978623	11.752149929832	11.7680864551095	58.53	58.5390224095083	58.5325452008228	58.5278797315134	97.56	97.5708660360292	97.5797992265632	97.5626564763942	95.13	95.1329365529872	95.1231199727232	95.1157792756699	87.7	87.7015027239895	87.7021590139785	87.7038969982443
2025-08-31	80.05	80.0690996763549	80.0537903957168	80.0481855866373	75.4	75.3969440889336	75.4091369195023	75.398604722069	70.7	70.7071270795493	70.6969212264104	70.719751905603	67	67.0033690705926	66.9984164962762	66.9749861647148	70.02	70.0078874706391	70.0176765928359	70.0236108319661	67.12	67.1178004670039	67.1171594599833	67.1212252433598	69.11	69.1065652687776	69.0876049183724	69.108492935698	74.4	74.404014733156	74.4141617542615	74.3788733208582	73.98	73.9793618053289	73.977196341836	73.9793611174618	37.17	37.1701386404376	37.163553672343	37.1685586869426	1.55	1.53443425783358	1.54811850430077	1.56357939679105	0	0.000465512826880436	0.0137411297657933	-0.000647933263257088	0	0.0142254338512249	0.00334841607442599	0.00799866754648679	-0.95	-0.950847948117209	-0.963801813632716	-0.976088435224364	-3.02	-3.02439930967576	-2.98636686170779	-3.01705986586801	-0.93	-0.92164240674477	-0.924553655277748	-0.934620847496735	-4.9	-4.89328820263183	-4.88742497508898	-4.88988803042119	-5.27	-5.2913802141698	-5.27513664311524	-5.25933781207139	-22.49	-22.4943422430072	-22.4867691038626	-22.4877005219491	-8	-8.00022753496402	-7.99764247068633	-7.99125330273985	26.98	26.9853304656078	26.9905580881431	26.9957153893116	73.88	73.8789965928213	73.8590185128352	73.8839638112686	73.98	73.9865979474367	73.9764787900677	73.9775558824369	73.65	73.6573878740985	73.6583322956824	73.6380224252258
2025-09-01	40.79	33.28	26.74	20.01	26.13	18.07	15.07	11	28.66	22.49	22.25	19.34	17.64	16.13	14.64	13.13	12	12	12	12	17.12	20.2	22.21	25.21	23.25	26.5	33.03	41.22	42.6	45.93	53.18	55.11	75	67.78	56.05	32.17	65.14	45.24	14.79	6.03	7.52	3.52	-0.48	-4.12	0	-0.48	-1.51	-3.62	-1.21	-3.62	-3.62	-1.15	-0.17	-0.49	-0.2	-1.21	-1.01	-0.73	-0.7	-0.78	-0.87	-0.82	-1.21	-0.21	-3.89	-2.1	-0.01	0	-5	-3.99	0	0	-8.85	-4.48	4.31	25.97	10.01	29.69	66.2	81.58	48.38	72.46	81.71	87.36	94.01	94.26	94.26	94	87.05	85.4	84.03	82.7	79.99	75	73.99	71.35
2025-09-02	95.86	94.79	89.34	84.87	87	85	83.02	80.49	86.2	85.38	84.7	84.24	82.08	81.88	80.85	79.88	81.08	80.5	80.36	80.3	81.3	81.3	82.71	84.24	81.55	84.05	86.9	90.19	86.25	90.15	93.16	93.66	99.97	93.2	77.3	49.1	85.98	54.89	14.12	0.25	19.11	7.96	3.03	-3.62	1.5	-0.8	-1.8	-3.62	-1.1	-1.83	-1.53	-1.94	-1.35	-2	-2.35	-2.35	-2.79	-2	-2.79	-2.79	1.5	1.25	1.3	1.5	-1.21	0.52	3.52	3.52	0	9.01	15	38.93	1	10	41.91	77.33	24.03	64	98.02	113.12	79.03	99.52	114.52	126.58	152.01	155	152.89	148.01	115.72	111.72	105.53	99.59	104.22	99.22	93.23	88.23
2025-09-03	102.23	100	93.89	90.53	90.01	88.69	85	84.34	85	84	83.2	81.9	81.98	81.33	80.5	79.06	74.54	74.34	74.34	74.34	71.06	71.06	74.34	74.54	81.51	81.98	83.22	84.22	88	88.72	90.64	90.64	89.4	86.81	79.27	42.7	71	36.26	8	-1.5	0	-6.16	-9.12	-10	1.72	0.66	0	0	0	0	0	0	0	0	0	0	0	0	0	0.65	0	0	0.01	0.65	0.65	0.65	3.52	3.52	-13	-9.36	-6.49	0	-4.12	1.99	22.85	61.73	2.01	50	83.99	96.4	70.03	90	101	103.33	121.59	123.05	122.42	119.62	100.43	96.72	93.1	87.44	94.14	89.65	86	84.34
2025-09-04	91.44	91.24	88.29	86.4	89.4	85.48	85	84.85	85	84.1	80.1	79.91	80	72.47	72.27	72.27	70.2	70	70	70	70.7	70.7	74.38	81.24	81.02	81.43	85.11	88.34	98.56	103.55	105.85	108.55	112.57	101.12	88.53	58.53	89.99	80	29	15	33.07	18.07	8.08	3.07	12.39	10.79	5.79	2.2	3.52	3.52	3.52	3.2	1.52	1.52	-2	-3.62	1.06	1.4	0.11	0.11	0.11	0	-0.95	0	0	0	2.9	3.7	2.09	7.01	10.77	22.01	2.2	10.2	28.19	68.29	20.25	50.05	91.4	112.9	84.1	94.51	104.5	107.5	106.61	107.99	105	97	97.44	91.1	86.66	80.45	86.4	82.49	75.5	62.51
2025-09-05	93.73	89.27	84.11	81.4	87.09	85.1	81.79	76.02	78.8	72.2	69.52	65	60	60	60	59.95	50.8	45.02	48.31	52.91	53	58.7	60	62.51	70	76.79	83.4	87.09	83.4	86.36	88.99	90.14	95.58	92.2	87.09	70	92.14	85.56	68.97	38.16	45	37.95	26.6	25.5	20	17.01	12.9	10	6.02	5.09	5	3.67	3.52	3.52	3.52	3.52	1.72	1.72	1.72	1.5	1.59	1.5	1.1	1.15	1.1	1.55	3.15	3.52	0.52	3.52	10.75	14.47	12.2	25.5	53.31	83.3	36.39	72.8	89.45	112.2	88.97	96.34	104.17	108.87	106.38	105.22	102.1	94.7	95	90	89.7	85	88.4	86.38	83.8	77.9
2025-09-06	82.6	78.47	66.71	50.2	58.78	58.78	55.77	38.78	48.71	45.7	38.71	23.71	39.85	30.95	29.9	29.7	25.89	23.01	19.88	19.88	19.88	19.9	21.33	23.46	19.88	25	26.26	28.28	42	42	42	42	47.66	44.54	31.63	13.6	57.25	24.11	5.22	-5.22	3.52	3.52	-3.27	-15	0	-0.69	-9.06	-15	0	0	-0.02	-2.11	-0.69	-0.86	-2.86	-3.96	-4	-3.49	-2	-1	-4.16	-2.66	-0.19	-0.17	-5.08	-0.69	-0.53	-0.02	-9	-8.43	-4	0	-10	-7	0	0.66	-5.66	9.64	47.99	78.72	25	42	50.37	62	56.85	58.54	58.54	58.54	55.44	55.44	52.34	49.24	39.5	36.78	34.5	29.5
2025-09-07	11.69	0	-0.69	-3.44	10	7.76	7.76	7.07	15	15	14	14.36	11.35	11.35	11.35	13.53	9.74	10.28	11.28	18.32	15	16.28	20.42	26.03	14	14	14	14.79	0	5.85	10.77	16.99	26.7	26.5	15.64	12.2	48.2	25.3	-4.12	-4.7	-0.01	-5.04	-10	-12.95	-0.69	-3.9	-6.94	-8.62	-5.4	-7	-7	-7	-6.02	-5	-4.55	-4.55	-5.87	-4.85	-4.4	-4.4	-8	-8.12	-8	-7	-8	-7	-4.12	-1.67	-8.91	-3.62	6.08	13.6	0	37.5	70.66	81.81	42.52	79.02	85.97	93.9	84	88.31	93.39	98.03	91.56	98.32	98.32	91.44	90.72	88.3	85	84	89.52	85.84	84	76.24
2025-09-08	103.93	101.94	99.51	99.28	93.99	92.78	91.55	90.38	91.39	90.4	89.29	88.22	85.52	85.52	85.52	84.95	81.14	80.95	80.94	80.94	81.97	81.97	81.97	82.37	87.19	89.3	90.77	92.02	98.43	99.89	102.74	104.35	109.61	109.61	108.26	105	98.38	98.21	92.1	74.23	85.85	85.83	80.73	65.5	80.5	71.12	63	50.28	53.01	52.01	50	48.97	45	43.06	40.5	38.56	45	45	39.15	32.2	34.59	35.34	34.59	32.6	29.2	29.71	37.19	45	40.12	48.44	50	68.64	48.03	65.09	77.69	84.32	63.35	86.38	91.15	91.8	91.71	93.39	97.49	98.21	94.82	94.57	92.1	89.36	90.18	89.3	88.16	86.69	78.33	73.08	68.99	57.09
2025-09-09	84.07	83.33	77.59	71.4	72.89	71.4	71.33	70.25	70.01	69.75	69.5	68.51	69.51	69.75	69.51	69.75	71.09	69.75	70.51	76.51	69.45	69.45	72.92	77.35	81.09	85.56	87.2	89.6	86.93	91.1	96.07	96.1	97.64	96.34	92.18	86.93	110.51	95.71	80.91	45.21	78.95	68.15	45	39.92	35	33.22	30.22	30.22	26	26	26	21	19.25	19.25	19.25	17.71	17.19	17.19	17.19	8.59	8.91	6.91	4.22	6.91	12	16.37	16.57	17.6	29.8	34	35.52	43.4	5.87	20	65.19	87.04	30	73.67	90.67	110	95.66	103.87	111.27	112.36	115	115.73	113.07	109.9	106.09	101.2	95.01	86.93	92.97	87.04	78.07	58.07
2025-09-10	89.79	88.24	87.44	84.94	84.09	83.29	83.09	83.09	83.29	83.29	83.09	83.09	82.1	82.06	81.3	81.3	75.84	75.18	73.19	73.19	66	66	66	66	77.5	77.7	77.7	82.06	84.26	84.26	84.46	84.46	87.45	85	76.19	60.58	85.33	67.65	30	15.09	28.95	13	4.99	0.65	0	0	0	0	0	0	0	0	0	0	0	0	0	0	0	0	0	0	0	0	0	0	0	0	0	0	4.8	10.9	1.09	17.7	33.24	65	21.38	52.17	88.14	96.62	86.18	91.5	94	95.98	100.01	100.7	100.7	99.6	94.2	92.35	91.26	88.93	85	83.29	83.09	80
2025-09-11	88.6	88.04	85.2	85	85.74	83.35	81.95	78.35	80.53	75	67.3	67.3	70.3	68.8	67.45	67.3	72.32	71.5	71.5	73	74	75	77	81.42	76.84	78.84	80.34	87.72	88.04	89.62	93.2	93.3	96.88	91.32	86.3	63.07	90.7	80	20.5	5.11	2.03	0.65	-0.25	-1.5	5.99	3.52	0.91	0.65	3.52	3.52	1.72	0.65	1.72	0.65	0.01	0	0	0	0.65	0.65	0	0	0.55	0.65	0	0.65	3	3.52	-3	-2.22	0	0.65	-7	2.05	23.4	72.61	20.55	68.22	100.66	134.44	88.73	98.31	106.2	111.3	130	134.9	134.9	131	110.12	105.09	98.63	96.11	99.57	93.44	91.7	90.34
2025-09-12	112.7	111.66	110	105.93	103.33	100.03	98.03	95.04	96.3	95.9	94.17	93.8	95.12	95.12	95	93.69	92.72	93.02	93.02	93.22	94.73	95	95.7	97.13	102.48	105.74	108.08	112.64	135.65	140.15	143.15	143.65	131.35	129.35	112.53	103.13	110.25	95.72	80.55	63.84	70.98	60.97	60.55	53.57	45	30	22.52	18.57	22.49	14.5	14.47	10	3.52	3.52	3.52	3.52	1.5	1.5	1.5	1.5	1.5	0.82	0.75	3.52	-1.48	-0.48	11.09	34.54	4.67	18.57	38.44	48.37	11.86	35.1	61.81	85	71.21	89.05	106.66	127.19	118.45	123.87	137.6	139.45	143.15	143.04	142.71	138.03	114.1	107.11	105.01	103.61	99.3	97.35	95.25	94.01
2025-09-13	102.3	102.3	101.3	100.01	99.64	99.54	98.98	96.77	97.96	97.5	96.96	96.96	96.84	95.84	95.12	95.12	91.85	92.1	92.5	94	88.72	89	90.54	91	89.49	89.98	91.03	92.7	93.46	95.02	96.35	97.51	99.93	98.78	93.24	85.81	91.98	85.21	68.95	45.76	40.37	15.62	9.61	1.5	22.4	5	0.36	-7.76	0.65	-1	-3.02	-2.51	3.52	0.65	0.65	0.65	0.65	0.65	0.65	0.65	-10	-5.51	-1	0	-5	-2.02	0.65	0.65	0.05	0.59	1.72	3.52	-2.72	10.18	20.33	63.01	60.55	67.86	84.15	95	88.72	95.01	99	100.08	101.11	101.11	100.69	99.15	97.5	94.3	91.6	88.72	95.1	94.1	90.94	89.49
2025-09-14	83.56	80.91	75.09	73.49	80.74	73	66.43	66.23	73	70.29	65.29	65.29	64.2	65.3	65.23	64.3	65.81	65.81	65.81	65.81	70.03	70.54	71.54	72.93	71.54	71.74	76.54	78.71	77.52	77.57	80.32	80.99	86.84	81.59	66.23	41.23	72.96	25.44	8	0	10.01	5.01	1.1	-1.55	0.65	0.65	0.11	0	0	0	0	-0.01	0	-0.41	-3.62	-4.12	0	0	0.09	0.1	-7.79	-4	-0.45	0	-3	0	0	0.2	-3.9	-0.01	1.59	5.76	-5.62	7.03	38.95	65.65	33.43	63	88.2	98.25	96.81	100.01	103.81	105.01	125.98	126.13	126.13	123.13	106.01	104.76	101.01	96.01	99.84	96.18	91.85	90
2025-09-15	95.41	92.18	90.03	88.96	91.31	89.96	89.63	89.31	86.39	85.45	85	84.36	85.03	84	84	84	83.2	83.2	84.13	84.56	88.53	89.17	90	92.16	89.63	91.83	94.32	97.26	100.71	111.16	116.4	118.14	124	121.99	114	94.03	105.83	99.67	84.4	51.05	81.63	46	34	27.03	27.63	15.62	11.05	7.63	17.99	17.16	12.5	12	14.99	14.49	11.62	7.32	3.52	3.52	3.52	3.52	4.31	4.53	5.43	5.73	4.86	4.96	6.97	14	8.03	13.75	24.16	56.2	28.89	38.22	47.91	82.45	54.39	88.86	97.15	106.57	102.79	109.14	110.73	111.2	110.81	110.68	107.2	101.53	98.5	97.22	93.47	90	90.7	89.21	88.86	85.97
2025-09-16	90.02	89.5	88.11	85.11	89	88.11	86.4	84.5	84.42	83.7	80.93	79.54	83.05	83.74	83.36	83.58	86.53	87.43	88.23	89	88.2	89.2	89.2	91.2	94.41	95.46	99.9	100.79	106.9	110.88	111.88	114.85	118.8	116.74	109.33	101.74	103.9	95.43	84.42	66.92	83.21	57.1	33.1	23.85	47.35	23.18	15.2	15	18.14	14.14	14.14	14.14	19.14	18.14	17.68	14.14	13.27	11.34	11.96	10	3.57	3.52	3.52	5.4	7.95	9.14	14.23	29.13	16.15	19.79	38.14	62.92	29.29	61.3	84.2	93.4	72.79	98.13	109.04	120.96	132.05	134.3	143.14	151.3	208.96	213.86	208.9	198.95	125.47	117.36	111.85	111.84	108.47	107.05	104.5	104.5
2025-09-17	113.41	110	107.12	107.12	111.64	109.98	107.78	105.55	105.55	105	102.91	102.9	101.01	101.01	100.32	101.01	100	99.99	100	100.47	102	102.41	105	107	105.55	110.3	114.2	117.39	118.76	125.55	127.56	130	127.08	125.01	117.08	106.58	120	109.01	92.54	67.3	87.77	62.9	45.55	36	67.03	47.6	38.15	37.62	27.68	25.2	24.18	24.68	26.57	26.57	26.57	23.95	22.1	21.54	21.02	18.12	20.33	21.4	23.4	24.4	20.88	21.33	28.23	50.29	38	48.99	68.39	87.65	53.12	76.12	99.99	117.01	91.24	111.72	126.2	145.55	152.49	165	184.15	193.17	232.2	235	230	215.04	138.88	132.11	125.01	119.45	117.01	114.2	109.01	104.99
2025-09-18	114.08	109.18	108.18	104.58	106.51	105.26	104.76	104.19	105	104.58	104.58	104.54	104.89	104.78	104.78	104.78	104.78	104.78	104.78	104.78	104.58	104.58	105.26	105.46	104.19	104.58	107.28	111.57	117.55	123.55	126.7	128.48	127.4	118.76	108.4	96.4	128.47	108.43	93.05	72.19	77.4	61.1	56.4	46.4	75	74.06	65	64.15	54.23	54	54.78	54.78	50.1	53.5	50	50	44.02	44.02	44.02	44.02	44	41.1	42.59	44	49	55	58.47	60.22	64.12	66.28	71	81.3	65.92	86.64	101.86	120	97.47	114.72	129.69	135.3	135.1	148	156	159.2	196	199	196	192	126	123.5	117.5	105	103.65	102.27	99.09	97.47
2025-09-19	117.18	115	112.55	108.57	115.01	113.43	110.91	110.41	111.04	111.04	110	108.34	111.26	110.96	111.26	110.96	111.11	110.21	110.21	111.11	108.33	108.71	110.11	112.19	110.68	110.78	115.68	125.19	118.42	120.71	127.42	130.32	135.19	131.93	115	108.54	134.28	117.35	106.68	96.01	90.3	83	66.56	62.23	60	52.12	37.15	32.14	46.55	38.94	34	38.94	43.21	33.1	30.1	29.11	22.1	21.26	21.26	19.9	22.08	22.1	28	41.56	40	45.1	52.12	55	55.2	65.85	82.39	89.36	67.47	76	96.47	121.14	98.14	108.14	125.19	142.19	125.1	125.2	126.19	126.34	125	125	122.73	119.32	108.18	106.5	105.73	104.77	109.91	106.5	104.68	102.77
2025-09-20	101.49	100	96.75	93.81	97.32	96	94.04	91.15	92.01	90.06	89.29	88.85	90.11	90.06	89.29	89.29	90.34	90.3	90.11	90.06	89.29	89.29	89.29	90.06	92.01	92.39	94.79	96.4	92.13	93.5	95.9	97.1	99.79	97.56	91.76	83.96	95.7	89.58	65.58	44.6	42.19	30	4.83	-0.57	17.1	3.94	0	-1.01	3	1.72	1.72	1.52	-0.01	-0.57	-0.57	-0.57	-1.85	-0.57	-0.57	0	-1.21	-0.07	2.58	4.31	-7	-0.57	4.11	14	-2.1	0.44	18.43	58.87	16.79	31.43	67.43	93.16	48.73	83.21	97.1	106.31	101.5	103.74	105.36	106.08	104.46	104.79	104.46	102.87	100.89	99.6	97.36	95.6	96.01	94.39	92.13	90.5
2025-09-21	80	75.23	60.8	50.8	79.85	72.95	57.85	57.85	70.95	59.95	50.94	45.94	69.1	64.49	59	59	73.97	68.97	63.97	62.98	64.78	55.35	55.35	55.35	49.17	50.38	50.94	65.94	65.01	73.49	74.86	75.62	69.39	69.38	49.38	36.09	61.4	36.2	-0.01	-8.49	30	9.92	-5.51	-16.55	3.52	1.72	0.65	0.64	0	0	0	0	0	0	0	0	0	0	0	0	0	0	0	0	-0.01	0	0	0	-0.01	-0.01	0	0	-17	-8	3.52	14	15.9	33	65.4	85.32	64.96	69.96	69.97	69.97	61.4	61.4	61.4	61.4	60.2	54.8	54.8	46.8	61.4	58.08	44.08	31.08
2025-09-22	30.9	27.52	21.27	21.27	26.74	24.98	23.37	21.27	26.2	24.98	23.2	24.98	24.98	23.7	21.2	23.7	24.9	24.98	27.39	34.7	35.14	49.15	51.15	61.15	37.57	54.9	70.9	80.7	45.6	55	59	59	85.48	77.1	59	31.9	88.62	63.69	5.86	-8.13	21	3.52	-3.01	-8.6	0	-3.4	-6	-7	-7	-7	-6	0	3.52	3.52	3.52	3.52	2.41	3.52	3.52	3.01	1.72	1.99	1.99	2.3	1.72	2.99	3.52	3.52	0.65	3.52	4	14	-10	-0.39	46.7	80.7	8.16	47.99	93.13	126.93	103.85	106.95	110.01	113.46	110.01	110.01	107.38	99.98	93.81	88.62	80.3	72.1	79.95	75	72.19	70
2025-09-23	77.9	75.11	72.11	61.64	85	82.02	75	61.2	78.64	78	78.28	75.38	75.35	75.15	74.95	74.95	77.31	77.31	77.31	77.31	80.8	80.8	81.56	81.9	80.28	80.28	81.58	83.68	82.16	84.13	85.79	86.56	89.21	86.3	82.39	55.8	89.9	85	29.9	-2	33.84	8.72	3.82	-4.18	1.15	0.65	0.65	0.65	0.01	0.01	0.01	0.51	0	0	-0.09	-1.48	-3.45	-3.62	-1.7	-1.99	-4.12	-4.5	-4.51	-4.12	-7	-5	-1.48	0	-7	-3.01	3.52	11	-5	6.47	45.52	82.92	36.32	70.33	86.62	95	91	95.01	95.28	96.01	89.72	89.21	87.87	80.6	81.02	76.22	71.99	62.1	75.94	74.84	67.19	55.84
2025-09-24	53.53	53.52	53.51	53.51	37.8	37.8	35.8	37.22	43.39	39.79	40.1	40.1	30	30	32	32	31.1	30	31.5	36.5	43.6	44.46	46.6	48.6	46.8	48.8	49.3	60.16	66.96	74.04	83.3	86.95	86.54	85.01	79.13	53.76	98.01	88.31	57.91	12.9	42.9	23.4	9.52	5.42	5	3.52	1.72	1.57	3.52	3.52	3.52	3.52	3.52	3.52	3.52	3.52	2.99	3.52	3.15	3.52	0.65	0.65	0.65	0.65	0.65	0.65	1.55	3.52	20.1	20.9	40.1	52.9	27.2	56.73	72.72	87.39	48.16	86.07	102.13	119.64	105.13	107.09	108.12	108.13	103.68	102.13	99.89	93.21	94.56	90	88.83	85.1	83.08	83.08	82.08	80.58
2025-09-25	86.77	83.46	81.26	78.47	76.14	75.94	73.94	73.03	73.94	73.03	73.03	73.44	73.46	73.46	74.26	74.71	76.7	77.7	78.2	79.09	70.78	73	77	77.2	79.26	83.43	85.85	90.85	98.48	105.71	109.86	111.7	121.07	116.89	111.9	100.9	107.57	97.43	80.58	55.79	86.89	80.03	53.58	39.9	46.99	33.42	30.2	30.19	34.99	32.99	32.99	32.5	33.44	33.44	32.62	25.93	20.1	20.25	20.33	20.57	22.74	22.74	24.24	24.11	25.93	25.93	26.79	48.99	38.7	48.13	67.07	84.8	33.94	52.8	94.1	107.03	82.5	104.25	127.15	164.11	176.41	201.09	207.99	220	205.02	208.94	205.01	176.01	178.8	158.8	136.16	128.8	151.9	125	111.69	102.1
2025-09-26	100.09	99.55	97.43	96.5	99.02	97.25	96.5	96.5	96.41	95.13	95.07	95	94.81	93.71	93.71	93.72	93.78	93.82	94	94.49	95.92	96.5	97.2	98.61	93.67	97.47	100.79	104.96	113.37	119.37	123.4	126.75	134.28	128.28	118.28	102.28	135.42	116.97	90.35	55.8	92.9	88.59	82.25	52.61	54.98	40.68	36.15	34.99	45	41.52	40.69	34.76	49.2	49.2	44.58	36.2	31.85	30.61	31.56	29.4	48.56	50	50	52.06	53	55.5	70.49	79.72	39.28	44.91	73.19	85.26	39.91	69.08	94.1	114.08	83	115.18	143.6	152.39	150	153.68	157.36	157.36	174.1	176	163	160	135.42	127.01	121.01	116.59	131.42	116	113.92	110.92
2025-09-27	106.86	105.88	105.28	103.87	100.78	99.5	98.83	96.83	96.36	95.51	95.12	94.15	99.31	99	98.1	97	95.48	95.47	95.44	94.92	92.75	92.07	91.85	93	91.03	91.03	91.66	92.77	93.15	93.6	94.62	96.6	101.93	99.56	89.67	76.67	98.08	87.41	57.5	30.24	75.98	40.8	18.81	0.65	25.25	20.25	19.25	6.25	16.79	16.79	16.77	16.76	12.91	12.71	5.92	5.92	5.14	5.14	2	1.51	1	1	1	3.21	-0.49	2	8.61	15.08	0	16.79	26.1	37.91	13.06	31.06	79.64	93.28	55.14	83.92	92.56	101.75	86.02	89.37	92.51	92.06	91.61	90.56	88.04	82.22	89.88	86.29	85.17	75.17	88.74	86.84	84.33	81.75
2025-09-28	63.53	63.51	51.51	33.4	58.41	55.86	52.93	44.4	56.84	54.83	50.39	47.33	53.3	46.3	42.31	38.3	50.53	48.03	43.04	38.48	49.05	48.14	48.14	50.53	47.74	47.91	49.86	54.92	52.84	55.86	55.88	55.88	58.87	58.87	55.88	46.99	62.14	57.91	45.68	22.01	40	31.87	8.13	0	27.15	21.92	14.17	8.39	24.01	16.63	12.11	6.25	8.53	7.48	4.53	4.31	6	10	12.8	15	11.79	11.79	11.46	11.79	12.96	17.64	17.97	22.97	10.23	18	32.34	54	21.98	50	62.14	74.08	54.73	68.99	74.95	82.95	74.14	74.14	74.14	74.14	63.19	62.14	61	56	75.87	69.82	69.63	66.65	63.19	60.36	60.16	55.16
2025-09-29	75	66.98	51.78	47.49	66.98	49.99	47.7	44.75	66.98	54.81	45.9	43.99	49.99	46	34.5	34.5	43.48	41.91	49.99	44.62	34.5	46.85	49.99	66.98	43.99	50	66.98	80.65	70.9	76.4	83.7	85.44	82.08	83.7	78.3	76	89.2	83.97	69.98	40.09	67.01	59.13	39.33	28.98	40.14	32.24	25.14	22.88	29.99	23	24.92	23.07	23.29	23.06	22.55	20.3	16.98	16.98	16.99	18.09	22.55	22.55	22.55	24.32	22.55	22.88	34.8	37.18	24.6	31.99	52	72	58.81	69.01	89.97	96.57	80.9	91.78	101.13	111.24	128.16	126.36	123.36	120.26	104.37	100.98	98.37	95.68	91.29	89.9	88.7	86.54	89.7	88.4	87.35	80.1
2025-09-30	95.31	92.46	90.36	87.53	91.77	89.41	88.25	88.25	81.94	80	79.85	79.5	76.43	76.28	76.28	76.28	77.5	77.5	77.85	78	77	79.4	79.5	81	85.63	89.66	92.01	96.96	95	100.47	102.86	106.74	120.03	120	112.4	105.99	129.96	100.1	84	35.2	88.31	73.83	60.1	48.61	74.05	56.6	42.49	31.4	37.37	31.77	33	32.49	29.41	37.9	37.9	36.9	41.99	42.08	49.04	43.5	57.03	68.08	74.1	79.07	38	50	80	85.37	44.89	54.94	84.94	92	33.1	65	90.1	113.77	88.59	107.1	131.92	157.01	195.27	199.34	199.34	199.34	173.21	172.11	171.61	164.11	139.89	121.1	117.9	113.77	111.5	101.5	98.55	96.4
2025-10-01	106.1	106.093704588146	106.100717842486	106.110992110068	106.74	106.758881400348	106.735098184253	106.728088252791	103.71	103.697184341493	103.713883141147	103.701807596451	95.99	95.9936669886687	95.991595949834	95.9931981744346	97.66	97.6605774473754	97.6482609302096	97.6487299884739	99.64	99.6379915651223	99.6508656954527	99.6400106991822	101.76	101.751804211838	101.758355001846	101.756287923374	108.55	108.548978840702	108.549523454765	108.552654185724	142.78	142.785580235188	142.779858264799	142.78024629677	120.5	120.497267821631	120.47578715806	120.499742833293	87.75	87.7440428613692	87.7359504032759	87.7470216447541	56.92	56.9248668354589	56.9541217686664	56.9273302032747	19.8	19.8224087615955	19.8007132299404	19.8095270240848	16.35	16.3585102328048	16.3594174865873	16.3612925901677	-1.81	-1.81906017529185	-1.80846309128693	-1.81239398797862	11.68	11.6802479139555	11.6814422375739	11.6544521158325	9.9	9.91105121510479	9.89107827371079	9.896577109054	8	7.9979213713153	8.01343420901674	7.99860798180013	55	54.9942684236995	55.0177637427439	55.0071149337357	105.17	105.182211394907	105.154960762248	105.176537440659	174.14	174.14419676381	174.136385016284	174.137026208657	150	149.995366952268	150.019252331327	149.997535420294	119.01	119.000356942196	119.001634511011	119.015939381515	108.68	108.690116001033	108.690520980713	108.670198757144
2025-10-02	102.16	102.156153922848	102.155669363368	102.161157722304	100.28	100.274526962056	100.286295574891	100.268854627406	93.7	93.6929075432014	93.6805056188122	93.6812169705557	93.7	93.6959088220157	93.7021097299555	93.6903284351718	96.98	96.9937978864749	96.9752799291679	96.9915951251291	101.28	101.279584098465	101.286839665118	101.28040621777	101.26	101.250379258792	101.256440990219	101.250354948805	110.41	110.420231475204	110.427793787969	110.410330619968	153.01	153.012604214899	153.015549946142	153.016154634936	114.87	114.879592291293	114.846280725452	114.879778283035	74.49	74.500945514759	74.4960234495062	74.4898708044171	34.1	34.1070156940084	34.1089491620197	34.1123254054515	28.01	28.0032837730699	27.9941677522319	28.0062269679665	23.16	23.1581737993285	23.1558882447297	23.1573871936616	17.59	17.598244141528	17.5888499780607	17.5882968759814	5	5.01312571559477	4.99719438512294	5.00008126338275	0.7	0.710471031247361	0.697989656519976	0.70302506842208	25.1	25.0955379094987	25.1197330898026	25.1026028645632	37.22	37.226674144359	37.2359177910778	37.2265096048515	92.65	92.6456220718854	92.6529435104493	92.6291408160804	162.78	162.782210784083	162.770926195995	162.766156428324	184.36	184.355728509009	184.372323053255	184.358287325547	140	139.999593911752	139.999269442355	139.99708308238	113	112.978669938986	112.996920411391	113.021075388589
2025-10-03	115.26	115.257666069324	115.269296683856	115.275854729631	112.64	112.625742035833	112.648483751251	112.632024524726	104.53	104.534986417115	104.528282487802	104.53141682821	101.96	101.966865423079	101.952574772439	101.952885329264	101.94	101.936350138501	101.950038212113	101.936115474133	101.92	101.910877779779	101.9246458943	101.898190036598	103.98	103.966072107349	103.982663268131	103.962243174457	118.74	118.739313773995	118.734925485769	118.749659118896	143.93	143.926340191484	143.928794592051	143.922500074811	124.89	124.881587166696	124.885402429187	124.884087686864	90.12	90.1159085652438	90.1244488263234	90.1252728736052	59.44	59.4483056826635	59.4367790053343	59.4482510266126	54.6	54.6197047472289	54.6048872932841	54.5929658153966	54	53.9869215460594	53.9863990162317	53.9948733335848	45.08	45.0713150713191	45.065028756073	45.0954794351724	39.41	39.4208901150493	39.4142065110336	39.4153935771877	36.42	36.4161935724685	36.4095858029994	36.4187908027527	40.01	40.0279745225931	40.0143252976736	40.0302140843134	-0.49	-0.495741223205082	-0.471515642790081	-0.49608367131626	101.68	101.678891654517	101.677466464586	101.672447994127	126.68	126.66865944075	126.673723512004	126.675609353403	144.93	144.94275645185	144.927246659935	144.931041588073	126.23	126.211084740774	126.221374100583	126.24005263396	118.76	118.760953212418	118.747536375115	118.77297856247
2025-10-04	102.14	102.140955255321	102.156716092621	102.156557461283	95.73	95.7288363977471	95.7358592795932	95.7233528541555	92.87	92.8666983995618	92.8830982741571	92.8743643351933	87.59	87.5928542154836	87.5791866725921	87.5998205493865	88.85	88.856244592898	88.8414935711401	88.8409947024936	85.05	85.0680967070424	85.0504247413567	85.0303155067313	80.11	80.1072972917823	80.1054113320225	80.1047062846775	85.06	85.0515025823677	85.0677629085359	85.0617720128577	86.85	86.8533769326973	86.8480840226032	86.8595359667647	78.47	78.4655375517734	78.4786882154792	78.4670297074936	11.59	11.5696169313963	11.5837192081252	11.5869020676704	0.65	0.642739226820694	0.657773324061346	0.636324311487864	0.65	0.645469415750382	0.645951040948907	0.660033707134748	0.01	0.0110255651114231	0.00882626000669449	0.0233690871124762	-0.03	-0.0194311670592115	-0.0287276553460986	-0.0284957814182626	-0.03	-0.0268437714635446	-0.0250453385485452	-0.0113656898040755	-0.01	0.00170358277538472	-0.00787880358824677	-0.00956107474153832	-0.45	-0.456652316505676	-0.444233102521426	-0.423079541849684	-3.62	-3.62409467128496	-3.62406749474796	-3.61031598895552	14.78	14.7787208476029	14.7754367106483	14.776814940739	72.21	72.2201096772552	72.2394607126156	72.2105496329355	79.04	79.0429183439062	79.0375732752717	79.0483859467263	70.45	70.4435313956719	70.4523447546811	70.4489402395844	56.6	56.6159872506708	56.575553649053	56.5824968296427
2025-10-05	28	27.9987401711421	27.9987699648654	28.005596962879	17.5	17.4958776370046	17.4972541298348	17.4978172012009	12.23	12.2261151919339	12.2314515969131	12.2382214059093	12.23	12.2310335740526	12.2083292883772	12.2626387351392	10.24	10.2451180753232	10.2610313130455	10.2305122636005	15.63	15.6379633883606	15.643740347539	15.6249697689243	14.49	14.4893760281591	14.505823232607	14.5044112796486	12.23	12.1990265855121	12.2419752246354	12.2365749022224	8.2	8.17966511088493	8.21129141084645	8.1885436545555	7.12	7.12445048112374	7.10921531723311	7.11343442966163	-7.96	-7.96716069519486	-7.98780525566325	-7.97194952453314	-13.62	-13.611322854478	-13.6272621052163	-13.6289153933771	-8.6	-8.60634192713465	-8.58769043997407	-8.60229216477138	-5.62	-5.62216924106401	-5.61873224269038	-5.63294700351979	-6.66	-6.63992264723224	-6.687231537327	-6.66413197673621	-3.3	-3.31694094911328	-3.28910622302176	-3.30492203238884	-5.01	-5.01943481495199	-4.99516934326173	-5.01919486451149	-12	-12.00413254691	-11.9943707084944	-12.0043747051196	-8	-8.01072045631304	-7.98885845585183	-7.99997242728701	34.41	34.4292300003014	34.4075203120957	34.4002896391063	62.92	62.9101078152565	62.9217446166756	62.9286802702623	85.33	85.3384571141894	85.3260520198258	85.3328532305049	68.46	68.4728126462888	68.4716676365998	68.4571525600266	45.1	45.094453239413	45.1095453944603	45.0914539665331
2025-10-06	40.23	40.2256433881916	40.2266424705523	40.2300752283217	40.23	40.2476512183991	40.2203699606987	40.2302362681276	39.67	39.6651886347331	39.6663672527514	39.6542618305494	40.23	40.2264964906154	40.2335711658001	40.2380527875851	41.88	41.8966520968132	41.8880992284058	41.8784238053769	50	50.0024745475903	50.0030044770509	50.0125179843192	55.7	55.7076987181879	55.7034642685273	55.6993235373572	95.06	95.065047663623	95.0553304756452	95.0562355558112	125.66	125.662871293319	125.660362307951	125.661789879742	129.66	129.651739514083	129.660316100801	129.66766650462	79	79.0018858666648	78.9933583697211	79.0076132283104	50.86	50.8517724965247	50.8561236796961	50.8666067180069	46.11	46.1277524564218	46.1034258124062	46.1081592539286	59.87	59.8532447586762	59.8803961384649	59.8726775955676	50	50.007624707981	50.0009675452364	49.9966116317416	51.2	51.2021291547931	51.2033998767686	51.208983142035	50	50.0216129887163	49.9990988329178	50.0075174789378	47.68	47.6878731761838	47.6717847615777	47.6786376120074	74.04	74.0255043576508	74.0411506111316	74.0485433847999	106.54	106.540193243036	106.540196014609	106.545118758173	161.18	161.171641812015	161.180111826264	161.193985196786	207.59	207.58077781762	207.587945930717	207.588552393643	157.22	157.229781874352	157.213848078218	157.240172846801	114.33	114.322199164453	114.31537850483	114.335785665194
2025-10-07	104.57	104.568426990069	104.569371843987	104.600138814866	101.25	101.243144756875	101.245764510297	101.260782503062	98.14	98.1456477118106	98.1352220510287	98.1426216652546	96.57	96.5761663048212	96.560771352725	96.5757203235346	96.35	96.3560291712242	96.3386552792322	96.3465571379958	95.55	95.5475290044847	95.5347060293709	95.5465580476669	96.9	96.9091094349164	96.9048760095042	96.8803457675997	107.3	107.292192502507	107.28835377643	107.304882337296	150.55	150.547940461232	150.546196062684	150.550334160083	148.42	148.416223065873	148.407406392308	148.421192102287	91.23	91.2436723752084	91.2457151601178	91.2376271593412	70	70.0017625388612	69.9955525677847	70.0192121626256	63.58	63.5860464482289	63.5802727801419	63.5861641324228	50	50.0010303589269	49.994374124935	49.9934333566006	37.3	37.3083460800211	37.3144620424911	37.3043513756641	38.19	38.1883136813764	38.2043806294326	38.192545276394	44.25	44.2531854134212	44.2569848480616	44.2500997367199	64.1	64.0920719617477	64.1288424828772	64.1072855676951	88.22	88.2258204917495	88.2201912744242	88.2112161153416	118.23	118.232125072836	118.253499449322	118.222583498652	175	174.984888796328	175.01098400667	174.998479993658	185.09	185.08709930875	185.094296912101	185.095570127451	133.23	133.227600087348	133.238162298804	133.23563841717	119.88	119.89332704185	119.884794524964	119.880919356423
2025-10-08	104.57	104.573694667824	104.566544749552	104.579495185641	101.25	101.243859544808	101.254177664623	101.235084962731	98.14	98.1312610917654	98.1359294000103	98.1452051570844	96.57	96.5922801064584	96.5817842945709	96.5655731856423	96.35	96.3483304554341	96.3419807410635	96.3534589141942	95.55	95.5540425707281	95.5531071051029	95.5508399364301	96.9	96.893034095162	96.8858474108612	96.8853598633492	107.3	107.304444327556	107.306947381011	107.302243483807	150.55	150.554070121375	150.548127226777	150.564306924513	148.42	148.427225318348	148.439610130195	148.429790116543	91.23	91.2388597265437	91.2364972857894	91.2368408658851	70	70.0182473838625	70.0050775337123	69.9892982709461	63.58	63.5861558179839	63.5777230565856	63.5749427597096	50	50.0059797786701	50.0078675191558	49.9946103609397	37.3	37.2793718066229	37.3082150017146	37.3061291776931	38.19	38.2079768760118	38.1992196493102	38.1898972953554	44.25	44.2450211731584	44.2553351349401	44.2374606048703	64.1	64.1040411164562	64.1044877260776	64.1086596494869	88.22	88.2177885230923	88.2475512236104	88.204359826179	118.23	118.228799692371	118.247348220078	118.208940786679	175	174.999552047183	174.988639291801	174.96772621148	185.09	185.078272117322	185.100392992906	185.092630488802	133.23	133.248203778864	133.240371746292	133.225635399463	119.88	119.892745578177	119.875270737421	119.867951694394
2025-10-09	95.69	95.6842608694628	95.6957261138314	95.6917110070026	88.5	88.503278079294	88.5019407275547	88.5112462959101	86.22	86.2291725372507	86.2163205625449	86.2375972850993	79.41	79.4139021771452	79.4069664708944	79.4172643459606	73.01	73.0042833900444	73.0070872188445	73.0114835006382	68.66	68.6566176488144	68.6489215332261	68.654501834765	76.34	76.3216625101096	76.3378599874524	76.3432180148941	91	90.9829115127198	90.9964016167744	90.9948734671861	102.52	102.51515234192	102.526918221803	102.505253639953	97.45	97.4474894975036	97.455977477707	97.451772249368	63.07	63.0710721636007	63.0581212511057	63.0809025507178	35.2	35.2086816717802	35.1932078500711	35.1842360055337	5.99	5.99919727342257	6.01251182537225	5.99028415117156	9.8	9.7932301907815	9.81553419104988	9.810930276554	-1.01	-1.00716708576241	-1.00940941835048	-1.01320732454148	-3.62	-3.62390323275914	-3.6254644385038	-3.63210317672581	0.11	0.105110972529935	0.0972461063214752	0.0996168353204829	13.14	13.1605693718117	13.1431224834939	13.1262050608105	35.99	35.9831700462249	35.997235071494	35.986188586823	89.75	89.7551026980213	89.7671132777477	89.7455002599167	117.19	117.198647866588	117.205245675997	117.196957260217	105.1	105.102723091517	105.102137818177	105.095065648079	97.69	97.6996608294822	97.689060625619	97.6853890200494	99.72	99.7086987224339	99.7048431054952	99.7116681247727
2025-10-10	89.33	89.3250081767672	89.3322693956521	89.3125225272725	88.3	88.3073399019438	88.2960991367186	88.2967061964386	80.75	80.7483600075951	80.7491580825722	80.741105568976	71.53	71.5336114492077	71.5345234049664	71.5332475662132	65.99	65.9891812659804	65.982237697107	65.994568710692	66.98	66.981672662238	66.9703050829403	66.9800445911364	83	82.9985854671624	82.9850790470335	83.0091725040431	83.23	83.2380595834372	83.2211471548298	83.2357725897746	95.81	95.8087489071028	95.7982924576859	95.8094902809377	90.38	90.3831966738314	90.3699400368999	90.3923995333488	60.25	60.2687484194401	60.2667506272974	60.2456702856838	37.58	37.5806106086762	37.5842099883571	37.578721939421	30.01	29.997771645931	30.0094267104157	30.0144609014985	34.88	34.8844845223604	34.8942661141115	34.8898231712432	30.01	29.9948539578415	30.0224683118087	30.0089101821848	30.01	30.0091353822162	29.994878952166	29.9992209838659	40	40.004776094042	39.9900468145305	40.0006826146791	57	57.0016031178519	56.9845734829449	57.0103228608134	70.41	70.4074085059298	70.3986196286434	70.4085012402751	99.23	99.2256990384638	99.2167767933266	99.2156108731995	117.12	117.12247049308	117.11329516918	117.123942894058	105.26	105.250371923357	105.250011549295	105.248664701926	99.84	99.8407441884925	99.8341815212545	99.8484576651462	96.01	96.0203327552272	96.0212235271415	95.9941292735571
2025-10-11	91.43	91.4502330788278	91.4399098091762	91.4210886597445	89.82	89.8103106701774	89.8178930373564	89.816805145803	88.38	88.3677840608541	88.391088439276	88.385237544259	88.38	88.3742239107168	88.3707585541964	88.377593727538	85.77	85.7754990209466	85.7581311331883	85.7650443413022	86.37	86.371260701531	86.3685940627793	86.3761949025602	85.84	85.8452196461055	85.8255228928051	85.8481428086389	90.89	90.8803579934022	90.8802445292049	90.8791105510624	94.06	94.0564965243968	94.0619361684309	94.0562489889854	87.64	87.6383406895892	87.6272317297581	87.6346728057842	80.84	80.8423918124944	80.8229616971747	80.842622634111	59	58.9986751015625	59.0020082023047	58.9832674360159	11.3	11.2926649906578	11.3178538586557	11.2931375034429	10.12	10.1285566445884	10.1115249932087	10.1212982256634	6.52	6.52062172794092	6.50791997897551	6.51176793490838	6.52	6.53029907077467	6.50610488315455	6.526417069448	5.11	5.09328497032478	5.11604119977523	5.11456791553983	21	21.0161331120906	21.0009548654182	21.003045668335	66.42	66.4104756406877	66.4317177014831	66.4193353650946	95.62	95.6349000166749	95.6204646820923	95.6192577443621	104.18	104.19546888761	104.178226926875	104.173744153737	106.73	106.740562531874	106.737625034603	106.722592243975	104.02	104.027060936985	104.014250271585	104.022464063105	96.34	96.3282692713561	96.329997481588	96.3325838870879
2025-10-12	92.78	92.79358323369	92.7686968600348	92.7662375230607	91.26	91.2767870735577	91.2418617139791	91.2424581401575	84.28	84.2865598938915	84.271064025165	84.249821390321	77.12	77.1292166595902	77.1059998809993	77.124295974989	78	77.9825807668794	78.0010483564362	78.0034635440596	78	78.002082016779	78.0049992484357	78.0012283745883	76.87	76.8668043221138	76.8701032667786	76.8681697065265	77.33	77.32065661743	77.3211779244769	77.3290398552171	85.31	85.2953296051061	85.2994789433707	85.3019632747739	80.77	80.7690421668007	80.7710029105628	80.7815158205887	47.58	47.5881422997928	47.5842864851124	47.5765178620713	3.52	3.52397562903196	3.52410870502542	3.53775830582479	1.65	1.63889822677151	1.64748883617927	1.6373020154359	2.95	2.95573119818972	2.93812624297014	2.94428803061625	3	2.98987011768264	2.9858377327623	2.99248459344329	0.65	0.651910510799669	0.655131227171392	0.660482046546731	0	0.0166805902946903	0.00883681512398395	0.00148448671738055	15.11	15.1181662965619	15.1222689956607	15.1030719563294	61	61.0005340108837	60.9822472803025	60.994807503879	100.31	100.308648193402	100.30481955732	100.306299828611	112.28	112.277960716103	112.28985457911	112.275487614003	113.34	113.352265718416	113.341990295641	113.327642080143	111.13	111.123758718057	111.1219232072	111.114026471765	106.1	106.100537169593	106.09268756369	106.095811818494
2025-10-13	101.22	101.225473609483	101.197581224232	101.209187417317	91.2	91.1891171958533	91.2015039346294	91.190612368706	85	85.0053940140664	85.0047019861706	85.0097217269483	90.7	90.7066445926129	90.7146236717055	90.7060454853873	91.67	91.6697930470621	91.6714886857188	91.6614252044964	96.61	96.6031748237152	96.60213286565	96.604408783126	100.47	100.468823503494	100.474889787498	100.460572030648	111.77	111.779496386284	111.785888667171	111.770721811088	129.29	129.2938855683	129.283384658211	129.302018395328	139.07	139.081337103362	139.066332796289	139.068046515745	107.47	107.463404834857	107.467962577209	107.474851725173	90.75	90.7447492748288	90.7694264162494	90.7583388731578	78.33	78.3427009870403	78.3294401341417	78.3251053359025	73.47	73.4742287443237	73.4769545862074	73.461558556794	70.01	70.006677497927	70.0000546019291	70.0014522966932	60.1	60.1089731840025	60.1091453868309	60.0939897771341	68.01	68.0111355715777	68.0014295387942	68.0015369186622	65	65.0114645328916	64.9931632606467	65.0032211917773	90.07	90.0698873312728	90.0703444869135	90.0721142078068	119.29	119.300606268159	119.279763119037	119.268042195694	158.18	158.161894890734	158.179045227236	158.198106237145	167.29	167.302535091112	167.284678041285	167.266090653213	146.82	146.822398739911	146.827787258065	146.825917669905	118.93	118.929121183463	118.913702394167	118.93291503026
2025-10-14	120.7	120.702564726964	120.71173020314	120.682991739827	110.66	110.648025683948	110.664567667752	110.673902032323	107.24	107.250135356733	107.22322221222	107.226631297096	107.09	107.076125960759	107.096678667587	107.079451157545	107.22	107.202825771215	107.21312092755	107.239653058795	107.22	107.233662051934	107.233604395413	107.228636856284	110.19	110.208478315216	110.183641436684	110.200631607762	120.01	120.010139980547	120.02140008831	120.004703985942	163.56	163.558054817845	163.565199155891	163.572541250778	159.89	159.896136546364	159.887454686583	159.878737487202	110.01	110.017493979346	110.0089504096	110.009807794351	92.05	92.067287797684	92.0394065201509	92.0404021847143	85.93	85.9328985397778	85.9350465273416	85.9313882797807	80	79.9951116491665	80.0045870120024	80.0033885896858	70	69.9962308110446	69.995745021326	70.0002017927789	61	60.9992531975942	61.0073871747351	61.0164450932235	60.05	60.0606862632565	60.0568832369865	60.0592410625985	81.8	81.8082039540412	81.797886648645	81.7899650068428	94.35	94.3462158685158	94.3560923444067	94.3489876622319	120.93	120.930458089637	120.925232831491	120.918721088719	149.18	149.174310746498	149.187101670885	149.172772920712	158.93	158.936022362229	158.903472144841	158.937080702814	150.15	150.146540187296	150.15011823021	150.145245822479	105.01	105.004342054944	105.012910461772	105.012850088508
2025-10-15	120.7	120.706530029183	120.696960044069	120.677203681906	110.66	110.663531315887	110.675213884357	110.674235874287	107.24	107.239728593284	107.231807787457	107.248393753637	107.09	107.106681927156	107.085171609357	107.104717771453	107.22	107.21107982234	107.225888191183	107.217513424537	107.22	107.220205205402	107.220972510247	107.212463758336	110.19	110.174736097724	110.201642824622	110.194589549491	120.01	120.011289686216	120.012857667973	120.017830319825	163.56	163.57483643739	163.548468965811	163.570495739493	159.89	159.88574888586	159.896857214528	159.883807382129	110.01	110.009044335426	110.012440265269	110.019317074871	92.05	92.0485961175971	92.0572840109568	92.0318342220302	85.93	85.9278597665373	85.9402154211492	85.9436478045194	80	80.0012659265517	80.0042594628782	79.9785054683824	70	69.9978662042888	70.0136929224147	70.0100935507835	61	60.9912151330704	61.0035338306916	61.0000367049941	60.05	60.0523121401422	60.0688053045457	60.0438620510287	81.8	81.8027641240822	81.7946814320032	81.8078620312425	94.35	94.3402781032956	94.3454247024096	94.3615260937876	120.93	120.938666870238	120.935705134101	120.938882015425	149.18	149.187634350153	149.183655280381	149.18151642384	158.93	158.932218796346	158.94471513409	158.917134818002	150.15	150.163574810604	150.15186931453	150.155167981027	105.01	105.002560613513	105.026105956807	105.018938809577
2025-10-16	123	122.981353539573	123.003957501116	122.989221409266	115.9	115.886396621204	115.878084128057	115.914671777851	110.69	110.692438704278	110.683046527587	110.687159034344	109.61	109.617575181745	109.608889581399	109.604720564997	109.9	109.893341151665	109.917317642754	109.885557145513	108.4	108.417849181108	108.41020557838	108.377072545835	110.98	110.976757705449	110.984562014777	110.984423158731	118.32	118.323364825564	118.317909732759	118.311570653012	150.3	150.294965739803	150.307162548337	150.292787435953	149.72	149.710941149941	149.743320645791	149.735121236433	110.86	110.856459667847	110.866063893679	110.858652006063	83.26	83.2707132542463	83.2731577195367	83.2671486610419	72.5	72.5091112941575	72.484556371967	72.4818505110681	54.08	54.0979479593856	54.072092454392	54.0848172083306	61.74	61.7504013666316	61.7442558911204	61.7500951203986	52	51.996481476744	52.0039067293951	51.9939744971833	65.45	65.4508013746431	65.4622617606971	65.4555419083489	52.44	52.4490599787605	52.4277704760163	52.4369567625858	101.88	101.905398559057	101.895731920249	101.877012399241	142.9	142.870700571249	142.888997115388	142.891962835835	146.35	146.369267846658	146.345334301363	146.34429009241	151.32	151.317002751107	151.342569563156	151.332726628132	146.25	146.237662488839	146.261213261212	146.238574765424	119.04	119.045892442213	119.034369804039	119.033975485248
2025-10-17	122.6	122.614699050102	122.611120345925	122.593678607261	113.63	113.642507861128	113.627810612593	113.621271916823	104.94	104.936512808506	104.940725551605	104.935545812844	105.4	105.420007522896	105.389906494758	105.400749783469	102.5	102.498019579782	102.499967222904	102.506736289646	102.54	102.517228494171	102.544099236329	102.542708239179	102.91	102.894896761479	102.92567044076	102.915460316053	117.17	117.147222079364	117.163496809241	117.192011446687	150.67	150.664646418711	150.668621577599	150.681353499908	151.79	151.78556633656	151.765206541572	151.807077659988	105.19	105.187897512205	105.197527897712	105.17203202986	86.14	86.1512056766809	86.1416515444035	86.132332044626	83.19	83.1846383377172	83.1847730402352	83.1682339980435	79	79.0096290845904	78.9865355262625	78.9981968282273	53	52.9880267024759	52.9826201614084	52.9885395644125	23.75	23.7499581790602	23.7377063035488	23.7448182949092	31.53	31.5303650106894	31.5310719196054	31.5232992690138	82.21	82.215715002113	82.2248103764626	82.2046999303027	99.99	99.9989777426068	100.010164676927	99.999866116974	128	128.005157353342	128.008607882057	127.98679484118	154	154.007363710754	153.98991617058	154.007625288119	155.81	155.799920921593	155.837810454381	155.799542163721	131.5	131.491282719876	131.495395659729	131.486020251714	124.52	124.516598284401	124.512889067787	124.521315168287
2025-10-18	127.76	127.755933804595	127.760265670135	127.767146143719	113.81	113.790840990183	113.83147506464	113.820426542704	102.02	102.020056300327	102.014227504371	102.004925133373	101.88	101.88127160559	101.877913367457	101.884138479839	100.78	100.797728081095	100.789079893569	100.771123541243	93.17	93.1848876568716	93.1682376677464	93.1612810515368	95.94	95.9469112282677	95.9233401793835	95.9380503010126	104.64	104.653402153943	104.653036266341	104.65098349755	113.53	113.524025118937	113.51761754172	113.536485320089	112.85	112.860495386794	112.848800981402	112.860572017261	80	80.0006328910182	79.9977917250637	80.0044877472634	69.65	69.6498769281736	69.6504069691105	69.6491929206727	20	19.9983662400127	20.0069230738814	20.0057187998939	15	14.998489743991	14.9978301462099	15.0054501268251	8.01	8.01196090577309	8.00488384554645	8.00858933424071	3.52	3.52277100851256	3.5160615077579	3.51640343950976	5.81	5.80761848607668	5.81542151029547	5.814304192288	16.9	16.8983877283742	16.8897785307139	16.8912487360259	47	46.9973963423797	47.016119489399	46.9997013189134	107.84	107.836421351993	107.842860220659	107.837107026487	118.69	118.693901126671	118.697161765836	118.673324308118	125.11	125.118528527554	125.113514141999	125.113807503258	110.36	110.365981203238	110.377441195535	110.353816646608	106.19	106.190042965139	106.184959113277	106.193114846712
2025-10-19	90	89.9982121379365	89.9901561018915	90.0238519814415	80.05	80.0490985132875	80.0444374656376	80.0434096162807	75.45	75.4434691410262	75.4573623235675	75.4543824451872	54.01	54.0129201351236	54.0225643351279	54.0244191720693	38.75	38.7582066319682	38.7400803317065	38.7584957237282	37.93	37.9294177595093	37.923376133371	37.9243110876156	34.68	34.6688152376231	34.6686423653291	34.6747393160426	30.4	30.3933034118931	30.4146032238791	30.3890967968019	35.4	35.4086379052447	35.4068688598687	35.4151862602441	45.01	45.0166250448244	45.0149990793605	45.028222097457	17.8	17.7986289779156	17.7907067256108	17.8050105129698	-0.45	-0.446141271215228	-0.457583417345275	-0.456772046501225	-0.45	-0.45132921628642	-0.452210839848183	-0.450908057339296	-0.45	-0.437553501019054	-0.439720784216164	-0.443546238099566	-2.5	-2.48549577637851	-2.51451957270467	-2.49012608879404	-4.12	-4.11644662380037	-4.12548432056627	-4.12035298003608	-5	-4.99835355419998	-4.99345437800618	-4.99861315996893	0.35	0.363761537708308	0.342060783589	0.338499662594992	7.28	7.26953096472934	7.26479276065036	7.28464341172158	66.65	66.6417957332302	66.6527236090276	66.6602824475616	80.01	79.9950039079229	79.9961786157596	80.0140458009819	85.94	85.9439269793037	85.9416806889392	85.9402274789388	78.15	78.1590642837338	78.1402521507265	78.1584703412718	70.01	69.9976981208174	69.9978515821516	70.0058877436073
2025-10-20	55.12	55.1217628131311	55.1197532414138	55.1287210373228	29.7	29.6953419014188	29.705713116733	29.7118184239069	26.42	26.430683663236	26.4099536211307	26.4319304550585	26.62	26.6240507247472	26.6127435166625	26.6127662762273	26.42	26.4172368030087	26.4128652887198	26.4172437901179	25.3	25.3007442931221	25.2989314965896	25.3031843143542	31.84	31.8464853215495	31.8534035985105	31.8323898350291	54.56	54.5558115182898	54.5613524939893	54.5680022224591	83.39	83.3745190245964	83.3817825777972	83.3842977173864	90.88	90.877451417327	90.8753867243006	90.8904823554086	58.23	58.214634643367	58.2231408925259	58.2249751695277	27.87	27.8568292268502	27.8522900621525	27.8785501097	2.52	2.50938725955438	2.51200308150788	2.53416863827486	3.12	3.12953040327874	3.13313770073942	3.12894323685094	1.72	1.72865749289903	1.70816797950013	1.71488070605086	0	-0.00835848290659215	-0.010394805094978	0.00725186771331442	0.65	0.64247133182626	0.66417333747103	0.64668643719733	1.01	1.0069095257637	1.00010697893649	1.01134117326741	14	13.9849375614067	14.0024509132825	13.9874256838347	56.53	56.5107698024041	56.5338889967227	56.5346612628685	84.67	84.6554039795922	84.681103062084	84.6708474353036	94.17	94.1818972781673	94.1645292933044	94.1845966773106	80.7	80.7121328109403	80.7054563905534	80.7199126509634	57.95	57.955267149358	57.942837233457	57.9503553576413
2025-10-21	45.8	45.7985979144726	45.7896615840383	45.793574658675	30	30.014094669953	30.001650078241	30.0072261162824	19.79	19.7897742576792	19.7854727535241	19.7841855572508	7.96	7.9680098113665	7.94014640011054	7.95814782150029	13	12.9988981449812	13.0120840958098	13.0184373059643	12.75	12.7322944591112	12.7506286335094	12.7738865695462	30.85	30.8518433789528	30.8462133725105	30.8685069542208	57.58	57.569504483859	57.584763792985	57.5686492779597	86.61	86.6130706977597	86.6050922342595	86.6173204860518	96.49	96.4800070965541	96.4952486472089	96.5011562216929	56	56.0024632710204	56.0025171347245	55.986539862112	29.67	29.6727722702681	29.6769602326404	29.6574936747824	-0.45	-0.456009219244754	-0.449654032774423	-0.460450938446384	-3	-2.99294276123499	-2.98461138674399	-3.00621755238371	-3.62	-3.61546881093113	-3.63070773515141	-3.6185916675377	-3.62	-3.61883369143949	-3.6095109829704	-3.62833798079964	-1.99	-1.98869834574987	-1.99795618617753	-1.99665790194373	-1.47	-1.46089441757516	-1.46124958040843	-1.47229353544984	20.07	20.0643015453347	20.0490911584712	20.0669766722814	58.95	58.9543905968579	58.9456446681913	58.9509973722029	94.72	94.7172788424883	94.713426801256	94.725137285054	88.7	88.6890219895893	88.7029961971347	88.7006393549786	86.95	86.9541076766934	86.940171100208	86.9445617465845	60.1	60.0940740184966	60.1043068657865	60.1004185531028
2025-10-22	36.88	36.8828720138556	36.8629550947375	36.8807483447793	28.94	28.9466486583445	28.9510138144521	28.9314276506757	26.89	26.8876047077997	26.8925781589626	26.9152708509868	20.51	20.5013938742637	20.5113671169997	20.5132473893346	16.86	16.853808172064	16.8662447549002	16.848479764078	21.75	21.7420214124115	21.7465480105429	21.7408677567282	26.13	26.1350776470349	26.1198999054753	26.1135433781535	23.79	23.7952960427019	23.8009531397801	23.7776284782473	40	39.9948654053563	40.0079187783133	39.9921491815581	45.59	45.6048009146757	45.5822264761316	45.5852520088148	38.84	38.8457994741786	38.8538845508128	38.8403488138926	3.52	3.51410873168924	3.50800467276635	3.53620928671765	1.72	1.7289408025498	1.72162717769593	1.72116370662415	-0.45	-0.465516234447303	-0.443228067424052	-0.445738106810546	-0.45	-0.44036167535328	-0.443048420219844	-0.456692322605051	-0.45	-0.461540471888943	-0.436166162606898	-0.447992958596196	-0.45	-0.455655009179281	-0.4436190187053	-0.446376221953843	-0.45	-0.456088363963648	-0.448832060245904	-0.441608499679596	7.5	7.50950832423371	7.5151619492032	7.50583331354981	32.83	32.8255236000903	32.8369467295636	32.8253718269799	63.98	63.9844697820699	63.9842805284216	63.9801383948327	48.93	48.9566233644487	48.9468719357857	48.9218439880395	34.21	34.2185797361341	34.212091733186	34.2194780442901	29.58	29.5724286405521	29.5781022192268	29.5700389807335
2025-10-23	14	13.995241262912	13.9951211820438	13.9974182398049	31.1	31.1066358538675	31.0853022442575	31.0864474754972	5.11	5.11725800885282	5.10974217913213	5.11037610391288	0.05	0.0610875905134147	0.0559122212322062	0.0588709988440439	0	0.0121381871399699	-0.0124933519305921	-0.00913795178762743	-0.45	-0.444261457023107	-0.438162975784517	-0.445473804214249	2.27	2.26847706042521	2.27356114756412	2.27927973680509	25	25.014349349925	24.9950744331575	25.0077749969946	30.21	30.1959018298678	30.210501337514	30.2194838675609	34.45	34.4565305102993	34.4456941393221	34.4596452792609	10	10.0005592755578	10.0008776669267	9.99738695218256	0.65	0.648393716170703	0.662441358447998	0.66137958346731	-0.45	-0.45077718786908	-0.445024595474477	-0.454937322980726	-0.45	-0.436096681357293	-0.459657906107418	-0.448066995159832	-0.45	-0.455648251976204	-0.447943588766614	-0.441020719139432	0	0.0213422197667682	0.0104204712318996	0.00832580905353444	-0.45	-0.441082458041674	-0.445632968212779	-0.434696245102445	0.01	0.00789873216690137	0.00573026041454448	0.00688214190212943	20.79	20.8055180463898	20.7943995841224	20.7902959876477	63.14	63.1387833418048	63.1537669288212	63.1468604018668	88.09	88.1063194020513	88.0945978597747	88.1013558306923	100	99.9940455505392	100.013587236266	100.009767287415	94.45	94.4495190057341	94.4456556732329	94.4612273832856	84.82	84.8150210413391	84.8097691486486	84.8078546991918
2025-10-24	95.21	95.2114587480457	95.2031627898397	95.1950949336808	90.47	90.4713431872511	90.4758512406907	90.4738300540876	85.87	85.886220604138	85.8691524453403	85.8932386265317	85.5	85.5120642796957	85.49751534978	85.5012384535435	84.86	84.858477518599	84.8573577459794	84.8366097553928	85.87	85.8810519925651	85.893176080575	85.8654644508194	94.02	94.0244816006337	94.0078965800922	94.0049565313573	111.52	111.516677213017	111.507207184344	111.509509057977	148.93	148.927636757674	148.917072738733	148.94635012318	150.87	150.865593374989	150.874570016742	150.886528185154	90	89.9985910323109	90.0196401127178	89.9961295279013	74.04	74.0429090102738	74.0515314405036	74.0158861195467	48.41	48.4269019125086	48.4087595106624	48.411204624765	38.5	38.5010658449591	38.503047647767	38.5011604949396	16.57	16.5555234700725	16.5794757013438	16.559664121825	11.27	11.2768753480031	11.2808292852844	11.2802419410348	14.59	14.5935069826372	14.5979490845147	14.5821379573908	39.7	39.7044357281608	39.7031734426466	39.6862264615679	81.44	81.4398685993568	81.4323684779637	81.4291308929088	105.5	105.505358188322	105.495359547415	105.494990976275	135.43	135.44659107526	135.425680933697	135.424479461344	132.42	132.412257606822	132.422281834859	132.420093132108	105.5	105.494144902062	105.473012099896	105.492643605183	96.6	96.6168984229716	96.5922455420038	96.6075190040765
2025-10-25	94.72	94.7119913274198	94.7214940219256	94.7206143967056	89.78	89.7672895217975	89.7770652793845	89.7948871950896	86.65	86.6641950616721	86.6641548223774	86.6558414004822	84.36	84.3646934952317	84.3515801617012	84.3609596223894	83.37	83.366674693467	83.3603328663308	83.3711412817793	81.05	81.0312814354697	81.0096647280112	81.0344409551055	81.07	81.069533779028	81.0612346075639	81.0631959373783	90.54	90.536029838822	90.5372608398	90.5574837404518	92.55	92.5672606697703	92.5444888247411	92.5645110745806	88.6	88.6013527372303	88.6122961488465	88.6079420303566	84.47	84.4777387417223	84.4668148892985	84.4841304174057	69.67	69.6785134706091	69.6722776030925	69.6739610889047	43.76	43.7562943078105	43.738670751766	43.7528059868863	30.35	30.3660950490838	30.369809022954	30.3512714855312	6.1	6.08831184569617	6.10057165404288	6.10689604628874	6.68	6.68056452016422	6.66599087505316	6.66727116642618	7.5	7.50056848170042	7.50594830321486	7.50670491401674	22.67	22.6770757469673	22.6763371528198	22.6722782988972	70.23	70.2208689401735	70.2136194056269	70.2221039197822	94.54	94.5510126956554	94.5350496504187	94.5670037637108	101.41	101.419415343846	101.406734091848	101.388690791659	103.25	103.258425633081	103.258702628806	103.237541505726	89.01	89.0005700436282	88.9957524906069	89.0071131615775	92.29	92.3012179552801	92.301013811779	92.2788878244626
2025-10-26	83.6	83.591203455667	83.5794692716051	83.6010917058618	76.54	76.5374918082107	76.5268387237171	76.5365968126571	57.5	57.5160395725308	57.497031233462	57.4971754629823	59.6	59.6115389034397	59.616606850907	59.6082342014368	57.81	57.8315851275832	57.8046180205948	57.8041568878042	57.42	57.4075091520573	57.4253120783873	57.4261918644993	57.68	57.6639419000613	57.6890568671191	57.6789717854141	78.07	78.066204250992	78.0790939764791	78.0781875481988	74.07	74.0777029237261	74.071906789507	74.069991938504	24.4	24.4045860069245	24.3863086283874	24.4045157028925	9.48	9.49451897391529	9.48256907687477	9.47334938044562	-0.01	-0.0078827204341917	0.00331567791022237	-0.0234329056979306	-0.01	-0.0168413143911178	-0.0130585706690707	-0.0102776091244112	-0.02	-0.00286682673786517	-0.0355702674137992	-0.0206617268470303	-0.02	-0.0219598586615338	-0.0332434085362035	-0.00368415394902327	-0.02	-0.0305893242961775	-0.0285770117805366	-0.0196446941292822	0	0.000724132014720682	-0.0177147919707053	0.0241448023111036	18.13	18.1376539135902	18.1191933318051	18.1274184548096	66.66	66.6533445465397	66.6577570038171	66.6697966089359	82.65	82.6574569160906	82.6452634551443	82.6476616687662	85.75	85.7474576032901	85.7385449530214	85.7439881278265	90	89.9955489312163	90.0189937082551	90.0089107001965	85.87	85.8796153686585	85.8660044365919	85.8650809748393	86.2	86.2140661900506	86.1975924190096	86.2034658803565
2025-10-27	83.6	83.595469813687	83.5959495017345	83.613930374728	76.54	76.543858504115	76.5332726248756	76.5438397184758	57.07	57.0807968280726	57.0724076865734	57.0667716103817	59.6	59.5904391908529	59.6116891849713	59.5915884900296	57.81	57.7937263305577	57.8121077211013	57.8066030685392	57.42	57.4174317284399	57.4222695234988	57.414862762475	57.68	57.6909848087035	57.6761748962648	57.6861623142033	78.07	78.06863962427	78.0687666139287	78.0844910804134	74.07	74.0745130564698	74.0639177504715	74.0840013929198	24.4	24.4050189754867	24.3989468402001	24.4031049162588	9.48	9.47389925876498	9.48300658654159	9.46272383475544	-0.01	-0.0219177545054146	-0.00868466216289511	-0.013236152605947	-0.01	-3.45691874536029e-05	-0.016958174382095	-0.0215107847655652	-0.02	-0.0121653051508234	-0.0195277605185173	-0.0218786596554627	-0.02	-0.0222880220015319	-0.0219544391220072	-0.0197219154610354	-0.02	-0.0191723641898991	-0.0117140650369853	-0.011205300385064	0	-0.0209207869448683	-0.000655126532294838	0.0036258606862247	18.13	18.1268011513551	18.1328532105504	18.1313344515772	66.66	66.6574824497743	66.6590483247865	66.6588732893466	82.65	82.654580383695	82.6400677790006	82.6444555228012	85.75	85.7447764697512	85.7432029639426	85.7357494578731	90	90.0102609412143	89.9822967460245	89.9955532046181	85.87	85.8685440902751	85.8829190440285	85.8804390919609	86.2	86.2003136807351	86.1856264490098	86.1962445057272
2025-10-28	103.54	103.53728217085	103.544226794202	103.538351712872	101.01	100.998806570536	101.016138512512	101.003699259571	97.72	97.7002782614997	97.7280782444853	97.7279642152874	99.79	99.7874591239975	99.7881956367882	99.793221895648	98.49	98.5029493373563	98.4975778915842	98.4847368735822	92	91.9979209920044	91.9958592255283	91.9979566973771	104.44	104.448655958006	104.453729327111	104.42574614697	118.61	118.604773684447	118.620881906626	118.621437315821	126.09	126.095331890919	126.09008162431	126.101223058391	109.03	109.034169032326	109.023615835541	109.029614219178	84.5	84.4904381731106	84.5098082003725	84.495410492702	65	65.0059137389035	65.007867709729	64.9975385764734	60	60.0029526502166	60.0266207642925	60.0114014079785	60.51	60.5095725879457	60.5061354701019	60.4805338399013	69.51	69.4872776007563	69.4932686018629	69.5059419341245	73	73.0028245118099	73.0160232403977	72.992202237384	85.62	85.6240431426419	85.6084524154563	85.6252324390927	109.2	109.19506918857	109.196545927599	109.198499983705	128.3	128.315254448955	128.288672033028	128.30551287364	129.52	129.514002252343	129.512000957429	129.526012321589	143.97	143.968780747194	143.9774889843	143.974088746648	148.64	148.650969558583	148.657719816349	148.64411673904	124.18	124.168859901698	124.185727599918	124.186039061452	119.92	119.933192382361	119.904652172082	119.923500984997
2025-10-29	92.25	92.2434949769431	92.2477826566158	92.2449495971922	90.81	90.8180113997085	90.7996403445577	90.8162148759332	86.91	86.9243361148998	86.9105639712588	86.9184432700017	87.97	87.9784556498379	87.9778148546068	87.980184702482	87.4	87.396912955686	87.4122780839506	87.3872369535358	86.86	86.8709586344551	86.851967702306	86.8676112793046	87.45	87.438682201026	87.4630209164256	87.4585218193971	108.44	108.453385682614	108.44463678991	108.427720551151	112.01	112.010813287395	111.992311263537	111.990611593969	106.78	106.756644073093	106.772274852265	106.763289731044	94.9	94.8828608901412	94.9020718057929	94.8988561722905	85.01	85.0024658643654	85.012137348296	84.9968748096623	83.38	83.3797608049622	83.3775129645265	83.3946273829937	82.59	82.5831731947589	82.5996352604534	82.5835105218661	84.54	84.5330873114225	84.5328688923057	84.5313522612263	95	94.9842109643138	95.0002363367307	95.0091607332358	106.07	106.081629993819	106.072677078074	106.066425866898	113.88	113.866748818017	113.881926430539	113.873433957046	136.35	136.365498310023	136.360647673571	136.321779755276	150.99	150.982005597035	150.976907321067	151.004422570772	168.83	168.83209938414	168.834914736296	168.833628116579	166.43	166.446411368888	166.407755677099	166.421859679246	145.2	145.203809019633	145.195631236952	145.214711039883	132.97	132.963643504078	132.956491820942	132.97809832644
2025-10-30	121.04	121.050172175664	121.036101407807	121.035902515647	111.6	111.593549488789	111.594899914413	111.596163182029	99	98.987893432358	98.9799613191406	99.0137532365338	96.63	96.6395929841073	96.6391610331947	96.6151587898849	92.5	92.4993026937572	92.5164409715145	92.5136940842584	89.5	89.4971805589351	89.5075536672087	89.4970286697277	93.3	93.2914655712704	93.2967844620542	93.3082878563002	121.36	121.340547451826	121.359581565933	121.366720033059	123.48	123.478815351641	123.50281756264	123.448181986447	110.73	110.726378332192	110.734351112942	110.736613418978	85.94	85.9308994488164	85.9432671000824	85.941979256207	53.68	53.6664387250569	53.6859532262207	53.6578667206734	16.79	16.800897336559	16.7926276108851	16.7921942371195	17.94	17.9277780090527	17.9420895339347	17.9451139776405	19.05	19.063981389506	19.0547246397723	19.045756183871	22.9	22.8860589135551	22.9080728424164	22.9000255507019	44	43.9966886161359	44.0047886451883	43.9962123566999	85.71	85.6997087146365	85.7117893361399	85.714579250451	101.28	101.283718541257	101.281964150146	101.279210840696	112.22	112.213907872041	112.227146735141	112.227520162825	126.76	126.768172748866	126.768519315095	126.755305699742	123.77	123.772121323488	123.759022165421	123.772267239599	91.86	91.8563112890879	91.8514374808225	91.8533726513841	77.98	77.9774366509411	77.9991672014518	77.9801524925184
2025-10-31	77.8	77.7969042357691	77.8000628385623	77.796898378249	51.75	51.7506582931398	51.744290477693	51.7487442448715	49.88	49.898174194646	49.8762023630851	49.8790801630398	50.94	50.9645890964805	50.9522226072381	50.9239992906527	50.55	50.5343874873818	50.5390052982856	50.5530400650822	50.55	50.5446793405144	50.5448627201065	50.5783657266386	55.33	55.3343819729089	55.3350303482549	55.3332108546939	72.8	72.8040606819956	72.808022192329	72.8013137690305	81.41	81.3935784979549	81.4219979039406	81.432857700451	75.89	75.8840361849171	75.8935059952596	75.9029973610715	64	63.9985634712517	64.0212768400297	63.9993696385605	30.1	30.1050445478622	30.0947136876598	30.096671588144	23	23.0057343574581	22.9913138716337	23.0031543786304	26.62	26.6339086452703	26.6076428701167	26.6140748625571	25	24.9974282161148	24.985078677078	25.0042061190714	26.47	26.4812674644334	26.4788130521011	26.4756359822229	33.81	33.814282106916	33.8234224989879	33.8131725937024	60.26	60.2905419209128	60.2714050409067	60.2507222079525	82.49	82.4968490155404	82.493119259336	82.4809046658884	85.15	85.1472451278351	85.1333546962772	85.1552043599417	89.42	89.4293643934251	89.4044111941116	89.4203059636711	94.32	94.319799923799	94.3149149460795	94.3337994600319	83.2	83.2178426739865	83.1992021826389	83.1997405650222	82.07	82.072016871749	82.0648506143453	82.0643543067707
2025-11-01	81.86	81.8556079441105	81.8679400084971	81.8579545013305	81.86	81.8726943540895	81.8432152791469	81.8626434784554	81.86	81.8624909914289	81.8425546813105	81.8586047019835	81.86	81.8580950737972	81.8608945605513	81.863975637283	81.86	81.8619383351776	81.8426227601761	81.8422929794321	81.86	81.8759162406325	81.8630060934494	81.8686325500287	81.86	81.8553046420297	81.860964569273	81.8641465164928	81.86	81.8520854912068	81.8615530787167	81.8844985392248	81.86	81.8510018758383	81.8569501660079	81.8587419392749	81.86	81.8505968122983	81.8423795881269	81.8629911102743	81.86	81.8698715303713	81.8645776307209	81.8600094949985	81.86	81.8514477851167	81.8551438439909	81.8613585329233	81.86	81.8598690774145	81.8529181020741	81.8630492015507	81.86	81.8709072739274	81.8742314932384	81.8559743933173	81.86	81.8762942807319	81.8783397181773	81.8595732152874	81.86	81.8336630247333	81.8570498954528	81.8428430923759	81.86	81.8636168952434	81.8652045031131	81.8528973236988	81.86	81.8516645146622	81.8585432441857	81.8702553804461	81.86	81.8606887243731	81.860229122732	81.8669633845046	81.86	81.8600835076295	81.8484728781897	81.875186467182	81.86	81.8658288477517	81.862553785308	81.8560617008207	81.86	81.8521689371605	81.8692910339479	81.8629677319475	81.86	81.8683296370702	81.8748472967081	81.8484436956266	81.86	81.8547955733857	81.8549999188942	81.8663578619555
2025-11-02	81.86	81.8746703018526	81.8769516121555	81.8450298591904	67.51	67.5107638307368	67.502174206615	67.499028764388	40.6	40.5895388958446	40.6020081383511	40.6091068390369	23.87	23.8772823673041	23.8758462365965	23.883830850665	21.05	21.0373421604491	21.0516502996749	21.0376448766297	29.58	29.5908542929443	29.5967860326771	29.565884330787	29.99	29.9855820989984	29.9968144586744	29.9850670237313	38.54	38.5334665444985	38.538412922251	38.552981537378	38.3	38.2999694142267	38.309981214058	38.3054192241195	29.5	29.5064988039414	29.4797442394313	29.4930949190632	0.65	0.66174253976215	0.662438598724049	0.660282375164121	0	0.0170896281642877	-0.000242178958461725	0.0105029335766964	-0.5	-0.504257332843326	-0.495580988921871	-0.493338474182174	-3.62	-3.63284994092229	-3.60919853861787	-3.60739614710854	-0.95	-0.956481617007166	-0.953381440296701	-0.943884011966363	-0.5	-0.503346221389292	-0.494964283347298	-0.507565350576382	0.51	0.511245031542489	0.503119448948557	0.498389630295483	14	14.008922590119	14.008591009804	14.0072833530851	73.7	73.6944099516258	73.7109386755415	73.7097937752399	90.24	90.2373434419109	90.2427746682124	90.2577044876136	99	98.9966331295265	99.0142410060964	99.0079020250947	103.5	103.491874018421	103.509011188533	103.498740483399	97.8	97.7915343686138	97.799057977441	97.794649164414	90.93	90.9341515144969	90.9301216377732	90.9376209342542
2025-11-03	92.1	92.0839078919265	92.0965220640235	92.0908818649419	84.56	84.5757203416718	84.5482633179115	84.569068030695	82.16	82.1589163185443	82.1487181705565	82.1634009552528	82.53	82.5122176373778	82.5308591691083	82.5231465146051	82.44	82.4265579975042	82.4590437252574	82.4482812932429	81.5	81.5094021512929	81.4941034850901	81.5053821372999	90.42	90.438717939237	90.4150470243663	90.3893236152322	113.68	113.658073027524	113.679747601169	113.692448984572	143.09	143.093387003826	143.080803845016	143.096259280567	90.3	90.3091675081693	90.3110889123197	90.3131942014621	50	50.0201001321619	50.007701093768	50.0214871855299	31.95	31.9361027850374	31.9650287793622	31.9510410510389	19.01	19.0244725021734	19.0286378915443	19.0160217084266	18.16	18.1626374260266	18.1699163900052	18.1609376860239	16.76	16.7550397308852	16.7638372121434	16.7531906183247	18.99	18.9898812884175	18.9731035845942	18.9754649077842	45	45.0052252159842	44.9902921414616	44.9952852986572	89.8	89.8003119222958	89.8079526213713	89.8061605993877	123.57	123.577719278084	123.577746445365	123.571895904078	143.89	143.88363380416	143.880624226004	143.896388202421	162.05	162.047248180957	162.045320178803	162.049135957587	150.2	150.201217052656	150.192363457199	150.201391976721	110.5	110.491404924184	110.513548819885	110.502102210883	101.03	101.039031314013	101.04024687	101.040292056161
2025-11-04	80.54	80.5520534702465	80.5380760020945	80.5474805759216	75.95	75.9512513829705	75.9553658427814	75.9542710595534	71.2	71.2003743686184	71.1943666841482	71.203544831965	61.05	61.0603449937522	61.0465347871898	61.0365422772787	50.05	50.0499388234358	50.049546713507	50.0574701738524	50	49.9826192075437	49.9794712774483	49.9930503974433	57.51	57.5064437656927	57.5058920092483	57.5152092034932	82.47	82.4526134790645	82.4760761677361	82.4639379450073	84.95	84.9357118500855	84.9720174401951	84.9293566649719	71.2	71.196153608227	71.2037927497694	71.1972290936735	24.37	24.3741558767287	24.3552958840384	24.3720663649984	13.5	13.5033223363699	13.5005066426518	13.4952391840879	8.86	8.84308494776442	8.84825492659226	8.84616913983015	6.52	6.52927101753896	6.5128429911991	6.5233412701085	3.67	3.67527375732292	3.68248294963777	3.66919364460457	9.66	9.65667710483302	9.65865644854704	9.65420812874375	14.3	14.2724071385766	14.2951423987415	14.2836330902936	35.72	35.7136542735332	35.7001599413167	35.7088519539586	86.24	86.2333411412423	86.2505001008196	86.2399748972891	84.33	84.3417193583609	84.3196996652178	84.3317634799772	83.69	83.6959267798147	83.6830810115372	83.6910076007279	85.54	85.5457795944683	85.5340266268459	85.5606306178821	85.01	84.9912140899187	85.0273774606083	85.004762867673	71.2	71.2005532591895	71.1872121540818	71.1982344630393
2025-11-05	25.95	25.9464514887221	25.9552668541323	25.9628781705812	28.06	28.0593470537715	28.0783152126885	28.0701904094994	21.1	21.0990377502886	21.0877683447002	21.087729679922	17.46	17.4545090963073	17.4692730981712	17.468482578065	7	7.00219827503226	7.00612904244369	6.99033761739054	8.57	8.5605657774949	8.57365297078747	8.55493363240235	22.62	22.6056207313374	22.6253452939446	22.6323562405487	30.9	30.8846141200434	30.9006709092902	30.892545245036	46.5	46.5026791416278	46.5115887770215	46.5144424041473	25.95	25.9458384002353	25.9457595397427	25.9663047264777	14.87	14.8716785021385	14.8890755684428	14.8704912831532	4.31	4.32071199977928	4.30515469846915	4.31974766886448	4.39	4.38947378993857	4.38914576122106	4.38992350819376	5	4.9980815924106	4.99866290706517	4.99265556973714	6.29	6.28324480616311	6.28306779270245	6.30040023872885	14.65	14.6565680991429	14.6503132421443	14.64888211477	20	19.9866900513936	20.0037948453217	20.0043576679546	29.2	29.1932331080551	29.216395594869	29.187899148854	46.5	46.4869575558619	46.5071909669338	46.5170598034329	68.5	68.4964448938493	68.5013199295007	68.501949239011	77.3	77.3109134988865	77.3165272728236	77.3000174754093	83.08	83.0748522988327	83.0790636545725	83.089612301456	71.12	71.0988741804769	71.1202534351399	71.1176175472257	46.68	46.6889484162569	46.6927530558936	46.669315235928
2025-11-06	30.43	30.4284575503666	30.4312305729925	30.4463057072439	27.6	27.5979704112139	27.6072451007473	27.604804936861	28.63	28.6385761797469	28.6356061904541	28.6234775796352	23.99	23.9769162838089	24.0070953293584	24.0176226482297	14.6	14.5916644895534	14.6143751514178	14.5993154189252	18.73	18.7383248293707	18.7488705513	18.7338215590166	33.97	33.9678278722903	33.98725483049	33.974064118253	67.76	67.7675516418976	67.7794055532048	67.7528872738816	84.5	84.4884651852635	84.5186374409666	84.4805078687551	54.5	54.4991037197115	54.4918438400666	54.520019836048	14	13.9877973129379	14.0001926067641	14.0197786953888	3.52	3.52886530595095	3.51814036923473	3.52066732101473	3.52	3.51532505555224	3.51318547947768	3.51152658156401	3.52	3.50407180167331	3.51519671886449	3.50757333289959	3.52	3.50204006279144	3.52827267400462	3.51154590164934	3.52	3.51338411016146	3.52151729135922	3.52323149177679	23.4	23.3984232621173	23.3915591309534	23.4011916466003	50.99	50.9922716442682	50.9953076692675	50.98811850591	91.29	91.2924897832796	91.2806803211124	91.2907563395485	102	101.995722416857	102.000681647243	102.000932062047	110.21	110.204979195309	110.20468429425	110.204235203331	93.21	93.2005635278441	93.2084591025347	93.2203519982814	86.61	86.6076984633442	86.6016730452871	86.6040804020732	90.14	90.1391291968589	90.1425297361815	90.1282370479352
2025-11-07	64.55	64.5436864585117	64.5444500807606	64.5497355138108	54.03	54.0282668689873	54.0146218888171	54.0268786098937	59.1	59.1064265100662	59.0993472626218	59.1021487731477	41.5	41.5150051909359	41.4963109456969	41.4939122193425	33.66	33.6506309960637	33.6777955099101	33.6465705229604	38	37.9941132093675	37.9894426589349	38.0167831197651	56.78	56.7793760479162	56.7702143336319	56.7648681187955	68.67	68.642268826369	68.686502163067	68.6674696364004	95.66	95.6471619527761	95.6503101224203	95.6556918454507	85.69	85.6992453905622	85.6934500930156	85.6792572555464	69.02	69.0248627225917	69.0227872774739	69.0254684458082	58.01	58.0023478222408	58.0028996375985	58.0085487828985	55	55.0068368744105	54.9881708294873	54.982933228618	46.62	46.6234021335459	46.6324477738612	46.6233841919986	44.5	44.4888654317391	44.4996683149012	44.510391010509	54.1	54.1202401361874	54.1070925713508	54.0970967460237	64.67	64.6783743128587	64.6896434696413	64.6850009905669	88	88.0293384430382	88.0019307342134	87.999993141529	96.58	96.5959526842737	96.5660188696536	96.5763731702	98.94	98.9400076209953	98.9425773186961	98.9347208452512	89.81	89.8088561197232	89.8164658827754	89.8242863531016	91.92	91.9218007883934	91.932059426452	91.9244586182754	84.58	84.602241013051	84.5787654801135	84.5842105180465	81.22	81.2173968121052	81.2346679440389	81.2221848428781
2025-11-08	80.68	80.6752164655295	80.6839549324759	80.6936192355223	63.67	63.6542114467572	63.6641485782972	63.6764638037298	56.91	56.9070453897183	56.908563413474	56.9049178503435	50.81	50.8165823080273	50.8093534164899	50.7910649622524	42.15	42.1598663996502	42.1552001608103	42.1448054012097	38.06	38.0649998733632	38.0628639928934	38.0820027042512	44.04	44.0412763577914	44.0377064687731	44.0387044829222	55.68	55.6790507054041	55.6763267469915	55.6814811961871	56.22	56.2149014304391	56.2394420802374	56.2218432708754	25.01	25.0253696628234	25.020393735676	25.0135220370589	0.65	0.667333479804992	0.665784008354471	0.654286275692764	0	-0.0228680319232351	0.0132849844311362	0.00555806439911059	0	-0.0147766744852125	-0.00116034440188557	-0.00358786628359209	0	0.00679841486128693	-0.0176099683444853	0.00552110779840908	0	0.00962275295442724	-0.000725356471193217	-0.0014724796243203	0	-0.00293239029185779	0.0107487796380832	0.00458535624995186	0.65	0.662987422327017	0.638434522451112	0.649526546821544	56.22	56.2370384112119	56.2192173514355	56.2125241587709	83.95	83.9401608698173	83.9572541225673	83.9407967833121	88.43	88.4382129165041	88.4240018523311	88.4224004025969	88.55	88.5419389653962	88.5598937248723	88.5430373562688	89.32	89.3439100609724	89.328498312534	89.3237152037574	88.04	88.0269269795192	88.0238345023224	88.0424523826582	84.06	84.0716289396613	84.0664503008409	84.0495012058159
2025-11-09	79.33	79.3278046079655	79.3292806424862	79.3209488821505	69.74	69.736867265607	69.7401334769518	69.7479319673665	62.1	62.0986921326433	62.0932838792992	62.1039548149316	60.1	60.1012031130915	60.0935014822865	60.0886577977839	59.31	59.3065879220824	59.297491492215	59.3114432033179	61.23	61.2208430587527	61.2334897644142	61.2265743377934	59.63	59.6335755110969	59.6394384749065	59.6277714982571	72.11	72.1309743757409	72.1167524280717	72.1032829906107	81.75	81.7508124754572	81.761465260984	81.7376700348488	70.53	70.5356174830686	70.5208697142164	70.5266018256338	14.99	15.0129077453664	14.9942716808213	14.9791714430267	2.65	2.68152302608423	2.65018764008356	2.66197480053062	1.72	1.71044205306695	1.7204031954987	1.73034094080703	4	3.98759814075327	4.0097584540006	3.99805808628428	5	4.99400491368469	5.0148823907084	4.99686828038417	20.26	20.2618717392732	20.2676818764942	20.2669247497878	41.11	41.1158998965042	41.0837197144028	41.1005958783291	73	72.989757194096	73.000669371898	73.0143866812274	88.52	88.5180601637336	88.5211673336005	88.5125495419799	96.93	96.9192596758002	96.9283816467817	96.9298857773828	96.85	96.8662383217232	96.862853200717	96.8582386663206	100	100.021360982731	99.9876332275419	100.001607954571	95	95.0116000198202	95.0018986082406	94.9963178346204	88.32	88.3139989575086	88.3223402204709	88.324830649352
2025-11-10	87.36	87.3491160291377	87.359614040033	87.3559625154315	82.94	82.9335434678215	82.9511627084157	82.9444716546029	66.32	66.3058676798854	66.3274605089731	66.3269324230963	53.2	53.1884848625079	53.1969512617691	53.1962976585614	52.7	52.6957752090788	52.7055717423095	52.7036378606446	56	56.0035920937644	55.9983772380932	56.0137740798871	83.64	83.62620117725	83.6425910184979	83.6309463176647	91.91	91.9078900062583	91.9208461006376	91.899840693378	103.84	103.833331482322	103.856626451816	103.846669622029	86.84	86.8419059979763	86.8487045895955	86.830612819041	49.36	49.3540825266692	49.3701375534855	49.3723727615155	32.12	32.1272077774048	32.1124697981537	32.1040496464338	36.47	36.4726093892249	36.4744548953605	36.474518681994	34.03	34.0474520123537	34.0325308871561	34.0225199370495	24.32	24.3236880150588	24.3147460234851	24.3125881263383	36.24	36.2336601361496	36.2267348457668	36.2602396531907	43.58	43.5879184215565	43.5804458023945	43.5799539951196	77.69	77.6832602906998	77.7056238248151	77.6929147715978	115.56	115.560323274647	115.554133674976	115.551973114911	130.95	130.959334526354	130.938953827159	130.957326005834	133.88	133.897058602986	133.884224417668	133.901369114312	136.58	136.593538036027	136.592131914666	136.587004296943	103.28	103.295995082689	103.277284130829	103.27324386284	87.13	87.13344512075	87.1231482768828	87.1166241142622
2025-11-11	89.04	89.053102726122	89.0449748161143	89.0230967221553	82.86	82.851951224375	82.8522883923076	82.8569424623411	84.26	84.2599267989189	84.2536777871886	84.2650281708207	83.93	83.9375675561105	83.9045071764781	83.9313415977009	81.85	81.8520609658699	81.8501219888639	81.8531507467942	80.49	80.4890382232269	80.4687926263156	80.4999842863774	82.28	82.280640581151	82.2805995659199	82.2775889489853	88	87.9819009298405	88.014661795319	87.994466345091	90.75	90.7590901649717	90.7524593596834	90.7616241011306	82.35	82.3329113918258	82.3653555356646	82.3642251501905	26.68	26.6843324395428	26.6891889395236	26.6776343969975	12.64	12.6381676421387	12.6599989296722	12.6319733148213	11.82	11.8237800455758	11.8070523535532	11.8061625815391	11	10.9974215688698	10.9864703448086	11.0015463141763	2.99	2.99577877985875	2.98601187558236	2.99040635450929	11	10.9865607425752	10.9984158091436	10.9992535306732	16.78	16.7723447647957	16.7813480786481	16.7868163266341	67.26	67.255247897921	67.2576896870261	67.253495594722	91.11	91.1045871387088	91.1098661567215	91.1024684232912	92.54	92.5394850708214	92.5423664830715	92.5330638185803	95.25	95.2566929559463	95.2514428690426	95.2557799271346	98.59	98.5832094234181	98.5776341702544	98.6210293101915	89.84	89.8162295894897	89.8339168621554	89.8523595504516	86.29	86.2963466316219	86.2886803623782	86.2971310486726
2025-11-12	50	49.992474356798	49.9907294079917	50.0071877944754	30.93	30.92759919973	30.9370778704437	30.9307428720471	23.65	23.671156129085	23.6206934369827	23.6580416763844	24.54	24.5480693867967	24.5352852896468	24.519159174256	10.9	10.8770663908348	10.9058158640575	10.9092972331137	14.5	14.5100555008985	14.5092716839198	14.5042461817576	30.99	30.999286864321	30.9921859043254	30.9981636649644	52.5	52.4987122884051	52.5094867548572	52.5065960014347	60.83	60.8247164832702	60.8398645686918	60.817991263763	28.83	28.8250785484252	28.8258076477554	28.8287649088413	4.31	4.31105416151576	4.32021043733169	4.29979363590577	0	0.0163673435749178	0.0195288657639561	0.00873915167855518	1.72	1.71577274029335	1.7261184702202	1.72815442705879	1	0.991796608965939	0.994607035511743	0.998875524317181	0.65	0.660505677483969	0.642967796543606	0.636133432551701	2.91	2.90928785582347	2.91654342599756	2.91431028155325	7.28	7.2968623086478	7.28849044243941	7.28476603570889	36.42	36.4258762374775	36.4245558981448	36.407828402495	58.68	58.6814046356881	58.6725183048258	58.6670142853964	71.03	71.0290566693584	71.0359378454565	71.0475807964102	76.51	76.5088392001327	76.5027095815111	76.5109504322054	78.68	78.6706109280666	78.6743371465211	78.6931176560553	60	60.0245128275855	59.9862548835799	59.9977307486552	47.51	47.5218463349318	47.5144352987478	47.5315161785279
2025-11-13	31.65	31.6505765621946	31.6324110161086	31.646710130489	25	25.0149910122425	24.9958107685042	24.9918075661645	17.81	17.8178937658098	17.8123227193244	17.7934343687345	14.6	14.6024203974413	14.5935028362925	14.6010150405797	14	14.0016167724186	13.9892878476513	14.0008834879755	14.6	14.5959176639853	14.6053841388064	14.6115501938187	19.1	19.101131302111	19.1018041799978	19.0925584998709	41.28	41.2788516323547	41.2885890508468	41.2862185326544	54.24	54.2371023569448	54.2390146340257	54.2439449180612	47.5	47.5235231235912	47.5012330131001	47.5033349881518	35.1	35.1042393202255	35.1111661951511	35.1026169805937	22.6	22.5874523346836	22.6075089990484	22.6050045975782	22.43	22.4422858056362	22.4343981044746	22.4182769752048	22.17	22.1763645232683	22.1830128435236	22.177684985224	22	21.9851062128979	21.99130469868	21.9975127658611	25.25	25.2610523648735	25.2286439855803	25.2509676162424	36.75	36.7538255658367	36.7459846406247	36.7531638594276	41.52	41.5233394437106	41.5256431953244	41.5038450871578	48.67	48.674663005315	48.6719897107534	48.6665469733061	60	59.9987297521219	59.9948721959255	59.9962325253549	52.9	52.9121423595992	52.9178820618809	52.8896483600561	46.78	46.7954767938524	46.7888319636363	46.7608859195261	40.8	40.7989358667072	40.7953861798261	40.7979699259005	31.08	31.0853751588879	31.0833002034046	31.0779208993916
2025-11-14	31.65	31.6483233570715	31.6510671497925	31.6482279055991	25	25.0001417002591	24.9968651281766	25.0032102993741	17.81	17.8167421888608	17.8082185633657	17.8002198496983	14.6	14.5886033279098	14.6095115456673	14.5971949411917	14	13.9825710598891	13.9796743757076	14.0015310902882	14.6	14.6095733762719	14.6085224920388	14.6056823725436	19.1	19.0983889909675	19.0985519763857	19.0840987473431	41.28	41.2849896982734	41.2904232172375	41.2686143567325	54.24	54.2309621462213	54.2335165649747	54.2299538363895	47.5	47.4966055892322	47.5069970379118	47.4880233841954	35.1	35.1016702319048	35.088893799276	35.111245309601	22.6	22.5836613561464	22.5930818354009	22.6180974143465	22.43	22.4447736034832	22.4297017373837	22.4235762978503	22.17	22.172029142717	22.1729942355526	22.1524431627389	22	22.006722896808	21.9990166103224	21.9914793408063	25.25	25.2279879165871	25.2468481640757	25.2660160757879	36.75	36.7506830003867	36.7742553566254	36.7478755241496	41.52	41.4975304463614	41.5182932379908	41.5129264548292	48.67	48.6748108273178	48.6694958067916	48.6728612551617	60	60.004260619357	60.0030269339825	60.0036621238792	52.9	52.9060444000695	52.8957914796616	52.9020414289378	46.78	46.7738250261729	46.7816018428159	46.7816029134739	40.8	40.8087764819062	40.8092968919861	40.7972506450141	31.08	31.0763543600742	31.0884508005199	31.0652055448737
2025-11-15	15.33	15.2936262181668	15.3367424982595	15.330014199567	15.33	15.3309035239468	15.3415379703168	15.3269647799003	18.72	18.7047050423106	18.7173073088979	18.7117523549896	15.3	15.3079990852555	15.3110963211904	15.2936380110908	11.19	11.1957811996769	11.1937838184734	11.1909941036792	13.95	13.9413301027851	13.9476254644858	13.9755066178328	17.4	17.4031460036442	17.3848510685984	17.3999298739442	18.9	18.9028793001721	18.9081564334233	18.9136401375534	30	30.0059284544566	30.0073104684693	29.9984491394705	33.01	33.0086165801755	33.0020678061136	32.993751070217	29.7	29.7055469443191	29.7017400966231	29.7032650339619	18.35	18.3591788014315	18.3480818113196	18.35185087128	21.1	21.0968672361608	21.0880191917308	21.1238140822922	22.9	22.9207424479084	22.9157609782209	22.89690300246	25	25.0287770695691	24.9970393920917	25.018983632456	30	30.0031302477568	29.9973806813217	29.9857048463279	35.02	35.0210452242928	34.9966575431716	35.0317012566273	46	46.0003954146533	45.9743956275175	46.0077214382131	60	60.0104643220881	60.0150819490063	59.9832022231866	68.37	68.3702131544463	68.3835616493711	68.3482915165646	59.02	59.0096003492271	59.0003425916426	59.0162136333675	58.32	58.333394097805	58.3192560852985	58.3205935216629	54.74	54.7471714071922	54.7500075584048	54.7368455569385	53.49	53.4962115454886	53.5037928530401	53.4893846991427
2025-11-16	42.5	42.4983499049484	42.4967984390698	42.501490901317	28.12	28.117633998889	28.1310864302963	28.1156047123288	21.69	21.6813111950639	21.6863817467712	21.6938077837987	18	17.9887937973205	18.0012519501459	17.9954698484016	11.8	11.8122104157607	11.7878218636481	11.7803652047624	16.78	16.7873496608782	16.7958440640987	16.7868184474039	4.2	4.18623616693307	4.21085706040462	4.21654834103831	14.09	14.0794296171124	14.0943997815598	14.1034821491985	18.82	18.8229025889692	18.8165387055127	18.8201588716978	22.91	22.8978851489024	22.8878626080337	22.9002509829831	3.52	3.52108400557073	3.52249248264129	3.51118951798564	0.66	0.656413308167028	0.671661940507512	0.660551916742901	0	-0.0286681948676872	0.00513565902253537	-0.00217727628438468	0	0.00811164727166753	0.00723009783161262	-0.0158021513673987	0.1	0.0866884365348412	0.107232693627838	0.0993540778964157	3.52	3.52249027465026	3.54653990376796	3.52418760365449	12.15	12.1571036551689	12.1515933550215	12.1342438339147	43.56	43.5603101973996	43.5514456524506	43.5527676195405	71	70.9991916347775	70.9864555237873	70.9914393239159	80.8	80.7884532629416	80.8063756935335	80.7782584324531	82.15	82.1616899191667	82.1343927077559	82.1420396389644	84.31	84.3117035131807	84.2946787221479	84.2994629437155	80.05	80.0627731455922	80.0458240430868	80.0495997923447	76.41	76.428817620883	76.4159395028328	76.3985200744299
2025-11-17	79.83	79.8098158064291	79.8076063468682	79.8353301338216	67.17	67.1720596787188	67.1669360050067	67.1786101665248	67.14	67.1571919567827	67.1419642728458	67.1307098713786	64.95	64.9524442140953	64.96172293986	64.9580457197288	64.86	64.8658750064577	64.8566533634718	64.8610957589926	65.19	65.1923806276856	65.1744557829294	65.1900793212078	69.95	69.9433381441314	69.9372502531282	69.9469717896362	86.23	86.2364389082477	86.2151946086736	86.2418506165084	138.49	138.49504456388	138.484091902167	138.503926053167	85.71	85.7057012645033	85.7197546144547	85.702000238048	80.42	80.4092535908011	80.409444152536	80.4157551274518	63.4	63.4071843985827	63.3943870025864	63.3925693864376	55.49	55.4921016322834	55.4848081185175	55.4892015925017	44.41	44.4169187617204	44.4060493335971	44.3971973723426	35	35.0026690618873	35.0134931659508	35.000423328269	39.87	39.8666349488965	39.8722981814281	39.8374835280806	46	46.0047096953328	46.0057156162781	45.9937284916589	82.37	82.3645830925216	82.36749884452	82.3747386060403	101.5	101.510648295837	101.514399754898	101.502313155791	109.49	109.491267338183	109.489199405391	109.486361315828	102.94	102.955113974666	102.950599941081	102.944025045403	86.7	86.708523920401	86.7027112452838	86.710991498839	88.72	88.7172242677552	88.7310727337687	88.7298488050746	86	86.0130689054636	86.0078840699297	86.0222256823607
2025-11-18	90.07	90.0792241303853	90.0596649538031	90.0951394861585	86	86.0022078097838	85.9970319597436	85.999002422471	79.03	79.0317047242541	79.0289407876083	79.0239554441676	78.56	78.5543106628345	78.5645771590311	78.5654704661839	76.96	76.9576400918224	76.9616506963134	76.9463172601928	77	77.0021342781365	77.0124139022881	76.9793823039359	84.3	84.3102610714031	84.3004130035083	84.2977428597843	89.74	89.7436998345397	89.7463947950764	89.7226184513499	108.98	108.983483463526	108.983671963624	108.998154965491	91.08	91.0809359009285	91.0716725549996	91.1022390332232	60.82	60.8125213981928	60.8337125932784	60.8149870798219	20.05	20.0480531228413	20.0389421046726	20.0361227539433	14	13.9962205170916	13.9983195348917	13.9924519288284	25.25	25.2476716240552	25.2536176192899	25.2434846654459	27.8	27.8013344039084	27.7938740049089	27.7942530932383	40.97	40.9694515900345	40.9495447483474	40.9727692520306	61.03	61.0289481332685	61.0160399798306	61.0418328048705	88.7	88.6947597744409	88.6956629885673	88.6878700726244	120.63	120.628833905805	120.619011934799	120.635439030887	131.92	131.892891173885	131.910725572325	131.926491240632	127	127.006505895183	126.996765120502	126.998523911698	142.5	142.498339097335	142.502243699693	142.487874590721	118.75	118.754991490476	118.752822792877	118.735946759984	105.28	105.265594999048	105.270414245245	105.287529626601
2025-11-19	97.26	97.2636447512622	97.2590271428416	97.2633631212544	92.56	92.5548490447899	92.5407056771983	92.5718734824461	89.45	89.4647640794153	89.4541076200939	89.4446488207463	89.13	89.1266667864396	89.1401200294363	89.1226267722329	89.26	89.2562176628473	89.2588392452921	89.2636677737876	88.7	88.7031416016409	88.7070513479556	88.7036212955234	101.05	101.051777458505	101.057829595183	101.057706674866	101.99	101.983279832087	101.989489060098	101.994823532688	125.74	125.723471201012	125.74262324286	125.758542464221	102.18	102.173661654605	102.177260393837	102.179330492702	92.67	92.6841706468511	92.6740998770529	92.6769982712084	81.43	81.4421737748974	81.4488726314555	81.4314894658667	80.56	80.5468571983742	80.5563162716163	80.5325099327571	76.6	76.5944532241013	76.601567527626	76.5971772122552	76.6	76.586141920853	76.6056281714913	76.6104099882337	73.25	73.2706003925594	73.2596618570882	73.2446096640047	75.94	75.9386530931938	75.9462105367336	75.9271909321077	96.7	96.6903783200656	96.6918256747931	96.6988774264952	112.34	112.344149219421	112.313429015025	112.331217461237	114.11	114.112122424331	114.114198880525	114.114010551195	121.86	121.868882901932	121.850465557317	121.866687490478	117.35	117.344310121422	117.346496870601	117.349656235122	103.76	103.738926516696	103.770541291378	103.753265042623	97.25	97.2722208372294	97.2498518939061	97.2403615956457
2025-11-20	88	88.0001341337677	88.0035091343269	88.0128301029963	78.36	78.3857082675767	78.3653717519231	78.3645265516141	76.22	76.2173918741411	76.2294926978573	76.2158975061407	73.36	73.3739063247395	73.3562649885351	73.3529756406007	70	70.0044429486541	70.0171061545623	70.0024364213991	80.28	80.284602024036	80.2639545096864	80.2782173229683	85.51	85.5091916494115	85.5207412059096	85.5036842951632	95.32	95.3047728513134	95.3293339249734	95.3178070171048	118.49	118.492495383119	118.491032904702	118.496796045112	93	93.0017162542844	92.9985410005746	93.0093058884198	78.91	78.9025731982632	78.9053020084711	78.9110086699472	64.5	64.4886462672742	64.524445417987	64.4956567806001	56.79	56.7979499280087	56.801358289026	56.7945060495232	49.86	49.8516004180195	49.8465929440695	49.8440562347066	38.48	38.4676662774134	38.492887163528	38.4859954924457	33.33	33.3441696991841	33.3264555237819	33.3236471298407	59.5	59.5049762293395	59.5041885986397	59.519632421282	87.51	87.5081938349462	87.5078342758519	87.5129707159115	99.67	99.6526482792252	99.6680598890455	99.6846650801748	111.59	111.590653600312	111.593881680828	111.618418852446	118.01	118.010831622104	118.012822637994	117.999459122861	99.64	99.6499309074357	99.6223051004421	99.6466848889217	97.8	97.803205342412	97.8048441171148	97.7872349764256	95.01	95.0082706037008	95.0089991861852	95.0142279454779
2025-11-21	86.78	86.7890229706322	86.7880025551785	86.7859337094694	68.25	68.2615563173996	68.2488344045511	68.2445608389257	67.22	67.2393862069278	67.2129396098354	67.2259425980424	58.89	58.8697645822493	58.8729874594642	58.9048748753737	58.31	58.3162555526947	58.3218935844348	58.3126466717704	48.2	48.1894004312934	48.190526748274	48.200023959746	58.68	58.6839444701439	58.6824391694873	58.6719345877164	68.02	68.0160375257517	68.0191233712133	68.0254327844396	83.15	83.1588641330368	83.124981066789	83.1522304702412	68.64	68.6263243746507	68.6373791826098	68.6549025598023	13.75	13.7263062343612	13.7377112168017	13.7245807096449	3.52	3.51818060665553	3.53027650498424	3.52068979161048	0.99	0.996819510527295	0.994577737953239	0.981049269536477	0.5	0.509953733713923	0.494931091343297	0.495305912451886	0.76	0.746506649897518	0.752983445171556	0.768487249210849	5.11	5.10583857267608	5.12855200939832	5.12846457045922	14	14.004588393311	14.0088363239316	13.9992839784813	60	60.0084561286715	60.0004721752589	59.9982880365093	93	92.9975077984939	93.013211750455	92.994612477833	112.97	112.979651567634	112.970424473009	112.963594508877	147.18	147.180642312918	147.210280234242	147.16971687149	97.14	97.1386731449632	97.1179270569747	97.1293953872708	94.24	94.2316644470548	94.2391287856916	94.2247913627539	89.63	89.6431782446252	89.6265625235644	89.6193418977622
2025-11-22	87.99	87.9902379344198	87.9924074963662	88.0049191504156	82.49	82.4946549951559	82.489117282818	82.4832884543227	81.65	81.6654627991804	81.6670130460591	81.6478122072836	74.2	74.1999360323188	74.1902990961574	74.2119552421332	67.42	67.4197510125568	67.3990145864057	67.4292046522995	67.42	67.4072443755725	67.4132539788759	67.4219110269305	70.8	70.7969603710207	70.8085911147739	70.8134412221997	79.49	79.506153585661	79.5050543345772	79.4909663075327	82.45	82.4557211490174	82.4498403840525	82.4420275018262	63.47	63.4730311853302	63.467670365003	63.4839168345372	7.49	7.49532334838666	7.48633519453018	7.49300442861026	1.72	1.73142074493336	1.73237300988604	1.72112929258508	0.65	0.645851824400902	0.658580251564684	0.643952427092911	1.72	1.73475093109608	1.71055332377962	1.71827946918737	3.52	3.51423300320818	3.51150008465562	3.52716255115128	3.52	3.49737121010446	3.51509271194118	3.52715755174625	22	21.9948030587608	21.9947131058867	22.0142183771244	79.45	79.4719411054396	79.4537308783069	79.4532052953584	85.58	85.5657928197253	85.5683347631233	85.5732841526317	87.02	87.0313298728976	87.0113813352516	87.0178357382741	84.22	84.2278800032254	84.2108561375169	84.2103628103863	88.19	88.1788381490022	88.1849901906879	88.1979357603175	90.11	90.1000082697533	90.1150527115085	90.0874386290027	86.94	86.9356920216309	86.9475345976314	86.9282796930697
2025-11-23	81.8	81.8074599914298	81.8053343309572	81.7965715209375	71.8	71.7920881070675	71.7973004229724	71.7976665622315	49.2	49.2063329744836	49.203587397661	49.2063380923187	46.95	46.9523665077677	46.9518250634863	46.9469947244385	34.5	34.4853892438508	34.5039810529694	34.517633032492	42.05	42.0464146918918	42.0511619840844	42.0452601920905	44	43.9956125872933	44.0088332797592	43.9931439501834	60.66	60.641977869827	60.6453696857809	60.666160475603	62.69	62.6906034024642	62.69126067255	62.6987518757283	32.6	32.6061248936785	32.6008449632469	32.5896311633624	2.83	2.83640553102673	2.83721337771016	2.83773275866697	0.09	0.0754793067291808	0.078524173587711	0.0920934434719368	0	0.00802167968507593	-0.00655904615159945	0.00299659063445651	0	0.0049627274878211	0.00427221292187537	-0.0257158008248923	0	-0.0123748564651299	0.000224497410758633	-0.0139747737051899	0	0.0022337387494074	0.00078013309949519	-0.00934419170787499	1.72	1.73043882555501	1.72151545616048	1.71574529414359	43.76	43.7495024958841	43.7493755745177	43.7673450119931	67.42	67.4296504526768	67.4158487937333	67.4123292372999	76	76.0153749507789	76.0096805938227	75.9851413635072	77.14	77.1373515424321	77.138669099491	77.1484225028601	81.93	81.9190555093005	81.9202970613153	81.9353204360313	73.32	73.3365573575218	73.3334033211346	73.3115401450947	60.1	60.1065748157715	60.0902351371313	60.1182630434086
2025-11-24	32.75	32.7516133803671	32.7590014418031	32.7658802807713	18.08	18.0660123966208	18.0899381436926	18.0747794591024	7.33	7.32444695207098	7.34148508003174	7.33800586829165	3.52	3.53141154040242	3.52396450577143	3.52997188348774	3.52	3.52003127517916	3.51849509681395	3.5206238107127	3.52	3.52283922597924	3.52379157150411	3.52970610207656	5.96	5.96067345552621	5.97400587594233	5.98433414751117	40.7	40.6923800018529	40.7000915905346	40.7041387674573	58.27	58.2591471978868	58.2632423752453	58.2580787652867	48.22	48.2174783444985	48.2052921923428	48.2279465571525	42.82	42.8085949653948	42.8052758170902	42.8185012500011	30.57	30.5827744651322	30.5688095290325	30.573373763217	28.44	28.4239938071443	28.440884433566	28.4314898637611	30.57	30.5628823432855	30.565969153462	30.57305693789	32.75	32.743749018166	32.7439842802123	32.733840693142	36.74	36.7334321927222	36.7344965583468	36.7423807351636	39	38.9906882921931	38.9959434929033	39.0014697376761	47.55	47.5604229146401	47.5542833396071	47.5610027897808	79.23	79.2171391986326	79.2282649567663	79.2430946341812	75.1	75.0834512557264	75.0881646744749	75.0690410626886	79.8	79.8077665535193	79.798298179405	79.8053666315745	82.94	82.9432900490047	82.9383271855877	82.9550257274817	73.6	73.6106929800279	73.6037853249354	73.6013208465632	72.34	72.3426748033445	72.3537360971158	72.3284871584875
2025-11-25	32.75	32.7630628894781	32.7464627390078	32.7457466733681	18.08	18.0731940999498	18.0690141413103	18.0784241303263	7.33	7.33023153360103	7.33428964674744	7.32341826386753	3.52	3.52086109587009	3.51339351403004	3.52153194418594	3.52	3.50084896493873	3.5124612349235	3.52442860459297	3.52	3.52016669532772	3.51636665783962	3.51015834405364	5.96	5.96027756750034	5.94091872405346	5.94834399977861	40.7	40.6831906860007	40.6897832873702	40.7038949836021	58.27	58.2672568519766	58.2596133772898	58.2438783454891	48.22	48.2240795277742	48.2197455192766	48.224196810544	42.82	42.8358636441528	42.8259146750361	42.8162250041378	30.57	30.5648108125156	30.5618400484173	30.5703390148651	28.44	28.4330326881655	28.4433348305375	28.4531027987491	30.57	30.5790324334356	30.5709909137092	30.5611145489133	32.75	32.7509212428231	32.7644544991979	32.7653499413959	36.74	36.7198800444034	36.7297791920513	36.7476272636888	39	38.9841106513567	38.9813883376016	38.9945555056474	47.55	47.5524449013229	47.550895283328	47.538377435561	79.23	79.2386266245407	79.2235788814324	79.2263837837813	75.1	75.0981212137915	75.0962916236181	75.1053001482018	79.8	79.7937240118419	79.7892616173854	79.8041317794291	82.94	82.9526883317919	82.9291619710721	82.9285982234147	73.6	73.5909340641068	73.6055357911688	73.6001535369532	72.34	72.3539120209986	72.3308196256647	72.33818149844
2025-11-26	85.18	85.1844108119498	85.1964285754759	85.1922635913795	80.8	80.7906896667215	80.800123620679	80.8051857293644	69.77	69.7713823130231	69.7512120138568	69.7635288687883	69.09	69.1073809610452	69.0743903510841	69.1021275263636	80.73	80.7253468152828	80.7289268755882	80.7272622009637	74.46	74.4556998795336	74.4442120648454	74.4637593303947	71.83	71.8192275863771	71.8162397063841	71.8157844200521	85.34	85.3457819828741	85.3371485662369	85.3407223053664	92.67	92.6550070945838	92.6826460518908	92.6668345382202	86.7	86.6958576096449	86.6949157065139	86.7131844494085	55.67	55.6639900767301	55.6499906270996	55.6866473126895	18.49	18.4900394900667	18.4752589812695	18.4779691266824	14	14.0203009363644	14.0078723252439	14.0027847425168	13.62	13.6218396241134	13.6083295643258	13.6344595188356	14	13.9870951509812	13.994763226855	13.9962353665874	14	14.0133722997252	14.001801656155	14.0070531496809	45.21	45.2177230988908	45.2129386689224	45.2109020538205	84.94	84.9288204763183	84.9370698886815	84.9365999642245	96.49	96.5025807792932	96.5032294919341	96.5041279274825	117.04	117.037503282838	117.040431026218	117.044449420033	133.99	134.000936347107	133.997273482692	133.97518854188	96.49	96.4871866949532	96.4917017338676	96.4849253832809	86.01	85.9974522729573	86.0116468392858	85.9947016029963	94	93.9950104444885	93.9850721825389	94.0166047945784
2025-11-27	83.43	83.4454678956214	83.4088865377352	83.4244953726002	84	84.0040933655211	83.9888867611355	83.9997381036324	79.16	79.1729084833678	79.158494039067	79.1752648856697	72.08	72.0970050780602	72.0881530413497	72.0405916638355	62.5	62.4840835948131	62.5155782759613	62.5015323730039	55.87	55.8554957215051	55.8629650949245	55.8680362043491	62.32	62.3053206021481	62.3190907858114	62.3138795291705	83.28	83.2836113960224	83.2912546977689	83.2761178249793	89.47	89.4663774104259	89.4712485280749	89.477719897888	91.52	91.5178183835107	91.5143764746047	91.5145516201313	68.3	68.3158247755759	68.3167461237858	68.3128212095028	48.42	48.4354183128504	48.4110779918675	48.4208382071326	46.3	46.2848431003815	46.3004377618073	46.2923747834887	51.3	51.3057961433858	51.3029537820897	51.3009857048326	52.45	52.4472745499974	52.444419819248	52.444991373876	54	54.000952836417	54.0115177478696	53.992781314905	61	60.9880736969338	61.0078380326187	60.9953691547531	81	81.0150602483168	80.9976337783815	80.9991715351118	95.39	95.376987706847	95.377870726037	95.3955127077977	91.89	91.9018363415294	91.8723900357785	91.8995752401871	112.01	112.015178775052	112.020562932409	111.9969278987	149.91	149.910663496948	149.907076261361	149.919543529655	101.53	101.542710641742	101.520923055156	101.523278804663	83.83	83.8218716444496	83.8318332402435	83.8069249935715
2025-11-28	88.61	88.612223454984	88.6184287487396	88.6267820282445	85.2	85.2220765516042	85.2111158867929	85.1955528900513	86.95	86.9499444618133	86.9584013751263	86.9643527992551	86	86.0052272117266	85.9891402943027	86.011858489441	85.9	85.9066158057147	85.9004483696372	85.9031964645725	86	86.0169286716598	86.0000809415157	85.9987937564261	86	86.0135242713604	85.9920160447303	85.9982145600013	93.02	93.0216750986589	93.039956396815	93.0154335081128	121.3	121.295063691799	121.301492035286	121.306899928495	97.7	97.6990282056953	97.7130904151577	97.7124587863365	86	86.0067996934466	85.9957054233006	86.0185382095989	75.68	75.6752181391704	75.6781197082031	75.6882226950221	76.42	76.4092663849978	76.4119499521743	76.4139006164627	73	72.9766420609777	73.0031195878109	72.9887957921901	64.22	64.2282057835508	64.2342989156395	64.2283180642674	66.02	66.0100656173713	66.025858228633	66.0115051926878	66.72	66.7139703222213	66.7327485746418	66.7290923846139	84.45	84.4547143022921	84.4546630536712	84.445254720618	106	106.014919058181	105.9934084155	105.992031003923	115.37	115.378524966851	115.373143568977	115.364670077872	131.85	131.847647225046	131.868089929282	131.84574442952	125.14	125.125905297903	125.138239408884	125.150298610815	99.46	99.4418068709995	99.4561443244078	99.4644517941417	95.17	95.1656229553329	95.1743814554372	95.189235698319
2025-11-29	94.29	94.2761448828626	94.2763886518044	94.2976269691106	87.42	87.4303704993691	87.4206428915034	87.4300211054057	87.05	87.0359005111005	87.0588228850194	87.0449049146943	85.75	85.7600826008047	85.7609755456716	85.7483402865359	80.2	80.1898458285835	80.1894223313401	80.1919355045197	79.11	79.1058633501771	79.1151563179844	79.1165577185173	81.11	81.1039669646247	81.1159449459278	81.0969215478791	85.46	85.4643218680769	85.458614403017	85.4576338612436	95	94.9892582218593	94.9854332657848	94.9875993123548	88.27	88.2595577911458	88.2817229800307	88.2749199780107	76.01	76.0072775732257	76.0075451138578	75.9873852885389	57.99	57.9943604845757	57.9896535581465	57.9959018672393	59.5	59.4917161272072	59.4972871794228	59.5078810621629	46.2	46.2048823240289	46.2307551338062	46.1973011651791	44.2	44.190522458096	44.210611023789	44.2056164001259	51.23	51.2134179423394	51.236225106774	51.2232586833247	66.72	66.7211105236365	66.7217572190339	66.7263389798676	85.6	85.5938440032228	85.599042903635	85.5973088339446	93.82	93.8032078889615	93.8065475666016	93.811458829432	93.95	93.9427634873762	93.943396310586	93.9564510729264	90.84	90.8350171191876	90.8494338035477	90.8483500618118	102.2	102.179307615461	102.21012077196	102.192737127749	96.07	96.0642752391391	96.0762273913269	96.0630312784506	91.85	91.8629466736772	91.835748959327	91.8519821249595
2025-11-30	94.29	94.2814619030182	94.2857233018884	94.277381181991	87.42	87.4112661474691	87.4106934446022	87.416644438973	87.05	87.0502879863706	87.0502018241979	87.0784750006794	85.75	85.7529743841601	85.74274059397	85.7410513144384	80.2	80.2066160549827	80.1925036179258	80.1966876587277	79.11	79.1158074062135	79.0953054683737	79.1152027013366	81.11	81.1314706016058	81.1135059116198	81.1001467146351	85.46	85.4575543188607	85.4559728723786	85.4501373921451	95	95.0083120274563	95.008746278218	94.9751120186319	88.27	88.2566944086957	88.2660224913148	88.2731554624284	76.01	76.0121086542669	76.005496851736	75.9966353592958	57.99	57.9969724584108	57.9781038302796	57.9889933427706	59.5	59.4942435534515	59.5080181170316	59.486471498097	46.2	46.2128994297129	46.1909676583266	46.2092668395751	44.2	44.2025463246813	44.2037763508744	44.1885993669127	51.23	51.219327814651	51.2209770187635	51.2156460439452	66.72	66.7185003519274	66.7201154379736	66.7266511277041	85.6	85.5981923450666	85.5905984127622	85.5948549327333	93.82	93.8214272897618	93.8157826958902	93.8285173517699	93.95	93.9586338357678	93.968329584151	93.9608888055414	90.84	90.8447678588645	90.82139601254	90.8514051698467	102.2	102.199630561267	102.186566045078	102.205090636667	96.07	96.0654573738962	96.0908428231587	96.0757102404393	91.85	91.8429059565895	91.8406096432297	91.845632827649
2025-12-01	82.93	82.9384020595559	82.9252853412575	82.9383143797823	79.6	79.6036656492361	79.5982898549082	79.6082028182024	78.6	78.5729662696187	78.5926600566126	78.5842392357238	73.83	73.8212256437039	73.8172756468462	73.8409233330162	79	79.0052902207121	78.9893770161232	78.9992755531865	74.06	74.0605055386136	74.0713267848626	74.0557626253821	81.68	81.6966978526588	81.6724198451656	81.6916789179314	86.98	86.9981762419969	86.970969869529	86.9763460357871	95.85	95.8649213484355	95.8531426623622	95.8376819095966	100.64	100.641024694956	100.652685520546	100.645764711189	80.45	80.4312710442071	80.4559463258628	80.4438144613815	73.5	73.5101454901693	73.5158781996012	73.4957338822997	70.35	70.3565901628589	70.3637892124786	70.3567767198474	61.09	61.0862983533977	61.0849319036531	61.0880165230513	62.95	62.9499962828241	62.9577848474825	62.937653125113	65.38	65.3773114263361	65.3815028627295	65.3872711342821	70.55	70.5614446123694	70.5637898846474	70.5657945840471	88.58	88.5805968229946	88.5775309724945	88.5852779939153	90.09	90.0895525178701	90.1024211174416	90.0823075170849	94.01	94.0110420296836	94.0330086958416	94.0181077970016	99.85	99.8565086735206	99.8452445228324	99.8670517620365	129.01	129.016180511964	129.008751050664	129.020148747301	95.21	95.213904144578	95.219609105671	95.2348896386846	91.88	91.8919505289648	91.8866945013844	91.8891674399214
2025-12-02	84.4	84.406910969639	84.401744560956	84.3865372852746	85.34	85.3452680996741	85.3434923186517	85.3393775022501	81.41	81.4174878034876	81.3970283488572	81.40017333244	80	80.0156551403108	79.9996714848758	79.9957868066066	80.7	80.7074793343861	80.7009826643877	80.703817520989	84	83.988451440346	83.9964084166292	83.9898653223718	81.71	81.7059505442803	81.6886467722504	81.7184606337968	84.26	84.2628069985169	84.2517024452475	84.2464404563964	87.6	87.6034379046581	87.6114721062937	87.6170620054494	88.3	88.2881398017769	88.305965048582	88.3079918151916	87.64	87.625965768599	87.6321336634669	87.6288758904702	82	82.0046788979028	82.0031009615451	82.0033178157379	82.74	82.7291217553263	82.737995904978	82.7143928854199	80	79.9899014347054	80.0018946651903	79.9954108175008	77.06	77.0524240560115	77.0475793783653	77.0554172380513	78.19	78.2038919563782	78.1835261717082	78.1886163633339	79.79	79.7799804296155	79.7905041741037	79.7759012546168	90.18	90.173271046298	90.1890024528801	90.194895603638	103.02	103.024741173789	103.018584042978	103.033199708433	117.25	117.240340687599	117.246811707597	117.247148798637	113.5	113.511476093036	113.498795795315	113.509650772474	101.22	101.228524668698	101.232241009368	101.251753954903	87.11	87.1043755058213	87.0990625130982	87.1101093739819	90.01	90.0165135739815	89.9994552479001	90.002410981969
2025-12-03	86.07	86.0597280767679	86.0768576684649	86.0720062803878	81.31	81.3113565329923	81.3204014533529	81.3271655499149	78.8	78.7952237009523	78.827634426138	78.7896315135037	74.37	74.3702120792366	74.368762838442	74.3699292556338	72.24	72.2526383090039	72.2615494207833	72.2371247924208	75	75.0074645259393	75.0049069742458	75.014094596816	78.33	78.3210655934091	78.3269894902328	78.3429761475951	81.67	81.6566670020973	81.6679902047637	81.6891464460587	95.43	95.4168203364105	95.4482045770994	95.4283076195814	91.4	91.4065661790641	91.399881410319	91.4112958105251	80.56	80.5600665685704	80.5548841431822	80.5502202592784	66.13	66.1301653724279	66.1262625040925	66.1389729230139	33	32.9906432044927	32.9964381202363	33.0034384529652	21.67	21.6861996586702	21.6627125315394	21.6607537896358	14	13.9891729363413	13.9966389827878	14.0012522389521	21.68	21.691941364643	21.6768369801433	21.6853348869631	56.53	56.5271416373252	56.5152421127645	56.5174941399832	78.3	78.3220170762322	78.2940029534384	78.3182442249015	87.04	87.0476788885801	87.0309057910425	87.0547510963407	82.39	82.3908803103045	82.3930721016834	82.3868263697189	89.95	89.9571739197144	89.9374665685918	89.9361802521359	87	86.9749793852716	86.9974813661142	86.9989939407988	82.21	82.2163433619567	82.2022436438044	82.2026377565931	78.84	78.8399001754461	78.8280005003756	78.839110763892
2025-12-04	71.51	71.4966160070163	71.5022457805198	71.522241071038	67.63	67.6258690321821	67.6216953574584	67.622200696617	60.39	60.3945091596687	60.3940150968654	60.4085854069028	55.33	55.3387630746098	55.3316271364093	55.3149644396383	35.89	35.8918238909595	35.8808783722602	35.8887841628529	45	45.0204209021269	45.0061828981922	45.0098818191891	54.9	54.8898842337509	54.9102944794096	54.9145507674256	70.3	70.2883287539448	70.2919012266359	70.3038886909118	78.31	78.30423555616	78.2981269820949	78.3348557385446	79	79.001882195618	78.9813459784326	78.983536175141	71.95	71.9428998942469	71.9445037524751	71.9563225938896	60.2	60.1956812726749	60.2174742443393	60.1935219036272	55.48	55.4920831478244	55.491244656552	55.4836531140086	47.2	47.1948952726887	47.2065949323218	47.2006401765338	41.2	41.1985982758737	41.2077916133948	41.2050743033757	58.95	58.95424442496	58.9366155178598	58.9431487778209	59.84	59.8390487275378	59.830283539175	59.8474256255047	80.65	80.6485551197629	80.6510725581997	80.6521466268522	83.39	83.394560486855	83.3916590784157	83.399604160582	84.6	84.6119315281474	84.6100238320053	84.6038118890643	86.48	86.4872632576942	86.4805615416263	86.4767684347106	82.82	82.824761238492	82.8238977846535	82.8057378400274	81.4	81.4041054963551	81.396374403981	81.3947506011678	81.96	81.9633818505208	81.9671307286187	81.9557410086638
2025-12-05	79.28	79.2491139158237	79.2909654893896	79.2668737768035	65.01	65.0112846184442	65.0192601993384	65.0133062391793	54.9	54.9088795864591	54.8966650885184	54.906108368932	64.41	64.4276852892243	64.424208986834	64.4012031536706	64.3	64.3085156194584	64.3189580871172	64.2914415540285	56.5	56.4934819201967	56.5040562904703	56.4958316558453	58.88	58.8590216420248	58.8678972963949	58.8743177195	76.37	76.3901644139639	76.3747107829233	76.3586744363456	81.43	81.4284494317023	81.4225282205178	81.4220756955065	83.91	83.9209133906378	83.9234758900342	83.9076641635179	79.89	79.8842338164715	79.8927515737307	79.8741061200735	79.72	79.7214210637172	79.7125627741522	79.7169196507522	70.34	70.3493237062216	70.3408379202066	70.3322842919903	57.52	57.5218360775167	57.5117476464402	57.5200762728047	55.5	55.4991168527573	55.4909209644332	55.5112130991496	55	55.0056722449849	55.0091991879146	54.9929446376862	75.08	75.0754908407147	75.086321118735	75.0722471248919	81.51	81.5148714816491	81.5092254518075	81.5073038817352	86.63	86.6385803594234	86.6434602437982	86.6082638313768	83.4	83.3893895298097	83.3860959805777	83.4089657925115	83.31	83.3174024209444	83.3133074292738	83.3071779603896	86.76	86.7384501718128	86.7493185755805	86.7659096448518	81.45	81.446997788196	81.4446873226966	81.445858596193	61.8	61.7828109776029	61.8083374985668	61.8081251982506
2025-12-06	52.58	52.5880170563635	52.5756869214302	52.5792015183787	17.07	17.0778882011164	17.0727183392432	17.0656416057631	23.29	23.280173474717	23.2797186401928	23.2908256360867	16.57	16.5518893545036	16.5676202397909	16.5655434148174	13.08	13.0721610214246	13.0719409229645	13.0868083964101	10.94	10.9317649930852	10.943662499786	10.9407537568746	17.06	17.0568755412811	17.0542004714902	17.0796148433611	16.36	16.3481610568491	16.3794253232069	16.3594655905778	16.66	16.6489261936324	16.6550798819119	16.6515216254361	35.51	35.5213691788976	35.5127491775904	35.5089383762551	29.99	29.980520452315	29.985458251887	30.0001393814852	16.5	16.4946485360635	16.5151173132596	16.4946901334503	19.55	19.5591017368343	19.5614208264256	19.5373554778678	16.64	16.6314237082806	16.6436887732278	16.6510282182565	11.96	11.9636213293761	11.9679587592381	11.9649176220892	13.94	13.9308481476512	13.9439364767442	13.9486909144512	15.77	15.7708961774171	15.7785339834286	15.7967657153667	45.74	45.7340612026549	45.7365640744293	45.7338201913038	67.74	67.7488225849338	67.7517789453038	67.7331623424714	68.22	68.2206165110617	68.2299683183738	68.233875075894	68.46	68.4562250112723	68.4679793690362	68.4727506871453	68.7	68.70322350055	68.6961809100755	68.6930224240941	68.94	68.9257501608438	68.9425435104747	68.9569289113664	65.14	65.1415863915879	65.1277369161011	65.1371831819893
2025-12-07	47.38	47.3829940011222	47.3922187061512	47.3648692127274	35.96	35.9609493407111	35.9538785296537	35.9755612454205	30	29.9975353317878	29.9984966127747	29.9922050109733	28.02	28.0240947022774	28.0067055899472	28.0165693477035	14.68	14.6926654783316	14.7000592552623	14.6722757244737	13.79	13.805262107094	13.7805265613274	13.7971327677629	20.68	20.6702491536736	20.6969195625286	20.6742109883725	22.63	22.6329348045725	22.6152351542608	22.6203948222174	33.21	33.2181782667731	33.2107672325452	33.2139028103586	34.5	34.5092724634615	34.5028400380508	34.4971811142442	36.28	36.2813886572873	36.2876647682528	36.2793130095035	21.18	21.1797634718518	21.173422583021	21.1788419707277	8	8.00226678551461	7.99142066661919	8.01336520322856	4.5	4.48914385702221	4.49326377330796	4.48958537244452	5.8	5.80261110218097	5.81427513652933	5.79973597959517	5.3	5.28280199863061	5.31101173519451	5.27700450365455	14.96	14.9590575937723	14.9513750993935	14.9636743418223	32.5	32.5221025617343	32.4967726665868	32.4938250067822	81.42	81.4098471064931	81.4179386974253	81.4203848211896	83.7	83.7104925068697	83.7077178073226	83.6926478704445	88.45	88.4571097253569	88.4459637705673	88.4517245418231	90.53	90.5328119920049	90.5316721934774	90.541186928047	83.42	83.4317778335667	83.4126525832304	83.4245169670425	78.9	78.8914666543038	78.9056711756653	78.9169591894101
2025-12-08	71.52	71.5176962249112	71.5283456311826	71.5121487868117	69.99	69.9829410422549	69.9897818203762	69.9941535293365	61.08	61.0585174026236	61.0745251101664	61.084108239375	60.1	60.1001257178221	60.0967936362954	60.1035620667992	53.72	53.7194420221956	53.7342029013652	53.7166741066988	60.1	60.0891293327868	60.1085150461841	60.1069129267951	55.68	55.688394035709	55.7091897590802	55.6765764939587	68.2	68.1936292144769	68.1988610462263	68.1965082559129	70	69.9999842019398	69.996688052537	70.0019898197699	71.88	71.8863849625927	71.8740277830051	71.9071169094863	40.75	40.736470879217	40.7630849636786	40.7542734929039	29.98	29.9716575596895	29.9781402362999	30.0055998763557	26.6	26.5973154143571	26.6109466951277	26.5989042037621	16.49	16.5145420918964	16.4781842254338	16.4942077429268	13.29	13.2889586460483	13.3006462268248	13.2967170794608	19	18.9927268531843	18.9880492782693	18.9900506467162	25.81	25.8042092953944	25.8170620493753	25.8115954109887	68.5	68.481289999909	68.5072613588465	68.4936042685201	80.01	80.0033788622917	80.0063892901376	80.0008807344618	85.73	85.716091727743	85.7200146258013	85.7414485919869	86.29	86.2873177840172	86.2957088108652	86.2931769855373	93.97	93.9884464014245	93.9582583655117	93.9524422347668	83.93	83.9248860874702	83.9268329863503	83.9523414139192	78.2	78.1959037400525	78.216839594181	78.196150963221
2025-12-09	54.97	54.9603512252806	54.9680124398714	54.9789213670288	40.3	40.3091519091534	40.3010688291964	40.3078572409407	33.99	33.9887515885171	33.9817830661526	34.007119659679	31.84	31.8354426892011	31.8398909035759	31.8423306071297	30.01	30.0078610506397	30.0304733786021	30.0105777609233	30.51	30.5015041934416	30.5107781230866	30.4985221220892	32.01	32.0114143299718	32.0019731147206	32.0131788316398	74.7	74.6965455263594	74.695521184211	74.690104818082	87.13	87.1254195099879	87.1255292984274	87.1387659766964	85.28	85.2852838785975	85.2626818393737	85.2668168018061	53.47	53.464217099533	53.4749882724561	53.4660192182242	16.79	16.7965633052959	16.7929475767318	16.7859882674885	11.19	11.1846623088275	11.1835967475005	11.1888231809767	11.72	11.7307687701282	11.7257017589187	11.71786715349	16.35	16.3487475411678	16.3187446792142	16.3701758172761	33.36	33.3668865270028	33.3699801600897	33.3538868010579	60.12	60.1472882820131	60.112407185825	60.1223692826944	80.94	80.9479446297357	80.9431499002157	80.9459848433178	93.64	93.6365714513676	93.6436153882783	93.6369106705833	91	91.0182060434491	91.0137781613472	91.0015567072838	106.62	106.617790392867	106.621815228188	106.627899074098	127.8	127.815062582916	127.805324330154	127.806746358097	98.19	98.1812118429828	98.1853298257996	98.1835870585302	94.85	94.8469044175602	94.8403300865802	94.8376869919147
2025-12-10	54.97	54.9569229445371	54.960598385088	54.945711220663	40.3	40.2867400011691	40.3104203697944	40.2812223757474	33.99	33.9716715125659	34.0075080338415	34.0069337707183	31.84	31.8451814268819	31.8274973680027	31.8394690081566	30.01	30.0103925742283	30.0052002055215	30.0072442687077	30.51	30.5056846014897	30.513233531472	30.5343217367839	32.01	32.026132501278	31.992371341618	32.0206992716177	74.7	74.7112155053469	74.7049684275866	74.6967402011329	87.13	87.127988369268	87.1253871223486	87.1362276716442	85.28	85.2782076704479	85.2729898270725	85.2809148661122	53.47	53.4766854670304	53.4819184291241	53.4650869965411	16.79	16.7906836126553	16.7816821590453	16.7978148761933	11.19	11.1819953004536	11.1806017195744	11.1971522391671	11.72	11.7066117014824	11.7060754598147	11.7305506025411	16.35	16.3400314242332	16.3492790146237	16.3403017506229	33.36	33.3513342765194	33.3771684411652	33.3713923537613	60.12	60.1214235521839	60.132523513283	60.1229858191257	80.94	80.9534681399551	80.9528975558035	80.9324477962644	93.64	93.6501802538729	93.6333930676353	93.6281871187605	91	90.9886603320318	91.0052889109789	91.0009049996468	106.62	106.608767772045	106.62657495903	106.623638732803	127.8	127.805750826723	127.790331636079	127.796201824872	98.19	98.1820255938226	98.170635289041	98.1989457041887	94.85	94.8402298425114	94.8449667832542	94.8704437604397
2025-12-11	112.74	112.739091803931	112.744497810033	112.750923702092	99.39	99.3999080695953	99.3979056046345	99.3923148795262	95.04	95.0421065520022	95.036246047186	95.0436058994394	83.75	83.7544919191045	83.7672431784698	83.7617720603606	81.91	81.8931706177728	81.9132212750369	81.9028027112652	81	81.0014867632052	80.9949013656873	80.9994758370503	88.41	88.4179496824304	88.4131612670977	88.4159403680966	100.79	100.797453546656	100.796635913653	100.795453489321	114.5	114.505493482443	114.48716270903	114.510563342807	113.94	113.930514328654	113.956491170624	113.947893816465	92.52	92.5307460825305	92.5181416938258	92.5193821044358	86.52	86.5201386261233	86.5159647348909	86.532094193251	82.55	82.564911870532	82.5456527933525	82.5500553746901	80.46	80.4540694552945	80.457723337937	80.4606748015023	80	79.982084423193	80.0128768626166	80.0078923722172	80.46	80.4777828435983	80.4627207824889	80.4519305135055	82.4	82.4020855102905	82.3998084919945	82.3924581813862	91.38	91.3745954789378	91.3779849186712	91.3833173190096	106.75	106.745181129153	106.736841876529	106.72994232325	113.22	113.221355847641	113.238973485992	113.229018924081	121.6	121.588284166066	121.5999874722	121.603929256962	120.89	120.885216428842	120.882105000469	120.891268227263	110.24	110.216509518214	110.228690696548	110.243632243883	100.01	100.023329499805	100.015342332424	100.019243382983
2025-12-12	89.01	89.0116925734407	89.0169794633902	89.0216617337944	85.79	85.7909999752662	85.7945244414108	85.7915095614115	84.14	84.1502314657419	84.120858931698	84.1345783828683	82.73	82.745912180579	82.7348774447818	82.7059552340765	83.2	83.2029757597649	83.212104494944	83.1873887193741	82.5	82.5035929229248	82.4902701654593	82.5123754090339	87.11	87.1201590656545	87.0991867620856	87.1204569041562	93.58	93.58645302522	93.5960260244699	93.5704981501295	111.66	111.652145695217	111.687548167752	111.661366207902	119.98	119.989404026961	119.978561118702	119.979880759968	103.08	103.079585220572	103.078190897386	103.090050935841	97.65	97.6485257884463	97.6416322743362	97.6541784592912	96.26	96.2587694953204	96.2680373494335	96.2653929649093	94.01	94.017425263842	94.0173809179411	94.0096834411373	93.04	93.0520153953345	93.0602102977161	93.0457782629983	86.37	86.3847159989002	86.3869595968691	86.3743652630456	88	88.0151224789519	88.0131459555673	88.0068255419028	94.87	94.8612192880496	94.894079539457	94.8809712685348	109	108.993274162389	108.998910133864	109.003459106387	107.77	107.783744906591	107.766658737037	107.786312878153	104.03	104.027058056235	104.043157779701	104.039063731568	101.51	101.503977134525	101.500306208258	101.497560879591	95	95.0025045258304	95.0025182857661	94.9930426397381	91.71	91.7169101157855	91.7024506933141	91.7102593866859
2025-12-13	88.17	88.1717737002644	88.1721490078486	88.1552003891859	82.17	82.170930436496	82.1738533852838	82.1744772713183	77.86	77.8577806760562	77.8512013680113	77.8869815856892	75.6	75.5849606059488	75.5965859010481	75.6101664527897	69.9	69.8907278244953	69.9016879763795	69.9011256084075	67	66.9969943093135	66.9901462748366	67.0127049682916	69.9	69.8979518869477	69.8994493344487	69.906352201159	77.1	77.0991745330025	77.1097564641412	77.0845118228111	80.71	80.7210246184551	80.6955671488427	80.7107825333503	84.97	84.9641037784299	84.956583427652	84.9920401775013	80.01	80.0054998013058	80.0075838623972	80.0156151557507	74.96	74.95444226864	74.9391812464672	74.9674924742257	71.42	71.4338682557986	71.4273950123082	71.4160274442926	66	66.0117117444679	65.992716164438	65.9864053934752	67.51	67.5240413201477	67.5077951607521	67.5122866229572	69.41	69.4143103236592	69.414480305197	69.4126781403411	79.32	79.3174134657366	79.3245151725108	79.3229060945099	82.39	82.3838097256325	82.3826110171087	82.3830903292369	94.94	94.9497194889712	94.9495877320557	94.9458217221234	92.46	92.4624327523181	92.4594953560392	92.4750136107628	91.01	91.0173457652113	91.0125345236088	91.0422431511199	95.87	95.8802689152417	95.8628288749331	95.8569809248092	98	97.9995576905576	97.9983451009573	98.0037090208434	95.38	95.3659895595389	95.3723255133854	95.3726883781968
2025-12-14	87.63	87.6157098234035	87.6267088195011	87.6254174453974	81.67	81.6742114739088	81.6498379852311	81.6656631906622	78.87	78.8812193221951	78.8732551974469	78.8689299388679	77.7	77.730544662585	77.7004197698746	77.6996020086751	75.22	75.241298453822	75.2235094516103	75.2209754792485	75.01	75.0070242413833	75.0077756508061	75.0075180773182	78.38	78.3814226879024	78.3848681455955	78.3811346894033	80	80.0005531977993	80.0044838911189	80.0080114855742	80.12	80.1350501314587	80.1142511525183	80.1223616895807	80.5	80.5201661101951	80.494494351127	80.4822865223751	83.2	83.1945212805044	83.2007896225834	83.2019268346489	73.46	73.4489198115083	73.4642998805955	73.4526055337585	71.19	71.1824154133412	71.1900409051141	71.1775794924411	70	69.9992420379338	69.9851898554739	69.982995454069	63.55	63.5453266110983	63.5560067337574	63.5421443057346	65	65.0087947226055	65.0150642358667	64.993021974581	76.5	76.5008730008116	76.497866356633	76.5010633515138	84.2	84.1941372077287	84.207437606714	84.2040384987284	103.32	103.305879691257	103.324902278147	103.314514647396	104.85	104.839646709024	104.846622339253	104.845693134016	105.74	105.741776357862	105.739309221621	105.741459721579	106.83	106.81286780026	106.825511296155	106.848553488673	105.5	105.507062443921	105.504635578669	105.498462473701	97.02	97.02812283123	97.0186954917774	97.0286709849191
2025-12-15	84.19	84.2033208541936	84.2017032537424	84.1819667478074	77.61	77.5987309122578	77.6028011356355	77.6299753610255	78.4	78.4067463595187	78.3946054076078	78.3870312115819	75.95	75.9516869583718	75.9691301449779	75.9399506145907	69	69.0143774418226	68.9926322256955	68.990801448936	77.39	77.3902006855519	77.3940979948391	77.3925680044414	77.99	78.0056118349315	78.0152959269632	77.9875078902103	88.9	88.8993861711084	88.9134821064065	88.8983149163351	100.59	100.595046786443	100.600704974794	100.577723192486	99.5	99.5038969265285	99.4898733605511	99.5126552400919	96.91	96.9228652614072	96.9096198670011	96.9202609741698	90.18	90.1631284163704	90.1850552875025	90.164682838848	86.07	86.0821215997546	86.0525993193662	86.0635064422358	85.9	85.8985863230823	85.87131772719	85.907403991365	85.73	85.7227816923474	85.7366212476733	85.7305736401553	90.8	90.7996080370203	90.8029335392791	90.7973092532131	92.5	92.493666374814	92.4982903357348	92.5153251045641	101.5	101.505479731765	101.513906163046	101.503133714782	94	93.9995984065751	93.9859114423462	93.9982514692654	97.44	97.4387327301744	97.4441276253697	97.4554792998971	97.5	97.4849807646739	97.4886030447778	97.5015797526089	100.99	100.982631880374	100.984690923942	100.984470095264	107.66	107.655556601104	107.652641681066	107.656653653674	95.25	95.2499787028043	95.2531579312172	95.2404738696834
2025-12-16	95.01	95.012008752607	95.0133087339287	95.0380837371109	87.56	87.5530303959016	87.5715243797705	87.5417700486564	83.97	83.9710038055801	83.9782474817496	83.9674539097416	79.09	79.0968834048202	79.0759846795848	79.0821040446266	79.5	79.4926288371894	79.4879692017789	79.49934390676	79.09	79.1037760525397	79.0988429844742	79.0703835404994	82.36	82.3520653063921	82.3617465138422	82.3767880951917	88.79	88.7935316635906	88.7869762278604	88.7864713212196	95.71	95.7135309777445	95.7150921311184	95.7076796139844	107	106.994314200832	107.019046873589	106.993926887266	103.2	103.214939430842	103.19489453665	103.190342812701	95.01	95.017212183012	94.9942866090711	95.02477677551	91.08	91.0884351143568	91.0864586746502	91.0887829321106	87.74	87.7370584702834	87.7484607455253	87.7429478178048	87.35	87.3340909605803	87.340775439804	87.3360566156842	89.47	89.4656383051927	89.4773071817924	89.463613247921	88.83	88.8242631630579	88.8246527806077	88.8172145898548	94.25	94.2404788469693	94.2633633693768	94.2567776222105	106.68	106.686537043368	106.680133161589	106.694685105402	117.2	117.217159263633	117.18517263585	117.200512537528	115.27	115.267158065004	115.272884974406	115.26238140142	98.12	98.121449390688	98.1230731424403	98.1027755518089	94	93.9969287547844	93.9993659292299	93.9876747412625	90	89.9892462045154	89.9950698523522	90.0084669379019
2025-12-17	86.66	86.6626565070844	86.6585411236563	86.6566530865971	89.36	89.3449745130817	89.3744578747103	89.3767231868193	87.2	87.2098200718471	87.1975979127683	87.2002038677742	83.97	83.9630195231225	83.9818611794782	83.9594677959903	82.12	82.1239489204829	82.1131969833589	82.1005733980971	83.1	83.1146328765318	83.0869211878009	83.1099939747767	91.75	91.7546918811394	91.7413838416173	91.7636634675858	100.1	100.102312029816	100.10843842452	100.102372151908	109.23	109.243176470292	109.223258623942	109.241129847534	120	120.009604682498	120.000102062792	120.010086946349	103.3	103.289342648314	103.29321543747	103.304745065409	94.43	94.4211360272147	94.4340460901678	94.4274490891251	82.74	82.7285352424183	82.7365027778415	82.7414598431502	81.74	81.7542753829423	81.726005364777	81.7172320302264	82.89	82.8795685300365	82.9093951821892	82.8823760763997	82.65	82.6469290742542	82.6516394968968	82.6467115674375	93.36	93.3678051410832	93.3510633581039	93.3661747373914	106.5	106.50908833892	106.519089567766	106.501188389636	114.57	114.561673591152	114.561588260043	114.581530857177	111.45	111.461116331632	111.442108546369	111.442362724077	120.42	120.426613118925	120.429361180119	120.406395079722	118.91	118.907393709306	118.907662688993	118.910598560021	104.68	104.682055852425	104.652927244838	104.676599955775	108.23	108.213534571597	108.206503126949	108.217095960596
2025-12-18	101.23	101.239649346292	101.219071854722	101.234344710308	88.57	88.5889789374338	88.5615552653664	88.5785844865708	85	85.0048471527956	84.993927219095	84.9790594098385	79.91	79.8975220540266	79.9037104763998	79.9068923738352	68.47	68.4792596236767	68.4715334123249	68.4666942362729	66.62	66.6220155808806	66.6344771175116	66.6228061980677	81.07	81.0784251615324	81.0637306814348	81.0869788263476	86.12	86.1376819487854	86.0969608374103	86.1082880750213	101.18	101.188060479883	101.181853266431	101.182851979645	103.2	103.205903438721	103.201707192613	103.206083676828	84.5	84.5017017723382	84.4786502916221	84.511205716732	61.08	61.0947638336911	61.0895494177842	61.0846841035647	45.25	45.2409740709125	45.2520480651807	45.2401603594684	27.19	27.1803728694572	27.2141048991193	27.2047923843708	23.43	23.4209927694108	23.4338272749241	23.424012725354	33.52	33.5183534168531	33.5241327599098	33.5287614990492	67.1	67.0961150194591	67.0911041667801	67.0919830631617	86.4	86.3877700875434	86.3954345119982	86.3983394069669	93.6	93.5940592450601	93.5884913937385	93.6144510490859	100.14	100.144753742433	100.130732460117	100.135108059966	103.14	103.141383100669	103.154056757855	103.117053864984	103.14	103.148258522483	103.142846508117	103.135455719407	93.23	93.233701042997	93.2261085519035	93.2240861416731	87.75	87.7533903275825	87.7469971388093	87.7484494727264
2025-12-19	88.68	88.6855461955881	88.6797008854036	88.68905654423	85.48	85.484199397891	85.4749470211547	85.4734280855012	81.5	81.5085906318664	81.5008272734871	81.4928824121856	80.34	80.3342974997716	80.3280519644582	80.3371046888903	80.42	80.4272412917111	80.424985725267	80.4236610833068	82	82.0189457447232	82.0036147834241	82.0051191072597	92	91.9911404385548	92.0092722411793	91.9931247103836	100.18	100.199125809706	100.198814779739	100.16814312688	108.5	108.505032305166	108.51693868848	108.498058367784	109.22	109.217478363555	109.228637083135	109.210087256755	108.59	108.587720379921	108.592946526292	108.604415388841	106.14	106.127747075719	106.12984007351	106.146081157163	101.6	101.591840435964	101.601334122502	101.590939176448	99.7	99.7011824510244	99.714056325656	99.6874704946373	100.92	100.898312732266	100.912756811791	100.912538713064	98.95	98.9489989227533	98.9495428638653	98.9637455132546	95.41	95.4004716523163	95.4061946526397	95.4013799308577	98.1	98.102606858101	98.0802607015425	98.0984753467941	108.98	108.985680256644	108.970348551384	108.992795914038	111.24	111.239144503005	111.2462880057	111.238481434211	116.94	116.953909951398	116.96357980413	116.933566847064	116.94	116.945390451049	116.942107580578	116.93398588669	113.08	113.068508853348	113.074056673476	113.071143111344	108.98	108.962898512182	108.979159817276	108.972460368822
2025-12-20	92.33	92.3347930562116	92.3375862606709	92.3305652158972	84.6	84.5963274074764	84.5708737221511	84.6120165538817	81.85	81.8691867939396	81.8590270591128	81.8602508310032	67.4	67.3942161467965	67.392410772208	67.408700220291	64.57	64.5795675910559	64.5714070817866	64.5906870494755	60	60.0061210757159	59.9969085126258	59.9946338706575	63	63.0071688200067	62.9997606251051	62.9875971886676	74.26	74.2580417339167	74.2677110735115	74.2530312979475	80.12	80.1210420789024	80.1266898213782	80.1279218874948	93.5	93.4958479389441	93.5044057984873	93.5088302268833	85.4	85.4024052048414	85.394714004572	85.4057624827101	75.17	75.17557242035	75.184349899756	75.1792378496371	63.41	63.4083413556898	63.4070663379885	63.4088015494092	65.18	65.1752038061431	65.1636547806129	65.1883193626206	66.76	66.7551698783593	66.7791700645799	66.7623418580033	64.29	64.2938768316554	64.291869556986	64.2983768501155	75.17	75.1855110935126	75.1627258841829	75.1770287041781	82.59	82.5919473569271	82.5939745498091	82.5966154683072	93.3	93.2953998266825	93.3058589949442	93.3108581175573	96.47	96.4854835952141	96.4606162127355	96.5029838258438	89.6	89.6143325571453	89.6023718658386	89.5997904357838	89.5	89.4977603454714	89.4884744444138	89.495135366181	88.47	88.4730699174873	88.4682622449498	88.460772249126	78.63	78.6431455173629	78.6392134500661	78.6243086659993
2025-12-21	65	64.997268512654	65.0063541706648	64.9951560128629	64	64.0281638009066	64.0091538445517	64.0013621326111	64	64.0032550137022	63.9949782175144	64.0239119778966	52.97	52.9871149825456	52.9610225741063	52.9629016948529	44.48	44.4778653871388	44.477594090772	44.4834329685197	39.92	39.9250210525766	39.9086573161129	39.9294365713221	46.47	46.4815026437699	46.4642973915906	46.4769522010913	51.33	51.3385159959077	51.3033366095557	51.3470082273896	57.5	57.5057848733577	57.494067713147	57.5019999129694	72.18	72.183994512045	72.1691481434014	72.1819254878664	69.74	69.7287959906849	69.7519579531116	69.740305101734	62.55	62.540027375157	62.5611222417065	62.55803877031	66.8	66.801587072875	66.7985682183689	66.7909939546982	58	57.9973389399995	58.0075119385795	58.0013710674823	48.56	48.5706284692644	48.5576514296697	48.5655758673224	58	57.9887893286796	57.9849967821829	57.9977032026472	59.22	59.2278085456704	59.2412618464502	59.2254800752363	75.74	75.7435058726013	75.7527997492997	75.7255729922634	80.08	80.0899912984008	80.0835655487992	80.0999075653218	84.72	84.7154669177355	84.7195709852409	84.7140064015402	85.01	85.0012594532856	85.0389761550961	85.0216414141706	82.04	82.0269225322725	82.0516687455911	82.0515560624093	77.93	77.9402074560487	77.9026507353674	77.9358193946631	76.5	76.5039620468954	76.4872901680198	76.501939698122
2025-12-22	65.4	65.4079550276553	65.4006407860589	65.4052298380045	61.27	61.2467967793722	61.2529529045587	61.2638848927248	58.19	58.1924101022691	58.2107265371649	58.2108529314998	40.34	40.3338590387853	40.3491411901495	40.3466966060084	25.34	25.3435660413882	25.3326741084154	25.3385679246548	27.48	27.4647038828485	27.4880935668561	27.4916984741517	50	50.0136380386649	49.9906875158714	49.9863084626508	74.58	74.579006426694	74.5960023191162	74.5807602872026	81.74	81.7456153803995	81.7445619052869	81.7471957729504	92.67	92.6639852387914	92.6601138659495	92.6779887266825	88.92	88.9266685178998	88.9297001703442	88.9112064057098	81.34	81.3483962924279	81.3430291765925	81.3239375915738	68.63	68.6370962775975	68.6212735326748	68.6342221265633	58.47	58.4686448387515	58.4764415190215	58.4719010137216	58.13	58.1345126321037	58.1335078801133	58.1318596980575	60	59.9887705318753	60.004188480628	59.9947315575176	74.58	74.5626961957888	74.5689865693135	74.5857107495344	79.8	79.7809956603919	79.8118796668189	79.798405288543	91.23	91.2137957433105	91.2147216394837	91.2385325548989	94.06	94.0422540267917	94.059992370802	94.0637677898495	83.44	83.4363594316821	83.444175844934	83.4368616602513	78.84	78.8418343861272	78.8456637075143	78.8345473566816	82.12	82.1126575114706	82.1287941195006	82.1202737206135	82.74	82.7299492430829	82.725134967852	82.7543165909297
2025-12-23	84	83.9958965443002	83.9949918404967	83.9915087809595	65.36	65.3637827486998	65.3632242202717	65.3499899777405	67.39	67.3763611772378	67.3901665453916	67.3767974247974	63.16	63.1602681935215	63.1581543321437	63.158736889823	59.59	59.593681017631	59.5733257399192	59.5936915358969	60.86	60.8705016555613	60.8568483991685	60.8450463309357	64.99	64.9960362060397	65.0024889240808	64.9898774569976	80	79.9981333594993	80.0081477637957	79.9937881591844	85.07	85.0636194070282	85.0743926527989	85.0750550289483	92.55	92.5491190542705	92.5417427222646	92.5411102229262	89.87	89.8764083585478	89.8615132956078	89.8705168734318	89.8	89.7837219385331	89.7958455533708	89.7981232070251	89.96	89.9708623858268	89.9803469569668	89.9573265858643	87.01	87.001613614485	87.0060178366452	87.0171867443351	82.63	82.6194077425752	82.6310934286311	82.6409972342719	82.08	82.0749401396575	82.078558227221	82.0863652289656	81.95	81.9407714093258	81.9420824096804	81.9658384818807	84.77	84.7527866035614	84.7605978662219	84.7603109603057	87.42	87.4156948037748	87.425601050261	87.4120667496198	86.16	86.1527706508597	86.153365315163	86.1604110489908	85.9	85.8975284600513	85.9057129394111	85.9189820575986	86	85.9970038871178	85.9768884471478	85.9964226603256	80.76	80.7715952851648	80.7797370944799	80.7562629593102	79.78	79.796470353664	79.7811640219055	79.8049731374091
2025-12-24	78.6	78.6021584314334	78.5891631714702	78.6009352315021	58	58.0054484073093	58.0064363663598	57.999539285876	43.68	43.6632037094782	43.6737876856901	43.6739097824795	34.86	34.8643773945396	34.8557142443408	34.8664848295706	24.78	24.7833910223896	24.7781393678209	24.7855475787521	24.2	24.2001036632645	24.2039098235807	24.2080495610613	23.01	23.0118358083293	23.0254750986124	23.0273968391786	35.5	35.505372992085	35.4949142544843	35.489423427844	57.8	57.8065624156487	57.780622008774	57.7806632336938	75.01	75.026764662383	75.0094957610779	75.0079975698966	61.99	62.0075456118207	61.9940406972537	61.99312063778	35.77	35.7562594508887	35.7535210545589	35.7616938867577	20.62	20.6222298424797	20.6229412404021	20.6178029713698	17.63	17.6397350938155	17.638916823328	17.6198117953326	18	18.0007118965644	17.98476324795	18.0029497285403	20.1	20.0908680737354	20.1012949433124	20.1098662907192	27.75	27.7322699022151	27.7734356638992	27.736479179786	48.37	48.3869723499405	48.3795860996296	48.3705830991819	77.94	77.9391572540403	77.9152802288698	77.949739442185	77.3	77.2957311802183	77.301021827211	77.2918409240191	75	75.0014975024316	74.9958797738055	74.9960017307807	67.96	67.9595980667938	67.9515507862532	67.9663927938665	56.01	56.0138429935104	56.0316371095169	56.0158630787675	53.08	53.0727287238751	53.0827725537692	53.0755344762032
2025-12-25	32.29	32.2958915185618	32.2984960808903	32.2835054882236	30.3	30.3003104530716	30.2929286859603	30.3149038227193	30.24	30.2282768187751	30.2214582208845	30.2456247533845	18.29	18.297298267315	18.2870913222972	18.2856658047141	17	16.9944579643004	17.0092536734322	16.9851684236118	14.16	14.1722375837211	14.169652001036	14.1568466018268	15.81	15.810449649163	15.8192206726486	15.818655539516	25.01	25.0124224062496	25.013987584429	25.0155634442849	25.01	25.0158739223025	25.0157831746466	25.0128046726381	50.01	50.0137676871354	50.0137867362967	50.0086496251202	50.2	50.1939997139999	50.1797493750332	50.1977639851306	30.93	30.9117773647747	30.9284279417644	30.922411319307	26.77	26.7749403306381	26.7748291710955	26.7801461985262	30.88	30.8911303477859	30.8673892663606	30.8877015390312	19.01	19.0177343001766	19.0126489871379	19.0241299405727	30.01	30.0242646160425	30.0163495004411	30.0028860573053	47.05	47.0594041439215	47.0574902240522	47.0477065929211	82.36	82.3608302380762	82.3655850580969	82.3754265416002	93.9	93.9224695899292	93.9099788027521	93.900004684462	87.02	87.0258295101881	87.0156422762044	87.0187600468002	90.75	90.7546827106166	90.7508395209301	90.7587802547887	90.11	90.1181682743467	90.1166688399135	90.1152591261723	92.26	92.2609133048689	92.2667252156594	92.2558896244431	91.03	91.0461725152717	91.0308603527295	91.0371929021097
2025-12-26	94.36	94.3569686061712	94.3679700908676	94.3647177306315	88	88.0086023627255	88.0146106772388	87.9987844058942	84.17	84.1753284516682	84.1836050123173	84.1605456772461	78	77.9931997251165	78.0025477575731	78.0036417033044	66.6	66.599216702376	66.6051535622524	66.5920773205238	61.11	61.0915354537778	61.1138573969752	61.0896667718317	69.87	69.8738015260413	69.8785899580991	69.8770298814346	81.67	81.6770681828156	81.6569063854879	81.6621760489523	86.22	86.2169127721622	86.2204713803278	86.2259540497838	95.33	95.3349177326539	95.331210724162	95.3265091866676	99.33	99.3293435598979	99.3178100053612	99.3357435018113	90	90.0027185939344	90.0164034458146	90.0143744020316	85.46	85.4634976948198	85.4610039056285	85.4445822538588	82.48	82.4706812947562	82.4700580228763	82.4696951487264	77.78	77.7589193827214	77.7995966122555	77.7912103367612	73.89	73.904655557033	73.8895665599956	73.8846880758707	81.95	81.9656348973059	81.9455590961755	81.9694095302783	82.48	82.4665584761196	82.4800274576262	82.4688112270317	92.59	92.580122642222	92.5904232376395	92.5847168662565	99.46	99.4555722616885	99.4371326463475	99.4641637371511	99.76	99.7717436916161	99.7676165983678	99.7543853858271	104.5	104.512466518389	104.490996681667	104.500141998186	91.11	91.1219385286828	91.1092277574091	91.1012143326816	89.26	89.2520724474715	89.2560879100953	89.2536057485922
2025-12-27	92.34	92.3196226437965	92.3261884437574	92.3508188297804	86.26	86.2726266619689	86.258756915951	86.2675771182102	82.86	82.8503777698148	82.8821989508759	82.8553147740159	81.5	81.5111077086539	81.4879298312446	81.4990130709375	75.12	75.1107184510604	75.1240978612157	75.1210814002187	72.14	72.1269774081681	72.1323325075808	72.1560175286776	68.81	68.7908551534881	68.8011778588856	68.8020964048087	69.8	69.8051228893869	69.7954201031484	69.803610339763	83.73	83.7184034364167	83.7231987552811	83.7386184503248	97.41	97.4067040220191	97.4171397877485	97.4012965192925	73.4	73.3896399529905	73.3939423188222	73.4248460794347	69.2	69.2006344797959	69.1958740003631	69.1982673065768	66.11	66.1147346114591	66.1116624274873	66.1090687346783	69.01	69.0287632583243	69.0202330090185	69.0155758296413	68	68.002165578136	68.018186623416	67.9925957730678	69.15	69.1478942943503	69.1485677839195	69.1628744737389	72.64	72.6407858339273	72.6364188113641	72.6402097648656	87.11	87.104715724674	87.109219395607	87.1127330702611	92.34	92.3356400062706	92.3204354598033	92.3492639410868	94	93.9980750687908	94.005826806273	94.0039413371123	87.95	87.9465007724819	87.9458182985902	87.9528060255787	87.99	87.9965510632351	87.9841859052732	87.9839833649874	85	85.0073207671644	84.9936524839741	85.0117228284663	84.46	84.4643121731768	84.4754155504319	84.4627565882046
2025-12-28	50	50.0007108343292	49.9802628213338	50.0081427389876	55.02	55.0200560728455	55.0179572106998	55.0366540930215	52.51	52.5191537666117	52.5106219790149	52.521019366632	49.01	48.9937384560687	48.9939679521588	49.0039422531321	48.99	48.9802162512475	49.0031920832471	48.9935790899748	52.5	52.5124267376324	52.5018476261349	52.4826985653945	55.62	55.6060593293207	55.6093098724804	55.6157463454405	64.14	64.1376770659066	64.117253219183	64.1563815348435	71.5	71.4978829949921	71.4982693252354	71.4956267053846	72.72	72.7316350236599	72.7149119396608	72.7074873635256	72.72	72.706257513064	72.7179580489669	72.7172881856526	69.65	69.6365095526372	69.6762142524281	69.6592753111515	65.42	65.407865488664	65.4285217347954	65.4181237659364	69.32	69.3133795890288	69.3315351723472	69.3187268754811	69.57	69.5608418408794	69.5436567407066	69.5607064768998	68.74	68.7200130737923	68.7414160642077	68.735406174981	74.62	74.6117488887114	74.6136269989354	74.6164329681511	91.43	91.4325674185812	91.4412718290113	91.4208758941778	97.2	97.2028980782635	97.1921723034655	97.2043779485992	98.58	98.5760071950019	98.5825653709973	98.5629592395172	99.33	99.3382491315165	99.3005496412891	99.3296629308513	97	96.9981528602182	96.9959396108403	96.9804673429472	95.02	95.0144151068844	95.0061292676271	95.0097097434452	96.32	96.3221431146585	96.3280911481086	96.3167269379538
2025-12-29	107.07	107.075051697602	107.064875023569	107.084521892296	96.1	96.113434621609	96.0976445308184	96.0961037444387	88.91	88.8938425050811	88.9098546273068	88.9007149340148	86.21	86.2073401278388	86.2259195874783	86.2243240523912	83.99	83.9960641501429	84.0022440519519	83.9859261897884	87.5	87.5101519533821	87.4880422663528	87.4900290334197	94.59	94.5835757734683	94.5959777838359	94.5919510600123	115.49	115.488962987367	115.474705606878	115.495978389139	135.06	135.069518275753	135.049513870026	135.062780600854	144.96	144.971453644493	144.958470514252	144.966523918175	108.22	108.227829098909	108.228457114646	108.226931865105	98.5	98.495947937442	98.4968716742253	98.4901974623345	91.92	91.9133328992623	91.9285962324065	91.9180569550881	89.85	89.8358998189198	89.8498535901777	89.8624225711872	90.38	90.3788158421122	90.3733389372278	90.3844204776633	87.89	87.880632879669	87.8943790392815	87.8816555673216	93.03	93.0192209752839	93.0344785284485	93.0391800149813	109.51	109.512150771254	109.51264551837	109.505595826118	140.95	140.959820326627	140.950223573583	140.964319792412	135	134.995597313522	134.999353500111	135.001491612668	173	172.995724216641	173.0064650484	173.000009293014	206.5	206.491299885246	206.493168287429	206.509894301423	145.13	145.118565684621	145.12222107651	145.133197058896	116.71	116.722369484712	116.716653236467	116.699589484483
2025-12-30	92.75	92.7564202163773	92.7641202747366	92.7413558739382	88.82	88.8072289342891	88.8295817148259	88.8126526547476	84.29	84.2935851114797	84.3012273226554	84.2903012491314	82.25	82.2460175031935	82.2571381350569	82.2528721132006	78.57	78.5757912673235	78.5558168134805	78.5694005082588	77.33	77.3218583966029	77.3341736139983	77.3197898881595	80.33	80.3196886771257	80.3561158852286	80.3323424283449	82	82.0083703900326	81.9848773320001	82.001259897874	88.82	88.8155336779413	88.8271342740732	88.8368107953179	104.38	104.377970603647	104.362964748154	104.382820071441	96.78	96.8019097131288	96.778568816679	96.7710037397544	85.49	85.4871823986407	85.4845997932889	85.5052087708503	79.17	79.1973846444748	79.14081253048	79.167915547561	73.74	73.7503914205458	73.7488234161346	73.7391917134553	73	73.0034294102506	72.9845118730711	72.986560483425	74.28	74.2852403699311	74.2832710829066	74.2766403771093	85.22	85.2166917907558	85.2083560535534	85.2249050288078	87.83	87.8334651707036	87.8396653726992	87.8384466167648	98.14	98.1299704160657	98.1569225090772	98.1350446450292	100.73	100.719257535677	100.73333975265	100.730359623443	93.25	93.2589924161918	93.2505839163138	93.2441950797384	92.11	92.1020353289488	92.1172600564947	92.1015427424962	96.4	96.4115120638194	96.3965643655163	96.4053142553734	93.79	93.8121517224585	93.7824664825953	93.7764776814929
2025-12-31	92.75	92.7550621743567	92.7534559852873	92.7532879229166	88.82	88.8306987616495	88.8176786486537	88.818861758235	84.29	84.2857950621773	84.2912534558651	84.2845470090704	82.25	82.2565622548836	82.241413823615	82.2415287019081	78.57	78.5711506656088	78.5880355084168	78.5827568484663	77.33	77.3156604906318	77.35505088441	77.3360598610559	80.33	80.3221057929392	80.3277922854921	80.3333672508748	82	81.9947122067608	81.9935857968941	81.9991356805253	88.82	88.8179901983627	88.8170895425176	88.8244522627357	104.38	104.376886500411	104.393402051305	104.378310594708	96.78	96.7752719851801	96.7718267102307	96.7770113984106	85.49	85.5160093084848	85.5017583501003	85.4956317768091	79.17	79.1770557833008	79.1798807511649	79.1599704923157	73.74	73.7442502154457	73.7392395518681	73.7574310983839	73	72.9972090323003	72.9999838405758	73.0058927106741	74.28	74.2875640089297	74.2621918969676	74.2819422836043	85.22	85.2073586307034	85.2313448643737	85.2180221295721	87.83	87.8322786949233	87.8285706271248	87.8362371336713	98.14	98.1419067964564	98.1338695721771	98.1429815214972	100.73	100.726564307912	100.737914495248	100.728484039455	93.25	93.256579429033	93.2513311691229	93.2624273189243	92.11	92.1116511848164	92.1164014880493	92.1028993328403	96.4	96.3931805623747	96.3844270397336	96.3850997061894	93.79	93.7934782012897	93.7873707636395	93.7968451099453
2026-01-01	93.22	93.2314093500318	93.2260343807743	93.2319139336272	91.25	91.2460319838928	91.2507568597876	91.244731618655	85.64	85.6330706035133	85.6176201157631	85.6412925268288	83.45	83.4519966175013	83.4422612534434	83.4514769542391	70.01	70.0152866514739	70.005182983619	70.0053285866756	65.66	65.641916371988	65.6457576573899	65.659228474791	64.01	64.0308534282259	63.9991431926862	64.0062088792174	66.01	65.9990568835771	66.0306331075867	66.0135687082921	66.01	66.0165741264574	66.0109837780145	66.0041255807162	71	71.0099996504163	71.0143454012883	70.9958102811172	73	73.0072737623784	72.9983156628118	73.0032605441745	64.9	64.9046913546607	64.9026455923904	64.889998439151	52.51	52.5235200449255	52.5234625588469	52.5100932503879	55.51	55.4995631229681	55.5059687662366	55.5101197976625	60.8	60.8010233091828	60.7961081549345	60.7975805039643	64.12	64.1337706085312	64.1068098440466	64.1050904693803	65.5	65.5135487258141	65.4919286610877	65.5093641061979	77.09	77.0805455658976	77.0906877604357	77.0834307521279	102	102.001297979322	102.001937322903	102.000176958732	105.98	105.968397858007	105.980099172792	105.978375050896	106.82	106.828705014824	106.805549787927	106.80471352589	106.94	106.929644852993	106.946920480189	106.935141154701	105.5	105.488141377905	105.501764471984	105.495846581959	102.15	102.158558179992	102.1417656286	102.153662059397
2026-01-02	75.77	75.7577789209275	75.7775438887486	75.7682755255025	65.01	65.0130308842121	65.0143010425954	65.0105203479042	57	57.0065230338629	57.0018819406557	57.0122715418896	57.47	57.4900761279318	57.4583784567075	57.4689585123565	53.46	53.4555567940842	53.4717465400739	53.4617552124013	53.46	53.4741867157699	53.4727418150401	53.4635602979331	57.43	57.4314252778418	57.4461678038795	57.4236987730964	64.33	64.3142709363197	64.3085523252977	64.3345087224675	83.53	83.5304314506831	83.5483378028977	83.5482560382462	97.5	97.4894618578095	97.4834587416292	97.4969088456782	97.97	97.9876901467764	97.9706684316024	97.9762718194562	87.9	87.9022152793431	87.907936664437	87.9103759951923	85.07	85.058424630239	85.0849056545134	85.0601359128669	81.48	81.5012002020531	81.4728464933096	81.4899556966327	84.74	84.750955538227	84.726494198661	84.7431711092743	86.67	86.6582422867557	86.6701005204236	86.6732377669706	89.04	89.031008609955	89.027094206821	89.0356285997992	93.46	93.4441451267245	93.4423261952365	93.4565167955144	101.73	101.724214349492	101.743136714745	101.735748299029	102.8	102.806141466503	102.803185027375	102.794508614994	101.76	101.75169095592	101.761884132399	101.760841319286	98.81	98.8122364763954	98.7851053599301	98.8026161863902	98.3	98.3269387277499	98.3072853995593	98.2906195150456	95.36	95.3717468873911	95.3681689471066	95.3581755713421
2026-01-03	87.69	87.6895055707286	87.6914341030888	87.6747826801701	85.9	85.9121453012732	85.90869382266	85.9058320773085	86.29	86.2965997605823	86.296729284454	86.2793844646757	83.05	83.0473676361028	83.053004430975	83.0288776456444	78.87	78.8723933657697	78.8811781418858	78.8707706671491	78.45	78.4612754844369	78.4403306879201	78.4532647627927	79.56	79.5551802579007	79.5527730526612	79.5567966891572	82.5	82.4985188474206	82.4869961044293	82.5013324042652	87.85	87.85738723778	87.8656618766758	87.8474180187917	97.51	97.4925949462886	97.4970397891321	97.5015522556963	99.05	99.0577438966526	99.0675203438467	99.0414008927216	91.92	91.9340503124636	91.9371663091192	91.9288836649401	86.85	86.840325161864	86.8728328996183	86.8515144247566	85.85	85.8499715115229	85.8549253934153	85.8464143624598	85.11	85.094148111501	85.1256736233671	85.1318791598501	88.31	88.3175321513382	88.3166102525551	88.3114373326617	94.72	94.7274895209942	94.7129228201965	94.7139415362836	100.35	100.362114030883	100.354463340325	100.352976329016	105.4	105.401829696706	105.374444810176	105.387324664982	104.36	104.350544930966	104.353876997238	104.350994782835	99.78	99.7736210092888	99.7851706184161	99.7799022635278	97.52	97.522123533055	97.5307189828498	97.5164880610074	96.01	96.010535672633	96.0251977644364	96.0199841646493	94.03	94.0284480943849	94.0305299540007	94.0344629197274
2026-01-04	90.5	90.5025632257019	90.4970251021712	90.5064177469071	77	77.0067024441867	77.0022830740448	76.9827543543974	74.75	74.7584508287458	74.7452464208821	74.7284450547016	78.31	78.3134641566435	78.2945155992321	78.3085906196877	70.25	70.2464451819153	70.2519079621592	70.2550453954184	65.38	65.3713510955512	65.3854849827167	65.3719438430519	65	65.0029138514192	64.9995148019735	64.9755161302986	68.75	68.7636091263259	68.7483685514282	68.7498395902523	70	70.0157539006065	70.0038948818721	70.0065996240538	83.07	83.0709394728437	83.0526570620249	83.08734660804	90.21	90.2209639533815	90.2022070805937	90.2057377510788	87.61	87.6369948838566	87.6132912488186	87.6153604516386	85.88	85.8849272681491	85.8996075827064	85.8958585150616	78.31	78.3128955165244	78.3172302564213	78.2984482566175	79.21	79.2163478233218	79.2266752971597	79.1946919380228	81	81.0024451130486	81.0086129323391	81.0015246233416	85.91	85.9068279888587	85.9199525412678	85.9053211302739	90.5	90.5040544572918	90.5027520761723	90.5065590645669	91.71	91.717746982553	91.7117135677352	91.7118694644738	91.72	91.7024549433026	91.7132641849066	91.7165668844333	92.27	92.2634549874538	92.2740289437349	92.262394907053	97.79	97.7880459279004	97.7919188598167	97.7902588414234	95	94.9988287863277	95.0050370164237	94.9836013596877	90.5	90.4960536983664	90.5049806886903	90.4987748638149
2026-01-05	89.87	89.8976014844332	89.8758014380817	89.8734018786202	76.26	76.2581482303564	76.2734842003375	76.2695449762018	84.7	84.699995767927	84.7162324239193	84.700872044471	83.5	83.483412717695	83.5064254783773	83.4946251969422	84.7	84.6970019914858	84.7006979492486	84.7097718289125	85.86	85.8624972832558	85.8589683708906	85.8575208709838	86.78	86.7836469115567	86.7984455192544	86.7805661905242	90.9	90.8764571330102	90.9044408924382	90.8872843102333	98.47	98.4808357166903	98.4771912960738	98.4643991361667	111.73	111.747184669721	111.7246677256	111.738937662486	108.51	108.517968354875	108.503922763002	108.503572052895	97.19	97.2058376097302	97.2009690085357	97.1904917192693	93.22	93.2361305703018	93.2158222242015	93.1896122003492	92.99	93.0009336107355	92.996008450441	92.9791449974281	92.98	92.9765846293063	92.9946018708451	92.9773161452785	91.78	91.7886890557632	91.7759747558415	91.7704660063567	93.22	93.2227832883336	93.214958020261	93.2123082905693	99.65	99.6693993216773	99.6530037568032	99.6536479584664	121.34	121.342001297449	121.360696719393	121.330917423137	122.25	122.243221292036	122.238515272345	122.253891791521	122.74	122.733899804843	122.73548310237	122.747849638375	121.61	121.590271826285	121.586040823033	121.60941540827	115.87	115.881080857854	115.862797407476	115.873428126846	108	108.013129742917	107.997684084207	107.997825380372
2026-01-06	90.36	90.3690720331911	90.3633544609055	90.3585106142194	86.5	86.4873998994153	86.5003383830171	86.4985409483205	60	60.0231238293304	59.9804520672843	59.9891193925941	54.11	54.1135757866302	54.0940638148342	54.1073303931797	57.87	57.8719609827753	57.8872755235793	57.8816340251632	58.37	58.3717141525145	58.3539461314724	58.3549526785612	57	56.9648301072703	57.0145936516568	56.9929847705346	65	65.032949675022	65.0180468995263	65.0126623089522	66.48	66.4731209451421	66.4735872259033	66.4749528948031	80.6	80.60963169793	80.6054693120075	80.6136034067604	30	30.0207248787417	30.002842642319	30.0130950469614	3.78	3.78603125945021	3.78105259222767	3.78015664296331	1.72	1.70557687370647	1.72422787262897	1.71091693750308	1.98	1.9694630770022	2.00283574402348	1.97349237851274	1.98	1.98235280086283	1.9743300010882	1.97728204885824	0	0.000105169347739149	-0.00855110487928347	-0.00743941631917456	0.01	0.0132874398735554	0.003848250960686	0.0167877147266999	70.87	70.8900507301172	70.8667522359788	70.8657559036591	104.65	104.649646697363	104.648145887641	104.630339454894	105.4	105.399284149606	105.405762860399	105.403288484532	113.93	113.934966407429	113.932650214833	113.930644360951	110.19	110.188153458963	110.189151905284	110.177441352336	103.39	103.391381951819	103.386734128004	103.381268375669	102.49	102.491814260214	102.479458882072	102.481166178281
2026-01-07	96.48	96.4663021723765	96.4787076239276	96.4774899909706	88.43	88.4147405749146	88.434606281334	88.4328196687348	83	82.9946105081217	82.9993478572099	83.010711376327	77.11	77.1122920204286	77.1063392747826	77.114182329076	74.13	74.1373918904284	74.122106357186	74.125366580833	76.74	76.7258371724337	76.7338685423684	76.734885561162	80.04	80.0564674281342	80.0470152562248	80.0285664489179	100.02	100.017276230962	100.012740567863	100.021892995854	95.05	95.0439623787606	95.0580447639807	95.0495588328437	102	102.002281991218	101.990163633229	101.992492557135	99.08	99.0866839648599	99.0702364283454	99.0904739852484	94.7	94.709721224244	94.7024320818429	94.6801527588563	88.79	88.7935189833914	88.79624911349	88.7930766666565	85.23	85.2161026405393	85.2304438080288	85.2260498467996	78.91	78.9065188973811	78.9203689219049	78.9153750483197	84.9	84.8995606695423	84.894886031507	84.8855318497831	91.01	91.0100838715094	91.0014574056967	91.0068335760322	89.2	89.2073646574373	89.2014618651884	89.1908377213359	113.72	113.725886861139	113.719735429774	113.734555654616	123.14	123.134199951897	123.143793408707	123.138408171489	112.97	112.960590578555	112.972625874865	112.957852218674	96.36	96.3612388033494	96.3640075343853	96.3543380678998	94.88	94.9001869949567	94.8627236107209	94.8682167307141	87.94	87.9268147708344	87.9381102660706	87.9447623008113
2026-01-08	88.59	88.595880107721	88.5903003679164	88.5903953127519	86.55	86.5554135830215	86.5469072802511	86.5694419638112	83.45	83.4534109326317	83.4374860302902	83.4457456752209	78.21	78.209138918718	78.2073827773295	78.2054580131407	70	69.9772106221196	70.0168829671516	69.9954709661948	69.94	69.9242637204567	69.9373860481123	69.9448952753862	68.59	68.5870800290424	68.5903532240432	68.6116853718606	83.64	83.6439544513503	83.6243486512309	83.6255050370188	94.51	94.511179456788	94.5071754616471	94.5013599827114	101.5	101.492569709677	101.503219638764	101.496573612541	86.59	86.5747246719986	86.5853065668569	86.5852633968422	84.2	84.1925134500697	84.1944261126516	84.2065403366981	77.5	77.4907105233106	77.5164604171764	77.5192157377224	67.72	67.7285384861907	67.7117871959588	67.7305720536213	63.33	63.3368252319018	63.3326229023518	63.3444275569515	65	64.9980563384814	65.0027341230654	65.0076542696996	74.84	74.8377844710522	74.8334064942666	74.8453751245148	74.99	74.9997319209714	74.9812892398435	74.980186034572	91.27	91.2679953069855	91.2795510939549	91.2819865411719	96	96.0061410149672	96.0171118651737	96.0225903276154	94.95	94.9388875188334	94.9586666435284	94.9537314352124	90.33	90.3239568551251	90.3200720798249	90.3430879559441	89.31	89.3014642673569	89.3085667365845	89.3072912706696	84.2	84.178147467398	84.205907693573	84.1896355011836
2026-01-09	76.3	76.2890235259134	76.2930481426594	76.294566030046	49.83	49.8384050275184	49.8333932139059	49.8461578489065	47.06	47.0717662129809	47.0742109914929	47.0523514618448	31	30.9798612355582	31.024962311645	31.0020323974196	22	21.9925453715837	21.9975549037902	22.015269107784	34.9	34.9069322730563	34.8999888522331	34.9018663734427	48	47.9830867071758	47.9887886809637	48.0066777524261	64.17	64.148605190372	64.1584166660465	64.1636199810567	79.99	79.9961342237635	80.0038857767646	79.9768656155678	87.87	87.8650233556915	87.884727135882	87.8639532796945	81.02	81.0238614187597	81.0418674174849	81.0154814521439	65.11	65.1127363120612	65.111555202066	65.0994937673527	40	39.9936485356005	40.0223299611215	39.9988602031869	34.94	34.9272921211862	34.9242869490993	34.9428185830976	15.51	15.5222661602856	15.5146128061492	15.4979993831126	15.96	15.9545970370952	15.9594034828946	15.9425610050499	42.5	42.5083657896428	42.4885708523796	42.5086519663037	75.01	75.0359850050819	75.0150620947778	75.0127316735718	84.99	84.9862057775604	85.0111865571028	85.006444178738	91.14	91.1603275726336	91.1452124833198	91.1497993119092	91.01	91.0117506781594	91.0173373202771	90.9899679526463	88.95	88.9495026109354	88.9511420935649	88.9522975776207	85.98	85.9769823960398	85.9599880409975	85.9750910513585	84.11	84.1117322152961	84.1151417190562	84.0993624995157
2026-01-10	82.53	82.5236484612229	82.5379028525324	82.5143725527294	75.6	75.6043538860543	75.5777783341452	75.6153470985286	70.64	70.6449687423859	70.628271531596	70.6398466118637	62.98	62.9845884439658	62.9647368030264	62.9912646071527	55	55.0016287305112	55.0026085864007	55.0106018711568	59.37	59.3800157397804	59.3773077507953	59.3732459386576	55.65	55.664200187417	55.6567450343394	55.6554196676924	69.62	69.6084298735394	69.6307407283331	69.616373302123	80.22	80.2182691449724	80.2200110910062	80.2338019484072	92.64	92.6279125035925	92.6282521134864	92.6559098859252	84.67	84.6648170053195	84.6806689410136	84.6692358875304	65.13	65.1205402640614	65.1091725245733	65.1541124583141	40.23	40.2291811012654	40.2305555653897	40.2250639492714	34.94	34.952501659755	34.9342160332633	34.9386962633649	46.2	46.1980391130523	46.2012524464016	46.1880315938113	50.58	50.5813134159314	50.5792794386327	50.5705205132053	57.87	57.8708724826333	57.8629250537046	57.8721798615674	87.77	87.7649623042954	87.7899045897669	87.7674308495611	102.84	102.846340992843	102.84253056589	102.838226018405	121.7	121.715330680747	121.710669428724	121.700606544969	108.11	108.126888407595	108.108990779453	108.120804147688	101.31	101.311627236824	101.302717327835	101.307877821063	99.49	99.4950826224313	99.49138293714	99.474069792119	100.71	100.716772503704	100.69896033567	100.698629217832
2026-01-11	102.38	102.386575141326	102.380647137435	102.381819815713	90.5	90.5071639818666	90.4994293749687	90.5024552055676	80	79.9945963911587	80.0076886508131	80.0037927204287	83.9	83.8978859128781	83.8837636301301	83.9031227140259	76.69	76.683258351036	76.6946001874508	76.6849281796163	80.24	80.2326345368496	80.256290426105	80.2477939599253	77.93	77.952805845345	77.9400569076536	77.9302903734993	83.13	83.117995857641	83.1234958099881	83.1522330574599	87.52	87.5104322933001	87.5321449422843	87.5257941007625	97.5	97.5038328695783	97.5180734421025	97.5124967973605	94.33	94.3369641754562	94.3314439707227	94.3253466972738	70.69	70.7046376345695	70.711819102099	70.6883517316707	58	58.0109000154787	57.9957486367894	58.014397031882	69.94	69.9310037990724	69.927819575325	69.9374535910823	70.23	70.224290151911	70.2453437262103	70.2178838786714	70	70.0016582615991	69.9863935846874	69.9918891731106	91.75	91.7426183967621	91.7413752325694	91.7299533712843	87.7	87.696986286734	87.6919968928856	87.7145660840457	100.51	100.494388922756	100.501088195028	100.507913972527	101.55	101.544789301381	101.542125268454	101.559439696624	98.49	98.4985741882331	98.5086512848684	98.4880225639773	99.96	99.963472016366	99.9417024708943	99.9630098041556	94.54	94.5393689123089	94.5503705651243	94.543493501141	92.5	92.5046470500522	92.5045169968157	92.4903828620964
2026-01-12	75.41	75.3993268343576	75.3921266364681	75.4239808575039	75.23	75.2275309738498	75.2296653396634	75.2316844610801	74.1	74.0893740387257	74.1089614177065	74.0945218038762	65	65.0024697860862	64.9880711283935	64.9872145621369	56.46	56.4529509940574	56.4583960325683	56.4678171780811	65.22	65.2291087537781	65.2223792994411	65.2215806638855	71.12	71.113940364163	71.1250421642068	71.1214974986164	90.3	90.2877236256039	90.3018786673814	90.3204177975293	93.99	93.9945198945299	93.9856686419551	94.0023440028799	112.2	112.193052312589	112.203963570131	112.192974975495	99.5	99.5015815085141	99.5053963160245	99.5037673581501	86.99	86.976877973744	86.9919937528899	87.007007410541	77.39	77.3943821936886	77.3955737605265	77.3863594089118	77.1	77.1293058267967	77.0975328760537	77.0908925058674	74.15	74.1478418076929	74.1532394657632	74.1340037975502	61.5	61.5033323912996	61.4918770715001	61.4873284027284	74.72	74.7204255450801	74.7173585896264	74.730806402925	92.85	92.8377713760269	92.8357134798744	92.8388402688816	108.4	108.39025427915	108.399701730538	108.396292532096	111.55	111.545867223591	111.538156269066	111.539511942887	108.47	108.467109301389	108.472155818398	108.484332091496	109.2	109.193501910181	109.184319721237	109.194544054302	106.6	106.60016040425	106.595857230496	106.612748930282	92.04	92.0302092639807	92.0383298817527	92.0329678121034
2026-01-13	93	93.0000018049587	92.9916903631238	93.0185324619584	88	88.0051741737826	88.0066419985095	88.010550776423	80.29	80.2958555423448	80.2756064942771	80.3069776250845	85.3	85.2987106105914	85.2916036193889	85.3035250623926	78.67	78.6607954867492	78.6713283686236	78.673170320436	79.87	79.8583339087245	79.861240125541	79.8728769270675	84.48	84.4797576758864	84.4718922705207	84.4547452020552	96.54	96.5371181604113	96.5368939926255	96.5371206085015	105.01	105.036201267536	105.026596219306	105.015379691809	111.4	111.409441173839	111.406301288097	111.407685382894	101.93	101.903914818134	101.914939510991	101.947960449451	94.16	94.1385807177347	94.183632517058	94.1598169567363	85.3	85.2907915158126	85.295875529412	85.2909026997857	78.45	78.4501504512957	78.4489175365459	78.4607369790342	75.55	75.5481261454599	75.5469097473428	75.5734168166207	85.72	85.7136771101806	85.7287645385357	85.7237581869149	85.18	85.1699656393085	85.1732121334485	85.1843131309034	94.67	94.6850875176797	94.6641630484957	94.6682714166679	107.79	107.772717093157	107.785309758498	107.782229403906	110	109.980499589244	109.993354724511	109.989937374657	128.88	128.88339814242	128.885415270726	128.881355820228	144.02	144.023057389032	144.019906128931	144.011190301721	115	114.991763507128	115.002899675782	114.998325313996	106.04	106.05624265526	106.050014149495	106.044453245617
2026-01-14	93	92.9974384800763	93.0080853627463	92.9880934808764	88	87.9976081808058	87.9928426789382	88.0050575804947	80.29	80.2868125238205	80.3133173679578	80.2914240486807	85.3	85.2995936598446	85.3095578749598	85.3087105078317	78.67	78.6615207637593	78.6781924785129	78.674863631491	79.87	79.8781262095672	79.8667416592951	79.8694377055185	84.48	84.4822819359082	84.4689189149012	84.4791435274578	96.54	96.5441629759157	96.5340228121989	96.5470772006066	105.01	105.008718908856	105.004878925194	105.001452445499	111.4	111.382930739416	111.396888596751	111.390273389409	101.93	101.940493865597	101.90785783998	101.932760884999	94.16	94.1544779887585	94.1549575426511	94.1597642493732	85.3	85.3034457028294	85.3101651239266	85.2994277209401	78.45	78.4332448016171	78.4503826060342	78.4416319525982	75.55	75.5501912769843	75.5399275004063	75.5423342642994	85.72	85.6979348935533	85.7119602089951	85.7148572497621	85.18	85.1939721601214	85.1719394940732	85.1871143018613	94.67	94.6705058697763	94.6688579205033	94.6606559595446	107.79	107.800927712648	107.794733037381	107.797639724086	110	109.999768392442	110.016046365031	110.001928447201	128.88	128.886561535454	128.895573968852	128.884890140806	144.02	144.019773371396	144.013314400711	144.012726691179	115	115.007243311195	114.991391404509	114.986788356273	106.04	106.040569578663	106.043044332855	106.023339397188
2026-01-15	93	93.0089582943937	93.0033149820448	92.9988106497462	88	88.0142517931291	87.9919740955253	87.9995553031498	80.29	80.2825631283469	80.2982350431839	80.2790328552904	85.3	85.3127044692048	85.2922556999123	85.320088621314	78.67	78.6622299919981	78.6634841171048	78.6771318585273	79.87	79.8885525295778	79.8710180344079	79.8770354586545	84.48	84.4802754371712	84.4829593526407	84.4719420595668	96.54	96.5483645082869	96.5348094684871	96.5392250226084	105.01	105.010164042409	105.030007324452	105.005549538989	111.4	111.391544632481	111.41176127463	111.39792398217	101.93	101.923100751669	101.932812201117	101.920949696708	94.16	94.1632696116867	94.1617452081435	94.158737082519	85.3	85.2974247904533	85.3129176928448	85.2945386197166	78.45	78.4634948750897	78.4456330700676	78.4559082331916	75.55	75.5554343214027	75.5547497603843	75.560341998933	85.72	85.7218500270062	85.705055314723	85.7195692152374	85.18	85.1672325784387	85.1906048270076	85.1852525405976	94.67	94.6730501230759	94.6739113971452	94.6863167953196	107.79	107.795896504998	107.781945547761	107.79412344984	110	109.996660144072	110.008930153595	109.992647820405	128.88	128.864980044876	128.882388269514	128.87268798413	144.02	144.030079163152	144.032774480604	144.009894588303	115	114.992224256781	114.987916044	115.011819596452	106.04	106.03992893946	106.029532199869	106.031035118761
2026-01-16	93	93.0032083900553	92.9893514079657	92.9946333550663	88	88.0005698502087	87.993548707864	87.9852262149045	80.29	80.3004259096259	80.2663719050246	80.2901814493191	85.3	85.2909664093587	85.3046704200596	85.3128889351722	78.67	78.6770616087674	78.6687848654598	78.6498364453266	79.87	79.8699423189951	79.8730054371587	79.8649931513562	84.48	84.4870636796476	84.4686371857021	84.4844730221469	96.54	96.5448083881434	96.5436069125008	96.5312753913933	105.01	105.004804637491	105.014979000638	105.024608286374	111.4	111.389190508725	111.406939428985	111.38352899519	101.93	101.944511208581	101.943687453887	101.936429925027	94.16	94.168153052575	94.1658568294537	94.1493262355483	85.3	85.2885821750574	85.304393181055	85.3010711079581	78.45	78.4445017691404	78.4426228961011	78.4435270524271	75.55	75.5546105828851	75.548633437032	75.5360821411404	85.72	85.7275186854886	85.7348383596485	85.6998445526085	85.18	85.1901313333048	85.1886377709382	85.1794303148599	94.67	94.6778302147329	94.6690002139366	94.6472657868921	107.79	107.80703996168	107.789330038769	107.813156937894	110	110.001773101023	110.009673986726	109.986447792827	128.88	128.887187067372	128.876744304749	128.88000912083	144.02	144.028496342904	144.018664179287	144.01870756194	115	114.992383145814	114.998101561789	114.981722046122	106.04	106.038710737214	106.041373114609	106.044517078377
2026-01-17	120.78	120.789624900089	120.772606398684	120.767107234385	110.39	110.397280655096	110.389543034247	110.387626478656	108.51	108.497398477516	108.498878010294	108.518727572092	109.1	109.099795480165	109.101025863595	109.097402925548	101.91	101.905008823016	101.915423770282	101.905836098954	99.95	99.9475998653689	99.950163380633	99.9434130781326	104.83	104.827802089749	104.825543283051	104.838202566566	104.99	104.986636927885	104.999499497145	104.999585590587	106.02	106.025955525398	105.993039103525	106.012652097852	118.3	118.302865211862	118.309784075946	118.296069724266	120	120.007486963754	120.004321642372	119.996017542944	119.99	119.974837043642	120.001318796367	119.985967727511	113	113.007019702802	112.991795909345	113.00584572013	112.07	112.07120991735	112.07190246161	112.063266066455	111.19	111.194280657459	111.192104657419	111.192724959637	113.76	113.743041768928	113.760599729281	113.748336019527	116.62	116.626995408307	116.618808659311	116.615260068762	124.05	124.043900567341	124.042551051345	124.041546378829	141.49	141.474784095823	141.496802832142	141.495352289894	141.8	141.798741399028	141.811423814721	141.791931761848	154.91	154.890463651381	154.916315676663	154.921258055658	166.7	166.683267370988	166.691393128862	166.690119121486	137.63	137.621824677308	137.630177837287	137.636593697325	144.17	144.159194741897	144.176909222427	144.160502331087
2026-01-18	116.53	116.529606533177	116.533528246587	116.520402554059	113.84	113.840210513391	113.832306228643	113.839639386143	111.34	111.329341430694	111.339939438351	111.338917714749	103.7	103.695512578329	103.708256400739	103.698706630174	104.01	104.008396447815	104.009854413473	104.027949672494	105.84	105.850856855459	105.832699854193	105.84183469716	103.86	103.84462686419	103.862861470419	103.859361558792	106.36	106.344489780875	106.356890762612	106.361616965315	109.9	109.894557430614	109.908209135925	109.890888378445	117.97	117.971603190493	117.955568566958	117.964285333896	112.67	112.660389811695	112.665231593701	112.684200129953	105.11	105.114340366929	105.097207949119	105.098082550264	102.7	102.700755369203	102.701211678786	102.692627067792	102.7	102.7034668412	102.704112621323	102.68637801568	102.44	102.433592068677	102.457372111738	102.442196256753	102.87	102.858870916115	102.869855656617	102.858844315779	105.45	105.445018483186	105.453088142617	105.451768532788	122.55	122.538422939628	122.546355121595	122.561043919032	144.83	144.819828250709	144.8356572015	144.811526498462	146.79	146.799941188026	146.795336603913	146.782626282881	163.18	163.177563055725	163.17652851716	163.185229386897	174.58	174.578205704463	174.56670821363	174.577797776179	149.3	149.294269526153	149.301426360718	149.295798631509	135.33	135.320220481711	135.329853406834	135.316747568187
2026-01-19	116.25	116.243431374326	116.24825822715	116.250933162867	107.88	107.88085037508	107.878762283321	107.874291768054	105	105.00959333831	105.002566589389	105.022015528641	100.49	100.496889549494	100.494116245323	100.480833030628	100.44	100.436533189665	100.438983247243	100.453156447462	98.7	98.6909562769137	98.7092849173938	98.7054001440702	106.81	106.803462504985	106.818135810641	106.80657054365	129.29	129.283272986349	129.298876298611	129.274786011322	154.48	154.470638741886	154.481402146487	154.491563022113	173.52	173.518890926863	173.52872431682	173.541125728811	126.27	126.260405287912	126.272628311123	126.274702743221	108.77	108.787280300831	108.790794476859	108.772513701918	107.8	107.79444821594	107.791744194824	107.789938187429	106	105.973968535281	105.980688212884	105.986776612305	102.33	102.318058479539	102.34055961063	102.337517312222	102.31	102.314090066433	102.297294826437	102.303307545832	103.26	103.276764124943	103.250856559708	103.269543107809	117.45	117.439345902337	117.456990732533	117.461875127446	144.1	144.094310891502	144.104567993951	144.098621335197	189.13	189.1195110984	189.1461336123	189.130323791207	159.54	159.539355234934	159.542689208219	159.539537658022	134.42	134.420263227477	134.434964797902	134.412617469352	131.84	131.82654692742	131.854229969	131.846696422162	119.53	119.526451311144	119.521000666941	119.525194347367
2026-01-20	116.25	116.231721315016	116.249234831884	116.245843453028	107.88	107.884006925738	107.875701972876	107.881457040616	105	104.996459505614	105.03316009678	105.011309601722	100.49	100.497609844336	100.484951903922	100.496766743519	100.44	100.435676728278	100.437518619236	100.429438981147	98.7	98.7086322776243	98.7039563047261	98.7033963786151	106.81	106.806898518088	106.805533674088	106.814466298207	129.29	129.293972970903	129.288033713081	129.286506882286	154.48	154.4844545377	154.484581987435	154.496394336418	173.52	173.515761868444	173.5255018936	173.512974950086	126.27	126.272383287165	126.265070701321	126.268343207042	108.77	108.753188173976	108.778577045553	108.771734301384	107.8	107.797575209234	107.800007108325	107.807726310642	106	106.000345598353	106.002510338566	105.998499546678	102.33	102.330786770896	102.317345480962	102.313799931956	102.31	102.313013327606	102.316383853195	102.303216692849	103.26	103.264345599858	103.237491471573	103.256607370659	117.45	117.450232627772	117.450636490748	117.443260302521	144.1	144.104361850758	144.104904682852	144.109615715625	189.13	189.118933480173	189.117703436072	189.128459856357	159.54	159.540177081877	159.540634705288	159.530125350982	134.42	134.432860131949	134.432124379392	134.413460371543	131.84	131.840830119798	131.845651027976	131.822414112214	119.53	119.522298293526	119.540008428402	119.53249576837
2026-01-21	94.2	94.2233314547547	94.1867287719716	94.2109828286171	89.7	89.6846183599505	89.6893938045234	89.7123912910885	84.99	84.9832705272952	84.9879498208901	84.9873119895845	78.17	78.1769717281136	78.1905106175214	78.1639592795929	64.66	64.6659089509346	64.6614658621193	64.6703088121864	65	65.003772162205	65.0115453193725	64.9817314980679	69.21	69.2037392780132	69.2057085784899	69.2291609049385	93.38	93.3780407390967	93.3860895916891	93.3774062491656	93.38	93.3725105875626	93.3766374007422	93.3683495704479	96.92	96.9186282968263	96.9050027033482	96.9335866705343	93.38	93.3746239926455	93.4124177970802	93.3671028708828	83.9	83.8859871343376	83.9128732363746	83.9118450750631	75	75.006233835044	74.9915860225569	74.9971129249359	72.5	72.5008614946902	72.5166445280565	72.4714682831637	74.18	74.1910886918108	74.1733570865578	74.173853017806	77.57	77.5633718510476	77.5722064411375	77.5757441071899	76.2	76.2062169021924	76.1958983752132	76.1931721285369	82.77	82.7502776517906	82.7585068363339	82.7678922548898	84.99	84.9713646407404	84.9900678702869	84.9894425633106	92.9	92.9070287757674	92.9002954758281	92.8973432095406	100	100.009771020408	100.010030772176	99.9880006346197	103.2	103.205290495832	103.20537396481	103.211816954772	100.7	100.681046517078	100.704551588997	100.694215881623	87.2	87.1969804147577	87.1984168267559	87.22296732428
2026-01-22	53.97	53.9716716571153	53.9734493824465	53.9796941367456	50	49.9819806425517	50.0115293518632	50.0203841801692	50.17	50.1708269472929	50.1680484793756	50.1606985830737	41.15	41.1550583023036	41.1501721124416	41.1451537864547	25.51	25.5241850673827	25.5073159711616	25.4957536034083	39.45	39.4495370087967	39.457316563554	39.4503959694412	35.5	35.5130141156716	35.4975117588347	35.4983601537477	40.89	40.9041801418044	40.8765499346835	40.8793568642679	69.7	69.709594198577	69.7241805272461	69.6969034634412	95	95.0211238118414	94.9906371443795	95.0052896232977	63.83	63.8331005232961	63.8256975169662	63.8282146996376	34.95	34.9579631899189	34.9411389663501	34.9479803503606	33.47	33.4644071230908	33.4692135177774	33.4672844214124	35.66	35.6572554477799	35.6542994417281	35.6628635516222	33.23	33.2319909430913	33.2302443261248	33.222437663504	33.6	33.580058177541	33.5975077162625	33.5816643028677	33.5	33.4840542139255	33.5123056229202	33.4928714985335	63.3	63.3124065810746	63.318664318144	63.2872341730673	71.24	71.2230646919837	71.2459814690993	71.2387914700045	80.5	80.4836118092678	80.5035421967466	80.5014246631098	85.63	85.6270560478588	85.6444743887934	85.6274113701317	80.5	80.5135694184625	80.5040162050906	80.4992156176252	70.78	70.7764255083542	70.7702987766572	70.7707079208967	64.49	64.488512992154	64.4738843295631	64.4848026666771
2026-01-23	38.99	38.9946150027215	38.9936056398837	38.975942082663	25.22	25.2178514741118	25.227124328052	25.2102046064404	21.29	21.2888100043961	21.2809377909636	21.3065499195368	21	21.0029285216395	20.994380067072	21.0018761486655	21	21.0017115251942	20.9772445915799	20.9728694179306	25.66	25.6769248174004	25.6616823580708	25.6585528891628	31.3	31.3175861604566	31.2928977709444	31.3027901001757	50.27	50.2690595507101	50.2750297386999	50.2781847992389	53.55	53.5517671955496	53.5465864253406	53.5408477723692	53.73	53.7264937973105	53.7346706914161	53.7318312651007	35.05	35.064941008013	35.0588836637378	35.0408531255043	9.57	9.57404861084065	9.5660342479944	9.57445774879315	0.91	0.917921723030186	0.914619497311322	0.924063975888016	0.91	0.914385175712902	0.902018351190335	0.903426193385147	0.92	0.914103722693404	0.920607456218008	0.924176769427065	5.37	5.37543785750276	5.36162120159504	5.36509849088551	17.94	17.9373053053441	17.9205008812541	17.943274917773	30	30.0111356892239	30.0040097190496	29.9989232890152	57.69	57.6891602509993	57.6928554263565	57.6950079925593	85.8	85.7883941686734	85.7854373984691	85.7854583618448	103.01	102.998243759518	103.004599925789	103.007755878693	101.25	101.246599902016	101.266632992474	101.232958091429	93.2	93.203419870234	93.2034583526094	93.1913376909843	69.94	69.9380473727516	69.9478631596115	69.9359678219439
2026-01-24	58.82	58.8253551624427	58.835571363509	58.8265546497564	45.66	45.6372647018407	45.6582817160965	45.6590557541272	34.02	34.0135665142742	34.0156818065697	34.0251216304033	32.44	32.4380983624037	32.4359501513717	32.4344108179136	22.95	22.9463198830424	22.9598720274987	22.9662159638503	12	11.9924883284372	12.0005316514664	11.9958930841402	7.16	7.16342951949664	7.15518881056187	7.14205436084526	19.27	19.2740693574521	19.2832025567879	19.2628040225472	26.09	26.0876310739513	26.0883013441	26.0813451704248	41.3	41.3069777722925	41.3037198024778	41.3117657985875	25.97	25.9757498704983	25.9675903767576	25.9630960180081	15.71	15.7189236868524	15.7022898799995	15.7009796871668	0.37	0.394779317428485	0.365516743047369	0.358342433468879	0	-0.00831697232181868	0.00592348874485843	0.00172484081609638	3.02	3.01961975194381	3.02362454125052	3.02838470056744	0	0.0116855851324424	-0.0275967255695748	-0.00404278538743422	2.34	2.33660599101385	2.3247890696772	2.3336431699389	10.1	10.0761912211644	10.0995917645325	10.1079694173927	14	13.9975872439899	13.9965812257963	14.000805005399	34	34.0070584923829	33.999848561925	33.9781479540976	44.81	44.8026167871041	44.800717322938	44.8079261076827	48.64	48.6423919151045	48.6440540878816	48.6308247521048	35.99	35.9982163144659	35.9790730817684	36.0062187250859	32.2	32.2027938423015	32.1806054358389	32.2058516834772
2026-01-25	5.51	5.51456997452868	5.50411847385132	5.51504217061099	4	4.01062605295962	3.99196330281621	3.99919852060235	-1.01	-1.00224651157402	-1.0109878489703	-1.01273214092424	-5.22	-5.22698116212436	-5.20430745429712	-5.1894359660722	-5.72	-5.73819776456082	-5.71146168722204	-5.71089112093043	-5.72	-5.71572165429715	-5.70762350891686	-5.73633852142959	-5.22	-5.21086125705513	-5.22688388468479	-5.20515667137455	-3.62	-3.6137980683793	-3.62723711240811	-3.61248957252048	-3.12	-3.12531027767577	-3.11742917095831	-3.11667394498809	-0.81	-0.814400292364491	-0.805278366654822	-0.827847522503936	-0.3	-0.287697616771479	-0.306643630482643	-0.282790204903325	-0.3	-0.307021729440352	-0.313537463423239	-0.288333074929814	-0.3	-0.304756861586722	-0.293054086788582	-0.300066436595484	-3	-2.97904180999518	-2.99479990563553	-3.00734756937726	-3.01	-3.01185704885732	-3.01367088346889	-3.02158913434213	-3.12	-3.11614175459035	-3.13110347798723	-3.12435134649512	-3.05	-3.0532313591119	-3.03978843264277	-3.04139396833425	-1.8	-1.80564892069747	-1.80309897861911	-1.79768401300796	15.77	15.7833187706544	15.7608164617107	15.7711333281102	29.01	29.0090128353216	29.0205128776738	29.0078849037574	40.02	40.0067814391145	40.0298485582373	40.0101904063626	46.3	46.301309957187	46.3049895016252	46.3055559104156	35.02	35.0321171712735	35.02255646076	35.0240968416455	5.51	5.50510859116237	5.51288463296401	5.50029894178309
2026-01-26	3.56	3.54297079784442	3.57666193900607	3.56415634467228	2.77	2.77840026081164	2.78067458518476	2.78001859497291	2.4	2.3940164485635	2.397944623617	2.39593137118561	3.78	3.7716116116855	3.76562988507096	3.79029506227621	-0.22	-0.204338917946913	-0.218072711117818	-0.212141298124986	-0.22	-0.211645124928522	-0.213224737591332	-0.222177991464659	0	0.00403474325230027	-0.00885514095111027	0.00350302989461605	4.29	4.27922609552516	4.29233575365859	4.28033174606959	33.98	33.9898308511258	33.9857284771319	33.9632828078007	65.25	65.2436668472746	65.2570969510241	65.237014601646	60.98	60.9789531170286	60.975770007181	60.9818161702709	56.95	56.947096178984	56.9526318654777	56.9503907502214	35.97	35.9659152527629	35.9704815520799	35.9669651180424	31.5	31.5012226372517	31.5126178011035	31.5064310578997	30.11	30.100150140658	30.120086619416	30.1164448669821	31.86	31.8579921204533	31.8491267425848	31.8715357543756	33.49	33.4863152653342	33.4989404964872	33.4941325261471	34.78	34.7833851630216	34.7798053149966	34.8126760276133	47.3	47.3052250774946	47.2975996612566	47.2958481737745	70.5	70.5043345855511	70.5039754095081	70.4916224772753	91.65	91.6405029910447	91.6529918996927	91.6443726040075	96.15	96.1339490098882	96.1551855035284	96.1420736324919	64	64.0100114417295	63.998443376028	63.9819009811492	25.24	25.2270200736471	25.2269054653103	25.2528362553062
2026-01-27	15.9	15.8848381110974	15.9148374774588	15.9053870286812	7.96	7.96176192257647	7.95909928990246	7.95349581501059	3.78	3.77812742054054	3.7832768211378	3.76428247504056	3.78	3.78603768771671	3.79372230732445	3.77003753874412	3.78	3.78954100869283	3.77558361051433	3.76834870878091	3.78	3.77542768125967	3.78788840016183	3.79168192615807	3.78	3.77842697952242	3.77583945187436	3.78554162784498	3.78	3.77524997299787	3.78219638563998	3.77513145572589	23.2	23.2006690464818	23.2193947417852	23.19526165071	29.94	29.9338149037124	29.9268924437343	29.9427374707829	32	31.9765001223157	31.9887266633676	31.9934232392065	29.77	29.7748085755042	29.7739449012794	29.772962322514	21.96	21.9476373311684	21.9549483214979	21.9723945156373	10.46	10.4520099534426	10.4538589062915	10.4428033496392	10.69	10.7023861524512	10.6951282339197	10.6890960654116	0.91	0.915749789905896	0.897210125589718	0.909670944883848	10.38	10.3783612509921	10.371107108625	10.3740079767132	29.78	29.771069520268	29.7721734119359	29.7745229560634	45	45.004728684062	44.9802937831527	44.9873920395337	75.35	75.3554668578709	75.357934045772	75.3436243772771	99.51	99.5046255128016	99.5188972967227	99.5049813927878	100.97	100.961597589622	100.974110383765	100.984323009853	53.92	53.9129926204901	53.9225340949451	53.9176479229341	30.2	30.1878285129023	30.2000850887823	30.1945749917426
2026-01-28	3.78	3.76508806228154	3.771245933781	3.78805064954886	3.63	3.6221980315005	3.63688400006125	3.60641197777554	2.72	2.694578642515	2.71721640856154	2.71834819146321	1.98	1.98670850292757	1.96491666579511	1.97759487524147	1.98	1.99816554505391	1.9891606206446	1.98841244170851	2.77	2.76818233501593	2.75100875866798	2.78575794076066	3.78	3.77962978575252	3.79776790506398	3.78041356579329	29.28	29.288884987803	29.2808177310016	29.2855815135737	89	88.9967707376606	89.0158775370351	89.0044578169819	115	115.004091792547	115.020173140377	114.989041089626	100	100.020263291087	100.004579004148	99.996592461722	63.86	63.8582085255784	63.8480148549695	63.8474408068548	27.36	27.3585166832976	27.3654941719694	27.3420404309518	25.01	24.9991930510662	25.0128358232139	24.9995571697262	14.15	14.1532769856247	14.1423954029611	14.1471285337622	3.98	3.97768264101358	3.99583463973079	3.96920121075895	5.01	5.03082663618343	5.00297278929411	5.01073795051884	20.31	20.3262547522934	20.3137249045131	20.3168668095512	39.62	39.6268202842565	39.5943303651841	39.6246430027302	70.24	70.2641678614377	70.2369336699619	70.2419848292885	85.1	85.1036799879463	85.0996172448779	85.104138501937	77.51	77.5145838120823	77.5022814627004	77.5122822854512	61.6	61.6120372860134	61.60924450001	61.6031755794294	25.78	25.7851868916542	25.7726157387721	25.7802966701758
2026-01-29	11.82	11.8167566170417	11.8214313759741	11.822825980827	7.96	7.96565919874059	7.96913736985848	7.95201520605463	3.2	3.20669707426059	3.20461966505109	3.18842412309486	2.94	2.94511966338187	2.95103652377942	2.93534382236712	0.91	0.887807737328686	0.900110361626566	0.917900434853857	0.91	0.902841562582643	0.910332589074883	0.91170418641346	7.58	7.56434744514375	7.5750186387989	7.57047451636599	40.01	40.0246320480054	40.0051104744474	40.0021901028276	40.02	40.0290436403519	40.016747035744	40.0122989745588	99	99.0140529723814	98.9741379077311	98.9855753033882	75	74.9945612206272	75.0067376316589	74.9800136444485	39.56	39.5675416212622	39.5500053567304	39.5649505317072	29.89	29.8901823043572	29.8860339839451	29.8822900666378	24.11	24.1150823311279	24.1239716196676	24.1040462287773	14.39	14.3919415910089	14.3831991859657	14.3883423272463	11.8	11.8038556643636	11.7868577510577	11.7805290205819	8.6	8.58766414770458	8.6012559380475	8.58253416047853	8.83	8.82198011934197	8.83364464236411	8.82340741968062	39.02	39.0374420492575	39.0174777949023	39.0107799310556	40.01	39.9939398030192	40.0135757368149	40.0109106790012	40.02	39.9907983951232	40.0264019371606	40.0377913406284	40.02	40.0233723323439	40.0295257461674	40.0130621740047	26.59	26.5878184689945	26.6121109613932	26.5750817485221	15.91	15.9131640377967	15.9063674419878	15.9027375023713
2026-01-30	-2.66	-2.65518216527747	-2.65425900208011	-2.65327395509749	-4	-4.00735913317918	-3.99513595445093	-4.02633465563689	-4	-3.99570742170624	-4.00038003752752	-3.98805745002158	-4	-3.99026618615071	-3.99157590133321	-3.99182365620789	-4	-4.00021501393815	-3.98701716142945	-4.01170476955498	-4	-4.00101217541004	-3.99384230948527	-3.99668264650721	-2.92	-2.92900269329405	-2.91672170214019	-2.92990562411623	-0.01	-0.0123803757268659	0.000627475315680524	-0.033895815663329	27.82	27.8369495501894	27.8206836835138	27.8198022855361	35.21	35.2260269606823	35.2068632733744	35.2176334871831	0.09	0.07753002208878	0.108979162027703	0.105205575327623	-4	-3.99180045511956	-4.00684528105205	-4.00043767954771	-2.42	-2.4094519698937	-2.4206064560784	-2.42169627810413	-3.3	-3.29961682795725	-3.29932960049202	-3.30342151554743	-0.5	-0.498442266089438	-0.487319325879748	-0.495717010203992	-0.81	-0.783767856599038	-0.810363233939727	-0.79951383720475	-2.22	-2.21636718161872	-2.22400607577326	-2.21798656583526	-4	-3.99759828535217	-3.98035747157845	-4.00174744578531	-0.4	-0.402726608058038	-0.397747349149083	-0.390857785428454	36	35.9906262779108	36.0088864993294	36.0079346850462	38.23	38.2388426705371	38.2215227604123	38.2589926739811	15.03	15.0488976090439	15.0401327917037	15.0115058281826	14	14.0140322049104	13.995483789377	13.9898726425774	3.65	3.65656476586816	3.63383242499667	3.64761213399532
2026-01-31	-5	-4.99683355213952	-4.98412766453959	-4.99243371730845	-6	-6.00406663812733	-5.99359676313209	-5.99109414712451	-7.25	-7.2428760228909	-7.25365244140168	-7.27049948612201	-6.49	-6.49349759313698	-6.47587305759833	-6.49219945652892	-8.33	-8.31362024368067	-8.3225425989725	-8.31317089662051	-14.16	-14.14974130085	-14.1457834638189	-14.1712233772063	-10.12	-10.1192270387621	-10.1234803230674	-10.1397719648991	-5.62	-5.6155955835664	-5.62907546204011	-5.61977791154109	-6	-5.99402580326197	-5.99492960262086	-6.00195977741023	-5.12	-5.1008033979101	-5.11941190840844	-5.1110853327708	-5.12	-5.13147621486225	-5.11937103463545	-5.12448464082226	-5.61	-5.62364022937527	-5.62436714147994	-5.61918180355063	-6	-6.0059458628825	-6.00344171969901	-6.02091789642921	-5.61	-5.61207557941571	-5.62066061136142	-5.61636836551421	-5.61	-5.59466069864829	-5.59575147076462	-5.60573025902693	-6	-5.9896874075815	-6.0019925088124	-6.00930872971085	-5.32	-5.32818717674555	-5.31687444817658	-5.31856653590973	-5	-5.0008300651309	-5.00756146345561	-4.99224069309244	-0.5	-0.494723763989487	-0.507509510910554	-0.48856490525098	-0.31	-0.312053597022486	-0.310861611732999	-0.308528541331627	15	15.0090225339378	15.0015675560149	14.9950718052303	19.4	19.3874844028719	19.4107037610027	19.4228145492281	5.9	5.90364671708699	5.90123196926892	5.89544033387349	0	-0.00766135447996856	0.000334525753168096	0.00475816106756744
2026-02-01	0	2	2	1.98	-0.2	-0.3	-1	-1	0	0	0	-0.4	-0.5	-1	-1	-1	-1.9	-1.91	-1.9	-1.9	-1.84	-1.79	-1.69	-1	-1	-1	-1	-0.16	-0.02	1.78	1.78	1.78	-0.5	-0.2	2	3.37	10	9.9	10	7.93	8.78	7.46	5.58	3.78	5.81	4	3.78	2.8	2.58	2.58	2.58	2.58	3.78	3.78	3.78	3.78	3.78	3.78	3.78	3.78	3.78	3.78	3.78	3.78	3.78	4.16	8.96	15.44	20.78	31.2	37.23	53.52	45.7	50	103.23	109.17	109.75	103.94	106.6	106.6	108.6	109.8	118.7	107.69	108.66	113.35	111.79	100.15	62.15	47.24	35.22	30.02	23	18.68	6.64	0.01
2026-02-02	2.4	0.2	0.37	0	0	0	0	-0.01	0	-0.3	-0.3	-0.3	-0.3	-0.5	-1	-4.99	-4.24	-4.39	-5	-2.5	-2.99	-1	-0.5	-0.3	0	0.1	-0.4	-0.04	10	24.68	40	53.01	57.19	64.61	66.8	64.6	64.02	50.58	29.55	25.37	20.54	13	2.81	0	0	1.79	2.17	0	0	0	0	0	0	0	0	0	0	0	0	0	0	0	0	0	-0.3	0	0	0	1.98	1.5	-0.4	6.45	3.34	5	19.01	35.02	41	53.7	53	54.59	57.19	60.49	60.49	57.19	58.89	58.39	52.6	40.02	35.01	16.51	8.54	9.46	4.1	2.58	-0.3	-0.4
2026-02-03	1.72	0.9	0.9	0.11	0.2	0.11	0.01	0	0	0	0	0	0	0	0	0	0	0	0.01	0.01	0.5	0.9	0.91	1.98	3.78	3.78	13.31	23.1	35.52	67.21	70	92.75	96.5	98.95	100.61	97.54	96.1	81.43	50	33.66	35.8	25.46	18.12	6.28	4.28	3.78	3.78	1.98	1.98	1.6	0.91	0.91	0.91	0.91	0.91	0.91	0.91	0.91	0.91	0.91	0.91	0.91	1.6	2.89	1.98	3.78	3.78	17.88	17.96	25.57	36	53	55	77.23	91.31	96.31	107.73	108	115.78	109.7	113.4	108.75	104.99	97.66	93.35	90.56	87.54	62.35	54.94	53.4	32.4	25.79	36.81	12.6	7.91	5.37
2026-02-04	5.03	3.97	3.1	0.01	0.01	0.01	0.01	0.01	0.01	0.01	0.01	0.01	0	-0.15	-0.3	-0.5	-2	-2	-2	-3.29	-3.63	-3.63	-2.51	-1.85	0	0	-0.2	0	0	0.01	14.99	34.92	20.24	35.02	38.01	35.22	35.52	30.01	5	0.01	0.01	0	-0.17	-0.4	-0.3	0	0	0	0.01	0.01	0.01	0.01	0.01	0.01	0.01	0.01	2.33	2.48	2.58	3.59	3.59	3.62	3.73	3.78	3.28	2.33	4	8.27	7.15	3.65	23.2	25	17.34	35	38.51	70.02	56.35	48.39	59.96	62.39	71.94	82.99	84.1	81.43	78.54	70.2	79.99	55.76	48.52	39.64	20.74	8.11	9.36	0.01	0	-1.22
2026-02-05	3.78	3.78	3.78	1.98	0.9	0	0	0	0	0	0	0	0	0	0	0	0	0	0	0	0	0	0	0	0	0	0.91	2.48	3.78	11.28	14	16.54	19.58	19.5	15	13.91	11.33	5.77	3.78	3.78	3.78	3.78	2.48	1.2	0.91	0	0	0	0	0	0	0	0	0	0	0	0	0	0	0	0	0	0	0	0	0	0	0	0	0	0.01	3.78	3.78	3.98	9.17	19.76	35	35	35.01	37	40.01	40.02	40.02	36.47	35.51	35.01	30.01	16.97	14.9	9.04	3.63	0	0	0	0	0
2026-02-06	0	0	0	0	0	0	0	0	0	0	-0.14	-0.15	-0.15	-0.15	-0.15	-0.15	-0.15	-0.15	-0.15	0	-0.1	0	0	0	0	0	0	1.98	3.78	4.48	6.28	3.57	8.11	15.6	16.66	10.29	3	2	3	2.22	1.03	0.91	0.1	0.01	0.01	0.01	0	0	0	0	0	0	0	0	0	0	0	0	0	0	0	0	0	0	0	0	0	0	0.1	1.12	3.78	3.78	10	16.7	35	41.5	47.8	52.5	61.54	64.99	58.08	54.9	55	43.81	47.5	45.02	32.51	19.1	3.42	9.85	5	3.78	3.78	3.78	1.98	1.6
2026-02-07	0	0	-0.3	-0.4	-0.4	-0.5	-1	-1	-1	-1	-2.27	-3.05	-3.05	-4.04	-4.65	-5	-5	-5	-5	-5	-5	-5	-4.67	-3.69	-3.68	-2	-1	-0.81	-1	-3	-2.13	-2.13	-1.2	-1	-0.4	-0.15	0	0	0	-0.01	0	0	0	-0.01	0	0	-0.01	-0.01	-0.01	-0.01	-0.01	-0.01	0	0	0	0	0	0	0	0	0	0	0	0	0	0.5	1.78	1.98	2.58	3.78	3.78	10.75	11.47	25.75	33	36.73	41.22	51.8	63.37	66	55.01	66.6	65.5	53.52	75.02	75.02	55	35.21	27.72	25.75	11.47	9.35	1.58	0	0.91	0.68
2026-02-08	0	-0.5	-1.84	-2.98	-1	-2	-2.21	-2.95	-2.95	-3	-4	-4	-4.73	-5	-5	-5	-5.1	-5.1	-5.1	-5.1	-5	-5	-5	-4.2	-4	-4.2	-4.14	-4.14	-5	-4.14	-2.95	-1	-2.19	-1	-0.15	-0.01	0	-0.1	-0.15	-0.42	-0.01	-0.81	-0.81	-0.81	-0.81	-0.81	-0.81	-0.81	-0.81	-0.81	-0.81	-0.81	-0.81	-0.81	-0.81	-0.81	-0.81	-0.81	-0.81	-0.81	-0.81	-0.81	-0.81	-0.81	-0.81	-0.81	-0.81	-0.5	-0.42	-0.05	0	0	0.5	3.73	3.78	3.73	24.5	32.33	29.11	35.02	41.98	63.97	64.9	65	73	74.12	80.92	48.52	33.3	27	16.4	5.4	3.84	-0.5	-0.5	-0.5
2026-02-09	3.78	3.78	0.99	0.02	0.01	0	0	0	0	0	0	0	0	0	0	0	0	0	0	0	0	0	0	0.01	3.78	3.78	13.7	25	35	39.51	44.2	75	88.1	93.05	93	91.47	76.18	54.94	35.21	28.95	20.01	6.89	4.64	4.48	3.98	3.78	3.78	1.98	0.99	0.91	0.79	0.16	0.16	0.1	0.1	0.02	0.02	0.02	0.03	0.02	0.02	0.04	0.1	0.55	0.55	0.91	1.98	3.78	3.78	7.78	23.78	18.95	14.01	28.15	33.02	40.31	86.05	92.32	93.11	86.48	89.26	83.46	83.05	79.5	85.7	76.95	64	35.02	32.42	25.57	34.9	32.31	10.15	3.78	3.78	3.78
2026-02-10	-0.5	-0.81	-4.53	-4.83	-4.84	-5	-5.42	-5.42	-5.42	-5	-5.42	-5.42	-5.42	-5.42	-5.42	-5.42	-5.42	-5.42	-5.92	-5.42	-5.92	-5.42	-5.42	-5	-5.92	-5.42	-5.42	-4.89	-0.5	-0.5	0.28	0.58	-0.2	0	0	0	0	0.77	0	-0.46	3.77	2.1	0	0	0.93	0.9	0.79	0	0	0	0	0	0	0	0	0	0	0	-0.03	-0.03	-0.14	0	0	0	-0.25	-0.5	-0.5	0	-0.34	0.5	0.75	2.77	0	-0.5	-0.5	-0.5	3.77	13.2	16.5	16.51	16.5	19.36	19.27	14	12	11.42	4.69	1.17	0	0	-0.5	-0.5	-0.5	-0.5	-0.5	-2.79
2026-02-11	0	0	-0.1	-0.15	-0.3	-0.4	-1	-0.16	-0.25	-0.5	-0.52	-0.52	-0.57	-0.57	-0.57	-0.57	-0.5	-0.57	-0.57	-0.57	-0.57	-0.5	-0.5	-0.16	-1	-0.5	-0.23	-0.15	0.98	2.78	3.78	3.78	2.78	3.63	3.78	3.78	3.78	3.78	3.78	2	1.98	1.98	1.98	0.91	0.91	0.9	0.38	0.22	0.21	0.16	0.16	0.01	0.01	0.01	0	0.01	0.1	0.16	0.37	0.38	0.9	0.91	0.91	0.91	0.62	0.91	1.47	1.98	3.78	3.78	3.78	4.28	5.37	6	8	10	20.79	32.05	34	34	35	33	26	13.5	11.05	5.04	6.05	2.11	2.26	2.11	1.79	1.28	0.98	0.9	0.03	-0.14
2026-02-12	-0.1	-0.14	-0.1	0	0	0	0	-0.01	-0.1	-0.2	-0.42	-0.42	-0.42	-0.46	-0.44	-0.45	-3.42	-5.28	-5	-5.36	-2.42	-2	-1	-0.51	0	0	0	0	0.76	1.98	2.53	3.78	3.78	3.78	2.38	1.89	1.59	0.12	0	0	-0.01	-0.4	-0.49	-0.6	-0.61	-0.81	-0.81	-0.81	-0.9	-0.81	-0.81	-0.81	-1	-1	-1	-1	-0.81	-0.81	-0.81	-0.81	-0.81	-0.81	-0.81	-0.81	-0.81	-0.81	-0.49	-0.02	0	0	0.29	1.98	3.66	5.19	9.18	22	25.46	29.01	27.76	32	30	32.91	30.01	26	20.42	19.82	25.46	22	23	22	22	13.2	7.3	4.28	2.64	2.12
2026-02-13	0	0	0	0	0	0	0	0	0	0	0	0	-0.04	-0.04	0	-0.03	-0.03	0	0	0	0	0	0	0	0	0	0	2.93	8.7	12	21.29	34.83	28.79	30.69	21.08	14	16	7.64	3.78	3.78	2	1.84	0.91	0.9	0.91	0.91	0.9	0.9	0.01	0.01	0	0	0	0	0	0	0	0	0	0	0	0	0	0	0	0	0	0	0	0	0.5	1	1.84	1.98	3.78	3.78	3.47	3.01	2.64	3.81	8.1	8.68	6.28	4.57	2.64	2.16	0.82	0	3.28	1.95	1.6	0.85	0	0	0	0
2026-02-14	0.01	0.03	0.01	0	0	0	0	-0.04	-0.04	-0.02	-0.04	-0.16	-0.25	-0.27	-0.52	-0.52	-0.52	-0.54	-0.57	-0.57	-0.54	-0.57	-0.57	-0.57	-0.34	-0.32	-0.34	-0.32	-0.27	-0.15	-0.15	-0.04	-0.1	-0.04	0	-0.04	-0.04	-0.2	-0.81	-0.81	-0.81	-0.81	-0.81	-0.81	-1	-1.5	-2	-3.99	-4	-4	-4	-4	-4	-4	-4	-4	-4	-4	-4	-4	-4	-4	-4	-4	-4	-2	-1.85	-0.81	-0.81	-0.81	-0.04	0	0.77	2	3.78	5.37	5.1	12	10.05	7.95	12	9.91	6.5	6.5	18.01	18.01	18.7	17.63	19.5	14	10.63	9.06	5.37	5.66	3.98	3.78
2026-02-15	6.4	5.37	3	3	2.91	1.98	1.1	0.41	0.75	0.43	0.1	0.05	0	0	-0.34	-0.01	0	-0.34	-0.44	-0.54	-0.44	-0.54	-0.54	-0.44	-4.98	-3.99	-4.01	-3.99	-0.04	-0.44	0.15	0.11	0.02	0.01	0	0	-0.15	-0.58	-0.81	-0.93	-0.81	-0.97	-0.81	-0.81	-0.81	-0.81	-0.81	-0.81	-0.81	-0.81	-0.81	-0.81	-0.81	-0.81	-0.81	-0.81	-0.81	-1	-1	-1.5	-1.5	-1.55	-1.5	-1	-0.81	-0.81	-0.81	-0.81	-0.81	-0.04	0	0	0.01	3	3.78	10.15	14	18.16	14.7	14.2	12.6	8.89	14	12.92	13.78	14	15.37	8.1	10	7	3.72	3.28	3	0.77	0.77	0.04
2026-02-16	-0.3	-0.3	-0.49	-0.54	-1.83	-2	-2	-1.99	-0.1	0	0	-0.12	-0.3	-0.3	-0.3	-0.3	-0.34	-0.34	-0.34	-0.3	-5.37	-5.01	-5	-3	-0.34	-0.3	-0.3	-0.05	3.78	4.16	10.6	10.75	7.97	8.35	6.54	2.01	1.78	0.79	1.36	0.23	0.4	0.15	0.2	0.01	0.01	0	-0.1	-0.3	-0.1	-0.3	-0.1	0	-0.1	0	0	0	0	0	0	0	-3.65	-5	-4.02	-4	-0.3	-0.01	0.01	0.3	0.77	0.91	1.98	3.78	0.77	4.5	9.77	21.85	20	21	20	21.55	14.2	12.76	12	12	4.1	5.3	4.33	4.01	7	6.02	6.51	5.79	5.9	1.98	0.9	0.77
2026-02-17	9.52	7.28	3.97	3.78	3.78	3.78	3.78	3.78	3.78	3.78	2.34	2.34	1.98	1.98	1.53	1.5	1.53	1.53	1.98	1.98	3.78	3.78	3.78	3.78	7.78	14	14	21.87	36	32.96	35	40	40.21	46.21	45	33.29	29.1	22.5	14.52	8.78	9.3	3.78	3.78	2.34	2.35	1.98	1.53	0.91	0.91	0.91	0.9	0.3	0.01	0.01	0	0	0	0	0	0	0	0	0	0	0	0.11	0.91	0.91	1.21	3.78	11.48	21.9	25.65	35.01	79.75	97.74	124.3	122.11	116.21	114.3	114.38	107.01	102.24	98.27	95	88.24	83.55	82.25	87.58	82.29	84.3	76.02	81.46	68.02	42.51	35.01
2026-02-18	54.42	45.32	34.01	25	25.01	22.01	17.92	15.69	15.69	12.78	3	2.5	2.5	5	7.19	2.5	-0.5	-0.04	0.77	4.61	1.83	2.5	8	9	8	15	18.68	30.9	35.01	54.9	78.6	79.99	85	83.03	79.05	60	54.41	27.67	22	12.1	12	3.3	3.5	2.47	1.56	0.99	0.58	0	0	-0.19	-0.34	-0.44	-0.5	-0.54	-1.5	-3.01	-3.01	-3.01	-3.01	-3.01	-3.01	-4.02	-3.01	-3.01	-3.01	-3	-0.54	-0.44	-0.41	0	3.13	3.58	1.27	5.37	17	22.2	24	24	25	24.9	25.68	25.79	24.41	22.11	19.1	23.6	18.47	8.61	14	5.37	3.78	3.07	-0.34	-0.44	-0.44	-0.54
2026-02-19	0	0.5	-0.1	-0.44	-0.44	-0.04	-0.01	0	-0.44	-0.44	-0.54	-0.54	-3	-3	-3	-3	-3	-3	-2	-1.99	-0.3	-0.04	-0.01	-0.04	-0.01	0	3.63	3.78	5.08	13.7	17.06	21.93	18.9	16.32	8	5	3.78	1.98	-0.04	-0.44	-0.01	-0.06	-0.42	-0.58	-0.62	-0.54	-0.8	-1.04	-1.16	-1.24	-2.51	-2.8	-2.51	-2.51	-2.8	-2.8	-1.73	-1.74	-1.78	-1.85	-1.01	-1.01	-1.11	-2.22	-2.1	-0.6	-0.44	-0.11	-0.1	0.01	3.78	5.37	5.22	-0.04	-0.01	23.01	51.45	70.25	73.84	78.07	81.36	77.85	74.61	68	67.94	59	63.55	40	56.54	33	34.57	23.86	35.52	25.01	5	14.29
2026-02-20	41.06	33.65	30.46	28.06	35.89	34	35.89	30.46	25.94	17.81	16.82	14	14	14	14	14	14	14	14	14	14	14	15	25.94	35.12	38.3	38.3	38	24.37	46.7	71.51	83.63	80.6	68.57	28.94	26.62	39.5	15.17	3.78	1	0.91	0.9	0	0	0	0	0	-0.01	-0.06	-0.06	-0.3	-0.32	-0.42	-0.42	-0.42	-0.42	-0.42	-0.36	-0.36	-0.36	-0.36	-0.06	-0.06	-0.02	0	0	0	0.91	1	4.44	22.7	26.68	27.15	43.99	61.1	71.35	85.01	84.51	73.55	72.16	72.37	76.68	78.28	76.56	76.68	72.37	71.66	61.72	45.6	43.98	36.9	27.74	29.05	32.46	36.57	25.82
2026-02-21	11.08	10	2.3	1.12	2.99	1.21	1.63	0.68	-0.06	-0.2	-0.2	-0.46	-0.2	-0.2	-0.46	-0.46	-0.46	-0.56	-0.2	-0.2	-0.2	-0.2	-0.2	-0.2	0.68	1.73	0.71	0.6	1.2	1.49	2.53	4	15.58	10.82	1.4	-0.2	3	-0.99	-0.46	-0.46	1	0	0	0	-0.2	-4.5	-5.42	-8.42	-9	-9	-9	-4.51	-5	-5	0	0	0	0	-0.01	-0.11	-0.01	-0.11	-0.11	-0.01	-11	-9	-5.42	-2	-1.25	-1.09	-0.94	-0.56	-0.56	17.05	40.2	79.34	80.23	73.72	81.12	82.8	79.15	82.16	81.75	81.75	81.64	81.23	85	72	79.78	62.66	55.11	40	25	36.91	28.91	16.5
2026-02-22	15.01	5.79	3.3	0.9	5.13	1.1	4.68	1.9	4	2	6.01	3	1.01	0.2	0	-1.54	-2	-3.55	-3.55	-3.55	-1.42	-2	-1.82	-2	0	0	0	0	-0.81	0.01	0.2	1.1	-2	-5	-5.43	-11.42	-4.7	-8.13	-10.42	-10.49	-7.53	-7.01	-6.61	-9	-6.02	-9	-9	-5.92	-5.86	-7.03	-9	-9	-5.86	-5.81	-8.71	-9	-9	-9	-9	-9.27	-5.66	-5.92	-11	-9.26	-9	-8.88	-5	-8.81	-5.42	-8.1	-2.76	0.47	-1.83	3.3	9.1	48.3	35.98	47.86	58.55	63.77	72.63	74.61	74.61	73.76	74.62	70.94	74.61	63.95	55.42	38.45	27.52	38.2	31	19.82	13.26	8.8
2026-02-23	28.9	25.74	25.55	24.66	24.31	22.8	21.28	20.57	28.94	30.01	28.81	28.02	25	22.99	21.33	21.3	20.23	20	21	20.3	26.32	27.68	27.81	29.07	26	26	28.96	36.9	33	46.6	62.2	76.6	83.01	73	52.57	34.01	42.5	27.29	22.31	4	13	2.5	0.91	1	0.91	0.91	0.91	0.91	0.63	0.91	0.91	0.91	0	0	0	0	0	0	0	0	0.91	0.91	0.91	0.91	0.91	0.99	0.91	5.53	15.53	19.63	25	31.29	28.3	60.22	80.85	96.44	105.01	105.8	104.12	116.26	138.16	162.1	162.1	138.16	125	84.76	73.66	69.09	65.7	51.02	48.77	45.56	52.59	38.35	35.41	26.14
2026-02-24	40.4	34.66	12.96	0	12.49	8	8	3.34	7.91	5.1	6.31	3.08	9	6.84	5.27	3.7	3.45	3.28	7.91	6.96	7.83	8.33	7.82	8.33	17.78	19.01	35	42.72	58.92	82.1	90.97	96.5	94.99	73	39.6	13.7	21.61	12.58	11.97	3.77	0.91	0	0	0	-0.06	-0.42	-0.5	-0.6	-0.5	-0.81	-0.81	-0.81	-0.81	-0.81	-0.81	-0.9	-0.9	-0.9	-0.9	-0.99	-0.99	-0.9	-0.81	-0.81	-2.7	-0.01	-1	0	-3.06	5.61	16.51	17.44	21.3	25	44.1	87.01	88	100.07	93.87	86.86	85	74.01	56.04	44.01	42.5	38.19	31.03	14.02	30.01	21.21	25	16.98	21.64	18.11	21.95	13.9
2026-02-25	35.59	27.87	20.08	18.99	20.08	19.69	19.56	14.61	25.68	17.36	14.51	11.18	12.07	13	11.73	10	10	10	12.92	14.75	10.82	11.2	18.15	30.07	31	39.1	22.9	27.47	19.2	36.47	60	64.01	83.4	73.99	51.19	26.96	31.01	29.51	14	7.18	6.55	3	2	0.91	0.91	0.91	0.91	0.91	0	0	0	0	-0.06	-0.06	-0.06	-0.06	0.01	0.9	0.91	0.91	0	0	0.01	0.91	0.91	2	3.91	12.41	12.41	23.02	26	29.3	24.02	39.76	78.97	90.72	96.95	101.41	98.24	94.29	92.2	88.11	88.11	87.29	85.01	82.62	78.74	63.79	52.7	51.27	44.54	35.83	36.58	25.78	25.21	31.1
2026-02-26	53.97	49.94	41	29.34	29.82	28.04	28	26.32	25.54	20.02	30.34	30.1	30.1	27.63	26.8	26.99	26.08	26.07	27.2	29.48	33.18	34.08	22.73	21.83	24.34	20.2	29	34.47	49.61	69.57	80.5	83.8	82.99	67.89	51.96	20.3	30.34	37	25.68	8.74	11	0.91	0.91	0	0	0	0	0	0	-0.01	0	0	0	0	0	0	-2.1	-4	-2.1	-2.1	0	0	0	0	0	0	0	0.09	0.91	4.97	6.99	21.97	9.4	17.06	37.11	79.82	77.67	87.65	87.83	86.54	90.87	93.03	90	86.53	82.34	79.59	65.02	47.4	32.25	22.98	16.57	12.39	25.3	25.39	24.06	10
2026-02-27	1.8	11.41	11	3	5.55	0.01	0	-1.1	0.01	0	0	-2.22	-2.22	-3	-3	-3	-3	-3	-3.3	-3.3	-2.22	-2.22	-0.85	0	3	3.34	3	3.3	0	2.99	14.44	30.01	30.01	5.55	3.36	0	22.5	14	14.6	10.2	7.58	2.2	0	0	-7.27	-5.51	-7.5	-3.51	0.01	0	0	0.91	0	0.91	0.9	0.91	0.01	0	0.01	0.01	-5.42	-2.01	-1.97	-1	0	3.78	6.3	11.67	1.68	6.89	9.87	10.11	0	0	15	43.48	46.14	59	51.1	55.46	69	70	69.11	63.33	60	44.48	30.2	20.78	15.01	5	10	10.18	11.4	0.9	3	0
2026-02-28	19.75	21.8	10.31	2.21	9.29	2	7.58	1	16.46	4.3	2.99	4.54	0	4.02	3.81	4.2	3.28	1	1	1	3.78	3.78	3.78	1	3	3	4.2	6.24	0	3.78	4.07	4.4	5.73	6.95	3.78	3.46	4.6	3.78	0.91	0.91	-0.01	-0.02	-2.99	-0.7	-1	-0.01	-0.3	-1	-0.8	-1	-0.8	-1	-0.7	-1.03	-1.05	-0.43	-0.02	0	-7.5	-8.19	-7	-6.31	-6.5	-2	-9.52	-0.02	-0.02	0.4	0.03	0.91	3.19	7.7	3.88	21.2	25.34	40.02	75	80.66	81.1	79.92	75	67.18	58.61	52.29	60.51	53.86	54.2	45.69	55	49.99	67.94	50.24	41.33	35.11	35.02	31.01
2026-03-01	42.51	42.5061739286323	42.520842172815	42.5153126010961	16.79	16.7876305938871	16.7875386073665	16.7857522314564	27.25	27.2474041579008	27.2503801890325	27.2532400536744	23	23.0036084350671	22.9965468506749	23.0150221940631	23	23.0100120152355	22.9977590607508	23.011221011662	23	22.9933435277026	22.9893298904718	22.9990484582219	23.4	23.4063854671129	23.3937762618478	23.3926687661139	23.4	23.3939976278572	23.4044950190802	23.3995227342154	19.01	19.0058706920745	19.019168142465	19.0061021752576	10.98	10.9878172628997	10.9740264793889	10.9741841985763	0	0.0117890888401119	-0.00548775916567414	-0.0055688744680141	-0.81	-0.812284168948285	-0.814757909438876	-0.81809528170659	-1	-1.01883051873318	-0.985532927746679	-1.00938635118259	-2	-2.00303964014977	-1.98480716766597	-2.00322261290068	-0.81	-0.808990083411668	-0.810234829295933	-0.806963144862829	-2.7	-2.69307198583644	-2.72008856248133	-2.69389287606437	-1	-0.990813948853935	-0.987102193960742	-0.987381207610024	-0.81	-0.803497060193079	-0.794415734125625	-0.814211110736022	7.89	7.8881695088986	7.87538629270381	7.90294862007798	10.06	10.0437388886877	10.0663223570764	10.0649572478397	46.95	46.9600726252191	46.955554526096	46.9529803573391	28.99	29.0007917572011	28.996267421285	28.9744057399664	25.85	25.830941247809	25.8634281196872	25.8399071980632	14.74	14.7489927019085	14.7432519384601	14.744447116144
2026-03-02	7	6.99831252998558	6.99703699929832	7.00538230199822	11.01	11.0169240127259	11.0206540022635	10.9991478271403	5	4.98683988900017	5.0063838288808	5.00327427484829	0.2	0.20414492744547	0.227162480355263	0.213194579194687	-1	-1.00596675787622	-1.00489456924547	-1.00644131985901	5	4.98745643763639	5.00675367791274	4.98814905073535	1.89	1.9052303966517	1.87065248657963	1.89926728865613	5	4.98549476576717	5.0042890698386	4.99160522387806	18.07	18.0677999990257	18.0725942406489	18.0581295345657	2	2.0035248770961	2.0023638451151	1.99250387918554	-4	-4.00818256352057	-4.00191305157592	-3.98825264071845	-0.15	-0.157775161887741	-0.135766140988661	-0.160178734090374	-5.42	-5.43223201353887	-5.40735938692475	-5.40414971854401	-5.42	-5.431948059369	-5.4154101823612	-5.42949666341791	-5.92	-5.90985911105798	-5.92215373059444	-5.90972345651096	-2.97	-2.96899439376226	-2.96295458948121	-2.95695108418218	-0.42	-0.422120093370357	-0.416421281627167	-0.427671017221173	2.46	2.45514524134414	2.4608949483657	2.4585281283504	15.94	15.9336572663244	15.9413665923458	15.9520255072698	37.46	37.4557128044164	37.4415910167052	37.4565519554766	84.25	84.2466224333417	84.2230942260093	84.2683157859082	60.93	60.9136617239853	60.9121352366266	60.9275514860017	35.01	35.017701725068	35.02051100875	35.0219811908289	14.02	14.0247358583229	14.0135871771382	14.0232317791026
2026-03-03	42.01	41.9990279681248	42.0170471334462	41.9937984863166	20.84	20.8422043118864	20.8388224101778	20.8484651632619	22.11	22.1107624391649	22.090948048374	22.1079104471513	23.1	23.0905561810079	23.1058459185313	23.0915995487158	23	23.0040683034691	23.0031057143723	22.9917330171327	18.01	17.9925601265709	18.014472618511	18.0020510007225	23.35	23.3455699952673	23.3359960557049	23.3388370795291	22.75	22.7501652260478	22.7393361763304	22.7550970199868	85.69	85.6827005232292	85.6881750716999	85.6908189495051	24.3	24.2837581141559	24.2860602144296	24.2958394992246	23.5	23.495308632599	23.5049324576894	23.5211014949423	3.78	3.76737857680993	3.77836614127328	3.78834870076161	2.73	2.72859324666914	2.73929434626062	2.71709601995095	1.6	1.60523545477141	1.5948205668939	1.59852030046364	1.1	1.09755819365938	1.09297522246331	1.09600800044587	0.91	0.9149604746312	0.889204892057547	0.915171355354586	1.98	1.97972478161484	1.99293665879575	1.97278512046982	3.78	3.77949715809739	3.76290144839572	3.79002591892991	22.11	22.1103451072158	22.1176896347666	22.1101642196199	103.1	103.109441570462	103.094424631029	103.098384109642	106.7	106.702315549902	106.688988343442	106.69526872327	76.58	76.5712334424387	76.5972528306619	76.587309780895	83.87	83.8785380705533	83.8701968604387	83.8868778447872	66.93	66.932930684825	66.9269278733852	66.9401953399124
2026-03-04	79.75	79.7555855221705	79.7462962209297	79.7470114452613	75.88	75.8944138784987	75.8777008685971	75.8792147164723	64	64.0040401861738	64.0005994465983	64.0053245638084	67.91	67.8971029674606	67.8866708680736	67.9072749115943	66.79	66.791465256488	66.7718611625434	66.8243670372543	70.38	70.3875051494134	70.3820030810894	70.3628375509826	70	69.9919904123942	69.9963249160486	69.9994220578919	104.1	104.085826378118	104.102884707185	104.081579783015	107.24	107.227942040259	107.24212062467	107.241614364767	87.18	87.1886842166914	87.1748685365447	87.1843138056717	69.21	69.2130184663197	69.2019197385586	69.2200437306028	55.01	54.9998875253978	55.0039520853706	55.0131876766836	29	28.9980523325028	29.0127981032741	28.995774849312	18.6	18.6040810888802	18.6014642195402	18.5963496771323	15.56	15.5673752392982	15.5552334424208	15.5693537201198	29	28.999938512763	28.985779188078	28.996667152144	26.47	26.4802180312967	26.468913799638	26.455529584461	33	32.9859679951775	33.0110262909321	33.006021899298	80.32	80.3237415000474	80.3211161108674	80.3106588108501	144.75	144.733899514073	144.756866876006	144.766921331734	149.75	149.750491378995	149.767696901158	149.745448461812	115.64	115.625380059563	115.651406255724	115.642775106534	84.01	84.0037989416304	83.9939411919017	83.9963552639702	82.64	82.6254751513665	82.6436709965905	82.6326613498806
2026-03-05	107.52	107.49898856255	107.52245999468	107.530621668409	91.1	91.1052027902821	91.0840669677798	91.1033288544998	93	93.0257775641878	92.9982458662334	92.9833260403962	78.2	78.195165140447	78.1907181493748	78.2116763891721	74.58	74.591577001093	74.5930608688284	74.5945766358089	79.84	79.8299890743003	79.841801032047	79.8365170205955	102.6	102.585355234939	102.600148775468	102.591918954645	106.32	106.318732248172	106.306062187665	106.317213041264	165.01	164.999410913243	165.019937939066	165.014050586255	112.2	112.199766605794	112.202898842822	112.199311415748	97.92	97.9338687846974	97.9121569461633	97.9229065018985	81.26	81.2831683660364	81.2570000610662	81.25058565361	75.22	75.2297270913055	75.223079411011	75.2207044709491	42	41.9985829419431	42.010111084171	42.0010679760547	48.57	48.5775055014746	48.5839591659744	48.5611368016491	45	45.002362514133	45.0049078587591	44.9901014945969	47.09	47.08879920805	47.0856750015148	47.1056952562533	66	65.9965577714209	66.0021406898057	65.9968896718344	77.39	77.3826880813671	77.3877796109668	77.4022540322506	151.95	151.944477533854	151.946049149544	151.953667144321	130.93	130.933998300034	130.942846260948	130.935371459317	96.2	96.2002184476386	96.1848762876609	96.1936344726822	92.15	92.1419875040835	92.163224084991	92.1467189248152	81.44	81.45796385182	81.4314149163126	81.4542192657168
2026-03-06	75	74.9853338883529	75.0108193712827	74.9970054586478	69.99	69.9911784328681	69.9774247973479	69.9820333237042	58.92	58.9338862293537	58.915638258993	58.9126966528065	60	59.9916381404197	59.9889120923706	60.0037534094826	36.75	36.7398098756135	36.7511346580441	36.7610331338025	34.65	34.6404875475199	34.6420931352378	34.6334985305567	40.17	40.1599671201361	40.1614954994867	40.1821181466907	70.67	70.6708990377729	70.6569030104789	70.6531348107207	78.98	78.9932779181563	78.9686442673248	78.9895349760482	66.9	66.8845798665922	66.9099726709892	66.8915317935367	62.81	62.7904805023381	62.8073560226546	62.804584215386	62.94	62.9631948071408	62.9299103360612	62.9390056717645	47.5	47.503072557837	47.5099894148165	47.5092534583916	52.94	52.9334631159663	52.9451220357647	52.9415835451468	50.39	50.3965088557009	50.3910342296631	50.381536792573	45.26	45.2427716057825	45.2682697432207	45.2588990496283	45	44.9976130075538	45.0039468430591	44.9925253779965	45.9	45.9055410178843	45.8974661314736	45.8872519939497	55.55	55.5511308971863	55.545148944106	55.5431367227981	91.62	91.6178999925562	91.5990976537031	91.6226466307482	86.34	86.3284919976497	86.3392226756356	86.344806623412	94.31	94.2915364978285	94.3085562071707	94.3026547194381	78.87	78.8468473813279	78.8792190762646	78.8896860953412	76.26	76.2503847896808	76.2525021262242	76.2505782982482
2026-03-07	83.91	83.907647383516	83.9024706003869	83.9274579162515	60	60.0023004356927	60.0049484733128	59.9950326028247	64.4	64.4016192171477	64.3954838084018	64.4024366854602	56.02	56.036486537637	56.0072845258488	56.0006068835003	56.59	56.5918793041989	56.6058305340333	56.5741313480353	58.18	58.1767750854325	58.1930548231974	58.1852153226384	67.81	67.8065372382028	67.8140234195562	67.814160115272	77.77	77.760232175555	77.7721499457388	77.7616599462946	80.6	80.6222389561264	80.5964043115387	80.5969025586001	74.65	74.6464460631913	74.6546856086093	74.6469803052513	57.45	57.4435752133635	57.4434917476753	57.4506173012781	33.65	33.6424139167787	33.6381651872399	33.6382879469502	23.2	23.2089480948411	23.1985949968263	23.176606474058	10.5	10.5010339774546	10.5010717038112	10.5026530140519	11.71	11.7228027486168	11.6971795719566	11.7151112858617	33.01	33.0099745356532	32.999304693149	33.0252649261773	29	29.009703662444	29.0129569404601	28.9992881802967	39.21	39.2237139411894	39.2036296623746	39.2167327130382	70.81	70.8215126294653	70.8012155241549	70.8137118963723	123.63	123.646512235768	123.621626227688	123.643865637992	123.63	123.64279858131	123.63269764037	123.616322565312	118.21	118.199995052604	118.222617693787	118.216652673909	103.93	103.937719225829	103.929907918597	103.937095799041	96.6	96.601402614062	96.6058191285167	96.6184617668069
2026-03-08	118.64	118.627126092641	118.613097863715	118.63852272434	98.32	98.3207565641159	98.3183744950313	98.3314241762111	87.9	87.8960592795368	87.902772731636	87.9081196715009	81.24	81.2266582648088	81.2323481465704	81.2245234471915	79.9	79.9011342432795	79.9113421676309	79.9159167628863	77	77.0152836388942	76.9806619043448	77.0119502029638	71.34	71.3449770277717	71.3342437386052	71.3355518227703	92.22	92.212873274319	92.2157144673571	92.201270465761	99.07	99.0909975001445	99.0596560538357	99.0822081816694	85.01	85.0337940675504	85.0118603353198	85.0146822969443	61.46	61.4716255237985	61.4416877631831	61.472568079224	33.9	33.8865318039387	33.9115857040683	33.8943672789492	16	15.9925945422433	15.9877496260037	16.0119832951485	13.88	13.8953823940467	13.8771340499402	13.8810433301666	19.57	19.5681107794942	19.5754785433458	19.57527187581	15.83	15.831692623787	15.8346969895602	15.8333056972296	16.1	16.0859177736662	16.0931949167102	16.1004854457844	36	36.0215557773492	36.0000346587068	36.0140041085822	94.12	94.1228312817847	94.1312848450588	94.1078552621719	155.21	155.211292817414	155.215089401639	155.218727505521	142.99	142.997875369289	142.996775744914	143.006325013957	142.37	142.384481799852	142.370941098988	142.366844665736	133.27	133.279127355818	133.26490194245	133.273037337027	130.06	130.045314799474	130.040307561337	130.067177366813
2026-03-09	124.3	124.311181005855	124.301135261222	124.294171284984	117.6	117.598772727133	117.586247710078	117.581802061586	110.01	109.997299554952	110.009591344092	109.990430474728	97	97.0079551079789	96.9796146583914	96.9865464245803	104	103.982842224183	104.001770333375	103.99614606513	100.07	100.066674232103	100.077147136785	100.062849466323	113.9	113.906948874607	113.920946075046	113.912219951041	131.77	131.777294133541	131.76225048625	131.767776460669	184.5	184.494748036035	184.514794385898	184.501742047431	130.64	130.639515662918	130.641669873804	130.639541704208	115.52	115.504568021281	115.517149367842	115.524112642673	95.7	95.6923365646921	95.6875643534878	95.7004764587385	89.01	89.0150552954485	89.0232605432803	89.0068507142808	85.39	85.3965524595736	85.3841706573674	85.3872700812249	79.01	78.9991663440536	79.0127407818059	78.9965875387434	82.01	82.0102218211861	82.0073767546614	82.0143735215413	85.48	85.4868044056685	85.4769193505718	85.4786556912894	97.52	97.5045691831221	97.5237925392384	97.5119499261284	112	112.000679837599	111.997840566109	111.995504588073	164.2	164.200434003551	164.168770645099	164.194499421106	209.78	209.76616654509	209.780029882711	209.771484457968	177.74	177.742501411068	177.724356531767	177.736909241824	155.21	155.224956141413	155.221427327355	155.217687763221	139.08	139.086252854506	139.078953056386	139.076266955227
2026-03-10	147.19	147.173607968917	147.194170941055	147.162866134696	137.82	137.827315766513	137.814735629226	137.824120937291	131.83	131.813678384688	131.81921063143	131.850217260281	114.12	114.10793455719	114.119058101716	114.108374660259	119.95	119.947352166096	119.93075574366	119.94658485116	123.56	123.560122363019	123.549258122844	123.552898368287	131.32	131.336372109312	131.328290864106	131.306583799036	146.08	146.077720032652	146.091447591562	146.094386788797	185.47	185.476393412207	185.464111093154	185.473628605483	145.42	145.410623580798	145.431278294831	145.418978147224	127.16	127.180785045376	127.158412769393	127.157160168697	111.86	111.865346634298	111.856552593967	111.861170669827	102.02	102.011278059184	102.022549786467	102.021614196606	95.51	95.5106883583075	95.5265905659133	95.5036061477729	95.17	95.1801546073467	95.1712899026494	95.1675816403683	102.05	102.029701550566	102.046319507346	102.047538764149	102.02	102.026181413225	102.010885373603	101.995326682266	102	101.97674076154	101.995874771249	102.007674956035	128.15	128.1604132944	128.157018442726	128.158770777399	181.1	181.089799370435	181.093533376245	181.100164753364	233.51	233.499533738147	233.523621806137	233.501149332998	247.7	247.716493817489	247.707212559134	247.703686986809	172.95	172.94603272744	172.961576116439	172.963063632629	166.94	166.946565593173	166.93416823912	166.952810093305
2026-03-11	122.75	122.760047468583	122.748109084262	122.742351898796	118.65	118.642179492356	118.640123432991	118.662713949195	115.28	115.266897193505	115.296240710011	115.269079636042	110.93	110.918865781746	110.943266108329	110.940571196156	105	104.994296908861	105.002455568984	104.989105478909	108	108.000758592007	108.009237072994	107.98320903646	109.24	109.215557697333	109.241303464117	109.232853773312	123.79	123.79760082888	123.7890520219	123.796260270476	123.79	123.785094576045	123.796807899204	123.778664571973	101.54	101.54250912379	101.546771723519	101.533548224349	57	57.0023337941294	57.0038591829989	56.9921967561908	25	25.0035525301395	25.0083298679404	24.9901451406704	10.25	10.2494063767929	10.2545028507894	10.2440021609647	17.1	17.08800847062	17.0923662645813	17.1065907205055	19.3	19.3019335986504	19.2803495484671	19.3105469644069	30	30.0039176474184	30.0135289357773	29.991962680294	33	32.9841997632965	32.9961802730296	33.0103684817007	50.01	50.0110831659364	49.9945165926335	50.0230734787358	85.34	85.3272048637813	85.3327662095517	85.349663090189	153.5	153.489138169785	153.492660809704	153.484240648885	200	200.010523832399	200.008297747715	199.988209461346	180.85	180.828492790661	180.867432008323	180.847947329662	140.25	140.250014308793	140.256640790035	140.253969167354	126.5	126.508723814452	126.501839162885	126.492181124899
2026-03-12	106.46	106.483761490376	106.462090452124	106.459885384051	96.16	96.1618489765656	96.1575940217056	96.1632702190385	79.1	79.0901661223192	79.0849041934392	79.1171365336349	69.1	69.1024398418349	69.1077679042641	69.0834167017399	73.94	73.9555196796174	73.9141915448138	73.9673341599433	88.16	88.1552911075359	88.1606893474856	88.1521138658533	95.2	95.2094097564521	95.1956412724945	95.2162409669384	111	110.991101488363	110.973594613857	110.984607203679	127.85	127.848411461499	127.861280011019	127.840369732263	92.14	92.1539155655362	92.1409190827708	92.1256221478902	29.59	29.6015552105296	29.5920429224972	29.5893574630478	0	0.00609518514975357	0.0021960422315047	0.00896297848565999	0.91	0.901317639868196	0.907408107348341	0.905390441790938	0.91	0.918666981202963	0.910295953177667	0.911311502000327	0.91	0.915166909293697	0.923791526497144	0.894735443750254	0.91	0.890836273548536	0.910018611124421	0.908132508778452	0.91	0.906956797688496	0.905659040862111	0.920260513238596	0.91	0.934779433736997	0.907973206685242	0.904354763500746	36.01	36.0074625130618	35.9965821331314	36.0077016227998	123.72	123.740335478883	123.701250763649	123.711075875562	155.45	155.476467330014	155.449355505439	155.444085077947	158.55	158.563240006441	158.545480897338	158.553082819935	129.87	129.872251428022	129.862070917594	129.871311080662	101.71	101.685486398312	101.705895945208	101.71535664901
2026-03-13	78.01	78.0115091299301	77.9959758989155	78.0259070186853	78.77	78.7741225092045	78.7586964084774	78.7839294358763	53	52.9900094738838	52.996066366155	52.9906593860035	53	52.9863538212465	52.9916940576879	53.0044845408505	43.94	43.9399595244183	43.9422185975208	43.9403887829868	45	45.007293548738	44.9928568730225	45.0047154665733	58.12	58.1400525088916	58.116394468914	58.1298061808551	73.53	73.5478803233006	73.5231145586185	73.5264354377847	85.96	85.9661527290415	85.9662467893301	85.948634441036	45.75	45.7429040407069	45.7558588241398	45.7445606254116	1.98	1.98263062907052	1.98335163036985	1.96858206642285	0	-0.0087776865842603	-0.00235060348557543	0.00685536732185662	0	0.00908479780995114	0.00575004425559336	0.00405970907985008	0	-0.00545673817098082	0.00672093672050974	0.0106986035631057	0	0.000713971985252125	-0.0157553243897566	-0.00169654877086413	0	-0.00862863921459763	-0.00789615227344522	0.00901868403687183	0	-0.000499343324669741	-0.0079091434397336	-0.0180354796086816	0.91	0.89724667281919	0.915034640877794	0.908158150673582	48.63	48.6228633556856	48.6412231986998	48.6366769863562	102.58	102.569874853357	102.599758343028	102.576480654331	106.01	106.017917936393	106.002715733595	106.007164713036	97.81	97.8206185155307	97.8063596167199	97.8244974294318	85.13	85.1193063186424	85.1142422247535	85.1049541261206	71.95	71.9502259454376	71.9288812218636	71.9442525280228
2026-03-14	30.01	29.9945740043636	30.018019949792	29.9972995229911	1.17	1.16835330260786	1.17463553250587	1.17159093550004	0	0.00261335150326256	-0.000303465383177096	-0.0134395410611771	0.04	0.035931764163713	0.0498490040600322	0.0428240685759525	-0.83	-0.825248886507569	-0.83865942440125	-0.840705018001161	-0.22	-0.237419536136318	-0.215204624600723	-0.221800533504992	1.16	1.15177762837263	1.16942132680584	1.18160054365441	5	4.99349212332453	4.9870585704872	5.00666777842555	1.16	1.17532320184369	1.16256048046693	1.15852214597484	-0.79	-0.806409049826124	-0.789313034246538	-0.786078770612961	-0.33	-0.305205407435984	-0.329958198029869	-0.314562079744623	-0.79	-0.797674706717058	-0.778511904616098	-0.776177592418133	-0.99	-0.999480415105805	-0.984862797479201	-0.976716708750569	-0.82	-0.826489280858779	-0.809361194338668	-0.822745515496729	-0.79	-0.774449531794432	-0.771969935953988	-0.777226617877668	-0.79	-0.800644827003935	-0.788592217074768	-0.813514388525979	-0.79	-0.787953162373752	-0.776923762736355	-0.797188057812335	0.05	0.0544862837398306	0.0386960295734216	0.0651156473083848	-0.79	-0.806955429538019	-0.79159850836512	-0.800288898295845	1.17	1.17104703192691	1.16621086984511	1.18401408558761	30.8	30.7888399042573	30.8117281963586	30.7941254715116	31.92	31.9216975294934	31.9155931392292	31.9361883717229	44.79	44.7886681634678	44.777119993718	44.7943260487801	20.61	20.6195350996804	20.6084251654548	20.6198078224109
2026-03-15	-0.99	-0.986430262665632	-1.00253180618885	-0.990446472911886	-0.81	-0.802272055266573	-0.798855715969206	-0.816528208944923	-0.81	-0.805955726997366	-0.821635563688116	-0.811389670086755	-0.89	-0.887631891232942	-0.879272867995813	-0.887706570894824	-0.99	-0.984400831992146	-0.989778526004718	-0.995238104645272	-1.32	-1.33156715503911	-1.31916584216789	-1.31419993267323	-0.92	-0.91833916662072	-0.913181045042037	-0.916098927611126	-0.89	-0.891718478850721	-0.883613209073514	-0.905818559542318	-0.99	-0.989290567865412	-0.993431976267276	-0.980300704587343	-2.01	-2.01278321945593	-2.00442786630127	-2.01599518059459	-1.51	-1.50717190529593	-1.50247186186729	-1.50678891642449	-2.01	-2.01581600744893	-2.02081163813344	-2.01149790717719	-2.1	-2.10297968533977	-2.12288936255811	-2.10706876573416	-5.1	-5.12725726055845	-5.08575345217048	-5.09532240236032	-7.1	-7.09288175295654	-7.09694046168881	-7.08806506404239	-5.1	-5.09460293575466	-5.097318922789	-5.09163144313947	-6	-5.976707593838	-6.00445564838942	-5.9896544031657	-0.99	-0.990252605957477	-0.993064814189678	-1.00121745250938	-0.89	-0.880595875621053	-0.889856923140214	-0.898043687492199	1.38	1.39198245377271	1.37824187355188	1.36709857408287	-0.81	-0.82507032847481	-0.820063491226605	-0.804836248678725	17.5	17.5080349395842	17.4916325852427	17.4963640840939	15.01	15.004845331145	15.0172262748573	14.9949186427884	5	5.0045690121634	4.98652481589081	5.00859307112687
2026-03-16	25.01	25.0076683852896	24.9969138007909	25.0145883045612	19.99	19.9919394002703	19.9844578195108	20.0049043177453	6	5.99797335449472	5.99426074991539	5.9994602138034	5	4.9907642558937	4.99372405614418	4.992751235484	2	1.99449207182749	2.01887070847251	2.00859665809557	9.62	9.61692733241674	9.63037623058627	9.62132291730703	25.73	25.7365702453071	25.7265354342438	25.7170994662802	60.3	60.3036702629863	60.300137770963	60.3107685268117	56.17	56.179476643531	56.1611507031642	56.170968519613	0.04	0.0508464540194787	0.0294214883678851	0.056734555245758	0	-0.00751129352737732	0.0124730814575892	0.0156959537848306	-0.49	-0.487446318044079	-0.505607706134509	-0.480782548565635	-0.5	-0.509293461566723	-0.505233692242768	-0.494378212080718	-0.5	-0.495935029837315	-0.484227423635889	-0.494977671057755	-0.41	-0.393710041178173	-0.421206881610985	-0.409704616171289	-0.01	-0.00848599969201711	-0.0191037429584011	0.000369037689095518	0	0.00723574552413846	-0.00200679314788158	0.0247194287649319	0	0.00476388938912005	0.0122952536452742	0.00463499331635917	26.99	26.9659019178944	27.004090562741	26.9889937450967	148.99	148.983537635393	148.979057129006	148.99322139636	174.03	174.019250845326	174.029693530794	174.041977663319	141.14	141.149953720076	141.143711806517	141.150353832065	128.4	128.388548770015	128.382533288938	128.394917000639	111.67	111.671444930501	111.671202428751	111.666515405542
2026-03-17	25.01	25.0078687677101	25.0230340332915	25.0022153187209	19.99	20.0003111124018	20.0079148558155	19.9903468192895	6	5.99855364561064	5.9881803594354	6.00540857661348	5	4.99447998326549	5.00194104347625	4.99332437824378	2	2.00207851441009	1.99004951626592	2.00428578969279	9.62	9.64362829477956	9.62081574092138	9.62634486428851	25.73	25.7157222938304	25.7271057051489	25.735837484808	60.3	60.2830801476472	60.3139246486634	60.3066740622306	56.17	56.1496909952085	56.1625907094272	56.1686257142563	0.04	0.0493855632437873	0.0528548703257033	0.0341001319864496	0	-0.00908245593375561	0.00634061599185509	0.0171117470925717	-0.49	-0.492712194105069	-0.492496195612973	-0.492987622228534	-0.5	-0.481419298903418	-0.516209106723157	-0.49702207115219	-0.5	-0.503974240180172	-0.519562424343939	-0.490153823043185	-0.41	-0.402779878024096	-0.406565850453497	-0.413808481177009	-0.01	-0.00383793519450792	0.000914436471301969	-0.0106188477816813	0	-0.00102369550880205	0.0115554886458008	-0.0110815311127144	0	-0.00136130754677361	0.0025100642224743	-0.00378670215753799	26.99	26.9823612123877	27.0119385186767	26.9858626967127	148.99	148.987504268735	148.987685094774	148.982506098045	174.03	174.034998777097	174.020412162787	174.028251700343	141.14	141.13274495848	141.139998969513	141.133940650007	128.4	128.390514377743	128.400479770097	128.399062937432	111.67	111.695007371237	111.684415343445	111.674879968262
2026-03-18	52.21	52.1931529103908	52.2165104769752	52.2000676811584	30.65	30.6590810515673	30.6666308932824	30.6540627694521	37.1	37.1046755718843	37.1101869257055	37.0944049459139	26.33	26.3358631205121	26.3337496041119	26.3351015315892	27.08	27.0883028602284	27.0670846509252	27.0839187457253	23.49	23.4988697693013	23.4935729022245	23.4810408315488	38.6	38.5831939779667	38.5830583607324	38.5996003055756	65.08	65.0868476928583	65.0865901652216	65.0990771618641	55	54.9982082934161	55.0103328672535	55.0000563514166	29.72	29.7214476017069	29.7301636887776	29.7195554460447	4.98	4.96444384220308	4.96146348076924	4.98804977501915	2.43	2.42532976170306	2.43243829371216	2.43177147896509	0	-0.0122409941431852	0.0105342390756076	-0.00309684992242006	0	-0.000471943960712861	0.010751947363372	-0.00332922649077892	0	-0.00726991830003893	-0.00205517184651454	-0.00619121788782764	-1.5	-1.51318668640228	-1.50347426063752	-1.49872783015748	-0.82	-0.840603313256194	-0.826046322638561	-0.812867655688635	-0.99	-0.998498683231714	-0.988233619909171	-0.977734957075586	17	17.0049437871556	16.9951144113662	16.9934845131656	54	53.9941362390346	53.9975027485028	53.9929137261225	69.54	69.5358971931346	69.5427864475167	69.5465337805384	67.24	67.2509313822722	67.2290696130358	67.244599922733	52.92	52.9131360450215	52.9050211873262	52.9094446001142	35.53	35.5241941929636	35.5308983422762	35.5265023304541
2026-03-19	30.01	30.009421816808	30.013330804162	30.0067487038943	14.84	14.8445833633326	14.8413093134812	14.8472123881059	14.54	14.5319078301142	14.5497027456771	14.5417933967908	3.77	3.76566028008171	3.76132627808053	3.7702107970705	1.15	1.15303343244278	1.14577179596045	1.15157803155545	4.61	4.60935041991436	4.59563511002625	4.60730487908564	-0.99	-0.978101264301103	-0.991516228372981	-0.976855851441092	33.42	33.4330350497658	33.4273555414286	33.4070025514367	30.78	30.7916042043757	30.7776997757096	30.7740873484863	0	-0.00258673955915062	0.00691579012333468	-0.00603733076795135	-1.28	-1.28914402723793	-1.26700758653992	-1.27996752848771	0	-0.00568254512801362	0.00530972410153433	0.0105612668007601	0	-0.0180679635756725	0.01897113084923	-0.00715671508743351	0	0.00268167590614477	0.00599057801418296	0.00772720481966784	0	0.0184453739675895	-0.00833642316569549	0.00040768074699513	-7.5	-7.49803335507657	-7.50483986954979	-7.50602879578952	-5.06	-5.06468879177786	-5.06493886539398	-5.06522399638536	-0.89	-0.869686879268302	-0.881475249539475	-0.879233823775552	-1.07	-1.07427306744753	-1.06523066932268	-1.06065666683512	53.46	53.4597047379042	53.4624000680272	53.4495301346094	80.82	80.8178165755529	80.8097371788636	80.8127819652427	66.75	66.7516199326319	66.7659352647957	66.7513740034136	50.24	50.2439383819543	50.2266838736516	50.2510687036473	48	48.0048785729632	47.9993339136617	47.9926525604185
2026-03-20	30.01	30.0230374310486	30.0310971055473	30.0206756656485	14.84	14.8445415516345	14.8540155755758	14.8408440843313	14.54	14.5495389666555	14.5294981579994	14.5417432188758	3.77	3.75702318502006	3.76415934683802	3.7605693301439	1.15	1.15640876353446	1.13733947243261	1.14595804988651	4.61	4.60371765944585	4.61035189199529	4.61342171264103	-0.99	-1.00162897963058	-1.00076478646254	-0.992539638111308	33.42	33.4171246686496	33.4221016046591	33.4256131571715	30.78	30.7682665886163	30.7875538350631	30.7735084200266	0	0.00825070150072528	0.00187847320455513	0.0215052698278945	-1.28	-1.27739347306079	-1.29996526088058	-1.26937020788317	0	0.00651206564854342	-0.00727590959546785	0.0139051479597007	0	0.0139031052839633	0.00497103977648624	-0.000719982813272853	0	0.0127917973112069	-0.0113067280961413	-0.00379199923481508	0	-0.00449054999246086	0.0158984586164833	0.0105485875456172	-7.5	-7.47920000231809	-7.48326506256043	-7.50469890777392	-5.06	-5.06031889097638	-5.06389964097198	-5.05827657739247	-0.89	-0.892288783683578	-0.891957661347082	-0.892053602958049	-1.07	-1.05238236835166	-1.05878749872673	-1.06773372008675	53.46	53.4717396474585	53.4581798103657	53.4616000764644	80.82	80.8300275949275	80.8170543873027	80.8313817377247	66.75	66.7525480028859	66.7434647497856	66.7369869283204	50.24	50.2409836082915	50.2336731625024	50.2426809097677	48	47.9942951087616	47.9969342722445	47.9913792686248
2026-03-21	88.68	88.6796024408816	88.6684754057724	88.6817871033439	51.28	51.2765417851711	51.2910867258924	51.2752658342658	53.9	53.895268579532	53.9090633880507	53.8890277552212	37.75	37.7325440942149	37.7513041371228	37.7476488385853	36.4	36.4163602120643	36.3872220478288	36.3914735499036	40.7	40.6936107867972	40.7071803004566	40.7062179925386	54.56	54.5630006844025	54.5620388767359	54.564499949307	77.18	77.1866025258642	77.191183750008	77.1772342337909	64.3	64.3134011008893	64.3003809604616	64.3066591385311	44.88	44.8914485371289	44.8584287102323	44.8724647196725	18.78	18.7773191684583	18.7686917067186	18.7981056688628	14	13.9882450467449	14.0029889941051	13.9957674388356	15	14.9884236048196	15.0026180158851	14.9947539658632	12	11.9972562956003	12.0125930628356	11.9986663996624	11	10.9958752530695	10.9871075751695	11.0186446598097	9.27	9.27014599457796	9.26598998485424	9.26508919690598	7	7.00436805800939	7.01061760815797	7.00245849914981	11.9	11.9123968746703	11.9047368282132	11.8885296533682	44.32	44.332482392557	44.3150920305971	44.3159833409351	77	77.0136681755956	77.0031628328226	76.9999173772174	84.3	84.3052154420764	84.3170135135201	84.3152394519778	82.8	82.7917826305599	82.8134322830006	82.7814706064986	78	78.0053655416922	77.9888731478926	77.9888203936076	70.26	70.2434988191847	70.2693495610938	70.2765740606522
2026-03-22	75.1	75.1022936470447	75.0918708580542	75.1117242914711	56.48	56.4850438516989	56.4614282771468	56.4809584268702	36.84	36.8464113504833	36.8592160354407	36.8399618218228	29.45	29.4436944775794	29.4414530619957	29.4343737891201	30.76	30.7695433616168	30.7487745113613	30.7669991297793	23.4	23.3977797734034	23.3982956217676	23.3964858426162	25	25.0112924200698	25.0201429265912	25.0079000170962	41.04	41.0573913234976	41.0342603951429	41.0330678724125	29.02	29.0460358554331	29.0099343140546	29.0293189974614	-3.32	-3.33333358262319	-3.32284522479901	-3.31211505786395	-0.81	-0.819692177341487	-0.801344929123409	-0.803304113691809	-1.61	-1.61121239741533	-1.59823280169322	-1.60824931207372	-3.48	-3.48018026506871	-3.47679495508391	-3.47593141841034	-8.9	-8.90171241574615	-8.91231331193851	-8.88566237150248	-6.71	-6.71519471180048	-6.70959665283247	-6.72163203494979	-3	-3.00889166971619	-3.01484484557186	-3.00454883704513	-1	-0.98435496307715	-1.00210199523805	-0.996662654530235	-0.81	-0.814018337014622	-0.818238771779117	-0.805657827191552	0.01	0.0247008305663825	0.0166771620237782	0.00383690168641395	33.07	33.0645894850158	33.0531577459822	33.0661772132394	63.75	63.7598805817043	63.7526022299464	63.7529629975495	60.61	60.5993485447695	60.6197590266139	60.6060581818803	41.85	41.8521681916529	41.8620064723495	41.8521504024068	30.06	30.058877960429	30.0513721843822	30.0505257312572
2026-03-23	20.85	20.8489111200846	20.8431997177841	20.8373327398665	14	14.0034322343849	14.0142146831132	14.0152882305629	12	11.9959036367585	12.0049481633479	12.0027482447757	11.8	11.8004050249571	11.7881373951728	11.8120093721027	12.47	12.4739486519229	12.4536037343045	12.4772014161376	12.8	12.8084140668873	12.7919793551902	12.8005634347751	19.66	19.6593326042627	19.6611981515783	19.6394960017821	75.99	75.9869405047525	75.9891602518788	75.9969319634425	71.5	71.4905431961607	71.5018253285757	71.4829800305282	3.07	3.07657059299163	3.06240554061902	3.06754191170536	0.9	0.913168084613323	0.886715952475053	0.908718637682168	0	0.00405746205950552	-0.00741029046784596	-0.00590046772033595	0	-0.00632748412950651	0.0016192042022571	-0.00254508107981773	0	0.00180489410067247	0.00828875361605932	0.00426576436356069	0	0.00388893979319136	7.48534653015246e-05	-0.00162686202647096	0	0.017463390053804	0.00265691639424425	0.00654728731322268	0.9	0.884832053916305	0.898214018026872	0.911582392547221	3	3.01819135235496	2.99102037519492	2.99395853836581	16	15.997381453869	16.0100952492234	15.9962356659427	86.97	86.9650447880889	86.9914312830014	86.9632444518396	143.59	143.588258926107	143.603049907786	143.590225075862	134.09	134.090797474422	134.088949732837	134.080702181277	115	114.994248352609	114.990078344855	115.00919315705	86.11	86.1196902829459	86.1175704909513	86.1027061090916
2026-03-24	78.85	78.8317804227723	78.8513593446913	78.8539408030107	55.64	55.6449211970133	55.644273422221	55.6240041491515	57.56	57.5663524430479	57.5331801418463	57.5571771681298	58.64	58.6500135760722	58.648866557474	58.6401212025485	57.51	57.504105547922	57.4996934559255	57.5145996263996	63.02	63.0233471232324	63.0436202108442	63.0154815252958	69.61	69.6183016731439	69.6046122547234	69.6226966273289	121.43	121.434519855668	121.426799632749	121.438298079239	80.1	80.1067176718719	80.1050991990943	80.1004510355261	28.83	28.8325840003969	28.8236231248375	28.8450599947741	0.84	0.828553468547965	0.84892562058722	0.844604518575398	0	0.0101559956212296	0.00434877215237346	-0.00570414322901325	-0.22	-0.221732187195259	-0.199271271480045	-0.233105359629249	-0.21	-0.20760496678596	-0.207006555712097	-0.205694453431406	0	0.0135366765897858	-0.00753593336012062	0.0157452642698203	-1.5	-1.49799057343767	-1.50867121054784	-1.49195043504086	0	-0.000158756332598317	-0.00645482972937013	-0.00412894599621601	11	11.0048457250316	10.9905765021001	10.9903678748982	23.5	23.4935086473317	23.494758422535	23.5066158415477	106.75	106.757135488668	106.75763279791	106.744465231949	129.34	129.342367975262	129.336117261492	129.340553154125	140.1	140.107243262489	140.102837921472	140.103895022916	107.88	107.897737960471	107.896211953758	107.881923499395	74.76	74.7592832006691	74.7812060238134	74.7636923431116
2026-03-25	55.8	55.7988348271031	55.8018544426207	55.8053826976124	44.02	44.006576063185	44.0299858834227	44.0261163507484	50	50.0073523196082	49.9982405583347	49.9923061616371	41.96	41.9507304498335	41.9549580565044	41.9714325923262	37.52	37.5352518958404	37.5002580809744	37.5285848522259	6.5	6.51801619960139	6.49505485018348	6.48753494998677	17.94	17.9305100126581	17.9384940338569	17.9445697630281	45.1	45.1111104329478	45.0977283610494	45.1080393680839	29.05	29.0527895779178	29.0481955311142	29.057554745277	3.51	3.51138637922084	3.51946698704961	3.50131585372025	0	0.00882579414757609	-0.00715478085752609	-0.00211315990334077	-0.99	-0.972397099798056	-1.00531709949007	-0.983985501175617	-1.02	-1.01454264601802	-1.00495844871688	-0.997433842118911	-1.02	-1.02178791621788	-1.00430326977002	-1.04570021713935	-1.06	-1.05779028673556	-1.05915550276538	-1.06794606304615	-1.06	-1.05529068694384	-1.06244736688554	-1.06798964657479	-5.31	-5.29917490607654	-5.31664991511758	-5.3218755895037	-0.91	-0.893318534994575	-0.920088576797273	-0.90715590732907	0.84	0.85148297738987	0.836716266514489	0.840137256275863	29.69	29.7077154491717	29.6938239252008	29.6990782774558	47.53	47.5457047827577	47.5276204136205	47.5121283700775	49.92	49.9204397253054	49.8986698872383	49.9194402200385	35.5	35.4973737397639	35.4839354788753	35.5064855683098	34.39	34.3775342057849	34.3857110132256	34.3846498506152
2026-03-26	5	5.02116208535112	5.00227000827984	5.00894285851289	3.98	3.98043437198763	3.98147975847518	3.99224736820378	3.51	3.5152259204852	3.50602209850525	3.50836476061042	0.16	0.154648833037795	0.18527385955686	0.154207286462125	0.01	0.00637663343005287	0.00436985473045566	0.0171227271915499	3.15	3.1436472345196	3.1574878876946	3.14892115718668	3.51	3.52232286186197	3.50717501585142	3.50682083579992	5	5.00925331428016	4.99988563750837	4.99810968759564	3.3	3.30948149366921	3.32099973752537	3.29017283942859	-0.01	-0.00118275899514246	-0.00126194546389327	0.00814169392511165	-1.69	-1.69627646960262	-1.69645087774158	-1.71163425819819	-7.1	-7.09542570493025	-7.11201531822783	-7.10721217806151	-8.51	-8.51032605343535	-8.51152942296036	-8.51305901400531	-10.11	-10.1067307686942	-10.1065226746315	-10.1093851288285	-10	-10.0018720667095	-10.0276746737137	-10.0021443944773	-7.72	-7.73879316255115	-7.72973721631033	-7.72375316008876	-6	-5.99698132109477	-5.99012932906251	-5.99784248612792	-0.82	-0.814424177817365	-0.822135733925066	-0.827156545246439	-0.2	-0.212545236321237	-0.209902087183737	-0.201046078108208	6	5.99924150366618	5.97946742345126	5.98695934798695	20	20.0055681501874	20.0057270790389	20.0205075487286	20.5	20.5074766021806	20.5023249643016	20.5179376308596	6	5.9948905388666	6.00506124205297	5.99355558424752	5	4.99797760181059	4.99433722255928	5.00335570639788
2026-03-27	0.1	0.117523876819208	0.112954191103884	0.102833747478039	0.5	0.505828237804517	0.485408391487105	0.502622917069694	0.4	0.392476679289181	0.398999284229053	0.405088212163471	0.1	0.103853526741838	0.105875014284697	0.113459020704058	0	0.00652666340005627	-0.000664882987409445	-0.00518659984143432	3.08	3.07571411075224	3.0915684375384	3.08556168184562	1.4	1.38741087138169	1.38748304223779	1.39419188388922	14	13.9968555599837	13.9953698901916	13.9868114687417	5.05	5.04570505922908	5.04644679196951	5.05242502070979	-0.01	-0.0172694822953688	-0.0107346157616719	-0.0262657103841531	-2.01	-2.01656836294213	-2.01566077276513	-2.03288714837751	-4.2	-4.2027672591713	-4.19648096501937	-4.2197230411268	-5.2	-5.20220040823961	-5.179767741846	-5.18754129120061	-5.2	-5.20983515026796	-5.20241506692514	-5.19372275700964	-5.2	-5.21481389775186	-5.19737688688527	-5.20960351019123	-5.2	-5.21330329218727	-5.19211525113851	-5.19046833837128	-4.2	-4.20501024612977	-4.19978773053558	-4.19451665091612	-0.82	-0.824745596374204	-0.828886667036371	-0.813642696628745	0	-0.012823355542868	-0.00958267031706213	-0.00123446414204022	16	16.0106105542891	16.0053727297339	15.990579846924	80	80.0037199371864	79.9968479385133	80.0087823466676	83.52	83.5230324760193	83.5293551921424	83.533839204442	57.15	57.1354004128501	57.1500844666129	57.1449804357356	36	35.9962137718962	36.0032536892741	36.010089507
2026-03-28	9.16	9.15914846610813	9.14810633577531	9.15579701780205	8.88	8.88106681899628	8.8886486207618	8.87091161328305	9.06	9.07781376816612	9.04632236389848	9.07489326369081	8.88	8.8904478843563	8.88217821176453	8.88779089722933	8.82	8.82365507767958	8.8116376443277	8.80215320406293	8.88	8.86613420145122	8.87028917221824	8.88779712044331	9.06	9.05573474412903	9.05859941530983	9.07163718547956	8.88	8.87064089328345	8.90040233853548	8.87366474593543	0.99	0.988705909232229	0.983797154125461	0.986896540294761	-0.81	-0.831759616838672	-0.798399041281779	-0.807126617108236	-2.1	-2.09612341739369	-2.09379917739124	-2.09174987919912	-3.49	-3.48423746652595	-3.50222671901419	-3.48660794122959	-4.01	-4.00135285643796	-4.00061110489023	-4.00858029881132	-4.12	-4.12025945450086	-4.0975433091976	-4.12834931470101	-4.99	-4.99184807903723	-4.98749411195543	-5.00643040284087	-7	-7.00775204023008	-6.99833393036054	-6.98313590459155	-7.01	-7.0168860523757	-6.9996260780009	-7.02511851447319	-2	-2.02537959207313	-1.99336464891757	-2.00156921277576	0	-0.0168421359559864	-0.0169761101477659	-0.00455987934174451	5.41	5.39677502637417	5.40845152289646	5.40214128325152	8.34	8.35422952082593	8.3474106668185	8.33734357502377	8.82	8.81729177625914	8.82225219680429	8.81394498555328	8.34	8.33675629010827	8.33890357109155	8.34015233122415	5.41	5.42392702126646	5.41861066417337	5.39688160981032
2026-03-29	-1.5	-1.49092062601446	-1.49861509678486	-1.49767905617504	-0.9	-0.905470574534719	-0.887094924868541	-0.906235816058772	-0.9	-0.896768556236087	-0.896641486486042	-0.927651453527834	-1.5	-1.50002346218502	-1.50306124161084	-1.49849973310417	-0.9	-0.893378927722247	-0.884021148696124	-0.916134429603264	-1.5	-1.51196983225145	-1.48592581003858	-1.48302377870159	-1.88	-1.86627828139211	-1.87161372004043	-1.87867168821285	-1.5	-1.4953110858115	-1.49534400532842	-1.50002633290248	-2	-1.98914869428595	-2.00344970771703	-1.99759600218999	-0.81	-0.816054015740197	-0.825608082180189	-0.792136051545066	-12.51	-12.5218537015131	-12.5178491237994	-12.4960601621985	-20	-19.9918106158896	-20.0069411777653	-20.0010335035268	-36	-36.0031420767759	-35.9913683057223	-35.9903595085432	-36	-36.0091723721	-35.9937967734146	-36.0150493994083	-36	-36.001209009398	-36.0022087949125	-36.0025752334368	-39	-39.0071385542805	-39.0116512509714	-39.0033844015381	-40	-40.0092023588445	-40.0095251170409	-39.9984234667733	-37.51	-37.510003944596	-37.5012916487882	-37.4989836399678	-12.3	-12.2981539207237	-12.3095519080946	-12.3003125684606	-0.81	-0.810574031433219	-0.799469177593356	-0.806546027434592	2.41	2.41588284306255	2.41765623001392	2.38627567732637	4.39	4.39324213954897	4.39097074300996	4.39414055983738	6.16	6.16198607203991	6.15684422588133	6.16350266540436	4.5	4.49602985931179	4.4948540933697	4.49816832013786
2026-03-30	0.7	0.703195659238438	0.704250489055952	0.701626941565997	0.1	0.104380498803293	0.0852475360068275	0.0965271276790041	0.02	0.00873481079940109	0.0255943145823997	0.0144892857789124	0.02	0.00916622423788444	0.0266792566134163	0.0166441378251474	-0.49	-0.487392356922691	-0.494506626173429	-0.492488299478672	0.1	0.114799517354924	0.110144876680955	0.10661822409963	0.02	0.00612687478885551	0.0226761264208234	0.0349759865812985	16	16.0219167049849	16.0023056470528	16.0027809630765	36.88	36.8793940175944	36.8962743429708	36.892450335622	12.5	12.4894865329741	12.5008618489023	12.497506870786	0	-0.0122780010156682	0.0047568556931837	0.0117184196469272	-0.81	-0.803284969111867	-0.81325573185748	-0.802719816599256	-4	-3.9891135290084	-3.99249114719242	-3.98950676938091	-4	-3.99647495487662	-4.0100990330804	-4.00153525823055	-1.5	-1.50407057819251	-1.48563409776276	-1.49890346689242	-4	-3.9942299307115	-3.98929835976117	-3.99816044662055	-3.13	-3.13598603471281	-3.11992451637711	-3.12721524385688	-0.86	-0.856826409111432	-0.864742402121337	-0.827902157840906	-0.5	-0.508258385292093	-0.498768400541177	-0.49504391402178	0.84	0.854330775614728	0.843735730074314	0.845985766287028	35.01	35.0165796552007	35.0031673391059	35.0089550227234	85	84.9956215080974	84.9849239881357	85.003736009849	56.5	56.5137486206604	56.5066008526639	56.5015467689854	24.55	24.5502551328981	24.5648342910785	24.544584600503
2026-03-31	9.04	9.04943185812611	9.03134096481968	9.05536266247211	6.42	6.41044475694082	6.42562437448568	6.40922552184163	5.38	5.38445739898293	5.38435254551379	5.37940442181971	4.55	4.56357825589579	4.55712525164417	4.54062681006735	2.46	2.44433598211295	2.46653155095405	2.45256569132068	0.31	0.304806195300811	0.318297892115412	0.304361002983907	3.09	3.0954095529968	3.09865839028106	3.06444102239607	4.5	4.4932798874559	4.49457765979501	4.50274050660124	1.14	1.1390213086428	1.15895640194618	1.12973432771297	4.01	4.02139752481158	4.00686361235563	4.01861702694805	-0.31	-0.317979585548362	-0.311692486159729	-0.316141512272962	-0.82	-0.831579644180741	-0.822980622695504	-0.820546657571496	-2	-1.98137393406766	-2.00651385095455	-1.98966549294469	-2.01	-2.00967831717458	-1.99194132882632	-2.00823250946847	-2	-1.98996789728757	-2.00031099066499	-2.01058197530533	-6.65	-6.64022477655839	-6.6647530921598	-6.66095856339484	-5.5	-5.4847934201736	-5.49764773504771	-5.5116646236931	-4.6	-4.60186777210273	-4.58836096629076	-4.6074402835254	-0.81	-0.809464444531764	-0.813552379600345	-0.796252076220438	0	9.96536162445281e-05	-0.00894194678132547	0.000825642486288421	0.02	0.0152291728209392	0.0228932154295134	0.0238948211585328	61.05	61.0620393311576	61.0414575430659	61.055180462185	35.01	34.9951650760713	35.029713619711	35.0213168125087	9.19	9.18522786877345	9.17141632982613	9.19338893793674
2026-04-01	14	14.001639832935	14.0135917496386	14.0040236364045	14	13.9952867381031	14.0077007462908	13.9877018346519	14	14.0312309259791	13.99414083856	14.0043802748638	14	14.0092305277855	14.0052590751706	13.9940373572036	14	14.0268722634827	14.0213831422182	14.0093508133918	14	14.0105950411849	13.9951553277414	14.0000064396925	14	13.9991350157794	13.9934303704109	14.0074102300279	14	13.9864590506879	14.0076871120821	14.01322690935	14	14.0120619000516	13.9869231854921	13.9908011068839	14	14.002513442757	14.0003923863926	13.9926602389211	14	13.9865534626339	13.9864837995802	13.9986541952866	14	14.0121212892632	14.0029204664805	14.0061819811664	14	14.0058521383754	13.9927379190165	14.0014426356804	14	14.0180409687949	14.0048229380537	13.9938334003479	14	13.9835139520513	13.9952838676561	14.0064106054457	14	13.9839558993562	14.0015717803124	13.9896356719941	14	13.9993735637973	14.0097473725358	13.9822276378221	14	13.9937126748365	14.0099142103882	13.991813120672	14	14.001114540803	14.0099426698616	13.9903937743131	14	13.9939642719823	13.9961990812518	14.0034668249585	14	14.0035277351442	13.9964696561481	14.0205820938225	14	14.0018709198507	14.0081420621154	14.0173763083242	14	13.9806376004177	13.9962668987739	14.0018611751447	14	13.9945093241907	14.0092003408517	14.015174935704
2026-04-02	14	14.0085913048999	13.9904089882841	13.9901359044774	10	10.0033620004291	9.99712788581086	9.99726880919611	8.6	8.61186978363356	8.59584299593342	8.60349831828623	8.84	8.83322117703346	8.83780912197915	8.82662700097091	8.6	8.59494320321313	8.62012208663911	8.59706128395597	8.11	8.10535833392659	8.09439458285596	8.11944264684456	5.41	5.41910369882349	5.41030402451673	5.42168082465391	10.37	10.3771645506975	10.371469648559	10.3692031032993	9.58	9.59405657565667	9.57462558940857	9.58268092441357	3.08	3.06323640599938	3.07576048046012	3.06579451118394	-0.32	-0.31486931147845	-0.321549812624083	-0.326842312488247	-1	-0.990558580374827	-0.987865392297687	-0.996319169756994	-2.1	-2.09911581513695	-2.10216882572415	-2.1184918869826	-3	-3.00590789623092	-3.0316021362921	-2.98944088686234	-4	-4.01391245907088	-3.99925798800463	-3.99553958848365	-5	-4.99229353909725	-4.99335858585061	-5.00053248196691	-6	-5.9952423073048	-5.99762426763036	-6.00569537928512	-5	-4.98924139047888	-4.99458166172724	-5.00250764594675	-5.11	-5.10497730194204	-5.1171888124248	-5.10867562559214	0	-0.00849049500934202	0.0170156114800643	-0.00317347106955257	8	8.00395050935575	7.98970022138583	8.0008652345172	38.51	38.498682535724	38.5102860728419	38.5036213792333	34.78	34.7853204306811	34.7717548404045	34.7850139114924	14	13.9966479541701	13.9938122614474	14.0244823563806
2026-04-03	15.44	15.4445038492885	15.4375861596997	15.4324959138634	11.67	11.6754273996822	11.6575786381514	11.6682379368913	11.34	11.3352855128626	11.3511360742375	11.3416125190501	12.28	12.2829389852238	12.2579380014055	12.2755203342863	11.82	11.8134692145712	11.8377995874508	11.8270301024724	12.28	12.2750163975645	12.274509918816	12.2750183529437	12.28	12.2812871294707	12.2694210667806	12.2759160087267	9.72	9.70525660951737	9.73915928533023	9.71093228121605	19.32	19.3407558684299	19.3308678571805	19.3121656044238	0.93	0.937888058237178	0.924262782478507	0.932736112731448	-0.76	-0.741902838944883	-0.746050528590148	-0.740482724071197	-2.1	-2.1079206465344	-2.11496114683136	-2.11200626797394	-4	-4.00045149437214	-4.01871251034732	-3.9808748266377	-4	-4.00467095596257	-4.01020860581938	-4.02766641099317	-4	-3.9839567006673	-4.00117956761826	-3.98576232209811	-5.01	-5.02497864717247	-5.02106567434358	-4.99449705652314	-5.94	-5.94249389656666	-5.91778102600515	-5.91702399144455	-4.78	-4.77892502607057	-4.78370703995272	-4.79692861389988	-2.26	-2.25047183157481	-2.26001324088041	-2.26111617091716	0	-0.00644462974065538	-0.0116916139592558	0.00550506513637223	19.12	19.1055929512934	19.1252879423387	19.1255840746219	80.92	80.91093032662	80.9093489156715	80.9210885531453	80.02	80.0221907655466	80.0205974055103	80.0290394202823	74.21	74.2040557173654	74.1992323909277	74.2081682132134
2026-04-04	16.2	16.2144155509464	16.2131369376996	16.2082569742752	14.35	14.3477407637144	14.362084344965	14.3500169173057	16.42	16.4291466782565	16.4104822935945	16.4197675388508	13.38	13.3713273874899	13.3670980695017	13.3655701158609	15.5	15.500351602376	15.5128782228776	15.497675636425	16.42	16.426264273137	16.4156832397556	16.4170493558365	22.42	22.4032196230201	22.4324274257017	22.4258032899289	29.99	29.9936050478911	30.0071813215167	29.9878248385924	61.2	61.2076226695284	61.1834540562265	61.2020678044153	8.35	8.34637810897626	8.33558616300349	8.35097575388118	0	0.0156573816352342	0.00632447010910929	0.00160235949812861	-0.81	-0.823805337159486	-0.809827604545395	-0.806292663559505	-1.24	-1.22847812599459	-1.23857617786681	-1.25685401898751	-1.24	-1.26849775866905	-1.24339531044954	-1.24378689240053	-1.24	-1.22352707338019	-1.22548786213537	-1.24159279075978	-1.24	-1.2426673057822	-1.23329397146627	-1.2443807476102	-1.99	-1.98248638707014	-1.9930329725264	-1.99189163764612	-0.81	-0.81903025724767	-0.823373950983624	-0.798880854832834	-0.23	-0.218307803936467	-0.223249252751771	-0.230271980055517	2.38	2.37441249955823	2.38923169699734	2.37224324302556	34.01	34.0036142336189	34.0097973062286	34.0003146262501	78.92	78.9197265192215	78.9351450781795	78.9180369028293	74.67	74.6757335468339	74.6775200592807	74.6677811713262	61.67	61.6785455111465	61.6610216915055	61.6775196004771
2026-04-05	61.2	61.2078867129798	61.2073711277146	61.222641811891	38.31	38.3082588450318	38.3270953148229	38.3209503924278	30.01	30.0094810834168	30.0174283995194	30.0025333432936	25.3	25.3059167905467	25.2924600519126	25.3097464816849	20.26	20.2654891964822	20.2635050556106	20.2757677115912	17.5	17.4973135053833	17.4906623595852	17.5028401724899	15.08	15.0915889188221	15.0978451748576	15.0935371474885	27.01	26.9976827691813	27.0201309259708	27.0262977068812	56.19	56.2004232137061	56.1982556250439	56.1967850722535	-2.72	-2.70742593221003	-2.72998713381419	-2.72537405547583	-7.43	-7.41948813881178	-7.41447138369382	-7.43487569168815	-6.95	-6.95359833496492	-6.95586190070148	-6.94135164759233	-11.23	-11.2220909624309	-11.216696848216	-11.2226399874399	-15	-15.0033512166695	-14.9966779074944	-15.0049929523542	-16.39	-16.4162537877824	-16.3833232846971	-16.3740050346452	-18.77	-18.7737621270507	-18.7425038013991	-18.77707168325	-29.5	-29.4987798940757	-29.5112831408335	-29.5096402935746	-21.13	-21.1052973404657	-21.1271867255374	-21.1215656487623	-6.95	-6.96470759339215	-6.93135788160571	-6.95016653083337	-1.79	-1.78778436953109	-1.79013566865176	-1.79479636177829	60.2	60.2118991268492	60.2140634592653	60.1975135988383	83.83	83.8329424324207	83.8285758907398	83.8348749008127	82.94	82.9370004832667	82.9449513501651	82.9463266117929	81.02	81.0196628417146	81.0415033104295	81.0158979817796
2026-04-06	63.25	63.2508160671196	63.268072528365	63.2470664500417	56.79	56.8017877580056	56.7876350501039	56.7886701591178	55.7	55.6908925287783	55.7155482288591	55.6999098195192	30	30.0054011600629	30.0151448507431	29.9982623624976	16.64	16.6410440290753	16.6356491053328	16.6235162243974	19	18.9872357697606	19.0054293637339	18.9902313538965	27.2	27.1908778904825	27.2045314385483	27.2116851111311	43.17	43.1530187460306	43.1652367241486	43.1608224123067	63.2	63.2081944844884	63.1968002121423	63.1886580090562	22.14	22.155033727643	22.1412972977737	22.1375954549163	-0.81	-0.799631562755918	-0.816153579660299	-0.810871288178479	-3	-2.99721234494309	-2.99669113320045	-3.0104846622517	-9	-8.99614021530033	-8.98889505260076	-9.00605381621928	-9	-9.02012451538863	-9.01087579146138	-8.99726832012972	-9.99	-9.97088245935579	-9.98420105769125	-9.98909791484645	-9.34	-9.3281142995079	-9.34050150202823	-9.33196060916027	-8.25	-8.25460275527853	-8.24484627881335	-8.2546052071836	-4	-4.005858735819	-3.99549046997224	-4.00671261197848	-0.08	-0.0716803238811533	-0.0752515587534648	-0.0732313697480827	3.08	3.08671338178897	3.06478343265568	3.07233683609387	30	29.9807935604094	30.0236852366943	30.0045006210991	64.29	64.2857072757925	64.2896850779141	64.2850629883202	60.2	60.2102576807765	60.1891049735448	60.2078759805804	41.84	41.8484193809949	41.8379217545216	41.8341988944792
2026-04-07	48	47.9868832883193	48.0018073648706	48.0207603375221	31.83	31.8205939644091	31.8225837587814	31.8289454197849	23.9	23.9034203468214	23.894056202473	23.8952278327953	22	21.9795466914572	21.9956710148552	21.9883533417026	23.25	23.2557335155748	23.2479720848148	23.2661889048391	23.9	23.9037869008346	23.8911648366198	23.9000754944987	77.28	77.2936253779074	77.2889994752219	77.2938031423816	82.1	82.0982015157254	82.1332151314418	82.0915760874423	82.52	82.5459556766463	82.5064141648344	82.5240842222275	79.99	80.0009605922733	79.9776710183149	79.9879492413716	17.01	17.0299346793027	17.0231112244401	17.0002420051818	3.08	3.07214040055582	3.06895352730752	3.09536519952192	0.84	0.837882718644143	0.841728398422929	0.844421903410577	0.01	-0.01881288155082	0.0125917121625703	0.00449698965343524	0	-0.00285196611133368	0.0160089925238582	-0.00101502062572596	0	-0.0132829386471503	0.00890167410817677	0.0166651735687274	0.01	0.00650334872442857	0.000891631736703653	-0.00771234639756765	2.99	2.99773550387105	2.99236441773732	2.98447282776242	8.37	8.3757456562788	8.38151986920633	8.35366607203844	39.53	39.5407220111431	39.5063292333871	39.5293685792976	72.53	72.5552073499378	72.5339883030847	72.5243171081608	114.16	114.171177280205	114.169261831694	114.172157031187	92	91.9995192689957	91.9993308791156	92.0014070476042	84.51	84.5163687235313	84.5179724645273	84.500395686945
2026-04-08	90	89.9980663282521	90.0011916536419	89.9915497669204	66	66.0270127593608	65.9939263998483	65.9996648754959	80.81	80.790266215494	80.8080852756952	80.7760810345107	75.5	75.5044284525786	75.482136742833	75.4902045510524	77.26	77.2675457610236	77.2618217193056	77.2424755763616	65	65.0042872696618	65.0222625328554	65.0044182042054	62.6	62.5952885832286	62.619085582744	62.588887719829	79.51	79.5162598253045	79.5225914731377	79.5125489885352	123.48	123.47253593516	123.470702759114	123.497793219849	90.18	90.172747007479	90.1820426347377	90.1826841125307	55.55	55.5693087772819	55.5337833908905	55.5519516841642	35.5	35.515870119413	35.5076638967074	35.5052147126129	21.5	21.4943925419508	21.4931113575569	21.5169144785998	6.8	6.7978524644658	6.80443507342207	6.80375797053767	4.08	4.07877770675905	4.09143797217431	4.09386004025844	3.08	3.06546381575167	3.08001587605799	3.07381796751584	3	2.99797851546899	2.99636436503612	2.98149126543805	5.91	5.89132608299734	5.90339377698149	5.9065266959153	26.51	26.5142098147601	26.5239062610334	26.5012122886906	49.86	49.8477792152538	49.8777899920896	49.8573852065673	105.38	105.40272140772	105.37140042361	105.371654826662	148.81	148.794530539616	148.799127562675	148.825632686533	112.96	112.952650945392	112.972347326861	112.95407584049	101.77	101.768526063942	101.768246885058	101.782749329396
2026-04-09	105.7	105.698472445572	105.696732462456	105.717138040395	96.22	96.2224493178504	96.2129922846064	96.2152689241855	90.83	90.8257126820801	90.8152582255364	90.813211447638	85.81	85.8133666399748	85.8066470109277	85.8091032433	82.4	82.4169059081001	82.3988075382439	82.4053302778445	77	77.0007986226349	77.0023866649514	77.0017294150017	90.01	90.0115170628891	90.0259220481718	90.0122930928103	114.29	114.291162291913	114.294849236027	114.301552855819	104.64	104.640802698266	104.61586607165	104.657380780444	99.91	99.903128787908	99.920628627202	99.897991518236	70.66	70.6539612519632	70.648643861011	70.6955535871626	4.75	4.7518907271411	4.76581973098253	4.74932345968856	0.84	0.854000271905532	0.839297813763016	0.83792870842064	0.01	0.026363296001112	0.0159408416411606	0.0230983510308017	0	-0.00100638858751688	-0.0164100059972859	-0.0141699466644981	0	-0.00906048255950408	0.000524793900403793	-0.00795290331087115	0	0.000899551479349346	-0.017047569892303	0.0134428569318803	0	-0.00416651921627224	0.00204291233610085	0.0113870042548442	5	5.02040776472779	5.00851621982374	4.9957849189545	38.51	38.5145844363204	38.515674712072	38.513108144048	84.03	84.0335180549452	84.0246551982371	84.0318361341925	95	95.0005740113055	95.0041241136637	95.010894266603	91.41	91.4082124676423	91.4066599629494	91.3715977447777	77.79	77.7881856374479	77.7871352017123	77.7869631321521
2026-04-10	59.7	59.7013344353277	59.7018684424196	59.6843891648667	44.9	44.9007544278263	44.9002257895108	44.8965391148989	38.9	38.9232344855403	38.9103065408782	38.9011794724242	37.77	37.7740069308875	37.7786071075661	37.7739966557752	38.9	38.9108164189651	38.9130296560432	38.8987754686499	39.89	39.8981450643362	39.890744349343	39.8951442559556	45.9	45.8767546030256	45.9172206992281	45.8867550828307	53.58	53.5821604383511	53.5895916412427	53.5661201064172	98.65	98.6637302132795	98.6449514398372	98.6459250062354	82.81	82.8156647447448	82.819368994324	82.8210347847334	18.9	18.887215174225	18.8841447476825	18.8911699667065	3.08	3.08791640673339	3.07165471468146	3.07620109691547	0.84	0.842468469625221	0.826968056810178	0.83154895678804	0.01	-0.000534732978112195	0.0212731256773191	0.00657900061327952	0.01	0.00334264088419091	0.0167300097479101	0.0197665557509454	0.01	0.0155543767356285	0.008177547623534	0.0120789234759094	0	0.00905757884594941	-0.0066094148663048	0.00123238290312219	2	2.00166321064919	1.99481444235344	2.00192825386915	13.05	13.0383076243155	13.0503857122034	13.058655885538	43.01	43.0159019223534	43.0107637210799	43.0110571816289	89.99	89.9852405795937	89.9861064708295	89.9882469748863	105.7	105.693770305585	105.70325735844	105.698902585546	96.7	96.6954121549899	96.7102476361839	96.7102333270029	87.5	87.4619916008689	87.5139107898875	87.5014574031167
2026-04-11	95	95.0020390933086	94.9976737754052	95.0059468972038	70.48	70.4748189560849	70.4801796692864	70.4842535037258	60.26	60.2497440109031	60.2493724725022	60.2693522768592	55	54.9915598225716	54.9843927244847	55.0014115341073	54.57	54.567583664945	54.5586764527472	54.5705444925632	50.4	50.3926649159275	50.3870211573594	50.3988078768529	63.3	63.2926720960192	63.3077972423797	63.284378961779	64.5	64.5225591963872	64.5004448338563	64.5019359797703	68.35	68.3724552396536	68.3402752920092	68.3488161358012	63.54	63.5241457914202	63.5405263213005	63.5643518708582	28.15	28.1456991333387	28.1601289779576	28.1444279588566	3.08	3.06446840460252	3.08086803975091	3.07371027072	0.84	0.831914951018604	0.826444386758729	0.824259378367548	0	0.0167963676385606	-0.0148429582779666	-0.00763718582625688	-0.01	-0.0112603247479296	-0.00313209606543166	-0.0158652463976744	-0.81	-0.810195085327305	-0.796319412057925	-0.80248194103512	-0.82	-0.823223980973251	-0.816153107102797	-0.821882722218906	-3	-2.98049099338237	-2.98931229991278	-2.99679429651967	0.84	0.859730123004346	0.865912388037803	0.845415332090766	14.25	14.2552102443163	14.2433530085947	14.2364946325637	28.87	28.8603387016397	28.8680275504468	28.8620717710356	44.27	44.269071757343	44.2771505255843	44.2893759835624	43.3	43.3059876107964	43.304851705879	43.316143797428	40	40.0007911684034	39.9984663080079	40.0079742064141
2026-04-12	9.45	9.44576755763754	9.44889836792387	9.45923030178974	7.73	7.73919872696688	7.72969244604879	7.73980193988609	8	7.99930109169461	8.0116494087084	7.98972973525309	10	9.99202733251876	9.98639568774041	9.99050946968073	7.31	7.30276629734659	7.3096215656191	7.29289809178252	11.59	11.5881134700156	11.590515990031	11.5836608510442	6.43	6.44273434387157	6.44020128629441	6.4304151324735	7.2	7.19351615331072	7.19213820342283	7.20581950798027	9.81	9.80222247394222	9.81462393342786	9.79813328645443	15.88	15.8899569385267	15.8780191382245	15.8588166857861	5.41	5.42543603925787	5.41560428932878	5.40315966794559	0.84	0.840683793978203	0.838609679707036	0.849882063440048	0.46	0.464657820980026	0.466348520222181	0.473705158093198	0.46	0.460433896119079	0.464523321799851	0.445238621135812	0	0.0152898022789533	-0.00101556605580065	-8.4075557770332e-05	0	0.00199981365359262	-0.00554281057892395	-0.00561496614755082	-0.56	-0.553198970225091	-0.535861312979944	-0.548201194020537	-0.81	-0.80168173714477	-0.808428718779433	-0.831720976989817	-0.01	-0.00974994357191934	-0.0270499452380727	-0.00744821390464025	1.34	1.35087209311056	1.34659691411211	1.33557035511874	19	19.0058924020958	18.9924405053384	18.9944282256388	72.05	72.0523041068083	72.0587904261771	72.0425924611001	70.19	70.1845191586364	70.1762162478191	70.1941720463766	38.02	38.0237507012896	38.0094828862807	38.0205360608082
2026-04-13	38.13	38.1002486826482	38.1288853659506	38.1249472979886	29.18	29.1827636983341	29.1716425992084	29.1769645327676	20	20.0172947754873	20.0205177950375	19.993545963082	13.1	13.0928760765651	13.0996171216531	13.0955308708291	10	10.002536710536	9.99565017381234	10.0052615145729	11.51	11.522360910931	11.5121517534816	11.5104055239618	20	20.0039980583341	19.9872672073736	19.9829827855839	59	59.0072206819508	58.9963562860604	59.0058857067297	64.66	64.6603948674714	64.6359422536035	64.6607875788747	34.59	34.6098896031363	34.5912977433583	34.5965086605404	0.84	0.836725853738763	0.825126992412658	0.84707586869315	0	0.0042867914097398	0.00975627923271174	0.000922313563626268	0	-0.0046343115097978	-0.00310959365557024	0.0126431613340406	0	0.00809146909247129	-0.00478158477997523	0.00774717993630207	0	-0.00821338343956526	-0.0045603442928695	0.00586769779996779	0	0.0119417040655387	0.00768903013297716	-0.0100802402280139	0	-0.0011550480116378	-0.00773155345169154	0.00271466241327289	0	0.00273735536137237	-0.0154718308787417	-0.0051295369852954	3.08	3.07265042384144	3.08557334838433	3.07639653844347	11.5	11.5109383864268	11.5014752628927	11.4982038060346	50.26	50.2653354766359	50.2519021630638	50.2689419149716	95.49	95.4912202471965	95.4900602882272	95.4684991863869	91.7	91.6838430006505	91.6980744919055	91.7273888910125	81.5	81.4865969574907	81.5063039415383	81.499859505548
2026-04-14	80.8	80.8181627312059	80.8190328255145	80.8041460812874	68.5	68.4966197763736	68.5057433956084	68.5104579069729	69	68.993505524174	69.0193318355664	69.0100006180107	64.9	64.898737529488	64.9078391522231	64.8943359259694	66.52	66.5299749718669	66.5158316532888	66.5208176624754	60	60.0028747863304	59.9829418373491	60.0143409900039	65	65.0085943240172	64.9719397541214	64.9935147061878	81.46	81.4700648356396	81.4468495185638	81.4839464349045	100.07	100.076857036962	100.061078258057	100.06558987179	68.35	68.3387776485828	68.3316050356621	68.3471750327422	2.05	2.04597347504275	2.04474969527326	2.03727372065987	0	0.00577625764219363	-0.0122827682079382	-0.00915836094581432	0	0.00315307725697214	0.0006943703320756	0.00200881978992448	-0.01	-0.000960356785623938	-0.0136390848085246	0.00242697777274382	0	0.00647001119178438	-0.00435311057614934	-0.000751147753803911	0	-0.00607090677364272	-0.0112892157850089	-5.83681205454876e-05	0	0.00744684192129413	-0.000641872594555528	-0.010815721931926	0	-0.00336142496176707	0.0164922044952809	-0.0010309583282977	2	1.99843064354572	2.00258049358231	1.9886207520583	34.65	34.6388393406989	34.6550841376065	34.6552462917393	95.6	95.5926945356269	95.607419109318	95.5906763014538	114.01	113.992572579579	114.011733194764	114.016914945002	100.01	100.006810620049	100.014511891683	100.020834956897	93.7	93.7071249834241	93.7076446380222	93.6901963809597
2026-04-15	104.58	104.587552171865	104.566269951488	104.604513607266	91.5	91.5080116844953	91.5060069834944	91.4954500867091	87.98	87.9762589173412	87.9608342600628	87.9771504655763	74.43	74.4257369774312	74.4388370538347	74.4182150582238	73.07	73.0823576762275	73.0780653543858	73.0701420565121	74.77	74.7836083508151	74.7697294689603	74.770070962618	84.55	84.5538973818249	84.5437205337733	84.5512239040033	107.33	107.327150109978	107.331224322929	107.336797377837	110.75	110.739185045526	110.737940790824	110.734190746761	85.12	85.1095469893519	85.1152582229794	85.1211492026814	7.41	7.40319715776773	7.4032808411074	7.38162977485841	0.84	0.837530776953088	0.832014114958116	0.842485417200138	0	0.00722642671560337	0.00222723891758614	-0.0145640526729551	-0.01	0.00935710458819615	0.0040231098541893	-0.0105300957583314	0	0.0172759121522273	0.0046816917889084	-0.00384998125313732	0	0.00649601743875952	0.00642325864624288	-0.000266611560398082	0	-0.00239235241317092	0.00877755051541433	-0.00906546493687894	0	-0.00295518913105858	0.0121627843055682	-0.0128880277649866	14.18	14.1923863893744	14.2062516519856	14.1745480116215	51.59	51.5821147172066	51.5952998428667	51.5921490488366	104.1	104.093826439817	104.123360196739	104.080519252683	136.4	136.401364540448	136.408625919072	136.410369155817	115.51	115.497832838182	115.516465558898	115.519683974726	110.75	110.759305851981	110.742091385902	110.757764587917
2026-04-16	104.58	104.570345742065	104.597232743594	104.572050755747	91.5	91.4776519573587	91.4825600708963	91.5154149560998	87.98	87.9752303922058	87.970358139437	87.9861313674464	74.43	74.4247901359177	74.4371522352816	74.4284010063331	73.07	73.0802149737332	73.0675688954101	73.0609215592827	74.77	74.762050377552	74.7714769363621	74.7674456067341	84.55	84.5485733956584	84.5536493477759	84.5539870057262	107.33	107.326970914883	107.326486004153	107.327613735193	110.75	110.763808229759	110.741675562712	110.730951685556	85.12	85.1228776352539	85.1231716964203	85.1103835682902	7.41	7.40939133684804	7.41613713138956	7.39347159826655	0.84	0.827564046376943	0.826198984203605	0.839367697588946	0	-0.0132668941753235	-0.00929649621661595	-0.00985059754095233	-0.01	-0.0195154045012765	0.0102862960754496	0.00978073758958314	0	0.0122147704989607	-0.00216018575510298	-0.00808447099263536	0	-0.0139854605481899	-0.0116297253231224	-0.00827767381642518	0	0.0113934876584128	0.0121996472608543	0.00838174193066868	0	0.00389008328711192	0.0156858160582832	-0.00934169077835849	14.18	14.1813242007285	14.1797457943522	14.1791130267897	51.59	51.5784867705933	51.6111906986416	51.5832996886243	104.1	104.108356803755	104.09422451745	104.100898820362	136.4	136.404157860749	136.392757069727	136.376567583942	115.51	115.511975364322	115.52342206574	115.501769629797	110.75	110.743141763243	110.75741714539	110.760975284302
2026-04-17	104.58	104.598644159334	104.572658952847	104.587755113324	91.5	91.4865489237725	91.5086124993853	91.4985464382449	87.98	87.9639246253643	87.9657263635613	87.9825390294042	74.43	74.4215262064888	74.4248626286529	74.4151320776841	73.07	73.0804176472206	73.0631703846453	73.0707301250578	74.77	74.7494723463677	74.773279700198	74.7758064930783	84.55	84.549546381542	84.5532579644214	84.5493955721217	107.33	107.341977176741	107.319655565706	107.329142843244	110.75	110.738543929656	110.751385611028	110.750286819973	85.12	85.121759216789	85.1204818247467	85.1128350127879	7.41	7.42047522754682	7.39938850799848	7.40790065347924	0.84	0.842924615818165	0.847780871584862	0.839746379739041	0	0.00539710712092235	-0.0139295656477988	0.00254574195505258	-0.01	-0.00722572409488852	-0.00248403208857596	-0.0203190943616889	0	-0.0187196502136381	-0.00248763810913456	-0.00968386752580296	0	0.00116763804170836	0.010536202460058	-0.0171987654829305	0	-0.00930811351786952	0.0111856740299312	-0.0010024994393279	0	-0.00155962231842937	-0.00759508114844574	-0.00267179620941609	14.18	14.1596952321822	14.1824566117314	14.1775312185581	51.59	51.5907533579339	51.5799923988354	51.5948449489212	104.1	104.106456899756	104.086831351126	104.117010088782	136.4	136.409330848129	136.406624089365	136.399411461127	115.51	115.492633340763	115.503303217515	115.506897315176	110.75	110.751154884423	110.738199248048	110.757931034775
2026-04-18	101.73	101.735927112814	101.735053104508	101.733892583513	99.1	99.0971692162642	99.1011890683464	99.1033710881658	85.18	85.1787083853073	85.1840680940942	85.191745771638	80.88	80.8639327232522	80.878857993583	80.8882367198926	74.09	74.0923362356248	74.1142963386058	74.0928949023646	76.34	76.3380687386702	76.3446817742542	76.3345507913111	91.14	91.1454430008371	91.1353646831572	91.1347615208254	93.17	93.1738490992801	93.1823637525673	93.1675792160785	95.76	95.7600384606951	95.7442784826129	95.7797061122973	46.63	46.6268400889463	46.6299922643538	46.6411742625975	13.24	13.2334918701952	13.2381499619499	13.2533889748401	0	0.00369025603176561	0.00228579849736835	-0.00137587508429867	-0.31	-0.313640202567143	-0.310140184895923	-0.314483543273611	-0.81	-0.81204607933231	-0.802091265060721	-0.792593049042339	-0.82	-0.825501665306919	-0.821607685455562	-0.820745128079543	0	-0.00393600573676788	-0.0106886046358442	0.0208546775107702	0	0.00879822698975866	0.00518810190465173	0.00820058888315208	0	-0.00698562250672395	0.0194473774111243	0.014414452942801	5	4.99300566247373	4.98215772551286	4.99575049171561	22.67	22.6677102405711	22.6703437459242	22.6858065956481	71.65	71.6488682421602	71.6422268049544	71.6299661942872	88.14	88.1539841605429	88.1521021389943	88.1451007640699	91.75	91.7455516694815	91.7665640534036	91.75603925903	85.52	85.5010710397421	85.5244176506162	85.5279227009501
2026-04-19	73.96	73.964942724811	73.9611538796748	73.9656798821154	68.85	68.8521957194529	68.8335900432106	68.8531764621893	49.91	49.9204688616496	49.9113911027887	49.9089339927276	34.21	34.2134260728148	34.2079696843663	34.2003837175385	26.47	26.4673154170154	26.466446496583	26.490087473796	36.48	36.4752316724014	36.4871814131415	36.4773115458188	39.05	39.0441926172428	39.0516951832929	39.0642889622075	55.45	55.4287840455883	55.4694497656234	55.4495938189681	47.08	47.0783256409806	47.0920210712643	47.064341719028	13.24	13.2376453882422	13.2521064053007	13.2369240882838	-0.81	-0.778232576910006	-0.821130700714525	-0.798660884766787	-0.81	-0.821657079725495	-0.814524059602049	-0.808786310721479	-0.82	-0.834319670373463	-0.826700877481183	-0.826651348939926	-0.82	-0.828192179225723	-0.816720887976267	-0.833486819504072	-0.01	-0.0117127108991448	-0.000739260045231931	-0.0016684862664216	-0.81	-0.803502125306213	-0.817800797701923	-0.818755165791158	-2.51	-2.48825696319946	-2.5092750449907	-2.50995774940692	-1.5	-1.49599331419805	-1.50463393439927	-1.50385324451267	-0.09	-0.0885976116783796	-0.080247180203705	-0.0914700998646773	9.47	9.45698899815997	9.49374510828333	9.45418767136064	56.43	56.4486226431223	56.4455259417711	56.4313248574586	86.3	86.2743255126275	86.3039675006252	86.2933612721072	87.98	87.9853718308572	87.9892964569991	87.9911594619691	86.11	86.0885492828107	86.1141341067158	86.1218652050437
2026-04-20	85.2	85.2052921130957	85.1842326542972	85.2094045682031	78.4	78.39250328203	78.4022748873825	78.4096901230121	75.2	75.2111198729703	75.1994473916972	75.1956224865291	72.78	72.7716035065922	72.7928371028544	72.7773397759893	72.78	72.776223522073	72.781647601997	72.7893382790921	75.15	75.1542333347935	75.1541278334713	75.137387766782	83	83.0016490100242	83.0184614286519	82.9942147462742	75.43	75.4394729190077	75.4430211112528	75.4285975896242	95.1	95.0936491061722	95.0908310593087	95.0912290774814	78.2	78.2059467501618	78.2042072959916	78.1974831672595	17.75	17.7428324174623	17.7513543756434	17.7395218786356	0.36	0.379030946246506	0.354432992149744	0.343637838481775	0.28	0.276057643104401	0.273044631612533	0.273923752561877	-0.67	-0.659428723746521	-0.695189151830966	-0.674804860179289	0	-0.0102824589284998	-0.00103221610543667	-0.0109670360928898	-2	-1.98855429101374	-1.98697071250875	-1.99737597307985	-3.5	-3.4965244388307	-3.51824661738342	-3.49505319945788	-0.41	-0.404364259357683	-0.420062088248933	-0.415740243402819	7.1	7.09725103157329	7.09305737538717	7.10430058238911	16.47	16.4637095343754	16.4609548421069	16.487173604234	75.2	75.207956091367	75.201678024653	75.2102668158228	98.27	98.2730751978608	98.2683472025788	98.2721832587499	83.12	83.126394172042	83.1289485221267	83.1210005317621	89.24	89.2517325946572	89.2612329185364	89.2409177773318
2026-04-21	93	92.9967473367192	93.0144987871467	93.0054599490274	89	88.9982249939215	89.0050330531134	88.988765066022	82.68	82.6938848570106	82.6803945560976	82.6726751617016	78.97	78.9687924329972	78.9509061008776	78.9747731961034	78.91	78.9158276482725	78.9228575997653	78.9171485940531	78.91	78.900571450239	78.9313999003347	78.900793589186	77.28	77.2942984716698	77.2927261681932	77.2854540569614	82.28	82.2749338476484	82.2906524436443	82.2598789726235	90.11	90.0956364459342	90.1186833449971	90.1204793448294	71	71.0066527276267	70.9969720928082	70.9949643164098	14.08	14.0752106482019	14.0692089841251	14.0796257801347	5.41	5.41531324937348	5.40793599435942	5.41160522612715	2.09	2.09679921166552	2.08904341242759	2.10417400113504	0	8.5622522107089e-05	-0.0105046153762925	0.0126331302468452	-0.3	-0.300433223134159	-0.307749674283638	-0.292557604744194	-0.31	-0.301547566679921	-0.314728813972281	-0.295070887010697	0	-0.00200255310433042	-0.00551721081901644	0.00794280988111363	0.84	0.835298707032458	0.836664835812495	0.845535918660652	0.84	0.834898035047779	0.832838788620268	0.832128594324548	11.17	11.1813530998942	11.1423373697097	11.182042127044	72.48	72.4763112448963	72.4860854240047	72.4793371923031	90.11	90.1132913218329	90.0987635773172	90.1117463807135	87.28	87.2777836037309	87.2954836921737	87.2917766921848	90.11	90.108222654812	90.1049093193726	90.1334105602389
2026-04-22	92.97	92.9696190535311	92.9832076684332	92.9801521811156	82.52	82.5183885793502	82.516140462574	82.5276711408865	80.28	80.287773424973	80.3084295552096	80.264908686532	84.17	84.1749056951694	84.1916443702942	84.1804324986907	81.88	81.8795654819757	81.8885892502685	81.8802646282656	80.13	80.1276708774878	80.1255470826361	80.1212115005439	79.54	79.5401452256241	79.5373613492338	79.5307365588147	90.47	90.4701900548524	90.4689600554922	90.4772220581551	94.35	94.3454913967203	94.3294598181742	94.3623655071998	86.02	86.034679297937	86.0020531313571	86.0273631693193	26.16	26.1275161902171	26.1623084740399	26.1711789019909	3.27	3.28220712211279	3.27929500875477	3.26996537549183	0	-0.00625180332377312	0.0103345376342299	-0.00183103578164063	0	0.00716046729567354	0.0116358954857449	-0.00445445592757387	-0.81	-0.814416848450197	-0.829689617873824	-0.813290017264266	-0.82	-0.810581442901893	-0.812182261012404	-0.817224991185766	-1	-0.983844596206148	-1.01275181399892	-0.998130774562832	0	-0.0198247139108338	0.0125275054986671	0.00657572304975617	0.1	0.104911738491007	0.110216107844238	0.0917442907877987	14.65	14.648330156631	14.6326407702145	14.6481405507947	79.96	79.9492342856601	79.9555909407353	79.9583208939167	98.84	98.8432120055272	98.8347671051044	98.8320800606156	93.14	93.1412443788011	93.126469002552	93.1338289070577	91.69	91.6881837888273	91.695850473267	91.7015440816657
2026-04-23	93	93.001226423517	92.9958466002681	93.0096766692718	78.2	78.1870594634985	78.1876204773675	78.2063567782935	81.11	81.1051880769758	81.1006326734036	81.1212924080112	80.96	80.9419323132349	80.9643240312145	80.9505864261071	80.42	80.4143653241303	80.4282894009974	80.4269241374774	80.54	80.5295313581778	80.5385714544246	80.53224933773	81.01	81.0156680923446	80.996855389281	80.9983383255519	82.69	82.6971377924495	82.6909742182746	82.6838940880062	102.36	102.368925830681	102.346785253272	102.348204989357	80	79.9960195355905	79.9914936175713	79.9834505521058	8.21	8.21108459244447	8.20183782108589	8.22166393686467	0.84	0.846012035826736	0.839848265960206	0.852513899910177	0	-0.000803072732084737	-0.0212925310533066	-0.00230084078719122	0	-0.000953535578162114	0.00989264542221864	0.0190364071610938	-0.02	-0.0252828573110153	-0.0323769179595901	-0.0394969621101105	-0.31	-0.322281512044034	-0.311748557455848	-0.31699090024445	0	-0.0052916878650468	0.00427671753321507	0.00840743542669681	0	0.00383120891859208	0.000502540064860128	-0.00229859088917829	3.49	3.47099687676417	3.4798356623138	3.50397574124117	26.24	26.2402556161468	26.2202481625515	26.2581542827888	81.01	81.0280382016774	81.0120724063315	80.9986494850572	97.99	97.9805902886703	97.9977959642279	97.9938502956044	88.36	88.3452245873375	88.3601160200602	88.3660692262711	88.36	88.355704007269	88.3748380297219	88.3585254093
2026-04-24	94.71	94.6956976996801	94.6855239600416	94.7017016316962	95	95.0023374576321	94.9936191457934	95.0077836006294	92.78	92.7777145294299	92.7705069319729	92.7858480800516	91.78	91.7753479533924	91.7708087782389	91.7833342309283	93.36	93.3777141630452	93.3566737264388	93.3611666278076	94.9	94.8944296111593	94.9083586744755	94.9009518708203	98.61	98.6108336838938	98.5961664903993	98.6154823343038	102.79	102.792772880405	102.785438693794	102.794038044196	105.98	105.966113745062	105.96530595963	105.970720483553	104.07	104.065907962284	104.051612800946	104.059766828315	94.94	94.9342501997804	94.9299117509166	94.9359432031595	77.23	77.2328747456271	77.244207551745	77.2527024476927	55.56	55.5695387864331	55.5675610016158	55.5596561627022	41.56	41.547749423083	41.5698721514208	41.5634855240216	30.12	30.1182954384125	30.1111825575485	30.1298138305489	30.26	30.2679532099991	30.2662762689635	30.2587904540926	35	34.9988114755172	35.0103334450291	34.9868316740615	49.82	49.8070809949692	49.8348020884968	49.8182352408015	33.87	33.8484428629953	33.8683430893552	33.8591515844551	78.36	78.3539407424652	78.3669045335422	78.369050685041	93.38	93.3804307577587	93.3738858066127	93.4000154551439	111.22	111.219428738312	111.21261545257	111.231364868382	103.74	103.72863851616	103.739223103477	103.721076979397	101.07	101.070091945847	101.05867371869	101.065484624815
2026-04-25	104.05	104.046808167724	104.065060959506	104.043131255836	99.37	99.3463231257399	99.3675542737882	99.3833755116401	98.57	98.563238319943	98.5739325786062	98.5823623029393	99	99.0081000229239	98.9990085907344	98.9894706122967	98.62	98.6227699235546	98.6317191472924	98.6150192225509	99	98.9955498374683	98.9974114553373	99.0276408008934	99.4	99.3924319784956	99.3960361224211	99.4107433449876	100.52	100.516447938488	100.526228690302	100.527552183331	102.46	102.4549578692	102.440759674366	102.455167396739	57.28	57.2757134504061	57.2832691583018	57.2749372895143	12.06	12.0647189662658	12.0579803096163	12.0656427675926	0.34	0.340981693031654	0.345217770536554	0.345953308791099	-0.5	-0.493436495814504	-0.51766653756886	-0.505751316579588	-4.5	-4.50898952387211	-4.50218479492903	-4.50350124823508	0	0.0231497002078743	-0.00713851773691661	0.0104573143420067	0	0.0173744046074754	0.00636624191237405	-0.0027212492415857	0	0.0022644336952132	0.00544587164979883	-0.00635618253743215	-0.59	-0.608457575600979	-0.593240443882571	-0.586442690875724	1.5	1.49323490063285	1.51035867319543	1.49839466927783	39	38.9931644026925	38.9957797344817	39.011190661007	78	77.9953329942258	78.0081583596174	77.9964009023623	105.2	105.197848358684	105.197695174131	105.193950114723	101.71	101.695854967197	101.712725553803	101.720510804149	101.92	101.918719052708	101.938628646682	101.91857322653
2026-04-26	66.02	66.0185439345743	66.0367856523181	66.0075548969261	50.19	50.1953617409778	50.2173837417753	50.1988870787967	41.8	41.8101228518573	41.8050912756308	41.8071916616988	46.53	46.5113519911186	46.5182955247026	46.5374144067065	50	50.0085650744795	49.9913918310166	49.9928043360694	50	49.9922679175294	49.9921061295258	50.0137570445242	47.38	47.3636520508338	47.3822955360449	47.3854720626872	55	54.991805644135	55.01146887167	55.0059875753032	48.49	48.5086260484876	48.492695730839	48.4963970703831	6.73	6.71394271602248	6.72098841255043	6.71323314651456	-2.5	-2.50747803760215	-2.50531173096534	-2.50528439607963	-6	-6.00466513949427	-6.00325870089291	-6.00102412214719	-9.9	-9.88644652081777	-9.89127204074306	-9.90135414674802	-9.5	-9.51622149290886	-9.50474593382613	-9.49636529562569	-5	-4.99023971969106	-5.00478518079204	-4.99646424452314	-4.8	-4.80632980713163	-4.80663375639269	-4.8142903073684	-4.8	-4.79245252674698	-4.81031125429881	-4.7962426971424	-4.37	-4.37325743907399	-4.35818611383795	-4.3805594286552	1	0.993143262656556	0.988861469140641	0.995900384897692	16.24	16.2300866652926	16.2399072842697	16.2336428254789	41.14	41.1522594823082	41.1524927185608	41.1317993196651	98.61	98.6215498805566	98.6081631455289	98.6132432144686	103.4	103.406090321781	103.403693246551	103.390752551381	88.98	88.9821301185296	88.9796408826463	88.9711498984394
2026-04-27	78.68	78.6764474129943	78.6806381987191	78.6599503157537	65.47	65.4624830544822	65.4620659239815	65.4643261562441	48.55	48.5516068880087	48.5502335647149	48.5437539026378	44.81	44.8210614995359	44.7976479553593	44.8210170311651	37.11	37.1104564072344	37.1178092319357	37.1019002460769	51	51.0036126659098	51.0000275392864	51.0265768511777	81.94	81.9287666070514	81.974729459259	81.9474239825041	97.3	97.315858391197	97.295178105516	97.2909136066227	107.84	107.844514066183	107.847548851269	107.825994319096	61.02	61.0345848399036	61.0156936115353	61.0345768629071	4.08	4.05914461161582	4.07965254026156	4.06597451113763	0	0.000837016612683582	0.00733269763373137	0.0118496732362424	0	-0.0174762213483094	-0.0207977679687606	-0.00819625849311025	-0.02	-0.020325477574432	-0.0229542276214732	-0.0386659636119767	-0.5	-0.48899419034839	-0.495626117655601	-0.494928990756742	-0.49	-0.483389442910909	-0.495597990357006	-0.487812596334104	-0.02	-0.0192002174649168	-0.011271652585459	-0.0211131528443467	0	-0.00156222310998851	0.00080588246254662	-0.00725838331647239	-0.91	-0.895873123447757	-0.896025313429535	-0.908937546534051	36.92	36.9211641225613	36.9220530532721	36.9120806604913	88.46	88.448630922014	88.4569727094686	88.4596333898558	101	100.989169621827	101.012261610973	101.00253957873	93.84	93.8378091649517	93.8346597945695	93.8424634367039	86.44	86.4379923588791	86.4406494646826	86.4498360027293
2026-04-28	94.64	94.6513075539196	94.6326577989882	94.6250489061697	89.2	89.2162041476629	89.2010502648612	89.2126946838559	88.86	88.8826714972288	88.8648208111048	88.8867142906388	78.5	78.5071743101158	78.4714860206028	78.5021744622516	81.1	81.1024292312338	81.0960906550983	81.1041297933473	88.1	88.0865408609192	88.0916085658806	88.0972739114154	90.78	90.7801284811092	90.7847714456084	90.7703967461906	95.63	95.6244450805885	95.6307679794232	95.6337072893179	103.01	103.014017508164	103.019502203833	102.996167015474	93.18	93.1918799141182	93.16958480447	93.1883869872174	27.36	27.3597612931916	27.349129901344	27.3636317619074	3.08	3.06471862877799	3.09866807722812	3.086398224238	0.84	0.847312130818288	0.839628838981979	0.820720776275284	0.84	0.841417586769978	0.866798053489799	0.838435889783315	0.84	0.853277158652177	0.843503738270664	0.845446507075231	0.21	0.192084905192469	0.210335031234742	0.205459098135202	0.84	0.850624324288421	0.825494819726227	0.840373718539266	3.08	3.07022001533066	3.07175111248605	3.1015090365979	15.55	15.5545895526848	15.5456020824992	15.5518878854086	62	61.9988717105125	62.0130796398447	61.9884189109415	92.36	92.3779566284397	92.3556279032557	92.3623499910122	106.17	106.172397654123	106.173360866713	106.165295696015	101.83	101.840984354545	101.845708404407	101.822853987998	94.4	94.4122915624094	94.4218049943731	94.4022142132051
2026-04-29	106.92	106.936775162419	106.921571499169	106.931955233324	99.61	99.6310636108985	99.6048091200359	99.6043911591478	95	94.9993619804753	94.994208178934	95.0093624935134	90	90.0088073163384	90.0127262142937	90.0056508090245	92.52	92.5237061654286	92.5122389339167	92.5276633429148	92.5	92.529729594868	92.4977826415115	92.4942803825016	104.71	104.705511715211	104.718331395039	104.691214514443	106.45	106.447525079888	106.449101786035	106.457292670068	104.58	104.595818467127	104.575214386457	104.560927388967	103	102.987391778037	103.001580512737	102.994439990245	99.96	99.9832690276605	99.9535169903601	99.9400582375522	85.6	85.5792389047856	85.6132082508671	85.6151561492109	49.49	49.4713068646241	49.4773932201509	49.4862618216854	36.11	36.1160505128879	36.1066432123085	36.121725405637	26.84	26.8312583690815	26.8443651901748	26.8470232328061	22.2	22.1965756238752	22.2003362318957	22.1871721635618	15.48	15.4697246430128	15.4851007159624	15.4627162902846	26.69	26.7018805374577	26.6899751606002	26.6857588927367	26.84	26.848270013557	26.8501740063969	26.8363660247999	78.04	78.0328155899317	78.0431308815343	78.0298608363157	89.5	89.4926036430195	89.4877360265663	89.5001148395114	105.82	105.820480267307	105.81644812426	105.812213765843	102.3	102.3041288332	102.309937511019	102.300375109484	104.75	104.767384552094	104.738311680784	104.760703690622
2026-04-30	107.9	107.90004260501	107.914372954754	107.891070705886	108.72	108.708183473474	108.711573407685	108.723402489397	105.5	105.499829395458	105.509029908379	105.487157753383	102.56	102.552483111624	102.551086394742	102.558431972111	101.42	101.429973701647	101.422882529807	101.424951057392	98.1	98.1052253646701	98.0957246949034	98.1115551653429	97.32	97.3233398182423	97.3203099908455	97.3203684959074	107.39	107.372366739348	107.403302402396	107.410563784212	109.53	109.530482249581	109.529621581087	109.529329967208	103.05	103.05742826067	103.049112462265	103.038818813031	36.3	36.2944933797314	36.2975215342169	36.3145982061841	1.5	1.50510717819428	1.497823544169	1.4875669724286	0.61	0.645646460286134	0.600188661737677	0.600551363708769	0.61	0.60560682994151	0.602874308866002	0.613359203975876	0	0.00394067890629517	0.00176539503143342	0.016145363639776	0	0.0145197836116257	0.00335351621298319	-0.0158889421812333	0	-0.00467208052493079	0.00330440804648413	0.00256932214326983	0	-0.014235601049329	0.00317010155082386	0.004094765460692	19.97	19.9584892756075	19.9712344268013	19.9812428606156	49.28	49.2841273587992	49.2752150186062	49.2856065586434	100.9	100.907383884234	100.909982400068	100.892348016685	120	120.006450529291	120.003671885104	119.994572385601	110.9	110.89836647205	110.914846746348	110.909318198256	107.44	107.430995000621	107.424839852614	107.458068755658
2026-05-01	97.89	97.8906787197334	97.8927800592858	97.8872158130689	88.54	88.54551522697	88.5417006076232	88.5410479501299	88.06	88.0642206004621	88.0657014103074	88.0498703570443	87.58	87.5830683762833	87.5791922549752	87.5682952821536	90.94	90.9546176854714	90.9398062108989	90.9441254855782	90.78	90.7886313776312	90.7737898890252	90.7839146507898	92.34	92.3467702370897	92.3404750345252	92.335569601416	95.1	95.1027004077292	95.1047258388141	95.1135408199159	104.63	104.618346976876	104.629932640398	104.642443720015	20.01	20.0217375792798	20.0131584436982	20.007513526392	-0.71	-0.72138492641726	-0.707975748603429	-0.717484059981888	0	0.00164293403994256	0.00934310146238608	0.00635642679385272	-1.2	-1.18739590054726	-1.19823897864958	-1.20939269204202	-1.51	-1.51539274083397	-1.51509125128082	-1.48860435463161	-1.5	-1.48622120051396	-1.50577881087278	-1.4898547175775	-2.1	-2.10654320247231	-2.08862300263076	-2.11134326610971	-2.08	-2.0823757737821	-2.07373063600044	-2.07239080414914	-0.82	-0.83143553699218	-0.805505774142885	-0.811709788001132	0.89	0.884007072913586	0.892427904540457	0.88948359138581	25.95	25.9554948607509	25.9507405850741	25.9353858005602	88.9	88.8894660618016	88.8954814512396	88.9043896663451	110.01	109.998590704286	109.99666490671	110.034878903801	107.55	107.556794183972	107.547092287958	107.535591477975	106.78	106.776115047193	106.784902264369	106.771257911258
2026-05-02	90.64	90.6261080204384	90.6513209084054	90.6266667423087	84.78	84.7740290768873	84.76336639015	84.7602163172664	80.93	80.9300305961493	80.9432115258468	80.938911372063	59.3	59.3060870992158	59.306024084324	59.3159503662285	61.19	61.1838986647548	61.183907684859	61.1812279648112	59.59	59.6010827662142	59.5993006344726	59.5876708036513	65.3	65.3110666991593	65.2923779983033	65.2971839182862	58.9	58.8929861173451	58.9055804873494	58.8992199132416	61.23	61.227507823083	61.2268471913847	61.2373245695862	55.53	55.5127001991002	55.5341688775671	55.5232673425995	35	35.0003085989023	34.9938372438097	34.9893275921986	10	10.004430075075	10.0317779890444	9.99347576627703	0	0.00547097880036989	0.00197306785496352	0.00307508941420141	-1.19	-1.1749788636048	-1.19237193968252	-1.18577273953348	-0.82	-0.821388511408073	-0.823905385197899	-0.814083472942092	-4.5	-4.49741843345443	-4.51316356626315	-4.5127433177619	-0.5	-0.496097375876186	-0.489396477881045	-0.496906869980247	0.84	0.84606126705111	0.843907593951033	0.829928975685051	3.08	3.07985310226529	3.07485735970618	3.07024148352316	29.51	29.5159786048121	29.5138779735074	29.5100889737097	56.75	56.7292980671557	56.7543532732292	56.7470466805314	91.29	91.2938528164241	91.2917951424158	91.2899571256761	94.91	94.8959891040569	94.908594180433	94.9126797505357	83.93	83.9240695131278	83.9365721456396	83.9302237101939
2026-05-03	79	78.993236532432	79.0057515134659	79.008239279904	78	78.0042031194327	78.0122029593259	78.001464085306	72.15	72.1453764094471	72.1550569314367	72.156890525553	74.21	74.2137698637793	74.2176721017092	74.1878939918667	65.47	65.4743002907957	65.4890537220925	65.4775629699361	51.13	51.1310230683759	51.1343746208255	51.1246406709137	54.38	54.3842885741347	54.3753059133749	54.3706545828093	76.83	76.8262067469397	76.8158407587347	76.8191039415215	69.5	69.4809622542456	69.4949676775247	69.5272179853196	39.91	39.8997345168962	39.8985339639176	39.9126618509024	10.06	10.074091740922	10.0639818209343	10.050369183849	0.84	0.841100426248587	0.834251064742571	0.848854298329511	0.84	0.851869339255072	0.832523932158918	0.844119643898809	0	-0.00878644192746243	0.0158146256133779	0.00104242794334245	0	-0.0153335827544041	0.00952602495811788	0.00824098800673171	0	0.00855898797898525	0.0063487950950736	-0.00531354471303376	0	0.00525182529076613	0.0037014324305918	0.0108680683111042	-1.21	-1.22097932191541	-1.21696205390246	-1.1883689323305	3.08	3.09564667255828	3.0887280093656	3.0775007102523	47.16	47.1584070285397	47.1704955915252	47.1782837598762	85.48	85.4640044574545	85.4466678090984	85.4985231007013	105.77	105.776676720433	105.764282263402	105.765086676824	106.49	106.474164499382	106.484117437931	106.49442091439	107.33	107.329368678377	107.319684867361	107.322654088977
2026-05-04	111.75	111.750612654963	111.749371674591	111.746416946755	104.83	104.820491673788	104.816377937189	104.83408262897	101.54	101.560021042868	101.523208232928	101.533048709399	95	94.9986582510002	94.9889896504752	94.9916680754337	87.71	87.7055983416182	87.7170153493787	87.6984063404787	98.78	98.789557886007	98.7750083271116	98.7929071491798	103.6	103.590713084257	103.588776691599	103.605735647362	122.36	122.349950187426	122.343601906872	122.356761462166	117.1	117.107480039488	117.106535241927	117.115724191368	104.84	104.85315581221	104.822708838856	104.836593630356	86.19	86.1995086026741	86.1835346738898	86.1887279221183	59.06	59.0561996678422	59.0664957033873	59.0697615014878	18.67	18.6786759895069	18.6686333656176	18.6794333696195	12.99	12.9899235153409	12.9782787745313	12.9897723381418	5.41	5.40854472105924	5.39236849786943	5.39941056415336	3.3	3.2891611164042	3.32495256085101	3.29425688629426	2	1.98236239637941	2.00938339724967	1.9819209922894	5.01	5.00603033151289	5.01643417140841	5.01128541557523	5.5	5.51189420240666	5.4981022850628	5.4845125946747	12.4	12.4077281883446	12.4011617853718	12.4039220206873	86.76	86.7676112203026	86.7724138962003	86.7574589355508	122.11	122.11311445107	122.113094637261	122.120373627312	149.63	149.639747481939	149.636979414498	149.635828200836	131.11	131.104928554545	131.11265047442	131.100734129888
2026-05-05	111.85	111.840134309786	111.83414084641	111.846998550529	110.83	110.830674662796	110.813174148567	110.829467565089	100.54	100.537663046661	100.542335266691	100.521258023736	99.28	99.2431173088128	99.2782849160337	99.2860295096191	99.28	99.2755471570663	99.284032695687	99.2771669643153	102.25	102.254007108811	102.241196568437	102.243994229694	101.26	101.268809780185	101.268277503165	101.255655691764	113.8	113.804105490748	113.79280426454	113.808423741101	109.21	109.195767911023	109.202127746295	109.195994946469	103.41	103.416986555546	103.409587358219	103.400904029941	41.02	41.0144966704963	41.0289704091031	41.018775294048	3.09	3.08499905804025	3.08813463141593	3.09608122426882	3.84	3.83964546244924	3.8231436457776	3.82694142104917	0.89	0.884113731096069	0.893937584822589	0.883293728850925	0.84	0.853206720541633	0.832645486302979	0.846097773519129	0.84	0.834080520606529	0.838157209071653	0.839030501791732	0.01	0.00367283444984702	0.0151971292826061	0.0114201816860087	2	2.01132421833206	1.98191531607394	1.99603372637922	5.41	5.40462686539708	5.40248922867211	5.40963406374149	29.81	29.8054357664529	29.806623646274	29.8073830578734	92.81	92.8235275328816	92.8008361961068	92.7982701044707	108.17	108.156739741659	108.164625469653	108.175444634849	104.73	104.731664213586	104.729135743262	104.721513423083	100.93	100.929495392496	100.939176588464	100.928290458469
2026-05-06	115.37	115.388019548685	115.379563897092	115.366098335234	109.17	109.175012135975	109.157660566272	109.173668759328	109.19	109.190518703378	109.192909727671	109.196236152782	105.09	105.082457103663	105.096634439118	105.097816756923	105.84	105.829364712026	105.835215166672	105.832393682468	106.2	106.202945292211	106.206599411705	106.179984696926	109.86	109.854948612303	109.862142795368	109.882480094458	116.15	116.138755992205	116.15605579785	116.144524919315	112.61	112.610278588732	112.614319488256	112.598175225227	101.5	101.489844689071	101.499155751917	101.477463690232	26.01	26.0102765922673	26.0218057323196	26.0041061478757	4.95	4.95234891657455	4.95359544637554	4.94602124304496	1.49	1.46428598048273	1.49049675213793	1.48170173184876	2.5	2.49915598044592	2.48946286845767	2.50234559521472	2.2	2.19675719086175	2.21472985133413	2.20964903074672	5	4.97924990225171	5.01087771520063	5.00468587712868	5.01	4.99506883277341	5.01461932686992	5.01506441167492	20.1	20.109244588093	20.1018593002902	20.0951596086914	20.01	20.0142018256769	19.9984635791028	20.0194825916442	20.76	20.763200818533	20.7499438846286	20.7538513174791	110.36	110.346147073951	110.372662573919	110.35850143024	161.27	161.283323871656	161.271630217449	161.262164940735	152	152.017060791109	152.00270444768	152.004365306622	124.01	123.992878732806	124.00561647995	124.007465529147
2026-05-07	115.37	115.375206048186	115.364698064638	115.361093002191	109.17	109.184391884938	109.169266980222	109.174697156298	109.19	109.201666822102	109.176647752323	109.204445367564	105.09	105.087717896949	105.10539275962	105.115260181303	105.84	105.844365547633	105.846370162288	105.832489086382	106.2	106.175953959623	106.19561565147	106.181881718248	109.86	109.887127909738	109.850465315182	109.85378587539	116.15	116.152183537139	116.148266398338	116.144247172951	112.61	112.608454235498	112.621832816406	112.60285542932	101.5	101.520581730031	101.494862822983	101.495734081033	26.01	25.9988286659622	25.9985189649011	26.0257127182694	4.95	4.93864271973913	4.95595170394054	4.94716408792159	1.49	1.49025655592248	1.49991201132293	1.48384287114253	2.5	2.4947248819421	2.50340211272073	2.49392548166517	2.2	2.20252954633839	2.18141626692628	2.19284134421332	5	5.00399068829541	4.98017405015284	4.98528623036008	5.01	5.02181108716368	5.01175514620198	5.01713502964508	20.1	20.0922349131988	20.1013268558072	20.1033476870733	20.01	20.0085556426828	20.0103553548351	20.0019522967191	20.76	20.7563105452334	20.7722445366067	20.772412994895	110.36	110.356412099306	110.359304549199	110.363299630403	161.27	161.279668800834	161.263278302921	161.25939315594	152	152.003404980197	151.971331191039	152.016380041316	124.01	124.009959780771	124.013781326388	124.015974595659
2026-05-08	107.49	107.483614049588	107.485165606254	107.486663705767	96.94	96.9196319062184	96.9499238216374	96.946549137095	94.5	94.4937827574993	94.4949217137409	94.506268330968	94.02	94.0164395423809	94.0388720844372	94.0209460002002	93.54	93.53651219114	93.5466666750962	93.5400367845977	93.78	93.7642132463392	93.7750328833406	93.7820873916695	95.37	95.3711720432736	95.3873605902852	95.3855483514572	96.94	96.9271593019469	96.9261230342464	96.9369226237609	94.5	94.4910905028296	94.5030504754662	94.4988353438122	95.36	95.3643409177575	95.3512165899399	95.3577000190986	36.09	36.0908261426239	36.0789670402953	36.0934036848629	15.67	15.6731602569591	15.6587950945936	15.6550769073854	4	3.99176128858208	3.9861690445526	3.9912856192822	0.45	0.45251005177226	0.462599727008073	0.453109474106326	-3.71	-3.70589658122725	-3.71257432964731	-3.70969880348288	-6.22	-6.22553148584839	-6.19886348281872	-6.21665897693183	-1.84	-1.85498788848195	-1.83063289000956	-1.82791440935603	-4.91	-4.90421616714164	-4.90741626186626	-4.89360204729017	18.03	18.026114359468	18.0341245650039	18.0081998716648	40	40.0049881226303	39.9881880857229	40.0195372091094	76.31	76.2981562855541	76.3125883174374	76.3187650209968	105.84	105.858230655518	105.840039689721	105.825187667559	99.35	99.3653057305023	99.3310267355939	99.3438844167187	98.57	98.5609435128972	98.5773765241631	98.5873089905835
2026-05-09	101.02	101.012642326905	101.021028434343	101.025647751585	70.64	70.6391494109832	70.6392285337971	70.6359750332753	69.44	69.4410847281253	69.4170038358866	69.437549985352	29.08	29.1067622427329	29.0741238070121	29.0773214213838	23.01	22.9942524239991	23.0121757966724	23.0160548434237	16.15	16.146081583685	16.1475867051306	16.1457150776993	24.03	24.0385114539943	24.0206875346688	24.0249771423594	50.1	50.0976111118	50.1126863545135	50.0896965190503	57.42	57.4043402851109	57.4220052328317	57.4229631160483	35.01	35.0042857987565	34.996339410184	34.9940528514665	25.94	25.9489990055538	25.9262408048599	25.9394184012144	1.41	1.39815064781965	1.40570790460896	1.40985822221653	0.84	0.847273844460565	0.8423460711765	0.847131408864277	0.51	0.504537486387261	0.496261902040179	0.504428935615065	0.01	0.0119869197527762	0.00576101180741198	-0.00546452452084792	0	-0.00810881630638346	-0.000343351655164618	0.00747775311284256	0.84	0.850584288341369	0.827687555809725	0.841941847746244	0.84	0.833759371841045	0.839290011901814	0.840862385606359	3.08	3.08212853004633	3.08236773435511	3.06714469125105	11.91	11.92129976325	11.9117672297368	11.9077032389987	57	57.0043559259951	56.9959572773302	57.0224644662928	102	102.006647136606	102.004358622459	101.991359797608	94.53	94.5376005234467	94.5214504211769	94.5242788468392	79.13	79.1305802584607	79.1207130379757	79.1180199461503
2026-05-10	51.79	51.784183246423	51.7974971405808	51.7949389474764	30.01	30.0174952138432	30.0032553935101	29.9984717028302	15.56	15.5788669003463	15.5596218361839	15.5636547200901	8.9	8.90440227319133	8.9299467130787	8.89200745874338	15.05	15.0625535310895	15.0578410459011	15.0421129016244	12.17	12.1706090148579	12.1590494100471	12.1699493782093	12.14	12.1278238676349	12.1461349639257	12.1444957804117	19.68	19.6624765667054	19.6783609347634	19.6648446718438	20	19.994278690243	19.9918756145833	20.0127592324149	19.77	19.7743944102423	19.7663957161676	19.7661554104817	0.84	0.841172940754765	0.836884784975983	0.870581392274333	0	0.00839870032031032	0.00613933623682008	0.017369880611517	0	-0.0112946669531082	0.00552432908063861	-0.00583149113705247	0	-0.0173147852757293	-0.00150864647070312	-0.0054780927766826	0	-0.00699813887033389	0.0170255875064629	-0.0103465856905548	-0.81	-0.8255566748957	-0.799797197661836	-0.800915094555981	-0.81	-0.810244008144668	-0.808647010752896	-0.820074145022872	0	-0.000142872514646498	-0.00476653459262249	-0.00367868896816412	0	-0.00431886315715238	0.00404929994799568	-0.00426093682033432	1.04	1.06349428988707	1.03959135200316	1.03316985536313	21.99	21.9838408468637	21.9970822071291	21.9802019820693	91.78	91.7650714257691	91.787739514941	91.7615719936043	105	105.011587875052	105.004822525353	104.996333095287	88.83	88.8213335989251	88.8256951860549	88.823489534386
2026-05-11	63.99	63.9970433404129	63.9865435242396	63.9757587334227	59.52	59.5272518953718	59.5139900593754	59.5209740552779	58.78	58.7788843474861	58.7801223659105	58.7904115709781	56.18	56.1764630171236	56.1626478753085	56.1594765360332	36.21	36.208461317177	36.214376395837	36.2094598756771	56.03	56.0373819816604	56.0273041799541	56.0319642658517	59.3	59.3119158448113	59.3174152783068	59.3217960629388	91.69	91.6892577620727	91.6915040759756	91.6947645916867	98.41	98.4072652839517	98.4055772777416	98.394404885395	61.94	61.927315625188	61.9314963247577	61.9603684839592	28.25	28.2442893730189	28.264930418799	28.238612554307	10	9.99389920346155	10.0123264871612	9.99955456529971	5.41	5.41757244505933	5.41057229114473	5.40369027516038	1.5	1.47760264327076	1.49876817010513	1.50971326137178	1.6	1.58353901138889	1.59848600609043	1.6182525252698	0.84	0.838065289313505	0.842872315447892	0.836855653976924	-0.01	-0.0176196537997426	-0.00933232726643051	-0.013087748941529	-0.17	-0.17823833190179	-0.175200880927984	-0.164497146370303	7.1	7.09738026986463	7.09582892855918	7.10845489034364	28	27.9829106312097	28.0070981722367	28.00456144165	100.01	99.9875506011295	100.015986299812	100.022619960583	124.8	124.793330919202	124.798607027616	124.797413673295	126.05	126.050901115491	126.036842473804	126.045886786447	116.61	116.605572531581	116.61511054345	116.622963708546
2026-05-12	109.96	109.980874862371	109.966749871027	109.969071911518	105.36	105.353058117171	105.360838989219	105.349298931291	101.81	101.81913879873	101.809222729904	101.800274771678	99.06	99.0596150047639	99.0550058519113	99.0578940713952	98.23	98.241414935804	98.2458787515186	98.2277100878779	98.95	98.9417008818314	98.9370523965356	98.9518935231041	101.67	101.677624993776	101.672032406783	101.654226188516	113.23	113.228772934348	113.221501135863	113.230700089041	117.05	117.029012156718	117.061540517864	117.038909517572	108.53	108.527953060167	108.52853775045	108.534345662426	80.72	80.7360862692074	80.7069922425643	80.7185894508263	15.89	15.8921942734781	15.894142999039	15.8856915617726	21.75	21.7471419872681	21.7557945602269	21.7480741500199	5.05	5.04568835281014	5.02095451057938	5.05218134998742	1.28	1.29288354658278	1.28884221097808	1.24971496870404	0.84	0.828245414711181	0.836328460938909	0.828750118484463	0.21	0.217078455485669	0.206923708748048	0.221252145988949	0.84	0.846447784435724	0.828057704476597	0.833432761382294	5.41	5.41230388415967	5.42531578507095	5.40577624717254	20	19.9978066801695	20.0019444996813	20.0074457117863	89.78	89.7775853937238	89.7919126411634	89.7687847853614	118.75	118.751430009802	118.736905637548	118.74549580407	118.27	118.283313983169	118.245630221523	118.255866240904	111.38	111.37849658531	111.373695839947	111.370094223448
2026-05-13	96.3	96.3045088904409	96.3202545323861	96.2929031503625	86.33	86.3165379271602	86.3522739549332	86.3223967264859	84	83.9960339805678	83.9943832780037	84.0041260546717	81.85	81.8495621179303	81.8498414281069	81.8500871596419	83.43	83.4124705477913	83.421659448735	83.4299003306152	85.01	85.0097039826459	85.0140240818553	85.0174596143987	83.43	83.4440594271688	83.4219989948143	83.4407220407314	95.38	95.3807599025186	95.3750516600101	95.3926613945693	98.44	98.4465918856286	98.4451645537978	98.4239136793356	41.67	41.6686711522109	41.6765583638736	41.6867506045287	0.84	0.83471242445444	0.854739272047483	0.853356020443464	0.84	0.85420528624601	0.820144895238292	0.82740205775286	0	-0.00303032072770222	0.0122156668918728	-0.00411013180814449	0	0.0121453324111824	-0.00742019426070073	0.0108627569181313	0	-0.00370055630320283	-0.00414442511498095	0.010871725233507	0	0.0100432596299178	-0.0033456530666314	0.0226282961721473	0	0.0114922109485684	0.00598424003356145	0.0135408386546558	0	0.0172417088025958	0.00302272416124713	-0.0169929938572243	0.84	0.830528916709591	0.843158765024507	0.834506472418058	19.03	19.0460687332381	19.0342316006762	19.0220955115345	77.16	77.158440991917	77.1387501685526	77.1497044415535	108.57	108.54612829621	108.567156455788	108.573885046381	107.3	107.310203310723	107.296248957887	107.30037391231	96.33	96.3290639790677	96.3217120900318	96.3225827312426
2026-05-14	96.3	96.2799830226008	96.2982804599087	96.3151919832305	86.33	86.3408742182347	86.3385178248548	86.3125123223329	84	83.9938107050517	84.0142591195602	83.9955371040894	81.85	81.8595673970762	81.8542280091456	81.8585558339886	83.43	83.4250586614456	83.4313482275351	83.437031078585	85.01	85.0260181053846	85.0065985285529	85.0114154062663	83.43	83.4339877977119	83.4385608532769	83.4268163784636	95.38	95.3858124328485	95.3728879359035	95.366140290204	98.44	98.4388515102616	98.4393601325451	98.4382815440842	41.67	41.6782503138735	41.6670839303833	41.6734556815571	0.84	0.86266836350429	0.810397876183451	0.847518315069392	0.84	0.837657377893246	0.841973439811489	0.81888458671193	0	-0.00946139947394345	0.013297021207028	-0.0285112566006248	0	0.00194493398316321	-0.00469120677018496	0.00740733886979945	0	-0.00898735532221449	-0.00645526614789295	0.0167159871264779	0	-0.00881239419906706	0.00667468517274247	0.0120611181277492	0	-0.00800079365485508	-0.0111430040786928	-0.00917104598735525	0	-0.0267685108173308	0.00918764905406708	-0.0218035401149865	0.84	0.852643081937159	0.833604291470329	0.854023474164698	19.03	19.0223459987945	19.0440318609688	19.0320945052204	77.16	77.149539993106	77.1591203164849	77.1577300141538	108.57	108.558807311925	108.571704243735	108.550564655332	107.3	107.304464618452	107.319548271469	107.301766262562	96.33	96.335622942264	96.3469899948741	96.3511626075372
2026-05-15	91.1	91.1051950443816	91.0835321157138	91.0953070424149	72.91	72.908041004915	72.9184754213338	72.9121254010518	65.52	65.5180594719733	65.5084646195293	65.5224135873258	53.25	53.2465295270749	53.2618208554674	53.2506711069486	42.09	42.1017499930044	42.082700129938	42.0833174918099	40	39.9936055637536	39.9927350453593	39.9964913575578	62.34	62.3299904022046	62.350513486274	62.3557251398089	71.6	71.5924668183165	71.6092832622061	71.5998186174854	73.78	73.7814705375302	73.7807459956488	73.7764377987599	29.77	29.7700732701277	29.7746320026881	29.7626065252925	3.08	3.08722913184052	3.07760242435639	3.06903419688723	0.84	0.847841133048184	0.859513148598347	0.839464967413046	0.5	0.486090257453726	0.491713126292754	0.495641855703891	0	0.0118614451065837	0.0156347240445535	0.00244428753825766	0	-0.0125154615424633	-0.0122620313711434	0.00492262823903894	0	-0.0099093149101258	0.0165794719982582	-0.0159815154109523	0	0.00613378775123191	0.00670444096740645	-0.00455955021148573	-10	-9.99652300833232	-9.97393733114322	-9.98361136187231	0.84	0.837260144915664	0.839507287791062	0.835231012537773	5.1	5.10195237238876	5.08041850716344	5.08454641114757	43.58	43.5491738217742	43.5805885262816	43.586773734357	80.6	80.5746225567595	80.6068168594401	80.5944046793012	94.15	94.1487395360657	94.1449467438883	94.1509359505407	89.45	89.4573796931067	89.4664186601914	89.4511981147417
2026-05-16	87.8	87.7922065489483	87.8007975446811	87.7913333922816	75.5	75.5066957669426	75.4951996452195	75.4977330250687	75.5	75.5016206417307	75.5149952206567	75.5010009422278	72.45	72.439667742665	72.4469488238528	72.4430138747314	73.93	73.9355429901249	73.9479506387708	73.9310225797075	67.6	67.5869637417602	67.5938944443933	67.6063236053658	73.93	73.9391627259303	73.9262958933992	73.9415839164974	87.15	87.1350781991374	87.1424288840511	87.1547391421148	85.5	85.5094472262411	85.5036446789917	85.4840014741197	-0.5	-0.503651493567482	-0.506700938752135	-0.509477085327132	0	-0.0121078665509676	-0.00300858204394256	0.0023007858043162	-3	-2.99853695909285	-2.99761601379112	-2.98825115920327	-2.2	-2.21002518911254	-2.19073832614029	-2.20196692810407	-1.75	-1.72897455623808	-1.75459835857474	-1.77513325332351	-5	-5.00552844069491	-4.99547657596875	-5.01136556106528	-3.32	-3.3198831951853	-3.32471165123587	-3.32153186662726	-1	-1.00692743379841	-1.0068280348576	-0.98958951301325	-5	-4.9972564303111	-4.9973748409307	-4.98455558322793	-6.66	-6.66252912698437	-6.67528553119785	-6.6528299465716	0.1	0.0865999519252936	0.0876476195807085	0.103182965273554	48.9	48.8964755706546	48.9074317852816	48.8918884992207	96.85	96.83829023791	96.8442841276162	96.8584961037813	112.85	112.852193291416	112.857147292748	112.850247854947	103.2	103.214613492946	103.201626010343	103.189796312334
2026-05-17	98.83	98.8232888759151	98.8324019492917	98.8156836813272	89.07	89.0669457149745	89.0691111388933	89.0743053450122	81.54	81.5450519838034	81.5255537600535	81.5313616804962	65.17	65.1729107359059	65.1622011943487	65.1746292629525	65.98	65.9752038627103	65.9750795598964	65.9726688212625	65.01	65.0083879509527	65.0093556957025	65.0055807333546	58.96	58.9578110575088	58.9580241768408	58.9563561606316	58.73	58.7428455860208	58.7408323323245	58.7321081656859	71.15	71.143980049661	71.1382845654305	71.1442717295155	20.43	20.4351484543199	20.4205497132148	20.4382323859353	11.89	11.8850638276425	11.8933337049469	11.8924290768165	3.3	3.31725354138125	3.31576107617716	3.30931903089193	2	1.98739980795605	2.01520028089613	2.01553936312728	0.84	0.849279858241344	0.831586055098236	0.850176473170995	0.84	0.837124859636332	0.818909151331364	0.855050873939691	0	-0.00777415321553861	0.000136050262636681	1.43328247503427e-05	0	0.00916792442485597	-0.0145315627522875	0.00269880769113597	0.84	0.849797462419505	0.84539500849088	0.857930027913889	5.41	5.41772087913784	5.39499532418337	5.41641780154255	20	19.9937943814065	19.9979998624122	19.9900436515392	70.5	70.5039394143976	70.5029227502737	70.5082778002407	115.79	115.762917088521	115.789391639442	115.768176274456	117.48	117.479984950523	117.476413099018	117.486770328746	115.18	115.169878229489	115.181510095336	115.177501753252
2026-05-18	98.83	98.819160305286	98.8195866386288	98.8350268193909	89.07	89.0665477343708	89.0582751537915	89.0550041322336	81.54	81.5478341478758	81.5384560013848	81.5215594201497	65.17	65.1570499015653	65.1819891970165	65.1664453446647	65.98	65.9733628307306	65.9845034647681	65.9894390185453	65.01	65.0025429247539	64.99470236251	65.0363178796216	58.96	58.9442811187036	58.9774774126584	58.9672352781711	58.73	58.7343843518598	58.7179911900155	58.7345429656652	71.15	71.1578921995012	71.1527833777673	71.1343162444323	20.43	20.4367144563988	20.4309687992136	20.4473829723448	11.89	11.892557877947	11.887046336588	11.9045918797419	3.3	3.28471582599687	3.29686803412923	3.31211807621495	2	2.00942485281868	1.99515219251577	1.99628914481641	0.84	0.833304205661332	0.84251700679196	0.836019544017872	0.84	0.840151596391252	0.828076850247158	0.830981725499189	0	0.0107534959691769	-0.0105814434445265	-0.00712599602122796	0	0.00327844389609673	-0.00648189087523668	0.00543223365280371	0.84	0.83393814333467	0.844554194333237	0.827111537527808	5.41	5.40391961167858	5.42646925081606	5.41268223995048	20	19.9883360469787	19.9982942601468	19.9936089097614	70.5	70.4985987065721	70.5039741139602	70.4997123700096	115.79	115.789511760928	115.798942075571	115.792512014582	117.48	117.48000972917	117.478711506102	117.490611652311	115.18	115.189855063216	115.171550024746	115.174941146324
2026-05-19	108.35	108.361667068777	108.345444590484	108.328792486261	87	86.9857398651961	87.0001744320586	87.0234791366753	74.75	74.7563174578145	74.7320698414081	74.7487166219224	66.78	66.7725571123322	66.8026977662984	66.7819650014325	54.58	54.5770478661158	54.603723192629	54.5882621929946	59.44	59.436087517657	59.4398089885703	59.4457658885643	42.73	42.7461980824255	42.7245269540195	42.7279809181141	82.24	82.2509994104315	82.2220368565064	82.2311345691133	97.24	97.2503542680611	97.2420615102677	97.259061879755	35.1	35.0938473607705	35.1001171906541	35.0845490025705	16.11	16.1267202380922	16.1092589963148	16.1058461937338	0.84	0.851234738544184	0.836947977762182	0.822233947636305	0.84	0.839021506728204	0.840225244549558	0.839289905062458	-5.48	-5.46037227594224	-5.48958572465089	-5.50163775886045	-10	-9.99755261972428	-10.0181093598469	-10.0034209838168	-15.19	-15.2091305283903	-15.1869551315268	-15.1835484432972	-19.99	-19.9876636896538	-20.0116706540085	-19.9896634582606	-25	-25.0057807875775	-25.0037346481027	-25.0184906424743	-9.15	-9.15890480922014	-9.13816343498803	-9.16503347022504	18.41	18.3802446925646	18.4049574863623	18.4260183065833	40.01	40.0054629523232	40.0286514243955	40.0062725503156	105.09	105.097186289221	105.101642202116	105.094637486616	109.04	109.049812585884	109.028087374337	109.038003120633	91	91.0060227632431	91.0043708634861	91.0012944359086
2026-05-20	103.12	103.121227199766	103.113786697595	103.113826442219	94.5	94.4903150784027	94.4835402755542	94.4967509626497	80.8	80.8048846705701	80.8005748338246	80.8140029388865	74.97	74.9791576275418	74.9758761950261	74.9709288509826	71.02	71.0188949382198	71.0138412527448	71.022875915264	69.78	69.7824391444824	69.7804717842838	69.7799184593209	99	98.9925205455114	98.9913483094637	99.0119841431186	113.2	113.205137450466	113.191329336472	113.203763993294	110.27	110.276245673615	110.265584325349	110.271920326145	68.6	68.6142242279858	68.5885633177013	68.596715599885	0.83	0.811827142404979	0.825012083200494	0.835876821356828	-1	-0.998934549717661	-0.999508795233751	-1.0055628986824	-0.01	0.00773636768652483	-0.0209477377189646	-0.023770758850503	-0.05	-0.0569919834223848	-0.0592540079138961	-0.0617100505177238	0	0.00750231687062671	0.000332942695516159	0.00136411289517098	-0.16	-0.151704911593517	-0.171520619321882	-0.16484906378045	-0.15	-0.145020470475936	-0.145722330583803	-0.139061291217133	1	1.00043828058779	1.0039534490369	1.00382564857163	5	4.99101514623682	5.00042608045801	5.0102527018221	8.02	8.01405415590253	8.01321438033435	8.00157491795138	70	69.9970988124737	69.9946945803382	69.992956290245	117.01	117.006511405146	117.001104387218	117.007406251594	132.39	132.397545641002	132.382001410569	132.388999338664	116.06	116.061417318343	116.046786239378	116.051064838053
2026-05-21	103.12	103.119008888936	103.124125669475	103.103277103528	94.5	94.4914179828992	94.4773820673324	94.5120890274373	80.8	80.8035079675836	80.7998852594206	80.7866303327859	74.97	74.978396319238	74.9854558934598	74.9599008451572	71.02	71.0131287535526	71.0104952005567	71.0211456345762	69.78	69.7741135603383	69.7808620278581	69.7763946241874	99	99.0040011575322	99.0066976308206	99.0114418494012	113.2	113.211069292361	113.209773031826	113.218575377624	110.27	110.26340596273	110.270833115243	110.266180226714	68.6	68.5988989487034	68.6077429031112	68.6025808927293	0.83	0.817014627227437	0.839373550922893	0.827937146698816	-1	-0.993938904530411	-0.993424382861116	-1.00413072341504	-0.01	-0.0303801540805648	-0.021388222686885	-0.00435974013425955	-0.05	-0.0559957527987761	-0.0424522588327868	-0.075854225388947	0	0.0107070932423757	0.0136039605123695	0.00493785667873984	-0.16	-0.139397072595672	-0.176024725175388	-0.161312392077223	-0.15	-0.1543243563141	-0.159914758872386	-0.148075979270821	1	1.00518478314629	0.995097644142089	1.00836919184704	5	5.00833250708212	4.99645605749033	5.01067739667106	8.02	8.00323854182283	8.00632102256822	8.02158735772677	70	69.9983782960224	69.9966188586739	70.0043571941855	117.01	117.010910510555	117.027903309256	117.009141303353	132.39	132.395011819577	132.396585993911	132.395359478629	116.06	116.048612612773	116.063870425006	116.063907998654
2026-05-22	115.01	115.023954287603	115.015311729677	115.001333415643	105.87	105.848867409263	105.87852836666	105.862825727833	97.68	97.6571245069402	97.6816140952614	97.6747914401644	92.04	92.0274167465912	92.0304657873506	92.0462847268615	86.55	86.5490298454399	86.5391589784118	86.543948459933	86.44	86.4477870158731	86.4354169729089	86.4254811512544	103.71	103.70461774692	103.69242415937	103.710803293973	115.89	115.881022876387	115.875589642752	115.898867228965	108.99	108.973868347188	108.987782921969	108.975734255522	50.27	50.2662999204749	50.2552681233681	50.2759663625161	17.2	17.2185346655589	17.2082767702253	17.1941395870201	-2.19	-2.19061636269848	-2.19381809275953	-2.19549196672185	-0.2	-0.201710377747939	-0.202849432110916	-0.196718985448464	0.01	0.0115343442259046	0.0214992327048652	0.0101742424923445	0.5	0.491000490204268	0.487700174602998	0.498628389777198	0.19	0.197431978889962	0.176227043332657	0.21216176383854	0	0.00886187046323129	-0.00713463855824398	0.00522890703388355	0	0.000127107704772537	-0.00183408972575647	-0.00935903007559238	11.24	11.2380576630486	11.2260626965884	11.2394320757996	42.6	42.6012643203422	42.5829318849833	42.6132663863964	60	60.0180742946881	60.0035787368938	59.9790232354281	117	117.015969560135	117.000736550221	116.99992313494	125.01	125.01855832413	125.012736371636	125.012100388535	112.62	112.616045807803	112.59147402131	112.612863664185
2026-05-23	112	112.001052656272	112.003855164926	112.008491735808	102.96	102.945635327002	102.965557616665	102.961418637152	75.06	75.0515330538039	75.0368758259174	75.059797156422	58.81	58.7972256951681	58.8080941666152	58.8182284065255	54.99	54.9733405440638	54.9858929892581	55.0020456708431	51.97	51.9685982949771	51.9806508152784	51.9679666010871	51.19	51.1812357361507	51.1914748801025	51.1893134544374	77.88	77.869894584757	77.8569298519502	77.872002727308	59.7	59.7018477523682	59.7060007009018	59.6914281034491	6.29	6.29670529727614	6.30139374938494	6.29284975086141	0.49	0.51644181950153	0.487590728163857	0.485847817776156	-0.82	-0.816801385875895	-0.807667828906808	-0.830563582397399	-2.1	-2.08397611626065	-2.10641830788359	-2.0940491070615	-2.1	-2.10776114353038	-2.10959455344236	-2.10539826483996	-2.1	-2.10733450821668	-2.08130832253438	-2.11573865683027	-3.5	-3.51293670394516	-3.50316265815476	-3.49569497753456	0	-0.00979953912516811	0.00990932962056753	-0.00450050753395614	0	0.00438596080660868	-0.0143243366950666	0.00783330758745087	0.01	-0.000593948101855323	0.0180862565058433	0.00216232866761997	7.05	7.06883683026098	7.0598371358796	7.0657275640728	43.88	43.8737407322137	43.8928895510463	43.883270537011	92.87	92.8744728727646	92.8720370146052	92.872574337139	110	110.011006008099	110.002383942582	109.998768507476	91.22	91.2170773345065	91.2180451624851	91.2367812348321
2026-05-24	77.99	77.9867917678354	77.9890742010741	77.9825610885939	54	53.9936483972572	53.9886335842329	53.9912666892873	35.02	35.0203564191607	35.0213678362258	35.0105405745484	25.09	25.0948846924825	25.0961673736348	25.0846342539064	7.69	7.69164474624497	7.68740501446033	7.70093514372074	15.01	14.993090586153	15.0203362053188	15.0082672548645	25.02	25.0053850832438	25.0323537240042	25.0152908495779	35.02	35.0067100744422	35.0240384685243	35.0157763063517	5	5.00372288269011	5.00884358850851	4.97596753711251	-1.75	-1.74711352844076	-1.74758652552101	-1.76226898650734	-9.56	-9.55199509010806	-9.55227265699116	-9.56421143458992	-8.83	-8.83837611281119	-8.83471871585462	-8.82068459240159	-24.61	-24.6221229113252	-24.6057625200968	-24.6064973422586	-39.74	-39.7521325208492	-39.7394555976759	-39.7255349296726	-29	-29.0111251315154	-28.9981612062383	-29.0125593746052	-36.33	-36.3210392553021	-36.3440937897582	-36.3299481880881	-12.09	-12.0686851927671	-12.0965122441961	-12.0840367376091	-10.82	-10.8344966036502	-10.7987074320055	-10.8143908045703	-1.55	-1.5459876592562	-1.55147856184425	-1.55140100822192	-2.51	-2.50083608520598	-2.50651648729708	-2.5066723438641	33.88	33.8936517693271	33.8911491619598	33.8708526997256	83.82	83.8155960029788	83.8159929177737	83.8041989955934	97.84	97.8419309950921	97.8376684391614	97.8453256338357	81.14	81.1260453173176	81.1533924727325	81.1331374681755
2026-05-25	47.64	47.6420568302223	47.6342868085861	47.6522395305577	43.2	43.1852645911533	43.1904526076413	43.2022908814689	25.01	25.0118931677695	25.013703507641	25.0049766053676	29.15	29.1545871259897	29.1528071346769	29.1593731547045	24.17	24.1679987917259	24.1657180249893	24.1623401582615	26.9	26.8899975244466	26.8989642387769	26.9027184472925	46.62	46.6037814848446	46.6201660581757	46.6186969979811	89.11	89.103591716854	89.1068624377968	89.1182874597408	53.04	53.0301608303762	53.0393823620757	53.0362181901884	18.73	18.7283093053874	18.7480130768446	18.7332591418692	0	0.0118944110077934	-0.00974034511240817	0.0150042515506699	-0.09	-0.110122550822127	-0.090724512297236	-0.08445651272175	-0.82	-0.821314075666422	-0.827513173076162	-0.822667975221124	-1.25	-1.24587543618159	-1.2585914510289	-1.24253727505495	-1.25	-1.23279578728479	-1.24776610030762	-1.25178315571637	-1.99	-2.00526472224222	-1.99088805379772	-1.99135943719087	-1.15	-1.17083578582617	-1.12940823723109	-1.15491457205938	0	-0.0180108167413161	-0.010718339697614	0.00836534341001799	0.84	0.839619623170056	0.845698007589427	0.834597010549643	14.23	14.2522706941866	14.2280850475553	14.2144708226938	55.6	55.5983470088073	55.5960666587869	55.6135702606783	105.9	105.891301507662	105.895377158417	105.898667802879	107.73	107.740013663497	107.715770492256	107.722396120692	97	97.0037069200568	97.0019006914791	97.0114177501854
2026-05-26	108.52	108.521271631874	108.531436467257	108.521375341361	100.75	100.751523828391	100.765296826065	100.756553129739	90.34	90.315555220806	90.3535941919493	90.337489420338	89.38	89.3910504161287	89.3832131419226	89.3713446044788	88.63	88.618403206949	88.6279823260162	88.6183418500709	89.3	89.3022111771362	89.2915295779809	89.3009136360677	100.1	100.11177437215	100.115928526421	100.111534710834	112.69	112.680537278975	112.71152652016	112.683659469742	107.85	107.858050292304	107.845805374612	107.854481035036	45	44.9921102178036	44.9904900223194	45.0006227149394	2.99	2.99353554806255	2.99778210182885	2.98752430762976	0	-0.0110534153266498	0.00519328675012746	0.0131390350318732	0.84	0.841194967031215	0.852084311033717	0.847022543849745	0.57	0.575480860478876	0.571493351514338	0.576492465735551	0.08	0.103866901242925	0.079289125980256	0.0790740751507997	0	-0.00988481323146993	0.00637367143268365	-0.0118864056619265	0	-0.016594355964143	0.00168406401831224	0.0113644144616051	5.01	5.00479821079117	5.02794599833055	5.00604962259277	18.01	18.0035678851912	18.0215193116058	18.016955992964	29.5	29.5110603932006	29.5013172579416	29.496682917095	86.99	86.9869855948485	86.9958586292131	87.0153862012955	139	139.005472214783	138.996996724617	139.001076795541	162.2	162.205606149539	162.200610143943	162.201046683626	136.88	136.874398897986	136.873343298928	136.88382796384
2026-05-27	134.85	134.845896515422	134.85558751211	134.832680516557	123.23	123.230051287571	123.218126979979	123.221618356752	114.2	114.189437787208	114.189355747406	114.195507741614	108.01	108.020992511479	108.002944833747	108.006964604643	105.73	105.72388955531	105.734355685543	105.75446932865	108.01	108.022088948357	108.007793834213	107.993086035432	113.77	113.768969965786	113.770519875537	113.768481057934	127.55	127.532674204738	127.538139683554	127.543758935929	121.71	121.715567284905	121.718596317026	121.722015426304	88.86	88.8499914056189	88.8468814738555	88.8643147851679	18.7	18.6916246548073	18.6888014397391	18.7111911004615	1.56	1.57414108899232	1.54954329141478	1.54767711902767	1.95	1.95876287242797	1.95930150841604	1.93626083213469	0	8.13863355103791e-06	-0.018012605598736	-0.00525737712278988	2	1.99108795974893	1.99151541968114	2.01201345192626	-0.09	-0.0926125932171232	-0.082215161099867	-0.105203632751649	2	1.98741856820752	1.98013249928128	1.97877533500114	16.55	16.5427500376875	16.5480120554715	16.5499274292444	25.41	25.4158430985562	25.4008076039482	25.4208617257033	34.5	34.5044627799706	34.5197673117551	34.5108782569497	99.12	99.1221913725741	99.1149533331617	99.1133455013226	150.4	150.407613178361	150.407244580411	150.396427866992	147.9	147.893184398988	147.896095091149	147.919820662111	129.89	129.872836626074	129.886819846038	129.874103022151
2026-05-28	113.7	113.694616549252	113.68140597472	113.700297364738	108.36	108.35411785652	108.333943972634	108.362288606097	108.16	108.16403423201	108.15919283694	108.146039139045	107.87	107.868567843842	107.872804644663	107.86726400474	108.16	108.155203836136	108.161935439478	108.154171245314	107.87	107.872616319928	107.856328278441	107.886044976441	114.07	114.075998739717	114.085041087853	114.057815807933	123.92	123.926415354322	123.924981583058	123.926636842643	115.15	115.1500807919	115.145311824211	115.137641820094	94.95	94.9591444796362	94.9353982521897	94.9454971943959	48.8	48.7900173833205	48.8129375570519	48.7865536142675	10.75	10.7398758550506	10.7510204741312	10.7573795232498	0.4	0.402463405205343	0.396753100936002	0.415924938459775	0.21	0.212890230289795	0.212246490734744	0.228819912943787	0	-0.000845478368052351	-0.000422341681996447	-0.0116664001574027	0.5	0.509085307907778	0.511736857127327	0.470014375431804	9.93	9.91879807460372	9.94037362367465	9.93403911255364	23.15	23.1518333776733	23.1447510909199	23.1551101825259	55	55.0046912975197	54.9957252333611	54.9989545180192	78.01	78.0082974177132	78.0131554261588	78.021346427936	103.9	103.903575591178	103.9007863605	103.901617276696	142.62	142.597743582748	142.623371436765	142.635117011468	170.02	170.020990689149	170.008345764264	170.029844600689	138.28	138.274051727104	138.26534121319	138.285821417598
2026-05-29	121.6	121.606619279834	121.593942981007	121.609987493978	114.06	114.038696492871	114.073374639226	114.04860553965	116.68	116.673098514299	116.690785480828	116.678802346554	116.42	116.43810459625	116.417779049325	116.411495503717	110.76	110.772602326475	110.755798187041	110.759373075878	111.73	111.716994314447	111.737954067836	111.738522344219	113.57	113.571197796824	113.55566953445	113.580848076705	114.96	114.954049376841	114.959271590096	114.942430122955	111.04	111.046544668999	111.062281569579	111.037650228512	94.47	94.4839558352636	94.4712912826966	94.4553310443295	15.5	15.5014110727405	15.4785875929972	15.4955619654373	4.16	4.15542099275886	4.16815290099754	4.16482605915394	0.85	0.853217126588388	0.847976042488463	0.850726621207762	0.84	0.838818043052469	0.858892288566107	0.847496357680681	3.61	3.61000515709961	3.60979023925765	3.61707552736883	5.44	5.42840959553939	5.42389243055969	5.42588915198949	10.27	10.2573431187209	10.2671338739738	10.2669798486704	29.5	29.499651541694	29.5036458589814	29.4891587744019	49.37	49.3670002306042	49.3788767213972	49.3796423878015	73.5	73.5003999613891	73.517244474774	73.4824734655512	100.38	100.384987377319	100.376622007331	100.372596697296	137.84	137.833924267374	137.82492919805	137.844437134069	155.9	155.911802794169	155.900316179601	155.901298628266	129.47	129.488929743141	129.457057294173	129.474194282063
2026-05-30	121.51	121.518075996005	121.521174134796	121.514259101122	110.09	110.069405289563	110.086744626777	110.098967355843	112.27	112.251715886524	112.263490104383	112.281059796335	109.6	109.601837624271	109.586792816565	109.607035707809	116.6	116.60444882364	116.587776801675	116.590140510007	117	117.010573210363	117.004936580615	117.002871341535	112.2	112.19666352915	112.184361124977	112.18921958693	117.52	117.513836394791	117.512297703447	117.517876736281	108.45	108.441807139061	108.461612777698	108.454905946033	66.65	66.661000755599	66.6711737631006	66.6574137307629	23	22.9936075351802	22.9989476546945	23.0068666885943	1	0.999366577760296	0.998148577017531	0.992013629462843	0	0.00456796343737659	0.000890342506637737	-0.00885048693607701	0	-0.0268537510404646	-0.00738504808993323	0.0133453629876644	0	0.0118910129659058	0.0116381941244545	-0.0138891650708963	0	0.00631610889443167	-0.00327668300547787	-0.0165880176006756	-1.31	-1.31708427587546	-1.3137081467356	-1.3332273094743	11.62	11.6273869398491	11.6306580410151	11.6223344274262	22.99	22.9979340650255	22.9956310872816	22.9800630498398	59.37	59.3578180408824	59.3769806552048	59.3800484539918	82.66	82.6430032015413	82.6427766840219	82.6778643739498	111.7	111.705363429806	111.704251173606	111.697652508845	118.56	118.565575837254	118.576239036971	118.55921722978	116.03	116.030257101478	116.005867224727	116.015807683652
2026-05-31	104.67	104.67912446513	104.657652749934	104.671218399306	100.06	100.083608850676	100.04927705292	100.060259289017	85.62	85.6152641223455	85.6115358425008	85.6323021459192	85.47	85.4660148581714	85.4752962231281	85.4695407832248	76.05	76.04288113834	76.0331536800139	76.0446808021463	78.2	78.1984772610372	78.2080652495265	78.1920818039216	87.5	87.498810822825	87.4713386710774	87.4995310590773	95.07	95.0774513894103	95.0726511801508	95.0539076765392	43.67	43.6783618426401	43.6577402056475	43.6767576922411	5.17	5.18315835088633	5.16760820790454	5.1621543097543	0	0.00204279654198637	0.0149925659242694	-0.0109599061465615	0	0.00304980491524233	0.0050226336918076	0.0105732615417391	0.01	0.000623670871278599	0.00649676678410632	-0.00472783857167585	0.84	0.854148075819088	0.831007119292045	0.855886536146558	0	-0.0141236284581865	0.0033826769862905	-0.0169035098338844	0	-0.00287052070581464	-0.0061738810508839	-0.00568661332437972	0	0.00112571837178523	-0.0122784134955467	-0.0133232331410514	0	0.0021800223610509	-0.00819917525818633	-0.0113000969177134	0.01	0.0155094304889938	0.00593979394229017	-0.00645301390737154	5.59	5.60543348036028	5.58191045108151	5.5831386868619	49.93	49.9309125073611	49.9254609630872	49.929321765296	104.2	104.195426659645	104.204053703913	104.198546564844	106.14	106.120566513212	106.130297286646	106.139114313377	104.86	104.865710725945	104.864176512053	104.85423578286
