2025-01-01	132.49	132.49	132.49	132.49	122.43	122.43	122.43	122.43	108.3	108.3	108.3	108.3	108.09	108.09	108.09	108.09	108.3	108.3	108.3	108.3	110.81	110.81	110.81	110.81	112.3	112.3	112.3	112.3	96	96	96	96	102	102	102	102	70	70	70	70	40	40	40	40	70	70	70	70	53.88	53.88	53.88	53.88	65	65	65	65	104.5	104.5	104.5	104.5	72.44	72.44	72.44	72.44	87	87	87	87	125.4	125.4	125.4	125.4	147	147	147	147	151.78	151.78	151.78	151.78	153.5	153.5	153.5	153.5	151.69	151.69	151.69	151.69	152.75	152.75	152.75	152.75	138.91	138.91	138.91	138.91
2025-01-02	124.72	124.72	124.72	124.72	117.14	117.14	117.14	117.14	113	113	113	113	110.02	110.02	110.02	110.02	106.82	106.82	106.82	106.82	108.11	108.11	108.11	108.11	113	113	113	113	136.96	136.96	136.96	136.96	165.88	165.88	165.88	165.88	160.44	160.44	160.44	160.44	133.16	133.16	133.16	133.16	126.71	126.71	126.71	126.71	122.97	122.97	122.97	122.97	118.2	118.2	118.2	118.2	124.65	124.65	124.65	124.65	130.11	130.11	130.11	130.11	139.5	139.5	139.5	139.5	154.4	154.4	154.4	154.4	159.18	159.18	159.18	159.18	161.99	161.99	161.99	161.99	162.1	162.1	162.1	162.1	157.88	157.88	157.88	157.88	143	143	143	143	139	139	139	139
2025-01-03	124.85	124.85	124.85	124.85	99.42	99.42	99.42	99.42	93.93	93.93	93.93	93.93	91.09	91.09	91.09	91.09	88.16	88.16	88.16	88.16	91.77	91.77	91.77	91.77	95.6	95.6	95.6	95.6	105.2	105.2	105.2	105.2	137.22	137.22	137.22	137.22	134.53	134.53	134.53	134.53	121.47	121.47	121.47	121.47	110.81	110.81	110.81	110.81	102.16	102.16	102.16	102.16	96.84	96.84	96.84	96.84	95.05	95.05	95.05	95.05	98.22	98.22	98.22	98.22	108.17	108.17	108.17	108.17	135.14	135.14	135.14	135.14	139	139	139	139	139.75	139.75	139.75	139.75	136.12	136.12	136.12	136.12	133.12	133.12	133.12	133.12	127.58	127.58	127.58	127.58	126.89	126.89	126.89	126.89
2025-01-04	112.06	112.06	112.06	112.06	103.8	103.8	103.8	103.8	95.48	95.48	95.48	95.48	91.38	91.38	91.38	91.38	92.62	92.62	92.62	92.62	99	99	99	99	107.16	107.16	107.16	107.16	115	115	115	115	121.26	121.26	121.26	121.26	126.75	126.75	126.75	126.75	127.15	127.15	127.15	127.15	114	114	114	114	106.83	106.83	106.83	106.83	102.99	102.99	102.99	102.99	107.52	107.52	107.52	107.52	97.35	97.35	97.35	97.35	120.46	120.46	120.46	120.46	133	133	133	133	141.76	141.76	141.76	141.76	136.89	136.89	136.89	136.89	126.43	126.43	126.43	126.43	122.7	122.7	122.7	122.7	118	118	118	118	110	110	110	110
2025-01-05	74.47	74.47	74.47	74.47	56.92	56.92	56.92	56.92	45	45	45	45	31.74	31.74	31.74	31.74	28	28	28	28	20	20	20	20	15	15	15	15	29	29	29	29	29.06	29.06	29.06	29.06	34.22	34.22	34.22	34.22	36	36	36	36	45.86	45.86	45.86	45.86	46.74	46.74	46.74	46.74	41.94	41.94	41.94	41.94	33	33	33	33	30.8	30.8	30.8	30.8	33.13	33.13	33.13	33.13	57.63	57.63	57.63	57.63	65.42	65.42	65.42	65.42	65.73	65.73	65.73	65.73	61.52	61.52	61.52	61.52	60	60	60	60	50	50	50	50	38.01	38.01	38.01	38.01
2025-01-06	19.9	19.9	19.9	19.9	10.02	10.02	10.02	10.02	6.17	6.17	6.17	6.17	3.52	3.52	3.52	3.52	3.52	3.52	3.52	3.52	9.84	9.84	9.84	9.84	20	20	20	20	46.71	46.71	46.71	46.71	60.62	60.62	60.62	60.62	56.26	56.26	56.26	56.26	52.85	52.85	52.85	52.85	54.22	54.22	54.22	54.22	51.63	51.63	51.63	51.63	48.66	48.66	48.66	48.66	47.2	47.2	47.2	47.2	50.2	50.2	50.2	50.2	54.22	54.22	54.22	54.22	78.9	78.9	78.9	78.9	92.4	92.4	92.4	92.4	109.99	109.99	109.99	109.99	116.15	116.15	116.15	116.15	117.78	117.78	117.78	117.78	105.93	105.93	105.93	105.93	89.99	89.99	89.99	89.99
2025-01-07	106.58	106.58	106.58	106.58	77.75	77.75	77.75	77.75	49.9	49.9	49.9	49.9	30.73	30.73	30.73	30.73	14.2	14.2	14.2	14.2	41.7	41.7	41.7	41.7	90.06	90.06	90.06	90.06	93.19	93.19	93.19	93.19	119.97	119.97	119.97	119.97	106.03	106.03	106.03	106.03	93.49	93.49	93.49	93.49	74.66	74.66	74.66	74.66	74.23	74.23	74.23	74.23	72.99	72.99	72.99	72.99	72.99	72.99	72.99	72.99	80.02	80.02	80.02	80.02	95.01	95.01	95.01	95.01	117	117	117	117	130	130	130	130	125	125	125	125	115.35	115.35	115.35	115.35	112.7	112.7	112.7	112.7	102.63	102.63	102.63	102.63	89	89	89	89
2025-01-08	75.23	75.23	75.23	75.23	70.09	70.09	70.09	70.09	58.97	58.97	58.97	58.97	52.2	52.2	52.2	52.2	53.79	53.79	53.79	53.79	68.7	68.7	68.7	68.7	87	87	87	87	101.61	101.61	101.61	101.61	131.96	131.96	131.96	131.96	112.11	112.11	112.11	112.11	72.48	72.48	72.48	72.48	72.06	72.06	72.06	72.06	84.67	84.67	84.67	84.67	80.79	80.79	80.79	80.79	72	72	72	72	72	72	72	72	88.49	88.49	88.49	88.49	108	108	108	108	107	107	107	107	120.52	120.52	120.52	120.52	117.96	117.96	117.96	117.96	112.52	112.52	112.52	112.52	112.01	112.01	112.01	112.01	94.27	94.27	94.27	94.27
2025-01-09	70.47	70.47	70.47	70.47	51	51	51	51	47.39	47.39	47.39	47.39	28.61	28.61	28.61	28.61	8	8	8	8	30	30	30	30	72.08	72.08	72.08	72.08	88.45	88.45	88.45	88.45	99	99	99	99	104.71	104.71	104.71	104.71	100	100	100	100	92.26	92.26	92.26	92.26	100.35	100.35	100.35	100.35	91	91	91	91	89.92	89.92	89.92	89.92	85.09	85.09	85.09	85.09	109.4	109.4	109.4	109.4	131.21	131.21	131.21	131.21	140.46	140.46	140.46	140.46	137.01	137.01	137.01	137.01	141.3	141.3	141.3	141.3	135.01	135.01	135.01	135.01	116.38	116.38	116.38	116.38	101	101	101	101
2025-01-10	97.95	97.95	97.95	97.95	92.66	92.66	92.66	92.66	88.82	88.82	88.82	88.82	80.94	80.94	80.94	80.94	83	83	83	83	90	90	90	90	107.13	107.13	107.13	107.13	126.12	126.12	126.12	126.12	142.5	142.5	142.5	142.5	140.8	140.8	140.8	140.8	124.41	124.41	124.41	124.41	113.59	113.59	113.59	113.59	112.43	112.43	112.43	112.43	107.01	107.01	107.01	107.01	111.18	111.18	111.18	111.18	119.11	119.11	119.11	119.11	122	122	122	122	132.58	132.58	132.58	132.58	141.28	141.28	141.28	141.28	140	140	140	140	129.53	129.53	129.53	129.53	118.18	118.18	118.18	118.18	115.35	115.35	115.35	115.35	109.85	109.85	109.85	109.85
2025-01-11	112	112	112	112	95	95	95	95	84.87	84.87	84.87	84.87	84.49	84.49	84.49	84.49	79.78	79.78	79.78	79.78	85	85	85	85	85	85	85	85	83.7	83.7	83.7	83.7	92.3	92.3	92.3	92.3	102.9	102.9	102.9	102.9	105	105	105	105	84.14	84.14	84.14	84.14	80.08	80.08	80.08	80.08	80	80	80	80	71.22	71.22	71.22	71.22	66.33	66.33	66.33	66.33	83	83	83	83	110.3	110.3	110.3	110.3	112.41	112.41	112.41	112.41	118.55	118.55	118.55	118.55	118	118	118	118	113.1	113.1	113.1	113.1	114.2	114.2	114.2	114.2	111.1	111.1	111.1	111.1
2025-01-12	106	106	106	106	99.9	99.9	99.9	99.9	95.1	95.1	95.1	95.1	91	91	91	91	88.45	88.45	88.45	88.45	89.04	89.04	89.04	89.04	93.09	93.09	93.09	93.09	101.1	101.1	101.1	101.1	110.33	110.33	110.33	110.33	116.02	116.02	116.02	116.02	102.9	102.9	102.9	102.9	8.07	8.07	8.07	8.07	0	0	0	0	1.01	1.01	1.01	1.01	1.76	1.76	1.76	1.76	7.52	7.52	7.52	7.52	70.96	70.96	70.96	70.96	114.9	114.9	114.9	114.9	138.44	138.44	138.44	138.44	136.3	136.3	136.3	136.3	130.2	130.2	130.2	130.2	125	125	125	125	119.93	119.93	119.93	119.93	115.7	115.7	115.7	115.7
2025-01-13	115.09	115.09	115.09	115.09	110.85	110.85	110.85	110.85	109.28	109.28	109.28	109.28	109.93	109.93	109.93	109.93	108.5	108.5	108.5	108.5	107.54	107.54	107.54	107.54	127.38	127.38	127.38	127.38	134.29	134.29	134.29	134.29	176.5	176.5	176.5	176.5	140	140	140	140	135.3	135.3	135.3	135.3	111.92	111.92	111.92	111.92	107.88	107.88	107.88	107.88	100.81	100.81	100.81	100.81	105.57	105.57	105.57	105.57	107.42	107.42	107.42	107.42	131.64	131.64	131.64	131.64	155.64	155.64	155.64	155.64	163.17	163.17	163.17	163.17	163.4	163.4	163.4	163.4	143.39	143.39	143.39	143.39	140	140	140	140	130	130	130	130	121.85	121.85	121.85	121.85
2025-01-14	116.49	116.49	116.49	116.49	115.23	115.23	115.23	115.23	112.53	112.53	112.53	112.53	111.75	111.75	111.75	111.75	112.05	112.05	112.05	112.05	115.54	115.54	115.54	115.54	130.72	130.72	130.72	130.72	155.5	155.5	155.5	155.5	190.02	190.02	190.02	190.02	150.55	150.55	150.55	150.55	133.73	133.73	133.73	133.73	114	114	114	114	107.37	107.37	107.37	107.37	111.38	111.38	111.38	111.38	106.94	106.94	106.94	106.94	106.94	106.94	106.94	106.94	127.53	127.53	127.53	127.53	145.87	145.87	145.87	145.87	174.31	174.31	174.31	174.31	184	184	184	184	155.67	155.67	155.67	155.67	140.01	140.01	140.01	140.01	143.41	143.41	143.41	143.41	141.98	141.98	141.98	141.98
2025-01-15	124.97	124.97	124.97	124.97	122	122	122	122	119.6	119.6	119.6	119.6	118.1	118.1	118.1	118.1	118.75	118.75	118.75	118.75	120.53	120.53	120.53	120.53	145.66	145.66	145.66	145.66	172.33	172.33	172.33	172.33	231.6	231.6	231.6	231.6	146.37	146.37	146.37	146.37	133.92	133.92	133.92	133.92	119.43	119.43	119.43	119.43	116.9	116.9	116.9	116.9	112.28	112.28	112.28	112.28	109.99	109.99	109.99	109.99	106.14	106.14	106.14	106.14	115	115	115	115	128.88	128.88	128.88	128.88	156.28	156.28	156.28	156.28	173.97	173.97	173.97	173.97	167.35	167.35	167.35	167.35	146.07	146.07	146.07	146.07	138.87	138.87	138.87	138.87	122.27	122.27	122.27	122.27
2025-01-16	116.33	116.33	116.33	116.33	115	115	115	115	114	114	114	114	109.86	109.86	109.86	109.86	109.05	109.05	109.05	109.05	114.2	114.2	114.2	114.2	124	124	124	124	139.55	139.55	139.55	139.55	195.5	195.5	195.5	195.5	152.11	152.11	152.11	152.11	125	125	125	125	103.14	103.14	103.14	103.14	105.15	105.15	105.15	105.15	105.5	105.5	105.5	105.5	103.14	103.14	103.14	103.14	105.15	105.15	105.15	105.15	110.28	110.28	110.28	110.28	155.14	155.14	155.14	155.14	186.24	186.24	186.24	186.24	180	180	180	180	164.6	164.6	164.6	164.6	155.14	155.14	155.14	155.14	134.78	134.78	134.78	134.78	121.44	121.44	121.44	121.44
2025-01-17	121.43	121.43	121.43	121.43	119.28	119.28	119.28	119.28	117.72	117.72	117.72	117.72	114	114	114	114	115.58	115.58	115.58	115.58	118.4	118.4	118.4	118.4	137.1	137.1	137.1	137.1	150.82	150.82	150.82	150.82	197	197	197	197	145.1	145.1	145.1	145.1	117.87	117.87	117.87	117.87	113.44	113.44	113.44	113.44	115.01	115.01	115.01	115.01	113.5	113.5	113.5	113.5	107.06	107.06	107.06	107.06	103.5	103.5	103.5	103.5	113.38	113.38	113.38	113.38	139.11	139.11	139.11	139.11	176	176	176	176	175.72	175.72	175.72	175.72	157	157	157	157	154.63	154.63	154.63	154.63	138.9	138.9	138.9	138.9	136.38	136.38	136.38	136.38
2025-01-18	135.56	135.56	135.56	135.56	123	123	123	123	123.69	123.69	123.69	123.69	120.5	120.5	120.5	120.5	118.11	118.11	118.11	118.11	119.77	119.77	119.77	119.77	120.51	120.51	120.51	120.51	130.5	130.5	130.5	130.5	145.69	145.69	145.69	145.69	148.81	148.81	148.81	148.81	128.8	128.8	128.8	128.8	107.27	107.27	107.27	107.27	108.27	108.27	108.27	108.27	109.2	109.2	109.2	109.2	108.27	108.27	108.27	108.27	108.27	108.27	108.27	108.27	120	120	120	120	140.8	140.8	140.8	140.8	164.22	164.22	164.22	164.22	165.47	165.47	165.47	165.47	154.98	154.98	154.98	154.98	147.05	147.05	147.05	147.05	142.25	142.25	142.25	142.25	140.94	140.94	140.94	140.94
2025-01-19	133.46	133.46	133.46	133.46	125.77	125.77	125.77	125.77	123.76	123.76	123.76	123.76	122.35	122.35	122.35	122.35	120.96	120.96	120.96	120.96	121.42	121.42	121.42	121.42	122.2	122.2	122.2	122.2	127	127	127	127	129.02	129.02	129.02	129.02	125.33	125.33	125.33	125.33	108	108	108	108	97.05	97.05	97.05	97.05	103	103	103	103	105.1	105.1	105.1	105.1	105.1	105.1	105.1	105.1	106.48	106.48	106.48	106.48	113.29	113.29	113.29	113.29	124	124	124	124	153.78	153.78	153.78	153.78	155.03	155.03	155.03	155.03	147	147	147	147	136.21	136.21	136.21	136.21	131.6	131.6	131.6	131.6	123.01	123.01	123.01	123.01
2025-01-20	128.03	128.03	128.03	128.03	122.7	122.7	122.7	122.7	118	118	118	118	114.67	114.67	114.67	114.67	115.55	115.55	115.55	115.55	120.97	120.97	120.97	120.97	126.65	126.65	126.65	126.65	152.06	152.06	152.06	152.06	164.29	164.29	164.29	164.29	202.27	202.27	202.27	202.27	164.08	164.08	164.08	164.08	162.46	162.46	162.46	162.46	159.82	159.82	159.82	159.82	156	156	156	156	156.01	156.01	156.01	156.01	156.13	156.13	156.13	156.13	176.03	176.03	176.03	176.03	170	170	170	170	170.42	170.42	170.42	170.42	175.07	175.07	175.07	175.07	194.59	194.59	194.59	194.59	165	165	165	165	153.18	153.18	153.18	153.18	137.43	137.43	137.43	137.43
2025-01-21	133.95	133.95	133.95	133.95	130.65	130.65	130.65	130.65	126.03	126.03	126.03	126.03	120.2	120.2	120.2	120.2	120.01	120.01	120.01	120.01	125.83	125.83	125.83	125.83	139.86	139.86	139.86	139.86	150.23	150.23	150.23	150.23	150	150	150	150	151.65	151.65	151.65	151.65	153.79	153.79	153.79	153.79	147.89	147.89	147.89	147.89	133.32	133.32	133.32	133.32	128.34	128.34	128.34	128.34	116.97	116.97	116.97	116.97	121.98	121.98	121.98	121.98	137.5	137.5	137.5	137.5	143.59	143.59	143.59	143.59	150.19	150.19	150.19	150.19	159.01	159.01	159.01	159.01	151.15	151.15	151.15	151.15	143	143	143	143	132	132	132	132	121.35	121.35	121.35	121.35
2025-01-22	129.21	129.21	129.21	129.21	124.12	124.12	124.12	124.12	122.22	122.22	122.22	122.22	119.49	119.49	119.49	119.49	115.32	115.32	115.32	115.32	117.7	117.7	117.7	117.7	121.67	121.67	121.67	121.67	152.34	152.34	152.34	152.34	161.59	161.59	161.59	161.59	165.99	165.99	165.99	165.99	143.88	143.88	143.88	143.88	136	136	136	136	128.87	128.87	128.87	128.87	122.64	122.64	122.64	122.64	126.99	126.99	126.99	126.99	131	131	131	131	144.57	144.57	144.57	144.57	160	160	160	160	162.73	162.73	162.73	162.73	161	161	161	161	154	154	154	154	160.1	160.1	160.1	160.1	144	144	144	144	134.87	134.87	134.87	134.87
2025-01-23	106.25	106.25	106.25	106.25	106.77	106.77	106.77	106.77	104.48	104.48	104.48	104.48	101.03	101.03	101.03	101.03	101.67	101.67	101.67	101.67	106	106	106	106	107.84	107.84	107.84	107.84	133.28	133.28	133.28	133.28	152.01	152.01	152.01	152.01	147.36	147.36	147.36	147.36	138.32	138.32	138.32	138.32	134.3	134.3	134.3	134.3	120.72	120.72	120.72	120.72	112.59	112.59	112.59	112.59	108.69	108.69	108.69	108.69	113	113	113	113	117	117	117	117	137.4	137.4	137.4	137.4	155	155	155	155	185.51	185.51	185.51	185.51	175.81	175.81	175.81	175.81	146.04	146.04	146.04	146.04	132.6	132.6	132.6	132.6	107.97	107.97	107.97	107.97
2025-01-24	57.63	57.63	57.63	57.63	57.52	57.52	57.52	57.52	51	51	51	51	34.94	34.94	34.94	34.94	19	19	19	19	29.21	29.21	29.21	29.21	57.46	57.46	57.46	57.46	86.9	86.9	86.9	86.9	103.65	103.65	103.65	103.65	96.68	96.68	96.68	96.68	85.8	85.8	85.8	85.8	73	73	73	73	69.97	69.97	69.97	69.97	65.3	65.3	65.3	65.3	65.52	65.52	65.52	65.52	65.31	65.31	65.31	65.31	69.42	69.42	69.42	69.42	78.48	78.48	78.48	78.48	86.36	86.36	86.36	86.36	92.02	92.02	92.02	92.02	87.45	87.45	87.45	87.45	82.96	82.96	82.96	82.96	88.55	88.55	88.55	88.55	85.7	85.7	85.7	85.7
2025-01-25	45.62	45.62	45.62	45.62	37.99	37.99	37.99	37.99	40.7	40.7	40.7	40.7	45.19	45.19	45.19	45.19	33.8	33.8	33.8	33.8	35.49	35.49	35.49	35.49	46.8	46.8	46.8	46.8	51.42	51.42	51.42	51.42	34.7	34.7	34.7	34.7	34.66	34.66	34.66	34.66	24.11	24.11	24.11	24.11	45.17	45.17	45.17	45.17	45	45	45	45	29.71	29.71	29.71	29.71	20.94	20.94	20.94	20.94	13.6	13.6	13.6	13.6	30.2	30.2	30.2	30.2	40	40	40	40	76.8	76.8	76.8	76.8	91.01	91.01	91.01	91.01	99.93	99.93	99.93	99.93	92	92	92	92	94.75	94.75	94.75	94.75	77.36	77.36	77.36	77.36
2025-01-26	19.5	19.5	19.5	19.5	15.31	15.31	15.31	15.31	17.15	17.15	17.15	17.15	16.47	16.47	16.47	16.47	19.01	19.01	19.01	19.01	24.7	24.7	24.7	24.7	47.4	47.4	47.4	47.4	25.03	25.03	25.03	25.03	28.86	28.86	28.86	28.86	44.26	44.26	44.26	44.26	59.46	59.46	59.46	59.46	40	40	40	40	15.45	15.45	15.45	15.45	15	15	15	15	12.49	12.49	12.49	12.49	15.27	15.27	15.27	15.27	28.4	28.4	28.4	28.4	49.2	49.2	49.2	49.2	65.6	65.6	65.6	65.6	74.7	74.7	74.7	74.7	63.07	63.07	63.07	63.07	56.75	56.75	56.75	56.75	46.3	46.3	46.3	46.3	36.84	36.84	36.84	36.84
2025-01-27	26.79	26.79	26.79	26.79	3	3	3	3	2.99	2.99	2.99	2.99	1.76	1.76	1.76	1.76	0.33	0.33	0.33	0.33	1.76	1.76	1.76	1.76	7	7	7	7	36.5	36.5	36.5	36.5	70.18	70.18	70.18	70.18	62.96	62.96	62.96	62.96	36.5	36.5	36.5	36.5	31.23	31.23	31.23	31.23	29.53	29.53	29.53	29.53	9.81	9.81	9.81	9.81	10.96	10.96	10.96	10.96	10.5	10.5	10.5	10.5	36.5	36.5	36.5	36.5	35.2	35.2	35.2	35.2	43.79	43.79	43.79	43.79	61.27	61.27	61.27	61.27	50.4	50.4	50.4	50.4	37.7	37.7	37.7	37.7	35.2	35.2	35.2	35.2	28.85	28.85	28.85	28.85
2025-01-28	3.52	3.52	3.52	3.52	2	2	2	2	0.65	0.65	0.65	0.65	0.1	0.1	0.1	0.1	0.33	0.33	0.33	0.33	0.65	0.65	0.65	0.65	3.52	3.52	3.52	3.52	7	7	7	7	45.54	45.54	45.54	45.54	16.54	16.54	16.54	16.54	1	1	1	1	2	2	2	2	0.66	0.66	0.66	0.66	0.72	0.72	0.72	0.72	0.02	0.02	0.02	0.02	0.5	0.5	0.5	0.5	0	0	0	0	7	7	7	7	48.32	48.32	48.32	48.32	74.49	74.49	74.49	74.49	66	66	66	66	48.04	48.04	48.04	48.04	34.23	34.23	34.23	34.23	19.28	19.28	19.28	19.28
2025-01-29	27.47	27.47	27.47	27.47	11.1	11.1	11.1	11.1	4.27	4.27	4.27	4.27	3.52	3.52	3.52	3.52	3.52	3.52	3.52	3.52	5	5	5	5	29.51	29.51	29.51	29.51	90	90	90	90	115.34	115.34	115.34	115.34	91.2	91.2	91.2	91.2	69.88	69.88	69.88	69.88	57	57	57	57	35.82	35.82	35.82	35.82	21.2	21.2	21.2	21.2	14.23	14.23	14.23	14.23	18.27	18.27	18.27	18.27	44.16	44.16	44.16	44.16	51.1	51.1	51.1	51.1	83.06	83.06	83.06	83.06	121.01	121.01	121.01	121.01	127.5	127.5	127.5	127.5	114.82	114.82	114.82	114.82	89.77	89.77	89.77	89.77	56.19	56.19	56.19	56.19
2025-01-30	72.1	72.1	72.1	72.1	54.84	54.84	54.84	54.84	38.34	38.34	38.34	38.34	18.82	18.82	18.82	18.82	10.01	10.01	10.01	10.01	10	10	10	10	42.17	42.17	42.17	42.17	66.33	66.33	66.33	66.33	95.18	95.18	95.18	95.18	50.24	50.24	50.24	50.24	9	9	9	9	3.52	3.52	3.52	3.52	3.5	3.5	3.5	3.5	0.65	0.65	0.65	0.65	0.65	0.65	0.65	0.65	3.52	3.52	3.52	3.52	3.52	3.52	3.52	3.52	30.17	30.17	30.17	30.17	84.7	84.7	84.7	84.7	91.66	91.66	91.66	91.66	120.13	120.13	120.13	120.13	115.04	115.04	115.04	115.04	89.45	89.45	89.45	89.45	79	79	79	79
2025-01-31	89.26	89.26	89.26	89.26	92	92	92	92	83.72	83.72	83.72	83.72	77	77	77	77	77.52	77.52	77.52	77.52	75	75	75	75	64.47	64.47	64.47	64.47	123.86	123.86	123.86	123.86	159.95	159.95	159.95	159.95	97.31	97.31	97.31	97.31	64.02	64.02	64.02	64.02	45	45	45	45	44.43	44.43	44.43	44.43	49.47	49.47	49.47	49.47	39	39	39	39	46.09	46.09	46.09	46.09	65.53	65.53	65.53	65.53	99.95	99.95	99.95	99.95	171.98	171.98	171.98	171.98	173.99	173.99	173.99	173.99	152.69	152.69	152.69	152.69	142.36	142.36	142.36	142.36	135.03	135.03	135.03	135.03	125.29	125.29	125.29	125.29
2025-02-01	131	131.006964805306	131.012045609797	130.991252015707	124	124.009332785889	124.007001404228	123.99809655541	115.38	115.377035364363	115.371757683437	115.376757754402	116.3	116.313444370545	116.301628565065	116.314941114456	108.72	108.722725344242	108.717958917977	108.720430698956	112.05	112.048266573821	112.064637951226	112.05798608599	117.49	117.505412811639	117.489552833943	117.479685821872	123.18	123.182139098225	123.189393318766	123.179879993075	130.78	130.783891508075	130.782730451071	130.769909703867	124.94	124.937682988159	124.948933989391	124.948888226523	97.91	97.9048420846968	97.9065680490998	97.9133297148063	100	100.002295414114	100.007727147058	100.00440766086	55.29	55.2727376143167	55.2803923167114	55.2761173906412	30.2	30.2037674299369	30.1889755054003	30.207761655254	25.06	25.0662483388772	25.0356841464865	25.0582984609535	15.19	15.193490964488	15.1932688021654	15.1858331128641	76.88	76.8863601529696	76.8718352078567	76.8755187924399	120	119.999845360766	119.996853189139	119.988406695881	137.34	137.349610335682	137.358461072005	137.347121856031	162.98	162.989309133912	163.001845965087	162.96273776664	153	153.002649062719	152.993781475253	153.00251302559	140.03	140.034209839883	140.029724373773	140.037460574431	137.73	137.713094076623	137.732532977289	137.739866441215	130.63	130.640863449176	130.6331598688	130.624458143275
2025-02-02	124.85	124.864926100231	124.853092056226	124.858189389655	120.6	120.567233197712	120.614469734674	120.594212654609	118.83	118.82890151592	118.828085175896	118.835582242743	114.94	114.938518576962	114.934058330358	114.953399786114	105.02	105.01056796271	105.032332872826	105.029293241031	111	110.993370650444	110.998330088694	110.994535163708	109.75	109.75293607974	109.761511956302	109.744581493172	108.42	108.415752141369	108.416897205879	108.438754402717	113.66	113.674301410462	113.674777045918	113.663062751695	115	115.003237524442	115.014391223692	114.991917527613	106.01	106.00341998359	106.021744433924	106.027168490027	96.52	96.5174855197229	96.5259007076648	96.5082205336482	92.88	92.8913810183077	92.8672929335026	92.8771643766564	95.99	95.9876221584128	95.9860670526319	95.9926498345879	95.19	95.1976885834144	95.1834492120219	95.1810776127805	99.64	99.6260816983477	99.6483020452876	99.6379748908245	100.02	100.009288806284	100.000852433045	100.009420178346	117.7	117.690695096648	117.705324971978	117.70120241267	150.17	150.171796252915	150.174112710837	150.166054098471	169	168.99364234952	169.010878208388	168.989710611268	159.48	159.474872254933	159.481509250683	159.483614087539	148.14	148.147526388972	148.130805025569	148.138444518185	141.98	141.99707918039	141.980773264726	141.972927234842	126.61	126.62000694717	126.62518434132	126.624903335793
2025-02-03	104.65	104.645856799342	104.646886679343	104.650678868088	102.52	102.510427282885	102.521271272252	102.51689261363	102.18	102.187135912957	102.190187993809	102.190822154112	102.52	102.522472509183	102.508721802313	102.517965053344	102.44	102.430771677918	102.441107585051	102.450940595213	103.01	102.999860134367	103.007824673343	103.034631354927	118.05	118.046993622087	118.059148171001	118.03886652969	154.86	154.849438139782	154.861327143096	154.872783028085	242.83	242.822164823085	242.828143252654	242.828874005833	173.12	173.121592373524	173.128731002629	173.119030869636	125	124.990722286249	125.005884623072	125.000148861233	107.73	107.732642848834	107.721264954359	107.724066291293	102.49	102.48616568534	102.482625423639	102.508329125165	102.45	102.454831457039	102.445477833203	102.46249687759	102.45	102.449311908713	102.446688383844	102.4487809704	110	109.992161281765	110.008670869147	109.9862817072	118.52	118.513069383338	118.511398345612	118.528165167168	143.05	143.055644308313	143.04974787446	143.036462195322	205.2	205.201290996893	205.211443462328	205.192701161533	205.2	205.196757148476	205.1910776895	205.193184612133	227.51	227.5191582427	227.505111190811	227.514689841048	186.01	186.01842944711	186.016920415119	186.004160319273	145.92	145.9084010322	145.927806614401	145.916682981084	136.56	136.535498821097	136.56469200596	136.567482441732
2025-02-04	104.65	104.658814414158	104.65916870982	104.632483290637	102.52	102.521293320051	102.507737455243	102.516782505375	102.18	102.173698262717	102.166658079991	102.186154373252	102.52	102.513445235663	102.517455161	102.515979386657	102.44	102.448637254577	102.432273677122	102.427871440522	103.01	103.037869292625	102.995678594688	103.015248849545	118.05	118.049960515299	118.051641226721	118.056878348957	154.86	154.864524107544	154.856573702321	154.852263325923	242.83	242.843471601156	242.828592522956	242.830228081373	173.12	173.132450806328	173.143106099077	173.140915117041	125	124.989898176803	125.009210326495	125.007803380061	107.73	107.730005215668	107.725747909527	107.72876461681	102.49	102.504973516659	102.502298283853	102.497600173936	102.45	102.460093384352	102.445174757068	102.451436744643	102.45	102.453636506344	102.449458835717	102.455055413018	110	109.996238835028	109.998245468426	110.006886626936	118.52	118.51398391712	118.529260493351	118.516397525142	143.05	143.034856961349	143.049278700957	143.066758569786	205.2	205.20936893352	205.189181816218	205.197197246182	205.2	205.207016276683	205.179979768907	205.21270465648	227.51	227.50747525544	227.501084545468	227.512469422543	186.01	186.000785062763	186.009397089303	186.003935609309	145.92	145.926658511271	145.922655493942	145.900230236865	136.56	136.55272416905	136.548829660237	136.540702038535
2025-02-05	134.48	134.486026740628	134.494985110796	134.488861950798	131.02	131.021651301206	131.032517522443	131.001431231757	126.25	126.229596468211	126.247977390261	126.253546906139	120.04	120.040454910155	120.033443785074	120.033550944317	119.57	119.564925522142	119.567861267178	119.563053233105	95.04	95.0396409041382	95.0246714369069	95.0679480556081	110.35	110.336712187048	110.341501401462	110.362845887519	172.83	172.836537451617	172.827720861409	172.834042481568	184.27	184.276896002894	184.275510894887	184.268865709964	126.74	126.725317475789	126.733023929615	126.725732163069	55	55.0073537791867	54.9819783699405	54.9941470031019	33.08	33.0868393591425	33.0795328829404	33.0750628393528	38.5	38.4942635364798	38.5025472502939	38.4892076440408	35.2	35.1959165201654	35.1846193854406	35.195778778782	37	36.9885172983228	37.0214836593889	37.0002681890462	32.97	32.9615155793648	32.9545140817718	32.9665927715662	59.99	59.9883394044677	59.991258332484	59.9792475640882	115.71	115.70611386115	115.715306431579	115.705374634865	188.65	188.650835124158	188.640030554522	188.652257066742	190.07	190.082549261666	190.069786597226	190.053308857945	161.5	161.474788319311	161.490285402863	161.491758631861	150.85	150.846734130217	150.843515992131	150.852125645011	141.02	141.024780035667	141.038766305341	141.031578411055	132.44	132.446936835257	132.425099420972	132.438536510243
2025-02-06	134	134.029278230458	133.996980276395	133.994145123189	131.45	131.458717303809	131.444271561389	131.441243857845	129	129.007663314307	129.00348880212	128.999037430029	126.39	126.387995174806	126.387588159638	126.387309188054	120.91	120.912981198123	120.900243364063	120.917852027252	127.58	127.599484026525	127.581152748435	127.571294276447	130	130.019761015302	129.9845715986	130.019385303465	180.46	180.460281160195	180.462518546239	180.473099893905	220.79	220.807671589958	220.786148365922	220.793677620772	160.2	160.205781371545	160.194623759483	160.186138038201	115.97	115.978644396146	115.965259412788	115.968881980103	100.66	100.654934031117	100.651354822982	100.659901907395	86.5	86.4965879396782	86.5107422823094	86.5198464624877	82.99	82.9811235299974	83.0027144064826	82.9708038663009	83.33	83.3303388996323	83.3202575564961	83.3172327232253	84.11	84.1185393787409	84.0988034060258	84.1007846923023	103.56	103.56473999701	103.563857219194	103.554757353655	136.02	136.022216384002	136.017264033588	136.02925468265	170.09	170.089973223077	170.070301935956	170.107832751248	186.81	186.810444849147	186.807356164777	186.819224868489	226.1	226.12051658153	226.089774218353	226.101791709857	158	158.000246015969	157.988460830833	158.005617738787	136.44	136.439888814071	136.43874330249	136.427644686152	127.12	127.121682546246	127.105859634725	127.134443425798
2025-02-07	126.67	126.656090787242	126.662831934994	126.657379553285	115.78	115.782230897695	115.783325131071	115.791295994413	110.25	110.22275191231	110.252328008304	110.240838144435	105.19	105.194343770821	105.185117195879	105.187430508187	105.1	105.11005816337	105.111060451723	105.096151669973	105.4	105.368088182221	105.410311280337	105.39221921979	110.25	110.241438648365	110.261644771919	110.245965393346	136.68	136.673696006845	136.681363121601	136.687328435298	160.05	160.046220067236	160.068441643248	160.039368334375	143.28	143.286228272966	143.293445595419	143.279637280276	98.57	98.5699354067714	98.5706559751814	98.5694939913236	98.57	98.5790773001655	98.5723631736593	98.5615733007787	96.06	96.0438071448971	96.0678331337135	96.0623291990665	93.34	93.3478490224836	93.3510783943511	93.344646681551	90.46	90.4635206396097	90.4676048702754	90.4500842364257	92.91	92.9151388471487	92.9272380704302	92.9277560486293	93.57	93.5822670900373	93.5608418377972	93.5708301013837	107.95	107.932621218413	107.943489337515	107.934978468377	135	135.009884458156	134.998663361692	135.012547806486	148.17	148.170673982925	148.16921889547	148.166640114561	140.57	140.560953230385	140.584698165315	140.573678347102	130	129.999072868203	130.004036624039	129.981868250836	131.7	131.691615968482	131.703007142961	131.690837598265	115.55	115.535211220055	115.552889473818	115.548664268061
2025-02-08	121.12	121.114167889581	121.11970166654	121.122281280865	110.11	110.116303875973	110.098100153904	110.102120410002	99.6	99.5854771729996	99.5992367627191	99.5810782246196	93.4	93.4090114135925	93.4288130371442	93.4022781448953	87	87.0113099275461	87.0160496887196	87.0013650814734	87	87.0109707692957	87.0069764305406	86.9881389857936	92	92.0010352687656	91.9848060023365	91.967470123769	108.24	108.244944147671	108.236042611441	108.242732117547	116	116.002626137236	116.003229330174	115.998294482202	108	108.009234954564	108.001261452913	107.983763072205	52.01	52.0070429219777	52.0236829167335	52.0040929578222	63.49	63.497582250435	63.4893567390014	63.4843189507881	68.35	68.3507952253234	68.3489931293983	68.3498256672303	57.25	57.2316019217548	57.2570642982473	57.2483852509183	50.01	50.0027232145137	50.0308686269751	50.000150328252	45.28	45.2744517457879	45.2823445674544	45.2862160414906	69.7	69.7005981362026	69.7080047675226	69.6962409775922	102.14	102.134828359713	102.132015491577	102.152050233745	159.18	159.166733946946	159.180095989902	159.180490108304	161.05	161.05048292927	161.055986383109	161.048945576487	155.31	155.329337529844	155.302482723712	155.302071676562	141.09	141.094378374389	141.101832640943	141.074656944203	142.5	142.511463826359	142.496204190229	142.493561660533	137.31	137.320334496393	137.323845565095	137.321960146063
2025-02-09	105.6	105.603205005476	105.589995620587	105.593651696219	112	112.012268745703	111.982285679754	111.977267172612	106.86	106.858793899655	106.879461474421	106.859769478615	102	102.012370314105	102.010010426468	101.999413537688	92.55	92.5655534107971	92.5559027801785	92.5506327118072	99.22	99.2236436419508	99.2282094276443	99.2274723385187	108.9	108.877376219769	108.899721803471	108.890468858165	106	106.01797898472	106.004980132608	105.982108274728	111.85	111.845405310171	111.830686167416	111.847054900992	79.47	79.4712390674703	79.4671052866921	79.4704063568393	74.85	74.8593192327366	74.8571144999313	74.8507610670174	71.18	71.1765137104297	71.18135101029	71.1747370308693	59	59.0009646895079	59.027421854595	59.0222712583267	69.99	70.0009250988616	69.994523831393	69.9861875305471	74.48	74.4691446400381	74.4900723256748	74.473470333816	75	75.0137566240987	74.9917460236472	75.0011131371818	75.56	75.5718679889074	75.5749592012127	75.5534432829282	105.13	105.12667794271	105.124769997052	105.120232229768	167.96	167.954214637122	167.971214914627	167.95447758116	169.86	169.875515296815	169.870969787594	169.869352397131	192.99	192.997251801675	192.979609060332	192.985568663042	170.14	170.142064786859	170.121968725617	170.136098154099	147.4	147.405730880878	147.406918992313	147.396339990424	131.29	131.284718208828	131.294255668389	131.294383795645
2025-02-10	124.35	124.36477418879	124.360970925936	124.344077682091	124.75	124.741271236133	124.750437868933	124.755887565889	121.21	121.202804978199	121.217165156108	121.213621827231	111.85	111.838001810264	111.862365554476	111.847714057799	113.21	113.202962425809	113.210371134421	113.215681567976	119.58	119.565384783036	119.572900195498	119.602799566519	135.91	135.92474823076	135.919435486535	135.926930583274	156.47	156.475134563337	156.454069748584	156.465292868859	176.36	176.363793084034	176.350405032514	176.341075385536	161.43	161.435407346714	161.413990450232	161.430171990753	146.02	146.020208669711	146.013730859383	146.023890517416	132.44	132.436447344773	132.442927686943	132.435841227518	129.93	129.91598802056	129.937615310266	129.941879702532	125.75	125.764114759149	125.719850753847	125.772204814778	117.5	117.491965352605	117.514588419306	117.496471564297	121.89	121.893368223727	121.903791859001	121.891256924103	132.08	132.072944679757	132.076111616741	132.073494472465	141.82	141.81192941449	141.813719649453	141.810139453311	166.34	166.333090573333	166.329594180382	166.342604727973	183.58	183.590260060223	183.59730994961	183.594197066936	203	203.011902996974	203.003922894255	203.006486874405	163.89	163.902443550889	163.901152481151	163.897363696991	147.12	147.116662030852	147.111171853982	147.115620053165	131.51	131.524298818	131.501762039692	131.523681360618
2025-02-11	126.99	126.983434589973	126.990117427746	127.008787318674	115	115.004516445173	114.990541784697	114.989161465943	110.41	110.417574394499	110.397399064135	110.408924493531	109.78	109.79303374866	109.778078865244	109.804828729975	107	107.003334489612	107.005033036881	106.995260067455	100.5	100.505200456601	100.509905004624	100.497247598081	117.35	117.355142544012	117.335896889213	117.353049712993	149.47	149.460522951428	149.488118323245	149.473259433942	162.5	162.511911801943	162.502889420044	162.489875106119	142.04	142.031684805064	142.044520218058	142.045344533859	129.15	129.144705853804	129.160160537218	129.161580946217	120.46	120.455265014046	120.466495778799	120.462662815607	104.98	104.969740375412	104.978908802597	104.968139340959	101.49	101.4885506091	101.480425621205	101.48470624539	104.99	104.992444112641	104.993741476681	105.001142149415	103.9	103.900258364337	103.878649154505	103.886980637361	120.62	120.609912385131	120.626573256409	120.610112945875	146.54	146.551788948782	146.546356433029	146.530671471134	177.87	177.877761333502	177.876030735014	177.8776521272	190	190.001028620619	190.003034574483	190.010484991843	194.5	194.509122207089	194.508058152011	194.494698881462	158.02	158.026300102173	158.023925731859	158.027099748594	146.38	146.388329413155	146.404480044498	146.382676494781	130.58	130.55716354431	130.583608982015	130.568065130654
2025-02-12	123.31	123.316540550215	123.314575884877	123.308603092377	117.75	117.746008761379	117.753469765679	117.738497569394	109.24	109.258125615737	109.237531648257	109.247133907208	121.19	121.209820850968	121.16616179477	121.193826133704	118.83	118.827283312264	118.817935063084	118.818348797701	104.2	104.212886089231	104.209167756261	104.214826930008	104.2	104.191758616987	104.188945538264	104.205677584513	149.55	149.543123343993	149.547539110435	149.552143746585	177	176.991338802131	177.00568353707	177.003860769054	139.82	139.828720089742	139.824610947618	139.827358302786	104.2	104.21478169855	104.191341405821	104.208129814774	91.62	91.6194586215257	91.6141945334983	91.6124290188202	77	77.009913389253	76.9880316842458	77.0083001331141	78	78.0156474389908	78.0403082815399	77.9953205836383	63.74	63.7359746328602	63.7553868724838	63.7392979033049	61.9	61.8954199631425	61.9058124780624	61.9011966130678	77.49	77.5003800347857	77.4938208935666	77.4869443450851	100.37	100.365733252856	100.374163535893	100.362540387955	133.51	133.524451713626	133.503706698077	133.518157605439	190.36	190.366424569031	190.360723135159	190.358625046164	173	172.98737237198	172.978757505625	173.019492834292	154.55	154.555122957543	154.547015437642	154.555310605521	148	148.0074700139	147.980791181252	148.013547717705	134.41	134.416127319136	134.397542042333	134.407744630122
2025-02-13	110	110.003419859912	109.988341288876	110.016202499451	101.07	101.068517335368	101.067163052105	101.052719747326	113	113.016028436478	113.003686027086	112.984537237483	111.37	111.364031475328	111.380200681797	111.369925502774	101.55	101.554738222193	101.53941112356	101.567480410346	87.77	87.7686856937106	87.7498007407095	87.795744956771	102.01	101.993664601342	102.004038271546	102.00876654909	160.05	160.04566317158	160.052403834811	160.043445979675	195.2	195.206995543417	195.208509490526	195.183655060086	123.25	123.241120734203	123.266501785571	123.240265563044	96	96.0106694117005	95.9956914710386	96.0024766620169	90.24	90.229138796413	90.2437937782916	90.2437642158625	88.86	88.8652522314267	88.8470838116005	88.8706975948181	81.5	81.4870965456644	81.4720270872024	81.4914653839912	78.55	78.5665234686473	78.548751332742	78.5384318115423	78.55	78.55359909907	78.5461539908188	78.549967697903	87.52	87.5325493405223	87.5211096884503	87.5248228101408	120.01	120.013774167105	120.018577105894	120.01804001382	187	187.009409762061	187.008801572893	187.002938442246	200.95	200.938112014214	200.956280557877	200.947512310753	190	190.003567167485	190.00014743627	190.004084350339	165.26	165.269797406623	165.23412983294	165.263211866137	151.02	151.027932306975	151.003368854566	150.99911874512	137.34	137.328323273801	137.349579442659	137.342085079365
2025-02-14	120.01	120.01083756196	119.997898286621	119.994421484599	104.95	104.947560531626	104.92045646754	104.959837371518	113	113.001307434927	113.006049137512	113.03045601535	110.24	110.252929791943	110.243804427197	110.218673331525	105	105.0074691375	105.016073877893	105.009808512561	107.73	107.740485263011	107.725041053994	107.710443627538	117	116.997360530123	116.996759223016	117.004166275935	158.74	158.761911253327	158.734650591011	158.741656412476	193.5	193.488104213423	193.49777258221	193.50390742808	112.21	112.232579584402	112.211939874675	112.21675091746	74.32	74.3319367102519	74.318144205873	74.3150037099651	70	69.9942973119509	70.0030589972074	70.0167492283184	59.3	59.2986105295901	59.30428862093	59.2925091922286	59	58.9921122890476	58.9926637773949	59.001353040109	49.5	49.495894233882	49.4934337561238	49.4978509954929	48.9	48.8952682863176	48.8918515186961	48.904263169591	65	64.9776267905143	65.0071480589347	65.0144232222298	90	89.9878078000306	89.9991982520284	89.9880972117937	154.65	154.664575346525	154.656302116371	154.651166122013	198	197.99651411194	198.016006591336	198.005945543289	174.37	174.356422154772	174.355409008622	174.36605422194	155.78	155.778450884477	155.764149201773	155.789686349094	146.25	146.238283306035	146.258429625906	146.241090244998	133.9	133.897395553149	133.889082169142	133.904073592955
2025-02-15	132.57	132.584610094859	132.583874026331	132.578393925182	124.04	124.038571718315	124.047420059182	124.04031711066	116.2	116.208713819401	116.189005734048	116.202512180527	108.1	108.094051975143	108.109688984777	108.097326880604	107.7	107.698521010071	107.695313500715	107.703396192663	107.7	107.692317241899	107.716712482226	107.694234590472	101.96	101.962217145525	101.973309192464	101.967575712611	106.65	106.655142949503	106.62603201929	106.653733369107	100.99	100.987986872932	100.983193046	101.000098026696	75.61	75.6026015863386	75.6192293108411	75.6001365697678	82	82.0041641543203	81.9941633985443	82.0084631509619	65.43	65.4360221991108	65.4225500073255	65.4283011006654	36.07	36.051889162582	36.0702935156212	36.0759014173955	22.71	22.7032211949989	22.6952215508036	22.7201925112667	15.17	15.1635455296389	15.169483252735	15.1651875601142	23.1	23.0761154483007	23.0897138611771	23.1021330850625	30.48	30.4912749755049	30.4820361131858	30.4719802876259	71.5	71.4945690267244	71.490036831852	71.5084143442394	110	110.002821632056	109.994443799099	109.976806515801	130.52	130.520694382502	130.523574207904	130.519595945073	132.2	132.188449358831	132.209174722167	132.181598073442	130	130.005935232565	130.006784587224	130.004921137283	123.06	123.056909695881	123.049707765797	123.071748778032	116.64	116.634940358668	116.628920882614	116.657135666315
2025-02-16	98.77	98.7717585291673	98.7753701315636	98.7725096085643	90.22	90.2018217587894	90.2224351280413	90.2425748996328	91.32	91.315562872308	91.3107385442283	91.3185682845737	92.79	92.7922886463332	92.7860644647212	92.7946516226937	89.5	89.4982757953408	89.5037850944958	89.5043512304048	90.08	90.066761800481	90.083928457991	90.0785491367666	97.04	97.0703236148804	97.0310975099685	97.045661563275	105.63	105.624090456733	105.613157435201	105.621614923549	104.58	104.587827099206	104.593033509541	104.577128542551	94.42	94.4303838119729	94.4308750157428	94.43410029878	79.25	79.2422113749783	79.2686119851008	79.2579925551588	59.91	59.9165502267168	59.9046381097884	59.8948842968154	39.75	39.7368274511667	39.7548067647758	39.7514513710462	34	34.0031049368648	33.9820339733143	34.0026310019892	20	19.9955082817872	19.9987747487975	19.9866191531108	13.8	13.7992417379314	13.8144987949589	13.8075560026783	40.4	40.4026118647694	40.3887261309328	40.3890652879549	78.77	78.7845844623731	78.7801104451035	78.7836578160549	130	130.005020067097	129.987600911441	129.998646833688	164.57	164.579662686662	164.587384977296	164.565129089828	156.25	156.246994582774	156.244205537604	156.242673890928	138.56	138.548593891887	138.558381651862	138.562514472855	137.12	137.114658018575	137.109290818325	137.113191279064	130.5	130.496789503738	130.499039133972	130.483711361094
2025-02-17	122.87	122.882976683317	122.855357853932	122.863718790791	116.06	116.0554673795	116.071622800218	116.054945131119	115.34	115.339488271534	115.336007851274	115.332876400261	110.97	110.975653630966	110.968678505629	110.956425068312	111	110.992001968028	110.980664899269	110.99697423866	106.51	106.516996456241	106.493417883749	106.52313744057	110	109.9954116776	109.999474599637	109.999822968178	196.23	196.237042491859	196.233295315419	196.23815454616	200.79	200.786341455691	200.788665509951	200.786502299528	125.42	125.427661961221	125.416588539564	125.399837595396	97.58	97.5881280212852	97.5735479818737	97.5851543683126	95	95.0004135834752	94.9994202201938	94.9958013529915	90.87	90.8689189827687	90.8938037257116	90.8710116350358	85.55	85.5433841429703	85.5417522960625	85.5428034405	85.55	85.5479352029534	85.5451369288592	85.5566600246709	88.91	88.9190396792475	88.9175260068256	88.9113627736791	94.98	94.9687039604156	94.9844307714339	94.984786788002	124.34	124.348261234597	124.358989865229	124.342923773296	180.01	180.012314547412	179.995073582291	180.021884402742	214.32	214.312171054701	214.316069457903	214.342313725716	198.5	198.513682647478	198.4902086949	198.495689488911	155.62	155.621656796	155.627267415093	155.615012598549	145	145.004117715331	145.003192060246	145.002600463404	135.6	135.595473832476	135.621515164058	135.591267686777
2025-02-18	115.27	115.267700813833	115.28772287475	115.254467409981	112.5	112.497678600641	112.489206785274	112.498446689996	99.1	99.1096369667835	99.1221621599797	99.1116428488609	95.88	95.8843450149189	95.8652059340931	95.881506321575	80.9	80.9036005077461	80.9070256321637	80.9217292148146	79.25	79.2380015110925	79.2452031649909	79.2406969228259	115.24	115.2425205882	115.233643023857	115.242578281448	114.1	114.085536684797	114.114513854671	114.116865605046	114.1	114.090806897621	114.093654874764	114.098852499497	84.8	84.7930796554957	84.7850259123105	84.7902895425333	59.36	59.3468144698326	59.3426900601476	59.3675171681318	79.25	79.2335049880877	79.2515201163164	79.2560210849109	20.36	20.3547234239386	20.3749992709163	20.3434977733017	12.03	12.0486736050922	12.0239380002471	12.0214803259682	14.99	14.9673327848477	15.0047855868498	15.000060501939	42.93	42.9311508199103	42.9201093824592	42.9346988712976	65.01	65.0131025070546	65.0043056719599	65.012057860422	80.82	80.8117731580476	80.8183316747602	80.8272214962517	116	116.008077772292	116.001082419679	116.002531313301	159.88	159.872667896018	159.871258178857	159.858591376521	139	138.993440423026	139.00597634661	138.997457713608	126	126.007085545436	126.008611694999	126.005867077777	121.94	121.942502782868	121.936382121252	121.94054265993	114.14	114.13651769037	114.139335539393	114.138550719641
2025-02-19	111	110.998548825007	111.002115652015	110.999539249541	101.23	101.219830048317	101.218098114926	101.222041115282	108.5	108.505488539609	108.504295440086	108.507170066991	103.4	103.39271700484	103.417182892081	103.401071427209	102.85	102.851227293767	102.847935088162	102.854770020329	105	105.00940590524	104.985128879906	105.001607676378	118	117.988588512397	117.994235413816	117.97086462388	150.67	150.668267568547	150.675844367443	150.689018886791	170	169.996133321394	169.988156572619	169.999596354327	133.73	133.735314857374	133.749501248842	133.750660675755	116.92	116.917949196204	116.922364923888	116.93669121828	105	105.005690764751	104.99227123198	105.01066704452	100	100.020038552406	100.005293583007	100.000521581473	93	92.9986173740327	92.9898211130891	92.9955304756927	89	88.9930465439005	89.0088525702019	88.9858919217196	89	88.9886010659634	89.0115062395583	88.9976248533749	97.99	97.9719276637262	97.9861430906036	97.9733979571196	121.14	121.136758338218	121.13682224247	121.132269793869	155	155.002875947673	154.997121048763	154.998638132159	183.5	183.489955270127	183.497871720694	183.504642202238	203.2	203.200641433795	203.187548647225	203.217160210649	172.42	172.407954676898	172.420141154246	172.42513916957	135.21	135.218973720392	135.212884662787	135.204798673593	115.82	115.820262160743	115.809878259911	115.806817336124
2025-02-20	91.24	91.2412028802595	91.2334209255157	91.2162048731566	81.55	81.5453727907244	81.5436644753379	81.5594036908328	79.95	79.9465001039047	79.9325612202268	79.9371386501186	77.09	77.094338862677	77.0953949869572	77.0998276908571	75.89	75.8964700480822	75.8955296637088	75.9019224642877	78.07	78.0760615496038	78.0621252349772	78.0740029403511	94	94.002159874633	93.998187936036	94.0135001196221	114	114.008863288058	113.99111228038	114.013710349238	137.65	137.65004532452	137.645795816432	137.672545853208	93.53	93.5408728715419	93.5226361018525	93.5177653037169	75	74.992343942655	75.0060536895565	75.0098235258538	43.5	43.5056632469944	43.5066592107523	43.4916967924043	26.72	26.7171985021552	26.704904620878	26.7124106278265	21.74	21.7334188604883	21.7213419811332	21.7490427191562	15.2	15.2107765724887	15.1920708870961	15.1953012602193	25.3	25.3128653951007	25.309066608845	25.2874897324022	45	44.9812333321888	44.9891148289878	44.9999328490457	62.8	62.8071794264855	62.7999825375468	62.7943043582185	109.99	109.997772836906	109.978401145496	109.989027006732	130.73	130.731188497668	130.726568042393	130.738531738385	134.86	134.859775940621	134.866299975946	134.856449319968	114.6	114.600741973885	114.600769949472	114.60204518463	90.05	90.0326965042263	90.0567446813986	90.0507695622748	77.48	77.4856993187176	77.4744807181364	77.4858808593859
2025-02-21	75.29	75.290319655489	75.2930629208045	75.2837917628789	73.14	73.1215342412373	73.1460616455065	73.1496112827692	67.26	67.2623155140689	67.2631261998398	67.2720132166458	57.18	57.1871539674735	57.1865092945292	57.180764033631	46.7	46.7170094958451	46.68543949425	46.7286227610875	43.12	43.1176252588061	43.1285013707018	43.1152752904452	63	63.0022814088076	63.0058716128618	63.0053447975964	79.95	79.9690754833778	79.94198861222	79.941426812265	80.17	80.1606737487555	80.1658066332659	80.1807207650119	73.14	73.1332918624583	73.1204262997633	73.1491596412516	52.2	52.1840412267467	52.2107592742884	52.1966049955727	31.15	31.1301636980117	31.151479305421	31.1382268171677	8.52	8.51359356215855	8.52237123816679	8.5161559116116	3.52	3.52364087025226	3.53356610050912	3.50514299686506	3.52	3.52655113234137	3.50247960474581	3.51227870159505	3.52	3.51925937480564	3.5371073273336	3.51738957692279	10.5	10.4812998675596	10.4892342769174	10.5046746244928	66.85	66.8493185652488	66.8505210526546	66.8645855937192	73.14	73.1467454152612	73.1391097840452	73.1284883858637	90.83	90.8474950979242	90.8310731561906	90.8225775620695	82.5	82.5143892294004	82.5004079194563	82.4766783437378	69	68.9976331746658	69.0020145710396	68.9950661028976	69.65	69.6523312907659	69.6420280890387	69.6536945036324	65.89	65.8961250363578	65.8934106869076	65.9061494967641
2025-02-22	67.05	67.0375125331059	67.0658746699012	67.0631550268859	59.61	59.6022743403791	59.640720854043	59.6087350817181	55.75	55.7613600371413	55.7502242344378	55.7431866602556	53.59	53.6025628403848	53.5897678187177	53.5862666037027	51.15	51.1326909909922	51.1541193865596	51.1402850906751	56.5	56.5057782170656	56.5049703464654	56.5012478058956	66.02	66.0137276002119	66.0296434298092	66.006083368612	70.83	70.8202597724958	70.8284930764668	70.8178213540591	74	73.9972598021806	74.006169486413	73.9882489247877	74	74.0111891122305	73.9987833879132	73.9977057798309	67.41	67.3918985619391	67.4123467128803	67.4257480830783	69.1	69.0943838069628	69.097442308379	69.0998709074175	55.24	55.2321424020951	55.2345333977374	55.2473727399115	54.7	54.7162865747555	54.7076506490603	54.6944342700549	62.6	62.6119228382021	62.5856851848862	62.6041275000444	65.5	65.5154919704232	65.5010309712621	65.5229541353065	63.16	63.1712902162871	63.1576567678507	63.1508949461595	75.01	75.0074415913986	74.9855626307372	75.0116887834745	120.94	120.964485898481	120.924693565082	120.937943663728	132	131.998463950635	131.989130473045	131.997348885097	125	125.01715309156	125.005430618961	124.998711999577	112	112.002127961921	111.996545252124	112.003020351607	110.51	110.509053893413	110.514755136901	110.508181322328	98.75	98.7343774800254	98.7407788269491	98.7480530811856
2025-02-23	109.3	109.294505741548	109.288251802066	109.290766810144	100	99.9808567443884	99.9933036205229	99.9847407958214	90.82	90.8162626448894	90.8207964638648	90.8225695045581	77.84	77.8265735290108	77.8404834987766	77.8510573947403	83.09	83.0910893464619	83.0826566744202	83.104018315368	78.78	78.7869417916181	78.7902109806779	78.7852646244283	79.99	79.9940089958355	79.98087067272	79.9841509629655	83.1	83.086977179216	83.101918489577	83.0815618426494	77	76.9806235820414	76.9827853480384	77.0196590919121	74.65	74.6397764376541	74.6562462188225	74.6659049576419	30.5	30.4886312616346	30.5190304382084	30.5025451090409	16	15.9987133466324	16.0154058571387	16.0063094632284	4.93	4.9006790801486	4.93230539727365	4.93021239260845	9.95	9.96505034440187	9.94048265045784	9.92538756133657	7.95	7.95351506171503	7.93240333913851	7.95095812643069	-0.16	-0.163515780452223	-0.160378517499789	-0.152433886523243	3.96	3.95176156434522	3.97647216981589	3.9540223142855	52.3	52.2955759808775	52.3000060220672	52.2868303906702	100.88	100.879461916867	100.880956620009	100.886130793399	120.04	120.036847230672	120.043675351587	120.039442551181	129	128.998522909346	129.013395258088	128.995282187777	120.25	120.268797067139	120.264802057265	120.245391683899	101.44	101.431261856218	101.441792904341	101.449333107371	82.9	82.8914779227059	82.8964138864272	82.9017420393322
2025-02-24	64.07	64.0832526784088	64.07972514252	64.0722885348323	58.84	58.8317053861998	58.8631257735606	58.8441444315378	47.51	47.5032047931021	47.5088939247031	47.5217940715882	45	45.0067155642605	44.9935337686645	44.9799469524875	45.55	45.5457632525786	45.5499238578015	45.5275588331754	46.03	46.0450561469843	46.0227030215638	46.0227440387168	70.01	70.0142326776813	70.0263679468228	70.0048338896015	98.33	98.3284873997646	98.3210557018634	98.3340491738374	111	110.995345392186	110.998980454007	110.998561471584	100	99.995875003201	100.007287099756	100.003415590615	88.64	88.631576134243	88.633999372324	88.6568028232324	83.51	83.5087917642814	83.505345710616	83.5258202407109	67.2	67.2000654773796	67.1878038679177	67.1901835330651	65	65.0156950724967	65.0052973153774	65.0116500278342	52.64	52.6555509076254	52.635868234196	52.6510797268723	40.2	40.2050317933787	40.1965975021154	40.2220275593228	49.8	49.8092611613335	49.801232056029	49.7923633220631	90	90.0038702444816	90.007094476682	90.0110226076844	115.6	115.610273377535	115.597571787006	115.593019792739	159.67	159.66829542346	159.691092960867	159.684177743956	134	134.00842929824	134.00208840447	134.017171873467	115.28	115.27040931703	115.288207283811	115.276873091869	105.06	105.068327640622	105.035310823474	105.059710470523	89.97	89.9752641570849	89.9737810342291	89.9633610042419
2025-02-25	82.98	82.9893637635469	82.9723262222283	82.9792428015196	79.97	79.9764376824007	79.9629987852917	79.9677029465959	71	71.0019976344714	70.9975530200931	71.0031274945894	71.98	71.9830043315525	71.9796295961701	71.9761564243675	71.07	71.0720136348162	71.07200118858	71.0641599722652	65.01	65.027299541071	65.0194595085366	65.0027009402121	87	86.9975125246728	87.0148362828651	87.0051101027178	115.65	115.65113839642	115.643046579384	115.650658802513	133.27	133.275409437193	133.268972391734	133.261180214759	118.48	118.467493337865	118.490782066757	118.490224694548	101	100.993381188416	100.988007851057	101.003695032319	70	70.0186055377386	69.9973402087808	70.0022487923287	71	70.9925455150224	71.0015010036154	71.0187091602977	67.24	67.2524938938284	67.2622079772097	67.2494528923395	60.27	60.2807096053816	60.281727260872	60.2669010837358	68.56	68.5566634204464	68.5556942430388	68.5549668846772	71.49	71.4999276090324	71.5025273724646	71.4832088209874	90	89.9939013789538	90.0130411993001	90.0101254914335	109.01	109.005651019172	109.013387295922	109.004636094772	137	136.983564523604	136.996968279783	137.010354964278	131.09	131.078859813371	131.099644763871	131.076793944963	123.95	123.950022444776	123.9559700806	123.937883337488	113.78	113.791243014675	113.778490964956	113.770061934526	100.41	100.420812175457	100.382206467178	100.423458012073
2025-02-26	96	95.9992848886404	95.984528596696	96.0117648244198	80.01	80.0188210190548	79.9993760181955	80.0116543294515	91.98	91.9780685894255	91.9719919793109	91.9875833199893	82	81.9984657791276	82.0168831722382	81.990419768237	80.01	80.0272196683871	80.0059726053423	80.028324675195	92.71	92.7017953407427	92.7115520194958	92.6976554604725	106	106.009615689473	105.998365318412	105.999379157424	144.4	144.401964366328	144.392684666124	144.397067525817	148.03	148.031906466797	148.017158742157	148.033222508246	108	107.986404760733	108.015333579381	108.00338663752	78.25	78.2624625282952	78.2505622807049	78.2457793259178	67.11	67.0984278369891	67.1117674111296	67.0911869574458	63.17	63.1756111086508	63.1484834508738	63.16803034447	56	55.9949512554404	56.0089778962385	56.0166756247319	51.59	51.5770623471851	51.5751706177088	51.5866585254457	55	54.9954588261245	54.9916324134568	55.0082594205382	64.48	64.4949461592188	64.4728595402944	64.4844948071101	94.02	94.0110727107121	94.0184953712545	94.0145924132416	120.95	120.946769087601	120.958584704251	120.949846710374	161.75	161.754765737568	161.764182640102	161.735409421477	220.01	219.99873383273	220.014492555792	220.016457256982	178.02	178.045408618012	178.003701238039	178.013284707127	121.16	121.16025409231	121.170474470596	121.170590861441	125	124.998686798886	125.008684553987	125.003321389742
2025-02-27	115.01	115.026362753078	115.028026227607	115.019172110983	109.51	109.505817843626	109.495428860614	109.493715658396	108.22	108.238158544991	108.218132959198	108.226381637985	105.2	105.197720414432	105.190274682631	105.189347195179	104.12	104.109196229291	104.125990552559	104.118175428711	106	106.012325094942	105.981941722681	106.008424416455	112	111.984199156354	111.999022110764	112.009177518411	147.58	147.57093601616	147.578808595645	147.561901543709	168.77	168.778690298	168.764249138023	168.760950433345	129.18	129.197330710924	129.168287215565	129.183130193392	112.42	112.411929386441	112.421012819591	112.428299630029	109.44	109.433138179186	109.436561002387	109.431446743691	98.1	98.099107272954	98.1011035009632	98.1003066609056	93.41	93.4067806829089	93.4220459717575	93.3981207899519	90.75	90.7591013641998	90.7364302463988	90.7565958500491	89	89.0047812024701	89.0014110859022	88.9931990877818	98	98.0050744972218	98.0190292038743	97.9982272289965	109.6	109.586558095228	109.580614702955	109.605811312934	134	134.010083924997	133.991205855456	134.002525159624	159.81	159.794486372154	159.799661511297	159.808538776453	213.57	213.583348129518	213.561758647911	213.564418085593	139.02	139.018076305723	139.030336440161	139.021123134925	120.95	120.953403610643	120.925694899113	120.959081726249	114.89	114.899398948621	114.89209059359	114.888095604165
2025-02-28	112.14	112.166904495096	112.1483915317	112.13412941889	105.34	105.331263430818	105.341029822704	105.337570190929	102.38	102.386084222446	102.376526688828	102.379805070336	101	101.006646595319	100.985916877856	101.000078398687	100	99.9944511608101	100.006162321697	100.011785319839	101.38	101.356844018337	101.378958324448	101.379127335534	109.28	109.269881007202	109.284656606855	109.272696207433	136.87	136.885451374739	136.856939186645	136.870392392843	142.9	142.904015464632	142.88630568156	142.920313904809	112	112.003159989567	111.993011169598	111.995121968055	95.48	95.4717439647412	95.4802289711309	95.4690703980568	92	92.0122956592076	91.9793072337661	92.0021727047621	90.98	90.9890785429893	90.9727504936937	90.981537164436	83.13	83.1297189201883	83.1174510502899	83.1316998249343	85.2	85.198838329095	85.1965653985246	85.1900037260047	86.29	86.2816073324013	86.2823454137585	86.2915679241607	93.26	93.2600965761458	93.2664011578375	93.258815141527	110.01	110.015301978772	110.000531763395	110.02657337716	123.52	123.531124917799	123.515547827886	123.506162269397	153.35	153.346306625312	153.341045667903	153.351931713225	134.27	134.250946272799	134.274443097129	134.277590600805	121.73	121.72719606309	121.739115161956	121.712721668045	113.55	113.541261561678	113.545257626112	113.552098065131	107.25	107.247348231717	107.235020970068	107.243245030933
2025-03-01	98.36	98.36	98.36	98.36	78.2	78.2	78.2	78.2	80	80	80	80	79.99	79.99	79.99	79.99	78.01	78.01	78.01	78.01	70.75	70.75	70.75	70.75	79.32	79.32	79.32	79.32	83.49	83.49	83.49	83.49	82.92	82.92	82.92	82.92	65.4	65.4	65.4	65.4	76.51	76.51	76.51	76.51	62.82	62.82	62.82	62.82	50.19	50.19	50.19	50.19	51.66	51.66	51.66	51.66	42.09	42.09	42.09	42.09	38.31	38.31	38.31	38.31	59.76	59.76	59.76	59.76	78.01	78.01	78.01	78.01	70	70	70	70	74.8	74.8	74.8	74.8	80.36	80.36	80.36	80.36	78.01	78.01	78.01	78.01	79.16	79.16	79.16	79.16	70.1	70.1	70.1	70.1
2025-03-02	50.03	50.03	50.03	50.03	51	51	51	51	49.56	49.56	49.56	49.56	49.2	49.2	49.2	49.2	50.7	50.7	50.7	50.7	51.6	51.6	51.6	51.6	51.99	51.99	51.99	51.99	49.2	49.2	49.2	49.2	51.91	51.91	51.91	51.91	55.51	55.51	55.51	55.51	63.52	63.52	63.52	63.52	52	52	52	52	34.04	34.04	34.04	34.04	33.34	33.34	33.34	33.34	37.97	37.97	37.97	37.97	49.83	49.83	49.83	49.83	68.44	68.44	68.44	68.44	57.39	57.39	57.39	57.39	80	80	80	80	105.96	105.96	105.96	105.96	111.37	111.37	111.37	111.37	116.02	116.02	116.02	116.02	86.53	86.53	86.53	86.53	76	76	76	76
2025-03-03	89.99	89.99	89.99	89.99	97.74	97.74	97.74	97.74	99.19	99.19	99.19	99.19	99.99	99.99	99.99	99.99	99.99	99.99	99.99	99.99	94.85	94.85	94.85	94.85	98	98	98	98	104.59	104.59	104.59	104.59	119.32	119.32	119.32	119.32	109.99	109.99	109.99	109.99	104.33	104.33	104.33	104.33	91	91	91	91	87.98	87.98	87.98	87.98	81.22	81.22	81.22	81.22	71.91	71.91	71.91	71.91	89.99	89.99	89.99	89.99	99.5	99.5	99.5	99.5	101.13	101.13	101.13	101.13	111.03	111.03	111.03	111.03	135	135	135	135	147.59	147.59	147.59	147.59	121.92	121.92	121.92	121.92	102.02	102.02	102.02	102.02	93.41	93.41	93.41	93.41
2025-03-04	102.69	102.69	102.69	102.69	90.86	90.86	90.86	90.86	90	90	90	90	90	90	90	90	89	89	89	89	90	90	90	90	92.28	92.28	92.28	92.28	114.28	114.28	114.28	114.28	100.36	100.36	100.36	100.36	90	90	90	90	87.45	87.45	87.45	87.45	65.95	65.95	65.95	65.95	66.33	66.33	66.33	66.33	48.24	48.24	48.24	48.24	56.12	56.12	56.12	56.12	73.9	73.9	73.9	73.9	78.33	78.33	78.33	78.33	90.9	90.9	90.9	90.9	105.02	105.02	105.02	105.02	144.28	144.28	144.28	144.28	131.12	131.12	131.12	131.12	114	114	114	114	100.14	100.14	100.14	100.14	107.54	107.54	107.54	107.54
2025-03-05	90.69	90.69	90.69	90.69	90.69	90.69	90.69	90.69	87.94	87.94	87.94	87.94	85.19	85.19	85.19	85.19	89.47	89.47	89.47	89.47	90.69	90.69	90.69	90.69	92.03	92.03	92.03	92.03	109.14	109.14	109.14	109.14	99.69	99.69	99.69	99.69	95.13	95.13	95.13	95.13	74.14	74.14	74.14	74.14	75	75	75	75	55	55	55	55	54.19	54.19	54.19	54.19	55	55	55	55	58.53	58.53	58.53	58.53	77.15	77.15	77.15	77.15	88.93	88.93	88.93	88.93	89	89	89	89	107.2	107.2	107.2	107.2	108.2	108.2	108.2	108.2	99.65	99.65	99.65	99.65	94.06	94.06	94.06	94.06	80.46	80.46	80.46	80.46
2025-03-06	72.53	72.53	72.53	72.53	57.43	57.43	57.43	57.43	72.14	72.14	72.14	72.14	70.1	70.1	70.1	70.1	70.65	70.65	70.65	70.65	70.84	70.84	70.84	70.84	56.05	56.05	56.05	56.05	82.49	82.49	82.49	82.49	100	100	100	100	78.85	78.85	78.85	78.85	72.14	72.14	72.14	72.14	72.14	72.14	72.14	72.14	55.7	55.7	55.7	55.7	57.99	57.99	57.99	57.99	51.79	51.79	51.79	51.79	59.97	59.97	59.97	59.97	62.26	62.26	62.26	62.26	74.98	74.98	74.98	74.98	98	98	98	98	133.87	133.87	133.87	133.87	117.05	117.05	117.05	117.05	101	101	101	101	91.98	91.98	91.98	91.98	86.29	86.29	86.29	86.29
2025-03-07	77.33	77.33	77.33	77.33	64.69	64.69	64.69	64.69	58.93	58.93	58.93	58.93	53	53	53	53	53.91	53.91	53.91	53.91	53	53	53	53	26.47	26.47	26.47	26.47	73.81	73.81	73.81	73.81	74	74	74	74	52.27	52.27	52.27	52.27	58.4	58.4	58.4	58.4	35	35	35	35	23.47	23.47	23.47	23.47	12.7	12.7	12.7	12.7	24.21	24.21	24.21	24.21	24.68	24.68	24.68	24.68	33.45	33.45	33.45	33.45	36.89	36.89	36.89	36.89	43.33	43.33	43.33	43.33	51.9	51.9	51.9	51.9	55.57	55.57	55.57	55.57	57	57	57	57	53.37	53.37	53.37	53.37	43.84	43.84	43.84	43.84
2025-03-08	-0.45	-0.45	-0.45	-0.45	-1	-1	-1	-1	-10.62	-10.62	-10.62	-10.62	-10.62	-10.62	-10.62	-10.62	-10	-10	-10	-10	-4.9	-4.9	-4.9	-4.9	-7.19	-7.19	-7.19	-7.19	-0.19	-0.19	-0.19	-0.19	0	0	0	0	3.99	3.99	3.99	3.99	0.01	0.01	0.01	0.01	3.52	3.52	3.52	3.52	-0.1	-0.1	-0.1	-0.1	0	0	0	0	0	0	0	0	0	0	0	0	0	0	0	0	-0.01	-0.01	-0.01	-0.01	30.01	30.01	30.01	30.01	39.3	39.3	39.3	39.3	40.72	40.72	40.72	40.72	38.65	38.65	38.65	38.65	35	35	35	35	36.6	36.6	36.6	36.6
2025-03-09	28.32	28.32	28.32	28.32	26	26	26	26	27.01	27.01	27.01	27.01	18.84	18.84	18.84	18.84	11.7	11.7	11.7	11.7	17.42	17.42	17.42	17.42	22	22	22	22	28.36	28.36	28.36	28.36	26.3	26.3	26.3	26.3	17.71	17.71	17.71	17.71	7.79	7.79	7.79	7.79	9.13	9.13	9.13	9.13	8.21	8.21	8.21	8.21	5	5	5	5	3.52	3.52	3.52	3.52	15.66	15.66	15.66	15.66	32.01	32.01	32.01	32.01	43.69	43.69	43.69	43.69	87.34	87.34	87.34	87.34	124.8	124.8	124.8	124.8	122.66	122.66	122.66	122.66	109.96	109.96	109.96	109.96	98.81	98.81	98.81	98.81	84.76	84.76	84.76	84.76
2025-03-10	90.71	90.71	90.71	90.71	78.03	78.03	78.03	78.03	74.01	74.01	74.01	74.01	68.9	68.9	68.9	68.9	66.7	66.7	66.7	66.7	71.9	71.9	71.9	71.9	100.15	100.15	100.15	100.15	130.8	130.8	130.8	130.8	137.57	137.57	137.57	137.57	102.21	102.21	102.21	102.21	87.31	87.31	87.31	87.31	78	78	78	78	76.02	76.02	76.02	76.02	77.17	77.17	77.17	77.17	75.51	75.51	75.51	75.51	75.65	75.65	75.65	75.65	77.86	77.86	77.86	77.86	93.92	93.92	93.92	93.92	120.24	120.24	120.24	120.24	156.07	156.07	156.07	156.07	132.97	132.97	132.97	132.97	107	107	107	107	97.5	97.5	97.5	97.5	93.3	93.3	93.3	93.3
2025-03-11	72.8	72.8	72.8	72.8	65.1	65.1	65.1	65.1	63.47	63.47	63.47	63.47	61.36	61.36	61.36	61.36	63.36	63.36	63.36	63.36	70.92	70.92	70.92	70.92	81.41	81.41	81.41	81.41	105.3	105.3	105.3	105.3	124.16	124.16	124.16	124.16	93.93	93.93	93.93	93.93	77.22	77.22	77.22	77.22	68.94	68.94	68.94	68.94	73.05	73.05	73.05	73.05	68.87	68.87	68.87	68.87	64.1	64.1	64.1	64.1	64.1	64.1	64.1	64.1	64.1	64.1	64.1	64.1	71.95	71.95	71.95	71.95	107.5	107.5	107.5	107.5	158.15	158.15	158.15	158.15	134.04	134.04	134.04	134.04	116	116	116	116	108.59	108.59	108.59	108.59	100.95	100.95	100.95	100.95
2025-03-12	96.87	96.87	96.87	96.87	87.9	87.9	87.9	87.9	80.16	80.16	80.16	80.16	70	70	70	70	66	66	66	66	71.01	71.01	71.01	71.01	84.56	84.56	84.56	84.56	103.08	103.08	103.08	103.08	104.44	104.44	104.44	104.44	75.43	75.43	75.43	75.43	61.1	61.1	61.1	61.1	70	70	70	70	60.4	60.4	60.4	60.4	60.01	60.01	60.01	60.01	50	50	50	50	54.89	54.89	54.89	54.89	50	50	50	50	93	93	93	93	125.26	125.26	125.26	125.26	175.82	175.82	175.82	175.82	145.37	145.37	145.37	145.37	130.68	130.68	130.68	130.68	115.23	115.23	115.23	115.23	104.2	104.2	104.2	104.2
2025-03-13	107.98	107.98	107.98	107.98	103.45	103.45	103.45	103.45	101.83	101.83	101.83	101.83	97.8	97.8	97.8	97.8	96.8	96.8	96.8	96.8	95	95	95	95	104.26	104.26	104.26	104.26	152.28	152.28	152.28	152.28	156.91	156.91	156.91	156.91	137.01	137.01	137.01	137.01	105.08	105.08	105.08	105.08	97.66	97.66	97.66	97.66	90	90	90	90	82.43	82.43	82.43	82.43	74.61	74.61	74.61	74.61	65.48	65.48	65.48	65.48	72.38	72.38	72.38	72.38	77.63	77.63	77.63	77.63	94.41	94.41	94.41	94.41	155.26	155.26	155.26	155.26	146.8	146.8	146.8	146.8	120.51	120.51	120.51	120.51	94.49	94.49	94.49	94.49	76.9	76.9	76.9	76.9
2025-03-14	49.75	49.75	49.75	49.75	31.2	31.2	31.2	31.2	35.1	35.1	35.1	35.1	35.01	35.01	35.01	35.01	29.06	29.06	29.06	29.06	20	20	20	20	63	63	63	63	96.78	96.78	96.78	96.78	96.8	96.8	96.8	96.8	83.1	83.1	83.1	83.1	68	68	68	68	75	75	75	75	52.19	52.19	52.19	52.19	60	60	60	60	55.76	55.76	55.76	55.76	55	55	55	55	38.7	38.7	38.7	38.7	62	62	62	62	90	90	90	90	138.35	138.35	138.35	138.35	129.81	129.81	129.81	129.81	112.92	112.92	112.92	112.92	104.34	104.34	104.34	104.34	96.54	96.54	96.54	96.54
2025-03-15	65	65	65	65	56.79	56.79	56.79	56.79	46	46	46	46	40	40	40	40	40	40	40	40	40	40	40	40	40	40	40	40	51	51	51	51	34.22	34.22	34.22	34.22	0.25	0.25	0.25	0.25	0	0	0	0	0	0	0	0	0	0	0	0	0	0	0	0	0.01	0.01	0.01	0.01	0.03	0.03	0.03	0.03	0.65	0.65	0.65	0.65	3.37	3.37	3.37	3.37	73	73	73	73	127	127	127	127	117	117	117	117	104	104	104	104	103.02	103.02	103.02	103.02	95.25	95.25	95.25	95.25
2025-03-16	64	64	64	64	35	35	35	35	30.5	30.5	30.5	30.5	30.5	30.5	30.5	30.5	31.51	31.51	31.51	31.51	32.5	32.5	32.5	32.5	42.85	42.85	42.85	42.85	63	63	63	63	30.5	30.5	30.5	30.5	40.5	40.5	40.5	40.5	29.6	29.6	29.6	29.6	16.04	16.04	16.04	16.04	18	18	18	18	11.49	11.49	11.49	11.49	14.2	14.2	14.2	14.2	26.89	26.89	26.89	26.89	25.5	25.5	25.5	25.5	46	46	46	46	82.9	82.9	82.9	82.9	140	140	140	140	129.51	129.51	129.51	129.51	111.31	111.31	111.31	111.31	107.05	107.05	107.05	107.05	92.41	92.41	92.41	92.41
2025-03-17	51.01	51.01	51.01	51.01	61.26	61.26	61.26	61.26	64.66	64.66	64.66	64.66	61.26	61.26	61.26	61.26	61.26	61.26	61.26	61.26	44.63	44.63	44.63	44.63	40.03	40.03	40.03	40.03	122.71	122.71	122.71	122.71	123.31	123.31	123.31	123.31	90	90	90	90	74.3	74.3	74.3	74.3	67.47	67.47	67.47	67.47	56	56	56	56	50	50	50	50	51.2	51.2	51.2	51.2	62.89	62.89	62.89	62.89	67	67	67	67	82.29	82.29	82.29	82.29	108.57	108.57	108.57	108.57	165	165	165	165	134.09	134.09	134.09	134.09	105.96	105.96	105.96	105.96	102.18	102.18	102.18	102.18	75.85	75.85	75.85	75.85
2025-03-18	35.76	35.76	35.76	35.76	40.3	40.3	40.3	40.3	64.5	64.5	64.5	64.5	71.13	71.13	71.13	71.13	61.17	61.17	61.17	61.17	30	30	30	30	68	68	68	68	94.15	94.15	94.15	94.15	100	100	100	100	69.32	69.32	69.32	69.32	26.13	26.13	26.13	26.13	25.34	25.34	25.34	25.34	21.66	21.66	21.66	21.66	13.44	13.44	13.44	13.44	9.04	9.04	9.04	9.04	21	21	21	21	33	33	33	33	41.89	41.89	41.89	41.89	72	72	72	72	145	145	145	145	122	122	122	122	96.6	96.6	96.6	96.6	90.95	90.95	90.95	90.95	79.43	79.43	79.43	79.43
2025-03-19	54.68	55	54.68	28.27	24.41	21.9	21.9	21.9	21.9	21.9	24.42	24.42	19.51	19.51	19.5	19.5	19.5	19.5	19.5	19.5	12.6	12.6	11.1	11.1	11.1	11.1	11.1	11.1	19.5	19.5	18	12.6	47.87	21.9	12.6	9.5	9.69	6.2	0	0	3	0	-0.45	-5.06	3.52	0	-4.35	-8.02	-0.22	-5	-5	-5	-5	-5	-5	-5	-10	-5.85	-1	0	-0.01	0	0	0	0	0	0.1	0.6	-3	-1.9	0.06	9.1	0	6.9	12.6	19.5	42.18	47.18	47.18	47.18	72.07	64.42	64.42	62.23	48.76	48.76	48.76	37.02	19.5	19.5	15.2	15.2	16.09	13.59	12.6	12.6
2025-03-20	7.89	1	0	0	-1.2	-6	-6	-7	-1.01	-1.1	-2	-3.14	-1.1	-1.1	-2	-2	-1.1	-1.1	-1.1	-1.1	-5	-3.14	-1.43	-1.1	-10	-7	-1.2	-1.1	12.6	14	14	14	18.5	5	0.4	0	0	0	-1	-3	0	0	-1	-3	0	0	-0.95	-3.24	0	-0.24	-1.1	-1.1	-1.85	-1	-0.45	-0.45	-5.93	-0.45	-0.45	-0.45	0	0	0	0	0	2.47	5	15.47	0	1	10	40	17.18	62.96	67.4	72.96	96.68	98.6	106.6	106.6	94	88.54	84.37	64.48	63.99	57.59	47.99	28.44	38.21	32.73	44.71	36.21	34.34	16.09	4.34	12.66
2025-03-21	-1	-1	-1	-4.24	0	0	0	-1	1.84	0.24	0	-1	-0.45	-1	-1	-1	-0.45	-0.45	-0.45	-1	-0.45	0	-0.45	-0.45	-1	-0.45	-0.45	-0.45	0	15	5.36	-0.01	40	21.1	0.1	-1	28.32	14	3.52	0	3.52	3.52	3.52	3.52	3.52	3.52	3.52	1.06	3.52	3.52	3.52	3.52	3.52	3.52	3.52	0.65	0.65	1.06	3.52	3.52	0.65	3.52	3.52	3.52	3.52	3.52	3.52	3.52	0	3.52	6.69	23.52	3.4	5.5	9.5	15	30	33	40.5	44.99	64.5	62.76	62.37	55.6	57.89	55.6	52.8	40.01	25.42	26.92	26.42	25.41	13.2	13	12.5	11
2025-03-22	3.52	3.52	3.52	3.52	3.52	3.52	3.52	3.52	1.26	1.06	1.05	1.01	0.55	0.55	0.55	0.55	0.55	3.15	2.38	2.72	1.5	3.52	3.52	3.52	3.52	3.52	3.52	3.52	3.52	3.52	3.52	3.52	3.52	3.52	1.06	0	3.52	3.52	0.5	0	0	0	0	-1	0	-1	-2.2	-3	-3	-3.8	-3	-3	-3	-3	-3	-3	-3	-3	-3	-3	-1	-0.75	-0.01	0	-5	-4.8	-4.6	-4	-2.45	-1.35	0	3.52	-7	-5	5.7	16	25.4	34.5	37.5	45	81.01	76	71.31	65.89	67.15	56.05	56	44.8	59.97	48.9	68.59	48.9	40.01	39.01	37.01	37.01
2025-03-23	48.24	48	35.21	30.5	30.5	25.51	23.55	18.08	13.97	14.97	14.97	20.07	30	22.86	13.92	9.98	24.82	23.2	23.2	23.2	25.77	20.4	24.24	9.61	9.1	9.1	9.1	9.1	5	4.5	-0.01	-1	12	0	-4.24	-7	3.52	3.52	3.52	0	3.52	3.52	1.5	0	1.5	0.65	0.65	0.65	0	0	0	0	0.65	0.65	0.65	0.51	0.65	0.6	0	0	0	0	0	0	0	0.01	0.65	3.52	-10	-5	-1.08	0	0	19.75	35.02	44.06	97	105.02	108.01	108	137	125.92	122.94	113.33	122	109	105.5	95	95	93.84	93.84	90.86	58.11	55.11	53.11	53.11
2025-03-24	10.3	14.02	10.3	10.31	10.3	16.2	16.2	10.3	16.2	16.2	13	10.3	15.86	16.96	17.55	18.96	16.87	18.87	18.87	18.87	22	24.99	24.99	24.99	16.2	35.38	41.38	61	125.01	125.01	121.51	105.2	98.5	62.01	42.93	27.43	51.19	75.18	30.69	30.69	21.56	14.22	11.69	8.42	4.31	3.65	3.52	4.31	3.52	3.52	3.52	3.52	5.76	7	7	7.44	13.52	13.52	13.52	13.52	14	15.1	15.1	15.1	20.5	21.48	28.83	31.77	20.79	29.29	35.02	41.07	40.99	59.98	80.12	105.16	181.36	182.09	188.15	183	181.22	166.7	160.3	148.67	144.9	132.95	121.96	115.96	117.05	110.15	118.71	117.69	107.07	102.9	103.35	93.26
2025-03-25	88.18	88.05	90.03	74.98	35.76	30.23	30.23	30.23	13.63	13.63	14	14	14.2	14.2	14.64	20.31	14	14.73	17.7	19.88	20.55	20.87	20.55	19.87	42.88	75.25	96.11	105.75	129.85	139.35	139.6	124.76	137.93	114.87	34.82	0	29.2	5.76	0.96	0	-0.5	-0.1	0	-0.1	0	0	0	0	-0.1	-0.1	0	0.01	0.1	0.16	0.25	0.65	0.57	0.6	0.42	0.63	1.54	1.54	1.03	1.03	0.65	0	0	1.1	2.19	4.2	12.8	20.55	50	60	65	113.2	155.9	155.9	157.49	154	150	144.84	143.84	143.84	125.4	120.4	117.07	108.4	99.25	95	106.72	105.28	111.11	99.01	100	93
2025-03-26	97.39	97.39	77.4	90	90.51	90.51	80	70.2	65.96	65.85	65.85	50.01	49.8	50.01	49.8	33.17	12.08	11.08	11.08	11.08	17.19	17.19	17.19	17.19	17.08	17.08	59.99	70.5	104.11	105.37	99.62	75.01	81.7	57.08	5.44	-2	10.75	3.52	0.65	0	0	0	0	0	0	0	-0.08	-0.08	-0.45	-0.45	-0.45	-0.45	-0.45	-0.45	-0.45	-0.45	-0.1	-0.1	-0.1	-0.1	0	0	0	0	0	0	0	0	0	0.15	3.52	3.52	0	0	22	49.98	85.01	90.01	112.22	114.22	130.18	124.22	117.16	103.5	98.84	92.93	93	90	87.34	87.33	90.01	90.01	52.68	49.68	49.68	49.68
2025-03-27	0	1	1	1	0	0	0	0	-1.54	-1.54	-0.19	-1.54	-2.2	-2	-1.8	-1.54	-1.8	-1.54	-1.54	-1	-4	-4	-2.2	-1.54	0.66	0	50.07	55.91	117.04	106.28	85.03	60.53	99	69	0	-1	0.4	0	-2.48	-5	-0.62	-1	-1.54	-1.54	0	0	0	0	-0.01	-0.01	-0.01	-0.01	-1	-1	-1	-1	0	0	0	0	0	0	0	0	0	0	0	0	0	0	0.65	0.72	-3	-2.2	0	53.31	139.2	144.22	155	150	160.57	144.21	130.81	120.93	122.75	118.67	113.7	99.05	103.1	103.1	105.9	101.1	83.88	82.2	80.21	80.3
2025-03-28	31.41	30.4	21.4	18	17.01	16	21.5	19	14.41	30.2	24.71	21.61	30.2	30.2	30.2	23.9	20.8	20.81	20.8	24.21	19.5	14.75	14.75	14.75	21.4	18	49.2	49.2	96.69	73.86	56.9	18	45.08	17.06	-4.24	-5	14	5	3.52	0.65	0.01	0	0	0	-0.1	-0.5	-0.62	-0.5	-1	-1	-1	-1	-1	-1	-1	-1	-1	-1	-1	-1	-2.62	-2.62	-2.62	-2.62	-1	-1	-1	-1	-0.1	0	0	0.65	-1	-1	5.28	41.76	32	51	60	71.84	90	77.36	80.36	76	62.83	54.43	60.47	48.53	41	35	35.01	30.01	10.81	9.8	9.8	10.8
2025-03-29	0	3.52	3.52	0	7.53	3.52	3.52	0.3	3.52	2.95	2.21	0	1.9	1.9	1.9	1.9	2.21	2.48	2.56	2.56	2.56	2.8	2.8	2.8	4	4	4	5	5.6	4.65	3.52	0	3.52	0	-0.01	-4.62	-0.66	-1	-1	-1.01	-2	-2	-2	-2	-1.54	-1.54	-1.54	-1.54	-2.5	-3.96	-4.5	-4.5	-4.62	-4.5	-4.5	-4.5	-4.7	-4.7	-5.21	-5.21	-4.7	-4.7	-5	-5	-5.21	-5.21	-5.21	-5.21	-4	-2.5	-2	-1.54	-0.5	0	3.52	3.52	1.13	5.63	11.03	11.13	17.66	17.66	17.66	17.66	16.08	15	13.08	9.02	6.12	5	4.13	4	0.5	0.5	0.5	0.5
2025-03-30	-1.2	-1.01	-2	-5	-0.01	-1	-1	-1.2	-0.01	-1	-1	-1.2	-1.2	-1.2	-2.45	-4.42	0	0	-1	-1.2	0	0	-0.41	-1	0.65	0.65	0.65	0.6	0.65	0.65	0.65	0.65	3.11	0.65	0	-1	0	0	-1	-4	-1.54	-1.54	-3	-4.97	-5	-6	-6.58	-10.06	-15	-15.01	-15.6	-16	-15	-15	-20	-21.44	-16	-16	-20	-16	-10.91	-10.91	-10	-10	-11.43	-10	-8	-7	-14	-11.08	-8.7	-8.7	-5	-2.2	-1.54	-1.54	-1	0	3.52	3.52	0.01	18.64	25.49	30.46	40.51	40.51	39.01	32.19	30	22.41	20.63	20.13	5	0	0	0
2025-03-31	3.52	3.52	0.65	0.65	3.52	3.52	3.52	3.52	3.52	3.52	3.52	3.52	0.65	0.65	0.65	1.06	0	0.65	0.66	3.52	1.5	3.52	3.52	3.52	-0.4	-2.37	-1	1.1	80.5	81.75	87.92	90.03	101.55	100.08	82.54	52.82	20	10.15	4.31	0	0.16	0	0	0	0	0	0	-0.11	-0.11	-0.2	-0.05	-0.1	-0.2	-0.1	-0.21	-0.21	-0.02	-0.02	-0.03	0	-0.5	-0.21	-0.5	-0.5	-3	-2	-1	-1	-5.09	-3	-0.5	-0.2	-4.3	-0.9	4.2	10	5	34.59	65	90	141	152.8	161.12	158.78	205.24	202.25	205.24	197.27	116.86	114.85	111.99	110.26	100.01	91.63	92.38	87.42
2025-04-01	79.3	79.2947617070286	79.3167027679341	79.3239998212415	57.3	57.3007397018961	57.3072574729067	57.3006575787353	54.53	54.5212532299365	54.5307800179738	54.5281840314697	47.4	47.3955911889603	47.4137505841663	47.3961908595788	48	47.994757502169	48.0182571814728	48.0107413174447	56.7	56.7130910269315	56.6888173332342	56.7103689340336	51.57	51.5632942467406	51.5904749833701	51.571618707242	126.3	126.314311588316	126.306489021905	126.302946563259	173.36	173.351786387945	173.36216263869	173.342558674591	105.68	105.697914838317	105.690097322909	105.681380260518	57.15	57.143401843138	57.1383725886051	57.1679352361834	10.2	10.1870740342831	10.183689877519	10.2015892585473	0	-0.0162167823710068	0.0120416198010264	0.0102378128090718	5.5	5.49974990920612	5.50275703842898	5.48882319712593	0.19	0.185605470201138	0.166712975720245	0.195284687680659	0	-0.0145307286827419	0.0127754572001187	-0.00123573289589396	0	0.0048003370461659	0.000982320948911663	-0.00550181984330318	5.49	5.48519612895967	5.48914327165571	5.48873047894244	4.37	4.37513958262612	4.35594318797069	4.36019714379329	36.02	36.0114110103572	36.0042549262843	36.0310023530513	99.96	99.9760122597302	99.9612717776593	99.9505936017695	118.42	118.419489450718	118.413531306075	118.416474353998	89.2	89.2031007655528	89.1959005429936	89.185687436132	68.36	68.3647476402916	68.3697716556775	68.3581074584508
2025-04-02	51.89	51.8950217727106	51.8910563307184	51.8806980339869	36.34	36.3426078434422	36.3336572795534	36.3388552835249	37.05	37.0592361522052	37.066850812091	37.0682580659965	28	28.0181028434494	28.0072501566916	27.9822102462482	18	18.0034008235995	18.0075219473462	17.9793242246122	20.3	20.3061231223494	20.3008939380866	20.3236568279696	29.37	29.3686095106431	29.3698006033078	29.3576182487497	79.08	79.1042846623616	79.0902586496393	79.0627775664518	155	154.996175836767	155.01100366218	154.999755373705	92.76	92.7376718915827	92.7662927391505	92.7527052653966	49.46	49.4478154516705	49.4665071988694	49.4609757404869	9	9.01311983770908	8.99590234311949	9.00500653878246	-0.5	-0.50171391384745	-0.498735732111051	-0.492603971439651	0	0.000610753495101	0.00382674241019692	-0.0069723795210017	0	-0.00124000111060054	-0.00871669943135722	-0.0101533753822975	0	-0.00459457910102879	0.000894572392525137	0.00709307057310748	0	0.00475329180257765	-0.00201730061295845	-0.00568048808860434	-2	-1.982233316619	-1.99461366628971	-2.001438021025	1.95	1.94251654219597	1.95637372276492	1.94419453726314	22.97	22.9691248124169	22.9601666503229	22.9795110962948	64.19	64.1852459320595	64.1897674847725	64.2012761099812	67.41	67.4183042271249	67.4019476042287	67.4174126091917	45.22	45.2288484131183	45.2190022976844	45.223678076272	45	45.0155289592523	45.0011006329288	44.9999049142446
2025-04-03	0.65	0.638321186003047	0.657588846179842	0.638620780270394	4.01	4.01023835370112	3.99447351863594	4.02026909308458	5	5.00718573418155	5.00645791499023	4.99037618784437	4.07	4.06099491239763	4.07512871057042	4.07273952796133	0.77	0.763990486235079	0.774847001175716	0.770861057851987	0	0.0110776908371919	-0.00528331459019352	0.00488199123376145	0	0.00378544292434018	-0.0195836665673882	0.00484948212174131	20.18	20.1880688509737	20.1807082947887	20.1750706849936	66	66.0106427080556	65.9823228320606	66.0115872871603	57.16	57.1659159367637	57.1723406198862	57.1614522611138	35	34.9998461793202	34.9979392757903	34.9896112025731	23.5	23.4842840599334	23.519620447717	23.4790343139597	8.92	8.9145902140562	8.92139985954938	8.91480595727708	3.52	3.5285016893343	3.5133265305472	3.52989824763268	3.52	3.51501357506718	3.51834935346751	3.53148311084502	3.52	3.53582966222955	3.50533423462352	3.51571108732458	0.26	0.246873741242947	0.243709150886188	0.254538568174272	14.99	14.9854144009438	15.0079314354642	14.9948175208431	5.06	5.07490510103395	5.05816648342789	5.06046290438819	25.01	25.0062925168786	25.0041132198628	25.0097081580414	85	85.0009648417732	84.9896665290461	85.0044798105756	80.95	80.9532547691615	80.9407607342471	80.9422377077458	55.89	55.8883028144889	55.8956772751415	55.8713221439451	15.1	15.0907802291238	15.1036508640564	15.1075030195783
2025-04-04	18.9	18.8983943920979	18.9036472437869	18.905857453492	3.52	3.53151624371745	3.52137124532489	3.5164559048128	3.52	3.52988502707669	3.50957221860149	3.51637200177758	3.52	3.52281591778614	3.50880734875543	3.52811154160271	3.52	3.53190783305066	3.53014646640268	3.51763034298772	3.52	3.51252338987896	3.5130113235562	3.50023665000688	9.7	9.71228680444093	9.69830867954023	9.70475948488537	50	50.0106060174214	49.9922916481895	50.0085398543941	101.91	101.917067317403	101.904516626398	101.90799747493	50	49.9964511667515	49.9918833259582	50.0131527883762	27.9	27.9066716508319	27.8966552931061	27.8897526373382	14	13.9899164733818	14.0010544647142	14.001605836537	3.52	3.51032837365603	3.52103260414822	3.52711290397413	1.21	1.20283215033806	1.21940163936167	1.22243856157806	0	0.00587544071895966	0.00707609570806753	0.000341202351966117	0.65	0.658036510190858	0.649595589959408	0.647664149385157	0	-0.00632783165933259	0.00870851801663477	0.00663844055089567	3.52	3.50183259685475	3.51741985830361	3.53425148455841	0.65	0.659771526116948	0.648119950115751	0.64790391283081	0.66	0.681425438172461	0.667409319912124	0.652642963421067	29.01	29.0079524978419	29.0221076916519	29.0046162789384	75.03	75.0179908992944	75.0487480738401	75.0197280644199	45	45.0103437095446	45.0078609302526	44.9978274758914	26.76	26.7618397962168	26.7567325067954	26.756816342503
2025-04-05	38.9	38.8994280679255	38.889340632291	38.9026253047264	19.98	19.9851697740897	19.9668537313295	19.9927584245479	22	21.9918378087398	22.0181364138272	21.9971670462326	22.49	22.4760145090658	22.5017739525101	22.5067359150689	17.4	17.3841365299423	17.396899091177	17.3962865158891	27.9	27.8921709804694	27.9083209274516	27.9008059405893	30.73	30.7370183420524	30.7393023085804	30.7248353142815	17.3	17.2923824574382	17.3022343194527	17.2916725459884	32.19	32.1735282401371	32.196303914553	32.1765154568636	38.9	38.8895721428084	38.9016728179784	38.9091628950544	21.1	21.1138552264212	21.1041599379549	21.1073110688604	3.52	3.52091205627423	3.51161235594767	3.52161028695239	-2.5	-2.5252790575112	-2.50600474816422	-2.49758672948153	-0.2	-0.213055676188153	-0.190455883541444	-0.19780828357187	-0.5	-0.497742885787938	-0.515908962913813	-0.501739867688124	-2.2	-2.20107246122784	-2.17792537211733	-2.19426074398722	-5	-4.99864975195512	-4.99432674225277	-4.99562297140033	-10	-9.99852234552615	-10.0030519370332	-10.0036634007504	4.31	4.28520525994155	4.31148273240479	4.28768202754595	18	17.9985011319251	17.9863465559961	18.0059147652051	92.61	92.6202495401327	92.6090810510319	92.5951249389715	105.61	105.607745441544	105.595703839412	105.616344358635	83.99	83.9946192139777	83.9892108774073	83.9831336515459	77.09	77.0906512820761	77.0760977060711	77.100218697252
2025-04-06	67.99	67.987164083905	68.0072270855808	67.9953920524689	51.17	51.1789397665511	51.1676600120583	51.1550622322088	40.9	40.8950159016454	40.9059745122446	40.9018963103279	13.5	13.5033231332548	13.5217002014017	13.5073533248313	25.9	25.90106382011	25.9085721305377	25.8821479880387	28.01	28.0099727956813	28.0159287379251	28.0046080938777	6.51	6.49537337445499	6.50087482195837	6.52222428250527	5.5	5.49906056934914	5.5068798934128	5.49011288621763	37.56	37.5695321826211	37.5535638921988	37.5546461086619	10.05	10.0481948832301	10.0578090390168	10.0535918986123	4.31	4.31605468686626	4.29904486457486	4.309217940872	-0.2	-0.195446664049053	-0.203134369758168	-0.198945045694321	-0.77	-0.786059355956379	-0.7771426227024	-0.762907917235811	-0.5	-0.516026833390782	-0.503857377520517	-0.490949727694776	-0.01	-0.000362044485363186	-0.0108240896360649	-0.0239656131472485	0	-0.00171705574929314	0.0204031984135063	0.00145226029243593	0	0.00516499785019053	-0.00176964655845805	-0.0170077714500284	-4	-3.99584783450507	-3.98709253899973	-3.98781397218425	2.56	2.58354474553164	2.55864344784208	2.55810172735792	4.31	4.30998728720016	4.31634239257347	4.32064768509314	67.5	67.4911216572041	67.5178594124773	67.5095418645462	80.02	80.0051686581011	80.0194112061348	80.0171722613019	67.11	67.0987846858421	67.098739395006	67.1165740385492	66.38	66.3934548873508	66.3907898957448	66.3874278622556
2025-04-07	13.37	13.3502675638253	13.3667696166908	13.372159337325	22.9	22.8941980328604	22.8819610773808	22.8911631389058	11	11.0053493635398	11.0081250960976	10.9844705849315	17.37	17.3632463495834	17.3470423102951	17.3754945739777	14.74	14.746878301884	14.7516373243425	14.7386211916261	30.72	30.7169966658474	30.7208156300797	30.7389591180387	11.9	11.8930515420454	11.8995938635465	11.9194101089926	97.55	97.5361783665863	97.5541949785218	97.5520115293695	138.45	138.472481096621	138.450321674158	138.458570844028	69.98	69.9608068021689	69.993974531276	69.9695171266146	24.43	24.4251468612355	24.431742160284	24.4423347294313	13.51	13.5096544030579	13.5073693622158	13.5057162091301	4.31	4.30719099360152	4.31911489585373	4.31990186906969	1	0.997626404612776	1.01718116397974	0.99784701205103	-3.2	-3.19511728390788	-3.20160777202842	-3.19788085341368	-0.02	-0.0103880941757426	-0.015055245384537	-0.0203314804922432	0.65	0.651002289501146	0.645031784856694	0.663411907515512	4.31	4.3127547370104	4.30915983329865	4.32208355207769	6	6.00686484610969	6.0086022578144	6.00643484393726	10.1	10.099413083224	10.0902026167243	10.0860524714659	140	139.985677103874	139.980562102014	140.00940767061	175.01	175.024427786192	175.00908985126	175.016547485323	118.34	118.343081087959	118.344061573177	118.345223207813	99	98.9961264596014	99.0011522016715	99.0132838164299
2025-04-08	66.4	66.3919283127394	66.4037062601037	66.3923643025969	72.9	72.8852691880544	72.9136370083156	72.8892145552402	76.6	76.5953651405108	76.6236619242271	76.588655170815	60.15	60.1354251719047	60.1618307232836	60.1462406936369	52.72	52.7285128087749	52.7330568276876	52.7243289219618	50.22	50.2131109033283	50.2334423112085	50.2281980281692	60.5	60.4954231996558	60.5065401554854	60.5182963265561	88.99	88.995950917874	88.9716981530158	88.9819533084696	127.09	127.090618245023	127.082512981246	127.075283147534	58	57.9893151290683	57.9965869752336	58.0037143066306	7.68	7.66723132681295	7.66350254963372	7.67384728462534	-1.54	-1.51574296304337	-1.54463607544212	-1.54869696377901	-0.5	-0.483819214644149	-0.506265362375276	-0.479245858672517	-4.14	-4.12843703361266	-4.14288388503566	-4.16411027442165	-1.01	-1.01999660580121	-1.01849333634784	-1.00061421528994	-5	-4.99746459258494	-4.99720336384263	-4.98859398171527	-0.66	-0.678499088599595	-0.6475004938649	-0.664719279723505	-0.62	-0.617234104359642	-0.622301727946855	-0.609401525173013	-0.99	-0.998260008857701	-1.0094548960834	-0.988087103951895	0	0.0141576775736931	-0.00787240725349884	-0.00268317112833696	88.92	88.9125556074189	88.9219580955454	88.9258361718298	123.49	123.485919997958	123.502333812474	123.483263590263	82.95	82.9588019963483	82.9383154520504	82.942973477805	69.23	69.2176750020958	69.2394785005084	69.2396444142187
2025-04-09	60.13	60.1145737853811	60.1242051442562	60.1141305300418	46.59	46.5926275293607	46.593407114616	46.5784965644219	28.68	28.6695472087251	28.6739076030284	28.684696106311	54.06	54.0524594635027	54.0740408186964	54.0580278492953	31.13	31.1294786777229	31.1304667878319	31.1295183239595	31	30.9901564327439	31.0148331823607	31.0107045824737	17.87	17.8536705693204	17.870289183836	17.882300876494	81.14	81.1219996293525	81.148505146285	81.1406508232488	119.94	119.929185409483	119.941123787896	119.944263052521	82.44	82.4321723711502	82.4429694698134	82.420317033802	59.2	59.2013314786314	59.2034231288969	59.1874874531818	37.2	37.1984646134644	37.1874617470089	37.2065159318082	3.52	3.49853144249951	3.51627982425366	3.51003398131002	3.52	3.51365545820629	3.51952929631214	3.52935635627571	0.65	0.658038566791116	0.649732774492907	0.642723081006875	0.11	0.0964971378988539	0.122465566388909	0.125470533933699	0.98	0.99509619620939	0.984397726485282	0.977619146193484	0	-0.0176112136932802	-0.0131780290553823	-0.00285311218434939	0.65	0.652004495642108	0.647941695380731	0.672105761609341	19	19.0017706538119	18.990379550231	19.0042370596185	70.89	70.8883114237218	70.893377883432	70.8978357052692	94	93.9962290319498	94.0063716777678	93.9969291584035	63	62.9932556875549	63.003331903568	63.0150000480959	51.64	51.6362383378905	51.6310829398601	51.6430865396633
2025-04-10	8.53	8.52387969437201	8.52348235935741	8.53555894677956	16.2	16.2156307608168	16.2016897945919	16.2027972300581	6.46	6.47359082355728	6.46124505531959	6.47124973093988	6.39	6.37780215787651	6.40479482111088	6.37714578264597	7.62	7.61633768684888	7.62994584301564	7.60970690998161	7.46	7.46195056874845	7.46342131687343	7.46937771458675	20	19.999048003875	20.0113803673953	19.9978335191184	6.39	6.39862656639607	6.40256110723985	6.37033644319719	51.17	51.1737810285591	51.1637182407982	51.1708172306141	0.2	0.201103835524459	0.186819163748451	0.202390403408692	0.01	0.0224382612540569	0.00636658215417577	0.00931246564042014	0.65	0.638646433021401	0.648490898119625	0.652754674818408	-3	-3.00224800552121	-2.99081572872416	-3.00491448920668	-5	-5.02344909101562	-5.02129947361841	-4.98624337666285	0	0.00422521731447701	0.00514139389536528	-0.015125817378451	0	-0.00715978284832801	0.00021706196943513	0.00754723024711373	-3	-3.00794450354134	-2.99317988514114	-2.98639759860125	-0.62	-0.612701056882087	-0.606435412323965	-0.615241607957993	0	-0.0172414792720155	-0.00128788474195187	-0.0059249411811761	14.8	14.8080411417834	14.8012384972197	14.7945565170874	33.04	33.0492201429535	33.0347194131171	33.0381487280523	55.9	55.9060192300817	55.8944658342477	55.9038788022287	48.3	48.3099296034112	48.2977904173294	48.3159398975066	30.78	30.7731165839263	30.7666829379374	30.7938910183457
2025-04-11	30.12	30.1207378934455	30.1173258903491	30.1024622323419	18	17.9933936571733	17.9917878651679	17.9872985894474	11.99	11.9970853045067	11.9921487996561	12.002079530777	13	13.0063596169185	13.0026523049617	12.9997011731499	12.52	12.535562460157	12.5272944948861	12.5260651034187	14.01	14.00632876476	14.0224629151695	14.0241271375599	33.26	33.2715726698015	33.2678059912552	33.2587886077054	65.23	65.2475987445129	65.2156266241482	65.2423917212147	90.98	90.9798142324306	90.9751867210403	90.9765972621096	86.5	86.4968056017158	86.5008375845549	86.50996548098	46.51	46.5094669831611	46.5120890767735	46.5123156262017	28.52	28.5116694440077	28.5274907996904	28.5269368875523	3.54	3.53680363703359	3.55044839574441	3.54607873264161	3.52	3.52090406690752	3.53188562424633	3.53102672796027	0	0.00222291480508297	0.0144860254580908	0.000703023865127331	0	0.00866612099334163	-0.0117724600596312	-0.0282133361864444	0	0.00743055797494212	-0.0120701845198494	0.0105507031056321	5	4.99938055684124	4.99152453446074	5.01088716072088	3.3	3.29988366119106	3.29509599040679	3.3213452637541	6.32	6.33790978910061	6.33160263683844	6.33011999590317	46.68	46.6810780354637	46.6736398560624	46.6818154615182	65.23	65.226302738894	65.2256151482974	65.2434463037109	45	45.0134201777507	44.9966508478728	44.997659413798	34	34.0016001397441	34.0158904428369	33.9869568694172
2025-04-12	26.6	26.5899672284232	26.6023353650819	26.60840543044	35.02	35.0240361594141	35.0131528647456	35.0241683524935	33.02	33.0289167259126	33.0067498286023	33.0057984826013	38.03	38.0322759241823	38.0180497771725	38.0233939967939	24.72	24.7165694772601	24.7310867353161	24.7224755132151	29.01	29.0007574133672	28.998255073498	29.0219584788628	34.75	34.7685289769196	34.7571131320893	34.7624459524573	18.74	18.7393575006957	18.7429635216223	18.7453882667173	46.42	46.4321245534693	46.4244893683456	46.415540546259	62.94	62.9191241724647	62.9212814905901	62.9372832353968	48.21	48.2065404555735	48.2003747943195	48.2200604781858	34.21	34.2142369894767	34.2117532076251	34.2283866529695	28.52	28.5179178952663	28.5146618354017	28.5262761076286	9.3	9.30023704338759	9.29904253068878	9.28603129846997	4.31	4.32415874001892	4.30929900493653	4.31575608400587	3.52	3.53493596550763	3.50351928500443	3.53581177719443	0.6	0.593812297787708	0.597856418786933	0.59929448098179	8.08	8.09244227648192	8.08606455815296	8.0805869771543	10.43	10.428362886436	10.4361153958936	10.4416011459064	16.99	16.9869148493399	16.9943558487542	16.9855870567879	49.87	49.8680567087511	49.8579423417976	49.8723495685015	87.73	87.720132069353	87.718230455759	87.7267703757384	65.44	65.4338934927282	65.4588933659465	65.4400208817487	51.09	51.079122898158	51.0740025978359	51.0867701428521
2025-04-13	29.75	29.7529315005103	29.7649766821046	29.7571788362704	25.31	25.3077900948953	25.3242372474915	25.3059467480595	29.2	29.1963934208419	29.1941232937069	29.205469598461	1.99	1.99281816706679	1.99379736802102	1.98761238405775	10.31	10.3241557847754	10.3111683529438	10.2885459338231	3.52	3.53495078128619	3.53205617658599	3.51186123984027	2.01	2.02607823885566	2.00282502019193	1.99188524511338	2.01	2.01520706719981	2.0073412986036	2.00739712394081	17.23	17.2293606167502	17.2262657711393	17.2260699667942	35.35	35.3405723726532	35.362778575784	35.3463068904272	18.99	18.9995618940433	18.9917356515001	18.9949073357484	9.32	9.31663391107022	9.29556326527837	9.31783752605685	0.16	0.162953497353166	0.160102484364592	0.17600435743535	0	-0.0211260081093027	0.0128491240271583	0.00458033688148496	0	0.00655958923039677	-0.00230734291800506	0.00737637223963174	0	-0.000494758416469664	-0.00731192054942942	0.0126045912666736	-0.01	-0.0149804342796243	0.000106777827467706	-0.00731184395126887	-0.63	-0.630011646714461	-0.626655590036245	-0.628063269889167	3.52	3.51615141662682	3.53315381169775	3.5041652279208	18.46	18.4616132546951	18.4717990431151	18.4745039254306	55.23	55.2449548510106	55.2243532642203	55.2261640397327	90.91	90.9232846570428	90.9320400847487	90.904931412486	85.99	85.9849299636066	85.963293509035	86.0049953744957	69.27	69.2544416903952	69.2699607968582	69.2708088085052
2025-04-14	54.23	54.2389406835948	54.2375744779647	54.2309473775085	40.16	40.1624297968334	40.1478492823536	40.1542476023247	36.46	36.4575358829512	36.4709278317971	36.457120344429	35.5	35.5041164846816	35.4914626319615	35.4864721257767	26.5	26.5138758053323	26.5052902933266	26.4822469312731	26.25	26.2384914471969	26.2554499236098	26.2489655225206	16.68	16.6767589463152	16.6623526648484	16.6707840942641	43.19	43.20149355111	43.1996204157829	43.1732278485576	86.18	86.1908214665129	86.181500584545	86.1765239265003	48.24	48.2399194820242	48.2407339686105	48.2251888576002	32.1	32.1068852444006	32.096065741697	32.1010524831333	17.4	17.3826532779313	17.3870159958319	17.3947198943917	3.51	3.50269485430101	3.522579548537	3.50952161011216	0.65	0.650219637093031	0.641181053982701	0.659152358763001	0	-0.00574618563046672	0.0198503961334623	-0.00214374135457737	-1.55	-1.55140874516189	-1.54958345788437	-1.53285701785523	-3	-2.99765715254162	-3.00087522506963	-2.99761789516014	-2.55	-2.55660495782101	-2.5535614426003	-2.53997685383149	-0.9	-0.910749934542096	-0.904123730576924	-0.902041317311801	-0.51	-0.514254146292285	-0.509055254436761	-0.502518984066241	14	13.9949006862821	14.0110591630476	13.9930823287844	35	34.9910282549494	35.0093302230674	35.0005632820075	33.41	33.3912085819707	33.4163284419252	33.4050117161362	30.99	30.9850508039307	30.9975428761315	30.972926630479
2025-04-15	0.65	0.661430062459948	0.644701117287024	0.641741377877781	16.74	16.7328853948447	16.7404402023471	16.7370195576274	17.22	17.2254236862276	17.2186025176577	17.2267843102664	20.01	20.0297050755629	20.0046371625624	19.9885801993047	24.09	24.0784319982797	24.099058137512	24.0907081286621	16.5	16.4956674095765	16.4963173416885	16.5009751817797	20.09	20.0871382795399	20.0815735094793	20.0872044856702	22	21.9823346970069	22.0180544508956	22.0010010764464	35.01	34.9995728941464	35.0290034829389	35.0211554167325	29.24	29.2463097423247	29.241295981934	29.230038970609	25.01	25.0144866118594	24.9818761229323	25.0130106491695	13.69	13.6955153967225	13.6846704224547	13.6818790096854	4.75	4.74341834079593	4.74475943397204	4.73949821424395	3.52	3.51621033373651	3.49610080484031	3.5288875198348	3.52	3.50533531960406	3.52549806673	3.51384516344138	3.52	3.53782607973352	3.51483432989809	3.51378000852042	1.06	1.0710818028289	1.05733493065647	1.06277389480178	0	-0.00835951228604116	-0.0026521981476615	0.00090414903248775	0	0.000249321348343806	0.00712880341124808	-0.011920914565507	1	0.994166879534392	1.00933409987878	1.01299727093068	23.48	23.4952610788487	23.4774689244303	23.4711620533807	40	39.9814125620305	39.9987882598301	40.0014923394172	22.11	22.1053239692111	22.0958868404542	22.1034473547415	26.46	26.4590516311094	26.4479915000335	26.4666767494706
2025-04-16	0.72	0.728979559803871	0.713031172140378	0.739611444098771	0.72	0.720778609873494	0.708168939990651	0.728949214056859	-0.5	-0.483713647251933	-0.508986296180654	-0.478423355232562	-1.2	-1.21243205028118	-1.19670702413355	-1.18766505315159	9.6	9.59748136759484	9.58875042514262	9.62077256637602	11.99	11.9823521381423	12.0061990239631	11.9797107583135	13.98	14.0034461909559	13.9812524191031	13.9821944772969	26.19	26.2009702711492	26.1810474125102	26.1751084716807	42.25	42.2534257816441	42.240529576364	42.2562110866568	18.22	18.2185899155813	18.2273322860751	18.2249102420948	3.52	3.50300447154802	3.52577413050659	3.51745741572371	0.85	0.849956822638847	0.84748534761509	0.845454254277828	0	-0.00344986528873037	-0.0195217739655585	0.00508470639001306	0	-0.00462623947625428	0.00981597499693243	0.0133707551876473	0	-0.0016588054663562	-0.00418438357876259	-0.00149961673096871	0	0.00953670409630279	-0.0113268251383153	-0.00919712747978122	0	0.000277433097254698	0.00974121787004032	-0.00427044960041563	0	0.00611526183140918	0.00398968391950512	0.0098993160550286	0	-0.000122563136847813	0.00429555056618153	0.00650965452962425	-5.2	-5.20315397372919	-5.18289106142676	-5.1914856708013	-5.2	-5.21044789444672	-5.20473306906597	-5.21050600069023	59.2	59.2067554985226	59.2059159198253	59.2187698224378	28.38	28.3750632908709	28.3880947560949	28.3755857772272	0	-0.00245650663599429	-0.0141789942457153	0.0164716528426474
2025-04-17	0	0.0253638805820123	-0.00334903962577897	-0.00026673160313256	0.8	0.788182123940988	0.823793785564175	0.805423186787844	0.48	0.476581646969894	0.485246604400324	0.482727453283868	0	-0.010359325159758	-0.00370763795290086	0.00932358381065165	-0.5	-0.507635956052054	-0.501837016014576	-0.511275576704765	0	-0.000931565008013372	0.0174090672984375	0.011353480927485	-1	-1.01399419220875	-0.989437174389505	-0.993909435755272	11.98	11.9849256373791	11.9920531381758	11.9644964971398	17	16.9982229763853	17.0007145315128	16.9897447034648	18.5	18.4967510809981	18.4926016529133	18.4864837559577	3.52	3.52435941858835	3.51840213494972	3.52209043767696	0.9	0.887073856466989	0.892400714343987	0.910860825651368	0	-0.0011677542700955	0.00875004163494997	0.0151917699174391	0	0.000483626728380679	-0.000785102440984479	-0.00455422836333916	0	-0.000606052119234249	0.0133912790272418	0.00569159652023089	0	-0.00672732306670719	0.00343604767476701	0.0214445254691854	0	-0.00109232894463846	0.0101594899358647	-0.00286902256315709	0.15	0.154406498544667	0.138085419692423	0.131888774964589	3.52	3.52972792304019	3.51900795784008	3.53931639947895	4.09	4.08034645106094	4.0759077710431	4.09340707615122	52.84	52.8421572224279	52.8446142472003	52.8415273358472	109.32	109.320773419298	109.295355582544	109.296670517711	85.56	85.569948030628	85.5840937184066	85.5560193242354	66.22	66.2310683604825	66.2156968588961	66.2266143100168
2025-04-18	15.95	15.953055930698	15.9557419655134	15.9624854164055	1.01	1.01576971684155	0.997494431793347	0.997492658423202	1.01	1.01243656454347	0.998847584626078	1.01250324720832	1.01	0.990591123525142	1.01099877624271	1.01444573575348	1.01	1.0297243548644	1.01450011670656	1.02139094901607	1.01	1.0159901121852	1.02295812334625	0.997211421828175	0.75	0.752894191732546	0.744279602178368	0.760056546769679	4.91	4.90237269497523	4.91679413242644	4.90775230267079	24.57	24.5669507503659	24.5803192001552	24.5756600405286	54.31	54.3040352247082	54.2998377463164	54.3138012371688	3.52	3.50961003033208	3.51119022997266	3.51525747424803	0	-0.00852249480086169	-0.00697167762547137	0.00613283152842792	0	0.00859872942961835	0.00949934620309672	0.00332600550827199	-0.2	-0.187893305477063	-0.210141470187854	-0.192653401103449	0	0.00853887597707566	-0.00193617264497717	-0.000438259832849388	-0.5	-0.502775150597567	-0.501716331551818	-0.501818075227189	-1.54	-1.5505776333579	-1.5481825065102	-1.54862206098748	-1	-1.02568496041409	-0.996388346828083	-1.00814987148519	0	-0.00837690475153633	-7.91403565268539e-05	-0.0119641405928213	0.01	-0.00527562621581789	0.0103041650584065	0.00421682557525503	15.3	15.2889311719936	15.3005751888297	15.2802693405491	50.01	50.0012429085422	49.9835190877952	50.0242839976553	35.5	35.5117319699817	35.511004636223	35.4979514154738	23.15	23.1403684798433	23.1577979309097	23.1452889584758
2025-04-19	-0.8	-0.783940663301294	-0.811253110175802	-0.800098521143369	0	-0.0018138920894424	-0.00337749174011558	0.00471148422051472	-8	-7.99317001315337	-8.00447259520919	-8.00947056990154	0.65	0.65515834119895	0.659606488817319	0.67069895626701	0	0.0069953305630666	0.0035034478851201	0.00472423873554971	0	-0.00411707413656209	0.0114650637786436	-0.00617509732152419	-0.49	-0.501865272224301	-0.484090580496634	-0.498204902486422	-1.01	-1.00696829075046	-1.00838779186969	-1.00593197438145	3.52	3.5257553664522	3.53943699739114	3.51328226763956	0.65	0.653954177463989	0.642921032884147	0.641356252629739	0	0.0109203316029331	0.00894262954133507	0.00671064356659492	-0.21	-0.208334403194268	-0.226836711321544	-0.203495794248658	-1.54	-1.53804073698072	-1.54766370116845	-1.53704383068184	-2	-2.00163859445885	-1.99244534034	-2.0061436034292	-3	-2.99910905122191	-2.98399541607887	-2.99345720016289	-4.2	-4.21771542740993	-4.19869294322743	-4.19655308144072	-9.5	-9.51477346444256	-9.50724636171968	-9.50682567347747	-3.1	-3.08936328310294	-3.08917213259459	-3.08958747675299	-1.54	-1.53741230947847	-1.53471953499702	-1.52721051468156	0	0.00595732674854216	0.0126814474956415	-0.0152223244670877	2.38	2.37828752621787	2.37620415517005	2.38977411253707	6	5.98297802592963	6.01252746892081	5.99944012348361	5.55	5.54354349411727	5.56929431745062	5.53712681869145	4	3.9993319761116	4.00591885110511	3.99994054529547
2025-04-20	-5	-4.99616189388784	-5.00828743681255	-5.0057297338033	-5.21	-5.21173952748535	-5.20839030777538	-5.21399811144607	-5.9	-5.89268827970014	-5.89664877162622	-5.90257508790414	-5.21	-5.20628221050822	-5.21507112967158	-5.21042865952983	-5	-5.01442008024985	-4.98627759601758	-4.9950834653215	-5	-4.98236359523329	-4.9935475306086	-4.99329655229992	-4.48	-4.47467389512153	-4.48190687845785	-4.48120030274925	-3.62	-3.62018741170096	-3.61450345128004	-3.62739271225893	0.5	0.498175608199947	0.491845546465791	0.515942997421134	1.62	1.61274084590873	1.60441516631649	1.62454200032546	0.85	0.846427126271053	0.855068437173318	0.836290356464755	0.69	0.685204261826647	0.699864665443862	0.67225693949456	0	0.00590145759143021	0.00896982170006255	0.00864494684252985	-2	-2.01315097095141	-2.00812776306013	-1.99082825505447	-2.99	-2.97083151763633	-2.99154344002819	-2.97260934664905	-4	-3.997418580703	-3.99790213191713	-4.00455776614886	-9	-9.00141659237803	-9.0204536925228	-9.00545534106554	-1.54	-1.54301648700237	-1.55828824417733	-1.53981173422616	-0.3	-0.28883950656887	-0.289638967968958	-0.314141374120932	-3	-2.99476363535527	-3.00384807220175	-2.97910264275382	10.99	10.9814163451362	11.0015406936951	10.9772019356554	94.14	94.1479716160751	94.1328052281584	94.127766304377	86.5	86.4889867412994	86.5152988966309	86.4992860692606	50	49.9789108656847	50.0043759660806	50.0100398701497
2025-04-21	19.89	19.8943017753268	19.8955452959298	19.9203443572347	24.5	24.5057815256868	24.4965948797521	24.5138396197613	25.01	25.0147940188401	24.9987253945696	25.0178089430405	45	45.0063275693973	45.0048672301426	45.0134782269779	26.25	26.2347376601857	26.2480207696813	26.2438231870532	16	15.9838492300142	15.9936599727933	15.9888731541267	35.04	35.0414741161452	35.0423955659185	35.0457835943906	63.31	63.3244555295433	63.3065716453885	63.3070149931682	85.1	85.111933252849	85.0903515467286	85.092951233637	45.67	45.6690306397584	45.6790752168323	45.6675833377068	36.24	36.2453863362781	36.2367441112983	36.2367347017987	20.55	20.549670797352	20.5529256086374	20.5496640634467	18.83	18.8231904375877	18.8222281437967	18.8197889212466	24.62	24.6123221502824	24.6063706681859	24.6347478063776	13.57	13.5835189798786	13.566596261645	13.576256268819	14.27	14.2743060477711	14.2590157666105	14.2719023291078	16.94	16.9567124180019	16.9580070082517	16.9354294841595	19.31	19.3135292900617	19.3167922548701	19.3200324395605	27.39	27.3961942560147	27.3863580898677	27.3858585016819	81.72	81.7287028213379	81.7049446062908	81.7131835891582	124.22	124.224790666528	124.223994950832	124.221352340765	165	164.99347223764	165.009088366417	164.998971123361	121.08	121.086489060399	121.085911485129	121.093687668979	114.11	114.110270526447	114.116730998445	114.10972491311
2025-04-22	86.91	86.9082213602078	86.8976835543295	86.9026465390895	79.35	79.3333142092353	79.3344363659859	79.3430571748084	72.73	72.7250987352622	72.7205796088278	72.7227520026842	71.41	71.428130642393	71.402019873259	71.417688868258	74.06	74.0573352411539	74.0561796956952	74.0589464446021	54.36	54.369303392314	54.3666502768405	54.3558341634118	64.42	64.427054507896	64.4286828326777	64.4287871264647	104.62	104.638719920606	104.60387798336	104.62583072249	151.6	151.595929905332	151.587652136376	151.602000319961	96.04	96.0295519913164	96.046442395614	96.055700725363	80.2	80.209959155399	80.1876545252603	80.2043799282941	44	43.9947832416009	44.0099267960014	43.9914230571482	25	25.012072732955	25.0004381875947	25.0129561731094	25.87	25.8729606711855	25.8711335347399	25.8744587732622	19.99	19.9765453851068	19.9890751200424	19.9926094418595	10.61	10.5979209744542	10.5983777021074	10.6047470737556	5.31	5.31183041930427	5.30878019849335	5.31658688512677	12.5	12.5068283112374	12.5047549271464	12.5244235187699	22.8	22.7857062356457	22.7896034842562	22.80293666807	5.5	5.50917318732768	5.49992524679447	5.5022480325828	80.81	80.821254339026	80.810750123634	80.8114074652832	139.21	139.206614766992	139.196465660718	139.199991174248	102.02	102.037072041025	102.019797992869	102.03014368208	86	85.9838529107694	85.9979745957128	86.0007729461744
2025-04-23	57.34	57.3337917755222	57.3458796977075	57.343691607429	53.98	53.9730273539334	53.9640891094504	53.9776440301517	30.98	30.9845115434282	30.9545757419548	30.9947380980283	52.17	52.1613696722494	52.1693665643223	52.1637207041052	45.08	45.0803666005794	45.0797129111487	45.0694910177235	36.27	36.2663817327331	36.2531282318841	36.2584164711873	42.05	42.0537113283041	42.0455907573779	42.0396198489745	68.2	68.2095073816359	68.1977668648006	68.2104383596613	97.12	97.1156784337475	97.1248318592132	97.1208278707719	51.25	51.2509259589898	51.2378583635772	51.2659514517069	-5.16	-5.16821042173694	-5.16226931553263	-5.16933786892573	-0.69	-0.700967576158035	-0.677071270608988	-0.708558897239075	-2.28	-2.27165940794177	-2.27121782908704	-2.28167273786676	-2.74	-2.74875786437587	-2.73090068681273	-2.74753310420399	-3.89	-3.87215827501435	-3.90465202711144	-3.88449917106319	-4.1	-4.10652898639096	-4.10233558551581	-4.10111266694542	-3.89	-3.91512892376954	-3.90714543615063	-3.88715295467696	-3.89	-3.88208781126399	-3.88761145178427	-3.88622197694967	-1.98	-1.97986763102114	-1.97533379683566	-1.97883151183621	3.64	3.6592561258474	3.64132038219477	3.6172610035577	54.14	54.14592268855	54.1343717917865	54.1474121903806	114.85	114.848905178768	114.85166398617	114.858759060562	101.58	101.555750436903	101.579833738802	101.586302347099	81.07	81.0633236483448	81.0647798769473	81.0588808896186
2025-04-24	68.24	68.2311829763152	68.2406582414744	68.231471518078	56.4	56.3982544369661	56.3944927054809	56.3945682450276	56.5	56.5011488543047	56.5140633619699	56.4860614521436	17	16.9976836575809	17.012067077124	16.9895748987234	17	17.0079725017887	17.0136632101515	16.9844157495904	14	14.0005722561217	13.9952796662115	13.9904582449141	55.24	55.2367823537198	55.2410763206145	55.2320397753546	80.75	80.7403943154097	80.7530323610653	80.7516547054963	95.1	95.1050322431064	95.0954210138779	95.0988161630599	38.8	38.8159705179499	38.8183057098202	38.7899286610357	4.68	4.68838502772416	4.67386198662883	4.67180680334498	-5.21	-5.21770715997623	-5.21148049453109	-5.19889693020736	-3.62	-3.62522036899861	-3.60004915937651	-3.61622996774611	-3.62	-3.63104742396292	-3.61169520511845	-3.61755940516019	-3.01	-3.02270878052398	-3.00262547244772	-3.00827614527979	-4	-3.99892515552436	-4.00486689768405	-3.99873990531897	-2.01	-2.01473019394501	-2.00813699587595	-2.01820470313042	-3	-2.9955272332499	-3.01166619614361	-2.98984041759399	-1.01	-1.01892870954234	-1.03306490754608	-1.00352429155948	0	0.014331301972421	0.00226540750481445	-0.00981722066324464	78.66	78.6632035361305	78.6726910358396	78.6590785214638	108.76	108.749180516408	108.756960723976	108.765457285144	95.88	95.8821348938615	95.8909466481689	95.8808301826956	86.89	86.8796906681138	86.8969263590934	86.8905345156884
2025-04-25	85	84.9959154321141	84.9975581751376	85.0140275333981	80.51	80.5113565444482	80.5135184790142	80.497632505283	79.55	79.5585443371024	79.5535350838618	79.553529641064	67.51	67.5171513656194	67.5242309387921	67.5430639939016	71.11	71.1049515124302	71.1222530864773	71.1136402424986	69	68.9828342918456	68.9961042456012	68.9911482726062	83.52	83.5250610971971	83.5067488050527	83.5111793110512	110.87	110.871548764256	110.863100915397	110.867691306475	113.85	113.851499805224	113.84348491877	113.8611801343	49.9	49.8931316657191	49.8992273134213	49.901175448249	15	15.0141490345498	14.9877785094836	14.9941391297703	4.31	4.29464241782963	4.3055119224761	4.33384582588601	0.1	0.100240359090136	0.0968024063351137	0.115339014238633	0	0.0050264633881361	-0.0129603730307566	-0.00378824957544366	0	-0.013025316891978	-0.0171379201314539	-0.0118263856066901	-0.22	-0.229642946699796	-0.243585757461003	-0.218658130047678	-0.41	-0.407157287817585	-0.427892396857308	-0.405628002577281	-0.01	-0.0114341222244102	-0.00711958913497763	-0.00243776939568271	0	-0.0124053718508408	0.0145041218340706	0.00743537752877214	0	-0.0185356569477574	0.00662140650356727	0.00107598637865543	42.5	42.5060808795567	42.5013189202315	42.4953026956947	102.44	102.432059205477	102.444627653337	102.432498140178	67	67.0151629202633	67.0079166722186	66.9926135280207	30	30.0179035349693	30.0021341288864	29.9938335035265
2025-04-26	-1.5	-1.49083153364056	-1.50904794758679	-1.48229691619656	-7.77	-7.76501559462846	-7.77675768447233	-7.76791948061765	-4.46	-4.46271279604156	-4.46903113313043	-4.45224764834658	-4.46	-4.46444131732653	-4.45928540337987	-4.47147192635385	-2.25	-2.23160481355705	-2.24828589447914	-2.25703299112998	0	0.0211235237752063	0.0106340094647729	0.0112379622394247	0	-0.00206967193631888	0.000110685268176461	-0.0199211491701637	14.77	14.7678513478977	14.7613124830826	14.7638917283301	14.32	14.3120244403106	14.3220660536927	14.3001147050712	5	5.02853917327012	4.99234746840206	5.01614874785936	0	0.00461626898496804	-0.0163266431503184	-0.003689099571221	-0.17	-0.171351112193564	-0.167673096384056	-0.171120936191014	-2	-2.01508608086308	-2.00311934480595	-2.00662146763037	-2.15	-2.13600514037884	-2.14474034337862	-2.15511861478252	-4.2	-4.18857226877153	-4.1895765919304	-4.19231294914591	-5.8	-5.78370849296666	-5.79272934232389	-5.80151485594081	-8.4	-8.36332178077043	-8.39472318144052	-8.39542589351858	-5.8	-5.79101843720653	-5.80226980712796	-5.80372820737952	-2	-1.98897027613009	-1.97680743028432	-1.99204122288214	-5.37	-5.34707217919319	-5.37367471146446	-5.36531652408327	-4.46	-4.45589300617721	-4.47559552524908	-4.45483864972308	23.03	23.0299493222202	23.0136150207847	23.0260086995471	18.46	18.4647173561832	18.4589931744054	18.4619300836104	8.38	8.37309923636009	8.37423495123529	8.37014088543029
2025-04-27	-6.11	-6.13837323185431	-6.09234879262557	-6.09780675203699	-5	-4.99411591816052	-5.00434635280573	-4.98291054103656	-6.5	-6.51165470821666	-6.51703131310425	-6.49508852496166	-6.5	-6.49073183157142	-6.49881057106004	-6.51384711734352	-6	-5.98681662573213	-5.9889267894699	-6.01083638047802	-5.17	-5.17148801205006	-5.15780994446708	-5.18575614174607	-5	-4.99809652939067	-5.00075796942655	-4.99788798244447	0	-0.0115094205915645	0.00756569703895887	-0.00640519340651473	3.52	3.5238655746125	3.52387103232821	3.51684722332119	0	0.00130612090951946	-0.00261033609110444	0.0095442721132263	0	-0.00400881803688769	-0.00990411656187896	0.00359075483950557	-6	-5.99760068115553	-5.97379811948194	-5.98899539596184	-14	-14.0005124903685	-14.0046312241807	-14.0094829648569	-10	-9.99195956422503	-9.99659192369639	-9.98879250192695	-10	-9.99447829623474	-10.0035395838217	-9.99400560365037	-14.89	-14.8788760604265	-14.8920142635552	-14.8859568024895	-15	-15.0155000300637	-15.0176770294144	-14.998237975162	-5.37	-5.36732797097425	-5.37867013119845	-5.36168449307926	0	-0.00478944729258007	0.0034689000831773	0.0112052078134279	-1.98	-1.95521957493186	-1.97198284806529	-1.97699905727858	-1.54	-1.52879283425257	-1.53731249884577	-1.51460445965686	75	75.0023579344446	74.9977771269863	74.9963966971307	71.14	71.1476376408167	71.1172134728708	71.1340099701616	25	25.0027048548802	24.9865890163344	25.0042547115469
2025-04-28	9.13	9.11641485870202	9.12049986546669	9.12855157647156	21.3	21.3096737575989	21.278862668148	21.2914234702241	6.04	6.02065318908286	6.0310376515515	6.02283025613461	1.38	1.36164744551265	1.38911498574174	1.40112759415178	0.6	0.611294945373041	0.589345338156268	0.585450001430498	0	-0.00474135522356143	0.00422831619019154	-0.0033733893166306	30	29.9979664386432	29.9951737840027	29.992543308435	68.13	68.1202351938738	68.1143546753214	68.1250755451157	73	73.0065952005169	72.9989991879764	72.9769269556781	12.79	12.7815783834343	12.7813303041838	12.787002247223	1.72	1.72982353195507	1.72195985966529	1.74059106397492	0	0.00400098369228881	0.0100763917989738	0.00591599993616907	0	-0.009904135117955	0.00243718991730474	-0.0101273273873849	-1	-1.01136908434124	-0.988474556340963	-0.997957686597659	-1.5	-1.51982209830827	-1.50500179303466	-1.51649169181245	-1	-1.00654879886543	-0.996423535888084	-0.999558403268272	-19.38	-19.3748162313396	-19.3563393770236	-19.3775883944647	0	-0.00740755297569405	-0.00191387563396073	-0.0046004534808149	-1.2	-1.1928888662392	-1.2085916784066	-1.21142063923848	-5.97	-5.96664806931481	-5.96950784837643	-5.98446013945146	16.7	16.708524307336	16.7030646104424	16.7011921790355	85.8	85.8019215301109	85.8076355929219	85.7993058696453	61.15	61.160866566693	61.173272293233	61.1584239930821	17	17.0011205073633	16.9774853144941	16.9919334116841
2025-04-29	9.13	9.13550761938892	9.13816021722509	9.13784942560923	21.3	21.3015005103195	21.2883712792789	21.3160939278356	6.04	6.04268410636028	6.0304553007495	6.03038577799951	1.38	1.38941375165783	1.37449159887978	1.38673542554957	0.6	0.595693337575262	0.605492027940895	0.614735240402834	0	-0.00367176581045081	0.000279227098623201	0.0090903168285837	30	30.0120706088219	30.0163074983505	29.9891320295675	68.13	68.1172069450153	68.1333845991628	68.1399038946417	73	73.0094518143784	73.0057904739599	73.0055603446566	12.79	12.8056190765979	12.7956951573005	12.7864918665762	1.72	1.71481934744492	1.72775127096561	1.71452488881044	0	0.0193556916194685	0.00264027814945924	0.00336623833588492	0	-0.00956543411898917	0.00657841476366672	-0.0063954868745457	-1	-0.993373669015298	-0.998061882772848	-0.976083132925939	-1.5	-1.4807313983345	-1.51757106016223	-1.50709804652969	-1	-1.00973913126279	-0.98454695698984	-0.995998028268172	-19.38	-19.3797687058063	-19.3775717902949	-19.3838391375049	0	0.00571587160250458	-0.00455787741830946	0.00622119230423275	-1.2	-1.1844684905986	-1.19774073438528	-1.2045078601626	-5.97	-5.95253200839709	-5.98081344477799	-5.95033022313114	16.7	16.6846410021822	16.7183955218633	16.6802337967704	85.8	85.7809980376723	85.7931433777995	85.817482218722	61.15	61.156325244585	61.1585219879044	61.1570698128597	17	16.9924548763673	17.0100439927282	16.9813080850231
2025-04-30	18	17.9954776729321	17.9962790450757	17.990667811178	33.92	33.9181371714399	33.9256797674189	33.9082851809089	28.3	28.2838713746885	28.2889314096364	28.3230134830784	24.89	24.894702636303	24.8910971716983	24.8760342543412	24.89	24.8851272774447	24.9020519248434	24.8964238291351	24.89	24.90111420647	24.8983974788552	24.893298554179	0	0.0138141098296537	-0.000213466719057026	0.0117092123227709	0	-0.00759193869724325	-0.0122805650525109	0.00180061449557401	0	0.00310449109696093	0.00253259797733991	0.013376224854248	2.5	2.48806330141192	2.4999854635614	2.49519733688214	-9.92	-9.9207542818151	-9.92489214269725	-9.92852511734275	-10	-9.99341992748485	-10.0099754263939	-10.0055739771981	-3	-3.00553675297185	-3.00543184090459	-3.00366542286667	-3	-2.99249506461953	-3.01359696066178	-2.99182173219271	-3.15	-3.15410773499037	-3.15605692590297	-3.14651605296067	-3.02	-3.01171265011512	-3.03081310390864	-3.0528301952008	-3.01	-3.00830719483208	-3.02057390936194	-3.01088958171066	-3	-2.99371093652954	-2.98984582432774	-3.01543640400899	-2.45	-2.44038440236362	-2.4343820806874	-2.45811994951191	-10.32	-10.2967557630703	-10.3337140822583	-10.3330396929159	0	-0.0015086887508032	0.00849709284729534	0.0036709884977272	0	-0.00106059363351084	-0.023302255760056	-0.0121767052014216	0	0.00235875864904795	0.00523394209185065	-0.00576344173406711	-2	-2.00855557140358	-1.99216837731024	-2.00880574598124
2025-05-01	13.7	13.7040623114615	13.6947737176241	13.6931577928162	22.66	22.6544153818888	22.6720084871538	22.6486919290702	25.53	25.5257376686382	25.5273117663326	25.5312450922503	23.22	23.2044160164751	23.227778498355	23.2181327382136	16.15	16.1625568609881	16.1421817500849	16.146019749713	17.2	17.1949554823178	17.2097191019201	17.1917678056451	23.2	23.1975669017957	23.2117675147595	23.2014677356385	20.52	20.5310402219474	20.5220099249292	20.51683929929	20.61	20.6121001363333	20.6285454485965	20.6058302152682	3.52	3.53165742274533	3.51870919768265	3.52016084593838	0	-0.0137328316219796	0.00314602171982152	0.017698108686951	-19.69	-19.6920025250059	-19.676013654467	-19.6908244678844	-31	-30.9926538958741	-31.0166491393589	-30.9879218877953	-40	-39.9914336783807	-39.9979246048169	-39.9863924461426	-50	-49.9936326370994	-50.0070118073295	-49.9945054951562	-50	-50.0004427300161	-50.0027835717187	-49.9881289661739	-38.61	-38.6047445630625	-38.6092240910003	-38.5933858801545	-16	-15.9918104440126	-16.0042996337731	-15.9832709704275	-7.05	-7.04347035064494	-7.04943218370543	-7.04138838418845	-10	-9.99997917102965	-10.0023121829632	-10.0090376410579	-5	-4.99653076980601	-5.0068902807266	-5.01521363443231	54	53.9862266967198	53.9867261987805	53.9874037487275	39.05	39.0471302591459	39.0505897975195	39.0607184199974	14.44	14.4294748405778	14.4308373812227	14.4339922728401
2025-05-02	14	13.9888127397384	14.0053840039742	14.0147332647681	14	13.9867757977166	13.9990250405799	14.0054681256093	3.52	3.51735804003503	3.53007434985129	3.51381897942356	3.52	3.51632950146318	3.52463218367461	3.51723716232631	3.52	3.52127505550182	3.49875465694901	3.54296810969141	1.7	1.69035340322232	1.691507216675	1.71395859505122	4.96	4.97673551985291	4.96303059137652	4.96886642108908	4.96	4.94801997298143	4.96794210004735	4.96748350623003	6	5.99963964505658	5.99860993490219	5.98764471945096	10.41	10.4144552703207	10.4287371281189	10.4154333650687	3.52	3.5074877718571	3.50539957705281	3.52082305052174	0.85	0.859284190118338	0.83848904197601	0.840418526245281	0	-0.00938770461272533	-0.0204462850141757	-0.00330330116277333	-1.54	-1.5443634768812	-1.53717875299119	-1.53251178917117	-2	-1.99585601199878	-2.00909186033568	-1.98631612018514	-5	-5.00141554311679	-4.99812372127497	-5.00406590568134	-8	-7.98879443506845	-8.01835228770264	-7.98307347487185	-2.2	-2.18520053612919	-2.20293633323949	-2.20317063179509	-1.35	-1.33620070271655	-1.36155095161712	-1.33622213336382	-7.96	-7.95515628354595	-7.97557181557173	-7.96709492880113	11.01	11.0274608166442	11.001316283723	11.0103500637103	73.76	73.7571765491061	73.7607929332985	73.7603787072462	74.32	74.3292060679576	74.3206053333621	74.3175591443149	51	51.0153931688475	50.9921074871639	51.0038851140458
2025-05-03	14	14.0016970314961	14.0052720289291	14.0051115821584	14	13.9867306910734	14.0141071468969	14.013115876116	3.52	3.50051143624127	3.53312958674187	3.50549550086021	3.52	3.52564356790348	3.51510562862023	3.52548534370464	3.52	3.5148933356413	3.52804749083401	3.53480899414078	1.7	1.70238057926141	1.70809971655008	1.70381892220773	4.96	4.96660755280511	4.96560139972218	4.97602820369373	4.96	4.95417480407154	4.96521012012479	4.95180218270623	6	5.99903587071554	5.99785759322548	5.99678583887645	10.41	10.4087195619984	10.4068888732682	10.4007275420763	3.52	3.5168697193746	3.51436704989545	3.51388822581335	0.85	0.838485023609171	0.851230170102319	0.858727996079796	0	0.00987047162317841	0.00808523242362335	0.00485867694456437	-1.54	-1.54163181234613	-1.54122927891922	-1.53515168976761	-2	-1.99641072903348	-2.00546181333262	-2.0220352154139	-5	-4.99256912672537	-4.99027021067063	-5.02051587898442	-8	-7.9927953832935	-8.00156794160341	-7.99069703233397	-2.2	-2.2086935694628	-2.18846718361426	-2.20534296631906	-1.35	-1.33207581106053	-1.34910808220019	-1.34609224994326	-7.96	-7.94837792457085	-7.966142680131	-7.96392417113218	11.01	11.0152015576639	10.987595399412	11.0105060076092	73.76	73.7544478049366	73.756416746431	73.7543352831316	74.32	74.3275643867742	74.3293406516443	74.2992192525959	51	50.9822781006855	50.996282544683	51.0016132718991
2025-05-04	57.54	57.529372745945	57.5252091647943	57.5469221779214	32.35	32.3449362661751	32.3334302695155	32.362180584304	33.54	33.5534603727544	33.5503375860493	33.5531820163534	27.61	27.6197124301776	27.6138799451164	27.604954326207	27.11	27.0978997556601	27.1067804933192	27.1207497166446	17.03	17.0424478205078	17.0148236542325	17.0203378767234	26.08	26.0796953593016	26.0819935791398	26.0831092942521	29.46	29.4633950690481	29.4713221467398	29.4422804886784	18.52	18.5159629912835	18.5244451211836	18.5160054547927	3.52	3.52983644656377	3.51684021743962	3.51877864304524	3.52	3.51998347066404	3.52138095710602	3.51846739120352	0	0.0032066835921226	-0.00353412198785247	-0.00370024600740855	0	0.000606311420189051	0.00702016482024705	-0.00325849638553951	-0.01	-0.0107154955138864	-0.019213345211995	-0.0105758330138732	-4	-4.00448563460604	-4.02129647559776	-4.00091903690912	-5.13	-5.14406183696525	-5.14242966998667	-5.12260956784245	-9.8	-9.81284329522024	-9.79137583951516	-9.7903623826788	-14.13	-14.1271428516556	-14.1341851493371	-14.129558075766	-0.02	-0.0112003745660677	-0.00118078795060726	-0.0150138971908594	-1.48	-1.4651706676231	-1.46971329104335	-1.49028887787617	15.74	15.7322664040736	15.732437419998	15.7568634337954	33	32.9915445060174	32.992443553815	32.9990028900523	33	32.9923649894554	33.0010622496529	33.0050596798136	21.51	21.5160130867507	21.5093242718619	21.515577331621
2025-05-05	28.1	28.1058018373525	28.1101541551154	28.0912477857058	20.37	20.3675075198158	20.3847463161178	20.3761561024832	29.99	29.9828618971533	29.9950762074803	29.9703334651934	14	13.9940571951121	14.0117624950331	14.0087533003201	11.08	11.0682938860014	11.0735958218054	11.0935442490291	14.94	14.947625101832	14.9356981304237	14.9464279620561	14.96	14.9569664621184	14.9518914855539	14.9685045070477	34.99	34.9864145753766	34.9748371201887	34.9798713697549	50	50.0058113592272	50.0127524745986	49.9805876984836	50	49.9887021559425	50.0067032895702	49.9823472623756	11.7	11.7046971714993	11.7048708677859	11.6691973844255	1.97	1.96727762037691	1.96512662256978	1.97472576741868	0	0.00126432490461686	-0.00459198565335367	-0.000196137154239888	-0.13	-0.117049256851619	-0.134667743665186	-0.125722613139113	-1.54	-1.54080767283463	-1.53906425422343	-1.55674409612329	-2	-1.99329187606186	-1.98842043640034	-1.98678795623784	-4	-4.01088488078751	-3.99997777203515	-4.002730668509	-4	-3.98970572645498	-4.01548889535741	-3.99034091002472	-0.98	-1.00312325720883	-0.983235936347168	-0.984213244520168	-1.54	-1.54245954333317	-1.52082610655607	-1.56407462512072	4.5	4.49420286756985	4.51807917921632	4.51245223737003	42.05	42.0534419863973	42.0677537614715	42.0473118605993	50	50.0010364645689	49.9944661163475	49.9943355516318	29.1	29.1017547279729	29.08198305506	29.1022542365713
2025-05-06	20.5	20.4856815123527	20.5188841515632	20.5030167492171	9.49	9.5054447812703	9.46674900835581	9.50334483349907	3.52	3.50691976155318	3.5039293274052	3.49862691795699	3.52	3.51559704577598	3.51678001679847	3.52691775005544	-1.2	-1.19257912183576	-1.18421982048234	-1.19263158122492	-1	-0.989903052301464	-1.01406089381672	-0.987457165034877	6	5.98280612699953	6.00703208426912	6.01899424207149	19.84	19.8539916919832	19.8191932825878	19.8364251684758	38	37.9997795286943	37.9902441268654	37.9839335399032	10.19	10.1946218674544	10.1998325724179	10.1952434966677	-0.01	-0.0112714157914821	-0.00626500896161172	-0.0255067829868497	-1.54	-1.52297503104792	-1.53832525473427	-1.5478781341362	-6.47	-6.45472951772391	-6.4722281419056	-6.460201365974	-6	-6.00293830759842	-6.00683527854416	-6.00272398549482	-7	-7.02165097452004	-6.99889919386338	-6.99902194877687	-8.9	-8.90264062811212	-8.90035926641586	-8.89012764773562	-9.71	-9.71105032818401	-9.71078793011676	-9.71046177943982	-8.5	-8.49996719717717	-8.48866145378859	-8.49408251624387	-6.49	-6.46933583948066	-6.49172512704367	-6.49319624306646	-4.85	-4.85803853983787	-4.85721252341234	-4.85610700349864	11.77	11.7733500758871	11.7707354414259	11.7686984474844	62.62	62.6335137389309	62.6138676601087	62.6235712173297	51.23	51.2249958365782	51.2266860367611	51.2372678340948	35.55	35.5432249935942	35.5296449363187	35.5423145302231
2025-05-07	25.05	25.041017893123	25.0617974619392	25.0257994798458	4	3.98687051344	4.00354324682227	4.00664443589456	5.1	5.08892271989174	5.11533949667757	5.09965371573089	2.23	2.23857229336796	2.23383411789871	2.2261320614635	1.72	1.72713420653726	1.73864335704189	1.71611812884064	3.52	3.5209205674806	3.53462084891339	3.5027894125359	0.01	0.0239446402353671	0.00361453861700986	-0.00699660633384605	38.6	38.6212042755279	38.6002602704136	38.5996944857093	60.01	60.0180276452709	60.0252132348682	60.0117012856804	30.01	30.0216864965991	30.0249120631136	30.01531318252	0	5.10782518178075e-05	0.0111462713016082	-0.00314950449565594	-0.01	-0.0100574727209225	-0.0135862926454132	-0.0225888571774606	0.85	0.852325437714028	0.849463731290393	0.847954958212945	0	8.67767351326974e-05	0.013169099386204	0.0148793784664664	0	0.00984791757649191	-0.00182347585156047	-0.0154932733927477	0.01	0.0181241977688815	0.0036203464305855	0.0173422590529821	0	0.0182240507190121	-0.000227279416988484	0.00282146703976014	0.01	0.0106109813501461	0.00686296667077464	0.0158727511749656	-1.33	-1.33294037908055	-1.33087487676333	-1.3117819264863	0	0.0105454305538528	-0.0102248947458832	-0.000434441460138637	10.4	10.3885709929238	10.3989707031254	10.3833981536582	81	80.991002051062	81.0013221026333	80.9962016533752	79.26	79.2544702928934	79.250047914262	79.2712439955616	50.2	50.2069221559382	50.2046334449053	50.2010779768266
2025-05-08	65.91	65.9235270726646	65.9155703390994	65.9267555135953	29.23	29.217908766778	29.2323459922493	29.2308276961625	25.3	25.3090562198782	25.293903817513	25.3109496543993	19.05	19.0646541000938	19.0589360082552	19.0570503444722	13.98	13.9897154566865	13.9792916073682	13.9681588032459	5.11	5.11731950366659	5.1173823686234	5.11940679470298	19.59	19.5819123515317	19.5910060411587	19.5950276103108	70.01	70.0152253525337	70.0036829960462	70.0105172668602	80.1	80.0789731026722	80.0930231504996	80.0944746060899	32.77	32.7645483436804	32.7635765134926	32.7778638236735	29.1	29.0862826052554	29.1044835674469	29.1006502517767	7	7.01602908973287	6.99585035823992	7.0174877427182	0.85	0.838848532743352	0.872298532532316	0.858639443636027	15.1	15.1053626195124	15.1023631928467	15.1195252766211	14.99	14.9794426989656	14.9833392673005	14.9947704915507	9.98	9.96401479055439	9.97569567205474	9.97924605362418	3.52	3.52834354874054	3.5316656184129	3.53169324871812	5.49	5.48532868697546	5.4795453525358	5.49725148409124	0.85	0.828481042637243	0.848440821546438	0.867256427961837	0.9	0.900616484707566	0.891076833426399	0.890792640607725	10.1	10.1141970450147	10.0910144274429	10.1176746987477	82.9	82.8946255218879	82.9129348618769	82.9019316285114	75	74.990718289071	74.9892744682814	74.9987316611193	43.94	43.9461606865527	43.9368183938017	43.935029629717
2025-05-09	47.06	47.0493486540825	47.0473743390887	47.0609074618172	20.56	20.5699773719776	20.5509705319042	20.580758193686	21.69	21.6719509537464	21.6955399238086	21.6920882702571	18.56	18.5780605554283	18.5754048814049	18.584432963711	7	7.01175440131248	6.98376538291713	6.99181241113288	5	4.99424291302851	5.00228863085303	5.00695409834687	15.01	15.0082643117333	15.0111439155857	14.9978426416681	52.91	52.8977157956963	52.9025600957609	52.9006726645622	60.58	60.5894381454322	60.5937201606686	60.5962115008711	62.86	62.8700740884061	62.8528947634905	62.8616154001825	40.59	40.5855541004148	40.5906871675587	40.5981824936234	10.72	10.7227612527311	10.7150484229409	10.7262165693975	6.35	6.36303560800291	6.33405076146384	6.34713229541755	0	0.0206815533685729	-0.00175419112224683	0.004774369171116	4.64	4.63692574825854	4.62280475456249	4.66078856989414	3.52	3.52590262790621	3.52093608944902	3.51847941849776	8.01	8.01778801026522	8.01893300288542	8.01062562313965	0.01	-0.00261944065926885	0.00610192832709708	0.0174754410148495	-1.54	-1.5544301402666	-1.54770097425984	-1.52126939269898	-2	-2.00081846071337	-2.0034512820699	-2.01258229976796	4.04	4.03065936057892	4.02928511517506	4.03939323426986	82.37	82.3669965907576	82.3687235494488	82.3836591784514	70.01	70.0142253684165	70.0178484297627	70.0127047831503	49.75	49.7667487947079	49.7520148271158	49.7511294904523
2025-05-10	44.72	44.713448582178	44.7083349739402	44.7265311154151	22.3	22.3141026708911	22.2972311077189	22.3031455492693	22.06	22.0813459387726	22.0680219167047	22.0535900416259	22.06	22.0505882601838	22.0641463431221	22.0598250069574	10.41	10.411938137088	10.4065925709924	10.405953530177	9.82	9.8227801150712	9.82027224837465	9.82607499002802	10.55	10.5430585471754	10.5560555660936	10.5409926959679	15.81	15.7997440841431	15.8125999050818	15.8086344959921	22.06	22.0516763352325	22.0569790332135	22.0787797275233	24	24.0089824503772	23.9943907609186	24.0124295180736	28.69	28.6915488541843	28.6858796059217	28.6859239113388	0	0.00638370148018146	-0.00263710291364835	0.00180676911570945	-4	-3.98476984741033	-4.02509535567279	-4.00518787071523	-5	-4.98613036944722	-5.0084297362432	-4.99553313531851	-5.8	-5.81472301640596	-5.80195381182322	-5.80796061350439	-10	-10.0102208501455	-9.98507661330687	-9.98223275255847	-25	-24.9974796418964	-24.9798980314458	-25.0147910172896	-15.4	-15.3855893386919	-15.3888443185299	-15.3858396477948	-0.62	-0.626934269605125	-0.632296126179994	-0.610933197033115	-3	-3.00291763724256	-2.98744808236701	-2.99154746116717	-0.5	-0.497321136763566	-0.494572363939174	-0.506698304756506	31.38	31.3856621924235	31.3846427508278	31.3793512630891	25.96	25.9488197277176	25.9706709393583	25.9738572434946	25.38	25.384702091812	25.36963286112	25.3875812433924
2025-05-11	20.52	20.5264859723892	20.5138556537798	20.5326777460655	21.62	21.6110790350816	21.6291970059846	21.6257298341556	17.89	17.8991074149092	17.8854304070355	17.8968683668176	8.36	8.3468197217257	8.34330852859993	8.38560484744673	3.52	3.52774711438591	3.52855357438388	3.51866137320366	3	3.02444003142331	2.98955006400499	2.99788491045856	13.3	13.2897475375299	13.2876835504142	13.3004379533346	17.59	17.5992161711061	17.5898791295568	17.5942627551629	12.03	12.0207092107887	12.0435080168766	12.0260638841061	0.65	0.630635979223874	0.647823700039559	0.65615158463969	-3	-2.99778480711359	-2.9826884825317	-2.99374932592033	-29.6	-29.6041893194884	-29.5967124495335	-29.6209723650309	-54.98	-54.9932360751423	-54.9921008117276	-54.9828306875814	-50	-50.0047180355114	-49.9832751486369	-50.0188366225256	-46.45	-46.451183191297	-46.4383611426423	-46.4581023695864	-50	-49.9814037998047	-50.0066805006955	-50.0060511602691	-45.01	-45.0047270982398	-45.0010126456649	-45.0229618128125	-28.28	-28.2610804389878	-28.2626277404747	-28.2872493818661	-5.5	-5.50694005575161	-5.48479920007541	-5.50536223561719	-12	-12.0015826085515	-12.0183735869059	-12.0061434288389	-6.99	-6.9955542641808	-7.00042449907842	-6.98018485694319	26.01	26.0205603888804	25.9954660040648	26.0038274723182	33.68	33.6757469141447	33.6784395170825	33.6811034241192	30.01	30.0008129615579	30.0142006891364	30.0037223961809
2025-05-12	16.31	16.306234142214	16.3041180325282	16.3285774398984	4.71	4.70345316949595	4.7090602521852	4.69227283888063	13.34	13.3340392045109	13.3340708675852	13.3341766971287	6.66	6.6606874180099	6.64252589882849	6.65651870301396	-10.62	-10.6145763533145	-10.6170763049466	-10.6031657778115	0	-0.000928949711992682	-0.0106596470833151	-0.00869397696909249	6.44	6.4373959434411	6.45090310290734	6.44019605682235	27.23	27.2419910203977	27.2362769938618	27.231699123025	65.55	65.5571928396871	65.5398746198102	65.562980257404	56.66	56.6778265382815	56.6554618944885	56.6660118477333	0.65	0.651828800304283	0.659315802366755	0.635985315428829	0	-0.00606785897238346	0.00912691431288572	0.00312558266197855	-0.5	-0.489058967131002	-0.506243833988119	-0.500362756733813	-1	-0.994645439381394	-1.00724653167833	-0.995377241505843	-1.54	-1.54775063519784	-1.54439287439681	-1.53352019176085	-1.54	-1.51682944076838	-1.5467315996104	-1.54988452281205	-1.14	-1.12708552990691	-1.14933325559787	-1.13390021601203	-1.54	-1.52697016355914	-1.55511138109629	-1.5459753372597	0.01	-0.00135252379495846	-0.00279018641862451	0.0357600583763356	-12	-11.9961303266204	-11.9918000912271	-11.9924981554472	22.22	22.2118739225457	22.2315621069904	22.222144949522	104.4	104.400267035419	104.392857419602	104.407325304228	100.79	100.781578326546	100.800107039195	100.789881231651	77.48	77.4756070203766	77.4713240880492	77.4851238477181
2025-05-13	67	67.0172867732699	66.9860463538334	66.9913139459396	45.01	44.9959929025577	45.0059834300257	45.0090617165753	36.25	36.2532462094875	36.2588091679308	36.2462934222311	29.8	29.7835047705251	29.8016051412801	29.7995257469084	23.7	23.7041220306582	23.7003316858073	23.7131429656439	24.3	24.2926696254732	24.3098130896097	24.3123690391458	43	43.0132133021471	43.0003742689634	43.0139641872998	91.88	91.8674371400422	91.8792254478031	91.8825602001683	92.06	92.0472411488982	92.0606787026313	92.061414028208	47.94	47.937491579176	47.9340456910605	47.9418796809839	23.5	23.5020490545268	23.4916001030497	23.5014294586322	10	9.98973220585611	9.98123644273576	9.9930048294529	0	0.00535043519352841	-0.0209340356391023	0.0194030261989125	-1.54	-1.53507348730448	-1.5334444677274	-1.55967125766706	-0.7	-0.706044482286927	-0.697378188645178	-0.702223928405627	-4.71	-4.71214546415024	-4.71904486520717	-4.69820059012378	-10	-9.97142373988385	-10.0097078833818	-9.99611523581824	0.65	0.650687804946577	0.638276918362255	0.649461329871633	11.9	11.9098077844506	11.8903335746493	11.8824342951854	0.8	0.791089046480337	0.811051311476862	0.795535908847153	25.9	25.9035291480434	25.8994902192533	25.8919085687901	99.57	99.5714909774535	99.5582765475275	99.5817152033416	107.3	107.311292499376	107.312399262075	107.303600775838	90.47	90.4735092963857	90.4638638414783	90.4709913880594
2025-05-14	80.43	80.4367674748633	80.4444085843333	80.4145881961985	48.18	48.1627185127369	48.1901213790618	48.176536818045	56.2	56.1929415603293	56.1996718957773	56.1900173377766	37.91	37.9077158238232	37.9078129882796	37.9054647529689	33.85	33.8627254370325	33.8607640660273	33.8626810683008	30.79	30.7870779170042	30.7927486385999	30.8123131792171	30	30.0030543867473	29.9895074807293	30.0053125664335	88.55	88.5543780151063	88.5280830214491	88.5474696515855	90.35	90.349503427186	90.3609447671568	90.3365770573441	81.74	81.7449724582392	81.7213420394786	81.7481864347929	20.18	20.157584756792	20.1870007886316	20.1751842510336	13.98	13.9728327671896	13.9898729683718	13.9724245378822	0	-0.00150345331818938	-0.00238667182520016	-0.0109835880295524	-0.5	-0.482998874709541	-0.492486245551239	-0.498292334958671	-1.01	-1.00828140050022	-0.99940945564735	-1.00688348750654	-2.54	-2.55508372970188	-2.52434362071253	-2.52965676298336	-10.89	-10.8582151148947	-10.8914430175731	-10.8980843659256	-10.01	-10.0142295391947	-10.0065603174271	-10.0133144438714	-0.5	-0.502020428149142	-0.478432020642427	-0.506894471534302	-10	-9.99491443552229	-10.0110607682471	-10.0162612630431	11.5	11.4949208075726	11.5030685797695	11.4870816534156	57.19	57.1686701399851	57.1749655803644	57.1955009506744	67.66	67.654442091121	67.6640489186147	67.6762043078762	52.14	52.1415981238463	52.1348630826358	52.1543089573877
2025-05-15	7	7.00840047409413	7.0044394789111	6.98322157102272	6.71	6.69567096312244	6.7116479212375	6.69956917120734	13.47	13.4499074143513	13.4692970639673	13.4751057927814	0.55	0.54254777934728	0.564266589527859	0.565359446938131	1.63	1.62205686765324	1.64292224884726	1.63476194521119	2.07	2.07024131804505	2.05776750762732	2.07867131067334	2	1.99874624563037	1.98607333557429	2.00199401672477	24.51	24.5059855884896	24.5144404860341	24.5059731694191	62.25	62.2559805790044	62.2409649735712	62.2563486754631	41.78	41.7713474050265	41.7538621756875	41.7887429912036	3.52	3.49831789039046	3.51165030039799	3.53717398573977	0.65	0.632977251569365	0.646013348623754	0.647811235937538	0	0.00418548541167242	-0.000923798052310324	0.0099387451982298	0	-0.00478234719146602	-0.0164289495758396	-0.0014523477490649	-0.09	-0.0825257509480508	-0.0964574564315633	-0.0849887273552517	-1.54	-1.5229048124716	-1.54135924252599	-1.54878866771456	-1.54	-1.53520297999339	-1.52886621803506	-1.52380456285229	-1.54	-1.54578452452414	-1.52671736635571	-1.53701737768109	-0.5	-0.513219129126762	-0.521595190339366	-0.485287698839014	-3	-3.01085640432418	-2.99341459981112	-3.01033300399133	-5.09	-5.09264675826391	-5.09422720959084	-5.08794576034027	29.51	29.5060951697941	29.5116726106334	29.5106223703594	30.64	30.6422990145283	30.6440447082961	30.647595812324	12.98	12.9801258444938	12.9767340542691	12.986661782026
2025-05-16	20.61	20.6143630518337	20.5989483865524	20.626614496897	15	15.0013868475875	14.9931472365959	15.0187539474134	21.5	21.5103940475183	21.5221702817494	21.5062654096311	5.11	5.10256714427434	5.10295857889868	5.10710916399255	5.28	5.25949226020783	5.27583888691254	5.27937075102434	4.75	4.75994662970891	4.76453005289442	4.76226101236295	2.81	2.8093196160704	2.80937307642702	2.81902726570778	35.1	35.0911975613813	35.0869450118602	35.1011143265616	44.14	44.1417040930836	44.1431393074923	44.1399005354405	5.11	5.10373119943765	5.11134877940257	5.12088130482529	-1.25	-1.26033986837893	-1.23469012773936	-1.24368698529602	-1.54	-1.5321287919524	-1.55411516195398	-1.53604382715853	-5	-4.99912447280982	-5.01839700031623	-4.99887081931832	-5	-5.01871149993876	-5.00721149737786	-4.98869500816377	-6.12	-6.13144510654405	-6.12366249373994	-6.11829636949523	-7.5	-7.48278950314802	-7.51222795653783	-7.48564030015917	-10	-10.0063516763294	-9.99386487720434	-9.99486564013791	-1.78	-1.76544688543137	-1.78529682239352	-1.78655336372856	-3.41	-3.40138285344554	-3.40041400986216	-3.40623801583635	-3.5	-3.51069937643895	-3.48997856992087	-3.49411216074281	-1.96	-1.95398901822945	-1.94928739996996	-1.97835848108779	37.65	37.659300996535	37.6633871945825	37.6529071264876	48.88	48.8982513652876	48.8954014595409	48.8711957246019	36.01	36.0105628156551	36.0023935535845	35.9968936998767
2025-05-17	20.61	20.5909474790286	20.5992908796855	20.617463207982	15	14.9868373438949	15.0093533452493	14.9861288583881	21.5	21.4994329263262	21.503036777855	21.5021967279321	5.11	5.11020033759911	5.09390647686874	5.10006521460406	5.28	5.27883175559546	5.28505108673981	5.27084209237159	4.75	4.76630689869464	4.75535541358688	4.76244893135966	2.81	2.79945750071216	2.80865870562403	2.821558434337	35.1	35.110494202043	35.1189693512262	35.0965216850669	44.14	44.1405268858693	44.1448467079193	44.1406459060893	5.11	5.11917518521674	5.0979007865133	5.12312879265905	-1.25	-1.22505585338688	-1.24706881231824	-1.24649969059945	-1.54	-1.5457293698719	-1.53709230484035	-1.53775200741607	-5	-4.9991370581937	-4.99871470706391	-4.98579512858542	-5	-5.00537767808606	-5.0062495689059	-5.01115233644654	-6.12	-6.12108867512225	-6.10239421386181	-6.1154077072764	-7.5	-7.50020005176581	-7.47924869424639	-7.50130841160687	-10	-9.99223379541908	-9.99485500431686	-10.0126944756335	-1.78	-1.78731305287287	-1.78130865031714	-1.80172869856812	-3.41	-3.40899470143879	-3.41443246666941	-3.41360316669684	-3.5	-3.49450596665863	-3.48867352064506	-3.50436564789073	-1.96	-1.97173777826596	-1.95667870704653	-1.95056335397209	37.65	37.6436612413443	37.6323412755454	37.6447898006814	48.88	48.8765200969439	48.8843889045096	48.8677162172939	36.01	35.99603849252	36.0101264891815	35.9931466500375
2025-05-18	58.5	58.5116190193144	58.4977241534053	58.5164546761026	41.2	41.2144452155532	41.2058224211668	41.2087182537327	37.87	37.8701388415099	37.8691586403127	37.8689265564942	23.31	23.3303732169789	23.3067534081335	23.304026299701	23.31	23.3187281619593	23.3202438161696	23.292183015116	23.31	23.3231710384421	23.2973301362006	23.3089977094362	14.69	14.6839330046035	14.6927736720874	14.6961241044292	24.52	24.5157002887002	24.5112509884077	24.5300056025028	30.9	30.8954545038291	30.903116198389	30.9075625688379	3.52	3.52263492743698	3.54123746093353	3.50697276956583	0	-0.015425017839951	0.00466445765782979	0.00367949938444895	-1.54	-1.53376700237672	-1.53070969100368	-1.53757956862171	-3.08	-3.06878585876517	-3.08868244153087	-3.08307471807824	-5	-5.00725729152246	-5.00041389315634	-5.00184841430603	-9.3	-9.29453761091818	-9.2957555147021	-9.31266792446936	-8.35	-8.34159473239259	-8.35370833078931	-8.34501660639819	-13	-12.9847621433849	-12.9773213909886	-13.0031580155219	-11.69	-11.6958565485117	-11.6845961656915	-11.6943431679839	-1.54	-1.54370150811684	-1.52495801635507	-1.53383136653566	-2.5	-2.49189932201814	-2.48201055090592	-2.49032901587619	0	0.00568417596876002	0.00419473152117466	-0.0194816897046749	29.45	29.4396518583594	29.4412988668004	29.4469945931367	40.7	40.7159358561518	40.6884975584851	40.7078183278855	23.97	23.9748809748884	23.9750330433705	23.9841876396596
2025-05-19	29.9	29.8909587037643	29.914940256274	29.8944076116668	10.99	11.0158145675449	10.986854751554	11.0046618449628	9.9	9.90247023158142	9.90494217142834	9.8876513522132	9.9	9.9033228913457	9.89901054479019	9.88580179487723	9.9	9.90509044725901	9.89101545340876	9.89476551225825	9.5	9.49897228355442	9.49301189994033	9.4921823116183	6.61	6.62067006996308	6.59270362195769	6.62857440880578	26.99	26.9737667933723	26.9880220180662	26.983773483835	33.1	33.1009385353114	33.1127561541219	33.1009705676847	29.9	29.9009207900201	29.8914218834526	29.8938323148744	3.52	3.52362774040658	3.51651748101241	3.52765656014839	3.52	3.52318812016341	3.50981990081476	3.5376632482538	0.57	0.573105658679234	0.577963793155878	0.575220283614694	0.01	-0.00248213515913383	-7.10439013620126e-05	0.00891951052869452	0	0.00196543720327727	0.00154451017603773	0.00826294596175532	-0.04	-0.0423923657445614	-0.0699642434880018	-0.03774900213132	-1	-1.01419400498251	-0.994184432327119	-0.991697325024544	-1.01	-1.01174417169081	-1.00581688413586	-1.01381579558031	-0.04	-0.0412536703909127	-0.0502479188546981	-0.0501915488823307	-10.44	-10.4593481105336	-10.4488285931791	-10.4463850704339	-2	-2.00077362193692	-2.01480502795664	-1.99705222358916	37.5	37.5028306005162	37.5045671931386	37.4883095370204	42.23	42.2410170411119	42.2327874226184	42.2366333562885	29.85	29.8381935150411	29.8327772717165	29.8357941821596
2025-05-20	20.3	20.310572402283	20.3068909837918	20.3042073601743	8.9	8.90549383445014	8.90569633670247	8.91301825154664	12.54	12.5432429043817	12.5151413074445	12.5413057354521	7.73	7.74104759114161	7.72043059441244	7.72480247319979	4.19	4.18624003415219	4.20439971898195	4.1908789496998	9	8.99602846173073	9.00869058728354	8.98446976478085	10	9.99522844776608	10.0018904876676	9.99992738458644	24.59	24.5793538421583	24.5866754119708	24.5971053934593	49.9	49.916447317982	49.8987841738984	49.8899807719702	14	13.9978401303033	13.9951154245871	13.9997380563023	0.01	0.00786094545243801	0.00281219437124215	0.0116963303823532	-0.04	-0.0354696303982855	-0.0378296039340327	-0.0214188630109161	-0.5	-0.476650240356317	-0.504968255806268	-0.510287213777279	-0.5	-0.497162244678121	-0.515174248528907	-0.49406047343464	-2.1	-2.1048427495464	-2.10002831251978	-2.07486960914444	-3.75	-3.74965551496002	-3.75424720376064	-3.75150022707627	-1.54	-1.54365726428357	-1.53546236527036	-1.53754472080931	-0.5	-0.489572847724304	-0.491955350418282	-0.493681095628133	-0.04	-0.0370020555232018	-0.0561265930242221	-0.0356191423772563	-8	-7.99815946843197	-8.0045830883473	-8.00599171087199	5.76	5.77560510221031	5.74478725785994	5.7659581317651	50.09	50.0760102978532	50.0957338338322	50.0903297773713	61.94	61.9519276187506	61.9354031229472	61.9303425250394	45.36	45.3678422979271	45.3478007966014	45.3672711259058
2025-05-21	46.18	46.1552655209264	46.1918137853304	46.1703151491677	39.26	39.2671940107345	39.2767915159883	39.2668300204825	28.65	28.6622704066946	28.6352666508472	28.6485833339993	19.14	19.1463352486134	19.1242152389019	19.1342035891688	11.02	11.0079314841622	11.0250718421879	11.0177045307618	17	17.0025332043055	17.0026455446584	16.993931088195	18.69	18.691112090917	18.6733046597751	18.7025679288712	60.56	60.5513759059074	60.5374355537123	60.5520928007851	70.53	70.5283631348576	70.5119090336242	70.5127711787703	36.73	36.7362205431376	36.7311878453866	36.7182085428482	0.85	0.837718510094677	0.837894246456251	0.85011691054143	0	0.00644117652292349	0.00496075576201718	0.0171109819570612	-0.5	-0.494295778595229	-0.494019029792669	-0.482433772367593	-0.6	-0.587812252058961	-0.59206718264449	-0.596086909955268	-0.5	-0.4965654864489	-0.492138817909708	-0.495772458431006	-1.1	-1.10723107902105	-1.09912882559115	-1.0991656610551	-3.94	-3.94761236994317	-3.94064064866111	-3.93004594980811	-0.6	-0.607162386382921	-0.602896069660104	-0.584337206743002	-4.99	-5.00083462624874	-4.98508606539747	-4.99139961820895	-6	-6.00622519133842	-5.9735035627431	-5.99046749418419	-1.3	-1.28660530293049	-1.30326047486115	-1.29843117664234	61.39	61.3889285954657	61.3794504651074	61.3736050783171	41.78	41.7976664879046	41.7593584612491	41.7634584246417	32.73	32.7453027855706	32.7234964468333	32.7320277607008
2025-05-22	5.11	5.09931525371311	5.11019149028668	5.13166282187859	22.68	22.6929525347486	22.6838524247789	22.6765627646653	17	16.9981190150752	16.9915175167357	16.9881450864348	13.1	13.0922958008628	13.0998503524004	13.1006341232548	12	12.0018619934208	12.0013537282791	11.9960062329156	12	12.0058934643742	11.9990989484776	12.0139386024987	0	-0.00579644868156793	0.0038928053683957	0.00206454612136567	14	14.0071587510796	13.9959451061369	14.0163895556202	49.98	49.9832110505839	49.9800290547026	49.9937808724946	19.99	19.9678703866885	20.0094500283454	19.9853020466805	3.52	3.53482490708397	3.53666583936283	3.50628076633767	-0.01	-0.0128061209486589	-0.00390565481257571	-0.00555894812645279	-0.04	-0.0340480357191541	-0.0387263407777126	-0.0267762980809217	-0.54	-0.52780476396044	-0.557836425682153	-0.52779220799014	-0.01	0.0139049645161727	-0.00532679810107519	-0.0121571113019962	-0.5	-0.507280341168046	-0.492931992621354	-0.502543179218126	-0.39	-0.380650615445282	-0.398465248294881	-0.385288208015899	-1	-0.995019337295075	-0.992855364632472	-1.00916918952619	0	-0.0110281795983408	-0.00993113181689936	-0.0138960268212924	-0.04	-0.0641464912035079	-0.041196312682278	-0.0387771180730639	-5.51	-5.50876192477482	-5.51621915964936	-5.51488841305691	14.43	14.4270774498451	14.4307547259147	14.4164915460161	18.32	18.3230671463203	18.3349494306658	18.3121170266087	12	12.0199298247093	11.9842785355217	12.0129492614374
2025-05-23	20.22	20.2367759800926	20.2149769938405	20.2152945498571	7.69	7.69338063486181	7.69380954313798	7.68580889538066	3.52	3.51882712408229	3.51488455456893	3.52521295164838	2.44	2.42590775073029	2.45674421636492	2.42981600250312	0.11	0.119368019079968	0.116821324348208	0.116085825936533	-0.1	-0.093979702966888	-0.103472647461323	-0.106215971323581	-4.84	-4.84145744460176	-4.82842956865157	-4.84299519402932	22.34	22.3478001848995	22.331971900598	22.3251799365246	29.86	29.8448094893189	29.8600445222228	29.8611256481974	21.72	21.7012052578423	21.7249659831642	21.7388481619422	3.52	3.53256944242211	3.52122561327815	3.51159389052758	0	0.00470435262643397	0.00693086457287512	0.00635410787225248	-0.04	-0.0436127578989733	-0.0432053330533789	-0.0387269803626736	-0.04	-0.0402599450791548	-0.0511380779894138	-0.028462036512269	-0.54	-0.538549517067883	-0.563946327653283	-0.519286534381619	-1.54	-1.53928152031835	-1.55504589703818	-1.53931396192542	-1.54	-1.53839694318669	-1.52740960468355	-1.55290093672355	-1.54	-1.53407999225747	-1.54688699189432	-1.55140912504331	-0.45	-0.445249068814044	-0.45021950336489	-0.467545446390421	-2.45	-2.43386273732399	-2.43402353704863	-2.43900287082609	-6.39	-6.40510167100843	-6.38348173845475	-6.37375019655015	26	26.0248283111026	25.9985930655498	26.0068722014014	22.89	22.8926271307238	22.8872666973961	22.8842117512208	12.58	12.5743390439331	12.5975612173034	12.5815984594203
2025-05-24	45	44.9964783514051	44.9875060071892	44.9778614122974	30.01	30.0312896272033	30.0009324811456	30.0086782325489	30.01	30.0158263372999	30.0118728591218	30.0211948367298	23.24	23.2299595534406	23.2361090289973	23.2503661539079	20.03	20.0070639772974	20.0180988159167	20.0428279404277	14	13.9948356697323	14.003461789162	14.0276759007644	23.82	23.823144877857	23.8299824408952	23.8238750114802	32.21	32.2120850898643	32.2343266884327	32.2186746372842	30.01	30.0187569850736	30.0145427317098	30.0112135182632	19.26	19.2707579570435	19.253958638967	19.2600907546628	-0.07	-0.060360561356014	-0.0835426737997801	-0.0701394930770165	-4.03	-4.02605597712573	-4.03195416445441	-4.01469102974902	-5.5	-5.48383264824702	-5.51144800587266	-5.51698885835272	-6	-6.00369888888996	-5.99222970353864	-6.00926422224799	-6	-6.01461721269903	-5.99670187648293	-6.02426576761042	-6	-5.99619995805718	-6.00830430369065	-5.98367167437987	-6	-5.98842069447961	-6.00689612364381	-6.00716076289753	-6	-5.98880931666048	-6.01158462756094	-5.99112147695648	-1.5	-1.49530405004445	-1.48892306034889	-1.50204216587429	-5.4	-5.39084931962809	-5.40777271221195	-5.40776891458002	2.23	2.21501536252386	2.22978688140654	2.23237053660512	27.6	27.6064342848813	27.5892724015102	27.5892863059369	51.9	51.9152958808049	51.9181000273188	51.9240199130563	45	44.9904276792103	44.9981029727556	45.0035039976402
2025-05-25	14.09	14.08668961257	14.0823724289192	14.0843709244923	14.05	14.0381576436702	14.049056920235	14.0409062180904	8.91	8.88245292609432	8.90532166632875	8.92464369265782	7.92	7.91172936814332	7.93038508649041	7.92232792555795	7.1	7.09462720836289	7.08296830558468	7.10807834182631	5.95	5.95402756499356	5.93347044671002	5.96052814020541	7.1	7.11203777556097	7.0995607815596	7.10659909176462	16.21	16.2212400316032	16.2062349987413	16.2213822417346	1.67	1.67474495182975	1.67023299839985	1.66736354118392	0.01	0.00476084746264739	0.00665616427058144	0.0166561323993612	-0.5	-0.49517231050213	-0.506132197813733	-0.49761865208427	-5.8	-5.80356932097308	-5.7955558648482	-5.79312767243539	-10	-10.0029124037692	-10.0147666961502	-10.006686478095	-15	-14.9862944047697	-14.9859515425031	-15.0047769381206	-18	-18.0102038862564	-17.9963348662472	-17.9817766631714	-14	-14.008975200316	-14.0079669614507	-14.003651710492	-10.62	-10.6148963562859	-10.6166111404983	-10.6244238719724	-15.09	-15.0858401103938	-15.0806760170122	-15.093795528901	-13.99	-13.9943458900657	-14.0020640320879	-13.9826681819959	-6	-6.0164104526049	-5.99150143292042	-5.99378689269504	-6	-5.98398493240795	-5.98220091693319	-5.98944869190474	21.71	21.7209445967249	21.7161755379962	21.7124335640691	43.11	43.1142026140076	43.1060024138158	43.1082279966366	35.9	35.8831051541568	35.9078078900534	35.9047059658249
2025-05-26	56.35	56.3555911235133	56.3594343307023	56.3549931032716	17.7	17.7114864537847	17.7021369505468	17.6847187358875	9	8.99837384158768	8.98371677985392	8.99416968251064	14.43	14.4313612014617	14.4297440977096	14.4415082858746	15.01	14.9977601537833	14.9991044257599	15.0112759462834	20.86	20.8657164901333	20.8555749209489	20.8616182135407	9	9.00888421269956	8.99550544351992	8.98940617375914	45.01	45.0212381947854	45.0079765845729	45.0122289488122	70	70.0038639779765	69.9917557551392	69.988138013098	48.8	48.8032324475177	48.7861189516517	48.8026608814109	13.9	13.905343500984	13.9065789434818	13.886430814702	0.85	0.855533491869656	0.854659146513092	0.859832636676595	0	0.0173359289671163	0.00470416218271422	-0.0113664057536557	0	0.00985286244034026	0.00995772725550297	0.00567937410263511	0	0.00244009812168254	0.00748760648098123	0.00959295975550806	-0.01	-0.0257270724728283	-0.00859509686278565	-0.00601117786690487	0	0.0100499461838887	-0.00476615507257072	0.0146639502025717	-0.01	0.00508877056186001	-0.00386252069682963	-0.0251875546418769	-5.5	-5.49709528303118	-5.51389188921754	-5.49273129647511	-13.9	-13.9115666646949	-13.9083698326712	-13.9035527688985	0	-0.0144881980113223	0.0159880697832203	-0.00790334104273946	84.1	84.0855946654345	84.0968854245087	84.0947265859651	85	85.0023863757369	85.0029262809803	85.0177064581437	49.34	49.3346829297046	49.3457939914465	49.3417733043288
2025-05-27	60.7	60.6925042150273	60.684893360759	60.6930529247796	42.02	42.0109683747925	42.019010287943	42.0316929209039	38.5	38.4856472110539	38.4849846941185	38.5013082954782	20	19.9919872060938	20.0038032764885	20.0002648245365	13.6	13.5952307743898	13.5900900926472	13.589258242269	13.3	13.2865600895804	13.27912911064	13.2897426779047	15.5	15.5132098686897	15.485196143896	15.5171402745813	36.51	36.5182663562561	36.5084847612112	36.5083686299916	49.9	49.9062830184435	49.9111945453063	49.9075644302491	39.14	39.1499769156873	39.1456611025276	39.1318043316209	10.53	10.5418627282718	10.5442672329232	10.5309136520839	13.79	13.7754767485232	13.7720480999255	13.7928701812236	0	0.0144539439957321	0.0121756615837735	0.00343580747774646	0	0.0125142083865123	0.00435762677732447	0.0118204966903173	-1.11	-1.09482588042637	-1.10408283794076	-1.11352128436547	-2.11	-2.11167790901537	-2.10081422344258	-2.10955547303511	-1.01	-1.00779254790111	-0.995408347812412	-1.01965342217043	0.85	0.864689527495997	0.838704586970843	0.873301108323787	14.5	14.4975417605392	14.4869968037214	14.4964302358407	-6.13	-6.13571382548697	-6.12484331559029	-6.14045417877909	12.56	12.5701199692287	12.5674645070558	12.5589315040743	100	100.001866222586	100.002600545214	100.014892143659	100.58	100.572879045164	100.589150984269	100.566798664136	86.01	86.0111923321303	86.0190525128926	86.0138248021156
2025-05-28	83.26	83.2512161466125	83.2575352882838	83.251201209147	62.77	62.7592832989662	62.7758505746688	62.7763103519019	56	55.9989996197915	55.9937501559783	55.9889760058028	37	37.0053601789224	36.9958507855938	37.006491240665	32	31.9911604582899	32.0063162805649	31.9835257117395	37	36.9829507500819	37.0053597710373	36.9929425642557	60.99	60.9845640205064	60.9761731841326	60.9763213687262	81.75	81.7651685014817	81.7453770190761	81.75042594558	75	75.0109370031601	74.9989579339898	75.0006248383145	32.2	32.1988557650913	32.1810161867248	32.1762776159683	14.75	14.7641736649514	14.7498525778537	14.7655567907301	0.99	0.986482220282208	0.984771949603048	0.972388508967379	0	-0.00688542199399947	-0.00391964693126155	-0.00728141338275425	0	0.00338902268146088	0.00117995781711138	-0.00259407801668914	-0.07	-0.0627876174997571	-0.0704347689716664	-0.0713433915153281	-3.1	-3.08581638679856	-3.09146825261862	-3.10744093262981	-0.5	-0.503091797838222	-0.488545217115271	-0.478718479998257	-0.07	-0.0656207386668752	-0.0806770935528969	-0.0709419775429669	0	-0.00291779320793454	-0.0133712687757262	-0.00464205616630555	-6.54	-6.54584807697273	-6.53091790073832	-6.54260049759699	16.05	16.0533688485392	16.0291691922456	16.0425642828076	93.27	93.2712338173671	93.2798942954596	93.2748083285298	102.79	102.793599454657	102.773636518314	102.785213327233	89.99	89.9902199005965	89.9882742051961	89.9646614392929
2025-05-29	87.4	87.403831081513	87.4020172366453	87.3940186408293	54.1	54.0990159730534	54.094227633169	54.0792588048154	53.81	53.8157164382096	53.8095654654006	53.7835882694253	36.72	36.6956384939129	36.7064786186623	36.7279021763795	33.24	33.2462014460431	33.2489119232189	33.2459817998887	26.17	26.1736810122391	26.1575145832698	26.190128851988	36.94	36.9377577782577	36.9365214081425	36.9512858789468	48.95	48.9583289480241	48.9603327285626	48.9312831775622	63.24	63.2280722287688	63.2257938053799	63.2348821097891	46.04	46.0536019281902	46.0371649562301	46.0455183219615	24.92	24.9171805193798	24.9292952333898	24.9089686945127	5.65	5.64260682550321	5.64590668176651	5.65922031260691	7.06	7.06124135188183	7.05226088046773	7.06678898708075	0.55	0.535067729549566	0.541720553785862	0.543650470806979	-0.5	-0.505273348489221	-0.498906172499484	-0.501560704804696	-0.07	-0.0764597589489961	-0.0774468793070543	-0.0621438963461497	-1.96	-1.96441445998504	-1.95614325072402	-1.96824271496129	-5.93	-5.93166431194947	-5.91080034110149	-5.94236068761554	2.31	2.30131529225916	2.29778482947279	2.31468562267222	3	3.00751797021639	2.99336927733651	2.99037946348739	46.63	46.622350555362	46.6356792836263	46.6270595749786	110	109.985412195901	109.996607725602	110.020171110801	99.29	99.2956873700335	99.2932619421738	99.2929762825078	79.4	79.3985938904733	79.3998923873891	79.4027853191128
2025-05-30	90.15	90.1444507133097	90.1541311406905	90.1275972460909	90.9	90.892235236889	90.891496651594	90.9122343958684	90.13	90.114153789741	90.1193320535618	90.1258998102612	89.57	89.5673891846406	89.5783291609301	89.5833801690686	89.57	89.5655829151633	89.5724899191459	89.5650278624205	89.98	89.9795065696664	89.9803836989715	89.9886655145688	85.47	85.4811211966441	85.48095968154	85.4790697099959	93.28	93.280738815013	93.2922091696271	93.2824294673332	91.89	91.8834411838849	91.8820144858995	91.8882915134111	53.77	53.7585213506236	53.7829473976758	53.7598893509248	30.4	30.4154993492298	30.3945100624368	30.4112167577588	3.52	3.50676200252589	3.53635371148828	3.52243323895764	4	3.99462194198663	4.00559808847624	4.01458677132723	0.65	0.644221301597364	0.65909331926495	0.666017192657582	0	0.0203035384083663	0.00339665725962616	-0.00927880200582041	-0.07	-0.057386763399001	-0.0607433467487133	-0.0837787532077266	-2.37	-2.37283672197741	-2.35417073784575	-2.38190759142351	-5.07	-5.07323902320251	-5.07304353775417	-5.06931426079027	9.51	9.49137693582651	9.50859870667551	9.52308069336457	20.01	20.0117326108536	20.0199675813661	19.9884172333381	50.01	50.0180846490531	49.9816707884595	49.9956022025845	108.53	108.524476813206	108.519435899122	108.516770453895	125.19	125.176259367138	125.195852395496	125.196799805483	101.35	101.351470181433	101.364947678507	101.331978747996
2025-05-31	104	104.002014845254	104.00016400838	103.998404965268	89.74	89.7336991447893	89.7281448075518	89.7456179240123	85.53	85.5316474736352	85.5359648006709	85.5226377299561	83.01	83.0097649620318	83.02220813681	83.0131699014292	83.61	83.5978142903731	83.6039292030494	83.6133972307395	84	83.989516751282	83.9992042607231	83.9937027870781	83.61	83.6177789432541	83.6098407751169	83.6147320466224	84.92	84.9155506317885	84.9157671771296	84.9313034985159	73.25	73.2445423486961	73.2407665649885	73.2500280544535	38.55	38.5585193624967	38.5396700249314	38.5497798388636	13.86	13.8767837402433	13.8445788986486	13.8717242011278	0.65	0.650390844285561	0.635882282415462	0.657561234306124	-0.55	-0.535726445476876	-0.560529651983273	-0.570114972950772	-5.54	-5.54166127411868	-5.55281438265612	-5.55406254369352	-6.11	-6.1185181911233	-6.10803370720216	-6.09869559229551	-5.54	-5.54685518474678	-5.52523567083678	-5.52339263142277	-3.98	-3.99006581303944	-3.9888906868287	-3.97154328028562	-3	-3.00374607920565	-2.99171295633682	-3.00063876226609	1.72	1.71682230672438	1.71843043540004	1.70919450236276	1.12	1.12244121372015	1.13143618915477	1.12398321737485	46.99	46.9970720331159	46.9995045585777	47.000244773122	69.31	69.3129232774934	69.3173784558555	69.3044905386649	82.14	82.1519918520972	82.1597656204066	82.1460485198117	72	71.9979369364363	71.9921490796633	72.0061089616365
2025-06-01	80.97	60	36.91	14.21	41.28	27.2	32.67	18.85	31.01	21.03	25.01	20.57	14.1	13.16	16.91	15.83	14.21	8.13	6.47	6.47	14.21	7.03	6.47	6.47	22.06	14.21	15.52	13.79	21.08	9	6.06	7.03	18.83	4.29	-0.11	-4.76	10.49	1.72	0	-2.06	2.12	-0.11	-0.3	-5	0	-0.5	-1.05	-5	-0.5	-2.74	-3	-4.18	-5.8	-6	-6	-6	-5.8	-5.8	-6	-6	-6	-6	-8.29	-6	-7.46	-5	-4	-2.72	-6	-0.2	0	3.52	-9.06	-0.11	3.52	18.76	-0.71	8	23.2	52.27	-5.25	2.14	27	60.06	35.55	40.7	44.61	43.55	56.96	54.51	62.46	52.96	52.9	42.68	40.41	31.91
2025-06-02	80.24	55.24	30.24	17.47	39.37	25.51	27.25	17.47	46.66	35.32	33.29	25.66	39.1	33.12	28.68	19.1	35.51	35.01	32.37	35.01	18.89	33.51	34.39	48.89	31.78	31.9	31.85	40.01	45.59	64.6	67.24	59.09	81.09	77.96	42.66	28.46	57.76	44.44	31.01	10	42.55	28.23	27.11	20.39	36.05	27.95	13.09	10.11	10.86	10.11	6.85	5	3.52	3.52	3.52	3.52	3.52	3.52	3.52	3.52	1.72	1.72	1.72	1.72	1.72	1.38	3.52	3.52	3.52	3.52	15	21.72	9.4	17.41	33.22	32.37	8.13	25	42.99	75.3	43.01	79.24	91.71	98.06	96.32	103.33	106.25	95	104.21	100.21	101.23	96.11	90.79	88.59	85.52	81.51
2025-06-03	75.14	72.47	70	69.41	76.76	73.81	69.76	69.75	69.75	64.16	67.41	69.75	69.76	69.76	69.76	69.76	69.75	69.75	69.76	69.76	69.41	69.41	72.13	75.14	72.13	72.13	78.54	85.69	87.81	83.93	77.43	72.47	90.22	83.62	72.13	52.19	75.02	55.93	30	12.47	61.45	40.02	21.35	20.95	15	10	3.52	1.25	6.53	3.52	3.52	3.52	1.99	1.92	1.72	0.85	0.65	0.65	0.65	0.65	0	0	0	0	0	0	0	0.85	-0.83	0.66	3.52	3.52	4.57	12.21	17.71	28.59	18.15	33.47	44.07	65.45	29.91	50.87	76.16	87.62	102.2	108.12	109.24	109.24	108.97	108.78	106.67	100.78	99.05	96.47	91.25	86.92
2025-06-04	96.8	94.04	90.07	89.13	92.08	90.27	89.17	86.67	87.06	85.52	84.52	84.48	80	79.35	75	80	80.75	75	81.92	83.64	75	75.12	75.13	82.52	74.42	83.49	90.04	91.64	100.92	100.5	96	89.02	92	82	69.97	40.41	67.37	47.3	-6	-7.25	26.8	0	-6	-6	-0.5	-0.14	-0.01	-1.27	9.1	6.5	6.5	6.5	9.02	9.02	5	2.9	1.89	2.91	1.72	3.02	0.85	0.85	0.56	0	-6	-6	-0.5	0.5	9.37	9.77	10.77	14.89	-4.6	11.22	33.54	47.65	30	57	73	81.88	62.31	77.54	101.71	113.38	114.31	116.43	117	114.31	111.11	111.11	103.11	90.22	98.26	94.84	91.19	89.44
2025-06-05	124.73	115.28	112.09	104.58	112.28	109.5	104.74	102.44	101.24	99.52	99.74	99.52	97.53	97.28	96.82	96.74	97.97	97.97	99.15	100	100.47	101.29	102.44	103.63	101.37	109.9	113.57	124.54	125.24	119.9	115.28	110.24	112.28	109.44	93.99	89.63	56.91	34.56	17.1	0	15	9.9	3.52	0.65	3.52	1	0.85	0.66	7.79	5.99	8.49	5.49	3.52	3.52	3.52	3.52	3.52	2	1.72	0.99	3.52	3.52	3.52	3.52	3.52	3.52	5.25	5.99	5.89	9.62	15	15	3.52	9.58	18.64	37.49	0.91	25.05	54.03	89.95	87.8	102.74	114.75	129.73	139.34	145.02	146	145.02	146.76	144.4	141.03	137.83	133.24	122.33	118.24	116.27
2025-06-06	98.15	109.63	104.04	100	99.61	98.15	98.15	98.15	109.63	109.05	108.39	107.73	104.61	104.61	104.61	103.98	104.14	104.14	104.14	104.76	104.29	104.29	104	105.55	104.77	110.93	111.33	112.44	117.67	116.39	114.15	107.81	110.44	101.26	85	70	81	62.73	12.03	-6	17.62	-0.23	-6.02	-6	13.75	3.52	0	0	0.85	0.85	0.73	0.7	0.65	0.65	0.65	0.65	0.85	0.85	0.65	0.65	1	0.85	2	3	1.72	2	3.52	14.86	-0.46	1.72	4.2	11.14	-0.86	3.62	11.32	40.48	0	15.28	61	89.23	65.97	94.2	97.57	120.4	121.51	121.51	123.01	121.51	126.31	126.31	126.31	120.44	109.21	109.21	102.14	96.35
2025-06-07	92	92.08	90.23	89	89.93	86.22	83.02	80.1	91.96	89.93	87.31	86.22	89.86	87.31	86.22	81	87.31	85.59	85.48	85.18	88.85	88.01	89	89.07	88.74	89	89.19	89.19	93.8	89	78.8	2.5	57.2	33.31	0.98	-3.27	24.21	16.16	0.85	-3.97	0.65	0.65	0	0	0.65	0	0	0	0	0	0	0	0	0	0	-0.07	0	0	0	-0.01	0	0	0	-0.01	-2.17	-1.21	-0.6	-0.5	-0.3	-0.3	-0.01	0	-2.1	0	0.65	3.52	-1.72	3.52	17.59	73.15	27.61	51	84	89.99	94.74	98.9	100.69	100.2	100.2	99	94.97	92.51	98.96	95	93.85	91.99
2025-06-08	71.47	71.47	69.34	50	65.8	65.8	63.8	62.8	64	63.8	62.8	59.3	60.8	60	60	60	60	60.8	60.8	60.8	60.8	62.35	63.8	63.8	66.8	64.36	64.36	64.36	59.17	44.02	22.02	18.71	10.87	1.72	-0.2	-2.3	0	-0.67	-8.62	-17.51	-1.5	-5.5	-10	-15	-13	-5.5	-5	-6	-5.5	-5	-5	-5	-5	-5	-4	-5	-4	-4	-4	-4.79	-5	-5	-5	-5	-5	-5	-5	-4	-4.79	-4.79	-1.05	0	-15.9	-5.54	0.85	3.52	-14.1	-3.75	12.14	60.8	21.61	76.59	81.78	90.39	95.49	97.9	98.52	98.52	98.52	98.29	95.37	93.17	93.8	88.92	84.3	76.43
2025-06-09	95.84	94.3	91.87	90	92.49	91.04	89.7	88.15	89.23	88.68	88.38	88.06	87.8	88	87.8	88.07	80.75	82.86	86.86	88.15	85.91	87.8	89.87	92.49	87.05	89.94	92.05	92.05	91	92.89	90.61	87.87	97.76	92.89	81.87	54.7	69	59.3	39.1	9.6	38.19	22.7	14.59	14.6	13.67	5.17	3.52	3.52	3.52	3.52	3.52	3.72	5.22	7.22	7.22	7.22	8.09	8.45	8.45	8.45	7.99	8.67	8.67	8.67	7.56	8.35	11.07	18.42	14.38	17.89	20.92	35.9	45	55	55.5	75	65.5	83.94	92.19	99	87.87	100.6	118.31	125.55	126.17	129.45	130	127.35	116.1	111.69	106.83	100	104.28	100	99	95.68
2025-06-10	105.99	105.99	104.12	101.99	104.55	102.82	101.99	100	103	101.99	100.9	100	102.11	101.99	100.9	100.21	100	100	100	101.4	100	100	104.13	105.95	100	100	103	106.75	106.75	109.34	105.99	104.55	105.99	102.99	97.99	86.48	103.61	97.99	90	68.61	96.6	90	75	65	87.47	75	62.37	47.47	58.6	58.6	58.6	61	61.6	61.6	61	61	60.94	60.94	60.94	60.94	60.38	60.38	60.38	60.38	60.51	60.51	60.51	66.01	65.12	83.34	88.35	88.35	50.03	75	93.6	100	75.7	93.19	105.46	125.69	103	112.57	134.58	141.89	136.78	140.6	140.56	136.79	145	142	134	125.85	129	115.39	110.63	105.99
2025-06-11	107.62	101.89	100	98.69	102.22	100.55	100	99.12	98	96.95	96.07	96.07	96	96	96	96	95.98	94.61	94	92.95	94.02	94.02	94.02	94.02	96	98	100	105.4	100.95	105.4	105.4	104.25	109.58	105.4	100.98	98	105.4	101.62	96.95	95.24	94.62	93.14	88.64	77.95	49.99	39.49	9.99	-2.1	12.28	8.68	3.8	-0.01	5.05	2.43	0.65	-0.01	1.75	1.46	0.99	-0.01	0.65	0.65	2	3.52	-3.1	-2.5	3.52	3.52	0.83	1.46	6	8.5	19.9	20.5	39.3	65	55	73.5	86.25	95.35	89.94	94.63	101.44	111.7	100.6	104.39	106.5	107.49	104.81	103.33	102.27	100.95	100.25	99.68	97.58	96
2025-06-12	98.58	96.03	93.69	87.49	98.58	96.69	94.97	93.95	93.11	92.68	91.28	91.53	89.78	90.46	90.5	90.83	89.6	90.12	91.65	92.66	93.27	93.27	93.27	94.07	95	97.98	101.98	106.23	103.84	102.8	98.8	87.49	103.5	95.62	66.5	28	73.09	39.13	11.35	0	13.01	0.01	-8	-12.29	0.01	-8.62	-9	-12.37	-2.1	-2.51	-2.51	-3.62	-4.9	-4.91	-4.9	-5	-4.9	-5	-5.5	-5.68	-2.01	0	-2	-0.01	-10	-8	-0.97	1	-5.5	-2.92	10.8	25	9.37	18.31	31.1	76.39	49.23	80.64	98.56	109.57	86.4	99.01	116.01	123.85	136.41	132.66	141.64	141.71	147.57	143.61	143.01	136.75	122.58	121.21	118.46	111.97
2025-06-13	142	139.52	130.89	128.95	125.03	124.54	122.39	120.69	115.29	114.61	113.98	113.98	112.34	112.33	111.33	111.33	111.36	111.97	114.86	114.44	112.96	112.58	116.35	118.46	115.5	115.79	124.58	126.97	138.67	129.06	126.97	118.29	129.06	125.68	101.76	89	86.28	70.91	45.42	0.01	38.97	15.95	0	-2.1	25.85	3.67	0.66	0	5.5	1.83	1.38	0.65	0.65	0	0	0	0	0	0	0	0.65	0.65	2.5	3.52	-2.45	0	0.65	1.72	0.66	3.52	4.02	9.52	0	11.93	19.43	26.42	0.01	48.89	85.4	98.84	76.45	96	105.97	116.02	118.57	115.61	119.38	119.58	117.62	117.98	116.27	110.25	108.88	108.28	103.98	101.05
2025-06-14	106.21	106.96	106.35	105.74	106.05	106	105.44	104.83	106	105.53	104.92	104.92	101.98	101.98	101.98	101.98	103	103	103.55	103	104	102.86	104.7	104.83	107.9	107.9	108.23	107.9	104.8	101.41	95.65	75.81	91.21	86.21	56.21	27.37	44.17	14.67	-2.1	-5.8	13.98	0.65	-3.47	-14.72	0.65	0	0	0	0	0	0	0	0	0	0	0	0	0	0	0	-0.01	-0.01	0	0.65	-5.5	-2.1	0.65	0.85	-15.73	-0.95	0.85	3.52	0	7.5	21.81	31.31	16.27	36.47	41.77	82.51	50.91	78.01	91.95	98.15	100.06	101.96	101.96	101.96	104.88	104.12	105.88	102.98	103.38	100.83	98.98	95.4
2025-06-15	89.59	76.47	50	50	77.5	49.1	30	30	79.58	77.8	68.7	48.7	64.7	77.8	75.7	53.7	61.35	73.35	64.35	59.35	69	69	64	60	51.22	60.46	60.46	38.57	53.83	30.11	6	2.46	66.75	13.71	0	-2.1	0	0	-0.57	-15.62	-0.3	-0.57	-1	-4.53	-0.15	-0.6	-0.6	-0.6	-0.6	-1	-1.21	-1.21	-2.1	-2.1	-2.1	-3	-2.1	-2.67	-2.67	-2.67	-2.7	-2	-2	-2	-1.21	-1.21	-0.6	-0.6	-0.6	-0.3	-0.07	-0.01	-5.5	-1	0	0.65	-5	0	3.52	41.46	3.58	25.4	46.34	64.28	76.7	82.15	82.71	82.95	83.43	83.43	83.51	78.53	80.95	63.97	52.63	47.38
2025-06-16	75.1	75.1032425242571	75.0830931409115	75.0998480179374	36.89	36.9089572520452	36.8945039886429	36.8880386274886	24.87	24.8900610878669	24.8733929468352	24.8689973295624	3.5	3.51222087606908	3.51858388252522	3.49949077090569	22.5	22.5119096424681	22.4913770638903	22.5028735799944	61.76	61.7641408989664	61.7619235649498	61.7726078109229	53.32	53.3012650274916	53.3080352611025	53.319058784109	91.6	91.6044409910135	91.5788895414528	91.5938490930904	71.41	71.4002620496343	71.401324410985	71.4131760401836	30	30.0101912786846	29.9912279680869	30.0115807648282	-0.07	-0.0765401537141304	-0.0708643611495922	-0.0764074329600553	-10	-10.0085273558849	-9.97557132536932	-9.9957408683461	-1.35	-1.34519354340553	-1.32848258747536	-1.36401223884004	-0.65	-0.652691937190645	-0.660845357380688	-0.640856337456353	-0.07	-0.0664872844608725	-0.0685879982374728	-0.0759014923726267	3.67	3.68581080765435	3.66592175060543	3.66679019699821	30.79	30.7939612961066	30.7824371765836	30.7961830984804	60.07	60.0905506359412	60.0736251293955	60.0612795673897	96.6	96.6008460748141	96.6108083210911	96.5923332816175	128.92	128.917500482319	128.909181655845	128.915802449258	145.5	145.514105708618	145.505780860737	145.48999147818	220	220.01689507853	219.991376199519	219.999604526502	175.71	175.722425521193	175.71455475683	175.697169236019	136.41	136.419288590465	136.404283009196	136.420463333149
2025-06-17	144.64	144.636335381199	144.658381679703	144.640502327156	140.85	140.845313871423	140.855531169773	140.869151356448	134.28	134.277600275633	134.296233471468	134.265909895757	132.51	132.51056468544	132.512205644351	132.519877550957	135	134.993365431068	134.986234335439	134.980111222385	134.28	134.280461390111	134.296721736036	134.282520224076	144.82	144.801321568819	144.843092088639	144.809602465383	155	154.981420303567	154.988242757307	155.000726132609	145.95	145.936984560452	145.947382938757	145.958722383232	112.96	112.961861314826	112.966390827588	112.965699935087	83.88	83.8928367599183	83.8652363880189	83.8832811785667	67.02	67.0183125063173	67.0111750154242	67.0362067854142	52.79	52.7849019346512	52.7885748733285	52.7752952784892	50.95	50.9308849315199	50.9390200950124	50.9422448908563	45.88	45.8668473324132	45.8816081437597	45.8810584156269	31.86	31.8663021970898	31.8560973744651	31.8695867860419	39.85	39.8380493590942	39.8462630920788	39.8461988525739	80.17	80.1613402640504	80.1748803841928	80.1870380078399	104.26	104.265706340238	104.258132735284	104.24423248208	131	130.996664130428	130.986557699945	130.972568962559	152.48	152.486432851488	152.492577412012	152.48575534938	179	179.016861051795	178.985285359932	178.988327032084	167.23	167.254075173275	167.233446141602	167.219223632126	140.7	140.676264490962	140.702271082186	140.711533509213
2025-06-18	139.21	139.194545720467	139.216495077068	139.203254223175	135.4	135.412831056512	135.402563848716	135.385709955115	135.4	135.398893444899	135.403982010619	135.409223484669	135.64	135.648603296542	135.630692658318	135.63525285992	135.64	135.647653481026	135.64425171755	135.641718452207	136.12	136.113668441675	136.119587369299	136.123811064897	150.06	150.059939062805	150.071210974626	150.051253920602	185.94	185.954540376453	185.936841166616	185.940235390704	181.12	181.129342530317	181.121312684507	181.128491302379	134.18	134.171244652654	134.180786223193	134.175186132345	94.07	94.0714458456525	94.0679656154733	94.058469887792	71.7	71.7121254108119	71.7208328203849	71.6932887296155	53.3	53.3017370305984	53.292056329747	53.310938237476	48.84	48.837491059431	48.8511099442542	48.8361916197992	48.4	48.4082277778667	48.396532998378	48.4093882385173	48.23	48.2358708931533	48.2342058059994	48.2301315404677	59.99	59.9750194427755	59.9884173519607	60.002758207403	97.9	97.9120235264942	97.8988488407233	97.8985679831611	119.67	119.674183296678	119.667636071699	119.658623869144	158.83	158.825147258201	158.841927706083	158.832284376083	185.94	185.940437614659	185.915086290308	185.938956661982	248.73	248.733817023477	248.719405138565	248.722302994537	216.5	216.500569421069	216.498790907398	216.48642870821	148.51	148.51420258805	148.51449135236	148.500481009929
2025-06-19	140.01	140.003610466292	140.018841355002	140.004984308309	127.88	127.896920147288	127.884987097129	127.874132195892	123.61	123.603149375534	123.611615370437	123.611551470606	115.48	115.473460631135	115.473562219764	115.457146989514	116.45	116.455709276592	116.45892246435	116.44505014218	120.65	120.648139469946	120.63244748884	120.634040501711	130.02	130.016794172977	130.018848775727	130.018445426562	139.01	139.023998689715	139.004998893807	138.996993942766	146.03	146.044087302254	146.025971765585	146.026010035235	116.39	116.391783936017	116.379705465168	116.389298813007	106.12	106.116688780917	106.121790127783	106.120183478096	92.31	92.3057511010583	92.3214473880836	92.3202299860542	83.33	83.3330572123205	83.3352512934362	83.3285582668224	83.6	83.6000889258443	83.6137478599471	83.5930631058509	74.65	74.6534995462207	74.6427093743059	74.6279531606087	71.5	71.5099814351735	71.4891255230621	71.4967570009489	83.6	83.6031830838162	83.6037447703568	83.6102572789957	101.08	101.086542059468	101.083618944454	101.078810868684	118.68	118.690794138012	118.676066302011	118.667192489725	136.88	136.874448411045	136.876626155872	136.862416886934	146.54	146.545185811841	146.558152884432	146.549482400821	160.55	160.554302905207	160.542820152962	160.573277358175	157.6	157.593160236017	157.615491539637	157.589627211434	132.02	132.034113948016	132.000740920421	131.999022856471
2025-06-20	130.78	125.69	106.14	102.04	122.93	122.93	102.34	102.32	122.15	120.38	121.77	120.38	109.46	111.99	108.73	111.75	102.34	102.34	102.34	106.22	118.11	118.83	119.49	122.26	108.77	119	121.87	125.84	130.21	128.08	121.68	102.34	146	128.24	103.3	82.46	117.11	98.84	94.99	80.11	84.95	78.94	74.53	70.49	81.35	74.53	70.49	70.49	75	73	70.49	70.49	69	69	69	69	68	68.93	68.93	68.93	66.6	66	67	67.5	70.49	70.49	74.53	80.4	68.93	75	95	96.99	78.23	95.09	109.93	116.79	95.71	118	129.74	141.61	110	134.56	144.12	162.65	164.4	164.49	163.49	163.49	158.99	157.99	155.55	151.99	138.06	130.01	127.07	125.6
2025-06-21	129.42	129.42	128.91	126.74	126.93	126.93	121.43	118.04	125.45	122.09	120.42	118.74	112.81	108.81	110.81	110.17	123.64	123.47	123.47	123.47	123.47	123.47	122.65	122.65	129	129	129.42	129.42	138.47	127.12	119.8	101.22	119.14	103.1	76.55	43.6	70.99	50.5	20.29	5.76	33.94	5.4	0.65	0	6	0	0	0	0	0	0	0	0	0	0	0	0	0	0	-0.15	0	-0.15	-2.01	0	-5.4	-1.86	0.85	3.11	0	2.84	9.81	30.16	2	16.27	64.86	85.46	64.88	97.37	103	120.99	95.64	117.84	129.42	138.97	134.93	134.93	139.4	139.29	138.81	137.81	137.9	128.87	138.68	126.07	123.97	118.93
2025-06-22	140.01	130.01	127.28	120.24	122.46	125.01	115.83	108.06	120.48	113.65	113.65	113.65	99.14	103.4	108.59	113.65	118.94	119.81	120	120.48	120	120	120.45	120	120	118.94	118.94	115.97	128.67	118.03	110.67	103.3	105.74	101.97	95.17	48	100.14	81	35.65	3.52	8.91	3.52	1.72	0.65	3.52	0.85	0.65	0.65	0.65	0.65	0.5	0.5	0.65	0.65	0.65	0.65	0.65	0.65	0.65	0.65	0.65	0.65	0.65	0.65	0	0	0.65	3.35	-2.1	0	0.16	5.5	3.68	16	50.82	85	48.41	83.87	96.11	123.89	90	105.62	120	135.01	130.01	133.76	138	140.01	139.97	140	136.71	132.78	134.77	132.99	129.77	123.76
2025-06-23	100	109.05	108.68	102.18	109.63	109.77	108.34	105.58	109.01	107.76	107.76	107.76	108.78	108.78	108.78	107.57	108.06	107.94	109.39	109.39	107.76	107.76	109.41	109.42	107.07	109.05	110.07	110.74	126.77	126.57	124.97	110.07	126.57	115.32	109.05	99.49	123.67	109.88	98.86	84.03	80	72.64	69.81	59.84	64.16	64.16	64.16	65.21	65.21	65.21	64.14	63.27	63.67	63.67	63.13	60.76	51.68	51.68	52.42	52.42	63.67	61.77	63.67	63.67	65.21	69.81	71.39	76.4	76.01	72.64	80.01	87.5	78	94.8	102	112.07	97	110.07	122.53	130.2	110.46	126.44	151.42	175.61	205.56	210.76	210.76	210.77	192.65	190.85	180.14	173.14	150.82	144.82	140.82	135.82
2025-06-24	144.8	139.82	130.98	127.82	130.08	128.5	128.5	125.97	128.5	126.88	124.97	124.54	125.92	125.52	125.52	125.92	125.52	125.92	128.5	127.96	126.88	126.21	126.21	130.08	130.08	130.5	131.7	132.3	133.2	133.2	132.73	131.4	130.5	128.5	123.9	107.86	128.5	123.67	108	98.77	115.52	105.49	81.47	50.55	77	66.04	57.69	43.05	84.26	71.75	66.75	61.74	42.78	42.78	37.29	30.29	17	17	17	16.23	7.5	7.2	7.5	10.01	7.2	7.2	7.5	13.3	21.16	22.07	28.08	48.06	39.52	50.55	72.61	88.81	61.5	77.32	100.51	124.05	95.06	107.4	128.99	138.03	142.74	146.8	153.39	159.99	169.47	165.02	160.52	154.52	136.81	136.59	131.81	125.97
2025-06-25	130.2	129.83	121.97	113.47	122.22	118.87	115.87	115.87	116.36	113.47	111.97	111.97	111.97	112.32	112.46	113.56	111.97	111.97	113	114	109.14	108	108.8	114.24	109.94	121.94	126.8	127.7	129.3	129.3	128.38	126.8	129.3	123.47	108.8	97.58	117.92	105.43	98.01	74.64	96.47	85.5	60.92	47.63	47.39	35.48	32.68	27.99	21.02	20	19.7	15	10.49	8.68	7.99	5.79	5.28	3.53	3.53	3.53	4.31	3.52	4.31	2.45	3.49	3.52	3.53	5.11	4.91	7.4	10.54	22.9	30.2	30.2	41	51.45	50.2	75.01	99.36	117.17	99.77	114.27	133.3	150	155.5	161.51	162.2	164.5	169.97	164.52	164.22	158.37	140.21	135.5	125.21	124.11
2025-06-26	134.95	122.46	98.95	89.49	110.1	102.43	96.43	92.47	106.03	100.4	97.01	92	91.08	89	89	89	89	89	89	89	88.8	89	89	93.96	89	98.97	110.1	117.98	120.56	121.5	121.74	110.1	122.46	110.1	94.8	86.37	96	70.2	65.5	45	51.74	51.74	50.24	50.24	63.7	60.2	56.55	56.55	60.09	57.7	59.14	58.55	45.65	46.34	47.7	50.54	34.9	37.39	37.39	37.39	36.2	36.2	36.9	37.7	38.09	39.89	40.59	40.59	53.22	54.13	61.68	65.04	61.08	65.5	75.09	84.09	77.81	88	101.81	112.7	92	106.5	119.33	131.1	143.66	154.74	157.62	157.62	155.01	151.34	142	141.3	131.75	124.77	118.77	110.19
2025-06-27	127.58	121.98	115.98	105.98	125.5	125.5	121.46	117.3	111.38	111.38	110.38	109.15	111.57	111.57	111.57	111.57	110.01	110.01	110.64	112.49	115.41	116.91	116.91	120.5	110.31	118.21	125.5	131.96	132.38	125.5	115.11	103.37	133.31	118.25	92.7	73.41	107.5	91.91	81.92	69.61	89.73	84.09	86.24	76.31	86.18	75	70.8	57.46	60.1	58	57.8	56.1	36.95	36.7	28.09	20.05	27.34	21.46	17.62	17.94	15	15.01	22.6	30.33	17.21	28.9	41.89	56	47.04	69.3	83.48	92.09	74.73	85.05	95.31	105.47	77.79	94.29	106.72	120.98	90.2	107.16	132.19	138.21	141.05	141.05	141.06	141.06	138.57	138.56	138.56	133.48	134.4	120.31	114.92	110.31
2025-06-28	140.55	138	131	120.12	128.3	127.92	126.8	126.5	127.4	127.5	127.4	127.4	126.5	126.5	126.5	126.5	112.04	114.03	115.04	115.6	126.5	126.5	126.5	126.5	124.2	124.2	126.5	124.35	126.8	124.2	106	91.8	102.55	94.06	80.35	35.55	82.22	80.99	75.22	39.12	75	56	17	16.1	15.04	13.62	11.33	11.33	9.31	8.16	11.31	6.35	10.68	11.31	11.31	10.68	17.76	20.33	20.33	13.4	6.35	6.35	6.67	8.3	4.31	5.11	7.62	17.75	15.76	15.26	18.12	39.67	36.1	51.5	80.09	93.73	67.8	88.46	96.26	115.32	83.57	102.47	116.95	134.23	133.33	135.55	136.84	137.33	137.65	136.84	135.45	129.7	126.5	120	116.45	114.11
2025-06-29	108.11	103.58	91.38	89.1	104.06	98.01	93.01	86.42	99.95	99.51	96	89.95	91.05	91.05	91.05	89.95	96	96	99.51	99.51	93.02	96	98.01	100.46	102.28	102.28	102.28	99.97	101.33	90.98	82.6	73	89.1	60.55	19.51	9.55	18.84	5	-5.93	-6.98	13.99	-2	-5	-12.16	5.76	0	0	0	1	0.65	1.72	1.35	1.5	1.5	1.5	3.5	2.31	4.31	4.46	4.31	5	7.29	5	2.62	0	0	0.65	7.98	14	29.98	25.5	39.48	50.69	60.75	72.35	83.04	69.17	84.92	102.14	117.24	94.67	112.28	122.1	130.94	121	128.44	134.45	142.39	154.52	156.52	154.67	153.32	144.5	138.61	135	128.61
2025-06-30	125.5	125.08	118.81	100.4	123.79	119.66	115.18	114.29	114.69	112.8	112.8	109.17	110.73	109.51	109.51	107.73	85.5	85.51	88.9	90.28	85.9	94.75	100	106.95	100.95	100.95	115	122.28	130.68	130	124.63	112.99	139.16	132.25	100.95	84.98	123	105.61	90.18	77.39	89.66	88.33	88.01	88.33	89.66	88.63	88.6	89.66	89.94	89.95	90	90	89.03	90	90	89.95	87.97	88.6	89.94	89.95	90.23	90.65	90.75	90.8	94.31	95.68	96.82	95.77	93.69	97.27	101.6	114.51	90.04	100.06	112.04	121.11	103.37	115.38	138.71	161.38	131.99	146	184.55	195	200	217.86	218.57	202.72	198.49	188.4	174.98	154.5	149.42	140.65	138	132.86
2025-07-01	149.48	149.495440585839	149.463462261094	149.474932915906	136.07	136.058367436241	136.040858821702	136.076873033693	117.39	117.408218808224	117.405922164454	117.403025673761	115.98	115.975641456012	115.980818111956	115.983001338816	114.8	114.799879173149	114.794910032669	114.801015124467	115.98	115.972349182092	115.967019412125	115.97017896027	115.67	115.672606460018	115.65626122613	115.6507557479	139.61	139.601340050094	139.606138544702	139.611725774429	134.92	134.926917097506	134.918689820751	134.909101714004	120.75	120.74956433353	120.755645634849	120.724662282338	93.36	93.3601623216851	93.3533581402506	93.357850123442	86	85.9971377664165	86.0102048747269	85.9880230405627	83	83.0007310634006	82.9885165767501	82.9967990255431	83	83.0000381128114	82.9876927414878	82.9865371642099	83.19	83.1864367281271	83.1941505740284	83.1802942294069	83.4	83.411224406344	83.4010176483927	83.4290122631354	82.44	82.4419965700405	82.4469932306359	82.4243808697397	87.6	87.5957923846778	87.5969282549697	87.5946013276412	95.8	95.802104494424	95.7933219648569	95.7901647630333	95.9	95.9121117719057	95.8914427350976	95.8838618385712	84.56	84.5773323898505	84.5488044208075	84.5689781747556	146.98	146.983656966417	146.961272066169	146.971474947605	153.16	153.159731446616	153.152813170187	153.150032870864	142.76	142.755107104367	142.769149763226	142.755341495031
2025-07-02	145	144.992204462488	145.007054788962	145.014398078579	126	126.010646784587	125.992557155803	126.016133291264	117.13	117.119772420709	117.121222878626	117.130507601293	116.66	116.674287080211	116.653546908718	116.673010793103	115.99	115.993487193648	116.001914211089	115.998916339375	112.4	112.402487466121	112.405335307173	112.406537449855	110.5	110.512280665541	110.507884319176	110.505977934166	125.55	125.542983304681	125.547510935622	125.542947963112	133.36	133.354918680098	133.343562233987	133.369334385827	112.74	112.737648804801	112.75125081954	112.751289769876	94.06	94.0655560302526	94.0583584886435	94.062235436619	85.2	85.1915984416911	85.2038048421515	85.179902868127	73.08	73.0686721431567	73.0807050784609	73.0747026983351	68.14	68.1462229209905	68.1343302905506	68.133417206537	70.64	70.6323284750541	70.6425588338215	70.6251977607269	71.57	71.5749510664033	71.5696031594724	71.5625857015956	71.24	71.2286644239242	71.2353849789981	71.2346159092979	77.5	77.4924350009122	77.5032612264871	77.5013293232618	82.22	82.2142347027339	82.2272248524406	82.2178077529695	59	59.0140979974656	59.0040405185159	59.0126114092214	79.97	79.981670897097	79.9613920053265	79.9677700759531	126.15	126.146968543932	126.136545470936	126.153305081332	128.09	128.086262999107	128.104726495207	128.109890587521	115.25	115.244024737795	115.246379930657	115.238887468833
2025-07-03	112.95	112.94781086867	112.946377846643	112.942435024016	109	108.973783404044	109.003803900375	108.996519830819	109.09	109.085675635252	109.090590136052	109.084796701983	101.24	101.236657244105	101.240799835969	101.223139812053	96.3	96.2961199115423	96.3008651269531	96.3049909585974	100.18	100.184537080532	100.186522390452	100.174740161327	105.78	105.784048955362	105.781700574262	105.782482456623	123	122.980361291811	123.003349795839	123.019364695201	120.63	120.636934858269	120.634201440446	120.618634329931	90.01	89.9961914253118	90.0045026130364	90.0261035858029	85.98	85.987995083689	85.9777843283607	85.9701762487454	75.58	75.5695303836967	75.5849632418076	75.5694036826464	54.26	54.2507399134446	54.2690036294041	54.253135679251	48.2	48.2020934086005	48.1972449970404	48.2224650243503	49.23	49.2283079766464	49.2202076659269	49.2264256988071	63.47	63.4739513486311	63.464756752021	63.4780414742859	73.72	73.732450594724	73.7158115448322	73.7235182972651	86	86.0082235081208	85.9977791255602	85.9984653983108	86.71	86.7317852255815	86.7279903859901	86.7260056892048	79.61	79.6253434345374	79.613966358307	79.6152136845627	93.8	93.797946572328	93.7923302090997	93.7920175900194	132.49	132.483491013302	132.492299756342	132.493486889648	131.14	131.129419849685	131.149109542635	131.131135798722	120.49	120.488951511176	120.486253374833	120.485725485277
2025-07-04	132.74	132.750400440553	132.742635840478	132.747314892155	129.48	129.475141078328	129.458276409184	129.476574107873	123.01	123.016147090421	122.993739001341	123.031080043343	107.26	107.264134671085	107.238562111543	107.282340734774	107.52	107.520022982091	107.526226956257	107.511170852753	108.33	108.342108011553	108.325786872737	108.323564689524	111.54	111.548263117683	111.534218240435	111.544489856133	127.62	127.611528784186	127.637039671168	127.625041370443	138.74	138.743267152662	138.736578634303	138.736483764087	104.82	104.804253688203	104.808395423025	104.823799250121	91.14	91.1410287498622	91.1542680229022	91.1420083964742	87.14	87.1380714682621	87.1375418506231	87.1422263267799	88.12	88.1225979278525	88.113424561057	88.1012059089226	90.85	90.8438162812078	90.8493880836629	90.8434745222232	89.61	89.6212657219002	89.6165757657653	89.5945331195756	89.77	89.7693851600461	89.762588482536	89.7681064007554	88.14	88.1326456152066	88.1395251732826	88.1238486175067	88.99	88.9894951228117	88.991293329471	88.9921470666908	90.26	90.27369661188	90.2668057081773	90.2576762219905	82.7	82.7169166079646	82.7047922836838	82.6734371815313	93.77	93.7608516920907	93.7835551898069	93.7884054143773	139.26	139.268477344582	139.264899782782	139.255331745963	149.93	149.92438765871	149.934750258557	149.930851169555	147.01	147.004144984893	147.001670827181	147.023517711966
2025-07-05	137.99	137.984496451188	138.00446308489	137.991560348015	128.8	128.805828486934	128.797771967361	128.806182195137	113.32	113.314053034123	113.328307013321	113.307668292337	107.02	107.025707811869	107.014672418999	107.032720100649	107	106.992512949357	107.002501228081	106.998826934691	104	103.991126807776	104.002178163352	104.003320283187	104.17	104.171577493831	104.1755670885	104.164959713023	101.4	101.407648540085	101.394501951774	101.411940946887	85	85.0040454481619	85.0022888157133	84.9953256305934	86.8	86.8020865628225	86.7980999571442	86.8137609879712	55.76	55.7437555356463	55.7513760014534	55.7663967328448	17.42	17.3980507684401	17.4191191723262	17.4265843440971	16.89	16.8937350462401	16.8863629392237	16.9118916397724	17.94	17.9219840010728	17.9591360979026	17.9433590462943	25	24.9825486903856	24.9987807891279	24.9931657623458	20.01	20.0035312494589	20.0226201988094	20.0263261542168	20	19.9908926152505	19.9984471825688	20.0022112948765	44.44	44.4458285143472	44.4406546628745	44.4349641959863	35.06	35.0696002093096	35.0484523539844	35.0423716918181	19.43	19.4200092667368	19.4406568363991	19.4203611938138	68	67.9855253162068	68.011644827863	67.9869873549294	133.34	133.331480256631	133.345565952349	133.330581009606	142.58	142.575393426053	142.572194100807	142.574638390933	134.99	134.979989867411	134.970438919077	135.004436675645
2025-07-06	112.17	112.159036055057	112.183695146064	112.18212046869	97.27	97.2651463647923	97.2902836986607	97.2844836649344	91.68	91.6825284564344	91.6991403574978	91.6813418201978	86.78	86.7798203040012	86.7724279162727	86.7673577310088	85.76	85.7621343261747	85.770977032848	85.7551716756791	85.17	85.1647846372902	85.1848546776558	85.1746467582551	91.14	91.1319236556984	91.1443572386242	91.1522925355479	92.97	92.9545501043046	92.982627954979	92.9627294985357	70.62	70.6286407538717	70.618219066192	70.6071300223132	36.97	36.9767938325781	36.9709152513106	36.9744851423094	12.5	12.5047774394828	12.5114874507895	12.5053092020142	5	5.01018146568159	4.99091905031347	5.00325912094851	3.52	3.53774281890245	3.53004497528066	3.50372431469432	4.31	4.30513997621354	4.32674470829865	4.29727375779418	4.31	4.30610458494113	4.32077085319743	4.30050413816506	0.65	0.661817620513368	0.642177705219737	0.669866478527937	0	0.00601167749350555	-0.00500871674496663	0.00327035251881203	-4.85	-4.84300576403045	-4.85617481390444	-4.84477683527498	-10.34	-10.3438256389683	-10.3412813651963	-10.3245029638207	-4.59	-4.57694025315929	-4.56687020657368	-4.60556349858441	-0.5	-0.495519930104403	-0.483819640342592	-0.514382539933193	82.86	82.8434758388674	82.8533227451221	82.8490287742618	90.12	90.1286626818532	90.1238553840166	90.1254512562169	93.17	93.1761581870411	93.184690863357	93.1787299342949
2025-07-07	84.7	84.688070776267	84.703780490758	84.7135940928025	77.71	77.7053841408865	77.7127945112369	77.699923472696	91.25	91.2321049539447	91.2335533849861	91.2558702895558	94.26	94.26876857364	94.2727818963486	94.2541663917091	95	94.9963349497878	95.0187353284967	94.9976889033526	85.5	85.4945320826109	85.5131356897561	85.4923683389565	74.4	74.3974230441081	74.4018416249989	74.3976042570129	108.5	108.512670590661	108.505705183276	108.508767415922	106.65	106.639119069621	106.63482338915	106.644676292211	87.4	87.3831229496064	87.412644619454	87.392966604198	49.6	49.5801747970127	49.6121040294921	49.58974136337	28.59	28.5913965610385	28.6065265437233	28.5813607620444	61.01	60.9998913629926	61.0255303020256	61.0140612150259	36	35.981017663684	36.0070923956684	36.0004623090501	25.5	25.4923051028721	25.5135039060328	25.4836914001985	18.6	18.5958326590853	18.6081913645067	18.5867697732445	4.31	4.30271409870069	4.28492226135776	4.32332795885246	1.81	1.80970725273947	1.79555629988068	1.81186852323027	5.11	5.11514633112106	5.10263836123658	5.10944818503264	-5	-5.00971385903581	-4.9881351560138	-4.99566477854858	-0.01	0.000942009883108835	-0.00200540012676571	-0.0204641736054143	65.34	65.3389236070826	65.3274484264043	65.3318180367201	89.85	89.8361089891166	89.8690772469376	89.8326172749909	85.59	85.6014027815938	85.6002782984698	85.599648960786
2025-07-08	76.08	76.0731106749256	76.0819697690741	76.0890125401273	44.08	44.0772859719903	44.0826647527068	44.0741058719416	57.68	57.6838475822378	57.6902951096327	57.6779232029976	27.91	27.9299222381169	27.9083323546795	27.9097325458549	19.6	19.6125759129076	19.6135073209753	19.601952647838	21.63	21.6446646515965	21.6307138409416	21.6371684488739	20	19.9962154916975	20.0077217620246	20.003193776337	63.74	63.7516499695643	63.7447115270998	63.7377244023377	70.5	70.5156261634127	70.4971546814072	70.495218043816	48.01	48.0179234039036	48.0022130669907	48.0017091412857	7.18	7.16205069496913	7.18248579620029	7.17213398302669	-10	-9.9999232593047	-10.0057956625706	-10.0029669254274	-6.29	-6.29404572544246	-6.28582073388772	-6.28282259902309	-0.39	-0.385560582989383	-0.395000141070682	-0.391835942341208	-1.98	-1.98411161872627	-1.9777199011477	-1.9936504421484	-0.01	-0.00209666966243556	-0.0241682356769584	-0.0127101015874859	-0.5	-0.515664198806868	-0.517408027630512	-0.496484388841569	4.22	4.23009553030015	4.21190614982031	4.21597742401187	27.59	27.5926046145113	27.5861116451316	27.5825090317635	20.39	20.3815260934229	20.3945459988339	20.3941528969069	70.82	70.8207592436305	70.8229789113002	70.8238109932996	102.6	102.618320459612	102.584096388284	102.573791601803	114.23	114.245292719956	114.23296843293	114.207205077095	103	102.997441103831	102.994417139644	103.007880669396
2025-07-09	110.62	110.616373859	110.630853322242	110.636992465536	109.36	109.361403945161	109.362116874177	109.357459183163	101.41	101.414777057518	101.399600183748	101.407955415636	103.32	103.308864097094	103.318812683165	103.301830463242	107.95	107.941226708115	107.946993135662	107.921285611215	109.47	109.461240703661	109.46864764215	109.458551616034	106.2	106.203329830547	106.213636789964	106.189894399256	120.12	120.130010694433	120.104301500257	120.140128209526	115.75	115.748063685993	115.771276553756	115.741782184298	99.5	99.5024683465574	99.4848588156362	99.4867694019267	90.7	90.6893520014693	90.6993417977679	90.7015816252997	89.11	89.1084821884641	89.1127282778749	89.0978771743706	80.09	80.0897256138977	80.0858453675799	80.0996162844034	86	86.0026789048482	86.0072129140626	86.0055547095153	86.2	86.1910187818863	86.1969668339226	86.2046198389039	87.55	87.5276466766278	87.5253357501459	87.5623149758878	88.51	88.5049401197591	88.5148774524942	88.4841676158013	91.2	91.1952988921178	91.193911287154	91.1962855243088	82.94	82.9485921869086	82.944784122537	82.9297158948136	90.84	90.8377625482867	90.8541757332492	90.8379639926258	103.54	103.561472185269	103.540741959279	103.521054193719	150.21	150.206898515889	150.203926695031	150.211801025656	149.01	149.007957362633	149.01409532087	149.00768534186	125	124.993440345695	125.003274547457	124.991145415203
2025-07-10	138	138.021162183369	138.001964152504	137.99402730094	128.8	128.800449087625	128.798468539286	128.795556692829	119.89	119.898685752125	119.890364219136	119.893814197461	120.42	120.414661685188	120.425485720648	120.423991274173	119.89	119.887685911405	119.888213059513	119.896024720762	114.53	114.517714235007	114.516232982911	114.532753228999	119.39	119.377205961145	119.391361908378	119.388193336874	141.29	141.288221711579	141.301785708416	141.278267093314	133.56	133.575067681151	133.55905790885	133.55575671755	111.95	111.935673182244	111.95204343596	111.943359652169	80.77	80.7712162001616	80.7766546821929	80.7644937170164	80	80.0136040625797	80.0099939020376	80.0026299477064	84.68	84.6856293953856	84.6761343974667	84.7032315230722	89.22	89.2160898786416	89.2182118312953	89.2231326898507	90.16	90.1599515280091	90.1633274797925	90.1718745512013	90.91	90.9133310642043	90.9089646603053	90.910074756601	89.25	89.2558129765965	89.2590881565874	89.2483986936253	85.56	85.5441663185364	85.5507888179702	85.5641229232962	68.65	68.6476311671457	68.6568783290483	68.6550519097676	69.77	69.779067126774	69.770095727312	69.7590353249707	92.15	92.1577702547126	92.1348841689891	92.1451035710354	166.75	166.747741353726	166.761332166592	166.750297300778	233.78	233.791873093429	233.777360897035	233.77293674697	145.2	145.194392474973	145.19178546652	145.180477335428
2025-07-11	127.82	127.813769301665	127.829942546563	127.832686395069	130.46	130.466614836989	130.466150316946	130.456065672901	120.42	120.414481407396	120.418328188467	120.427986664708	121.73	121.727584417781	121.7126948502	121.730622524227	120.42	120.412995575673	120.431414357085	120.414721764726	123.02	123.003411054073	123.004089199744	123.008006986695	119.72	119.738218859727	119.713576020148	119.721044531027	155.99	155.993214514457	155.993590635953	155.982920716732	160.76	160.760115147952	160.759866291742	160.759737484243	123.02	123.027871152138	123.015309968282	123.026160929571	85	85.0104737923642	85.0069027185037	85.0023660932152	88.1	88.0787457425069	88.0862037452438	88.1013010809136	87.03	87.0291069842466	87.0206994952348	87.0422084554806	86.46	86.4480642569862	86.4682118414176	86.457206216354	77.4	77.3931085571325	77.3846520665234	77.4009141045264	77.14	77.1514912851466	77.1340870537922	77.1351749321181	76.75	76.7549020465794	76.7446598527621	76.7340107880834	76.88	76.9084667166174	76.8832008840723	76.8711370738087	73.73	73.7301088399006	73.7178501840519	73.7342112053279	74.19	74.1853906062302	74.2012910417071	74.191056232244	78.79	78.7957053789859	78.7913654201049	78.7907774274236	125.67	125.700080195351	125.678604510188	125.658391781733	150	149.988020541533	150.021254375958	149.996840887376	144.99	144.992274055059	144.987095191992	144.96434781584
2025-07-12	125.9	125.899976726324	125.914102403446	125.90203416776	121.62	121.610595423598	121.613308292513	121.61947980305	117.49	117.493133355673	117.487753928181	117.499443436998	114.03	114.025554680305	114.028970193042	114.036346655658	115	114.984568715699	115.010507643314	114.988772490823	115	114.998185533954	115.012710715426	114.998118354241	117.49	117.48935778196	117.487433262151	117.489730672546	118.99	119.00079692731	118.994377907991	118.984770940894	120.69	120.68186043468	120.684963616536	120.710307814585	86.44	86.4360905902022	86.4164398263752	86.4519891894026	61.1	61.0971647493978	61.0975670294301	61.1122053984752	29.95	29.9595920172119	29.9390631216319	29.9453829903439	20	20.0079500042012	20.001792758105	20.0135546433261	15.75	15.7296691193987	15.7458029234057	15.7425712711736	11.52	11.529830623192	11.5072662709707	11.5023921105422	6.35	6.34620818627118	6.32541204671007	6.35151871479892	12.05	12.0518356523543	12.0449359067539	12.039643231289	32.5	32.5014265453323	32.5160808059788	32.4912125566319	49.9	49.8960835761751	49.91844530016	49.8944013687157	67.86	67.8722118675461	67.8685801518229	67.8514191711345	65.2	65.2124943996996	65.1852840014244	65.191925051536	119.67	119.675120820809	119.678237140641	119.672817395499	146.3	146.315945498402	146.312390531424	146.307349236747	130.75	130.762141333758	130.747796368678	130.772971327323
2025-07-13	132.3	132.292195369077	132.301540950121	132.322689027538	121.82	121.811075081811	121.820560626661	121.816916284213	122.9	122.903512734988	122.892202825886	122.900363236584	117.99	117.977407843662	117.982168282646	118.006824585279	112.67	112.671662635145	112.677101910265	112.678219408687	110.64	110.645937133085	110.647695894949	110.652146112078	110.64	110.643398130284	110.640088857314	110.647885381213	97.29	97.2935011440621	97.2857380658597	97.2927318844153	100	99.9827250688495	100.018550530977	100.02059592456	34.35	34.3610050037204	34.3544293445962	34.3713515491536	3.83	3.82066329677215	3.83207184910867	3.82316031452389	0.65	0.654218042794285	0.655504004068839	0.654470526789522	-5.5	-5.51706089084095	-5.50046502536764	-5.50214142837537	-3.96	-3.96539272673867	-3.96698740885411	-3.95742546168445	-11.63	-11.6291553778604	-11.6263164252362	-11.6365164709778	-8.94	-8.94284870620822	-8.94369534418608	-8.95627363534965	-20	-19.9923358774377	-19.9955612380273	-20.0101541660427	-14	-14.0068525364083	-13.9979317524387	-13.9924543581898	-5.83	-5.82669914643962	-5.83378914620961	-5.81906559145032	8.87	8.87303273919541	8.86851992216009	8.87889357106145	54.54	54.5556195968949	54.5292594264043	54.5343889587666	112.05	112.056453472661	112.067782893981	112.05855155713	133.62	133.605627951659	133.626924289005	133.615771924647	123.74	123.7361495575	123.744738719968	123.753533334696
2025-07-14	120.94	120.941718476159	120.934950403517	120.932691945728	105.71	105.702167044317	105.721111147025	105.708423889168	76.86	76.8663463654386	76.8450287588764	76.8546651274135	72.89	72.878407374507	72.8874244429653	72.890622504709	69	69.0052124414045	68.9968302170376	69.0170073476267	69.11	69.1284093302583	69.1151919545538	69.095828077886	83.43	83.4254555576673	83.4213131303005	83.4288682648265	127.72	127.698644734202	127.718627901464	127.707372115462	134.72	134.721585668159	134.720433806363	134.728125420387	96.5	96.5007307266729	96.5021122097618	96.499220977672	75.5	75.4982774186052	75.5062668629427	75.5050906500838	25.54	25.5423957836802	25.5407511628608	25.5447038658689	39.06	39.0515920560165	39.0575046697174	39.0740765372773	39.8	39.8062917248245	39.7778039497874	39.7955413077109	30.69	30.6900560708508	30.6744169830594	30.6885123348153	13.98	13.9585769571048	13.9805910370015	13.9818168012082	12.09	12.0937187390474	12.0651106686275	12.1008644033736	0	0.0165579069827612	0.014099952784863	-0.00575483809032561	9.75	9.76376198419325	9.74491236569208	9.74434941631202	36.13	36.1112512512617	36.1343573274672	36.1382849846964	59	58.9947496494241	59.0098087898249	58.995772435982	100	99.9920689626745	99.9899889924648	99.9878268167978	118.86	118.845810974361	118.874838237519	118.856162565501	117.76	117.749415688497	117.762187405452	117.764505070404
2025-07-15	113.16	113.158247626569	113.143844139845	113.1576542368	110.01	110.000571208098	110.020540294394	110.00710181791	94.57	94.5678154290648	94.5597681594637	94.5725090828975	85.78	85.7801132641498	85.7780855147315	85.7802869275166	96.82	96.8265566321063	96.8133045036665	96.8176537917162	95	94.9827757338974	95.0194339577993	94.9957435103733	96.19	96.1939645054857	96.2081055685466	96.2087212428515	134.72	134.717696641603	134.722091668388	134.716072964803	134.72	134.717177163956	134.732042874422	134.724842747019	103	103.002912588849	102.993847940804	102.98680266453	80.5	80.4960024684471	80.5150767565182	80.4927612318233	88.25	88.249563695115	88.2259685224103	88.234649307812	73.5	73.4981267401525	73.4905502008272	73.4964491718508	80.49	80.4946580144478	80.5257054154609	80.4819684240443	80.92	80.9165835936425	80.9215017064269	80.9152158984895	35.45	35.4568878965759	35.438091001915	35.4294228791644	34.95	34.9428898923109	34.9362430347431	34.9489725783976	43.61	43.6166420093512	43.6083045932629	43.6087227299028	39.76	39.7571393885952	39.7547218950116	39.7716906512592	42.84	42.8499367648158	42.8439448752322	42.8390593721407	74.4	74.3838936631373	74.3959042211719	74.3926017566918	122.28	122.289062761777	122.279751518006	122.275008755122	132.53	132.524436098325	132.528900983084	132.522570749929	119.9	119.895074912233	119.904761221505	119.889792698007
2025-07-16	113.16	113.153586477041	113.154521468242	113.16108467752	110.01	110.003730659086	110.004535983927	110.007311003319	94.57	94.5844460720437	94.5840298375758	94.5806045769811	85.78	85.7963428460199	85.7787235696251	85.7959232755023	96.82	96.8168429837537	96.819580940981	96.8361686790836	95	94.9962585079683	94.996937515276	94.9925667584111	96.19	96.1893767966005	96.1731067519111	96.1949162969119	134.72	134.706306142429	134.719369712455	134.721550569628	134.72	134.727307528128	134.71853915426	134.730406245105	103	103.002167886267	102.985052589061	103.017265720835	80.5	80.4962809264847	80.5012488603465	80.504687364643	88.25	88.2502567694438	88.2652088308738	88.2576620546144	73.5	73.4820549229059	73.4814553600732	73.5166822490302	80.49	80.4681761242912	80.4808900956125	80.4752027472678	80.92	80.9210582150081	80.9135790157927	80.9253624017095	35.45	35.4496872009636	35.4695402454413	35.4512848729374	34.95	34.9612785733676	34.9533486234917	34.9381647308721	43.61	43.6171639382711	43.6122193823765	43.621932480623	39.76	39.7512816549959	39.7597503762719	39.7572098103541	42.84	42.8288183127928	42.8492976398579	42.8472354784234	74.4	74.4021608948312	74.4146828342136	74.4103826028708	122.28	122.271096972895	122.272966086981	122.29149096424	132.53	132.544173032994	132.529122583596	132.525791684413	119.9	119.907673029924	119.905545709884	119.878223415636
2025-07-17	132.12	132.115022585558	132.118824276209	132.134763060583	129.12	129.118481035084	129.11800252841	129.100739706128	120.84	120.840230268819	120.837137286192	120.83741211334	116.62	116.63007454509	116.6271025166	116.620084214536	113.62	113.640903257535	113.624066891726	113.616747689929	113.47	113.466715114783	113.480716650461	113.459717570428	102.36	102.347676885824	102.344599029472	102.355408876066	134.34	134.337501859115	134.33862700522	134.329142364699	132.77	132.774046706442	132.756740080182	132.768759811625	101.7	101.691788189314	101.699657013242	101.682975242144	84	84.0031599257374	83.9974260912907	83.981741859444	77.72	77.7471276279728	77.7311130026071	77.7279224753485	90.47	90.46781259646	90.4705500772233	90.4787233970061	89.31	89.3012555296281	89.311708782729	89.3154593034474	90.2	90.1944249530993	90.1943885764043	90.1927138227585	85	84.9991478873374	85.0136175745862	84.9817502425295	73.81	73.8169006004915	73.7998921232287	73.8227135153287	71.8	71.7883978477926	71.807532551002	71.8017864706113	67.1	67.1058566161337	67.0955242622504	67.1168641791848	77	77.000036558377	76.9778788251349	76.9918528754449	85	85.0119561914165	84.9861104935816	85.0079124774792	116.99	116.987474554906	116.980083761491	116.981616673804	129.61	129.594915112129	129.620170540323	129.609738357423	129.12	129.107521184	129.119866986551	129.118550008176
2025-07-18	116.45	116.452542405685	116.444096836783	116.45456344587	112.61	112.592635385954	112.617556384861	112.603208084658	102.22	102.213014170661	102.226781786566	102.221998149184	98.78	98.7795945368429	98.7802842944796	98.7865059506366	86.25	86.2535240084451	86.2554007951888	86.259212795589	94.01	94.0158789807007	94.0251156348233	94.012551475231	89.99	90.0069110790625	89.9797737422502	89.9804704292441	128.8	128.794803840761	128.798618840584	128.807896718205	131.74	131.730007065142	131.748003897726	131.758332878473	91.62	91.620420566719	91.6291099860128	91.618796300164	80	80.0193306535979	79.9939532474548	79.9863102328784	80.08	80.0756309645608	80.1096952247516	80.0842943109569	84.11	84.1166036658167	84.1153367138223	84.1016413542636	77.43	77.4104786615849	77.4424637296552	77.4328935792874	70.2	70.2009286100442	70.2076540575879	70.2023449213068	68.72	68.7240603335716	68.7097552145316	68.7233787330688	68.8	68.8017489709784	68.8096115424019	68.8038458375521	73	73.0045902082994	72.9931454924997	73.0006447632852	78.63	78.6373332095594	78.6321143460741	78.6335902028455	61.88	61.8944768680819	61.8718155359564	61.8767918273413	75.88	75.8890560985922	75.8960806373953	75.8734497106128	109.84	109.831194537381	109.840586456117	109.849039118518	114.19	114.184606279106	114.174366920382	114.19374831445	109.89	109.887866815957	109.892495166511	109.884427820344
2025-07-19	96.81	96.8175814652064	96.8158941880866	96.8101124781367	86.62	86.6163310190274	86.6171754625713	86.6313592948917	87.76	87.7693634814908	87.7606272023903	87.7471520796741	67.99	68.0007872261425	67.9735460734762	67.9899982868835	79.99	79.9858601065108	79.9817180773083	79.9853068694868	66.99	66.9837966209431	66.9968935595775	66.9846277374502	50.01	49.997986782284	50.0315168383329	50.013441709275	50.01	50.0152543669699	50.0139435246638	50.0199749497639	87.26	87.2505852446064	87.2525236018352	87.2611923391141	79.83	79.8240395475013	79.8398844579798	79.8315350886839	46.11	46.1025951389479	46.1101536641231	46.1355536121521	5	4.9951460146943	5.00928006587843	4.98272912768604	0	0.0236464906651021	0.00559309329025708	-0.000579453613957781	-3	-2.99849382865506	-2.98133847398432	-3.00175960735576	-9.27	-9.2730333180932	-9.27102455341807	-9.26841640717002	-6.77	-6.75654700294338	-6.78180792735298	-6.77064680546493	0	-0.0051504257950278	-0.000438222154628434	-0.00723491140268478	0	-0.00602869731343893	-0.022194350011191	0.00629330512416902	0	-0.00582257349945154	0.00685338321792321	-0.00360667668015124	-5	-4.99303004199834	-5.0211567162644	-4.99918278685458	38.5	38.4911104628904	38.4976532764579	38.5005107689416	85	84.9977975333208	85.0192396911902	84.9963595632544	97.12	97.120335492859	97.1212057619925	97.1241246009055	93.25	93.253848456833	93.2418995860498	93.2404653277036
2025-07-20	75.78	75.7901877559598	75.7918800900629	75.7773879392238	75.3	75.286937189256	75.3197783569145	75.2868959481211	75.3	75.3015479963694	75.296657732292	75.3053815891296	65.8	65.7946378910746	65.8012950102016	65.8039914180918	45.68	45.6684518151151	45.6849554166298	45.6740097546256	32.11	32.1176071074958	32.0970217688321	32.1267685627834	27.58	27.5683034015031	27.5910918585403	27.592054587659	26	26.00649192708	25.9910047901388	25.9815410356339	28.79	28.7880332370721	28.7848565536118	28.805243321303	3.52	3.52095263869439	3.51810560365793	3.51735646290693	-0.97	-0.979545158937215	-0.974260274035845	-0.962062675644191	0	0.00978131940237253	0.0235291495263115	-0.000682574673680293	-0.01	0.00212516957823329	-0.0048206838855196	-0.0197539872272371	0.65	0.638507623031561	0.64663948353162	0.667686439690878	0	-0.0121366429484153	-0.00383419747712994	-0.00175592108134239	-1.62	-1.62356802307487	-1.62546575778346	-1.61324266848593	-0.47	-0.491626679330689	-0.481016437404703	-0.469797723945144	-5.62	-5.6339264816256	-5.61756949405078	-5.64704957539895	-9	-8.99143832925833	-9.00712699435373	-8.99266823526521	-9.7	-9.70484778527792	-9.70689290580393	-9.67977552468642	-8.99	-8.99439886042343	-8.98364129768192	-8.97062249366143	36.84	36.8388852967289	36.8372435488405	36.8313540007449	82.8	82.8002274733143	82.7975364046487	82.8061134367477	86.16	86.1536496935088	86.1586870410474	86.1625598332837
2025-07-21	87.24	87.2493654952844	87.2500495261764	87.2534212856367	70.09	70.0963078121125	70.0902661108994	70.0987420238745	65	65.0050746456455	65.0047541802154	65.0119121474644	62.6	62.6069640864948	62.601729595606	62.5967943668969	37.2	37.2014946106248	37.2004428098382	37.1894784981747	41.89	41.8992037052018	41.8879226782704	41.8881095447363	52.77	52.7755770582219	52.7730944762096	52.7644611664346	97.88	97.8723817807061	97.8874695046651	97.8678302015815	90.69	90.6867624233626	90.6981311405114	90.6979326146487	64.99	65.0045514675751	65.0039104358174	64.9895804070714	15.61	15.5994511204819	15.6205570062094	15.6035587217614	6	5.99514776373016	6.00437348498591	6.00072376609501	15.23	15.2219262008071	15.234570327078	15.2235975627902	25.74	25.7428530087765	25.7472896408698	25.7445125969935	18.94	18.9428326119007	18.9230151218989	18.9486609176877	21.11	21.1013004646316	21.0915607169746	21.1107080014429	8.35	8.35496239382224	8.32569457164128	8.34634964067151	7.64	7.63387813480238	7.64575346687565	7.64145025307698	-5.25	-5.231150136485	-5.23627394728816	-5.25236078136931	-2.25	-2.2348700274715	-2.24945793923329	-2.25704542735282	55.77	55.7730943351729	55.7744691250819	55.7897486997589	163.35	163.342346418565	163.359987686881	163.346289787782	165.43	165.436066649232	165.431859319241	165.412740113416	119.8	119.78524162232	119.807480949233	119.809063479567
2025-07-22	131.78	131.764660393754	131.761319452172	131.774144038872	128.88	128.872706610828	128.890351452985	128.877598316236	107.99	107.979548282887	108.002939007418	107.990642929122	101.62	101.614345577015	101.607665907728	101.627498148646	100.96	100.955361348978	100.963624527383	100.953937791433	107.4	107.409810327417	107.399871899461	107.392149528575	102.56	102.552739788116	102.550906771875	102.545978504139	139.76	139.751865945572	139.761534880125	139.753408039778	131	130.998964474773	131.000758831712	130.981310898876	99.02	99.0319558892312	99.0315268896959	99.0256913090146	72.02	71.9972338428092	72.022293617118	72.0166275344579	77.89	77.9171581297332	77.8855036196331	77.8941703202073	59.74	59.732949754283	59.7401302246298	59.7425382847253	35.1	35.0896095941326	35.1016732630404	35.1149996897014	31.57	31.5702660447594	31.5694774895161	31.5712127588266	31.02	31.001927388619	31.0272361319192	31.0068698510432	26.11	26.123659320488	26.1087794972805	26.1121315631773	31.24	31.2466401433229	31.2492158791092	31.2519972477453	31.48	31.479106324165	31.471495130546	31.4649571558553	30.27	30.262704438375	30.2742510928668	30.2555194070056	90.49	90.4871251408519	90.4800066553164	90.4940747942749	138.83	138.817417565929	138.828907911118	138.832004249638	137.05	137.046216235382	137.039524175756	137.053298136251	128.15	128.160071601453	128.172180544104	128.153233450776
2025-07-23	116.11	116.106598023982	116.101962129338	116.122825475426	111.54	111.523779142569	111.547326568503	111.545925111057	104.45	104.454831806963	104.445019589331	104.463426190781	101.15	101.151366232558	101.179100329893	101.155059959695	103.02	103.032258584697	103.004056431406	103.034108956327	111.46	111.476876018084	111.459864784475	111.448529970195	111.3	111.286622433944	111.285788340176	111.28191103885	121.39	121.389810541162	121.393284144112	121.370883221437	116.66	116.652418036089	116.642470953174	116.663444312955	102.54	102.540306755033	102.535238017354	102.535358313123	84.35	84.3605458163703	84.3543050093807	84.3568319696352	58.14	58.1525936923473	58.1273825628042	58.1334819808225	60.33	60.3314606695538	60.3313942197566	60.3433605915549	48.24	48.2598665171974	48.2331663717119	48.2529845349959	39.88	39.886187633745	39.8717792706959	39.8926088272531	45.98	45.9766554535258	45.9811752147156	45.9761645481	47.2	47.2118645819827	47.2117786050338	47.2016431077686	48.8	48.7958582950399	48.8046144181896	48.8233123343187	46.63	46.6223804405944	46.6304985029234	46.6406142034428	45.2	45.1861461529419	45.2086604940824	45.1968989497671	65.55	65.5423136750294	65.5509298082204	65.540304087681	98.94	98.941619501171	98.9368644077765	98.9329317760832	98.96	98.9489855244892	98.9757026491047	98.9508479323465	97.79	97.7709247597605	97.7859263969645	97.794355015852
2025-07-24	95.4	95.4031979771786	95.3957010244232	95.4210516506011	94	93.9944987309645	94.0016574238643	93.9964944516093	91.9	91.8945884974068	91.9070254926523	91.909910505385	87.29	87.2879241804424	87.3113859591642	87.2938388305838	80.22	80.234004807023	80.2183906843822	80.2210748673094	85.09	85.0676902289222	85.0922908017644	85.0950730821151	85.62	85.6298955764872	85.6350880202271	85.6252416258923	95.43	95.4283042438251	95.4202141601211	95.4283779531643	101.76	101.755118002171	101.767962571133	101.774027064901	98.99	98.9968839776309	98.9811352428399	98.9725704346628	65.99	65.9959201320749	65.9957285892219	65.979530484799	33.52	33.5250182604553	33.5144260428439	33.5175984984978	12.1	12.0865903942706	12.0894266924564	12.0711463095256	20	19.9782908624	20.0057232097621	19.9874532854308	13.69	13.6836939039137	13.6861833533263	13.6822176818025	11.69	11.6930179443225	11.6842731811926	11.6955864884552	5.76	5.76914713328592	5.76364945090838	5.765547160059	1.72	1.72471473422203	1.7143598089588	1.71145384656054	0.65	0.643883661827641	0.645434540095673	0.676479996959028	-0.01	-0.0210888793818867	0.00135750546466728	-0.00384134378577951	40	40.0094446800066	40.0305056668548	39.9929056191089	87.52	87.5367904038443	87.5395814950408	87.5221839528127	90.68	90.6752341328556	90.6824352775017	90.6707957186875	87.64	87.6121879705133	87.6384310085797	87.6095545430078
2025-07-25	90.46	90.4591831855751	90.4542333238002	90.4502381496323	84.17	84.1619228521874	84.1717954198744	84.1757083479932	77.5	77.5006390543758	77.5033951198889	77.4869921357389	61.13	61.1209058569938	61.1261188521915	61.1324097771448	53.75	53.7537207816621	53.7450422284217	53.7628791051233	63.42	63.4188525191095	63.4166251409043	63.42433940996	62.22	62.2365113349908	62.2299504068894	62.214604654446	86	85.9961403545636	86.0037679401232	86.0104640180223	89.22	89.2050466829699	89.2074279157291	89.2262463178144	77.75	77.7473805991096	77.7576187973352	77.7607882397315	30.59	30.5835893668368	30.5815818246453	30.5765069380647	15	14.9977148871095	14.99489982042	14.9931186560721	10.21	10.1996750341056	10.2043621240505	10.2121093437861	15	15.0026094405761	14.9970623687229	15.0145693753934	14.78	14.774424018857	14.7682973219565	14.7670878581135	5	5.00984737291254	4.98539154728069	4.97992751089043	0.85	0.83951259315205	0.836087642229737	0.844537236733766	0.85	0.866035111290027	0.843570456455314	0.826819448792714	9.83	9.83044562858174	9.81633140035934	9.82638775110783	-5	-5.00484004351243	-5.00557749784959	-5.00302052486091	6.88	6.86712928854579	6.88044708574133	6.88274010346638	96	96.0026808241884	95.9973624097752	95.9976744584513	98.55	98.570637152334	98.556060408351	98.5581001741679	85	85.0021254187547	84.9953689007413	85.0064316514046
2025-07-26	66.39	66.3884852543152	66.3736375459659	66.3734169788828	79.76	79.7600899810857	79.7519495976276	79.7698138125962	65.01	64.9960970299501	64.9943753884812	64.9972956756564	67.45	67.4519895871007	67.4627493967717	67.4434865240884	34.59	34.5872724782807	34.587056404896	34.6022078281962	35.74	35.7478782817239	35.7302397721615	35.754067521912	45.01	45.011279847428	44.9829542849796	45.0189330317002	64.11	64.1082097385174	64.1021767838948	64.1262821916462	80.3	80.3074965779672	80.2976448975851	80.3152570766366	78.49	78.491135720749	78.4877124633826	78.4872577301072	31.66	31.6624017959606	31.6603819056108	31.6466159759792	25.89	25.9055826666202	25.8864557931596	25.8875573489048	5	4.98973947387342	4.99041716005766	4.99595839220961	5.59	5.57900096931726	5.58343906935102	5.58574646208602	4.31	4.3243195464397	4.29634759249728	4.3130414411573	0.85	0.839379928607394	0.862379232361742	0.839530302413738	0.65	0.648565272551622	0.649047805377719	0.644493325226741	0	-0.000635101635022219	0.0158683420539123	0.00555039723651014	0.65	0.640363721477602	0.656883464080247	0.654497785511617	-10	-9.98676267512098	-10.0135383974788	-10.0014462386898	2.17	2.1780489933144	2.17841455266966	2.18466417145455	80.71	80.694196296618	80.7113832995737	80.7271588164757	91.5	91.5017104975584	91.4892678664308	91.4890446287836	90.36	90.3638275759806	90.3704980794739	90.3532420886118
2025-07-27	81.97	81.9664622022197	81.9662263129988	81.9841856803789	78.17	78.1590226236164	78.1748264743543	78.1540519199448	78.5	78.4869081914824	78.4968808687967	78.5088002485465	80.97	80.9587683250855	80.9671333767992	80.9791896080086	67.54	67.5305705581744	67.538931299527	67.5370401512892	56.16	56.1705986069265	56.1714327755015	56.1667831821912	69.64	69.6360296829838	69.644075849693	69.6351650612184	60.87	60.863372617665	60.878342257923	60.8687991151999	79.91	79.8933062341669	79.9202319884198	79.897304026518	8.69	8.68975081546378	8.67595988051231	8.68434069680514	0	0.00954306361221211	0.00653308249188587	-0.00231057444046958	-0.2	-0.202702925251024	-0.189646868268709	-0.198963128198542	-2.1	-2.08632526826033	-2.08610536167772	-2.10516472100196	-1.01	-1.01364689210466	-1.01190570463247	-1.01182358207898	-2.1	-2.09028805915211	-2.08588762117088	-2.09018601518957	-3	-3.0125336016907	-3.01023186428185	-2.99423117074788	-3.75	-3.75249981329967	-3.73049652817434	-3.74496437651838	-5	-5.02098549998861	-5.00778042912995	-4.99760154755014	-20	-19.9997136176188	-20.0204372846242	-20.0150978298632	-19.49	-19.4988385698069	-19.4726532705101	-19.4845318393474	7.17	7.18233233509306	7.1684808717825	7.16372011846801	53.29	53.2923674805635	53.2874446406596	53.2712071137537	88.12	88.1186907141135	88.1180185274613	88.1098195313039	80.4	80.4051349480203	80.411524183596	80.410972347966
2025-07-28	71.25	71.2471336128189	71.2667741792015	71.2453560523125	56.75	56.7568891710848	56.7375879636716	56.7265186464923	50.44	50.4590223408225	50.4277823203874	50.4432465099827	29.53	29.5347048549075	29.5308061589776	29.5143042468191	28.3	28.3093823342458	28.305051248044	28.3095080665861	29.57	29.5777484262406	29.5922396911291	29.556209029409	37.45	37.448116373694	37.4619747747406	37.4584101192305	50.29	50.3009051771045	50.2955705170932	50.3110279981319	86.5	86.4881860948818	86.4901246248532	86.5000514955713	54.29	54.2861275807504	54.2847378630645	54.2865034895426	53.53	53.5297972509203	53.5481226821242	53.5405895905385	14.02	14.0242109913646	14.0115399239962	14.0193197429043	5.11	5.1060053544731	5.0970247419475	5.08713426103562	5.11	5.11404158530295	5.12259566555925	5.09413406172331	5	4.98912100717148	5.01590364300095	5.00328741816961	4.31	4.30785402134419	4.30112502610883	4.29747726215629	0.65	0.654900750223645	0.655995229964141	0.647414925418717	-0.89	-0.889756299713506	-0.887574081347805	-0.899280056148077	-1.98	-1.98000412166493	-1.97784940915457	-1.9724796964678	-2.1	-2.09689829683831	-2.1047168403134	-2.11143083134694	2.78	2.77715317227109	2.77782535542056	2.78257966441948	75.82	75.8005311883758	75.8110001617405	75.8272181883371	89	89.0052906588754	89.0074068978237	89.0047119127018	76.41	76.4034338985953	76.4274229736321	76.4091015856059
2025-07-29	53.05	53.0423219965523	53.0590779130284	53.0329429918864	47	47.0009805905825	46.9966884602487	46.9942457961788	39.78	39.7938621201342	39.7831395233107	39.7787292607109	32	31.9970071034986	32.0170387383891	31.9965099843609	16.5	16.4945648108954	16.5174262004244	16.4979417461054	17.12	17.1306024595391	17.1226063069554	17.1351453479551	25.88	25.8694406363008	25.8865489423981	25.8787505273079	51.96	51.9618073591647	51.9524632568943	51.9568516837433	59.95	59.9529771226171	59.9453053621292	59.9377715109161	46.1	46.0982473709427	46.0903761959779	46.0702251801982	29.21	29.1962986498204	29.2101993488645	29.2045903493237	1.72	1.71760149897713	1.69991508684538	1.70847771946872	0.65	0.629059848955458	0.647549831331482	0.653608347254478	1.34	1.34611360846138	1.31120667755565	1.34834585382619	0.65	0.64407631313485	0.646123382071858	0.660477802219704	0.65	0.627702733025388	0.654907269295823	0.661079081673899	0	-0.00738466038316983	-0.0121494449959495	-0.0194262148812142	1.11	1.11773271669094	1.09722392793814	1.10178887324145	3.1	3.10031410210104	3.10730266337961	3.10913271327322	-10	-9.98407187732437	-9.9920711044004	-10.0082842302734	37.8	37.797662059182	37.8091427960567	37.7953662466285	90.22	90.2139946052365	90.2212908627167	90.2287390461975	94.49	94.495532135796	94.4826448926135	94.4760396885705	82.74	82.7246475258287	82.7302727997342	82.7581997580241
2025-07-30	92.16	92.1583414632681	92.1553411974432	92.1651034238274	84.28	84.2839632634423	84.2724953356588	84.2757741171326	79.45	79.4476941364939	79.4555575585957	79.4336057418418	69.64	69.6333336231982	69.627356898186	69.6378341428255	52.55	52.5433251789309	52.5329031473275	52.5346231273995	30.09	30.1015989094352	30.097119143424	30.087194416558	40	40.0091925674263	39.9958965354898	40.0074730319227	83.9	83.9033889134152	83.8876947604824	83.9085971007173	94.08	94.0731998731696	94.0696249895694	94.08651532282	62.46	62.4821781459648	62.4770298551871	62.4607882037816	59.07	59.0661565482169	59.0842348108881	59.0879876544559	23.51	23.5156404814885	23.5008742241723	23.5081673370683	19.11	19.1056707147994	19.115753221172	19.1179869307309	25.7	25.6954168054319	25.7018532389607	25.7055756953466	13.15	13.1431054221983	13.1549497373302	13.1433089591172	21	20.9975986749643	20.9862509165711	21.0094982541809	10	10.0102700103157	9.991413546932	9.99824569186306	20	19.9975497920169	20.0051351845543	19.9997272750285	25	24.9919717367968	24.9999887016425	25.0053003797525	0	-0.0142272531884581	0.00603590933464599	0.00680304197683756	63.29	63.2776301980586	63.2907837014736	63.294549444743	102.14	102.149620020441	102.135606283174	102.139760913177	110	109.999556512247	110.007997913236	109.982434593519	100.63	100.612302202984	100.647512415284	100.625904459346
2025-07-31	100.82	100.823594378801	100.82007339391	100.827535517767	92.87	92.8670263179053	92.8780467243313	92.8709386196311	86.57	86.564091738295	86.5872923550209	86.5605106395588	81.93	81.9224068863222	81.9356580300812	81.936496995419	67.91	67.9077506520105	67.9020135831132	67.9184818189404	63.69	63.6866401452456	63.6960739447352	63.6892811728393	76.2	76.1874889729672	76.1822922785192	76.2015865411688	90.26	90.2543210527794	90.2686566032409	90.2705349156207	106.33	106.318268203603	106.330099354764	106.307492122431	93.55	93.536140766629	93.5349042900454	93.5450683497213	71.64	71.6174489987416	71.6469233001161	71.6397687293813	33.17	33.1737636349299	33.1673649419488	33.1675326058363	29.04	29.0314348679741	29.0633908861461	29.023589136474	28.5	28.4871808045544	28.5084674367399	28.4928835237433	25.76	25.7663817398095	25.77868076058	25.7700363745184	25.12	25.1281552866817	25.1347591326286	25.1224125701216	17.42	17.4077413548042	17.4381189416417	17.4258411286683	21.22	21.2042863124128	21.2317465335196	21.2275996257407	-0.07	-0.0701344283433468	-0.072865801330112	-0.0718313156293794	41.91	41.9000426977355	41.9122067850183	41.9138025824942	89.65	89.6308470353996	89.6486718495208	89.649540944317	110.22	110.23273850536	110.230145848608	110.215268293544	110.22	110.24051183044	110.221160490665	110.204201337387	102.78	102.793865887156	102.782446571439	102.7682284322
2025-08-01	100.17	99.25	94.99	85	93.52	90.58	85	80.1	82.93	81.05	80.89	76.19	72.55	71.23	70.36	61.86	58.3	60.32	63.98	71.64	73.65	78.6	84.43	89.16	77.65	86.04	86.15	94.37	95.71	97.51	100.62	99.62	115.62	106.14	97.51	87.89	93.04	75.56	54.56	20	54.65	45.81	31.56	24.88	35.76	39.09	40.08	41.81	44.37	42.92	45.84	46.87	30.56	30.07	30.07	30.06	21.54	23.69	24.02	24.75	18.43	17.73	17.44	17.44	1.31	0	5.42	12.45	6.87	18.22	26.02	31.48	29.18	34.8	45.83	63.59	45.01	58.09	79.76	94	75.2	86.59	96.33	109.6	98.02	97.82	100	97.51	101.95	98.46	100.91	97.71	95.71	95.41	95.41	86.41
2025-08-02	94.58	93.08	84.94	78.24	80.13	77.21	69.08	61.58	74	65.27	55.3	49.77	68.7	65.06	61.27	51.11	64.64	61.48	64.64	56	53.18	56	56	53.62	69.08	61.58	58.94	56	64.94	55.16	50.8	49.81	83.38	70.18	26.83	3.34	48.52	5.39	-5.87	-29.81	1.4	0	-2.1	-5.86	0	0	-2.1	-7.09	0	-0.4	-2.1	-2.1	-2.1	-3.1	-8	-7.39	-7.11	-10.62	-10	-11.95	-7.06	-5	-5.36	-5	-12.34	-7	-5	-3.1	-7.3	-5.52	0	0.85	-6	-1.48	1.02	7.52	-9.8	3.45	23.7	75.51	29.53	74.53	90.93	98.61	92.8	95.1	99.64	96.08	97.35	93.57	94.07	92.37	87.99	84.41	80.5	75.33
2025-08-03	94.18	91.45	80.4	68.72	87.12	83.56	76.62	64.12	72.35	69.9	67.3	62.64	63.04	53.74	51.8	54.49	57.6	50.6	37.76	40.4	40.74	51.27	57.91	50.88	51.84	52.51	43.85	39.03	44.17	28.89	26.28	17.4	41.16	21	0.65	-6	3.52	0	-4.19	-20	0.18	0	-1	-3	-0.37	-1.21	-1.21	-2.1	-1.99	-1.99	-2	-2	-2.1	-2.1	-2.1	-2.1	-2.1	-2	-1.21	-1.5	-2.1	-2.1	-2.1	-2.1	-1.2	-0.62	0	1.72	0	0.65	1.72	3.52	0.09	0.65	3.52	25.26	0	30.76	65.41	87.51	47.01	78.2	96.49	99.4	92.9	93.56	94.39	91.67	96.4	94.32	92.4	87.66	93.52	86.4	83.99	74
2025-08-04	92.89	87.9	73.23	64.79	84.63	80.9	68.55	65	75	71.15	68.55	79.8	80	80.26	81.93	84.63	75.27	79.71	78.45	85.27	83.22	85.27	87.53	91.8	81.32	90.32	91.08	95.67	91.1	98.85	94.68	100.1	108.99	105.47	77.1	49.48	102.57	92.22	54.67	40.23	80	40.99	39.8	33.13	43.75	25.78	24.25	17.86	53.39	38.8	22.47	12.26	21.41	23.98	15.72	14.05	13.7	16.54	18.52	16.54	11.52	13.52	13.52	16.54	5.79	8.92	18.81	25.79	10.11	19.46	32.35	49.41	7.59	30.83	52.94	72.3	21.13	55.61	85.77	104.25	70.88	95.5	114.68	129.67	151.22	158.03	158.03	151.22	137.4	136.8	124.92	105.47	105.47	103.47	92.61	87.39
2025-08-05	92.68	101.64	100.63	96.29	94.94	90	85	82.65	83.12	81.99	80	76.32	91.96	91.9	90.75	90.58	96.94	95.5	95.5	95.5	95.25	94.98	95.86	98.49	95	96.29	100.04	107.37	113.43	114.18	112.1	107.37	113.22	102.4	94.95	68	90.26	44.1	0	-15	13.1	0.59	-7	-13.91	-3.28	-10.28	-10.28	-10.62	-4.7	-10	-7.76	-11.2	-11.15	-11.15	-11.15	-10.66	-10.62	-11	-10.62	-10.62	-10.99	-10.99	-10.93	-10.62	-11.16	-10.62	-7.25	-1.28	-8	-4.69	0.66	5.76	-11.4	-3.6	6.43	27.56	17.29	48.04	81.79	97.27	70.07	89.7	105.22	112.42	106.12	105	104.88	102.86	104.36	104.33	99.85	95.16	99.86	94.16	91.75	88.16
2025-08-06	92.22	88.24	82.01	68.97	78.66	75.46	70.26	77.75	79.79	79.21	80	80	80.6	85.5	88.1	88.44	90.72	93.42	95.72	95.17	80.62	84.35	97.35	98.88	85	93	98.17	101.49	100.91	103.81	104.61	103.41	108.82	97.9	77.36	53.3	101.23	77.4	26.95	20.1	27.4	15.2	0.2	-2.8	9.21	0	0	-0.37	3.29	6.89	8.5	6.89	7.72	5	2.03	1.17	2.2	2.2	2.8	5	3.4	3.93	6.96	12.69	-1.98	2.05	11.8	17.41	17.65	32.01	31.91	46.63	37.34	60.82	84.2	100.08	62.8	89.8	115.92	134.32	101.91	114.64	139.35	154.51	154.63	160.01	160.62	153.57	140.53	140	135.01	130.98	113	107.43	103.89	103.89
2025-08-07	149.02	146.95	142.48	133.54	136.2	136.2	128.76	119.53	126	120.22	119	116.3	136.2	136.2	136.2	135.28	130.08	130.08	133.43	131.67	132.09	133.59	133.59	130.31	124.7	144.8	149.02	160.28	165.11	170.11	170.11	162.01	151.26	135.28	94.51	69.22	109.48	85.43	70.41	38.17	60.5	43	20.01	0	21	8.39	6.39	0	29.99	26.39	26.19	27.89	31.7	29.41	29.12	28.42	27.2	27.2	32.84	36.6	20.01	20.89	20.01	20.01	15.2	10.03	20.01	33.82	21.97	38	53.36	54.69	40.03	60.31	82.76	100.92	60.03	91.38	111.68	125.28	97.27	114.22	138.44	154.5	154.01	154.01	153.98	147.01	137.68	130.16	120.9	115.16	121	112.23	108.31	99.98
2025-08-08	106.07	105.07	90.5	81.8	103.4	94.78	86.55	81.8	94.68	88.52	86.01	83.52	90.27	90.73	89.63	90.73	92.4	90.73	93.87	97.29	81.8	81.82	83.44	104.22	105.66	106.07	110.68	115	110.44	115	115.01	110.45	125.01	115.32	100.9	44.72	85	79.15	53.89	6.14	84.21	53.18	53.18	30.63	59.42	31.99	21.65	19.33	24.15	15.25	14.99	14.47	15.93	12.22	11.57	10.66	7	7	7.02	7	10.73	10.73	12.11	25.84	4.99	7.99	22.99	54.29	26.1	46.77	66.15	82.23	40	54.62	76.35	98.41	63.6	93.66	110	121.56	70.68	103.84	123.14	134.9	133.87	133.26	131.7	126.9	115.97	112.12	110.41	104.37	107.46	106	104.88	102.7
2025-08-09	104	105	105.18	96.04	107.64	105.43	103.46	98	114.12	110.01	107.64	105.25	105.25	105.25	105.16	105	108.87	108.72	105.72	108.25	108.25	108.25	105.72	105.72	95	95	94.09	98	98	98	98	95	110.64	102.02	88.94	42.06	74.64	53.59	7.5	-6	30.11	11.35	2	0	7.4	0.65	0.65	0	0.79	0.65	0	0	0	0	0	0	0	0	0	0	0	0	0	0.65	0	0	0.7	4.31	-2.1	0.27	5.69	13.47	20.45	34.5	58.12	81.2	40.01	62.99	85.01	105.25	78.65	93	100.01	105.79	99.76	99.7	99.26	99.26	99.2	96.64	97.25	94.97	99.58	97.09	94.41	92.22
2025-08-10	87.81	87.01	80	81.87	84.53	85.34	74.11	68.35	77.88	74	64.67	63.2	76.19	77.77	74.82	74	68	65	68	68	77.93	75.65	77.93	80	87.77	88.09	89.48	89.72	50	50	40.01	40.01	72.5	45.12	20	0	31.99	6.2	0	-5	3.52	0	-0.42	-0.44	-0.01	-0.94	-0.99	-0.99	-0.95	-0.95	-0.95	-0.95	-0.33	-0.31	-0.31	-0.01	-0.01	-0.01	-0.01	-0.3	-0.57	-0.57	-0.57	-0.33	-0.5	-0.5	-0.25	3.52	-11.53	-4.53	7.22	13.58	-3.5	2.98	30.18	61.12	0.48	40.01	90.01	102.12	58.81	90	104.76	117.01	115.76	120.01	121.01	124.93	126.88	128.06	120.94	117	112.48	104.99	100	97.99
2025-08-11	98.73	102.39	99.7	90	99.43	97.8	97.43	95	95	95	93.49	90	95	93.46	90	90	91.75	91.75	95	95	90	92.1	95	95	84.7	95	99.45	100.37	105.11	107.11	107.43	106.18	130.01	105.61	42	40.17	74.1	49.25	25.01	15.01	55.01	25.01	9.1	0	19.58	-2.1	-6	-6	22.5	20.5	20	20.5	19	19	19	19	14.5	15	15.5	15	13	13	14.71	25.55	15.01	33.28	50	52.11	20.01	28.19	40.01	55.83	40.01	60.02	79.13	99	40.01	53.37	108.24	128.04	126.08	132.09	140.01	149.89	138.62	140.41	141.11	140.41	133.31	133.16	128.01	122.39	110.01	106.88	103.6	101.67
2025-08-12	120.68	130.01	112.5	111.45	113.48	108.85	107.7	105.94	119.06	114.8	110.85	111.72	108.38	108.3	107.7	107.7	105	106	106.69	106.92	107.31	107.31	107.31	108.38	116.12	120.01	127.01	130.01	130.01	130.01	130.01	128.7	133.69	129.99	108.3	75	110.55	93.24	80.9	59	94.19	84.89	66.03	55.84	79.88	51.44	36.01	30.27	32.7	31.2	30.2	30.2	30.28	30.28	30.28	30.28	32.7	32.7	32.7	32.7	36.01	39.05	43.18	60.05	68.8	70.94	85.46	81.41	78.81	83.91	94.4	100.2	67.86	87.1	101.78	106.46	67.18	101	124.15	150.01	150	159.93	164.03	170.42	160	146.94	140	136.81	136.9	127.99	124.87	116	125	117.7	107.31	105.25
2025-08-13	129.1	129.22	123.79	120.23	128.24	128.24	113.7	112.33	127.26	125.01	119.88	115.98	119	116.05	111.55	110.55	114.82	112.32	110.32	112.32	110.27	109.32	109.32	109.54	111	111	125.01	127.26	135.32	146.31	148.42	138.67	160	148.25	114.48	88.45	124.1	107.2	94.1	79.98	106.71	97.66	90	90	86.43	86	85.8	82.13	79.57	73.48	74.24	73.48	79.8	80	75.99	75	78.23	78.22	78.22	83.22	80.3	80.9	83.88	85.7	80.01	85.17	91.51	96.82	88.45	94.14	104.73	107.09	95.56	109.08	124.26	133.82	90	102.13	117.95	137.24	146.1	157.26	180	185.6	154.2	153.6	152.99	152.3	141.76	133.21	135.32	126.01	125.01	116.9	110	106.27
2025-08-14	126.87	131.13	126.86	115.87	121.7	98.87	84.66	81.2	103.28	102.28	98.92	102.28	111.17	109.77	106.07	104.57	104.01	102	102	102	100.12	100.12	101.12	101.32	96.23	107	107.8	113	125.01	125.01	125.01	125.01	134.78	120	92	74.1	90.92	77.88	61.7	45.91	76.67	77.39	77.8	66	77.9	72.95	65.25	54	63.01	54.71	54.01	51.95	48.27	45.91	45.91	45.91	50.01	54.9	56.9	62.9	58.47	69.09	74.43	80.64	65.69	76.67	85.56	88	73.4	86.02	88	89	72.92	93.5	101.87	118.95	62	106.78	122.14	135.2	124.99	131	137.98	150.01	141.02	141.02	140	139.02	125.87	118.68	117.88	115.39	125.01	111.72	104.72	103.92
2025-08-15	107.16	111.13	107.16	101.21	103.55	101.79	100	96.53	97.56	94.9	94.36	93.65	94.89	94.4	93.35	91.22	92.66	90.75	89.66	91.47	89	89	89	88	95.92	96.78	95.92	96	91.82	89.89	84.36	75	92.15	82.67	60.12	21.9	91.45	84.18	41.61	0	45.67	21.84	9.98	0.32	0	-1.51	-4	-6.28	0	-2.1	-2.1	-2.1	-2.1	-2.5	-2.1	-2.1	-2.5	-2.1	-0.4	0.65	-2.1	-2.1	0	1.46	-0.97	5.89	22.2	24.11	6.43	25.72	43.23	77.65	16.73	53.34	86.55	95.78	42.77	90.74	100.82	126.42	87.39	107.68	131.38	143.12	137.75	142.75	144.75	144.6	142.01	142	139.63	137.27	126.94	121.55	117.63	112.63
2025-08-16	126.68	125.55	123.82	123.49	120.34	120.1	120.04	119.32	111.64	112.69	111.64	109.71	105.96	105.93	105.93	105.93	105.96	106.14	106.28	106.28	108.78	108.78	109.35	109.49	113.43	113.43	116.66	116.66	115.56	114.37	114.37	113.38	120.34	105.72	95.52	53.67	84.36	77.34	32.88	9.14	48.82	45.55	24.91	0	29.11	12.91	0	-3.6	7.92	4.31	2.4	3.52	12.22	6.34	5.76	5.57	5.76	5.66	5	5	3.98	4.31	6.6	8.61	-0.2	0.01	4.4	14.4	16.02	26.52	43.54	66.78	50.41	66.98	85.1	98.41	40.16	88.93	105.72	120.82	106.04	120	135.99	143.9	145.55	146.57	146.57	145.55	144.01	143.85	140.91	137.03	127.58	122.65	117.67	117.65
2025-08-17	136	132.77	126.55	125	128.44	124.5	122.97	119.68	121.58	116.26	115.67	115.26	117.01	115.59	115.1	115.1	110.94	108.84	107.89	107.89	109.21	107.89	107.89	108.06	110.6	110.97	110.97	110.02	111.54	108.47	107.88	107.11	115	99.75	75.42	51.53	58.25	52.56	9.52	-2.65	32.41	9.5	0.65	-4	8.99	1.55	0.11	0	4.31	0.85	0.65	0.65	0.65	0	0	0	-1	0	0	0.65	-1.86	0.65	3.52	5.65	-2.1	0	11	23.18	-2.1	0	12.1	25.38	0.47	44.45	57.49	71.45	43.65	85.8	99.72	123.48	101.81	117.65	124.43	138.91	132.65	132.77	134.62	134.93	146.4	145	144.37	140.55	129.44	129.44	126.97	122.67
2025-08-18	117.51	107.8	100.76	93.53	109.68	105.01	100.58	99.37	105.38	104.3	102.7	98.3	104.52	103.1	101.88	100.2	98.08	95.06	93.98	93.98	91.12	91.12	92.2	99.4	92.2	100.11	104.34	105.01	104.82	106.25	106.92	108.82	124.5	112.93	105.54	92.32	105.01	103.56	85.3	70.01	82.89	81.21	72.55	62.62	81.96	80.07	80.59	79.59	74	73	73	73	74	74	74	74	72.9	72.9	72.59	70.7	61	59.69	69.52	79.06	64.82	71.58	74.8	80.07	76.08	76.13	81.4	84.53	70.01	77.72	98.59	108.1	78.92	105.16	125.01	141.92	110.01	120	125.01	127.78	125.01	125.78	120.76	118.62	120.01	117.51	114.32	110.23	117.52	116.84	107.33	103.84
2025-08-19	101.06	102.03	98.28	96.88	101.12	100.12	98.08	96.06	96.83	96.1	96.1	95.15	89.5	88.72	87.79	82.41	83	83	83	83	83.95	85.92	86.19	87.27	93.06	95.41	99.99	100.44	100.76	102.82	104.07	103.64	115	105.67	98.1	77.45	101.8	86.39	72.54	40	79.33	68	57.05	42.02	73.41	58.94	46.12	47.35	41.7	40	39.39	38.48	38.17	35.14	34.64	32.05	35.91	35.91	34	35.91	40.98	40.98	47.14	57.06	44.3	54.35	66.8	77.8	49.14	54.2	58.37	63.98	20.43	48.37	57.2	68.42	52.89	86.46	99.27	106.45	88	97.74	103.64	107.51	103.64	103.64	102.57	100.44	102.08	101.22	100.32	95.89	98	95.04	91.08	89.1
2025-08-20	85.58	85.4	77.12	59.2	82.57	71.35	74.95	61.21	81.32	76.5	58.37	52.67	67.87	69.39	61.44	59.38	62.64	62.56	60.6	60.96	52.67	55.03	62.1	77.12	57.19	74.95	80.46	83.3	63.64	76.54	83.48	81.94	96.22	90.71	81.81	50.11	90.25	83.19	51.55	15.22	77.72	58.69	48	40	49.9	45.44	39.4	29.9	48.02	45.44	40.4	38.47	35	35	30	27.2	25.06	28.53	27.2	26.53	17.2	17.2	17.2	20.57	12.99	12.99	17.99	22.49	0	11.99	25	32	0	14.27	45.44	54.77	19.27	50.11	77.51	87.63	56.34	76.53	85.67	88.5	99.07	99.16	99.07	96.07	97.53	96.52	95.6	92.91	85.88	83.95	81	76.48
2025-08-21	76.1	82	42.62	39.51	68.64	53.75	49.43	32.99	82.06	61.68	48.98	26.47	52.08	54.29	43.6	41.99	46.46	43.9	42.07	39.29	20.15	30.68	37.73	51.47	41.68	49.22	51.04	71.56	46.81	64.12	63.45	55.68	92.38	86.4	75	14.8	95.47	85.17	76.12	24.04	76.12	48	33.48	0	11	5.76	0	0	0	0	0	0	-2.1	-1.21	-0.9	-0.9	-0.39	0	-0.39	-0.9	-0.36	-0.9	-0.9	-0.9	-2.1	-2.1	-2.1	-0.9	-1.57	-0.9	0	7.25	-0.01	0	25.2	65.3	18.16	47	78.68	88.38	58.64	78.34	83.16	88.61	84.26	84.97	84.91	84.26	80	79.38	76	75	82.49	79.38	76.6	72.1
2025-08-22	83.7	80.86	63.42	45.92	79.39	67	60.24	52	73.87	69.13	54.76	48.01	65.58	58.46	49.7	49.7	54.51	54.51	54.51	56.94	54.31	59.81	69.82	72.92	64.56	72.93	75.96	74.22	64.33	72.57	66.35	78.06	86.36	83.99	80.99	40.1	89.28	80.78	9.67	1.2	51.68	26.07	5.57	0.19	20.1	15.61	13.18	9.46	20.99	23.65	18.31	8.81	29.98	17.93	13.15	15.78	8.13	7.48	5.57	7.73	7.01	9.42	11.33	10.8	20.79	21.79	25.79	35.8	21.85	31	39.86	80.99	29.7	30.23	65.2	80.99	10.01	74.61	90	109.56	93.11	102.44	104.65	111.03	103.52	102.1	102.49	99.31	102.59	99.7	98.8	98.59	98.92	94.4	92.45	91.37
2025-08-23	102.38	99.13	92.01	86.39	94.61	91.5	88.88	81.4	89.93	85.62	81.36	78.74	82.11	82	80.77	78.76	79.5	80.54	81.53	82	76.74	79.52	82.1	82.23	83.32	85.91	86	85.3	74.9	77.08	78.2	79.82	91.02	85.1	75.04	42.3	90.89	76.85	47.68	14.2	35.84	15.84	10	3.2	13.96	3.46	3.45	0	7.52	4.31	4.31	4.31	1.3	0	0	0	0.01	0.64	0.65	0.64	3.32	1.52	2.76	8.57	-2.86	6.99	13.99	26.82	18.38	18.38	32.88	53.38	8.6	30.61	50.57	88.2	63.2	84.32	106.96	117.66	96.08	109.22	117.71	128.36	125.63	125.87	125.87	125.87	112.55	111.16	109.16	106.71	112.57	111.14	109.96	104.6
2025-08-24	100.28	98.56	88.43	86	96.32	93.85	93.21	90.07	92.23	93.36	89.8	82.61	90.55	91.06	86.9	86.23	91.93	91.93	91.93	91.93	91.54	91.93	92.84	92.95	93.31	94.24	94.24	94.24	89.93	88.2	89.09	88.89	92.41	85.48	51	28.74	83.7	75	9.19	-2.9	50	6	0	-4	4.67	0.65	0	0	0	0	0	0	0	0	0	0	0	0	0	0	-0.01	0	0.65	4.31	-5	0	1.72	11.94	6.99	18.43	20.29	59	51.07	77.29	89.7	94.34	48.93	83.1	98.57	109.8	93.99	105.79	114.67	116.99	114.15	114.07	111.82	103.89	108.92	102.97	102	100.73	103.9	100	95.78	91.5
2025-08-25	111.83	111.83	111.83	110.15	110.98	110.11	109	104.5	102.65	97.27	95.28	94.38	95.28	95.28	95.39	95.28	95.01	95.28	95.47	97.4	97.65	101	104.89	108.33	92.42	95.75	102.22	113.4	114.23	118.4	119.6	120	130.11	126.33	119.6	114.32	128.52	115.11	104	77.54	101.12	89.68	63.5	56.99	66.32	47.92	41.99	30.2	58.32	45.55	29	29	36.5	30.03	30	29.5	26.17	26.39	16.2	13.01	5.95	15.05	28.56	36.84	12.41	37.52	63.03	66.43	58.8	61.32	70.41	77.11	65.36	89.64	99.18	108.32	87.17	114.69	126.26	142.11	119.93	125.95	130.11	132.95	142	142.98	142	139.06	123.21	122.11	120	113.26	118.4	114.68	110.98	104.69
2025-08-26	107.94	106.76	106.76	93.42	102.41	102.4	102.4	97.85	100.1	100	98.8	98.66	100.1	101.6	101.6	101.6	101.6	101.6	102.9	102.9	102.9	102.9	104.5	106.94	109.52	109.52	113.25	119.7	144.84	145	150	145	153.02	144.32	129.71	113.79	119.7	111.75	101.6	87.67	97.3	88.07	72.17	59.5	83.41	71.04	53.26	40.98	61.05	57.52	52.24	51.99	53.26	56.28	51.45	56.28	43.55	43.55	45.49	53.41	54.22	62.05	63	63	66	66	73.94	80.22	69.9	71.53	79.15	87.01	83.33	88.79	100.92	106.92	84.94	103.14	114.5	132.77	117	127.82	130.46	136.32	130.87	130.87	124.96	123.47	119.91	114.62	113.12	111.12	108.94	106.79	106.79	103.79
2025-08-27	119.56	130.92	130.92	120.75	123.41	120	119.56	117.15	121.34	120	119.46	117.77	117.05	117.05	116.54	116.54	111.66	111.66	111.66	111.66	109.56	109.56	111.66	111.66	101.6	103.27	102.84	118.27	113.62	116.4	118.12	118.12	144.32	121.34	113.64	85	133.35	116.87	87.37	65.45	98.03	92.29	85.21	72.43	89.82	84.04	79.34	66.09	74.9	69.3	63.98	64.53	61.32	56.2	44.85	34.31	45.07	51.49	50.62	45.62	56.12	56.14	57.12	55.82	55.5	56.64	70	80.13	76.17	82.09	88.27	90.42	69.9	82.09	86.71	97.32	65.96	91.78	109.21	119.46	97.86	111.1	119.46	124.04	118.52	119.46	119.33	112.04	119.46	113.63	113.63	104.09	113.93	107.15	101.71	95.35
2025-08-28	103.99	101.55	93.67	85.55	98.51	93.44	91.14	87.31	97.88	91.93	87.26	83.32	87.9	84.25	81.32	73.25	71.4	69.4	66.6	66.16	76.42	76.22	76.42	76.42	75.03	78.41	80.19	83.38	80	85.55	90.38	91.47	105.37	94.49	80	58.5	80.4	43.18	9.4	0	27.85	0	-8	-10.42	0	0	-2.1	-5	-0.78	-1.01	-1.01	-1.21	-0.51	-1	-1	-1.01	0	0	0	0	-2.49	-2.71	-2.49	-2.1	-5	-6	-4.75	-1.85	-7.2	-5	-1.92	0	-11.07	-6	5.11	21.11	10	44.58	75.75	105.39	67	85	97.11	106.39	95.25	97.08	97.08	92.08	105.55	99.63	96.77	90.05	95.24	88.38	86.11	81.87
2025-08-29	80.55	81.89	69	66.16	85.99	79.64	79.64	75.55	80.2	72.2	72.2	70.2	60	60	60	59.99	54.41	54.43	54.43	54.43	54.6	54.6	54.6	59.6	75.01	80.01	83.01	83.01	75.67	80.2	80.2	80.2	80.6	78.09	70.09	59.58	73.47	52.97	21.7	-0.01	15.5	5.76	-0.77	-3.38	1.52	0.85	0	-0.27	0	0	0	-0.62	0	0	0	-0.72	-2.5	-5	-6.81	-10	-6	-9.07	-10	-9.07	-7.91	-8.72	-2.1	0	-4.19	-2.1	-0.77	0	-4.68	-0.18	1.02	6.02	-0.77	43.45	75	94.19	60	73.96	84.48	91.8	80.41	80.55	82.42	80.47	85.63	85.63	89.43	85.4	85	81.72	81	77.55
2025-08-30	91.56	88.84	75.31	68.56	79.88	74.85	76.31	71.15	79.88	79.08	76.19	70.05	74.68	72.9	68.63	66.78	67.48	66.38	64.7	64.7	67.23	68.64	75.31	75.31	75.31	75.31	75.31	75.31	74.2	75.1	73	73	76	72.85	60.78	5.26	63.53	27.2	0	0	54.5	23.91	8.36	0.65	11.15	4.31	3.52	0.65	1.72	1.5	0.85	0.65	3.52	3.52	3.52	3.51	3.48	3.39	3.39	3.51	0	0	0	0	-1	0	0	0.65	0	0.65	1.5	3.52	0	8.14	32.91	68.06	19.04	40.18	56.28	79.56	55.61	79.93	80.13	89.93	85.62	88.28	88.31	83.63	87.48	84.1	82.64	78.33	85	80.93	77.61	75.31
2025-08-31	70.05	79.11	74.75	65.38	75.4	75.4	68	59.9	70.5	70.5	62.49	56.4	67	53.6	51.5	49.95	55.02	52.17	48.13	37.58	30.12	20.12	12.87	24.76	48.12	48.13	41.87	39.38	48.13	29.3	33.12	16.02	58.98	35.81	4.66	-1.01	40.52	16.1	-4.85	-10.93	13.1	0.65	-2.1	-7.57	1.72	0.65	0	0	0	-0.04	-0.04	-0.07	-0.47	-0.77	-1.15	-1.15	-4.31	-2.08	-1.1	-0.45	-6.61	-3.12	-0.82	-0.82	-5	-1.21	-0.94	-0.62	-8.69	-3.58	-0.77	-0.13	-15.62	-6	0	2.41	-5	0.85	17.21	68.52	30.41	59.45	76.05	82.75	75.6	77.24	76.88	73.88	76.92	74.79	79.48	74.02	80	78.61	74.54	58.87
2025-09-01	66.2	59.06	50.93	35.79	53.07	51.91	60.14	45.56	62.95	51.05	33.51	28.49	23.64	18.16	11.1	9.18	17.38	16.5	14	16.5	13.87	28.04	31.1	39.47	27.72	33.06	44.82	55.23	53.03	61.79	66.8	67.78	86.05	83.44	70.75	29	82.07	63.39	40.79	9.14	14.02	3.52	0.17	-2.1	0.85	0.65	0.65	0	0	0	0	0	0	0.2	0	0	0	0	0	0	0	0	0	0	0	0	0	0	-5	-1.01	0	1.5	-3.99	-1.17	8.73	60	5	32.5	67.78	84.9	50.61	81.91	86.01	88.81	92.01	92.69	90	85.47	85.47	84.4	86.48	84.4	87.15	86.01	84.96	77.72
2025-09-02	78.21	77.8	72.47	72.14	72.14	70.13	70.13	70.13	72.2	71.23	67.83	67.2	65.5	64.23	63.29	63.29	63.29	63.29	63.29	63.29	62.79	63.29	63.29	63.29	62.13	63.29	63.29	69.32	72.14	77.8	80.15	80.15	85.81	72.2	61.04	25	89	75.39	25.11	1.59	18.46	4.82	-5.47	-8	4.01	3.52	1.72	1.01	1.72	1.3	1.17	0.65	0.85	1.5	0.85	0.65	-3.94	-2.29	-4	-4.29	1.59	1.5	1.5	1.72	0.65	3.52	3.52	5.74	14	19.5	35.72	73.58	8.45	25	42.88	85.23	19	57.4	93.19	114.32	81.51	103.25	120.47	137.52	157	160	160	150.01	116.72	111.72	105.05	91.14	106.58	99.22	93.43	90
2025-09-03	84.18	103.73	88.02	84.18	94.17	90.53	86.7	76	86.17	84.17	82.86	81.79	83.14	80.7	79.67	79.67	75.47	74.7	74.47	75.47	74.47	74.47	75.47	78.48	82.98	85.5	88.17	90.43	85.45	92.04	93	93	105.31	88.21	75.46	30	79.27	65.87	0	-5.8	0.65	0	-2.54	-5	3.52	1.72	0.65	0.01	0	0	0	0	0.65	0.65	0	0	0.81	0.72	0.72	1.1	0.65	0.65	0.65	1.72	0.65	1.55	3.52	3.52	-2.35	-0.62	0	0.65	-6.47	-2	15.97	37.79	0	30	62.3	79.5	70.03	92.82	103.13	108.3	109.08	115.66	110.92	106.87	102.46	96.52	90.72	81.93	96.38	85.86	81	77.74
2025-09-04	91.27	91.24	78	72.99	85.47	85.47	85.03	79.5	85.47	83.83	80.46	79.91	72.27	71	67.3	63.31	64.5	61.04	60	66.86	58.21	58.7	67.56	72.7	83.02	85	85.47	85.47	100.57	108.37	110.23	113.12	114.32	109.12	89.45	48.47	79.43	60.5	34.81	8.47	28.57	18.06	0	-1.21	30.48	14.92	5.8	0	3.52	3.52	3.2	3.2	0.71	0.07	0	-0.78	0.59	0.01	0	0	0.01	0	0	0	0	0	1.72	4	1.51	2.73	12.51	21.61	-2.1	0	26.88	57.42	8.47	35.14	71.04	106.03	88.55	102.49	110.14	112.75	113	116	118.92	107.64	100.51	95.04	93.22	87.61	85.53	85.51	80.48	76.95
2025-09-05	95.87	95.52	80.53	68.92	86.78	84	79.17	74.05	81.67	81.14	76.3	71.91	80.21	79.32	72.47	71.57	75.43	75.33	76.09	78.89	72.47	77.11	81.18	84.51	80	82.57	86.78	92.09	89.99	106.39	109.48	110	110.23	106.39	92.09	78.2	89.26	82.32	67.23	44.82	65	39.45	24.5	23.29	41.99	24.11	20.96	15	14.6	13.24	13.51	10.88	9.02	9.02	9.02	9.02	7.02	6.53	6.03	3.52	3.52	3.52	3.52	3.52	3.52	3.52	3.52	6.35	1.02	5.11	21.52	43.63	30	39.73	70.24	84.32	40.13	72.06	92.7	108.47	93.05	100	105.3	109.65	114.91	110.23	110.23	100.67	107.1	99.38	100	89.41	101.12	93.14	90.28	81.59
2025-09-06	90.14	88.8	74.26	64.02	74.31	59.79	58.78	50.32	56.2	52.13	36.81	29	47.62	43.93	35.91	29	59.99	39.08	33.28	29	33.55	33.55	33.46	33.55	29	33.79	35.17	38.5	42.81	45.22	47	59.99	47.76	39.09	10.02	-2.1	28.22	6.68	-2.1	-6	12.22	3.52	-3.85	-14.3	0.65	-0.5	-6	-15	0.65	-0.01	-0.02	-0.52	-0.62	-0.86	-1.36	-1.42	-1.49	-1.49	-1.1	-0.99	-0.66	-0.66	-0.16	-0.16	-0.62	-0.52	-0.19	-0.02	-2.22	-2.1	-0.5	0	-7.6	-2.1	0	20.87	-1.01	18.43	25.42	40.86	36.5	37.2	42	42	54.93	55.01	53.74	53.54	53.29	50.64	50.64	49.9	45	43.78	37.95	34.53
2025-09-07	35.91	26.66	24.55	20.32	54.3	54	43.99	15.8	30.15	26.66	36.22	35.16	31.01	31.01	26.1	26.1	20.12	25.48	37.37	42.71	26.66	26.66	30.31	35.89	15.8	16	24.5	29.03	18.99	20.01	20.14	20.01	26.66	25.41	24.21	19.99	28.93	25.41	24.21	5.76	54	15.46	5.11	0	3.52	2.4	1.5	0.65	0.65	0.65	0	0.65	0.65	0.65	0.65	0.65	0.65	0.65	0.65	0.65	0.65	0.65	0.65	1.5	0.65	1.72	3.52	8.27	1.11	6	11.08	21.08	33.02	58.51	74.63	83.12	70.98	82.76	87.08	99.49	96.07	98.21	103.21	107.54	109.06	111.36	111.56	107.7	104.71	104.71	99.9	98.32	98.57	95.9	94.05	90
2025-09-08	100.32	101.84	101.08	99.72	93.01	92.51	92.44	91.51	88.55	88.53	88.53	87.88	80.52	80.52	80.52	80.52	80.94	79.95	77.93	77.93	78.96	78.96	77.21	80.97	84.66	86.37	87.02	92.02	86.15	88.78	99.89	101.79	116.78	108.56	107.46	102.65	109.48	95.2	81.24	51.21	80.83	75.56	76.95	72.96	73.5	72.38	62.8	52.5	57.81	57.51	52.81	51.77	52.23	43.56	44.06	49.39	44.85	42	37.84	40.11	32.58	32.58	34.39	35.01	38.12	39.48	42	50	43.64	54.14	65.92	75	35.5	57.11	78.68	86.8	66.24	83.86	88.64	100.26	93.92	95.71	98.21	98.57	100	95.44	91.11	87.64	88.21	85.74	86.56	85.51	84.59	80.39	78.08	68.08
2025-09-09	68.33	83.13	76.95	76.95	72.8	75.48	74.53	70.33	82.13	76.76	70.96	72.51	66.51	66.21	66.51	66.51	66.51	68.51	70.71	76.95	69.46	74.15	74.15	84.95	83.09	87.59	88.27	94.6	61.93	90.23	95.88	98.09	105.6	100	88.72	56.57	127.87	90	50.91	24.55	84.51	74.93	39.75	24.46	40.91	25	22.35	22.35	26	24.55	24.46	23.5	19.25	16.75	16.75	15	17.19	17.2	17.19	17.19	8.91	8.01	6.41	6.91	15.79	16.57	16.78	17.76	15	25	35	45.11	8.75	22.35	61	81.27	24.55	54.57	92.9	136.03	100.52	106.37	118.42	116.64	121.07	120	117.15	113.03	105	103.64	102.42	98.05	95.67	93.07	91.07	86.07
2025-09-10	92.9	92.4	90.14	86.49	87.95	88.26	87.26	84.45	81.09	78.09	66.47	61.41	79.1	79.1	78.1	75.6	70.99	69.99	67.99	69.99	41.08	42.06	50.5	50.5	47.49	50.39	54.35	86.71	77.95	85	86.75	85.96	92.14	87.39	78.99	29	94.08	56.35	26	0	72.97	12.64	4.75	0	1	0	0	0	0	0	0	0	4.31	3.38	1.72	0.65	0.65	0.85	0.03	0.03	0.51	0.31	0.51	0.85	0	0	1.5	5.8	0.65	2.94	5.11	10.42	0	12.64	30.45	82.09	24.8	57.17	90.56	109.78	74.46	91.05	92.58	96	89.99	89.99	89.99	87.6	89.21	80.86	77.44	59.46	84.59	83.29	78.1	74.78
2025-09-11	79	82	66	53.46	77.35	64.75	47.67	43.77	55.3	66.3	55.3	51.8	66.8	57.3	57.3	55.3	58	58	58	60	62	64	64	74	68	78.84	83.51	88.3	83.55	92.62	93.3	93.5	95.67	90.78	87.57	73.07	79.1	79.1	29.38	0.66	3.52	0.7	-2.97	-5.8	41.12	3.52	0.65	-0.01	3.52	3.52	1.38	0.65	1.38	0.65	0.65	0	0	0.65	0.65	0.65	-0.01	0	0.65	0.65	0	0.85	3.52	3.52	-10	-8.96	0	0.85	-2.42	1.55	12.55	65.05	43.22	72.01	88.91	103.12	95.67	107.35	128.3	135.02	140	145.49	145	140	116.82	111.82	105.02	103.8	105	100.44	96.44	90.4
2025-09-12	115	115	110	110	105.03	101.56	101.56	100.03	101.56	99.02	98.8	98.31	99.02	98.31	98.13	98.13	98.13	98.13	98.31	98.31	100.03	101.53	101.56	101.61	103.98	107.98	115.98	122.67	141.15	143.16	170.99	168.16	171.35	145.8	114.35	98.05	122.67	98.31	79.76	30.22	71.47	35.11	20.97	0.97	40	29.8	-0.43	-1	11.89	9.92	2	4.5	8	7.5	7.51	1.72	0.65	0.65	-0.8	-1	-1.75	-1.75	-1.75	0	-11.62	-10.62	1.38	12	-5	13.98	23.81	25.42	-0.07	15.11	35.88	58.26	33.26	78.5	100.44	120.23	113.55	123.46	129.6	143.45	149.64	152.04	146.03	138.03	110.31	106.36	102.01	97.78	98.31	97.11	94.37	92.35
2025-09-13	102.75	103.3	102.75	100.01	103.41	101.2	99.54	98.54	95.48	97.41	95.24	94.36	95.12	94.24	94.24	93.84	93.08	93.08	93.08	94.18	90.46	89.5	89.5	89.5	88.75	88.75	89.48	92.9	92.02	93.46	93.46	94.91	99.78	96.48	85	80	95.22	61.9	48.13	29	40.17	6.05	0	-5	22	4.01	-3.77	-8.13	0.65	-0.62	-1.01	-3.38	1	0.55	0	0	0.49	0.45	0.65	0.45	-2.81	-1	-1	0	-4	0	0.65	3.52	1.72	3.52	12.65	70.18	8.5	33.8	38.97	74.73	45.86	61.86	82.86	100.1	90.12	95.13	98.8	100.13	101.11	100.69	100.69	95.9	96.8	94.1	91.6	89.37	93.1	91.55	88.86	85.59
2025-09-14	85	82.65	77.38	66.43	85.64	83.97	81.65	74.74	84.97	82.62	81.49	78.47	70.3	81.04	78.52	77.38	75.7	75.7	76.23	79.85	81.49	81.49	82.54	83.96	73.05	78.52	81.59	82.28	78.52	81.44	83.02	83.23	87.24	84.25	55.73	36.77	72.76	26.74	6.2	-1.8	33.51	0	-2.99	-4.98	0.65	0.11	0	-0.57	-0.57	-1.01	-0.57	-2.48	-0.2	-0.57	-2.1	-2.1	0.65	0.65	0.65	0.65	-6	-3.01	-2.1	-2.1	-1.74	-0.2	0	0.65	-2.1	-2.1	1.3	11.26	-5.29	0.85	29.1	56.58	9.36	45.89	77.75	101.09	95.51	99.81	103.81	107.76	124.12	126.13	125.98	122.93	106.72	101.01	101.01	99.06	98.84	94.84	94.84	85.84
2025-09-15	93.38	93.8	92.18	92.18	94.35	92.91	91.47	90.2	86.44	85.25	81	81	83.9	84.03	84.03	84.03	85.36	85.45	85.36	86.36	85.36	88.97	89.46	94.86	82.24	85.36	95.21	99.97	90	112.83	115.86	117.94	139.99	124	116	88.43	109.35	104.95	85.87	7.31	87.11	38	5	0	82.79	47.63	12.79	10.31	13	10.28	10.34	9.36	15.6	14.29	11.42	6.69	5.76	5.76	4.31	4.31	9.09	10.03	9.19	11.96	-0.07	0	2.64	13.07	0	1.38	17.14	40.15	13.99	32.72	40.98	88.92	40	79.97	100.89	106.18	101.2	105.1	105.82	107	104.35	103.68	102.16	100.13	99.17	96	93.38	89.8	91.6	90.97	86.17	85.82
2025-09-16	80.01	85.01	80.01	80.01	87.87	85.11	81.35	78.45	72.03	72.03	77.54	79.3	73.35	77.11	80.69	82.2	86.33	84.43	85.44	88.8	88.47	86.2	90	93.26	89.91	95.8	97.24	108.76	107.1	114.5	120	123.97	134.64	125.84	111.84	96.77	109.38	97.18	67.3	44.58	87.48	60	29	13.15	60	16.72	22.53	4.5	13.14	9.14	8.64	9.14	14.14	11.65	12.68	7.87	13.12	11.28	13.12	5	1.01	0.11	0.11	3.52	3.24	6.64	19.13	42.43	10.65	15	38.14	70.11	23.79	44.38	85.46	98.35	75.82	99.95	117.22	141.25	138.76	157.01	180	180	244.16	235.25	229.79	208.95	138.34	134.64	131.86	116.84	119.32	109.5	106.5	105.5
2025-09-17	109	109.8	105.56	105.56	104.78	104.78	102.95	102.95	111.11	110.87	110.91	110	106.12	105.99	107.41	106.12	106.6	106	108	108.47	105.56	105.56	113	115	105.56	108.3	114.78	119.93	127.76	143.49	146.6	149.5	162.08	147.2	125.08	103.58	128	118.01	96.05	58.3	80.13	60.01	40.33	25.5	50.11	42.61	42.61	37.62	28.68	25.2	24.69	25.2	25.58	25.58	25.58	24.58	22.61	21.11	21.11	20.62	22.41	21.92	23.2	30.54	25.34	25.34	28.03	55.79	40.33	50.11	56.01	79.94	43.12	66.83	104.7	121.28	80.95	108.05	131.78	156.2	170	209.99	213.63	226.69	260	260	249.26	232.2	165.55	145.32	134.16	125	122.27	117.2	112.01	107.09
2025-09-18	120.73	130.48	123.08	115.19	127.81	126.31	119.76	106.27	120	114.99	113.54	111.76	110.13	110	110	110	110	109.99	110	105	104.58	104.38	105	110	102.31	104.58	107.28	113.27	126.55	138.55	145.7	147.75	157.81	142.88	121.05	99.29	145.26	120	89.26	54.26	89.01	80	76.01	35.9	60	55.03	44.54	24.2	50	40.09	49.28	49.28	50	47.5	46.1	44.5	46.01	46.01	44.02	35.46	24.35	26.98	30.95	35.99	16.9	22.35	45.01	57.51	50	59.53	65.54	73.8	42	64.76	106.11	134.25	94.09	116.59	129.7	148.83	135	143.9	140.4	147.5	175	179.1	175	160	112	110.99	105.99	99.99	103.4	100.66	93.65	89.65
2025-09-19	114.67	112.07	102.77	102.07	112.51	110.91	107.41	102.78	112.59	110.01	108.34	108.34	114.01	114.01	113.26	111.26	107.21	107.21	105.21	105.21	107.26	108.25	108.26	116.66	98.78	105.78	110.99	115.78	115.87	122.02	128.99	132.24	135.01	125.54	120.74	109.25	154.42	124.67	106.93	86.68	91.99	90.89	85.99	82.39	87.49	80.35	61.22	50	52.05	49	48.8	47	48.2	45.1	45.1	42.9	29.25	29.05	28.75	27.26	16.9	16.68	27.96	47.06	30	39.6	46.62	58.68	45.87	55.06	62.89	92.7	56	73.1	99.7	110.99	87.4	97.33	119.31	148.13	112.92	116.5	117.5	121.59	122.5	122.5	115.01	112.5	109.41	105.78	103.78	98.02	110.01	105.69	104.68	100.73
2025-09-20	70.23	80	86.33	77.81	84.89	77.8	75.23	72.92	87.1	82	85	75.96	80.74	82.8	82.8	81.8	88.29	84.29	84.29	85.39	89.31	89.81	90.84	91.37	89.06	88.84	91.16	93.24	76.13	86	90.73	94.83	96.89	94.89	87.83	70	96.51	89.58	65.6	34.1	52.69	30.33	0.65	-0.07	13.1	2.5	-2.1	-1.5	2.8	1.89	1.72	1.43	0.65	0.65	0.65	0.65	0.65	0.65	0.65	0.65	-1.85	-4.52	0.65	9.81	-5.27	0	6.99	20.22	-0.2	10.24	33.4	64.76	11.29	28.11	74.17	82.44	30.75	70.23	88.56	100.3	85	88.84	91.18	94.34	90	89.06	87.71	82.98	80.32	79.6	75.11	70	71.62	75.11	70	61.33
2025-09-21	60.8	59.73	52.14	48.76	63.81	57.45	50.15	43.8	48.02	38	35	30.44	53.6	46.62	43.5	42.29	58.47	45.24	43.28	39.48	37.94	39.48	35.35	29.45	35.78	38.56	40.44	47.39	48.76	53.87	52.72	55	58.32	15	5.26	5.26	48.02	20.1	-1.33	-6.73	35.92	0	-1.01	-4.43	6	3.52	2.47	1.5	0.65	0.65	0.65	0.65	0.65	0	-0.2	-2.5	0	-0.01	-0.71	-2.1	-0.25	-1.2	-3	-1.2	-0.31	-0.31	-0.17	0	-2.51	-0.57	0	0.65	-22.5	-6.48	3.52	19.5	0	27.5	50.9	77	58.46	65	66.51	67.49	63.73	62.4	61.82	58.4	55.98	49.8	50.8	42.77	57.13	38.09	37.1	28.07
2025-09-22	10	16.76	20.9	5.77	15	10.57	-1.35	-1.35	5.69	6.2	4.7	-1.35	2.89	-1.35	-1.21	-1.35	3.22	5	8.15	14	50	54.89	66.65	76.65	37.77	60.9	51.81	60.9	46.15	58	59.2	75.41	82.38	76.65	57.06	29	84.3	55.37	0.65	-10	50	5.11	0.65	-4	0	0	-0.62	-4	-4.97	-4.02	-5	-2.51	5.11	5.11	4.99	4.31	4.31	4.31	4.31	3.52	5.76	5.76	5.51	6	4.31	5	7.35	31.34	1.72	3.52	12.84	41.88	-6	0.65	52.2	81.75	13.66	53.49	81.75	96.51	96	101.02	103.53	103.95	99.3	97.93	93.25	89.98	88.27	84.05	79.8	72.78	76.16	75	72.34	64.63
2025-09-23	77.11	64.13	62.37	58.11	60.85	60.88	60.85	60.28	64.13	64.13	64.13	62.37	64.13	62.37	59.45	59.45	62.37	61.81	61.23	61.23	58.7	61.23	62.37	64.13	58.11	58.11	62.37	62.7	62.37	64.13	72.92	85.56	88.7	86	70.03	45.3	91.68	60.88	18.13	-7.09	60.88	10.36	0	-7.18	1.72	0	-0.16	-1.9	0	0	0	0	-2.5	-1.01	-1.5	-1.01	-2.01	-2.01	-1.01	-2.01	-0.62	-0.62	-1.89	-2.1	-4	-3.01	0	0.65	-4.64	-1.3	3.52	14	-15	-0.01	40.2	83.55	0	58.11	76.33	100.8	77.23	85.11	89.46	95.02	81.93	80.29	78.5	72.54	83.5	75.01	64.13	56.02	75.74	65.85	60.47	55.84
2025-09-24	53.53	53.53	52.4	38.01	38.11	34.59	24.79	21.72	43.49	30.7	24.6	24.3	14.5	14.5	13.12	9.77	11.49	9.77	11.49	16.4	21.72	25.11	30	28.61	36.3	48.82	53.8	70.66	56.46	66.96	66.96	66.96	74.01	73.01	69.01	44.97	95.33	83.31	70.31	15.48	46.28	29.52	20.02	5.22	18.31	5.76	5.78	5.11	5.76	5.76	5.76	8.16	5.76	6.55	6	5.66	7.19	8.01	7.19	7.19	1.72	3.52	3.52	3.52	0.65	1.72	5	14	17.59	23.54	45.6	58.4	21.7	42.72	71.03	90.98	38.37	85.59	108.1	120.8	91.86	96.38	92.12	91.13	100.77	98	89.9	83.36	92.7	85.92	81.96	70.5	78.08	69.52	72.05	57.47
2025-09-25	90.25	85.25	78.24	67.52	81.57	76.14	70.73	62.6	73.94	72.94	72.94	70.94	71.25	62.6	71.24	71.24	61.2	62.6	62.6	63.76	37	57	62.6	77	46.81	70.92	85.39	97.68	83.71	99.52	107.5	115.7	133.51	124.99	115.11	101.39	113.35	88.57	78.57	45.29	87.2	72.23	49.91	32.99	36.12	30.55	19.7	0	32.19	32.19	32.19	32.19	28.67	29.23	29.23	27.13	21.3	21.3	21.3	21.33	22.74	24.7	24.94	27.4	20.43	24.55	31.43	48.79	33.2	42.63	60.05	81.75	32.28	55.5	94.3	108.57	79.11	108.91	138.98	164.11	174.1	180	189.6	197.05	195.01	190.87	184.51	175.01	178.8	165.18	149.78	138.22	157.18	134.18	120.74	110.98
2025-09-26	95.83	100.09	96.58	90.4	99.52	98.61	97.14	96.3	96.57	95.95	95.42	95.95	96.43	96.57	96.57	96.57	97.47	97.47	97.47	97.47	96.43	95.92	97.47	100.09	91.31	92.96	100.11	115.46	103.37	123.37	141.75	145.76	143.18	127.28	118.28	88.69	139.52	117.1	88.69	47.13	96.29	88.46	69.91	42.11	61.41	55.01	61.29	62.93	60	59.59	61.13	64.11	67.95	61.67	58.24	46.14	46.57	43.55	57.67	59.81	43.06	42.09	39.56	42.06	38.7	38.7	48	48	30.1	38.7	54.28	76.73	30.1	62	94.18	111.69	75.9	109.18	141.08	148.4	151.59	168.85	180	180.01	191.51	193.6	179.3	159.99	151.87	147.61	124.46	117.01	136.4	130.48	123.82	116.8
2025-09-27	105.97	109.97	99.29	94.67	98.79	98.44	94.57	93	95.6	95.57	94.37	93	98.37	94.74	93.91	93	94.57	93.91	93	92.97	95.57	97.42	97.75	98.37	99.9	99.97	100	102.9	92.27	94.13	94.57	97.05	99.44	92.37	86.33	76.67	105.9	93.85	76.56	32.66	81.88	41.7	30.44	0.65	35.75	20.05	15.28	10.9	16.79	11.82	12.38	11.26	7.94	7.21	5	3.52	0.65	1.51	0.65	0.01	-0.1	-0.1	-0.01	1.01	-2.1	0	9.77	20.58	5.58	24.2	29.2	46.94	44.02	35.9	79.84	95.11	59.29	87.56	94.57	105.9	84.63	88.4	87.8	87.29	89.26	89.26	86.01	82.42	90.07	88.48	83.06	69.9	89.49	87.33	86.84	82.44
2025-09-28	72.19	63.51	51.12	24.54	59.86	53.97	50.96	41.58	59.57	54.95	40.95	31.83	48.4	43.09	26.81	38.5	47.99	45.54	43.24	31.08	45.54	44.3	40.4	47.99	21	25.9	31.8	42.9	25	36.26	43.76	45.38	46.44	40.18	38.7	34.29	57.91	45.79	25	1.05	33.03	22.59	8.33	0.05	29.16	28.68	19.77	9	18.51	13.55	10.85	3.52	8.53	4.5	3.53	3.52	3.5	7.5	11.99	17.01	14.29	12.01	11.79	11.95	9.04	15.72	17.77	19.96	4.73	18	32.34	48.5	12.86	44.9	66.99	78.04	54.73	66.98	74.95	85.77	72.42	74.14	71.64	70.06	63.39	62.14	61	50.6	74.62	69.75	72.99	64.62	65.05	61.15	60.16	56.42
2025-09-29	77.77	63.85	56.53	42.39	64.6	61.9	59.7	44.95	64.78	53	45.2	49.41	59.02	46.2	38.09	36.69	43.68	40.5	37.8	60.12	46.5	32.5	43.9	62.95	45.24	60.5	66.55	81.11	60.26	82.8	84.1	85.45	82.28	84.2	81.8	64.96	89.98	79.04	69.24	29.38	70.86	48.76	23.5	18.48	29.2	22.55	19.99	16.2	17.6	16	24.99	24.99	22.55	23.33	23.33	23.33	16.98	16.99	17.02	13.7	22.93	22.94	22.97	23.33	17.05	22.55	30	42.68	22.55	30	46.5	72.05	49.99	62.11	90.6	98.87	72.81	89.1	106.13	122.77	130.35	132.5	125.21	124.37	108.14	105.01	104.12	97.25	101.01	96.27	97.57	90.04	96.57	92.59	90.26	83.37
2025-09-30	94.96	94.96	92.75	89.6	97.08	94.3	93.25	91.39	90.45	89.35	88	87.23	84.59	83.38	84.07	83.86	85.55	85.55	84.86	86.6	86.45	87.25	85.85	87.58	79.54	85.24	88.25	89.99	85.68	97.77	113.41	122.75	135	129.9	115	100.1	138.88	115.11	84.2	36.6	92.4	84.9	60.3	42.8	80	57	55.61	48	48	45.99	45.23	44.77	41.9	45.17	37.7	36.8	42	46.93	48.84	48.38	48	49.08	66.08	79.07	48	59.5	83.99	90.59	40	54.79	85.69	98.88	36.44	62.93	95.97	119	89.99	109.59	137.79	157	210	220.33	239.67	237.34	184.42	174.62	167.74	154.11	141.62	132.31	119.63	110	122.65	111.5	98.75	91.35
2025-10-01	102.75	109.24	107.28	105.97	111.63	110.68	110.19	109.01	82.97	94.7	92.7	94	91.57	91.51	92.21	93.9	92.5	96	98.27	98	82.38	80.62	95.76	92.21	95.76	102.24	109.24	115.46	134.54	150	154.74	155.96	160.78	150.56	135.9	129.23	107.55	85.95	86.26	31	61.33	35.89	31.42	20.4	35.93	24.52	20	0.65	6.65	0.01	3.51	7.99	12.2	9.09	-0.4	-2.1	-1.81	-0.09	2.7	12.79	9.17	10.06	10.75	14.1	4.4	12.05	35.93	49.6	3.77	14.31	20.46	49	48.41	63.75	71.98	90.63	98.68	112.21	139.67	129.33	172	206.16	219.99	220.01	165	143	133.89	120	120	118.99	116.63	114.66	115.46	115	115	115.15
2025-10-02	94.81	99.21	95.53	93.63	92.58	91.05	91.05	91.05	77.52	78.34	78.54	77.5	79.8	79.8	83.5	85.1	85.1	88.99	91.11	91.11	91.15	91.17	98.67	98.37	96.26	101.6	112.19	113.99	112.41	123.87	134.85	138.55	153.33	140	121.06	108.51	121.87	104	85.29	75.24	79.5	63.67	43.33	23	42.1	32.12	23.97	13.52	27.19	19.69	22.48	16.15	26.91	22.99	16.46	15.04	15.57	16.45	22.5	23.01	11.55	14.45	11.5	16.9	19.69	20.79	25.03	51.89	25.1	40.59	36.72	66	31.47	43.6	90.11	97.1	82	99.29	110.41	123.9	155.51	201.52	220	225	205	193.92	164.66	135	143.81	136	130.44	124.91	118.57	117.09	118.84	115.27
2025-10-03	116.87	122.8	121.3	118.73	119.63	111.19	107.9	107.6	104.92	105.13	108.99	104.92	101.96	101.96	101.96	101.75	100.94	100.99	101.94	101.94	102.86	103.01	104.07	107	104.01	115.74	116.84	137.7	118.74	121.8	131.92	134.82	142.03	135	126.23	120	126.99	112.41	106.05	77.58	80.6	71.92	56.54	41.49	60	49.37	52.15	40.26	59.89	50.01	51.6	42.99	56.22	52.88	45.43	33.47	43.56	43.49	46	46.95	28.02	47.47	47.2	50.78	32.44	45.2	51.76	58.01	34	49	56.55	68.1	43.61	82.34	95.83	106.78	110.36	112.88	118.13	140.86	126.12	136.05	139.93	139.93	153.93	149.98	133.08	121.04	126.23	126.74	119.15	123.76	130.64	129.67	120.38	102.97
2025-10-04	90.01	102.92	102.41	100.52	96.83	94.98	93.28	91.63	79.99	79.99	79.99	75.99	79.99	75.99	75	80	89	89.57	88.05	81.52	76.01	79.99	79.99	76.01	75.99	73.99	75.99	68.01	73.06	80	73.99	79.99	80	73.99	68.01	59.11	68.01	43.95	26.37	7.32	16.42	13.96	3.97	1.72	5.69	3.52	3.52	0.65	3.52	4.31	4.31	1.55	1.5	0.65	0.65	0.34	0.17	0.24	0.65	0.65	0.01	0	0	0	0.01	0.01	0.65	0.65	-0.05	0	0.65	3.52	3.52	12.1	14.34	26.83	39.81	39.3	43.46	67.92	69.04	70	75.01	69.07	75.01	77.24	75.01	65.01	75.01	70.45	65.01	59.99	62.26	44.04	48.01	43.8
2025-10-05	73.02	64.89	64.89	64.01	64.89	60	60	61.74	60.46	61.61	60.46	61.46	63.86	64.89	64.89	64.89	66.7	66.7	66.7	66.7	68.2	68.2	69.78	69.78	70.86	69.78	69.78	69.78	60	60.46	60.46	53.2	40	55.66	61.37	9.07	7.12	2.5	0.65	0	-0.49	-0.62	-0.49	-0.62	-6.66	-6.71	-5.42	-2.36	-3.51	-0.5	-1	-1.01	-1.5	-2.1	-2.78	-3.44	-5	-4.67	-3.46	-2.1	-2.35	-2.47	-3.53	-4.58	-2.06	-5.42	-5.42	-5.42	-6.49	-5	-3.96	-0.62	-0.62	-0.49	0.66	5.1	26.41	42.63	58.35	72.05	59.92	54.93	70.76	70.76	77.36	79.26	74.02	70.76	53.46	42.02	43.65	37.77	45.1	44.04	38.44	26.02
2025-10-06	45.88	50.21	49.91	49.88	45	44.98	44.9	41.99	40.22	42.79	44.87	44.98	45.1	45.12	45.2	45.5	45.76	46.1	48.1	49.8	52.95	53.02	55.01	60.01	58.29	72.83	87.23	88.01	93.9	102.99	104.64	110.28	123.73	123.55	120	111.28	123.07	101.61	92.9	89.83	75.01	66.41	62.9	50	47.81	47.18	46.95	45.5	47.11	46.86	49.41	45	49.88	48.67	44.98	41.21	45	46.64	45.7	45.2	54.59	55	52	54.1	45	51	50.51	58.6	52.69	65.01	75.01	87.05	74.11	88.27	90.01	102.99	105	125.34	175.05	173.07	168.17	173	179.01	179.55	192.58	180	157.43	150.43	140.22	121.23	112.93	107	110.01	105	102.3	96.77
2025-10-07	100.99	99.46	87.75	86.32	95.38	94.22	92	78.01	91.86	91.86	85.24	81.99	85.94	82.89	79.6	73.78	77.6	78.01	78.5	77.7	80.01	81.37	85.94	92.01	91.57	99	99.76	103.46	110.3	117.88	127.5	133.12	155.55	138.79	131.92	116	151.42	115.01	98.75	91.97	94.47	88.51	74.35	51.37	72.95	67.09	57.25	41.9	63.78	55.33	54	46.55	50	45.42	36.03	30.99	33.2	30.66	31.33	34.58	33.2	37.21	40.06	50	29.74	45.5	60.8	65.34	63.77	73.65	77.6	76.67	79.22	94.62	113.4	126.99	121.23	135.35	178.81	185.81	176	164.09	174.69	173.63	188.09	180.9	167.06	153.02	132.17	126.19	126	120.8	122.88	121.28	119.66	116
2025-10-08	108.52	107.92	105.47	102.39	102.47	103.14	102.39	101.2	102.39	101.92	102.1	101.14	100.34	100.2	100	99.55	100	100	100	100	97.91	98.17	98.92	102.39	105	107.2	107.16	110.8	111.99	119.28	134.79	149.71	188.32	168.41	150.94	125.57	137.86	111.8	102.4	94.46	102.87	99.7	96.2	88.25	86.21	82.12	76.63	72.35	75.77	76.29	75	71.5	76.39	68.5	63.5	63.13	63.33	63.33	63.12	63.12	59.44	61.8	62.47	62.67	47.38	50.8	60.1	66.21	60.68	68.12	75.62	81.09	56.99	81.05	88.79	89.51	102.3	111.7	148.22	163.33	150.99	137.55	118.59	107.68	116.27	104.55	100.8	97.94	102.8	100	100.54	95	93.2	90	86.48	76.28
2025-10-09	90.4	94.72	94	88.88	93.48	89.5	89.5	85.64	89.03	88.11	88.23	86.63	86.63	82.66	83.9	85.07	81.56	80	80.4	85.3	84.16	87.29	89.55	91.05	83.19	88	90.3	95.69	89.85	83.32	86.08	88.13	85.01	92.99	92.71	85.01	85.94	81.19	89.7	77.1	73.57	70.92	38.5	15.61	80.2	61.6	16.7	13.09	11	6.11	5.6	5.11	9.99	10	9.99	6.88	2.19	2.91	1.98	0.65	1.88	0.83	0	5.2	4.28	3.5	6.4	16.74	11.54	30.2	68.24	70	37.49	60	76.73	82.17	68.34	76.72	91.07	101.2	110.93	105.38	94.47	86.55	107.3	99.59	93.5	86.79	95.87	86.52	88.76	90.05	93.75	90	89.83	80.42
2025-10-10	91.85	86.87	71.2	72.2	85.23	83.59	80.1	78.92	83.62	80.34	76.8	65.54	68.42	70	61.86	70.92	61.03	65.79	66.3	68.49	70.92	68.7	80.08	84.42	85.03	87.88	88	92.92	70.75	80	80.89	93.2	96.5	96.5	96.52	90.31	94.18	95.36	68.76	52.22	61.25	61.75	50.69	32.2	48.08	29.81	27.1	17.51	32.81	21.07	35.51	42.22	41.88	39.28	29.4	38.26	27.5	24.28	24.51	35	31.7	45.51	52.22	52.22	40.05	52.22	64.55	72.14	57	75.22	84.88	89.36	68.51	91.94	95.52	105.8	101.61	111.11	119.73	118.89	124.29	117.54	109.96	105.6	111.8	111.03	106.46	98.37	107.75	101.63	102.26	98.9	104.01	99.72	97.78	95.52
2025-10-11	101.34	97.76	90.58	81.25	95.44	93.91	92	88.58	94.44	91.71	87.62	83.48	88.86	86.37	80	80	80	78.43	78.43	78.43	80	80	89	90.29	85.54	88.32	90.44	92.05	92.26	89	93.26	94.62	97.77	96.59	95.06	93.82	91.74	87.53	80.8	56.74	72.59	69.05	55.13	41.71	48.5	27.74	12.44	8.34	9.54	6.22	6	5.52	6.21	9.44	8.16	8.16	8.69	10.62	11.37	8.06	6	8.16	8.16	9.23	1.02	4.52	8.16	18.8	19.02	27.7	47.65	64.7	59.78	73.84	81.56	88.3	90.77	98.56	104.02	106.76	108.02	106.4	102.72	100.81	108.47	109.29	106.52	102.72	106.11	104.63	101.37	100.13	97.9	99.31	96.89	93.26
2025-10-12	88.71	95	88.26	83.03	89.99	86.57	82.1	78.46	87.69	86.88	86.92	86.99	87.95	87.98	87.79	87.92	85.25	85.07	85.01	84.95	84.8	84.18	84.18	84.28	82.77	84	83.93	82.5	87.6	85.95	84.98	87.01	88.17	87.6	85.4	80.65	79.95	74.44	59.46	40.66	51.43	36.43	17.64	0.65	5	3.52	3.52	3.52	3.52	3.52	3.52	3.52	4.31	4.31	4.31	4.31	3.52	3.52	1.22	0.65	0.65	0.88	1.72	0.33	-0.62	-0.01	0	14.2	9.61	21.37	40.77	48.34	69.09	75.5	79.81	97.86	103.1	107.44	111.79	111.66	118.47	116.84	118.47	116.84	120	118.56	117.89	113	115.13	113.24	112	110.84	108.85	108.67	104.43	101.8
2025-10-13	104.01	100.34	100.33	98.6	94.35	95.07	94.18	93.23	90.27	90.2	90.29	90.13	92.83	93.09	94	94.07	94.07	95.07	95.43	96.67	97.37	99.19	99.53	101.66	100.15	106.13	104.44	110.56	108.55	108.52	111.94	114.21	129.3	131.25	129.32	121.82	148.12	121.14	108.78	101.3	109.46	100	95.84	91.67	84.01	84.31	83.21	80.47	79.95	77.41	79.07	78.68	72.97	72.3	75.91	70	63.01	63.96	69.01	68.26	54.09	54.72	64.5	70.01	77.27	79.95	81.82	89.66	71.5	80.47	84.76	88.35	88.57	97.34	107.43	132.01	127.8	125.69	150.82	169.6	161.96	171.64	172	172.05	185.47	185.47	176.47	166.52	170.42	141.83	128.62	125.4	124.86	121.14	119.8	116.36
2025-10-14	131.79	131.16	129.8	128.57	119	118.4	117.8	115.81	107.23	107.23	106.87	106.88	106.14	105.93	106.87	105.93	106.22	106.22	106.22	107.21	106.22	106.62	108.43	117.8	117.61	121.73	120.01	128.52	117.17	130.51	144.45	147.7	165.5	169.53	169.76	158.16	174.88	133.17	116.78	104	108.47	105	93.26	91.26	94.35	92.07	90.75	88.26	84.6	84.6	80	76	79.89	78.86	71	68.87	72.49	74.19	70.49	67.41	65	66.42	66.69	74.35	56.95	70.44	71.8	83.84	81	86.52	88.48	95.35	96.18	101.77	113.03	130.31	125.73	140.45	167.23	181.19	160.1	154.81	149.18	149.02	153.93	143	125.99	110.51	143.9	131.35	124.94	108.43	112.94	108.43	108.27	105
2025-10-15	127.84	130	124.91	122.97	125.75	123.19	119.06	117.8	115.89	113.34	113.34	113.4	106.86	106.74	105.87	105.37	105.37	105	105	105	113.4	115	114.62	118.4	125	129.88	130	137.7	132.41	163.46	175.03	181.2	183.18	195	199.01	200	176.64	138.01	125.35	103.44	97.81	90.74	84.6	84.05	81.04	67.98	70.12	50	65.28	63.14	64.31	56.1	61.19	46.67	40.18	36	46.9	41.1	18.79	16.01	36.44	44.26	42.1	59.8	53.05	50.09	64.56	61.39	67.33	67.7	84.98	88.01	100.2	111.61	126.96	153	156.76	180.43	184.93	171.08	195.9	211.18	216.99	204.82	186.18	183.93	171.82	148.73	138.01	130.01	125.84	119.44	126.5	122.97	117.84	117.8
2025-10-16	125.79	128	126.8	124.01	116	113.9	110.4	108	110.29	108.29	109	107.96	105.05	105.5	105.5	106	105.4	106	106.77	107.1	105.9	106.03	106.79	113.06	109	118.14	122.34	123.5	115.32	124	131.2	142.84	154.1	162.29	161	153.01	154.52	132.96	117.05	126.8	125	107.02	99.89	95.54	85.59	85	83.26	82.43	82.43	78.62	75.49	75.23	72.07	75.23	78.43	78.43	75.23	75.23	77.1	75.23	65	65	69.6	70.61	73.2	76.5	79.75	81.19	72.9	91.5	91.9	103.18	104.21	120.1	126.94	157	161.02	158.56	149.83	166.99	156.5	159.51	166.77	165.08	157.32	151.82	145.34	132.62	151.25	132.2	124	123.32	127.4	127.4	124.83	116.45
2025-10-17	127.61	130.07	130.01	118.33	115.01	114.64	109.67	110.07	107.88	106.89	106.34	110.84	109.61	107.67	107.54	108.88	109.08	106.79	107.3	109.22	106.74	107.84	106.46	108.39	98.3	105	110.74	116.2	113	117.6	135.04	145.56	151.73	154.35	154	150.55	154.02	120.5	105	81.3	95.7	90.04	86.29	78.37	76.55	68.07	66.68	59	71.47	76.12	75	69.03	70.5	64.62	54.76	34.87	38	35	28.41	33.48	21.02	31.84	35.24	55.1	22.53	51.2	62.1	74.93	74.6	81.44	92.08	107.85	92.79	115.79	124.16	139.26	130.35	131.73	138.2	151.32	159.99	171	174.18	170.43	160.81	156.5	145.01	132.72	133.54	127.04	120.55	115	127.53	125.64	120.02	116.28
2025-10-18	130.36	133.79	130.43	123.21	119.83	121.32	119.99	113.26	105.74	104.19	98.3	96.53	109.07	106.68	101.68	100.35	102.86	102.35	101.48	98.93	96.3	95.58	95.02	95.97	94.78	97.09	96.7	95.42	99.64	94.71	94.71	98.45	101.4	103.18	94.71	94.71	103.35	88.75	80	32.1	56.07	47.01	52.91	23.3	61.1	54.02	38.77	18.34	45.54	28.86	33.6	25.2	25	25	24.31	23.52	23	22.5	16.31	10.01	15.65	12.92	12.83	13.5	11.31	11.49	28.4	67.17	17.74	30.9	50.38	77.37	47.2	75	89.94	120.26	113.08	112.89	114.11	111.8	122.86	126.19	129.96	127.38	140.9	128.41	120	116.47	114.36	113.46	112.52	112.79	108.21	107.25	102.38	96.11
2025-10-19	82.4	83.52	70.33	65.92	75	70	64.62	61.97	68.15	56	52.08	38.89	52.1	40.43	37.1	28.12	36.85	38.17	29	25.04	27.68	26.11	28.55	29.46	34.09	38.04	37.78	39.68	21.58	23.53	25.19	22.37	24.05	13	14.51	13.04	44.61	30.45	23.14	3	28.3	5.11	7.19	0.05	1.76	0.65	0.49	0	0.05	0.01	0.05	0	0.05	0.05	0	0	0.05	0.05	0	0	0	0	0	0	0	0	0.05	0.65	1.72	3.52	4.31	8.16	9.77	39.48	54	76.63	64.04	70.6	77.39	83.15	75.63	78.97	81.85	82.97	94.53	92.02	91.53	88.39	85.96	79.4	77.01	74.96	77.01	76.48	72.04	60
2025-10-20	55.13	49.8	24.5	24.5	24.5	24.5	24.5	29.78	24.5	22.2	24.5	25.8	24.5	24.5	24.5	24.5	24.5	24.5	24.5	24.5	24.5	24.5	22.3	24.5	24.5	35.7	40.95	71.18	45.5	67.36	70.96	86.58	86.5	88.97	91.32	89.86	89.9	85.95	78.42	54.89	70.34	75.6	27.9	4.51	60	15.01	3.52	-2.1	-0.4	0	0	0.51	0	0	-0.9	-2.1	-2.1	-2.1	-2.1	-2.1	-2.1	-2.1	-2.1	-2.1	-2.1	-2.1	-2.1	-0.69	-2.1	-2.1	8.48	22.1	6.63	25.83	40.85	63.05	53.05	67.87	71.1	74.25	85.01	91.07	94.53	94.53	98.64	92.52	88.86	74.91	72.63	70	59.1	51.96	55.51	48.8	51.1	40.4
2025-10-21	15.8	6.11	10.92	6.86	14.5	14.37	9.18	14.5	16.16	3.63	3.52	3.52	3.5	9.32	7.65	5.45	9.6	13.8	15	14	12.75	15	19.9	34.42	36.18	30.11	51.81	53.27	56.77	58.7	71.32	82	80.05	85.15	89.47	88.93	83.51	85.09	79.5	62.58	66.5	54.01	54.15	57.75	61.8	33.31	17.4	4.2	5.05	0.65	0	0	-0.45	-0.01	0	0	-0.01	0	-0.45	-0.45	-0.78	-0.79	-0.78	-0.62	0.5	1.41	0.66	0.35	1.01	10	19.69	44.6	44.47	50.9	56.79	71.82	64.84	77.99	81.5	92.6	85.25	88.58	85.04	83	85.72	83.61	84.87	67.76	81.79	72.98	71.82	55.1	57.6	53.08	45.39	41.54
2025-10-22	50.22	50.22	34.98	7.38	31.97	33.24	29.57	6.26	32.19	29.7	35.04	34.09	34.04	27.69	28.58	20.96	32.03	26	26.49	25.17	26.75	29.57	25.57	29.4	35.79	36.63	33.87	29.77	34.29	50.93	60.5	60.5	50.5	60.5	72.5	63.49	48.2	30.11	46.85	34.5	49.34	27.47	15.61	5.22	12.15	5.11	3.52	3.52	3.52	2.41	1.72	1.1	0.99	0.65	0.21	0	0	0	0	0	0	-0.45	-0.45	0	-0.4	-0.34	0	0.65	0.01	3.51	3.52	5.11	2.51	19.62	27.8	30.11	38.33	39.01	56	78.31	70.5	71.89	62	52.5	56.93	45.11	43.1	34.07	39.71	23.51	28.94	14.26	36.58	20	18	0.01
2025-10-23	49	45.01	2.72	3.52	35	29.18	14	7.16	14	3.52	3.52	3.08	3.52	3.52	3.52	3.52	3.46	1.72	2.41	0.99	-2.96	-4.01	-0.45	0	0.06	0.1	13.69	55.38	41.99	43.61	50	50	40.71	45.8	50	50	51.3	51	38.48	18.31	17.06	1.11	-0.45	-1.99	1.72	0.1	0.05	0	0	0	0	0	0	-0.45	-0.45	-0.45	0	0	0.65	0.05	0.65	0.05	0.65	0.65	0	0.65	0.65	1.72	0.65	3.52	3.69	48.72	34.32	19.01	50	63.92	69.45	81.27	85.26	91.91	100.09	109.45	115.31	116.85	116.18	114.99	109.99	104.59	103.89	101.56	101.57	93.35	92.51	83.56	74.87	70
2025-10-24	92.21	93	91	87.37	93	92.97	91.53	91	91.29	91	90.51	90.49	92.09	91.47	91.34	91.63	91.47	91.62	92.56	93.06	92.56	93.11	93.21	95.51	95.3	94.61	94.61	91	93	98.61	103.42	122.99	138.93	137.19	137.42	137.18	135.11	100.32	91	88.01	83.95	79.54	70	62.97	74.67	64.9	56.41	50.9	52.7	48.07	47.21	52.46	43.5	33	22.25	16.58	15.32	11.57	8.46	2.6	5.77	6.84	11.49	21.2	9.09	19.5	35.03	43.12	40	51.87	58.04	67.9	64.75	78.13	92.2	100.32	112	107.23	111.5	130.1	132.65	128	128	119.58	125.43	111.6	124.55	111.6	100	95.84	93.94	93.3	86.94	83.33	80	71.47
2025-10-25	98.72	102.89	99.09	93.54	93.08	92.25	91	89.5	85	86.03	85	83.86	83.5	80.01	80.01	82.28	80.01	80.01	66.7	65.13	72.05	76.1	78.94	80.01	81.68	83.89	86.82	88.56	89.62	89.59	89.64	90	90	90	91.72	95.1	92.41	90	85.25	81.9	83.95	84.84	80.01	71.81	74.67	37.78	1.03	5	11.1	10	5.99	2.4	1.5	1.5	19.51	10.7	0.6	1.72	11.04	6.53	7.18	10.23	8.73	13.96	11.06	11.65	13.41	14.2	17.17	55	70.5	80.01	80.85	88.28	92.7	101.42	92.77	91.61	94.62	92.92	86.59	87.74	89.05	87.54	94.34	91.7	91.96	90.61	94.7	94.08	94.08	90.52	97.16	93	90.52	90.04
2025-10-26	89.49	89.87	88.99	88.68	90.29	88.4	87.19	85.33	87.22	87.22	87.55	86.44	87.22	86.99	86.44	86.17	85.91	85.61	85.61	85.91	82.98	83.03	83.57	83.57	85.23	85.75	86.6	86.76	88	87.82	83.68	83.68	83.87	76.79	80.02	70	70	56.05	16.9	10.32	14	5.16	1	0.97	1.02	1.72	0.65	0	0.28	0	0.58	0.62	0	0	1.15	1.99	0.65	1	5	5	1.7	5.5	7.03	15.25	5.63	12.51	17.26	50.41	33	82.07	86.52	86.44	88.75	86.8	86.35	88.23	90.91	89.37	89.2	89.31	91.13	91.99	91.96	90.78	97.35	95.89	94.46	94.64	94.46	93.49	93.2	89.41	93.2	91.44	90.4	89.76
2025-10-27	82.92	79.99	76.4	62.27	60.5	40.01	43.73	40.01	74.87	74.87	73.87	73.72	72.12	72.12	67.12	71.92	35.01	33.01	33.01	33.57	65.74	64.13	66.61	56.34	74.95	75.1	66.87	64.39	96.08	110.34	113.93	115.88	99.95	88	80	69.46	70.03	70	34.91	22.03	62	47	40.01	26.51	22.68	13.51	1	0.01	34.5	23	24.56	15.02	21.44	20.85	16.62	15.52	14	11.51	14.5	22.08	19.07	36.35	48.42	60.38	31.71	62.2	69.95	86.25	91.96	93.75	101.01	120.43	120.65	121.57	129.99	140.18	129	126.33	137.5	143.69	140.01	146.65	143.93	142.43	145.01	130.25	129.79	123	118.05	111.63	110.42	107.85	105.56	103.15	99.24	99.19
2025-10-28	108.64	120.8	121.4	116.65	109.37	107.21	105	102.5	105.39	101.69	105	105	103.5	102.25	101.01	102.25	99.99	97.47	99.5	99.89	100	101.28	108.43	125.04	111.68	108.41	116.53	122.58	130.79	132.39	133.37	132.39	130.79	124.67	109.99	96.23	103.37	90.15	70.2	69	84.5	81.99	71.1	66.21	66	60.11	63.1	56	60.5	60.5	62.1	62.1	63.68	69.31	68.01	69.1	70.1	72.1	80	77.82	79.95	82.68	84.95	86.22	80.75	97.25	103.28	107.86	107.38	108.16	114	118.14	124.02	127.02	129	135	126.68	129.11	129	136.58	140.96	138.61	124	115.66	136.14	125.68	116.03	105.5	103.95	99.95	99.95	105.67	102.92	99.95	92.92	84.07
2025-10-29	94.11	95.08	93.07	91.36	95.52	93.54	92.49	92.84	90.88	89.88	89.99	90.88	98.86	94.95	95.68	95.68	95.57	93.54	95	94.01	93.54	90.01	89.7	90	90	90.81	92	108.9	110.93	118.23	114.81	118.23	116.52	112.86	110.06	110.4	121.77	110.4	103.28	93	90.39	85	83.72	82.95	80.23	77.51	76.51	76.5	75.38	74.7	76	76.87	77.59	79.01	80.2	84.96	78.54	80.7	87.59	91.12	85.8	91.59	96.72	99.2	95.46	100.23	89.77	95.36	102.49	106.99	110	132.23	123.13	132.87	135.66	142.28	141.6	146.47	155.43	157.58	157.93	159.21	159.21	159.21	156.43	153.78	143	135.2	135.2	128.65	123.5	117.14	111.51	102.31	98.96	98.16
2025-10-30	106.19	130.17	119.68	112.7	98.77	94.69	88.57	81.1	79.2	78.71	75.7	68.32	58.17	76.67	68.02	58.17	62.87	61.33	71.58	71.59	71.6	71.38	72.23	75.88	78.31	79.4	83.09	88.86	105.03	105.03	122.07	118.27	123.98	116.43	121.24	98.77	97.75	96.2	79.55	75.34	83.34	84.82	73.6	71.54	73.68	64.8	50.75	45	31.8	21.65	23.82	27.06	23.44	25.78	23.7	24.02	21.03	22.5	22.36	21.79	28.4	32.51	37.96	60.71	46.51	62.69	78.53	83.19	83.67	88.32	105.01	107	90.59	95.68	104.6	113.02	106.15	99.45	98.77	102.9	105.03	105.03	105.03	105.03	123.12	108.44	104.85	94.36	90.2	88.57	85	76.45	70.18	68.76	67.68	58.17
2025-10-31	78.2	78.44	60.79	60.79	60.61	60.23	59.98	57.04	59.98	57.04	56.31	56.18	56.05	55.92	55.92	55.79	55.66	55.51	55.21	55.66	55.66	55.79	55.92	56.31	60.44	56	60.79	69.44	60.79	75.5	79.16	60.79	68.44	74.19	60.79	60.79	75.1	72.88	62.6	55.92	75.68	65.55	55	42.29	50.11	39.59	33.96	37.4	19.48	17.71	44.49	31.47	26.61	27.57	19.65	22.99	24.4	25.75	25.75	33.5	31.97	37.67	45	57.37	46.01	78.15	72.29	70.53	62.07	60.79	86.01	87.2	85.36	87.4	86.88	88.23	84.65	88.17	90.41	91.72	89.62	85.32	85.32	82.05	100.92	98.44	88.48	86.65	88.1	90.16	85.92	78.44	88.44	78.68	72.1	71.98
2025-11-01	60.3	67.8	69.8	66	63.2	76.51	80	80	80	80.1	80.1	69.74	50.5	50.5	53.08	54.27	36.5	41.5	45.06	45.31	45.3	56.37	64.06	65.8	59.2	65.5	69	72.4	80.94	76.71	76.67	59.99	59.99	64.57	56.81	60.5	65.2	63.29	45.4	29.18	39.8	33.08	27.22	20.01	20.01	27.69	30.53	31.77	24.5	28.15	33.45	35.1	30.79	35	31.05	34.09	30.3	29.74	31.5	30.75	30.11	36.5	40.1	44.92	31.38	55	46.3	55.22	30.73	55.2	81.11	83.02	83.75	85.16	90	91.46	89.64	90.2	91.82	94.3	93.69	95.94	95.94	94.95	100.29	100.29	100	94.3	98.42	95.94	93.44	93.28	88.75	89.66	87.7	88.28
2025-11-02	75	65.01	57.2	44.1	67.31	57.61	56.3	40.02	45.01	38.93	31.06	25.2	39.37	25.4	25.42	17.52	21.8	22	25.59	25.48	34.54	41.4	42.19	42.4	36.44	37.06	44.49	44.99	49.04	50.5	53	51.1	38.77	27.12	14.83	16	40	14	5.11	3.28	3.52	1.72	0.65	0.65	0.01	0	0	0	0	0	0	0	0	0	0	0	0	0	0	0	0	0	0.65	1.72	1.72	3.52	14	54.04	19.5	35.74	53.19	73.27	79.91	84.46	88.98	97.97	95	97.41	95.22	99.01	99.61	100.54	101.34	101.34	108.2	107.43	102.46	100.47	100	96.71	96.05	94	97.04	93.32	89.4	86.85
2025-11-03	74.45	70	60.55	60	60.55	59.1	59.1	59.1	59.1	59.1	59.1	60	60	53.77	53.77	53.77	53.77	58.2	58.2	59.1	58.2	58.2	59.1	60	71.23	78.35	80	90.05	90.05	99.77	119.25	125.49	128.87	95.54	77.16	68.22	79.51	70.67	56.01	44.55	44.2	38.57	31.85	15.74	31.75	24.16	21.69	15.45	18.69	16.56	21.81	14.4	15.36	13.5	10.9	14.22	16.56	23.19	26.22	28.86	24.49	33.83	44.73	53.7	50.99	63.76	68.51	80.9	69.51	93.51	106.18	137.39	115.67	119.67	126.13	126.32	135.89	145	145.01	145.01	152.25	150.34	143.51	135.29	165.22	142.38	121.54	113.26	109.5	99.75	97.23	88.37	95.05	93.36	88	84.13
2025-11-04	75.54	78.29	83.92	85.05	85.26	71.68	71.68	71.68	74.07	71.68	71.44	71.2	71.44	71.44	71.2	71	66.66	70.02	66.66	71	71.2	71.2	71.44	82.18	71.2	80.03	80.18	87.26	88.6	88.4	88.47	86.98	90.03	87.22	84.46	63.45	84.65	67.85	31.52	26.78	34.87	22	15.05	12.05	19.6	15.25	11.83	3.69	12.31	10	12.02	12.02	10	8.69	8.53	10.61	8.53	11.52	14.32	15.5	14	18.5	23.66	50.2	19.8	27.54	41.48	75.3	71.2	82.45	85.36	93.16	94.86	94.23	94.79	94.89	90.75	90.81	89.3	88.6	87.8	88.64	88.44	87.42	90.6	87.42	87.42	84.95	86.01	86.1	81.77	78.85	71.44	58	45	39.11
2025-11-05	58.29	54	34.47	20	30.81	26.01	36.7	21.23	54.88	33.29	32.41	32.1	32.96	32.96	27.88	25.4	15.4	14	13.31	13.59	10.07	14	21.14	18.79	39.8	39.78	47.68	47.1	27.81	40.01	47.1	47.1	49.8	46.2	65.01	58.89	29.48	54	54.88	20.72	54.88	45.24	17.49	14	6.86	4.02	3.99	3.99	4.19	4.51	5.94	6	4.99	5.11	5.29	8.16	9.29	14	14	14	20.15	21.35	21.85	25.56	25.5	30.24	33.5	36.2	39.3	43.25	48.02	51.6	49.8	53.94	55	60.47	59.89	65.27	69.27	70.27	70.47	71.05	70.95	70.71	71.35	70.47	67.27	59.69	59.25	49.27	48.9	39.58	39.78	30.01	10.01	5.1
2025-11-06	31.81	29.05	32.07	27	44.38	41.74	35.6	30.28	20	15.24	25.67	14	25	16.88	20.52	17.6	10.06	8.71	5.73	7.5	13.73	11.42	19.33	20.01	30.3	52.96	61.7	61.18	46.67	60	72.26	63.8	62.84	60	58.58	60.8	72.5	54	37.96	29.6	9.53	0.87	0.01	2.53	3.52	3.52	3.52	3.52	3.52	3.52	3.52	3.52	3.52	3.52	3.52	3.52	3.52	3.52	3.52	3.52	3.52	3.52	10.81	26.35	17.9	50	44.44	49.26	35	49.67	77.33	83.02	84.28	85.41	91.88	96.2	95.16	96.47	96.47	97.47	105.21	98.2	93.2	93.09	92.86	92.14	92	87	88.8	85.13	85.27	88.01	90.81	85.19	82.59	74.23
2025-11-07	80.9	72.34	64.3	54.39	72.34	61.18	56.9	53.14	72.34	65	64.11	60	71.99	64	55.29	41.16	49.16	49.18	54.47	61.38	49.81	60.09	65.86	72.34	57.96	60.97	67	68.32	78.56	79.89	84.76	87.5	98.66	94.92	91.52	85.79	91.23	86.68	83.32	80.18	79.92	74.8	75.01	69.32	68.47	63.8	63	61.61	68.04	63.76	72.34	70.86	60	60	60	60.67	71.69	72.34	68.86	63.46	59.3	64.72	68.51	69.87	73.05	82.02	88.74	92.57	89.26	93.12	96.62	99.53	97.61	100.31	105	107.52	100.7	101.36	100.14	99.43	88.99	88.87	84.06	81.95	94.44	88.99	87.94	81	81	85	88.34	90.1	85.81	82.09	85.79	80.45
2025-11-08	89.51	88.35	79.8	66.94	78.24	70.05	69.9	62.43	70.01	66.57	69.9	55	61.81	62.3	63.97	55.99	56.08	51.5	50.6	49.32	53.56	55.82	58.44	60.34	62.66	69.56	69.88	69.9	56.98	59	63	65.58	66.72	62.91	61.25	22	58.11	14	3.51	0.65	3.52	1.72	0.65	0	0	0	0	0	-0.09	-0.2	-0.15	0	0	0	0	0	0	0	0	0	0	0	0	0.01	3.52	3.52	22.71	54	46.81	63.23	67.49	84.85	83.4	88.08	91.92	95.92	89.43	91	90	87.19	91.38	88.36	87	85.55	89.7	89.7	89.32	88.2	84.34	87.93	90.6	89.32	84.65	81.15	81.5	80.14
2025-11-09	81.34	81.34	78.54	64.6	68.57	64.53	56	54.39	57.62	56	56	56	56.68	65.2	60.09	57.81	67.75	66.89	69.17	68.19	68.62	69.84	68.76	69.88	70.5	80.2	80.37	81.1	74.41	79.33	81.34	78.72	70.2	69.1	69.79	42.23	40.1	48.35	47.53	13.94	6.06	3.52	2.41	1.75	1.75	1.38	0.95	0.97	1.75	1.75	1.75	1.85	3.52	5.41	5.41	5.41	5.41	6	9.3	10	13.16	16.9	19.03	45.91	39.11	55	50.83	70.1	64.5	70.93	82.82	90.83	87.83	90.4	96.31	99.76	101.91	103.06	100.19	99.86	99.75	99.76	99.76	99.76	98.83	98.83	98.83	95.95	98.83	93.63	87.41	89.79	82.86	80.1	78.81	77.21
2025-11-10	86	87.4	86	85	66.35	74.63	71.28	57.77	65	60	52.3	56	44.7	44.7	44.7	44.7	44.7	44.7	44.7	44.7	44.7	50.51	49.5	56	56	73.92	73.92	65.8	78.12	90.8	90.91	90.8	101.55	99.8	91.94	74	73.03	56.69	45.5	35	44.7	42.21	17.93	21.8	35.18	25.2	29.55	25.37	36.27	32.13	38.65	28.39	33.02	27.24	19.82	16.64	18.82	24.13	28.37	28	28.06	38.98	42.83	49.17	43.78	46.06	50.6	54.57	60.75	70.4	100.11	120.01	120	130.68	136.81	140.02	138.7	142.73	149	149.01	147.88	151.83	147.88	142	142	136.04	125.95	115.11	108.37	106.25	97.62	91.32	86.63	80.49	70.96	67.74
2025-11-11	92.86	94.27	93.72	91.52	91.34	89.24	87.68	86	89.56	88.21	86.04	85.95	84.72	76	78.81	76.37	76.85	76.18	76.49	81.79	76	81.93	85.09	87.4	84.91	86.04	88.76	91.55	94.59	98.27	92.12	93.29	85.75	83.1	93.22	83.3	81.35	68	19.9	10.9	30.49	15.83	6.79	7.8	8.56	12.19	9.28	2.96	5.99	0.65	16.56	3	1.99	7.8	0.4	1.4	0	0	0.1	5.89	10.8	5.21	7.26	15.17	13.3	28.17	33.35	43.25	55.77	67.81	84.26	94.48	91.51	94.27	94.87	95.53	94.54	95.95	97.43	97.01	98.38	98.38	96.3	94.44	98.79	98.6	94.87	93.48	89.64	89.56	77.61	59.9	70.82	68.01	55.7	36.33
2025-11-12	62	50	40.97	24.55	43.72	36.86	38.06	33.46	38.79	31.63	38.17	26.6	35.86	21.7	14	14	14	14.77	14.37	17.7	21.72	28	22.9	36.18	41.49	45.83	49.76	52.02	52	65.62	56.94	58.24	82.01	71.14	75.48	25.37	65.11	42	14	5.11	0	0	1.52	0.65	0.64	0	0	0	-2.78	0	0.37	1.03	0	0	0	0	0	-0.55	0.55	0	2.41	1.5	3.52	3.52	6.78	20.94	16.43	34.46	39.84	44.26	48.07	66.66	64.55	72.14	72.14	75	72.14	76.18	77.28	80.39	79.71	80.86	79.94	80.2	83.62	77.25	71.14	58.53	61	52.06	48.29	45	45.8	34.68	28.15	13.41
2025-11-13	31.22	21.3	14.31	14	30.4	30.2	30.2	30	30	25.31	22.55	21.6	22.2	19	19.43	19.33	17.14	17.65	19	19.6	19.6	20.92	20.69	30	22.24	26.32	31	41.28	46.18	49.34	50.88	53.67	59.77	55.01	56.43	50.91	63.14	50.16	48.12	41.29	41.52	41.28	40.8	40.8	33.3	33.42	32.67	30.75	28.13	31.29	36.03	29.58	27.87	29.67	29.79	30.67	41.28	41.23	41.04	41.04	33.25	33.68	40.8	44.6	34.95	42.09	46.18	44.78	29.38	38	44.08	48.4	48.67	50	54.87	64.3	55	54.12	53.01	47.81	53	49	49.91	46.49	45.28	45.26	40.72	29.96	41.28	39.23	36.66	35.38	33.32	24.7	21	22.55
2025-11-14	22.61	22.2	11.16	13.36	30.22	16.62	9.43	3.73	11.73	15.35	14	13.64	14.01	12	7.69	5.9	5.33	5.11	5.11	5.65	11.8	12.65	14	11.73	20.48	22.2	26.41	11.58	26.81	34.51	44.32	42.96	43.99	39.4	43.76	44.88	47.76	43.33	28.7	25.16	30.22	22.02	18.66	10.42	30.85	32.62	27.6	24.69	28.99	31.83	30.4	32.9	29.12	27.74	27.1	22.62	24.78	25.02	28.33	17.07	20.45	28.9	30.13	30	40	29.05	49.1	54.28	42.67	54.04	61.43	65.46	67.56	73.22	78.47	80.83	79	78.66	74.94	69.56	67.44	62.36	59.16	57.41	57.41	56.85	54.52	51.1	51.1	44.06	43.73	40.95	40.27	36.15	33.57	27.41
2025-11-15	31.7	38.88	38.88	30	38.88	26.58	35.02	25	36.66	31.03	36.66	30.79	33.19	31.03	24.56	15.21	18.2	19.47	21.96	17.65	7.59	6.03	5.66	17.2	28.1	28.5	22	23.9	8	10.37	15.81	11.97	15.09	14.99	26.85	13.99	23.01	20.3	23.3	10.4	30.47	11.75	18.65	5.66	13.56	9.42	9.14	7.88	9.99	10.96	19.43	20.66	13.34	19.08	11.56	16.82	10.2	26.49	29.5	29.91	24.5	30.01	29.91	45.18	29.52	36.87	43.47	48.33	43.6	47.24	51	57.91	56.57	65.45	69.7	74.46	63.38	60.74	56.2	58.88	60.88	58.88	56.76	54	58.88	56.24	51.66	50.77	51.02	45.77	46.33	44.37	47.99	43.31	41.68	38.88
2025-11-16	10.97	14.83	4.5	4.9	13.72	8.15	10	6.24	10.7	9.04	3.52	3.52	3.52	3.9	4.37	4.64	4.11	5.11	7.41	5.78	10.22	5	8.7	6.48	0	0	0	2.49	3.59	13.21	15.5	17.64	11.75	10.75	11.75	5.15	4.31	-6	-6	-6.59	-2.1	-0.5	-0.45	-0.15	-0.5	-1.35	-3.53	-5.01	-5	-5	-9.95	-7.9	-5	-9.95	-9.95	-7.49	-2.9	-1.35	-2.1	-3.94	-2.1	-2.03	-0.15	0	0	7.93	11.74	15	35	35.67	37.13	52.68	51.01	56.85	60.8	70	72.72	72.87	72.84	73.57	82.5	75.53	78	76.6	76.31	75.13	75.72	73.48	72.05	68.01	72.97	78	79.91	74	69.06	60.14
2025-11-17	85.08	81.7	80.01	74.02	74.17	74.02	80.01	77.95	72.94	70.01	70.01	70.01	77.95	78.42	78.42	79.28	79.96	76.07	80.01	81.55	80.28	82.12	83.76	85	81.84	85.42	82.89	87.45	91.61	96.85	99	99	118.49	109.5	99.11	98.84	99.11	94.86	92.84	93.96	90	92.02	86.06	80.01	75.37	67.8	57	54.9	62.15	56.06	53.83	53.27	45.37	44.85	43.3	42.88	40	43.27	43.09	44.12	42.09	45.24	50.81	61.6	45.04	63.3	74.81	86.26	89	94.01	99.68	110	110	116.18	118.17	118.42	114.57	112.2	108.54	105.31	106.48	106.05	100	95.05	95	93.37	91.6	90.48	95.17	92.5	92.89	92.29	89.92	87.78	88.34	87.42
2025-11-18	90.74	86.13	79.38	70.7	81	76.75	73.01	72.02	74.03	74.22	79.22	75.1	79.69	73.56	72.14	71.44	71.96	72.99	73.1	74.8	73	72.59	77.17	69.95	81.47	85.9	83.26	76.5	87.78	92.6	97.92	98.2	100.42	100.65	94.16	89.63	91.65	85.93	66.22	40.01	55.8	44.65	37.75	21.44	25.05	21.56	24.9	26.47	19.7	20.8	23.8	31	30.95	35.71	31.7	31.71	33.3	32.44	42.72	46.47	46.47	55	62.38	75.17	57.03	80.85	85.56	90.53	88.96	95.25	104.37	119.21	120.48	126.5	132.53	135.01	129.12	130.01	127.41	132.64	125.26	128.85	130.12	128.85	142.45	131.87	130.17	120.6	119.85	109.43	103.93	100.57	102.76	96.1	91.52	90.99
2025-11-19	97.06	97	94.59	80.01	90.03	86.74	88.21	81.49	90.42	90.49	91.34	91.34	91.57	92.48	92.64	93	93.25	93	92.58	92.46	92.39	92	91.72	93.29	88.94	90	91.36	96.47	94.93	106.06	109.79	110	123.57	115.53	110	104.47	111.32	99.76	91.62	89.46	90.19	89.06	89.95	84.95	85.98	81.84	78.81	76.8	83.75	67.49	72.88	66.22	75.5	69.65	68.29	65.93	73.32	77.01	75.15	84.27	73.5	79.98	80.01	81.32	77.1	80.29	87.05	88.41	93.49	102.2	107.1	114.34	107.73	111.76	113.63	115.4	109.76	110.42	113.5	114.96	110.3	110.01	109.34	107.73	107.34	106.86	101.16	91.29	100.76	95.45	91.51	90.48	87.52	84.18	86.01	83.83
2025-11-20	86.44	84	80	75.87	81.43	78.39	77.86	75.16	77.28	75.54	74.53	73.09	76.03	74.89	73.83	73.59	70.03	70.03	73.4	79.05	82	84.7	84.4	83.02	84.05	87.17	91.24	98.74	95.82	101.27	101.72	95.61	102.49	97.55	88.4	85.01	82.51	75	65	56	67.07	58.12	66.72	50.01	53.99	50.01	45.01	43.98	45.01	41.96	40.01	40.01	28.38	23.75	34.99	18	17.81	14.14	8.67	6.77	9.83	22.49	27.75	50.01	45.49	67.6	77.51	77.51	80.74	89.05	95.91	101.2	100.06	108.43	113.2	117.07	113.59	115.25	116.6	118.33	120.01	120.48	116.28	104.95	105.65	104.06	104.5	100.67	98.36	95.03	93.03	86.41	95	85	80	77.51
2025-11-21	60.01	60.01	57.12	58.05	44.23	41.44	33.46	30	41.44	35.01	35.01	38.55	45.01	50.01	50.01	53.44	55.01	53.05	55.01	58.44	35.01	45.09	55	57.92	60.01	60.01	59.1	60.01	62.93	73.05	81.28	84.38	84.38	84.38	80.55	58.43	69.64	52.3	80.68	65.65	18.99	10.01	3.52	0	0	-0.45	0	0	-0.19	0	0	0	0	0	0	0	-0.45	0	0	-0.45	0	0.65	11.05	5	13.78	18.51	50.01	61.74	57.52	73	85.53	92.57	83.7	87.62	90.82	99.42	93.69	96.68	101.54	105.3	132.18	119.3	110	105.3	109.96	106.49	105.3	99.49	105.3	101.22	92.89	93.81	91.63	88	89.74	85.53
2025-11-22	60.01	91.31	86.87	86.11	87.2	86.67	84.46	82.37	86.25	84.46	83.27	81	81.56	80.25	80.65	79.7	78.63	79	78.12	78.73	80	79.56	79.54	80.25	79.08	79.84	80.7	82.78	81.82	83.48	81.76	75.52	84.46	82.78	80.05	81.45	82.49	80.94	59.07	31.5	20.22	13.69	5.88	4.31	3.52	3.52	3.52	3.52	3.52	3.52	3.52	3.52	3.52	3.52	3.52	3.52	3.78	4.31	4.31	4.31	4.31	5	10.45	23.37	24.99	52.22	55.2	75.6	78	82.05	88.59	92.48	78	79.02	86.6	88.5	86.6	87.61	87.86	86.78	87.09	83.33	79	78	89.99	86.62	85.07	81.47	92.92	89.26	89.48	85.5	86.62	82.9	82.45	79
2025-11-23	87.77	86.4	80.5	71	79.78	75.9	74.07	73.37	77.49	72.78	49	48	49	49	48	48	47	48	47	47	49	49	49	63.02	56.3	56.9	65.82	68.89	60.46	64.06	65.53	66.78	51.98	47.22	32.1	32.1	35.25	22	10.8	3.52	3.52	3.52	3.52	1.72	1.5	0.65	0.65	0.65	0.65	0.65	0.65	0.65	0.65	0.65	0.65	0.65	0.65	0.65	0.65	0.65	0.65	1.72	1.72	3.52	3.52	7.2	32.4	68.5	53.17	73.02	73.82	82.55	77.23	78.47	81.32	83.39	84.36	85.9	87.4	85.9	87.19	87.4	85.72	84.4	87.77	84.9	85.41	79.99	82.47	81.95	83.64	77.14	76.72	71.48	48	32.1
2025-11-24	35.55	30.54	30	34.3	31.7	19	14	10.55	10.55	8.6	5.11	0	-3.75	-5	-4.4	-5.47	-5	-5	-5	-5	-5.47	-5.47	-3.75	5.11	5.76	11.66	25.82	23.3	31.39	35.55	50	50	40.01	44.1	35.55	35.55	44.49	45	39.45	34.34	35.55	25.55	23.57	15.55	25.55	20.07	25.55	25.55	28	28.45	28	26	25.55	32.06	34.64	35.55	32	30.42	35.55	35.55	28.04	35.55	35.55	45	30	34.82	39.7	58.47	43.17	57.93	67.08	75.82	83.76	83.95	84.28	84.5	83.32	83.94	83.94	84.5	83.94	84.93	85.65	83.42	87.84	84.34	80.5	70.58	82.43	80.17	82.43	70.57	70.34	63	53.3	43.44
2025-11-25	50.99	51.2	53.16	45.14	51.8	39.82	43.8	38.75	36.66	34.98	30.49	18.66	32.07	28.84	20	14.82	13.51	13.48	19.76	19.26	22	23.82	34.64	40.85	53.66	45	59	70.34	75.98	80.64	84.02	85.13	87.1	86.72	85.11	78.25	79.14	73.12	47.62	18.01	36.66	16.57	8.22	5.11	5.11	3.52	3.52	3.52	3.52	3.52	3.52	3.52	3.52	3.52	3.52	3	3.52	3.52	3.52	3.52	3.52	3.52	3.52	8.78	10.16	21.35	51.81	56.59	67	82.51	86.96	92.13	83.41	85.44	85.83	86.74	87.12	89.45	88.98	87.64	87.25	87.05	87.12	86.74	91.9	90.36	87.43	85.47	85.2	83.87	85.55	89.36	87.58	85.8	84.02	78.6
2025-11-26	87.01	83.4	70.72	65.3	68.91	73.05	72.93	72.96	81.52	70.41	73.25	68	80	78.17	77.28	77.44	75.07	75.27	80.36	65.65	70.6	72.22	77.02	70.35	72.3	81.04	84.67	83.69	87.01	88.48	84.9	80.01	89.42	90.01	88.01	91.62	88.23	84.67	60	30.2	50.01	30.81	32.21	27.28	24.59	24.51	14	14	14.1	14	14	14	14	14	14	14	18.6	19.7	19	19	19.7	25.8	41.56	50	50.01	58.22	78	79.69	81.02	89.66	86.82	94.02	89.29	98.42	104	105.7	96.01	101.19	106.97	100.7	124	111.44	100.31	94.11	101.74	96.32	93.78	88.58	87.7	94.3	94.36	88.26	92.11	91.89	90.66	83.08
2025-11-27	85.21	87.07	82.22	77.37	81.56	77.9	76.54	74.03	74.73	71.94	72.1	65	69.1	64.28	62.75	55.27	55.01	52.3	55.01	60.21	54.81	59.41	62.69	67.8	65.67	71.47	76.46	81.88	83.48	87.34	85.34	89.6	90.2	90.58	86.87	77.67	94.01	87.89	75.01	55.01	80.35	61.01	50.01	35.9	49.82	47.8	34.6	31.81	46.5	42.5	41.6	48.82	50.01	50.01	54	51.35	53.85	57.96	60.13	65.46	54	55.01	59.6	59.54	40	65	75.01	86.16	78.82	86.7	85.78	90	87.64	92.72	89.1	93.66	85	85.01	85.01	85.24	90.01	89.75	88.88	89.19	107.81	98.8	90.42	87.64	86.58	84.57	83.08	79.87	80.56	77.24	76.08	75.01
2025-11-28	64.98	68.04	67.2	70.43	65.27	67.9	77.17	76.42	84.7	84.7	84.7	82.09	85	84.7	84.7	85	85	85	85	85	87.8	88.2	86.81	85	72.99	63.86	73.63	81.79	73.34	77.49	82.4	92	103.1	96.66	94.42	86.97	93.23	81.59	84.16	69.5	74.75	72.87	72.24	73.18	63.28	70.52	67.06	67.58	68.41	65.95	73.99	68.81	69.57	63.01	63.38	64	63.77	64	66.98	57.09	65.02	66.6	60.8	80.01	65.59	69.25	82.5	85.3	79.7	87.74	92.62	101.83	102.9	104.48	111.2	111.8	107.82	107	107.99	103.73	112.29	106.97	110.46	100.37	98.68	97.16	91.25	85	94.47	88.78	89.55	84.71	91.48	85	84.13	83.22
2025-11-29	96.47	99.62	94.69	95.75	94.69	93.3	91.81	90.98	89.74	89.75	88.31	87.64	88.44	87.26	86.46	85.27	86.96	86.96	86.28	85.4	88.93	89	90.27	89.75	88.52	89.75	93.54	92.24	94.42	95.43	99.62	103.67	103.8	100.4	104.24	95.96	105.12	95.72	91.81	88.07	83.94	79.84	75.64	67.02	69.3	64.88	63.55	60.69	57.92	56.01	60.22	57	53.01	51.15	50.05	51.27	59.59	62.59	63.85	63.41	64.94	70	77.36	70	67.73	80.07	88.24	94.69	91.81	98.18	112.85	120	97.96	95.07	97.04	95.8	94.43	93.59	92.22	92.22	93.59	90.81	90.6	90	114	112.4	108.99	108.99	108.99	110.8	108.99	101.02	102.87	100.01	95.87	95.87
2025-11-30	83.09	81.57	76.98	74.75	81.54	79.38	79.49	75	79.92	79.47	75.98	72.82	75	72.79	72.3	72.43	70.39	71.51	71.9	72	74.13	72.16	71.35	71.07	74.01	74	69.12	69.11	73.87	76.03	68.14	68.6	70.2	70.68	74.11	76.51	78.11	77.2	75	63.01	63.01	58.87	56.01	53.01	60.01	56.35	54.59	52.91	46.55	37.6	34.5	34.6	43.5	49.5	50.55	50.75	51.75	52	53.51	55	54	57.31	60.01	74.11	64.5	58.4	68.5	82.8	90.36	93.68	97.01	98.37	98.33	99.93	101.29	105.25	102.18	102.53	100.86	100.51	97.19	96.08	96.16	95.28	97.25	99.69	93.6	90.77	98.06	95.9	94.62	91.51	93.6	89.95	89.11	88.14
2025-12-01	82.96	81.25	77.19	76	83.66	84.4	84.03	83.25	82.37	81.6	80.78	81	80.01	80.01	80.01	80.01	82	82	78	79	77.63	75.79	70	70	85.07	75.01	72.87	76.27	89.55	93.25	97.99	99.45	102.38	101.97	90.37	89.55	99.77	93.17	81.82	77	78.77	68.01	62.77	52.25	65.03	58.79	59.9	54.74	66.01	57.15	61.44	59	53.36	52.24	51.23	55.49	53.79	64.1	56.89	61.22	56.02	60	67.03	66.1	64.01	71.46	70.01	73.32	89.19	96.39	103.18	96.3	92.29	94.49	94.64	94.49	92.11	91.4	90.58	90	92.01	93.47	90	86.94	109.01	90	89.83	86.4	86.59	86.4	85.45	83.56	93.11	89.06	88.56	85
2025-12-02	88.6	87.94	86.99	82.3	85.85	83.5	77.99	75	85.2	81.41	81.41	81.41	80.2	80	77.21	77.21	78.11	81.41	83.74	85.61	81.41	86.11	81.41	81.41	69.7	79.6	80.33	82.44	81.99	80	87.88	87.34	89.96	91	91.01	90.57	86.05	85.52	79.66	75.69	79.37	78	82	80.19	83.42	82.6	81.7	81.52	84.44	83.62	83.99	84	84.09	83.69	82.21	82.43	82.46	81.71	80.95	81.5	80.19	73.16	74.15	74.57	75.1	74.7	75.49	81	83.36	90.1	108.55	117.28	99.28	117.68	118.91	129.95	118.06	117.27	115.55	113.2	112.13	108.83	103.33	97.53	99.4	92.8	89.53	88.14	92.98	91	90.07	84.71	94.28	88.31	89.37	87.19
2025-12-03	95.01	89.61	87.4	84.38	89.33	80.51	70.28	69.54	72.66	67.16	65	65.4	66.9	66.1	64.37	67.24	65	65.32	65	67.24	69.67	68.25	69.32	76.47	82.1	92.06	95.01	94.74	91.39	99.01	99.01	99.01	113.23	113.23	114.98	107.62	101.6	94.53	92.27	66.57	82.5	74.36	47.47	11.2	62.5	50	36.8	22.47	22.47	20	16.17	11	4.57	4.2	3	2	4.8	4.8	7.5	8.54	14.18	21.67	41.17	56.45	46.46	60.9	75.82	86.61	79.26	83.8	85.43	88.02	90.03	91.53	93.53	92.9	86.45	89.59	90.09	89.59	91.39	91.84	91.99	90.13	89.24	89.26	87.12	77.94	80.01	84.41	88.81	84.81	80.87	81.24	75.34	65.47
2025-12-04	65	58.12	49.2	44.1	60.11	53.97	49.16	48.89	60.11	54.2	50.82	39.4	48.92	32.34	39.32	30.17	30.61	27.77	30.17	31.14	44.71	42.51	46.94	53.88	31.14	48.56	31.14	35.09	38.49	76.45	78.13	80.6	81.15	84.23	83.5	83.5	83.5	81.96	82.06	77.98	76.45	72.49	75.56	63.33	49.88	55	54.91	47.37	56.87	51.99	41.72	42.33	31.14	31.14	32.75	34.1	35.7	39.5	42.49	45.43	55	63.14	62.5	63.2	62.83	63.14	75.56	76.82	81.09	83.35	86.01	88.31	86.01	88.03	87.1	90.1	86.1	88	89	89.24	88.87	88.74	87.38	86.01	86.04	86.78	85.89	83.5	84.99	82.97	81.2	85.01	83.5	77.36	73.62	63.25
2025-12-05	76.08	75.46	65.01	60.11	55.22	52.82	52.8	51.8	40	57.41	57.41	57.41	57.41	57.41	57.41	57.41	57.41	57.41	57.41	57.41	50.4	56.63	33.21	34.14	50.88	60	74.51	81.02	80.9	82	83.29	83.99	85.74	88.23	88.45	87.85	88.52	86.43	85.01	82.2	80.9	80.35	80.72	76.09	81.02	79.28	74.75	72.22	72.35	70.99	65.32	64.14	63.27	62.1	59.47	59.2	58.5	59.47	60.27	61.43	60	64.5	70.01	74.65	78.49	78.48	80.37	83.31	86.31	88.34	89.97	92.5	91.43	92.4	93.29	93.28	89.13	90.47	89.13	87.06	86.42	85.23	81.43	78.77	87.74	86.2	86.43	82.06	83.22	78.72	71	64.19	61.61	57.13	52.8	44.42
2025-12-06	62.6	46.85	23.85	33.76	30.82	22.52	23.18	20	30.44	23.78	23.58	22.81	22.99	21.49	19.24	20.74	18.28	19.7	17.85	14.21	17.91	20.66	21.88	23	27.46	28.16	28.43	23.81	22	27.14	30.88	39.19	30.93	36.06	43.21	46.97	54.62	49.46	51.67	35.51	35.72	28.04	18.48	19.18	27	22.59	25.99	24.5	25.05	17.88	20.9	19.47	22.14	21.57	14	17.99	15.36	22	23.8	28.87	36.33	30.48	31.69	38.97	30	41.4	46.11	71.01	65.95	69.99	67.5	68.46	68.94	75.31	76	77.88	73.81	75.04	75.31	75.4	74.8	75.57	75.64	75.32	76.24	75.45	73.1	68.46	71.88	68.94	68.7	67.98	67.5	58.82	62.41	57
2025-12-07	54.08	55.7	45.68	27.5	41.1	34.28	35	24	27.66	33.05	23.3	17	22.35	17.01	16.59	10.85	14.82	10.38	8.1	6.7	13.68	13.99	14.51	15.92	25.05	28.18	46.37	50	55.04	55.96	43.48	38.9	58.02	50.16	55.21	44.19	40.58	34.16	53.3	20.53	36.9	32.21	18.1	9.96	30	26.84	21.44	15.11	13.7	11.5	10.64	10.65	5.49	10	10.49	10.49	10	10.65	10.89	11.05	10.99	12.61	20.98	24.22	20	34.69	25.01	29.97	30.01	41	58.74	67.11	74.96	76	79.26	79.41	84.95	85.01	85	85.04	87.9	87.9	88.5	88.5	92.53	90.97	88.57	86.2	86.2	83.7	85.24	81.19	79.28	75.08	73.58	69.97
2025-12-08	37.02	38.7	35.56	35.01	37.51	37.51	35.01	35.01	40.01	40.01	35.01	35.01	40.01	35.01	35.01	35.01	30.01	30.01	30.01	30.01	30.01	30.01	35.01	35.01	45.18	56	46.65	50.61	48.27	56.41	42.99	40.01	55.89	64.94	68.2	58.99	75.08	67.42	42.19	36.15	39.33	29.01	27.99	16.39	27.57	23.73	27.54	21.95	24.8	18	22.68	20	19.16	17.69	12.88	18.27	8.2	10.4	14.77	12.88	15.01	32.82	39.57	53.21	35	43.12	54.6	64.08	46.5	56.7	80.69	85.68	78.32	82	85.02	86.87	85.83	85.12	86	86.58	88.29	87.69	86.85	86.29	90.77	88.67	87.3	86.29	87.96	83.93	79	75.49	75.08	73.27	64.2	70
2025-12-09	68.75	60.01	40.01	30.28	47.19	40.01	40.01	35.01	35.01	35.57	35.01	30.01	31.64	30.01	18.9	15.01	10.01	5.77	5.56	6.66	16.51	20.75	25.01	30.01	25.17	27.5	28.81	40.01	35.01	42.15	49.68	73.46	79.85	87.5	86.47	83	81.31	61.01	41.21	30.01	52.76	31.2	16.48	0	0	0	-0.01	-4.2	0.66	0	6.26	5	9.02	11.79	12.9	17.21	17.9	24.1	25.98	34.69	39.06	51.2	75.3	73.88	58.92	67.36	84.08	83.5	82.48	86.32	84.51	88.92	84.28	87.09	87.94	87.35	83.18	85.25	85.41	85.28	85.01	85.69	85.63	85.16	85.51	83.18	82.17	81.16	83.91	84.85	82.52	86	82.26	79.63	86.32	86.67
2025-12-10	93.88	95.17	93.53	90.39	85.56	85.81	84.35	83.06	83.02	82.89	81.84	80.44	80	79.56	78	78.2	78.69	78.35	79.97	82.29	81.29	80.42	82.85	83.6	88.46	89.79	91.42	90.85	96	96	96	101.22	96	98.17	105.58	105.45	118.65	115.85	112.75	110.6	111.01	110.04	102.33	96.35	100	96.4	91.46	90.3	90.81	90.3	89.13	89.13	88.06	90.52	90.97	91.4	92.38	93.26	96.4	96.4	95.73	93.13	95.19	102	93.86	92.94	99.45	100.48	99.31	110.43	106.92	115.95	109.28	114.11	114.98	115.5	102.89	107	105.47	105	107	110.68	107.68	106	105	108.37	103.5	96	107.04	99.45	103.24	98.76	107.72	98.7	92.72	90.97
2025-12-11	103.35	105	100.01	95.32	100.88	97.74	94.99	92.41	93.91	92.34	90.51	88.47	83.9	84.48	84.32	84.28	83.44	82.37	82.33	82.5	82.73	83.06	82.98	83.6	85.48	85.36	87.81	85.42	87.27	94.49	98.88	98.04	107.55	110.04	110.24	104.1	108	103.46	94.3	86.05	81.48	78.08	79.28	75.14	81.62	79.53	78	77.9	80	79.22	78.01	77.95	78.37	78.01	78.01	75.31	77.83	76.84	76.85	78.01	78.3	78.37	75.08	72.97	78.41	75.01	83.95	92.75	91.26	105	109	113.41	106.48	113.22	114.5	114.94	113.07	112.94	114.65	117.51	122.29	122.29	122.29	121.22	119.04	117.18	112.85	111.5	102.74	93.67	100	95.33	97.95	89.91	87.01	84.74
2025-12-12	77	83.51	81.12	77	84.2	71.4	69.16	66	78.14	65.73	66.1	66.1	65.33	66.21	66.23	66.25	66.56	80.24	61.06	63.16	70	66.81	83.39	84.21	83.44	82.97	84.6	84	85.3	99.2	98.2	105.61	113.7	119.33	119.97	117.32	124.01	120.03	106.86	97.1	104.29	92.48	87.22	84.88	83	84.2	84.79	82.36	89.95	85.38	85.38	84.83	84.11	82.61	81.46	79.49	81.47	82.28	83.13	84.2	81.37	83.88	83.13	91.15	85.28	84.56	92.78	100	89.2	92.53	103.74	110.02	112.62	110.23	118.32	119.63	110.27	110	108.14	106.68	104.2	100.3	102.82	98.44	100.12	99.96	94.71	100	98	95.3	100	94.98	94.03	90.3	84.9	81.83
2025-12-13	86.01	86.81	84.77	82	84.67	81.47	78.1	73	80	71.93	78.41	79.22	75.1	68.71	66.43	65.65	68.3	68.8	68.02	65.47	74.96	74.81	74.96	77.85	78.62	77.16	78.4	77.65	80.67	81.36	83.06	83.92	86.77	88.96	90.35	89.5	90.96	85.56	85.56	83.33	84.29	82.83	78.66	67.44	72.95	72.61	71.86	67.04	72.88	69.56	74.78	71.36	69	66.01	65.35	65.88	63.51	69.38	70.41	70.57	70	73.64	74.77	76.31	85	83.79	84.79	90.83	85.39	92.82	100.01	107.26	99.6	102.96	102.12	106	103.49	100.01	100	95.6	95.93	93.73	91.03	91.95	100.01	104.73	100	96.5	102.01	104.86	100.01	96.51	102	93.79	89.37	85
2025-12-14	81.01	77.08	81.79	79.9	83.21	79.9	79.74	80.12	78.92	77	77	77	78.96	77	77	75.22	77.07	77.05	77.05	77.13	75.57	77	77.85	78.96	77.47	78.63	78.92	80.88	79.21	79.66	76.01	76.01	76.01	76.01	76.01	78.6	82.62	78.92	74.4	70.85	75.96	72.62	70.95	57.23	70.47	62.24	61.7	59.12	65.69	63.1	65.33	63.06	62.66	62.02	59.2	59.35	59.42	62.02	59.35	63.91	59.08	64.43	66.48	74.09	76.41	74.78	76.01	80.72	86.12	91.03	94.86	95.01	101.17	106.35	105.98	101.17	98.67	99.05	101.5	101.74	96.75	96.75	96.75	96.51	102.08	101.17	99.79	94.01	100.51	98.56	96.16	94.55	99.01	96.88	90.45	84.02
2025-12-15	85.9	85.47	83.95	74.8	80.51	78.46	72.5	65.5	81.01	77.39	77.39	77.39	77.39	77.39	75	75	59.67	58.9	68.1	75	77.39	75.5	75	81.09	78.44	81.57	74.64	78.9	76.8	84.75	88.17	87.22	99.89	102.13	101.99	93.25	96.92	95.28	92.41	86.99	92.41	87.22	84.89	82.63	86.42	87.88	86.31	86.89	85.49	86.19	86.89	87.9	86.87	86.98	89.05	88.82	86.58	88.49	90.51	90.58	86.87	94.9	87.05	90.35	87.88	93.19	96.61	110.09	106.5	104.08	110.7	111.7	92.21	95.28	102.25	104.5	99.25	100.53	100.98	101.7	103.09	111.01	112.78	109.44	109.18	102.53	101.4	96.98	101.86	90.35	89.08	88.35	93.25	91.06	87.88	86.42
2025-12-16	86.68	88.5	86.39	82.22	86.46	85.28	84.36	83.1	83.37	83.05	81.42	80.57	82.19	82.14	82.35	81.32	81.52	81.65	81.51	82.48	75.49	82.47	75.5	82.42	83.51	82.23	78.22	78.52	86.79	87.55	89.23	92.43	86.39	89.49	103.24	102	115.5	111.01	105.28	89.87	109.1	95.34	86.39	85.79	95.57	93.92	92.23	92.71	93.08	90.42	91.36	90.64	89.73	90.43	89	90.8	89.61	91.33	96.02	96.69	93.8	105.35	93.37	105.62	85.23	92.46	98.11	104.11	92.5	100	108.17	114.23	102.53	109.47	108.64	116.85	105.04	107.44	100.2	102.1	103.74	102.16	90.2	87.1	88.31	88.69	85.9	83.11	86.68	83.66	89.26	85.48	87.1	84.27	85.52	83.51
2025-12-17	88.64	89.3	88.7	86.92	89.93	89.39	89.61	87.64	87.61	86.92	86.64	86.43	86.46	85.71	85.42	85.74	86.92	86.74	86.5	86.5	87.47	86.92	89.39	90.68	86.25	86.03	85.91	82.54	92.48	94.18	96.4	96.94	105.47	113.05	106.27	95.61	122	115	102.31	89.29	102.35	98.75	93.55	87.93	92.55	87.51	85.26	83.16	85.57	83.45	84.43	84.02	84.51	85	85.74	85.21	83.21	84.17	81.72	82.13	81	82.35	81.26	86.23	84.78	83.44	93.6	102.54	110.01	110.01	123.44	128.98	125.46	130.8	131.89	134.16	121.45	126.14	131.01	133.23	144.4	146.12	144.4	136.46	128.94	119.3	118.54	108.22	108.94	93.93	124.47	118.22	122.22	107.6	98.55	92.55
2025-12-18	80.01	88.74	87.59	88.53	84.68	90.01	86.82	85.5	86	85.12	83.96	81.89	70.01	70.01	67.8	60.01	60.01	60.01	51.93	53.47	51.62	50.01	50.36	60.01	76.71	79.66	80.01	80.01	86.83	85.17	103	106	108.18	110.5	111	106.83	116.14	101.01	85.12	75	71.89	70.01	63.9	68.43	68.53	53.13	44.81	33.53	42.25	28.7	27.53	12.43	11.14	0	0	4.06	7.37	1.41	0.84	11.24	28.02	45.6	58.87	77.93	69.1	71.04	79.79	90.12	86.65	91.4	106	120	90.6	92.96	96.68	102.64	93.53	92.61	94.78	95.38	92.83	92.83	92.56	92.83	91.74	93.53	90.56	87.69	89.53	87.59	89.12	88.21	83.87	86.27	85	80.01
2025-12-19	96.95	94.48	92.15	85.8	92.93	89.46	86.42	85	83.02	83.02	85.48	88.31	86.95	87.5	88.09	89.54	88.5	90.78	89.54	90.5	90.78	91.94	93	92.52	91.6	93.61	98.1	100.18	99.6	108.5	92.69	93.21	96.7	100.6	103.95	107.93	109.24	108.74	108.5	99.63	109.43	95.46	93.31	90.15	91.7	89.3	86.7	86.7	95.11	95.01	92.54	94.3	94.02	95.85	95.1	95.1	96.6	97.53	101.41	99.62	90.07	91.4	101	97.02	88.52	92.38	96.7	107	94.35	100.18	104.37	112.4	105.43	107.24	109	110.05	106.48	106.7	109	109.05	110.84	112.98	112.2	110.84	106.7	105.6	101.67	98.08	97.36	101.55	101	96.6	100.6	108.15	104	94.99
2025-12-20	84.04	88.72	88.39	87.39	85.54	80	80.73	78.29	83.76	77.9	74.9	64.09	67.13	61	60	58.6	66.11	58.6	58.6	58.6	58.6	58.6	58.6	61.4	60	60.22	74.1	74.4	74.16	74.99	79.54	78.88	80.2	86.35	87.1	88.88	92.04	91	90.06	86.26	90.99	89.9	83.34	75.6	75.56	67.9	67.9	64	64.41	66	67.9	64.82	64	62.5	60.9	60.1	65.28	64.34	65.65	64.5	64	65.65	67.17	69.24	67.8	67	72.22	80.2	82.59	87.86	89.9	89.9	88.99	91.99	93.52	94.36	92.71	92.27	87.88	87.1	87.22	86.12	85.85	82.29	87.49	86.5	83.6	83.34	87.1	84.2	85.5	79.28	78.63	75.6	75.6	67.9
2025-12-21	64	54.59	47.46	45.26	55.33	57.43	48.3	45.03	54	48.5	43.51	32.8	37.47	31.98	30	29.5	28.94	24.68	25.61	24.51	23.58	23.18	25.13	27.74	32.96	32.96	39.32	39.9	40.63	42.9	47.18	50.21	45	51.2	47.13	48.43	53.7	53.7	53.7	53.7	59.54	60.58	57.55	54.07	55.08	54.1	53.04	52.03	62.39	61.79	63.7	63.61	56.3	52.47	55.33	51.97	46.71	50	56.3	56.3	56.5	56.3	56.3	60.11	60.93	67.85	67.06	70	66.13	69.32	75.56	79.5	79.53	81.94	82.02	85.81	84.62	86.78	87.1	86.84	86.06	82.99	83.97	79.38	86.91	84.4	83.28	77.59	79.47	77.59	79.36	76.5	80.08	76.46	75.5	70
2025-12-22	65.34	61.93	52.74	50	60	47.47	44.9	40.12	60.76	48.41	44.25	39.9	33.25	31.05	27.42	19.48	13.35	9.49	10.35	13.47	18.11	27.91	32.93	38.05	50.5	63.24	61.76	67.66	63.65	80.7	84.6	81.05	82.98	87.05	86.5	87.34	97	94.72	90.94	82.98	82.72	88.27	82.98	81.93	82.5	82.5	82.5	81.34	68.63	67.83	66	64.5	60.47	63.36	64.26	63.37	59.6	61	62.1	62.1	58.5	59.4	62.1	71.82	73.58	77.6	73.8	83.22	77	84.88	91.39	97.06	95.17	94.65	96.39	97.07	93.9	94.2	89.3	88.72	91.1	88.89	85.03	82.38	86.1	83.22	83.05	81.22	82.57	82	82.98	80.58	80.76	76.04	74.44	71.76
2025-12-23	86	81.84	70	58.1	68.91	64.88	64.73	59.79	68.88	67.18	65	63.15	64.41	64.6	58.1	57.96	55.2	54.4	53.3	53.55	59.62	61.74	62.16	58.1	64.09	66	77.27	81.88	77.4	82.64	83.05	80.35	82.73	84.6	88.25	89.02	95.01	92.95	89.96	89.6	90.48	89.1	89.42	85.6	89.24	89.1	88.59	86.7	89.1	86.96	86.38	83.7	83.8	79.7	79.29	80.73	77.98	80.02	81.82	83.8	82.34	80.5	80	80.34	85.06	87.95	87.71	89.1	89.1	90.36	95.04	98.78	92.95	91.86	93.57	92.34	88.92	89.1	89.45	90.84	93.7	92.63	92.95	91.86	93.7	94.02	92.95	89.1	87.76	84.91	80	77.82	87.76	84.8	74.61	67.34
2025-12-24	65.37	72.7	56.24	59.7	56.3	53.51	49.72	38.3	49.9	49.07	37.93	30.8	37.7	35	30	25.1	29.07	21.51	12.48	10.94	33.44	33.38	40.6	37.7	37.7	41.37	42.71	40.9	41.15	49.9	50.79	57.7	63.33	65.75	69.9	69.9	75.45	64.35	64.14	41.76	63.56	49.9	47.5	31.22	37.7	29.81	30.16	24.41	23.5	22.89	22.76	20.88	27.3	27.94	27.01	27.01	25.84	22.62	22.72	22.98	25.3	28.1	30	34.55	46.43	49.9	55.39	61.36	51.29	62.09	66.53	70.4	76.69	78.7	80.5	78.7	75.5	75.5	75.5	72.2	73.63	70.75	66.55	59.72	68.96	65.97	57.7	56.31	53.84	52.2	52.48	52.2	50	49.9	49.92	49.9
2025-12-25	29	43	25	25	24	21.88	24.05	29.59	47.09	44.28	39.69	32.25	43.44	39.47	38.64	37.32	38.02	38.04	38.07	38.81	34.54	39.56	40.63	43.71	39.03	42.04	41.35	36.71	24.01	39	27.99	20	15.92	25.9	28.38	51.34	51.1	42.93	59.44	50.99	57.95	51.91	48.06	46.76	46.88	44.04	46.02	42.78	43.88	42.3	44.87	44.55	40.88	42.02	39.5	41.61	24.82	27.47	36.61	43.1	38.42	54.88	50.46	56.83	63.6	68.66	81.68	90.27	85.52	92	95.44	96.19	95.52	95.88	98.01	102.77	89.64	90.9	91.13	92.37	93.78	94.13	93.72	92.77	91.25	92.04	90.11	86.69	93.76	93.18	95.4	93.06	91.13	89.33	89	82.81
2025-12-26	97.58	95.7	91.17	88.82	93.71	91.18	89.87	86.88	90	86.88	84.63	80.76	81.97	79.09	77.21	69.84	72.62	67.85	70.63	65.91	58.92	61.19	65.44	68.76	76.19	81	82.32	85.7	85.54	88.78	90.53	92.86	92.64	95.11	97.7	96.04	103.1	100.17	95.77	88.6	100	95.07	90.38	87.88	92.71	90.28	88.42	86.84	87.99	86.75	86.37	86.51	84.82	86.02	84.84	84.63	81.54	83.2	85.29	87.9	80.87	84.77	86.25	92.76	85.21	89.87	91.12	97.3	86.94	96.48	89.36	95.22	95.94	98.21	100.75	103.11	102.64	105	105	105	102	101.81	99.37	97.8	97.8	97.7	95.53	95.01	90.17	92.5	95.01	91.49	93.36	92.19	92.2	85
2025-12-27	96.45	94.41	88.41	84.55	90.84	89.1	86.83	84.15	87.7	77.81	85.58	83.72	85.6	82.98	77.19	76.79	77.02	81.4	73.34	75.41	79.14	76.1	75.78	75.41	68.88	66.04	74.28	64.9	64.4	64.4	71.55	70.05	81.44	92.9	93.1	92.55	102.41	95.38	91.84	81.99	70	75	76.4	67.78	71.56	71.2	71.2	70.54	69.73	70	69.01	71.2	72	71.2	66.21	70.37	72	72	70	70.52	69.35	68.11	68.8	71.12	72	72.82	74.01	82.49	89.5	90.43	92.27	95.38	90.78	94	96.72	96.5	92.1	95.38	97.01	95	86.96	85.95	84.01	85.53	83.04	83.08	87.05	81.53	84.5	86.29	86.22	85.16	83.46	77.38	72	70
2025-12-28	51	41	41	20	48.8	48.8	48.8	48.8	53.01	50.2	50.2	51	49.01	48.8	48.14	47.63	50	58.46	63.97	59.61	71.2	69.32	68.87	66	68.42	60.2	61.1	65.5	65.5	66.19	65.5	69.5	61.1	56.92	59.43	61.81	51	47.82	45.5	33.59	51	60.54	57.92	50.18	61.1	61.1	61.58	61.1	62.2	65.5	65.5	69.32	71.24	70.42	67.35	70.25	69.32	72.6	71.36	73.98	73.86	72.72	78.02	73.33	78.02	84.29	89.7	95.28	93.37	97.94	103.94	106.49	108.46	105.94	109.53	109.15	108.68	109.04	109.39	106.46	108.02	107.92	103.66	99.3	102.19	100.71	100	99.24	99.84	98.36	97.77	97.21	100	97.19	95.55	88.92
2025-12-29	89.69	86.09	82.5	82.12	87.59	84.3	84.85	84.74	84.38	81.03	73.11	76.83	81.87	79.9	79.9	79.9	79.5	77.46	80.25	83.23	82.29	82.68	86.65	88.38	84.43	87.58	89.29	92.93	89.58	94.4	98.29	99.61	119.2	127.04	128.86	134.31	146.6	140.35	110.06	105.01	101.35	98.2	90.36	87.63	91.77	91.85	90.55	88.67	91.39	86.55	86.59	86.27	87.32	86.14	85.7	87.29	86.38	89.27	92.2	93.86	79.1	84.29	87.29	90.13	87.32	92.09	95.1	97.23	99.16	101.59	108.5	126.61	131.16	136.09	137.73	133.32	125.43	134.5	135	138	164	170.93	167.89	165.94	182.5	180	162.58	130	136.13	124.74	115.58	101.12	110.7	105.22	95.01	94.25
2025-12-30	92.77	92.56	92.56	91.12	89.55	88.47	83.77	83.92	86.77	87.35	84.15	83.37	85.78	82.88	82.73	81.88	82.88	81.06	83.37	81.94	81.06	81.37	86.64	88.49	80.77	84.52	85.99	88.39	85.55	87.89	89.9	90.6	92.28	97.42	96.56	94.91	108.46	102.28	92.39	84.3	101.69	105.9	99.58	86.3	94.68	85.23	81.9	78.27	80.78	78.99	78.48	75.39	75.99	77.76	77.68	77.51	74.92	77.47	79.14	81.86	76.73	85.28	84.3	85.62	87	88.87	87.97	95.9	99.83	108.03	105.5	105.3	107.2	105	108.01	108.31	110.8	108.27	106.39	104.59	105.87	104.07	102.08	99.4	101.32	97.56	96.28	95.7	102.91	104.5	102.78	97.93	97.8	96.28	95.92	94.85
2025-12-31	97.01	95.03	91.7	87.72	90.02	85.73	84.59	82.83	84.88	84.36	79.78	75	80.49	76.3	73.88	73.5	74	75.01	73.76	77.2	76.04	76.2	77	79.49	82.23	85.68	80.77	84.22	85.26	91.09	97.51	97.7	110.21	113.35	115.51	117.5	117.5	116.02	110.71	103.73	105.88	103.66	97.26	89.39	85.82	85.19	83.2	81.63	82.64	78.18	80.31	83.33	80.6	80	81.4	88.34	80.43	81.61	82.63	89.27	82.64	89.58	92.68	99.1	91.43	101.15	105.1	103.85	106.84	117.98	113.99	127.73	118.32	132.85	137.58	147.74	135	141.24	139.74	137.25	136.24	132	123.9	123.32	121.08	110.75	106.2	113.5	113.74	112.08	107.36	107.21	115.51	115	109.74	105.94
2026-01-01	91.31	93.3	92.16	92	92	91.17	86	86	86	81	80.5	72.6	72	72	72	72	33.5	29.5	29.5	16.01	15.66	15.66	15	20	34.92	35.01	25.6	37.2	38.75	38.75	38.75	25	20	15	19.34	22.79	35	22.13	21	20	62	63	63	72.51	75.4	75	75	75	74.61	73	67.76	65.57	63	62.74	68.2	68	66.88	68.25	73	68.75	68.48	71.19	64.98	71.39	65.48	66	69	72.6	75	79.69	84.04	83.42	104.58	106.3	104.72	108.32	108.32	108.32	107	107.36	107.9	108.92	108.94	108.52	111.94	110.42	108.08	106.51	106.01	105.45	105.56	102.2	102.58	100.22	100	98.47
2026-01-02	72.3	71.8	62.74	40	36.88	30.25	30	25.57	30	25.35	41.93	28.73	28.72	22.77	20.1	21.92	20.18	20.1	21.62	21.75	21.19	22.89	28.19	37.07	47.43	58.37	60	61.6	63.12	72.3	73.62	75.4	73.32	83.9	86.3	86.72	100.5	95.21	88	82.49	98.97	90.39	84.52	77.22	89.97	89.04	84.53	80.67	85.07	84.4	87.64	87.64	72.6	76.27	78.7	80.48	80	82.33	85.2	85.67	85.24	85.8	87.64	92.1	89.31	93.47	95.1	97.6	92.3	100.5	101	105	101.74	104.8	106.87	109.91	106.11	102.81	105.07	105	100.64	97.04	98.4	95.19	98.6	95.78	93.53	89.91	92.64	89.64	95.08	89.86	94.04	94.74	94.5	87.92
2026-01-03	90.74	90.18	87.07	84.39	89.71	88.6	88.23	88.26	87.33	85.89	84.8	80.22	83.98	82.08	80	78.55	80.26	80.01	79.6	80.13	80.28	80.48	79.83	81.68	80.11	80.56	84.8	85.51	85.63	81.26	84.04	83.26	83.96	87.11	88.02	88.8	95.35	95.35	92	87.8	99.3	93.29	89.6	86	89.6	85.18	83.55	81.88	85.15	82.98	83.97	83.29	85.85	86.52	87.35	88.99	90.11	93.15	89.6	93.66	90	93.25	96.48	100.12	92.54	99.7	102.33	104.78	106.22	110.25	112.4	114.37	115	115	115.63	115.5	113.7	112.33	112.19	110	111.49	109.41	108.21	105	107.27	105	103.09	97.91	105	100.83	101.2	97.56	97.16	93.32	91.68	90
2026-01-04	89.82	73.2	69.54	68	70	70.5	69	68	81.01	81.01	83.71	83.06	81.01	80.5	75	75	75	76.1	75.07	75.07	75.07	75.51	75	75.07	75.07	75.33	75.75	70.11	78	78	80.32	79.07	70.6	78.31	81.19	83.71	79.85	77	75.05	73.01	85.83	89.21	88.65	80.28	77	77	74	79	73.38	75.95	77	77	71.5	73.36	73.52	73.52	78.2	79	79	77.93	81.01	79	87.07	90	80.37	89.21	90.75	91.93	81.87	89.9	92.84	92.56	100	98.39	98.27	98.7	95.02	97.5	96.1	95.71	95.24	97.56	96.61	96.61	100.25	99.7	98.11	95.99	103.98	100.15	98.7	93.54	93.7	92.37	89.21	83.43
2026-01-05	90.1	88.64	85	89.18	88.12	87.94	85.52	87.85	89.17	90	89.68	88.59	90.32	90.14	90	90	89.01	89.98	89.77	90.82	88.85	88.88	91.02	90.82	88.07	76.5	85	87.1	92.96	95.39	96.54	94.9	96.2	105.01	110.01	116.63	118.81	115.01	110.88	102	111.71	99.41	95.89	90.1	84.72	83.49	82	82	90.1	90.1	90.1	89.84	89.89	89.6	89.14	83.68	82	82	82	82	80.14	82	82	83.49	83.49	84.1	87.76	90.1	89.6	101.75	116.86	130.64	122.84	133.58	135.14	142.4	134.47	135.54	137.71	134.56	135.01	135.01	134.56	130.35	131.59	128.99	120.35	115.44	123.32	114.58	110.01	102.97	106.5	98.14	100.48	98.71
2026-01-06	81.26	85.01	80	76.26	83	72.9	69.9	68.3	70.1	70.25	69.5	68.8	69.5	68.63	68.61	68.17	68.47	65.76	65.1	64.97	64.97	64.84	64.54	64.73	64.27	64.41	64.54	65.04	65.6	68.47	68.63	69.49	69.3	70.3	71.5	71.5	72	69.6	64.6	24.51	29.11	5.1	0.26	0.26	0.26	0.26	0.26	0.26	0.26	-1.11	-1.59	0.26	1.5	1.98	1.98	1.98	3	3	2.77	1.98	0	0.01	5.37	16.8	14	20.47	69.36	90.41	89.67	88.5	100.3	109.22	109.22	109.94	111.82	115.65	115.4	117.22	117.87	124.17	119.03	124.17	117.34	112.74	119.62	119.23	113.15	107.86	110.15	112.21	113.74	106.5	107.77	102	97.93	90.1
2026-01-07	95.13	91.56	89.07	86.5	90.81	87.28	86.64	85.66	86	82.57	82.12	82.12	82.12	80.22	79.43	78.69	80.32	80.22	79.88	78.69	80.1	80.22	82.12	82.57	82.12	84.46	89.54	90	98.01	99.65	105.01	98.01	105.55	105.55	116.15	110.54	110.68	105.55	105.55	100.07	99.2	106.75	97.17	92.61	103.65	100.01	95.03	95.33	95.44	91.56	90	87.3	85.5	84.99	83.02	83.02	82.12	82.12	82.28	82.57	83.02	84.27	87.45	89.77	93.01	99.49	103.65	108.48	98.01	101.18	103.65	105.55	107.72	110	113.05	127	117.14	115.4	110	105.55	109.33	106.61	100.5	99.74	98.01	100.6	98.01	94.48	98.01	94.23	92.17	90.5	89.77	85.5	83.27	80.56
2026-01-08	98.36	97.28	92.39	90.05	93.86	91.23	89.3	90.3	90.48	89.3	88.2	86.87	86.87	84.66	74.37	63.1	60.01	60	60	60.56	61.94	65	86.87	88.37	58.49	62.87	81.1	76.87	82.59	88.87	79.2	80.42	81.98	90.15	100.53	100.53	100.53	90.15	90.18	64.9	84.09	89.35	82.54	54.35	87.77	80.22	41.37	40	69.75	64.35	60	62.1	57.7	56.7	53.75	57.79	57	56.7	57.9	60.2	65	71.67	80.05	70.24	78.85	71.33	88.3	92.02	82.49	87.2	92.19	92.19	90.35	90.61	90.15	90.15	94.08	96.43	95.56	94.55	96.39	96.21	91.8	93.2	92.19	93.31	95.86	89.42	94.3	91.62	94.21	89.16	92.76	84.65	76.33	62.69
2026-01-09	40.39	47.6	52.43	45.51	41	40.02	37.83	36.72	41.58	40.02	35.55	35.01	34.3	33.79	25.2	24.98	25.2	23.84	23	25.66	36.72	35.55	36.72	40.02	40.02	43.6	42	45.5	64.85	87.7	91.5	91.61	87.3	89.97	91.7	91.61	91.61	91.5	85.1	80.65	82.72	83.66	63.02	45.85	58.96	45.12	45.12	45.71	45	32.51	27.62	26.29	40.44	37.62	26.36	23.64	21.01	20.01	20.44	21.51	21.46	30.51	42.49	53.17	48	47.25	60	64.33	59.37	75.9	89.06	93.93	75.3	87	89.22	88.34	94.74	90.93	86.55	86.7	91.81	87.76	87.3	86.53	91.71	88.3	83.63	74.6	87.7	82.74	79.6	81.24	86.11	78.18	79.69	77.56
2026-01-10	88.95	85.84	80.84	78.26	82.41	78.39	77.27	75.07	75.1	73.58	70.54	70.84	71.93	71.39	67.89	65.57	62.98	62.92	62.97	62.86	54.09	54.39	49.66	57.35	61.05	57.85	64.7	80.81	74.12	72.04	75.2	74.98	74.19	83.77	88.11	88.89	96.06	93.97	88.8	80.18	86.69	78.37	76.4	63.5	75.63	68.15	65.7	60.5	45.73	43.5	38.36	37.61	40.44	43.5	45.5	50.12	51.7	54	54	55.73	56.08	60.5	67.48	79.07	62.61	57.01	72.44	90	88.11	96.24	97.64	103.18	101.88	107.39	114.22	119.62	122.06	124.12	121.36	121.97	112.67	109.27	108.59	106.27	106.99	101.85	101.18	102.26	100.45	100.01	104.24	103.42	103.64	100.23	100.74	97.9
2026-01-11	100.1	97.43	91.5	87.02	96	91.82	89.94	78	78	62.2	80.1	79.5	80.51	62.24	60.85	60.85	61.19	60.74	76.29	76.29	65.14	76.29	82.2	83.47	79.61	78	81.64	83	84.65	85	88.78	88.92	90.19	91.3	86.24	92.79	98.6	100.1	95.16	76.49	100.5	93.6	72.46	59.5	76.69	80.1	72.28	66.2	60.4	60.25	55.35	59.11	65.01	65.02	67.5	64.98	70.11	70.3	63.04	66.22	65.71	70	75.04	82	78.63	81.99	80.42	89.35	85.49	90.15	95.51	101.51	102.94	102.88	107.2	111	102.52	104.3	101.36	101.22	99.46	97.14	97.63	96.48	104.2	104.6	101	98.38	100.12	97.84	97.77	94.54	87.55	81.33	85.11	82.1
2026-01-12	76.53	69.49	66	60.22	79.5	74.81	76.5	73.19	75.4	68.54	62.94	65.12	61.5	60.86	63.1	64.66	62	62	58.2	62.51	64.31	59.12	60.68	73.14	61.89	65.73	77.87	82.51	89.74	93.64	96.32	95.3	96.86	100.26	100.3	99.42	107.97	101.27	94.53	85.41	92.51	92.34	89.81	70.75	82.51	72.52	65.53	60.01	61.51	67.14	64.4	60.01	67.11	66.35	70.12	64.47	65.71	71	65.43	68.94	60.01	71.01	69.65	82.01	67.25	79.17	87.46	96.12	92.96	100.38	103.9	110.23	108.88	111.24	119.61	129.29	108.98	110.68	108.28	102.93	111.37	109.71	107.01	104.25	107.01	111.56	108.29	100.09	112.5	103.84	100.8	96.18	100.84	92.22	87.94	82.52
2026-01-13	97.87	95.4	90.08	87.99	92.16	90	87.26	85.86	86.29	87.93	83	82.32	83	83	80	78.23	77.8	76.6	77.24	79.05	83	87.24	94.95	93.33	99.48	100.24	104	105.98	99.22	101.39	104.97	105.69	112.06	111.11	113.87	109.29	118.5	105.67	101.93	96.55	103.2	97.19	98.95	94.99	95.73	93.25	94.63	92.39	85.3	85.72	86.64	85	82.76	82.19	78.19	80.44	79.91	82.32	83.99	85	85.14	86.82	90.6	95.44	83.8	90.92	93.29	99.88	98.68	96.21	103.83	112.8	111.5	111.27	115.1	118.12	116	111.55	110.39	115.02	124.24	125	130.97	131.64	136.02	117.91	115.1	104.3	105.64	96.15	92.73	95.52	98.68	96.56	90.35	90
2026-01-14	104	102.67	102.25	102.24	103.73	102.63	102.24	100	97.1	94.54	92.41	91.28	92.97	92.69	92.97	93.97	93.21	93.97	97.1	98.7	94.54	97.03	96.28	102.63	95.09	103.64	102.95	107.34	108.02	106.64	118.01	126.99	120.18	132	139.96	143.41	151.68	143.58	139.22	129.36	133	121.2	118.25	114.7	116.01	112.01	109.03	106.64	109.51	107.87	107.56	105.78	103.13	102.23	103	104.99	102.77	106.27	107.9	109.03	109.59	110.98	111.26	112.01	111.98	117.64	116.28	139.02	117.53	127.39	141.64	169.44	146.11	168.42	191.39	194.08	173.43	167.84	155.3	143.43	134.64	138	127.59	122.01	112.31	111.69	110.47	107.05	109.57	97.44	94.33	101.69	100.6	94.22	94.33	87.45
2026-01-15	111.76	110.24	103.83	102.41	103.38	102.1	100.32	98.63	95.01	92.95	92.19	90.01	92.75	90.01	90	90	89.5	87.5	87.79	87.35	87	86	88.52	89.99	93.4	98.56	100	103.73	104.13	106.95	115	116.91	115.99	121	116.18	113.79	119.07	113.22	104	93	107.39	102.89	98.54	88.88	98.84	94.36	90.01	89.64	90	89.64	89.99	89.99	87.8	86.43	86.22	88.22	88.61	91.07	93.14	97.38	92.88	90.43	95.63	101.13	97.57	99.77	105.81	117.77	106.86	115.09	121.38	129.33	117.27	119.37	121.72	123.64	124.39	131.43	133.32	141.32	139.25	145.29	150.71	150.71	152.83	152.78	151.78	143.83	139.34	135.2	131.59	127.84	123.75	112.39	107.72	103.28
2026-01-16	114.2	115	115.01	110.46	112.92	109.02	108.65	108.51	108.79	105.33	105.33	104.33	108.04	107.04	105.95	105.6	104.22	103.93	104.08	102.37	102.3	102.37	104.38	106.9	105.85	106.23	105.33	108.99	112	121.09	131.03	141.74	158.2	158.06	158.5	158.74	163.79	158.2	156.97	156.87	134.44	121.54	115.77	112.75	116.18	115.24	110.97	109.69	104.1	103.83	104.78	108.51	101.79	104.35	103.04	105.1	103.38	109.69	109.69	116	108.53	117.26	119.71	123.66	119.85	127.63	128.66	130.63	132.37	143.21	152.1	167.74	151.22	160.14	169.84	165.2	166.13	162.12	152.02	147.77	141.12	139.5	156.9	151.51	158.74	158.5	158.5	158.95	158.5	158.5	152.78	140.11	133.66	129.85	130.01	134.61
2026-01-17	118.97	116.95	110.95	110.95	114.44	111	109.9	110.28	114.21	113.62	112.19	111	111	109.6	106.69	105.98	105.98	105.97	105.97	105.97	105.97	105.97	105.97	105.97	105.98	105.98	106.64	106.62	105.98	105.97	106.16	107.22	106.78	113.09	112.37	113.33	119.99	117.89	118.37	111.77	124.07	114.6	111.9	109.43	115.83	112.97	114.6	112	112.46	111.97	116.69	114.88	113	109.9	110.01	110.97	110.92	112.44	116.69	120.41	115.01	119.99	120.77	123.43	119.99	120.71	128.13	121.9	120	135.14	140.98	146.74	142.49	142.49	146.5	144.91	141.8	138.97	138.14	137.44	142.14	144.54	149.48	150.43	167.96	160.9	140	130.76	134.19	126.45	131.36	126.68	139.27	136.2	123.95	119.99
2026-01-18	111.06	113.99	112.68	111.36	109	106.19	105.71	105.1	106	107.4	102.8	101.22	103.83	104.95	106.73	109.51	108.93	107.75	107.4	107.72	109.89	109.33	109.33	108.93	110.63	109.89	110.64	110.84	110.77	110.89	110.25	108.23	109.9	111.29	113.09	111.53	119.55	113.72	111.03	104.9	117.5	109.89	106.61	103	105.44	105.1	103.49	102.34	103.86	100	101.07	101.03	102.4	100.6	100	101	104	105.37	106.23	106.73	105.87	104.95	111.62	119.4	102.77	106.85	110.38	122.49	125.61	134.03	136.76	144.14	143.83	151.63	158.12	166.5	146.79	152	152.02	162	168.17	186.34	183.71	184.92	184.58	175.03	162.33	141.03	151.1	141.03	135.03	131.16	141.13	136.19	126.15	118.99
2026-01-19	100.22	105	103.03	104.95	103.03	105.85	101.16	102.6	103.03	100.03	100.03	100.03	100.03	100.03	100.03	100.03	100.03	99.95	99.52	99.95	99.97	100	101.07	103.59	107.17	113.9	115.98	118.69	100.03	107.9	110.37	116.7	135.17	164.76	161.7	157.4	147.49	114.82	106.93	106.39	103.03	103.03	113	109.4	100.03	97.16	97.16	97.16	99.95	98.04	98.04	97.16	98.15	97.16	97.16	97.16	92.63	93.89	92.68	94.68	95.61	96.55	97.16	98.05	99.95	101	110	120.77	113.73	121.7	122.64	146.11	144	183.63	198.8	196.81	194	184.4	175.6	164.41	163.74	148.8	146.93	138.33	144.78	138.88	136	127.87	135.99	128.54	125.47	122.4	126.34	117.4	113.29	108.27
2026-01-20	105.9	106.31	100.8	93.52	105.01	97.5	91	84	90.6	87	84	80	84.89	84.21	76.97	77.97	77.7	79.55	80.11	80.11	83.47	85	85.34	92.27	91.88	88.42	93	100.19	89.26	99	99	99	99	100	100	100	109.44	101.77	100	91.14	101.87	99.86	74.99	65.55	103.76	86.41	75.3	66.66	85.5	85.1	85.47	81	84.09	84	83.47	83.05	85.1	84.02	82.65	81.73	84.82	82.95	82.02	85.1	84	84.38	80.64	95.46	99	106.83	99	106.77	100	105.25	117.34	122.01	111.45	112.57	105.8	100	100	100	101.6	100	99	99	99	92.43	99.28	98.05	106.9	101.01	104.5	94.17	87.51	66.66
2026-01-21	81.14	94	83.19	72	85.4	83.06	81.43	70.71	77.06	78.83	74.19	65	71.57	65.67	61.32	62.32	64.6	65.59	64.6	62.83	65	65.66	71.82	69.52	63.6	72.19	78.99	85.8	83.48	98.77	108.32	113.13	79.37	91.96	92.9	93.14	92.66	90.91	87.63	86.31	82.6	86.16	75.14	72.19	72.19	72.19	67.8	63.86	65.2	65	63	60	66	65.8	64.01	62.17	71.19	70	71.17	72.3	74.02	78	76.16	77.53	71.3	74.63	72.19	79	71	77.57	87.43	89.8	82.5	85.38	87.43	92.43	92.43	95.47	97.63	98.41	102.6	102.1	100.59	98.42	99.2	97.59	97.05	87.46	99	90.63	92.3	86.48	85.25	80	81.42	70.42
2026-01-22	38.47	44.06	32.08	26.26	52	35.1	33	30	35.1	17.3	10.4	10	10.4	0	-0.5	-0.5	-2.9	-1.88	4.75	4.18	0	5.11	27.29	31.69	33.5	0	1.07	25.22	13.9	55.17	63.37	64.87	59.2	68.78	69.7	41.2	99.59	67.15	43.37	45.42	0	0	0	0	3.95	0	0	0	18.47	8.3	2.21	0	1.5	3.21	1.24	1.5	0	4.47	18	11.84	5.15	-0.01	0	1.75	-0.5	-0.5	0	0	19.2	35.66	42.15	50	50.35	57.69	63.59	71.07	75.51	80.63	83.67	80.7	83.34	83.75	83.45	75.41	75.51	59.66	50.35	48.78	50.78	42	31.35	30.11	49.07	34.72	19.89	10.75
2026-01-23	20	20	14.9	16.81	15.11	10	5	1.17	23.2	15.79	15.11	18.95	22	18.3	20.75	17.6	19.7	19.7	20.85	26.48	31.48	35.68	36.27	40	39.99	48.5	50.74	48.2	60.77	89	89	89	89	95.33	92.5	97.5	86.3	50.93	40.51	47.17	49.3	30.1	25.63	12	20	15.62	5.96	5.95	1.01	1.5	0.98	0.91	0	0.9	0.99	0.96	0.99	2.44	5.44	8.78	10.87	16.1	30.71	50.94	39.85	46.4	30.1	49.3	36	49.78	54.01	70.51	62.69	77.45	97.5	105.04	102.66	111.81	112	115	119	119.31	114	109	110.69	105.28	92	85	89.18	75.07	72.77	63	62.75	54	47.51	43.75
2026-01-24	80	80	70.32	59.99	69.56	59.99	58.62	41.9	58.62	49.99	33.64	33.4	33.64	33.16	33.16	33.16	33.16	32.92	32.68	32.2	32.2	32.44	32.2	32.2	32.44	32.68	32.68	32.44	32.44	32.44	32.92	32.68	27.53	33.64	41.23	42.68	64.66	47.32	40.2	5	23.32	11.94	14.51	7	3.55	0.22	2.58	0	-0.73	-1.22	-1.22	-1.22	-1.22	-1.22	-1.22	-1.22	-1.22	-1.22	-1.4	-1.4	-2.56	-1.9	-1.4	0	0	-0.5	0	14	14	21.29	28.22	33.03	15	32.68	33.16	36.97	36	37.9	40	41.08	45.06	47.17	47.17	45.23	51.67	50.32	40.06	34.6	33.16	32.68	26.7	15	29	23.7	9	9
2026-01-25	-4.95	-10	-11.1	-19.7	-15.5	-16.06	-20	-20	-20	-20	-20	-15.5	-16.4	-16.27	-16.27	-16.4	-13.77	-10	-10.12	-10.12	-11.23	-11.14	-11.23	-13.77	-11.23	-10.12	-10.12	-10.12	-10.12	-13.02	-10.12	-10.12	-5	-4.95	-4.95	-5	-0.5	-0.5	0	0.91	0	0.98	0	0.9	0.3	0.3	0	0	0	-0.4	-0.4	0	-0.5	-0.4	-0.4	-0.4	-0.4	-0.5	-0.5	-0.5	-0.5	-0.81	-0.4	-0.4	-0.49	-0.5	-0.4	-0.4	-3.75	-1.22	-2.1	-5	-5	2.2	2.92	3.16	3.16	11.95	24.92	28.99	35.02	35.12	39	36.63	39.67	39.6	34.62	32.82	26.22	5.01	2.92	2.44	2.68	-0.5	-0.81	-3.81
2026-01-26	4	2.78	2.78	2.78	1.4	2.27	1.99	1	1.4	0.98	1.63	1.46	2.78	2.78	2.78	2.78	0.5	0.5	0.5	0.77	0.5	0.5	4	6.8	2.78	2.78	4.04	0	0	11.86	17.7	29.83	-5.55	-0.5	0	0	0	0	0	-0.01	0	8.93	0	0	30.4	14.8	0	0	25.46	17.84	10	12	25.46	25.57	24.86	22.6	24.61	25.46	24.74	20.26	15.68	25.46	25.79	25.9	10	19.8	30.23	39.41	0.01	17.5	25	38.47	25	30	48.73	53.9	61.4	77.79	79.89	83.3	91.15	96	99.46	92.57	101.19	102.92	90.63	70	69.4	42.29	4.68	12.87	11.78	3.42	0	0
2026-01-27	20.11	15.22	1.9	10.33	8.5	4.46	0	-1.22	0	0	0	3.28	1	0.91	2.78	3.28	3.28	2.78	3.28	1.15	0.21	0.77	0	1	3.78	3.78	3.78	7.53	3.78	0.91	9.6	18.68	25.2	30.92	37.4	44.93	65.5	66.87	65.5	41.94	65.5	43.44	62.75	27.17	43.78	29.75	26.16	16.84	28.35	24.19	19.92	13.25	16.67	15.37	11.8	10.69	10.44	10.98	12	10.98	2.91	4.55	5.71	15.46	8.78	11.09	19.21	25.79	21.79	28.23	41.43	61.73	40	55.55	69.49	78.59	80.35	86.02	90	90.05	99.51	102	99.51	89.5	96.18	87.34	73.59	52.42	53.94	33.63	31.78	24.86	28.2	14.6	6.09	3.97
2026-01-28	5.37	3.78	3.78	3.78	3.78	3.78	3.78	3.78	2.52	1.97	1.97	1.97	1.98	1.98	1.98	1.98	1.98	2.18	3.78	3.78	3.78	3.78	3.78	8.41	5.37	12.34	14.95	24.3	23.53	43.1	40.99	50.1	115.4	114.5	118.11	118.09	116.3	115.4	112.55	110.18	112.73	108.11	75.85	63.5	68.87	54.53	45	22.21	21.86	16.32	12.78	14.91	12.04	10.22	6.01	5.22	3.98	3.98	3.88	3.88	3.78	3.78	3.78	7.77	4.21	8.5	11.95	16.32	12.04	20.17	28.4	39.28	35.43	44	60	75	69.74	72	75.1	77	82.6	90	86.99	79.5	69.76	70.47	62.28	52.5	55.6	40.1	27.35	28.2	29.1	16.18	8.5	4.7
2026-01-29	0	0	1.44	0	0	0	0	0	-0.5	-0.5	0	0	3.33	0	0	3.3	-0.41	0.91	0	3.27	0.9	3.71	5	0	0	0	0	4.34	30	45.71	77.83	95.56	50.52	79.5	100.65	105.74	113.85	102.47	87.1	49.67	81.98	44.38	39.36	26.2	61.07	43.28	35.97	34.16	28.89	27.78	27.22	26.47	28.11	27.68	27.22	25.9	20.87	20.93	21.71	21.78	19.2	20.87	23.9	25.46	14.1	22.03	26.74	30.26	23.91	27.25	44.24	65.01	46.76	52.42	60.27	67.17	40.6	41.77	44.86	44.02	45.02	45.52	45.52	44.53	44.86	36.35	25	11.76	27	23.9	10.36	15.45	20.89	11.1	0.37	1.98
2026-01-30	-4.99	-5.28	-6	-5.12	-5.12	-5.12	-5.12	-5.12	-5	-5	-5	-5.12	-5	-5.12	-5	-5	-5	-5	-5	-5	-5	-5	-5	-5	0	0	-1.22	2	-6.75	-6.75	-0.72	2	2	6.01	6.27	2	2	-2.1	-4.89	-15.12	-11.71	-13.12	-18.99	-14.5	-11.75	-10.12	-7.39	-10	-8.41	-9.17	-8.01	-8.01	-6.75	-7.3	-6.75	-8.52	-5.12	-6.75	-5.12	-5.12	-4.89	-5	-5	-3.42	-3.8	-2	-2.66	-2.66	-5.12	-3.04	0	-0.79	-1.3	0	9.51	19.52	26	35	37.23	33.64	36.73	38.31	36.56	25	16.3	15.22	1.01	-0.5	8.5	1.16	3.78	-3.99	1.5	-3.49	-6.75	-6.99
2026-01-31	-1	-2.04	-2.06	-3.75	-2	-5	-5	-5	-1.1	-1.1	-0.12	-0.12	-0.01	-0.12	-0.12	-1	-0.81	-1	-1	-1.01	-12.55	-11.23	-11.23	-11.23	-11.23	-10.62	-5.3	-1.1	-0.5	-1	-1	-2	-2.06	-0.5	-0.5	-2.04	-5	-5.23	-8.99	-10.3	-4.99	-6	-10	-10.3	-10.3	-10.3	-10.42	-10.38	-11.23	-11.23	-11.23	-11.23	-11.11	-10.12	-10.12	-10.62	-10.62	-10.42	-10.42	-10.42	-11.03	-11.11	-10.62	-10.48	-11.23	-10.62	-11.23	-10.12	-10.02	-5.23	-0.5	1.98	-0.5	-1.2	-5	-8.6	-2.02	0	0	0.91	20	22	22.01	22.01	24.9	24.13	22	7	11.4	0	0	0	13.28	2.81	0	-0.5
2026-02-01	3.78	3.78	2.05	0.9	1.58	-0.01	-0.01	-0.01	0.9	0	-0.01	-0.01	0	-0.01	-0.01	-0.01	-0.01	-0.01	-0.42	-0.01	-0.01	-0.01	0	0.76	0	0.77	1	3.47	1.98	3	0.88	0.1	-5	-5	-0.5	4.34	20.5	30.4	34.55	23.93	28.78	29.34	29.34	27.41	25.79	22.98	14.48	3.78	3.78	2.02	1.58	0.91	3.78	3.78	3.78	3.72	3.58	3.78	3.78	2.18	3.78	3.78	3.78	3.58	3.78	1.78	10	20.44	15.28	20	42.73	60.02	57	62.15	107.56	107.91	115	112.62	115.68	115.87	110.7	111.9	116.96	110	110.76	112.45	108.9	100	94	82.05	79.05	65.26	65.12	36.3	20	6.1
2026-02-02	50	42.7	32.5	13.96	5.37	3.78	3.78	1.98	3.78	1.98	1.98	1.98	1.98	0	0	0	-0.5	-0.5	0	0	-0.5	-0.5	0	0.91	1.54	3.78	0	0	0	50.24	82.74	67.29	67.29	100	100	100	100	67.5	80.49	50.24	34.22	13.6	0.47	-0.57	-0.2	-0.01	-0.21	-2.01	0.9	0.9	0	0	-0.01	-0.95	-1.99	-2.1	-2.1	-2.1	-2.1	-2.1	-0.49	-0.01	0	0	-0.05	-0.81	-1.59	-0.81	-3.5	-3.4	-4.22	-0.81	-2.1	-1	0	11.98	34.8	43.99	47.5	49.09	54.45	54.72	54.49	56.75	53.4	52.55	42.8	26.76	27.81	0	-2.25	0	-4.4	-2.5	-5.2	-2.25
2026-02-03	3.78	3.78	3.78	3.78	3.78	2	1.98	1.98	1.98	1.98	0.99	0.9	1.98	1.72	1.72	1.98	1.98	1.98	2	3.78	3.78	3.78	3.78	3.78	3.78	3.78	41.88	49.49	28.23	63.42	77	94.14	92.21	102.09	105.01	99.9	94.34	72	39.5	23.16	25.3	14.96	0	-0.8	0.88	3.78	3.78	1.98	1.98	1.98	1	0.91	0.91	0.91	0.33	0	0.91	0.75	0	0	0	0.91	1.72	1.11	1.98	0	0	6.08	1.63	23.57	40.69	53.02	47	69.23	87.68	96.47	117.51	117.72	121.35	116.49	116.86	115.36	111.17	101.5	95	95.29	94.14	73.57	63	68.69	61.98	36.79	71.55	28.91	17.51	14.8
2026-02-04	20.53	14	0	0	0	0	0	0	0	0	0	-0.01	0	0	0	0	-0.01	0	-0.01	-0.01	-0.06	-0.06	-0.06	0	0	0	-0.01	-5	-6	3.78	8.68	8.92	8.68	16.02	22.01	19.17	21.67	14.01	7.5	0.9	0	-3.75	0	0	-2.1	0	-2.1	-2.1	-2.1	-1.22	-0.62	0	0	0	0	0	0	0	0	0	0	0	0	0	0	0	0.2	3.78	0.91	2.21	25.2	30.5	23.01	39.99	54.13	78.4	78.88	60	79.36	85.4	86.07	91.29	91.68	89.57	87.35	85.23	87.84	61.34	54.02	44.26	29.98	20.68	19.16	9.13	4.2	0.01
2026-02-05	3.14	5	4.16	3	10	5.01	3	5	0.01	0	0	0	0	0	0	0	0	0	0	0	0	0	0	6	25	34.89	40.91	34.89	4.16	9.78	8.76	9.94	14.19	15.4	14	8.91	6.75	2.18	2.56	3.78	-2	0	0	0	1	0.05	0	0	-0.4	-0.4	-0.5	-0.99	-0.5	-0.5	-0.4	-0.1	-0.16	-0.16	-0.05	-0.1	-0.1	-0.1	-0.1	-0.1	-0.05	-0.01	-0.01	0	-0.4	-0.5	0.21	0.9	-1	-0.99	-0.82	13.74	22.99	22.99	27.51	32.51	35.02	41.12	41.23	36.53	33	32.02	25.01	9	9.6	2.27	0.05	-0.99	-0.03	-0.5	-2.9	-5
2026-02-06	0.05	0.15	0	0	0	0	-0.01	-0.03	-0.01	0	0	0	0	0	0	0	0	0	0	0	0	-0.01	0	0	0	0	0	-0.02	-0.5	0	-4.5	-5	-1.89	0	0	-2.1	-7	-5	-2.1	0	-0.5	-0.81	-0.81	-1.89	-0.5	-1.31	-2.1	-2.1	-2.1	-2.1	-2.1	-2.1	-1	-0.42	-0.01	-0.01	-0.01	-0.01	-0.01	-0.01	-0.01	-0.01	0	0	-1	-0.01	0	0.18	0.45	1.98	3.78	3.78	4.5	11.2	30	50.01	79.3	64.62	87	87.32	85.07	89.4	87.78	80.47	82.7	74.02	60.01	25	16.16	14	12.49	3.78	3.78	3.78	3.78	1.98
2026-02-07	1.2	0.41	0.01	0.01	0.01	0	0	0	0	0	0	0	0	0	0	0	0	0	0	0	0	0	0	0	0	0	0	0	0	0	0	0	0	0	0	0.01	0.03	0.01	0	0	0	0	0	0	0	0	0	0	0	0	0	0	0	0	0	0	0	0	0	0	0	0	0	0.9	0	0.91	1.98	2.48	0	0	0	0	2.97	20.25	31	42.23	46.72	57.3	69.71	72.6	60.51	73.26	72.05	59.02	82.52	82.52	60.5	40.71	33.22	31.25	11.71	10.99	5.59	3.78	3.78	3.78
2026-02-08	3.78	2	0.16	0	0	0	0	0	0	0	0	0	0	0	0	0	0	0	0	0	0	0	0	0	0	0	0	0	0	0	-0.5	-0.5	0	0	0	0	0	0	0	0	0	0	0	-0.42	0	-0.42	-0.5	-0.5	-1.6	-0.81	-0.81	-0.81	-0.81	-0.81	-0.81	-0.81	-0.81	-0.81	-0.81	-0.81	-0.81	-0.81	-0.81	-0.81	-0.81	-0.81	-0.81	-0.4	-0.41	0	0	0.01	0.9	3.78	3.78	5.73	22.5	37.83	35	45.02	72.6	93.87	93.66	83.27	92.99	93.78	92.62	60.02	35	30	10.9	4	5	0	0	0
2026-02-09	-4.2	0	0.16	0.02	0	-3	-4.39	-6	-6	-6.01	-6.2	-0.81	-2	-4	-3.03	-4	-4	-4	-4.1	-9.4	-6.01	-6	-6	-4.1	0	-6	0.9	0	-6	9	49	63.75	90.91	94.16	94.52	92.78	73.3	54	9	-4	-4.1	-2.1	-2.7	-5	-1.22	-4.2	-0.01	1.98	0.99	0.91	0.79	0.16	0.16	0.1	0.1	-0.01	0.01	0	0	-0.13	-0.01	0.01	0.1	0.16	0.16	0.64	0.93	3.78	3.78	3.78	18.28	11.01	0	2.93	28.11	39.5	81.1	79.14	83.8	77.83	87.26	75.11	75.4	68.79	73.98	68.5	59.04	23.58	-4	-5	-4	4.7	0.9	-6.1	-4.09	-4.1
2026-02-10	0	0	-0.01	-0.5	-0.01	-0.01	-0.01	-0.01	0	-0.01	-0.01	-0.01	0	0	0	0	0	0	0	0	0	0	0	0	-0.01	-0.01	-0.01	-0.5	-0.5	0	0.59	-0.1	0	-0.01	-0.01	-0.01	-0.01	-0.01	1.5	0.79	3.78	2.52	1.99	1.51	0.99	0.91	0.79	0.56	0.5	0.33	0.24	0	0	0	0	0	0	0	0	0	0	-0.01	0	0	0	0	0.59	0	0.91	1.98	3.78	3.78	3.78	0	0	0	0	0.55	10	11.01	11	14.2	13.77	6.45	6.5	5.92	-0.81	-1.84	1.98	1.27	-0.22	-0.4	0	0	0.65	-0.5
2026-02-11	0.02	0.02	0	0	0	0	0	0	0	0	0	-0.5	0	0	0	-0.01	-0.01	-0.01	0	0	0	0	0	0	0	0	1.72	1.98	1.98	3.78	3.78	3.78	3.78	5.37	11.28	4.28	3.78	3.78	3.78	3.78	3.78	3.78	3.78	1.98	2	1.98	1.98	1.98	0.1	0.02	0.02	0.02	1.98	1.98	1.98	1.98	1	1.05	1.98	1.98	1.98	1.98	1.98	1.98	1.5	1.98	2	3.78	3.78	3.78	3.78	5.37	5.37	7	5.93	5.1	12	24.75	27.1	26.75	28	28.7	18.72	8.5	10	4.5	3.06	1.56	5.37	1.69	3.78	3.78	2	1.98	1.98	0.01
2026-02-12	1	0.06	0.02	0	0	0	0	0	-5	-5.01	-0.5	-0.81	0	0	0	0	-10	-14.01	-12.25	-10.92	-10.42	-10.92	-10.92	-10	-1	0	0.01	0.01	1.84	3.78	3.78	3.78	3.78	3.78	3.78	3.78	1.98	1.55	0.06	0	0	0	0	-0.01	0	-0.42	-0.77	-0.81	-0.81	-0.81	-0.81	-0.81	-2.01	-3	-4.01	-2.01	-0.81	-0.81	-0.81	-0.81	-0.81	-0.89	-0.81	-3.98	-0.81	-0.42	-0.05	0	0	0.06	0.91	1.98	3.28	5.29	10.18	17	32.21	26.6	22.26	35.01	28	27.51	24.51	20.5	17.44	24.12	26.96	17.52	33.7	26.7	27	13.4	5.54	5	7.54	3.92
2026-02-13	5.37	5.01	3.78	3.78	3.78	3.78	3.78	2.82	2.34	2.01	1.98	1.84	1.98	1.98	1.98	1.84	1.84	1.84	1.84	1.92	1.98	1.98	2.98	3.78	3.78	4.78	7.44	13.93	10.5	13.7	25.79	35	31.69	31.69	25.57	17.7	22	8.64	4.78	3.78	3.78	2.34	1.91	1.34	1.84	1.03	1.01	1	0.5	0.51	0.51	0.51	0.2	0.12	0.11	0.02	0.02	0.01	0.02	0.01	0	0	0	0	0	0.01	0.12	0.54	0.53	0.54	0.91	1.84	2	3.78	3.78	3.78	5.37	6.92	7.64	8.81	10	11.27	11.27	8	7.64	7.16	5.37	3.78	3.78	3.78	2	1.98	1.98	1.84	1.72	0.9
2026-02-14	1.98	1.98	1.98	1.98	0.01	0	0	0	0	0	0	0	0	0	-0.04	-0.04	0	0	-0.04	-0.04	0	0	0	0	0	-0.04	0	0	0	0	0	0	0	0	0	0	0	-0.04	-8	-6.79	-1.9	-2.1	-6	-8	-4.2	-4.3	-4.75	-15.4	-15.3	-15	-15.3	-15.4	-11.55	-12.92	-11.55	-11.55	-10.92	-10.92	-10	-10	-9.5	-9.5	-9	-10	-12.8	-7.5	-2.9	-2.1	-0.81	-0.81	-0.04	-0.02	1.98	3.78	3.78	31.84	14	14	12.08	12.01	26	17.17	13.7	17.98	29.91	25.41	31	32.16	33.33	20	14	18.28	14	14	5.37	3.78
2026-02-15	14	5.37	1.53	1.89	1.53	2	1.98	1.53	1.53	1.53	1.53	1	0.57	0.57	0.41	0.41	0.41	0.41	0.41	0.41	0.41	0.41	0.41	0.57	0.41	0.41	0.57	0.41	0.41	0.57	0.99	0.41	0.99	0.57	0.41	0	0	-0.42	-0.54	-0.81	-0.81	-0.81	-0.54	-0.81	-0.81	-0.81	-0.81	-0.81	-2.1	-2.1	-2.1	-2.1	-2.1	-2.1	-2.1	-2.1	-2.1	-2.1	-2.1	-2.1	-2.26	-2.26	-2.1	-2.1	-2.1	-0.81	-0.81	-0.81	-0.81	-0.27	-0.14	0	0.77	3.78	3.78	14	14	22.24	20.2	20.77	18.44	17.59	14	14	14	14	15.45	12.01	12	10	9.22	3.28	3.5	0.77	0.83	0.09
2026-02-16	0.96	0.96	0	-0.04	0	0	-0.04	-0.54	0	0	0	0	0	0	0	0	0	-0.04	0	0	-3.14	-3.14	-2	-0.54	0	1.98	2	3.78	3.78	14	14	11.77	14	13.34	11.53	6.96	5.78	3.78	3.78	1.98	2.29	1.98	1.5	1.21	1.21	0.91	0.91	0.21	0	0	0	0	0	0	0.01	0	0.01	0	0	0	-0.03	-1.99	-0.81	-0.95	0	0	0.91	0.91	0.91	0.99	2	3.78	0.9	3.9	9.77	21.99	26	26	27.86	29.55	24.45	24.53	13.69	14	3.16	5	5.13	3.5	10	9.02	11.09	10.29	6.3	3.04	2	1.72
2026-02-17	1.21	1.21	0	1.21	1.21	3.14	1.98	1.74	1.4	1.28	2	1.98	3.78	2	1.98	1.98	1.8	1.72	1.98	1.98	1.01	3.13	2	1.16	-4.32	1.1	1.2	1.21	24	22.46	44.9	50.5	50.71	56.71	55.5	43.79	24	24.2	8.52	2.73	2.78	1.5	1.09	0.59	0.35	0.13	0.1	0.01	0.01	0.01	0	0	-1.47	-2.94	-5	-5.5	-5.5	-5.5	-5.5	-5.5	-5	-4.22	-0.54	-3	-2	0	0.91	0.91	0.8	1.9	0	16.4	8.23	46.8	86.56	134.78	134.16	133	126.78	122.88	120	116.01	107.48	100.1	107.46	98.15	84.96	83.2	89.07	84.95	86.02	83.62	87.61	80.8	79.46	49.97
2026-02-18	65.27	62.02	43.43	15.41	40.6	20	24.9	12.84	16.82	5.9	4.1	4	3.78	5	5	3.78	3.78	3.78	3.78	0.97	4.1	4.1	5	5	0.97	4.5	8.62	20	36.39	60.39	76.36	80.48	97.58	92.5	82.98	75.02	78.23	45.37	50.24	35.05	22.5	13.8	4.85	3.78	3.78	3.78	3.78	2	1.79	1.11	1.08	1.08	0.91	0.91	0.91	0.01	0	0	0	0	0	0	0	0	0.91	0.91	1.11	1.79	1.98	3.78	3.78	3.78	2.34	17.07	25	33.9	35.7	35.7	36.7	36.6	37.38	37.49	33.9	28.54	24.6	29.1	23.97	14	21.1	10.87	8.72	4.14	3.69	0.97	0.46	0
2026-02-19	1.38	3.78	0.25	0.25	1.36	1.98	1.98	1.98	0.75	0.03	0.18	0.01	-3.99	-5	-5	-5	-3.1	-5	-0.81	-0.54	0.75	0.75	1.72	1.91	1.98	3	3	2.5	1	19.1	27.56	31	29.4	26.82	12	3	2.38	2.5	0.91	-0.04	0	-0.04	-2.01	-0.54	-3.5	-2.1	-3.5	-7.04	-6	-6.74	-8.01	-8.4	-8.21	-8.21	-8.5	-10	-7.23	-7.24	-7.48	-7.55	-5.81	-6	-6	-7.72	-7.6	-3.5	-3.5	-0.42	-0.5	0.01	0.25	0.91	-0.28	0.25	0.25	17.51	40.57	63.22	63.6	70.26	79.74	76.64	67.15	61.67	62.85	53.1	58.19	34.5	52.66	38.88	46.44	32.35	35.04	35.01	10.6	28.58
2026-02-20	45.2	36.57	24	22.88	19.5	25.01	31.12	34.03	25	18.99	16.82	15	18.85	18.4	15	14	16.65	16.65	15.25	17.2	18.11	25.01	25.01	37.1	36.12	34.2	34	31	14.06	36.2	75.5	80	75	58.07	20.04	0	33	25.6	3.78	2	2	0.91	0.91	0	0	0	0	0	0	0	0	-0.01	0	0	0	-0.02	-0.01	0	0	0	-0.01	0	0	0	0	0	0.91	0.91	1	2.94	13.71	23	21.14	38.49	50.24	57.57	81.01	81.57	68.95	66.02	60.78	56.34	58.28	55.3	52.8	48.68	46.66	36.72	30.6	38.48	46.73	35.11	26.75	31.19	31.07	21.87
2026-02-21	0	0	-4.78	-6	-6	-5	-3.37	-4.32	-0.56	-0.56	-1.1	-5	0	0	-0.56	0	-0.56	-0.56	-0.81	0	-0.81	-0.81	0	0	-3.99	-0.28	-0.56	0.6	0	-0.56	0	-0.56	5.58	0.82	6.4	-0.2	-4.72	-4.9	-3.38	-8	-5.42	-5.42	-5.42	-5.42	-10	-11	-11	-13	-12	-12.12	-13.16	-10	-9	-5.7	-2.51	-2.51	-2.51	-2.51	-2.51	-2.51	-2.14	-2.51	-2.51	-1	-13	-11	-9	-5.42	-2.35	-5.42	0	-10	-5.7	1.15	38.46	69.3	88.17	85.29	84.12	82.17	70.57	76.83	83.75	83.75	73.48	73.11	87.1	66.11	79.88	56.39	46.2	25	19.37	40.78	34.41	6.91
2026-02-22	26.65	25.73	8.2	5.24	19.93	15.85	15.52	0.53	5.24	5.24	22.73	19.95	15.81	9.34	14.89	12	8.84	9.18	6.88	5.71	9.18	9.18	7.97	4.94	7.02	8.78	9	10.6	5.24	8.48	5.24	5.24	-0.11	4.97	2.7	0	-3.12	-20	-20	-20	-15.42	-4.87	-6	-7.11	-5.7	-6	-9.6	-5.92	-12.65	-15	-16	-12.42	-10.86	-10	-10	-10	-10	-10	-9.6	-9.6	-5.86	-6	-10.42	-10	-15	-8.11	0	-1.22	0	-2.6	0	0.91	0	5	0.53	46.02	52.88	60.32	77	51.52	59.57	59.61	68.02	66.38	76.8	74.48	59.59	80.35	76.5	32.95	14.75	48.3	53.66	32.52	12.06	8.48
2026-02-23	26.98	26.98	22	20.66	21.36	22.16	19.38	19.13	37.3	38.68	36.41	37.2	36.41	36.41	31.33	28.3	22.9	24.96	24.96	26.98	28.55	37	30.01	26.98	33.26	7.16	5	2.01	43.5	57.1	73.32	82.34	89.63	83.36	67.77	27.24	27.01	23.2	21.36	10	21.36	10	10	11.59	5.99	5.7	6.44	5.4	0.9	1.1	1.13	0.16	1.5	1.55	0.99	0.2	1.09	1.1	1.44	1.5	3.51	3.78	3.78	4.37	0.05	0.1	3.78	15.36	19.26	19.38	23.89	30.61	38.68	68.13	88.57	112.4	112.7	117.81	114.53	133.45	156.34	182	182	158.71	147	102.75	90.8	85.96	83.93	67.14	54.27	51.06	49.03	37.09	37.61	26.98
2026-02-24	29.67	14.05	18.29	5.69	10.64	8.89	9.09	8.27	8.57	7.2	6.33	4.89	5.69	5.37	0	0	0	0	2.8	2.8	9.65	5.37	-5	1	7.28	20.31	20.31	32.22	34.92	81.29	86.76	89.4	88.23	65.88	40.2	5.69	10.61	7.17	21.42	0	0	0	0	0	0	0	-0.42	-0.42	0	0	-0.01	-0.19	-0.42	-0.5	-0.42	-0.42	-0.42	-0.42	-0.42	-0.06	-0.42	-0.06	-0.01	0	0	0	0.01	0.91	2.03	8.6	9.29	7.44	24.98	26.9	43.6	86.06	90.99	105.16	95.45	88.86	86.76	77	52.73	41.24	43.5	43.69	32.03	22.68	31.93	20	23.96	14.79	27.14	16.36	23.85	8.4
2026-02-25	33.92	50	20.6	13.98	36.57	36.18	36.05	31.41	36.52	32.86	30.5	27.67	29.37	28.07	27.17	25.5	26.09	22.03	28.17	30	28.32	28.5	31.55	36.57	30.8	15.58	-0.5	-1	5.1	36.47	76.67	77.96	87.62	81.75	51.2	6.15	18.7	32.47	27.29	21.1	15.55	10.2	6.14	0.91	0.05	0	-0.19	-0.08	-0.92	-3	-3	-3.1	-2.1	-2.1	-3.5	-3	0.9	0.91	0.91	0.91	-0.56	-0.06	0	0.91	0.91	0.01	5	15.47	22	23.43	23	24.3	14.82	32.89	67.25	93.89	94.07	102.87	94.24	84.05	96.28	87.49	70.99	52.63	42.73	24.38	13.72	1.11	20.11	18.52	22.68	14.9	28.08	14.15	18.05	17.01
2026-02-26	28.97	35.61	26.72	15.18	34.67	30.1	30.34	30.1	32	29.07	25	23.78	27.88	26.66	21.8	21.07	21.62	21.62	25.8	29.01	29.2	29.2	29.2	28.19	5.55	15.2	19	25.47	42.91	74.11	80.86	81.19	83	70.65	49.19	19.42	30.82	50.6	37	15.91	27.88	3.78	1.98	0.61	0.02	0	0	0	-0.81	-0.81	-2.1	-2.1	-0.81	-0.81	-1.09	-2	-9.58	-10	-10.42	-10	-0.81	-1.6	-2.1	-0.81	0	0	0	0	3	5	7.33	16.12	3.9	11.56	40.1	78.82	81.97	91.64	84.03	77.89	75.87	82.93	85	71.53	60.01	46.59	60	15	32.25	7.04	4.99	5	20.3	9.59	18.56	1.41
2026-02-27	-10	-0.8	-1	-6.19	14.4	11.54	7.43	3.78	13.98	13.67	12.61	11.14	11.15	11.15	10	9.65	11.02	9.5	11.14	10.61	11.15	11.28	11.61	13.67	0.9	-0.45	0	-3	5	13.27	23.21	34.49	34.49	10.1	4.7	1.86	22	24.5	22.4	20.19	18.08	3.26	0.91	0.58	-2.99	-4	-4.65	-2.1	0.01	0	0	0.91	0.01	0.91	0.91	0.91	0.01	0	0.9	0.91	-1	-0.3	0	0	0.97	2.78	8.2	11.67	3.41	4.02	8.42	13.38	2.1	5.2	10.1	41.1	60.69	71.73	62.12	65.46	81.8	80.8	81.8	66.23	61	39.48	24.7	13.69	15.21	10.1	15	10.29	29.89	5.37	10.1	2.94
2026-02-28	13.75	17.81	8.31	1	4.28	0	2.57	-0.85	15.51	4.44	3	4.58	2.77	3.22	3.01	4.2	3.78	3.46	3.4	3.46	3.78	3.78	3.78	3.96	3.78	6.28	8.4	15.89	3.4	3.8	8.07	10.4	15.53	13.27	9.4	3.46	33.16	2.02	0.01	0.01	-1.46	-2.1	-4.34	-3	-1.47	-0.02	-4	-5	-4	-4.48	-4	-5	-4	-4	-4	-4	-0.02	0	-2.5	-3	-5	-5	-2.1	-2	-4	0	0	0.91	0.01	1	2.24	6.05	2.83	20.15	18.34	49.96	85	87.06	84	83.94	82.5	73.9	59.61	52.29	63.78	55.86	59.7	45.69	61.9	51.31	61.78	55.52	51.68	34.51	34.51	25.51
2026-03-01	42.89	30.01	0	0	0	0	5	4.1	22.25	16.67	18	18	23	19.36	23	23	23.3	23	21.05	18.9	18.9	19.06	18.3	18.02	19.65	23.3	28.08	24.84	23.61	19.5	16.7	12	4.1	8.12	14.82	6.96	21.68	3.78	3	0.91	0.61	0	0	-0.42	-0.01	-0.5	-0.5	-0.81	-0.81	-0.81	-0.81	-0.81	-0.85	-0.99	-0.81	-0.81	-2.1	-2.1	-0.81	-2.1	-2.96	-2.25	-2.11	-2.01	-0.81	-0.81	-0.81	-0.3	0	0.01	0.91	3.78	10	14	22.1	11.25	4.1	42.39	43.71	40.03	34.18	30.02	25.02	3.82	35.15	28.14	27.25	21	23.85	15.06	15.05	14.34	4.1	13.56	9.24	7.69
2026-03-02	0	18.5	14	2.65	9	2.01	3.48	0.1	0.1	0.1	0.1	0.1	0.1	0.1	0.1	0.1	0.1	0.1	0.1	0	0.99	0.1	2.95	5	12.39	18	20	12.5	1	0.1	1	15	12.75	0.1	0	-5	0.1	0.9	1	-0.3	-0.3	0	-0.42	0	0.91	0	-0.8	-2.1	-3	-3	-3	-5	-5	-5	-7.26	-5.76	-5	-3	-2	-1.76	-2.99	-1.63	-0.8	-0.01	0	0	0	0	0	3.9	15.01	23	0	0.2	5	45.42	46.48	79.97	91.91	90.6	92.6	89.13	81.46	70	79.92	70	60.76	41.21	51.9	48.76	49.74	13.17	30.01	7	0.1	0.1
2026-03-03	57.51	55	45.2	23.65	23.65	23.65	23.65	27.58	27.15	27.15	27.15	27.15	27.34	27.34	27.34	27.34	27.3	27.3	27.3	27.34	27.15	27.15	27.1	23.5	12.15	21.38	23.35	19.8	22.75	83.35	91.01	95.33	95	90.41	83.17	39.04	36.33	41.06	27.1	23.81	27.2	27.3	27	13.28	27	14	3.78	3.78	3.78	3.78	3.78	3.78	3.78	3.78	3.78	3.78	3.78	3.78	3.78	3.78	3.78	3.78	3.78	3.78	3.78	3.78	3.78	23.2	23	26	27.1	27.3	50.24	80.94	91.02	107.69	118.37	125.99	122.06	122.15	118.28	118.37	109.46	98.25	98.59	96.99	77.11	56.97	86	67.58	86.39	62.19	66.06	49	60.01	38.01
2026-03-04	95.35	88.07	97.36	89.5	79.94	79.94	70.99	63.26	79.94	79.94	79.94	77.28	70.99	70.99	75.64	70.99	79.94	79.32	74.25	70.99	85.56	88.42	70.99	79.94	86.02	89.16	109.66	108	110.4	121.61	130	132.64	130	123.12	118.91	90.09	123.96	103.37	78.37	79.94	74.72	59.31	60.2	50.2	68	48.04	52.94	40.04	34.5	30.01	30.01	26.44	24.1	15.54	11.6	10	14.05	15.45	18.27	25.15	29	29	33.34	44.68	28.87	49	40	53.03	47.3	59.61	52.16	76.58	86.33	96.97	111.86	128.16	158.35	169.04	183.61	170.66	157.81	162	147.56	136.3	130.13	129.61	124.54	108.1	113.21	106.41	110	109.4	97.64	99.15	107.1	93.05
2026-03-05	108.51	102.95	95.69	80.08	93.16	85	85.21	82.47	91.66	85	87	79.3	82.17	79.03	79.78	79	80.55	80.27	81.92	83.58	84.12	88.86	91.97	97.01	102.4	107.38	101.39	113.8	90.37	114.55	143.19	124.35	159.56	132.57	110.04	92.25	110.91	96.07	93.99	71	92.93	65.8	52	36.72	50.24	71.22	57.5	61.5	67.7	60.1	58.78	58.1	57.42	54.48	52.68	47.43	54.07	50.24	45.36	60	51.71	58.78	53.68	61.99	43.1	60.48	69.61	70.21	50	52	79.24	96.92	69.64	88.83	104.17	120.41	136.75	141.38	127.8	117.83	130.83	120	97.86	96.2	110.16	104.21	103.87	85	106.54	87.38	93.6	96.52	101.49	86.09	90.1	64
2026-03-06	83.05	85.01	81.22	74.76	83.05	79.45	75.07	70.04	75.07	75.07	71.05	67.09	66.38	51.3	52.83	36.61	35.01	34.65	33.7	33.43	33.38	33.43	35	43.73	38.75	47.51	51.77	56.52	75.07	75.07	73.32	56.33	72.99	72.99	65.1	51.83	51.77	50.24	46	49.1	58.22	51.55	44	37.5	52.44	46	43.36	42.6	51.77	50.24	45.77	45.77	46.95	45.77	45.77	45.77	44	45.77	43.23	44.48	39.76	44.5	44.11	45.5	39.01	45.28	45.77	51.77	44.63	50.73	52.05	68.61	61.1	67.09	71.72	93.49	95.95	101.91	103.87	105.45	105.1	101.92	100.13	100	100.48	100.12	97.27	89.62	88.87	86.8	92.93	85	77.36	70	67	63.83
2026-03-07	80.01	80.01	74.22	70.01	70	67.14	65.11	65.11	77.41	80.01	80.01	79.96	76.02	75.24	74.35	70.1	70.59	70.59	71.09	70.65	73.68	71.17	70.01	76.13	80	80.01	80.2	80.01	80.2	80.01	80.2	80.01	89.88	84.38	80.2	77.12	70.01	70.01	40.59	20.01	50.24	39.1	32.82	23.16	23.55	34	26.27	25.53	31.86	20.12	18.96	15.06	14	12.38	11.44	14	14.61	18.05	22.13	29.9	30.81	26.3	25.95	25.69	24	23.59	29.1	45.78	30.2	40.78	51.89	45	77.89	86.73	107.9	105.51	125.85	137.77	140.33	138.33	129.39	124.19	119.65	109.59	123.55	121.37	118.98	106.01	122.91	120	124.64	120.45	119.76	113.08	112.74	103.8
2026-03-08	121.22	119.81	111.74	96.22	100.57	102.72	98.71	90.57	92.71	90.11	91.22	89.02	85.72	82.32	80.22	82.93	85.01	81.17	81.5	81.36	82.83	84.01	85.9	81.63	102.5	102.74	102.88	102.88	101.5	102.17	102.74	98.26	107.45	102.5	99.02	79.11	90.69	77.57	71.67	40.32	61.21	49.49	41.19	26.38	33.99	28.4	22.48	10.13	16	9.35	12	7.45	7	7	8.16	8.16	12.54	12.56	12.68	21.05	14.28	23.05	23.7	27.78	21.8	28.88	33.9	39.98	45.2	54.2	55	75.52	101.64	86.46	122.32	157.82	158.59	151.73	149.66	142.1	143.68	143.19	136.18	129.75	143.99	141.63	135.19	128.78	134.49	127.52	132.95	129.35	129.26	125.7	125.26	117.86
2026-03-09	123.35	121.66	120.01	111.83	120.01	120.01	118.58	111	119.91	111.07	110.01	109.85	108.26	110.56	111.22	110.01	112.28	114	111.29	117.9	114.37	120.01	123.22	122.88	120.01	116.15	122.33	126.88	131.62	139.81	152.5	146.2	169.5	143.29	133.09	124.07	134.46	125.58	120.01	110.95	110.52	106.97	94.12	86.68	92.78	91.88	92.15	91.19	91.5	88.7	87.98	87	86.1	85	85.18	88.1	85	84.86	90.4	90.01	90.01	95.04	98	95.05	90.45	84.73	92.37	105.63	100.01	110.88	108.5	115.5	115.5	128.68	133.09	160	172.2	219.87	216.93	204.7	209.06	195	199.23	174.52	182.92	165.5	149.06	143.6	151.07	144.98	141.6	130.38	138.97	133.61	130.37	118
2026-03-10	136.1	135.56	130.46	125.88	137.32	125.71	124.1	119.38	126.27	121.91	122.3	121.94	118.21	120.71	120.04	121.04	121.45	120.43	121.25	124.87	122.7	125.95	131.32	135.9	130.51	121.17	120	110.78	122.44	142.5	143.24	130.62	157.65	146.04	132.75	116.01	122.44	129.3	121.28	121.5	120.36	112.14	112.5	115	113.06	104.4	103.34	94	97.08	93.17	91.99	90.94	91.6	94.4	90.99	89.91	95.71	100.02	98.54	87.62	100	92.81	93.7	95.82	96.24	100	103.76	115.6	94.07	105.49	113.04	122.6	122.08	137.65	144.95	189	179.43	192.78	182.7	181.17	235.61	250	250	250	247.01	247.7	193.18	178.32	155.65	159	151	147.58	160.37	148.23	142.67	138.46
2026-03-11	103.03	108.56	110.1	110.13	108.66	95	64.45	57.7	65.39	88.49	72	67.16	72.5	69.62	67.3	67.13	74	68.02	70.89	72.37	60.28	60.1	59	65.55	59.24	65.03	80	100.1	98.82	98.82	98.53	100	100	81.65	66.55	50	66.36	64.05	48.28	34	50	31.03	13.74	0.01	22.01	7.47	7.69	1	4.58	1.1	6	5.11	12.67	9.35	17.1	16.67	5.5	20.62	28	30	24.5	30	30	49.76	30	46.86	50	54	49.9	77.08	56.54	90.28	75.84	115.01	128.31	154.8	155.35	157.76	146.89	157	201.85	231.99	233.33	213.59	181.47	166.05	138.12	101.9	114.36	124.97	114.32	103	122.09	119.91	106.78	94.97
2026-03-12	96.09	96.81	93.76	93.24	92.86	91.8	90.54	86.36	85.64	83.3	80.42	76.12	70	68.9	76.6	71.42	72.83	70	70	79.73	90.2	75.47	85.8	78.47	92	97.21	107.35	110.19	119.23	118.51	119.51	116.01	122.68	107.46	101.1	76.01	92.14	60	20	14.5	20.5	8.99	3	0	0.61	-0.59	-0.01	-2.1	0.91	0.91	1.27	0.91	1.1	0.91	0.45	0.91	0.95	1.1	0.4	1.55	0.91	1.1	1.2	0.91	1.72	2.1	3	5	3.78	3.78	27.01	75.28	53.55	90.54	105.42	110.2	118.8	121.01	135	139.53	151.46	167	175	165.01	156.05	148.16	146.54	137.63	119.84	115.35	105.54	103.49	96.8	95.74	83.55	84.54
2026-03-13	55.49	61.4	60	35	71.1	67.7	59.73	61.01	45	39.01	37.13	37.82	45	42.2	40.1	42.2	42.2	45.92	42.2	50.81	42.92	45.7	39.71	44.01	37.42	60	61	64	65	74.01	81.44	80	90.2	76.65	58.87	42.2	54	38.93	27.01	3.78	7.33	3.78	3.78	1.5	0.91	1.98	1.5	0.91	0.91	0.91	0.91	0.9	0.91	0.91	0.91	0.91	0.01	0.01	0	0	0	0.01	0.01	0.01	0.01	0.91	0.91	1.98	2	3.78	25.25	40.7	49.08	69.74	67.12	104.7	108.43	121.98	128.53	129.2	121.4	121.07	108.34	92.29	113.72	95.37	89.01	63	84.63	71.8	65.6	62	61	56.53	48.52	30.2
2026-03-14	5.01	0	-5	-3.42	-2	-2.2	-6	-4.79	-4.79	-4.79	-4.79	-4.53	-2.06	-4.79	-4.79	-4.79	-2	-2	-3.4	-4.79	-2	-2	-2	-3.21	0	0	0	0	0.1	4	5.37	5.37	12.3	11.81	14	5	9.71	3.78	3.78	3.78	3.78	1.98	1.5	0.91	0.91	0.01	0	0	0	0	0	0	0	0	0	0	0	0	0	0	0	0.01	0.01	0.91	0.91	1.98	1.98	3.78	2	3.78	5.37	6.67	-0.49	0	-0.49	-0.83	-0.99	7.25	15.79	30.02	36.3	37.18	37.42	37.66	40.92	46.42	45.44	45	47.2	44	35.52	30.02	30.01	20.21	7.25	-0.83
2026-03-15	-0.63	-0.49	0.01	0	0	0	0	0	1	1	1	3.53	2	1.72	0	0	0	-0.81	-0.99	-0.99	-0.99	-0.99	-0.99	-0.92	-0.09	0	0.99	0	0	0	-0.81	-0.99	-0.99	-0.92	-1.01	-6.49	-2.1	-6	-1.43	-7	-3.81	-2.71	-6.13	-14	-5.1	-6.13	-10	-10	-8.1	-10	-10.82	-9.6	-14	-13.53	-14	-14	-14	-14	-14	-14	-14	-14	-14	-14	-14	-14	-12.1	-8.1	-6.13	-5.01	-3.69	-1.71	-0.01	-0.99	0	9.62	2.6	12.5	22.11	24.1	25.77	29	29.5	29.77	30.77	30.77	31.77	30.77	30.77	30	30	25.33	23.16	21.91	20.58	15.23
2026-03-16	25.01	23.88	13.56	14	26.2	8.4	14	6	3.78	5.37	5.37	4.3	-0.99	-0.99	-0.99	0	-1.01	5.37	8	8	20.2	20.2	26.2	26.92	26.2	29.32	64	71.92	85.42	100.81	103.27	96.28	78.45	67.9	52.87	0	3.78	0.9	0.01	0	0	0	0	0	0	0	0	0	-0.01	-0.01	0	0	-0.01	0	0	0	0	0	0	0	0	0	0	0	0	0.01	0	0	0.91	1.98	24.04	15	2.99	25.19	73.72	125.73	156	180	180	179.85	182.45	160.52	148.81	143.7	139.44	140	126.59	118.21	132.82	127.64	127.64	115.9	108.99	87.43	93.34	78.22
2026-03-17	80	99.95	96.6	76	69.95	62.5	55.18	60.47	90.07	85.5	79	66.99	79.86	70.64	73.08	62.91	73.4	71.86	73.4	73.5	77.16	75.13	84.99	94.95	40	52.9	73.4	100.11	109.71	116.71	117.13	107.85	98.54	100	72.68	20	40.95	3.78	0.91	0	0	0	0	-0.01	-0.49	-0.49	-0.81	-1.23	0	0	0	-0.01	0	0	0	0	0	-0.01	0	0	-0.81	-0.82	-0.82	-0.81	-0.01	0	0	0.01	0	0.91	3.78	14.82	0.5	26.42	72.12	100.94	110	120.01	137.45	130.18	132.79	125.33	108.01	100.94	96.62	94.5	100.11	87.45	86.93	61.55	69.23	49.41	75	47.91	45.71	39.31
2026-03-18	49.2	42.04	33	18.77	33.7	22.72	26.61	18.77	40.67	33.13	29.11	29.15	28	18.77	27	19.77	28.78	23.97	27.9	31.42	26.86	27.94	18.77	18.77	20.77	20.77	24.2	55.42	68.56	73.08	76.08	67.5	51.15	33.57	20.77	13.77	31.62	19.79	8.88	3.78	5.78	3.79	2.27	1.44	0	-0.49	0	0	-2.1	-2.5	-3.38	-3.5	-0.81	-0.01	0	-0.01	-1	-0.82	-1	-1	-2.5	-0.82	-2.5	-2.1	0	0	-0.49	0	0.01	0	3.88	20.23	19.8	35.26	52.2	73.91	62.01	83.8	100	114.19	85.44	93.37	105	88.2	75.24	71.59	63.37	54.94	57.92	54	55.8	48.48	49.99	38.92	39.99	23.96
2026-03-19	15	18.78	5	0.66	7.22	4.78	5	5	3.78	2.66	2.66	0.66	2.66	0.66	0.66	0.66	2.66	0.66	0.66	1.46	0.66	0.66	0.66	0.66	0.66	3.33	7.22	14.04	34	34.71	39	34.69	33.01	4.8	0.66	0	-4.34	-1.67	-0.99	-0.99	-11.78	-14	-19	-19	-0.58	-0.44	-0.5	-0.01	-2.1	-0.2	-0.02	0	-0.5	-0.82	-2.1	-2.01	-0.02	-0.01	-0.2	-0.01	-11.32	-11.12	-11.26	-10.82	-0.51	-0.81	0.04	1.21	0	0.66	2.66	5	1	2.66	20.52	43.68	47.96	64	75.17	78.1	62.91	69.04	60.71	47.82	55.2	46.02	50.82	30.2	32.24	27.58	31.21	30	30	25.56	33	29.3
2026-03-20	51.6	52.21	30.06	12.54	63.19	45	48.9	31.92	53.25	36.33	30.06	26.18	29.78	27.3	27.8	28.06	29.22	24.56	27.26	38.96	41	49.07	55.55	58.84	45	50.3	69.4	79	70.76	105.8	115	97.63	84.45	70.4	55.01	45	45.65	45.7	19.5	9.15	23.38	13.5	5.6	5.32	7.48	4.31	7.01	3.78	10	7.01	6.99	3.78	3.78	1.98	3.78	1.98	3.78	3.78	3.78	4.66	5.37	5.76	6.99	9.28	11.03	12.58	13.06	24.54	26	30.06	41	50	49.99	50.1	55.79	81.36	87.33	112.1	123.62	112.4	98.39	93.2	86.35	86.07	83.78	77	77	60	78.15	70	83.85	70	75	60	50	49.16
2026-03-21	69.3	69	43.3	36.6	50.07	48.39	53.99	47.05	52.89	38.16	29.49	29.35	35.2	31.2	32.16	29.44	32.4	31.79	31.92	32.82	38.68	36	36.1	46.51	51.83	61.22	62.01	65.04	85.13	81.19	79.43	55	74.03	69.89	50.24	50.24	49.48	28.37	15	5.01	15.01	11.67	10.01	5.01	10.01	10.01	10	10	10.01	10.01	10	8.01	7.1	7.5	7	5.11	5.11	5.11	5.01	5.01	5.01	5.01	5.01	5.88	5.01	8	10.01	15	10.7	12.6	25.88	36.49	49.32	73.45	82.35	76.67	87.69	108.01	115	113.65	91.73	86.3	81.41	73.34	91.08	84.83	84.12	51.97	85.8	67.36	86.9	69.92	76.69	62.5	65.2	48.8
2026-03-22	60.1	54.92	43.32	22.32	53.47	36.81	30.55	21.51	41.84	23.98	27.52	12.93	33.45	30	31.35	21.2	34.85	30.35	30	31.02	26.94	29.16	29.44	29.4	32.92	34.39	35	37	37.05	20.83	23.62	10	10	10.79	-0.01	-2.1	-5	-5	-6	-3.25	-3.25	-2.1	-6	-6	-4.76	-9.59	-9	-8.53	-8.48	-10	-6.51	-11.37	-13.8	-10.4	-12.28	-11.52	-10	-2.43	-3.35	-6	-6.27	-4.32	-4.1	-4.07	-6	-5.96	-5.81	-5.86	-5.81	-2.01	-0.81	-0.01	0.85	2.59	17.78	35.88	36.06	61.84	56.67	78.3	72.65	78.25	78.25	75.35	71.14	66.46	63.93	49	42.05	53.81	37.46	33	36.11	28.32	21.5	10
2026-03-23	38.6	51.96	52.87	50	39.08	29.5	14	14	14	14	14	14	14	14	14	12.5	13.73	14	11.55	12.74	12	13.8	16	10	9.16	17.88	60.01	70.94	69.77	76.74	76.41	57.46	50	16.55	36.63	3.75	9.25	3.75	2	1	1.97	0.9	0.01	-0.01	0.21	0	0	0	-0.01	-0.01	-0.01	-0.01	-0.01	0	0	0	0.9	-0.01	-0.01	0	0	0.2	0.9	1.97	1.75	0.9	2	2.01	-0.01	1.56	5	25.3	10	18.83	50.4	72.5	74	100.1	120.66	134.14	146.6	154.28	140.05	131.01	133	126.67	111.22	86.73	112.5	89.41	91.34	78.27	71.73	61.95	66.07	63.2
2026-03-24	16	29.97	16.01	16.01	26.17	20	25.7	16.01	16	26.96	30	34	41.72	35.5	35.88	38.22	52.51	57.24	58.19	48.74	20.42	23.96	43.1	70.94	39.66	80.9	101.12	104.64	121.96	113.54	100.18	82.83	79.2	72.87	34.86	12	55.47	45.35	25.09	14.21	3.51	3	0.84	-0.07	0	0.84	0	0	-0.2	-1.33	-0.5	-0.07	0	0	0	0	0	0	0	0	0	-0.07	0	0.15	0.01	1.84	1.84	4.85	7.56	9.2	14	35	12	39.48	63.73	102.69	119.34	131.57	136.1	123.61	132.76	135.7	140.4	140.1	134.68	131.5	132.76	116.11	99.88	74.95	65.99	60.01	70.85	48.02	36.76	33.16
2026-03-25	40.7	39.2	35.02	29.52	36.02	26.58	13.68	4.4	45	44.8	44.15	39.82	39.82	39.82	37.42	37.42	35.02	34.99	28.41	25.11	0.5	3.3	3.3	8.12	4.4	10.9	11.45	28.3	39.82	39.81	26.67	3.3	18.07	19.81	21.2	5	2.1	-0.07	-0.86	-10	-0.07	-0.07	-0.37	-0.5	-0.5	-0.5	-0.81	-0.81	-3.32	-3.32	-3.32	-3.36	-2.8	-1.82	-1.36	-1.24	-2.84	-0.86	-0.86	-0.86	-3.36	-3.32	-3.32	-3.31	-8.08	-10.02	-7.8	-7.43	-0.86	0.01	1	0.8	0.93	13	13	22.09	22.59	18.52	35	38	39.53	39.84	40.32	39.82	39.83	37.42	37.01	34.98	34.58	27.09	20.9	20	25.6	24.64	16.52	12.2
2026-03-26	6.6	4.51	2.7	4.5	1.28	0.2	1.01	1.01	0.2	1.01	1.01	3.51	2	1.01	3.51	3.51	2.51	2	1.01	2	3.51	3.51	3.51	3.51	4.99	10	10.5	14	14	14	14	4.99	3.51	3.51	2	0.01	0	0	-0.81	-0.86	-0.86	-1.01	-6	-10.82	-10.82	-12.2	-12.2	-9	-8.8	-9.11	-9	-9.71	-14	-13.89	-15.74	-16	-12.2	-12.67	-6	-6	-6	-6	-6	-6	-10.82	-8.6	-4.6	-1.1	-0.81	-0.5	0	0	0	1.84	3.51	4.99	6.34	0.84	1.7	14.15	18	25.5	25.5	25.5	25	25.42	13.42	4.57	3.51	2.77	2.77	2.77	4.7	2.77	2.77	2.77
2026-03-27	5.53	5.41	5.41	5.41	5.41	5.41	3.08	3.08	3.08	3.08	3.08	3.08	3.08	3.08	3.08	3.08	3.08	3.08	3.08	3.08	5.41	5.41	5.41	5.41	3.08	5.41	8.4	20.36	25	25	24.8	5.59	12.08	5.41	2	0	0	0	-0.32	-0.81	-0.81	-1.1	-1.6	-2.02	-2.1	-2.1	-3	-3.5	-4	-5	-5.4	-5.98	-6	-6	-6	-6.2	-4	-4	-4	-4	-4	-4	-4	-3	-3	-2.1	-2.1	-1.1	-0.81	-0.31	-0.07	0	0	1.5	5.59	12.78	14	40	50.76	71.4	72	75.55	78.23	77	75.55	75.55	63.35	50.02	49.15	36.51	35.51	34	35	32.35	32.58	23.4
2026-03-28	5.01	5.01	5.28	5.01	4.87	6.34	8.22	2.51	7.72	5.51	5.28	3	5.39	4	4.1	2.51	5.22	5.17	5	5	5.01	5.28	5.01	5.01	8.5	8.56	8.72	9.54	5.91	5.15	5	-0.07	2	0.84	0.01	-0.07	-0.5	-0.81	-0.81	-1.1	-0.81	-1.1	-2	-2.01	-2.1	-2.1	-2.1	-3	-2.1	-3.84	-3.1	-4	-2.99	-3	-3	-3	-4	-3.84	-3.5	-4	-4	-4	-4	-4	-4	-4	-3.01	-3	-1.23	-0.82	-0.81	-0.07	0	0.01	3.08	5.41	3.28	4.78	6.5	6.8	5.41	7.06	7.75	9.06	8.84	9.06	8.58	8.58	8.82	8.82	7.56	5.59	5.41	5.41	5.41	5
2026-03-29	-2.1	-2.1	-2.7	-4.43	-0.81	-2	-5	-0.81	-0.81	-2	-5	-0.81	-1.13	-1.13	-1.87	-1.87	-0.81	-0.81	-0.81	-0.81	-0.81	-0.81	-0.81	-0.81	-0.81	-0.81	-0.81	-0.81	-2.1	-2.1	-2.51	-3.1	-1	-5	-10.01	-5	-0.81	-0.82	-1	-8	-12.51	-14	-14	-14	-6	-15	-16	-17	-20	-22.4	-23.3	-23.3	-22.4	-22.4	-22.4	-23.4	-22.4	-23.4	-23.31	-23.91	-25.3	-25.3	-26.3	-26.3	-26.3	-26.3	-26.3	-25.6	-25	-24	-20.82	-17.51	-14	-12.51	-12.51	-5	-0.71	0	0.84	3.08	5.41	6.1	6.82	12	11.25	14	14	6.5	12	10.35	9.81	7.06	7.06	6.58	6.1	5.5
2026-03-30	-8.8	-8.8	-4.72	-4	-3.84	-0.81	0	0	0.1	0.1	0.1	0.1	3.08	3.08	3.08	0.1	0	0.1	0.1	1	2.3	2.45	5.41	6.91	0.1	3.3	-1	-3.4	4	30.7	35.51	38.51	34	25.23	8.5	10.45	13.5	3.08	0.92	0.01	0.01	-0.07	-0.07	-0.5	-0.5	-0.81	-0.82	-0.82	-0.82	-0.82	-0.85	-0.84	-0.84	-0.82	-0.82	-0.83	-0.91	-0.83	-1	-1	-1	-1	-1	-1	-1.35	-1	-1	-0.9	-0.82	-0.91	-1	-0.81	-0.07	0	0.84	0.84	1	3.08	12.5	15.42	31.91	57.6	61.5	77.06	86.02	86.02	73.08	55.85	44.5	50.71	30.61	26.2	18.75	3.2	3.2	2.11
2026-03-31	14	14	13.58	12.5	12.5	12.5	13.1	10	12.5	10.37	10.37	10.37	10.37	10.37	10.01	10.01	5.59	5.59	5.59	5.59	5.41	5.41	5.59	10.37	10.01	13.34	13.82	14	14	14	21.88	8.31	0.01	5.41	0.84	0.01	5.41	3	0.84	-0.07	-0.02	-0.58	-0.91	-1.5	-1.99	-3.68	-5	-5	-6	-6.68	-7.6	-7.6	-10	-10	-11.32	-9.15	-7.5	-7.5	-9.15	-14	-11.32	-10.82	-12.14	-10.82	-14	-12.8	-13.1	-12.1	-12.09	-10	-6.7	-5	-0.81	-0.74	-0.07	0	-1.99	0	0.01	0.01	-0.81	1	29.51	37.02	54.94	57.2	60.01	37.5	30.01	25	11.78	1	4.49	2.82	5.1	3.42
2026-04-01	5	4.99725404661616	5.00568294062126	5.01561352460601	-0.81	-0.809690043103432	-0.817094768859641	-0.822393036621067	-0.81	-0.800260844965648	-0.807756267760764	-0.824345139410338	-0.81	-0.811269941347606	-0.816578277021086	-0.811340388561225	-0.02	-0.0366136804548278	-0.0349547688091257	-0.0307617592100977	-0.81	-0.808101523346904	-0.818089812024665	-0.819612271063868	0.01	-0.00473251151764372	0.026593232564263	-0.013310176731664	21.24	21.2463179132584	21.2254917235217	21.2500092159798	25	24.9931284380797	24.9998188948594	25.0037527125224	5.7	5.71253231375587	5.70977374789726	5.69350056350325	0	0.00507747823695241	-0.00519517788844729	-0.00131715265762761	-0.82	-0.810427220206205	-0.811593705289939	-0.823064091317396	-6.6	-6.59935794510706	-6.62521423226942	-6.60314510405636	-8.55	-8.54780960015807	-8.55631637903591	-8.55040652509172	-8.3	-8.29657173310785	-8.30753380917096	-8.28680759522766	-8.5	-8.5027945562679	-8.49904579220284	-8.47777958708819	-9.5	-9.51357446041481	-9.49345933111729	-9.50222082462314	-7.2	-7.18117488091274	-7.20176781616468	-7.19451430337718	-0.81	-0.801896449183032	-0.808270531434755	-0.813427961121801	0	0.00835878677397623	0.00104325907942952	0.00234968161898973	9.56	9.56071881277211	9.56505849415253	9.56955034095341	60.01	59.9913418900362	60.0055213998893	60.0061502907796	34	34.0090624660528	34.0014426777934	34.0092328407948	16.23	16.2269280448064	16.2224887398688	16.2205882590558
2026-04-02	29.5	29.493085258539	29.4843200375453	29.4866824874971	11.4	11.3949674794898	11.4010245617375	11.3926195268982	8.6	8.60376094309404	8.60326790372664	8.60116814923757	3.5	3.49666864146004	3.50336754747297	3.49047836962375	3.5	3.49934571624754	3.50289765267836	3.49416076502195	3.5	3.50053646310691	3.49625538925924	3.49756237501761	0.01	0.00678929697951179	0.0100226863779717	0.00116783237976477	8.6	8.59351321934824	8.61580805950404	8.59990527369275	6.3	6.29950882290567	6.30528363572057	6.29014834507923	9.02	9.00848609077694	9.01796354199056	9.01552692454574	0	-0.00738234082282083	0.00502334260486546	0.00317104664592365	-0.81	-0.816556727945123	-0.826994929874634	-0.794011901168025	-2.1	-2.10545048883163	-2.10460569515506	-2.12183832787337	-2.1	-2.09714646223363	-2.0958919181876	-2.0992741354301	-3.1	-3.0888737055644	-3.12820372004299	-3.09822032290204	-4.75	-4.76396711861649	-4.7393103261948	-4.73996571449418	-5	-4.99381359870302	-4.99997064732124	-5.00263981402137	-4.75	-4.74128477193736	-4.7581197351347	-4.75185573069616	-0.82	-0.795744566085534	-0.827582839979991	-0.807825772637955	0	0.00381117409285421	-0.0244776527077971	-0.0096612168913182	8.84	8.85123402861355	8.85378179314288	8.84994584248349	50.24	50.2436625031041	50.2416925636987	50.2592284646376	44.43	44.4241182482587	44.441518692726	44.4239841638364	19.5	19.5080890961831	19.4778865569159	19.5161759056867
2026-04-03	30.44	30.4430225415984	30.4345456898224	30.4500432629745	12.3	12.2955544122048	12.3052026217247	12.300492634321	11.82	11.8186826232579	11.8002155629374	11.8072751423149	13.93	13.9076747084608	13.947142708425	13.912687037718	14	14.0200892649963	13.9997736388279	14.0070792198328	14	13.991479112018	14.0029177592432	13.9954226572353	14	14.0000550005307	13.992244571562	13.9976713280725	34.21	34.1987261017917	34.2116237442208	34.2144152450941	16.82	16.8207441920755	16.8339944707672	16.8100635576015	5.41	5.41131821958138	5.41522863686445	5.41760371928445	-0.23	-0.218266563962006	-0.250196347180486	-0.246479959913102	-1.15	-1.13823571004642	-1.1594291148757	-1.15278863250678	-2.1	-2.1109878586651	-2.11282814294564	-2.12225049182868	-2.1	-2.10385919470458	-2.09474072244966	-2.09861767499257	-3	-2.97736339762225	-2.99860657379698	-3.00669552289746	-4	-3.9721065985273	-4.00524622655009	-4.00031595286988	-4.56	-4.56927647831567	-4.54575157407549	-4.55474577756944	-2.1	-2.10979994930649	-2.09057725208917	-2.09801843935533	-0.81	-0.838651347575621	-0.813233696764203	-0.813113009295945	0.84	0.838856722582501	0.841486767251718	0.827654805175229	12.79	12.797696337548	12.7884007484982	12.8146399039401	80.9	80.9061296442717	80.9061805452985	80.9039513299695	76.04	76.0291019735229	76.0321125249002	76.0379984608814	69.52	69.5267139330176	69.5208755356742	69.5272710128283
2026-04-04	0	0.00110323974001035	0.00973092105528352	0.00289919576601439	17.19	17.1922376065773	17.2119392639886	17.2051308124846	23.41	23.4042207586643	23.429287724689	23.4190548859441	16.47	16.479184415703	16.4609708356525	16.4624515333774	8.78	8.7676771174165	8.788767788419	8.78039980101029	15.91	15.9226793320407	15.897864159117	15.904972738129	30.26	30.2735844865444	30.2567189220038	30.2556894644364	32.73	32.7375681144005	32.7129836628099	32.7276133401471	46.18	46.1668833209467	46.1836480229413	46.1928552915818	49.8	49.7908681007345	49.7871744880227	49.8003281209793	0.84	0.842203293510987	0.84309837756523	0.841669016250651	0	-0.00794496491994815	-0.0082630930441127	-0.00361926372361582	-0.82	-0.826674987188404	-0.833501759878773	-0.84074475864695	-0.82	-0.824239949533215	-0.815396092373352	-0.790246851799636	-2.1	-2.12301926526902	-2.10343271683897	-2.09675179795741	-2.1	-2.07567252171121	-2.09590196587528	-2.11590074270729	-5.01	-5.00460077764893	-5.00765705423234	-5.01900105968662	-0.5	-0.490897436149153	-0.475893088114108	-0.490065347326423	0	0.00382870455700419	-0.00818651584436174	0.000676711187839568	4.79	4.77581796976901	4.77681258812894	4.80555624496966	28.09	28.0975640601278	28.0866842498287	28.0974731835445	81.02	81.0422574576614	81.0189887968685	81.00614583096	81.02	81.0158471497225	81.0187105106156	81.018894444376	65.07	65.0675335151012	65.0675895983917	65.0808693567167
2026-04-05	61.6	61.5985445041306	61.5909592602154	61.5966788023117	58.71	58.7019961464406	58.686561408004	58.7098349153998	30.4	30.4092245143899	30.4011367587385	30.3829671461674	27.83	27.8436622370112	27.8332306236147	27.8215090848208	25.14	25.1313008338073	25.156256697434	25.1485237280732	25.14	25.1364273618303	25.1383420670765	25.1428989419876	28.47	28.4436243005925	28.4657731978919	28.4772629930388	28.47	28.4671916680235	28.4811446616418	28.4819041562226	46.52	46.5204931094024	46.5300053827087	46.4999286358391	-0.07	-0.0771998437788525	-0.0806089858642836	-0.0697609967256533	-7.43	-7.43579208664117	-7.42799108264257	-7.41925264158552	-22.1	-22.1072224279277	-22.0956342706436	-22.1124200130674	-14	-13.9843949012075	-14.008857547187	-14.002335750868	-14	-13.9816636022099	-13.9968576434923	-14.0022252023407	-15	-14.9973024010175	-15.0057925996141	-14.9829344208065	-22.51	-22.5114577435673	-22.5214854216833	-22.5001290090774	-23.81	-23.8099980578477	-23.8160251156564	-23.7990640936939	-22.53	-22.5436936137692	-22.5253322647841	-22.5271534083393	-0.81	-0.78758877899274	-0.814098525859505	-0.824248601472453	0	-0.000783082979807733	0.00762579548858855	0.00279883478687586	60.9	60.896903189472	60.9024502516025	60.9001188363232	84.02	84.0148483185595	84.0192547366573	84.0115973229973	84.02	84.0239745573327	84.0257399998797	84.0154862392053	82.52	82.5278731362177	82.5450129632794	82.5244934461593
2026-04-06	55.38	55.3671746198617	55.3795924765968	55.3808884039916	60.2	60.1793426119067	60.2025273949757	60.211537901581	57.67	57.6514219133841	57.6738586689253	57.6849457755043	40.54	40.5617309552205	40.5498052087186	40.5301667305955	30.77	30.7635930396947	30.7883005381434	30.7732228820961	29.47	29.4555945850923	29.4590972857502	29.47027107015	39.04	39.0358380491002	39.0432566614094	39.041537237975	47.77	47.7645389310987	47.7633741826328	47.7829602090709	67.43	67.4262153236293	67.4180060169315	67.4255339916778	31.38	31.3881848949703	31.3594959147358	31.3899314994154	0	-0.00391887115082777	0.0165952890587311	-0.00471061723131603	-2.1	-2.10686022348361	-2.09095957635197	-2.08352599324121	-14.8	-14.8045426793563	-14.8013015202317	-14.8110451566466	-14.8	-14.7939230911075	-14.7841974411608	-14.8045551066101	-14.8	-14.8112400109488	-14.798954346955	-14.8030217854661	-14	-13.9968965560576	-14.0019928282843	-14.0047373170196	-13.95	-13.9537406477657	-13.9397086868377	-13.962915888732	-4.75	-4.73971100199863	-4.73646282556671	-4.74584006399762	0	-0.00400437200090133	0.0108904543350803	-0.00265336205646999	2.28	2.29329079825414	2.27158251714772	2.28315241078903	35	35.0055793005195	34.9983184761298	35.0000773052949	74.9	74.8992339235462	74.9091189271669	74.8933719596874	62.2	62.2007482295967	62.2007612176447	62.1915498831142	47.61	47.6134892335636	47.6259441342468	47.6017765149655
2026-04-07	38.5	38.4928288516614	38.4831241501003	38.5056195369578	27.73	27.7272959978394	27.7252310949469	27.737454796171	33.37	33.3455144286903	33.3782279265316	33.3766837080667	23.28	23.2795623074063	23.2769264649684	23.2730501984991	22.25	22.2356224783671	22.2554264879181	22.2587121265263	23.96	23.9527569972137	23.9524440726591	23.9763355226169	38.83	38.8173816548293	38.8085034148724	38.822985977856	73.6	73.5994796250553	73.6043485635486	73.5987531763112	82.52	82.517690992784	82.5357890531846	82.5098812561531	53.31	53.3120060267687	53.2985377921029	53.3220365964653	27.51	27.5184607710966	27.4929694685227	27.5058664701147	13.27	13.2661744938089	13.2666045490462	13.2524710372737	3.08	3.07989249952093	3.07000975354992	3.07480092848651	0.84	0.855231154475762	0.844783185935843	0.825411892814881	0.45	0.440256674345177	0.437609534688438	0.459112016967164	0.84	0.838105371912601	0.843340290803213	0.8494550825219	0.84	0.834280722527881	0.825551912473248	0.821263777026716	5.29	5.28386268312857	5.28171109561812	5.27907651323657	5.87	5.87085101340131	5.88730851902898	5.87729838003352	35.13	35.1361364265345	35.1405614510775	35.1367717841846	56.81	56.8223922866775	56.8395216330646	56.8049042016387	100	100.004141507586	100.011307829357	99.9947633371073	68.62	68.6060391174444	68.6244506128122	68.6189863750119	76.06	76.0389092326663	76.063707387277	76.0730708886549
2026-04-08	87.17	87.1593737924102	87.1598946418725	87.1627818794144	61	60.9935748742268	60.9992212277159	60.9941393762951	69.78	69.7743802447014	69.7839347153471	69.796161204695	56.9	56.902523205131	56.9098868709599	56.8889017554639	43.4	43.4105684047528	43.4167660567381	43.4023060022537	50.24	50.2450239638902	50.2496134367459	50.2491063857058	52.1	52.0953813655014	52.1060629502617	52.1038417458425	67.58	67.569093357025	67.5694725050265	67.5618013420266	105.48	105.478269794065	105.477549787164	105.499587590801	59.51	59.5044933229271	59.5191757492035	59.5015224753868	37.54	37.5450274900373	37.5490106524836	37.5155574315485	25	24.9958031870281	25.0019314948151	25.0052260502965	18.5	18.5038434108681	18.4903554408853	18.506440461698	9.89	9.88359771767982	9.87720552467784	9.88656744855225	3.39	3.39245452167421	3.37837637823252	3.37966871874558	0.61	0.605561596995038	0.600088959985488	0.603862787978932	2.09	2.08753885339603	2.09720450454507	2.1049916443362	10.41	10.401839597955	10.3996753016435	10.4110420495387	21.51	21.5225112633941	21.5172973816965	21.5322486675913	29.55	29.5412425912176	29.5638786041767	29.5522436048655	100.76	100.76049168212	100.755284311317	100.760306027069	148.81	148.801909788873	148.813778036377	148.813583972168	101.66	101.660541822193	101.683799831675	101.651448960997	97.53	97.521791241593	97.5354823498288	97.531706398852
2026-04-09	102.7	102.713192486581	102.696424873621	102.690940054867	98.89	98.8955147760834	98.8881508728553	98.8896671257013	86.5	86.5068092708591	86.4924841642253	86.5056727130483	84.51	84.5010490736321	84.5232322781304	84.5032356115488	78.5	78.4939163373665	78.4664803321763	78.4983834596324	69.7	69.6891539467326	69.7028576875069	69.7002886635863	83.19	83.2109425338097	83.1872395061611	83.2005538427921	108.25	108.249218464548	108.262158628584	108.23559934021	104.78	104.781905127981	104.790493023216	104.781839598491	89.04	89.0327455217399	89.0513821248318	89.0299587096643	71.35	71.3524257733323	71.3560624699936	71.3398420257424	2.09	2.09761443270782	2.1015436857608	2.11284057826162	0.84	0.850763450214618	0.840397819813112	0.85000469407914	0.01	-0.0111275331165737	0.0081291008000383	0.0284216975921269	0	0.0169072210977946	-0.000997229138142806	-0.00724122065476351	-0.07	-0.0772670911688894	-0.0748547131343986	-0.0545545203493278	0.01	-0.00184830050042985	0.00530523498683597	-0.00097344443312539	0	-0.0182794632988752	-6.4509887002738e-05	0.00649393370513565	5.41	5.41589804912446	5.40181440385537	5.42178986995577	53.51	53.5115112021242	53.5250300267189	53.5097195543624	90.71	90.6920918034826	90.7336517304872	90.7127918779672	99.03	99.0370977521831	99.0464363736079	99.0454159728805	86.97	86.9784934507136	86.9605370121654	86.9675346209552	84.68	84.6978289441438	84.6982672263835	84.6937628133064
2026-04-10	50.24	50.2440107318277	50.2401078210581	50.2379136075056	27.98	27.9769982281386	27.9759212889959	27.9485679514243	37.2	37.2118431516785	37.1855313267866	37.1970063418324	23.99	23.992798887514	23.9858369471324	23.9955370386988	19.77	19.7698227426249	19.7765346142973	19.7762024205417	27.94	27.9243860969759	27.9449258913668	27.9596920957291	37.88	37.8963552064845	37.8835239878658	37.8814117543196	43.08	43.0806605609632	43.0733151750362	43.0575067809205	102.49	102.469158771141	102.50307275634	102.51657576508	38.1	38.1083442248903	38.1031282448237	38.1095519220038	4.01	4.01334606357182	4.00695689223134	3.99959790964629	0.01	0.00834247736393375	0.0130291030388603	0.00430068701778376	0.84	0.833937174412531	0.85785987466961	0.83450273624677	0	0.0107543809917556	-0.0108736613623046	0.00336848140705795	0.84	0.846038489207869	0.856313791531026	0.827200807892852	0.84	0.854385156615065	0.818442787598693	0.836472135659152	0.84	0.849935686100116	0.858506980498812	0.822668315157871	2.2	2.20936677861696	2.21700176940676	2.20225878322864	11.05	11.0540601693939	11.0619499088905	11.0507186843472	41.01	41.0118519299626	41.0148464994188	41.0131368836284	87.49	87.4871147601232	87.4863922974612	87.505718647973	111.32	111.332778191833	111.315596971659	111.326414332426	92.58	92.5812194043461	92.5877664260208	92.5697841117241	89	89.012959615686	88.9976364480085	89.013383402589
2026-04-11	91	90.9993877388714	91.0112956673739	90.9958446710392	71.48	71.4855284905873	71.4904927780667	71.4624146851161	67.9	67.8928073408752	67.8885475377571	67.8963505199098	64.45	64.4612417290748	64.4377127308859	64.457598639111	59.57	59.5737939574005	59.5725691020615	59.5743401970949	56.2	56.2041410233848	56.2059021348918	56.194004912421	61.46	61.4579105159496	61.4527151838945	61.4577122982859	62.78	62.7957117277128	62.7796297358615	62.7801726602121	58.35	58.3420929965995	58.3690330356863	58.3484743236149	57.6	57.5890556851547	57.601801682175	57.5944620028357	38.85	38.8635422083034	38.8455054557658	38.8641924698609	13.58	13.5924876503801	13.5773906595253	13.5926130945752	2	2.00226067003203	1.97959658611125	1.98399998869093	0.84	0.829853037149733	0.838153821871443	0.828968632959153	0	-0.00240508163616796	-0.00557092518215809	-0.00686182539231825	-0.07	-0.0639153313860377	-0.0682175233041877	-0.0631558603942929	-0.81	-0.824797399183197	-0.818321933657715	-0.819989943508802	-0.07	-0.0592444591687054	-0.0873981481658345	-0.0763131415219807	3.08	3.0993509780387	3.06475909267397	3.08723925162906	25.71	25.6988012332751	25.7173970679913	25.6998828337861	34.37	34.3695002729886	34.3758590434017	34.3651219265614	54.26	54.2645816635784	54.2661412729095	54.270618916232	48.3	48.2993052212288	48.2832743162269	48.2955446027032	36.3	36.3010742917066	36.2996553818517	36.3056070772016
2026-04-12	37.61	37.6124673594807	37.6048034786831	37.6136657561907	23.04	23.0383030484714	23.0444657194374	23.0283061790929	40.54	40.5533582429266	40.5326274756988	40.5563756617838	14	13.9928511694292	14.0085247311665	13.9998507029406	10.88	10.8671133569964	10.8769966288074	10.8708606769764	15.01	14.9849533652576	15.0160781406336	14.9953996362956	28.7	28.7029186602748	28.7044260070352	28.6880604284763	15.01	15.0109532968665	14.997249902401	15.0155623020743	15	15.003373026436	14.9792884607578	14.9959524720745	15.01	15.0303802810342	15.0047005484145	15.0027215105196	5.41	5.38189793905207	5.41619291217615	5.42044331725353	0.84	0.848499717971061	0.851030288975218	0.828109072322211	0.01	0.0156559152039602	0.0195769828594564	0.00218968874429853	0.84	0.829944778826991	0.841045489622361	0.818116652297969	0.84	0.844195955754562	0.843375142311532	0.852905319985692	0	0.0078501328881495	0.0027393521686662	-0.00438513393221571	-0.01	-0.0204899015564393	-0.00760740853700747	-0.0155625582890297	-0.01	-0.00928550591407725	-0.0197080536980755	-0.00535876579671862	0	-0.013873944575237	-0.0122609730799104	-0.00274734307473061	3.08	3.07796677135556	3.09048842473591	3.07592822717461	18	17.9931882581891	17.9938753228325	17.9922790016282	74.78	74.7819861467901	74.775699651103	74.7903828128828	71.2	71.1979667552198	71.2143224588401	71.204213569407	35.52	35.5138002614286	35.5369288944762	35.5209451854049
2026-04-13	40.3	40.3039012623704	40.3047615213853	40.305892922073	31.02	30.9903936109335	31.0338981005974	31.016316938009	36.66	36.6666285516233	36.6418645313857	36.6511327483799	15.04	15.0245685168223	15.0315477453144	15.047776362234	15	14.9811591720431	14.993545616181	14.9969711783718	15	14.9844503617519	15.0095135223453	14.9945045622482	24	23.9996533498861	23.9837664340411	23.9927144517045	65.2	65.1983206594856	65.1937162255191	65.1933257911124	72.22	72.2002619218131	72.2183468356645	72.2115489109179	45.09	45.0791669484471	45.1014502596958	45.0842602561413	-4.42	-4.41324423071332	-4.40237036461757	-4.42800431421868	-2	-2.00448415411761	-1.99494648639933	-1.99677301131451	-0.07	-0.0713869911930758	-0.0740995122327267	-0.0601607840764601	-0.07	-0.0726480202946325	-0.0625439011332442	-0.0625725710394771	-0.1	-0.111542973390875	-0.0946571212151977	-0.0989603211569984	-0.1	-0.102398170954235	-0.110500601374555	-0.0963774327646314	-0.07	-0.0664673845977326	-0.0891539847484914	-0.0521938027395379	-0.07	-0.0734924509846052	-0.0652083525973997	-0.0572893994871925	3.08	3.08115487477525	3.07850824826687	3.08741061446551	14	13.9922198254939	13.988840162063	14.0308153276403	55.26	55.2770067322909	55.2675497701362	55.2632881217993	98.56	98.5395073550753	98.5500106000356	98.5657214129443	91.91	91.9100180823007	91.9160585069174	91.9059826098615	86.83	86.8313157962837	86.8092972329618	86.8199752990756
2026-04-14	70.27	70.2500521009103	70.2637693889014	70.2897766952399	68.5	68.5058484600866	68.5199026203447	68.4832139501847	67.75	67.7566703133631	67.7649854188212	67.7674810658259	67.9	67.8856797185703	67.8918219204526	67.9027106924671	67.9	67.8917360474663	67.8988922227847	67.890995340485	65	65.0062255942516	65.0240338207699	64.9921847261288	58.67	58.6817037067159	58.6658449305121	58.6809178163417	69.32	69.3244103717233	69.3301875443179	69.3203415792003	99.99	99.9778484009567	99.9901962403984	99.9961085036973	57.85	57.85421143898	57.8634115626559	57.8502886016044	-0.51	-0.519780367954612	-0.501644636062121	-0.511366186298587	-0.07	-0.0630623997979681	-0.0728358593478022	-0.063431211218147	-0.21	-0.216588620507795	-0.215390308136747	-0.199425284505641	-0.6	-0.579036260009187	-0.596452479508963	-0.598801357045927	-0.5	-0.49117248936929	-0.489834321640482	-0.505309047122204	-0.3	-0.280905106358906	-0.31096667938807	-0.283659436949886	-0.01	0.00297513741908182	-0.0124991923931406	-0.00854599837318464	0.01	0.0179873621845531	0.00714560700134043	0.028118062644312	3.08	3.06837290456	3.08660719260506	3.07626188516828	29.15	29.1456949102805	29.155910340608	29.1395352259077	85.6	85.6021556207721	85.6005911119929	85.5877801174265	108.54	108.543610636865	108.544997566659	108.534200811745	97.01	97.0130948969497	97.0321192484036	97.0023104662072	84.33	84.3242931773288	84.3368044397442	84.333637800021
2026-04-15	104.51	104.518460977473	104.514479202698	104.510507326117	93.6	93.6067822194241	93.6279540801365	93.5889091479247	92.24	92.2338379004695	92.2367294827249	92.2427819629527	80.35	80.3312545559105	80.3533134554883	80.3428941164328	80.08	80.084965879404	80.0646690820454	80.0792072607409	80.35	80.3515177847946	80.3621646774969	80.3538834253013	81.8	81.8272109923816	81.8094441773655	81.8041037241303	110.42	110.422795883745	110.417802287487	110.415049375013	118.5	118.496208831431	118.507384532048	118.506941903841	80.12	80.1230377349078	80.1022491344977	80.1181314354861	4.04	4.05971068291092	4.02586254192412	4.04531406885779	1.5	1.49886133373221	1.50014866244471	1.49578808748534	-0.01	0.0122545583277565	-0.0132663801692315	-0.0187923860162983	-0.01	-0.0221830387099219	-0.00842631317526798	-0.00897323636322554	0	-0.00740142247404644	-0.0139546043370006	-0.00682292855445847	0	-0.00491485552310842	-0.00168529279190073	0.00156824118811693	0	-0.00180712963808282	0.0193085384988834	0.0101332516555318	0	0.0255227884180059	0.0128184853901643	0.00300971210858538	43.4	43.3963113424903	43.3998048984203	43.4183045686097	40.98	40.9863136750832	40.9781020261778	40.9937405556663	105.55	105.552478176442	105.560967365248	105.528408683441	146.4	146.395991938987	146.402442207558	146.418054596891	123.89	123.906689766433	123.87412364706	123.866485366576	117.03	117.011517066358	117.022145746316	117.031679940059
2026-04-16	104.51	104.512308790276	104.51904616868	104.527975160557	93.6	93.5927726052247	93.5869439651652	93.6034415863706	92.24	92.2408584625596	92.2313405419669	92.2233864505666	80.35	80.3463820301055	80.3781651709683	80.3582810329341	80.08	80.0737202030278	80.0941392916337	80.0750886224081	80.35	80.3471351375383	80.3429885099094	80.3355545027468	81.8	81.8006813066472	81.7927799827838	81.8214566252697	110.42	110.391481316052	110.409342997376	110.428428547641	118.5	118.518522793974	118.510571260812	118.505448274858	80.12	80.1194521454135	80.1127572440672	80.1255516527935	4.04	4.03331744814964	4.03213021442463	4.01949384129849	1.5	1.48576738847982	1.50457847939644	1.49110813196848	-0.01	-0.007016198792126	-0.0149095502339111	0.000736734626891894	-0.01	-0.0175537740631985	0.00325914888934564	-0.000483822374497136	0	0.0173142536414638	-0.00968717849618507	0.00975351328557298	0	0.00201048493862215	-0.00391244694664311	-0.00808284475117271	0	0.00664272375374121	0.0067058600731415	-0.0174475327727971	0	0.0115643355604836	-0.0157176308214704	-0.00397626804060061	43.4	43.393127022518	43.3895627339298	43.4008095679574	40.98	40.9795966938513	40.969122671	40.9896341826494	105.55	105.555307339666	105.565221619972	105.535552289757	146.4	146.415524100601	146.396069647268	146.391671246014	123.89	123.906487828651	123.899233595923	123.899288911788	117.03	117.03747197677	117.035590273815	117.036363654255
2026-04-17	102.53	102.539249289779	102.521065803999	102.531827162929	101.42	101.418499125504	101.414600589104	101.4144558948	101.49	101.49023088639	101.486479374927	101.493195782045	102.86	102.872547556295	102.860021017641	102.857508907917	101.42	101.423289353087	101.411930859918	101.439129186208	100.92	100.921376269644	100.920218662032	100.921414610278	100	99.9963182439197	100.000090495912	99.9950034840296	104.37	104.369466280418	104.359058278999	104.370007970452	132.2	132.193279253246	132.196152218789	132.19059668648	101.77	101.786867773518	101.757525168902	101.777436867312	40.24	40.2469650092228	40.2373547090943	40.2486740797533	3.08	3.07697210841156	3.08181956852224	3.08935439790325	3.08	3.08753661635235	3.07339283724562	3.08877405863116	0.84	0.844508971094947	0.84153422126018	0.839914067103431	0	0.00153824567283255	0.0286953865668641	-0.00537577168010856	-1.25	-1.2451665309585	-1.24988309849689	-1.26198496354835	-5.5	-5.50554231235437	-5.51127815014097	-5.48627904458867	0.84	0.836223816083045	0.81805273250602	0.844433215753373	16.39	16.3917264317423	16.3973679579395	16.3967470481665	60	60.0157806053059	59.9919320107613	60.0110474117504	100.04	100.030143222206	100.064630349749	100.037848918497	123.63	123.634037476974	123.635620450041	123.636189475021	107.51	107.521340787362	107.513423684967	107.507887029322	103.48	103.470153842065	103.46551982705	103.469104757144
2026-04-18	103.36	103.357203357544	103.357796391761	103.367261424893	100.42	100.405906851274	100.416804581759	100.417839727813	91.18	91.1977618304797	91.1704379258341	91.1786642320867	91.84	91.8263400466124	91.858670152525	91.8390576318265	74.09	74.095331624888	74.087664085276	74.1065706316299	71.14	71.1476740553441	71.1471823917536	71.1233754564365	83.98	83.9834470720097	83.9955624391664	83.982092642851	83.15	83.1568044047099	83.1458548379612	83.1587659147063	89.26	89.2550788021415	89.2741861059025	89.2432713332867	51.73	51.7409894195521	51.7433056910571	51.7480477227724	1.2	1.21232688841558	1.20234732517607	1.19127012390961	-0.01	-0.0166736754933268	-0.0274000928634202	-0.0219288250438542	-0.07	-0.0792463076911608	-0.0603460387808576	-0.0700809699069096	-0.81	-0.813099700510815	-0.814721602796704	-0.811905954994872	-4.27	-4.28244888932547	-4.25720418708346	-4.26585718244396	-0.5	-0.50689704793943	-0.510535639126385	-0.501111642710426	-0.07	-0.0663946341278058	-0.0695351848202971	-0.0714704259219428	0	-0.00889406907326202	-0.013065363692094	-0.0129628334665262	5.41	5.41051231938446	5.40809378421902	5.42603853796382	17.66	17.663563464574	17.6568498589767	17.6732036773803	66.15	66.1440349638034	66.1662258344271	66.1623751212676	82.05	82.0644921547475	82.0501491815855	82.0460167158338	94.94	94.93380202793	94.9550621307486	94.956071880061	83.65	83.664171362875	83.6484785761806	83.654359104586
2026-04-19	44.91	44.9100364615259	44.9138132919102	44.9042379940017	48.85	48.8534369317149	48.8441084113321	48.8489741547919	40	40.011551097277	39.9883072184888	40.0042338080234	17.8	17.7907122247862	17.8026666069634	17.8126160726518	12.07	12.0732795412294	12.0624960452075	12.0689271939887	25.9	25.903553973443	25.8846726678308	25.8981158993215	28.55	28.5463574269854	28.5337156701312	28.538243180316	20	19.989789667203	20.0140109433399	19.9977590826322	15.01	15.0093283966769	14.9978629977622	14.9870092050042	20	19.9825712110918	19.9826568485893	20.0224307519383	0	0.000153964653698299	0.0139549479175027	-0.00778948253671251	0	-0.00334033370991058	0.00108339720972831	-0.004993311415917	0	0.0195209296070498	-0.0144244652215899	-0.00490306790465892	0	-0.00259134343061714	-0.00492825072680036	-0.00267270347341723	-2.1	-2.10967556772692	-2.10207030266493	-2.08796697220107	-2.21	-2.22079139044819	-2.22023230185853	-2.20509393205588	-5	-4.99657413574632	-4.98819261786699	-5.00099620005216	-0.5	-0.506450129837186	-0.499991543790181	-0.506230592082029	0	-0.00885348216516267	-0.00986836032486914	0.00986760663522901	17.89	17.8908228625425	17.9146973507451	17.8850804246938	50.24	50.2441321912084	50.2432079140185	50.2350825321289	86.8	86.7935238773318	86.7905215748017	86.8133917463742	92.52	92.5209435534708	92.5249855781553	92.5230696824295	90.99	91.0060373004968	90.9734913287598	90.978164120136
2026-04-20	90.44	90.4491945217817	90.4400796980782	90.4375280392019	90.01	90.0154514214685	90.0053799305133	90.007106023315	90.01	89.9963560748967	90.0006952343792	90.001582613535	80.06	80.0566598220565	80.0691467114471	80.0635257805966	75.34	75.3486649669099	75.3365641362778	75.3283978518537	90.01	90.0131880096347	90.0361494986539	90.0164535749579	78.24	78.2604409094938	78.2302924533408	78.2502049651631	70.43	70.425763386353	70.4269772246603	70.4278973627445	97.51	97.510914259939	97.4953275298663	97.5037204178251	38	38.0035472469609	38.0117184557606	37.993059908549	14.11	14.0943996302978	14.111233065727	14.1034287126777	0.84	0.856833284671062	0.858171508962585	0.827973329858077	0.01	0.00238118102832604	0.0150814556327706	0.0292347965232618	0	-0.00108791971571234	-0.0182038899701868	0.0125356974913013	-0.07	-0.0665526473125528	-0.0732841010097006	-0.0692036459399865	-0.07	-0.0602574036915295	-0.0753580328610884	-0.0634096513386187	-3.7	-3.7072640692293	-3.69118042379556	-3.71287083801359	-0.07	-0.0722671638284464	-0.0580304374279845	-0.0885787495605923	0	-0.00453730770141128	-0.00231237719379565	-0.00773597914573216	6.01	6.01180758846711	6.01139773702973	6.00331619496137	74.2	74.2075064870813	74.2010425478498	74.1954816455318	96.35	96.3634151083022	96.3491202702904	96.3499108719586	73.12	73.1288711704297	73.1231708745146	73.129271871337	91.97	91.9846361462162	91.9657159705248	91.9485153276506
2026-04-21	96.38	96.3700411093475	96.3858612353479	96.3890016018584	95.52	95.5245592190935	95.5061170686506	95.5142838474741	88	88.0027143046748	88.0065139175649	87.9906426415273	85.3	85.3048437506367	85.3023281673513	85.3087130932342	80.08	80.0901871007819	80.0869302738946	80.0712209260822	85.3	85.3061133178174	85.3125993662088	85.2980714440241	82.28	82.2760546764544	82.2661105111876	82.277482017286	94.62	94.6233859175242	94.6054182147915	94.6239996248706	91.64	91.6286196090027	91.638236208824	91.6478810867431	81	80.9947560364838	80.987059882814	80.9779426520989	16.6	16.5990336836449	16.5966280309502	16.6019737488636	14.04	14.029397728711	14.0333294812767	14.050307034703	3.08	3.07790531870768	3.07873256559918	3.08221177579312	0.84	0.829949992659118	0.838749970312658	0.838392440738162	0	-0.00844636693090778	-0.00288680290831604	-0.00743642906837961	-0.61	-0.624738638944285	-0.600351212300365	-0.616687788750939	0	0.00274828364062515	-0.0102603273429688	-0.0023426237121137	0.84	0.838094063020531	0.830104343004495	0.831226353815097	1.5	1.50962915732049	1.51592487692146	1.51618334816712	14.04	14.0458551282509	14.0401004973622	14.0599555453268	66.48	66.4724520849813	66.483263164477	66.4877004578932	86.14	86.1389858691576	86.140065806901	86.1365142589483	80	80.003896924029	80.0012865524979	79.9969759477539	77.92	77.9297702153583	77.9057696593758	77.9024890645466
2026-04-22	96.38	96.3902164544192	96.3872149651474	96.369406096934	95.52	95.521877283243	95.5287969349114	95.5175928604008	88	88.0009693819765	87.99300825589	87.9794113863468	85.3	85.2959628293277	85.285058384083	85.2952409072552	80.08	80.0768000096165	80.0940131986257	80.0889176002035	85.3	85.2934595873171	85.3001880959878	85.3040856060323	82.28	82.2592037836192	82.2744802120328	82.2750257841384	94.62	94.6162135218459	94.6307685175285	94.6328896360376	91.64	91.6398404246372	91.6197821126276	91.6427862163682	81	81.006836954588	80.9889748039661	81.0013573301772	16.6	16.6050510743149	16.6099315657818	16.604921722562	14.04	14.0305137909419	14.0460827571483	14.0428365612855	3.08	3.06588468735752	3.08446761136361	3.08357097434523	0.84	0.842829054497008	0.837993076077395	0.826479992803631	0	-0.0158140049654573	-0.0167798504761478	0.000521299651994728	-0.61	-0.617598575482733	-0.616636325912987	-0.592127295254146	0	-0.00761426114367653	0.00425161922378193	0.000286938859152071	0.84	0.83453157660835	0.833819300669755	0.844987285009422	1.5	1.49716386009654	1.51528316524094	1.50210062548557	14.04	14.0378020108162	14.0340235166889	14.0615340559635	66.48	66.4870418708738	66.4787776783078	66.476543821008	86.14	86.1430303011188	86.1341602740595	86.1466348103302	80	80.000496750445	79.9902571781528	79.992058362615	77.92	77.9190894591227	77.9385047093343	77.9247942303875
2026-04-23	95.87	95.8792702309945	95.8860823823477	95.8765757651039	71.64	71.651352824199	71.6122260327766	71.642207099203	64.89	64.886574716164	64.8866591477862	64.8802422199906	64.26	64.2868630349434	64.2560244164318	64.2670080560848	62.86	62.8753694896761	62.8606133250137	62.8420460008498	59.9	59.9167772089846	59.9173320873593	59.9054166732313	56.86	56.8708835761003	56.858979973059	56.8579905253681	62.08	62.0867117627796	62.0996212647182	62.0844022100639	97.66	97.6838410969823	97.6347966038384	97.6666808743132	73.9	73.8989400718832	73.8959632611628	73.9000833935434	15.04	15.0265696798523	15.0308248581549	15.0293281605919	1.5	1.50002642356297	1.50143662239875	1.48797545100093	0	0.00153870914305543	-0.00274352261010545	-0.0209450747435744	-0.3	-0.309707325222977	-0.316358943564524	-0.302409016657004	-0.21	-0.205685146769929	-0.212105032622327	-0.206252220209738	-0.31	-0.314827644883846	-0.307782646802997	-0.317621557536182	-0.75	-0.747329151608568	-0.732850003515552	-0.741750709239886	0.01	0.0133177826970072	0.0101280125526361	0.0387813401804624	7.24	7.22422753707247	7.23943204631671	7.24199731154674	37.52	37.5047088589311	37.5282040881785	37.5285347079079	69.48	69.4881708786567	69.4714776419697	69.4599183289698	94.99	94.9855569855655	94.9951743178169	94.9948736489584	81.88	81.8805069566049	81.8663599013849	81.8869905950244	80.62	80.6243703245189	80.611641932061	80.6204556980317
2026-04-24	100.71	100.694765552471	100.723504672837	100.679460876153	100.41	100.411651055517	100.424021079704	100.412554793095	95	94.9992617643181	94.9974394802115	95.0042305798417	94.26	94.2697473373218	94.2455850193535	94.282535972755	95	94.9995199559533	95.0019321076129	95.000385182063	100.26	100.262634453016	100.2493942936	100.243744547917	100.87	100.855527861723	100.859286202487	100.881608903311	105.8	105.814312225086	105.787384681089	105.795014386845	107.17	107.164648337648	107.168662692376	107.160136818591	103	102.998883734759	102.992302640175	102.999521327971	80.7	80.7034840867314	80.7020825010531	80.6997827803916	70.01	70.0167335706011	70.0247132789408	70.014166248994	50.24	50.2566325908738	50.2383171430749	50.231755905898	50.11	50.0906791839485	50.1074633641495	50.1253767055578	32.93	32.9277119825876	32.9312363158736	32.9254659226404	30.46	30.4593943716447	30.4844681317971	30.4561275589909	34.05	34.046965857904	34.040206252578	34.0579294472871	47.11	47.1276864451052	47.0916412048404	47.120272400262	27.87	27.8661369653511	27.8510070251754	27.8614251400879	50.01	50.0204783523889	49.9965454863418	49.9830514354403	88.18	88.1766594510734	88.1787692497884	88.1953241799958	109.51	109.506209532709	109.514665421443	109.516215942461	106.57	106.584259812601	106.56771435079	106.556909965864	101.27	101.273549055544	101.270686282811	101.260194324883
2026-04-25	106.86	106.869331029472	106.853122512574	106.856595682209	105.63	105.626360841719	105.630118328749	105.625737039406	103.02	103.025177257484	103.013511843194	103.03583143004	102.6	102.592946623036	102.583643113044	102.608908160293	100	99.9939954737472	100.010276394061	100.018800811159	99.91	99.8992154260536	99.9084007030347	99.9100244847623	101.71	101.70090853631	101.714218755087	101.698707393867	103.59	103.589777237798	103.595061822679	103.589018489715	82.87	82.8501665809803	82.8623677596972	82.871363113371	58.28	58.2657927256445	58.2866519275929	58.2772048211802	-0.07	-0.0637969086107964	-0.073394281386389	-0.0642972919976671	-14	-14.0130917625377	-14.009409183086	-14.0016049484794	-9	-9.01061140112827	-9.01436578140325	-8.99226799724453	-10.82	-10.8220024974814	-10.7973316224906	-10.8070724186812	-3.94	-3.94575637857238	-3.9490211454258	-3.92699343908924	-3.99	-3.99100925618324	-3.99229522435355	-4.00023006686753	-0.41	-0.411886665433606	-0.422418910554579	-0.403727978625752	-2	-2.01056137696632	-1.9773312766743	-2.00693439962162	2	2.0094163861003	2.00556784748638	2.00565131134724	39	39.0072183040159	38.9804454039118	38.9869519837105	70.2	70.205368045559	70.2134021234952	70.2045027440115	107.35	107.346527386543	107.353811807394	107.337157061381	105.24	105.244653715465	105.231169745991	105.214349160889	103.61	103.58955502105	103.597459078524	103.600391351199
2026-04-26	82.01	82.0095673993963	81.9940680446437	82.0255688073952	65.69	65.6885233168966	65.6904569706687	65.6971591805243	57.81	57.8071170346069	57.8046484114721	57.8038337018348	70	70.0094528930131	69.9942389136344	70.0038371914451	70.65	70.6530494320094	70.6461355228065	70.6495966712274	70.97	70.9593697793852	70.9766760177011	70.9762399244864	44.38	44.3598607362283	44.3881860506409	44.3801180507285	40	40.0089482125843	39.9773269461359	40.0048118079199	55.19	55.1852612993829	55.1872378546172	55.1769047709081	25	25.0025394443489	25.0229841707273	25.017882819304	0	0.00633618954676791	-0.00420616977194324	0.000167244502399093	-6	-6.00397434879429	-6.01267047745612	-6.00721632570647	-12.99	-12.9830710434853	-12.9873719756896	-12.9927344396927	-9.5	-9.48007557009985	-9.48684746782603	-9.496428178666	-5.96	-5.93718966340404	-5.98117018207836	-5.96136867316188	-7.5	-7.50282167172121	-7.49036683360936	-7.49605679537893	-8.88	-8.88622741306094	-8.89080832030956	-8.88150869110568	-6	-5.98335320708782	-6.00127901136142	-5.99199942603395	4.01	4.00188908781806	4.0074832488485	4.01002805251689	21.94	21.9632743459184	21.939513875701	21.9380707794378	34.6	34.5955771930245	34.5973087457498	34.5955150675406	105.42	105.414289432101	105.421652551537	105.407880015123	109.06	109.068502493788	109.063869635355	109.057199287652	95.18	95.1890838606795	95.1652536386488	95.1934268772651
2026-04-27	89.33	89.3441306393843	89.3308246443243	89.3359987423732	50	49.9909971127681	50.002368603853	49.9871152943725	32.54	32.5431518842466	32.5435941522878	32.5458707100387	30.6	30.6010796392751	30.5983022655703	30.6025945039773	30.33	30.3264239149828	30.3297953993344	30.3404175025086	35	35.0000232291313	34.9923644610227	35.0050856276273	73.94	73.936507874254	73.9502279828772	73.945446108744	91.3	91.3069763114451	91.3069681775826	91.2875538526557	101.84	101.831776183828	101.812846777634	101.839245147277	71.52	71.526562187615	71.5137870315809	71.5175302708719	-0.07	-0.089101893556359	-0.0671532101125658	-0.0795986274921317	0	-0.00690270845721671	0.00730873531166982	0.00407508042063814	-0.07	-0.0682780460660643	-0.0481640463150771	-0.0612377538178442	-0.3	-0.304992380510174	-0.310813424313533	-0.293459210143627	-0.11	-0.106315802987334	-0.129682442636863	-0.120242077204363	-0.41	-0.397853992952476	-0.40819137815302	-0.417185073757873	-0.07	-0.0678146404371587	-0.0911832033058305	-0.0631775652601247	-0.07	-0.0633564669940185	-0.0672770578146037	-0.0731741588189175	-0.07	-0.0728528642926199	-0.0690736771549245	-0.0695639601387845	38.92	38.8969759951747	38.9196190087345	38.9148978673729	85.34	85.3402991267808	85.3331979042416	85.3455705699912	97.33	97.3347476444123	97.3275427918846	97.3242554329196	89.04	89.038918399195	89.0363341629947	89.0271493466769	83.44	83.4464854736142	83.4461587859962	83.437265131887
2026-04-28	78.41	78.4076950026193	78.4202774428139	78.4029545129537	92.2	92.1911693838707	92.1966074776856	92.2039247127657	88.86	88.8544992682551	88.8672203297499	88.8657469709459	71.99	71.9930406096688	71.9843222471262	71.9873162739161	57.1	57.1025114116232	57.0887272850846	57.1087236807741	71.38	71.3945979194402	71.372409438425	71.3992863225704	60.47	60.4657684988317	60.4590723425815	60.4599354504259	73.82	73.814804330155	73.8027374937946	73.8218665101194	87.56	87.5499642782387	87.566761735806	87.5497344502044	98.02	98.0179871570411	98.0278946990349	98.0269094136728	46.86	46.8703915789604	46.8624905345612	46.8443122469388	3.91	3.9093702410489	3.9118289677093	3.91418330359162	0	-0.0183217357875253	-0.00911971558307441	0.0120222701891754	0.84	0.844699456657048	0.845059091419846	0.840799119212552	0.84	0.843403342333579	0.838992135085084	0.853881457066329	0.01	-0.00204140156795266	0.00862105285349524	0.0111698569216169	-0.07	-0.0751548293825194	-0.0651384921198099	-0.077634768624656	8.58	8.59826465027137	8.59122570560923	8.57627322148478	15.55	15.5597391327273	15.5496678706698	15.550046993762	61.5	61.5025017471757	61.5060971795394	61.505309657489	85.48	85.4776821743307	85.4883381097413	85.4855952230973	105.24	105.239183951744	105.253646052749	105.229609388365	100.1	100.098474382721	100.112299942915	100.083896819789	92.9	92.8957142341539	92.9232042478948	92.8933060477574
2026-04-29	109.8	109.816736006959	109.803921292757	109.819918485384	105.91	105.907051905616	105.91472717961	105.897903472947	101.3	101.328661684492	101.2952977666	101.306616358433	102.74	102.758639940365	102.731365900159	102.742667890428	102	102.013213612318	101.990250951978	102.007109363404	98.8	98.8110629983824	98.78993858948	98.8090068012036	100.97	100.978460009072	100.965225262323	100.958523571271	107.72	107.720971756621	107.738898171065	107.728230733998	109	109.019757868864	108.982295717463	108.979891854781	87.83	87.8231065434059	87.836767293251	87.8107456883998	60.55	60.5681093876071	60.5592972384254	60.5442804593537	46.66	46.6521465020647	46.6464808087648	46.6481094496184	40.55	40.5421216789325	40.5411220426716	40.5473005786541	40.02	40.0203897677212	40.0128830435128	40.0201556400742	32.34	32.3401889432136	32.3327422656315	32.3490902024986	17.2	17.1904593446084	17.2009419383642	17.2032668923012	12.79	12.7821373115498	12.8153886195743	12.7877421394598	25	25.0219278634876	24.9944837371557	25.0170164266917	26.84	26.8537983807471	26.8483339589228	26.8385369142443	70.24	70.2397695659459	70.2490758580789	70.2320580688253	86.5	86.5073293454113	86.5153133048934	86.4964721542122	106.82	106.838811308256	106.828828050925	106.827168976698	103.3	103.296035913195	103.287145640326	103.293042128623	99.78	99.7842385087039	99.7819862597623	99.7675504442371
2026-04-30	108.06	108.053844598923	108.074334094299	108.074661639621	107.74	107.746776270903	107.740479443949	107.732125160112	106.06	106.059234931652	106.076476845175	106.046795366721	103.7	103.709105486428	103.683112334616	103.707612713893	103.5	103.493301442274	103.498340393037	103.50224087376	101.9	101.903748317137	101.908914713644	101.909240802141	97.82	97.8278012757872	97.8217504342357	97.8162856314448	120	119.994903226002	120.00391926298	119.996463568372	126.66	126.639371330312	126.678170980458	126.659740536736	107.71	107.699496914701	107.704243356334	107.718590470792	58.71	58.7042512607783	58.7313936393272	58.7088775479884	1.45	1.44345992620799	1.42392085805834	1.46873986112153	0.01	0.00110459044446638	-0.0101774254659611	0.0360673896324587	-0.07	-0.0904118284761802	-0.0685563057787367	-0.0748118068260498	-1.25	-1.25092391298007	-1.24664048818933	-1.25124870008827	-0.99	-0.992168159106607	-0.997731533559648	-0.991654893041455	0	-0.00170953191986508	-0.00287048052802764	-0.00212772782787908	1	0.984056206026782	1.00313994133681	1.00054454282402	19.87	19.8771773576884	19.8653655313743	19.8565851633645	49.28	49.2854568744126	49.2936834028222	49.2836854692656	106.28	106.263898527789	106.281925425185	106.277107004957	127.66	127.675259847951	127.662560781552	127.670507246206	111.9	111.898568263499	111.904846871421	111.917555672032	107.94	107.954066355024	107.941500527895	107.939463839637
2026-05-01	84.54	67.96	74.8	61.5	79.54	65.55	69.84	66.72	60	60	60	60	70.06	69.87	62.72	60	60	60	60	60	60	60	60	60	60	65.55	60	60	60	60	60	60	67	60	40.55	30.55	30.71	5.41	0.62	1	0	0.84	0	0	-0.07	-0.01	-0.71	-0.71	-0.81	-0.99	-1	-1.01	-1.01	-1.01	-1.01	-1.5	-1.11	-1.5	-2.1	-2.1	-2.1	-2.1	-2.1	-2.1	-2	-1.95	-1.11	-0.8	-0.5	0.2	1.5	5.55	5.41	8.88	21.09	38.21	39.54	53.67	70.6	99.03	94.5	105.2	109.7	111.7	111.86	111.24	110.23	109.77	108.4	108.36	108.73	108.36	106.78	102.63	98.16	95.22
2026-05-02	90.34	92.2	75.89	62.99	78.51	85.69	92.03	87.4	77.26	65.04	65.88	67.22	77	84.17	92.01	88.69	67.62	73.65	74.17	66.12	84.17	88.81	88.67	92.01	92.73	95.8	95.8	93.97	83.91	78.55	80.98	73.29	60.49	59.04	34.68	30.63	60	60.5	45.23	36.65	49.5	65.1	53.21	38.58	20.5	13.97	5.41	3.08	3.08	3.08	0.84	0.84	0.84	0.84	0.84	0.84	0.84	0.84	0.84	0	0	0	0	0	0	0.01	0	0.5	0.84	1.5	5.41	11.05	5.41	12.81	22.76	37.62	42.69	63.25	64.44	62.97	50.24	88.02	96.07	98.91	99.76	101.2	103.39	98.42	98.58	96.12	98.58	90.8	88.83	88.23	88.08	83.36
2026-05-03	100.1	76	76	76	76	76	72.4	69	55.11	50.24	55.11	50.24	50.22	56.57	60	60	72.48	83.47	76.45	69.28	52.1	62.82	66.5	66.5	65.38	80.91	82.62	77.06	78.95	59.64	75.2	50	30.01	35.01	30.01	27.6	54.9	50.52	35.98	8.05	12.07	4.76	2.09	1.2	0.75	0.6	0.84	0.84	0.84	0	-0.82	-1.11	-0.01	0	-0.07	-0.07	0	0	0	0	0	0	-0.07	0	0	0	-3.51	-0.07	-1.5	-1.82	-0.07	-0.07	2.07	10.39	19.6	40.01	42.17	51.67	80.35	84.05	81.98	88.2	99.5	109.78	105.55	108.85	109.78	105.73	108.73	109.19	110.98	108.99	113.31	110.69	107.75	101.71
2026-05-04	104.9	104.15	95.92	91.2	94.93	89.79	90	86.45	90	84.88	80.1	78.46	81.44	78.54	77.56	76.66	78.21	79.04	79.28	80.57	84.88	86.46	85.78	89.74	97.38	100.79	100.8	99.77	111.65	111.8	114.19	114.19	109.9	108.71	100	91.33	104.44	97.72	97.65	81.7	100.84	87.18	71.7	71.7	44.06	49.52	42.09	45	26.41	25.8	24.4	20.64	23.14	23.51	25.91	26.61	16.6	14.2	15.41	10.8	10.5	8.78	5.5	5.41	5.41	5.41	5.41	5.41	14.2	13.94	13	22.6	27.98	28.84	45.11	50	9.9	50.24	29.53	70	84.06	107.88	110.18	121.5	120.11	123.7	124.37	115.86	134.67	114.94	130	126.84	120.01	113.81	113.6	106.51
2026-05-05	118.87	116.66	112.01	109.18	111.91	109.24	109	107.5	112.46	113.3	112.92	111.37	111.37	111	111.91	110.71	109.52	109.18	109.76	109.24	106.28	106.2	106.52	105.78	104.16	102.12	101.64	106.4	111.35	112.6	113.85	113	102.84	100.56	105.7	100.97	106.4	97.79	60.84	38	40.01	37.35	26.7	24.41	13.79	11.4	14.5	11.84	10.83	10.19	10.48	9.77	6.59	6.54	6.54	6.52	5.41	5.41	3.4	5.41	5.41	4.02	5.09	5.01	3.08	3.08	3.08	3.08	7.5	7.45	8.58	13.07	19.55	30.84	35.17	44.17	35.01	61.91	66.69	72	102.78	104.93	110.53	117.01	115	117.01	117.69	113	119.55	114.94	115.01	115.84	114.96	112.01	113	107
2026-05-06	124.35	120.85	119.35	116.15	119.35	115.1	114.85	114.74	115.19	115.01	114.14	113.94	114.14	113.94	114.35	113.52	112.87	113.21	113.48	113.21	113.48	113.2	114.36	112.36	112.01	109.18	106.13	113.48	116.81	122.01	125	119.91	95.99	99.78	103.5	60	91.5	62.57	23	12.55	19	15.26	0.5	-0.07	0	-0.07	-0.07	-0.07	-0.07	-0.07	-0.07	-0.07	2.72	3.08	2.98	2.72	2.2	3	3	0.84	6.36	5.41	5.41	5.84	7.98	8.27	11.01	14.39	15	19.99	23.5	29.25	14.51	15.08	26.52	32.47	15.26	57.3	68.15	69.51	95.36	138.85	148.92	163.15	164.05	157.77	148.47	136.8	147.31	140	139.22	129.7	135.4	124.3	121.92	113.48
2026-05-07	110.92	112.45	108.09	98.99	104.98	107.49	106.07	102.97	108.46	108.65	108.48	107.49	107.18	104.68	103.5	103.4	100.64	100.64	101.48	101.83	108.3	106.31	105.54	100.5	106.85	106.86	102.64	104.49	127.8	131.47	132.58	120.99	108.12	90.61	98.21	93.67	85.36	75.25	22.78	5	22.78	53.14	49.05	34.54	15.42	15.42	22.78	22.78	25	24.11	22.78	22.1	21.23	21.23	18.51	14.5	11.44	18.9	20	20	22.78	22.78	22.78	27.1	22.5	23.95	22.78	22.78	35.3	48.88	50.09	53.96	50.24	57.41	62.02	76.83	60.77	60.77	98.85	98.3	104.21	116.42	117.05	129.45	133.33	137.2	146.1	127.21	142	126.7	139.16	123.02	125.28	118.4	122.03	112.1
2026-05-08	101.78	101.99	88	84.83	93.78	88	93.11	85.7	79.4	82.55	86.76	79.56	75.22	75.02	76.05	72.55	74.83	74.83	74.83	71.04	71.02	90.2	88	79.16	95.17	94.5	94.34	90.67	98.53	100.86	93.78	80.71	98.34	92.65	93.3	53	87.36	82.45	65.24	34.92	34.99	33.97	11	0.84	-2.58	-10.82	-10.82	-10.82	-5	-5	-1.69	-4.13	-5	-7.31	-10.82	-12.38	-10.82	-11.88	-12	-12.16	-10.82	-10.82	-10.82	-10.82	-0.81	-8.89	-7.12	-3.18	-4.98	-4.98	-2.17	4.04	16	30.1	58.16	51.61	45	79.76	89.06	98.93	81.16	94.43	100.5	103.55	106.56	106.97	106	100.61	101	97.63	102.88	98.43	101.02	94.74	93.78	86
2026-05-09	106.73	106.8	102.08	69.28	105	101.02	100.42	77.52	93.42	69.68	69.2	69.2	40.97	15.98	35.44	28.01	27.96	29.02	29.01	27.69	34.03	24.83	26.45	35.01	69.2	69.68	69.44	69.44	70.16	69.68	69.44	55.3	51.42	56	46.23	31.01	31.01	26.01	37.59	19	36.44	30	15.5	6.57	3.4	2.23	-0.07	0.84	3.08	1	0.84	0.84	0.84	0.84	0.84	0.84	0.84	0.84	0	0	-0.07	-0.81	-0.08	0.84	0.05	0.01	0.84	0.02	0.84	0.84	3.08	5.41	3.08	4.7	2.37	15.1	17.61	20.7	65.7	71.46	69.2	70.4	82.05	101.42	114.24	110.97	109.73	107.4	103.98	101.8	100.1	90	101.54	98.8	86.67	73.75
2026-05-10	62.3	50.24	26.14	13.25	26.14	18.57	18.35	12.14	12.14	12.14	12.14	12.14	12.14	12.14	12.14	12.14	12.14	15.17	12.14	12.14	12.14	12.14	12.14	15.17	12.14	15.17	15.17	15.17	19.17	15.17	12.14	8	12.14	9.53	10.52	5.41	31.14	20.9	6.14	3.08	3.08	0.84	0.84	0	0.84	0.84	0.19	0.84	0.84	0.84	0.84	0.84	0.84	0.61	0	0	0.19	0	0	0	0	0	-0.02	-0.07	-0.81	-0.81	-0.81	-0.07	0	0.48	0.7	0.84	0.84	0.84	0.84	3.08	5.41	18.76	47.12	40.01	27.69	50.51	68.02	91.69	100	106.8	109.89	109.89	108.79	106.8	108.3	103.82	97.71	75	79.7	70.11
2026-05-11	71	58.14	56.78	51.3	60.36	60.32	59.78	59.54	56.24	48.7	41.7	48.05	40.68	41.23	35.22	35.26	14.39	22.87	25.82	38.92	48.03	49.2	50.3	52.05	51.3	58.14	53.94	61.07	88.69	96.68	96.4	84.78	87.99	71.71	62.24	57.2	58.14	50.05	42.1	34.49	36.87	14.25	10.11	5.53	5.7	0	0	-0.07	0	-0.07	-0.07	-0.07	-1.3	-2.1	-1.25	-2.1	-1	-2.17	-3.9	-5.91	-1.66	-1.66	-5	-5.51	-4.89	-3.94	-2.49	-5	-2.8	-5.51	-2.92	-0.52	2.2	16.76	25.49	46.8	40.77	44.5	67.73	88.8	87.4	99.8	111.17	126.07	123.73	150	151	145.47	128.11	120.84	120.9	113.02	117.01	110.05	107.73	100.92
2026-05-12	99.85	96.24	92.25	96.53	105.23	102.98	99.05	86.8	81.45	82.25	81.76	79.85	81.7	80.54	82.18	81.27	81.49	81.09	83.72	84.39	83.18	86.45	91.76	91.18	96	96.16	88.76	103.08	114.9	113.8	112.46	105.8	117.84	104.08	96.26	81.59	102.83	90.46	70	50.9	66.11	30.77	15.1	3.63	24.45	5.39	-0.81	-0.07	25	10.83	4.24	-0.07	-1.54	-2.66	-3.5	-5.5	-5	-4.13	-4.86	-6.36	-4.59	-5.19	-4.66	-4.92	-7	-5	-8.5	-7.34	-7.16	-1.56	-1.06	-0.07	-0.07	-0.07	15.13	25.5	25.12	28.19	79.56	91.2	90	104.07	108.5	115.4	121.02	120.26	116.04	110.91	113.4	112.1	113.05	110.41	110.93	105.54	106.88	100
2026-05-13	77.04	78.05	83.09	82.01	86.33	83.38	81.09	82.61	82.37	82.2	80.44	79.68	77.85	78.35	79.5	81.1	82.37	82.37	82.37	82.61	82.61	82.37	85.85	84.5	79	85.01	86.09	89.51	95.24	102	91.58	89.9	101.54	89.9	89.9	75	78.1	61.07	13.16	1	3.08	5.41	5.41	3.08	0.86	0.84	0	0.01	0	0	-0.07	-0.07	-0.6	-1.56	-1.56	-2.01	-0.07	-0.07	-0.07	-0.07	0	0	0	0	0.01	0.01	0.49	0	0.84	0.84	2.52	5.41	-0.07	-0.07	2	14.21	23.57	27.76	36.78	70	67.2	84.5	95.24	106.51	112.18	114.1	115.19	113.22	108.57	105.91	103.65	97.73	97.92	89.1	89.9	89.9
2026-05-14	73.01	60.42	52.56	49	65.01	60.42	58.68	50.42	60.42	50.42	48.56	45.92	46.72	45	44.87	44.87	32	35.83	40	40.56	40.56	40.56	40.56	50.42	53.2	60.42	73.01	83.01	101.51	87	97.99	91.47	108.38	103.98	81.78	50	40.48	24.11	15.01	1.2	14.1	7.01	5.41	3.08	5.41	5.41	5	5.41	8.24	5.7	5.41	5.41	3.08	3.82	2.09	1.25	1.55	1	0.84	0.84	-3.99	-4.5	-5.5	-5.5	0	0	0	-6.16	0	-1.16	-0.07	0.84	3.08	3.08	3.08	5.41	6	20.95	22.01	50.24	59.35	88.6	89.69	98	99.61	103.04	105.88	99.47	104.2	99.1	105.5	98	98	94.47	92.62	88.1
2026-05-15	65.43	59.04	45.2	36.46	44.93	37.08	24	10.05	40.86	42.94	30	37.27	35.22	29.52	24.82	18.32	24.03	13.93	20	12.04	24.5	24.5	30.33	25.4	38.63	36.34	39.71	35	45.1	45.2	44.67	7.01	44.67	12.4	4.14	-1.16	19.27	18.05	5.41	0.95	3.08	3.08	1	1.05	0.84	0.84	0.84	0.84	0.84	0.84	0.84	0.84	0.84	0.84	0.02	0	0	-0.07	-0.92	-2.5	-0.07	-0.07	-0.7	-1.16	0	-2.1	-0.07	-1	-3.26	0	0.02	0.84	0.84	-0.07	0	0	10.6	22.26	45.25	45.58	38.78	52.3	73.92	83.8	77.7	90.55	91.75	88	93.7	87.61	93	89.13	85.3	73.11	74.14	68.72
2026-05-16	105.36	104.4	94.13	91.37	92.95	91.37	95.89	92.95	91	85.25	86.77	84.39	84.76	81.63	79.53	81.64	89.43	86.67	77.1	79.6	80.51	82.98	86.82	88.32	81.23	84.88	84.64	83.83	85.52	79.94	74.97	60.68	82.45	74.43	25.02	-0.07	10	4	1	1	0.84	0	0	0	0	-0.07	-0.07	-0.07	-0.07	-0.07	-0.07	-0.07	-0.01	-0.02	-0.07	-0.18	-0.07	-0.07	-0.07	-0.3	-0.81	-0.82	-0.82	-0.81	-0.82	-0.82	-0.82	-0.81	-1.46	-1.66	-1.85	-1.16	-1.16	-4.4	0.01	2	5.1	16.85	14.82	55.6	46.8	72.74	92.5	104.09	112.46	113.69	113.69	110.81	117.01	112.58	117.69	113.43	101.7	92.94	104.52	92.84
2026-05-17	96.63	91.21	88.92	78.44	82.87	75.04	77.64	72.45	81.03	63.9	53.38	58.22	63.46	54.12	60.99	55.42	59.78	57.83	58.42	59.18	60.55	64.02	63.05	62.7	64.43	68.95	73.3	74.13	63.75	45.41	40.9	30.99	48.34	41.98	35	7.22	25.01	19.42	16.3	15.15	15.1	13.55	6.91	9.88	3.24	3	2	2	3.6	3.97	4	2.76	3.97	1.75	1.18	0.84	1.21	1.03	0.84	0.84	0.84	0.84	0.84	1.26	0.84	0.84	0.84	1.5	2	0.84	5	14.74	24.11	35	40.11	55.9	43.17	34.67	41.37	65.43	72.5	86.76	99.05	114.89	113	115	117.56	114.74	118.51	117.04	118.24	116.53	113.98	108	110.05	92.4
2026-05-18	100.9	100.3	57.3	52.47	68.16	66.85	62.82	64	70	69.43	66.01	66.76	67.2	57.8	54.6	55.31	52.26	59.8	60.9	60.7	68.53	62.8	70.52	71.15	60.31	58.98	66.44	94.11	116.98	120.01	116.04	114.04	117.86	110.46	92	75	99.52	111.8	105.8	80	100.48	95	80	82.2	82.52	80	80	62.06	50.51	45	41.01	41.01	45.01	41.01	41.01	34.6	45	41	30	30	30	30	27.01	27.01	25	25	27.01	28.41	14.2	27.01	50.24	56.09	55.54	80.98	85.66	74.78	58.49	53.26	79.2	87.4	79.15	100	114.25	120.21	125.01	131.66	132.95	121.63	126	117.51	121.3	118.14	116.42	106.14	102.27	93.45
2026-05-19	116.04	114.29	107.69	104.23	107.37	81.17	80.17	61.01	101.2	78.36	78.36	65.39	78.36	75.8	71.04	54.77	55.28	50.95	52.69	50.24	56.44	64.9	50	64.58	50	52.99	65.35	75.13	83.41	95.6	69.5	50	85.24	74	53.91	13.47	30.25	29.94	25	1.2	50	45.48	20.8	5	11.34	4.34	1.67	0.84	0.84	0.84	0.84	-0.07	-5	-6.99	-3	-4.24	-5	-4.99	-7	-10.82	-16.1	-17.23	-20	-20	-20	-20	-17.23	-15	-16.1	-13.04	-7.76	-4.91	-8.3	-0.98	0.06	4.51	12.91	24.41	41.28	53.12	34.51	58.87	81.98	96.64	97.29	108.55	108.05	106.04	108.54	103.04	106.3	106.3	105	102.07	101.25	90.66
2026-05-20	113.8	116.66	114.12	106.1	115.76	110.19	106.05	101.88	103.7	102.2	87.07	70.19	76.5	76.5	76.26	76.93	72.69	72.69	73.21	81.5	73.45	73.93	74.41	80.67	85.55	85.55	95.15	108	116.66	116.78	106.17	85.55	85.55	84.05	75.63	56.45	79.1	36.57	24.63	-1.13	-0.07	-1.66	-0.87	-5	-1.2	-2.2	-5	-0.01	0	0	-1.46	0	0	0	0	0	0	0	0	0	0	0	0	0	0	0	0	0	3.08	0	0.01	3.08	6.01	20.84	31.95	50.24	31.5	47.55	62.5	91.3	71.15	102.01	116.04	122.6	116.49	133.33	136.66	131.42	130.89	118.44	136.66	123.63	122	117.25	116.49	107.32
2026-05-21	124.1	123.85	116.46	108.59	117.06	113.1	114.13	104.17	114.79	116.11	113.66	105.64	111.97	108	96.3	105	95.76	95.36	96.94	97.7	108.77	106.44	113.21	109.5	104.17	111.2	110.3	112.04	119.42	119.25	118.13	110.34	112.99	110.62	113.81	83.32	73.59	39.96	15.5	2	0	-5	-10.82	0	0.01	0	0	0	-5.14	-4.62	-2.34	-10.3	0	0	0	0	0.84	1	0.84	0.01	0.84	0.84	0.84	1	0.84	1	0.84	1.37	1.51	-2.5	1	11.44	20.62	41.31	55	89.03	76.87	68.35	88.52	107.2	86.5	99.6	122.41	119.82	120.9	123.72	125.01	122.86	121.49	119.11	119.44	118.28	115	105.32	104.3	93.08
2026-05-22	112.49	111.02	110.96	105.79	106.2	100	103.74	93.19	108.2	103.65	84.75	81	106.2	95.64	94.19	81.25	89.72	88.9	102.59	104.85	106.2	106.65	108.45	111.58	110.04	109.63	111.25	115.03	126.66	122	115.26	108.14	114.05	108.2	70.44	28.91	85.05	50.83	38.18	41.82	27.9	20.14	3.26	0.84	-0.1	-4.26	-5	-7.04	-3.94	-7.8	-6.89	2.19	0.84	0.84	0.84	0.84	0.84	0.84	1.41	1.95	1.95	5.09	3	1.5	0.84	0.99	2.28	0	0.84	1	6.34	13.01	50.83	51.95	55.41	80	50.89	84.49	76.99	105.33	54.99	90.13	104	127.55	123.52	123.54	118.52	114.42	120.51	113.58	115.01	113.92	109.88	107.42	105.12	95.77
2026-05-23	115	116.22	110.14	108.42	107.47	104	96.84	77.14	84.5	71.44	70.72	70.24	70.24	67.54	68.97	67.62	70	70	70	70	65.7	70	64.78	62.2	70	72.04	82.56	71.4	101.88	79.49	55.73	41.25	84.6	52.1	19.64	5.94	11.14	3.99	0.6	-0.95	0.84	0.19	0	-0.81	-0.82	-1.88	-3.32	-5.21	-6.09	-7.43	-9.91	-12.05	-12.06	-12.06	-12.07	-12.09	-14	-14	-12.05	-14	-7.85	-6.05	-3.35	-0.81	0	0	0.84	0.84	0.84	1	0.84	0.84	1.95	6.7	16.33	31.98	12.02	31.5	62.18	100.13	34.08	57.95	72.35	97.27	100.51	100.7	103.77	96.84	111.42	102.14	111.42	92.5	91.72	88.6	82.8	62.3
2026-05-24	75.56	55.9	41.38	34.5	38.5	29.5	28.5	16.96	19.52	4.17	13.42	9.51	9.59	-3.53	-4.31	-1.75	0.84	1.11	4.41	1.11	9.94	10	14.52	18.1	14.52	16.43	20.51	19.09	21.02	13.35	3.25	-10	1.11	-0.07	-3.52	-4.38	-1.75	-5.8	-2.33	-3.52	-3.52	-5.6	-6	-7.73	-8	-11.43	-12.53	-16.44	-18.22	-16	-20	-20	-20	-16	-16	-14	-20	-20	-20	-20	-22	-22	-16.26	-10.82	-10.92	-8.6	-8.81	-9.81	-5.01	-3.56	-4.99	-3.55	-0.81	-1.25	-1.25	-4.04	-0.51	0	5	33.88	31.53	50.02	59.95	75.42	82.1	91.19	94.48	90.5	96.62	94.75	94.75	89.5	86.14	81.4	77.61	67.6
2026-05-25	20.01	11.42	11.42	3.69	25.89	24.66	25	10.32	22	25	19.19	20.11	24.16	20.11	10.52	31.75	29.16	28.16	28.97	33.22	29.74	34	37.9	39	11.47	11.42	22.36	40	94.82	97.84	59.73	11.42	44.64	58.64	35.21	6.81	23.11	4.74	0.84	0	0	0	-0.03	-0.07	-0.07	-1.65	-0.91	-1.01	-1	-1	-1	-1.01	-1.1	-1.89	-1.99	-1.99	-3.52	-3.52	-4.6	-5.31	-3.52	-3.52	-2.1	-1.25	-7.99	-0.4	-0.07	0	0.84	0.84	0.84	2	3.08	4.68	5.61	19.73	13.73	6.81	44.4	76.37	52.03	82	95	103.41	104.92	107.43	106.5	97.07	101.94	96.04	95.72	95.01	87	80.91	79.3	72.5
2026-05-26	120.23	120.01	109.19	103.32	112	109.43	109.55	105.7	107.72	105.62	105.44	95.2	91.16	92.88	92.88	91.16	90.63	91.16	91.16	90.32	91.16	92.3	93.76	103.32	106.86	108.35	115.11	115.54	115.38	115.48	114.94	105.62	103.85	105.62	85.82	32.5	42	19.39	-6.99	-11.38	-2.5	-10.82	-0.81	-5.75	0.84	-0.07	0.84	0.84	0.84	0.84	0.84	0.84	0.84	0.84	0.84	0.84	0.84	0.84	0.84	0.84	0.84	0.99	3.08	5.41	0.84	0.84	0.9	1	20	17.9	40.54	52	46.4	50.24	40.71	40.51	30	33.99	87.36	103.09	104	111.37	130.9	147.6	147.25	159.04	167.5	153.51	172.2	151.98	150.77	135.68	141.88	131.9	129.78	116.38
2026-05-27	133.5	129.05	116.51	118.18	121.82	122.25	120.91	113.02	112.43	113.3	111.96	109.63	107.17	106.1	106.51	106.5	106.76	105.41	107.17	107.17	108.18	109.63	108.87	108.2	109.09	117.81	120.73	122.59	126.02	124.71	121.63	108.68	123.44	109	102.88	73.89	97.26	60.34	28.47	18.38	24.87	14.73	6.96	10.38	2.47	4.29	3.11	0.84	7	0.84	0.84	0	0	-0.07	6.81	7.42	7.7	7.79	8.69	0	0.11	6.54	7.7	7.58	8.9	9.55	10.2	15.7	22.05	24.51	41.07	45	40.11	46.5	52.13	65.52	37.5	63.93	93.83	104.12	104.13	111.85	129.91	140.85	148.8	159.49	154.36	143.67	148.48	136.5	141.38	134.71	131.46	121.79	123.36	117.5
2026-05-28	121.15	121.24	116.2	116.2	115.34	113.81	113.61	109.7	110.76	111.65	112.84	113.85	115.72	115.72	115.72	115.72	111.35	110.91	111.74	112.27	108.6	110.88	112.75	113.85	115.77	122.02	121.7	128.1	123.67	124.99	118.28	107.26	121	116.12	106.12	82.85	105.96	67.75	50	26.57	50.16	36.9	16.33	11.24	11.94	1.28	0.36	-0.07	0.11	0	0	-0.07	-0.07	-0.07	-0.07	-0.07	-0.07	-0.07	-0.07	0.59	0.01	2.54	7.28	11.45	15.43	18.24	26.49	28.3	28.65	31.52	40.4	49.65	49.5	66.33	73.28	75.81	85.81	87.3	100.54	106.46	93.51	105.91	114.6	140.41	140.53	154.13	165.71	150.03	167.98	143.6	151.49	134.9	141.68	125.82	124.69	122.93
2026-05-29	138.57	131.15	118.04	108.24	121.36	110.64	112.11	111.93	120.66	119	113.58	112.11	118.02	117.83	115.48	112.4	112.12	111.54	110.64	109.17	113.25	113.58	112.11	108.24	100.4	111.5	112.03	112.6	119.85	115.18	109.97	106.95	111.92	108.59	98.62	73.87	94.27	25.67	-10.82	-11.32	-10.82	-10.82	-0.07	-0.07	-1.36	-1.57	-0.16	-4.91	1.89	0.84	0.84	0.84	5.28	1.44	0.84	-0.07	6.33	9.34	10.41	17.28	11.14	26.73	15.04	11.09	14.3	15.17	21.22	25.76	40.1	46.01	38.41	45.38	64.27	69.88	78.89	70.19	68.4	73	95.36	97.04	58.36	99.81	123.86	136.1	142.83	150	155.01	148.8	159.72	147.43	142.95	137.9	131.72	125.01	125.36	112.16
2026-05-30	127.94	126.98	120.24	113.95	115.05	111.6	111.52	108.67	113.96	114.62	109.79	106	112	111	111.03	111.02	118.52	118.81	118.7	117.2	118.81	117.54	117.51	118.14	114.17	114.43	113.01	116.16	112.7	109.5	106.26	109.74	109.7	84.46	47.17	26.35	68.27	45.96	24.32	16.79	18	11.99	1.96	0	0	-1.11	0.79	0	-0.01	-0.56	-3.98	-4.54	-5.5	-6.1	-6.61	-6.61	-5.1	-5	-5.5	-5.11	-3.26	-1.35	-0.01	-8	-6.81	0	1.51	4.83	16.5	21.73	24.86	35.41	40	49.07	61.94	57.68	65.31	103	100.66	100.31	90.66	108.67	110.4	125.63	113.65	119.04	119.99	115.29	119.99	113.88	120.58	111.89	113.01	109	113.01	101.3
2026-05-31	104.9	103.68	103.01	96.1	103.42	101.7	100.84	95.92	95.62	94.5	95.56	85.1	95.47	95.32	97.19	94.33	88.55	93.72	94.73	94.73	93.84	94.73	94.73	94.5	97.18	98.84	97.31	101.88	100	100	88.55	50	39.37	17.01	0.8	0.34	-0.2	0	0	0	0.01	0	0	-0.01	0	-0.07	-0.07	-0.01	0.1	0	0.84	0.84	0.07	0	0	0	0.01	0.05	0.64	0.01	0	-0.24	-0.07	-0.01	0	0	0.14	0.14	0.84	1	0	0.84	1	2	5.41	19.48	11.09	26.96	41.09	70.43	47.24	103.24	105.18	100.92	104.7	105.86	106.14	106.14	107.69	105.9	109.67	105.9	105.42	103.28	104.1	100.32
