2025-01-01	0	0	0	0	0	0	0	0	0	0	0	0	0	0	0	0	0	0	0	0	0	0	0	0	0	0	0	0	0.00402197879095407	0.00349392343502605	0.0046654481373086	0.00281864963671127	0.0529622457629243	0.0518385602229691	0.0542936167755412	0.0519055772385654	0.0984072167305819	0.0987210433703876	0.0988356494027409	0.0970360904962896	0.127932370427292	0.131138154804211	0.129407536248974	0.128521938519523	0.140032549178872	0.140063348856756	0.144835260738924	0.139068841225447	0.135112777795481	0.139908297780634	0.142129558632213	0.138849365791672	0.122938528341514	0.122679250152136	0.123088950070145	0.117293271436205	0.0928677355986756	0.0917508403606102	0.091110147599531	0.0912712764411832	0.0416499124362828	0.0425254707216539	0.0412247765717821	0.0425998402702813	0	0	0	0	0	0	0	0	0	0	0	0	0	0	0	0	0	0	0	0	0	0	0	0	0	0	0	0	0	0	0	0
2025-01-02	0	0	0	0	0	0	0	0	0	0	0	0	0	0	0	0	0	0	0	0	0	0	0	0	0	0	0	0	0.0114555995302497	0.013494375766105	0.010666729653181	0.00938329505046436	0.0784414196032787	0.0806634385575987	0.0796203018098938	0.0792748400292287	0.123419115573547	0.124899276591699	0.123021320248644	0.124660287586109	0.151449549902726	0.150557312374985	0.150349911889086	0.151643225833203	0.163482561568847	0.163600417931333	0.161160472092309	0.162756548407511	0.161025099785047	0.160173806945236	0.161729111067067	0.159071982202649	0.145578811449818	0.142294791232939	0.142429079164291	0.144697318152952	0.111509446294089	0.109122515233745	0.110003295140773	0.112364743331393	0.0559578256233075	0.0555310495384589	0.05572257628965	0.0557885485485835	0	0	0	0	0	0	0	0	0	0	0	0	0	0	0	0	0	0	0	0	0	0	0	0	0	0	0	0	0	0	0	0
2025-01-03	0	0	0	0	0	0	0	0	0	0	0	0	0	0	0	0	0	0	0	0	0	0	0	0	0	0	0	0	0.00357576210229409	0.00253044948091379	0.00507311250841947	0.00382067590837265	0.0572620670128326	0.0582410493977802	0.0619400603457553	0.0595568232436319	0.109406621384222	0.108143816666235	0.109780024281387	0.110669537668156	0.141004152060427	0.143525966853981	0.139658028533627	0.140811852551964	0.152464933502075	0.150732917505397	0.150696755608751	0.151105393383777	0.148447000493216	0.148200752204658	0.148165534548427	0.1471867127537	0.13229806533024	0.130244558396117	0.128849762160771	0.131607614112871	0.0711446222284687	0.0667559687838164	0.0706771758225509	0.069422233165164	0.0157807289714697	0.0158462434251404	0.0174197880500777	0.0149532395533122	0	0	0	0	0	0	0	0	0	0	0	0	0	0	0	0	0	0	0	0	0	0	0	0	0	0	0	0	0	0	0	0
2025-01-04	0	0	0	0	0	0	0	0	0	0	0	0	0	0	0	0	0	0	0	0	0	0	0	0	0	0	0	0	0.00436411764380025	0.00223084375497162	0.00343684806050793	0.00496819054072021	0.0560988400447356	0.0538332238520242	0.0547650504354529	0.0563028856677873	0.0973828817532804	0.0977589786228959	0.0981381252745563	0.0977200143492674	0.0817315315860127	0.0813598305340917	0.0803300589271951	0.0825785789527005	0.0566035022706256	0.0566135317453248	0.0557006044645784	0.0540823615194711	0.0627388878586665	0.0618117867802908	0.0617832221818562	0.0656661031791866	0.0991928730120346	0.0996419662040014	0.0992499109998055	0.0999152497841586	0.0900149870639252	0.0944900706674492	0.0925242238670642	0.0929707184015614	0.0466663753737265	0.041579248423086	0.0449542741529003	0.0438001020502871	0	0	0	0	0	0	0	0	0	0	0	0	0	0	0	0	0	0	0	0	0	0	0	0	0	0	0	0	0	0	0	0
2025-01-05	0	0	0	0	0	0	0	0	0	0	0	0	0	0	0	0	0	0	0	0	0	0	0	0	0	0	0	0	0.00450931045192927	0.0068164629055419	0.00349975586632244	0.000174470776206387	0.0508948946398565	0.0527927575642699	0.0522514933640571	0.0500608544318164	0.102557630429311	0.102144526013188	0.102810181676162	0.106487661881339	0.122518225048477	0.123921388914698	0.123590354976246	0.12297003106058	0.10781061847784	0.108553846285131	0.113592817045516	0.111042718191512	0.0990805995635898	0.097376500896225	0.0973382151334665	0.0962046844067187	0.0792651126905065	0.0800248898859463	0.0764097196012921	0.079300277822255	0.038591079658144	0.0391831823122344	0.0426484407327547	0.0405772972968669	0.0143753023665345	0.0139899046198141	0.0126893307810562	0.00994546223259527	0	0	0	0	0	0	0	0	0	0	0	0	0	0	0	0	0	0	0	0	0	0	0	0	0	0	0	0	0	0	0	0
2025-01-06	0	0	0	0	0	0	0	0	0	0	0	0	0	0	0	0	0	0	0	0	0	0	0	0	0	0	0	0	0.00334157428463337	0.00374113228927355	0.00560770174115399	0.00330959168493909	0.043135025449967	0.0424507322886769	0.0416827668656742	0.0427314753956818	0.0762989128923593	0.0774003106300559	0.0786857873633155	0.0766149891142693	0.0985908299611539	0.100905757048665	0.0974525211799945	0.100050891810187	0.109102385861576	0.111677392563275	0.110466823544996	0.110753398030153	0.116906515846128	0.117838754070718	0.117194025227413	0.117060704855742	0.0795150856917	0.0781936679744527	0.0789957493676256	0.0782954969662217	0.0348807828656325	0.0361745588529883	0.0373492433225235	0.0395954149588557	0.0109560088519952	0.0100461428213723	0.0132314780868092	0.0107663702398233	0	0	0	0	0	0	0	0	0	0	0	0	0	0	0	0	0	0	0	0	0	0	0	0	0	0	0	0	0	0	0	0
2025-01-07	0	0	0	0	0	0	0	0	0	0	0	0	0	0	0	0	0	0	0	0	0	0	0	0	0	0	0	0	0.0123942315263483	0.0145063711789046	0.0134680705882971	0.0136313267064501	0.0661017725047505	0.0648562664694374	0.0649205936412092	0.0651213673846029	0.103128343556339	0.101841862310957	0.1031838815486	0.100845912584104	0.145009825142108	0.146648791542028	0.148765099408316	0.147576283907549	0.153843541036448	0.153546737632689	0.15575428753673	0.154855433794132	0.156004421724961	0.157507474492846	0.156137577317743	0.15635052646445	0.147226840177494	0.145304377472934	0.143580695829042	0.143888086520529	0.109777201447866	0.112559378992772	0.112856440148586	0.113806979410775	0.0594586869731617	0.0561946377525928	0.0578800364443939	0.0584666388298517	0.00106407211255864	0.000267235179843309	0.000263288769207777	0.00140540393839027	0	0	0	0	0	0	0	0	0	0	0	0	0	0	0	0	0	0	0	0	0	0	0	0	0	0	0	0
2025-01-08	0	0	0	0	0	0	0	0	0	0	0	0	0	0	0	0	0	0	0	0	0	0	0	0	0	0	0	0	0.0134383174323676	0.0128003855950539	0.0110137496127192	0.0147475473598594	0.0772128048187428	0.0788732538293285	0.0767150341748014	0.0781989071771273	0.121928882582433	0.122202296505531	0.120870434205331	0.121998386706705	0.148223116900797	0.14796711428351	0.148277837840668	0.148531930975024	0.159982154826057	0.158169838591752	0.156498774839059	0.159349231743133	0.133840503452911	0.134474577551265	0.137757352566284	0.13492756642954	0.0708096675782262	0.0698488881176671	0.0703026524740953	0.0710387918300115	0.040226932682962	0.0392337606728726	0.035635337410076	0.0389039692340894	0.022124724411698	0.0213743868484719	0.0229124493818687	0.0225884393579615	0	0	0	0	0	0	0	0	0	0	0	0	0	0	0	0	0	0	0	0	0	0	0	0	0	0	0	0	0	0	0	0
2025-01-09	0	0	0	0	0	0	0	0	0	0	0	0	0	0	0	0	0	0	0	0	0	0	0	0	0	0	0	0	0.0149270321349444	0.0125696230979024	0.0128543052335802	0.013649039533573	0.0829406514321334	0.0805197615593689	0.0797890843883589	0.0817505026201388	0.124663237065962	0.124922949935543	0.124416673272883	0.124997139725612	0.15184802295152	0.150424940520111	0.150858849428867	0.151868187099501	0.160161618410702	0.16257892223631	0.163190024194917	0.16206943515807	0.158745656940019	0.158643106961315	0.158155221819006	0.15745601427966	0.138927696046837	0.140255601918009	0.138983780911814	0.13783292112334	0.102507466499653	0.105856851137505	0.104000154126534	0.105635528236308	0.0502383854764183	0.0546544508057691	0.0513948426087692	0.0507123211090434	0.000622224522645626	0.000991467149314318	0.000668991605199446	0.000717316722840611	0	0	0	0	0	0	0	0	0	0	0	0	0	0	0	0	0	0	0	0	0	0	0	0	0	0	0	0
2025-01-10	0	0	0	0	0	0	0	0	0	0	0	0	0	0	0	0	0	0	0	0	0	0	0	0	0	0	0	0	0.0115067237177458	0.0113802856734144	0.0107621302732553	0.0113508603355845	0.0732305995880571	0.0740333001721578	0.0729597530197006	0.0707763472200845	0.116425607458417	0.115054624189048	0.118626522124158	0.116893246228376	0.142322342617623	0.145960293480331	0.144012396137084	0.144704967764961	0.156606534682748	0.156016518639413	0.155813657915976	0.154563288761863	0.154926657419071	0.151093279826024	0.153192985266745	0.15178707748816	0.134523915638373	0.137103318529513	0.136697910330102	0.135674855502012	0.103098271513567	0.104172365018007	0.103836004810504	0.101893358657923	0.0502985391968189	0.0512673007876452	0.051842186852917	0.0525919731626189	0.00290105752289209	0.000476947263301648	0.000152935501356648	0.000469059712449619	0	0	0	0	0	0	0	0	0	0	0	0	0	0	0	0	0	0	0	0	0	0	0	0	0	0	0	0
2025-01-11	0	0	0	0	0	0	0	0	0	0	0	0	0	0	0	0	0	0	0	0	0	0	0	0	0	0	0	0	0	0	0	0	0.0025948135984007	0.00353910566173552	0.00316750891841042	0.00369857182145336	0.0179547113240482	0.0169108066999812	0.0181442746424082	0.0159902073335624	0.110235172159892	0.110532480482494	0.110690813504979	0.108541533852634	0.148459745655981	0.144788550787616	0.149316625416136	0.146435078140267	0.150204695000338	0.153067032644879	0.152189322918123	0.148538949436661	0.129014716598694	0.128388084249932	0.129318357046574	0.1302788421048	0.0868030849721735	0.0868274455551348	0.0905907256219492	0.0887787438507424	0.0410690318755909	0.0423294425428161	0.0434951486206947	0.0451063769608983	0.000216905595637064	0.00118702834552501	3.66868394580206e-05	0.000559379219379906	0	0	0	0	0	0	0	0	0	0	0	0	0	0	0	0	0	0	0	0	0	0	0	0	0	0	0	0
2025-01-12	0	0	0	0	0	0	0	0	0	0	0	0	0	0	0	0	0	0	0	0	0	0	0	0	0	0	0	0	0.0240549119727947	0.0231650681536291	0.0251929708849232	0.0245870489886531	0.10040680293501	0.0966924377919886	0.101910892889904	0.0999898663830974	0.142658830001649	0.139093771026881	0.143111863057822	0.144135535913648	0.168836832182777	0.165287163029852	0.169044876365521	0.16683112842185	0.176686584685576	0.178444149848202	0.178554651190485	0.177314614275737	0.173196437541725	0.170964567873135	0.174198038193605	0.173640956391534	0.153149065718973	0.153921954536078	0.155388976784977	0.155540002959972	0.12293136841858	0.119271786662592	0.11906426625006	0.119732578668768	0.0656308283291293	0.0653078841309701	0.0634984760123528	0.0655628115275479	0.00254525120936943	0.0019504053532379	0.0025796373708318	0.00392470606656087	0	0	0	0	0	0	0	0	0	0	0	0	0	0	0	0	0	0	0	0	0	0	0	0	0	0	0	0
2025-01-13	0	0	0	0	0	0	0	0	0	0	0	0	0	0	0	0	0	0	0	0	0	0	0	0	0	0	0	0	0.0204385905500266	0.0207256148757811	0.02229947510776	0.0185363194664322	0.0903806766872693	0.0922910937942053	0.0926924768048483	0.0946357527136771	0.136050283620191	0.139910838398957	0.135296615348881	0.134742262631971	0.162622613455724	0.16196108375107	0.163148825470611	0.162267477322595	0.173330395190652	0.171121566571763	0.175194164268691	0.173353873968893	0.168569657525462	0.168412045601327	0.170328790529088	0.171689506344123	0.152979362619018	0.152941495749548	0.152710599415755	0.148368542215679	0.118727907019971	0.116185219432667	0.11736922023997	0.116717653307392	0.0612106721514634	0.062267658188267	0.0619951458522781	0.0635265238079915	0.00161308098905918	0.00379951120947734	0.00316258340059075	0.00242482440087273	0	0	0	0	0	0	0	0	0	0	0	0	0	0	0	0	0	0	0	0	0	0	0	0	0	0	0	0
2025-01-14	0	0	0	0	0	0	0	0	0	0	0	0	0	0	0	0	0	0	0	0	0	0	0	0	0	0	0	0	0.0197811937780079	0.0164149044838831	0.0195115747968933	0.0212923269412157	0.0883964451594419	0.0907081693554245	0.0885677307808064	0.0903276547043271	0.134346460695753	0.131223670025167	0.133266205498532	0.136163663780548	0.158678063528416	0.159321154341501	0.160527330635605	0.161473451494478	0.169290004342389	0.171307834289833	0.170350827540721	0.173051333827057	0.167099825987275	0.166745724020896	0.168103754449478	0.170050695542352	0.150081076292836	0.150710507030789	0.150142930447939	0.150065486228436	0.116215599059611	0.116194679499049	0.116114766291607	0.116474955149733	0.0614539198836835	0.0619428763655286	0.0620636507999636	0.0625395529508243	0.00186227852352387	0.00250109967097363	0.0031636810579588	0.0044729407475437	0	0	0	0	0	0	0	0	0	0	0	0	0	0	0	0	0	0	0	0	0	0	0	0	0	0	0	0
2025-01-15	0	0	0	0	0	0	0	0	0	0	0	0	0	0	0	0	0	0	0	0	0	0	0	0	0	0	0	0	0.0202577041837651	0.0184470643272432	0.0196817534408611	0.0186134780481306	0.0873087023959063	0.0886809943585914	0.0887712685878713	0.0872390346576309	0.132394114800911	0.132860278408083	0.131515074213205	0.132230532577802	0.156856147105558	0.158378867668188	0.159423352765527	0.158341632460727	0.168761551348039	0.167831366123155	0.165963560112355	0.165443522416451	0.15011408207459	0.157901530341101	0.156828379491167	0.156156008093143	0.129101879794601	0.130270763949231	0.131153816693357	0.131473539562811	0.0961592415406193	0.0969705446916794	0.0966636567316938	0.0942065570360074	0.040834346063294	0.0427278050641277	0.0424970526942688	0.0439407961783095	0.00154264285879132	0.00285842083935782	0.00111968925705064	0.00047924704480021	0	0	0	0	0	0	0	0	0	0	0	0	0	0	0	0	0	0	0	0	0	0	0	0	0	0	0	0
2025-01-16	0	0	0	0	0	0	0	0	0	0	0	0	0	0	0	0	0	0	0	0	0	0	0	0	0	0	0	0	0.00239607887841956	0.00279086601289631	0.00338350764894016	0.00242954745974397	0.0299045206351146	0.0327763020769153	0.0331710452770597	0.0321481320109103	0.0768664427359293	0.0765686674543087	0.0768620680925552	0.0757028217172068	0.0864628365702091	0.0867529749256314	0.0901792382240353	0.0866049502801242	0.0783635466164021	0.0790965669777035	0.0762874869067814	0.0772523994991131	0.0512418545406141	0.0518873413728175	0.0490811691574021	0.0507896349291662	0.0299011899913479	0.0310379934852352	0.0317390495903134	0.0303217669331035	0.019042588648149	0.0210144487002114	0.0190268800284497	0.0219160826231899	0.00934012910330492	0.00853197667692419	0.011169182214827	0.00595871200494389	0	0	0	0	0	0	0	0	0	0	0	0	0	0	0	0	0	0	0	0	0	0	0	0	0	0	0	0	0	0	0	0
2025-01-17	0	0	0	0	0	0	0	0	0	0	0	0	0	0	0	0	0	0	0	0	0	0	0	0	0	0	0	0	0	0	0	0	0.0120582093206591	0.010647028150309	0.0076829329954954	0.0106118295335365	0.0292671931066921	0.0279867916826598	0.0284862572534896	0.0282597579571585	0.0444849035330243	0.0469939388625736	0.0473425802793614	0.0481785773250407	0.0555969466376805	0.0565573504939947	0.0567779266667776	0.0550677762015472	0.0589285889735941	0.0601521801579613	0.0589590730949046	0.0609601577735401	0.0748484989281886	0.0744449227751811	0.0748671474311356	0.0778394308654947	0.0693559776025326	0.0692051754447489	0.0706682772125311	0.0687705697401876	0.0345724293598831	0.0355013394584512	0.0353767744244359	0.0335494567572297	0.000334951600159454	0.00116288547262278	0.000597199371245237	0.00190496355597253	0	0	0	0	0	0	0	0	0	0	0	0	0	0	0	0	0	0	0	0	0	0	0	0	0	0	0	0
2025-01-18	0	0	0	0	0	0	0	0	0	0	0	0	0	0	0	0	0	0	0	0	0	0	0	0	0	0	0	0	0.0139859233594971	0.0123124154709109	0.0129781526559509	0.0107235085136411	0.0719245408008396	0.0720341226397034	0.0687951033999295	0.0692462331595275	0.11795948890266	0.118009741635812	0.119168304171766	0.118862465289761	0.150099796364984	0.150378802807399	0.150787353733748	0.149734047093869	0.167809529277822	0.16584999439851	0.165184412685682	0.164156063637987	0.163375464390887	0.162882136911319	0.164156837479461	0.164585561218333	0.147173184088816	0.14705373237425	0.146578662985257	0.147194420551677	0.111499682028438	0.114388492786408	0.114863291809672	0.113248533375482	0.0599169341163037	0.0617235467867398	0.060624484325113	0.0607350347718435	0.00391001738865608	0.00624616147618879	0.00402973657237444	0.00281408456278069	0	0	0	0	0	0	0	0	0	0	0	0	0	0	0	0	0	0	0	0	0	0	0	0	0	0	0	0
2025-01-19	0	0	0	0	0	0	0	0	0	0	0	0	0	0	0	0	0	0	0	0	0	0	0	0	0	0	0	0	0	0	0	0	0.00689924287966683	0.00515461305343906	0.00594187644489749	0.00600426762199662	0.0145716785661142	0.0151661733492179	0.0186879593064334	0.0165741887782346	0.032157070631451	0.0322878848899532	0.0302261915190604	0.0293288529595353	0.0475890846455013	0.047517084283382	0.0479589444345748	0.041934886636542	0.0537024483296969	0.0530084310914792	0.0530971255002907	0.0511919950785332	0.0507858878535127	0.0500111652629865	0.0512385821089994	0.0519643647745014	0.0367779568780802	0.0380078578341149	0.0359076769583856	0.0363065083294193	0.0141599762644289	0.0156765212546198	0.0133848366016137	0.0137786658793376	0	0	0	0	0	0	0	0	0	0	0	0	0	0	0	0	0	0	0	0	0	0	0	0	0	0	0	0	0	0	0	0
2025-01-20	0	0	0	0	0	0	0	0	0	0	0	0	0	0	0	0	0	0	0	0	0	0	0	0	0	0	0	0	0.0098669712473422	0.00972054674491282	0.00992348542404043	0.00948899658370455	0.0571341348862564	0.0570988868078922	0.0569764814964916	0.0537904968093598	0.108914919272354	0.111454020802445	0.109058423597004	0.110572636328197	0.123201161030846	0.125322005770095	0.122081149900038	0.12339568329902	0.0824941318819716	0.0826152664878578	0.0823521528159664	0.0825384488142042	0.0577478039118976	0.0599744964005135	0.057749723079377	0.0605279766082119	0.0780895392047198	0.0729230606640878	0.0739682766702539	0.0730191234609385	0.0952692687587707	0.0964738534158286	0.0993932396822047	0.095863638143196	0.0523321242534431	0.0534357429173166	0.051923627921025	0.0523085049082153	0.00283351647054966	0.00361855021523859	0.00561501678723874	0.000932916526973008	0	0	0	0	0	0	0	0	0	0	0	0	0	0	0	0	0	0	0	0	0	0	0	0	0	0	0	0
2025-01-21	0	0	0	0	0	0	0	0	0	0	0	0	0	0	0	0	0	0	0	0	0	0	0	0	0	0	0	0	0.00358075347938638	0.00233648839852633	0.00276658076525579	0.0033161773568315	0.0181807157304279	0.0198945754355531	0.0229831676935489	0.0189415411404701	0.0315401333568487	0.0313037734539852	0.0351989773700709	0.0299571158190953	0.0443281321935984	0.0440667683945966	0.0451238364517292	0.0454812629600758	0.0452481618061213	0.0495508240709668	0.0464247320237576	0.0447762820991544	0.0565172533310339	0.0568847196391304	0.0584218155085107	0.0571762115213251	0.0371555151860457	0.0366492914228524	0.0356263248047974	0.0385688685863045	0.0207883757776789	0.0222521643978074	0.0208280503204987	0.021131409504015	0.0120461904827879	0.0135109045164841	0.0141578930571404	0.0152850119435875	0	0	0	0	0	0	0	0	0	0	0	0	0	0	0	0	0	0	0	0	0	0	0	0	0	0	0	0	0	0	0	0
2025-01-22	0	0	0	0	0	0	0	0	0	0	0	0	0	0	0	0	0	0	0	0	0	0	0	0	0	0	0	0	0.0122449015450676	0.012319056237461	0.0126174906527695	0.0118185515647019	0.0603777911222578	0.0571348894344669	0.0609125115316719	0.0595748079116033	0.11524951851254	0.112932330342157	0.114032655702988	0.114785495442314	0.141156440206181	0.143551756222736	0.142934991093736	0.143356812477347	0.148836460002234	0.149748262445231	0.153931207763578	0.151484069788958	0.148039925959341	0.146430587971593	0.145255741638892	0.144273744430174	0.123368583751574	0.126045978328812	0.124932801769465	0.12665263615015	0.094063081854503	0.0934450214539749	0.0935610647970307	0.0929308318944914	0.0489488427392445	0.0475322978221866	0.0492656152150954	0.0502532442234735	0.00345134226429438	0.00152008543110095	0.00535425703907714	0.00467431526552753	0	0	0	0	0	0	0	0	0	0	0	0	0	0	0	0	0	0	0	0	0	0	0	0	0	0	0	0
2025-01-23	0	0	0	0	0	0	0	0	0	0	0	0	0	0	0	0	0	0	0	0	0	0	0	0	0	0	0	0	0.0100885373311629	0.0108322441572135	0.00971878892682451	0.0113604295847991	0.0439092026227067	0.0448304508569878	0.0461459609583073	0.0471143855619982	0.0872401588205707	0.086942303397647	0.0887097393115142	0.0851077984702682	0.114609453401814	0.117224596236257	0.116767276481573	0.119398673880356	0.136035671698378	0.135792008038512	0.13906515718764	0.13710716307547	0.123208300243533	0.124461443005012	0.124298543075473	0.124031713675981	0.085234588024694	0.0850980731296297	0.0833282171895301	0.0843391216561463	0.0526828387616514	0.0509904220184708	0.0518314431224714	0.0514952960974064	0.0314859011785726	0.0290128015798384	0.0295513919692672	0.0359499052723218	0.00409433768093551	0.00279733596960285	0.00287806090159744	0.000230265447864199	0	0	0	0	0	0	0	0	0	0	0	0	0	0	0	0	0	0	0	0	0	0	0	0	0	0	0	0
2025-01-24	0	0	0	0	0	0	0	0	0	0	0	0	0	0	0	0	0	0	0	0	0	0	0	0	0	0	0	0	0.0268775802533724	0.027576402012933	0.0272416748488475	0.024304342884847	0.0890221095350883	0.0877638372567387	0.0895118131539922	0.0857022400541808	0.130267402714058	0.129454341285032	0.127998460307336	0.129279795693574	0.152899921367744	0.153402004618459	0.151242505543246	0.152455568470551	0.16294228420152	0.163131784712559	0.166391990762466	0.162533940323455	0.161360780304831	0.161453443537545	0.157627382985332	0.163558393172292	0.143191286362114	0.142520648187486	0.146061973713779	0.144226091736622	0.107508659623366	0.110373994446748	0.111267738069509	0.107849607860377	0.0507480855955058	0.0519191465234707	0.0521674282282332	0.0491653396527903	0.00695965595298314	0.00216290159787438	0.00645722783308511	0.00442021461605737	0	0	0	0	0	0	0	0	0	0	0	0	0	0	0	0	0	0	0	0	0	0	0	0	0	0	0	0
2025-01-25	0	0	0	0	0	0	0	0	0	0	0	0	0	0	0	0	0	0	0	0	0	0	0	0	0	0	0	0	0.0174239248570304	0.013101019975525	0.0149484898485856	0.0165265653188591	0.0677030065197559	0.0684644606979833	0.0713156938351488	0.0675168389471121	0.127635756669685	0.129114783941285	0.12878294180095	0.127466517588081	0.148694804490603	0.149230012709826	0.146386159092888	0.150689023706683	0.139103967022621	0.139570713108778	0.142232171578331	0.140093148290271	0.102887319015073	0.105763693262455	0.101532729031684	0.102816258690788	0.0638018231519772	0.0652621872473118	0.0667834539168202	0.0641525356838907	0.0697071499037045	0.0698976641646105	0.0663119130470207	0.0700832728846643	0.0412648719834485	0.0407125774357881	0.043799504099443	0.0442230464813204	0.00409066077973036	0.0057386074550086	0.00516863600718291	0.00200209575807813	0	0	0	0	0	0	0	0	0	0	0	0	0	0	0	0	0	0	0	0	0	0	0	0	0	0	0	0
2025-01-26	0	0	0	0	0	0	0	0	0	0	0	0	0	0	0	0	0	0	0	0	0	0	0	0	0	0	0	0	0.0229667012743443	0.0216140277094069	0.0228088161626718	0.022610454853577	0.0707003600627862	0.0678625973627055	0.0701466823606917	0.0682903602138166	0.0998135947193046	0.101207255300677	0.0993026337818492	0.0996765161981691	0.133199840581264	0.132768512957552	0.13452767084076	0.132503975620424	0.152679110860262	0.153084796705157	0.15071632678492	0.152519765649661	0.145751618828697	0.145371393952862	0.143241251189823	0.143635736028618	0.091941501020408	0.0918747741997875	0.0918081265703535	0.089375598209451	0.0499323626495629	0.0555999470171068	0.0543637283364152	0.0521039619969151	0.0220641069788032	0.01943117693018	0.0180011514756709	0.0185035646153458	0.000263187098297951	1.66694934420486e-05	0.000217502518996478	0.000502640889263522	0	0	0	0	0	0	0	0	0	0	0	0	0	0	0	0	0	0	0	0	0	0	0	0	0	0	0	0
2025-01-27	0	0	0	0	0	0	0	0	0	0	0	0	0	0	0	0	0	0	0	0	0	0	0	0	0	0	0	0	0.0192629897805425	0.0197393569029829	0.0153449898560441	0.0186526634604305	0.0588211748247021	0.0592190196798073	0.0577494790389632	0.0602103264565274	0.0798841230377738	0.080238749591947	0.0819539907509061	0.0789231366193731	0.0806311155931233	0.0818736087575759	0.0791018666706131	0.0813934089786876	0.147121256039855	0.149618509238915	0.147063415791343	0.145196818929887	0.147345326104197	0.147084807214038	0.151069819880544	0.146500046801221	0.11738731320236	0.116358022977305	0.117226664688256	0.118027999132079	0.074207429228472	0.0745641623193025	0.0760183991877889	0.0752100092644366	0.0409314419762698	0.0401364988878296	0.0401053170942525	0.0428267420416481	0.001295823688955	0.00316130014317535	0.00379509375825964	0.00174778240961002	0	0	0	0	0	0	0	0	0	0	0	0	0	0	0	0	0	0	0	0	0	0	0	0	0	0	0	0
2025-01-28	0	0	0	0	0	0	0	0	0	0	0	0	0	0	0	0	0	0	0	0	0	0	0	0	0	0	0	0	0.0366127838941637	0.0370351453340011	0.0357961851591956	0.0375558856126396	0.09698687106124	0.0965138560111476	0.0964286000747043	0.0990706728529081	0.136222318452238	0.137622391064262	0.136564303036846	0.138590987446654	0.16123440119117	0.162764378502288	0.161792901380577	0.165208318925965	0.17361168877234	0.173584446944238	0.172894972910893	0.173908891372529	0.172249152606477	0.166500512134813	0.166308126017497	0.167942209241213	0.146463113210265	0.1468349584176	0.147833299824699	0.147868628547436	0.0986131991968887	0.0975088189815961	0.0994950632345456	0.0993829185869696	0.0302623011827429	0.0304968891304298	0.0302855808109641	0.0329552288758632	0.000244031257785421	0.000604815664090054	0.00233861560091755	0.00181253747720697	0	0	0	0	0	0	0	0	0	0	0	0	0	0	0	0	0	0	0	0	0	0	0	0	0	0	0	0
2025-01-29	0	0	0	0	0	0	0	0	0	0	0	0	0	0	0	0	0	0	0	0	0	0	0	0	0	0	0	0	0.000797753348503099	0.00232209369279314	0.000766123785409159	0.00511402917329461	0.0310753315885054	0.0314603350122913	0.0318133444891681	0.0336509889100353	0.129347808800292	0.127864853131878	0.127078569241865	0.130708768825965	0.133933185237207	0.134094715875689	0.13769354150026	0.133278557386844	0.151530540841099	0.153348661152278	0.15432804570587	0.155792752300752	0.127204926684465	0.126257936129585	0.125416578436129	0.125120558749821	0.0685661850448069	0.0679031032913783	0.0696135196494588	0.0659171920143561	0.0421428717111252	0.0393574520916423	0.0342843632414416	0.0402153129557909	0.0183979150959168	0.0155336924526981	0.0181395776202366	0.0149288148311486	0.000601805484463441	4.9827649498119e-05	0.00338984465824357	0.00095852220779487	0	0	0	0	0	0	0	0	0	0	0	0	0	0	0	0	0	0	0	0	0	0	0	0	0	0	0	0
2025-01-30	0	0	0	0	0	0	0	0	0	0	0	0	0	0	0	0	0	0	0	0	0	0	0	0	0	0	0	0	0.0196997703246909	0.0209263891868201	0.019087619640077	0.020286220848412	0.0847195916226952	0.0814154607328174	0.0841303332870332	0.0847346143574542	0.13385453330869	0.133144576279597	0.131853316577962	0.133147573833751	0.156478517252493	0.156910840645691	0.157546357222529	0.157064284879287	0.167629099797346	0.168329294378525	0.170225670024337	0.169815935799792	0.165357345384575	0.164306934864966	0.162739928236845	0.164595791513615	0.147820302837087	0.145267122399993	0.143764910515844	0.145147664247076	0.115830356630269	0.117021926529627	0.111940561734327	0.118207155105777	0.0666985952032899	0.0670881374163365	0.0681760178655479	0.0640372495148257	0.00956223303606374	0.0125709705426851	0.0101648946981336	0.0107019017231176	0	0	0	0	0	0	0	0	0	0	0	0	0	0	0	0	0	0	0	0	0	0	0	0	0	0	0	0
2025-01-31	0	0	0	0	0	0	0	0	0	0	0	0	0	0	0	0	0	0	0	0	0	0	0	0	0	0	0	0	0.0359909673659309	0.0361164814196811	0.0372311839320622	0.0346613672823257	0.0910947776497485	0.0915275831406479	0.0933958021657375	0.0929818370438661	0.135113833097799	0.13570342402295	0.134808194712729	0.135374548166522	0.158747592792966	0.159757506417614	0.15832982585716	0.15916507493226	0.156872919732169	0.155912587452837	0.155758350702883	0.15845614211211	0.155948296773632	0.156092893761309	0.156562084321403	0.154396725143656	0.146484044042448	0.145930424384558	0.145747642755412	0.146837888817581	0.118606730118376	0.117033981436962	0.119455883453046	0.119903404991616	0.0680491542091228	0.0685208795826165	0.0691948295760459	0.0692351366322148	0.0102536143536312	0.0120415814480078	0.0122764461853618	0.0124283580129992	0	0	0	0	0	0	0	0	0	0	0	0	0	0	0	0	0	0	0	0	0	0	0	0	0	0	0	0
2025-02-01	0	0	0	0	0	0	0	0	0	0	0	0	0	0	0	0	0	0	0	0	0	0	0	0	0	0	0	0	0.000182076867499595	7.46845727770693e-05	0.000132025111148977	0.00161121344857436	0.00748977749551972	0.00730085765482056	0.00715121680978516	0.00705814803987457	0.0170679465773103	0.0178067215780293	0.0182198450796356	0.0179054867650247	0.0325690129181021	0.028733511054516	0.0337393632022211	0.0329581128251608	0.0410825296967146	0.0430641071825241	0.0451043148016916	0.0447490483190698	0.0461173451349378	0.045866744670691	0.0468403232252267	0.0491755869691445	0.0531880853046892	0.0516453863804469	0.0542195621788738	0.0529469661359901	0.0538793474911987	0.0528015780199726	0.0503054463202689	0.0520136281685598	0.0293376966002683	0.0302589612745163	0.0301905898267579	0.0262127522984574	0.00099285464699113	0.00231144047190827	0.00211124707324976	0.00158445780785085	0	0	0	0	0	0	0	0	0	0	0	0	0	0	0	0	0	0	0	0	0	0	0	0	0	0	0	0
2025-02-02	0	0	0	0	0	0	0	0	0	0	0	0	0	0	0	0	0	0	0	0	0	0	0	0	0	0	0	0	0.0157263418400254	0.0179777672598109	0.0180914942743572	0.0182043966258065	0.0563889022415432	0.0557625800280218	0.0560422173553375	0.0528063003750975	0.101950131348411	0.0999370037687245	0.0985204922481226	0.0985923726347417	0.130641326724071	0.130992628867902	0.131301178676425	0.132064865731601	0.140651906730361	0.141478007656492	0.141215777656729	0.139654307956418	0.121373292430388	0.121695918945389	0.126407466557122	0.121523322067101	0.0949388965037855	0.0942229470558669	0.0916494743406401	0.0931886820997076	0.0608599280006048	0.0585041786940789	0.0604615224925121	0.0571743708128042	0.0270897738282888	0.0232206312179158	0.0222451134104627	0.0234444815433327	0.00261594437771066	0.000953140011530576	0.00159597540094123	0.00383494020981754	0	0	0	0	0	0	0	0	0	0	0	0	0	0	0	0	0	0	0	0	0	0	0	0	0	0	0	0
2025-02-03	0	0	0	0	0	0	0	0	0	0	0	0	0	0	0	0	0	0	0	0	0	0	0	0	0	0	0	0	0.0413105747347037	0.0411280306010851	0.0403577061335653	0.039203688530646	0.0954250135988371	0.0965621693388531	0.0945108013344531	0.0945020157278568	0.13723264926872	0.138039577668163	0.138720708728536	0.138007064334582	0.161613367925633	0.164342350762852	0.162921112144438	0.163123169167077	0.172861289199457	0.174199019591569	0.17484224913127	0.172097442077704	0.172507237241719	0.172560213825401	0.173079743165061	0.166852805767819	0.155081654105854	0.151450376178959	0.155644741274737	0.156823228440451	0.121387544162958	0.124976447782767	0.123889393124085	0.121746614930191	0.0736462227836291	0.0749132456827269	0.0724019936767095	0.0720385378569344	0.0154384696038204	0.0142498279437741	0.0143632783514976	0.0139484241009078	0	0	0	0	0	0	0	0	0	0	0	0	0	0	0	0	0	0	0	0	0	0	0	0	0	0	0	0
2025-02-04	0	0	0	0	0	0	0	0	0	0	0	0	0	0	0	0	0	0	0	0	0	0	0	0	0	0	0	0	0.0442722980817588	0.0430747345135745	0.0449317866836435	0.0427211807210231	0.100559793327341	0.0978321607251558	0.100842059638228	0.100765986309276	0.137459383197284	0.141579666894448	0.141153703895736	0.142807246012531	0.165871601923197	0.165852774001707	0.16344879242176	0.164826831653337	0.174885911299575	0.177043351410343	0.172195658856341	0.174875078433741	0.17014508781507	0.171662988616652	0.171581216754397	0.171610706813881	0.155919854306789	0.155281336355556	0.155965154683129	0.155833654654526	0.126171260181319	0.122827582990232	0.124420037038397	0.125581119790052	0.0750846672904901	0.0763167386365981	0.07727702739529	0.0743215666776218	0.0165887818170118	0.0164962153393975	0.0152476140470739	0.0176673887965168	0	0	0	0	0	0	0	0	0	0	0	0	0	0	0	0	0	0	0	0	0	0	0	0	0	0	0	0
2025-02-05	0	0	0	0	0	0	0	0	0	0	0	0	0	0	0	0	0	0	0	0	0	0	0	0	0	0	0	0	0.0468391317698084	0.0463693613177819	0.0462535276594483	0.0445379792529614	0.101520140425337	0.100486911181146	0.102104385395794	0.100888562997724	0.138523100133539	0.141667318083262	0.142290607931707	0.140518973851492	0.166628372167102	0.166502132052761	0.166760379803938	0.1621091159762	0.173741151966482	0.177409669830751	0.177747243109521	0.175101935093245	0.173483881973399	0.173475007753013	0.172277526311015	0.172763583962572	0.156165565744919	0.155583872197512	0.157003594328427	0.157246967729142	0.124883668710139	0.125001155934904	0.124514482575027	0.125600692779929	0.0755356065826483	0.0752575236595991	0.0780101963221981	0.0751966734355544	0.016324823283505	0.0175238901392993	0.0165092651383213	0.0156420214388745	0	0	0	0	0	0	0	0	0	0	0	0	0	0	0	0	0	0	0	0	0	0	0	0	0	0	0	0
2025-02-06	0	0	0	0	0	0	0	0	0	0	0	0	0	0	0	0	0	0	0	0	0	0	0	0	0	0	0	0	0.0400269591408351	0.0409359736306997	0.0400356422686419	0.0430014249598234	0.0920762802911817	0.097004032279715	0.0954408761092387	0.0934788113198646	0.134231740770999	0.137766949587057	0.135904744917062	0.136096564724883	0.16067323310103	0.163038527875897	0.163906372581502	0.162381866441572	0.171407753671074	0.173927684928717	0.175063831707843	0.175600729692367	0.172459043386123	0.172809463613401	0.171112181221212	0.171619311779264	0.157748932402492	0.156060485438953	0.155508177219285	0.154682404939269	0.123436741227196	0.124954580112504	0.123734576606245	0.125874102054054	0.0766771058273751	0.07311398464289	0.0759998180028243	0.0772090915269106	0.0179289732273153	0.0150046372942582	0.0159797593948808	0.0180866300835457	0	0	0	0	0	0	0	0	0	0	0	0	0	0	0	0	0	0	0	0	0	0	0	0	0	0	0	0
2025-02-07	0	0	0	0	0	0	0	0	0	0	0	0	0	0	0	0	0	0	0	0	0	0	0	0	0	0	0	0	0.0131303016570585	0.0122550620668442	0.0124522652649162	0.011162371011181	0.0302330424323538	0.0316931329130929	0.0321599098082837	0.0299139148462696	0.045262444784095	0.0498052855492781	0.0475495098078017	0.0483827598588251	0.0622997236296036	0.0653094002457701	0.0652207133228082	0.0651701628018182	0.0846603691127625	0.0833261277902272	0.0852561661507488	0.0847573369462614	0.0845122979973434	0.0854675003492032	0.0869585950056212	0.0860616066478322	0.0670190247470816	0.0666679164985395	0.0677485546825286	0.0675645040718504	0.0485966516585874	0.0495820743169003	0.0469296979074623	0.0458915761170501	0.0266915468519145	0.02287249484925	0.0220407462861631	0.0233952120126724	0.00426139407990088	0.00492301640503407	0.00390530255319167	0.00191028696187338	0	0	0	0	0	0	0	0	0	0	0	0	0	0	0	0	0	0	0	0	0	0	0	0	0	0	0	0
2025-02-08	0	0	0	0	0	0	0	0	0	0	0	0	0	0	0	0	0	0	0	0	0	0	0	0	0	0	0	0	0.0391755493394775	0.0418198487583891	0.0396975884354062	0.0403070134667272	0.0990263094622595	0.0983810302453228	0.104971822943456	0.101620837348962	0.141639390697139	0.139986170931973	0.141750279548667	0.139624158822221	0.152359447671366	0.151695143906298	0.151453196328021	0.156492212094316	0.145578052045796	0.14503548792192	0.144152277585605	0.146234182446679	0.130965709095538	0.131566494035662	0.130326765953897	0.133141030914903	0.123183759823428	0.122854955606953	0.12063576575439	0.122325518815229	0.0991301283665181	0.0968423687941432	0.0967068727291115	0.0993206301102272	0.0608458122861823	0.0616463028479568	0.0603327556049764	0.0601751292608846	0.0140046318709047	0.0151175598318124	0.0136442128641772	0.0152335954331057	0	0	0	0	0	0	0	0	0	0	0	0	0	0	0	0	0	0	0	0	0	0	0	0	0	0	0	0
2025-02-09	0	0	0	0	0	0	0	0	0	0	0	0	0	0	0	0	0	0	0	0	0	0	0	0	0	0	0	0	0.0420804966090818	0.0446240182951391	0.0434737926163815	0.0428216924793977	0.101142795444115	0.103726535878943	0.102364999444037	0.0987656692329056	0.139871653256479	0.139605875947559	0.139959945237605	0.139562525558357	0.166872999609579	0.165190780672153	0.162619476588546	0.166316743129722	0.173246803519194	0.175052947222431	0.174522651558297	0.179177597700078	0.171536235699699	0.172413902267917	0.171331426928051	0.172718435104333	0.152067297455406	0.151727804992414	0.154909242737988	0.154295654814192	0.112456101668159	0.112526154366086	0.114481045956086	0.11153669800967	0.0683773345937708	0.0713296833246411	0.0712057374836489	0.0720872445979391	0.0155364586810547	0.0183218855710985	0.0140839954639928	0.018057660283854	0	0	0	0	0	0	0	0	0	0	0	0	0	0	0	0	0	0	0	0	0	0	0	0	0	0	0	0
2025-02-10	0	0	0	0	0	0	0	0	0	0	0	0	0	0	0	0	0	0	0	0	0	0	0	0	0	0	0	0	0.0130475271448248	0.0136375800628312	0.0129653814460175	0.0163495113463264	0.0376503875110124	0.0359372664328806	0.0366434811612013	0.0357688648949057	0.0595900951624035	0.0624844400516632	0.0609817393419496	0.0629437254439837	0.0882444993915764	0.0891083132675153	0.089361790748463	0.0892853965924453	0.106688483046227	0.102785299529163	0.102429666969058	0.102096550455552	0.0984782529863764	0.0997860973064295	0.0984446998275919	0.0972909498796023	0.0767192226845091	0.0794484098962367	0.0789570149734917	0.0798753524457624	0.0519872149378583	0.0543969861599107	0.052628746054948	0.0529870528472829	0.0306631274531207	0.0288943343258622	0.0279231439404633	0.0295193942805538	0.00471852015861771	0.00593222278357619	0.00528653863626805	0.00606271842153805	0	0	0	0	0	0	0	0	0	0	0	0	0	0	0	0	0	0	0	0	0	0	0	0	0	0	0	0
2025-02-11	0	0	0	0	0	0	0	0	0	0	0	0	0	0	0	0	0	0	0	0	0	0	0	0	0	0	0	0	0.0192718109028164	0.019645840403544	0.0191887302004838	0.0218936184931558	0.0514082128497723	0.0482209934304972	0.052323884009281	0.0520469097104494	0.101088488221094	0.101812907999599	0.100280923060211	0.100817680719097	0.106945684707657	0.106645059536686	0.103360665111074	0.106048590644583	0.105462100752084	0.105411662213453	0.106053706509413	0.105072530525049	0.105268377375514	0.107354706246464	0.106666164545375	0.106710751832647	0.112532503049372	0.112471373652363	0.112101545791164	0.1068945775071	0.0921158439319948	0.0931108368851167	0.0935510436274619	0.0922222755554267	0.0464684789736235	0.0480366579502919	0.0461436996463669	0.0463511634297177	0.00917164417599037	0.00618614392050333	0.00750295116323822	0.0101392607402681	0	0	0	0	0	0	0	0	0	0	0	0	0	0	0	0	0	0	0	0	0	0	0	0	0	0	0	0
2025-02-12	0	0	0	0	0	0	0	0	0	0	0	0	0	0	0	0	0	0	0	0	0	0	0	0	0	0	0	0	0.007863810365641	0.00508854076668222	0.00470206965779237	0.00434557920988441	0.0165226154086379	0.016624756599919	0.0173698105529089	0.0154828174385342	0.0229825102475642	0.0242541941174764	0.0218851381464487	0.0228781574885107	0.0314807451263291	0.029375882346085	0.030426203554774	0.031717168972812	0.0345653390585491	0.0348130563592495	0.0345432374256991	0.0340783671565023	0.0401381532895429	0.0413009530440743	0.0401519600358332	0.0364089336305495	0.0407719974613787	0.0414869852398801	0.0419628797882544	0.0427781375104868	0.0381351876515154	0.0381026996338424	0.0376610203851892	0.037101092329453	0.0167781455843237	0.0226128340305995	0.0222674858444888	0.022341534540588	0.00222495155129467	0.00116529651766255	0.00478660271431867	0.00282314921672411	0	0	0	0	0	0	0	0	0	0	0	0	0	0	0	0	0	0	0	0	0	0	0	0	0	0	0	0
2025-02-13	0	0	0	0	0	0	0	0	0	0	0	0	0	0	0	0	0	0	0	0	0	0	0	0	0	0	0	0	0.0212510622927386	0.019080376533086	0.0206018783270039	0.0200666828471715	0.0551550857121796	0.0560047147646731	0.0568876284676387	0.0559525710555086	0.103972365961107	0.105942031322705	0.102203819934438	0.10588178278175	0.149691412716184	0.151826817860267	0.149221783579296	0.149259985844253	0.16960527968334	0.170495824775436	0.170101427542247	0.169797467998977	0.165726420287353	0.169581879573858	0.168219662000702	0.167472038138088	0.149954423531919	0.1494566298053	0.151926956093687	0.152661990569094	0.11338701310002	0.116088730820574	0.1144260574029	0.115098198676506	0.0780472668961131	0.077458659664718	0.0796287698909783	0.0788653035481905	0.0183982017890568	0.0206784098706831	0.0189599797634503	0.0169634085768097	0	0	0	0	0	0	0	0	0	0	0	0	0	0	0	0	0	0	0	0	0	0	0	0	0	0	0	0
2025-02-14	0	0	0	0	0	0	0	0	0	0	0	0	0	0	0	0	0	0	0	0	0	0	0	0	0	0	0	0	0.0427469021341778	0.0434292175234885	0.0431006809759151	0.0447231993664186	0.0935518192597644	0.0922226319004079	0.0934848405414489	0.0947407082983788	0.12923708572118	0.127930495822844	0.127025843681669	0.124806574774307	0.152768683580741	0.153859964789074	0.151451218629975	0.14992013300021	0.168781926024824	0.166958711359035	0.164148332356443	0.168111030259698	0.164848601150561	0.163721612608965	0.163502743901625	0.163927042338849	0.144448873384564	0.145591018280905	0.143542200098151	0.145417908236381	0.121268582154575	0.119840985915547	0.12160254623626	0.119287885693618	0.0724478210446508	0.077662608732139	0.0743869906654219	0.0745025795577883	0.0177439000587053	0.0203765100202328	0.022076005685486	0.017803584235576	0	0	0	0	0	0	0	0	0	0	0	0	0	0	0	0	0	0	0	0	0	0	0	0	0	0	0	0
2025-02-15	0	0	0	0	0	0	0	0	0	0	0	0	0	0	0	0	0	0	0	0	0	0	0	0	0	0	0	0	0.02239484486578	0.023363002807147	0.0219482000411991	0.024293952285874	0.0580157747745742	0.057739641316173	0.0581738398536972	0.0560707440555556	0.0840773460175436	0.0846438597128312	0.0839759477737931	0.0843028464958321	0.0980354045045013	0.10169515150083	0.0995742332041218	0.100695210790547	0.110687628994261	0.11218705268146	0.10932070275178	0.109804615572499	0.117168819725822	0.115350554664496	0.117581550789934	0.116899074819747	0.107247396897849	0.109703925833075	0.109234518634423	0.111814158634653	0.0919696037176274	0.087910921832473	0.0877559564113936	0.0883635180385061	0.0530517122315892	0.0528816476411657	0.0544924021204931	0.052574238006752	0.0130745863943453	0.014228270923033	0.0114583012317747	0.0142388414508471	0	0	0	0	0	0	0	0	0	0	0	0	0	0	0	0	0	0	0	0	0	0	0	0	0	0	0	0
2025-02-16	0	0	0	0	0	0	0	0	0	0	0	0	0	0	0	0	0	0	0	0	0	0	0	0	0	0	0	0	0.0165398207909231	0.0169138553708846	0.0160188823212139	0.0185274415169783	0.056666745444927	0.0591390412469281	0.0573289522831288	0.0588652610250161	0.101423664407455	0.100100087024585	0.0973815539896229	0.0990946945783375	0.134017246436528	0.133198095266417	0.131220970650172	0.134563687646884	0.160713765532754	0.162180742646279	0.162817784162084	0.160287707658883	0.16598304316688	0.167118251747475	0.165756293377427	0.165142411708219	0.155383569508558	0.152900651946025	0.153749290392463	0.153966488152954	0.123759976183103	0.125350693626736	0.121875871947075	0.123013458243085	0.0726094078567137	0.0724040636382431	0.0708694237925021	0.0731171047125411	0.0179988408645626	0.0179302406039363	0.0192049059259444	0.0168660126055568	0	0	0	0	0	0	0	0	0	0	0	0	0	0	0	0	0	0	0	0	0	0	0	0	0	0	0	0
2025-02-17	0	0	0	0	0	0	0	0	0	0	0	0	0	0	0	0	0	0	0	0	0	0	0	0	0	0	0	0	0.0422659947592325	0.04507404782284	0.0439425962386502	0.0427173611792773	0.0924462392826662	0.0924145911708673	0.0929948576320895	0.0931443119143771	0.131048004504962	0.130613837210967	0.130703961179721	0.13163419710435	0.148369801392065	0.152343945467141	0.151050920304989	0.151235332835805	0.155268427552893	0.157195090211043	0.159660648824106	0.156875833411958	0.149740870551857	0.152349263183715	0.154750362695988	0.15215950356844	0.133488935618419	0.136333734986948	0.13677559767158	0.133401731723053	0.106988329514306	0.105756607132083	0.109634646752873	0.106620416600738	0.0671237149303968	0.0648751010653199	0.0648101791540776	0.0671910048502057	0.0167173743432083	0.0172558747911782	0.0179150594928659	0.0181116913727476	0	0	0	0	0	0	0	0	0	0	0	0	0	0	0	0	0	0	0	0	0	0	0	0	0	0	0	0
2025-02-18	0	0	0	0	0	0	0	0	0	0	0	0	0	0	0	0	0	0	0	0	0	0	0	0	0	0	0	0	0.0252265583405736	0.0253028493926221	0.0267287463620243	0.02474184590478	0.0533692613840566	0.0524594587196851	0.0547917530954689	0.0543795268007893	0.0882837247228334	0.090470497598033	0.0885151081996605	0.0877306694794731	0.111654663881824	0.111888916156755	0.111824104334264	0.109632315627158	0.109885814775841	0.109316601903549	0.109747356855748	0.110050226464863	0.100259963316761	0.100695010888807	0.103137487750258	0.102907538044174	0.0903210862936337	0.0917821054613011	0.0958807837559366	0.0920160244891287	0.0799860506791339	0.079981316230175	0.0795787245294204	0.0804539085612706	0.0545358762528686	0.0516711252235649	0.0544016088827319	0.0543913896408346	0.012116448385609	0.0116974285295673	0.0116016196451519	0.0105845034396719	0	0	0	0	0	0	0	0	0	0	0	0	0	0	0	0	0	0	0	0	0	0	0	0	0	0	0	0
2025-02-19	0	0	0	0	0	0	0	0	0	0	0	0	0	0	0	0	0	0	0	0	0	0	0	0	0	0	0	0	0.0112042661112428	0.012302447096329	0.0161610452217788	0.0133322415706493	0.0355955521196786	0.0345694621623736	0.0339954178930523	0.0338395678248955	0.0579165497050054	0.0552645653613685	0.0562315626723371	0.0555873222612889	0.0740390590716337	0.074708848905164	0.0747367195198898	0.0745153725033124	0.0808842823089476	0.0790217622462593	0.0798395360481059	0.0802544193966872	0.0759858335759235	0.0783569074147854	0.0804632160835738	0.0781940429257172	0.0721282998342419	0.0775551876340369	0.0744219009326205	0.0708946115991008	0.064594993829269	0.0672540352774273	0.0668772758956931	0.0672736949976107	0.0476051363318108	0.0466974666366187	0.0492080531982006	0.0474893438333699	0.0140480716667421	0.0133265776774265	0.0170150853335139	0.0126102653223175	0	0	0	0	0	0	0	0	0	0	0	0	0	0	0	0	0	0	0	0	0	0	0	0	0	0	0	0
2025-02-20	0	0	0	0	0	0	0	0	0	0	0	0	0	0	0	0	0	0	0	0	0	0	0	0	0	0	0	0	0.0140448799332989	0.0136003435847783	0.0147407942082668	0.011613982273656	0.0424738596534295	0.043814267906642	0.0406067878081296	0.0421050846317989	0.0654751954669803	0.0647604478017167	0.0665814207510977	0.0651829359802053	0.085812624305904	0.0861983095148213	0.0868719273816822	0.0841171387975925	0.0991215494554647	0.0973141336156829	0.0983288185722428	0.10023549835661	0.0910378160868485	0.0895307777325649	0.0890131338863747	0.0884182722942119	0.0918262820048375	0.0907823120839612	0.0923289461694763	0.092062459741725	0.0693160874685481	0.0686043029180795	0.0682517355569061	0.0698278740564663	0.0371809390993081	0.0406309710926977	0.0399332759937876	0.0382548138142065	0.0123755649036517	0.0119377444802997	0.0117662768888453	0.0129204137272033	0	0	0	0	0	0	0	0	0	0	0	0	0	0	0	0	0	0	0	0	0	0	0	0	0	0	0	0
2025-02-21	0	0	0	0	0	0	0	0	0	0	0	0	0	0	0	0	0	0	0	0	0	0	0	0	0	0	0	0	0.00473392246048226	0.00311237489326907	0.00445392346050434	0.00269977918574434	0.0153667183879066	0.0184457958069169	0.0138213130951285	0.0153661727100481	0.0329769921415059	0.0296620024348884	0.0354235163242663	0.0329374890993394	0.0469591529381108	0.0514543424007363	0.0521123304754202	0.0514741741857327	0.0704030731738556	0.0686926389886988	0.0698032357683018	0.0691010520691437	0.0588883635952756	0.0603353105255495	0.0565514255648229	0.060224900314352	0.0437055148449381	0.0469591503990892	0.0447224620373479	0.0476128727186248	0.0300905380236094	0.0319873085151945	0.0300599015019063	0.0298622519592898	0.0143300771296191	0.0145916971797799	0.0150504025083445	0.0160278231822566	0.00367557731726329	0.00192405188554239	0.0028643140238209	0.00153605677337342	0	0	0	0	0	0	0	0	0	0	0	0	0	0	0	0	0	0	0	0	0	0	0	0	0	0	0	0
2025-02-22	0	0	0	0	0	0	0	0	0	0	0	0	0	0	0	0	0	0	0	0	0	0	0	0	0	0	0	0	0.022571375970658	0.0264158823364652	0.0225538661628707	0.0234588755300061	0.0621306337490093	0.0638239157857885	0.0616746900841229	0.0633707603810793	0.0852655284349376	0.0843715479345495	0.0854347072099781	0.0869282164205348	0.0683199107326141	0.0678512979719387	0.0675833332622287	0.0682454580332184	0.0559830050722239	0.0549742066351686	0.0579375084161966	0.0551052798764109	0.0446746595759257	0.0415403341091523	0.0426971939193847	0.0430878123955374	0.030597023235979	0.0315298627615883	0.0317760367166835	0.0310970772857491	0.0213329075964714	0.020728715925594	0.0222069377149724	0.0237314387629622	0.0112027995751181	0.0145036417348558	0.0116946297702462	0.0115989289197799	0.00262224758325417	0.00170072406446381	0.00297114991349098	0.000705878438791032	0	0	0	0	0	0	0	0	0	0	0	0	0	0	0	0	0	0	0	0	0	0	0	0	0	0	0	0
2025-02-23	0	0	0	0	0	0	0	0	0	0	0	0	0	0	0	0	0	0	0	0	0	0	0	0	0	0	0	0	0.0208894252896231	0.0230630760982333	0.0223953228289881	0.0246521757831556	0.0534766238836135	0.0541892556562752	0.0555412617969185	0.0557928586631928	0.0829634678730675	0.0836732044589852	0.0832675068933804	0.0830958207745669	0.113758188578169	0.114850732559557	0.112739379914984	0.11565169894729	0.14547785413806	0.146116905484074	0.143269596452837	0.144135643925029	0.162061345740984	0.162880443096654	0.164327479543521	0.161730731618841	0.151451496383242	0.152598234967053	0.155291938881525	0.15165832976818	0.122855494799679	0.122699749913693	0.124802958906017	0.12364179638061	0.0729383067376965	0.0720437987796687	0.0716201455624821	0.0723977489201527	0.0198742090476377	0.0232754167087348	0.0228982442955749	0.0229521299480526	0	0	0	0	0	0	0	0	0	0	0	0	0	0	0	0	0	0	0	0	0	0	0	0	0	0	0	0
2025-02-24	0	0	0	0	0	0	0	0	0	0	0	0	0	0	0	0	0	0	0	0	0	0	0	0	0.000811722258971316	0.000824164063004432	0.00146286790050932	0.000901245777514935	0.0476919647241751	0.0455815553197209	0.0479099776893838	0.0458165022667201	0.0939870914980018	0.0916503533102355	0.0929997600075899	0.0913627951841727	0.124427191116592	0.130035020973804	0.130163164462668	0.132374623446937	0.14474912694934	0.146579109760552	0.144609555206883	0.146062208083224	0.139409471125128	0.134129714685803	0.135208988901001	0.136251825288067	0.106764344920988	0.106832478422231	0.107643692618059	0.108759484038723	0.0710057547176032	0.0720095026420566	0.0717001876905712	0.073284554949769	0.0447032149897493	0.0425717997847216	0.0430908381634089	0.0376341470621201	0.0162099761813916	0.0170756205563801	0.0190326891705202	0.0156817140917082	0.00545306159952505	0.0036325924892907	0.00227930186732641	0.00163504404385784	0	0	0	0	0	0	0	0	0	0	0	0	0	0	0	0	0	0	0	0	0	0	0	0	0	0	0	0
2025-02-25	0	0	0	0	0	0	0	0	0	0	0	0	0	0	0	0	0	0	0	0	0	0	0	0	0	0	0	0	0.011153358824786	0.0149601988750542	0.012115196847933	0.0107712454522268	0.042688144919124	0.0421491810938858	0.043161091458149	0.0420015825288413	0.0649949225986566	0.0653522103058673	0.0642191978664461	0.0644336692290299	0.0721915163093005	0.0714784090965766	0.0733584759628217	0.0749715986313011	0.0692267933679994	0.0707705334886385	0.0712282917516577	0.0727743813917045	0.0547358046673364	0.0553784504955707	0.0542871758827987	0.0535985689542942	0.0350402062914784	0.0382320757825723	0.0349000984315099	0.0378276194944394	0.0265346840473291	0.0266859240563249	0.025880006401015	0.027899385495331	0.0195458565637607	0.0193673093469346	0.0196411529909912	0.0204456810983134	0.00209098915829815	0.00611342614835343	0.00459571573020078	0.00419986896314764	0	0	0	0	0	0	0	0	0	0	0	0	0	0	0	0	0	0	0	0	0	0	0	0	0	0	0	0
2025-02-26	0	0	0	0	0	0	0	0	0	0	0	0	0	0	0	0	0	0	0	0	0	0	0	0	0.00412960144989596	0.00328339152097599	0.00430369362445442	0.00328331340467363	0.0632267536164958	0.0636765555392633	0.069488847172361	0.0656078436718799	0.118295499361577	0.118705271499846	0.1198469649913	0.118152264147277	0.156536024115496	0.156692984554145	0.157057645736672	0.156713345593687	0.178667214283595	0.176780866868797	0.17820504840172	0.178346870445888	0.187931130904724	0.190344652998694	0.189524033467977	0.191200182628605	0.187579374971677	0.186542568439776	0.186950806305152	0.185927250283396	0.171031230153253	0.171933553502402	0.171072062208085	0.17096315413626	0.144780434726789	0.142190770609581	0.141495742979367	0.140533051684262	0.0965045959797761	0.0985223932241529	0.0973521992623426	0.0986208115337285	0.037401513938972	0.0387617036973955	0.0390254304601026	0.0388113519035299	0	0	0	0	0	0	0	0	0	0	0	0	0	0	0	0	0	0	0	0	0	0	0	0	0	0	0	0
2025-02-27	0	0	0	0	0	0	0	0	0	0	0	0	0	0	0	0	0	0	0	0	0	0	0	0	0.0016598749367093	0.000894227141605988	0.000169676368653142	0.000276221553031569	0.0393178934374268	0.0433515580963295	0.0399503094303987	0.040380239035845	0.0773879620688429	0.0824886118569025	0.0790464279204108	0.0770769981538438	0.10312958032645	0.103307206962	0.102721796575451	0.102841416136099	0.12467166686537	0.12538173057499	0.124016529236195	0.124930073323446	0.118226177723252	0.116872377106674	0.120463420535205	0.119438024634869	0.0819342339475299	0.0818414329562313	0.080174209655978	0.0800501234402608	0.047455991819889	0.048319098683857	0.0460694889189293	0.0451554205773247	0.027600713195705	0.0296581037517695	0.027444394960105	0.0262967880924205	0.0140753468255844	0.0136851735578332	0.0166855485560952	0.0135539310604871	0.00419849962852509	0.00283801968631897	0.00117060218747384	0.00579287849768209	0	0	0	0	0	0	0	0	0	0	0	0	0	0	0	0	0	0	0	0	0	0	0	0	0	0	0	0
2025-02-28	0	0	0	0	0	0	0	0	0	0	0	0	0	0	0	0	0	0	0	0	0	0	0	0	0.000723374484823411	0.000518434361815325	0.00102213228431521	0.000736058869046052	0.0301619911067476	0.0306451931565514	0.0322996996598687	0.0318931160768324	0.0759700480066677	0.0752255530652615	0.0750136353399457	0.0737907635881251	0.113203145642727	0.112578560365188	0.114290933221312	0.113927360770773	0.14134488384467	0.140022589849903	0.139198868059522	0.142433658245905	0.163641363065765	0.165819911985849	0.165810780949277	0.163727943999109	0.169151728038189	0.169094802920661	0.168965254485072	0.168788214556079	0.150684278046595	0.152526416465302	0.154984119557125	0.152805185930978	0.118598869011566	0.119253221871133	0.119413189514573	0.118734719602728	0.070465314351503	0.0723896223878232	0.0731870411261853	0.0709580221344884	0.0198289760099706	0.0217387016926672	0.0191076313655752	0.0203246909317871	0	0	0	0	0	0	0	0	0	0	0	0	0	0	0	0	0	0	0	0	0	0	0	0	0	0	0	0
2025-03-01	0	0	0	0	0	0	0	0	0	0	0	0	0	0	0	0	0	0	0	0	0	0	0	0	0.0016141895282372	0.000129636352370354	0.000720247886343101	0.000535926233049349	0.0263320625057445	0.0249578825170764	0.0236973774451336	0.0240126775320454	0.0594985595262578	0.0588830467655705	0.0620620201992829	0.0625563735088888	0.096431394790564	0.100297592154099	0.0977576433060523	0.0945133697492851	0.117952155121486	0.121235246986834	0.117659626748728	0.119152971142953	0.118388708396464	0.11798870047152	0.120321516526512	0.120301074605504	0.109882172576136	0.108011361218303	0.107651172452587	0.107455293752973	0.0980653816509432	0.0994203255157234	0.097626875135433	0.0968874176979004	0.0752155989658235	0.0769703086500381	0.0767607832156524	0.077053309168486	0.0421595935758927	0.0411330786186238	0.0437927146901207	0.0419146131153627	0.0144212721939536	0.00985231239138981	0.0108408600925449	0.0128855553221117	0	0	0	0	0	0	0	0	0	0	0	0	0	0	0	0	0	0	0	0	0	0	0	0	0	0	0	0
2025-03-02	0	0	0	0	0	0	0	0	0	0	0	0	0	0	0	0	0	0	0	0	0	0	0	0	0	0	0	0	0.0094468329759492	0.0120222733090314	0.0129447381216794	0.01358615559334	0.0286557622649213	0.0236341887043049	0.025195837985963	0.0245142110448108	0.0399384297563534	0.0396142946918451	0.0391591907015099	0.0392880848502916	0.0550223539085103	0.0563893602101706	0.054470800627485	0.0561174852538342	0.0708006980098142	0.0713866535735279	0.0703293706508885	0.0704832777657694	0.0847852465103267	0.0843997418174584	0.0859608469235092	0.0858541647487057	0.083855047276112	0.0837772197432643	0.0843235071701907	0.088044225810433	0.0696555468154858	0.0689443228777063	0.0685213597871987	0.0688787705196092	0.0409409707516667	0.042030037085339	0.0455260346780843	0.04150295748491	0.0119902383315765	0.0133532524878449	0.0141710640076259	0.0144854451729527	0	0	0	0	0	0	0	0	0	0	0	0	0	0	0	0	0	0	0	0	0	0	0	0	0	0	0	0
2025-03-03	0	0	0	0	0	0	0	0	0	0	0	0	0	0	0	0	0	0	0	0	0	0	0	0	0	0	0	0	0.00457596651745748	0.00500017550535346	0.00738219942571387	0.00404165855147519	0.0159203325805612	0.0207683300103673	0.0181362328969453	0.0181751045121262	0.0462301074989264	0.0442666698562267	0.0385416420350612	0.0439615806097857	0.0781037214245089	0.077934807480548	0.0765562669388122	0.076405204156131	0.0963761724109311	0.0961594845856154	0.0967995952909155	0.096664747712538	0.0827908512806326	0.0817448516959852	0.0818825885926482	0.082581708430734	0.0624349180043081	0.0637054507125013	0.0624623667061082	0.0603972645770824	0.040656428982184	0.0422155474677194	0.041547493808687	0.0415805297414096	0.0236504711323861	0.022069970465815	0.0221655613044577	0.0231139970973413	0.00724697538530762	0.0044412934960549	0.0060952153663626	0.00621651575227488	0	0	0	0	0	0	0	0	0	0	0	0	0	0	0	0	0	0	0	0	0	0	0	0	0	0	0	0
2025-03-04	0	0	0	0	0	0	0	0	0	0	0	0	0	0	0	0	0	0	0	0	0	0	0	0	0.000794041192601819	0.00228052794453816	0.00337348952887217	0.000551941333987858	0.0391872222888198	0.0365811138728003	0.0354364111705832	0.0367952526677967	0.0908663839293145	0.0939244123799762	0.0968040067507676	0.0954051969399418	0.135004280069163	0.131986963439309	0.134004482023697	0.136004274467831	0.156780286261433	0.157297987404395	0.154987950708559	0.155933775625613	0.16892270596138	0.16282619391316	0.165929271773193	0.166321828352267	0.166151998189161	0.166979222007478	0.170186463058875	0.167682316744487	0.158835230415616	0.155572608327839	0.156826640345276	0.158765520911269	0.132823913248394	0.132129964806055	0.131112943402709	0.132933178542843	0.0919935692824823	0.0922513666548119	0.0898644221419045	0.0898906419208013	0.0369881681883597	0.0355438792064483	0.0376408093483026	0.0368271432568894	0	0	0	0	0	0	0	0	0	0	0	0	0	0	0	0	0	0	0	0	0	0	0	0	0	0	0	0
2025-03-05	0	0	0	0	0	0	0	0	0	0	0	0	0	0	0	0	0	0	0	0	0	0	0	0	0.00360872254657979	0.00546406236016239	0.00443663898478431	0.00749057610847351	0.0581968930120805	0.0557815707596599	0.0552592485057904	0.0577622877224692	0.11049412863124	0.104818574600724	0.106351496096678	0.107335800671358	0.147396306362897	0.141631628759487	0.14119107425469	0.143780990622926	0.163513188461179	0.163832434441877	0.164934820416369	0.164719556680575	0.171434603335532	0.167837012845543	0.168599877164908	0.169128506654017	0.169791363813906	0.16936374385139	0.17045582358926	0.170389068745443	0.153673538383589	0.151747754428685	0.151755628765668	0.152823078422058	0.117588288442702	0.117657531648839	0.122421717930067	0.119332461978391	0.072709744621956	0.0723790496146229	0.0733870012807802	0.0705242044826409	0.0263545691178017	0.0255615275544321	0.0271864933467827	0.0238974099809835	0	0	0	0	0	0	0	0	0	0	0	0	0	0	0	0	0	0	0	0	0	0	0	0	0	0	0	0
2025-03-06	0	0	0	0	0	0	0	0	0	0	0	0	0	0	0	0	0	0	0	0	0	0	0	0	0.00107944643550766	0.00128757002618941	0.00179209420452411	0.00084088933377882	0.0299204630423502	0.0275257670610897	0.0272423206793497	0.0273114492172103	0.0801618287841364	0.0786437710633048	0.0801931599358743	0.0790012402166845	0.119177529007914	0.11887388458419	0.118560042667781	0.120388543740115	0.142326658409359	0.146725445444575	0.143214255758189	0.141733640387876	0.145857230795673	0.144855704817215	0.142858645130441	0.144428419256671	0.127606115605438	0.128401187421185	0.128504323676648	0.129488373296728	0.10300639854359	0.101667840513253	0.102315659416434	0.102010101526723	0.0783657092586877	0.0841563913226542	0.0766217818400481	0.0788561175786101	0.0643488648484001	0.0634671182317866	0.063808940813646	0.0623750761061674	0.0250682458461432	0.0237725793777986	0.0246216793722022	0.0255374954038561	0	0	0	0	0	0	0	0	0	0	0	0	0	0	0	0	0	0	0	0	0	0	0	0	0	0	0	0
2025-03-07	0	0	0	0	0	0	0	0	0	0	0	0	0	0	0	0	0	0	0	0	0	0	0	0	0.00100900683371063	0.00023254430517002	0.000542350100533209	0.000216098760586142	0.0136172118482916	0.0127158442224881	0.0157791019783708	0.0168878419508495	0.0281944169534842	0.0245541809853005	0.0279203842699957	0.0293310177912197	0.0438243027569086	0.0423387642396389	0.0426718669827455	0.0451650660207069	0.06519256395687	0.0660033068281088	0.0639870141463126	0.0668171150687086	0.0842128162978128	0.0858817619674907	0.0824626470521661	0.0864427746825304	0.0840290399161811	0.0844106337494947	0.0835435555183331	0.0840167708159912	0.0726704088912761	0.0728707895287209	0.0698095981339029	0.0726492034461001	0.0559459992864578	0.056052310856575	0.0560826158771389	0.0559190739798283	0.0363726479740441	0.0374157536118588	0.0387040550856485	0.0365075433284486	0.0115393485672452	0.0145994975243962	0.0128533293789326	0.012007824529426	0	0	0	0	0	0	0	0	0	0	0	0	0	0	0	0	0	0	0	0	0	0	0	0	0	0	0	0
2025-03-08	0	0	0	0	0	0	0	0	0	0	0	0	0	0	0	0	0	0	0	0	0	0	0	0	0.00447740049287324	0.00249905302679956	0.00440257824875755	0.00362096823156964	0.0407450424195429	0.0400064671362608	0.0391966381669927	0.0410518522772036	0.0923994174190938	0.0931643332179352	0.0957245200414199	0.0917117293215511	0.125463184107973	0.12467221257966	0.125413675787517	0.12445092752485	0.132993372286187	0.131352405276633	0.132565624122052	0.137088598315128	0.118849913783768	0.121558368489101	0.115976123299143	0.119615594427988	0.116758378519165	0.11549122040187	0.117584460011157	0.115165941067808	0.110690771069724	0.11196211620191	0.107808326593001	0.111538786135365	0.0849656560477404	0.0865115340716714	0.086399171368916	0.0861236385116721	0.057872399751378	0.0563937597563948	0.0571214120722951	0.055612428419932	0.0208094680540659	0.0190715037290974	0.0223241556115735	0.0197948726052632	0	0	0	0	0	0	0	0	0	0	0	0	0	0	0	0	0	0	0	0	0	0	0	0	0	0	0	0
2025-03-09	0	0	0	0	0	0	0	0	0	0	0	0	0	0	0	0	0	0	0	0	0	0	0	0	0	0	0	0	0.00442129003052427	0.00317112769996641	0.00267193101890771	0.00373565125060161	0.0149770284244749	0.0201672943958671	0.0175727999564328	0.0172828772232252	0.0629554686035695	0.0623211555033905	0.0609573531776853	0.0667660227153548	0.111047639374506	0.112577705368373	0.109580912872523	0.112793742384598	0.0920966361414823	0.0926754963316462	0.0948772167447184	0.0923506507821531	0.131646710836383	0.132351015932311	0.133293984720767	0.131708288510538	0.140311336601466	0.145822290161624	0.144807370710676	0.144059002526234	0.127901643482772	0.128641950551152	0.126331150520927	0.12712525544515	0.0918768926137191	0.0883792380554749	0.0884461946721293	0.0892976746586768	0.0373757160795965	0.0367949348127337	0.0385687761823662	0.0392605729253036	0.000171486190308693	0.000557857731743081	0.000281811998839046	0.00198884407910918	0	0	0	0	0	0	0	0	0	0	0	0	0	0	0	0	0	0	0	0	0	0	0	0
2025-03-10	0	0	0	0	0	0	0	0	0	0	0	0	0	0	0	0	0	0	0	0	0	0	0	0	0.00545667548688141	0.0043273755302742	0.00486114672257098	0.00435480226027341	0.0368668043715701	0.0371656810048119	0.0373224808743113	0.0376450337493068	0.0768297176919896	0.0748815624207855	0.0749590108838173	0.0743297090034076	0.089634664213343	0.0875228437427082	0.090050957457287	0.0887915345866617	0.0591053004119442	0.0599673980749733	0.0605084425702506	0.0594188589428319	0.045847811252141	0.0405788608153755	0.0404692334822052	0.0411040944502783	0.0461080381512884	0.0460863509322546	0.0481907249973671	0.0476148859190898	0.0751718179273722	0.076282720663064	0.0767901486079539	0.0757553128016099	0.0714516340376834	0.0688156942175992	0.0696244536196996	0.0701082181250179	0.0468893343579774	0.0475421114328804	0.0471472789729395	0.0434212752362028	0.0281973733693505	0.0294865233252752	0.0278951650469486	0.0284209382584258	0.000549439546521688	0.00076110674304585	0.00118367683857606	0.000505776871856407	0	0	0	0	0	0	0	0	0	0	0	0	0	0	0	0	0	0	0	0	0	0	0	0
2025-03-11	0	0	0	0	0	0	0	0	0	0	0	0	0	0	0	0	0	0	0	0	0	0	0	0	0	0	0	0	0.0130553866681314	0.0100574510444808	0.0108336280102831	0.0120535342771047	0.0203566024877457	0.0211342757427758	0.0216658367642092	0.0208432850052693	0.0247691687212355	0.0249991997935164	0.0263420064867191	0.024889624998529	0.0661409622305571	0.0633255896859899	0.0648287110714954	0.0637047370119576	0.112642388374668	0.112959145981507	0.113004711419464	0.111393754224361	0.137629535733687	0.137387978279267	0.136711394327034	0.136271091660012	0.123525811328131	0.122126182882242	0.122364612896833	0.122983392892794	0.0991253461099328	0.0966443455276616	0.0954816112633156	0.0967486970990901	0.0629289662554374	0.0600646172554566	0.0598088472772309	0.059197569211875	0.0240211690589085	0.0238124756650219	0.0259496385683343	0.0262167167077353	0.00046476775164809	0.000244943059136499	5.83923542790669e-05	0.000231896834936345	0	0	0	0	0	0	0	0	0	0	0	0	0	0	0	0	0	0	0	0	0	0	0	0
2025-03-12	0	0	0	0	0	0	0	0	0	0	0	0	0	0	0	0	0	0	0	0	0	0	0	0	0.010415183101319	0.0130353806519902	0.0123541190819113	0.0111953171647796	0.0628372748596587	0.0618049114572996	0.0625120261201561	0.0618457875628855	0.102341523423081	0.0996599358714327	0.1024868222735	0.103511718431987	0.12376905902795	0.122031416808669	0.123022977307785	0.124176546855596	0.134203339610686	0.134499578871689	0.13232992272465	0.132967158792975	0.136587097598821	0.135210328494348	0.13696488959697	0.138237684309861	0.123017869538145	0.124411882096583	0.125596610318061	0.123973638047211	0.101746031220096	0.0995114156132946	0.0999561532079046	0.100786399958705	0.0993242732892183	0.100056072214946	0.100743054191743	0.104876600304092	0.0744768783912297	0.0735976230899199	0.0730477110398109	0.0738777874790396	0.0402189333960901	0.0409685018010232	0.0398962538395005	0.0419163109633863	0.00289228982289195	0.00120515744246738	0.00275139612934634	0.00315115660529433	0	0	0	0	0	0	0	0	0	0	0	0	0	0	0	0	0	0	0	0	0	0	0	0
2025-03-13	0	0	0	0	0	0	0	0	0	0	0	0	0	0	0	0	0	0	0	0	0	0	0	0	0.00538845520498503	0.00630722836113632	0.00752092042827894	0.0077833960055997	0.0443621978483268	0.0450774267177055	0.04536253226354	0.0451978431704276	0.0837086400912	0.0860616643374746	0.0845983690673527	0.0856313265039726	0.127973918725858	0.128773446611122	0.128683010523854	0.127569624139167	0.146950222152529	0.146633939234151	0.146261653621932	0.147154184991387	0.103226598460978	0.105207806368219	0.105303902293354	0.103261692877449	0.0562864844406326	0.0561170878507086	0.056373146482806	0.0552232812258527	0.035165380126204	0.0370639834951682	0.0387934367976661	0.0359771995809617	0.0239271241498859	0.0251709574955644	0.0252770052323235	0.0256249131222262	0.0109113599683066	0.0140890673745216	0.0121517122306505	0.0128478604265213	0.00412709434137733	0.00378165002498198	0.0048739056724733	0.00521734996116739	0	0	0	0	0	0	0	0	0	0	0	0	0	0	0	0	0	0	0	0	0	0	0	0	0	0	0	0
2025-03-14	0	0	0	0	0	0	0	0	0	0	0	0	0	0	0	0	0	0	0	0	0	0	0	0	0.00429648267675978	0.0014872888113248	0.00221764533748043	0.00199858317443499	0.0183756296857927	0.0188623369610845	0.0176848485953724	0.0190771847577504	0.0253527020201608	0.0275661769703849	0.0261300731822968	0.0269510478271575	0.0317970085087332	0.0314857264740348	0.0310213849559001	0.0296958800613319	0.037994521809217	0.0388945691112941	0.0379918871022005	0.0371190219772883	0.0427204217311641	0.0439535887832711	0.0444337384077648	0.0468922510778	0.0548418474181988	0.0525846902942391	0.055898680665201	0.0526747816223611	0.062920186740069	0.0634306592301931	0.0632975387379018	0.0653516152918361	0.0600374424592205	0.0615090974056386	0.0579869413613732	0.0584665187737676	0.0330462840017057	0.0344064243208811	0.0341087411186455	0.0314385505587678	0.0089818497623704	0.00850466260679473	0.00856494973371462	0.00894853789712026	0	0	0	0	0	0	0	0	0	0	0	0	0	0	0	0	0	0	0	0	0	0	0	0	0	0	0	0
2025-03-15	0	0	0	0	0	0	0	0	0	0	0	0	0	0	0	0	0	0	0	0	0	0	0	0	0.00621168653854756	0.00281822790147781	0.00714462002551726	0.00682546553445737	0.0354011596045397	0.0354874856595736	0.0366132624470897	0.036498092288797	0.0693713180101464	0.0695176235492684	0.0659866333780129	0.0691244250625724	0.112859987176976	0.111852108742726	0.111077608373145	0.112210295707153	0.127294170081112	0.126779766135546	0.126423242402209	0.127502821381133	0.13868129674552	0.139102191103246	0.139648228075961	0.139568284075273	0.155848222915859	0.155382625774251	0.156988582447874	0.154780568862016	0.158078946949284	0.158511846709021	0.155885302564687	0.159523903777009	0.142481305551276	0.141226505276117	0.142620691125158	0.140671498047449	0.104309485294262	0.105750730430394	0.104538710196756	0.106401074078588	0.0511606990461861	0.0529674400410626	0.0546592824979415	0.0542125784148098	0.00447477044128018	0.00558358363630213	0.00303890458542132	0.00490274133699637	0	0	0	0	0	0	0	0	0	0	0	0	0	0	0	0	0	0	0	0	0	0	0	0
2025-03-16	0	0	0	0	0	0	0	0	0	0	0	0	0	0	0	0	0	0	0	0	0	0	0	0	0.0128891582713884	0.0162336307171883	0.0153038217556939	0.0155733892557293	0.0695722035399948	0.0687649729390207	0.0652547587611663	0.0704080647598182	0.118871005523051	0.118381377714513	0.114981180318158	0.118766436444279	0.151167802303548	0.15241641278361	0.151895949859333	0.153519835053508	0.172976987821567	0.171956708526136	0.171420852756549	0.173645450895749	0.156059074053848	0.159753812973894	0.158365154743998	0.157821958228261	0.124460930461004	0.126646170078816	0.127880716484578	0.127012182975603	0.104256945226462	0.103103249467437	0.105793799655096	0.103846005651004	0.0554049507312988	0.0529953372659712	0.0566232261992725	0.0549764858034575	0.0198586266690596	0.0230671116113549	0.0234222999655327	0.0216519617540528	0.00762188693985572	0.00585932974819734	0.00800200150880876	0.00651678180313818	0	0	0	0	0	0	0	0	0	0	0	0	0	0	0	0	0	0	0	0	0	0	0	0	0	0	0	0
2025-03-17	0	0	0	0	0	0	0	0	0	0	0	0	0	0	0	0	0	0	0	0	0	0	0	0	0.0121935549012358	0.0113721517152908	0.0111937020422528	0.0122405913412206	0.0714599594405761	0.0651711268212637	0.0654726757125118	0.0668962380256485	0.122875612854427	0.122419460659929	0.123487983543976	0.121216942941669	0.159453984392297	0.159233389588997	0.162914652260897	0.16039797375781	0.18339706175171	0.185158748520203	0.18208967703706	0.184354512691026	0.195702408668278	0.192588607278569	0.1928624174711	0.193846566582053	0.18679219546036	0.191980766103331	0.191828512500061	0.192398525936248	0.176952655232541	0.173806011110845	0.173810224067376	0.174431109589238	0.150192347884777	0.149362769150818	0.149757510111278	0.149687372853127	0.10693534797137	0.107145998048626	0.107938782802095	0.105979871177909	0.0525176179715436	0.0528139464527232	0.0540307089500393	0.0526377266256939	0.0042775726030872	0.00522884347537118	0.00623873189737024	0.00525485202417138	0	0	0	0	0	0	0	0	0	0	0	0	0	0	0	0	0	0	0	0	0	0	0	0
2025-03-18	0	0	0	0	0	0	0	0	0	0	0	0	0	0	0	0	0	0	0	0	0	0	0	0	0.0168073363221709	0.017093268337526	0.0173899023749724	0.0167094929653307	0.0711149642023075	0.070865913465879	0.0733755431612105	0.0706435791706029	0.119915019703484	0.1181109076859	0.122063297665799	0.120910774944817	0.152956240454249	0.153947430605919	0.155840467806897	0.154255861132935	0.171269540427076	0.174541889120383	0.175302784144314	0.176885786308227	0.177758537216882	0.175919784816247	0.176717212007703	0.176604465959168	0.166886507928233	0.168573929529674	0.162892338919772	0.165647223622321	0.14498067348152	0.144993574296894	0.145015314408125	0.14601043781346	0.111506815857174	0.111557144318309	0.111181931517924	0.112754108306592	0.0666887790570605	0.066879437660114	0.0685752140083257	0.0688565692744998	0.0206232382544221	0.0232131557597299	0.021607453647403	0.0225561523384449	0	0	0	0	0	0	0	0	0	0	0	0	0	0	0	0	0	0	0	0	0	0	0	0	0	0	0	0
2025-03-19	0	0	0	0	0	0	0	0	0	0	0	0	0	0	0	0	0	0	0	0	0	0	0	0	0.00317873240366556	0.00408066293441372	0.00408304779126541	0.0036575568706553	0.0266340841426935	0.0258251889180469	0.0259397644566233	0.0196009624826363	0.0503402090951278	0.0495746290482071	0.0516651997148281	0.049419962141837	0.0782841993880147	0.0786256494570047	0.0767221443416578	0.0773680068133228	0.0761895357322405	0.0769518317134008	0.0756632769032055	0.0791953556511533	0.0846704602160002	0.0876841844192052	0.0894158891085698	0.0902294662562248	0.0889553473587111	0.0889964008125004	0.0881594125733013	0.0878888392554871	0.0759923963179999	0.0760847041806474	0.0773986609369696	0.0785242385643831	0.0552731067103089	0.0537099995129877	0.056094732551277	0.0549221612254264	0.0256584995000232	0.0264079472822046	0.025436275863124	0.0264972773546482	0.00970288455791808	0.00963439894195696	0.00752286709498835	0.0101398494051366	0	0	0	0	0	0	0	0	0	0	0	0	0	0	0	0	0	0	0	0	0	0	0	0	0	0	0	0
2025-03-20	0	0	0	0	0	0	0	0	0	0	0	0	0	0	0	0	0	0	0	0	0	0	0	0	0.00378402721780511	0.00452461351018146	0.00414063331644314	0.0045507259555703	0.0229250754510831	0.0261408756337685	0.0268244001983039	0.0271096487168444	0.0454779078753511	0.044613389274084	0.047198166147994	0.0457105367025708	0.0635623668268759	0.0620928084758288	0.0620130712188853	0.0633317534784099	0.0945137571564165	0.0950315015551312	0.0945413658197983	0.0949133754686541	0.129055571162436	0.132154704657151	0.130332356252538	0.127457367927875	0.129163364055154	0.131093951745283	0.129163458524227	0.130579225675337	0.111369887095838	0.113555445254514	0.112096873669426	0.112977793980223	0.0696086996562568	0.0690503445721998	0.0675642490270927	0.0677767067444507	0.0323937358948678	0.0307777323298441	0.0300793781720861	0.028749153603202	0.00647336541823076	0.00952441155651484	0.0107790141369749	0.00922320888827955	0	0	0	0	0	0	0	0	0	0	0	0	0	0	0	0	0	0	0	0	0	0	0	0	0	0	0	0
2025-03-21	0	0	0	0	0	0	0	0	0	0	0	0	0	0	0	0	0	0	0	0	0	0	0	0	0.00283308489695097	0.00268168937279842	0.000860345568412618	0.004624880161838	0.0118182108240263	0.00955406380499203	0.0112203167526021	0.0114074086183795	0.0171012302290824	0.0173257939863423	0.019342890400621	0.0172300853839543	0.0238144200208665	0.0222387503744479	0.0172136156172881	0.0237332139873975	0.0284295112728613	0.026998557505331	0.0253536622394204	0.0262182689823872	0.0386634694348555	0.0406540698543406	0.0405950005435776	0.0420874601672263	0.0290089987246837	0.0278814078512512	0.0301971251325221	0.028912468291543	0.0368658024028291	0.0369555907455718	0.0371725565086904	0.0390060503429087	0.127670943331679	0.126195420831624	0.126413692065295	0.122719943771402	0.0929966557217961	0.0928888289130315	0.0945441885060188	0.0925703268591537	0.0385628142234846	0.0383326249285883	0.0388134585374153	0.0392911023105118	0.00286103868424602	0.00375601355862428	0.00474379381015421	0.00863915394697548	0	0	0	0	0	0	0	0	0	0	0	0	0	0	0	0	0	0	0	0	0	0	0	0
2025-03-22	0	0	0	0	0	0	0	0	0	0	0	0	0	0	0	0	0	0	0	0	0	0	0	0	0.0136290609707934	0.0112650613767918	0.0107396045273334	0.0103662731250813	0.0531837376912144	0.0505274930694938	0.0508550014845925	0.0524337677546993	0.104572320917719	0.107293090103589	0.107007380913352	0.105127208065339	0.146046456166993	0.145201646372839	0.148439344776063	0.147312552684106	0.174006183446116	0.17230154216617	0.177710161649786	0.174982112737927	0.186031414329583	0.188583680406565	0.184617652755663	0.185767252508189	0.186192047257418	0.183950235422515	0.184631181247124	0.186226536072943	0.168494216860959	0.169599838288525	0.170310215247015	0.1705957296035	0.136782424106336	0.137073342963838	0.137404551667325	0.137739681262501	0.0874615243277523	0.0829757205405071	0.085240715705618	0.0853220394261227	0.0349039187863642	0.0360769036928989	0.0310636450577192	0.0339555324630177	0.0061440392789417	0.00232170283538583	0.00382017466061561	0.00271408322505687	0	0	0	0	0	0	0	0	0	0	0	0	0	0	0	0	0	0	0	0	0	0	0	0
2025-03-23	0	0	0	0	0	0	0	0	0	0	0	0	0	0	0	0	0	0	0	0	0	0	0	0	0.014571843659769	0.0117556138287406	0.0109211349071138	0.0107514076043767	0.0514966288328501	0.0497052576525206	0.0525090337560736	0.0532890797585558	0.0935949671516912	0.0948330289392887	0.0927833762898533	0.0937886276191668	0.119197860039765	0.120513733686834	0.119431050389512	0.117857355883889	0.144393382845622	0.14446170375592	0.139844833743961	0.145300079654498	0.155841126418037	0.156037647777465	0.15511939825798	0.156001827546518	0.15654091357619	0.155184877191047	0.154897143904437	0.154377065328326	0.146476455938959	0.144870762764346	0.143196766219466	0.144456015077229	0.12160472460226	0.121507922627416	0.118462919399004	0.12042443337132	0.0848755611667143	0.0845733841027325	0.0839455592240832	0.08360549550647	0.0376268821449554	0.0400977223805048	0.0381195955252934	0.0381557999492465	0.00506757315431307	0.00495043877396979	0.00336360601892773	0.00261838205278941	0	0	0	0	0	0	0	0	0	0	0	0	0	0	0	0	0	0	0	0	0	0	0	0
2025-03-24	0	0	0	0	0	0	0	0	0	0	0	0	0	0	0	0	0	0	0	0	0	0	0	0	0.0117923150754739	0.0131722255198022	0.014407485044411	0.0126279743603129	0.0506889809494125	0.0499125647640093	0.0506335678567821	0.0507648864297962	0.0923388918684419	0.0905139045366637	0.0898884093368606	0.0892587942580337	0.1209969794076	0.122959450078915	0.123888224173057	0.123155346340428	0.143517559435567	0.142171824283556	0.143200778292622	0.143109837988255	0.147950165806753	0.152288094424803	0.145606355425256	0.145155384343188	0.128410259613449	0.128497722903582	0.131405315535735	0.130686701947234	0.103096191465928	0.102744709234502	0.103449823134255	0.103709276165316	0.0796375562244211	0.0759186392503096	0.0733650492826342	0.0770787552426351	0.0467296136618517	0.0466801248264507	0.0466586770635079	0.0459315844481896	0.0265962983126394	0.023941368703517	0.022633654259891	0.0238286787239526	0.00249716575617599	0.00217659710248628	0.00393830719601614	0.00238792994532159	0	0	0	0	0	0	0	0	0	0	0	0	0	0	0	0	0	0	0	0	0	0	0	0
2025-03-25	0	0	0	0	0	0	0	0	0	0	0	0	0	0	0	0	0	0	0	0	0	0	0	0	0.011550920206354	0.011674952342005	0.0117537593746561	0.015020368076985	0.0475034385986883	0.048750770301156	0.0473951502651123	0.0483506408350435	0.0795319103285338	0.0766123284720522	0.0775439183308523	0.0793118428685617	0.0985480038099871	0.0984476603822211	0.0988513491187653	0.0971529866890266	0.102237087998953	0.104086779809315	0.102476234919685	0.101199897272048	0.0921603737154629	0.0910332909001713	0.0930217494876852	0.0917845858966807	0.0902584298781559	0.0902003503756471	0.0907903850925042	0.0897508346536928	0.0893378213734159	0.090729300422556	0.0891274572372889	0.0918054209667391	0.0664172053278441	0.0666152986535727	0.0717134211494694	0.0672540748691138	0.0539006468086062	0.0555560419474392	0.054410501230609	0.0561328100133456	0.0316966767783095	0.0297942772868727	0.0321806235743825	0.0303284223604353	0.00548683876122645	0.0060156320590432	0.0072137897255324	0.00128373945419796	0	0	0	0	0	0	0	0	0	0	0	0	0	0	0	0	0	0	0	0	0	0	0	0
2025-03-26	0	0	0	0	0	0	0	0	0	0	0	0	0	0	0	0	0	0	0	0	0	0	0	0	0.0205885269227523	0.0215750694968796	0.0225823652249766	0.0212540383553916	0.0781570275282655	0.0736763942455361	0.0743564612595924	0.075810116966606	0.12440232567637	0.12399496257436	0.123300980412491	0.124301731336779	0.160069913386662	0.158968544112247	0.159037339817865	0.160924202683226	0.178998578651652	0.180645732888086	0.180659919263697	0.180695769196565	0.18894175821107	0.188330077098899	0.18739808943301	0.189330075257021	0.184461173190903	0.182526751621054	0.182118428545452	0.181893646642591	0.159994534282308	0.162000706699008	0.161868707409615	0.160136051609069	0.132978274666982	0.133133696734372	0.127298046156688	0.131589982441958	0.0935764496729731	0.0919383085860622	0.0915406710058115	0.0929445707351532	0.0452211087223569	0.0483711516318724	0.0479216442106239	0.0474860954351468	0.0101411523056649	0.00364544313565282	0.00778761135590937	0.00642579320277294	0	0	0	0	0	0	0	0	0	0	0	0	0	0	0	0	0	0	0	0	0	0	0	0
2025-03-27	0	0	0	0	0	0	0	0	0	0	0	0	0	0	0	0	0	0	0	0	0	0	0	0	0.0155595461712492	0.0183439881354333	0.0171612796646518	0.0159351860286657	0.0626856547964587	0.0621391428786389	0.0637295343511239	0.0694456679737785	0.112332488664414	0.115671703906093	0.115141061697462	0.111854745732031	0.150408162974465	0.150629428708206	0.152214684813385	0.152747723503943	0.176319873570986	0.170820349794839	0.171708066338257	0.171151710295917	0.180195468889831	0.179461010010946	0.177690739246079	0.180652781853144	0.17392313710997	0.175153970749462	0.175940764248437	0.175982127892131	0.1554317522188	0.157726353181117	0.156736396948406	0.157105497651677	0.123559836429496	0.121133392722602	0.12163409930451	0.120672671543392	0.0843830085330343	0.0876371007990091	0.085648920358655	0.0893309703093016	0.0486812809054237	0.0455952814232146	0.0437666775231901	0.0439567601481715	0.00818287795005182	0.00491746510768324	0.00692307735524522	0.00697657958701972	0	0	0	0	0	0	0	0	0	0	0	0	0	0	0	0	0	0	0	0	0	0	0	0
2025-03-28	0	0	0	0	0	0	0	0	0	0	0	0	0	0	0	0	0	0	0	0	0	0	0	0	0.0151771791350162	0.0191101270970621	0.0151101114319342	0.0156025823359875	0.0611254865287818	0.0600683539245037	0.0617858788015223	0.0600202807451923	0.109685147109924	0.109118728472557	0.110124610213552	0.112071514203967	0.150083331535213	0.149166915126907	0.144392473169073	0.151357280168808	0.173974734292321	0.175875882719828	0.174657768108375	0.174491614879477	0.189141658062324	0.19044395762642	0.189260242477099	0.185154141834156	0.187023354693635	0.190905656772332	0.189583332470017	0.190487656064016	0.176263904416794	0.17340516327382	0.175670654356852	0.175660277952534	0.14772870084573	0.146140509736785	0.145236305054155	0.14789448436333	0.103683628418682	0.102950200622766	0.104151496671996	0.102214674286556	0.056190070248285	0.0572957842049861	0.0552562611698987	0.0572578843768302	0.0106243855910622	0.0103610986092949	0.0101608042064301	0.0088537115932129	0	0	0	0	0	0	0	0	0	0	0	0	0	0	0	0	0	0	0	0	0	0	0	0
2025-03-29	0	0	0	0	0	0	0	0	0	0	0	0	0	0	0	0	0	0	0	0	0	0	0	0	0.0284995464524323	0.0240376847434505	0.0247753779969457	0.0276873908071715	0.082943329855023	0.0840013293563288	0.0843641577822525	0.0826911830063958	0.131352978929562	0.131542961078436	0.134150623524194	0.130953436467809	0.167786380961319	0.168273330726122	0.165975573618317	0.166964714694243	0.18946729833229	0.189769885333607	0.192222879267605	0.188539937066499	0.200995055830636	0.199689074401482	0.197439494074602	0.19887637569328	0.190284461009365	0.191646960821498	0.186122778376342	0.190945799792794	0.166831306451689	0.166881042674751	0.166669239848808	0.165618411024752	0.147021205303553	0.151931385044219	0.147459380303816	0.147588029348412	0.114851576845159	0.110722387008999	0.116645637458888	0.113780398686954	0.0634622905012694	0.0616874030975636	0.0625737560147634	0.0622765503864036	0.0112137374465987	0.0123982631268905	0.0119943464196666	0.0103936530068441	0	0	0	0	0	0	0	0	0	0	0	0	0	0	0	0	0	0	0	0	0	0	0	0
2025-03-30	0	0	0	0	0	0	0	0	0	0	0	0	0	0	0	0	0	0	0	0	0	0	0	0	0.0245060533643401	0.0226843406030681	0.0220297686046325	0.0227798374279594	0.0802582180568627	0.0795023923656151	0.0777211123701941	0.0775182772073282	0.12753764973254	0.128925788007377	0.129863956879208	0.129672605380875	0.166364481457631	0.165980646089308	0.164282010208603	0.165372862244458	0.186747336130703	0.188077719312152	0.188504685186501	0.185670259370644	0.195307955935217	0.195429953723042	0.197438875779151	0.19682321456259	0.192998215335052	0.194007526885312	0.194153261200413	0.194840996579224	0.182980139813034	0.177127439127305	0.180836303976755	0.180056117082906	0.154882460168903	0.153103926763737	0.153411415336706	0.154602197730654	0.114417556432124	0.114347574504063	0.116188170634626	0.114046698429187	0.0613575155746811	0.0638309745017976	0.0653729886077171	0.0644385213158042	0.0113463484251098	0.0133618490394265	0.0121464455643188	0.0131453569711449	0	0	0	0	0	0	0	0	0	0	0	0	0	0	0	0	0	0	0	0	0	0	0	0
2025-03-31	0	0	0	0	0	0	0	0	0	0	0	0	0	0	0	0	0	0	0	0	0	0	0	0	0.0246657878428741	0.0278616991229871	0.0231830154217041	0.0252894976124347	0.0793215312980992	0.0799687316285937	0.0787041009119964	0.0810056361613107	0.128649952409511	0.12755696387799	0.126516849153682	0.127276234558817	0.160388115049296	0.162575711197621	0.161329284382872	0.163706889370211	0.183299421249344	0.183788798387898	0.18212403439184	0.183787745970918	0.194667790337923	0.192576873418253	0.193868383972258	0.189886952271565	0.191448695678034	0.191694733219854	0.188343402659256	0.191513168442856	0.177752290231931	0.17918506278437	0.172036831841924	0.178025815141775	0.15058650195248	0.152733469884765	0.148481506097766	0.15019852206499	0.112699174412514	0.111237197620422	0.111340830813819	0.112722797153245	0.063120220485201	0.0611164662918693	0.0625225922791695	0.0632407209437602	0.0122697096935258	0.0127118402890564	0.0112107525504952	0.0138076974669226	0	0	0	0	0	0	0	0	0	0	0	0	0	0	0	0	0	0	0	0	0	0	0	0
2025-04-01	0	0	0	0	0	0	0	0	0	0	0	0	0	0	0	0	0	0	0	0	0	0	0	0	0.0255654676285333	0.0234633995338785	0.0263977004476965	0.0255734323898917	0.0784620879773328	0.0792139764307513	0.0806541751117396	0.0776697604801762	0.127440183190832	0.127177868512123	0.127013402454352	0.126368545842694	0.162612972493302	0.162150144930782	0.163568853938439	0.160668028637476	0.182714675441892	0.183397416177816	0.187005255022471	0.183882653357821	0.192804322096949	0.195084649569491	0.192177076701241	0.19393395163232	0.191890876753917	0.191506809210722	0.191083443363426	0.190518870671934	0.176371078370795	0.179600547913744	0.175950270775409	0.177078102940051	0.149905163323461	0.151474744669089	0.149320684591159	0.152299407416292	0.110660037607506	0.111984495021852	0.108668124589909	0.111687342780733	0.058858739848094	0.0587176138473328	0.0599176465613876	0.0565059997431856	0.013212847329756	0.0124201175686218	0.00784637167210182	0.0135206634295203	0	0	0	0	0	0	0	0	0	0	0	0	0	0	0	0	0	0	0	0	0	0	0	0
2025-04-02	0	0	0	0	0	0	0	0	0	0	0	0	0	0	0	0	0	0	0	0	0	0	0	0	0.0164389400739948	0.0142731345943439	0.0183000739170239	0.0169878514146374	0.0564189560780119	0.0534195052449854	0.0501394962669124	0.0530220424100903	0.0890944899374328	0.0905554096347499	0.0925982729261843	0.090751827501633	0.117351478781052	0.119442621053132	0.121684427238788	0.122521472927028	0.136658801678038	0.137199551680178	0.139361275124055	0.139780371517729	0.152928331338087	0.150321152967594	0.150372684185051	0.149377831509269	0.145380964207122	0.146577875662427	0.146277376107792	0.145763784022658	0.128400314786413	0.126565396970259	0.127106875606157	0.127927412637171	0.105995879166681	0.106933629524423	0.10496827792897	0.108102213379926	0.0607736344504312	0.0632304543735397	0.0613589439359392	0.0646369672400899	0.0305010874645625	0.0306067816355157	0.029865825592124	0.0280263053077979	0.00482561267341068	0.00833513745204291	0.00590770516294714	0.00693154471159927	0	0	0	0	0	0	0	0	0	0	0	0	0	0	0	0	0	0	0	0	0	0	0	0
2025-04-03	0	0	0	0	0	0	0	0	0	0	0	0	0	0	0	0	0	0	0	0	0	0	0	0	0.0102399792394328	0.0159418547568593	0.00963944529825743	0.0111787207054504	0.0373060560759251	0.0378453900035834	0.0375685881942671	0.0352799657262244	0.0671777366932569	0.0624041043119684	0.065990444449447	0.0674277145453276	0.0817519167444516	0.0796600934493949	0.0821770268872416	0.083410962918912	0.113639575169451	0.112531912625603	0.115054602740694	0.112773909464252	0.155752916248061	0.15622307738509	0.155145936868523	0.154878069498325	0.165364490543535	0.16201822449144	0.162162838452206	0.163454446512819	0.146969114294339	0.147819219815183	0.147867564015524	0.147344101874954	0.106705432744976	0.106268702686182	0.104865177417076	0.106160687151766	0.0509947650681488	0.0534958234159549	0.0520599115750265	0.0534494999408698	0.0205386577270244	0.0221599498244722	0.0202305501221216	0.0210708423263818	0.0039536937063081	0.00421984747567578	0.00239194639838676	0.00143451241962936	0	0	0	0	0	0	0	0	0	0	0	0	0	0	0	0	0	0	0	0	0	0	0	0
2025-04-04	0	0	0	0	0	0	0	0	0	0	0	0	0	0	0	0	0	0	0	0	0	0	0	0	0.0125658418656666	0.0117471152187506	0.0101167085562096	0.0125703343593731	0.0356561435152803	0.0363997909813872	0.0352901777506657	0.0406538877526668	0.0683183673302138	0.0652621769617535	0.065910040828736	0.0665094148792967	0.0908936178174079	0.0905802325244507	0.0903006943179946	0.0902254553401469	0.108837133449786	0.108692977515935	0.107973201630931	0.106496687403347	0.122500069685506	0.126620600911436	0.122555775758873	0.123323553644186	0.137235177623383	0.135281858953609	0.132985027438298	0.134497935984711	0.141874599679119	0.136208324831406	0.141375418393496	0.13854165709598	0.112973715966747	0.11394170796276	0.112770286010485	0.111314290060008	0.0870646774552588	0.0871218234613878	0.0870792642284813	0.087734234854872	0.0487889694623327	0.0491184628293655	0.049403086944944	0.0496894807633578	0.00924810345089942	0.0116629678680612	0.00971985487079592	0.00836907381024342	0	0	0	0	0	0	0	0	0	0	0	0	0	0	0	0	0	0	0	0	0	0	0	0
2025-04-05	0	0	0	0	0	0	0	0	0	0	0	0	0	0	0	0	0	0	0	0	0	0	0	0	0.0185296771668755	0.0175794118909357	0.0194215443625542	0.0174693665796346	0.0636097336667058	0.0600011276651491	0.063852454493914	0.0625366841742311	0.107947670849763	0.110809148178299	0.110110481593333	0.110132699378605	0.153539697010492	0.151823003276984	0.151028784041141	0.149608515671384	0.173119152681545	0.173084821643331	0.17280012326391	0.171995902411214	0.180763440869235	0.183945644253381	0.180135784674626	0.181155130202758	0.176919239509911	0.177567755024958	0.172609796616989	0.174903208848142	0.156692845794569	0.157352080306207	0.155817140117672	0.156137933781552	0.118100819538378	0.120304860773284	0.120134888019026	0.119459431669312	0.0797991339578335	0.0799061960911197	0.084404606784522	0.0798900631665247	0.0416230169145833	0.0412092330999005	0.0449198953497011	0.040247854635815	0.0106996993804557	0.011114082193158	0.0111900754856573	0.00999614294072898	0	0	0	0	0	0	0	0	0	0	0	0	0	0	0	0	0	0	0	0	0	0	0	0
2025-04-06	0	0	0	0	0	0	0	0	0	0	0	0	0	0	0	0	0	0	0	0	0	0	0	0	0.0233956560072216	0.0245767042495749	0.0242123473266053	0.0278152924165983	0.0745028495157161	0.0745768795205667	0.0756692933713516	0.0752509775923656	0.120007887381894	0.119315038492695	0.121977333125302	0.120699741000109	0.152241787228007	0.154725512378897	0.155167323397938	0.153865376995158	0.174235709152704	0.171701346947826	0.175046380985858	0.178016562913612	0.182575725785456	0.185169590313853	0.184176024484392	0.1820786594163	0.181719376615732	0.182045266027134	0.180268181125532	0.181967176231602	0.161164643569513	0.157319199256758	0.160858112507231	0.161658044666499	0.131717964526103	0.133016926835609	0.131673142181819	0.130591966456469	0.082558572518235	0.0821470792403706	0.0823911440304242	0.0839032042109703	0.0464807603362047	0.0442597349741806	0.0465921066748687	0.0456673980147461	0.0111631256087819	0.0116541725894646	0.00864927405818326	0.0125334277435702	0	0	0	0	0	0	0	0	0	0	0	0	0	0	0	0	0	0	0	0	0	0	0	0
2025-04-07	0	0	0	0	0	0	0	0	0	0	0	0	0	0	0	0	0	0	0	0	0	0	0	0	0.0267292628309117	0.0262183579000693	0.0226640159042911	0.0273883633647278	0.0748920082216019	0.0753466872086772	0.0745799654194993	0.0751813391502216	0.122895450679372	0.117079069104647	0.120403684848259	0.122621795367722	0.156504675567267	0.15592769485964	0.155215173872338	0.155352455700755	0.176279785125713	0.177463615029044	0.177792540073062	0.178464059772181	0.185633840798009	0.18549794322208	0.187136143742742	0.185732072237169	0.18105290466627	0.181213648628966	0.182358411365456	0.182375035339307	0.166217586723479	0.16597385973988	0.163045826684523	0.164762726852118	0.131738882335649	0.132006588530459	0.13278614977007	0.131468379363823	0.0955218303555412	0.0950592682412841	0.0964353797232145	0.0949835216799602	0.0518997566497907	0.0520584667891904	0.0504441043188541	0.0525976722421648	0.012195567151813	0.0147041042625331	0.0119248477819903	0.0141754808036636	0	0	0	0	0	0	0	0	0	0	0	0	0	0	0	0	0	0	0	0	0	0	0	0
2025-04-08	0	0	0	0	0	0	0	0	0	0	0	0	0	0	0	0	0	0	0	0	0	0	0	0	0.0261248985975692	0.026811716232271	0.0270902945418901	0.0259730906282698	0.0781338576802199	0.0761627626105938	0.0766350747020219	0.0750683050071645	0.122119645967142	0.123341188273487	0.121203013447718	0.121336152311653	0.152335794590384	0.158055122283492	0.159873738421972	0.158735344704153	0.178625129314754	0.179163277216964	0.179370528140116	0.177841065328165	0.187090754590817	0.18675601015302	0.187343483597357	0.187809751658806	0.187352581978959	0.186092749534519	0.185722769345884	0.190831899140638	0.174246426125147	0.172371246407603	0.17165185001092	0.17673047745633	0.146110608328638	0.145622607863924	0.147167190535794	0.145099593271644	0.115404357863741	0.109275596755706	0.108939971639223	0.108380073741329	0.0649286468895722	0.0636001441971241	0.0598990291693195	0.0635721797439842	0.016589907183118	0.0170085394934993	0.0110151142031093	0.0163864391202733	0	0	0	0	0	0	0	0	0	0	0	0	0	0	0	0	0	0	0	0	0	0	0	0
2025-04-09	0	0	0	0	0	0	0	0	0	0	0	0	0	0	0	0	0	0	0	0	0	0	0	0	0.0267794681975821	0.0286066998140519	0.0255264583711058	0.0260873736172602	0.0746937142136019	0.0792816994398798	0.0761870436438127	0.0758375427027056	0.121037100805115	0.124049568800922	0.123070674226532	0.123842656167431	0.15609177644215	0.159389598805588	0.156508962106759	0.157009662645503	0.177546734086914	0.181243053875967	0.178480836279721	0.177729375757398	0.187462078030032	0.186970920855773	0.188371248373271	0.189195752740925	0.185087996262948	0.184306390300137	0.185039692700158	0.185565920736758	0.170487719518783	0.168963907736191	0.169916198887796	0.16863217385723	0.137664804770026	0.137512889788963	0.136175182914106	0.136647122526905	0.0943776235962874	0.0953432302945906	0.0946418177508564	0.0956373283582656	0.0496539043150568	0.0523738108990007	0.0492041902398678	0.0487680945460748	0.0139201483818538	0.0137143287357892	0.0132875869713356	0.0120779359110213	0	0	0	0	0	0	0	0	0	0	0	0	0	0	0	0	0	0	0	0	0	0	0	0
2025-04-10	0	0	0	0	0	0	0	0	0	0	0	0	0	0	0	0	0	0	0	0	0	0	0	0	0.0142994485815186	0.0113554267577627	0.0157684575659423	0.0125766670947763	0.0402850830700482	0.0384190714649219	0.0397918239311393	0.0415040215338906	0.0668241790585906	0.0707359058118021	0.0681468545459135	0.0692930605836938	0.0984922710929247	0.100972954698873	0.100167987979673	0.101366786228529	0.128449372634808	0.125333414120225	0.12705204353183	0.126165169713137	0.14231409697691	0.138548642740962	0.140972205951932	0.140165054330197	0.149442575446292	0.149751922851335	0.148092665988948	0.144712835713424	0.148013362160036	0.151750153698328	0.148717602240104	0.153518881901532	0.136617497208979	0.133802922980425	0.134896846578577	0.132682733232019	0.0967556844721988	0.0972346634760929	0.0988852103310421	0.0971244417206662	0.0569797397481939	0.0547300941095157	0.0562199190210136	0.0560702471212768	0.0141586788345955	0.0135155875117187	0.0144966376477048	0.0128290960059809	0	0	0	0	0	0	0	0	0	0	0	0	0	0	0	0	0	0	0	0	0	0	0	0
2025-04-11	0	0	0	0	0	0	0	0	0	0	0	0	0	0	0	0	0	0	0	0	0	0	0	0	0.0189233424695665	0.0201436441891765	0.0209273030558294	0.0210057102854275	0.0745959738083429	0.0732698301491728	0.0773520938232513	0.073782102219233	0.119530880719155	0.120010039742481	0.119549145659944	0.12190993387842	0.152613655086475	0.15508504917412	0.153941360017113	0.153359935722292	0.17564130441986	0.174986148911474	0.174728047901971	0.175644498766694	0.178080461193528	0.176145919509289	0.175539349273133	0.17923427002405	0.158228696356133	0.156932794604888	0.154500565429036	0.156337943609943	0.0929348654844786	0.0923875021514829	0.0926034606451793	0.0910741717188593	0.0480505419989334	0.0453020087511783	0.0461318365419075	0.0465156127079808	0.0293751791594204	0.0274916516474047	0.0311477463305536	0.0299854228626212	0.0163930418847954	0.00999061803769206	0.0179500400700229	0.0176663000074896	0.00774114673016564	0.00821800162139212	0.00854082019955854	0.00650003144888369	0	0	0	0	0	0	0	0	0	0	0	0	0	0	0	0	0	0	0	0	0	0	0	0
2025-04-12	0	0	0	0	0	0	0	0	0	0	0	0	0	0	0	0	0	0	0	0	0	0	0	0	0.0221307600612417	0.0230380427948982	0.0197357670257457	0.0210954301181143	0.0611876477240807	0.0596507868083209	0.0586727951202197	0.0624887703473788	0.0949905119916908	0.0999750681965908	0.0938304760209621	0.0942039437907564	0.13048147009796	0.130328713416788	0.128417137117924	0.129772679367328	0.16103239511215	0.158168688573305	0.162398013983025	0.16140090233152	0.178806498314112	0.179203812770597	0.178710207617463	0.177279481297829	0.160728609739689	0.162498072495015	0.161211069803373	0.162562247961922	0.138624299505479	0.136976171449424	0.136012784786434	0.137386744258663	0.128809696379928	0.127994406850746	0.130152518631002	0.130043378138324	0.0768593480095295	0.0753200448578641	0.0746250078949655	0.0711955992376408	0.0353635478675404	0.0344747830253837	0.0340619292455147	0.0360997398615612	0.00742584483678332	0.00891500214993756	0.00692377051464694	0.00673538249863218	0	0	0	0	0	0	0	0	0	0	0	0	0	0	0	0	0	0	0	0	0	0	0	0
2025-04-13	0	0	0	0	0	0	0	0	0	0	0	0	0	0	0	0	0	0	0	0	0	0	0	0	0.027345111900746	0.0273673364801376	0.0262739501393078	0.0280136014798086	0.0743551652527374	0.0763989686412812	0.0722770730901897	0.0749687930157918	0.119204524571107	0.119060234143938	0.118896788701931	0.117838452583025	0.15009842102556	0.144816182639163	0.145028019503034	0.144057376832243	0.151680357501561	0.151533004110729	0.154554734510259	0.152231903877451	0.15863336046763	0.159226741378412	0.160162741378548	0.161977156775411	0.144882844447458	0.145335549574124	0.145699884824177	0.14408172115424	0.114075284125366	0.115066866130307	0.113554172625113	0.115303677119215	0.0880267513292833	0.0868018793115419	0.0894707552329549	0.0867006141262198	0.0544898869069535	0.0551035087871526	0.0537890178686255	0.0566175864372684	0.0307634971175969	0.0303846987035392	0.029743268701691	0.0291085354771729	0.0101641700274294	0.00481515757335768	0.00920785023836582	0.00981282216084711	0	0	0	0	0	0	0	0	0	0	0	0	0	0	0	0	0	0	0	0	0	0	0	0
2025-04-14	0	0	0	0	0	0	0	0	0	0	0	0	0	0	0	0	0	0	0	0	0	0	0	0	0.0104328882060836	0.0115287830608374	0.0099321660544169	0.0111061626786621	0.0476852759215455	0.0484865294329939	0.0487109457527513	0.0471172488927093	0.105484462188021	0.106892601762611	0.108190894017931	0.108432042031437	0.14609326530751	0.139401635605928	0.140734569103467	0.139770529983095	0.157153035448157	0.158194744465132	0.158161066439269	0.155491153647442	0.160069349028903	0.159369940432474	0.159385012807058	0.158175697731565	0.14367644490681	0.146337069616981	0.144593706237397	0.141392779238812	0.116200957766734	0.114616019735968	0.114674315603652	0.115508706893645	0.0889584486102836	0.0903442266525633	0.0897135180298249	0.0909838067073283	0.0699487656890696	0.0670600467401769	0.0676398707644119	0.0683513168063417	0.0378161972513546	0.0398060660382155	0.0355241573313759	0.036853579379054	0.00909203872963088	0.0123263940897108	0.0124028623537457	0.0131787048269126	0	0	0	0	0	0	0	0	0	0	0	0	0	0	0	0	0	0	0	0	0	0	0	0
2025-04-15	0	0	0	0	0	0	0	0	0	0	0	0	0	0	0	0	0	0	0	0	0.000520952892400912	0.00134756861079399	0.000130697318076008	7.81178729091251e-07	0.0301768862981163	0.0316529641015801	0.0269173779799437	0.0302527716203598	0.0770116443538822	0.0754863951871343	0.0773505959216853	0.0761513645372982	0.109736874445667	0.113266433786498	0.108853403588252	0.108143288179584	0.129859822993496	0.129313164950167	0.129848123110608	0.12997888894573	0.143220673626092	0.14205428912238	0.139848074406961	0.143876962844566	0.131724348511721	0.129872459133905	0.129737186804906	0.131666005549468	0.102989938414876	0.103572480087278	0.103930547885793	0.104507033612054	0.0742049891490596	0.0708778822106804	0.0737412958208124	0.0731758328194476	0.0491679138573004	0.0497170249768486	0.0502090670268534	0.0499059941389976	0.0363738536009311	0.0386952859719925	0.040281732613976	0.0376491278131004	0.0343765606474234	0.0337623024170042	0.0357322045173781	0.0321289324181943	0.0150221511827181	0.0181420922433222	0.0151630579558346	0.0126726986181251	0	0	0	0	0	0	0	0	0	0	0	0	0	0	0	0	0	0	0	0	0	0	0	0
2025-04-16	0	0	0	0	0	0	0	0	0	0	0	0	0	0	0	0	0	0	0	0	0	0	0	0	0.0100536743499538	0.00968030675655294	0.00905206369997214	0.0102139551935212	0.0185166029120568	0.0167189452805849	0.0209202993424885	0.0158441524648698	0.0288719000518467	0.0273613242503091	0.0262878676199884	0.0294789080778559	0.0477860133914752	0.0461205432779956	0.0423018937406241	0.0477915495899051	0.0687330328297872	0.0690091590672278	0.0704136612344532	0.0688441468685319	0.104037452656356	0.102576421004063	0.102660547550158	0.103725578789423	0.127557558247771	0.125883003765884	0.127002228783656	0.128557209202689	0.132529225042358	0.130886053644643	0.132968822465096	0.133615898847903	0.118235860453901	0.119284378441162	0.118982448227664	0.115497312877273	0.0843940139777276	0.0832846273732993	0.0866193078488703	0.0847020508001028	0.0491566036325652	0.0533440391133315	0.0501913030716433	0.05030805418246	0.0161315643835652	0.0177698436115954	0.0195550106777945	0.0155435813270449	0	0	0	0	0	0	0	0	0	0	0	0	0	0	0	0	0	0	0	0	0	0	0	0
2025-04-17	0	0	0	0	0	0	0	0	0	0	0	0	0	0	0	0	0	0	0	0	6.7558897448135e-05	0.00020009369966436	0.00129300389603033	0.000439343506857174	0.0336208423506494	0.0347284719932506	0.0331917494738459	0.0334589361822542	0.0866405874411167	0.0848146720270223	0.086922814250386	0.0896219262814749	0.131992704150763	0.132417526498047	0.132834406764368	0.132755362586822	0.171784930186632	0.163913065609863	0.162657518241587	0.162644485961919	0.184478090145829	0.184256216826357	0.184486004577434	0.184779688450379	0.193949967359775	0.191919199211371	0.190140419161636	0.191990414267218	0.189992513347745	0.188570100970458	0.189183037419349	0.189254348262449	0.175759725034395	0.174603982521599	0.174730420100369	0.177905872343638	0.150788901425354	0.149633713220879	0.149642913625807	0.15293447172796	0.114344123820086	0.113920250645839	0.114702268735958	0.114033356798117	0.0668454773905825	0.0665900793004895	0.0686599290158088	0.0669045142931193	0.0179703310189555	0.0194259771163971	0.0186345746273924	0.017969117237255	0	0	0	0	0	0	0	0	0	0	0	0	0	0	0	0	0	0	0	0	0	0	0	0
2025-04-18	0	0	0	0	0	0	0	0	0	0	0	0	0	0	0	0	0	0	0	0	0.000988054148044391	0.00098463155148603	0.000152052473670528	0.000875261826799052	0.0321111381704865	0.0332245562929178	0.0324961365124971	0.0321681690240986	0.0846726044200803	0.0822350358407289	0.081528042162374	0.0825643175768167	0.129239389871437	0.126621803942516	0.125854562541872	0.126284243644175	0.160666840493175	0.161487029312768	0.159126110603941	0.159720019590116	0.180183796648797	0.180844299200031	0.179631083379867	0.179340820771305	0.186766453723615	0.185134661846193	0.187028392841295	0.184070491588898	0.173158381626321	0.174800518740959	0.17399776173302	0.1740433378997	0.155619728751395	0.151523060306468	0.153724788517597	0.153132422424541	0.139927262247547	0.141799294294993	0.140110997407903	0.141162446049556	0.112302028423381	0.111068287813201	0.109446806593439	0.11118287716998	0.0639154039767885	0.061483711057747	0.0631033719412217	0.0624975130242428	0.0161906799798804	0.0158904385774001	0.017126580239296	0.0187923012034234	0	0	0	0	0	0	0	0	0	0	0	0	0	0	0	0	0	0	0	0	0	0	0	0
2025-04-19	0	0	0	0	0	0	0	0	0	0	0	0	0	0	0	0	0	0	0	0	0.00116734683787911	0.00110586990761668	0.00159245061661784	0.000134332637886376	0.0262009406069411	0.0221859150652825	0.0204768714206233	0.0191362729071531	0.0516673580771323	0.0537225569757963	0.053123174573429	0.0524869103736424	0.0785010324183936	0.0779249972413006	0.0780485485627672	0.0785254217775386	0.0928927057892563	0.0955762033600193	0.0920602889674332	0.0934708018832912	0.115974673595434	0.115885027353944	0.113523297455615	0.112617001595008	0.140786529180497	0.137368816631394	0.138603911742888	0.140240742445221	0.152591876599717	0.153638168897344	0.15309051695497	0.153679437547969	0.145594853786187	0.150769067653967	0.148546050633033	0.148090027926813	0.121134843210702	0.119775775015911	0.120553212460502	0.120536169312885	0.0897628602486779	0.0866101334116184	0.0859556191551028	0.0876713871846009	0.0600748264026442	0.0628989986971746	0.063454633528961	0.0615715413712201	0.0207181924559458	0.0186294078502455	0.0204453426722857	0.020207057021523	0	0	0	0	0	0	0	0	0	0	0	0	0	0	0	0	0	0	0	0	0	0	0	0
2025-04-20	0	0	0	0	0	0	0	0	0	0	0	0	0	0	0	0	0	0	0	0	3.97177261307755e-05	0.000935386882784784	0.0019551306558885	6.97647351959384e-05	0.0334741094362868	0.0359585213364861	0.0341509321327066	0.0344164370945205	0.08590743242706	0.0854184940844993	0.0876514410357328	0.0880226324527078	0.132313127977309	0.13187742068131	0.130418998273576	0.130390453067806	0.16538895882713	0.164341710531376	0.165726577965629	0.164542752675865	0.186745600905277	0.185618697228913	0.186163885229872	0.187471816635939	0.19559117400045	0.196183783907536	0.194234067301555	0.195990974790459	0.192882887447413	0.193131261896452	0.195094760415739	0.190891090240395	0.179368552838082	0.178074689165227	0.177485729048247	0.177071028948444	0.152739318303453	0.151674729198879	0.151484035417915	0.151101917079754	0.114201459675707	0.113893680216798	0.115987391041521	0.113917469065974	0.0675336870911659	0.0674655454647694	0.0677711224444524	0.0682296449996123	0.0180435035800387	0.0211398379214774	0.0207015084249443	0.0181151500735396	0	0	0	0	0	0	0	0	0	0	0	0	0	0	0	0	0	0	0	0	0	0	0	0
2025-04-21	0	0	0	0	0	0	0	0	0	0	0	0	0	0	0	0	0	0	0	0	0.00137889329801979	0.00134337894168941	0.000456800170608267	0.00182092758968254	0.0326644519517379	0.0340306760060514	0.0342724336275173	0.0340324384146934	0.0843743131135547	0.0837205710008316	0.0844423343702728	0.0834627815153409	0.128765478891847	0.130797277043013	0.125339502318739	0.1290977417464	0.160986302280093	0.162610564751962	0.162576884703049	0.159826248264897	0.177247819007618	0.175693946953659	0.178945488733957	0.177112745304765	0.175635543465358	0.176881614931484	0.181108984649431	0.176373856953726	0.171656627751841	0.170348372264136	0.171309145379363	0.17568585460466	0.163699206603171	0.162632234114299	0.161655190282035	0.166013369000494	0.144776884687538	0.145267745239498	0.145638339689813	0.146317030383151	0.109015351657267	0.110821353429459	0.11082217124102	0.112341123672254	0.0680874170011057	0.061361320387027	0.0631430062484992	0.0644082563633681	0.018630639277564	0.0196906394288038	0.0141481309058081	0.0185305903878241	0	0	0	0	0	0	0	0	0	0	0	0	0	0	0	0	0	0	0	0	0	0	0	0
2025-04-22	0	0	0	0	0	0	0	0	0	0	0	0	0	0	0	0	0	0	0	0	5.2701080468643e-05	0.00017475178624939	3.65033456604629e-05	0.000736043787621504	0.0106773912305679	0.0106633394794139	0.0152103791220883	0.0104488901679299	0.0290303753954	0.0271196365423237	0.026658552214492	0.0281914358477843	0.0470121448611219	0.0457477605674802	0.0466450990887676	0.0455949954826303	0.0741376135476183	0.0729064446752201	0.0729556206902765	0.0730003210868852	0.103450732980527	0.106363399189503	0.100663186575941	0.103522681254029	0.119708381044189	0.119433993664871	0.119244502428567	0.120613122862374	0.111076531770723	0.111170910159948	0.109392540276754	0.108360017792575	0.0961835594662879	0.0951399887036884	0.0971010565680655	0.0955753952619583	0.0756610902865987	0.0745683199229126	0.0815770739911848	0.0771935157993039	0.0567973731220691	0.0562948804674325	0.0560609209142556	0.0548468254962427	0.0303148768281431	0.0310927298487634	0.0308175169969862	0.0317748763261073	0.00933846319201556	0.00553204974527891	0.00791819070070077	0.0102112963620048	0	0	0	0	0	0	0	0	0	0	0	0	0	0	0	0	0	0	0	0	0	0	0	0
2025-04-23	0	0	0	0	0	0	0	0	0	0	0	0	0	0	0	0	0	0	0	0	0.00214717402162878	0.00267427381082817	0.00171844822351075	0.000460103944032299	0.0331259442523209	0.0331122722147342	0.0324986613490304	0.0332631221839145	0.0812517731045586	0.0844108152671236	0.0799692167183614	0.0823681949099564	0.12404059791473	0.123029591637055	0.123111205065999	0.124818605382216	0.159009176908579	0.159489435530643	0.15802143338009	0.156479954180688	0.178156006153647	0.181714037911634	0.175959506438259	0.17817044949646	0.185709673814719	0.185504760802745	0.187216602639095	0.185568962743441	0.181450450541238	0.183129264417601	0.182076584037104	0.182343701004058	0.169353362641019	0.164398261867307	0.169020311211639	0.167228064280035	0.142330533195154	0.144167652228843	0.144011312172496	0.145490502403507	0.113218614469486	0.114315110337516	0.109312985391746	0.114153289801252	0.0663422044747441	0.0665856785563198	0.0637685975949519	0.0663035193739842	0.0185777446957302	0.0192649175506711	0.0156746267581295	0.0184827109954692	0	0	0	0	0	0	0	0	0	0	0	0	0	0	0	0	0	0	0	0	0	0	0	0
2025-04-24	0	0	0	0	0	0	0	0	0	0	0	0	0	0	0	0	0	0	0	0	0.00249315639639638	0.000797136979804442	0.00341062926588754	0.000299077357911641	0.0336431453130124	0.0334193490332272	0.0356231595037601	0.0343143461500003	0.0835496485524817	0.0831071943588917	0.0837620101673348	0.0815811469212918	0.128214603653318	0.126879377047333	0.125098253991513	0.124807765307837	0.158346512633098	0.16031621448072	0.156977916376441	0.159359356509742	0.17734934718526	0.178882831383568	0.180699569744298	0.181068251686874	0.188313562285757	0.188640800210063	0.190161160558653	0.187884476945527	0.186251452365057	0.188861658791952	0.185947490391312	0.18593939845168	0.173783610988064	0.173246626622863	0.174691052092556	0.173278710296517	0.150025157656746	0.150303019507679	0.148631092567932	0.149040730267643	0.115227757164686	0.113389442521467	0.113259000885568	0.112123799428279	0.0662629355860458	0.0690755454694902	0.0664166038467284	0.0682449150977357	0.0200082171537036	0.0191797972498873	0.0203264729993212	0.0214855125970879	0	0	0	0	0	0	0	0	0	0	0	0	0	0	0	0	0	0	0	0	0	0	0	0
2025-04-25	0	0	0	0	0	0	0	0	0	0	0	0	0	0	0	0	0	0	0	0	0.00212998736283028	0.00129098065718728	0.00328117865373328	0.00129785332624916	0.0340361448951376	0.0335818766773397	0.034336945227785	0.0330450331997377	0.0831014130733915	0.0801444768774295	0.0830796590307934	0.0806744510183856	0.116891132267035	0.117387691671225	0.117266579778771	0.114454596282969	0.152352866873092	0.154715408187127	0.147397450810289	0.153534274129492	0.172468287343432	0.171539498846339	0.17256365671021	0.173428557100018	0.174706775381051	0.176641153436836	0.174944858799569	0.178707212382544	0.179556207884269	0.177642253917622	0.180897254759213	0.177904283438896	0.170173911209487	0.17353425174364	0.170031138892117	0.169260698154756	0.149164904777201	0.145217494230497	0.145565726528721	0.150051874463582	0.109975789391582	0.112051161078209	0.111751130616589	0.10922191891362	0.0666803935185865	0.0645438086802277	0.0646881218053688	0.065087675995817	0.0201059425753967	0.0203108753819965	0.0200544711993921	0.0195287108432147	0	0	0	0	0	0	0	0	0	0	0	0	0	0	0	0	0	0	0	0	0	0	0	0
2025-04-26	0	0	0	0	0	0	0	0	0	0	0	0	0	0	0	0	0	0	0	0	0.00171107381509368	0.00118571734502299	0.00525838799968866	0.00284482084019467	0.0230572318859456	0.0259235523895457	0.0246451719948632	0.0243740437296455	0.0492982403375548	0.0495238084106379	0.0491955855813532	0.0499823656704541	0.0701647884856613	0.0683074715024876	0.0679498884183656	0.0715778515934855	0.0711385001611032	0.0708622194351927	0.0708863418423989	0.0721129385613051	0.0679748072967941	0.0675838100388732	0.0672488840441676	0.0691924986201652	0.0592851809951998	0.0647386884293072	0.0659978881979588	0.0629782423775343	0.0613304756741847	0.0622040852867273	0.0607801885189366	0.0576852505201514	0.0564935051676081	0.0580014159599759	0.0557903421634384	0.0507147367089776	0.0493683321219684	0.0516464183365521	0.0506076763270753	0.0483775732144042	0.0422827602993742	0.0389323545462597	0.0389766174876004	0.0408082676667657	0.023828988776947	0.0259267396441733	0.0264381343652378	0.0268061372136419	0.00701802530726223	0.0100729833394461	0.00890677075142694	0.0100022206018647	0	0	0	0	0	0	0	0	0	0	0	0	0	0	0	0	0	0	0	0	0	0	0	0
2025-04-27	0	0	0	0	0	0	0	0	0	0	0	0	0	0	0	0	0	0	0	0	0.00279484104836402	0.00251538877609684	0.00351780659261742	0.00517196358292171	0.0276374716839892	0.0282524069524917	0.0288731153879618	0.0292370059755573	0.0625606757182619	0.0633751542610102	0.0644921218353862	0.0655720481853417	0.105601219928063	0.106040209154	0.103533865685646	0.107824705232292	0.144726541091452	0.146558418003521	0.14672727180267	0.146987769102357	0.170308222090439	0.170159590921981	0.172658590247829	0.170873596739751	0.175666609225735	0.175425845276114	0.174506676125513	0.176400869372638	0.169169994825751	0.166734922755026	0.168247148528716	0.166847933890508	0.149614906790181	0.14935418539043	0.151030742592652	0.150000165226737	0.113126892682374	0.115139866535239	0.116075747149994	0.115657493632394	0.0697202094272718	0.0684910346519267	0.065781849663661	0.0690069062571405	0.0357091297347859	0.0341392943206672	0.0355759174976913	0.0365756584468556	0.0114875337262072	0.0175750872463425	0.011152932467881	0.0137844465595692	0	0	0	0	0	0	0	0	0	0	0	0	0	0	0	0	0	0	0	0	0	0	0	0
2025-04-28	0	0	0	0	0	0	0	0	0	0	0	0	0	0	0	0	0	0	0	0	0.00811820664730575	0.00241167702426968	0.00223199251259259	0.00223812381583199	0.0276274232622353	0.0296849722227102	0.0316784067011806	0.030009197813874	0.0634700010669024	0.0617169892855257	0.0612187107729128	0.0605942988746592	0.0931892672423072	0.0966114669804358	0.0933628488051655	0.0948364169720915	0.129924151028128	0.132812012393885	0.130140115103217	0.13012372147477	0.160421519084035	0.157690438504566	0.158948140789838	0.15993990162156	0.163878685031585	0.165577560646264	0.163609252204935	0.164934502117216	0.157635587266864	0.158284170798875	0.158891167687086	0.155189074247175	0.145974623562702	0.144010372004475	0.142927235961002	0.145087768471822	0.128838760853061	0.124776745941717	0.131002891643245	0.127381601561977	0.09901485860958	0.0988947072405386	0.0977021348238853	0.0993882993259961	0.0599449463938616	0.0581871333059482	0.0607541446750489	0.0601137756251413	0.0209106253372488	0.0204735353925026	0.0217853967069302	0.0208304425633184	4.68451835647279e-05	0.000171497249206696	0.00133426464558363	0.000447392921644946	0	0	0	0	0	0	0	0	0	0	0	0	0	0	0	0	0	0	0	0
2025-04-29	0	0	0	0	0	0	0	0	0	0	0	0	0	0	0	0	0	0	0	0	0.00190005630846267	0.00325886104150339	0.00476666690353642	0.00307441574649752	0.0363773825338754	0.0348306867898661	0.0358964937695129	0.0368954369067456	0.0822570079856902	0.0859238710727739	0.0865197044407849	0.083299416500751	0.126351734738359	0.125726144162407	0.126364913150117	0.130557207949117	0.16049898133033	0.159078335805381	0.158343205582437	0.159079477281852	0.17856923714293	0.177960809510243	0.179978099985581	0.177491853361246	0.188685032051179	0.186346958515275	0.185682632827656	0.18428537660589	0.18201199392958	0.181951473100508	0.185649018641735	0.182387514328176	0.172278398774133	0.170058903459678	0.169891521835467	0.168771175930723	0.145705276006801	0.147788334682557	0.147058269128907	0.145448120181735	0.112027055020653	0.112026692499415	0.112491020017497	0.110455232462434	0.0683356873541414	0.0686327911583199	0.0695643373731786	0.0654671841143601	0.0215548246589851	0.02216113238776	0.0212351415334555	0.0210489014197995	0.000130119024683077	0.000348960867853022	3.52151866125529e-05	0.000485704920851348	0	0	0	0	0	0	0	0	0	0	0	0	0	0	0	0	0	0	0	0
2025-04-30	0	0	0	0	0	0	0	0	0	0	0	0	0	0	0	0	0	0	0	0	0.00254992216952218	0.00341343839662809	0.00424631755098162	0.00379032188286812	0.0318657682366904	0.0319549684381527	0.0346704237919462	0.0325088395332107	0.0857479630338623	0.0844420471012582	0.0811461582160797	0.0826638316487999	0.12672674512144	0.127372560694673	0.128382615399043	0.126518078784844	0.160714014988124	0.159490752262471	0.160073444331107	0.160721788418298	0.180137622743486	0.180960713832506	0.180299512610339	0.181602150813669	0.189345455252832	0.190440392700434	0.191206907126236	0.188007244920497	0.188970216766114	0.188850997277143	0.186204103144377	0.187974682812366	0.175216360732512	0.175149165977259	0.174439530368423	0.175194942921806	0.150050027058238	0.150878946932789	0.151575479007273	0.1504955470017	0.109373288058428	0.116588604113628	0.114739171227314	0.115298936600631	0.0682705792146147	0.067909959335289	0.0679655431193667	0.0698539183307296	0.021982082732001	0.0224184537559097	0.0209421969086822	0.021657266603407	0.000911764548038589	2.82171190321191e-05	0.000714916382901963	0.000345101950027329	0	0	0	0	0	0	0	0	0	0	0	0	0	0	0	0	0	0	0	0
2025-05-01	0	0	0	0	0	0	0	0	0	0	0	0	0	0	0	0	0	0	0	0	0.00319102059142938	0.00375702611570891	0.00423674143015371	0.005815211862708	0.0297269570826723	0.0308522707827757	0.0277448925376508	0.0276758795969012	0.0654695747796936	0.0671480278688508	0.0638815382538518	0.0665008590976038	0.106363666576986	0.10428576199402	0.107999219160617	0.103351352268377	0.126685546284791	0.127032237779104	0.127073281596963	0.127208934339143	0.147722179743995	0.147939920668287	0.149577613435226	0.147760286152491	0.155860676114105	0.15659776636224	0.157799767444826	0.156741790078829	0.16364538424259	0.155605242469941	0.156491486259838	0.157257887027631	0.147769983388136	0.148727990962922	0.147768969784246	0.146733055864697	0.119711745647525	0.11885657841913	0.117840379684817	0.119591296248528	0.0847487674985711	0.0846749640956912	0.0818110801953794	0.0827651882103583	0.0511914573162264	0.0509143897438496	0.0518710706646395	0.0520230822752845	0.0189689640292725	0.0203081591707765	0.0192992127846764	0.0204236640152746	0.000962560624612742	0.00059472856886768	0.000294491432513162	0.000148219374006416	0	0	0	0	0	0	0	0	0	0	0	0	0	0	0	0	0	0	0	0
2025-05-02	0	0	0	0	0	0	0	0	0	0	0	0	0	0	0	0	0	0	0	0	0.00459224371810095	0.00291492368928198	0.00357323577795438	0.00491959681466269	0.0310962719701041	0.0329615557643013	0.0321006741593525	0.0328414981062421	0.0802352520510862	0.0794196852023981	0.0772132611071074	0.0801318016394083	0.121190392998404	0.122701622515713	0.123196518969378	0.120911465516505	0.152695622872825	0.152996961536764	0.151069463594054	0.154237951996358	0.171834311370931	0.170585717770081	0.168367718802441	0.169212252056547	0.176422648071456	0.177696170267656	0.177765920467573	0.179115261193315	0.172396872680689	0.176224574204258	0.17503827540737	0.176340277707683	0.134308894860828	0.135558649191178	0.133890103555135	0.133242352392859	0.0613103977082002	0.0606753911344978	0.0589590046522133	0.0590552065050887	0.0214634192538692	0.0207316996929863	0.0195951038213953	0.0222097772317493	0.0128875963119531	0.0119546656398004	0.0120700662015164	0.01208767184673	0.0160009488408678	0.0142802389350694	0.0133284664680093	0.0113903457560535	0.00106919755742765	0.00162257295442968	0.000876429190221035	0.000431800297921642	0	0	0	0	0	0	0	0	0	0	0	0	0	0	0	0	0	0	0	0
2025-05-03	0	0	0	0	0	0	0	0	0	0	0	0	0	0	0	0	0	0	0	0	0.00524046484215526	0.00584037833945453	0.00512867306920299	0.00479048374918722	0.0277214134621452	0.0219112661193343	0.0215413053736633	0.0218260150448571	0.0125717503136258	0.0108661719540359	0.0138060962965121	0.0117559814358262	0.033218960441998	0.0339842352751171	0.0326241127346946	0.0341726915481904	0.110262492744924	0.110633270793889	0.109971660399552	0.112132576061635	0.16586737423506	0.167574007631434	0.165629977948187	0.163928640185319	0.175287854507666	0.175386410535649	0.174694966875806	0.174630768080879	0.169591090576037	0.168884669473278	0.17005705585814	0.170467184092546	0.156171444734944	0.153654331463667	0.154985334445378	0.155188889356011	0.133924800265053	0.132475076411276	0.130830782213566	0.132769341110106	0.0995057561758873	0.0999722540738965	0.0996887216360469	0.0978332681141693	0.0607719875341316	0.0574202767206499	0.0613597913728156	0.0604479443724029	0.0219510694883413	0.0226054729891864	0.0232534021281885	0.0181900553942838	0.00208775019465343	0.000406545524628545	0.000231823125472567	0.000273881155245458	0	0	0	0	0	0	0	0	0	0	0	0	0	0	0	0	0	0	0	0
2025-05-04	0	0	0	0	0	0	0	0	0	0	0	0	0	0	0	0	0	0	0	0	0.00633060668981656	0.00346635828546289	0.00408149054519125	0.0051215444795293	0.033555602103895	0.0314771186517157	0.0334674763737383	0.033499802870651	0.0749595673364336	0.0724972275209508	0.075779224543387	0.0737639805992285	0.10969059699077	0.110185095447626	0.106046108693746	0.110078198867858	0.129679876523023	0.131976008396867	0.132288832400875	0.130055282679235	0.137637629422065	0.138561902909405	0.13568043478673	0.135120032881801	0.144755479241918	0.143215374926049	0.143500522697152	0.14452862313488	0.149167036896007	0.148721655536857	0.151491666760411	0.149619640806724	0.159452106922594	0.157789020095206	0.159724132248047	0.155034740734153	0.137268732095339	0.137760783606938	0.136562910447039	0.137407573850684	0.102241016885886	0.101635337864129	0.100753163324261	0.0993704819257234	0.0576540932390394	0.0573058443133158	0.0583129270073333	0.0577271354403115	0.0210792861878871	0.0248944416485686	0.0202581413583751	0.0187681308051693	0.000666019319010747	0.00197540012462439	0.000850051831202466	0.0015085287251624	0	0	0	0	0	0	0	0	0	0	0	0	0	0	0	0	0	0	0	0
2025-05-05	0	0	0	0	0	0	0	0	0	0	0	0	0	0	0	0	0	0	0	0	0.00539309391075993	0.00633207122469699	0.00589408181021778	0.0073807530543253	0.0336125651113466	0.0310827728777811	0.0320939068078645	0.0332107552030078	0.0594694585543386	0.0613753377920837	0.0630559179031664	0.0640992857504112	0.0872769679493992	0.0909328652061484	0.0865024609802534	0.087287705864199	0.109657668715532	0.109416028031266	0.110060235255089	0.111866067998113	0.118185504762987	0.118646318763711	0.116027949094833	0.119140227378469	0.112373072237199	0.112364358322616	0.112713371082067	0.112549198358118	0.106712309211081	0.110764690020765	0.109089065006837	0.109433935761316	0.0869792288226679	0.0877230797942953	0.0857121906372265	0.0885855007458103	0.0542684914945587	0.0556868496925385	0.055199311769742	0.0548453470431609	0.0294761208559813	0.0299497375521762	0.0314906459041571	0.0290834956876853	0.0131936084005486	0.0148626818588428	0.0175706146253909	0.0153730951152178	0.00564771266578092	0.00651989354737999	0.00525208074452718	0.0055803130423119	0	0	0	0	0	0	0	0	0	0	0	0	0	0	0	0	0	0	0	0	0	0	0	0
2025-05-06	0	0	0	0	0	0	0	0	0	0	0	0	0	0	0	0	0	0	0	0	0.00272454034961084	0.00202384038123004	0.000655774101814516	0.0015958451673446	0.0179239999556916	0.0176791395977368	0.0178934915180515	0.0135033689285201	0.0317752662603482	0.0331316894370646	0.031276938817026	0.0308161054855612	0.0564734042984642	0.0639968301615058	0.0575406686849025	0.0559890968551275	0.0573157276297848	0.0602620155741699	0.0585745654750691	0.0598476913209762	0.0683792798816604	0.06722460971301	0.0667034189625549	0.0696926914427747	0.070232254400736	0.0719264916184923	0.0719332975463906	0.0709079564343812	0.0764127246985032	0.0762185743101327	0.0729673277690803	0.0744013732222838	0.0602111424998301	0.0630538642368488	0.0637368486017133	0.0609981446616078	0.050325670815403	0.0515741785131035	0.0537013412006924	0.0553988094708011	0.0572318165763956	0.0525840274350782	0.0539095122272768	0.0552746437612493	0.0371543693595064	0.0400991616783957	0.0367066534304804	0.0360398155316174	0.0163381411725783	0.0178639832694876	0.0154461656028862	0.0163517099550479	0.000584524840252226	1.42496258349416e-05	0.00195422970885242	0.000446995825060414	0	0	0	0	0	0	0	0	0	0	0	0	0	0	0	0	0	0	0	0
2025-05-07	0	0	0	0	0	0	0	0	0	0	0	0	0	0	0	0	0	0	0	0	0.00567914422570447	0.00535400047875022	0.00546744727851798	0.00449940801702733	0.0343698138830112	0.0325057957717501	0.0342277474757839	0.0308966428694548	0.0750117024594135	0.0748957779639403	0.074650593471505	0.0754419261051411	0.116770493295094	0.11524721506947	0.115525522510834	0.115456769124602	0.144346031915591	0.143554386333747	0.144780555772876	0.143319025977787	0.163187058256555	0.165987269747783	0.165215758678012	0.164609913317649	0.173864401932841	0.177726596366274	0.17841547547357	0.176993526227315	0.178354120573018	0.18098571221167	0.178610085176072	0.17705008203924	0.167760201976413	0.168794258410021	0.169610778501035	0.168834761112531	0.145503535193736	0.146292068630451	0.147707053055088	0.143497343120725	0.10693616395791	0.108999564124916	0.106352500442424	0.109711771474749	0.0611303385623685	0.0614936653405336	0.0628542697220359	0.061521726375062	0.0216394898637583	0.0227165780736946	0.0226376150833414	0.0220063169792058	0.00101608330087475	0.00332750579643028	0.000766605584051488	0.00188980531864348	0	0	0	0	0	0	0	0	0	0	0	0	0	0	0	0	0	0	0	0
2025-05-08	0	0	0	0	0	0	0	0	0	0	0	0	0	0	0	0	0	0	0	0	0.00507751820072744	0.00722749185533609	0.00649485703457159	0.00720013290936488	0.0362148658439867	0.0381530954655011	0.0345098000173074	0.0381222386732048	0.0764741253659297	0.0765118025765729	0.0756924200698092	0.0783216519876881	0.114582968932432	0.113850760981657	0.113867669531526	0.113698600554386	0.140891510619664	0.138549294255042	0.138322932208592	0.141236262916702	0.152884207763063	0.15323891089704	0.152640751348722	0.152236129991175	0.152782036041881	0.151652030571795	0.153403861052653	0.15316207233367	0.142870365434832	0.142781809766844	0.143548146642286	0.144799678156039	0.125135149176772	0.122148957068886	0.122293061376234	0.122422832378107	0.0906535692916359	0.0949103736763182	0.0908828796543496	0.0945531773776963	0.06421149159378	0.05703546968338	0.0574998364498445	0.0552532022729954	0.0299011013856235	0.0296038606036707	0.0293938380517283	0.0271011999589776	0.00998157005317903	0.0102649974120258	0.0111729968364911	0.013580435698304	0	0	0	0	0	0	0	0	0	0	0	0	0	0	0	0	0	0	0	0	0	0	0	0
2025-05-09	0	0	0	0	0	0	0	0	0	0	0	0	0	0	0	0	0	0	0	0	0.00395386448658436	0.00378298533249442	0.00146925054835628	0.000793899632564944	0.0228658807770019	0.0201902169655987	0.0212498142186138	0.0206940880387855	0.0568018294585619	0.0586875758563979	0.0592299928772302	0.0572806018078101	0.102938894638902	0.102948931658428	0.104538985571087	0.105573188131583	0.127872858434852	0.127590975674842	0.123659283593211	0.125876882297095	0.141003040363518	0.140969796635341	0.139504324108583	0.144522838892558	0.143080700268984	0.144148501462936	0.145340405780451	0.144430392487628	0.145688329907817	0.146669921484226	0.149261433895956	0.145380314712001	0.139641078273397	0.140064733139251	0.138736396893604	0.139557791693748	0.125899129608266	0.125395351930134	0.124797428301978	0.124908090159622	0.101032508011454	0.0984107793913583	0.100032326283955	0.0995243863132331	0.0607887120599058	0.0667125739361366	0.0649378078182793	0.0645609061856784	0.0230638826287953	0.0245210819941611	0.0229406349405964	0.0264744004364471	0.00205058239765821	0.00233120231170647	0.00366607915488163	0.00195213613575369	0	0	0	0	0	0	0	0	0	0	0	0	0	0	0	0	0	0	0	0
2025-05-10	0	0	0	0	0	0	0	0	0	0	0	0	0	0	0	0	0	0	0	0	0.00528926334752753	0.00778282456606047	0.00642093157912158	0.00650698050729042	0.0339177350042911	0.0368634767423274	0.0356968418436239	0.0365219464097577	0.0746505920001617	0.0776681137503384	0.0776981653327804	0.0779831289167195	0.112642440451765	0.116380080260422	0.115924060821059	0.118053418466755	0.142148827745508	0.145725495679873	0.141652377640106	0.144473298934513	0.161774495419044	0.161019611332637	0.158785311975693	0.159420581272626	0.166399253821193	0.166930524874697	0.166713153467073	0.166957067837037	0.167190858616599	0.167884524387043	0.164260473261102	0.166664143735256	0.158432455081832	0.157486939093278	0.153347250055924	0.153733355768966	0.129204704948495	0.12557549249417	0.130203500270471	0.132016302286865	0.0879165519468653	0.0906646501029619	0.0873957448699074	0.0900230530802654	0.0516915282289064	0.0486243383209084	0.0490834349286965	0.0496006985214886	0.019126705176644	0.0178568938788127	0.0184510988538608	0.0145653020906826	0.000970684159939931	0.000677165672490305	0.00120241767037567	0.000149732497194091	0	0	0	0	0	0	0	0	0	0	0	0	0	0	0	0	0	0	0	0
2025-05-11	0	0	0	0	0	0	0	0	0	0	0	0	0	0	0	0	0	0	0	0	0.00472798101256476	0.0083933405369101	0.00580946876486291	0.00706920968566222	0.0334991040935455	0.0355712388681535	0.0357756262473477	0.0331540307909533	0.0780788216471381	0.0806938105629836	0.0786426582389854	0.077584709550893	0.115313196288032	0.120452013329922	0.116076585854428	0.117158204527617	0.148776198877643	0.145701322240917	0.147415639871983	0.146106839009457	0.165282367536856	0.165938060844413	0.165788632297485	0.165990939321246	0.175707911977622	0.172579864131097	0.17247577084019	0.173236453051092	0.168269421685782	0.171218788289012	0.168783197317168	0.171728592708038	0.15586267483755	0.154053692201804	0.157629099495896	0.15845453346475	0.134713465280592	0.131341094916965	0.134952742524157	0.130992697278287	0.105573929332204	0.102753580708746	0.100664455514133	0.104008034444917	0.0622387086801679	0.0646826188830657	0.0655699976517277	0.0625086747850386	0.0243203331519382	0.024393893753415	0.0228543355417271	0.0224314375529197	0.00393272461097966	0.00246880564909127	0.00217006952009178	0.00142840021983729	0	0	0	0	0	0	0	0	0	0	0	0	0	0	0	0	0	0	0	0
2025-05-12	0	0	0	0	0	0	0	0	0	0	0	0	0	0	0	0	0	0	0	0	0.00523447890663915	0.00710488438450622	0.0064930912435857	0.00716754546526892	0.0372998838592161	0.0383677437956971	0.0385723748087844	0.0377599975363024	0.0783263540210632	0.0780068023072719	0.0784028616393459	0.077263982032319	0.114327031556057	0.114523432838246	0.115198360054662	0.114951175551035	0.143955927977552	0.141717561371116	0.142950433396843	0.144376077254489	0.157610974700312	0.159907452605659	0.157737404794403	0.158744167899625	0.168186093152018	0.168878089880581	0.167231146503693	0.169704670463708	0.163886246565152	0.164938493573936	0.166728256860647	0.171447003000266	0.153478567977489	0.155479336265918	0.155193561381077	0.153848534375515	0.135357098297285	0.131959160965392	0.132561416616066	0.133122324121257	0.103170264220221	0.101968865533883	0.101676281915347	0.101184588330549	0.0635724116718067	0.063722824340755	0.0654890234722178	0.0622157405152206	0.0245154865290469	0.0231828794650361	0.025003883828874	0.0242977501770429	0.00260340666410853	0.00436340119836553	0.00414125068221303	0.00189194145531291	0	0	0	0	0	0	0	0	0	0	0	0	0	0	0	0	0	0	0	0
2025-05-13	0	0	0	0	0	0	0	0	0	0	0	0	0	0	0	0	0	0	0	0	0.00325443699137926	0.00620669458811729	0.0099009238035114	0.00863794461699205	0.0369963431218813	0.0382645461570572	0.0369019181704691	0.0358371925505925	0.0823912399210447	0.0788083919690928	0.082290773244079	0.0815095948657835	0.120534030950359	0.120379698809063	0.124981954146952	0.120104316093626	0.155443853922388	0.15366229181536	0.152440248764581	0.151453605497672	0.169561747352502	0.170596665122061	0.171634378999971	0.171207208525467	0.179451924238335	0.178015134142114	0.178150155835309	0.180382785784242	0.174493261085378	0.173268606815341	0.17642570570506	0.17681242639422	0.155991669429482	0.156235311547779	0.156850426214923	0.159922592807816	0.126398338480509	0.124191477431827	0.121175449754796	0.125234734332867	0.0875655483175803	0.0861923889660308	0.0882564151609246	0.0839856475554642	0.053659025344833	0.0536867630119905	0.0558838814103083	0.0567703302328682	0.0222262266877997	0.0210907823558351	0.0206896969758155	0.0229932939805497	0.00220819768711038	0.00145490721756178	0.00104595374614749	0.00429094134918035	0	0	0	0	0	0	0	0	0	0	0	0	0	0	0	0	0	0	0	0
2025-05-14	0	0	0	0	0	0	0	0	0	0	0	0	0	0	0	0	0	0	0	0	0.00129764850650708	0.00456300968753525	0.00586231197499147	0.0012770298309662	0.0124240680413209	0.0110266415498333	0.0135690333132187	0.0129802570956272	0.023011866147155	0.0253499515022919	0.025086704301431	0.026551478049122	0.0401358437495386	0.037770609562013	0.0414797869168449	0.0356137597716035	0.0562994514481503	0.0547421295354989	0.0567828828025307	0.0561755362138201	0.086968497048301	0.0849208148967788	0.084138242389247	0.0849724456656732	0.114393970903292	0.114628403574463	0.114938318514907	0.113039307007338	0.113179037382012	0.111941645392558	0.113039725678723	0.111839591546707	0.0880454003083167	0.0879185369205794	0.0867965459303391	0.0862395168407648	0.0634915772005222	0.0649938498391002	0.0625798186146609	0.0619347543457166	0.0402883569142371	0.0404486833379196	0.0363877412941641	0.0378752184536791	0.0233346600798393	0.0205348538708692	0.023944046109163	0.0231864399401284	0.00996943165089577	0.0117979210654976	0.00794346129715378	0.00828918598645286	0.000246006310569821	0.000396039663641254	7.16429982833644e-05	0.000286311027505561	0	0	0	0	0	0	0	0	0	0	0	0	0	0	0	0	0	0	0	0
2025-05-15	0	0	0	0	0	0	0	0	0	0	0	0	0	0	0	0	0	0	0	0	0.00776383809711189	0.00840879642942426	0.00890903617035744	0.00691832930310641	0.0374058924884217	0.0367669562083462	0.0347420457954899	0.0350851055077421	0.0723410103074305	0.0751032096086047	0.074976494117733	0.0755792859662318	0.11320749610867	0.115824468078698	0.112685720500943	0.11128231531169	0.147041051228622	0.146527233394406	0.145650328902425	0.146781386474547	0.166855913972241	0.166760834483827	0.16592948194592	0.165453769598012	0.167670904747395	0.170689004253848	0.168277771494897	0.165362319503859	0.146028737230771	0.147019299611041	0.147530491064231	0.145421472093957	0.124894173464405	0.124444635281235	0.124568129116684	0.123093062137676	0.0850448012920402	0.0841747296638052	0.0835497026254338	0.0852307664187208	0.0585435703586505	0.0590549066838609	0.0571919027175244	0.0582096202399642	0.0388645246592729	0.0373153230440134	0.0393040629802664	0.0395160893164473	0.0204469831838699	0.0210249547749342	0.0216167765443064	0.0169112854968896	0.00400028900940711	0.00266460305978699	0.00390837361126278	0.00142673431954313	0	0	0	0	0	0	0	0	0	0	0	0	0	0	0	0	0	0	0	0
2025-05-16	0	0	0	0	0	0	0	0	0	0	0	0	0	0	0	0	0	0	0	0	0.0074719534791995	0.00443538061544332	0.00716450590930713	0.00692815999605006	0.0374852691054102	0.0377281480860225	0.0395880484075582	0.0401985344010092	0.080554172117654	0.0799717774871117	0.0806942800305595	0.0817797703646748	0.121133034042984	0.118897152916706	0.1215348947687	0.12043491827161	0.151261670772098	0.151700755254619	0.149179600987275	0.149857972986008	0.171298443515741	0.174699007116353	0.171641379948496	0.171361169419409	0.182192017360411	0.184161363762786	0.184221250613684	0.180425368263119	0.180978254564563	0.178527794033686	0.179763927509013	0.179730023892738	0.160347336472002	0.159874550039272	0.163793545106021	0.161984568382705	0.134702188194907	0.137650754531003	0.139667236089004	0.134979821185087	0.108186392517522	0.108122894608912	0.10608291837811	0.108607794495456	0.0650711626626983	0.0642344743554197	0.0636179868201159	0.0660763761617661	0.0273132998010905	0.0237459685192537	0.0238557328211869	0.0240849988584688	0.00348423775858473	0.00377082494702738	0.00367953837232286	0.00406539892206503	0	0	0	0	0	0	0	0	0	0	0	0	0	0	0	0	0	0	0	0
2025-05-17	0	0	0	0	0	0	0	0	0	0	0	0	0	0	0	0	0	0	0	0	0.00844551197740137	0.00631186423252586	0.00368668913499751	0.00755593465507525	0.0384160225529924	0.0385885996788895	0.0397206977443027	0.0392746800238154	0.0841191261774301	0.083608877760097	0.0824170076874644	0.0858549883750085	0.12320667691021	0.124113423451384	0.124213979986351	0.124465919652056	0.1553816808554	0.155573652732981	0.151004644227513	0.155040022184106	0.170453415900782	0.170796188910083	0.172961542372921	0.174788852816213	0.176894088414967	0.181318625256599	0.181534100313295	0.180253186015138	0.176992628099588	0.177628826122413	0.176839911097133	0.178538634680866	0.165881966374947	0.161155988676627	0.16554705440974	0.166414990538686	0.145053134200795	0.142759998622985	0.141518930966426	0.144667936209794	0.110899008830006	0.111452082597786	0.109501649746046	0.110147258826162	0.0694447551342602	0.0684577918501187	0.0672376902240521	0.0678597627915691	0.0252272405962493	0.0262864872500703	0.0206320412113423	0.0258542309423381	0.00196909855125931	0.00287528880558566	0.00360789780177684	0.00654771484137819	0	0	0	0	0	0	0	0	0	0	0	0	0	0	0	0	0	0	0	0
2025-05-18	0	0	0	0	0	0	0	0	0	0	0	0	0	0	0	0	0	0	0	0	0.00656299671112785	0.00654044023314201	0.00507690521109451	0.00781965784463563	0.0402575026697933	0.0391904666275949	0.0398485395051907	0.0387034911974211	0.0846689098872772	0.0835318881179425	0.0843036216500047	0.0834955803447757	0.125957919122254	0.12447401849331	0.122271671549844	0.123296390834592	0.154900260461834	0.15296522169422	0.154608292586548	0.152526225257399	0.172902175184606	0.172369551438582	0.174574296134386	0.172153977242427	0.179850191181107	0.182818732820699	0.181697410913458	0.180633665084737	0.176460039687133	0.177020019109408	0.175603742950749	0.17891619825271	0.161010414852046	0.160397870663551	0.161736495816596	0.162855218667807	0.141866640840858	0.14148156286067	0.14228368295788	0.140368113340593	0.111512380583778	0.105600115237048	0.108928679683642	0.108958824495532	0.0680864017148711	0.0670103617447447	0.0692214054877006	0.0666818310526835	0.0227017921597662	0.02479180607902	0.0246632939121705	0.0268431078490434	0.00529864171948061	0.00301218501818399	0.00215485949270937	0.00553431376962603	0	0	0	0	0	0	0	0	0	0	0	0	0	0	0	0	0	0	0	0
2025-05-19	0	0	0	0	0	0	0	0	0	0	0	0	0	0	0	0	0	0	0	0	0.00828199331741693	0.0101165398315969	0.00741411836769202	0.00718734848329415	0.0361229373756807	0.039913782692296	0.0371949764893844	0.0357683034426389	0.0771342675655884	0.0754017740375675	0.0749261506661249	0.0765378077307192	0.117800597943416	0.115795818396301	0.118715195890662	0.116688387769621	0.144054374596305	0.147867568431745	0.144547132606366	0.144530924365584	0.152194655924461	0.151283654673119	0.151975580147042	0.152546109255377	0.118835673609806	0.122263403399678	0.119474399024113	0.119426523966403	0.108415044993697	0.109739985511161	0.110666803392481	0.111178166102661	0.124009636176371	0.122673040857577	0.123402898944463	0.12491442402159	0.125890465354549	0.1258756594379	0.126912448927629	0.125321426279922	0.106162993186253	0.103131661407464	0.103234991140424	0.103470354265858	0.0664959213895384	0.0652818672490434	0.0656352338088518	0.0665869775525664	0.0258364213302667	0.0290653513017746	0.0231387332587031	0.0239594941092556	0.00288974669399884	0.00429493265931807	0.00634447087546307	0.00447084977122002	0	0	0	0	0	0	0	0	0	0	0	0	0	0	0	0	0	0	0	0
2025-05-20	0	0	0	0	0	0	0	0	0	0	0	0	0	0	0	0	0	0	0	0	0.00719735879814683	0.00899013619942685	0.00792020367782682	0.0068923013245995	0.0403191287230715	0.0395850171428662	0.0388602700970987	0.0402355840369637	0.0872204535908168	0.0842855459683203	0.0830442964811217	0.0874497039597412	0.125957954558534	0.124876309329183	0.125418676129681	0.125747059982602	0.154704807356004	0.157281974849782	0.155440830866979	0.153572386927236	0.172446932048009	0.17248541311704	0.171114397079143	0.174953257755807	0.17895477642297	0.181884859723064	0.180442472171819	0.180717891682148	0.177062104497105	0.175435133751976	0.177343511541918	0.176159250209	0.157946202483405	0.156396205478309	0.155585143492076	0.15507244854621	0.119665359636878	0.121437033100916	0.119358537243082	0.119539070019124	0.0844427159077049	0.0827453817402895	0.0831263060660885	0.0846855962859172	0.0515262724147601	0.0534776935204444	0.0534649592529841	0.0535310748118114	0.0244496138304037	0.0231784891361753	0.0238717586262877	0.0225001384071333	0.00355010308075582	0.00389483956176037	0.0052005317887965	0.0043545255686873	0	0	0	0	0	0	0	0	0	0	0	0	0	0	0	0	0	0	0	0
2025-05-21	0	0	0	0	0	0	0	0	0	0	0	0	0	0	0	0	0	0	0	0	0.0092284678727876	0.00616264302346036	0.00874812586997426	0.00686076323377778	0.038500636025941	0.0380919504244656	0.039172581964456	0.0372348315851374	0.0822403041730089	0.0824237325656451	0.0832586206870897	0.0840773425742564	0.122430336465386	0.124937132939808	0.125243074315063	0.123389456279742	0.155392621128991	0.15655609506626	0.155119489724908	0.153931794079841	0.175560845754166	0.175693780813633	0.173452017608752	0.17429335582345	0.18397189547943	0.183526314211302	0.183053419778807	0.184448370530462	0.182989073716266	0.180760298052955	0.180261609507198	0.183989018723582	0.170179677633642	0.169170546074902	0.170971002854622	0.168678773436833	0.149111422076288	0.145969445063315	0.148498821001195	0.144420311859201	0.112986663697157	0.113515257019444	0.111082979570711	0.112415099712687	0.0664440183657157	0.0671943513575873	0.0677085357429841	0.0656530945337129	0.0231859500516235	0.0257315435329011	0.0243358089208298	0.0247466974946456	0.00370965360595585	0.00462456498248476	0.00196630082040592	0.00369948059115348	0	0	0	0	0	0	0	0	0	0	0	0	0	0	0	0	0	0	0	0
2025-05-22	0	0	0	0	0	0	0	0	0	0	0	0	0	0	0	0	0	0	0	0	0.00957143135748762	0.00881102374128485	0.0077978128584336	0.00881973204279393	0.0380970206036522	0.0353567496779341	0.0377057506620904	0.0368404790563233	0.073713035994877	0.0755334837148256	0.0745333918439131	0.0762200884463844	0.111303324643604	0.111654070491768	0.109760389722894	0.109282215141733	0.135316757418336	0.138502491833171	0.137463140693664	0.137717610054829	0.155127651673997	0.152464033374513	0.15329831035059	0.156110004600901	0.151941330435051	0.151188675700993	0.151139797108607	0.153730196755349	0.145616506484304	0.146260224820726	0.147259739505607	0.148863529189362	0.134295004978357	0.133480213135823	0.134382487963334	0.134842293922487	0.117711240561402	0.117889175771973	0.114579241342082	0.117820342324543	0.0930860900286865	0.0916186127600814	0.0936219116879723	0.0896733855232598	0.0594195411678261	0.0629164231994062	0.0602272434055319	0.0604367922272357	0.0237410073247275	0.027485163890004	0.0255923202831118	0.0291815085021567	0.00596602632323897	0.00567004606409202	0.00409322811408781	0.0052706994985812	0	0	0	0	0	0	0	0	0	0	0	0	0	0	0	0	0	0	0	0
2025-05-23	0	0	0	0	0	0	0	0	0	0	0	0	0	0	0	0	0	0	0	0	0.00723783585353545	0.0058708073700233	0.00697169475206564	0.00691966202437562	0.0396182553657826	0.0419886477899164	0.0392057501388239	0.0411873467054771	0.0862110550199608	0.0869089519672364	0.0835834819676207	0.0872965110451821	0.124685972234169	0.12490300571035	0.126039104929404	0.125371917126077	0.155057455443516	0.154657018989423	0.156293507534984	0.155992018032078	0.170990059562055	0.172514886474761	0.174204588893332	0.174290465069852	0.179034979717438	0.180138338571382	0.181023540345042	0.179803141366138	0.167531496499209	0.172642277428587	0.173175110375444	0.17165111569676	0.157043353346804	0.157349143400739	0.157763332085191	0.155844171167266	0.137228708105827	0.138207920002119	0.137414500047839	0.137148871844215	0.106880320462497	0.107827359009664	0.107491176666764	0.105801143861076	0.0652058699810303	0.0663107635843079	0.0683120763819879	0.0661712900526739	0.0243288871114703	0.0256692462137354	0.0254857317666295	0.0255161349081647	0.00391078312063129	0.0076149457785996	0.00306691606943341	0.0054073550313357	0	0	0	0	0	0	0	0	0	0	0	0	0	0	0	0	0	0	0	0
2025-05-24	0	0	0	0	0	0	0	0	0	0	0	0	0	0	0	0	0	0	0	0	0.00637804357638226	0.00671033353234511	0.00691834315881718	0.00799327973245545	0.0392502067515117	0.0400667838074729	0.0405038402125346	0.0411791692284808	0.0838395819230508	0.0843153453250032	0.0858897400596299	0.0859553326923161	0.126546907637371	0.122502867532784	0.125160321134584	0.123789903695261	0.153792998545421	0.154365405727334	0.152654680741143	0.154186914986102	0.170758954750034	0.17075142721896	0.17383378891308	0.172655829117926	0.175072276978085	0.17489311103874	0.174919455879942	0.180115156103233	0.173369825310319	0.172783458782833	0.173419210772401	0.173427505134447	0.164518872079576	0.158018469524141	0.163120619163965	0.162342039232317	0.139945421288082	0.140426138389278	0.140371078694116	0.140257361628524	0.108629461591814	0.1097152942124	0.110891991817488	0.109763252378298	0.067325557761072	0.0669757072505367	0.0668993753472011	0.0697993596411903	0.0252488973210871	0.0254289256675873	0.0263609324633841	0.0269612445479415	0.00752506607798286	0.0043897621945861	0.00489321897819444	0.0031919527492366	0	0	0	0	0	0	0	0	0	0	0	0	0	0	0	0	0	0	0	0
2025-05-25	0	0	0	0	0	0	0	0	0	0	0	0	0	0	0	0	0	0	0	0	0.00617291954162758	0.00864969410404051	0.00643059738916405	0.00774678896516786	0.0408995637661977	0.0400191533377933	0.0408096514913814	0.0382716314046276	0.0860596845725683	0.0849476056353198	0.0817684214582015	0.0852242883339105	0.124077721865242	0.122978853632099	0.12447300944502	0.12447041505764	0.15540251100204	0.150451302173045	0.154527258387966	0.155618928436949	0.173904337647114	0.171841392774014	0.173124680045141	0.172129589533732	0.181781850365945	0.178352597943838	0.182120873114957	0.180744678575261	0.179013432333641	0.17923867604631	0.176762457140113	0.178985434479937	0.166925767070772	0.165955760266342	0.166657281407349	0.164461191255538	0.14402118985511	0.143568453930969	0.142874833410659	0.142535522803262	0.108292603534889	0.109874513447222	0.111835655150968	0.107997227866921	0.0662793100859383	0.067962737522739	0.0675688164028948	0.0691891359884279	0.026998647217666	0.0245798362320237	0.0251502018933317	0.0262713146569786	0.00284491483679103	0.00472606920041127	0.00677934769384495	0.00564966826895276	0	0	0	0	0	0	0	0	0	0	0	0	0	0	0	0	0	0	0	0
2025-05-26	0	0	0	0	0	0	0	0	0	0	0	0	0	0	0	0	0	0	0	0	0.0100076828320037	0.00733202420213676	0.00838023629881283	0.00928005666704672	0.0386441977881116	0.0397808278032479	0.0403701895422778	0.0382047848663627	0.0777796012105735	0.0807918250049179	0.0810096716459369	0.0834189021385718	0.119329424441159	0.120161777944106	0.118067650207845	0.12144114740689	0.149438005772927	0.147460315372572	0.149430703937471	0.14867097491703	0.16648043434887	0.164061207739524	0.168392707335275	0.16506565057633	0.17335849262048	0.174631262380399	0.172993539925638	0.173016705073483	0.168618735224332	0.16988368007125	0.169781872895054	0.170715711809365	0.151267691785743	0.151392636126249	0.152735161265711	0.152604510822296	0.127259476983665	0.127115454365499	0.126185083066667	0.129439985584168	0.100609759472716	0.0989145551897474	0.0992609829740735	0.101214702363463	0.0594917270603497	0.0605396038342675	0.0582985189345063	0.0596701501708764	0.0248282592482365	0.0233017141211562	0.0209222917516083	0.021947734878999	0.00292728960459464	0.00354615155410478	0.00378279464891526	0.00374376419238532	0	0	0	0	0	0	0	0	0	0	0	0	0	0	0	0	0	0	0	0
2025-05-27	0	0	0	0	0	0	0	0	0	0	0	0	0	0	0	0	0	0	0	0	0.00886187742184679	0.00894397212653257	0.0105677733176257	0.00762637713399497	0.0372650797431519	0.0360699258382201	0.037874918199823	0.0397900762188049	0.0788840418601458	0.0780923883476371	0.0787514120678037	0.0792721577244135	0.116513308486294	0.120581584940982	0.117251202709038	0.117653903863686	0.152494442179923	0.151815354216807	0.151000210723379	0.153689992879891	0.170498161935414	0.170216544556085	0.169390504062217	0.170894789446284	0.176812449283531	0.173976994362125	0.175427859312527	0.173782697041817	0.177442670822115	0.174348467831616	0.176885120351289	0.17832374099498	0.166248883548096	0.167293476750712	0.166002381620419	0.166455258080774	0.144383637993629	0.145266448050964	0.142628403511015	0.145721510444392	0.111730760385136	0.111410340731502	0.110864489361562	0.1109944095218	0.0656246800510458	0.0659125638217027	0.0636965357736764	0.0677662203535752	0.0254794697173461	0.0252386613022484	0.0292990449195336	0.023982824060872	0.00559137742305825	0.00450863453343688	0.006257865865295	0.00564212217820986	0	0	0	0	0	0	0	0	0	0	0	0	0	0	0	0	0	0	0	0
2025-05-28	0	0	0	0	0	0	0	0	0	0	0	0	0	0	0	0	0	0	0	0	0.00710838731797261	0.00859154621752926	0.00521235551216395	0.00708771095233418	0.0409522937680671	0.0410176373503079	0.0413052473227439	0.0377248215588811	0.0853584008759473	0.0857071448256999	0.0846085745270732	0.0843258797712796	0.124225205997719	0.124940268123517	0.123431187323065	0.1244033385557	0.151592628732372	0.153991722976843	0.15463172818926	0.153783920101525	0.173091963194991	0.170230740969737	0.173214509576583	0.17246278625869	0.180476678675809	0.181685798194738	0.177789833495591	0.180047689633863	0.179000296251001	0.176888093510272	0.178379677071179	0.176731933167548	0.165344656092227	0.16341604727176	0.163204233543993	0.16203506309202	0.146704012587598	0.139502074941147	0.137784278122828	0.139009634348427	0.106802360126814	0.108549717957254	0.108330559866476	0.107317362049456	0.0674184208940133	0.0652943768663954	0.0672440999892388	0.0670431022503525	0.0271884698600432	0.025733484495872	0.0261619942402149	0.0239160514038698	0.00448099462694841	0.00463287107196287	0.00549849566747078	0.00538763863361794	0	0	0	0	0	0	0	0	0	0	0	0	0	0	0	0	0	0	0	0
2025-05-29	0	0	0	0	0	0	0	0	0	0	0	0	0	0	0	0	0	0	0	0	0.00600993635116955	0.0073749945178287	0.00756497641774603	0.00705009271325573	0.0384909440588963	0.0406515335861851	0.0399281817476593	0.0389293406072592	0.0822110180188478	0.0835955754295358	0.083449531610812	0.0837438749408044	0.122146429685077	0.122746417152669	0.121003463048324	0.12210369011393	0.151334574266604	0.15191132627024	0.151261810393062	0.151492289070095	0.167422972257022	0.169874067420069	0.170196492332109	0.1725064679908	0.179973111466597	0.178650445492199	0.177289890437173	0.177086552604031	0.179285199877732	0.176267705354048	0.175849609227978	0.175597485540242	0.163125499818115	0.163981867558345	0.16438248793702	0.167510144686521	0.142272877411538	0.142126492023745	0.143478230644152	0.143122399920565	0.109442633532724	0.112654937686441	0.110303704747498	0.108598724033337	0.0698283944773423	0.0669059263972936	0.0687817271523187	0.0704839519730453	0.0258236736995612	0.0258542374192295	0.0261427647152904	0.025179324165919	0.00561885456210229	0.00572059682632174	0.00435054605633863	0.00431000255523734	0	0	0	0	0	0	0	0	0	0	0	0	0	0	0	0	0	0	0	0
2025-05-30	0	0	0	0	0	0	0	0	0	0	0	0	0	0	0	0	0	0	0	0	0.0053426968074991	0.00766106848577497	0.00750379967763614	0.00649243502908979	0.0394228386375641	0.0402576023166238	0.0386137007411058	0.0387058583047063	0.085207118933494	0.0814257570419508	0.0827021515223298	0.0826649725022254	0.119598704379185	0.119948515026773	0.122315800930191	0.123136979663851	0.150425139787131	0.150250350270906	0.149693036120071	0.150631473821892	0.169208846802663	0.168347289190531	0.171501014780177	0.166942849226629	0.17774723436614	0.178163300646504	0.177927218208002	0.175162246779355	0.176568657939908	0.173609556562048	0.176688496836292	0.176133288661752	0.16400129974465	0.165188183985823	0.164333757682825	0.163476758586702	0.143032459224315	0.14234836347502	0.142832812115831	0.141786365184833	0.110707978815358	0.111217270854281	0.108653682360483	0.109421067969878	0.0689226282461934	0.0698431765889324	0.0690974250973882	0.0691367700674861	0.0269560822290293	0.0256571420415314	0.0250983552689599	0.0252884204604793	0.00557387351992999	0.00620660247553842	0.00411901755783453	0.00410050644669706	0	0	0	0	0	0	0	0	0	0	0	0	0	0	0	0	0	0	0	0
2025-05-31	0	0	0	0	0	0	0	0	0	0	0	0	0	0	0	0	0	0	0	0	0.00659736916696311	0.0125906052060082	0.00651761747145354	0.00729440815557511	0.0385498360669273	0.0398468233995572	0.0393861703117078	0.0382171702218077	0.0799653863388123	0.079560136759619	0.0820824466403742	0.0813920302611946	0.119768842955985	0.11685135873557	0.117682278406342	0.117697519902104	0.147454695510668	0.146445053039593	0.147071434142866	0.147028817306873	0.164145604247344	0.163509752193613	0.165956759663852	0.167387883895192	0.174718908730189	0.171385790602967	0.171188109323328	0.172707191343515	0.170668268050187	0.168830613718891	0.167060639645226	0.169440478585696	0.1563734797219	0.156128088599038	0.151196606871469	0.154301824807593	0.129534431617715	0.128688793704463	0.128538911267655	0.126237863410167	0.0942768273765531	0.0952134812477713	0.093344009231611	0.0951656821440647	0.0594811124472109	0.0576464899792707	0.0561503442393598	0.0577220533341586	0.0259784663760553	0.0262831175430773	0.0256988973367298	0.0260395187441376	0.00626291705724088	0.00520742937862004	0.00596038366969267	0.00656926989444642	0	0	0	0	0	0	0	0	0	0	0	0	0	0	0	0	0	0	0	0
2025-06-01	0	0	0	0	0	0	0	0	0	0	0	0	0	0	0	0	0	0	0	0	0.0117187516706904	0.0105906015941741	0.00942307251977532	0.0102675742153602	0.0357764489939665	0.0398213064874103	0.0396516863743508	0.0397505581442724	0.079904396221204	0.0796355135358276	0.0798478950372745	0.0786121952056939	0.115102749434653	0.116590328982027	0.118354230773373	0.116952690809946	0.147602752172862	0.148350553528921	0.147855854799536	0.144190839498681	0.164490748777017	0.165698276106591	0.166008785783925	0.162802189332467	0.164852496316179	0.166379054039039	0.165512886260926	0.167255563383856	0.149993682001724	0.150716590953667	0.14948426359334	0.149805463451269	0.12405490646482	0.123748478383111	0.124751932892844	0.123444682259226	0.0824732527265714	0.0832759992571189	0.0836964800368093	0.0825542679795004	0.0586610948114985	0.0559589979938985	0.0576215929059987	0.0577583142886042	0.0345919278023973	0.0324586914305105	0.0356345763931337	0.0373148043739586	0.0156193229137941	0.0149753849713982	0.0161798413448671	0.0152254507699407	0.00205637917462818	0.00131882203783951	0.00152533979864941	0.0040994589888829	0	0	0	0	0	0	0	0	0	0	0	0	0	0	0	0	0	0	0	0
2025-06-02	0	0	0	0	0	0	0	0	0	0	0	0	0	0	0	0	0	0	0	0	0.00846826400342287	0.00875434265586951	0.00992937570208155	0.00784801763862607	0.0305422482967493	0.0277044966283155	0.0295017082898493	0.0292515467850859	0.0515078734674093	0.0549282919284056	0.0533213755567178	0.0532424590474674	0.0648256561280965	0.0634205267915388	0.0653823541054456	0.0633714629749192	0.0702500321809065	0.0689472071781638	0.0702729552878349	0.0705298053530947	0.0771509528555181	0.0780020994879567	0.073824890115694	0.0760220575408312	0.0876024736393367	0.0892928280586001	0.0844253303557003	0.0896793679463629	0.095249274486427	0.0977224065230644	0.098073120995115	0.0969551979953937	0.0794838241295382	0.0789611898413362	0.078815365289368	0.0797396207397576	0.060335632260708	0.0596565459131495	0.0593826228729468	0.0576251989531956	0.0824294784634181	0.0824532145864226	0.0798513411290587	0.0772659658211006	0.0654299200087592	0.0673031773056653	0.0667330639496694	0.0695338387359061	0.0296006506096663	0.0285924285800561	0.031066295136117	0.0287406256741606	0.00514837772560444	0.00681631541575735	0.00521024910227883	0.00882505775635938	0	0	0	0	0	0	0	0	0	0	0	0	0	0	0	0	0	0	0	0
2025-06-03	0	0	0	0	0	0	0	0	0	0	0	0	0	0	0	0	0	0	0	0	0.00904702390788773	0.0129520473764645	0.0108985826769841	0.0101023460386636	0.0392097722067813	0.0381461751417563	0.0364757708443013	0.037168281807161	0.0724514261860895	0.0720896551433146	0.0727357937284216	0.0727231249421744	0.107291538914358	0.101921369438914	0.107895600637969	0.107891491008759	0.134918111481447	0.137712541631498	0.136188481333922	0.136180865553133	0.146217127292265	0.147969459790628	0.146458130974212	0.146355281942895	0.139324285507929	0.140191440470797	0.139831473428261	0.138652800593012	0.136463601992693	0.137702987348409	0.134970673401189	0.13486273725771	0.131815038385533	0.135781992887598	0.134888194042593	0.133514774684276	0.118341794930604	0.114705618390534	0.11696914116471	0.116983445514151	0.0879165571714845	0.0878208822409726	0.0884354121863485	0.0858271484011944	0.0577727123412921	0.0572794213651162	0.0567997673366514	0.0561480989569404	0.0261644285523672	0.0255121955859305	0.0256998985800978	0.0226234772816045	0.00388782891549611	0.00570088649267165	0.00341668029082676	0.00499460430100547	0	0	0	0	0	0	0	0	0	0	0	0	0	0	0	0	0	0	0	0
2025-06-04	0	0	0	0	0	0	0	0	0	0	0	0	0	0	0	0	0	0	0	0	0.00999052298187843	0.00988752298430448	0.00925862718426869	0.0108633268495484	0.0391054150756321	0.0384780089484412	0.0379748046504541	0.0364417713254727	0.074743674776033	0.0757156709075718	0.0790120498488379	0.0765286044675574	0.113489142087373	0.115562658769859	0.11773642191524	0.116211777227528	0.143459816578093	0.145480746242954	0.143955418867468	0.144104018311484	0.163891490636228	0.163853048617265	0.165141215648489	0.165114245098018	0.174435783596279	0.173521692007473	0.171821440686576	0.172221083709672	0.165115365742645	0.166581016883785	0.164122836013536	0.168180781360034	0.15177345299705	0.154062200782364	0.15459257239348	0.154571773827105	0.132589257409452	0.1309838958064	0.128137174543325	0.129289672240822	0.0998416674597638	0.102851528671349	0.10168788394896	0.102618919919927	0.0634619444869853	0.0627340659522086	0.0626231090053136	0.0621808805554924	0.0251487277933224	0.0268201622588352	0.0275367460688771	0.0274943638789654	0.00794612418473987	0.0055835813060217	0.00516136357259199	0.00730893093664644	0	0	0	0	0	0	0	0	0	0	0	0	0	0	0	0	0	0	0	0
2025-06-05	0	0	0	0	0	0	0	0	0	0	0	0	0	0	0	0	0	0	0	0	0.00773705724571252	0.0053475650740228	0.00812047004840595	0.00679490763185874	0.0249035354292971	0.0289532185204215	0.0276110191869551	0.0275322268633263	0.0640546204506294	0.0647944226404193	0.0653212034762799	0.0648297534326714	0.114290237832154	0.112725068890029	0.11449210121929	0.112492592058527	0.141512854799655	0.138901251563972	0.142231904753842	0.142353988882531	0.15839069396539	0.160305082695297	0.159562347356597	0.158741875982716	0.162741160565805	0.164600948446807	0.166926317654426	0.163731573332962	0.155575383495481	0.156070390958472	0.153792415531407	0.15556181001464	0.148264169405976	0.146513566626151	0.146751961515699	0.145470302452174	0.120491958592766	0.120761234613093	0.119620792476607	0.120126014317535	0.0779639905037043	0.0798223956878409	0.0772129226971544	0.0770006911113004	0.0503886712052	0.0497954381244299	0.0487057338904935	0.0511101567798766	0.027587162208732	0.026282638027418	0.0304554395113553	0.0266747602524948	0.00689435040103254	0.00696515049105297	0.00713389819793144	0.00700660090998305	0	0	0	0	0	0	0	0	0	0	0	0	0	0	0	0	0	0	0	0
2025-06-06	0	0	0	0	0	0	0	0	0	0	0	0	0	0	0	0	0	0	0	0	0.00888000763725695	0.0112589986027369	0.00943182806249395	0.0114291656975122	0.0386225318639774	0.0390037655996035	0.037679380986303	0.0376943215501162	0.0778829192392901	0.0785768124136402	0.0774300044096992	0.0771102639373705	0.113794934856142	0.114025307102804	0.117051407986151	0.115128350054903	0.149360655686298	0.148175781198079	0.147746483290944	0.14971707982468	0.169033638960546	0.166958192373225	0.167406926175038	0.16560124249119	0.174835220106791	0.174494584879853	0.178720390182093	0.174949804831263	0.174871080493622	0.173536345316826	0.172493201476623	0.175099372712929	0.160273024932796	0.160134867000617	0.158564184723553	0.157027923343034	0.131181578965999	0.131609675590549	0.13313440574426	0.131074339699192	0.0941139250854245	0.0953010621350111	0.0980942976594003	0.0944907151201641	0.0571635084260526	0.0565250332160082	0.0543784274091546	0.0529330309487847	0.0233963322864083	0.0218020381189333	0.0244775089861412	0.0263241206085172	0.002997555325024	0.00502926292621735	0.00461846363851284	0.00335471811024581	0	0	0	0	0	0	0	0	0	0	0	0	0	0	0	0	0	0	0	0
2025-06-07	0	0	0	0	0	0	0	0	0	0	0	0	0	0	0	0	0	0	0	0	0.0115060703462824	0.00723036071073663	0.00973189781285278	0.00653167113012817	0.0392603189423889	0.040234999163791	0.0402405562769621	0.0352641256168579	0.0815367691453712	0.0828971977535513	0.0800652436963863	0.0785007894046912	0.117063997157137	0.117991750511282	0.119068589888161	0.12087566244342	0.148239335726295	0.147538688972998	0.148853360601403	0.147368614699304	0.167790395266256	0.165501231159021	0.166493429571962	0.166214944002761	0.175207457735285	0.175155698464069	0.17307830084718	0.173558542953466	0.172278795464438	0.171531816991027	0.174027757864886	0.171161629679649	0.158658247415732	0.15996229975363	0.160432897046706	0.159946555783932	0.138828633043729	0.136993255196121	0.13880227325675	0.137375838503401	0.106370490458493	0.107443096469668	0.105076902767262	0.105109510304577	0.0665264898937513	0.0662379762421888	0.0679369498823276	0.0662985839817323	0.0307291926416397	0.0262845017570594	0.026568361867127	0.0244179437341739	0.00780315376268205	0.00752514953129935	0.00439938466814265	0.00627231203787596	0	0	0	0	0	0	0	0	0	0	0	0	0	0	0	0	0	0	0	0
2025-06-08	0	0	0	0	0	0	0	0	0	0	0	0	0	0	0	0	0	0	0	0	0.00989986261050007	0.0143078171676442	0.00885855875457919	0.00893376146727654	0.0357821793665498	0.0392078354845513	0.0369731581038874	0.0370368270450116	0.0766150747123516	0.0756002652192442	0.0745947488033838	0.0771899112650203	0.106640601927138	0.106600185011007	0.106440807783573	0.105318405278283	0.127707966782293	0.127422263850077	0.127825688983312	0.127044080384318	0.147238883394515	0.143895049652775	0.146589949100432	0.146276117852278	0.151349767015112	0.150564838088306	0.152717443456284	0.150367951440297	0.151411831567896	0.152493827697612	0.152913346767874	0.152180993966618	0.140315835153984	0.1426576464637	0.140734604581127	0.142291913801189	0.123577129899315	0.132824515269015	0.123744515758704	0.123853839072966	0.102411445703098	0.100144425652169	0.102653222306883	0.10179090633785	0.0675179677562756	0.0672369637297132	0.0675963703644756	0.0656486981495358	0.0273437460740729	0.0279358638941911	0.03032451426821	0.027395875763526	0.0072324413552114	0.00615407451921241	0.0068405370017149	0.00777294712386128	0	0	0	0	0	0	0	0	0	0	0	0	0	0	0	0	0	0	0	0
2025-06-09	0	0	0	0	0	0	0	0	0	0	0	0	0	0	0	0	0	0	0	0	0.00845827103847005	0.00992505947891104	0.00880894270579882	0.00980772677682009	0.0392327055316706	0.0365764914707945	0.0413619494446399	0.038828853552895	0.0791465493921391	0.0809833594475746	0.0788901855446794	0.0819799056156068	0.115427147762395	0.118516038921615	0.118170467985852	0.118886345330138	0.146467323968658	0.145715243220488	0.146045163192915	0.14777226961794	0.164695841254906	0.165459938801085	0.164750152535797	0.165094067408212	0.171408535268733	0.174171068759654	0.174132694146341	0.173287701825271	0.170685380729118	0.172738011654107	0.169162593025642	0.170414014591132	0.157491033359484	0.158812102995387	0.157672359748526	0.158024503896603	0.129144133699257	0.130071510399456	0.129195521518373	0.129588834382913	0.095305409259316	0.0955843887532734	0.0960547303225923	0.0970554716648183	0.0665773336318342	0.0638393032881827	0.0641713008081628	0.0654120622718203	0.0270403549559084	0.0292265401350489	0.0280026087236771	0.0267304961853656	0.00705022459039313	0.00679246998950391	0.00673849924841673	0.00641880617168623	0	0	0	0	0	0	0	0	0	0	0	0	0	0	0	0	0	0	0	0
2025-06-10	0	0	0	0	0	0	0	0	0	0	0	0	0	0	0	0	0	0	0	0	0.0111479638938044	0.0102730380329144	0.00972108466376472	0.0118579134095165	0.0390672328301456	0.0391461320883337	0.0374633048688706	0.03832333021265	0.0762714368986394	0.0788893906406099	0.076949503151685	0.0778896693090657	0.113128355991044	0.112311986834814	0.111756442509399	0.112803214664744	0.138233256954517	0.135808382474811	0.138501317836982	0.13745704273369	0.155572861748861	0.156557114486236	0.15300182675098	0.153868197013923	0.158392867164412	0.159094582448091	0.157632744509904	0.158879805877594	0.145692920628039	0.143442525402097	0.142426910968206	0.141437643001658	0.137006396621592	0.134601843946883	0.136577953076957	0.135813806354568	0.124360254760998	0.121872788204676	0.122009966081371	0.121756990952956	0.0950761590920101	0.0962659182683562	0.0980432505855807	0.096614672054053	0.0617437290933297	0.0635481157009091	0.0620451474950156	0.0626630077107456	0.0251530688609731	0.0248062039527735	0.0267858820793906	0.0262548451068628	0.00720962416541855	0.00540083910775752	0.00451513219427315	0.00487440453255078	0	0	0	0	0	0	0	0	0	0	0	0	0	0	0	0	0	0	0	0
2025-06-11	0	0	0	0	0	0	0	0	0	0	0	0	0	0	0	0	0	0	0	0	0.00827404966114342	0.0095726673593065	0.00755679156419803	0.0155964914153521	0.0389291434127742	0.0383415134660948	0.0368341356764207	0.0358952074447102	0.0758902929639029	0.076110564577486	0.0740449275472513	0.0759542149113598	0.110047605961704	0.112574899883483	0.112206089020662	0.110171405134151	0.138987324620434	0.138811090364355	0.140475174281237	0.139726410733974	0.159307772923462	0.158100010876862	0.158723174064729	0.156869042134946	0.168017833385568	0.17017485554384	0.1666663349496	0.171140976120992	0.172185492862436	0.166611549192599	0.168802986707758	0.165399971237207	0.156839852432652	0.157717556084918	0.15517627356213	0.1582663179203	0.134914933529435	0.137425775849454	0.134596200542538	0.134063090078573	0.0995940282346183	0.100921043499891	0.0988217781164325	0.101663150149058	0.0497498284520379	0.0567420346747849	0.0576616879297744	0.0558464489434028	0.0201831953365344	0.0198971495924452	0.0214685752791322	0.0204510797918882	0.00204428924014281	0.00595964685795626	0.00372614321619417	0.00326992068570676	0	0	0	0	0	0	0	0	0	0	0	0	0	0	0	0	0	0	0	0
2025-06-12	0	0	0	0	0	0	0	0	0	0	0	0	0	0	0	0	0	0	0	0	0.0105271067856612	0.0105024295439995	0.00971137044590386	0.00825909322443548	0.0376035941501905	0.0392995828048844	0.0376402777105474	0.0364565453343777	0.0769231433799301	0.0773937248141264	0.0770563019223287	0.0766268298836147	0.113582402798956	0.112461660154064	0.11417280051465	0.11378313653233	0.146307146185975	0.143692349609953	0.145425911022769	0.144574593181303	0.163650743104589	0.164629583718763	0.162385756657802	0.162333916518847	0.172229017914261	0.169325440889916	0.171976040039886	0.170469501155938	0.168758147595696	0.169633105405826	0.167671605807833	0.168937141190645	0.156655701596235	0.15751985720692	0.157667587158756	0.157156854038089	0.135549691335089	0.13536076462843	0.136014166489857	0.135075377546624	0.103252331775815	0.105019662200264	0.10336995651162	0.102358049512301	0.065044483538682	0.0640154140600111	0.0643363923499314	0.0646037100513756	0.0265408820418026	0.0276726683729951	0.0296719024092918	0.0261145471759105	0.00559685654195573	0.00688297102670222	0.0075406055951625	0.00697956683617956	0	0	0	0	0	0	0	0	0	0	0	0	0	0	0	0	0	0	0	0
2025-06-13	0	0	0	0	0	0	0	0	0	0	0	0	0	0	0	0	0	0	0	0	0.0132849403004632	0.0115866435754381	0.010522273715915	0.00860614240818367	0.0362818037901206	0.0381574080875562	0.0382732464093531	0.03328754171297	0.0639342839228288	0.0625728773057613	0.0621870446356169	0.0633057941357931	0.0857724739151882	0.0883553465671972	0.0869699616513039	0.0879022178663107	0.107103425288677	0.105201118593515	0.109567953438917	0.104127502678891	0.13049018486085	0.130660994030565	0.133536611030058	0.131312210078527	0.141877936146626	0.142760568074377	0.144660362743629	0.142701133035368	0.149495932793325	0.149813463705299	0.149489469004607	0.149201134496769	0.14609140059679	0.145669429184351	0.145026252995274	0.144212917223586	0.126855686381793	0.128802508803948	0.128662355548729	0.127679449265529	0.0998491636930198	0.102495537596687	0.102017502354183	0.10263779635611	0.0661086398901708	0.0664114836134698	0.0649652262466449	0.0655146502497146	0.0291657121470964	0.0294458585185774	0.0283571504842172	0.028031278850109	0.00721725924777681	0.00801526588959526	0.00676546254911315	0.00700201231351479	0	0	0	0	0	0	0	0	0	0	0	0	0	0	0	0	0	0	0	0
2025-06-14	0	0	0	0	0	0	0	0	0	0	0	0	0	0	0	0	0	0	0	0	0.0109670774048217	0.0109420220011674	0.00982348778468833	0.0092674128093226	0.0368791454640081	0.0398897928803124	0.038009509309903	0.0382215523457764	0.078360791740829	0.0783306495432972	0.0782401309362982	0.0800684277795756	0.116939601336362	0.115672934458113	0.116403446198023	0.115984018007503	0.145077009713202	0.145637703422335	0.145771901331143	0.144513385533319	0.162607454506831	0.165620361658321	0.161815999041408	0.16295618479344	0.16792034458569	0.169023688623234	0.169860297104679	0.168195669686397	0.168250965336886	0.16769609744212	0.164846655570549	0.169206281650445	0.153762096921149	0.151804523635336	0.154890141788693	0.154543237654821	0.12818731082516	0.129767231044064	0.130102133091283	0.131943325039493	0.0974981278592206	0.0968511567450983	0.0950995669333856	0.0955511484622956	0.0586381644946549	0.0581760953836342	0.0585052437884662	0.0596804963332447	0.0256369972103633	0.0269838979582492	0.0215206383227081	0.0278584665086795	0.00263127475848797	0.00539296091702648	0.00645321691092542	0.00752254741356013	0	0	0	0	0	0	0	0	0	0	0	0	0	0	0	0	0	0	0	0
2025-06-15	0	0	0	0	0	0	0	0	0	0	0	0	0	0	0	0	0	0	0	0	0.00928563748839523	0.00935880108200108	0.0104412875364615	0.0139142738931422	0.0344705289257864	0.0335896432486756	0.0343463626678896	0.0355934651576484	0.0642540177943665	0.062782342354213	0.0631467979374522	0.0638168419139682	0.0893114606204318	0.0911606937838922	0.0914389598419902	0.0910888857536857	0.121750941194335	0.120541889793019	0.122933784550733	0.121773384461913	0.142385257198422	0.1417548278262	0.141308090255007	0.14055182472037	0.152216442005327	0.15267845978815	0.153506216093087	0.153598882113436	0.159604427669506	0.159380670581828	0.158578200551882	0.159436701196784	0.150673459649804	0.149988921517261	0.150514257783527	0.151823361049408	0.133874975964785	0.129149757894707	0.131400527867754	0.134574738272753	0.103005841048405	0.101617374943505	0.100672909022784	0.100703874985306	0.0627923317271415	0.0632412737211678	0.0628256195976886	0.062140774954002	0.0282950330372904	0.0294945448755684	0.0287933091927634	0.0244171128943778	0.00616529308299914	0.0056487393408706	0.00985088224518678	0.00733508533094349	0	0	0	0	0	0	0	0	0	0	0	0	0	0	0	0	0	0	0	0
2025-06-16	0	0	0	0	0	0	0	0	0	0	0	0	0	0	0	0	0	0	0	0	0.0114307455882284	0.00982853004486563	0.01199431777178	0.00874640659512598	0.0343646460882755	0.039008105357896	0.0338512506955043	0.0357759978583242	0.0750271027480745	0.0717590126694256	0.0749037435087965	0.0763101410737034	0.110960318642204	0.111512149581794	0.112586971789429	0.112940559986574	0.141203939454924	0.14190083566487	0.146080144122328	0.143815080757879	0.164035731463469	0.160766122481241	0.160836708292995	0.161361437762295	0.168609586343415	0.168230932630956	0.170455038183857	0.169704442841772	0.166849703130054	0.169020950890845	0.168843552246476	0.169285793732626	0.157017766196641	0.157386230162212	0.155064752631222	0.159531251009926	0.136154829240342	0.135408446108357	0.134877868176965	0.134558856474337	0.103548296899545	0.105266567586762	0.104036627963459	0.106148507550234	0.0665437197229804	0.0654566236789042	0.0670229601083568	0.0659766964897586	0.0283380247217329	0.0290648870827158	0.0269258182481761	0.0276712699473753	0.0050220890620879	0.00705327840263129	0.00611527083193258	0.00980936170334824	0	0	0	0	0	0	0	0	0	0	0	0	0	0	0	0	0	0	0	0
2025-06-17	0	0	0	0	0	0	0	0	0	0	0	0	0	0	0	0	0	0	0	0	0.00660139273717135	0.01369426947493	0.00873427407013635	0.00697006371776228	0.0381417480861092	0.0379512141022247	0.0373802003407909	0.0395268374708753	0.0800208273484719	0.0791497808438475	0.0798143125501479	0.0780150792575327	0.113343015520431	0.117514999113877	0.118410806338474	0.116731179027217	0.144267186093902	0.145781714979849	0.146273203787979	0.144677895138271	0.164762539671048	0.162835693444065	0.161967380949761	0.164434385935126	0.171085544157746	0.171979960164337	0.171899203004787	0.170035292673131	0.170960196344076	0.169502404838632	0.169960075246868	0.167577323570425	0.157558617417234	0.156926733627328	0.155925592252354	0.156589056703083	0.136582491263371	0.135459226785425	0.135745012050089	0.135213269901116	0.104851628324316	0.103455154863121	0.103583248052945	0.105109968759617	0.0642606967895582	0.0653121456091918	0.0685815355057635	0.0648456220954866	0.0261743562116959	0.0293801869846971	0.028822853403773	0.0276226033998339	0.00737652366907289	0.00639483588035146	0.00740053976473424	0.00682810068584141	0	0	0	0	0	0	0	0	0	0	0	0	0	0	0	0	0	0	0	0
2025-06-18	0	0	0	0	0	0	0	0	0	0	0	0	0	0	0	0	0	0	0	0	0.0104757201739605	0.0054611759855051	0.0101827031636087	0.00788040067692565	0.0372641527557953	0.0387852861740269	0.0376542556070017	0.038296305463176	0.0791495494832372	0.0795228531745309	0.0804016200091607	0.0789259773330712	0.119746757977744	0.117405570548005	0.116542395398343	0.114305276075908	0.145241533081578	0.145974478645727	0.14629493535068	0.144489052922015	0.164048945230802	0.166039630168176	0.162580927206783	0.162330497394239	0.170584709268721	0.171365039700118	0.173743217845118	0.172307033186044	0.172493035166633	0.169447184797107	0.171311475968506	0.167748304067754	0.159751841851501	0.159797166506073	0.157658136193961	0.157792855448465	0.137420113958449	0.136161931002574	0.13632038112358	0.139097573915397	0.106465375364085	0.107094426261512	0.104098739531934	0.106341458842469	0.0680879548654846	0.0651898979182536	0.069777481837666	0.0669446653785958	0.0281948014867613	0.0257717430524491	0.0288909370383674	0.0281425184224222	0.00568017843902814	0.00619589603026828	0.00978128231141931	0.00534264321928428	0	0	0	0	0	0	0	0	0	0	0	0	0	0	0	0	0	0	0	0
2025-06-19	0	0	0	0	0	0	0	0	0	0	0	0	0	0	0	0	0	0	0	0	0.0089260083170464	0.00925054243651081	0.00888961343992913	0.00593383580651366	0.0379417488342558	0.0378767848704544	0.0387182741802012	0.0384631921150886	0.0780652890985571	0.0796228475247056	0.0794287747181075	0.0748830886586297	0.113122438669013	0.112242688181282	0.113877311725645	0.11175756142406	0.141497307619402	0.139064677231335	0.139580102611896	0.139857912537367	0.15543605222908	0.159371382683239	0.157885725686187	0.159306839401494	0.167664795572929	0.167130923873659	0.166526612668111	0.1666776678853	0.1677954675093	0.165026336999571	0.166092691620771	0.167085503870357	0.1563160975412	0.157349062332859	0.156106819499888	0.156228020626053	0.137319621850374	0.13602143656683	0.136845877425099	0.134813064157697	0.105860608359903	0.104027428016276	0.108126729351083	0.104985234272737	0.0676198126025849	0.0689207457331822	0.0681411197246171	0.0663183219396158	0.0262302013965571	0.0298336015724213	0.0296654381799559	0.0262707588510657	0.00834752541458391	0.00512773607437593	0.00730536935137597	0.00521936915966419	0	0	0	0	0	0	0	0	0	0	0	0	0	0	0	0	0	0	0	0
2025-06-20	0	0	0	0	0	0	0	0	0	0	0	0	0	0	0	0	0	0	0	0	0.009909089034282	0.00990635499493462	0.00938003345367714	0.0108045225171062	0.0370307079381794	0.0372219212984064	0.0375226384258999	0.0362247323375143	0.0757179038788867	0.0731058120897885	0.0746187910094551	0.0745574930218698	0.111018825945087	0.110899653978202	0.111073171353424	0.110008348723287	0.141090053105292	0.139518688411998	0.141139609467858	0.140251649014851	0.158605308795602	0.159349565675582	0.158009620155158	0.159035505373659	0.168221187546824	0.166714605444694	0.165429448712463	0.165634758296019	0.164550606498915	0.162124008634194	0.164020410062874	0.162304974804017	0.15337967346053	0.150666946370585	0.15225119240678	0.149702187762105	0.130193476057528	0.12978170548902	0.13057314309688	0.131451675356572	0.100743970047636	0.0994819972865489	0.10104088456079	0.0987331481050246	0.0619084110394654	0.0630952965262788	0.0641072867877168	0.0638890056465389	0.0302882947366242	0.0252618329703476	0.0267359507522538	0.0297139215407745	0.00861062384052824	0.00729794782766482	0.00470545082474234	0.00738597750706461	0	0	0	0	0	0	0	0	0	0	0	0	0	0	0	0	0	0	0	0
2025-06-21	0	0	0	0	0	0	0	0	0	0	0	0	0	0	0	0	0	0	0	0	0.011285953652741	0.0114842414754042	0.009391529579446	0.00883827529240883	0.035962637955926	0.0341059641638473	0.0356075433142549	0.0383238545659718	0.0703298876284949	0.0702520345792887	0.0708971445258668	0.0775209332663496	0.10928665344485	0.111117040060928	0.11069529415193	0.110901012342292	0.142100422294426	0.140464670345656	0.141237496283083	0.140197411076836	0.159076071139413	0.157975999972618	0.162280498801959	0.158667430086011	0.165969861353038	0.16959557653382	0.168111594400676	0.170322967712466	0.168812215372638	0.167882400297181	0.168566990510953	0.164738393819228	0.156098470681264	0.157870035339645	0.155120547480838	0.156910946498253	0.136151899684545	0.135804403298643	0.133972362884351	0.136071334132461	0.107800406949041	0.105901796774613	0.102846948168828	0.103450848107517	0.0668142719154071	0.0685824449178923	0.0664751257705606	0.06612815739614	0.0308902696385882	0.0267330776288538	0.0279165060751457	0.0264601466574123	0.00664948092042751	0.00746733015189492	0.00644774357889628	0.00643544534878128	0	0	0	0	0	0	0	0	0	0	0	0	0	0	0	0	0	0	0	0
2025-06-22	0	0	0	0	0	0	0	0	0	0	0	0	0	0	0	0	0	0	0	0	0.00936887895008692	0.0119250042574342	0.0086114515036485	0.00909466528883035	0.0356263990110145	0.0392692373695246	0.0391172886290302	0.0389870749904308	0.0781773833572786	0.0771373251699831	0.0777460444191458	0.0799392470535925	0.115462412640298	0.113650626886673	0.110266150446638	0.110620810026392	0.137053204320707	0.137886627397976	0.138672373823663	0.137387794457654	0.155905566031611	0.155079353620705	0.155984237517448	0.153030842830236	0.161282745246672	0.16011693685186	0.161363846204028	0.162236471697439	0.14834147319234	0.150189267945529	0.150037629344957	0.155431629517173	0.128327397264107	0.125781784165311	0.1244389775801	0.126451840990482	0.0966304762133378	0.0965423605672975	0.0981448316921815	0.0976823315271832	0.0770870188254532	0.0770954609875667	0.0763236923404514	0.0744938278465287	0.046936057530682	0.0469434152598135	0.0483637899347729	0.0467567372747316	0.0247382143391491	0.0231508553820896	0.0242632446628182	0.0218476856159431	0.00644237936411887	0.00784223106795664	0.00585228522289126	0.00686310434503323	0	0	0	0	0	0	0	0	0	0	0	0	0	0	0	0	0	0	0	0
2025-06-23	0	0	0	0	0	0	0	0	0	0	0	0	0	0	0	0	0	0	0	0	0.00890971918978657	0.00838972597664312	0.00992121145039079	0.00977934338317952	0.0367086922684877	0.039640515472073	0.0352511860626993	0.0363996061967399	0.0768438621422273	0.0756455334397746	0.0786038973493126	0.0779067070686855	0.115457461531797	0.113364097189961	0.113350072603455	0.113828368674787	0.145310336372103	0.145254880537225	0.145166715854178	0.144268067236493	0.164138501518798	0.162396593366054	0.162741774042149	0.161723131073	0.169809893673506	0.171016883007285	0.17067028101553	0.171502942303679	0.169508790230583	0.17015998369329	0.170205723889855	0.165125502186273	0.156842608501966	0.157986954275154	0.158754492789077	0.156415944433803	0.136695106689341	0.136662515576975	0.136750600964779	0.134891776768905	0.10440077308147	0.106626511955176	0.107121655377382	0.103851059585972	0.0671382481092082	0.0676128872470394	0.0667013358306482	0.0675475288131042	0.0275780926439055	0.0257185235361299	0.0296516031364885	0.0290517806834761	0.00702178345425906	0.00572835834829163	0.00640563770980638	0.00684422048764293	0	0	0	0	0	0	0	0	0	0	0	0	0	0	0	0	0	0	0	0
2025-06-24	0	0	0	0	0	0	0	0	0	0	0	0	0	0	0	0	0	0	0	0	0.0100685510747851	0.00610886643055581	0.00927985572059982	0.0105427267740593	0.0368278103159145	0.0375673591404746	0.0358527396075992	0.0377520909360116	0.0772702025569527	0.077394961778375	0.0779513169982026	0.0773835186664697	0.114909799546234	0.115439318986246	0.11208165940162	0.113569222065899	0.14311648495652	0.143462171669024	0.141521349013198	0.139899994361258	0.159458841583912	0.161030296718586	0.160273673232344	0.158237188465158	0.169720023275465	0.166173328145491	0.167004137006187	0.168102511572856	0.165991866509069	0.165906657351676	0.167299057156774	0.166802418982482	0.155070087433336	0.153979422596789	0.157341760022777	0.154608729947099	0.135081103159302	0.132680215524424	0.134399719872173	0.134838961444101	0.106039180788004	0.101163224595988	0.104041249709322	0.103756344906685	0.0662668374784917	0.0661364572791382	0.065995344615851	0.0666013606265192	0.0265500030171334	0.0273084565940998	0.0279347813888291	0.0292067589999378	0.00709020351954808	0.00771433658654202	0.00464911722385947	0.00754634267005042	0	0	0	0	0	0	0	0	0	0	0	0	0	0	0	0	0	0	0	0
2025-06-25	0	0	0	0	0	0	0	0	0	0	0	0	0	0	0	0	0	0	0	0	0.00835434001354323	0.00950340998996712	0.0092412598325104	0.00790099016397926	0.0355517948349959	0.0389276230201311	0.0377289877806732	0.0367915943641998	0.0800276431628113	0.0784393652812903	0.0782107950444966	0.0773221965114019	0.116809971233149	0.115462999930184	0.115164970783253	0.115562058053415	0.144664763671264	0.143107657146262	0.145595078172494	0.14363250100998	0.159988298427255	0.158287200542305	0.160540240946823	0.160184260083617	0.161501959443182	0.15814144544934	0.16169146704047	0.162665128067008	0.156799811999427	0.15591073933413	0.155000817420467	0.153288631245975	0.142743104302094	0.142863241059216	0.143443119754109	0.140950534884582	0.126046847127202	0.123183977958838	0.123261778874711	0.123507396039248	0.100927052669834	0.102728580882951	0.0999469815329889	0.101397384914226	0.0648615342150155	0.0655819250369566	0.0645757465448673	0.0669807942031605	0.0264220601538038	0.0283198212803749	0.0288714330791155	0.0293866854867058	0.00727212740449076	0.00633593524256002	0.00722157859773797	0.00617035875521125	0	0	0	0	0	0	0	0	0	0	0	0	0	0	0	0	0	0	0	0
2025-06-26	0	0	0	0	0	0	0	0	0	0	0	0	0	0	0	0	0	0	0	0	0.010194544212983	0.00989902732329907	0.00948151698496196	0.011424911478756	0.0349502637988541	0.0354591260704006	0.0368192393036169	0.0377713708271284	0.072223988593869	0.0730910351439259	0.074953687581486	0.070731288680719	0.113332802372457	0.111757572864935	0.113447281181262	0.113462343581346	0.140503423459709	0.144848832021012	0.142334198780755	0.141313545738524	0.162296029502909	0.159816252871036	0.16191869877985	0.162969018846205	0.171156182304622	0.170588295589327	0.170081585293175	0.169173936812876	0.170736401371539	0.167694682620607	0.168703116054381	0.168865799953473	0.157945811077711	0.158780672548499	0.156553734201504	0.158719782172287	0.137271698718484	0.136989330629889	0.136568929979528	0.1381700406721	0.105781266367662	0.105261056934489	0.107108617930455	0.108849058767394	0.0684130754208386	0.06842497094752	0.0674876829121862	0.0686742707194552	0.0266440916899241	0.0273919828819265	0.027399155256226	0.0315647701719235	0.00777053505410914	0.00663833616290043	0.0051836242151051	0.00640750456788532	0	0	0	0	0	0	0	0	0	0	0	0	0	0	0	0	0	0	0	0
2025-06-27	0	0	0	0	0	0	0	0	0	0	0	0	0	0	0	0	0	0	0	0	0.00946795615304949	0.00764338845899361	0.00844287253101135	0.00844578285694555	0.0373484226789867	0.0363060307092125	0.0374646281357197	0.0378809184760811	0.0774645316722794	0.0793945151711111	0.0789012488358907	0.0792397043207188	0.115190077918679	0.11690657493735	0.11537347396422	0.11452987317975	0.145711091936645	0.14263555156039	0.143525366910844	0.144127989592121	0.162431921993071	0.16221852670803	0.162981029602094	0.161368521696804	0.169315138907322	0.171594949076923	0.171396784066057	0.169693127949698	0.168908457213978	0.167476212849409	0.171229385356173	0.16838594458044	0.159967034958649	0.157587766989823	0.155663508213464	0.157781689838065	0.137306944920694	0.135959619394954	0.13596449286279	0.137768942821561	0.104490406361679	0.104087253663761	0.105269216109969	0.103153123864591	0.0629681582433022	0.0666213814386972	0.0637168898131859	0.0646935705048148	0.0268551670662638	0.0278236953311748	0.0281010275498125	0.0272201100527488	0.00599037896208037	0.00686766415073465	0.00734514353590001	0.00679681335128498	0	0	0	0	0	0	0	0	0	0	0	0	0	0	0	0	0	0	0	0
2025-06-28	0	0	0	0	0	0	0	0	0	0	0	0	0	0	0	0	0	0	0	0	0.00752492723796563	0.00756144679044799	0.0108556731306007	0.00605795284098568	0.0371217204570311	0.0385446229274536	0.0370117798561766	0.0353218767593387	0.077303150524556	0.0798617771355833	0.078971397294108	0.0788636750457527	0.114679474207841	0.115028115864404	0.115371677050474	0.11792073287728	0.143732448553869	0.14478920123892	0.143119727499756	0.144358622707455	0.161993452507284	0.161265595337797	0.163800520636926	0.160940431517993	0.169776971121342	0.170519144112469	0.168784696270221	0.170919188495969	0.172261594465835	0.167582878894219	0.166699306705103	0.167456219934843	0.157953823559656	0.158345701213408	0.155329395865021	0.157371079361915	0.135641473476471	0.136902867983592	0.135547113209569	0.136908545330368	0.105551105312414	0.107002266568497	0.106215880640303	0.104230747478785	0.0688796451990597	0.0639467071719254	0.0691000752019041	0.0690735724271107	0.0270144387210416	0.0288398560449847	0.0273833963311509	0.0287623089028229	0.00624798359939715	0.00656131900803044	0.00513923436053609	0.00705146303203632	0	0	0	0	0	0	0	0	0	0	0	0	0	0	0	0	0	0	0	0
2025-06-29	0	0	0	0	0	0	0	0	0	0	0	0	0	0	0	0	0	0	0	0	0.00737972818565061	0.00780716216360956	0.00779389625874067	0.00801921339199916	0.0363100552959209	0.0368224929800807	0.0359445956839735	0.0369228560400249	0.0760887236239677	0.078250066916912	0.0771171974364201	0.0765440120227002	0.111093940891104	0.114896354938397	0.115496838837254	0.114512865333244	0.140508459317304	0.144028419985487	0.140367045510301	0.142096075186908	0.160569319180613	0.15868950859771	0.159642304445509	0.159098867776167	0.167447404517794	0.16801759592709	0.166621230918774	0.167913768636343	0.164092400317694	0.169204017706228	0.165467040645514	0.164236541330564	0.156186001097417	0.156351331647615	0.152764851395578	0.15369781585939	0.134082545988573	0.134843772340747	0.133268911068832	0.135804770601848	0.105310102033188	0.105471147195718	0.105901400874148	0.101317349896946	0.0666397997687011	0.0664010009369917	0.0671434992816179	0.0678157000126893	0.0274374831124396	0.028045997397936	0.0287077898158142	0.0278087296738102	0.00563659593774925	0.00613153574187333	0.00651741067580638	0.00671445764457104	0	0	0	0	0	0	0	0	0	0	0	0	0	0	0	0	0	0	0	0
2025-06-30	0	0	0	0	0	0	0	0	0	0	0	0	0	0	0	0	0	0	0	0	0.00820376313701918	0.00878119791106682	0.010028838641867	0.00698620031004705	0.0378719019044154	0.037652629318158	0.0321028731158363	0.0383725956615902	0.0764554507234678	0.0776597526484224	0.0769341996279213	0.0779505970001885	0.112570759630326	0.112687307771614	0.113031770166889	0.113710162431172	0.140472866340995	0.143172591731492	0.138723297263892	0.139631244663621	0.158084308307387	0.155862901450773	0.160033175541362	0.159019614700479	0.166605989322452	0.165523195749032	0.166448312929344	0.166422501999173	0.159412822751997	0.164308394939763	0.162757346559239	0.163521435749001	0.153099504245532	0.151933390600485	0.151166988041749	0.150800117112234	0.131486568691473	0.130645260553907	0.131555919211187	0.131312251543433	0.101594662781319	0.10128437009168	0.105588687747065	0.103532279379937	0.0668468135231194	0.0655871709783032	0.0657335712710279	0.0658324442275495	0.027412589860514	0.0265112824397402	0.0291875646633748	0.0288885630363709	0.00733729199841554	0.00603672058481951	0.00816450248995976	0.00546148492680518	0	0	0	0	0	0	0	0	0	0	0	0	0	0	0	0	0	0	0	0
2025-07-01	0	0	0	0	0	0	0	0	0	0	0	0	0	0	0	0	0	0	0	0	0.00758745142003361	0.00971365611847307	0.00840203523520578	0.00929685722628754	0.0374053877492472	0.0376189740594031	0.0334852977478105	0.0384903404435392	0.0774937373815088	0.0788642814966691	0.0774203544259646	0.0752216266958575	0.116077842575769	0.114638265692104	0.10797987895513	0.114304012776997	0.139178064709663	0.13868984143459	0.142463053354664	0.140669040501083	0.158856053005626	0.159089642015298	0.157285779607878	0.154768525371197	0.164710505262478	0.164958215011578	0.164049718542954	0.16328156118299	0.160390296302489	0.161562333259709	0.161151641517676	0.162895728920126	0.147950252610906	0.150014818698077	0.149711304530938	0.150323624160079	0.126623382563442	0.1245839885398	0.125695390062217	0.128097238834541	0.0910655373444064	0.0917522492941343	0.0907395654557187	0.0924426479057406	0.0603544562945787	0.0604738619110553	0.0588239611397726	0.0593477206545935	0.027972218328437	0.027832775992293	0.0265673804815784	0.0256276251976917	0.00620545316303654	0.00747055775044367	0.00582511213572768	0.00649887695079211	0	0	0	0	0	0	0	0	0	0	0	0	0	0	0	0	0	0	0	0
2025-07-02	0	0	0	0	0	0	0	0	0	0	0	0	0	0	0	0	0	0	0	0	0.0112977556434047	0.0105153858026779	0.00951616027933569	0.00667069827458177	0.0358978262167456	0.0358909273019526	0.0362981680733542	0.0359130784079475	0.0748174054676025	0.0763168386974577	0.075070347324205	0.0757954085107348	0.11039015497381	0.11208431103487	0.114035115108599	0.112490418882721	0.140684105795029	0.139883306140797	0.140405629116882	0.142026958947291	0.159609791147799	0.159160646061191	0.156201446325447	0.159028116465563	0.165651885881154	0.16616230994892	0.168848647433416	0.164337156736511	0.165606615749263	0.165396498336434	0.164028731872047	0.164968154042256	0.153717242334387	0.153581978917731	0.157039288491662	0.152661490256219	0.134698787409728	0.132505381226699	0.132559062964911	0.135236768398662	0.10269974851886	0.100757281593866	0.105477344401806	0.103065625485468	0.0660768505812565	0.0651893198664194	0.0649914998358865	0.0667423297164376	0.0289451474478615	0.0275973635437461	0.0270555577987497	0.0284019312096427	0.00591845458598664	0.00619358279657093	0.00756904847039424	0.0063189141470482	0	0	0	0	0	0	0	0	0	0	0	0	0	0	0	0	0	0	0	0
2025-07-03	0	0	0	0	0	0	0	0	0	0	0	0	0	0	0	0	0	0	0	0	0.0101295640288189	0.00875777052904821	0.00880146604965169	0.00831119939248121	0.0297817943525985	0.0274319612068878	0.0288540769118317	0.028932167528682	0.0533266279489857	0.0512530578922817	0.0511145261147922	0.0553057880439404	0.0764022252343106	0.0764302484723566	0.0757596932077966	0.0744078330855361	0.0964799632235493	0.0961161802490908	0.0982205399656761	0.0971833165616838	0.108723955194925	0.108000532708962	0.108193774265764	0.106081737830349	0.110802954008528	0.111174291376233	0.11174513406899	0.113277620546249	0.108844017002456	0.108308213198213	0.109400047011096	0.111447722788235	0.102892021432109	0.102749291422121	0.103011666253521	0.10234702089225	0.0908102593762495	0.092453188925138	0.0889895787463293	0.0937469729522832	0.0738033075519035	0.0750874955959279	0.0733897830473911	0.0727194138047775	0.0507114972257441	0.049989787574636	0.0494794405209623	0.0508192746786576	0.0267241884441009	0.0253055716012945	0.0250923532494039	0.0248778867052006	0.00535738116441486	0.00527454583743421	0.00952327961470969	0.00484479338344125	0	0	0	0	0	0	0	0	0	0	0	0	0	0	0	0	0	0	0	0
2025-07-04	0	0	0	0	0	0	0	0	0	0	0	0	0	0	0	0	0	0	0	0	0.0116652125323579	0.0109246230504415	0.0101397466344711	0.00827041778272943	0.0358230205167619	0.0335423051869813	0.0342214672965991	0.0334132069996576	0.0690023985893933	0.068907695370517	0.0695090880064272	0.0695808180336625	0.104252538920478	0.102643578750804	0.10242860602307	0.102675276305648	0.128434005288577	0.128932396799988	0.12853050376889	0.128103094142544	0.144934204052488	0.145483545583393	0.144795875406568	0.144786374957552	0.151988904446568	0.152118219852922	0.153115890218203	0.152776985482306	0.150368941120649	0.151625964286711	0.148956367605664	0.152048726986976	0.14274319105854	0.140383126199128	0.140210056323869	0.141663626418463	0.123941967656642	0.124406133438452	0.12354509364548	0.123106805259425	0.0979717387102573	0.0960658516353941	0.0991777884437003	0.0947846212106483	0.0627291882965592	0.0663167401088478	0.0626522899917644	0.0623017816028286	0.0293668465031781	0.0285108091753375	0.0265258713955391	0.0295964729259453	0.00674089295702187	0.00727086463624486	0.0062128215689154	0.00677542083781787	0	0	0	0	0	0	0	0	0	0	0	0	0	0	0	0	0	0	0	0
2025-07-05	0	0	0	0	0	0	0	0	0	0	0	0	0	0	0	0	0	0	0	0	0.00954692854569761	0.00934269630086846	0.0127308492449179	0.00837952590851606	0.0338000724003382	0.0345745859408303	0.0350266271405681	0.0365987145182634	0.0667648004006965	0.0666312390776654	0.0676994385839444	0.0669045219376938	0.093724341606841	0.0945088784669796	0.0940709191454688	0.0936958607807106	0.124446164805788	0.124932624831855	0.126002675541287	0.126618534821069	0.148979674216909	0.148334991333052	0.148558992515317	0.147126341934722	0.160957112056132	0.15594785474873	0.157168407860556	0.156926625334582	0.156518242275776	0.157637388260208	0.156222544252519	0.156621825211498	0.144977296233496	0.143516308064222	0.146778753466376	0.145727642235906	0.123710851059904	0.12372364952683	0.1241770745486	0.125388424864667	0.087593036403621	0.0905363688782231	0.0919408968233499	0.0919296978948059	0.0596066593334098	0.0571329532777562	0.0573472480721569	0.0569131393166771	0.0283318654179342	0.0239198218343087	0.0288597361508384	0.0278885765969186	0.00223322502929395	0.00693801465934727	0.00565684195060905	0.00917191836074974	0	0	0	0	0	0	0	0	0	0	0	0	0	0	0	0	0	0	0	0
2025-07-06	0	0	0	0	0	0	0	0	0	0	0	0	0	0	0	0	0	0	0	0	0.0126554794212582	0.0077016164143484	0.00826590355364529	0.00837700061074811	0.0380035616303822	0.0356690904592808	0.0359291217322309	0.035398226178106	0.0761262124416656	0.0767176191426994	0.0782002446836884	0.0759559237319466	0.113639413744144	0.114400447208024	0.114310461497759	0.111649677550074	0.140780443421315	0.141563730887425	0.139510529151626	0.140145296539634	0.157640181959948	0.156263027444871	0.155977239245148	0.155119551350034	0.159411653260227	0.158108841203485	0.159939986872789	0.160539518663499	0.153661303490053	0.152185591581651	0.153472268946571	0.152680835981725	0.136929782476112	0.13447219226242	0.133855942923891	0.136742082337577	0.115757353504437	0.114058956671359	0.113700948516965	0.115482741307239	0.0943243743418292	0.09455046324231	0.0956349078609275	0.0954902545549333	0.0632783709684186	0.0603232684190949	0.0642948271017209	0.0631035335107657	0.027344404792455	0.0291291692128082	0.0270396142157383	0.0284868117789985	0.00649929421017097	0.00505743496270748	0.00734659700640517	0.00709667382071638	0	0	0	0	0	0	0	0	0	0	0	0	0	0	0	0	0	0	0	0
2025-07-07	0	0	0	0	0	0	0	0	0	0	0	0	0	0	0	0	0	0	0	0	0.00969439132518281	0.0108942895661653	0.00905586691386024	0.0103554521947916	0.0334642516810715	0.0357771563436848	0.0324672708241878	0.0322913211510559	0.0700690129754202	0.0700723277247976	0.0693700769536939	0.0704885823460883	0.108791577468362	0.110091738951468	0.108923140033083	0.104193543547088	0.131628706809227	0.129383985671578	0.135433454986883	0.131553852532312	0.150514683695884	0.145835229888532	0.149553961531909	0.147096124883674	0.159987436119796	0.16385748432095	0.159444544269406	0.156710535289848	0.164096018921246	0.165398254183078	0.165663838970335	0.164841887925342	0.157070572527895	0.156268815814526	0.157951967035982	0.154708644621597	0.136716402439165	0.136565021042847	0.137325096712509	0.138393479805479	0.106904725092923	0.103723904974739	0.106145257448754	0.112226112483584	0.065583546460997	0.0705304542325219	0.0687755716654755	0.0691104276410056	0.0300188930575847	0.0286115110625703	0.0277288372150901	0.028640758664755	0.00693551443731647	0.00674492409864456	0.00756966781671758	0.0027498936473214	0	0	0	0	0	0	0	0	0	0	0	0	0	0	0	0	0	0	0	0
2025-07-08	0	0	0	0	0	0	0	0	0	0	0	0	0	0	0	0	0	0	0	0	0.01001668694501	0.0111481151757948	0.0101704379556923	0.00866475992350298	0.0363570491248958	0.0316125881461688	0.0305725411810791	0.0324578215478564	0.061433291564716	0.0617751097952681	0.0624465447386618	0.0613450539013541	0.0944447386627651	0.0941919463107726	0.0954407756961949	0.0949225393302675	0.1339881212607	0.134381614852239	0.135682360673788	0.135947903213273	0.154188067861071	0.154488446737089	0.154512132061791	0.153811353340049	0.157481154377518	0.155742843910035	0.155380968434626	0.155395033277821	0.170634215258859	0.167157537390127	0.169248919570828	0.167959327780186	0.161523785383097	0.161036751570758	0.15708640677617	0.160353056269975	0.139576939541328	0.141451818519416	0.140868653536469	0.141102588402786	0.108413675813415	0.110036546526373	0.110269387658732	0.10928039000148	0.0695977185589659	0.0697920719132985	0.0704919672016133	0.0711182423261224	0.0304819637514853	0.0286454790838282	0.0288274740183995	0.029045083146287	0.00722753769609332	0.00630563763216492	0.00456072729219672	0.00690609737954504	0	0	0	0	0	0	0	0	0	0	0	0	0	0	0	0	0	0	0	0
2025-07-09	0	0	0	0	0	0	0	0	0	0	0	0	0	0	0	0	0	0	0	0	0.00857484906946872	0.00887799706881603	0.00829252185761023	0.014254632004105	0.0348831478244823	0.0352991106960256	0.0366382981126946	0.0361794433667976	0.0770870867988225	0.0757615105190243	0.073482020487783	0.0766693821943702	0.108781213444175	0.107710342379531	0.10681498406178	0.111693460114513	0.133034756864618	0.132151815444037	0.131288374405513	0.132525053285832	0.152189054203401	0.152842174442664	0.154032575302444	0.152936196051491	0.161293456566626	0.163017604952216	0.158767451141156	0.161921487340002	0.156968828841343	0.156976861902697	0.1568079059725	0.157246403283459	0.138641434007928	0.140745783738059	0.141480126186702	0.139132656067311	0.122965167424486	0.123251087321459	0.123795276008824	0.124988469245231	0.0956284725675018	0.0945063624115612	0.0939770685670336	0.0958880964539034	0.0590390724460594	0.0616764372210446	0.0584421800261726	0.0598423103067234	0.0284389633322908	0.0274238142675511	0.0254591238815778	0.0276780985185803	0.00443475263744826	0.00983675074186272	0.00576755078215735	0.00396094583853167	0	0	0	0	0	0	0	0	0	0	0	0	0	0	0	0	0	0	0	0
2025-07-10	0	0	0	0	0	0	0	0	0	0	0	0	0	0	0	0	0	0	0	0	0.00965122885132838	0.00668315326933137	0.00969544925020245	0.0129701686291378	0.0352910297067779	0.0379504346710549	0.0351777774200477	0.0345807582021194	0.0748609188213575	0.0717375623666886	0.075163543639566	0.0732379751723879	0.102112881057488	0.101036489619851	0.101690588244949	0.103160041077712	0.132012201104158	0.128580568700055	0.130528202582801	0.129879027612986	0.150468695846301	0.148430038419276	0.146911761578832	0.146189504155591	0.158772203501182	0.161282495479412	0.159452481824141	0.158492819195266	0.158537657982491	0.156838768178445	0.159743243249653	0.155880330589411	0.148885276367035	0.148042264801851	0.148919927342391	0.148152531488723	0.126762984760701	0.129387494018168	0.127111590213155	0.127737931007976	0.0979211411606018	0.0988276154364186	0.0996616640829413	0.100589579320038	0.0634434883390504	0.0645144929957274	0.0653546504082972	0.062687368256925	0.0285072473603079	0.0276929525878074	0.0285507230666679	0.0292490769852169	0.00758694920562942	0.00369982189988394	0.00637273248312876	0.00734049641135787	0	0	0	0	0	0	0	0	0	0	0	0	0	0	0	0	0	0	0	0
2025-07-11	0	0	0	0	0	0	0	0	0	0	0	0	0	0	0	0	0	0	0	0	0.0106262103235436	0.0108867698439705	0.0117623705597818	0.00772464927270407	0.0346202655712773	0.0356800480601326	0.0361328140233135	0.0335668723452765	0.0684310846461874	0.0686224610547816	0.068487006705485	0.070459447593546	0.0980714610292482	0.0959919773449966	0.0964273169540403	0.0985092446717148	0.124008457554479	0.123567588009599	0.121493807347811	0.122930147088111	0.131423067490592	0.134662909154203	0.134284746480095	0.13162927687511	0.139493936533682	0.137686781719852	0.140979429344779	0.138839852401686	0.136454282385276	0.136741533483009	0.137944504273933	0.136859679857782	0.122190324187411	0.119553754520379	0.119435458340288	0.119820462951922	0.0985691735331562	0.0999306466810745	0.0981824960855247	0.0983176837002446	0.0806180089919566	0.0785116416591269	0.0793414870711343	0.0805288622777822	0.0527825112873347	0.0543128597254886	0.0557003337909375	0.0532042951962392	0.0275963286946608	0.0210814842238895	0.0273525919768441	0.0279695951046056	0.00386363065767301	0.00567153659767376	0.0060701995384842	0.00639463320616903	0	0	0	0	0	0	0	0	0	0	0	0	0	0	0	0	0	0	0	0
2025-07-12	0	0	0	0	0	0	0	0	0	0	0	0	0	0	0	0	0	0	0	0	0.00435478908990341	0.00576019962183898	0.00417362704736612	0.00471138424089149	0.032536430743046	0.0283631499671539	0.030955834519667	0.0301445847701331	0.0685381542344757	0.0703005982653855	0.0683584305324497	0.0708028169676892	0.100066924518078	0.0998894887349157	0.102222952106724	0.0998206346402827	0.12792960515779	0.126646456299822	0.127084372794382	0.127339565748006	0.136075808933554	0.135336166626871	0.135412528469054	0.137175495970521	0.140911231927245	0.141243980540918	0.141236163512273	0.143608624019564	0.14569047256064	0.148376507761484	0.14636059896311	0.147572420714767	0.126346153789961	0.125687955770884	0.124910311859975	0.128055578579179	0.0946616200880896	0.0963648876853554	0.0945985437357801	0.0983749484907749	0.0786299556719899	0.0823249226007976	0.0838561807910511	0.0811889409361614	0.0564556163195009	0.0580308947608062	0.0568037818071752	0.0577097071125177	0.0264716919067676	0.0288682633354469	0.0261932174952286	0.0254668272625569	0.00654231304487464	0.00400812318935823	0.00465668186674017	0.00879288189902696	0	0	0	0	0	0	0	0	0	0	0	0	0	0	0	0	0	0	0	0
2025-07-13	0	0	0	0	0	0	0	0	0	0	0	0	0	0	0	0	0	0	0	0	0.00940667456563728	0.00863711305287441	0.00596430925352622	0.00699190312796208	0.0365236658905119	0.037442351031029	0.0348675369601005	0.0351664461183586	0.07800156002974	0.0813138329907515	0.0783709112606377	0.0773136957188709	0.117303791143509	0.117076057599299	0.116725204069441	0.115894947187751	0.145323856009775	0.145711338276774	0.148286183365356	0.145678622348095	0.164349970904167	0.165042681850387	0.162902211753909	0.165705135491537	0.176131701709187	0.171858846783249	0.172497735631496	0.170511715876069	0.171282407021851	0.171064460807677	0.171552968685011	0.17110016348546	0.160372848537082	0.160366961817094	0.159467853259503	0.15979233638632	0.138842129567026	0.138912297795902	0.139092615166875	0.138152957470196	0.108645528155104	0.107465914775144	0.106801776964391	0.10908678010536	0.0698190377328398	0.067525627828656	0.0699357935787594	0.0687195408597448	0.0290662247847318	0.0290789301185551	0.0282288828528207	0.0266259622438925	0.00365149196615423	0.00391183678567065	0.00714576387091584	0.00629090737725928	0	0	0	0	0	0	0	0	0	0	0	0	0	0	0	0	0	0	0	0
2025-07-14	0	0	0	0	0	0	0	0	0	0	0	0	0	0	0	0	0	0	0	0	0.00770318959807139	0.00662340784753098	0.00927654217954679	0.00639686037485084	0.0393340104564715	0.0347485207851835	0.0328023008036676	0.0351151679546773	0.0783512872407471	0.0792241585257031	0.0765443882704204	0.0778801659631294	0.113799389534377	0.116436866624106	0.116451556563079	0.115312187278438	0.144996556683526	0.144703936923089	0.143290719114619	0.145008787278766	0.164112754624091	0.161035568372474	0.163239930772679	0.162611746230756	0.169656767185992	0.171806935379428	0.171163965581595	0.171372331852984	0.169499767947727	0.168689634149081	0.169844831896254	0.169965766006938	0.15779349335294	0.158805057364253	0.157643595070438	0.15875785421237	0.13597081800874	0.137711871906367	0.136570965434759	0.137746344650133	0.106564471542712	0.105447675570079	0.105513338745871	0.106474514141338	0.0668051375131138	0.0670975426007589	0.0666729121648329	0.0694244077212945	0.0280356059675876	0.0269847966624243	0.0279081033509449	0.0280714940190432	0.00655502287049087	0.00570795821412813	0.00610147145481047	0.00263554746057054	0	0	0	0	0	0	0	0	0	0	0	0	0	0	0	0	0	0	0	0
2025-07-15	0	0	0	0	0	0	0	0	0	0	0	0	0	0	0	0	0	0	0	0	0.00794220318267411	0.00641555806442498	0.0074826641654387	0.00915957458746222	0.0352345449761711	0.0360641807528438	0.0352251880565937	0.0354760862143914	0.0793330203476928	0.0760376232456212	0.0768258904865131	0.0778034659201729	0.114049101131924	0.115379958723331	0.113690090986009	0.117880849158736	0.142738243096271	0.144694087802971	0.146550193629465	0.143017475471294	0.162818841893703	0.16396755380617	0.161866789436116	0.161346814864012	0.17116522473425	0.171320300656015	0.168951447233904	0.170563027375831	0.164822734859989	0.168981170993648	0.169991222884303	0.17020487126206	0.155504572737122	0.158796724831223	0.157301288615959	0.156397413815696	0.134872670941813	0.136142376772372	0.136818668456165	0.135166283829649	0.106571219848579	0.104930868890561	0.105686117500259	0.102811793760601	0.0662703492412296	0.0663129781881073	0.0662118020618206	0.0672048705088424	0.0266897896114396	0.0259248572061582	0.0283812261130614	0.0290041270693408	0.00536051255223142	0.00489441759849498	0.00695180460933871	0.00379326523993489	0	0	0	0	0	0	0	0	0	0	0	0	0	0	0	0	0	0	0	0
2025-07-16	0	0	0	0	0	0	0	0	0	0	0	0	0	0	0	0	0	0	0	0	0.00893334286203464	0.00897499055926567	0.00763843479959304	0.00545323177910666	0.0363944969274369	0.0353500776229986	0.0357149552178142	0.0335404702317502	0.0776187992659041	0.0778375753599234	0.0792012545796792	0.0763423707944933	0.114549479672076	0.118634618855843	0.114338349015606	0.112477552456475	0.142533115081007	0.145824481840187	0.143651729527087	0.143990673551719	0.162338576740925	0.163284037144981	0.164112437200875	0.166264948913219	0.173385010256205	0.173066244755597	0.169369981305183	0.172178763683015	0.170826224385704	0.170056531434923	0.1680695166912	0.170047727488173	0.158742258049689	0.158268225941501	0.159220148930579	0.159769367078231	0.138169958007872	0.137430807537105	0.138264565451197	0.137134669003827	0.107414517328521	0.106622815607299	0.107745093056473	0.105217574007707	0.0667526964621714	0.0670816158427841	0.0678902969126373	0.0702753907824072	0.0276653144372706	0.0274684124198588	0.0288252280768073	0.0270410450660633	0.00299374187992101	0.0038158245410483	0.00663510257530181	0.00655533100372888	0	0	0	0	0	0	0	0	0	0	0	0	0	0	0	0	0	0	0	0
2025-07-17	0	0	0	0	0	0	0	0	0	0	0	0	0	0	0	0	0	0	0	0	0.00915523909106151	0.00499937781204108	0.00744316508386296	0.00640221801303445	0.0349786078290638	0.034767180096345	0.0353383370201438	0.0359158750544474	0.0761141810851468	0.0775542558306231	0.0787495518042778	0.0795820112799523	0.116660835530442	0.116153187072944	0.116665095711243	0.114520881685371	0.144609717855097	0.14479550837914	0.142930446449073	0.14466432731669	0.164016361528103	0.163303586688009	0.162454087215937	0.161225964567952	0.171514759727673	0.169468331260225	0.170898606695308	0.172118302316794	0.16808114226837	0.170450544537551	0.170005113812374	0.169463199381704	0.158544300001191	0.157394217432909	0.157092429717564	0.158969052848336	0.135898415807078	0.133863791781905	0.139432239451898	0.135805552959119	0.104478300759797	0.103869306389611	0.105493338009319	0.104159054841273	0.0650463389690985	0.0666081752639373	0.0652061222269783	0.067139363539986	0.0286943669424035	0.0256087558881155	0.02744294253979	0.027253934629691	0.00507822508005674	0.00592358178833155	0.00548029676345032	0.00351789636816138	0	0	0	0	0	0	0	0	0	0	0	0	0	0	0	0	0	0	0	0
2025-07-18	0	0	0	0	0	0	0	0	0	0	0	0	0	0	0	0	0	0	0	0	0.00818445016460961	0.00801862784034631	0.00962009652344584	0.00817682547159823	0.0356265432719042	0.0338093481948872	0.0335610484693519	0.0340030600638567	0.0741843635449893	0.0733604293991305	0.0744834741470919	0.0729717329087883	0.113066651646813	0.110365434893739	0.112931531805323	0.110636381654125	0.144024230493847	0.143254075028209	0.138672383435555	0.142049311042389	0.159631283822549	0.157384607259876	0.156755460370465	0.157228648547111	0.161422905563106	0.160895401621883	0.160120698869425	0.158560993945586	0.157689652652857	0.159367958118389	0.157678637714582	0.154263751514172	0.146091975505963	0.146135968765406	0.144885481312686	0.145886574415945	0.124417595191301	0.121826896508749	0.121813443979997	0.120942064319953	0.0972680079242139	0.0961711524598937	0.0973783770785609	0.0971824625373314	0.0663203083066752	0.0657925264476451	0.064813645769128	0.0650735194765517	0.0266549010466489	0.0279823183123021	0.0286523488614147	0.0267104317796343	0.00358043781721271	0.00533243034848824	0.00600219200352143	0.00508493983077762	0	0	0	0	0	0	0	0	0	0	0	0	0	0	0	0	0	0	0	0
2025-07-19	0	0	0	0	0	0	0	0	0	0	0	0	0	0	0	0	0	0	0	0	0.010699689436161	0.00641939302766267	0.0096667436275136	0.00821417390866271	0.0312340372700301	0.032414831241073	0.0328239478443756	0.0335271836445213	0.0656509719341948	0.0713870114095805	0.0676121899922492	0.0703498266639756	0.106630638282696	0.105094963401454	0.10802647779554	0.10824792052031	0.133079582876833	0.134383926372347	0.135006981103	0.13552950964782	0.158940444177676	0.160613353539644	0.159850609122084	0.159595593160595	0.167477719521037	0.166340900597483	0.168342791032944	0.168838588848536	0.166372121047779	0.168065075129196	0.169889834122777	0.166672969700249	0.156300450446344	0.158902273214639	0.157924820806014	0.155872455533003	0.134005393070089	0.136390724784826	0.130880924722719	0.131722957422366	0.092021801946372	0.0899178173771471	0.0928088358065615	0.0952515448699194	0.0534613455148635	0.055444480406035	0.055521406791772	0.0555727672873295	0.0243364192882679	0.0277780068991939	0.0256126076017322	0.028272966210806	0.00418912635486339	0.0049941730672227	0.00589395044041647	0.00592275013749745	0	0	0	0	0	0	0	0	0	0	0	0	0	0	0	0	0	0	0	0
2025-07-20	0	0	0	0	0	0	0	0	0	0	0	0	0	0	0	0	0	0	0	0	0.00742975085437928	0.00778699847149592	0.0110381164271242	0.00674513424700062	0.0328247940477238	0.0331006428228092	0.0343719840914214	0.0337025790380456	0.0767782079525476	0.0745036379781023	0.0759282691530448	0.0747898849163052	0.112967026680814	0.113683010707328	0.113242508693729	0.114107453918129	0.140363616399111	0.140997253846639	0.143765091763038	0.142874037991212	0.158750583467973	0.15847154830066	0.160314601245278	0.161463266986089	0.169519192338818	0.167654541360112	0.168945326735555	0.169880939565515	0.169630915739683	0.16966876877405	0.168110475903175	0.167589839583093	0.159210961289457	0.157800746261125	0.155288709999458	0.159699582449961	0.136732868955915	0.139047099385923	0.137406819524167	0.137813212133996	0.106107469517304	0.107687515315568	0.106655196009731	0.105549819157397	0.0666079787680326	0.0694708351274796	0.068091134831549	0.0668300512729388	0.0271516585674758	0.0265012175213003	0.0257397159097003	0.0296074080015236	0.00572315014284005	0.00432762719531997	0.00493634959759028	0.0040128730642497	0	0	0	0	0	0	0	0	0	0	0	0	0	0	0	0	0	0	0	0
2025-07-21	0	0	0	0	0	0	0	0	0	0	0	0	0	0	0	0	0	0	0	0	0.00895119091654902	0.0115343944874283	0.00725885934191743	0.00725555525410521	0.0266199050138056	0.0274399088253399	0.0286320096411963	0.0233081765196582	0.0632351847121653	0.062715165362346	0.0574214777646529	0.0626281721608358	0.107977248332926	0.110734918033758	0.111191807971167	0.111096025662149	0.138062733740767	0.13615086610342	0.138891259744652	0.137895140411162	0.151775640489228	0.153533688147477	0.15604750581531	0.152643165547986	0.153457585024349	0.153756305982761	0.15424275970069	0.1545433492922	0.154942987528008	0.154049631364447	0.154951844062139	0.154055537045406	0.157035909384897	0.157846494319209	0.155102938147751	0.155014658148143	0.137041741631375	0.138108750619913	0.136976257771684	0.137873249977028	0.107405622161861	0.108739452748603	0.107583938916501	0.108270986173036	0.0694733436387016	0.0688750246178345	0.0684796899676078	0.0701719417758562	0.0294457534295521	0.0274618173162852	0.0275048749650624	0.0285875542891002	0.00568244331141647	0.00464218171989107	0.00295801822752362	0.00571735674116884	0	0	0	0	0	0	0	0	0	0	0	0	0	0	0	0	0	0	0	0
2025-07-22	0	0	0	0	0	0	0	0	0	0	0	0	0	0	0	0	0	0	0	0	0.00732181989675557	0.00822649177585616	0.0092265127794568	0.00822517554793147	0.0340604479787902	0.0342947088442693	0.0324892747864557	0.0351555683904848	0.0750690913311487	0.0739180485230458	0.0728914981130253	0.0721213620327802	0.111479515625507	0.110750445760664	0.11155377428588	0.110216264327949	0.137973857047439	0.14242731598313	0.13834208598725	0.139256740982181	0.157044991662427	0.15405523191769	0.15676510214141	0.157134674278473	0.162866831247889	0.164196299259983	0.162841503862316	0.162095365629813	0.157765180264404	0.161077247325572	0.161761960880823	0.160395611529201	0.146321133853421	0.146654438844028	0.148345164400588	0.146679262901962	0.12686444310493	0.127324118485306	0.128200679102621	0.126610759307144	0.0976840598200906	0.104327049946831	0.0960022001231318	0.0989866901099471	0.0650194102675149	0.0650191174524162	0.0646186487024277	0.0643428235776412	0.0285008612794753	0.0268944947471272	0.0271071591626121	0.0254974848107854	0.00568079862045083	0.00477970046307995	0.00296622666331749	0.00457327425315173	0	0	0	0	0	0	0	0	0	0	0	0	0	0	0	0	0	0	0	0
2025-07-23	0	0	0	0	0	0	0	0	0	0	0	0	0	0	0	0	0	0	0	0	0.00946942397445196	0.0093776238548174	0.0099842659728175	0.00816868619791314	0.0337321784069868	0.0344063595174675	0.0318786164341358	0.03498284564141	0.0608482233969141	0.0613543923351729	0.0626696521137484	0.0621277321541646	0.0710236838053735	0.0716288228286101	0.0711059175846999	0.0712415757813165	0.0803980398069664	0.076460480437854	0.0771192244609868	0.0790222552941928	0.0769479714025697	0.0791679291737337	0.0804025768261056	0.0824815225975909	0.0803334034610607	0.0794631918228585	0.0786442061089156	0.0795591986071651	0.0675497985919055	0.0725106330753529	0.0705936947472727	0.0723458735854689	0.0844293743690925	0.0821248459014216	0.0806635298645524	0.0817822498649335	0.0921091485603154	0.0926291849760635	0.0913731521111593	0.0918885143524619	0.0663542589090372	0.0678596472511361	0.0664036808251871	0.0653824130146396	0.0466941780702523	0.0498753913926714	0.0482475566129728	0.0501828739241035	0.0209468982196702	0.0218322148662753	0.0211041041102371	0.0231167828038174	0.00214187233577908	0.00360489765485041	0.00280969829300019	0.00144353171637031	0	0	0	0	0	0	0	0	0	0	0	0	0	0	0	0	0	0	0	0
2025-07-24	0	0	0	0	0	0	0	0	0	0	0	0	0	0	0	0	0	0	0	0	0.00848965645665514	0.00846131280704236	0.00811063185038974	0.00693839888591277	0.0331900526568073	0.0324436772574045	0.0323081782310961	0.0330580918546922	0.050908869677228	0.0476216430822357	0.0487562313657664	0.0477132558747699	0.0724610267019207	0.0712443046182122	0.0716199276158813	0.0726747410639857	0.0957406378409754	0.0945727421452335	0.0960709328547133	0.0956156871590778	0.118808071801609	0.118798899541948	0.119491172756254	0.118901855900189	0.128302067286108	0.130839721985116	0.130353163243916	0.132505047484861	0.140407457966923	0.13734553887269	0.134992588002974	0.136254415157413	0.115163082200411	0.113379432905087	0.117609895075047	0.118847589819455	0.0865281405726161	0.0863639414992263	0.0845144672641978	0.0865934506639598	0.0552235022552596	0.0576709316914826	0.0529859816296232	0.0531195844236346	0.0293619156997217	0.0288650118038257	0.0299822922714473	0.0297907802250053	0.00978740776794397	0.0108763858885625	0.00982310448044716	0.0145131018630464	0.00112606761096609	0.000955871524247886	0.00168808468755168	0.000229976177234339	0	0	0	0	0	0	0	0	0	0	0	0	0	0	0	0	0	0	0	0
2025-07-25	0	0	0	0	0	0	0	0	0	0	0	0	0	0	0	0	0	0	0	0	0.0109363519675273	0.00542834975681083	0.0051295799182161	0.00650571835744579	0.0379847000424212	0.0370507643193106	0.0311175320996963	0.0358470035385718	0.0788214709535323	0.0799223339948305	0.0799246462468336	0.0793315488048036	0.11867038219577	0.119659552864427	0.120107216477255	0.117562848462548	0.149804666412318	0.149282059281503	0.148092832434754	0.149820441871425	0.16694353622264	0.169316901085503	0.166655752701289	0.169083809990568	0.176116368870454	0.176913251141617	0.175850601144352	0.176119778843577	0.170846506692959	0.171478331556602	0.17131399351218	0.172361168238258	0.150673424930686	0.151080458148475	0.150415671151711	0.150830445769128	0.130263920074231	0.130514909069257	0.132890656569804	0.128330514286708	0.0903703299433996	0.0919160627924303	0.0934871973521709	0.0912264099119991	0.0578290339983076	0.0567597745134088	0.0553794144588454	0.0570317770294382	0.0220247592616505	0.0241329302391106	0.0250384682664871	0.0238038422327519	0.0035024986686756	0.003084690661576	0.00472800331411912	0.00168480735562927	0	0	0	0	0	0	0	0	0	0	0	0	0	0	0	0	0	0	0	0
2025-07-26	0	0	0	0	0	0	0	0	0	0	0	0	0	0	0	0	0	0	0	0	0.00585760350140352	0.00595525764921289	0.00639006280912484	0.00879707604025876	0.0341589134761152	0.0343422748000835	0.0356042973871366	0.0348945143366647	0.078542668574503	0.0815071790928313	0.0762244913377168	0.0787256609949489	0.120238499982527	0.119210141530568	0.116631412138965	0.116919946347939	0.147988564746725	0.149733743584196	0.147931916364151	0.148345775304928	0.166647623585473	0.167981456235314	0.167498379474689	0.166872540704524	0.176481176990757	0.175074247867941	0.175581274127765	0.175863301013537	0.17232231603579	0.172152772470557	0.174950485773296	0.176574425720357	0.162639495876025	0.16388142625491	0.161943380396959	0.160535697472106	0.13594775216747	0.13682674054895	0.136325214853047	0.135900292430533	0.10086025351409	0.10217849709976	0.101434589594582	0.102526659791569	0.0619197207572153	0.0641998837308884	0.0631471077700973	0.062733287741799	0.0266047350761553	0.0271850956643164	0.0255020867387084	0.0247080825208199	0.00338629928215997	0.00287691391242944	0.00387589032335078	0.00486089648205981	0	0	0	0	0	0	0	0	0	0	0	0	0	0	0	0	0	0	0	0
2025-07-27	0	0	0	0	0	0	0	0	0	0	0	0	0	0	0	0	0	0	0	0	0.00732385396352884	0.00866899607248437	0.00520787952415622	0.00479927043983056	0.0374498632860936	0.0349555724979093	0.0308484040684204	0.0347461601475767	0.0805276911420523	0.0775254739946113	0.0776545942796839	0.0772922405836524	0.117540470147905	0.116996053268986	0.116647508369902	0.116815968213208	0.146166036225367	0.145620167992413	0.145734011092178	0.147479784690042	0.163483837385457	0.161933129080653	0.162666424425265	0.163916609108626	0.165463666917309	0.165571355716085	0.165304202166212	0.167660775200394	0.171237886862116	0.167025178894484	0.168595499304769	0.16614143493863	0.158271817930781	0.158375734964836	0.15672018213097	0.156632264973414	0.134791223237483	0.135678598657398	0.134212470246184	0.133317707858935	0.102224385866191	0.0992430130164366	0.102309844933389	0.101222756183984	0.0622250439546538	0.0639850207057066	0.0644994622132597	0.0642904731263799	0.0270914281650986	0.0273135675494595	0.025523630473077	0.0250713738123648	0.00407022316834561	0.0041291006681065	0.00325553034602434	0.00354514581752355	0	0	0	0	0	0	0	0	0	0	0	0	0	0	0	0	0	0	0	0
2025-07-28	0	0	0	0	0	0	0	0	0	0	0	0	0	0	0	0	0	0	0	0	0.00698369065382488	0.00727476030290598	0.0075557435731536	0.00718580547011555	0.0303830373098419	0.032442998229412	0.0346813042955131	0.033492660165233	0.0717330104205445	0.0732634490227379	0.0748322934999051	0.0701712470568124	0.105949320566093	0.115032343153797	0.107181535264007	0.105836801016104	0.140496293804512	0.13566741936336	0.136924078216573	0.135912208615554	0.153657277909023	0.152887308210207	0.153067387228449	0.153388026652321	0.157957415819814	0.157900010882164	0.155590773912506	0.157551799385516	0.160687469008101	0.157349550012224	0.155696671365391	0.158266309614284	0.153440283647488	0.152442085746372	0.149775029556547	0.150342601049593	0.131009881093954	0.13366124155701	0.131655816835266	0.13067306051377	0.100819467273426	0.100618870020705	0.101516548640444	0.103045114065425	0.0654518629574302	0.0644634373735349	0.0635053367246274	0.0665793629444075	0.0252958829785853	0.0273475025523967	0.0260974813741089	0.0262591330949091	0.00333382586581665	0.00437587582926876	0.003486821966831	0.00380347633808359	0	0	0	0	0	0	0	0	0	0	0	0	0	0	0	0	0	0	0	0
2025-07-29	0	0	0	0	0	0	0	0	0	0	0	0	0	0	0	0	0	0	0	0	0.00664359095037714	0.00565771024641731	0.00742732763969518	0.00627137116351037	0.0349355688204563	0.033534212290227	0.0339426311539551	0.0335875877353616	0.0747168070383964	0.0767229216130307	0.0749102517816702	0.0746500195669027	0.108500866642783	0.109033853233274	0.108719868620749	0.108745411503195	0.132262681100306	0.132349024880138	0.132332060477845	0.133056233541711	0.152240584066064	0.154064224871925	0.151481475089216	0.151213715972795	0.148487045760926	0.15207263038866	0.153159609398167	0.154280714452247	0.155891733347541	0.154101651716436	0.155470814359213	0.154535800576809	0.1514577456236	0.150411876867151	0.151314866557107	0.149815510952141	0.134907466603361	0.137427316761517	0.134308010643268	0.133357205991854	0.105581424388727	0.104212667077867	0.103790787839582	0.106415120693825	0.0656845173715071	0.0634801797929428	0.0641145187173671	0.0637207841181831	0.0269435267615854	0.0259529092413109	0.0253259711112401	0.0277775928858636	0.00480654849235704	0.00190097921575642	0.00412173757817746	0.00317073471370909	0	0	0	0	0	0	0	0	0	0	0	0	0	0	0	0	0	0	0	0
2025-07-30	0	0	0	0	0	0	0	0	0	0	0	0	0	0	0	0	0	0	0	0	0.00382180754439055	0.00876974539443184	0.0090256380926439	0.00638280896853371	0.0332287537737622	0.0345197071531838	0.0325434154419898	0.0317081236310642	0.0727982450927341	0.0733142406154004	0.0736202427690687	0.0712672715227968	0.109005849677031	0.102722584480791	0.111015889672395	0.109255676169784	0.137648445927727	0.137028924593003	0.13724911390973	0.141073515569539	0.155959464740416	0.155206702471306	0.154580539595327	0.158253293192951	0.16096357798706	0.163426858184558	0.167203363746499	0.163406200081883	0.155056716731632	0.155683688357263	0.15483905951581	0.154420535395295	0.141830963996497	0.139360512165367	0.140071081071998	0.140737442766138	0.126194579152281	0.123785341810188	0.124507711418033	0.126512367619498	0.0996008454224934	0.0996295433212832	0.100926071258883	0.0998435399973399	0.0648080505207882	0.0642483983154472	0.0642728046356889	0.0646707465280758	0.0252521799483787	0.0300133967366971	0.0252376007422731	0.0244968225726511	0.00418886313812371	0.00281036863825335	0.00234121712767518	0.00365955109594775	0	0	0	0	0	0	0	0	0	0	0	0	0	0	0	0	0	0	0	0
2025-07-31	0	0	0	0	0	0	0	0	0	0	0	0	0	0	0	0	0	0	0	0	0.00634085601313554	0.00582543820397156	0.00517472008042928	0.00665898570246362	0.0342592871751065	0.0330930268296933	0.0336186002124795	0.0340290857827208	0.0778408678724276	0.0756383861389516	0.0792088658731368	0.0773118801154841	0.118257178178674	0.115996289540845	0.1161158525661	0.116630679714381	0.145596563102629	0.148373979150573	0.146032684115736	0.145996773631062	0.165164611150839	0.16554363035191	0.164931533934919	0.165360224562333	0.173575588990715	0.172095349770991	0.17252221441181	0.174806846826484	0.173497959517408	0.170626798905848	0.170568458271248	0.174306783305495	0.160011024087642	0.161222686719867	0.161443493987893	0.161322795204598	0.139305472155335	0.136159934595067	0.141238000066471	0.141296593183127	0.106845355216607	0.106357559425372	0.107188275112865	0.108608810245156	0.0673509305541995	0.0697030128158826	0.0657192321657371	0.0662268244641808	0.0259570887809539	0.0264447380692751	0.0263409234675777	0.0242572496821934	0.00244069153779405	0.0046278583162919	0.00249098021073861	0.00244046993517544	0	0	0	0	0	0	0	0	0	0	0	0	0	0	0	0	0	0	0	0
2025-08-01	0	0	0	0	0	0	0	0	0	0	0	0	0	0	0	0	0	0	0	0	0.00638433785201623	0.00558430564207336	0.00563158515406894	0.00639977135184147	0.0318707776181215	0.0328756178708668	0.0312708456255983	0.0359827588854134	0.0750156592353811	0.0737334923978755	0.0756650122559585	0.0795858361107849	0.115202590495493	0.112421509049701	0.117200361963483	0.113175538491323	0.143462351807393	0.145578130479636	0.145750772789015	0.143208744923957	0.162327539829738	0.162728231683059	0.163083239164066	0.163860989323137	0.17045342071277	0.16926644913693	0.164437545775432	0.169842584374867	0.166244529537999	0.167903331678539	0.166932882386084	0.164919256397379	0.154274581893037	0.153043211061992	0.155460673851807	0.154221533193164	0.134879135670514	0.13265916492883	0.134602237300613	0.134859462100043	0.100919956619491	0.100106228507858	0.101733481573811	0.10324033329884	0.065339514317462	0.0622082119554568	0.0631876442193332	0.062264629507748	0.0246267994651262	0.0239464426329882	0.0267330038191374	0.0236937540827483	0.00166972246247392	0.00176517974603005	0.00324815248637222	0.00231694530512382	0	0	0	0	0	0	0	0	0	0	0	0	0	0	0	0	0	0	0	0
2025-08-02	0	0	0	0	0	0	0	0	0	0	0	0	0	0	0	0	0	0	0	0	0.00484020725671335	0.00693367318321953	0.00497586478304126	0.00725025477702586	0.0331979515434842	0.0336755039892692	0.032627428253869	0.0314991162133776	0.0762846903128834	0.0759871230157268	0.0757401338066861	0.0759880528647036	0.113970220289488	0.115103796957146	0.116788436468066	0.1141375462853	0.146106808840905	0.145584761940739	0.142279061884557	0.144029367333799	0.163170793802983	0.161012212069129	0.16384157578598	0.162975418341908	0.164956778223964	0.17050147946031	0.170041983317436	0.17049975899829	0.167012763566586	0.167015233415498	0.16601983645785	0.163952166560066	0.155160830558138	0.155569498136149	0.153970220687886	0.155299450617826	0.132993184033634	0.136899369504021	0.136126651442051	0.136980795020294	0.100599933479554	0.10059698443634	0.100378730042354	0.101424352041752	0.0633276090474681	0.0628039200150801	0.0633909655662644	0.0614775053711874	0.0255984570524632	0.0249195780923456	0.0230006166877609	0.0254813481674303	0.00415218550890239	0.000763521819604605	0.0023298941620309	0.00175439850946211	0	0	0	0	0	0	0	0	0	0	0	0	0	0	0	0	0	0	0	0
2025-08-03	0	0	0	0	0	0	0	0	0	0	0	0	0	0	0	0	0	0	0	0	0.00524094508127398	0.00512772623793462	0.00773428855545843	0.00589704012533296	0.0329996489468906	0.0309564282538359	0.0339863910198604	0.0310575317794131	0.0736360745844933	0.0716004537306078	0.072978021066913	0.073785450617986	0.110464953080084	0.112166757758627	0.109487052531723	0.111881236629565	0.140671697039301	0.139970183045754	0.141038371531495	0.14531974838345	0.16020648902699	0.157512410357661	0.156849378576532	0.161431722038817	0.168708602403811	0.168322938325813	0.166568672792108	0.167399786478269	0.16750611412758	0.167087562258333	0.165783147220367	0.167623176393719	0.156777635758857	0.156650661872574	0.157320549992375	0.159251152376194	0.139696503370795	0.136515925015679	0.136758287108681	0.137029284504844	0.103900507828407	0.101792094629373	0.103868902673726	0.103438494868494	0.0597258216491524	0.058308030709262	0.0596016316374854	0.0583645160041001	0.0246597885961063	0.0209231401970052	0.021449872903176	0.0199671983037124	0.00151793891191261	0.00201616342543369	0.00230807772094654	0.00215781994170716	0	0	0	0	0	0	0	0	0	0	0	0	0	0	0	0	0	0	0	0
2025-08-04	0	0	0	0	0	0	0	0	0	0	0	0	0	0	0	0	0	0	0	0	0.00432627401217943	0.00494864255303348	0.00661597682775223	0.00510910660703487	0.0348307997845841	0.0327374184921759	0.0335073716353435	0.0309244100878966	0.0750354084723287	0.0744491755216204	0.0793409855830166	0.0751744304230343	0.112066907360855	0.11015667627421	0.107132545001292	0.109643871363644	0.137017197032822	0.139375668643056	0.137666724191697	0.136940410132425	0.16228314424316	0.162557906115725	0.161351031693746	0.16280791794737	0.17373669863293	0.172596850535479	0.173943754665306	0.170722696166285	0.170025110251076	0.171538364032568	0.17051424716636	0.171922278549996	0.159137309936182	0.159698147826427	0.159448852807785	0.157715689429606	0.136794824865087	0.137000874021406	0.135527423863656	0.137676877249851	0.105691056338219	0.105727393033666	0.104016953843512	0.103564596784603	0.0648094335956596	0.0646293293994195	0.0666129061477336	0.0629483308571873	0.0244996724274416	0.0232464049537248	0.0251986219687613	0.0230553006500724	0.00102863562601333	0.00190484402544665	0.00280203972297914	0.00126448062556089	0	0	0	0	0	0	0	0	0	0	0	0	0	0	0	0	0	0	0	0
2025-08-05	0	0	0	0	0	0	0	0	0	0	0	0	0	0	0	0	0	0	0	0	0.00431727919114701	0.00620500762121778	0.00390104587566862	0.00757666731196659	0.0304388631709	0.0316082448428729	0.031288624939606	0.0316642670466211	0.0723047356906626	0.0712290031324719	0.0719251512648612	0.0725411099120042	0.109376300277311	0.1092090655501	0.10934372290279	0.109070911269799	0.141034438782604	0.139612381619362	0.139293785749596	0.140059393848438	0.159423215298255	0.1582814829825	0.160550111204368	0.159745190514877	0.1686875827344	0.169014098404857	0.169406628576541	0.170891690284202	0.16952094667214	0.168944078087876	0.167420890497902	0.172114084742081	0.156195065468355	0.158451742012428	0.159762924043	0.158590268476217	0.135490849485368	0.136647187687483	0.136782342609126	0.135079620218024	0.106065254013274	0.104867530086226	0.104873207094623	0.106194008805876	0.0658710479353861	0.0630091486243188	0.0656897161770509	0.0654300872632442	0.0234431005094147	0.0252876819056897	0.0245918587033526	0.023677358881543	0.000790261021348136	0.000241482221698093	0.00372362379424428	0.00124463296270949	0	0	0	0	0	0	0	0	0	0	0	0	0	0	0	0	0	0	0	0
2025-08-06	0	0	0	0	0	0	0	0	0	0	0	0	0	0	0	0	0	0	0	0	0.0050690846398905	0.00592095663715399	0.00418740184584138	0.00582255687711412	0.0266646750881277	0.0257979761798167	0.0284961669450573	0.0260411817869983	0.0538424911872217	0.0522875127374349	0.0519821560106085	0.0538878400647349	0.0890928135357592	0.0887597392696512	0.0859553273933717	0.0881921198012179	0.129896591431381	0.12795997618165	0.127948199130802	0.131195233256168	0.154657228334058	0.158221051455642	0.155051798396514	0.155069921813786	0.167834508668259	0.163892626895295	0.162635993483274	0.164636870953172	0.161704770497112	0.16208868113571	0.161063715106147	0.161142833261031	0.149950891189865	0.148355626631997	0.150321244600342	0.146372237577797	0.121485723227172	0.125323868598457	0.122483703572313	0.123706704602059	0.0853271183078503	0.0843952674720712	0.0858493484155082	0.0844282658045702	0.0438591827897068	0.0445490727626833	0.0428213591127142	0.0417703853348956	0.0132739026719017	0.0161793515271695	0.0146399925790498	0.017906753221879	0.00184192998739872	0.000532372806249846	0.00152813415029602	0.00109756305605542	0	0	0	0	0	0	0	0	0	0	0	0	0	0	0	0	0	0	0	0
2025-08-07	0	0	0	0	0	0	0	0	0	0	0	0	0	0	0	0	0	0	0	0	0.00541946408424005	0.00504728529419533	0.00478461811144546	0.00274863251011917	0.0276778861531617	0.0276316051394191	0.0268370309490201	0.0258534777583991	0.0657728480163181	0.0628747594639496	0.0649892046219421	0.0643631878977903	0.103107640378206	0.10115593283734	0.101784668381839	0.102951758402614	0.136368423344085	0.136669185451452	0.138111034406475	0.136851356797988	0.159645882612734	0.160720031818875	0.161633817366257	0.160000268202133	0.169537026143079	0.170466052800738	0.170722872789852	0.170274048266331	0.164304843486112	0.166241001610723	0.164483799057568	0.165970355845597	0.152990875064386	0.153462915873099	0.152633686831175	0.151912522231341	0.128424233669049	0.131740673074906	0.130370039851673	0.131465053404372	0.100782410132128	0.104249725634981	0.0995753398734862	0.100392524359405	0.0623872746640713	0.0629188195162374	0.0612200120272	0.0614738937924913	0.0232506095933317	0.02131048965926	0.0256881940679834	0.0227507066794248	0.00155460578583142	0.00147242470577931	0.000437025427573894	0.00153594408081537	0	0	0	0	0	0	0	0	0	0	0	0	0	0	0	0	0	0	0	0
2025-08-08	0	0	0	0	0	0	0	0	0	0	0	0	0	0	0	0	0	0	0	0	0.00734103586998962	0.0051918619124757	0.00480205427046833	0.00166504794706635	0.031489439111914	0.029721541865897	0.0305487238155076	0.0302402952066815	0.0715371380865331	0.0712774177410816	0.0715714903703132	0.0716139538020721	0.1105355192048	0.111187556525755	0.109749687539285	0.10952723673016	0.144117547326744	0.144023006502124	0.143767012515278	0.140092433655854	0.16102926619323	0.16114941159506	0.16245533645056	0.16236598576115	0.171261797120261	0.16968628050267	0.170608136526257	0.169443785850812	0.166399400187623	0.163745477544278	0.162585374924539	0.16326974734356	0.151210818709209	0.151395111423729	0.153282143124528	0.149111926742534	0.126255581951769	0.128056617380118	0.13272607153783	0.127961729130283	0.0985891359118169	0.0994665755390295	0.104589670881821	0.100354617667332	0.0605889912641016	0.0611967949437412	0.0619323693266537	0.0612818444655036	0.0208904430105055	0.0204731173624356	0.0272725746714433	0.0213638649556156	0.0011215887818436	0.00155645157282026	0.000864201957777021	0.000457757687559116	0	0	0	0	0	0	0	0	0	0	0	0	0	0	0	0	0	0	0	0
2025-08-09	0	0	0	0	0	0	0	0	0	0	0	0	0	0	0	0	0	0	0	0	0.00486423788723271	0.00574669968454429	0.00443592696765168	0.00295313546057132	0.0299685698710065	0.0289360762778414	0.0320368058649586	0.0290585479861935	0.0704801669891798	0.0718767051048826	0.0707162886782953	0.0709268392276423	0.111105844878226	0.111137945223347	0.109060565611031	0.109695644287396	0.141685745969592	0.140680848773848	0.140022165733396	0.142611239523163	0.160488035692073	0.159639887827679	0.160741550523872	0.161130525956377	0.168033782265162	0.169689039075603	0.168635902067114	0.167641276592121	0.166119851107955	0.165081711673738	0.164374248441107	0.1654241887772	0.153111831729544	0.1526108495736	0.15077926665323	0.153498052043626	0.130535120350595	0.130062055743869	0.132803207935354	0.132599615970183	0.0988294233332524	0.103218447241949	0.097623019230059	0.0993291101947393	0.0619108667957828	0.0613344508417561	0.0613826132267085	0.0633720691357527	0.0235289634327803	0.0226130350172838	0.0208574170182459	0.0230005845316899	0.000860255571063438	0.00189505600526175	0.000703313275411595	0.000541375148263217	0	0	0	0	0	0	0	0	0	0	0	0	0	0	0	0	0	0	0	0
2025-08-10	0	0	0	0	0	0	0	0	0	0	0	0	0	0	0	0	0	0	0	0	0.00538767777356026	0.0039811225513874	0.00316016262408828	0.00547103705096406	0.0305291901565873	0.0298276197249307	0.0300513655384044	0.0295918245800777	0.0704388179325495	0.0702564918818569	0.0699467693927873	0.0693579207928064	0.10807945315444	0.10403832646484	0.109323739452503	0.108558480928217	0.135844788467769	0.135631269705124	0.136973678604868	0.134550263222239	0.155684961796344	0.152594595437658	0.154566705184816	0.155153737581182	0.164246559493191	0.163861235780053	0.163561105060226	0.163331099666531	0.160142327371135	0.163166898513358	0.163876317289714	0.163814456825793	0.150938374478759	0.151121814574226	0.151780859199981	0.151158951747033	0.126182688454823	0.131927984591219	0.130483240287872	0.131406086666086	0.0950117426271095	0.0938854597704388	0.0970603988372467	0.0960423987652049	0.0584067577060747	0.0569295611591264	0.0575768149094776	0.0570868662253213	0.0202590194477663	0.0203925877181271	0.02113966070885	0.0222087321252566	0.00107149922965171	0.000361112157742443	0.000176016255897148	0.0013913723567087	0	0	0	0	0	0	0	0	0	0	0	0	0	0	0	0	0	0	0	0
2025-08-11	0	0	0	0	0	0	0	0	0	0	0	0	0	0	0	0	0	0	0	0	0.00599289595440126	0.00410919877512022	0.00386967394595051	0.00202823132452801	0.0277401987448588	0.0296720833173956	0.0288011019586548	0.0307866159790908	0.067121626329566	0.0689846936050986	0.0688893122104683	0.0690043678548671	0.104164421548492	0.105237438046946	0.107959609106005	0.104638531298558	0.137216477969694	0.139165590765537	0.136685070210607	0.135932861054162	0.154502463009296	0.155728685186464	0.155845338204021	0.157923513600219	0.16467232517754	0.167091807173911	0.16354740870153	0.164688458947018	0.163102881531357	0.164496819231875	0.163862847715653	0.163537451521115	0.149790365378751	0.154276185674391	0.152706375936981	0.152227073009876	0.132388465657971	0.131899524162126	0.131305378576983	0.127406631602919	0.0964250851936377	0.099151356936448	0.0949466081051242	0.0964769497647902	0.0585962303134736	0.0550899518880367	0.0550151312616242	0.0562986865368655	0.0203404476360624	0.0226971236015572	0.0173115559806135	0.0206508727817669	0.000732425684165244	0.000472168480374876	9.08267337420246e-05	0.000704579101717856	0	0	0	0	0	0	0	0	0	0	0	0	0	0	0	0	0	0	0	0
2025-08-12	0	0	0	0	0	0	0	0	0	0	0	0	0	0	0	0	0	0	0	0	0.00221692246341279	0.00396750358774791	0.00375385173219943	0.00606172221663986	0.0312268321940249	0.0293598609489799	0.0288179675518556	0.0315953393051396	0.0719616784153772	0.0731330079284272	0.0726455680629334	0.0722597455932622	0.112549804505163	0.110542598116197	0.110462166650606	0.111445430728034	0.142084802296526	0.142115464320843	0.13982180343185	0.142977929950782	0.157809981741754	0.162696552297065	0.159761709449103	0.160731756512078	0.169878659624569	0.166662025532158	0.169331284265937	0.168128030577337	0.164803917495107	0.165660220923424	0.16079330668504	0.162742554896429	0.151680833029426	0.150358468117553	0.148984976961594	0.154975721891427	0.129584014736245	0.128373081612864	0.129963451547511	0.12907945210338	0.101283963984783	0.101326577309793	0.099322180534501	0.100067278170924	0.0623300749323371	0.0603988409544148	0.0597821501714131	0.0604889339418349	0.0200792397662563	0.022364719423396	0.0213070345739012	0.0222490062364465	0.000546340455601375	9.93920570159722e-05	0.00111202311343602	0.000242244373946629	0	0	0	0	0	0	0	0	0	0	0	0	0	0	0	0	0	0	0	0
2025-08-13	0	0	0	0	0	0	0	0	0	0	0	0	0	0	0	0	0	0	0	0	0.00231721119996027	0.00325067275408659	0.00574193132356324	0.0036901847223899	0.025265324967828	0.030510235067039	0.0304128943333374	0.0298115456317956	0.0713622916863678	0.0697946266502903	0.0703557568150867	0.0674873248482552	0.105577186980113	0.111042102367366	0.10796391767783	0.10541679297469	0.138981879846323	0.1368349738995	0.136486367688751	0.139696778565426	0.154707968165867	0.154070515891396	0.154344718000292	0.156876797942444	0.159992051661562	0.159442151391323	0.159728565812568	0.159837231134548	0.151713126643105	0.150602502466552	0.151025319939802	0.148659050950541	0.137456831009402	0.133691448487088	0.137143353621903	0.137708366881607	0.1161841828135	0.113703941816805	0.113669218784857	0.114442656584838	0.083753357656881	0.0848652587285721	0.0911119213543597	0.0852694622601872	0.0555316284351655	0.0550518187631841	0.0550696395686843	0.0533469132329661	0.0209427402868329	0.0215229322484886	0.021176965228161	0.0193573622365176	0.000231006097833355	0.000106456692985692	4.79299951566075e-05	0.000614607214024345	0	0	0	0	0	0	0	0	0	0	0	0	0	0	0	0	0	0	0	0
2025-08-14	0	0	0	0	0	0	0	0	0	0	0	0	0	0	0	0	0	0	0	0	0.00277655606081042	0.00331770392844194	0.00388902869395942	0.00401671131678821	0.0294482264940354	0.0289355754730924	0.0260001046491464	0.0306160933837257	0.0651688810862852	0.0664307656495953	0.06660325706013	0.0677970962039895	0.101556093439548	0.0997466873467404	0.101048188600734	0.100649030612977	0.128946353331941	0.131563437358829	0.128778230033138	0.128711979276092	0.146492953540829	0.146227507983703	0.145178492518347	0.145101045957121	0.154495021528823	0.15153995827012	0.153869203714121	0.155095816486937	0.157604414184214	0.156785600948191	0.154939535754017	0.153670449113579	0.141225672617159	0.140851728236507	0.141826337762211	0.143096261384122	0.115626998633866	0.118913562975476	0.117179861640983	0.118279576749675	0.0817042349555913	0.0813227745491432	0.0849559137818778	0.0830170767133877	0.0514129265530124	0.0511288918615365	0.0521451617087079	0.0443130198767432	0.0179810844697334	0.019111320460193	0.0194634136712999	0.0194441813987738	6.50274966413344e-05	0.000228367550777931	0.000672085520199545	3.45194323811904e-05	0	0	0	0	0	0	0	0	0	0	0	0	0	0	0	0	0	0	0	0
2025-08-15	0	0	0	0	0	0	0	0	0	0	0	0	0	0	0	0	0	0	0	0	0.00292322791556435	0.00283312010551039	0.002624486877445	0.00261916510148026	0.0271173103911745	0.0303439011232169	0.0298601727036965	0.030678615781912	0.0731807150019844	0.0713830129987912	0.0723338313026322	0.0681024406965923	0.111858490445204	0.108652718433433	0.11050788879588	0.109980902325483	0.140101432716643	0.138663051271747	0.138384309586537	0.137851206425073	0.156652338820733	0.160349714178813	0.157938817635837	0.157059129364617	0.166300553600374	0.166995330851537	0.16621785274331	0.166486262804779	0.16247238386503	0.164289797334215	0.164898191343919	0.168339627456836	0.152530648283649	0.15291146975489	0.153659531043862	0.152898350917598	0.129782949526469	0.133499553720526	0.128210387217927	0.129507109535078	0.0965398525994964	0.0977536792916711	0.0961441304359085	0.096562337672924	0.056759984218917	0.0580382580718919	0.0575030385119156	0.0556987191972755	0.01768069291339	0.0207095918420754	0.0203504332148434	0.0182592820296911	0	0	0	0	0	0	0	0	0	0	0	0	0	0	0	0	0	0	0	0	0	0	0	0
2025-08-16	0	0	0	0	0	0	0	0	0	0	0	0	0	0	0	0	0	0	0	0	0.000871055346351684	0.00264956965777254	0.00244429959819888	0.00403507539767689	0.0297332046102403	0.0304403803073008	0.0272916531731211	0.0315347619093379	0.0729170766410203	0.0721672777933114	0.0705044278917371	0.0744112176739311	0.112102624385335	0.110827435239655	0.111700139978408	0.111369800396603	0.140166395897711	0.140478200148127	0.142052926407777	0.142302477546385	0.160050010373802	0.159934278965316	0.158075773485487	0.159939937175395	0.167886831003175	0.167153783882546	0.166075975301608	0.166883409812671	0.16417198313485	0.164430641392827	0.163267821945172	0.164129553527151	0.15046330048637	0.151221975240455	0.150597767944061	0.150716956329114	0.125340055237335	0.126164416008264	0.127151478740161	0.127344050014239	0.0883908904956606	0.0879216861743576	0.0870854550646079	0.0886019682653738	0.0479973441314518	0.0507454880634171	0.0506752906169334	0.0495818771881977	0.0143729836599976	0.0176136122048774	0.01841317586218	0.016600228272945	0	0	0	0	0	0	0	0	0	0	0	0	0	0	0	0	0	0	0	0	0	0	0	0
2025-08-17	0	0	0	0	0	0	0	0	0	0	0	0	0	0	0	0	0	0	0	0	0.000704964906012959	0.00179739286469668	0.00271685240789274	0.00178078982139762	0.0209807023141828	0.0214419608741457	0.0219075677200291	0.0236697690916423	0.0543005226882144	0.0535342300148108	0.0562150058179965	0.0539502414789783	0.091788048971731	0.0929963115519445	0.0919696778244926	0.0902459616518319	0.116868872847482	0.118961082927145	0.117677325206776	0.120492719018598	0.138244804436885	0.139400604465881	0.138646588747582	0.137708002349652	0.14449008036097	0.14337081638822	0.142837148820801	0.146301954430009	0.143678030749949	0.142492711109196	0.140364252164172	0.140465005976683	0.126244764438664	0.127880921969257	0.127954732353516	0.129919581238563	0.104458438825971	0.105805617466884	0.102112567842003	0.105623375865142	0.0562943852833425	0.0570336481435325	0.05691601171716	0.0527559548559651	0.0251000609746826	0.0277015444789259	0.0276173161019441	0.0255810784444473	0.00660521646864012	0.00811014395973573	0.00467837162536347	0.00760626794626067	0	0	0	0	0	0	0	0	0	0	0	0	0	0	0	0	0	0	0	0	0	0	0	0
2025-08-18	0	0	0	0	0	0	0	0	0	0	0	0	0	0	0	0	0	0	0	0	0	0	0	0	0.00543761225026832	0.00613267394370619	0.00599844823377842	0.00543126557224707	0.0180695409094528	0.0189669431212353	0.0256352243717221	0.0193282915975898	0.0386049378444543	0.0376629744605864	0.0391141158296869	0.0376179718652725	0.0552308632128018	0.055936181605188	0.0562945600038099	0.0545383951782003	0.0757181117269934	0.0755374473684442	0.0757832763141389	0.0779611645904234	0.082301149429926	0.083380275047738	0.0822870200533833	0.0850315554689527	0.0850148339266372	0.0820292905438278	0.0824640453509557	0.0834918301785793	0.0929372036014191	0.0912063783437268	0.0963753299362969	0.0964810881185572	0.0921438032822762	0.0915732972919706	0.091909222249921	0.0923736771758322	0.0822597562300477	0.0843760904642185	0.0833304892121697	0.0800336640935642	0.0512350919909892	0.0505883930077325	0.0506958069665141	0.0524807080347642	0.015383775628668	0.0181120364988257	0.01774395709791	0.0197602307745963	0	0	0	0	0	0	0	0	0	0	0	0	0	0	0	0	0	0	0	0	0	0	0	0
2025-08-19	0	0	0	0	0	0	0	0	0	0	0	0	0	0	0	0	0	0	0	0	0	0	0	0	0.00404387078991228	0.00551995891703222	0.00428139317230231	0.00415477712075319	0.0148281352353508	0.0147510301426228	0.0149236104437424	0.015497224178284	0.027215135438379	0.0276197582182289	0.0239640010147551	0.027201105328637	0.0402195283399522	0.0417025661714928	0.042332642543001	0.0427452629455541	0.0589872799131958	0.0588371866003383	0.0601306521594684	0.0580448813269975	0.0703509133679149	0.069604699190721	0.071696047557336	0.071348339884028	0.104591247261453	0.104375655927158	0.103384814624936	0.105648282186453	0.118548695504872	0.114492498222274	0.115384559427173	0.115574246845681	0.104265468486681	0.103154356533016	0.105276839563378	0.107303335416925	0.0867223584063192	0.0861797019087291	0.0871116425902458	0.0859862970947059	0.055421273704095	0.055575685762618	0.0537547406959841	0.0532482998373029	0.0191631441604436	0.0196571349721776	0.0179214672081848	0.018258253659194	0	0	0	0	0	0	0	0	0	0	0	0	0	0	0	0	0	0	0	0	0	0	0	0
2025-08-20	0	0	0	0	0	0	0	0	0	0	0	0	0	0	0	0	0	0	0	0	0.000691124009079197	0.00102927239612339	0.00172882480302911	0.0025507787917683	0.0206186814194852	0.0222834650542145	0.0209416435729876	0.0211562099533127	0.0448392408873906	0.0459986087912507	0.0472056385563794	0.0469565117649793	0.0690683779763632	0.0675108609163269	0.0686126431208056	0.0678081179865043	0.0843860779324524	0.0865675280616372	0.0827836418143917	0.0862627521915187	0.104871491695769	0.105289322470124	0.104298696296859	0.103540489537248	0.116996970997387	0.114924090990656	0.11589866037084	0.118180277641117	0.112602656881387	0.113617230611293	0.11074046409559	0.114039648411731	0.0889678635855937	0.0916993438106471	0.0890734156618586	0.0882593769419005	0.0687803858059186	0.069041650577614	0.0675193120051577	0.0696586516113098	0.0444342226860939	0.041216710064719	0.047394126794347	0.0429549404548402	0.0332654810417041	0.0312130343058153	0.0333230211980723	0.0311984634544084	0.0117924227529657	0.0116771387886004	0.0128424969736767	0.0116879414847572	0	0	0	0	0	0	0	0	0	0	0	0	0	0	0	0	0	0	0	0	0	0	0	0
2025-08-21	0	0	0	0	0	0	0	0	0	0	0	0	0	0	0	0	0	0	0	0	0.00130393549393798	0.00131213511791931	0.000619238646945884	0.000764690741196828	0.0208861445766648	0.0238198038009388	0.0247430787763708	0.0235509728460257	0.0641279844996013	0.0661634101109344	0.0609349849112742	0.0657736204781901	0.101176883560553	0.10074190682107	0.101152301871897	0.10092890774648	0.138743317983105	0.136753182308319	0.13767851939837	0.138824980310205	0.157488501039405	0.161213916059675	0.15745562557466	0.15784195732626	0.166897950124505	0.167457921869113	0.167040866713184	0.167603261293199	0.162918918196139	0.164736556836742	0.164780896413508	0.165563628553611	0.151460567432261	0.149708602302177	0.149428073429372	0.14940275683619	0.117872447583854	0.118114630527364	0.11875469891006	0.116258222978721	0.0904566369118872	0.0855995915848512	0.0881841076384106	0.086759663864851	0.0532689572804603	0.0544843343140278	0.0539133347509555	0.0563333736545564	0.0194308255083298	0.0166874349583235	0.0155395932262191	0.0173421463071276	0	0	0	0	0	0	0	0	0	0	0	0	0	0	0	0	0	0	0	0	0	0	0	0
2025-08-22	0	0	0	0	0	0	0	0	0	0	0	0	0	0	0	0	0	0	0	0	0.00147238923228367	0.00224387313790658	0.00132356459999457	0.000960173029815186	0.0256167180790856	0.024166184040598	0.0239030396929269	0.0193140581873894	0.0527114440217067	0.0540863808559529	0.0535756685478463	0.053626506574494	0.0867922426737997	0.0877888496137262	0.0865518999143534	0.0858670077981208	0.124707028523121	0.124164778794348	0.125590304622007	0.124537888060524	0.144375032825698	0.142598314437282	0.142142666828871	0.140883985908149	0.153257240691423	0.155034307047036	0.154877586597049	0.155830865664492	0.143475260323242	0.145113093096452	0.142347994356681	0.142063652223625	0.130064288667798	0.130568405147212	0.132894843833841	0.129472462351149	0.115903800517144	0.114630122524579	0.116076127545173	0.116389949413104	0.086778504535816	0.0872516393480359	0.0869501800397668	0.0880196760763813	0.0533303921528751	0.0468272840624665	0.049451012731694	0.0493913110529644	0.0174059736980803	0.0156797649148628	0.0172731000045037	0.0166411613825532	0	0	0	0	0	0	0	0	0	0	0	0	0	0	0	0	0	0	0	0	0	0	0	0
2025-08-23	0	0	0	0	0	0	0	0	0	0	0	0	0	0	0	0	0	0	0	0	0.000676605817257652	0.000760173799285321	0.00132321191438267	0.00124000846907436	0.0267278184022954	0.0259028355053582	0.0256753041500764	0.02569404194227	0.0697476398170019	0.0675295163065226	0.0689990624974111	0.0677237813790644	0.113625667703084	0.112622423951352	0.110006299658655	0.109745608686909	0.140965017098965	0.141768067002634	0.143518910658048	0.140748005240353	0.164679702651121	0.164992240846098	0.163912708520229	0.168415347982552	0.174422290013134	0.173828984886113	0.173990361953948	0.173758363146805	0.171541774625859	0.169123205680922	0.172609374065397	0.172725645627823	0.160924145989249	0.160226224537752	0.159294571079068	0.160555058393932	0.139402004424998	0.138415148192781	0.138326023011502	0.137856824370719	0.102825220850686	0.101896958395932	0.106325972053871	0.10495184869951	0.0601602532215801	0.0586717319172367	0.0638702690551667	0.0622977458060165	0.0192356961495281	0.0174887247620305	0.0191580660011461	0.0181175130872953	0	0	0	0	0	0	0	0	0	0	0	0	0	0	0	0	0	0	0	0	0	0	0	0
2025-08-24	0	0	0	0	0	0	0	0	0	0	0	0	0	0	0	0	0	0	0	0	0.00194910563228215	3.48254191385906e-05	0.00172390565237557	0.00129216329620369	0.0240752454074006	0.0232960884705187	0.02656609279823	0.0240625733238507	0.0602198881316397	0.0595833623399032	0.0576556069041781	0.0575411426242789	0.0866610353583605	0.0878732693757419	0.0877658456897391	0.0886998495761586	0.113455482191607	0.111549072432774	0.110846987242873	0.112148458132747	0.124758935552167	0.128379357642983	0.126296397968478	0.125565308836372	0.130201460818191	0.128359489350716	0.130439429964187	0.128999619866906	0.128801527994241	0.128778581083756	0.130258622692978	0.129161268229024	0.121038165539819	0.117475646969704	0.122825679350541	0.121660508139936	0.106414285547831	0.101292909211751	0.103550349115409	0.104742456125009	0.0780956887351438	0.0789538619516226	0.0784509313792977	0.0784995179339359	0.0478225588805253	0.0472547371939295	0.0456981341432456	0.0462245697822996	0.0138910039761663	0.0150511803220234	0.015293671173348	0.0167641445284624	0	0	0	0	0	0	0	0	0	0	0	0	0	0	0	0	0	0	0	0	0	0	0	0
2025-08-25	0	0	0	0	0	0	0	0	0	0	0	0	0	0	0	0	0	0	0	0	0	0	0	0	0.00861971054800383	0.0103465243112241	0.0118505574641515	0.0111832076766205	0.0426103572421799	0.0393255778695942	0.0400182799296784	0.0400457849585474	0.0924988054184341	0.0919705135732785	0.0930731999319634	0.0934574810763239	0.0996932615553578	0.0964298006746762	0.0962210526176699	0.0966558851522961	0.0882222099074588	0.0873144356713766	0.0842010689217046	0.08926228549946	0.0798062180480739	0.0783736536314049	0.0775360495555673	0.0802840787649539	0.0676686192024106	0.0700630401524716	0.0670072700973256	0.0672610705477923	0.0586338167872768	0.0602037399370954	0.0587552371558291	0.0584072061197987	0.0557771109003074	0.061195628347718	0.0585223639780559	0.0595048967739186	0.0473481382622479	0.0436756271200761	0.0443109524110865	0.0426652822065896	0.0221024150428205	0.0240405563319674	0.0238591504221641	0.024997878203048	0.00759628135473293	0.00822671127624126	0.00521566321112357	0.00496134415790223	0	0	0	0	0	0	0	0	0	0	0	0	0	0	0	0	0	0	0	0	0	0	0	0
2025-08-26	0	0	0	0	0	0	0	0	0	0	0	0	0	0	0	0	0	0	0	0	0.000173214910620863	0.00091790501035412	0.000394013931269274	0.000514866147755742	0.0221618503027879	0.0200421608714502	0.0202840882007649	0.021511900624997	0.0545643145576812	0.0563126318952556	0.0543777054648853	0.0557453480821778	0.0930653790180195	0.0937095765977526	0.0901133548098708	0.0911116895743572	0.13090025032685	0.132790361723259	0.131449721570389	0.131859666379502	0.156165793268816	0.153478138634237	0.156740094935337	0.15761597316161	0.164937397610995	0.167697552040103	0.17055939601243	0.167805654336472	0.167527432670485	0.163553838738409	0.167814476044157	0.165104252546949	0.15229629767351	0.15377492568066	0.153636064496418	0.153292712149411	0.129720106263753	0.128946227607098	0.128366316618248	0.131967349510902	0.0963628365519854	0.0955064189690879	0.0970680424802029	0.0950627019987238	0.0556943795461279	0.054112504376746	0.0552420121368974	0.0529511039402288	0.0149164124056958	0.0142602013370239	0.0163371388512215	0.0164862474060588	0	0	0	0	0	0	0	0	0	0	0	0	0	0	0	0	0	0	0	0	0	0	0	0
2025-08-27	0	0	0	0	0	0	0	0	0	0	0	0	0	0	0	0	0	0	0	0	0	0	0	0	0.0159650337937687	0.0168288052459437	0.0161054343853416	0.017100726574946	0.0500808329899082	0.0487840671709982	0.0518912441379143	0.0492438557011792	0.0926149699364758	0.0924824996918971	0.0910891795224865	0.0918133508491406	0.126444375758044	0.127398122624607	0.130479351910828	0.126678149706521	0.14406392129793	0.149461593146851	0.150547713202168	0.14892677235305	0.158688752508639	0.157964870702132	0.156780861930231	0.157565514858999	0.155287713536368	0.157377673853449	0.156543670144413	0.15579094246577	0.143822984242261	0.142866215359659	0.141324606379023	0.148986194019056	0.119876731170655	0.120900091719519	0.120880439948406	0.12034273716142	0.0825933870303474	0.0808555934869065	0.0827883039849362	0.0827627154978099	0.0414025326490186	0.0456463406455513	0.0424443982789672	0.043506728426463	0.00891022120186498	0.011835750612876	0.0137852418557998	0.0104687863294592	0	0	0	0	0	0	0	0	0	0	0	0	0	0	0	0	0	0	0	0	0	0	0	0
2025-08-28	0	0	0	0	0	0	0	0	0	0	0	0	0	0	0	0	0	0	0	0	0	0	0	0	0.00686467227800229	0.00632458756376114	0.00691249708281127	0.00289824307542529	0.0192699102477445	0.0189223196261104	0.0179733078872326	0.0158344622389124	0.0520437012575231	0.0504091614930947	0.0511874489187278	0.0513596883306543	0.0808652273813555	0.0811608846444204	0.0817429780216583	0.0822309099525659	0.127191331476266	0.1269790636081	0.127579330411812	0.127250274503822	0.140809011374643	0.141267230591088	0.141200622128814	0.140723135905456	0.110033218863319	0.113999369564917	0.113452274490857	0.112515137080907	0.0909010829443496	0.0924702451563866	0.091001696338264	0.0946269755609997	0.0801717701763462	0.0826454808575582	0.0796135363357186	0.078569212630377	0.0707366489966069	0.0708671149880707	0.0709562782544014	0.0644399577609209	0.0437814772112312	0.043427828071152	0.0440452243410876	0.0437454703765292	0.0145093393213723	0.0152542594350855	0.0150887441653117	0.0151476570782305	0	0	0	0	0	0	0	0	0	0	0	0	0	0	0	0	0	0	0	0	0	0	0	0
2025-08-29	0	0	0	0	0	0	0	0	0	0	0	0	0	0	0	0	0	0	0	0	0.000209767812671959	4.23752348294842e-05	8.62873197910371e-06	0.000739228220519453	0.0234718064326703	0.0228967094899126	0.0241991612337887	0.0244323228436284	0.0729699429027571	0.0732714030236098	0.0736655940151373	0.0730930600584958	0.0692234459518132	0.0683857457104697	0.0683531997081932	0.0680376086295239	0.124145983013243	0.12428252862129	0.123413348321652	0.123158140043815	0.168170318704732	0.167317415918836	0.167627493699477	0.169884771676954	0.177362064419563	0.179579615510738	0.17724366815991	0.178814651909789	0.156054456499281	0.154534619429614	0.154861569514566	0.158549354556539	0.157095752846646	0.155179430405497	0.158008978920641	0.156715837827216	0.139755160826446	0.13747009083168	0.142574290366729	0.139200457975145	0.106371875367454	0.103069785284318	0.100869682217614	0.103688657130615	0.0565300760991813	0.0555961770383725	0.0579069332001259	0.0569668136623202	0.0142351246034528	0.01581697570849	0.0147248802064682	0.015223019481589	0	0	0	0	0	0	0	0	0	0	0	0	0	0	0	0	0	0	0	0	0	0	0	0
2025-08-30	0	0	0	0	0	0	0	0	0	0	0	0	0	0	0	0	0	0	0	0	0	0	0	0	0.0285487524590053	0.028449340897394	0.0286523141775504	0.0293495924660502	0.0728657462290326	0.0775178279428041	0.0774763870283092	0.0761400387998541	0.116340887809922	0.117776670154417	0.11980641652546	0.119076025510202	0.147903162533874	0.150041348712633	0.151189345257647	0.149866143495845	0.170169872605537	0.170416810322675	0.167462675340002	0.169950641731786	0.177056421358364	0.177360679843728	0.177855163436791	0.179727735361116	0.176136393330149	0.177139194568935	0.173607832205752	0.176116579895163	0.160940795349291	0.161320193793091	0.162899639543413	0.161839371314205	0.137055801651276	0.138922230032241	0.138906693048689	0.137115275267795	0.1052624419694	0.106613566195452	0.104455436456983	0.103668555378165	0.0606238162003118	0.0619613692569609	0.0597722764149607	0.0616425381277666	0.0176063830823664	0.0147534334941294	0.0163446738729206	0.0162955095505835	0	0	0	0	0	0	0	0	0	0	0	0	0	0	0	0	0	0	0	0	0	0	0	0
2025-08-31	0	0	0	0	0	0	0	0	0	0	0	0	0	0	0	0	0	0	0	0	0	0	0	0	0.0239535288955554	0.0258076316371332	0.0254674165562545	0.024771422911057	0.0635051106099455	0.063320589740749	0.0639778900554424	0.0631964095938631	0.108827780086345	0.107692026768938	0.106254086123765	0.108226107020953	0.145292946417289	0.145092784716421	0.143590024556383	0.146024244309908	0.165621281090084	0.165382989884762	0.167511334076225	0.164484394948928	0.177386328579211	0.173179257298321	0.174013446429775	0.174420967692692	0.171255389418115	0.167743179337337	0.168506514754298	0.166494916490249	0.149933645707186	0.145834434649957	0.14995995435741	0.148271965285446	0.120117453407621	0.120896709462511	0.120562877700436	0.120422959429432	0.0847839592372572	0.0838308773419732	0.0854643134363724	0.0869208499843973	0.0392774761067025	0.0399289579266131	0.0374831345816414	0.038310431385043	0.00851209750601718	0.0083488199869124	0.00878457623042776	0.00835450627664265	0	0	0	0	0	0	0	0	0	0	0	0	0	0	0	0	0	0	0	0	0	0	0	0
2025-09-01	0	0	0	0	0	0	0	0	0	0	0	0	0	0	0	0	0	0	0	0	0	0	0	0	0.0195532090478801	0.0195040575329755	0.0211988421563644	0.01874389126278	0.0530555014621657	0.0532780132771456	0.0548808644849116	0.051785620775777	0.0966611279054215	0.0961673224875771	0.0954257572515321	0.0947457923554693	0.143988893822522	0.142340294474925	0.143405337698647	0.140265474003906	0.165492467074806	0.166381795830863	0.16444790167602	0.163677835418311	0.173811474897408	0.176929300601887	0.177112491856222	0.176146732644483	0.178693288643494	0.175275903179458	0.177305428947133	0.174725379229916	0.167752261750956	0.167370906429705	0.166183168444696	0.163693663374643	0.145038402288204	0.137377705045643	0.14614097732407	0.144442915342082	0.105531015212086	0.108889806161423	0.10739355521079	0.109185623415701	0.0640504291255312	0.0615236806752309	0.0627290834974022	0.0606968067018358	0.0153398527300098	0.01506655273366	0.0178488249345904	0.0147447696017398	0	0	0	0	0	0	0	0	0	0	0	0	0	0	0	0	0	0	0	0	0	0	0	0
2025-09-02	0	0	0	0	0	0	0	0	0	0	0	0	0	0	0	0	0	0	0	0	0	0	0	0	0.0197219873927173	0.0234507687426524	0.0195338647845529	0.0192933790800774	0.0526086932533716	0.0530948290652677	0.0516602335942845	0.0466362440870762	0.0695492533942171	0.0693435020569074	0.0649221111868304	0.0691851333620451	0.0842114616202907	0.0847789547133021	0.0863864441743438	0.0846231394920634	0.116638111616815	0.114922619994944	0.115537202909458	0.114902065478783	0.176719695133906	0.178247233781468	0.176229316696274	0.176803754388352	0.181722488791356	0.179682571397915	0.177436163789335	0.178158776021394	0.166274596865765	0.165588674237008	0.166622139726411	0.166514589170817	0.144882945130934	0.143817918791118	0.14392696892154	0.138372167156408	0.106566154801443	0.104870823315154	0.10747952705039	0.101083494833013	0.0554801097406525	0.0545139932514312	0.0546683400020868	0.0553375570058295	0.0120352269456131	0.0117423022496966	0.0120083200354914	0.014214150769199	0	0	0	0	0	0	0	0	0	0	0	0	0	0	0	0	0	0	0	0	0	0	0	0
2025-09-03	0	0	0	0	0	0	0	0	0	0	0	0	0	0	0	0	0	0	0	0	0	0	0	0	0.0283127098477871	0.0284758250418172	0.0258798235567989	0.0243316415535968	0.0723076387346554	0.0734350724882121	0.0726258841129744	0.0736314046641581	0.114056027525425	0.113562377563885	0.116330396763816	0.116051198146873	0.146794736447774	0.148041508295384	0.148145645826166	0.148018109430676	0.16868900024239	0.1697271161151	0.166963173701434	0.168620709941076	0.178554822096479	0.175313403532782	0.174685650982907	0.176446123387832	0.173951906168316	0.171968935771152	0.171354138992224	0.173725019068308	0.16131077404022	0.158253560821323	0.157505037960262	0.158930627178196	0.13346810652115	0.133151828067562	0.13119763542722	0.133182429984068	0.0960643850314989	0.100812247246149	0.096555242221944	0.0975681255004079	0.0563416700918318	0.0563613503715655	0.0544842229579393	0.0538127565786634	0.0123829744399628	0.013402310414569	0.016003167574022	0.0132115475714462	0	0	0	0	0	0	0	0	0	0	0	0	0	0	0	0	0	0	0	0	0	0	0	0
2025-09-04	0	0	0	0	0	0	0	0	0	0	0	0	0	0	0	0	0	0	0	0	0	0	0	0	0.0219544889863912	0.0222836084484453	0.0228992711734084	0.021862631391755	0.0657206661184254	0.066584665004161	0.0605617102468762	0.0671329586305374	0.110807465927461	0.107815336001553	0.110390033173012	0.110987164897973	0.144615721909715	0.14367384645743	0.144031450767147	0.144678980865707	0.163273634234868	0.163242319834996	0.165551155870966	0.16493289005917	0.1733455073917	0.170848839577506	0.171557073205793	0.171248579825001	0.165556620143576	0.167206326931426	0.168249482683278	0.16798757024172	0.152623578901564	0.149803934101707	0.151817017438504	0.153755469558226	0.12671763384769	0.127681377679823	0.128394081149235	0.125206907323252	0.0949741551240444	0.0969028308891567	0.0949444934337073	0.0961785205530915	0.0542848257346687	0.0538133171613081	0.0550076258030621	0.054894231300961	0.0141401338372589	0.0121853033691351	0.0113022513807725	0.0133723114128335	0	0	0	0	0	0	0	0	0	0	0	0	0	0	0	0	0	0	0	0	0	0	0	0
2025-09-05	0	0	0	0	0	0	0	0	0	0	0	0	0	0	0	0	0	0	0	0	0	0	0	0	0.0134329554244281	0.0163276167513735	0.0164411838233823	0.0157982440008162	0.0482591528767197	0.0467386615127571	0.0458217166989016	0.0491804689116217	0.0911686611171344	0.0892755035870181	0.0904166887151557	0.0921391465806917	0.123578903977127	0.123747251017992	0.122133939797886	0.120539905206995	0.141111794015617	0.139981707666589	0.141650991213289	0.141255507104505	0.150093418542499	0.151458781957639	0.15039901667113	0.151048782828732	0.153458734955496	0.152178445182652	0.151232875546359	0.153129944315492	0.136159287142043	0.137372485516682	0.136851265485787	0.136616961855488	0.101006381494685	0.100777127935112	0.0999589676824145	0.103257522887788	0.0656919207029503	0.0645447878129188	0.0651940900031103	0.0685692014810206	0.0356180610392457	0.0357811468452563	0.0380061237722392	0.0365946683432588	0.0112088018173832	0.00866720119436048	0.00760986080373528	0.011514136184521	0	0	0	0	0	0	0	0	0	0	0	0	0	0	0	0	0	0	0	0	0	0	0	0
2025-09-06	0	0	0	0	0	0	0	0	0	0	0	0	0	0	0	0	0	0	0	0	0	0	0	0	0.0249353344826705	0.0235986488513351	0.0254212625996928	0.0250447540663015	0.0710996342189863	0.0713605356688102	0.0702738762644804	0.0712659538477231	0.11390934527024	0.114282606462756	0.113548698497899	0.110259349769106	0.14587251975609	0.147153632010812	0.146973493412647	0.14500035482045	0.164482493379094	0.16725454330382	0.168682898549994	0.166580064767093	0.175621595893788	0.177428369553574	0.176488595188739	0.175461439363899	0.175379305231291	0.174978037362207	0.176196232517042	0.17444642488946	0.16329363513143	0.163071536681001	0.162812192917737	0.164822635269832	0.139988532594812	0.13929945303359	0.140629813937833	0.138082200433765	0.100870136501518	0.101877454019503	0.102773137127922	0.101479272351057	0.0548221565472191	0.0565453929372902	0.0561320486838025	0.0565004018316883	0.010949981456755	0.0129965153505404	0.0112577306149857	0.0127957725777189	0	0	0	0	0	0	0	0	0	0	0	0	0	0	0	0	0	0	0	0	0	0	0	0
2025-09-07	0	0	0	0	0	0	0	0	0	0	0	0	0	0	0	0	0	0	0	0	0	0	0	0	0.0213509974906562	0.0195136770893331	0.0206035952908909	0.0195317301291198	0.0548304666242787	0.0534726813121657	0.0532005135131704	0.0544963385503852	0.0612966777088665	0.0614334214684305	0.0584578801154466	0.0608120207072563	0.0607089171313979	0.0615960744137297	0.0616494982270857	0.0620455102277867	0.0804378439760619	0.0804573049816599	0.0802054146452998	0.0788994363969784	0.107027848009987	0.108472775419466	0.109114980726773	0.108384395843774	0.128060403765167	0.126096332154737	0.126467275061429	0.125375989018668	0.1352397412223	0.132986611677292	0.132282920980673	0.132490726119734	0.103580381429916	0.102667229443808	0.103847886298478	0.103904502827799	0.0531930401962814	0.0528043146249965	0.0542004873506443	0.0538021578280779	0.0243783071646489	0.0239916478124791	0.0203186382706644	0.0213114067522076	0.00295971633171301	0.00556283001269411	0.00289335681456083	0.00558409684103205	0	0	0	0	0	0	0	0	0	0	0	0	0	0	0	0	0	0	0	0	0	0	0	0
2025-09-08	0	0	0	0	0	0	0	0	0	0	0	0	0	0	0	0	0	0	0	0	0	0	0	0	0.0103153786635957	0.00901913411808222	0.00814869440545871	0.00851679281286336	0.0395151415463144	0.0393620822319224	0.0366801252818858	0.0394426509398774	0.0861352280707534	0.0858255798961721	0.0874981408349986	0.0855410511980759	0.119655809077934	0.118624004870879	0.120533643314376	0.117186542736811	0.119305638965495	0.117716101858495	0.119452775181326	0.120525483994684	0.100425674905115	0.10067917530378	0.105939539918545	0.0999556098725599	0.08926665183162	0.0867339563612288	0.0892726633898368	0.0877267284173144	0.0994610105806014	0.0994672465498353	0.097740698380624	0.0963310444889392	0.0955611816126424	0.0947549226800018	0.0955610695597997	0.093122826147556	0.0652484814074242	0.068291880993993	0.0643902508910802	0.0660693867075027	0.0345599967320651	0.0341240027243001	0.0345071132931897	0.033808887250445	0.00758406937582284	0.008011117359958	0.00666471773395773	0.00474009553026144	0	0	0	0	0	0	0	0	0	0	0	0	0	0	0	0	0	0	0	0	0	0	0	0
2025-09-09	0	0	0	0	0	0	0	0	0	0	0	0	0	0	0	0	0	0	0	0	0	0	0	0	0.00554002820931387	0.0100041569080248	0.00781896742680141	0.00863684745585992	0.0307918102790829	0.0318418375086178	0.0311471684730509	0.0292191837392484	0.0493693309706927	0.0470037852189465	0.0463191426863598	0.0463077411240011	0.0508646825209317	0.052205739181533	0.0529345960623311	0.0519949822352043	0.0523209320862463	0.0543791210088073	0.0536945085595554	0.055605438345391	0.0470752200099741	0.0467057304777288	0.0460962946930243	0.0471227548192728	0.0406327880171231	0.041242742550622	0.0438034079991962	0.0413210614330586	0.0388341310236276	0.0407334313020435	0.0388663847232636	0.0375660529510654	0.0335341781997745	0.0335092836117948	0.0331012793125523	0.0328552588758784	0.0203927801432986	0.0202767415279763	0.0208400476095745	0.0214904307191506	0.00916858877882974	0.0114472041370198	0.0105900831478597	0.00979412393629068	0.00372537589565635	0.00148424060602023	0.000711970372245836	7.84131260775749e-05	0	0	0	0	0	0	0	0	0	0	0	0	0	0	0	0	0	0	0	0	0	0	0	0
2025-09-10	0	0	0	0	0	0	0	0	0	0	0	0	0	0	0	0	0	0	0	0	0	0	0	0	0.0214299501284329	0.0231934624605193	0.0233977381237048	0.0219788492873429	0.0631993095054179	0.0665452069791075	0.0671245756772252	0.0651309078382495	0.108102124970304	0.106722819679937	0.110412520487178	0.10576253486258	0.148998272299086	0.151336399490492	0.150087255714046	0.151578072496376	0.170423133130698	0.171742372648976	0.170484286946231	0.172350207274095	0.178300376840825	0.180304415475331	0.180594079496233	0.180801128187611	0.177140904632344	0.177683975208076	0.178038270656552	0.178136849503028	0.161065659392479	0.166086634587311	0.165612297170053	0.165235408850157	0.140634788573144	0.139324857142093	0.139494046620482	0.139546307664281	0.105666566866436	0.102506291248288	0.101669362194615	0.103157779690661	0.0514040567188365	0.0554198699968198	0.054621000582425	0.0555550727019186	0.0121508646996596	0.00859177452038268	0.00732429767222372	0.00893306310773396	0	0	0	0	0	0	0	0	0	0	0	0	0	0	0	0	0	0	0	0	0	0	0	0
2025-09-11	0	0	0	0	0	0	0	0	0	0	0	0	0	0	0	0	0	0	0	0	0	0	0	0	0.0228399327084047	0.021642951390356	0.0183552218074558	0.0211618940937834	0.0609517193428408	0.0614672389043205	0.0592973375125256	0.0612837042403131	0.101767127308881	0.103191554856179	0.10249585577892	0.10254546205602	0.13287903066348	0.136543227722381	0.135721678788726	0.134856062825413	0.152814615783666	0.15309770560608	0.15297164365587	0.156116034954384	0.155487540075232	0.156154635261159	0.159325742968273	0.154032081695336	0.157337575063889	0.156485428735047	0.157087838975419	0.156089157225645	0.1441537831952	0.143436449075159	0.143687288895	0.146722478834641	0.130424242602175	0.126889606227236	0.127628498456169	0.126057652714421	0.0946233164937438	0.0902450896327525	0.0955127374422836	0.0966188564312201	0.0497602101029068	0.0500414940730221	0.0519604699665762	0.0502378258574949	0.00985373763068509	0.00913937016560598	0.0109259559934566	0.0090809362102523	0	0	0	0	0	0	0	0	0	0	0	0	0	0	0	0	0	0	0	0	0	0	0	0
2025-09-12	0	0	0	0	0	0	0	0	0	0	0	0	0	0	0	0	0	0	0	0	0	0	0	0	0.0164001778902074	0.0152320163583879	0.0176925735148637	0.0176752322365409	0.0568207558239865	0.0568234166285096	0.0587840277409232	0.0575717998065806	0.103206990980637	0.105209358326292	0.102071359664611	0.10551229102846	0.139129984214185	0.140740701780278	0.138477101205363	0.138652212800174	0.156869368787861	0.156195923065866	0.158881510689199	0.156053197457075	0.163105566704905	0.161880354246017	0.162081289439115	0.160932789609963	0.15394186871188	0.156516976035245	0.157247217310669	0.157293937942205	0.132619272617397	0.133133226702412	0.131934663007354	0.132312837672837	0.106217163625557	0.106555971787314	0.108890115590531	0.107336748996598	0.0779709626219832	0.0778932037010149	0.0770203390602887	0.0771154946167132	0.0308212368408337	0.0358366483792531	0.0302084275258561	0.0311336872540572	0.00523252557231253	0.00658037889334132	0.00336601345426922	0.00382108208007693	0	0	0	0	0	0	0	0	0	0	0	0	0	0	0	0	0	0	0	0	0	0	0	0
2025-09-13	0	0	0	0	0	0	0	0	0	0	0	0	0	0	0	0	0	0	0	0	0	0	0	0	0.00777087347524742	0.00806565213301369	0.00717101854768957	0.00899245584404933	0.0430163447665296	0.0430179840597295	0.0438821271475491	0.0450835440261918	0.0646688758113433	0.0621325363462698	0.0648071800050223	0.0653914078373646	0.0555507158381957	0.0562345558638579	0.05708562465968	0.0561291036382664	0.0600962279647258	0.0590989078018558	0.0579242156406984	0.05888064859272	0.0579508224483004	0.0581529157756241	0.0537435180102805	0.058152743765795	0.0538673537581603	0.0528685690919476	0.0528344630547187	0.0534296140951734	0.053977334796848	0.0520176173887558	0.0537729290370816	0.0532321187773145	0.0370234271329582	0.0373103599227672	0.036255786227341	0.0384104267169337	0.0372633575509752	0.0390984328717858	0.0398967312130351	0.0387414783642039	0.0358952265927276	0.0353354524010119	0.0348964554257404	0.0328728655805201	0.00699762940266029	0.00893608597883148	0.00632442694917089	0.00474185766933734	0	0	0	0	0	0	0	0	0	0	0	0	0	0	0	0	0	0	0	0	0	0	0	0
2025-09-14	0	0	0	0	0	0	0	0	0	0	0	0	0	0	0	0	0	0	0	0	0	0	0	0	0.0193186066940767	0.0193540674224131	0.0172802192736666	0.0170471066098435	0.0630392824846483	0.063634048833743	0.0626910133824373	0.0616356552991713	0.110120919951419	0.108891646856458	0.110478964406839	0.106508468785284	0.143808245520093	0.144379663288888	0.140804801470909	0.14100728972011	0.164806434612572	0.163524889410559	0.162437149056847	0.162231526920022	0.170742337394858	0.173292055206446	0.17204467472575	0.172920932672946	0.17034480437221	0.170781154764768	0.171163549271427	0.168710491591595	0.157515160569627	0.156340627214926	0.158039448217752	0.159104763997695	0.134378078907519	0.133199135353323	0.133313859052902	0.134108926686256	0.0989897891326366	0.0985439003395321	0.0957029772941183	0.0997633332337129	0.0519327281054153	0.0521056156460444	0.0523485892130049	0.0536130670355354	0.00958401079919143	0.0104279733566648	0.00692874687463231	0.0090592689695115	0	0	0	0	0	0	0	0	0	0	0	0	0	0	0	0	0	0	0	0	0	0	0	0
2025-09-15	0	0	0	0	0	0	0	0	0	0	0	0	0	0	0	0	0	0	0	0	0	0	0	0	0.0198908089770967	0.0208251069833183	0.0199028683581741	0.0193812156814109	0.0697079882049534	0.0651562748742816	0.0691046571992753	0.0680310797214896	0.112225011796173	0.112349654321634	0.112021199892255	0.112404133989937	0.144376375971712	0.144405812168966	0.146130007931069	0.147087803928252	0.165662652646457	0.166641678892586	0.165523593813141	0.166172074647816	0.174142629630582	0.17294713096649	0.176768346504118	0.175141892898809	0.174195087861194	0.171953485569362	0.173204461880578	0.170646964688867	0.158635881305096	0.158507292486909	0.161165937937336	0.158690888270658	0.135258649384179	0.134749046807509	0.135165212115014	0.133827091693299	0.0987161702523646	0.101231634833174	0.0956624745243554	0.0983897203901062	0.0541763669191993	0.0514666913650047	0.0515619535822677	0.0517949881335283	0.00920326602455658	0.00775539907632333	0.00921271448448834	0.00782862041463175	0	0	0	0	0	0	0	0	0	0	0	0	0	0	0	0	0	0	0	0	0	0	0	0
2025-09-16	0	0	0	0	0	0	0	0	0	0	0	0	0	0	0	0	0	0	0	0	0	0	0	0	0.0172543298949953	0.0181531343345964	0.0158108085251374	0.0167817272452709	0.0607821606389891	0.0629231646984514	0.0628268118795498	0.0614678627830098	0.106565089656189	0.103898735183867	0.105483139042084	0.107053036117859	0.141572126187133	0.139987495149932	0.140402942499835	0.141037436163099	0.161960325998665	0.162204458749352	0.160995317329149	0.162839897922834	0.169263844937279	0.17099499438828	0.169284962715236	0.169456197959205	0.162177102801153	0.16087249498648	0.159423177047445	0.159527225164922	0.135010592862474	0.135510368790592	0.135173554957435	0.135305483389499	0.119139428715414	0.115450573055181	0.117716386686802	0.117693611542603	0.0832793072079088	0.0819385142194646	0.0844999508269182	0.0832822277457084	0.0344185986913124	0.0360565142928701	0.0338344555346758	0.0366904314811417	0.00580069656742177	0.0050762935963218	0.00341940275818294	0.00470360707807349	0	0	0	0	0	0	0	0	0	0	0	0	0	0	0	0	0	0	0	0	0	0	0	0
2025-09-17	0	0	0	0	0	0	0	0	0	0	0	0	0	0	0	0	0	0	0	0	0	0	0	0	0.0142464146899392	0.0180164795384948	0.0159341087317249	0.0128029970398411	0.0595021864263252	0.0600589834232067	0.0609776388724388	0.0604611912780293	0.106619467141654	0.106827983717637	0.105891602566492	0.103660946574217	0.140534806236551	0.140364605688107	0.140677994926933	0.138422593148409	0.160433224124353	0.164474311038897	0.162442821443611	0.161649643393138	0.172569723803041	0.173964122277315	0.171661071037809	0.171805082881835	0.168736208217826	0.169449895422968	0.168684034685075	0.170129861674131	0.155281722482688	0.155844187951227	0.154642430687035	0.15423165887905	0.127815808691219	0.130555993571145	0.127204204999567	0.132423992738069	0.09274070296649	0.0928202536412555	0.0940721230697284	0.0943669203225262	0.047185030367736	0.0477798472808301	0.0489940830173381	0.0500410393340958	0.00574363254880024	0.00755119881521408	0.00616660738069509	0.00853856125529059	0	0	0	0	0	0	0	0	0	0	0	0	0	0	0	0	0	0	0	0	0	0	0	0
2025-09-18	0	0	0	0	0	0	0	0	0	0	0	0	0	0	0	0	0	0	0	0	0	0	0	0	0.0146639288881561	0.0122677399705501	0.0131046065651653	0.0129637245761284	0.0476488062329517	0.0494882655641761	0.0446507846932141	0.0492121435096581	0.0831707239702897	0.0864124806022418	0.0831692243132216	0.082247571114247	0.116066712178097	0.116314066041788	0.113230640685193	0.113388581094922	0.136659622108704	0.136035877526527	0.135495575874971	0.136808924489798	0.14505307454775	0.144888893834251	0.145799261533061	0.145258770084939	0.140112246088684	0.137795852762637	0.140649656261043	0.140442244887637	0.120559398951891	0.119695252984097	0.118797886838194	0.119947461225818	0.0873155391501081	0.0888906870250144	0.0907523189859223	0.0870414548389552	0.0587362923506036	0.0566129281296241	0.0561499075690143	0.055500871950758	0.0269385118326657	0.0265147448075028	0.025062012178009	0.0274847311818224	0.00284264695249609	0.00246717352312949	0.0042829525517326	0.00240722697264181	0	0	0	0	0	0	0	0	0	0	0	0	0	0	0	0	0	0	0	0	0	0	0	0
2025-09-19	0	0	0	0	0	0	0	0	0	0	0	0	0	0	0	0	0	0	0	0	0	0	0	0	0.0184185702817212	0.0174172459141807	0.0165013422836294	0.0166628415204687	0.062584370814822	0.0691405222529482	0.064691950460067	0.0655831564721628	0.105046772215805	0.105876281469841	0.105300701097793	0.106776245216561	0.141552141954415	0.138221333021556	0.141584604996128	0.139641920027902	0.163641406224849	0.1640736332358	0.169088358879674	0.164196601659678	0.175115180255848	0.17545476233989	0.175457809392258	0.174972248012004	0.174467629731488	0.17281884886465	0.17145635777539	0.173257163628472	0.158554666610401	0.161551187609241	0.157373772294911	0.160520373485448	0.137465386321078	0.1342671233845	0.132375840877154	0.133891649417267	0.099578039249116	0.0970020340240924	0.096233415237001	0.0971865114897906	0.0514878792535635	0.0528188667091661	0.0509834093887367	0.0497098446485337	0.00500826459369096	0.00629096249664265	0.00726180080811174	0.00843897210155465	0	0	0	0	0	0	0	0	0	0	0	0	0	0	0	0	0	0	0	0	0	0	0	0
2025-09-20	0	0	0	0	0	0	0	0	0	0	0	0	0	0	0	0	0	0	0	0	0	0	0	0	0.00776854331194913	0.0106315256453583	0.00629049141344564	0.0083094396292469	0.0362802652660307	0.0367417179428511	0.0371373350780806	0.0378406817130376	0.077250000512127	0.0769824069402018	0.0768820415123601	0.0778855510353111	0.119575868688038	0.119264004338204	0.120044835586929	0.120115291386829	0.149180603373453	0.146580770696185	0.146391314818651	0.147847311111711	0.162783087873749	0.160113066649245	0.161547186783023	0.162556658693983	0.157661839335208	0.158286296703451	0.16076310467047	0.157288759290871	0.141068290296665	0.139609606394596	0.142218304158656	0.140103799150083	0.116023599792588	0.115709582801653	0.114726761971246	0.117540055434513	0.0871763442850243	0.0838774128082892	0.0866778601756867	0.0812683827309997	0.0408803213078691	0.0410577785526495	0.0409482217620071	0.0411136783774744	0.00547661861860945	0.00356734519826685	0.00508633361042747	0.00286970257269623	0	0	0	0	0	0	0	0	0	0	0	0	0	0	0	0	0	0	0	0	0	0	0	0
2025-09-21	0	0	0	0	0	0	0	0	0	0	0	0	0	0	0	0	0	0	0	0	0	0	0	0	0.00860619811317068	0.0090120389538654	0.0093469320688896	0.00603483086407432	0.0416041748064041	0.042182418396911	0.042853676620822	0.040359730175863	0.0756023718073281	0.0737523244892876	0.077438415900555	0.0772068878028293	0.0984581908970378	0.095692184000091	0.0955575211942947	0.0962921039085766	0.10033866270071	0.102185442757569	0.100121692026471	0.0993542025152491	0.0788700601109427	0.0826601961580216	0.0802313854146798	0.0802383583163559	0.0647603166227824	0.0658303306309385	0.0664855875807051	0.065923765165574	0.0636246975149172	0.0616804019911557	0.0625851220924953	0.0621097784014317	0.0664082043944378	0.0653514839111243	0.0666290467414652	0.0666112649529727	0.0668282671988846	0.0680554156784373	0.0673675536142578	0.0697487635084204	0.0329639087245767	0.033603125756844	0.0362568267114625	0.0341761388071168	0.00399208437695779	0.0015190898654944	0.00414003508498373	0.00334879067256408	0	0	0	0	0	0	0	0	0	0	0	0	0	0	0	0	0	0	0	0	0	0	0	0
2025-09-22	0	0	0	0	0	0	0	0	0	0	0	0	0	0	0	0	0	0	0	0	0	0	0	0	0.0157076863433919	0.0134015541457884	0.016268110940766	0.0156226485700538	0.066202558407406	0.0668684531291336	0.0679083282941001	0.0680206601693603	0.117186830460193	0.115656640216028	0.114972999765298	0.116183529558481	0.152048163732367	0.152852784100479	0.1508662007604	0.148232851406753	0.173460287493431	0.174599557343279	0.173417786157804	0.173522369005485	0.182429697315808	0.183900436541833	0.183973833506668	0.182696032635691	0.181595227793828	0.183265881710935	0.181144082229726	0.182994808265511	0.168454070128378	0.168949820492511	0.169136406401584	0.167459702977527	0.143887935553377	0.143100722516854	0.14067119134657	0.144340150583199	0.103976341711316	0.104281392816149	0.105120918458393	0.103621347014142	0.0551779275177545	0.0548900030742268	0.0547705428724635	0.0551615265355552	0.00637342664162531	0.00644861017297479	0.0049557976925867	0.0072221654928132	0	0	0	0	0	0	0	0	0	0	0	0	0	0	0	0	0	0	0	0	0	0	0	0
2025-09-23	0	0	0	0	0	0	0	0	0	0	0	0	0	0	0	0	0	0	0	0	0	0	0	0	0.0176428758925357	0.0179598988332928	0.0149734967399386	0.0154237285342329	0.0660125062172866	0.0630686851898058	0.0652464874873762	0.0636723211055314	0.110603006800231	0.109316766309571	0.11020957572076	0.109870651169438	0.143026338262885	0.144169153447403	0.143475592187466	0.144328916102246	0.16098087678746	0.160847170948865	0.158602569288066	0.160569382975609	0.148259289083089	0.149267487833322	0.148954107387361	0.151519115696229	0.119915109287982	0.118911089890716	0.118758279126582	0.118415521694719	0.107836787425141	0.108631587412012	0.107826827999253	0.108704797163595	0.0855067532533943	0.0864426761649811	0.0834740462053984	0.0865765243762263	0.0511397913129506	0.0491877472307585	0.0504375411448626	0.0502349203114283	0.0211461882570224	0.0208197479694872	0.0200175702357921	0.0210164935376983	0.0018976726404523	0.00195800072993779	0.00165077187094039	0.00149355475866952	0	0	0	0	0	0	0	0	0	0	0	0	0	0	0	0	0	0	0	0	0	0	0	0
2025-09-24	0	0	0	0	0	0	0	0	0	0	0	0	0	0	0	0	0	0	0	0	0	0	0	0	0.00730562504891519	0.00425120684003889	0.00760307367120173	0.00684009443984419	0.0382666499351475	0.0367841322641091	0.0398825554027083	0.0370666623980351	0.0823531303514957	0.080208324467136	0.0835772754930107	0.0808612696883576	0.127232324257172	0.129019086230327	0.125288205389279	0.126460384123222	0.167207811211612	0.164055558263874	0.164306077472724	0.166430553051791	0.159928867053061	0.158853261415515	0.160124188541549	0.161093682989875	0.164304534764555	0.165296103736282	0.168236819400013	0.167162542099149	0.159081180135902	0.15933144261988	0.159970336182407	0.158617041061811	0.140048711665315	0.138241720135162	0.140744147868302	0.137965420331221	0.102712041445542	0.102959404255212	0.100767235698134	0.102561318601111	0.0505155046535441	0.0539027445725293	0.051772883181448	0.0528088675924787	0.00567597740476031	0.00556407677708329	0.0045632328541891	0.0041967129639673	0	0	0	0	0	0	0	0	0	0	0	0	0	0	0	0	0	0	0	0	0	0	0	0
2025-09-25	0	0	0	0	0	0	0	0	0	0	0	0	0	0	0	0	0	0	0	0	0	0	0	0	0.0116353333926268	0.0114347939519018	0.0127103251565837	0.0142195474988876	0.0597267582915399	0.0593701946021286	0.0622031010332086	0.0586999460731229	0.0990248740075548	0.0998242507752219	0.0977315653380773	0.101419309879146	0.114161184968963	0.113782498360042	0.113471655212337	0.115584661458659	0.128674160641893	0.129311170902095	0.132773355608262	0.12824131284775	0.134203594717489	0.132918178208002	0.134847977827934	0.135030249246575	0.123994582789794	0.125390831963316	0.122512142282468	0.124102442964422	0.105734893608457	0.106338245078657	0.105076517597278	0.104850343715608	0.080799220115936	0.0801877990553686	0.079003663553855	0.0790093172748404	0.0640357442004419	0.065940060304322	0.0624575045579616	0.0645666909372745	0.0292861135982156	0.028803207248739	0.0264623382313757	0.0294483409216697	0.00339338038902894	0.00177245461183066	0.00120894393482288	0.00262522106431751	0	0	0	0	0	0	0	0	0	0	0	0	0	0	0	0	0	0	0	0	0	0	0	0
2025-09-26	0	0	0	0	0	0	0	0	0	0	0	0	0	0	0	0	0	0	0	0	0	0	0	0	0.0151572447766527	0.0135923538898066	0.0146245391183193	0.0136258622152214	0.0659525395370117	0.0635435451061666	0.0640213626806596	0.0644825526761622	0.116083145432294	0.112939633622989	0.114987723376783	0.115989497567934	0.150085506038074	0.149627715380154	0.15297205357678	0.150314725004992	0.171476244671043	0.172674556406367	0.172872622562698	0.173976576359892	0.182514863411806	0.183499894455638	0.180795381642867	0.18218986048969	0.179710534487976	0.179453143107627	0.180488272861569	0.180348049542829	0.167509344771017	0.165393451445776	0.164915577861918	0.167181625921288	0.137478867422877	0.14147405050032	0.141297979772234	0.140749102304569	0.101549233129167	0.100550606276547	0.100499525771253	0.101400634823032	0.048682698638985	0.0513738955240642	0.0515661449851594	0.0533772608517914	0.00292475368772189	0.00408780437335187	0.00327889408934403	0.00570854784958222	0	0	0	0	0	0	0	0	0	0	0	0	0	0	0	0	0	0	0	0	0	0	0	0
2025-09-27	0	0	0	0	0	0	0	0	0	0	0	0	0	0	0	0	0	0	0	0	0	0	0	0	0.00636702448255128	0.00802260049156012	0.00774518989915199	0.00786518512673661	0.0414416821704109	0.0407037035358565	0.0423762427836367	0.0414783715100959	0.0848567321922348	0.0866418774748878	0.0846210292831109	0.0848803610497665	0.120567774015222	0.12209397152332	0.122343225412977	0.12099502904848	0.131254723365059	0.137777077436204	0.133596731332782	0.134371467865955	0.142114759441362	0.142910131800535	0.141964067329028	0.141011041429074	0.139957006603454	0.139518929135238	0.142492329769216	0.140031734492092	0.137475754833979	0.135980788577091	0.134867876569563	0.134675580019367	0.116843232037752	0.11677852429689	0.116023541441397	0.115354702223962	0.0834179412428553	0.0835976297269513	0.082481703569942	0.0855027254602514	0.041262569834309	0.040365879188114	0.0388219247135714	0.0365496262640056	0.00328824282684659	0.00356088493509131	0.0015372328590751	0.001613639378987	0	0	0	0	0	0	0	0	0	0	0	0	0	0	0	0	0	0	0	0	0	0	0	0
2025-09-28	0	0	0	0	0	0	0	0	0	0	0	0	0	0	0	0	0	0	0	0	0	0	0	0	0	0	0	0	0.00809568265969523	0.00738497521800761	0.00739447699497507	0.0131248651273221	0.0401170026322519	0.0386418231178475	0.0380176943089552	0.0382234799409455	0.0808541438020061	0.0801707261132201	0.0796485756778001	0.0793265544069736	0.109323623524163	0.108146083513648	0.112750449973405	0.109779842988784	0.1208885015308	0.120704065003387	0.119759224072423	0.12164820939339	0.121672368740247	0.119735065833142	0.11943623821589	0.121156327210722	0.0883423163230064	0.0843135805456007	0.0846245655020824	0.0847195376293106	0.0584823180831027	0.0602828107968225	0.0558800698054376	0.0573548013146372	0.0274387605508977	0.0273255995118149	0.0266388412688212	0.0285967986684662	0.00756121288863875	0.00766012791356689	0.00646272583713247	0.0073159333606619	0	0	0	0	0	0	0	0	0	0	0	0	0	0	0	0	0	0	0	0	0	0	0	0	0	0	0	0
2025-09-29	0	0	0	0	0	0	0	0	0	0	0	0	0	0	0	0	0	0	0	0	0	0	0	0	0.00970521020556016	0.00939083522698154	0.010664840574121	0.00523911399333733	0.0476007504643847	0.0446591649966043	0.0470217439803619	0.0467183405586491	0.0814003799671133	0.0802191390109625	0.0826139837348736	0.0817664972870506	0.104216355526359	0.104951691361001	0.0996184015770197	0.103213551535621	0.117722994497724	0.118844794121298	0.116882227432879	0.118549983948099	0.124600523069501	0.125567156628496	0.125451239407525	0.127381080894478	0.115622698636942	0.115525179358975	0.118367500672475	0.116484621331608	0.0967668235321109	0.0980911661876484	0.0972286752930802	0.0979133349871604	0.0832446668660686	0.0839761454030581	0.085824581133001	0.0829546065978723	0.0596181868766249	0.0565937226704406	0.0591520412365938	0.0586360492163407	0.0273977671542212	0.0260651289721016	0.0260886643318742	0.023448439541803	0.000112338311660343	0.000954868182421388	0.000129239821838202	0.00180355368408007	0	0	0	0	0	0	0	0	0	0	0	0	0	0	0	0	0	0	0	0	0	0	0	0
2025-09-30	0	0	0	0	0	0	0	0	0	0	0	0	0	0	0	0	0	0	0	0	0	0	0	0	0.00726448139258124	0.00724203585907574	0.00590503052890084	0.00758845221944219	0.0469247604164798	0.0472071303790008	0.0451800370348581	0.0466880721696613	0.0965651148389913	0.0945517213384825	0.0914234180817532	0.0934597457407729	0.134628855328309	0.133293939525516	0.135006939117077	0.135070266029097	0.160353457232248	0.158810593814229	0.16146408254276	0.160371866410763	0.174542386211746	0.170718805780255	0.17211168018797	0.171627127820028	0.169376831253594	0.1698373793273	0.17512005293364	0.168665736485466	0.158062977514621	0.155946273461357	0.156547788414725	0.155442960609296	0.126345682245745	0.126890200674762	0.126045055464504	0.125719061614989	0.0826455666902871	0.0803133790072653	0.0806616995228506	0.079379354779597	0.0364746641982391	0.0352692759629712	0.0345326594444394	0.0367234003943504	0.0014459091211882	0.000852272331099755	0.000655483824675721	0.00104633472303632	0	0	0	0	0	0	0	0	0	0	0	0	0	0	0	0	0	0	0	0	0	0	0	0
2025-10-01	0	0	0	0	0	0	0	0	0	0	0	0	0	0	0	0	0	0	0	0	0	0	0	0	0.0063300441028113	0.0103599189040912	0.00478669676209873	0.00652334023099883	0.0474172329623209	0.0483544035013151	0.0478473058054519	0.0453810577309121	0.0941469743962816	0.0933730185199156	0.0909465090066272	0.0935334980771757	0.129771346179995	0.128755924209479	0.130886984970991	0.129585744639535	0.157922443604457	0.157870570929799	0.158533513198203	0.157673472267541	0.163529270322827	0.164132140489175	0.163754590980213	0.165583998207785	0.157396830750928	0.155980275258796	0.156477579811278	0.155145314178997	0.13804936561767	0.139746202728121	0.135157195279638	0.139047236374571	0.120339573135911	0.12240512833262	0.122256518779831	0.122998779751639	0.0865870354237578	0.0875704367117303	0.089043984641954	0.086798543222558	0.0393174735866241	0.0381614103495448	0.039995941547022	0.0395251745168091	0.00141878221009753	0.00203693140168386	0.000371583770252188	0.000172702617966421	0	0	0	0	0	0	0	0	0	0	0	0	0	0	0	0	0	0	0	0	0	0	0	0
2025-10-02	0	0	0	0	0	0	0	0	0	0	0	0	0	0	0	0	0	0	0	0	0	0	0	0	0.00451011730878265	0.00547938714719906	0.00437753257847544	0.00463296296554285	0.0339567822102281	0.0322585169944407	0.0333016272324185	0.0334830735629127	0.0650476100253987	0.0649301718295039	0.0670324223935995	0.0639897957514979	0.100823584095665	0.100585930795177	0.0987673255929131	0.101823159516245	0.115361910454254	0.111526716358796	0.112793703661484	0.114317669525465	0.13405026238214	0.134176411954656	0.136127686049083	0.134645639614121	0.126044133185112	0.124320420616969	0.125404858943488	0.124230587254431	0.113285127786899	0.113627724765761	0.111759695643459	0.113327451803881	0.0833624248360682	0.0841045134254718	0.0815988822067386	0.0789341795317214	0.0615759743323685	0.0622844094461549	0.0606523235825683	0.0614872926389083	0.0247568715938996	0.0238159265517457	0.0235328510363294	0.0248943508180253	0	0	0	0	0	0	0	0	0	0	0	0	0	0	0	0	0	0	0	0	0	0	0	0	0	0	0	0
2025-10-03	0	0	0	0	0	0	0	0	0	0	0	0	0	0	0	0	0	0	0	0	0	0	0	0	0.00136350824593755	0.00190832618673644	0.00314525779012862	0.00258290777719739	0.0329679336170112	0.0329085336332264	0.0342958267949593	0.0328277059548032	0.0729654515120731	0.072576244699524	0.0708407960236793	0.0736175077647236	0.11010961871018	0.113159622677974	0.11090214146999	0.111828617141856	0.120584914933724	0.119147890168764	0.116664936092539	0.119602258804973	0.104537231818561	0.103790927617201	0.102066592349526	0.102605248214712	0.0644834055092005	0.0661510553809799	0.0651061201674075	0.0662594189424121	0.062925285484615	0.0632505938909276	0.0676345824647442	0.0641895381597133	0.0508745653026646	0.0518959899142431	0.0522794188909948	0.0519500258920975	0.0416763239824388	0.0425370507360393	0.0443962274721594	0.0433903978093624	0.0206336799095096	0.0220457761088318	0.0197861649647431	0.0215343790169155	0	0	0	0	0	0	0	0	0	0	0	0	0	0	0	0	0	0	0	0	0	0	0	0	0	0	0	0
2025-10-04	0	0	0	0	0	0	0	0	0	0	0	0	0	0	0	0	0	0	0	0	0	0	0	0	0.00368365963065601	0.00519077783378893	0.00546352927687725	0.00566203325867781	0.0566310939894463	0.0535760429470352	0.0538496227562652	0.0529432403072533	0.105601828594559	0.105334334484244	0.105325756833481	0.103738080087717	0.13363399692007	0.134721931624999	0.135030939556285	0.132613131898647	0.159343589415508	0.155410965606603	0.157376483527582	0.154868961450307	0.173464263608797	0.171693392285954	0.171554534206656	0.170287809898593	0.169531147346511	0.168524669384456	0.171240115036251	0.170704068232782	0.150901289950814	0.156396001242941	0.154928062692596	0.156774646113649	0.13200036061272	0.132428429520134	0.129152780621166	0.13041842924598	0.0914312002963418	0.0916637062410971	0.0937081054682273	0.0921969879943337	0.0421205693948443	0.0442546752906	0.0427413145649317	0.039883440749624	0.00140064129435213	0.000165782789671974	0.00119724754255007	0.000236328373425826	0	0	0	0	0	0	0	0	0	0	0	0	0	0	0	0	0	0	0	0	0	0	0	0
2025-10-05	0	0	0	0	0	0	0	0	0	0	0	0	0	0	0	0	0	0	0	0	0	0	0	0	0.00267230657883932	0.00258241966112659	0.000542696858465872	0.00120257690156822	0.0221177089463486	0.0223322977780318	0.0206393593165606	0.024910633959059	0.0541642379918517	0.0507577741564599	0.0511902168564605	0.0508877709952279	0.09034592232613	0.0906612249304999	0.0893994110054818	0.0905934417378883	0.118574716264371	0.118736533250232	0.118244036805326	0.120444713680072	0.13235094560743	0.129081983641089	0.131034406247285	0.129532664504197	0.132781198113541	0.131609390764711	0.133159539562086	0.135449871559663	0.12915769818299	0.12858609788777	0.129288744462088	0.125967459467153	0.106355848369822	0.107992847567637	0.107697664912817	0.103953639149724	0.0744309958367047	0.0785198454396629	0.0752978027629674	0.0757513559606649	0.0366739194368772	0.03740770008019	0.0374209624111461	0.0374974180717867	1.58526453851799e-05	0.00048710111461447	0.00103929939493791	0.000457746845062445	0	0	0	0	0	0	0	0	0	0	0	0	0	0	0	0	0	0	0	0	0	0	0	0
2025-10-06	0	0	0	0	0	0	0	0	0	0	0	0	0	0	0	0	0	0	0	0	0	0	0	0	0.0040608621737291	0.00449300969963315	0.00637507978846625	0.0070710483381715	0.040991820468418	0.0408278287491709	0.0396546131635688	0.0405257376188423	0.0784266852436681	0.0788769352013498	0.0770317716946425	0.0776646078603397	0.106804214471513	0.105925825278997	0.104383817758694	0.102886142490797	0.141920502968332	0.139038399296889	0.141360331925052	0.141680765809727	0.153188816254241	0.157114873401515	0.155060551492287	0.156635758851957	0.142406141337588	0.143039238345466	0.144060687127983	0.140493933188963	0.127888587433668	0.126122952240713	0.127849860858502	0.125138599467117	0.11763596456705	0.119754462633444	0.120692743744144	0.116916829055362	0.0883776513352664	0.0894642774120331	0.0910813420698779	0.0890767291828226	0.0451173755820508	0.045487220919799	0.0454102480649896	0.0409851554331607	0.000990619351940546	0.000274794485839972	3.33262356086063e-05	0.000701259926610876	0	0	0	0	0	0	0	0	0	0	0	0	0	0	0	0	0	0	0	0	0	0	0	0
2025-10-07	0	0	0	0	0	0	0	0	0	0	0	0	0	0	0	0	0	0	0	0	0	0	0	0	0.00577809312416509	0.00781402696081145	0.00632593375011912	0.00808194616490435	0.0566629021160797	0.0536901647947122	0.0532327520900808	0.0564141809991273	0.101846483411459	0.103733954766711	0.105305332138513	0.104114229683316	0.138569328558888	0.137939140219048	0.135795988892454	0.13869554232961	0.153485943308591	0.156041795981651	0.155142962285549	0.154329298424209	0.155053973234917	0.157138182419723	0.157932631488585	0.158875212856775	0.152649698956498	0.152577650450358	0.150394991395918	0.152377659197227	0.134199439034373	0.133313520010741	0.133922796928011	0.135564244026875	0.106341630228567	0.105438712394218	0.105376508439643	0.108843148937572	0.0674906282552979	0.0670295742379775	0.0669697925118803	0.0695100049948443	0.0305609226139098	0.0304575143196963	0.0305248411088586	0.0304567219575353	0	0	0	0	0	0	0	0	0	0	0	0	0	0	0	0	0	0	0	0	0	0	0	0	0	0	0	0
2025-10-08	0	0	0	0	0	0	0	0	0	0	0	0	0	0	0	0	0	0	0	0	0	0	0	0	0.00231286077296863	0.000745167664447348	0.000678511162199067	0.00326346040038495	0.0318567057310133	0.0303207142811532	0.031564333842854	0.0312582461449795	0.085427020764703	0.0844278980968045	0.0859741035581153	0.0851709775803772	0.130597933500494	0.128670954120173	0.128442195494048	0.129288916885285	0.15388573441777	0.15447729866376	0.153905888847387	0.151731078071083	0.160904504932867	0.16331994927087	0.161319723208952	0.163455822587311	0.163946594435394	0.162295404961609	0.16114811828253	0.164609882320467	0.153320548979768	0.153701697464001	0.155121678085464	0.152856075470767	0.125010955995081	0.12512353231633	0.126893618677565	0.125971893011024	0.0537880238964223	0.0563437980263684	0.0570056991500142	0.0558624789271951	0.00995598661469379	0.0106363639677051	0.011349385598373	0.00905826381922821	0	0	0	0	0	0	0	0	0	0	0	0	0	0	0	0	0	0	0	0	0	0	0	0	0	0	0	0
2025-10-09	0	0	0	0	0	0	0	0	0	0	0	0	0	0	0	0	0	0	0	0	0	0	0	0	0	0	0	0	0.00573944335660516	0.00267596631137029	0.00483838644989439	0.00274620388213017	0.0122252305690583	0.0124120250645297	0.0128105242305476	0.0135522201358645	0.022210182160342	0.0213942042026632	0.0229811537709936	0.0214144598660012	0.0321779449025872	0.0332672827819925	0.0328397667603367	0.0347150055550836	0.0463541939609868	0.045539321224595	0.0474395671821645	0.0486669176322537	0.0542212476816713	0.0494342695300035	0.0531521174700913	0.0541923653182339	0.0497161342722299	0.0524621867014351	0.0516989781503598	0.0511227008759752	0.0439867231360864	0.0460528758113216	0.0446907944559541	0.0462696065966379	0.0321336286817742	0.0311943005559461	0.0335617509346515	0.0321103198276281	0.00868375183926184	0.0140680740328315	0.0138545467680412	0.0133936273598654	0	0	0	0	0	0	0	0	0	0	0	0	0	0	0	0	0	0	0	0	0	0	0	0	0	0	0	0
2025-10-10	0	0	0	0	0	0	0	0	0	0	0	0	0	0	0	0	0	0	0	0	0	0	0	0	0.00675849110253535	0.00412907155671517	0.00261898868850835	0.00449344865224112	0.0483810211976867	0.0479183096460735	0.0491027874334189	0.0485978817228209	0.100834246569683	0.102425413664875	0.10067754784123	0.101062791924212	0.141193336065454	0.140008335830891	0.14043614651009	0.135362181593565	0.16219279368545	0.16222351107017	0.162403128474669	0.162180566769712	0.171423650364785	0.172346649320942	0.172186947267669	0.174042753046604	0.16919383490972	0.171830705890379	0.170913729496424	0.170061729703477	0.152801920080818	0.151059411019238	0.154235145488536	0.150903523411409	0.123718621585542	0.126891061962359	0.123068662834168	0.123321653617932	0.0861229652180334	0.088722045096111	0.0864058420591026	0.087749147626753	0.0374376169550751	0.0376231032825805	0.0361199973239295	0.0368192824384149	0	0	0	0	0	0	0	0	0	0	0	0	0	0	0	0	0	0	0	0	0	0	0	0	0	0	0	0
2025-10-11	0	0	0	0	0	0	0	0	0	0	0	0	0	0	0	0	0	0	0	0	0	0	0	0	0.00307659556291068	0.00209900993167386	0.001435228589769	0.00138916591564646	0.0269602785873941	0.0256951421633179	0.0276593537752111	0.0266852254740769	0.0532025404334269	0.0571137720365674	0.0558207472102951	0.0558629403197106	0.0887395410433562	0.0867791616084193	0.0861093179349259	0.0863719794132985	0.109636796670184	0.10943244720095	0.111082357937735	0.110848398191132	0.115175966971771	0.116771315188309	0.115715882278012	0.116336835561908	0.109191348101275	0.110009846781308	0.109189754926353	0.110609050191064	0.0922591707278565	0.0940712859005397	0.0930695923358402	0.0945999510357636	0.0691614490760099	0.070809268434887	0.0688191078181328	0.0662101746709703	0.042492266874457	0.0401278674437608	0.0408724337757119	0.0385074319060703	0.0131199541951834	0.0140472062299718	0.0115242918386168	0.015308547736228	0	0	0	0	0	0	0	0	0	0	0	0	0	0	0	0	0	0	0	0	0	0	0	0	0	0	0	0
2025-10-12	0	0	0	0	0	0	0	0	0	0	0	0	0	0	0	0	0	0	0	0	0	0	0	0	0	0	0	0	0.0119943853679851	0.0131134163080526	0.0126453458205999	0.0122468525033624	0.0329950779364942	0.0356540062024321	0.0329010924539287	0.0344498234071451	0.0638658841383741	0.0599584905551465	0.0603732546874291	0.0598023706190503	0.0832621480305004	0.0797665461744043	0.0793223462532399	0.0796489595418554	0.0926605306466947	0.0938302105658178	0.0920688005928426	0.0914404581946449	0.0942417395361133	0.0961532632141474	0.0957847967052668	0.0958202005444725	0.0819384021644036	0.0874303817404104	0.0865459431675414	0.0880852729276446	0.0673844937074891	0.0661698612601156	0.065499517563202	0.0679461274691932	0.0369951423847458	0.0389696610182396	0.0364958372491997	0.0385393593478149	0.0106786821205853	0.0109086192299609	0.0114728953449055	0.0109398033045483	0	0	0	0	0	0	0	0	0	0	0	0	0	0	0	0	0	0	0	0	0	0	0	0	0	0	0	0
2025-10-13	0	0	0	0	0	0	0	0	0	0	0	0	0	0	0	0	0	0	0	0	0	0	0	0	0.000345412215051498	3.53677697787359e-06	0.000578685827090674	7.23651808799544e-05	0.0250720300042855	0.0235034043797714	0.0237191423973348	0.0257054232186083	0.067725009824824	0.0641221772908644	0.0646156883632353	0.0645371245210763	0.104302027458254	0.103823857274653	0.103106593141266	0.103767522125827	0.12457040637409	0.124136551715065	0.125520268800873	0.126772773109972	0.122798007648598	0.123465400709382	0.122584332589423	0.121152259052597	0.101941726810638	0.100996804635156	0.102207724768489	0.101853743785718	0.0617021479117243	0.063812250375799	0.0619340568041076	0.0615515449083691	0.0268180953659955	0.0251600994245497	0.0290278521749381	0.0269939530345168	0.0113772755143283	0.0119088727631237	0.0129502751432518	0.0117635765792962	0.00206672001486522	0.00153018570466521	0.00150284352448523	0.00190025075598435	0	0	0	0	0	0	0	0	0	0	0	0	0	0	0	0	0	0	0	0	0	0	0	0	0	0	0	0
2025-10-14	0	0	0	0	0	0	0	0	0	0	0	0	0	0	0	0	0	0	0	0	0	0	0	0	0	0	0	0	0.0120048219232445	0.0110882170694756	0.0115409979673783	0.0123659630399016	0.0309182226027377	0.0330177977026081	0.0358158558459615	0.0342481238486927	0.0570056111309171	0.0571595176714459	0.0573785486347891	0.058456322562848	0.0754672796072548	0.077741722000182	0.0762901502382568	0.0735008481543064	0.0809637764335159	0.0810797565663266	0.0819615357429136	0.0819949312572439	0.076557080079451	0.0774130570011088	0.0762952885429136	0.0777345743765266	0.0694065128770657	0.0699062330985084	0.0701830830896972	0.0695041709347286	0.0652861785203679	0.0621237299433098	0.0619380206505318	0.0626520708857905	0.0409677517725644	0.0425433284355247	0.0419103863884977	0.0415785334034132	0.0151304839793267	0.0166467806869276	0.0143727661832481	0.0138499691504976	0	0	0	0	0	0	0	0	0	0	0	0	0	0	0	0	0	0	0	0	0	0	0	0	0	0	0	0
2025-10-15	0	0	0	0	0	0	0	0	0	0	0	0	0	0	0	0	0	0	0	0	0	0	0	0	0.00205706146218317	0.00257112884399837	0.00144470236571627	0.00292710732810219	0.0456647149761247	0.0417499591152171	0.0449731330199877	0.0436121928886705	0.0966084341794811	0.0968460709376392	0.0934577828245397	0.09508771205834	0.134929273298772	0.135591145538554	0.135649898808216	0.135829682354459	0.161191111621606	0.161033246453064	0.155004688938921	0.160770952986408	0.168950816688185	0.168203765074481	0.166866180656197	0.167979237581136	0.166244497699591	0.165786954009712	0.165749098780611	0.165219449510086	0.149767452511808	0.148990778487648	0.146552387277314	0.149689381723231	0.118406968382991	0.116170173191152	0.116392785950245	0.119030072475611	0.0656575771773707	0.0674517649002601	0.0690507786716601	0.0668398792507091	0.0221740976334951	0.0222308463704408	0.0197136580676698	0.0218813979283943	0	0	0	0	0	0	0	0	0	0	0	0	0	0	0	0	0	0	0	0	0	0	0	0	0	0	0	0
2025-10-16	0	0	0	0	0	0	0	0	0	0	0	0	0	0	0	0	0	0	0	0	0	0	0	0	0.00198773524094584	0.00139069449266195	0.0015354018305892	8.61684358030084e-05	0.0346658906451586	0.0352929285002276	0.0381203698194589	0.0359208110351549	0.0854783460532735	0.0819281970135879	0.0854315070989828	0.0841619498341559	0.1192697135172	0.119800507050695	0.118448495967593	0.120481283464512	0.133237474396026	0.129197916576551	0.132965350923541	0.131599258103882	0.136904356268262	0.136738544544824	0.138428358930175	0.13692874025674	0.127261958790622	0.128471285454117	0.127112906304545	0.128153849450715	0.0871531331619493	0.0877945870317597	0.0867873998055384	0.0862648800007526	0.0969327691390483	0.0958674544001465	0.0942576099775989	0.0939421664832063	0.0727816446453204	0.0695469076894141	0.0705304067289002	0.0671410409363654	0.0257340696295955	0.0256351486329121	0.0269155400033555	0.022715241734137	0	0	0	0	0	0	0	0	0	0	0	0	0	0	0	0	0	0	0	0	0	0	0	0	0	0	0	0
2025-10-17	0	0	0	0	0	0	0	0	0	0	0	0	0	0	0	0	0	0	0	0	0	0	0	0	0.000117318970758154	0.00055025161859826	4.68539397258414e-05	0.000285575470917746	0.0248730434095525	0.0249313338488519	0.0259658265603598	0.0242297961812358	0.0777009406080934	0.0791124569948772	0.0772388778354369	0.0769477245615925	0.111290444423989	0.115295995602139	0.111766598453949	0.111646961519923	0.121455088318424	0.121534489295987	0.122706201177283	0.124304221208306	0.117086540390473	0.119925814402597	0.117666036544181	0.116321608662748	0.11753994029888	0.117033989072048	0.116839389005315	0.116586681623757	0.090078963429611	0.0958566437879315	0.0940189914415928	0.0940454013408648	0.0720552035845608	0.0687921497032283	0.071508592278455	0.0726440544337559	0.0409579920289112	0.0409616677704251	0.0403232263679554	0.0427571138327083	0.016084275432626	0.0136874572288938	0.0154023676801038	0.0158258996583764	0	0	0	0	0	0	0	0	0	0	0	0	0	0	0	0	0	0	0	0	0	0	0	0	0	0	0	0
2025-10-18	0	0	0	0	0	0	0	0	0	0	0	0	0	0	0	0	0	0	0	0	0	0	0	0	9.70915966037719e-05	7.40156858614499e-05	0.000664402443221261	0.000164490274313517	0.0296739793522292	0.0279118843754255	0.0307334308345986	0.0316807054377466	0.0724237440974606	0.0717406536112738	0.0732503023121168	0.0725852999791488	0.119687153563531	0.118457340798877	0.118946443083433	0.122909062554158	0.153980316071207	0.147588330545973	0.153289147126351	0.152142206256469	0.161846367707304	0.16512515384497	0.164204336267174	0.164824142180552	0.161344595033578	0.160463018841575	0.16050934005208	0.160683046072767	0.146109609789026	0.145334852584373	0.146728773526742	0.14582676409986	0.122747364831047	0.118774737023832	0.122452152398988	0.122025745746132	0.0823791883844487	0.0790812841739166	0.0809413319672545	0.0795981954743802	0.0289784513181517	0.0296625735399401	0.0311189737738487	0.0312400013680595	0	0	0	0	0	0	0	0	0	0	0	0	0	0	0	0	0	0	0	0	0	0	0	0	0	0	0	0
2025-10-19	0	0	0	0	0	0	0	0	0	0	0	0	0	0	0	0	0	0	0	0	0	0	0	0	0.000450078075020875	0.000109549418259661	1.3196129216416e-05	0.000427176377503048	0.0286253332711046	0.0301745414467066	0.029842592826329	0.0283575324558598	0.0772386890109528	0.0773517496410997	0.0759952131233325	0.072414348224615	0.109413910123222	0.108747342090522	0.109010726917212	0.106828020869044	0.143625437064607	0.142543951412855	0.143604875323159	0.145225736199379	0.154107158961551	0.154312493646293	0.152955017266658	0.153625330125498	0.152612760390064	0.150640487840851	0.150032297478188	0.150714454290897	0.109551015049925	0.108625404040725	0.111334753301602	0.109488827607748	0.0557477104398191	0.0565373796801209	0.0530797107542656	0.0556351991257944	0.018051756594813	0.021525468277294	0.0195637976923206	0.0208589774355724	0.00485302593594287	0.00145796779486697	0.0100070382364398	0.00468196803275036	0	0	0	0	0	0	0	0	0	0	0	0	0	0	0	0	0	0	0	0	0	0	0	0	0	0	0	0
2025-10-20	0	0	0	0	0	0	0	0	0	0	0	0	0	0	0	0	0	0	0	0	0	0	0	0	0	0	0	0	0.011733545216465	0.0119313429142454	0.011730276791604	0.0116048350776857	0.0447755501878938	0.0451105500416801	0.0444632174134962	0.0436506823569299	0.0900717830136635	0.0900879929321926	0.0892111168276593	0.0936291072264846	0.107225249432284	0.106510428222808	0.11135483778778	0.106909484557128	0.128404643701536	0.128272236808389	0.128394330439631	0.129928789050444	0.134897184685987	0.134244297166506	0.133395962046513	0.134462556100994	0.137975944945078	0.138180727598086	0.142272043026023	0.136571284430813	0.0466034983225347	0.0461318500450022	0.0478483401742452	0.046416311458218	0.0120644995256622	0.0113878429807142	0.0119292006194561	0.0136184568741675	0.00952167944903154	0.00886722444625441	0.00904234577283743	0.00856875033187662	0	0	0	0	0	0	0	0	0	0	0	0	0	0	0	0	0	0	0	0	0	0	0	0	0	0	0	0
2025-10-21	0	0	0	0	0	0	0	0	0	0	0	0	0	0	0	0	0	0	0	0	0	0	0	0	0	0	0	0	0.0411195908707587	0.0415381162199338	0.0405160452384231	0.0418262476708844	0.098504279390858	0.0971918126013823	0.0955024015553576	0.0998015064524022	0.137718326734606	0.137030888809653	0.135653376837503	0.134597407618239	0.159103624080422	0.159942271929774	0.159512653732948	0.161441450256856	0.170466468268765	0.167732737638385	0.17151444337545	0.1702863507174	0.16729113887391	0.166410358932856	0.167181758995833	0.166116743197401	0.14815756180124	0.147930052084151	0.150939047678229	0.14797333843638	0.106339645911519	0.108567399080889	0.106541345842183	0.107551609165409	0.0585893426054525	0.058954651569471	0.0592841144554369	0.0611718913696396	0.0293452255991283	0.0312849109542629	0.0313532385651077	0.0310166248815011	0	0	0	0	0	0	0	0	0	0	0	0	0	0	0	0	0	0	0	0	0	0	0	0	0	0	0	0
2025-10-22	0	0	0	0	0	0	0	0	0	0	0	0	0	0	0	0	0	0	0	0	0	0	0	0	0	0	0	0	0.0413115167432599	0.0426021512922738	0.0391366285598469	0.0419497034046194	0.0940029232348703	0.0948756999817588	0.0938717309248148	0.0932496458585561	0.131918980966968	0.130865414399669	0.133811467644901	0.132404136988462	0.152483296722064	0.154742178959496	0.15463588705188	0.15313863726656	0.161193137787561	0.162122911675764	0.159947149605789	0.162736800930887	0.158485273561439	0.159624345223158	0.157838054094829	0.159052327120575	0.142463873327506	0.143471538012653	0.142410133886015	0.140654454773826	0.116394789603447	0.118764576613018	0.117819998965991	0.117020634817544	0.079970587301849	0.07937182723792	0.0786643222395813	0.0779932632206497	0.032486294810137	0.0341855507202883	0.0329013429458545	0.0354268115237202	0	0	0	0	0	0	0	0	0	0	0	0	0	0	0	0	0	0	0	0	0	0	0	0	0	0	0	0
2025-10-23	0	0	0	0	0	0	0	0	0	0	0	0	0	0	0	0	0	0	0	0	0	0	0	0	0	0	0	0	0.0327813526778865	0.0323520709134102	0.0284699167832795	0.0293966596254238	0.0841857202707889	0.0826525984323838	0.0846168861951938	0.0835447951016335	0.128646888115857	0.126604595824207	0.128645682908516	0.12810283315142	0.15472812745136	0.156192374527332	0.155655086342527	0.154424411678781	0.168753632229613	0.168903132848712	0.168506735461971	0.168836499459704	0.170537611036223	0.17035407394534	0.170764177166879	0.169344137851558	0.160089803057462	0.158725547200272	0.157239164477763	0.158945485264504	0.133526553329044	0.130538845294366	0.133259335679357	0.131675265697233	0.0903220860963639	0.090654164216837	0.0915782056859405	0.0914455440008586	0.0395754423035675	0.0406746550019116	0.0423132113910357	0.0394366913034852	0	0	0	0	0	0	0	0	0	0	0	0	0	0	0	0	0	0	0	0	0	0	0	0	0	0	0	0
2025-10-24	0	0	0	0	0	0	0	0	0	0	0	0	0	0	0	0	0	0	0	0	0	0	0	0	0	0	0	0	0.0463022882611784	0.0475507962379423	0.0472661237877355	0.0458807917131438	0.101889316193619	0.103837845057832	0.102746931606951	0.0995259071415975	0.143085049027933	0.141423038393111	0.14334348324295	0.140148429336005	0.165613998527841	0.167389323400585	0.165894003704435	0.165102674367139	0.175280464271205	0.172516459610247	0.175153118017382	0.175049958101166	0.160096631377201	0.159593178619152	0.160802236738327	0.159507953265321	0.0945426022329201	0.0943124480084719	0.0991338896061466	0.0950110601524614	0.0508143360749926	0.0545171462834184	0.0513931457560838	0.0502753718855051	0.0415248439812996	0.041076469686391	0.0407246941114375	0.041673992220872	0.0311648222482715	0.0294021983403302	0.0303687425534564	0.0310642368579419	0	0	0	0	0	0	0	0	0	0	0	0	0	0	0	0	0	0	0	0	0	0	0	0	0	0	0	0
2025-10-25	0	0	0	0	0	0	0	0	0	0	0	0	0	0	0	0	0	0	0	0	0	0	0	0	0	0	0	0	0.0201711985874496	0.0216729004256554	0.0208785057140653	0.0202773952728298	0.0648339474439902	0.0639176387270421	0.0644631810205136	0.0647852328084541	0.106957463076454	0.106571457965804	0.108829728907913	0.105641350049829	0.14254694070307	0.139228035857259	0.142188664114173	0.143036359325497	0.127204070853647	0.133206914759495	0.132984984944843	0.132604029442016	0.146735092290023	0.149582892281451	0.146889727596169	0.147792287832357	0.132264002674213	0.132216985759751	0.132693227477429	0.132825784088607	0.0991987080979694	0.0994581212034629	0.0980350222056672	0.0973081484929006	0.0606922432994595	0.0596301224466436	0.0609716622155845	0.0617059720383124	0.0221232852193518	0.0222587941732993	0.0227482102394965	0.0258697103678524	0	0	0	0	0	0	0	0	0	0	0	0	0	0	0	0	0	0	0	0	0	0	0	0	0	0	0	0
2025-10-26	0	0	0	0	0	0	0	0	0	0	0	0	0	0	0	0	0	0	0	0	0	0	0	0	0	0	0	0	0.00102974205978922	0.00145819505273478	0.000284987101154373	0.00122707578632163	0.00940458232028779	0.0115811957881115	0.00879547847997562	0.010218743411625	0.0224824470019897	0.0227935551907727	0.0208877644031152	0.0228362334041225	0.0252564286875832	0.0256893355322803	0.0271870493498006	0.027867186430336	0.0365874583562627	0.0369345451150551	0.0351052152327997	0.0333727812958825	0.0775584800464841	0.0783238096476451	0.0794816827646257	0.0766360275412452	0.103659554000351	0.105486560609857	0.105795555538259	0.103058329851532	0.112801280136795	0.110969911277952	0.11246803891076	0.113760769674493	0.0800448134329765	0.0808535160470202	0.078445197853869	0.0786564726661344	0.0292221744669626	0.0290842836587867	0.0264756594825263	0.0302178823917245	0	0	0	0	0	0	0	0	0	0	0	0	0	0	0	0	0	0	0	0	0	0	0	0	0	0	0	0
2025-10-27	0	0	0	0	0	0	0	0	0	0	0	0	0	0	0	0	0	0	0	0	0	0	0	0	0	0	0	0	0.0392814695825484	0.0406883598149806	0.0383261458349094	0.0387040247675616	0.0930342604251389	0.0948000138265127	0.0949545500874943	0.093211175660854	0.137365231823915	0.137034831152883	0.13648498739592	0.138114949627282	0.166752453243383	0.160846220465993	0.160344531144488	0.163056795146137	0.175551603203571	0.173261418590755	0.174856125232935	0.175330852972739	0.174041324864788	0.172142512862093	0.171128181303229	0.173687980969891	0.156605743101034	0.16014239028677	0.157912931397222	0.159338935214973	0.129280609631137	0.133718309401125	0.13025173051987	0.130749350447868	0.0902153948036842	0.0878853753542645	0.0893527914227399	0.0895464384193114	0.033128144267268	0.0316799439601458	0.0353787488657972	0.0338131629067891	0	0	0	0	0	0	0	0	0	0	0	0	0	0	0	0	0	0	0	0	0	0	0	0	0	0	0	0
2025-10-28	0	0	0	0	0	0	0	0	0	0	0	0	0	0	0	0	0	0	0	0	0	0	0	0	0	0	0	0	0.040829398466656	0.0392419758256388	0.042140429952043	0.0387881957556621	0.0955439395482724	0.0963010956808027	0.0966203707110077	0.0955345940599172	0.13702806730021	0.136345623623627	0.135865765081536	0.135760543994628	0.161735861147886	0.160374608548767	0.160543023422405	0.160346506880942	0.170628655970724	0.170314251936385	0.172824991365747	0.172232100727144	0.169913493431335	0.168623834856461	0.169749184806968	0.171713486905236	0.155030728943606	0.151623863076223	0.157514441119028	0.157830966861143	0.127386641561316	0.1292263304952	0.12832177198443	0.128065255959054	0.0871651869947877	0.0874778022423534	0.0852989248461123	0.0860580859167466	0.0286935726478059	0.0319360524545881	0.0303892945019208	0.0299810803956851	0	0	0	0	0	0	0	0	0	0	0	0	0	0	0	0	0	0	0	0	0	0	0	0	0	0	0	0
2025-10-29	0	0	0	0	0	0	0	0	0	0	0	0	0	0	0	0	0	0	0	0	0	0	0	0	0	0	0	0	0.00102764384694637	0.00285340760872617	0.00100757199385752	0.000111376550469935	0.0104500650174628	0.0117326398871078	0.00960934624508842	0.010207948850341	0.0338130066104797	0.0360896476080919	0.03568221093416	0.0364151348472684	0.0868356624721882	0.0850970904915836	0.0865438920652966	0.0855233549709316	0.128417323299096	0.127286928202383	0.129265824563724	0.127029923934797	0.134083721633799	0.132156204040859	0.135117806052536	0.133642268272806	0.105846125970044	0.104530598021151	0.104458155060253	0.103165120948551	0.0751241541305269	0.0756803934179546	0.0711018658012373	0.0750935866502811	0.0462642603085	0.0447375472509156	0.0423216437597427	0.0446765486808416	0.0102187796822425	0.0108997910794253	0.0109583653144956	0.00592306392383666	0	0	0	0	0	0	0	0	0	0	0	0	0	0	0	0	0	0	0	0	0	0	0	0	0	0	0	0
2025-10-30	0	0	0	0	0	0	0	0	0	0	0	0	0	0	0	0	0	0	0	0	0	0	0	0	0	0	0	0	0.0237793667285599	0.0244702474163078	0.0264990940152503	0.025251291839882	0.0750689462742861	0.0747232506509711	0.0756698333150361	0.0765379697597067	0.117982774137906	0.124646737902329	0.121014456426092	0.119356031533673	0.152037112700235	0.153387345665365	0.152405247598897	0.151170294035503	0.161318275494412	0.160795054782838	0.161112094098658	0.160774575624092	0.138348907478073	0.136479471913293	0.138912069081963	0.136259551526672	0.10149126739176	0.101076205192998	0.102256418462624	0.100176108952618	0.0933878317645654	0.0927428103703781	0.0968637556407698	0.0910056022242867	0.0695970450303542	0.0650624913824587	0.0682297626622105	0.0661107009249767	0.0214773298550115	0.0219916955411139	0.0231123258385653	0.0224186487653093	0	0	0	0	0	0	0	0	0	0	0	0	0	0	0	0	0	0	0	0	0	0	0	0	0	0	0	0
2025-10-31	0	0	0	0	0	0	0	0	0	0	0	0	0	0	0	0	0	0	0	0	0	0	0	0	0	0	0	0	0.0292191126166419	0.032671349100234	0.0323426170184414	0.0327669212646827	0.0841713633196196	0.0866196511951846	0.081403415768486	0.0838055697167098	0.124735858526195	0.126299474239105	0.125538778548803	0.125425888685897	0.15615258202234	0.155078900953913	0.156178705062471	0.155589811961276	0.167521675702759	0.167909809813976	0.169695995836332	0.168872518646934	0.167840197967322	0.167717365198655	0.167833926840186	0.165608509993837	0.151848818520391	0.153734391337833	0.153420138308885	0.153996651832891	0.12591223406893	0.125178784443968	0.125874161316344	0.124034820170758	0.0787087738249265	0.0799033161213503	0.0801017875710213	0.078286122482702	0.0208521235723264	0.0230178300372855	0.0200481929401107	0.0220818534502774	0	0	0	0	0	0	0	0	0	0	0	0	0	0	0	0	0	0	0	0	0	0	0	0	0	0	0	0
2025-11-01	0	0	0	0	0	0	0	0	0	0	0	0	0	0	0	0	0	0	0	0	0	0	0	0	0	0	0	0	0.0143408984772813	0.0143776977518636	0.0133616242999588	0.00791977947089628	0.0497869917765998	0.0502051795048055	0.0507584770944823	0.0512493516241124	0.0986729203237159	0.0967641062923864	0.097008653948763	0.0975543194351347	0.128472868268943	0.128904068162403	0.129756373300204	0.12786669026845	0.136404719585245	0.13671969066216	0.135497072343291	0.135378517409304	0.119698215244778	0.119110395933356	0.118321251468308	0.117870137353557	0.0830705186859228	0.0854479755034745	0.084649835948237	0.0858316698623657	0.0521926461563123	0.0510580036778499	0.0506347198086555	0.0551146303571823	0.0338341985545067	0.0341775104840409	0.0343588467689137	0.0346294441925388	0.0106073665000735	0.00966420658192829	0.0123120559008902	0.00941637101710806	0	0	0	0	0	0	0	0	0	0	0	0	0	0	0	0	0	0	0	0	0	0	0	0	0	0	0	0
2025-11-02	0	0	0	0	0	0	0	0	0	0	0	0	0	0	0	0	0	0	0	0	0	0	0	0	0	0	0	0	0.00694320616335969	0.00656265771686382	0.00622368108313553	0.00627045503664096	0.0719379930075397	0.0663792731680076	0.0676804051347782	0.0680023286896745	0.123362946025038	0.125151250972212	0.123896835697308	0.125588967305442	0.138938002922118	0.139517637555919	0.137597540411722	0.140946819110241	0.115227338901806	0.115936433335962	0.114273684376533	0.113562543385699	0.0823442185856319	0.085141206975056	0.0836060544670402	0.0859085199722719	0.0744505142022768	0.075299119187012	0.0799486063690512	0.0763017602416601	0.0713847433597583	0.0726023982499116	0.0709674819793758	0.0720453764109543	0.0318970932237216	0.0289988080520809	0.0301074523297585	0.031996646394439	0.00576782972424852	0.00510363179011628	0.00523947126444158	0.00688906722119361	0	0	0	0	0	0	0	0	0	0	0	0	0	0	0	0	0	0	0	0	0	0	0	0	0	0	0	0
2025-11-03	0	0	0	0	0	0	0	0	0	0	0	0	0	0	0	0	0	0	0	0	0	0	0	0	0	0	0	0	0.0144422698876754	0.0161573950204257	0.0160483473484827	0.0143519877434162	0.0375709581828868	0.036196629081308	0.0350298704528962	0.0392025422829089	0.0660178569689968	0.064681766464762	0.0664726545450296	0.0668277220212115	0.119457207177572	0.120128505576137	0.118452568651166	0.118961718595125	0.119190664840201	0.11766257105178	0.119502997530547	0.119643766577472	0.106084699589476	0.106924436526008	0.104787328038471	0.105203535846044	0.0966544469411232	0.0963122538309713	0.0958608223665181	0.0981724768613874	0.078288019927031	0.0777574659051793	0.0773536109552821	0.0786009032125077	0.0503799567029548	0.0529019622156023	0.0526580231871248	0.0540600578943181	0.014279826565884	0.0123810324994938	0.0126617910461584	0.0146773498884638	0	0	0	0	0	0	0	0	0	0	0	0	0	0	0	0	0	0	0	0	0	0	0	0	0	0	0	0
2025-11-04	0	0	0	0	0	0	0	0	0	0	0	0	0	0	0	0	0	0	0	0	0	0	0	0	0	0	0	0	0.0347555092747553	0.0286341338374482	0.0325269573038447	0.0360833995839519	0.090030766863745	0.0905856813854682	0.0900624639948419	0.0903210877559449	0.128096315745179	0.129875975262635	0.129310297428486	0.1297174115637	0.152671652400007	0.152741015624329	0.153060921317492	0.151526410658172	0.163513316004941	0.163004201933956	0.16039996271052	0.161082519350583	0.156553233348972	0.159080791023607	0.157207351128819	0.157158624498602	0.146742702021776	0.145291718692925	0.143471082203988	0.141494497081311	0.112136553607881	0.113061208622567	0.11310516783997	0.112697069929582	0.071336353169415	0.0720801520249413	0.0731533289206153	0.0744301658850284	0.0111131921893956	0.0145532765151292	0.0126771385280947	0.0136563927673805	0	0	0	0	0	0	0	0	0	0	0	0	0	0	0	0	0	0	0	0	0	0	0	0	0	0	0	0
2025-11-05	0	0	0	0	0	0	0	0	0	0	0	0	0	0	0	0	0	0	0	0	0	0	0	0	0	0	0	0	0.0134059180791592	0.0127419824347383	0.0135302741590967	0.0133218253270058	0.0525907531173648	0.0466220242745486	0.0463103944340493	0.0474768281740373	0.0917469755429186	0.0922120451015241	0.0925585527539527	0.0914824266016045	0.131011129153198	0.131382896677941	0.130277230251501	0.12932874391736	0.142057610887879	0.145721379332445	0.146483352618457	0.145737657161219	0.139451208787883	0.138281806395156	0.136442840456953	0.139824144360007	0.124077045733408	0.124429786482559	0.123399353258969	0.125093814525063	0.0865170146496417	0.0850961431505521	0.0883509926488091	0.0850358495509971	0.0487109401809468	0.0488792361803404	0.0505728077660997	0.0478370158726131	0.00734243887786897	0.00610952658635419	0.00678292253087438	0.00776511200490246	0	0	0	0	0	0	0	0	0	0	0	0	0	0	0	0	0	0	0	0	0	0	0	0	0	0	0	0
2025-11-06	0	0	0	0	0	0	0	0	0	0	0	0	0	0	0	0	0	0	0	0	0	0	0	0	0	0	0	0	0.0065857509776316	0.00757117945518881	0.0088967578398656	0.00694631172731398	0.0306172430444306	0.0285247328670171	0.028108457273175	0.0267495668153773	0.0291044916643757	0.0261482615402397	0.0282957412220842	0.0294515055733004	0.027909095994276	0.0288042003014378	0.0295719004367849	0.0297148032675013	0.0565894718850931	0.0563027597167562	0.0575299468970212	0.0595778215011295	0.0452629143211465	0.0484106545674635	0.0448257573481872	0.0455006737632029	0.0626191643240532	0.0613980134229453	0.0611595014988955	0.0618233207541059	0.0995697957044961	0.0982147043755569	0.100021564502873	0.0981939354170743	0.0714767069125627	0.0721242906738147	0.0704048165884579	0.0739941858251646	0.0152809781578083	0.0125543091110816	0.0135464240702275	0.0136182886608826	0	0	0	0	0	0	0	0	0	0	0	0	0	0	0	0	0	0	0	0	0	0	0	0	0	0	0	0
2025-11-07	0	0	0	0	0	0	0	0	0	0	0	0	0	0	0	0	0	0	0	0	0	0	0	0	0	0	0	0	0.0288163488700479	0.0286732247259122	0.0264757795747519	0.0310346468292881	0.088856572033239	0.0866932104162268	0.0898379969549089	0.0906122205956252	0.133099033123168	0.130396897230445	0.130802662412845	0.129701407233542	0.155718698957031	0.154947058243624	0.158120148113497	0.157214094685848	0.167393121123069	0.17120432813235	0.167532941389199	0.165869609355381	0.1651856947049	0.16815838680023	0.166171914636206	0.167484003858664	0.15288847720057	0.151905975114162	0.152817600816767	0.153387946868501	0.117661035237496	0.119053320697013	0.117874562249314	0.119411081816178	0.0630993911843317	0.0630043438968959	0.0635338812681743	0.0633623836505982	0.0162993640779638	0.0145864344261387	0.0149969265777942	0.0151172749181034	0	0	0	0	0	0	0	0	0	0	0	0	0	0	0	0	0	0	0	0	0	0	0	0	0	0	0	0
2025-11-08	0	0	0	0	0	0	0	0	0	0	0	0	0	0	0	0	0	0	0	0	0	0	0	0	0	0	0	0	0	0	0	0	0.00520521604869909	0.00301173597274856	0.00466350716404803	0.00511954081450432	0.0160699124714195	0.0159484564567665	0.0165182474867623	0.0184633835850516	0.0324615608288124	0.032037328722463	0.0320473621991709	0.0344537482495537	0.0368390572615231	0.0383966639152201	0.0363288323534114	0.0364354464698454	0.0395190922561944	0.040151287166418	0.0409715005636242	0.0413581200137634	0.0376334452176121	0.0370764383699147	0.0364871919460531	0.03480292446642	0.0295357251566098	0.0298383600905305	0.0279722387562016	0.0276536759966581	0.0165286377533754	0.0165824295048248	0.0146392341662608	0.0172496985755391	0.00183071093648951	0.00183327050395811	0.0019502592799442	0.00138575927960817	0	0	0	0	0	0	0	0	0	0	0	0	0	0	0	0	0	0	0	0	0	0	0	0	0	0	0	0
2025-11-09	0	0	0	0	0	0	0	0	0	0	0	0	0	0	0	0	0	0	0	0	0	0	0	0	0	0	0	0	0.0290988954415441	0.0291963769522166	0.0307231314211566	0.0299815961850827	0.0887585687514632	0.0906912892319641	0.088665308545022	0.0888848334715507	0.132511546143909	0.131255387939738	0.129810278390488	0.131422787525865	0.155817779556415	0.156102895463669	0.155690517851146	0.159388807128771	0.167863280554322	0.168554571056112	0.167133752616781	0.169448395772786	0.166849793031293	0.166323250085985	0.166246705357674	0.167580251525048	0.153276685445521	0.152954888131951	0.151654486145272	0.152113940277256	0.124683987831824	0.12185042738348	0.124913835879562	0.124551748905134	0.0791749450412913	0.0811066610024538	0.0826382208159189	0.077080173140336	0.0146955955952632	0.0139199356230539	0.0151928586000936	0.0141916101815893	0	0	0	0	0	0	0	0	0	0	0	0	0	0	0	0	0	0	0	0	0	0	0	0	0	0	0	0
2025-11-10	0	0	0	0	0	0	0	0	0	0	0	0	0	0	0	0	0	0	0	0	0	0	0	0	0	0	0	0	0.0157389034323005	0.0156660560461743	0.0134970798458382	0.014097960675687	0.0796318852288463	0.0796358673731025	0.0822395114092276	0.0814927359888237	0.127408801935582	0.128588185902435	0.130116587090879	0.129886425071105	0.15486869124299	0.15408896743564	0.156023082501338	0.156019258820032	0.168323537225918	0.166652914294166	0.165073194504666	0.16695035397525	0.162952105065218	0.163034379134319	0.16529564732227	0.163717868478193	0.131663422644406	0.131620379863938	0.133198671835462	0.137517525656193	0.0625161290756248	0.0631199181309719	0.0626028219769825	0.0627611308164207	0.017465741879484	0.0231520033610539	0.0203645165920901	0.0210177381673721	0.00214222255668198	0.003538724902709	0.00087286379531795	0.00444618874529107	0	0	0	0	0	0	0	0	0	0	0	0	0	0	0	0	0	0	0	0	0	0	0	0	0	0	0	0
2025-11-11	0	0	0	0	0	0	0	0	0	0	0	0	0	0	0	0	0	0	0	0	0	0	0	0	0	0	0	0	0.00901872088462381	0.00885287068082255	0.0086070279286145	0.00952138050593913	0.0515816535538237	0.0505831329176019	0.0501436598156139	0.0496915537129606	0.11547406336727	0.114904842728409	0.114388569146829	0.116232524757493	0.148377837880553	0.146783206975567	0.143920026584495	0.146918928559385	0.156024065643611	0.156617591490601	0.158849507353957	0.157508835511831	0.155169120851878	0.157448549515946	0.153935554377099	0.156446775255077	0.139626834998576	0.14309899905823	0.138701225574561	0.136572940368633	0.109559036959951	0.109278508466628	0.108252094109444	0.107910360463978	0.0608692293457745	0.0616338507586385	0.0577281061921635	0.0617688137034235	0.00929259064611372	0.00852913882935919	0.0073263801708424	0.00785189035368468	0	0	0	0	0	0	0	0	0	0	0	0	0	0	0	0	0	0	0	0	0	0	0	0	0	0	0	0
2025-11-12	0	0	0	0	0	0	0	0	0	0	0	0	0	0	0	0	0	0	0	0	0	0	0	0	0	0	0	0	0.0087757562103012	0.00969003585646603	0.00888328297360228	0.00865092495963048	0.0435553984756361	0.0415708072362964	0.0440969610666015	0.0427768332214659	0.0899702619881737	0.0905376169278523	0.0929823552905665	0.0885097657934075	0.129866347777999	0.128001875288596	0.13247601873797	0.128655758195434	0.150551955633302	0.150616235942979	0.152428119702309	0.15240368872141	0.161732488211426	0.162252103434207	0.156295183471102	0.158720224883266	0.146009392669221	0.143940986580899	0.143554876830046	0.146494743919834	0.115638144907792	0.116597043971081	0.115205328601183	0.115559482519944	0.0673513663723996	0.0675198089002733	0.067110641488436	0.0680181832388912	0.00832727068304471	0.00597353775882957	0.00919057024042547	0.00650862131770025	0	0	0	0	0	0	0	0	0	0	0	0	0	0	0	0	0	0	0	0	0	0	0	0	0	0	0	0
2025-11-13	0	0	0	0	0	0	0	0	0	0	0	0	0	0	0	0	0	0	0	0	0	0	0	0	0	0	0	0	0.0145039944207917	0.0111081263700257	0.0106309064492368	0.0117569727599458	0.0563984108779061	0.0570317503440251	0.0584183172357865	0.0571515215422823	0.0988049644602432	0.0983819273145765	0.101541243514555	0.0982718647106257	0.123968279269725	0.124133843033035	0.123207421976364	0.123690455720876	0.129791650303545	0.126088886028727	0.130531694422553	0.129587769245175	0.123109735136842	0.123889962021875	0.121918444623	0.126081858218283	0.108041790152801	0.105882538247339	0.108341876367723	0.105733795232136	0.0712042073882627	0.0737651706741917	0.0762667803073944	0.0757638416301511	0.0420130603659718	0.0406074398515708	0.0427340185978613	0.0386454811845961	0.0026737093591022	0.00450272063655078	0.00356924738671782	0.0012543226176292	0	0	0	0	0	0	0	0	0	0	0	0	0	0	0	0	0	0	0	0	0	0	0	0	0	0	0	0
2025-11-14	0	0	0	0	0	0	0	0	0	0	0	0	0	0	0	0	0	0	0	0	0	0	0	0	0	0	0	0	0.00188456131227501	0.00218753582268995	0.00367027749397914	0.000257625371055897	0.0233547910002463	0.0232604723495602	0.0211881891216237	0.0221965475285698	0.0387595252854122	0.0399832879398426	0.0394280545948141	0.0398291321799312	0.0276859153757598	0.0303390289833535	0.0288739394784507	0.0271011161624359	0.0183387333076268	0.0202007162677488	0.0194931578622286	0.0199673925623958	0.0150196174105392	0.0141375072516254	0.0147988772773225	0.0130439980605129	0.0119701355246151	0.0111251055252021	0.0129688814967071	0.0129358774534756	0.0114241905725613	0.0110836438912456	0.0118011210613742	0.0146910444748189	0.00545854704603986	0.00399403558358715	0.00672264186305001	0.00582477550732298	0	0	0	0	0	0	0	0	0	0	0	0	0	0	0	0	0	0	0	0	0	0	0	0	0	0	0	0	0	0	0	0
2025-11-15	0	0	0	0	0	0	0	0	0	0	0	0	0	0	0	0	0	0	0	0	0	0	0	0	0	0	0	0	0.0192275832240742	0.02094927933901	0.0237705177980605	0.0210526196388553	0.0798382736101381	0.0791924525710287	0.0826361271188649	0.0813331466999683	0.124420586869913	0.122140086635282	0.125274831493215	0.12316449500159	0.150976069415206	0.14931796566993	0.148734114070076	0.146971850844788	0.158667097824807	0.16052367693393	0.158581149360966	0.160228075880297	0.143622042986264	0.143427392992203	0.143974404916449	0.140976159105085	0.0911537818481894	0.089843771889646	0.0907558938439865	0.0932465524181781	0.0512948407073142	0.0520352529092221	0.0547104652384051	0.0509594411450585	0.0212166914613484	0.0221870605542147	0.0224997730803709	0.0230964749040661	0	0	0	0	0	0	0	0	0	0	0	0	0	0	0	0	0	0	0	0	0	0	0	0	0	0	0	0	0	0	0	0
2025-11-16	0	0	0	0	0	0	0	0	0	0	0	0	0	0	0	0	0	0	0	0	0	0	0	0	0	0	0	0	0.00305679330862636	0.00671092411082303	0.00446757800861856	0.00176470457193206	0.0360375979085514	0.0356992591379072	0.0360806840482235	0.0351824589053178	0.0974545301978845	0.0984245316521205	0.0976844944701229	0.0974364436798721	0.13998301967085	0.136747341965016	0.138746012568725	0.138523625795409	0.158058030280831	0.158789171341253	0.159535154274459	0.161617644103456	0.155299805235673	0.154877462767182	0.159334620491885	0.15448811150526	0.135929053393195	0.132282600962038	0.135882871638629	0.133905474006138	0.111081415155966	0.112813418015376	0.111593507121724	0.109511659706935	0.0535874310342697	0.0551642701199287	0.0544743707839933	0.0547739280618083	0.00217825954734386	0.00207991902114065	0.00481650360748805	0.000925317824027437	0	0	0	0	0	0	0	0	0	0	0	0	0	0	0	0	0	0	0	0	0	0	0	0	0	0	0	0
2025-11-17	0	0	0	0	0	0	0	0	0	0	0	0	0	0	0	0	0	0	0	0	0	0	0	0	0	0	0	0	0.0188530038248652	0.0182453285048888	0.0181141843420953	0.0187874833281506	0.0774462168018722	0.0777100316492427	0.0798921710975015	0.0789515804513836	0.119010671585969	0.122248874135637	0.121471902538286	0.123268551740109	0.145476367012078	0.144889180346604	0.145610296323008	0.143024156318309	0.151274003765705	0.150036251574561	0.149271149317158	0.150418595342576	0.139484867394152	0.141261210166883	0.142526850237258	0.141727072201708	0.121117950035909	0.123722907422993	0.12404893922037	0.123110203320728	0.089445568253766	0.0864365117298819	0.087876244259451	0.0892416757569011	0.0419785348915002	0.0399981957233343	0.0396404323226985	0.039382837062467	0.00253037914271004	0.00222616210347604	0.00372291218616483	0.00152054656764909	0	0	0	0	0	0	0	0	0	0	0	0	0	0	0	0	0	0	0	0	0	0	0	0	0	0	0	0
2025-11-18	0	0	0	0	0	0	0	0	0	0	0	0	0	0	0	0	0	0	0	0	0	0	0	0	0	0	0	0	0	0	0	0	0.00909840646224317	0.00764890743030612	0.00767875870189465	0.00857392740555605	0.0335013994745434	0.0341082950972825	0.0315458833605957	0.0308444220675784	0.0624938010259933	0.0627537777307697	0.0619917612516339	0.0627606599916031	0.108961856284046	0.110744005544388	0.108762191143022	0.108531947028545	0.130426460847213	0.128604785872198	0.131946614679077	0.130022138601512	0.121420041357463	0.124472904428369	0.122100138916129	0.124006915298038	0.0979853346035284	0.0988314308772626	0.0983512797262107	0.0988319547929982	0.0596519357974825	0.0577652543685524	0.0596425779014875	0.0579402319324776	0.00331251369747873	0.0055167584283094	0.00385585445852591	0.00331487341568596	0	0	0	0	0	0	0	0	0	0	0	0	0	0	0	0	0	0	0	0	0	0	0	0	0	0	0	0
2025-11-19	0	0	0	0	0	0	0	0	0	0	0	0	0	0	0	0	0	0	0	0	0	0	0	0	0	0	0	0	0.0245693347695114	0.0243431155485002	0.0235180411302479	0.0195695085517405	0.0869909548778797	0.0880196560125063	0.0878389921570147	0.0871503969525993	0.131887222070697	0.132385037695088	0.133106388651818	0.133621351582398	0.158756010726801	0.157457190936852	0.160167880160145	0.158618918176202	0.162437263018972	0.164916275508122	0.165016385361453	0.164630076111453	0.158521768277293	0.157905181034089	0.155883483297152	0.156689567391465	0.145351076535532	0.145746499136713	0.147926739925301	0.146975684402454	0.119246860003783	0.118472609841477	0.11895267981196	0.118327850342781	0.0742938017362616	0.0764509392763046	0.0735918246491451	0.0756634343382886	0.00538455803431882	0.00645744632236705	0.00614992200785287	0.00500807363546125	0	0	0	0	0	0	0	0	0	0	0	0	0	0	0	0	0	0	0	0	0	0	0	0	0	0	0	0
2025-11-20	0	0	0	0	0	0	0	0	0	0	0	0	0	0	0	0	0	0	0	0	0	0	0	0	0	0	0	0	0.00302762925013061	0.0037051404144216	0.0022552489293742	0.00201198140607359	0.0140774656167743	0.0138622696413241	0.0165559102827107	0.0145043544591909	0.0230804163800612	0.0218421269517662	0.022508388043116	0.0195690686250565	0.0296683212274101	0.0289877699977958	0.0291798995293212	0.0311640092454729	0.0538000895273884	0.0551941149344742	0.0567250880886284	0.057280707449509	0.0756585000949963	0.0768962227426906	0.0796176314134867	0.0768276457488264	0.0852860351164977	0.0891731189161898	0.0878950451581356	0.0876458008091769	0.0731351472325284	0.0695461129228264	0.0715555195533429	0.0697632202913023	0.0299196774235092	0.0292038959045823	0.0313244999715208	0.0295519267003877	0.000381375172448735	0.000118871100754423	0.000146271621486651	0.000353482105310191	0	0	0	0	0	0	0	0	0	0	0	0	0	0	0	0	0	0	0	0	0	0	0	0	0	0	0	0
2025-11-21	0	0	0	0	0	0	0	0	0	0	0	0	0	0	0	0	0	0	0	0	0	0	0	0	0	0	0	0	0.0186280701909494	0.0171934395281244	0.0208322396995666	0.0193462505813596	0.0826294450623645	0.0823251941025167	0.081524232817107	0.0815211280180118	0.130940794051462	0.129160255218948	0.131101055837616	0.129797894891974	0.161666114936755	0.15909279709874	0.16508469502058	0.164156392943925	0.178325151634576	0.179081330097517	0.177867521420219	0.176725996847688	0.17343921081227	0.174536741418356	0.171286416809987	0.174737630959387	0.153373620180983	0.153835748719623	0.15178157387115	0.154009057228244	0.119965950337847	0.121137359298042	0.119639621941198	0.119257068422912	0.0778683652940119	0.0785098498977336	0.0758375965458421	0.0767841882624124	0.00856563602493138	0.00790781180427732	0.00634038904604759	0.00618616312474371	0	0	0	0	0	0	0	0	0	0	0	0	0	0	0	0	0	0	0	0	0	0	0	0	0	0	0	0
2025-11-22	0	0	0	0	0	0	0	0	0	0	0	0	0	0	0	0	0	0	0	0	0	0	0	0	0	0	0	0	0.0284675504059757	0.0272465254712737	0.0272445981394051	0.0280413259833456	0.095430908806433	0.0941520665002713	0.0933691967315279	0.0940478279617678	0.140939869524508	0.139151734630945	0.142206747322308	0.141701648522239	0.168135064990214	0.168434414151262	0.171328932023827	0.168101588834697	0.18184250885645	0.179253958383288	0.18104260493323	0.181860927827033	0.179415257956187	0.178318572668888	0.176052890746656	0.180213278628269	0.161123996614453	0.160673717298371	0.162196877989905	0.162005408097271	0.130116400214151	0.133674360316289	0.131593949258209	0.132615290211351	0.0864663882467664	0.0855361852613568	0.0862895136415702	0.0837079128503066	0.00579666826042535	0.00670343505039171	0.00704227369684175	0.0084576229923412	0	0	0	0	0	0	0	0	0	0	0	0	0	0	0	0	0	0	0	0	0	0	0	0	0	0	0	0
2025-11-23	0	0	0	0	0	0	0	0	0	0	0	0	0	0	0	0	0	0	0	0	0	0	0	0	0	0	0	0	0.0100380228943936	0.0134371377400525	0.013131647512668	0.0123931918528859	0.0671883760277353	0.0689718058318497	0.0683748950293976	0.0694649231110173	0.117890475576596	0.115447636692873	0.115687957430728	0.115973930299804	0.143822152144326	0.143492932117874	0.144429149855032	0.145255765882768	0.159836713079913	0.156633017329734	0.155582445812162	0.158947823778191	0.159380238765779	0.155573582312047	0.157111023629142	0.155935155293032	0.141706389226314	0.143093322308508	0.141628358596545	0.142571929868633	0.0915505163923788	0.0884512261544246	0.0882198789375905	0.0877783785156061	0.0393929275483728	0.0373285368904224	0.0362808506581876	0.0389976849030172	0.000353082573559469	0.000314870483919765	8.14470121379985e-05	0.000250599930382768	0	0	0	0	0	0	0	0	0	0	0	0	0	0	0	0	0	0	0	0	0	0	0	0	0	0	0	0
2025-11-24	0	0	0	0	0	0	0	0	0	0	0	0	0	0	0	0	0	0	0	0	0	0	0	0	0	0	0	0	0.0115099166020609	0.00797069351715465	0.00636010867383644	0.00615928120694801	0.0667543461139963	0.0669311948320659	0.0659959691329979	0.0653184899209399	0.120503841937478	0.119763864533106	0.118197295041518	0.119534998487898	0.137589641827851	0.143736369106609	0.141333201842519	0.142340787223021	0.147280385340536	0.14681613277132	0.14547045589812	0.149433025990024	0.13690677812912	0.138741297653126	0.136009119235651	0.137342804982104	0.106579521818013	0.107123870236488	0.105650384112343	0.105646223833156	0.0507626345068448	0.0493012112377914	0.0498730922929558	0.049063061962408	0.021136814968569	0.0208627310575242	0.0222934318903249	0.0207070220835819	0.000346419906584752	0.000471805549239337	0.000360678817208656	0.000821095726967255	0	0	0	0	0	0	0	0	0	0	0	0	0	0	0	0	0	0	0	0	0	0	0	0	0	0	0	0
2025-11-25	0	0	0	0	0	0	0	0	0	0	0	0	0	0	0	0	0	0	0	0	0	0	0	0	0	0	0	0	0.0163149205334516	0.0164155356709269	0.0168911937975637	0.0143783499980578	0.0741986232550328	0.0738674564687945	0.0727872253440714	0.0761466949321013	0.12044954747206	0.11987697377202	0.120197168453964	0.120476310301956	0.145369362443639	0.147012341500533	0.146834040800671	0.148784255255156	0.157569175737132	0.157116376176594	0.158670398181358	0.159644049904916	0.153853044958798	0.15644004518337	0.153636391306035	0.152070518551797	0.1132701454538	0.111225912966479	0.110066701342791	0.11143724023693	0.0577723839264588	0.060211068692762	0.0600541819496476	0.0609623654311316	0.0218900655964223	0.0202432416526148	0.0212116717172047	0.0216550210337581	0.000380835285342305	0.000166096845534697	7.02685922044954e-05	0.000382799276918502	0	0	0	0	0	0	0	0	0	0	0	0	0	0	0	0	0	0	0	0	0	0	0	0	0	0	0	0
2025-11-26	0	0	0	0	0	0	0	0	0	0	0	0	0	0	0	0	0	0	0	0	0	0	0	0	0	0	0	0	0.0221588565361005	0.0233272451448581	0.0197492190370395	0.0237646792820019	0.0866976857735265	0.0869310363724959	0.0864923222358316	0.086878955618146	0.13383488097745	0.133748219781359	0.133475085412105	0.130941813829085	0.159865226856727	0.160352085464027	0.160771874291262	0.160010813387984	0.172471120218976	0.173733922920918	0.170810506974936	0.17198444988517	0.171054796824336	0.171225506474363	0.170144191757654	0.170575504943647	0.157195624987028	0.156498577234881	0.155907335419197	0.154398462358895	0.125712445882519	0.126642622478227	0.12701706486406	0.128627866775194	0.0824109829693951	0.0793206083771359	0.0819919191337576	0.0812764895197113	0.00518905210626374	0.00255833740008223	0.00506456082999126	0.00718804966366278	0	0	0	0	0	0	0	0	0	0	0	0	0	0	0	0	0	0	0	0	0	0	0	0	0	0	0	0
2025-11-27	0	0	0	0	0	0	0	0	0	0	0	0	0	0	0	0	0	0	0	0	0	0	0	0	0	0	0	0	0.0240202835483515	0.0243356752676579	0.02127274803359	0.0243712931504006	0.0884991413619101	0.0901293523851835	0.0892538111295958	0.0871176951233106	0.135754600607351	0.134801667464854	0.135636950173027	0.134806781754768	0.164311168721236	0.162806488645596	0.160580639105571	0.164301703527597	0.175009701082386	0.173914342979064	0.174183148550041	0.176892807388509	0.172998925909625	0.172111495329861	0.173961034262009	0.173928544498506	0.157350098514925	0.157565882257293	0.158217070088055	0.158866949139728	0.127508907948656	0.129389977275788	0.129496856418364	0.128604258357192	0.0798447692535026	0.0837434766478115	0.0801929920211854	0.0802187620775005	0.00296516282421996	0.00737715361347571	0.003093620305038	0.00356406325726634	0	0	0	0	0	0	0	0	0	0	0	0	0	0	0	0	0	0	0	0	0	0	0	0	0	0	0	0
2025-11-28	0	0	0	0	0	0	0	0	0	0	0	0	0	0	0	0	0	0	0	0	0	0	0	0	0	0	0	0	0.00731145058180059	0.00731384355706882	0.00758702313951301	0.00678768272161758	0.0509380857178461	0.0467209295922727	0.049550410553794	0.0477905741360872	0.102363870415699	0.0996757918548357	0.102756268026425	0.0992040697030398	0.143203164173086	0.14521273860131	0.145992632622855	0.145591464602749	0.159171130113711	0.159152802596195	0.159496352775239	0.160179714514856	0.162514178804338	0.157131991033319	0.157166947552074	0.156186882610269	0.141000703983494	0.140539388280506	0.142345732077601	0.144114175658398	0.111407153866032	0.111070897166698	0.110503511284726	0.109018437682544	0.0553137207807923	0.0545846882286212	0.0561106208028606	0.0589909701877259	0.000784039735475717	0.00126547558028139	0.00171135401725396	0.00223913066698892	0	0	0	0	0	0	0	0	0	0	0	0	0	0	0	0	0	0	0	0	0	0	0	0	0	0	0	0
2025-11-29	0	0	0	0	0	0	0	0	0	0	0	0	0	0	0	0	0	0	0	0	0	0	0	0	0	0	0	0	0.0139186767124883	0.0158251770761913	0.0144139264657339	0.0148422197455865	0.0730938869263601	0.0729075734068043	0.0701246294739108	0.0728739101929248	0.114345685375841	0.116407787072599	0.121932945219632	0.114313582331928	0.143094886100545	0.141895316271224	0.14290212553124	0.14310767209699	0.15429851364816	0.153134913822029	0.156610328920073	0.153956243609739	0.153529047030421	0.155947898230538	0.154349253104669	0.154173801634373	0.139933074326029	0.140613744886727	0.14154096512695	0.140912215660294	0.106688148066659	0.10620818243219	0.105421278408826	0.109682391092325	0.043370531296494	0.0441061500343558	0.0434912270503493	0.0430320916188009	0	0	0	0	0	0	0	0	0	0	0	0	0	0	0	0	0	0	0	0	0	0	0	0	0	0	0	0	0	0	0	0
2025-11-30	0	0	0	0	0	0	0	0	0	0	0	0	0	0	0	0	0	0	0	0	0	0	0	0	0	0	0	0	0	0	0	0	0.00640858609113617	0.00616691353162938	0.00341802688783922	0.00600647348939523	0.0168670809234258	0.0138909902938564	0.0129687374324266	0.0142731913502912	0.0258937624756914	0.0258011817010181	0.0215235461584851	0.0247815096648054	0.0381810254843535	0.0385664661012293	0.0364581968638616	0.0367943115505556	0.061438715006032	0.0586800152460946	0.0593442923722492	0.0595369773756242	0.0815769449392979	0.0815977885971475	0.0809564739263847	0.0828687925371699	0.0701162596559617	0.0689128183106262	0.0690902013045569	0.0698807207288552	0.0331089354195463	0.0335183523093323	0.032086505288541	0.0312862069825804	0	0	0	0	0	0	0	0	0	0	0	0	0	0	0	0	0	0	0	0	0	0	0	0	0	0	0	0	0	0	0	0
2025-12-01	0	0	0	0	0	0	0	0	0	0	0	0	0	0	0	0	0	0	0	0	0	0	0	0	0	0	0	0	0.0119573562513666	0.0126359112953855	0.0113032584301932	0.0111034740230547	0.0669885228255624	0.0662526407732705	0.0649898528759247	0.0657689835252425	0.11141927764832	0.110920588255072	0.110538171656613	0.111121962439995	0.137037340337048	0.136326051005863	0.139877942992427	0.138758665664662	0.155628437628815	0.153659991240627	0.157274548410912	0.153437022719645	0.157270230185257	0.156652181938637	0.157897471222832	0.159180116653274	0.130757888965479	0.132210150843698	0.130738968825483	0.13129299136534	0.0828086088971044	0.0806951704598479	0.0815657811944135	0.0789304394486342	0.033706594188204	0.0339295611507548	0.0319571410735983	0.0354067035874429	0.000191581959079531	0.000384245129123146	0.000204761477893694	0.000219411433903629	0	0	0	0	0	0	0	0	0	0	0	0	0	0	0	0	0	0	0	0	0	0	0	0	0	0	0	0
2025-12-02	0	0	0	0	0	0	0	0	0	0	0	0	0	0	0	0	0	0	0	0	0	0	0	0	0	0	0	0	0	0	0	0	0.0128177144103197	0.0129530198619605	0.0109477697534956	0.0112814959742243	0.0456128269065487	0.0441293241329988	0.0460154830689098	0.0422423658915426	0.0972415089990908	0.0978072532366131	0.0972945189998707	0.0946567187644254	0.138057495752661	0.137869843070034	0.136391935949361	0.139680725227945	0.151163787786078	0.15030579735329	0.151173321506433	0.152357093354199	0.141431703204052	0.139198838507795	0.139844743603838	0.141524714684314	0.109504114836773	0.111565052826001	0.111513200675251	0.108417631661976	0.059865386889022	0.0606343399635548	0.0605476288394154	0.0609526443080077	0.00170329828054428	0.000120464336581465	0.000406654466316992	0.000769582916557258	0	0	0	0	0	0	0	0	0	0	0	0	0	0	0	0	0	0	0	0	0	0	0	0	0	0	0	0
2025-12-03	0	0	0	0	0	0	0	0	0	0	0	0	0	0	0	0	0	0	0	0	0	0	0	0	0	0	0	0	0.00298621396743288	0.00428380695971194	0.00311845106798813	0.00361152800486704	0.0383556953298791	0.0421083678231408	0.0368990002081857	0.0386369366387945	0.0814108066662051	0.0793786149145483	0.0819132894588197	0.0832972889604269	0.115011841284179	0.112901448020022	0.113703892141681	0.116382818554119	0.120383255205548	0.120895618406652	0.122914405760439	0.120806720627361	0.116363301744674	0.114587740383554	0.115604743176544	0.117444214695229	0.108502777170246	0.107031458657247	0.106929469187881	0.107536294984625	0.0900693127726897	0.0894643900445117	0.0890128396648955	0.0884534575179031	0.0473556514335378	0.0493537208011802	0.0477023100117101	0.0485883177535719	0	0	0	0	0	0	0	0	0	0	0	0	0	0	0	0	0	0	0	0	0	0	0	0	0	0	0	0	0	0	0	0
2025-12-04	0	0	0	0	0	0	0	0	0	0	0	0	0	0	0	0	0	0	0	0	0	0	0	0	0	0	0	0	0.0106449489192748	0.0115451266282102	0.011149649231902	0.010660275220613	0.0680158696569307	0.0674318304453156	0.0686632872767011	0.0668890126210526	0.113344931793382	0.112954617350992	0.115137866197118	0.114562584658508	0.135439250646844	0.134190988385738	0.137058867200648	0.13531089376677	0.115389182815034	0.115451365751462	0.114613036470534	0.113546414962969	0.0450898357754222	0.0445441902525275	0.0476060482622224	0.0457599257098279	0.016418864204997	0.0152162516001087	0.0165447807209258	0.0158201034739684	0.00762461990104165	0.00813872395805993	0.00822474216903108	0.00901191397186734	0.00446293460943121	0.00262132913417533	0.00340413905179962	0.00251159720459385	0	0	0	0	0	0	0	0	0	0	0	0	0	0	0	0	0	0	0	0	0	0	0	0	0	0	0	0	0	0	0	0
2025-12-05	0	0	0	0	0	0	0	0	0	0	0	0	0	0	0	0	0	0	0	0	0	0	0	0	0	0	0	0	0.0034411764268145	0.00330198681095511	0.00603026466319068	0.00422657209903971	0.0391175785873177	0.0374694187784543	0.0397314517725396	0.0366815508616885	0.0999361439838761	0.102251829278904	0.0978273341289733	0.0979846926082467	0.137900556668297	0.13972257513932	0.137891302638611	0.141485565553772	0.153802346121572	0.15388608256957	0.152358185493231	0.155953385815627	0.158402693788664	0.158674491198247	0.160161142674073	0.158761672339016	0.145966083166715	0.147463887722964	0.144973932850154	0.144596096260168	0.114168967217623	0.116914092021017	0.112879481393729	0.115037459367631	0.0649974333351691	0.0658562656746214	0.0649102173705789	0.0632360836196307	0.000489459831444112	0.00083317145862896	0.000238855067846573	0.000438513642080356	0	0	0	0	0	0	0	0	0	0	0	0	0	0	0	0	0	0	0	0	0	0	0	0	0	0	0	0
2025-12-06	0	0	0	0	0	0	0	0	0	0	0	0	0	0	0	0	0	0	0	0	0	0	0	0	0	0	0	0	0.0117712328944268	0.00935835019946743	0.0106417371055423	0.0112286798005635	0.0670075416071556	0.0684512589394893	0.0681959538805598	0.0673452455727953	0.113538262655553	0.116259417869432	0.113687872443987	0.114514447031028	0.144062329507702	0.142115272669307	0.13963386192449	0.142188535898501	0.1441591653709	0.1459706798933	0.142213920774705	0.143656233961096	0.135535996523315	0.133894595150561	0.1355056806033	0.134063727722825	0.139582433803155	0.133918277991786	0.13758721229478	0.138912075910279	0.104768563867918	0.104754270282841	0.106983246267309	0.104493919581932	0.0371427577460788	0.0362894402898729	0.0404320525947751	0.0371357493692732	0	0	0	0	0	0	0	0	0	0	0	0	0	0	0	0	0	0	0	0	0	0	0	0	0	0	0	0	0	0	0	0
2025-12-07	0	0	0	0	0	0	0	0	0	0	0	0	0	0	0	0	0	0	0	0	0	0	0	0	0	0	0	0	0.00854502357156205	0.0106909684920281	0.00963824280996332	0.00912576512644649	0.06122171100736	0.0611850863157343	0.0636938833374362	0.0628993193394695	0.103908492093498	0.106721973654775	0.10617732732214	0.108192206929588	0.128095595173845	0.130670860713705	0.133831632893097	0.129401911219353	0.140901619226712	0.143319171511065	0.141131246615704	0.139647962646519	0.138811202759489	0.142098759387539	0.140627486144708	0.139462551708265	0.125136032438476	0.124388164895343	0.124102836462446	0.125372966203734	0.0968357816018895	0.0945552543667393	0.0939404755926824	0.0956684884386889	0.0479903518652693	0.0515423674018263	0.052007457388893	0.0514598233440115	0	0	0	0	0	0	0	0	0	0	0	0	0	0	0	0	0	0	0	0	0	0	0	0	0	0	0	0	0	0	0	0
2025-12-08	0	0	0	0	0	0	0	0	0	0	0	0	0	0	0	0	0	0	0	0	0	0	0	0	0	0	0	0	0.00978067800975373	0.00890970874999024	0.00935583943192614	0.00795377380832989	0.0673351173767362	0.0681132124901035	0.0666538791401155	0.0678977909930448	0.115033207766259	0.113685600617685	0.116954647307088	0.114326544308968	0.142598056126419	0.145713868836228	0.143440081587107	0.140247993450246	0.157464207403988	0.153486419514202	0.155904157518553	0.155145215563257	0.153423262961078	0.153385747739162	0.15461403900324	0.15457695029652	0.140007832375399	0.139766549029094	0.138810922546668	0.13741469604884	0.107384528823046	0.11317793747549	0.106439664538736	0.107997869162728	0.058425879557973	0.0608428479115519	0.0591581575938837	0.0595731149365914	0	0	0	0	0	0	0	0	0	0	0	0	0	0	0	0	0	0	0	0	0	0	0	0	0	0	0	0	0	0	0	0
2025-12-09	0	0	0	0	0	0	0	0	0	0	0	0	0	0	0	0	0	0	0	0	0	0	0	0	0	0	0	0	0.00674817189827176	0.00445894338533521	0.00488245748204932	0.00791042723434371	0.04702986638855	0.0488787952122597	0.0443072065550478	0.0447841318441425	0.0859637930643158	0.0880743267514004	0.0859028023348801	0.0870590778494037	0.120217304017393	0.120421880153317	0.116086243854102	0.118274571975188	0.144628946825165	0.145573894138035	0.145041002281653	0.144756156755146	0.146071258255599	0.147340335659333	0.149455236119677	0.14813316996539	0.13418783290118	0.132038235368108	0.132102951183079	0.132670980547633	0.102488711596949	0.100933108100735	0.100732987578738	0.0998451927235788	0.0495908795299156	0.0492340632104909	0.049371325008588	0.0488037322510055	0	0	0	0	0	0	0	0	0	0	0	0	0	0	0	0	0	0	0	0	0	0	0	0	0	0	0	0	0	0	0	0
2025-12-10	0	0	0	0	0	0	0	0	0	0	0	0	0	0	0	0	0	0	0	0	0	0	0	0	0	0	0	0	3.9216494620201e-05	0.00101355770103944	0.00331908211734423	0.00062814368699613	0.0285062114886392	0.0284332105573994	0.0279338131085415	0.0281267648454199	0.0614173335557423	0.0602342034174105	0.059990123952001	0.0583583390748462	0.0919848355359004	0.0930284132011612	0.0913825891381292	0.093604162124809	0.125255348043916	0.124858213519509	0.123766679851708	0.124119758584868	0.131949936278253	0.129951729817701	0.129932296961659	0.134166036942387	0.113952266682452	0.115098829246292	0.116598773627679	0.113350130443577	0.0808470150652238	0.0820231336655956	0.0796085538535382	0.0815212974156423	0.0326679486283546	0.0335720102022241	0.034623294794958	0.0341367463744633	0	0	0	0	0	0	0	0	0	0	0	0	0	0	0	0	0	0	0	0	0	0	0	0	0	0	0	0	0	0	0	0
2025-12-11	0	0	0	0	0	0	0	0	0	0	0	0	0	0	0	0	0	0	0	0	0	0	0	0	0	0	0	0	0.000588637020439591	0.00228029543437953	0.00239220373756452	0.00173886380761635	0.0266435308371565	0.0280307615769714	0.0274100798420795	0.0269156277437926	0.065229063027045	0.0664262993764314	0.066528614563543	0.0688160230329807	0.122406117778246	0.122679009326644	0.123099545384465	0.124815327510645	0.147229139289679	0.147369876054217	0.146187809474569	0.147213175181535	0.148511736440266	0.148431662854061	0.143368174224508	0.148688426481165	0.132798875410849	0.129450696543722	0.132647868747648	0.131102559297782	0.0993113878253897	0.100392243622585	0.100975404937032	0.097320963614993	0.0459586890155606	0.0476783273292524	0.0471236426491202	0.0492393410060668	0	0	0	0	0	0	0	0	0	0	0	0	0	0	0	0	0	0	0	0	0	0	0	0	0	0	0	0	0	0	0	0
2025-12-12	0	0	0	0	0	0	0	0	0	0	0	0	0	0	0	0	0	0	0	0	0	0	0	0	0	0	0	0	0.00141877622957127	0.000952465365610685	0.000988148634538782	0.00164060977027926	0.0259892360165202	0.0242902437580236	0.0267731396589956	0.0269473805664606	0.0554285723983545	0.0541287969944051	0.0563961718433617	0.0560464587638788	0.0845684239230573	0.0781618734928777	0.0786590254413696	0.0796106771426954	0.101552195732114	0.0997409972055946	0.100437454467545	0.0992693525947463	0.0919263223546376	0.0918833760674824	0.0913496948429614	0.0898406067349187	0.0658389403717914	0.0686116316427907	0.0679260524874819	0.0686233754979359	0.0304282282507943	0.0302944806881601	0.0303185614355286	0.0329587296255169	0.00699291195087544	0.00617978929380737	0.00709665337730725	0.00573064537800994	0	0	0	0	0	0	0	0	0	0	0	0	0	0	0	0	0	0	0	0	0	0	0	0	0	0	0	0	0	0	0	0
2025-12-13	0	0	0	0	0	0	0	0	0	0	0	0	0	0	0	0	0	0	0	0	0	0	0	0	0	0	0	0	0.000156855387703151	0.000913232621530329	7.66702341338158e-05	0.000853241756632705	0.0187246852833775	0.0192038574088245	0.0191134831286113	0.0179579741791867	0.0467351712675725	0.0452092886816177	0.0443340926183736	0.0497214474324362	0.0885628817132663	0.08709997941351	0.0881694491174943	0.0941676897557293	0.111621352783854	0.113173095406686	0.113027833705713	0.116177718103748	0.102686059038677	0.103799504505724	0.108127761803324	0.103386674652275	0.0799556282040786	0.0777596386177515	0.0785728717765806	0.0777118614015893	0.055418036371138	0.0544412303067965	0.0554906282495183	0.0546501050725472	0.0197934105625963	0.0187823154767584	0.0228433716415945	0.0185809023190508	0	0	0	0	0	0	0	0	0	0	0	0	0	0	0	0	0	0	0	0	0	0	0	0	0	0	0	0	0	0	0	0
2025-12-14	0	0	0	0	0	0	0	0	0	0	0	0	0	0	0	0	0	0	0	0	0	0	0	0	0	0	0	0	0.00301671244506155	0.00472455015902621	0.00273526788609138	0.00252346950982086	0.0387823312912572	0.041145459178789	0.0385773419190126	0.0394948676109411	0.067482726892229	0.0659725754845306	0.0682369215950079	0.0673077760282325	0.079161763932779	0.0792398768471574	0.076292241613823	0.0783061176062406	0.0811914215763809	0.0817789459997954	0.0764304482802253	0.0825991841435984	0.0785269006442187	0.0774679912712094	0.077554756936043	0.0774503511485289	0.0738194374686275	0.0747130729672526	0.0739622531963065	0.0765052363678134	0.0397392593077443	0.037989638409858	0.0398792928185318	0.0363918094638659	0.00911069787306918	0.00936396011412155	0.0112641429972076	0.0102611990156017	0	0	0	0	0	0	0	0	0	0	0	0	0	0	0	0	0	0	0	0	0	0	0	0	0	0	0	0	0	0	0	0
2025-12-15	0	0	0	0	0	0	0	0	0	0	0	0	0	0	0	0	0	0	0	0	0	0	0	0	0	0	0	0	0	0	0	0	0.0078053167360779	0.00718540510230691	0.0101246071617045	0.00488467099991065	0.0146501292663317	0.0139530553036781	0.0127546559054492	0.010642159524541	0.0208337901094907	0.0236811493592687	0.0238546087722322	0.0226304517590084	0.0383559844932339	0.0416899383065907	0.0429428434181097	0.0420112337820658	0.0609033946751407	0.0598806308036684	0.0629437826367047	0.0612721918844862	0.0569302386395348	0.0577770045617989	0.05786751085519	0.0534252459434763	0.0267045474912502	0.0263815765398401	0.0250465053173189	0.0248673706515908	0.00558260189763761	0.00587046143746467	0.00461639835739389	0.00393053830750382	0	0	0	0	0	0	0	0	0	0	0	0	0	0	0	0	0	0	0	0	0	0	0	0	0	0	0	0	0	0	0	0
2025-12-16	0	0	0	0	0	0	0	0	0	0	0	0	0	0	0	0	0	0	0	0	0	0	0	0	0	0	0	0	0.000193643139760034	0.000453239923815679	0.000181974014701004	0.000171142921723282	0.0191881034305435	0.0175322544782766	0.0207343271989274	0.0205453148922524	0.0428150429416471	0.0411682971130464	0.0414436860509754	0.0435729738943311	0.0527515138699489	0.0554877626115113	0.05518096750852	0.0525797560100199	0.059307826351662	0.0607267187533402	0.0587272150585487	0.0602382398364491	0.0573312510573253	0.0553879129929369	0.0563658522814424	0.0559149836682954	0.0458054007170947	0.0478027301152381	0.0480154547034927	0.0443764144641745	0.0300725285486524	0.0236902901088688	0.0310719882796527	0.0291651930628261	0.00956135087919452	0.00946246720045173	0.00735543566875115	0.0096207462516026	0	0	0	0	0	0	0	0	0	0	0	0	0	0	0	0	0	0	0	0	0	0	0	0	0	0	0	0	0	0	0	0
2025-12-17	0	0	0	0	0	0	0	0	0	0	0	0	0	0	0	0	0	0	0	0	0	0	0	0	0	0	0	0	0.00180348724227593	0.000873215953938345	0.000823605809618717	0.00149969099416701	0.0313811405626564	0.0307911350586728	0.0339481771538083	0.0328795472248624	0.0739363363797357	0.0727867749543264	0.0701165281550981	0.0751603605108397	0.101476609341063	0.101486686241301	0.0994236080262641	0.0986130963913712	0.107741020286703	0.111684604121073	0.112873252329061	0.109701123263163	0.102533573743377	0.103124049231559	0.103971223155743	0.107371153869321	0.0851052262063011	0.086471493886916	0.0857786823904929	0.08464459751629	0.0545955850886336	0.0586054440257705	0.0559079818860264	0.0568909889995695	0.0197896036979565	0.0203890063543684	0.0199942260500772	0.0198271638975979	0	0	0	0	0	0	0	0	0	0	0	0	0	0	0	0	0	0	0	0	0	0	0	0	0	0	0	0	0	0	0	0
2025-12-18	0	0	0	0	0	0	0	0	0	0	0	0	0	0	0	0	0	0	0	0	0	0	0	0	0	0	0	0	0.00296340643934683	0.00368083001254225	0.00433676376987343	0.00201899977823748	0.0509503527618467	0.0506548296126468	0.0496413940563582	0.0497534235691483	0.0922884754503532	0.0943820465495632	0.0922517834902215	0.0920776945098621	0.124754705741514	0.126014621820431	0.123232031499831	0.123998640938224	0.14113208520202	0.140713137582615	0.14100595162823	0.138148825587135	0.145415440023131	0.14506554768609	0.141386216316293	0.142132795974485	0.126482555454157	0.12841552481555	0.124570066775069	0.125531852955224	0.091981641675562	0.0932580810486756	0.0913722564541093	0.0913880208216531	0.0427457980517122	0.0420386978119931	0.0423787405380673	0.0388367635982273	0	0	0	0	0	0	0	0	0	0	0	0	0	0	0	0	0	0	0	0	0	0	0	0	0	0	0	0	0	0	0	0
2025-12-19	0	0	0	0	0	0	0	0	0	0	0	0	0	0	0	0	0	0	0	0	0	0	0	0	0	0	0	0	0.00367884728300519	0.00438849748856537	0.00159826557653588	0.00233438965189357	0.044500442198481	0.042928713470456	0.0466258711696043	0.0459449731614588	0.0946487447139169	0.09478885534107	0.0938955179985594	0.0926668819464537	0.119290787685993	0.116123484883396	0.117724265469555	0.118861461961056	0.125975267947522	0.126816936646883	0.124548669849841	0.127659125555754	0.123983294251769	0.12302650854528	0.122683867583838	0.121306329619113	0.0996672297978202	0.10095545953694	0.102294587968043	0.100082722697196	0.0669425791643781	0.0664443563569872	0.0693607600656483	0.0682523044129865	0.0254481820253858	0.0251324884933102	0.0228110374944408	0.0316082919868631	0	0	0	0	0	0	0	0	0	0	0	0	0	0	0	0	0	0	0	0	0	0	0	0	0	0	0	0	0	0	0	0
2025-12-20	0	0	0	0	0	0	0	0	0	0	0	0	0	0	0	0	0	0	0	0	0	0	0	0	0	0	0	0	0	0	0	0	0.00555903255872781	0.00214887214087789	0.00636891742414752	0.00492317787624677	0.0149229948901441	0.0138628053329758	0.0138580016169839	0.0123561981598962	0.0214373922659495	0.0217981405339877	0.0216328482127384	0.0211316189873244	0.0241983389706208	0.0264225045087172	0.0265626769026816	0.0278164796179804	0.0248820125412184	0.0249868803969913	0.0245174141458342	0.025613692915956	0.0206780304813326	0.0179218739078678	0.0204827677735562	0.0179173278372434	0.0121983081598291	0.0100983262500047	0.00942560012631183	0.0102777654638544	0.0025214730387997	0.0017538462159613	0.00286523204037473	0.00185944870486427	0	0	0	0	0	0	0	0	0	0	0	0	0	0	0	0	0	0	0	0	0	0	0	0	0	0	0	0	0	0	0	0
2025-12-21	0	0	0	0	0	0	0	0	0	0	0	0	0	0	0	0	0	0	0	0	0	0	0	0	0	0	0	0	0.00292942174993925	0.00152010698447546	0.000596750503492553	0.000953720762092741	0.0457229903512103	0.0419541996388468	0.042883242119714	0.041439567890229	0.0992683747706937	0.0978134906250046	0.0987831730296764	0.0991349615746253	0.121823596129997	0.122420809153556	0.122651400903815	0.123104193812632	0.11153337765303	0.110456882791592	0.112033410657643	0.112976328897735	0.0690973376014876	0.06390531271363	0.065640403907715	0.0673569457771674	0.0626998905590378	0.0623021918158508	0.0612051764698637	0.0627927411552477	0.039911904321235	0.0423276590040293	0.0402835159401547	0.0434769207345811	0.0135647044680493	0.012389177913677	0.0137062218105465	0.0143398958077272	0	0	0	0	0	0	0	0	0	0	0	0	0	0	0	0	0	0	0	0	0	0	0	0	0	0	0	0	0	0	0	0
2025-12-22	0	0	0	0	0	0	0	0	0	0	0	0	0	0	0	0	0	0	0	0	0	0	0	0	0	0	0	0	0	0	0	0	0.00227882112896373	0.0020854272405699	0.00114794469895531	0.00248780693151105	0.00833071081830135	0.0099733360806001	0.00717828142824855	0.00851767167285001	0.0167744831901592	0.0161982211769681	0.0162921154987491	0.0117351801341236	0.0193391119159709	0.0213897913147203	0.018841955473088	0.0204291412962208	0.0228170726308458	0.0201280997908607	0.0241800008432514	0.0218748267350421	0.0201821968396885	0.0226005092546838	0.0200771303674667	0.018140163538161	0.0103089660122059	0.0150104940867587	0.0113594502056219	0.0123210896954135	0.00323212737703298	0.000907318721933389	0.00378106389347898	0.00307949000755465	0	0	0	0	0	0	0	0	0	0	0	0	0	0	0	0	0	0	0	0	0	0	0	0	0	0	0	0	0	0	0	0
2025-12-23	0	0	0	0	0	0	0	0	0	0	0	0	0	0	0	0	0	0	0	0	0	0	0	0	0	0	0	0	0	0	0	0	0.00135448497957774	0.00461993455101781	0.00131640242245513	0.00370917804694931	0.00987883391958987	0.0118946358699526	0.00851520185573027	0.0117113283547273	0.0208865953768349	0.0156290634299578	0.0154922103240505	0.0159921308691568	0.0174677040829681	0.0185905019545201	0.0165789592738253	0.0183628346886865	0.0180624376822049	0.0148471616370574	0.0174839985559414	0.0156064021247962	0.0134022875803845	0.0164258863906654	0.0174063799263555	0.0137654461025947	0.0109832816934821	0.0126428387834706	0.0117626458249581	0.00961123369808931	0.00238806596189024	0.00231969152877121	0.00436819371652102	0.00192404879281753	0	0	0	0	0	0	0	0	0	0	0	0	0	0	0	0	0	0	0	0	0	0	0	0	0	0	0	0	0	0	0	0
2025-12-24	0	0	0	0	0	0	0	0	0	0	0	0	0	0	0	0	0	0	0	0	0	0	0	0	0	0	0	0	0	0	0	0	0.00228214064430958	0.00432214147095901	0.00492684370967576	0.00346887417505565	0.0189136343079341	0.0165794834611182	0.0163752319344985	0.0161316502964492	0.043092255718594	0.0417359316818768	0.0419546306176007	0.0422171819819284	0.0776971783781448	0.0772095000837832	0.0779151218078437	0.0771781997302283	0.0888477757201088	0.0887061561632836	0.0874456830655309	0.0890003850510767	0.0689884071034011	0.0684757552527211	0.0711051224710585	0.0694307151728193	0.0463396082566542	0.0438530646292462	0.0412326141580501	0.0435747129560496	0.0162322933428222	0.0161590854462916	0.0164334692309124	0.0161751519799738	0	0	0	0	0	0	0	0	0	0	0	0	0	0	0	0	0	0	0	0	0	0	0	0	0	0	0	0	0	0	0	0
2025-12-25	0	0	0	0	0	0	0	0	0	0	0	0	0	0	0	0	0	0	0	0	0	0	0	0	0	0	0	0	0	0	0	0	0.00779089808766768	0.0105922101416887	0.00871370908336298	0.0109031826872806	0.0215345067896432	0.0220771862552216	0.019859283904058	0.0215290230510771	0.0266957672387124	0.0244538498467876	0.0255133546199392	0.0243370282945608	0.023363257661951	0.026225487711711	0.0237571651178902	0.0246540895084478	0.0172432722192577	0.0180826019626244	0.0189933927564564	0.0186807330616614	0.0135792584986109	0.0120193979411981	0.0145484337993101	0.00885290976088094	0.00697905875908654	0.00526075112522593	0.00547995107122527	0.00528023904446226	0.000621967877885026	0.000350950888429823	1.45319189111745e-05	1.25493147739761e-05	0	0	0	0	0	0	0	0	0	0	0	0	0	0	0	0	0	0	0	0	0	0	0	0	0	0	0	0	0	0	0	0
2025-12-26	0	0	0	0	0	0	0	0	0	0	0	0	0	0	0	0	0	0	0	0	0	0	0	0	0	0	0	0	0	0	0	0	0.00308707879475646	0.00282021769695029	0.00378757933424073	0.00430512417405252	0.0113849450106055	0.0106725797686389	0.0122098409327943	0.0107326342879613	0.0167997116085446	0.0167675109623842	0.0176606028483484	0.0177721745807227	0.0180114545756252	0.0179533872157597	0.0170295564190525	0.0180056017895626	0.0125826650341647	0.012902621724326	0.0158337023260347	0.0126810109154745	0.0105218744187136	0.0156012506759479	0.0151149091621083	0.0147619657432302	0.016720307619226	0.0130671846205789	0.0177817359479876	0.0164307718122075	0.00542362680852275	0.00646399087890518	0.00474603299097253	0.00836634932159954	0	0	0	0	0	0	0	0	0	0	0	0	0	0	0	0	0	0	0	0	0	0	0	0	0	0	0	0	0	0	0	0
2025-12-27	0	0	0	0	0	0	0	0	0	0	0	0	0	0	0	0	0	0	0	0	0	0	0	0	0	0	0	0	0	0	0	0	0.00621622189569264	0.00366179706966438	0.00718884134893997	0.006933139685703	0.0101288953593316	0.0111306485140379	0.0110592682264004	0.00968118790023009	0.0104396285007895	0.00895359195375016	0.0123337796709453	0.0122729998745151	0.0124383101471734	0.014527676316134	0.0141099616312731	0.0139240519054195	0.0120652657356912	0.0120104326386029	0.0110128450830688	0.0129114565426371	0.0105059010008291	0.0104744640857658	0.0100607687827345	0.0109588661306707	0.00634027366604684	0.00633229190790079	0.00806570713402713	0.00626172729202524	0.000798312990882135	4.78168971391212e-05	0.000849564846423138	0.000304305265555606	0	0	0	0	0	0	0	0	0	0	0	0	0	0	0	0	0	0	0	0	0	0	0	0	0	0	0	0	0	0	0	0
2025-12-28	0	0	0	0	0	0	0	0	0	0	0	0	0	0	0	0	0	0	0	0	0	0	0	0	0	0	0	0	0.00181287948678799	0.00137575019595791	0.000398289695436747	0.00141308062181735	0.0285756808922558	0.0291071935462611	0.0289606357779264	0.0303564897835567	0.0687228828736259	0.0695243374176392	0.0700343971858368	0.0677183825228981	0.111368682331592	0.108257150351259	0.108939861320285	0.111434305996865	0.128597235351736	0.127269436464864	0.127907744767846	0.127225583415554	0.127274861250511	0.128820413143496	0.127484504101979	0.127420221504015	0.112463245776725	0.111421321420295	0.111133741428735	0.110981691374245	0.0735902788376493	0.0744141346294208	0.0729036446001938	0.074091941932736	0.0218862079247933	0.0198462872661158	0.0214233530773405	0.0208441517317504	0	0	0	0	0	0	0	0	0	0	0	0	0	0	0	0	0	0	0	0	0	0	0	0	0	0	0	0	0	0	0	0
2025-12-29	0	0	0	0	0	0	0	0	0	0	0	0	0	0	0	0	0	0	0	0	0	0	0	0	0	0	0	0	0	0	0	0	0.0125330239512611	0.0101334096651508	0.0123606354565541	0.00997293092703403	0.0240928874005663	0.0262206339883718	0.0222956288279387	0.0263908497831231	0.0346350113379698	0.0365863262578354	0.0339860126889623	0.0357926497152325	0.0383765925023335	0.0362526498490781	0.0376494932162182	0.0377212644323703	0.0268419288581844	0.0258825421707199	0.0311179910627979	0.0281575379082978	0.0176970367861785	0.0173865856571427	0.0191950699078648	0.018721307648814	0.00890512368296601	0.0100202710438797	0.0106557789977669	0.00941882627538741	0.00267281841581228	0.00232446717705086	0.000454327518539304	0.00154838688859755	0	0	0	0	0	0	0	0	0	0	0	0	0	0	0	0	0	0	0	0	0	0	0	0	0	0	0	0	0	0	0	0
2025-12-30	0	0	0	0	0	0	0	0	0	0	0	0	0	0	0	0	0	0	0	0	0	0	0	0	0	0	0	0	0.00698665363691135	0.00790141905813374	0.00599968122872672	0.00611224607622819	0.0663949336110298	0.0662698678019061	0.0644822437713942	0.0658529548156699	0.117321466808461	0.111071332592255	0.116012594554435	0.114594606044849	0.146165363370363	0.141383210639825	0.143374173269797	0.144077252720015	0.156253499359296	0.159317970241875	0.153600472697568	0.154828057701261	0.154421032013073	0.153059670179404	0.153687188581207	0.152832109226317	0.136347163993508	0.136631087085634	0.136856023811276	0.137165725109582	0.105655956263111	0.102506312080136	0.102629962232653	0.1042077694241	0.0517429643596299	0.0502442094333407	0.0510189296095431	0.0509938965974862	0	0	0	0	0	0	0	0	0	0	0	0	0	0	0	0	0	0	0	0	0	0	0	0	0	0	0	0	0	0	0	0
2025-12-31	0	0	0	0	0	0	0	0	0	0	0	0	0	0	0	0	0	0	0	0	0	0	0	0	0	0	0	0	5.50832122279839e-05	2.97154066421253e-05	0.000291758335024674	0.000623443046105217	0.0187490202590885	0.0179416225758078	0.0187225821183002	0.0185867750468035	0.0459616613275188	0.0469082227732311	0.0459722089625971	0.046157906936653	0.0662926626472101	0.066465087128574	0.06557726386181	0.0686649863624059	0.0792826762170111	0.0751224152631822	0.07777328694778	0.0748216215720267	0.0725936724005382	0.0739945212250766	0.0726124003587965	0.0747994060155887	0.0663991646587053	0.0665969634923074	0.063956052665582	0.0650478191834054	0.0428811476435718	0.0424888771933098	0.0416824918572159	0.0429474833059025	0.0146385913229074	0.0156425079931076	0.0130506355283561	0.0116682651556289	0	0	0	0	0	0	0	0	0	0	0	0	0	0	0	0	0	0	0	0	0	0	0	0	0	0	0	0	0	0	0	0
2026-01-01	0	0	0	0	0	0	0	0	0	0	0	0	0	0	0	0	0	0	0	0	0	0	0	0	0	0	0	0	0	0	0	0	0.00616063732988659	0.00495506071257623	0.00606450588741006	0.00481979607012712	0.0110853290583185	0.0140607136519955	0.0132297036133589	0.012624253676327	0.0227085793975566	0.0245420253745012	0.0235607072839503	0.0251886879439919	0.0522483768154425	0.0510628824236165	0.0536843738219643	0.0520043669389768	0.118191451458022	0.121713080936919	0.120530868651916	0.119564598953143	0.149941643142149	0.146283324069466	0.145520842176455	0.14625419061193	0.116026166635797	0.113509310143427	0.114729327543773	0.112735195677003	0.0579849500442464	0.0591601055139396	0.0598413809499858	0.0610135634918282	0.00232943172754111	0.0033654014334336	0.00196218878277733	0.00234297805624797	0	0	0	0	0	0	0	0	0	0	0	0	0	0	0	0	0	0	0	0	0	0	0	0	0	0	0	0
2026-01-02	0	0	0	0	0	0	0	0	0	0	0	0	0	0	0	0	0	0	0	0	0	0	0	0	0	0	0	0	0.000827101481567942	0.00214904000484601	0.00158262756291219	0.00144123095067386	0.0478475769468428	0.0511958598238649	0.0489622722151619	0.0499942910141304	0.0884823292939409	0.0887934718178083	0.0874245037114768	0.092299695176774	0.0551203863871037	0.0552046011189273	0.0543961570061787	0.0592788554877904	0.0416718765506911	0.0432687916404567	0.0409396124543712	0.045119719354481	0.0350468227910532	0.0337179400935932	0.0339885667708718	0.0352466703444818	0.0518865026182334	0.052527536673229	0.0521160678454055	0.0524698928631321	0.0726290710761817	0.067145522422881	0.0735908713570725	0.0716345351438648	0.0404339262397209	0.0413282831717425	0.0384001241042292	0.0408376664843073	0.00112545735931096	0.00176188611901265	0.00295982762175667	0.000152828899919723	0	0	0	0	0	0	0	0	0	0	0	0	0	0	0	0	0	0	0	0	0	0	0	0	0	0	0	0
2026-01-03	0	0	0	0	0	0	0	0	0	0	0	0	0	0	0	0	0	0	0	0	0	0	0	0	0	0	0	0	0.0028287284582394	0.00209580753455165	0.00308729176027203	0.00298817224693692	0.0370320198707089	0.0392743798342663	0.0378398768229372	0.0388537234720876	0.0684841422015753	0.069023615024641	0.0681832113531927	0.0703090314205911	0.0714238977320459	0.0709635403041102	0.0726256573713854	0.0709869045924585	0.0697123600018348	0.0704697854411711	0.0684124822727322	0.069405372284262	0.0678906607689765	0.0669906990068917	0.0680237127581728	0.069094927465959	0.0637741035269845	0.0614517220744075	0.0626145376891773	0.0641596367094307	0.0280272658489636	0.0279863695009131	0.0300386482788223	0.026947716371301	0.00688253859859233	0.011719897636308	0.0114496955511562	0.0109478682139434	0	0	0	0	0	0	0	0	0	0	0	0	0	0	0	0	0	0	0	0	0	0	0	0	0	0	0	0	0	0	0	0
2026-01-04	0	0	0	0	0	0	0	0	0	0	0	0	0	0	0	0	0	0	0	0	0	0	0	0	0	0	0	0	0.00428870239133441	0.00428110522862903	0.00393459061078669	0.00349560176924987	0.0430150379538618	0.0459442338077786	0.0461346060006401	0.0459061222377194	0.0991081323739327	0.102049997964098	0.0993137593362887	0.100528110325681	0.141703143070342	0.139600202440403	0.139767451117801	0.140929203371454	0.140083066941911	0.141673418200311	0.140268333416432	0.141975181441345	0.0908404497920702	0.0933202972126112	0.0927389544593479	0.0931002985359708	0.0605040311008476	0.0604780671201025	0.0628254013303133	0.0601925004487366	0.0438312574729142	0.0439285514726141	0.0423619063692621	0.0458782846852096	0.016365066092908	0.013206233835507	0.0138817048074395	0.0115469952641455	1.58573336276854e-05	0.000810323667285064	5.7376925189494e-05	0.000116442073897757	0	0	0	0	0	0	0	0	0	0	0	0	0	0	0	0	0	0	0	0	0	0	0	0	0	0	0	0
2026-01-05	0	0	0	0	0	0	0	0	0	0	0	0	0	0	0	0	0	0	0	0	0	0	0	0	0	0	0	0	0.000480691261326956	0.00150046726975888	0.000550184076290018	0.00346865739262415	0.05164214538809	0.0518131780774239	0.0512352730424635	0.0503094034920226	0.0976224032221813	0.0987875020800459	0.0997066282961134	0.0988834664016594	0.135480636954444	0.137844085972898	0.136342295455196	0.135332981617462	0.161175424675967	0.158146585242098	0.158172072176656	0.158505917905279	0.15190489300899	0.153172297553234	0.152487365016617	0.152435444421159	0.114329025479783	0.116005441132539	0.115021792042509	0.115643741345169	0.0583828889998389	0.0581471732738582	0.0558325770921303	0.0586373606341726	0.0129483559696457	0.013963376533858	0.0132864665064213	0.012801800990075	0	0	0	0	0	0	0	0	0	0	0	0	0	0	0	0	0	0	0	0	0	0	0	0	0	0	0	0	0	0	0	0
2026-01-06	0	0	0	0	0	0	0	0	0	0	0	0	0	0	0	0	0	0	0	0	0	0	0	0	0	0	0	0	0.00694302678981493	0.00909805861460981	0.00702120055217732	0.00793771404339793	0.0678105784199742	0.0675168181599091	0.0663246655732729	0.0663479378468439	0.11752942864123	0.116227599205727	0.117214584594319	0.118028387558724	0.145118597605421	0.144970010478621	0.1449515782153	0.146959813700658	0.160749381290522	0.161030576326613	0.160432462547304	0.162787579835561	0.163050123075325	0.160585655889175	0.159480438314684	0.158883782720816	0.139339205189552	0.139951848924931	0.140249960174083	0.139458985711433	0.0981142572756931	0.0963389748389731	0.100431142591953	0.0971156252933809	0.0422684063221423	0.0445867583263609	0.0428600423909546	0.0422847929605422	0.00209481784103655	0.00187855565751634	0.00273350971461631	0.0012931167868308	0	0	0	0	0	0	0	0	0	0	0	0	0	0	0	0	0	0	0	0	0	0	0	0	0	0	0	0
2026-01-07	0	0	0	0	0	0	0	0	0	0	0	0	0	0	0	0	0	0	0	0	0	0	0	0	0	0	0	0	0.0108893627553556	0.0134825638577336	0.012507653396409	0.0131204199905019	0.0891155514454087	0.0902723877017126	0.0894425245317515	0.0901695363211272	0.141042484397141	0.138165006327058	0.141619342586792	0.141173166689009	0.170731758720099	0.169706783448015	0.170619889325765	0.171941568506121	0.183647234503355	0.183271622330302	0.185849370810627	0.183231772355716	0.182649287503146	0.181314778548109	0.180806989622778	0.181228944325966	0.16377962975394	0.164855740319269	0.166817614101003	0.163547015825788	0.131336326250152	0.130177640099269	0.12970844031623	0.129777593334349	0.0734029088746398	0.0727757482072052	0.0716731206300004	0.0731482222881546	0.00738593192314881	0.00499789761813148	0.0051466453803801	0.0044695250783396	0	0	0	0	0	0	0	0	0	0	0	0	0	0	0	0	0	0	0	0	0	0	0	0	0	0	0	0
2026-01-08	0	0	0	0	0	0	0	0	0	0	0	0	0	0	0	0	0	0	0	0	0	0	0	0	0	0	0	0	0.0153607893381787	0.0151145070549823	0.0142025783415101	0.014322125265329	0.0935285854851371	0.0957994457183768	0.0952473971697723	0.0964245716267138	0.144148608220184	0.143912947330577	0.14442398904608	0.145514455403158	0.173531645631568	0.170098102285879	0.175257582441574	0.175112669640979	0.186082965065676	0.184298170428133	0.186711124292429	0.186907740213763	0.181745940193504	0.183830092352063	0.18310822184488	0.184315745609554	0.166702125640489	0.166077186864237	0.164484853697961	0.164735833797313	0.13141300209973	0.130957046897988	0.131589505491403	0.129040445510879	0.0754175751972837	0.0754969914768799	0.072981839317268	0.0751035940085684	0.00658091512858698	0.00551501361459108	0.0074486504584138	0.00545542079840815	0	0	0	0	0	0	0	0	0	0	0	0	0	0	0	0	0	0	0	0	0	0	0	0	0	0	0	0
2026-01-09	0	0	0	0	0	0	0	0	0	0	0	0	0	0	0	0	0	0	0	0	0	0	0	0	0	0	0	0	0.00758121200318465	0.00726939459454716	0.00784153044734081	0.00830786295492738	0.0559971755755599	0.0576244473798875	0.0573480422786067	0.0590303347659458	0.100350228153789	0.100996575993451	0.0993290254288799	0.101324170423881	0.121259791263431	0.121782312932884	0.122479424573713	0.123478471229972	0.139659307732466	0.138108018433156	0.138104571922635	0.137128101911744	0.142627777400219	0.144524775709035	0.143358318194342	0.148489128696404	0.12551784354158	0.125305205306974	0.12604188617499	0.126135064976456	0.0772753420013637	0.0740273323679722	0.0786895778657325	0.0780077477649316	0.0229508773674115	0.0249082154865578	0.0250116363993144	0.0261292707467162	0.000541648614540971	0.00154471733700714	0.000148367338243241	0.000765266710208644	0	0	0	0	0	0	0	0	0	0	0	0	0	0	0	0	0	0	0	0	0	0	0	0	0	0	0	0
2026-01-10	0	0	0	0	0	0	0	0	0	0	0	0	0	0	0	0	0	0	0	0	0	0	0	0	0	0	0	0	0.000925221685991713	0.00171565635549661	0.000498570645999614	0.00586055131251206	0.0265549705632013	0.0262836562992392	0.0261231885599274	0.0270381845776321	0.0602945556399465	0.0584353777885024	0.0594298232860488	0.0578402432855022	0.0817675524201099	0.0821422410583217	0.0818342324465006	0.0812559740750678	0.0916571451788006	0.0911526483232027	0.0876716044620132	0.0905186020359834	0.101696004700295	0.106075602467275	0.102455066465396	0.102773326367034	0.0866622972898831	0.0843352302736753	0.0839930366544467	0.0850094357819949	0.0538242667965599	0.0503655365552591	0.0539128523912067	0.0518973442569743	0.0188072334808619	0.0230751819405234	0.0225066193662271	0.0216109652123875	0.00142762108370339	0.00111221424014299	0.000146122297028327	0.000314042379125287	0	0	0	0	0	0	0	0	0	0	0	0	0	0	0	0	0	0	0	0	0	0	0	0	0	0	0	0
2026-01-11	0	0	0	0	0	0	0	0	0	0	0	0	0	0	0	0	0	0	0	0	0	0	0	0	0	0	0	0	0.00655976850211815	0.00507783079392432	0.00580052772422251	0.00356187297973502	0.0455686738970494	0.0467243282615589	0.0443641558838918	0.0453428419574999	0.0858384039428518	0.0862094828201168	0.0874809487844647	0.0884711644525668	0.131177168700333	0.133932082884407	0.13364872090063	0.135242027514629	0.158815241537254	0.159900992804433	0.161170907512703	0.160112858145609	0.165089053603207	0.163618248138638	0.163018874385124	0.162273823873031	0.147917579603511	0.14711575538247	0.149140986697318	0.1468256783167	0.111240614788715	0.111585623779083	0.112708022079633	0.112465739352569	0.059159880341856	0.0579687188777666	0.0577405900269875	0.0581308107533899	0.00134618261472157	0.00583048289925682	0.00456916835547438	0.00525416613054723	0	0	0	0	0	0	0	0	0	0	0	0	0	0	0	0	0	0	0	0	0	0	0	0	0	0	0	0
2026-01-12	0	0	0	0	0	0	0	0	0	0	0	0	0	0	0	0	0	0	0	0	0	0	0	0	0	0	0	0	0.00954739750110323	0.00979280467252549	0.0101089490547277	0.0105508487716436	0.0743472012404745	0.0754093011703083	0.0744436828998183	0.0777998146893989	0.135189349177342	0.133890742620536	0.135351948335513	0.135567959866609	0.168584090580653	0.166527000306097	0.166458874354974	0.167430034758275	0.181273300650132	0.180049513902697	0.180318574556076	0.180358610891095	0.177428090339312	0.181732204441425	0.178447111949499	0.176392593269763	0.159044155822094	0.159889375451697	0.159587677295385	0.160478791430823	0.124093842325914	0.123788890766118	0.124257136094572	0.121860130813396	0.0704433408562526	0.0669363478928456	0.0684087876871921	0.0702115235637097	0.00520093141499336	0.00619044487869421	0.00686239389544726	0.00774622981086517	0	0	0	0	0	0	0	0	0	0	0	0	0	0	0	0	0	0	0	0	0	0	0	0	0	0	0	0
2026-01-13	0	0	0	0	0	0	0	0	0	0	0	0	0	0	0	0	0	0	0	0	0	0	0	0	0	0	0	0	0.0141523081766485	0.0152494998749644	0.0137067613167929	0.0148914306315943	0.0851809957037983	0.0885527430461908	0.0842728637493816	0.0859933975006292	0.133332993041415	0.139027795262284	0.137341986851501	0.136297224844799	0.156643973692059	0.157549998265144	0.160545792322861	0.156260235719935	0.118211679677532	0.119239818707877	0.118905032465244	0.118643469149348	0.0726253832389143	0.0703480046099608	0.0710445293078294	0.0709820828432954	0.102690745050526	0.0995688121012625	0.102863870290705	0.100876572557506	0.113694933249932	0.114514278836791	0.114159021092291	0.115631766820986	0.0655454032504445	0.0648849697866183	0.0641800619442919	0.0653895650186453	0.00632614030416863	0.00310354519077833	0.00580150842013448	0.00576880608491855	0	0	0	0	0	0	0	0	0	0	0	0	0	0	0	0	0	0	0	0	0	0	0	0	0	0	0	0
2026-01-14	0	0	0	0	0	0	0	0	0	0	0	0	0	0	0	0	0	0	0	0	0	0	0	0	0	0	0	0	0.000533417252728353	0.000715817198638199	0.000502564488954985	0.000248201059678462	0.0138775419354713	0.0122589934888028	0.0121201695770617	0.0127432949986641	0.0445058497888146	0.0446058194687125	0.0458915469593389	0.048996783783134	0.0730880417398016	0.0715608627060468	0.0706444218396836	0.0717066737144679	0.0518550222526905	0.0501269823809142	0.0513976448182711	0.0496203505481243	0.0308075678831864	0.0310900930242569	0.0350922247583328	0.032010114334224	0.0234210204681719	0.022684433212981	0.0245468171210071	0.02534772919784	0.0190188824726035	0.0207605463358374	0.0187829635585628	0.0214376076329964	0.0135592967487681	0.0124517595417541	0.0109651664372408	0.0130237772722369	0.00129078786172654	0.000240551866952644	0.0013308306445903	0.00113782962673051	0	0	0	0	0	0	0	0	0	0	0	0	0	0	0	0	0	0	0	0	0	0	0	0	0	0	0	0
2026-01-15	0	0	0	0	0	0	0	0	0	0	0	0	0	0	0	0	0	0	0	0	0	0	0	0	0	0	0	0	0.001171758000964	0.00191479802675244	0.00247222507889249	0.000441218893391078	0.00638869792617678	0.00653276230791474	0.00657357051587475	0.00550496925003372	0.0151868360894121	0.0148506123979397	0.0145622097820711	0.0124003417305771	0.0397832048794158	0.0388514783016956	0.0424446910085949	0.0379206258102937	0.0934837779811388	0.0865967614720379	0.0881855520657639	0.0887339084810594	0.0714692631902865	0.0710536327606287	0.070078218954562	0.0703988850945227	0.0500116751656708	0.0489325782973107	0.0549069987892962	0.0491487477477224	0.0326558993639519	0.0326646996995665	0.035257352530048	0.0334220484064337	0.0173895058394281	0.0176916967672976	0.0176799804682134	0.0172388169250608	0.00131279784753364	0.0006223516294397	0.000798706527077414	0.00226614399594925	0	0	0	0	0	0	0	0	0	0	0	0	0	0	0	0	0	0	0	0	0	0	0	0	0	0	0	0
2026-01-16	0	0	0	0	0	0	0	0	0	0	0	0	0	0	0	0	0	0	0	0	0	0	0	0	0	0	0	0	0.00346101222086991	0.00416807189997451	0.00473093681283554	0.00263997906632004	0.0223270635535516	0.0190267260172561	0.0189419027011823	0.01970430772801	0.0467585572231748	0.0421736566043642	0.0409688503369419	0.042098935835519	0.0555210130925733	0.0557442482010618	0.0531121896252104	0.0546225490811545	0.0825029663689557	0.0774795767823589	0.075944458273506	0.0780729985751794	0.132134156564051	0.13095470181152	0.130623460229204	0.129287681395225	0.120277954029288	0.120565345896195	0.121223814981114	0.120932885093403	0.0905095233413753	0.0934432640905159	0.09219345340125	0.0928537591668587	0.0377374637019008	0.0371023215804213	0.0352044604255823	0.0399557542920955	0.00187378465199127	0.00407345913753152	0.00227698012333477	0.00177577608714245	0	0	0	0	0	0	0	0	0	0	0	0	0	0	0	0	0	0	0	0	0	0	0	0	0	0	0	0
2026-01-17	0	0	0	0	0	0	0	0	0	0	0	0	0	0	0	0	0	0	0	0	0	0	0	0	0	0	0	0	0.000321692345436944	0.000896698841900915	0.000214606981640322	0.00156700183102182	0.00712932101846451	0.00660134399247941	0.00529329462337152	0.00497604036568457	0.0115055634709816	0.0144838926091374	0.0118476668061684	0.0101628771137126	0.0190400231298555	0.019345759292932	0.0191206954452813	0.0184935221319312	0.0296144442535723	0.0281679795495915	0.029410163792073	0.0298074124047633	0.100030695530627	0.0935741002034262	0.0968126414849624	0.0945825627809848	0.138671360189861	0.138490035979462	0.137487738806098	0.137350865024578	0.107480891453778	0.109168990533723	0.106664806246654	0.103685311765844	0.0534028009980206	0.0529745705671961	0.0538294089371983	0.0527932194975849	0.00436804383687907	0.00403574873074838	0.0071913826034612	0.00440482482891135	0	0	0	0	0	0	0	0	0	0	0	0	0	0	0	0	0	0	0	0	0	0	0	0	0	0	0	0
2026-01-18	0	0	0	0	0	0	0	0	0	0	0	0	0	0	0	0	0	0	0	0	0	0	0	0	0	0	0	0	0.00735492052585402	0.00682257569997532	0.0128046961672996	0.00701780760687109	0.0583069599400116	0.0604426413749866	0.0596733827675866	0.0555770159174153	0.116655105813534	0.116359394085383	0.115217848451021	0.112767651650062	0.142889579008901	0.143054417953543	0.142124326201992	0.142931676835563	0.146645392721264	0.147191126144019	0.146676582000975	0.145486899133742	0.134394398331113	0.135210199193977	0.136033607612762	0.136361794862148	0.137987857365135	0.137897191020452	0.140855419774411	0.137259531840002	0.10668580851472	0.102145964972216	0.107200035758443	0.108968190754622	0.0443619123242729	0.0471489691434291	0.0482090540959659	0.0492800644363321	0.00552491292075456	0.00376199747074986	0.00497606523274216	0.00373702437575342	0	0	0	0	0	0	0	0	0	0	0	0	0	0	0	0	0	0	0	0	0	0	0	0	0	0	0	0
2026-01-19	0	0	0	0	0	0	0	0	0	0	0	0	0	0	0	0	0	0	0	0	0	0	0	0	0	0	0	0	0.00114714586044752	0.00107356483042073	0.000721578411351767	5.77108977799856e-05	0.00890820361095242	0.00976734961852316	0.00928632303988624	0.00903812373063818	0.0153089266367344	0.0151562784675104	0.0126233864717544	0.0149114084240008	0.0186391802540323	0.0133852729451724	0.0171491616395092	0.0198263851612861	0.01760791512718	0.0157623061087679	0.0202285464755703	0.0174012322884819	0.0203449538468646	0.022146912970574	0.0252814955199736	0.0222266376625879	0.0222942776414916	0.0201877423144116	0.0200244036552365	0.0214935763888603	0.00726992037746625	0.00585890285562196	0.00958111059189802	0.00829006617501376	0.00216495458081761	0.00238752530828933	0.00197943647219065	0.00246808363870242	0	0	0	0	0	0	0	0	0	0	0	0	0	0	0	0	0	0	0	0	0	0	0	0	0	0	0	0	0	0	0	0
2026-01-20	0	0	0	0	0	0	0	0	0	0	0	0	0	0	0	0	0	0	0	0	0	0	0	0	0	0	0	0	0.0224214219325251	0.0194042771857854	0.0197676813664798	0.0234066195152097	0.0967447104571031	0.099040677111494	0.0993985479824995	0.0978160644489034	0.145895517025675	0.146997301069594	0.146845835742614	0.145261346162117	0.174521572757652	0.176375194124957	0.174202579463505	0.174900653653886	0.187688341617604	0.187113410889113	0.187844255304028	0.185353992189255	0.185423763191054	0.184736792589735	0.181440124648899	0.183399319570312	0.166895801127241	0.165979655148443	0.164269395209061	0.164855148515254	0.130096317655408	0.130823800330232	0.130656843243009	0.131423038771351	0.0757846941937436	0.0770585020305596	0.074913902495621	0.0752429012800758	0.0135437845045334	0.0108840748149879	0.0119838405426403	0.0115883001378384	0	0	0	0	0	0	0	0	0	0	0	0	0	0	0	0	0	0	0	0	0	0	0	0	0	0	0	0
2026-01-21	0	0	0	0	0	0	0	0	0	0	0	0	0	0	0	0	0	0	0	0	0	0	0	0	0	0	0	0	0.00520626448556143	0.011828486014314	0.0103276315560903	0.0106376179440343	0.0413265481129459	0.0392547499297363	0.0400608453238	0.0403578566335178	0.0894753050162578	0.0899667521573107	0.088531098350142	0.0880268444762894	0.154473312921246	0.158755145654132	0.157312874466259	0.154458666958363	0.179117578245626	0.179413685487451	0.179314180007584	0.17815455625934	0.178953743085493	0.178863676122246	0.179343388239551	0.17083919255271	0.153967760243332	0.160060389764959	0.160001981304314	0.160969868687396	0.125521521896874	0.122553697844133	0.125689141548973	0.12623563871002	0.0721168502184772	0.0712308132420242	0.0702699619068782	0.0703823746326203	0.0107297696260231	0.0111180898866915	0.0106766269782736	0.0114755135090117	0	0	0	0	0	0	0	0	0	0	0	0	0	0	0	0	0	0	0	0	0	0	0	0	0	0	0	0
2026-01-22	0	0	0	0	0	0	0	0	0	0	0	0	0	0	0	0	0	0	0	0	0	0	0	0	0	0	0	0	0.012768658986876	0.0158203300142606	0.0117446902585131	0.0136663207403502	0.0531469693791371	0.0533127395319448	0.0507840920894154	0.0547561989995026	0.0937013309559048	0.0932784411573578	0.0957598457852293	0.094260382101508	0.150138146421968	0.14828187196177	0.150708457991116	0.142871523625146	0.17655869725657	0.17584861351722	0.174766343893918	0.176826345332291	0.173796834387339	0.172314904232501	0.175191883359156	0.174696378021004	0.1560942253312	0.156041325106367	0.155954518875357	0.154909930687076	0.116531411233515	0.114747000468594	0.115096996140842	0.114624592157049	0.0653757420663023	0.0643870895940772	0.0664972462283813	0.0637399221112391	0.0120975773401713	0.0117663650941731	0.00875275826759341	0.0123832992980622	0	0	0	0	0	0	0	0	0	0	0	0	0	0	0	0	0	0	0	0	0	0	0	0	0	0	0	0
2026-01-23	0	0	0	0	0	0	0	0	0	0	0	0	0	0	0	0	0	0	0	0	0	0	0	0	0	0	0	0	0.015731962146323	0.0166160841198272	0.0167226352786776	0.0169293184551721	0.0692442161219278	0.0685540783122623	0.0688674588979385	0.0703342466678714	0.119624556064778	0.123650196089266	0.121932973292564	0.121792274553393	0.161964876592783	0.162412441414437	0.162210040973159	0.161412641019621	0.169318588258181	0.169413927268913	0.170930487555333	0.171336996917572	0.161080747955178	0.163053070776353	0.163254944341344	0.161611236927124	0.134287596887417	0.13754111133768	0.138614605280042	0.135556686494861	0.0988616376884305	0.0984005191055161	0.0999372162084153	0.0978006269976381	0.0597632558860804	0.0591643843342746	0.0590853829018431	0.0599869768778019	0.0122065983958485	0.0109508365740495	0.0122537198768493	0.0105888451532526	0	0	0	0	0	0	0	0	0	0	0	0	0	0	0	0	0	0	0	0	0	0	0	0	0	0	0	0
2026-01-24	0	0	0	0	0	0	0	0	0	0	0	0	0	0	0	0	0	0	0	0	0	0	0	0	0	0	0	0	0.0206370852230594	0.0186435231100219	0.0192430719910257	0.019476319675893	0.0818371549645484	0.0803373431967772	0.0793156774500861	0.0785098243885882	0.12935504643975	0.125791649665447	0.127543067604219	0.125310236290584	0.158789393486596	0.161739301950982	0.159934628132337	0.161536676430085	0.171793615894087	0.173149020232617	0.175070396081828	0.172986967791468	0.169941467918008	0.172524935506165	0.171805870563292	0.171727726012535	0.155993828812839	0.154690682313003	0.155420664902929	0.15389482397123	0.122568452041223	0.122936361168037	0.122080426532684	0.123414760258056	0.0769371226935312	0.0721338318187533	0.0703681823764839	0.0715608631112316	0.0136639863036793	0.0150449391380833	0.0121124413250695	0.013178633233168	0	0	0	0	0	0	0	0	0	0	0	0	0	0	0	0	0	0	0	0	0	0	0	0	0	0	0	0
2026-01-25	0	0	0	0	0	0	0	0	0	0	0	0	0	0	0	0	0	0	0	0	0	0	0	0	0	0	0	0	0.0298883067891933	0.0272260870166912	0.0269553645306606	0.0269302416634549	0.095577772565553	0.0987782400796732	0.0975359209609976	0.0961080663937762	0.140135405853662	0.139745712562453	0.141619231943698	0.142499649640188	0.167375210273206	0.167985365584432	0.166884510156872	0.16675491398549	0.177802593872364	0.177253908346829	0.180217274064409	0.178726223716398	0.175920513145571	0.17666095497582	0.175332279333595	0.175086252545014	0.160116066176907	0.159426219987287	0.158511282604014	0.157946431231791	0.123305235822278	0.12819168752391	0.126925225906259	0.127577850747553	0.0740464817497098	0.072151377854312	0.0750156470256782	0.0727864933702999	0.0102017186664356	0.014825115898338	0.00957750622769678	0.0113956592075296	0	0	0	0	0	0	0	0	0	0	0	0	0	0	0	0	0	0	0	0	0	0	0	0	0	0	0	0
2026-01-26	0	0	0	0	0	0	0	0	0	0	0	0	0	0	0	0	0	0	0	0	0	0	0	0	0	0	0	0	0.0273548587028754	0.0287588458427583	0.0270181281648362	0.0278681672895301	0.0934500960404461	0.0949737825058195	0.0954396849584172	0.0951364364953172	0.139661980438871	0.139346739517813	0.138585850948687	0.137405429094629	0.164756927334884	0.166104611460973	0.165912184617055	0.164226276587088	0.17580085296529	0.176945478594449	0.177154911548672	0.176098756891589	0.172120609216672	0.17431109657701	0.169586955301138	0.17398133890518	0.152940806989842	0.153487476328014	0.154479880828934	0.151091835853209	0.115583789644618	0.116205219691672	0.116529733369169	0.11768125729454	0.0602309016765016	0.056362559811951	0.055696078905756	0.0557104596057914	0.00830214381458149	0.00629795145113735	0.0068309960495795	0.00656890868470166	0	0	0	0	0	0	0	0	0	0	0	0	0	0	0	0	0	0	0	0	0	0	0	0	0	0	0	0
2026-01-27	0	0	0	0	0	0	0	0	0	0	0	0	0	0	0	0	0	0	0	0	0	0	0	0	0	0	0	0	0.0160816076284962	0.0196500561984312	0.0170006066894975	0.018267729483575	0.0781521797030959	0.0777067334851775	0.0749004877507024	0.0762405990610242	0.128249292116773	0.127234971830408	0.127251376813423	0.130264359239395	0.158281374426368	0.15744490478557	0.156380086076314	0.156893634711748	0.167679810078497	0.17011310303479	0.172320296625814	0.168886790260899	0.170422726257408	0.172206773936863	0.168978849826089	0.169391649979639	0.154434731323038	0.155196761770233	0.156817636924872	0.153550869981856	0.120770791286849	0.121785570479706	0.117760145602036	0.120683492631409	0.0630321794315038	0.0656644821257337	0.0632324110945191	0.0640709273482434	0.0108798205680984	0.0104124976284633	0.0096894686006928	0.00901821320274547	0	0	0	0	0	0	0	0	0	0	0	0	0	0	0	0	0	0	0	0	0	0	0	0	0	0	0	0
2026-01-28	0	0	0	0	0	0	0	0	0	0	0	0	0	0	0	0	0	0	0	0	0	0	0	0	0	0	0	0	0.0145086202931566	0.015068683425981	0.0172655140341127	0.0151571822467497	0.0698377387310427	0.0710895697977354	0.0695260034287565	0.0705466880424654	0.123954830262745	0.122160589303794	0.123005169843981	0.12187941058948	0.153790719198324	0.154474155769127	0.154156716565803	0.153578408466747	0.166828460824425	0.167415676177252	0.167525809819334	0.167230053178989	0.164857682120461	0.165661811104957	0.16249503392719	0.163985472847392	0.144572848254109	0.145906648040548	0.144240096155472	0.143280407549871	0.106686231854507	0.107039301529012	0.106906712579583	0.109367754036898	0.0540212685489931	0.0527755377477456	0.0524854078049603	0.054717785898301	0.00729973595504217	0.00731750996383295	0.00813560693343874	0.0102471471476861	0	0	0	0	0	0	0	0	0	0	0	0	0	0	0	0	0	0	0	0	0	0	0	0	0	0	0	0
2026-01-29	0	0	0	0	0	0	0	0	0	0	0	0	0	0	0	0	0	0	0	0	0	0	0	0	0	0	0	0	0.00868283000183747	0.00768896271549779	0.00624931306211603	0.00837889422054871	0.0357021734748104	0.0352175384509212	0.0382123525012397	0.0368679355730287	0.0833028675197198	0.0868963316344206	0.0842076263764079	0.0845931744694518	0.120345575379025	0.121461945086003	0.120687363448708	0.122505116086264	0.12992982339992	0.129214634540726	0.131255854618868	0.128599687440486	0.124213368332748	0.128046626960131	0.123565366494996	0.125174638212125	0.103724039642933	0.10740375132216	0.106691793682036	0.106180415352871	0.0767136173840691	0.0785339621445639	0.0780928918949532	0.0756595285764138	0.0345850805826865	0.0328788011974973	0.0330433468433073	0.0324927713765089	0.00507649912780611	0.00416135492654298	0.00348027831834596	0.00228186762730495	0	0	0	0	0	0	0	0	0	0	0	0	0	0	0	0	0	0	0	0	0	0	0	0	0	0	0	0
2026-01-30	0	0	0	0	0	0	0	0	0	0	0	0	0	0	0	0	0	0	0	0	0	0	0	0	0	0	0	0	0.00604990188774273	0.00575779514455739	0.00149223668695725	0.00370006628074262	0.022055424169887	0.0232802145961266	0.0205218091245521	0.0231425521094343	0.0495768901974197	0.0489420440503643	0.0481744959716868	0.0473065697805292	0.0938118087314606	0.0972144661790476	0.0944229693797787	0.0965507557097132	0.11691344481157	0.116371831446858	0.115270508795534	0.118444214946038	0.122095031928447	0.119750361448177	0.12327073802575	0.123883868597627	0.109520635851698	0.111666496471767	0.110383586988381	0.114429280688154	0.085455857401	0.0866649446642766	0.0871110119547397	0.0857681859799837	0.0393955171095578	0.040576655410457	0.0389318514407256	0.0380959760392595	0.00528223232494153	0.00629354745748634	0.00578923460693306	0.00363498561063908	0	0	0	0	0	0	0	0	0	0	0	0	0	0	0	0	0	0	0	0	0	0	0	0	0	0	0	0
2026-01-31	0	0	0	0	0	0	0	0	0	0	0	0	0	0	0	0	0	0	0	0	0	0	0	0	0	0	0	0	0.0147058758483867	0.0143861715177456	0.0143986979029359	0.0105092547309319	0.0563128341465176	0.0587341787670548	0.0584458593283455	0.0545071277580822	0.116423879656037	0.114489107821762	0.11624942031399	0.114837592208211	0.154704165357024	0.152712602153284	0.150962911765866	0.152620320723825	0.175737077288164	0.175735406849248	0.176219422390084	0.174308093472504	0.174421211829592	0.176788870119611	0.17538943652376	0.177400481527038	0.1585465747487	0.15864619571342	0.157682450414242	0.161124779123637	0.128228417075096	0.125154635927092	0.126471082278728	0.125145864719084	0.0729318589120423	0.0755319932026844	0.0753550740512875	0.0731810738339857	0.0151878931460564	0.01630573056332	0.0140532513096802	0.0154531249809434	0	0	0	0	0	0	0	0	0	0	0	0	0	0	0	0	0	0	0	0	0	0	0	0	0	0	0	0
2026-02-01	0	0	0	0	0	0	0	0	0	0	0	0	0	0	0	0	0	0	0	0	0	0	0	0	0	0	0	0	0.0296400270319218	0.0326154055649381	0.0292229987838795	0.0305215686192606	0.09329646876386	0.090094926184447	0.0912254920427875	0.0893831130089054	0.14123244453568	0.140150950362275	0.140224623012158	0.136391982089886	0.16751156390298	0.165325123813528	0.165166134860065	0.165997177423427	0.177443449855475	0.17713452624446	0.176154881541485	0.17526714235858	0.170394859042003	0.169849080934071	0.170282101986786	0.171473958037139	0.139628175624489	0.136625944200925	0.140272070045908	0.141473810128679	0.0896404912152551	0.0904164688973882	0.0908590882735887	0.087083951613768	0.0505546535844267	0.0497982582494716	0.0482438290415396	0.0474032591245621	0.00962051724566587	0.00831988403040575	0.00772806012086647	0.00833153860306192	0	0	0	0	0	0	0	0	0	0	0	0	0	0	0	0	0	0	0	0	0	0	0	0	0	0	0	0
2026-02-02	0	0	0	0	0	0	0	0	0	0	0	0	0	0	0	0	0	0	0	0	0	0	0	0	0	0	0	0	0.022497625792183	0.0229684609328043	0.0214037429992909	0.0231301702757217	0.0794657714082653	0.0786357780786842	0.0770607090558437	0.0768377414572067	0.13132101358749	0.130949117678713	0.13078600523183	0.134943863501967	0.163423894787115	0.164047795295785	0.16254320724568	0.16498510267142	0.177230001839588	0.178193148886406	0.1762403102344	0.177336539039606	0.174622660624389	0.176743706204996	0.175345574892975	0.17628805827764	0.160252466908263	0.157307875628307	0.159009448679314	0.158430208784116	0.128110076497652	0.126428536116229	0.127183182643847	0.128278204742272	0.0782473852418697	0.0778115935917876	0.0784797501653591	0.0784612710009836	0.0180398322757424	0.0157535979531911	0.0223457220257095	0.0168608477453569	0	0	0	0	0	0	0	0	0	0	0	0	0	0	0	0	0	0	0	0	0	0	0	0	0	0	0	0
2026-02-03	0	0	0	0	0	0	0	0	0	0	0	0	0	0	0	0	0	0	0	0	0	0	0	0	0	0	0	0	0.0288679408650485	0.0324847149233497	0.032190746542187	0.0334565976694148	0.0842387850928852	0.0881688011691076	0.0876566180174502	0.087935795720557	0.129956532573372	0.132694924574879	0.133841823380327	0.133506719471422	0.166844355690736	0.167510279238638	0.166569396752939	0.166075968317687	0.182425866379298	0.18233312513282	0.183419632192895	0.182821376294988	0.179758053300538	0.181925264104499	0.179275761457077	0.180040921137885	0.164908192387225	0.160798021954805	0.164912488652317	0.164381297005653	0.133798538813732	0.130083496521963	0.132614283350856	0.132503681313449	0.0820593831722864	0.0845958597558535	0.0837709177487045	0.0815738393231557	0.0219217736449236	0.0227747834096543	0.0202519824729759	0.0210514604724462	0	0	0	0	0	0	0	0	0	0	0	0	0	0	0	0	0	0	0	0	0	0	0	0	0	0	0	0
2026-02-04	0	0	0	0	0	0	0	0	0	0	0	0	0	0	0	0	0	0	0	0	0	0	0	0	0	0	0	0	0.0461861011424428	0.0447315599971236	0.0431495998484434	0.0449327390119901	0.10298021597818	0.104064082955334	0.107281271333751	0.102674429732735	0.147490216215761	0.145434336532986	0.146630110457502	0.147445336793751	0.172885319746194	0.171788038816908	0.171451302046257	0.172875339390641	0.186534157631152	0.181904137334282	0.183162045415775	0.181399659618791	0.18098598528091	0.178954600796236	0.181398357160579	0.182661056762276	0.165473658451868	0.164717948554652	0.163749686255951	0.165058706737529	0.133784061269101	0.132354834783926	0.133857451134883	0.133003652812091	0.0816540141126704	0.0849521350662693	0.0853690213399104	0.0860248294811498	0.0212428816171723	0.0219989402409064	0.0221812205991137	0.0245769575428075	0	0	0	0	0	0	0	0	0	0	0	0	0	0	0	0	0	0	0	0	0	0	0	0	0	0	0	0
2026-02-05	0	0	0	0	0	0	0	0	0	0	0	0	0	0	0	0	0	0	0	0	0	0	0	0	0	0	0	0	0.0436579396324693	0.0444506525382045	0.0425286009480185	0.0423628068813077	0.100581443001566	0.100420516907146	0.100627778138655	0.103370261952633	0.143323287751025	0.145913994046586	0.143164658264722	0.145598059937667	0.172329487413928	0.171325978170143	0.169731182626807	0.170613351789123	0.181209220784284	0.181933150149826	0.182595380656892	0.184262248408998	0.17831629933276	0.180497757802521	0.177567763760527	0.179618179104191	0.157350193271592	0.156906874663752	0.156190054235847	0.15655287782881	0.116052762780636	0.11451625909326	0.11451260215226	0.112918375973844	0.0632109418723581	0.0611284732353842	0.0598588940514317	0.059801690840826	0.0154260945101541	0.0155210482054131	0.015526180679545	0.0125266766048878	0	0	0	0	0	0	0	0	0	0	0	0	0	0	0	0	0	0	0	0	0	0	0	0	0	0	0	0
2026-02-06	0	0	0	0	0	0	0	0	0	0	0	0	0	0	0	0	0	0	0	0	0	0	0	0	0	0	0	0	0.00341958287616527	0.00375282491661274	0.00296673139975009	0.000860860807471889	0.0125592625534152	0.0120374765469869	0.0131690381199886	0.0122342227796094	0.024181919949346	0.0241892747735514	0.0239012066562935	0.025727598620809	0.0383539488066268	0.0390176830621462	0.0394085657814364	0.0382198023497906	0.0488330684924781	0.0472062106549097	0.0535215245868139	0.0494391962657982	0.0483717697923509	0.0467683387193619	0.0470004839105314	0.0458594075777559	0.0447968428004197	0.043381142525197	0.0445488731644605	0.0442731415099228	0.027980324531237	0.0309710504239791	0.0296235829636222	0.0304250420811616	0.011792173173936	0.0134018707998819	0.0132295031369643	0.0135764528892177	0.00230118102742257	0.00133483771316862	0.00123660505455183	0.00212737620485698	0	0	0	0	0	0	0	0	0	0	0	0	0	0	0	0	0	0	0	0	0	0	0	0	0	0	0	0
2026-02-07	0	0	0	0	0	0	0	0	0	0	0	0	0	0	0	0	0	0	0	0	0	0	0	0	0	0	0	0	0.0415228933126539	0.0421274214608603	0.0425897112685619	0.0387599739579239	0.103645869454229	0.104675132549008	0.103227219240954	0.100451778755809	0.147963921578567	0.147995785885923	0.148349647492774	0.146690645042735	0.173773324443144	0.176022520818419	0.174991768067311	0.173212386671126	0.184411921888808	0.186392155949936	0.186374539396183	0.185821382765073	0.183925459983104	0.180639484618507	0.185337482870792	0.182097572527597	0.166723333663401	0.165497640516903	0.166288775189355	0.166490250630342	0.129672122773002	0.131885338151303	0.130924954536357	0.130517584539338	0.0658907129390413	0.068167104225368	0.0676240485595027	0.065318134276088	0.00839315270376453	0.00953114078445053	0.00930641409524096	0.00976929241654398	0	0	0	0	0	0	0	0	0	0	0	0	0	0	0	0	0	0	0	0	0	0	0	0	0	0	0	0
2026-02-08	0	0	0	0	0	0	0	0	0	0	0	0	0	0	0	0	0	0	0	0	0	0	0	0	0	0	0	0	0.0225418644895884	0.0246446409403707	0.0272279910712719	0.023585503498769	0.0919161028981169	0.0877060753340753	0.0910048634661181	0.0883729583016897	0.1335423320053	0.133641110123407	0.134592804222491	0.135223753648802	0.151656877117767	0.150990656251398	0.15246764175655	0.150884824874286	0.160869138269127	0.160820536654251	0.157732853699353	0.162577471377269	0.153811457177604	0.152471663414097	0.154708899226562	0.153007980181737	0.150888337554566	0.152229644773066	0.152831619248273	0.150050398424094	0.111991399746186	0.112111440748453	0.114691010729943	0.113206148775418	0.0579818823617117	0.0603263310380634	0.0601466097227677	0.0575451768774571	0.0044728456270311	0.00430016198314882	0.00718779492407466	0.00803919746574542	0	0	0	0	0	0	0	0	0	0	0	0	0	0	0	0	0	0	0	0	0	0	0	0	0	0	0	0
2026-02-09	0	0	0	0	0	0	0	0	0	0	0	0	0	0	0	0	0	0	0	0	0	0	0	0	0	0	0	0	0.000151856462983817	0.000281551584553093	0.000717228102191501	0.000849363850271589	0.0061652769086715	0.00771319992027603	0.00441588347108561	0.00570563969996686	0.0270741040259702	0.0297209554666526	0.0311937802223713	0.0330111602850059	0.0705849500542457	0.0709662063947593	0.0748890241265689	0.071559819424426	0.13648026990421	0.135844320234733	0.133447989974281	0.135227419886776	0.153132871276234	0.15251334104355	0.156206318479453	0.153147469200764	0.150112655359037	0.148565054435408	0.148053581268814	0.147268708936741	0.120368578907964	0.122066403344443	0.120832731656609	0.119732286090984	0.0637590752044715	0.0642859448892964	0.0662511244660991	0.065703855440133	0.0122520364921413	0.0130760947623878	0.012868397224147	0.0138034715213239	0	0	0	0	0	0	0	0	0	0	0	0	0	0	0	0	0	0	0	0	0	0	0	0	0	0	0	0
2026-02-10	0	0	0	0	0	0	0	0	0	0	0	0	0	0	0	0	0	0	0	0	0	0	0	0	0	0	0	0	0.0149740754960693	0.0147138511170655	0.0157891557915237	0.0125229175953414	0.0246749007885489	0.0256987323775002	0.0255322161787731	0.0250941506551779	0.042030526988392	0.0425827684963662	0.0438906441681732	0.0404960603470686	0.0790605397514309	0.0808836588122252	0.0794142330596958	0.078641568376648	0.119417631520476	0.118005393119313	0.117820901163454	0.117756074196757	0.134743500382895	0.133347743829922	0.134209956088285	0.133698799698898	0.130884250885572	0.130990700099725	0.132094197664797	0.134030851349906	0.116586633405599	0.116313223866138	0.115413235250282	0.115686907477981	0.0692202430745386	0.0673136272626671	0.0682317212126757	0.0652344084501187	0.0157585040258683	0.0163733555420733	0.0150006425484968	0.0148674978835616	0	0	0	0	0	0	0	0	0	0	0	0	0	0	0	0	0	0	0	0	0	0	0	0	0	0	0	0
2026-02-11	0	0	0	0	0	0	0	0	0	0	0	0	0	0	0	0	0	0	0	0	0	0	0	0	0.000828677605487804	0.002614711310986	0.0012345201393247	0.0013220909442015	0.0520910144132915	0.0515926914840004	0.0518190847947273	0.0514972093079808	0.111904001105134	0.110857229892889	0.109333364159121	0.112905404842856	0.146965077323015	0.147808673942392	0.148570852793606	0.147655395940987	0.179105046240093	0.177704146455102	0.17567477337254	0.176516033932265	0.187417902395445	0.187434318736012	0.186461910490394	0.18768586837815	0.164577578922942	0.164201353414067	0.163421842156161	0.16379922550683	0.132336581276151	0.129412238379517	0.132803792011396	0.131447388332937	0.0928116109923031	0.0923790959591325	0.0940912884219506	0.0917180046266139	0.0518293629112556	0.0519244627850092	0.0502865477211419	0.0529596265825934	0.00945123534921697	0.0116842813471316	0.0084443490842167	0.00642013421943474	0	0	0	0	0	0	0	0	0	0	0	0	0	0	0	0	0	0	0	0	0	0	0	0	0	0	0	0
2026-02-12	0	0	0	0	0	0	0	0	0	0	0	0	0	0	0	0	0	0	0	0	0	0	0	0	0	0	0	0	0.0477734401391541	0.0483469564486608	0.0466140900395848	0.0482655133726002	0.105792111054848	0.106250131401867	0.105789066234384	0.106168691308901	0.145626581421435	0.142949670401936	0.14536081830977	0.14406292986686	0.172972792139795	0.171269688374118	0.173013517264954	0.171744002221133	0.182713937144131	0.182914848262517	0.186077725655454	0.187293488937898	0.180213707161701	0.182243731610171	0.180356643546004	0.180185917682123	0.164730147209754	0.164878543106898	0.164821991129202	0.164569318554147	0.136612501702016	0.136759675343041	0.131738089557578	0.136889733397364	0.0919614290785586	0.0916195185936979	0.0907852975445887	0.0906337547831547	0.0277590467417408	0.0295887235879691	0.0282839702461972	0.0303682594240929	0	0	0	0	0	0	0	0	0	0	0	0	0	0	0	0	0	0	0	0	0	0	0	0	0	0	0	0
2026-02-13	0	0	0	0	0	0	0	0	0	0	0	0	0	0	0	0	0	0	0	0	0	0	0	0	0	0	0	0	0.0514416523097646	0.0547588916134866	0.0536048799994199	0.055194576077329	0.110791141347229	0.1110704357225	0.113014437783341	0.11112398514693	0.152995956339698	0.154328442578294	0.15090572968415	0.152769871397858	0.17553400768628	0.178732874971668	0.178804796615948	0.178928320726104	0.18982160407563	0.186585432268048	0.189174048914811	0.190418914741511	0.187683758938392	0.184687874917934	0.187388208108972	0.186240158034702	0.171275225863515	0.171459981940102	0.169183588314032	0.169081203882351	0.138801089755882	0.139593486620668	0.139497725763364	0.140107697860087	0.0929422896631944	0.0920421954843395	0.0909017647751714	0.0921137500772947	0.0266316661805428	0.032153033771047	0.0279863197220874	0.0312289803263228	0	0	0	0	0	0	0	0	0	0	0	0	0	0	0	0	0	0	0	0	0	0	0	0	0	0	0	0
2026-02-14	0	0	0	0	0	0	0	0	0	0	0	0	0	0	0	0	0	0	0	0	0	0	0	0	0	0	0	0	0.0395693588559912	0.0460311901447003	0.0396350203005146	0.041764430698794	0.0995445308719315	0.0973504690805347	0.100374410326754	0.10073058972078	0.14691563610913	0.144094186783528	0.146805684723114	0.148184492384229	0.173017115688277	0.175157602468097	0.175130525826393	0.170694756017234	0.179646589812744	0.181840253753074	0.177457219232155	0.181055937202027	0.158572607579927	0.159187107073016	0.160952001213148	0.159288284133909	0.107820438406746	0.111127078399632	0.108097841433063	0.109954641760559	0.0742242081945378	0.0695620067068431	0.0731889175071196	0.0730248675914994	0.0448960551683403	0.0450574377725996	0.045823943269117	0.044222563789943	0.0129366476194458	0.00965230354752498	0.0136830091900672	0.011728039642962	0	0	0	0	0	0	0	0	0	0	0	0	0	0	0	0	0	0	0	0	0	0	0	0	0	0	0	0
2026-02-15	0	0	0	0	0	0	0	0	0	0	0	0	0	0	0	0	0	0	0	0	0	0	0	0	0	0	0	0	0.00861407799730964	0.00688608901351884	0.00996395064366815	0.0115358823455034	0.0267324102745789	0.0305446995475183	0.0315973806839703	0.0331255094939325	0.0499835229358946	0.0506517226985644	0.0473442126624966	0.0520205417030444	0.0634415499765684	0.0643999497528698	0.0638904774771637	0.0632680227933981	0.0701180245699684	0.0737624266646374	0.0725192274240568	0.0716003213413373	0.0765106660795089	0.0786220000204303	0.0755103130146111	0.0753570208854497	0.0756871930164857	0.0753212257686293	0.0738420480572809	0.0711495331576041	0.0567259977966246	0.0558572090303704	0.0582056691312588	0.0562111240417461	0.0324846950650964	0.0325717627940997	0.0325778862421394	0.0333656558986645	0.00741123361471848	0.00811339623007795	0.00953436822256835	0.00994100193263522	0	0	0	0	0	0	0	0	0	0	0	0	0	0	0	0	0	0	0	0	0	0	0	0	0	0	0	0
2026-02-16	0	0	0	0	0	0	0	0	0	0	0	0	0	0	0	0	0	0	0	0	0	0	0	0	0	0	0	0	0.00811759021548539	0.00689477743698999	0.00932682266620166	0.010660809681323	0.0286464672388417	0.0279486318417898	0.028834231334089	0.0295706695852794	0.0479825068294022	0.049246892859861	0.0502985586324314	0.0484720416783054	0.0664407332413353	0.0640073239478658	0.0614103932614187	0.0651415495493801	0.0741898909086596	0.0724353296092067	0.0729039104721934	0.0734708690099404	0.0683009453094264	0.0663986327693785	0.067786110198306	0.0675143117228892	0.0568801638037116	0.0594632869793798	0.0584056798542847	0.0582508693626239	0.0437090062308367	0.0435508188629884	0.048489158516846	0.0452510163893289	0.0246181679721384	0.0253614312191747	0.0269695626249964	0.0250508381836905	0.00649345302430516	0.00814660953324443	0.00796330506897418	0.00739663237347623	0	0	0	0	0	0	0	0	0	0	0	0	0	0	0	0	0	0	0	0	0	0	0	0	0	0	0	0
2026-02-17	0	0	0	0	0	0	0	0	0	0	0	0	0	0	0	0	0	0	0	0	0	0	0	0	0	0	0	0	0.0324122793353366	0.0335555814404218	0.0343008213201272	0.0337313179041144	0.092634720932003	0.0950080929957332	0.0956852991330433	0.0966718869392205	0.147514688027436	0.146609051320422	0.144805864549033	0.144070396103108	0.170348877485825	0.175581532486501	0.172452281113913	0.171617308913761	0.183053201121927	0.184632465362963	0.183566150785308	0.184748182729801	0.180510392826093	0.183070394251816	0.180762636019985	0.182656576902106	0.16327194095576	0.16685190085125	0.164844873751994	0.167031284440996	0.133051519571766	0.135306475568492	0.135286897221028	0.134355107638714	0.086446184988103	0.0882004568208462	0.0872013772738646	0.0881519809171862	0.029663046013861	0.0266096482675793	0.0298215486408569	0.0289057570777028	0	0	0	0	0	0	0	0	0	0	0	0	0	0	0	0	0	0	0	0	0	0	0	0	0	0	0	0
2026-02-18	0	0	0	0	0	0	0	0	0	0	0	0	0	0	0	0	0	0	0	0	0	0	0	0	0.000538243051267818	0.000273312946870368	1.53301827875526e-05	0.000173113819074261	0.044823329623385	0.047971417124795	0.0489940317521688	0.0482112214996512	0.103696107394022	0.10114178680641	0.102892134844678	0.103269970954891	0.137049126118345	0.135869653052458	0.136504391167117	0.13557682966208	0.161035341217077	0.159514655809847	0.159600817643241	0.160849185329835	0.171702111919996	0.174135982859407	0.172197191346143	0.172964713874454	0.176599406563809	0.172889026699273	0.175718271895871	0.174793294841047	0.161147933315339	0.159945644879579	0.159823849856399	0.166082571948683	0.132365984256011	0.13225236055742	0.130568245647147	0.133813409539421	0.0841886112142854	0.0842826375294654	0.0814195679955042	0.0831091832607451	0.0240302845809694	0.0249302765465635	0.0248528086479101	0.022186630224557	0	0	0	0	0	0	0	0	0	0	0	0	0	0	0	0	0	0	0	0	0	0	0	0	0	0	0	0
2026-02-19	0	0	0	0	0	0	0	0	0	0	0	0	0	0	0	0	0	0	0	0	0	0	0	0	0	0	0	0	0.0273869300480565	0.0266650133676688	0.0264143492781877	0.026533707306087	0.0727900745639318	0.072747780750185	0.0730199903371699	0.0714421543487133	0.107742985738756	0.10852049418466	0.109276865804034	0.108459654272551	0.131716605582684	0.132064205193693	0.129352955501891	0.131866233721733	0.147146619201851	0.152242032147098	0.148664306221003	0.150947042430048	0.159976646900444	0.159988126784675	0.159768919688757	0.161266306626124	0.154300726735789	0.157432080687357	0.154981663781962	0.159285528794892	0.138553656618218	0.138709407035788	0.13889047345372	0.138846462892274	0.0930481950967735	0.095148230840844	0.0969922667495065	0.0978113073128759	0.0353865329945976	0.0327746086500292	0.0352789407588553	0.0345599175965179	0	0	0	0	0	0	0	0	0	0	0	0	0	0	0	0	0	0	0	0	0	0	0	0	0	0	0	0
2026-02-20	0	0	0	0	0	0	0	0	0	0	0	0	0	0	0	0	0	0	0	0	0	0	0	0	0.00159659206625706	0.00019332498395503	0.000886448223700374	0.000323634726087533	0.056770936066779	0.0573064627918533	0.0561196626802306	0.0568029384611371	0.118798167495247	0.115661288522198	0.115069148088104	0.117471395894451	0.156630512555902	0.15658493234408	0.159314595956657	0.157469959143361	0.184732313184436	0.182847944593832	0.184310715008252	0.182109027213479	0.194677727325296	0.195170859292161	0.193564656572614	0.194586756809929	0.191374337609719	0.191711587437068	0.192742273720876	0.191171801232337	0.176669446043047	0.175489172473012	0.175899129379344	0.174942252104598	0.144179627893098	0.147440454062193	0.14327913225062	0.144100785794088	0.0947597487463916	0.0957955665635911	0.0933024217562329	0.0971422629337844	0.0328370613229803	0.033977668365103	0.0345971769340928	0.034588093377824	0	0	0	0	0	0	0	0	0	0	0	0	0	0	0	0	0	0	0	0	0	0	0	0	0	0	0	0
2026-02-21	0	0	0	0	0	0	0	0	0	0	0	0	0	0	0	0	0	0	0	0	0	0	0	0	0.000471113391332971	1.95911418618671e-07	0.00137443552467316	0.00115425517257525	0.0518942462602181	0.0520106659252504	0.0525282385541241	0.0515668492604074	0.108431207760975	0.109981068496587	0.108444716329124	0.108143007413314	0.116049894796199	0.114164797032689	0.115885895004828	0.115899413166284	0.0614305854326426	0.0612081701995892	0.0625693632037194	0.0627918811640489	0.0604171985861171	0.0598363989688423	0.0605351636579109	0.0602112387871297	0.103772259217051	0.0989364394927419	0.1033911090415	0.103900192248707	0.151530542239857	0.147543890938799	0.150792743466193	0.151132823355151	0.114137794237678	0.1180936922765	0.116514413726647	0.113254099759175	0.0677149450789338	0.0683534398113489	0.0674646188519552	0.071466996257762	0.024089165102868	0.023248453620394	0.0250507127507553	0.0236116685259827	0	0	0	0	0	0	0	0	0	0	0	0	0	0	0	0	0	0	0	0	0	0	0	0	0	0	0	0
2026-02-22	0	0	0	0	0	0	0	0	0	0	0	0	0	0	0	0	0	0	0	0	0	0	0	0	0.000564079857421253	0.000164633460566269	0.000183435505531514	8.78511764809639e-05	0.0244661306945558	0.0261643414951335	0.0241395642178307	0.0262299635924801	0.0972343223839859	0.0988734074815472	0.0987996178631706	0.0980926522712963	0.146665230706249	0.147204517666319	0.151846001266584	0.146284250360848	0.16146737396527	0.161127521109143	0.161654447884836	0.16175065704075	0.168137400955299	0.168431501390665	0.17138207033794	0.170049027316097	0.166647559218028	0.164185511852722	0.166224741088147	0.167942187841103	0.113459746710576	0.113278549978454	0.115547082673721	0.11571462063725	0.0885401286354154	0.0881320123273704	0.0876429465068966	0.0876849125303175	0.0534713588459304	0.0527503583577496	0.0553842019722181	0.0543940808241018	0.0152122823369649	0.0157208697304935	0.0164617468011898	0.0166051011313518	0	0	0	0	0	0	0	0	0	0	0	0	0	0	0	0	0	0	0	0	0	0	0	0	0	0	0	0
2026-02-23	0	0	0	0	0	0	0	0	0	0	0	0	0	0	0	0	0	0	0	0	0	0	0	0	0.000564975309731515	0.000630457660169985	0.00158932717127944	0.00221523985881905	0.0547975456732694	0.0570938659945777	0.0555125390996589	0.053596049232494	0.112963066417127	0.112711837885181	0.110787731107645	0.113537364590048	0.15388420389633	0.154513891487	0.156423308334454	0.156178596282215	0.181120273915418	0.17745055466359	0.180103016686441	0.17932615473455	0.176058434537466	0.176724318562054	0.177222807615473	0.175994439285007	0.151554910376322	0.153497863305202	0.151723183712037	0.15322404260644	0.116117653945473	0.118395171216341	0.118593257041783	0.116893917796403	0.0886846717950251	0.0892790682385895	0.0902263522867217	0.0898099076796636	0.0612436203233886	0.0620539269320033	0.0589285228565649	0.0607739298880431	0.0230328278344188	0.0234372137035257	0.0240458014512238	0.0204841570108317	0	0	0	0	0	0	0	0	0	0	0	0	0	0	0	0	0	0	0	0	0	0	0	0	0	0	0	0
2026-02-24	0	0	0	0	0	0	0	0	0	0	0	0	0	0	0	0	0	0	0	0	0	0	0	0	0.00251185904790511	0.000697381593694946	0.000290669099772264	0.000500090258627676	0.0337186864779837	0.035899289927017	0.033421567482217	0.0329604561127823	0.0576166737945203	0.0578861736709076	0.0568213485990723	0.0576758039354998	0.0643020838297913	0.0641547005041823	0.0625853550050999	0.0629578606609265	0.0903514198218435	0.0914278736304223	0.0924130861082745	0.0918076204394597	0.132026680323274	0.13236031121441	0.1304036960441	0.130209312418216	0.140636845541265	0.142075393878119	0.143068905514885	0.141218855065731	0.127064449137477	0.126905882962964	0.123082030640139	0.12594763725942	0.104037456286337	0.102116238606744	0.102376334630294	0.101469970476625	0.0707863692081469	0.0720455795741379	0.0714245386331495	0.0697435125845656	0.030076422533341	0.0288731548082427	0.0272630780170013	0.0277873446414151	0	0	0	0	0	0	0	0	0	0	0	0	0	0	0	0	0	0	0	0	0	0	0	0	0	0	0	0
2026-02-25	0	0	0	0	0	0	0	0	0	0	0	0	0	0	0	0	0	0	0	0	0	0	0	0	0	0	0	0	0.00923695899458309	0.00940907487593584	0.0109418080352402	0.0104121580942408	0.0161961996347169	0.016183340754138	0.0151895700149427	0.0154308895962025	0.026883907489787	0.0262569227624817	0.0258539620492294	0.0270052076985019	0.0516167951164737	0.0486779741687821	0.0485725409047195	0.0511326898100247	0.0697509456522513	0.0690917818879136	0.0712629046176546	0.0688943678421805	0.0731111058057932	0.0716800956217907	0.0733566221111039	0.0718521764613123	0.0490680288174729	0.0508732050749894	0.0483482430229075	0.0497105230846302	0.0286028805900061	0.0260802545995454	0.0298825595888982	0.0264343052215503	0.014565561725256	0.0164642049031641	0.0142447223273704	0.0137255110442095	0.0068272673200454	0.00445784171224015	0.00404061733555889	0.00567427363215557	0	0	0	0	0	0	0	0	0	0	0	0	0	0	0	0	0	0	0	0	0	0	0	0	0	0	0	0
2026-02-26	0	0	0	0	0	0	0	0	0	0	0	0	0	0	0	0	0	0	0	0	0	0	0	0	0.000759931060143339	0.000503928409577927	0.000436846961689355	0.00129929356858938	0.0159197649436903	0.017892324543494	0.0189672384467468	0.0182206720660688	0.0450980160310587	0.0438282518389749	0.0452624261141596	0.0438113060158068	0.084428553513822	0.0830565334506755	0.0847121967044184	0.084802716331084	0.142724854358224	0.143374391268375	0.142044898596615	0.143855855776786	0.177885541387919	0.17987201882788	0.178394369793732	0.177848069990469	0.189337166772964	0.187248148388912	0.187488373619257	0.189926311218868	0.171886631332359	0.1714374059284	0.170597315585306	0.172078647153935	0.141686787453652	0.139759194946675	0.138999075139235	0.140554942460438	0.0937011616602317	0.0938797230902593	0.09766408691877	0.092755028330739	0.0356686490493863	0.0380035337853348	0.037956320375766	0.0363714967895128	0.000186081352302736	0.000116527796843299	0.000241968839208878	0.000455422011645087	0	0	0	0	0	0	0	0	0	0	0	0	0	0	0	0	0	0	0	0	0	0	0	0
2026-02-27	0	0	0	0	0	0	0	0	0	0	0	0	0	0	0	0	0	0	0	0	0	0	0	0	0.00143322325427014	0.00335549413826104	0.000997608734124686	0.00421367387334413	0.0574381316385448	0.0592841265275226	0.0589157355543333	0.0583620062795993	0.115734798510417	0.117215991264242	0.117604747375985	0.116444462849356	0.157323030535164	0.158159767594928	0.160608490047283	0.158908711822625	0.179430164578163	0.184524727166377	0.18517353403316	0.182871574222301	0.191793486470828	0.193505314329323	0.194276962273017	0.196424236926831	0.188491301296329	0.187843935402129	0.189697791233967	0.186966972067575	0.171511186087754	0.170954409906769	0.171438602443332	0.171095801562144	0.14135091644254	0.141324786730652	0.140281628957924	0.139042667868885	0.0971393939701579	0.0981296030274949	0.097462681543931	0.0992683214584162	0.0400456605101784	0.0436898708823756	0.0441372662619296	0.0421272023455165	0.000935660218682246	0.00129613633440207	0.00026069891856841	0.000507504528347272	0	0	0	0	0	0	0	0	0	0	0	0	0	0	0	0	0	0	0	0	0	0	0	0
2026-02-28	0	0	0	0	0	0	0	0	0	0	0	0	0	0	0	0	0	0	0	0	0	0	0	0	0.000427193226693829	0.000485172364747167	0.000409075913557207	0.000678558495001797	0.0191442249143323	0.018765269546921	0.0213277996924642	0.0177627058462824	0.0565198240478662	0.0568779552876171	0.0613426342286577	0.0562595864358589	0.0969214408780885	0.0978975729522433	0.0960060101874309	0.0971749759822374	0.118658434796437	0.121163756534483	0.119223484652204	0.119954324016876	0.117626539239256	0.116447895741338	0.114559199003784	0.114366366015622	0.14663787621942	0.147024671209327	0.145829679431894	0.146507773139359	0.170509448431802	0.173169647342547	0.173351648721062	0.170969255504589	0.14792676921296	0.146502710743568	0.148176536623393	0.147393983420079	0.100278956971206	0.101900761787574	0.101297986375832	0.100522294865388	0.0438178974004234	0.0430764185662329	0.0416023262240238	0.0385033578093199	0.00152536024487209	0.000860786421699519	0.000127569734498869	0.000486283598929518	0	0	0	0	0	0	0	0	0	0	0	0	0	0	0	0	0	0	0	0	0	0	0	0
2026-03-01	0	0	0	0	0	0	0	0	0	0	0	0	0	0	0	0	0	0	0	0	0	0	0	0	0.00406351262689071	0.00427989961163966	0.00425657197732169	0.00540001578414795	0.0662445569733743	0.0670608186043201	0.0678914297923303	0.0668031946299753	0.124608930656098	0.123699307096899	0.126067193896244	0.124624568350758	0.165740877836649	0.167829240513941	0.166759974502346	0.167669907147064	0.193311144154345	0.192661655938445	0.193717684271228	0.193309515635983	0.206327830170256	0.204217831559301	0.201324874276026	0.205129463994418	0.20134180902256	0.201443578744123	0.201229297327646	0.199985314905671	0.184743864475191	0.185083868720994	0.18527370975071	0.183898557053105	0.152078747405889	0.153144837466754	0.154561318718554	0.156215096408803	0.109459565831253	0.106477923027997	0.110091832150782	0.106970678989967	0.0480306095364256	0.0496266123263546	0.0474116447743475	0.0479311333628724	0.000939450431291154	0.0034287174022003	0.00262482508291762	7.00708359092418e-06	0	0	0	0	0	0	0	0	0	0	0	0	0	0	0	0	0	0	0	0	0	0	0	0
2026-03-02	0	0	0	0	0	0	0	0	0	0	0	0	0	0	0	0	0	0	0	0	0	0	0	0	0.00587877648140135	0.00333994006226504	0.00444164511618128	0.00133963834015233	0.0577625247236404	0.0585482246157521	0.0576762468392795	0.0570130038213281	0.114468215135372	0.117002726151675	0.111306929986229	0.112222128726724	0.153965820528007	0.156279980554398	0.15419667504575	0.153557523871845	0.170785069280134	0.169284768985527	0.170415398472522	0.168514763261817	0.140811650461465	0.144183006399306	0.145164054359494	0.143841288779735	0.0979479889057823	0.101024640374613	0.100273058419829	0.103754312299776	0.0714823143651371	0.0731970947827843	0.0721337633344006	0.074186827517678	0.0494740820716758	0.0477549220493408	0.0470239506589894	0.0477470452199941	0.0195364926704213	0.0178785400195463	0.0244157006394827	0.0201692666705497	0.00279773416822247	0.00482800791279131	0.00372742816664581	0.00564682975234041	0	0	0	0	0	0	0	0	0	0	0	0	0	0	0	0	0	0	0	0	0	0	0	0	0	0	0	0
2026-03-03	0	0	0	0	0	0	0	0	0	0	0	0	0	0	0	0	0	0	0	0	0	0	0	0	0.001474075830905	0.00198076879966096	0.000393331493204619	0.00115182387622942	0.025585495925309	0.0242311327707105	0.0266406997874578	0.0235426715165227	0.0741877043493855	0.0674100028839191	0.0656530904037397	0.0667492023629557	0.117523533735832	0.114032096282443	0.115587847082002	0.115856522899724	0.151375377371546	0.152109788516405	0.149084784540082	0.152430049571967	0.166713358518031	0.165333162925252	0.164639167019723	0.166314311536993	0.163093494086337	0.162218923765018	0.162504722253022	0.164182859895623	0.150743258817491	0.150317949657773	0.151562885924481	0.150375905600255	0.124784634098257	0.1251912811126	0.125972417125104	0.126051667664039	0.0868099818771063	0.0872418485604816	0.0893576616544782	0.0865905079079339	0.0350996662263671	0.0361483650967234	0.0385965473627426	0.0361554213141669	0.00179028260897406	0.000574728566427562	0.00170551186290504	0.00192947696169334	0	0	0	0	0	0	0	0	0	0	0	0	0	0	0	0	0	0	0	0	0	0	0	0
2026-03-04	0	0	0	0	0	0	0	0	0	0	0	0	0	0	0	0	0	0	0	0	0	0	0	0	0.00567198392022942	0.00403777762254484	0.00680753054120974	0.004482707916016	0.0648048858889372	0.0639516506411552	0.0654448287651467	0.0647986347047609	0.126133324866867	0.120976598477943	0.128673286070962	0.126216790584228	0.167427289603436	0.165845141370584	0.167608358089523	0.166119210936458	0.190647972718831	0.190205745747458	0.189633357779753	0.194512923753958	0.199313849230566	0.196195062461907	0.19679576737316	0.195695320934366	0.164471508300251	0.16535849002305	0.164195265849555	0.164974735827143	0.104790487399444	0.10434672572863	0.106514123524859	0.106348663347067	0.0517813775388623	0.0492118701995002	0.0525610866280738	0.0514456656335637	0.026825051120316	0.0264696386326275	0.0276188943438688	0.0270864159031877	0.00943577447104367	0.0106204465274206	0.0131069711785113	0.0128368078230244	0.000664025674810263	0.000770416698159481	0.00102771911211157	0.000537838514918688	0	0	0	0	0	0	0	0	0	0	0	0	0	0	0	0	0	0	0	0	0	0	0	0
2026-03-05	0	0	0	0	0	0	0	0	0	0	0	0	0	0	0	0	0	0	0	0	0	0	0	0	0.00715928615592683	0.00618216450637677	0.00914348198442916	0.00551506735326723	0.0681390790985505	0.0698937283368356	0.0692511639778103	0.0697160285868037	0.127927328330231	0.127429505493177	0.128956202233292	0.126686963943301	0.168129634023771	0.167850507523743	0.169022517352801	0.167997341099685	0.196438950765138	0.190404561432022	0.197637283703227	0.195519204099613	0.209428787560374	0.203228800399274	0.208348517511879	0.206993894528474	0.203750020407683	0.204179255923948	0.204979365860255	0.205091357808114	0.190225970519394	0.189224423289492	0.187541099906951	0.188008506284163	0.159651405327362	0.158729872178549	0.159492189351279	0.16012653314281	0.114831782306979	0.115919957557941	0.116013883917411	0.11323437621767	0.0573933070115025	0.057549765074891	0.0541807912112414	0.0568761367023651	0.00579414261683382	0.000633803314856601	0.00451355609542545	0.00505849797288413	0	0	0	0	0	0	0	0	0	0	0	0	0	0	0	0	0	0	0	0	0	0	0	0
2026-03-06	0	0	0	0	0	0	0	0	0	0	0	0	0	0	0	0	0	0	0	0	0	0	0	0	0.00859946066643411	0.0093141334588817	0.00707419611768501	0.00701220975699917	0.0710732919774845	0.0702555057329584	0.0704900911413707	0.0701811111481864	0.126738571068495	0.12613411754504	0.127172621834357	0.125954689552107	0.166524391983752	0.169003025390456	0.165808278767982	0.16566430385781	0.190696942323624	0.194785518563667	0.1911593726287	0.191358166484009	0.20493645496633	0.202032397172764	0.203172341700679	0.203858806160227	0.200443313848545	0.201051848598135	0.202917580427971	0.203587257125349	0.188871861625111	0.186993305154224	0.185562180962988	0.186572652257677	0.158605699282569	0.160611642877799	0.157456469326219	0.156326188513413	0.114594572468866	0.111521861377392	0.11429735972176	0.114586206431982	0.0537641081154643	0.053404033062622	0.054596597145838	0.0552352616760757	0.00133001103907435	0.00476933344644557	0.0026143295481177	0.00528632596636238	0	0	0	0	0	0	0	0	0	0	0	0	0	0	0	0	0	0	0	0	0	0	0	0
2026-03-07	0	0	0	0	0	0	0	0	0	0	0	0	0	0	0	0	0	0	0	0	0	0	0	0	0.00407487418519108	0.00324262944588508	0.00254972464741691	0.00113277172150694	0.0328212641520145	0.0345534158801435	0.0362354260881354	0.0343898938797066	0.0809509047846246	0.0790869539331887	0.0795301887953929	0.0814319524867937	0.141112938348529	0.143241664292	0.143504782378911	0.14314061498056	0.181335050036706	0.182562252755402	0.181991234340145	0.184111462867747	0.198351543962553	0.200928716487786	0.200102171744463	0.201617567805199	0.200426267478013	0.199004495624648	0.197739410187103	0.199829826710236	0.185555628883677	0.18491268100965	0.185951745303171	0.185579944803502	0.154808893606495	0.157616054729683	0.158044186693279	0.157530864970544	0.107637893700652	0.108263603226948	0.110991871611536	0.110106631460864	0.0442694699310796	0.0468641145222618	0.0467191294585719	0.0451472860880867	0.00210799104817343	0.00367669632873226	0.00245542586996854	0.00275988675312576	0	0	0	0	0	0	0	0	0	0	0	0	0	0	0	0	0	0	0	0	0	0	0	0
2026-03-08	0	0	0	0	0	0	0	0	0	0	0	0	0	0	0	0	0	0	0	0	0	0	0	0	0.00519887728722789	0.00218362156544718	0.00348910427256299	0.00312839687476193	0.0499944072383877	0.0494561186146168	0.0486586273066663	0.0488908468403292	0.117500631205474	0.116914413324689	0.116341316954209	0.115243638515629	0.163913578869889	0.164285013036398	0.165249715013226	0.163551693080487	0.185354303641387	0.187288187680705	0.183627900279655	0.186729608398253	0.18411591538589	0.184957478324344	0.184713087297659	0.183213518992108	0.158899952791744	0.156569477986447	0.154905858218084	0.156624711003725	0.11044392391069	0.111148167829821	0.111859217318479	0.110548690941011	0.0725407732142022	0.0735963883009088	0.0743475057941191	0.0745153326907698	0.0492676569591573	0.0504032991367743	0.0504634181576784	0.04886562574639	0.0273012530865666	0.0279558560681073	0.0277777133871722	0.0289651774581539	0.00379250517200883	0.00157966868453296	0.00301818348997498	0.00160964265348322	0	0	0	0	0	0	0	0	0	0	0	0	0	0	0	0	0	0	0	0	0	0	0	0
2026-03-09	0	0	0	0	0	0	0	0	0	0	0	0	0	0	0	0	0	0	0	0	0	0	0	0	0	0	0	0	0.0049561541562172	0.00574522626053881	0.00565490357063877	0.00264371601260522	0.0140426305937968	0.0128306269860904	0.0131385950715139	0.0159881473485989	0.0222443065404956	0.0218296421105963	0.0226909072326133	0.0222351441162949	0.0309886673024239	0.0301971227143312	0.0302176708617966	0.0345965391214483	0.0377861865910825	0.0388266279646992	0.0365062563009965	0.0378809291432218	0.0387709089185621	0.0383871293952642	0.0377459408447083	0.0380960208414653	0.0340336156859873	0.0367700069018585	0.038594793434964	0.0356015839771901	0.0280972205755066	0.0278094330524644	0.026978695560692	0.0271146508113369	0.0201316080832478	0.0216337158422467	0.0211579365451221	0.0200767395293834	0.0145129236259622	0.0150789080384433	0.0146589963861755	0.0137491719494189	0.000197234947733251	0.0016377244366885	0.00206733753605582	0.00209770307952242	0	0	0	0	0	0	0	0	0	0	0	0	0	0	0	0	0	0	0	0	0	0	0	0
2026-03-10	0	0	0	0	0	0	0	0	0	0	0	0	0	0	0	0	0	0	0	0	0	0	0	0	0.00816316914017743	0.00541088116215072	0.00787784020423377	0.00854810949343808	0.0520775338198851	0.0517736042238402	0.0520977446225512	0.0500511173337235	0.112726061913205	0.109312790329149	0.108482587300335	0.109478560457311	0.156525370654011	0.157072357636078	0.15441547552411	0.154986796185801	0.168506378053711	0.16567149423936	0.165568674137872	0.164253453569057	0.156220976304352	0.155051267914171	0.155337888843159	0.153389866938318	0.15170559202903	0.152914831175716	0.151568483231531	0.150811093563723	0.129025933296507	0.133133885242459	0.136871135194834	0.132969046266199	0.0928927017424293	0.0924433203721601	0.0901935804145434	0.0914703974708673	0.0567080836492929	0.0534964725149332	0.054667062961708	0.0551283808740659	0.0247252683975838	0.0237115484779244	0.0219706804747779	0.0255925026497139	0.00298975735704599	0.00347260255572748	0.000158230420100943	0.00337940966712558	0	0	0	0	0	0	0	0	0	0	0	0	0	0	0	0	0	0	0	0	0	0	0	0
2026-03-11	0	0	0	0	0	0	0	0	0	0	0	0	0	0	0	0	0	0	0	0	0	0	0	0	0.00918428881478381	0.00865365989580757	0.00650900556809001	0.00865304572131861	0.0609339419634109	0.0618617866582818	0.0616066483107872	0.0595976230675201	0.114782474395954	0.113673377132479	0.114935126789862	0.115609021681705	0.159235413890658	0.157615130026966	0.158335261937556	0.15881419414482	0.188320388013266	0.18842569220368	0.18784922722079	0.189404692562264	0.200081209445092	0.200841095202052	0.200791268457154	0.203286426895702	0.199043809577737	0.199592368772845	0.199289679979238	0.20107414167018	0.182978142170562	0.182180085088149	0.182438805801885	0.185402966939404	0.153378241924402	0.151782541946882	0.153578558093515	0.152260658035201	0.109803133551791	0.107156606492706	0.108700226725913	0.108340033229591	0.0521834883006696	0.0541853837806091	0.0533090872164283	0.055322040702293	0.00638335016247223	0.00623760941352591	0.0059771066336825	0.00540193379031936	0	0	0	0	0	0	0	0	0	0	0	0	0	0	0	0	0	0	0	0	0	0	0	0
2026-03-12	0	0	0	0	0	0	0	0	0	0	0	0	0	0	0	0	0	0	0	0	0	0	0	0	0.0107882985763651	0.0113896637509255	0.00986824082776787	0.00995379684494152	0.0719689160084218	0.0714723052434987	0.0693096524847157	0.0712491262633639	0.12548656610196	0.129809921468748	0.127320477324015	0.128383035105277	0.165564042575375	0.167681459749314	0.168125479154381	0.16662901852093	0.193120225194703	0.191199125229056	0.190748916145125	0.190931733431116	0.201534823731028	0.203806711746283	0.204375164402269	0.20328330012042	0.202548711579489	0.202295558816204	0.201444218700705	0.199711510903601	0.187807234615308	0.188038728832546	0.187682372439756	0.18347166411239	0.158600710952058	0.157444084995677	0.158707542686677	0.159247661365588	0.115368238531484	0.116029275055736	0.11611600182249	0.11548648459029	0.060550041673175	0.0596132384306091	0.0590596907742238	0.0597770291219921	0.00695087551298163	0.0067991569977307	0.0064399608866545	0.0108100066026332	0	0	0	0	0	0	0	0	0	0	0	0	0	0	0	0	0	0	0	0	0	0	0	0
2026-03-13	0	0	0	0	0	0	0	0	0	0	0	0	0	0	0	0	0	0	0	0	0	0	0	0	0.0100525122975376	0.0102896219782628	0.0109519870709753	0.0107058786532243	0.0634027071997174	0.0633674333430439	0.0677889145372459	0.0634409449199928	0.124113230755234	0.124263636003752	0.125619596249266	0.124003536991747	0.162777825774634	0.165307634634819	0.16594286362042	0.164971675970126	0.189691132396546	0.188973488793858	0.190886509738249	0.189448869071347	0.199782120557069	0.200832176099504	0.200925025333424	0.204460678010003	0.200680321675893	0.199585587702416	0.201201156923546	0.199532933698145	0.184758712481386	0.185667874503335	0.18582175831666	0.186751654698618	0.157383112771387	0.157955539728715	0.157435787353371	0.158225560146527	0.110261214901325	0.114732069414691	0.116235108753008	0.116771606930976	0.0565466705316813	0.0654556126343204	0.0574233106405308	0.0575744061934675	0.00774836554808372	0.0080090799881941	0.00943827922848189	0.00580427523524029	0	0	0	0	0	0	0	0	0	0	0	0	0	0	0	0	0	0	0	0	0	0	0	0
2026-03-14	0	0	0	0	0	0	0	0	0	0	0	0	0	0	0	0	0	0	0	0	0	0	0	0	0.00868611019054249	0.00686594608375602	0.00826465888827665	0.00818328483742484	0.0554321644093098	0.0555744858389404	0.0552253422394189	0.0577680075123309	0.112276444032366	0.114554166849074	0.116527678010902	0.112641711107658	0.164773790606461	0.165365887867938	0.160082588943332	0.16577773258227	0.188408150691188	0.190721423193638	0.188552908149247	0.187317517965926	0.199122042878222	0.199444734012031	0.199049799541433	0.198383423568314	0.198542042125035	0.197337696710341	0.194446183499289	0.196674077665335	0.183553328781461	0.181921229164402	0.181787573142703	0.179737868911435	0.151314668476635	0.152499595667647	0.152026399442095	0.153159336413622	0.10449549233633	0.104206876362064	0.106263085741257	0.106034545560349	0.0470854627958758	0.0450389360264144	0.0481174557225259	0.0467581454551839	0.00507968307529124	0.00235588514624574	0.00734266187455425	0.00222176990390877	0	0	0	0	0	0	0	0	0	0	0	0	0	0	0	0	0	0	0	0	0	0	0	0
2026-03-15	0	0	0	0	0	0	0	0	0	0	0	0	0	0	0	0	0	0	0	0	0	0	0	0	0.012212033315308	0.00876298168216719	0.00907735987015608	0.0109476251323687	0.0646617085695015	0.0654834307635648	0.0649334132118537	0.06392144745508	0.118939764400284	0.121141421365321	0.120524508592992	0.118394305641403	0.160054163394363	0.159015396219833	0.160942016029968	0.159988424355836	0.181960281597275	0.185915122658109	0.185310884869338	0.184813710875278	0.195079732115529	0.195729568982238	0.193543640773626	0.195647058128607	0.192281538313768	0.191336482955091	0.188995731704232	0.189386247026909	0.171886204286324	0.1730484281301	0.17228145988428	0.173783907699296	0.132807394675618	0.135693129790939	0.134553668936372	0.132945806597071	0.0705836866512116	0.068784880639383	0.0709791331409236	0.0716522995684818	0.0268415391185932	0.0274958847886973	0.0298911067586982	0.0257714693340113	0.00406034366837117	0.00452859639319388	0.00347487732667011	0.000936182611764839	0	0	0	0	0	0	0	0	0	0	0	0	0	0	0	0	0	0	0	0	0	0	0	0
2026-03-16	0	0	0	0	0	0	0	0	0	0	0	0	0	0	0	0	0	0	0	0	0	0	0	0	0.0113553498957336	0.011451395058988	0.012259012408872	0.0159342426364064	0.0644569780942887	0.066037692628832	0.064284372085261	0.0662209571916184	0.116127616805595	0.112414957349439	0.113231853861867	0.116225571983099	0.151186688691129	0.150916714145434	0.15404670320559	0.151849893957847	0.185991795389161	0.1870758411425	0.185780407526508	0.183151955941831	0.197220869143485	0.195081861908135	0.199023779269408	0.196673489678972	0.195321829567975	0.195358511637091	0.194984903540579	0.197334755254355	0.18021444428485	0.182153582241039	0.178245796060437	0.182386177413675	0.150961546349731	0.147855833536767	0.149038421071984	0.150144199041518	0.112990607162331	0.112507084616804	0.113189609532953	0.110312698687913	0.060213158434247	0.0598776819937934	0.0601528698867026	0.057756289685257	0.00892170897846327	0.00951855360951601	0.0099663657630575	0.00759337164896322	0	0	0	0	0	0	0	0	0	0	0	0	0	0	0	0	0	0	0	0	0	0	0	0
2026-03-17	0	0	0	0	0	0	0	0	0	0	0	0	0	0	0	0	0	0	0	0	0	0	0	0	0.0164394546112649	0.0150830343879944	0.0125049842213823	0.0139725267793583	0.0691420907330807	0.0693910772782211	0.0712974996970977	0.0681693322916005	0.121327139790865	0.123530931943987	0.122295267545145	0.120846660720004	0.156629919409475	0.161536551885077	0.161397136956894	0.160436391748555	0.183402566330391	0.183742211923231	0.182470079323025	0.184385142423353	0.191713640820779	0.192559277497442	0.194044654522996	0.194682427158783	0.19012774271853	0.189447549182268	0.189848345620284	0.190576362478918	0.177850659890065	0.178130275258498	0.176500255327565	0.178518809523871	0.148749411186102	0.150653980921217	0.150279829843494	0.152316778049187	0.106829329653691	0.108766481718664	0.106480870550401	0.106923318077245	0.0462634964355785	0.0476912155571008	0.0453067480713362	0.0487385399359846	0.00518454994777531	0.00422487355060297	0.00207869703558887	0.00251187946603284	0	0	0	0	0	0	0	0	0	0	0	0	0	0	0	0	0	0	0	0	0	0	0	0
2026-03-18	0	0	0	0	0	0	0	0	0	0	0	0	0	0	0	0	0	0	0	0	0	0	0	0	0.0142123913900626	0.0136371367480129	0.0160293818561686	0.013121090005756	0.0682670991250151	0.0671148502125304	0.0690043949996291	0.0686136556628254	0.122439243154434	0.120467242311702	0.119923944488658	0.120169570045206	0.160891096861441	0.157642002324577	0.152784496308957	0.160682404505025	0.176408401334255	0.179949929718624	0.178423681669944	0.178217987277177	0.182557718459408	0.181241513745469	0.182242885182452	0.182957882612671	0.168035471459278	0.168544770912523	0.169684750874444	0.171735006753756	0.148659187562523	0.147819112662274	0.147450808548593	0.148070891226609	0.121242132774507	0.120835095757126	0.12193661697311	0.120986154495258	0.0900191022177609	0.0927360406189251	0.0939563567494284	0.0932885004138856	0.0518150776532683	0.0515971301130035	0.0452618611945904	0.0503259310391378	0.00679948273961177	0.00806408289682735	0.00728236630529712	0.00685406805826377	0	0	0	0	0	0	0	0	0	0	0	0	0	0	0	0	0	0	0	0	0	0	0	0
2026-03-19	0	0	0	0	0	0	0	0	0	0	0	0	0	0	0	0	0	0	0	0	0	0	0	0	0.00989922180032142	0.00831037101447834	0.00829059613790947	0.00849981104729077	0.053661024650704	0.0514250909193275	0.0508220792253812	0.0520918052045874	0.104456571560391	0.102999229183029	0.102195214651011	0.103348984605568	0.141833416903779	0.141155490978988	0.141253522260367	0.140757569856865	0.165400564136189	0.167856881697911	0.165312431123326	0.163430123042574	0.17850315437907	0.176485981653747	0.17609082263155	0.179920041335633	0.17751082101699	0.174784812016982	0.175790700300954	0.175913666665074	0.162829390033354	0.16052420290895	0.162340276223178	0.160306130834518	0.133520100865501	0.133633201633548	0.132467820195106	0.133378877305845	0.0935453196528516	0.0927547714978181	0.0941643066240599	0.0935356022252704	0.0451085403802338	0.0467781980146865	0.0448312394736986	0.0462820221313811	0.00734921983831861	0.00597938115116921	0.00662285951804071	0.00604853949247147	0	0	0	0	0	0	0	0	0	0	0	0	0	0	0	0	0	0	0	0	0	0	0	0
2026-03-20	0	0	0	0	0	0	0	0	0	0	0	0	0	0	0	0	0	0	0	0	0	0	0	0	0.00523441791110995	0.00503079115854022	0.00522661211635542	0.00750817881399441	0.0374338532093752	0.0398950600963971	0.03820559701919	0.0384654896750376	0.0895495564309144	0.091893359735954	0.0890502376150534	0.0895068462180782	0.129965435064401	0.130226982889015	0.131199724964224	0.129607857082359	0.153186600154016	0.152694642664108	0.150770746943779	0.152348010238098	0.156362671993928	0.158145543261401	0.157921589843821	0.155570194900849	0.153473863904526	0.151177171431329	0.152507563539616	0.151841401124529	0.141567916914101	0.146664031389724	0.147824922707505	0.14694312898867	0.118590123235507	0.122559802417486	0.119764532043801	0.120085542303205	0.0746918329812629	0.0741955206192996	0.0734094416108774	0.0767032047885601	0.0342808604399099	0.0369037092502753	0.038154642116041	0.0346607881937738	0.00429584012009092	0.0065896469967041	0.00549195917652076	0.00462255370668422	0	0	0	0	0	0	0	0	0	0	0	0	0	0	0	0	0	0	0	0	0	0	0	0
2026-03-21	0	0	0	0	0	0	0	0	0	0	0	0	0	0	0	0	0	0	0	0	0	0	0	0	0.00273584003495114	0.00257159450352056	0.00135778604919825	0.00233477941233005	0.0152290229725193	0.0150690062290184	0.0158717616336988	0.0158302091647635	0.0594281016021079	0.0562690281308172	0.0585595112410674	0.0587433590260075	0.114205428428232	0.112902077752412	0.115446218091104	0.114446275728252	0.132560040357926	0.133561038171351	0.130721002961698	0.131157918509025	0.131304678400694	0.129712368071132	0.129554135503169	0.129428818025005	0.120572089638742	0.120303421210001	0.118214879291733	0.117909609859524	0.110659489564512	0.110020520012452	0.10547222443475	0.110847765988287	0.0980473646734546	0.097545102788678	0.100874598560114	0.0975329339777537	0.0763432601133421	0.0745559599871833	0.074906339359342	0.0741944405401326	0.0405317859952768	0.0377750086265275	0.0400211440126867	0.040672061365509	0.00738975329543088	0.0071519754229063	0.00729915670982123	0.0061591145718416	0	0	0	0	0	0	0	0	0	0	0	0	0	0	0	0	0	0	0	0	0	0	0	0
2026-03-22	0	0	0	0	0	0	0	0	0	0	0	0	0	0	0	0	0	0	0	0	0	0	0	0	0.011547884054002	0.0129477662004692	0.0139235873076848	0.0115807624378439	0.0589838922110707	0.0591607899372363	0.061523698978795	0.058331618872898	0.108734542942205	0.107962459176806	0.109735271642513	0.107567726238476	0.147181436219017	0.144685931836171	0.147298582720743	0.143834049224069	0.172170384799904	0.171991800317467	0.171920788223961	0.172917026658669	0.186266441915063	0.186453201873824	0.187682653239362	0.186597702971751	0.185141042696593	0.184939928830628	0.188394109354677	0.186524919118102	0.173809812603189	0.172229047137104	0.173574651512927	0.17338648874678	0.147770203570528	0.149228551441471	0.147636882842787	0.145364362145214	0.10630245925823	0.108777623636198	0.10859507216851	0.110324844937062	0.0564529103606358	0.0581149543782461	0.0575194292584394	0.0579127060026786	0.00963310865781654	0.010504032267347	0.00991080876959605	0.00995205030524038	0	0	0	0	0	0	0	0	0	0	0	0	0	0	0	0	0	0	0	0	0	0	0	0
2026-03-23	0	0	0	0	0	0	0	0	0	0	0	0	0	0	0	0	0	0	0	0	0	0	0	0	0.0106775911590293	0.00885109297001255	0.00936346946120332	0.0111078464097549	0.0426962324551959	0.0482398294674481	0.0417624952881683	0.0423014427891877	0.0901668573569765	0.0869891744847339	0.0899836124978594	0.0888603556604302	0.142469126377568	0.144857151547996	0.146454423656955	0.14621929841748	0.178674720011372	0.175713166543148	0.174540202271472	0.175071911174009	0.188420055755546	0.187462453392388	0.187340242816847	0.188777248035219	0.189287048077154	0.185003730583137	0.191217639006856	0.190491582332853	0.178607061053758	0.175071829741688	0.175950831213579	0.175370277990974	0.150737230139402	0.149541800550685	0.147678473358314	0.153042495951599	0.107135950924723	0.105335261170936	0.104232478025896	0.106296309878445	0.0557255742489556	0.0535792475285227	0.0549781345426402	0.0557170436798815	0.0104526639587177	0.0115194824957125	0.0109410273845638	0.00608682616100602	0	0	0	0	0	0	0	0	0	0	0	0	0	0	0	0	0	0	0	0	0	0	0	0
2026-03-24	0	0	0	0	0	0	0	0	0	0	0	0	0	0	0	0	0	0	0	0	0	0	0	0	0.0118031348287462	0.0123620636107789	0.0104534756690755	0.0113813258913995	0.0532503963690258	0.0513843602739494	0.0503962361589191	0.0499690071981057	0.103467442839248	0.103710938239065	0.103617220225165	0.104204398696523	0.147999566924372	0.149136988054934	0.148501000621311	0.147362444399382	0.174412491132244	0.177955599400606	0.176640435678433	0.175991473788717	0.190353505874405	0.188147380320142	0.189400699187149	0.188098414618305	0.186086711131117	0.186767438343138	0.186576705036336	0.190569145489409	0.162570657268817	0.15803366619834	0.157069921546314	0.157325754986529	0.128184973492921	0.128344187224602	0.126109433859498	0.126361405422979	0.0888375855091759	0.0919291947370334	0.0889446275518792	0.0932885922019115	0.0468181936003576	0.0465220339405009	0.0465899422176625	0.049069830241479	0.00891604550745865	0.00915764721828153	0.00791023364836291	0.00901607362589691	0	0	0	0	0	0	0	0	0	0	0	0	0	0	0	0	0	0	0	0	0	0	0	0
2026-03-25	0	0	0	0	0	0	0	0	0	0	0	0	0	0	0	0	0	0	0	0	0	0	0	0	0.00244532112044572	0.00421884439918433	0.00442155915985203	0.00491427532051792	0.0194320539188932	0.0200058217700612	0.0204656298705693	0.0210964944404762	0.0379698166917066	0.0381711220245398	0.0377674074031768	0.0370916538805768	0.0440956626522367	0.0437768392817599	0.0436846274136249	0.0444428706523785	0.0506713137208979	0.0532733023776963	0.0526181899648551	0.0514371939365508	0.0508545598605091	0.0517771737616855	0.054339921565751	0.0510283448120544	0.0416547021851434	0.0418738855131124	0.0429513321553571	0.0425200801463871	0.04304766856972	0.0443523966671897	0.0419874292924231	0.0406125054706672	0.0355676182939659	0.0354978510445609	0.036932038432529	0.0350024922289441	0.0259064909863339	0.0261693508389005	0.0242665643786446	0.024657593796121	0.0109112568551673	0.0105924205447962	0.0112626036209296	0.0102337189791069	0.000472242152550176	0.00195750253302486	0.00141423931220186	0.0021560160022231	0	0	0	0	0	0	0	0	0	0	0	0	0	0	0	0	0	0	0	0	0	0	0	0
2026-03-26	0	0	0	0	0	0	0	0	0	0	0	0	0	0	0	0	0	0	0	0	0	0	0	0	0.000146657138999958	0.000824258236632775	0.00151230979312754	0.00251677483123972	0.00666697225890375	0.00679316323684916	0.00694234124112633	0.00559752326312075	0.0190372225448002	0.0184786437637958	0.02052701429011	0.018957119401294	0.0359958249453458	0.037049597071652	0.0366338750023773	0.0383207029806249	0.0562477374247884	0.0570668170086283	0.0569082757411853	0.055777169825398	0.0782759343357885	0.0746882865783182	0.0768337649511092	0.0772020141347841	0.099157981517633	0.0994214920167189	0.0997015889206972	0.0987189375449509	0.105836574589127	0.109225742150628	0.105600251588669	0.106337431671575	0.0840125862194067	0.0856498121038235	0.0832218193381204	0.0841157823386495	0.0490773195237761	0.0482481271454046	0.0481074452411935	0.0485671080896259	0.0202317423885022	0.020268759423143	0.0185740538249401	0.0199254443634147	0.00209237181043472	0.00263179518926152	0.00466667084400823	0.00460916215629553	0	0	0	0	0	0	0	0	0	0	0	0	0	0	0	0	0	0	0	0	0	0	0	0
2026-03-27	0	0	0	0	0	0	0	0	0	0	0	0	0	0	0	0	0	0	0	0	0	0	0	0	0.0219436439761811	0.0215025832711287	0.0223033026613085	0.0212504700913817	0.0749272431989895	0.0824725262998334	0.0807713404529622	0.0828288900482148	0.132035344369333	0.133205443021485	0.133936981522868	0.135822231086314	0.169371141176337	0.172190169655424	0.172013287856684	0.171425401311555	0.185363040756032	0.185901523052362	0.186766034784973	0.184969401406633	0.15213080836583	0.155458440744229	0.152822463469726	0.153588287420215	0.128836432238935	0.128329046574193	0.126511481897607	0.124323039289264	0.115267171947867	0.111582892497031	0.113134615699903	0.114015319855199	0.11075712067483	0.110956355210486	0.110177944756861	0.117108579357823	0.0843126534968284	0.0857638595219293	0.0847641618083362	0.0821593251729062	0.0411656586278741	0.0407520171406233	0.0425581382479229	0.0415241859835796	0.00542618340658332	0.0098433645805789	0.00575126185342597	0.00797919015941181	0	0	0	0	0	0	0	0	0	0	0	0	0	0	0	0	0	0	0	0	0	0	0	0
2026-03-28	0	0	0	0	0	0	0	0	0	0	0	0	0	0	0	0	0	0	0	0	0	0	0	0	0.0179732163265117	0.0185354619944279	0.016566409980439	0.0169249116986215	0.0646052903089516	0.0651073801861756	0.0643327597748394	0.0639545697300334	0.111679493418941	0.11148853736449	0.109728497017528	0.111103472199041	0.150388400775877	0.148101175277308	0.149800466961103	0.150709956985711	0.170550770086707	0.17046929447455	0.170361703123547	0.170618232315196	0.166856022670297	0.164924385257714	0.167233994904468	0.16698559716752	0.155134300775702	0.153869394344641	0.155178773558775	0.154817531320882	0.128881888126663	0.127878509314537	0.129973205030432	0.130266397528367	0.121297004791051	0.120237379270706	0.121346544289888	0.119119071648355	0.0848993578392027	0.0829256916324978	0.0837436260958715	0.084431324432428	0.0395799241527478	0.0389046698679378	0.0394535980674416	0.0360618079118728	0.0065228573621979	0.00498860072767689	0.00589116023588362	0.00659738167424159	0	0	0	0	0	0	0	0	0	0	0	0	0	0	0	0	0	0	0	0	0	0	0	0
2026-03-29	0	0	0	0	0	0	0	0	0	0	0	0	0	0	0	0	0	0	0	0	0	0	0	0	0.00706160806328862	0.00933599570646527	0.00845534280072473	0.00914705342952139	0.0346450104582448	0.0339208863551224	0.0322038943853184	0.0332302088013143	0.067554392234652	0.0649576404328641	0.0661103149841969	0.066377652348287	0.109163382537831	0.108110142444521	0.107962372053581	0.109764102964067	0.160817501006007	0.164662045419869	0.161503503417085	0.16001695015704	0.190512482490433	0.189853280028301	0.18768402960091	0.192950207880356	0.187994297471294	0.189296723722102	0.187716097430453	0.19099288137615	0.161707314797664	0.163284296027464	0.165289658766887	0.164718730407985	0.126063739856285	0.123617207433644	0.121868837918323	0.123450214791748	0.080054988187058	0.0816386950006054	0.0823187134179428	0.0819876033943939	0.0379215663742106	0.0369924849363858	0.0342614073553162	0.0378245413340874	0.00505831855030555	0.00419492841269303	0.00384904326166447	0.00889770977533695	0	0	0	0	0	0	0	0	0	0	0	0	0	0	0	0	0	0	0	0	0	0	0	0
2026-03-30	0	0	0	0	0	0	0	0	0	0	0	0	0	0	0	0	0	0	0	0	0	0	0	0	0.0214740521163021	0.0220333476453454	0.02279273085825	0.0206998693801025	0.0664193936271408	0.0655391144686021	0.064369262171955	0.0686722297323021	0.0970136409227975	0.0978970763822974	0.0970222638436477	0.0940670188512574	0.120247652816731	0.12064731931613	0.120408994588115	0.118696033279024	0.142029992365712	0.141339182775286	0.141665833767235	0.139964991091767	0.167816194665805	0.167465329783861	0.168356610497504	0.16936186505283	0.186206106740702	0.185436133365717	0.183660648387805	0.185697111505777	0.164181201397556	0.162939888328821	0.162086068157087	0.162792842116536	0.119841581074438	0.121626257624219	0.120527912411844	0.122004248889498	0.0672592193827783	0.0661234117088419	0.0672336498250704	0.0663837190833094	0.028979714361845	0.026391854105933	0.0261215999768127	0.0285068315554093	0.00542940316649189	0.00431026722875689	0.00401724370036698	0.00624308590438425	0	0	0	0	0	0	0	0	0	0	0	0	0	0	0	0	0	0	0	0	0	0	0	0
2026-03-31	0	0	0	0	0	0	0	0	0	0	0	0	0	0	0	0	0	0	0	0	0	0	0	0	0.0198259758317042	0.0186163945399112	0.0200120109252953	0.0175456187030893	0.0565492392144979	0.0558668636768322	0.0571887652734952	0.0553951318351746	0.0560242737585586	0.0564645486965045	0.0574288281861056	0.0580823493588313	0.0585586523395613	0.0546636442099816	0.054242335770234	0.0565353676802232	0.0974431674201272	0.101830957340697	0.0981462126964564	0.0985796625427192	0.0834591544303306	0.084747356718694	0.0823860468490207	0.0804074420019547	0.0569149777480632	0.0583142379118518	0.0566820849419393	0.0580886993981457	0.045649703596942	0.0432954357547249	0.0432267497832043	0.0428281108651288	0.0421420501201904	0.0436125393055461	0.0406812054177232	0.0405642051565403	0.0504719304524025	0.0506673485197647	0.050464876580581	0.0503958444472518	0.0186899991880543	0.0216434815327542	0.0221843860288103	0.0224821332503812	0.00531477969505053	0.00335238844171378	0.00427621899262219	0.00505661287061349	0	0	0	0	0	0	0	0	0	0	0	0	0	0	0	0	0	0	0	0	0	0	0	0
2026-04-01	0	0	0	0	0	0	0	0	0	0	0	0	0	0	0	0	0	0	0	0	0	0	0	0	0.0237517331572586	0.0229330870086286	0.0286233934152864	0.0246917864188264	0.0829548833713202	0.0826696714583477	0.0835104449068204	0.0828650002635117	0.132982335315545	0.136004847395538	0.134903969802416	0.136108847486501	0.173649621851482	0.172202515778658	0.171272660625988	0.171875201743873	0.188113471434492	0.18513886368392	0.187933037146662	0.187814627734925	0.179819041355178	0.178503368378004	0.179361836330784	0.181315753936034	0.176307559527112	0.175107820290576	0.175592937650622	0.172991682531691	0.172962570176887	0.170815140554486	0.173816185903704	0.174406103364923	0.146209863700518	0.145658614546842	0.148048931164374	0.145082590588265	0.100789383171227	0.102402100988616	0.102666789540005	0.101141726300151	0.0622177912691377	0.0648448177391686	0.0648490533620047	0.0630883376296889	0.0171786255511992	0.0171188919620417	0.017868639855487	0.0158338426312721	0	0	0	0	0	0	0	0	0	0	0	0	0	0	0	0	0	0	0	0	0	0	0	0
2026-04-02	0	0	0	0	0	0	0	0	0	0	0	0	0	0	0	0	0	0	0	0	0	0	0	0	0.0232833033895747	0.0248551759145631	0.0243845696808345	0.0244769510150277	0.0679618957348018	0.0708957292805356	0.0692577107310117	0.0688846642536509	0.115689676220666	0.115315359609523	0.113644717512086	0.114350246657725	0.15188533055184	0.154258958103656	0.161571117456808	0.155284593887697	0.192046603232792	0.192157717320529	0.193119481634958	0.19167619781172	0.207766426117267	0.204676313333306	0.204517944823101	0.206039315726326	0.199287351531698	0.198294300174939	0.197396676001545	0.202021672291818	0.179273362749801	0.179361078905134	0.177621470149315	0.17974408819575	0.136042062329262	0.136617552167367	0.134671728453773	0.136668657049598	0.0699966330153893	0.0712535086617343	0.0703105531703608	0.0724393051525156	0.0170797894082278	0.016198743965452	0.015492827227624	0.0162286393986962	0.00309555751643915	0.00452212722192087	0.00441157098109953	0.000970744280540453	0	0	0	0	0	0	0	0	0	0	0	0	0	0	0	0	0	0	0	0	0	0	0	0
2026-04-03	0	0	0	0	0	0	0	0	0	0	0	0	0	0	0	0	0	0	0	0	0	0	0	0	0.0239328050572926	0.0248249429709159	0.0260453360668799	0.0231969159049116	0.0798114775782512	0.0815989435633259	0.0774165992962973	0.0811729795621256	0.129486751860627	0.131701395974229	0.131140092953011	0.127671759212132	0.170478545578514	0.166448996267769	0.165062348988614	0.165010109165102	0.187593516062585	0.193497448315477	0.185012816204048	0.18889621941789	0.197794642894855	0.197708787499948	0.193005550757451	0.196491018847746	0.191777689342733	0.19388998371606	0.190152521555473	0.191179805385734	0.180575112778423	0.180053227836555	0.178630662886045	0.179740996498977	0.159092884008114	0.160449123037598	0.154909267665713	0.158548725288575	0.120605156853238	0.120884242369411	0.121060024093452	0.121450576683899	0.0699553579826061	0.069604911004268	0.0700956246095373	0.0713441064035886	0.0193813097864046	0.0192946009879727	0.017728588806731	0.0185955004188917	0	0	0	0	0	0	0	0	0	0	0	0	0	0	0	0	0	0	0	0	0	0	0	0
2026-04-04	0	0	0	0	0	0	0	0	0	0	0	0	0	0	0	0	0	0	0	0	0	0	0	0	0.0249474410763176	0.0243182818631341	0.0245555867565555	0.0241786903039928	0.079104467407401	0.0787957003676892	0.0787596457446279	0.0783401864802819	0.130936948239898	0.127108539373474	0.128471163766589	0.128483348620039	0.16554625865006	0.16620867160942	0.166590644054279	0.16465442568624	0.19063474004348	0.191107313425603	0.18686115958976	0.188396786941157	0.201158236564868	0.199509713872298	0.200717355052698	0.199614694510137	0.197393607532812	0.199375093618687	0.199105109551272	0.20112618929723	0.185166792456843	0.187622290286333	0.184789649843059	0.185421267413764	0.15909872535955	0.160051089632891	0.160248603324709	0.16060158168285	0.120456643168406	0.119673281135196	0.11964387249823	0.121226203198168	0.0694454771008661	0.0685791767591462	0.0720921786004718	0.0698831675395159	0.0169365756460994	0.0182673606555255	0.0200405940566562	0.0187554696417189	0	0	0	0	0	0	0	0	0	0	0	0	0	0	0	0	0	0	0	0	0	0	0	0
2026-04-05	0	0	0	0	0	0	0	0	0	0	0	0	0	0	0	0	0	0	0	0	0	0	0	0	0.0109808426290943	0.0114996789278365	0.0100889608602357	0.0134305175828335	0.036756025329085	0.0370696108806622	0.0389522891025918	0.037222074687661	0.0846106370613373	0.0811176391608723	0.0840144439437293	0.0822572798340611	0.141640997411356	0.142556179972313	0.140546328796886	0.143256493819445	0.180055798987799	0.176645442603205	0.177821347505286	0.17847741090371	0.196302269527416	0.199008248783896	0.197731123909368	0.195958357779321	0.199676746570934	0.202551400065713	0.202496394378927	0.202275458984426	0.189634012279986	0.19051132713378	0.190244104807942	0.190610555778292	0.16480171026723	0.165655691070845	0.164574559847632	0.161968038814293	0.123498467512107	0.126638384270147	0.124888992593	0.126974155624745	0.0744760277576599	0.0739426328415109	0.0755435830949795	0.0750377563058497	0.0221000613288474	0.0209459179979184	0.0194384305303714	0.0205155901428628	0	0	0	0	0	0	0	0	0	0	0	0	0	0	0	0	0	0	0	0	0	0	0	0
2026-04-06	0	0	0	0	0	0	0	0	0	0	0	0	0	0	0	0	0	0	0	0	0.000151378002640751	0.000186392418750163	0.000266384187276348	0.000395845391332738	0.0252622459911602	0.0219336054541124	0.0264878246483872	0.0263163239063403	0.0762644456972845	0.0791790513722439	0.0797794352646898	0.0787770676657818	0.128315155169046	0.127046674036041	0.126139542736736	0.128498628058177	0.16138691098733	0.161847965324429	0.162692957931861	0.16207216575638	0.185051632672846	0.185707474927894	0.185860695740195	0.186380196659065	0.197593962177805	0.198634777065636	0.196730047991916	0.199041212764643	0.194265578970138	0.195810225145035	0.201298593426752	0.194625602458075	0.182036488393609	0.180393240290293	0.177369269939953	0.181201001376145	0.146563344977851	0.147505434286542	0.146281905250544	0.146649315485063	0.088012752925953	0.0807677195106195	0.0887462346552015	0.0914732929082259	0.0343881290415172	0.0334443937496771	0.0353908017604395	0.0327766754483662	0.0120376788390075	0.012697750347963	0.0106009397461519	0.0116636310668776	0	0	0	0	0	0	0	0	0	0	0	0	0	0	0	0	0	0	0	0	0	0	0	0
2026-04-07	0	0	0	0	0	0	0	0	0	0	0	0	0	0	0	0	0	0	0	0	0	0	0	0	0.00545182679233965	0.00722748024232654	0.00943124260746383	0.00688945035786998	0.0206603497796796	0.0187471104489301	0.0210060623798872	0.0195864773915031	0.0309638166778456	0.0326884643303582	0.0311551454350526	0.0341925735567436	0.0416677468817371	0.0422953898472395	0.0465353766716564	0.0415014865993669	0.0603628375248436	0.0603409621383373	0.061301062901163	0.0599951374356561	0.0783158514627835	0.0770410418984383	0.0759222187792048	0.0747208878595733	0.085612679896067	0.0854161475837174	0.0845878738908094	0.0843832986294064	0.0720881885360118	0.073132631573417	0.0722793497127607	0.0724998301778105	0.0674291212601717	0.0669202795697032	0.0704760552681491	0.067174543901976	0.0616304492415193	0.0599314272375058	0.0622507031745098	0.063187420346465	0.0297560534531069	0.0323018151379192	0.0320118994497732	0.0299302319592008	0.00570922409558493	0.00591474849393997	0.00669248214342869	0.00968354526704641	0	0	0	0	0	0	0	0	0	0	0	0	0	0	0	0	0	0	0	0	0	0	0	0
2026-04-08	0	0	0	0	0	0	0	0	0	0	0	0	0	0	0	0	0	0	0	0	0	0	0	0	0.0111601197032989	0.0162887129324394	0.0107245096159358	0.0118266577483259	0.0449019139382066	0.0450037337285003	0.0433108308801079	0.0447835214531852	0.0831641942696339	0.0818205239369763	0.0815812295916255	0.0814340522017643	0.101326565751326	0.102659119427648	0.104813211375843	0.102201103445183	0.127208500914505	0.127077982821601	0.129005157366092	0.125708358897802	0.145425182538849	0.144406726909675	0.144402352362301	0.144765738189175	0.116723944450324	0.119836943715588	0.118139825245757	0.11629928658833	0.0697236660703069	0.0679052987326828	0.0736865461618372	0.0716844890351731	0.0561489620955193	0.0555704136977709	0.0548583045167275	0.0544223196899823	0.0540722536567199	0.0536916441290575	0.0538804484425147	0.0563556537717079	0.0444056782427634	0.0453583886107351	0.0437210022398907	0.0435149309066108	0.012465565631761	0.0136905843285341	0.0112980028615848	0.0105458471781201	0	0	0	0	0	0	0	0	0	0	0	0	0	0	0	0	0	0	0	0	0	0	0	0
2026-04-09	0	0	0	0	0	0	0	0	0	0	0	0	0	0	0	0	0	0	0	0	0.000227939745361281	0.000232025111063459	0.00150506499778193	3.49701457933329e-05	0.0277131272585457	0.0276154311518707	0.0284697322070908	0.0272017093824927	0.0840567050145817	0.084674054892483	0.0833177098124046	0.0819515302805308	0.135032654103396	0.135501486485302	0.136015950954408	0.133449908456894	0.170617271036144	0.173702655710477	0.173357849525377	0.172322223728002	0.199495392551724	0.196363095743749	0.196963960563058	0.196177551141469	0.207337735639897	0.210922299844872	0.207618597910894	0.208121366604337	0.204104723296303	0.20588879935275	0.206387214576973	0.205619262773974	0.19310682737629	0.190934012252772	0.189763151723496	0.190196008647442	0.163056354395011	0.165582955620592	0.165435792271861	0.163924897712535	0.122770773434531	0.127020973996558	0.12309761982701	0.124110632741901	0.0722263693034909	0.0769140749372587	0.0721135837446557	0.0727459720145947	0.0213407713800718	0.0219406517228452	0.0213330733672642	0.0203855035298188	0	0	0	0	0	0	0	0	0	0	0	0	0	0	0	0	0	0	0	0	0	0	0	0
2026-04-10	0	0	0	0	0	0	0	0	0	0	0	0	0	0	0	0	0	0	0	0	7.68713805631024e-05	6.63758881218713e-05	0.000965696279393114	0.000891056451921912	0.021331550477284	0.0225985468460052	0.0208974546832678	0.0221724479934429	0.0754996643728309	0.0755303078278104	0.0757340007614002	0.0762360270379586	0.137035653864238	0.134769205823799	0.134292904049192	0.13390223626277	0.170259747185432	0.171698177296209	0.171550938701519	0.17649113681684	0.197041112558865	0.197438174359446	0.196037367741469	0.197483345340219	0.207745303818084	0.205806079276775	0.206528631985424	0.209919984919717	0.205769780383142	0.205967315807736	0.205229707982893	0.205033195826229	0.190588916340927	0.191159318091917	0.191160211697778	0.193091553869378	0.165512601243778	0.165258770782201	0.163907352125915	0.164321275848105	0.126586991291211	0.123272595291582	0.122712522643167	0.12242789077404	0.0637057580278058	0.0621355919648826	0.061763839509199	0.0613948104981126	0.0195454176577647	0.0225295000447647	0.0214710860002713	0.0204539962971993	0	0	0	0	0	0	0	0	0	0	0	0	0	0	0	0	0	0	0	0	0	0	0	0
2026-04-11	0	0	0	0	0	0	0	0	0	0	0	0	0	0	0	0	0	0	0	0	0.000241032946074969	0.000129130852261064	8.32982467506932e-05	0.00154653795491327	0.0294925458000182	0.0299499678477607	0.0293962139955355	0.0281612723566857	0.0845652321462319	0.0828174324874716	0.0868869737166931	0.0847303616496034	0.136410332369627	0.134843770487841	0.133164706848513	0.131581190294019	0.171013080046093	0.169524197197099	0.17164992712248	0.169812795634329	0.193551244325142	0.191954886137651	0.192692114090754	0.195801755446453	0.200806275002929	0.204837783646521	0.206021943438252	0.204333997912297	0.201228477701523	0.201779429282392	0.203419698513145	0.20257239450294	0.189060518551124	0.186085587725178	0.189987727334683	0.189866166389015	0.163328482321754	0.16185362005965	0.162902660951104	0.162915236667493	0.123250615721999	0.122070133113729	0.123758968429077	0.125920282735195	0.0739191456118021	0.0734223974665173	0.0742927770157241	0.0733656799059565	0.0205217526408379	0.0210447760841138	0.0226529957943698	0.0237804754806785	0	0	0	0	0	0	0	0	0	0	0	0	0	0	0	0	0	0	0	0	0	0	0	0
2026-04-12	0	0	0	0	0	0	0	0	0	0	0	0	0	0	0	0	0	0	0	0	0.000295422959703852	0.0016410798740085	2.78968004868273e-06	0.00106070748623896	0.0285255952887578	0.0269392042858708	0.0294915079997836	0.0280436924255878	0.0835910037165356	0.0822974504550467	0.0778466334082385	0.0832649124201793	0.129251433997292	0.131919243056928	0.131407466210745	0.129421856735035	0.166235906006705	0.169013624409671	0.165187947956502	0.165562521627121	0.18968521077188	0.187498060584581	0.189209898791041	0.190606829852498	0.199643587967002	0.198610597255036	0.19967854037893	0.201067274399032	0.196022241707361	0.198305921591333	0.199687784213869	0.198984052487437	0.18620909729717	0.18385941857908	0.185244977569441	0.184686506554308	0.158361461899989	0.159389636355827	0.160940478313132	0.160308423431053	0.120389149667387	0.122601855660574	0.121841730949511	0.121167263722527	0.0723189899138245	0.0720188280191045	0.0737064218080431	0.0719557602590279	0.0203728725550593	0.022508256689969	0.0242627055471285	0.0208561652078431	0.000310587385708459	0.000158378217090441	0.000469950448374988	6.10839488261123e-05	0	0	0	0	0	0	0	0	0	0	0	0	0	0	0	0	0	0	0	0
2026-04-13	0	0	0	0	0	0	0	0	0	0	0	0	0	0	0	0	0	0	0	0	0.000296291440173756	0.00027312328565673	0.00149584490460594	0.000934740369563575	0.0281492453128219	0.0297971276740775	0.0280324944355736	0.030021132577527	0.0831439845216104	0.0838528589872935	0.0785953979716056	0.0844077585194906	0.131140843674856	0.127004282513868	0.131294567592318	0.130560306218958	0.163817846905221	0.163601003750396	0.164834300515662	0.166746848828721	0.184659360896238	0.188896123855894	0.189109246332845	0.187335268915023	0.197170844784372	0.199467095062236	0.198984297679016	0.197377762474376	0.196410187881058	0.195005544824147	0.198456980656328	0.198127286638468	0.182945007604481	0.182822423796047	0.184252218481565	0.186980350117907	0.159879408290334	0.159496102124838	0.158638300224803	0.158986189360025	0.1192999160185	0.121554836641897	0.122794471755502	0.119350775584102	0.0714866665905358	0.0705518878221	0.0747270699954187	0.0722343755919455	0.0222426481373559	0.0211904566809516	0.0229356017498195	0.022631293431873	0.000437426379782092	0.000163646037131421	9.25044947750571e-05	0.00030642308831143	0	0	0	0	0	0	0	0	0	0	0	0	0	0	0	0	0	0	0	0
2026-04-14	0	0	0	0	0	0	0	0	0	0	0	0	0	0	0	0	0	0	0	0	0.000636273989181022	0.0014766988645011	0.000708558337584618	0.000178468808733261	0.0300180421704623	0.0289743974906833	0.0303223376371574	0.0296852227016971	0.0828012710155097	0.0825229270464895	0.0845269869844737	0.0831488149535271	0.131780190352606	0.130872064209278	0.129205549728389	0.131142195709727	0.167080843427159	0.165942643946293	0.165447876884492	0.166528635742056	0.186870306364641	0.188972020191059	0.189465802825867	0.190691870618433	0.201913344838044	0.198214819136311	0.198379992848916	0.199491843176729	0.197940714248162	0.197890169700752	0.199015907960002	0.199153208091084	0.184693089123434	0.184071575723193	0.187523010934551	0.186712324218821	0.16041721832014	0.160241473052366	0.160448191043704	0.161893117583789	0.123273982594054	0.12391781302337	0.12263990955336	0.123168294829216	0.0745718889419098	0.0745523892273281	0.074848898703248	0.0740268231275141	0.0246467315790115	0.024155027198712	0.0208683183992355	0.0233299228230411	0.000515107156915203	2.86896845397993e-05	9.62973640403836e-05	0.000359905794504614	0	0	0	0	0	0	0	0	0	0	0	0	0	0	0	0	0	0	0	0
2026-04-15	0	0	0	0	0	0	0	0	0	0	0	0	0	0	0	0	0	0	0	0	0.000975986042919185	0.00176067491312255	0.00101215609569958	0.00125118294825868	0.02045209028229	0.0206008096396219	0.0223062595261432	0.020640840551945	0.0467189559373634	0.0488905622080354	0.0491613246056202	0.044229157248981	0.0748447644937567	0.076817919656237	0.0760689203103705	0.0762683955396357	0.103840526349307	0.104247949658245	0.104619273945046	0.102292250047402	0.120867424705226	0.121445031645029	0.121999646607419	0.121687897042326	0.129286887119993	0.129555715638975	0.126707166504139	0.127450230736894	0.134275104663883	0.134053160360795	0.133833032692317	0.133838702283004	0.139335578511621	0.138393621638846	0.139346807043484	0.140923992806049	0.134148698915688	0.132488365393652	0.135666575730399	0.133696359960261	0.106596289479909	0.107342709360585	0.107018973803321	0.106042027356186	0.0646123428393051	0.0650406836983703	0.0620036426044389	0.0653433308578858	0.023848716564556	0.0227685966847198	0.0191859909925398	0.0221966957581844	0.000968008703529006	0.000232944060303654	8.71226448768588e-05	0.000711924591290481	0	0	0	0	0	0	0	0	0	0	0	0	0	0	0	0	0	0	0	0
2026-04-16	0	0	0	0	0	0	0	0	0	0	0	0	0	0	0	0	0	0	0	0	0.00148140313610204	0.00134658438932101	0.000710219306130648	0.0014617931684463	0.0323053292386806	0.0303922405280391	0.0312136501624475	0.0310887800708328	0.0852724890413094	0.0864049775430188	0.0848889485502649	0.0834335848654069	0.132248613942193	0.13421989020059	0.132357036476536	0.134174459380681	0.168575608702426	0.16893654988112	0.170217308398894	0.17027053301756	0.191619809420318	0.193506988849378	0.191414328131486	0.193458873598818	0.206738632581264	0.201215353969101	0.200615860261922	0.202430153187714	0.201296476214794	0.201129606588223	0.202173151788815	0.200400765408168	0.189667165463002	0.188398223423382	0.188103017638603	0.186831593475013	0.161951365191677	0.163801164984957	0.163536517739589	0.163710952083778	0.125528264716528	0.125548623279078	0.124622898787267	0.124300213217127	0.077154487234823	0.0746323024344034	0.0757759778342674	0.0764372324965062	0.0223382240653369	0.0261967773695898	0.0223836468114661	0.0250813517536073	1.06702173865978e-05	1.16563836803272e-05	0.000303239515689098	0.00167443388324398	0	0	0	0	0	0	0	0	0	0	0	0	0	0	0	0	0	0	0	0
2026-04-17	0	0	0	0	0	0	0	0	0	0	0	0	0	0	0	0	0	0	0	0	0.00129667753924809	0.00016090589503746	0.00180231556493322	0.00174010100078123	0.0315778433156745	0.0332313037993787	0.0312541929205819	0.0329366599643649	0.0884459458373638	0.0879284872207474	0.0890421538016349	0.0885834131402539	0.139189529019798	0.137070532152345	0.138349434117687	0.137390504710169	0.174634142898109	0.176216599971881	0.172875244768654	0.174274012361356	0.197231244288316	0.198348620685128	0.198898369438382	0.195521765588174	0.206647145206525	0.208881830504635	0.208517887143765	0.206953137145075	0.204489204088429	0.205801035682637	0.205588254230253	0.206121505998681	0.191571532698947	0.191310720572998	0.191223942488015	0.19289380424004	0.164689261624483	0.167381032924493	0.165491496865219	0.165438208585806	0.127051733619358	0.127748186696257	0.128504979283766	0.12569510040062	0.0801383215477444	0.0774595275341315	0.0763268262954637	0.0760753246226603	0.0213011631758493	0.0262892211587053	0.02469889583319	0.0257107198322554	0.000228933663117134	0.000187107966297389	0.000903483033815676	0.0006804753367698	0	0	0	0	0	0	0	0	0	0	0	0	0	0	0	0	0	0	0	0
2026-04-18	0	0	0	0	0	0	0	0	0	0	0	0	0	0	0	0	0	0	0	0	0.00118289656366193	0.00321349244714515	0.00133182721641395	0.000271783772778969	0.0300631408995515	0.0316688266979416	0.0302174375031443	0.0310505948993626	0.0886844848207343	0.0857228901827699	0.0872592581801477	0.0873333668163481	0.13695419694267	0.13375522924575	0.137318444251104	0.136972129560476	0.172063530056591	0.174211534208187	0.17240268729127	0.172322248443953	0.196965135211811	0.197151976228042	0.1941978059653	0.196685082594848	0.207821371451503	0.205955887437872	0.209210446521268	0.206012294589356	0.205418038047948	0.205048233622584	0.205635663143222	0.205898065186246	0.192317891703581	0.192169526924986	0.190648128552207	0.189864452819227	0.166249613829017	0.165395032819393	0.163735590441583	0.164619762910007	0.126113762423086	0.126665360415869	0.122978163456277	0.125242713704767	0.076123825341603	0.0757456609450246	0.077567543203849	0.0765629705095234	0.025980624447682	0.0231289904213018	0.0256117744016127	0.0242786107294035	0.000649340156486194	0.00056258252527798	0.0014297099273327	0.000358367390903129	0	0	0	0	0	0	0	0	0	0	0	0	0	0	0	0	0	0	0	0
2026-04-19	0	0	0	0	0	0	0	0	0	0	0	0	0	0	0	0	0	0	0	0	0.00154717358756365	0.00106829478840999	0.00169671572165984	0.00168781590236653	0.0346573647967917	0.0339593072950521	0.0304228459700376	0.0339604819381185	0.0878796384810958	0.0877361488050716	0.0916723148728072	0.0867118978410255	0.137414718277875	0.133662294890454	0.139637956978471	0.138285029853201	0.174273389130609	0.172157648849002	0.173857810206059	0.17471115181433	0.19670976942684	0.195149058598418	0.199282101448521	0.194859070526221	0.205865855459325	0.206256416723084	0.206125033328012	0.206752694489579	0.199771022881108	0.1971847445867	0.199328565504856	0.196715667027335	0.188861865762063	0.188958078390964	0.188772806462068	0.186407249384905	0.158821783144964	0.156460594952769	0.157491787315696	0.156225834586571	0.123767960017492	0.12293241880794	0.124347548795098	0.122952072379469	0.0762587431427076	0.0744880756400673	0.0769903092316334	0.0772628719855917	0.024662716195902	0.0230908716407994	0.0258177923006824	0.0254286198626162	9.02290428473735e-05	0.000611748293986518	0.00116033331776642	0.00113768934539969	0	0	0	0	0	0	0	0	0	0	0	0	0	0	0	0	0	0	0	0
2026-04-20	0	0	0	0	0	0	0	0	0	0	0	0	0	0	0	0	0	0	0	0	0.00126916178078826	0.00314768538603507	0.000877275533791985	0.00170587729938468	0.0318283017741671	0.0319316773936737	0.0306327065163117	0.0306073143158475	0.0859253655878805	0.0859788574592156	0.0860870418935988	0.0870087350593051	0.13449099063452	0.133870527252677	0.13447610629871	0.133162375814093	0.170319213479372	0.169973463276615	0.170830279862462	0.169877043381552	0.193704613433006	0.193819351863465	0.193802420314817	0.190673614388712	0.204487777442246	0.203951280106679	0.203778262706508	0.202782679744567	0.201820092014874	0.20417088970755	0.20241778834973	0.203591229927847	0.190438268105899	0.190748073218002	0.189890831611795	0.188922827064305	0.163594800885729	0.166615298511393	0.164008521953309	0.164781378649569	0.124628815562798	0.128290176473174	0.126434978399892	0.125646029564136	0.0753086175205074	0.0773503802768328	0.0766912190996325	0.0786497831030273	0.0235831891589687	0.0243878664017484	0.0267315580811169	0.025297386358166	0.00237096260355809	0.000826807080973072	0.000242655727403063	0.000559574588065774	0	0	0	0	0	0	0	0	0	0	0	0	0	0	0	0	0	0	0	0
2026-04-21	0	0	0	0	0	0	0	0	0	0	0	0	0	0	0	0	0	0	0	0	0.00286315922857786	0.00165923138442209	0.00336520114410113	0.000112408242898926	0.0304143261182902	0.0264439227854305	0.0303848464718785	0.0307569046244007	0.0815146993945582	0.0788402551944599	0.0826461125262602	0.0799989328847217	0.126646748860777	0.127802151029233	0.125575589548058	0.123975510561933	0.160319047010624	0.154600572626253	0.154430294898073	0.15365008546505	0.181203858842479	0.182579972896991	0.183917268876477	0.181298899384053	0.194544105652337	0.194590838793695	0.194428933635696	0.195436121918272	0.202790327089724	0.199985179549397	0.20114732333195	0.20107717002893	0.186834075585603	0.187494268136714	0.188981734754642	0.187689921523041	0.163112407143385	0.159590083000186	0.163727231501124	0.161570278355305	0.122995033130403	0.123667301042563	0.121849429719722	0.122488236107312	0.0727715439904689	0.0765643708708688	0.0738480755739011	0.0738160095647612	0.0258677074034889	0.0254174402502511	0.0213191438263391	0.0253957085199208	0.00159604850567501	0.000625535887183459	0.00175211582413012	0.00102629978301141	0	0	0	0	0	0	0	0	0	0	0	0	0	0	0	0	0	0	0	0
2026-04-22	0	0	0	0	0	0	0	0	0	0	0	0	0	0	0	0	0	0	0	0	0	0	0	0	0.00628298397175659	0.00646290947412486	0.00258883789378155	0.005665268660337	0.016742148523754	0.0173362492726386	0.0189213997624266	0.0190002024411808	0.0416499242033384	0.0415206962370942	0.0435855602127298	0.0442438193468376	0.0749181706652751	0.0730356014056358	0.0722503764409977	0.0747958514880914	0.101467337848718	0.100593797375701	0.100241880024542	0.0996969847510384	0.139411305723354	0.137297780808096	0.139325643126356	0.138965270342194	0.164195111488762	0.16279132978132	0.163443427229143	0.164570131500775	0.159300927809412	0.161219169212658	0.161174417041459	0.160305485936471	0.150696391715234	0.149867727477662	0.151965138034691	0.151470742772413	0.115468740338951	0.116495699844221	0.116249747491491	0.115785812325337	0.0676082215228253	0.0660160289294281	0.0682212520396652	0.0701544975080814	0.0244565050494757	0.024500637500293	0.0251688563212155	0.0238740011290157	0.00332103687589387	0.000920890234263843	0.00144402479045726	0.000314048099385025	0	0	0	0	0	0	0	0	0	0	0	0	0	0	0	0	0	0	0	0
2026-04-23	0	0	0	0	0	0	0	0	0	0	0	0	0	0	0	0	0	0	0	0	0.00344565436039388	0.00233087885825295	0.00166435220774426	0.0025591145736089	0.0342960987283788	0.0358031770167569	0.0360388406988856	0.0348618835559786	0.0878933558753592	0.0914602012263807	0.0895728642401495	0.0880735786581106	0.137471637439416	0.140259847192963	0.135444930252874	0.136823585114747	0.170840353974424	0.174053179619532	0.173656326965776	0.171450139440268	0.187812039959162	0.186799571200609	0.189507016507839	0.18688137233239	0.177336270459324	0.179791915285416	0.178396680767493	0.178475133487767	0.161440367359307	0.159251988603735	0.16047577929452	0.159831864742438	0.139249016026211	0.139262157094955	0.140750665315568	0.138738161563266	0.109285239217327	0.108401294458043	0.108442912758677	0.107870553565952	0.0786102116645295	0.0787678902811781	0.0801814776556811	0.0794404203986114	0.0535656623070744	0.0555482836814872	0.0526188332628842	0.0552672207485542	0.0216703643978078	0.0230824638720439	0.0224873185416434	0.0227598531885049	0.00140783112629796	0.00196555657933234	0.000966509000292649	0.00166010329407705	0	0	0	0	0	0	0	0	0	0	0	0	0	0	0	0	0	0	0	0
2026-04-24	0	0	0	0	0	0	0	0	0	0	0	0	0	0	0	0	0	0	0	0	0.00393307367393666	0.00283672826620086	0.000235582942599734	0.00199461511726275	0.0349552658058189	0.0342022914804761	0.0348789690197422	0.0389634736939628	0.0903718732379928	0.0916116845496032	0.0915016864432453	0.0925147557691587	0.139474596166138	0.14093236830136	0.141249242091212	0.141343793441289	0.174285837308385	0.176978940917586	0.178459043262294	0.178276178511734	0.198664661372379	0.200599537911996	0.199409672439195	0.200326128276431	0.208873482566001	0.210190390548019	0.209348208706775	0.209587918179205	0.20545140846569	0.206716454273325	0.207806961602013	0.208025175658972	0.194173427627058	0.193732355920685	0.192090093540701	0.191004122911555	0.166997492790691	0.168353493196699	0.167041962118925	0.163607051893685	0.128566552909654	0.128800851181279	0.12718164072875	0.127450955180317	0.0780031316121221	0.0793729804266951	0.0786224041309472	0.0790014838302356	0.0275733516507728	0.0258549740334079	0.0270492026686137	0.0235224716472056	0.00294843799313963	0.000434050158033333	0.00163982478911481	0.00097768705971223	0	0	0	0	0	0	0	0	0	0	0	0	0	0	0	0	0	0	0	0
2026-04-25	0	0	0	0	0	0	0	0	0	0	0	0	0	0	0	0	0	0	0	0	0.00302515776518737	0.00343677618122722	0.00358800070102553	0.00195006535255988	0.0238673170742862	0.0251812716777683	0.0231206086100364	0.0248308026379091	0.0522722690766571	0.0519361895309641	0.0521360829523375	0.0526554584400412	0.090378040255266	0.0878567646982241	0.0888602489233115	0.0899049461231985	0.112065220196673	0.11217583890796	0.110772796986254	0.110986143909112	0.115907759113066	0.116048672220321	0.118278506450979	0.116765062215633	0.106931828864247	0.107708195122011	0.107583179083836	0.107776796929906	0.102212136369599	0.102593397299193	0.102381341482147	0.100813124849061	0.114534516536752	0.113994324372212	0.113876258971434	0.113594900119602	0.0954073840498526	0.0949432459876438	0.0930445048132759	0.0946048651492277	0.0662354823160614	0.065358992309367	0.0606302728391603	0.0647752525354113	0.0330509816787529	0.0360075896242253	0.0331875911918578	0.033753837505164	0.0130226101372102	0.0159101233109507	0.0121400773105596	0.0139271892412796	0.000483336826949158	0.00157485837144778	0.000499215957368071	0.00144258884423499	0	0	0	0	0	0	0	0	0	0	0	0	0	0	0	0	0	0	0	0
2026-04-26	0	0	0	0	0	0	0	0	0	0	0	0	0	0	0	0	0	0	0	0	0.0029030807060215	0.00445786810414476	0.00327168600430797	0.00336736518552577	0.0306159088074029	0.0298038287356342	0.0308023348111818	0.0297779276457812	0.0746218410889358	0.0744848828116012	0.0711288844863222	0.0747643916131409	0.101367747543184	0.102616761626379	0.103017853296791	0.0999976375336459	0.131567190716526	0.124725443132919	0.125971760044082	0.124735606106473	0.128124158790813	0.125733162651687	0.126397243066233	0.125745435491267	0.121951830827053	0.121112814821073	0.122734974045822	0.123200380306052	0.117150193775151	0.115392139813709	0.113306444845493	0.114151221565647	0.101794746618022	0.0998558154364694	0.0999308573154663	0.0974185806300418	0.0829408013953044	0.0840195100706974	0.0833273314796324	0.0857123570543658	0.0745094076309775	0.073523764913161	0.0732210243787791	0.0727458030770824	0.0599163073015121	0.0608794037978093	0.0586117231836706	0.060592565717008	0.0238185371765879	0.0247051294164248	0.0247050937562734	0.0257712396507139	0.00256022557144613	0.00221956404797457	0.00244500673456933	0.000775203646009973	0	0	0	0	0	0	0	0	0	0	0	0	0	0	0	0	0	0	0	0
2026-04-27	0	0	0	0	0	0	0	0	0	0	0	0	0	0	0	0	0	0	0	0	0.000541273432058191	0.000941378342505302	0.000159026269481341	0.000358321955955165	0.00938926731836941	0.00687670835270105	0.00734966887074372	0.00738435545818581	0.0236128066990491	0.0203278006577523	0.0222963299308087	0.0217630627123899	0.043228097256582	0.0425693509771604	0.0442573250468004	0.0409452267194572	0.0675066160333382	0.0674874745573571	0.0683758866331384	0.0686300227761663	0.0904381701202968	0.0898154959978428	0.0875079282654332	0.0902384056164272	0.0936734172899815	0.0933853829569861	0.0927428153071963	0.0951983844458362	0.0915187244790916	0.0924479338645691	0.0942592998270203	0.091774041829319	0.087761988301202	0.0882516552955955	0.0852475074409016	0.0877388489623009	0.0814249199337106	0.0811283090619501	0.0806193747376941	0.0808273962666452	0.0630645012089859	0.0614850346621986	0.0621280341879746	0.0623224299408409	0.0422049470556892	0.0408891141797489	0.0418885322193365	0.0420174065452255	0.0191825309838645	0.0199788087542216	0.0170569129529573	0.0207817473089567	0.00126410149676057	0.00225222646245458	0.00322438902574821	0.00125928301503664	0	0	0	0	0	0	0	0	0	0	0	0	0	0	0	0	0	0	0	0
2026-04-28	0	0	0	0	0	0	0	0	0	0	0	0	0	0	0	0	0	0	0	0	0.00428806927514912	0.00316814147675291	0.00285939650353561	0.00668439274456236	0.0287622486797009	0.0277456559853266	0.0277522559480358	0.0297398393869368	0.0548808181065225	0.0580676256105825	0.0586105324757809	0.0584410238071141	0.0862782483364049	0.0881592171911972	0.0841202996608835	0.0884422348115144	0.114653639485364	0.113553038542983	0.113077739906797	0.113715582064856	0.122204035233467	0.12841884177945	0.12402227045205	0.123354852535034	0.133498217946439	0.133729356709528	0.132314008188619	0.133458417155415	0.138732390934818	0.13852631285546	0.13539330256166	0.138347993648062	0.133579137380787	0.126548300550281	0.134261535880314	0.133611026188618	0.106500231494651	0.109988824309277	0.109970289983407	0.109540654212665	0.0786893222943687	0.0787356101882084	0.0791892416457942	0.0783858258716288	0.0472765973944756	0.0479197033204053	0.0463273630772091	0.04847633620791	0.0187884747578884	0.0191586630919178	0.0206712798933198	0.0193815822568741	0.000177170499024133	0.00131246529879512	0.00167993373926585	0.00283043046291489	0	0	0	0	0	0	0	0	0	0	0	0	0	0	0	0	0	0	0	0
2026-04-29	0	0	0	0	0	0	0	0	0	0	0	0	0	0	0	0	0	0	0	0	0.000946384702659444	0.000702411928086469	0.000574296332041321	0.000776907037212766	0.00802379775700292	0.00478258944210952	0.00333362104401744	0.00385999175687012	0.00924969720205049	0.0135659486545164	0.0133074463097104	0.0128769078337228	0.0264482152042887	0.0264839487963729	0.0265325853540494	0.022535250645289	0.0478082245216126	0.0519587905993102	0.046855260242972	0.0473777246361051	0.0737786964297505	0.0741394930705147	0.0739936521766698	0.072088158323065	0.0926171675962267	0.0945844474997756	0.095019953524483	0.0937784313795147	0.101493483240564	0.101402109359633	0.101069511128539	0.102034896271264	0.0891181018733841	0.0875702541194456	0.0901271689317425	0.0881844750754278	0.0633496134740795	0.0639325893036068	0.0640818801128943	0.0636359171094194	0.0404143187350673	0.0412092364461045	0.0415154064174681	0.0438610384013602	0.0345260545475728	0.0337115219791656	0.0334968816173566	0.0322655418559051	0.0149797133315823	0.0179222233268237	0.0148203000099373	0.0152777633316567	0.00049353523933186	0.00154683304582861	0.0012978801572708	0.000661751557568726	0	0	0	0	0	0	0	0	0	0	0	0	0	0	0	0	0	0	0	0
2026-04-30	0	0	0	0	0	0	0	0	0	0	0	0	0	0	0	0	0	0	0	0	0.00165470956435479	0.000871335803450607	0.000129113097717856	0.00234484153447675	0.0154408867781779	0.0173931214840808	0.0176593666517739	0.0175066250859675	0.053640624943062	0.0546701134526527	0.055463055440705	0.0552262061635803	0.105540915744718	0.105751183290249	0.107500200016929	0.102207700948104	0.122175130944716	0.123264014225749	0.120446422603161	0.124114432226374	0.132191524961965	0.139630024155552	0.136788616359277	0.139389834523206	0.153129728494911	0.14762724018369	0.148887729341754	0.148355301979645	0.170043884368346	0.170755949434783	0.167557293827518	0.169642872369353	0.16509209077102	0.165104739864807	0.16505936815534	0.161743801208833	0.143973953200351	0.141559214630878	0.143120411920146	0.143346420248626	0.111699365074572	0.110632055812818	0.110267603875226	0.108400975237384	0.0711712191149209	0.0695040653580405	0.0685789880557982	0.0687457274712404	0.0275182962333428	0.0266157765302107	0.0282833047929859	0.0265826224434605	0.00287949685884519	0.0020018002529632	0.00294320734985212	0.00417549553833949	0	0	0	0	0	0	0	0	0	0	0	0	0	0	0	0	0	0	0	0
2026-05-01	0	0	0	0	0	0	0	0	0	0	0	0	0	0	0	0	0	0	0	0	0.00374423128935002	0.00586097664467402	0.00363858217124188	0.00375620989473409	0.034734968498719	0.0352486957435396	0.035145397597083	0.0328709381606584	0.0794651675186008	0.0778777683050644	0.0745784398610455	0.0780786243152893	0.118748303219762	0.114378112553936	0.120352599905377	0.116520984320924	0.150552385741048	0.147833557620875	0.149471851145618	0.149142205492459	0.167056827866558	0.167526237481144	0.16894912104265	0.168467813609649	0.16941866874639	0.172364571347154	0.171215235657232	0.170001524249224	0.142547081109604	0.142986855530562	0.139618189846994	0.14184787351284	0.149071829798261	0.150842819415997	0.147409178541806	0.147676172243936	0.135372252665714	0.135401189977254	0.137466936672414	0.136759620684619	0.100032774638501	0.0998598747648944	0.0991708959033554	0.0979364546932489	0.0623449483912484	0.0618380111152846	0.0662494928797085	0.0645675476137585	0.0232778744438001	0.021255712150688	0.0235577764233914	0.0229086369821205	0.000110447923392811	0.00134663424414413	0.0013835200852096	0.000159397747253454	0	0	0	0	0	0	0	0	0	0	0	0	0	0	0	0	0	0	0	0
2026-05-02	0	0	0	0	0	0	0	0	0	0	0	0	0	0	0	0	0	0	0	0	0.00384693021939686	0.00502246606469222	0.00281541366663413	0.0053151900492768	0.0290782612921713	0.0274397243868494	0.0276797665748665	0.0288022477461129	0.0746174987752947	0.0757023165941635	0.0747883491556332	0.0738918354749086	0.125560426136746	0.127847199178574	0.126021639793168	0.124570734891512	0.161243956708397	0.15952150779753	0.161606985729542	0.160627549764531	0.176640200477213	0.176880450446479	0.176995598391005	0.178483750685303	0.182362161090304	0.178714300805402	0.181051167430745	0.184872370673549	0.180487810359202	0.180069389466827	0.17594159786182	0.178501202312152	0.169276197215214	0.169137366246507	0.169484448036002	0.169101988502277	0.149684020156683	0.148264611905228	0.147768128922952	0.148283239015137	0.117885738642113	0.11486105854856	0.11634902475928	0.113904178050047	0.0695768540758973	0.0705813804910595	0.0701424194257011	0.0686993460073421	0.0207749279642498	0.0235871476286315	0.0235553489602942	0.0230825754468245	0.00160488191953152	0.000124664729113054	0.000283239821498432	0.000987213529856997	0	0	0	0	0	0	0	0	0	0	0	0	0	0	0	0	0	0	0	0
2026-05-03	0	0	0	0	0	0	0	0	0	0	0	0	0	0	0	0	0	0	0	0	0.00694691055598066	0.00320458075531018	0.00379191725751714	0.00105659143119201	0.0392483897033739	0.0384588952759301	0.0383423270680629	0.0369503879526331	0.086826200595111	0.0876242230696129	0.0886322356238258	0.0869173407114502	0.12867475443288	0.131943301607029	0.131614985895765	0.128766958064325	0.163939905655405	0.16127768832473	0.160766481257264	0.162015924762601	0.1834571197337	0.178308705032908	0.180943838007287	0.183290337226106	0.186602390394878	0.186147266191141	0.187909709835465	0.191340633578517	0.178861211735974	0.177508159972004	0.179861882984838	0.178768745307184	0.160632499051542	0.162469822027342	0.163910033195685	0.165987645725431	0.150155822198148	0.149309536543518	0.1493764886321	0.146158152626235	0.114544459674798	0.114885605179238	0.114267172162377	0.115302762983587	0.0694740799219948	0.0708711001466159	0.070683534106355	0.0699712858250343	0.0232711432412827	0.0199939905292806	0.0229056727796642	0.0238291934497725	0.000156025655489151	0.00108529497589873	0.000404080774942355	0.00235459859366976	0	0	0	0	0	0	0	0	0	0	0	0	0	0	0	0	0	0	0	0
2026-05-04	0	0	0	0	0	0	0	0	0	0	0	0	0	0	0	0	0	0	0	0	0.00352763842791408	0.00477823009102467	0.00619651574542915	0.00449761573563211	0.0262827719880734	0.0291354545525813	0.0279136750023899	0.0296680984569554	0.0495631044813216	0.0535252420097175	0.0516827850557365	0.0532288684532244	0.0856495006576888	0.084267185544783	0.0845769433649383	0.08650637043259	0.133139964731104	0.129549718602008	0.133528874718766	0.129781441948121	0.147744766582079	0.148339086923245	0.147812965469146	0.148103181025529	0.173510610799375	0.174406859486739	0.17326124107328	0.173821288640606	0.179134619791554	0.179658306044407	0.17791877735885	0.179288296805189	0.169730266241466	0.168259373452247	0.167220914792034	0.168789445514254	0.142634051214039	0.146149359284624	0.145887858079102	0.143328731422234	0.10976666552082	0.109124030461062	0.107726160959128	0.11238314305899	0.0686842267556751	0.0639643978470451	0.0682864518885327	0.0680649235087471	0.0229170668133621	0.0239543614037512	0.0226350103543668	0.0224935614285198	0.0015095810682149	0.00122048575434434	0.0026367815763692	0.000633151601071559	0	0	0	0	0	0	0	0	0	0	0	0	0	0	0	0	0	0	0	0
2026-05-05	0	0	0	0	0	0	0	0	0	0	0	0	0	0	0	0	0	0	0	0	0.00707105191367318	0.0060095867737644	0.00430540921487309	0.00461395209768933	0.0364894805910576	0.0358292173975588	0.0345306015144064	0.0381507004969772	0.0845823580050832	0.0843316421393306	0.0837362202487481	0.0803497796068381	0.123741734223444	0.126749586335547	0.124401679487768	0.125106999953241	0.156096460675244	0.155436178308136	0.158841460640975	0.154625900375644	0.174293674832363	0.176276821528053	0.1747171621772	0.175712341462384	0.18180242669926	0.179944910903278	0.17823453457889	0.181018127818573	0.161003964115024	0.161948266000812	0.157371166922726	0.162676602961438	0.136305482131789	0.137892202755033	0.137862573166195	0.136939741946982	0.118080009827192	0.116030679415964	0.116141678643402	0.113747632113442	0.0689685884606675	0.0710452867880498	0.068944995748033	0.0700411290032498	0.0300286827878076	0.0292202592834593	0.0300637152928506	0.0326873426358824	0.0115902268144498	0.0131845445252715	0.0124133280702191	0.0108119005900596	0.000400088107319353	0.000375724397267642	0.00152679077892512	0.00169739671648789	0	0	0	0	0	0	0	0	0	0	0	0	0	0	0	0	0	0	0	0
2026-05-06	0	0	0	0	0	0	0	0	0	0	0	0	0	0	0	0	0	0	0	0	0.00620103507730205	0.00656630488054204	0.00437225935134601	0.0068604006908099	0.0292767301711396	0.0311250676790159	0.028224960379469	0.0283732417703755	0.0617779533481222	0.0611047430070105	0.0635145218265697	0.0586027818182976	0.0893225268077413	0.0895726821753488	0.0890106120221325	0.0880941789947774	0.117796087827331	0.116378624816747	0.119153384745892	0.11867190261003	0.14362830733574	0.144780992737772	0.143528529794323	0.143062170132165	0.146689959498797	0.145453726604773	0.1437358160653	0.14612049783113	0.123086397110961	0.125490513998055	0.12270916036465	0.121713928526335	0.0999881235854763	0.0989874687933243	0.099129495110745	0.0998949125104544	0.0724374413920194	0.0742239586969966	0.0742613731839982	0.0750772267269857	0.0565004728506176	0.0573200701170454	0.0559420799164244	0.0592373771159126	0.0353916076528407	0.0351435710496318	0.0360258580101016	0.0354389632874258	0.0134948651695145	0.0188502124494403	0.0139908049088811	0.0136641174721641	0.000732982376621196	0.0015513988466722	0.00054189733069252	0.00117372144601408	0	0	0	0	0	0	0	0	0	0	0	0	0	0	0	0	0	0	0	0
2026-05-07	0	0	0	0	0	0	0	0	0	0	0	0	0	0	0	0	0	0	0	0	0.00536759493816731	0.0046826764502927	0.00629449369248907	0.00665523491905093	0.0353837956533558	0.0351003627585405	0.0365249254786409	0.0359909161094628	0.0801537363463117	0.0819667498587697	0.0813581763338348	0.0815213374610838	0.119833658264945	0.119970150104626	0.119525421985201	0.117670769645228	0.145540647203581	0.145399592693319	0.146165115164043	0.146894644939057	0.169425433594849	0.164608747768642	0.166160641529129	0.16780517710738	0.177285592024944	0.179188084790646	0.177158283755031	0.178368039429379	0.182314515333619	0.181204675108454	0.182432491790773	0.183048317767155	0.17040634887273	0.168407127943454	0.168791167562064	0.167395355621753	0.13729080445484	0.138724362279204	0.14011452557976	0.138870307686195	0.0954469184608427	0.0954935578351662	0.0944180313557605	0.0926414923482306	0.0548764436583407	0.0480759103412803	0.0556909362230769	0.0553567097773021	0.020874085591122	0.0177873218246749	0.0221470302588909	0.0201915623253121	0.00357601119527917	0.00109885303968281	0.00132160013915076	3.53562588725417e-06	0	0	0	0	0	0	0	0	0	0	0	0	0	0	0	0	0	0	0	0
2026-05-08	0	0	0	0	0	0	0	0	0	0	0	0	0	0	0	0	0	0	0	0	0.00439434140756741	0.00477570304472129	0.00389462412121847	0.00493533142649283	0.0385916958603421	0.0381234376759055	0.0373081588081489	0.0389767076556035	0.0859976180150417	0.0869444765974883	0.0848468312966845	0.0852110740907855	0.12904596851705	0.127503774413897	0.125089216915455	0.126361040153598	0.157529880317188	0.159027730076207	0.158192062789216	0.157250326817389	0.176498296477734	0.173626304830229	0.179099354674839	0.179776044017199	0.186354418945407	0.183662977174659	0.185439250984163	0.185543352895771	0.184725019929881	0.182576906012839	0.183537920090524	0.182160153966756	0.169477104738667	0.17123310364342	0.170761631786032	0.171528159831881	0.147675014721476	0.148166211020007	0.147070476046292	0.147088298212225	0.111039181898593	0.11171361235949	0.111642485502696	0.112604720239221	0.0682677237853406	0.0664696017983351	0.0685569591464997	0.0687057152698247	0.0229585332593414	0.0237937912639005	0.0230939740756535	0.0221537014011046	0.000697996433168811	0.0020824223309315	0.00167601325194935	0.00254356798395035	0	0	0	0	0	0	0	0	0	0	0	0	0	0	0	0	0	0	0	0
2026-05-09	0	0	0	0	0	0	0	0	0	0	0	0	0	0	0	0	0	0	0	0	0.0057621402869362	0.00166057316931035	0.00504897223223547	0.00552831431151798	0.0380770021488471	0.0375028121485963	0.04065614090499	0.0377640447975666	0.0860748253150915	0.0863145168681271	0.0860824196511714	0.08552823816561	0.12724407897342	0.128563607643792	0.127760260651272	0.127432052731516	0.159824890934715	0.158012166123789	0.159866307143409	0.158296635798087	0.179108505662173	0.178518910368891	0.177395181499393	0.179977402469542	0.189329226567883	0.187350173885449	0.18510652249735	0.187214077049317	0.183598768338321	0.183382489313232	0.186245059622866	0.187773682725581	0.173487416746043	0.17212817018322	0.172523725283606	0.172860687787131	0.148540970859328	0.149344944619339	0.149181770757099	0.148932313764234	0.114715324928425	0.115669547191726	0.113729824719723	0.113885303160126	0.0697289171557083	0.0686570035435371	0.0703933062907941	0.0712207730099606	0.0229600198824095	0.0242003571231563	0.0225392768072183	0.0233003461872159	0.00104936469374087	0.00119734775357987	0.00179879395207241	0.00295449360060685	0	0	0	0	0	0	0	0	0	0	0	0	0	0	0	0	0	0	0	0
2026-05-10	0	0	0	0	0	0	0	0	0	0	0	0	0	0	0	0	0	0	0	0	0.00628743276865062	0.00301068202745454	0.0039875441470305	0.00571434105686433	0.0375852632602026	0.0370836397099552	0.0417628980660014	0.0365681989638407	0.0850754271158356	0.086184646759296	0.0833658791241297	0.0853740470007386	0.125945842145623	0.126804816687848	0.123985675490806	0.127263665675722	0.156512805183995	0.157859937135651	0.155119992349181	0.157507265331173	0.173769723791294	0.178681538480058	0.176034667498541	0.177514070230107	0.18737181266087	0.185956701067229	0.185580799196073	0.182090687075828	0.185753636828051	0.182893451553189	0.183016368888407	0.182336542730354	0.172298187374273	0.172126248094897	0.170754264652708	0.170821299878121	0.148323121497069	0.148038734830299	0.148290620872494	0.149347522800138	0.115039529770317	0.114834780366724	0.112344543332675	0.114781146530283	0.0721580841081738	0.0713009467125043	0.0665078931718073	0.0710330760075146	0.023030706560534	0.0226059463095889	0.0227784918817158	0.0245848552481613	0.000555389963941951	0.00224089135211616	0.000924689183952674	0.00327902949998921	0	0	0	0	0	0	0	0	0	0	0	0	0	0	0	0	0	0	0	0
2026-05-11	0	0	0	0	0	0	0	0	0	0	0	0	0	0	0	0	0	0	0	0	0.00405432714542393	0.0053600728051206	0.00427637869961889	0.00530922134983657	0.0378638222721409	0.0382792273972831	0.0409083180678865	0.0379486322626896	0.0856629301028612	0.0854619856958927	0.0857278645925624	0.0861472196086838	0.129197882271071	0.125333767180919	0.125946514647482	0.126521835900528	0.157413054778487	0.155832143508154	0.157654947135628	0.157099854577731	0.173587991040231	0.177537548661084	0.176010240771295	0.17786421952739	0.1850982867088	0.183235653871507	0.18648423719567	0.185181822224023	0.182658646229837	0.182282362281955	0.183327362912881	0.183731628575327	0.171412562970106	0.168602133353017	0.171811293041067	0.17117401063581	0.148597248702337	0.146295000534291	0.146532067267623	0.148575683495749	0.11362731704163	0.113006561817165	0.113447666540685	0.112918454600521	0.0693744909211648	0.0697163479255108	0.0682213789150931	0.0686877822382313	0.0241675103747389	0.0230742056527934	0.0242840372436614	0.0224742467288064	0.0021178348768468	0.00280654264063393	0.00243470657779676	0.0016409159047225	0	0	0	0	0	0	0	0	0	0	0	0	0	0	0	0	0	0	0	0
2026-05-12	0	0	0	0	0	0	0	0	0	0	0	0	0	0	0	0	0	0	0	0	0.0065589497190051	0.00893363286989255	0.00536355777295286	0.00514385963814949	0.0272639527156348	0.0266256626840702	0.0261950425792975	0.0269153420209975	0.0444366845078847	0.0439815836648644	0.043716366105983	0.0458653657212679	0.0725163517335047	0.0713000385985408	0.0706050429492375	0.071578566718717	0.103542553992245	0.0973388596992183	0.104616705879365	0.104501880429171	0.141346040024112	0.145154422445365	0.14257659441834	0.141922943112183	0.158702990065972	0.157905026575417	0.158059506051431	0.161332477307181	0.140355497943834	0.140421795384471	0.140074527566851	0.142148179104845	0.107775779536226	0.11019006393521	0.111248624008259	0.110785532520304	0.0863273931753993	0.0817878425937051	0.0874485871346187	0.0854361770962769	0.0635296755373267	0.0603352549953814	0.0622288369863149	0.0639062324809769	0.0400385293225794	0.0414866615656925	0.0390044445578898	0.0404703645538383	0.0187061076381673	0.019785717296072	0.0176569427882	0.0168512322775607	0.00162817495740638	0.000146095513405227	0.00299122101091866	0.00123450851826973	0	0	0	0	0	0	0	0	0	0	0	0	0	0	0	0	0	0	0	0
2026-05-13	0	0	0	0	0	0	0	0	0	0	0	0	0	0	0	0	0	0	0	0	0.00699383065539617	0.00630236304611623	0.00724757552243244	0.00745623077605516	0.0330114248423394	0.0375462625870127	0.0365386830571429	0.0359036295135049	0.0772492838333606	0.0779500887452691	0.0772181601486969	0.0755824672726733	0.116481028447333	0.11972548234087	0.1182096331542	0.119583856057597	0.155579330661121	0.151143467835439	0.149206961435072	0.151070240068368	0.163099955711093	0.163123841864797	0.165587913102756	0.164188289321354	0.147203160916383	0.149094500623978	0.143890363338687	0.147811975120951	0.113237306762141	0.113012978025691	0.113972397816035	0.113777317396133	0.0872135722934651	0.0864697751886947	0.0872232923548701	0.08509336016297	0.0628815183585979	0.0641381570902698	0.063839301956305	0.0661410225948274	0.0463191800929172	0.0470379064398371	0.0472323860244823	0.0444105274427633	0.029041284864818	0.0311823482303544	0.0304233863780972	0.0333529805267304	0.0134102832322313	0.0126872328666633	0.0128783713692709	0.0130241125318345	0.000819348946645851	0.000229040720721405	0.00192264375367858	2.89665789541603e-05	0	0	0	0	0	0	0	0	0	0	0	0	0	0	0	0	0	0	0	0
2026-05-14	0	0	0	0	0	0	0	0	0	0	0	0	0	0	0	0	0	0	0	0	0.00542723362082307	0.0041366397714775	0.00439394038106316	0.00204218622663627	0.0220954634987724	0.0202604721178989	0.0202532596643905	0.0223908047189382	0.0524891153787163	0.0540496750038682	0.0551975394685004	0.0542636701489151	0.0966109815583363	0.0986879576159434	0.0963569865873619	0.0973440742383584	0.108053722560686	0.104990080296166	0.107401652750603	0.108554544392546	0.0974235059018433	0.103131408900092	0.100738980444124	0.101706104753941	0.102910421166664	0.103391870841139	0.104381712226861	0.104315995765337	0.120618763129541	0.115650388902668	0.116399137414558	0.116331710553234	0.13213699356552	0.131260882814625	0.132130100009302	0.131472023610553	0.119901593605321	0.120162608860996	0.121600382007393	0.11633541552629	0.103360536743233	0.105188720747916	0.104084883262024	0.103365859246827	0.0683613427802487	0.0686118099985072	0.0694189271120467	0.0686079201091974	0.0266020762586893	0.0264998037595236	0.0251049262041083	0.0257931937776788	0.00343495728035471	0.00549742804783481	0.00248118565004132	0.00458642902176917	0	0	0	0	0	0	0	0	0	0	0	0	0	0	0	0	0	0	0	0
2026-05-15	0	0	0	0	0	0	0	0	0	0	0	0	0	0	0	0	0	0	0	0	0.00868877274786487	0.00527590015079898	0.00650139203564921	0.00853393506568695	0.0313278245645931	0.0320618613199013	0.0333786910237624	0.0322316230917432	0.0620032818364188	0.0599776512830557	0.0632707050298176	0.0617483618507079	0.0965792395267644	0.0954767531224438	0.0937182137390692	0.0942257936117226	0.116738614863841	0.116826034310375	0.118222118525015	0.113213232300768	0.127822700808202	0.126335723026728	0.126584151046874	0.125257425118196	0.125525590930878	0.130616401899375	0.128449257182222	0.128408749987525	0.1369859072928	0.132538895134232	0.138890221661762	0.138584975911207	0.118002142368598	0.119911086056241	0.121002825130197	0.119083946444964	0.113020243449323	0.11418680898728	0.11121814163192	0.110574805931478	0.0889877841960492	0.0906508607766274	0.0886633497522277	0.0906980052750957	0.0618874210275635	0.0601197157464327	0.0615866984225209	0.0614061648034828	0.0231920006297771	0.0251724084544449	0.0272352734504538	0.0274003174653243	0.00485803019648728	0.00495097268544883	0.00312447222404278	0.00406652489402112	0	0	0	0	0	0	0	0	0	0	0	0	0	0	0	0	0	0	0	0
2026-05-16	0	0	0	0	0	0	0	0	0	0	0	0	0	0	0	0	0	0	0	0	0.00915320223362241	0.00686407412000832	0.00790459168615498	0.0070781319602143	0.0365849470166809	0.0368834441748206	0.036935859696379	0.0365957491121195	0.0766048126547782	0.0767116746263063	0.0761269279427627	0.0785565847761528	0.108812758432597	0.11089890020164	0.110762308840793	0.10952603252497	0.134664318256124	0.133130900081208	0.132487019239911	0.131717762422757	0.143344435013736	0.141160912095022	0.14217089279056	0.144323760100683	0.150640545993004	0.156184142282937	0.151195805073383	0.148979506650675	0.15797624865706	0.157784698125813	0.153614709099796	0.154624344117331	0.147193604453606	0.147904234968493	0.14749400710228	0.146408153475621	0.126304908793412	0.125838788638026	0.125789797686024	0.125066504882538	0.0964755092983264	0.095588794060396	0.0967634659120642	0.0941722307292133	0.0630902516623179	0.065434057683342	0.0639284332899631	0.0615472573643771	0.0263525337004053	0.0245458688395309	0.0245611455397191	0.0265404519203448	0.00403810678408817	0.0030177812972686	0.00621267976714754	0.0037314321514957	0	0	0	0	0	0	0	0	0	0	0	0	0	0	0	0	0	0	0	0
2026-05-17	0	0	0	0	0	0	0	0	0	0	0	0	0	0	0	0	0	0	0	0	0.00778632330126622	0.00839943745707001	0.00491070589586721	0.00990353334579656	0.0383800843803038	0.0362649826908863	0.0388043212771727	0.0375506116516373	0.0755320272240563	0.0783247480410099	0.0737771074205413	0.0763661173143925	0.108756957219935	0.108498138082889	0.10947304725057	0.108271857446606	0.137520220355496	0.135261373305431	0.134530297750774	0.1366881085883	0.142856029146061	0.139698339970858	0.141965674401843	0.143479956481239	0.149906260649225	0.152426391990509	0.150227263426045	0.149440083934221	0.152644748898543	0.150615214445342	0.152325436249535	0.15141460040658	0.148276727835494	0.146524527448594	0.147381096470818	0.146817648245094	0.125237970114942	0.125959651402635	0.125490832254359	0.128311546228064	0.0977428946901616	0.0967937261734832	0.0963971075734531	0.0960662715629022	0.0612218711789186	0.0621230890882838	0.0627356841511747	0.0619193555816229	0.024421712981945	0.0259664440241583	0.0245607768719642	0.0270510661219325	0.00478458008604942	0.001675891375234	0.00262784571788272	0.00791168282083387	0	0	0	0	0	0	0	0	0	0	0	0	0	0	0	0	0	0	0	0
2026-05-18	0	0	0	0	0	0	0	0	0	0	0	0	0	0	0	0	0	0	0	0	0.00801170899980297	0.00908420260966087	0.00860595687998779	0.00729813151054838	0.0297848910457968	0.0287758210703869	0.0277276526951435	0.0327116351886729	0.0580075400240784	0.0549041149917411	0.0577001307222486	0.0563882142619319	0.0892580655158507	0.0884305396314401	0.0862853655417951	0.0890260293109141	0.119747096918005	0.117793108018583	0.117848005825919	0.118611789237493	0.144444882016693	0.141452770594244	0.140736619279679	0.141365728109384	0.157122638761421	0.155152920527166	0.154868074682214	0.154856366029198	0.167846622681785	0.16524571019893	0.167260125103413	0.166647542015872	0.155845001098586	0.155493763478743	0.154579576145301	0.156081659277369	0.133992125328316	0.129957479968817	0.132873037593142	0.132177357109726	0.100458528346146	0.103239663879213	0.103948420379937	0.101353387394704	0.0639530508466829	0.0650621585465821	0.0649963901450352	0.0639884004616997	0.0246484053715905	0.0255584623288046	0.0257134950936099	0.0260796372059949	0.00527867251809235	0.00530282871622665	0.00470193850644558	0.00371656025923542	0	0	0	0	0	0	0	0	0	0	0	0	0	0	0	0	0	0	0	0
2026-05-19	0	0	0	0	0	0	0	0	0	0	0	0	0	0	0	0	0	0	0	0	0.0066393055222031	0.00765196203706063	0.00706902151175991	0.00763971092897636	0.0378889039246274	0.0407964871216183	0.0400067118737224	0.0413078970800319	0.0827622102599656	0.0861591770292288	0.0824238227386301	0.0836547899721756	0.116420450000472	0.121024340941781	0.116939792396993	0.116615416660754	0.146315041708589	0.142358910224247	0.145944534451251	0.145381513615914	0.164928695970712	0.163588081703659	0.164405164784261	0.163078057541368	0.170091162782078	0.169328846893733	0.16875851311024	0.169821477213948	0.164089970060981	0.162125586376591	0.165253098091366	0.163531345471063	0.14563411214805	0.146902084118947	0.148415609356799	0.145048194376204	0.118499680886798	0.123772672143203	0.120838851555273	0.119888795414725	0.0862583114298224	0.0861649435926733	0.0907084651768928	0.0878682798006114	0.0567763387584759	0.056581998714406	0.0557472907163346	0.0538943718107835	0.0244731811799906	0.0232066515423181	0.0237590120860588	0.0255611551916325	0.00614037654530277	0.00371657283162633	0.00197283446470982	0.00417021615836108	0	0	0	0	0	0	0	0	0	0	0	0	0	0	0	0	0	0	0	0
2026-05-20	0	0	0	0	0	0	0	0	0	0	0	0	0	0	0	0	0	0	0	0	0.00716288811164207	0.00541147759419564	0.0105769898829042	0.00784864441125814	0.031090376847713	0.030567705337758	0.0303768555249275	0.0299650622896015	0.0597978969231354	0.0615626369762057	0.0624251159560577	0.0622143501446012	0.0925761269676437	0.0907053976634058	0.0912293769011892	0.0914890984677613	0.126003831405496	0.126926740010226	0.125162744720509	0.119906683863769	0.155537535295771	0.156552859397013	0.155796377392361	0.156113227914855	0.171930628242894	0.17489826912669	0.172759641618687	0.172411461011729	0.175786896556714	0.175950429210451	0.174950603028234	0.175312071204601	0.165535111731595	0.166384883560683	0.164632156765695	0.166447847942027	0.141524316200883	0.143127494321843	0.146652808981539	0.143695380495735	0.110586786916611	0.112040586940502	0.109532113370947	0.110840512771939	0.0694525792454068	0.0696024806273369	0.0693991022838372	0.0685458378434191	0.0267141334489937	0.0234282436521505	0.0257292992446777	0.0271283236541781	0.00397180055905521	0.00542045878328687	0.00469293733584967	0.00491480332180825	0	0	0	0	0	0	0	0	0	0	0	0	0	0	0	0	0	0	0	0
2026-05-21	0	0	0	0	0	0	0	0	0	0	0	0	0	0	0	0	0	0	0	0	0.00669548121841642	0.00699182035795563	0.00534369155955185	0.0069690068640761	0.0400385798117825	0.038951276562151	0.0411419625923572	0.0408681810337093	0.0823692674989107	0.0850336019599919	0.0857281706565335	0.0858689598845639	0.122784184797234	0.123726266476974	0.124086480408316	0.123403068317476	0.151581538414089	0.153661270704357	0.152175511392296	0.154581679489257	0.170805167969076	0.172611807379624	0.172139975830434	0.171443048820865	0.179348642350546	0.180181092687923	0.177924985214138	0.177545279747392	0.175702260440219	0.174800650259656	0.176304721917181	0.175192367382944	0.162478870120581	0.164323114114829	0.164134526029095	0.163063489735495	0.140784460177936	0.141455899715311	0.141023352620488	0.140736287486264	0.106432008274498	0.106840960255152	0.109373772772759	0.10735325869759	0.065126630326154	0.0669760900891947	0.0669852792046426	0.0699120003800086	0.0249193724963825	0.0260168666390698	0.0257200719486244	0.0253436889159233	0.00604059607759913	0.00428442096350327	0.0045666451799354	0.0031083377789622	0	0	0	0	0	0	0	0	0	0	0	0	0	0	0	0	0	0	0	0
2026-05-22	0	0	0	0	0	0	0	0	0	0	0	0	0	0	0	0	0	0	0	0	0.0106919853666122	0.00634761123668199	0.00869417370364999	0.0082662296930558	0.0344112108950973	0.0341678024435643	0.0358088442504045	0.033612142410934	0.0732449457363633	0.075569556999177	0.0727966389979228	0.0733888582665369	0.113684161518892	0.110488121993401	0.114681216229224	0.111146500258483	0.119041535510726	0.119357872213496	0.121149888184024	0.119450704091754	0.112536164504142	0.115139839242235	0.11714495113954	0.114179045114083	0.140142981828231	0.141257192957301	0.142925250680499	0.141674574533969	0.152751997902838	0.153052735034648	0.151158057119234	0.15203720994328	0.140080025450387	0.140392116577106	0.141228471981062	0.141299385991445	0.125368324126898	0.124880879323707	0.124360029696072	0.126390766853323	0.0929979564585961	0.0922271241954562	0.0923108531865483	0.0934640661593994	0.0620742575690134	0.0610496590823076	0.061252433357947	0.059623649990732	0.0278307509994389	0.0235444367765651	0.028170955542422	0.027453856681574	0.00564239327318655	0.00652611937647409	0.00429488602324577	0.00553660132709359	0	0	0	0	0	0	0	0	0	0	0	0	0	0	0	0	0	0	0	0
2026-05-23	0	0	0	0	0	0	0	0	0	0	0	0	0	0	0	0	0	0	0	0	0.0072631614018091	0.0081216198155704	0.00921456407909293	0.0104006547035276	0.0364807199470461	0.0372606583068872	0.0400550175135728	0.0382036042324938	0.0791343877995164	0.0803192044303394	0.0827122282892108	0.0788341794809335	0.118583351896851	0.120832782449505	0.121969162067154	0.122614703586489	0.150352775174799	0.151067561873868	0.149160471575297	0.149419191376036	0.162702076351344	0.163127438445665	0.163212059246803	0.161958425956188	0.164130171218215	0.165383399747951	0.164303317594225	0.162183111439609	0.158052954147338	0.154385542321303	0.153171751764732	0.154389751766627	0.143675228583468	0.145882730507902	0.145438688361819	0.144003352546811	0.126592794512905	0.125983687260137	0.123940197339654	0.126483320887303	0.0934528752073381	0.0925077500289199	0.0954111774107959	0.0996281973529461	0.0633042234483945	0.0648715621067634	0.0693299601568118	0.0624942542880303	0.0235831662020014	0.0277696842812393	0.0275588730025987	0.0270882765141606	0.00516329528439675	0.00559277030376636	0.00403487777084263	0.00620905664099427	0	0	0	0	0	0	0	0	0	0	0	0	0	0	0	0	0	0	0	0
2026-05-24	0	0	0	0	0	0	0	0	0	0	0	0	0	0	0	0	0	0	0	0	0.00748979262658794	0.0113128440629875	0.00495245035486468	0.00624491295555992	0.0324310453894445	0.0308471202195343	0.031618463762303	0.0331033706287182	0.0686494385952322	0.0692110388817099	0.0684878940391788	0.0686516284838791	0.112960817298269	0.111325222963654	0.109553707173305	0.109160252564772	0.146229764877212	0.146652619691367	0.145557886768689	0.143559728662732	0.157806148829164	0.158091380734966	0.159416031277071	0.158686439158799	0.159944247884977	0.163037356206226	0.162651920934667	0.16136647497413	0.150641008182042	0.149068358716976	0.149925146356436	0.149365486744546	0.13233070995761	0.132110267877922	0.132575416613598	0.13398360555087	0.117010384704388	0.118389714081479	0.117233224209424	0.116366677004709	0.0886472342667381	0.0875201190341304	0.0881507660913303	0.0896818806078012	0.0585369406622204	0.057917400724723	0.0594962988397071	0.0570493597733496	0.0278107929468398	0.0246069725836337	0.0257332557360769	0.0268489787334496	0.00527565988887687	0.00585905706345079	0.00426566642049207	0.00759961662718028	0	0	0	0	0	0	0	0	0	0	0	0	0	0	0	0	0	0	0	0
2026-05-25	0	0	0	0	0	0	0	0	0	0	0	0	0	0	0	0	0	0	0	0	0.010269965853102	0.00817758928372276	0.0109112996281026	0.00864114523507266	0.0356433745431616	0.0356633963241642	0.0363553444573516	0.0403378846753226	0.0811610215330137	0.0793586595308571	0.0822520899082002	0.078228229027929	0.122173402832464	0.12465064009683	0.123695571940653	0.122480385130052	0.152793022450174	0.155158536604367	0.15287155335904	0.153176887586419	0.172917513225337	0.171653692884144	0.169725541119815	0.173703252770704	0.17785336326425	0.178073087432062	0.17800610801009	0.179067441293598	0.170322998946206	0.170424142942221	0.169216875960846	0.169035982150727	0.134961569861963	0.136532829311103	0.134949246165902	0.136556354661032	0.0958326153720435	0.0923189791837022	0.0938425669996998	0.0960058384445544	0.0892005066099338	0.0892832474473383	0.0864467253231661	0.0880695206195618	0.0648491426381041	0.0651425232879537	0.0664547939576643	0.0655535401162779	0.0261408876737752	0.0264154618761603	0.0287151969467671	0.0257284535032974	0.00557914837088148	0.00572262610408361	0.00600477895264546	0.00469344657238945	0	0	0	0	0	0	0	0	0	0	0	0	0	0	0	0	0	0	0	0
2026-05-26	0	0	0	0	0	0	0	0	0	0	0	0	0	0	0	0	0	0	0	0	0.00914545376879582	0.00966803237340937	0.00815668281298393	0.00902983104481087	0.0361926504966932	0.0395966316516151	0.0357181242703881	0.0374925935813037	0.0790520594514189	0.0785098304545114	0.0792969649989753	0.0791411450950944	0.121468149451434	0.119077497666424	0.115543144448122	0.120911208434019	0.150398175249658	0.146976907985463	0.151112936901943	0.150511979862936	0.168614038595087	0.169751528969338	0.166872952049424	0.166761480386151	0.17645712453484	0.175776733378605	0.176079637645096	0.17568650444146	0.173410816187841	0.176387178679745	0.174702322211555	0.17549968292086	0.163559221386201	0.162469870641714	0.162360803849555	0.16361010412253	0.141962980290791	0.140221558915773	0.141283226779156	0.140532234014281	0.109471235090487	0.103119605293703	0.108455439338514	0.108953720277296	0.0650250600844519	0.0660471489369548	0.0703283574453593	0.064599433533234	0.0254365496464339	0.0265371745434766	0.0275982409638892	0.0254280348462003	0.00343650282706124	0.00833751920449781	0.00572152859914041	0.00450444936930054	0	0	0	0	0	0	0	0	0	0	0	0	0	0	0	0	0	0	0	0
2026-05-27	0	0	0	0	0	0	0	0	0	0	0	0	0	0	0	0	0	0	0	0	0.00807834960710944	0.00743927616282708	0.00785635793775084	0.0136260162923126	0.0298315249211219	0.0322644441863332	0.032541279063893	0.0333627518286519	0.0707877866754166	0.0692476447588475	0.0689313096771369	0.070033258888599	0.110211546732592	0.111183156927312	0.107103904212874	0.110501392127221	0.142876386633757	0.142561247325561	0.140177493770528	0.140384872270154	0.156404513848566	0.156582084827434	0.157843631841227	0.157169769482774	0.159355787227142	0.157827288297241	0.158478391259419	0.156338533216198	0.1233360405061	0.120420078744547	0.122137796616102	0.120106084133251	0.119510878136739	0.12248485739074	0.122234024024281	0.12077024044824	0.11647348321002	0.114980371924714	0.116209816347702	0.119336328517564	0.0806119558730856	0.0824627423083126	0.0813915724394096	0.0835337293791921	0.0578887606343708	0.057240799696548	0.0560441519364476	0.0558262877326336	0.026206661793391	0.0229124253829759	0.0269104003696874	0.0249705124539457	0.0044629209185527	0.00329916598823076	0.00535784210369068	0.00588007098952587	0	0	0	0	0	0	0	0	0	0	0	0	0	0	0	0	0	0	0	0
2026-05-28	0	0	0	0	0	0	0	0	0	0	0	0	0	0	0	0	0	0	0	0	0.00981500031403471	0.0107523280905956	0.00829571635640425	0.00813695523896545	0.0376499290113803	0.0377277291543433	0.0374934393759329	0.0381289024583435	0.0784073343158333	0.0780779342552175	0.0776421921076865	0.0788725393212627	0.115361761011149	0.113798755965562	0.110994844426306	0.111844638596983	0.143105265026887	0.143801239951698	0.143472285653291	0.143621209368124	0.165970698722649	0.169098571801222	0.169896467549967	0.166034261926162	0.169476854235224	0.168502155458764	0.170671500432412	0.1693494898736	0.174754392192551	0.169595187593394	0.174107006931912	0.174543413282143	0.165669319414226	0.165044621079705	0.164284176353779	0.16100188315229	0.141619461403895	0.141692254540432	0.141404409458878	0.142283874596794	0.103672257339961	0.105856313013337	0.103966087336311	0.10450534231039	0.0673210897310434	0.0661124917342352	0.0647821313755829	0.0687842871591386	0.0254412258610123	0.0265798552025045	0.0263907995214627	0.0275881194150205	0.00460307369272388	0.00645488960928265	0.00846473048445129	0.00347730621354218	0	0	0	0	0	0	0	0	0	0	0	0	0	0	0	0	0	0	0	0
2026-05-29	0	0	0	0	0	0	0	0	0	0	0	0	0	0	0	0	0	0	0	0	0.00964999758933062	0.00786311323388994	0.0110294158391628	0.00945747333761664	0.0412713033050412	0.0394961966585751	0.0403723250677191	0.0378601749686645	0.0802713134820073	0.0812336916468459	0.0807957440245237	0.083699250846623	0.119186342133349	0.116918579252589	0.117064858578238	0.120830220035824	0.146419950250909	0.146189203362188	0.146704810918771	0.144686035468132	0.159834464187434	0.158599120622028	0.158989944257223	0.158576470933315	0.150803161802988	0.152167275464077	0.154957344517123	0.151072218215812	0.133706443337123	0.13315038938462	0.133156568142627	0.13198659913563	0.107123073550149	0.105587847386009	0.105781144937772	0.10750793412607	0.0885546720887694	0.0902882252050731	0.0883775878437535	0.0877795148624039	0.0713440140048181	0.0736993449908939	0.0753126124019409	0.0726440286023471	0.0555607529721783	0.0569471284760916	0.0547375139327778	0.0577546046189522	0.0275872753819465	0.0263515586387268	0.0284900308161243	0.0275711351632025	0.00500997058376332	0.00524374617458444	0.00760077415195986	0.00714550908969238	0	0	0	0	0	0	0	0	0	0	0	0	0	0	0	0	0	0	0	0
2026-05-30	0	0	0	0	0	0	0	0	0	0	0	0	0	0	0	0	0	0	0	0	0.00931513887120882	0.00903931441669321	0.00849934834835744	0.0111461983637405	0.0419111549669317	0.0396532370158803	0.0407205544154849	0.0407150536017032	0.0779248943085829	0.0774500726586255	0.0718865449430358	0.0757384880897558	0.0954042971405681	0.0956806304951907	0.0952991888990327	0.0946158834652086	0.0891728558076869	0.0865688679658836	0.0878784620156755	0.088379814210754	0.0844090614400666	0.0848677255180311	0.0856341203515052	0.0870890926903973	0.13288498248507	0.13041649580786	0.131894300530587	0.130804221176484	0.148395367076954	0.147137130991973	0.147214658536017	0.148252843395055	0.148303489510034	0.152379146792514	0.146207152475696	0.149110211221756	0.12939136714591	0.127347772728857	0.130798719793136	0.127462140332097	0.0832945252775103	0.0772349256020979	0.0816196801782987	0.0848508689420932	0.0507898464184386	0.0529559142601391	0.0527274618607515	0.0515267774606708	0.0253989582266477	0.0236119562407412	0.0262004452933315	0.0257886402392796	0.00851164005048209	0.00730008607288926	0.00504885047645688	0.00213942340017177	0	0	0	0	0	0	0	0	0	0	0	0	0	0	0	0	0	0	0	0
2026-05-31	0	0	0	0	0	0	0	0	0	0	0	0	0	0	0	0	0	0	0	0	0.00847848938565532	0.011403348381958	0.00871166491066902	0.00840649732171769	0.033092391411808	0.0363135765900635	0.0360410935131889	0.0365529384849395	0.0738385001317716	0.0727536926453797	0.0758253629355725	0.0705824442872762	0.104517041014969	0.105902299934715	0.106949028265435	0.107631630784882	0.141900339886964	0.140476330455983	0.142317421162618	0.139305908494435	0.153556908690735	0.155517777816667	0.154523096941358	0.15340221655124	0.148299147850708	0.148409291594761	0.149162493705183	0.150129066849348	0.155541502774869	0.154640660145933	0.153440075812274	0.159377761266923	0.138113139256806	0.14112698575742	0.136392211531249	0.139367663454524	0.130300929028104	0.130607497017053	0.130133442114126	0.130958131840718	0.10406015629064	0.104377069555772	0.106270700941517	0.106292073212071	0.0674731973282684	0.0710300246144841	0.0687129560699737	0.0677838219872738	0.0285512742768861	0.0268983162267058	0.0289791835194492	0.026571225976959	0.00464459012545686	0.00781218546670802	0.00635149513456662	0.0071917292732685	0	0	0	0	0	0	0	0	0	0	0	0	0	0	0	0	0	0	0	0
