2025-01-01	2.52	2.52	2.52	2.52	2.5	2.5	2.5	2.5	3.94	3.94	3.94	3.94	3.94	3.94	3.94	3.94	5.03	5.03	5.03	5.03	6.44	6.44	6.44	6.44	5.97	5.97	5.97	5.97	6.02	6.02	6.02	6.02	6.6	6.6	6.6	6.6	859.44	859.44	859.44	859.44	27.06	27.06	27.06	27.06	8.22	8.22	8.22	8.22	2.07	2.07	2.07	2.07	3.5	3.5	3.5	3.5	2.62	2.62	2.62	2.62	2.33	2.33	2.33	2.33	123.71	123.71	123.71	123.71	428.46	428.46	428.46	428.46	3.86	3.86	3.86	3.86	3.3	3.3	3.3	3.3	2.46	2.46	2.46	2.46	3.02	3.02	3.02	3.02	3.75	3.75	3.75	3.75	15.52	15.52	15.52	15.52
2025-01-02	4.3	4.3	4.3	4.3	6.36	6.36	6.36	6.36	11.88	11.88	11.88	11.88	12.1	12.1	12.1	12.1	12.1	12.1	12.1	12.1	11.91	11.91	11.91	11.91	12.52	12.52	12.52	12.52	3.05	3.05	3.05	3.05	2.22	2.22	2.22	2.22	3.5	3.5	3.5	3.5	6.52	6.52	6.52	6.52	5.71	5.71	5.71	5.71	3.5	3.5	3.5	3.5	3.5	3.5	3.5	3.5	3.41	3.41	3.41	3.41	5.71	5.71	5.71	5.71	5.8	5.8	5.8	5.8	3.75	3.75	3.75	3.75	1.74	1.74	1.74	1.74	1.45	1.45	1.45	1.45	1.95	1.95	1.95	1.95	1.95	1.95	1.95	1.95	2.33	2.33	2.33	2.33	7.03	7.03	7.03	7.03
2025-01-03	12.97	12.97	12.97	12.97	19.32	19.32	19.32	19.32	20.74	20.74	20.74	20.74	22.98	22.98	22.98	22.98	19.94	19.94	19.94	19.94	17.5	17.5	17.5	17.5	21.37	21.37	21.37	21.37	11.62	11.62	11.62	11.62	5.64	5.64	5.64	5.64	9.3	9.3	9.3	9.3	8.1	8.1	8.1	8.1	6.59	6.59	6.59	6.59	6.25	6.25	6.25	6.25	5.59	5.59	5.59	5.59	5.59	5.59	5.59	5.59	6.36	6.36	6.36	6.36	17.41	17.41	17.41	17.41	7.5	7.5	7.5	7.5	3.03	3.03	3.03	3.03	2.3	2.3	2.3	2.3	2.3	2.3	2.3	2.3	3.03	3.03	3.03	3.03	2.85	2.85	2.85	2.85	7.5	7.5	7.5	7.5
2025-01-04	11	11	11	11	11.48	11.48	11.48	11.48	13.38	13.38	13.38	13.38	13.92	13.92	13.92	13.92	14.91	14.91	14.91	14.91	17.5	17.5	17.5	17.5	17.5	17.5	17.5	17.5	6.25	6.25	6.25	6.25	5.59	5.59	5.59	5.59	22.73	22.73	22.73	22.73	12.59	12.59	12.59	12.59	6.04	6.04	6.04	6.04	5	5	5	5	5	5	5	5	5.22	5.22	5.22	5.22	6.25	6.25	6.25	6.25	20.5	20.5	20.5	20.5	5.59	5.59	5.59	5.59	2.39	2.39	2.39	2.39	2.39	2.39	2.39	2.39	4.31	4.31	4.31	4.31	4.95	4.95	4.95	4.95	6.25	6.25	6.25	6.25	22.98	22.98	22.98	22.98
2025-01-05	7.9	7.9	7.9	7.9	12.47	12.47	12.47	12.47	15	15	15	15	20.36	20.36	20.36	20.36	19.27	19.27	19.27	19.27	20.57	20.57	20.57	20.57	21.17	21.17	21.17	21.17	18.58	18.58	18.58	18.58	16.11	16.11	16.11	16.11	244.55	244.55	244.55	244.55	80	80	80	80	17.36	17.36	17.36	17.36	3.95	3.95	3.95	3.95	3.65	3.65	3.65	3.65	3.67	3.67	3.67	3.67	5.59	5.59	5.59	5.59	98.71	98.71	98.71	98.71	20	20	20	20	6.25	6.25	6.25	6.25	4.31	4.31	4.31	4.31	4.8	4.8	4.8	4.8	5.59	5.59	5.59	5.59	5.2	5.2	5.2	5.2	6.25	6.25	6.25	6.25
2025-01-06	8.75	8.75	8.75	8.75	9.72	9.72	9.72	9.72	8.75	8.75	8.75	8.75	8.75	8.75	8.75	8.75	10	10	10	10	11.25	11.25	11.25	11.25	11.25	11.25	11.25	11.25	16.61	16.61	16.61	16.61	10.05	10.05	10.05	10.05	30.9	30.9	30.9	30.9	16.3	16.3	16.3	16.3	7.87	7.87	7.87	7.87	2.6	2.6	2.6	2.6	2.5	2.5	2.5	2.5	1.55	1.55	1.55	1.55	1.55	1.55	1.55	1.55	5.68	5.68	5.68	5.68	21.21	21.21	21.21	21.21	11.25	11.25	11.25	11.25	5	5	5	5	6.25	6.25	6.25	6.25	10	10	10	10	9.25	9.25	9.25	9.25	14.15	14.15	14.15	14.15
2025-01-07	22.96	22.96	22.96	22.96	14.09	14.09	14.09	14.09	20.17	20.17	20.17	20.17	22.06	22.06	22.06	22.06	26.03	26.03	26.03	26.03	20.6	20.6	20.6	20.6	24.48	24.48	24.48	24.48	9.92	9.92	9.92	9.92	7.5	7.5	7.5	7.5	10.23	10.23	10.23	10.23	8.93	8.93	8.93	8.93	5.3	5.3	5.3	5.3	5	5	5	5	5.36	5.36	5.36	5.36	5.47	5.47	5.47	5.47	7.84	7.84	7.84	7.84	11.11	11.11	11.11	11.11	7.5	7.5	7.5	7.5	3.62	3.62	3.62	3.62	2.52	2.52	2.52	2.52	3.26	3.26	3.26	3.26	3.08	3.08	3.08	3.08	7.5	7.5	7.5	7.5	14.49	14.49	14.49	14.49
2025-01-08	13.03	13.03	13.03	13.03	14.53	14.53	14.53	14.53	17.5	17.5	17.5	17.5	18.91	18.91	18.91	18.91	18.62	18.62	18.62	18.62	15.25	15.25	15.25	15.25	10.51	10.51	10.51	10.51	6.25	6.25	6.25	6.25	5	5	5	5	7.5	7.5	7.5	7.5	7.5	7.5	7.5	7.5	6.45	6.45	6.45	6.45	5.79	5.79	5.79	5.79	7.05	7.05	7.05	7.05	7.5	7.5	7.5	7.5	8.52	8.52	8.52	8.52	11.25	11.25	11.25	11.25	7.5	7.5	7.5	7.5	2.24	2.24	2.24	2.24	1.67	1.67	1.67	1.67	1.96	1.96	1.96	1.96	2.17	2.17	2.17	2.17	3.75	3.75	3.75	3.75	10	10	10	10
2025-01-09	10	10	10	10	7.5	7.5	7.5	7.5	7.5	7.5	7.5	7.5	7.41	7.41	7.41	7.41	6.25	6.25	6.25	6.25	7.5	7.5	7.5	7.5	10	10	10	10	8.78	8.78	8.78	8.78	8.75	8.75	8.75	8.75	9.95	9.95	9.95	9.95	8.75	8.75	8.75	8.75	5.83	5.83	5.83	5.83	5.19	5.19	5.19	5.19	4.9	4.9	4.9	4.9	4.86	4.86	4.86	4.86	7.39	7.39	7.39	7.39	9.1	9.1	9.1	9.1	8.75	8.75	8.75	8.75	2.57	2.57	2.57	2.57	2.5	2.5	2.5	2.5	2.5	2.5	2.5	2.5	2.52	2.52	2.52	2.52	6.25	6.25	6.25	6.25	7.5	7.5	7.5	7.5
2025-01-10	15	15	15	15	15	15	15	15	15	15	15	15	15	15	15	15	16.65	16.65	16.65	16.65	15.33	15.33	15.33	15.33	21.69	21.69	21.69	21.69	4.86	4.86	4.86	4.86	4.74	4.74	4.74	4.74	6.92	6.92	6.92	6.92	6.08	6.08	6.08	6.08	4.29	4.29	4.29	4.29	5.41	5.41	5.41	5.41	5.4	5.4	5.4	5.4	5.39	5.39	5.39	5.39	5.98	5.98	5.98	5.98	15	15	15	15	8.8	8.8	8.8	8.8	2.55	2.55	2.55	2.55	2.2	2.2	2.2	2.2	2.48	2.48	2.48	2.48	3.14	3.14	3.14	3.14	8.39	8.39	8.39	8.39	15	15	15	15
2025-01-11	10.72	10.72	10.72	10.72	14.08	14.08	14.08	14.08	15	15	15	15	15	15	15	15	13.79	13.79	13.79	13.79	14.35	14.35	14.35	14.35	13.33	13.33	13.33	13.33	6.97	6.97	6.97	6.97	7.14	7.14	7.14	7.14	11.45	11.45	11.45	11.45	10.58	10.58	10.58	10.58	9.31	9.31	9.31	9.31	6.6	6.6	6.6	6.6	7.77	7.77	7.77	7.77	5.17	5.17	5.17	5.17	5	5	5	5	14.35	14.35	14.35	14.35	10.74	10.74	10.74	10.74	2.43	2.43	2.43	2.43	1.72	1.72	1.72	1.72	2.13	2.13	2.13	2.13	2.23	2.23	2.23	2.23	5.98	5.98	5.98	5.98	7.23	7.23	7.23	7.23
2025-01-12	8.06	8.06	8.06	8.06	10.04	10.04	10.04	10.04	10.12	10.12	10.12	10.12	9.96	9.96	9.96	9.96	10.5	10.5	10.5	10.5	10.63	10.63	10.63	10.63	10.16	10.16	10.16	10.16	10.85	10.85	10.85	10.85	10.81	10.81	10.81	10.81	55.66	55.66	55.66	55.66	6.6	6.6	6.6	6.6	1.74	1.74	1.74	1.74	0.89	0.89	0.89	0.89	1.1	1.1	1.1	1.1	1.03	1.03	1.03	1.03	1.12	1.12	1.12	1.12	2.11	2.11	2.11	2.11	15.89	15.89	15.89	15.89	10.31	10.31	10.31	10.31	7.92	7.92	7.92	7.92	7.92	7.92	7.92	7.92	9.29	9.29	9.29	9.29	11.7	11.7	11.7	11.7	15	15	15	15
2025-01-13	7.47	7.47	7.47	7.47	7.8	7.8	7.8	7.8	10.14	10.14	10.14	10.14	10.6	10.6	10.6	10.6	11.49	11.49	11.49	11.49	8.28	8.28	8.28	8.28	3.9	3.9	3.9	3.9	2.57	2.57	2.57	2.57	3.36	3.36	3.36	3.36	7.17	7.17	7.17	7.17	1.25	1.25	1.25	1.25	1.91	1.91	1.91	1.91	2.02	2.02	2.02	2.02	2	2	2	2	1.81	1.81	1.81	1.81	2.19	2.19	2.19	2.19	2.5	2.5	2.5	2.5	7.08	7.08	7.08	7.08	1.29	1.29	1.29	1.29	1.25	1.25	1.25	1.25	1.25	1.25	1.25	1.25	1.25	1.25	1.25	1.25	1.25	1.25	1.25	1.25	5.66	5.66	5.66	5.66
2025-01-14	6.12	6.12	6.12	6.12	6.15	6.15	6.15	6.15	6.66	6.66	6.66	6.66	8.01	8.01	8.01	8.01	8.01	8.01	8.01	8.01	7.42	7.42	7.42	7.42	2.95	2.95	2.95	2.95	1.45	1.45	1.45	1.45	1.25	1.25	1.25	1.25	2.45	2.45	2.45	2.45	2.36	2.36	2.36	2.36	1.91	1.91	1.91	1.91	1.95	1.95	1.95	1.95	2	2	2	2	1.25	1.25	1.25	1.25	2.05	2.05	2.05	2.05	2.45	2.45	2.45	2.45	1.45	1.45	1.45	1.45	1.25	1.25	1.25	1.25	1.25	1.25	1.25	1.25	1.25	1.25	1.25	1.25	1.29	1.29	1.29	1.29	1.84	1.84	1.84	1.84	2.37	2.37	2.37	2.37
2025-01-15	3.75	3.75	3.75	3.75	1.95	1.95	1.95	1.95	2.96	2.96	2.96	2.96	2.95	2.95	2.95	2.95	2.93	2.93	2.93	2.93	2.93	2.93	2.93	2.93	3.45	3.45	3.45	3.45	2.45	2.45	2.45	2.45	1.29	1.29	1.29	1.29	5	5	5	5	2.45	2.45	2.45	2.45	2.45	2.45	2.45	2.45	1.96	1.96	1.96	1.96	1.9	1.9	1.9	1.9	2.04	2.04	2.04	2.04	2.5	2.5	2.5	2.5	2.72	2.72	2.72	2.72	5.04	5.04	5.04	5.04	1.9	1.9	1.9	1.9	1.29	1.29	1.29	1.29	1.29	1.29	1.29	1.29	1.9	1.9	1.9	1.9	1.95	1.95	1.95	1.95	3.48	3.48	3.48	3.48
2025-01-16	6.41	6.41	6.41	6.41	6.26	6.26	6.26	6.26	8.5	8.5	8.5	8.5	10.35	10.35	10.35	10.35	10.54	10.54	10.54	10.54	9.14	9.14	9.14	9.14	6.51	6.51	6.51	6.51	4.5	4.5	4.5	4.5	3.75	3.75	3.75	3.75	5.5	5.5	5.5	5.5	2.37	2.37	2.37	2.37	2.5	2.5	2.5	2.5	1.25	1.25	1.25	1.25	1.25	1.25	1.25	1.25	1.25	1.25	1.25	1.25	1.29	1.29	1.29	1.29	3.4	3.4	3.4	3.4	4.96	4.96	4.96	4.96	1.87	1.87	1.87	1.87	1.29	1.29	1.29	1.29	1.29	1.29	1.29	1.29	1.87	1.87	1.87	1.87	3.75	3.75	3.75	3.75	6.89	6.89	6.89	6.89
2025-01-17	3.41	3.41	3.41	3.41	3	3	3	3	2.69	2.69	2.69	2.69	2.75	2.75	2.75	2.75	4.64	4.64	4.64	4.64	5.42	5.42	5.42	5.42	2.5	2.5	2.5	2.5	2.5	2.5	2.5	2.5	2.25	2.25	2.25	2.25	2.5	2.5	2.5	2.5	1.25	1.25	1.25	1.25	1.25	1.25	1.25	1.25	0.89	0.89	0.89	0.89	0.89	0.89	0.89	0.89	0.89	0.89	0.89	0.89	1.25	1.25	1.25	1.25	1.25	1.25	1.25	1.25	2.75	2.75	2.75	2.75	1.29	1.29	1.29	1.29	1.29	1.29	1.29	1.29	1.29	1.29	1.29	1.29	1.29	1.29	1.29	1.29	2.25	2.25	2.25	2.25	2.5	2.5	2.5	2.5
2025-01-18	1.25	1.25	1.25	1.25	1.25	1.25	1.25	1.25	3.03	3.03	3.03	3.03	3.03	3.03	3.03	3.03	2.76	2.76	2.76	2.76	1.25	1.25	1.25	1.25	0.54	0.54	0.54	0.54	0.54	0.54	0.54	0.54	0.54	0.54	0.54	0.54	2	2	2	2	1.25	1.25	1.25	1.25	1.25	1.25	1.25	1.25	1.62	1.62	1.62	1.62	1.62	1.62	1.62	1.62	1.61	1.61	1.61	1.61	1.62	1.62	1.62	1.62	3.05	3.05	3.05	3.05	1.25	1.25	1.25	1.25	0.54	0.54	0.54	0.54	0.54	0.54	0.54	0.54	0.54	0.54	0.54	0.54	0.54	0.54	0.54	0.54	0.54	0.54	0.54	0.54	0.54	0.54	0.54	0.54
2025-01-19	2	2	2	2	2.21	2.21	2.21	2.21	2.21	2.21	2.21	2.21	2.21	2.21	2.21	2.21	2.21	2.21	2.21	2.21	2.21	2.21	2.21	2.21	2	2	2	2	2.21	2.21	2.21	2.21	2.67	2.67	2.67	2.67	18.34	18.34	18.34	18.34	5	5	5	5	2.44	2.44	2.44	2.44	1.25	1.25	1.25	1.25	1.97	1.97	1.97	1.97	2.33	2.33	2.33	2.33	2.69	2.69	2.69	2.69	7.47	7.47	7.47	7.47	3.75	3.75	3.75	3.75	2	2	2	2	1.29	1.29	1.29	1.29	1.29	1.29	1.29	1.29	2.67	2.67	2.67	2.67	3.13	3.13	3.13	3.13	5	5	5	5
2025-01-20	3.42	3.42	3.42	3.42	2.69	2.69	2.69	2.69	3.42	3.42	3.42	3.42	3.81	3.81	3.81	3.81	3.6	3.6	3.6	3.6	3.48	3.48	3.48	3.48	3.75	3.75	3.75	3.75	2.25	2.25	2.25	2.25	2	2	2	2	3.75	3.75	3.75	3.75	3.25	3.25	3.25	3.25	2.19	2.19	2.19	2.19	1.32	1.32	1.32	1.32	1.32	1.32	1.32	1.32	1.32	1.32	1.32	1.32	3.03	3.03	3.03	3.03	3.75	3.75	3.75	3.75	3.81	3.81	3.81	3.81	1.79	1.79	1.79	1.79	1.29	1.29	1.29	1.29	1.32	1.32	1.32	1.32	1.82	1.82	1.82	1.82	2	2	2	2	2.58	2.58	2.58	2.58
2025-01-21	3.42	3.42	3.42	3.42	2.75	2.75	2.75	2.75	2.82	2.82	2.82	2.82	3.5	3.5	3.5	3.5	4.2	4.2	4.2	4.2	2.78	2.78	2.78	2.78	3.81	3.81	3.81	3.81	2.25	2.25	2.25	2.25	1.43	1.43	1.43	1.43	3.5	3.5	3.5	3.5	4.5	4.5	4.5	4.5	3.42	3.42	3.42	3.42	2.15	2.15	2.15	2.15	3.25	3.25	3.25	3.25	2.6	2.6	2.6	2.6	3.75	3.75	3.75	3.75	5	5	5	5	4.2	4.2	4.2	4.2	2	2	2	2	1.25	1.25	1.25	1.25	1.25	1.25	1.25	1.25	2	2	2	2	2.5	2.5	2.5	2.5	6.25	6.25	6.25	6.25
2025-01-22	6.95	6.95	6.95	6.95	7	7	7	7	10.29	10.29	10.29	10.29	11.18	11.18	11.18	11.18	11.5	11.5	11.5	11.5	10.2	10.2	10.2	10.2	8.6	8.6	8.6	8.6	2.15	2.15	2.15	2.15	2.16	2.16	2.16	2.16	3.75	3.75	3.75	3.75	2.33	2.33	2.33	2.33	2.25	2.25	2.25	2.25	2.5	2.5	2.5	2.5	2.5	2.5	2.5	2.5	2.72	2.72	2.72	2.72	4.59	4.59	4.59	4.59	3.83	3.83	3.83	3.83	2.16	2.16	2.16	2.16	1.97	1.97	1.97	1.97	1.5	1.5	1.5	1.5	1.79	1.79	1.79	1.79	2.71	2.71	2.71	2.71	1.5	1.5	1.5	1.5	3.75	3.75	3.75	3.75
2025-01-23	3.75	3.75	3.75	3.75	2.76	2.76	2.76	2.76	3.27	3.27	3.27	3.27	4.25	4.25	4.25	4.25	4.28	4.28	4.28	4.28	3.67	3.67	3.67	3.67	3.75	3.75	3.75	3.75	3.75	3.75	3.75	3.75	3.7	3.7	3.7	3.7	5	5	5	5	4.2	4.2	4.2	4.2	3.7	3.7	3.7	3.7	1.5	1.5	1.5	1.5	1.25	1.25	1.25	1.25	1.79	1.79	1.79	1.79	2.39	2.39	2.39	2.39	3.38	3.38	3.38	3.38	4.2	4.2	4.2	4.2	3	3	3	3	1.75	1.75	1.75	1.75	1.7	1.7	1.7	1.7	1.75	1.75	1.75	1.75	1.75	1.75	1.75	1.75	2.31	2.31	2.31	2.31
2025-01-24	10.13	10.13	10.13	10.13	9.58	9.58	9.58	9.58	19.7	19.7	19.7	19.7	20.19	20.19	20.19	20.19	20.22	20.22	20.22	20.22	20.13	20.13	20.13	20.13	15	15	15	15	8.6	8.6	8.6	8.6	5	5	5	5	15	15	15	15	10.77	10.77	10.77	10.77	8.3	8.3	8.3	8.3	7	7	7	7	5.38	5.38	5.38	5.38	5.49	5.49	5.49	5.49	8.12	8.12	8.12	8.12	15	15	15	15	15	15	15	15	5	5	5	5	3.45	3.45	3.45	3.45	3.47	3.47	3.47	3.47	4.04	4.04	4.04	4.04	5	5	5	5	15	15	15	15
2025-01-25	15	15	15	15	15	15	15	15	23.41	23.41	23.41	23.41	24.54	24.54	24.54	24.54	25.12	25.12	25.12	25.12	24.94	24.94	24.94	24.94	15	15	15	15	15	15	15	15	8.07	8.07	8.07	8.07	28.65	28.65	28.65	28.65	24.34	24.34	24.34	24.34	6.85	6.85	6.85	6.85	3.63	3.63	3.63	3.63	2.25	2.25	2.25	2.25	2.9	2.9	2.9	2.9	4.08	4.08	4.08	4.08	15	15	15	15	13.29	13.29	13.29	13.29	5.9	5.9	5.9	5.9	6.26	6.26	6.26	6.26	5.87	5.87	5.87	5.87	6.3	6.3	6.3	6.3	5.9	5.9	5.9	5.9	10.68	10.68	10.68	10.68
2025-01-26	3.58	3.58	3.58	3.58	3.75	3.75	3.75	3.75	5	5	5	5	8.02	8.02	8.02	8.02	5	5	5	5	15	15	15	15	11.56	11.56	11.56	11.56	11.98	11.98	11.98	11.98	8.06	8.06	8.06	8.06	30	30	30	30	24.1	24.1	24.1	24.1	9	9	9	9	1.64	1.64	1.64	1.64	3.25	3.25	3.25	3.25	3.75	3.75	3.75	3.75	15	15	15	15	102.36	102.36	102.36	102.36	15	15	15	15	3.75	3.75	3.75	3.75	3.75	3.75	3.75	3.75	3.25	3.25	3.25	3.25	3.25	3.25	3.25	3.25	4.2	4.2	4.2	4.2	8.84	8.84	8.84	8.84
2025-01-27	23.9	23.9	23.9	23.9	15	15	15	15	15	15	15	15	15	15	15	15	15	15	15	15	15	15	15	15	15	15	15	15	15	15	15	15	4.9	4.9	4.9	4.9	15	15	15	15	13.85	13.85	13.85	13.85	3.75	3.75	3.75	3.75	1.6	1.6	1.6	1.6	1.25	1.25	1.25	1.25	1.25	1.25	1.25	1.25	1.65	1.65	1.65	1.65	4.6	4.6	4.6	4.6	15	15	15	15	4.61	4.61	4.61	4.61	3.75	3.75	3.75	3.75	3.75	3.75	3.75	3.75	4.5	4.5	4.5	4.5	4	4	4	4	15	15	15	15
2025-01-28	1.25	1.25	1.25	1.25	1.25	1.25	1.25	1.25	1.25	1.25	1.25	1.25	1.25	1.25	1.25	1.25	1.25	1.25	1.25	1.25	1.25	1.25	1.25	1.25	1.25	1.25	1.25	1.25	1.25	1.25	1.25	1.25	3.63	3.63	3.63	3.63	3	3	3	3	1.25	1.25	1.25	1.25	1.25	1.25	1.25	1.25	0.89	0.89	0.89	0.89	0.89	0.89	0.89	0.89	0.91	0.91	0.91	0.91	1.25	1.25	1.25	1.25	1.57	1.57	1.57	1.57	2.33	2.33	2.33	2.33	6	6	6	6	8.06	8.06	8.06	8.06	6	6	6	6	4.51	4.51	4.51	4.51	3.37	3.37	3.37	3.37	2.82	2.82	2.82	2.82
2025-01-29	2.36	2.36	2.36	2.36	1.25	1.25	1.25	1.25	1.25	1.25	1.25	1.25	1.25	1.25	1.25	1.25	1.25	1.25	1.25	1.25	1.25	1.25	1.25	1.25	4.9	4.9	4.9	4.9	6.38	6.38	6.38	6.38	7.39	7.39	7.39	7.39	8.75	8.75	8.75	8.75	4.76	4.76	4.76	4.76	15	15	15	15	3.46	3.46	3.46	3.46	2.42	2.42	2.42	2.42	1.25	1.25	1.25	1.25	2.5	2.5	2.5	2.5	10.2	10.2	10.2	10.2	5.07	5.07	5.07	5.07	3.94	3.94	3.94	3.94	1.25	1.25	1.25	1.25	1.25	1.25	1.25	1.25	1.25	1.25	1.25	1.25	6.23	6.23	6.23	6.23	4.69	4.69	4.69	4.69
2025-01-30	12.98	12.98	12.98	12.98	15	15	15	15	15	15	15	15	15	15	15	15	15	15	15	15	10.24	10.24	10.24	10.24	3.3	3.3	3.3	3.3	5.31	5.31	5.31	5.31	8.34	8.34	8.34	8.34	15	15	15	15	1.25	1.25	1.25	1.25	1.25	1.25	1.25	1.25	1.05	1.05	1.05	1.05	1.1	1.1	1.1	1.1	0.94	0.94	0.94	0.94	1.39	1.39	1.39	1.39	2.8	2.8	2.8	2.8	10.81	10.81	10.81	10.81	5.9	5.9	5.9	5.9	4.95	4.95	4.95	4.95	2.15	2.15	2.15	2.15	3.6	3.6	3.6	3.6	4.95	4.95	4.95	4.95	6.54	6.54	6.54	6.54
2025-01-31	8.02	8.02	8.02	8.02	8.05	8.05	8.05	8.05	8.95	8.95	8.95	8.95	8.91	8.91	8.91	8.91	9.95	9.95	9.95	9.95	6.87	6.87	6.87	6.87	7.58	7.58	7.58	7.58	6.25	6.25	6.25	6.25	8.06	8.06	8.06	8.06	8.32	8.32	8.32	8.32	4.31	4.31	4.31	4.31	1.75	1.75	1.75	1.75	1.93	1.93	1.93	1.93	1.95	1.95	1.95	1.95	1.89	1.89	1.89	1.89	2.9	2.9	2.9	2.9	4.95	4.95	4.95	4.95	12.85	12.85	12.85	12.85	4.69	4.69	4.69	4.69	2.08	2.08	2.08	2.08	2.92	2.92	2.92	2.92	3.39	3.39	3.39	3.39	3.04	3.04	3.04	3.04	8.25	8.25	8.25	8.25
2025-02-01	9.53	9.53	9.53	9.53	8.07	8.07	8.07	8.07	8.32	8.32	8.32	8.32	13.33	13.33	13.33	13.33	13.81	13.81	13.81	13.81	12.5	12.5	12.5	12.5	11.01	11.01	11.01	11.01	10.31	10.31	10.31	10.31	10.3	10.3	10.3	10.3	23.75	23.75	23.75	23.75	6.04	6.04	6.04	6.04	2.06	2.06	2.06	2.06	1.34	1.34	1.34	1.34	1.25	1.25	1.25	1.25	1.34	1.34	1.34	1.34	2.1	2.1	2.1	2.1	4.51	4.51	4.51	4.51	15.28	15.28	15.28	15.28	7.69	7.69	7.69	7.69	4.4	4.4	4.4	4.4	4.96	4.96	4.96	4.96	5.24	5.24	5.24	5.24	8.02	8.02	8.02	8.02	10	10	10	10
2025-02-02	3.9	3.9	3.9	3.9	5.96	5.96	5.96	5.96	8.4	8.4	8.4	8.4	9.26	9.26	9.26	9.26	10.63	10.63	10.63	10.63	8.46	8.46	8.46	8.46	9.3	9.3	9.3	9.3	7.52	7.52	7.52	7.52	6.03	6.03	6.03	6.03	50	50	50	50	9.14	9.14	9.14	9.14	8.18	8.18	8.18	8.18	5.64	5.64	5.64	5.64	7.84	7.84	7.84	7.84	10.89	10.89	10.89	10.89	11.22	11.22	11.22	11.22	50	50	50	50	34.97	34.97	34.97	34.97	4.71	4.71	4.71	4.71	1.29	1.29	1.29	1.29	1.29	1.29	1.29	1.29	1.8	1.8	1.8	1.8	14.52	14.52	14.52	14.52	23.75	23.75	23.75	23.75
2025-02-03	10	10	10	10	12.18	12.18	12.18	12.18	11.53	11.53	11.53	11.53	12.18	12.18	12.18	12.18	11.19	11.19	11.19	11.19	11.09	11.09	11.09	11.09	12.26	12.26	12.26	12.26	4.11	4.11	4.11	4.11	4.71	4.71	4.71	4.71	11.28	11.28	11.28	11.28	3.03	3.03	3.03	3.03	1.75	1.75	1.75	1.75	1.25	1.25	1.25	1.25	1.25	1.25	1.25	1.25	1.25	1.25	1.25	1.25	1.25	1.25	1.25	1.25	1.62	1.62	1.62	1.62	2.07	2.07	2.07	2.07	1.25	1.25	1.25	1.25	1.25	1.25	1.25	1.25	1.25	1.25	1.25	1.25	1.25	1.25	1.25	1.25	1.29	1.29	1.29	1.29	2.79	2.79	2.79	2.79
2025-02-04	1.25	1.25	1.25	1.25	1.25	1.25	1.25	1.25	1.25	1.25	1.25	1.25	1.25	1.25	1.25	1.25	1.75	1.75	1.75	1.75	1.25	1.25	1.25	1.25	1.25	1.25	1.25	1.25	1.25	1.25	1.25	1.25	1.25	1.25	1.25	1.25	1.32	1.32	1.32	1.32	1.25	1.25	1.25	1.25	1.25	1.25	1.25	1.25	1.25	1.25	1.25	1.25	1.25	1.25	1.25	1.25	1.25	1.25	1.25	1.25	1.25	1.25	1.25	1.25	1.25	1.25	1.25	1.25	2.02	2.02	2.02	2.02	1.25	1.25	1.25	1.25	1.25	1.25	1.25	1.25	1.25	1.25	1.25	1.25	1.25	1.25	1.25	1.25	1.25	1.25	1.25	1.25	1.25	1.25	1.25	1.25
2025-02-05	1.5	1.5	1.5	1.5	6.38	6.38	6.38	6.38	7.8	7.8	7.8	7.8	7.76	7.76	7.76	7.76	7.34	7.34	7.34	7.34	3	3	3	3	1.99	1.99	1.99	1.99	1.29	1.29	1.29	1.29	1.29	1.29	1.29	1.29	3	3	3	3	3.04	3.04	3.04	3.04	1.42	1.42	1.42	1.42	0.89	0.89	0.89	0.89	0.7	0.7	0.7	0.7	0.44	0.44	0.44	0.44	0.99	0.99	0.99	0.99	1.25	1.25	1.25	1.25	1.43	1.43	1.43	1.43	1.25	1.25	1.25	1.25	1.25	1.25	1.25	1.25	1.25	1.25	1.25	1.25	1.25	1.25	1.25	1.25	1.25	1.25	1.25	1.25	1.25	1.25	1.25	1.25
2025-02-06	5.11	5.11	5.11	5.11	5.34	5.34	5.34	5.34	5.86	5.86	5.86	5.86	7.54	7.54	7.54	7.54	6.9	6.9	6.9	6.9	7.42	7.42	7.42	7.42	2.19	2.19	2.19	2.19	1.82	1.82	1.82	1.82	1.82	1.82	1.82	1.82	2.5	2.5	2.5	2.5	2.5	2.5	2.5	2.5	1.25	1.25	1.25	1.25	1.25	1.25	1.25	1.25	1.25	1.25	1.25	1.25	1.25	1.25	1.25	1.25	1.61	1.61	1.61	1.61	1.25	1.25	1.25	1.25	3.64	3.64	3.64	3.64	1.25	1.25	1.25	1.25	1.25	1.25	1.25	1.25	1.25	1.25	1.25	1.25	1.25	1.25	1.25	1.25	1.25	1.25	1.25	1.25	10.91	10.91	10.91	10.91
2025-02-07	12.19	12.19	12.19	12.19	12.15	12.15	12.15	12.15	12.57	12.57	12.57	12.57	14.3	14.3	14.3	14.3	14.22	14.22	14.22	14.22	14.09	14.09	14.09	14.09	11.97	11.97	11.97	11.97	3.87	3.87	3.87	3.87	4.83	4.83	4.83	4.83	11.16	11.16	11.16	11.16	3.29	3.29	3.29	3.29	4.29	4.29	4.29	4.29	4.75	4.75	4.75	4.75	4.29	4.29	4.29	4.29	4.29	4.29	4.29	4.29	6.08	6.08	6.08	6.08	9.04	9.04	9.04	9.04	9.5	9.5	9.5	9.5	3.43	3.43	3.43	3.43	1.29	1.29	1.29	1.29	1.95	1.95	1.95	1.95	2.79	2.79	2.79	2.79	2.79	2.79	2.79	2.79	6.87	6.87	6.87	6.87
2025-02-08	6.3	6.3	6.3	6.3	5.9	5.9	5.9	5.9	6.08	6.08	6.08	6.08	7.16	7.16	7.16	7.16	8.33	8.33	8.33	8.33	8.66	8.66	8.66	8.66	7.12	7.12	7.12	7.12	7	7	7	7	9.12	9.12	9.12	9.12	19.95	19.95	19.95	19.95	5.57	5.57	5.57	5.57	4.29	4.29	4.29	4.29	1.25	1.25	1.25	1.25	1.25	1.25	1.25	1.25	1.25	1.25	1.25	1.25	1.25	1.25	1.25	1.25	4.46	4.46	4.46	4.46	15	15	15	15	4	4	4	4	2	2	2	2	1.5	1.5	1.5	1.5	2	2	2	2	3.5	3.5	3.5	3.5	3.9	3.9	3.9	3.9
2025-02-09	6.69	6.69	6.69	6.69	15	15	15	15	15	15	15	15	17.76	17.76	17.76	17.76	18.42	18.42	18.42	18.42	18.39	18.39	18.39	18.39	17.65	17.65	17.65	17.65	15	15	15	15	32.5	32.5	32.5	32.5	27.5	27.5	27.5	27.5	4.74	4.74	4.74	4.74	4.14	4.14	4.14	4.14	1.25	1.25	1.25	1.25	3.2	3.2	3.2	3.2	2.5	2.5	2.5	2.5	4.35	4.35	4.35	4.35	5.47	5.47	5.47	5.47	22.5	22.5	22.5	22.5	15	15	15	15	5.42	5.42	5.42	5.42	7.64	7.64	7.64	7.64	15	15	15	15	7.48	7.48	7.48	7.48	15	15	15	15
2025-02-10	9.17	9.17	9.17	9.17	9	9	9	9	9.76	9.76	9.76	9.76	11.57	11.57	11.57	11.57	11.64	11.64	11.64	11.64	10.26	10.26	10.26	10.26	4	4	4	4	4	4	4	4	4	4	4	4	4	4	4	4	4.42	4.42	4.42	4.42	3.54	3.54	3.54	3.54	3.47	3.47	3.47	3.47	3.49	3.49	3.49	3.49	3.37	3.37	3.37	3.37	3.57	3.57	3.57	3.57	15	15	15	15	16.26	16.26	16.26	16.26	1.29	1.29	1.29	1.29	1.29	1.29	1.29	1.29	1.29	1.29	1.29	1.29	1.29	1.29	1.29	1.29	4	4	4	4	31.4	31.4	31.4	31.4
2025-02-11	24.95	24.95	24.95	24.95	18.8	18.8	18.8	18.8	20	20	20	20	20	20	20	20	20	20	20	20	24.95	24.95	24.95	24.95	43.25	43.25	43.25	43.25	24.75	24.75	24.75	24.75	25	25	25	25	24.95	24.95	24.95	24.95	4.13	4.13	4.13	4.13	3.65	3.65	3.65	3.65	3.3	3.3	3.3	3.3	3.21	3.21	3.21	3.21	3.25	3.25	3.25	3.25	3.49	3.49	3.49	3.49	15	15	15	15	45	45	45	45	15	15	15	15	7	7	7	7	7.92	7.92	7.92	7.92	11.07	11.07	11.07	11.07	12.9	12.9	12.9	12.9	19	19	19	19
2025-02-12	19.62	19.62	19.62	19.62	34.95	34.95	34.95	34.95	34.95	34.95	34.95	34.95	25	25	25	25	25	25	25	25	22.67	22.67	22.67	22.67	21.44	21.44	21.44	21.44	10.8	10.8	10.8	10.8	11.66	11.66	11.66	11.66	11	11	11	11	4.27	4.27	4.27	4.27	5.03	5.03	5.03	5.03	4.53	4.53	4.53	4.53	4.29	4.29	4.29	4.29	4.26	4.26	4.26	4.26	4.2	4.2	4.2	4.2	7	7	7	7	24.27	24.27	24.27	24.27	5	5	5	5	6.08	6.08	6.08	6.08	4.29	4.29	4.29	4.29	4.29	4.29	4.29	4.29	6.06	6.06	6.06	6.06	11.66	11.66	11.66	11.66
2025-02-13	5.08	5.08	5.08	5.08	5.45	5.45	5.45	5.45	4.7	4.7	4.7	4.7	5.55	5.55	5.55	5.55	5.85	5.85	5.85	5.85	8.91	8.91	8.91	8.91	5.81	5.81	5.81	5.81	2.68	2.68	2.68	2.68	4	4	4	4	5.36	5.36	5.36	5.36	2.5	2.5	2.5	2.5	2.12	2.12	2.12	2.12	2.12	2.12	2.12	2.12	2.12	2.12	2.12	2.12	2.12	2.12	2.12	2.12	2.13	2.13	2.13	2.13	3.7	3.7	3.7	3.7	15.17	15.17	15.17	15.17	2.78	2.78	2.78	2.78	3.2	3.2	3.2	3.2	3.36	3.36	3.36	3.36	2.12	2.12	2.12	2.12	2.31	2.31	2.31	2.31	12.85	12.85	12.85	12.85
2025-02-14	2.5	2.5	2.5	2.5	2.34	2.34	2.34	2.34	2.81	2.81	2.81	2.81	3.34	3.34	3.34	3.34	4.58	4.58	4.58	4.58	3.12	3.12	3.12	3.12	2.12	2.12	2.12	2.12	1.61	1.61	1.61	1.61	1.43	1.43	1.43	1.43	2	2	2	2	1.97	1.97	1.97	1.97	1.61	1.61	1.61	1.61	1.97	1.97	1.97	1.97	1.97	1.97	1.97	1.97	1.99	1.99	1.99	1.99	2	2	2	2	4.32	4.32	4.32	4.32	7.13	7.13	7.13	7.13	1.29	1.29	1.29	1.29	1.25	1.25	1.25	1.25	1.25	1.25	1.25	1.25	1.25	1.25	1.25	1.25	1.29	1.29	1.29	1.29	3.12	3.12	3.12	3.12
2025-02-15	2.86	2.86	2.86	2.86	4	4	4	4	9.86	9.86	9.86	9.86	11.62	11.62	11.62	11.62	11.62	11.62	11.62	11.62	11.25	11.25	11.25	11.25	11.25	11.25	11.25	11.25	9.62	9.62	9.62	9.62	9.25	9.25	9.25	9.25	7.78	7.78	7.78	7.78	2.15	2.15	2.15	2.15	1.25	1.25	1.25	1.25	1.2	1.2	1.2	1.2	1.01	1.01	1.01	1.01	0.98	0.98	0.98	0.98	1.25	1.25	1.25	1.25	5.25	5.25	5.25	5.25	11.49	11.49	11.49	11.49	7.44	7.44	7.44	7.44	2.12	2.12	2.12	2.12	2.12	2.12	2.12	2.12	2.12	2.12	2.12	2.12	2.12	2.12	2.12	2.12	4.66	4.66	4.66	4.66
2025-02-16	7.73	7.73	7.73	7.73	10	10	10	10	10.02	10.02	10.02	10.02	11.54	11.54	11.54	11.54	12.5	12.5	12.5	12.5	12.17	12.17	12.17	12.17	10.6	10.6	10.6	10.6	11.28	11.28	11.28	11.28	11.52	11.52	11.52	11.52	35	35	35	35	5.02	5.02	5.02	5.02	1.94	1.94	1.94	1.94	1.22	1.22	1.22	1.22	1.25	1.25	1.25	1.25	1.25	1.25	1.25	1.25	1.25	1.25	1.25	1.25	4.75	4.75	4.75	4.75	18.8	18.8	18.8	18.8	10	10	10	10	1.87	1.87	1.87	1.87	1.87	1.87	1.87	1.87	3.26	3.26	3.26	3.26	4.63	4.63	4.63	4.63	6.76	6.76	6.76	6.76
2025-02-17	2.5	2.5	2.5	2.5	2.67	2.67	2.67	2.67	2.84	2.84	2.84	2.84	3.88	3.88	3.88	3.88	3.82	3.82	3.82	3.82	2.64	2.64	2.64	2.64	2.5	2.5	2.5	2.5	1.62	1.62	1.62	1.62	1.62	1.62	1.62	1.62	2	2	2	2	1.97	1.97	1.97	1.97	1.51	1.51	1.51	1.51	1.25	1.25	1.25	1.25	1.25	1.25	1.25	1.25	1.25	1.25	1.25	1.25	2.15	2.15	2.15	2.15	3.22	3.22	3.22	3.22	6.12	6.12	6.12	6.12	1.29	1.29	1.29	1.29	1.29	1.29	1.29	1.29	1.29	1.29	1.29	1.29	1.29	1.29	1.29	1.29	2	2	2	2	2.87	2.87	2.87	2.87
2025-02-18	15	15	15	15	13.58	13.58	13.58	13.58	15	15	15	15	15	15	15	15	12.5	12.5	12.5	12.5	2	2	2	2	4.88	4.88	4.88	4.88	1.25	1.25	1.25	1.25	1.41	1.41	1.41	1.41	8	8	8	8	1.25	1.25	1.25	1.25	0.89	0.89	0.89	0.89	0.44	0.44	0.44	0.44	0.42	0.42	0.42	0.42	0.44	0.44	0.44	0.44	0.73	0.73	0.73	0.73	6	6	6	6	11.5	11.5	11.5	11.5	3.02	3.02	3.02	3.02	1.25	1.25	1.25	1.25	1.25	1.25	1.25	1.25	1.25	1.25	1.25	1.25	2.95	2.95	2.95	2.95	18.23	18.23	18.23	18.23
2025-02-19	8.64	8.64	8.64	8.64	13.78	13.78	13.78	13.78	17.18	17.18	17.18	17.18	14.4	14.4	14.4	14.4	15	15	15	15	12.5	12.5	12.5	12.5	10	10	10	10	1.37	1.37	1.37	1.37	1.29	1.29	1.29	1.29	10	10	10	10	2.15	2.15	2.15	2.15	1.17	1.17	1.17	1.17	0.73	0.73	0.73	0.73	0.44	0.44	0.44	0.44	0.44	0.44	0.44	0.44	0.98	0.98	0.98	0.98	2.33	2.33	2.33	2.33	10.29	10.29	10.29	10.29	1	1	1	1	0.51	0.51	0.51	0.51	0.51	0.51	0.51	0.51	0.73	0.73	0.73	0.73	2.5	2.5	2.5	2.5	23.75	23.75	23.75	23.75
2025-02-20	16.25	16.25	16.25	16.25	14.52	14.52	14.52	14.52	14.65	14.65	14.65	14.65	16.25	16.25	16.25	16.25	16.25	16.25	16.25	16.25	15.88	15.88	15.88	15.88	13.6	13.6	13.6	13.6	10.97	10.97	10.97	10.97	12.5	12.5	12.5	12.5	8	8	8	8	1	1	1	1	0.89	0.89	0.89	0.89	0.73	0.73	0.73	0.73	0.4	0.4	0.4	0.4	0.4	0.4	0.4	0.4	0.44	0.44	0.44	0.44	1	1	1	1	9	9	9	9	6.78	6.78	6.78	6.78	2.15	2.15	2.15	2.15	1.29	1.29	1.29	1.29	3.58	3.58	3.58	3.58	12.5	12.5	12.5	12.5	18.72	18.72	18.72	18.72
2025-02-21	7.75	7.75	7.75	7.75	12.29	12.29	12.29	12.29	17.5	17.5	17.5	17.5	16.25	16.25	16.25	16.25	18.07	18.07	18.07	18.07	19.79	19.79	19.79	19.79	19.19	19.19	19.19	19.19	12.5	12.5	12.5	12.5	12.5	12.5	12.5	12.5	12.37	12.37	12.37	12.37	5.29	5.29	5.29	5.29	1.25	1.25	1.25	1.25	1.25	1.25	1.25	1.25	1.25	1.25	1.25	1.25	1.67	1.67	1.67	1.67	2	2	2	2	2.5	2.5	2.5	2.5	17.5	17.5	17.5	17.5	4.03	4.03	4.03	4.03	5	5	5	5	5	5	5	5	4.2	4.2	4.2	4.2	4.2	4.2	4.2	4.2	11.75	11.75	11.75	11.75
2025-02-22	8.48	8.48	8.48	8.48	10	10	10	10	12.97	12.97	12.97	12.97	18	18	18	18	18.75	18.75	18.75	18.75	22.5	22.5	22.5	22.5	18.75	18.75	18.75	18.75	16.25	16.25	16.25	16.25	16.25	16.25	16.25	16.25	16.25	16.25	16.25	16.25	2.5	2.5	2.5	2.5	4.6	4.6	4.6	4.6	2.5	2.5	2.5	2.5	1.5	1.5	1.5	1.5	1.38	1.38	1.38	1.38	1.8	1.8	1.8	1.8	12.5	12.5	12.5	12.5	15	15	15	15	3.95	3.95	3.95	3.95	2.63	2.63	2.63	2.63	2.33	2.33	2.33	2.33	2.14	2.14	2.14	2.14	1.98	1.98	1.98	1.98	1.94	1.94	1.94	1.94
2025-02-23	1.91	1.91	1.91	1.91	1.76	1.76	1.76	1.76	2.5	2.5	2.5	2.5	5.29	5.29	5.29	5.29	7.27	7.27	7.27	7.27	10.27	10.27	10.27	10.27	12.06	12.06	12.06	12.06	15	15	15	15	28.6	28.6	28.6	28.6	12.91	12.91	12.91	12.91	1.25	1.25	1.25	1.25	1.25	1.25	1.25	1.25	0.95	0.95	0.95	0.95	1.25	1.25	1.25	1.25	1.1	1.1	1.1	1.1	1.29	1.29	1.29	1.29	2.27	2.27	2.27	2.27	8	8	8	8	15	15	15	15	5	5	5	5	2.5	2.5	2.5	2.5	4.49	4.49	4.49	4.49	9.95	9.95	9.95	9.95	16.25	16.25	16.25	16.25
2025-02-24	15.26	15.26	15.26	15.26	15.42	15.42	15.42	15.42	20.19	20.19	20.19	20.19	23.22	23.22	23.22	23.22	23.61	23.61	23.61	23.61	21.11	21.11	21.11	21.11	12.51	12.51	12.51	12.51	3.97	3.97	3.97	3.97	1.25	1.25	1.25	1.25	7.87	7.87	7.87	7.87	6.41	6.41	6.41	6.41	4.33	4.33	4.33	4.33	3.2	3.2	3.2	3.2	1.62	1.62	1.62	1.62	1.25	1.25	1.25	1.25	1.98	1.98	1.98	1.98	3.81	3.81	3.81	3.81	6.08	6.08	6.08	6.08	2.2	2.2	2.2	2.2	1.25	1.25	1.25	1.25	1.25	1.25	1.25	1.25	1.25	1.25	1.25	1.25	4.95	4.95	4.95	4.95	7.75	7.75	7.75	7.75
2025-02-25	4.64	4.64	4.64	4.64	8.38	8.38	8.38	8.38	6.78	6.78	6.78	6.78	8.08	8.08	8.08	8.08	6.78	6.78	6.78	6.78	6	6	6	6	2.12	2.12	2.12	2.12	1.79	1.79	1.79	1.79	1.29	1.29	1.29	1.29	3.92	3.92	3.92	3.92	2.05	2.05	2.05	2.05	2.1	2.1	2.1	2.1	1.25	1.25	1.25	1.25	1.76	1.76	1.76	1.76	1.6	1.6	1.6	1.6	1.75	1.75	1.75	1.75	1.81	1.81	1.81	1.81	4.67	4.67	4.67	4.67	1.95	1.95	1.95	1.95	1.25	1.25	1.25	1.25	1.25	1.25	1.25	1.25	1.25	1.25	1.25	1.25	1.25	1.25	1.25	1.25	1.89	1.89	1.89	1.89
2025-02-26	3.55	3.55	3.55	3.55	5.53	5.53	5.53	5.53	5.65	5.65	5.65	5.65	6.67	6.67	6.67	6.67	5.88	5.88	5.88	5.88	4.72	4.72	4.72	4.72	2.5	2.5	2.5	2.5	2.45	2.45	2.45	2.45	2.32	2.32	2.32	2.32	6.53	6.53	6.53	6.53	4.76	4.76	4.76	4.76	2.79	2.79	2.79	2.79	1.98	1.98	1.98	1.98	2.08	2.08	2.08	2.08	2.5	2.5	2.5	2.5	2	2	2	2	2	2	2	2	5.55	5.55	5.55	5.55	3.94	3.94	3.94	3.94	2.5	2.5	2.5	2.5	1.25	1.25	1.25	1.25	2.5	2.5	2.5	2.5	3.22	3.22	3.22	3.22	3.33	3.33	3.33	3.33
2025-02-27	3.92	3.92	3.92	3.92	2.93	2.93	2.93	2.93	3.79	3.79	3.79	3.79	3.92	3.92	3.92	3.92	4	4	4	4	3.49	3.49	3.49	3.49	4	4	4	4	4	4	4	4	2.5	2.5	2.5	2.5	4	4	4	4	7.05	7.05	7.05	7.05	4	4	4	4	2.59	2.59	2.59	2.59	2.75	2.75	2.75	2.75	1.25	1.25	1.25	1.25	3.61	3.61	3.61	3.61	6.44	6.44	6.44	6.44	16.25	16.25	16.25	16.25	1.82	1.82	1.82	1.82	1.62	1.62	1.62	1.62	1.62	1.62	1.62	1.62	1.65	1.65	1.65	1.65	3.39	3.39	3.39	3.39	13.75	13.75	13.75	13.75
2025-02-28	10	10	10	10	7.5	7.5	7.5	7.5	6.34	6.34	6.34	6.34	7.28	7.28	7.28	7.28	7.56	7.56	7.56	7.56	6.25	6.25	6.25	6.25	4.31	4.31	4.31	4.31	1.29	1.29	1.29	1.29	2	2	2	2	4.61	4.61	4.61	4.61	3.29	3.29	3.29	3.29	3.26	3.26	3.26	3.26	2.73	2.73	2.73	2.73	3.19	3.19	3.19	3.19	3.26	3.26	3.26	3.26	4	4	4	4	6.49	6.49	6.49	6.49	6.8	6.8	6.8	6.8	2.68	2.68	2.68	2.68	1.25	1.25	1.25	1.25	1.25	1.25	1.25	1.25	1.75	1.75	1.75	1.75	1.75	1.75	1.75	1.75	2	2	2	2
2025-03-01	3.69	3.69	3.69	3.69	4.31	4.31	4.31	4.31	4.95	4.95	4.95	4.95	4.95	4.95	4.95	4.95	4.7	4.7	4.7	4.7	4.2	4.2	4.2	4.2	4.95	4.95	4.95	4.95	4.8	4.8	4.8	4.8	4.9	4.9	4.9	4.9	16.2	16.2	16.2	16.2	6.75	6.75	6.75	6.75	3.84	3.84	3.84	3.84	2.59	2.59	2.59	2.59	2.6	2.6	2.6	2.6	2.7	2.7	2.7	2.7	3.18	3.18	3.18	3.18	6.25	6.25	6.25	6.25	6.25	6.25	6.25	6.25	3.03	3.03	3.03	3.03	1.57	1.57	1.57	1.57	1.6	1.6	1.6	1.6	1.6	1.6	1.6	1.6	1.64	1.64	1.64	1.64	2.39	2.39	2.39	2.39
2025-03-02	3.03	3.03	3.03	3.03	3.03	3.03	3.03	3.03	3.6	3.6	3.6	3.6	3.4	3.4	3.4	3.4	3.67	3.67	3.67	3.67	3.9	3.9	3.9	3.9	3.67	3.67	3.67	3.67	3.03	3.03	3.03	3.03	3.2	3.2	3.2	3.2	13.75	13.75	13.75	13.75	15.06	15.06	15.06	15.06	13.75	13.75	13.75	13.75	3.23	3.23	3.23	3.23	5	5	5	5	4.95	4.95	4.95	4.95	5.33	5.33	5.33	5.33	10	10	10	10	6.08	6.08	6.08	6.08	3.67	3.67	3.67	3.67	1.75	1.75	1.75	1.75	1.25	1.25	1.25	1.25	1.25	1.25	1.25	1.25	1.25	1.25	1.25	1.25	1.25	1.25	1.25	1.25
2025-03-03	5.59	5.59	5.59	5.59	6	6	6	6	5.6	5.6	5.6	5.6	5.59	5.59	5.59	5.59	5.2	5.2	5.2	5.2	5.78	5.78	5.78	5.78	5.4	5.4	5.4	5.4	3.67	3.67	3.67	3.67	4.31	4.31	4.31	4.31	5.32	5.32	5.32	5.32	5.1	5.1	5.1	5.1	4.95	4.95	4.95	4.95	5	5	5	5	4.95	4.95	4.95	4.95	4.77	4.77	4.77	4.77	5.63	5.63	5.63	5.63	5	5	5	5	5.43	5.43	5.43	5.43	3.85	3.85	3.85	3.85	1.29	1.29	1.29	1.29	1.75	1.75	1.75	1.75	1.46	1.46	1.46	1.46	1.37	1.37	1.37	1.37	2	2	2	2
2025-03-04	3.67	3.67	3.67	3.67	3.51	3.51	3.51	3.51	5.59	5.59	5.59	5.59	6.44	6.44	6.44	6.44	6.25	6.25	6.25	6.25	5.65	5.65	5.65	5.65	2.75	2.75	2.75	2.75	4.1	4.1	4.1	4.1	4.95	4.95	4.95	4.95	5.55	5.55	5.55	5.55	6.25	6.25	6.25	6.25	4.95	4.95	4.95	4.95	3.5	3.5	3.5	3.5	3.07	3.07	3.07	3.07	3.09	3.09	3.09	3.09	4.31	4.31	4.31	4.31	5.83	5.83	5.83	5.83	6.25	6.25	6.25	6.25	4.35	4.35	4.35	4.35	2	2	2	2	1.84	1.84	1.84	1.84	1.65	1.65	1.65	1.65	2.39	2.39	2.39	2.39	4.31	4.31	4.31	4.31
2025-03-05	3.75	3.75	3.75	3.75	5.5	5.5	5.5	5.5	5	5	5	5	6.25	6.25	6.25	6.25	6.25	6.25	6.25	6.25	4.95	4.95	4.95	4.95	5.59	5.59	5.59	5.59	4.16	4.16	4.16	4.16	5.32	5.32	5.32	5.32	7.1	7.1	7.1	7.1	4.95	4.95	4.95	4.95	3.67	3.67	3.67	3.67	1.97	1.97	1.97	1.97	2.39	2.39	2.39	2.39	2	2	2	2	4.22	4.22	4.22	4.22	5.36	5.36	5.36	5.36	4.95	4.95	4.95	4.95	3.34	3.34	3.34	3.34	1.25	1.25	1.25	1.25	1.25	1.25	1.25	1.25	1.25	1.25	1.25	1.25	1.68	1.68	1.68	1.68	1.42	1.42	1.42	1.42
2025-03-06	2.53	2.53	2.53	2.53	1.25	1.25	1.25	1.25	5.2	5.2	5.2	5.2	1.29	1.29	1.29	1.29	3.74	3.74	3.74	3.74	1.46	1.46	1.46	1.46	4.22	4.22	4.22	4.22	6.2	6.2	6.2	6.2	6.3	6.3	6.3	6.3	5.59	5.59	5.59	5.59	4.93	4.93	4.93	4.93	3.87	3.87	3.87	3.87	2.5	2.5	2.5	2.5	2.34	2.34	2.34	2.34	3.25	3.25	3.25	3.25	4.2	4.2	4.2	4.2	4.67	4.67	4.67	4.67	5.62	5.62	5.62	5.62	3.95	3.95	3.95	3.95	2.5	2.5	2.5	2.5	2.58	2.58	2.58	2.58	2.77	2.77	2.77	2.77	3.75	3.75	3.75	3.75	8.66	8.66	8.66	8.66
2025-03-07	10.14	10.14	10.14	10.14	11.25	11.25	11.25	11.25	12.5	12.5	12.5	12.5	11.25	11.25	11.25	11.25	12.51	12.51	12.51	12.51	12.5	12.5	12.5	12.5	12.5	12.5	12.5	12.5	10	10	10	10	12.13	12.13	12.13	12.13	12.5	12.5	12.5	12.5	6.77	6.77	6.77	6.77	3.64	3.64	3.64	3.64	2.12	2.12	2.12	2.12	1.95	1.95	1.95	1.95	1.67	1.67	1.67	1.67	2.37	2.37	2.37	2.37	5.78	5.78	5.78	5.78	4.9	4.9	4.9	4.9	1.61	1.61	1.61	1.61	1.25	1.25	1.25	1.25	1.25	1.25	1.25	1.25	1.25	1.25	1.25	1.25	1.25	1.25	1.25	1.25	1.6	1.6	1.6	1.6
2025-03-08	1.89	1.89	1.89	1.89	1.25	1.25	1.25	1.25	1.25	1.25	1.25	1.25	1.25	1.25	1.25	1.25	1.25	1.25	1.25	1.25	1.25	1.25	1.25	1.25	1.25	1.25	1.25	1.25	1.25	1.25	1.25	1.25	4.13	4.13	4.13	4.13	23.86	23.86	23.86	23.86	24.33	24.33	24.33	24.33	2.4	2.4	2.4	2.4	1.9	1.9	1.9	1.9	1.8	1.8	1.8	1.8	2.09	2.09	2.09	2.09	2.99	2.99	2.99	2.99	3.8	3.8	3.8	3.8	24.33	24.33	24.33	24.33	4.6	4.6	4.6	4.6	2.38	2.38	2.38	2.38	2	2	2	2	2.22	2.22	2.22	2.22	2.5	2.5	2.5	2.5	3.56	3.56	3.56	3.56
2025-03-09	20	20	20	20	21.44	21.44	21.44	21.44	21.99	21.99	21.99	21.99	22.93	22.93	22.93	22.93	24.77	24.77	24.77	24.77	24.23	24.23	24.23	24.23	22.92	22.92	22.92	22.92	21.14	21.14	21.14	21.14	210.05	210.05	210.05	210.05	22.5	22.5	22.5	22.5	15	15	15	15	2.65	2.65	2.65	2.65	2.85	2.85	2.85	2.85	2.15	2.15	2.15	2.15	2.6	2.6	2.6	2.6	10	10	10	10	22.28	22.28	22.28	22.28	20	20	20	20	17.5	17.5	17.5	17.5	2.07	2.07	2.07	2.07	2.07	2.07	2.07	2.07	3.16	3.16	3.16	3.16	6.78	6.78	6.78	6.78	13.66	13.66	13.66	13.66
2025-03-10	12.5	12.5	12.5	12.5	10.71	10.71	10.71	10.71	11.94	11.94	11.94	11.94	12.36	12.36	12.36	12.36	12.5	12.5	12.5	12.5	11.83	11.83	11.83	11.83	10	10	10	10	11.25	11.25	11.25	11.25	11.25	11.25	11.25	11.25	6.25	6.25	6.25	6.25	3.34	3.34	3.34	3.34	2.5	2.5	2.5	2.5	1.25	1.25	1.25	1.25	1.25	1.25	1.25	1.25	1.25	1.25	1.25	1.25	5.24	5.24	5.24	5.24	5.92	5.92	5.92	5.92	10	10	10	10	12.5	12.5	12.5	12.5	1.29	1.29	1.29	1.29	1.29	1.29	1.29	1.29	3	3	3	3	5.85	5.85	5.85	5.85	6.3	6.3	6.3	6.3
2025-03-11	2.09	2.09	2.09	2.09	1.95	1.95	1.95	1.95	2.13	2.13	2.13	2.13	4.96	4.96	4.96	4.96	4.64	4.64	4.64	4.64	4.64	4.64	4.64	4.64	6.78	6.78	6.78	6.78	4.46	4.46	4.46	4.46	10	10	10	10	6.96	6.96	6.96	6.96	6.08	6.08	6.08	6.08	3.5	3.5	3.5	3.5	3.01	3.01	3.01	3.01	3.78	3.78	3.78	3.78	4.5	4.5	4.5	4.5	4.4	4.4	4.4	4.4	5.17	5.17	5.17	5.17	8.87	8.87	8.87	8.87	2.98	2.98	2.98	2.98	2	2	2	2	2	2	2	2	2	2	2	2	3.26	3.26	3.26	3.26	3.29	3.29	3.29	3.29
2025-03-12	5.52	5.52	5.52	5.52	4.9	4.9	4.9	4.9	4.9	4.9	4.9	4.9	5	5	5	5	7.75	7.75	7.75	7.75	7.15	7.15	7.15	7.15	7.27	7.27	7.27	7.27	6.8	6.8	6.8	6.8	6.8	6.8	6.8	6.8	6.6	6.6	6.6	6.6	5.93	5.93	5.93	5.93	5.26	5.26	5.26	5.26	5.17	5.17	5.17	5.17	4.3	4.3	4.3	4.3	4.4	4.4	4.4	4.4	5.29	5.29	5.29	5.29	8.24	8.24	8.24	8.24	6.2	6.2	6.2	6.2	5.97	5.97	5.97	5.97	2.73	2.73	2.73	2.73	2.92	2.92	2.92	2.92	4	4	4	4	4.64	4.64	4.64	4.64	10	10	10	10
2025-03-13	10	10	10	10	10	10	10	10	10	10	10	10	11.1	11.1	11.1	11.1	10.53	10.53	10.53	10.53	10	10	10	10	13.75	13.75	13.75	13.75	2	2	2	2	4	4	4	4	4.12	4.12	4.12	4.12	6.62	6.62	6.62	6.62	3.58	3.58	3.58	3.58	2.48	2.48	2.48	2.48	2.64	2.64	2.64	2.64	4	4	4	4	5.08	5.08	5.08	5.08	8.6	8.6	8.6	8.6	10.75	10.75	10.75	10.75	6.2	6.2	6.2	6.2	1.29	1.29	1.29	1.29	1.29	1.29	1.29	1.29	2.79	2.79	2.79	2.79	5.69	5.69	5.69	5.69	5.11	5.11	5.11	5.11
2025-03-14	3.31	3.31	3.31	3.31	2.5	2.5	2.5	2.5	2.2	2.2	2.2	2.2	2.2	2.2	2.2	2.2	2.5	2.5	2.5	2.5	3.81	3.81	3.81	3.81	7.79	7.79	7.79	7.79	5.48	5.48	5.48	5.48	8.23	8.23	8.23	8.23	5.86	5.86	5.86	5.86	2.09	2.09	2.09	2.09	1.25	1.25	1.25	1.25	1.25	1.25	1.25	1.25	1.25	1.25	1.25	1.25	1.3	1.3	1.3	1.3	1.61	1.61	1.61	1.61	2.6	2.6	2.6	2.6	4.23	4.23	4.23	4.23	5.95	5.95	5.95	5.95	1.25	1.25	1.25	1.25	1.25	1.25	1.25	1.25	1.25	1.25	1.25	1.25	3.92	3.92	3.92	3.92	8.99	8.99	8.99	8.99
2025-03-15	6.82	6.82	6.82	6.82	7.35	7.35	7.35	7.35	6.82	6.82	6.82	6.82	6.18	6.18	6.18	6.18	5.73	5.73	5.73	5.73	5.89	5.89	5.89	5.89	6.29	6.29	6.29	6.29	7.3	7.3	7.3	7.3	4.43	4.43	4.43	4.43	1.97	1.97	1.97	1.97	1.25	1.25	1.25	1.25	1.25	1.25	1.25	1.25	1.28	1.28	1.28	1.28	1.25	1.25	1.25	1.25	1.44	1.44	1.44	1.44	1.75	1.75	1.75	1.75	1.82	1.82	1.82	1.82	4	4	4	4	6.72	6.72	6.72	6.72	1.25	1.25	1.25	1.25	1.25	1.25	1.25	1.25	1.25	1.25	1.25	1.25	1.39	1.39	1.39	1.39	2.39	2.39	2.39	2.39
2025-03-16	7.58	7.58	7.58	7.58	11.98	11.98	11.98	11.98	12.5	12.5	12.5	12.5	13.07	13.07	13.07	13.07	13.15	13.15	13.15	13.15	13.07	13.07	13.07	13.07	14.51	14.51	14.51	14.51	14.72	14.72	14.72	14.72	38.15	38.15	38.15	38.15	27.75	27.75	27.75	27.75	3.36	3.36	3.36	3.36	1.52	1.52	1.52	1.52	1.25	1.25	1.25	1.25	1.29	1.29	1.29	1.29	1.45	1.45	1.45	1.45	1.36	1.36	1.36	1.36	12.24	12.24	12.24	12.24	20	20	20	20	12.5	12.5	12.5	12.5	1.29	1.29	1.29	1.29	1.29	1.29	1.29	1.29	3.75	3.75	3.75	3.75	5	5	5	5	6.38	6.38	6.38	6.38
2025-03-17	9.49	9.49	9.49	9.49	13.41	13.41	13.41	13.41	12.8	12.8	12.8	12.8	13.67	13.67	13.67	13.67	13.71	13.71	13.71	13.71	13.45	13.45	13.45	13.45	11.85	11.85	11.85	11.85	5	5	5	5	7	7	7	7	7.9	7.9	7.9	7.9	6.8	6.8	6.8	6.8	2.59	2.59	2.59	2.59	2.58	2.58	2.58	2.58	3.75	3.75	3.75	3.75	2.86	2.86	2.86	2.86	5.66	5.66	5.66	5.66	16.86	16.86	16.86	16.86	14.25	14.25	14.25	14.25	18.76	18.76	18.76	18.76	3.75	3.75	3.75	3.75	3.03	3.03	3.03	3.03	4.75	4.75	4.75	4.75	5.76	5.76	5.76	5.76	5	5	5	5
2025-03-18	4.5	4.5	4.5	4.5	2.9	2.9	2.9	2.9	2.7	2.7	2.7	2.7	2.9	2.9	2.9	2.9	2.8	2.8	2.8	2.8	2.8	2.8	2.8	2.8	4.5	4.5	4.5	4.5	2.5	2.5	2.5	2.5	5	5	5	5	5.01	5.01	5.01	5.01	1.94	1.94	1.94	1.94	1.25	1.25	1.25	1.25	1.25	1.25	1.25	1.25	1.25	1.25	1.25	1.25	1.25	1.25	1.25	1.25	1.75	1.75	1.75	1.75	3.75	3.75	3.75	3.75	4.51	4.51	4.51	4.51	6.86	6.86	6.86	6.86	2	2	2	2	3.2	3.2	3.2	3.2	4	4	4	4	7.02	7.02	7.02	7.02	10	10	10	10
2025-03-19	23.38	23.38	23.38	23.38	16.92	16.92	16.92	16.92	16.94	16.94	16.94	16.94	19.17	18.86	18.86	18.86	19.57	19.57	19.57	19.57	20.94	20.94	20.94	20.94	15	15	15	15	15	15	10	8.92	25	25	15	15	5	2.88	2	1.78	1.25	1.25	1.25	1.25	1.25	1.25	1.25	1.25	1.25	1.25	1.25	1.25	1.25	1.25	1.25	1.25	1.25	1.25	1.25	1.25	1.31	1.42	1.37	1.32	1.25	1.25	1.25	1.25	11.17	8.65	15	15	2.5	2.5	2.6	4.5	2.5	2.5	2.5	2.5	2.5	2.5	1.41	2.5	2.5	2.5	2.5	2.5	2.5	2.5	2.5	2.5	2.5	2.5	2.5	2.5
2025-03-20	3.21	3.17	3.35	2.94	3.79	3.79	3.78	3.75	3.66	3.75	3.26	3.75	3.29	3.29	3.29	3.29	3.69	3.62	3.31	3.29	3.75	3.75	3.31	3.29	13.72	13.72	13.72	13.72	1.61	1.61	1.61	1.61	2.5	2.33	2.15	1.79	2.99	2.64	2.5	2.33	1.85	1.68	1.61	1.64	1.97	1.97	1.97	1.98	1.67	1.65	1.72	1.9	1.79	1.66	1.75	1.74	1.99	1.97	1.97	1.97	2.12	2.12	2.15	2.21	4.29	5	5.58	7.5	5	7.5	8.47	14.46	2.5	2.5	5	5	1.25	1.25	1.25	1.25	1.43	1.43	1.43	1.43	1.79	1.61	1.61	1.45	1.97	1.97	1.97	1.97	3.75	3.75	3.75	3.75
2025-03-21	3.75	3.75	3.75	3.75	2.33	2.33	2.5	2.5	7.5	10.14	10.14	10.14	10.72	16.98	16.98	16.98	17.39	17.39	17.39	17.39	17.15	10.89	10.89	10.89	14.99	14.99	14.99	14.99	2.48	2.48	2.48	2.33	3.75	2.5	2.48	2.43	2.48	2.33	1.97	1.79	1.97	1.79	1.79	1.75	1.61	1.61	1.61	1.76	1.79	1.61	1.79	1.79	1.79	1.79	1.79	1.79	2.04	1.97	1.97	2.15	2.15	2.15	2.33	2.5	2.15	2.15	1.97	1.9	1.97	1.79	2.15	2.49	1.25	1.25	1.25	1.61	1.25	1.25	1.25	1.25	1.25	1.25	1.25	1.25	1.25	1.25	1.25	1.25	1.25	1.25	1.25	1.25	1.3	1.3	1.3	1.3
2025-03-22	1.25	1.25	1.25	1.25	1.25	1.25	1.25	1.25	1.25	1.25	1.25	1.25	1.46	1.61	1.61	1.61	1.47	1.61	1.61	1.61	1.61	1.61	1.61	1.61	1.25	1.25	1.25	1.25	1.25	1.25	1.25	1.25	3.75	2.49	2.49	2.33	2.49	2.33	1.97	1.82	1.75	1.75	1.79	1.79	1.63	1.61	1.71	1.68	1.74	1.65	1.61	1.65	1.71	1.61	1.51	1.53	1.79	1.65	1.71	1.69	1.79	1.77	1.76	1.6	2.05	1.66	1.61	1.77	1.97	2.46	2.44	2.49	1.79	2.33	2.49	2.49	2.5	2.5	2.33	2.5	3	2.95	2.9	2.9	3.4	3.5	3.55	3.75	3.9	3.75	3.75	3.75	4	4	4	4.4
2025-03-23	4	4	4	4	4.4	4.38	4.35	4.32	5	5.18	5.19	5.6	6.25	6.25	6.25	6.25	6.25	6.25	6.25	6.25	7.5	7.5	7.5	7.5	7.5	7.5	7.5	9.5	26.59	25.35	24.92	24.92	222.78	222.78	87.56	61.21	222.78	89.89	28.79	7.86	5	3.75	2.52	2.5	1.72	1.75	1.77	1.83	1.79	1.79	1.79	1.79	1.61	1.61	1.67	1.61	1.83	1.8	1.78	1.79	2.33	2.15	2.25	2.35	2.75	3.75	3.75	5	31.61	41.08	89.89	223.85	30.92	24.88	223.85	223.85	4.05	4.3	4	4	4	4	4	3.75	5	5	5	5	4.96	4.96	4.96	4.96	11.89	12.48	12.48	12.48
2025-03-24	67.27	69.77	92.31	92.31	74.68	79.68	79.68	79.68	54.35	54.35	54.35	54.35	55.78	55.78	55.78	55.78	61.02	61.02	61.02	61.02	35.91	35.91	35.91	35.91	36.58	36.58	36.58	36.58	13.89	14.89	13.04	12.54	20	14.88	4.5	3.12	3.75	1.92	1.25	1.25	1.25	1.25	1.25	1.25	1.25	1.25	1.25	1.25	0.99	0.99	0.99	0.99	1.25	1.25	1.25	1.25	1.25	1.25	1.25	1.25	1.25	1.25	1.25	1.25	1.31	1.49	1.61	1.97	14.85	17.31	30.62	30.62	5	7.5	13.59	17.38	1.25	1.25	1.25	1.25	1.25	1.25	1.25	1.25	1.25	1.25	1.25	1.25	1.25	1.25	1.25	1.25	7.5	7.5	7.5	8.63
2025-03-25	15.05	15.05	15.05	15.05	21.63	22.13	22.13	22.13	28.94	28.94	28.94	28.94	28.94	28.94	28.94	28.94	29.43	29.43	29.43	32.02	28.14	28.14	28.14	28.14	18.03	18.03	18.03	18.03	13.05	12.5	10.85	9.74	18.06	16.21	10.16	6.46	2.33	1.61	1.4	1.43	1.79	1.79	1.61	1.72	1.62	1.61	1.59	1.56	1.65	1.6	1.64	1.61	1.61	1.57	1.56	1.57	1.79	1.79	1.83	1.93	3.22	3.38	3.25	3.54	5	4.18	4.5	5	225.23	225.23	225.23	225.23	6.5	7.2	7.5	8.06	1.97	1.87	1.87	2.15	1.97	1.97	1.97	1.97	2.15	1.97	1.97	1.87	2.6	2.5	2.5	2.37	4.5	4.5	5	5
2025-03-26	9.55	9.55	9.55	9.55	15.5	17.4	17.68	17.68	20.35	20.35	20.35	20.35	15	15	15	15	13.38	13.38	13.38	13.38	10.46	10.46	10.46	10.46	10.18	10.18	10.18	10.18	17.5	17.78	15	11.88	22.9	16.17	5.56	4.74	1.39	1.49	1.55	1.49	1.25	1.25	1.25	1.45	1.25	1.25	1.25	1.25	1.33	1.25	1.25	1.25	1.25	1.58	1.25	1.5	1.33	1.33	1.48	1.37	1.55	1.57	1.57	1.54	1.73	1.69	1.57	1.56	3.92	6.25	7.5	15	6.13	9.8	23.1	28.7	4	4.5	4.21	4.25	4.24	4.5	4.24	4.5	5.03	5.03	5.03	5.03	5.75	5.33	5.33	5.94	12.98	13.35	13.35	13.35
2025-03-27	7.82	7.82	7.94	7.94	7.78	7.78	7.78	7.78	8.45	8.55	8.68	8.82	8.5	8.48	8.43	8.38	8.38	8.4	8.41	8.39	7.78	7.78	7.78	7.78	8.75	8.75	8.75	7	4	4	4	4	10.15	8.25	6.25	5.75	2.3	2.05	2.07	2.1	3.22	3.08	3.08	2.98	3.48	3.49	3.47	3.47	3.37	3.33	3.37	3.42	3	2.98	3.5	3.37	2.06	3.02	3.02	2.94	3.4	3.4	3.42	3.42	3.44	3.52	3.58	3.69	8.25	15	24.96	32.54	4.78	5.85	7	13.17	4	4	4	4	4	4	4	4	3.2	3.2	2.87	2.87	4.25	4.25	4.15	4.15	7	7	7	7
2025-03-28	12.21	11.88	12.8	12.8	16.01	15.93	15.93	15.93	19.87	19.87	19.87	19.87	20.07	20.07	20.07	20.25	20.25	20.07	20.07	20.07	17.93	17.9	17.93	17.9	13.31	13.22	13.93	18.54	18.94	12.5	18	17.8	12.8	6.25	5	2.55	1.25	1.25	1.25	1.25	1.25	1.25	1.25	1.25	1.25	1.25	1.25	1.25	1.25	1.25	1.25	1.25	1.25	1.25	1.25	1.25	1.25	1.25	1.25	1.25	1.25	1.25	1.25	1.25	1.25	1.25	1.25	1.25	1.25	1.25	1.25	1.25	1.25	1.25	1.25	5	6.25	6.25	6.6	6.62	6.79	6.25	6.25	6.25	6.79	6.35	6.35	6.2	4	4	4	3.93	2.5	2.5	4.75	5
2025-03-29	2.76	2.76	2.76	2.76	3.65	3.65	3.65	3.65	4.62	4.87	4.87	4.87	4.07	4.08	4.83	4.12	5	5	5	5	5	5	5	5	4.18	4.18	4.17	4.16	5.75	4	9.66	5	1.25	1.25	1.25	1.25	1.25	1.25	1.25	1.25	1.25	1.25	1.25	1.25	1.25	1.25	1.25	1.25	1.25	1.25	0.55	0.53	0.53	0.51	0.51	0.51	0.87	0.89	0.9	0.91	1.25	1.25	1.25	1.25	1.75	1.25	1.25	1.25	1.25	1.25	1.25	1.25	1.25	1.25	1.25	3.63	1.25	1.25	1.25	1.25	1.48	1.45	1.45	1.5	1.57	1.55	1.55	1.48	1.25	1.25	1.25	1.25	1.25	1.25	1.25	1.25
2025-03-30	3	3.67	3.67	5	5	5	5	5	5	5	5	5	11.13	11.13	11.13	11.13	6.25	6.25	6.25	6.25	6.25	6.25	6.25	6.25	5	5	5	5	5	5	5	5	26.25	12.71	25.6	12.9	10.98	2.53	2.5	2.5	1.25	1.4	1.6	1.67	1.25	1.25	1.25	1.25	1.02	1.02	1.02	1.02	0.89	0.89	0.89	1.03	0.4	0.4	0.4	0.4	1.43	1.43	1.25	1.25	1.25	1.25	1.25	1.25	1.79	1.79	1.85	1.85	1.4	1.27	1.25	1.25	4.51	8.25	8.25	41.97	5.64	6.25	6.25	6.25	6.25	5.75	5	5	3	3	6.25	6.25	2.5	3	5.6	5.61
2025-03-31	3.67	4.26	5	5	4.31	4.31	4.31	4.31	5	5	5	5	5	5	5.75	5.75	5	5	5	5	5	5.75	5.75	6.25	5	5.75	6.28	6.33	4	4	5.75	5.59	7.3	7.3	7.38	4.12	6.25	1.62	1.74	1.81	1.48	1.39	1.25	1.45	1.25	1.25	1.25	1.25	1.25	1.25	1.25	1.25	1.25	1.25	1.25	1.25	1.25	1.25	1.25	1.25	1.25	1.25	1.25	1.25	1.25	1.25	1.25	1.25	1.25	1.25	1.25	1.25	1.25	1.25	1.25	1.25	3.23	5	5.5	6.27	1.25	1.25	1.25	1.25	1.25	1.25	1.25	1.25	1.25	1.25	1.25	1.25	1.25	1.25	3.56	4.38
2025-04-01	5.75	5.75413240765912	5.75621374059204	5.74604984738429	8.65	8.6457406070417	8.65639668590497	8.64512609258441	10.37	10.3671602537879	10.3576567353737	10.371576355769	12.7	12.707063077632	12.68758936393	12.6772951674038	11.93	11.9302397103175	11.9389115564207	11.91988044427	11.18	11.1721472514449	11.1887786717422	11.1684027204167	7.13	7.12229935596693	7.12907550901735	7.12721522652041	1.25	1.26388920697286	1.25765727616141	1.23520406039697	2.5	2.493789590657	2.50536015233291	2.51870348982578	5.75	5.74527559536105	5.76198746414543	5.73920697739215	1.25	1.24838176647264	1.2355393539303	1.25493414398588	0.76	0.756128979417885	0.767767448180377	0.745041369223549	0.7	0.714731817918551	0.698376217638521	0.695378697080614	0.72	0.720942095873814	0.713967916402413	0.713552327991772	1.25	1.25298945134704	1.24687155031272	1.23968952666245	1.25	1.25394160980802	1.2373013559571	1.24073864748306	1.25	1.24893944627333	1.23946383158876	1.24373153014633	1.25	1.25892824673494	1.26381076789569	1.2421053825192	1.42	1.40692276349239	1.42033097695668	1.41937268666503	12.21	12.2034862229755	12.2165624737569	12.2189799023678	1.25	1.25716856178778	1.24860691014204	1.2750968636544	1.25	1.2491842371907	1.247704241201	1.25334205706131	6.25	6.24475852843573	6.24878445174133	6.26745449468804	12.5	12.5043340355731	12.5106958729159	12.5065998682325
2025-04-02	19.17	19.1712383982601	19.1476813260229	19.167524126283	21.98	21.9637194701994	21.9752528540002	21.9679318380226	18.73	18.7460250744333	18.7271686614069	18.7246548615843	20.93	20.9366736760064	20.9368511742552	20.9338108493557	21.64	21.6454054436269	21.6248608510852	21.6367180139147	21.45	21.4524141661635	21.4420852403247	21.4426961567779	23.31	23.3005904314652	23.2972505172265	23.3145088488647	1.68	1.68731766933286	1.67132330849789	1.68421285339316	3.63	3.62909940066995	3.61525323643946	3.60863815178722	15	14.9832914857542	14.9967184177313	14.9965761733711	6.88	6.8779151653732	6.88375202653891	6.89122853729976	1.25	1.2564222934897	1.23402453823617	1.2635627967924	1.25	1.25229156064569	1.24811295976038	1.23509938621977	1.25	1.26199190414885	1.24717473460522	1.2509384570608	1.25	1.23189196913876	1.26107332884412	1.25237606413775	1.25	1.24601333805127	1.24747457295765	1.25057210945256	1.75	1.77156218745385	1.7666980559908	1.75278160260995	2.98	2.97661804442402	2.98841462503453	2.97005233591425	1.75	1.74032640268497	1.74193403493774	1.75908182057009	9.96	9.96579243241378	9.95258177481013	9.9650953340711	5	4.98360959141801	4.99112828575851	5.00558091746028	2.05	2.05056155209962	2.06218465241829	2.04927455167334	1.98	1.97769821642908	1.98353397177188	1.97750431596906	2.5	2.49619984300812	2.51056625917993	2.49812239589609
2025-04-03	1.25	1.24246424696208	1.25103502046546	1.25374288407913	1.55	1.57142724497271	1.55654634322801	1.54798451831236	1.25	1.27145601374698	1.2577253894367	1.24216157877203	1.8	1.79900574608968	1.79446586076222	1.80662992398283	2.39	2.39264440975328	2.38754503109299	2.39269369618791	1.52	1.50598874442652	1.49430987367697	1.49242847334104	1.86	1.87935953316794	1.84688777662805	1.84392332418784	1.25	1.23158245591708	1.26656341953267	1.2647039333978	11.41	11.3965451814441	11.4129593746717	11.4152486755776	17.47	17.4874952024656	17.4655503544151	17.4704937005471	17.61	17.6043614850606	17.6256467100222	17.5968140715025	6.25	6.24159084741498	6.24466063036295	6.25427559110682	2.41	2.40601158467739	2.40685890985405	2.43240961990908	1.8	1.79807339874926	1.79176273533143	1.80320243999729	1.75	1.73968951177862	1.75876383415401	1.74806694313136	2	2.00713336368816	2.00193608504752	2.01834127849029	1.87	1.86397862807729	1.88274635520671	1.88464627534952	4.95	4.96604195112862	4.9487523550748	4.95666764605648	2.43	2.42600543407418	2.43783606525297	2.42675206128263	6.25	6.24794175283597	6.21869892168761	6.25041151896848	1.25	1.25590067658317	1.26123719204102	1.25952184451829	1.25	1.2515067321159	1.25469172568205	1.24787208569361	1.25	1.26040991814985	1.22744394406863	1.2623657088019	1.25	1.2582184936585	1.25005357421191	1.2330912369238
2025-04-04	2.5	2.49512006716737	2.51189198687698	2.50227523419813	2.5	2.50236794550442	2.5023750063462	2.48786925892854	2.5	2.50461994010263	2.51089437061606	2.48609626267158	2.5	2.50521519947205	2.48696675634589	2.48418389856775	2.8	2.7968094227435	2.78385047830784	2.80147431657787	2.85	2.85671411149132	2.86602140437585	2.84951336995264	3	3.00430642329029	2.99248132359282	2.98796945025594	15	15.0066402144106	15.0181538116498	14.9880993231833	15.97	15.9618929350837	15.9717143326818	15.968842287586	15	15.0064807385877	14.9918532257528	15.0017307958569	2.5	2.52600339637752	2.49987878909869	2.48539211115437	2.5	2.5118417864306	2.51696602158444	2.49674731478259	1.78	1.7968155571707	1.78732566901223	1.7822499590062	1.64	1.63391938101687	1.64092743883365	1.64175110722052	1.64	1.64137122024712	1.62730515771659	1.64216721259436	1.65	1.63728802026701	1.64691572718235	1.66167267294601	2.17	2.17052545728668	2.16511802900448	2.18242356211548	2.5	2.49169509507267	2.50887239329342	2.50333132416987	1.92	1.94222372180772	1.92436083641535	1.9175062169713	3	3.00024229933313	3.0059331334623	2.99930493845173	2.5	2.50384407470967	2.49911418179617	2.49748799559563	2.5	2.52110663956693	2.51951241419964	2.50285967052621	2.5	2.50500837630655	2.51243694892194	2.50858350990215	3	3.00902386692411	2.98881909652099	3.00646204873298
2025-04-05	3	2.99933610026058	3.0034949733609	2.99819643002341	3	3.01460967944418	2.98814127744206	2.9986623416334	3	3.00231512589066	2.98431978433935	2.99970952424155	6.25	6.24117679167453	6.25117321032692	6.2301822473762	15	15.0128530646198	15.0020820257496	15.0125863931539	15	15.0042628819361	15.0122631654941	15.0017309047883	12	11.9950522496503	12.0079315294673	12.0011854590837	3	2.97822961689235	3.00750432050435	3.00251296896761	10.54	10.5516501147722	10.5361907891922	10.5328744633735	6.25	6.2512398618588	6.26564392134805	6.24722259296117	3	3.00107318965605	3.00780128812972	3.01030763153938	2.5	2.51082353775962	2.50404737248771	2.52627514697347	0.29	0.297606603114818	0.29055671254515	0.27432852687708	0.29	0.27234326920263	0.276935730585614	0.287023746433009	0.4	0.403820402465626	0.386644991872333	0.400530482115644	2.5	2.48214490208972	2.49838612877691	2.51394061740739	3	3.02338681259111	3.00068615573836	2.98158563394617	0.91	0.916777965787759	0.916404383399184	0.915081189516444	3.18	3.17502625871367	3.170561963848	3.17781074923438	5	5.00269267466589	4.99920042259928	5.00101811256413	3	2.99643045309803	3.00326425745128	2.99053020534321	3	3.0114880179756	3.00495573207	3.0044068080772	3	2.99853799747655	2.99122719757776	2.9843637249225	3.5	3.48878493156544	3.49128203494538	3.50713932739119
2025-04-06	10.16	10.1711852370991	10.1645990805737	10.1553684407133	14.83	14.8358141674556	14.831334108259	14.8146558925474	16.87	16.8638151315521	16.8717920158834	16.8723833893759	18.33	18.3165097025179	18.3482635626911	18.3191150089039	18.61	18.6048345273674	18.6142506614514	18.6219823079896	18.6	18.6012468569591	18.5970193821135	18.5900534934528	18.55	18.5479123125936	18.5468766390455	18.5626409143065	17.96	17.9569809940179	17.9484982794914	17.9475738921831	31.16	31.1681751042119	31.1653396447963	31.1680186292826	40	39.9890465342381	39.9992933895161	40.0044980572768	3	3.01249567374608	3.01197659996445	2.99354555829085	0.4	0.394380160970607	0.400651390896303	0.394087987229207	0.38	0.387224090982347	0.376530891991397	0.365107869839977	0.4	0.407498065672824	0.412116763540538	0.382159249503094	0.4	0.397944414510335	0.389285799187558	0.399953755389637	3	2.98488495499104	2.98278508287018	3.00333462603688	3	2.99283501375885	3.00152841867006	2.99679434399467	3	3.01026945861992	2.99203059838519	2.99097114841441	3	2.99044404434625	2.98379022654351	3.00873093777135	6.12	6.1110383231877	6.11308826839763	6.12576013727596	3	2.97619101465599	3.03205077484439	3.00509630796089	3	2.98953022750798	3.01423140289715	3.01029844402199	3	3.0169222562012	2.99686744752038	2.99732136088878	3	3.00685732303506	2.99087814762305	2.98959822961542
2025-04-07	5	5.00668607004697	5.00872509398442	5.01808632043286	13.12	13.0978225729788	13.1238577536852	13.1215488592528	14.35	14.3586450134712	14.3529678451503	14.3550184877015	15.3	15.3054681780192	15.3068139194481	15.2960725617605	15.83	15.8311512071425	15.8150372847683	15.8408093260821	14.69	14.6783887268878	14.6872965797688	14.6844390699729	7.66	7.6592675888268	7.65534355163495	7.66873595796062	3	2.99993173381975	3.0046602383265	2.9967197933287	3	2.99218977936392	2.99960588112616	3.00299792389409	11.29	11.2920632326795	11.2959852318412	11.2932312637044	3	3.01160296969944	2.99664268246532	3.01085829019988	1.22	1.2204686380308	1.21704185343431	1.20483890726848	0.92	0.90113996082257	0.911170904495992	0.911745531741235	0.92	0.933450234748985	0.925588134805313	0.906073411373417	0.92	0.909374766862371	0.908380153830514	0.903793446721526	1.22	1.20341595192534	1.19648963841768	1.2170777631733	1.22	1.21141087149307	1.22105678773857	1.20734964463204	1.52	1.52656391288324	1.53136219442001	1.52794893428254	2	1.997400153348	1.99091709953332	1.9739892998957	3	2.99036866024963	2.99761757249937	2.99406111430656	3	2.99162691290661	3.01262784492585	2.99191741980985	3	3.00510215460495	3.01735578767084	3.00950274004608	3	2.98468205303056	2.99323084731814	2.98758146399881	3	3.00534633996392	2.99764007484235	2.99504497831833
2025-04-08	4.58	4.59563924507783	4.56858338486346	4.58728957241909	7.23	7.23218184138578	7.23606329045584	7.23402616114548	7.91	7.89497998936448	7.90505408925787	7.91414737481616	10.77	10.7670242825582	10.7665474290988	10.7589732729887	12.38	12.3893007600633	12.3606055918677	12.3707330115781	11.89	11.8990364614771	11.8799992396919	11.8828904297077	10.06	10.0600203308277	10.054825776372	10.0662436690753	3	2.99782581591579	3.00589628431923	2.9967264709732	5	5.00688841098575	4.99138446264986	5.00219929517754	8.25	8.23187778705201	8.24152755175902	8.24575944518751	3	2.99291463341942	3.00670166240988	3.00047387411279	1.56	1.57177963370048	1.55789023545946	1.57816181363742	1.57	1.56623770695697	1.58662169039822	1.56684503224897	1.61	1.63022222763637	1.63225314708129	1.61455122641071	1.5	1.49548609543134	1.5053503379064	1.50910474852497	1.88	1.89845613136741	1.87672153706436	1.88333493430314	1.75	1.72859229479959	1.75277761001649	1.77226955438886	1.54	1.54149983970554	1.52686966959701	1.56756738845258	1.73	1.73182563888438	1.73371283801307	1.72764014134349	3.9	3.89697631958985	3.91338524968773	3.90770700115581	5	4.98689902273664	4.99700380775169	5.00422692345575	5	4.98850122869954	4.99653300730661	5.00392057118236	6.25	6.25032032001312	6.24508808813363	6.24504554042899	9.5	9.51038365078306	9.49788857601523	9.49456349743237
2025-04-09	9.56	9.55328880117465	9.55184319109884	9.54992623073397	12.96	12.9589532381416	12.9562663517452	12.9757242080146	13.68	13.6901304955177	13.6935438831362	13.6871247612764	14.46	14.4393811132715	14.4703527058618	14.4712760218598	17.78	17.7725096441757	17.7835414621503	17.7815277396478	17.96	17.9628459380465	17.9673864520007	17.9687005600005	16.18	16.1790755284261	16.1798347034868	16.1908023988222	4	4.00565306482234	3.98940687173162	3.98984209533582	4.31	4.30368482889967	4.32540961762144	4.30206394902448	6.25	6.23995732293199	6.25494301143221	6.24775829213627	2.5	2.49826028257759	2.50331439929056	2.50078391045388	1.52	1.52135073807822	1.52409205397463	1.52601939510115	1.48	1.48688856315157	1.48195905158558	1.48983137325684	1.5	1.51152469786213	1.49634613124949	1.51066727459183	1.53	1.5437543193744	1.5316036101995	1.5308772905295	1.54	1.53549783857903	1.54090974130356	1.53862961333715	1.5	1.5017386328973	1.49042245514225	1.48911413908032	1.66	1.64548255031878	1.64372067752058	1.66020081549156	3	2.99855773495797	3.01111453287957	3.00832471650008	5	5.00103364104744	5.00418136170138	5.01541159137412	6.76	6.76270075125086	6.75255181553649	6.74948937657306	4.75	4.73702510905288	4.75327217882816	4.75655612144209	5.65	5.64513739796051	5.64182296877034	5.64120096893655	9.65	9.6509252830737	9.64196318210476	9.65081439410069
2025-04-10	3	2.98876702239578	3.00226913642702	3.01563493424247	3	3.02257148238595	3.00497973683118	3.00995019402143	3	3.01925297073792	2.9998143185757	2.99954577982902	3	2.99059754079469	3.01384852342736	2.9901579713924	3.17	3.18511767684323	3.17668693644483	3.16347387397925	3.51	3.52242975722096	3.49770298380524	3.50665177154223	3	3.00337550447799	3.01900208811076	2.99464417254856	3.93	3.9183679619294	3.93308148798319	3.93929198534906	6.25	6.25162645306983	6.25500273765511	6.25092496177435	6.79	6.80059671084338	6.79037284768927	6.77796947433237	1.41	1.41238847918855	1.41502972868966	1.41938740569478	0.48	0.488687914772614	0.479131315770862	0.466002934202414	0.43	0.424239930169947	0.433985623763237	0.436149670084516	0.43	0.426474455175833	0.422418387774982	0.426813676111913	0.8	0.795001941650672	0.805117017671066	0.795370925831046	0.98	0.991864891863219	0.9928197646147	0.996786662304802	0.48	0.488892409764563	0.480759771674457	0.480606753954599	1.24	1.24129414779899	1.24649128701517	1.23888801921478	1.24	1.23046601878904	1.22780489088373	1.24102026104723	3	2.98589622107343	2.99509392575575	2.99634226289784	3	2.9992123810723	3.00998785064869	3.01783307408712	3	2.99401650069361	2.99836259776876	3.00471678514971	3	3.00521994426759	2.99193690975627	3.00285316481524	3	2.99421089286917	3.00138143686392	2.99369047315513
2025-04-11	3	3.03064164989698	3.01271948336988	2.98690517301775	3	3.0075398139496	3.00790506808139	2.99388736014345	3	3.00816707427894	3.01056781076373	2.99183396641724	3	2.98808063412552	3.01011743395833	2.99730000665553	3	3.00684460426091	2.99779329782727	2.99481650870002	3	2.99428260470239	2.98871926882833	2.99851420160645	3	2.98777018060766	2.99367886497697	3.01371791900438	3	2.98401983570327	2.98710932115888	2.98513779954267	4.42	4.42166142814607	4.42661571892667	4.40807376281924	4.75	4.74875210208519	4.74053863831268	4.76128794933766	8.25	8.25705802056183	8.24365145095508	8.25468827946264	3	2.98737845542836	2.97905034817612	3.0000385053459	2.5	2.49520275033054	2.48989382654357	2.51077090919762	1.92	1.92409077325353	1.9272789144351	1.93347096873788	1.75	1.75250634232603	1.75946881918756	1.74064324724236	1.88	1.88744297790359	1.88161116009361	1.87305848569217	1.76	1.73038073167026	1.744097422778	1.75723130140684	3	3.01356199862524	3.0137543285238	3.01028662849456	2.33	2.34210472101641	2.33188948272752	2.34917177197603	3	2.9999594437154	3.00755279364688	3.00974606864875	3	3.00380317775449	2.99628238195743	2.99400452952986	3	2.98605513222592	3.01717218043777	2.99917574605222	3	3.00620476839796	2.99831354983034	2.98654777357711	4.15	4.1434680331156	4.16564103711519	4.15306445563264
2025-04-12	6.25	6.24148556424555	6.24025106633452	6.248246462238	10.51	10.5034348745108	10.4976985720986	10.4990504109682	15.25	15.2504900074869	15.2424060446001	15.2411601816154	16.24	16.2275073698883	16.255081243564	16.222249682719	16.45	16.4354189693167	16.4375395968483	16.4564697575917	16.22	16.2260133749255	16.2157314517272	16.22861185153	15.13	15.1059400181812	15.1377676013	15.1511434934753	16.83	16.8312918100705	16.8346081612088	16.8352783430319	17.07	17.0697102810255	17.0785955136206	17.0699986824193	6.25	6.26430732484648	6.26640305055294	6.24571741303573	5.75	5.76014945053439	5.75234462618432	5.76032858204331	3	2.98022104839871	3.00597789495969	3.00300822728154	1.43	1.40961661778192	1.43891753204731	1.4444504627767	1.48	1.48050050462267	1.48268327742913	1.47489789565699	1.59	1.57755547411466	1.57494418209142	1.59324541943639	1.8	1.8124970862133	1.80436873983422	1.80186391233257	2.94	2.95603585448475	2.94180551455368	2.9350313035055	3	3.00334680954991	2.99144472897101	2.99893046258943	5.47	5.48061660870577	5.45332679221654	5.45186572341681	6.25	6.24259944248369	6.25609552781043	6.26217421011365	6.25	6.25358218840675	6.25496848169897	6.24684682256889	6.25	6.23440130108748	6.25212858000716	6.2517767345533	8.05	8.04668238116691	8.04779228504486	8.03483419744736	13.3	13.3026289197286	13.3006093610822	13.2853501867636
2025-04-13	16.9	16.9040084202619	16.8998410722611	16.9010914019169	17.94	17.9339962984457	17.9635080289244	17.9183772850601	18.61	18.6108707783217	18.6246233689912	18.6063180572425	20	20.0074399122457	19.976152521875	19.9853192704736	20	19.9962330301284	20.0069646400371	20.0077097561123	20	19.985549075988	19.9883832519151	19.9919257845313	18.9	18.9057678023381	18.8768547176335	18.9159940436417	18.99	18.9984628964064	18.9899442800588	18.9980904750474	19.4	19.4026557084054	19.4034044905223	19.4048837548659	19.59	19.5740822420178	19.5999836175924	19.6020034225531	6.25	6.24611864964532	6.26876265770252	6.24930824154198	3	3.00723934785202	3.01666388513119	3.00832858612927	1.86	1.85873462015873	1.87394295646567	1.86988851204143	1.67	1.68357138903847	1.67650373007145	1.67804616879534	1.68	1.66430938935513	1.6997205320776	1.67152296892537	2.04	2.02924205907185	2.04464565698217	2.03536511654896	1.97	1.96682296853897	1.98465289174057	1.98064786900217	3	3.00414750181732	3.00078578630322	3.01809871183135	3	2.97497775772489	3.00865289167765	2.99369640151116	3.48	3.47626262009738	3.479663314125	3.49258025412483	5.91	5.91555371550248	5.91464789656546	5.89695063852628	5.5	5.50333413530191	5.48431952375483	5.50271213297748	5.67	5.67197193415376	5.69237298846262	5.66641102995658	6.25	6.24352943014061	6.23448015186627	6.2464358754899
2025-04-14	7.76	7.75793940273783	7.7769842831659	7.76025513415344	9	8.97832840693764	9.01583522250592	9.00100726643653	9.11	9.09662508844597	9.11911191979013	9.10486494548515	9.79	9.79903472656075	9.7948124502048	9.77984071053079	11.04	11.0288672351916	11.0429136857799	11.0571414527962	9.79	9.79281825667443	9.78671263306203	9.79396668530765	7.5	7.49646712313708	7.50049011491209	7.50585943126625	3	3.01974301049205	3.01247757642715	2.99194433506586	6.25	6.26210557525873	6.24805307678685	6.253023668235	4.48	4.47726206128975	4.48145291849858	4.4810003522479	3	3.00239431586509	3.00126780428482	2.9995079949648	1.21	1.2177223186483	1.20049597660385	1.21311599412902	1.15	1.15191555389638	1.15345352135752	1.16047202150189	1.25	1.2472787531049	1.26717019932579	1.24376637876217	1.25	1.24719165317942	1.2557176539658	1.23760883673121	1.5	1.488840989544	1.50829700666024	1.49392641212992	1.58	1.58047872096382	1.58161252628178	1.58255604575198	1.79	1.79126069064846	1.80439932699794	1.79150627251893	1.99	1.9946510896028	1.99147143049459	2.00186885561673	2.5	2.49879728543885	2.50191319643489	2.5034451310856	2.5	2.48504869195671	2.50170016922988	2.50818309596523	2.45	2.46234934700797	2.44959347791095	2.46853415536364	2.48	2.49431833548597	2.49307300637614	2.47994489546506	2.5	2.50914545478358	2.49560683569505	2.50004120045586
2025-04-15	3	2.99474508218055	3.00510888186441	2.99638766053192	3	2.99959438854993	2.99060659526221	3.00409562258568	3	2.99807206962777	2.97499115758268	3.01658858473629	3	2.98876383263577	2.9924600654597	3.00585611803702	3	2.99344176981406	2.98888759498147	2.99931713895104	3	3.00810493087715	3.01312518118565	2.99047467882333	3	2.99150487483854	3.02456353555223	3.01040855503645	3.02	3.02859293635855	3.0091287103864	3.02764122913202	5.15	5.1446640571126	5.16042283276021	5.14946646595143	3	2.9873798905084	2.99573698258597	2.99902022709027	1.22	1.22774008019649	1.24125030160257	1.21231159749112	1.17	1.18853386953409	1.16694987533775	1.17525902674619	1.43	1.43575548750783	1.4193090735965	1.45075736559409	1.25	1.24564694558429	1.24951573047112	1.24081445182529	1.45	1.45875555448183	1.47141189120775	1.45069191366217	1.47	1.46964510199512	1.47281141639102	1.46561982207476	1.52	1.51416349231581	1.52034149492986	1.52367839007195	1.69	1.68857253624228	1.67686671677707	1.69316426917174	1.43	1.43807534025132	1.44824918471337	1.4249289635082	2.48	2.46064242144871	2.48645469409194	2.48020548026671	3.15	3.15748318734015	3.16560623968728	3.14928745726326	3.85	3.85483083188912	3.84807086795576	3.84441619105368	3	3.01220375347735	3.01139195132381	2.99483167917209	3	3.00373098800345	3.00228963631749	2.98501450498773
2025-04-16	2.22	2.24059149271797	2.21803359524558	2.22119792091793	2.5	2.48247739606501	2.50025127184754	2.50078150613121	2.71	2.70900418030898	2.69287568393531	2.69186889019518	2.5	2.50229791188607	2.50101244417739	2.49724426357696	2.35	2.34983668026801	2.3399284821364	2.36726982902255	2.48	2.47327037519498	2.50092351875196	2.48835018626856	3	2.98196340809368	3.01643816468458	3.00161503904272	3	2.99827057328049	3.01357571699296	2.9998651859494	3	3.00894602552223	3.00279064154136	3.00707491542514	2	1.98564938628362	1.9867977659578	1.98498978281473	1.25	1.2360449446518	1.25589485069681	1.24706151840014	0.71	0.677561460972968	0.717694341761381	0.71570527735374	0.7	0.677834058504003	0.711112106850826	0.691539543409847	0.7	0.687764068018511	0.687425248989688	0.713555831499408	0.71	0.69344836526712	0.711935750398504	0.720151259294218	1.57	1.57189286586158	1.56208300458259	1.56697290030447	1.61	1.61468217536245	1.61193981822531	1.61417235916159	1.61	1.61472008279887	1.61733965676453	1.60622101118222	1.79	1.79204086067159	1.77651324373694	1.79179981669976	1.5	1.5059535230341	1.49751135179799	1.50360794923883	3	2.99758088811045	2.99877469034397	3.00508094020026	3	3.00775183143238	2.98871481813712	3.00727443386043	3	3.01004875451657	2.99662610068095	3.00021825004822	3	2.99671765295896	2.98433562693349	3.00469283901135
2025-04-17	3	3.0048074133279	2.9959270570375	2.9930534417408	3	3.00139103163107	3.02244494067771	2.99096828533493	3	3.00098781692294	2.98605348037451	2.99288866184138	3	3.00124001113959	2.99847542305498	3.00628601188595	3	3.00265084446699	2.99316044829586	3.01352671600987	3	2.98342121124332	3.00222522282267	2.9897190284785	3	2.98405038901037	3.00552711150317	3.02456765576291	3	3.0042976838357	3.00656755495651	3.00192888826092	10.37	10.3634841513889	10.3771598460071	10.3741178888634	3	2.99560092605322	3.00876199255068	3.01445895889339	1.79	1.77934486055354	1.7991775846579	1.77482911758884	1.38	1.38856502966635	1.35888848082422	1.38237341942169	1.15	1.15675876698884	1.14694303640112	1.12842441899935	1.15	1.15805325246917	1.13831509995864	1.14354993210505	0.9	0.89978148747079	0.911285461414408	0.903592228660982	1.5	1.5025315038206	1.49519949798231	1.51099952606185	1.5	1.5192006784353	1.49420385248421	1.51759850920452	1.71	1.72395230785932	1.72262901765452	1.71179586150623	2.15	2.1570430696058	2.13854196746495	2.15375276144445	3	2.98014353346498	3.00635489815167	2.9966459774462	3.84	3.83887803040139	3.83696944247962	3.82714890794012	3	3.00088984670962	2.99025657666381	3.00011814971506	3.92	3.91863196352349	3.91300537201077	3.91402064374321	6.45	6.45004658984711	6.45555494103665	6.45389079357244
2025-04-18	4.2	4.1974705397	4.19954725263434	4.20140605422368	11.25	11.2574047145922	11.263502426783	11.2436660391891	13.68	13.683822878662	13.6817784221366	13.6880664102301	12.86	12.8524524346161	12.8590538344745	12.8491878834625	13.68	13.6859433704972	13.6745551568434	13.6643392394442	13.68	13.6643133740242	13.6736064104824	13.6900459360973	13.71	13.7222682061615	13.7146185058202	13.7056056920456	12	11.9917658386284	11.9984209075552	11.9851358574682	14.99	14.9856224870521	15.0008537900284	15.0000945608536	3.26	3.25200771438297	3.24463128392979	3.25597758418371	3	3.00413923805353	2.98866221636584	2.9852973925798	1.2	1.19793616583319	1.18259343878719	1.18218044727996	1.4	1.39000585620031	1.3906814780244	1.390940145728	1.58	1.58868965431237	1.5815168191212	1.57836644878268	1.69	1.70282758227544	1.67558056860971	1.6719065422034	1.83	1.86068167325815	1.8252992616845	1.8365890838165	1.88	1.87389645074032	1.87270005675409	1.87282301238837	3	2.99244409651892	2.99129244901438	2.99382406467982	3	3.00091170891083	2.98893305742644	2.98570244849451	3	2.9936427015103	3.00903154198766	2.98451995069864	3	3.00738957108202	3.01333882849187	3.00031105242917	3	2.98787527288874	2.99251506393828	3.01361337280313	3	2.99048122419525	3.00045328319613	2.98999748539419	3	3.00189875022232	2.97714634723867	3.00159615174544
2025-04-19	3	3.00240660205708	3.01883562704847	3.00998396378205	3	2.99864408219881	3.00148910865342	3.00416443041679	3	3.00699798833884	2.9879486814781	3.00598116551088	3	3.01264151056875	2.99942293768376	3.0102189935943	3	3.00249422342694	3.009270569646	3.01593013311077	3	2.99021916369763	3.01152886828392	2.99875651567859	3	3.00294739785582	2.99117454478236	3.0121337859136	3	2.98167403516611	2.99837520521976	3.00553741436055	3	2.98998411254443	3.00125553114698	2.99573236088655	2.91	2.90740816196786	2.90070963172695	2.90699314490933	3	3.01233353662808	3.00763640150633	2.99237079921647	2.63	2.6363719048582	2.6245468783979	2.60497673391442	1.64	1.64194196343641	1.65314712796146	1.64969394541807	1.57	1.55506948103704	1.56723765250182	1.56658010383554	1.94	1.94219853748107	1.94713900881115	1.95000195444326	1.94	1.94179420999427	1.94217445768649	1.94383179981197	1.94	1.94250563153301	1.95672422482756	1.94971614972965	2.09	2.09359242813993	2.10509089085731	2.11078945348288	2.14	2.14777743461217	2.13458193808225	2.11682628406805	1.94	1.93819183870288	1.94815622080606	1.96027742512935	1.97	1.97792695051177	1.96172617383213	1.97395975455586	3	3.01399781268915	2.9994848264766	2.99006375831916	3	2.99438578030637	2.99844991515542	3.02324152013406	3	2.99921122091633	2.99667392390993	2.99517332989394
2025-04-20	3.12	3.10985094213268	3.13029323794575	3.12261781111331	3.26	3.23399285837491	3.25930372866729	3.25115320045222	11.25	11.2576294716695	11.2471629428531	11.2463938864614	13.75	13.7515272365018	13.7419881116842	13.7506717356668	13.75	13.7529570477566	13.7433795676771	13.7668724754149	13.75	13.7560384491334	13.7453340876479	13.7506127799917	13.75	13.7568232342618	13.7620530665746	13.7603992564766	18.75	18.7345123469769	18.7460055268364	18.7582717128816	24.3	24.2947464008676	24.3110043854709	24.3016099430135	12	11.9821563185506	11.9937250711897	12.0125419175609	3	3.01141304775614	3.02301732363996	3.01137083054517	1.95	1.93364386564249	1.94401614624537	1.95757596244254	1.75	1.74418849141323	1.76863132564135	1.75257997849321	1.88	1.86952260349388	1.86298264184368	1.8623198195579	2.49	2.50006880130535	2.47795151490033	2.49369872578218	3	2.99868735765589	3.00388740465436	2.99579687311678	2.86	2.86460279684033	2.86985856859706	2.87902093288859	3	2.97638212229894	3.00429041699854	3.01145742669143	3	3.00150399498752	2.98650861263713	3.00917253476162	3.15	3.14135553235779	3.15692408445966	3.15330741554237	11.25	11.2620600199954	11.2498393359788	11.2612811561483	10.75	10.7224884075171	10.7455862547486	10.7454031831708	10.4	10.3987939366198	10.4115546027846	10.4084219196833	11.25	11.2479992330435	11.2408325451767	11.2352348006858
2025-04-21	11.25	11.2547761371418	11.2543338053404	11.2546028875686	13.75	13.7579014951847	13.7458710402663	13.7397670600002	13.59	13.577747554833	13.5888134181147	13.5767851846251	13.75	13.7459249609067	13.7501148629647	13.7524496587532	13.25	13.2464693976701	13.2671654422004	13.2221831586346	13.75	13.7415623856176	13.7508918790684	13.758293330581	10.58	10.5872059297659	10.5863292503585	10.5876338420608	8.16	8.15855245323624	8.15734338785239	8.15226881569907	11.9	11.8995267071412	11.9018782110411	11.9098153792877	3.93	3.93960171052529	3.95169615622214	3.93741865168803	1.83	1.8244726988355	1.84025989400002	1.8138735316149	0.6	0.615523110091388	0.592888142000946	0.608789180110562	0.56	0.575075472373486	0.572018760493153	0.553835038154228	1.04	1.05123445540066	1.02836225025415	1.04805881487442	1.58	1.59621568440183	1.57106229183473	1.5648315017678	3	3.00228856084036	2.9987045917503	2.9734221564369	3	3.00370308666475	3.02328074756968	3.00099106985397	6.68	6.70105958310879	6.67790419203861	6.66657773118271	6.14	6.13614570657642	6.13211667742118	6.16387775201687	11.25	11.2437979697492	11.2441714915082	11.242519017028	7.69	7.68212753625818	7.69089775960057	7.68884745057023	7.69	7.68969385847377	7.69484226033299	7.69531082567063	7.69	7.67672729895227	7.67874487983372	7.6751010204818	9.3	9.28885019721467	9.29106653682273	9.28683733288094
2025-04-22	11.25	11.2583872550782	11.2537266286303	11.2403170491107	13.75	13.7605205522773	13.7481857114046	13.756912908983	13.59	13.5894496689021	13.5756440383533	13.6000617510218	13.75	13.7693649195151	13.7575963209524	13.7480046209133	13.25	13.2558527045353	13.2581791799387	13.2453598813246	13.75	13.7440351078085	13.7522003527949	13.7547461097367	10.58	10.5725048517046	10.5822990123425	10.5793715050741	8.16	8.13816977717522	8.16750269930601	8.16475627529173	11.9	11.9044454214355	11.8836251194634	11.9039009630895	3.93	3.92066211434058	3.93143115295069	3.94955336667566	1.83	1.83934407197664	1.82593411475093	1.83537476251361	0.6	0.580917815253478	0.597077545079751	0.611993968524207	0.56	0.552588771907908	0.575196768082393	0.565251163154937	1.04	1.04503705642177	1.02506894709582	1.05063609759559	1.58	1.58247623831065	1.57866107823773	1.57398312480772	3	3.00297730234123	3.00365193673614	3.00301616770391	3	3.00905744151432	3.01237345644959	2.99291694687065	6.68	6.69715276954022	6.67527972217727	6.69265219383883	6.14	6.11967667405219	6.12827995743955	6.12561490311187	11.25	11.2541349679134	11.2583349259055	11.242808100482	7.69	7.71544146223307	7.69506089030303	7.6906774892639	7.69	7.68168024133683	7.68763961694613	7.66691292578806	7.69	7.69191510715962	7.69673757822138	7.67963689427794	9.3	9.29741811757893	9.30900484243638	9.29036119277233
2025-04-23	3	2.99685452161387	2.99733780495387	2.99310225483601	3	2.99647527860211	3.00521856951104	2.98973096623068	3	3.0018317227761	3.00632922269385	2.99344839376327	3	3.00710829454678	3.00318537092985	3.01143581710646	3	2.99123957017854	3.00094564639103	3.00482908779535	4.45	4.43999468610463	4.44565959458728	4.46006251794132	3.02	3.01946394326174	3.0171102028731	3.02326857405345	3	2.99949208830964	2.98082839395242	2.99460048531858	5.94	5.95472421231243	5.93730375995265	5.93870226962634	3.5	3.48909131097243	3.5184466812526	3.48863141516023	0.79	0.803775098839256	0.782334587325302	0.783953073249445	0.98	0.979186099325293	0.986290492297875	0.995796021431221	0.39	0.387717153506558	0.376814512912148	0.390284286436425	0.39	0.391229983833134	0.393807288041063	0.393787487734486	0.39	0.368732326380057	0.370735280286068	0.392654209304783	0.39	0.389402301619631	0.395927000516773	0.374086090419526	0.39	0.381921572258737	0.399755788616045	0.381902773087545	0.48	0.479390056002121	0.486597721750257	0.495995335988666	1.38	1.37843187854779	1.38223072609106	1.37596338204756	3	3.01751410786576	3.00386120753157	2.98786910240414	3	2.99459689465716	3.00352561303031	3.00607274137731	3	2.98753982189315	3.01555908957954	3.00047014694507	3	2.99832615752632	3.00048111185883	2.98762611514497	3	3.01236054226052	2.99978947881084	3.01622537820639
2025-04-24	4.26	4.26002897048865	4.25647944911363	4.27370952826211	8.85	8.85441560870684	8.85153978785788	8.85472953612155	9.13	9.14688866794895	9.15135006657418	9.13881879987305	10.12	10.1272068663098	10.0954923134849	10.1170136819187	8.64	8.64872235465335	8.63949687883786	8.64725475462713	5.55	5.54999984138912	5.54408508521792	5.55716797665299	5.89	5.89944355038876	5.88684794413272	5.89180289046478	3	2.99285815632648	3.00359744165273	3.00221546530469	7.23	7.24518531886228	7.2243192930537	7.23739724125297	1.99	2.00072421632918	1.99053863098525	1.99378006420821	0.45	0.453517946265942	0.456256404741124	0.449593425366207	0.39	0.385653611167309	0.389345064392818	0.405409203500969	0.39	0.395422591928662	0.395439614315151	0.396919065057974	0.39	0.384391905264392	0.409409918390256	0.389206224562097	0.39	0.373881022976521	0.383761781493664	0.400139854740821	0.39	0.40853008961339	0.401464968302121	0.382858933885604	0.39	0.394268755266965	0.381990290456057	0.392591866749736	0.39	0.405952933991924	0.400344637469543	0.398478280830588	0.45	0.444179510885414	0.461818138961578	0.460618023166653	3	2.99597084516259	3.00206878199248	3.02513414324959	3	2.9876768363361	3.01097488966795	3.01390199718078	3	2.98402605554437	3.00308563604071	2.9989390430874	3	2.99423715050638	3.00263194855912	3.01343790537969	3	2.99401634132436	2.9923016572979	2.99494475893087
2025-04-25	2.5	2.51244569141529	2.49667010861245	2.51045266664184	2.8	2.82127649882492	2.80669353573398	2.80803943942597	3.55	3.57050427685756	3.56792766098347	3.5450672978791	4	3.9957657821773	3.99964809984687	4.01013441081794	3.84	3.83838102614893	3.85005615442002	3.83119448349428	3	3.01293095995502	2.98955725210328	2.99815541888834	2.5	2.4905958376738	2.5123295631759	2.49508291741957	2.5	2.49118878990891	2.5155542061071	2.49903172671758	2.5	2.49286024637066	2.50402301453126	2.49380909950785	2.5	2.50147293584545	2.50146957589753	2.48557965958553	0.45	0.44651310830494	0.444182263182393	0.462759060961524	0.44	0.448639237213759	0.439530459092396	0.438840963014426	0.39	0.396074956401696	0.3879497157388	0.390723226705779	0.39	0.378402570985517	0.392478528747286	0.377808599732207	0.39	0.38366178692836	0.375227618066273	0.39610331383617	0.39	0.408647111650932	0.379476426934702	0.408921330817429	0.39	0.398119613332113	0.383582419339504	0.40137334324619	0.49	0.505382128275536	0.500294359294823	0.495010446823402	0.4	0.416695863936835	0.405694324791693	0.394055780599716	2.5	2.49914557611382	2.50444156856513	2.48677183943301	3.28	3.27037423592437	3.27714696114591	3.27803008860293	2.5	2.49371269383442	2.52448598552642	2.5135323942701	3.53	3.51306131692615	3.52556438106911	3.54381755226456	4.25	4.24643917720459	4.26253633862519	4.25860238061998
2025-04-26	3	3.00039617008513	3.00824255141588	3.01228232286173	3	3.00622776904555	3.00502053169185	2.98709765581578	3	3.00112744647522	2.98737576368366	3.00683945514519	2.28	2.26014000647224	2.28735483759256	2.29513570078201	2.3	2.30743296712352	2.29395987344589	2.31184804584946	3	3.01660220930007	2.98458887780593	3.00550755647302	2.52	2.52703098758761	2.52251799870754	2.53092627366173	3	3.00335883069959	2.99764435870409	3.00334820286035	6.22	6.2247256816416	6.22490145938884	6.21425647783659	1.76	1.74164667131024	1.75391799042634	1.77009159455623	1.63	1.61584776596009	1.63569872706843	1.64319726951064	1.52	1.51639711185715	1.52256629840911	1.54325683754573	1	1.00328781255814	0.984103903881614	0.993462685115546	1	1.00405370273899	1.00251151068123	1.00764123570127	1.25	1.2481813050484	1.24205741723458	1.24248748056013	1.25	1.25814017988948	1.25521454948557	1.24592737549772	1.25	1.23163074979026	1.24157976493987	1.24585384939406	1.25	1.20753683623684	1.26355847069623	1.25764453943979	1.44	1.43766099751691	1.43876992823857	1.44477671610933	1.25	1.25609651478429	1.23452002354743	1.26784453276065	2.93	2.92696474465233	2.94182387357722	2.92569652390845	2.2	2.2001455073902	2.21379507854001	2.18705589774668	1.75	1.75221091894663	1.73806510873324	1.74797135225501	1.65	1.66179385711946	1.64329887550616	1.63543677054844
2025-04-27	2.39	2.40128327988957	2.39827662334325	2.40603311093082	3	2.99949366160727	3.01838636223411	2.97777867408938	3	3.00798264111408	2.99867245260944	3.0025646277414	3	2.9889149203155	3.00031719501191	3.00833029644808	3	2.98367290392981	2.98981326274414	2.98819163034447	3	3.0029948404359	2.99106840488721	2.99808996136454	3	3.00020661248525	3.01355233483552	3.0037731032476	3	2.99850862680789	3.0072297926747	2.98750479001314	3	2.9964146073135	3.00528448573894	3.00851510868181	1.5	1.48694059005761	1.50425842199071	1.48654797778744	1.75	1.75715319508318	1.74078357751817	1.75684105859136	1.8	1.79894339739836	1.80634116029664	1.81932278257132	1.9	1.89774469290194	1.90235663743271	1.89056493073624	2.11	2.09896937804226	2.11203485002975	2.11786268047819	1.99	1.99285255618846	1.98261399126654	1.98498003592368	2.17	2.16427398144337	2.15604083249716	2.16484613346002	1.92	1.92019567898409	1.89918555139575	1.911099902854	1.3	1.31358292622988	1.30993342361845	1.30287860487482	1.01	1.02231494476109	0.994544250155309	1.00559590329471	1.48	1.48488815051227	1.48172309987264	1.46675385185496	3	3.0103881641431	2.98673696567988	3.00511431535988	1.75	1.75121984968646	1.75989245445959	1.75754840319343	1.6	1.60530317566547	1.6103100124127	1.6016274330526	3	3.01426575994019	3.01766038573399	3.00980785985435
2025-04-28	2.12	2.12072924369126	2.12034863046238	2.13161961959838	2.54	2.55490245440488	2.53543441275925	2.55095365714979	3	3.00258517380834	3.00902996801585	2.99708583464232	3	2.99801276244157	2.98271769709478	3.01603773849124	3	3.0088386013543	3.0035009020884	3.01278480933936	3	3.00202011653831	3.00916511110674	3.01114933130603	3	3.00202246922522	3.00122476914402	2.98258824721398	3	3.00724061937938	2.99255246382575	3.00639683546519	3	2.98599779163469	3.001516400011	2.9817898333987	0.88	0.88567159228708	0.888440303489159	0.886627114422864	0.46	0.45234561616415	0.45884757042731	0.478632493266747	0.48	0.485764655693069	0.472694334266309	0.475565709939052	0	0.00887980921183057	0.0179373184357324	-0.00273072459670224	0	0.0062935276818797	0.000869761071427507	0.015850497585155	0	-0.00764744052741964	-0.00307442405718625	-0.0109725771949739	0	-0.0216622678580502	-0.0151503571794252	-0.00879744934304106	0	0.013410241249249	0.00779658647053204	-0.00382192794497835	0	0.0117249434401542	0.00415354164851192	0.0166452568368401	0	0.0119481292348408	-0.0209852611027486	-0.00412920154410639	0	-0.00943451754573379	-0.00867496962267955	0.00379659061080152	0	0.00384827717025231	0.00587212582147822	0.000733770924724521	0	-0.0102257238484531	-0.000300501336272652	-0.0202603885593309	0	-0.00417244889787361	-0.00616583560569923	-0.00451492377972203	0	-0.00910668591981429	0.00465058853766894	-0.0100041072788817
2025-04-29	27.62	27.6111243789684	27.6295805034597	27.6157428006882	30	30.0180818261681	30.0259009044916	30.0096146749788	28.61	28.6224477856285	28.5952292192821	28.6154546477808	28.63	28.623025631288	28.6370912208755	28.6191890208255	27.19	27.1800387899807	27.1872257733428	27.1898196631928	25.92	25.9197700233066	25.9237755639802	25.9178114421885	27.67	27.6799672385437	27.6718194237395	27.6709604392479	28.78	28.7699177740197	28.7897051927104	28.7695712820337	40	39.9965982825536	39.9991864492646	39.9787965083853	25.96	25.9708128675853	25.9458601091679	25.9671221295111	12.5	12.4824155796624	12.5114268652911	12.5008112011401	3.67	3.68176491863357	3.66816123624087	3.66643251936525	3.62	3.63480695035305	3.61599173338174	3.61405744741724	3	3.01060078524993	2.98928983722593	3.00877706586199	3	2.9872650431562	2.99642144291249	2.98644872280951	3	2.99566189912117	3.01071579800206	2.9973894624115	3	3.00456142685917	2.99658891836759	2.98765367470268	3.67	3.67419961753731	3.67515794364959	3.67191683121598	3.67	3.66472589971571	3.66694093356741	3.66731164501523	28.4	28.3831510421548	28.4034772801472	28.4088498675741	28.7	28.6954628942064	28.7028165440576	28.7008105689241	12.17	12.1617524222153	12.1651336861858	12.1736944494363	15.36	15.3513149836726	15.3591199096601	15.3593424939516	6.25	6.25058280488169	6.22939911805675	6.23868857280102
2025-04-30	3	2.99212497227142	2.98430730682077	2.99637503239513	5.53	5.53123392702323	5.5175490932068	5.53196403966114	5.84	5.82399983547122	5.85383004395229	5.84333851619473	6.25	6.26002769009181	6.24039844269495	6.26098419747384	4.95	4.92353139973026	4.94607091293963	4.92895266295681	8.94	8.92820679987772	8.93326981614303	8.94008902365166	3	3.00579964227566	3.00973632986626	2.98768893877629	3	3.00059331642361	2.99621828479486	3.01145872978926	3	3.0181928465063	2.99561000222202	2.98699106208192	6.36	6.35680693852395	6.34280698547711	6.35408633018823	3	2.98999286109811	3.00151620860528	2.98028799055929	0.85	0.851350010377933	0.850450555938496	0.841884436665906	0.52	0.509074252738844	0.522611282635783	0.538368506397007	0.51	0.520780734827497	0.499274124731327	0.515536117729081	0.45	0.439137092804021	0.433712426302866	0.462625677883172	0.43	0.441632851283776	0.440075675356656	0.426468070364064	0.43	0.404290278502779	0.434941464926734	0.42030998342747	1.47	1.46579769745675	1.46700907774251	1.46936410923692	1.47	1.46843776720835	1.47841591988523	1.45546378125563	3	2.98531972320154	2.99354093256282	3.00702441660122	3.63	3.62110880219419	3.63411740116833	3.61190112368719	2.08	2.07718003536706	2.0702438413424	2.08116100000769	2.1	2.09128247528501	2.09429833079345	2.08247336537233	3.67	3.67377400639543	3.66161229558223	3.6697459965342
2025-05-01	4.05	4.05	3.8	3.8	6.32	6.29	6.48	6.77	7.39	7.52	7.48	7.51	8.75	11.25	11.25	11.25	11.25	11.25	11.25	11.25	11.25	11.25	11.25	11.25	12.5	12.5	12.5	12.5	15.25	15.25	15.25	15.25	21.76	21.24	18.33	17.57	26.26	21.5	19.5	19	18.25	17	15	15	21	20.5	17	15	11.25	11.25	11.25	11.25	11.25	9.85	9.85	9.85	9.85	9.85	9.85	11.25	11.25	11.25	12.5	15	15	12.5	12.5	15	15	17	18.25	20	11.25	12.5	15	15	12.5	17	25	27.49	14.17	14.17	13.92	13.5	5.79	6.02	6	5.25	6.19	6.18	7.2	7.15	6.18	6.13	11.25	11.25
2025-05-02	3.93	3.93	4.63	4.63	4.01	3.93	3.93	3.93	3.93	3.93	3.93	3.93	3.93	3.93	4.08	4.08	4.08	4.08	4.08	4.08	4.3	4.3	4.3	4.3	4.51	4.51	6.62	6.63	4	4.5	5.72	5.76	6.06	6.79	6.15	6.14	11.4	5	4.97	4.59	3	3	3	3	3	3	3	2.9	3	3	3	3	3	3	3	3	3	3	3	3	3	2.63	2.54	2.54	2.79	2.73	2.93	3	3	3	3	3	3	3	3	3	8.75	10.54	11.39	15	5.14	5.11	5.45	5.36	3.93	3.93	3.93	3.93	3.93	3.93	3.93	3.93	3.66	3.99	4.2	4.28
2025-05-03	8.75	8.77	10	10	11.25	11.25	11.25	11.25	12.5	12.5	12.5	12.5	12.5	12.5	12.5	13.18	12.5	12.5	12.5	13.29	15	15	15	15	15	15	15	15	17.97	17.97	17	15	18.98	19.08	18.33	15	9.65	3.54	3	3	3	3	2.77	2.5	1.74	1.25	1.24	1.24	1.25	0.46	0.89	1.25	1.25	1.25	1.25	1.25	1.25	1.25	1.25	1.75	2.5	2.02	2.5	2.54	3	3	3	3	3	3	3	3	3	3	3	3.56	8.75	11.25	17.75	17.75	12.5	12.5	12.69	12.5	5.2	5.2	5.2	5.45	5.2	5.2	5.57	5.57	5	5	6	6
2025-05-04	8.75	8.75	6.8	6.85	11.25	11.25	11.25	11.25	9.05	9.05	9.05	9.05	10.69	10.69	10.69	10.69	11.25	11.25	11.25	11.25	11.25	11.25	11.25	11.25	11.25	11.25	11.25	11.25	12.5	12.5	12.5	12.5	21	20.97	20.72	19.5	18.61	18.57	14.32	12.5	9.65	8.75	8.22	9.65	3.93	3.92	3.93	3.4	3	3	3	3	3	3	3	3	3	3	3	3	3	3	3	3	3	3	2.71	3	4.6	3	3	3.39	3.11	3.43	4.54	5.41	11.25	12.5	15.73	17	10.05	10.05	11.1	10.05	3	3	3	3	3	3	3	3	4.1	4.1	5.09	5
2025-05-05	3.23	3.23	3.23	3.23	4.41	4.49	4.59	4.69	6.29	6.3	6.31	6.15	6.02	6.04	5.94	5.94	5.86	5.86	5.86	5.86	6.35	6.46	6.5	6.54	5.99	5.96	7.11	7.11	2.71	2.71	2.71	2.71	3.15	3.37	3	3	11.25	8.75	7.23	7.23	3	3	3	3	3	3	3	3	3	3	3	3	3	3	3	3	2.63	2.77	2.63	2.79	2.62	2.5	2.5	2.5	2.5	2.48	2.4	2.43	3	3	3	3	3	3	3.48	4.04	5.26	5.37	10.14	11.25	3.62	3.94	4.87	4.6	3	3	3	3	3.03	3.03	3.03	3.03	3	3	3.23	3.23
2025-05-06	4.97	5.21	5.71	5.91	5.34	5.33	5.32	5.31	5.41	5.39	5.39	5.56	5.79	6	6.17	6.56	6.55	6.55	6.79	6.79	6.5	6.5	6.5	6.79	6.28	6.38	9.65	10.15	7.17	7.21	8.75	8.75	9.33	8.75	6.79	6.18	3.15	3	3	3	3	2.5	1.75	1.75	3.17	3	3	3.17	3.25	3	3.12	3.17	3.08	3.04	3.18	3.23	3.2	3.19	3	3	3.19	3	3	3	3.02	3.04	3.3	3.23	3	3.08	3.27	3.6	3.95	5.02	5.36	6.26	6.79	8.75	11.24	11.25	5.17	5.36	7.75	7.75	2.18	2.18	2.18	2.18	5.03	5.03	5.03	4.86	5.23	5.16	6.79	6.79
2025-05-07	1.41	1.41	1.54	1.47	1.3	1.33	1.37	1.53	1.39	1.25	1.34	1.7	2.02	3	3	3	3	3	3	4.81	3.05	3.54	4.22	5.24	11.25	11.25	13.65	13.65	9.52	9.52	10.22	9.87	11.19	8.94	3	3	2.99	1.77	1.44	1.44	1.25	0.48	0.47	0.47	0.43	0.39	0.39	0.39	0.39	0.39	0.39	0.39	0.39	0.39	0.39	0.39	0.39	0.39	0.39	0.39	0.4	0.4	0.4	0.4	0.39	0.4	0.4	0.43	0.45	0.46	0.47	0.48	1	1	1.25	1.25	8.75	3.62	9.87	9.87	6.15	8.75	9.15	8.75	1.25	1.25	1.25	1.25	1.74	1.74	1.74	1.74	8.75	8.75	11.25	11.25
2025-05-08	0.51	0.51	0.51	0.51	0.51	0.51	0.51	0.51	0.51	0.51	0.51	0.51	0.46	0.46	0.46	0.46	0.51	0.51	0.51	0.51	0.51	0.51	0.51	0.51	0.51	0.51	0.51	0.51	0.51	0.51	0.51	0.51	0.51	0.51	0.51	0.51	1.25	1.25	1.25	1.25	1.25	1.25	1.25	3	0.45	0.48	0.47	0.46	0.43	0.43	0.43	0.43	0.43	0.4	0.4	0.4	0.5	0.43	0.43	0.43	0.43	0.43	0.43	0.51	1.8	1.25	1.86	2.33	3	3	3	3	3	3	3	3	11.25	11.25	15	12.5	0.51	0.51	0.51	0.51	0.51	0.51	0.51	0.51	0.51	0.51	0.51	0.51	0.51	0.51	0.51	0.51
2025-05-09	12.5	12.5	14.85	15.75	16.46	16.46	16.46	16.46	16.25	16.25	17	17	17.86	17.86	17.86	17.86	18.37	18.37	18.37	18.37	15	15	15	15	12.68	12.5	14.81	12.5	12.5	12.04	11.89	12.5	12.5	11.25	3.93	3.76	1.61	1.36	1.25	1.25	1.05	1.02	0.96	0.85	0.46	0.43	0.43	0.43	0.42	0.42	0.43	0.43	0.42	0.42	0.43	0.43	0.41	0.4	0.4	0.4	0.4	0.4	0.4	0.43	0.4	0.4	0.42	0.42	0.58	0.5	0.43	0.46	1.11	1.24	1.25	1.36	1.5	1.5	2.5	2.72	9.82	11.25	12.34	11.25	7.47	3.09	3.09	3.09	8.16	8.16	8.16	8.16	9.56	9.56	11.25	11.25
2025-05-10	12.5	12.5	12.04	12.5	15	15	15	15.11	15.22	15.22	15.22	15.22	14.99	14.99	14.99	14.99	15.82	15.82	15.82	15.82	15.26	15.26	15.26	15.26	14.95	14.95	14.95	14.95	16.05	15.77	17	16.05	19.98	18	12.5	4.75	3	2.5	1.98	1.98	3	2.94	2.5	2.5	1.96	1.96	1.79	1.79	1.36	1.25	1.25	1.41	1.43	1.43	1.43	1.43	1.43	1.43	1.79	1.79	1.79	1.79	1.79	1.79	1.79	1.79	1.79	1.79	2.15	2.15	2.15	2.5	2.67	3	3	3	2.5	3	3	3.75	8.75	11.25	11.36	14.75	9.04	6.5	7.6	4.75	5.59	5.96	8.87	11.08	8.75	11.25	12.5	13.66
2025-05-11	12.5	12.5	12.5	12.5	14.42	14.42	14.58	14.58	15	15	15	15	15.22	15.22	15.22	15.22	15.53	15.53	15.53	15.53	15.38	15.38	15.38	15.38	15	15	15	15	19.56	18.73	20.38	18.25	21.96	15	3.67	3.64	1.75	1.25	0.4	0.4	1.25	1.25	0.4	0.4	0.39	0.39	0.39	0.39	0.39	0.39	0.39	0.39	0.39	0.39	0.39	0.39	0.39	0.39	0.39	0.39	0.4	0.4	0.4	0.4	0.42	0.42	0.42	0.42	0.39	0.39	0.39	0.39	0.4	0.4	0.77	1.76	2.39	3	3.75	11.25	6	11.25	13.06	15	5.63	3.75	3.75	3.75	2.71	3.71	4.75	4.75	4.31	4.75	6.38	6.32
2025-05-12	9.4	9.4	11.25	11.25	11.25	11.25	11.91	11.25	11.25	11.25	11.25	11.25	11.76	11.76	11.76	11.76	12.24	12.24	12.24	12.24	11.25	11.25	11.25	11.25	7.01	7.01	9.25	9.25	6.25	6	6.2	4.43	6.25	3.45	3.09	3.03	1.25	1.2	0.69	0.58	0.39	0.39	0.39	0.39	0.39	0.39	0.39	0.39	0.25	0.39	0.39	0.39	0.39	0.39	0.39	0.39	0.39	0.39	0.39	0.39	0.39	0.39	0.39	0.39	0.39	0.39	0.39	0.39	0.39	0.39	0.39	0.4	0.4	1.2	1.68	2.39	2.43	3	3	6.5	4.56	4.65	6.18	5.82	1.25	1.25	1.25	1.25	1.25	1.25	1.25	1.25	1.63	1.63	2.07	2.07
2025-05-13	5.87	5.87	6.71	6.75	11.37	11.37	11.37	11.37	13.16	13.16	13.44	13.44	14.14	14.14	14.14	14.14	14.14	14.14	14.14	14.14	12.95	12.95	12.95	12.95	5.12	5.12	5.77	5.77	2.09	2.07	2.25	2.09	5.56	4.75	3	3	3.28	2.94	2.51	2.51	1.23	1.21	1.18	1.18	0.68	0.68	0.68	0.4	0.39	0.39	0.39	0.39	0.4	0.4	0.4	0.6	0.4	0.4	0.4	0.49	0.4	0.39	0.39	0.39	0.68	0.68	0.99	1.02	1.18	1.19	1.22	1.25	1.25	1.26	1.43	2.51	3	3	3.66	3.83	2.37	2.02	2.37	2	1.62	1.62	1.62	1.62	1.62	1.62	1.62	1.62	3.98	3.98	4.63	4.63
2025-05-14	4.49	4.49	6.91	6.99	11.81	11.81	11.81	11.81	13.22	13.22	13.22	13.22	14.54	14.54	14.54	14.54	14.9	14.9	14.9	14.9	13.88	13.88	13.88	13.7	12.07	12.07	12.79	12.62	2.86	2.86	3.72	3.75	8.75	8.74	5.62	5.34	4.1	3	3	3.21	0.99	0.73	0.56	0.56	0.4	0.4	0.4	0.4	0.39	0.39	0.39	0.39	1.25	1.25	1.28	1.28	1.25	1.25	1.31	1.43	1.54	1.54	1.54	1.54	0.39	0.39	0.39	0.4	0.4	0.4	0.4	0.4	1.25	1.25	2.5	3	4.75	8.75	13.18	18	11.25	12.9	13.22	13.22	6.5	5.49	4.78	4.78	5.19	5.19	5.19	5.19	5.65	5.72	11.25	11.25
2025-05-15	4.75	4.75	11.25	11.25	8.75	8.75	8.75	8.75	11.25	11.25	11.25	11.25	11.25	11.25	11.25	11.25	11.25	11.25	11.25	11.25	11.25	11.25	11.25	11.25	17.34	17.34	22	20.43	15.72	15.34	15.93	15.34	16.32	15	8.75	4.83	2.01	1.98	1.97	1.79	1.25	1.25	1.01	0.99	0.45	0.45	0.45	0.45	0.4	0.45	0.45	0.45	0.4	0.45	0.45	0.45	0.45	0.45	0.45	0.45	0.45	0.4	0.4	0.45	0.45	0.45	0.45	0.45	0.73	0.76	1.04	0.76	1.25	1.43	1.43	1.75	1.74	1.43	1.61	1.6	1.85	1.79	2.02	1.81	1.83	1.79	1.77	1.75	1.73	1.72	1.71	1.7	1.79	1.79	1.63	1.6
2025-05-16	1.25	1.25	1.35	1.35	1.36	1.35	1.35	1.37	1.52	1.52	1.48	1.52	1.25	1.25	1.25	1.25	1.25	1.25	1.25	1.25	1.52	1.46	1.4	1.33	1.25	1.25	1.49	1.49	1.51	2.42	1.52	1.51	1.32	1.26	1.25	1.25	1.34	1.25	1.25	1.25	1.25	1.25	1.25	1.25	0.4	0.4	0.4	0.4	0.4	0.4	0.4	0.4	0.4	0.4	0.4	0.4	0.4	0.4	0.4	0.4	0.4	0.4	0.4	0.4	0.4	0.4	0.4	0.4	0.4	0.4	0.4	0.4	1.25	1.25	1.25	1.25	1.26	1.26	1.51	1.51	1.62	1.65	1.71	1.7	3	1.82	1.83	1.83	1.86	1.85	1.82	1.81	1.86	1.83	2.87	2.87
2025-05-17	1.7	1.7	1.89	2.16	1.5	1.8	2.08	2.5	1.5	1.79	2.35	3.01	3	3	3.36	3.4	4.75	4.75	5.01	6.21	8.75	11.25	11.25	11.25	11.25	11.25	16.25	16.25	13.74	11.25	13.74	8.75	5	2.42	1.62	1.25	1.25	1.25	0.4	0.4	1.25	0.81	0.81	0.81	0.39	0.39	0.39	0.39	0.39	0.39	0.39	0.39	0.39	0.39	0.39	0.39	0.39	0.39	0.39	0.39	0.4	0.4	0.4	0.73	0.4	0.4	0.73	0.81	1.25	1.25	1.25	1.59	1.61	1.79	2.57	3	2.02	2.1	3	3	4.75	11.25	16.56	16.91	7.78	4.39	4.39	4.39	4.75	4.75	4.75	4.75	4.75	4.75	6.72	6.72
2025-05-18	8.75	8.75	8.75	8.75	11.25	11.25	11.25	11.25	11.25	11.25	11.25	11.25	11.25	15.75	15.75	15.75	11.25	11.25	11.25	11.25	8.75	8.75	8.75	8.75	8.75	8.75	8.75	8.75	11.25	11.25	11.25	8.75	3	1.75	1.25	1.25	2.16	1.79	1.83	2.16	2.87	2.33	2.14	2.29	1.76	1.25	1.25	1.54	0.88	0.88	0.88	0.88	0.88	0.88	0.88	0.88	1.76	1.76	1.76	1.79	1.79	1.79	2.33	2.31	1.55	1.6	1.76	1.76	1.97	1.79	2.33	3	3	3	3	3	3	4.75	4.75	8.75	11.25	3.95	5	8.75	2.87	1.92	2.18	2.18	2.33	2.33	2.77	2.87	2.58	2.33	2.87	3.45
2025-05-19	3.3	4.75	10.22	11.25	8.75	8.75	8.75	8.75	4.75	4.75	4.75	4.75	5.03	7.94	7.9	7.86	8.75	8.75	8.75	8.75	8.75	8.75	8.75	8.75	11.25	11.25	13.01	13.01	8.75	8.75	9	8.75	15	11.25	8.75	4.75	2.08	1.38	1.38	1.5	0.54	0.54	0.5	0.5	0.56	0.5	0.39	0.39	1.25	0.89	1.25	1.25	1.86	1.88	1.9	1.91	1.92	1.8	1.92	2.43	1.79	1.72	1.79	1.79	1.79	1.79	1.69	1.87	1.62	1.62	1.9	2.09	1.25	1.38	1.78	1.96	2.12	2.65	3	3	3.03	4.3	5.61	8.75	3	2.66	2.66	2.91	2.91	2.91	2.91	2.91	3.78	3.9	4.75	5.95
2025-05-20	2.09	2.12	2.65	2.68	2.58	2.2	2.12	2.28	2.12	2.14	2.23	2.23	2.65	2.66	2.67	2.6	2.78	2.78	2.79	2.79	3	2.89	2.82	3	2.25	2.25	2.55	2.85	2.26	2.26	2.37	2.37	3	1.25	1.25	1.25	0.45	0.4	0.39	0.39	0.39	0.39	0.39	0.39	0.39	0.39	0.39	0.39	0.4	0.4	0.4	0.4	0.4	0.4	0.4	0.4	0.4	0.4	0.4	0.4	0.4	0.4	0.4	0.4	0.4	0.4	0.4	0.4	0.39	0.39	0.41	0.76	0.39	0.39	0.39	0.39	0.76	0.89	1.74	1.92	1.25	1.25	1.84	1.97	1.25	1.25	1.25	1.25	1.25	1.25	1.25	1.25	1.25	1.25	1.52	1.52
2025-05-21	3.32	3.31	3.65	3.65	3.33	3.33	3.33	3.3	3.16	3.16	3.16	3.08	3.26	3.32	3.3	3.5	3.48	3.6	3.58	3.62	3.59	3.78	3.9	5	4.82	4.92	7.47	7.55	4.68	4.68	5.88	5.88	3	2.87	1.25	1.25	3	2.81	2.73	2.73	0.49	0.5	0.45	0.45	1.25	1.25	1.25	1.25	1.25	1.25	1.25	1.25	1.25	1.25	1.25	1.25	1.25	1.25	1.25	1.25	1.25	1.25	1.25	1.25	1.25	1.25	1.25	1.25	1.52	1.52	1.79	2.33	1.14	1.25	1.25	1.25	3	3	5	7.19	4.99	5	5	5.58	1.98	1.25	1.25	1.25	1.25	1.25	1.25	1.25	2.87	2.87	2.87	2.87
2025-05-22	1.25	1.3	1.82	1.82	1.25	1.25	1.25	1.25	2.05	2.06	2.18	2.05	2.02	2.02	2.02	2.15	2.15	2.15	2.15	2.15	1.94	1.94	1.94	1.94	1.96	1.96	2.27	2.38	3	3	2.94	2.77	1.32	1.25	1.25	1.23	1.19	1.17	0.73	0.4	0.4	0.4	0.4	0.4	0.39	0.39	0.39	0.39	0.39	0.39	0.39	0.39	0.39	0.39	0.39	0.39	0.39	0.39	0.39	0.39	0.39	0.39	0.39	0.39	0.39	0.39	0.39	0.39	0.4	0.4	0.78	0.78	1.17	1.25	1.25	1.56	1.25	1.25	1.56	1.26	2.02	1.91	1.89	1.89	1.96	1.42	1.26	1.73	1.25	1.25	1.25	1.25	1.25	1.25	1.25	1.25
2025-05-23	1.25	1.25	1.63	1.38	1.25	1.25	1.25	1.25	1.25	1.25	1.25	1.25	1.25	1.25	1.25	1.25	1.25	1.25	1.25	1.25	1.25	1.25	1.25	1.25	1.25	1.25	1.25	1.25	2.6	2.55	2.52	2.5	1.52	1.25	1.25	1.25	1.25	1.24	1.19	1.2	1.14	1.02	0.76	0.76	0.4	0.4	0.4	0.4	0.39	0.39	0.39	0.39	0.39	0.39	0.39	0.39	0.39	0.39	0.39	0.39	0.39	0.39	0.39	0.39	0.76	0.76	0.76	0.76	0.4	0.4	0.4	0.4	1.01	1.14	1.23	1.25	1.25	1.25	1.25	1.25	1.25	1.26	1.26	1.47	2	1.25	1.25	1.25	1.25	1.25	1.25	1.25	1.25	1.25	1.44	1.44
2025-05-24	2	2.02	2.02	1.97	1.97	2.02	2.02	2.15	2.33	2.33	2.42	2.41	2.5	2.5	2.5	2.5	2.5	2.5	2.5	2.5	2.88	2.92	2.87	2.88	3.07	3.01	3	3	3.62	3.53	3.5	3.3	2.88	2.18	2.05	1.25	1.25	1.25	0.4	0.4	0.39	0.39	0.39	0.39	0.39	0.39	0.39	0.39	1.43	1.43	1.43	1.43	1.43	1.43	1.43	1.43	1.28	1.28	1.43	1.43	1.43	1.43	1.43	1.43	1.97	1.97	1.99	1.99	1.28	1.28	1.28	1.28	1.25	0.4	0.4	0.49	1.61	1.75	2.12	2.88	3.37	3.4	7.93	16.82	1.82	1.25	1.25	1.25	1.25	1.25	1.51	1.51	1.25	1.25	1.93	1.93
2025-05-25	4.72	4.8	4.41	4.41	5.49	9.2	9.2	9.2	10.34	10.34	10.34	11.03	11.84	11.84	11.84	11.84	12.39	12.39	12.39	19.3	20.23	20.23	20.23	20.23	11.87	11.87	11.87	11.87	25.32	27.42	23.62	10	24.54	2.88	1.76	1.75	1.61	1	1	1	0.39	0.39	0.39	0.39	0.39	0.39	0.39	0.39	2.5	2.33	2.33	2.33	5.43	5.38	6.48	6.5	7.1	7.07	7.35	7.32	5.55	6.62	7.07	6.32	2.88	2.88	2.88	2.88	1.71	1.79	1.75	1.79	1	1	1	1.25	1	1	1.61	1.75	2.06	2.88	3	3.6	1.48	1	1	1	1	1	1	1	1	1	1.43	1.43
2025-05-26	2.18	2.19	2.5	2.5	2.5	2.5	2.5	2.5	2.5	2.5	2.5	2.5	2.5	2.73	2.73	3	3.03	3.03	3.3	3.3	3.43	3.43	3.43	3.43	2.2	2.33	2.8	2.82	3.9	4.1	3.95	3.98	1.97	1.72	1.25	1	0.5	0.39	0.39	0.39	0.39	0.39	0.37	0.3	0.26	0.27	0.26	0.25	0.25	0.25	0.25	0.25	0.25	0.25	0.25	0.25	0.25	0.25	0.25	0.25	0.25	0.25	0.25	0.25	0.39	0.39	0.39	0.39	0.39	0.39	0.39	0.39	0.39	0.49	0.5	0.61	1.77	2.15	2.28	3	3	3.62	5.05	7.02	1	1	1	1	1	1	1	1	1	1	1.23	1.23
2025-05-27	3.04	3.11	3.27	3.22	2.88	2.88	2.88	2.9	2.52	2.51	2.47	2.48	2.76	2.66	2.66	2.65	3.38	3.38	3.25	3.25	3.9	3.79	3.91	4.75	4.69	4.74	6.85	7.05	5.6	5.73	5.51	5.15	2.98	2.98	2.98	2.98	1.49	1.31	2.28	1.22	0.39	0.39	0.38	0.33	0.38	0.39	0.38	0.36	0.36	0.36	0.36	0.36	0.36	0.36	0.36	0.36	0.36	0.36	0.36	0.36	0.36	0.36	0.36	0.36	0.38	0.38	0.38	0.38	0.39	0.39	0.39	0.39	0.45	0.46	0.45	0.73	2.98	2.98	3.71	4.77	3.21	1.24	1.6	1.24	1.35	1.24	1.24	1.24	1.24	1.24	1.24	1.24	1.24	1.24	1.25	1.25
2025-05-28	5.77	5.77	8.75	8.75	10.75	10.75	10.75	10.75	14.64	14.64	14.64	13.2	10.84	10.84	14.8	10.84	15.95	15.95	15.95	15.95	8.75	8.75	8.75	8.75	8.25	8.75	14.89	14.89	10.83	10.93	9.93	8.75	3.5	3.45	2.8	2.5	1.52	1.24	1.23	1.16	0.39	0.39	0.39	0.39	0.39	0.39	0.38	0.38	0.38	0.38	0.38	0.38	0.38	0.38	0.38	0.38	0.39	0.39	0.39	0.39	0.39	0.39	0.39	0.39	0.39	0.39	0.39	0.39	0.39	0.39	0.39	0.39	0.39	0.4	0.46	0.46	2.5	2.5	2.99	2.99	4.6	6.32	6.93	6.25	2.12	1.65	1.65	1.76	1.77	1.77	1.77	1.77	3.01	3.12	3.23	3.23
2025-05-29	3.38	3.31	4.22	4.22	3.88	3.9	3.9	3.9	4.38	4.38	4.77	4.8	8.25	8.25	9.5	9.6	9.94	9.94	11.24	11.24	13.44	13.44	13.44	13.44	10.76	11.03	15.08	14.33	22.5	22.5	21	13.79	10.75	3.88	3.82	3.8	2.78	2.23	1.79	1.69	1.14	0.92	0.52	0.5	0.3	0.3	0.25	0.25	0.18	0.18	0.18	0.16	0.13	0.13	0.13	0.14	0.14	0.14	0.13	0.13	0.22	0.23	0.22	0.2	0.2	0.2	0.23	0.29	0.38	0.39	0.39	0.39	1.91	2.22	2.99	2.99	3.11	3.27	5.1	5.1	8.3	7.16	7.99	7.16	1.9	1.62	1.62	1.88	1.88	1.88	1.88	1.88	4.58	4.58	4.7	4.7
2025-05-30	5.25	5.25	5.75	5.75	5.44	6.13	6.13	6.13	7.48	7.48	5.98	7.48	8.06	8.06	8.06	8.06	9.5	9.5	9.5	8.87	7.98	7.98	7.98	7.98	7.11	7.11	10.86	10.82	7.28	6.9	6.45	6.15	5.3	5.08	4	3.43	3.56	3.55	2.99	2.99	1.51	1.24	0.49	0.49	0.47	0.4	0.4	0.39	0.99	0.99	0.53	0.53	0.89	0.53	0.99	0.99	0.99	0.99	0.99	0.99	0.99	0.99	0.99	1.24	1.51	1.51	1.51	1.51	1.51	2.45	2.48	2.48	4.53	4.53	8.25	8.09	5.52	5.64	8.86	14.36	3.3	2.91	3.31	3.32	1.4	1.24	1.24	1.24	1.24	1.24	1.24	1.24	3.57	3.56	3.27	3.27
2025-05-31	3.19	3.19	3.19	3.19	2.98	2.98	2.98	2.98	5.66	5.66	5.66	5.66	8.75	8.75	8.75	8.75	7.89	7.89	7.89	7.89	8.75	8.75	8.75	8.75	8.75	8.75	8.75	8.75	25.42	25.42	23.24	14.53	18.17	9.05	3.92	3.82	1.24	1.11	0.77	0.73	0.39	0.39	0.73	0.69	0.39	0.39	0.39	0.4	0.73	0.7	0.7	0.7	0.75	1.11	1.11	1.11	1.11	1.11	1.11	1.11	0.73	0.73	0.73	0.73	0.48	0.48	0.47	0.65	0.39	0.39	0.39	0.39	0.73	1.01	1.11	1.2	3.17	3.66	3.72	3.96	12.5	12.72	13.3	20.7	7.59	6.43	6.43	6.47	3.94	3.94	5	5	5.81	5.81	7.05	7.05
2025-06-01	4.63	4.63	4.63	4.63	8.39	8.39	8.39	8.39	13.09	13.09	13.09	13.09	13.11	13.11	13.11	13.11	19.4	19.4	19.4	19.4	20.87	21.73	21.73	21.73	22.1	22.1	22.1	22.1	216.91	216.91	216.91	75	42.81	31.27	30.46	12.5	2.99	1.59	1.24	1.21	0.89	0.46	0.39	0.39	0.39	0.39	0.39	0.39	1.27	1.24	1.24	1.29	1.5	1.5	1.5	1.5	1.5	1.5	1.5	1.5	3.93	3.93	4	5.36	2.19	2.99	2.99	2.99	1.21	1.21	1.56	2.5	1.28	1.77	1.77	2.99	3.42	6.79	17.33	25.42	12.54	13.09	21.53	22.99	4.8	3.73	3.73	3.73	4.16	4.16	4.03	3.93	3.2	3.1	3	3
2025-06-02	3.93	3.93	6.06	5.36	4.12	4.12	4.12	3.98	3.95	3.98	4	4.02	3.93	3.93	3.93	3.93	3.93	3.93	3.93	3.93	3.93	4.16	3.98	4.3	3.6	3.6	5	5	6.79	7.1	6.47	5.48	5.03	4.1	3.62	3.65	8.22	5.39	4.46	4.38	3.1	2.99	2.99	2.99	1.28	1.27	1.26	1.26	1.25	0.98	0.99	1.13	0.89	0.89	0.89	0.89	0.78	0.78	0.78	0.78	0.78	0.78	0.78	0.89	0.89	0.89	0.89	0.89	0.78	1.22	1.24	1.25	2.89	3	2.99	3	4.03	4.24	4.46	4.7	3.04	3.02	3.04	3.04	1.95	1.71	1.71	1.71	1.94	1.94	1.94	1.94	4.21	4.21	5.77	5.77
2025-06-03	3.93	3.93	5	5	7.21	7.21	7.21	7.57	7.57	7.26	7.57	7.57	7.57	7.57	7.57	7.57	7.57	8.25	8.25	8.25	4.69	4.69	4.69	4.69	2.19	2.19	4	4	5.64	7.73	7.57	7.73	4.04	3.99	3.97	4.04	5.13	4.97	5.11	5.08	3.66	3.75	3.54	3.58	1.2	1.22	1.2	1.2	0.98	0.96	0.96	0.95	0.58	0.6	0.58	0.55	0.72	0.76	0.76	0.76	1.04	1.05	1.08	1.08	1.06	1.08	1.11	1.14	1.23	1.25	1.3	1.4	3.1	3.55	4.08	4.53	4.51	4.81	8.25	11.08	6.05	6.71	10.62	10.92	2.67	2.02	2.02	2	2.12	2.12	2.12	2.12	3.12	3.08	3.39	3.12
2025-06-04	4.06	4.06	5.93	5.93	8.27	8.32	8.68	8.68	9.5	9.5	9.5	9.5	9.53	9.98	10	10	10	10	10	10	7.04	7.04	7.04	7.04	4.31	4.31	4.9	4.83	5.63	6.87	5.63	6.87	7.81	7.69	7.33	6.85	5.51	5.33	4.95	4.91	3.36	3.2	3.25	3.2	1.5	1.48	1.58	1.53	1.38	1.24	1.24	1.24	1.24	1.24	1.24	1.24	1.14	1.14	1.14	1.22	0.51	0.51	0.51	0.52	0.49	0.49	0.5	0.51	1.76	1.8	1.6	1.75	2.99	3.93	4.94	4.94	7.76	9.65	13.28	14.45	5.63	5.63	6.87	6.25	3.14	2.02	2.02	1.94	2.06	2.06	2.06	2.06	4.13	4.27	6.87	7.96
2025-06-05	3.14	3.14	6	6	2.91	2.77	2.77	2.77	3.74	3.74	3.74	3.74	4.21	4.21	4.19	4.19	4.14	4.14	4.14	4.14	3	3	3	3.89	3.6	3.6	4.95	4.92	5	5.53	5.53	5.53	8.22	8.21	7.61	7.38	2.99	2.99	2.9	2.86	0.97	0.89	0.89	0.89	0.89	0.76	0.53	0.52	0.94	0.95	0.76	0.76	0.84	0.84	0.84	0.84	0.84	0.83	0.83	0.85	0.9	0.87	0.89	0.89	0.84	0.83	0.83	0.83	0.47	0.5	0.52	0.53	0.5	0.53	0.76	1.14	3.97	3.93	4.6	4.6	3.34	3.75	3.75	3.14	2.07	1.94	1.94	2.02	2.07	2.07	2.07	2.07	2.05	2.17	2.79	2.79
2025-06-06	1.73	1.73	1.97	2.02	1.65	1.65	1.61	1.61	1.55	1.55	1.55	1.55	1.43	1.43	1.43	1.43	1.75	1.75	1.75	1.65	1.75	1.75	1.75	1.75	1.65	1.65	1.75	1.75	2.02	2.02	2.02	2.15	2.21	2.33	2.21	2.21	4.49	3.24	3.2	2.99	1.43	1.39	1.53	1.29	0.89	0.89	0.42	0.41	0.39	0.39	0.39	0.39	0.39	0.39	0.39	0.39	0.39	0.39	0.39	0.39	0.39	0.39	0.39	0.39	0.39	0.39	0.39	0.39	0.89	0.89	0.93	0.96	1.24	1.25	1.52	1.78	2.99	3.21	4.66	5.26	2.02	1.75	1.75	1.75	2.21	1.97	1.97	1.82	2.07	2.07	2.07	2.07	2.38	2.38	3.13	3.13
2025-06-07	2.28	2.28	2	2	2.37	2.37	2.37	2.37	2.37	2.37	2.37	2.37	2.67	2.67	2.67	2.67	2.67	2.67	2.67	2.67	3.13	3.13	3.13	3.13	2.33	2.33	2.33	2.37	19.66	19.66	16.8	9.38	21.63	19.88	3.98	3.23	1.79	1.35	0.87	0.87	0.84	0.87	0.83	0.43	0.84	0.84	0.84	0.84	0.8	0.79	0.8	0.79	0.8	0.79	0.79	0.8	0.78	0.79	0.79	0.79	0.77	0.76	0.76	0.76	0.77	0.78	0.79	0.8	0.87	0.87	0.87	0.87	0.39	0.39	0.53	0.84	2.15	2.5	2.72	2.99	6.84	14.09	18.96	27.75	2.21	1.87	1.87	1.87	1.75	1.75	2.04	2.04	4.12	4.12	5	5
2025-06-08	2.52	2.52	2.52	2.52	2.9	2.9	2.9	2.9	3.49	3.5	3.5	3.48	6.26	6.5	6.38	6.45	7.27	7.27	7.27	7.44	7.77	7.77	7.77	7.81	6.42	6.43	6.43	6.43	30.98	30.98	30.98	30.98	33.23	24.97	4.5	3.39	1.61	1.26	0.76	0.76	0.77	0.76	0.76	0.74	1.43	1.43	0.81	0.81	0.76	0.76	0.78	1.14	0.76	0.76	0.76	0.82	0.82	0.76	0.76	0.76	0.7	0.71	0.76	0.76	0.71	0.71	0.76	1.09	0.77	0.79	0.79	0.82	0.4	0.4	0.51	0.91	2.99	2.99	4.5	11.46	6.98	7.66	7.95	8.1	1.45	1.24	1.24	1.24	1.24	1.24	1.25	1.25	1.24	1.24	1.25	1.25
2025-06-09	3.98	3.87	5.39	5.39	6.84	6.86	7.23	7.23	7.22	7.34	7.34	7.34	6.77	6.98	6.77	6.77	6.34	6.3	6.09	6.05	5.19	5.19	5.03	5.03	1.97	2	2.33	2.42	2	2	2	2	2.45	2.99	2	1.97	2.81	2.15	2.15	2.15	1.43	1.24	1.14	0.78	0.76	0.75	0.72	0.71	0.59	0.58	0.58	0.58	0.54	0.54	0.58	0.61	0.7	0.7	0.71	0.72	0.73	0.74	0.75	0.76	0.77	1.13	1.14	1.43	1.79	1.79	2.04	2.09	3.9	3.96	5.94	6.55	4.64	4	4.53	4.07	2.15	2.15	2.15	2.09	1.66	1.25	1.25	1.25	1.25	1.25	1.25	1.25	1.42	1.42	2	2
2025-06-10	1.75	1.75	1.97	1.97	1.75	1.75	1.75	1.75	1.75	1.75	1.75	1.75	1.75	1.75	1.75	1.75	1.75	1.75	1.75	1.75	1.75	1.75	1.75	1.75	1.75	1.75	2	2	2.07	2.02	2	2.02	1.65	1.71	1.65	1.75	1.75	1.75	1.97	2	1.61	1.97	1.87	1.79	2.5	2.5	2.15	2.15	2.5	2.5	2.5	2.5	2.99	2.99	2.99	2.99	2.99	2.99	2.99	2.99	2.99	2.99	2.99	2.99	2.99	2.99	2.99	2.99	2.99	2.99	2.99	2.99	2.5	2.4	2.5	2.33	2.5	2.5	2.5	2.5	2.09	2.04	2.11	2.15	2.35	1.97	1.97	2	1.98	1.98	1.98	1.98	1.79	1.76	2	2
2025-06-11	2.33	2.25	2.29	2.87	2.25	2.09	2.25	2.25	2.25	2.25	2.32	2.33	2.25	2.33	2.48	2.33	3.03	3.03	3.03	3.03	3.03	3.03	2.84	2.84	2.25	2.25	2.04	2.16	2.25	2.25	2.25	3.02	3.29	3.23	3.43	3.63	4.59	4.59	4.2	4.2	4.86	5.51	4.79	5.09	6.49	6.49	6.29	6.49	2.15	2.5	2.03	2.03	0.91	0.91	0.91	0.91	0.83	0.83	0.83	0.83	0.54	0.55	0.64	0.69	0.78	0.78	0.84	1.11	1.34	1.25	1.32	1.47	1.24	1.47	1.63	1.79	9.38	9.62	9.62	9.62	4	4	4.2	3.59	2.1	1.64	1.64	1.64	1.75	1.75	1.75	1.75	2	2	2.25	2.25
2025-06-12	1.85	1.85	2.2	2.15	2.15	2.15	2.15	2.15	2.15	2.2	2.2	2.2	2	2.15	2.15	2.15	2	2	2	2	1.75	1.75	1.75	1.75	1.75	1.75	2.02	2	2.03	2.15	2.15	2.5	2.12	2	1.79	1.79	1.79	1.79	1.36	1.23	1.02	0.69	0.68	0.68	0.51	0.48	0.47	0.46	0.68	0.68	0.68	0.68	0.45	0.42	0.42	0.39	0.39	0.39	0.39	0.39	0.68	0.89	1.02	1.02	0.46	0.47	0.48	0.47	0.45	0.47	0.53	0.68	1.24	1.36	1.43	1.43	2.99	2.99	2.99	2.99	2	2	2.5	2.12	1.75	1.37	1.37	1.37	1.37	1.37	1.37	1.37	1.73	1.73	2.3	2.3
2025-06-13	1.24	1.24	1.24	1.24	1.24	1.24	1.24	1.24	1.24	1.24	1.24	1.24	1.24	1.24	1.24	1.24	1.24	1.24	1.24	1.24	1.24	1.24	1.24	1.24	1.24	1.24	1.25	1.25	1.25	1.25	1.46	1.78	1.25	1.25	1.25	1.28	5.11	4.85	4.7	4.21	2.39	2.02	2.02	2.02	1.23	1.03	1.09	1.03	0.84	0.87	0.84	0.83	0.83	0.86	0.85	0.89	1.11	1.11	1.14	1.11	1.11	1.18	1.26	1.27	1.01	1.04	1.11	1.2	1.26	1.27	1.36	1.46	2.9	2.93	2.99	2.99	6.88	6.88	6.61	6.61	1.78	1.29	1.25	1.24	1.25	1.24	1.24	1.24	1.24	1.24	1.24	1.24	1.24	1.24	1.25	1.25
2025-06-14	1.5	1.5	1.5	1.5	1.5	1.5	1.5	1.5	1.5	1.5	1.5	1.5	1.5	1.5	1.5	1.5	1.5	1.5	1.5	1.5	1.5	1.5	1.5	1.5	1.5	1.5	1.5	1.5	1.5	1.95	1.95	2.14	17.74	14.23	11.57	5.89	2.03	1.24	1.02	0.82	0.78	0.66	0.63	0.62	1.02	0.89	0.68	0.65	0.9	0.91	0.9	0.88	0.83	0.88	0.85	0.82	0.77	0.86	0.79	0.85	0.73	0.82	0.86	0.98	0.68	0.68	0.68	1.02	0.63	0.68	0.68	0.73	1.24	1.59	1.93	2.07	4.84	5.03	7.45	7.06	6.62	6.61	6.84	7.15	1.5	1.5	1.5	1.5	1.5	1.5	1.5	1.5	1.5	1.5	1.5	1.5
2025-06-15	4.57	4.57	4.57	4.8	6.79	6.79	6.79	6.79	9.65	11.6	12.59	12.5	14.1	12.5	12.5	12.5	11.08	9.65	9.65	9.65	9.65	8.25	8.25	8.36	8.22	8.22	8.04	8.04	25.97	25.97	22.46	22.4	10.33	3.93	2.99	2.99	1.94	1.24	0.89	0.76	1.25	1.21	1.14	1.14	1.08	1.12	0.81	0.77	0.78	0.88	0.79	0.8	1.24	1.24	1.24	1.24	1.24	1.24	1.24	1.24	0.76	0.76	0.77	0.76	0.81	0.78	0.8	1.08	1.14	1.14	1.16	1.24	0.92	0.92	1.14	1.26	1.92	2.5	2.65	2.66	4.61	4.6	5.03	5.23	4.09	3.93	3.87	3.82	3	3	3.59	3.71	3.42	3.42	3.8	3.8
2025-06-16	3	3	3.85	3	3	2.99	2.99	2.99	3	3	3	3	3	3.4	3.46	3.53	4.15	4.86	4.87	4.88	4.64	5.49	6.29	7.86	6.12	6.59	8.26	8.4	9	9.52	9	7.71	4.3	3.85	3.56	3.69	2.99	2.99	2.99	2.99	1.58	1.32	1.26	1.07	0.73	0.53	0.49	0.48	0.47	0.46	0.46	0.46	0.45	0.45	0.45	0.45	0.45	0.46	0.46	0.52	0.59	0.59	0.76	0.85	1.79	1.9	1.9	2.15	2.99	2.99	2.99	3.06	2.99	3.22	3.06	3.41	1.24	1.24	1.24	1.24	1.24	1.24	1.24	1.24	1.47	1.24	1.24	1.24	1.24	1.24	1.24	1.24	1.24	1.24	1.24	1.24
2025-06-17	1.4	1.4	1.6	1.4	1.25	1.25	1.25	1.25	1.4	1.4	1.4	1.4	1.4	1.4	1.4	1.4	1.25	1.25	1.25	1.25	1.4	1.4	1.4	1.4	1.68	1.68	2	2	2.57	2.99	2.99	2.99	2.57	2.57	2.57	2.99	7.5	7.5	5.79	5.79	5	5.59	5	5	2.99	2.39	2.39	2.29	2.56	2.39	2.39	2.22	2.48	2.48	2.48	2.14	1.94	1.95	2.26	2.23	1.82	1.69	1.75	1.75	1.55	1.89	1.89	2.23	4.32	4.66	4.66	4.9	7.5	7.98	8.01	8.02	2.99	2.99	2.99	2.57	1.75	1.5	1.5	1.4	1.4	1.4	1.4	1.4	1.25	1.25	1.25	1.25	1.35	1.35	1.4	1.4
2025-06-18	1.24	1.24	1.24	1.24	1.24	1.24	1.24	1.24	1.24	1.24	1.24	1.24	1.24	1.24	1.24	1.24	1.24	1.24	1.24	1.24	1.24	1.24	1.24	1.24	1.24	1.24	1.24	1.4	1.75	2	2	2.2	1.76	1.75	1.75	2.39	3.67	3.67	2.99	3.03	3.05	3.05	3.05	3.21	2.99	2.89	2.5	2.55	2.99	1.82	2.99	2.99	2.99	2.99	2.99	2.99	1.83	2.99	2.99	2.99	2.99	2.99	2.99	2.99	2.99	2.99	2.99	2.99	3.32	3.34	3.25	3.44	4	4.31	3.13	3.28	2.99	2.4	2.39	2.39	1.6	1.43	1.43	1.4	1.24	1.24	1.24	1.24	1.24	1.24	1.24	1.24	1.24	1.24	1.4	1.4
2025-06-19	1.25	1.25	1.3	1.3	1.3	1.3	1.3	1.3	1.3	1.3	1.3	1.3	1.24	1.24	1.25	1.25	1.25	1.25	1.25	1.24	1.3	1.3	1.3	1.3	1.3	1.3	1.9	1.92	1.82	2	2	2.25	2	2.25	2.82	2.99	2.33	2.82	2.82	2.99	3.39	3.6	3.4	3.4	3.06	2.99	2.99	2.99	2.99	2.95	2.92	2.92	2.68	2.68	2.65	2.58	2.59	2.77	2.99	2.99	2.99	2.99	2.99	2.99	2.99	2.99	3.21	3.03	4	3.94	3.52	4.08	3.39	3.23	3.19	2.99	2.99	2.82	2.25	2.25	1.9	1.82	1.82	1.52	1.4	1.4	1.4	1.4	1.3	1.3	1.4	1.4	1.3	1.3	1.9	1.9
2025-06-20	1.36	1.36	1.4	1.4	1.4	1.4	1.4	1.4	1.4	1.4	1.4	1.4	1.4	1.4	1.4	1.4	1.4	1.4	1.4	1.4	1.4	1.4	1.4	1.4	1.4	1.4	1.8	1.8	2.2	2.5	2.5	2.67	2.2	2.6	2.51	2.99	5	4.14	3.89	3.88	3.01	2.99	2.98	2.93	2.83	2.79	2.77	2.73	2.54	2.54	2.56	2.52	2.41	2.42	2.4	2.4	2.42	2.41	2.44	2.44	2.39	2.4	2.39	2.44	2.77	2.99	2.99	2.99	2.99	3	2.99	3.03	3.59	4	4	4	3.07	2.99	2.99	2.99	1.8	2	1.86	1.86	1.8	1.4	1.4	1.4	1.55	1.55	1.55	1.55	1.56	1.56	1.93	1.93
2025-06-21	1.36	1.36	1.36	1.36	1.4	1.4	1.4	1.4	1.4	1.4	1.4	1.4	1.4	1.4	1.4	1.4	1.4	1.4	1.4	1.4	1.4	1.4	1.4	1.4	1.4	1.4	1.4	1.4	2.67	2.99	3.22	3.7	10.36	10.02	8.93	8.9	4	2.99	2.99	1.99	0.5	0.5	1.11	0.39	0.39	0.3	0.24	0.23	0.24	0.24	0.23	0.23	0.2	0.2	0.19	0.2	0.19	0.19	0.2	0.24	0.23	0.24	0.25	0.26	0.24	0.26	0.26	0.39	0.43	0.43	0.43	0.56	3.45	3.92	4.95	6.04	9.13	9.2	9.36	9.71	4.71	4.31	4.71	3.39	2.12	1.8	1.8	1.8	1.8	1.8	2.02	2.07	2.2	2.2	2.2	2.2
2025-06-22	1.79	1.79	1.4	1.4	1.4	1.4	1.4	1.4	1.4	1.4	1.4	1.4	2	2	2	2	2.02	2.02	2.02	2.02	2	2	2	2	2	2	2	2.02	10.91	12.5	10.45	9.86	21.78	17.76	17.7	16.24	1.75	1	0.66	0.5	1	1	1	0.99	0.85	0.79	0.56	0.56	0.56	0.5	0.5	0.5	0.5	0.5	0.5	0.5	0.5	0.5	0.5	0.5	0.5	0.5	0.51	0.51	0.53	0.8	0.8	0.79	0.5	0.57	0.79	0.92	1.3	1.52	1.76	1.75	7.11	7.11	7.21	11.62	5.61	4	4	4	2.5	1.7	1.7	1.7	1.8	1.8	2.25	2.25	1.63	1.63	2	2
2025-06-23	1.9	1.9	1.9	1.9	2.04	2.04	2.04	2.04	3.1	3.1	3.1	2.78	2.84	2.85	2.85	2.85	3.33	3.33	3.33	3.33	3.48	3.48	3.48	3.19	2	2	2.5	2.72	3.03	3.9	3.67	4.5	2.99	2.99	2.99	3.03	4.38	4.08	4.2	4.31	3.32	3.17	3.19	3.1	2.99	2.99	2.76	2.79	2.49	2.49	2.51	2.52	2.52	2.51	2.54	2.45	2.01	2.16	2.29	2.18	2.52	2.58	2.88	2.8	2.99	2.99	3.03	2.99	3.67	3.48	3.58	3.71	4.95	5.67	6.16	6.88	3.07	3.12	3.04	2.5	1.85	1.8	1.8	1.8	1.4	1.24	1.24	1.24	1.24	1.24	1.24	1.24	1.4	1.4	1.8	1.8
2025-06-24	1.4	1.4	1.86	1.86	1.36	1.36	1.36	1.36	1.56	1.56	1.56	1.56	1.8	1.8	1.8	1.8	1.8	1.8	1.8	1.8	1.8	1.8	1.8	1.8	1.8	1.8	2.28	2.28	5.59	7.28	6.54	6.5	3.5	5	6.21	6.24	8.67	5.82	5.4	4.82	4.5	4.17	4.34	4.62	3.79	3.85	3.78	3.69	3.25	3.54	3.53	3.5	2.25	2.25	2.25	2.25	1	1	1	1	0.63	0.61	0.63	0.66	0.64	0.66	0.66	0.72	1.41	1.43	1.7	1.7	3.67	4.1	4.36	4.6	6.82	7.3	8.05	8.6	3.3	3.06	3.18	2.7	2.04	1.8	1.8	1.75	1.4	1.4	1.4	1.4	2	2	2.4	2.4
2025-06-25	2	2	2.08	2.08	1.97	1.97	1.75	1.97	1.97	1.97	1.97	1.97	1.6	1.6	1.6	1.6	1.6	1.6	1.6	1.6	1.6	1.6	1.6	1.6	1.6	1.6	2	2	2.11	2.4	2.4	3.27	3.65	3.99	3.67	3.83	4.95	4.15	4.09	4.02	2.39	1.68	1.58	1.56	1.24	1.18	1.12	1.12	0.69	0.69	0.69	0.69	0.58	0.58	0.57	0.57	0.43	0.43	0.44	0.44	0.38	0.38	0.38	0.38	0.44	0.44	0.46	0.46	0.55	0.55	0.58	0.59	2.06	2.06	2.21	2.37	6.85	6.8	6.67	6.67	3.55	3.22	3.15	2.8	2.53	2	2	2	2	2	2	2	2.51	2.64	3.39	3.39
2025-06-26	1.6	1.6	1.6	1.6	1.6	1.6	1.6	1.6	1.6	1.6	1.6	1.6	1.6	1.6	1.6	1.6	1.75	1.75	1.79	1.62	1.6	1.6	1.6	1.6	1.56	1.6	1.6	1.6	2	2.4	2.4	2.42	2.99	2.99	2.99	3.06	2.99	3	2.99	2.88	1.75	1.75	1.5	1.5	2.15	1.99	1.99	1.94	1	1	1	1	1	1	1	1	0.66	0.66	0.66	0.66	0.77	0.77	0.77	0.77	0.77	0.77	0.77	0.77	1.41	1.41	1.75	1.75	1.25	1.41	1.41	1.71	5	4.82	5.48	5.59	2.42	2	2	1.6	1.6	1.6	1.6	1.6	1.6	1.6	1.6	1.6	1.6	1.6	2	2
2025-06-27	1.24	1.24	1.6	1.6	1.24	1.24	1.24	1.24	1.28	1.28	1.28	1.28	1.24	1.24	1.24	1.24	1.38	1.38	1.38	1.38	1.24	1.24	1.24	1.24	1.24	1.24	1.6	1.6	1.6	2	2	2	1.24	1.4	2	2	2.5	2.5	2.59	3	2	2	2	2	2	2	2	2	1.5	1.5	1.5	1.5	0.63	0.63	0.63	0.63	0.63	0.63	0.63	0.63	0.64	0.64	0.65	0.65	0.65	0.66	0.89	1.24	1.5	2	2	2	2.65	2.91	2.6	3	2	2	2	2	2	1.24	1.6	1.24	2	1.8	1.6	1.8	1.6	1.6	1.6	1.6	2	2	2.13	2
2025-06-28	2	1.6	1.6	1.6	1.6	1.6	1.6	1.6	1.6	1.6	1.6	1.6	1.6	1.6	1.6	1.6	1.6	1.6	1.6	1.6	1.6	1.6	1.6	1.6	1.6	1.6	1.6	1.6	7.46	8.22	5.46	5.79	8.13	7.96	7.15	7.75	2	2	1.24	1.16	0.69	0.68	0.43	0.42	0.27	0.25	0.23	0.22	0.24	0.24	0.24	0.24	0.24	0.24	0.24	0.23	0.22	0.23	0.25	0.27	0.22	0.23	0.25	0.26	0.29	0.29	0.32	0.32	0.57	0.58	0.91	1.24	1.78	2	2.22	2.5	7.52	7.06	7.06	7.52	4	2.43	2.4	2	2.4	2.43	2.43	2.4	2	2	2.73	2.75	2.4	2.4	2.81	2.72
2025-06-29	1.6	1.6	2	2	1.6	1.6	2	2	1.6	1.6	1.8	1.6	2.21	2.19	2.18	2.1	1.6	1.9	1.6	1.6	1.6	1.6	1.6	1.6	1.6	1.6	1.6	1.6	2.43	2.8	4	5.79	20	8.7	8.7	7.72	2	2	1.75	1.75	1.09	1.05	1.06	1	0.14	0.15	0.15	0.16	0.23	0.23	0.23	0.23	0.33	0.32	0.35	0.35	0.39	0.39	0.39	0.4	0.39	0.39	0.4	0.42	0.69	0.81	0.98	0.7	2	2	2	2.03	2.48	2.91	3.6	4.54	6.54	6.02	7.47	8.22	2.6	2.12	2	2	2	1.6	1.6	1.6	1.5	1.5	1.6	1.6	1.6	1.6	2	2
2025-06-30	1.6	1.6	2	2	1.6	1.6	1.6	1.6	1.6	1.6	1.6	1.6	1.6	1.6	1.6	1.6	1.6	1.6	1.6	1.6	1.6	1.6	1.6	1.6	1.6	1.6	1.94	1.94	2	2	2	2.4	2	2	2	2.49	4.83	4.09	2.8	3.71	2.6	2.65	2.5	2.5	2	2	2	2	2	2	2	2	2	2	2	2	2	2	2	2	2	2	2	2	2	2	2	2	1.98	2	2	2	2	2	2	2	2.6	2.6	2.6	2.6	2	2	2	2	1.6	1.6	1.6	1.6	1.6	1.6	1.6	1.6	1.6	1.6	1.6	1.6
2025-07-01	1.57	1.57	1.7	1.69	1.57	1.57	1.57	1.57	1.57	1.57	1.57	1.57	1.57	1.57	1.57	1.57	1.57	1.57	1.57	1.57	1.57	1.57	1.57	1.57	1.57	1.57	2	2	2.79	4	2.79	4	5.69	5.66	4.83	4.83	3.15	3.15	3.15	3.15	2	2	2	2	2	2	2	2	2	2	2	2	2	2	2	2	2	2	2	2	2	2	2	2	2.25	2.45	2.45	2.5	2.5	2.6	2.79	2.6	2	2	2	2	2	2	2	2	2.85	2.79	2.79	2.27	2.1	1.95	1.95	1.7	1.75	1.75	1.75	1.75	1.81	1.94	2.79	2.79
2025-07-02	1.6	1.6	1.6	1.6	1.6	1.6	1.6	1.6	1.6	1.6	1.6	1.6	1.6	1.6	1.6	1.6	1.6	1.6	1.6	1.6	1.6	1.6	1.6	1.6	1.6	1.6	2	2	2.4	2.8	2.5	2.8	5.44	5.4	3.14	3.14	4.66	3.83	3.62	3.44	2.38	2.25	2.25	2.25	2	2	2	2	2	2	2	2	2	2	2	2	1.85	1.85	1.85	1.85	1.99	1.99	1.99	1.99	2.56	2.56	2.66	2.64	2.82	2.83	2.83	2.83	3.09	3.49	3.56	4.11	5.53	5.53	5.53	5.35	3.93	2.88	2.91	3.12	3.14	2.4	2.4	2.4	2.5	2.5	2.5	2.5	2.4	2.5	3.34	2.97
2025-07-03	2	2	2	2.02	2.02	2.02	2	2	2.02	2	2	1.9	2	2.02	2.1	2.15	2.4	2.5	2.5	2.57	2.4	2.5	2.51	2.8	2	2.08	2.66	2.93	2.5	2.85	3.14	3.66	2.8	3.1	3.1	4.4	3.08	2.55	2.5	2.36	2	2	2	2	1.99	1.99	1.94	1.85	1.58	1.58	1.58	1.58	1.44	1.45	1.45	1.45	1.5	1.5	1.5	1.5	1.85	1.85	1.85	1.94	2.27	2.29	2.29	2.31	2.87	2.95	2.94	3.17	3.42	4.4	5.3	6.03	3	3.2	3.14	3	2.76	2.5	2.4	2.36	2	1.6	1.6	1.6	1.7	1.7	1.7	1.82	2	2	2.5	2.4
2025-07-04	1.6	1.6	1.6	1.6	1.61	1.61	1.61	1.61	1.6	1.61	1.61	1.61	1.79	1.97	1.97	1.97	1.75	1.75	1.75	1.75	1.61	1.61	1.61	1.61	1.6	1.6	1.75	1.75	2	2.21	2	2.21	2	2.21	2	2	2.33	2.4	2.33	2.37	2	2	2	2	1.99	1.99	1.99	1.99	1.99	1.99	1.99	1.99	1.99	1.99	1.99	1.99	1.99	1.99	1.99	1.99	2.45	2.5	2.5	2.5	2.5	2.57	2.55	2.6	2.73	2.73	2.71	2.69	3.08	3.49	3.49	3.5	2.21	2.21	2.21	2.18	2	2	2	1.75	1.75	1.6	1.6	1.6	1.6	1.6	1.6	1.6	1.6	1.6	1.61	1.61
2025-07-05	1.6	1.6	1.8	1.97	2	2	2	2	1.97	1.97	1.97	1.97	1.6	1.6	1.97	1.97	1.97	1.97	1.97	1.97	2	2	2	2	1.87	1.86	2	2	2.4	2.64	2.64	2.64	4	4	5	4.89	2.01	1.82	1.79	1.61	0.57	0.57	0.57	0.57	0.39	0.39	0.39	0.39	0.39	0.39	0.39	0.39	0.39	0.39	0.39	0.39	0.39	0.39	0.39	0.39	0.39	0.39	0.39	0.39	0.39	0.39	0.39	0.39	1.2	1.39	1.43	1.51	1.78	2	2	2	7.09	5.64	4.61	3.81	3.42	2.4	2.4	2.25	2.64	2	2	1.97	1.97	1.97	1.97	1.97	1.84	1.83	2.33	2.4
2025-07-06	2.16	2.15	2.25	2.25	2.33	2.4	2.4	2.4	2.4	2.41	2.41	2.41	1.95	1.91	1.97	2	2.16	2.33	2.33	2.33	2.33	2.4	2.4	2.5	2.4	2.4	2.4	2.4	5.29	5.29	7.6	8.4	18.4	15.52	6.92	5.86	1.24	0.74	0.61	0.42	0.39	0.36	0.33	0.29	0.25	0.24	0.23	0.22	0.22	0.23	0.23	0.22	0.33	0.33	0.33	0.34	0.29	0.29	0.29	0.3	0.18	0.21	0.21	0.21	0.25	0.24	0.25	0.26	0.29	0.36	0.36	0.39	0.43	0.5	0.53	0.66	2	2.15	2.33	2.33	3.34	3.16	2.46	2.33	2.5	2.25	2.4	2.25	2	2	2.33	2.25	2	2	2.4	2.64
2025-07-07	1.61	1.61	2	2	2	2	2.15	2.16	2.25	2.25	2.4	2.5	2.33	2.4	2.67	2.8	3.19	3.18	3.17	3.16	2.45	2.51	2.61	2.8	2.02	2.02	2.35	2.35	2.25	2.63	3.03	2.8	4.8	4.62	4.59	4.8	2.82	2.31	2.09	2	1.47	1.42	1.41	1.32	0.79	0.78	0.76	0.76	0.68	0.68	0.68	0.68	0.39	0.39	0.39	0.39	0.38	0.39	0.39	0.39	0.36	0.36	0.36	0.36	0.33	0.35	0.36	0.36	0.39	0.42	0.43	0.43	0.36	0.47	0.5	0.59	2.02	2.15	2.15	2.15	4.01	5	2.88	3.07	2.21	2.02	1.97	1.97	2	2	2	2.03	1.99	2.25	2.25	2.25
2025-07-08	2.11	2.11	2.15	2.15	2.5	2.5	2.5	2.5	2.48	2.5	2.5	2.5	2.5	2.16	2.5	2.5	2.33	2.33	2.5	2.5	2.5	2.5	2.5	2.5	3.25	3.3	4.4	4.4	7.55	7.42	7.42	7.39	6.5	6.44	6.23	4.25	2	1.43	1.24	1.24	0.59	0.51	0.45	0.43	0.38	0.33	0.3	0.3	0.31	0.28	0.28	0.28	0.34	0.34	0.37	0.36	0.35	0.36	0.39	0.39	0.37	0.39	0.39	0.39	0.46	0.47	0.47	0.48	0.78	0.82	0.84	0.9	1.71	1.94	2	2	5.4	5.3	4.6	4.47	2.5	2	1.79	1.97	1.79	1.72	1.65	1.61	1.61	1.61	1.61	1.61	1.74	1.72	1.75	1.79
2025-07-09	2.25	2.25	2.25	2.25	2.15	2.15	2.15	2.25	2.33	2.29	2.25	2.33	2.33	2.33	2.33	2.33	2.25	2.25	2.33	2.33	2.25	2.25	2.33	2.33	1.79	1.79	2	2	2.25	2.4	2.44	2.63	4.2	4.2	3.42	3.42	3.52	3.42	3.53	3.39	2.21	2.15	2.08	2.02	1.63	1.59	1.55	1.51	1.39	1.37	1.36	1.33	1.35	1.39	1.39	1.39	1.38	1.38	1.4	1.41	1.43	1.45	1.45	1.43	1.85	1.87	1.91	1.91	2.38	2.43	2.5	2.57	2.64	2.99	3.11	3.25	3.42	3.53	3.42	3.42	2.25	2	2	1.97	2	1.6	1.6	1.6	1.67	1.66	1.65	1.65	2	2	2	2
2025-07-10	1.79	1.4	1.8	1.8	1.75	1.75	1.75	1.75	1.75	1.75	1.75	1.75	1.75	1.75	1.4	1.75	1.75	1.75	1.75	1.75	1.75	1.75	1.75	1.75	1.75	1.75	1.8	1.8	1.75	1.8	1.8	2	1.4	1.4	1.4	1.4	1.8	1.8	2	2	2.21	2.15	2.09	2	2.63	2.6	2.36	2.33	2.42	2.25	2.15	2.15	2	2	2	2	2	2	2	2	2.15	2.2	2.21	2.23	2.37	2.5	2.58	2.59	2.49	2.5	2.6	2.6	3.02	3.41	3.35	3.41	2.5	2.21	2.5	2.5	1.64	1.59	1.59	1.5	1.75	1.5	1.5	1.5	1.5	1.5	1.5	1.5	1.5	1.5	1.61	1.75
2025-07-11	1.4	1.4	1.75	1.75	1.5	1.5	1.5	1.5	1.5	1.5	1.5	1.5	1.68	1.68	1.68	1.68	1.61	1.61	1.61	1.61	1.5	1.5	1.5	1.5	1.5	1.5	1.75	1.75	1.8	2.2	2.19	2.21	1.6	2	2	2	2.62	2.81	3.5	3.5	2.19	2.14	2.13	2.12	2.47	2.46	2.46	2.54	2.79	2.78	2.79	2.78	2.62	2.63	2.62	2.6	2	2	2	2	2	2	2	2	2	2	2	2	2.22	2.24	2.27	2.28	2.36	2.69	2.73	2.8	4.64	4.51	4.31	4.79	2.63	1.75	1.6	1.6	1.6	1.6	1.6	1.6	1.6	1.6	1.6	1.6	1.6	1.6	1.6	1.6
2025-07-12	1.6	1.6	2	2	1.75	1.75	1.75	1.75	1.75	1.75	1.75	1.75	2	2	2	2	2	2	2	2	2.39	2.39	2.39	2.39	2.4	2.4	3.04	3.04	4.31	4.95	4.31	4.95	9.1	8.3	8.94	8.76	5.42	3.76	3.57	2.71	2	1.97	1.85	1.75	1.16	1.01	1.01	1.01	0.81	0.81	0.81	0.81	0.49	0.46	0.45	0.45	0.39	0.39	0.39	0.42	0.24	0.24	0.25	0.26	0.66	0.66	0.65	0.86	1.93	2	2	2	2.47	2.81	3.15	3.18	6.55	6.6	6.47	6.71	5.34	2.75	3.67	3.67	2.2	2	2	2	1.75	1.75	1.75	1.75	2	2.2	2.39	2.4
2025-07-13	2	1.6	2	2	1.6	1.6	1.6	1.6	2	2	1.6	1.6	2	2	2	2	2.59	2.59	2.59	2.59	2.8	2.8	2.8	2.8	5.25	5.25	6.75	6.75	54.66	54.66	54.66	48	35.36	20.01	11	8.78	2.04	2	2	2	0.43	0.39	0.39	0.39	0.39	0.25	0.2	0.24	0.2	0.2	0.2	0.2	0.2	0.2	0.21	0.23	0.2	0.2	0.2	0.23	0.22	0.21	0.22	0.22	0.24	0.24	0.24	0.25	0.43	0.42	0.48	0.48	1.5	1.52	2	2	5.75	6.34	6.85	6.84	5.33	7.5	7.5	9.68	2.25	2	2	2	2	2	2	2	2	2	2.49	2.33
2025-07-14	1.6	1.6	2	2	2	2	2	2	2.4	2.4	2.4	2.4	2.18	2.18	2.18	2.18	2.25	2.25	2.25	2.25	2	2	2.09	2.08	2.8	2.8	4.5	4.5	3.75	4.5	4.5	4.5	3	3	2.92	3.94	3.75	3.03	2.7	2.65	2.37	2.31	2.27	2.2	1.17	1.14	0.89	0.89	0.66	0.66	0.65	0.65	0.64	0.64	0.63	0.63	0.64	0.63	0.64	0.64	0.65	0.65	0.64	0.64	0.89	0.89	0.9	0.89	1.77	1.81	1.85	1.88	2.1	2.38	2.39	2.46	6.25	6.42	6.5	6.52	3.88	2.61	2.7	2.39	2.4	2.4	2.4	2.4	2.25	2.25	2.25	2.25	2.25	2.25	2.52	2.36
2025-07-15	1.79	1.79	2.39	2.39	2	2	2	2	2	2	2	2	3.03	3.03	3.03	3.41	3.4	3.34	3.29	3.25	3.41	3.41	3.41	3.41	3.41	3.41	6	6	6	10.37	6.56	6.25	9.66	9.35	8.32	6.25	3.47	2.81	2.57	2.47	1.3	1.24	1.22	1.22	1.56	1.55	1.53	1.52	1.73	1.72	1.72	1.72	1.71	1.71	1.69	1.7	1.39	1.39	1.39	1.4	1.19	1.21	1.19	1.19	1.19	1.19	1.2	1.21	1.81	1.81	1.81	1.82	1.78	2	2.03	2.03	4.19	4.12	4.31	4.59	5	5	5	4.31	2.4	2	2	2	2.33	2.33	2.33	2.33	2	2	2.4	2.4
2025-07-16	1.75	1.75	2.39	2.39	2.11	2.11	2.11	2.11	2	2	2	2	2.12	2.12	2.12	2.12	2.27	2.27	2.27	2.27	1.93	2	2	2	2	2	2.4	2.4	3.03	3.67	3.67	4.31	2.27	2.4	2.39	2.39	4	3.32	3.08	3.04	2.77	2.72	2.67	2.67	2.49	2.48	2.46	2.42	2.5	2.5	2.5	2.5	2.45	2.45	2.46	2.47	2.47	2.47	2.5	2.5	2.5	2.5	2.5	2.49	2.49	2.48	2.48	2.48	2.5	2.5	2.51	2.51	2.79	3.09	3.18	3.31	6.25	6.25	5.81	5.48	2.8	2.39	2.4	2	2.39	1.75	1.75	1.6	1.75	1.75	1.75	1.75	1.75	1.75	2.39	2.39
2025-07-17	1.6	1.6	2	2	1.6	1.6	1.6	1.6	1.6	1.6	1.6	1.6	1.93	1.93	1.93	1.93	1.93	1.93	1.93	2	1.75	1.75	1.75	1.75	1.75	1.6	2	2	2	2.34	2.4	2.57	1.75	2	2	2	2.66	3.03	3.39	3.51	2.85	2.81	2.79	2.81	2.55	2.53	2.49	2.5	2.5	2.5	2.5	2.5	2.48	2.39	2.5	2.5	2.45	2.47	2.45	2.45	2.41	2.44	2.42	2.42	2.54	2.54	2.54	2.57	2.81	2.83	2.84	2.84	3.06	3.31	3.25	3.17	2.81	2.74	3.03	3.39	2.39	2.01	2.03	2	1.76	1.6	1.6	1.6	1.64	1.6	1.6	1.6	1.6	1.6	1.75	1.75
2025-07-18	1.6	1.6	2	2	2	2	2	2	2	2	2	2	2	2	2	2	2	2	2	2	2	2	2	2	1.6	1.6	2	2	2	2.4	2	2.4	2	2	2.4	4	3.74	3.27	3.23	3.24	2.71	2.69	2.71	2.7	2.7	2.67	2.7	2.67	2.63	2.63	2.63	2.63	2.36	2.36	2.39	2.39	2.35	2.35	2.36	2.35	2.4	2.4	2.39	2.39	2.39	2.39	2.39	2.39	2.41	2.41	2.42	2.41	2.39	2.66	2.71	2.72	4.4	4.7	3.92	4.95	2.67	2	2	1.86	2	1.6	1.6	1.6	1.86	1.86	1.86	1.86	2	2	2.4	2.1
2025-07-19	5	5.59	4	5.6	5	5	5.59	5.59	8.13	8.36	8.8	9	9.18	9.2	10.1	10.9	10.5	12.5	14.47	14.47	13.88	13.74	13.74	13.74	9.65	9.65	9.65	9.65	54.42	54.42	49.26	40.61	19.6	21.1	10.8	6.4	2	1.78	1.24	1.04	0.34	0.28	0.24	0.23	0.13	0.13	0.12	0.13	0.12	0.1	0.1	0.14	0.12	0.13	0.12	0.12	0.12	0.12	0.12	0.12	0.14	0.13	0.13	0.12	0.13	0.12	0.13	0.12	0.14	0.17	0.23	0.28	0.39	0.35	0.39	0.51	3.25	3.25	4.38	4.59	5.62	6.77	7.01	12.02	2.8	2.4	2.4	2.4	2	2	2.4	2.4	2.4	2.4	2.4	3.56
2025-07-20	4.31	4.31	4.31	4.31	3.67	4.31	4.31	4.31	14.15	15.17	18.3	18.3	23.1	23.1	23.1	23.1	23.1	23.1	23.1	23.1	23.1	34.55	34.15	33.76	55.43	56.68	56.68	56.68	232.44	232.44	232.44	232.44	106.5	244.34	37.81	24.88	1.75	0.47	0.27	0.3	0.16	0.14	0.13	0.13	0.14	0.14	0.14	0.14	0.2	0.2	0.14	0.14	0.15	0.18	0.17	0.17	0.17	0.19	0.19	0.18	0.17	0.14	0.17	0.18	0.17	0.14	0.14	0.14	0.18	0.16	0.19	0.19	0.14	0.14	0.18	0.26	3.65	2.72	2.73	3	5.79	10.91	21.27	27.94	5.1	4.95	5.11	4.95	4.31	4.31	6.25	6.25	5.59	5.59	6.6	6.79
2025-07-21	4.4	4.53	6.25	6.28	7.78	7.78	8.51	8.51	15.54	15.54	15.54	16.25	23.93	23.93	23.93	20.66	13.42	13.43	13.43	6.25	9.91	9.83	10.35	12.5	6.69	6.69	8.78	9.24	11.25	11.6	9.86	9.27	2.75	4	2.89	2.47	2	1.94	1.48	1.58	0.36	0.25	0.23	0.24	0.26	0.25	0.24	0.25	0.55	0.54	0.54	0.54	0.66	0.66	0.66	0.66	0.59	0.59	0.59	0.59	0.57	0.57	0.56	0.57	0.39	0.39	0.39	0.39	0.89	1.04	1.04	1.05	1.5	1.64	1.68	1.71	4.56	5.59	5.88	6.25	2.75	2.5	2.5	2	1.9	1.5	1.5	1.41	1.38	1.38	1.38	1.38	3.34	3.35	2.87	2.73
2025-07-22	2.02	2.02	2.43	2.44	1.98	1.99	1.99	2	2.54	2.54	2.54	2.54	2.54	2.53	2.52	2.51	2.51	2.5	2.49	2.35	2.18	2.18	3.21	3.21	3.06	2.86	3.52	3.52	2.87	2.7	2.7	3.01	2.5	2.51	2.5	2.55	3.38	2.67	2.49	2.57	1.53	1.45	1.4	1.36	1.28	1.27	1.25	1.25	1.25	1.24	1.24	1.24	1.24	1.24	1.23	1.23	1.23	1.24	1.24	1.24	1.13	1.13	1.14	1.13	1.13	1.14	1.15	1.15	1.27	1.27	1.3	1.32	1.91	2	2.02	2.03	2.02	2	2	2	2.08	1.63	1.63	1.5	1.66	1.5	1.5	1.5	1.5	1.5	1.5	1.5	1.5	1.5	1.5	1.5
2025-07-23	2.82	3.03	4.41	4.41	3.61	3.61	3.61	3.61	3.92	3.92	3.92	3.92	3.95	3.95	3.95	3.95	4.41	4.41	4.41	4.41	4.41	4.41	4.41	4.41	4.81	4.81	7.93	7.93	9.88	10.22	9.88	9.75	5.01	7.5	7.8	7.7	3.65	3.03	3.24	3.12	2.49	2.39	2.51	2.47	2.41	2.42	2.39	2.39	2.12	2.12	2.12	2.12	1.81	1.82	1.83	1.83	1.65	1.65	1.63	1.65	2	2	2	2	2	2	2	2	2	2	2	2.42	2.62	3.17	3.3	3.73	6.25	6.99	7.19	6.99	4.36	3.06	3.06	2.77	2.3	1.78	1.78	1.78	1.9	1.9	1.85	1.9	2.4	2.4	2.51	2.51
2025-07-24	1.75	1.75	2	2	3.54	3.54	3.54	3.54	5	5	5.59	5.59	7.3	7.3	7.3	7.3	7.79	7.79	7.91	7.89	6.92	7.02	7.2	7.3	7.5	7.5	8.5	8.3	7.65	8.63	8.46	8.61	7.6	6.66	6.3	6.25	2.5	2.1	2	2	1.53	1.24	1.24	1.24	0.47	0.47	0.47	0.47	0.63	0.63	0.56	0.58	0.6	0.6	0.6	0.6	0.66	0.67	0.67	0.79	0.7	0.65	0.65	0.65	0.29	0.29	0.29	0.29	0.39	0.34	0.28	0.38	0.58	0.73	0.89	1.24	3.35	3.26	3.13	3.1	3.52	3.4	3.25	3.12	2.4	2.27	2.27	2.27	2.27	2.27	2.27	2.27	3.67	3.67	4.5	4.95
2025-07-25	5.36	5.36	5.56	5.56	3.93	3.93	3.93	3.93	4.42	4.42	4.45	3.93	4.1	4	4	4.47	6.39	6.45	6.47	6.49	4.7	4.7	4.7	4.7	4.9	5	5.36	5.36	8.76	9.65	8.76	8.76	9.34	8.13	6.42	6.45	2	2	1.37	1.26	0.39	0.39	0.39	0.39	0.39	0.39	0.39	0.39	0.39	0.39	0.39	0.39	0.39	0.39	0.39	0.39	0.39	0.39	0.39	0.39	0.39	0.39	0.39	0.39	0.26	0.26	0.27	0.29	0.3	0.3	0.31	0.31	0.57	0.6	0.61	0.79	2.75	2.81	3.07	3.13	3.93	3.93	3.93	3.76	3.66	3.93	3.93	3.93	2.93	2.93	2.93	2.93	3.93	3.93	4.41	4.41
2025-07-26	2.81	2.8	2.79	2.7	2.8	3.5	3.5	3.93	3.93	3.93	3.93	4.55	3.93	3.93	5.04	5.04	4.6	4.62	4.68	4.7	6.2	6.45	6.47	6.57	6.79	6.81	6.98	6.75	20	20	16.81	14.15	21.56	16.43	8.22	5.29	1.24	0.49	0.32	0.4	0.27	0.18	0.16	0.14	0.14	0.13	0.13	0.13	0.13	0.13	0.13	0.13	0.13	0.13	0.13	0.13	0.13	0.13	0.13	0.13	0.13	0.13	0.13	0.13	0.07	0.07	0.07	0.12	0.12	0.13	0.18	0.13	0.14	0.2	0.29	0.46	3.01	3.27	3.93	3.33	3.35	3.16	3.58	3.5	3.35	3.57	3.57	3.58	3.5	3.5	3.29	3.29	3.4	3.53	2.91	3.29
2025-07-27	2	2	2.32	4.9	4.35	4.38	4.45	4.47	4.55	4.6	4.62	4.65	4.77	4.77	4.77	4.78	5.36	5.36	5.36	5.36	5.71	5.71	5.71	5.71	5.71	5.71	5.71	5.71	59.5	66	59.01	59.01	21.13	12.5	4.67	3.91	1.24	0.56	0.32	0.4	0.14	0.12	0.12	0.12	0.12	0.14	0.12	0.13	0.12	0.14	0.12	0.12	0.12	0.12	0.12	0.12	0.12	0.12	0.14	0.12	0.12	0.12	0.12	0.14	0.12	0.12	0.12	0.14	0.13	0.12	0.13	0.13	0.19	0.15	0.14	0.21	4	2.51	2.8	2.8	4.86	5.31	6.05	10.8	5.36	4.08	4.08	4.08	1.62	1.6	2.21	2.21	2.5	2.5	3.01	3.01
2025-07-28	1.56	1.56	2.02	2.14	3.6	3.7	3.18	3.93	3.69	3.69	3.93	3.93	4.3	4.3	4.3	4.3	5.54	5.54	5.54	5.55	5.73	5.36	5.36	5.36	6.08	6	7.5	7.5	7.11	6.42	6.45	6.79	1.75	3.16	2.02	2.33	2	2	1.58	1.54	0.47	0.38	0.31	0.3	0.23	0.22	0.2	0.2	0.15	0.15	0.15	0.15	0.11	0.02	0.02	0.02	0.02	0.02	0.02	0.02	0.11	0.11	0.11	0.11	0.11	0.11	0.12	0.12	0.12	0.13	0.13	0.13	0.31	0.31	0.36	0.51	2.88	2.89	2.98	2.91	5	5	5	5	2.54	1.87	1.87	1.87	1.5	1.5	1.5	1.5	1.97	1.95	3.93	3.93
2025-07-29	2.1	2.11	2.18	2.17	2.12	2.11	2.06	2.02	2.4	2.38	2.37	2.36	2.35	2.34	2.33	2.32	2.5	2.5	2.5	2.5	2.5	2.5	2.5	2.5	2.5	2.5	2.5	2.5	4.7	4.78	4.85	4.83	5.56	4.8	3.78	3.5	1.72	1.5	1.24	1.11	1.34	1.24	1.24	1.24	0.63	0.52	0.39	0.39	0.13	0.13	0.13	0.25	0.13	0.13	0.13	0.13	0.13	0.13	0.14	0.14	0.13	0.13	0.13	0.14	0.13	0.13	0.13	0.13	0.14	0.21	0.23	0.27	0.51	0.74	0.96	1.24	2.45	2.2	2.61	2.56	2.07	2	1.89	1.89	2	1.6	1.6	1.6	1.6	1.6	1.6	1.6	1.78	2.04	2.06	2.1
2025-07-30	1.79	1.86	1.86	1.86	1.75	1.75	1.74	1.74	1.67	1.68	1.68	1.68	2.5	2.5	2.5	2.5	2.5	2.5	2.5	2.5	2.23	2.5	2.5	2.5	2.16	2.01	2.5	2.89	3.93	3.64	3.64	4.3	2.87	2.87	2.87	2.87	2.02	2	1.56	1.55	0.69	0.53	0.47	0.43	0.2	0.2	0.2	0.2	0.21	0.22	0.23	0.23	0.26	0.26	0.26	0.26	0.28	0.28	0.28	0.28	0.22	0.2	0.19	0.19	0.23	0.23	0.23	0.24	0.29	0.29	0.3	0.37	1.09	1.23	1.24	1.35	1.5	1.54	2	2	6.79	6	4.3	4.3	2.4	1.86	1.87	1.89	1.62	1.62	1.62	1.62	2	2	2.02	2.13
2025-07-31	2.56	2.55	3.93	5.36	3.99	4.9	5.2	5.2	5.1	5.37	5.45	5.43	4.1	4.1	4.2	4.2	4.92	5.36	5.36	5.36	5.36	5.36	5.36	6.79	7.08	7.08	8.04	8.04	8.82	9.65	9.65	11.08	5.36	4.64	4.58	5.36	2.54	2.02	2	2	1.22	1.1	1.01	0.98	0.73	0.73	0.6	0.6	0.94	0.98	0.98	0.98	0.79	0.79	0.81	0.83	0.98	1.04	1.04	1.04	1.09	1.09	1.1	1.11	1.11	1.12	1.12	1.13	1.39	1.47	1.49	1.53	2	2.06	2.1	2.19	7.11	7.11	6.85	7.65	5.3	3.89	4	4	3.5	2.4	2.4	2.4	2.57	2.57	2.57	2.57	3.92	3.91	3.38	4.21
2025-08-01	1.88	1.87	1.97	1.97	1.87	1.86	1.85	2.21	2.5	3.3	4.46	4.46	4.68	4.68	4.72	6.39	6	6.5	6.58	6.65	5	6.18	5	4.7	4.33	4.3	2.96	2.5	2.74	2.8	2.8	3.02	2.4	2.8	2.5	3	1.79	2	2	2	1.83	1.76	1.61	1.61	1.34	1.25	1.22	1.21	1.14	1.14	1.14	1.14	0.91	0.9	0.91	0.94	0.87	0.91	0.94	0.96	0.7	0.7	0.74	0.78	0.91	0.93	0.94	0.98	1.19	1.22	1.24	1.35	2	2	2	2.01	2.15	2.5	3.55	3.41	4.31	4.05	2.85	2.69	2.5	2	2	2	2	1.97	1.97	1.97	1.97	1.97	2.21	2.32
2025-08-02	1.97	1.97	2	2.15	2.12	1.92	1.92	1.98	2.15	2.15	2.15	2.15	2.15	2.15	2.15	2.33	2.5	2.5	2.5	2.5	2.5	2.5	2.5	2.5	2.15	2.15	2.15	2.15	8.3	12.25	12.3	12.08	4.55	4.68	2.5	2.5	1.69	1.43	1.03	0.95	0.39	0.37	0.32	0.29	0.19	0.19	0.19	0.19	0.19	0.19	0.19	0.19	0.19	0.19	0.19	0.19	0.19	0.19	0.2	0.19	0.2	0.21	0.22	0.23	0.24	0.25	0.25	0.26	0.36	0.39	0.39	0.39	1.1	1.24	1.24	1.24	2.5	2.5	3.2	3.92	2.58	2.25	2.18	1.96	2.33	2	2	1.97	1.97	1.97	2	2	2	2.01	2.01	1.93
2025-08-03	1.97	1.97	2.01	2.01	2.02	2.04	2.15	2.15	2.25	2.27	2.26	2.29	2.21	2.25	2.19	2.38	2.15	2.15	2.15	2.15	2.15	2.4	2.5	2.5	2.5	2.5	2.5	2.5	16.8	19.8	21	22.59	20.1	5.51	3.08	2.5	1.61	0.53	0.39	0.39	0.73	0.49	0.39	0.39	0.14	0.14	0.13	0.14	0.39	0.39	0.39	0.39	0.39	0.39	0.39	0.39	0.39	0.39	0.39	0.39	0.19	0.19	0.19	0.19	0.18	0.19	0.19	0.19	0.19	0.19	0.19	0.19	0.39	0.39	0.45	0.56	2.45	2.39	2.94	3	6.1	5.13	4.61	4.51	2.8	2	2	2	2	2	2.33	2.15	1.99	1.99	2.15	2.15
2025-08-04	2.4	2.5	4.05	4.05	3	4.02	4.1	4.1	4.6	5	5	5	4.1	4.1	4.1	4.18	3.4	3.4	3	3	4.1	3.58	3	3.07	3.93	2.86	3	3	3	3.22	3.22	3.58	2.45	3.4	4.66	3.65	2.33	2.58	2.2	2.33	2	2	2	2	1.47	1.46	1.43	1.43	0.7	0.68	0.67	0.66	0.53	0.53	0.57	0.58	0.53	0.53	0.53	0.54	0.57	0.57	0.57	0.57	0.7	0.71	0.72	0.82	1.61	1.76	1.88	1.88	1.97	2	2	2	2.25	2.15	2.21	2.63	3.75	2.92	2.54	2.5	1.84	1.6	1.6	1.6	1.6	1.6	1.6	1.6	2	2	2.3	2.1
2025-08-05	2	2	2.4	2.33	2.21	2.21	2.21	2.15	2.61	2.59	2.57	2.56	2.5	2.74	2.71	2.67	2.66	2.64	2.62	2.61	2.5	2.5	2.4	2.4	2.31	2.44	2.4	2.4	2.8	3.03	2.5	2.4	2.8	4.09	4.03	2.8	3.51	3.03	2.5	2.33	1.43	1.24	1.13	0.98	0.39	0.37	0.34	0.34	0.2	0.19	0.18	0.17	0.2	0.2	0.2	0.21	0.22	0.22	0.23	0.24	0.27	0.28	0.32	0.35	0.39	0.39	0.39	0.39	0.39	0.39	0.39	0.39	1.61	1.61	1.61	1.65	2.33	2.44	2.88	2.49	2.55	2.33	2.13	1.93	2.23	2	2	2	2	2	2	2	2	2.15	2.08	2.08
2025-08-06	2	2	2.02	2.12	2.15	2.48	2.5	2.5	2.32	2.3	2.5	2.91	2.21	2.18	2.5	2.8	2.5	2.45	2.5	2.64	2.04	2.02	2	2	2.04	2.03	2.8	5.75	4.2	5.22	7.34	6.46	4.92	4.87	4.87	3.41	3.83	3.81	3.83	3.81	2	2	2	2	1.61	1.25	0.99	0.99	0.89	0.89	0.89	0.89	0.68	0.68	0.68	0.68	0.68	0.68	0.68	0.68	0.89	0.89	0.89	0.89	0.89	0.99	0.99	0.99	1.99	1.99	2	2	2.81	2.81	2.81	4.36	2.44	2.33	2.5	2.51	2.8	2.61	2	1.6	1.6	1.6	1.6	1.6	1.6	1.6	1.6	1.6	2	2	2.55	2.55
2025-08-07	1.6	1.6	1.64	1.64	1.6	1.6	1.6	1.6	1.84	1.84	1.84	1.84	1.6	1.6	1.6	1.6	1.6	1.6	1.6	1.6	1.6	1.6	1.6	1.6	1.6	1.6	1.92	2	3.94	4.66	4.66	5	2.4	2.5	2.5	3.94	3.41	2.8	3.93	3.92	2.45	2.33	2.15	2	2	1.79	1.43	1.25	0.99	0.99	0.99	0.99	0.89	0.89	0.89	0.89	0.89	0.89	0.89	0.89	0.99	0.99	0.99	0.99	0.99	0.99	1.25	1.25	1.99	1.99	2	2	2	2	2.15	2.29	2.55	2.46	2.5	2.53	2.8	2.5	2.5	2.15	1.6	1.6	1.6	1.6	1.69	1.67	1.79	2	2	2	2.5	2.5
2025-08-08	1.6	1.6	1.6	1.6	1.6	1.6	1.6	1.6	1.6	1.6	1.6	1.6	1.6	1.6	1.6	1.6	1.6	1.6	1.6	1.6	1.6	1.6	1.6	1.6	1.6	1.6	1.75	1.75	2.5	3.39	3.03	4.31	31.17	19.61	19.69	12.3	3.41	3.4	4.31	3.37	2.03	2.04	2	2	0.9	0.79	0.73	0.53	0.48	0.46	0.45	0.45	0.2	0.21	0.22	0.22	0.27	0.26	0.23	0.23	0.16	0.18	0.2	0.17	0.99	0.99	1.24	1.25	2.47	2.47	2.46	2.46	7.82	8.56	8.76	8.76	5.2	5.2	5.2	5.2	3.93	4.21	4.21	2.8	2	1.6	1.6	1.6	2	2	2	2	1.76	1.75	2.4	2.57
2025-08-09	1.75	1.75	1.75	1.8	1.6	1.6	1.6	1.6	1.75	1.75	1.75	1.75	1.75	1.75	1.75	1.75	1.75	1.75	1.8	1.75	1.75	1.75	1.75	1.75	1.6	1.6	1.6	1.6	2.5	2.8	6.67	7.5	4.95	5	7.5	7.5	5.59	6.51	5.56	5.3	1.75	0.8	1.24	1.75	0.48	0.39	0.39	0.39	0.39	0.39	0.39	0.39	0.39	0.39	0.39	0.39	0.39	0.39	0.39	0.39	0.41	0.41	0.51	0.6	0.39	0.4	0.42	0.47	2.19	2	2	2	2.35	2.39	4.63	4.87	3.75	5.59	5.75	7.5	4.7	3.39	3.36	4.06	2.66	2.4	2.4	2.4	2.4	2.4	3.2	3.18	2.28	2.24	2.8	2.79
2025-08-10	2.39	2.39	2.39	3.3	3.03	4.3	4.8	4.95	5	5	5.3	5.4	5.4	5.8	5.8	5.8	4.5	4.39	4.39	4.39	4.1	3.8	3.77	2.8	2.8	2.8	2.8	2.8	15.5	15.5	15.5	21.88	14.38	14.38	14.38	14.38	2	2	1.75	1.75	0.73	0.74	0.73	0.52	0.18	0.19	0.19	0.19	0.13	0.14	0.14	0.14	0.13	0.13	0.13	0.13	0.13	0.13	0.13	0.13	0.13	0.13	0.13	0.14	0.13	0.13	0.13	0.14	0.46	0.44	0.47	0.49	2.71	3.03	4.31	4.36	3.97	3.95	3.95	3.98	4.84	2.8	2.94	2.8	2.2	1.6	1.6	1.6	1.6	1.6	2	2	1.75	1.75	2.57	2.57
2025-08-11	1.6	1.6	1.81	1.81	2	2	2	2	2.4	2.4	2.4	2.4	2.4	2.4	2.4	2.4	2.5	2.5	2.5	2.5	3.06	3.06	3.06	3.06	2.5	2.5	2.91	2.91	2.8	3.75	3.75	4.21	1.6	2	2	2.52	1.59	2	2	2	2.39	2.39	2	2	2	2	1.75	1.24	0.4	0.4	0.4	0.4	0.41	0.39	0.39	0.39	0.45	0.45	0.45	0.45	0.49	0.49	0.5	0.5	1.99	1.99	1.99	1.99	2	2	2	2.18	2.35	2.4	2.57	2.25	2.53	2	2.09	2	2.38	1.75	1.6	1.59	1.4	1.4	1.4	1.4	1.6	1.6	1.6	1.6	1.6	1.6	2.4	2.27
2025-08-12	1.9	1.9	2	2	2.17	2.16	2.15	2.14	1.9	1.9	2	2	2.08	2.08	2.08	2.08	2.08	2.08	2.08	2.08	1.93	1.93	1.93	1.93	2	2	2.78	2.78	2.57	3.39	3.39	4.21	2.4	2.9	2.9	3.67	3.54	4.68	5.3	7.28	3.25	3.24	3.23	3.24	2.02	2.03	2	2	2	2	2	2	2	2	2	2	2	2	2	2	2	2	2	2	3.2	3.2	3.19	3.17	4.25	4.27	4.28	4.3	6.25	4.81	5.03	5.94	5.89	3.03	2	2	2.4	2	2	1.82	1.75	1.6	1.6	1.6	1.6	1.6	1.6	1.6	1.75	1.75	2	2
2025-08-13	1.7	1.6	1.75	1.75	1.6	1.6	1.6	1.6	1.7	1.7	1.6	1.6	1.75	1.75	1.75	1.75	1.9	1.9	1.9	1.9	1.9	1.9	1.9	1.9	1.8	1.8	2.4	2.4	2.57	3.39	3.39	3.9	2.57	2.57	2.47	2.66	4.95	7.4	6.67	6.25	3.03	2.93	2.93	2.93	2.39	2.39	2.16	2.48	2	2	2	2	2	2	2	2	2	2	2	2	2	2	2	2	2.32	2.2	2.26	2.34	4.31	4.71	4.71	4.31	3.39	4.21	2.63	2.63	2.39	2.24	2.38	2.18	1.75	1.75	1.75	1.7	1.6	1.3	1.3	1.3	1.3	1.3	1.3	1.3	1.66	1.66	1.75	1.75
2025-08-14	1.24	1.24	1.6	1.6	1.6	1.6	1.6	1.6	1.6	1.6	1.6	1.6	1.7	1.7	1.7	1.7	2.18	2.18	2.18	2.18	2.4	2.4	2.4	2.4	2	2	4.75	9.3	19.66	19.66	19.77	20.27	19.66	17.06	4.97	4.97	4.43	2.59	2.59	2.59	2.46	2.36	2	1.9	1.9	2	2	1.9	2	2	2	2	2	2	2	2	1.9	2	2	2	1.9	1.9	2	2	1.9	2	2.1	2.44	2	3.25	2.8	2.88	2.55	2.55	2.55	2.55	2.12	2	2	2	2.2	1.8	1.8	1.6	1.52	1.24	1.24	1.24	1.4	1.4	1.4	1.4	1.6	1.6	1.8	1.8
2025-08-15	2.5	2.5	2.5	2.93	2.93	2.93	2.93	2.93	4.43	4.43	5.76	5.76	6.9	6.9	6.9	6.9	7.7	7.81	7.81	7.81	9.52	9.52	10.2	8.49	7.79	7.79	7.79	7.79	19.16	17.5	26.5	27.34	53.61	47.24	41.2	25.93	9.56	6.78	6.37	5.95	1.06	0.8	0.81	0.89	0.63	0.56	0.41	0.53	0.39	0.39	0.39	0.39	0.39	0.39	0.39	0.39	0.39	0.39	0.39	0.39	0.39	0.39	0.39	0.39	0.59	0.59	0.59	0.59	2.5	2.5	3.83	2.5	6.79	6.79	7.64	7.86	11.86	12.43	17.5	26.04	10	10.22	12.65	7.8	1.41	1.24	1.24	1.24	1.24	1.24	1.36	1.36	1.24	1.24	1.94	1.77
2025-08-16	1.24	1.24	1.24	1.24	1.24	1.24	1.24	1.24	1.25	1.25	1.25	1.25	1.42	1.42	1.42	1.42	1.47	1.47	1.46	1.46	1.28	1.28	1.28	1.28	1.25	1.25	1.25	1.25	8.22	8.78	8.78	10.22	5.43	5.42	5.13	5.18	9.65	9.23	8.22	7.93	1.77	1.78	1.76	2	0.55	0.55	0.51	0.51	0.39	0.38	0.35	0.32	0.19	0.36	0.36	0.36	0.39	0.39	0.39	0.39	0.39	0.39	0.39	0.39	0.69	0.71	0.77	0.64	2	2	2	2	3.36	7.83	8.69	9.09	6.79	6.79	10.22	11.08	2.75	2.57	2.57	2	1.25	1.24	1.24	1.24	1.24	1.24	1.25	1.25	1.24	1.24	1.5	1.5
2025-08-17	1.28	1.28	1.28	1.28	1.25	1.25	1.25	1.25	1.28	1.28	1.28	1.28	1.54	1.54	1.54	1.54	1.52	1.52	1.52	1.52	1.52	1.52	1.52	1.52	1.52	1.52	1.52	1.52	5	5.5	5.5	6.59	19.66	19.66	17.86	17.86	8.48	5.16	4.58	4.15	2	2	2	2	0.4	0.39	0.39	0.39	0.39	0.39	0.39	0.39	0.39	0.39	0.39	0.39	0.39	0.39	0.39	0.39	0.39	0.39	0.39	0.39	1.02	1.19	0.7	0.76	2	2	2	2	4.31	2.53	6.58	7.21	13.98	21.98	26.55	30.98	2	2	1.6	1.6	1.25	1.24	1.24	1.24	1.24	1.24	1.24	1.24	1.24	1.24	1.25	1.25
2025-08-18	1.28	1.28	1.6	1.6	1.38	1.38	1.38	1.38	1.6	1.6	1.6	1.6	1.97	1.97	1.97	1.97	2	2	2	2	2	2	2	2	1.76	1.76	2.4	2.4	2.4	2.5	2.5	2.78	2	2	2	2	5.12	5.13	5.11	3.7	5	4.75	2.94	2.94	2	2	2	2	2	2	1.98	1.98	2.73	2.73	2.73	2.73	1.95	1.95	2	2	2	2	2	2	5	5	2	2	6.78	7.28	7.91	8.2	2.75	4.9	4.34	4.9	2	2	2	2	2	2	1.78	1.6	1.6	1.25	1.25	1.25	1.25	1.24	1.24	1.24	1.57	1.57	1.6	1.78
2025-08-19	2	2	2.58	3	1.75	1.75	1.75	2	2.8	2.8	2.29	2.36	2.59	2.59	2.59	2.59	3.32	3.32	3.32	3.32	3.16	3.16	3.16	3.16	3.75	3.4	3.86	4.08	6.37	7.91	7.91	9.63	7.12	7.67	4.99	6.25	3.47	3.86	4.34	4.33	3.41	3.86	3.39	3.39	2.13	2.13	2.13	2.13	2	2	2	2	1.78	1.78	1.78	1.78	1.95	1.95	1.95	1.95	1.95	1.95	1.95	1.95	2.1	2	2	2	2	2	2	2	4.95	4.95	4.24	3.4	3.86	3.86	3.86	3.86	2.8	3.22	3.4	2.8	1.86	1.6	1.6	1.6	1.71	1.7	1.77	2.5	1.87	1.87	2.5	2.2
2025-08-20	4	4	4.31	4.31	5.35	5.35	5.35	5.35	6.61	6.61	6.61	7.14	7.5	7.64	7.64	8.28	9.18	9.22	9.25	9.6	8.07	8.07	8.07	8.07	10.98	11.06	19.7	19.64	40.03	43.01	42.59	42.59	34.79	22.41	13.85	11.06	5.59	5.4	4.31	4.31	2.44	2.44	2.4	2.4	2.19	2.22	2	2	2	2	2	2	1.72	1.72	1.72	1.72	1.74	1.74	1.75	1.75	1.75	1.75	1.76	1.76	1.78	1.78	1.75	1.75	2	1.84	1.83	1.84	2.44	2.45	3.03	3.67	2.13	2.14	2.17	2.29	3.7	3.67	3.94	3.7	2.5	2.4	2.4	2.4	2.5	2.5	2.5	2.98	2.5	3.03	3.2	3.39
2025-08-21	2.56	2.5	2.96	3	2.36	2.36	2.5	2.63	4.4	4.4	4.4	4.95	5.37	6.44	6.44	6.44	6.83	6.83	6.83	6.47	5.78	6	5.78	5.47	3.98	3.98	3.98	3.98	3.86	3.86	3.86	3.86	15.35	10	7.7	9.32	6.25	5.22	4.31	3.67	2.24	2	2	1.78	1.7	1.33	1.24	1.25	1.24	1.24	1.22	1.2	0.73	0.69	0.69	0.72	0.73	0.73	0.73	0.4	0.6	0.62	0.61	0.56	1.24	1.24	1.14	1.13	1.36	1.24	1.21	1.24	2	2.39	3.03	3.03	3.91	4.47	6.25	6.62	6.25	4.29	4.95	4.3	3.4	2.11	2.18	2.3	2.14	2.12	2.24	2.22	2.08	2.39	4.31	4.4
2025-08-22	3.86	3.86	4.99	4.99	5.59	5.59	5.9	5.95	6.62	7.5	7.55	7.55	6.35	6.38	7.89	7.89	7.18	7.18	7.5	7.9	7.02	7.22	7.22	7.18	8.68	8.6	8.68	10	8.35	11.07	11.43	17.13	16.38	9.85	9.33	8.88	3.67	4.95	4.15	2.55	2	1.24	1.24	1.24	0.3	0.3	0.27	0.3	0.4	0.4	0.4	0.4	0.4	0.4	0.4	0.4	0.4	0.4	0.4	0.4	0.25	0.25	0.25	0.25	0.35	0.35	0.34	0.33	1.02	1.24	1.75	2	2	3.67	3.67	4.31	3.75	3.06	2.5	2.29	4.34	3.75	4.8	4.34	2.6	2.5	2.2	2.2	2.5	2.2	2.2	2.11	1.93	1.93	1.87	1.84
2025-08-23	2.2	2.55	2.58	3.3	3.02	3.03	3.03	4	5	5	5	5.2	6.6	6.6	6.6	6.6	7.42	7.42	7.5	8	7.1	8	8	8.02	15.57	17.5	17.5	6.73	63.48	63.48	63.48	209.7	42.98	22.5	22.5	15.6	7.2	7.17	6.71	6.25	2	2	0.81	0.73	0.39	0.39	0.39	0.39	0.26	0.26	0.26	0.25	0.17	0.17	0.18	0.19	0.16	0.17	0.19	0.19	0.39	0.39	0.39	0.39	0.66	0.39	1.24	1.24	1.89	2	2	2	4.34	5	6.25	7.6	5.16	5	5.21	5.33	13.2	15.34	15.8	15.57	9.56	4.64	4.64	4.64	5	5	9.05	9.05	5	5	9.31	9.31
2025-08-24	1.4	1.4	1.4	1.4	1.9	1.9	1.9	1.9	2.57	2.57	2.57	2.57	2.8	2.8	5.36	5.36	3.18	3.18	3.18	3.18	3.14	3.14	3.14	3.14	3.11	3.11	3.11	3.11	17.5	17.5	17.5	17.5	54.89	51.91	17.5	20	9.1	5.09	4.28	4.02	0.93	0.39	0.41	0.53	0.39	0.39	0.39	0.39	0.39	0.39	0.39	0.39	0.39	0.39	0.39	0.39	0.39	0.39	0.39	0.39	0.39	0.39	0.39	0.39	0.36	0.24	0.26	0.25	0.4	1.35	2	2	4.82	5.36	5.9	7.36	7.79	4.98	7.79	8.9	2	2	1.9	1.6	1.24	1.24	1.24	1.24	1.6	1.6	1.77	1.77	2.2	2.2	2.58	2.58
2025-08-25	3.4	3.4	5.9	5.9	5.38	5.38	5.38	5.38	5.36	5.36	5.36	5.36	5.9	5.9	5.9	7.79	7.79	7.79	7.79	7.79	5.5	5.5	5.5	5.5	5.9	5.9	10.22	10.22	17.5	17.5	17.5	20.7	15.08	17.5	15.62	15.02	10.38	11.65	10.38	10.38	8.9	8.5	8.9	9.6	3.18	3.18	3.18	3.19	2.73	2	2	2	2	1.75	1.76	1.77	1.8	1.74	1.7	1.88	2	2	2	2	2	2	2.89	2.2	3.49	3.5	3.52	3.38	4.83	5.36	8.34	8.34	5.72	5.74	2.93	2.93	6.3	3.54	4.66	3.5	2.2	1.7	1.7	1.7	2.2	2.2	2.2	2.2	2.93	2.93	10.22	10.22
2025-08-26	2	2	2.93	4	2.71	2.71	2.8	3.6	3.22	3.22	4	4	4	4	4	4	3.03	3.03	3.03	3.03	2.8	2.8	2.8	2.8	2.93	2.93	4	4	12.65	15.08	15.08	16.24	21.3	22.31	15.08	12.16	12.5	11.22	7.79	7.79	5.68	5.65	5.62	5.36	2.99	2.99	2.99	3	1.87	1.8	1.8	1.8	1.31	1.31	1.31	1.31	1.8	1.8	1.8	1.8	1.8	1.82	1.8	1.82	2.94	2.94	2.94	2.93	5.36	5.36	5.48	3.93	8.68	9.2	9.81	11.08	11.19	11.26	12.65	15.08	3.86	3.66	3.86	3.86	3.86	2.2	2.2	2.2	2.53	2.53	2.52	2.52	2.2	2.2	5	5.34
2025-08-27	2.2	2.2	2.57	2.8	2.57	2.57	2.57	2.57	2.57	2.57	2.57	2.57	2.57	2.57	2.57	2.57	3.7	3.7	3.7	4	3.8	3.8	3.4	3.3	2.73	2.73	4	4	10.85	14	14	15	8.78	8.78	5.54	5.54	4.88	2.54	4.87	4.88	4.12	4.13	4.13	4.14	3.01	3.81	3.81	3.82	3.13	3.13	3.13	3.13	2.46	2.47	2.47	2.47	2.5	2.5	2.49	2.49	2.49	2.49	2.52	2.5	2.5	2.62	2.56	2.53	2.55	3.24	4.45	3.1	6.79	7.51	7.52	8.01	6.25	6.28	6.3	6.33	5.6	5.68	6.71	5.46	2.76	2.48	2.47	2.46	2.57	2.57	2.81	2.8	2.2	2.2	3.4	3.4
2025-08-28	8.23	8.38	12.65	12.65	9.65	9.65	7.86	7.86	10.22	10.22	10.22	10.1	14.1	13.65	15.85	15.85	14.39	14.8	14.78	12.5	12.14	12.06	11.99	11.94	8.52	8.45	9.38	9.28	12.07	12.65	12.65	14.31	7.79	7.79	4.52	4.52	7.5	7.48	6.79	5.72	2	2	1.49	1.49	0.44	0.45	0.43	0.44	0.28	0.34	0.34	0.31	0.3	0.28	0.28	0.3	0.19	0.19	0.19	0.19	0.19	0.19	0.19	0.19	0.25	0.24	0.2	0.24	0.36	0.36	0.36	0.37	0.88	0.92	1.24	1.79	3.26	5.48	7.46	8.79	8.2	8.4	9.18	9.65	2.79	2.46	2.42	2.5	2.8	2.93	2.6	2.8	8.22	8.22	11.08	11.08
2025-08-29	6.71	6.71	7	7.5	6.27	6.27	6.27	6.63	10.98	10.98	10.98	10.98	14.79	20	20	20	16.53	16.53	22.84	25.08	24.18	23.12	22.06	21.03	50.69	39.8	51.91	51.91	37.36	38.58	38.58	44.2	54.59	54.59	16.28	16.28	12.8	7.25	6.1	2.5	1.27	0.93	0.86	0.8	0.39	0.33	0.28	0.27	0.26	0.26	0.26	0.24	0.16	0.16	0.16	0.14	0.16	0.16	0.17	0.16	0.19	0.19	0.2	0.2	0.22	0.21	0.2	0.21	0.28	0.23	0.26	0.28	0.81	1.11	1.25	1.79	5.19	6.58	12.5	15.78	6.76	6.76	5.34	5.34	2.28	2.2	2.2	2.2	2.5	2.5	3.21	3.21	2.5	2.5	4.31	6.61
2025-08-30	4.51	4.51	5.7	6.4	5.93	6.5	6.7	7.6	5.7	6.5	6.7	7.2	6.53	6.72	6.79	6.9	9	9.1	9.1	9	9.72	9.2	9.2	8.85	6.33	6.33	6	5.6	44.64	44.64	41.25	44.64	412.93	412.93	62.46	45.37	6.73	4.82	4.27	2.5	1.31	1.03	0.89	1.16	0.23	0.19	0.18	0.19	0.14	0.14	0.14	0.14	0.19	0.19	0.19	0.19	0.19	0.19	0.19	0.19	0.18	0.18	0.19	0.19	0.2	0.19	0.19	0.18	0.19	0.19	0.19	0.19	1.43	1.51	1.79	2	7.73	12.91	18.2	61.77	6.79	4.38	3.93	3.93	1.6	1.4	1.4	1.4	1.6	1.6	1.78	1.79	1.9	1.9	2.5	3.65
2025-08-31	2.5	4	4.4	5.5	8.7	8.78	8.78	8.78	11.6	11.8	13.24	13.24	15.31	15.31	15.31	15.31	14.65	15.5	15.54	16.06	15.5	16.06	16.8	16.2	16.12	16.12	16.12	17.5	40.48	44.71	44.71	51.69	30	30	28.51	23.01	2.83	2	2	1.61	0.5	0.39	0.39	0.39	0.5	0.5	0.47	0.49	0.5	0.46	0.47	0.47	0.5	0.5	0.5	0.5	0.5	0.54	0.53	0.5	0.57	0.5	0.53	0.5	0.5	0.5	0.56	0.54	0.6	0.67	0.79	1.24	1.05	1.43	1.43	1.79	23.47	3	8.71	12.5	13.92	12.74	12.84	13.36	6.5	5.6	5.4	5.3	5	5.2	6	6.4	5.4	5.75	6.09	6.49
2025-09-01	4.57	4.64	9.16	10.55	8.77	12.03	12.03	12.03	13.92	15.17	16.56	17.23	22.5	22.63	22.65	23.22	23.7	23.29	23.29	23.7	19.98	19.98	19.98	19.98	15.74	15.74	15.74	15.74	15.4	14.33	13.74	14.72	9.79	9.46	9.38	8.45	7.03	5.2	2.5	2.5	0.74	0.67	0.61	0.61	0.3	0.23	0.2	0.2	0.22	0.2	0.2	0.2	0.24	0.21	0.21	0.2	0.21	0.21	0.21	0.23	0.39	0.39	0.39	0.39	0.39	0.39	0.39	0.39	0.43	0.5	0.5	0.5	1.24	1.24	1.27	1.5	4.22	4.9	7.9	8.06	9.42	8.43	7.62	7.3	2.62	2.5	2.33	2.33	2.5	2.5	2.5	2.33	3.86	3.86	5.2	6
2025-09-02	5.04	5.34	7.5	7.5	10.73	10.73	10.73	10.73	19.66	19.66	19.66	19.66	14.62	14.49	14.37	14.19	8.3	8.7	13.76	13.71	13.66	13.66	13.66	11.02	18.08	13.89	18.08	18.08	26.08	27.9	27.9	28.86	41.64	41.64	16.1	14.45	8.55	6.42	5.11	5.13	1.11	1.07	1.02	1	0.39	0.39	0.39	0.39	0.39	0.39	0.39	0.39	0.34	0.35	0.36	0.38	0.34	0.32	0.34	0.39	0.39	0.39	0.39	0.39	0.5	0.5	0.5	0.5	1.25	1.45	1.15	1.45	2.33	2	2.5	4.36	9.56	9.63	42.81	42.81	26.39	26.39	394.34	26.96	1.6	1.6	1.6	1.6	1.73	1.73	1.62	1.62	2.5	2.5	3.21	3.21
2025-09-03	2.5	2.5	3.93	3.93	3.43	3.43	3.43	4.87	5.39	5.93	6.1	6.52	7.71	7.71	7.71	8.51	8.79	8.79	8.79	8.79	8.76	8.76	8.76	8.76	6.88	6.88	8.18	7.5	6.38	8.36	8.36	10.42	3.4	4.36	4.96	9.54	4.27	3.19	2.39	2.33	0.52	0.39	0.34	0.2	0.36	0.32	0.25	0.25	0.25	0.21	0.2	0.21	0.24	0.21	0.22	0.23	0.23	0.21	0.23	0.23	0.21	0.21	0.25	0.28	0.26	0.22	0.23	0.23	0.24	0.34	0.39	0.39	1.75	1.82	2	2	8.45	8.45	8.45	9.66	6.79	2	2	1.79	2.5	2.2	2.2	2.2	1.97	2.15	2.15	2.15	3.4	3.4	5.84	7.2
2025-09-04	4.96	4.96	10.48	10.48	10.77	10.77	10.77	10.77	13.19	13.19	14.44	14.44	15.53	15.53	15.53	15.53	18.48	18.48	18.48	18.48	18.34	18.34	18.34	18.34	19.6	16.21	16.57	17.96	23.73	24.52	24.52	24.52	28.73	29.69	20.34	19.04	15.27	8.6	6.92	6.74	2	2	2	2	0.75	0.67	0.67	0.59	0.49	0.49	0.48	0.49	0.39	0.39	0.39	0.39	0.39	0.39	0.39	0.39	0.39	0.39	0.39	0.39	0.54	0.57	0.56	0.56	0.92	0.95	1	1.02	3.49	3.4	4.07	5.31	19.69	22.09	49.38	28.81	11.02	11.18	11.3	10.2	3.4	2.5	2.5	2.2	2.66	2.66	2.66	3.8	5.53	6.05	9.4	10.6
2025-09-05	2.2	4.39	5.72	6.28	5.38	5.3	6.3	6.84	8.7	8.71	8.12	8.3	8.2	8.2	8.2	8.4	7.68	6.8	6.7	6.6	7.15	6.7	6.51	6.48	7.45	7.41	7.1	7	7.83	7.8	7.4	7.83	5.47	6.77	5.47	7.94	7.61	7.42	8.3	8.85	2.95	2.02	2.02	2	1.23	1.05	0.85	0.85	0.49	0.49	0.49	0.49	0.48	0.48	0.48	0.48	0.34	0.32	0.32	0.33	0.39	0.39	0.39	0.39	0.39	0.39	0.39	0.39	0.6	0.64	0.64	0.65	4.57	5.3	4.13	6.02	7.88	6.61	5.21	3.4	2.27	2.2	2.8	2.2	1.6	1.6	1.6	1.6	1.6	1.6	1.6	1.6	1.6	1.6	1.74	1.6
2025-09-06	3.3	4.6	5.59	5.76	4.6	4.6	4.6	4.6	3.8	3.8	3.7	4.02	3	4.8	5.2	5.3	4.9	4.88	4.31	4.31	4.62	4.65	4.95	4.62	4.95	4.9	4.95	4.95	10.42	11.4	11.4	13	27.43	28.68	27.43	24.4	6.8	4.31	2.44	2.41	2	2	0.99	1.09	0.5	0.5	0.39	0.39	0.39	0.39	0.39	0.39	0.39	0.39	0.39	0.39	0.39	0.39	0.39	0.39	0.39	0.39	0.39	0.39	0.39	0.39	0.39	0.4	0.5	0.5	0.59	0.79	1.75	2	2.39	2.5	4.95	6.11	5.59	4.95	7.22	4.95	5.59	4.95	3.73	2.87	2.84	2.81	3.18	3.18	3.47	3.42	3.5	3.64	3.67	4.22
2025-09-07	2.55	2.55	2.58	2.58	4.07	4.18	4.42	4.43	14.46	14.46	15.71	16.97	22.63	22.63	24.4	23.7	25.22	25.3	25.22	24.1	24.5	24.48	24.48	24.48	29.18	29.18	29.68	30.5	38.74	43.19	43.19	46.3	44.2	60.75	58.85	57.18	44.76	61.35	42.46	34.02	12.5	9.65	3.93	3.08	2.28	2	2	2.01	2	2	2	2	2	2	2	2	2	2	2	2	2	2	2	2	2	2	2	2	2.97	3.02	3.05	3.29	11	11	13.04	19.29	408.04	408.04	408.04	408.04	3.33	2.8	2.8	2.2	1.6	1.6	1.6	1.6	1.6	1.6	1.6	1.6	1.6	1.6	1.75	2.64
2025-09-08	2	2.4	3.4	3.5	4.23	4.23	4.23	4.23	4.68	4.68	4.78	4.68	5.83	5.83	5.83	5.83	7.8	7.88	7.88	7.88	7.77	7.77	7.77	7.63	6.73	7.12	5.59	5.59	3.9	4	4	4.54	2.57	3	2.8	3.39	5.05	4.98	4.23	5.2	6.79	6.88	6.79	6.88	4.5	5.36	3.93	3.93	3.07	2.57	2.57	2.57	2	2	2	2	2.74	2.75	2.75	2.87	2.72	2.76	3.04	3.03	3.14	3.13	3.1	3.17	3.95	4.3	5.36	5	7.38	8.22	8.7	9.48	6	6.1	6.05	5.73	6.06	5.58	4.3	4	4.3	3.55	3.55	3.52	3.99	3.99	3.99	3.99	5.5	6.01	6.72	6.9
2025-09-09	4.31	4.47	6	6.25	6.25	6.52	6.55	6.55	7.9	8.2	8.4	8.45	8.46	9	9	9.03	10.49	8.4	8.5	8.77	7.8	7.8	8	10.38	8.1	7.15	8.1	8.1	7.04	7.5	6.08	7.5	5	5.22	5	5.22	7.47	7.43	6.75	7.56	4.84	6.25	5.59	5.59	3.58	3.54	3.48	3.31	2.96	2.97	2.98	2.98	2.27	2.33	2.29	2.29	2.07	2.07	2.07	2.07	1.28	1.28	1.29	1.33	2.07	2.07	2.15	2.16	3.49	3.62	3.8	3.54	6.24	6.73	7.17	7.76	5.59	5.6	5.39	4.7	3.39	2.5	2.5	2.5	2.2	1.6	1.6	1.6	1.75	2.5	2.39	2.5	2.2	2.2	3.75	5
2025-09-10	5	5	7.5	7.11	8.05	8.22	8.22	8.22	33.82	33.08	32.07	31.6	37.98	37.88	37.55	37.13	22.91	22.73	22.73	22.73	13.24	13.24	12.5	13.24	20.15	20.15	21.54	20.72	27.3	17.53	20.11	26.55	15.25	21.35	11.77	9.69	9.65	7.52	6.5	6.03	1.5	1.38	1.31	1.25	0.53	0.39	0.39	0.39	0.39	0.39	0.39	0.39	0.39	0.39	0.39	0.39	0.39	0.39	0.39	0.39	0.42	0.42	0.42	0.41	0.58	0.59	0.6	0.61	1.24	1.24	1.49	1.55	3.3	3.85	4.46	4.71	7.78	8.08	8.23	8.26	5	5	5	4.69	2.5	2.49	2.47	2.45	2.5	2.5	2.5	2.5	5.5	6.05	6.7	7.19
2025-09-11	2.5	2.5	6	6	3.93	4.4	4.72	5.36	4.7	4.93	4.94	4.94	6.79	7.62	8.22	6.79	7.4	7.6	7.6	7.2	6.8	8.24	8.24	8.24	9.3	8.95	9.49	9.49	5.58	5.58	5.58	5.58	6.57	6.88	7.8	9.98	6.64	6	3.74	5.36	0.5	0.39	0.37	0.36	0.32	0.27	0.2	0.2	0.24	0.2	0.2	0.2	0.2	0.2	0.21	0.21	0.2	0.2	0.21	0.22	0.21	0.22	0.22	0.23	0.24	0.22	0.21	0.24	0.36	0.37	0.39	0.39	1.76	2	2	2.5	7.05	9.3	7.28	7.5	4.11	3.93	2.5	2.5	2.2	2.2	2.2	2.2	2.19	2.17	2.16	2.15	2.5	2.5	3.3	3.3
2025-09-12	2.5	2.5	3.19	3.19	3	3	3	3.19	3.75	3.75	3.75	3.75	3.75	3.75	3.75	3.75	3.8	3.8	3.8	3.8	3.75	3.75	6.25	6.51	2.87	2.87	3	2.5	2.2	2.2	2.2	2.2	2.5	2.5	2.8	3.06	3.14	3.75	2	2	2.12	2	2	2	1.17	1.09	0.69	0.69	0.5	0.5	0.5	0.5	0.39	0.39	0.39	0.39	0.38	0.37	0.37	0.38	0.33	0.34	0.37	0.37	0.48	0.49	0.49	0.48	1.23	1.2	2	2	2	2.2	3.17	4.31	13.83	22.74	403.15	39.43	4.5	4.34	2.5	2.5	2.24	1.6	1.6	1.6	2.2	2.2	2.2	2.2	2.8	2.8	3.75	3.75
2025-09-13	3.75	3.75	5.01	5.01	4	4	4	4	5	5	5	5	6.25	6.25	6.25	6.25	6.28	6.28	6.28	6.28	6.55	7.17	7.17	7.17	5	5	5	5	6.25	6.25	6.25	6.25	6.25	7.5	8.4	8.91	18.79	8	5.42	3.76	1.75	1.38	1.25	1.25	0.48	0.42	0.39	0.39	0.3	0.28	0.28	0.25	0.35	0.35	0.35	0.39	0.35	0.39	0.39	0.39	0.27	0.28	0.33	0.33	0.33	0.36	0.37	0.39	0.39	0.39	0.5	0.5	2	2.15	2.27	4.08	18	19.7	22.29	19.15	5	5	3.49	3.49	2.27	2.2	2.2	2.2	2.53	2.53	2.56	2.56	2.45	2.45	3.61	3.61
2025-09-14	4.31	5	7.63	7.9	5.28	6.3	6.57	6.57	6.9	7.8	8.8	8.8	10.3	10	10	10.52	10.4	10.4	10.4	10.4	9.1	8.92	9.5	9.73	7.7	7.6	7	7.5	19.09	20.12	20.12	20.12	42.1	46.8	33.47	20.5	22.5	10.32	4.51	4.5	1.85	1.54	1.24	1.24	0.44	0.41	0.39	0.39	0.39	0.39	0.39	0.39	0.39	0.39	0.39	0.39	0.5	0.5	0.5	0.5	0.39	0.39	0.39	0.39	0.39	0.39	0.39	0.42	0.5	0.5	0.79	0.63	2.26	2	3.92	5.78	12.07	21.67	58.6	413.92	9.54	6.25	3.5	3.5	2.4	2	2	2	2.28	2.29	2.7	2.7	2.69	2.69	2.65	2.65
2025-09-15	3.53	3.53	3.53	3.53	3.4	3.4	3.4	3.4	3.75	3.75	3.75	4	3.75	4	4	4	5	5	4.4	4	3.4	3.4	4.24	5	5	5	7.5	3.75	2.5	2.5	2.5	2.8	2.2	3.75	6	6.25	6.74	2.51	2.51	2.39	2	1.75	1.68	1.48	0.64	0.59	0.5	0.5	0.6	0.5	0.5	0.5	0.5	0.5	0.5	0.5	0.39	0.39	0.39	0.39	0.47	0.46	0.45	0.46	0.63	0.64	0.59	0.59	0.71	1	1.27	1.24	2	2	2	3.67	4.9	5.03	7.57	7.57	6.79	6.25	2.8	2.8	2.8	2.52	2.55	2.5	2.85	2.86	2.88	2.92	3.58	3.03	3.1	3.03
2025-09-16	4.34	4.34	3.03	3.67	3.4	3.5	3.5	3.5	3.67	4.2	4.4	4.58	4.31	4.07	4.31	4.07	3.4	3.26	3.05	2.8	3.03	2.8	3.03	3.67	3.06	3.06	3.46	2.8	2.13	2.34	2.4	2.55	2.2	2.8	3.5	3.75	2.75	2.95	2.75	2.62	2	2	2	1.88	0.58	0.5	0.5	0.5	0.4	0.39	0.39	0.39	0.39	0.39	0.39	0.39	0.39	0.39	0.39	0.39	0.39	0.39	0.39	0.39	0.5	0.5	0.5	0.43	0.73	0.86	1.55	1.87	2	2	3.48	4.59	2	2.1	2.42	2.4	3.22	2.42	1.9	1.9	1.9	1.25	1.25	1.25	1.8	1.8	1.8	1.8	2.32	2.32	2.51	2.32
2025-09-17	1.5	1.5	1.6	1.6	1.6	1.6	1.6	1.6	1.6	1.6	1.6	1.6	1.75	1.75	1.75	1.75	1.75	1.75	1.75	1.75	1.6	1.6	1.66	1.66	1.78	1.78	2.2	2.2	1.5	1.5	1.5	1.5	1.6	2	2.38	2.31	4.58	5.03	3.03	2.39	4.31	3.67	2.25	2.05	1.24	0.94	0.4	0.39	0.39	0.39	0.39	0.39	0.39	0.39	0.39	0.39	0.39	0.39	0.39	0.39	0.39	0.39	0.39	0.39	0.39	0.39	0.39	0.4	1.24	1.25	2	2.38	2.53	2.68	3.03	2.88	3.06	2.57	2.8	2.57	2.57	1.78	1.91	1.94	2.2	1.25	1.25	1.25	1.6	1.6	1.6	1.6	2.2	2.2	2.8	2.8
2025-09-18	1.5	1.5	2.2	2.07	1.62	1.62	1.62	1.62	1.8	1.8	1.8	1.8	1.74	1.74	1.74	1.74	1.74	1.74	1.74	1.74	2.2	2.2	2.2	2.2	2.03	2.03	2.8	2.8	1.71	1.71	2.07	2.07	6.25	6.01	6.25	5.57	5.01	3.03	3.03	2.81	2.21	2.21	2.01	2.01	2	2	2	2	1.92	1.85	1.85	1.85	1.85	1.85	1.85	1.85	1.66	1.66	1.66	1.67	1.67	1.58	1.63	1.67	2	2	2	2	2.46	2.46	5.49	3.67	2.82	3.48	4.07	4.82	2.73	2.55	2.86	2.8	3.75	3.4	1.93	1.94	1.76	1.51	1.51	1.51	1.6	1.6	1.6	1.6	1.68	1.68	2.49	2.42
2025-09-19	1.6	1.55	2.2	2.2	1.6	1.6	1.6	1.6	1.6	1.6	1.6	1.6	1.6	1.6	1.6	1.6	1.6	1.6	1.6	1.6	1.6	1.6	1.6	1.6	2.2	2.2	2.64	2.8	1.79	1.67	1.67	1.67	2.03	2.64	3.4	3.42	3.03	2.87	2	2	2.31	2.33	1.97	1.85	1.5	1.3	1.24	1.43	1.24	1.23	1.23	1.23	1.24	1.24	1.13	1.13	0.78	0.78	0.89	0.84	0.92	1.02	1.12	1.43	2.18	2.26	2.41	2.72	3.25	5.3	8.04	7.69	4.52	6.68	5.6	5.3	4.72	4.2	4.59	4.2	3.75	3.75	2.25	2.25	2.28	2.25	2.25	2.25	2.2	2.2	2.2	2.57	2.12	2.13	2.64	2.64
2025-09-20	3.42	2.25	2.71	2.7	3.5	3.5	3.5	3.5	4.02	4.02	4.02	4.02	4.65	4.65	4.65	4.65	4.43	4.43	4.43	4.43	4.38	4.48	4.48	4.48	2.95	2.95	2.95	2.95	4.07	4.07	4.07	4.07	4.29	5	7.07	10.31	20.6	11.52	6.65	3.25	2.5	2	2	2	0.5	0.5	0.5	0.5	0.39	0.39	0.39	0.39	0.33	0.33	0.32	0.33	0.33	0.34	0.36	0.38	0.38	0.39	0.39	0.39	0.71	0.5	0.5	0.5	2	2	2	2.4	2	2.76	9.38	9.15	8.96	7.98	6.73	6.03	4.2	3.81	2.37	2.38	2.5	2.38	2.39	2.4	2.2	2.33	2.9	2.9	2.74	2.74	3.4	3.45
2025-09-21	6.83	6.83	7.03	7.5	7.09	7.09	7.5	7.5	7.58	7.65	9.2	9.67	7.5	7.5	7.5	7.5	7.5	7.5	7.5	7.5	7.5	7.86	7.87	7.87	8.87	8.7	8.7	7.5	7.5	7.5	7.5	7.5	10.42	24.4	31.63	21.4	24.55	27.87	6.03	5.17	2	1.88	1.95	1.97	0.39	0.39	0.39	0.39	0.35	0.35	0.32	0.32	0.31	0.3	0.32	0.32	0.39	0.39	0.39	0.39	0.39	0.39	0.39	0.39	0.39	0.39	0.39	0.39	0.41	0.42	0.5	0.5	1.43	2	2	2.8	10.34	13.16	13.16	13.16	7.5	7.22	4.79	4.79	4.4	3.87	4.3	4.5	4.1	4.2	5.68	5.6	7.5	7.5	10.73	13.1
2025-09-22	7.5	7.5	13.78	14.86	7.5	7.5	7.5	12.78	13.95	14.9	14.95	14.9	14.9	15.23	15.85	15.23	14.93	14.9	14.3	12.78	12.85	9.34	8.83	7.5	12.58	12.78	7.5	7.5	10	7.65	7.5	8.1	11.07	15.27	12.74	9.4	2.2	4.46	2	2	0.5	0.4	0.34	0.36	0.14	0.14	0.14	0.13	0.14	0.14	0.14	0.14	0.18	0.18	0.18	0.18	0.18	0.19	0.19	0.2	0.2	0.2	0.19	0.2	0.19	0.19	0.2	0.23	0.16	0.17	0.34	0.38	2.28	2.19	2.46	3.31	7.31	7.25	7.25	7.2	5.71	4.93	2.5	2.5	2.22	1.79	1.79	1.77	2.8	2.8	4.54	4.54	6.93	6.93	7.68	8.59
2025-09-23	7	7.13	7.78	7.92	6.5	6.5	7.1	8.75	8.6	8.62	8.65	8.62	12.4	12.5	12.7	9.61	11.1	12.8	12.8	12.3	10.29	10.29	10.29	10.29	9.43	9.43	10	9.54	7.5	7.5	6.6	6.6	7.52	7.6	9.14	9.14	16.06	6.69	5.1	2.5	0.79	0.68	0.57	0.59	0.27	0.27	0.24	0.26	0.19	0.17	0.16	0.15	0.14	0.14	0.14	0.14	0.14	0.14	0.14	0.14	0.16	0.15	0.16	0.16	0.15	0.16	0.17	0.17	0.39	0.43	0.5	0.52	2.5	2.5	4.08	4.86	8.86	8.86	8.86	8.86	3.4	2.8	2.02	1.99	2.2	1.97	1.97	2.15	2.33	2.19	3.7	2.5	4.59	4.59	6.94	7.5
2025-09-24	4.62	4.54	4.72	4.75	3.8	3.8	3.87	4.22	7.36	8.85	11	11	13.53	13.53	14.15	14.15	14.32	14.32	14.32	14.32	15.6	15.5	14.8	14.2	11.86	11.86	14	11.86	8.3	7	7	6.4	9.9	10.01	10.5	11.22	13.46	8.17	3.1	2.99	1.56	1.46	1.45	1.4	0.34	0.32	0.29	0.28	0.26	0.26	0.26	0.25	0.38	0.37	0.37	0.36	0.25	0.25	0.27	0.29	0.2	0.21	0.22	0.2	0.3	0.3	0.3	0.31	1.61	2.5	2.99	2.99	8.2	8.48	8.86	10.44	7.5	7.5	6.37	5.06	3.75	3.75	2.99	2.99	3	2.33	2.33	2.33	5.97	5.85	5.44	5.85	8.04	8.04	8.04	8.3
2025-09-25	4.63	6.9	7.99	8.2	7.67	7.43	7.8	8.1	8.54	8.54	8.54	8.54	8.37	8.62	8.62	9.27	8.46	8.46	8.46	8.46	15.02	15.2	15.02	13	9.2	7.5	7.3	6.8	2.2	2.2	2.2	2.2	1.6	2.5	3.92	5.34	9.41	9.41	5.39	6.24	2	2	2	2	1.51	1.43	1.25	1.24	0.87	1.24	1.15	1.15	1.05	1.05	0.85	0.85	0.85	0.85	0.85	0.85	0.96	0.96	0.96	0.96	1.05	1.08	1.08	1.09	1.61	1.93	2	2	2.3	2.7	8.53	8.8	3.92	2.5	2.2	2	1.6	1.6	1.6	1.6	1.6	1.24	1.24	1.24	1.24	1.24	1.24	1.24	1.6	1.6	2.08	2.08
2025-09-26	1.24	1.24	1.24	1.24	1.24	1.24	1.24	1.24	1.24	1.24	1.24	1.24	1.24	1.92	1.92	1.92	1.24	1.24	1.24	1.24	1.24	1.24	1.24	1.24	1.24	1.24	1.33	1.33	1.24	1.24	1.24	1.24	1.6	1.6	1.93	2	1.6	2	1.93	1.24	1.25	2	2	2	1.76	1.58	1.41	1.37	1.24	1.24	1.24	1.24	1.13	1.13	1.13	1.13	0.94	0.94	0.94	0.94	1.58	1.58	1.78	1.78	1.93	1.93	1.93	1.35	2	2	2.08	2.95	2	2	2	3.14	2.2	2.2	2.2	2.2	1.6	1.6	1.6	1.6	1.6	1.24	1.24	1.24	1.24	1.24	1.24	1.24	1.24	1.24	1.6	1.6
2025-09-27	1.24	1.24	1.24	1.24	1.24	1.24	1.24	1.24	1.24	1.24	1.24	1.24	1.24	1.24	1.24	1.24	1.24	1.24	1.24	1.24	1.7	2.5	2.79	2.7	2.8	2.79	2.6	2.38	1.66	1.66	1.6	1.6	1.5	2	5	6.25	8.94	8.94	9.3	8.94	2	1.93	1.57	1.37	1.03	1	1	1	0.74	0.74	0.73	0.74	0.63	0.63	0.63	0.63	0.63	0.63	0.79	0.89	0.79	0.79	0.79	0.94	1.11	1	1.11	1.24	1.53	2	2	4.45	9.65	12.96	23.59	27.55	15	12.5	5.36	3.98	5.59	5.37	2.2	2.2	2.3	2.47	2.48	2.52	2.2	2.2	2.75	5.01	2.07	2.07	3.24	4.16
2025-09-28	9.3	9.3	11.23	12.74	11.05	11.08	11.05	11.05	11.25	11.3	11.25	11.25	11.56	11.56	11.56	11.77	12.6	12.6	12.6	12.6	12.75	12.75	12.69	12.69	12.63	12.5	12.31	11.27	17.51	16.13	15.4	14.7	14.7	19.66	22.52	22.52	19.66	20.95	19.66	14.74	11.09	7.51	6.55	6.3	3.93	2.4	2	2	2.4	2.4	2	2	1.84	1.86	1.84	1.9	2	2	2	2	2	2	2	2.4	2.5	3.79	3.93	4.46	6.06	7.14	9.65	10.67	12.55	15	20.9	22.5	9.36	8.4	8.22	7.8	8.72	8.26	6.4	6.1	6.26	5	5	5	5.36	5.36	5.36	6.05	5.36	6	6.2	7.3
2025-09-29	9.65	10.1	10.96	10.96	9.65	11.34	11.08	11.08	9.65	11.08	11.08	11.08	13.8	15.1	16.26	14.18	13.18	13.18	12.68	12.68	12.68	12.5	12.5	11.08	9.65	8.8	8.18	6.79	6.25	5.36	4.62	4.62	4.7	5.36	6.79	7.06	3.75	5	5	5.36	5.79	5.36	5.1	5	5.36	4.03	3.93	3.5	3.1	3.2	2.5	3.1	2.89	2.9	2.5	2.5	2.27	2.27	2.27	2.26	2.86	2.87	2.87	2.87	2.5	2.5	2.5	3	4.1	4.1	5.25	4.7	3.93	4.29	3.93	4.51	5.36	5	4	3.4	2.8	2.2	1.6	1.6	1.6	2.08	1.6	1.6	2.85	2.73	2.5	2.5	2.8	2.8	3.93	4.7
2025-09-30	3.4	3.4	4.04	4.04	4.41	5	5	5	7.97	8.22	8.22	8.22	9.65	9.65	9.65	9.65	9.66	9.66	9.66	10.11	10.8	9.65	9.85	9.65	4.86	4.86	5	3.75	2	2	2.2	2.2	1.75	2.2	3.29	3.75	2.2	2.35	2.35	2.35	2	2	2	2	2	2	2	2	2	2	2	2	2	2	2	2	2	2	2	2	2	2	2	2	2	2	2	1.78	2	2	3.5	2.6	4.21	4.73	4.36	4.57	1.24	1.24	1.24	1.24	2.2	1.75	1.24	1.24	1.24	1.24	1.24	1.24	1.24	1.24	1.24	1.24	2.2	2	2.5	2.5
2025-10-01	1.26	1.48	1.6	1.6	1.49	1.49	1.49	1.28	1.48	1.6	1.6	1.6	1.6	1.6	1.6	1.6	1.6	1.6	1.49	1.29	1.58	1.53	1.49	1.6	1.6	1.6	1.6	1.8	1.75	1.74	1.6	1.6	1.6	1.75	2.8	2.8	3.75	5	2.91	2.5	2.43	2.03	2	2	2	1.31	0.97	0.81	0.85	0.67	0.8	0.56	1.02	1.02	1	0.99	0.89	0.98	1.21	1.24	1.22	1.27	1.25	0.81	2	1.06	1.49	2	1.23	2	2.1	5	3.66	5	2.5	2.03	3.75	2.2	1.75	1.75	1.75	1.75	1.6	1.6	1.6	1.25	1.25	1.4	1.4	1.4	1.4	1.4	1.4	1.4	1.6	1.6
2025-10-02	1.6	1.6	2	2	1.6	1.6	1.6	1.6	1.6	1.6	1.6	1.6	1.6	1.6	1.6	1.6	1.6	1.6	1.6	1.6	1.6	1.6	1.6	1.6	1.6	1.6	2	1.95	2	2	1.6	1.6	1.6	1.95	2.2	2.2	1.71	2	2	2	2.13	2	2	2	2	1.53	1.63	1.16	1.1	0.72	0.89	0.63	0.9	0.68	0.61	0.39	0.59	0.61	0.89	0.89	0.93	0.56	0.4	0.47	1.24	1.55	1.55	1.76	1.23	1.81	2	2.33	2	2	2.5	2	2.31	2.2	2	1.6	1.6	1.6	1.25	1.25	1.6	1.24	1.24	1.25	1.25	1.25	1.25	1.25	1.25	1.25	1.6	1.6
2025-10-03	1.6	1.6	2	2	1.6	1.6	1.6	1.6	1.6	1.6	1.6	1.6	1.6	1.6	1.6	1.6	1.6	1.6	1.6	1.6	1.6	1.6	1.6	1.6	1.6	1.6	2.02	2.02	2	2	2	1.87	2	2	2.25	2.25	3.4	4	2.25	2.4	1.81	1.93	1.89	1.89	2	2	2	2	2	2	2	2	2	2	2	2	2	2	2	2	2	2	2	2	2	2	2	2	2.53	3.03	3.75	4.65	8.12	10.58	8.91	8.91	6.69	5.89	5.97	5.58	2.14	2.2	1.64	1.63	2	1.6	1.6	1.6	1.6	1.6	1.6	1.6	1.6	1.6	2.1	2.1
2025-10-04	1.5	1.5	1.6	1.6	1.5	1.5	1.5	1.5	1.5	1.6	2.2	3	2.25	2.57	2.9	4.45	2.2	2.9	3.4	3.4	3.4	3.4	3.5	3.4	5.58	4.5	3.75	4.5	3.5	3.5	3.5	3.5	5	5.25	7.25	9.74	17.19	13.5	3.92	1.96	2.15	1.37	0.5	0.26	0.25	0.2	0.2	0.19	0.19	0.22	0.21	0.21	0.18	0.18	0.21	0.23	0.25	0.23	0.28	0.2	0.28	0.2	0.21	0.21	0.33	0.3	0.29	0.21	0.39	0.39	0.5	1.24	0.59	2	5.33	21.32	20.74	9.77	8.95	7.5	6.15	6.09	5.01	5	1.89	1.76	1.77	1.77	1.81	1.79	2.01	1.77	1.77	1.66	2.15	2.03
2025-10-05	2.92	2.92	3	3	3	3	3	2.91	3	3	3	3	3	3	3	3	3	3	3	3	3	3	3	3	3.93	3.93	3.93	6.02	6.2	6.2	6.2	6.2	10.2	11.52	12.23	11.85	14.94	6.13	1.86	1.44	1.45	0.5	0.5	0.39	0.32	0.29	0.28	0.25	0.26	0.2	0.19	0.14	0.14	0.5	0.5	0.5	0.5	0.5	0.5	0.5	0.5	0.26	0.28	0.28	0.33	0.28	0.29	0.39	0.39	0.49	0.51	1.24	1.46	1.64	4.93	8.22	7.7	7.7	6.06	7.02	3.93	3.86	3.86	3.86	2.2	2.05	1.98	1.99	1.95	1.95	2.84	3.1	3.06	3.06	3	3
2025-10-06	2.87	2.86	2.95	2.95	2.95	3.04	2.8	2.8	3.93	3.93	3.93	5.22	5.4	5.97	6.7	8.22	9.98	9.98	9.98	9.98	11.08	13.51	12.1	9.76	13.1	12.5	15.1	3.75	4.18	3.4	3.4	3.4	3.36	3.75	5	5	5.58	5.58	5	5.36	3.93	2.67	2.02	2	2.89	2.5	2.56	2.5	2	2	2	2	2	2	2	2	2	2	2	2	2	2	2	2	2	2	2	2	2	2	2.79	2.98	3.93	5	4.47	3.36	2.25	2.25	1.5	1.5	1.24	1.24	1.24	1.24	1.24	1.24	1.24	1.24	1.24	1.5	1.5	1.5	1.5	1.5	2.2	2.9
2025-10-07	1.3	1.6	2.5	2.5	1.6	1.6	1.9	2.11	2.5	2.5	1.84	2.5	2.5	2.5	2.5	2.5	2.5	2.5	2.5	2.5	2.5	2.5	2.5	2.5	2.2	2.2	2.6	2.2	2.2	2.5	1.6	2.2	1.6	2	3.75	2.85	1.22	1.6	0.5	1.24	1.5	1.97	1.24	0.45	2	2	1.93	1.57	1.67	1.5	1.5	1.5	1.53	1.49	1.4	1.5	1.5	1.49	1.5	1.5	1.53	1.61	1.73	1.82	1.5	1.5	1.68	2	1.24	1.5	2	1.24	2	2	2.17	2.6	2.41	1.36	1.24	1.24	0.46	0.46	0.46	0.46	0.46	0.46	0.46	0.46	0.46	0.46	0.46	0.46	1.24	1.24	1.24	1.24
2025-10-08	2.5	2.5	3.57	3.57	3.3	3.4	3.4	3.4	3.4	3.4	3.4	3.4	3.4	3.4	3.4	3.4	3.4	3.4	3.4	3.4	3.9	3.57	3.5	3.34	3.57	3.57	3.57	3.57	3.57	3.4	2.8	2.2	1.6	2.2	3.57	4.64	2.05	3.2	2	2.1	2	2	2	2	2	2	1.95	1.78	2	1.91	1.88	1.81	1.88	1.5	1.5	1.5	1.5	1.5	1.5	1.5	1.5	1.56	1.57	1.57	1.39	1.5	1.7	1.98	2	2	2	2.47	2	2.6	2.6	2.77	3.75	3.75	3.57	3.57	2.8	2.8	2.5	2.5	1.6	1.24	1.6	1.6	1.6	1.6	1.67	2.2	2	2.2	2.2	2.2
2025-10-09	2.2	2.2	3.93	5.36	2.25	2.5	2.5	3.75	2.04	2.5	2.5	2.5	3.76	3.5	3.46	3.25	3.25	3.25	3.25	3.37	3.85	2.77	2.5	2.2	3.79	3.93	2.5	2.2	2.12	1.6	1.6	2.2	2.5	2.8	3.2	3.13	2.5	2.58	3.03	3.93	3.39	3.61	1.85	0.46	2	1.24	0.89	0.49	0.79	0.77	0.78	0.77	1.05	1.05	1.05	0.99	0.93	0.95	0.94	0.94	0.85	0.84	0.94	1.16	0.92	1.03	1.63	2	1.24	3.93	5.32	5.36	5.36	6.79	6.79	6.79	4.67	4.45	3.57	3.57	2.8	2.5	2.5	2.5	2.5	1.6	1.6	2.2	1.77	2.74	2.99	3.16	1.6	1.98	3.4	3.44
2025-10-10	2.39	3.03	3.4	3.59	3.4	2.98	3	3.09	3.67	3.67	3.67	3.67	3.83	3.73	3.7	3.61	4.2	4.2	3.67	3.85	3.94	4.31	4.31	4.25	4.31	2.99	3.4	3.4	3.92	3.03	2.8	2.8	2.8	3.22	3.75	4.31	4.58	5	5	6.1	4.31	2.29	2	2	2	2	2	2	1.87	1.75	1.51	1.59	1.57	1.24	1.24	1.75	1.61	1.75	2	1.8	1.59	1.75	2	2	2	2	2	2	2	2	2.39	2.37	1.24	2	1.24	1.25	5.26	5	5	4.31	3.4	3.4	2.5	2.2	2.5	1.64	1.75	1.75	1.75	1.75	1.75	1.75	1.75	1.76	3.5	3.67
2025-10-11	1.75	1.75	2.26	2.2	2	2.2	2.2	2.2	2.42	2.5	2.5	2.39	2.39	2.39	2.41	2.39	2.5	2.5	2.5	2.5	2.5	2.5	2.5	2.67	2.4	2.13	2	2.5	3	3	3	3	3.86	3.86	4	4	7.5	4.31	6.96	8	5.5	4.31	3.03	2	2	2	2	2	2	2	2	2	2	2	2	2	2	2	2	2	2	2	2	2	2	2	2	2	3.03	3.9	6.25	7.96	8.8	10.1	7.5	9.55	6.58	7.5	6.5	6.25	3.03	3.03	2.2	2.2	2.2	1.6	1.6	1.6	2	2	2.2	2.2	2	2	2.2	2.5
2025-10-12	2	2	2.8	2.8	2	3.49	3.54	3.54	5.79	7.81	8.31	8.31	8.39	8.39	8.44	8.44	12.5	12.5	12.5	13.52	15.43	15.43	13.52	13.52	11.4	11.2	10.6	19.83	17.47	8.2	17.47	7.92	15.43	15.43	16.44	17.43	21.9	21.34	12.31	17.14	6.97	4.31	3.42	2	2.68	2	1.85	1.77	2	2	2	1.75	1.81	1.79	1.83	1.87	1.92	1.93	1.92	2	2	2	2.44	2.83	2.67	2.88	3.21	3.03	3.97	5.64	13.64	10.32	10.83	18.86	18.86	18.86	6.25	5	4	4	3.75	3.75	3.75	3.75	3.49	2	1.4	1.4	1.6	1.4	2	2	1.6	1.6	2	2
2025-10-13	2.2	1.71	2.74	2.67	3.5	2.74	3.22	3.84	3.5	3.5	5	3.5	3.75	3.88	3.75	3.8	3.2	3	2.6	2.2	1.6	1.6	1.6	1.6	1.6	1.6	2.2	2.2	2	2	2	2	2.2	2.2	2.5	2.5	3.5	3.5	3.4	2.8	2.5	2	2.5	3.5	2	2.6	2.44	2.35	2.76	2.53	2.39	2.39	2.3	2.3	2.3	2.3	2.22	2.21	2.19	2.16	2	2	2.13	2.21	2.22	2.27	2.35	2.61	8.13	8.49	10	11.17	5.48	3.5	3.5	4.4	2.2	2.49	2.49	2.49	1.6	1.6	1.5	1.5	1.24	1.24	1.24	1.24	1.24	1.6	1.6	1.6	1.24	1.24	2.2	2.2
2025-10-14	2	2	2.2	2.2	2	2	2.2	2.2	2.2	2.2	2.2	2.2	2.2	2.2	2.2	2.2	2.2	2.1	2	2	2.2	2.2	2.2	2	2.2	2.2	2.5	2.5	2.5	2.5	2.2	2.2	1.6	2	2.8	2.8	2	2.2	2.5	2.8	2	2	3	3	2.39	2.77	2.6	2.6	2.39	2.27	2.13	2.06	2.55	2.55	2.43	2.35	2.4	2.45	2.38	2.39	2.51	2.49	3.03	3.03	3.3	3.67	3.3	2.66	3.03	4.31	4.31	5.01	3.49	4.4	3.5	3.75	3.75	3.4	2.2	2.2	2	2	1.6	1.6	1.6	1.24	1.24	1.24	1.24	1.24	1.24	1.24	1.24	1.24	2	2
2025-10-15	2.8	2.8	3.1	3.1	2.3	2.3	2.3	2.3	2.3	2.44	2.44	2.3	2.3	2.3	2.3	2.3	2.3	2.3	2.3	2.3	2.1	2.3	2.1	2.1	2.2	2.2	2.8	2.8	2.2	2.2	2.2	1.92	1.6	2.1	2.3	2.2	1.6	2.2	2.1	2.1	2	2	2	2.1	2.39	2.56	2.3	2.19	2	1.75	1.75	1.75	2	2	2	2	2	2	2	2	2	2	2	2	2	2	2	2.07	2.19	2.7	3.3	2.6	2.6	2.6	2.6	3.5	2.67	2.8	2.6	2.6	2.2	2.2	1.6	1.6	1.6	1.24	1.24	1.24	1.6	1.6	1.6	1.6	1.6	1.6	2.2	2.2
2025-10-16	1.81	1.81	2.2	2.2	1.6	1.6	1.6	1.6	1.6	1.6	1.6	1.6	1.6	1.6	1.6	1.6	1.6	1.6	1.6	1.6	1.6	1.6	1.6	1.6	1.6	1.6	2.2	2.5	2.2	2.2	2.5	2.5	1.6	2.8	3.75	3.75	2.5	3.75	2.8	2.69	2	2.5	2	2	2	2.13	2.09	2.21	2	2	2	2	2	2	2	2	2	2	2	2	2	2	2	2	2	2	2	2.08	2	2	2	2	2	2	2.5	3.5	3.13	3.46	2.8	2.8	2.5	2.5	1.6	1.6	2.07	1.25	1.25	1.24	1.6	1.6	1.26	1.26	1.6	1.6	2.07	2.07
2025-10-17	2.8	2.8	2.86	2.8	2.2	1.6	1.6	1.6	1.6	1.6	1.6	1.6	1.6	1.6	1.6	1.6	1.6	1.6	1.6	1.6	1.6	1.6	1.6	1.6	1.6	1.6	2.8	2.8	1.25	1.25	1.6	1.6	1.6	1.6	2.2	2.2	1.6	1.6	1.6	1.6	1.24	1.22	1.22	1.5	2	2	2	2	2	2	2	2	2	2	1.98	1.85	1.93	1.85	1.73	1.74	1.5	1.67	1.86	2	2	2	2	2	2.08	2.67	2.65	2.6	2	2	2	2	1.6	1.6	1.6	1.25	1.25	1.25	1.24	1.24	1.24	1.24	1.24	1.24	1.24	1.24	1.24	1.24	1.24	1.24	1.25	1.25
2025-10-18	1.6	1.6	2.2	2.2	1.6	1.6	1.6	1.6	1.6	1.6	2	2.4	1.6	1.6	1.91	2.2	2	2	2	2	2.5	3	3	2.5	1.71	1.6	1.6	2.8	2.2	2.2	2.2	2.2	1.6	2.8	3.93	3.75	8.21	11.08	12.07	12.5	2.66	6	3.93	2.5	2	2	2	2	2	2	2	2	2	2	2	1.96	1.78	1.61	1.34	1.32	0.99	0.98	1	1.25	1.58	1.56	2	2	4.24	2	6.9	6.9	7.42	4.74	6.25	4.4	3.57	3.57	2.2	3.57	2.2	2.2	1.6	1.6	1.82	1.6	1.6	1.6	1.25	1.25	1.6	1.6	1.25	1.25	1.6	1.6
2025-10-19	1.51	1.49	7.5	7.9	6.79	6.9	8.22	8.51	9.65	11.27	13.88	16.1	21.91	21.61	22.65	22.69	30	28.53	28.55	28.51	32.27	30	30	30	28.57	28.56	28.57	36.1	52.99	52.99	52.99	52.99	52.59	63.97	81.25	81.25	67.55	84.84	67.55	62.75	23.7	28.85	20.64	11.08	3.93	2.67	2	2	2.29	2	2	2.05	2	2	2	2	2	2	2	2	2	2	2	2	2.34	2.5	2.5	2.9	2.71	12.5	25.54	26.8	40	30.08	40	44.16	12.12	11.08	8.68	7.5	5.5	5.36	5.75	5.4	4.6	3.4	2.48	3.55	3.93	4.34	4.17	5.96	3.7	4.07	8.22	9.65
2025-10-20	9.65	9.65	12.5	12.5	13.42	13.35	13.47	13.31	14.49	14.4	14.24	14.45	14.19	14.19	13.82	14.99	14.24	14.24	14.62	14.54	14.53	14.44	14.05	14.04	12.89	11.1	11.08	10.22	3.68	4	3.93	1.34	1.6	2.2	2.5	2.75	1.6	2.5	4.9	4	3.8	5.36	5.36	3.21	2	2	2	2.1	2.89	2.87	2.83	2.94	2.33	2.11	2.06	2.12	2.04	2	2	2	2.14	2.15	2.05	2	2.35	2.35	2.34	2.36	2	2.38	2.5	3	3	5.26	4.3	6.1	4.37	5.56	4.1	2.75	2.2	1.6	1.6	1.6	1.6	1.6	1.6	2.5	1.96	2.9	3.75	3.93	4.1	3.93	8.22	10.97
2025-10-21	8.22	8.22	12.5	12.5	9.65	9.65	9.65	9.65	9.65	10.64	11.08	11.08	11.08	10.63	9.65	9.65	9.65	9.65	9.65	9.65	9.65	9.65	9.65	9.65	11.08	11.08	11.08	5.47	3.93	3.93	5	4.38	2.75	3.52	3.93	4.67	2.5	3.93	5	5	3.12	2.59	2	2	2	2	2	2	2	2	2	2	2	2	2	2	2	2	2	2	1.89	1.89	1.89	1.89	2	2	2	2	2.07	2	2.5	3	3.93	6.16	11.08	6.79	3.93	5.36	4.56	2.2	2.2	2.2	1.84	2.5	1.9	2.8	3.03	3.93	3.69	3.93	2.94	3.31	3.26	2.95	2.75	2.61
2025-10-22	4.3	4.57	4.51	4.24	4.22	3.93	3.93	3.93	3.93	3.93	3.93	3.93	3.93	3.93	3.93	3.93	5.36	5.36	5.36	5.36	5.36	5.36	5.36	5.36	6.79	6.79	8.22	4.5	2.78	3	3.38	3.91	5.36	5.36	6.03	6.25	6.79	6.25	8.22	6.25	6.79	3.29	2.98	2.7	2.76	2.18	2.05	2.01	2.64	2.1	2.14	2.06	2	2	2	2	2	2	2	2	2	2	2	2	2	2	2	2.1	2.55	2.96	3.93	5.36	3.97	6.79	9.56	5	2.99	3.93	3.93	4.51	4.19	4.26	3.77	3.33	3.27	3.02	2.67	2.5	2.29	1.72	1.94	1.31	3.5	2.62	3	3
2025-10-23	5.36	5.36	3.93	3.93	2.5	3.38	2.68	2.97	2.9	4.7	3.42	3	3	3	2.9	2.94	2.8	2.93	2.92	2.91	2.78	2.68	2.64	2.64	2.22	1.77	2.28	2.26	2.29	1.94	2.35	2.6	2	2.12	2.43	2.17	4.03	3.36	2.5	3.1	2.99	2.15	2	1.24	1.24	1.24	0.83	0.78	0.76	0.75	0.76	0.75	0.72	0.73	0.73	0.73	0.77	0.78	0.79	0.79	0.86	0.89	0.86	0.93	0.77	0.78	0.78	0.79	1.24	1.72	2.36	2.82	3	3.42	10.75	10.75	4.9	5.52	5.88	5.38	1.54	1.3	1.3	1.3	1.3	1.25	1.25	1.25	1.24	1.24	1.24	1.3	1.3	2.35	5	4.75
2025-10-24	2.67	2.67	4.51	4.51	4.51	5	5	5	5	5	5	5	5	5	5	5	5	5	5	5	8.67	8.39	8.27	7.71	2.21	1.75	2.21	2.21	2.2	3.13	1.75	1.75	1.24	1.24	2.21	2.67	2.13	2.67	2.67	3.13	2.72	2	2	2	2.54	2.34	2	2	2	2	2	2	2	2	2	2	2.29	2	2.15	2.08	2.26	2.46	2	2	2	2	2	2	2.5	4.4	5.9	5.78	7.6	6.36	5	3.75	2.13	1.75	1.75	1.24	1.24	1.24	1.24	1.24	1.24	1.24	1.25	1.25	1.25	1.25	1.25	1.67	1.75	1.75	2.3	2.21
2025-10-25	1.48	1.66	1.78	1.97	1.8	1.79	1.98	2.2	2.21	2.33	2.5	2.5	2.5	2.5	2.5	4.3	2.21	2.25	2.25	2.25	1.75	1.79	1.97	1.84	1.78	1.75	1.75	1.75	1.25	1.25	1.25	1.24	1.24	1.24	1.75	1.75	1.6	2.21	2	2.25	5.47	2.6	5.8	5.98	3.35	3.8	2.19	5.55	2	9	12.48	12.63	4.96	4.87	6.63	6.34	5.84	6.3	7.6	6.41	5.33	7.75	8.3	7.52	7.42	7.32	9.35	12.06	15.98	13.33	13.8	13.8	31.4	24.66	29.59	36.9	2.21	2.21	1.75	1.75	1.55	1.6	1.24	1.24	1.24	1.24	1.24	1.24	1.24	1.24	1.24	1.24	1.24	1.25	1.75	1.75
2025-10-26	6.12	7.57	16.27	8.08	18.86	18.91	16.67	17.18	11.9	11.9	11.82	11.8	11.1	8.34	8.34	8.34	8.7	8.7	8.7	8.7	8.83	8.83	8.83	8.83	10.23	9.37	10.23	10.5	13.46	15.27	21.51	20.55	16.18	25.17	25.53	24.22	21.8	22.38	13.38	3.7	2.95	3.03	2.78	2.61	2.09	2.03	2	2	2	2	2	2	2	2	2	2	2	2	2	2	2.15	2	2.9	2	2.9	2	2.31	2.09	3.7	5.58	6.58	8.2	7.64	6.7	6.1	5.92	5.85	4.2	5.35	2.55	2.12	2.11	2.1	2.09	1.79	1.96	2.12	2.15	2.5	2.5	2.65	2.6	2.49	2.39	3.75	7.11
2025-10-27	2	2	2.34	2.5	2.71	2.69	2.71	2.64	2.64	2.64	2.64	2.61	2.5	2.5	2.5	2.5	2.64	2.64	4	2.2	4	4	2.93	3.4	1.75	1.64	1.75	1.75	1.75	1.75	1.75	1.75	1.24	1.24	1.6	1.43	1.24	1.43	2	2	2.64	2.5	2.5	2.09	2	1.79	1.43	1.43	1.43	1.79	1.79	1.79	1.79	1.79	1.79	1.79	1.79	1.79	1.79	1.79	2	1.97	2	2	2	2.64	2.56	2.64	2	2	2	2	1.24	1.24	1.24	1.24	1.24	1.24	1.24	1.24	1.24	1.24	1.24	1.24	1.24	1.24	1.24	1.24	1.6	1.6	1.6	1.6	1.24	1.32	1.32	1.48
2025-10-28	1.6	1.6	1.75	1.75	1.75	1.75	1.75	1.75	1.75	1.75	1.75	1.75	1.75	1.75	1.75	1.75	1.75	1.75	1.75	1.75	3.14	3.13	3.13	2.67	1.6	1.6	1.79	1.75	2	2	1.75	2	1.6	2	2	2	2	2.2	2.21	2.51	4.4	5.39	6.9	7	2.5	2.6	2.58	2.5	2.01	2	2	2.1	2.1	2.15	2.23	2.28	2.5	2.5	4	4.5	7.9	8.25	8.9	9.02	17.36	20.24	26.73	21.9	3.59	3.59	3.59	3.5	2.5	2.5	2.5	2.5	1.6	1.24	1.24	1.24	1.75	1.75	1.75	1.75	1.6	1.6	1.6	1.79	2.2	2.15	2.2	2.2	2	2	2	2
2025-10-29	6.22	6.5	8.93	8.45	14.13	15.44	16	18.29	21.63	21.61	21.61	22.92	22.16	21.07	20.91	20.91	20.74	19.99	19.13	19.13	15.21	15.45	13.83	12.74	18.23	9.41	15.36	11.42	2.8	2.8	2.67	2.67	2	2.8	4	4	2.67	3.4	3.41	4.05	6.6	5	5.3	5.08	5	5.6	5.43	5.3	5.99	6.38	5.7	5.61	5.68	5.58	5.58	5.75	5.08	4.45	4	4.05	4.4	4.4	4.4	4.51	12.15	7	5	5	4	4	3.5	2.6	2.21	2.21	2	2	1.75	1.75	1.75	1.75	1.6	1.6	1.6	1.6	1.6	1.6	1.5	1.5	1.6	1.6	1.6	1.6	1.75	1.75	1.75	1.75
2025-10-30	2.57	2.57	3.33	3.33	2.8	2.8	2.8	2.8	2.8	2.8	2.8	2.8	4.21	4.21	3.86	3.86	3.4	3.5	3.9	3.9	3.4	3.41	3.1	2.8	3.4	3.39	3.39	3.39	2.2	2.57	2.57	2.2	5.03	4.21	4.21	4.21	3.86	3.4	3.86	3.86	2.67	2.5	3.3	2.5	2	2	2	2	2	2	2	2	2	2	2	2	2	2	2	2	2	2	2	2	2.5	2.33	2.5	2.79	2.87	3.39	3.39	2.6	1.79	1.79	1.75	1.61	1.6	1.6	1.6	1.44	1.6	1.61	1.49	1.61	1.43	1.43	1.6	1.6	1.75	1.75	1.61	1.75	7.3	7	6.7	7
2025-10-31	15	15	15	15	15	15	15	15	15	15.3	15.5	15	15	15	15	15	15	15	15	15	15	15	15	15	15	15	15	15	15	15	15	15	23.88	23.77	15	15	11.3	15	13	8.75	9.2	6.01	5.31	4.06	4.4	4.25	3.28	3.32	2	3	3.8	3.7	3.38	3.4	3.19	3.2	3.24	3.25	3.4	4.04	4.05	4.92	4.57	6.23	6.85	11.88	15.81	22.79	24.75	48.02	29.72	15	8.7	8.2	6.49	6.13	5.75	5.07	5.23	5.32	5.12	5.12	5.12	5.2	4.64	4.64	6.38	5.75	20.21	15	20.46	19.57	20	15	17.3	16.02
2025-11-01	13	13.23	18.79	19.83	16.99	18.68	21.18	23.4	25.59	25.57	27.32	23.95	25.1	25.1	25.1	25.1	25.84	25.84	25.83	25.78	25.78	25.31	23.98	27.11	20.18	21.25	20.63	21.1	20.14	20.46	28.77	61.95	69.14	65.24	62.83	29.7	29.46	14.91	5.18	3.73	5	3.63	3.22	3.28	3	3	2.5	2.5	2	2	2.5	2.5	3	2.5	3	3	2.5	2.5	3	3	4.05	4.38	4.92	6.79	4.5	9.11	19.52	70.58	65.72	65.72	13.87	52.74	16.17	16.8	18.16	12.5	4.5	3.57	3.57	3.57	3.5	3.4	3.5	3.4	3.4	2.8	2.5	3.4	6.79	6.79	8.1	8.08	7.6	8.07	8.34	9.15
2025-11-02	7.1	7.1	7.65	8.9	10	12.5	12.7	14.5	21.49	23.38	23.38	23.38	26.63	28.93	28.74	28.93	27.96	26.69	24.21	23.8	20.86	21.73	21.71	21.3	19.2	19	18.44	17.69	17.46	17.2	17.09	20.86	25.78	25.78	25.78	16	12.5	3	2	2	2	1.74	1.74	1.24	0.89	0.79	0.78	0.75	0.74	0.74	0.73	0.74	0.75	0.79	0.76	0.76	0.76	0.76	0.76	0.79	1.51	1.74	1.73	1.75	2	2	2.06	4.51	9.65	20.62	17.1	12.2	5.3	4.45	4.45	3.44	1.44	1.4	1.4	1.4	1.4	1.4	1.4	1.5	1.4	1.4	1.4	1.4	1.4	1.4	1.4	1.4	1.4	1.4	1.6	2
2025-11-03	3.03	3.48	4.13	4.47	4.63	4.85	4.86	4.92	5.03	5.07	5.04	5.04	5.59	5.4	5.39	5.71	5.74	5.71	5.52	5.47	4.86	4.85	4.33	4	2.7	2.5	3.57	3.57	2.5	2.5	2.5	2.5	2.2	2.5	2.42	3.4	3.67	4.34	4.5	3.03	2	2	2	2	2	2	2	2	2	2	2	2	2	2	2	2	2	2	2	2	3.57	3.67	3.67	4.31	6.32	7.39	7.94	6.25	4.62	4.5	3.8	3.5	2.5	2.5	2.5	2.5	2	1.6	1.6	1.6	1.6	1.6	1.6	2	1.6	1.6	2.2	2.2	2.5	2.5	2.5	3.4	4.64	4.64	4	4.95
2025-11-04	5.74	6.64	9.5	8.23	8.23	11.08	9.8	10.54	25.22	25.22	25.22	25.22	24.2	24.6	27.19	27.19	28.53	28.54	28.54	28.53	25.14	24.46	23.51	20.24	11.7	9.65	10	8.28	7.53	7.34	7.13	7.13	4.33	6.5	7.88	8.78	9.11	7.18	3.83	1.24	4.19	2.5	2	2	1.63	1.35	1.11	1.1	1.15	0.96	1.02	1.03	1.11	1.12	1.18	1.05	1.23	1.03	1.24	1.45	2	2.2	2.8	4.45	2.5	3.93	6.26	8.8	20	20.64	18.14	18.14	5.36	5.36	5.36	4.4	5.42	4.99	4.99	4.66	3.93	3.93	3.93	4.5	1.74	2.2	1.74	2.5	2.5	2.5	4.5	5.36	8.5	10.2	11.08	11.08
2025-11-05	4.31	4.31	5.59	5.59	4.95	4.95	4.31	4.31	4.31	4.31	4.31	4.31	4.31	4.31	4.95	4.78	4.31	4.31	4.31	4.31	4.4	4.31	4.31	4.31	4.95	4.95	6.25	6.25	4.95	4.95	4.95	4.95	6.25	5.59	6.25	5.59	9.42	6.25	4.9	3.62	3.96	3	2.39	2.25	2.5	2.5	2.39	2.39	2.5	3.06	3.67	3.67	2.5	2.5	2.5	2.5	2.5	2.79	2.91	3	3.75	3.85	4.05	4.48	4.58	5.03	5.19	5.3	6.25	5.87	5.59	5.59	4.35	4.95	4.7	5.59	5.59	5.59	5.59	5.4	5.3	4.31	4.5	5.2	3.67	4.5	4.31	4.53	4.53	4.08	3.84	3.67	3.59	3.38	3.31	3.32
2025-11-06	5.99	5.96	6.42	6	5.89	5.59	5.59	4.96	5.8	5.59	5.59	5.24	5.59	5.59	5.59	8.84	6.25	6.25	11.13	6.25	6.25	6.25	6.25	6.25	16.95	18	19.92	15.44	8.11	8.11	8.11	8.11	8.62	8.28	9.26	6.04	4.31	3	2	1.85	2	2	1.75	1.75	0.77	0.59	0.55	0.58	0.57	0.57	0.58	0.59	0.59	0.6	0.62	0.66	0.68	0.71	0.64	0.66	1.83	2	2	2	2.1	2.52	2.94	4.31	8.51	8.38	6.57	6.19	2.39	1.95	1.95	1.75	1.55	1.55	1.55	1.56	1.6	1.6	1.6	1.6	1.75	1.75	1.75	1.87	1.81	1.95	1.81	1.95	1.58	2.39	2.5	3.03
2025-11-07	9	9.51	9.75	9.75	11.41	11.46	11.46	11.46	10.7	12.41	12.48	12.5	12.12	12.75	12	11.81	11	11	11	11	9.75	9.75	9.75	12.48	8.46	8.46	9.75	9.03	4.7	5.2	3.4	3.4	3.03	2.58	3.8	4.5	5.66	6.88	6.25	5.59	6.25	4.08	3.7	3.4	3.4	3.3	3.3	3	3.3	3	3.03	3.2	3	3	3	3	3.03	3.1	3.3	4.31	7.22	7.84	8.11	7.36	4.7	5.5	4.14	3.48	5.76	4.95	3.03	2.6	2.39	2.39	2.39	2.39	1.6	1.6	1.6	1.6	1.93	2.39	2	2.2	1.6	1.78	2.2	2.39	3.4	4.86	4.31	4.31	5.4	5.1	4.8	4.5
2025-11-08	6.25	6.92	8.66	8.66	9.75	11.02	10.26	10.33	11.93	11.93	11.93	11.93	12.11	12.28	13.14	9.75	7.04	7	9.75	7	9.75	9.75	9.75	9.75	9.75	12.5	12.2	11.6	9.75	9.75	11.73	12.09	15.27	13.56	12.1	5.7	9.32	12.65	3.03	2.94	2	1.75	1.41	1.29	1.44	1.75	1.24	1.24	1.24	1.24	1.24	1.24	1.24	1.24	1.24	1.24	0.79	0.81	0.79	0.79	0.8	1.24	1.24	1.44	1.75	2	2	3	5.67	8.53	7.61	5.76	5.3	4.5	3.5	2.6	4.84	4.5	4.5	5.75	3.44	3.44	3.44	3.44	3.44	3.44	3.44	3.44	3.4	3.4	4.46	4.46	5.6	5.4	5.6	5.6
2025-11-09	6.44	7.4	9.75	11.1	8.5	9.55	9.75	10.6	10.18	11.27	11.48	11.52	12.48	12.52	12.5	12.37	12.44	12.29	12.48	12.52	12.28	12.36	12.36	12.5	12.5	11.7	13.3	13.2	12.5	12.2	14.88	20	28.33	58.8	9.91	7.58	8.48	5.39	3.95	2.28	1.56	1.01	0.79	0.7	0.66	0.66	0.6	0.6	0.6	0.6	0.6	0.6	0.66	0.66	0.73	0.74	0.71	0.75	0.83	0.94	1.68	2	2	2	4.39	6.03	6.77	5.9	9.54	6.44	4.69	4.31	4.59	2.96	1.75	1.75	1.6	1.6	1.6	1.6	1.6	1.6	1.6	1.6	1.6	1.6	1.46	1.26	1.24	1.24	1.6	1.76	1.6	2.36	2.78	5
2025-11-10	3.83	3.67	3.31	3.4	4.5	5.45	5.7	6.2	8.08	8.34	9.75	10.08	10.32	10.34	10.36	10.4	10.42	10.42	10.4	10.38	9.89	9.89	8.31	7	4.32	3.66	3.1	2.39	1.9	1.9	2.8	2.8	2.06	2	2	2	8.43	7.72	7.61	4.95	3.67	2	2	2	2	2	2	2	2	2	2	2	2	2	2	2	2	2	2	2	2	2.39	5.59	5.59	5.59	5.59	6.25	9.75	3.19	3.19	3.9	2.6	2.57	1.75	1.75	1.75	1.72	1.73	1.74	1.75	1.75	1.75	1.75	1.75	2.39	1.75	1.3	1.75	2.74	2.39	2.17	2.64	3.03	4.09	3.8	3.84
2025-11-11	2.2	2.38	3.14	3.4	3.44	3.03	3.71	4.5	3.16	3.03	3.03	3.67	3.67	3.67	4.5	4.5	4.5	4.5	4.5	4.5	4.58	5.3	4.58	4.8	5	3.67	4.23	3.96	3.4	3	2.39	2.39	2.38	2.24	3.4	3.67	9.75	7.36	4.64	2.39	4.31	2.19	2	0.77	2.25	2.11	2	1.76	2	2	2	2	1.86	2	1.58	1.89	1.22	1.33	1.7	2	2.07	2	2.45	2.39	2.42	4.17	4.8	8.1	4.95	4.34	3.68	3.5	2.25	2.28	1.75	1.71	1.51	1.45	1.43	1.4	1.35	1.35	1.35	1.35	1.29	1.29	1.66	2.18	3.03	4.31	3.98	3.05	5.59	5.59	5.59	5.2
2025-11-12	8.27	6.25	11.05	14.49	13.04	11.79	11.36	10.11	8.15	7.79	7.19	6.97	6.25	6.25	5.96	5.59	5.59	5.59	5.59	4.95	5.44	5.59	5.59	5.59	7.02	7	12	5.88	4.95	4.95	4.95	4.95	5.57	4.31	4.77	3.67	3.03	2.29	2	2	2	2	1.75	1.55	1.24	1.24	1.24	1.24	0.79	0.79	0.79	0.79	0.79	0.79	0.79	0.79	0.79	0.79	0.83	0.89	1.24	1.24	1.24	1.24	2.15	2.23	2.37	3.38	4.93	6.25	5.59	3.67	3.67	3.03	3.03	3.03	3.03	3.03	3.03	3.03	3.03	3.03	3.03	3.03	2.62	2.6	2.63	2.8	2.39	2.39	2.39	4.5	4.2	3.67	3	2.52
2025-11-13	5.12	4.4	6.25	6.25	6.25	6.25	6.25	5.71	5.82	5.62	5.86	6.25	9.44	9.4	10.14	9.14	8.87	7.72	9.39	10.19	9.08	7.29	7.63	8.75	16.25	14.82	13.25	12.67	3.9	4.1	4.31	4.4	5.59	4.95	6.25	5.59	5.59	5.53	4.95	4.31	5.59	4.89	4.66	4.01	3.82	3.67	3.67	3.03	3.03	3	3	3	3.03	3.03	3.03	3.03	3.25	3.25	3.6	3.53	3.65	3.85	4.47	4.96	4.68	4.95	5.59	5.59	3.8	4	4.2	4.95	3.78	3.88	4.31	4.95	4.6	4.31	4.31	3.67	3.67	3.67	3.03	3.03	3.03	2.39	2.39	2.44	3.03	2.56	2.51	2.52	3	3	3.03	3.03
2025-11-14	3.93	3.93	6.79	6.79	5.36	5.36	5.36	5.36	5.96	5.76	5.36	5.36	6.79	6.79	8.22	11.08	11.08	11.08	11.08	11.08	9.65	8.22	8.22	8.22	9.65	9.65	12.5	12.5	7	7	6.79	6.79	11.08	11.08	12.2	11.08	12.87	8.22	5.92	5	4.71	3	2.52	2.57	3.52	3.27	3	3	3	3	3	2.92	2.82	2.76	2.76	2.75	2.5	2.5	2.5	2.5	3	3	3.5	3.69	3.33	4.2	5.36	7	8.22	9.62	11.08	11.6	4.3	4.4	3.93	3.93	5.1	5.2	3.93	3.93	3.93	3.93	2.74	2.76	2.85	2.5	2.5	2.5	3.93	3.5	3.5	3.5	3.93	5.09	6.79	5.36
2025-11-15	11.08	11.08	16	16	11.08	11.08	11.08	11.08	15.82	16	16	16	16	16	16	16	16	16	16	16	16	16	16	16.08	16	16	16	16	15.78	15.63	16.13	16.15	16	16	16	16	15.58	11.08	5.57	4.46	4.85	3.65	3.93	3.45	3.33	3.21	3.44	3.42	3.93	3.93	4.7	4.7	3.44	3.73	3.93	3.99	3.93	4.37	4.63	5.24	6.79	8.22	11.08	11.08	16	14.7	13.5	13.4	15.88	13.32	11.7	8.7	3.9	4.3	4.8	4.3	3.93	3.93	2.95	5.13	5.44	2.95	4.7	3.95	2.54	2.95	2.6	2.95	2.66	2.62	2.95	3	3.93	3.93	9.65	9.65
2025-11-16	6.79	6.79	16.68	17.95	10.24	10.47	11.08	11.08	15.33	16.85	16.33	17.7	16.25	12.5	12.5	11.29	11.08	11.08	9.19	9.65	9.65	9.65	9.65	9.65	9.65	9.65	9.65	9.65	9.65	11.08	14.25	16.15	21.12	20.6	21	18.4	7.26	5.36	3.1	3	2	1.24	1.24	1.24	0.67	0.59	0.56	0.6	0.57	0.55	0.54	0.59	0.51	0.59	0.59	0.59	0.59	0.48	0.48	0.59	0.73	1.04	1.24	1.35	2.12	3	4.04	10.75	13.56	14.72	22.27	13.56	6.1	3.9	2.11	1.4	1.5	1.5	1.5	1.5	1.5	1.43	1.25	1.31	1.24	1.24	1.24	1.24	1.24	1.24	4.2	3.3	3.6	5	8.2	9.3
2025-11-17	3.7	4.7	7.2	7.6	7	7.1	7	7.7	9.4	9.7	9.7	9.7	7.35	7.35	7.35	7.7	7.7	8.3	8.11	7.8	8.8	8	8	6.7	3.85	4	3.78	2	1.24	1.24	1.24	1.24	1.6	1.6	1.6	1.6	1.25	2.65	2.43	2.22	5.61	2.25	2.18	2	6.8	5.36	2.82	2	2.5	2	2	2	2	2	2	2	2	2	2	2	2	2.5	3.93	6.63	2	2	2	2.17	2.6	2.6	1.71	1.62	1.45	1.58	1.58	1.58	1.25	1.25	1.25	1.25	1.25	1.25	1.25	1.6	1.6	1.6	1.6	1.6	1.25	1.47	1.6	1.6	1.6	1.6	2.2	2.2
2025-11-18	2.5	2.5	4.6	4.4	4.1	4.94	5.5	5.8	5.8	5.8	5.7	5.5	5.4	5.6	6.1	6	6.1	5.8	6.2	6.27	5.1	6.18	6.38	5.6	2.94	2.94	2.94	2.94	1.6	1.46	1.49	1.49	1.3	1.25	1.27	1.79	8.2	6.08	5.35	2.5	2.07	2	2	2	2	1.2	1.79	1.79	1.05	1.1	1.21	2	2	2	2	2	2	1.79	1.79	1.79	2	2	2	2	2.2	3.72	4.5	7	2	2	1.45	1.97	1.97	1.97	1.97	1.97	1.6	1.6	1.6	1.6	1.6	1.6	1.6	1.6	1.49	1.49	1.49	1.49	1.49	1.49	1.49	1.49	1.6	1.6	1.6	1.9
2025-11-19	1.24	1.24	1.25	1.25	1.25	1.25	1.25	1.25	1.25	1.25	1.25	1.25	1.25	1.25	1.25	1.25	1.25	1.25	1.25	1.25	1.25	1.25	1.25	1.25	1.25	1.25	1.6	1.6	1.6	1.6	1.6	1.6	2.1	1.97	1.95	1.58	1.25	2	1.96	2	2	2	2.3	2.1	2.15	2	2	2	2	2	2	2	2	2	2	1.99	2	2	2	2	2.03	2.19	2.5	2.6	3.78	4.86	3.15	5	1.95	1.48	1.43	1.61	1.79	1.94	1.94	1.94	1.6	1.6	1.6	1.6	1.6	1.6	1.6	1.6	1.25	1.25	1.25	1.25	1.43	1.43	1.43	1.6	2.2	2.2	2.2	2.5
2025-11-20	2.11	2.12	4.18	6.2	4.8	5.3	5.8	6.1	5.4	5.8	6.3	6.3	6.3	6.3	6.2	6.3	6.7	6.7	6	5.07	3.83	3.3	2.2	3.72	1.51	1.55	1.25	1.25	1.25	1.25	1.25	1.25	1.6	1.6	1.6	1.25	1.24	1.24	2	1.93	2.25	2	2	2	2	2	2	2	2	2	1.99	1.99	1.99	1.99	1.99	1.99	2	2	1.99	2	2	2	2	2	2.62	4.6	5.4	5.25	1.58	1.25	1.25	1.25	1.24	1.24	1.24	1.24	1.25	1.25	1.25	1.25	1.25	1.25	1.25	1.25	1.24	1.24	1.24	1.24	1.25	1.25	1.25	1.6	1.24	1.24	1.6	1.74
2025-11-21	2.5	3.86	3.86	3.86	3.9	3.9	3.9	3.9	4.89	5.2	4.95	4.72	5.6	5.52	5.9	5.9	5.93	5.38	5.93	5.9	4.58	4.82	5.2	5.45	6.99	6.92	7.95	7.95	4.3	4.7	5	2.5	3.86	3.86	4.6	4.1	7.39	3.52	1.31	1.24	0.8	0.79	0.59	0.6	1.24	1.24	1.24	1.24	1.24	1.19	1.22	1.24	1.24	1.24	1.24	1.24	1.2	1.24	1.22	1.24	1.24	1.57	2.15	3.09	1.24	3.8	4.1	4.86	7.04	8.8	6.7	4.48	1.97	2	2	2	1.6	1.6	1.6	1.6	1.6	1.6	1.6	1.51	1.6	1.6	1.6	1.58	1.79	1.8	1.6	1.84	1.76	2.2	2.2	3
2025-11-22	1.97	2.2	2.48	2.5	2.5	2.9	2.99	2.97	2.9	3.09	3	3.12	3.89	3.9	4	4	3.92	3.92	3.92	3.93	4.02	4.02	4.02	4.02	4	4.33	4.08	4	4.4	4.3	4.3	4.46	5.83	5.9	7	5.45	4.5	3.61	3.1	2.11	1.2	0.98	0.79	0.79	0.79	0.79	0.59	0.79	1.01	1.01	1.01	0.69	0.7	0.7	0.7	0.79	0.59	0.59	0.79	0.79	1.01	1.01	1.2	1.24	2.15	2.24	2.99	6.9	5.48	4.97	2.6	2.1	2.14	1.43	1.25	1.25	1.25	1.25	1.25	1.6	1.79	2	2	2.1	1.39	1.6	1.6	1.6	1.24	1.25	1.6	1.6	1.36	1.25	1.73	1.74
2025-11-23	1.97	1.97	3	3.14	2.33	2.33	3	3.14	2.5	2.5	2.5	2.92	2.5	2.5	2.5	2.9	2.5	2.5	2.5	2.5	2.5	2.5	2.5	3	3	3	3.1	2.5	2.97	2.97	3.22	3.98	7.04	7.04	6.41	5.05	4.75	2.79	1.43	1.24	1.24	1.24	1.24	1.24	1.2	1.24	0.77	0.79	0.97	0.89	0.89	1.14	0.79	1.2	1.2	1.2	1.2	1.2	1.24	1.24	1.25	1.25	1.47	1.61	1.91	2	2.29	3	4.35	4.77	3.14	3.14	1.97	1.97	1.97	1.97	1.97	1.97	1.97	1.97	1.97	1.89	1.91	1.85	1.6	1.61	1.61	1.61	1.43	1.43	1.79	1.79	1.5	1.43	1.79	1.79
2025-11-24	3.2	3	3	3	3	2.79	2.5	2.5	2.5	2.31	2.15	2.15	2.15	2.15	2.15	2.13	2.15	2.15	1.97	1.97	1.97	1.97	1.97	1.97	2.15	2.15	3	3.4	3.3	3.82	4.01	3.98	4.17	4.17	4.17	4.17	5.51	5.54	5.1	5.5	5.46	2.5	2.5	2.5	4.7	4.28	3.3	3.3	2.73	2.55	2.58	2.8	2.8	2.75	2.82	4.1	3.25	3.25	3.27	3.25	4.3	4.38	4.76	6.1	5.62	6.16	6.36	6.36	3.36	2.5	5.01	2.33	2.15	2.25	2.25	2.25	2.18	2.15	2.15	2.15	2.15	2.03	2.01	2	1.61	1.97	1.98	2	2.07	2.07	2.13	2.14	2.76	2.75	2.75	2.74
2025-11-25	3.21	3.23	3.94	4.1	3.18	3.08	3.08	2.95	3.2	3.13	2.56	2.64	2.96	2.73	2.5	2.5	2.5	2.5	2.96	2.5	2.58	2.75	3.5	3.7	3.78	3.95	5.3	5.25	2.71	2.56	2.26	2.24	2.5	2.49	2.48	2.42	6.93	6.2	3.6	3.2	2.46	2	1.34	1.24	1.02	1.02	0.97	0.8	0.8	0.8	0.8	0.79	0.8	0.79	0.79	0.79	0.79	0.79	0.79	0.79	1.24	1.24	1.24	1.24	1.61	2	2.5	3	3.46	2.86	2.38	2.43	2.33	1.86	1.5	1.5	1.5	1.5	1.5	1.5	1.61	1.61	1.61	1.9	1.97	1.79	1.6	2.2	2.2	2.2	2.13	2.2	2.8	2.74	2.9	2.5
2025-11-26	1.6	1.6	2.37	4.8	4.1	4.4	4.6	4.5	4.6	4	4.1	4.1	7.3	7.6	5.8	5.65	9.75	8.99	8.84	8.3	6	6.1	5.3	5.44	2.81	2.5	2.2	2.2	2.33	2.42	2.04	1.84	2.2	2.15	2.63	2.8	5.57	2.8	2.5	2.15	2.15	1.79	1.43	1.24	1.24	0.94	0.93	0.81	0.79	0.79	0.79	0.79	0.77	0.79	0.79	0.79	0.79	0.8	0.82	0.99	1.24	1.24	1.43	2	2.55	3.03	4.41	7	6.2	6.78	2.51	2.6	1.25	1.25	1.25	1.25	1.25	1.24	1.24	1.25	1.4	1.5	1.5	1.5	1.5	1.5	1.5	1.7	2.26	2.26	2.26	2.26	2	2.2	2.2	2.2
2025-11-27	1.85	1.85	2.8	2.8	2.08	2.31	3.1	3.5	3.4	3.5	3.5	3.95	3.5	4.52	4.46	4.22	4.41	4.31	4.57	4.12	3.5	3.5	3.5	3.5	2.44	2.42	3.03	2.93	2.48	2.07	1.6	1.79	1.61	1.6	1.85	1.97	1.24	1.5	1.24	1.24	1.24	0.58	0.58	0.46	1.24	1.24	1.24	1.24	1.24	1.24	1.24	1.24	1.25	1.28	1.35	1.28	1.28	1.37	1.38	1.43	1.24	1.24	1.24	1.43	1.83	2	2	1.79	1.24	0.58	1.22	0.58	1.24	1.25	1.25	1.25	1.25	1.25	1.25	1.25	1.25	1.25	1.25	1.25	1.25	1.25	1.25	1.24	1.24	1.24	1.25	1.25	1.25	1.25	1.25	1.5
2025-11-28	1.24	2.15	2.27	2.25	2.35	2.34	2.33	2.32	2.2	2.3	2.29	2.28	2.28	2.32	2.51	2.5	2.49	2.49	2.24	2.23	2.54	2.54	2.2	1.6	1.6	1.42	1.24	1.24	1.24	1.24	1.24	1.24	1.24	1.24	1.24	1.24	1.24	1.24	1.24	2	1.75	1.97	1.97	1.79	1.99	1.97	1.91	1.93	2	2	2	2	2	2	2	2	2	2	2	2	1.65	1.97	2	2	3.77	4.4	4.13	3.11	2	1.24	1.24	1.24	1.24	1.24	1.24	1.24	1.24	1.24	1.24	1.24	1.24	1.24	1.24	1.24	1.22	1.22	1.22	1.24	1.24	1.24	1.24	1.24	1.24	1.24	1.24	1.24
2025-11-29	1.24	1.24	2.1	2.2	2.1	2	2	2	2.1	2.1	2.2	2.5	1.86	1.97	2.1	2.1	2.79	2.79	2.79	2.79	2.51	2.5	2.5	2.5	2.5	3	3.28	2.5	2.25	2.25	2.2	2.33	33.75	29.68	32.2	29.5	13.06	9.67	7.1	5.2	4.6	2.2	2	2	2	2	2	2	1.97	1.97	1.86	1.85	1.79	1.97	1.97	1.97	2	2	2	2	2	2.15	2.5	4.6	7.2	7.7	8.2	10.59	20.15	62	62	62	1.75	1.75	1.75	1.75	1.68	1.68	1.68	1.68	1.61	1.61	1.61	1.6	1.25	1.24	1.24	1.24	1.24	1.24	1.6	1.6	2.15	2.2	3.01	3.02
2025-11-30	2.2	2.15	6.09	6.68	4.3	5.7	5.9	5.09	6.3	4.95	4.52	5.21	6	4.84	5.18	5.59	4.9	5	4.9	5.14	4.99	4.99	5.2	5.17	5.17	5.06	5.12	5.11	4.18	3.73	5.9	7	7.64	7.5	8.29	7.72	8.01	6.41	5.9	6.28	5.21	3.9	3.9	3.9	3.75	3.75	2.5	2.5	2.15	2	2	2	2	2	2	2	2	2	2.07	2.13	3.75	3.75	4.44	5	3.43	5.1	4.59	5.73	8	8	9.23	8	2	2	2	2	1.6	1.79	1.61	1.61	1.6	1.6	1.6	1.6	1.24	1.24	1.24	1.24	1.24	1.24	1.6	1.6	1.24	1.24	1.6	1.99
2025-12-01	1.8	1.8	4.51	5.56	3.5	3.3	3.3	3.5	3.8	4.4	4.4	4.6	8.07	7.23	7.23	7.07	3.3	3.3	4.9	5.3	4.4	3.3	2.3	1.8	1.84	1.8	2	1.8	1.61	1.61	1.61	1.61	1.6	1.61	1.8	1.79	1.6	1.6	1.79	1.87	1.99	1.79	1.61	1.43	2	2	2	2	2	2	2	2	2	2	2	2	2	2	2	2	2	2	2.02	2.15	2	2	1.79	1.79	2	1.7	1.6	1.43	1.6	1.46	1.44	1.43	1.25	1.25	1.25	1.25	1.25	1.24	1.24	1.25	1.24	1.24	1.24	1.24	1.24	1.24	1.24	1.24	1.24	1.25	1.24	1.6
2025-12-02	1.8	1.8	2	2	4.06	5.15	6.23	7.63	6.27	6.06	7.43	6.42	8.65	10.2	10.24	7.1	6.9	8.36	6.1	6	4.98	4.86	4.39	6.29	2.15	2.2	1.99	2	2	2	2	1.8	2	2	2	2	1.6	1.79	2	2	2	1.6	1.6	1.6	2	2	2	2	2	2	2	2	2	2	2	2	2.02	2	2.08	2.11	2	2	2	2	2	2	2	2	1.79	1.6	1.79	1.8	1.61	1.61	1.6	1.6	1.61	1.68	1.6	1.6	1.6	1.6	1.54	1.56	1.43	1.24	1.32	1.59	1.29	1.29	1.47	1.6	1.24	1.24	1.6	1.6
2025-12-03	1.61	1.63	5.2	5.62	5.65	6.14	6.14	6.14	5.01	5.01	5.01	5.01	5.5	5.44	5.44	5.44	5.76	5.76	5.76	5.76	4.16	4.16	4.16	4.3	2.6	2.5	2.5	2.2	2.06	2	1.99	1.88	2	2	2.33	2.19	1.6	1.8	2	2	2.15	2	2	1.81	2	1.97	1.61	1.79	1.61	1.79	1.79	1.43	1.43	1.43	1.43	1.41	1.42	1.4	1.43	1.43	1.43	1.43	1.61	1.85	1.35	1.61	1.97	2.08	1.97	1.63	1.61	1.79	1.74	1.61	1.43	1.43	1.79	1.79	1.61	1.63	1.79	1.79	1.57	1.57	1.61	1.25	1.25	1.25	1.25	1.24	1.24	1.24	1.24	1.55	1.79	1.79
2025-12-04	2.35	2.5	2.5	2.5	4.03	5.3	5.2	4.8	5.2	5.1	4.15	3.8	5.75	4.4	4	4.55	3.6	2.5	3.6	4.88	4.2	4.2	5.58	4.94	3.89	3.66	4.34	6.23	2.5	4.1	2.24	2.33	1.79	1.8	1.97	1.97	2.15	2.33	2.96	6.25	6.84	2.5	2.23	2.38	2.5	2.5	2.56	2.5	2.15	2.1	2	2	2	2	2	2	2	2	2	2	2.31	2.33	2.5	2.5	6.5	4.3	8.06	6.91	2.9	2.5	2.15	2.2	1.8	1.61	1.61	1.61	1.25	1.25	1.25	1.25	1.25	1.25	1.25	1.25	1.28	1.24	1.24	1.28	1.53	1.53	1.53	1.79	2.33	2.15	2.33	2.3
2025-12-05	2.15	2.15	4.9	6.2	6.5	3.77	3.6	3.45	3.45	3.43	3.43	3.43	3.37	3.37	3.36	3.36	3.31	3.31	3.36	3.37	3.43	3.43	3.5	3.94	3.69	5.2	5	5	2.05	1.97	1.63	1.6	1.79	1.61	1.79	1.79	1.63	1.75	1.8	1.91	1.79	1.24	1.49	1.43	2.31	2.15	2.15	2.19	2.29	2.21	2.17	2.03	2.01	2.01	1.98	1.97	1.97	1.96	1.78	2.01	2.33	2.15	2.5	2.77	5	5.72	6.17	4.5	2.23	2.33	2	1.97	1.61	1.61	1.61	1.61	1.6	1.6	1.6	1.6	1.6	1.6	1.6	1.6	1.6	1.6	1.6	1.61	1.62	1.79	1.63	1.79	3.68	3.43	3.34	3.24
2025-12-06	3.93	3.25	3	2.64	2.5	2.5	2.5	2.5	2.5	2.5	2.5	2.5	2.5	2.5	2.5	2.5	2.5	2.5	2.5	2.5	2.5	2.5	2.5	2.5	2.5	2.5	2.5	2.5	2.5	2.5	2.71	4.42	5.81	3.58	11.6	11.2	10.96	10.74	5.25	3.3	4.64	4.3	3.1	3	3	2.72	2.67	2.62	3	2.5	2.75	2.5	2.5	2.5	2.5	2.5	2.5	2.5	2.5	2.5	2.6	2.67	3	4.67	3.24	3.92	4.98	7.22	10.7	8.78	8.78	8.78	2.5	2.33	2.33	2.33	2.33	2.33	2.31	2.33	2.33	2.33	2.35	2.36	1.61	1.61	1.61	1.61	3.29	3.25	3.87	3.58	3.51	3.39	3.4	3.3
2025-12-07	3	4.1	9.83	11.16	7	7	8.31	10.82	12.02	12.02	13.51	14.33	15.83	15.83	15.83	15.83	17.82	17.82	17.82	18.32	16.77	16.77	16.77	16.77	15.62	15.62	15.62	15.62	15.44	15.44	19.6	26.69	26.86	29.9	35.34	29.94	29	16.23	4.53	2.78	3.57	2.55	2.33	2	2.17	2	1.97	1.79	1.51	1.43	1.43	1.43	1.43	1.43	1.43	1.43	1.43	1.43	1.43	1.43	1.79	1.89	2	2	2.15	2	4.43	8	6.21	11.1	14	8	1.79	1.79	1.79	1.79	1.79	1.79	1.79	1.79	1.8	1.8	1.8	1.8	1.47	1.46	1.6	1.6	1.6	1.6	2.2	2.2	2.45	3.6	4.5	5
2025-12-08	5.75	5.8	6.33	6.9	6.2	6.6	8.8	10.2	8.7	8.4	9.2	9.2	15.65	15.65	15.65	15.65	16.44	16.44	16.44	16.44	15.6	15.6	15.6	15.6	9.23	8.2	8.6	7.4	5	4.7	5.3	6.25	11.23	11.23	13.44	11.23	12.89	7.27	5	4	4.88	2.5	2.15	2	2.15	2	2	2	2	2	2	2	2	2	1.95	2	2	2	2	2	2	2	2.5	2.5	2.5	2.5	5.24	7.89	9.47	17.43	19.08	7.51	1.61	1.67	1.69	1.6	1.47	1.6	1.47	1.38	1.38	1.38	1.38	1.38	1.24	1.24	1.24	1.25	1.25	1.25	1.6	1.61	1.8	2.5	4.4	4.7
2025-12-09	9.7	10.8	12.14	12.14	13	12.76	13.36	13.46	14.64	14.64	13.54	14.76	16.5	16.9	17.1	17.1	17.2	17.2	17.1	17.1	15.95	15.58	14.64	14.55	11.43	11.14	10.7	8	3.3	2	2.05	1.84	1.97	1.97	2.1	2.5	2.2	3.4	2.7	2.15	2.5	2	2	2	1.79	1.79	1.61	1.23	1.33	1.25	1.25	1.36	1.43	1.43	1.43	1.61	1.61	1.8	1.97	2	2	1.97	2	2.15	3.23	3.23	3.23	2.5	2.51	1.9	1.52	1.6	1.41	1.43	1.43	1.43	1.43	1.43	1.43	1.43	1.43	1.43	1.43	1.43	1.43	1.43	1.25	1.25	1.25	1.25	1.25	1.6	1.6	1.6	1.6	1.9
2025-12-10	1.6	1.6	1.8	2	2	2	2	2.2	2	2.4	2.4	2.4	3.1	2	2	2.9	2.9	2.8	2.4	2.4	2.4	2.15	2	2	1.8	1.6	1.6	1.6	1.24	1.24	1.24	1.24	1.24	1.24	1.6	1.6	1.6	1.6	1.6	1.6	1.6	1.24	1.24	1.24	1.24	1.24	1.24	1.24	1.24	1.24	1.24	1.24	1.24	1.24	1.24	1.24	1.24	1.24	1.24	1.24	1.24	1.24	1.24	1.24	1.6	1.6	1.6	1.6	1.8	1.6	1.6	1.6	1.25	1.57	1.57	1.25	1.57	1.25	1.57	1.57	1.57	1.57	1.57	1.57	1.24	1.24	1.24	1.24	1.24	1.24	1.24	1.24	1.25	1.24	1.24	1.24
2025-12-11	1.24	1.24	1.24	1.24	1.24	1.24	1.24	1.24	1.24	1.24	1.24	1.24	1.67	1.9	1.93	1.93	1.93	1.68	1.79	1.79	1.6	1.79	1.79	1.59	1.6	1.6	1.61	1.61	1.24	1.43	1.25	1.43	1.43	1.6	1.61	1.6	1.6	1.5	1.24	1.24	1.6	1.24	1.24	1.25	1.24	1.24	1.24	1.24	1.24	1.24	1.24	1.24	1.24	1.24	1.24	1.24	1.24	1.24	1.22	1.24	1.24	1.24	1.24	1.24	1.79	1.25	1.24	1.24	1.24	1.24	1.24	1.24	1.24	1.24	1.24	1.24	1.24	1.24	1.24	1.24	1.24	1.24	1.24	1.24	1.24	1.24	1.24	1.24	1.24	1.24	1.24	1.24	1.24	1.24	1.25	1.25
2025-12-12	1.24	1.24	1.6	1.6	1.61	1.66	1.8	1.8	1.99	2	2.15	2.15	2.15	2.15	2.15	2.2	2.2	2.15	2.15	2	1.8	1.6	1.9	1.5	1.5	1.5	1.6	1.5	1.53	1.5	1.5	1.5	1.5	1.5	1.6	1.6	1.5	1.5	1.5	1.5	3.31	2.03	2	2	1.5	1.5	1.5	1.25	1.24	1.24	1.24	1.24	1.24	1.24	1.24	1.24	1.24	1.24	1.24	1.24	1.24	1.25	1.24	1.24	1.5	1.5	1.5	1.5	1.5	1.5	1.5	1.5	1.24	1.24	1.24	1.24	1.24	1.24	1.24	1.24	1.24	1.24	1.24	1.24	1.24	1.24	1.24	1.25	1.43	1.25	1.25	1.5	1.25	1.5	1.5	1.79
2025-12-13	1.39	1.39	1.5	1.5	1.5	1.5	1.5	2.5	2.15	3.8	4.1	3.75	5.63	5.73	5.83	5.8	5.7	6.3	6	6.7	6.1	6.1	6.25	5.92	5.1	5.1	3.8	4.5	2.8	1.8	2.15	2.52	1.61	1.61	1.99	2.02	9.7	8.9	8.06	7.79	3.75	2.1	3.4	3.5	3.4	2.5	2.11	2.15	2	2	2	2	2.15	3.58	2.15	2.15	2	2	2	2	2.36	2.5	2.78	3.1	2	2	2	2	2	1.5	1.5	1.34	1.5	1.5	1.5	1.5	1.5	1.5	1.5	1.5	1.5	1.5	1.5	1.5	1.24	1.24	1.24	1.24	1.5	1.5	1.5	1.5	1.24	1.24	1.5	1.5
2025-12-14	1.6	1.6	2.33	3.5	2.5	3.7	3.6	3.5	8.09	7.42	7.48	7.45	10.08	10.17	10.5	11.1	11.1	11.1	11.1	11.08	4.4	4.3	3.8	3.5	3.4	3.4	2.5	2.5	2.5	2.5	7.77	10.04	13.29	13.29	19	18.88	20.72	20.69	9.18	8.14	7.57	4.87	4.3	4.9	3.5	2.93	3.07	2.5	2.19	2.33	2.1	2.26	2.12	2.33	2.28	2.26	2.29	2.37	2.33	2.33	2.5	2.5	3.5	3.3	3.3	2	2.05	2	2	1.6	1.5	1.5	1.5	1.5	1.5	1.6	1.6	1.6	1.6	1.6	1.6	1.6	1.6	1.6	1.24	1.24	1.24	1.24	1.24	1.24	1.5	1.5	1.24	1.24	1.5	1.6
2025-12-15	1.97	1.97	2.37	2.5	3.6	3.6	3.6	3.6	3.5	3.9	3.75	4	4.1	4.1	4.3	4.3	6	5	4.7	4.1	3.6	4	5	4.3	4.2	2.5	2.5	2.15	2.15	1.72	1.61	1.6	1.6	1.6	1.8	1.8	1.79	1.8	1.79	1.8	1.8	1.5	1.76	1.79	1.6	1.8	1.97	1.83	1.8	1.8	1.8	1.83	1.85	1.82	1.61	1.6	1.8	1.8	1.6	1.8	2.05	2.15	2.5	2.5	4.75	3.75	2.5	3.75	4.75	1.8	1.8	1.75	1.6	1.6	1.6	1.5	1.5	1.5	1.5	1.49	1.49	1.49	1.49	1.49	1.6	1.6	1.6	1.6	1.32	1.33	1.5	1.6	1.6	1.6	1.6	1.99
2025-12-16	1.24	1.24	1.5	1.51	1.5	1.6	1.6	1.6	2.5	2.51	3.01	3.13	5.34	7.85	9	9.09	8.3	8.3	7.98	8.3	8.13	8.04	7.82	10.17	2.2	2	2.2	2	1.5	1.58	1.6	1.5	1.5	1.5	1.83	1.7	1.6	1.61	1.55	1.6	1.8	1.5	1.5	1.49	1.6	1.5	1.43	1.43	1.61	1.6	1.6	1.6	1.8	1.8	1.8	1.8	1.73	1.61	1.61	1.61	2	2	2	2.15	2.27	2.2	2.15	2.33	1.5	1.25	1.25	1.25	1.24	1.24	1.24	1.24	1.24	1.24	1.24	1.24	1.24	1.24	1.24	1.24	1.24	1.24	1.24	1.24	1.24	1.5	1.5	1.5	1.24	1.25	1.24	1.43
2025-12-17	1.49	1.6	1.79	1.9	1.6	1.62	1.62	1.79	1.6	1.6	1.7	1.8	2.4	2.5	2.5	2.5	2.2	2.5	2.7	2.5	2.5	2.5	2.4	2	1.24	1.24	1.5	1.5	1.5	1.5	1.5	1.5	1.5	1.5	1.6	1.6	1.24	1.24	1.24	1.24	1.24	1.24	1.24	1.24	1.24	1.24	1.24	1.24	1.24	1.25	1.24	1.25	1.6	1.9	1.9	1.97	2	2	1.6	1.6	2	1.6	1.79	1.8	1.79	1.6	1.6	1.8	1.58	1.6	1.6	1.6	1.5	1.5	1.5	1.5	1.5	1.5	1.5	1.5	1.5	1.5	1.5	1.5	1.5	1.5	1.5	1.5	1.6	1.5	1.5	1.5	1.5	1.6	1.5	1.5
2025-12-18	1.85	1.85	1.8	2.18	1.8	1.8	1.8	1.8	2.33	2.33	2.33	2.33	2.32	3.5	5.1	5.4	6.4	6.7	6.7	6.4	7	7.62	7.23	6.56	4.94	2.28	5.79	2.5	1.6	1.24	1.24	1.24	1.24	1.24	1.6	1.6	11.61	8.89	2.74	5.73	2.44	2.38	2.49	2.24	2.08	2	2	2	2	2	2	2	1.46	1.4	1.4	1.4	1.4	1.4	1.46	2	2	2	2.87	2.64	6.43	7.29	5.73	8.72	1.24	1.24	1.24	1.24	1.24	1.24	1.24	1.24	1.24	1.24	1.24	1.24	1.24	1.24	1.24	1.24	1.24	1.24	1.24	1.24	1.24	1.24	1.24	1.54	1.24	1.24	1.24	1.6
2025-12-19	1.6	1.8	2.1	2.13	2.1	2.15	2.17	2.14	2	2.2	2	2	2	2	2	2	2	2	2	2.32	2.32	2.32	2.32	1.91	1.8	1.6	1.8	1.6	1.6	1.7	1.8	1.6	1.8	1.8	1.93	1.93	1.8	1.8	1.8	1.66	1.6	1.24	1.24	1.24	1.24	1.24	1.24	1.24	1.24	1.24	1.24	1.24	1.24	1.24	1.24	1.24	1.24	1.24	1.24	1.24	1.24	1.25	1.38	1.47	1.6	1.6	1.53	1.6	1.8	1.8	1.6	1.6	1.6	1.6	1.6	1.6	1.6	1.6	1.6	1.6	1.6	1.6	1.6	1.6	1.5	1.5	1.5	1.5	1.5	1.5	1.5	1.5	1.5	1.6	1.6	1.6
2025-12-20	2.5	2.5	2.5	3.25	2.5	2.5	2.5	3.6	2.5	3.1	4.2	5.75	4.24	4.11	4.9	5.79	6.26	5	5	5.02	5	5	5	4.65	4.23	4.24	3.5	3.5	2.5	2.5	2.5	4.25	5.45	5.36	5.2	5.1	3.78	4.76	4.91	2.52	2.5	2	2	2.5	2	2	2	2	1.79	2	2.15	2	2	2	2	2	2	2	2	2	2.15	2.25	2.5	3.5	4.6	4.81	4.2	6.25	5	4.24	2.5	2.33	2	1.97	1.97	2.02	2.03	1.97	1.89	1.91	2	2	2	2.07	1.84	1.8	1.8	2	1.84	1.84	1.97	1.97	2.15	2.73	2.86	4.21
2025-12-21	5.19	6.13	8.82	9.13	7.6	7.3	7.5	7.92	7.6	7.8	8.01	8.28	8.19	8.89	9.64	9.64	9.65	10.54	10.9	11	11	11	11.08	10.48	11.52	11.85	11.12	10.6	11.6	10.9	11.36	17.8	12.62	12.62	12.96	12.96	7.14	7.24	6.5	4.3	3.52	3.33	2.8	2.5	2.5	2.15	2	2	2.5	2.74	2.78	2.5	2.5	2.33	2.33	2.5	2.33	2.4	2.5	2.5	2.59	2.62	2.75	3.14	5	4.4	5.8	7.44	8.61	7.52	7.68	6.7	2.34	2.1	2.1	2	1.99	2.04	2.1	2.1	2.02	2.05	2.02	1.98	1.92	1.9	1.97	2.16	2.01	1.97	2.15	2.15	1.97	1.97	2.22	2.22
2025-12-22	7.4	5.93	7.9	8.28	5.6	7.87	8.11	9.28	5.76	9.06	9.37	9.64	10.22	10.77	11.21	4.88	3.5	3	3	3	3	3	3	2.5	3.2	3.7	5.53	4.3	2.39	2.5	1.93	2.06	1.8	1.68	1.8	1.8	1.6	2	1.6	1.6	1.61	1.24	1.5	1.79	1.24	1.43	1.24	1.24	1.24	1.24	1.24	1.24	1.24	1.24	1.24	1.24	1.24	1.24	1.24	1.24	1.59	1.7	1.75	1.92	2	2.25	2.19	2.29	3.6	2.2	1.8	1.8	1.6	1.79	1.6	1.6	1.61	1.8	1.98	1.99	2	2	2.07	2.07	2.19	2.18	2	2.03	2	2	1.8	1.97	1.75	2.33	2.36	5
2025-12-23	1.79	1.79	2.5	3.8	3.4	3.73	4.5	4.6	3.69	4.29	4.62	4.5	4.5	4.5	4.5	4.5	3.25	3.25	3.25	3.25	3.25	3.25	3.25	4.5	4.5	4.7	5.2	5.23	4.81	3.57	4.47	3.24	5	2.8	2.4	2.3	2.31	2.49	2.44	2.6	2.25	2.16	2.1	1.97	1.8	1.8	1.6	1.6	1.6	1.6	1.6	1.6	1.39	1.3	1.28	1.34	1.43	1.43	1.6	1.6	3.33	3.6	3.79	4.6	5.76	5.59	6.2	7.43	2.67	2.83	2.25	2.24	2.15	2.16	2.2	2.18	2.18	2.17	2.15	2.11	2.2	2.2	2.2	2.2	2.25	2.25	2.25	2.15	2.15	3.32	3.2	4	2.75	3.7	6.4	7.1
2025-12-24	5	5.3	7.97	9.2	9.6	10.8	12.1	14.9	13.8	15.7	17.6	18.2	16.3	17.1	18.6	19.3	19.1	19.01	19.01	19	18.67	15.92	13.58	13.42	11.83	12.25	18.4	18.4	12.68	14.6	11.9	10.1	9.7	9.1	10.3	10.22	20.35	17.81	7.75	5.07	6.26	2.5	2	2	2	1.97	1.61	1.61	1.61	1.25	1.25	1.24	1.43	1.43	1.43	1.61	1.61	1.61	1.61	1.79	2	2	2	2.15	2.5	3.35	4.78	6.49	4.56	6.29	6	5	2.15	1.97	1.97	1.97	2.5	2.33	2.33	2.15	2.15	2.04	1.97	2.15	1.79	1.79	1.89	1.88	1.82	1.81	1.81	1.8	2.5	2.5	2.5	2.5
2025-12-25	1.79	1.79	2.5	2.5	1.97	1.97	1.97	2.15	2.15	2.5	2.15	2	3	3	3	3	3.33	3.38	3.72	3.6	4.36	5.73	6.69	8.71	11.69	11.98	13.7	14.19	13.67	12.02	15.22	15.16	16.38	16.38	16.38	16.38	18.22	15.93	10.29	5.17	4.86	4.3	4.36	3.45	2.15	2	2	2	2	2	1.97	2	2	2	2	2	2	2	2	2.33	4.3	4.81	4.82	5.7	6.37	7.57	8.35	6.85	5.95	2.25	2.23	2.45	2.2	2.02	2	2	2.2	2	2.32	1.96	1.8	2.25	1.8	2.25	1.75	1.75	1.7	1.75	1.75	1.78	1.8	2	1.82	2	2.07	2
2025-12-26	2	2	3.38	3.61	2.33	2.68	2.78	3.84	2.78	4	4.5	5.5	4.93	5.1	6.64	8.1	7.6	8.8	8.2	9.6	8.21	7.81	6.94	6.8	6.8	5.21	4.99	4.95	3.76	2.76	2.59	2.35	3.2	3.26	5.94	3.2	2.49	2.2	2.48	2.13	2	1.8	1.79	1.6	1.24	1.25	1.24	1.24	1.24	1.24	1.25	1.25	1.6	1.6	1.6	1.6	1.61	1.43	1.6	1.6	1.97	2	2	2	2.17	2	2.13	2.71	4.7	2.8	1.96	1.6	1.96	1.6	1.6	1.6	1.6	1.6	1.6	1.6	1.6	1.6	1.6	1.6	1.6	1.6	1.7	2	1.8	2.1	1.8	2.41	2.42	2.66	2.42	2.42
2025-12-27	1.6	1.6	2.19	3.4	2.2	2.2	2	2.62	2.2	3.2	4.64	4.86	4.17	5	5	5.5	5.38	5.53	6.2	6.51	6.1	6.51	6.36	6.36	6.33	6.33	6.27	6.23	5.38	5	5.8	6.3	4.93	3.84	5	5	7.3	6.25	4.32	5.2	4.25	2.12	2	2	2	2	2	2	2	2	2	2	2	2	2	2	2	2	2	2.15	2	2	2.14	2.33	2.5	4.92	2.33	2.24	3.94	6.25	2.36	2.28	1.61	1.55	1.49	1.43	1.61	1.43	1.28	1.28	1.61	1.61	1.61	1.6	1.79	1.61	1.6	1.61	1.79	1.79	1.8	1.97	1.61	2.06	5	5
2025-12-28	2.33	2.15	2.5	2.5	2.5	2.5	2.5	2.5	3.17	3.17	3.17	3.18	2.96	2.88	2.8	2.73	2.97	3.05	3.16	3.18	3.14	3.2	3.13	3.24	3.25	4.41	3.89	3.82	3.79	3.65	4.7	6.7	7.46	6.62	7.82	7.38	9.72	8.1	7.4	8.1	5.7	5.56	5	3.65	3.16	3.03	2.28	2.5	2.5	2	2	2	2.33	2.34	2.58	2.33	2.33	2.21	2.33	2.43	5.5	5.71	5.3	5.1	6.46	4.3	6.99	8	2.4	2.4	2	2.5	2.46	2.52	2.63	2.5	1.61	1.6	1.6	1.6	1.6	1.6	1.6	1.61	1.6	1.6	1.6	1.6	1.6	1.6	1.76	2.08	1.8	2.34	2.56	3.01
2025-12-29	2.02	2.02	2.5	2.5	2.36	3.05	3.05	3.98	3.05	3.05	3.4	4.17	3.45	3.98	3.98	3.98	3.98	3.36	3.05	3.05	3.93	3	2.86	2.36	2.36	2.36	3.86	2.63	1.6	1.6	1.24	1.24	1.24	1.24	1.38	1.42	1.6	1.6	2	2	2	2	1.6	1.6	1.6	1.8	1.79	2	1.6	2	2	2	1.43	1.43	1.43	1.43	1.5	1.5	1.5	1.43	2.48	2	2	2	2	1.8	1.8	2	1.8	1.8	1.6	1.6	1.6	1.6	1.6	1.6	1.6	1.6	1.6	1.6	1.6	1.6	1.6	1.6	1.6	1.6	1.6	1.6	1.6	1.6	1.8	1.8	1.8	1.8	1.8	1.8
2025-12-30	1.5	1.6	1.6	1.6	1.6	1.6	1.61	1.8	1.8	1.8	1.8	2.05	1.8	1.8	2.12	2.06	2.09	2.05	1.92	1.93	1.85	1.86	1.88	2.05	1.8	1.8	1.85	1.86	2	1.8	1.8	1.5	1.58	1.5	1.6	1.55	1.6	1.6	1.6	1.6	1.63	1.24	1.24	1.5	1.24	1.24	0.98	0.98	0.98	0.98	0.98	0.98	1.24	1.24	1.24	1.24	0.98	0.98	0.98	0.98	1.25	1.31	1.25	1.6	2.01	2.06	1.8	2	1.24	1.24	1.24	1.24	1.24	1.24	1.24	1.24	1.24	1.24	1.24	1.24	1.24	1.24	1.24	1.24	1.24	1.24	1.24	1.24	1.24	1.24	1.24	1.24	1.24	1.24	1.24	1.24
2025-12-31	1.8	1.8	2.36	2.35	3.54	4.47	5.49	5.82	5.27	5.62	5.98	5.98	6.17	7.12	7.41	7.4	7.21	7.21	7.21	7.27	7.05	6.91	6.29	5.62	6.72	5.22	7.91	3.84	2.2	2.33	2.2	2.2	4.69	4.59	5	5	10.96	12.06	8.91	8.15	9.48	7.81	7.3	5.98	6.21	5.12	4.44	4.4	2.48	2.45	2.45	2.37	2.33	2.33	2.33	2.41	2.28	2.37	2.37	2.35	4.8	3.5	4.47	6	6.6	8	7.82	7.49	1.6	1.8	1.5	1.5	1.5	1.5	1.5	1.5	1.5	1.5	1.5	1.5	1.5	1.5	1.5	1.5	1.5	1.5	1.5	1.6	1.5	1.5	1.5	1.5	1.5	1.5	1.5	1.6
2026-01-01	1.61	1.61	2	2	2	1.8	2.2	2.5	1.8	1.8	1.8	2	2.33	3.4	3.99	4.22	6.2	9.41	10.23	10.56	10.63	11.39	11.51	11.51	9.68	9.66	9.66	9.21	8.89	8.89	17.7	28.58	40.83	41.2	42.39	42.39	46.12	46.12	46.12	39.67	25.95	14.99	12.07	9.66	7.3	7.59	5.93	3.9	2.5	2.48	2.33	2.35	2.5	2.5	2.73	2.61	2.54	2.69	2.71	2.75	4.8	5.33	7.6	9.36	9.45	8.5	5.08	6.5	6.89	6.5	6.5	6.5	1.61	1.61	1.61	1.6	2.2	1.6	1.25	1.43	1.61	1.61	1.61	1.61	1.5	1.5	1.6	1.6	1.5	1.6	2.2	1.97	1.6	1.6	1.61	1.79
2026-01-02	4.36	5.1	6	7.88	8.94	10.1	10.5	10.78	10.8	10.9	10.86	10.9	10.8	11.55	11.79	11.8	11.85	11.85	11.85	11.85	11.85	11.85	11.79	11.7	12.86	12.86	14.02	12.86	8.7	7.4	6.6	5.3	3.86	3.86	4.4	3.87	2.44	3.03	3.86	4.31	2.2	2.1	2.11	3.25	3.83	3.51	3.03	2.39	2.02	3.03	3.03	3.25	1.24	1.24	1.24	1.24	1.6	1.24	1.5	1.5	2.02	2.07	2	2	2	2	2	2.5	4.53	2.49	2.51	2.62	1.97	1.98	1.6	1.6	1.6	1.6	1.6	1.6	1.6	1.6	1.6	1.6	1.6	1.6	1.6	1.8	1.6	1.6	1.6	1.6	1.6	1.6	1.6	1.8
2026-01-03	7.99	5.22	9.52	7.62	6.26	6.99	7	7	6.66	7	7	7.24	10.77	11	11.22	11.37	7.09	7.25	7.25	7.27	7.23	7.21	7	6.58	4	3.2	3	3	6.06	4.31	4.31	15.73	14.64	4.5	7.16	6.25	16.98	17.1	16.9	18.01	10	4.95	3.06	4.31	2.78	2.79	2.4	2.35	1.8	1.6	1.6	1.6	1.8	1.8	2	2	2.13	2	1.8	1.94	3.42	2.41	2.83	4.95	7	1.5	1.24	1.24	3.23	3.03	2.73	2.39	1.75	1.6	1.75	1.6	1.6	1.6	1.6	1.6	0.43	0.46	1.6	1.75	1.6	1.6	1.6	1.69	1.59	1.47	1.6	1.75	1.24	1.24	1.75	1.75
2026-01-04	2.25	2.23	3.67	4.7	4.31	4.31	4.31	4.31	3.81	4.08	4.21	3.67	3.67	3.78	3.67	3.85	3.67	3.92	4.15	4.07	4.31	4.31	4.31	4.31	4.7	4.12	4	3.67	3.76	3.6	3.67	4.74	5.59	5.59	5.82	5.7	5.74	5.6	5.59	5.41	4.95	3.9	3.8	3.7	3.67	3.67	3.67	4	1.8	1.8	1.8	1.8	2.39	2.39	2.43	2.5	2.5	2.61	2.61	2.39	4.08	3.67	3.92	4.31	4.08	3.81	3.67	4.31	3.03	3.03	2.39	2.2	1.6	1.63	1.65	1.75	1.64	1.64	1.66	1.65	1.66	1.6	1.6	1.61	1.41	1.42	1.42	1.43	1.24	1.24	1.71	1.62	2	2	2.39	3.67
2026-01-05	2.39	2.39	4.31	4.7	4.31	4.62	4.5	3.67	3.67	4	4.02	4.07	4.1	3.7	4.1	4.2	3.8	4.13	3.9	3.67	3.67	3.7	3.35	3.67	4.31	5.2	5.59	5.62	2.2	1.8	1.6	1.25	1.75	1.75	1.62	1.6	1.8	2	1.8	1.8	1.8	1.51	1.77	1.8	2.06	2.04	2.04	2	1.8	1.95	1.95	1.96	1.8	1.8	1.8	1.8	1.8	1.8	1.8	1.8	2.42	2.35	2.35	2.33	2.46	2	1.8	1.8	1.5	1.6	1.6	1.62	1.5	1.5	1.5	1.5	1.32	1.32	1.32	1.32	1.31	1.31	1.31	1.31	1.25	1.25	1.25	1.25	1.42	1.47	1.38	1.51	1.25	1.5	1.6	1.6
2026-01-06	1.6	1.6	1.92	2.28	2.28	3.67	5.4	5.5	5.88	5.88	5.88	5.88	6.64	6.64	6.64	6.64	7.7	7.7	7.7	7.42	7.32	7.35	7.22	7.35	7.29	7.26	7.1	6.56	6.58	6.58	6.58	7.4	8.1	8	8.28	7.55	9.37	8.39	7.02	5.98	3.67	2	1.75	1.48	0.79	0.74	0.68	0.72	0.44	0.47	0.39	0.39	0.43	0.4	0.43	0.44	0.42	0.44	0.44	0.44	0.59	0.59	0.68	0.68	0.47	0.85	2	4.95	6.4	6.9	7.5	6.25	1.24	1.37	1.5	1.3	1.3	1.3	1.3	1.3	1.3	1.3	1.3	1.6	1.24	1.24	1.24	1.24	1.24	1.24	1.6	1.6	1.24	1.24	1.6	1.6
2026-01-07	1.6	1.8	2.34	2.2	2	2	3.3	3.03	2.39	3.5	3.67	3.67	4.2	4.83	4.95	5.4	4.95	4.95	5.1	5.1	4.3	4.4	3.2	2.2	3.5	2.34	2.2	1.89	1.6	1.6	1.5	1.8	2.5	1.76	2.21	2.5	2	1.81	1.6	1.56	1.5	1.24	1.24	1.24	1.24	1.24	1.24	1.24	1.24	1.24	1.24	1.24	1.24	1.24	1.24	1.24	1.24	1.24	1.24	1.24	1.24	1.24	1.24	1.24	1.24	1.24	1.24	1.6	2.5	2.5	2.28	2.23	1.6	1.4	1.5	1.5	1.5	1.5	1.5	1.5	1.5	1.5	1.6	1.6	1.6	1.6	1.6	1.6	1.56	1.55	1.55	1.6	1.8	1.8	2.43	2.41
2026-01-08	1.6	1.64	1.8	2.39	1.8	2.45	2.39	2.39	3.03	3.03	3.03	3.03	3.03	3.15	3.72	3.67	3.67	3.67	3.67	3.67	3.67	3.67	2.5	1.88	3.03	3.03	3.67	2.2	1.79	1.86	1.77	1.4	1.4	1.4	1.6	1.6	2.49	2.39	2.48	2.6	1.93	1.74	1.51	1.3	1.24	1.24	1.24	1.24	1.24	1.24	1.24	1.24	1.24	1.24	1.24	1.24	1.24	1.24	1.24	1.24	1.75	1.75	1.9	2	2	2.12	2.35	2.27	2	1.75	1.75	1.95	1.24	1.24	1.29	1.3	1.32	1.33	1.33	1.47	1.34	1.48	1.34	1.34	1.39	1.39	1.53	1.76	1.75	1.75	1.6	1.78	1.75	1.78	1.79	1.75
2026-01-09	3.35	3.34	4.8	3.13	2.9	2.72	2.53	2.33	2.73	2.6	3	2.5	2.5	3	2.5	2.5	2.33	2.33	2.33	2.5	2.33	2.5	2.5	2.68	4.4	5	6.05	6.28	3.05	3	2.03	2.02	3.82	2.2	4.4	3.89	4.4	4.08	3.9	3	2.23	1.64	1.26	1.24	2.5	2	2	1.45	1.24	1.24	1.24	1.24	1.22	1.22	0.95	0.89	0.89	0.74	0.77	0.89	0.86	1.25	1.79	2	2.15	2.58	3.04	4.36	3.87	4.1	4.13	4.24	1.95	1.64	1.8	1.8	1.36	1.35	1.36	1.45	1.33	1.76	1.79	1.8	1.6	1.8	1.8	2.2	1.82	1.83	2.2	1.89	2	3.36	3.37	3.06
2026-01-10	4	4.02	6.3	6.25	3.89	3.67	4.19	4.75	3.88	4.48	4.84	5.56	5	5	4.5	4.5	4.5	4.5	4.5	3.5	3.5	3.5	4.3	4.2	4.2	4.4	4.9	5	5	4.7	4.9	5	6.84	5.3	5.5	5.5	21	15.37	7.34	6.63	4.63	4	3.25	2.5	2.15	2	2	2	1.61	1.61	1.61	1.61	1.61	1.61	1.61	1.61	1.61	1.48	1.54	1.6	2	2	2	2.15	2.5	3.9	4.7	6	2.19	2.18	2	1.6	1.24	1.44	1.6	1.52	1.48	1.43	1.43	1.43	1.43	1.43	1.43	1.43	1.24	1.24	1.24	1.24	1.24	1.24	1.24	1.24	1.24	1.24	1.43	1.43
2026-01-11	1.24	1.5	1.6	1.96	1.61	3	2.81	3.32	4.29	4.29	4.29	4.29	4.04	4.97	4.97	5	5	5.75	5.5	5.2	5	5.2	5	4.8	5.7	5.8	4.9	4.2	3.21	3.21	3.21	3.21	5	3.7	3.99	3.84	5.01	5.26	4.96	5	2.09	2	2	2	2	2	1.9	1.98	1.97	1.97	1.97	1.97	1.97	1.98	2	2	2	1.98	1.98	1.98	2	2	2	2	2	2	3.8	5.84	2.1	2.25	3.29	3.75	2.08	1.85	2.23	2.26	2.56	2.45	2.47	2.48	2.5	2.5	2.67	2.68	2	2	2	2	2	1.8	2	2.23	2.17	2.88	4	5.5
2026-01-12	7.56	8.22	9.09	9.28	7.68	8.22	8.65	9.02	9.32	9.2	9.28	9.94	11.08	11.08	11.62	11.2	12.5	12.6	12.5	11.89	11.71	11.51	10.05	9.22	8.4	8.21	8.4	8.4	3.76	2.4	2.48	1.8	2.3	1.9	2.43	2.43	2.2	2	3	2.1	1.5	1.24	1.24	1.24	1.24	1.24	0.84	0.79	1.91	1.91	1.91	1.91	2	2	2	2	2	2	2	2	2	2	2	2	2	2	2	2	1.8	2	2	2.11	2	2.05	2.23	2.47	2.5	2.5	2.5	2.5	2.5	2.5	2.5	2.5	1.9	2.1	2	2	1.8	2.02	2.2	2.2	2.5	4.41	4.45	5.2
2026-01-13	5	5	6.98	7.35	5	5	5	5	5.8	5.8	4.6	4.5	4.6	5.7	5.6	5.8	5.9	6.25	6.1	5.3	5.6	5.1	5.5	4.7	4.37	3.15	3.15	3.68	1.79	1.79	1.79	1.79	1.8	1.8	2.15	2	1.97	1.97	2	2.33	1.43	1.24	1.24	1.24	1.79	1.97	1.79	1.79	1.61	1.61	1.61	1.78	1.79	1.79	1.88	1.93	1.88	1.76	1.61	1.61	2	2	2	2	2.5	2	2.32	2.33	4.23	2.9	2	2	1.79	1.65	1.64	1.64	1.6	1.6	1.6	1.6	1.6	1.6	1.6	1.6	1.6	1.6	1.6	1.6	1.6	1.6	1.6	2.08	1.6	1.6	1.6	1.72
2026-01-14	1.87	2.57	3.74	3.9	3.5	3.66	5	5	5.74	5.75	5.75	6.25	5.91	6.33	6.33	6.25	6.44	6.32	6.25	5	5.7	5	5	2.48	6.32	3.54	3.64	2.5	2.5	1.6	1.6	1.5	1.5	1.5	1.6	1.6	1.5	1.5	1.33	1.6	1.6	1.5	1.33	1.33	1.33	1.33	1.33	1.33	1.24	1.24	1.24	1.24	1.24	1.24	1.24	1.24	1.24	1.24	1.24	1.24	1.24	1.25	1.33	1.33	1.6	1.5	1.6	1.6	1.7	1.6	1.5	1.5	1.33	1.33	1.33	1.33	1.33	1.33	1.33	1.33	1.33	1.33	1.33	1.33	1.33	1.6	1.6	1.8	1.97	2.05	2.05	2.15	1.9	1.83	1.84	2
2026-01-15	1.8	1.8	1.8	1.8	1.8	1.8	1.8	1.8	2	2.15	2.34	2.5	2.8	2.38	2.5	2.5	3.8	4.6	5.2	5.3	5.2	5.5	5	3.8	2.36	2.44	3.5	2.5	2.1	1.8	1.79	1.71	1.8	1.8	2	2	2.2	2.2	2.33	2.33	2	2	1.97	2	1.61	1.61	1.61	1.97	1.79	1.8	2	2	2.34	2.36	2.36	2.38	2.37	2.44	2.47	2.47	2.33	2.29	2.3	2.33	2.62	2.55	2.43	2.33	2	1.79	1.79	1.74	1.8	1.79	1.8	1.8	1.79	1.79	1.79	1.79	1.6	1.6	1.6	1.6	1.6	1.6	1.6	1.6	1.6	1.6	1.6	1.72	1.97	1.97	1.97	2
2026-01-16	1.61	1.61	1.97	2.5	2.15	2.15	2.15	2.15	2.33	2.33	2.37	2.36	3.3	3.3	3.4	3.4	3.4	3.4	3.4	3.4	3.25	3.4	3.3	2.33	3.5	2.5	2.58	2.5	2.21	2.33	1.8	1.97	1.97	1.97	2.5	2.5	2.31	2.5	2.41	2.32	2.21	1.97	1.8	1.8	1.8	1.8	1.8	1.8	1.6	1.79	1.79	1.63	2	1.8	1.8	1.8	1.8	1.6	1.6	1.6	2	2	2	2	2	2	2	2	2.13	2	1.92	1.9	1.8	1.97	2	2	2	2	2	2	1.8	2	2	2	1.97	1.97	1.8	1.8	1.8	1.8	1.8	1.8	2	2	1.8	1.8
2026-01-17	1.6	1.6	1.8	1.8	1.79	2	2.15	1.67	2.2	2.2	2.2	1.8	2	2.2	1.79	1.8	1.79	1.8	1.8	1.8	1.8	1.8	1.8	1.8	1.8	1.8	2	1.8	1.6	1.8	2	2.86	3	2.5	3.22	3.27	3.11	3.08	2.5	2.5	2.5	2	2	2	1.6	1.6	1.6	1.6	1.56	1.6	1.5	1.5	1.5	1.5	1.5	1.5	1.6	1.57	1.5	1.24	1.79	1.6	1.6	1.6	2	2	2	2	2.5	2.5	2.5	2.5	2.2	2.2	2.2	2.2	2	2	2	2	2	2	2	2	1.6	1.6	1.6	1.8	1.8	1.8	2.5	2.5	2	2	2.5	2.5
2026-01-18	2.2	2.2	2.5	2.5	2.5	2.5	2.5	3.47	3.5	4.83	5.45	5.69	5.79	6	6.69	6.34	6.8	6.09	6.31	6.34	6.39	6.34	6.17	6	6.8	5.88	6.14	6.04	6.01	5.83	6.39	15.48	5.9	5.55	5	5	15.18	19.19	15.71	12.74	10.87	2	2	2	2	2	1.79	1.79	1.61	1.61	1.61	1.61	2	2	2	2	1.61	1.61	1.61	1.61	2.08	2.09	2.19	2.5	2.5	2.67	2.87	3.02	2	2	2	2	2.5	2.33	2.43	2.33	2.2	2.2	2.2	2.2	2.02	2	2	2	2	1.99	2	2	2	2	2.2	2.2	1.94	1.94	2.03	2
2026-01-19	2.25	2.33	2.7	3.48	2.32	2.79	2.64	2.5	2.5	2.5	4.3	4.5	4.3	4.3	4.3	4.1	4.3	4.2	4.1	4.1	4.7	4.1	3.5	2.5	3.74	2.2	2.25	2.25	2.2	2.2	1.99	1.99	2.5	2	2.5	2.46	2.15	2	1.8	1.6	1.43	1.24	1.24	1.24	1.22	1.22	0.66	0.66	1.24	1.24	1.24	1.24	1.24	1.24	1.24	1.24	0.99	1.24	1.24	1.24	1.24	1.24	1.24	1.43	1.8	1.43	1.43	1.61	1.61	1.6	1.25	1.57	1.6	1.6	1.6	1.6	1.6	1.6	1.6	1.6	1.6	1.6	1.6	1.6	1.24	1.24	1.25	1.25	1.24	1.24	1.25	1.6	1.6	1.79	1.8	1.92
2026-01-20	1.24	1.4	1.61	2.33	1.5	1.5	1.5	1.62	1.79	1.79	2.15	2.15	2.33	2.33	2.5	2.5	2.5	2.5	2.15	2.3	2.15	2.33	1.97	1.79	1.97	1.97	1.6	1.72	1.97	1.7	1.61	1.5	1.4	1.4	1.5	1.48	1.24	1.24	1.24	1.24	0.5	0.46	0.46	0.46	1.24	1.24	0.67	0.67	0.73	0.67	0.67	0.67	1.79	1.79	1.97	1.97	0.67	0.67	0.67	0.67	1.24	1.24	1.24	1.24	1.5	1.61	1.77	1.61	2	2	2.09	1.61	1.76	1.79	1.61	1.79	1.6	1.6	1.6	1.6	1.5	1.5	1.5	1.5	1.6	1.6	1.6	1.97	1.79	1.79	1.79	1.97	1.99	1.97	2.38	2.5
2026-01-21	2.15	2.15	3.61	5	2.44	3.95	4.26	5	4.47	4.36	5.07	5.1	5.3	5	5	5	5.2	5.2	5.2	5.1	5.1	5	4.5	5.5	6.77	5.9	6.77	6.4	2.33	2.15	1.79	1.8	2.15	2.15	2.5	2.5	2.5	2.5	2.33	2.33	2.31	2	2	2	2	2	1.95	1.89	1.61	1.79	1.79	1.79	1.75	1.75	1.75	1.7	1.78	1.79	1.79	1.79	1.97	2	2	2.06	2.5	2.33	2.33	2.33	3.25	3.63	3.01	2.5	2.48	2.5	2.5	2.25	2.25	2.15	2.15	1.97	1.79	1.79	1.97	1.79	1.61	1.61	1.79	1.97	1.8	1.97	1.97	2.15	2.33	2.2	2.2	2.15
2026-01-22	1.61	1.61	1.97	1.63	2.15	1.97	1.97	1.97	2.15	2.15	2.15	1.97	1.97	1.97	1.97	1.97	1.97	1.97	1.97	1.97	1.97	1.97	1.97	1.97	1.79	1.8	2.15	2.15	1.79	1.79	1.79	1.79	1.97	1.97	2.5	2.33	2.33	2.3	2	2	2.37	2	2	2	2	2	1.79	1.93	1.79	1.73	1.73	1.79	1.79	1.79	1.79	1.79	1.61	1.74	1.74	1.79	1.61	1.79	1.79	1.97	1.49	1.61	1.61	1.79	1.97	1.79	1.79	1.97	1.62	1.64	1.61	1.61	1.71	1.72	1.74	1.75	1.78	1.7	1.74	1.62	1.61	1.61	1.61	1.61	1.61	1.61	1.63	1.63	1.79	1.79	1.79	1.79
2026-01-23	1.37	1.24	1.25	1.43	1.24	1.24	1.24	1.24	1.24	1.24	1.24	1.24	1.61	1.61	1.61	1.5	1.78	1.78	1.79	1.79	1.79	1.79	1.79	1.79	2.15	2.15	2.5	2.5	2.08	2.33	2.5	2.5	1.79	1.79	2	1.97	1.97	1.63	1.24	1.06	1.35	1.24	0.87	0.87	1.24	0.47	0.44	0.45	0.46	0.79	0.79	0.79	0.89	0.87	0.87	0.87	1.24	1.24	1.24	1.24	0.46	0.46	0.87	1.24	0.71	1.22	1.24	1.5	1.24	1.51	1.61	1.97	1.71	1.79	1.79	1.61	1.65	1.61	1.6	1.6	1.6	1.6	1.6	1.6	1.6	1.6	1.6	1.6	1.6	1.6	1.61	1.61	1.79	1.86	1.71	1.61
2026-01-24	2.14	2.14	2.5	2.5	1.48	1.25	1.25	1.24	1.48	1.5	1.52	1.56	1.79	1.79	1.79	1.79	1.79	1.61	1.61	1.53	1.61	1.43	1.43	1.43	1.24	1.24	1.24	1.24	1.79	1.79	1.97	2	2	2	2.05	2.05	5	4.65	3	2.97	2.15	1.44	1.33	1.25	1.24	1.24	1.24	1.24	1.24	1.24	1.24	1.24	1.24	1.24	1.24	1.24	1.24	1.24	1.24	1.24	1.24	1.24	1.24	1.24	1.24	1.24	1.24	1.24	1.24	1.48	1.61	1.79	1.24	1.3	1.35	1.49	1.25	1.25	1.25	1.29	1.43	1.43	1.43	1.43	1.53	1.52	1.4	1.25	1.24	1.24	1.24	1.24	1.24	1.24	1.43	1.25
2026-01-25	1.61	1.61	1.79	1.79	1.61	1.61	1.61	1.57	1.42	1.43	1.43	1.43	1.43	1.65	1.45	1.45	1.37	1.45	1.45	1.45	1.33	1.45	1.45	1.48	1.25	1.25	1.45	1.33	1.25	1.25	1.61	1.97	2.15	2.15	2.5	2.5	2.33	2.27	1.97	1.97	2.33	1.79	1.61	1.56	1.43	1.43	1.32	1.3	1.25	1.25	1.25	1.25	1.24	1.24	1.24	1.24	1.24	1.24	1.24	1.24	1.32	1.35	1.43	1.56	1.32	1.34	1.32	1.43	1.25	1.24	1.24	1.24	1.24	1.24	1.24	1.29	1.25	1.45	1.46	1.58	1.46	1.46	1.61	1.52	1.53	1.53	1.43	1.43	1.43	1.24	1.24	1.24	1.24	1.24	1.24	1.24
2026-01-26	0.95	0.95	1.24	1.24	1.24	1.24	1.24	1.24	1.24	1.24	1.24	1.24	1.43	1.43	1.43	1.43	1.43	1.43	1.43	1.43	1.43	1.43	1.43	1.55	1.77	1.79	2.15	2.15	1.3	1.43	1.43	1.44	1.95	1.81	2.15	2.15	2.15	1.79	1.65	1.63	2.03	1.87	1.71	1.6	1.79	1.65	1.54	1.43	1.46	1.42	1.42	1.35	1.61	1.61	1.61	1.61	1.42	1.35	1.43	1.48	1.79	1.79	1.97	2.15	2.15	2.15	2.15	2.15	1.97	1.97	1.81	1.97	1.97	1.97	1.97	2.03	2.15	2.15	2.15	2.15	2.19	2.15	2.15	2.15	1.97	1.97	2.01	1.97	1.97	1.56	1.24	1.24	1.24	1.24	1.24	1.24
2026-01-27	1.61	1.61	1.97	1.79	1.43	1.43	1.43	1.43	1.61	1.61	1.61	1.61	1.79	1.79	1.79	1.79	1.79	1.79	1.79	1.79	1.79	1.79	1.79	1.79	2.15	2.15	2.33	2.5	1.24	1.24	1.25	1.25	1.25	1.25	1.43	1.43	1.38	1.43	1.43	1.43	9	5.96	5	4.36	1.79	1.79	1.58	1.43	2.15	1.97	2	1.97	1.97	1.97	1.89	1.95	1.91	1.79	1.79	1.79	1.95	1.94	1.95	1.97	2.11	2.01	2.33	2.5	1.25	1.5	1.61	1.79	1.43	1.43	1.43	1.24	1.24	1.24	1.24	1.24	1.24	1.24	1.24	1.24	1.24	1.24	1.24	1.25	1.25	1.25	1.25	1.24	1.27	1.25	1.24	1.24
2026-01-28	1.24	1.24	1.24	1.24	1.24	1.24	1.24	1.24	1.24	1.24	1.25	1.25	1.61	1.62	1.7	1.79	1.79	1.79	1.9	1.85	1.25	1.35	1.43	1.43	1.24	1.4	1.43	1.61	1.61	1.61	1.24	1.25	1.25	1.45	1.6	1.6	1.48	1.97	2.15	2	2.4	2.4	2.4	2.4	1.97	1.64	1.35	1.25	1.24	1.24	1.24	1.24	1.45	1.45	1.43	1.47	1.47	1.45	1.43	1.45	1.73	1.71	1.79	1.79	1.25	1.25	1.25	1.43	1.24	1.24	1.24	1.43	1.27	1.61	1.55	1.45	1.56	1.25	1.25	1.25	1.25	1.25	1.25	1.25	1.24	1.43	1.43	1.79	1.61	1.38	1.24	1.24	1.24	1.24	1.24	1.24
2026-01-29	1.25	1.25	1.97	2.33	1.97	1.97	2.15	2.1	2	2	2	2	2.15	2.33	2.33	2.33	2.5	2.5	2.5	2.5	2.33	2.33	2.33	2.5	2.9	2.5	1.97	1.97	1.79	2.09	2.15	2.15	1.52	1.97	2.15	2.33	1.83	2.33	2.33	1.61	1.35	1.26	1.24	1.24	1.24	1.24	1.24	1.24	1.24	1.19	1.24	1.24	1.24	1.24	1.25	1.25	1.24	1.24	1.24	1.24	1.25	1.25	1.25	1.25	1.24	1.24	1.24	1.24	1.24	1.24	1.24	1.32	1.41	1.41	1.79	1.44	1.75	1.75	1.75	1.75	1.61	1.61	1.61	1.3	1.25	1.25	1.25	1.24	1.24	1.24	1.24	1.25	1.24	1.24	1.24	1.24
2026-01-30	1.24	1.24	1.24	1.24	0.89	1.24	1.24	0.89	1.24	1.24	1.24	1.24	1.24	1.24	1.24	1.24	1.24	1.24	1.24	1.24	1.24	1.24	1.24	1.24	1.24	1.24	1.24	1.24	1.24	1.24	1.24	1.24	1.24	1.12	1.24	1.1	1.24	2.39	2.25	1.99	1.76	1.24	1.5	1.24	1.71	1.51	1.24	1.24	1.24	1.24	1.24	1.24	1.24	1.24	1.24	1.24	1.24	1.24	1.24	1.24	1.24	1.48	1.69	1.75	1.67	1.58	1.72	2.39	1.24	1.24	1.25	1.24	1.24	1.24	1.24	1.24	1.24	1.24	1.24	1.24	1.24	1.24	1.24	1.24	1.24	1.24	1.24	1.24	1.24	1.37	1.46	1.24	1.54	1.71	1.7	1.72
2026-01-31	2.38	2.38	2.38	2.38	2.38	2.38	2.4	2.73	2.38	2.38	2.39	2.63	2.64	2.63	2.97	2.89	2.86	2.87	2.87	2.87	3.03	3.03	3.03	3	2.97	2.98	2.98	2.97	2.99	2.39	2.98	3	3.03	3.03	3.25	3.03	3.03	3.03	2.39	2.38	2.99	2.64	2.38	2.38	2.38	2.38	1.99	2.38	2.14	1.93	1.75	1.75	1.75	1.96	1.89	1.99	1.97	2	2	2.08	2.38	2.38	2.38	2.5	2.38	2.38	2.38	2.38	2.38	2.38	2.38	2.38	2.38	2.4	2.77	2.7	1.75	1.24	1.24	1.24	1.24	1.24	1.24	1.24	1.2	1.2	1.2	1.2	1.24	1.25	2.38	2.39	2.5	2.77	3	3
2026-02-01	2.5	2.5	3	3	2.39	2.39	2.39	2.5	3.67	3.67	4.31	4.31	4.31	4.95	4.95	4.95	5.59	5.59	6.25	6.25	6.25	6.25	6.25	10.38	10.32	10.18	10.94	11.3	9.78	9.79	14.21	25.44	29.36	28.18	32	30.53	30.4	30.53	30	30.53	30.1	23.77	12.78	12.64	12.63	9.27	6.25	6.25	8.87	6.25	6.25	6.25	3.03	3	3	3	3.03	3.03	3.03	3.25	6.25	6.25	10.49	13.23	11.18	21.75	13.07	13.72	23	21.85	21.75	21.75	3.03	1.76	1.85	1.24	1.24	1.24	1.24	1.24	1.24	1.24	1.24	1.24	1.24	1.24	1.24	1.24	1.24	1.75	3.67	3.67	3	3	3.52	3.03
2026-02-02	1.73	1.75	2.75	2.75	2.75	2.75	2.75	2.88	2.88	2.77	2.75	2.5	26.49	26.57	4.37	4.35	4.55	4.76	5.01	5.14	5.13	4.88	4.62	4.74	1.75	1.75	2.75	2.75	1.24	1.24	1.24	1.24	1.75	1.75	2.39	2.39	1.75	2.25	2.25	2.39	1.94	1.49	2.39	2.21	2.39	2.14	1.75	1.75	1.75	1.62	1.5	1.63	1.41	1.53	1.45	1.57	1.59	1.59	1.63	1.58	1.75	1.75	1.75	1.89	1.6	1.67	1.25	1.69	1.24	1.24	1.24	1.47	1.75	1.75	1.24	1.24	1.24	1.24	1.24	1.24	1.24	1.24	1.24	1.24	1.2	1.2	1.2	1.2	1.24	1.24	1.24	1.24	1.24	1.25	1.25	1.46
2026-02-03	1.24	1.24	1.75	1.75	1.24	1.24	1.24	1.24	1.75	1.68	1.75	1.65	1.75	1.75	1.75	1.75	2	2	2	2	2	2	2	2.28	2.39	3	3.03	3.03	4.09	2.39	2	2	1.6	1.6	1.87	1.91	1.71	2	3.78	3.67	2	1.24	1.24	1.24	1.24	0.82	0.58	0.51	0.64	0.56	0.52	0.52	0.51	0.52	0.51	0.51	0.51	0.51	0.54	0.53	0.75	0.85	0.89	1.24	1.24	2	2.39	2.59	2.6	3	3.67	2	2	2	1.79	1.24	1.24	1.24	1.24	1.24	1.24	1.24	1.24	1.24	1.75	1.69	1.69	1.82	1.24	1.24	2	2	2.39	2	2	2.39
2026-02-04	1.24	1.24	1.75	1.75	3	3	3.03	3.03	3.56	3.67	3.67	3.67	3.03	3	3.03	3.03	3	3	3	2.75	3	3	2.98	2.5	5.59	5.59	6.25	7	2.39	2.39	2.39	2.39	4.31	4.31	4.95	4.95	4.95	4.58	4.95	4.95	1.6	1.24	1.24	1.24	1.24	1.24	1.24	1.24	1.24	1.24	1.24	1.24	1.24	1.24	1.24	1.24	0.5	0.45	0.5	0.5	1.24	1.24	1.24	1.6	3.03	3.03	3.03	3	3.56	3.67	3.67	3.67	1.6	1.24	1.24	1.24	1.24	1.24	1.24	1.24	1.24	1.24	1.24	1.24	1.2	1.2	1.2	1.2	1.24	1.24	1.75	2.39	2.5	2.5	2.39	2.39
2026-02-05	1.75	1.75	2.39	2.39	2.39	3	3	3.03	3.03	3.03	3.03	3.03	3	3	3.03	3.03	3.03	3	3	3	3	3	3	3	3	3	3	3	1.6	1.24	1.24	1.24	1.24	1.24	1.37	1.24	1.24	1.24	1.6	1.6	1.75	1.6	1.24	1.58	1.47	1.27	1.42	1.24	1.24	1.24	1.24	1.24	1.24	1.24	1.24	1.26	1.38	1.36	1.5	1.5	1.94	1.9	1.88	1.88	1.6	1.6	1.5	1.6	1.51	1.43	1.24	1.24	1.5	1.36	1.6	1.24	1.24	1.24	1.24	1.24	1.24	1.24	1.24	1.24	1.24	1.24	1.24	1.24	1.24	1.53	1.48	1.52	1.56	1.38	1.32	1.43
2026-02-06	1.24	1.24	1.24	1.24	1.24	1.24	1.24	1.24	1.24	1.24	1.24	1.24	1.24	1.24	1.24	1.24	1.24	1.24	1.24	1.24	1.25	1.25	1.25	1.25	1.24	1.25	1.33	1.43	1.24	1.24	1.25	1.25	1.43	1.61	1.79	1.79	2.03	1.68	1.25	1.24	1.24	0.89	0.79	0.89	1.24	1.24	0.89	0.89	0.89	0.89	0.89	0.89	0.89	0.89	0.89	0.89	1.24	1.24	1.24	1.24	1.24	1.24	1.24	1.24	1.25	1.28	1.43	1.25	1.24	1.24	1.24	1.24	1.25	1.24	1.24	1.24	1.24	1.24	1.24	1.24	1.24	1.24	1.24	1.24	1.24	1.24	1.24	1.24	1.43	1.25	1.25	1.25	1.24	1.24	1.24	1.24
2026-02-07	1.24	1.24	1.24	1.24	1.24	1.24	1.24	1.24	1.24	1.24	1.24	1.24	1.24	1.24	1.24	1.24	1.24	1.24	1.24	1.24	1.28	1.3	1.31	1.34	1.46	1.55	1.55	1.39	1.24	1.24	1.47	2.62	2.62	2.62	2.98	3	2.64	2.65	2.5	1.24	1.87	1.24	1.24	0.84	0.84	0.84	0.84	0.84	1.24	0.84	0.84	0.84	0.84	0.84	1.24	1.24	1.24	2.5	2.63	2.96	3.97	8.49	12.29	16.42	16.42	16.42	3	16.42	3.27	3.29	3.3	1.52	1.36	1.5	1.43	1.48	1.37	1.33	1.31	1.27	1.24	1.24	1.24	1.24	1.24	1.24	1.24	1.24	1.24	1.24	1.24	1.24	1.24	1.24	1.69	1.81
2026-02-08	2.15	2.15	3	3	2.5	2.82	2.67	3	3	3.49	3.45	4.37	4.13	4	3.72	3.34	3.75	4.66	11.13	5.13	5.12	3	3	3	3	3	3	3	24.81	24.63	28.07	32	28.07	13.2	13.2	13.2	31.3	13.2	2.64	2	2.5	1.9	1.79	1.79	1.61	1.43	1.25	1.43	1.46	1.32	1.29	1.34	1.29	1.27	1.35	1.43	1.25	1.26	1.24	1.24	1.43	1.43	1.43	1.55	1.5	1.29	1.43	1.61	1.25	1.36	1.25	1.24	1.43	1.79	1.97	2.15	1.24	1.24	1.24	1.24	1.24	1.24	1.24	1.24	1.24	1.24	1.24	1.24	1.24	1.24	1.24	1.65	2.33	2.15	2.5	2.5
2026-02-09	1.43	1.43	2.15	1.79	1.61	2.15	2.15	2.33	2.5	2.5	2.5	2.5	2.5	2.79	2.83	2.88	2.9	2.9	2.9	2.88	2.9	2.79	2.77	2.98	2.5	2.5	3	3	1.24	1.24	1.24	1.24	2.33	2.15	2.33	2.5	1.79	1.79	1.79	1.79	1.97	1.24	1.24	1.24	0.89	0.89	0.59	0.59	0.48	0.46	0.46	0.46	0.4	0.4	0.4	0.4	0.41	0.46	0.46	0.55	0.73	0.89	0.89	1.24	1.24	1.24	1.24	1.24	1.24	1.24	1.24	1.24	1.24	1.24	1.24	1.24	1.79	1.61	1.61	1.79	1.79	1.79	1.79	1.79	1.24	1.24	1.24	1.24	1.24	1.24	1.24	1.24	1.24	1.24	1.24	1.24
2026-02-10	1.24	1.24	1.25	1.25	1.43	1.43	1.43	1.43	1.43	1.43	1.43	1.43	1.35	1.34	1.34	1.33	1.33	1.33	1.34	1.34	1.25	1.25	1.25	1.25	1.25	1.25	1.61	1.43	1.24	1.24	1.24	1.24	1.24	1.24	1.25	1.24	1.25	1.24	1.24	1.24	1.24	1.24	1.24	1.24	1.24	1.24	1.24	1.24	1.24	1.24	1.24	1.24	1.24	1.24	1.24	1.24	1.24	1.24	1.24	1.24	1.24	1.24	1.24	1.24	1.24	1.24	1.24	1.24	1.24	1.24	1.24	1.24	1.24	1.24	1.24	1.24	1.24	1.24	1.24	1.24	1.24	1.24	1.24	1.24	1.24	1.24	1.24	1.24	1.24	1.24	1.24	0.89	1.24	1.05	1.15	1.24
2026-02-11	1.24	1.24	1.24	1.24	1.24	1.24	1.24	1.24	1.24	1.24	1.24	1.24	1.24	1.24	1.24	1.24	1.24	1.24	1.24	1.24	1.24	1.24	1.24	1.24	1.24	1.24	1.24	1.24	1.24	1.24	1.24	1.24	1.24	1.24	1.24	1.24	1.24	1.24	1.24	1.24	1.24	1.24	1.24	1.24	0.89	0.89	0.89	0.89	0.89	0.89	0.89	0.89	1.24	1.24	1.24	1.24	1.24	1.24	1.24	1.24	1.24	1.24	1.24	1.24	1.24	1.24	1.24	1.24	1.24	1.24	1.24	1.24	1.24	1.24	1.24	1.24	1.24	1.24	1.24	1.24	1.24	1.24	1.24	1.24	1.24	1.24	1.24	0.89	1.24	1.24	1.24	1.24	1.24	1.24	1.24	1.24
2026-02-12	1.24	1.24	1.22	1.2	1.24	1.24	1.24	1.24	1.24	1.24	1.24	1.24	1.24	1.24	1.24	1.24	1.24	1.24	1.24	1.24	1.24	1.24	1.21	1.24	1.24	1.24	1.24	1.24	1.24	1.24	1.24	1.24	1.24	1.24	1.24	1.24	0.73	0.43	0.4	0.4	0.51	0.4	0.4	0.4	0.4	0.4	0.4	0.4	0.4	0.4	0.4	0.4	0.4	0.4	0.4	0.4	0.4	0.4	0.4	0.4	0.4	0.4	0.4	0.43	0.4	0.4	0.4	0.4	0.89	0.89	0.89	1.24	1.24	1.24	1.24	1.24	1.24	1.24	1.24	1.24	1.24	1.24	1.24	1.24	1.24	1.24	1.24	1.24	1.24	1.24	1.24	1.24	1.24	1.24	1.24	1.24
2026-02-13	1.24	1.24	1.24	1.24	1.24	1.24	1.24	1.25	1.25	1.25	1.25	1.43	1.61	1.73	1.79	1.97	1.97	2.15	2.15	2.28	2.15	2.15	1.79	1.79	1.61	1.61	1.97	1.97	1.43	1.25	1.25	1.24	1.5	1.24	1.97	1.79	1.43	1.24	1.24	1.24	1.25	1.25	1.24	1.24	1.24	1.24	1.24	1.24	1.24	1.24	0.88	0.51	0.51	0.51	0.51	0.51	0.51	0.51	0.51	0.89	1.24	1.24	1.24	1.24	1.24	1.24	1.24	0.51	1.24	1.24	1.24	1.24	1.24	1.24	1.24	1.24	1.24	1.24	1.24	1.24	1.24	1.24	1.24	1.24	1.24	1.24	1.24	1.24	1.24	1.24	1.24	1.24	1.24	1.24	1.24	1.24
2026-02-14	1.24	1.24	1.24	1.24	1.24	1.24	1.24	1.24	1.24	1.24	1.24	1.24	1.24	1.24	1.24	1.24	1.24	1.24	1.24	1.24	1.24	1.24	1.24	1.24	1.24	1.24	1.24	1.24	1.24	1.24	1.24	1.24	1.24	1.24	1.24	1.24	1.24	0.46	0.4	0.4	0.51	0.51	0.59	1.24	1.24	1.24	1.24	0.89	0.89	0.89	0.89	0.89	0.89	0.89	1.24	1.24	1.24	1.24	1.24	1.24	1.24	1.24	1.24	1.24	0.79	0.72	0.73	0.79	0.43	0.51	1.24	1.24	0.73	1.1	1.24	1.24	1.24	1.43	1.53	1.52	1.6	1.49	1.47	1.45	1.53	1.52	1.51	1.6	1.43	1.43	1.52	1.51	1.24	1.24	1.44	1.44
2026-02-15	1.47	1.47	1.45	1.45	1.43	1.43	1.43	1.43	1.44	1.44	1.45	1.45	1.47	1.46	1.43	1.43	1.43	1.43	1.43	1.43	1.43	1.25	1.32	1.25	1.25	1.25	1.25	1.25	1.25	1.25	1.52	1.97	1.97	1.61	1.61	1.24	1.88	1.43	1.24	1.24	1.24	1.24	1.24	0.89	1.24	1.24	1.24	1.24	1.24	1.24	1.24	1.24	1.24	1.24	1.24	1.24	1.24	1.24	1.38	1.57	1.72	1.7	1.68	1.5	1.24	1.17	0.89	1.24	1.24	1.25	1.43	1.43	1.24	1.24	1.24	1.24	1.24	1.24	1.24	1.24	1.24	1.24	1.24	1.24	1.1	1.1	1.1	1.1	1.24	1.24	1.24	1.24	1.24	1.24	1.24	1.24
2026-02-16	1.24	1.24	1.24	1.25	1.25	1.25	1.25	1.25	1.25	1.25	1.3	1.31	1.31	1.28	1.32	1.29	1.29	1.26	1.25	1.25	1.29	1.29	1.25	1.25	1.25	1.24	1.24	1.24	1.24	1.24	1.24	1.24	1.57	1.37	1.43	1.43	2	1.79	1.27	1.24	1.25	1.24	1.24	1.24	1.24	1.24	1.24	1.24	1.24	0.89	0.89	1.24	0.89	0.89	1.24	1.24	1.24	1.24	1.24	1.24	1.24	1.24	1.24	1.24	1.24	1.24	1.24	1.24	1.24	1.25	1.62	1.97	1.25	1.25	1.25	1.25	1.24	1.24	1.24	1.24	1.24	1.24	1.24	1.24	1.24	1.24	1.24	1.24	1.24	1.24	1.24	1.24	1.24	1.24	1.24	1.24
2026-02-17	1.24	1.24	1.24	1.24	1.24	1.24	1.24	1.24	1.24	1.24	1.24	1.24	1.24	1.24	1.24	1.24	1.24	1.24	1.24	1.24	1.24	1.24	1.24	1.25	1.24	1.24	1.43	1.43	1.61	1.61	1.25	1.43	1.61	1.43	1.61	1.97	1.24	1.24	1	0.59	0.76	0.43	0.4	0.4	0.4	0.4	0.4	0.4	0.4	0.39	0.37	0.39	0.39	0.39	0.39	0.4	0.4	0.4	0.4	0.4	0.4	0.4	0.4	0.4	0.4	0.4	0.4	0.4	0.4	0.43	1.24	1.61	1.97	1.97	2.33	1.6	1.6	1.6	1.6	1.6	1.6	1.6	1.6	1.6	1.6	1.4	1.4	1.61	1.6	1.6	1.6	1.79	2	2.5	2.5	2.5
2026-02-18	1.25	1.25	1.97	2.33	1.97	2.15	3.3	3.3	3.3	3.2	7.4	6.61	6.83	5.88	5.96	2.65	2.9	2.58	2.52	2.5	2.5	2.5	2.5	2.5	2.15	2.15	2.5	1.61	1.61	2.15	1.77	1.79	1.79	1.79	1.97	1.25	1.24	1.24	1.24	1.24	1.24	0.4	0.4	0.4	0.4	0.4	0.35	0.4	0.4	0.29	0.26	0.25	0.23	0.21	0.24	0.23	0.23	0.22	0.21	0.24	0.4	0.4	0.4	0.4	0.4	0.4	0.4	0.4	0.4	0.4	0.42	1.24	1.24	1.24	1.24	1.24	1.24	1.24	1.24	1.24	1.1	1.1	1.24	1.24	1.24	1.24	1.24	1.24	1.24	0.73	0.73	0.73	0.73	0.4	0.4	0.4
2026-02-19	0.89	0.89	1.24	1.24	0.89	0.89	0.89	1.24	1.24	1.24	1.24	1.24	1.24	1.24	1.24	1.24	1.24	1.24	1.24	1.24	1.24	1.24	1.24	1.24	1.24	1.24	1.24	1.24	1.24	1.24	1.24	1.24	1.25	1.24	1.24	1.24	1.24	1.24	0.89	0.89	0.79	0.59	0.45	0.4	0.4	0.4	0.4	0.4	0.4	0.4	0.4	0.4	0.4	0.4	0.4	0.4	0.4	0.4	0.4	0.4	0.4	0.44	0.49	0.59	0.4	0.4	0.4	0.4	0.4	0.4	0.41	0.89	1.24	1.61	1.86	1.97	1.61	1.76	1.96	1.85	1.6	1.67	1.6	1.64	1.8	1.69	1.78	1.79	1.6	1.7	1.71	1.6	1.43	1.45	1.48	1.44
2026-02-20	1.61	1.61	2.15	2.15	1.79	1.79	2	1.97	1.79	2.5	2.5	2.5	2.15	2.34	2.5	2.28	2.26	2.28	2.15	1.97	2.5	2.56	2.98	1.43	1.79	1.72	2.22	2.33	2.18	1.62	1.91	1.62	2.1	1.76	2.09	2.08	1.43	0.89	0.79	0.89	1.19	0.89	0.89	0.89	0.89	0.89	0.89	0.79	0.89	0.73	0.73	0.63	0.73	0.73	0.73	0.73	0.79	0.79	0.79	0.79	0.89	0.89	0.89	0.89	0.79	0.59	0.47	0.73	1.24	1.24	1.84	2.97	6.66	4.1	3.65	3.58	2.09	2.1	2.14	1.58	1.59	1.4	1.41	1.41	1.24	1.5	1.58	1.62	1.67	1.76	2.2	3.39	3.42	3.4	3	3.08
2026-02-21	3.14	3.11	3.41	4.22	3.04	3.23	2.99	2.88	3.11	3.12	3.13	3.44	5	5.4	5.4	5.87	6.29	7.31	7.31	13.5	13.5	13.83	19.76	20.34	21.05	23.6	20.31	22.55	20.18	20.11	31.04	38.88	431.37	38	13.1	2.52	2.65	1.24	0.73	0.4	1.24	0.73	0.79	0.59	0.39	0.39	0.37	0.39	0.39	0.33	0.32	0.32	0.35	0.36	0.39	0.39	0.38	0.38	0.39	0.48	0.63	0.59	0.59	0.79	0.55	0.49	0.47	0.79	0.59	1.24	1.24	2.79	13.6	23.02	15.55	4.1	3.5	2.29	1.8	1.8	2	1.8	2	2	1.55	1.55	1.8	2.81	2.84	2.72	10.52	12.5	2.59	2.39	20.3	22.33
2026-02-22	26.68	26.68	38.12	37.03	26.68	26.68	26.68	26.68	39.37	37.79	38.14	38.57	26.4	26.6	26.5	26.68	40.01	40.3	40.3	40.3	27.3	27.5	27.4	27.5	25.16	25.16	25.16	25.16	25.16	25.16	30.66	45.76	426.63	52.26	28.1	4.81	13.7	1.24	1.43	0.46	1.24	1.24	1.24	1.25	1.24	1.25	1.19	1.19	1.19	1.19	1.19	1.19	1.19	1.19	1.19	1.19	1.19	1.24	1.19	1.19	1.24	1.24	1.61	1.33	1.25	1.24	1.24	1.24	1.24	1.24	1.24	2.5	28.4	39.96	69.1	65.99	11.82	3.83	3.5	2.19	1.9	1.9	1.9	1.9	1.6	1.8	1.64	2.26	1.98	2.06	13.06	14.9	9.57	9.82	22.7	23.8
2026-02-23	19.56	19.78	29.74	30.09	20.7	26.76	26.03	24.97	26.76	26.76	26.76	26.76	29.23	29.57	29.46	29.47	26.76	26.76	26.76	26.76	21.83	21.8	21.76	21.45	19.78	19.78	22.88	22.68	15.46	12.23	9.45	6.08	3.72	5	6.16	2.06	1.97	1.24	0.73	1.24	0.63	0.42	0.4	0.32	0.24	0.29	0.19	0.19	0.19	0.19	0.18	0.18	0.21	0.19	0.22	0.19	0.24	0.25	0.24	0.26	0.34	0.32	0.38	0.39	0.29	0.24	0.36	0.34	0.57	1.25	1.78	2.5	2.02	2.57	2.38	2.2	1.6	1.6	1.6	1.6	1.6	1.6	1.6	1.6	1.6	1.6	1.6	2.04	2.36	10.5	11.2	12.2	9.1	10.91	11.89	13.13
2026-02-24	13.99	13.97	16.3	19.24	16.42	17.56	17	17.16	17.57	18.21	17.42	17.98	17.3	17.42	17.98	17.98	18.46	18.4	17.57	17.26	15	15	15	15	10.63	9.25	9.83	9.21	5.18	2.5	1.82	1.5	1.6	2.5	4.9	2.82	4.8	2.15	1.24	1.24	1	0.51	0.59	0.39	0.25	0.37	0.19	0.39	0.19	0.25	0.39	0.39	0.39	0.39	0.39	0.25	0.39	0.39	0.39	0.31	0.59	0.56	0.59	0.59	0.46	0.43	0.41	0.4	0.79	1.24	1.97	2.93	2.15	9.25	9.25	1.97	1.97	1.24	1.24	1.43	1.43	2.13	2.34	6.75	3.48	3.49	3.51	3.52	3.45	5.22	5.15	6.75	6.75	6.75	6.75	6.75
2026-02-25	12.27	13.51	15.36	15.62	15	15	15	15.79	14.29	15.1	15.81	16.65	16.42	16.2	16.5	16.94	16.94	16.93	16.2	15.74	16.73	16.64	15	14.2	15.4	15	17.7	16.5	14.67	10.03	2.5	2.5	1.61	2.5	10	3.85	2.5	1.25	1.11	0.46	0.46	0.4	0.39	0.39	0.47	0.42	0.59	0.57	0.59	0.45	0.44	0.43	0.59	0.59	0.59	0.59	0.59	0.79	0.79	0.59	0.6	0.79	0.59	0.59	0.58	0.44	0.59	1.01	1.24	2.15	2.56	4.32	2.6	3.25	1.93	1.24	1.24	1.24	1.24	1.24	1.24	1.24	1.24	1.24	1.24	1.24	1.25	2.05	2.87	11.41	14.18	15	15	16.9	15.71	16.47
2026-02-26	14.25	14.25	16.25	16.25	18	18	18	18	17	18	16.2	16.25	16.25	16.5	16.7	16.6	16.9	16.9	16.6	16.2	15.3	15.1	17.7	17.9	18	18	17.84	16.25	12.49	6.4	3.5	2.08	4.01	6.76	13.63	3.12	3.78	2.5	1.61	1.24	1.24	1.24	1.24	1.24	1.24	1.24	0.79	1.24	1.24	1.24	1.24	1.24	1.24	1.24	1.24	1.24	1.24	1.24	1.24	1.24	1.75	1.24	1.24	1.24	1.24	1.24	1.24	1.24	1.24	1.24	1.79	2.86	3.13	8.77	14.25	4.58	2.11	1.24	1.24	1.4	1.24	1.24	1.24	1.4	1.24	1.24	3.14	8.29	12.41	14.61	16.08	16.25	17.3	17.2	17.6	18
2026-02-27	14.25	14.25	15	15.48	15	15	15	15	14.25	14.25	14.25	14.25	14.25	14.25	14.25	14.25	14.25	14.25	14.25	14.25	14.25	14.25	14.25	14.25	14.25	14.25	15	15	17.04	15.79	14.25	14	14.25	11.51	14.25	4.31	4.31	3.14	2.56	2.3	2.16	1.54	1.24	1.75	1.69	1.3	1.24	1.24	1.24	1.24	1.24	1.24	1.24	1.24	1.24	1.24	1.24	1.24	1.24	1.39	1.75	1.75	1.75	1.8	1.24	1.63	1.8	2.3	3.09	3.21	5.24	15	3.04	3.44	4.31	2.39	2.28	2.26	2.26	2.28	2.4	2.41	2.42	2.43	2.18	2.18	3.56	3.59	3.4	3.16	3.18	3.19	3.03	2.72	2.71	2.58
2026-02-28	2.05	1.93	1.78	1.9	1.87	1.81	1.86	1.81	1.81	1.87	3.67	1.88	1.82	1.79	1.75	1.76	1.77	1.95	1.88	1.97	1.99	2.16	2.23	2.39	2.5	2.49	2.5	2.58	2.31	2.31	2.88	2.91	2.79	2.5	2.75	1.24	2.73	1.75	1.51	1.24	1.75	1.24	1.24	1.24	1.24	0.73	0.54	0.73	0.59	0.73	0.59	0.89	1.24	1.24	1.24	1.24	1.24	1.24	1.24	1.24	1.24	1.24	1.24	1.75	1.38	1.24	1.66	1.75	1.24	1.24	1.24	2	2	1.85	2.5	4.05	2.16	2.01	2.01	2.01	2.1	2.1	2.1	2.1	2	2	2	2	2	2	2	2	1.68	1.68	2	2
2026-03-01	2.39	2.39	2.26	2.26	1.61	1.61	1.98	2.27	1.91	1.91	1.91	1.91	1.75	1.94	1.94	1.94	5	5	5	5	2.39	2.39	2.39	2.5	3.03	3.03	3.03	3.03	3.67	3.03	7.5	11.75	13.96	10	3.4	1.24	4.95	2.55	1.75	1.75	1.24	1.24	1.24	1.24	1.24	0.89	1.24	1.24	1.24	1.24	1.24	1.24	1.24	1.24	1.24	1.24	1.24	1.24	1.24	1.24	1.24	1.24	1.24	1.24	1.24	0.73	0.6	0.6	0.4	0.4	1.24	1.24	2.5	3.67	3	3.67	2.11	1.96	1.96	2.09	2.17	2.17	2.17	2.17	1.5	1.5	1.5	1.5	1.5	1.5	1.57	1.57	1.5	1.5	2.39	2.5
2026-03-02	3.23	3.23	3.23	3.23	2.6	2.5	3	3	3	3	3	3	3	3	3	3	3	3	3	3	3	3	3	2.39	2.29	2.16	2.38	2.39	3.03	3.03	3.67	5.59	12.5	11.75	5.59	3	3.45	2.52	1.4	2.06	2.3	1.8	1.24	1.24	1.24	1.24	1.24	1.24	1.24	1.24	1.24	1.24	1.24	1.24	1.24	1.24	1.24	1.24	1.24	1.24	1.24	1.24	1.24	1.24	1.24	1.24	1.24	2	1.24	1.24	1.86	2.63	2.22	3	3	2.5	2.6	2.27	2	2.19	2.22	2.19	2.03	2.2	2.13	2.13	2.13	2.13	2.13	2.13	2.13	2.93	2.03	2.39	2.39	2.39
2026-03-03	2.5	2.5	2.5	2.5	2.5	2.5	2.5	2.5	2.5	2.5	2.5	2.52	2.52	2.52	2.55	2.55	2.52	2.5	2.5	2.5	2.5	2.5	2.78	2.85	2.75	2.8	3	3	2.5	2.5	3.67	3.67	6	4.95	3.03	3	4.18	3	2.97	1.75	3.03	2.94	2.39	1.94	1.75	1.75	1.75	1.77	1.33	1.24	1.24	1.24	1.24	1.24	1.4	1.57	1.38	1.28	1.39	1.56	1.24	1.75	1.75	1.75	1.24	1.24	1.8	2.7	3.1	3.67	4.04	6.75	3.87	4.31	4.95	3.29	2.39	2	2	2.08	2.27	2.27	2.74	2.71	2.65	3.03	3.03	2.5	2.83	2.51	2.81	3.03	2.9	2.08	2.29	2.29
2026-03-04	4.31	3.75	4.31	3.75	3.75	3.4	3.2	3.03	3.03	3.03	3.03	3.03	3.03	3.03	3.03	2.89	2.92	2.91	2.92	2.91	2.94	3.03	3.03	3.75	2.89	3	3.07	3.75	3.75	3.75	3.75	5	5	5.11	4.31	4.31	4.31	3.5	3	2.78	3	2.6	1.24	1.24	1.24	1.24	1.24	1.24	1.24	1.24	1.24	1.24	1.24	1.24	1.24	1.24	1.24	1.24	1.24	1.24	1.24	1.24	1.24	1.57	1.24	1.24	1.48	2.6	3	3	3.75	5.59	3.75	5	6.25	3.22	1.6	1.6	1.6	1.6	1.6	1.6	1.6	1.78	2.58	2.6	3.36	3.34	3.46	3.75	3.75	3.75	3.75	3.75	3.73	3.64
2026-03-05	5	5	5	5.59	6.25	6.25	6.25	7.5	6.25	7.5	7.5	11.73	12.03	13.09	13.93	14.03	15.02	16	16.03	16.3	14.56	10.79	7.5	8.57	9.35	9.8	10.99	5.27	4.65	3.24	1.96	2.98	3.75	3.75	5.08	6.42	3.25	4.29	5	4.31	3.75	2.44	1.24	1.24	1.24	1.24	1.24	1.24	1.16	0.88	0.87	0.87	1.24	1.24	1.24	1.24	1.24	1.24	1.24	1.24	1.24	1.24	1.24	1.24	1.24	1.24	1.25	4.31	5	5	6.25	6.25	5	6.25	3.03	1.8	2.14	1.8	1.8	1.8	1.73	2.97	3.67	3.67	3.23	3.23	2.91	2.91	2.66	2.65	2.65	2.9	3.67	3.67	3.67	2.7
2026-03-06	2.5	3.75	3.75	2.5	2.5	2.5	2.5	2.5	3.43	3.3	2.5	2.5	3.46	3.14	2.89	2.5	2.5	2.33	2.33	2.33	2.33	2.15	2.2	2.5	2.33	2.5	2.5	2.5	2.33	2.33	2.33	2.5	2.5	2.5	2.33	2.63	2.33	2.33	2.5	2.5	1.97	1.97	1.45	1.45	1.64	1.61	1.57	1.61	1.61	1.43	1.43	1.43	1.32	1.25	1.25	1.25	1.26	1.3	1.25	1.25	1.43	1.43	1.43	1.61	1.61	1.61	1.65	2.5	2.15	2.33	2.5	2.33	2.15	2.15	2.31	2.5	2.5	2.44	2.5	2.5	2.56	2.55	2.5	2.5	2.51	2.5	2.56	2.55	2.5	2.5	2.5	2.5	2.45	2.45	2.5	3.44
2026-03-07	2.12	2.01	2.5	2.87	2.5	2.5	2.5	2.5	3.75	3.75	4	4	4	4	5	4	5	5	5	6.25	6.25	6.25	6.25	7.5	5	6.25	6.25	7.25	2.5	6.25	6.25	8.43	11.78	12.23	7.5	6.17	5	3.75	1.61	1.43	1.24	1.24	1.24	1.24	1.24	1.24	1.24	1.24	1.24	1.24	1.24	1.24	1.24	1.24	1.24	1.24	1.24	1.24	1.24	1.24	1.24	1.25	1.43	2.28	1.24	1.24	1.24	3.75	3.38	4.28	5.68	6.25	7.5	7.5	7.5	3.75	3.87	2.79	2.41	2.39	3.17	3.16	3.5	3.78	3.49	3.47	3.45	3.75	3.4	3.75	3.39	3.75	3.75	3.91	3.75	3.95
2026-03-08	2.5	2.5	3.75	3.75	3.75	3.75	3.75	3.75	5.04	5	5	5	6.25	6.25	6.25	6.25	6.25	7.5	7.5	7.5	7.53	7.5	6.25	7.55	7.5	7.5	6.25	6.25	6.25	9.55	9.74	12.05	10.69	11.6	12.5	8.06	7.68	5.72	4.72	4.38	4.51	2.5	1.24	1.24	2.33	1.97	1.79	1.43	1.43	1.24	1.24	1.24	1.24	1.24	1.24	1.24	1.24	1.24	1.24	1.24	1.24	1.24	1.24	1.25	1.97	2.62	2.5	4	2.5	4.75	5.52	6.25	7.5	10.9	3.75	1.8	1.82	1.6	1.6	1.6	1.6	2	2	3.3	1.6	1.6	2.32	2.45	1.8	2.18	2.18	2.18	1.8	2.14	2.14	2.14
2026-03-09	5.89	6.5	7	7.5	6.25	6.25	6.25	6.25	7	7.5	7.5	7.5	11.46	11.1	11	10.83	10.3	10.3	10.9	7.5	6.33	6.25	6.25	6.25	7	7.5	7.3	6.25	2.5	1.8	1.8	2.46	2.1	2.16	3.75	5.61	1.8	1.97	1.61	1.6	1.24	1.24	1.24	1.24	1.24	1.24	1.24	1.24	1.24	1.24	1.24	1.24	0.98	0.99	0.99	1	1	1.01	1.24	1.24	1.24	1.24	1.24	1.24	1.24	1.24	1.43	5	6.97	7	7.75	7.04	7.88	6.75	3.75	2.43	2	1.8	1.8	1.8	1.8	1.8	1.8	1.8	1.8	1.8	1.8	1.8	1.94	1.96	1.94	3.25	2.23	3.24	3.26	5.5
2026-03-10	1.24	1.24	4.65	5	3.75	3.75	3.96	3.96	5.79	6.25	7.5	8.57	9.64	9.38	7.5	10.19	9.38	7.5	10.1	9.47	6.25	6.25	6.25	6.25	3.75	2.93	1.24	1.6	1.8	1.24	1.24	2	1.24	1.24	1.24	2.24	0.43	0.51	0.4	0.4	1.5	1.24	1.24	1.24	1.24	1.24	1.24	1.24	1.02	0.84	0.83	0.8	0.86	0.84	0.83	0.84	0.84	0.84	0.86	0.89	0.99	0.99	0.98	0.99	1.24	1.24	1.24	1.3	1.61	2.66	4.81	6.25	7.5	4.6	1.33	1.6	2.32	1.8	1.8	1.8	1.8	1.8	1.8	1.8	1.6	1.6	1.6	1.8	1.24	1.24	1.6	1.8	1.24	1.6	2.53	3.5
2026-03-11	2.17	2.17	2.16	3.13	2.43	3.75	3.75	3.75	3.75	5	5	5.14	4.9	5.87	6.25	6.25	5.2	5.42	5.09	5	3.75	4.2	3.75	2.7	3.42	3.13	3.5	3.5	1.76	1.76	1.6	1.8	2	1.8	2.61	2	1.24	1.24	1.24	1.24	0.8	0.6	0.4	0.4	0.6	0.6	0.6	0.4	0.4	0.4	0.39	0.39	0.4	0.4	0.4	0.6	0.4	0.4	0.4	0.4	0.43	0.43	0.43	0.43	0.6	0.8	1.24	1.97	1.55	2.24	3.75	5.3	3.75	2.53	1.8	1.68	1.8	1.5	1.5	1.6	1.6	1.6	1.6	1.6	1.6	1.6	1.3	2.08	1.6	1.6	1.6	1.97	1.8	2.11	2.11	2.43
2026-03-12	1.79	1.79	2.5	2.5	2.15	3.5	3.75	3.75	6.25	8.21	8.42	8.42	8.42	8.42	8.8	8.89	8.8	9.5	9.5	9.27	6.25	6.25	6.25	6.25	8.42	6.25	6.25	6.1	3.75	2.31	1.6	1.8	1.8	5.8	5	4.13	2.44	1.5	1.24	1.24	1.16	0.42	0.4	0.4	0.4	0.4	0.4	0.4	0.39	0.39	0.4	0.39	0.39	0.39	0.39	0.39	0.32	0.39	0.4	0.4	0.4	0.4	0.4	0.4	0.31	0.34	0.39	0.4	0.4	0.73	1.25	3.2	5.35	6.68	8.49	6.81	2	1.6	1.4	1.4	1.4	1.4	1.43	1.43	1.4	1.4	1.4	1.4	1.24	1.8	2.23	2.5	2.5	2.5	3.75	3.75
2026-03-13	6.25	6.25	13.05	14.41	14.4	16.2	16.6	15.99	21.4	22.7	23.5	23.2	23.82	23.7	19.65	19.02	19.12	19.12	19.12	19.65	10	10	11	12	7.5	7.5	15.65	9.84	5.53	6.25	5.65	7.5	6.25	3.75	1.69	1.24	1.61	0.8	0.4	0.4	0.4	0.4	0.27	0.2	0.33	0.26	0.33	0.34	0.21	0.23	0.24	0.25	0.24	0.27	0.26	0.27	0.3	0.31	0.3	0.3	0.29	0.29	0.33	0.35	0.26	0.31	0.33	0.4	0.4	0.4	0.76	0.81	1.79	3.44	6.04	5	1.79	1.43	1.43	1.46	1.55	1.49	1.61	1.57	1.43	1.43	1.43	1.43	1.43	1.43	1.43	1.43	1.97	1.97	1.97	2
2026-03-14	1.24	1.24	1.24	1.24	1.24	1.24	1.24	1.24	1.24	1.24	1.24	1.24	1.24	1.24	1.24	1.24	1.24	1.24	1.24	1.24	1.24	1.24	1.25	1.25	1.24	1.24	1.24	1.24	1.25	1.61	1.61	1.79	1.79	1.79	1.25	1.24	1.24	1.24	1.24	1.24	1.24	1.24	1.24	0.6	0.4	0.41	0.4	0.4	0.4	0.38	0.36	0.34	0.39	0.39	0.35	0.39	0.39	0.4	0.4	0.4	0.4	0.4	0.4	0.6	0.34	0.4	0.8	1.24	1.24	1.43	1.69	1.89	1.97	1.97	2.35	2.46	2.15	1.61	1.43	1.43	1.43	1.43	1.43	1.44	1.25	1.24	1.24	1.24	1.24	1.24	1.25	1.25	1.25	1.25	1.25	1.25
2026-03-15	1.35	1.39	1.64	1.68	1.43	1.43	1.42	1.39	1.5	1.49	1.5	1.5	1.43	1.43	1.43	1.43	1.43	1.79	1.79	1.74	1.77	1.63	1.68	1.68	1.79	1.79	1.79	1.79	1.66	1.72	1.66	1.69	3	1.57	1.24	1.24	1.24	1.24	0.99	0.99	1.24	1.24	0.79	0.79	0.99	0.99	1.14	1.24	1.24	1.24	1.24	1.24	1.09	0.99	0.99	0.99	0.99	0.99	1.24	1.24	1.24	1.24	1.24	1.24	0.79	0.79	0.79	0.89	1.24	1.24	1.24	1.24	1.52	2.15	2.8	3	1.56	1.79	2.23	2.22	2.27	2.33	2.35	2.33	1.97	2.15	1.97	1.79	1.79	1.79	2.15	2.11	2.36	2.35	1.72	1.65
2026-03-16	1.62	1.64	1.62	1.6	1.62	1.67	1.72	1.79	1.76	1.74	1.76	1.74	1.7	1.7	1.7	1.67	1.65	1.6	1.72	1.61	1.79	1.82	1.93	1.97	1.89	1.89	1.9	1.9	1.79	1.79	1.79	1.84	1.91	1.5	0.65	0.42	0.46	0.4	0.4	0.4	0.4	0.4	0.2	0.39	0.39	0.39	0.39	0.19	0.19	0.19	0.17	0.19	0.19	0.19	0.19	0.19	0.39	0.39	0.36	0.22	0.23	0.23	0.27	0.27	0.19	0.19	0.36	0.4	0.4	0.4	0.98	1.24	1.24	2.5	6.87	3.75	1.6	1.4	1.4	1.4	1.4	1.4	1.4	1.4	1.4	1.4	1.5	1.4	1.4	2.75	2.75	3.42	3.13	3.13	3.69	3.69
2026-03-17	1.8	3.75	3.75	5	3.75	3.75	3.75	3.75	6.25	6.25	10.68	12.75	9.83	12.75	12	12.75	12	12	12	12	12	11.02	7.5	5	6.25	6.25	7.5	5	3.5	3.5	3.5	5	2.41	3	1.43	0.58	0.41	0.4	0.4	0.4	0.4	0.4	0.4	0.4	0.4	0.4	0.4	0.4	0.4	0.4	0.4	0.4	0.38	0.39	0.4	0.4	0.4	0.4	0.4	0.4	0.4	0.4	0.4	0.4	0.2	0.21	0.28	0.4	0.8	1.24	1.24	1.24	1.24	2.98	8.23	3.5	4.42	1.92	1.6	1.6	1.6	1.6	3.29	3.82	3.5	3.5	3.64	3.64	3.19	3.75	3.65	3.75	3.75	2.95	2.95	2.95
2026-03-18	3	3.75	3	3	3.1	3	3.55	3.4	5.1	6.2	9.4	7.41	4.6	4.6	4.7	4.6	4.8	4.7	4.8	4.8	3.8	3.8	3.8	5	2.57	2.57	3.31	3.75	2.67	2.7	2.62	3.95	3.95	3.75	2.5	2.15	1.24	1.24	0.6	0.6	1.25	1.24	0.89	0.8	0.89	1.24	1.24	0.8	1.24	0.42	0.43	0.41	1.24	1.24	1.24	1.24	1.24	1.24	1.24	1.24	1.24	1.24	1.24	1.24	0.4	0.6	0.6	1.24	1.24	1.24	1.25	2.33	2.5	3.95	3.95	3.95	2.3	2.36	2.48	2.33	1.82	1.88	1.97	1.97	1.61	1.58	1.58	1.58	1.45	1.45	1.43	1.43	1.24	1.77	1.78	1.79
2026-03-19	1.79	1.79	2.15	2.15	1.97	1.97	2.05	2.05	1.99	2.1	1.99	1.99	2.09	2.1	2.11	1.95	1.97	2.13	1.92	1.97	1.97	1.97	1.99	2	1.79	1.87	2.09	2.09	1.95	1.97	1.97	2.49	2.15	2.15	1.55	0.98	1.24	0.73	0.6	0.4	1.24	0.8	0.4	0.4	0.4	0.4	0.4	0.39	0.8	0.4	0.4	0.4	0.8	0.8	0.8	0.8	0.8	0.89	1.24	1.24	0.4	0.4	0.4	0.4	0.4	0.4	0.6	1.24	1.03	1.24	1.24	1.24	1.24	1.61	2.33	1.6	3.4	3.7	3.57	3.65	3.65	3.6	3.65	3.46	3.28	3.28	3.28	3.28	3.1	3.1	3.23	3.1	1.6	1.6	1.7	2.04
2026-03-20	1.79	1.79	1.79	1.73	2.15	2.15	2.15	2.15	2.5	2.5	2.5	2.5	2.5	2.5	2.5	2.6	2.6	2.6	2.5	2.95	2.5	2.5	2	2.15	2.5	2.5	3	3.1	3.1	3.5	4	5	3.5	2.57	2.52	2.15	1.4	1.24	1.24	1.24	2.5	2.15	1.24	1.22	1.24	1.24	1.07	0.91	1.23	0.89	0.94	0.89	0.61	0.6	0.71	0.68	0.8	0.8	0.8	0.77	1.24	1.24	1.24	1.25	0.42	0.6	1.15	1.24	1.61	2.33	2.5	2.5	3.75	5	5.25	2.33	2.32	1.98	1.98	2.11	2.24	2.24	2.24	2.15	2.33	2.33	2.33	2.47	1.96	1.88	2.15	1.88	1.93	1.93	2.5	2.5
2026-03-21	2.5	2.5	5	5	3.9	3.9	4.4	4.3	5.39	5.75	6.25	6.25	10.05	10.05	10.29	11.38	15.31	10.23	15.14	11.44	14.92	15.13	15.13	14.83	14.41	14.57	14.77	14.28	14.66	23.5	18.78	25.9	16.56	15.07	5	4.44	4.83	2.3	1.24	1.24	1.24	1.24	0.46	0.46	1.24	1.24	1.24	1.24	1.24	1.24	1.24	1.24	1.24	1.24	1.24	1.24	1.24	1.24	1.24	1.24	1.24	1.24	1.24	1.24	1.24	1.24	1.24	1.43	0.89	1.24	1.24	1.79	4.97	5.75	5	3.75	1.93	1.84	1.96	2.09	1.97	1.97	1.97	1.79	1.25	1.25	1.25	1.25	1.43	1.43	1.43	1.43	1.61	3.28	3.29	3.29
2026-03-22	2.5	2.5	6.25	6.25	5	5.25	5	5	5.58	5	5.25	5.25	6.25	6.25	6.25	6.25	6.25	6.25	6.25	6.25	6.25	9.79	9.79	9.85	11.25	11.1	11.25	11.25	6.25	26.9	12.4	9.85	14.03	4.38	2.5	1.43	1.8	1.24	0.8	0.4	1.24	1.24	0.6	0.6	1.24	1.24	1.79	2.23	0.8	0.69	0.8	0.8	1.75	1.79	1.61	1.61	1.24	0.8	0.8	0.8	0.72	0.74	0.8	0.8	0.16	0.2	0.2	0.6	0.6	1.07	1.24	1.43	2.5	2.63	11.1	18.63	2.33	1.97	2.03	1.97	2.15	1.97	1.96	1.91	1.61	1.61	1.61	1.43	1.43	1.43	1.43	1.43	1.61	1.61	1.55	1.3
2026-03-23	1.79	1.79	1.48	1.43	1.43	1.43	1.43	1.43	1.43	1.43	1.43	1.44	1.43	1.53	1.58	1.56	1.56	1.64	1.62	1.72	1.64	1.7	1.66	2.15	2.15	2.4	2.39	2.5	2.29	2.15	2.5	2.5	3.79	3.45	1.79	1.24	1.24	0.84	0.45	0.33	0.6	0.6	0.3	0.37	0.39	0.39	0.37	0.36	0.35	0.37	0.4	0.4	0.4	0.53	0.47	0.6	0.6	0.8	0.8	1.05	1.24	1.24	1.24	1.02	0.2	0.69	0.6	1.24	1.24	1.24	1.48	2.02	1.24	2.5	3.5	5.1	2.5	2.15	1.96	1.6	1.5	1.5	1.6	1.6	1.6	1.6	1.79	1.83	1.79	1.7	1.7	1.7	1.61	1.61	1.61	1.61
2026-03-24	5.25	5.2	5	5	4.7	4.6	5	5.1	5.8	6.5	6.9	8	9	13.38	14.6	14.54	14.47	14.47	14.54	14.66	15.43	15.11	14.08	11.69	11.46	5	5.25	4.47	2.5	3.01	3.75	7.05	6.55	5.05	2.5	1.24	1.27	1.24	0.79	0.4	0.39	0.19	0.18	0.14	0.23	0.24	0.19	0.2	0.19	0.19	0.19	0.19	0.19	0.19	0.19	0.19	0.19	0.19	0.28	0.31	0.4	0.4	0.39	0.19	0.13	0.14	0.19	0.59	0.4	1.05	1.24	2.15	2.78	6.01	15.78	5	4.61	3.75	1.61	2.6	1.92	1.6	1.6	1.6	1.6	1.6	2.83	2.84	2.71	3.5	3.7	3.75	3.75	11.9	15	14.54
2026-03-25	6.25	11.05	8.76	8.76	3.75	3.75	2.58	3	11.25	10	9.84	8.76	8.76	8.76	20.92	21.36	27.08	27.08	27.08	27.08	25.68	15.6	14.8	12.7	27.11	25.83	25.68	25.58	25	8.75	4.57	3.57	3.25	1.43	1.12	0.72	0.53	0.5	0.25	0.25	0.5	0.32	0.14	0.14	0.25	0.5	0.5	0.47	0.5	0.47	0.5	0.5	0.5	0.5	0.5	0.5	0.5	0.5	0.5	0.5	0.5	0.5	0.5	0.75	0.25	0.25	0.25	0.5	0.4	0.4	0.63	1.1	1.1	1.19	1.24	1.32	1.43	1.43	1.43	1.39	1.39	1.25	1.25	1.25	1.25	1.25	1.25	1.25	1.24	1.24	1.24	1.24	1.24	1.24	1.24	1.24
2026-03-26	1.25	1.25	1.25	1.25	1.24	1.24	1.24	1.24	1.24	1.24	1.24	1.24	1.24	1.24	1.24	1.24	1.24	1.24	1.24	1.24	1.24	1.24	1.24	1.24	1.24	1.24	1.43	1.43	1.43	1.43	1.43	1.43	1.25	1.24	1.24	1.24	0.99	0.79	0.59	0.79	0.99	1.24	1.24	1.24	1.24	1.25	1.24	1.24	1.24	1.24	1.24	1.28	1.25	1.25	1.25	1.4	1.43	1.4	1.24	1.24	1.25	1.25	1.24	1.25	0.99	0.99	0.99	0.99	1.19	1.24	1.24	1.24	1.25	1.31	1.61	1.61	1.24	1.24	1.24	1.24	1.24	1.24	1.24	1.24	1.24	1.24	1.24	1.24	1.24	1.24	1.24	1.24	1.24	1.24	1.24	1.24
2026-03-27	1.24	1.24	1.24	1.24	1.09	1.1	1.11	1.13	1.24	1.24	1.24	1.24	1.24	1.24	1.24	1.24	1.24	1.24	1.24	1.24	1.24	1.24	1.24	1.24	1.24	1.24	1.24	1.24	1.24	1.24	1.24	1.24	1.23	0.55	0.43	0.43	0.31	0.26	0.27	0.21	1.04	1.24	1.08	1.24	1.24	1.24	1.24	1.24	1.24	1.24	1.24	1.24	1.24	1.24	1.24	1.24	1.24	1.24	1.24	1.24	0.8	0.8	0.8	0.8	0.38	0.37	0.2	0.37	0.21	0.21	0.22	0.23	1.24	1.27	2.52	1.7	1.35	1.24	1.24	1.24	1.24	1.24	1.24	1.24	1.24	1.24	1.24	1.24	1.24	1.24	1.24	1.24	1.24	1.24	1.24	1.24
2026-03-28	1.24	1.24	1.24	1.24	1.24	1.24	1.24	1.24	1.24	1.24	1.24	1.24	1.24	1.24	1.24	1.24	1.24	1.24	1.24	1.24	1.24	1.24	1.24	1.24	1.24	1.24	1.24	1.24	2	2.39	2	1.95	1.75	1.24	0.79	0.79	0.4	0.26	0.25	0.4	1.24	1.24	1.24	1.24	1.24	1.24	1.24	1.24	1.24	1.24	1.24	1.24	1.24	1.24	1.24	1.24	1.24	1.24	1.24	1.24	1.24	1.24	1.24	1.24	1.08	1.05	1.24	1.24	0.45	0.34	0.41	1.24	1.43	1.71	1.79	2.02	1.24	1.24	1.24	1.24	1.24	1.24	1.24	1.24	0.99	0.99	1.1	0.92	0.85	0.74	0.67	0.63	0.5	0.46	0.46	0.5
2026-03-29	1.44	1.45	1.79	1.79	1.61	1.61	1.61	1.61	1.61	1.61	1.61	1.61	1.61	1.7	1.71	1.7	2.23	2.16	2.15	2.27	2.26	2.28	2.34	2.22	2.5	2.5	2.5	2.5	3	3	2.99	3	24.5	4.83	4.67	3	2.15	1.71	1.79	2.13	1.61	1.97	1.97	1.79	2.33	2.33	2.33	2.33	2.15	2.33	2.33	2.33	2.15	2.15	2.15	2.33	2.33	2.33	2.33	2.33	2.33	2.5	2.47	2.48	2.48	2.48	2.49	2.5	1.97	1.95	1.79	1.97	1.45	1.43	1.43	1.52	1.97	2.15	2.69	2.91	2.33	1.79	1.79	1.92	1.43	1.48	1.5	1.55	1.55	1.56	1.56	1.45	1.55	1.45	1.43	1.43
2026-03-30	1.24	1.24	1.24	1.24	1.05	1.05	1.05	1.05	1.24	1.24	1.24	1.24	1.24	1.24	1.24	1.24	1.24	1.24	1.24	1.24	1.24	1.25	1.25	1.25	1.24	1.24	1.43	1.47	1.42	1.25	1.25	1.79	2.15	2	1.5	1.24	1.24	1.24	0.6	0.4	0.6	0.6	0.4	0.4	0.37	0.28	0.24	0.22	1.24	1.24	1.24	0.6	1.24	0.6	0.6	0.52	0.6	0.56	0.51	1.24	1.24	1.24	1.24	1.24	0.33	0.4	0.4	0.41	0.2	0.27	0.25	0.43	0.42	0.39	0.48	1.24	0.46	0.59	1.24	1.83	1.4	1.24	1.24	1.24	1.24	1.24	1.24	1.24	1.24	1.24	1.24	1.24	1.24	1.24	1.24	1.24
2026-03-31	1.24	1.24	1.24	1.24	1.24	1.24	1.24	1.24	1.24	1.24	1.24	1.24	1.24	1.24	1.24	1.24	1.24	1.24	1.24	1.24	1.24	1.24	1.24	1.24	1.24	1.24	1.24	1.24	1.24	1.24	1.24	1.24	1.43	1.24	1.24	1.24	0.67	0.4	0.4	0.4	1.24	1.24	0.5	0.47	0.4	0.45	0.6	1.24	1.24	1.24	1.24	1.24	1.24	1.24	1.24	1.24	1.24	1.24	1.24	1.24	1.24	1.24	1.24	1.24	1.19	1.24	0.6	0.5	0.55	0.46	0.35	0.4	0.27	0.32	0.39	0.19	0.2	0.4	0.73	1.24	1.24	1.24	1.1	1.1	1.24	1.24	1.24	0.89	1.1	1.1	1.1	1.24	1.18	1.08	1.24	0.89
2026-04-01	1.24	1.24	1.24	1.24	0.89	0.89	1.24	1.14	1.24	1.24	1.24	1.24	1.24	1.24	1.24	1.24	1.24	1.24	1.24	1.24	1.24	1.24	1.24	1.24	1.24	1.24	1.24	1.24	1.24	1.25	1.25	1.4	1.79	1.61	1.24	1.24	1.24	0.49	0.4	0.29	0.36	0.28	0.2	0.18	0.2	0.24	0.33	0.4	0.6	0.5	0.8	0.8	0.8	0.6	0.9	0.9	0.9	0.9	0.9	0.9	0.9	0.9	0.9	0.9	0.9	0.9	0.9	0.9	0.9	0.9	0.8	0.9	0.38	0.4	0.4	0.34	0.27	0.4	0.43	1.11	1.24	1.24	1.24	1.24	1.24	1.24	1.24	1.24	1.24	1.24	1.24	1.24	1.24	1.24	1.24	1.24
2026-04-02	1.56	1.61	1.66	1.61	1.24	1.24	1.24	1.24	1.24	1.24	1.24	1.24	1.24	1.24	1.24	1.24	1.24	1.24	1.24	1.24	1.24	1.24	1.24	1.24	1.24	1.24	1.24	1.24	1.71	1.77	1.77	1.97	2.5	2.15	1.59	1.61	1.24	1.24	0.4	0.4	0.9	0.42	0.37	0.3	0.9	0.8	1.24	1.24	1.24	1.24	1.24	1.24	1.25	1.24	1.25	1.25	1.24	1.25	1.25	1.24	1.25	1.28	1.27	1.26	1.39	1.25	1.25	1.25	1.25	1.3	1.3	1.35	1.24	0.8	1.24	1.24	0.4	0.4	0.47	1.24	1.24	1.24	1.24	1.48	1.97	1.97	1.79	1.79	1.79	2	1.43	1.25	1.25	1.24	1.24	1.24
2026-04-03	1.25	1.3	1.42	1.37	1.27	1.25	1.24	1.24	1.79	1.79	1.79	1.79	1.79	1.79	1.79	1.79	1.77	1.89	1.89	1.88	1.75	1.79	1.85	1.84	1.91	2.03	2.05	2.1	2.06	2.15	2.15	2.29	10.58	4.44	2.31	2.29	1.4	1.24	1.24	0.8	0.6	0.4	0.29	0.37	1.24	1.24	1.24	1.24	1.24	1.24	1.24	1.24	1.24	1.24	1.24	1.24	1.24	1.24	1.24	1.24	1.24	1.25	1.25	1.43	1.25	1.25	1.25	1.25	1.24	1.24	1.25	1.24	0.8	1.24	1.24	1.24	0.4	0.6	1.24	2.08	2.25	2.21	1.84	1.24	1.24	1.24	1.24	1.24	1.24	1.24	1.25	1.25	1.43	1.71	1.62	2.24
2026-04-04	2.6	2.66	2.75	3	2.72	2.5	2.63	2.55	3	3.88	4.42	4.45	7.3	5.01	7.72	9.82	4.18	5.19	5.37	6.02	7.3	9.65	9.38	7.87	4.12	4.45	4.45	4.45	7.38	8.75	8.75	20.39	28.94	23.57	21.26	5.61	7.38	1.51	1.24	1.24	0.51	0.43	0.37	0.28	0.42	0.4	0.52	0.49	0.6	0.6	1.24	1.24	1.24	1.24	1.24	1.24	1.24	1.24	1.24	1.24	1.24	1.24	1.24	1.24	1.25	1.25	1.25	1.24	0.38	0.38	0.39	0.8	0.6	0.8	1.24	1.24	1.24	1.89	3.72	11.16	27.66	10.53	10.49	3.21	2.5	2.5	2.5	2.5	2.48	2.48	2.48	2.48	2.99	3.74	3.79	4
2026-04-05	13.3	13.4	18.4	19.6	19.3	20.2	21.5	22.26	22.16	24.1	22.27	22.84	22.26	22.26	22.26	22.27	22.56	22.56	22.27	22.27	8.75	8.75	8.75	8.75	8.75	8.75	17.78	17.78	22.16	22.3	22.16	23.26	475.34	66	45	27.3	3.85	1.24	0.89	0.6	0.4	0.41	0.8	0.4	0.91	1.73	1.75	1.75	1.81	1.97	1.97	1.97	1.75	1.75	1.75	1.97	1.79	2.15	2.5	2.75	3.7	4.63	4.88	4.98	6.38	5.88	5.68	4.73	4.28	1.79	1.24	0.89	0.41	0.6	0.8	1.13	1.21	1.24	5.19	23.26	5.45	3.07	2.75	2.33	1.94	1.98	1.9	1.75	1.82	1.9	1.96	1.82	1.81	3.09	3.09	3.45
2026-04-06	13	13.1	15.4	4.95	10.45	6.9	9.11	8.75	7.3	6.6	5.5	5.5	5.5	5.5	5.5	5.2	11.5	11.63	11.93	14.68	4.77	3.95	2.99	2.99	5	5	3.3	4.35	4.4	8.75	8.76	5.3	20.45	14.72	3.95	1.39	1.79	0.97	0.39	0.25	0.34	0.29	0.14	0.2	1.43	1.5	1.43	1.43	1.43	1.61	1.61	1.61	1.75	1.79	1.79	1.79	1.77	1.79	1.79	1.97	1.79	1.97	1.9	1.83	1.75	1.61	1.61	1.54	1.24	1.24	0.6	0.89	0.63	0.89	1.24	1.24	1.24	1.32	3.85	4.95	2.59	1.97	1.97	1.97	1.79	1.79	1.87	1.87	1.87	1.95	2.09	2.09	2.15	2.15	2.15	2.11
2026-04-07	2.33	2.15	1.61	1.61	1.59	1.55	1.5	1.43	1.79	1.82	1.82	1.79	2.33	2.33	2.33	2.5	3	3.1	2.5	2.56	2.33	2.32	2.3	2.33	1.77	1.83	2.01	2.01	1.94	1.94	1.94	1.97	2.15	1.97	1.79	1.75	1.9	1.61	1.24	1.24	1.25	1.24	0.8	0.6	1.24	1.24	1.24	1.24	1.24	1.24	1.24	1.24	1.24	1.24	1.24	0.99	0.99	0.89	1.24	0.93	1.24	1.1	1.24	1.24	1.24	1.24	1.24	1.24	0.63	0.96	1.24	1.48	1.24	1.79	4.32	5.49	3	3	5.11	3.25	2.64	2.33	2.38	2.5	1.5	1.24	1.7	2.33	2.33	2.5	2.33	2.5	2.5	2.51	2.64	2.64
2026-04-08	5.6	7.5	11.2	12.5	11.9	12	11.6	12.6	15.8	16.5	17.31	17.49	16.47	17.33	17.33	17.33	17.37	17.37	17.77	17.72	12.4	11.9	12	10.04	4.4	4.5	4	3.75	3.67	3.74	3.5	3.22	2.5	2.95	3.39	3.75	8.44	9.1	7.83	5	4.62	4.62	1.57	1.32	1.35	1.24	1.24	1.24	1.24	1.24	1.24	1.24	0.84	0.84	0.77	0.66	0.72	0.71	0.68	0.66	0.6	0.6	0.6	0.6	0.8	0.76	0.8	1.07	1.12	1.24	1.24	1.79	2.45	3.85	5	5.57	2.73	5.75	2.43	2.28	2.95	1.3	1.3	1.3	1.4	1.4	1.5	2.5	1.6	2.5	2.5	2.58	2.5	2.5	2.55	4.75
2026-04-09	2.5	2.5	3.1	3.91	2.9	3.6	3.75	3.86	3.15	3.75	3.75	4	4.18	5.1	5.1	5.1	5.8	5.9	5.6	5.1	4	3.91	5.57	5.26	4.97	3.75	4.86	3.45	1.6	1.6	1.6	1.6	2.53	2.8	3.25	3.75	8.43	7.12	5.54	1.71	1.48	1.24	0.73	0.4	0.62	0.46	0.51	0.4	0.6	0.8	0.7	0.6	0.8	0.8	0.8	0.8	0.72	0.8	0.8	0.8	0.7	0.63	0.8	0.8	0.8	0.62	0.6	0.49	0.4	0.42	0.4	0.8	0.59	0.79	1.24	1.97	2.48	4.47	6	6	4	2.5	2.5	2.5	2.13	2.13	2.13	2.13	2.12	2.12	2.12	2.12	2.96	2.96	2.96	2.96
2026-04-10	1.81	1.81	1.81	1.79	1.97	1.97	1.97	1.97	1.79	1.79	1.92	1.97	2.15	2.15	2.15	2.15	2.33	2.5	2.5	2.5	2.15	2.15	2.33	2.33	4	6	11.14	9.9	6.46	5.75	2.5	3.7	4.5	5.1	8.5	4.5	6.74	5.85	2.33	1.25	1.24	1.24	0.65	0.71	1.06	1.24	1.24	1.24	1.24	1.24	1.24	1.24	1.24	0.94	1.04	0.94	1.21	1.24	1.01	1.24	1.2	1.24	1.17	1.24	1.24	1.24	1.24	1.24	1.07	1.24	1.24	1.24	1.24	1.24	2.15	5.4	4.7	10.59	10.03	9.6	3.5	2.5	1.8	1.6	1.8	1.8	2.5	2.57	2.5	2.5	2.5	2.5	2.61	3.09	3.09	3.37
2026-04-11	3.33	4	4.8	7.6	8.4	8.9	9.5	10.7	12.43	12.72	12.5	13.67	14.59	16.06	16.06	18.62	17.48	19.33	19.38	19.58	7.63	7.63	7.63	7.63	10.3	10.2	10.1	10.1	13.93	16.44	16.44	20.16	46.83	47.16	41.4	37.46	24.8	13.64	13.64	3.56	3.43	2.15	1.39	1.24	1.25	1.25	1.24	1.24	1.24	1.24	1.24	1.24	1.24	1.24	1.24	1.24	1.24	1.24	1.24	1.24	1.24	1.24	1.25	1.25	1.25	1.25	1.24	1.24	1.43	1.24	1.24	1.24	1.25	1.44	1.45	1.63	1.58	1.5	1.79	2.33	1.52	1.48	1.53	1.57	1.43	1.43	1.43	1.43	1.59	1.43	1.54	1.43	1.48	1.48	1.49	1.43
2026-04-12	0.8	0.84	1.24	1.24	1.24	0.89	1.08	0.8	1	0.8	0.88	1	1.23	1.22	1.2	1.2	1.24	1.24	1.24	1.27	1.24	1.26	1.24	1.24	1.24	1.24	1.35	1.29	1.32	1.32	1.3	1.28	10.57	10.38	4.49	2.08	2.42	1.52	1.36	1.34	1.36	1.39	1.24	1.24	1.45	1.24	1.43	1.24	1.24	1.24	1.24	1.24	1.24	1.24	1.24	1.24	1.24	1.24	1.24	1.24	1.24	1.24	1.24	1.24	1.24	1.24	1.23	1.24	1.24	1.24	1.24	1.24	1.24	1.24	1.24	1.24	1.24	1.24	1.74	2.19	1.8	1.24	1.24	1.35	1.24	1.24	1.24	1.24	1.24	1.24	1.24	1.24	1.24	1.24	1.24	1.24
2026-04-13	1.87	1.7	1.5	1.43	1.4	1.24	1.24	1.24	1.24	1.24	1.24	1.24	1.24	1.24	1.24	1.24	1.24	1.24	1.24	1.24	1.24	1.24	1.43	1.43	1.24	1.24	1.24	1.24	2.03	2.11	2.12	2.22	2.9	2.5	2	1.35	1.97	1.24	1.24	0.89	1.24	0.8	0.52	0.47	0.8	0.74	0.6	0.58	0.58	0.59	0.6	0.6	0.38	0.38	0.39	0.38	0.39	0.39	0.46	0.48	0.52	0.59	0.61	0.64	0.59	0.59	0.6	0.61	0.72	0.59	0.59	0.89	0.79	0.91	1.24	1.63	1.79	2.56	4	6.98	4	3.25	2.98	2.54	1.4	1.4	1.4	1.4	1.4	1.4	1.4	1.4	1.25	1.61	1.79	1.79
2026-04-14	2.45	2.42	2.5	2.5	2.25	2.25	2.25	2.25	2.25	2.34	2.35	2.35	2.66	2.64	2.67	2.7	2.68	2.77	2.79	2.88	2.5	2.5	2.5	2.5	2.5	2.61	3.07	3.69	2.77	2.43	2.45	2.8	5.8	5.2	4.4	3.06	3.25	1.82	1.24	1.24	0.83	0.79	0.4	0.23	0.49	0.4	0.33	0.4	0.37	0.35	0.36	0.36	0.36	0.4	0.4	0.4	0.49	0.47	0.4	0.6	0.6	0.62	0.65	0.77	0.64	0.68	0.6	0.63	0.61	0.8	0.8	1.24	1.24	1.24	1.24	1.47	1.78	4.23	6.95	7.7	5.41	2.65	2.5	1.6	1.6	1.6	1.6	2.5	2.55	2.5	2.48	2.4	2.75	3.25	4.13	4.11
2026-04-15	1.5	1.5	1.7	2.33	2.05	2.04	2.02	2.15	2.33	2.32	2.29	2.26	2.15	2.23	2.19	2.15	2.2	2.38	2.34	2.36	2.49	2.5	2.5	2.5	2.5	2.3	2.5	2.5	1.4	1.4	1.4	1.5	2.5	2.6	3.45	4.7	2.15	1.61	1.24	0.84	0.65	0.4	0.2	0.13	0.2	0.14	0.13	0.13	0.13	0.13	0.13	0.13	0.2	0.2	0.2	0.24	0.24	0.23	0.39	0.23	0.14	0.13	0.14	0.14	0.14	0.14	0.14	0.13	0.2	0.2	0.2	0.29	0.6	0.91	1.24	1.39	1.86	3.61	5.2	7.8	3.89	2.17	1.6	1.6	1.5	1.5	1.5	1.5	1.5	1.5	1.5	1.5	1.5	1.55	1.6	2.5
2026-04-16	2.5	2.5	1.62	2.28	2.2	2.41	2.5	2.9	2.5	2.7	2.8	2.8	2.6	2.8	3.25	3.5	3.5	3.5	3.5	3.4	2.4	2.2	1.9	2.92	3.05	3.02	2.7	2.68	1.5	1.5	1.5	1.75	2	2.46	1.5	1.6	2.47	1.63	1.61	1.25	1.24	1.25	0.89	0.4	0.2	0.23	0.2	0.2	0.2	0.2	0.2	0.14	0.13	0.13	0.13	0.14	0.13	0.14	0.13	0.14	0.14	0.14	0.14	0.17	0.16	0.19	0.2	0.14	0.2	0.2	0.25	0.46	1.24	2.5	3.54	7.09	5.99	7.02	3	5.03	1.89	1.6	1.6	1.6	1.6	1.6	1.6	1.6	1.6	1.6	1.6	1.6	1.6	1.6	1.6	2.2
2026-04-17	2.58	2.59	1.6	1.6	1.5	1.5	1.5	1.5	1.6	1.6	1.6	1.6	1.73	2	2	2.42	2.29	2.29	2.3	2.3	1.51	1.5	1.6	1.6	2.21	1.87	2.85	1.6	1.5	1.5	1.5	1.6	2.11	1.5	1.82	2.5	2.93	2.93	2.46	1.43	1.25	1.24	0.6	0.2	0.2	0.2	0.11	0.11	0.58	0.48	0.48	0.44	0.47	0.48	0.4	0.4	0.4	0.4	0.39	0.4	0.4	0.4	0.39	0.37	0.4	0.4	0.4	0.49	0.4	0.37	0.37	0.45	0.94	1.73	2.13	5.9	4.27	5.34	6.62	7.86	1.87	1.5	1.6	1.6	1.6	1.6	1.6	1.6	1.6	1.6	1.6	1.6	1.6	2.78	2.72	3.2
2026-04-18	3	3	7	7.09	4.71	6.3	6.53	7.34	4	4.2	4.4	5.1	5.1	6.1	6.1	6.7	6.9	7.2	7.2	7.3	9.02	8.5	7.6	7.41	8.04	7.83	8.36	8.12	3.2	2.7	3.5	8.01	38.83	42.9	23.09	13.2	5.41	2.1	1.3	1.24	0.89	0.37	0.73	0.37	0.43	0.6	0.4	0.4	1.18	0.89	0.89	0.88	1.24	1.24	1.24	1.24	1.24	1.24	1.24	1.24	1.24	1.24	1.24	1.24	0.8	0.89	0.89	0.97	0.6	0.6	0.69	0.97	1.24	1.24	1.24	1.36	1.25	2.15	5.55	8.89	17.1	8.87	12.5	13	3.1	3.47	3.5	2.7	4.12	4.14	4.15	4.15	4.34	4.34	4.61	4.62
2026-04-19	6.1	7.32	13.17	14.61	9.93	10.05	12.82	14.77	11.24	14.98	15.63	17.1	15.5	16.8	17.2	16.5	17.5	17.4	17.58	17.3	14.9	14.6	14.8	14.51	14.3	14	13.4	11.7	18.9	20.16	20.16	24.42	44	34	23.5	3.3	1.36	1.24	1.24	1.24	0.57	0.53	0.27	0.2	0.4	0.4	0.49	0.4	0.32	0.32	0.4	0.4	0.2	0.2	0.2	0.2	0.2	1.24	1.24	1.24	1.24	1.24	1.24	1.24	1.61	1.24	1.24	0.4	0.6	0.8	0.82	1.24	1.24	1.24	1.24	1.24	1.24	1.84	7.88	18.44	15.2	7.82	6.82	6.2	4.8	4.9	4.8	5	5.71	8.1	5.07	4.82	6.57	4.52	6.76	6.86
2026-04-20	3.42	3.63	4.26	5.4	5.09	5.75	4.89	6.1	5.9	5.95	6.11	6.13	6.52	6.52	6.52	6.52	6.4	6.08	6.06	5.89	5.99	4.76	5.91	4.74	2.82	3.25	3.6	3.5	3.07	3	3.26	3.1	2.91	4.6	5.66	2.3	6.12	5.31	2.09	1.24	1.24	1.19	0.85	0.79	1.01	1.24	0.8	1.24	1.11	1.12	1.09	1.17	1.1	0.96	0.96	1.09	0.8	0.8	0.8	0.8	0.9	0.97	1.24	1.24	1.24	1.24	1.24	1.24	1.24	1.24	1.24	1.31	1.54	1.58	2.15	3.7	1.61	3.38	6.22	6.9	7.4	3.25	5.3	2.62	1.64	1.6	1.6	2.22	3	3.02	3.04	4.13	3.7	5.3	6.3	7.7
2026-04-21	2.2	2.18	1.97	2.81	2.1	2.5	2.5	2.51	4	4.4	4.54	4.8	6	6	6	6.01	6	5.9	5.9	5.9	6	6	6	5.3	5.2	4.8	5.33	5	2.49	1.98	2	2.29	15.96	13.04	4	4.95	6.64	4.2	1.79	1.24	1.25	1.24	1.24	1.24	1.24	1.24	1.24	1.24	1.24	1.24	1.24	1.24	1.24	1.24	1.24	1.24	1.24	1.24	1.24	1.24	1.24	1.24	1.24	1.24	1.24	1.24	1.24	1.24	1.25	1.25	1.38	1.47	1.79	1.79	1.89	2.74	1.99	2.83	6.31	11.54	13.54	6.4	4	4	1.83	1.83	1.83	1.96	1.97	1.99	2.13	2.15	1.8	1.9	3.6	4
2026-04-22	2.15	2.6	2.9	3.86	3.86	4.3	4.4	4.2	3.86	3.1	3.5	3.9	3.86	3.86	3.86	3.86	3.86	3.86	3.86	3.86	5.42	5.42	5.6	12.74	31.75	30.92	38.43	35.64	3.86	3.5	3.5	4.62	16.86	12.54	12.5	7.9	9.09	5.91	2.98	1.97	1.24	1.24	1.24	1.12	1.24	1.24	1.24	1.24	1.24	1.24	1.24	1.24	1.24	1.24	1.24	1.24	1.24	1.24	1.24	1.24	0.89	1.24	1.24	1.24	1.24	1.24	1.24	1.24	1.24	1.24	1.24	1.24	1.24	1.24	1.24	1.97	1.97	3.28	10.61	19.77	27.18	12	9.67	4.75	1.6	1.5	1.5	2.06	2.25	3.05	3.14	2.84	2.35	3	5.3	5.76
2026-04-23	2.5	2.5	4.4	6.2	2.5	2.5	5.9	5.5	2.93	3.5	3.5	2.83	3.5	3.5	3.5	3.5	2.81	2.81	2.81	2.54	2.55	2.56	2.69	2.7	2.58	2.45	3.5	3.5	5.9	2.6	2.64	4.4	2.5	3.37	2.49	2.5	5.26	2.5	1.75	1.46	1.24	1.24	0.6	1.24	1.24	0.98	1.24	1.24	1	1.24	1.24	1.24	1.13	1.24	1.24	1.24	1.24	1.24	1.24	1.24	1.24	1.24	1.24	1.24	1.24	1.24	0.84	0.89	1.24	1.24	1.24	1.24	1.24	1.43	1.97	3.18	2.5	3.29	4.32	4.6	2.21	1.85	2.09	2.2	1.6	1.6	1.6	1.79	1.79	2.42	2.37	2.32	2.19	2.33	2.33	2.33
2026-04-24	4.31	4.31	4.31	4.31	4.07	4.08	4.09	4.6	5.1	5.4	5.6	6.25	9.9	9.9	10	10	9.9	10	9.97	9.9	8.4	8.3	7.7	7.4	7.1	4.3	5.4	3	2.6	2.62	2.65	3.25	3.03	2.65	1.79	4.1	2.6	5.2	6.1	6.25	6.9	6.25	5.7	3.5	3.45	1.24	1.24	1.24	1.24	1.11	1.01	0.89	0.84	0.84	0.84	0.84	0.89	0.89	0.89	0.89	1.24	1.24	1.24	1.24	1.24	1.24	1.24	1.24	1.24	1.24	3.03	5.16	5.75	6.97	11.6	13.9	11.1	11.86	15.87	16.7	7.81	2.65	2.78	2.6	1.85	1.64	1.66	2.28	2.39	2.65	2.7	3.67	3	4	6.7	6.9
2026-04-25	3.8	3.8	5.5	5.9	3.05	3.04	3.03	3.03	3.03	3.02	3.02	3.02	3.5	3.5	3.5	3.5	3.5	3.5	3.5	3.5	3.17	2.69	3.03	3.03	5.59	5.59	5.9	5.59	14.56	21.59	21.7	24.75	53.63	41.16	42.91	41.16	10.85	3.65	1.41	1.24	1.24	0.8	1.01	0.93	1.24	1.24	1.24	1.24	1.24	1.24	1.24	1.24	1.24	1.24	1.24	1.24	1.24	1.24	1.24	1.24	1.24	1.24	1.24	1.24	1.24	1.24	1.24	1.24	1.24	1.24	1.24	1.24	1.24	1.39	2.63	5.25	5.24	11.54	22.6	20.41	26.38	14.72	14.72	14.72	3.67	3.23	3.03	3.03	2.31	2.31	2.39	2.39	2.39	2.39	2.39	2.39
2026-04-26	9.4	9.5	10.48	12.5	11.99	11.66	11.67	12.31	14.7	14.9	15.42	15.42	17.6	17.6	17.66	17.6	17.6	17.6	17.6	17.66	17.6	17.6	16.5	14.9	14.1	14.1	14.3	14.1	14.2	17.34	16.29	25	46.48	26.3	27.25	26.3	2.39	3.03	1.24	1.55	1.24	1.78	1.61	1.6	1.86	2.05	2.22	2.35	2.43	2.43	2.44	2.44	2.39	2.39	2.39	2.39	2.33	2.32	2.39	2.22	2.35	2.39	2.39	2.38	2.33	2.39	2.32	1.82	1.24	1.24	1.24	1.24	1.24	1.24	1.24	2.24	1.81	3.35	4.95	14.3	15.9	8.37	6.1	6.9	2.03	1.92	1.93	2.07	2.1	2.08	2.07	2.57	3.3	4.95	4.95	5.59
2026-04-27	6.5	8.99	9.53	10	8.49	9.28	8	9.61	10	11.35	15.03	15	14.28	14.25	14.25	14.25	11.58	11.58	11.14	10	8.9	6.25	5.94	5.37	4.01	3.86	4.95	3.86	3.5	2.55	2.58	3.86	14.12	11.47	6.85	4.95	4.31	2.92	1.24	1.02	0.6	0.6	0.8	0.6	1.05	0.89	0.82	0.8	0.8	0.8	0.73	1.24	1.24	1.24	1.24	1.24	1.24	1.24	1.24	1.24	1.24	1.24	1.24	0.8	0.8	0.7	0.65	0.71	0.75	0.8	0.48	0.6	0.39	0.95	1.24	1.24	3.03	4.31	6.4	7.78	2.8	2.39	1.99	1.6	1.6	1.6	1.6	1.75	2.5	2.75	2.61	3.27	3.5	4.31	4.31	4.1
2026-04-28	4.95	5.59	5.59	6.25	5.59	5.59	5.59	5.59	9.71	9.79	9.77	10	10.4	11.1	11.1	11.85	12.58	13.8	13.2	15.05	9.37	9.79	10	9.78	10.48	9.71	12.41	11.89	11.49	10	9.25	13.33	18.32	15.75	10.02	6.4	7.73	6.25	5.25	2.52	1.24	1.24	0.89	0.44	0.6	0.8	0.6	0.6	0.8	1.24	1.24	1.24	1.24	1.24	1.24	1.24	1.24	1.24	1.24	1.24	1.24	1.24	1.24	1.24	1.24	1.24	1.24	1.24	1.04	1.24	1.24	2.39	2.93	4.95	5.03	7.17	6.84	9.73	11.04	10.84	4.95	2.39	1.75	1.75	1.75	1.75	1.75	1.75	1.9	2.26	2.58	2.6	2.63	2.8	2.78	2.78
2026-04-29	4.48	4.95	5.59	5.59	4.31	4.31	4.95	4.95	4.95	5.59	5.59	5.59	5.59	5.59	5.59	6.25	8.35	9.13	9.2	9.2	6.25	6.25	6.25	6.92	3.03	4.04	5.59	6.25	3.25	3.15	2.1	2.98	2.45	2.58	2.64	4.31	1.8	3.4	3.67	2.39	2.65	3.7	2.23	1.24	3.03	1.4	1.24	1.24	1.24	1.24	1.24	1.24	1.24	1.24	1.24	1.24	1.24	1.24	1.24	1.24	1.24	1.24	1.24	1.24	1.24	1.24	1.24	1.24	1.24	1.24	1.75	2.39	3.03	3.88	4.95	5.59	4.95	7.37	8.78	12.85	8.36	4.95	2.39	2.64	2.83	2.79	2.79	2.66	2.62	2.66	2.67	5	2.33	2.33	3.7	3.5
2026-04-30	3.78	3.67	4.95	4.95	3.67	3.67	3.67	3.67	3.67	3.67	4.33	4.31	4.33	4.75	4.95	4.97	5	5.57	4.91	4.91	3.44	3.67	3.67	4.04	4.31	3.69	3.98	3.5	3.22	2.79	2.62	3.5	21.61	13.41	7.75	7.5	7.86	4.95	4.2	3.03	1.24	1.24	0.6	0.4	0.6	0.84	0.4	0.84	0.6	1.24	0.44	0.4	0.4	0.4	0.46	0.58	0.52	0.43	0.46	0.46	0.6	0.58	0.54	0.51	0.6	0.56	1.24	0.4	0.5	0.8	0.4	0.6	1.24	1.24	1.5	3.68	3.06	6.25	7.5	9.1	3.56	2.71	1.5	1.5	1.5	1.5	1.5	1.5	1.5	1.5	1.6	2.5	1.87	2.44	2.45	2.34
2026-05-01	3.14	3.1	3.7	4.01	5.2	5	5.3	5.5	5.2	5.28	5.3	5.4	5.3	5.4	5.4	5.4	4.5	4.6	4.8	4.87	5.34	5.4	5.79	5.79	4.93	4.9	5	5.3	8.73	12.5	12.5	12.5	26	30.35	28.36	21.1	5.53	3.37	1.43	1.61	1.97	1.24	1.24	1.24	1.24	1.24	1.24	1.24	1.24	1.24	1.24	1.43	1.24	1.24	1.25	1.25	1.25	1.25	1.25	1.43	1.43	1.43	1.43	1.43	1.43	1.43	1.47	1.24	1.24	1.24	1.24	1.24	1.24	1.24	1.24	2.33	2.5	4.49	9.64	10.21	12.59	7.1	2.98	5.38	1.5	1.5	1.5	1.5	1.5	1.6	1.5	1.6	1.7	1.76	2	2.45
2026-05-02	4.4	4.1	4.49	4.49	4.2	4.29	4.41	4.41	6.3	6.3	11	9.1	12	12	12.59	13.25	11.64	12.4	12.9	13.1	12.55	12.55	12.3	11.7	10.07	6.8	6.9	6.9	12	12.62	12.5	13.1	35.95	27.37	24.54	20.11	32.16	19.57	14.19	9.49	6.41	2.5	1.61	1.43	1.79	1.24	1.25	1.24	1.42	1.74	1.61	1.43	1.47	1.43	1.24	1.24	1.24	1.24	1.24	1.24	1.43	1.25	1.24	1.24	1.24	1.24	1.43	1.25	1.24	1.25	1.61	1.61	1.42	1.68	1.75	2.5	2.69	4.11	5.51	8.8	5.12	4.45	5.3	6	3.5	2.32	2.13	2.33	2.37	2.5	2.4	2.91	2.33	2.33	2.86	2.5
2026-05-03	6.1	6.4	6.54	6.55	6.54	6.7	6.9	7.2	8.48	11.08	11.53	10.2	8.32	8.84	8.85	8.89	11.7	12.89	13.04	11.67	13.5	13.5	12.8	12.8	12.8	11.5	10.34	9.93	10.72	11.46	12	18.48	37.84	37.5	30.26	21.64	16.5	3.95	2.52	2.31	1.67	1.43	1.24	1.24	1.4	1.25	1.28	1.24	1.24	1.24	1.24	1.24	1.24	1.24	1.24	1.24	1.24	1.24	1.24	1.24	1.24	1.24	1.24	1.24	1.24	1.24	1.24	1.24	1.75	1.24	1.32	1.61	1.43	1.97	2.98	3.86	3.69	7.61	11.15	13.61	15	7.62	10.78	8.2	2.91	2.5	2.85	3.47	2.84	3.46	2.83	2.83	2.52	3.09	3.13	4.5
2026-05-04	2.71	2.95	2.68	2.96	2.62	2.9	2.61	3.5	3.1	3.5	4.9	6.1	5	6.5	6.4	7	6.8	6.6	6.4	5.4	3.9	3.7	4.8	4.98	3.5	2.99	3.5	3	3.27	1.55	1.6	2.43	3	2.5	2.8	4.2	4	5.86	2.15	1.62	1.52	1.42	1.24	1.24	1.24	1.24	0.8	0.8	0.64	0.55	0.49	0.48	0.73	0.8	1.04	1.16	1.01	1.01	0.8	0.8	0.6	0.49	0.4	0.28	0.43	0.4	0.42	0.6	1.24	1.01	0.86	1.24	1.24	1.24	1.24	1.43	1.09	1.79	2.7	5.95	5.41	2.2	1.6	1.4	1.4	1.4	1.4	1.4	1.25	1.4	1.4	1.4	1.25	1.5	1.79	2.67
2026-05-05	2.15	3.83	2.8	3.7	1.85	1.81	1.83	1.79	3.5	3.9	3.9	4.3	4	4.3	4	4.1	4	4.1	3.8	3.7	3.72	3.73	4.28	4.94	3.9	5.15	12.5	5.3	1.5	1.46	1.4	1.55	18.95	15.39	14.61	10.16	3	2.55	2.5	2.33	1.97	1.79	1.24	1.21	0.95	0.83	0.79	0.67	0.79	0.59	0.79	0.79	0.79	0.79	0.85	0.85	0.42	0.59	0.59	0.59	0.79	0.79	0.89	0.79	0.67	0.59	0.59	0.59	0.4	0.55	0.59	1.06	1	1.24	1.99	2.5	2.5	5.67	7.7	8.18	5.7	2.69	2.4	1.5	1.7	1.5	1.5	2.23	2.24	2.5	2.5	2.5	3.29	3.5	2.56	4.8
2026-05-06	1.43	1.4	1.8	2.4	1.79	2.15	2.25	2.15	1.8	2.15	2.15	1.97	2.15	2.5	2.5	2.5	2.5	2.5	2.5	2.5	3.5	4.06	2.4	2.1	2.12	1.4	1.4	1.4	1.4	1.4	1.4	1.4	1.4	1.53	2.5	2.5	1.97	1.37	1.24	1.24	1.43	1.26	1.24	0.54	0.88	0.79	0.59	0.79	0.99	0.79	0.79	0.99	0.7	1.24	0.87	0.59	0.71	0.79	0.79	0.95	1.24	0.81	0.79	0.79	0.93	1.24	1	1.24	1.24	1.24	1.25	1.79	1.24	1.25	1.61	2.33	1.79	3.19	5.19	2.5	1.6	1.4	1.4	1.4	1.4	1.4	1.4	1.4	1.4	1.4	1.4	1.4	1.4	1.4	1.4	1.4
2026-05-07	1.98	1.97	2.43	2.5	2.51	4.44	4.42	4.39	4.11	4.31	4.11	4.28	6.89	7.47	8.81	9.18	9.54	9.48	8.57	8.44	8.4	9.51	9.33	3.25	4.11	3.86	2.24	2.24	1.4	1.5	1.5	2.08	4.23	7.28	9.75	9	1.4	3.5	1.97	1.49	2.2	1.97	2.29	1.24	1.24	1.24	1.24	1.24	1.24	1.24	1.24	1.24	1.24	1.24	1.24	1.24	1.24	1.24	1.24	1.24	1.24	1.24	1.24	1.24	1.24	1.25	1.36	1.54	1.61	1.79	2.15	3.37	2.33	2.5	2.66	5.41	5.9	5	1.6	1.67	2.5	1.6	1.6	1.6	1.4	1.4	1.4	1.4	1.4	1.4	1.4	1.6	1.6	1.6	1.6	1.6
2026-05-08	3.5	3.5	4.41	4.7	4.37	4.37	4.6	4.7	4.6	5.1	5.5	5.8	4.7	4.9	4.9	5.1	5.3	5.4	5.5	5.5	5.5	5.8	5.1	7.5	7.5	7.5	7.5	7.5	5.4	5	5.9	5.9	6.2	6.3	8.5	9.15	7.71	4.17	3.5	1.8	2.33	2.11	1.9	1.64	1.43	1.24	1.24	1.24	1.24	1.24	1.24	1.24	0.99	0.99	0.79	0.99	0.99	0.99	0.89	0.89	1.24	0.99	0.99	1.24	1.24	0.99	1.24	1.24	1.24	1.24	1.24	1.43	1.78	2.06	2.31	3.32	2	4.29	5	2.7	7.3	2.3	1.6	1.4	1.4	1.4	1.4	1.4	1.88	2.4	1.66	2.39	2.3	2.33	3.29	3.92
2026-05-09	1.43	1.43	4.9	7.6	9.8	10	10.1	10.9	13.07	15.1	15.8	8.76	14.32	14.23	9.98	10.5	9.7	10.2	13.01	12.69	13.63	13.28	12.88	12.25	20.7	17.8	17.4	29.91	33.02	38.14	38.14	42.93	59.07	43.8	34.87	34.15	19.3	13	5.64	5.63	3.56	3.31	3.45	3.12	2.51	1.24	2.25	2.25	1.79	1.24	1.61	1.43	1.24	1.24	1.24	1.24	1.24	1.24	1.24	1.24	1.24	1.05	1.05	1.24	1.24	1.24	1.24	1.24	1.24	0.99	1.24	1.24	1.24	1.27	2.5	4.01	3.92	3.88	6.85	17.2	7.7	10.1	12.08	12.08	3.86	2.5	2.5	3.86	3.9	4.4	4.8	4.4	4.2	3.8	3.6	3.5
2026-05-10	2.5	2.5	2.5	2.5	1.8	1.61	1.61	1.79	1.79	1.79	1.97	1.95	2.5	2.5	2.5	2.5	5	5	5	6	12.8	12.6	12.4	12.3	12.8	12.7	12.4	12.4	22.82	25.2	25.9	26.3	56	42.21	27.3	8.7	3.17	2	1.24	1.24	1.24	0.99	0.59	0.68	0.59	0.59	0.39	0.39	0.59	0.39	0.19	0.39	0.39	0.59	0.59	0.59	0.59	0.59	0.59	0.59	0.8	0.8	0.8	0.99	0.99	0.89	0.99	0.99	0.79	0.79	0.79	0.79	0.99	0.99	1.24	1.24	1.24	1.24	2.33	3.24	1.97	2.15	10.25	11	3	1.58	1.53	1.61	1.73	1.6	1.61	2.5	3	6.6	4.6	4.3
2026-05-11	15	15	14.52	12.9	12.8	12.9	13	13.5	13	13.5	13.5	15.1	14.26	14.26	14.26	14.26	18.5	18.5	18.5	18.5	15	15	15	15	11.3	11	12.2	10.9	3.86	2.2	3.1	5.3	20.49	16.68	10.6	7.35	4.86	2.6	2.15	1.65	1.73	1.43	1.24	1.24	1.24	0.85	0.55	0.54	0.85	0.59	0.59	0.49	0.5	0.39	0.59	0.59	0.59	0.59	0.39	0.59	0.58	0.39	0.59	0.54	0.59	0.59	0.59	0.59	0.59	0.59	0.79	0.99	0.89	1.79	2.15	3.47	1.97	4.18	4.18	2.76	4.2	1.5	1.24	1.4	1.4	1.4	1.4	1.4	1.24	1.24	1.4	1.4	1.4	1.5	2.5	4
2026-05-12	1.78	1.66	1.5	1.5	1.4	1.4	1.4	1.5	3.86	3.86	3.5	3.5	2.5	3.5	3.5	3.5	3.5	3.5	3.5	6.1	3.36	3.41	3.86	4.79	2.19	2.24	1.4	1.4	1.4	2.5	3.75	6.41	5.09	9.38	13.77	12.33	8.4	6.32	5.93	4.35	4.04	2.35	1.24	1.24	1.24	1.11	1.01	1	1.09	1	0.98	0.88	0.73	0.75	0.59	0.59	0.59	0.73	0.73	0.79	0.59	0.79	0.79	0.79	0.79	0.79	0.79	0.79	0.99	0.8	1.24	1.24	1.24	1.24	1.43	2.15	2.15	2.5	5.14	3.9	3.52	2.2	1.4	1.4	1.24	1.24	1.24	1.24	1.24	1.24	1.24	1.25	1.24	1.24	1.4	1.63
2026-05-13	3.26	3.26	3.26	3.26	3.7	3.7	3.8	3.7	3.7	3.7	3.7	3.7	3.7	3.8	3.9	3.9	3.9	4.51	4.56	4.63	3.9	4	4.1	4.5	6.05	6.05	6	6.05	4.4	4.6	5.66	5.3	5.58	5	5.3	2.2	2.01	1.79	1.24	1.24	1.24	1.24	1.24	1.24	1.24	1.24	1.24	1.24	1.24	1.24	1.24	1.24	1.24	1.24	1.24	1.24	1.24	1.24	1.24	1.24	1.24	1.24	1.24	1.24	1.24	1.24	1.24	1.24	1.24	1.24	1.24	1.24	1.24	1.25	1.61	1.97	1.58	2.5	3.8	6.02	4.96	5.95	4.95	4.95	1.72	2.22	2.34	2.31	2.33	3	2.5	3.25	3.3	4.21	4.16	4.06
2026-05-14	2.33	2.5	2.86	2.74	2.2	2.7	3.25	2.5	3.3	3.29	2.31	2.29	2.31	2.29	2.29	2.25	2.55	2.56	2.5	2.5	2.61	2.68	2.6	2.76	3.25	2.68	3	2.82	2.8	9.62	14.29	10.87	14.66	7.5	6.82	2.16	2.1	1.61	1.24	0.99	1.24	1.24	1.24	1.24	1.24	1.24	1.24	1.24	1.24	1.24	1.24	1.24	1.24	1.24	1.24	1.24	1.24	1.24	1.24	1.24	0.39	0.39	0.39	0.39	0.2	0.2	0.19	0.39	0.2	0.39	0.39	0.79	0.89	1.24	1.24	1.24	1.24	1.62	2.15	2.59	2.5	3.37	4.23	4.55	1.97	1.97	1.97	1.97	1.97	1.97	1.84	1.84	2.12	2.12	2.12	2.15
2026-05-15	2.33	2.33	2.33	2.5	2.5	2.5	2.5	2.5	2.5	2.5	2.5	2.15	2.4	2	1.9	1.7	1.8	1.61	1.6	1.54	1.7	1.7	2.33	1.89	2.5	2.5	2.5	2.5	3	3.1	3.66	2.8	3.1	2.5	1.9	1.7	1.66	1.59	1.24	1.24	1.24	1.24	1.24	1.24	1.24	1.24	0.89	0.99	0.89	0.98	0.79	0.8	0.8	0.8	0.79	0.79	0.79	0.79	0.79	0.79	0.8	0.79	0.59	0.59	0.79	0.79	0.79	0.79	0.79	0.79	0.79	0.8	1.24	1.24	1.24	1.24	1.24	1.24	1.85	2.33	2.01	2.13	2.33	2.33	1.25	1.25	1.25	1.25	2.15	2.15	2.04	2.12	2.06	2.15	2.15	2.23
2026-05-16	1.79	1.73	2.5	2.5	1.91	1.89	1.89	1.91	2.15	2.14	2.11	2.5	2.33	2.4	3	3.6	2.5	2.5	4	2.5	4.5	3.7	2.5	2.5	2.5	2.5	2.5	2.5	4.46	5.7	5.75	4.4	3.99	2.2	1.4	1.24	0.99	0.98	0.73	0.59	0.95	0.99	0.59	0.59	0.68	0.59	0.59	0.53	0.46	0.59	0.54	0.59	0.4	0.67	0.59	0.79	0.79	0.94	0.79	0.79	0.99	0.79	0.99	0.84	0.84	0.99	0.99	0.99	0.99	0.99	0.79	1.07	0.99	1.02	1.24	1.24	0.99	1.24	1.94	4.92	2.5	5.18	4.13	2.66	2.06	1.97	1.6	1.6	1.5	1.61	1.5	1.6	2.08	2.08	2.15	2.33
2026-05-17	2.15	1.87	5.02	5.76	2.5	2.5	5.96	6.65	6.65	3.83	7.03	8.55	8.62	2.5	2.5	2.59	2.5	8.57	2.5	2.5	2.5	2.5	2.5	2.52	3.43	2.56	11.03	3.43	12.33	17.1	17.4	17.7	13.05	8.91	5	1.24	2.5	1.24	1.24	1.24	1.24	0.99	0.89	0.89	0.59	0.39	0.39	0.39	0.39	0.39	0.39	0.39	0.39	0.39	0.37	0.39	0.39	0.59	0.39	0.39	0.39	0.39	0.39	0.39	0.52	0.39	0.53	0.43	0.79	0.89	0.89	1.24	1.24	1.24	1.79	2.5	1.24	1.79	3.58	5.69	3.26	7.8	10.07	2.8	1.89	1.97	1.6	1.6	1.6	1.6	1.6	1.6	1.6	2.06	2.06	2.06
2026-05-18	3.6	4.6	6.5	6.9	6.7	6.8	6.33	5.89	6.79	7.64	8	8.2	10.1	9.4	10.2	11.18	9.68	9.3	7.98	7.54	7.1	6.9	15.13	14.8	5	3.7	3.25	3.36	2.96	3	3.15	3.5	3	8	4.12	1.79	6.87	6.72	2.56	2.23	1.95	1.55	1.24	0.99	0.99	0.93	0.93	0.93	0.89	0.89	0.93	0.93	0.93	0.93	0.93	0.96	0.89	0.93	0.93	0.89	0.94	0.94	0.94	0.94	0.99	0.99	0.99	0.99	1.24	1.24	1.24	1.24	1.24	1.3	1.68	2.34	2.5	3.19	5.89	13.8	6.7	3.5	1.61	1.4	1.61	1.61	1.61	1.61	1.61	1.61	1.61	1.97	1.97	1.84	2.1	2.33
2026-05-19	1.91	2.15	2.33	2.33	2.15	2.15	2.15	2.15	2.33	2.33	2.33	2.33	2.33	2.33	2.33	2.33	2.33	2.33	2.33	2.33	2.5	2.5	2.5	2.5	2.63	2.48	2.85	2.85	2.5	7.7	10.1	6.84	2.5	1.61	1.25	1.24	1.24	1.24	1.24	0.4	0.99	0.79	0.59	0.59	0.79	0.99	0.79	0.59	0.59	0.59	0.99	0.39	0.39	0.39	0.39	0.39	0.37	0.39	0.39	0.27	0.2	0.21	0.19	0.19	0.19	0.19	0.19	0.21	0.21	0.21	0.21	0.39	0.4	0.4	0.48	1.24	1.24	1.24	1.24	1.25	2.2	2.9	3.66	3.84	2.6	1.7	2	2	2.33	2.33	3	3	3.16	3.16	3.74	3.85
2026-05-20	9.45	11.91	12.12	13.21	5.1	8.76	9.26	7.88	9.58	10.5	12.44	15.03	15.42	15.42	15.46	15.46	15.68	15.68	15.59	15.54	11.6	12.2	11.4	10.84	12.23	10.35	13.01	10.5	3.25	3.43	9.13	10.9	3.18	6.95	4.68	1.55	1.97	1.43	1.25	0.59	0.73	0.79	0.76	0.47	0.49	0.5	0.39	0.39	0.39	0.39	0.39	0.45	0.39	0.5	0.56	0.59	0.59	0.59	0.59	0.59	0.59	0.59	0.76	0.73	0.79	0.79	0.66	0.59	0.39	0.46	0.39	0.59	0.4	0.49	0.59	1.24	0.46	1.24	1.25	2.5	4.5	5.2	2.01	1.78	2.33	2.33	1.66	1.97	1.66	2.15	1.66	2.5	1.6	1.97	2.43	3.5
2026-05-21	3.17	3.17	2.82	4.2	9.16	10.55	10.62	12.06	11.15	10.8	11.91	13.16	13.14	13.66	14.08	14.52	13.72	13.86	10.47	12.97	7.8	8.1	8.6	4.6	5.6	4.1	4.57	4.45	2.5	2.43	2.5	6.26	13.84	14.28	8.03	2.5	2.33	1.24	0.79	0.59	0.59	0.59	0.39	0.38	0.39	0.38	0.39	0.39	0.39	0.39	0.39	0.47	0.46	0.46	0.55	0.49	0.59	0.59	0.59	0.51	0.52	0.59	0.42	0.59	0.51	0.43	0.31	0.34	0.39	0.37	0.39	0.59	0.79	0.91	1.05	1.55	1.74	2.37	6.24	6.68	2.81	2.77	2.2	1.79	2.33	2.09	2.33	2.34	2.15	1.97	2.5	3	2.7	3.04	3.5	3.53
2026-05-22	2.95	2.96	3.69	8.83	3.92	10	10	10.99	9.37	9.55	9.69	9.5	10.05	10	10	10	10	10	10	10	14.1	13.72	13.09	11.62	10.58	10.25	8.96	8.11	4.14	10	15.27	15.27	16.79	15.41	14.49	7.62	5.28	3.25	1.73	1.24	1.24	1.24	0.79	0.59	0.56	0.54	0.39	0.39	0.39	0.37	0.39	0.38	0.37	0.34	0.34	0.39	0.39	0.4	0.3	0.19	0.34	0.38	0.39	0.29	0.39	0.23	0.37	0.3	0.19	0.33	0.38	0.79	0.8	0.99	1.24	2.9	1.24	1.64	1.8	4.81	3.11	3.82	2.22	1.24	1.24	1.24	1.24	1.24	1.24	1.24	1.24	1.24	1.24	1.24	3	2.79
2026-05-23	1.24	1.24	2.9	3.39	2.39	2.41	2.21	4.2	4.2	4	3.9	3.6	3.4	4.31	4.95	5.59	6.25	7.08	7.32	7.6	7.38	8.2	9.5	9.5	9.24	9.5	9.5	9.5	25.55	42.63	44.42	10.49	9.71	4.2	1.24	1.24	0.87	0.59	0.41	0.41	0.47	0.47	0.46	0.59	0.39	1	1	1	1	1.01	1.01	1.18	1.01	1.01	1.01	1.01	1.16	1.01	1.01	1.05	1.24	1.24	1.24	0.79	0.39	0.59	0.59	0.59	0.59	0.62	0.4	0.59	0.99	0.99	0.93	1.41	1.24	3	3.86	5.86	2.29	3.03	3.28	3.53	2.19	2.02	2.02	2.05	1.24	2.19	1.24	2.06	2.23	2.24	2.25	2.26
2026-05-24	3.16	3.04	3.05	2.8	2.74	2.59	2.5	2.51	2.46	3.85	3.05	3.71	3.75	6.97	7.61	8.27	7.6	7.61	8.75	8.75	8.76	8.76	8.76	8.76	8.76	8.76	18.28	18.96	53.34	53.34	53.34	57.72	53.8	30.97	7.04	3.05	1.25	1.24	1.24	0.99	0.99	1.24	0.99	0.79	0.99	0.79	0.79	0.99	0.99	0.99	0.99	0.99	0.99	0.99	0.99	0.99	1.02	1.02	1.02	1.02	1.03	1.14	1.02	1.05	1.03	0.84	0.79	0.79	0.99	0.79	0.79	1.24	1.24	1.24	1.24	2	0.99	1.24	2.38	3.13	1.61	2.33	3.05	1.6	1.6	1.6	1.6	1.6	1.6	1.6	1.6	1.6	1.6	1.6	1.6	1.6
2026-05-25	2.1	2.09	2.07	2.06	1.8	1.5	1.5	1.61	1.97	1.97	1.97	2.26	2.21	2.2	2.19	2.16	2.33	2.35	2.5	2.69	2.69	2.81	2.81	3.03	13	12.9	14.03	13.43	21.25	27.72	24.97	14.1	9.22	2.8	1.48	1.24	1.24	0.79	0.79	0.79	0.84	0.79	0.59	0.59	0.6	0.59	0.64	0.6	0.59	0.59	0.59	0.79	0.79	0.79	0.79	0.79	0.79	0.79	0.79	0.79	0.79	0.79	0.59	0.59	0.59	0.79	0.79	0.79	0.59	0.59	0.79	0.79	0.84	0.79	0.75	1.09	0.89	1.24	1.24	1.24	1.25	2	1.4	1.26	1.4	1.4	1.4	1.4	1.4	1.4	1.4	1.4	1.4	1.42	1.4	1.51
2026-05-26	6.25	7.5	15.83	9.33	4.9	14.32	4.86	4.45	12.5	13.96	14	14.09	9.63	8.62	8.45	9.29	14.13	8.18	10.09	14.05	7.5	8.52	9.81	20.27	2.39	1.24	2.31	1.24	4.95	9.2	9.24	8	9.41	8.84	6.69	2.94	1.56	1.24	0.6	0.53	0.59	0.39	0.39	0.44	0.48	0.39	0.39	0.39	0.38	0.39	0.39	0.39	0.52	0.39	0.41	0.41	0.41	0.41	0.39	0.4	0.48	0.49	0.59	0.59	0.59	0.59	0.59	0.57	0.79	0.79	0.79	0.99	1.1	1.24	1.68	1.98	1.64	1.85	4.04	6.2	11.57	6.25	3.75	3.43	1.4	1.24	1.24	1.24	1.24	1.24	1.24	1.24	1.24	1.24	1.24	1.24
2026-05-27	1.4	1.4	1.4	1.4	1.24	1.24	1.4	1.4	1.4	1.5	1.5	1.4	1.4	1.5	1.5	1.5	1.5	1.5	1.5	1.5	1.5	1.5	1.4	1.5	1.5	1.4	1.5	1.5	1.6	2.5	2.33	2.4	4.5	5	6.5	5	3.77	3.95	1.8	0.79	1.3	0.99	0.59	0.59	0.79	0.79	0.59	0.48	0.39	0.39	0.39	0.48	0.48	0.48	0.39	0.39	0.47	0.39	0.49	0.59	0.59	0.48	0.59	0.59	0.59	0.59	0.59	0.59	0.59	0.59	0.99	1.24	1.24	1.85	3.25	4.15	2.1	3.25	3.95	5	5	3.99	3.41	3.11	1.5	1.5	1.5	1.5	1.5	1.5	1.6	1.6	1.79	2.33	2.33	2.87
2026-05-28	3.08	5	3.41	3.41	2.87	2.87	2.87	3.11	3.86	3.86	4.16	4.6	4.6	4.6	4.6	5	5	5.05	4.68	5	3.95	3.75	3.7	3.52	2.87	2.5	2.89	2.89	2.55	3.25	5.24	3.11	9.99	9	5	6.41	2.87	1.43	1.24	1.24	1.24	1.24	0.52	0.4	0.59	0.42	0.39	0.27	0.38	0.29	0.29	0.21	0.39	0.39	0.3	0.28	0.19	0.28	0.36	0.39	0.39	0.39	0.59	0.39	0.59	0.59	0.67	0.84	0.78	1.05	1.24	1.25	1.25	1.4	1.79	1.79	3.41	3.78	2.87	3.21	1.6	1.5	2.42	1.66	1.66	2.5	1.66	1.66	3	1.66	1.6	1.66	1.66	2.04	2.34	3.26
2026-05-29	1.6	1.5	2.43	2.43	1.5	1.5	1.5	1.5	1.5	1.5	1.5	2.43	1.5	1.6	1.6	2.92	2.91	2.91	2.43	2.43	2.8	2.83	2.96	3	1.5	1.5	2.43	2.43	1.66	2.5	1.6	2.17	3.76	9.19	3.2	6.5	2.33	1.24	1.24	1.24	1.24	0.55	0.25	0.25	0.28	0.25	0.25	0.25	0.25	0.3	0.27	0.26	0.25	0.29	0.29	0.25	0.25	0.2	0.19	0.25	0.19	0.23	0.25	0.23	0.26	0.25	0.41	0.84	1.09	0.8	1.07	1.24	1.24	1.24	1.79	1.79	1.9	2.87	2.5	3.18	1.66	1.5	1.4	1.4	1.66	1.66	1.66	1.66	1.66	1.66	1.66	1.66	1.5	1.5	1.5	1.4
2026-05-30	1.79	1.5	2.43	2.78	1.6	2	1.9	2.4	2.45	2.74	2.74	2.74	2.75	2.75	2.74	2.71	2.43	2.69	2.7	2.7	2.7	2.69	2.69	2.69	2.43	2.43	2.43	2.43	26	27.25	26	24.75	20.12	12.88	8.98	3.41	3.41	1.9	1.24	0.6	1.2	0.72	0.35	0.38	0.39	0.39	0.4	0.41	0.39	0.39	0.39	0.4	0.39	0.42	0.43	0.42	0.44	0.42	0.39	0.43	0.42	0.4	0.4	0.59	0.59	0.52	0.59	0.59	1.24	1.09	1.24	1.24	1.24	1.25	1.79	2.33	1.79	2.87	2.87	5	7.27	10	6.96	12.19	1.45	1.45	1.45	1.45	1.45	1.45	1.45	1.45	1.45	1.79	2	2.87
2026-05-31	1.4	1.4	1.5	1.5	1.4	2.9	2.9	3.88	4	5.07	4.59	6.86	4.03	4.07	4.67	5.3	6.11	5.61	5.44	5.83	5.59	5.09	4.69	4.17	4.22	4.25	3.62	4.18	14.95	17.6	16.1	13.4	14.22	5.83	1.89	1.24	1.24	0.79	0.46	0.46	0.84	0.78	0.59	0.52	0.55	0.38	0.39	0.4	0.15	0.47	0.26	0.19	0.23	0.19	0.38	0.4	0.38	0.4	0.59	0.59	1.24	1.24	1.24	1.24	0.79	1.24	0.79	0.42	0.58	0.59	1.24	1.24	0.78	1.24	1.24	1.31	1.24	2.36	3.36	3.15	4.49	8	7.8	6.07	1.6	1.24	1.24	1.24	1.24	1.24	1.24	1.24	1.24	1.24	1.24	1.24
