2025-01-01	0.000121665333106246	0.000362118620203521	0.00261922363537586	0.000896992411314376	0.00112202689831027	0.000166863000497264	0.00348983263464718	0.00122127746654528	9.1398710831444e-05	0.00143263298866423	0.00315602218111772	0.00231994611938661	0.00204341183822544	0.000906358750690027	0.00293490606381437	0.00211532334727016	0.00241574965146585	0.000499504068427398	0.00301536871555166	0.00206937756455509	0.00329278297282995	0.00330051609687922	0.000571768831175131	0.00083493209911569	0.000225137146609683	0.00365919220947084	0.00259393506402496	0.000521735579894521	0.00342326040628727	0.00107445697849994	0.0018461902426758	0.000656092372536986	0.00344965581724245	0.00327685593364251	0.000512879961778461	0.000760608287336582	0.000312724448683638	0.00112615782170661	0.000696426231950357	0.000864691497659391	5.66715946355681e-05	0.00206158649460391	0.00109868143815804	0.00178306047260249	0.00028013783675848	0.00356025458905185	0.00203688751645303	0.00212272005773665	0.00445590586718944	0.00340250445897556	0.000835013937589832	0.00230657573624517	0.0051654282623138	0.00272664073812857	0.00281644548213222	0.00229148551742541	0.0038578999633367	0.00517659001289156	0.00425371654634766	0.00371179347742409	0.00463486884562039	0.00776540483723473	0.00630018532095813	0.00729954099618675	0.0100914362424696	0.00878041841856669	0.00892173863572844	0.00720640670323528	0.00906391551214948	0.00810835207970771	0.00756610086253394	0.00926163154560887	0.00916526468899019	0.00882045948471518	0.00681537223585647	0.00819890359043816	0.0116444829212718	0.00696950828951843	0.00703128769025162	0.00935472109895816	0.0117811439410035	0.0123516552626912	0.0117743834518148	0.0120928173444904	0.0154185643007656	0.0153016634733507	0.0172319778381487	0.018047794387735	0.020102459344563	0.0207766680587582	0.0213165190812146	0.0208043535154642	0.029661642263811	0.0256884586795187	0.0291931573224209	0.0244567417342494
2025-01-02	0.0381888041198339	0.0382519386175373	0.0400625646712195	0.0384966925914092	0.0507762615408069	0.0549061689066875	0.049607354261542	0.0527102152909637	0.0675168106624721	0.0661309178640659	0.0639765930414432	0.0673756784320189	0.0844691788260541	0.0795638915763982	0.0841185938230495	0.0838483357744982	0.0968830638620618	0.0941325989530986	0.0970296863333173	0.0959546508515223	0.108317832040749	0.107169023732494	0.108819775627801	0.106693368598956	0.128567488353288	0.131231419466505	0.126225491828879	0.129975600351328	0.148375105302581	0.149753196103278	0.147867916636841	0.148003781957299	0.144447715442404	0.142342694534602	0.14421006719014	0.142999522832854	0.123421956345195	0.1267498041045	0.122938893900125	0.124889345650179	0.144369171278235	0.147030116968865	0.146298053989057	0.145302657763843	0.165895529517123	0.165733429528955	0.164303470923206	0.163067570030715	0.176867033164011	0.179242417468283	0.177792057456674	0.178098491911032	0.181087244607138	0.184277908710247	0.182926920266643	0.181707926415972	0.181190152715765	0.180486226279122	0.183012228362839	0.182311392642275	0.176695948949013	0.176387986297639	0.177312908443744	0.179603156309604	0.179388605382248	0.179688505626363	0.180368436163865	0.178554452827525	0.177962291693825	0.174634034897368	0.175901272560227	0.17650240084858	0.163293052171684	0.163553401306011	0.163011012769942	0.164142533752363	0.152527050682628	0.150363424194875	0.153199337925075	0.150910187197423	0.144051003611921	0.145294083063632	0.142634772181497	0.14602014114295	0.13908744376188	0.13895279816965	0.140963388209342	0.136996369859128	0.136180709370131	0.137650761456306	0.135745566732727	0.134422962440836	0.135246382851098	0.134036052582401	0.133549199847024	0.140168364719476
2025-01-03	0.144905916759336	0.143934573223367	0.141695623102817	0.14346388691448	0.150187776522548	0.148589830130293	0.151703880967119	0.15151851238004	0.148469693301443	0.148824010336838	0.147381366050137	0.149324930311581	0.145273550882653	0.146149121182976	0.146931436941285	0.146645890993085	0.141856666885756	0.142216653967361	0.141076705801733	0.14084997334515	0.131810727035418	0.130382310286556	0.131841170453403	0.131965792224623	0.115734953609394	0.115542394932121	0.117135026889296	0.117587624569188	0.0908538539099597	0.0887308638231953	0.0902365145899133	0.0901787676769316	0.0713762501078568	0.0701431014096413	0.0700010813827451	0.0734795670997567	0.0579182810123995	0.0605850359376524	0.0572224492889859	0.0572742337609622	0.0591490438678047	0.059150211257522	0.0578739753242388	0.0608267695504345	0.0537650058692159	0.0521420414900297	0.0545580847379792	0.0535348679027751	0.0463519305999963	0.0454910562708563	0.0469717562280331	0.0491852569011144	0.0398913426701823	0.0388596359753827	0.0398144728461379	0.040434548508297	0.0348961426605605	0.0333086689236168	0.0349540211324947	0.032841167283328	0.0321386283802555	0.0309376595896188	0.0316656188272002	0.0322580932029255	0.0268430231447886	0.0290291319196837	0.027449033175924	0.0286788117596037	0.0214428091074891	0.0231920452412055	0.0216009918138983	0.0217641538374071	0.0163855154471356	0.0176796720538509	0.0162691268369611	0.0166656856620523	0.0140312672967005	0.0113404770654048	0.0159614869766112	0.0126667686612835	0.0118012687388141	0.0165760533566576	0.0170100329585801	0.0156126449459482	0.0172360925229439	0.0179286785549821	0.0190663996974927	0.0177688292245814	0.0185338848341449	0.0163970854182613	0.0147764512981161	0.0182925784494777	0.0188738912042448	0.0199594512680359	0.0159729087580953	0.0171937487696241
2025-01-04	0.0181577989694835	0.0185576283476491	0.0210677043968488	0.0182168682860187	0.016131653970225	0.0198927970890513	0.0193911415450754	0.0205844073956483	0.0188077056111954	0.0190123286857785	0.0191636253378731	0.019016340365153	0.0187800329043094	0.0193815514316156	0.0211962805939319	0.0226421350701431	0.0198386253151874	0.0246419110018798	0.0237950686633534	0.0247243950195794	0.0286743000242834	0.0305715564710818	0.0264003990180374	0.0263537444865974	0.0352538949146909	0.0357494806305488	0.034697322128054	0.0352993023267062	0.0420176620134891	0.0425891734625608	0.0418629097138668	0.0425302548100834	0.0409102092994836	0.0397150309296184	0.0404176239203693	0.0409571358505287	0.033043652508319	0.0347179406291656	0.031952633828257	0.0322857730342584	0.0329074232111728	0.0320017344244577	0.0336080101116533	0.0334828322527162	0.0403447538405058	0.0438303450106318	0.0418315349661536	0.0419933661827088	0.054510452157971	0.0524882056425335	0.0531687300379937	0.0538326121615018	0.0650698476086076	0.0673070183730254	0.0662489715738172	0.0663741624445499	0.0734667906026517	0.0730365691054127	0.0763914835349932	0.0731051567569424	0.0765148607213621	0.0738947474625878	0.0755023979082601	0.0750879939077899	0.0800037633003209	0.0860100558121963	0.085219465403714	0.0857667154837689	0.0846647598235661	0.0834278533464651	0.0847933193800788	0.08311406744989	0.0742678397557257	0.0785227238418095	0.0750347806245914	0.0741746557778734	0.0647752917285758	0.0652029228780667	0.0664357551317693	0.0645860302615882	0.0565848445768338	0.0558821417407463	0.0559646580558039	0.0565683556266159	0.0525651141292394	0.0520584704876736	0.0542796441571376	0.0540967712259494	0.0541692815913317	0.0537502742981264	0.0517027165911996	0.0543777275193423	0.0519534619306815	0.0531631884455207	0.054551346449636	0.0563320031741618
2025-01-05	0.0563831899014744	0.0580509648915829	0.0593293173515559	0.0582365278553868	0.0615717044547414	0.0629379712920586	0.0620017907998459	0.0624885334533542	0.0659382929718609	0.068824240414928	0.0686810614596852	0.0685564051535259	0.0722146709349275	0.0713488005517099	0.0728500359823446	0.0725864925310179	0.0702573098075877	0.0704348159927524	0.0658241199157995	0.0704837542838605	0.0623812925610094	0.0632641088049303	0.0618163274138755	0.0635382712201848	0.0602011057764755	0.0615562341002979	0.0617374963111291	0.0595051638120974	0.0664275101657076	0.0656497240696206	0.0648619823127552	0.0650607834519167	0.0748729793236761	0.0719431470103629	0.0744477591345989	0.072736114531362	0.0684518232829355	0.0704393620483869	0.0720101119184149	0.0690987027502627	0.0911730650843409	0.0904656885131641	0.0928798585262463	0.0904813878762488	0.111271223996332	0.112421544878333	0.113841566650158	0.113465664475176	0.129108518837013	0.132042442635084	0.130571995607943	0.13027704291996	0.146179430783898	0.145706176991519	0.145130306355852	0.145984085868731	0.147819912448721	0.147829778670339	0.147306380417823	0.147043928463118	0.137223450896735	0.137826778785687	0.139098252772662	0.135851517544916	0.131183213250894	0.129110602083849	0.130657709497702	0.132048475167556	0.118613775037383	0.119678014250245	0.11890252407752	0.118805686634852	0.109286568394561	0.10852663308464	0.112717564126486	0.106469234394312	0.106409861221736	0.107687181545249	0.107157239961371	0.105745717271643	0.107973527171487	0.108111531063094	0.1079832442464	0.10793169751902	0.109331761671941	0.107656350102248	0.10732472161947	0.107687166606341	0.104144515382135	0.106654495856502	0.104286484419533	0.104914504341829	0.10405185546678	0.104916116720001	0.101418332327938	0.101613695485281
2025-01-06	0.101079551185849	0.100765688489137	0.1021854095096	0.0989693508154137	0.100393958805017	0.0975735591161102	0.0976689607234	0.097363521355473	0.0916945742599087	0.0939231894817739	0.0903022113849096	0.0930800248734077	0.122051282114371	0.121769896735299	0.122726060901472	0.121452760248858	0.12131244233485	0.123087221569919	0.123267736425162	0.120332599670069	0.116294865214198	0.116151938817959	0.115642699309199	0.119910496658644	0.120414405848081	0.122100171859064	0.122462376728453	0.119023045564402	0.120560731487739	0.1226926185658	0.12146948137984	0.119277168566621	0.112841523384739	0.11141736615101	0.110170000570343	0.109571109893907	0.100475154047741	0.100684910468947	0.0969193852972352	0.0999205501860766	0.108587525625246	0.113729423285241	0.113190577227557	0.113492473861956	0.126809534422208	0.126911813814007	0.127812094846499	0.128466556917287	0.132967403838223	0.131189155978475	0.131688147760642	0.132155292422661	0.121292571211171	0.12174828275109	0.120763330786018	0.120195815251721	0.0930549532466057	0.092860687581695	0.0919451014389296	0.0951392577327696	0.0760626347844845	0.0751195367728295	0.0759941972553952	0.0778236311872908	0.0682967011528863	0.0691840407842555	0.0664375186620185	0.0680817394008397	0.0464322835870084	0.0483830733628435	0.0485522839445376	0.0456323591056105	0.0440608514417206	0.0450449313660512	0.0477166187753953	0.0451775984168328	0.0482450795089135	0.0486155529472083	0.0516222508473563	0.0485171166965218	0.0564301366422118	0.054078537801162	0.0538995362078724	0.0555917893487539	0.0573256311352855	0.0569975591250526	0.0549849899055919	0.05569181983407	0.0406085645347214	0.0402214408613483	0.0407853126040051	0.0423846819999251	0.0286702980591206	0.0281671387785853	0.0304607495812379	0.0307018135810562
2025-01-07	0.0276865903301247	0.0255184071742111	0.0255612400618621	0.0262337624338021	0.027738925041144	0.0301591541278073	0.0293665991566471	0.0297353216744016	0.0392241270024842	0.0408267879284468	0.0389535075967022	0.0379955774723668	0.0597294555875953	0.0631389572401301	0.0605796893953993	0.0595518977768753	0.0814487808574702	0.0871109673521767	0.082816235340124	0.0806240164502291	0.0819175766127353	0.0806548349411147	0.0833308790059393	0.0800967094402107	0.0824166902709347	0.0838559604975035	0.0831388854505132	0.0815884637810486	0.0950129272302548	0.0942542862502782	0.0946886423201042	0.0960441441993628	0.0864085488015907	0.0857329584075699	0.0867106827567681	0.0861478100340712	0.0777361768802036	0.0812309055225506	0.0791078545036893	0.0779250630935564	0.0866480102831215	0.0837644110620298	0.0825956834417477	0.083991895213101	0.10553681280523	0.103128522596602	0.10455745090113	0.103777213697038	0.131357615251585	0.129878376048207	0.128933434557093	0.132830574143115	0.145590087371609	0.146010418816153	0.144417237192987	0.146982256619251	0.147787098148708	0.149430892630202	0.149908393463412	0.148873615757677	0.158359292129429	0.15574254078926	0.15891210458495	0.156986062496361	0.17480401588821	0.176045798057696	0.174874122901413	0.175276063152681	0.184663600341167	0.18376350228185	0.183420323702776	0.185152573674208	0.186328166503721	0.181596876230669	0.185989568886663	0.186085388378947	0.186074578626166	0.186560671400743	0.187552650409011	0.18581209956408	0.18381497756128	0.186708455802512	0.186488387475978	0.18298817916023	0.180965123952133	0.179988816171702	0.180135400809151	0.180910659067014	0.176272885956662	0.179079238092838	0.179365785667164	0.176282090283335	0.179554265837889	0.179154053899843	0.177545342713986	0.178746337548281
2025-01-08	0.185988568472217	0.187143436870164	0.185208029007881	0.187659965649739	0.191306016964735	0.192274010989587	0.194696412118393	0.192723559927286	0.193283420583307	0.187832146795961	0.195692438825945	0.193191993794787	0.190192258904753	0.191364375568114	0.189795254656148	0.190648110870985	0.189336128583883	0.188827496434934	0.188805346769693	0.18903102821149	0.186952117814172	0.18753553857769	0.183223628070745	0.188288715537393	0.185534482942307	0.185645269665837	0.185754747771576	0.18506549962028	0.183817730520059	0.184800825739659	0.185915576313697	0.183465867426585	0.159551155531066	0.157606067373657	0.161991862047422	0.158850915047855	0.131815527661824	0.131329185249494	0.133767303549605	0.132087983539076	0.151398895039846	0.146804253822697	0.149294299162957	0.146502551974501	0.146178061329257	0.145693368288928	0.143958151650316	0.1471704187315	0.134872329949722	0.13689220512389	0.136645531313078	0.13658993361331	0.143460684595815	0.143725295764819	0.14486376624353	0.145950253395836	0.143127123348076	0.140846169922316	0.142347925248693	0.144678781480914	0.137012513161784	0.137066401705302	0.136309312854392	0.143611772278521	0.141023190122546	0.141579840329684	0.143118536745998	0.142278432801773	0.13566755232749	0.13721351790978	0.137172846169902	0.135946083592827	0.133302081461192	0.130919519472835	0.131437823758105	0.130340575307869	0.131140412571031	0.13253416555455	0.131139289499398	0.132186132375021	0.130877200288766	0.134204737537942	0.132018106860468	0.129899955312824	0.145420698323886	0.144586462096782	0.145001986640841	0.146990852938491	0.16033837922265	0.160034309767454	0.160632858172184	0.160994452837712	0.16868141027715	0.168031676399852	0.168428196188108	0.16985871713489
2025-01-09	0.178097663552185	0.176322223831717	0.17592916864429	0.182650943971808	0.187294374218419	0.18504543874393	0.188309050867229	0.187351136170421	0.182197554620306	0.181138881860808	0.181287267774057	0.182376295744829	0.178744093982416	0.180079726350321	0.178670778440231	0.182505401227033	0.185663787370886	0.184290916930332	0.185118907838428	0.181926387860354	0.188274937773946	0.186869022449458	0.188271865422008	0.186584174354588	0.193822761457172	0.195393467691293	0.194922236544405	0.19286153430713	0.197332788423789	0.197268415109005	0.199325152378469	0.197073644088737	0.185248588750765	0.187732774275104	0.187229748240339	0.189788888733793	0.200174109356589	0.199966540922924	0.199621908143683	0.199237441576804	0.222249653263895	0.22087042925954	0.223921326137784	0.225958591338781	0.23281510348422	0.229729828290128	0.228151471870916	0.230303596354736	0.22848831487674	0.229081010899423	0.234257587194002	0.231173087029835	0.22669070362026	0.228704727543619	0.229161489193143	0.225443079642978	0.221999217973898	0.220748892933429	0.223839979815723	0.22141190927695	0.210516924466763	0.210674352151256	0.212253787211066	0.210554936170915	0.196329586587185	0.198845788357934	0.197558003143307	0.198266621911574	0.189535845260182	0.190159250896679	0.189355478470017	0.194949425373122	0.18474922352756	0.185995113717773	0.18714375403294	0.188111908721726	0.174300222442823	0.17321036685626	0.170403329792657	0.17408608090826	0.158730340855451	0.155311355703081	0.159133025823953	0.156825277617515	0.13551851154572	0.134145941622549	0.135530744763152	0.13380480206858	0.106543382142289	0.105320425001409	0.10451504470579	0.105621148150512	0.0770096367512614	0.0765692646211282	0.0782872685381968	0.0791338300894137
2025-01-10	0.0538255575123627	0.0581931594493297	0.0595611524816338	0.0594201305566738	0.0421172218042132	0.0386844056876787	0.0392702758794424	0.0369280966286656	0.0257101759606514	0.0273695580751447	0.0262204473626216	0.0266998186015823	0.0217784838133432	0.0227152091389061	0.0205113427619883	0.0199949642857624	0.0176611077523348	0.0171769992389322	0.0165826003114437	0.0165792926972894	0.0140279566421335	0.0136625233470971	0.0140478732312931	0.0142616467794763	0.0141711381121748	0.0161939928253724	0.0142605820218268	0.017374287040626	0.0214202871456969	0.0205608417079043	0.0225002325230701	0.0185186386233288	0.0269509329178146	0.0286626274878661	0.0284731226177071	0.0289133169766122	0.0395221312594443	0.0395955162176839	0.0392448320083057	0.037637520514566	0.054240798551195	0.0570696987406701	0.0551761648025624	0.0555133379055725	0.080182197771965	0.0802098239346124	0.0827515465926746	0.079856431700748	0.118672521433888	0.116257620110221	0.118593351579724	0.116476506876166	0.154229179850711	0.154883113720558	0.15392401905591	0.152963687372821	0.168918124501791	0.170548854184792	0.168061293795598	0.168471727517819	0.17899625870813	0.179570738259125	0.182465787771835	0.17996721526091	0.189655142130664	0.18443353742567	0.187158897110153	0.188752423333513	0.183971481130816	0.184514499939271	0.183708421118906	0.184805597811007	0.178919610928261	0.179529245031996	0.177654290501106	0.179896853538637	0.1655020824909	0.167003175135616	0.166979835587227	0.168514906786257	0.158066440734463	0.153577081503425	0.153215658107368	0.153140819654745	0.136411348997524	0.141438637581347	0.141769068783312	0.140380944637817	0.122068790516839	0.122839714341797	0.120825395793502	0.124266099347862	0.12572766143379	0.124656612197592	0.125360798861258	0.12825492750736
2025-01-11	0.147321272396239	0.144049247888611	0.143176766940546	0.146452712774604	0.149885943276829	0.147506812126614	0.14826222955034	0.146345015046218	0.134869558760751	0.138144340456822	0.13666906414852	0.137317036633907	0.133332558651003	0.131245632054949	0.133274662655859	0.13314714663819	0.117788001322461	0.117558775626579	0.118354944932713	0.117298278118248	0.0877552567395269	0.0865129421813621	0.0859448014415917	0.0877869996375192	0.0753110473811651	0.076314174406729	0.0771270785518907	0.0762476996602152	0.0888943195778792	0.0859145586318946	0.0862817653817217	0.0869093564085044	0.0908758092815879	0.0916149565734952	0.0946154687360824	0.0928937654088346	0.099016650339936	0.098839926956375	0.0969281589683276	0.0982152637353614	0.146611247614002	0.143571964139112	0.146561018591806	0.14325576965508	0.162198253522434	0.163041823569405	0.161873722056361	0.162886200851801	0.120849999235747	0.119829769399533	0.125040671777217	0.120279559587503	0.0842877627143458	0.0809170686138377	0.0835690459102026	0.0852261227616139	0.0736615640768811	0.0706140907409553	0.0728952499615197	0.0758290952206439	0.094661346647179	0.0949255337289312	0.0955969428638409	0.0938161767600488	0.118681792250629	0.121411820564122	0.120260177833347	0.118646209351901	0.137886437250092	0.139287777763088	0.140918528324474	0.140907256662347	0.142143258396412	0.14485296905951	0.142146611863549	0.141857160680529	0.125881054371049	0.125393765652519	0.125172997878707	0.124552182097726	0.108713276581293	0.109015161298216	0.10896635012672	0.111305211993771	0.107645142457593	0.10644781088779	0.108863797576445	0.107043249078172	0.101097826851698	0.101073067011546	0.101433546018991	0.101395560117764	0.107021401749465	0.108555477397883	0.104578029986831	0.107845090865821
2025-01-12	0.112049449870072	0.112131571061588	0.114651312258477	0.115167666809864	0.115921809967845	0.114333037371425	0.115540644729706	0.116204507931025	0.115504407342313	0.11322367592307	0.117429699774739	0.114842216959878	0.115128531160755	0.11453017142263	0.112217319510078	0.112123977906537	0.109086449683593	0.106808870341691	0.106305277309557	0.106799402665159	0.101798258517076	0.100882691097216	0.100980388467957	0.10033866191775	0.0892203266998883	0.0892852129833436	0.0937492130463948	0.0887452472703733	0.0769997122244393	0.0749575872028352	0.0748180972613842	0.0752246033113413	0.056870456814067	0.0542797655395652	0.0561373228090332	0.0567124548373346	0.0445536634427627	0.0446431954939248	0.0450401474337716	0.048762993629541	0.0375170521796943	0.0373459161435334	0.0403414980994194	0.0377955335773529	0.0260982701344121	0.0283005128442898	0.0279338266536613	0.0306673903676368	0.0210180757158565	0.0248800097741467	0.0215954028571731	0.0225065116528238	0.026993350605368	0.0236940590763826	0.0278226729249407	0.0274899173933087	0.0556825693673071	0.0562912732179363	0.0561065903976692	0.0549195670170874	0.0824710406134183	0.0844505354250181	0.082407942047933	0.0816704819136307	0.0865421531010151	0.0852860737931272	0.0870089884591946	0.0851627846466631	0.0702084552018069	0.0700302312155615	0.0645943575867767	0.0691669559958549	0.0772442217767164	0.0788311702549275	0.0788446859635166	0.0800799220048395	0.0840815189346502	0.0852072140159707	0.0847626226871489	0.0899486443622302	0.0915022130232186	0.0910984145602367	0.0902667295756222	0.0921326428409225	0.0800760578211238	0.0795807642073394	0.0771614714917914	0.0811817064797454	0.0651269828710683	0.0611324474871365	0.0655389889431031	0.0672015806986921	0.0473513688395085	0.0478488542393861	0.0503611895788931	0.0474385873422123
2025-01-13	0.0388512304576905	0.0393542204604336	0.0381734746397468	0.037621074442129	0.0295741409785483	0.0294377430198567	0.0282595427891749	0.0287285732124201	0.0256227403942757	0.0214934482821926	0.0213981795883386	0.021485631735193	0.0204890562804953	0.0208435748961814	0.0232613849504285	0.0224059838728948	0.0235214569909835	0.0271366308722434	0.0268884093616568	0.0244535027751164	0.0266363215515929	0.023395278371502	0.0255719032539463	0.0253964968229588	0.0266971547214547	0.0253045341746525	0.0243769849215695	0.0286213261823233	0.0293704433842742	0.0285905938618496	0.0298788302926766	0.0291601324611996	0.0292205880356195	0.0296161598633831	0.0297696717363418	0.0293935803646556	0.0168776410466875	0.0154553727588808	0.0215467692804254	0.0141202169140063	0.0248912668336427	0.0242162630298799	0.0240184424636771	0.0268740276728002	0.0331239384749645	0.0286401565631806	0.0278430178511509	0.027392887110704	0.0270949673029642	0.0299766814920837	0.0310531290924845	0.0308752221124676	0.0320253541951314	0.0338216621668549	0.0297280766025812	0.0324249070354325	0.0367511126579341	0.0363594321826397	0.0397147094348078	0.0361747457246184	0.0443877843638989	0.0457016326957197	0.0440075272407005	0.0449030556996809	0.0497911808959532	0.0489285822422396	0.0480715740321504	0.0482086628296568	0.0432057949558387	0.0456867280194781	0.0437228762318625	0.0443846007928207	0.0338308863554188	0.0341266785578282	0.0335917492782127	0.0364506858085403	0.0319178811816889	0.03084081238756	0.0300705869389152	0.0311707194918359	0.0362269385132809	0.035163696062495	0.0346408707870936	0.0349684946371305	0.0366188261142023	0.0381213205064203	0.0379393812318093	0.0403204721475681	0.0353223124531619	0.0385751086603138	0.0371181102542066	0.0369844686323178	0.0359895516854265	0.03511733174272	0.0367007298011462	0.0331923867707073
2025-01-14	0.034218649629007	0.0328789929705117	0.0341545585173516	0.0317477988831298	0.03343017714033	0.0349059481087896	0.0341070108049997	0.0345568639458806	0.0360575062074266	0.0364602171180578	0.035482023612687	0.0360002530618286	0.0360545357901716	0.0357501395979355	0.0355309781980115	0.0366643464138815	0.0355738373595811	0.0327620242474574	0.0321169342092339	0.0335472041837276	0.0294646304489489	0.0295610438786881	0.0328539422860738	0.0301203833862891	0.0279493952627719	0.0289642002730098	0.0317852141907839	0.0303011902734344	0.025813048749056	0.0251445252641301	0.0241790654725615	0.0258633605142524	0.0220786537298812	0.0222157187546761	0.0230300427306606	0.0226755847847821	0.0219314432425442	0.0223679580279773	0.0227745423883085	0.0199260563411699	0.0196343713817052	0.0221821617973082	0.0213963959337196	0.022787070887267	0.0208066973990128	0.0218847883659883	0.0198559483985176	0.0194525658364813	0.0185666800721084	0.0182838296485855	0.0207461161254895	0.0204033741538166	0.0191668076005658	0.0193772358709735	0.019076970300814	0.0193789862276467	0.0193143128489717	0.0188688778609281	0.0225565856734082	0.016260223616692	0.0194616070400668	0.0210975941241902	0.0203573982973262	0.0200834005384168	0.0174332244812828	0.0201396858255717	0.0169839185332376	0.0184431711599079	0.0143383397166751	0.0157056704162403	0.0145204869028394	0.0114355029642453	0.0105910188067493	0.0112281941364816	0.0102655755965123	0.00991521146025675	0.00867809755239704	0.00945443167365213	0.00848555328692063	0.0083819174870302	0.00739347484381158	0.00649493639386936	0.00519555974509168	0.00791602901722738	0.00573549321881735	0.00596155515225943	0.00354707485172076	0.00375587677720245	0.00329392476631046	0.00358569645153871	0.00409539519357022	0.00402498358858062	0.00616374184997843	0.00379894892267323	0.0073740629253686	0.00566324630197974
2025-01-15	0.00654416954506813	0.0072294151454715	0.00523433671507573	0.00699207859438464	0.00677622909822519	0.00913424917157242	0.00924489568145698	0.0098446260487454	0.0134200869534479	0.0143689802000281	0.0152102498469307	0.0150006829995934	0.0195930624245407	0.0185931278018003	0.019516591410117	0.021297218363542	0.0173960750557832	0.0188591973098097	0.0210524087384199	0.0186923188959872	0.0150109468761465	0.0179881743218751	0.0172971192490356	0.0167037595529428	0.00872094720457905	0.0114227744639641	0.0105594258321842	0.0102968524992727	0.00546879109284906	0.00608836740329319	0.00729891084925307	0.00714393065460467	0.00673944784686151	0.00567997495657428	0.00675062266841603	0.00482995452814818	0.00752874049339492	0.00749201798919323	0.00406457295676952	0.00591466856064233	0.0105449067058613	0.0110911517442272	0.00707487061171085	0.00928907093820074	0.0159727486429676	0.0147864934953689	0.0117439219709143	0.0154968358907491	0.0153782030393843	0.0200497992403712	0.020617146918538	0.0199548508017065	0.0206823731620624	0.021402658464455	0.0239732661637521	0.0219417022097304	0.0314940114894294	0.0295265255248073	0.0299669494710015	0.0290125135147617	0.0493722243429076	0.051983947126513	0.0516514074205386	0.0529924211100407	0.0701689925037826	0.068282535154442	0.0673705417269605	0.067177930614815	0.0614457113678996	0.0640603724567758	0.0603977771512082	0.0630961390241164	0.0400695181993702	0.0363827235424837	0.0373074614694478	0.0352402967886982	0.0222775149013949	0.0225694160417141	0.023597649704595	0.024555419352296	0.0250382745876504	0.024288649538232	0.0247601457062037	0.022912930167914	0.0335872347253668	0.0318279485296151	0.031924611788233	0.0326602049567851	0.0514108957876229	0.0519884450487475	0.0516083579293955	0.0519923012342342	0.0964172089130097	0.0974662556985692	0.0955272801320617	0.0965892552563594
2025-01-16	0.13444488074401	0.138839848999826	0.135624812935778	0.135090457320386	0.148882382679749	0.148760632390277	0.148456245746046	0.148900739183927	0.158931114798616	0.158251001494621	0.159718656976178	0.160099226730584	0.164117107993801	0.162780773687052	0.162111822075027	0.16399029624412	0.160817060099514	0.160585747961164	0.160401255644784	0.160195936294537	0.159814371315903	0.165629399126153	0.161573564231811	0.160982665326133	0.164212099513353	0.167546285864531	0.165967371759736	0.16527424286238	0.168284579253309	0.164946229211735	0.166980787667541	0.167788403867415	0.169253447957627	0.169390055128055	0.168868339744816	0.169488157169502	0.177592685773456	0.18266636105308	0.179520901313649	0.178220051859816	0.199540078047826	0.197814938941052	0.195109527255029	0.198535455756093	0.210206070193096	0.210912711970376	0.202907602135674	0.209973615700854	0.210443906915708	0.210800967596452	0.209894402165394	0.210860723322445	0.210308525512392	0.208304155257109	0.206565794159834	0.209821525070665	0.20997987868594	0.211494514826601	0.212670904842286	0.210854701645173	0.214698525992762	0.210923746494256	0.215295005664103	0.216082721848879	0.218565536056927	0.217186832962827	0.216889280069165	0.218358350911081	0.217068158471737	0.218133834466519	0.217015686804321	0.215782320257423	0.217741788512905	0.217304870138084	0.219288116448914	0.218665224900097	0.217531887427898	0.222103712556907	0.221233067256026	0.218131332759168	0.223279045391043	0.225192285663875	0.224924524504055	0.223604144441027	0.224183987915896	0.226652841146652	0.226415921182533	0.225747249754919	0.222081027072743	0.22705761642706	0.222719051862232	0.223142304637966	0.223475565240047	0.224003820217518	0.224575396257125	0.22394521828531
2025-01-17	0.224451984542734	0.2260806885707	0.22241096815124	0.227056358735326	0.220317699062517	0.220379672855001	0.216876160084213	0.220426467998268	0.219148198745799	0.21808216028978	0.21427268898357	0.219496951980852	0.21813810141714	0.219420824040408	0.219898795199006	0.220542279343446	0.220818490555271	0.222664332456143	0.224657500431751	0.223859676556834	0.226381299961471	0.227435312131637	0.226157211557318	0.226026176349573	0.226059116955274	0.228760992629354	0.228278936231667	0.228900954183706	0.2274805346889	0.228303613941744	0.229976597315109	0.228239254054247	0.227997372187565	0.227253597374403	0.2271901507935	0.226558879644531	0.223468059357798	0.227355223660654	0.228339683612559	0.22683703336899	0.231806622641235	0.232495814172862	0.23100531082107	0.230692252364832	0.230782292840938	0.232537054914857	0.230258082828433	0.229422569415772	0.230272890506839	0.227952236129731	0.227880794860834	0.227894078502596	0.222553205559264	0.223022029872182	0.22147760192307	0.227947162645484	0.215906934537178	0.219149878650576	0.219152665921443	0.218790520890804	0.201724676798534	0.203355006213092	0.201177646488704	0.201742670499671	0.182043141249581	0.181517459812687	0.183953111579076	0.179486287358656	0.165343369428706	0.171391624280167	0.1663721302247	0.166892876066427	0.149415278540461	0.150482633962424	0.149064875114606	0.148037212382509	0.128861337435375	0.12645023714938	0.131298962671123	0.128389462744121	0.120083190797616	0.118523276323317	0.119275197547104	0.122118335331963	0.112481445838948	0.111690917027659	0.109952961673103	0.111874675460289	0.100289998854853	0.0986665593351665	0.100660399394009	0.100383042415972	0.0883968113103034	0.0873568441936013	0.0892641623765594	0.0849821821195359
2025-01-18	0.0807823682831942	0.0826464618357663	0.0806515972141809	0.0789195726668586	0.0813261934352729	0.0796497332326763	0.0815394176467261	0.0804846556853247	0.0834076551341585	0.0825325412341694	0.0834684028003915	0.0825914008312805	0.0780257996240194	0.0776067337231783	0.0793542332373534	0.0770132334154489	0.0685639245791254	0.0675560094092368	0.067458367099947	0.0684216989116908	0.0633843959221831	0.0627740710457296	0.0616217045846203	0.0612198284474669	0.0618373011986423	0.0616913164148889	0.0634040038831703	0.0640673785032985	0.0650750837803113	0.0644823021139821	0.0642388213244371	0.0662037927812695	0.0589019987463478	0.0617028396304315	0.0619884100686591	0.0624067515545616	0.0385862686651762	0.0392264814691758	0.0384392723329998	0.0387479775326483	0.0242598677440639	0.023277667321171	0.0243719311128721	0.0240905338218929	0.0200657731070165	0.0196891667980614	0.0224595600046272	0.0217855000902949	0.0101997281766782	0.0135707985624326	0.0119777784083396	0.0142516948525497	0.00872267871048017	0.00662455059742524	0.00742449054895032	0.0112282801431443	0.00666756926202672	0.00802489073850821	0.00848281515157341	0.00882472484789166	0.0104031989519813	0.010533893033684	0.0103996657244335	0.0116632422899012	0.0125914907849682	0.0140287653286326	0.0138199101640041	0.0135598337223951	0.0152601428440013	0.0160676884900307	0.0135964558094852	0.0140757128564827	0.0145030630686343	0.0175190465516271	0.0170309357549846	0.018946954624754	0.0182745303302131	0.0197411897955055	0.0200291530760432	0.0199551267982383	0.0210726846067336	0.0227030628693602	0.0213570927041665	0.0208671598197397	0.0230312067644875	0.0216228864143923	0.0224278158792212	0.0209180909418989	0.0185037316156661	0.0193473950958794	0.0220445971613177	0.0191042761271367	0.0167449341501225	0.0171817988740458	0.0182128796563275	0.0168603873195043
2025-01-19	0.0184025788223786	0.0144790705447259	0.0138278170484049	0.0142905335844906	0.0112239441499327	0.0158356841638232	0.0157581287441025	0.0161822429421416	0.0131014751628376	0.0151476305313751	0.0138389405289952	0.0159119537767922	0.0131099743110305	0.0118514309545452	0.0137044279682509	0.0153341667661735	0.0136116093380023	0.0136375365932404	0.0124033304704316	0.0133475235983256	0.0130662197805917	0.0134418153747999	0.0137089568191772	0.0147830080254312	0.0164252423534365	0.0139072437185525	0.0131753199231341	0.0144921940048769	0.0165916503621119	0.0179237648013862	0.0169974515931492	0.0164871332433527	0.021297253472392	0.0202080906104723	0.025307724548327	0.0211869313688087	0.0273789266400032	0.0255981292286653	0.0256638152821035	0.027359128849228	0.023891632002611	0.0239354984451703	0.0256784311371747	0.027494438415044	0.018182471901802	0.0186426892526763	0.0203038603863326	0.0178709784591891	0.010713279436707	0.00999667059860635	0.0100491886612902	0.0122408613033964	0.00930226663241919	0.00922927638469796	0.0095259905394995	0.00694246644338336	0.00574599025260463	0.00583183427036309	0.00963502691291998	0.00578714856411229	0.00751752930300318	0.0101658169712065	0.00903721409511371	0.00827943963067658	0.0107238222704574	0.0113515631224104	0.0150664466759761	0.0108581679311561	0.0132422119316143	0.0115668388432892	0.0133169677286895	0.011873981496407	0.0114317344029461	0.00999599291374139	0.00847787799456385	0.00909439468874869	0.00895786258421665	0.00867990480363071	0.00687780917833904	0.0064844234338136	0.00958837700353713	0.00549616214688157	0.00943752416011877	0.00747793668946253	0.0124963642288198	0.0112843987050396	0.0105524972740922	0.00866673979204844	0.0140469750304498	0.0134861693202632	0.0150324022469756	0.0144344534023114	0.0173256878328507	0.0176788435279032	0.0196059513475855	0.0183895172916607
2025-01-20	0.0229759395002181	0.0243388497662668	0.0238837944187371	0.021801416314778	0.0259816595789624	0.0275307305737721	0.0272486360241289	0.0252389738231366	0.0278812121664842	0.0291024753168878	0.0279045160357819	0.0271117964808461	0.0273695667147252	0.0270106979538691	0.0252883421884061	0.0273313931429996	0.0244409650884054	0.0252126102486612	0.0266447760960531	0.0247016485668803	0.0219273490769846	0.0227765484049706	0.0222239136860456	0.0230721888319992	0.0200531273838031	0.0207341978513735	0.0219025463305164	0.017310128434307	0.025814476235622	0.0235026372394306	0.0254403700892418	0.0222425164357056	0.0283863464685074	0.0295655087118448	0.0307882146053282	0.0282599302143196	0.04183185930015	0.0412335735093053	0.0436631342170677	0.0412714329734771	0.0685299855812198	0.0656287379497397	0.0665962411359002	0.0692450353331404	0.0702413612481774	0.0693751720368513	0.0694193130027024	0.0709641537122689	0.0579983289522233	0.0626040070054722	0.0562522954357937	0.0561453686065108	0.0460969294932402	0.0454980023814756	0.0443112163003091	0.044093851824975	0.0438480048421185	0.0422824372822158	0.0418867941810919	0.0449827636945738	0.0426460956862654	0.0473356689929553	0.0440223901152091	0.0439958452055703	0.0425405203805463	0.0411450756617142	0.0430202114390505	0.041294192518689	0.0409534768378957	0.0397258231441221	0.0421421361884709	0.0401785638295113	0.0440095202705288	0.0429079466859969	0.0429831399680475	0.0430993930754268	0.0434569261543722	0.0467948586050183	0.0472323228343755	0.045515892406234	0.0462670556103896	0.0471398843538786	0.0455814512192032	0.0460116088165285	0.0511061995387947	0.0505244705499149	0.0504420636719869	0.0489272662393035	0.046350335821129	0.0430555072404237	0.0443734195879662	0.0452207373504812	0.038353239970074	0.0381244302823175	0.0408637244861382	0.0406586052614703
2025-01-21	0.0372626735601481	0.0389558949275988	0.0393581603073506	0.0384232712049025	0.0319110417826011	0.0346374106261781	0.0334326826025659	0.0330188649886548	0.0257969634290738	0.0266244165308056	0.0305834936434525	0.0269951263966682	0.0209348115532451	0.0218581890044693	0.0219374467705142	0.0182695526717714	0.0169246835717904	0.0146643662956262	0.0142317318862895	0.0141792182462939	0.00948576620535099	0.0105624987163232	0.0107164703227094	0.0132352647556163	0.00741309554222351	0.00657535181492395	0.00877676371337576	0.00723478892947678	0.00642013584185479	0.00541405863378325	0.00432026961358106	0.0038455359107809	0.00279456265779941	0.00411904606451091	0.00576724389075787	0.0043191473869318	0.00387536426616841	0.00293829716680032	0.00252580824552234	0.00766053032150894	0.00659775596588119	0.0120336527870209	0.00771147452523931	0.00965711672185862	0.0192550058936177	0.0179121999841806	0.0166977327180902	0.0181350614041115	0.0214339444943634	0.0215170362076334	0.0190163558610055	0.0210326634369977	0.021527845362537	0.0208016213811112	0.019914874006269	0.0237556592500828	0.0187958286162086	0.014672006712446	0.0135767261763564	0.015955438494989	0.0122126789699907	0.0129110533401512	0.00998870940556775	0.0108875582842904	0.0146838297414095	0.0154950113681418	0.0148600491202832	0.0139611097701655	0.0217232644526245	0.0212318616345515	0.0214067445974997	0.0216381293153243	0.0319730628316623	0.03138949731942	0.0311146556694051	0.0325227841795125	0.0401018486725878	0.0398791030799954	0.040713042971911	0.0373060052755059	0.0461863914926395	0.0464087910639985	0.0431924195822305	0.0452123978611315	0.0486025181243084	0.0502298311545941	0.0509056337695149	0.0512620169515826	0.0641336090482257	0.0630243056293395	0.0616294777319335	0.0642126075905013	0.0758513645213139	0.0729668887545631	0.0757864573919821	0.0773952893321408
2025-01-22	0.0717224064009564	0.0738207978771587	0.0733953043661318	0.0720614913557531	0.0764262362644825	0.0779415605135406	0.077119753596467	0.07951244962551	0.0768330577110102	0.0779898957394178	0.0797511048591037	0.0774259416904682	0.072163820481903	0.0731017802131511	0.0744379542176056	0.0712964450873402	0.0668677532062409	0.064932767851102	0.068391126766139	0.0658083521765182	0.0570435202836043	0.0588539087484493	0.0566992872437433	0.0584032837242031	0.0552767721566191	0.0557171953995449	0.0522774926377259	0.0547285398061101	0.050050886086477	0.0499316944705799	0.0480084873427895	0.0490089321001536	0.0438934159073662	0.0435085854535712	0.0427924941630858	0.0448055044759768	0.0478250734095126	0.0497958720931726	0.0458979035822741	0.0484811509150407	0.0686419875215814	0.0686890722783489	0.0686379976546296	0.0720309425454402	0.0973918681121487	0.0950866410893355	0.0975992020597863	0.0979222887387295	0.132656321046415	0.130190245274985	0.1319015424197	0.1322518912589	0.156745380167219	0.156562668439705	0.156665946236706	0.155026005156371	0.162943643564237	0.164121339274824	0.161574968102231	0.161360049058709	0.151965420051302	0.150712074651862	0.15330663404041	0.154015871256427	0.149637030291446	0.149473752664087	0.151869241275318	0.150019975769149	0.143845485705162	0.145460075418055	0.147896974555421	0.145797464321362	0.132022541551096	0.131290895462721	0.132270893182457	0.129415669803726	0.1142226720554	0.116459673143639	0.114265206084418	0.115052448716543	0.103580381976415	0.103011507882247	0.103795473311921	0.104612636829417	0.0997416980220194	0.100126668370897	0.0987669928315391	0.102364640775545	0.101330931938064	0.101160772647242	0.0994681618025698	0.102040133612124	0.0992509668599652	0.0995416027236351	0.0993083132167321	0.101899117199668
2025-01-23	0.0943135373776526	0.0945218387895719	0.0948739042404933	0.0952907195922822	0.0878986580582194	0.0897893430549435	0.087939535868232	0.0883724630186051	0.0869830980538767	0.0860222687245251	0.0845752726281537	0.0854193605934445	0.0845647962797633	0.0849053168591728	0.0847760955794682	0.0867537912815957	0.0855917439358912	0.0900950968262708	0.088472517626139	0.087840641611699	0.0927938066350974	0.0944862795326711	0.0941208397519562	0.0915990740802753	0.0900032624289544	0.0881454918282932	0.0900606666682258	0.0897905790745265	0.0712718044764724	0.0726304596534621	0.074434983217607	0.0736627526524585	0.0461092096881682	0.0461291140558384	0.0464489880323079	0.0473126882236855	0.0290519183911759	0.0296221857288998	0.0293032397073849	0.0300226561725394	0.0283296329385136	0.0323448564010565	0.0289351961871735	0.0283903144732564	0.0326391676295137	0.0299398624524046	0.0314830451180235	0.0299379248000582	0.0337757060156123	0.0300261001310994	0.0346331282136436	0.0335650656396447	0.0276204123487157	0.0288744260613993	0.028560343225226	0.028944818364659	0.0187703194150889	0.0187575321569123	0.0169754252976727	0.0164967231303261	0.0294849942738191	0.0260344105733543	0.025198622008274	0.0262819731445527	0.0543117813033277	0.0531854880538153	0.0524798103899822	0.0570229202528748	0.0555894177261286	0.0564201212609664	0.0572627893170323	0.0557276716958726	0.0427234424494644	0.0415340410076947	0.0439624539301549	0.0407800626126861	0.0307032049445079	0.0268403908159247	0.0292876150678425	0.0291687891717248	0.0133442125482599	0.0130738600496259	0.0156945893456298	0.0138873380564844	0.00783366283907252	0.00611152782937244	0.00739359085687578	0.00466121847467925	0.00753221564154482	0.00755667796498577	0.0108797075539852	0.00903139883948417	0.0118946695532637	0.0120243000198741	0.0116762629681101	0.0134047674587521
2025-01-24	0.0101442106669311	0.00786300961890008	0.00940329060407087	0.00958948911009798	0.00507846768466276	0.00590410637583393	0.00807542375378474	0.00294200218571857	0.012234237663029	0.0124819651387866	0.0157474685563696	0.0125363286418148	0.021431668423884	0.0172912437254043	0.0197440462818889	0.0195330415688228	0.0267591645200632	0.0247375784825721	0.0249852888923492	0.0245179681050155	0.0356702199473867	0.030151854393413	0.0346984347605231	0.0314794908986772	0.0408278873147271	0.0393746347408454	0.0395646685661531	0.0412328093782744	0.04557838682208	0.0449931815123316	0.0444453055116448	0.0439831261539436	0.0366571036065717	0.0372183183518512	0.0374444716237077	0.0356801064178695	0.0412476491546532	0.0404737116861798	0.039901239505657	0.0403773996535101	0.0709922378466956	0.0706832626249022	0.0718859789770882	0.074438520551314	0.113679685662775	0.110636172790646	0.113023645173204	0.113660496373375	0.142849706485477	0.136366183262279	0.136170595701963	0.138613514550281	0.142023325120485	0.141210885576694	0.14197660854452	0.145789180758301	0.132435225884913	0.138729612319481	0.138376493407296	0.13745866838831	0.12152003151199	0.123699906800991	0.126747189865978	0.12203287182104	0.112733717806798	0.11275001575582	0.112874351553906	0.111641914883476	0.0969491823349728	0.100153807746819	0.0987395079811623	0.100157501937046	0.0853604305921384	0.0846159988000123	0.0876411758150544	0.0853823947927949	0.0737471112376091	0.0702323661564987	0.0769508148885779	0.0730697077173143	0.0672343527719572	0.0674838802638681	0.0702641590150452	0.0690176079491295	0.0654517599701053	0.0657842911116255	0.0658309072851729	0.0669330416330963	0.0690419104691735	0.0632280293780864	0.0679079664079057	0.0678220937448345	0.0802235241123382	0.0797291911591962	0.0795071077752111	0.0795401769532545
2025-01-25	0.0836716191046109	0.0848685206588554	0.084007079871272	0.0914527803652617	0.087101156140387	0.0894025217516424	0.0865513541943703	0.0889449679136003	0.07681158397512	0.0804305004329805	0.0821934807839104	0.0805644348079892	0.0635451375583594	0.0682866882727944	0.0649040693695303	0.067264104799316	0.0594116860755371	0.057631274493097	0.0580884751348495	0.0578685642965165	0.0664313278967216	0.0656171055800244	0.0672532302839294	0.0656983362393246	0.0712430160735235	0.0725589007049715	0.0715635035384817	0.0726345796830233	0.0642300782285207	0.063785303693305	0.0632829212820071	0.0677016967961672	0.0534548182026736	0.0540338709080365	0.0523686622104128	0.0531426486788771	0.0539560897708421	0.0535082703946627	0.0557807412300633	0.0547548986044319	0.0914217016840481	0.0924009372038713	0.0900139533397524	0.0931634077723283	0.114764798900499	0.114110136726864	0.114886709747255	0.115238354625382	0.126487674783979	0.129592638428906	0.129214829641004	0.127704857146111	0.14673129867249	0.147507831083771	0.146974416221509	0.147786454022231	0.163931399464344	0.163006453815743	0.163509958746741	0.164552187973172	0.175684879621186	0.177448575973306	0.176890953610488	0.174975590795021	0.181267066216721	0.182596686173659	0.18069085465156	0.181445392958059	0.172386767022487	0.175645011464729	0.172712058398478	0.173256163114306	0.169212391474761	0.171733010042814	0.170485235846219	0.170569362636206	0.159636758659548	0.156652668015491	0.157866689805199	0.158843883519762	0.146820827895536	0.146817172963758	0.144751273491436	0.14561072564927	0.135620811698395	0.132640614973571	0.134209370888177	0.135529202439857	0.115340265528951	0.118730700246839	0.114571972229848	0.115357061994362	0.111089676324212	0.11180007997832	0.11080047855277	0.109309765144699
2025-01-26	0.102979455474639	0.105481920083143	0.102367447783186	0.105171176659032	0.101589063604297	0.101591947331677	0.104131030554874	0.102687958509151	0.0786539605181241	0.0795752354114818	0.0802459855159593	0.0795248185544348	0.0640856698480502	0.0640627822412433	0.0609267033974803	0.0659248445132262	0.0608624173903581	0.059857520320648	0.0606480565865571	0.0616320057024368	0.0462349513229357	0.0496162164166802	0.0504263835761719	0.0497224486842123	0.0403025556664431	0.0414262321098266	0.0406703894874263	0.042600822736304	0.0376559280783265	0.0383694793578247	0.037931465073374	0.0380431274904747	0.0274948229185093	0.0281839937848707	0.0264637349148576	0.0258574483817624	0.0193336271993973	0.0212793391605573	0.0225340412434849	0.0228529923965605	0.0453996118508547	0.0463013785556233	0.0467048417313596	0.0435941678621625	0.11959926012725	0.118692345767076	0.118902789978635	0.118805604127039	0.157565727563068	0.158241419567821	0.158333244924583	0.154859607944527	0.173732009151743	0.173876738174233	0.174374470469124	0.1760167822049	0.177876491523173	0.178936323789022	0.178948849524456	0.177238335163349	0.173937715641594	0.173187519601959	0.17496994119604	0.172904823560407	0.166653578340957	0.16497992952977	0.164825241118918	0.164541251010356	0.161051093852687	0.161201209073561	0.15926849373396	0.159479203339792	0.153571500548672	0.152248158798476	0.15144853756363	0.152731803089222	0.147209414951086	0.145604420539748	0.144697153884124	0.145489010625043	0.158307423815347	0.158123696608678	0.159534388624142	0.157034490951833	0.173117818259682	0.172355707609979	0.17413570076098	0.174390773369358	0.191905044841828	0.189677644492743	0.192755663174773	0.190661647490656	0.197280456225308	0.197957062339358	0.194739224332546	0.198023257102788
2025-01-27	0.203177171079528	0.203854156867953	0.204577977328217	0.202390694724301	0.208890045464047	0.209346833797285	0.210127968521192	0.211635152217476	0.211951791103526	0.213954106376566	0.213933330686379	0.214160771833529	0.216848932638076	0.220362522782054	0.214573815741859	0.215214728838011	0.219838527118886	0.222608448376713	0.222488266531215	0.222064757973187	0.225441800751013	0.224008833629753	0.224061386961244	0.22248797865799	0.223676980168193	0.223905997907046	0.224275729730925	0.222141292193835	0.223370021139401	0.224747072613702	0.224590612073558	0.223292294173339	0.230050690464033	0.2284777713142	0.228461070681491	0.229010467540277	0.23284407606361	0.23531740962828	0.232123403823802	0.231715110484308	0.227096776867804	0.22854673611598	0.226738139151169	0.227618347865046	0.230147862658528	0.232742631017265	0.233584811588296	0.231524694735912	0.233781486398838	0.231788264006925	0.23391683609836	0.233513413495877	0.226248866771247	0.231061881049702	0.232754040686708	0.231935211492343	0.214156911239583	0.212202600577754	0.213868419104708	0.215772069077955	0.186083577796375	0.191625485183963	0.190558700701784	0.188732236317877	0.201941549419135	0.200129070387545	0.202455813519371	0.196473566673949	0.195328739897201	0.197239847709572	0.197551820327321	0.196879592065905	0.176191497148742	0.176068523682816	0.175847447500228	0.178892531668213	0.203976182736646	0.205205697592573	0.204911161162873	0.204906958507908	0.226681090396094	0.225469949817513	0.225993182066128	0.225855777720265	0.233365990099756	0.234136787537419	0.231696837560365	0.231800384802461	0.238843398559775	0.238198816977351	0.240369286379314	0.23758849808356	0.244591145158704	0.24528048548828	0.244402941995798	0.245725427357218
2025-01-28	0.241619837174765	0.245474951733457	0.242993745764131	0.242911465327648	0.242676811731451	0.239645408757183	0.239825563297252	0.240852216214114	0.241595470154196	0.242928381947024	0.241923387461896	0.243552760436884	0.238432924900876	0.24093564737285	0.241545114967842	0.242086312758432	0.237047284825086	0.23416205234911	0.2358326857209	0.234957977104903	0.233204352223481	0.231072292060798	0.230712118736826	0.232011236978896	0.22561315407945	0.227287332755806	0.224969406977229	0.227130106187515	0.217828776786353	0.218086750692766	0.217745759761704	0.219338712759177	0.202504554891494	0.206180267656185	0.206061622822739	0.205253554629582	0.220692031071157	0.220737073057025	0.218514335464604	0.219056560407213	0.228501943224814	0.226825176305672	0.230477478873302	0.228195401596211	0.228040120394085	0.230679719560146	0.229635259139279	0.23264490090649	0.227768858872854	0.229333432178063	0.229681947247156	0.225215761701927	0.227593977342705	0.225734822470166	0.227693691625683	0.223977508561446	0.227195264852563	0.225622193513609	0.223482280981613	0.226700260652216	0.227877455655979	0.229639753506001	0.226426564438084	0.229056226399936	0.233600635495761	0.234519204589104	0.230903732116502	0.233976427798632	0.235947567059417	0.235756473651911	0.234630521158556	0.232665438130116	0.228210963113232	0.227983958062999	0.224079276400572	0.226725802423197	0.215897152333511	0.215194927080365	0.215069772954675	0.215838147631449	0.212847166124811	0.21364380934055	0.212216560432226	0.212292464102414	0.208948299093731	0.208056009616115	0.212423744773588	0.210571946516565	0.208040865207888	0.206616423776076	0.210180072826597	0.20716263818944	0.209875377840552	0.20535697685376	0.204273596053171	0.206494049252517
2025-01-29	0.196810033767281	0.200839273509377	0.199252787348946	0.198097905374396	0.174983482605014	0.174487112480793	0.173898986462536	0.178630418451657	0.170238052271026	0.170494816940074	0.168768539991861	0.170498590797039	0.162174523074125	0.164997137411226	0.162683617931681	0.162144721582968	0.132075440336914	0.1315920661913	0.132026750448897	0.131305743022889	0.13333237437023	0.135206640189804	0.131806914895105	0.134654070544862	0.120197637853234	0.119669872308691	0.11976456360383	0.119367926234245	0.125681844007132	0.125548914384928	0.124325955838322	0.122443285769617	0.136328402262518	0.13305991746518	0.131712729760544	0.129898950511758	0.124042433981915	0.121854692723531	0.121466833420989	0.123636039873565	0.117591053627192	0.116253355951338	0.117659252918387	0.116496337503083	0.145838876324949	0.147247880887416	0.146721510751556	0.146191732036079	0.161730569720605	0.162485838789552	0.16190294050634	0.161880650983503	0.158060467179967	0.160368397692222	0.156727934354241	0.15984320077357	0.154030784664089	0.152944054481199	0.155562355736604	0.152462805118108	0.148760521905511	0.146474050065675	0.146698064733701	0.148067363295114	0.131815625005599	0.131894598511907	0.131441644793162	0.131848131689332	0.128795320389976	0.128515985375549	0.129436244863284	0.130252449371192	0.152101580902087	0.152567957407583	0.150965985843469	0.151364475846861	0.157441810765522	0.158709352020826	0.160684737732181	0.160164099481471	0.151615309896844	0.14951667836636	0.14964101231175	0.150226999425046	0.129869813198124	0.131711426350095	0.131535456482325	0.130883303969457	0.117311123785989	0.115448735634783	0.12049763930851	0.118742501270718	0.122365542594528	0.120343621907694	0.120840468855576	0.120450366642203
2025-01-30	0.116494590059701	0.115008122575519	0.118398480442407	0.119098806922374	0.0839067371028929	0.0830751166621618	0.0852987003917683	0.084719445843177	0.0489717458210195	0.0478758373789065	0.0492023586197114	0.0489500581803626	0.0523974965789723	0.051161258967317	0.0486239331608678	0.0518173112928429	0.063460551138959	0.0637225597437334	0.0654902769967868	0.0653266121205208	0.0784573268487219	0.0780051120756829	0.0762920738787999	0.0782454871967953	0.0862069234980131	0.0841666289350891	0.0879123587203117	0.0847140888465861	0.0814539670509321	0.0824997415497496	0.0805470949258988	0.0784991964734195	0.0670788562641274	0.0718228125709674	0.0726338929522206	0.0734644382126846	0.109736172178167	0.107596293503487	0.105941625713235	0.106725908605111	0.15463206870248	0.15675243625258	0.15371914831726	0.156896346727681	0.156151735438175	0.155155109334058	0.15745027687778	0.156242878349987	0.127141276766793	0.126183527622924	0.125660478341662	0.12701471726862	0.0893199594220749	0.0881209251326971	0.0867605457942726	0.0877985696509553	0.0557653315034062	0.0544879414690371	0.053109481463727	0.0536372455638296	0.0235818747176849	0.0250754941828008	0.0265082980690679	0.0248343330304464	0.00900010201015444	0.00797306936422153	0.00771171805128126	0.00631511057434277	0.000782429795788548	0.000445470775469246	0.00271666886028859	0.00305543056845362	0.0108423996306829	0.0128973992529243	0.0118378909243354	0.0114223101920574	0.0259216758430941	0.0233065026087651	0.0255404004293374	0.0252314211188034	0.0208745973149145	0.0230234923627209	0.0245112855542549	0.0245906247681097	0.0133080443341331	0.0137566920889123	0.0136884993637238	0.0132467642132308	0.01329590144674	0.0138585798795583	0.0130889276597502	0.0127565910139514	0.0200081069256495	0.0229028537781302	0.0215418536180148	0.0195471856782056
2025-01-31	0.0297165318030489	0.0282838283049712	0.0283803016879652	0.0276193382040147	0.0405893674735117	0.0385197107481037	0.0369847190332356	0.0379062027451491	0.0412007548042771	0.0423425091842766	0.0430707185493749	0.0413860174620715	0.0388051006991142	0.0402515952568336	0.0410903481804994	0.0408529558635528	0.033354261228312	0.0302377060867444	0.0321056085058662	0.0343024241790773	0.0264736637805707	0.0249618407196455	0.0273039090870075	0.0282605864127764	0.0239298066116271	0.0263291922250836	0.0267849288651105	0.0239560722981787	0.0243334692434708	0.0227149998946202	0.0243268542545988	0.0226246766073102	0.013293498875462	0.0129981955039509	0.0118745347137839	0.0138337709068033	0.00433432467321868	0.0040488369318792	0.0043237399109391	0.00129309848396302	0.00405295791322004	0.00362593495329697	0.00402110066519141	0.00330000646829158	0.00806100481659628	0.00984422400958036	0.00610314178761073	0.00799162938621264	0.0136293883462933	0.0155849057468658	0.0173627263951641	0.0154229795116768	0.0221419064612716	0.0256769829657814	0.0236939607157445	0.0224871498572025	0.0274413522376663	0.0252286755644332	0.0260402899351436	0.0252896822627569	0.028571649684787	0.0246527015356165	0.0257662782128785	0.026009370566718	0.0337589823935647	0.0333251986506524	0.0312761214169394	0.0326396975388436	0.0370049760757303	0.0369263442610747	0.0349137368554116	0.0331549428077834	0.0325140871254244	0.0326063023118967	0.0308645609927887	0.0350150495698902	0.0308652461133986	0.0311977655310015	0.0283486006859383	0.0295883876696616	0.03032146753893	0.0313743854593647	0.032577635259111	0.0307265117425944	0.0328709667879543	0.0280392935969728	0.0343792311372133	0.0347105084778596	0.0342508028291556	0.033839900034127	0.032385627625307	0.0325236695114105	0.0315085799457252	0.0334394822463298	0.032736380075439	0.032315557732506
2025-02-01	0.0280497879291309	0.0299458881964651	0.0291924258718382	0.0298118980025658	0.0259765222422199	0.025734382141767	0.0270615582419504	0.0262275373740627	0.0229054672981126	0.0208809473691099	0.0233336079138725	0.022879977418905	0.0208352007722505	0.0183879605439829	0.0181632900327136	0.0206135486510531	0.0220840576090119	0.0242965927026021	0.0235692844377064	0.0250500652506796	0.0333660699356114	0.0298764751364575	0.0339451227132577	0.0348123322146735	0.0427199928821043	0.0419402466554824	0.0418255193827619	0.0405142410796514	0.0460466587556788	0.0440186758167875	0.0451335120065981	0.0438011534209356	0.045676531341526	0.0462927230883972	0.046725803142427	0.0453049424276498	0.0480172136611507	0.0528707057183901	0.0509045777706495	0.0502075028498097	0.0521605101594653	0.0549142815991559	0.0540309454747927	0.0528942627665861	0.0501157205141393	0.0512256709924039	0.0500911047026821	0.0505675037907747	0.0448751896977231	0.0429037713200017	0.0436248928109274	0.0445961461713478	0.0364315236945865	0.0383101309972477	0.0377412195689224	0.0365171257392434	0.0328149965896362	0.0303516317711324	0.0336593156563302	0.0341740559829012	0.0283365841820105	0.0318686566968402	0.029416695404714	0.0283780637164352	0.0319808399076625	0.0329187456164571	0.0307848457067868	0.0323155687690937	0.0367923727364564	0.0369750649772196	0.0379340654616649	0.0392984968246591	0.0422292810329907	0.0421845590157716	0.0403427087129775	0.0422434512382601	0.0444651540519206	0.0437922967101276	0.0423305030638384	0.0434120461741133	0.0451169368562974	0.0434345814925372	0.0447960297955695	0.0386524518555958	0.049176206843925	0.0465044145270372	0.048092519187943	0.0482268594410947	0.0600175808791042	0.0604200419518093	0.0599720841673108	0.0595902930017757	0.0724594954865856	0.0716198605961927	0.0747838796838179	0.0761367642334038
2025-02-02	0.087176472546552	0.0859752776629962	0.0867899852480941	0.0880582645423576	0.0964005210835504	0.0960599856173369	0.0968452162206171	0.0966942770784957	0.105058743921627	0.10124883948452	0.102431523239017	0.101260893354835	0.0928897523363084	0.0923757436642404	0.0918895241684612	0.0928449798309901	0.0730094042706957	0.0760946387584573	0.0739241015400105	0.0759718554308365	0.0608305646350001	0.060474373916728	0.0594400753779892	0.0582549860702826	0.0460406941786628	0.0466840129737746	0.0515948404720757	0.046680452375487	0.0425313667608325	0.0407703299129061	0.0405454945653621	0.0391528087608993	0.0318507492128392	0.033675678698347	0.0308603279057332	0.0306132441830806	0.0236071278501131	0.0215713646676004	0.0241226050397972	0.0246989024424893	0.0165866998250018	0.0142642882631967	0.0160021412997685	0.015146870612033	0.00988203313017836	0.0100326345928538	0.00908313436375261	0.00900219791321527	0.00538885412378897	0.00637144573846814	0.00872523150146612	0.00751446863627677	0.00888608982927187	0.0117243917892323	0.00985673571054705	0.0115327826709488	0.0125889128984848	0.0143272905326464	0.0149075768946354	0.0141762196742334	0.0170694314699491	0.0151786667474028	0.0152683357289593	0.0164835660536888	0.0187541738186641	0.0186997759967548	0.0194231998670849	0.0201228503174962	0.0180204067796381	0.0182757527553178	0.0198417046369831	0.017862135828061	0.0136558134465775	0.0170355785195486	0.0156821954938999	0.016626412539974	0.0128086859212287	0.0131498416753684	0.0141439768365373	0.0148974955668656	0.0144198012527878	0.012503518441536	0.01379762554999	0.0152790547556863	0.012923226545934	0.0171345272801694	0.0163375459498108	0.0156047002240857	0.0153093202652517	0.015347399109828	0.0158339724872632	0.0165093081376571	0.0168581439777677	0.0136041877356385	0.0145746347241707	0.0159630335624231
2025-02-03	0.0170158456203894	0.0182525682338268	0.0160409768495467	0.016690609296237	0.0182242571086782	0.0197372804500575	0.0201390225102304	0.021899439931034	0.0207754881748571	0.0226418508897662	0.0211895847221859	0.0223930762131908	0.0210466551589564	0.0225443141512688	0.0217158892462916	0.0216931414434832	0.0179803038878004	0.021488131096345	0.0187849197952635	0.0177466452205911	0.0161824492912401	0.015267399858429	0.0155245246696997	0.0160256261806313	0.0113783714874591	0.0120882881197789	0.0102064988898685	0.0153268415028934	0.00941596891600265	0.00970278666290283	0.00968306410840524	0.00819818031268928	0.0034620968174526	0.00233692491015863	0.00725704381360588	0.0049439344587829	0.00236104787620843	0.000501718413983611	0.00196370433073745	0.00117352937907051	0.000947745007623846	0.000177890186323249	0.000412760471639354	0.000461604334413551	0.000657575849811215	0.0010319980728204	8.09112649370232e-05	0.000229514812431364	0.000340417020834906	0.000218225441006219	0.000846916699663562	0.000594440838495313	0.0016087830218414	0.00282212592673387	0.00272834077529881	0.00184075027612592	0.00869962024502337	0.00694674605286674	0.0105912046811544	0.0117624290209555	0.019743743184926	0.0191986678893521	0.0192295254521349	0.016828063473587	0.0251661601267811	0.0245584194221657	0.0254474016375692	0.0258280188134841	0.0171516696384125	0.0166243662558078	0.0182055348450748	0.0160184292607048	0.00983140214212884	0.00600264885061811	0.0114900906601736	0.00867585834707942	0.00830406522867431	0.00706545482313421	0.00577772748901604	0.00585275245917544	0.00434122099001319	0.00294870901781142	0.00700117984403371	0.00570889014814169	0.00516901673402666	0.00218286156282772	0.00221526468715078	0.00343285701599484	0.00366834015697786	0.0041320602296411	0.00239163474098738	0.000807964872393657	0.00676426867398592	0.00128033872466286	0.000263879690497031	0.000691512910854187
2025-02-04	0.00319548737872847	0.00406918965788278	0.00513473257708236	0.00460059038630639	0.00629149732782631	0.00799381760242657	0.00631811666747802	0.00639656840226911	0.009491080712084	0.00855344160877678	0.00882045961798605	0.00913501806115316	0.00924709119315666	0.00971025647171431	0.00985575823928352	0.00818689409584551	0.00734642062071573	0.00615270580445796	0.00738934486320376	0.0111115287116225	0.00698898518455838	0.00714343204615399	0.00581194756657664	0.007055635202711	0.00663175095077003	0.00555576832974311	0.0091817461869191	0.00363073453256776	0.00471713486451002	0.00820945927050443	0.00409222297654543	0.00698118288844012	0.00427852692664989	0.00415352375202155	0.00465241013319953	0.00191553918812904	0.00143729605472944	0.00108388208000301	0.0016981027622264	0.00478071910304115	0.00498690724221094	0.00498717118976807	0.00526663901042959	0.0057592825575914	0.00695200321110102	0.00301736018009003	0.00716945210534692	0.00786118450346203	0.00692241288522207	0.0064498649639348	0.00834928672936731	0.00827843542147581	0.00858648720482243	0.00867781826991984	0.00787065335823353	0.00686504116702421	0.0107497813607188	0.00841001074816367	0.00797179183467393	0.00786841605644361	0.013157993621236	0.0108968137881955	0.0116747143395656	0.0132704782510029	0.0187733436694207	0.0181396200248207	0.0174493288093727	0.017637707496386	0.0136528419922447	0.016057923695329	0.0153428963569878	0.0159463379554385	0.00995054548827073	0.00939494973590086	0.00852573906427406	0.00912876571155435	0.00616215727983663	0.00376464730068719	0.00378079426410915	0.00429240115536703	0.000657631356643091	0.00285789479812755	0.00215579158089783	0.00332868226433153	0.00191082037147344	0.00258524050284539	0.00107033944094041	0.00343359968474076	0.000337608613924349	0.00316715282085824	0.00373486621965633	0.00276037234556109	0.00297127726747224	0.00179428708528277	0.00412618189219319	0.0011082537550518
2025-02-05	0.00304518117269781	0.00393472680461986	0.00288405980323562	0.00113603221944671	0.0019220406650068	0.00414793090487018	0.00295784261259746	0.00197218581752556	0.00298943264225987	0.00226226333601915	0.00292375440674432	0.00282454961497665	0.00165497158238801	0.0037933901127451	0.00267476143596213	0.000876876868904765	0.00263144936842794	0.00228115158767593	0.00408149232895334	0.0010059067149428	0.00167956385184262	0.00486845438906196	0.00326048980579844	0.00519149195329698	0.0029716632332251	0.0076753704160357	0.00511841419285341	0.00623455215788578	0.00763114119915942	0.0066203474647139	0.00683623983377902	0.00691227150234766	0.00404094376583807	0.00514785556585744	0.00696932998510549	0.004841870683199	0.00221945286839457	0.0036301100350811	0.00196675774676625	0.00318367934975808	0.00401646646586318	0.00450507525575606	0.00430142636193563	0.00217703191644512	0.00612245027471154	0.00386281521482994	0.00689956365868049	0.00611517085177803	0.00811891383533755	0.00724283148389111	0.00676860639154594	0.0058696482892254	0.00766894490723489	0.0074575368870781	0.00889737109850358	0.00997614710718344	0.0149432538549419	0.0146267931679473	0.015981183727437	0.0144487692496737	0.0261855611313568	0.0254950553107374	0.0263183226155891	0.0270010609423167	0.0362886171445889	0.034864542515189	0.0364433364919354	0.0324035038482868	0.0289007776815836	0.0292817507148903	0.0283708127582934	0.0274466588452326	0.0146451770067883	0.0161641532996839	0.0159564904432392	0.0162341792502886	0.00752371899769454	0.00618092893490787	0.00719532340396137	0.00610002866343621	0.00580571447179723	0.00559415937277398	0.0062792135423585	0.0053209126130703	0.00638119343608691	0.00737477744534381	0.0056883062622197	0.00455572285634958	0.00841274397708416	0.00939833533419072	0.00801680253764442	0.0081721181510807	0.0160307163960392	0.0143167530369804	0.0130700539771886	0.0115824765897918
2025-02-06	0.019846509230193	0.0181285448701717	0.0182659275496568	0.0187590183499785	0.0219355139627451	0.0203385285333008	0.0208708041534959	0.0228551533504582	0.0244993789654375	0.0224841653826867	0.0228550405442274	0.0231614151076483	0.0222847548953861	0.0235176858255228	0.0213642360801704	0.0208333231989206	0.0176139252704202	0.0195676486072565	0.0183924142755274	0.0184260118467959	0.0108848249346895	0.0139805561609321	0.013785510486727	0.0143491084176514	0.00727958716882797	0.00777856921016243	0.0098667027344239	0.0080751408865857	0.00445732429864046	0.00475940716504935	0.00852893101173421	0.00625433752457598	0.00410929195663129	0.00573616194902855	0.00480886103415257	0.00534568506018759	0.00844273937541043	0.00619413183431772	0.00385784849635408	0.00650528029391777	0.00553954168423876	0.004987514306216	0.00595425757303238	0.00551868643651286	0.00290604121249492	0.000864611442982392	0.00279283836258542	0.00543650898193727	0.000933455958183458	0.00255518206972573	0.00230978276484359	0.00120157920724722	0.00206719570017875	0.00154139389274594	0.000476329133203451	0.000915081273871857	0.00478311806281825	0.00461785117895461	0.00133461206753493	0.0042644186906922	0.0123231021494831	0.0130996474142034	0.00403433688251575	0.0115429135537978	0.0179228389474923	0.0203212753951756	0.018858024933508	0.0208978607238242	0.0188512146445623	0.0185050278261088	0.0185588124071275	0.0210849451222014	0.0108978563072516	0.0105496959175589	0.0147411902783869	0.0108112574968026	0.00474299647724858	0.00593082068512029	0.00598285427840448	0.00534332855922665	0.00242969944548852	0.00200812265313516	0.00278464930809159	0.000777528593284727	0.00195945261882309	0.00309022610716158	0.00212148211220424	0.000828839161811082	0.00413567050585513	0.0022401879251456	0.002564388925877	0.00305975264312227	0.00577151912881036	0.00538499807893451	0.00564355904805563	0.0061999237441995
2025-02-07	0.00734466870673356	0.00945928149286529	0.0100716221390561	0.0101244276613451	0.0116425756747058	0.0128031807659543	0.0131521023565513	0.0134021412027886	0.0153862264030083	0.0156670870088623	0.0152676758055692	0.0156790107825603	0.0148208194359167	0.0132157596634274	0.0129478359763449	0.014015584924311	0.0115355295545524	0.00926578877276289	0.0102667250926503	0.0109319565800345	0.00918957330094426	0.00867026697945323	0.0077243378841472	0.00741582183545531	0.00674814647226075	0.00613855346468652	0.00679206596432596	0.00432123409872678	0.00737621768256948	0.00667420528118645	0.00532312259909491	0.00462645443714917	0.0161544330616068	0.0187680943689278	0.0156890199727312	0.0143884525967342	0.0353267022600766	0.0330806476400056	0.0326677259823163	0.0329249241176015	0.0506640753594987	0.0521771470265912	0.0508877090996649	0.0512710685142452	0.0767630665045489	0.0773328078981578	0.0783256826853223	0.080578442911971	0.111020586312853	0.109988195681133	0.108468422101604	0.11052279590441	0.130325486036988	0.128908080365291	0.129986065502246	0.129780368095475	0.139007880373673	0.137583385131466	0.138737125070776	0.139671609424085	0.135585305867036	0.133254646896832	0.134202886861229	0.133957160374903	0.142639855658179	0.143887358347853	0.138101613150355	0.143371172843614	0.151626826603304	0.155816945598342	0.156796571285359	0.155759656512996	0.157665882875528	0.158049983200452	0.159970752906423	0.157313381017596	0.162367423334996	0.163253884770637	0.163547833801081	0.164830858093287	0.174284145624977	0.16990583057542	0.171894473773333	0.17091555002627	0.185153735735596	0.188190089433784	0.184977095295658	0.185679079534963	0.20024735783585	0.199791166829333	0.202832377797728	0.201129097537089	0.203534134093388	0.204103224994122	0.205405956767604	0.201956684144887
2025-02-08	0.19985374263123	0.197530283862508	0.196490980969186	0.199124992537076	0.185736556393462	0.187931294313859	0.186892458534449	0.18543969075823	0.171162090486082	0.171390023862142	0.1727457469168	0.170702138734977	0.167107476236788	0.165266035615746	0.165366976368696	0.16425951177877	0.154234999663099	0.154227459393853	0.154706656565045	0.154830884378004	0.141864857975501	0.137404993851954	0.135703412302731	0.137026735869814	0.127101213646008	0.127050368939545	0.128800342869841	0.128048074544606	0.112778260989375	0.115234256084848	0.112664394334603	0.111323088591175	0.0816153036554797	0.0829027777104644	0.082066945967847	0.0804149726662089	0.075171110697145	0.0768118049907301	0.0733789492655311	0.0746381350465938	0.0769954915487023	0.0747508609693235	0.0776542570480398	0.0785993904339344	0.0605947446715589	0.062537151315347	0.0618935728169475	0.0609745311961467	0.041600029722045	0.04037278967601	0.0401017894802608	0.0389253911216842	0.0233543225611281	0.0244477811305772	0.0228537838288399	0.0223441124794549	0.0126650409769587	0.0108959918358112	0.0126194369084785	0.0138195302787516	0.00280354224269713	0.00511336985001331	0.00691861192129726	0.00516447598599231	0.00546941172001305	0.00597644630896448	0.00613468972478012	0.00741945224624235	0.0209023464977413	0.016988702513088	0.019521084190694	0.0205878667984767	0.03510577581087	0.0325443271508592	0.0352537634182749	0.0350961336199959	0.0407139928945749	0.0413122478108922	0.0396529510900184	0.0393208082045144	0.0358828181297986	0.036848995269169	0.0349367078765125	0.0363314787245199	0.0255847791021343	0.025522714455072	0.0257481347982857	0.024144371644508	0.011609173326755	0.0160921132898274	0.012811224779973	0.0104874886034445	0.0170546196303505	0.0167460200757945	0.020949341715095	0.01725001857876
2025-02-09	0.0237588519325683	0.0233224837550728	0.0228319426865138	0.0240867216258451	0.0247696509241443	0.0272087851053908	0.0240172160486638	0.024004347921801	0.024420090105826	0.0243197652663996	0.0245012738814613	0.0217588707463132	0.0248395041780517	0.0258502929785311	0.0256833462259079	0.0226268566175093	0.0252034545126556	0.0233067105818955	0.0243437421833738	0.0251460927220752	0.020284768653998	0.0209926940131973	0.0212185939892635	0.0195039433435412	0.0161429905338279	0.0169030734242893	0.0181891514844195	0.0187647845574633	0.0121079237750323	0.0132448040967659	0.0111319338387742	0.0115153382894276	0.00680317629719672	0.00969080087506305	0.00631792911953196	0.00618809370820827	0.00857148627892302	0.00782556860205632	0.00336271708543382	0.00824022803358685	0.0107200246899157	0.00976284631632804	0.010560035304103	0.0109570936896533	0.0160648430439314	0.016928775895888	0.0172850173482727	0.0167213637119078	0.0237409777203254	0.0237576074601149	0.0240152854234786	0.0234861293960812	0.0293695715806128	0.0293939662628332	0.0301890787227692	0.0290473834337848	0.0333592387660756	0.0329080655247473	0.036103616251579	0.032629079457598	0.0389731586763323	0.0370467852440798	0.0391988918424315	0.0367811642371564	0.045761489672062	0.0462802575188412	0.0477027125166479	0.0472555402924489	0.0522291865283878	0.0489091767191616	0.0507334688581656	0.052128167894285	0.0457093349807874	0.0434291365565041	0.0430976282159738	0.0447639002467346	0.0370275779831912	0.0344322662024155	0.0350858196885678	0.0374543361258255	0.0296025978595252	0.0291031202460799	0.0285388348373855	0.0327554470570095	0.0290199708642614	0.0269882743309167	0.0267685405056376	0.0272232142991842	0.025988926815496	0.0268843568787012	0.0272884591413016	0.0258382571645012	0.0250374926711674	0.0257993791353186	0.0242560150560238	0.0249071131374902
2025-02-10	0.0218340788769177	0.0217397235119457	0.0255650871596658	0.0208611104514708	0.0221733746062115	0.0230945687189827	0.0193388842984059	0.0183931723763999	0.0200544718411051	0.0196000502080848	0.020625000533299	0.0187204774175111	0.0166911016273241	0.0177263199876598	0.0164165756323669	0.0171660027526492	0.0149633391086546	0.0121176396496612	0.0113014893825312	0.013617531859153	0.0124375146921441	0.0124082609656665	0.0099606540214416	0.00919357032074773	0.0106116649788283	0.0103797594786154	0.010674016088716	0.0103345594538403	0.0146945383851009	0.0145191659168317	0.0140260133353001	0.0117602823627674	0.0264637236073	0.0224522615368538	0.0226107741295259	0.0224732407263203	0.0462324819786827	0.0414945446446181	0.0443214255284819	0.0459515478482172	0.0593191487173834	0.0577478096312374	0.0562441807766454	0.0576888608747338	0.0660776402344205	0.0668777216617567	0.0657379081551276	0.0683067299486951	0.0727462014445094	0.0727843747331711	0.0709880258375823	0.0704813979847372	0.0726759994490026	0.0728288192573019	0.069939615067531	0.0735555662261645	0.0670202772588297	0.0660124758549732	0.0670840914090559	0.0698831554771412	0.0592665022900565	0.0567805213676128	0.0581032071440836	0.0568497691982471	0.0480718420585816	0.0487892398142249	0.0462772428652767	0.0458616752619167	0.0418098457073407	0.0412640525570593	0.0430203598870941	0.0419057418485059	0.0364830258308235	0.0376963935470189	0.0367472932712257	0.0350732873509318	0.0338300343638192	0.0326143311665223	0.0332510460162461	0.0313045884534124	0.0282544988653546	0.0287109089766591	0.0288847604401982	0.0311498317177881	0.0249449130417436	0.0226267643357555	0.0235640905517511	0.0248642320707499	0.0229391618532246	0.0236171342595962	0.0194929526060688	0.0219507512811103	0.0216346712251073	0.0211578739959458	0.0194531043179666	0.0207543504609803
2025-02-11	0.0193546404300157	0.01916714814361	0.0202489380469833	0.020229273379391	0.021802813693548	0.0205565268256674	0.020943040035163	0.0236976194456216	0.0215917375684967	0.0215398238465104	0.0228790438549011	0.0209893947300918	0.0174428147594439	0.0209448978708439	0.0207566541063878	0.0198556332633244	0.0169414269355299	0.0176205304637239	0.0200770952123006	0.0193609473884456	0.0150827460286396	0.0186061483171	0.0196160492163335	0.0186950564379268	0.0184921799615493	0.016782476009974	0.0183957565707321	0.0183295874577446	0.019837595347866	0.0195817321055444	0.0213066348983192	0.0212740376482705	0.0305344233846835	0.0301885098009074	0.0306477121587982	0.0296293546556109	0.0429805097646925	0.0416775589968166	0.040763724973343	0.0395782062651479	0.0471201134933528	0.0435927119621834	0.0465805319756491	0.0467066425688147	0.0460017497148857	0.0469832906849532	0.0476464996463849	0.0463684599537762	0.044293408149995	0.0453590566983253	0.0448187553310729	0.0465287798206067	0.0409343428978563	0.0411764678158846	0.0439060488690338	0.0409831404172254	0.0378973533590068	0.0367455803318492	0.0396096438614224	0.0387474224477215	0.0342906858155441	0.0344090794338086	0.0334996391057766	0.0338005956448706	0.0331386887808298	0.0355124719507838	0.0316633534198501	0.0326854858485363	0.034799264264682	0.034568613447569	0.0324622358364514	0.0341698864512976	0.0329315509778776	0.0342399726292126	0.0330475087682949	0.0297809676246149	0.0329937768199598	0.030584220595398	0.0309046050830537	0.0295173975015885	0.027906060023931	0.0283839801437459	0.0272178859827569	0.0294920738495663	0.0239063669677838	0.022471377975374	0.0221308064095462	0.024491448647296	0.0156348207312334	0.0180717413323353	0.0176566841625474	0.0206367537738839	0.0140398928122238	0.0163442467993065	0.0147932153342585	0.0148226450542112
2025-02-12	0.0132513666561732	0.0127601516235188	0.0117050965401125	0.0182833851801956	0.0145004464803251	0.0144818864948069	0.0142599832881499	0.0147576837367181	0.0163768439440805	0.0146323427548172	0.0171273774263007	0.0148634358748016	0.0160213737816185	0.0139443791054478	0.0160373154726891	0.0149969316402446	0.012359477338971	0.0123425225232789	0.0125466201947585	0.00975137994299153	0.00982773187527131	0.0117958404114991	0.00948102347637024	0.00889540423685936	0.0105883862845848	0.0116120809662401	0.0123649689635965	0.0114345637855786	0.0143297898555266	0.0155971537267855	0.0143295405461456	0.0137435158715423	0.012748562566531	0.0145271888001705	0.0158841104209975	0.015840138212301	0.0157162630232168	0.0113494811041051	0.0154553850761268	0.0144788707965514	0.0149495454059937	0.0122242188960776	0.01063500171928	0.0121912339786487	0.0122320759809592	0.010781622395973	0.0126836245056031	0.0113026771174648	0.012141843695032	0.00958765702246033	0.00935794922620091	0.00991255005630677	0.0067272314497781	0.00612538777361241	0.00759240400544531	0.00755497677116418	0.0054158722702653	0.00485536881412116	0.00268456577714019	0.00504419313847335	0.00326094071239845	0.0027492261217319	0.00219686044969334	0.00379297271617631	0.00274702041878281	0.00477207266913945	0.00395976692374395	0.00152113998833379	0.00280469888551386	0.00409277944634044	0.0052508120521411	0.00385170961600461	0.00587843825232618	0.00469576622616121	2.87650332337769e-05	0.00639703048827884	0.00953303916379266	0.00773296821858909	0.00858679293730336	0.00914719968031489	0.019376146568264	0.0218602263347714	0.0202229050231783	0.0175407220737863	0.0368463102919115	0.0368433818754933	0.035870915620023	0.0384393922125721	0.0579750083533155	0.0570523716356088	0.0579492462568787	0.0570233737541971	0.0740574393652714	0.0727373858837504	0.0737436681118029	0.0744615066391752
2025-02-13	0.0839143130845704	0.0834189643059342	0.0846758496449943	0.0839908729645012	0.089965753988469	0.0903443253336338	0.0905266626317877	0.0911632580461095	0.093435604772291	0.0925439216613972	0.0935970421736457	0.0924234313926661	0.0930641861793813	0.0917532595288828	0.094115847407224	0.0930667068845118	0.0785115465964316	0.0821448372733106	0.0798598064469554	0.0784838096833024	0.0701890480619263	0.0697722350495204	0.0690933860244213	0.068945330864132	0.0644240013851967	0.0648052841679907	0.0623266362001678	0.0624440782466448	0.0583987816144079	0.0575336422681308	0.0586015700052001	0.0584660061122612	0.0475926334420563	0.043181384451651	0.0415599504636419	0.0436660316426508	0.0364674645371103	0.0349076011833466	0.0362044955314404	0.0344204387481027	0.0307409389859523	0.0313692004830567	0.0308729360207803	0.0290169245102107	0.0214571591276154	0.0246840271854764	0.0240784045149419	0.0237804091719663	0.0276820583420176	0.0258951330352881	0.0267697445179194	0.0266530641047749	0.0321334689990566	0.0324358325166799	0.0336650228277911	0.0347656756564724	0.0374083417109588	0.0356874926566191	0.0377875536707585	0.0351166119616636	0.041777832539933	0.0408956107387395	0.0418384410522004	0.0424881156691271	0.0542768740562877	0.0549354119097646	0.0557519931074042	0.0530357209265434	0.0645186257610248	0.0648605240591484	0.0641279263588367	0.0654929238209901	0.0579488798080555	0.0613167677415688	0.0586530546346541	0.0600812978157217	0.0483784630325112	0.0504540628458171	0.0506519087308356	0.0465155653908361	0.0391886214368629	0.0382907827930351	0.0388650719063215	0.0376555238637805	0.0294239874603742	0.0329115756677438	0.0309484747771276	0.0297159620947544	0.0278547695729764	0.0275601399118556	0.0249148256107031	0.026670264904465	0.0282911878243012	0.0281408939713715	0.0271174934443431	0.0264504247599843
2025-02-14	0.0275631927935269	0.0252695518595918	0.0260776849076916	0.0260895704391896	0.0246481809549534	0.0247710141002894	0.0244702344319729	0.0251105705127843	0.0257780946188598	0.0232031308032973	0.0247644243181428	0.0252543502597002	0.0234161726699671	0.0247469381066297	0.0268169353651429	0.0260199538582603	0.0274764020760042	0.0259679077400708	0.0245610070665688	0.0269946831173562	0.0277601752846028	0.0259700856189496	0.0249260779759341	0.0243436611205135	0.0204036535682752	0.0219859050541594	0.0195972955954484	0.022013145782117	0.0129593438036508	0.011065326852585	0.0118641825749217	0.0141111467688425	0.00173738693672347	0.0048581590189715	0.00417353387165495	0.00323092017265009	0.00359739792323308	0.00346255586071483	0.00111093593414663	0.00182911028190546	0.00219916304979678	0.000690322966827059	0.00110114812600373	0.00100936585737243	0.00351719111028673	0.000403324893952239	0.000482598378620725	0.00159688561714031	0.00503279717893567	0.00406993922491582	0.00666317785995443	0.00323408573619408	0.0111065088955623	0.0111238242519528	0.00904327125754699	0.0127263955949379	0.0178357704227095	0.0203502768740661	0.0191796039209424	0.016634348782282	0.0284445370875973	0.0274775480571705	0.0280207964208368	0.0290571184343955	0.0373779321219954	0.0407203422239691	0.039550630759936	0.0383510948940995	0.034241024318003	0.033768582119297	0.035745202669372	0.035245190893328	0.0190112819828228	0.0199832710546579	0.0198090044301724	0.020196442532347	0.0093303026436508	0.00962255832159284	0.00707402925552529	0.00897310977923108	0.00791901819442101	0.00657931423415864	0.00553199375288347	0.00196967381853688	0.00771445709560347	0.00917924657921533	0.00919558351229008	0.0109107128128911	0.019833187623841	0.0186807442308452	0.0198952288573893	0.0185908392879245	0.0291336589754193	0.030214099287829	0.029371547267631	0.0292806944691206
2025-02-15	0.0321401189085002	0.0332751026520252	0.0363402774716965	0.0362445009677781	0.0364633545778568	0.0377038106112921	0.0384344603584583	0.0383983744523928	0.0412288591696707	0.0423051958407359	0.0434186940164121	0.0410472509731813	0.0439665430065123	0.0487848093543664	0.0483101154484314	0.0479385321906899	0.0480644401366239	0.0520008783061216	0.0527299162689924	0.051204765288262	0.0489658606564469	0.0520362717191033	0.0495447727129936	0.0514530949114562	0.0496831783075012	0.0461549778754478	0.04803775567525	0.0481240881418009	0.0402788837675687	0.042197673564629	0.0408417822290089	0.0446816604387934	0.0351875762790749	0.0333798828328966	0.030937004887694	0.0334955360003345	0.0243579697407195	0.023210208301115	0.0238136885935723	0.0236181333645931	0.0149573763646657	0.0156696306141936	0.0147723735504209	0.0146006194707198	0.00750361791545021	0.006710839383803	0.00833588534313045	0.00944965735761634	0.0114793552572491	0.0110182803018799	0.00797415979815626	0.0105282046427148	0.012812428906606	0.0130100203717086	0.0148553739864065	0.0143221767352789	0.018545637269452	0.0176563069824122	0.0188406232033483	0.0169574325447875	0.0248395491578201	0.0245660555197242	0.0247491007371467	0.0278452945853089	0.0347944122235111	0.0339543695960469	0.0348619274539765	0.0343892907264655	0.0447157631242931	0.0456058282688088	0.0457029891558101	0.042975419451088	0.0455449205357737	0.0433085708118203	0.0453086409120036	0.0478378677404024	0.0415100034095817	0.0395208772548147	0.0404276075245306	0.0415415118110731	0.0366324863585197	0.0375614983502258	0.035439762810624	0.0353662524806306	0.0368077639752005	0.0370779005141864	0.0353005305192306	0.0348138049913825	0.041797521968896	0.0392287772785775	0.039791583501814	0.0401821172507124	0.0429257076549166	0.0445009674848182	0.0439264255795823	0.0456468992806829
2025-02-16	0.0473324202463064	0.0464536086833572	0.0469850879501618	0.0452288831201745	0.0532042966977924	0.0523431435092288	0.0514308040595758	0.052021755733403	0.061297915722768	0.0612109687220448	0.0631776575087745	0.0623134580464127	0.0664333957852404	0.0671708944780159	0.0675312437627327	0.063864465974011	0.0566728401119678	0.0572559116579329	0.0565500447047258	0.0565212035253735	0.0466371387508885	0.0443892442224972	0.0453880868340023	0.0455855301926121	0.0407010493078247	0.038960626893882	0.0368405232687743	0.0384978005295191	0.0369304355633627	0.0360562952187973	0.0363944596097579	0.0366188096080821	0.0438353339049327	0.0414242031153948	0.0400045872974152	0.0397358756822574	0.0507105429396369	0.0498056956268191	0.0508072735435558	0.0496764878899882	0.0500086139725248	0.050478176115854	0.0512506859513372	0.0522625239602839	0.053749397597836	0.0544080803485991	0.0572068314798838	0.0546356905736811	0.0572026599671475	0.0594296317300561	0.0603562487899491	0.0590114595128473	0.0626370356673644	0.0619869283432111	0.0620743589847356	0.0623016770046889	0.0647124911559695	0.0611357024291051	0.0639774175098969	0.0621743889050285	0.0639695112186699	0.0641882131245925	0.0667882953569962	0.0680539802997414	0.0737629556074077	0.0734777340814425	0.0730976939703016	0.0736616163408481	0.0707588257964312	0.0685575473868627	0.0650731934932106	0.0696104333234956	0.0458680361798286	0.0487659775755224	0.0462290186577893	0.0441369675868597	0.0260748662474057	0.0276158789396353	0.0271407346381875	0.0271685201747714	0.0150144183444087	0.0207747603666179	0.0186336195141858	0.0195772017747876	0.0172674101973909	0.0200479851897158	0.018527852854995	0.0171567517578983	0.0199461573958217	0.0194138564656087	0.0230991018597076	0.0215408842788619	0.0242955358588219	0.0217128612513043	0.018324137496084	0.0236674653937899
2025-02-17	0.0207368212805096	0.0203404624107301	0.0220078397086391	0.0209148766001212	0.0186678463200846	0.0196793755454385	0.0151280951332676	0.0195246830012093	0.0135606472073367	0.0171830011323834	0.0144908760560588	0.0147654756042212	0.0131145454847328	0.0121403280753746	0.0143439466655764	0.0114011797743162	0.0121114517823405	0.0115150416713172	0.00868671339517094	0.0106867931511714	0.00937983264034093	0.00956017336814566	0.00944669726398431	0.0096132967275291	0.00992199997786635	0.00787160002873927	0.011039840142034	0.0111665598513604	0.0112191889415101	0.0109385444422738	0.0121169295352317	0.0117253370809844	0.0105687085449363	0.0110223834641723	0.0139295597398207	0.0104793482510707	0.0132701285701843	0.0133796934148437	0.0127726516622487	0.0145775263527233	0.014460860652495	0.0178181830054661	0.0179303716613268	0.0167905846807121	0.0211357973163588	0.02084050271145	0.0206167563159796	0.0214069436562117	0.0257969261854529	0.0258219639478566	0.0223843291574882	0.0259967807092023	0.0264676187030382	0.0243485151452788	0.026076258491618	0.027107607660065	0.0229272030117037	0.0227707268185607	0.0232740132151826	0.025028056954553	0.0205500048880364	0.023412090987606	0.0201393453839682	0.0218985587403894	0.0230168688093258	0.0237451953399093	0.024532035281548	0.0217059005692168	0.024130823198171	0.0230946441498723	0.0229432751464849	0.0228312575054717	0.0173715171046476	0.0185316716245747	0.0191104808089465	0.0159863304618312	0.0112979182212673	0.0109102483594151	0.0115538122921511	0.0102380211271664	0.00596813810866818	0.00549521142397073	0.0053177635324446	0.0042188869349165	0.00684096571776126	0.00372816190502806	0.00551999631671672	0.00591087606049396	0.0056731028141942	0.0056820083051549	0.00748246138381668	0.00616242749683422	0.00487584152932954	0.0055676755691645	0.00535457804309855	0.00820190485840741
2025-02-18	0.00520097101147207	0.00958845845839646	0.00528573654297741	0.00492483398715407	0.00712496868114187	0.00644888914614247	0.00697354041240398	0.00745260176031168	0.00229336866684122	0.00662715488194555	0.00756912723371338	0.00651034921749985	0.00705236800431953	0.00309048332967911	0.00493006967031922	0.00392707899568214	0.00855883795964552	0.00940527182634015	0.0101703951979045	0.00986549501610982	0.0147475875502436	0.0144327326413904	0.0156096251564871	0.0152100546518789	0.0200329088278799	0.0203530679172691	0.0200105767336242	0.0186034465212267	0.0250765606273381	0.0228902220696446	0.0222960221948816	0.0227371951081357	0.0248331868678175	0.0229232787096702	0.0230806283463042	0.0221629060762081	0.022866674674634	0.0236833686532251	0.0204577401082391	0.0249922165639019	0.0228113442204207	0.0222028630001334	0.0203972823766728	0.0245885104027732	0.0233244369369425	0.0230550314610212	0.0221496289353499	0.0224709026666864	0.0230779007107238	0.0232504279706914	0.0240148469244067	0.0246568243941781	0.0261931435829273	0.0222093341201158	0.0251555556208097	0.0264419666761472	0.0265823078982022	0.0261698851693765	0.0232462289882409	0.0250015779441805	0.0256365050614705	0.026602664496178	0.0268423534498875	0.026918476992464	0.0292788852011232	0.0287065676158414	0.0291151985209798	0.0278993486620555	0.0310915651701391	0.0324851981476167	0.0315717223311321	0.0298515143511121	0.0295262649709187	0.0280150674083462	0.0302490282715349	0.0292096393492002	0.0242334969825164	0.0252842463997201	0.0259972611642882	0.0254849954534753	0.0206421689105037	0.020014192503797	0.0214688257738652	0.0218748128118342	0.0168558142910101	0.0142120649376608	0.0140655794248798	0.0158665413464493	0.0108928667941941	0.00974214972130756	0.00961970636297448	0.0107452771215238	0.00750864930357007	0.00825487321753945	0.00704825307257994	0.00818822440631053
2025-02-19	0.00723436868407669	0.00802186243548603	0.0061172939186912	0.00762647496174608	0.00857059727206792	0.00815891862883271	0.00858931831772635	0.00668116578137302	0.00990567531676762	0.00830636960538567	0.011469459890705	0.0113184951871417	0.0122943975887654	0.00860340089660397	0.0120992792433849	0.0130029222712458	0.0118110910734916	0.0111545261016163	0.0111113627279753	0.0129230200969168	0.0131959365147241	0.0106757175233202	0.00976184592027177	0.013366500041684	0.0141343737529705	0.013074938464312	0.0112639150512158	0.0125267727315017	0.0160680523895051	0.0133002928547511	0.0164565798310209	0.0161750749247229	0.0156923676723106	0.0140734731649362	0.0154110774652656	0.0158230816974876	0.0141674912934074	0.0161696558092643	0.0152887499982137	0.0123741028991146	0.0142895620969227	0.0163314613820306	0.0169835138095136	0.0163954627115331	0.0222501230641077	0.021467550735403	0.0198598998539022	0.0204224263465872	0.0244743723454419	0.0283119876010708	0.0251935871548699	0.0270200528986174	0.0322703244712987	0.0326945433348928	0.0344122275029304	0.0346229046908781	0.0408186934582255	0.0413601205950197	0.0424292671163029	0.042391918830452	0.0529385390641192	0.0520007212531691	0.0515528359556963	0.0475079037270154	0.0611901887168606	0.0595989078997474	0.0605438822785298	0.0586670211048621	0.0742616477653845	0.0729847524528488	0.0737950987643722	0.0779585010173945	0.0850833238727006	0.0854444471738604	0.0840244083820284	0.0844478205714106	0.0900521274961811	0.0916654154255934	0.0899344176669039	0.0883480394113216	0.0872406434867544	0.0902516848334545	0.0896423218469814	0.0878653498328096	0.0835538851723799	0.082205597230599	0.0845399297342263	0.0837005878627948	0.0748705320363835	0.0727746264158731	0.0764217177333158	0.0759331238144276	0.065219408966202	0.0682088647458503	0.0675942710127641	0.0689774552751836
2025-02-20	0.0590049132040195	0.0613603904512528	0.0596690297852758	0.0629656665594518	0.0539703439104062	0.0549420959364863	0.052502470044242	0.0535850901088655	0.0433545033740992	0.0448007039157358	0.0489386215081932	0.0449061712019718	0.0368604947920236	0.036117819490811	0.0363976764001755	0.0386240093169899	0.0328642834750658	0.0327892192716081	0.0345789461418734	0.0337675511114527	0.0326638561386488	0.0299373411779337	0.0288750455176668	0.0315237571657507	0.0261590159016537	0.0267004350435534	0.0273319802401037	0.0258085688146891	0.022558578629881	0.0206340210483206	0.0209465716065842	0.0198608287152142	0.0109055267698876	0.0127829305790119	0.0124122844675857	0.0108992581835148	0.00355369977943745	0.00456815818741641	0.00304638917089607	0.00383175286225007	0.00297564022670397	0.000800345124200949	0.0038903379963678	0.00233367665272728	0.0034406714478677	0.00404588989229066	0.00748992212618944	0.0040235165336522	0.00949150645813392	0.00622942885251544	0.00896691279011647	0.00731215189923417	0.0165028863717031	0.0100685602631283	0.010883936349993	0.0105446170151755	0.0173562983000412	0.0168535217667794	0.0170715100404304	0.016718669892749	0.0260529636417878	0.0248036022887964	0.025035565692545	0.0271078683768708	0.0363575911954765	0.037888632085346	0.0380054530906434	0.0387483236285341	0.0468932480159857	0.0449969759479115	0.0426444744748834	0.0434653015612194	0.0360330191589274	0.0360946483906614	0.0346909451717518	0.0371813872786594	0.025904914518687	0.0241839379218823	0.0249430644598405	0.0229680830995903	0.0151165785138104	0.0167042853438085	0.0152543809496669	0.0159247551927141	0.0114836933344067	0.0121086225991044	0.0131293519881965	0.00927833207829229	0.0103705785113615	0.0116181570067074	0.0103535700159773	0.00965769446595376	0.00914470525129202	0.0107171743839931	0.0100538520029149	0.0140842683618
2025-02-21	0.0137121911785068	0.0132626752756667	0.0114015454967273	0.0106235880490992	0.0141697638430864	0.0139585460671758	0.0132560497217178	0.0126156403680199	0.0141867052846089	0.0161193522126327	0.0132868537798893	0.0144070887228691	0.0178656343237955	0.0160719436675793	0.018790990396907	0.0192714316117183	0.02640330712221	0.0257670126182464	0.0235043981943564	0.0243252820651872	0.0306957533339505	0.0313397595506656	0.0304115399702037	0.0295529471451802	0.0346469374441496	0.0349181330885619	0.0357510982170431	0.0346838312502454	0.0380250762336712	0.0369985307277936	0.0366198972852132	0.036356495753322	0.0378183812743553	0.0432462645772147	0.0404459229944952	0.0384894311539349	0.0413624763375004	0.0419223931092557	0.0405610598340665	0.0421540707191774	0.0440709696085985	0.0417632062036563	0.0453803603893133	0.0437854637984319	0.0511343932306555	0.0487145378702586	0.0474541837915309	0.0486968851075551	0.0577287040822808	0.0599477669503635	0.0570992460327675	0.0562242829345882	0.0671066100869405	0.0645019340691103	0.0659269965242124	0.0664644593197368	0.0712259076994882	0.0737530530676106	0.0757750289935508	0.0712460102393504	0.0715196964917388	0.0760693371013605	0.0717161998756659	0.0706947665312349	0.0688964801400963	0.0694840904250837	0.0706884665981515	0.0699309628366686	0.0716439305458741	0.0704874974348194	0.071680287656736	0.0711882843625705	0.0739643216012353	0.0747099918942712	0.0712015816571145	0.074124104847379	0.0768332547198875	0.07342004602638	0.0725575338006681	0.0741891654530644	0.080092756031775	0.0773694346649485	0.0790300502958538	0.0785077590074227	0.0892565214793197	0.0902524593006617	0.087582556437654	0.0889084627823646	0.0928467947121649	0.0929715769279837	0.0907323252777859	0.0944493030820654	0.110712368550743	0.110930692009655	0.109835564415085	0.110521375024517
2025-02-22	0.121429220408221	0.120454801586813	0.126311726639968	0.121804251364998	0.132199248922486	0.131209748350991	0.130465209819408	0.132125792907116	0.129762445235454	0.129183746163756	0.131670935075491	0.129382873525299	0.128366745541138	0.129379154149377	0.127688938962335	0.12756516134715	0.11563781527222	0.117257611176672	0.118020792588132	0.117083780962976	0.10478191593516	0.102787050926438	0.102931077330785	0.103499955807616	0.0892282019367787	0.0884430818960939	0.0897995211386681	0.0885291950284592	0.0682315302343455	0.0689059006239144	0.0696190045746796	0.0672435645670605	0.052955501893896	0.0550856739181438	0.0497539884553418	0.0532048357326184	0.0349237851361911	0.0372289670752571	0.0367364517163068	0.0351107960722449	0.0206328451676027	0.0227305802551906	0.0221116399258357	0.023524934651371	0.0105250878253702	0.0111084011926944	0.0126831813181027	0.0116833296638327	0.00366477763697952	0.0070136240784255	0.00466038153299328	0.00466121675160169	0.00141400854188869	0.00358237777171848	0.00280658643941797	0.00319702724697486	0.00135261777160527	0.00159059196641722	0.00268561044629216	0.00137117981568536	0.000982877992662059	0.001423154878755	0.00237162380101406	0.00122234332756888	0.00270177015813052	0.00198955658782102	0.00159132863889409	0.00271734461515438	0.00660795926218588	0.00738915226948519	0.00597562519172208	0.00802726327660685	0.0199917714725362	0.0180773974333091	0.0208174269984195	0.0201134040957352	0.0392933829769876	0.0377143727255502	0.0394919229674475	0.0395003213300147	0.0592185174436097	0.058778223498714	0.0605831426130378	0.0574201164446385	0.0735404698463122	0.0731988347933046	0.0717222044148069	0.0735384909455763	0.0952131242830346	0.0973842480883692	0.0966694890739857	0.0977331385546106	0.122938796426942	0.122804000860239	0.123777334577303	0.121479868135516
2025-02-23	0.137596379185109	0.134821066366573	0.135463271773917	0.131119282674401	0.143023183956147	0.146034334502487	0.145592827360311	0.145349654181055	0.146800007999096	0.148790866241275	0.147138699207827	0.147270426551802	0.149900060343594	0.146501723321108	0.146296732000282	0.145301484335016	0.125781226668125	0.125370482211156	0.126804645690049	0.125043645430671	0.0976982721741181	0.0975880424121797	0.0991880884581397	0.0985255969555626	0.0693588579036133	0.0715302911939414	0.0715724650817079	0.0715383858207374	0.0524955026038001	0.0510572484711987	0.0501769623603862	0.050270286564615	0.0294470077414906	0.0350189511730277	0.0356977753509293	0.0378362657345523	0.029629754194605	0.0292364405324959	0.0295111772310239	0.0286226280418753	0.0203578641060826	0.0197624383095819	0.0178147131599862	0.0210649844243493	0.00755883542683619	0.00852233426622309	0.00786578201206468	0.00905304829487604	0.0154643430065253	0.0152147210810854	0.0158448050842118	0.0164761308281776	0.0253172125491659	0.0263434317742761	0.0258236809289152	0.0265156747476428	0.0289057255509587	0.0288652427632868	0.0283292956943099	0.0268997359914446	0.0258739752893483	0.0265499564375199	0.0256059046788452	0.0279701635942866	0.0269103509756357	0.0271956043705353	0.0267563406236474	0.0281377040301816	0.023131919752824	0.0277465967856303	0.0271107549099338	0.027010728551612	0.0183896064061994	0.0186333156752977	0.0160111813779483	0.0189658965405546	0.00859543312409049	0.00719024497167271	0.00990106954953909	0.00831325235469772	0.00247962089595628	0.000577408963343172	0.000850488696276256	0.00509248144442429	0.00257001900519001	0.00265374620717605	0.00368439718715023	9.18376004837049e-05	0.00570206357341475	0.00729264558564085	0.00676695975520295	0.00723833108574145	0.0155621851883962	0.0178135296860581	0.0181295600842648	0.0194947250412809
2025-02-24	0.0320605582240701	0.0304270946988028	0.0328678585410762	0.0336444885360509	0.0374664894046333	0.0392808634283952	0.0376874182043448	0.0375652289626266	0.0369612228208477	0.0366155064122059	0.0346263779963211	0.0347968927706253	0.0256194486209957	0.0313085752245198	0.0299655683506185	0.0311064078038659	0.0281656917822529	0.0285699694835892	0.0287857070896178	0.0254786316445401	0.0314754821714547	0.0320709110343287	0.0335382262018036	0.030915380592413	0.0382256239344012	0.0369911086761872	0.0382852784259935	0.0384979889634181	0.0420588188518752	0.0401565591441468	0.0411467460099148	0.0406378759940632	0.0595223205116096	0.0582705827129323	0.0603624465446844	0.0588446502307736	0.0999361794544903	0.10132141185176	0.100086282399598	0.0996561262941519	0.1211490596194	0.12143150470116	0.119612364129868	0.117807071549572	0.131844786213638	0.134272933627321	0.132894101692193	0.129988178466848	0.14129858174023	0.142085059407064	0.141764570396268	0.140851788456437	0.143449279987141	0.144504201157279	0.145557598295889	0.144488920559691	0.13767529603914	0.135666458907235	0.136848403694352	0.136809841359272	0.122976065613655	0.125224676365973	0.121888350869387	0.123910907150986	0.121684792693152	0.122908986228899	0.119630167368226	0.123776053709722	0.1241336529967	0.120340145573472	0.124437064821661	0.123089136608167	0.10677973929135	0.111252988446054	0.109703494237784	0.109263778024812	0.0899032571347285	0.0895622154310967	0.0893378944747177	0.0921966329594572	0.0767644531963532	0.0744861473932444	0.0728536459350516	0.0758957534753507	0.0568316623332467	0.0567620569731084	0.0550026441995604	0.0584036364940844	0.0433545206608099	0.0489116782671627	0.0426004568344447	0.0441333442375828	0.039823328470159	0.038895648915964	0.0404439052797158	0.0398371173341612
2025-02-25	0.036586194326229	0.0360448176649862	0.0364797433070005	0.0378892447017843	0.0421527575803688	0.0382683625716662	0.0402724671707657	0.0393064126771993	0.046078372501434	0.0474247353454273	0.049271238211028	0.0492256539421107	0.05274997220355	0.0526926623754728	0.0517846744009496	0.0547726910200276	0.0523636219626792	0.0513129092195369	0.0521100110510723	0.0512134577667116	0.060064600055604	0.060171100552257	0.0605810535490965	0.0601832458430424	0.0798522458932269	0.0806682706980763	0.0795859404428465	0.0838935429658504	0.0890324039714319	0.08889419809927	0.0875573576292802	0.091516040300018	0.0777477380622307	0.0789852340730502	0.0780561478698351	0.078210879994884	0.0798495834634177	0.0796530421337031	0.0803726319713239	0.0791247424315553	0.0768558863710374	0.0801134021468638	0.0766288463336325	0.0774018651484663	0.0581018372017085	0.0581340305921302	0.0558345074342496	0.0579296247719117	0.046221359192595	0.0521756610284092	0.0473869195212891	0.0462160602577068	0.0425656326398108	0.0418865426278855	0.0436193804524584	0.0429284442798453	0.0291111015410739	0.0347812933426854	0.0335993200478976	0.0355082850683431	0.0249244979302407	0.0243862460938885	0.0247911381245199	0.0238981178513509	0.0211706060470302	0.0215580678311582	0.0225327235655486	0.017738602556263	0.0207387205277236	0.0194066511480591	0.0217054085388128	0.0201492197854045	0.0238910044555611	0.0245974781548715	0.0236000365698469	0.0229114808197205	0.0342954984367746	0.032246254852135	0.0339944097548508	0.0334638369562395	0.031220100712813	0.0331040196804521	0.0311933619187732	0.0324825176879617	0.0228009204019069	0.0242758769300343	0.0221216498854724	0.0228015527825864	0.0142689691320712	0.0128953583349156	0.012901086853631	0.0139345856793822	0.00974281444790003	0.00900948520452084	0.0078151799430105	0.00843252040456863
2025-02-26	0.0186511541893067	0.0174436941669957	0.0148677566307305	0.0180373950129671	0.0236876875721914	0.0308031507729585	0.0311648234815461	0.029344338173304	0.0364166074813631	0.040742105159117	0.040421108761381	0.0424201785981389	0.0641150100077437	0.0669297383182733	0.0644474454947864	0.0635078061791967	0.0822931156096948	0.0840376305647849	0.0816570871078493	0.0840121667176711	0.0895993806353062	0.0887412960462599	0.0889335235419302	0.0887257997765037	0.0865031933286003	0.0883706189900867	0.0845673108116078	0.0885588768697051	0.0707148077705329	0.0696318000329964	0.0666327984993976	0.0680205936970731	0.0453008577602558	0.0445775883820712	0.0477448693134391	0.0423766845442338	0.0302701256378249	0.0290294667960231	0.029760792308301	0.031939615257851	0.0261240174462004	0.0246258483391753	0.0249586000409066	0.0252915341737177	0.0302974184155236	0.03003730509114	0.027682322128063	0.0299829543652735	0.0320069290652931	0.031379194590018	0.0312394127561592	0.0293744635885297	0.0354630324629635	0.0388752832578221	0.0362631854562404	0.034398498822974	0.0465000688161577	0.0479133150674588	0.0447659159900942	0.0478207001262892	0.0502613280899718	0.0522054051738755	0.0519457853636001	0.0525874813725526	0.0591985546245126	0.0603119674157723	0.0595241462477372	0.0589653317119778	0.0704181955820213	0.0708365743306426	0.0712212447516385	0.0695239853356975	0.0700242747019351	0.0669298469857323	0.0676073420031422	0.0674385363091904	0.0541378021036447	0.0539721079344241	0.0530454427113779	0.0558446472505533	0.03797974995938	0.0371431208442967	0.0384148863103359	0.0404622428859874	0.025260373861229	0.0262832201629303	0.0271412348044156	0.0273151711714251	0.0199492181764762	0.0156703622233041	0.0191874424168753	0.0191929771833444	0.0178009651516875	0.0196557242420799	0.0172061251786753	0.0173371854275572
2025-02-27	0.0162938212689708	0.0156138721543169	0.0176696934938319	0.0164226130828805	0.0159364044113205	0.0145691721773641	0.0156319195409383	0.0158625038703772	0.0151960605641729	0.0149520741272907	0.0134256095138911	0.0144262557946453	0.0144100018120757	0.0106208200078252	0.0132746636843985	0.0116945144957006	0.0106500779423081	0.00880799731741023	0.011318215013274	0.0122237097270077	0.0108361094109274	0.0110667909018009	0.00516859919006715	0.00892850049720449	0.00593830449797451	0.0074603423012706	0.00789437252249633	0.00670698067825856	0.00372840783138076	0.00277698433309227	0.00427995902907462	0.00521464880645234	0.00184739739418207	0.00575614879698249	0.00304384851929166	0.00335260528954378	0.0101072134519624	0.00839867999516898	0.00761192106320685	0.00788218548966176	0.0167892635483819	0.0179195525626427	0.0179349510737631	0.0173562328152122	0.0271776358903907	0.0269011667206755	0.0242496641132923	0.0266715332756415	0.0329995065526054	0.0333485061818959	0.0328618438548311	0.0307901434106676	0.0347069475643745	0.0344720976790606	0.0345279092128788	0.0332930455436861	0.0359076243547849	0.0396510459900914	0.0346638579099755	0.0357774717451483	0.041804028630664	0.0433536875562656	0.0426524277204019	0.0411898560926685	0.0517861621644903	0.0512789541702328	0.052450560564372	0.0544843231009049	0.0546270364322607	0.059636854677063	0.0597709629900418	0.0589651459006345	0.0545800218784672	0.0546545951321408	0.0550137528565595	0.0547516301328324	0.0448273705759918	0.0456852630195002	0.0440723092217599	0.0464150571827481	0.0316137074340211	0.0322151284004436	0.0318203044066975	0.0303508597588378	0.0203498729388796	0.021073457230541	0.0182466871979915	0.0193299826325879	0.0134761538865137	0.0125400091417525	0.0118254640955408	0.010158372876193	0.00797260189267196	0.00626258485922328	0.00254539328258774	0.00721941996551701
2025-02-28	0.00383770639438088	0.00329493036405221	0.00596597295043289	0.00390139029113402	0.00666239517770196	0.00620115632808483	0.007796274519446	0.00634017397476721	0.0152307836323967	0.0133175000555554	0.0138224088934398	0.0156293074186081	0.0317676898109315	0.0269037758181569	0.0262774854512964	0.0260510489196151	0.0432788380838626	0.0433838433709464	0.0407280848036459	0.0416092337415451	0.0524196630028861	0.0531928229493283	0.0577299197745197	0.0526575942732659	0.0551138357907634	0.0551403988519739	0.0557579979620293	0.0519877673952334	0.048523073954842	0.0471571793540941	0.0479749361994989	0.048344810491565	0.0543470631335744	0.0551148112306204	0.0559414586388676	0.0555966669969375	0.0513591046257361	0.050279067707165	0.0522186002069251	0.0531432274601737	0.045331647282651	0.0460240174688453	0.0458211000140226	0.0458232352344811	0.0426918960391146	0.0424904301261473	0.0422733415222554	0.0425443323124827	0.0424234966775403	0.0440508579757283	0.0428237727552511	0.0427018725914804	0.0489930122803642	0.0496648262209053	0.0475959519100671	0.0457462095886634	0.0526392352597844	0.0578621272515157	0.0553274584810306	0.0541711790076694	0.0588983372883	0.0556309842618998	0.0535867780932368	0.0568839003565634	0.0657262233355442	0.0581490599646049	0.0594093516437646	0.0587153650560863	0.0681955742148085	0.0697256439842997	0.0693712102774178	0.0707075715234741	0.066854739095306	0.0656817419113056	0.0680871276410157	0.0693763913523727	0.0636858794484043	0.0608616558295467	0.0598255624970395	0.0666269022250096	0.0594794550202572	0.0601865088488401	0.0592029808843654	0.0611310552465373	0.0560203198079889	0.0576396684625568	0.0568455497500003	0.057494461979454	0.05761616097742	0.0532912399652706	0.0544975549129605	0.056595044144349	0.05726191839956	0.0576333170867121	0.0566599685136123	0.0574447960001156
2025-03-01	0.0673068170070416	0.0646595215231113	0.0667160567390188	0.0653176047308283	0.0787176534818306	0.0792086797124617	0.0796894169478798	0.0793842498578279	0.0910068907057879	0.0922515022087087	0.0916197793866534	0.09212182769885	0.102777593124368	0.103487144888597	0.104037933557482	0.102697328429553	0.115023277032595	0.118197336387691	0.115825365730283	0.115954020849432	0.127185899864048	0.13016656784489	0.128053337093663	0.129594195197399	0.131546181287462	0.130068321557838	0.130062507063631	0.130322990091069	0.13988402728184	0.140222063473444	0.13829170350363	0.140602205741086	0.15991548691031	0.162519730961966	0.161934403751235	0.160630378376489	0.153394398335831	0.155493051632904	0.155067144827744	0.154045405203522	0.132468696940311	0.133206103231577	0.132843941931691	0.134481257896421	0.112011076893661	0.11215671143493	0.110497383566951	0.112334828104458	0.093459757974497	0.0964626282787128	0.0935669541824746	0.0965106595643156	0.0906346715809175	0.0917167135131873	0.0911324940232334	0.0935161208826617	0.10067559773727	0.100393698432477	0.100088147510627	0.102842556319627	0.12421200256578	0.121756120785222	0.121874602502904	0.123157274146094	0.138536883398372	0.141212448593162	0.144189191627676	0.142061476380789	0.157534139107076	0.15653147770108	0.156485698138258	0.158448685053586	0.167788494111852	0.168276818104673	0.170854503140211	0.169080184643264	0.178432876168827	0.175683466413865	0.177171325308396	0.177712332108911	0.181982064884992	0.179593362914434	0.179717472213957	0.180707099986617	0.182807363412887	0.184113691693525	0.183920848498294	0.180158096395294	0.192713887309914	0.19062703829689	0.189573458094328	0.190085616298868	0.194632649223333	0.195424094087118	0.193403804142438	0.194539452547111
2025-03-02	0.197381211039016	0.194706673913913	0.192820171941818	0.196091943105253	0.198673782625297	0.197025401606544	0.19603411256749	0.197266703200669	0.202048707018157	0.202193070391992	0.201581047293862	0.199177175295989	0.193662852889931	0.191452538038391	0.198289558073618	0.195595050998061	0.189831355320136	0.18897762085328	0.189700049261892	0.188490974564693	0.201347613870931	0.203286986838936	0.202793837209168	0.200571562080965	0.20691942795535	0.205994494781288	0.206841072340086	0.207245004923277	0.201657156394461	0.203688831541034	0.203574949480262	0.206079062584243	0.196707404587937	0.19852795308515	0.198229778044628	0.197534864282286	0.200206544096812	0.202577353981777	0.201196946568115	0.202019155353296	0.213935223138184	0.212069577584899	0.216907111099931	0.212088088176986	0.222962505762765	0.223223408154216	0.22086871881258	0.221945367270438	0.229166422070315	0.230548240696761	0.229404748231078	0.227880589001846	0.232309297002191	0.230774054434922	0.233942565169907	0.22997408339298	0.231090125073737	0.231588758937332	0.230764151062569	0.229556964926361	0.227221429289613	0.227741888322421	0.227127010480947	0.227909671907019	0.220468934253461	0.221912822871465	0.221080287017554	0.220537955857519	0.21484952297685	0.212764797519294	0.215255283768669	0.218130395735187	0.210477706415312	0.210765702700208	0.215070881040521	0.208685709843958	0.205432542129658	0.205291861902608	0.20326758502153	0.205008010946203	0.199474063591048	0.199651710082348	0.20063014465971	0.201244081666893	0.19567302468328	0.196573430000554	0.196175480981155	0.196578064335012	0.201001885894913	0.19724840375771	0.197923302917333	0.195826407430044	0.208392248591376	0.208930228229527	0.208891195975519	0.206786327203579
2025-03-03	0.211409869113167	0.209971097326853	0.208227633543531	0.210391400016448	0.208311393316093	0.210318799214491	0.209791751606139	0.210578055863277	0.209096379758218	0.209492121495111	0.208362016367389	0.210049482379281	0.203347281424348	0.206996670563288	0.203681094781495	0.20597495323087	0.199554496193289	0.201397451539466	0.197350518303242	0.200697533964003	0.191944100007267	0.193823656038412	0.192822554294553	0.195409689659767	0.179231027542544	0.179908575155893	0.178851327327567	0.182009069973996	0.168835138422579	0.168753355452892	0.170137606182804	0.170273899941725	0.150429542770567	0.149951118140402	0.148682379866746	0.149936959222285	0.142584888266661	0.141126442375934	0.139730794057804	0.141557875299602	0.154090658629318	0.15338536850279	0.154970777065884	0.153553195802007	0.160967290399869	0.158655897124971	0.158803477651518	0.157573334823641	0.159946885538201	0.160145957894873	0.163290692395823	0.160616464171103	0.165473056126039	0.166727069032681	0.166527908403354	0.167271966437926	0.172238934653851	0.173281995911431	0.170413631841534	0.171065437593184	0.172936167301211	0.173064310840861	0.173476296403878	0.173523225454049	0.165143584732949	0.16751755936239	0.164694375917277	0.163644479987384	0.160670940322851	0.161506623466875	0.162324265176445	0.161498171033828	0.16074605947129	0.161281701810928	0.162847074915951	0.161125163801831	0.155500566519732	0.154662544858048	0.156127269728726	0.157709618893494	0.144611570918026	0.143245157438561	0.145854639179964	0.146288632463449	0.143398347838582	0.143856765077899	0.143793083411742	0.144951803671777	0.143327498012102	0.141076505460199	0.142809199513118	0.143786797014581	0.14260621494615	0.142901294009285	0.143496424471342	0.143996066573224
2025-03-04	0.146248721607906	0.146185928449162	0.145393034101655	0.148172315841277	0.147696798978944	0.152545830456466	0.149751632347468	0.149005738217122	0.153750145448148	0.151994132598362	0.156049676598283	0.150206045355208	0.154961056938529	0.153884630446929	0.154206643919365	0.154947668695176	0.157921452952758	0.158954753930857	0.157012255672419	0.159111537443966	0.162296945323527	0.159812155264005	0.162006041426206	0.163884857986263	0.161940613598587	0.163182989345787	0.169613291969456	0.16326310508617	0.166128461153971	0.164265152078025	0.164783686826481	0.165822699941524	0.176954273131756	0.171958354768694	0.172312340122519	0.174775031977031	0.168886215328499	0.170386348014919	0.172020931045141	0.167706505611442	0.16596813176165	0.163570480676789	0.16300063538233	0.16446075217923	0.164454705012739	0.162563050337688	0.15962962511108	0.161352619538493	0.162118116042428	0.159626998090239	0.161805258736997	0.160449627130335	0.161093341230437	0.161417478737268	0.161208557796287	0.160280622236007	0.16351800711746	0.162753124774558	0.164540289997812	0.16218857811017	0.165299570565261	0.165103308106528	0.164026429933556	0.164570691394654	0.162312369257164	0.161440269353577	0.158923563237826	0.159323798151433	0.157636690874512	0.155484116015416	0.15731512831265	0.155564064797421	0.160566892824618	0.161988308084631	0.160316413143151	0.161128385947601	0.162505667789961	0.162387632785965	0.163676022660792	0.163430676763282	0.159917213381034	0.161095265549723	0.163104392343122	0.160883128726121	0.159117357732473	0.15963790773222	0.157313005177201	0.159931729358105	0.155505933755697	0.157024858275694	0.156615415971857	0.155853791996752	0.150920111130441	0.15313931593328	0.153828369357387	0.152112203578891
2025-03-05	0.150910588351381	0.148214794567276	0.14804060573141	0.148834011349933	0.144080542086343	0.144127528138406	0.14482689970755	0.146965030067701	0.140723078993357	0.144702750078758	0.143868087386679	0.145706083541206	0.151636865690825	0.149255660485466	0.150401474050149	0.14870599977356	0.160085501334727	0.157776942856603	0.159288237086327	0.160849318722344	0.162155104309026	0.164768102849918	0.165698459194423	0.162378333646633	0.164662297238558	0.162449921358733	0.164478763303675	0.162409018099034	0.155899938033301	0.153708208607557	0.154043712173578	0.155348141185564	0.155214918010034	0.157461262183189	0.15567559232029	0.155648227486486	0.154395964652509	0.156089537679156	0.153881221045551	0.156633276622785	0.155159157183365	0.158052563813941	0.155414800825352	0.155373478177342	0.160329174998711	0.158576837672354	0.157549027648707	0.158544959680229	0.161130540507296	0.161272262137483	0.164196708527897	0.160400488827323	0.166697741013483	0.168802369314622	0.167573535445318	0.165926354226578	0.173287495275894	0.171571434474427	0.17171224760138	0.172428822648299	0.175245010810452	0.171937307850268	0.171545125253187	0.173272556086093	0.168288050433768	0.16970795213182	0.167151130868236	0.168852866566175	0.164977500218614	0.166396811789707	0.164894090720853	0.163731597270825	0.169627025432795	0.170661941520034	0.168408660515833	0.166302372531337	0.170624837705092	0.168800339261188	0.167340958907796	0.168233864125925	0.161157849398063	0.163212199108811	0.161351743523995	0.164278207969131	0.159681421029603	0.157952209743236	0.158171434883692	0.160194934343469	0.158988334697764	0.160290933659058	0.158850965871935	0.159869765771243	0.158493335457939	0.157498303307284	0.159731563761141	0.159276797473637
2025-03-06	0.162070244931446	0.161963404957236	0.16138945068196	0.160576899429359	0.157586552517596	0.157523078260536	0.159742384061204	0.155147985160664	0.161880293710311	0.163812621861986	0.164633494331669	0.163673590096033	0.172393281780659	0.17163956782258	0.171041895103959	0.171925255292802	0.177693518053199	0.17634242763248	0.178695640981042	0.178268413333278	0.178639382461276	0.179390300524316	0.176627569618144	0.179342747396265	0.182683277002784	0.18259967281693	0.18368389179437	0.183033158385916	0.170970540648777	0.172603633954434	0.173472943428542	0.172952881968246	0.18288798307745	0.186045001493041	0.184751956830924	0.183315058598586	0.197855521443917	0.197969972887552	0.19669581948029	0.199478686188241	0.203349360263555	0.20458602901383	0.205029214416829	0.206035396305785	0.204185147806596	0.206091089216408	0.203773095997335	0.205950666979661	0.202915679633965	0.201976826595234	0.205170339291036	0.201937154479766	0.202809208003027	0.203459666281917	0.201722990563046	0.20200813515201	0.202315688763832	0.202531905952846	0.204939200983409	0.205213204299913	0.201875608506094	0.205200487588478	0.200921211652449	0.202002692252979	0.194440633563447	0.193543696553308	0.194539257914344	0.189476411968901	0.180837064479009	0.181102131552886	0.183461222929538	0.179599581038567	0.183742949931163	0.18183170127441	0.183521531188663	0.183903817605764	0.176827776152763	0.173206161039705	0.177126528299848	0.177839534507684	0.170739931213499	0.172161391508452	0.172991913363135	0.171106763914914	0.163179301615627	0.163151224305057	0.165434096822211	0.164235377257105	0.15275026871331	0.155708163724786	0.152391018318051	0.154150549243853	0.147131109942383	0.147041900082665	0.148413649349341	0.147413340625611
2025-03-07	0.140644934370978	0.144389123661874	0.1407386341717	0.143227307795448	0.128027512229671	0.130279618138125	0.129277455280079	0.131415414352124	0.125471951084316	0.12570515559333	0.125493789065171	0.125329104257184	0.130152489449575	0.129860894264092	0.133206461313714	0.129780154972619	0.138500668538441	0.139882557407768	0.138010209019528	0.137606565034263	0.146390632442394	0.148181559262283	0.144549795750205	0.146878012545117	0.158288406182299	0.158162311167015	0.158466757529435	0.158082525121251	0.159675490310399	0.152583270293591	0.1574941087862	0.157247130609809	0.150733204665875	0.149774742722343	0.147196491183672	0.15129556142811	0.139986784350298	0.135107408576032	0.136136157792018	0.135769649281651	0.128489155271936	0.128973761324393	0.128069881272439	0.127467202131232	0.137569788167832	0.137328684287526	0.13707381143124	0.137027716113403	0.146993985004179	0.146611449860114	0.145755277636417	0.14463928749929	0.15678480274244	0.154133779591202	0.155858373057605	0.155223044608753	0.168717192541491	0.166717949906711	0.166200542540829	0.166364315010969	0.173978548170451	0.170315999277192	0.17487841275416	0.172827039798197	0.162689726783279	0.162726802652263	0.162345114907173	0.163238355657286	0.159382440634125	0.154398154311867	0.160852760055707	0.160366644998301	0.159761125412538	0.161878802700763	0.163214989092614	0.162145082794085	0.156001193845764	0.156798465998066	0.156168791355046	0.156031548801124	0.162663967926225	0.159493100410134	0.161766208777148	0.160076722886494	0.152695215678719	0.151335104368673	0.149209224642763	0.151760455309846	0.145630701084467	0.145089275393964	0.146140077163424	0.149139946358145	0.139624593454903	0.138485571496604	0.138134236331623	0.13575559871687
2025-03-08	0.128609094810893	0.130104083236127	0.127254947187869	0.131031874765111	0.130881895571154	0.13135017715168	0.129078792511243	0.131689134765923	0.130769667021705	0.133012270755042	0.129473411081132	0.131744651142121	0.120336790538418	0.120561333678903	0.12083296164937	0.122268914133309	0.113211147881873	0.112542994991719	0.110808046154376	0.110437810972032	0.109515692692252	0.108683354115273	0.109189433722261	0.108611519470214	0.105686272925356	0.104199022956127	0.106513825273921	0.105600878844596	0.10303349797566	0.106825615375978	0.104104038360987	0.104036848287375	0.125049740223976	0.123578107649144	0.121218561290921	0.12415359083596	0.133007927704098	0.132485944774657	0.132286321354426	0.133219806166819	0.133962615292956	0.133566246707042	0.135458766402877	0.135012371597125	0.136300153692846	0.138717414098552	0.138446666814766	0.138535765393836	0.140892403599936	0.144783074519207	0.143552464689174	0.144772057191683	0.15147632145939	0.152804217192113	0.151257614318577	0.15146184702992	0.164750404085495	0.165461196959815	0.167047373044719	0.162741025909972	0.177483949729901	0.176952504475559	0.176399607990574	0.177163937803967	0.177724447708783	0.178216188398265	0.180845627786891	0.180213736106061	0.171947956861161	0.17249141012766	0.172975314756537	0.174585318254642	0.191867428477976	0.192642745280207	0.194548220365741	0.192941605876076	0.201772665439186	0.202425925614231	0.204113219300292	0.203688189646292	0.20854005291421	0.2067623721162	0.207274973879132	0.206422601090459	0.209603115055125	0.214945183795117	0.214017108615401	0.215434592534358	0.218406146068297	0.216652110275609	0.218960813776697	0.217980929879397	0.205947563737965	0.204586598570793	0.205796021401291	0.205669816289951
2025-03-09	0.181617832971156	0.181656009684401	0.182131164795744	0.183594992548699	0.180752214294839	0.180950058109961	0.179468440030072	0.180829287565128	0.19756338540972	0.198344598563871	0.195624550677701	0.193467465348709	0.206766373161938	0.208620895840539	0.206750991874726	0.205861739122797	0.19611908898872	0.193731872415241	0.19570733732214	0.194441701273899	0.172722989060423	0.17039748959864	0.171232785958493	0.169646735382445	0.164802985515138	0.163059257438202	0.161961867207139	0.165175889839521	0.181529908409788	0.179909778161365	0.181113313656787	0.18144699977206	0.17880841580472	0.178292821783811	0.176807631811462	0.177091130600007	0.158738854204881	0.156348699496659	0.157408065617494	0.158504380680967	0.116084585951513	0.116025924792625	0.115210229943986	0.117679259311877	0.089265168297002	0.0900257896442984	0.0903831184918441	0.0883259235668555	0.0859338673528211	0.0849363262468291	0.0868009943598645	0.0853288120404853	0.0951239040738071	0.0951510961779617	0.0972204143742468	0.0945045853739844	0.103903540641785	0.104264429835858	0.102544578689247	0.10228745083311	0.110991594645932	0.109566015201839	0.110587201092946	0.110855189059284	0.115385188866399	0.113991061455872	0.114456657144759	0.11316709253297	0.118054252178085	0.11903224620028	0.116562694758046	0.117350806863588	0.118046388503368	0.11806595594171	0.116463318514536	0.117424337040385	0.0983441577691888	0.0985219696294042	0.0988249340542117	0.0993089385471953	0.0783740098934443	0.0780256529408725	0.0784165040919388	0.0771838330737445	0.0522855935103016	0.0478147277758997	0.0478971514586727	0.0510025272551261	0.0257309335987948	0.0245932765167831	0.0247304455007612	0.0239453443836608	0.0150689941634961	0.0137428554168475	0.0145373199733353	0.0146508304463211
2025-03-10	0.0104171242639449	0.0106378409510048	0.0127083310022089	0.0112367037828413	0.0102385810249174	0.0132434837344399	0.0125215015372552	0.0109964337033875	0.00931508178344601	0.0111899916449761	0.0108926018171842	0.00960232475439372	0.0106407478652642	0.0119746029489646	0.0131888914907017	0.0111957576950696	0.0131278180778261	0.0119853824912726	0.0127820434966764	0.0131047559342249	0.0130207245360531	0.016122238929595	0.00989018370134463	0.0149668528330073	0.0138733709696295	0.0175683504378785	0.0146052041789021	0.0139530744135899	0.0173433213512799	0.0172303419028441	0.0152972050626725	0.0171291316832035	0.029192648961163	0.0296243044792952	0.0297907627947954	0.0293922837647464	0.0600885534700619	0.0610689200706673	0.0606225224045546	0.0592200040547161	0.0747730138360691	0.0737205776567737	0.0768534050240198	0.0746530034831374	0.0630014885521018	0.0623359578043202	0.0638865376702778	0.0617760159733002	0.0335238164474263	0.0325150170441142	0.0334536947402721	0.0325074717681874	0.0169124148092155	0.0135598930038898	0.0160068380400796	0.0145208541468151	0.0152781353788603	0.011131341570377	0.0149567317396528	0.0156337913111099	0.0182445824348199	0.0168768324463658	0.0172584534471481	0.0116201316716662	0.0162180498497899	0.0145441370016183	0.016904724649822	0.0173330884987698	0.0218906948162253	0.0199325591645215	0.0197360850809278	0.0214406609383254	0.0284906556283389	0.0305678214620027	0.0289158185222309	0.0300257043874274	0.0312326208445655	0.0332820089508666	0.032925839805924	0.033559530398644	0.0359129576792514	0.0376957767669209	0.0341406342994822	0.0352506312543455	0.0477518041886323	0.0473928712226381	0.0499070289424272	0.0499482956463025	0.0579413845402723	0.056663343309636	0.0556311152153792	0.0567641569347125	0.0438699793330819	0.0434327762609656	0.0420747092647397	0.0446225351412127
2025-03-11	0.0292942145456082	0.0309390410534823	0.0272243291710561	0.0275424152298534	0.0226886754414979	0.0226391839407999	0.0242932566171207	0.0203788840005815	0.0127324365014266	0.0164542153856224	0.0145016763617466	0.0133116717512044	0.00834463998896813	0.0101535206885255	0.00616669277570052	0.00733514654680587	0.00883221470266242	0.00898703358582986	0.00813523538003721	0.00804551633147051	0.0111257899696485	0.012327768411216	0.0115133796003895	0.015033062018746	0.0215812298743904	0.0187105702124154	0.0198280316280325	0.0198801682851618	0.0296929489761711	0.0304752044563561	0.0289675144081661	0.0238643321593067	0.0404009361797256	0.0377695907388568	0.037756098380838	0.0390733747005795	0.0501248707247526	0.0499687834295374	0.0515571561823666	0.0513491896633433	0.0731014046722203	0.0709593059126553	0.0723946503400722	0.0715446390750522	0.0907284280208776	0.0885311515364856	0.0893404584994415	0.0883999619431952	0.104799783836644	0.105736453352912	0.107763291196555	0.104700471613889	0.122164077172019	0.122910946302601	0.123378703293995	0.125546273231386	0.127324477138562	0.125930018647718	0.125629699076791	0.127115805136929	0.115476653137641	0.113439859921355	0.115701648765281	0.114381838175723	0.0888504194982609	0.0897833929436154	0.0881336233082736	0.0882325642498501	0.064544082976723	0.0657667960522844	0.0654312993284842	0.0682578216425084	0.0508499591134698	0.0506193442076348	0.0513400265617375	0.0541906701171579	0.0368567369120206	0.0398907577058278	0.0391682382435918	0.0390842671385598	0.0270612334891864	0.0249278523610741	0.025892466138652	0.0261184480110875	0.0167278340657504	0.0166353115120063	0.0139929184172814	0.0166439360049619	0.0106681535301162	0.0122362595121144	0.0115180182575386	0.0105775687002308	0.0112859521404131	0.0114549616707855	0.0111653530629716	0.0120937331258297
2025-03-12	0.0135447302990573	0.011314564308864	0.0137679446515836	0.0123727607404952	0.0161654493423239	0.0151920363576662	0.0164932554952095	0.0131492588048004	0.0200928005176893	0.0208647824450681	0.0190098851919517	0.0200325318452908	0.0315638111437691	0.028520414010777	0.0309134588251927	0.0290023160202612	0.0435824169044627	0.0474286188359033	0.0436758738235234	0.0433130904361106	0.0584737220933181	0.0560995419506513	0.0566742367266099	0.0577524992294206	0.06530512904366	0.0616652537317154	0.0614554756710853	0.0625741415535394	0.0474751376908871	0.0491696428329897	0.0503362231827549	0.0500189962933683	0.0264289169882602	0.0285390072444403	0.027741036285412	0.0262910394818875	0.0132386084584363	0.0163311285369899	0.0152780936984541	0.0141521693061197	0.00742950798050367	0.00619166653443874	0.00576573203878022	0.00661309344627738	0.00522002598118886	0.00408500468514104	0.00520332655107111	0.00749164278259899	0.0201894255639697	0.0222177366410249	0.0203465926690588	0.0212462451259466	0.0365238995302424	0.0363233072567759	0.0365773416191545	0.0385754515938271	0.0536973516371872	0.0530840948665462	0.0517666628350886	0.052451890661178	0.0657602890144746	0.0681111598031158	0.0655466685124194	0.0655818826699902	0.078152571268571	0.0778362679267418	0.0803306765228794	0.0786804842818077	0.109225314941188	0.108694923630964	0.10638398060932	0.107695780818528	0.127321277824953	0.126866386959473	0.127032502763301	0.127779832452274	0.130490177440557	0.131067187452449	0.13142961090083	0.131013024206164	0.132111463549899	0.13254440758453	0.131003861403801	0.13134026746177	0.122584038519474	0.121608019084196	0.119850488581735	0.117957453814595	0.0984012374266152	0.0976376703432883	0.0986814447808586	0.0982796474492379	0.0732057484689095	0.0729884713380446	0.0747536672609229	0.073052112932123
2025-03-13	0.0535746956682313	0.0542769084999113	0.0525423043674373	0.0546060914644201	0.0428460192105862	0.0403502489929976	0.0419833059653131	0.0418204258311032	0.0306960020670917	0.0337596961126106	0.0334024608174835	0.0341418410028141	0.0286140767756291	0.0275585814275868	0.0268834698871122	0.0289438719096719	0.0246555259565512	0.0250145314984718	0.0248478908609837	0.0264820516839933	0.0263849819525677	0.0277454976979202	0.0253862673701849	0.0224832529793272	0.029841282181909	0.030287049680325	0.0291389493190447	0.0287327188187212	0.0252247845890842	0.0288218635604509	0.0263152827444486	0.0266380691060163	0.00889801837046711	0.0115528339516813	0.0135389491965024	0.0110101984813492	0.0175382988511565	0.0162744768070637	0.0165468214395325	0.0176404029022473	0.017572876056536	0.0196110543670092	0.0207418817865732	0.0200741877898817	0.0229783892519751	0.0231869550440618	0.0208080560308077	0.0220265996731554	0.0289500535401187	0.027412508093717	0.0293403509962175	0.0282970873699468	0.0365600941969033	0.0368750626078203	0.0405752326530756	0.0359896105422007	0.0487679428288439	0.0494315739771392	0.0513379191388767	0.0484625640551402	0.0667915410403721	0.0644365443239611	0.0662460479375679	0.0665258666980989	0.0883997299704019	0.0858893898334928	0.0858385437591689	0.0858723364369364	0.101961091322988	0.102823371115036	0.101577025410988	0.102638512150988	0.122773270064957	0.127679256690198	0.123331425334013	0.124216047910832	0.148744196267077	0.141358978512371	0.150100445813823	0.149796379406729	0.154640992072947	0.156503980392859	0.153082740737094	0.1557722867971	0.172116372271165	0.173241382839654	0.173626616666897	0.174015628222284	0.181862725784688	0.184194252612197	0.184346204171291	0.183596817431824	0.198038006858183	0.196243017072855	0.195578800482209	0.196140175586753
2025-03-14	0.18833325479015	0.188272747312128	0.186828537523751	0.187565460373971	0.169039015676692	0.168803173104357	0.168864949609913	0.169292861609038	0.145294199860241	0.145317239055645	0.145189724873491	0.146198836210623	0.146414145976176	0.147025900512597	0.146870596672811	0.145689356838415	0.155361700435672	0.155199889938165	0.155755452934628	0.155682956691534	0.155404163762205	0.153093682085546	0.156679570403874	0.153822583748376	0.147117236045862	0.146681677509857	0.146057424004139	0.147143662440141	0.133628932104141	0.133982936236572	0.13530194773234	0.135086183926947	0.114660249896405	0.114668871495727	0.113595654066552	0.115075224541316	0.0846084425629874	0.0848363493231524	0.0864132409280606	0.0861419671857997	0.0665137146502125	0.0672919382163349	0.0647124999535898	0.0654818471798628	0.0589544224754337	0.0572089885464097	0.0571952181691442	0.0566413708090124	0.0549530769878193	0.0547355559884492	0.053812949967133	0.0564984170565985	0.0556667914523074	0.0554307179556375	0.0578208461762573	0.0540816444157978	0.0573096496188287	0.0562071415255313	0.0589137676494998	0.0575694412061403	0.0542730466345002	0.054368462173919	0.0538841368541823	0.0574743543373984	0.0517812633344432	0.0506752231350391	0.0514181897218779	0.0481253238086398	0.0471623330183483	0.0485185111367761	0.0457445822292017	0.046574573615674	0.0397208386246051	0.0392942612564118	0.04383797494149	0.0411469251774931	0.0342092398264794	0.0352710830885097	0.0372389386834443	0.0362807384015665	0.0347696046506173	0.0338842207460007	0.0328722003269407	0.0364739742764413	0.0340456231699914	0.0347140173718289	0.0334776662357431	0.0327626932224366	0.0272273201319476	0.0260357353191562	0.0258279158772578	0.0279090286716384	0.0218890832338546	0.0221766370124867	0.0205137221288279	0.0204205576248308
2025-03-15	0.0188417587875919	0.019260461820943	0.018079847919297	0.0188179314721682	0.0172884019499702	0.018012192903483	0.0159109713635631	0.0167884337829836	0.0147179652505999	0.0130125896156986	0.0125941311018642	0.0136753140318373	0.011369587966359	0.0150076847810465	0.00760263785716232	0.0150200893954321	0.0144235187803645	0.0151294188482553	0.0133263729121551	0.015120689459225	0.0165201731252646	0.0211231443886894	0.0163292016732444	0.0150274808128016	0.0230667800481133	0.0220905214332731	0.0211815148319721	0.0236611836866415	0.028056533931968	0.0290750123647907	0.0260191074450507	0.0288493462581906	0.0376301145776529	0.035851138755474	0.0356609827784849	0.0368577638883881	0.0423689989448196	0.0412314105088278	0.0442606175743495	0.0421389729720031	0.0463640781209737	0.0470386392961935	0.0451820604497978	0.047415222133035	0.0515113617824877	0.0517977385085016	0.0509338310255936	0.053757068683417	0.0621929719833876	0.0601867450606385	0.0596061719684577	0.0610141109875162	0.0692124750279064	0.0701577806627803	0.0757821529228453	0.069847591386468	0.0800041106793178	0.0812912352242548	0.0785770240911501	0.0791276300052773	0.0914867569696377	0.0903518504128448	0.0922238877786492	0.0929375048388683	0.109183134273506	0.107160704994876	0.107825225325819	0.105830935405799	0.134991955215403	0.131596147246696	0.131984903777648	0.133426993760253	0.141742102310019	0.140518055551751	0.139493378903103	0.139246463235127	0.144744824639158	0.143005802908748	0.143186376821123	0.144062995630971	0.114954832086254	0.118352129663181	0.118352717600672	0.119340320649892	0.0844258620492617	0.0824015083060279	0.08211931676719	0.0830533128775204	0.0561135122047494	0.0571397508353865	0.0548487699421617	0.0578979670177024	0.0425882089083094	0.0436534383044468	0.0425621976025143	0.0421961551847295
2025-03-16	0.0341856248527227	0.0310693568195137	0.0315202119718713	0.0312248063558923	0.023469466097435	0.0218008750830621	0.0237236583891085	0.0230060004303944	0.0171417086827466	0.0171549047043139	0.0172051248682069	0.0164982617447326	0.0175605645335005	0.0139069492734633	0.0136682078132251	0.0128642783798112	0.0136395090620944	0.0137572745844095	0.0137568332154248	0.0118463831380713	0.0153229081757747	0.0160302288263697	0.0146988773748185	0.0159479856230371	0.015110934677761	0.0147695130305583	0.0170722887633322	0.0180472635283485	0.00974092215527629	0.00901714760989501	0.00812291173123557	0.00911901850359314	0.00160917609377586	0.00279528030845289	0.00132055581858915	0.0022749877791821	0.00192032187719591	0.00373106234008855	0.00373630959061527	0.00361230619210027	0.00565025836068584	0.00528279031627159	0.00549838452670706	0.00756856679633551	0.0116834840749071	0.0099424207731234	0.0132284007924702	0.0121456943594993	0.0184084539913678	0.0178286835058914	0.0190717608237927	0.0206911016789481	0.0265916653957743	0.024515457004326	0.027740505336564	0.0281523722633357	0.0346302587890948	0.0337679862498292	0.0348512138246112	0.0327505411364647	0.0276651460016878	0.0278067647641591	0.0280511901977819	0.0274768990363712	0.0113865922911848	0.0115052967254741	0.0104791885444947	0.00962892243884648	0.000687453826895749	0.00042629262128492	1.24193583510026e-05	0.00287383419346833	0.00116494474234263	0.0027001187032101	0.0036333603277095	0.00250157622673777	0.012559632770088	0.010568967829877	0.0106162566588568	0.0112551427411782	0.0264715248098715	0.0282592212259445	0.0274922229066058	0.0257770310575782	0.0406827643028844	0.0449988480732715	0.0413349546600435	0.0419834329638006	0.0540140043637055	0.0528848335175925	0.0528200804172515	0.0522810817014506	0.0603063367415085	0.0605473810981382	0.0579007472424229	0.0622455349179303
2025-03-17	0.0677886638875289	0.0667032372397939	0.0673837558129295	0.0671243430597478	0.0800878401278798	0.0793019272774286	0.0779398481891942	0.0786703844054974	0.0936989490466406	0.0926220621721323	0.0937360511530225	0.0919429376282047	0.095795639416919	0.0941836372603699	0.0943203251941011	0.0907003981286101	0.085978798033023	0.0868237500309313	0.0858043450037758	0.0903931069322699	0.0790696098418046	0.0808699424655078	0.0798004464855844	0.0812600012071033	0.0726198679213688	0.0718527923899598	0.0719794037528305	0.0725479359358408	0.0570400159643737	0.0554749502151283	0.0587149283923817	0.0527701054281163	0.0348204062159978	0.0359433621957954	0.0351843600750613	0.0350518715131455	0.0170968750740341	0.0184422685370481	0.018800432839833	0.0166604235490847	0.00631770397134225	0.00603734760958532	0.00414512046060711	0.00649982795846531	0.00245577820694556	0.000206636646709567	0.000603735007174253	0.000733850139170617	0.000515139030066551	0.00123121813564537	0.000194708172011111	5.89346622769667e-05	0.000512969163808492	0.000811236350728105	0.000246072455239394	0.000429722030224009	0.000270947538417661	0.00148375907768174	0.000636824686627026	0.000608468697273569	0.0060006512015546	0.00635917217851048	0.00860939588735231	0.00803078073258261	0.0198950155497227	0.0218295156232168	0.0206836975120676	0.021591771314993	0.0329410636917986	0.0301038022446493	0.0319696577800428	0.0319854762835092	0.0281237551349965	0.0260199383823482	0.0278573631253835	0.0259989433572718	0.0120995939735333	0.0152876814606308	0.0152863989588582	0.0163263256069778	0.00477722867197139	0.00620552784946935	0.00971538789235045	0.0043018555862088	0.000502124912339631	0.00476552909313442	0.000615599086322436	0.000116746908203511	0.00156167147363595	0.000608893567019618	0.00253727291701434	0.000292162042330095	0.00238651468053609	0.00291737585357014	0.00216914491072968	0.000526964555164078
2025-03-18	0.00132592382216386	0.00111235003061883	0.00383782661610439	0.00172389953111292	0.00165661871672613	0.00328479349521556	0.00273432065596425	0.00132426713209406	0.00573524461578175	0.00579194250483088	0.00610446372073546	0.00836834915865191	0.0176916752660341	0.0190239161034381	0.0171939854986296	0.0170904231318982	0.0369300493133634	0.0350149903224964	0.0342786928346851	0.0347762675294551	0.0604305941260879	0.0602510419924667	0.0601644388910547	0.0631539249903908	0.0901535301421548	0.092115382827798	0.0930674628591666	0.0936636241708805	0.109049730883081	0.108334151544957	0.108631666056733	0.108984451515229	0.121081678777331	0.121822860987191	0.118642838412525	0.120452621822954	0.128634439293093	0.128419752198411	0.128139290319173	0.127806518189324	0.137448529953201	0.132316276615829	0.13796348070175	0.136271712729219	0.144257735010926	0.144477235011548	0.143649781710589	0.142615248266937	0.150620830594731	0.152011342021433	0.153148701061652	0.149219126322184	0.154385213107931	0.154288712623699	0.155542420620448	0.155783653647921	0.151748809052791	0.152630239627773	0.148090014119184	0.150530937200252	0.140720356633915	0.137823270103645	0.137832492413715	0.140623880848725	0.124029701008477	0.125129595825873	0.125801650687669	0.122039052477981	0.118877696272132	0.121945463168548	0.121731469935232	0.121445370624088	0.146910769061188	0.144131443937399	0.145642882927288	0.146314904074124	0.161268018050878	0.161867109653611	0.161806641811757	0.157058230483754	0.159188874296139	0.161365891819353	0.161652217596367	0.16179301628814	0.153120992786365	0.152291405109989	0.154921294329595	0.152666307774051	0.140783988394181	0.143060422347365	0.141128342408533	0.141027246849921	0.139917175156542	0.137391923559806	0.137285674521673	0.139405226761979
2025-03-19	0.127571717287174	0.128203159411685	0.128245825647804	0.127979297653336	0.115179944570834	0.116409126006084	0.115738963234475	0.117671966188607	0.109445006333017	0.111023265990486	0.111269775273874	0.110261952402623	0.109615125318562	0.114192951269096	0.10963154605094	0.110560377361403	0.112079361536062	0.111118266852921	0.111491098079642	0.112311273531375	0.11658734316445	0.114136528086143	0.11573804802736	0.118538080722047	0.119093573223499	0.116631982153701	0.118414938493717	0.116859506129083	0.116117556324417	0.119807349438534	0.120947860252107	0.119127233984942	0.153227507181187	0.151925575192464	0.15299566322313	0.150851254403219	0.181903865171476	0.17840352262829	0.178610998131144	0.17908161406909	0.185767506583186	0.186302464332629	0.18576713814127	0.185162890942916	0.194106619216242	0.195518197610482	0.194840528280501	0.193534654892775	0.202872358250208	0.200353493476157	0.203308501600599	0.203465646673036	0.204679206660078	0.205253895333083	0.204256832949189	0.205810065057651	0.205021480454484	0.205731164610026	0.205741364532498	0.205505990402992	0.19783722424362	0.198321485818727	0.199149605710741	0.199691684226912	0.189322380968128	0.188453949338578	0.189179994045836	0.189043675647459	0.187991376963933	0.189768029061997	0.189971279133757	0.190269314840313	0.18919337516285	0.188297051736426	0.191618920594666	0.186890652506058	0.186025217097001	0.18841525662976	0.187058533998314	0.183500992274925	0.181522455919706	0.179393250100789	0.179575116624642	0.176509177354863	0.164703943819493	0.164104272338381	0.162923633008253	0.163268150833872	0.153962453794255	0.155073060243102	0.154989462280186	0.154975023682457	0.147778433122445	0.146953108409898	0.148314893406657	0.147953565060999
2025-03-20	0.153976075645216	0.154513262126508	0.154892889907941	0.157617772320335	0.15633558406399	0.15853372318139	0.15798073989204	0.15714995286258	0.145392271969609	0.1443671454834	0.147172693219701	0.14606788932729	0.146133930387652	0.14635084978656	0.14717339090234	0.146341828923447	0.162449595179008	0.162006985304634	0.162148177379455	0.160395242136903	0.174856525839876	0.17324708201312	0.173031117190345	0.173865274956659	0.180129117679883	0.180823580478818	0.180112596111169	0.178934705730129	0.18415063492925	0.185864330018279	0.186793712729009	0.188191322323462	0.18876244025949	0.193973640553237	0.191157447221361	0.190106471965912	0.199394550430053	0.195513600777224	0.198441364748735	0.195650484043988	0.196918690630821	0.198662114678318	0.197609910428287	0.197809284262574	0.193455746593936	0.192561035476354	0.192858499929582	0.194124718000128	0.184479019419082	0.189332127108506	0.188440482790652	0.18974837068176	0.185950440252432	0.187601714598083	0.188987534680544	0.187460310468941	0.193867796906268	0.190037421420489	0.194976151992025	0.194118629681218	0.196262902074809	0.197682290055114	0.198577756713532	0.196477051156545	0.194942308130854	0.194211406689439	0.194696313849798	0.194149971329908	0.189659784602223	0.190065990080544	0.188968698051348	0.189305527265885	0.192504860697381	0.191003357455193	0.193606470002092	0.193885311845335	0.204330764649981	0.203123960275239	0.204307838461262	0.204237436613518	0.210254943805371	0.209518618877181	0.211594777558895	0.207631659758553	0.205150316981105	0.204455146761836	0.202448851145733	0.204945685111326	0.193988414712353	0.197200128104022	0.19587840451088	0.193933052672745	0.189788111887786	0.190432663140152	0.191772717538627	0.191006507433436
2025-03-21	0.194870123460535	0.19546517305739	0.192013300371012	0.189651403111063	0.197168729920574	0.199430270753372	0.19477666346676	0.196624335859294	0.197171465825314	0.198912871062815	0.199401201101313	0.200514462010558	0.20494018379343	0.202390395494885	0.200501221594186	0.204168199117499	0.209243269280974	0.208043540905488	0.206343747447479	0.207369442366059	0.207080992355309	0.209371182361824	0.208126282824671	0.208421542458197	0.202701669303234	0.200936787932197	0.20399679119024	0.201364751574329	0.182727465101422	0.183395870062386	0.18335397314688	0.182522691689312	0.137023824842455	0.136793863331357	0.136358973141878	0.135823338684311	0.0861104828632423	0.0861634485866596	0.084222734525568	0.0845033340245301	0.0579929729182543	0.0605725101121871	0.0581559856701699	0.0592785312993887	0.113787716452273	0.117074472566338	0.118128302198158	0.11500950878323	0.17865781706045	0.180447283402767	0.177279040920621	0.177615858616162	0.178262285243541	0.176384776796775	0.176089087463296	0.174263850496388	0.208536811256093	0.207610642677496	0.210483733703673	0.208368812362738	0.214731029700734	0.21444368991978	0.213004977632317	0.21382030274717	0.198114523220038	0.197388233922808	0.196094478006437	0.197402764850717	0.178551752646984	0.17863100832271	0.177541946736514	0.178275292293792	0.168172501296557	0.167524293809608	0.169717365592938	0.171585839300898	0.147941480997405	0.149532374574318	0.144228283581565	0.148297860846712	0.132418082716822	0.133831143966562	0.133557692079136	0.13219308123748	0.11765130569652	0.117276768437596	0.11537615265363	0.115695773212255	0.0959145879870952	0.0954471557185472	0.0962121875372224	0.0964260687571352	0.0745501295206954	0.0741290423461853	0.0766457708111307	0.0746750573219885
2025-03-22	0.0613772231778237	0.0605738097144982	0.0612668173440348	0.0667821497636434	0.0535221392380371	0.0537339038963865	0.0511556282010635	0.0525883286645129	0.0491693906407583	0.051191937636159	0.047968501619524	0.0506701701035587	0.0524834887897235	0.0518489264035849	0.051208272575085	0.0504593122316066	0.0636528473774932	0.0617811228372734	0.0617911383888845	0.0637748913963489	0.0854319419656655	0.0871077799176774	0.0864877679074465	0.0859725102092107	0.103707792114086	0.103804850837385	0.104141235879602	0.103346121168927	0.119283966640494	0.116702723590087	0.117704762459695	0.119308547309723	0.139492276903464	0.138905130482163	0.141812052349217	0.139790540265156	0.142975345793873	0.143351838378326	0.144307865079309	0.143364950748492	0.142111054051439	0.143078933812487	0.140901146979318	0.141908865156756	0.140713402435839	0.140812651507713	0.139642249363895	0.141831696692553	0.150074729972364	0.152524674909151	0.152135795559269	0.150264799559216	0.171186118856243	0.168268504882489	0.170900559297612	0.171644816963656	0.188189196379085	0.186257727768452	0.186253119068811	0.189299956783652	0.192572595656631	0.191111197495362	0.192613569909886	0.189702636938121	0.175556199731446	0.17871449797842	0.17489222638387	0.175837075906264	0.155207266660939	0.155551539362132	0.156421194408774	0.154819999568154	0.139810179183655	0.138572604394713	0.137870812151792	0.138746404269841	0.102848242286455	0.103803885177002	0.0999248739444947	0.102422998592049	0.0675404310324491	0.0693398916939491	0.0705957280007276	0.0705239492728743	0.0570742490447916	0.0580577833231029	0.0596762885204359	0.0591916791116697	0.0529664409910549	0.0534873149912946	0.0533772808813394	0.0531689631363111	0.0344497961838323	0.0356417071259126	0.0369278576341397	0.0349806390561154
2025-03-23	0.0256597788548197	0.0271083790583436	0.0276358165993223	0.0205960254875144	0.0188552870107159	0.015199579127109	0.0175416041416525	0.0164035297205226	0.00549837837754086	0.00621433429233019	0.00712725004564341	0.00416003728448554	0.00499375972422596	0.00570732950578147	0.0076007627613858	0.00469814800860677	0.0175917886060418	0.0211858529873829	0.020959938262324	0.0182624201442513	0.0397725406996821	0.0418846779153053	0.0398165382343526	0.03952624315066	0.0555759786330028	0.0538472917996374	0.0547698065930115	0.0548069229743483	0.0620970495479913	0.0578510261178094	0.0589031204620971	0.0591488038721022	0.069799639940055	0.0717321915844888	0.068351892468257	0.0701162760071992	0.0684705791033331	0.072770793529288	0.0695835002547147	0.0691751271126642	0.0601181629553064	0.0581856441714857	0.0609042787797232	0.0617919140934847	0.0477174123224826	0.0491889743396206	0.0460115429311999	0.0450820704066969	0.0348261248076162	0.0350428553213021	0.0347496340449067	0.035381385826175	0.0277756395471554	0.0295727180389036	0.0276706658721306	0.0279809765418105	0.0231976163762576	0.0243086676675282	0.0263583400463445	0.0271353759098697	0.0251376804122462	0.0266487768211278	0.0239417104521893	0.0232718323144366	0.0286227888466664	0.0252488845673469	0.0275569454512342	0.0255713811347524	0.0312554899694187	0.0310340817146123	0.031093035557122	0.030617392758847	0.0332865346423634	0.0350651760226351	0.0347290417571304	0.036919247577871	0.0337247651651482	0.0321209838555298	0.0309607597316251	0.031193491247697	0.0251445633091635	0.0252571019710818	0.0246388633941597	0.023959471325595	0.0122492908431	0.0114087119461101	0.0122872216891918	0.0120547755215981	0.0154186126169193	0.017907727465661	0.0156738593030067	0.014999800614413	0.0229349343699464	0.0215465189333768	0.0210211813223588	0.0174973653743181
2025-03-24	0.0250920746896485	0.0255841998899828	0.0241298727758247	0.0231938526445441	0.0315087113264746	0.0313412214165775	0.0310737853405947	0.0290762819163531	0.0365617851878699	0.0377558057291299	0.0397457966247967	0.0389366124582035	0.0403471309691064	0.0376318895174855	0.0353342845678435	0.0376866949455646	0.028384194094228	0.0280009771681222	0.0292383881227117	0.0283764406149381	0.0191612210534541	0.0200868699484641	0.0208318650816045	0.0169200439164773	0.0118568207179633	0.0126911583967465	0.00998296347983407	0.0114690574054561	0.0107151744009024	0.011057382751188	0.0114955069370753	0.0147319359108344	0.0140894590328528	0.0132486960634538	0.0155089378746995	0.0161529070289939	0.0139178534921358	0.0141990971542768	0.0190132068195511	0.0148698425340363	0.0134325843808734	0.0133243560067608	0.0134760939206909	0.0137669656916749	0.0105970734360292	0.00850117604454392	0.00842686484901782	0.00647488567040905	0.00510567519042007	0.00454684367169897	0.00862296502485183	0.00672451611302914	0.0116535855223429	0.0147671565902948	0.00953496423331139	0.0120442936540509	0.0194299700274788	0.0181059820229287	0.0195088432338122	0.0179552047157804	0.0215949624041228	0.026219340749621	0.0226851249367484	0.0225005719095079	0.0224270899330865	0.0233285773686544	0.0230062494405337	0.0242380832577254	0.0249757622733717	0.0236719429282297	0.0279999189080755	0.0233523758903231	0.0267714180767741	0.0277794470024619	0.0275709555184581	0.0298781794023059	0.0286852758399866	0.025397432992283	0.027263930874371	0.0256533602933593	0.0265869406292974	0.0279529390264141	0.0252895749256445	0.026170545418644	0.0294844448474827	0.0308974677736106	0.0313328915084377	0.028285195870469	0.0328865256106252	0.0340496958858794	0.0349008762759626	0.0331629022275329	0.0363615685910487	0.0350145796490705	0.0357101910340492	0.0339136607258316
2025-03-25	0.0295554897634282	0.03234737879717	0.0316922010000353	0.0324049304393666	0.0278660211470266	0.0287365029540215	0.0267381376915023	0.0276593382074496	0.0228551422944196	0.0260769487295937	0.0220411845572708	0.0240267244187158	0.0197420419272182	0.0210709370063588	0.0203415538260938	0.0168454672403292	0.0130834823993658	0.0138496743466683	0.0184282766541949	0.013638566599771	0.0116775608610964	0.0121333477020295	0.0105874249342498	0.0126016665026243	0.0109507218898951	0.0103118509323258	0.0105284925268836	0.0112089346508954	0.00943224389762065	0.00937178360734974	0.00894750228476962	0.00624847021026	0.00687785772122849	0.00450914874087122	0.00807824796236465	0.0105347455755356	0.00769733730893815	0.00536165285373517	0.00833175299425254	0.00660925684307414	0.00241605375362112	0.00112394056254371	0.00453640692645188	0.00292359875738329	0.000892911658621494	0.00184977032740172	0.00107330960959098	0.00118400840438581	0.00287050067727024	0.00227297252347758	0.00083492063655965	0.00202160616269253	0.00181952307563091	0.00246530579785154	0.00446931667579124	0.00224585445072631	0.00561299044723592	0.00505737145169223	0.00724502017043457	0.0150846179306373	0.0146762063344494	0.016560769824146	0.0149920631867151	0.0157709606546895	0.0229354853982659	0.023131195787787	0.022908346588234	0.0260249722257131	0.0348640856227487	0.0388089085206001	0.0359578448895715	0.0353691609670797	0.0396343708737171	0.0412117063045014	0.0392953200982487	0.0428586027235329	0.0402827029729621	0.038817867208792	0.0400597999208276	0.0368396298974183	0.0410508882151101	0.0369791692642278	0.0390985068056809	0.0378714357149812	0.0407100718500959	0.04066710240497	0.0413390201945579	0.0372838055503762	0.0380532268554142	0.0374079934690256	0.0378621457781595	0.0376766338974007	0.0283342458554511	0.0281426905385541	0.030947819804696	0.0305752438012989
2025-03-26	0.0212282625116204	0.0225114995851827	0.0216878958589926	0.0225723420442044	0.0174868935710603	0.0187074237749981	0.0195338384677513	0.0172718441861902	0.0185544691647186	0.0196386604330963	0.0173964517707621	0.017410418631423	0.0201582032304406	0.0196133389349403	0.0190899248380349	0.0171385329965842	0.0206280602332078	0.0215100638823351	0.0226656883684922	0.0201961875159649	0.0263659943921487	0.0252902040461365	0.0246130169661107	0.0257307845956041	0.0263166232998711	0.0237150535968142	0.025617359624187	0.0263509634791277	0.016835586272835	0.0164269157185476	0.0181611159318964	0.016576382076721	0.00864043463962633	0.010751139312253	0.00840945405693583	0.0111989719911848	0.0045330427786691	0.0057047838890047	0.000282852213675226	0.00447932111865097	0.00407191076817379	0.00416197816071921	0.00422912216349989	0.00353698890760711	0.00842196515911296	0.00815319789661251	0.0109519718126264	0.00947286513164814	0.0207296061943376	0.0203322873542647	0.0222550940841869	0.0206830123672107	0.037657396008277	0.0360490124183822	0.03701394783077	0.0382796437425708	0.0539705444487995	0.055138045625628	0.0530294120264581	0.0548619978991144	0.0666321907520881	0.0678734109667784	0.0682135927854241	0.0662808054957094	0.0722529700211014	0.0713197323471799	0.0723367141155296	0.075090583516189	0.0664021021701383	0.0654242442812703	0.0664229645028984	0.0667506890456931	0.0468390871350109	0.0489578776839283	0.0479913424606705	0.0482116927203904	0.0293802486808341	0.0308079561939937	0.0296280061817299	0.0321837889434422	0.0187346410179919	0.0169467272114763	0.0189334655599202	0.0193851662106116	0.0149820117067629	0.0147045488923459	0.012438175730368	0.0148752636705231	0.0142284194289879	0.0149301976543754	0.0177926814578894	0.0170487014587473	0.0194874665472611	0.0169815131192134	0.0193261946054015	0.020204825728124
2025-03-27	0.0180192382188936	0.0189410135979931	0.0191507206879633	0.0178890274951501	0.0151427398877466	0.0140365768899599	0.0161134390964516	0.0127072441258418	0.0103174269218901	0.00920424848880008	0.00785118024712517	0.0116271443421847	0.00809387969240652	0.00838868620653577	0.00678423564853694	0.00673319845252078	0.00712506529255403	0.00935997177591034	0.00958064183648369	0.00893432109505194	0.0180073249225817	0.0184837830150927	0.0173015225190222	0.0142073695433034	0.0232512920178931	0.026943179247852	0.0268771533597697	0.0259283753744852	0.0229075503383984	0.0229596064273539	0.0228585622990794	0.0222742809351684	0.0196628260918892	0.0204840475183347	0.0185933490079543	0.0192597773818219	0.0263609766597407	0.0268466952010391	0.0244245860257536	0.0283677421134666	0.0342332982949914	0.0349724100762911	0.0328973455165325	0.034896946112185	0.04170471756567	0.0426133383442468	0.0405647415245223	0.0421172025655608	0.0488714162283868	0.0473494738307504	0.0480440242474194	0.0517350856934433	0.0511221769897072	0.0526414728028351	0.052321232995909	0.0539151172115487	0.0504999669493001	0.0496493941133645	0.050542410985277	0.0513082279520584	0.0452729044838855	0.046849509790506	0.0462923404355044	0.0475852452901041	0.039687589139927	0.0412225046504229	0.0406054029987452	0.0394845032109049	0.0363620875734273	0.0306546890400398	0.0365265449467821	0.0384566784397508	0.0329748851488694	0.028321179360024	0.0289547852695902	0.0287491502215164	0.0177482734173974	0.0201960673141915	0.0212938037049043	0.0207618555635068	0.0139952772511644	0.0104306519715733	0.010812909106182	0.0107611616710804	0.0044110580600255	0.00567065946202297	0.00518589938866038	0.00473238308929116	0.00121469510689438	0.0035326007833929	0.00192499175107056	0.00232771235864217	0.00537931279309855	0.00404361459063888	0.00412528639849244	0.00345178621777013
2025-03-28	0.00787257614008677	0.0108031814463725	0.00810665100884217	0.00721759140469859	0.0151770360721677	0.0157480474956436	0.0137329661104454	0.0153419503217433	0.0244188383647547	0.0232452133842615	0.0239763748582711	0.0193595733927127	0.0264545301624485	0.0293701678940563	0.0288099431157159	0.0273653588277793	0.0301658160301788	0.0293794951377073	0.0301029040766751	0.0283517847554388	0.0258432045773603	0.0288053423732752	0.0298738842730255	0.0274775687763389	0.0246852945668331	0.0257762069067727	0.0277562047118234	0.0247822938145708	0.018624955358839	0.0193579515960473	0.0194887271758451	0.0185283658692686	0.026414844539196	0.0235669493013988	0.0238935025597014	0.0221247035997038	0.0359933800195651	0.0351507845396241	0.0320280516581675	0.0358277837826433	0.0402896273687968	0.0399557164078374	0.0407791848540274	0.0389754713693384	0.0403354914078598	0.0405774889447817	0.0403876431344189	0.0396993765129396	0.0363185472028247	0.0388480873065801	0.0409969810605093	0.0388363844300859	0.0369178239687117	0.0378068497590097	0.0386249449150386	0.03965038135724	0.0353867495109895	0.0352912456005412	0.0367090879653001	0.0366129169231692	0.0365876429461622	0.0330013285500935	0.0381645147982091	0.0352465137055352	0.0374565606994823	0.0351467345951746	0.035451591905792	0.035945112799551	0.0337434346291547	0.0319085288272116	0.0328256915242267	0.0335223450194071	0.0288568546393693	0.0319817242447365	0.0297816698269225	0.0303797512889717	0.0249517012846675	0.0244174468392699	0.024800046034554	0.0258308058415085	0.0222687319222527	0.0222923719777257	0.0223454636646645	0.0220934324353571	0.0310426532127039	0.0306826162922939	0.0316955549236997	0.0305791755713024	0.0515522898140665	0.0528796312154739	0.0524927819579589	0.0510752970125007	0.0776446714425319	0.0799324454885049	0.0798702831627971	0.0785525999061661
2025-03-29	0.0996754893977472	0.0978227292800029	0.0979816140335679	0.0995201672886821	0.119641104807532	0.119575035278376	0.120994594941007	0.120789264973086	0.137278191753625	0.143950658884059	0.13695488477224	0.138816264590075	0.139857351077081	0.139659282343638	0.140703502483391	0.141779864095891	0.15752497112647	0.158715288944328	0.156908730323267	0.158851009605935	0.170995798613164	0.166092815805006	0.170918810020086	0.170992575561745	0.14623751002989	0.145152042769256	0.145543483804868	0.146066963395986	0.150289942671357	0.149398383385384	0.149698284414526	0.152613389528734	0.216407186574591	0.2130001997953	0.21326068649001	0.213331927140099	0.232835183050178	0.233098951159678	0.234588790927127	0.234477074863016	0.23539908862816	0.235154661604061	0.235982445756368	0.234463804011411	0.229170305587481	0.230001980232417	0.230769537459269	0.231058176720833	0.220597389626658	0.222196524872965	0.224758338749343	0.223447746751034	0.218987258954974	0.217747496526579	0.218146587983976	0.218118656534471	0.215594126374448	0.215023048634177	0.214719838776257	0.213662986215118	0.208286108076556	0.210490626762835	0.208847555723835	0.209375709436774	0.195406113489793	0.198341858828003	0.192699280969935	0.194552746712269	0.173787715032241	0.173906848700849	0.173600841884519	0.17370459438239	0.167179740733082	0.170013110251008	0.172390805413539	0.169416343602371	0.171307900066885	0.173524487060289	0.170313240235475	0.168854372637351	0.162178501223024	0.16028196008412	0.16112275713571	0.160416781557146	0.153252348021156	0.152912176597221	0.157358720631279	0.153476754750344	0.15163691974299	0.152609353958118	0.153932534647074	0.151821191651818	0.155982765527791	0.159733674173344	0.155247067558728	0.155036492740136
2025-03-30	0.154183406766246	0.153920546214641	0.156382335450055	0.153513711569058	0.15491579061981	0.154249962323704	0.153782356427303	0.155051890629182	0.155327474325241	0.151482291158468	0.151738213698109	0.152452020818182	0.144433115684016	0.144100425304663	0.143899992627221	0.1435664663841	0.135681561739578	0.135402336783039	0.135145473572241	0.133770627905142	0.129476762627073	0.129710051230157	0.129529012659347	0.129284173483423	0.117512639534645	0.122014872197986	0.11816290399739	0.118309584269979	0.102713343437431	0.100444807453239	0.100487704363051	0.10035414474628	0.0766580605707831	0.0805434989278317	0.0780039844460333	0.0767944560553519	0.0444257157001025	0.0460691244827485	0.0449782513426818	0.0465269084744672	0.0229082637331444	0.0239393741397117	0.0232143810573176	0.0209379810698263	0.00462745965384127	0.00771804377601301	0.00702625794021903	0.0076282386299267	0.00478861144937769	0.00204335119976778	0.00366804708882762	0.00149999026202691	0.00795787340778853	0.0083589409529954	0.00875711467053185	0.00892607096868422	0.012122455039353	0.0147510843894892	0.0102551619366728	0.011871298634485	0.00879604844408244	0.00912761657150111	0.0102345855759686	0.0128417494084478	0.0202856109757342	0.0235076128028318	0.0209914603397047	0.0222153158817293	0.0282808085412642	0.0276632921375575	0.0276681335887276	0.0273877657324507	0.0208767688695949	0.0212302356314906	0.0210436688489291	0.0218493266499854	0.0156900463403127	0.0131264477873135	0.0157923506733758	0.013391155198998	0.0226163987204319	0.0216533819623623	0.0223999294664511	0.0233302898507547	0.0291826823079521	0.0309970735541699	0.0287913374524863	0.0290289066853917	0.0299804744344128	0.0331120875422374	0.0348058738040969	0.0341015642192529	0.034773223166108	0.0379564094899015	0.034949115758983	0.0363212515850075
2025-03-31	0.0437287705184754	0.0403397850792568	0.0407375736032143	0.0421938707990535	0.0543438750585409	0.0512550449205669	0.0509709483063398	0.0514301317145523	0.0666609012458934	0.0637025056115135	0.0638178521180435	0.0638187410245496	0.0702263896186838	0.0688959322667637	0.0686471191684248	0.0712305589461277	0.0717510567094831	0.0712343557369759	0.070457765240736	0.070556822312805	0.0743828957256308	0.0712674353053314	0.0722164422976251	0.0711332266714127	0.0632194433312608	0.0590257991179544	0.0618915313407787	0.061863226210006	0.0320709684153145	0.0294158834683265	0.0297472103124003	0.0307659378039588	0.0159207105400484	0.018646789434944	0.0155332461926142	0.0168992538323934	0.00610578390167761	0.00547617604741394	0.012128847107011	0.00628919294389743	0.00580920910931081	0.00437997746460807	0.00606189111656367	0.00574892230951745	0.0139722346632486	0.0149368686824246	0.0141286941980283	0.0159622024562985	0.0239045909571691	0.0231321436700828	0.0294107993328648	0.0225524660398833	0.0337567099068563	0.033693994769471	0.0318930923878634	0.0336562029358093	0.0374314016034158	0.0409601175369316	0.039433559617587	0.0421749212420656	0.0436036763414805	0.0454198675781198	0.0434675309909448	0.0445089250894549	0.0414105657373856	0.0431710997526855	0.0422950821394135	0.0431232523705154	0.0258950732574972	0.0310718115554685	0.0252866587816173	0.029746456405417	0.0073162420862381	0.00893206223987417	0.0106307010083536	0.00812099466553414	0.0015155129439994	0.000733726220929661	0.000565623924767847	0.00118513691030309	0.00477061233269574	0.00326191915571277	0.00751013404285894	0.00545733446873255	0.0113774666104885	0.012940673538387	0.0129674841216794	0.00871437572944513	0.0123867165624262	0.0145356353664409	0.0131362567252869	0.015941391345846	0.0131297928591198	0.0116175228875724	0.014385009053751	0.0138676751995568
2025-04-01	0.00983148501914587	0.0109156238200511	0.0122153213023254	0.0110375698584776	0.00917318272081399	0.00784808230444349	0.00806199008893995	0.00991674488580258	0.00684466179216299	0.00554792383272605	0.00733088680293133	0.00527652757217963	0.004827988414035	0.00462269752103184	0.00504443604807876	0.00350487801685441	0.00273014964056844	0.00373715175156784	0.00283472178197923	0.00369797682588449	0.00218747313761419	0.00201495257067484	0.00240426450179235	0.00339330978991862	0.00103947143873156	0.00109840958047192	0.00307559634361562	0.00178652263718089	0.00604743699090229	0.0085827150541317	0.00479247321256007	0.00657737474240594	0.0164367329953652	0.0168617288065578	0.0162748594451611	0.0134266787529159	0.0186336934204172	0.0174986952922371	0.0215336323607216	0.0183339789266241	0.0197125452529176	0.0200706988145386	0.021181129995584	0.0200356259369598	0.0210649151729097	0.0218201093117357	0.0208197288424612	0.0222952466728933	0.0210828789744504	0.0234704758362273	0.0235444070265854	0.0229022381627369	0.0242085184437846	0.0228411756572824	0.0246263455664182	0.0213239603325148	0.0223849756085669	0.0246319995041903	0.0233548014910016	0.0236282233962412	0.0250577302542737	0.023769007049426	0.0205314507597588	0.0236418119365415	0.0286997634581821	0.0282988078113803	0.0295040412627847	0.0314973874676529	0.0414379570128478	0.0409373239705496	0.0424707285691584	0.0391539904474442	0.0534044622347598	0.0530048112114049	0.0537571161550794	0.0538336103987559	0.0618082772094726	0.0629021305830989	0.0618652430031389	0.0644243492042895	0.0698873232176408	0.0700203623723319	0.0685779201900468	0.0705143942199805	0.0741276615107119	0.0753115485233639	0.0742289651921646	0.0733318247737595	0.0759697899516233	0.0747959823361969	0.0750525947467071	0.0731816329654727	0.0786172627790699	0.0785037553031102	0.0760609251870759	0.0778180567307441
2025-04-02	0.0851038666892668	0.0861880736355569	0.0855853202526125	0.0861227394225637	0.0986582047674276	0.0987089382802368	0.100539875257862	0.0990929816944734	0.113607196224367	0.115723396241594	0.112870371161002	0.114799036373037	0.122172592713638	0.119352823063467	0.124424901641871	0.122049682581024	0.12291274537869	0.119606987249824	0.123240743094573	0.122239524276914	0.117385589749076	0.116931000070083	0.122256678331605	0.116426731849236	0.111193787062649	0.113818169954907	0.113122826108846	0.108865216873599	0.116813887983953	0.116809316034783	0.119659146520331	0.117717649460932	0.132632911935301	0.13110649708206	0.129644050910498	0.131616540072141	0.143928854615777	0.140788240309141	0.14292259798826	0.141360307086822	0.149456080595481	0.151533598840589	0.151294909662842	0.151715410901088	0.162024483839562	0.165383246553797	0.161442294695926	0.163149974910716	0.172884675919528	0.16924118324797	0.173185165489148	0.171688975343354	0.168858741329791	0.166724187377047	0.168755335260664	0.170661736032497	0.162005818786003	0.160236682765787	0.16214847503299	0.16260902341522	0.159218386428139	0.159392590365443	0.158298267909532	0.159090755296886	0.148659236467842	0.154069372649886	0.152773880447593	0.155497510434679	0.135575362814658	0.136065669772925	0.136092038015293	0.136266929397125	0.146522897819816	0.147979582164965	0.147600858633466	0.147896661381753	0.155852284314678	0.156229742176393	0.155343902138073	0.156574071370857	0.139150952468948	0.138428327539542	0.138686522193462	0.139734197798047	0.12528570194262	0.12708957462353	0.12705340340638	0.12257132002747	0.122315773335939	0.121081265885307	0.125080272871459	0.122522687907295	0.112264741460235	0.11244729995746	0.109226763574834	0.109061195007471
2025-04-03	0.0944926358047546	0.0937298421454708	0.0956163714632141	0.0951611505865605	0.0892764126643257	0.0894410593499994	0.0908974453598224	0.0883850826258524	0.0926984922515112	0.0947213057695456	0.0934085830542799	0.0951716189246632	0.0991903571253229	0.0998134350457818	0.0999592612501638	0.0990369465787315	0.105426733378351	0.105389079441696	0.106083786399839	0.108100400780114	0.109800085711064	0.111617798204986	0.112214445487363	0.111367670596587	0.113705256262362	0.11452296816963	0.113657202414283	0.114114573153724	0.128381060951343	0.129016066672666	0.130121042044277	0.127481830331713	0.136747646978089	0.138527547522799	0.135306431532402	0.137418373966709	0.138012581160357	0.140138522500329	0.140000027042467	0.139848869296848	0.138654320763479	0.138423722840099	0.139430452647791	0.139491503748631	0.139092654102753	0.143036598447631	0.139243536030962	0.143627211418655	0.146623492036028	0.146795436838204	0.149021500516644	0.148559570609124	0.155285570712431	0.154074951562763	0.154872827094021	0.155766650630785	0.16613883036548	0.16567657523475	0.170152749582521	0.165031844817248	0.183810355742302	0.179761124667165	0.181534980301806	0.181893539288728	0.190495170142824	0.191338259463256	0.191085646804706	0.190080923589214	0.193503260150713	0.191534282881034	0.194342927155747	0.192619529812507	0.195798528456131	0.199426910405836	0.19612729974444	0.196647261393593	0.194863995337028	0.192232903823517	0.19263020620343	0.193272894636024	0.191857604531373	0.188986200426032	0.190474101657235	0.19068209338536	0.1904112474937	0.192231007207688	0.194224572646631	0.190133172651981	0.18865081623398	0.188212159240739	0.189298353422498	0.189838671102783	0.181445480350703	0.178870854893447	0.181149273882103	0.179534390873747
2025-04-04	0.181581476242644	0.179470795489968	0.179809341513182	0.179138386754205	0.186786309191562	0.18842983442253	0.188226138688666	0.186557717697242	0.196872079418518	0.196856146332862	0.197756906701114	0.199514867547506	0.212427990019133	0.212409503333941	0.211856463500095	0.209306043146831	0.221732444316501	0.222229964976884	0.222841941404838	0.218195649301777	0.225124662530201	0.22344759922615	0.225750810614321	0.224676927629329	0.222006219384266	0.220614217218599	0.221827583845323	0.220551979551811	0.215777289073231	0.213153028239134	0.213216212924551	0.213853469763084	0.219126769441407	0.216857705946564	0.216483714076261	0.219531810535767	0.221109444213635	0.220544719075052	0.220700386482805	0.218645450228508	0.220016631710723	0.218753266444613	0.224049294156819	0.219180807687845	0.219066990666444	0.21863022037903	0.216645409954835	0.21965737899969	0.212976302043332	0.214617741637357	0.213587778931759	0.216818177387552	0.208267233111584	0.208486926385536	0.206991459236876	0.209254381266004	0.199776492332359	0.200658458051449	0.200588821087447	0.199976228528745	0.191855120989213	0.192074032509944	0.197131853555504	0.192938992945339	0.18501605048392	0.186780183148273	0.18616874727541	0.187035019092397	0.166408961201084	0.166266181521132	0.165137359896624	0.16818749738116	0.152564768565004	0.155643635929258	0.154947882456842	0.154843713048896	0.142728560937434	0.140605626704562	0.142690050082245	0.141975762275759	0.11914677590566	0.119841212703526	0.123683023016675	0.122328988374139	0.0918631676022634	0.0914510687374545	0.0931599710915052	0.0925257925687769	0.0710571096206629	0.0698025042037308	0.0702472730627934	0.0668931131128128	0.0523725875269344	0.0530722140544996	0.0504552932977108	0.0520999051208552
2025-04-05	0.0374167886927257	0.0346312937118787	0.0358651740665754	0.0360867435288202	0.026473479351549	0.025733815704293	0.0251295648239104	0.0246631401202477	0.0183794048030083	0.0180503707265087	0.0187078312237081	0.0148623932467749	0.0122495357535732	0.0133944072123609	0.012023194198339	0.00933286283572691	0.00934456754693982	0.00648038167894502	0.0105833963104152	0.00759165446369999	0.00683597855422016	0.00939386758442085	0.00807857573780919	0.0096915781235498	0.0130821287104373	0.0090286891198119	0.0103595626641741	0.00652961950557668	0.0139511045785845	0.0133956034253831	0.0130887805128537	0.0125645114831788	0.0197574571200623	0.0140636834676185	0.0146561773539654	0.0145226820583538	0.0150175742442383	0.0149550837233416	0.0137899577891787	0.0162373842432414	0.0105743810798379	0.0124990255015292	0.0108162321564259	0.0111103612622069	0.00823745240854548	0.0120236798529668	0.0119742118646384	0.0117646558738492	0.0137453096993581	0.0151531006601626	0.0155317461241394	0.01356984351634	0.0197698825094357	0.0180655619093398	0.0178937885743224	0.0172707670069021	0.019208206439986	0.0206325647404085	0.0189537632103756	0.0182054656092299	0.0177229499470572	0.0168922156023711	0.0174654724477523	0.0179193620028195	0.0157253770287858	0.0164846207982613	0.0159421406178204	0.0148478615551324	0.0179718074758946	0.0168771301589576	0.0159978963908188	0.0171531659743289	0.0188270955968146	0.0177233368039234	0.0174391003065938	0.0170104672926682	0.0130113700390772	0.0110665595468962	0.0155610201951709	0.0103610502188557	0.0090716776929941	0.0101791506779066	0.00827859574032174	0.00847057588877755	0.0115883033438272	0.0113976948106288	0.00756769436175805	0.010446307483786	0.0119475668190829	0.0127187829721018	0.0135872977173837	0.0137463524914316	0.0166505628549737	0.0166069973506766	0.0154921479694945	0.0152502918248552
2025-04-06	0.0193260771534068	0.0216253749796959	0.0221017041804639	0.0179468436864334	0.0235176248957053	0.026945212985813	0.0235206398632041	0.0260165222552777	0.0308196165672971	0.0295479948716427	0.0261511414809322	0.0284812470801279	0.0315435629739632	0.0312731233640093	0.0300303896684369	0.0301529239935906	0.0312465881754522	0.0335837603086292	0.0335202365082619	0.0316494150076567	0.0408844218516697	0.0406899437630693	0.0408623371253285	0.0405632972599325	0.0468034008133563	0.0465247102187078	0.0461308477318659	0.04654104123607	0.0326739899677114	0.0309284947714972	0.0324423159071315	0.0309551993536599	0.0175611916633846	0.0160121265940972	0.0195260081576178	0.0169006735849005	0.00799425265326815	0.012341436897551	0.0106745294795512	0.0119897809696297	0.0105422655168921	0.00630069203194428	0.00528291925289247	0.00887412319827117	0.0133990112453947	0.0103809245763458	0.0131734495270273	0.0160466146512322	0.028898401586838	0.0273338552766725	0.0281272361284471	0.0286405070080424	0.0506162567010392	0.0512759428686451	0.0537554181300323	0.0493523823002834	0.0727340230178706	0.0743284410477269	0.0726431600386119	0.0752943758957906	0.0869705975500149	0.0890269728738782	0.0859858241029491	0.0900166054731578	0.0977165719334898	0.100658634691539	0.0974405674800168	0.0971842258949541	0.104093288306367	0.10279959831347	0.102942012099507	0.101165101280656	0.104083634634266	0.104138891932954	0.103447046634045	0.104330426798736	0.102975682077749	0.102981802929866	0.102033871489225	0.105008643503159	0.104415454311188	0.101471501696304	0.10140346212801	0.102709581864499	0.095448917952995	0.0978251358634462	0.0951653006215003	0.0975606455620585	0.0855660852938849	0.0907408551270062	0.085448799305847	0.0842442602732619	0.0779447576706163	0.075882523086055	0.0797376785873666	0.071435040655962
2025-04-07	0.0716978868184342	0.0691250966144525	0.0695769025495412	0.0686001140175721	0.0735275831414588	0.0739618560319989	0.071289517178999	0.0722210436475433	0.078033590020375	0.079541859278349	0.0778811988115641	0.0795433518897119	0.0717378121921678	0.0706751238609721	0.0699982812960033	0.0695887826508568	0.0567155639455771	0.0533618908012525	0.0564275818524203	0.0544949634007501	0.0449266146425522	0.0468553835429629	0.0471312375271547	0.0470867642873302	0.0304163330689225	0.0308567134145208	0.032050252178396	0.0316767013381607	0.0189825035038728	0.0201818581084269	0.0228344819825192	0.0230011564051811	0.0286958574712243	0.0294749923151161	0.0270149499269456	0.027814200286714	0.0281920470215243	0.0235104951672472	0.0269223911245975	0.027375066686631	0.020753011189535	0.0197124198434158	0.020033394533622	0.0215011744334272	0.0137766867130232	0.0143590195252242	0.0130382425281413	0.0148260512336112	0.0193159522484326	0.0196542580105384	0.015699563251937	0.018330226489092	0.0260250569879329	0.0221130596150816	0.0234167385850301	0.0254451448119554	0.0290986047942236	0.0281035430874325	0.0298222873352202	0.0299755647831237	0.0306013655323218	0.0317590143184384	0.0288931068828917	0.0307465132663481	0.031700721251401	0.0301610904236362	0.0316868020213948	0.031451386303568	0.038740516693742	0.0360397800768927	0.0386307349324137	0.0375889682969515	0.0394868370431348	0.0403229984014932	0.0401201407084726	0.0370700238468995	0.0318337220529269	0.0328494044177698	0.0314901430486927	0.0318267304806105	0.0257954365698021	0.023238915552145	0.0234689503466077	0.0254966975314452	0.0127739221110579	0.013527773281121	0.0148232285181387	0.0138750760896824	0.00457997982321977	0.00571460476095382	0.00468876449086285	0.00401665092496355	0.000781101606941311	0.0016067802644863	0.00200523270342118	0.000606885425151208
2025-04-08	0.00144045597059072	0.00409773738439218	0.00277694012540711	0.000684866519609991	0.00336272842783217	0.00436140678858744	0.00315016171708769	0.00612570306649271	0.00531468249803831	0.00693353372694184	0.00590457592572002	0.00684720784929983	0.00587471164205592	0.0086104136041459	0.00713190029010077	0.00738297446369742	0.00612998655039865	0.0062959677267175	0.00874067332582393	0.00683337239705992	0.00844892811359955	0.00531803550631275	0.00647093680582112	0.00676209957426657	0.0079739028127654	0.0071735133076861	0.00672922594476836	0.00512335793478014	0.00206405396524869	0.00123836748613921	9.30507340659225e-05	0.00560452781454618	0.00667150387076852	0.00595411296403089	0.000309086306585219	0.00606529685861537	0.00976595064041653	0.00655521796866343	0.0121793377445508	0.00849949364636921	0.0165145226848155	0.0150786876715223	0.0161305272244342	0.0152762624192279	0.0220930327453287	0.0254968302646699	0.0214639828469655	0.023946154143036	0.0302626586407419	0.0300691683301691	0.0308244070112711	0.0288437660178179	0.0346320446676195	0.0351388120064482	0.0370605238796351	0.0351686194462972	0.0385495142952695	0.0380834584457371	0.0429618904817951	0.0394051367771984	0.0431785183294682	0.0429547458391533	0.0417105225062468	0.0441562133251316	0.0460944463224425	0.048898197131125	0.049930730709901	0.0480766258365315	0.0535368444392021	0.0506048385726104	0.0518606212850526	0.054997695703135	0.0483217742493376	0.0471062545124774	0.0476905019415269	0.048881469296658	0.0348551863074543	0.0313853742651874	0.0393571656209898	0.0314022738063684	0.0204302278447328	0.0196898757325721	0.0195850928760285	0.0212948035466666	0.0103313608822422	0.0104465930560265	0.00926968378921281	0.0109523622725185	0.00946869453616864	0.00464016333553	0.00560575134989189	0.00628539077840947	0.00755873801194126	0.00429419237699202	0.00420544890748865	0.00294162070357808
2025-04-09	0.00456521155544124	0.00455921313198724	0.00549934533682722	0.00237622997574429	0.00527083988442282	0.00449488367405705	0.00489186910806404	0.00434240733345609	0.00591954316510178	0.00748226185211005	0.00877183539890237	0.0058263595838858	0.0084257236654243	0.00990644510504758	0.010518392938058	0.00914943829147013	0.01260164872884	0.0102281398737744	0.0098386871278538	0.0103315242695318	0.0124216020400389	0.00993369412706514	0.0134707699352619	0.013173933897634	0.0156430962044539	0.0148576828774054	0.0144487483873664	0.0140504725307742	0.0265447538719863	0.0264105383255825	0.0281475911908245	0.0258971166116068	0.0365362432565577	0.0361240402840603	0.0425574976936765	0.0367822187657055	0.0450964489156869	0.0438132257014225	0.0465905713315524	0.0464997540513382	0.0454575557152923	0.0492499725184801	0.0471354193232169	0.0501570524430107	0.0460015556415298	0.0458818549424938	0.0431280837532459	0.0449885056627304	0.0422675296564191	0.0428271877094298	0.039658954042028	0.0422463285921232	0.0412931034876012	0.0397839485334448	0.0376395301921176	0.0382834177868364	0.0366536518867884	0.0367039481279137	0.0360820654810865	0.0375603345042114	0.0347166064614107	0.0335221767693022	0.033091370048663	0.0306698467206241	0.0307046157423155	0.0317246426454769	0.0279816894899104	0.0315890521222971	0.0286675981151623	0.0280646691255383	0.0276770101125955	0.028590722646704	0.0244076513180125	0.0243321118605681	0.0246398592065183	0.0226203776149011	0.0148275491155186	0.0177488575175086	0.0182675223664249	0.0181560710005478	0.0113379415427625	0.0130453851907984	0.0124725989824531	0.013144074283986	0.00991217925428444	0.0106029145873387	0.00978501297154324	0.00669989318683362	0.00947650683644298	0.00948425066289111	0.0103302278386014	0.00970901466206447	0.0143710037417238	0.0149642277538955	0.0129133575153082	0.0157514109890725
2025-04-10	0.0231256138749726	0.0226185986851022	0.0198526965190287	0.0234030909208965	0.0304185034581115	0.0318168991739491	0.03118804444542	0.0325765529225193	0.0397556383492864	0.0382546413540606	0.0395241725113047	0.0384655477853483	0.0410410096441728	0.0425226428588585	0.0417021709797235	0.0387341765172451	0.0387794319723399	0.0403219100531493	0.0394704204251469	0.0394282375493639	0.0393074469049172	0.0390465828564212	0.040990391443387	0.0396555787952747	0.0405812637558651	0.0402470903319975	0.0393471983496263	0.0398244475625111	0.0479064646576239	0.0504029769272035	0.0470447954653313	0.0466457629498414	0.0553882587153429	0.0560469377311735	0.0580435995582194	0.0555212039952642	0.0562009219501947	0.0551005528531312	0.0550133009047727	0.0566852242919015	0.0469707377052967	0.0483720515575785	0.0488574616678435	0.0477997490692813	0.0401102751031724	0.0419170484886251	0.041306144609942	0.0396665317982605	0.0351595570834812	0.0411663900519691	0.0375842626907045	0.0410897901738453	0.0398600741752316	0.0408105109562173	0.0391063867155611	0.0382230281529901	0.0407678559786046	0.0394990678831938	0.0410064904689339	0.0407265856692677	0.0424215123672252	0.0390208837436186	0.0392040627537853	0.0393535411353709	0.0370355570850656	0.0355449217116719	0.0369309056379071	0.0394886155653554	0.0376579600489812	0.0355316831017681	0.0375023632292494	0.0363079936200012	0.0365566049247951	0.0390225237934266	0.0400459002331116	0.0373749710486666	0.0320965202907414	0.0314839468036136	0.0326481501975761	0.0357713827080689	0.0238430801042274	0.0241793481649641	0.0244065563791074	0.0235710153517011	0.0169579850624405	0.0146522931379847	0.0161671345034462	0.0162225872961286	0.0128697817022119	0.00978547958034908	0.0088661315349417	0.00947860718249728	0.00775390227654547	0.00417945412847633	0.00535264492369673	0.00571399867128147
2025-04-11	0.00224524692750892	0.00238201020532107	0.00123670444440982	0.0071360384227602	0.00104460136132549	0.00270110384940914	0.00270661273703537	0.00254768205223	0.00349037194661039	0.00406391262271316	0.00164064521790283	0.00380507021277362	0.00263638147954841	0.00570194161858462	0.00502400219594591	0.00363767470592107	0.00423431027980004	0.00490594876872523	0.00412476321630756	0.00473497773516717	0.00352372139818366	0.00591706324748451	0.00588218060355205	0.00467703475077979	0.00779515042066129	0.00631599791057757	0.00568656642397168	0.00320228524478946	0.00660094495450968	0.00954662492581781	0.00900368526434382	0.00984874485532869	0.0175092407062794	0.0160659974213303	0.0177304074059883	0.017694354466402	0.0271185997741548	0.0284335866518702	0.0248846257258548	0.0275631878481202	0.0390073517934687	0.036466187881545	0.0368346309438883	0.036691829381098	0.038156481897238	0.0405589383930258	0.038152052969343	0.0381325267403932	0.0320921763242051	0.0341712391598375	0.0322146241800361	0.0335219603359213	0.0296881312880969	0.0283064871348794	0.0268165822163744	0.0311887993606493	0.0334502288855436	0.0299995085768284	0.0318829574237733	0.0306673051138548	0.0413949901863733	0.0411103574131847	0.0433879766559678	0.0421066757444742	0.0519106943590148	0.0521566406302954	0.050394114241228	0.0495385507694618	0.0511294357525469	0.0513617887826582	0.0503029681970872	0.0502058072677076	0.0393291988255388	0.0386026226627221	0.0401796448120269	0.0368885336997122	0.0331064981223405	0.0336089890597264	0.0328257028284168	0.0344588099895163	0.0308878640918925	0.0337004575338199	0.0328105059218844	0.0326011724524032	0.0234722786983398	0.0206366658198487	0.0217783859547084	0.0201126695271031	0.016967506452019	0.0154955297556792	0.0140756314224901	0.0154613323698117	0.0221392060505805	0.0237297447703063	0.0248542312458826	0.0252768179332306
2025-04-12	0.0322814621869795	0.0353137278207377	0.032642173536623	0.0327626364556598	0.0225028052374657	0.0197612279409163	0.0240914937562271	0.0236444730653909	0.0172898118524046	0.0182378596723712	0.016878064779551	0.0175942636956732	0.0220224801797645	0.0205144696474188	0.0202354163727212	0.0222276338000955	0.0288820631009856	0.0256912226484421	0.0252121806839433	0.026214533566629	0.0228500634621342	0.0234351404647068	0.0234598445235465	0.0242549515496126	0.0128473853127672	0.0126081952302882	0.010962038602867	0.0135823808540776	0.00283671814192883	0.00504146091237502	0.00299076763735629	0.00513105330833986	0.000100397005760824	0.00071988371335866	4.38881541802592e-05	0.000135831126700256	0.000471685673560273	0.000780329267952468	0.000628598761940026	0.000119386296547233	0.00232966249975879	0.00234238088100828	0.00194784568054117	0.00338011093869176	0.00471913226113442	0.00484070505210922	0.00374831400442095	0.00469184868233541	0.00319333814259549	0.00459648167692088	0.00399952511678758	0.00121065506369605	0.00576449645040356	0.00641072695436318	0.00625843811445711	0.00556633848077615	0.0117304348044025	0.0126898467300089	0.0106140574120815	0.0109656610535071	0.0461083133232767	0.0466659343209623	0.0467635472764121	0.0464622050793489	0.0494710267058149	0.048923471636632	0.0455167491249622	0.0470887525325909	0.0366137590516325	0.0361115116496026	0.0351668444616563	0.0351078848371086	0.0301593804460426	0.0305065199223845	0.0291127493698989	0.029221350261674	0.0218946447931163	0.0230042911261712	0.0214578139234994	0.0236432501572131	0.0229068504016565	0.0230527751178621	0.0242383966746643	0.0228019778058172	0.0235140252339915	0.0215299722183595	0.0232592124131924	0.0246967901344566	0.0198861073797909	0.017116385587539	0.0188014695197954	0.0201960375128746	0.0150932439938003	0.0148868206547868	0.0158429705446786	0.0151769648067342
2025-04-13	0.0100721289836295	0.00964136593522429	0.00890872529379262	0.0093777797873536	0.00633677456850907	0.00808729515719411	0.00854030176701748	0.00703562850727934	0.0075174764719484	0.00787979691544973	0.00621386285886837	0.0063888637537335	0.00624737421556511	0.00408744297516905	0.00474536374188898	0.00691981906737685	0.00254990619213876	0.00409353338971835	0.00476190271455413	0.00459465770358876	0.00671149522336748	0.00288876496574145	0.00190396958379195	0.00149577022709912	0.00193775204019638	0.00186107234450207	0.00129603614465567	0.00290513947064587	0.00496099366562757	0.00445973603845128	0.00201296927640819	0.00456630101951296	0.00486343253757295	0.00697011316456236	0.00806657031151266	0.00409988398635203	0.0102696304246883	0.00898725324566898	0.00805091522425046	0.00769220110539229	0.0134525563592815	0.0119127936811952	0.0110033378208409	0.0136313121386824	0.0149815841100821	0.0183542554145104	0.0146411882297546	0.0170229722456529	0.0222778924125493	0.0185496422749414	0.0188387356436127	0.0183337296688965	0.0223012239891753	0.0216739955858669	0.0184391104180597	0.0225856700068982	0.0188070246209112	0.0210043466639911	0.022274615523599	0.0219140131914987	0.0215153435870248	0.0228324176245014	0.0217502853318	0.0259019534566738	0.0265641614002551	0.0262040714152916	0.025830615638327	0.0274011515461263	0.0316336768150627	0.0322957234681939	0.030018761189925	0.0310518385268183	0.0365531194157026	0.0361039878867982	0.039679920688915	0.0366629720085841	0.0402475451145742	0.0410849188350622	0.0424465571586413	0.0432209788917223	0.0439391837225281	0.0438121361087758	0.0453432393913922	0.0429054407773039	0.043881811260585	0.0450249672275883	0.0429977865038226	0.0430954350080041	0.0421228597898763	0.0409728293999095	0.0427286875458606	0.0421756232643535	0.0412123986755572	0.039804059019195	0.0417311550791894	0.0372523872260584
2025-04-14	0.0387232823870642	0.0427186221687443	0.0418832730499872	0.0396748223942043	0.0434107889706355	0.0436058342701565	0.0416038336327997	0.0433795431264083	0.0523057614343812	0.0490137055305002	0.0498038851981044	0.0498766478370142	0.0531509256480919	0.0495655984232244	0.0525846155835757	0.054698860345108	0.0589383796943634	0.0583560115346212	0.0590981507150733	0.0616074580559421	0.0721903396062908	0.0698828876357268	0.0697813886554594	0.0691453841025231	0.0651064197746787	0.064764073316435	0.0676664519290315	0.0654630549798548	0.0579212052376371	0.058477675535909	0.0574713045076862	0.0601298147187677	0.0431992163016791	0.0443199545009284	0.0462626948578097	0.0452181343395828	0.0309627307336323	0.0286947392313626	0.0293130198462982	0.0290295101887068	0.0213086223246375	0.023100252790345	0.0217460330555572	0.0218450918294603	0.0223077183259926	0.0220399105997109	0.0222407280983056	0.0224116429759909	0.0283794879816405	0.0275001157957383	0.0270341254744772	0.029086270748144	0.0308638842507604	0.0302861532016825	0.0312706628549545	0.0355792996926027	0.0292187872548379	0.0312596361168066	0.0293473966283197	0.0311741800000358	0.0224839395134684	0.0235902958014095	0.0229318746376229	0.0219938900474992	0.0179714535903661	0.0220373711334026	0.0167409163210581	0.0192502589551732	0.0234957395746612	0.0184742895430563	0.0224835148991645	0.021546455983118	0.0222901664174165	0.0251836397156109	0.0216036375986648	0.0239225562683077	0.0235857662183505	0.0255587194793105	0.0239140742950656	0.0229414400072734	0.0310061963143377	0.0327693785698631	0.0302671027641329	0.0319573223516663	0.04793678958555	0.0496027699119542	0.0485882209076545	0.0448722195948413	0.0589354156420617	0.0593865678408925	0.0583735541198726	0.0603044623971732	0.0665819559372935	0.0652162721617208	0.0653457426215594	0.0668560292794263
2025-04-15	0.0674340171925698	0.0688627138231268	0.0698174219671948	0.0688858470171086	0.0734612707675797	0.0757140643839616	0.0725003359861291	0.0723243288623295	0.0654891774723198	0.0661602615876106	0.0675988647132321	0.0657516962268375	0.0518416057696385	0.0466454921911588	0.0461780430144713	0.0473348590247313	0.032835210490733	0.0341657036587961	0.0350691854660523	0.0319299003844185	0.0274722023237884	0.02631088159656	0.0245365196288193	0.0276803964508323	0.0191946598013569	0.0179991689902968	0.0196940752752461	0.0191120959331002	0.0182018848724829	0.0202133522274135	0.0187768485209028	0.0208079143792008	0.0301524238528934	0.0311121629771597	0.0305431680786781	0.0311922450912688	0.0522560612144619	0.0527617701332752	0.0515465617118933	0.0514356069403696	0.0684812465418237	0.0694658614146568	0.0688408925890114	0.0692119994545082	0.0812999442166117	0.0813109236294075	0.0806980021266933	0.0806911300272875	0.0893164026797304	0.0924637327452732	0.0933026749882782	0.0919171895867182	0.0979101487425211	0.0979166815163012	0.102082774145842	0.0970903955953353	0.097842630401291	0.0982959578012209	0.0963042113856789	0.0985572004118092	0.103283260237717	0.101481625174478	0.103139438759588	0.105095675828217	0.111612803096604	0.112375849037168	0.110960890691823	0.112050457174405	0.111827496762067	0.110422685152526	0.112030438978166	0.11071937910724	0.106772200576419	0.11149186603919	0.108755726101343	0.110980207283048	0.0934721252974677	0.0915320862363157	0.0897890575883123	0.0922067308779043	0.0806518015407616	0.0803670639457534	0.0797603465349186	0.0792207879785664	0.0604953150931887	0.058817122147126	0.0613148003629779	0.0613727623967073	0.0307539671265379	0.0288561457601792	0.0289590349124086	0.0314308522008743	0.020073977870842	0.0198736871399902	0.0222090016460869	0.0208433333430809
2025-04-16	0.0206858252023232	0.0243325830607336	0.0220174497606782	0.022964141976265	0.0291700170294915	0.0290050933449758	0.0277924286225026	0.0280324610030301	0.0372182811069174	0.0381944147834279	0.037869954440198	0.0327173496694567	0.0459668924682927	0.0488899551107133	0.0479166139409499	0.0472265384800441	0.0563046320182757	0.0566426464708749	0.0548248190172936	0.0532279024935558	0.0621713034095642	0.0618775499723509	0.0624367931459981	0.0625143534720867	0.0676279537447381	0.0662491755120974	0.0639181725208824	0.0662046982222821	0.0654175285213663	0.0720102178280019	0.0694230039586729	0.0711492496919589	0.0703506376884024	0.0727419621179685	0.0709837514573554	0.0689236487362736	0.0642626542044211	0.0662890920246797	0.0641244670933896	0.0663237866775096	0.0485233013614002	0.0426997383236195	0.0483847778980424	0.0483921824169378	0.0219077577326428	0.0215449785735749	0.0218003411476679	0.0237469225461144	0.00752529281073884	0.00489019827839307	0.00765958712994434	0.00992492178092374	0.00612114964864392	0.00435847848069907	0.00438860975878753	0.00413176211186948	0.0209421125385558	0.023821991316833	0.0218854745548171	0.023350421589794	0.0400660279821913	0.0409081910423114	0.039124334803806	0.0399014461716912	0.0493287479098611	0.0499080837881699	0.0519463702445297	0.0498167980574393	0.0503001453297767	0.0522327673049181	0.0536784826702841	0.053788604695021	0.0584591746239982	0.0596087099493902	0.0570811362489179	0.0588509791776937	0.0688616666569949	0.0677218699786238	0.0698515878095626	0.0685648755548188	0.0768713108820434	0.0759093979796188	0.0757536089593868	0.076465682178951	0.0793962393088886	0.0781214632690385	0.0800265851626131	0.0794557122594598	0.0803346068682143	0.0850825256926795	0.0817779880214384	0.0808048794176678	0.097572610553219	0.0962354418174257	0.0973345636875435	0.0968573839418118
2025-04-17	0.109795113501986	0.112315701549996	0.109996921529664	0.111892263418354	0.101434122481132	0.100358526163422	0.101161038139696	0.101046313215751	0.0857626129009245	0.0883689620834041	0.0894435807047198	0.0884248443109516	0.0869170494001712	0.0851502893467931	0.0860830362588776	0.0848496249941581	0.098583968442065	0.0988435646030593	0.0996624347993264	0.0979100321555493	0.115406836212455	0.116467107132596	0.115395432845498	0.116730623809451	0.114843089166894	0.114044011537574	0.114201065989732	0.1119118333058	0.117287279333799	0.118258335245535	0.118059657318262	0.118394728102403	0.112703518979747	0.113691016799473	0.113400078351504	0.111205385869277	0.0890410635066474	0.0869112204628475	0.0884809364531586	0.0875667795773465	0.057673306261149	0.0615306800881063	0.0612574330286735	0.0595385806220712	0.0553833143915929	0.0570842020180739	0.0550602279893785	0.0554722556009548	0.0658800170360354	0.0675735200028067	0.0677758482236238	0.0657706147375341	0.0837288563543108	0.0842672344944921	0.0856030166060393	0.0834008925451579	0.106131692716156	0.105064416195469	0.105471090775625	0.105332800312751	0.128289125092483	0.128374976623696	0.127349482150017	0.128986416133804	0.141210313717838	0.141068463207054	0.145505464018135	0.142215759056974	0.139215826581946	0.144027729340744	0.144918251267672	0.145838192809638	0.137723672604889	0.144421644242204	0.142760219463388	0.14309446368952	0.128146657139387	0.124417000489043	0.12958659846332	0.127849743908251	0.0966694260433097	0.0956824109799307	0.0954601460074491	0.0941880169693105	0.0641466285754354	0.0616348505882472	0.0633268615570298	0.0648916592792876	0.0399845349291145	0.0399859467116776	0.0407804956891488	0.0412490226700592	0.0244178422909646	0.0241370283993011	0.0243204275039584	0.022124701805776
2025-04-18	0.0195003442438458	0.0172233116638036	0.0160674339790244	0.0162089101133262	0.0175771629143723	0.0164296604661374	0.0159386346819162	0.0180545419375741	0.0198997537404447	0.021540514690667	0.0213297843210021	0.0212299472478861	0.0287043537718683	0.0288126322019295	0.0280937912237852	0.029389222802417	0.032428387091642	0.0319044148342832	0.0319213714965866	0.0347458265774882	0.0347383872828694	0.0322378190612124	0.0356287675619129	0.0343950260940053	0.0264895948506183	0.0254845647309582	0.0228252511983031	0.0242005892201205	0.0127166512385215	0.0114754829706866	0.0127282440693369	0.016079621721455	0.00267520105771171	0.00221585397383829	0.00206193346693395	0.00204701150151605	0.00448488491481762	0.00466108211537213	0.00385695929608889	0.00399707367372135	0.0142431177343428	0.0160257479805493	0.015859772269728	0.0118713620153799	0.0290221548214999	0.0296449188018779	0.0287456198733663	0.0305873065032559	0.0485701345992009	0.0476841055056264	0.0495314529927949	0.0532143069023778	0.0659464555701469	0.0676455774055398	0.0665051479199511	0.0669028191043622	0.0737833707257321	0.0745943953584386	0.0742933465435547	0.0733288873722745	0.0751327627721213	0.0768531165005745	0.0733061296216004	0.0757079911057039	0.0732873198285422	0.0737283205144708	0.0689766736192988	0.0730076860376881	0.0640490853113122	0.0647801660585466	0.0634396474484557	0.0647311011816855	0.060468028180032	0.0587747331025524	0.0613917830712058	0.0603654556462098	0.0601435693377043	0.0595954335085471	0.0584476563584151	0.0598133407953335	0.0563147770490022	0.0555385438973112	0.0542971163107323	0.0568495627429544	0.0490831180321751	0.0509440702366689	0.0503449824293464	0.0516278293018096	0.0482996253856847	0.0485460104601089	0.0500611022167592	0.0500932619374472	0.0448170843238548	0.0449548348158273	0.0446009531371404	0.0446271277231776
2025-04-19	0.0397871951633338	0.0414054911800607	0.039824081543681	0.0399832321129245	0.0316673020406715	0.0330705330126628	0.0353983073935465	0.0318638575531191	0.028954507124541	0.0294841886088124	0.0279801991725901	0.0255811050940565	0.0287268184555295	0.0301107277898928	0.0297295708022333	0.0294328829523445	0.0338066884722781	0.0347297853360777	0.0337469773771911	0.0347165488144531	0.0422695039964427	0.0406971207706273	0.0454178159026362	0.0436155593302938	0.0505034598917414	0.0487282092051605	0.0479250854148823	0.0498432454882159	0.0585963160595342	0.05950638312509	0.0638362134209922	0.0600610873943836	0.0704148603341482	0.0713862479019969	0.0716397512596235	0.0715591405042314	0.0811223898068226	0.0817033235816685	0.0825409630587356	0.0816333235527733	0.0960409121375708	0.0973361534889651	0.0960999439648163	0.0985229904086478	0.118617785738204	0.12040296689031	0.119596895954833	0.120382351416653	0.150322519333675	0.148407734606518	0.149460174152918	0.149809571906889	0.18286012124178	0.17853818684583	0.182191161635567	0.183410530276823	0.196158921079577	0.198694731811401	0.197577064487099	0.199569282621922	0.197192689421482	0.194660106010979	0.196007331340236	0.193139873227302	0.178851027023326	0.178265529478136	0.175811391657809	0.179072051840729	0.154197743105326	0.15286731427973	0.151812036693033	0.15512290592191	0.130862887081104	0.12860581088071	0.128788968094075	0.130742333944112	0.0938227544724621	0.0947905971416684	0.0944729396298422	0.0929137087560273	0.0651499238483428	0.0590289369876818	0.0584052589605404	0.0614158802034349	0.0427484670051685	0.0463521040315606	0.041343749314155	0.0445556796491158	0.0450060280354287	0.0435704735570068	0.0435770744909457	0.0438464239166187	0.0577877967430567	0.0586091786012273	0.0593711651585452	0.0592318594971708
2025-04-20	0.0689339501227438	0.0673248332908279	0.0691743534622699	0.0665668631241584	0.066066849796198	0.0671240041545668	0.0652544954498332	0.066554650599402	0.0576363050537881	0.0607049519457007	0.0593594140359969	0.0602993289645144	0.0483938392187485	0.0481204979187216	0.0514989021506359	0.047986760711894	0.0426794517577027	0.0430633015257796	0.0476070515940301	0.0436501951224875	0.0441286985127032	0.0400807857321843	0.0432358447984538	0.0395546709566587	0.0303023277165815	0.0292089222067811	0.0304440139356675	0.0280447361409699	0.0271680868973443	0.0267643932964221	0.0275343287610385	0.026533191045195	0.0292616791002726	0.0302767519724221	0.0282065789857024	0.0302549899416029	0.0363607190337354	0.0340403691031429	0.0341935585482379	0.0324053533148838	0.0451502379118177	0.0468366211871679	0.0408522254352598	0.0461609154657545	0.0565859005385173	0.0582298283982462	0.0563695399527456	0.0558147311104909	0.0693819922367989	0.0684222778600349	0.0686511637786548	0.0675445661245115	0.0786699528056969	0.0786052337119736	0.0773688625921508	0.0763559508901787	0.0887612082364716	0.0886816848586607	0.0876162907732529	0.0869408161316148	0.102443306561855	0.101801376918051	0.102981224263102	0.103774092256992	0.115929602730914	0.119750944938804	0.116527509532068	0.116791942798214	0.117848541662219	0.115453616867046	0.112921478943848	0.117776362526886	0.110956616118864	0.11268379531353	0.110621908887734	0.112737679679872	0.109472838257009	0.108044611596942	0.10868807141663	0.105794478729419	0.101897125287972	0.100077505251799	0.100722837375361	0.104302532084868	0.0943032092260326	0.0923253302828383	0.092124429326385	0.0942470311647441	0.0696036837123605	0.0672456435885773	0.0691367886928603	0.0690138840062019	0.0359103591544743	0.0359238234913612	0.0375811950911535	0.033584622263011
2025-04-21	0.0210709256184756	0.0249879907775608	0.0215504436569825	0.021390639946981	0.0320064492786322	0.0330350487664896	0.0300430910939245	0.0329154108609537	0.0394205966303672	0.0380976467107166	0.0363934656289145	0.0390882910300017	0.0359313719118169	0.0352886546744494	0.0359227617051744	0.0368572117085594	0.0293044132436383	0.029039408451892	0.0291959382232214	0.0274602400812483	0.0246784244606634	0.0214827282744874	0.0210119430988444	0.0248269041660048	0.0200151122250481	0.0176180043204667	0.0183013209056576	0.0170655625488277	0.0204950315240585	0.0201145447095338	0.0226250291471498	0.0187653946192579	0.0197259227459178	0.020910383282503	0.0200266564739889	0.0173370374975904	0.0229317478301884	0.0234234654542799	0.022427011128162	0.0222177755873697	0.0300928070834116	0.0278340997917827	0.0280835185443759	0.0289895745804298	0.0327097999522292	0.0326482612948546	0.0344706103172153	0.0331713284357009	0.0352971533317232	0.0346711827344911	0.0357832195943139	0.0342484443394718	0.0370488301066262	0.0356753048980326	0.0396345742751687	0.0376412907201725	0.0424680424747936	0.0413608292108542	0.0425839879074564	0.0435871404068958	0.0490806696272403	0.0482712305063525	0.0485287397971693	0.0471193600692379	0.055735874986945	0.0562225418316981	0.0544637931062641	0.0545777900750928	0.070286874850541	0.0702589854561281	0.0710839428491707	0.0693701968441602	0.0843765070248612	0.0819504787493136	0.0834165725650859	0.0822564416607393	0.071764536735063	0.07133175132746	0.0716791565075254	0.0732245554299517	0.0477577479824444	0.0460799481386339	0.0429596662323851	0.0482026376465367	0.0258264382992003	0.024228686415702	0.0231098290172789	0.0258350462678188	0.0108863608895428	0.014187126669491	0.011956888003737	0.0109696244372292	0.00490884916657233	0.00440121553359288	0.00698727345411243	0.00670266184572235
2025-04-22	0.00198905195327278	0.00247146069304884	0.00279895791818014	0.00374052943549823	0.00343493136166595	0.000430336227138597	0.00230787656541536	0.00282685584578009	0.0027998851907569	0.00185343429108745	0.00522665769514184	0.00112002282301382	0.00306208415462508	0.0030995968438913	0.00251838694952149	0.00231993205196213	0.00267368776049324	0.00368902875128571	0.00198067277403486	0.000656610714186191	0.000982801699555261	0.00185254240365919	0.00330548055715859	0.000859175339626961	0.000919481223338902	0.000838356894744636	0.0021181818406439	0.00112398004127257	0.0024447179321252	0.00242456334115643	0.00186552690867576	0.00226519181804261	0.00730253742181664	0.00480424422860802	0.00460058756369432	0.00429263078588102	0.00854662933605563	0.00870968202911284	0.00761340533114457	0.00813028330368697	0.0117143907647245	0.0119496940527144	0.012116120938721	0.01221979424384	0.0166226259665168	0.0161108920940871	0.0138472042565641	0.0144192776828319	0.0156641812132858	0.0159075785179782	0.0163596428019557	0.0210685974667803	0.014995595111996	0.0176146035156908	0.015984177790667	0.0194056235816461	0.0136561135976135	0.0145107426397633	0.0156077074647626	0.0152254362978606	0.0130785866714867	0.014806420887139	0.01377592085647	0.0123390715849043	0.0119759817427762	0.0109640784804585	0.0126124116546189	0.0114475281221463	0.00964087898997481	0.0104417303777906	0.0103299915912811	0.0105873990409535	0.00857028129390105	0.00620770789835432	0.0123414999737509	0.00888051083399376	0.00594299099316984	0.00832695804884544	0.0095969217216285	0.00813312923635622	0.00764669516033074	0.00574417327485729	0.00892685519501159	0.00868227636980038	0.0112452144209417	0.00933475398536554	0.00934010394818224	0.00907992764551047	0.0167936053227706	0.0153654010310058	0.0140373895653675	0.0148036040808561	0.0188575803066813	0.0189078425431617	0.0202127412044724	0.0190218359456845
2025-04-23	0.0223358325919312	0.0173049989648151	0.0224800983314677	0.021879070111786	0.0213601583641742	0.018968663399267	0.0196199133252471	0.0220512649113117	0.017647874367351	0.0135215551181991	0.0181015598931701	0.0167290106212798	0.00987381009828402	0.0101375729903757	0.0101456964163244	0.00984292049501592	0.00644932978384685	0.00240319739269365	0.0012852994905232	0.00386217333293629	0.000783785106301628	0.00224748406287655	0.00204419386510724	0.00292453696571458	0.00446855758850792	0.00339153170623469	0.00216988189330724	0.00297002881195014	0.0156585072867382	0.0164131234741449	0.0154179809164802	0.0175103883226366	0.0261249880372963	0.0282484329732508	0.0247809823925277	0.0248455965969252	0.0335189699396197	0.0340096247923396	0.0345277103457003	0.0339436949223404	0.0465823823117285	0.0473830926922259	0.0458261443884549	0.0462083806075907	0.062750667192454	0.062944088332362	0.0601586973411428	0.0651465471340412	0.0772936809527413	0.077549689951197	0.0750577602117439	0.0790988688843177	0.0888302808100582	0.0885449106664691	0.0894700721591947	0.0881547363642781	0.0971822355647668	0.0979187319389694	0.0983168446786378	0.100582187817626	0.107965169391922	0.108901610265345	0.107120855522922	0.109012364819811	0.118033676154102	0.117060844278356	0.114800091233585	0.116105388333958	0.116911515007877	0.117839232433724	0.114229571752115	0.119019680806284	0.11805118876667	0.119840147435607	0.119788807748636	0.118319856049087	0.0996967436410569	0.0969494799130711	0.0993821541807661	0.0989716222651059	0.0684826928901726	0.0690142440148193	0.0685637861022758	0.0679392769927324	0.0493085460383959	0.0508749210468981	0.0472726532845045	0.0485438796302015	0.0391418247587259	0.0386429792967809	0.039705638519869	0.0375095574246241	0.0367087537726468	0.0383006161057163	0.0352685609294018	0.0347220691922351
2025-04-24	0.0417382937659165	0.0421716688976467	0.0409931142688557	0.0450969230675812	0.0458628389824325	0.0469261251850489	0.049199324532455	0.0430117113000637	0.0447714161409368	0.0466041630109713	0.0466535514155128	0.045970869432579	0.0402822396807622	0.0445052639960588	0.0417463459394958	0.0404661503836833	0.0362938690932998	0.0359212581451218	0.0355144488114095	0.0362704239501689	0.0314314565562703	0.0305364694821296	0.0292823180498819	0.0307497559117181	0.0185069740799041	0.0153049850835315	0.0162244626949419	0.0149635781416225	0.00263052359155256	0.00602814585435212	0.00208108136366412	0.00226024919043119	0.00361458545493965	0.000410037471759226	0.00310641947532209	0.00386895759797903	0.00883170964127751	0.0100579226452001	0.00931720575130516	0.0107931619622173	0.0163334533153952	0.0185900239226198	0.0175929407993217	0.0184835819626633	0.0258123648277576	0.0270594179302392	0.0270014500242586	0.0271267672177446	0.0354339771713527	0.0349588370670087	0.0347556089462256	0.0358515768154129	0.0417179283389308	0.04223758657414	0.0406939679404613	0.040350517146468	0.0443686542897971	0.0471962044980373	0.0448933399771247	0.0435418012350409	0.0457135433596762	0.0419778751391339	0.0466031385889409	0.046705442912249	0.0453896362739543	0.0412433365629429	0.0419206464051395	0.0424463807579634	0.0422742890174492	0.0424290824932717	0.0430182831928965	0.0392783452963826	0.0383113623281918	0.0364936891922909	0.0370024009752992	0.0391925475042181	0.0241878655040616	0.0215956111486636	0.0219821353528279	0.024234387994447	0.0105056587243834	0.00681652617022938	0.0103483330472732	0.011329482058114	0.00626360054318092	0.005512772678752	0.00520275683568838	0.0050208699423787	0.00441490116092102	0.00445573297086536	0.00211276588836432	0.00401659997984929	0.00316357332957024	0.00297071776915285	0.00200827482886861	0.00285743407240831
2025-04-25	0.00137448511585676	0.00283184177488848	0.00166120795742958	0.00213246515182518	0.0010318657583194	0.000678043448151666	0.00180994541529372	0.00248014537823522	0.0016236629028458	0.00177438603919744	0.00171796485529457	0.00388398620266219	0.000749623301228906	0.00363923024820786	0.00286591549690097	0.00474523095366226	0.00370591539576532	0.00310172434805482	0.00181165983873745	0.00338070041744241	0.00444856268080821	0.0014497463260863	0.000966069555184754	0.00113562143792074	0.000272755859498265	0.0026538160713008	0.000737797847482705	0.00133563022171823	0.00635951866371773	0.00659999855867037	0.00789871660151366	0.00614176617609825	0.0176623884572339	0.0144059679991893	0.017665615286369	0.0182660282572079	0.0307343860048152	0.0293157031568005	0.0287669814085093	0.030182929429875	0.0413835416516412	0.0419272862435194	0.0414447645159993	0.0432444075888402	0.0511801763647488	0.0512814080449785	0.051652049003829	0.0498863665864437	0.0551553328304321	0.0560154612969552	0.056611047731475	0.0552181581411378	0.0564254924140908	0.053583925898599	0.0579954546140779	0.0569951270732323	0.0503452899592454	0.0571342794128081	0.0547446596354391	0.0547757709925075	0.0524637362340924	0.0522016448046038	0.0521441869882275	0.0551904319730764	0.0576382284141031	0.056644658557199	0.0573515524136843	0.0533655606150136	0.0656933558897625	0.0678375068651216	0.0670336385970178	0.0664354986480981	0.0688154626409128	0.0699438489813243	0.0681164002688203	0.0701242881089426	0.0539125107050508	0.0540717663399847	0.0538433811854891	0.0521723417694753	0.0401335768030772	0.0374447505730781	0.0386528949239407	0.0387687776999039	0.0336163814206488	0.0339412355186006	0.0333935389745868	0.0350488440861638	0.0268488177069725	0.0282306131680644	0.0284189092769959	0.0325016598479673	0.0251708150374314	0.0208334273247453	0.0219145221050804	0.0210812355327429
2025-04-26	0.0168804228247828	0.0146087045286286	0.0184044232757517	0.0171064493708369	0.0154981120302667	0.0103200705156344	0.015111391375126	0.0120704260789729	0.00934081061817026	0.0108526544872121	0.00987260252542605	0.00993393236919155	0.00801554049305531	0.00442085749901366	0.00675879808164962	0.0068048039262814	0.00394525355023656	0.00379746660628098	0.00577730074525216	0.0044799790982303	0.00766295543201228	0.00468222283391389	0.00617007710086177	0.00748474463321206	0.0094184405640033	0.00837969070732305	0.00943022430337713	0.00777164442529652	0.0224495574519437	0.0192931606670144	0.0222003316614325	0.0190569502196093	0.0408587762561208	0.0419305909845393	0.0408593444058515	0.0403512883534884	0.0567407273217355	0.0564336723298034	0.0560352867582529	0.0557903135902082	0.0628269931064199	0.0591938709152794	0.0640490688988151	0.0649300670794855	0.058831495076031	0.0622830920491156	0.0621674570040847	0.0627179558707687	0.058019339758506	0.0605614224109131	0.0582582589040802	0.0581609789265006	0.0606687486459221	0.0594818123767745	0.0599932951600114	0.060856143817292	0.0602437089944649	0.0614081290709231	0.061895846504238	0.061452315430374	0.0594932902172579	0.0576903936547242	0.0580328894763544	0.0607834266516635	0.0546412762240704	0.0566101660505452	0.0543189065268848	0.0544296511984996	0.0448730934281761	0.0438386032773393	0.0451536613609929	0.0451346419334916	0.0315973340445563	0.030895917176743	0.0266686639504815	0.0298380848282191	0.0183934980890786	0.0185503066898746	0.0165651248325958	0.016491070388451	0.0144214520321408	0.013778794648651	0.0151910966306826	0.0136086566885256	0.0160993218872545	0.0149996097210208	0.0185127149391193	0.0173883534526054	0.0247580467683563	0.0230705661310168	0.0253456614805894	0.0278257256200375	0.0398295057768283	0.0347141697749435	0.0388996395528384	0.0415566848953897
2025-04-27	0.0478025966538441	0.047090331859164	0.0477932376562197	0.0483138338307723	0.0500004416477155	0.0539921647702801	0.0540610826033494	0.052946310978655	0.0608544198302172	0.0587367983100658	0.0588143885187341	0.0585943933409829	0.0499533636831991	0.0523146822179715	0.047622646911704	0.0491093071871254	0.0378262230994777	0.0373123677591872	0.03617333099583	0.0346880781455051	0.0271571071015621	0.028194771221587	0.0289995244733107	0.0276485972035402	0.0178384742645126	0.0174253444232362	0.0206333036612816	0.0181028776509696	0.0184410501999011	0.0175761127657883	0.0180486430076748	0.0189341940266358	0.0147919643271465	0.0149342146972914	0.0155544952859016	0.0167193256896606	0.0116321320298894	0.0103714027193837	0.0101221844570377	0.0128742807936891	0.00378911608079792	0.000479261302542793	0.00571895611286088	0.00401266650379841	0.00366954201015482	0.00542857785818785	0.00250080732605884	0.0054010728055985	0.0113601413729869	0.0128361816308122	0.0108145348742375	0.0099891421219634	0.013233176212975	0.0150842850965923	0.0136673260087749	0.0130152126816578	0.0141287189956948	0.0152019015047773	0.0150041574323611	0.0156652220671668	0.0145614723555828	0.0124309609295187	0.0140436514520309	0.0139639152628676	0.0134006903024284	0.0128057108684045	0.0130094170398992	0.0107841817892679	0.0108165062851158	0.0141429268283562	0.0131188516201833	0.0139217152663446	0.0127391212366228	0.0122486516761004	0.0156864485867531	0.0133257785005238	0.0107640709718461	0.00910404603866869	0.0116803886033321	0.00845149438615313	0.00390908017087599	0.00484649369342525	0.0042106560862322	0.00703377004946655	0.00745208303159864	0.00872265315273198	0.00589137624885221	0.00293388756681717	0.0134082883575067	0.0122159625698863	0.0112705618988685	0.0111051871737385	0.0222028201919558	0.0229155947939683	0.0214623709387662	0.0204192140753096
2025-04-28	0.0350029489393873	0.0357238968641199	0.0360606169528523	0.0332125372436405	0.0431476157001034	0.0417710928554686	0.0401489534553205	0.0399323379891075	0.0433040070322614	0.0437234269530016	0.0426310809515007	0.0473414850632363	0.0446174528016047	0.0490091757399583	0.047558653863422	0.047814717595015	0.0468226176229047	0.0466487289863212	0.0469246591817851	0.0476039942089889	0.0444510486959259	0.045399306034844	0.0413060046802316	0.0468436405889985	0.0334133975280734	0.0327179001917032	0.0329143800541725	0.033954322226051	0.0176874852277761	0.0198207863229698	0.0214051158324638	0.0180866126167903	0.0199426450615996	0.0229267894474889	0.0220618779607111	0.0230686875302005	0.0276170279822835	0.027461003714001	0.0245657837565309	0.0253561845471845	0.0300596107786128	0.0309060730959726	0.0306267793521521	0.0294075367732626	0.0331957074277214	0.0331093546403702	0.0329159643934672	0.0327789735384412	0.0327211242476493	0.0334550318028399	0.0298884165467519	0.0339354274027589	0.0289076707012503	0.030175471159752	0.032330378074707	0.0305864800642906	0.0294034725855546	0.0296006759808069	0.0257509197489073	0.0282449316847312	0.024801337532479	0.0248945318123745	0.0273483886588367	0.0239557419963098	0.0227625917246686	0.0220186936950882	0.0258091355506571	0.024409579029586	0.0242064090039159	0.0226435213843408	0.0265378087091907	0.0246122609025526	0.0259032552491227	0.0257407040780995	0.0248775945472455	0.0254784461255323	0.0219922120647696	0.0196406803598208	0.0206551161402963	0.0237119914351133	0.0156033671523784	0.0137858821928276	0.01436876468206	0.014241985972734	0.0114545767101186	0.00901515917323772	0.0101533993746473	0.00937686474199635	0.010434871695309	0.00926841061071942	0.00963519539241131	0.00866152230156028	0.0133173312029119	0.011270062784642	0.0103316638880591	0.0130809421243869
2025-04-29	0.0190846969352742	0.0166754411631595	0.0168314973237785	0.0154083645777878	0.0233195175440806	0.0230515577976385	0.0225972211660311	0.0250317034922499	0.0294325093163426	0.0294817179058655	0.0306212010053897	0.0304645717724021	0.0323106798094604	0.0345994635827039	0.0343451457152402	0.0357447108925956	0.0341808143210463	0.0380363762478411	0.0365368790055509	0.0372459304255617	0.0381441507532313	0.0377944967039431	0.0380757074764678	0.0369856450663578	0.0291854617822708	0.0318658247855301	0.027105644991291	0.0288430684409081	0.0242007646122164	0.0247301012122348	0.0242467079606132	0.0208224262149355	0.0248792606061082	0.0236285193637967	0.0243320314861486	0.0261601885439465	0.0305473734427583	0.026093623700177	0.0301732477064493	0.0311857551506155	0.0347435212608464	0.0333909129996368	0.0335610776080948	0.034304488131422	0.038611501166377	0.0398567127600934	0.0362444131324512	0.0382873729410783	0.0439828344026299	0.0417661187475372	0.0404191884350336	0.0428318584147993	0.0464368948906668	0.0462246867689144	0.0480552948816211	0.0462831234587977	0.0505931204784893	0.0531577364865871	0.0531425319418818	0.0521066110930418	0.0586441693719521	0.0551687171653968	0.0602720803989993	0.0589150330636518	0.060843055159988	0.0624776903912217	0.0628755021134505	0.0628037523353398	0.0604005252898911	0.0589233994608723	0.0599966852358	0.0586793900134366	0.0526354317030283	0.0559040202226773	0.0541270397579625	0.0563335083163318	0.0558401366971314	0.0550864898799048	0.0565399332527876	0.0565334401701762	0.0618894562346548	0.0611354325300609	0.060029437772738	0.0619456734625463	0.0663270229501674	0.0655348028907532	0.0659511747230313	0.0661869994360481	0.0677356000084416	0.0643726923558248	0.0626210689065863	0.0642706387291474	0.0553298114644518	0.0561680547376088	0.0571911642668925	0.0563109695310469
2025-04-30	0.0494066412316228	0.0457263487745043	0.0447113566114818	0.0441556533823911	0.0428644239723328	0.0421790812425304	0.0425124059227604	0.0434440888623764	0.0484204643723984	0.0485539306120159	0.0484112898563123	0.0486143151592734	0.0582534305057882	0.0594343166741735	0.059223982295523	0.0580882705245154	0.0702088383499044	0.0685585032311181	0.0698116618761001	0.0704209965428773	0.081059318982846	0.0793423630162761	0.0789503080061408	0.0806480099947371	0.0780151291528868	0.0724597150056771	0.0762848918488147	0.0782402639926214	0.0828864774699752	0.0833959952164349	0.0807985979143324	0.0809189293992575	0.0946272777013067	0.0905982231450878	0.0913036999779752	0.0914707991756302	0.0992200857884952	0.0983921446885317	0.0993710242882813	0.100016745234692	0.101140799315632	0.102563714695057	0.102330046561119	0.102965439428192	0.106512153978772	0.107757277317455	0.110036609759841	0.106693958943932	0.116301390776348	0.116023852379034	0.115613523035475	0.121061233809143	0.127753715723233	0.129617713410496	0.128417277104651	0.12721129376162	0.134083349663082	0.133686044808561	0.136065079293665	0.134165526234692	0.13389115425833	0.134153709753898	0.134721757251783	0.138233378735989	0.131356488489139	0.132319547836574	0.132020051739736	0.131303911934552	0.122139413249825	0.121893661629978	0.120382320373599	0.121584604746598	0.109181257886752	0.107764153601027	0.111160418765489	0.109894169746732	0.111400251075619	0.112468998405242	0.111518182834617	0.108612567684523	0.109272350214019	0.111710018874552	0.112659491433836	0.113358139477593	0.103779847968735	0.103593266813855	0.103338641300652	0.105288243916759	0.0852728028319095	0.0862796492740581	0.0852362968362066	0.0862112510578258	0.0675747270955645	0.0678181424287616	0.0634271401007446	0.0651799903749294
2025-05-01	0.060886696527992	0.0593355833183816	0.0597538370089179	0.0610238831447085	0.0719512022809383	0.0693051388543819	0.0687558645209322	0.0689877943437476	0.0850081711268411	0.0881309790689737	0.086747737569455	0.0871131122347301	0.102753015125252	0.104161170134595	0.104520019103111	0.104565795637042	0.111847083793349	0.114194129284249	0.115270237078801	0.112688549843601	0.112663181423714	0.112453641239896	0.113615421741062	0.112267755595328	0.0960724197151703	0.0935451804498976	0.0933249722079556	0.0930574276269765	0.0802282841225216	0.0807811264132696	0.082638183808012	0.0843524056561969	0.099970236775118	0.101957293063364	0.100618339870024	0.0984541302914941	0.123333264275399	0.12622563073904	0.125725990770536	0.125715114215025	0.152735270148451	0.149847642254742	0.149309374406829	0.149107713189978	0.163662864055783	0.16902945332858	0.16315703963803	0.164150642977606	0.170818506515133	0.168276951134256	0.17210069462484	0.170803847725772	0.171259750278772	0.174332016318564	0.175255434590652	0.174152798812011	0.176974684684815	0.177612145080823	0.177482549462559	0.174930620771803	0.177501070455943	0.179018390730276	0.178521202681746	0.178959336132035	0.169819325334988	0.170746193846278	0.172386353516257	0.175048127302477	0.152709932832998	0.151539193029627	0.15140979233115	0.154341081806225	0.144683473185711	0.145624491604	0.145853759536701	0.143838275673589	0.145611609839819	0.146170629646624	0.146045318910487	0.14517244160307	0.139630978843212	0.138543486127691	0.135848119615422	0.138977415413675	0.127156055039487	0.128093469374613	0.130525685491987	0.127224790093913	0.116796776863259	0.118562902791033	0.118764559849412	0.119875760496297	0.112407535581724	0.11188918248415	0.114575282571533	0.111127999362593
2025-05-02	0.110529840257634	0.114100166140361	0.112121773014227	0.114248220587778	0.121833970052377	0.122689319958227	0.12314057452253	0.123336135466866	0.131745221308114	0.131643643026018	0.133296429206198	0.13031470645967	0.131661584946005	0.131978961360656	0.131304141123155	0.133055312570184	0.130041073413084	0.134627771639108	0.128249216097124	0.129081938850684	0.128110239544752	0.124393171951985	0.12737962671205	0.130116961791213	0.113337250637103	0.11548734716249	0.114050364390423	0.116125037809984	0.114048243762059	0.113687645505714	0.11129688552125	0.113967225210978	0.127773053333712	0.124854066588422	0.128226902740861	0.127145977337005	0.150171755619837	0.150063393147774	0.149414007701689	0.149350843530701	0.177106159987332	0.176428672983203	0.175661972686547	0.178803194342918	0.194993011743016	0.195383558065283	0.195799602929211	0.193823827262489	0.200242236540592	0.203237197050614	0.203179646974444	0.20234091943435	0.184112371254167	0.189372726399901	0.18897591043605	0.188538991909882	0.147870417048565	0.148460443063198	0.147238975251233	0.147430164637004	0.122898586393685	0.121543256025904	0.12427504372119	0.122283113859221	0.15166744051212	0.155663013364759	0.152963479931348	0.152706066191773	0.142891025939298	0.139872313207704	0.141873931888513	0.142362728964485	0.126664431499334	0.124698268982499	0.129077667284174	0.127559632233992	0.108726477473047	0.111030974911898	0.111729621228551	0.111512926386503	0.0836570292516787	0.0836767959745656	0.0808008464971759	0.0828653282765798	0.0625471895895628	0.0638759717876421	0.0620421558653594	0.0625346827574358	0.0557214421061756	0.0539524626665635	0.0545305784082133	0.0557955168190476	0.0461934565993606	0.0436516429197191	0.0435021180582935	0.0426527824226267
2025-05-03	0.035544105587835	0.0334442942766161	0.0354717451494775	0.0335398549860714	0.0354013700250061	0.03623430842898	0.0345595596305717	0.0358047619154422	0.0512069004507079	0.0447164408557194	0.047647316637744	0.0474293420558287	0.0578092291245434	0.0563842015836369	0.0583956771027585	0.0594108921890612	0.0690431211254831	0.0698326392138892	0.0684681994360623	0.0686560402245654	0.0433042263577409	0.0433520200727486	0.0421657121581109	0.0421780414113996	0.0216446646441993	0.0215922913367461	0.0212795930800989	0.0214834509389557	0.0134536040579895	0.0128364961809612	0.0167024701049843	0.015007429656065	0.00912462440273987	0.0101166224039959	0.006699988462337	0.0100587647309273	0.002625818842254	0.00210372284752781	0.00150166041967134	0.00176879789054685	0.00607451883626312	0.00722426823147313	0.00602864176513348	0.00467257116713026	0.0260730300351426	0.0253724791455663	0.0244174094556642	0.0251370813636269	0.038636193420058	0.037606449854265	0.0372068810184874	0.0385504757071896	0.0395857982073232	0.0386683256884851	0.0389608345550976	0.0387850415490942	0.0327076449615453	0.0332606274321834	0.0326790141096075	0.0353527134966638	0.0306523998869297	0.0295881771364024	0.0312554881105785	0.0325039348660894	0.0322584727906311	0.0310262728369245	0.0325269928803495	0.0311882614920948	0.0318048454006377	0.0334349688964962	0.0311250118200818	0.0316351738827844	0.0296815244110376	0.027626078393616	0.0298658287495066	0.0298265684458399	0.0193704156023151	0.0189270054513698	0.0176070816288611	0.020095497317454	0.00640014817373002	0.0110633256130772	0.00622726915366442	0.0083092570595284	0.00583028103459542	0.00460520629572363	0.00886087329552063	0.00770363937416032	0.00980376047898984	0.0109352721090583	0.0117382480790336	0.0105227193329182	0.00863915269435525	0.00985029744246514	0.0125741517419853	0.00893639812119429
2025-05-04	0.00909588887440221	0.0106532379088879	0.0107374221466697	0.0105134510700402	0.0171548076337239	0.0191419192709462	0.0177112388214549	0.014992034273875	0.0272540880382381	0.0232866964582585	0.0266118032019172	0.0258474123015862	0.0257635958175436	0.0273944774599276	0.028543145472621	0.0292987812499078	0.0201012580837617	0.0193947036433221	0.0228330830030406	0.0206709552698756	0.0126867469821945	0.0146528335520506	0.0125643155357965	0.0130961039299584	0.0106365184683219	0.0128796075130685	0.0107458016831153	0.0127380723354943	0.0178513762195806	0.0176955977851441	0.0192008620137786	0.0212521639814967	0.0281386202735515	0.0274738432060257	0.0282703645910287	0.0271171719293941	0.0366519459712385	0.0349388997803577	0.0350248841859035	0.0343842700625004	0.0470057648745603	0.0437253623951391	0.0447480110877877	0.0475208616425129	0.0604652088900179	0.0592636489849631	0.0601027936993754	0.0611683484256436	0.0800811610844283	0.0796582688236764	0.0788874649787973	0.078373105113098	0.108374565217576	0.107556816724939	0.108868163518628	0.106200454538857	0.138435339826513	0.137804863281779	0.139564249160443	0.139195547731265	0.163282359673292	0.16423159211089	0.162615228728111	0.162870819487707	0.169896488301199	0.171198311771873	0.170981924673398	0.17092327525353	0.153101198723339	0.152330029185525	0.153363068417744	0.147205703673392	0.130692480619945	0.127361094480273	0.130898630106829	0.130047794792953	0.106253723050857	0.108577389886786	0.110255886066135	0.108913000996222	0.0901863624109063	0.0931865996166805	0.0918844095722613	0.0907426284001519	0.0751983526430873	0.0761724347248163	0.0764268999010623	0.0772023127310341	0.0703363285286401	0.0688757186959146	0.0693572245098993	0.0704307282655461	0.0716023795021014	0.0683782658728624	0.0706107146061741	0.0714086400188619
2025-05-05	0.0676662178587255	0.0672870726694927	0.068290899514142	0.0637558099576399	0.0585452377490265	0.0581264389184871	0.0607699731809957	0.0585583501514908	0.0543068565146157	0.055171471263922	0.0531165442521272	0.0574051279693352	0.061213995820864	0.0569117267627632	0.058438631351773	0.0584356460645998	0.0640514679440024	0.0621306013721966	0.0628866237739062	0.0659313069098948	0.0596313349491099	0.0580278593967101	0.059457507014352	0.060883298639828	0.0423065049917986	0.0408999747734249	0.0418557618051505	0.040937758429626	0.0267251189996899	0.029791873259736	0.025602233986543	0.0258807737540311	0.0184028097003898	0.0197274681176432	0.0163156015103862	0.0175541206715807	0.0122513427955886	0.00985073317363999	0.00997129638141389	0.00892662764935748	0.00504969242556332	0.00490618118209484	0.00330275891154633	0.00374136748079551	0.00435584177222418	0.00323123509272037	0.00485094022900238	0.00556198290605306	0.00928837162836136	0.00855489295350263	0.00676628645605353	0.00939044896208249	0.011109915127061	0.0131302379503281	0.0122943133302614	0.00946553359234945	0.0137819923744125	0.0143956648793427	0.0106226013062831	0.0121997414399617	0.0074479770917296	0.0100327371760773	0.0113308282730348	0.00918845745915831	0.0118249544639456	0.0109035995384692	0.00673262015515969	0.0105388258424255	0.0168209469690715	0.0173388569122151	0.015520648139698	0.0183195479790154	0.0224972988828322	0.0210047451838198	0.022557061206983	0.023940894726365	0.0305028610284397	0.0293794802166012	0.0325919108722149	0.0305257478827442	0.0428719464336604	0.0449304893304601	0.0426704003559447	0.0435271638799347	0.0515250860034681	0.0571266932513862	0.0519096746029118	0.0524385461422339	0.0570443770371115	0.0574215901639068	0.0567259939778212	0.0598080388211605	0.0508511964545008	0.0502204171980442	0.0487618678884924	0.0471665184589626
2025-05-06	0.0334892295773737	0.0329234495264743	0.0336721614339189	0.036915159462233	0.0220155176566184	0.0214230163390405	0.0229166082265737	0.0186448577777674	0.0115074774320367	0.0140284807975405	0.0115023039555249	0.011961737814898	0.00653459659992559	0.014284046196205	0.0136273323781105	0.0115540248257589	0.012640490663637	0.00871779468444961	0.0119576339647921	0.00868408068712131	0.00685208999456337	0.00724366344615906	0.00739619427619851	0.00950805228307906	0.00525498661294828	0.00424622294833327	0.00729209233247249	0.00420669810624596	0.00593628644673484	0.00737973000487883	0.00828321494711652	0.00740076860126981	0.0153455590705926	0.0129393506673716	0.0134347575873835	0.0132803326746523	0.0277752411565479	0.0269697538296162	0.026527918490761	0.024727086523075	0.046144017100811	0.0455435989114637	0.0502177272480668	0.0470946567396584	0.0691561330016861	0.0648459087857008	0.0677912340743383	0.0682067241382747	0.0764459051829799	0.0781255596273249	0.076009796109909	0.0764187390797861	0.0744363767890754	0.0772784638372723	0.0768002313372561	0.0794849280363962	0.0726075213559334	0.0740421280630659	0.0738015600103062	0.0725487905706945	0.0600935493662991	0.0620648934773884	0.0628549170194113	0.0639866401369011	0.042301161906908	0.0446657788771443	0.0430835028044828	0.0439495564114649	0.0284426358634356	0.0287985578868384	0.0294323457133592	0.0263264605363668	0.020428670104882	0.0222506810727295	0.0207943383256616	0.019526310496727	0.0160931933432123	0.0185267695993031	0.0183338547286979	0.0150461823287867	0.0151861632867163	0.0146076086118652	0.0149909060946834	0.0162153220067351	0.0131347104511929	0.014490574467558	0.0159943025603333	0.0153804125209158	0.015142754444578	0.0128447859071267	0.0152507409923673	0.014761718655928	0.0167564534666431	0.0162999508591999	0.0138380263849135	0.0141055692892435
2025-05-07	0.0140301855764744	0.016516181270885	0.0176957189381978	0.0167579142144427	0.0169159091791181	0.015685879599321	0.0152297057604988	0.0151685054610622	0.0146973350916013	0.0126580610354389	0.0118696825141817	0.0127749213587781	0.00796986396767448	0.00753486219615301	0.0104468775127675	0.00804839632340502	0.00547891174135685	0.00365627408353384	0.00630465114460192	0.0045601630305074	0.00315776388582185	0.00164250570422297	0.00460737954472131	0.00159235086523387	0.000900063455500197	0.000653184801288697	0.000984821210884137	0.00246193053232697	0.00386179046562988	0.00350036971256699	0.00203770583534784	0.00160013398645529	0.00645622606923111	0.0061703170966531	0.00875066519768371	0.00762279163643207	0.0107939088824029	0.010584032227347	0.0118779259782276	0.0137441329120225	0.0172789905552572	0.0177934145143181	0.014833022572808	0.0170945723576167	0.0230022528518784	0.024364615591831	0.022367546059241	0.0202655854970496	0.0275005178143189	0.0291120530630613	0.0281476469772431	0.0292397821453768	0.0348415113948724	0.0356214769895267	0.0335037285341643	0.0310332830814366	0.0365213998275396	0.036123817938671	0.0351423582565635	0.0382124239772259	0.0342129285248814	0.0369449660076542	0.0360988850773967	0.0367432203900677	0.0356037451785365	0.0356559694549505	0.0354727512938639	0.0372675340726491	0.0440231699095921	0.0436219850782867	0.0440958503840271	0.0442589946280941	0.0535021033281453	0.0522499983340687	0.0563403011419986	0.0529075971957874	0.043710108125156	0.0474317487000192	0.0424358256912952	0.0444223174835295	0.0237988964791738	0.0241772624660663	0.0203675693678467	0.0226562716869132	0.00830693436157738	0.00807056089685246	0.00662247701363779	0.0100000277279324	0.00224456034658369	0.00396698925581766	0.00158558713666409	0.00420286326093456	0.0007605177822133	0.00208368578369812	0.00314812122714975	0.00200767520693883
2025-05-08	0.00321704131255678	0.00121185061436369	0.00108143890130917	0.00248966917177035	0.00277262149517972	0.000480120814737219	0.00375676504907793	0.00399049264100513	0.00378084114813085	0.00457938915052392	0.00266042131588682	0.00397934838545841	0.00840209083552334	0.00275888670195332	0.00515384974931865	0.00368517271320469	0.00597053740825689	0.00660802282267186	0.0062958257404873	0.00612561402858395	0.0078571122235231	0.00633166289212404	0.00761147858756212	0.00719974629679074	0.00360422607336525	0.00399486376982019	0.00177290657325944	0.00262800358355512	0.00117018989580077	1.61616979573657e-05	3.08799461710332e-05	0.00178276846007084	0.00310261389903912	0.00621959157128895	0.00256368568406407	0.00211410884560786	0.011640675639914	0.0104003741439999	0.0093890650061084	0.00756988520997767	0.0226566778628294	0.0209301696166393	0.0183655724900603	0.0200475800304711	0.0326744414487385	0.0325319984071007	0.0333496817725141	0.0344438783716466	0.0443744369883028	0.0409083518006801	0.0430571337354567	0.0426600774755604	0.0519231515550637	0.0478362439489077	0.0466170685102105	0.0486235359858181	0.0514784998978116	0.0520074391047092	0.0538042959298207	0.0537097650676585	0.0568255245286607	0.0553031219807085	0.0570074364934158	0.055863916997215	0.0521365111936059	0.0527866736902064	0.0554576971539969	0.0516191179621908	0.0424922802523459	0.0396688247278778	0.0401310589571867	0.0397078360625896	0.0300074214341351	0.0282601527359907	0.0281741184698061	0.0295583073600681	0.0240837741831246	0.0269051460132652	0.0258850486819911	0.0251260311216191	0.0276144041239075	0.0283561607450989	0.0270622920404276	0.026967143090566	0.031164508667637	0.0309082567596355	0.0327748582987684	0.0301523762739591	0.0331555260266457	0.0317349516902875	0.0308061178542026	0.0313034044288642	0.0281348363858605	0.0262492343854882	0.0279188050073459	0.0276971242213054
2025-05-09	0.0165071533910868	0.0154349073692723	0.0158661699369165	0.0171917693027245	0.00640000020990994	0.00620400414874403	0.00598495892557802	0.00641103671576801	0.00146274158413654	0.00330946264387484	0.00221014813452733	0.0010176476374613	0.000833862258658686	0.000863356001339921	0.00153547103649239	0.001767310703509	0.00141019563171109	0.000189539793244732	0.00187377426203537	0.000526490313008815	0.00210701934280982	0.00263572979117374	0.00198537156464097	0.00327187930137546	0.00589892305221646	0.00718332600518799	0.00525894779601116	0.00565880314658439	0.00908858596767022	0.0094134929247075	0.0102634080648275	0.00923451304279481	0.012518144022507	0.0106441245673723	0.0119903118628941	0.0138474195472266	0.0139645289622565	0.0134646016680027	0.0137989539085322	0.0157719154612086	0.0162227075261842	0.0129867154985087	0.0137858694716447	0.0150047075036624	0.0136682405569732	0.0142766758644194	0.0143917718133831	0.0146633117652243	0.0137882146942311	0.0128314019139181	0.0128729566618365	0.0135074267300143	0.0123250188067602	0.0111927721872906	0.0114393979480925	0.0110428110578566	0.0100814762140397	0.00964338784847645	0.0111326420835764	0.0101424938539075	0.010401043304193	0.00895811716946071	0.0108982484504869	0.0107425910758593	0.0110330221568232	0.00963682867666863	0.0109555107214202	0.0133746384450879	0.0114510161984819	0.0139303110167904	0.0169773648321649	0.0146413079525628	0.0244507337024	0.0238185301680445	0.0215438472913399	0.0211868888382156	0.0316150643110912	0.0300707753971262	0.030399422878362	0.0309147374134206	0.0346273011122676	0.0346263593847132	0.0326794557820928	0.0320668837209264	0.03233270643128	0.0335240374116581	0.0344774542761861	0.0326658018808759	0.0331143098780633	0.0322749798449805	0.0323245333090677	0.0342861769678885	0.0308067445179919	0.0292142019273273	0.03178173410701	0.0311973194476709
2025-05-10	0.0278023976171474	0.0294935302602954	0.0283972316228035	0.0253068404997536	0.024466147427688	0.0270705088221051	0.0262906611471347	0.0261726826030721	0.0263959892944017	0.0288058169661227	0.0268932052426172	0.0269049884968583	0.0312736596427242	0.0318588561554019	0.0284507794919233	0.0304167047099506	0.0371944692922253	0.0369892785490266	0.036348633066137	0.037467619092611	0.0446393924368757	0.045234496980537	0.0448097017759996	0.0443164088065877	0.0426925248288634	0.0449610803930999	0.0420113511819084	0.0483350435961284	0.048406249137748	0.0459402494759147	0.0442890021824797	0.0443644992038576	0.054965870970911	0.0558346448843427	0.0567184292247408	0.0524810549200055	0.0699126573132141	0.0694438996273754	0.0690553195318098	0.0695881235276007	0.0815132991966088	0.0838919977748712	0.0820494504626558	0.0835452525658642	0.0904615649305705	0.0929970585023256	0.0899481055257833	0.0885932710413205	0.0961641177418345	0.0920754357985119	0.0936554143229068	0.0911050321367468	0.095784946579491	0.0937573693237453	0.093894499895505	0.0955631842012587	0.0935004104194331	0.0949568232597001	0.09426257660393	0.0932801897169368	0.0944620866564685	0.093839851750369	0.0959340183787168	0.0957640432144458	0.0903258247464262	0.0911583000757541	0.0910253218737777	0.094490553304042	0.0863043628411971	0.0863411990943641	0.0865155324802371	0.0868389055842018	0.0829007203035962	0.080972111524535	0.0847106756527042	0.0834164925191646	0.0954984285432385	0.0930085120958394	0.0926303602394964	0.0938626991214257	0.098836382510165	0.0995305318159488	0.0998678024704653	0.100765283203421	0.0880119194374847	0.0874727533070005	0.0916644204464543	0.0878509068090604	0.0756603913750388	0.0712238028209018	0.0725193262220821	0.0715964795819772	0.0566654216055347	0.0579245819933507	0.0573395486601691	0.0580704477409456
2025-05-11	0.0424438854991959	0.0383985325644088	0.0434590161480159	0.0446985657883794	0.0306809676441735	0.030224198400196	0.0302204529785576	0.0288743809770729	0.020188912292715	0.01907053268811	0.0180868969741155	0.0256536580450595	0.0147611578963446	0.0125480427380208	0.0131588505903736	0.013531948775261	0.00711686942759521	0.00623834750138191	0.0073229538970146	0.0103218291740083	0.00467409625344479	0.00143356057307352	0.00534977058291399	0.0025425725905677	0.000992404179767935	0.00159065531847283	0.00198818304633561	0.00142875745542362	0.00304026087801793	0.00269623835739499	0.0010586490550012	0.00120485170958588	0.00487356661312857	0.00538276180670504	0.00581740327723374	0.00492626830293265	0.0127395598464129	0.0110533054415508	0.00792509600883312	0.0112820387032032	0.0191907129144409	0.0164408124114381	0.0167791198067537	0.0185893548673673	0.0284440071458666	0.0285956197457337	0.0274908408486165	0.0234695322597832	0.0384733867429785	0.0396646163687359	0.0379827861636812	0.0388792107246044	0.0503238457856996	0.0504884263145075	0.0506695294170156	0.0485181984827773	0.0564195108869188	0.058084796506477	0.0607099596929782	0.057785732913626	0.0593531246125616	0.0609271558310406	0.0623094443714492	0.0594102751849485	0.0573769008483305	0.0574332549823233	0.0591380500542677	0.0570517941150785	0.047890653451472	0.0484641698248568	0.0490809506582411	0.0495642260654301	0.0432115306919777	0.0437540220900162	0.0465858484928275	0.0454485987251786	0.0444526256722122	0.0411752839823496	0.0416376631222532	0.0407344272231851	0.0330285074933875	0.0359335550372512	0.0313952979437095	0.0336426395256518	0.0307524412746615	0.0313809695379579	0.0290962618289373	0.0287703273584433	0.029012975877479	0.0280016169760384	0.0283907775854077	0.0285946295610749	0.0273379147846559	0.0265914267936536	0.0273823877509539	0.0276882706707366
2025-05-12	0.0262942837524697	0.0267347458260643	0.0269357056656111	0.0260352647558549	0.0257527092892099	0.0262762508903512	0.0257388341510502	0.0252322056693888	0.0238429192801882	0.0246628399131412	0.0237534320860253	0.0237408087206454	0.0245316032986229	0.0238137138595678	0.0257070175159332	0.0259476653258761	0.0258370352750714	0.0283587453927258	0.0283294688609755	0.0264747504712272	0.0273983760824811	0.0211139907278376	0.0266385929510246	0.0278490402386567	0.0119732602166227	0.0144378825681197	0.0143459334058074	0.0172429238094501	0.0100810696726131	0.0116554522858555	0.0100722125409699	0.0101912655005614	0.0123216334127407	0.0105753855537923	0.0121530851545232	0.0139498958789437	0.0106074811231165	0.0102773382390252	0.00905850876539661	0.0110566718724617	0.0178673047669005	0.018178362791019	0.0163058259436088	0.0176485064984718	0.028325280819615	0.0266542302565442	0.0266255132135827	0.0243949757102581	0.0331367417894778	0.0324232491051078	0.0292794962812284	0.0321605128241859	0.034612144950576	0.0323996149593395	0.0337004677897648	0.0342877723003196	0.0324377926249347	0.0319009536981521	0.0331753383379318	0.0324859153389815	0.0285339453132496	0.0302475161759181	0.0307136560426276	0.0265048824682047	0.0278334492976202	0.0245651444467096	0.0247027228084836	0.0258986834471866	0.0254248703446386	0.0257805633324383	0.0249936423467097	0.0248009239762134	0.0311963730652072	0.0297693527148245	0.0305992841894097	0.0314349900305586	0.0325563963402216	0.031612542388104	0.034795428976893	0.0320356322947814	0.0244249162732688	0.0253566609571421	0.0233245367470571	0.025893886022532	0.0178141202133931	0.0140722281909403	0.0139532080277114	0.0131604435679552	0.00972333020070763	0.00791952899050592	0.00740589044384495	0.00695125036494151	0.00313768094661506	0.00564548632816526	0.0100000054985683	0.00321682722665142
2025-05-13	0.0054907801112823	0.0064710903309244	0.00530582445801068	0.00573230509978262	0.0060939518509675	0.00735935531952626	0.00723387035431343	0.00431282247519281	0.00400622210384083	0.00431629475965793	0.00597651673657502	0.00670096639992622	0.00294938032386827	0.00576078649567926	0.00193987830610434	0.00334995487434812	0.00124334975580575	0.00218319564526698	0.00321766607405798	0.00535578852486929	0.00272992901556251	0.00334518853988648	0.00330094290581698	0.00162393953873403	0.00102013701249316	0.00105981886089143	0.00185657562664338	0.00106346849997203	0.00177403495318253	0.00120528045999637	0.000970457227923027	0.00105022735889807	0.00557626116444112	0.0025122515458962	0.0013353068857908	0.00557618040387189	0.0040299446624101	0.00277483850647117	0.00786999557242717	0.00432522125869157	0.00709073092744082	0.00249777735845559	0.00405214434563423	0.00835934736846936	0.0176482905273926	0.0154401188475599	0.0163763615400862	0.0155352290849613	0.0350540989428984	0.0347032964428558	0.0337165953714292	0.0345260092428166	0.0482417137956703	0.0475259919667929	0.0479479306754975	0.0472843635620394	0.0419158421930923	0.0442438442663352	0.0428012950112217	0.0420390185293508	0.0254960866248766	0.0236391211737454	0.0248669509562759	0.0229978412451022	0.0124726629147367	0.0142573828440564	0.0119830866797729	0.014286867561434	0.00999432466810526	0.0114396188825547	0.00932060539670968	0.0102454510526304	0.010170601539903	0.0127330891075518	0.010877250628647	0.0132190587238982	0.0135831855081701	0.0174474039501252	0.0143396062428752	0.0136298042988295	0.0187497634119908	0.0189676471998007	0.0162308488879778	0.0170517405002306	0.0192651296997602	0.0168771348650142	0.0220168227719071	0.0208409126633185	0.0175572330411557	0.0188618665325964	0.0200479392283196	0.0205329611979283	0.0187345546675617	0.0193098456866448	0.0197437764767384	0.0192118231690551
2025-05-14	0.0196010112855442	0.0219953151592437	0.0214307672179824	0.0219729063372296	0.0251848142551588	0.0225968874269888	0.0224665473742661	0.0227517509435863	0.0258076131445435	0.0275619513886699	0.0257444783162817	0.0258859571505049	0.0293818951090962	0.0274743109187042	0.0277304851588041	0.0314133088133954	0.0282446495560178	0.0269455239449389	0.0281117586078935	0.0246980678911498	0.0304729861452818	0.0254011193942958	0.0246248453747848	0.0265010490856376	0.0267467981491607	0.0250538333871586	0.0232074672735619	0.0269919011901188	0.0261149846128777	0.0252823013154992	0.0266576363965032	0.02594507767512	0.0291180718359284	0.0315328827702109	0.0305592115786161	0.0297898338152447	0.0358019483033095	0.0375608102219251	0.0376001027308212	0.0360371387439441	0.0418956610588433	0.0375008368846441	0.0391875945446115	0.0364159075119011	0.0437894286446622	0.0425214341913326	0.0446860277258669	0.0440031094381382	0.0514422426020363	0.0516674701494817	0.0517995378379848	0.0530907494104973	0.0555675859633456	0.055016784450615	0.0532267547725034	0.053188874813536	0.0524539206624987	0.0517240627524373	0.0542824622661603	0.0535395543189037	0.0511662981710779	0.0497237699880571	0.0468777960171673	0.0482321358236977	0.0390305264347017	0.0376603726858734	0.0385665863034917	0.0377425145759331	0.0268126784333935	0.0253089180715023	0.0263745723886643	0.02450383110644	0.0146374945517159	0.0175605569055567	0.0157373359360306	0.0160646126066967	0.00843693706100116	0.00876087777650839	0.00667745231297053	0.00812473284951992	0.00455623354344647	0.00425694553233092	0.00545657936560914	0.00373024155861348	0.00727799235229842	0.00886956430430419	0.00710580179114077	0.00974664155225663	0.0130773943061542	0.0119328508599555	0.013306785829678	0.0126829690042123	0.0146572240234513	0.0145236690128675	0.0140858806871508	0.0147332262765304
2025-05-15	0.0139880764455317	0.0175954904877288	0.015690913686071	0.0157255193806686	0.0203857387009335	0.0210676206886293	0.0206191404844586	0.0179275001259786	0.0254823356642241	0.0268975562708993	0.027173032403514	0.0274470756613627	0.0346348770167094	0.0322573027380321	0.0329836476781535	0.0311241725671049	0.0410738698660719	0.0423924867066797	0.0362086739104016	0.0423249695168468	0.0493369674375545	0.0488224818778022	0.0476248209359743	0.048215729748669	0.0390881457244553	0.0378894428205037	0.0394510275561987	0.0385713838988422	0.0299195862471381	0.0298056556716381	0.0296727962289459	0.0296019618522779	0.0268891353439519	0.0260093426474186	0.0267198378800426	0.0273816841285869	0.0159097552113442	0.0166451778513555	0.0162930328265563	0.0151520341107441	0.00857408613675222	0.00834370828774114	0.00743591842453957	0.0106462871509671	0.00587795573214913	0.00612688014935636	0.00461853359793208	0.00637663052056243	0.00598231532409741	0.00729133327591692	0.00772421681570363	0.00200213458428205	0.00492299472399356	0.00293151593276789	0.00438758258777047	0.00475790675546808	0.016159882058703	0.0142734083749713	0.0162506995886109	0.0123160099777149	0.0375773857938815	0.0309108559351411	0.0326461279722282	0.0328656302987493	0.0528379248601001	0.0529610623247896	0.0538018748173211	0.0523991379977892	0.0670277645219221	0.0665790448898272	0.0658578554933152	0.0665353350949354	0.0779426451068836	0.0812945128453067	0.0783480357525365	0.0774148062952732	0.0917717460043553	0.091565878885493	0.0930393099730022	0.0926230651371495	0.0972179758591993	0.0966173267879901	0.0969129114544771	0.0972517858983335	0.104212370651858	0.103484693223661	0.104467096435588	0.100835839688892	0.103940154943565	0.100689154629191	0.105131972075737	0.103238718351508	0.100265568006479	0.0971265348262695	0.100404378065221	0.10020351910203
2025-05-16	0.101821420900913	0.101390732781929	0.101927687776677	0.104860158540481	0.102069983742781	0.103077346972691	0.103663177398123	0.101189491886405	0.0963416857527693	0.098120621087112	0.0982234223733989	0.0963142707867198	0.0899079827720889	0.085400888169026	0.08436659122815	0.085324537830735	0.0833739287811743	0.0841163693578116	0.0842442850335452	0.0842654168274689	0.0764719711850819	0.0763266223642989	0.076396086358921	0.0758053200916982	0.0538287267423411	0.0509260361245435	0.0483212952072321	0.0499239419258833	0.0262268032736038	0.028254327810585	0.0259225767743053	0.0265962921415059	0.0128041844951174	0.0137796252590549	0.0110854801707864	0.0143307100750413	0.00877409008943145	0.00978352349698036	0.00739010119468743	0.00805228521890076	0.00842768507757549	0.00608781591327097	0.006723306668351	0.00576119234080254	0.0173146040439189	0.0185309519941705	0.0194163354493539	0.0177381085125567	0.0452379580534722	0.0458508512649956	0.0443765245180605	0.0455346661634717	0.0736692156779531	0.0734356447364471	0.0717011515196203	0.0721939880659795	0.0897823870718873	0.0904456954992704	0.0872091925292924	0.0915627248995499	0.0858656851473259	0.0867020969853217	0.0851117192343075	0.087320498633045	0.0692897547452597	0.0704122076174273	0.0702786029541152	0.0700194346831979	0.0479710934108476	0.0478580284428508	0.0463561679516669	0.0498147101946347	0.0293818330785619	0.0282741681672933	0.0289487047950615	0.0303952939590833	0.0170362777783491	0.0156132459112539	0.0158502426004761	0.0155002337099209	0.00653069192253615	0.00839708216365096	0.00889322098553909	0.00917900492827381	0.0108737301104097	0.0133069279398192	0.0133390650022944	0.0104802769474767	0.0143060119411851	0.0167063397065268	0.0160590331708729	0.0199286151814152	0.0161504598273297	0.0170852086693732	0.0203156876245927	0.0164486438787044
2025-05-17	0.01432270122866	0.0153044171098823	0.0152252677429566	0.0161476139185011	0.0100073087861739	0.0135321029279985	0.0122007663362611	0.0102598219495665	0.0114195973371963	0.0103803549652194	0.00661025822918726	0.00958978946839704	0.00807964777805353	0.00842016247004893	0.0106396603028204	0.0108605294490771	0.0118568893832926	0.0105410440500481	0.0104670139963676	0.0101350525702917	0.0119320740641703	0.0117080923638329	0.00986104269296523	0.0104987908790316	0.000748388826489006	0.00185818739575309	0.00222843133087984	0.00216499244687806	0.00145422935542514	0.00289809093433914	0.00196690401753728	0.000680775692698436	0.00650839673201541	0.00579774158820728	0.00351414381400262	0.00317971786577469	0.00891965785725534	0.0108298753000132	0.0104806344400904	0.0127698324026411	0.0190733318368308	0.018636072809149	0.0179899260631142	0.020300669290906	0.0272116521232202	0.0276262030224353	0.0299781292739831	0.0301840155803614	0.0376997455725552	0.0390143494978129	0.0401849200517201	0.0381009848779117	0.0461560640819003	0.0461907849328598	0.0476524837045295	0.0450006672807105	0.0500007801049547	0.0493101057691733	0.0528747759222631	0.0498143382036089	0.0538720732184403	0.0511962952384773	0.0513032993058248	0.0526283322372575	0.0568459713110933	0.0528377052817106	0.0551659808184898	0.0541503425887063	0.0576787844761819	0.0591958051572411	0.0590594183798768	0.0550659919867002	0.0554994685413113	0.0570409909442738	0.0565130835083843	0.0569464570060307	0.0479914422677246	0.0505951985859254	0.0505370745947735	0.0518762845515765	0.0378417036008039	0.0371136313484761	0.0393616188835364	0.0386830461671836	0.0266780464544949	0.0256238977057396	0.0231901911889637	0.0265078646508018	0.0165500650914686	0.0160116603073136	0.0172053482689586	0.0152329263322591	0.00967369717756626	0.00967636031772248	0.0105727032351364	0.0100772392695749
2025-05-18	0.00727810482022564	0.010055265752079	0.00857947110539459	0.00808715832230077	0.0111618842430989	0.00784626856008441	0.00789237446055186	0.00809947273626479	0.00766615677224012	0.0083012425121417	0.00774766695233626	0.0112849337632819	0.00948457028877762	0.00785969437836731	0.0099632336328938	0.0106925016999613	0.0116544184071881	0.0125154272925054	0.0119252142945466	0.0119049400057598	0.0142997938414017	0.0131262872577353	0.0132880368857031	0.01728588201516	0.019091033735328	0.0191522164806603	0.019694654185507	0.0180620955985048	0.0283831664311632	0.0282377897649275	0.0283770129692048	0.0290020308347046	0.0353520376170176	0.0371121350165436	0.0374836749548313	0.0370521524116075	0.0518127583556319	0.0455625208978355	0.0470902675205589	0.0475344532259738	0.0654870903032198	0.0632124925414527	0.0622232167203929	0.0630772004349347	0.0786813434941042	0.079500267238995	0.0859157585314024	0.0789026307354985	0.0971924430806097	0.093908665293801	0.0967395699488257	0.0981593216767635	0.107637082826516	0.107996263904538	0.107691209965842	0.108675443303104	0.111594912097145	0.112794794523607	0.11082629108867	0.110784002290578	0.107285408446951	0.105527984372881	0.105813309052732	0.106373298127435	0.102080065045111	0.0993989288523691	0.101047229997945	0.101473776104575	0.0917816564145447	0.0916287691661687	0.0936051215767924	0.0929844528424942	0.0810786046731169	0.0765991302216135	0.0785797403829658	0.0787425247223038	0.0635118582996926	0.0630853585283249	0.0633509471145498	0.0630518360574327	0.0368912906254813	0.0388800551258912	0.0391098866753037	0.0381187675733238	0.023257939965231	0.022371602372793	0.0238331470127086	0.0245373106492674	0.0224582339408062	0.0228742783226376	0.0236844015517103	0.0239830861848459	0.0327447593356414	0.0346720694846259	0.0346297823757979	0.0329533888039349
2025-05-19	0.039887301467073	0.0365289760359135	0.0372951677247464	0.0372885547722671	0.0376335983539996	0.0396517963708053	0.0409810225595146	0.0457335827156805	0.043438807894745	0.0445116901673197	0.0419825247505917	0.0450669771873435	0.0338633222708343	0.0333215853027195	0.0342413315970261	0.0335737608294202	0.0214037135196059	0.0193965370161543	0.0215682886022737	0.0196314608619661	0.0160497854780351	0.0127229611258736	0.0139927681814222	0.0152344852146691	0.00298719542235624	0.00822226827217383	0.00162336432210411	0.00216717198336581	0.00680903488928581	0.00828508126526727	0.00881023521619641	0.0080956486292505	0.0112066466089458	0.0115844481762272	0.0148887275749039	0.0103201776399232	0.020414226271768	0.0185744799097048	0.021028463115758	0.0229828307027692	0.0675857571774072	0.0702749886745787	0.0673916882383811	0.068747565909633	0.0677469408405064	0.0693970198633099	0.0678198362686223	0.0690362030275614	0.0397425510040974	0.0405015845195098	0.0420771543138244	0.0396787101625683	0.0268829809239417	0.0267342120832357	0.0268155177230283	0.0265672892697943	0.0215077501246551	0.0188261863740655	0.0213140750880075	0.0223519884132719	0.0307662511317074	0.032087684580024	0.0298441618897913	0.0303019023984773	0.060798167987581	0.0587406777547378	0.0626300283618351	0.0608311258958461	0.0797861536317621	0.0812964142920326	0.0816959784194973	0.081221453656708	0.0907368453233231	0.0905991525432736	0.0935545206599098	0.0911094814734936	0.117632872247403	0.118333041877642	0.118722268811136	0.116311817063818	0.131394275507101	0.130345544407585	0.127683769582668	0.129576410502645	0.142705174799671	0.144326860417781	0.142405912746186	0.141562052036362	0.147257573821505	0.147951507396303	0.146789419688577	0.145001499093614	0.139981740770634	0.141588603878437	0.141787464328835	0.141642191022094
2025-05-20	0.14115503810612	0.140429008402304	0.139161358974361	0.140254594517215	0.128959224064031	0.127366712574993	0.129198866667793	0.130475196693183	0.110388753946637	0.109035080986853	0.109146506439351	0.10942965862716	0.0854015660802068	0.0854842933609212	0.0862616105643331	0.085852529994539	0.0731476420143443	0.0710912488858925	0.0725398797258905	0.0732212293738728	0.0666634876169522	0.0675005317390534	0.0667673857389566	0.0630685949050377	0.056711884955472	0.0595303007224709	0.0559665626945718	0.0547912516274853	0.05131139684226	0.0533336110751136	0.0540033959528382	0.0513515961297882	0.0478680932091599	0.0509241649510776	0.0464621791722784	0.0467455626674841	0.0420169750146254	0.0408788599727478	0.0406628407896957	0.0404413242229311	0.033347784629604	0.0301368398240432	0.0355856938789369	0.036929681667416	0.0315760837028172	0.030746221612877	0.0298094107262878	0.028868283958018	0.0272724500223959	0.0268717438867446	0.0280023597855963	0.0298534463052632	0.0262052982330854	0.026472950371031	0.0240313529647844	0.0232903984310992	0.0227256636345842	0.0224526913009733	0.0233227764324407	0.0224988686320018	0.0193721371509981	0.0206207217267329	0.0202581545831468	0.0187489865391221	0.03186213030859	0.033221696439787	0.0329644680393551	0.0369517052122679	0.0430410481572345	0.0424134537735055	0.0414192573714021	0.0471262406978578	0.0400933417071559	0.0390348230041885	0.0404968431266528	0.0413749921620028	0.0314859141835478	0.0272304476269168	0.0280470364508118	0.0322366017387236	0.0159906944950904	0.018318774087097	0.0175309062644429	0.0191596251533697	0.0158031050166154	0.0140355659819563	0.0173498837591347	0.0158114452422937	0.0159073536675921	0.0150202207419706	0.0150633516522361	0.0140090739382013	0.0136506111572085	0.0120469492972536	0.0119023510664254	0.0154000884791125
2025-05-21	0.0105925114238638	0.0115677986779916	0.0114337348068253	0.0114059550913194	0.0102057055505681	0.00775038284474133	0.0103435600895421	0.0107003515151484	0.00898400712890742	0.0112984894842307	0.00988057372220227	0.0108369296646597	0.0121265526587644	0.0101877645700327	0.010294579614074	0.0123911031571289	0.0113537642397577	0.0115998454001579	0.00983849948766344	0.012207890872421	0.0124719031440526	0.0105664227902826	0.012854683258658	0.0101069908070068	0.0108276394362702	0.00901341449808501	0.00769305739169402	0.00746588867395076	0.00893529522022041	0.012444212504405	0.011069446585022	0.0155510456903526	0.0224656177084556	0.0189089286163017	0.0183382842129861	0.0192871694622567	0.0274794882555793	0.0261314057303583	0.0270146747000779	0.0283744313139845	0.0315649452074565	0.0301669172064067	0.0325610162561555	0.0317071213299813	0.0349741682158366	0.0342228338444115	0.0347587765019132	0.0360442214378388	0.0399491222649887	0.0381424034816579	0.0398995754209253	0.0380088988324281	0.0441045354424022	0.044687872449956	0.0456503118825185	0.0445572802251233	0.0544007072661513	0.0566279477400404	0.0522143382827331	0.0517570067110751	0.0675732128027373	0.0659680863286524	0.0676248442220613	0.068833856646549	0.080904371971455	0.0823077705424138	0.0845679514793122	0.0822199060068189	0.0933067007571231	0.0953040248902379	0.0933215449896182	0.0940677293630208	0.0993487920322269	0.105026015481092	0.101365652228452	0.10225954025823	0.10203562562045	0.101629057803434	0.10034529811849	0.100990018457626	0.0769788700929187	0.0768950134473289	0.0715055680170605	0.0766205484426919	0.0488544910885794	0.0473898004125629	0.048390553665311	0.0483651548335467	0.0383802203601839	0.0369997918873496	0.0392226493310738	0.0373973384213927	0.0377650661807522	0.0379413074546586	0.0376209820045947	0.0386726443599944
2025-05-22	0.0395360538647457	0.0399177115371267	0.0385855335499214	0.0389607010482062	0.0422797919258398	0.0428211879028937	0.0428729636127431	0.0420260565585234	0.04219530782367	0.0434989063725614	0.039674996501114	0.0426307893026546	0.0403633501280796	0.0380033745592255	0.0386487408733677	0.0379845344393272	0.0378206787261641	0.0380200209775851	0.039027423721051	0.0391318765751997	0.0319745258749994	0.0366102401431772	0.0335079101408913	0.0349073238409321	0.0368138573603872	0.0364779721436258	0.0369156444200998	0.0357925260758872	0.0432323439949312	0.0423003864178385	0.0430137481102334	0.0414535214769969	0.0352695891421036	0.0364269256130598	0.0326567185777021	0.0366467666671345	0.0263727424574326	0.0236139189280537	0.0248479989761519	0.0231653396383618	0.0133820526192504	0.0134822797111398	0.0123802923689184	0.0137553753006915	0.00961655981036769	0.0111179510797458	0.00994665466737567	0.0103188344425108	0.0177107926438403	0.0184452681613264	0.0201363067253625	0.0177076324694708	0.0263856979402304	0.0279447039472969	0.0262856877219483	0.0273839103905244	0.0277587089339209	0.028683194761358	0.0289530284235682	0.0286050678811529	0.0212817554967819	0.0216786363586871	0.0232141714338177	0.0208254367107134	0.0149526873628495	0.0146128554710034	0.0145627082397415	0.0148717489264055	0.0202838946739249	0.0188803136395572	0.0215058776978315	0.0173299139886864	0.0206185899355648	0.0202387425812596	0.0200305602856657	0.0181121071975099	0.0156732726290144	0.0161042100872609	0.0126497605139663	0.0145727567697584	0.00437365988437891	0.00451871031549648	0.00632022220759024	0.00478740759253437	0.00307683096345357	0.00152880981208128	0.000975899411240055	0.0014184598132251	0.00105876871737073	6.29399216048694e-05	0.000940210692943934	0.00293808066808047	0.00386184158042598	0.000531059370959814	0.0014446201975133	0.00116247885110091
2025-05-23	0.00149305078737672	0.00208489685651842	0.00165581511412088	0.00176623724198398	0.00407264048277812	0.00404211594340419	0.00165430842741202	0.00123093514640567	0.00528029428253549	0.00462818285757155	0.0053529579105122	0.00873856494938076	0.0137491945817353	0.0127693230562904	0.0137580651182992	0.0137234172436752	0.0214551403272621	0.0205248058232348	0.0207707750874348	0.0202492787620683	0.0253457829125578	0.0271420538855789	0.0258770197445206	0.0256351434573427	0.0233921622410113	0.0214845031010363	0.0228210132187412	0.0243023214392112	0.0146853594237048	0.013889649606172	0.0147694485652221	0.014655542404901	0.00543992122142348	0.00887529590542265	0.00908922619842256	0.00959555667473131	0.0113218727501852	0.00869077458576274	0.0108035567246507	0.0121837959394014	0.0179101685446966	0.0176133450265204	0.0170863503810573	0.0173901360477256	0.0306827410917133	0.0266044835067797	0.02760259736164	0.027110178039867	0.0339861179174479	0.0322098372355386	0.0351290395063582	0.0326750053406553	0.0336836299514915	0.033333294377707	0.0326236838575565	0.033359391813245	0.0335654688717792	0.0320974511450481	0.0328305360703472	0.0335065439128255	0.0348599357343094	0.036175607323465	0.0320277201441598	0.0349367367980657	0.0373304417386917	0.037329503822384	0.0385561531465182	0.0397839012924061	0.0405713352769296	0.0405270999115609	0.03633745269447	0.0385641121170395	0.039802412283436	0.0394238829448838	0.041239424240267	0.0375342805314132	0.0305388533169895	0.029599031491216	0.0292823386741081	0.0315797765176864	0.0142222866493804	0.017712568260236	0.0161048766408759	0.0149602684495077	0.00769332722906538	0.0102010598061444	0.00997668955162404	0.00712892341316618	0.00556120408042176	0.00673215726115193	0.0068507376280222	0.00685590103040412	0.0044713663315656	0.00466574801359305	0.00717277638643006	0.00369010926841129
2025-05-24	0.00429687595450568	0.00275534895244224	0.00414724869364707	0.00380052639940501	0.0011558985831384	0.00260289738720085	0.00295745733769046	0.00428374669197029	0.00183820100550261	0.00205968762678896	0.00405873788228297	0.00104337348542546	0.00623835361968923	0.00569171313874114	0.00277352210350669	0.00629641113806294	0.0102470387653564	0.00979748231937083	0.00816016293704757	0.00979531597822519	0.013887455019055	0.0135207923698173	0.0115486418398707	0.012043110771257	0.00500612144303762	0.00638963514378915	0.0079190748489414	0.00568516856423183	0.00131447745488234	0.00524305067055562	0.00587649186025117	0.00556598001431086	0.0105284132926744	0.00778498761640532	0.00720966897145432	0.012476930119466	0.0136336291530146	0.0145023013793446	0.0150082989906275	0.0148557704770133	0.020086796308566	0.0173143215938727	0.0192153523984779	0.0223835296990835	0.0260943806906197	0.0268181107908988	0.0266650578198214	0.02342245069866	0.0354575811448247	0.0341131610760956	0.0335035683905054	0.0359256893885744	0.0500318205023851	0.0505232777988606	0.0498306942187131	0.0506142074800413	0.0681578726599197	0.0689699097751985	0.0659454887526098	0.0689267288122719	0.0772062190149199	0.0783388675358643	0.0785031865054765	0.0779517269437394	0.0790818054613856	0.0776298781381392	0.0785365813641556	0.0787517350363197	0.0690821668913306	0.0692169804048201	0.0697964003170736	0.0709044523867756	0.0551905246612314	0.051322935489425	0.0573137596540952	0.0591727801952484	0.0395649139934633	0.0388037613325768	0.0385334912624293	0.0400978334115306	0.0254892807200834	0.0255721807619451	0.0250800877650383	0.0258584507529333	0.0172140773133758	0.0152599209735387	0.0163907551504292	0.0161352465626563	0.00901564676361277	0.0111382223196281	0.0108290666238108	0.0110170642929483	0.00559749572397275	0.00805518472967979	0.00719377538461844	0.00515354416172902
2025-05-25	0.00693184722438482	0.00264050642229639	0.00357607193027238	0.00285157442304641	0.00347232060055444	0.00205201620021669	0.0039231755851099	0.00355248761411896	0.00302794638813262	0.00465799717168444	0.00498774015778098	0.00332631628240196	0.00379161166454554	0.00402428637634522	0.00426440505882249	0.00491969690028675	0.00287330434645757	0.00445949862397617	0.00409653786374777	0.00157065916581848	0.00145460674302986	0.00182224423148681	0.00184114436778262	0.00288200465770071	0.00126928102442316	0.000465904111782733	0.00124325980523158	2.15550585625294e-05	0.00493122407487257	0.0034447380171642	0.00406121359058253	0.0035628243173807	0.00848291922169435	0.00858839232158434	0.00926268580231584	0.00666600265440546	0.0128560847891416	0.013525461866523	0.00919336573495	0.0114250876093854	0.0151685292114611	0.0154281464950848	0.0120666917015971	0.015336632591857	0.0193683517418024	0.0173087751296505	0.0178644841018196	0.0174583890267275	0.0213530962640685	0.022649201777672	0.0233872479028191	0.0206104540554404	0.0231601597730551	0.0251682910847736	0.025193251690707	0.0254782974514644	0.0264861638512195	0.0238845110489112	0.0267555061850119	0.0258738189148575	0.0245308922528199	0.0233368751856079	0.0264141228369263	0.0247181097246458	0.0234249686326908	0.0242260673928917	0.0226859282093138	0.0226630357651037	0.0270616111785594	0.0255007324295025	0.0256695743554823	0.0267680820364559	0.0390131543313389	0.0386820390991078	0.0379952740087105	0.0373095325608429	0.0336782825550623	0.0354492099337077	0.0334945887791175	0.0343779187321125	0.0205290999375268	0.0192636942109241	0.0182879533379703	0.0189192525135788	0.00900179311656334	0.00831567943204813	0.00635636037929499	0.00932616707209354	0.00530881072008712	0.00458493392558338	0.00507257528826197	0.00503368006606753	0.00431540328863474	0.00404468572778675	0.00642566019256204	0.00421425079101646
2025-05-26	0.00452352824170062	0.00397089634328353	0.00418348979063705	0.0043220856243788	0.0113183338070199	0.0105984268002083	0.0070679676267565	0.0120152717660153	0.0177326264075901	0.0159797787546326	0.0157744441818182	0.0165131506559592	0.0214923633132587	0.0191308275670361	0.0179945185729704	0.0193822905467348	0.0197077499048755	0.0207017670918751	0.0222517022878643	0.0213387807153851	0.0185938642892448	0.016426139704117	0.0197613341621761	0.0192186618444621	0.0186133977159553	0.0172123248612098	0.0182748004947603	0.0158994769280746	0.0222248647131538	0.021396363612277	0.0210194812359171	0.0193592904386521	0.0261694692759768	0.0255229535272345	0.0215663935964498	0.0247411836003388	0.0336198998922703	0.033205448217914	0.035738005473826	0.0324366464159897	0.0456046988944353	0.0425586355011791	0.045787644748397	0.0470490208559886	0.0532154514416967	0.0572963726220017	0.0544975850836266	0.053990590852675	0.0624926373507975	0.0619976999959062	0.0606695758109601	0.0598400868423363	0.0655095325803352	0.0642959528790851	0.0653314982540203	0.0658630162865594	0.0634134243142315	0.0657551732914198	0.0648124367174514	0.0650189656768973	0.0608707405545656	0.0614700205981604	0.0592852486544296	0.0603739901928445	0.0534736171697083	0.0495984611241654	0.0537004048238873	0.0522275168822391	0.0421500107136017	0.0441875661796331	0.0418978159395449	0.0417646071672203	0.0356968661702244	0.0310130331776678	0.0325786817514696	0.0317114189006382	0.018578971283023	0.0225781626080869	0.0227923726505851	0.0250504934583049	0.00760728864395467	0.00678758921613242	0.00847299589033345	0.0131321262495795	0.0024214684118351	0.0039344470310168	0.000191705282986637	0.000452379274161463	0.000308417620977703	0.000162183109044333	0.000830738507623253	0.00069866076235471	0.000558571772692597	0.000470288462451089	0.00088511026145839	8.60295033979251e-05
2025-05-27	0.00124768600431297	9.34766580102971e-05	0.00139878192250757	0.000260055415169163	0.000868926620872933	0.00343973845155278	0.00141961990689003	0.00227171502068425	0.00405020550126904	0.00293360807210178	0.0018989266826891	0.00611725974394008	0.00867762207163009	0.00607706488337269	0.00876938855596361	0.0084759244890336	0.0129896259931537	0.0129270013475957	0.0126406291187781	0.0154427435404726	0.015489938062506	0.015858312060052	0.0165560308906294	0.0170957189868126	0.0152610643876102	0.0177118985224271	0.0159099083339036	0.0171171287560591	0.0207876592336487	0.0171631556079893	0.0189141026822428	0.0221350824761192	0.0302649496708667	0.0279664335870996	0.0273857129769522	0.0253829037650815	0.0372779592455678	0.038843277910053	0.0388049991326291	0.0390737637117502	0.0492715111015725	0.0520598311090915	0.0518434611750733	0.0498251966142627	0.0592641666566745	0.0589500545619441	0.0608637786451257	0.0599220001362557	0.0642265541388779	0.0654510958148277	0.0641160172486956	0.0662063327975989	0.0641627288259317	0.0640468615915028	0.063378737915671	0.0644116716668945	0.0604478159560013	0.0593184204585554	0.0594880469165775	0.0617457166688659	0.0577190382152871	0.0585206586763599	0.0577308069586836	0.0570294961496694	0.0553037476472655	0.057031446572386	0.0569829208807577	0.0586818848995908	0.0579960443504642	0.0615073756178951	0.0592575298283154	0.0592390502033254	0.0543916232348058	0.0542107998634718	0.0564487662224435	0.0539488106792789	0.0397938596461844	0.0420820602632361	0.0412996356811285	0.0398244444094509	0.0249930145730517	0.0249028408422657	0.0266681931689017	0.0244359514157809	0.0160956715921151	0.0161706206556766	0.0153110274263946	0.0144226803258137	0.00986764843119205	0.0137957798396375	0.0119987496019877	0.0103378221271827	0.0102421282477581	0.0114698048816423	0.0118914345693329	0.0133966323012667
2025-05-28	0.0141471429609496	0.0123953382854284	0.0130921152344739	0.0133654035191481	0.0147053574755782	0.0137498010820373	0.0139895863314963	0.0125552551108882	0.0143231069571563	0.0140024879206907	0.0132050308142251	0.0134693743079279	0.0136834351585067	0.0114948772628509	0.0117743847320108	0.0140473028466316	0.0125536315372436	0.0121861553941416	0.0148491254603044	0.0134110876083104	0.0137310117565407	0.0138747728337817	0.0142174595544899	0.0161767558551877	0.00985010170933227	0.0125048880290336	0.0096936674042307	0.0129513428574034	0.00529044657695158	0.00878099100178232	0.00757509273114468	0.00535346969012142	0.00656138666988932	0.00763978625901312	0.00495717167284051	0.00684165539825706	0.0117229436034573	0.00903382391945038	0.0109267472769974	0.0113164852000949	0.0168942412022741	0.0162948348896626	0.017528476965421	0.0172824469426424	0.0236752719206952	0.0230358660839849	0.0216611004861421	0.0246277615091778	0.0300807586455766	0.0277281797222755	0.0305069491909639	0.029684112441184	0.0343578469955993	0.0351417780105362	0.0350873383389766	0.036413036654888	0.0413447729301273	0.0413022586253086	0.0428834134528592	0.0414695549917049	0.0555138338353186	0.0530544904448179	0.0531922804952198	0.0522393952246437	0.0693340145507959	0.065523541407148	0.0699756543365997	0.0681667897054564	0.0746543346164611	0.0751608185251744	0.0748708884660061	0.0723139583923583	0.063102213240447	0.061717453199619	0.0617573554334261	0.0614229781265078	0.0424422925190786	0.0433175122235647	0.0406668937595281	0.0415733014978286	0.0229965381645108	0.0227410138289773	0.0210247188120974	0.0232377291944144	0.0124886811415913	0.015743928553198	0.0170556408790083	0.0147117494262024	0.0142417492813212	0.0127524472557873	0.0149415982914242	0.0150642051714672	0.012451112189497	0.0116928791945709	0.0100961409108131	0.011759867705119
2025-05-29	0.00963331010798807	0.0074590848759462	0.00740824482962071	0.00749936018644502	0.00639455988464551	0.00430779140363757	0.0043821081109132	0.00591554060080373	0.00298854099865277	0.00300115909149875	0.00386442011391488	0.0031458797959336	0.00289175713784394	0.00190037448885394	0.00217750449362314	0.00203036387967899	0.00140328536747877	0.00248337344955297	0.000809100069868997	0.00530424111309926	0.00285370388080015	0.0046119597406268	0.00243082589633776	0.0041035104822353	0.00275077437522383	0.00205787290720788	0.00117560611980257	0.00201574659776573	0.00115163069634906	0.0060284242820951	0.00342202331663896	0.00439792170491687	0.0129685650859386	0.00977218998154199	0.00822944785926689	0.0070297970732525	0.0177364148165237	0.0148684139914516	0.0143812786906303	0.0170138925013944	0.0245994936679914	0.0236867763017636	0.0201014818494384	0.0246122481808066	0.0345074477848979	0.0306766813556277	0.0335180738930035	0.033297796966471	0.0381136461895946	0.0426417632618348	0.0451137812904711	0.0441308092580994	0.0498885722456774	0.0486352626778086	0.0491921625941389	0.0492840024823751	0.0496349264207977	0.0533173174074652	0.0541369014561595	0.0529108547155776	0.054666785531381	0.0546927001584564	0.0535724810181003	0.0540680332920623	0.0529860278341104	0.0553878758438099	0.0563180464840903	0.0573080498379894	0.0550066175299396	0.0556468268323504	0.0556382813065648	0.0547082743311452	0.0458676819763683	0.0446858581024187	0.0454640113564791	0.0469824485647339	0.0308229331829782	0.0325665854631476	0.0315255171670736	0.0290849641868006	0.0154345095170457	0.0159669556355833	0.00947409601201416	0.0171244388353568	0.0124881773427999	0.0110580562788938	0.00697255090831905	0.0124812154699873	0.0134145030560904	0.0120471537158874	0.0146296226381657	0.0139087205898565	0.0120951633259419	0.0138394032253446	0.0134197893981245	0.013645644050589
2025-05-30	0.010305795017333	0.0118329604631205	0.00988054535106351	0.013980699168483	0.0111903446526015	0.0118592679094952	0.0104624552220096	0.0114879322158937	0.0124465290958535	0.0113150460578351	0.0123428592668834	0.010895565579428	0.0100682648721841	0.00896454513641212	0.00986536478026406	0.0121018252111397	0.00856930005326435	0.00982160978993771	0.0073573924368973	0.00625169771990065	0.00819911668391453	0.00633760057288788	0.00560376013727777	0.00585952260591982	0.00251687948281893	0.0035570792625458	0.00145022297870404	0.00347581827593124	0.000309410428794272	0.00175082254682493	0.00114625437833308	0.00279351264604772	0.00251124355035629	0.00233610147046598	0.00376802827942142	0.00338462669975631	0.00802150997167878	0.00779717287949405	0.00713346696755861	0.00804785018126856	0.0119171670212702	0.0180162199620238	0.0147810047718352	0.0132856082448707	0.0216032988992421	0.025555325939236	0.0220438520917964	0.0207975230697255	0.0311149310806427	0.0293118361352752	0.0296557800572697	0.0289174527268124	0.0348008116769018	0.0348736549800922	0.0318855392732667	0.0344399940697393	0.0355925410365281	0.0352135480777196	0.0362905194548458	0.0359033914309065	0.0315830994628812	0.035676197575765	0.0351911217648929	0.0345495811964609	0.0354753006836518	0.0343913994608487	0.0352671087028736	0.0368661911526259	0.0405479619023052	0.0401908054008002	0.0413347892477133	0.0399264434491813	0.0378915268049416	0.0359701542329954	0.0363837262895311	0.038754592672532	0.0265136026053248	0.0269341970791923	0.0257470705081914	0.0278051298072914	0.0149701755549251	0.0171786092924597	0.0153992099156563	0.0134520052369589	0.00890602239471549	0.00998255975205202	0.00644445012080919	0.0086669677324233	0.010968162621996	0.00971714192185557	0.0114880376277367	0.00682665782841169	0.0158084681242117	0.0157278005342208	0.0154451874728574	0.0170185438687101
2025-05-31	0.0208256841298099	0.020064623550371	0.0232227910974868	0.0198869012223323	0.0257161237191233	0.0245360507685031	0.0239617097776551	0.0227861157347186	0.0284549185109442	0.0286721481891956	0.0276997315735282	0.0281732017263319	0.0258126130078743	0.0264870975859572	0.0261743653293807	0.0285259240767878	0.0206031464016918	0.018796650816835	0.018055075597575	0.0165451271838982	0.00716868679026857	0.00724412505982026	0.00913039184347094	0.00845679630644023	0.00388753236413257	0.00358349326097587	0.00267902506613161	0.00184994930875995	0.00403511235218308	0.00240573460386065	0.00158953742215152	0.00196961562180475	0.00527952206709935	0.00400758904703214	0.00480984390268879	0.00590304498317972	0.00757170055366469	0.00662698245604017	0.00717195803348763	0.00562935895680751	0.00675391375892832	0.00881510450426917	0.00837512264052453	0.00805585909627799	0.0118789500969614	0.0102752686192753	0.0103981273475342	0.0124476539362291	0.017906946131396	0.0168626897356586	0.0160422603443059	0.0181881037886395	0.0210358564659434	0.0233940005505994	0.0212603300705231	0.020309812912934	0.024427312649696	0.0223429919475671	0.0232005039512669	0.02402919145147	0.0245185029632099	0.026466991426279	0.0252646289244745	0.0237498766860365	0.0311992424374856	0.0314227517028211	0.0295220222614598	0.0298559835982334	0.0400606331366134	0.035725482191797	0.0390860830090983	0.0391278016624913	0.0365736939610181	0.0352566012677443	0.0353106468612591	0.0358590579099785	0.0259699276424547	0.0270123343124422	0.0263756498328032	0.0266420882122999	0.0170116058320468	0.0169678322018008	0.0165310228306102	0.0184895391355422	0.0112129477849423	0.0105540936951263	0.0102007503214794	0.011032208198452	0.009421330276391	0.0126698835057268	0.0109921338136392	0.0109166524042431	0.0293387578214528	0.0283137678539099	0.0282643305304417	0.0280831437941955
2025-06-01	0.0740833923417151	0.0745174525533401	0.074404992528053	0.0709941625768918	0.0931761511572498	0.0927800322103726	0.093025455531722	0.0900183611006556	0.0460360746499971	0.0468706019861999	0.047275798505025	0.047817524858778	0.0300026716881775	0.0247159728315086	0.0236911531670946	0.0245902023132192	0.0275154654761012	0.0302412327862926	0.028967293475923	0.0312760082616832	0.0242279771287672	0.0269338051434348	0.0266041110428789	0.0232341066849191	0.0157467626258038	0.0139890668675403	0.0134559908955953	0.0128081796110607	0.0106043491534815	0.0115475925224584	0.00903517614808212	0.010812882175978	0.0160918540241927	0.0178938120165943	0.0163011920557218	0.0157131419034912	0.0455138391235045	0.0440459009347279	0.0434235027356199	0.0420167572061477	0.0909277269874699	0.0894384287404821	0.0903328664642793	0.0893009778077686	0.133731810679664	0.132544338461425	0.13145006488131	0.132273785977601	0.121921033639285	0.123205844580871	0.123486163539825	0.122386958240018	0.0616485185404239	0.065377926271765	0.0620813624271084	0.0628921927607027	0.0236898045305688	0.0221095702490323	0.023570854183364	0.0226297710370349	0.0107267355816859	0.0112167784373779	0.00841976114765763	0.0106367248332787	0.0119527463414554	0.01160047763375	0.0110833261637719	0.00736344986102273	0.0138889512584741	0.0117183809259844	0.0130022945276453	0.0143903732878963	0.011835497261406	0.0109501303045671	0.0104628544165073	0.0107515180175196	0.0110134626797148	0.0128136219046182	0.00921674167163828	0.00995617374402876	0.0287093274046105	0.0281854359908846	0.0288101845731535	0.0272950520313513	0.0498812748260336	0.045150704719505	0.0465496340205466	0.0444183864339148	0.0493248029671644	0.0492905826945616	0.0492033887897238	0.0471812255485502	0.0510577203234571	0.0509284973878481	0.052426418351971	0.0485873639367237
2025-06-02	0.059399690366316	0.0592535113880286	0.0582319525100759	0.0591148457355795	0.0481539781662417	0.0470512859439926	0.0492525599287236	0.0465421759610421	0.02302744074032	0.021517016230991	0.0238744380019376	0.0245811050267514	0.0101214988462502	0.00922280180659043	0.00994510638704169	0.00971059296011772	0.0037070561965902	0.00936997901395735	0.0103707712313081	0.00855219355814437	0.00462280835468909	0.00608721927890861	0.00475731249297313	0.00653265987342917	0.00761110022490408	0.00421802763713948	0.00508568599113727	0.00408518614681917	0.00392430414533694	0.00648476753489094	0.00540648725198034	0.00418444106779178	0.00250001271558683	0.00296023941466608	0.0028934639634137	0.00164628390633339	0.00304893612889866	0.00619223349748158	0.00509458064897905	0.0066642497246407	0.013990464080729	0.0135353675244995	0.0157893965149131	0.0136847718798584	0.027898346724779	0.0289204080981068	0.0300951912629417	0.0310860539141724	0.0516590991390877	0.0484992834218197	0.0497996579606113	0.0510419594784813	0.0652448089961277	0.0659034891293787	0.0651498794955117	0.067701822378982	0.128667824793814	0.128435710473287	0.127604747675525	0.128291717057374	0.173945736266682	0.176295450354866	0.175332467037425	0.173426346341026	0.149945676315654	0.148979889128768	0.149235165799219	0.150839268756359	0.1024275300043	0.103337117837084	0.104566021992748	0.102669330165868	0.0856708720008916	0.0858133417822462	0.0874888152198695	0.0860269709969926	0.121331101838863	0.121581097906627	0.121373225715154	0.123714574539356	0.166875602489709	0.164352156190978	0.165784419418513	0.163987821900801	0.157912355639515	0.159399456043407	0.155181465534261	0.157506722782817	0.132943563092279	0.131823080580453	0.133984770957539	0.133248585369728	0.118529834960451	0.120572671794418	0.119473045598052	0.122424447647078
2025-06-03	0.118224897753881	0.116414480646912	0.117351401305933	0.117009220293274	0.117464799599547	0.116934867247059	0.118428915666325	0.118171417487069	0.119700101991309	0.11753608125372	0.119805435165845	0.121958381589127	0.117379364391646	0.121140859723219	0.121719219566879	0.120760556318256	0.122269935282092	0.122179125889535	0.122986997403752	0.124563941424621	0.119216711673693	0.11498872242903	0.114945344910132	0.115849220987144	0.11100300748022	0.114127458639634	0.111491819762135	0.111377714118011	0.113991181272867	0.118983269434025	0.116205714613425	0.114819834679683	0.105844142013389	0.108101560499273	0.104725422063469	0.106328875423868	0.097728357041778	0.0935429203896908	0.0957994651824122	0.092929257386119	0.0922597213857185	0.0921038590787671	0.0909158294049882	0.0867205901305262	0.0919229524751268	0.0901862876050706	0.0891131354909993	0.0887776244288033	0.0916270554803622	0.0884230383639197	0.0900469077163442	0.0919029984393739	0.0897091010102756	0.0898387279310052	0.0898845705760568	0.0885676004826623	0.0832640064702499	0.084346133471063	0.0832848516886467	0.0841050083700404	0.0755556146469932	0.0755883810251915	0.0765693181589992	0.074286686168816	0.0749151054495782	0.0760398312413113	0.0741261676632127	0.0749188956458977	0.0737215923052811	0.0742789254062719	0.0718090307315657	0.0711904515568813	0.0522659249654373	0.0553628211684237	0.0550009689106486	0.0533702849554904	0.0270382159706786	0.0295940822025215	0.0284400510455856	0.0269276507812143	0.0128880832550237	0.0132990045141381	0.0104810711649778	0.0103318410658604	0.00535465962423594	0.00238162949977599	0.0035385270338123	0.00472518384217576	0.00178026578385362	0.00183535240390161	0.000491921975389859	0.00189245983685491	0.000981287844782282	0.0024231176637773	0.000317243213047945	0.00327835127839248
2025-06-04	0.00173139307373294	0.0030776538830503	0.00158805233821845	0.0026029007049983	0.00610640032812775	0.00530297088173283	0.00742892452286666	0.00516170426727275	0.0094557111623482	0.0100520788033775	0.0109304488641727	0.00856176117010162	0.0201584363006846	0.0194774851486668	0.0210703216527231	0.0192937568979255	0.0354943266238054	0.0362900321428821	0.0353282691186998	0.0348873721146127	0.0421437447721144	0.0452187047134414	0.0468686189483268	0.0457689315661174	0.0593564894386718	0.0601532356726638	0.0600516941841773	0.0584385807044871	0.0728601642047608	0.0704089427843215	0.0698936641574118	0.0698372288535059	0.0766733361789061	0.0769083074839466	0.0750248124354131	0.0793935439017342	0.0829370781942131	0.0846854217853925	0.0841728542701254	0.085204645750269	0.0888849466882462	0.0902768131633051	0.0892780472347867	0.0895601929136619	0.0873845389973725	0.0879719817898562	0.0882226656778251	0.0904208135349462	0.0860826885707038	0.0848333170771055	0.0868727931604112	0.0852112011917796	0.0832905066905549	0.084144026063038	0.084180521422662	0.0823849458237451	0.0824662628315224	0.083106647996205	0.0830642415564562	0.0803628476158163	0.0826956321627323	0.080393754732878	0.0769897415692504	0.0809208715351393	0.0713521373579832	0.0713211007619274	0.0699070096616413	0.0704197522184481	0.0571024514202012	0.0579177856981285	0.0587496752486649	0.0592300876330053	0.0473498106773832	0.0482591945175193	0.0498141569921622	0.0485768378129353	0.0430680901909616	0.0373203380255026	0.0387204932190284	0.0378910785645074	0.0254750306299916	0.0251424556999649	0.0254392736171222	0.0229432400529214	0.0123833277116239	0.0124375440740221	0.012540486660025	0.011638641554329	0.00755184632570343	0.00943825834366836	0.00477425750075879	0.0102356378298694	0.00637428180347451	0.00570430320223876	0.00321552825091684	0.00570588674336989
2025-06-05	0.00218696017694632	0.00387160905924601	0.00114957171068053	0.000791859053127142	0.00322612513193278	0.0041821000583745	0.00223138502735202	0.00436038978234071	0.010826898192314	0.00903485826194759	0.00898637706907196	0.0101518664766664	0.0164759469360158	0.0166507004011844	0.0153514343978234	0.0125219182649764	0.0175438753462708	0.0194648664472721	0.0173743481033954	0.0166169101030618	0.0143828335177121	0.0149807576461025	0.0158224575875065	0.0148139512486789	0.00677764542022177	0.0101969017755535	0.00682339849248175	0.00720205431174296	0.00414119926717546	0.00280518751262805	0.00257716778996668	0.0014764454302298	0.000398075522892905	0.00150994839515376	0.00079919204233546	0.00229278403961787	0.00494114597009611	0.00400673211465278	0.00282934727753404	0.00422277463771707	0.00838725503376091	0.011830347063065	0.010715582188735	0.0100668157144391	0.0194289420034682	0.0167099035736006	0.0192860905721293	0.0155750638508019	0.0259937686754193	0.0267600055424591	0.0252002880559852	0.0320459377261364	0.0357395817408749	0.0368873429902936	0.0377888399297576	0.0375842353390738	0.0438122533498206	0.0446951217842505	0.0434841064259157	0.0450085184400131	0.0439200954545766	0.0429745620621943	0.0476376942092811	0.042467648273948	0.0417873284991469	0.0416415043023206	0.0399355901074714	0.0416355770910611	0.0410007706632854	0.035759860071601	0.0417578046383119	0.0414815646268017	0.0413075292608383	0.0434873778739446	0.0422061667864759	0.0429989260787411	0.0422449271556718	0.0408085517511421	0.0388121828159902	0.0411343382771959	0.0294913366868372	0.0277403922618375	0.030164906249342	0.0296033648019833	0.0179267652800475	0.0165970268193382	0.0156386325382417	0.0178375753623725	0.00799712766259283	0.00847917579743057	0.00730431308098945	0.00921938345898714	0.00327459578136483	0.000117848626622452	0.00318478778526675	0.00442276780674597
2025-06-06	0.000408977064833786	0.00109099841709302	0.00162813796425954	0.000871886553813656	0.000592484394224701	0.000399046402801725	0.00215745868689279	0.00285101051608078	0.0044945463043328	0.00183416330902973	0.00285754860973362	0.00581374177690385	0.00839929532350215	0.00521587790808236	0.00531836595462091	0.00806646081379458	0.00862906355802191	0.00981815255873732	0.0105776033479279	0.0069751805353129	0.00943538899231734	0.0108859544628066	0.00795365475574024	0.0087250017891358	0.00293560644297574	0.00580266120205697	0.0066840948741881	0.00457763748077919	0.00288659391067196	0.00715596461829639	0.00278892465684557	0.00316851681418608	0.00836160072722665	0.00979844683061021	0.00815885879072994	0.0096810936514332	0.0203411402382167	0.0160728323498181	0.0196523074222613	0.0169337199897039	0.0282067455110222	0.0264992702671852	0.0283998379722149	0.0278941462495777	0.0356719276293437	0.0334788040787982	0.0361482066158432	0.0347010616760149	0.0421103351558586	0.040658120589544	0.0378550798859967	0.0413764643686006	0.0413444916506068	0.0415411202036738	0.0430509596351993	0.0410634285105201	0.0377313452094661	0.0384082960217503	0.0401732521681869	0.0386871066005968	0.0344407442881478	0.037005513659927	0.035425811069268	0.0351279309826572	0.0335226644703883	0.0332364271620523	0.0343771955120213	0.0348637128555381	0.0319033423697752	0.0287024661817132	0.0298519794786479	0.0335422119698636	0.0264125277133412	0.0261935954193988	0.0244752524000578	0.0279186244672022	0.0197919409266388	0.0196334525317261	0.0219837559351463	0.0255908506064887	0.0187526220814143	0.0171142098159052	0.0163858933417834	0.0197472747608971	0.0145190102027557	0.0144007399980231	0.0153807148852064	0.0126995349140148	0.0118123246869202	0.00825555910922874	0.00998848718814199	0.011943629015709	0.0074800463137916	0.00907482619073661	0.00745720456168237	0.00898792293378942
2025-06-07	0.00422330936015205	0.00612862191941279	0.00731738324838879	0.00633068547204637	0.00288702302935494	0.00340468166982159	0.00648451218799962	0.00322378311282385	0.00194037547371268	0.00249358284507821	0.00405884035754498	0.00350720132366413	0.00224350809023835	0.000954150429361815	0.00181174097694834	0.00399060050345149	0.00153727157073947	0.00064809006303513	0.00114447724882271	0.00367016111740269	0.000814906358367815	0.00447210519284776	1.22470944845792e-05	0.00170074135429985	0.00240986981883412	0.00207075477515924	0.00556407793010418	0.00395529747590246	0.00645134896747943	0.00710969624634544	0.00815652124372004	0.0072824335424551	0.0115277171662931	0.00942536291885512	0.0102971570223117	0.0117497628925401	0.0141886936493059	0.0176145757418984	0.019277289484317	0.0169194411244787	0.0235393830698564	0.0222668710474745	0.0274325315309839	0.0237612143516851	0.0307421550954418	0.0298770548721226	0.0299701699507115	0.031410620081724	0.0357824811619192	0.0347446641537974	0.0340384024816223	0.0384344522026611	0.039329626905584	0.0400990569280165	0.0396304782642635	0.038940837902136	0.0426125673178672	0.0418833854858854	0.0418846175860545	0.0416194296101929	0.0429997429460849	0.0435991876477691	0.0408929576789343	0.0405081117272117	0.0412271785943114	0.0418044951440013	0.0416459880004175	0.0433223382612698	0.0375767093674842	0.0420631898072719	0.0415015576569913	0.0408585431682526	0.036011086413687	0.0378614150379084	0.0359742634953591	0.0361532350530455	0.0248195731997889	0.0290760235900062	0.0283465121089323	0.0277578911012726	0.0111538676893373	0.0125413532854757	0.0127638257269157	0.00954095329827123	0.00110577175132577	0.00297830405505741	0.002589746372893	0.00132617782072382	0.00215208578184653	0.00155452407941446	0.00205402798382979	0.00223936215490922	0.00528219553795325	0.00407390954042074	0.004773316727087	0.00687057819453901
2025-06-08	0.0124850903092457	0.00984662073121707	0.0135287970247942	0.012139491934743	0.0222005798738166	0.0179987510649674	0.021404254763835	0.022396414297381	0.0279483055224711	0.0305583273897685	0.0301331479551463	0.0293602191326141	0.0338886935012506	0.0351760324196695	0.0340418530897805	0.0358934209892994	0.0366299504821859	0.0370895111516276	0.0356328255410637	0.0366477128251228	0.0317569372077016	0.0375078552700766	0.0356677126014465	0.0360674949207753	0.0304269857410533	0.0290205072534848	0.0307093396921588	0.031843167313303	0.0251594671400065	0.0258677067220698	0.0236082207192287	0.0253646054186951	0.017765539050723	0.0165999382549413	0.0150311818217587	0.0136033408725771	0.0157094990773443	0.0168654024584572	0.015459024796715	0.0159660736674834	0.0231876799368516	0.0230146767531022	0.0228109002859562	0.0239867430240901	0.0303146621186184	0.0302928284191457	0.0287193776304418	0.0286731318317941	0.0367999089659738	0.0341819734599277	0.0338479318074046	0.0331701857666939	0.0432075210929793	0.0406691890224095	0.0398799854442161	0.0392433044403951	0.0463855674308853	0.0428003130449514	0.0463113775867498	0.0445027419374135	0.0471983592599739	0.0470557679963996	0.0464030401108485	0.0423428326327781	0.0446387826234474	0.0453649484462699	0.0451909489876572	0.0438053199426255	0.0435849240703149	0.0442185989325704	0.0452694496055205	0.0439270273915942	0.039598765435579	0.03808065440509	0.0389964214719101	0.0383241586874209	0.0263701027523758	0.0264451089357385	0.0279623405334168	0.0272224477784689	0.0128986132902898	0.0127948667333397	0.0117716851029871	0.0115348348733833	0.00435648458924995	0.00506332808084654	0.00578232532922106	0.00479786200068245	0.00291341681985951	0.00204850853792106	0.00284346863512766	0.00119460600709178	0.00102816088083926	0.00372185329878133	0.000597111434069728	0.00165287438630967
2025-06-09	0.000352527632071482	0.00242969931315417	0.00239935888189185	0.000818414172882497	0.00168851533473075	0.000127738707152378	0.00267946800299225	0.000504277955124626	0.00100085510348745	0.000951231282653089	0.00196336945786759	8.45441559918638e-05	6.59522885039813e-06	0.00120961839640484	0.00249115907938463	0.000292627295360126	0.00327898602720714	0.00236648960169075	0.00183042124869398	0.00252410312240813	0.00382689122430184	0.00755206069402665	0.00690307322393819	0.00671797485773332	0.00533487207947396	0.00585359135619159	0.00842139425565369	0.00539014230868076	0.00326137580375935	0.00526025341155628	0.00441317918099815	0.00306519160368622	0.00251044474583446	0.00158839811901549	0.00115680100353364	0.0027443561316164	0.00254123921152804	0.00347813556558379	0.00426936055184625	0.00371126467104192	0.012125769583585	0.0120448487006707	0.0123873625267468	0.0104420191889975	0.021077584138074	0.0231714891682234	0.0246525902654249	0.0250983364282777	0.0308981579347138	0.0313646611830995	0.0355365560486533	0.0312006248335334	0.0373208595504563	0.0376506621104841	0.0348196222942426	0.037208856044817	0.0401256720868782	0.0432705543961184	0.0404321121493861	0.0401716613676173	0.0456229298393391	0.0456908227526789	0.0445402096112947	0.0391460377966873	0.0466627726151219	0.0459265585238914	0.0455172395761032	0.0458934292848834	0.049254371729033	0.0476775807900017	0.0485374067253559	0.0465306407556094	0.0464726328935283	0.0464308916049343	0.0447314805306329	0.0453649949709044	0.0391235799070759	0.0376363394918553	0.0377669648702463	0.0404731157308225	0.0335198039000431	0.0343814211289699	0.0339679617737778	0.0301308131972092	0.0268056735360712	0.0288538064539225	0.0272201703322049	0.0271203496778013	0.0298277475113762	0.029887252631301	0.03332869737707	0.0289563024802528	0.0379161748042065	0.0361653504543613	0.0385226236074133	0.0353958511340189
2025-06-10	0.0235082018565164	0.0267183420246631	0.0310114977365127	0.0237619583823078	0.0184720682127481	0.0158931452652905	0.0156663179167961	0.0179684686051653	0.0147214936406753	0.0157580631119555	0.00857451989339552	0.0139459233539737	0.00598484818839103	0.00639347150838904	0.00599552317777091	0.00762615712544902	0.00537983711758946	0.00654318122207647	0.00768160176076137	0.00739537989957269	0.0138511832318265	0.0164332078108312	0.0145162665031297	0.0131993424542126	0.0292932822459234	0.0262345230187976	0.0292202892914965	0.0292519054437824	0.0366016971657003	0.0365139855341366	0.0375916442087145	0.0352926730914486	0.0366632290709086	0.0350927495043679	0.0352586511822504	0.0359853702424731	0.0278754408027664	0.0283216012289343	0.0284051881755441	0.0283977697927552	0.021845371077541	0.0209275072532515	0.0223195163283504	0.0189076053408571	0.035643396360679	0.0385354669660421	0.0368566191532093	0.0359645175200696	0.0518260412803715	0.0513708776422717	0.0529688648912339	0.0538342161861229	0.0467910858137933	0.0509962692015676	0.0474657017936231	0.0457469431910161	0.0420829017508029	0.0457012820803287	0.0435666541829193	0.041649161985949	0.0432840481171021	0.0431138242082861	0.0444936695831843	0.0441084580914275	0.0366477027886305	0.0366916179056021	0.0379432294236751	0.0387174498820924	0.0369903611082424	0.0375699599821257	0.037344733213234	0.0360949456963978	0.0377013757177572	0.0359839012961799	0.0379700495566745	0.0363446734293883	0.0246255865552965	0.023854957815695	0.0256120897276304	0.024907365901378	0.0136197548298139	0.0133708880055811	0.0125888558267399	0.0134205013378652	0.0134994237793311	0.0136739008986913	0.0111511216492998	0.0126755536726778	0.0203287023709468	0.0216477179158291	0.0202921140073676	0.0217314657058564	0.0290361114847989	0.0286840728666462	0.0288611505494992	0.0314186650990558
2025-06-11	0.021940308117742	0.0214721471691238	0.0208594334107202	0.022728111302414	0.0115224265227725	0.00973671774858181	0.010253021336665	0.00948783439198065	0.00743351174760903	0.007409577490544	0.00612959947489864	0.00802731128694832	0.00823279602034919	0.00795631668441464	0.00778148989334565	0.00702939740189052	0.0130858750680731	0.0133556508899249	0.0108770886940094	0.0126813853479926	0.0203443223901518	0.0218758644227769	0.0208728379692688	0.0169069752178025	0.0216398084340818	0.0220558307815138	0.0214816513480182	0.0228227094363862	0.0238373333738708	0.0217444935061641	0.021514841256055	0.02190333186391	0.0224172021732843	0.0238319525650047	0.0220327373852235	0.0237181078764876	0.0268637579734553	0.0266769625684815	0.0286105344359154	0.0268487450221478	0.0331346422306352	0.0319483075269416	0.0301367739237273	0.0317802763186959	0.0338301365062664	0.0328336637208375	0.0350532677744318	0.0332829319984643	0.0333534739264713	0.0341179715178604	0.033949813939379	0.0375787406162894	0.0372355405917855	0.0393541694822941	0.0400446299857241	0.0393656599401963	0.0553571990844384	0.0557662636095771	0.0550582292949469	0.0548183080110375	0.0854883775896491	0.0803276509482343	0.0838572460664214	0.0853267253956953	0.0821680481381755	0.0792706442647816	0.0824208749744871	0.0841404326225557	0.0440738554400378	0.0429402538381598	0.0431251387788641	0.0418607519429383	0.0401789381694433	0.0414321975873603	0.0396091609742678	0.0397797032689286	0.0624385102196889	0.0641459019741881	0.0612157533809267	0.0621998344251963	0.0290639635330788	0.0269032790081962	0.0314113096712838	0.0266214477874412	0.00534589174554831	0.00951510621807246	0.00613632734007992	0.00500267469629931	0.00777903336839621	0.00698051132447928	0.0081962664156463	0.00804418889147821	0.00873375512164139	0.00988674063305067	0.012274233672207	0.0121052705731009
2025-06-12	0.00941984621295069	0.0105860682466427	0.0132173028680711	0.0107767826723355	0.0105622507550422	0.00921979192471582	0.00937813203871151	0.00783982528153048	0.00865132538662196	0.00734013263911235	0.00778986059608027	0.00521868137818542	0.00797361876846374	0.00655521739241858	0.00580135132502718	0.00666981251409051	0.00973579470608294	0.0124376208915027	0.00955211736666507	0.00927446703574931	0.0169065328994014	0.0171379489115871	0.0170230846786372	0.0189324335103743	0.0204348772239155	0.019123091290234	0.0204762294216944	0.017965802064156	0.0269759923175209	0.0235062663992641	0.0233306931277201	0.0231870481554949	0.0450156103906545	0.0469874067187316	0.0420417085191486	0.0449552743714653	0.0623516944290802	0.0613005808375566	0.0609776824013954	0.0623700423319678	0.0701142931921856	0.0692550009604936	0.0679962224927967	0.0686344833545241	0.0690464038566672	0.0695090128569927	0.0668993130666146	0.0675452702197255	0.0674039629808164	0.066195191740569	0.0658645670707002	0.0655362782079144	0.0629313805192009	0.0633827984137693	0.06626477494303	0.0624210461239999	0.0605716929425908	0.0576442984557872	0.0582411054602821	0.0615429031413399	0.0528884259815027	0.0523653645729658	0.0523782709839203	0.0523679384616113	0.049059435031139	0.0476269091367036	0.0480590868934733	0.046254568938684	0.0495457675576493	0.0509840075715147	0.0492443863418945	0.0502258385289415	0.0549225326034266	0.052807952629998	0.055087578999412	0.0551819357671634	0.0560258749800363	0.0549236518108172	0.0556367842942712	0.0534136889148752	0.0510217018901534	0.051550447220775	0.0511962456553886	0.0512316052336829	0.0519022979178552	0.0505511190062251	0.0505395806239068	0.049007002452013	0.051868525682115	0.05352616290946	0.0550331906604909	0.0545721207479341	0.0516521214061352	0.0514165086489607	0.0517370884741805	0.0501942814707235
2025-06-13	0.0457291869076699	0.0468893886689602	0.0473274551603364	0.0460539692630334	0.0408545112663497	0.0422455952931156	0.0418748731524667	0.0430250202880679	0.0419076840465718	0.0379169782773672	0.0379578163644151	0.0372175213116459	0.043709467199504	0.0431831703904397	0.0457221303706637	0.0433852320393925	0.0549361663236159	0.051929084204451	0.0526805568704287	0.0534541926015044	0.0463243145168362	0.0482972731143857	0.0492338855640491	0.0491445268047291	0.0341598260560719	0.0382261080714794	0.0370859153713501	0.0385281505010986	0.0335170082966334	0.035213493375122	0.0311735485055384	0.0350959498227062	0.0325498054198241	0.031770076036411	0.0331272580757925	0.0315528604679724	0.0365675861112405	0.0378732661651701	0.0379617514326619	0.0375973962909275	0.0438598111382463	0.0435100335852772	0.0461400973572659	0.0434900579192107	0.0496407634573957	0.0533302220546308	0.0465814138572633	0.0524476006307102	0.0530705132649832	0.0527514749211024	0.0535083271477452	0.0526696846661693	0.0514793474388484	0.0556699650959085	0.0509905061908679	0.0508601812743752	0.0531687146983067	0.0530677950900538	0.0527111513827834	0.0510523388288561	0.0494806101824251	0.0516624990283147	0.0492137754955702	0.0496431152936901	0.0467361693814769	0.044776552928034	0.0461476432196327	0.0473396344708564	0.0473972568799292	0.0462127358706571	0.04508079152612	0.0473092157232936	0.049837839461379	0.0487970757007555	0.0511404421955207	0.0512246426423449	0.0429787180125027	0.0442502465790504	0.0468163557851318	0.0449546796233151	0.0326881867122914	0.0286302335853033	0.0282595520236103	0.030422027678795	0.0237962566962468	0.0243473164060051	0.0265504047351303	0.0243060221626178	0.0227209720636784	0.0241167701787749	0.0271706639178502	0.0239915938396965	0.0181018502918943	0.017835453196433	0.0173196539997804	0.0147430425118924
2025-06-14	0.0159314384807995	0.017301224790239	0.0182647353922243	0.0165026013367372	0.0203165307137991	0.0231551805176692	0.0230606714011747	0.021467617367357	0.0276732170091302	0.030181065483176	0.0257668199151598	0.026378897592534	0.0339900910755425	0.0310498669536862	0.0332536986037243	0.033706343367047	0.0373054268225768	0.0366430152119903	0.0364078571882513	0.0376437007771817	0.0388731896316259	0.0399980686264542	0.0365751764390408	0.0355535653028791	0.030068528929162	0.0295051071261406	0.0321136800304071	0.0313126839142904	0.0261010453407421	0.0228649422526874	0.0271605299795934	0.0258734824269771	0.0232856603311949	0.0233986284542089	0.0248869974227827	0.0224287137918135	0.0217442842334709	0.0243088170119846	0.0239267382121521	0.0240201605423924	0.0265498130704571	0.0244522684011151	0.0250326594320336	0.0239652590963943	0.0267362416898888	0.0283312438484925	0.0214700721591735	0.0254624423024452	0.0247207717343178	0.0253902296531522	0.024726836287082	0.0261621623254479	0.0239736985931993	0.0246969586501585	0.0235307519435391	0.0237985908131031	0.0237142829753469	0.0219038101910195	0.0216015671849591	0.0227803396486745	0.0210398594388912	0.0209613736537668	0.02075003132312	0.021248735584222	0.0186984185764006	0.0209891626017687	0.0210303403175346	0.017282078504296	0.0188777389695171	0.0153445988618239	0.0156412209580914	0.0181364412105677	0.0105045096109394	0.0129016607395009	0.0138527017150121	0.0137411279345476	0.00932606587228961	0.00561353252322919	0.00593967402230959	0.00612072758217161	0.00362747318188244	0.00199535473625071	0.00214777300841121	0.00622939907345564	0.0167643391354301	0.0138981878735194	0.0140705357263986	0.013266937264652	0.0395721063797624	0.0411131955076766	0.0413394190345961	0.040975279077965	0.0880273984302023	0.0875297365787467	0.088065605108233	0.088377259882818
2025-06-15	0.0906228439188974	0.0897521918295949	0.0913408891065739	0.0922840751449339	0.0584237615873967	0.0596952983935489	0.0573060780043478	0.0575748620147065	0.0427361554641413	0.0429853148462701	0.0437486063565527	0.0465299233330359	0.0451132452903742	0.0473248455602166	0.0466291916291664	0.0469327175202429	0.0611302031132124	0.0590966725354311	0.0593095643436318	0.0584635600077247	0.0734919295675499	0.0736711731104785	0.0732152043186911	0.0736216930032806	0.0808196288586303	0.0811353617016169	0.0837622173547404	0.0822827920850124	0.0860745582291144	0.0864653089792761	0.0849861696617391	0.0864739631298703	0.0841127166320421	0.0836183089844982	0.084533310424095	0.0847356639593647	0.0732238396110321	0.0714594930362099	0.0727005952783628	0.0726160720743952	0.0550528182834321	0.057875341075732	0.0571035091295057	0.0579683315113301	0.0463917172511606	0.0456810600159669	0.0472830546041109	0.0446441681287616	0.0399069763725667	0.0386775610231555	0.0396538349036746	0.0407616277006032	0.0367726289895883	0.0369492736855457	0.0353585083193905	0.0359195890054756	0.0350234006374988	0.0348978785177456	0.0354844681750261	0.0365942526697295	0.035397282279596	0.0369171154463624	0.035578063483523	0.0381075387905186	0.0437699133205333	0.039804655157762	0.039003622494027	0.0384218090276776	0.0465115827926917	0.0461951821285916	0.0456355600514317	0.049657675027285	0.0483960811110878	0.0478550019343355	0.0482800559530823	0.0494688610014944	0.0355446553110574	0.0340374864976424	0.0330972395911801	0.0343206186001201	0.0229804567060692	0.0233017892056568	0.0228471648934827	0.0208705891947913	0.0266503391127308	0.0254465871917441	0.0239471852616701	0.025955888433855	0.0417259664599992	0.0409692960046273	0.0413933762665513	0.0429113612688222	0.0546733866758203	0.0524928025669488	0.0578758283076811	0.0549579824495498
2025-06-16	0.0470171022444723	0.0464647504663373	0.0472444618720143	0.0452736854171762	0.0193175160954793	0.0193876649611762	0.0195596575436751	0.0187351613996693	0.00983398347113969	0.0117901058529618	0.0111459006550482	0.0112300100208503	0.0130745550438199	0.013827182765989	0.0139540544308423	0.0121442077593488	0.0188028124341333	0.0170376782647888	0.0156973689037497	0.0174621403973282	0.0187203308331881	0.0168133204671229	0.0177162195796942	0.0177501291199948	0.0143041619037117	0.0143379595543333	0.0137944531153145	0.0135634254266404	0.0122591454482223	0.014197282889602	0.012863167915736	0.0146804037464396	0.012696988497547	0.0130751821530878	0.0128774909800392	0.016350338369326	0.017160162511088	0.0174624193869658	0.0173557813249206	0.0180216367770255	0.0313443139722135	0.0339818434816377	0.029770340169994	0.0309035023761548	0.0428980756048037	0.0424152980716213	0.0440682510587751	0.0476183752647999	0.0542238126136335	0.0513406082481983	0.0510782859200517	0.0533572932181165	0.0680466380589343	0.0660504628106435	0.0678174906768908	0.0680854084535314	0.0798185230897121	0.0824334344676934	0.081137039777304	0.0796110026652905	0.0854548573279069	0.0866152302343162	0.0834803800060201	0.0844495324317569	0.0816915874545593	0.0806143265766742	0.0790514887743737	0.0836425971943927	0.0728513255234693	0.0726390239998969	0.0731116528705869	0.0723979976060468	0.0582869150146222	0.0554755620124447	0.0573852307553472	0.056852292217586	0.037365591919261	0.0335809099621891	0.0360710877764427	0.0359824103421071	0.0162242016849683	0.0107189337026742	0.0149490044263864	0.0151078601859711	0.00362566685760472	0.00302667897619433	0.00436116750648497	0.00398648665971598	0.00163220569587549	0.00167392282506963	0.00224534898506222	0.000448522493992658	0.00179899627929864	0.0010647960500888	0.00101893824516735	0.00211726942544521
2025-06-17	0.00340614665567669	0.00244071911816626	0.00102277718357279	0.00313035704258427	0.00412440796763659	0.00512323632064616	0.00459428286404136	0.00415807284767589	0.00602281500906512	0.00561529166837233	0.00732844329593189	0.00603345002663067	0.00422115524035572	0.00837987437952053	0.00682250087664699	0.00757646950347676	0.00723954642497801	0.00504546790615247	0.00752201662366977	0.00719296904519974	0.0022781172904228	0.00469082920097049	0.00832577029880258	0.00270528320980413	0.00039240515112401	0.000320942463170288	0.000789427301968925	0.000497225083736777	0.000236414626947357	0.000144329542854767	6.23143075276606e-05	0.000556941522670216	0.000280762102329927	0.000577549785573631	0.000530543187752251	0.000611144924344191	0.00419988525564255	0.00564898252608766	0.00380132157156087	0.00434981064670891	0.0136419087404932	0.0131360560479764	0.0130071877086357	0.0152148475028946	0.022099988692923	0.021579861256414	0.0224436763553771	0.0228764736952858	0.0297386813075973	0.03000692814105	0.0307207876193722	0.0295336029319804	0.033896170580719	0.0341632667924117	0.0341251740832998	0.0338153885435694	0.0344982629881535	0.0343231507886057	0.0342220064277613	0.0329565797954795	0.0304563386222136	0.0325273325703004	0.0323948972218139	0.0326214315856721	0.0368284045203636	0.037874236240456	0.0379913279565224	0.038306031282658	0.0401424397738613	0.0410693107682196	0.0404618071704351	0.039326442287484	0.0300002933998266	0.0302439604263658	0.0304114948502101	0.0273442513235975	0.0122730607806522	0.0129242063130676	0.0124327715788909	0.0123699613273894	0.0101137041460387	0.0123615896099662	0.0120783762645996	0.0124463299793955	0.0109964714233627	0.0142794222291973	0.00996328365081037	0.0107608226966296	0.00664391641763758	0.00834104700139462	0.00807522203762684	0.00493981454334097	0.00827555542386356	0.00820281582411422	0.0058216677831127	0.00769996096890952
2025-06-18	0.0105884855288786	0.00961848851698272	0.00535454499834738	0.00843848095579133	0.00894133736797639	0.00721133885164323	0.00553937958421496	0.00730794419616542	0.00365758324814998	0.00391246472667847	0.00571877834661743	0.00371117367855411	0.00250068385364238	0.00271559534256614	0.00172933903409805	0.00105438176969343	0.00343008266556805	4.7547989201863e-05	0.000655724643753361	0.00186664470147672	0.00175031210437894	0.00079929084077384	0.000904230896276064	0.00154616615857115	0.000187633107416072	0.000737321652285645	0.00121472935602645	0.000860315884271835	0.00109983201547379	0.0022087596624777	0.00345072441191872	0.00124068391012979	0.00636973845626759	0.00187285177493195	0.00244398390399007	0.00231342586481039	0.00456266527201486	0.00672600932095626	0.00509508508693027	0.00161624032009861	0.00464853885995519	0.00692706890372157	0.00977703375179334	0.0066473584845299	0.0110639093715504	0.00928374907584835	0.0116551446401536	0.0119971969124476	0.0151345006762689	0.0159192316363452	0.0154891439392647	0.0154571237481212	0.0226970503260329	0.0212164841402669	0.019522199876807	0.0215642656568932	0.0256347001988204	0.0254301906470554	0.0276319669399856	0.0263031422141386	0.0298885366721599	0.0286192282526317	0.0301691770304468	0.0293230580447616	0.0311125244945448	0.0336119250014964	0.0307665677135239	0.032508982790435	0.03423485307389	0.0327480540352	0.0353205801512772	0.0386965127396327	0.0315440532530468	0.0328289951285584	0.0343530565399403	0.0342738950784546	0.0275821667476737	0.0284878891487756	0.0265001228244159	0.0274298212791349	0.0211478878807737	0.0197634554843386	0.0215536849998056	0.0215349716350821	0.0149611695104009	0.0148799967909161	0.0164760297119738	0.0176828039867091	0.011238255448747	0.0124684757498256	0.0127716746544911	0.0135215941469363	0.0107047097882467	0.0124704677430523	0.0104312126350587	0.0123936098336423
2025-06-19	0.012307951859729	0.0102586550736653	0.0114965209255751	0.0129368721410306	0.0114534018787963	0.0107661086025617	0.0122150056348765	0.0115654838837655	0.00961258669690888	0.00915596654596976	0.00901503501994689	0.00921641173717447	0.00739715016257894	0.00612085308331331	0.00538486430467625	0.00509713244943151	0.00358184733807361	0.00260954842632136	0.00187593988563278	0.00393266434997225	7.32159491820652e-06	0.0014575437701777	0.00230236230855612	0.000232772326347972	0.000879599844899926	0.000410754202203682	0.0019530856886891	0.00175656026420729	0.00990638100761258	0.00880124890237826	0.00759458342136216	0.007697786668647	0.0109469090194692	0.0174403618989379	0.0157986219556581	0.0168141071259348	0.0206400675491107	0.0220807889726804	0.0231249478825567	0.0211541955956522	0.0296543654152475	0.0284371681363195	0.0281081028389936	0.0278003636094394	0.0367800076758072	0.0316340988780356	0.0341430828360003	0.036442810610157	0.0416155044560805	0.0386696721417936	0.0392480599477112	0.0414667634544146	0.0467837790758088	0.0451203901446053	0.042797915317833	0.0432979154617528	0.050066116175864	0.0488499681685191	0.046605288492454	0.046478627163163	0.0480727972300777	0.0495984988914274	0.0486110701315305	0.0487176337469644	0.0470229580728359	0.0444748870477194	0.0454030332030554	0.0450991216763893	0.0421745950484407	0.0419375257830295	0.0423583354411606	0.0355295437273692	0.0347813798623378	0.0323312928502716	0.0355927635562561	0.0342945637311344	0.0299950009830793	0.0210875291255634	0.0302441187207462	0.0296733511706111	0.0185940945560243	0.017571430700777	0.0188045344268168	0.0210299403163819	0.0210258955318208	0.0213250493128503	0.020381547660777	0.0222675074945519	0.0427335362999744	0.0419859394614011	0.0414696748623126	0.0408108493763119	0.0464644399862166	0.0488077363224685	0.0459852296164042	0.0497425940749107
2025-06-20	0.0378968226407725	0.0378861695628792	0.0375519994004399	0.0366650083959085	0.0346655602613438	0.0331813337887727	0.0358865713551246	0.0362665345947589	0.0386034369419012	0.0388529160032667	0.0391323241171304	0.0384113229377016	0.0362631600997189	0.0395686411411905	0.0366692428404159	0.0384989559186747	0.0305706360931599	0.032305092074905	0.0301549097619838	0.0299693620699513	0.024426296867658	0.0231664890601241	0.0232757404112824	0.0221314736609355	0.019996990062343	0.0195217888963676	0.0184730944626516	0.0200081265786378	0.0208897469251732	0.0201353374449465	0.0220052920166094	0.0219696236132709	0.0224569272795154	0.0242944645142251	0.0273196624550308	0.0259289457512287	0.0284962051191565	0.0303438840448873	0.0316057958186077	0.0275541150173484	0.0343562565831135	0.0371599177173862	0.0365091594462037	0.0369746662532966	0.0454848074876937	0.0450530497046113	0.0448480884395252	0.0456140543681698	0.05733413298272	0.0563283326090932	0.0549577336870409	0.0543798007211459	0.0646022711294142	0.0644358563411575	0.0638735157712545	0.0660883567581738	0.069749139083225	0.0665361658734239	0.0716688613219374	0.0700458337214138	0.0668151919105297	0.0668313071824314	0.0633226578833852	0.0670308430236537	0.061944829249694	0.0616992555288459	0.0551080100486419	0.0612479051728182	0.0578011623785727	0.0588114824667282	0.0572948772984097	0.0560924778562894	0.0588392436340155	0.057575853295796	0.0533870519758388	0.0551978510943497	0.0512334809760888	0.0506461107451412	0.0510959853355987	0.0500244229431714	0.04337292725425	0.0400709712520628	0.0407493253815978	0.0428067761120894	0.0376174162754366	0.0355533597493234	0.034077563117326	0.0367516608579141	0.0334180171364544	0.0351408811388364	0.0358076752581182	0.032633426466591	0.0352322008014433	0.0354211275375848	0.034292935894194	0.0310537357667778
2025-06-21	0.0315880993601635	0.0368101185266911	0.0314671497213974	0.033134632391748	0.0334158223103861	0.0320322383905126	0.0298145982782592	0.0307373410208421	0.0296775530676024	0.0289603221757407	0.0265949660279573	0.0267671587286996	0.024631999233686	0.0235271122132148	0.0237068922973607	0.0211339962557385	0.017089253904661	0.0195569433796231	0.0164731863262129	0.018880616389503	0.0127026864851649	0.0146413511529981	0.013688668208619	0.012967294153218	0.0105733522316941	0.0134036662110441	0.0145009529234392	0.0125220286338226	0.0149671003448101	0.0168289042326761	0.0219663330975798	0.017237662324934	0.0253012859066467	0.0294638465036339	0.0273083911261158	0.0289264764636036	0.0371060640536191	0.0424898616862625	0.0405126927544232	0.0388913815056953	0.0522041172192048	0.0526905094797275	0.0536783372307857	0.048427036070282	0.0589038631908407	0.0581620795052008	0.0586693719280418	0.0582646853759167	0.0591948242091469	0.0577653960189937	0.0617068320310904	0.064332947740769	0.0614556397890076	0.0622177862861393	0.059922172531414	0.0604044013934391	0.0609444973882247	0.060687255681365	0.0602583600581296	0.0611098868722807	0.0632828468938432	0.0636267481790755	0.0614227886884804	0.0626676162386009	0.0653534896227787	0.0652863897104827	0.068682110323279	0.0646780103434596	0.0657019044458231	0.0659803054255813	0.0649969183014824	0.0653208718271132	0.0588535789408736	0.0615996486211964	0.0626821200207931	0.0618646524171369	0.057642391991005	0.0584385340182886	0.055232361144474	0.0526867128462323	0.0426931277379085	0.0432652731364969	0.0446328883106263	0.0444087108149683	0.0303949937994979	0.0301740485430549	0.0310186891958971	0.0324122684615502	0.0247441485007903	0.0265780765807099	0.0267528776198898	0.02392489729861	0.0264328973726746	0.0268105953456451	0.0257889084282263	0.025967598853454
2025-06-22	0.0260475922347669	0.0261701468164063	0.0265864381943423	0.0271958227544846	0.0256810385218163	0.0235404280363711	0.0213035232399723	0.0224750102018404	0.0204152279859973	0.0163405913667589	0.0184164783945128	0.017827702252731	0.0143938372906111	0.0136873862060523	0.014948293093329	0.0149704834100076	0.0111092178474532	0.0120980412008112	0.0129488717148064	0.0108438692369293	0.0116789828190757	0.0130860934319399	0.0128819248419041	0.0113529989070803	0.0211732282037928	0.0218634215562922	0.0229223165605735	0.0220410336793416	0.0251800023938417	0.0225159760486949	0.0238629640033486	0.0244410575541147	0.0175419365356023	0.0165445142110698	0.017147231972371	0.0157663172809569	0.0107820998273259	0.00732200733428083	0.00745886194478116	0.00743703089361216	0.00872600358926209	0.0122642872490521	0.0104943217318511	0.0115153874298346	0.0300201489343232	0.0319969159293471	0.0306769018849175	0.0283060332514122	0.0462956275042486	0.0454193652289748	0.0463216863199288	0.0459633209468478	0.0533371332646404	0.0509029239490481	0.0530672675356115	0.0526926752506999	0.0524136585802556	0.0503459126131988	0.0495736449743742	0.0496667838321714	0.0365664736046464	0.037075644012196	0.0368058553333841	0.0375520270497735	0.0241365196987626	0.0238074803625602	0.0233064996640181	0.0247495002746591	0.0183045504890286	0.01892516890821	0.0183749666716134	0.017395313931148	0.0193250054984702	0.0201909158230781	0.0180930867658992	0.0193909919125525	0.0312068931962855	0.0330556508735797	0.0318765758437086	0.0318608800864261	0.0488698299024342	0.0496577321657526	0.0481466100322692	0.0483258278995439	0.0423380132901084	0.040399043049985	0.0425667934423382	0.0386961502175684	0.0252423269368659	0.027739486040413	0.0268666652701713	0.0231515217525498	0.025574698537709	0.0253350153773421	0.0228638154320633	0.0262264706528856
2025-06-23	0.0288622771923062	0.0284070180747029	0.0265399225666413	0.0281907821663495	0.0260720548067002	0.0284482987133649	0.0288619872364977	0.0286176592434372	0.02728190064411	0.0270180123941029	0.0294253564360784	0.0272747305257086	0.0220735204692804	0.0208868803252246	0.0201021565725833	0.0209374426329118	0.0121826359974215	0.0090520729803414	0.00844630769143725	0.00631898333079988	0.003765517652778	0.00818939931266463	0.00341003665639591	0.00163504637816147	0.00286858290025784	0.0037970678741049	0.00255100350163918	0.00378334572399808	0.00264671394804781	0.000453004563833223	0.00216346594536112	0.00173681554275785	0.00180817781634401	0.000672651849019779	0.00400722467129286	0.00351194566334335	0.00670294124081442	0.00948252012694182	0.00621722460977024	0.00859731402247352	0.0142282785622443	0.0178978625498715	0.0159013692252455	0.0159724896626387	0.0236141257104697	0.0228129098367085	0.0263332987332587	0.0232396657195631	0.0353032220454216	0.0323421341193977	0.0346732258261958	0.035681418008985	0.0486290628481301	0.0481675835423062	0.0484898490026407	0.0467135046069229	0.056956524115333	0.0559337061339028	0.0577149202992055	0.0563948494515587	0.0639665293229596	0.0627571697703814	0.0618356732142196	0.0594406276924394	0.0626956858090513	0.0647515800818119	0.0669658949129283	0.0655868391962085	0.0693235130351987	0.0664424276999145	0.0680562494006345	0.0671778098642522	0.0716592606391719	0.0687210853297718	0.0706990437156181	0.0709206103154383	0.0686496795426488	0.0661485579192277	0.0663788532188288	0.0688229093192947	0.0573596016210166	0.0581154322751917	0.0565508165876006	0.056974149516191	0.0449614478723167	0.0449219128823085	0.0443433505160157	0.045773288729359	0.0338322041256995	0.0373274260454712	0.0382125099766168	0.0376278598522125	0.0344098266013434	0.0317768839776276	0.0316360617184936	0.0331772277025354
2025-06-24	0.0294279670551014	0.026207071181298	0.0301381699088771	0.0282267918547234	0.0222241714561974	0.020965862414521	0.023993170344631	0.0268167957846506	0.0194068046273988	0.0222326174786948	0.0181201596699449	0.0182404182239616	0.019033373064075	0.0176158988403905	0.0185092478396577	0.0188414802558768	0.0198447723171682	0.0202244060012801	0.0189886965057225	0.0169421251758292	0.0169221119882962	0.0157788030050737	0.0172868189652982	0.0170122660413319	0.014810480220904	0.0136639751575079	0.0147147170195186	0.0148108276020695	0.0111335945774357	0.0107914377328427	0.0101859429469627	0.0118890247427589	0.0119644225325625	0.00947683240819943	0.0118181657391265	0.0107405793201116	0.0152066970522425	0.0162417293086036	0.0157970096692041	0.0137545639699498	0.02599043397351	0.0215622143489558	0.0252667814616877	0.0241805702158465	0.0320067941011224	0.0345045185414789	0.0339482846315918	0.0355404027258069	0.0396843059190694	0.0414870761385544	0.041037389893927	0.0387912280484493	0.0440146427857407	0.043198087570003	0.044842318153763	0.0409449514904933	0.0448490252095492	0.0442341837894071	0.0441891383194708	0.0437276526815729	0.044777168889457	0.0406005357969424	0.0457916939067876	0.045830601406813	0.0437052818843162	0.043194691963148	0.0466090961152517	0.0434909300372842	0.0443137135650453	0.0442733072375932	0.045270144661882	0.0421428345354796	0.0414508588981403	0.0397465896533641	0.0419495413792582	0.0408530100692374	0.0341922806398028	0.0342618704256293	0.0314565748982863	0.0340892740362816	0.0217805269300591	0.0196134991112331	0.0211320519358061	0.0234739220229016	0.0127092505112783	0.0144903772058475	0.0109711570715397	0.0148292152113344	0.01190942444841	0.0106596467604806	0.0116974456914641	0.0147334830996454	0.0157926776265893	0.0139607337343792	0.0153410333269746	0.0159055553120569
2025-06-25	0.0162057908056205	0.0163030282796282	0.0158931616998505	0.0155980192149007	0.0121629068856374	0.0121650251767932	0.0119175487902645	0.0127545191473049	0.00896534697159388	0.00720212742946651	0.00904943499554921	0.00678309060339039	0.00419640299461353	0.0061980800240062	0.00492492935373785	0.00668058762764242	0.00880142116637186	0.00714387109954478	0.00551298117268661	0.00554172656139676	0.0158387266084156	0.0104593531883239	0.0115487866251196	0.0101531335781409	0.0175160997921837	0.0206447058843836	0.0194186725534121	0.0184205217700206	0.0241154577450433	0.0194715597668	0.0199924686186738	0.0214205138694829	0.0178196055654777	0.0139449234871975	0.0171442766188424	0.0180911943284825	0.0178247103732206	0.0162355989880586	0.017420450820588	0.0155192398181327	0.0317642909082222	0.0300341547081081	0.0335529271062957	0.031648627277374	0.0574371184551954	0.0530378830915399	0.0541848316421405	0.0533401668111242	0.0692402994083308	0.06905200720008	0.0698189898900108	0.0668887035015784	0.0748343616485373	0.076740122912313	0.074048975374415	0.0743765400647346	0.0767774745815937	0.0749524249067938	0.0754173671782268	0.0778527333333857	0.0688894750113911	0.0693454662171201	0.0687805819492802	0.0709844768222086	0.0571819494925459	0.0535142011349144	0.057566158665034	0.0557376907075057	0.0407552551040587	0.0388951450207044	0.0407157178864012	0.0396338819888357	0.02890733437232	0.0281354689443759	0.0264249802564377	0.0285322164268665	0.0201643313794243	0.0199548996339219	0.0207729578738029	0.0201078111128509	0.00977013325761105	0.0107360142767599	0.0146537073343708	0.00884014513125825	0.00942808779319021	0.00800046774081688	0.00795960781587566	0.00861183665011726	0.0127837878226883	0.0140448174610319	0.0153399250339112	0.0128314696823686	0.0241123294754291	0.0230897459880926	0.0224431578256378	0.0213547667108406
2025-06-26	0.0339257454742505	0.0342847246965321	0.0354363259416954	0.034353203887522	0.0496010265557875	0.0534894210794586	0.0498517483331994	0.0510578040315545	0.0753051150387646	0.0781128873262334	0.0760029673399499	0.0785790302950521	0.0954389919041449	0.0941820317734639	0.0950012001383344	0.0913777761840568	0.100886525018681	0.100315618208729	0.101832875158629	0.0989649816139608	0.10752549543938	0.109381575241809	0.105774759632643	0.108318169686168	0.0996546840253215	0.097213007120407	0.10062704141639	0.100505267437881	0.077233324556849	0.0784854758085353	0.0778990157760449	0.0773821838585708	0.0508048616870117	0.0524313451782039	0.0515268760987663	0.0512369170360182	0.0407974615214254	0.041180407689688	0.0409472859870106	0.0420748448018759	0.0318606668273553	0.0318872065463978	0.0308365402088865	0.0324155864173603	0.0230933863813668	0.0252667301429984	0.0245877009408629	0.0240521825347719	0.0198835352129445	0.0197064169877243	0.0205215473780845	0.0198885004212468	0.0159855969121576	0.0197108353543805	0.0173618921036207	0.0149416756298412	0.0258260252729217	0.0275706448651275	0.0262560419601944	0.0263472879017565	0.0269858856257949	0.0262876007538149	0.0274107669113549	0.0273157467090353	0.0230720010951749	0.0256546644510336	0.0278564987783365	0.0244168356754551	0.0247871474419391	0.0264630512973331	0.0264315318485774	0.0243182694121504	0.0227341838646492	0.0221386180352345	0.0233290540128833	0.024798144087233	0.0137074924746348	0.0120130571148453	0.0145585905919579	0.0117208598185621	0.00456711503144574	0.00345964236062514	0.00258370588183543	0.00438953672609369	0.000846542702189874	0.00321441948093157	0.00438047613991668	0.00155856167696188	0.00547815985136345	0.00720021810987011	0.00681454172731129	0.00250708031145514	0.0119986055575683	0.0117832085167869	0.0112859856949949	0.0129322002306499
2025-06-27	0.0168410421751289	0.0171022547029166	0.0169044101486039	0.0181522929733506	0.0223010603832066	0.0205361543144272	0.0203046207735831	0.0218581645287831	0.0236343751404028	0.0231513131230572	0.024823937829533	0.024390373907007	0.0252948285717743	0.0264701339156717	0.0260767594747206	0.0251582780378334	0.0250695947730253	0.0265235871958162	0.027559792771234	0.0268470252599245	0.0209341380749965	0.0208143376013851	0.021096024860291	0.0221554994633274	0.0153757344968577	0.0140123088314564	0.0145563115421726	0.0190556451295133	0.0217815646576493	0.0231844349407637	0.0204651741453754	0.0195688262562116	0.0336205087068779	0.0335076793507467	0.0310434133973807	0.0318283985449947	0.0426769197020984	0.0435740911389114	0.0396295079952565	0.0441194811637337	0.0516076077091072	0.0505282681876487	0.0513815893713976	0.0504825347318465	0.0598231820722006	0.059117676262941	0.0588845785069429	0.0581745631579155	0.0638630494399538	0.0624535269022667	0.0640595268085637	0.0646238968492158	0.0671271072190039	0.0691174653379103	0.0683788836117035	0.0653765438313823	0.0675552363481371	0.0685660986669984	0.0694996945153389	0.0663789704695256	0.0671063097748123	0.0689176811892807	0.0684385614025395	0.0695374476333676	0.0703128467245981	0.0699580827094759	0.0683737490075734	0.0683553215583527	0.0650636776385118	0.0677926249849433	0.0685165871701792	0.0686271102063657	0.0607135529622543	0.0601774472308169	0.0580958271249097	0.062013172682019	0.0459864236761128	0.0481521081065325	0.0454168824195496	0.0454445857978052	0.0317210392691926	0.0302811621501734	0.0312648111500589	0.0317329874305751	0.0214976659373751	0.019055248860668	0.0211363507272927	0.0183107344746642	0.017039326725572	0.0175446348298967	0.0198631271552657	0.0175529112892657	0.020093555819893	0.0213403015766779	0.0248855027474406	0.0206806398559885
2025-06-28	0.0232385058452488	0.0243850396449352	0.0253727352816356	0.0260037192281804	0.0232760036144393	0.0255722788436636	0.0260454280810083	0.0251062894608889	0.0190960898870549	0.0208591744228008	0.0189694357885377	0.0200752999016065	0.0139277057683586	0.012588569510114	0.0131643851842186	0.0153193395373088	0.0118410496937827	0.0113057457871462	0.00938247980626464	0.0124707247128064	0.00968343662178005	0.00761621762473889	0.0107813147557191	0.00991903099776195	0.00333312795357842	0.0045045138957996	0.00366074890369951	0.00350160924692246	0.00256384083964275	0.00388391051802767	0.00361385786525066	0.00493839077707893	0.00446570960977654	0.00513210117330277	0.00316383389829184	0.00423835531862884	0.00480163876656706	0.00465499419342921	0.00329823170067427	0.00624513533932946	0.00788095472585593	0.00713458211793212	0.00992637588399967	0.00705808727221228	0.0138455528029697	0.0137499884501506	0.0137382289628003	0.0136662297840793	0.0213691171471424	0.0204228925552627	0.0211219405501328	0.0200860497474621	0.0288264360606571	0.0291096627580685	0.0283590663575604	0.029704834823714	0.0391210567123251	0.0393255795011119	0.0382293962487528	0.0373239675378102	0.044479713738195	0.0414799008744957	0.0420798482013151	0.0429605371859943	0.0407031081474406	0.0414170612729657	0.0421680314293031	0.0427117991502906	0.0403089376863871	0.0398074574553637	0.0381508319816754	0.0417327728765738	0.0364366736138177	0.0358894139434696	0.0344643711944757	0.034209541248237	0.0252751653709229	0.026438507281896	0.0268140711431543	0.0244722562040268	0.0166864374480432	0.0150374758703715	0.0120309817712428	0.0172451049103424	0.0101506476205581	0.0103719206851053	0.0132543829971412	0.0112230486971954	0.0157335779327401	0.0193179407822957	0.0169953260203043	0.0169531552646598	0.0239001985646154	0.0238657546608393	0.0204372163792339	0.0207968303953114
2025-06-29	0.0228986957721059	0.0223646504597418	0.0225037945341109	0.0242328592340414	0.0196599940832319	0.0201970159829577	0.0238380479023379	0.0183049420314725	0.0176789056350549	0.0190993581198019	0.0201226296048402	0.017099106640303	0.0212972907740658	0.0160741170511197	0.0178790218175863	0.0157495703572283	0.0165063698433423	0.0169706909255171	0.0158359600399517	0.0186869791911889	0.0149266511828698	0.01669668662456	0.0155680080753241	0.0168086541172461	0.00743425891117197	0.010822149230868	0.00993946563678338	0.0108041262211767	0.0138156951814928	0.0125466733549024	0.014796977532816	0.0128406539307888	0.0154141589200479	0.0159799585130099	0.0134976509163981	0.016108231650544	0.014981099600838	0.0116725991271071	0.0107488090282952	0.0115974922437597	0.0108805324330768	0.0101406235052255	0.0121839816328276	0.00679486242887	0.0141384741614208	0.00890791108714459	0.00920163574640523	0.00875197900502937	0.0129384037887082	0.0138285686343639	0.0132947761554106	0.0139382514215174	0.0172119710111581	0.0182076169847995	0.0181267205953237	0.0204536914087186	0.0233535980635527	0.0251711526112585	0.0228023280115024	0.0236729213136864	0.0279048348426624	0.026317192078733	0.0264634286891226	0.027314544389482	0.0290297175251432	0.0308218564494237	0.0304014038274882	0.0307470221979449	0.0362142711019188	0.0386627658810973	0.0395909996554609	0.0375319633615231	0.0386727187338289	0.0371047803107498	0.0389492730766588	0.0372732278787625	0.027964029676783	0.0262334052126642	0.0302660630645633	0.0285365020459894	0.0186948827720477	0.0183152953374028	0.0177341050261371	0.0182557168644124	0.0119336506181642	0.0113836349138043	0.011242978278938	0.00943973618909356	0.00828613665901577	0.00579762338005772	0.00950148403626125	0.00941475592466526	0.00807194096813776	0.00765368578902386	0.00864843146714537	0.00662594177569301
2025-06-30	0.00548989108026503	0.00758202538480294	0.006383645887509	0.00954443764742303	0.00679062247053991	0.00882175484137877	0.00504377980411634	0.00634384288396498	0.00628595290160351	0.00710443013696629	0.00596101897559778	0.00464859798583242	0.0059924761900229	0.00347674579691215	0.00600646016454621	0.00652431784851873	0.00256144261408709	0.00476037621121284	0.0070724351910665	0.00660574598363356	0.00509327949585462	0.00673077051836456	0.00532326333796737	0.00585268664781345	0.00239970275380228	0.00192515039504709	0.00327491588508676	0.00340023096606387	0.00121386508223455	0.00219964488905726	0.000489533414325393	0.0010969566143828	0.00163055575279288	0.00142639608865945	0.00157664318426415	0.000366404974283528	0.00160741794136616	0.00523967312527494	0.00555444491226107	0.00559846402109783	0.0113954325961041	0.00998838832077063	0.0124807232099175	0.0121354558732078	0.0186586928067756	0.0171190480321094	0.0169700870839908	0.0182521720771242	0.0216563738212952	0.0228829051877806	0.0231970505541625	0.0222636704367617	0.0250847521152867	0.0254620459861565	0.0233628241717246	0.0250903777268323	0.0234259365312614	0.0290509803172615	0.0236447073315599	0.0238783758199172	0.022885333946117	0.0218206795777878	0.022720702853699	0.0215732836223962	0.0190077780301982	0.0154307577024227	0.0176964711247944	0.0208649931425847	0.0162992795880852	0.0163579072593232	0.0133900671399698	0.0169527460126219	0.0191978834005957	0.0195985362317182	0.0180724649328258	0.0171311154348603	0.0260680135067949	0.0241412662091419	0.0255881734621497	0.0242025468219135	0.02779670041762	0.0262656939204334	0.0257488049126621	0.0271888007492845	0.0259204388539671	0.0249604166106007	0.0233955400826655	0.0247236044527667	0.0236662450729805	0.0247901681272585	0.0202064893055582	0.0243370974942028	0.0237684765230015	0.0226873823712085	0.0196869595540709	0.022857181551719
2025-07-01	0.0178891277233425	0.0165301028705481	0.0175297643085983	0.0200510050975112	0.0124217063619801	0.0122216166062832	0.0134280932253696	0.0129285838063672	0.0112617485832042	0.0123420983223562	0.0125160436685028	0.0118801094259367	0.0168324169679944	0.0125706439879539	0.0133868640793006	0.0152100749647511	0.0190103490135641	0.018280647444054	0.0190530146433966	0.0196559888989853	0.018459812352488	0.0196424665306125	0.0211657051765657	0.0207320159403338	0.0100935837846695	0.0133236878201422	0.0141819753070115	0.0134007530881769	0.00713369181821166	0.00723195108553289	0.0055932237332335	0.00504113336302195	0.00622318433937096	0.00649068518035166	0.00665671007102461	0.00762942040925278	0.00870445733305701	0.0083739271327872	0.0099388981369638	0.009982717397192	0.0174644225643539	0.0169071739388427	0.0155024830374951	0.0141259204593083	0.024302188426421	0.025468142602801	0.0224581396102459	0.0177715293605321	0.0287586398604113	0.0270180159057833	0.0263648277606423	0.0288585164731632	0.0298343619566126	0.0281015461313648	0.0309821838833084	0.0300819080287142	0.0303950641117119	0.0313422483368881	0.030532536981727	0.0307301505696729	0.0255146111813267	0.0273345944574767	0.0262728981600978	0.0258778962010989	0.01774916472371	0.0166829437454507	0.0177902423040113	0.0157776492268279	0.0087486458359181	0.00788024752181037	0.00868837835008092	0.00568272829219061	0.00244098801232525	0.00246789143708968	0.00138094092431033	0.00171017962627473	0.00172416538555642	0.00265773576907916	0.00332206214828571	0.00129603669707872	0.0103808326550915	0.0134916382408068	0.0104672898474407	0.0106602392566609	0.0250144162856232	0.0287067278067174	0.0250919168997267	0.0261869390079327	0.027478982128048	0.0290235841169478	0.029191079724858	0.0283063540301462	0.0144616347526691	0.0167616631102812	0.0162723241233845	0.0145043780136652
2025-07-02	0.00645302649706669	0.00665392506733105	0.00778872879606102	0.0101043196395412	0.00542728489453538	0.00726080815569199	0.00838463913021208	0.00892726781956056	0.00612051411627251	0.006902407144063	0.0080395952514399	0.00693748348822459	0.00571887826392226	0.00446371268154614	0.00704040526401579	0.0057770037905158	0.00375955598211094	0.00364587860976912	0.00391025733524312	0.00568430807287683	0.00229659166453726	0.00565495375004603	0.00376086616128409	0.00628758842413262	0.00782823151397604	0.00524293647351043	0.00460910302802031	0.00231972898449322	0.00340742271220584	0.0041157345049241	0.00285366273250113	0.00262318005036893	0.00437665755987809	0.0026539730621943	0.0049036429371025	0.00406572644082512	0.0115150425795689	0.00867535021677067	0.0103545346529624	0.0104550725506981	0.0212009959989299	0.0210680319400297	0.0172505660032973	0.0194804060577432	0.0288395955133643	0.0289460488445292	0.0284139461582321	0.0288004094838744	0.0327945401795022	0.0351869485173278	0.0340091182417365	0.0360093930614335	0.033712332615612	0.0356374655702582	0.0358512556623498	0.03579894615178	0.0312200936114021	0.0281129113649981	0.033661469538242	0.0330055254853577	0.0269119879280336	0.0275977978152918	0.0277306435956523	0.0267595706610223	0.0186186555903323	0.0221900013095097	0.0205483909445839	0.0226429521555742	0.0152881069217083	0.016057906278902	0.0198229590165195	0.0148310277828702	0.0156434889873789	0.0139369369598563	0.0183408858751128	0.0150786881776521	0.0135027056609673	0.0151555736514849	0.0169600886278036	0.0153816320597441	0.013902024283266	0.0157319375871632	0.0123092270286927	0.0160568111008781	0.0124258465880036	0.0113402817627726	0.0112754200420258	0.011958451607198	0.0106701283162828	0.00943750905655583	0.0077359535347902	0.0111564090923712	0.00916588629284144	0.0113262225497295	0.0124988838292925	0.0120090073281366
2025-07-03	0.0125312345926795	0.0133932779003867	0.0129048028813039	0.0171706846256299	0.016000215823207	0.0140869246568835	0.0152461485293189	0.0146667109905906	0.0165063615893385	0.0162908282520127	0.0137750034754889	0.0144278066831599	0.0151873288947111	0.015907081808432	0.0112191096241714	0.0146864796726854	0.0107694088765413	0.0132012873614707	0.0114949393607653	0.0125343644012227	0.00883496435907425	0.00782438580933889	0.00969794821392071	0.00964270161766615	0.0124928814869532	0.0094684621886992	0.00844238489938097	0.0095962714249666	0.0110079983421837	0.0127656411001787	0.011768126186057	0.00945823437158055	0.0131749445459198	0.0126449316416386	0.0107690399423219	0.0104110838701196	0.0118358968532293	0.0108334858897128	0.010275786034365	0.012054831222693	0.0160914894878344	0.0153533110997024	0.013455909155549	0.0150992902569142	0.0186342125405756	0.015966719496396	0.0189631674451378	0.0174359005178905	0.0188503358981949	0.0200350820999212	0.0220777508991192	0.0210368311027646	0.0231338240682786	0.0223487482091974	0.0234962042745908	0.0230212234479332	0.0243214069341695	0.02218700113801	0.0250137381653947	0.0244778537624258	0.0218099003623662	0.0197656162631942	0.0223972152602108	0.0210272681142288	0.0192932730312113	0.0171472820017763	0.0173942778076184	0.018165167159394	0.0164298583884268	0.0177035436336076	0.0174072041502379	0.0174593938277277	0.0212096806332997	0.0191701035814991	0.0201162967513293	0.018503919033872	0.0247020971639916	0.0257752006743741	0.0232024472491085	0.0263202549125258	0.0230024424848851	0.0253982722954945	0.0244612558548606	0.0231380293647598	0.0205306759612469	0.0198751483958445	0.0187969647639126	0.021797210878996	0.0183793617203829	0.0159758245162576	0.0162491427063503	0.0163956710570093	0.0144843959305034	0.0140616869964508	0.0164888673283838	0.013965049744662
2025-07-04	0.0150916888837445	0.0149476865203738	0.0144587862263262	0.0145018383695555	0.0161309723504339	0.0182932404115534	0.0152521131162731	0.0183236741217396	0.0181916430483936	0.0199332682101206	0.019631251939874	0.0202438368016118	0.0179983867641891	0.0196935879143693	0.0208950697357273	0.0194129555857143	0.0182094751379406	0.0172757546145334	0.0183364634649805	0.0161783067825455	0.0121858102313709	0.0156861686177042	0.012080517167775	0.0130475039831499	0.00714977200965263	0.0057759619148053	0.00536752788033209	0.00970673819520998	0.00914811322954205	0.00829190209716747	0.00895213762783693	0.00760784704545355	0.0118878452771513	0.0111522857326895	0.0116427595488545	0.0133171094413047	0.0121782474343915	0.0125678631044757	0.00863624301264128	0.0116176464484916	0.0148144659156405	0.0137360922051449	0.0129231149932534	0.0125263268859612	0.0226526972639648	0.0197576056441866	0.02336729316439	0.0232224039274585	0.0281558548950748	0.0270747523853179	0.0245531131124006	0.0282162796072067	0.0307717855301932	0.030188657671176	0.0322147583978036	0.0308247984008273	0.0340936471988529	0.0336812868974817	0.0339950658280383	0.0352300000756271	0.0335189661840451	0.0342055804465354	0.035654111426577	0.0356213419428426	0.0348625096198753	0.0345128547067358	0.0329178943509519	0.034706741322437	0.0338972636709241	0.034994951303591	0.0341064820612881	0.0340013029641968	0.0355285560347924	0.0348216786404439	0.0357858870468771	0.0378638782778865	0.0341079537051999	0.0347158328928953	0.0332661080903759	0.0349101053115288	0.0233918294082587	0.025582586091916	0.0278068753357955	0.0282187091640298	0.0236291035962609	0.0227590205044603	0.0238438755753533	0.0247680003239255	0.0281466464238098	0.0266364262908552	0.0271563465819156	0.0260605807034195	0.0311892345020182	0.0309795740955635	0.0331563284500276	0.0306748629523907
2025-07-05	0.033844142527828	0.0326703843960192	0.0315793318825422	0.0329061411936106	0.027504371603572	0.0288907371888876	0.0286631481156169	0.0279417430919235	0.0231307948819861	0.0235947480167431	0.0226302891298039	0.0206441679714669	0.0166077209304822	0.0149587451971544	0.0200446083242339	0.0173889255481295	0.0114784737186491	0.0149046764059911	0.0102075541831772	0.0124092956921827	0.00728857253030197	0.00866469641945241	0.00642739431868505	0.00861933673156057	0.00559486377957203	0.00381905891095188	0.00547987566671616	0.00610620164275992	0.00522601145100542	0.00313715019652017	0.00266087521650207	0.00397596313597234	0.00241080896527458	0.00264100158182089	0.00337664332052622	0.00357154613237832	0.00381831374545473	0.00314653955325568	0.00314701046585656	0.00388813623543302	0.0102602183219266	0.00951887506951196	0.00404149597498451	0.00817941063357692	0.0141000314451667	0.0143077537671909	0.0150196343262646	0.0145725804613778	0.0184346768332913	0.0208523885062094	0.0201943014444697	0.0215186332160296	0.0236514748261792	0.0200920468826067	0.0257283654975799	0.0245281127936342	0.0235800841352622	0.0238604625628053	0.0261925025463834	0.0223669507555492	0.0202091507573753	0.0211976454226238	0.0221492814994404	0.0234439223205605	0.0200417404744882	0.0194233021706112	0.0199203554626321	0.0166146018922685	0.015971017259875	0.0165760164117668	0.0173734046785159	0.0190795616498423	0.0154906383179259	0.0156364138916788	0.0155623373317592	0.0143106104586361	0.0123566483752333	0.00913359351075551	0.011079794021768	0.0124299640922432	0.00663595634319997	0.00655132888534161	0.00638438257840341	0.007428332193055	0.00434360330367279	0.00267358899061096	0.00249565895594522	0.00348714874977103	0.00117778976764809	0.000899595464512077	0.00184635367807872	0.00107626108976112	0.000533839720402268	0.000230475427982311	0.00107505145904801	0.00116063339256741
2025-07-06	0.000121828338707048	0.00124643252695214	0.000948032018491188	0.000683707115849621	0.00110882489408164	0.000164635349487414	0.001328370163774	0.00139816959265695	0.000883018723647643	0.00243569712655349	0.000171618577020196	0.00250966557277867	0.00159434311556654	0.00103433440937424	0.00287241132885253	0.000498911146206685	0.00258069203441386	0.00200893222089699	0.000520974702503064	0.000889401042186091	0.00362950167819377	0.00154604856013036	0.000151993671166415	0.00167245609050946	0.00511765674471803	0.00498706591772114	0.00244021159402057	0.00545506574354026	0.0080689797523091	0.00636418289106386	0.00653563709355239	0.00803120026307465	0.0137361629126217	0.0108407289197947	0.01305381244951	0.0133692957180737	0.0180262550007668	0.0176237181366028	0.018161959161194	0.0171880677014364	0.0226699015445896	0.0177273685409422	0.0200287494209429	0.0185739804935252	0.0238079487977227	0.0214005736437333	0.0208283831273494	0.0239630944311946	0.0268386537089907	0.026314647799673	0.0253799566929016	0.0264667417984348	0.0312608656097788	0.0335764842965275	0.0339196153079103	0.0332430347857835	0.0401906760208104	0.0412601817520591	0.0435700037308116	0.040979138496319	0.0446023925659064	0.0459534652080428	0.0446549006843858	0.0437892415416649	0.0440019508947989	0.0425065016680815	0.0417737481660001	0.0417177992711195	0.0435992011367036	0.0445855794988331	0.0445656932190274	0.0442495261454359	0.0617833506024588	0.0622776215762371	0.0632546494152759	0.0626843784060282	0.0897329981675112	0.0878060273872885	0.0910157887385718	0.0894451857066286	0.11004001686123	0.112567306341017	0.112783203570541	0.111609473227212	0.120743584854891	0.118563877728245	0.120495528752236	0.121197008664628	0.113251202019229	0.113548533912418	0.113994143547547	0.114206120520806	0.093611977604514	0.0920678569936079	0.0921249598827549	0.0921952055191232
2025-07-07	0.0712716696435489	0.0673073661253971	0.0671660807135356	0.0682548835175185	0.0506121254547129	0.0516899104592521	0.0494063086926118	0.0482916553934232	0.0385530821411895	0.0373270337128205	0.0411656491609023	0.0389542349850878	0.0336368462607543	0.0343072095061641	0.0345574565316573	0.0334984877014243	0.0303911778906466	0.0296386731250622	0.0293958377739222	0.028574311210369	0.0230827904854889	0.0241082019240041	0.026264274750272	0.023544732840235	0.0220390862099051	0.0201372461018266	0.0184775506607279	0.0193461170275404	0.018032128100251	0.0160202756836929	0.019173004811177	0.0187745914048791	0.0191085429418661	0.0203594915741154	0.0238455417592757	0.0206864237247427	0.026947128167533	0.0268576511967516	0.0281499799924698	0.0290452406432456	0.0360565331826168	0.0382410139369485	0.0368881837041623	0.0378142691762724	0.0490189310960693	0.0503144446505689	0.0511017289728102	0.0515648952805516	0.0661374443979712	0.0730682655375936	0.0662833402817969	0.0665109497826383	0.0887945357943259	0.0865842232392421	0.0869204536191583	0.0867007873472737	0.105035994441679	0.102464031042058	0.102426600969435	0.105073373546829	0.11266167526162	0.111792981724304	0.113292853414219	0.110252489599857	0.107697163648437	0.108259611331905	0.106617669852037	0.110425555167621	0.0906128881003618	0.0886461691586159	0.0892621258646075	0.0964788168764147	0.0744995455855701	0.0728969364899386	0.0729707511874958	0.0726327667369955	0.0570252818767489	0.0586017721287969	0.0565519967410701	0.0548209492533841	0.0854165888917265	0.0863134802839287	0.0830678074851293	0.0862021233392155	0.11816723075828	0.119038902738266	0.118761691837158	0.120032174666296	0.148886182978018	0.14926250630783	0.14371049197567	0.147140818738482	0.140505765444107	0.140330945223923	0.13896308130062	0.141200208031351
2025-07-08	0.105737134625773	0.105347652129801	0.106609006341481	0.103306206902945	0.0677362517299095	0.0698347911116957	0.0700997847507906	0.0713291724076042	0.039095398417785	0.0379149535282842	0.0385205657477819	0.0394690823061489	0.0211551858846842	0.0211792590618582	0.0216802974858488	0.0209852575676088	0.0142703042567543	0.0112311563838032	0.012285881871153	0.0122126574882895	0.00898452235610493	0.00778596895502635	0.00994384936364884	0.0112856593252199	0.0104394751508611	0.00889028023415959	0.00910672436900907	0.0105635202459703	0.0158152148859839	0.0145697992646586	0.0151840712093249	0.0154309146400325	0.0229866740069711	0.0233553100403787	0.024685200915523	0.0239728150371273	0.0350071308631299	0.0336019503127365	0.0323274594133257	0.0320634594108079	0.0473418719687345	0.0514338090229466	0.0474124080147681	0.0478119109935508	0.0701441214932928	0.068423408454865	0.0678199251183744	0.0716125449334679	0.090678450128724	0.0895273912917595	0.092861576672249	0.0899325819072675	0.105254978853162	0.104218986229284	0.104353272188806	0.101172762728748	0.108585188037597	0.109053437705921	0.109444102514711	0.109917271741771	0.107312320823841	0.107236556899457	0.108454897930746	0.108996224345957	0.0977422874339528	0.0977733786401999	0.0970984360984038	0.0973858978274436	0.0849366616060422	0.0831392851538045	0.0841199533726107	0.0888040998675426	0.0760154661679369	0.0758801649236699	0.0749983173055695	0.0751060516028236	0.0565843340572913	0.0585876135164523	0.0588507849905264	0.05697726743573	0.0367283255694423	0.0396041870664487	0.0402313255829342	0.0394361617811748	0.0314732245389161	0.0295805471482477	0.0277689509660306	0.0291772773468056	0.0260743862033879	0.0267300949500516	0.0216869563898371	0.0245085624567235	0.0209326407326932	0.0186443843682201	0.020910313051825	0.0215126618472617
2025-07-09	0.0158544759283204	0.0208186482688404	0.0200205555177049	0.0193063202851343	0.0197312325086821	0.0189054446655665	0.0187503186187001	0.0216130042070512	0.0207667114340314	0.0208547021346343	0.0205233035572677	0.0208552828740665	0.0226945244830786	0.0209866962136595	0.0205061162290993	0.0238126630741626	0.0219636749860681	0.0256837970314921	0.021966501726654	0.0243860262557858	0.0225361014063531	0.0243294884417715	0.0229281066554372	0.0232063034964383	0.019838041493202	0.0188500999844074	0.0218605961090613	0.0204512624133293	0.0102671392046866	0.0124348314955993	0.0107825590631513	0.0115154702365628	0.0119837325102073	0.0138528963140906	0.00839314718735222	0.0117702239883499	0.0226591318271104	0.0198884907542293	0.0212014462017988	0.0202509312168616	0.0272247048739043	0.0296397383262223	0.0315794397484166	0.0315561170514569	0.0402159081120311	0.039783910879987	0.0404264100340277	0.0425737709739542	0.0514401895061847	0.0553539135880019	0.053227321945826	0.0529785749599874	0.0651687016512526	0.0658704057207219	0.0682639386866392	0.0666969539413863	0.0781066913050597	0.0764482315582717	0.0769923430068102	0.0794527341298584	0.0817849672646428	0.0815691036470908	0.0823968817997062	0.0822490472885602	0.0847799077238183	0.087030713970676	0.0848333840356697	0.084355994269836	0.0865373478023163	0.0883149919418579	0.0875099849565817	0.085637675299244	0.0767349447578278	0.0780367078109134	0.0775723764324565	0.0786559709988023	0.0606531228662222	0.0611866138118199	0.060623403036216	0.0605368602857418	0.0445792102903814	0.0444416707460015	0.0444346591219615	0.0445444598416556	0.0353795509599062	0.0333805646901261	0.0344086040356602	0.0338312803143075	0.0346146111232374	0.0341759911428893	0.0311631967627215	0.0310462009711518	0.0346270576649609	0.0347607309971236	0.0384599515925573	0.0351522597453582
2025-07-10	0.0366497039288904	0.0348551003130547	0.0364845470062875	0.0370106487517674	0.030746489879816	0.0326347089237227	0.0328742802068569	0.0327445209896044	0.0254425797857506	0.0236513957763688	0.0245711319804094	0.0253348924574712	0.0137687943999609	0.0133580685031469	0.0136035245941071	0.012269612502785	0.00408728893752506	0.00877369424409328	0.00647783944033417	0.00666117737804748	0.00539907602800516	0.00464356752766503	0.00352864758285336	0.00442870886147645	0.00248081751737473	0.00245199674529293	0.00308329184146295	0.00298389389586939	0.00992502633341982	0.00431608644841421	0.00437215364452537	0.00538673357364059	0.0131223124744712	0.0148518698141833	0.0139791342931284	0.0130466834182171	0.0152479161449795	0.0181620377812194	0.0137612872655088	0.0138287588082923	0.0143628654120126	0.0137727810924466	0.0158862298254495	0.0139781236700912	0.00994599064948801	0.0100920363225905	0.0116283412714119	0.0113336317565097	0.00763884882514992	0.0106660657279237	0.00538580945567604	0.00830927599125036	0.00879160386069862	0.00916581721524203	0.010157595364265	0.00788498355979431	0.00982709756051987	0.0112235865849383	0.010584272683949	0.0123650431705928	0.0111712739086958	0.0140119130832965	0.0145682896942768	0.0132485233137309	0.0214764727755506	0.023733839091205	0.022271748774823	0.0205179393584214	0.0292813389329645	0.0294752974619119	0.0267961063529928	0.0294472572521309	0.0294945121635133	0.028218890683538	0.0313309811647787	0.0289556159881699	0.024013375002172	0.028175514749873	0.0264543204311935	0.0273567898167614	0.0202287633189942	0.0191825458176799	0.0186041691813172	0.0179845216820087	0.0115070687067664	0.0105469653589215	0.012062531060185	0.0108834348741271	0.00740380101968669	0.00530372564855187	0.0091517171874352	0.00914075614432624	0.0081053370942865	0.00818090073434156	0.00755918381737294	0.011154578353999
2025-07-11	0.0112721223246226	0.0135587022063331	0.0123338669941942	0.0108353084748501	0.0136776824449244	0.0133268000704278	0.0127411232793892	0.0122543942052586	0.00782503559123437	0.0124295746835589	0.0123290176377223	0.0114163720874844	0.00781813438239149	0.00911359793251731	0.00893832067835108	0.00812994700674012	0.00732595815292735	0.00735898185955844	0.00625529879345375	0.00805976119406045	0.00683400315398454	0.00836386615920593	0.0065004602890766	0.00830167039773293	0.00679172186996486	0.0107794893599282	0.00967678608369589	0.00975200268641109	0.0123342203956385	0.0129481530176221	0.0115793458475401	0.0131382807391992	0.0166106526901234	0.0183129140145095	0.0181016918047038	0.0159747414906634	0.0211780878679248	0.0217927240670791	0.0245049849671602	0.0215242030978359	0.024092421166723	0.0291301700014879	0.0257055075174888	0.0260719013143003	0.0310128104844093	0.0321901407110708	0.0294174065717375	0.0313796422327824	0.0351530939241404	0.038223441147284	0.0359929981544494	0.0346304667741263	0.0415069098464957	0.0414976445427506	0.0409933277033569	0.0430021179073968	0.0453553488436724	0.0455186297504404	0.0453723027370345	0.0447537186688527	0.0480476940535754	0.0445429293173099	0.0460614975159697	0.045347879113145	0.0448786911247829	0.0448017340847699	0.0418880385779148	0.0434315362125323	0.0384284368941152	0.0397811105943526	0.039429325156301	0.0403611273552311	0.0359828247527353	0.0336188377648988	0.035673661949381	0.0357246755329849	0.0314616027473987	0.0328436952462081	0.0335625923127318	0.0321321096936613	0.029082111942552	0.0277389917096377	0.0265384521287585	0.0306404442190518	0.0240940568417094	0.0220524842743091	0.0218625463073858	0.0219909125765958	0.0143989143723169	0.0117475782611416	0.015156122109235	0.0146973852573065	0.0051115336327351	0.00631871588434453	0.00416218676812029	0.00240756371480008
2025-07-12	0.00262967787300916	7.6071934067239e-05	0.00150346941697115	0.00179078077595245	0.00149745526824118	0.00315446304122427	0.000927656909193143	0.00242042478134141	0.00417914527711068	0.00667221444065935	0.00429285713568166	0.000855783146548314	0.00827952295407729	0.00547712187569786	0.00648416550092605	0.00675918966929881	0.00635423063759397	0.0107048192773884	0.00871352156709645	0.00922742851792114	0.0103658623199562	0.0111849812049478	0.01211866374662	0.010330492728476	0.0156883246199338	0.0146833744953853	0.013729959968824	0.0138983409158568	0.0236550068458701	0.0231825924947951	0.0229277533886299	0.0202346472707049	0.0329011976723659	0.0320680352996476	0.0343372512385285	0.034693515789458	0.0425458179338117	0.0449620396125422	0.0449353151581308	0.0455568272955153	0.061004468968172	0.0617868635908053	0.0633149509037719	0.0618937165372508	0.0801001612075576	0.0802001009405502	0.0849098493491591	0.0797898885027331	0.0978791051786814	0.0942188099558733	0.0963620438525831	0.0945400410128623	0.10488144733269	0.10637435545822	0.108911972845328	0.107832224363762	0.120570179732253	0.119498340547142	0.122441961727342	0.119489517993264	0.115558549933058	0.114091100561909	0.115856951028572	0.114493398476461	0.077495485512793	0.0759836452123426	0.0736339268589442	0.0748869424159203	0.0419275133224185	0.0433132167162784	0.0438672510992744	0.0438920188620287	0.0214057030334915	0.0183461610635138	0.0208289645482534	0.0214191713547413	0.0209574063634858	0.0201416788753866	0.018639046493571	0.0222618682675566	0.0243614074481447	0.0225433396793373	0.0251369830054788	0.0239582698670392	0.0175119972751237	0.0192430826907571	0.0165732015374814	0.0156717184966378	0.0168047424290818	0.0159603533911503	0.015815095911794	0.0184198082679739	0.0178355637252316	0.0223488048508569	0.0225738397478173	0.0222417916760942
2025-07-13	0.031261465964278	0.0293014331391715	0.0302532924742932	0.0301838084222573	0.0394009976428575	0.0399386354027005	0.0413691891357518	0.0392911778186901	0.0445604971245072	0.0433818140718646	0.0444457210116762	0.0436119677919521	0.0365385779212894	0.0346307040375112	0.0340136754885205	0.0348170425526788	0.0243295917030594	0.0227575359770134	0.0237707407629004	0.0251421315570268	0.0175112300668567	0.0179036083820635	0.0183570534908693	0.0182281080602106	0.0189769966393678	0.014479806706119	0.0164658978442805	0.0170772988102327	0.0201190112956248	0.0188559495571819	0.0169074109209951	0.0181176282261983	0.0183618554536796	0.0177233643944008	0.0186246063973382	0.0202901737545814	0.014585612801351	0.0181339489553359	0.0169874274176975	0.0172930108256156	0.0129752017692169	0.0131218136698456	0.0181711588142158	0.0137318257467217	0.010945243558405	0.0162363518569341	0.0150859095938303	0.0167324949908306	0.0182935800287723	0.0188753147708212	0.0209513859444418	0.0218797192559647	0.0301902489967531	0.0295790267404273	0.0317477884628032	0.0304829358000164	0.0440198709723052	0.044614213693606	0.0448080416038062	0.0455578737302826	0.0568309204751583	0.0582985672257012	0.0609752389009579	0.0568952733981826	0.0681750525699338	0.0636636369817263	0.0634751142882754	0.0626861961600646	0.062677822699831	0.0594526486342526	0.0614881259073822	0.0653814027585343	0.0605460559086348	0.0561415717335015	0.0576453539376399	0.0586670184202238	0.0490481327593503	0.046019098490757	0.0490084200548213	0.0499243486950714	0.0314197931406886	0.0306193427521222	0.0313413957485468	0.0296194683586423	0.0155265403403898	0.0179916909747149	0.0167704924253218	0.0157112762595735	0.00700144909623572	0.00965110603082381	0.00781255721012819	0.00753488766281228	0.00410748860747565	0.00524820318230343	0.00582814426880594	0.00481616394141498
2025-07-14	0.00468677133867667	0.00356436350337147	0.00537670500264915	0.00337216015530271	0.00406385653761138	0.00513075668186981	0.00300410977455185	0.00380127700596696	0.00308648808842165	0.00247450434593835	0.00332237457422177	0.00411663299141823	0.00329841046458438	0.00159763560676889	0.00246479093851404	0.00363916299013269	0.00263598375467726	0.00153091036040748	0.00272589973129527	0.00110720615361999	0.000587541705732883	0.00298400745859413	0.000569460775376269	0.00185899006029671	0.000275385267524666	0.000374939455811044	0.000257263526065896	9.2411750598395e-05	0.00011826445719248	9.93456989471269e-05	0.00028755152026372	0.000494838323596673	0.00103135535622582	0.000212147683162668	0.000819035773134886	0.000937461187476621	0.00266472254264662	0.000418403703771181	0.00263016019890523	0.00228671355467697	0.00800359664836044	0.00762492056081899	0.00599704645335032	0.00737443633747025	0.0157418384919476	0.0141924453059499	0.0159443259775413	0.0151213902245612	0.0239166758831021	0.024104550739729	0.0249957897247257	0.0219829836524432	0.0343778641118211	0.030210563863581	0.0302790050354191	0.0301325669891788	0.0404549243807389	0.0373157545606271	0.0337518736615301	0.0354774473971039	0.0430674616308348	0.0408581562473288	0.0409711379397021	0.0421032441821343	0.0453301789443209	0.0448241667077991	0.043996395741947	0.045849258605933	0.0425654639360444	0.0404617368304496	0.0401997962814425	0.0457730029520636	0.0294711501627934	0.0280759931354259	0.0286197134602266	0.027833143241554	0.0154418350244674	0.0152513276760035	0.0153530200301877	0.0149538172693414	0.00622137008174689	0.00695616631613049	0.00595361964895563	0.00686884395316699	0.0044475544755367	0.00266661302719597	0.00313722822820767	0.00374860426905966	0.00317477500302448	0.00126781139210713	0.00271635645253047	0.00384105715233791	0.00199959832054845	0.00200877930564075	0.0018385488259477	0.0021530735478631
2025-07-15	0.00101992791741205	0.00202497328570769	0.00358895715089663	0.00136614164598363	0.000173542900735625	0.00303799569800367	0.00393784014142629	0.00285062125983441	0.00260025992566489	0.00652753257317644	0.00472675892732223	0.00514544857383643	0.0118710713787643	0.00928106331392692	0.0107297714292087	0.00911809387810011	0.018097923603797	0.0201752873877986	0.0191212097428742	0.0186055792655302	0.0246020967068859	0.0259978096479515	0.0252794624522212	0.0251206311929414	0.0270802981251268	0.0259527266681789	0.0277005712582599	0.0272664039484345	0.0391246068067886	0.0429122897255954	0.0388445850542265	0.0391185184133895	0.0382661745891519	0.0384523175090834	0.0374517806854223	0.0368297272163424	0.0309326910591988	0.0305249668108106	0.0322582918916277	0.0292840502383629	0.0233414151402517	0.0252381701190455	0.02796663371924	0.0234537810214627	0.0209637377016516	0.0235062399077028	0.0218153876301776	0.021714634760468	0.02208906055287	0.0201409574015393	0.0201624746990517	0.021607507346539	0.0278497273442751	0.0253954124779038	0.0263240059444433	0.0264308542333778	0.0305634715745196	0.0275126907574702	0.0266819437252878	0.0292418939427224	0.0284713138999394	0.0304794341377929	0.0279275669157336	0.0281216850465341	0.0294761317008245	0.0308901824563456	0.0277231682519125	0.0269105175909173	0.0320317158255839	0.0305944448907522	0.0295489173484324	0.0298249219352315	0.0302275499971513	0.032032725478509	0.0320086248969597	0.03173109962738	0.0231060032415316	0.0228040329082552	0.0245868520949656	0.0245031117552476	0.0125387085817224	0.00967348496442012	0.0111502887749646	0.0106375176788928	0.0082418315631424	0.0048050861389271	0.00385169559850345	0.00310138669942705	0.0013531851273159	0.00196901298698558	0.00289304350001166	0.00578475838568686	0.00218830181428839	0.00484782515174849	0.00223301613819719	0.00473085689576594
2025-07-16	0.00570968586243425	0.00480559438220103	0.00486317019294536	0.00662154956241936	0.00781826476960783	0.0077384028380787	0.00863723722515965	0.00780609516715382	0.00945457360399841	0.0108759969510879	0.00747381727365953	0.00919561217125419	0.00865074919272873	0.00881789925538528	0.00802209923736798	0.00750925231451802	0.00397547283393802	0.00685989547097787	0.00533144810869442	0.00583318358638969	0.00323839755137488	0.00358200375671215	0.00385786981687688	0.00332172887503609	0.00465579245635167	0.00738183846782759	0.00571593327719223	0.00624643579862851	0.0101960198650658	0.0102458765771105	0.0118798508278275	0.0106782527299961	0.0199213586821335	0.0171999232671367	0.0152211317904243	0.0156575862603055	0.0220278920663946	0.0197688326991779	0.0222816225418657	0.0209216526925618	0.0259781241199428	0.0261713819219278	0.0254659654450388	0.0263845285130905	0.0366382448086581	0.0364471073626268	0.035401782113625	0.03651286571509	0.0531633236932042	0.0557991847523681	0.0549665091871973	0.0540709823672304	0.064906875677012	0.0666355706837072	0.0655542214383271	0.0589033322009537	0.0720692368698567	0.0728937556961327	0.0730029390944433	0.0730340683395673	0.0806430978130449	0.0801682255891036	0.0802104159403162	0.0809782606575353	0.0841635453318933	0.0844600515306501	0.0837411917927052	0.0856352113447514	0.0851506099123111	0.0863540523144665	0.0884346535217028	0.0880606842515196	0.0768449867888025	0.0773680709344448	0.0747676397716448	0.0760193025051079	0.0497279899379134	0.0488269706130001	0.0507162715949379	0.0517287678541487	0.0255260812199046	0.0245507380291852	0.0252432023575288	0.0276799783933814	0.0128868850734116	0.0142773770037276	0.0142567601548	0.0135789777680609	0.00780576346270821	0.00902175497338571	0.0108418588906579	0.00733062267324824	0.00831383375526059	0.00616428467165797	0.00761701352737229	0.00590486804570915
2025-07-17	0.00559678852578725	0.00470300334939814	0.0104635106749715	0.00523669744984316	0.00328831077841947	0.00752769733202192	0.00490234868230726	0.00528164320725135	0.00243028570830635	0.00404552212880862	0.0016922998112972	0.00383189235158783	0.00386877790636918	0.00333641980175463	0.0014143292174651	0.00238047307441108	0.00336074159243161	0.00232597241056891	0.00303985774325317	0.00327342825374631	0.00464801545553394	0.0023891034236791	0.00104049794052114	0.00192238318026582	0.00098239752633292	0.00155532160190229	0.000823510864504597	0.000638770007260191	0.00301104679819283	0.00148309766474844	0.00292120300410127	0.00258465253295746	0.0055018353170799	0.0047769091097654	0.00589699309295937	0.00382426248019533	0.017885588102809	0.0172295518418235	0.0175605677374417	0.0213242923179258	0.034404203139952	0.0350194286279934	0.0357921821930048	0.0337841860390498	0.0568894983113863	0.0530392242338782	0.0551959116592825	0.052875365795453	0.0726307148484876	0.0728038638936308	0.0737237024123334	0.0718417188455482	0.0820151660148176	0.0811592828031683	0.0835538389948943	0.0812717121871198	0.0840008655911008	0.0807152374421229	0.0814341697504036	0.0818497272163726	0.0723905101292792	0.0717166865186998	0.0711913255500592	0.0737014778019618	0.0562004092650527	0.0604796707412282	0.0609072455654055	0.0594126744283136	0.0493409490605586	0.0483687312203568	0.0504158107654871	0.0488745089535974	0.043746150528068	0.0447676733182853	0.0494282304502517	0.0450579457033951	0.0475364497484575	0.0503575134157325	0.0480236692287696	0.0460823676070403	0.0431744414522171	0.0434990032456563	0.0443821236527214	0.0429444316494052	0.0382236147642437	0.0372417194819688	0.0392306671927501	0.0393039985610373	0.0363958078127713	0.0344644525732411	0.0350994555554152	0.0350402840585725	0.0291050309844203	0.0318531842635548	0.0306634397079105	0.0293783450441144
2025-07-18	0.0198706342354644	0.0204875819522754	0.0225633974463882	0.0210783863658719	0.013646469738912	0.0120985704591168	0.0116251236627862	0.013629836139185	0.00819041204689922	0.005465178441628	0.00739590998309472	0.00994849952837806	0.00398438851522886	0.00240205921081167	0.00586961122606533	0.00274394104789414	0.00489775961756982	0.00445830936801877	0.00507174552328256	0.00457218549112885	0.00585195063703877	0.00802965343171175	0.00501855311151709	0.00609984281973238	0.00729682573403975	0.00658646600061308	0.00946855631405181	0.00964815195129537	0.00867436816647644	0.0105700250064912	0.00796761436659392	0.00878799246043845	0.0101706184476764	0.00950139857713556	0.00975555785739715	0.00957242511779086	0.0133382718952851	0.0144998579482162	0.0127859079430709	0.0103759622134278	0.0151165602852339	0.0186463969370541	0.0185427898484158	0.0196942529292962	0.0257701950705441	0.0244176743841378	0.0233547409546319	0.0254573895906861	0.0302937670658548	0.0271732548246702	0.0283090008273036	0.0282239772821714	0.0289963772273205	0.0298872095119288	0.0294876147210392	0.0306287985397115	0.0290973655464633	0.0320015911498547	0.0312000911756342	0.0297009521280478	0.0316665890602635	0.0312307186712684	0.0262683907928921	0.031834301475576	0.0308963956138896	0.0289565243147661	0.0308176975010327	0.0283293825703116	0.0305418544177767	0.0281560960555584	0.03268626082884	0.0306157886978248	0.0326952810666453	0.030389344400917	0.0333211071713121	0.0315942673611256	0.0299865298774279	0.0274959108172113	0.0294395849844058	0.0320779743209549	0.0220764863996202	0.0240158714152183	0.0246167954304733	0.0222908467546882	0.0194070782692842	0.0207732608850464	0.0178939466964574	0.0189257141492119	0.00696382906571426	0.00630678411078453	0.00623254248626146	0.00949684433723975	0.0132252651353557	0.0113492357285503	0.015227065314051	0.015198433822043
2025-07-19	0.0246323331583176	0.0282574841625456	0.0293887812674049	0.0287214014117319	0.0355804036263518	0.0338200057479588	0.0366787465007664	0.035920844124923	0.0159144774739681	0.0192833199311051	0.020213331818353	0.0185888707765738	0.00367763430718069	0.00276212501620763	0.00287820842865044	0.00368203224796124	0.0162130396186683	0.0168917469687646	0.0150735527853951	0.015821660627172	0.0354054753518407	0.0379808843672928	0.0365809896944181	0.0370326505864485	0.0437762912315116	0.0450170824353297	0.043366404480975	0.0428402218521837	0.0495036021782816	0.049010557092037	0.0496610997321126	0.0478247409975688	0.0472156669314577	0.0514175271382344	0.0475188042643473	0.0458480016659607	0.0418953851617356	0.0432565041557026	0.0429977335816695	0.0438503771008922	0.0362648517777197	0.0359666074271863	0.0362882548540344	0.0364802859410596	0.0351757806438815	0.0327818443546418	0.0337129071018137	0.0313294678996629	0.0289065177478543	0.0273623754715965	0.0327853630654573	0.0269457437150919	0.0279835896533287	0.0254632907428229	0.0271102466489368	0.0294428729549115	0.0277539157855629	0.027516971934013	0.02866860146162	0.0280605108188041	0.0275356879360194	0.0264456650736226	0.0274552434107486	0.0265634035796094	0.0252317840455156	0.0257112929301132	0.0273801858616266	0.0276767371627447	0.0272209926218337	0.0297642695566156	0.0276906758611364	0.0273240619604143	0.0295319070719557	0.0298490866242887	0.0299823793607057	0.0296366269430499	0.0321199091467442	0.033875515764976	0.0334487465485584	0.0335558285397214	0.0243202837699158	0.0255269069417751	0.0279723963299823	0.0271804129583268	0.0119423478006209	0.0117515291728805	0.0152801959155266	0.0140259271109719	0.00379279313601692	0.0043312649395009	0.00466068483251636	0.00421525709196583	0.0050694973180872	0.00427055691785999	0.00789534880350565	0.00676459696054716
2025-07-20	0.0142929663840335	0.0111233890202155	0.008524558445156	0.00905908615059492	0.0151973622074678	0.0169561389698269	0.0158502248315517	0.0169962739911536	0.021817356021437	0.0208386384333856	0.0200899598602933	0.0212540456848841	0.0236550949496407	0.0245266585037494	0.0223550509576533	0.0254631955889566	0.0276344063140365	0.0258309132526805	0.0265539627569164	0.0259807176763665	0.0326926437848952	0.0331670016149049	0.033638370511591	0.031501984088609	0.0492465786988961	0.0512487343873232	0.0496258113732254	0.0508788755405553	0.0615811381719577	0.0624876826347665	0.0613200273407032	0.0596111518525726	0.064633596148164	0.0667604243523332	0.0658844073845584	0.0637215721149444	0.0668371907817544	0.0648935755750996	0.0665674642030849	0.0677017694400612	0.0696048591606181	0.0681064078340554	0.0701518481738907	0.0701368848314358	0.0791608731088034	0.0756759668465929	0.0764329787696374	0.0767301812749663	0.091386967020483	0.0892874173475976	0.0881541451557802	0.0891714704761392	0.101986518110683	0.101317151060052	0.104036721683793	0.102659609145472	0.110390974066902	0.112351132092941	0.111090131643389	0.111167762196768	0.111741171979305	0.114252300989503	0.114886047887611	0.113120479143581	0.10437815236129	0.105888911372849	0.106008058923396	0.105724877342466	0.0927860106418065	0.0903944368877454	0.0903360949644285	0.0904834575060196	0.0736374515815701	0.0766715765457122	0.0758310776826147	0.075859894190103	0.0641944183890982	0.0626171027618278	0.0633520693429594	0.0688364095061146	0.0553763630395864	0.0551582660279298	0.0535431910197695	0.0539221799127143	0.0473813628133216	0.0454764808975751	0.0438643611361544	0.0452777951529488	0.0340590926383146	0.0344671779125851	0.0363163355315889	0.0361573939175113	0.0264190040466768	0.02595853955516	0.0261268174135823	0.0254956389845809
2025-07-21	0.0201895358701034	0.0187575785099108	0.0182801378143303	0.0177727478056554	0.0108218114239215	0.0121243755650315	0.0136168144806377	0.0124369985304093	0.0111144992394221	0.0093365091249935	0.0131954348278154	0.011353556807769	0.0211691469452538	0.019903589197403	0.0222047481364252	0.020722515720918	0.0520019877447746	0.0500893272922712	0.0506993224907894	0.0522093624721647	0.0848301932076009	0.0851553217193273	0.0838881283685861	0.0841263567044857	0.0959503090398265	0.095788677915993	0.0979516448454204	0.0963093681987601	0.0826472392582378	0.0829840087506342	0.0810820297191181	0.0812867222720099	0.0571591348977074	0.0598877174448794	0.0572376024389629	0.0597155452184503	0.0432054409719968	0.043252105640907	0.0403531778621189	0.0411892755249772	0.0310111825579727	0.0280314815165005	0.0318049071665097	0.0331524287590171	0.025573967093553	0.0222691386507792	0.0224617318598846	0.0226951623957832	0.0250852497076121	0.0248851306684782	0.0232391432859156	0.0237904763379941	0.0283517734906598	0.0298459233459872	0.032017432804842	0.0297848703585111	0.0418304555434784	0.040670323027542	0.0393512004085292	0.0411480210204504	0.0434673224790332	0.0479461796972789	0.0427674798325789	0.041819017991109	0.0462340552021762	0.044355233922628	0.0453791391406106	0.0400315717345852	0.0408070595037075	0.0426663253589875	0.0423149923856671	0.041211622751638	0.0405631642332081	0.0407304248899894	0.0421451184693889	0.0395612924074135	0.0401553222995417	0.0392504605876936	0.0370556428795214	0.0395385742332433	0.0297055454724538	0.0277778709312101	0.0285716372388636	0.0269449463574725	0.0183989173049676	0.0166961074879249	0.0163256239370042	0.0185793512701033	0.0096170697872113	0.0129358682286185	0.0112165567681041	0.0142305052160661	0.0116239615015885	0.00965894023988176	0.00618629063178285	0.0115308076267469
2025-07-22	0.00781695999862942	0.00918491133326092	0.00794570822844025	0.00905242043966941	0.00776410885950096	0.00876671800083395	0.00950767619007348	0.0059614969495916	0.00857745456944121	0.00738120741882388	0.0087209791466985	0.00732035886503642	0.00639454330839722	0.00932710862877244	0.00896980212603524	0.0093085459367951	0.00736112503541748	0.00950370388763094	0.00981213329120893	0.0103230377857426	0.00931497736773311	0.00987433229761341	0.00974713273237117	0.0110635576022823	0.00630588359046946	0.00695029291634069	0.0139979644932343	0.00674585899995556	0.00977294131492443	0.00918606936276533	0.00890561547305609	0.00713537384925415	0.0160336418546397	0.0144549843077665	0.0103956126014855	0.0151157612361083	0.0191014344812166	0.0226029149838278	0.0200075387442266	0.0212881117907291	0.0263587635765981	0.0291659789915879	0.0258705287988467	0.0306047286329673	0.0374596399462845	0.0342491647260318	0.0334646859198528	0.034826509407831	0.0434485148578924	0.0432372137533668	0.0434363538680159	0.0428779175207249	0.0523253476877197	0.0536595933419331	0.0530848572015169	0.0529302017688304	0.0602872591856279	0.0620214272471009	0.0617012194293692	0.0619900941379019	0.0638926581352715	0.0646127547570757	0.0658139465615262	0.0646806405461265	0.0658233135665517	0.0649536622612196	0.0667469322956259	0.0654760918766029	0.06781047915393	0.06494526254157	0.0698623927646096	0.0693818655398905	0.0705641761353987	0.0714418807651288	0.0702273892720932	0.0707665538273793	0.0664829764161012	0.0658963629246801	0.0652404958188387	0.06638016484038	0.0493870836113151	0.0535416510674669	0.0483998664462204	0.0496713988749975	0.0319872995948782	0.0325456304611271	0.0325330495337483	0.0299340204102464	0.0205000119627138	0.0171723547024358	0.0174486157957611	0.0198790175390893	0.00740575239235075	0.0106116954350539	0.0112593610458305	0.00972319112676485
2025-07-23	0.00281718139991784	0.00243549084426145	0.00678490242048506	0.00596242533533566	0.00219666955064719	0.00142107037203516	0.00298045975145889	0.00140180032585875	0.000661218954385194	0.000448868306525427	0.00189100534681406	0.00299890739227532	0.00343324457912322	0.00238543886678285	0.00165384570844253	0.0015274708456514	0.00595560276151856	0.00329360132810643	0.00306783457738859	0.00268296133298643	0.00216674104028444	0.00324089004421637	0.00344245957414916	0.00214990934135002	0.00163578084590648	0.00100065399789532	0.00115433860832661	0.00220922654787159	0.00207977721672313	0.00124650980394655	0.00123367661153312	0.0014400363677972	0.00319540294484041	0.00427507855229043	0.00296578811887333	0.00056373038399583	0.00493647584430989	0.00692801704762389	0.00246380841010558	0.00567169869796064	0.00818416723553213	0.006969570973827	0.00700453447271214	0.00784172731792873	0.00924009204451917	0.0079502688451807	0.00783932235856373	0.0099703167517364	0.00431312151723586	0.00863403115357804	0.00900399315721221	0.0100488541719739	0.00872069040638768	0.00846828342660008	0.0069902078692913	0.00582081829772094	0.00881773572971601	0.00663234258295775	0.00614631805376782	0.00840360363355842	0.00900137468348964	0.00714814091365367	0.00907454010532388	0.0107759442975328	0.0176812171454624	0.0151076554483244	0.0149118950222367	0.0122992323839764	0.0229566547649881	0.0238780672807723	0.0237561595873172	0.0234091183669224	0.0321350353416711	0.0318974090687086	0.030157650612342	0.0318099049772783	0.0390647905130977	0.0372516185272555	0.0384611209679966	0.0402224699916502	0.0445205906644153	0.0451693602749652	0.044511192596194	0.0437988564644255	0.0508005330232497	0.0524037230604066	0.0511360053796959	0.0516597385366478	0.0672208193541533	0.0682170567324194	0.0671029082114324	0.0674592157019949	0.087163176695234	0.0859408837260733	0.0877811012991362	0.0871148382795565
2025-07-24	0.106038904847129	0.104158050932865	0.109228930264767	0.105574113955239	0.120380733188511	0.118066017768488	0.119434945309231	0.12211830373377	0.124377966809651	0.127374655049462	0.127610192699541	0.125637185441347	0.125659060361156	0.125999886774424	0.124748013977435	0.125593038886986	0.115949146790436	0.116174800617034	0.118411946410061	0.117464106182468	0.106096145929945	0.104780841585051	0.104742510097207	0.103380502387797	0.0876896690255596	0.0880811209364104	0.0874782328432104	0.0887509771948195	0.0678803724445255	0.0674416130224971	0.0681013637231947	0.0695766508097827	0.0464064339567684	0.0470874178533085	0.045142303431147	0.0493638447587761	0.035530598344215	0.0334373750357335	0.0377348396711049	0.0352971869489465	0.0303965219769009	0.0338015851878667	0.0284249739631064	0.028376918872126	0.0258254976166097	0.0225565494941014	0.0244759492877203	0.0241420036015686	0.0178071544309224	0.0150958165764367	0.0154133491814702	0.0146836798111707	0.0154180209505881	0.0182376131867114	0.0133657744253438	0.0159785914373566	0.0166287391801502	0.0155831477824147	0.0167461451119274	0.0150419679255076	0.0122878908990532	0.0156568232926886	0.0169337866682192	0.017121499140039	0.0154309989430986	0.0126667216605052	0.0159720648300388	0.0139302145663574	0.0140873120074914	0.012035501279202	0.0128826201772819	0.0159945665360248	0.0146087143642613	0.0132815447583625	0.016263397156059	0.0138463437213172	0.0127729694318111	0.0129726839705276	0.0137020982413444	0.0145522483563169	0.0110794039506589	0.00990548381135745	0.0126446143583367	0.011370497879647	0.00959409221700867	0.0100531908025023	0.0123995765704132	0.00995314041007587	0.0132957144736666	0.0124792463366653	0.0108671970369824	0.0133578421526858	0.0244247683841919	0.0250664897105187	0.0234245860534189	0.0240841558518705
2025-07-25	0.0463386013267793	0.0448556938243876	0.0425650863518852	0.044240618496948	0.0625571018931613	0.0618219151152476	0.0612960558264514	0.0623249271651397	0.0703525558718174	0.0710466523567405	0.0700410548271872	0.072559736944255	0.069031335072581	0.0677736436362005	0.067460183450029	0.0687348378411896	0.0626647523829817	0.0686315448997564	0.0672818141560195	0.0654218885612424	0.0594166898371841	0.0613715534420924	0.0612940805628507	0.0609176761578728	0.0458387123576722	0.043543658383544	0.0472228570997177	0.0433947721590661	0.0287072140777766	0.0271816977131217	0.0315235065039511	0.0265875817051506	0.0203305594361729	0.0228201039056078	0.021711652522126	0.0191376841360933	0.0171200321641182	0.0178406430496133	0.0165930508595469	0.0184462739267216	0.0156294029214916	0.0174396732815882	0.0163366821326487	0.0165942416642715	0.0252531801823452	0.0230094579475675	0.0255492318160959	0.0221881300539913	0.0416207298142047	0.0418044357188694	0.0423887898455687	0.0411860446213572	0.0618164005384887	0.0624737510620615	0.0632870584738044	0.0614227899256454	0.0773415781433909	0.0761494399414116	0.0777082316122934	0.0768007503029041	0.07949894634527	0.0810424534511848	0.0824750374994507	0.0819835627040945	0.0820841129133207	0.080579347869005	0.0795763528647142	0.0827601863529601	0.079060579302785	0.0807492024621451	0.0785752829442074	0.0776149352908626	0.0730424704258373	0.0749184036265445	0.0756205574313127	0.0754185685163055	0.0622340821684549	0.061180852119814	0.0616941082053793	0.0628909575063518	0.0438571346046757	0.0462546016345194	0.044661526230467	0.0472267375303379	0.0328216257122728	0.0310880526431719	0.0325561051926716	0.0355342164518837	0.0260798291109355	0.0249286856671811	0.0243565317838879	0.0236349534379956	0.0201293413850762	0.0221976839570657	0.0197746972509509	0.0178982774069072
2025-07-26	0.016915889052884	0.0160370898019466	0.0154033463146489	0.0166436748305205	0.0132074125316589	0.0111621633167045	0.00665588454365618	0.0109745396079804	0.00637392749156717	0.00322656653417901	0.00508030399744403	0.00631920197680979	0.00267113781235627	0.00517977553749467	0.00137065466478483	0.00177843198536422	0.00316868906807628	0.00143332224518725	0.00120654851257111	0.000191440174165363	0.00289524638113328	0.000243282120128992	0.00234864495432704	0.00251282654441069	0.00363335792733939	0.00374967321978301	0.00502540799834153	0.00159156085453607	0.00327477866761876	0.00596651361072313	0.00447980339409205	0.00327890432756606	0.00436826632166538	0.00642243317430305	0.00263919152067153	0.00657010898336004	0.00764181439803319	0.00570445530412035	0.00505904888290794	0.00659468141493851	0.00759040169563503	0.0082259211174142	0.011195175106389	0.00598850208056181	0.0122275603797907	0.0103855356160858	0.0117323999822726	0.0116545040218509	0.017736279731244	0.018265711389299	0.0179650589317684	0.0190329499476887	0.0307872208014696	0.0252629687287218	0.0287900856570733	0.0291597248127353	0.0415611352110053	0.0434353650754394	0.0409855195188145	0.0420179801947408	0.0531238693726051	0.0560665392313288	0.0560295151582362	0.0547800762378298	0.0644742809321964	0.0618853285433517	0.0591808269715658	0.0634595635528862	0.0657121510515001	0.065095129599603	0.0695551916543811	0.0666375276945158	0.0689228670312662	0.0699183620938986	0.068867242366416	0.0692915285084192	0.0619605614117688	0.0574636973226184	0.0583821011278973	0.0591936401377156	0.0389701904699248	0.0411189435110427	0.0412947927822894	0.0396160732367432	0.0287484660299837	0.0241200605480073	0.0243845676760677	0.0227469057459414	0.0136108717762092	0.0156840082378767	0.0146701428481195	0.0140349771377946	0.00935456069113421	0.00802171100039745	0.00802027422532629	0.00860345408314205
2025-07-27	0.00162840014558333	0.00686765552876986	0.00544054790143973	0.00606339642420708	0.00222019531995649	0.00331404888333994	0.00323197494817394	0.00323378084852963	0.0019236210142112	0.0028054241704746	0.0040023036797997	0.00226865113551451	0.00174842143611831	0.00368449544311528	0.0036145245141401	0.0019525586066263	0.00317089327569952	0.00246217728400576	0.00194880593763082	0.0014181235026639	0.00253886270191847	0.000172586931699021	0.00306732413493926	0.00122122623144325	0.000639755582663484	0.000202677672884532	0.000904422352412983	0.000253144392039002	0.00722711292236829	0.00589499330844128	0.00306597039474289	0.00581192337444754	0.0157884476409353	0.0159746624031488	0.0191023202906547	0.0181345696652613	0.025694414098922	0.0296421111420647	0.028896215255865	0.0287672595031483	0.0361568374466807	0.0351552085704102	0.0344753884215101	0.034212565561399	0.038724988081268	0.0408727656826685	0.038559364533067	0.0388428817029965	0.0450310454464126	0.0411943093001252	0.041178887304691	0.0415957579487713	0.0434885759797259	0.0439324965452986	0.044830201899336	0.0447487255756396	0.0446923239610191	0.0452886127898673	0.0445273056794059	0.0444917575697077	0.0472663888786257	0.0441842882402936	0.0435973356148647	0.0469519872662159	0.0492382416343924	0.0481255500334395	0.0494048843445924	0.0512313239875757	0.061515162013148	0.0605552033246503	0.060549801130884	0.0583798335313178	0.0700899188333504	0.0660757039428917	0.0693911378105252	0.0724432394132328	0.0659012901624608	0.0650702320407008	0.0666229565034232	0.0674055212934152	0.0537898479454262	0.0526352540849358	0.0531987243913616	0.0543761735782763	0.0392421234639071	0.0382185973301979	0.0391759342496539	0.0393633449562412	0.0322502198367376	0.0332466588568396	0.0345944354948111	0.0329086858116118	0.0298845566147242	0.0298476116151324	0.0292676209730386	0.0290002107971049
2025-07-28	0.0249977291695711	0.0251533968665431	0.0229931665381566	0.0228557074257293	0.0198214091531774	0.0194259838602919	0.0214451401480746	0.0213074668384561	0.022366505901417	0.0246308616638037	0.02070639913618	0.0242962332985993	0.025730702785594	0.0252001797865842	0.0284269021744789	0.0246422152533429	0.0270529812197591	0.0276174624166416	0.0249668969094082	0.026362659454191	0.0227569115039628	0.0236743362520564	0.0229198869230156	0.0236488653209653	0.0164092193543233	0.0157245481968304	0.0169038890706974	0.0149623433781489	0.00792036698056401	0.00910668333562381	0.00921877469195718	0.00975417499185499	0.0116958226483559	0.00760874029051478	0.00871562748513428	0.00797980957599506	0.0117936688156503	0.0110286721696916	0.013457986175483	0.0117196728391752	0.0141640229206067	0.010495113626734	0.0137146250010291	0.0156262384516302	0.0106641164420877	0.0102528620148232	0.0103185464025556	0.0137644751405335	0.0102642794042283	0.00991940298416584	0.00915583471051278	0.00866048290109311	0.00903133731439923	0.0128319695964084	0.0118677670774289	0.0142689260117635	0.0137449546726241	0.0138577560691328	0.010628243495163	0.0107690457630801	0.0105302671867672	0.0102529040043303	0.0107135600178138	0.00950326879108865	0.00986155305031357	0.00786219234812923	0.00787338406292576	0.0114028705386314	0.00352602888611163	0.00996997859357518	0.00583683405228025	0.00566715846803294	0.00484134666444826	0.00197193782081057	0.00298861593136418	0.00419809958337699	0.00488441232369496	0.00421249209479873	0.00275795759765048	0.00414513798385583	0.0050134166159298	0.00446276313138787	0.00419385390434899	0.00432996634833334	0.00767861484645974	0.00911032805201592	0.0103273528989244	0.00988370420259997	0.0153263461575782	0.0125435921984457	0.0106408844611925	0.0114891771827836	0.0171811514653823	0.0160452146617193	0.0159047624252956	0.0138688714476028
2025-07-29	0.019428592052713	0.0204016423579739	0.0193742041816551	0.0187955614076579	0.0221993789090023	0.0265891189558684	0.0254615852696205	0.0247499168655088	0.0299264637573144	0.027211484816004	0.0276030534865495	0.0282589979401321	0.0306442498357691	0.0280139571595154	0.0279105807644832	0.0264312122402323	0.0257533295214038	0.0247603738975484	0.0259188775607976	0.0285674190202502	0.0256043766707012	0.0257618391608452	0.0230666597929656	0.023567124375488	0.0213008809618194	0.021947035964322	0.0168042993707811	0.0199477837030774	0.0150506970532335	0.0108663970315398	0.0124281940814458	0.0106547118337808	0.00884421597743965	0.0100163702469185	0.00634795659306605	0.00879145718257585	0.0107405374478462	0.0107711813631956	0.0104371623794579	0.0110511188095004	0.01246548259363	0.0127033098840623	0.0142757665085002	0.0145554410138075	0.026155916488362	0.0277948652787644	0.0245483323058612	0.0255008859270124	0.0443657787918787	0.0468268792692145	0.0461548345168559	0.047652507422051	0.0647604286027211	0.0624578214448759	0.0613305318073838	0.0624512181450192	0.0723671873717676	0.0705347969662716	0.0691761442313405	0.0699218714306204	0.0666948771422371	0.0677022557407899	0.0701611226283878	0.0674417444885853	0.0679284969624018	0.0716023887485833	0.0709776991968278	0.0694914150921872	0.0730605412732518	0.0738660101377415	0.073823472074632	0.0742499765143748	0.0647805391493698	0.0669433087680188	0.0675639934639505	0.0677121586186609	0.050807422196713	0.0503634733352225	0.0504038924615743	0.0514252120064902	0.0324956816336274	0.0304705044133578	0.0297149182469619	0.0293188957060528	0.015586453597405	0.0200053971843849	0.0167541165997012	0.0186540326185088	0.0134394716065824	0.0121643852904179	0.0102400999371952	0.0111560431658045	0.0102587602205658	0.00659963599559875	0.00704410777083721	0.00809749601299824
2025-07-30	0.00614125120195634	0.00567332738925484	0.00620463620459843	0.00698078520419039	0.00641308078093293	0.005854180977589	0.0073914350263934	0.00634130321508466	0.00960935143129041	0.00752518683842085	0.00723568694770802	0.00662977478258072	0.0103526917563786	0.00880517588438517	0.00848374520852449	0.0123583871507117	0.0110223739840166	0.00970062714036177	0.00795857128828912	0.0103184275873325	0.00971866596702749	0.00765622400345468	0.00618767939570544	0.00943743063381238	0.00420236768171959	0.00635559941985709	0.00507072791745415	0.00537130498096916	0.00840531545204425	0.00710159769296705	0.00810989038481551	0.0113831964701732	0.0211630460389556	0.0149565366983309	0.0194559949126234	0.02042442235009	0.0320005734735731	0.0313578430313418	0.0316237705784771	0.032017812916608	0.0412585609633449	0.0451625967119761	0.0466357097691463	0.0449431325555328	0.0556020837581923	0.0578405121042884	0.0558778800036398	0.0556795241338796	0.0639789025763405	0.0647510021510326	0.0681236822026925	0.0641464130699344	0.0665839081016161	0.0680033646827382	0.0685717694959316	0.0688409577197142	0.0673466503318427	0.0683479804736277	0.0622112796570526	0.069094089537477	0.0626104124891502	0.0627100061882325	0.0650352343371287	0.0606443469854886	0.0646181497949201	0.0625335308401612	0.0621819729727198	0.0646663463921988	0.0612205398298593	0.0650270016555886	0.0601948022720337	0.0635576562425184	0.0513590689614861	0.0511889057334883	0.0544388615479341	0.0530131637570914	0.035328991663041	0.0339753079596452	0.0342418259464817	0.0334538744308321	0.0174430945528651	0.020060061688038	0.0195278735066687	0.0189689702524281	0.013250683069072	0.00968510951306961	0.00885684345469159	0.00920736396316681	0.00631401251502818	0.00620459787083601	0.00445800343711872	0.0060233861770171	0.00482804629624236	0.0034425873068945	0.00297347304984915	0.00575589334701399
2025-07-31	0.00398025739956485	0.00435582553478632	0.0036411343561831	0.00502278270946573	0.00509206505193379	0.00644552266577196	0.00356839145678299	0.00589402082551127	0.0054265039168511	0.00633926888780457	0.0075144180218956	0.00571980917344874	0.00920141704546019	0.00694376341159921	0.00590100052830274	0.00595381901463785	0.00895844786757271	0.00988086185607525	0.00888673656950417	0.00527395370684787	0.00540587092006841	0.00987652325519235	0.00974736521954706	0.00997024060519218	0.00444081933670705	0.00550468160074117	0.00597779019696644	0.00507670886558534	0.00962548041769744	0.00916608558173901	0.00726469568282242	0.00794373831774113	0.0200820721265773	0.0203069503810044	0.0193168785350752	0.0192940989573432	0.0304976411176082	0.0321236598842523	0.0299835199828371	0.0313951790153024	0.0401322785005642	0.0387604416946576	0.0408457062965947	0.0402615735081834	0.048522066925823	0.0493087387220665	0.0476066048785447	0.0485625894735658	0.054843752917346	0.0549925475875167	0.0551974221362154	0.0569662773589219	0.06342136617563	0.0637749137631764	0.0615903891058373	0.0622133309553563	0.0718910317984979	0.0720879508324096	0.0664931858717112	0.0725278314973812	0.0777332073736096	0.0799151570589381	0.0781315383665679	0.0792200972008844	0.0842483576251555	0.0836369998997726	0.0893147848421603	0.0837998576329116	0.0902284642947176	0.0903021322301551	0.0898293721966927	0.0916400312784346	0.0908021446757647	0.0874861455513524	0.0872189360705841	0.0864927737022987	0.0748341517052988	0.0738046551520936	0.0749094449502212	0.0764517481923863	0.0547712125261465	0.0563116264315457	0.0561915589324654	0.0557256021098423	0.0371669403056172	0.038415812881599	0.0399729661844594	0.0384442806283244	0.0252031225770109	0.0246656675317937	0.0255882658582251	0.0265429440329703	0.0173934898518471	0.0165183598976626	0.0203525701838433	0.016735580066647
2025-08-01	0.0137851144640247	0.0116472137489114	0.0139054328045778	0.0086622389824862	0.0090784528880236	0.00694568065086096	0.00642582500082376	0.00655004146029167	0.00305807664889787	0.0071655468148263	0.00246886758067668	0.00230750895559915	0.00224635158042242	0.0015707151513359	0.00073744596265322	0.00444548730558846	0.00158582227684621	0.00207301945138511	0.00124351833344822	0.00109763993832046	0.000299275853550583	0.00049186989811574	0.00325192589643954	0.00095692835189414	0.00197950060129247	0.00274985066568952	0.00327044557727746	0.00400020315574055	0.00613218309317642	0.00467579324409317	0.00792836280865617	0.00626366085407423	0.011898044116191	0.0105972596784607	0.0106803733781292	0.00782432282721902	0.0162718423917482	0.0165822732210726	0.016308766615028	0.0178371177721512	0.0264163101465167	0.0247777783918982	0.0248987034789938	0.0269072079825913	0.0382804777574279	0.0371140789292887	0.0360378040283045	0.0345676392849789	0.0462877474224358	0.0469148126944044	0.0449379732154729	0.0468594666676869	0.0572359576697881	0.053925349832427	0.0533784401807531	0.0544602523170318	0.0653171938328539	0.0637751726284328	0.0602890756697964	0.0626185578689169	0.0673731039360102	0.0683611014484662	0.0696125229298578	0.0726532716856658	0.0791230060659694	0.0797397110270777	0.0804164135683047	0.0777208693386481	0.128458308521302	0.131559948342483	0.132367786449061	0.132613956687154	0.161449807257746	0.161623771683756	0.1592557609093	0.155670660149198	0.109375203113577	0.105442730329205	0.105257142520894	0.107924924036324	0.0453350187233253	0.0444211828355043	0.0451562392325183	0.0470875592086521	0.013320975318217	0.0150876446015841	0.0163357873381314	0.0142555927420676	0.00376513639027507	0.00811090545572596	0.0073065838042248	0.00481737434977418	0.00554035094006916	0.00623477524298087	0.00113172840650122	0.00709314541044875
2025-08-02	0.00398790651677072	0.00560681759328822	0.00566536884716513	0.00473990704277593	0.00469054227814783	0.00479095673820321	0.00486935665451054	0.00764914432913842	0.00727723380146861	0.00721619193065096	0.00506305888514185	0.00644351538273857	0.00652971870474939	0.00876722120443305	0.00974565714985165	0.00995740294096592	0.0145461708217604	0.0125509465038596	0.00976504684592307	0.0101378358284569	0.0163034095297028	0.0157717874532416	0.0188071443026853	0.0181176587143703	0.0273868478377269	0.0265869856913239	0.026008084174463	0.0250180822964863	0.0342826774873188	0.0331589743293997	0.0320566571440285	0.033501691039253	0.0342388490597787	0.0344922746049236	0.0325348078081659	0.0337340685271318	0.0333386386845951	0.0331448294993051	0.0360372300534655	0.0354793017626343	0.0392307661327247	0.0387100652860844	0.0385942615289699	0.0374649070522211	0.0451000539480018	0.0405996846936071	0.04404021588662	0.0432600454717711	0.0494108411744065	0.0499832023873796	0.0454606333672934	0.0471453230709205	0.0522365397908447	0.0526726310345339	0.0529217144543593	0.051169114720262	0.0542358510503329	0.0567302949014673	0.0560322137800656	0.0570016402681342	0.0646232948590492	0.0652616829961603	0.0650423512258173	0.0660726709189732	0.0747301058353977	0.0751761649177025	0.0753615550309534	0.0747321742159464	0.0822806178855786	0.0858718790771855	0.0872930848129252	0.0855544182243107	0.0805500171173157	0.0817530541505527	0.0803560411048537	0.080340887627278	0.054147937923696	0.0550096347392522	0.0555156154008078	0.0553268119362441	0.0318979278299281	0.0334333579579187	0.0326053168341884	0.0320633973779648	0.0206524305593456	0.0197969635022413	0.0190581672335591	0.020492438704854	0.0131593632727618	0.0174447714254056	0.0170586518936198	0.0173372134082128	0.017729263857778	0.018415320085282	0.0162664997605626	0.0195889162963775
2025-08-03	0.0226692212767688	0.0219407236962521	0.0210294351588752	0.0243606198681039	0.031543240357174	0.0291752016501877	0.0288688777866068	0.0284126802060315	0.037348355182966	0.0362456893272626	0.0385331940269877	0.0408727614627837	0.0426535147865349	0.0448068547696654	0.0426637525726861	0.0448758778711136	0.0462023590290125	0.0455184318089408	0.0460324177319421	0.0472467914301046	0.0469838582939962	0.0447979714843393	0.0417460249395883	0.0454721452820761	0.0406105158502406	0.0372390676598916	0.0379474107394311	0.0402030057504366	0.0286010047104156	0.0281504267666351	0.0287951600962943	0.026453408426655	0.0166337521764115	0.0175010601081225	0.0168015951025066	0.0160635926129594	0.0120263412501794	0.0113163889174535	0.0141241350029401	0.0115331348294271	0.017049766064358	0.0167560315923136	0.0165150632455521	0.0146791390977763	0.0259431259885539	0.0203039955227804	0.0221009400988124	0.0246519383898532	0.0289507454127422	0.0271493872919595	0.0284243050800007	0.0294755622152977	0.0369178872607986	0.0340964443608475	0.0357400355085472	0.0382456328698066	0.0388397544163687	0.0415925606250468	0.0420763592623994	0.0414913256961851	0.042166902675521	0.0430913455596026	0.0451364949870705	0.0446052567778058	0.0478477287068526	0.047763588916838	0.04623620224758	0.0441524801287294	0.0474049445661469	0.0478509991434162	0.049082143616144	0.047661912674293	0.0395741698851685	0.0430980279484363	0.0396033497496068	0.0387244524167884	0.0275020749178441	0.0261989676517182	0.0250214304160878	0.0262775270143499	0.0179929206083853	0.0132083482861789	0.0144131417429124	0.0133855893625234	0.0111049467812326	0.00881343233804242	0.00937988662058973	0.0117017342601353	0.00881128680728378	0.00788312984178271	0.00797295863782864	0.0103326247131049	0.00621772850737766	0.00598588210179509	0.00778935002028476	0.00800703937054249
2025-08-04	0.00355936799233166	0.00511078286090184	0.00767572879047007	0.00665412035629643	0.0068609794474523	0.00814823806772623	0.00725471594506077	0.00773606653976069	0.0122819678287259	0.0101936806553973	0.0122262932778575	0.0092980582380193	0.0176467440615718	0.0148986029443249	0.0156599773343377	0.0157946756597656	0.0216404497139199	0.0203161944249152	0.0216539396661466	0.0203894161950183	0.0219727779375416	0.0248553012944242	0.021687419133172	0.0244845016348622	0.0193951136423198	0.0237259049892015	0.0206089166030335	0.0202700647654451	0.0228221729899205	0.0209092494418069	0.020176641371771	0.0210919361965016	0.0253552378038077	0.022730478387101	0.0250927953220063	0.0258214884870849	0.0311242724692891	0.0330895629020265	0.0316768923508717	0.0311092722778128	0.0383583357513982	0.0384890657647323	0.0428549103821685	0.0392976881017011	0.0478227539800988	0.0468362543005391	0.0490185450263116	0.0513224466930505	0.0587487649611376	0.0585786614259576	0.0601724189442531	0.0605001546686516	0.069161676881383	0.0694691085156301	0.0680532162603626	0.0713159983426243	0.0805711321407502	0.0837454479405788	0.0831193805369357	0.0815640393817354	0.093436405862794	0.0933382806324287	0.0958336107126911	0.0963917027920862	0.106253210123462	0.103323446111252	0.105673792529189	0.106749551236097	0.108817377817609	0.109434201055506	0.108827094738238	0.113921326388647	0.0987646824161119	0.1020189824753	0.0978454444089115	0.099370890699677	0.0817840569950967	0.0808406292893488	0.082112843846716	0.0812624698688385	0.0656887957089539	0.0695150458721231	0.063195952441584	0.0636002059773391	0.058288267734982	0.0606888941837002	0.0577737384457131	0.0612490996356048	0.0613122900767382	0.0587769334084468	0.0625320977455518	0.0613786787692632	0.0649676843374083	0.0645396825985558	0.0640496334358354	0.0624429996282005
2025-08-05	0.0664912369375502	0.0681234650734987	0.0661066529350023	0.0662786450539489	0.0659078808621834	0.0675468232621966	0.0681138900873032	0.0664314057883168	0.0662981152015469	0.0633761605736758	0.0639948481264543	0.064330876098323	0.0561408355976774	0.0555577500918213	0.0560924146898608	0.0572089996206406	0.0431215564079336	0.0438111743864202	0.0440172021245032	0.044050067081143	0.0302625466347077	0.0302515428411332	0.0302484626878984	0.0292374478362607	0.0142717077756695	0.0154015584474285	0.0148704253634822	0.0164563084134199	0.0062498442134319	0.00486935514633531	0.00465852170304301	0.00222227893718979	0.00163430762150019	0.00171750764041942	0.00388394179687633	0.00176424294120405	0.00905987156755078	0.0071645493784746	0.00471409071864341	0.00506148833533121	0.0121059714338912	0.0133802823533341	0.0122247709856881	0.0142889752270866	0.0159221164297899	0.0199477444345511	0.0183365671468172	0.0167935719888418	0.0213986395571635	0.0211866277899455	0.0213082338365027	0.0211064988163884	0.0228715710748508	0.0227603192773518	0.0222607180417998	0.0221073916059977	0.0239192333428857	0.0220357016367928	0.0237205370677152	0.0233245279526063	0.0247242425370362	0.0258682386882405	0.0259204600256155	0.0244870587491078	0.0265740740556123	0.0289358809625897	0.0279978699169607	0.0274921750648372	0.027852683758122	0.0269196628001128	0.0230449068756948	0.0271827465660704	0.0186099828279269	0.018051777346036	0.019850538255631	0.020487701570406	0.0113055985170718	0.012656809248355	0.0135687680802813	0.0134688241542919	0.00807080516855802	0.00832575994690195	0.00962160609617366	0.0129818287883664	0.00904155487989276	0.00742160505620101	0.00796950836846722	0.00856733169543901	0.0108306068002342	0.00741363717790843	0.00512097713051729	0.00563477889134004	0.00546573137915803	0.00771967522125825	0.00763475030633472	0.007179843093249
2025-08-06	0.00532694786590281	0.00758618787883528	0.00561893068955264	0.00646793356570927	0.00485512169399976	0.00410811704555831	0.00274821290287702	0.00328854835756491	0.00228871911646951	0.00183637359659149	0.00316208548520418	0.00371282180173481	0.00470554528979187	0.00306522928430294	0.00119447492969547	3.47504962097248e-05	0.00289510089956412	0.00264753795377143	0.00135570115887669	0.00210165998778776	0.00224573064846624	0.00346750769938506	0.00136960829196817	0.00391715336018053	0.0071474993598374	0.00369068142907312	0.00508349196244896	0.00407832724864052	0.0127233133461516	0.0107044869361176	0.011256312976548	0.0113158867411828	0.0171469383778171	0.018492809398615	0.0167222071172579	0.0186380451063099	0.0278008729071707	0.0244532165805174	0.0236468367786677	0.0250990737336441	0.0348212115279816	0.0324450336338361	0.0334458097898376	0.0342879450483448	0.044099800178138	0.0403465463967668	0.0386548749265895	0.0388987784985057	0.0490877931777357	0.0483958975769007	0.0489130923793986	0.0476032168659649	0.0594787581506776	0.0586634359409474	0.0599501337204871	0.0539076721878879	0.0666365898494762	0.0661248344536546	0.0676296608147635	0.0636089148821057	0.0688165552503786	0.0673673603230972	0.0695512059447526	0.0682648784817716	0.0705193473652955	0.0706008793467175	0.0689965710618985	0.0718832022260885	0.0624623035015993	0.0673632419402098	0.0647530706154253	0.0654213839427656	0.051220591161676	0.0544413485616766	0.0538098798300699	0.0525281804465775	0.0413836437789922	0.0424482443380716	0.0417695214153007	0.0433985904676355	0.0296846135492889	0.0291181912329756	0.0318974352974191	0.0302997599203163	0.0221089882103388	0.0199155758866219	0.0216252451221775	0.0203501907808618	0.015582477026003	0.0164584724452006	0.0144558921050801	0.0115031584237162	0.0109620921531144	0.00936711232974973	0.010120167314236	0.0105506282028999
2025-08-07	0.00875215730585812	0.00890601535861467	0.00744995893288848	0.00589186840263873	0.00548171940291048	0.00656504246937103	0.00566540771572311	0.00628783041199537	0.0033588401597201	0.00391380892187282	0.0048125211199864	0.00491482979842068	0.00322721763688213	0.0058777183886684	0.00320921570395074	0.00268584827049873	0.00616874618267821	0.00295341696918625	0.00340510094608282	0.00247273590205273	0.00105038602966876	0.00320488481244713	0.00746018573434645	0.00228454342353766	0.00357957865849265	0.00337708593482889	0.00324430101674802	0.00379903438993045	0.00556998166552906	0.00526591438838739	0.00609239056115332	0.00607171338493024	0.00874066284143107	0.00737619374806596	0.00659442740296782	0.00728871600753515	0.00906243652591136	0.0100389703857745	0.0111811858801532	0.00671740720816087	0.0126803050575595	0.0119113166310174	0.012376231809905	0.0130321465015181	0.0149382997758378	0.017371437082233	0.0188244510452364	0.0168658120966928	0.0232732892490068	0.0221237744816436	0.0248471710209011	0.0197557652484485	0.0264975099258852	0.0271587215113828	0.0252996691308634	0.0280440994318686	0.0284477181495833	0.0288838918034307	0.0273705291370748	0.0302978609099113	0.0288466050048069	0.0275483657963446	0.0263087432762743	0.0292962859225742	0.0299172115702072	0.0287525207594737	0.026571902880008	0.0297583647903111	0.0328390254170756	0.0304171359721181	0.0322615065539548	0.0324823320568514	0.0335550155965454	0.031362131518128	0.0317325261872763	0.0353503266980502	0.0249822039882606	0.0234829762814994	0.0227160949488462	0.0248187247813938	0.0110249700932769	0.01285568730639	0.0116531747263911	0.0104661678739419	0.00319998614413666	0.004604609108008	0.00316975954609763	0.0020256452017577	0.00236315542263685	0.00132839581298443	0.000605005667459882	0.00170344309691884	0.00231711609623693	0.00115548037482576	0.00233688234552572	0.00219052118341159
2025-08-08	0.000973191205447862	0.00304716465145947	0.00334619832758836	0.0016334458155043	0.00269215015952685	0.00202149071243843	0.00259298248941555	0.00269337663861917	0.00248235079908201	0.00174596826217305	0.00398865294218872	0.00178302799655622	0.00355021340844791	0.0031105232386821	0.00219103893383771	0.00214822441903228	0.00137915157275561	0.00449261203231959	0.00383427547376244	0.00329396092116235	0.00202395247975077	0.0031500956835089	0.00275659999148682	0.00306935184525352	0.00318161753462552	0.00372005606693086	0.00120149357397234	0.00289683282447128	0.00314745617779535	0.00382824738857177	0.00711284453592745	0.00491145189770543	0.00777708159850694	0.00627062506448414	0.00956667766287928	0.00838561567412965	0.0107509354212801	0.0129744304449512	0.0120108010451556	0.012263833088613	0.0176612396216162	0.0173065182619	0.0155441260869339	0.0164881160295499	0.0212806510537372	0.0223706115292681	0.0218756460812126	0.0204730913357821	0.0275852373984747	0.0251557963005257	0.0261042276825407	0.0271547386184589	0.0312973748092263	0.031878993217301	0.0332652085841451	0.0315584233893276	0.0344211191125393	0.0345943259077786	0.0374006511703908	0.0325839038092913	0.0313684873347207	0.0329711372153221	0.0294941544106625	0.0321662210392948	0.0262383257719225	0.0258289882867615	0.026166364479685	0.024766321461631	0.024445240780318	0.024027584319807	0.0237384211339849	0.02378875376589	0.0256470620999359	0.0248945944233972	0.0225554330555314	0.0259029104211356	0.0207480977164914	0.0201569768825486	0.0163642324536837	0.0187306929472763	0.0122821116268134	0.0118318522528224	0.0111923090172654	0.00769372710309882	0.00813623847702812	0.00602854375515091	0.00516791572580342	0.00666730204201756	0.00428522924921735	0.00739856812192883	0.00436917955213258	0.00494702307672124	0.00576050484575249	0.00628239469637317	0.00555025397056979	0.00640684648730455
2025-08-09	0.00804243782061868	0.00504897580881841	0.0091229313241234	0.00578565504643951	0.00611596421015942	0.00434525998746088	0.00718281235527836	0.00735596344710134	0.00386352995234181	0.00452096766099325	0.00501159391213465	0.00460390847453029	0.00228350508723891	0.00256684343824372	0.00372246185486317	0.0024271896196542	0.00115361184544335	0.0027119368584672	2.92097716354054e-05	0.00210524152445405	0.00165390286440861	7.494607323359e-05	0.00112057910113016	0.00115057196122764	0.000575379327715021	0.000556013095123946	0.000158324462135349	0.000710283115025685	0	0	0	0	5.89293686714426e-05	0.000428391753710239	0.000357968953065349	0.000154709924552969	0.00224349942350216	0.0016044203008667	0.00208759142623997	0.00206448884939118	0.00782485791280151	0.00710142449091262	0.00845359859830032	0.00762011899798555	0.0162474366586253	0.0173719009154507	0.0162975589861143	0.0170831034398097	0.0235517719019298	0.0220047365348744	0.020395928125059	0.0220475634381367	0.0171823787374887	0.0227404446567702	0.0220687369842755	0.0210084396214656	0.0174687191396363	0.0155403566527889	0.0130493562718616	0.0169415679357132	0.0121602682343169	0.0119799282260461	0.0122010753868138	0.0146587281528232	0.0106680193810222	0.0119575858433249	0.00972227901014118	0.0126521157655117	0.0111644380505946	0.0133519628311614	0.0105329562683864	0.0119506428498575	0.0119081163352429	0.0105445452221975	0.0106906151727795	0.01185672326978	0.00746811512623814	0.00835751143882895	0.0052371111537958	0.00793726228113711	0.0024375546634907	0.00216031807606027	0.00614154703887798	0.00126058022157105	0.0039828679067804	0.00189692817757382	0.00199171127359976	0.00412849264204602	0.00296922276101792	0.00403896407275906	0.00574993855983777	0.00524187460638525	0.00390003490532006	0.00301589598306626	0.00661506999914834	0.00346899911246534
2025-08-10	0.00255382699087749	0.00433815718572688	0.00273710593359366	0.00437090988980197	0.00423120692202937	0.00486524782474901	0.00293662179738067	0.00396692345584095	0.00563234154316936	0.00290500642201317	0.00227253388685255	0.00619011814796493	0.00459079318445227	0.00272771929325282	0.0036401345020312	0.00504135302026371	0.00459795344318926	0.00622488850104892	0.00274309579164061	0.00443406226412121	0.00809496610457668	0.00319266463126162	0.00523812191810045	0.00447424734606125	0.00114331558588462	0.00491974328848768	0.00163311082059218	0.00230383030503553	0.00600363983928789	0.000727657848343349	0.000234034144229222	0.00203466816813954	0.00570879844815486	0.00849878685439561	0.00604747311882276	0.00574494157862677	0.0109549005507444	0.00909600768334542	0.00892739277953288	0.0110216989863773	0.0116677859579259	0.012495236964717	0.0135103314497443	0.0113266456276127	0.0132920814578906	0.0135163921655462	0.0147832018543879	0.0134083245221753	0.0147969446832499	0.0152445485708934	0.0145799781160521	0.0163785286298047	0.0173676016998306	0.0166668645611442	0.015808040233632	0.0141574935053932	0.0162897561815185	0.0146572720896048	0.0143632061972075	0.0156897655316692	0.0126817644086373	0.0134785882065886	0.013924388376768	0.0129152590080061	0.0107840919291635	0.0119547433920439	0.0134701730688354	0.0137909916099572	0.0212473684153453	0.0179465794222764	0.0180974578198222	0.018708594342556	0.0393201790424497	0.0355049256363976	0.0382968367849349	0.0398780585362178	0.0504908856663884	0.0500770386090459	0.0502413458496333	0.0501907298749324	0.0501959512911422	0.0519217804577613	0.0500018305796655	0.0488804376714311	0.0407455969197664	0.0412654145750909	0.0417824751374395	0.0442065133677033	0.0321857083311486	0.0324867392100177	0.0355014757975022	0.0328260766613314	0.0273137658918839	0.0258038892044313	0.0273222024287637	0.0275601424749211
2025-08-11	0.0222078431307533	0.0220129306538865	0.022002635895237	0.0217765903201231	0.0170288842614719	0.018691332115747	0.0179533509228877	0.0163264326998934	0.0147381844395733	0.013874848104627	0.014056393045669	0.0123305744101308	0.0114683515209991	0.00666154257815581	0.0103212129308076	0.0105488929700375	0.00831880584254319	0.00879334155631079	0.00904311203624462	0.00884474056490141	0.0101309264068901	0.01057167764575	0.00799439198272045	0.0103030039646395	0.00842356872512794	0.0091359103988564	0.00651148001488445	0.00792904086113121	0.00654433438877707	0.00594774077924007	0.00632622176666203	0.00618170306532083	0.00429207884362694	0.00488622924241167	0.00534522302824337	0.00347646888571802	0.00460740836838684	0.00123798784486022	0.00294041470683334	0.00321418907991961	0.00348912205332359	0.00294046911106548	0.00314065207182469	0.00342975676378623	0.00562596448969657	0.00848714148270262	0.0100223563679534	0.00686453765964738	0.0176107040029612	0.0177350804081542	0.0166693373929512	0.0139848781959334	0.0226384074308662	0.0214185575166967	0.0203741552986429	0.0225688797537941	0.0232160501247193	0.0236567617711616	0.023525724205417	0.0226014638987021	0.0207943172841552	0.0225677273539068	0.024332456706511	0.0243054986554271	0.0241297815025973	0.0239755649460393	0.0234796625887036	0.0234149909626598	0.0231585752863978	0.0185439566301942	0.0231606810737781	0.0231367870096299	0.0156810580040949	0.0185518073920824	0.0180702176155456	0.0166969169882771	0.0168853419933147	0.0152373417507174	0.0153364315247054	0.0165408847312625	0.0205748096165458	0.0155662353041965	0.0160614467079444	0.0157975083713133	0.020928704397282	0.0214524835639014	0.0205319839906128	0.0200868280482037	0.0232998964730877	0.0221244184932701	0.021665785071984	0.0229098999616582	0.019321713479342	0.0201808978327186	0.0225601252448616	0.0239372634430778
2025-08-12	0.0182825466396317	0.017080798386223	0.0175094499190917	0.0231272050550536	0.0170911918355129	0.0155838534018447	0.015050126484299	0.0132748282783434	0.0108918824209818	0.0117648518835055	0.0100228110713058	0.0123204546242069	0.0068491768596566	0.00844555827764773	0.00610075862858564	0.00860450623411003	0.00968576169148483	0.00888939883341795	0.00657326510057468	0.00985157437452255	0.014071218026388	0.0142628949137889	0.0126246605864073	0.0120412264734157	0.0125591337009343	0.013897334428028	0.0123209328063196	0.0112225990647181	0.0124903772962249	0.0139137721964832	0.0104374723413658	0.0121583781659261	0.0167853467665004	0.0160750300619207	0.017441076404583	0.0176985467669959	0.0210296340689987	0.0209559141142875	0.0215937853726789	0.0214206664440349	0.0236236852322942	0.0254139907986749	0.0226144948513769	0.024347829117654	0.0247605806888462	0.0262796825481696	0.0252594926076981	0.0237002441552862	0.0223004654535587	0.0228609599511258	0.025854295990401	0.0239842786049145	0.0234601069038425	0.0218166327180055	0.0212683518114124	0.0214549085667396	0.0201287971669504	0.0221967735666879	0.0197289360369697	0.0219454932293921	0.0197933809161277	0.0186467739767814	0.017903201798668	0.0166566433084229	0.0170259375400687	0.0158649850106852	0.0140905940652943	0.0160184833839518	0.0171394338443347	0.014003215158092	0.0167179717088852	0.0151393792886881	0.0191437824879773	0.0210184389544559	0.0183612113404702	0.0184765672170966	0.0172152656738839	0.0194647422199665	0.0161954427782949	0.0171245493278547	0.0150369939978086	0.0139393730980503	0.0118965370812958	0.0101270958228453	0.0102923921207452	0.0120451578796293	0.0103492444297058	0.0103132055699196	0.00910778595754113	0.0139613998627303	0.01250487647546	0.0154259377042685	0.0224950119175748	0.021911967658466	0.0213229137099039	0.0212701067140553
2025-08-13	0.0290555662233103	0.0322747540530959	0.0317645644880332	0.0329051152355607	0.0297714347137171	0.0310705117923729	0.0297524384271496	0.0284056150667604	0.0173442755355573	0.0200068850376476	0.0188821648082798	0.0197666746185154	0.00752159387328041	0.0100437740464651	0.00832390724412222	0.00911072483613226	0.00446240782995826	0.00437036310909811	0.00307926990479668	0.00408795915614695	0.00218813323626701	0.00394158046710446	0.00307528562382718	0.00379500067280134	0.00633470327036832	0.00392604669661966	0.00126402737988537	0.00347522265312665	0.00529023406187316	0.00614476693273865	0.0074903154322651	0.00707468357312309	0.00764339742915957	0.0046844975965902	0.00493642474551738	0.00573568022873286	0.00678075951270607	0.00725703667571372	0.00770469958672964	0.00525750422485057	0.0120931157905917	0.0134388900787319	0.0138822486258649	0.0135857455048115	0.018562622629426	0.020028225971663	0.019619153205077	0.0167899981938339	0.0252742754396991	0.0251415040481327	0.022983811347443	0.0246004091647253	0.029941749966586	0.0287143705021133	0.027129548850407	0.0292143306808937	0.0301033255644698	0.0290782055423504	0.0316292377995349	0.030189231093645	0.0296041657409476	0.030742014689705	0.0293704412080087	0.0282833783613386	0.0274140976348843	0.0279979980829271	0.0273514357329538	0.0252364685492348	0.0266610063487503	0.0259754221562709	0.0257253786784622	0.0266381928165166	0.0301113448792138	0.0306762179044689	0.0291508636094718	0.0280615736068455	0.0293142957143853	0.0297594470768687	0.0310159947320662	0.0299102624766798	0.0259198476860701	0.0237933173702754	0.022622661516895	0.0236641734267595	0.0151461677700035	0.0124248945882761	0.0126291573552543	0.0127997802864661	0.0051614491248133	0.00503036255297686	0.00599015218061421	0.00581803614159563	0.0018319764549395	0.00691829259881259	0.00577370545769312	0.00547602548855479
2025-08-14	0.0068193731218505	0.00686816018872189	0.00487640095730682	0.00743606573212078	0.00738519603760042	0.00642089672595576	0.00678724964603516	0.00540665759040866	0.0038534458911285	0.00581764305390275	0.00548055867356738	0.00684835238140137	0.00528406104125335	0.00364651675288976	0.00102001448248029	0.00204940772337659	0.00418088361149117	0.00302605793378535	0.00463518631363512	0.00215787214108836	0.00705894472151346	0.00698884826560471	0.00739269338734011	0.00655951362554172	0.00444573695977142	0.0057720592936075	0.00565703396210173	0.00312516978451935	0.000361553794582796	0.000569969770736047	0.000826414490413444	0.000242061944267714	7.65915311926076e-06	0.000337376458671914	0.000201122948714987	0.000453841439493838	0.000494864943327244	0.000260781683584314	2.69051058787021e-05	0.00021744826720974	0.000375585839815195	0.000272858203442211	0.00104690579010529	0.000304650166637306	0.00156977491761452	0.00323117523303644	0.00484554056853736	0.00335350928081168	0.00742796684281463	0.00857813279734058	0.00668588793714134	0.0113080124227035	0.0145143252822283	0.012458945746322	0.0130588205315337	0.0159679084399161	0.0162513975887909	0.0164729620233922	0.0153779310679423	0.0168977093198746	0.00868547007946951	0.00979005522585306	0.00832074419644673	0.0102037304982307	0.00544888551228623	0.00719896886231938	0.00549497575005619	0.0078571698753382	0.0099892180401694	0.0110612420783503	0.0119660137709328	0.00898352611054754	0.0189392328963039	0.0180540534196633	0.0180649699812518	0.0169417437027811	0.0194393223892134	0.0199658757218354	0.0181744517695805	0.0174203501193707	0.0144335303265395	0.0144286596134475	0.0121986437872068	0.0149391662728062	0.0107730890966863	0.0109585281197719	0.0111569228641091	0.0111114599194327	0.012289313099763	0.0117479426088888	0.010914467783665	0.0120482765076832	0.014135084331284	0.0142668518663966	0.0134328331755273	0.0131652306267921
2025-08-15	0.0168270410999011	0.0130978884183224	0.0163960160690298	0.0176790544127467	0.0160315173194452	0.017403372133169	0.0197543483391358	0.01781076220825	0.0163965513881506	0.0199147568529311	0.0196528568962942	0.0200358348626242	0.0178261547224092	0.0169835551398311	0.0165412379880456	0.0196490521497141	0.0154709265252021	0.0153512095653003	0.0145113461644642	0.0166665177450334	0.0173222571279879	0.0155076737013386	0.0155602565345469	0.0136098126361266	0.010700521441295	0.0120090905227507	0.0101760198505435	0.0121143681854109	0.0107029108269198	0.0123962092363559	0.00927485410930687	0.0126260258274174	0.0117640092120646	0.00994442557972284	0.0100140112392962	0.00727755396891635	0.00609797760124632	0.00655983218754132	0.00542459666389492	0.00691759354731744	0.0026391287257449	0.00335856901902666	0.00490998769459878	0.00409231456062966	0.00380223835003848	0.00534484634610096	0.00441198392941236	0.00244093137444819	0.00883199215540598	0.010496461252024	0.0125080132952388	0.0111635332973312	0.0188115426058365	0.0183461578164289	0.0182482898777013	0.0165940097000334	0.0269396013602511	0.0262676065600203	0.0246952163534704	0.0260975757262582	0.0339944489707827	0.0317023138346807	0.0309565140164277	0.0313467231781089	0.0365222118441347	0.0348823648266775	0.0379545066810746	0.0356409166481131	0.0371242734894634	0.0372401962438819	0.0369790466132913	0.0366564836533635	0.0297848308658059	0.0296824619822737	0.0285716481766121	0.0299610589753082	0.0180785437622987	0.01930097407683	0.0207283091948395	0.0178921729660318	0.0112214590036498	0.0122025694235419	0.011783801375386	0.0107921701974223	0.016850629293916	0.0195333953769772	0.0177059276881021	0.0169100476410046	0.0302762629770013	0.0314190092644776	0.0307445514115581	0.029560176346963	0.0389193464752065	0.0398504020381632	0.0394411033921009	0.0407891480945294
2025-08-16	0.0456883354290989	0.0444000893326253	0.0449022533415956	0.0450093218966802	0.0460827973880555	0.0461406033570033	0.0491604068196185	0.0476161924353226	0.0491339408616813	0.0467255904086087	0.0490832769889837	0.0470571917407264	0.0452364631299688	0.0464019707473756	0.0445152369958058	0.0468463291268498	0.0462437028422546	0.0477065270565132	0.0503550235280084	0.0476947465732238	0.0532995984549879	0.0533334834641774	0.0505197915033601	0.0518471265774746	0.0458762526387624	0.0431561099377728	0.0494834975554844	0.0434841398679804	0.0236513085490066	0.0235021579659424	0.025874682953429	0.026971850531622	0.0155227684517729	0.0145943734112612	0.0156975923830169	0.014185265753949	0.0109982615517293	0.00998947043556737	0.0113365789530863	0.00867568905961703	0.00895115589814078	0.00664546956331161	0.00931342780642306	0.00808994673212455	0.00792146049554657	0.0113058550392384	0.0100182682520117	0.0107544162132033	0.0157596345695306	0.0147169737381202	0.012411105627063	0.0141122860652861	0.0183159958553241	0.0206452615460273	0.0221289347887499	0.0219098078098986	0.0297846041637548	0.0275208515306027	0.0280653870336355	0.0266291572720069	0.0350053592917427	0.036897857503099	0.0361261938237423	0.035970589381416	0.0405779116629897	0.0469120133360531	0.0443243638770701	0.0451857111238871	0.0439236647852634	0.0452815463799903	0.042870327493249	0.0439244613414973	0.0355976422046426	0.0347762028591262	0.0378125867850957	0.0358135681511355	0.028739418708169	0.0290753389470796	0.0309146156007196	0.0282706267440318	0.0355371180011146	0.0346426680671245	0.0366977253797724	0.0361224885519885	0.0510850448403981	0.048673215381315	0.0464315234045226	0.0498102163737643	0.0608151058092485	0.0603249404807881	0.0593031471992973	0.058556806510666	0.0675853331580601	0.0685616414794233	0.0687821690635859	0.0690708562989307
2025-08-17	0.0780408822713348	0.0770907530813858	0.0790482285997582	0.0788201360475211	0.0900430193301195	0.090100161067646	0.090396231203632	0.0904605883986025	0.0962942846016283	0.095103316723256	0.0963116054204719	0.0952907932546438	0.0796422750143746	0.0789365675826519	0.0819903776821977	0.0824307797207757	0.0645502710733311	0.0649037595900663	0.0625552674016104	0.0629907019349922	0.0511143594210786	0.0533127480608555	0.052896121630007	0.0526767708880589	0.0376025555559941	0.0383396736434812	0.0399008750620745	0.0401568957384501	0.0203053523904199	0.0195603103918677	0.0182954500657946	0.0178388871519179	0.0084673621114152	0.00904616552650691	0.0066750143361885	0.00981145802588938	0.00653925106818407	0.0132884912857005	0.00681073579613643	0.00736152184997902	0.00753878443868004	0.00859133807453613	0.00505163009554743	0.00881824739123639	0.00483345201742601	0.00454272676941672	0.00467892015139905	0.00394490106175821	0.00350176685201723	0.00143528333782879	0.00152075441163465	0.00354219539851934	0.00769987876454149	0.00892222964749624	0.00864808275902134	0.00972980882894093	0.013154100025149	0.0121827495043288	0.0116620671741186	0.0130010832964035	0.040825610348451	0.0404186800881864	0.0408100056905944	0.0369457038727683	0.0587145453101821	0.0594654457496557	0.0595433940772639	0.0592766148628983	0.0409273353188104	0.0386112168978637	0.0395840036320846	0.0408774441512413	0.0240394475016586	0.0253629951250897	0.0255097473472438	0.0250878100260078	0.0160011300260481	0.0168252725736146	0.0175504778735747	0.0186231195267626	0.0158772282852719	0.0136142344501968	0.0137920812580808	0.0137164560064505	0.0220784325039715	0.0218892426930434	0.0224118377886591	0.0216204870143259	0.0183837400325287	0.0186529111520684	0.0179379319530025	0.0190254168624004	0.00661132488909605	0.00645472746574032	0.00664164362052563	0.004292304024638
2025-08-18	0.0270403254228812	0.0283787732433918	0.0292574701231815	0.0283234312105455	0.111840663143827	0.113210437982009	0.113483458384052	0.114465440490112	0.148189442355904	0.150217171709075	0.148782910676541	0.14881047525848	0.156834807318081	0.157138218558386	0.155439354281453	0.15858761984208	0.111176050332106	0.109220249501962	0.110458200700048	0.111145499465884	0.0598721519880491	0.0561209600093525	0.0575165383179973	0.0614903496846012	0.0339225382330022	0.0357075880514773	0.0352915274714122	0.0350783462441084	0.0220662174934365	0.023638085144629	0.0249631853024609	0.0233325120594737	0.0289396697403251	0.0316079568977997	0.0319719671705985	0.0324804061912768	0.0408183089505433	0.0400141453055587	0.0417061835259814	0.0414613622179166	0.0371336593742203	0.0383473763648369	0.0380515467537581	0.0384674175071847	0.0334106065554894	0.0315952340531653	0.029580691411394	0.0314134679799513	0.0253938925972817	0.0254028110261243	0.0261420202299259	0.0240612761466681	0.0249902139796331	0.0279633099782655	0.0223293624435115	0.0257171135985899	0.0297560112559229	0.0255077202336339	0.0270793381323636	0.0256569303780795	0.0223694747163019	0.0234552092087798	0.0237641367144051	0.0224111793605132	0.0179933882600719	0.0204251852190864	0.0198489661144005	0.0197324604064412	0.0183316822105024	0.0182215515502446	0.0161413228398193	0.0173054433994338	0.0140863191974534	0.0162529165139708	0.0170113652940063	0.0166493989945695	0.0167098776354141	0.0186172412906764	0.0191329602981193	0.0185399207757902	0.00767923990015511	0.00735385204982003	0.00830557051603282	0.00966133753399205	0.033616947553001	0.0313845422718465	0.0327030832859473	0.0322954268892053	0.0723955225669129	0.0705949895975509	0.0712035357847426	0.0708059520507936	0.0583663509959106	0.0603666840885799	0.0589940975554325	0.059272867360077
2025-08-19	0.025550268558865	0.0243433801208964	0.0259432260931714	0.0261631252270673	0.0390494735226292	0.0383782148311477	0.037252571529905	0.0433197401163181	0.0671421792421045	0.0648636926176468	0.0658753362120366	0.0661187919282121	0.0511271688489123	0.0502198143936024	0.0506854095164377	0.0519676072410477	0.0375072945917348	0.0387769756495394	0.0382522202114313	0.0384635095472946	0.0377712261326543	0.0374856570077655	0.0392563664005845	0.0374867504589956	0.0294658507522436	0.0284202671670054	0.0296216538270633	0.0294922282536878	0.0155231384774679	0.0153958757919265	0.0213645034291643	0.0157164823014414	0.00999317554496587	0.00833523433925558	0.00638203874420589	0.00928955137157266	0.00468626085761068	0.00589214876107525	0.00433749142765456	0.00608409895365952	0.00371103042088518	0.00744180573434859	0.0058711460313695	0.00397601781339674	0.00761275154988451	0.00680158387720683	0.00695524718853266	0.005630417384376	0.00735479249314111	0.00582242511603542	0.00567722975502877	0.0061455526357947	0.0140528055258387	0.0187347890813577	0.0157583740217533	0.0154540313710503	0.0330829522801508	0.0333647616081028	0.0338575929055986	0.0326946932061478	0.0478958896286286	0.0482151491623978	0.047327333085639	0.0475616281233346	0.0574069780573146	0.0556383641489234	0.0548813660118048	0.0540732917819571	0.0646265347425449	0.061795169478294	0.0636524487081553	0.0619258470710058	0.0658705835313024	0.0643147471694189	0.0676083722839467	0.068206297015332	0.0621755506171224	0.0602356398224447	0.0585440182923663	0.0620447912680665	0.0530790630419949	0.0513338524459706	0.0517155757936878	0.0538715087183467	0.0478961415732646	0.0457761052738207	0.0480355243486812	0.0462922288042335	0.0370977772189499	0.0386558771826958	0.038425988110953	0.0418203574874013	0.0368194327827058	0.037830322877535	0.0394061702570857	0.0389440740826735
2025-08-20	0.0501528075230809	0.0499927345740324	0.0497067245123567	0.0521477333905301	0.0703322601452035	0.0708997286860719	0.0713744994453781	0.0723935117233465	0.0899461747697361	0.0888949715941218	0.0904765782350859	0.0906822754010562	0.0888672094726915	0.0882139779709337	0.088480780858304	0.0894380316980708	0.0708815583787265	0.0698041906046788	0.0685932441902086	0.0677210068263862	0.0438881389526983	0.0433022544486409	0.042941694882927	0.0458679117157338	0.038646359623949	0.0384436321683294	0.0372692163221236	0.037640791885598	0.0345389360244662	0.0330839679482627	0.036329274802294	0.0330478212249771	0.0312618486740848	0.0311749202742934	0.0302226743448637	0.0313405567067581	0.0325715276521435	0.0330802780682298	0.0301348263073693	0.0332133679722574	0.0255169588017858	0.0287551026294747	0.0277519907959364	0.0279759477728031	0.0250788933397069	0.0261587107700765	0.0278947590962594	0.0258676367939572	0.0260015074520604	0.0284053728276545	0.0272208879970017	0.0273722317232834	0.0246240795269071	0.0247907731927837	0.0289560941961741	0.0256290530841351	0.030395297949489	0.0290625465789553	0.0272113567463118	0.0273307987252439	0.0359822704837995	0.0349164631402744	0.0336320155352815	0.0364692508406446	0.0462272996864215	0.0408563125140063	0.0466354202638995	0.0452809675356726	0.0524130888915188	0.0527731987050206	0.0497746082349157	0.0520391041685449	0.0521410674272562	0.0562870833809403	0.0567094505974339	0.0548623985943696	0.0532892468692988	0.0530217839539544	0.0528663488426321	0.0528226203341147	0.0494030620723304	0.0462601748785446	0.0489193776685491	0.0464173853805759	0.0352148167339611	0.0405196937254208	0.0391390873739952	0.040126402166623	0.0310539029655742	0.0317009603940948	0.0327684615802013	0.0304766750601298	0.0314776811933174	0.0346526738900306	0.0354369129791022	0.0354327319375499
2025-08-21	0.0379145190514245	0.0402871729027384	0.0403024175696047	0.0384958904762324	0.0374755044322455	0.0373112943123341	0.0380320303212758	0.0351811709341446	0.0329969094865784	0.0331401997070293	0.0297445364647332	0.0321183543416592	0.0268690035975656	0.027461011346705	0.027652951171418	0.0260170338843114	0.0201734671770807	0.0241518372229328	0.0208991874493503	0.0217755081506362	0.0290323801699467	0.0287745717320223	0.0321472732648833	0.0320457748331477	0.0421759273268352	0.0390084703223383	0.0409690972015546	0.041846505149272	0.0467328258882145	0.049332609991277	0.0490486018922891	0.0498859622282193	0.0456990007769953	0.0459488884780194	0.0457297061076574	0.0466224046373279	0.0367522392825917	0.0362823266566252	0.0368834519629907	0.0370819820977924	0.0271737129986719	0.0267423241424735	0.0262924990369335	0.0277914638219211	0.0205877063079077	0.0206019074353997	0.0207281378125905	0.0200822484441021	0.0154002336377371	0.0137173988545274	0.0137833948643656	0.0100989726433699	0.0106084699617529	0.0117395436392006	0.00911480663061818	0.00953717976842839	0.00595764176289887	0.00598652565304336	0.00658394176460115	0.00747189081945663	0.0085375348326543	0.00828119233960523	0.00972596363411963	0.00745530919362083	0.0152115569092873	0.0152107634245681	0.0176581548958427	0.0149195247703018	0.0306919246658062	0.0312278161169874	0.0295914739193656	0.0304887852978407	0.0502911934212057	0.0483853608951891	0.0512446024477486	0.0510788432358567	0.0504753669745901	0.0498104195043799	0.0505057610660563	0.0522084524549737	0.0399584519482614	0.0405220996647499	0.0401005454920734	0.0414189028949153	0.0307975380956162	0.0349462441870458	0.0300459641818859	0.0302102535354521	0.0233229014105033	0.0269724923915946	0.0273423775165243	0.0283622286813777	0.0221671706948779	0.0224734014956664	0.0228623717390932	0.0204970560703625
2025-08-22	0.0186830612005094	0.0186836279069839	0.0197123102063063	0.0169210006862004	0.0171159494683308	0.0132592671648081	0.0178302156562046	0.0167945677106565	0.0134749063661499	0.0161318366873077	0.0142201885147784	0.014173068431764	0.0119983746312383	0.0149550366901673	0.0123976299425137	0.0136489587360807	0.0118662572304738	0.0123860342857344	0.0135825697630511	0.0121651387207408	0.0113054201677054	0.011484364695068	0.012388944778181	0.0138212703590456	0.011940530289421	0.00890654815120658	0.00877388164781029	0.00837903991156215	0.00554136310367994	0.0023157671512089	0.00374084564881222	0.00540202409629894	0.0041188731314742	0.00441099106854992	0.0028740474325746	0.00359608836740128	0.0094024724451048	0.00943768806728633	0.00717265967415235	0.00898717981345653	0.018423166420222	0.0188097801486818	0.0198186688736476	0.0149483845574486	0.0289036455026878	0.0296639267503491	0.0293466602672718	0.0300857674796913	0.0395300584294676	0.0426181108160841	0.0413559711360633	0.043495859618385	0.0498388967225288	0.0536768741373582	0.0529211955247958	0.0515630336153172	0.052681232387285	0.0531734172995748	0.0530576571214993	0.0540876931916408	0.0493345676859214	0.0484090120919844	0.0487905946027612	0.048465825619333	0.0429670587956355	0.0440951110969312	0.0456264787705399	0.0463113513368934	0.0416919759461648	0.0463687822096041	0.045031666363372	0.043907575480859	0.0489218169584999	0.0457307122157198	0.0473197425620014	0.0480277282637789	0.0365303736622082	0.0377715963179207	0.0380148261895376	0.0396832038303334	0.0230560856818324	0.0225132996608552	0.0226644034574007	0.0207662111999117	0.0102645358620518	0.0114326949903945	0.00904476512151445	0.0102580040260393	0.0033695921414201	0.00446219095078186	0.00395754563220446	0.00421067127559358	0.000819014174375717	0.00309207478140038	0.00289683973434251	0.00219207130988139
2025-08-23	0.00166654878173484	0.00209311035661697	0.00115023497528021	0.00409010588636798	0.000289458830127183	0.00278210099385742	0.00156343035647025	0.00536500981954515	0.00392697844336818	0.00133822883703609	0.00122605235117368	0.00250874036842205	0.00150425325994254	0.00243947647873037	0.00110846794492403	0.00294780231640306	0.00146570056772871	0.00081800636308924	0.00315027068621925	0.000566022382962795	0.00265721427547471	0.00108595192200231	0.00108035549713337	0.00217647830538961	0.00208032299445329	0.0055381435121027	0.00398847450720035	0.00339305898624366	0.0100436099076341	0.00964623037688856	0.00653908048189838	0.00677107923357899	0.0130874324550863	0.0134843893184617	0.0152291596040504	0.0151990186224015	0.0262099282566161	0.0248498733446809	0.0201925289217116	0.0257476694769914	0.0352850684114229	0.0352529082880231	0.0330158858113545	0.0334461374891994	0.0444852422736078	0.0425412680824425	0.0432210732274552	0.0407524164164945	0.0491104995238625	0.0511716319029279	0.0505663791004369	0.0501514894727726	0.0552348729396843	0.0544614709468003	0.055396419059571	0.0549072370539444	0.0608155174418363	0.0568391157989396	0.0563834425756519	0.0569619241835723	0.0592153180504972	0.0612292420414063	0.0608277050357185	0.059727734872378	0.0658924838676164	0.0657099328235797	0.0626716705248244	0.0667259127839796	0.0733543987206223	0.0688610397601631	0.0697626763809781	0.0710218851382364	0.076110842520053	0.0764727823709585	0.0753295141408463	0.0770868609681422	0.0705142467238126	0.0707591576945729	0.0704523172953229	0.0732742782862915	0.0565758141935698	0.0574196879605322	0.0568161886593115	0.0601883091865864	0.0444942363621323	0.0474275454764285	0.0439452712330709	0.0451329469283682	0.0398562405423385	0.0376770685777167	0.0376706394485659	0.0387960514313789	0.0331013475300992	0.0326298044235543	0.0359340709052211	0.0343347771411253
2025-08-24	0.0277538403017847	0.0265043526415465	0.0273475139519681	0.0263942931047007	0.0195324728316378	0.0186459357363576	0.0181393324359544	0.0176822589960502	0.0152029743817866	0.0130122303945893	0.0106964287716692	0.0140883664519549	0.0115652160055109	0.0118478549366429	0.00941153161711343	0.0141753974407328	0.0123670661033567	0.0137638876318971	0.0150391313203463	0.0138299149443999	0.0143134537824936	0.0131668409893269	0.0160827743781617	0.0164369308500178	0.015339999724456	0.0151514103053274	0.0166563652062367	0.0168522247639799	0.0146846707739444	0.0178794872446656	0.0180077826309159	0.0164280593504742	0.0148082718752966	0.0167826649135593	0.014889274154164	0.01351978905698	0.0141092668055506	0.0144398825165831	0.0142784016603208	0.0151724490175455	0.0166778659142663	0.0182157044787198	0.0163741634040841	0.0157322662029298	0.0228006146881424	0.0201813104931528	0.0213329912753725	0.0216850835433323	0.0243872662500924	0.0255997296341366	0.0282684924440186	0.0247445116717524	0.0276790059038805	0.0262963416531571	0.0276292305295424	0.02739542191342	0.0261930834802813	0.0251474148313634	0.0280474386557887	0.0286120630325666	0.0281353908139126	0.0255096837117715	0.0282516612360386	0.0251032642382774	0.0281515638289453	0.0285171016807403	0.0295923653558475	0.0277389691344668	0.0309724811688246	0.0322251579327099	0.0341127006275798	0.0346896602708857	0.0405889862891547	0.0381645104764196	0.0384360966193621	0.0398104066150636	0.0358616928716079	0.0360810313036823	0.0362150475969897	0.0368422282277201	0.0250362573015137	0.0273940417585691	0.026055015818163	0.0285146851217542	0.0215699915886423	0.0206606305358976	0.0185932102775248	0.0171761675979353	0.0180015455591123	0.0185466474183536	0.0202434304700508	0.0162083765524834	0.0196951829892458	0.0203001620698142	0.0183289682262103	0.0186756867147297
2025-08-25	0.0166479516521041	0.0206282805513093	0.0157500406556899	0.0149737271408967	0.00842111756093118	0.0123149558946277	0.0122001254811487	0.0130638010632924	0.00659031232407662	0.00724584265934071	0.00945488014526055	0.00770896487132212	0.00579583978582866	0.00591177349742594	0.00589709816642451	0.00439528855032089	0.00527402400337307	0.00625337230321345	0.00510973816441509	0.0053628655289984	0.0127898718812894	0.0126140712470355	0.012836510893295	0.0107595459783801	0.0180412273824559	0.0159877197054534	0.01866737181124	0.0153036811008506	0.0146713788620035	0.0151040779178399	0.0152079085918187	0.0160166346283379	0.0129688795455328	0.0105267428668195	0.0131574862227702	0.0103468913648775	0.0132336995791523	0.0140766608782862	0.0123679010751629	0.0103217384673986	0.0187455508912258	0.016500510732912	0.0164244315670918	0.0163295068087704	0.021629414916197	0.0224474306477901	0.0217847951513448	0.023138359284668	0.0189672442590029	0.0225327356149166	0.0216058447085363	0.0218941754175442	0.0156579746297071	0.0155142000283242	0.0146401639634005	0.0151876613785682	0.0221370166402871	0.02363916887896	0.0219837026507384	0.0212401118300145	0.0423107534307359	0.0414728193563417	0.0413306142269529	0.0398858129859695	0.0538415856070201	0.0556623097566476	0.0546156518457862	0.058880452790546	0.0606699375416222	0.0628479739577608	0.0616263937708172	0.0598556947297998	0.0645883984731817	0.0643482227967576	0.0603663554451534	0.0646970232849073	0.0600324269295083	0.0562197928817886	0.0569732677310063	0.0537745124576969	0.0431085411305453	0.0434381789508249	0.0404865811785646	0.0439666987400651	0.0342241826156036	0.0297957491798554	0.0313962949284368	0.0305837732761042	0.0289595171708424	0.0273991260306311	0.0284493324472045	0.030192024351322	0.0278025898166608	0.0303500776085946	0.0310928494429706	0.030754483131774
2025-08-26	0.0291536589605284	0.0292152048949934	0.0280794674594376	0.0275516686850405	0.0235867326277066	0.0242290376132037	0.0229658888037779	0.0222183409553118	0.0211233957883512	0.0204775624225382	0.0223364521096209	0.0200625896794897	0.0220349324032071	0.0236733129746748	0.0228506532379654	0.0224411013841527	0.0251759686140888	0.0235412379871671	0.0234740421161122	0.0228087512826319	0.023073603668905	0.0214012153595496	0.022151614058545	0.0223735669130004	0.0187008170617096	0.0160045358395627	0.0201718581504976	0.01812278894823	0.00845164403060529	0.00543579872181069	0.00701808034752091	0.00709447690006311	0.00241675999236516	0.00362754176116685	0.00091016915325471	0.00204552909321329	0.0141560241177335	0.0122113583646921	0.0104211012067761	0.0112115163107983	0.0222830627543417	0.0207910710197726	0.0208884458754175	0.0220374203504682	0.029932708230503	0.0299051604030871	0.0298298177502364	0.0283323136161735	0.0343185995529018	0.0359829529002303	0.0334214203699423	0.0332770271769256	0.0376788875647973	0.036860396439169	0.0340841519733193	0.0363765640227143	0.0361111457182992	0.0350063435370426	0.0344293205904771	0.0364531901541811	0.0328598626838816	0.0354191310512537	0.0330038420762412	0.0337171641886235	0.0295390084900252	0.0294625438161899	0.0289249255486046	0.0310735221451803	0.0273176089356779	0.0257847990619809	0.0210471737527634	0.0268504182495778	0.0256398948342071	0.0250301731025693	0.0271191021127998	0.0252108299504237	0.0332324224195423	0.0305596315448911	0.031521659638784	0.0276862863967826	0.0417198218132151	0.0426119331261874	0.0403500602543001	0.0423181848062974	0.0574462624137906	0.0578049283850607	0.0592493895146824	0.0584994196864663	0.0746398604544093	0.0741519853754287	0.0727316114895274	0.0744765426806346	0.0782722405500832	0.0805283676410997	0.0801692659834631	0.080030125825354
2025-08-27	0.0769532141565551	0.0784323099104906	0.0787352554167001	0.0798792205162542	0.0804439930675256	0.08004144648158	0.0790324969121478	0.0804820635387466	0.0822995824764833	0.0827035584282782	0.0837941252137847	0.0822027338814537	0.0936050304965166	0.0945213372306174	0.0953431560509317	0.0955304762219343	0.108170924516045	0.109086334262643	0.108774067110437	0.110968674110875	0.123247288111423	0.119221932398806	0.122666351229287	0.122864428260485	0.122070741074276	0.123964134365281	0.123939923733208	0.126025200827236	0.128398745302451	0.124912394273008	0.125665280923839	0.125023579500703	0.124494576455227	0.1226105347502	0.121770596174015	0.123124292620558	0.110371857863385	0.110904201585273	0.111732114930715	0.112991825620627	0.102963908904939	0.104686200903315	0.106467581302059	0.102882308889687	0.102869261749877	0.102620836301637	0.101759887382113	0.101750014566374	0.102860532271909	0.103003891135984	0.103260937019496	0.103874639572611	0.108602066911137	0.104814709686492	0.105711552733827	0.103871670668544	0.106718055495124	0.108509718394121	0.108946700933141	0.107825525177614	0.107782918363601	0.108956984418111	0.109382268143693	0.107877829074595	0.109249175720931	0.106967042033538	0.105554814412483	0.107228967833048	0.0987947255386247	0.0978278856731365	0.0986116864826985	0.0987657023055403	0.0869518501203988	0.0869269782748637	0.0862549348083549	0.0878662367963827	0.081827295729546	0.0788182768858889	0.0830832416928887	0.0822711856916765	0.0788474278144592	0.0807419027484252	0.0786887890138484	0.0817218804232671	0.075128542876867	0.077397022683279	0.0767340091531052	0.0767404252867488	0.0640093232682694	0.0606718423636941	0.0654461294955521	0.0628727048724844	0.0397699886949371	0.0394826189482019	0.0392835550955941	0.0394638372612668
2025-08-28	0.0221103885226868	0.0184474780149547	0.0220770805318006	0.0213650529305579	0.0154961739608408	0.0176533220854537	0.0181141535891167	0.0157363503645888	0.0177777760207269	0.0223272941995631	0.0173433951849164	0.0185515345947937	0.0179326577543254	0.0188932688532502	0.019909800373112	0.0172642730193124	0.0183425270552506	0.0147134666230955	0.0167271273400026	0.0162168789816514	0.0153286258677535	0.0173021433856558	0.0167495425992203	0.0176196881473705	0.024266671069629	0.0222674730669807	0.0221778963430564	0.023287959520334	0.0294450126229864	0.0311835324473779	0.0305046503828098	0.0298668045468259	0.0378097158102074	0.0385788075718886	0.0359878753390233	0.0356236012788806	0.0369099603395129	0.0370954903998804	0.0368798838368229	0.0381146654237838	0.0311247225621944	0.0311884413615572	0.0315229250034791	0.0321639110727692	0.0325737528691963	0.0289433367750404	0.0304208694841927	0.0300620408715705	0.0462633752544019	0.0468670810318278	0.0469004892658505	0.0479690544479198	0.0596170381671226	0.0640973035464437	0.059570063988268	0.0577155942981656	0.0652971141436767	0.0668050505000165	0.0668042749280958	0.065093560428211	0.0608590540421016	0.062727842582984	0.063962319368278	0.0614507840066364	0.0568000157084261	0.0571283889785632	0.057361559359504	0.0587100359535067	0.0631367070922687	0.0616767409196413	0.0624442432310942	0.0627423087569958	0.0793465591451001	0.08182559346234	0.0825872263852705	0.0842406210072895	0.0835127482897512	0.0828878135512873	0.0840544187416382	0.0775450194173233	0.0700066362889697	0.0719642306240661	0.0713294334380355	0.0706996996489287	0.066102326223418	0.0643792993058994	0.0658653597842008	0.0656530146864818	0.0697885706884408	0.0682538660238692	0.0701309313419302	0.0698266319457598	0.0761658060800336	0.0748607230306521	0.0810885846110507	0.0748848862782636
2025-08-29	0.0805715754510915	0.0796660467059294	0.0811779481817773	0.0805844296612019	0.0781801717788492	0.0781886349234965	0.0838155589352613	0.079815634362393	0.069726003054725	0.0725047660472337	0.0750319082057699	0.0737373226922714	0.0606039617656761	0.0606760744364232	0.0602454603471434	0.0594745034507573	0.0543571618156711	0.0559026837543083	0.0550233305564339	0.0537168238735867	0.0575338868821422	0.0565832921725281	0.0574722019389898	0.0554106190063399	0.0585002814714162	0.0586694649950916	0.057266328234966	0.0565639252985262	0.0603056813009139	0.0643480352162877	0.0653405236376341	0.0640057598451642	0.0646908891013635	0.0691467095144321	0.0691055637011607	0.0710568376830438	0.090334683277728	0.087496014063858	0.0898821841272119	0.090287118531202	0.115747812527669	0.115907567380147	0.116128566737872	0.119216053354312	0.146158831302795	0.144547858674069	0.147420930238164	0.147872379784972	0.162215162938	0.165141171275864	0.164200218713483	0.164443447072653	0.175563373093564	0.178044286758526	0.178986833536343	0.176405506611568	0.186253543503811	0.187096877982497	0.185093179013626	0.187556399500066	0.189631844970739	0.189237164446335	0.188213468112162	0.190917522470764	0.171833395051238	0.171541073827624	0.171248946111887	0.17237658500925	0.131115162631652	0.132235178420488	0.13298238198381	0.132667276964051	0.106799990689399	0.105382255047975	0.105870078377345	0.106947675885281	0.0801628808041404	0.0792191664384771	0.079146294131013	0.0814716586263695	0.0535526646509036	0.0502940794956318	0.0516651189427802	0.0504881369106845	0.0315375497368558	0.0318324869312576	0.0267714625076056	0.029858500824281	0.0209216652387156	0.0226058681598756	0.0197230017792136	0.0207494648221952	0.017040841218465	0.0146144067338943	0.0125102613175128	0.0138344907301279
2025-08-30	0.00766157464274871	0.00662201849344352	0.007588737016411	0.00712766984739677	0.00376615774014525	0.00489682267195853	0.00212290553464812	0.0062141140532481	0.00497776725948677	0.00278912837008948	0.00512173995303133	0.00711136441739242	0.00833541494671164	0.0105183413638491	0.0100531465639001	0.0100930971255392	0.0149452533592091	0.0155889535551523	0.0175642858261289	0.0169015072595097	0.0257315153999389	0.0197935197428902	0.0196954801288077	0.0197794847283632	0.0201878747404637	0.0169055167534002	0.0199203855334503	0.0209862229726858	0.0194002625213592	0.0179226979762582	0.0143082012162684	0.0183688382861142	0.0178110265657706	0.01835883348667	0.0158610160227817	0.0159691239247776	0.0135635119637456	0.0135941363502376	0.0142706800692839	0.0165716716167329	0.0140997253346068	0.0119556858199917	0.0137176073938515	0.0132269814515499	0.0112778290326922	0.00878408696407711	0.0129858465177777	0.00995223748545298	0.0113907585671317	0.0087650187679938	0.00898231634062147	0.00986190632425301	0.0141737612682973	0.0132678781040874	0.0132466882028399	0.0133116724247753	0.021686608188759	0.0214358309283226	0.0216882787666451	0.0211892821162732	0.0357029663176847	0.0364057566094952	0.0397958668897511	0.037095410183069	0.045995078871005	0.0470256231113701	0.044823912904486	0.0471553851131388	0.0530098427498681	0.0518741986166324	0.053322247799665	0.0517937108338345	0.0548019611950355	0.0567310145582781	0.0578724427275644	0.0555945815191221	0.0428647033112086	0.0462539932660442	0.0444160018470028	0.0444653015757443	0.026359843412937	0.0275462331655577	0.0276736883827838	0.0264202350387215	0.0144531869505121	0.0133548543813165	0.015439169764884	0.0147527889032874	0.00683943136849098	0.00813388740092733	0.00865963086450263	0.00836705036607906	0.00743582288536502	0.00485674448539316	0.00417183640935492	0.0025355962198869
2025-08-31	0.00435505899120813	0.00155850505098611	0.00428201537940238	0.00380442057840338	0.00424738309995383	0.00197542742300472	0.00157340899513262	0.00320378048190883	0.00249944765726558	0.00361211510647573	0.00335504498762593	0.00253339224863275	0.00320410105568153	0.00316514739629652	0.00335984945116623	0.00427090209685572	0.00386529537076242	0.00355131828144155	0.00515485664157879	0.00342852970621724	0.00621285981926438	0.00485936302241176	0.00361676821573984	0.00531100894258401	0.00918069737451155	0.00694579684229755	0.00690173769385163	0.00797176808933927	0.0162738331844263	0.0146000305999626	0.0171657324112736	0.0179604038043375	0.028762394048046	0.0302095516076505	0.0293339657487468	0.0296940885955567	0.0421036648602579	0.0434853931272399	0.0443891244636659	0.0430218175488364	0.0596678002895615	0.0592390397764439	0.0601729166472053	0.0609202432867893	0.0803825294184702	0.0804856581878356	0.0809514193473181	0.0811803930463762	0.0999970550040269	0.100745399743	0.101435616415899	0.099821928837074	0.105172261123968	0.110201596384014	0.11129170930111	0.109334433190909	0.107761471348863	0.105735400117934	0.105236158155581	0.106266970377622	0.097816886937278	0.0976294650447814	0.0976020466546818	0.0979516013632588	0.0844129027118636	0.0858443495917851	0.0898160242331236	0.0849267234632276	0.0703492273149764	0.068389245824825	0.0673766100617519	0.0678849167984467	0.0531035854322036	0.0523643761508573	0.0535367978747288	0.0529952405422103	0.0455765349115707	0.0451919837990835	0.0435534961914033	0.0436779850979424	0.0357233042776026	0.036812674199735	0.0369808133795541	0.0374832081431084	0.0295813010082207	0.0291188153216941	0.0292624459570907	0.0310374377129945	0.0261713069037059	0.0191849524464125	0.0249125794539923	0.0237311611958893	0.0202542125057869	0.0204603110136034	0.020558326564306	0.0227271499163038
2025-09-01	0.0214510702422584	0.0210054503826353	0.0206039102320019	0.0209395691431044	0.0192984243178596	0.0187800786777328	0.0203257124871227	0.0195957845172849	0.020259108232104	0.0186465980599516	0.0179666194584927	0.0181276742494517	0.0265954652809518	0.0257885165388309	0.0272629825776378	0.0263530356025795	0.0597765550800878	0.0613183567439832	0.0608146318561035	0.0610904563198255	0.0977835260166307	0.105692661879528	0.100669645982977	0.0988541661208639	0.115130966502804	0.115050207152674	0.114364259673766	0.114454566670756	0.107603564646797	0.108167493849674	0.106608751759153	0.105620189744376	0.0631988820489148	0.0628807464167045	0.0636264797831099	0.0612938917512709	0.0246777498171021	0.0233434130908521	0.0236796503786674	0.0212991867133784	0.00909004026229261	0.0094015137693412	0.0124184376004988	0.0100900083678674	0.00775671996266856	0.00771013235951059	0.00842109613848069	0.00811205153934016	0.0134979753093272	0.0122435393594612	0.0149092723972374	0.0133492129339742	0.0198056896779086	0.0206078587082335	0.0214843598180517	0.0221020917958062	0.0303381569656751	0.0280784677510751	0.0305247030702396	0.0290586722130102	0.0354763166456361	0.0392121064880803	0.0381550335771907	0.0381565432890929	0.0474863487741179	0.0485752678412154	0.0474285012226923	0.0475098821619744	0.0571940032908688	0.0589922942554884	0.0588900073210814	0.0559236951325614	0.0654288073859109	0.063727702285633	0.0646903916733315	0.0651530986551246	0.0478886369417599	0.0483817142104774	0.0461138130583584	0.0486158357894043	0.0270471587524411	0.0273537525469797	0.0275525612955566	0.0280465274050226	0.0434947282515406	0.0474182633193991	0.0461928473150017	0.0458941611140586	0.0590789222123708	0.0562642644167608	0.0574179740485055	0.0572388393223629	0.0458205600209071	0.0437934667987703	0.0460250775601077	0.0443608956202148
2025-09-02	0.0299380086471631	0.0294004946148252	0.025737390817747	0.0269241059202646	0.0186224358042288	0.0165284073218309	0.0157860977670575	0.0190630591068828	0.0163394164002961	0.0179718436216431	0.0172499653654759	0.017438774612585	0.025266312516367	0.0229465788984856	0.0238077487776116	0.0239793598075358	0.0270394750237186	0.0311770731694754	0.0283875096721359	0.0273959421346702	0.0319063560453761	0.0295472647877918	0.0312856489859943	0.0342607301808378	0.0389800808914197	0.0371731333419451	0.0370601873934096	0.0377865983732255	0.05055580630213	0.0540645577012623	0.0506896834363179	0.0486899525602898	0.0620157156351054	0.0635257347764911	0.0637306175348487	0.0637279320535547	0.0685846126512473	0.066267316327211	0.0682362526039782	0.0679118184175636	0.0796795871819433	0.0769668772019296	0.0755667344640123	0.0787868011521148	0.0928578868923833	0.0936033791155187	0.0956407974757062	0.0938979365163919	0.105924889454773	0.104453369383127	0.106776856301318	0.108844884860783	0.115998190548781	0.114248400991681	0.114696785350675	0.114056623108863	0.123618454987426	0.126190611903115	0.125329489964112	0.125861443145346	0.14130858653355	0.140463503475056	0.141880640046802	0.142347269944591	0.151707985940609	0.151369541618863	0.153039225680965	0.150883246759563	0.153059358675725	0.150569931127032	0.153319598179782	0.153051112017461	0.149927610430192	0.148989560813907	0.151513665326883	0.150569163429018	0.133498058280874	0.130428938786045	0.13102396718549	0.130049035747591	0.102436794882487	0.0988888571883315	0.101036221423019	0.101638126506162	0.0736497399404117	0.0705551385065678	0.073720229175437	0.0710748923775835	0.0522190066680997	0.0471502124971376	0.0472305394815724	0.0494002413531903	0.0315303986738452	0.0302832178233502	0.0324811413418288	0.0317052421609758
2025-09-03	0.0157996356220968	0.0215609380538751	0.020907738502894	0.0217316878211341	0.0135906475781995	0.01341972598565	0.0117941221072352	0.0141955043289153	0.00927322466888438	0.00938066736515804	0.0085366056363998	0.00880950232955778	0.0061600915675321	0.00694139688685904	0.00736860956378445	0.00552990198182441	0.00369657819217356	0.00582980249176622	0.0056174705178719	0.00485614879818832	0.00318551521739574	0.0063574913303586	0.00597470115339451	0.00248229229885114	0.00228176179289767	0.00326552373550854	0.00478060089562382	0.00567211357596997	0.0122729632903514	0.011061015597737	0.0110668482900612	0.0155991728218504	0.033219940198161	0.0322608360162819	0.0345956328285832	0.032923590956974	0.0587701615811996	0.0566716463105155	0.0588257951418301	0.0557323969664547	0.0880866197602573	0.0887109253815287	0.0865767711569138	0.0876256837013002	0.113090257110476	0.115306134953266	0.113648808249862	0.114954799686395	0.131723649775524	0.129849638999273	0.130357135187753	0.131069576037449	0.136392415062249	0.137523273631136	0.13466128452425	0.135423026782365	0.133914831745419	0.131851722870524	0.133897454568885	0.133335990815172	0.129195081071765	0.129999411110587	0.12888080431724	0.127924703500408	0.124253416645413	0.122933368888667	0.123941617731536	0.122871596734384	0.118689634329643	0.115929547923645	0.116643841663738	0.115736976082975	0.119078261039841	0.119044236835684	0.118256210318419	0.116621291806056	0.114674602071376	0.110478704782673	0.10976856848647	0.112078124659481	0.0991470281401545	0.100369839415597	0.100336343906536	0.100146788537713	0.0838518205690019	0.0849353712062475	0.0846526602038978	0.0845601480208529	0.0685317038308664	0.0651207449592429	0.0687327737961834	0.0676147774137073	0.0520348873700808	0.0523539826411127	0.0517822898062932	0.0508288401825133
2025-09-04	0.0397257804488827	0.0412685586770098	0.0393594453207881	0.0396462155533194	0.033413538485135	0.0323235352591873	0.0334073996205203	0.0308555266351574	0.0317182295469117	0.0318265480201107	0.0300817107106232	0.0323735117223544	0.0329908676369837	0.0324489435780277	0.0322913240717279	0.0352688647132608	0.037350398743862	0.0347158632827018	0.0356756060671327	0.0362581319063036	0.0389646252640562	0.0372233300409374	0.0378934446144827	0.0349186000805238	0.0364225395078604	0.0371857781978694	0.0379115128038995	0.0364801694903707	0.0409838775780514	0.0402082429548024	0.0400637727161153	0.040744106751031	0.0455951284744417	0.0449792861302071	0.0445839660144075	0.0438416193809436	0.052439008383209	0.0497385054366884	0.0518270642736573	0.0519954219064453	0.058405957018112	0.0620430596994443	0.0622630448780702	0.0622879384043735	0.0690620380761678	0.0681531275495866	0.0697994203556579	0.0689854140185878	0.0692568147093739	0.0703466375954843	0.0756340569152579	0.0707624907798839	0.0685186605143887	0.0701484139154333	0.0681824510546934	0.0711504745154845	0.0620239798134626	0.0633714277447222	0.0632373192289445	0.0643672732128708	0.0563794004415434	0.0569108902373986	0.0536289480711399	0.0560807612499181	0.049800222445361	0.0516982817506715	0.048699152849711	0.0508023429542565	0.050915326077419	0.0510691775302531	0.0537631571216209	0.0502523392707069	0.056997498360432	0.0560638334947221	0.057331203669673	0.0546074644751729	0.0400662261055067	0.0401689395971332	0.0392361615414647	0.0405286727558954	0.017848808245666	0.0148643145757449	0.016579811500198	0.015707065678391	0.0105752359381907	0.0106249792821931	0.0104701409890638	0.00932964379055234	0.0303566421140809	0.0307247516884512	0.0288256405403762	0.0310929656570916	0.0764651639262126	0.0744014704357574	0.0761931550546679	0.074940210583362
2025-09-05	0.122224615265494	0.1224514850917	0.121047478487662	0.125276421155145	0.14048746733589	0.143513791326021	0.144259972516423	0.142738768821666	0.140405536910906	0.139457188510603	0.140126632900276	0.139010641678216	0.114005300388896	0.115433445204489	0.114596914744524	0.114964339662091	0.088271922718696	0.0875362145324869	0.0874684200630401	0.088723442685777	0.0708680461599175	0.0721526731917183	0.0693967630428001	0.0705825176055641	0.0592778797333435	0.0597085509067352	0.064137637119378	0.0608759322405433	0.0539463361570433	0.0545354303074139	0.0506086089648901	0.0539096245706527	0.0476935421922475	0.045387706279717	0.0456912904320546	0.0452274610959809	0.035511239002951	0.0386491047603517	0.0351132161433099	0.0347264400933874	0.02389030919599	0.0249950566988593	0.0242892914981646	0.025825342606986	0.0161673352767287	0.0155638166735804	0.0173512182529453	0.0169176297967456	0.0149773059928352	0.0153356195163258	0.0142197446527118	0.0154673298381272	0.014164800566018	0.0145424026282975	0.0139185412076972	0.0143742555979873	0.0149292253025718	0.0144638960431903	0.0136871576442782	0.0129197210099597	0.0172246774149861	0.0167705190531892	0.0171351294079904	0.0168696741238344	0.0294780073854021	0.0284119308354139	0.0309617648497589	0.031148296929425	0.0401470577623794	0.0380064089331259	0.0388094999626921	0.0420370333418026	0.0459379171182409	0.0443566400702984	0.0443814947231081	0.0433239480883526	0.0337726877287558	0.0340806474843449	0.0332951949820435	0.0308514698048558	0.0175988816568461	0.0188451344843012	0.0188625392469116	0.0156934446119411	0.00880959587020399	0.00780447002267075	0.00692989863931624	0.00945603546780902	0.00354772736939975	0.0026924816403836	0.00598337238678025	0.0047764186034364	0.0019697030417847	0.00178182560717716	0.00197066701155093	0.00527780433948721
2025-09-06	0.0016594921175238	0.00254843203794238	0.00324444511560254	0.000547630728931288	0.000495117170064661	0.00103930240131306	0.00200391678007549	0.00146166364854679	0.00313240368356399	0.000914408095234035	0.00106349652392051	0.00288969169728146	0.00284519100206095	0.00295437344778164	0.00245625592297648	0.00274417962718094	0.00370797761569533	0.00367752663650592	0.0023677124425346	0.00424678330526416	0.00383685596041746	0.00419313894917771	0.00346767828140268	0.00450232680900216	0.00312859088750465	0.004684889565276	0.00467189043795228	0.00451462910926708	0.00408960124213027	0.000551100756514482	0.00262671155167721	0.00273258644967804	0.00773998684904242	0.0107269196204717	0.00745701181494459	0.0060760817155413	0.0163178539143584	0.0173934814818961	0.0170469302616487	0.0192417343420967	0.0272779352001163	0.0283607320084071	0.0276074904826706	0.0287538423088059	0.0373195810084652	0.0360868480869089	0.0359252642838749	0.0376683066207511	0.0416738125403961	0.0415486669638087	0.0411590329520715	0.0436184875437236	0.0427170715687707	0.0451271688993235	0.0438780821891299	0.0422776773427759	0.0429459070495603	0.038702467846655	0.0428152680162862	0.0415363570874985	0.0395101723441615	0.0404392840915016	0.0394883989344141	0.0405621446299228	0.0402999068283108	0.038031958759728	0.0367089295038883	0.039959204908073	0.0368704524097901	0.0362983899251764	0.0355393653566109	0.0382917923084226	0.0338390818055191	0.0325106384209265	0.0306276296640093	0.0330226501095451	0.0237731114828341	0.0258822807324228	0.0224786902998632	0.0228659174848799	0.0170625839824593	0.0164774127152268	0.0160279911804775	0.0154320121218364	0.0323789100047031	0.0324076565333634	0.0324514206799089	0.0317620127820246	0.042802997614747	0.0412863596472648	0.04196359924276	0.0409470434952282	0.03090398194589	0.0285732705174139	0.0297540105696388	0.0297687369670573
2025-09-07	0.0244404973543549	0.0239748144386409	0.0236558698152269	0.0229288183917773	0.0143402929864596	0.0136803863735632	0.0159431246567028	0.0150361959832744	0.00852466648659597	0.00818013017147791	0.00863151852145872	0.0076636848204674	0.00625517335304181	0.00687368900959093	0.00542187535470399	0.00944926228266326	0.0120373894963038	0.0126257073121137	0.014066163536641	0.0132707396549415	0.0193753809520599	0.0211902581561772	0.0187364472873075	0.0186979136044553	0.0153046766331218	0.0185655662511154	0.0196898765558148	0.015439880559948	0.00695106451570621	0.0072759849697985	0.0083658858958929	0.00640706461860238	0.0024842396332704	0.00580129330203787	0.00633088514138873	0.004383581923303	0.00385389363170174	0.00271198903529215	0.00613162569003472	0.0043024916429714	0.00368866669187704	0.00221356131520991	0.000942626825054951	0.0021551451678581	0.00200806765349297	0.0038044417626993	0.000181924528377229	5.56605543050245e-06	0.000637519227122491	0.000824123797989527	0.00144050803427916	0.00209784894060882	0.00559533875366282	0.00119911290316459	0.00349849171315133	0.00370705663002127	0.00985058153031236	0.0117083393442057	0.0101204376449931	0.0133206414804889	0.0161223453916444	0.016431093372137	0.0164872246752342	0.0199593365609845	0.0251533017233616	0.0260539333525675	0.0266521750087055	0.0251405899153654	0.0370355023744504	0.0364703190759298	0.0360667286980759	0.0324274498515439	0.0369076072666849	0.035754308056926	0.0357513844366004	0.0355867002397887	0.0292993684556443	0.0281630457418329	0.0290991961119898	0.0274383896905331	0.0213554771729511	0.0182023643652727	0.0206259089851554	0.0198162494766208	0.0112259009398356	0.0113924338532332	0.0107943440867899	0.0105873211201413	0.00902549946642965	0.00644366353734642	0.00260213550126954	0.0049287014949544	0.00179121673797904	0.0022671270625057	0.00325332695762011	0.00368832924189515
2025-09-08	0.00383187527931437	0.00203088983019062	0.0039206850071973	0.00121654988329771	0.010434353131322	0.00991924153242108	0.011336821657318	0.0103095836789389	0.026307922131128	0.0256567727186918	0.0265340483622894	0.0255012567878908	0.0470643168799085	0.0489660824032892	0.0477281132966351	0.0472414874201673	0.0754992117629857	0.0764622573592126	0.0772779797655142	0.0787605511122875	0.101520159938347	0.102056853133528	0.105091785689991	0.104331201238135	0.100058200430312	0.102240889673963	0.102772141105321	0.101928768790404	0.089583374133538	0.0872927171742632	0.0880708095444977	0.0880530991477011	0.0746323925986724	0.0772021158793536	0.0739093752927508	0.0762561162292232	0.0613385139509576	0.0614561261660201	0.060516931420296	0.0616884284627262	0.0496179361931271	0.0496790092753251	0.0473817488773509	0.0483213056541969	0.0358365428620329	0.037752733377322	0.0351929686852373	0.0372177550754078	0.0257875465930404	0.0236183440663087	0.0270347148436965	0.0245593944969544	0.0170424954521861	0.0161927414472735	0.017057363164779	0.0177073999357614	0.0100443851542248	0.0107930887768786	0.0119651678166251	0.0131973582522715	0.0100702592529199	0.0107108567112723	0.00906638657624567	0.00915249745956215	0.0113899488525137	0.0110755077664406	0.012410358459294	0.0121241849217517	0.0156897232405139	0.0164422491336596	0.0173359513041867	0.0165320763216397	0.0231610306488414	0.0236411157737723	0.0224889307344132	0.0237089228429732	0.027913741557112	0.0268815770976271	0.0295803745447271	0.0286243068005339	0.0335510293092741	0.0315936342973612	0.0324800679623161	0.0303752684310486	0.0316693547400013	0.032002434502983	0.0298916345315005	0.0304365762255152	0.0314396309367401	0.0299086010547814	0.030637248867152	0.0310145191413265	0.033245875627449	0.0348120973602532	0.0350592514911532	0.0338827755211446
2025-09-09	0.0412136725947994	0.0429376061378898	0.0398419483601326	0.0410067729071782	0.051230894765521	0.0504574366907984	0.0499174910007324	0.0503941775429483	0.0538372143385056	0.0599753096293458	0.0556342010581433	0.0555532749740053	0.0563947408240231	0.0567673629130997	0.0569257357356888	0.0539121605271885	0.0543637324422111	0.0562660814711274	0.0516222004321349	0.0557479856545266	0.0581758370746634	0.0581895354464042	0.0562380956006189	0.0583965318783134	0.0646065981663645	0.0706409188379409	0.0658464232523817	0.0659060597433129	0.0890922671425447	0.0890922384137797	0.0883433086942447	0.0854721857494309	0.116374258972893	0.117949151353434	0.117162547841759	0.116514041831914	0.130430897397965	0.131361385570052	0.127195490800526	0.130012226231457	0.114775225176515	0.114961876538414	0.114705074535478	0.114557823749594	0.0907535124888054	0.0903499824686175	0.0882273734838521	0.088669131558725	0.0669240250164971	0.0686008126281263	0.0690703341921109	0.0694048281632658	0.0557380508891336	0.0580379711719357	0.0556252463585366	0.055598731580394	0.0453537392617626	0.0467567700946486	0.0425846555916794	0.0453048350519094	0.0383345563211463	0.0370309480891754	0.03678430663849	0.0398501889511882	0.0322026533713474	0.030756799586003	0.031210144574033	0.0328304024686166	0.0283090843311055	0.0295185372195103	0.0276066688608423	0.0265657095885419	0.0216173153936099	0.0226786060508559	0.026545740191003	0.0231583383645312	0.0182953897228287	0.0185897410227787	0.0183917526536624	0.0187231166007301	0.0139526623466196	0.0136794016761893	0.014229304557471	0.0141386314197201	0.0101079582745815	0.00929777105663719	0.00908257326862867	0.00851169740015263	0.00398811775741572	0.0074676367322362	0.00692986045047194	0.00761438505987614	0.0066372760511191	0.00515734767632526	0.00467567581312336	0.00852970045943228
2025-09-10	0.00695689249134425	0.00903550949220596	0.00646418429108104	0.00654341372536876	0.00972206096388016	0.0110006031660741	0.00992072260862124	0.0113566132614245	0.0153750352460455	0.0141290951041183	0.0159675232604638	0.0145283463893724	0.0198521726907379	0.0249927048611587	0.0227530791284107	0.0224020433196927	0.0339569883962644	0.0327408814965181	0.0343420334628679	0.0339600966443495	0.0429353886897259	0.0422751040224166	0.0440372329540345	0.0427522743338229	0.0465383498212483	0.0509083369018222	0.0488605469127938	0.0476927663641357	0.0507935110136619	0.0492381674015091	0.0502477905556258	0.0497205310292032	0.0662381767193146	0.0657694233774882	0.0645788643514428	0.0664135355517544	0.0923463976279344	0.0930789163063286	0.0924966593577122	0.0910780267080248	0.113023539486904	0.114673105434529	0.112118308168874	0.114185046909693	0.138945127201466	0.138048284711628	0.135696408005599	0.137310180081306	0.164260744182287	0.160089048122189	0.164092456779768	0.162557750915755	0.179415604764731	0.179999769920879	0.178672572146159	0.181912053168232	0.190154874689136	0.190519548395924	0.190821810822618	0.191503766092322	0.198517040013258	0.196554631385294	0.199598355395003	0.196329973206445	0.200316292921155	0.197321877891526	0.197722333189168	0.197639495998151	0.189420855457743	0.19075033589233	0.19199861655258	0.190830192097346	0.181626949262257	0.180188901115587	0.181024703030728	0.182159446591427	0.16010098922431	0.157487624749597	0.157516768527457	0.159894617498636	0.126206431623044	0.124898602548748	0.126694040442919	0.125200925385288	0.0861654376273796	0.0821104767736519	0.0813818169037494	0.0833422686952192	0.0481138908923414	0.0521436611808227	0.0473828048986517	0.0483596430281843	0.0298779425298823	0.0292057785654153	0.0264269483115581	0.0274893305931443
2025-09-11	0.0185375194186933	0.0240751143232639	0.0197378438449944	0.0196495224130484	0.0193396492936387	0.0173530793076073	0.0206060247178086	0.0197012466809454	0.0186893771290504	0.0198976475501356	0.020589180027135	0.016823795293679	0.020432386342752	0.0203406776135211	0.0274021175023982	0.0208248185413287	0.0269241710394805	0.0264467669162182	0.0278428086175287	0.0257862534267726	0.0314307419023735	0.033096639758224	0.028852966285789	0.0306196520536134	0.0364607986018817	0.034155905261245	0.032674400514563	0.0337088956223103	0.0337051345360921	0.0347396198049404	0.0343668788348593	0.0351883668241082	0.0396720338560284	0.0407525280832722	0.0405745830012563	0.0410008550594432	0.046314765063916	0.0437335037409949	0.0432575713242015	0.0456941598708877	0.0469349132542868	0.04615258441392	0.0467510542896283	0.0441614480421648	0.0441471878198513	0.043910670948541	0.0411854076202088	0.0437567336113989	0.0371019750175281	0.0386111745527388	0.0372069705661646	0.0390798798635685	0.0309535194056924	0.0328913940656725	0.0328482894801129	0.0323067970485223	0.0236796480789982	0.0251512987695764	0.0282625390121456	0.0239065141392798	0.0208231066567457	0.021715367932182	0.0187151903157493	0.0217463350953229	0.0255644288148025	0.0234919449904221	0.02640949642338	0.0265341297713954	0.0397876000313273	0.0420261209416876	0.0397805480319684	0.0404057309950167	0.0551590849981758	0.0572550013991495	0.0541904088175624	0.0533955047851123	0.057172050970321	0.0580381246597628	0.057946153107864	0.0578436712620522	0.0532864549818074	0.0492975580660171	0.0510446875787146	0.0513712993734609	0.0362403140669885	0.0397165412742114	0.0392510197034749	0.0407921249553252	0.0265449994435225	0.0251645270128721	0.0280602321291332	0.0242302414144722	0.0147710097864412	0.0193968299600217	0.0165719934027021	0.0162601668508351
2025-09-12	0.0128110399595358	0.0128594109554327	0.01231507373149	0.0100144753535414	0.0123918212456551	0.011484083748879	0.00900523068889571	0.0111188643165701	0.00950992046752157	0.0107333689727937	0.0105144114939172	0.0122422990657675	0.00924337861043541	0.00625730621475729	0.0090983656057505	0.00940094956905681	0.00387584992381086	0.00430750100044464	0.00460685208973604	0.00620979698600845	0.00324324392158738	0.00378800475082879	0.00304173447316979	0.00292701685441404	0.0051257545216034	0.00475419720941127	0.00509022641280045	0.00602982185618487	0.0115972658340585	0.0103560533902354	0.00811273786636336	0.00693394290934279	0.0139143680339264	0.0142860675408244	0.0135981370223501	0.0142014274028991	0.018717142875271	0.0195406198727979	0.0226372785635086	0.0181049586884225	0.0274999322616484	0.0254789692763425	0.0253609762409635	0.0236601222210456	0.0301405084648564	0.0284038677086059	0.0317725613330864	0.0306830624934513	0.0347462592805767	0.0333147665647903	0.0342061537729975	0.0287328203816355	0.030159102233079	0.0331608706827201	0.0305645659535115	0.0321154611306894	0.0262545672069208	0.0262539193775072	0.0264501218244246	0.0270413915911474	0.0208182562969232	0.0215194715577246	0.0214064644662344	0.0192558076791178	0.0160390186819064	0.0236260555360481	0.0218669779318179	0.0224679478502277	0.0283887705559416	0.0317664413343769	0.0318909733265058	0.0299538147831757	0.0396179740479984	0.0415092217153303	0.0396420444478953	0.0422307597887759	0.0473988775541928	0.0455341310645577	0.0465376396104454	0.0465293517708041	0.0525353483005863	0.0514972145932837	0.0518589839119967	0.0511084531941332	0.047500537119938	0.04919140502897	0.0507723540982651	0.0485357037528269	0.0408607791855797	0.0419860139062614	0.0392919563326826	0.0398612505754763	0.0348777461720443	0.0309585208807289	0.0315175480666974	0.0316461848805293
2025-09-13	0.027300843551762	0.025988920067027	0.025222606227724	0.025487630153487	0.0233445169171743	0.0242271358939274	0.0232516049825451	0.0231767422063532	0.0224146179509021	0.023413329249493	0.0225102418892602	0.0246618109103447	0.0251717024111038	0.0248243412474716	0.0242215113871823	0.0237824449542424	0.0283573955694078	0.0317449841433312	0.0287443753274893	0.0261532449597716	0.0359089954332127	0.0309763994572873	0.0350841801120221	0.0340304249974779	0.0381888752497504	0.0397923399860476	0.0388322929205606	0.0371864918436414	0.0489688599901265	0.0502246071166538	0.0494995155663992	0.0493070173268205	0.0627387287145169	0.0628582701092236	0.0602836597068519	0.0631193414694076	0.0687870900638172	0.0670298780716809	0.0681006115593318	0.0690824203051702	0.0632922143775639	0.0625793441437508	0.0637737905731547	0.0633546509055306	0.050403995409598	0.0506564860070403	0.047965821700695	0.0529736968826667	0.0348915656797328	0.0344355157557345	0.0406269511922745	0.0330459673722582	0.0268495337444194	0.0246918076246801	0.0246949934430709	0.0247636651878295	0.0196030261264504	0.0197567090562773	0.0195412346701187	0.0200990301471536	0.0166552502867348	0.0177618960105316	0.0155073718705537	0.0170754818321799	0.0128572405149893	0.0122346938478321	0.00943821418449752	0.012469851452681	0.00840372841431247	0.00493147208567211	0.00521991156949386	0.00644488793052155	0.00490589452677262	0.00492082504228961	0.00124587128233288	0.0029274091486049	0.00346633512698401	0.00252466095021348	0.00144484961369148	0.00156415430911102	0.000728255556498317	0.00225228056737888	0.00331392069556146	0.00470554318056134	0.00392600129904176	0.00295681815598832	0.00317657891324387	0.00494060163172605	0.00723555516420069	0.00527328109024891	0.00624928615707749	0.00624187758847291	0.0146377678236042	0.0131119661347388	0.0123677337046818	0.0128825323369752
2025-09-14	0.021372542099122	0.0222310206822129	0.0227510771233508	0.0216453600953143	0.0302098163109445	0.0300476396355104	0.0343494808983162	0.030393063155229	0.0405746817643462	0.0388260014723602	0.0418717976893945	0.0407275190738991	0.0474638760272908	0.0456100583287946	0.0441959604119639	0.0467301052319506	0.04472338175584	0.042111180106698	0.0430637488163924	0.0421016893210696	0.0331249584204025	0.0341853832479181	0.0328354974868902	0.0348541608447893	0.026830656444274	0.0268494748155079	0.0215003916432009	0.0248194770970172	0.0142864660945698	0.0153075776543688	0.0165853063252024	0.013820649925859	0.0110850678280805	0.0121925192169044	0.0133646782725791	0.0113577346824361	0.00844807121312202	0.010595695260449	0.00925014949420828	0.00970608403222066	0.0089166407801969	0.00846999546022206	0.00512239706664326	0.00949096669293779	0.00864938679985957	0.00936462068030908	0.0085952789507907	0.00839071356904065	0.0105031703827106	0.0103078222153527	0.0118595529889996	0.0143294544129371	0.018257326254562	0.0162086854583141	0.0169288196819423	0.0196051686051815	0.0263270124237618	0.0246977238275903	0.0264365229193523	0.0275387408292957	0.0328809154800718	0.0325518400622814	0.0328660825771742	0.0347011618804726	0.0408925380428883	0.0409607989490185	0.0430124792524425	0.0421341837556508	0.04788404739408	0.0517705203307709	0.0530956906072625	0.0532497416678866	0.0508381171166403	0.0494617516940591	0.0500407934889566	0.051659337700344	0.0366489109725866	0.0321049891584292	0.0347316125237305	0.0345144873452536	0.0181915708436215	0.0208883668815135	0.0198582554368808	0.0190618068379842	0.0100295027811591	0.00993443256910777	0.0091888286962514	0.00984723595348176	0.00516177529937789	0.00464647092968302	0.00466053586065247	0.00653121791028663	0.00455063469403207	0.00286138601195515	0.00407771270167012	0.00351026659234265
2025-09-15	0.00220115957057876	0.00676641040479209	0.00217550726690761	0.00185692275772153	0.00340120223440448	0.00277421187742047	0.00493473554373393	0.00488985034444111	0.00594168493366773	0.00474627656463864	0.00392642413681061	0.00638561436488302	0.0080079190862854	0.00636219191672052	0.00742827813478609	0.00820161086220798	0.0101423052602668	0.0109553763090653	0.00796720089635517	0.0109351175343127	0.0130140419771869	0.0110019767216112	0.0118161009447935	0.0131678803564084	0.0126158970858779	0.0128256994925585	0.0136466721582151	0.0159117312633486	0.0153686322366586	0.0160581285237193	0.0141224553272529	0.0134507839123693	0.0211255351669928	0.0220571654742761	0.0201762133073535	0.0196410860513775	0.0265010937810528	0.0251913003815333	0.0277012811797964	0.0276063246576175	0.037585552351462	0.0305856962014783	0.0313267052211058	0.032502046225954	0.0403005902389407	0.0388830299198708	0.0364291056279084	0.03938727421328	0.0455620666915331	0.0450406647775127	0.0436929978438641	0.0437042706870901	0.0479218897724994	0.049029295396568	0.0459297294318648	0.0491190853990678	0.0529469215918535	0.0479041391571392	0.0504974813087243	0.048651457942283	0.0531877483815754	0.0537931521321013	0.0528290855295135	0.0521900139568098	0.0590413414333562	0.0612138136888832	0.0604985306326269	0.0572463142451336	0.0692478715724911	0.0681806824211049	0.0675311063999589	0.0670403396064451	0.070994357390035	0.0715465434411019	0.06778804868419	0.0696710504846731	0.049712272088701	0.0504965619675397	0.0525245986955417	0.0532665672482176	0.0278453146331594	0.0253957688297006	0.0248839365782758	0.0268749799588641	0.00721759441722549	0.00741368524587309	0.00658597321762429	0.00678274711927714	0.00221533777597471	0.000536830148838351	0.000566942789197708	0.000680889285989234	0.00403543219943038	0.0063579937494801	0.000352683386340317	0.00325389066474921
2025-09-16	0.0106991910877776	0.00989599860374411	0.00786407024090101	0.00954074006757731	0.0252459307037423	0.0242310061316859	0.0207938856053453	0.0247291775592265	0.0478336849443338	0.0497358414390828	0.047191108025681	0.0482393655909024	0.0702644788695404	0.0703669892520044	0.0693574766111377	0.0710110552673175	0.0820893657038924	0.0810383431742646	0.0805333009271708	0.0813389901946722	0.0884199284520498	0.0880644086860823	0.0901449603005454	0.0883707025613225	0.0867249328400426	0.0843884584115388	0.0882473522326635	0.0876392565157551	0.0752591731779067	0.0739278035791764	0.0697501323122368	0.0750628909306801	0.055999179845967	0.0590615312784426	0.0591608493025303	0.0587784395730602	0.0436771702793633	0.0435444477123109	0.0458858326918186	0.0438925493165072	0.0269960972911987	0.0266295616850942	0.0256430584127938	0.0257312826109134	0.0163120797185918	0.0132690763736419	0.0130887238616043	0.012330120046162	0.0166313354166081	0.0155567893705179	0.0174973563427962	0.0163145188700778	0.0272189677857578	0.0271145897937047	0.0269161414596545	0.026750300960883	0.0285358223172752	0.028170667877782	0.027010593656245	0.0272829161486978	0.0233199707600631	0.0206711295694021	0.022144406092134	0.0198644935784008	0.0226673980647325	0.0234171237014286	0.0220526856476743	0.0208627925861645	0.0352530739534579	0.0341507847057912	0.0349469756476323	0.0326491656931186	0.0404030411464689	0.0413834435850967	0.0395058251022223	0.0417076901662121	0.0360082225217249	0.0344587934052274	0.0338967794659541	0.0346362046070936	0.0250001479977846	0.0266620254892017	0.0254710724191761	0.0258667540938375	0.00985058896869927	0.0148134392489407	0.0164234150760039	0.0149125567063562	0.00575426596582135	0.00519832258111114	0.00667886406866274	0.0103685473844048	0.00467264863630198	0.00417814223809427	0.0035362711050828	0.00561293802052094
2025-09-17	0.00325597153096606	0.00372672591592145	0.00429254385819081	0.00372475869492169	0.00295585366034518	0.00508366561321288	0.00267721417399348	0.00328326655244847	0.00285236869284094	0.00660594746579721	0.00332744860485839	0.00221423523650346	0.00339001474612416	0.00462064426520367	0.00534098321557572	0.00464835777309644	0.00534252835917158	0.00844128687592878	0.0029982203416378	0.00721796442326185	0.00587563496274183	0.00877036031411287	0.00747021876510775	0.00488378595803754	0.00532733284760481	0.00460571119588961	0.00721891003882678	0.00684804591767879	0.00176493200030507	0.00635643946097595	0.00463327067216091	0.00524535786655807	0.0045377511836415	0.00497132710934588	0.00643113890330738	0.00605978280370524	0.00881988505912515	0.00585689575237133	0.00584919708149747	0.00447402210700606	0.00643985214589102	0.00642498080053719	0.00711614785376483	0.00501901919980697	0.00650207184421575	0.00434579830153581	0.00428905989335395	0.00386306996089449	0.00806781828850871	0.00561014374269668	0.00764329066017215	0.00867874730862246	0.0145518893154286	0.0146532408471889	0.015657272379682	0.0141375974577005	0.0181474346607336	0.0196652619313084	0.0195615334004403	0.0196257700075176	0.0212677828477315	0.0208415364282375	0.0225341280739872	0.0223565526500438	0.026783524374395	0.028541310661309	0.0269565484678053	0.0267186164964907	0.0370515216789851	0.0381597769454538	0.0398339159252212	0.0369547854503399	0.0412058308736161	0.0392788374916506	0.040396995805879	0.0431183358288542	0.0294368600174128	0.0323541534840063	0.0334812413403493	0.0327277451582316	0.0259667091840855	0.0226930404592301	0.020677550172767	0.0236627001839174	0.0180386285930473	0.0177397882526306	0.0180494434548553	0.0181721396994668	0.0167498305635626	0.0176301622383518	0.0166805080096372	0.0129394991884484	0.0147107720777616	0.0160562626827169	0.013841528849032	0.0143914363904895
2025-09-18	0.0151414950796341	0.0138908111376535	0.0110178938620382	0.0139497999206743	0.0103006314681648	0.0109748497713299	0.0107361798671988	0.0129883388933065	0.00891248003849787	0.0065269936418065	0.0092253960296497	0.00733513029004593	0.00455831468678308	0.0048845584586599	0.00604955913157376	0.00650756772298326	0.00438003985986558	0.00381914056673493	0.0055788657531388	0.00922195382026068	0.00653503619391111	0.0085799756958709	0.00593581853000181	0.00694916958021619	0.00995768848703562	0.00751859956240204	0.00713042134978431	0.00839329060077804	0.0057007516065388	0.00464791084158258	0.00675159877660421	0.00389973877527441	0.0056102610434374	0.00614272098407629	0.00296181271670341	0.0032852052557829	0.00725138363217713	0.00582778862019974	0.00551688203249739	0.00640394571512574	0.00901032966912227	0.00843913775019278	0.00974927976469498	0.00780125281598997	0.0132100905880314	0.0114207131519962	0.0111254579010537	0.0112437383589187	0.0161616243074382	0.0139911248895075	0.0139446399430924	0.0139026108599619	0.0150537973117601	0.0145195783682376	0.0140866959770295	0.0143399283429728	0.0175131313513703	0.0143649337325168	0.0134993668718726	0.0126225680442402	0.0149809805913191	0.0162270945012515	0.0155750876277516	0.0152168372796778	0.0150434964859632	0.0186569145873396	0.0184621771700817	0.0178374117566154	0.0195495178478719	0.0197395777517056	0.0201796576768115	0.0215312467236111	0.0163939889641254	0.0203260982014614	0.0188555857284615	0.0184243271059517	0.0114091618488202	0.012908476996239	0.0125455921159015	0.0141367690390393	0.00696852699409179	0.00826846364281736	0.0084599313000414	0.00930307806304945	0.00601718170365192	0.00613824390132878	0.00264629201242568	0.00519828238259362	0.00188466802285084	0.0033345751140872	0.0033424861466467	0.00343827071641526	0.00216799420623308	0.00141948348542401	0.00172541623689091	0.000687106071451996
2025-09-19	0.00102542798729427	0.00155452831123459	7.75859123677888e-05	0.00134245778910335	0.000204861665324992	0.00111373111907141	0.00223693156739912	0.000444475648204472	0.000363950519636185	0.000973626117692482	0.00225791139612307	0.000404511966548259	0.00181546510234274	0.00256293465267161	0.0022346737388305	0.000386926506155146	0.006262381126746	0.00321852923145242	0.00263797878106983	0.00388111086073175	0.00699293517293263	0.00703790759808114	0.00602073909431007	0.00594841813467617	0.00733183396568014	0.00828925818919327	0.00988242167625329	0.0094964861688733	0.0108173734123696	0.0109022640343729	0.0106823236461492	0.00859803890710836	0.0146751973092025	0.0128850275133344	0.0124642423370856	0.0129755328403774	0.0138196255691732	0.016091252194743	0.0152698385246844	0.0158192837113993	0.0161810072427213	0.016090549925839	0.0144340179104926	0.015294424920947	0.0156526891557118	0.0164541813523692	0.0164035253747302	0.0164896041171889	0.0175309302871742	0.0186664869353154	0.0196100665250918	0.0191925162524186	0.0234612405310773	0.0204181228585525	0.0217878212467594	0.0223328153636107	0.0243862344379108	0.0253057190311168	0.0289478687740875	0.025360177756885	0.028813971900159	0.0340799230139754	0.0293950382810967	0.0317110668047689	0.0367824092161227	0.0371640053467555	0.0335121532453062	0.0385414321918156	0.0421056221541322	0.0432907462837089	0.0420111892560652	0.0415924423060937	0.0452741593502118	0.0456452977896257	0.0440179109603676	0.0440626318997948	0.0430298960624734	0.043960038157486	0.0424544592836269	0.0425556064964138	0.0430822150223957	0.0438913107851352	0.0439579930151062	0.0420684811773628	0.036848478819753	0.0390975239315661	0.0390837496627268	0.038970247585954	0.0293727718702626	0.0269936074941589	0.0283963381530384	0.0282372824825401	0.020783264447558	0.0215683755744529	0.0200166345247487	0.0216317254532405
2025-09-20	0.0155749945946043	0.0144815219304303	0.0161451225834599	0.0147983608915055	0.0107984083659792	0.0128587552830339	0.0106993977513297	0.0116434385996572	0.00935624493723236	0.0110006679869117	0.0117802985909628	0.0118627884848931	0.0121951286568177	0.0110134000657212	0.014070607008909	0.013720864268552	0.0153193944069364	0.0170197840970148	0.0143908401061421	0.0152699813899067	0.0181099759560937	0.0179202299819243	0.01997773658416	0.017992057477822	0.0189758387785662	0.0220689972262721	0.0195543884261381	0.0224007755690236	0.0229642206934028	0.0256983191675817	0.0210925760307888	0.0222448841082267	0.0246168860585469	0.0250764604586877	0.0254698245024671	0.0258368289802983	0.0264501557531965	0.0248899453028508	0.0269256112482223	0.0257342876957305	0.0295587750921906	0.028319465448744	0.0253172347365492	0.0288045247225162	0.0306223632105115	0.0307931275570037	0.0302653532669978	0.031319155965487	0.0327831544525518	0.0341405250417934	0.0345339237700481	0.0345423967356068	0.0358761463516127	0.0368198587483668	0.0359542265902687	0.0373497683097518	0.0365291507995136	0.0364867008547081	0.0356953249199484	0.0362888234258298	0.0330772440723431	0.0335538046307826	0.0344394156651247	0.0349295356317496	0.0334380234562611	0.0314301069688611	0.0308020793255327	0.0283297902493451	0.0241171632899714	0.0287732438474801	0.0291974489697198	0.0299121438928287	0.0233778957167673	0.0262473378748549	0.0244655950157775	0.0249091713926003	0.0176238243952232	0.017766693569198	0.0194866817738921	0.0191228002616867	0.0148138317885984	0.0134884560783632	0.0146464187721161	0.0130512933609223	0.0100743488436448	0.0124234067771513	0.0109279415306758	0.0115743028485282	0.0108524444872462	0.00977916631692553	0.0104685600399642	0.0108998291558641	0.0127582089706571	0.0107713555858521	0.0115357431416226	0.0129346923018683
2025-09-21	0.0147003277545992	0.0146721299725739	0.0161742826414721	0.0124532596313548	0.01735659294992	0.0129203389711898	0.0157959737272198	0.0149270943516705	0.0135454202864135	0.0145536231347731	0.0127928114622661	0.0131081451165473	0.00956427825508253	0.0090318980770372	0.00872290640839019	0.0106809172594901	0.00664854090967969	0.00786409622870779	0.00559550215490651	0.00589186070670601	0.00559312497611042	0.00441820193917943	0.00514835497190172	0.00484031811280843	0.00499778344124463	0.00479651713886972	0.00532633427669876	0.00487936514318689	0.00696977205403904	0.00329037372999407	0.00791770195253137	0.00782215226343552	0.00830203748704685	0.0103444304243091	0.0106154011396805	0.00773813094896349	0.014032248001933	0.0138101382472646	0.0135952252906441	0.0135623884601583	0.0177112757991078	0.0148417202704747	0.0186378481696167	0.0198091557608008	0.0183010092330765	0.0172800564264124	0.0180993986410244	0.0193195356994867	0.015911873825346	0.014599629912634	0.0148876802728495	0.0146008159891705	0.0131360976669442	0.0133330868095131	0.0142425666779354	0.0122882488456073	0.0116403672240571	0.0111331089197605	0.0128735247952277	0.0113529990609547	0.00964644885491642	0.0101380303959317	0.00962204608299859	0.00959347466615332	0.00584017662528189	0.0074696147617238	0.00603320064074741	0.0066570079722469	0.00230197227204879	0.00378028023720433	0.00462250029438542	0.00129524719636147	0.00223424474513335	0.00120373919542044	0.00188884107493449	0.00267317498451172	0.00436546208714076	0.00683991559886611	0.0085239259280213	0.00427069638597183	0.0201975537560425	0.0198234600436114	0.0190732633004985	0.0229057228998476	0.0370028509496257	0.0385227948219432	0.0370417294598228	0.0384326247686083	0.0460792484189703	0.0476091981274534	0.0475290238441238	0.0467825296094525	0.0520937125045818	0.0514207074219182	0.0509850076516505	0.0505005724218494
2025-09-22	0.0503643860018645	0.0521401155155633	0.0509722128152035	0.0475232856673687	0.0441583672422098	0.0459917235653353	0.0473853948779159	0.0444645143145389	0.0401380363435354	0.0445754300157835	0.0425459067479186	0.0437406268927625	0.0414613013784042	0.0425120460711105	0.0433511114419309	0.0406755411085544	0.0326300997568908	0.0341143768760851	0.0352942690982892	0.0329612542687349	0.0348717774550972	0.0369164015354282	0.0398690738400366	0.035342747169438	0.0389586294733589	0.0414236307495603	0.0437602169318568	0.039857522845224	0.036164769150251	0.0331535468775381	0.035563141100338	0.035118542871873	0.0311460201326874	0.0281564834447966	0.0328094376987766	0.0298880587237393	0.0252933668010509	0.0288860745294164	0.028713940420198	0.0291066182493346	0.0206403812335515	0.0211083120833437	0.0205122961126552	0.0207390105704496	0.015789606959881	0.016265153383598	0.0161782587015305	0.0147669809549905	0.0158229361527012	0.0164477350674332	0.0153084204251407	0.0154209083547249	0.0187550648602308	0.0176677283707353	0.0204487589966462	0.0191284477723877	0.0251755050599367	0.0257107401914143	0.0240333098294598	0.0240804449191893	0.0293533938454009	0.0283660639155166	0.029061554515821	0.0322189877232615	0.031501583900563	0.0323392846183805	0.0317036281248184	0.0314555033562382	0.0333450675836688	0.0328845269684744	0.0324967344912738	0.031273670956583	0.0268546705598901	0.028379245257623	0.0254778611272365	0.0272882230552504	0.0213852525994028	0.0200026977933025	0.0177409335163243	0.0178711160909704	0.0131474159036492	0.0138416830764326	0.0121809193584941	0.011829981661424	0.0094728646232138	0.00952217592114924	0.00831174565375094	0.00969321380188602	0.00960831260590552	0.00780619736588082	0.00766869745643265	0.005916792571781	0.0104465825177747	0.00736101402252827	0.00526302580771194	0.00692937765198504
2025-09-23	0.00938337395902988	0.00818861854381968	0.00904015363445733	0.00838785386269312	0.0109336994798313	0.00833772968536619	0.00951811225794849	0.011210458576854	0.0107153572276441	0.0123185803701084	0.0104960082281057	0.00947005417414181	0.012836494553802	0.0112594979250057	0.0111730166290864	0.011730990892106	0.0132053894753869	0.0159347835325014	0.0133799612484128	0.0124798657436989	0.0150160242443302	0.0147661815147173	0.0164149204093328	0.0218028738316196	0.0231833330117658	0.0239451654125099	0.0255297745586408	0.0223417270170835	0.0250570763221327	0.0248714698171026	0.0260949013802604	0.0259765524805042	0.0254427413951383	0.0255937878749002	0.0260520193017853	0.0249114514281761	0.0262347366662194	0.0276541899550517	0.0253689336478724	0.0257421397308565	0.0266032822527597	0.0283746151445572	0.0256403981426277	0.0263817044600553	0.02718281436083	0.0294775774777618	0.0274872714807195	0.0268523366806886	0.0296369431592256	0.0340089463183681	0.0312757846710139	0.0310783258513925	0.0369083843558509	0.0371337452421381	0.0361847367730637	0.0357731336289473	0.0386189183026296	0.0408556036190325	0.0399432508327457	0.0385822272455922	0.040927919695704	0.0408495582728579	0.0411589803568282	0.04206354167461	0.0473561205894397	0.0478806569480707	0.0500835982721132	0.0466796241903765	0.0691654600271375	0.0692034697108928	0.0680844698516267	0.070546600410343	0.0940639408836018	0.0936284207838412	0.092495719253702	0.092811919078855	0.105893346794822	0.105743007389903	0.110034295751079	0.107329350064196	0.114716632793676	0.116537618643052	0.117101911713476	0.114643836849796	0.110332804003187	0.110090291374201	0.113223410662569	0.110353493960043	0.0973720858043835	0.0972493013427915	0.0996743755760376	0.0987042372767873	0.0851767890697997	0.0874932928674118	0.0866217090139179	0.0877082090488706
2025-09-24	0.0743757077761789	0.0738884677730385	0.0770318801608625	0.0717039442899201	0.061516405002075	0.0608154081532626	0.0575906648814149	0.0610775219632475	0.0467055591530227	0.0457785221523065	0.0466970497484789	0.0468188689461919	0.0377217483319662	0.0348838281346575	0.0380967619604748	0.0372976615729015	0.0355500606934528	0.0364882070436958	0.037718868625633	0.0342428636372185	0.0307260422559819	0.0309711904072203	0.033409261597821	0.0318935057389768	0.0245953103219302	0.0224164159621498	0.0226059994059849	0.0243822743099351	0.00786792547089906	0.0104048795006692	0.0123182621796	0.0104089328488318	0.00234039911502024	0.00128081027583032	0.00183475380652005	0.00254403680262938	0.00244745717595976	0.00285122473884333	0.00143851039950925	0.00226280768568766	0.00219878990114726	0.00459609911731051	0.00143131375818441	0.00577379722335782	0.00540853845372916	0.00342329638148652	0.00385762165997761	0.00531054350480672	0.00569436477085891	0.00546570237543056	0.0070673205634274	0.00877261229028313	0.010853152356586	0.0123028841166978	0.0101919531375533	0.00965201038916291	0.0179153551198991	0.0184069193894301	0.0179474345234519	0.0177302909672188	0.0268945732765517	0.0251503929624816	0.027244359147738	0.0237106746132286	0.0364618684772004	0.0369352898700542	0.0378393241739753	0.0327635174787701	0.0542002708088272	0.0502299134276329	0.0534112957300945	0.0521585200334454	0.0620463782210031	0.0610665972667406	0.0628457259378314	0.0620412985744248	0.0615693054251799	0.0642613956273499	0.0607485949605397	0.0634207039869305	0.0646278373605498	0.0654054369899499	0.0646124867759302	0.0623542388735702	0.0664525186100261	0.0647368486850963	0.0644856024553722	0.0653250302495054	0.0664361031181139	0.0649769599164089	0.0653155562741823	0.0662713806912949	0.0648548302400293	0.0649906406472067	0.0684742379057839	0.0666802912069802
2025-09-25	0.0639718779736767	0.0633176041397505	0.0636285152750496	0.0640820026115232	0.0569699796674273	0.0557927683755581	0.0598968714906686	0.059340380466346	0.0479674107192799	0.048576790387636	0.0484896070937555	0.0489661917993286	0.0370500999193253	0.0355772421777894	0.0403955597360434	0.0379770981668419	0.0279075711952283	0.0283999270978282	0.0273778257162673	0.0273146759906762	0.0161767880358678	0.0195174439478	0.0200576326555656	0.0212481353607666	0.0133862513735573	0.013572246551802	0.0149660905172055	0.0120754115574352	0.0151146603494144	0.0171108781080111	0.0164466412239935	0.0143278203185811	0.0201346399662476	0.019999896962848	0.0210382196170671	0.0188272434538372	0.0243463240052126	0.0265725409855824	0.0249984260509631	0.0290827089582419	0.0355771458573003	0.0329876620066955	0.0338982413125771	0.0325369508234272	0.037919752703889	0.0373523260810133	0.0400653782050053	0.0386625430100925	0.0388100932631734	0.0384420012494194	0.037269709678483	0.0384781958089243	0.0350367528073889	0.0362387677738376	0.0356454170574223	0.0380790623613511	0.0389063354522808	0.0353132446524592	0.0345970072242319	0.0371834126710281	0.0376830105296064	0.0398081154625492	0.0354888935014128	0.0360199805064315	0.0461007361008818	0.0465453490836543	0.0455753647206167	0.0457785500948472	0.0562079883473164	0.0568528334786434	0.0566406626677264	0.0592985155063138	0.0619861794838081	0.0569687055522986	0.0626058063870282	0.0614393085768651	0.0574444744782241	0.0564227206910189	0.0561151719630608	0.0570176328676962	0.049081891142022	0.051939189135857	0.0482351772169768	0.0487437425051442	0.0401013282861128	0.0398321497478375	0.0398442008094873	0.0392223211565624	0.0287215935206047	0.0305689262837669	0.0323676638559527	0.0313418163396757	0.0263256555214422	0.0261875149781223	0.0245381431988646	0.021948686301571
2025-09-26	0.0185198995761093	0.019982462972885	0.0182781326614805	0.0202195047895251	0.0142345116343843	0.0109529216145921	0.0113995627523159	0.0144130039987078	0.00880737886689398	0.00695922236493414	0.00692459227895255	0.00730880648921932	0.0054949864380809	0.00578051156367697	0.00470608029191821	0.00301842170632393	0.00642375089475173	0.00342522710278543	0.00424196693399608	0.00390905506846676	0.00541758247718791	0.00632494669294593	0.0036543036359195	0.00460316719394667	0.00679293877693306	0.00533622756236021	0.00548512073954976	0.00738571292115698	0.00566114151409657	0.00697296898645797	0.00693352917739877	0.00543236032204669	0.00647566859069391	0.0115638919329263	0.00799305798445262	0.00696738149192717	0.0130609393183771	0.0142657542191775	0.0117314619340731	0.0129418445283723	0.0198786385274465	0.0172439450280415	0.0211843327374069	0.0206930837071052	0.0284563886590407	0.0253385375809142	0.0286354379281865	0.0275696358318586	0.0349118742649547	0.0334861716641196	0.0357430502209266	0.035858903849999	0.0399771002281834	0.0400469953729638	0.0414754091677788	0.041500495231074	0.0429025366709954	0.0418111707900532	0.0423073102778255	0.0469789822611259	0.0392298975689045	0.0413890047250495	0.0411104020685009	0.0402706956375452	0.0397025259970248	0.0319087378744534	0.0335825499367729	0.0338061861917489	0.0310091252293483	0.0325461793451517	0.0318524998476267	0.0335921955778733	0.0288665528824129	0.0272004740382523	0.0282307690290821	0.0297022040502527	0.0245866955919924	0.0249469581716987	0.0228192966491079	0.0246470495872011	0.0220782656423459	0.0200418361678564	0.0194902887846441	0.0203896094051536	0.013817993570961	0.0169014440720187	0.0140321822897025	0.0162483800673177	0.0105677470712585	0.0110283299639569	0.00897863071750449	0.0124252922472801	0.00672230193186502	0.00737625605725243	0.00650531574326774	0.00639612626761482
2025-09-27	0.00260339246167051	0.00502831173250945	0.00451650076142052	0.00785179504439952	0.00608765837965503	0.00275344788067242	0.00528692677760212	0.00287196696207043	0.00484254240492962	0.00254475432478751	0.00404091355768468	0.0025717897125982	0.00158566073076611	0.00375554162514864	0.00464195090242329	0.00101684674166195	0.000966670988751489	0.00201753308332328	0.00173520927892578	0.00328058664899945	0.00192668800840833	0.00237953491707689	0.00262644200067995	0.00106733507383484	0.00139418415109107	0.00231739553001528	0.00461020239518925	0.000678217923704395	0.00152789250093851	0.00442136704317921	0.00470604335586995	0.00134469710001233	0.00724948113104983	0.00601296131003787	0.00495062576319484	0.00678693179571746	0.010883405887127	0.009879107314508	0.0104539087537495	0.00978357804461542	0.013869358660866	0.0157326869038876	0.0145775738976722	0.0148203805375742	0.0203315805064911	0.0188075071389279	0.0195200645167374	0.0173408478378436	0.026205670167223	0.0220238366783769	0.022402828022803	0.0233676651315971	0.0266750932877619	0.0261922069210258	0.0284494528967223	0.0266832468944899	0.03021161420995	0.0285566098620945	0.030171981028526	0.0280597948994295	0.0300608406275152	0.0288682224199626	0.0306798604357173	0.0293910765168049	0.0323131404838708	0.0347920107543635	0.0331273823491878	0.0337674664125779	0.0458763285953013	0.0508614159025916	0.0465339499366286	0.0477283055654786	0.0587082598481151	0.0594142371965521	0.0592078795438914	0.0576696234114414	0.0581452728833929	0.057344695735937	0.0576584912596288	0.0568515401210413	0.0517354038122346	0.050045724835716	0.048803099791531	0.0504157715605184	0.0397108563735005	0.0402772649814686	0.0386497745478073	0.0393621040972237	0.0288804747617885	0.0289458218524742	0.0283013337254236	0.0308723696603137	0.0200699357992941	0.0209860971670417	0.0204849529443432	0.019459014089321
2025-09-28	0.0122537074699159	0.0124620776294355	0.0102545985070174	0.0120296163936312	0.00275106628725611	0.00407687680012913	0.00795937466273779	0.00421268224987697	0.00287340281377841	0.00249569541514983	0.00337400957020584	0.00125689220086592	0.00190615722458528	0.00241791957670611	0.0005403673311384	0.0021355558675702	0.00129234644620881	0.0029710920753075	0.00278742708041884	0.00494913439806485	0.00795373208657596	0.00741956209996447	0.00700470858865985	0.00862199722479971	0.0137413918018704	0.0114088559295048	0.0117542971352244	0.00809545513340034	0.0134884011331181	0.0141911386236195	0.0135406030707896	0.0137798571724728	0.0187310990505757	0.0169056182967145	0.0170353045264153	0.0153279781262944	0.022987248701286	0.0236443606852331	0.0216624728064646	0.0207059178070162	0.0324846950823781	0.0323393294303619	0.0336854209688065	0.0324905545184535	0.0452738482386549	0.0495779012111185	0.0466041164944104	0.0455441340558163	0.0600147428189575	0.0561020690372923	0.0605323131081565	0.0593508750355937	0.0740816320871647	0.0709143969339802	0.0741912082736269	0.0748127627052282	0.0891215838861862	0.0897131919705699	0.0902032108216393	0.0899620133216046	0.107018274011769	0.108084406065985	0.108752664480851	0.106144655441395	0.126901003097835	0.126613629551638	0.128033583260183	0.125451784090344	0.14178949440182	0.141680562826312	0.141652886830839	0.140877055941028	0.150093140004592	0.149747684469092	0.149005238128565	0.145153937397751	0.145626173658854	0.142978899027625	0.143018350551558	0.142376576761964	0.129718861514116	0.130726363376166	0.131360317719221	0.132194457390498	0.120168887216471	0.116455248004758	0.118992931522004	0.118382933256767	0.107702896942368	0.103180302581083	0.104598119819111	0.102518680657437	0.0905893448599703	0.0939329024109903	0.0912344205713616	0.0912433321576778
2025-09-29	0.0838169587792102	0.0846142881836544	0.0851747927576498	0.0803939602794856	0.0808143627913786	0.0775797499698787	0.0788763533130551	0.0807295339256876	0.0815728410847444	0.081453173236438	0.0820940347334122	0.0778799509454054	0.0916484132039653	0.0877076941779081	0.0871799907159856	0.0884639019021409	0.0981162466023298	0.096671699190883	0.0980632373457287	0.0981488168610585	0.101433002709864	0.0991245063164118	0.102647988103925	0.101794502869799	0.103110517533951	0.10226209610955	0.100637596534802	0.103989789821697	0.0952545499473865	0.097600659682516	0.0974212654274247	0.0957235249426728	0.0971341719153171	0.0972972163522542	0.0989870847109462	0.0975815270214826	0.10106327463657	0.10463270742889	0.100317223282522	0.0999867946520175	0.0964007972210204	0.101997098082931	0.096237358176358	0.0973647465196907	0.0934614984634791	0.0952149192372903	0.0946635929965746	0.094659989302656	0.0899948998068183	0.0918210547482899	0.0931363193750448	0.093047726069847	0.0889602054434284	0.0890822888608851	0.0890223357182556	0.0919351699774309	0.0854975340009039	0.0852002408565289	0.0854422137670085	0.0868600113755587	0.078195110396501	0.0764968037769462	0.0762885740039806	0.0800195118225722	0.067188959642045	0.0668401336472676	0.0671426498730356	0.0678282568376518	0.0594622220521413	0.0578140701301747	0.0576892321086024	0.0570344757090816	0.0434263686903825	0.0452345769003538	0.0454306631463839	0.0449083912628798	0.0325653223772576	0.0282881489164946	0.0307764889411668	0.0293700397650811	0.018215055687807	0.0190172378297597	0.0185012606851058	0.0202664457973275	0.0119008575672725	0.011427027211039	0.0128994019431019	0.0107727132785866	0.0110807732860511	0.0117782914279942	0.0128130303917753	0.00832790489417942	0.017301504470424	0.0147428538101613	0.0159449607614779	0.0160106809579369
2025-09-30	0.0253077048388729	0.0258054899126737	0.023122551089026	0.0247642541594274	0.0344292103494958	0.0322835719167928	0.0345218320325005	0.0337653857012109	0.0423906021923031	0.040086338114171	0.0406960049091171	0.0408270547844089	0.0394585152663148	0.0429488131427022	0.0425475324780981	0.0420451391128849	0.0377461500120123	0.0375900375901011	0.0347271096823398	0.0369367027155468	0.0284115035564132	0.0287280691086532	0.0294578527124198	0.0304025746225137	0.0234745878300618	0.0207993405810793	0.0205470289877909	0.022179042601068	0.0121224992519518	0.00996785945925076	0.0147338003098878	0.0141758409789096	0.0128515119536713	0.00991894227109613	0.0115152900172059	0.0137142557580266	0.00955690434973856	0.00864767766682965	0.00943310747408427	0.00636231050934752	0.00624515353341865	0.00829539484600948	0.00451317051381046	0.00694628110676141	0.00550980663060849	0.00518567732836363	0.00797837256857704	0.00632614347245084	0.0119757247838404	0.00544101103543126	0.00382567806219215	0.00675758611853622	0.00755677308099763	0.00748137674347525	0.00964694999944713	0.00531490017608	0.0126693552389428	0.0127204333022529	0.0125315506192251	0.00907866083957922	0.0207015128859054	0.017703696181795	0.0193056122158318	0.0182891787164678	0.0260912979265232	0.0247866039901922	0.0235122571530585	0.0236098409302261	0.0307881841268707	0.0289903520298251	0.0288366917736914	0.0293847720696128	0.0246665301415893	0.0255585016253581	0.025216132465888	0.0265588357671646	0.0159945158858046	0.0145769502263719	0.0179217911238632	0.0165067427639603	0.00877858839515041	0.0100126254745747	0.00590838031782871	0.0103004058124462	0.00416023024397805	0.00459584578005562	0.00589970404923587	0.00634421992673046	0.00591834176969813	0.00275961624757495	0.0039601250512476	0.00336191693147931	0.0034948879018141	0.00462181045535747	0.00230978513804051	0.00357351650478793
2025-10-01	0.00343656785072106	0.00370416358209535	0.00299405886120744	0.00486520970597615	0.00629305944046687	0.00315431453977924	0.00425408174050112	0.00529854427925277	0.00634507587037613	0.00527619423436772	0.00788945730779062	0.00548927258746554	0.00543603418417315	0.00683844669967554	0.0101804985416316	0.0065450205745197	0.00673403320172301	0.00405053783998162	0.00832356101572951	0.00589186794256585	0.00365868846624121	0.0029465641761961	0.00506494241332413	0.00532980494423856	0.00220629173701351	0.00389793954087567	0.000189175144939568	0.00170659357717125	0.00189485337221668	0.000795152374058027	0.00119981178734031	0.00211018246638498	0.00263912139153245	0.00301010345367348	0.00374337163900455	0.00260740351578952	0.00461673419915259	0.00554851260123958	0.00606503667581807	0.00276971652378976	0.00267128178295188	0.0029586814704957	0.00170337138297768	0.00266666536357473	0.000910800832658308	0.00145726058185131	0.00356435517791912	0.00206758340757126	0.00571916780787625	0.00223562397826974	0.00326887000774812	0.0047763382061059	0.0134907886364309	0.00738508655067244	0.0114585584341818	0.00966556637871491	0.0211131320412935	0.0196683954384289	0.020979941883519	0.0212385306367586	0.0293323580833224	0.0245867652894895	0.0280518013187641	0.027029075308424	0.0378685120977701	0.0374832505521509	0.0379969919252966	0.0386512454247823	0.0465300969568302	0.0464487780075765	0.0467678018893646	0.0462533231462287	0.0407126201935155	0.0415937269757212	0.0363827768743347	0.0383108759564286	0.027295140031157	0.0253063716838483	0.0275950807498092	0.0258034075351855	0.0176402212855788	0.0160098469188866	0.016071979289723	0.0172779525058116	0.0100884538236153	0.00817173007972374	0.00862173157947497	0.00811808451718598	0.010494194394538	0.00609006457214899	0.00532724147533285	0.00508849955798019	0.00505938217573123	0.00792092262639332	0.00826300655138831	0.00775668864648714
2025-10-02	0.0101289970342165	0.00796370654091416	0.00857016619259862	0.00833713023227068	0.0121870983728036	0.0117512322442828	0.0107505654371956	0.0103111039457179	0.0156109309476408	0.0153514008962785	0.0156089178395256	0.0114287503165551	0.020828783084259	0.0183133111151088	0.0199335896656384	0.0199243161349937	0.0298739785628676	0.0289427161110982	0.0249653202648707	0.0252179850611635	0.0351181586748769	0.033273273302792	0.0318891173047014	0.0327194507176297	0.0356285554388736	0.0346559349738386	0.0363446352356693	0.0353708743516185	0.031159092332526	0.033600397398506	0.0335957676042619	0.0356447426647061	0.02972516161097	0.0280319778880789	0.0301309416311256	0.0301119188698256	0.0204095159864874	0.0204778463761291	0.0225647707034015	0.021547866933982	0.0129057897433131	0.0135734195882393	0.0145474925204347	0.0149732981480129	0.00584061114612881	0.0103162283614611	0.0101276123243322	0.00871554816807791	0.0092589224997961	0.00848094276967799	0.0104034509665616	0.00885668376396428	0.0179261297573414	0.0139068739954851	0.01525327682403	0.0139137194231436	0.0278206374069935	0.0261327832285405	0.028182418196555	0.025864161167911	0.033095225785633	0.0329531923618787	0.035734640873369	0.0332169409791193	0.0336056855938017	0.0326618116129165	0.0347383107600633	0.0349941920332186	0.0331202491489697	0.0329519830153659	0.0323268585126717	0.0336009093229928	0.0277882016437017	0.0292420442258186	0.0271282813863324	0.0288414727441473	0.0256808024334232	0.0265010908072836	0.0256167087445051	0.0222013980147881	0.0187872447871028	0.0183126427101863	0.0208389248609625	0.0180611876417484	0.0143507027693879	0.0140647164392082	0.0126189881871467	0.0129655926042572	0.0130759191430195	0.0154152688627853	0.0154975910238418	0.0170112209703534	0.0176062388657842	0.0193617798513237	0.0149620673647242	0.019069913918168
2025-10-03	0.0205996490111841	0.0200784121101215	0.0208629386409347	0.0164590002377597	0.0227856001989728	0.0198828938681697	0.0223152843611466	0.0220162215717109	0.0191727614324135	0.023561963544994	0.022649356309448	0.0236159187131446	0.0214707202973945	0.0204845138106108	0.0183375557342351	0.0187072101577596	0.0135169354446075	0.0142085136886258	0.0128882676880558	0.0123862831787109	0.00741915539040971	0.00720747724784832	0.0083517040256638	0.00502166333607817	0.0046517224106631	0.00278696505522055	0.00445474210382101	0.00210657043029534	0.00259635067325368	0.00382109485676652	0.00159910203726971	0.00198345243271009	0.00390047564421568	0.00227152039282007	0.0041658042194255	0.00266219974353874	0.00512878728490036	0.00699721174676426	0.00450220179252563	0.00537179917580974	0.00855125770433548	0.00751903894811214	0.00834463736858885	0.00858506597896353	0.0145529997688519	0.0129713642364458	0.00988800260815026	0.0125876333865521	0.0191503758065848	0.0185819126587884	0.0184723153182863	0.0207953962163406	0.0237889673593804	0.0273999898508129	0.0239372671784596	0.0238737756113471	0.0262026915022539	0.0250117311305257	0.0262776210177412	0.0255079563494792	0.0185205833317742	0.0190690358018397	0.0201342742363128	0.0182761066300733	0.0209089987273838	0.0205969093746789	0.0219723582473715	0.0205217336505658	0.034232957545833	0.034093162628146	0.0341198165416374	0.0305540632843836	0.0346639921533752	0.0338318380649488	0.0321188215730281	0.0323853482086479	0.0266224927833926	0.0252780834642906	0.0269853775354181	0.0281140462168986	0.0209462132079482	0.0193617378830148	0.020019100383261	0.022672948525776	0.0151921873101394	0.0139411632387383	0.0134525372355018	0.0154141122156205	0.0102895656070879	0.00971996222061172	0.00689563781499342	0.011094834357307	0.00722743587112034	0.00896914486965897	0.00756132755634563	0.0102420917028751
2025-10-04	0.00957638978273013	0.0110021439588385	0.0101746070342263	0.0102468592242051	0.0103597649603494	0.0122516031118744	0.0141608696365233	0.014227762291253	0.0107539611860999	0.0131514677775146	0.0135334941696022	0.0125610768667833	0.0108967783591636	0.00793650874113842	0.0120159295940317	0.0101507833056662	0.0089977124726308	0.00888361210398787	0.00825623689748969	0.00986243852589164	0.00960908308860564	0.00892826572615361	0.00942642108788812	0.0100362300973526	0.011013775038217	0.0117178876471352	0.0110173784660551	0.0112509588485927	0.0096059047166173	0.0117947572387339	0.0111376996584042	0.00946163838624454	0.015055665224778	0.0152486489716911	0.0176370156389351	0.0140586701645958	0.0256573522116457	0.0224384893692846	0.0219784017852697	0.0229257566338	0.0296501141114531	0.0306901867112175	0.0306274032513372	0.0300322959259922	0.0389726429331845	0.0423612350124541	0.0383562012665828	0.0383099207877786	0.0516876213473696	0.0501487487184675	0.0494498968767854	0.0497137330573775	0.0642602962428201	0.0641857489018147	0.063554802221726	0.0639991526336392	0.0863275231109524	0.088381667203005	0.0854525857970985	0.0798382238889442	0.112092681759137	0.111848033785793	0.112061122777336	0.113998161677734	0.136455779574283	0.13741463330672	0.134819168008894	0.137310419110103	0.157501511003643	0.155783987827717	0.156068507849891	0.156645993318748	0.146269845054491	0.144941702032022	0.144764228234876	0.142024224678612	0.0947880661883633	0.100007938122243	0.0956867600491235	0.0955172356402706	0.0403162858522313	0.040159173519467	0.0401734657834524	0.0423510748448493	0.036970033437849	0.0361888543407015	0.0354497506309263	0.0333913615905231	0.0406996974626292	0.0421485052901554	0.0423421059683942	0.0428096912788213	0.0763226399127871	0.0756334896477959	0.0759990560580309	0.0770448143813861
2025-10-05	0.109120092078717	0.10815960722586	0.110748671239448	0.108971629455976	0.108484316266102	0.106268448446401	0.110123276002347	0.10712395928515	0.0952661305499809	0.0941689600590286	0.0958814129312206	0.0956834964597699	0.0640842797134539	0.0670187052243801	0.0624802637483742	0.0654167513137919	0.0302799074803139	0.0327686975864345	0.0373079704050979	0.0336434245281537	0.0401924807370308	0.0387554776461558	0.0377749200445702	0.0402771215722432	0.0367808033474816	0.0361975422430698	0.0362920454201099	0.0387296089893387	0.0280855069016538	0.0276001316346233	0.0289525516589063	0.0273618098048166	0.0165860321556352	0.0161844930829568	0.0185384739593507	0.0186910008020573	0.0174656467905148	0.0166194700321974	0.0168890309594286	0.0170258522178592	0.0248989237250726	0.0222485085532745	0.0234277742678873	0.0244247934537656	0.0288599626110815	0.0281427618375217	0.0286933517678765	0.0253039237835202	0.0359741025035242	0.0356814470369283	0.0353606392635911	0.0329838111959564	0.0401137677483092	0.0413686111244111	0.0418800740952151	0.0406375470320646	0.0438755356537445	0.0471936273829255	0.0439529210513975	0.0439779159119325	0.0474021923427929	0.046885303519015	0.0457681966776616	0.0449443074605305	0.052759229721574	0.0539700618168934	0.0537525743852497	0.0525181340762829	0.0639483751307717	0.0626994267605658	0.0634746481555031	0.0668775499531595	0.0526628826380273	0.0529598639486456	0.0529147231871448	0.0524625302261823	0.0383174188164208	0.0398796746498364	0.0377012617767653	0.0391016447569775	0.0288156637558928	0.0290018507607366	0.0315277084427435	0.0296547770406271	0.0382842081796336	0.0399611615460424	0.0373699747059626	0.0413846555683613	0.0674705244621887	0.0677830653145568	0.0681589719928222	0.0675874382304325	0.0993142399272348	0.0969154119807494	0.098163720256334	0.0986066278356818
2025-10-06	0.116810075637431	0.114801437243107	0.116176788403849	0.115211698715614	0.115962837629627	0.116082248001329	0.113305911605895	0.114649002763148	0.104707225019395	0.107859854495279	0.105661517758293	0.106771402727033	0.0945159847875635	0.0958943134321364	0.0963118329998523	0.0952778687804478	0.0804039148385705	0.0794566072276584	0.081297070265515	0.0798424076682562	0.058658019725809	0.0634737063587247	0.0638013475266144	0.0630669263888519	0.0463151456693418	0.0458926436020966	0.0466170455752957	0.0451751651532659	0.0297435864661186	0.0300493442103226	0.0291170591394284	0.0290900101841304	0.0208802035894268	0.0189420768807508	0.0190702267567877	0.0191074927730347	0.0233862911722929	0.0242542972814455	0.0233541586775138	0.0220052528687477	0.0339420263191488	0.034532746174586	0.0375351209510246	0.0319901065552406	0.0481162185748675	0.0479542316081794	0.0494462612697009	0.0504832885472522	0.0622832705286312	0.0631275030050222	0.0622353967301052	0.0613538297362414	0.0768202768372637	0.0773498381266638	0.0772161635741138	0.0756137214619586	0.0840224848649199	0.0854222293507018	0.08222312685553	0.0833321589288483	0.0816311986728361	0.0836284979358326	0.0841735140291466	0.0845667893621848	0.0789998769046583	0.073986097912322	0.0802087361837163	0.0778052889993034	0.0707155136446806	0.072114082486595	0.0705279246698971	0.0726424791988273	0.0543549121043057	0.0523139317015975	0.0509560253254766	0.0523751308686201	0.0292261707895329	0.027850356937444	0.0300205656928346	0.0299029065801885	0.0140288364095824	0.0145266286982797	0.0144767852622158	0.0159677496299221	0.00768245583228589	0.00531589646904216	0.00634234468092876	0.00665930301774319	0.000619695318137426	0.00342848202490828	0.00336985246715768	0.000581970189796618	3.58985639168609e-05	0.00080160386852805	0.000150411572652347	1.2085994902742e-05
2025-10-07	0.000393678415342699	0.00140242252112021	0.00179925159542881	0.000404647468108287	0.00191084776006119	0.0020527941620144	0.000666768928248731	0.00236958914967567	0.00232945738206038	0.00130832495859132	0.00101625581363754	0.00334596184571075	0.000558874936620106	0.00493899808190063	0.000982338633357053	0.00151978834812222	0.000538098026129545	0.0026713120150429	0.00199440195704022	0.000796188001787337	0.00231750498671385	0.000580219718481952	6.78845037416142e-05	3.43907910625796e-05	0.000503588746476602	0.000257351127602971	0.000170217865745085	6.88422601753428e-05	0.000546536242011454	5.87502164153009e-05	1.40823091163344e-05	0.000380631232456911	0.00397270064627347	0.000901424848821045	0.00166554508258075	0.00246032942232473	0.00747111521522541	0.00924672957044659	0.00718153304939577	0.00710062216493223	0.0131358549597649	0.0158982695841098	0.0151577592473432	0.0148081162087822	0.0221131738015604	0.0223133461372043	0.0242569200792458	0.0223165599819894	0.0289986250708402	0.0289712739859722	0.0306241981850386	0.032405902758149	0.0352196423373068	0.0365807374930334	0.0354689593299908	0.0347306608396691	0.0388426665782498	0.0378920554678441	0.0391270565598587	0.0381382213940474	0.0362036271077119	0.0396173229784955	0.0424948425114141	0.0416842074023786	0.0404316930698541	0.0413113273571037	0.0424716667061063	0.0407853128669359	0.0405687587639288	0.040891374871684	0.0431970832847579	0.0423427830796293	0.0368354071720579	0.0318163928682993	0.0354902454900825	0.0358579544695602	0.0285323645153148	0.029271009295987	0.0279350256253309	0.0292616005633673	0.0277081565327321	0.0274371847702581	0.0284880088510481	0.0263666498459617	0.0306831832878099	0.0308407705234191	0.0290272196158347	0.0304488265729363	0.0340377139821006	0.032967497671493	0.0354787020284354	0.0355160863179711	0.0362698506157482	0.0371450877700488	0.037558062464638	0.039026999149565
2025-10-08	0.0365094903212214	0.0361381582985308	0.0366892796000487	0.0356630717801991	0.030051726208412	0.0305640935191699	0.0300465941640863	0.0343375861083318	0.0233259081488015	0.0227685687342375	0.023179180511917	0.023726342605044	0.0158060862099648	0.0161383429685022	0.014767215275309	0.013288355546224	0.0104892660931415	0.0109308318656931	0.010839972121254	0.00773992991991131	0.00710516000678678	0.00570969433039796	0.00779164611596696	0.0083934995468483	0.00489028245693274	0.0049815533984484	0.00428863728198879	0.00783952686263007	0.00344272300538654	0.0063091620619713	0.00471367667699886	0.0035344382556433	0.00430669949556679	0.00612438790968558	0.00676235250982235	0.00880656008492528	0.00970031996244059	0.00769862585255445	0.00622383952565659	0.00937721465934837	0.0108343443092166	0.0112897273344802	0.0106349656435994	0.00924096271270376	0.013736314420787	0.0137587194892944	0.0129901084187082	0.0135148576712105	0.0127963855535063	0.0125384741388644	0.0159995333614474	0.016665606946182	0.014493736224227	0.011321915125484	0.0136366404571383	0.0135477081931507	0.0162365614164745	0.0156839903633744	0.0143717332119367	0.0157077150082144	0.0263888508598425	0.0229963659268284	0.0273372816217175	0.0272775015916116	0.0435990478401928	0.0428237073555757	0.0401944148592826	0.0423828299449489	0.0461256193705591	0.0443974190270816	0.0454925445057706	0.0449844170965886	0.0349460951111889	0.0333754470551438	0.0317835626689146	0.0308948951647527	0.0190789094855223	0.0173105068878131	0.0174369868507768	0.0181735967758878	0.00943265511409888	0.00801119444967151	0.00857105357944731	0.0089850968567823	0.0043648016886962	0.00476903380963349	0.00471051043353218	0.00415565406813813	0.00248502689062131	0.00291927639967755	0.00298201351423515	0.00161368319546598	0.000769589994374227	0.00160723353407696	0.00184312609268325	0.00178005037886556
2025-10-09	0.000537483235752815	0.00279636046615116	0.000876371357067664	0.000789784941028361	0.00230820109964035	0.000249212513513427	0.00126581959606865	0.000176766790777572	0.000438525512207852	0.000942447868786226	0.000196824813968164	0.00142220180503776	0.000298980498288941	0.000742805074229574	0.00065531081319424	0.000302903614287245	0.000941119327718113	0.000170758967525783	0.000732438580516268	0.000155683124239835	0.000214798559997882	0.0013440305208899	0.000115748677444597	0.000325422241667618	0.000348353959326036	0.000596510029225	0.000981242156475088	7.38938549738754e-05	0.000139636818835011	0.000549844407102415	0.000539232558998027	0.000771286215064547	0.0043944559981722	0.00350257425160153	0.00230914495840207	0.0037938247918242	0.0102520961095321	0.00970108659741386	0.00892070435754643	0.00812611293550765	0.0144804431768991	0.0150722803691857	0.0117362988445029	0.0137109776094123	0.0139109156397587	0.0143974594309041	0.0125599091199256	0.0121317158094117	0.0106186058775683	0.00835587969759284	0.00789082125253807	0.0101346931723008	0.01550509690579	0.0128894621503505	0.0110023486026978	0.0126030923411616	0.0146086334403437	0.0125016998166344	0.0157202031135221	0.0151694636294997	0.0153477937732412	0.015842207000628	0.0151147471698738	0.015695252056257	0.0139097679132647	0.0189912497367901	0.0166620386994422	0.018436943650503	0.0186508992706527	0.0175965602141951	0.0177808570450473	0.0179716834701049	0.0121258949186095	0.0124799022902118	0.0136393868596524	0.0117548159315263	0.00796525820969572	0.0069830550744075	0.00547879374995825	0.00357289296593854	0.00266771800430713	0.004044650549367	0.00467444424328925	0.00161318720303663	0.00464742457337935	0.0017886067792512	0.00352303622551481	0.00204093242185464	0.00623423765019188	0.00457319040931676	0.00770527153124838	0.00448730040924297	0.0133410435078613	0.0119981028916915	0.00887116048763339	0.0127896931128138
2025-10-10	0.0195109573334303	0.0175579830459518	0.021056708385764	0.0198743512348539	0.0306852557609106	0.0266996092022101	0.0290039716594363	0.028611163377443	0.0426163432092608	0.0386422526221381	0.0401586295380308	0.0395827746305703	0.0512378131273051	0.0525210438666089	0.0509073309146968	0.0513338120913891	0.0580904964998921	0.0594231881329678	0.0576736341518485	0.0578126812152916	0.0617021811504755	0.0634645670819346	0.0631387629808776	0.0626944887867123	0.0713525201293941	0.0716453429899993	0.0701201879581395	0.0708819489224671	0.0802579968534246	0.08122926496007	0.081078160110141	0.0824345780763644	0.0963863458028836	0.0995217216815183	0.0972274470728287	0.0978644854427694	0.108561584643846	0.105206203314669	0.105814115200262	0.107418096841224	0.110653060615204	0.105843804253152	0.105447337119353	0.106055798012291	0.113221918613889	0.113215247380738	0.110803033368501	0.111759800636871	0.124961558611305	0.124678505021627	0.124662822813918	0.12669711355315	0.142668181846669	0.141620332745532	0.141522345895157	0.142189139512642	0.160254046134994	0.160063017685942	0.160616246636255	0.16006668954281	0.176131114179139	0.175858742800512	0.17449009671245	0.173520046307898	0.180028247183647	0.17928226271	0.182220285289844	0.180469204816509	0.181217119714792	0.177976021655316	0.178783073707561	0.179023784922332	0.178692631980043	0.180050516706046	0.18083395399046	0.178422897323451	0.181241694146089	0.180285439481103	0.179159864549325	0.176313001823484	0.169425792522529	0.169603571311114	0.170120884850365	0.171849751315992	0.165676117009595	0.16864652304993	0.170251330061379	0.169426029879095	0.167967996406681	0.168160169385032	0.169274332395033	0.168597501813253	0.175119485182262	0.17539667715703	0.176737384793523	0.176746452867184
2025-10-11	0.170583958813133	0.169326677959005	0.172293951689348	0.171795411538514	0.165898364505653	0.166378003724069	0.164203974847133	0.166519656923145	0.165680243833569	0.165491689262278	0.16446345487076	0.165364612033393	0.168882347421202	0.168423511093775	0.167315861298245	0.168378280186779	0.172785214385268	0.171070112330827	0.16895690494725	0.170187768336656	0.173151562942157	0.173205602399227	0.170643362456511	0.174999472202105	0.171422853603924	0.174274439258587	0.174154676791283	0.172148030346206	0.169840088461318	0.171742584056906	0.171202454791404	0.168214872690372	0.178116617118633	0.177100885369969	0.177238027064529	0.177544470446868	0.1754111589594	0.177125894730561	0.175150717287528	0.173312229022511	0.166922062664079	0.166115023869276	0.163139486725473	0.166823426741172	0.160567099184083	0.158770640483515	0.157159357842069	0.160502902490334	0.156214307082998	0.156765994978728	0.151873073975111	0.156146623963163	0.155622913846112	0.154335512383577	0.155522263546853	0.153519310223458	0.15166277442104	0.152376523070748	0.156612457310926	0.154348245197285	0.149608514445161	0.152250701696978	0.153715654438552	0.148425129419309	0.140142945444092	0.138624580223463	0.140268655633509	0.138963818698935	0.129119983268074	0.129335539171271	0.129578236539062	0.130966241021593	0.129037132789158	0.132765176004537	0.132884515210526	0.132313175995779	0.132948445780312	0.129975457539716	0.131941652216502	0.13013444446347	0.13043405499385	0.13346074627478	0.132081911101522	0.132023287629848	0.126350414838535	0.132093703504236	0.127927001778721	0.126628879878507	0.126891116362255	0.126117338849042	0.125487349564391	0.127504195224311	0.125727804748257	0.125497575874429	0.123994202683215	0.126780416694099
2025-10-12	0.127143114943334	0.126104109823851	0.127564052645091	0.125188722587725	0.127500632917184	0.13014108368204	0.13016106111219	0.128197222288585	0.131349064161572	0.130155731283817	0.131748533701431	0.13074667085318	0.133353666537388	0.133119483285151	0.136368645432678	0.132158204744782	0.1369268224544	0.134081289211892	0.133872919613577	0.133118968720131	0.133623307110738	0.13379945654899	0.132483456622233	0.134093779718039	0.126844166180933	0.127769486638558	0.126776491406655	0.125609855773854	0.113266940137796	0.113125188445942	0.112682864209827	0.113925007206435	0.10924596892046	0.109804363093999	0.110895159324652	0.109054508660888	0.10858747864919	0.107036519238606	0.109330872891202	0.110045129221001	0.107003395647666	0.108433480254937	0.108371975823959	0.107191148273437	0.108313140872243	0.109861622781677	0.110034712635565	0.111790523710515	0.112809235501943	0.113414111618537	0.114766017011291	0.112010635868229	0.115737683963163	0.117991095933236	0.116443406101061	0.11582781400254	0.118658025276256	0.117249683412348	0.118204016457227	0.11788827485417	0.116999221977537	0.11581464979406	0.115877846977528	0.118308281250875	0.107588845641995	0.108690707792988	0.107620240193916	0.104100206371101	0.0982029480515022	0.100392818140852	0.0999056398101291	0.100498593997517	0.094398399309842	0.0959426933415898	0.0954436942242387	0.0942152131243295	0.0847898421839404	0.0854705161629226	0.0852735139113463	0.0874661277417907	0.0753311518874847	0.0773937807560451	0.0761770863040289	0.0760979810524414	0.0652897221850857	0.0624951301316796	0.0655217018406312	0.0616934458426034	0.0518689912864011	0.0498389163600257	0.0559279824834457	0.0513641098701275	0.0456845346747615	0.0439690572629691	0.0445939489953659	0.0447524590669035
2025-10-13	0.0424811325198559	0.0409292976411788	0.0409933144571749	0.0405962553817904	0.0391061258296407	0.0384133990268795	0.0397985116370356	0.0396819635064442	0.0371525514145245	0.0380146572470632	0.0387012528545484	0.0361315384838639	0.0385764152985	0.0347075370526229	0.0376759848658755	0.0350400627830016	0.0361429884879857	0.0366131949528112	0.0337928330651135	0.0374509834940896	0.0365250783365911	0.0365692691672396	0.0358622834877781	0.0360433690083912	0.0405586573476851	0.0404916092073903	0.041624046111462	0.0403256873334626	0.0468785124321892	0.0470065548031512	0.0467958780105577	0.0473190547541018	0.050931262232006	0.0496380077916988	0.0498605251440192	0.051570204832276	0.0562301732234537	0.0577034377659721	0.0564657231848296	0.0556006658257446	0.0642746969423127	0.0626297029463297	0.0628775718443702	0.0652180282669873	0.0550846290518635	0.0537045617754562	0.0507702470747904	0.0544405620978898	0.0433008166565299	0.0405716622235687	0.044718909061956	0.0434086120579454	0.0389922322227171	0.0381232223952353	0.0408775357306092	0.0410070096514384	0.0367681465131608	0.0391311773942348	0.0379556196625961	0.0361450564300082	0.0388028660964493	0.0364067361724091	0.0377205167420565	0.0410698809890851	0.0408639484988138	0.037539856361898	0.0393251273122239	0.0382710678270643	0.0332260102178363	0.0335992200808074	0.0317769014439084	0.0333978682574479	0.0262627336011951	0.0245078486000419	0.0262197426569464	0.0270096751418166	0.0194243132680411	0.0200697116014073	0.0198204026920261	0.0226855724385255	0.0190004830504099	0.0154325002340083	0.0167284597291956	0.0178385569863862	0.0159738188218998	0.0196954965305328	0.0220209177058843	0.0183097669416831	0.0200786836050996	0.0219388991760662	0.0203606406279296	0.0206217765909046	0.0162783889862189	0.0194042797057505	0.0208761689556625	0.0214411623523681
2025-10-14	0.0206491685414703	0.0170693776533357	0.016647585872815	0.0186338679323789	0.0179938304265299	0.0176088936280437	0.0169675348094123	0.0194297411360141	0.0199300659955502	0.0187035690044434	0.0177648666556726	0.0186014983443337	0.0182695283486661	0.0177803648398805	0.0176314462769792	0.0193186605344742	0.0164949948088641	0.0178291038759962	0.0186331656700363	0.0200427356451034	0.0201906910818119	0.0207703426708901	0.0252493505856193	0.0217896156616787	0.0279197902392032	0.0303942505460198	0.0277722351515041	0.028913724063273	0.0363404784656448	0.0373151286588166	0.0381071151217889	0.0382372777537497	0.0417309403742823	0.0443308450933185	0.0444823603971188	0.0454558541352804	0.0489451184592328	0.0503307147419109	0.0505530608773823	0.0511711059214739	0.0533188152435321	0.0537175985647141	0.0541809735206365	0.0527826126711173	0.0539112326470569	0.0536671848012285	0.0534176910607815	0.0530038914909331	0.0515753078427909	0.0515385164834022	0.0519078535176454	0.0519783221561615	0.0496788297338775	0.0485497853975086	0.0539209112764172	0.0488504735921967	0.0495606408460464	0.0481809610279729	0.0481190937414843	0.0471393043844964	0.0470536581569628	0.0466060610991745	0.0466834343009156	0.0466568464429471	0.0480757896582941	0.0491350344467651	0.046676466274285	0.0481127096206558	0.0503736784978343	0.0541059381050214	0.0488436821223446	0.0496767012747997	0.0491308338505521	0.0487608164932768	0.0465076129835244	0.0476007366726466	0.0385709317576474	0.0400695602993	0.0438175537969118	0.0395419541461408	0.0356535975730116	0.0319744213991794	0.0311757641775924	0.0311962168502165	0.0266851780225186	0.0272952097104891	0.0272640196900511	0.0277555925769411	0.0261466817907858	0.0270105153085898	0.0263789450169643	0.02546385788366	0.026700738864207	0.0284125067287995	0.0278856622197183	0.0290010921872752
2025-10-15	0.029425643430194	0.0299524950798855	0.0282197833407052	0.0304020781492153	0.0316259031638415	0.0287366399193271	0.0295070491952887	0.0291304077215426	0.0271356519188775	0.0319674684699022	0.0311935622947455	0.0307033173164748	0.0331789402746595	0.0324637371747651	0.032217491005741	0.0331398315448343	0.0378144378808867	0.0375335659086503	0.0387533970050157	0.0378985992054473	0.0456580946195652	0.0424640517185592	0.0426663848250355	0.0412114688368401	0.0465496182505136	0.0471288585551898	0.0445337305768593	0.0457877926174372	0.0451301571172814	0.0447145807902506	0.0443127423911171	0.0438425197013508	0.0360130842766783	0.0387784538857564	0.0398609301227131	0.0383475317148522	0.0322722866118391	0.034063059815126	0.0335901763644802	0.0330744772085546	0.0274669337052562	0.0246957176370851	0.0231995044975963	0.0266378441600624	0.0127675406691086	0.0131618048728018	0.0139976777796846	0.017072976678405	0.0111846827287431	0.0108142617945622	0.0113984147619909	0.00760264071470385	0.0137481346839486	0.0128161592785642	0.0125359992055369	0.0128997068319503	0.0121438976332092	0.0128688121405391	0.0130653705152881	0.0139219197109636	0.0141172353616878	0.0140166688791852	0.0142480628973372	0.0146180328617899	0.0178191716405389	0.0200462546531196	0.019904682707413	0.0202298909989285	0.0229487645900469	0.0250696636887389	0.0256203223610841	0.0253612493601301	0.0237697134323215	0.0239915129813019	0.022760609620762	0.0224781639656145	0.0173714901098341	0.0186521518966587	0.0183683621070777	0.0196079958864295	0.0137959230702956	0.0140109366360918	0.0153981405535555	0.0147949997400571	0.0100424224588531	0.0107297814204516	0.0152754565118473	0.00995233960884801	0.00999370731678429	0.00705469441158802	0.00873147164284305	0.0102201266287846	0.00796754659609905	0.00818277196502509	0.00628990858009034	0.00355977285878552
2025-10-16	0.00494743519317157	0.00319449049385792	0.00751012151097594	0.00434795280199456	0.0071062173989534	0.00398317770891372	0.00570777449396121	0.00420283039817167	0.00670055988070722	0.00481885004749451	0.00723553294018006	0.00524505713161821	0.00520450447987407	0.00873179187778514	0.00687479360649041	0.00618891003585038	0.00732776667264959	0.0077967343835718	0.00786088106662857	0.00801461787715004	0.0110202386157043	0.0112785649652551	0.00896095786682193	0.00574023855221868	0.0118563186707126	0.0113745288604783	0.00955651760980655	0.0112126348590025	0.0118088321576173	0.00960857217081417	0.0106280553966372	0.0109545402749313	0.00198944460642776	0.00498363714502602	0.00542556538565854	0.00660135286288768	0.00251658861533009	0.00362427356386004	0.004001851873233	0.00485728594757687	0.00285811840210516	0.00161265060371177	0.00328164185993027	0.0032475891342528	0.00148117128425676	0.00208530923176303	0.00205483393393774	0.00337868555004247	0.00354884601044081	0.00277783758678149	0.00226386917061272	0.00140944723216497	0.0028288841929098	0.00287274446214324	0.00169446087818712	0.00360391046675985	0.00498206809011383	0.00355575138225707	0.00291748258551037	0.00354469794211873	0.00511475137505765	0.00676856709553673	0.0065446324754063	0.00657204905399932	0.0124229098994526	0.0138786537014604	0.0145542520285033	0.0121441843705838	0.0247570362102938	0.0205150277422407	0.0196852323296291	0.0220427037178364	0.0240270729902751	0.0237571983666166	0.021701149794869	0.0235145788482393	0.0210169587868719	0.0197224054854801	0.0175778845363715	0.0196827511912765	0.0154263745205216	0.0174747873059698	0.0160615066245516	0.015037331548957	0.0149242541706093	0.0129708947476643	0.0127489853803913	0.0133558657013351	0.0116572614370874	0.00996201569759438	0.0117810272319165	0.0115996956334017	0.00967604721756845	0.00942388235990443	0.0109205109460418	0.0099795594764853
2025-10-17	0.00837992577095139	0.0100500490822966	0.0107090251637471	0.00786099998300483	0.00762327008715133	0.0100213698411241	0.00847002138457741	0.00788533868714715	0.00793434517881876	0.00638987410195552	0.00916338067638903	0.00751240004283669	0.00580817743444449	0.00643877334047491	0.00600059570772419	0.0047524535173564	0.0042176640795278	0.00648083955287791	0.00035629246848755	0.00494520389910674	0.00298690026232088	0.00336083286463149	0.00342913517141471	0.00322313170163292	0.00328188145431323	0.00355940385135023	0.0027609180467371	0.00239779664759944	0.00339243080575545	0.00258993850572679	0.00406811986162216	0.00394951082689559	0.00683245244186725	0.00692046744293092	0.00570895563038631	0.00353812448481552	0.00799316159735966	0.00643350730833312	0.00814317354739216	0.00843015754691506	0.00847125613341737	0.00784989266016986	0.00737064759715227	0.0083082036092605	0.0108093363804008	0.00886489985917055	0.0107255337556936	0.010600230004735	0.0118750191986234	0.00749308207121253	0.0118562305095139	0.0117756682206501	0.0112414044632772	0.0123503876059221	0.0159751195428109	0.0114330883879898	0.0150868826831437	0.0123050938851607	0.013891404214653	0.0127166192170425	0.0160966457056181	0.0161609825548532	0.0159594880215659	0.0157828837179628	0.0227198913906881	0.0229890395209935	0.0234553065693136	0.0238357625190048	0.0309170602332978	0.0304091440872439	0.0309779865572629	0.0296958091221954	0.0277962389842344	0.0294218142050192	0.0280185161024162	0.0277634307083303	0.020479764060224	0.0220469807915699	0.0226419719525167	0.0228312831956894	0.0156649047984663	0.0133213250703366	0.0158170010469632	0.0141967690842339	0.011463600717116	0.00987774154429551	0.0111906225165191	0.00846803522206943	0.00842913329694857	0.00977908327039911	0.00927183507521324	0.00751994835743908	0.00565338785868932	0.00686208746708485	0.00727922912944867	0.0122052955447772
2025-10-18	0.00865254324042332	0.0102576123420831	0.00805367519235591	0.00303616922513765	0.00935755240161898	0.00745635695552745	0.00757869949657897	0.00660739114627459	0.00832726148416118	0.00738354889205938	0.00814571477620203	0.00614347484757741	0.00524469672773281	0.00676383098400614	0.00631670744249393	0.00467476484576713	0.00344146657567267	0.00371186856594973	0.0027240842001352	0.0031225806582424	0.00199008467993021	0.00257894534020494	0.000782186873211257	0.00164878310665359	0.000694684245678846	0.0013085696476786	0.000751153003685344	0.00224559310295721	0.00152428508381243	0.00044866782392284	0.00239682532085231	0.000630221771412419	4.70355891573429e-05	0.000292424462553732	0.000124547405279179	0.000535992543009746	0.00163882222257854	0.00230139071771061	0.000382965512291894	0.000676821547418962	0.002619537247639	0.00218729151387946	0.000540940309182625	0.00365223092929891	0.00607241094072335	0.00533215579517856	0.00436753629626688	0.00622789696783122	0.0118565508617787	0.0109871140037619	0.0115942582587117	0.00956207687574769	0.0163948878832612	0.0146382860057601	0.0171087909484078	0.0148580351625708	0.021313802565469	0.0188606997656442	0.0212548239968768	0.0185706736720099	0.0256104023700288	0.0245863120696005	0.0241433087393386	0.0246599768210321	0.0342655282367318	0.0336091072843303	0.0321628126428175	0.0329625518361205	0.0449651506426833	0.0455202924080423	0.0474863931958061	0.0460281637534682	0.048734076732845	0.0498056511843911	0.0479345070586225	0.0465257650241415	0.0450897661176375	0.046522098860907	0.0459751995431792	0.0454129354782763	0.0443108730089063	0.0458140345884627	0.0432757501443704	0.0445993422582606	0.0450577839653449	0.0463072851911249	0.0474526901249636	0.0451822407185665	0.0519634502852388	0.0511213671776426	0.051272740672967	0.0526424418641516	0.0572363690987612	0.0562466847610828	0.0609279909274111	0.0565889552127449
2025-10-19	0.0643767358437115	0.0652312593746086	0.0664958649824307	0.0638961397992492	0.0747933104535597	0.0756870579856187	0.0767626454542861	0.0747569861065354	0.0842114854166301	0.0846641619282909	0.0873694798868813	0.0857548727681976	0.0847457340648422	0.0868347145807768	0.0844983398896967	0.0869212114646844	0.0777779795249332	0.078842533420082	0.0790554738436879	0.0793240132112969	0.0730830286298945	0.0740138183237821	0.0747384507928347	0.0711647022534887	0.0696852145285794	0.070189721936472	0.0700617343148075	0.0690633292201411	0.0679631515447842	0.068332571114126	0.0665447899923276	0.0671594873487621	0.0886339647336439	0.0880293131623851	0.0860573592403009	0.08527936286367	0.109240578732045	0.111691911603853	0.111299296386354	0.110768213277748	0.130696594244157	0.134361358509393	0.130251703201371	0.130690344045079	0.149400932887684	0.149785271208506	0.149954658715047	0.149859137188763	0.163461612894217	0.1673806856855	0.163653231629286	0.163504469790996	0.174888022645773	0.172194674931885	0.173693973452877	0.174223328969465	0.174415996587991	0.173918760424138	0.175375149313024	0.173290093674847	0.164301751164053	0.164219827818635	0.165078708773207	0.164399712244105	0.15265318985051	0.154778817581346	0.15391111662866	0.157656875939483	0.148565426236001	0.149943508060957	0.151203063633959	0.149288002069084	0.15317331547064	0.152398000218882	0.151112033864216	0.153316650446263	0.164326771168141	0.162726096196787	0.165483551383515	0.162463581251558	0.172871126552674	0.171792583260611	0.172952375131405	0.17238391505531	0.175829132902679	0.177681163467558	0.176107059946982	0.176382643682782	0.185101792252651	0.182165323166635	0.184902877508958	0.181830007071755	0.190100093508936	0.189365411509843	0.190381930141038	0.192152564840183
2025-10-20	0.193604732168429	0.196124967492567	0.19496914758932	0.196301152749684	0.199199028274285	0.194558116358345	0.196553599226319	0.197689256141051	0.197527048753075	0.199215077605842	0.195668004324226	0.198589869316857	0.192207825182895	0.190294817422309	0.190623715472997	0.1918736419218	0.179311770234487	0.180686380501377	0.179401069446943	0.180600779817193	0.165301252062378	0.163039200298642	0.165908024852234	0.166751522786746	0.157224189246994	0.157905596399188	0.157713484753652	0.157156729600166	0.148684579490438	0.148774163976833	0.14680909231543	0.148732164217299	0.159871466379188	0.161253298127703	0.162030200632643	0.160845034860466	0.164840994005822	0.167867553440385	0.168097245556129	0.167194206997664	0.143032726161743	0.148742477656653	0.145538715325787	0.143686080855817	0.12596025686124	0.129542987268397	0.129056477516182	0.13144027835418	0.127693332588078	0.125396449433397	0.127742584858288	0.126167633120238	0.1295384202145	0.128694999434355	0.128694384139911	0.130072196211233	0.124357144005352	0.121963584256295	0.122220945226381	0.124458326511971	0.121082681758622	0.119926807487125	0.12291866039464	0.121071850359614	0.109116258398872	0.110083500256954	0.108861963728082	0.108938277616092	0.094011161835986	0.0961902278865407	0.0957241378111282	0.0980744724663451	0.0748478626132433	0.0765576062500408	0.0762072586894511	0.0743872724472648	0.046684425206596	0.0486675866399379	0.0493307281775525	0.0473172599759137	0.0266573474021257	0.0274989056941403	0.0283622730182286	0.0274814738855054	0.0213654948853127	0.0196739347831172	0.0214055731760049	0.0205549971555652	0.0201760739224571	0.0187001637643587	0.0185763861055858	0.0215473762075984	0.0218490431347326	0.0215496846858629	0.0216033866076681	0.0209978855717364
2025-10-21	0.020932671263444	0.0226391713851406	0.021640704110759	0.0237874532406564	0.0160535429874345	0.0186257005041086	0.0166317287623808	0.0186890277460762	0.0102067031101472	0.00970152432941376	0.00835493460820068	0.0107368379522383	0.00785041539559612	0.00690522195828146	0.00678097261352871	0.00846339003259371	0.0136222681251432	0.00924996372140133	0.0127869616773654	0.0123408064760901	0.0305599218950444	0.031132415165395	0.0310887504318836	0.029218912507677	0.0629360279470441	0.0612297363291005	0.0614258071011381	0.0644084286227172	0.0801139309628091	0.0783075452547373	0.0782522021383387	0.0763263216441149	0.11709161421456	0.11492332392428	0.11751714603218	0.11446791582898	0.157067441456229	0.158633761448549	0.158383392349902	0.15891540474532	0.173879987053676	0.17569921547993	0.179263800663651	0.174156996802743	0.186848529251431	0.184749937364241	0.186191342938754	0.182210190445574	0.189529733232775	0.188391065862824	0.188936229529349	0.189142971375052	0.18837487589512	0.188873706775969	0.184205467701967	0.187545949626944	0.179883846699	0.180879832841879	0.183134087522419	0.181102232936702	0.172154850463022	0.172440348804426	0.1719837304229	0.173421070309653	0.160901544580939	0.15884195170679	0.15681448647011	0.158442017242161	0.146846527312372	0.143620302089933	0.147365708374381	0.145167462223313	0.121702038241239	0.122022146731583	0.122015203442018	0.122260611585161	0.0972196338321475	0.10107391102692	0.0996532494132074	0.100053205727725	0.0736123247290467	0.0735936283127347	0.0742653224951622	0.0755287244630564	0.0607434782981394	0.0568049582382552	0.058367232547562	0.0570843309160434	0.0523592610268052	0.0538861317880238	0.0530024890430505	0.0507521181421204	0.0564156756859531	0.0543737482711334	0.0557747357551914	0.0564358402877221
2025-10-22	0.0672680235796798	0.0675156072846111	0.0668847969368808	0.0693315721988284	0.0919632399956028	0.0893746327968985	0.0928283289954073	0.0918337982120913	0.123659330304517	0.12572187095939	0.128748285241339	0.125870513494755	0.149273210003138	0.150176575226943	0.146240427626075	0.150309787143844	0.153992580632117	0.155326883243683	0.155343558063004	0.155336978061196	0.151240468390284	0.149363070849469	0.151151102744932	0.150245358015315	0.141649466155044	0.137595801153897	0.137311347126156	0.139443385564902	0.109717445812489	0.109371252648374	0.109818527897411	0.105092773641726	0.0797188384178531	0.078106297926486	0.0786161003402437	0.0805587633154172	0.0547997926814158	0.0552915511294666	0.0604482897969772	0.0544603663921404	0.0394626436223768	0.0402257692176474	0.0421944081445131	0.0421171790154627	0.0431783618796223	0.0430902170984852	0.0440294639329897	0.0427019570889027	0.0505262772414356	0.0502335475922861	0.0481415929552341	0.0490985822110442	0.062487483278773	0.0639656431824542	0.0637851013157986	0.0597617722229743	0.0820440771388729	0.0821542778139107	0.0827877039191848	0.0820139411280317	0.103328146585707	0.102578207877172	0.103657645512018	0.103436000025103	0.122816234441138	0.122387167092457	0.123605043000763	0.122191555465642	0.142782055104563	0.141949785875694	0.141658804174943	0.141609354844801	0.155725269921528	0.152060021852046	0.154936467059397	0.156278241167029	0.164345548701235	0.163364824649504	0.163337803821106	0.163951822828155	0.168085078522042	0.170017204229042	0.168493735634438	0.167403981614479	0.167148522024492	0.170308499805315	0.167514626724136	0.167028351446057	0.162686818662834	0.159929008410726	0.160858244490531	0.16052592843591	0.158715326710061	0.157498384476864	0.158412590280379	0.158373698532696
2025-10-23	0.163961114069204	0.167746075293944	0.16538380456065	0.167909006076202	0.174833621800828	0.174335535016178	0.175431213065852	0.176399630117141	0.181767535299464	0.177113527402232	0.179687230808594	0.18043170648971	0.184136198073752	0.180249228077713	0.180305028212577	0.183309545635957	0.187419050400051	0.189131273191246	0.184295158355673	0.18715451805303	0.196592948202641	0.19547942465415	0.193779410083854	0.194148217059355	0.202697949790637	0.200747341118117	0.201307936772743	0.202246772318504	0.20513856135974	0.206274480677891	0.204955217488365	0.205631740474004	0.23201270327317	0.233730489364401	0.232211410978219	0.23204539638421	0.246784891221898	0.248007699751585	0.245619826961669	0.244587582064849	0.247549220473683	0.250221016867911	0.246687391590235	0.246542371068171	0.248436174225194	0.247394868203345	0.248059987013712	0.247108970557748	0.245619010861649	0.244943055302414	0.247185183459974	0.247252750375963	0.242907227749145	0.242328863554791	0.240005890259711	0.245758018436352	0.235904297806997	0.240296416946998	0.238256833409752	0.237542451836253	0.23420651253113	0.230966810203616	0.232886974986245	0.233939702279009	0.223339074573235	0.224538541837618	0.224351533401572	0.222770850187575	0.211502064219102	0.212231228715377	0.210162935368284	0.210103771697237	0.194644728928045	0.194739469673052	0.193495113881381	0.194120687517522	0.168130138683204	0.167694132832957	0.168625655885749	0.169550072598091	0.130847430523595	0.130973283290684	0.131349671802079	0.132829614383643	0.0955886010605115	0.0938276855984619	0.0925093593868058	0.0970743539542209	0.0690814421398892	0.0712677346840387	0.0695247947513305	0.0681260284247416	0.0569772951469249	0.0554833183283913	0.0538746174650675	0.0546647690596163
2025-10-24	0.0528315709950066	0.0530392809327236	0.0511353394334792	0.0519938086387906	0.0532738451082064	0.0520849199393819	0.0536485586584172	0.0509926762939945	0.0566908204813527	0.0571445956110758	0.0607219748531735	0.055442609054398	0.0587379218225026	0.0611826688993948	0.0621021004212873	0.0609773088568153	0.0587627731775651	0.0614743929588771	0.0629835426468599	0.0597792912166979	0.06381351429689	0.0620703492109358	0.0612940760623616	0.0618220604298126	0.0625836503554082	0.0631848306057587	0.0618829932892284	0.0623485257496047	0.0529208243062235	0.0577563776748032	0.0576962769222764	0.058626521096697	0.0550021337161123	0.0537873919637918	0.0562985512322306	0.0549119230878653	0.0823087113883253	0.0795405372766755	0.0810727271453168	0.0820780241896825	0.0888970973320812	0.0918900549019828	0.0922254934994038	0.0909873542665322	0.0975870164121332	0.098320398205372	0.0981978503622244	0.0968947350202705	0.110379586678596	0.11109479920633	0.10864292157376	0.111882692541314	0.11522688036324	0.113604114284039	0.115696542671345	0.116472462681377	0.119402425421581	0.121660103111964	0.120285891932955	0.1196515795335	0.115317062066596	0.11206405625289	0.113065179713648	0.116553701966866	0.110559184462807	0.112131601830876	0.111584062770557	0.10972515093576	0.107405111376757	0.105256462734594	0.106021629034627	0.105316796854021	0.0889401837440141	0.0904184556484626	0.0901660558015163	0.0904753048060069	0.0737143168899628	0.0736903255342073	0.0738720957463997	0.0727232618294302	0.0626323644189476	0.0617587785356665	0.061526014607072	0.0600828424383139	0.053460254630395	0.0549104651742567	0.0553251960749384	0.0543040841204098	0.0446806378847534	0.0481435970395658	0.0458969164720777	0.0462788486036031	0.0364221525332279	0.0337783804062014	0.035763191682356	0.0360362753782147
2025-10-25	0.0243124151821375	0.0234509027146173	0.027466030693263	0.0247706514099822	0.0168805894455474	0.0159972006879016	0.0168804624640639	0.0182417474024871	0.013110862209276	0.0131199060873277	0.00883551307564603	0.0129337186277503	0.0126685968085197	0.0136502402506692	0.0134673642633332	0.0142137986774779	0.0182558881300095	0.0185915603209049	0.0157516754916494	0.0154008760574363	0.0155135949497745	0.0144030343328894	0.0157089097164952	0.0153744610008409	0.0131509647517363	0.0154389094765618	0.0129464499842534	0.0124636757874485	0.0225934020598936	0.0211323569383612	0.0195098500935237	0.0207643909082215	0.0202529212769934	0.0214845725706905	0.0206304232233656	0.0226320829289505	0.0207713173402718	0.0230533075545483	0.0234859557242715	0.0206894193809084	0.0283612825405634	0.0279239910998387	0.0279029087510571	0.0288118176085409	0.0396180531258532	0.0384744509713551	0.0405614969608476	0.0403459989419441	0.0630195312450643	0.0614205552119668	0.0612878704635008	0.054272043079468	0.080761865389099	0.0786585410430624	0.0812854674241586	0.07829412614368	0.0844414513042956	0.083724437839076	0.0838397198273877	0.0849943910292407	0.0878966620885443	0.0894568403224985	0.0875017037577229	0.0901447938312343	0.0961614797546314	0.0949592592926605	0.0952903590067052	0.0945889019460028	0.100934555843108	0.0992827783258576	0.0964481036206911	0.101334562210344	0.088261290303283	0.0923622333899983	0.0858876718051439	0.0874888045015748	0.0699245673391282	0.0719455532662833	0.0734915111123528	0.0736383682822357	0.0532171185356603	0.0515363986101985	0.0529579943813224	0.0542884884728188	0.0474402557079935	0.0477492548619713	0.0481816833487311	0.0466288060813042	0.051610631865024	0.0507723801945043	0.0518369931827372	0.0507799947577345	0.0496736338382852	0.0488312445904951	0.052280313426164	0.0502148081450558
2025-10-26	0.0483401209842245	0.050429142668598	0.0440288217806293	0.0482019145665483	0.041994299564224	0.0421783497089421	0.0439429487397583	0.0428844019870756	0.0344495530157	0.0339394384831942	0.0339092339566177	0.0347017745444881	0.0283578623453501	0.0282288162672635	0.0285487847252561	0.0278645366621303	0.0239071879817556	0.0238222059087501	0.0246505160057607	0.0246200901037335	0.0279094421814254	0.0295039205397649	0.027990846768434	0.0275957905103757	0.0334444306306189	0.0332528640248843	0.0317265911488205	0.0325761141956763	0.0402466919109135	0.0388190701596664	0.0388969226301686	0.0410373152992515	0.0377413904476282	0.0366969512139229	0.0380446456059345	0.0395170127325145	0.0287182389122183	0.0293872073239557	0.0292338647149634	0.0266606890488626	0.0232044871187601	0.0237827568674126	0.0267637359276239	0.0202490200862034	0.0230123928512885	0.0208498438199341	0.0210583791855077	0.0230793841432697	0.0224275945613656	0.0246198141448492	0.0242404190560787	0.0247121722377065	0.0225920785765319	0.0241553551717461	0.0236506061727686	0.0226019600789534	0.0166602026022016	0.0181753025781939	0.0181220693579893	0.0160424254616152	0.0130453683201298	0.0119001850513288	0.0152362377125929	0.0128182089159485	0.0139712703001321	0.0135687385424572	0.0144184570103891	0.0130415341470216	0.0128640153411624	0.0141049862341459	0.0127452411048869	0.0142857573198048	0.0061847147831252	0.00699540040315703	0.00636680345648757	0.0054530813572302	0.00466787299242406	0.00480011700991153	0.00436035043953002	0.0031716595581344	0.00536745333563331	0.0076689416064755	0.00555726425496237	0.00540634080292882	0.00727223510771476	0.00677525977551279	0.00465725368176095	0.00629525143501151	0.00596278011138776	0.00442822522509804	0.00335821220697384	0.00525078245654036	0.00252796981766172	0.00384108901455744	0.00206824844707209	0.00356269272070875
2025-10-27	0.00759331688414852	0.00736574880630353	0.00716790458949235	0.0048730297200556	0.0143983439175772	0.0134306991655106	0.0106404027089822	0.01153055420793	0.0132892065167301	0.0168580172646907	0.0192235871953236	0.0186291890232556	0.0191318358782586	0.0198187260008495	0.0191991526581521	0.0178502854627399	0.0196533689561363	0.0203137872995677	0.0226992220524023	0.0193336216918937	0.0208738784232407	0.0215180968019876	0.0228155980166529	0.0217924267581188	0.0256823140387098	0.0244454697668488	0.0225891217766764	0.022283094417765	0.0251861347985774	0.0238065824770828	0.0246216418326921	0.0253856408916478	0.0193296798653534	0.0203725551388095	0.0208375804212328	0.0194601845746044	0.0127900599534845	0.0169611552898646	0.0145007635610569	0.0157480211955939	0.0152344397015088	0.0150819863032446	0.0141605265048965	0.01352304749035	0.0144535486584106	0.0143008020220776	0.0144239769486722	0.0138216723708396	0.0153712911220936	0.0175683319351668	0.0172668123818775	0.0157935645608621	0.023232999018568	0.0228126408866395	0.022211640741523	0.0237427193532694	0.0295161786182404	0.0305304201909883	0.0274310273244578	0.0315223738663135	0.0351928948549278	0.0325264608612618	0.0344356329734086	0.0368450113104017	0.0396367306747124	0.0396489172661937	0.0383390260353413	0.0403753260237526	0.0324157073975762	0.035059647921028	0.0326266683832721	0.0368979762981237	0.0208698350150931	0.0210160284166881	0.018274865335653	0.0198392712325659	0.00877026941210273	0.00947107195240997	0.00659279719734164	0.00716586143814566	0.00316325657608178	0.00315995403966887	0.00305407287716559	0.00362271650708376	0.00304984941819635	0.00371425382018206	0.00340861100341921	0.00582728575820238	0.00612315657883964	0.00575805728059779	0.00393825627557561	0.00618052986498696	0.00682609543891451	0.0114805106947339	0.00453284202988978	0.00516055183646177
2025-10-28	0.00925052774102634	0.00926207857886501	0.00761889780819013	0.00486849587191852	0.0079988021496436	0.0110029633497522	0.00777473753922303	0.00822349696138116	0.0122134271925226	0.00391722892678668	0.0129850626294655	0.0098842812512252	0.00987031631153593	0.0116896884778072	0.0109360189211309	0.012503976289526	0.0123104227350308	0.0154216274430673	0.0146559279622208	0.0126120218596812	0.0182295569882755	0.01603366489778	0.0157641239445683	0.0179726541693763	0.021418212680283	0.0198289961004298	0.020347574050736	0.0224052171685512	0.0246777869702106	0.0203675746107654	0.0235719237834136	0.0253827146356104	0.0258712386308792	0.0242275353858967	0.0245126906284483	0.0253885353547758	0.0217291044552417	0.0287166645584882	0.0234113141051563	0.0251429168811138	0.0215768710216445	0.0229166312652241	0.0228303092136859	0.0226761884994455	0.0175695116909916	0.0189961170101343	0.0210369682818279	0.0223974030170463	0.01848787734931	0.0174621955312548	0.0195125891094132	0.019537338010022	0.0190243496955016	0.0175415948813258	0.0193980353629529	0.0210360200602197	0.0212044252032446	0.0236493696008903	0.0205362090592054	0.0216099961366597	0.0276251789783021	0.0262904360665242	0.026541057304662	0.0285433276505116	0.0372442230592352	0.0397878244198678	0.0400943364466432	0.0388736160742537	0.0544343291343969	0.0536140684646755	0.0551781267299864	0.0547734756709413	0.0686089831290165	0.0686732679249707	0.067218123574205	0.0664996253718078	0.0721458127174434	0.07174775833986	0.0718509445617841	0.0732554843809126	0.0636163535693358	0.0629670695034603	0.0621691057224592	0.0622474712047446	0.0513715506330316	0.0511337526201059	0.05225443141679	0.0522402653300725	0.042586754310424	0.048001541046554	0.0463917782695116	0.0470199263735104	0.0406658087862263	0.0413877385850395	0.0423495606259157	0.0415968920028185
2025-10-29	0.0461522284797616	0.0467403966184079	0.0446558512049446	0.0474515236968859	0.0618566384797852	0.0638990479558655	0.0629831136893794	0.0612611998749698	0.0790527349433515	0.0805214987286065	0.0741932680198396	0.0812324983082025	0.101003373925001	0.0970280008258703	0.0977227920973028	0.0952458331518259	0.123115257248919	0.121653952826333	0.121984766491018	0.12024602343373	0.140473863149231	0.139996136379171	0.140814311214176	0.139715689257422	0.143764996226499	0.144887095001782	0.144773178537107	0.144574730234612	0.137890519080692	0.140729884658706	0.139101238246179	0.138278358014423	0.129884372556997	0.133538227461948	0.131277079634401	0.129300320346653	0.124134229420609	0.123687991300842	0.124995010275196	0.125182769003353	0.125170694957221	0.126213870380975	0.12602618168111	0.125589252980694	0.132395368534179	0.131275010511304	0.130840208771973	0.130489412182544	0.133468425032269	0.136522145827486	0.137691375656369	0.138318053483876	0.129564726883566	0.133208175672581	0.130682503551749	0.131544593892104	0.119344649320837	0.117775969874783	0.117327393374105	0.117551987430276	0.0956849037615403	0.0968034418996328	0.0971425226745383	0.0983691316642886	0.0711738360824717	0.07267792381551	0.072577735921876	0.0725705041801423	0.0556174790705958	0.049353423186921	0.0542804230564988	0.0537486746859843	0.0379206007419763	0.0364489296828579	0.0371651836144014	0.0374652859607644	0.0271532999451506	0.030420289441588	0.0283334884057822	0.0270929222074792	0.025790589552237	0.0270168879877733	0.024651951667613	0.0245405707923767	0.0338528523730822	0.0355425257090213	0.0329267628979809	0.0326778590199157	0.0426201946834642	0.0422160333235649	0.0440964750215751	0.0410672969713958	0.0377616701700172	0.0377783949860098	0.0401330113937585	0.0363269234502145
2025-10-30	0.0293972855658784	0.0301546050307557	0.0313142678764673	0.0291338415268986	0.0284229451584918	0.0291235981305725	0.0252337864321468	0.028219670278789	0.0335275241430608	0.0343438487551687	0.0330910506844775	0.032037576417293	0.0403233273762491	0.0377942912789279	0.0388571714454922	0.0390252098993308	0.0407120588751909	0.0415984100497285	0.0393118494503415	0.038377681624739	0.0409041417552052	0.0427752731961066	0.0406835163102585	0.0416370687384297	0.0385812663308177	0.0366924861615454	0.0384828813817263	0.0382433661259106	0.0321281027837333	0.0313595365833847	0.0313779537502579	0.0331344068826242	0.0261099530636296	0.026743798521704	0.0269148202502097	0.0302314281644567	0.0272664887134312	0.0262466008177639	0.0276385885369581	0.0268483219318468	0.0241553220812769	0.0267248885685831	0.0261644505715986	0.0239553387785414	0.032034121137952	0.032486135120756	0.0313098515287035	0.0311698922125885	0.0468390340788121	0.0446927630070089	0.0466363960698186	0.0458318068443603	0.0616471349372774	0.0625586103900066	0.0624009984089759	0.0623932562637401	0.0732279678083623	0.0757734735262254	0.0750978224204689	0.0749007362449434	0.0787720410553292	0.0770761928411528	0.0768876867155492	0.0782640793879687	0.0830695179853202	0.0811046458011156	0.0809203545869562	0.083905481626608	0.0992179282514609	0.101291138574714	0.099925042018908	0.0975658911549169	0.103485072934574	0.10293684624793	0.102930572739823	0.102647508077673	0.099137614778895	0.0996465525625174	0.0985285839157136	0.0976872487428739	0.0971893673297868	0.098065460880576	0.0964578022830012	0.096287369506636	0.0996634575441206	0.100864824539791	0.100158414707537	0.100313303208552	0.098704549713797	0.0995609212656871	0.0969537587216853	0.0987807702988306	0.0921016068794116	0.0906124301617959	0.0919176842957548	0.0913682786630377
2025-10-31	0.0850075480522419	0.0857631120923146	0.0863763497408716	0.0798529901145719	0.0766705476657599	0.0777945645531932	0.0750647851953531	0.0744701025856938	0.0660974740557691	0.0674464142807932	0.0653165408227108	0.0651395708407269	0.0587794450217111	0.0624600146089571	0.0606557317640027	0.0631048086053291	0.0461692351581181	0.0444274538625175	0.0452315663871282	0.0431717445922362	0.0402388258207299	0.0411006925730388	0.0393605819559699	0.0372998996502614	0.0421494967034804	0.041311732381558	0.0428637563108432	0.0416750146041184	0.0331635433515858	0.0301907237183054	0.0330957923501439	0.031549940579965	0.0280042585022217	0.0315374743624911	0.0271699356381358	0.0272883314971513	0.043914208819858	0.042278264421284	0.0410886653655249	0.0397188613933332	0.0617951132066242	0.0637605268159906	0.0605214217091894	0.0609229382681957	0.0695919496638337	0.071110828767586	0.0725529059987821	0.0717443155697983	0.0708962789757998	0.0722829532069858	0.0703758685925767	0.0704448992246377	0.0763892142196985	0.0747083233943239	0.073526032805623	0.0773764295803547	0.0855455982374472	0.0860864243373553	0.0868063358575519	0.0845616415676457	0.0884572851513527	0.0851655610628089	0.0891735749491884	0.08920357883665	0.08729960714108	0.0906311309910529	0.0913831382447395	0.0896861236231276	0.090979178467582	0.0901185915226304	0.0899738764921819	0.0909283535176058	0.0781026771134102	0.0773359209107908	0.0765135699625572	0.0770478320132418	0.0690983139809031	0.0677641251869347	0.072700821506997	0.0684367393251652	0.0618234873265854	0.0623138801488155	0.0622372954483588	0.0596253370762403	0.0563924298330712	0.0511542616739843	0.0533021250583704	0.0521511834345741	0.0515914759055447	0.0515568900480341	0.0507558651619595	0.0520957688844617	0.0471266596989869	0.0473449094706225	0.0505972619596652	0.0479311688707253
2025-11-01	0.0466342044421753	0.0447025839240703	0.0450937277056495	0.0465694839281049	0.0447568023399501	0.0470934407010651	0.0430344313952534	0.0431153255637314	0.0439726768343416	0.0412879577461727	0.040914003748258	0.0428253616712276	0.0424957778711994	0.042911716186066	0.0385861811684193	0.0430063247743153	0.0457513688936168	0.0435667912819491	0.0427542337853482	0.0419276060390859	0.0465851090964449	0.0466786773066038	0.0470518014854008	0.0436844121115504	0.0468024034028546	0.0434688061008999	0.0449375434998545	0.046791246996391	0.0452356810705059	0.0457252561927771	0.0445591213455798	0.0454799413911372	0.0426633651062653	0.0459190940918686	0.0440976163244751	0.0423199244773909	0.060581540429933	0.061455459529717	0.060789956755313	0.060173043285037	0.0813583490011584	0.0821851522479902	0.0825707028392765	0.0818857959115749	0.0874818132164862	0.0889693948021011	0.0866225311948251	0.0909262607865876	0.0892978297170799	0.087276856893849	0.0880598792253997	0.0873654341636714	0.08894567073829	0.0829140964895854	0.086353728789732	0.0857865039823927	0.0720493784763871	0.0738937531229063	0.071903104055492	0.0731537643452145	0.0685518841542964	0.066821704478182	0.0687054977791646	0.066920913588357	0.0830628394995514	0.0834473317060194	0.0836059551284957	0.0818838736659335	0.090263221447975	0.0883995831675443	0.0886286941851056	0.0907085011993751	0.084325725898087	0.0821807511175964	0.0844546670885761	0.0830388558957405	0.0743444206670491	0.0737772987291962	0.0778180417712214	0.0740602388325333	0.0586603115584535	0.0625995810446323	0.0617702558737777	0.0619698515231365	0.0618921305240134	0.0627149430211116	0.0614154713914669	0.0629774550634081	0.0677538548935351	0.0669393733682957	0.0668291991400639	0.0684775725981053	0.0752390077811852	0.0727696320138199	0.0735355281541834	0.0724558320508116
2025-11-02	0.0798207002749791	0.0792217922816373	0.0798761531448707	0.078081354298513	0.0879734270065648	0.0858425972608502	0.0841865394112833	0.0839974363213018	0.0818583219135182	0.0823452149074157	0.0856938883561695	0.0841025748228966	0.0685149602273063	0.0684260359333344	0.0710081484266293	0.06705085541273	0.0630726943976902	0.0654939014312807	0.06427496821896	0.0661584359520691	0.0827019170310564	0.0840254478044632	0.0832048820500328	0.0870677531144476	0.102131150289728	0.0995121353901917	0.10282218948876	0.10253452483132	0.106031835977857	0.105121898446456	0.105626270489097	0.105219995086589	0.107248586135387	0.107518431143507	0.105436222810763	0.107796759910342	0.118949502476938	0.1198039357899	0.118857513907406	0.118389047825756	0.0929356973644014	0.08970419143488	0.0928679885735049	0.0924921226272137	0.0620366377231855	0.0606651835910744	0.0583066963920733	0.0629914822936668	0.0516446245728694	0.0522249282780693	0.0524417777552859	0.0496886693937754	0.0449687961089121	0.0440040037075776	0.0465648850755437	0.0444623151079665	0.0456359860418393	0.0437979712696737	0.041459443144219	0.043106599544268	0.044014906500173	0.0430568258374322	0.0446881270612695	0.0432401406011254	0.0421525482545946	0.0406351251172459	0.0435026685107258	0.0417096581174337	0.0324576127249042	0.0335395919217387	0.0349950893290274	0.0340077060243296	0.02605269993578	0.0275160060491021	0.026379977766168	0.02605131624895	0.0216491425966471	0.0204293678281996	0.020777909876746	0.0211435796984073	0.01648935965225	0.017330226062406	0.0162314199701108	0.0179489943152332	0.0159702876131395	0.0145393717022538	0.0192314523779186	0.0162588883066881	0.0190250876295506	0.0193072458274806	0.015226903971989	0.0164407625709799	0.0200714233507389	0.0181865814634939	0.0178183102122593	0.0189236849735079
2025-11-03	0.0145645553748598	0.0171597952938382	0.0179046481993635	0.0173710011319385	0.0105730940883225	0.011404410341567	0.013289026582542	0.0127334689875686	0.0125996726651913	0.0122799856131615	0.013318523622695	0.00980181809895224	0.0104016996015188	0.00946305129655588	0.00943497493933805	0.00870027416258722	0.00880497567059079	0.00932233734772753	0.00968226521332967	0.00819042176835201	0.00967061379287933	0.0100651846458026	0.0121800496615812	0.00908415189973692	0.0160532269854844	0.0129839499535857	0.016065612193446	0.0158972108674839	0.0230421312925013	0.0231077677022682	0.0204468768152768	0.0194032241899537	0.0231575472937952	0.0199343884577044	0.0217708627103218	0.0221372015381786	0.0193503914864876	0.0187442176393615	0.0212218632350655	0.0226835276390855	0.0174905075091706	0.0127996164178861	0.0149397146195676	0.0147701614533757	0.0105999017183458	0.0137935373012808	0.0112163958022233	0.0103901651781501	0.0150347803284258	0.0162152794012232	0.0173623240857469	0.0163876161846041	0.0216429106161708	0.0225914132424947	0.0179214310390435	0.0218442451022911	0.0259411795063298	0.0260844761857314	0.0244048051294294	0.0285695391785093	0.0322631992731955	0.0336142098066974	0.0315376603166687	0.0335849306034385	0.046000465234307	0.0446772638440972	0.0433805015495212	0.0439417693720745	0.0484021719936386	0.0496484479028489	0.0495600168320984	0.0503893632714141	0.0437109529799198	0.0422983218665807	0.043806173330014	0.0411845518234855	0.0351786562572679	0.0354709834658804	0.0343604320256999	0.0339899282511518	0.0304333007106721	0.0298143704938813	0.0284339526008079	0.0303183761946388	0.0257794492730251	0.0258927180739642	0.0260405458529462	0.0242872868000645	0.0208207564867344	0.0218803932704457	0.0196723099759526	0.0226265402668673	0.0183931755826992	0.0194008432969082	0.017160511978314	0.0140454691420786
2025-11-04	0.0137364118618818	0.0155389888542241	0.0155828865812885	0.0141417127026056	0.0131737549664154	0.0137233178506414	0.0124017784528175	0.0147011487301257	0.0142201997000109	0.0122357177895958	0.0126877927664833	0.01085628974391	0.0102003333115558	0.0121002387750566	0.00855278517677185	0.0131466427366158	0.0119099227704703	0.00862881824570802	0.00819408971856745	0.00726716926525427	0.00555270831624846	0.00707521005372783	0.00980701130328518	0.00756507032673853	0.00608731124611678	0.00697900685446195	0.00674158197472824	0.00619209992469302	0.00486483694029619	0.00940615357007504	0.00612783238577237	0.0046011771038564	0.00575205520000685	0.0065411133960937	0.00744421697656958	0.00626261442732988	0.0144084446156158	0.0146490423619696	0.0142471154977949	0.0146953975246197	0.0280972456047872	0.0280747286238998	0.0260817554864866	0.0287462702848264	0.0341341370795704	0.0339853703980294	0.0326732462251483	0.033207246297252	0.035455866530841	0.0351225106279583	0.0380701908094598	0.0363514320317408	0.0372332620949139	0.0355231163985375	0.0350141348654944	0.0342294866410543	0.0318923983094253	0.0316917206805996	0.0326585189071937	0.0317573621027814	0.0304512991033204	0.0285802385682852	0.0294862510127457	0.0284822113156487	0.0306810644425856	0.0308714277162621	0.0296509739657962	0.0307965338753562	0.0320764487486898	0.0305029930488441	0.0323579340666354	0.0300626241358307	0.0289446183098956	0.0295547195693328	0.0300040208768885	0.0294966412438831	0.025804843689935	0.0254790130773619	0.0278220028697666	0.0288941403629365	0.0222872104026487	0.0249951981805822	0.0268325661696446	0.0258850252471245	0.0236354032360284	0.0229751782206986	0.0217979061287624	0.0255915124145106	0.023628735443047	0.0214539208104002	0.0231180120302655	0.0217993317162873	0.0224245341136496	0.0196476527166299	0.0224640986719429	0.0204637144977776
2025-11-05	0.0202923475979759	0.0215132918859296	0.0185133548158578	0.0186810057002367	0.0173235440650125	0.0204613099967538	0.018383531678884	0.0188316142593497	0.0169031998127953	0.0182811335264918	0.0193656102667297	0.0184500563939831	0.0187179099849852	0.0176911794617084	0.0178554155001113	0.017735495053195	0.0199550145938035	0.0208274374382173	0.0187595741248458	0.0194579738431335	0.0247019229661475	0.0253777110870459	0.0272571860102318	0.0276631799365748	0.0332431542705861	0.0362660969644165	0.0359335621361186	0.0345571866288788	0.0454378769521107	0.0468431877460768	0.0467125072321696	0.0440064280696428	0.0562059195551391	0.0540406539216875	0.0555839135336861	0.0581695129894873	0.0700940434740858	0.0703355069090057	0.0701898321596362	0.0703806174572723	0.0730542497924283	0.0759998842858451	0.0742333566786607	0.073712509243066	0.0746035852191781	0.0731719055009424	0.0724944088477265	0.0757301004321529	0.0725118084758433	0.069949157947359	0.0738833803036666	0.0726556532731311	0.0672749722123706	0.0661718094840052	0.0664584340566549	0.0680947842469694	0.0557496652361373	0.0566136419399016	0.0583777488206645	0.0562589440032965	0.0485872624227923	0.0440538558647888	0.0452653526091466	0.0470935291032723	0.0418501797491478	0.0397599165845316	0.0410237408480873	0.0433661628182333	0.0474975429355384	0.0465092318240144	0.0478093623547808	0.0501838628856665	0.0579346154841567	0.0551507746874799	0.0577306903904452	0.0561839194379182	0.0628887594205893	0.0660058224293674	0.0636504354789015	0.0624549826711418	0.0761523390342535	0.0750247210628794	0.0759852066170201	0.0748377332858469	0.101200484733249	0.103577648974498	0.100946919179614	0.102274947112639	0.125254048143108	0.126042437485108	0.126341254396077	0.125362259975708	0.128244298401712	0.127817122826652	0.126995865344374	0.128942713427263
2025-11-06	0.119325607390739	0.12223501270996	0.118915478915757	0.119523900983544	0.104604376098939	0.103787389796854	0.103409176866196	0.105199057238011	0.0861299646335453	0.0827770915676342	0.0884948022266435	0.086598141572177	0.0798596461995363	0.0810532393049931	0.0819763547552329	0.0821107597402377	0.0923197685097315	0.0977612237875083	0.0939538190220131	0.0929651886807471	0.116724419670653	0.116922821050754	0.11929912825911	0.117053631019482	0.157857360244449	0.153657399445436	0.156918054991719	0.156567185318396	0.180597030474583	0.179628229023756	0.18028621090181	0.181488529599851	0.175444107741785	0.174346416049313	0.171852817863734	0.173356658345168	0.177108776648585	0.176127150060046	0.178330588839871	0.181433484451498	0.178844259919027	0.179861538399669	0.18133193874268	0.179962262938624	0.139198100428977	0.139324235141191	0.139296463429644	0.145181201000188	0.115961085432019	0.115431933409036	0.114463166637273	0.115143814521672	0.133210866742368	0.134655032140481	0.134344524540297	0.132789576576855	0.188062805493095	0.188431833091758	0.187584386407754	0.187920975007393	0.211612499605504	0.211870282740505	0.212771144827283	0.212746072826707	0.215581530519064	0.20824233814961	0.211081684367508	0.211094446963818	0.207752527612484	0.204150582075652	0.207500866569574	0.20759602374229	0.198062218534016	0.195802072798104	0.197286623228644	0.196849085439236	0.16979835580352	0.166044580294023	0.168950115189456	0.166206948713001	0.139297868407728	0.13923933496443	0.13732825560213	0.140134541025712	0.121412461724137	0.1194869927232	0.120239428428446	0.120861117124218	0.0921077649255034	0.0920110797372396	0.0931445595261547	0.0927365958111022	0.0749999187554476	0.0746131713405296	0.0735931427511495	0.0737937671528732
2025-11-07	0.0681432816074411	0.068899943496407	0.0686809370376117	0.0692758378585401	0.0738132047106166	0.0710436809943092	0.0730581462828924	0.0720849680121817	0.0823595571289988	0.0827387809357842	0.0812501125271854	0.0816515494080316	0.0931495745631589	0.0909615905744166	0.0932151313047642	0.0916737035576603	0.0940546279111846	0.0929538346697339	0.100329968819633	0.0966615685994488	0.0903193810778395	0.0882836656232931	0.0894008792242331	0.0929960740746343	0.0797391274943369	0.0791891912015805	0.078159301233398	0.0799123800706846	0.0583920035590955	0.057777179177657	0.0582615731302839	0.0585692441329636	0.0355091241577316	0.035631390836498	0.034214559223461	0.0346449257823095	0.0218214193791521	0.0272179619874361	0.0219208765900457	0.0220397420433661	0.0277340150450361	0.0261543646082138	0.0261590668412269	0.0239525535055232	0.037160852738402	0.0371794269054178	0.0357569466535097	0.0359027737026704	0.0444728359687305	0.0460701240575142	0.0465757930048166	0.0468812469689387	0.04731278486851	0.0521635058713279	0.0508663412832385	0.0506573679769236	0.0500278732666067	0.0491858981757474	0.0480260793360582	0.0467601492215877	0.0482062708522933	0.0504785641736573	0.0471414515485141	0.0491737134255354	0.0485081440834024	0.0474247946828298	0.0496408213101949	0.0494262399235729	0.0365426543281834	0.037564794456717	0.0347924720531261	0.0381000791619736	0.026229580798032	0.0249249692244581	0.0247956383737655	0.0270498116037443	0.0303689184363206	0.0297681632194612	0.0313957477786882	0.03346717056553	0.0331015479593738	0.0313725128957241	0.0311999274803704	0.0343260116645317	0.0218511583510879	0.0220886135418985	0.0225475616017051	0.0215126665053085	0.0154223862651474	0.0174719448319173	0.0198067456272598	0.0192989232756755	0.0216825619298216	0.0199094341857186	0.0187464949796488	0.021661508904811
2025-11-08	0.0250125438132188	0.0239194799648637	0.0243742795215574	0.0276936967003601	0.0243262104691363	0.0257807466605528	0.0266987627803563	0.0241942800899545	0.0183401699708665	0.0197441742087856	0.0238533076935521	0.0180623481267958	0.0167580318336572	0.0188665425531154	0.0162795813067177	0.0150958443065098	0.0156121895590462	0.0155760023845227	0.0152026620336017	0.0146091460228294	0.0185583049219187	0.0208539590956095	0.0192467703212072	0.0203409656612647	0.0328317472194285	0.0349253629742993	0.0325960601391234	0.0336468296671488	0.0718390051227333	0.0719604986673896	0.0774036292155102	0.0737968669943669	0.108138261583897	0.107712815547106	0.108248678832267	0.10790024403673	0.100924160006397	0.101858269715768	0.100000709345863	0.100216860931972	0.0666890436578448	0.0681500650240154	0.0672327510640912	0.0669281402540487	0.0415129558226834	0.0398454201174142	0.0400804591256896	0.0395611649342128	0.0329286668796091	0.0332573508543182	0.0363988289483665	0.0334151533177063	0.0315965772417822	0.0326062235757158	0.0333495865591669	0.0294476126233351	0.0247106331667286	0.0283178818851962	0.0263521703981143	0.0276193145499608	0.0274275015519683	0.0276559135576594	0.0241685792960583	0.0277480055943139	0.0346293364074655	0.034896715333686	0.0318163468079842	0.0346576014508643	0.0440906604320527	0.045686410204856	0.0443858023941015	0.0448371269689898	0.0590173585148621	0.0594413576221392	0.0566562124647451	0.0558850713982536	0.071440097919426	0.0694975209934266	0.0696744858301173	0.0713878952570301	0.0791898899211303	0.0773505516506149	0.0806909492860047	0.0787686091422501	0.0760890382630535	0.0751260550536159	0.074835376641511	0.0759495300418196	0.0712261127302889	0.0678248377144419	0.069690522402555	0.0692585271527142	0.0690639346426397	0.0694084791930226	0.0715539226977046	0.0699736634666332
2025-11-09	0.0672390478925196	0.0641078346620962	0.0679367137812476	0.0677164036641366	0.0576790019739047	0.0569897360389775	0.0573851066326201	0.0599461553544977	0.046378105309749	0.0504053204139899	0.0481226972282557	0.0480938770480054	0.0468646350039286	0.0474507463473521	0.0476210863414934	0.0460635323072258	0.0510560023293137	0.046546571969336	0.0470767841257881	0.0473206415755623	0.0441336446178244	0.0411849045256676	0.0409671150330468	0.0417143358234612	0.031379088114272	0.0305205849507891	0.0326594184428169	0.029440908492122	0.029726039724063	0.0309489822806161	0.028399424200012	0.0289255537953089	0.0208960609310056	0.0196788107985628	0.020748558705664	0.0206765695647676	0.00406377443555605	0.00259090076733992	0.0049703508631499	0.00537497393395412	0.0068629459754422	0.00662796010586018	0.00608056884313129	0.00742852507556633	0.0114135043256668	0.0109062739476683	0.0115197112638552	0.0131605104628096	0.0201377760212798	0.0208015641134098	0.0216485906096694	0.022412069255641	0.0293695043715292	0.0308531558341583	0.0311316621263061	0.0326456776680065	0.0420643786299705	0.0391986572043383	0.0364803628590587	0.0382566013066324	0.0454646994115245	0.0457573306139591	0.0489383202974982	0.0468396496770183	0.0531993812274053	0.0536257961662779	0.0539051470975077	0.0522696755088091	0.0477528932344523	0.0459644360921718	0.0466832900973607	0.0465993805760152	0.0373493906668432	0.0380151845667791	0.0382166633200704	0.0384187614463072	0.0314546033303076	0.0321648702924934	0.0303545910665191	0.0320259353106798	0.0286011037112485	0.0249775401075089	0.0301921625956307	0.0292291935856119	0.0251787972905269	0.0273705023999523	0.0281261164554141	0.0273245838541066	0.0275063542933832	0.0280653894421248	0.0298496757677181	0.0275785804967739	0.0334941965381079	0.0346781967995689	0.0282215488537799	0.0336060578085433
2025-11-10	0.0353499639204864	0.0402531819598395	0.0371868385341964	0.0332100155854777	0.0389439070468916	0.0381366708668129	0.0385822809977585	0.039337141088537	0.0461562188219727	0.0416167065400024	0.0456971478111612	0.0415299268268637	0.0477233108395033	0.0463995358228531	0.0524235892418942	0.0474535640957494	0.0518075012519475	0.0509135431171412	0.0540454196809763	0.0512335359499351	0.0542486930033127	0.0563328503248777	0.0542884042863629	0.0551300523854467	0.0565119916373227	0.0558255392161294	0.0560468779839638	0.0566155911625841	0.0566801745205746	0.057987717148502	0.0571328639197479	0.0561992444111755	0.0489296356796341	0.0538699587600546	0.0490343913292236	0.0501660142310878	0.0569782257362416	0.0581769481858913	0.0558336397571798	0.0570111863206872	0.0626405815132251	0.0610413265920304	0.0633042797688806	0.0650138121258639	0.0642417175375634	0.0630422444065855	0.0660822684962614	0.0646337695595897	0.0671236556612004	0.0647975358338346	0.0636159501954833	0.0654628583094816	0.0676473868313433	0.0672871535748346	0.069385114896062	0.0676803446977601	0.0664093653843201	0.0702875756634938	0.068247989317183	0.0710550696350031	0.0702849335312849	0.0680468029011776	0.0688833950665221	0.0687848685010155	0.0686120560183773	0.0677482784957191	0.0646259742794745	0.0690136912064292	0.0580937366182993	0.0567776991772582	0.0579482943013853	0.0581802699030573	0.0395989180317679	0.0400676680969805	0.040472937258804	0.0398604766124476	0.0212596204917778	0.024147180715358	0.0246351994764907	0.0219579993163735	0.0135208095624426	0.0122220158822143	0.0136143163891261	0.012642858166217	0.0119501285199388	0.0130183690410979	0.0127700730950688	0.0132614293438945	0.0149722295810198	0.0144573009658518	0.0140270879418001	0.0155433815113283	0.014968741764644	0.0151704761137347	0.0175688137622772	0.0152919683593441
2025-11-11	0.0138621632655385	0.0151518793539599	0.0167975419639839	0.0161884154165177	0.0117430225887206	0.0142841572493	0.0146747031426898	0.0142981170192896	0.0127410263076456	0.0118119534066548	0.0110848370764489	0.0103621832092508	0.0116031767800066	0.0064124779518528	0.00818937702253955	0.00679496824560107	0.00272173859477227	0.00622923527417518	0.00524965646992934	0.00579936966112322	0.0034878715496	0.00101945333998863	0.00291299192446615	0.00357968318594522	0.00173158947929566	0.00146588973346493	0.000932073260120219	0.00187044752711919	0.00198606265991625	0.00214522062619844	0.00174412961846778	0.00212458709541754	0.00412954930783202	0.00295617340545492	0.00326706347800222	0.00264721380871084	0.00907903006634195	0.00798754622427448	0.00531623663436627	0.0096171870750173	0.0233477820976919	0.02413749457591	0.0230899962882905	0.0214247270381076	0.0394399326088805	0.0333524869304674	0.0368857927613938	0.0363217876992583	0.0482950834144873	0.0504353292335416	0.0483504964748901	0.045919090877081	0.0600898386073579	0.0584851911096296	0.055485249510844	0.0569397207721685	0.0626849304604463	0.0628916124592987	0.0619664302417762	0.0614570268384787	0.0575983443070262	0.0574950518274309	0.0561832071921778	0.0587233966733651	0.0572095775847778	0.054893889454279	0.0537755946085936	0.0551209383523496	0.0501194610432803	0.0510050466493733	0.0520215883872156	0.0508539039201308	0.0460051349537865	0.0474888975947714	0.048160159060757	0.0473458083906851	0.04321954980297	0.0459282857445349	0.0465079260665912	0.0463442383859039	0.0432696567376607	0.0440249374443587	0.0420707183387408	0.0446346874792397	0.0420144188103276	0.0408774393596677	0.0401384598727046	0.0439696819573001	0.0415405672922112	0.0422427828446691	0.0420475228354925	0.0421691270276273	0.0420762961823723	0.0420700664606543	0.0404371783116097	0.0404164590453638
2025-11-12	0.0400521432986845	0.0412159746838347	0.0405940836165598	0.039137798400921	0.040759167942293	0.0381535689817827	0.039004529803889	0.0390827332720353	0.0435608257559907	0.0422583014785366	0.0415844672702838	0.043596405495189	0.0419782211270061	0.0411496370071235	0.043222667925739	0.0406494739401313	0.0433394993505115	0.0387042168352399	0.0386737065176341	0.0382825772966145	0.035894753634408	0.0338161721823918	0.0336690067662766	0.0356200674169236	0.0362848856047982	0.0344783857648323	0.0362559374496779	0.0379807911806916	0.0413384692998724	0.0401280751229055	0.0409217341984271	0.040611721378795	0.0425382701309778	0.0441368306990417	0.0450612091643661	0.0402636900056144	0.0516359715072092	0.0511689074874567	0.0525987571878925	0.0495963638174416	0.0461816684554055	0.045733406292373	0.0463701267992639	0.0447147984529576	0.0333424264013573	0.0362314505909563	0.0327842568071495	0.0346418662005369	0.0284472795082358	0.026483882044784	0.027114962408689	0.0269538760382912	0.0253093815307074	0.0257329066890477	0.0258015068313299	0.0271562049489151	0.0322841207444321	0.0281304368208998	0.0314771844515004	0.0311082579831677	0.0376019961178585	0.0387344785077085	0.0385130045163542	0.0421505208580787	0.0486694219157768	0.0478145074130415	0.0474915948799435	0.0500244757912383	0.0508507261266054	0.0496787345200051	0.0506498429918917	0.0468206963614978	0.0476231985370875	0.0466478981694664	0.0496324473338243	0.0480964559596218	0.0510642619529847	0.049646463640155	0.0475754748670345	0.0497137995398259	0.0475189209119935	0.0468653904164322	0.0471389695645412	0.0474767191070331	0.03853896190999	0.0355280164374425	0.036258896401199	0.0376741252513686	0.0284692982355071	0.0277142636725232	0.0281350198948627	0.0276814181971069	0.0274088682262909	0.0239839506918384	0.0256468226774189	0.0269603584044518
2025-11-13	0.0329259112285028	0.0290900118839699	0.0282570753008165	0.0297270015867108	0.0365918852100102	0.0370269632717805	0.0380946924021534	0.0372864591160559	0.0462063533816423	0.044930994469207	0.0443338441343587	0.0455288080147921	0.0578204763679269	0.0590267595999833	0.0571052555542228	0.059047508477867	0.0779136586274344	0.0765095507127921	0.0762538597202687	0.0743229309395048	0.0950948519111705	0.0884904983894475	0.0903171207420078	0.0900975289573742	0.096411261857619	0.0923891091155314	0.0938443242886097	0.0963553047382399	0.0935041827344389	0.0940373598315193	0.0937094350825887	0.0937490223514532	0.0886033139888521	0.0876749345301385	0.0880718081186816	0.0876499433623278	0.0951094658469655	0.0968279362780913	0.098975969451668	0.0950866284232752	0.10732272627732	0.112503860842041	0.111443763269153	0.110729649611485	0.120366194013949	0.122113064267819	0.12159633578568	0.121924405932552	0.126114406340875	0.123828077167116	0.126711525185306	0.124345991306704	0.125929213391346	0.126757266045178	0.12487403969092	0.125439480872555	0.139020904078189	0.140910290892248	0.143661960796589	0.140406844232974	0.152452762780334	0.152408969567966	0.153432092379767	0.154706175271934	0.155040524781507	0.153251007192427	0.153627013129184	0.156081454896882	0.157897139621925	0.156174273135019	0.157387064023199	0.155541523219857	0.151932134797679	0.151566711977003	0.151626027844358	0.15087512538096	0.13068410002376	0.130886321584776	0.133339581088876	0.132089997302588	0.102569652833389	0.102931581817678	0.104844346442348	0.102654418906585	0.0814978144821962	0.0838659591562467	0.0838077423836201	0.082828483977937	0.0928074378595782	0.0945688438038423	0.0928046104927354	0.0938191078438441	0.128808141135163	0.130183471330103	0.128369694823792	0.126638692710942
2025-11-14	0.139740097487859	0.141908885869613	0.142586827604385	0.141764189038142	0.131993337338923	0.134739694202323	0.133585895887987	0.132681072570767	0.116685083891355	0.118358859205256	0.114626195836025	0.116329861067364	0.117842739630303	0.120702438652399	0.117517777743331	0.119937043973967	0.139168051063527	0.138636525860929	0.136653425546162	0.138541997529382	0.147789562644715	0.150545507825398	0.149779492025961	0.149885437503925	0.155219725150437	0.157185460631106	0.157394342655551	0.154200471562906	0.158877272583624	0.160966323725176	0.159090666073362	0.161065737617838	0.148792187360401	0.146673505838182	0.148646579605366	0.147887727196051	0.151777619792424	0.148648080564819	0.150464173404788	0.152110126237969	0.118275752625472	0.118443293635637	0.119627249953777	0.113653703785114	0.0950531672464356	0.0953393787225873	0.0953832769907794	0.0982241770401977	0.12627615199672	0.126989012756138	0.125187868289044	0.123546966958098	0.12139386034674	0.12170339493153	0.121409231111699	0.122493513610031	0.106288423610118	0.106958945735526	0.107245984588156	0.1075066460662	0.116009917679535	0.114373396006824	0.113799031297566	0.114817655016075	0.137369090787984	0.137427348909583	0.135082361835705	0.137121198466728	0.153434601159451	0.152517709298496	0.152466802789676	0.151580886752377	0.147707987940966	0.146593314085566	0.146746081272371	0.145952616701097	0.142359055772772	0.143732480011916	0.142340704594382	0.14256775962093	0.143640183765736	0.143829014451583	0.141230716678862	0.145300085103819	0.135675036599218	0.139638664591982	0.135871082701162	0.135815216107637	0.126822394217247	0.129997689451404	0.129067132903589	0.12711278342776	0.121412046577368	0.122766073479994	0.122307969603228	0.121513910339409
2025-11-15	0.115385561559531	0.116879920616773	0.118745992243248	0.116988525580448	0.112331070059135	0.112341563146009	0.113499030725321	0.113828336069535	0.103497530045608	0.108362891093554	0.106949767345918	0.106189811514921	0.101311461273702	0.104112447160414	0.104225742503718	0.103350349062165	0.107799836059255	0.106216698034592	0.103375345082466	0.105608120823687	0.111351897807016	0.111535216110305	0.112561387907606	0.112551498175073	0.111338563931215	0.110576400359955	0.110297575888139	0.104787459820691	0.102319550960482	0.103083585609914	0.101425643340409	0.103171220089195	0.085092835217566	0.0849585860772753	0.088768587686984	0.0851799910181747	0.0935341550919818	0.0947589242001725	0.0955541097493334	0.0951528109585123	0.110063426732105	0.11169552180586	0.110305892342188	0.111935159119847	0.116035286438563	0.118061186065026	0.116591509802937	0.117312017693473	0.119582791629665	0.120905822906197	0.119587907658307	0.119923477805831	0.118083645000787	0.11480663125416	0.116999525521384	0.118110198223669	0.10253308380055	0.102137289659043	0.104698379874172	0.105631246666236	0.0839912355070508	0.0835488860553081	0.0848691074244153	0.0845907710132259	0.0915638107830833	0.0921780308183994	0.0889301511682498	0.0933280072302675	0.0878698780148401	0.0880158937106828	0.0878301379745605	0.0882840902999166	0.0785117334583926	0.0755260084729535	0.0780108951788278	0.0789513628898261	0.0634263862672081	0.0617053232455215	0.0628049437152014	0.063063346772069	0.0558062641045277	0.061769007580188	0.0627487949749891	0.0606759333402952	0.0790362547039012	0.0789809042056876	0.0763286623190939	0.0796541787713174	0.114842988243144	0.114352761892839	0.116828409316406	0.113975840547611	0.15887627761372	0.159454781848324	0.158229758541118	0.160439181996838
2025-11-16	0.194148422671727	0.192223486962483	0.195666490145328	0.192961600220461	0.206331901177086	0.206588376631475	0.204184990247204	0.205894731944235	0.206545375560021	0.2027232954791	0.204011994323238	0.20471933463764	0.192325306805308	0.193894275282761	0.19042075369136	0.192359664220572	0.16186922368983	0.163045843626768	0.165335473008763	0.162749459674639	0.144585945105549	0.14858404334017	0.145899912984024	0.143930098570257	0.137854183411628	0.140037679999608	0.139426480463935	0.13868165612483	0.130376388215818	0.130567354837818	0.131794377207933	0.12926187973843	0.115133916297683	0.116996916920778	0.116557456419556	0.118311710361983	0.11035656498376	0.110872750218015	0.108943990525536	0.107826694272688	0.111047333039843	0.112907787413438	0.110923208088231	0.112121671458489	0.10621378388713	0.106656443675587	0.108732386333513	0.11039738610377	0.0997958440504607	0.102022393121916	0.102157926451203	0.0980238363764203	0.10622129946842	0.106596859301826	0.107964412066815	0.10921742916294	0.124679770987021	0.125220156079761	0.12281272789649	0.122287345036728	0.141492691393989	0.140870233894424	0.1444129096719	0.143224165039687	0.15443677593418	0.153837114753489	0.15459437715355	0.15413173215878	0.161661956585941	0.160362140269233	0.160022150201881	0.159953752942945	0.163987294395405	0.16159814710279	0.161930384609636	0.162484173892169	0.158640236910927	0.156430625605705	0.157779548580453	0.160149588902915	0.147210141404342	0.15005848978997	0.15029938851227	0.149431980293417	0.134987316745744	0.13451747465383	0.133929577484818	0.136565631115609	0.122021997095309	0.122288567976343	0.120056256039636	0.119633178888712	0.112508813965223	0.110824433503322	0.111579974843631	0.112086777687824
2025-11-17	0.104239359591738	0.102529683095301	0.102580765228364	0.103650192084597	0.0907529695925322	0.0902861776728063	0.090569286804526	0.0923915659301354	0.0712909806001328	0.0725872753977258	0.0739049082657191	0.0742168357364223	0.0606174473905188	0.0596088382150243	0.0609071008918733	0.0618666135025837	0.0518818562411285	0.0510044653813362	0.0552276803818917	0.0508859979956436	0.0378760235924268	0.0455546139946247	0.0456219032635428	0.0459474591494057	0.0371200005492517	0.0344867608073711	0.0387336530833707	0.0356595855600064	0.0329288728805669	0.0370079069576537	0.032512280012019	0.0315509401497604	0.0284380889123994	0.0294264875722351	0.0279066153643218	0.0272288081510436	0.0163992342609778	0.0159415550935791	0.0159687084944143	0.0166905021510288	0.0127066677421824	0.00902990172700033	0.0119940277528357	0.00726940277798158	0.00539934121001205	0.00641397230481923	0.00531173095805821	0.00587495552711051	0.00320882186511454	0.00434587032998265	0.00465493288472475	0.00479037492017807	0.0107852831013368	0.0068450737330549	0.00658436389420713	0.00678527927140118	0.0116217754211205	0.0111310229109202	0.0121823459996595	0.0100648556682997	0.0160631979747104	0.0145614215760089	0.0156851643711131	0.0156902160781676	0.0196875341319478	0.0214355708197348	0.0218670900439104	0.018009805004407	0.0223895270914781	0.0182476129735857	0.0192458046016319	0.0171170553333043	0.0173992146114699	0.0136429165414313	0.0126708187287071	0.0162870501183917	0.0111464808262774	0.0107888624025365	0.0108202280779989	0.0122444286931872	0.00916091570890299	0.0108732958282475	0.00919559924694481	0.00977018921590471	0.0100059524876159	0.0112806251554549	0.0111887281979518	0.00752469415897741	0.0107240155446676	0.0126660403601733	0.0126878826758323	0.0109220614193268	0.0152632893135613	0.0142486295684411	0.0150624586405985	0.0134256224773991
2025-11-18	0.0171297778430387	0.0184128987753157	0.018196584436118	0.0172607389455276	0.0201918456658388	0.0186292254231671	0.0206395749083485	0.0225393540026456	0.020429563708799	0.0202868779792038	0.022245435055732	0.0220381232562652	0.0218464994105529	0.0211520487165349	0.023463590018149	0.0215378618547633	0.0239039133150116	0.020127996037599	0.0222102315819948	0.0207578590653946	0.0195255487839258	0.0198047534986454	0.0203266771852331	0.0193430205321957	0.0176233482221544	0.0148694919829006	0.0177949033792893	0.0137122564156557	0.0116775335209425	0.0143181483110894	0.0125882800449537	0.0134160381230145	0.0136046205400848	0.0128735072336941	0.0137916142126591	0.0127302580135619	0.0125475266769511	0.0134676575326083	0.0146707833997322	0.0133140323907083	0.0141734304358935	0.012702775874319	0.0149598776227541	0.0151639160670334	0.0109225384286514	0.0133220626923934	0.0120680869123332	0.013687311966622	0.00609499616415972	0.00944873947133634	0.0114791207416501	0.00797714362285388	0.00189340093766907	0.00496831804438335	0.00621013977994711	0.00492814123800047	0.00705791614127413	0.00878398487992832	0.00752144595450457	0.00663665302429298	0.0224302298252397	0.0245011241303643	0.0241362657601891	0.021932380284207	0.0407080084585298	0.0413675001776234	0.0385219085054095	0.0404025828584373	0.0402178705908191	0.0422875149608159	0.0414736889394668	0.0410209255088982	0.0327611525655792	0.0320116090960642	0.0335748981522312	0.0366523401861254	0.02981638099831	0.0309965742819832	0.0306366503493304	0.0285503943703763	0.0312552027925274	0.029805669821461	0.0313829497135916	0.0305561776724199	0.0343882966197116	0.0339997916401795	0.0329946408962903	0.0336172708438185	0.0352296385963194	0.0358679436335928	0.0355188034649428	0.036383614305145	0.0336603045812551	0.0354166382526006	0.0352827354437064	0.0366403217224379
2025-11-19	0.0374498784526832	0.0376935393985474	0.0382153753788027	0.0366412067699667	0.0510218033102996	0.0469426426996924	0.0471872124266985	0.0488483415633096	0.0633296349626357	0.0615182337616771	0.0620951564327496	0.0620569748429375	0.0679158170940318	0.0660699523056607	0.0644232908022585	0.0675909397980489	0.0621591664741227	0.0608318994292961	0.0640456673686799	0.0619632667279013	0.052775716738988	0.0533023646888872	0.0522172866448183	0.0537046319273064	0.0446062690306246	0.0437818065572381	0.0452536732429497	0.0473582511691875	0.0450443308285389	0.0454074043567456	0.0455545667338059	0.0439936980809096	0.0423945700051597	0.0458733641009573	0.0469227930724021	0.0478092728214809	0.0523050811234153	0.0513057310731825	0.0504747014568259	0.0489144863465763	0.0602274501489482	0.0614124787729841	0.0621408400888422	0.0642192309892254	0.0699041916641708	0.0718889912613409	0.0715614511453714	0.0716453659291169	0.0805336641285252	0.0825804305356654	0.0820320555988516	0.0808538497369578	0.0939977045133684	0.0898728411676081	0.0922080504468879	0.0909214038721356	0.0997342994903803	0.0985080791667807	0.0976445572077786	0.10011306413506	0.104118953867512	0.10533058387962	0.106413661721627	0.10613680053124	0.111752726096089	0.109005422257578	0.109291311505583	0.11095054014075	0.115692187908117	0.112797168015159	0.11647426133229	0.117036382744434	0.114314479586924	0.110778838758039	0.109320808802405	0.109585872852632	0.0911780272779141	0.0907688997215365	0.0901460524305336	0.0919070205700158	0.0631135598315274	0.0634497117968104	0.063347864554434	0.0630888638172281	0.0546659035050845	0.0539329811761972	0.0527429346637931	0.0526581806549252	0.0643617760967202	0.0635598852524048	0.0650576118407147	0.0660207268101603	0.0650729154069268	0.0651662573883265	0.0661653922831609	0.0685954349215858
2025-11-20	0.0612237863605919	0.0613677151482192	0.0621018319317246	0.0623066665594644	0.055713765797673	0.0550702215677872	0.057483816854535	0.0567321957800049	0.0500854037441487	0.0517542075068091	0.0515858126624966	0.0565745760865455	0.0440150915965809	0.0455392199638092	0.0436888144539593	0.0457568739856505	0.0289052353235982	0.0282574603301881	0.0299238473757549	0.0309134569704587	0.0206841699539404	0.0203962948731167	0.016188702839455	0.0217308323334879	0.0185537843296024	0.017346261783826	0.0188405582633481	0.0172593956232235	0.0155188120308802	0.0167707502417799	0.0151595477646735	0.0155508899626665	0.0112130929561069	0.0140074226589121	0.0124492028724722	0.0123302815125088	0.00672709368361481	0.00700074537479846	0.00840203677559858	0.00887012416598815	0.00573971417655371	0.00609716784077659	0.0056984154152438	0.0034647025674259	0.00362665756371249	0.00481738816398929	0.00507113250100153	0.00348482177129669	0.00466602886856149	0.00465270004181346	0.00636564629029768	0.00531562479932737	0.00506957522742933	0.0066653494479638	0.00752805880203753	0.00973701652256934	0.0062124908886563	0.0114225071262416	0.0099196209425655	0.0104453810425366	0.0117776512761517	0.00766240868364764	0.0115547386072934	0.0120052014329073	0.0147694103545461	0.0150622178168814	0.0116756156582755	0.012492756170297	0.0192470887765244	0.0189144372805328	0.0203504313551097	0.0214880425878331	0.0347388158768401	0.0347543575530692	0.0341143477292185	0.0323924788408722	0.0440369942024542	0.0464964370253156	0.0475221352809229	0.0469444334913073	0.0509658711269768	0.0540838586858754	0.0503422116361566	0.0486080585509912	0.0563634189406328	0.0547693869427293	0.0545171101822953	0.0563500839343425	0.0553432997524216	0.0558614273029982	0.0563784851237666	0.0574167878208136	0.0615797214957843	0.0571171450671397	0.0591683980258548	0.0571347354112212
2025-11-21	0.0538096161189744	0.055215527815633	0.0548346320308996	0.052140224034493	0.0579048691639985	0.0588893870293068	0.0587155425446743	0.0574902012620204	0.0774049806670434	0.0783191116310329	0.0764969246695294	0.0787789830323943	0.0722578348265651	0.073296376723313	0.0679962015149623	0.0724495869351595	0.05611807992529	0.0551037131067322	0.0554246155670015	0.0563535914009763	0.0757776366077684	0.0758334311254801	0.0780403884706675	0.078348543796084	0.119988224485113	0.119028579688438	0.120159665981009	0.120823529845439	0.158999252287464	0.159979614107071	0.159437215575387	0.158583918030078	0.172231182219348	0.171790312009917	0.171144152927657	0.173834352843078	0.186006387850312	0.184871283981994	0.1852862080418	0.185836120125895	0.190666789759675	0.192883296311779	0.19064965407736	0.188800259851186	0.179742272067504	0.181294306604445	0.180213693977215	0.180749727350836	0.192888567870668	0.193418605186763	0.189776365424478	0.191916461518091	0.213938561243621	0.213692741418778	0.216000563823374	0.212368133514228	0.224057691143906	0.225578526301791	0.224669926625842	0.221693855928461	0.226488522001055	0.226975895925948	0.227141660468732	0.226393921604265	0.226801783111513	0.228184885139392	0.228864240495827	0.223149091253268	0.229228295292308	0.226819968194351	0.230702699157909	0.229249037355431	0.22858410802922	0.229959731956739	0.230337817919008	0.228118342095033	0.228041162751256	0.225832150514559	0.226734996725438	0.224391690008746	0.221251800396024	0.220909542687359	0.219280942921714	0.221557713994902	0.215509305323661	0.217196452295859	0.213799533077961	0.214494709302518	0.213445999695996	0.207441443913867	0.208032718056776	0.211079838333361	0.204147551646495	0.204116597446536	0.201554511180155	0.204181339726815
2025-11-22	0.196173023639826	0.196484035204829	0.197460938466977	0.198882002688369	0.193417032760259	0.191679640785258	0.190689754553585	0.192213571900898	0.18594403649606	0.187399106884424	0.187171346598157	0.187485510021359	0.18192685491157	0.180470898322761	0.181643850128955	0.180958396636714	0.176965874308614	0.176486305696257	0.176898834286284	0.175648985708844	0.173129540247566	0.173039857457618	0.174193389857404	0.174637212437413	0.17508692162886	0.174112986605441	0.175290094537051	0.175509997228647	0.17418442047372	0.172944576006804	0.173716637167954	0.176154366351523	0.15134236044446	0.14645758399087	0.148586498597154	0.148613556967516	0.111821939308496	0.113499158021133	0.110747090372939	0.110931812297432	0.077754775481809	0.0775985159068706	0.0776877510328846	0.0769589575784359	0.0557361282858611	0.0536707629481049	0.0529686849012381	0.051624423864796	0.0457265963529248	0.0379756763288319	0.0401292357530512	0.0391684915651921	0.0341824378650451	0.0372530142281328	0.035495140457548	0.0350694074492741	0.0309449302907917	0.0333538565310426	0.0339402200981796	0.0327609930799861	0.0331273805678071	0.0328093300742375	0.0347259566044099	0.0363373327535455	0.0393818770701075	0.0386420810049288	0.0390599026136274	0.0399161393113363	0.0470562351611385	0.0459014003479525	0.0473132076605243	0.0457291568303847	0.052707400439263	0.0530123812219055	0.0522684063703734	0.052011811968458	0.0541125923009904	0.0581938139278279	0.0577790972225751	0.0549144965486066	0.0548236378229393	0.0570308941717559	0.0581550714056756	0.0569903965996292	0.0553543175840399	0.0582042335635837	0.0552723104915156	0.0541691383608608	0.0562279837960986	0.0578448608923382	0.0545799590556558	0.0563471962559074	0.0589617143764573	0.0603614163792355	0.0603165239163861	0.059360345327921
2025-11-23	0.0675811355057724	0.0697049802571775	0.0683202587341843	0.0663936255028658	0.0869692624599057	0.0832679373939205	0.0864425963559249	0.0863202037902489	0.113252679224869	0.114396653886028	0.115013948871021	0.114336718018082	0.122628187727217	0.121696718025372	0.124363306005302	0.125311788242109	0.132810970857186	0.130823964461542	0.132847703547374	0.131517361133898	0.141124987560686	0.143722979041206	0.143899208472731	0.141252824925377	0.143762600555099	0.143358150047691	0.143314898993035	0.142564350404175	0.137660713548557	0.140048938901226	0.138828187315035	0.139462160235182	0.130163362997789	0.130475817130362	0.131934293862672	0.130426526009176	0.134647163095196	0.130386688879058	0.131773521227618	0.130192626798128	0.130744648352394	0.133391727494492	0.130812061218109	0.133051562935005	0.133852318455872	0.133919648329894	0.135850200921354	0.13437783229288	0.127050685489513	0.127379229387753	0.124198903763832	0.125371181358901	0.112008118031785	0.113677699736584	0.113557090957529	0.112757091274102	0.10553699494162	0.10506650553901	0.104053992606578	0.105342506912791	0.113257830174822	0.110924415164481	0.11193360427613	0.110884150384567	0.129683486700455	0.126808096459299	0.128711514633932	0.128796902206314	0.14368529914386	0.143437212407643	0.145633844109074	0.141243644339423	0.147290749296993	0.150977507897623	0.145884205451333	0.146847537354051	0.157394146629422	0.158798159007539	0.159144272632115	0.157663421730924	0.164625255292468	0.16359206055447	0.164259764895371	0.163522919257691	0.15627460197511	0.157510750225944	0.154167324999711	0.158047322799234	0.149450022226731	0.150888742517297	0.149993391440542	0.150667843815429	0.142391306936386	0.142491535303843	0.145740617557266	0.143376540202505
2025-11-24	0.133436233481007	0.135904252791368	0.136191908958038	0.134467604769588	0.133751833344996	0.131529696169607	0.130902114730034	0.131816355755364	0.128487526787887	0.128103229510432	0.12948494130492	0.129924302396762	0.132105514756821	0.138119918622459	0.131271467103406	0.130503099517314	0.146148983228396	0.147476265168547	0.146280285613319	0.146094465989738	0.152480484922649	0.152492393411832	0.151449743645903	0.153577378019617	0.151593773058939	0.153386291173283	0.150552912974034	0.151467022793744	0.159388086583018	0.159073419383541	0.159102317559478	0.160436176473964	0.162162450881732	0.163158380517528	0.161931360562602	0.164747808038137	0.201542302540878	0.203865561893891	0.203522079131734	0.203070056433497	0.209623041616408	0.210851087748762	0.210347605771978	0.211178264862852	0.213601090099184	0.214480524308496	0.214132274865197	0.212786110727122	0.217153264263769	0.219333525378635	0.219761963068921	0.219751247288675	0.216799267980251	0.217444029326595	0.216624185489701	0.220132517203453	0.211887103487492	0.210274981082111	0.211226797583768	0.210611117846629	0.211838082895103	0.21090963354397	0.210593937284506	0.207658346276421	0.218499996141011	0.219237612776591	0.219274880220961	0.218987510861437	0.218980527703826	0.220599748484974	0.220924239563888	0.221495484247312	0.216023443813686	0.215101473786077	0.215434143341461	0.216440939058776	0.193719301321971	0.188319514849493	0.194080034324987	0.194881149503549	0.138607579254174	0.138092418031054	0.139840385666768	0.139459617048004	0.11106229425617	0.110218055886529	0.114037299986129	0.111682349871172	0.117603089362191	0.119008508757083	0.12030832824797	0.119080073632756	0.143123807034022	0.140953233407096	0.141518452216462	0.14040450734242
2025-11-25	0.153107021809796	0.151831834275347	0.148987931164233	0.151073212750625	0.152981933881613	0.155659411582974	0.15329059760479	0.153068056930623	0.15584079326618	0.158896634285833	0.155895645751628	0.155366926696359	0.158453207987101	0.158281441316469	0.156781096478697	0.159484254217733	0.159343671640119	0.160967565720972	0.159926411156933	0.158762351481976	0.163502994010405	0.163310070606375	0.160776493289294	0.164410442093926	0.163464636184531	0.158994208898362	0.163504742450331	0.164036412466776	0.159111100512267	0.159580060361831	0.158104785394328	0.158204053731573	0.135102993462889	0.136725304341919	0.134905053771921	0.134266648423271	0.111028770963775	0.112337097803565	0.109635028991723	0.110999102240937	0.0997784569080482	0.0986606277443445	0.101254493698619	0.0953064216489883	0.0968393311211797	0.0987468259146413	0.097716000503107	0.097697842461072	0.10219216273868	0.103078848529413	0.102999299584536	0.101729689147371	0.105499266203203	0.103980719024684	0.104579884302602	0.102940130469511	0.097523585658267	0.0988526392887866	0.0989308273232649	0.100692947729682	0.0901407915901386	0.0911857118987871	0.0915927945214037	0.0920807019896707	0.0959047853741793	0.0962139355687771	0.0974303497430315	0.0964509293140121	0.107792457421777	0.109408990030747	0.106718904719172	0.105079647828305	0.117480587467064	0.116536811172133	0.120511038080622	0.118471563280181	0.126248690654496	0.127121786561813	0.124315151538255	0.125314371245435	0.122510015152873	0.125975574953674	0.125654208642664	0.126860201250789	0.118328616304795	0.119248022073981	0.119272436626682	0.119150924994542	0.118310055440014	0.118680388416401	0.118137624191644	0.117871931951941	0.125926759312991	0.124190971401859	0.12315488202755	0.1247273872576
2025-11-26	0.128320923551158	0.13029730876541	0.132525178657033	0.129856589026399	0.136257163940986	0.136521735371869	0.137244348196226	0.135976752490919	0.144040746148408	0.142464229605	0.142068885832481	0.145426138414111	0.14503100919486	0.147943534603432	0.151009783347791	0.148015672853917	0.146516375571749	0.149724747768787	0.146789871255064	0.1469690054044	0.145382747119868	0.143908008740341	0.145235026361154	0.143474217778636	0.144539215859627	0.144523091922051	0.144969112000747	0.144968580217575	0.145056555159347	0.144437163875886	0.143196745546178	0.14530953541859	0.132857617209129	0.132314844511907	0.133923672012719	0.132903866266244	0.12258287291931	0.125330154691207	0.12360433162147	0.122482640768013	0.123435959756827	0.124397339376367	0.124255415957851	0.121911284908956	0.109124427839325	0.109087794277227	0.109133784223908	0.10865399365954	0.0957417165984462	0.097800462827795	0.0955790249790504	0.0988787955947085	0.0942193115018876	0.0971377947150935	0.0959775087863949	0.096665384996624	0.100069182090934	0.104074144820569	0.103068366450942	0.102788306637556	0.111015340720191	0.111427083989194	0.109411513794013	0.110146061496602	0.127728509843735	0.133942970248007	0.133037629441173	0.132290890467086	0.15854898222946	0.157118259066176	0.157057759382323	0.157274999322042	0.171335359696958	0.171215149958431	0.169695021987006	0.168754468357605	0.173363262537482	0.170599083837075	0.170901597841921	0.170136055783522	0.165931868226195	0.159500120489628	0.159616702695639	0.158951308588538	0.141840297792476	0.14267195054768	0.145967668825509	0.141520082834335	0.119988796727638	0.119872241734675	0.119463537365071	0.119675424172616	0.10007772238732	0.101048168139971	0.101208039281044	0.0986660701916651
2025-11-27	0.0921957751740537	0.0898019806926871	0.0919182793355398	0.0910839647977194	0.0820529514825917	0.0821191902216479	0.0830910264068621	0.0847368318888984	0.0746790797305298	0.0749056869972589	0.072622950951645	0.0727922823205663	0.068444711576058	0.0689603872006674	0.069252402342824	0.0693424988804505	0.0605411915634212	0.0582865207949482	0.062785671803518	0.0613866158381125	0.0537847971929229	0.0507816829781388	0.051443376838137	0.0509901429908013	0.0474115165392978	0.0481540438437029	0.0507170192565198	0.0477174203604795	0.0463258184359071	0.04593659795184	0.0483607473720977	0.0463768362401552	0.0372615605644263	0.0372760664575808	0.044396688053074	0.0380656849249189	0.0324536636110681	0.0327346780717096	0.035408198015984	0.0304034603012383	0.0295445745048497	0.0264197193061344	0.0308407403839485	0.0311949658050673	0.0223444347759806	0.0216959004466785	0.020163119013257	0.0227965457640839	0.0125722923743904	0.0141786639377837	0.0138944195084374	0.0133546241793885	0.00799528055846822	0.00622525458871773	0.00692689253973424	0.00885257231307981	0.0138293627262059	0.0127463698655885	0.0143624876375498	0.0150617797706558	0.0309233657660309	0.0294895579479353	0.0257528165894585	0.0288342596965753	0.0324839022054758	0.0379527458510188	0.0329197207429505	0.0336436312005549	0.0291012273097349	0.0276240323596184	0.0267134048754229	0.0285613354552238	0.0151248621326457	0.0165932581467103	0.0168920670477489	0.015389812672895	0.0164204050084764	0.0156082137481731	0.013802586298003	0.0181687949453475	0.0147488597895735	0.0169248562383644	0.019084707440949	0.019241576531113	0.0187447657769484	0.0206060953510548	0.0169848533792478	0.018664285492749	0.0201034663620579	0.0201006976024432	0.0177717784101806	0.0210240576253183	0.023320043238697	0.0215639466851999	0.0215864803525938	0.0225295297235093
2025-11-28	0.0259773835546314	0.0250602435463254	0.0253799991379023	0.0235823737611409	0.0266495803768995	0.0267536367942392	0.0266546876833628	0.0269420951454985	0.0268378984418223	0.0264238907352366	0.0247166411563541	0.0260215696665869	0.0255985864077636	0.0232829026443918	0.0259351707455481	0.0231833402022964	0.0237999621562782	0.0236869927332759	0.0224519147554265	0.0240611303550194	0.0215279227613581	0.02326611014174	0.0224600637227009	0.020745903374201	0.0162854370760059	0.0200221273012304	0.0183058434775134	0.0173865921452502	0.0138388356116015	0.0150909823208062	0.0149956165092031	0.0100745655583892	0.00887974622275457	0.0126388350309818	0.00782856254568946	0.0096528562005742	0.00169528518407302	0.00328123889764487	0.000464654691461584	0.000558821226820532	0.000882623577195114	0.00173996175152774	0.000507137856591797	0.000870276814685347	0.00351299395192331	0.0032501976612937	0.00266600098692139	0.0045708073998616	0.00813733033416086	0.00730455883192128	0.0104091951673059	0.00814891566661194	0.0157978617299463	0.0151332177636094	0.0140975436597258	0.0159713768467184	0.024610724512491	0.0238518118368649	0.0224088554818689	0.0221286081687752	0.0341561167890792	0.0341678680019223	0.0327070888411543	0.0349689263678442	0.0371298608707876	0.0386097770521468	0.035813046071241	0.0364473160058246	0.0322208555616375	0.0316392210011253	0.0299501662613946	0.0311897571758426	0.0266431842214485	0.0257337617930727	0.0270170390691694	0.0246060149163094	0.0229427133461314	0.0221044353839089	0.0236146783518699	0.0213381729180898	0.019327539247414	0.0205306323621462	0.0182237446910839	0.0209180836993559	0.0173914199617216	0.0141307742991253	0.0179238238113156	0.0185539819278375	0.0170653817993588	0.0152750078906154	0.0141789380836121	0.0124806722264138	0.0133170020414326	0.0152581778925243	0.0127979624993448	0.0136268575666983
2025-11-29	0.0148259448846496	0.0134451092117063	0.0136558882564832	0.013073057647161	0.0161700979175879	0.0138816998907699	0.015307803710494	0.0116403984811483	0.0155985726682753	0.0170625735287678	0.0167758209694429	0.014563032833514	0.0177771755066907	0.0173629934797473	0.0172943270749318	0.0215655039386302	0.0215308467832965	0.0198828649383365	0.0206403602187708	0.0199459280595962	0.0206264556630842	0.0228718059721376	0.0229103598569409	0.0215913785078373	0.0217959339041123	0.0235918492577287	0.0226634562128372	0.0229487606253218	0.0228780221686542	0.0275053064508477	0.0210864912288828	0.0215301801516152	0.0245874683222672	0.0233806089170588	0.0247262920558002	0.0243056307048738	0.0235229074632424	0.0244186548792545	0.0228043767858756	0.0252540608716275	0.0346029056776346	0.0330859508995857	0.0328507287722316	0.0324604146505481	0.0453781435637266	0.0426805146380096	0.0462401355574251	0.0447012062408388	0.0595368397684751	0.0568493262264375	0.0584848297122378	0.0591290042928495	0.0720360596867835	0.0726014617407232	0.0704301517401908	0.0739323268323024	0.0823719516928824	0.0837143673498533	0.0823773300846638	0.0835363508726005	0.0955963518768975	0.0956380955931364	0.0945843387152179	0.0961812138147482	0.110521778163395	0.111689982281157	0.107174933479796	0.112613306075652	0.110289289949736	0.110223562782581	0.109478619754972	0.109008527512712	0.101979748650667	0.0999159237638285	0.100993906644817	0.101110420940688	0.091962986266932	0.089475859616317	0.091738480677004	0.091822673439747	0.0852307485218575	0.0857345915469532	0.0835904925876599	0.0844441673435295	0.0791591200130115	0.0814381693756079	0.0817063649682261	0.0826963456431545	0.0772107415147269	0.076689365499728	0.0781274818998418	0.0769724110857033	0.0702701218275904	0.0712536855410247	0.0720383838823413	0.0724378087490437
2025-11-30	0.0633473166455396	0.0637382407547436	0.0633633793650865	0.0625510632346303	0.0519984190638165	0.0538782685125925	0.0528621833780276	0.0562611290455635	0.0440723118411282	0.0449423732070196	0.0457104529112808	0.0432748620405714	0.0326519576453942	0.036900456332605	0.0355158527414046	0.0359317332805962	0.0257561252232047	0.0248611348216437	0.0261846916744955	0.0261980482806562	0.0145558804483733	0.0170889084280207	0.0159324579752269	0.0164227531483791	0.0141681333540667	0.0167720923612332	0.0152068122225592	0.0148529620621409	0.0209696203160829	0.0224555850256249	0.0204370118038625	0.0251377828544297	0.0409161389160679	0.0436103544905925	0.0418202449990303	0.0426532615943092	0.0590222675944817	0.0607947326771513	0.0575327210407721	0.0606502786875949	0.0655190397949818	0.0685693044441896	0.0678892158658199	0.0700224398950088	0.0791334443509741	0.0791419803356151	0.0785319346073892	0.0801926407060216	0.0875468072237951	0.0851981415967036	0.0854730577396094	0.0867819934398919	0.0845557653240367	0.0821427724456931	0.0862631188034259	0.0840383434268444	0.0802534164798292	0.0791309708352474	0.080741451041045	0.0768741616438784	0.0697722138220784	0.0691576439971806	0.0696584238553658	0.0694117183253752	0.064972322040297	0.0644041500455855	0.0614081047149024	0.0612154231992151	0.0507060186763121	0.0503879527989164	0.0512086182943522	0.0496974102304194	0.03671262469928	0.0359507108735155	0.0342211193246068	0.0361155451025977	0.0347929298773488	0.0345359958435361	0.0343695822273967	0.0343014920517184	0.0376497732174704	0.0401358290568128	0.0404744106370357	0.0367399870886811	0.0417603111069626	0.0404842464958628	0.0413316338514897	0.045423808545685	0.042316458093588	0.0415386656367444	0.0420188121754982	0.0401260640941694	0.0383415600328336	0.0409971611940851	0.038748318639164	0.0379129601339173
2025-12-01	0.0341526543185824	0.0308326039790586	0.0309044568073498	0.0331102848950092	0.0216068165964483	0.0213738177654012	0.0185526408658	0.0194667247723504	0.00834430842311741	0.00864552710190547	0.00862965431572592	0.00938051015925121	0.00480689707664276	0.00425728870702966	0.00379068634905065	0.00314512786727693	0.0111021474510397	0.0123103660008482	0.00972989868626975	0.00785758786184235	0.0193066058182161	0.0205595759559613	0.020948158646659	0.0211856595791635	0.0349812841469441	0.0340234836489579	0.0364644221889928	0.0345308100151052	0.0548297812053957	0.0565444155607285	0.0506066704618717	0.0550191327720041	0.0600307724102391	0.0633086651244014	0.0608668391743873	0.0607937232909722	0.0572843239555091	0.0538393327952978	0.0569907948188368	0.0578855484303563	0.0686353500053285	0.0691417166013306	0.0711553488870864	0.0750675845062544	0.0749852980955205	0.0748844581378272	0.0773748719906291	0.0737553717760232	0.0705018328683678	0.0709202552553744	0.0710552734499378	0.06952263842632	0.0657028995200851	0.0657790201460326	0.0654845136905213	0.066033566643361	0.0619440928586453	0.0631876313689279	0.0593987398084495	0.0614695359639774	0.0628415200808407	0.0633222545334945	0.0624278144100908	0.062408410975574	0.0712071513404351	0.068015474681312	0.0703057644912406	0.0684716094870123	0.0704980931366185	0.0690301204287243	0.0715245550983676	0.0719472313362896	0.0684259427346578	0.0690447575997647	0.0700981271437399	0.0664311725218375	0.0651369032605281	0.0644987234091681	0.0650836561686195	0.0662807171616843	0.0626409496120514	0.0649926652122907	0.0651150709653228	0.0642513142103351	0.0641600992978175	0.0657012810467895	0.0650121580252386	0.0661264616301544	0.0664124450908177	0.0635391728019842	0.0665652580612101	0.0674831240459879	0.0657113971856993	0.0632707526124304	0.0648362259107625	0.0651816242911077
2025-12-02	0.0675875049929657	0.0635736668563773	0.067455818600919	0.066383009549738	0.0661666261111165	0.0682064088675658	0.0672717089106572	0.0683552561106606	0.0637265251784732	0.0650336195248207	0.0635863331546449	0.0636535221420613	0.0580224076863876	0.0587075690437126	0.0593769265116846	0.0598930967582151	0.0545264871034661	0.0542416823323931	0.0533573728273002	0.0538744577368405	0.0466707136083864	0.048042218405874	0.0484909414321086	0.047796126553631	0.0419808815855995	0.0458757284368343	0.0450449243324979	0.0450984656450682	0.045984276858943	0.0466686737454771	0.0449908200132953	0.0443562293822847	0.0523941791926797	0.0485882822049855	0.0522372869975075	0.0507802516048272	0.0598877944519153	0.0561981510642385	0.0545297293956205	0.0553843250882257	0.0572844589213016	0.057206659973959	0.0574188357918823	0.058090045312857	0.0538689556963291	0.0542633249208284	0.0519335301451369	0.0569341892377055	0.0573708249472742	0.0552961431311719	0.0535034281838676	0.0548296037376862	0.0572114481320058	0.0574166398802117	0.0533201189209615	0.059051793066821	0.055126396673759	0.0555086481872036	0.0542195031297972	0.0551454520092402	0.0704373997120634	0.0672222366716526	0.0686929588653514	0.0636474047509326	0.101958040379217	0.104895072406341	0.104245988986618	0.104900898227824	0.134210183113219	0.134053689366144	0.136063561473725	0.135672566046912	0.141429733681168	0.142367797352493	0.14155424825256	0.145648220713779	0.128733437274841	0.129475363218538	0.128484842271338	0.129306357235282	0.110563633605419	0.110667880593264	0.111204426991867	0.10956405880945	0.0902801469837814	0.0908661891249288	0.0908399901939339	0.0930136736973559	0.0715573054353478	0.0733640976381842	0.0729991916523453	0.0720794052741228	0.0594313670460559	0.059704053971749	0.0592277164186756	0.0606368625635195
2025-12-03	0.0507760869273395	0.0532775468687794	0.054322356354025	0.0546240098498561	0.0482909966459028	0.0478990165765071	0.0486998215217975	0.0461101652557926	0.0385265704511646	0.0411296363913444	0.0377024207901684	0.0396413723673227	0.0298107179390527	0.029455522503416	0.0312225009186941	0.0325112586388373	0.0250703963378997	0.0256329844670164	0.0254387258798962	0.0268578933151876	0.027767089857152	0.027448427129388	0.0279542478733373	0.0278302351401226	0.0254432046836119	0.0252070450231344	0.0247653075618477	0.023584442731406	0.0148690648427708	0.0151441761033226	0.0160998134321789	0.0168869456217277	0.00632120882928635	0.00690459415467308	0.00619148315960731	0.00758271385643326	0.00545224331245846	0.00789917399405359	0.00804611582441112	0.00660246686907684	0.00790960475091235	0.00622476729212042	0.00538289036162837	0.00848273759533885	0.0110028064544089	0.010106741171537	0.0117439848014139	0.00914646757264023	0.0218202837163565	0.0204534786610627	0.0202273282543374	0.0194989093682435	0.0319495561269907	0.0313019860947907	0.0312676118929581	0.0354808458852606	0.0426863483555924	0.0417019097234402	0.0394512173759238	0.0441605245450436	0.0570032919825555	0.0559726071606957	0.0551229309534664	0.0549011699032824	0.0772468495578353	0.0764167672821056	0.0762328084906244	0.0751035746694347	0.0904132709269595	0.0878941487887601	0.0887372416565572	0.0879553386277231	0.0895481193623016	0.0919548967575772	0.0900797706588999	0.0914172132212213	0.0893002763295513	0.0900278957375239	0.0888797945169367	0.0877920334159881	0.0855763096016994	0.0852310078813345	0.0872610371108227	0.0849316454061433	0.0860264434267512	0.0874277046382937	0.0871542800259655	0.0873915719089896	0.0737904346021852	0.0698031716983194	0.0731682093339137	0.0732381843655817	0.050001803580702	0.048689963406398	0.0498928560913887	0.0494153769215113
2025-12-04	0.0359858355189991	0.0351686072369927	0.0399237003862806	0.0359218568577275	0.0531300396404932	0.0531365421571047	0.0538464484554751	0.052886969746927	0.0788614525456377	0.0768443273580691	0.0767690364193037	0.0785251836769895	0.094166190813251	0.0937641670546284	0.0925558636196962	0.0945137785124243	0.108876247844407	0.113880737864553	0.108576491300214	0.109666522990826	0.120499208718721	0.119504953454047	0.119371920604663	0.121623917222569	0.122508127294917	0.121340782776676	0.119639631856072	0.120511458072334	0.124602243083915	0.126170532604842	0.130159066623004	0.127068157688239	0.129929971447985	0.129822528471657	0.130180167028001	0.129067333052356	0.139196872152497	0.140086820882901	0.139352010929671	0.137364296034931	0.162617541215237	0.163300722479528	0.163430899885524	0.163650836419711	0.189654704615636	0.188783358074507	0.190406615622649	0.188155321687208	0.19214325536586	0.192365250310818	0.193556181114289	0.195935313209034	0.173930119753865	0.174494008020212	0.17404390684839	0.172531965377533	0.136353309368077	0.139521743077621	0.138296907363238	0.139828040191064	0.116049047130943	0.113693145344984	0.114899204704276	0.115358602819798	0.102738052218698	0.0975815775837538	0.0967749837993228	0.095905386398225	0.08192420353038	0.0803761004154278	0.0821002845351907	0.0835994115190015	0.0820770353472856	0.0835362641801263	0.083059601817885	0.0843270986547031	0.089039841057194	0.0878253772461245	0.0869516309156467	0.0861831507810347	0.0889073091116071	0.0904981777375999	0.0901795999578051	0.0924149131929879	0.11430226502551	0.115174590162228	0.11439665852329	0.115126486288972	0.163001327796726	0.163073948598965	0.16297218900651	0.164952534597798	0.189621344423873	0.190982733005351	0.188202247052346	0.18919367551843
2025-12-05	0.196612472853196	0.195705078403573	0.194478766305139	0.194203682438093	0.196484702633814	0.195947190058414	0.197420123682052	0.197147983625719	0.204193883647623	0.202432433157759	0.204300568265854	0.202073114928764	0.195643687266497	0.196203347614417	0.195944736982071	0.198208228137014	0.172681096855884	0.174504317314629	0.17516220566952	0.173652380159968	0.151791927624066	0.147546667117242	0.148538826932064	0.147122578326628	0.12991975677702	0.131797486462748	0.130393266970483	0.130889489789749	0.118447857052342	0.119313433556607	0.118981724449318	0.119256984941733	0.104862238613448	0.104722550352087	0.106590554328293	0.105824656706172	0.0886536227157656	0.0876535800293604	0.0858349825874801	0.0848578146673939	0.0719209454570321	0.0753653301911265	0.072548215971167	0.0701655083806745	0.0576777443603108	0.0583357814867949	0.0571598061263342	0.0578266680265601	0.0554670497263686	0.0537372623259138	0.0547419318742633	0.0550537560734544	0.0561728862305372	0.0546836162249043	0.0568819290416535	0.057261568502905	0.051905633037295	0.0515108095518088	0.0516771366917492	0.050906420719147	0.0469644289398446	0.0449887590687344	0.0435788503628058	0.0444679616286151	0.0410369452670576	0.0372590679893324	0.0419084600183449	0.0397955267252651	0.0322521539922926	0.0298699146988445	0.032871677106507	0.0330062542023558	0.0256693953407484	0.0254008542373561	0.0240656461397959	0.0258641042820996	0.0228675128984374	0.0224189974821819	0.0213647669441433	0.0223487226752374	0.0238071608409862	0.022996712540518	0.0223667753867766	0.0248293512317192	0.0304550115890309	0.0294681527397273	0.0300021375821787	0.029074698089063	0.0392715941849968	0.0417656317086998	0.0399702444331703	0.0389925296731331	0.0553635989236502	0.0571711093406883	0.0552595968296325	0.0582056949060291
2025-12-06	0.0775419185934278	0.0787134643893246	0.0802644328650465	0.074480184152201	0.0955259871706037	0.0964809369125843	0.0958242168721751	0.095168859044637	0.113263951592153	0.114131314688122	0.115959124224002	0.115645609495724	0.122114237824467	0.122642404643086	0.123089155980705	0.126154201551742	0.118261913817247	0.119819532918329	0.118337062799236	0.119581490465188	0.116858641372681	0.11441824804755	0.114951237755894	0.113771872823875	0.114678018286422	0.115896089274071	0.115344161634501	0.118081730805006	0.111220910027007	0.113369300418809	0.113931769993837	0.111478019560348	0.0999295772738216	0.0986737203984601	0.100483692069633	0.100913010258086	0.0787207066789671	0.0802247981804369	0.0779665316069071	0.0790879635336888	0.0683205392985878	0.0659674390668991	0.0664324699727215	0.0672795516617916	0.0566749595572725	0.0585690800214584	0.0585245206898163	0.0592314397314528	0.0603039321273948	0.0599504765705719	0.0608281450051991	0.0619174462968342	0.064899569838257	0.0658576823269031	0.0646149027570561	0.0666278450777838	0.0627335404034879	0.0611239471372798	0.0625442948640377	0.0615982175951946	0.0685237578168187	0.0735581184099821	0.0701028688907575	0.0688152548824418	0.0743186800476017	0.0769383259576997	0.0745640480217488	0.0741789459729497	0.0726040283132266	0.0740530280131079	0.0751376215633947	0.0722053221102709	0.0629752752174178	0.0606822410916423	0.0634727931466245	0.0588696905443153	0.048009049219042	0.0473427628472426	0.0487779606866459	0.0508702272470695	0.0382278185555786	0.0392001053561587	0.0390660228090592	0.0405060532792035	0.0398928108817137	0.0389333496116139	0.0393253220960799	0.0418485174105926	0.0416700563569563	0.042326060713702	0.0406748926163378	0.0423289903130039	0.0425394027572308	0.0417786242738464	0.0444454916394153	0.0422364813295075
2025-12-07	0.0460730697744233	0.0452918750399747	0.0447003292475565	0.0419347259380455	0.0420449523816722	0.0446570696771868	0.0457775331661481	0.0435204447749929	0.0421846138938528	0.0411418270141687	0.0389897224597971	0.0396838366321814	0.0324296776006793	0.0338266631010718	0.0321667036950586	0.0325769556031902	0.0302678516138562	0.0290231938016934	0.0271924097214148	0.0305165448630357	0.0347012689175639	0.0377765350964712	0.0324450429153897	0.0330771530705753	0.0455813368266329	0.0469016644272639	0.0469434232410895	0.0485735755050138	0.0621737641368627	0.0614288124524145	0.0619678662989125	0.0614295571118103	0.0737343774645801	0.0743494760153518	0.0740438417641971	0.076872304755871	0.0860247698241051	0.0867505469333922	0.0866923737903656	0.0885323094521372	0.0927879659628796	0.0951655610419574	0.0964305783447657	0.0966158946503972	0.0976152947689007	0.0961784766560895	0.0956435928071115	0.0965626357678983	0.09476760958248	0.0940558547475104	0.0957513810096282	0.0944251546603814	0.0890087605257058	0.088046020105732	0.0886432705267051	0.0883019488418571	0.0800842109467579	0.0796420229137332	0.0815666646372786	0.0837071015022303	0.0761939543914579	0.0740044586382115	0.0748718631893818	0.0739297237809487	0.0742752424641354	0.0746809276957042	0.0721503995008341	0.0738934303393262	0.0669044329942204	0.0693234698719624	0.0692766743388512	0.068495422794966	0.0614674564055991	0.0601464831819178	0.0615853697669403	0.0618006906455428	0.0553595586397029	0.0559422864216261	0.0549218604177299	0.0537762945209411	0.0464831654197301	0.0485211396687318	0.0483571097221985	0.0516385851893396	0.0406588309862453	0.042073333264525	0.039658280458575	0.0426095552906547	0.0334694924500152	0.0322608166762457	0.0347520784052476	0.0325176124684915	0.0262335928061506	0.0276281396247875	0.0293642082867402	0.0287740592823217
2025-12-08	0.025296059131728	0.0249334798459602	0.0231878298443022	0.0245826311780096	0.0205174226450777	0.0235688652240916	0.0196517690509436	0.0202619430798871	0.018699656973454	0.0181634380559593	0.0202125818960904	0.0169243230744962	0.0143586878660138	0.0167569802577941	0.0155009926669607	0.0173833392092314	0.0148923421494644	0.0133366037325827	0.0123476402281242	0.0134234138898287	0.0122060191446865	0.0113817857587698	0.00817581569901793	0.0122363793975258	0.0114167000118378	0.0081365395025398	0.00940903207741059	0.00903772840821182	0.0087229839031039	0.0091164467263164	0.00844072511236426	0.00971984425821544	0.00677985843580356	0.00699652184667738	0.0104840535018144	0.00673956621570465	0.00494030902957098	0.00505343293289324	0.00352112757908601	0.00248513045844977	0.011616114969049	0.0119830211659406	0.00810354214497384	0.0132973217200365	0.0244228751589578	0.0228942288571697	0.0241667793282169	0.0265161166556557	0.0347434444456746	0.0382622699486376	0.0401899974918335	0.0388042881138543	0.0499151992477979	0.0482688861299274	0.0503926307869446	0.0494232838353302	0.0575251212911836	0.0598399963194854	0.0589030240391575	0.0587318583501735	0.0694659317544485	0.0666875692718169	0.069331321001374	0.0685151779723606	0.0803784000154132	0.0818420705015212	0.081874485110591	0.0809050443724747	0.0809874425182214	0.0823791558780521	0.079674295015676	0.0819591065880505	0.0714794706788624	0.0736291826066015	0.0734306421078709	0.0704607046066652	0.061719275926952	0.0597040551422663	0.061567336520403	0.0610093324103787	0.0538359965373054	0.053242540260214	0.0465519722656542	0.0533694909368264	0.0477742695165768	0.0494826272005001	0.0466517970759481	0.048091306206975	0.0476835734963532	0.0481527133731646	0.0487573625823251	0.048406350548157	0.0544127804656055	0.0482998405096591	0.0500320453928007	0.0532553336319346
2025-12-09	0.0485683380909238	0.0499588750302726	0.0489076816597661	0.0495651052190375	0.0382855344522285	0.0359494180766038	0.0373204252801453	0.0364446221910224	0.0254905797523946	0.0247478326061069	0.0264617935270582	0.0262997941144403	0.0210280613101958	0.0214620392733584	0.0203024855170959	0.0212074138993498	0.0196453049994508	0.0222402556465874	0.0207196765572148	0.018394762796747	0.02179745763437	0.0223526890278791	0.0197825804064758	0.026067272931275	0.0277315684888157	0.0273407251123007	0.0274196055240019	0.0285081008748817	0.0364350341874268	0.0297758183626319	0.0363731104575489	0.0354160369923925	0.0415008754385517	0.040010522325652	0.0396621862968401	0.0418264159389561	0.0497874195507205	0.0459725020467687	0.0447471506155409	0.04349292778697	0.0611960122046236	0.0588073040447733	0.0604890092658442	0.0595076744847589	0.0654678719445415	0.0709419075933674	0.0648428525581872	0.066747367903904	0.0699309763222379	0.0679382063125237	0.0701108317362366	0.0690199856290018	0.0680853863749092	0.066309517622109	0.066366572098254	0.0692385239047279	0.0683779721797523	0.0676659126341876	0.0649016199534896	0.0670544952325706	0.0748240084226002	0.0718032910609864	0.073971759506443	0.0754009410099704	0.0865899104289866	0.0852008929749444	0.0850291233765431	0.0881800732195259	0.0881369962254104	0.0897221053201299	0.0891857252433836	0.090955173211076	0.087142429033213	0.0869623746144596	0.0873262225392452	0.0885689738130822	0.0798067694046312	0.080846930027612	0.0813463730853382	0.0809999274824186	0.0690510424379931	0.0695796023374043	0.0702988116395411	0.0690705435850615	0.0612171145781609	0.060118257791342	0.059688975710506	0.0609756519199912	0.0522478793300057	0.0521505175538952	0.0540689486432155	0.0525326544728836	0.0449084813056222	0.046863991129646	0.0445217539224183	0.0457057736423134
2025-12-10	0.0372277342792146	0.0371963062967796	0.0413097151884751	0.0382662442355307	0.0292069008558708	0.0340535814390124	0.0368664492417239	0.0378730684633929	0.0376027219949132	0.0358954653077828	0.0358411230203321	0.0366606896769719	0.0377509837827104	0.0411863330727618	0.0404514385927171	0.0406112445518108	0.0433882714853002	0.0435748392504963	0.0432702112520397	0.0437666780121638	0.044291769523612	0.0497698799198448	0.0448255870745951	0.0451127634819482	0.0435954816888433	0.0461045809750903	0.0450687304748479	0.0452312068612185	0.0430228320383246	0.0430764086351146	0.042393618893954	0.0425071404326068	0.0453280910355297	0.0454859580148107	0.0435080531419519	0.0446778978077077	0.0459299999771667	0.0436542109630116	0.0455833478952553	0.0468324411645665	0.0561365008802472	0.0570100019136303	0.0561834045129252	0.0536700926931974	0.0545106375026453	0.0552423929395207	0.0551995346360595	0.0570474349217744	0.052352428890959	0.0527144752552931	0.0522741124478802	0.0526589834058677	0.0502965347854591	0.0503012608242413	0.0490793007124085	0.0513229036778911	0.0465475856780061	0.041840795304459	0.0450166323384093	0.0445949866791255	0.0418561753696557	0.0406939605361941	0.0430442686475484	0.0424055954466018	0.0448766590023923	0.0466261479164071	0.04306676387827	0.0444304292029306	0.0410327557803671	0.0420869604795658	0.042326388682022	0.042553895058045	0.0319364353036069	0.0322510702964716	0.0343678855220934	0.0344446088778281	0.0207110357730309	0.0232662126975393	0.0220389782458836	0.0209837732835463	0.0178126873245839	0.0167151081703662	0.0171992580667715	0.0182729464382783	0.0195375742188647	0.0180089483532399	0.0215004272762885	0.0209530501516069	0.0230428125770242	0.0212289613670393	0.0243333265847309	0.0233948994712056	0.0252724055928881	0.0297362363641192	0.0298411799966098	0.029150178046383
2025-12-11	0.0348898414912555	0.0353381323743351	0.0360016063240439	0.0347704198103654	0.0411870049506323	0.0409826714352884	0.0410462399684476	0.0437840836456317	0.0441354242923011	0.0437046842049096	0.0413936583695308	0.0437662331332584	0.0377062044189281	0.0414577248132416	0.0379420998648177	0.0378939709030125	0.034117232359115	0.0353141066585674	0.0334200245590816	0.031148636423236	0.0265968496740993	0.0261998497890585	0.0254069806859163	0.0237963198509259	0.0153012025896912	0.0153503948780272	0.0171741953627197	0.015174207169562	0.0091418621985823	0.00675337465527038	0.00767209523047757	0.00543266791566975	0.00515428396279596	0.000346659202917285	0.00104636116003259	0.00145269567425416	0.000456949563900551	0.00133077615860248	0.000419145715237727	0.000793128562259242	0.00328397485033843	0.00114241512642053	0.00138974284574497	0.000183867177496069	0.000843852280791315	0.00249658622629074	0.00506979876017989	0.00258976273273805	0.00475340065828339	0.00527111963732555	0.00404983582311893	0.00292564388127213	0.00760520464183684	0.00480932751534396	0.00296804866797604	0.00461741917484316	0.0066178018565665	0.00476595208817437	0.00490600543337183	0.0057102406218873	0.00853789507349504	0.00822672106138412	0.00813875308594775	0.0090966307791731	0.014477946336161	0.0147632926331521	0.0126846087074024	0.0140741523232845	0.0199320480224114	0.0190820807832932	0.0201412021699545	0.0198446690243408	0.0255121254645985	0.025110425005676	0.0263172142737503	0.0240602352559752	0.0267013450695641	0.0262897547656325	0.0266587108254416	0.0283501893393618	0.0223736602346515	0.0267775167505285	0.0233990915143914	0.0244497315004286	0.0197014497676094	0.0204431264537351	0.0207667725880532	0.0190886511906023	0.0184790302229049	0.018669426783658	0.0162671066580362	0.019584436335401	0.0152637516764394	0.0169986900926634	0.0158636372320848	0.0148739209988124
2025-12-12	0.0148212217683936	0.0140286249193616	0.0127907089617111	0.0153594443505336	0.0126765370595474	0.0104305410719172	0.0106622499515225	0.0122306719170129	0.00800900541084357	0.0101821300899758	0.00902628727590124	0.00878257722327941	0.00635345765451381	0.0066500120020357	0.00849128455945217	0.00550524578399832	0.00456254442257489	0.00502645697595558	0.00541514782688399	0.00499585077458554	0.00258363816282303	0.00440268061830822	0.00304645251773977	0.00496722870112899	0.00250593088373768	0.00275018267070816	0.00561731497881192	0.00112657146674225	0.00282814486996738	0.00321543010756338	0.00285650787933492	0.00309991714313431	0.00475564189494393	0.00443895055764305	0.00676069742048706	0.00704471012692596	0.0123686530806079	0.0125478395633253	0.0130376712783461	0.0110458360777207	0.0164697739672174	0.0153396518417039	0.0182167580511048	0.0179738161399738	0.0174370410180435	0.016156573556434	0.0181862528282458	0.0192201325972766	0.0157081449462388	0.0150449902116107	0.0137759993545805	0.01747086548757	0.0126932891498772	0.0117200382599566	0.0129583954793637	0.0126282771108024	0.0110019598875464	0.0116181446477132	0.00966131129601558	0.0117185841687248	0.0122947962843036	0.0109795575729124	0.0131633912112325	0.0125622549315515	0.0146371934325099	0.0139643241495169	0.0143496006969851	0.0130488817209881	0.0180326905410231	0.0144358842798848	0.0149437124001996	0.0155877127788924	0.0189542420123049	0.0191128045852583	0.0179851084919466	0.0169478449104902	0.0236245054534353	0.0213157048409072	0.0229679226961416	0.0190918670095159	0.0244089245222318	0.0267521989584378	0.0268824813462589	0.0229563951730715	0.0288003021058866	0.0287133331043333	0.0278576269982598	0.0276287377915202	0.0330012823354987	0.0312973314156807	0.0313321209794002	0.0313692652694204	0.0343113244529861	0.0375582575785836	0.0345175381089329	0.0366128798594975
2025-12-13	0.0406515528487843	0.0399491211843386	0.0389719375775346	0.0404273883893426	0.0461712137173174	0.0454755184682831	0.0444097199690199	0.0439435478453797	0.0524995274370021	0.0509674752962705	0.0492564202936437	0.0482765769730837	0.0564031384611227	0.0551839223469044	0.053245427548605	0.0551675116433679	0.0614261333802598	0.0588884612257588	0.060704960487408	0.0619804449065733	0.066049166764541	0.0663263863385491	0.0649264831943269	0.063697963702583	0.0678783454875308	0.0710805076243534	0.0673224641139373	0.0657186827741785	0.069846944008334	0.0682450845946201	0.0696082320912484	0.0702997393057975	0.0666274280377303	0.0673727448739161	0.0671429356603601	0.0678568914279935	0.0584999866252667	0.0614461779579403	0.0596444328645756	0.0614094025522175	0.0667833755664664	0.0661547045170771	0.0658668601911944	0.0681950597252621	0.0703697448770229	0.0690562864238797	0.0646041039371557	0.0679698647619418	0.064739770925183	0.065301694007434	0.0656017916024336	0.0723567434649495	0.0668283927376211	0.0673900975428662	0.0675994549091907	0.068182054810322	0.0676550279736381	0.0676245992465733	0.067880881098627	0.0668394916811616	0.0647422973851101	0.0658606567561138	0.0668887331861649	0.0665083126726112	0.0683671675978503	0.0685720863017948	0.0686242601794433	0.0684364859209116	0.0640703540409869	0.0673987868540248	0.0639906194047927	0.0655402397001957	0.0587040936925606	0.0590129743343828	0.0584879443097943	0.0607949876632622	0.0528999717481635	0.0543286836420619	0.0536203569125833	0.0571509876971914	0.0514075454287616	0.0515179583045652	0.0473599214846272	0.051714574782046	0.0456335255389662	0.04609192547873	0.0470333807795204	0.0472411682027834	0.0415770490578663	0.0419532514511857	0.0402214692423669	0.043248230248581	0.0371201950021736	0.0362768291978807	0.0370409680202289	0.0365620077797168
2025-12-14	0.0320467441763633	0.0330821970501376	0.034786928434299	0.0320841303392001	0.0279368559497525	0.0313338877662349	0.03005804040589	0.0296712158781226	0.025767889865155	0.0306544323684154	0.0273190233513581	0.0282586544150715	0.0278535113498955	0.0301710580513821	0.0291064571743731	0.0278689734243493	0.0314607798283304	0.0328240735761439	0.0317144687635878	0.0310006778319379	0.0366453209259509	0.0352265898200301	0.0344647155810775	0.0346633736729414	0.0404731701484473	0.0388901622718455	0.0392426696916928	0.0393939978880144	0.0442456401210553	0.0445250575456487	0.0427405996440097	0.0434887026892863	0.0452271387301381	0.0453840194744797	0.0455658869777436	0.0438229548176386	0.0416391818773284	0.0443567103631189	0.0441079925848993	0.0458961151746534	0.0456631011108213	0.0462453211428338	0.0479327338996498	0.0441588438466951	0.0506254332992924	0.0469559499550518	0.0467342565204782	0.0476843602251775	0.0498256476056538	0.0487128772220278	0.0488362985180865	0.0506251766542319	0.0548036612320282	0.0557088974872818	0.0544283115618232	0.0530591297188668	0.0559015416858357	0.061641582200174	0.0622439984258694	0.0622128776881209	0.065942004484818	0.0660589565712974	0.0653732065740906	0.068625832369794	0.0772899582217217	0.0763107462937343	0.0794167466294779	0.0769825488550661	0.0845825089373809	0.0854980693214996	0.0853459487488975	0.0855734729922221	0.0922265531451654	0.0909352653012538	0.0908991152960043	0.0899390662575765	0.0959072336222895	0.0939083794632493	0.0946052198612102	0.094579167053251	0.0926401142735484	0.0942937747715486	0.0943466364647594	0.0947194744901436	0.0946512439267612	0.09502113703239	0.0941574445597466	0.0951701744811022	0.101239048702318	0.100187994949743	0.0968156438432975	0.0997573125046406	0.103063404368659	0.104424809458477	0.101291510614956	0.104220275557907
2025-12-15	0.110574582957696	0.111640459019965	0.111120832805724	0.111664125216615	0.119127292191138	0.119225748780216	0.120421587827982	0.120225371200664	0.123693312937627	0.122125695407029	0.120978219696065	0.122202771959278	0.123548069342593	0.120783101456053	0.121118482923367	0.122550346277987	0.119158897823434	0.115608526813441	0.119382338155524	0.117850237207601	0.119811967632177	0.122037504983548	0.120641331012617	0.125509196371658	0.126898486804352	0.125030768798363	0.124283089745006	0.123787654652279	0.127078359095699	0.1251148015929	0.125803883174884	0.129002956136518	0.123997964418536	0.123011580967819	0.125802978943659	0.125187475669987	0.111473002288538	0.113448537152036	0.113334998321011	0.114743462238416	0.088095271039187	0.0911097942810789	0.0916538145559544	0.0901411201237796	0.0630201293152938	0.0645492085443056	0.0647463992235744	0.0636842629168262	0.0573336006870783	0.0586595261352081	0.0554413370205833	0.0555655361571303	0.0588778380846151	0.0605375600936594	0.0587903102680432	0.0597942915536823	0.059603025603831	0.0609261448729078	0.0606145538150413	0.0618562757082199	0.0594631250991381	0.0567856128384191	0.059476559639325	0.0582747024231178	0.0619872653243763	0.0616071827406781	0.0613562790030976	0.059049272931848	0.0659532384219903	0.0633202081403747	0.0618498708276094	0.0648766826100257	0.0599591035843613	0.0609286530123888	0.0580529588269118	0.0580592845763382	0.0502853859858664	0.0507503066021551	0.0484977160891037	0.0504665913228748	0.0413188156175741	0.0378830050846061	0.0414811382479524	0.0403170410498674	0.0366185684585576	0.0345060465200291	0.0370829831407781	0.0367924018806352	0.0330299724387594	0.0349455011137037	0.0366843694513469	0.03334015699619	0.031596411752137	0.0326838899781886	0.0336133549500404	0.033106343319634
2025-12-16	0.0296971598803306	0.0302277581590804	0.0307262595648088	0.0303488223957802	0.0242236962825429	0.0258993453390725	0.024276365913438	0.0226005924649465	0.0154837081256369	0.0147414469598909	0.0152751702980568	0.0164996746164153	0.0119381198718492	0.00757321298201234	0.00681124144854491	0.00867742569759356	0.005175211120826	0.00648195882041222	0.00509719916269713	0.00524563089606464	0.00911697341057048	0.00743961719052146	0.00863725971255077	0.00780614968635729	0.0151869441983596	0.0131900340015333	0.0104168732740429	0.0132061485260642	0.0154150323463647	0.0160854482868429	0.0132040780530286	0.0132954413137639	0.0137425621390108	0.0157013215925534	0.0136898337263206	0.0158662825421151	0.0186854364438734	0.0168265593860575	0.017365181162863	0.017122823007206	0.0241744378778278	0.0213580076902388	0.0244820243426849	0.0259855300892485	0.0319222750816981	0.0318751855600583	0.0322964252256942	0.0339061141325494	0.037384628285291	0.0364219689758764	0.0405660145127921	0.0396273882260405	0.0399788832042774	0.0424257646109583	0.043055776856456	0.0425395753283083	0.0427709013604666	0.0419798895400244	0.0403125483422315	0.0409366607572775	0.0401405152068553	0.0423999044589637	0.0410817018568107	0.0433778784773703	0.0510248872811466	0.0508928924599843	0.0503037900931413	0.0497784301657279	0.0609542210870812	0.0620988248556468	0.0609292503263054	0.0620177037309666	0.0709191396625851	0.0707451804110497	0.0713561167150956	0.0689795632112696	0.0735099271107089	0.0745173612032567	0.0738813104329702	0.0720914012530642	0.0715330064468167	0.0700321546742796	0.070572119792639	0.0708627190862647	0.0614742671192383	0.0661108682777611	0.0675822905915041	0.0658325740114965	0.0620062475576602	0.0612295540801311	0.0636108126947043	0.0611533856675044	0.0635753435557763	0.0664172936103348	0.0669261520662285	0.0670812107676604
2025-12-17	0.077621318134607	0.0769144104205176	0.077980183324052	0.0784840881208233	0.0917647632306575	0.091843190774936	0.0935974705960291	0.0917945753983774	0.101279689144718	0.102590875127664	0.100272456819012	0.102856978908606	0.0997427516923453	0.0976156729598196	0.0993603537010146	0.0982812216468205	0.0927933029174833	0.0925331255941964	0.0929666249948446	0.0897069464934757	0.0879056810535432	0.0865795586782153	0.0855178818935395	0.087996878374702	0.084656698149049	0.0861327304128379	0.0826343212232744	0.0835762502148387	0.0808423968735089	0.0831820871809823	0.0828861627556328	0.081089353189876	0.0747420843684866	0.0728032026825265	0.074386406576427	0.0740683063725599	0.0637352731593633	0.0639956610296291	0.0616921657847551	0.0615769000262525	0.0634393466026414	0.0634990184736408	0.063774480149662	0.0652871547740557	0.0602884301136934	0.0595064586921844	0.0605011439649528	0.0637039672291694	0.0577181840969213	0.0563196895724252	0.0579493554324604	0.0610127708981932	0.0562486528695383	0.0582469842286293	0.0547996433738749	0.0537047195279576	0.0511134864532719	0.0506584854511126	0.0505303845309241	0.0516976435646914	0.0480465529365122	0.0463945740594213	0.046190763434745	0.0463681095693215	0.0431783089441064	0.0427595426123841	0.0429444857081411	0.0451176627353683	0.0372488367035091	0.0367008926961193	0.0366257885475097	0.0334244820528619	0.0290701604225121	0.02772077267774	0.0265187298197558	0.0286903370799921	0.0231709980996305	0.0257604195682622	0.0282372846582666	0.0248312976738407	0.0211080340606369	0.0196592613447511	0.0210834400737157	0.0211492645208962	0.0173805111493936	0.0156109924996894	0.0163533773334644	0.0156551190174526	0.0131540460222299	0.0112448862908867	0.0159834019188079	0.0146176657680755	0.0130458323155781	0.0119320487443616	0.0144472582613531	0.0105748606787072
2025-12-18	0.0126929711846956	0.00999396720407346	0.0118300973043038	0.0134829643069271	0.0124106180254337	0.0104639058149576	0.0112647770618059	0.0088606990978028	0.00813858277414469	0.0110826443467576	0.00805024945944796	0.00672852341964972	0.00662858305689894	0.00333330835499366	0.00493867319016065	0.00309943539794675	0.00375689149328938	0.00530671993937707	0.00489228727644132	0.00304410129089222	0.00367755308428695	0.004664522967018	0.00448522314531064	0.00417270080338441	0.00411095093109751	0.00500376051032109	0.00451451116056188	0.00437077739801952	0.00362251340160933	0.0043630178340647	0.00392146102613373	0.00509300773819223	0.00478916574437635	0.00596622967320371	0.00536036342466671	0.00188424115775323	0.00411515733171988	0.00266100677684808	0.00450714319627813	0.00471669269515391	0.00263876477186026	0.00241168296871891	0.00387721631091928	0.00407233594850155	0.00391416746475769	0.00287372933398133	0.00261198717533026	0.00860011602593073	0.00708057048057868	0.00681322628062764	0.00843069842658838	0.0076755048122053	0.00840999425400549	0.00482994363470986	0.0103591671551107	0.00940089495617392	0.0066263534891529	0.00604115783640987	0.00599968464626826	0.00833280402816897	0.00455752370176355	0.00472230409409721	0.00770888411437612	0.00401128808976312	0.00629792212408518	0.00603711817942202	0.00172253339368971	0.00494242630280309	0.00386623103243529	0.00136812860502708	0.00603369087253673	0.00473194949000091	0.00626761417538641	0.0038445745459765	0.00511943407219984	0.00076837720643725	0.00646663010687724	0.00787224950849359	0.00697493359099534	0.00668618679363383	0.0155803754308845	0.0141607447214342	0.0155572674813049	0.0137016123663764	0.0217278045841123	0.0198446273856053	0.0210264582504044	0.021401109779878	0.020781652243422	0.0194039702242725	0.0199566379015551	0.0198577396307505	0.0151011607534338	0.0148481843756203	0.01455655810209	0.0124940967688559
2025-12-19	0.0102469056932485	0.00718510598676932	0.00827850605639029	0.00928948226359189	0.00661051943026214	0.00667682291918317	0.00711370317454315	0.00459895447601153	0.00718761730326247	0.00731522194877458	0.00443372134369196	0.00506343940427099	0.00543885624811611	0.00505891612509883	0.00775305485731844	0.00874917276946662	0.00921489693277221	0.00904176770271899	0.0107389100091365	0.00900442535537232	0.0149715378704016	0.0156072102701504	0.0134366571056711	0.015984594753777	0.0223661621317892	0.0182262476040392	0.0179761597598943	0.0184314305042773	0.0172495849822842	0.0199080436689472	0.0195467202807713	0.0202956510679973	0.0171176795635617	0.0162245077199455	0.0191544883955487	0.0165033243209441	0.0133724902190719	0.0124680293387061	0.0141403999776443	0.00701908046457772	0.00546516365452412	0.00738809993314786	0.0060232565997394	0.00812347981258862	0.00555852184522177	0.00500438693900492	0.00730299796743406	0.00513409324833926	0.0100339661257464	0.00389386821962803	0.0056772942634761	0.00539487139114951	0.00691431492001071	0.00727292048389198	0.0029600148307946	0.00585274976530271	0.00511137577858101	0.00405604397889391	0.00458942280840083	0.00524315743412425	0.00577620001069167	0.00807419402002014	0.00505656608560688	0.00309303988368131	0.00347916154672371	0.00500936680295294	0.00635429742215835	0.006157174228165	0.00196490287884037	0.00357537506514823	0.00236921642949948	0.00309050562651192	0.00234463103739758	0.000596380628322438	0.000209343589128659	0.000849644745151322	0.000949135673093148	0.00106477909006366	0.00264993738827296	0.00333614784857024	0.00455415648692617	0.00395778274535474	0.00398313483777353	0.00550492592994556	0.00860526293566238	0.00690547642054029	0.00746788544368932	0.00602137520010802	0.00870417714615835	0.00849396339354022	0.0112963434078837	0.0085055160524177	0.0114219705168808	0.00958049709693558	0.00845082579904044	0.0105467065871432
2025-12-20	0.0109519074781164	0.00772221940791515	0.010168605962835	0.0111572671511334	0.0105094530148622	0.0115546530041219	0.0092506117635941	0.0106852822174218	0.0115328620478902	0.0103212035240771	0.0127026354225311	0.0104432990055016	0.0159404028274052	0.012694184852216	0.0130608016427393	0.0123046106776395	0.0165031657884063	0.0182281035251189	0.0164931432107253	0.0157755874757495	0.0160025601248239	0.0156107621664389	0.0170739922467796	0.0183126854619576	0.0176638670272458	0.0129445973994619	0.0161359910214268	0.0162555445518655	0.0167170084680721	0.0140269064938825	0.0154589470630966	0.0157971379749489	0.0159374686965061	0.0178309589678701	0.0167139281676816	0.0175176441679422	0.0173119650653865	0.0189500813714378	0.0196872935192908	0.0170506600438849	0.0174495101981872	0.0185550620053682	0.015648890963777	0.0193465368326676	0.017424220294527	0.0186947599170215	0.0183017434701267	0.0175792763183248	0.0170904242164144	0.0151824287465085	0.017187181425394	0.0145399656116831	0.0109235976264001	0.0129788537434861	0.0121967112130172	0.0129008374170966	0.0103788983919798	0.0100397057402386	0.00984844072720338	0.0107329551405781	0.00685647654504713	0.00821520822017856	0.0123138950994076	0.00761442013536671	0.00610659488532037	0.00673735830300444	0.00771254154649799	0.0074435052651772	0.00628847544720893	0.00686012671254808	0.00499890245853897	0.00385249538170402	0.00530440361916993	0.00189375654870934	0.0058027041867746	0.00399913564534613	0.00109663494489485	0.00375309998623764	0.00278713441173678	0.00636313065713073	0.000477678686725568	0.00273131973328417	0.0038410539639085	0.00294994761608176	0.00249028647002758	0.000427308034264356	0.00103542148962877	0.0030469840060793	0.00181065611614089	0.000757800063940598	0.002465450691203	0.00196609312871552	0.00250334754305424	0.000835078472676711	0.0039112251214797	0.00275034886278935
2025-12-21	0.00445357671956445	0.00470846579606344	0.0044442824751997	0.00339367500917241	0.00800782166462817	0.00720583277889107	0.00745848782548041	0.0103278577310004	0.0137900061074663	0.0142258035103467	0.0154503167730533	0.0185338736091337	0.0234504303396774	0.0211440276969876	0.0229188765200296	0.0224866654433055	0.0180001101202426	0.0259590954721793	0.0260017210052404	0.0260390734023376	0.0211086241098046	0.0235817289999291	0.0200475968104613	0.0202620500798049	0.0167851148097086	0.0185533226166362	0.0165168437641261	0.0161447188095292	0.0114595828041849	0.0107309822726999	0.0113136701430523	0.0114957647800629	0.0052871303815981	0.00720316033817711	0.00687841773036928	0.00563129154985551	0.0139510462472185	0.0182003499099201	0.0166155679535311	0.0162330358893303	0.0582982080668287	0.0576778671090726	0.0614599921761427	0.055563932647956	0.106141424429169	0.108267623551442	0.106908907633682	0.107682044385707	0.129584113880681	0.128246342758962	0.12973489629809	0.127434647062267	0.132985766209777	0.13150163423616	0.132378225888754	0.132134373665309	0.138606815035132	0.137620881149549	0.13749678739802	0.138275516417299	0.136099796023994	0.133870249881822	0.134844927871626	0.135185026222558	0.129947197363743	0.129302835674522	0.12875840321465	0.130991563747085	0.108113283276826	0.108478584109001	0.105406712524318	0.108001420089855	0.0754968703496245	0.0727525563594839	0.0770193308230653	0.0737312424678263	0.0495842530328197	0.0481181972157765	0.0483754959423341	0.0479220538090697	0.0283200901062409	0.0259529417871698	0.0235617819346954	0.0271651861718939	0.0143397993000181	0.0159190878129637	0.0143752309983837	0.0153658818886345	0.0165305534925013	0.0171355444336637	0.0171858531665366	0.0191480489072985	0.0338452494920658	0.0320610104592741	0.0334130121076978	0.0336807279409623
2025-12-22	0.0597287054286164	0.0609165436994322	0.0582273322489433	0.058127418623008	0.0794750616334598	0.0802927481629422	0.0818900201314783	0.0863421700721197	0.0958940154812624	0.0980981619855364	0.0970185128793857	0.0969893096538154	0.105834159030926	0.107384057000408	0.107290836000401	0.112490947968265	0.11351549636016	0.116325362488443	0.119459266588763	0.116699874562634	0.120961896478703	0.120999606614273	0.119014335384931	0.120024161522093	0.135185238687276	0.132392025091269	0.135787811089385	0.134634925132071	0.145053999255902	0.142943578562673	0.141557328799544	0.14544509338188	0.137373236200455	0.136633227126905	0.139363225029783	0.133630311642856	0.119367384697179	0.114366650155258	0.118429665935252	0.118836299212311	0.0987372990491538	0.101452447186299	0.0991300853093301	0.0986801684552174	0.0908368819010626	0.0925800379271751	0.0893730615263948	0.0882100186453676	0.0841592989025821	0.0859303082582582	0.086673206504678	0.0842371863344817	0.0821219449013013	0.0825098306036164	0.0776330909611234	0.0777351335339588	0.0673954491359706	0.0676628440316491	0.0695832156051389	0.0673584912272414	0.0544666281655475	0.0541896215510918	0.0554235180540073	0.0529202322293534	0.0444731597995674	0.0450901166763258	0.0449756697829546	0.0444610537411522	0.0505877765032541	0.0531388944236122	0.0527924109415248	0.0514809181316089	0.0769078619960402	0.0771525076748341	0.0757529461453014	0.0751866841838243	0.0860745255944	0.0916679641139794	0.0868500648714141	0.0864074454202065	0.0781602397434064	0.0787570512170872	0.0777793148520271	0.0803033941874794	0.0681501863201296	0.0677878323933093	0.0665139723521063	0.0695480089344548	0.055767825323782	0.0557668372678138	0.0543782957272297	0.0530870416811745	0.0484620444262488	0.0473725214700061	0.0477148901297695	0.0484505439739756
2025-12-23	0.0484668656903466	0.0519803147472488	0.048901998381116	0.0496508211812885	0.0480076656824238	0.0458788541886606	0.0465472716683976	0.047566208460518	0.0466898817675649	0.0448934972257546	0.0459140116049337	0.0455026094017468	0.0542003690523234	0.0519838170561411	0.0527459486397086	0.0510698652518269	0.0525184672216495	0.0543044769413878	0.0529768023309734	0.0522002535059892	0.0503572727638039	0.0506863497246076	0.0528747347511923	0.0490816427603963	0.0489349188984003	0.0481975188894715	0.0485632252260759	0.0473043369860522	0.0452710590640016	0.0439258780283153	0.0464353750665384	0.0453676878411447	0.0376073573912319	0.0358687745773876	0.0374705779264527	0.0360532901049278	0.0285758057186373	0.0300209699127709	0.0295544992157562	0.0308487251528356	0.023423454531918	0.0241039365285124	0.0225405393249519	0.0219320696146178	0.0157251467082528	0.0140492353191995	0.0131056116073076	0.0141200063652401	0.00385895188195729	0.00327246725673212	0.00441531714001489	0.0054532637212957	0.000472186723881907	0.00445413859053538	0.00558810927266522	0.00348556541291749	0.00999599794899914	0.0103533825316671	0.0109702489746809	0.0066803705446529	0.0240071602417231	0.0259385732094735	0.024663027940827	0.0243912386079764	0.0573029428757177	0.0583573624555111	0.0572989284168203	0.058040766251951	0.0954443508142601	0.0981102181060402	0.0965556243959655	0.0978898066837343	0.124487194725004	0.123846081896432	0.124339606916799	0.122327116461765	0.145035229659531	0.145249494076413	0.141931851351281	0.141783424912776	0.167463228643176	0.165435320854562	0.168502526594406	0.164598923907856	0.162109983466784	0.164620947914688	0.16348330699267	0.161785761625858	0.147366624009755	0.144666144988968	0.147317884038347	0.14664934696293	0.132519108070825	0.126307145020672	0.131908121046796	0.131265625861706
2025-12-24	0.100794495851516	0.0990516312388786	0.0995267944263433	0.100627078483262	0.08175158651161	0.0823742024969147	0.0817295034766337	0.0821447075148416	0.0671168888890479	0.0678117080289922	0.0682655808458361	0.0698058222361238	0.0546708530363375	0.0512077707645216	0.0517476015816819	0.052373774617459	0.0363525051629434	0.0358029150531517	0.0353791405370375	0.0374654392468674	0.0323868009200599	0.0342488685507153	0.0360408924530477	0.032323438076177	0.0397105347239245	0.0368543834720014	0.038698279873044	0.0397368019310301	0.0530633152823	0.0523576653394471	0.0535068743562034	0.0530721450220495	0.0704006851949422	0.0720746099358396	0.0722812293428385	0.0702434755263797	0.0677466875712346	0.0675639102288648	0.0665442674226725	0.0651451347772282	0.0482080108105541	0.0492472144657723	0.0507779289038754	0.0487668458197982	0.0479122478730557	0.0446322715159375	0.0430818370869605	0.0453736435240463	0.0399767435928319	0.0418614166951078	0.0405141067201999	0.0416477329918603	0.0372260547212304	0.0385503788307792	0.0385692615847872	0.0366543048632032	0.0304111407290604	0.030214787681258	0.0337710500262911	0.0306030215633906	0.0255332811029201	0.0256437743248478	0.025954587911301	0.0248683566609311	0.0188399614973847	0.0199893350603716	0.0187335540101311	0.0204371494321126	0.018189175835002	0.0166799766535577	0.017347696091365	0.0177831514200752	0.0231979700730612	0.0246986083285311	0.0226153182288599	0.0234881033695478	0.0372612595489658	0.0361931353212602	0.0335620681492618	0.0349835369805123	0.0500780774177051	0.0506593826808284	0.0512088117360277	0.0490537281654389	0.0708330322030215	0.0710133666838114	0.0689033145935738	0.0692502865195934	0.0911498478089277	0.0907599704522528	0.0914278569940732	0.0916623247447463	0.112973044272298	0.115099230590337	0.114333100172038	0.113594624965328
2025-12-25	0.134749179986524	0.134162865137391	0.135362785828521	0.130725169047564	0.144237141778862	0.142257355366686	0.145681045561721	0.144824457292731	0.13731498650428	0.135087835516711	0.137610475577106	0.136986702401904	0.12812809301342	0.1308532326675	0.131676654694152	0.132342019624928	0.125797676587024	0.128998394164928	0.127456127789101	0.127747801458947	0.120920209230508	0.118701752923471	0.119512778917579	0.119865258928442	0.11217328008667	0.111446854616262	0.112551933650558	0.11082793164651	0.110407497035603	0.109466738356874	0.109497566215192	0.108628198392331	0.103508013934346	0.108502519779211	0.108364272968406	0.105625193318037	0.0959721453948707	0.098668933689379	0.0960481146180908	0.0973108062976596	0.0887253407919967	0.085283548662057	0.088019625585834	0.0879714849601124	0.083848451856591	0.083769185938834	0.0849609668833202	0.0854213953212547	0.0936913547234357	0.0924350502523994	0.090814146775283	0.0920594482488819	0.107668303011401	0.109416338014665	0.109639680202593	0.109275678771342	0.127229617373118	0.128205231490918	0.127537062544747	0.127028088591217	0.145499407872178	0.144602087939242	0.147284564782043	0.148613939406538	0.161027873428637	0.159215242787655	0.16011292608838	0.156643957695328	0.172961718349242	0.170376608958902	0.173460338659367	0.173201334032489	0.181110619315552	0.18170100916734	0.183022502800868	0.181165868716241	0.197485988822601	0.197163043420372	0.197194699203084	0.200156268553943	0.215536415945446	0.213459520655798	0.214360534314437	0.213643529084318	0.22276291503148	0.221482239871186	0.222606690727553	0.222148154369781	0.221790291154029	0.225203639922655	0.223685736120534	0.222320332802782	0.22121308789475	0.218960559686261	0.220154567732391	0.219671784686599
2025-12-26	0.212864568356576	0.215496222243766	0.213039274299903	0.212599935099755	0.195766436219691	0.191199086167928	0.193298038623729	0.193736438988651	0.156836596425473	0.15666574475997	0.155464754116196	0.15803290469836	0.131817915457117	0.133313325941013	0.13420230260751	0.13366645599436	0.124111824568019	0.124605701965685	0.123434302160712	0.128848171305584	0.12882149089964	0.130995889118913	0.127528139453145	0.128654480528302	0.14293295213892	0.142556942704519	0.143044297477021	0.14646580767954	0.154591623620352	0.153170323847476	0.15463684879618	0.153601203735993	0.153279216431527	0.151139581177229	0.154400875107751	0.154180327283494	0.153797400684114	0.154339095531036	0.154971546641751	0.1568919571431	0.147172173196797	0.146361683700673	0.145508003245847	0.144958139856682	0.14221489283612	0.144134566218861	0.142441540246977	0.140209000698042	0.139823717686405	0.13926897487825	0.139138085246061	0.139769222189285	0.142756501963304	0.144412527031294	0.143634595248669	0.143196375756733	0.154052702512933	0.154548579505354	0.151525036860583	0.15287368112113	0.150342045917588	0.149182613071273	0.148236461125636	0.147238879885503	0.153654552752929	0.153923647371808	0.152566375540463	0.152855424334799	0.150729949476038	0.150530605745684	0.152213266447699	0.15152617833058	0.149876502458251	0.150947548640877	0.146405934673144	0.148770014227728	0.142670305816539	0.139630508984141	0.141267145590375	0.142432039608945	0.12364357629763	0.124183882293939	0.125875650865261	0.12429689054317	0.117631775248433	0.118185178715244	0.115823068379886	0.118359977656437	0.111160708188048	0.111338319634523	0.111654196173903	0.109846776003527	0.099272755938757	0.098645587514208	0.0990356203832522	0.101046036163783
2025-12-27	0.0926312766931381	0.0955837240751238	0.0922463015226226	0.0935386977091155	0.097148723819132	0.0977732114057366	0.0945472067127323	0.098530858062399	0.110753407378257	0.110373043087098	0.109805451067872	0.107068098466774	0.121140360544646	0.123168182601779	0.121159989156247	0.122531467697329	0.138449500238042	0.135998906922579	0.136596585918779	0.1359550069206	0.156815675592182	0.158237020276238	0.156134498539907	0.158812805591674	0.168536755913509	0.17148178839805	0.171521732042983	0.173459723645458	0.176521242575773	0.175121484995443	0.177201896383287	0.176155376045497	0.18752205804739	0.185645916599245	0.185343425301246	0.185488600052119	0.193966689549268	0.189269794841445	0.19346239732882	0.193301118280468	0.194167039074197	0.196057961507848	0.196262429325176	0.19551257009278	0.20111797889596	0.20043411626478	0.200485341928761	0.198962562910498	0.204124008564034	0.205380346159687	0.205917722355878	0.2045779229204	0.210351726687628	0.210098020412871	0.211551692003627	0.207998560895873	0.210906485753879	0.214223203007171	0.211866207557755	0.216004103681196	0.214810199240469	0.217172902244072	0.213787286942534	0.215229611572925	0.213615559001354	0.212614919249514	0.213414275428344	0.212355246320789	0.208169150632622	0.210264348099807	0.2092820822804	0.20928441898717	0.204227344877279	0.202406665659739	0.200998679253097	0.205367310209885	0.194840884283145	0.193936780106813	0.194595813179837	0.193626522430206	0.178729877291774	0.176184308342721	0.178080522128157	0.177005292237347	0.160506055082867	0.159629036152301	0.160065354039037	0.161799554725796	0.1417370070894	0.142189105782898	0.143649089120477	0.146424798007226	0.128274258446481	0.129170581987575	0.13199462098504	0.129560538580905
2025-12-28	0.116570711705724	0.114887543775101	0.116725801355929	0.113815943163246	0.107454574432241	0.108666517201132	0.108715567468674	0.107163340897953	0.0984116152182799	0.0996770792772998	0.0984439860515284	0.0974673194528919	0.0894424740851266	0.0864225310938403	0.087533266837899	0.088601727983134	0.0806898222821869	0.0806260028614477	0.0789159290433728	0.0797682458129925	0.0768347086259557	0.0737439614681783	0.0760536887073493	0.0753676411985166	0.0799146844286965	0.0781585948165055	0.0780771726363138	0.0768495481184841	0.0879161798206387	0.0882639964478608	0.0890444802863212	0.0897753434451792	0.0901650471244914	0.0873780067209887	0.0882830111502271	0.0921739350042928	0.0900666658479551	0.0900676408603823	0.0906425863643043	0.0892231069273583	0.0992437330175458	0.0998277538687047	0.0975673134712002	0.0983611996425493	0.0972983963003875	0.0999197174853698	0.0969259944335534	0.0968558917806893	0.0919706239579145	0.090292414982677	0.0923927557901208	0.0943442052692877	0.0849419791800284	0.0881859452299046	0.0849447611148175	0.0849273144752495	0.0786954088010886	0.0783465207921818	0.0803035338767296	0.07865453653	0.0725361568450696	0.0716412155234604	0.0734671032660371	0.0733555243654329	0.0702238393510153	0.0725127532942456	0.075586314374659	0.07267709298008	0.0783580179507442	0.0781241616600202	0.0792027478878726	0.0773150725013631	0.0847436121714299	0.0859040769201693	0.0848022512745824	0.0845500596338185	0.0840706101259593	0.0875158475187416	0.0879043141187431	0.089509228236556	0.0891924468798402	0.0898717687226048	0.0883205857461558	0.0896151986513992	0.0823576763189462	0.0831479497867731	0.0813683420938581	0.0821260318004226	0.0718552789613193	0.0740368047661776	0.0726043852951508	0.0745035309773522	0.0635416325149572	0.0670672901558356	0.0638989162062137	0.0624921611229935
2025-12-29	0.0581138702790607	0.0567265219665521	0.0573344504558409	0.0598251572985463	0.0545065578261656	0.0534665454554598	0.0547160025196651	0.0553108941987095	0.0489490601356439	0.0480169318457059	0.0485847124294098	0.0474492955892404	0.0425555286756195	0.0451938823839033	0.040684458715558	0.0495661302249192	0.0494307697006348	0.0476660928086413	0.0489755675925211	0.0489275698982028	0.0552308631623448	0.0556425680274386	0.0592681410783592	0.0568584277318574	0.0643364961659589	0.064191878853871	0.0648857029204923	0.0645859220596778	0.0744691905321831	0.0727310016397018	0.0723689270458812	0.0744308807822339	0.0737617561374894	0.0730930294131426	0.0741398958039419	0.0720053186454262	0.0653868805979159	0.0644616412373692	0.0627905866269206	0.0643608915377943	0.0650052796020769	0.0651324641867205	0.0649634804254908	0.0638987757857118	0.0600766820498279	0.0575038307360231	0.0590880369117324	0.0603314503024166	0.0529864217809941	0.0499466616318575	0.0528714284648102	0.0491954881223381	0.0465428680936653	0.0449020871380827	0.0447419008413766	0.0448131439268754	0.0393516373950574	0.0423914214181316	0.0383563282849259	0.0409006129018851	0.0335788764157915	0.0312964847637386	0.0355204474381663	0.0346041913823037	0.0269142976959537	0.0267258798244621	0.0252909947386072	0.028068827740977	0.0203666568254393	0.0214072715511588	0.022812352124801	0.0224137194986009	0.0212316428855263	0.02082666619163	0.0200940680438367	0.019847622879007	0.022224214483414	0.0201019251867064	0.0220410507582545	0.0206328095716252	0.0226185691860263	0.0249673018019253	0.0233044726449628	0.0221096563670856	0.0241644408631378	0.0242214808430785	0.0242592517628254	0.0243548265309583	0.0252903907415181	0.0242729760581319	0.0232547866463657	0.0241818465539843	0.0223119255687434	0.022997122534496	0.0239844428602916	0.022706509036469
2025-12-30	0.021249754637005	0.0206694724699068	0.0226565303834513	0.0224242425096369	0.0194780853068976	0.0211445879158194	0.0211009758798342	0.0212763508974489	0.0196949303043733	0.0240792779463253	0.0202015909674257	0.0200242007818757	0.024639657970087	0.0239238511201984	0.023329920867226	0.0241065700424886	0.0270937859260793	0.0270212839576031	0.0261958147667559	0.0266891153495617	0.024669570948452	0.0264030636742088	0.0253557616079175	0.0275716037694217	0.0230652392678711	0.0233371094966876	0.0242504866421809	0.0243471645932604	0.0239121593163723	0.0249736420261102	0.0226073218648467	0.0225068767926708	0.0255600891246241	0.0249083285381842	0.024606849928445	0.0249247324087468	0.0225736618714256	0.0234295943585242	0.0237891791734576	0.0252075645965926	0.02196076982816	0.0210787725803398	0.0214611193061588	0.0204993382853414	0.0268664723667542	0.0241019007081935	0.0247870316342803	0.023244595290772	0.0306754116794766	0.0310847429096367	0.0304013104901401	0.0308385349207465	0.032903677767238	0.0329292982291048	0.0322808869673516	0.0318861370363056	0.0303676590166457	0.028600227741223	0.029372715438841	0.0296593978032903	0.0294526193200753	0.0326495017618398	0.0299937137901393	0.0299041651279456	0.0352118043196895	0.0352342068010516	0.0332840659960659	0.0332699228831931	0.0308464373195048	0.0272691413024404	0.0300306313877327	0.0288537899903221	0.0222750650239442	0.0246003980708117	0.0237689917920543	0.0243555451131898	0.0253053438734774	0.0234953682854997	0.0257774862720962	0.0234218015689267	0.0263341332365664	0.0254588059308431	0.0282381817217832	0.0259688791108072	0.0255002151274469	0.0272048440063706	0.0288909167087766	0.0294040241574059	0.0241550453875602	0.0255751199799477	0.0221077599408739	0.0231620746916182	0.0175770112164964	0.0179637295329119	0.016539118985148	0.0169201402654437
2025-12-31	0.00982548876642055	0.00790062053709281	0.0103597902914447	0.00991410040504198	0.00779128484911824	0.00758587862427713	0.0105613069836783	0.00906152954292633	0.0100742127578002	0.00827864128186982	0.0103275474170633	0.0103195985432666	0.0114734805407905	0.00986214047919561	0.0107596919861572	0.0129046869938567	0.0133068350256296	0.0145617577797516	0.0106839879053703	0.0144474192892485	0.0146181933722329	0.0148512580707367	0.0138451455728625	0.0146854029841679	0.0155390617044671	0.017585528217387	0.014601159150535	0.0142742509276109	0.019931244538542	0.0212770934450078	0.0190742130213778	0.0177174489950724	0.0204822767203121	0.0203781746854506	0.0185817112235664	0.0195578373706709	0.0257110849881243	0.0203740665455055	0.0254428704168627	0.0264719780495075	0.0259245572795127	0.0278336656615652	0.0245222748207575	0.0247195022381647	0.0255475429461592	0.0250313974627569	0.0235952523335821	0.0258258072575018	0.0245091380177645	0.0243433845769046	0.0223407279127631	0.0218067494925677	0.0222703646587526	0.0227338410430282	0.0226936442687389	0.0223021500294803	0.0229734586007387	0.021960559274454	0.0218145490822727	0.0212514330425346	0.0228022314851281	0.0251447228882086	0.0243017486907265	0.0227512969359368	0.0235431484561896	0.0257725545614626	0.0250990482969934	0.0235852486853544	0.0177984390175336	0.0215539862535306	0.0211699965605386	0.0224775781683971	0.0171488033318373	0.0147060102234532	0.0159238064674994	0.0142213799772101	0.0119392420001111	0.0122811263478632	0.0114238259849616	0.0113558056670641	0.00991734016878351	0.00902369680019686	0.00941145058263314	0.00764751244838649	0.00795460663853067	0.00793250007621849	0.00654824027630132	0.00756465300894952	0.00394363152401433	0.00877717221730703	0.00574029109703581	0.00753890516164283	0.0026443227265744	0.00723922856011019	0.00731838029106897	0.00979806842224644
2026-01-01	0.110687953875308	0.110086886239304	0.11199276971939	0.114232390165997	0.107229179849422	0.105721311130269	0.10368024129304	0.108369267727269	0.0999582989169478	0.0999632764299833	0.0992772669954374	0.0998011576576316	0.098217115388375	0.100090482704452	0.10247423203199	0.100218169875183	0.100170406331526	0.0989620537049891	0.101591726212203	0.0992758137512811	0.0933491032774954	0.0926066438122539	0.0924076347238589	0.0926366181863918	0.0881862348868605	0.0897331775813996	0.0899339868558549	0.0881466006758849	0.0900876166969232	0.0873241716237174	0.0891049724468168	0.0884832392325426	0.0798432716077983	0.0784747498650832	0.0786537412605716	0.079028237266547	0.0637997462984783	0.0636789849123755	0.0636419039059763	0.0628793648831699	0.0588426898126579	0.0565053014519462	0.0587957308856614	0.0568562778497345	0.0615665867179034	0.0572630413353566	0.0613880775653104	0.0607822943814296	0.0549829282432817	0.0502567973429367	0.0526324425724138	0.0541278318413679	0.0440777216349402	0.0449021665270018	0.0453898599785487	0.0436302518595094	0.0432720955998874	0.0432135722571457	0.0459939774707762	0.0435203546721907	0.032172718484169	0.0316225040071246	0.030839136692025	0.0303656408166814	0.0225482887157059	0.0223714821208666	0.0249306624651699	0.0241495666982576	0.0217683508477742	0.0195907848894929	0.0223590492830136	0.0222818149797193	0.0235127769982268	0.02771624243021	0.0218623892560806	0.0209085913154826	0.0209917115254299	0.0227643784724414	0.021492735260262	0.0217511747418667	0.0271961827396549	0.0280485103600764	0.0263953305828948	0.0243599763173739	0.0256253441787924	0.0244817911610117	0.02241357171306	0.0244792929471359	0.0245734765081555	0.0238904396529897	0.0252091584889458	0.0283269253499091	0.0314180860325773	0.0329051310422247	0.0324696997378411	0.0332070831873569
2026-01-02	0.0357060451215682	0.0329142327726629	0.0355154183915285	0.0348643037142404	0.0380455384663735	0.0383752266850255	0.0392410902882352	0.0393381445603658	0.0372226841150356	0.0366016781135549	0.0370426136730165	0.0341330240983929	0.0345479195905511	0.0324087374795911	0.0351759721180018	0.0348673708118561	0.0312473176552677	0.0361901116139901	0.0393060729751681	0.0332564977555741	0.0346459534057459	0.0337483290246353	0.0346337704460968	0.0349719471235221	0.0295658511816781	0.0298352613714231	0.0278665542915545	0.0297323331553444	0.0293124147341901	0.0263342167591476	0.0287208212443787	0.0266325472622836	0.027681421401779	0.0296065974395621	0.0299071163054738	0.0288048648531852	0.0210052884033918	0.0231263480812207	0.0226331218199431	0.0222352416954443	0.0228978434581615	0.0213061123037944	0.0230796775228008	0.0197163667152433	0.0356323592938536	0.0368838003801941	0.0363235422767426	0.0371602980492097	0.058461362903378	0.0600214701035314	0.0599377627273451	0.0595794042657455	0.0915766485082155	0.0871795991081038	0.0902878762353432	0.0899558761483375	0.125503408297449	0.124986011097441	0.125147123920553	0.124363456684558	0.117303406412627	0.117490084011928	0.117874601656863	0.117331907918582	0.101952975079853	0.0992347337944157	0.100208506376865	0.0996037847488661	0.0988189592123009	0.0975952023341546	0.0992033579853777	0.0993824804681668	0.101394012482784	0.102611870141304	0.102925105238857	0.101069012137055	0.0895293857155062	0.0905183781065377	0.0880973524775467	0.0888548837004093	0.0846220700406016	0.0838555661423077	0.0813355528960446	0.0841868109210461	0.0863108103696208	0.0840905053741527	0.0868261373524272	0.0887725469037993	0.0683648202429664	0.0693272050481068	0.0681549902431061	0.0681529844658207	0.0688467166905231	0.0706026912843575	0.0701384776025079	0.0704121144226115
2026-01-03	0.0935788472611247	0.0923863885731428	0.0938026429169226	0.0902321212488099	0.113295813355448	0.112869274455627	0.114715949086857	0.114118963102069	0.115132053262402	0.115364210012998	0.112735570271532	0.113768166453068	0.0934618817631235	0.0923495137686683	0.0920603769743102	0.092128227493898	0.0663611758251033	0.0636167018003225	0.0655173217998412	0.065504800574733	0.0514287353113835	0.0503650287281059	0.0511026096527618	0.0511036263077488	0.0438111447316432	0.042410495601271	0.0441246958942993	0.0416536637727866	0.0480454210119864	0.0476783289064421	0.0478117863646235	0.048464463716948	0.041643815496594	0.0445912659643416	0.0418862013272153	0.0418787172118491	0.0318849035844707	0.029389357483379	0.0317261674969597	0.0309995714351906	0.0459400834403602	0.0442757420609259	0.0431159481179485	0.0426682263807653	0.0577989890699952	0.0573351456042119	0.05707126703859	0.0587945982872028	0.0793799724054824	0.0794055465952507	0.0789722324385458	0.0792422485607212	0.1066044180547	0.103710993542173	0.107159015633922	0.104525572769205	0.0973738265022487	0.09599939166681	0.100903445665851	0.0967233361650907	0.0804336421885155	0.0805195874269202	0.0812334066878374	0.0808133636967269	0.0902847137324661	0.0881616958337345	0.0894470288185815	0.0921065616152179	0.101951989961612	0.0978817224862941	0.0990712545200984	0.0990950330319951	0.107229634963923	0.109806184435686	0.104929944224887	0.110034236375504	0.12292830824914	0.125091041289757	0.125405245405905	0.124575405055199	0.123936345091428	0.122642667064744	0.12799518743855	0.120425800405277	0.121589133774471	0.123221207281338	0.122738895085584	0.123450763858607	0.12021570260353	0.122443444012139	0.121057724251939	0.120283129132393	0.112533819292578	0.114360422297876	0.115220190751945	0.114885567657601
2026-01-04	0.103511259599997	0.104074187153146	0.102515535745244	0.102899017501613	0.0920397778173841	0.0866790369653929	0.0892655191183879	0.090015666098835	0.0777893762552227	0.0797018856933191	0.0765877198787017	0.0779210181727565	0.0706021997030222	0.0704291870561246	0.0711420052919791	0.0708266079488741	0.0591501224938454	0.061207436653877	0.0638748289046747	0.0607676119476029	0.0539234537068497	0.0553340561474469	0.0535935830852811	0.0561489070604222	0.0467933456133066	0.0453417032061929	0.0462361816598272	0.0466287695206734	0.0387585592777675	0.0370917213311805	0.0357778457618584	0.0363718736291936	0.028993810903943	0.0295316773774179	0.0260443985367429	0.0274301131818961	0.0176250984626361	0.0178221778489213	0.0154999929401439	0.0190527307482987	0.00700413614423782	0.0058759816770562	0.00749575468867042	0.0116241274900356	0.000244560746081124	0.00139190165898329	3.96560876088532e-05	0.00132388150732673	0.00436610611404308	0.00624764282220853	0.00445995209843311	0.00892629896531528	0.0108828173676625	0.00997715826893176	0.0087687236895218	0.00837130067388395	0.0105730761882292	0.0097912217644006	0.0101318687641562	0.00850383328321398	0.012030996804596	0.01219056111656	0.0109170673426203	0.0118613747362237	0.0161069592488871	0.0117621726033343	0.0132272904045297	0.0149035777432489	0.0113020812984677	0.0113482665693241	0.0115541716064431	0.012795480525765	0.00917362484095376	0.00947777233130434	0.0105010512984931	0.00784755152924884	0.00743506954714505	0.00830139006061821	0.00839503942375949	0.00486850096847725	0.00532969118331052	0.00565431817735324	0.00716407750730304	0.0078519131320332	0.00875741580119445	0.00827402437532039	0.00377610145620447	0.0071924583672807	0.0076949743115042	0.00621141891812818	0.00727198010325693	0.00682162666711069	0.00942729730959452	0.00753194008676602	0.00660107002874094	0.0114396925748985
2026-01-05	0.024945784572755	0.0254514433679572	0.0259293087200908	0.0246734633391971	0.048349785017742	0.0489563787608395	0.0510648029677008	0.0476290332537178	0.053352277546956	0.0537642991173091	0.0540177069018018	0.0508657164339332	0.0490850659120991	0.0477663520953298	0.0479708186941285	0.0471777632984426	0.0611095363535044	0.0634429594891643	0.0650314355057242	0.0614160686516071	0.0819821811222996	0.0840844002384177	0.0836361715139083	0.0812972471253745	0.0928461577344653	0.0924010750453929	0.0923397684453691	0.0944129987747727	0.111395604050659	0.112233961660444	0.109389366402936	0.110981067885961	0.131052185807069	0.128263994714872	0.130294318391018	0.129389501087041	0.157847459169178	0.153073985388178	0.154255078463428	0.155823476979215	0.165530592807428	0.165598014294395	0.165265924316596	0.166605468581581	0.171427061101616	0.170834099217541	0.170950373773263	0.16778846590758	0.167705385968665	0.168988710145802	0.170131507850324	0.17017439603521	0.164624969975993	0.167548804847957	0.165708190892101	0.168118034283949	0.169778663382103	0.167592192631477	0.169394779748045	0.170234364238375	0.187844340772217	0.186499064894001	0.186260785919189	0.185395808414594	0.206326160263726	0.209255086260778	0.208754490691664	0.209664262783832	0.224199125355023	0.224703605584931	0.220928670660265	0.223168598399782	0.225969628403499	0.227958086725364	0.229324232318624	0.226748052552513	0.226514276252097	0.223363824053254	0.225276791043519	0.22684510865113	0.219895276766975	0.22224580024558	0.219444230708667	0.220414692278778	0.213993776801901	0.214632766117808	0.212577554434764	0.214795902645528	0.211394189035548	0.209390896852732	0.214362744465742	0.213852169645979	0.221125347834657	0.223064758021277	0.223204487700102	0.216605406443963
2026-01-06	0.228212691022525	0.228230351933691	0.225972338674222	0.227584618369562	0.232529361826948	0.234226711728346	0.233047495355477	0.229196431089229	0.234403430138804	0.233683235858504	0.232762093878773	0.23115124012392	0.232550737404939	0.231579903788233	0.233991596604571	0.233877762202257	0.23470836497115	0.233157850336459	0.232158376549584	0.234975408142807	0.234220453664557	0.2346492754391	0.235424358703912	0.232705912192431	0.234781061814425	0.237703576669849	0.239331495746205	0.235183865769521	0.240092041199475	0.237745285749946	0.239443505673733	0.239719167376846	0.239485328230457	0.238539858199944	0.239352737735433	0.243622075834166	0.241492436252069	0.241624868113645	0.243698179769126	0.241184515865161	0.239787902354956	0.241630899686998	0.241457103897721	0.242124094060325	0.241330116358869	0.241906808637913	0.242727437078285	0.241035637924933	0.244352221553719	0.244362301810822	0.242409563079932	0.242875913555527	0.247566201243155	0.245862082208222	0.243314442490965	0.243257274057658	0.245379122397403	0.245056757700426	0.246033529686723	0.246530590215448	0.244007563365725	0.245131549808791	0.245476754496753	0.247384132328732	0.244795555486439	0.246389251071138	0.243946181258414	0.244869012184009	0.244579270896108	0.24457457563525	0.242094305768416	0.243751847700226	0.242745986333581	0.242146609750118	0.243808997499472	0.242298406416829	0.24288282908994	0.243202985354434	0.242875390470948	0.243038795084679	0.242326302263392	0.241958910107034	0.244536316056793	0.24117847157278	0.244529805805691	0.241996062717658	0.24170293591756	0.24077119555909	0.240867622990975	0.242822529616223	0.242317729355976	0.241992118036826	0.240676580565644	0.240010157671164	0.241850065751285	0.239463196011906
2026-01-07	0.23409385132703	0.237676760486379	0.236231268978963	0.237998119207628	0.234172132703285	0.238530204084063	0.234946596233289	0.235351066979363	0.236194140571977	0.235626199818941	0.234767763626337	0.236411895982745	0.236309960713855	0.235930979786152	0.235997744992737	0.235761314507257	0.237428564076675	0.237453096885537	0.235322681190014	0.236795657847774	0.238460989247734	0.237410647359623	0.235933616089706	0.239194747302938	0.238004731713145	0.238009068911486	0.238406637951945	0.237579561423423	0.240800191260421	0.2372299073287	0.235898665514976	0.237071235895903	0.233199112384989	0.23653631744137	0.234715889960036	0.236548680213604	0.23938900775837	0.240720514231824	0.240163417886136	0.236727060123669	0.242780378052529	0.246926512032305	0.243257899587402	0.244035210327764	0.246622662549322	0.243672953637597	0.245208220579423	0.245496163233658	0.247751669214529	0.244053617187696	0.244800563404486	0.245394150193288	0.244820371741133	0.245386063170875	0.244244552118576	0.245549012969416	0.24376115930701	0.242744291781178	0.245446799684191	0.246047749227621	0.24316641924466	0.242186434270851	0.24259107844219	0.243056068042299	0.240683618103558	0.240737239994977	0.240090369925518	0.238488771975947	0.238243889810051	0.239394592566039	0.237613525548004	0.239747992075906	0.237407346376592	0.235963287714545	0.237868500512102	0.239760865396762	0.235511724923542	0.233442912944495	0.234487784395938	0.234557577736026	0.231830228598433	0.231411154959126	0.23149500268836	0.232263613754081	0.23530108059922	0.235204611330196	0.233115610241121	0.234378697829464	0.234689642591166	0.234354351450483	0.2353769033598	0.233579102598551	0.232695718311099	0.235114609173577	0.231917049243398	0.232272623271927
2026-01-08	0.230254985684602	0.231271449851647	0.228782550118653	0.227691014345098	0.228668134104462	0.229515054721172	0.226859001829458	0.227957809344908	0.227092802443215	0.223249094211874	0.229045595526048	0.229612507818862	0.229830985584764	0.228084500077989	0.22769456582905	0.228389948508197	0.227582598577089	0.227995381276621	0.232129318077884	0.228292702068407	0.228303982425222	0.229856916780139	0.229314788817034	0.227524311977606	0.227993346996679	0.222462731027058	0.229860375558339	0.229683546417924	0.226888933940559	0.225786765162671	0.224642929360042	0.227681371536729	0.219625578931054	0.221686860317933	0.220709172844636	0.215978387906377	0.218795570594502	0.219432594936997	0.217845146898844	0.219926687569657	0.221352424455981	0.220244564629307	0.219038615105414	0.219364395809298	0.216634018168984	0.21467786616341	0.215974969161785	0.214713146505821	0.208976514296451	0.204968797232926	0.208141724154513	0.206912964316109	0.200876831277222	0.197771521514397	0.201786341807047	0.198565305401334	0.195410572622997	0.195941352841903	0.194213577220565	0.194434497314535	0.176806107421501	0.180241211836147	0.175234205848445	0.179718474893908	0.171048346240333	0.169134459779076	0.16943009240237	0.170387101578221	0.175470074701893	0.175954768319331	0.176353230674217	0.179221926304558	0.170299490043249	0.169738231491807	0.170293331423482	0.171668947041462	0.155106657401574	0.154547129685674	0.155002360277588	0.151343852635163	0.134800306888214	0.134063015462944	0.133138899283876	0.135997778364966	0.117132454369582	0.117874759240555	0.116994006914988	0.115998779474876	0.0978720936857532	0.10031346857371	0.100252219999209	0.100562217741328	0.0883864851179523	0.0887905217555198	0.0884133271130112	0.0924096660135166
2026-01-09	0.0865167163990757	0.0857752069877417	0.0878162535129936	0.0868918231001889	0.0874081262577904	0.0895745191422103	0.0885910558169896	0.0874262987830096	0.0865470855956293	0.0864561457612041	0.0862424067104581	0.0857543619327085	0.0798989806036349	0.0791459485133538	0.0788321029326304	0.0791229679503809	0.0683349461517243	0.066357887453341	0.0667234239826671	0.0665837424122676	0.0506432537440173	0.0494966431564287	0.0518200197108765	0.0520400833886775	0.0382713332957187	0.0402759776277752	0.0400118338990406	0.0384408551774655	0.0332485075758754	0.0292921519763306	0.0265318418573798	0.0289274985904142	0.0154427552603781	0.0159101477056472	0.0139176540934112	0.0147294429405636	0.00475630101767746	0.00589672537313541	0.00543818093740333	0.00390879267178379	0.00485852591862688	0.00583585364159745	0.00671804504059871	0.00758757539917696	0.00849981461045645	0.0102943515329383	0.00878860750630556	0.00941722635029969	0.00855738711247668	0.00780531426999775	0.00990013676286517	0.0117371618546604	0.00653418252790135	0.00475815314918529	0.00701238473713589	0.00769527958577746	0.00410099296859624	0.0046664881513946	0.00273975465712056	0.0034927642228886	0.000606421770838875	0.00378564736798722	0.00224469135538642	0.00436323950578749	0.00290329907658319	0.00205731083816219	0.00313598431605213	0.0029034057692025	0.00355828958021604	0.0053102121957914	0.00535277415243521	0.00277872407155736	0.00670832837088889	0.00572672486925347	0.00628087757533199	0.00628406918452565	0.0070032482592868	0.00746676179187062	0.0117764129508271	0.00675357699801553	0.0106877160949974	0.00927295230630901	0.00979972958620173	0.00923960201249189	0.0101300306580113	0.0111974529164694	0.0121159857619437	0.0115565306635757	0.0116717985106509	0.0160505196244746	0.0141067644503296	0.014170917414545	0.0171823825080584	0.0165344458443065	0.0166342413598028	0.0166489302878323
2026-01-10	0.0192735342365794	0.018341258651767	0.0202701924380014	0.0191150146736522	0.0166454836256179	0.0178202701916114	0.0161397828928085	0.0163944632899622	0.0101579128707267	0.0127238798160742	0.0122082729812336	0.0109099343319655	0.00865767554354204	0.0104184526525447	0.00974657446064411	0.00917729734326911	0.0096677089032477	0.0102211669782967	0.00908919054200984	0.00902193357644573	0.0118608144598435	0.0108110766468412	0.0103423163098761	0.00598579258343919	0.00663874533747786	0.00774806385314041	0.00762588939793939	0.00998730141144234	0.00812683773875617	0.00958519987127547	0.00857937074534814	0.00870859164462022	0.00940649487564862	0.0119723337316053	0.0117728073838893	0.0108483640088568	0.00951984757397703	0.0149643643357138	0.00985501068484072	0.0116607774054685	0.0127289548990643	0.0119188710254434	0.0123351356001552	0.0130170384753371	0.0139040092694082	0.0151947314690171	0.011756199246257	0.0111450600153177	0.0138756159173507	0.0123125899861364	0.0106163441878724	0.0101954499086406	0.0122169058762013	0.0109125515568894	0.0118804256426768	0.00999011692423258	0.00973521331491169	0.0128713426159314	0.00846819542023212	0.00792524864892476	0.00755955686073862	0.00723596838927852	0.00799508243289038	0.00820939231709247	0.00728480166538436	0.00658572838167698	0.00573952268167812	0.00738994727126055	0.00658919685197607	0.00756963226904323	0.00548764264629173	0.00635352823268897	0.00711314307570527	0.00760771880193352	0.00820406455805626	0.00907507356430495	0.0108755104472421	0.0143544926610508	0.0091812597300216	0.00958873716168547	0.0163653171514083	0.0155673367051372	0.0158701789561776	0.0121971671872769	0.0212417157975285	0.0211402410275789	0.0213016598918152	0.0213163832830773	0.0309770542519296	0.0295717546896488	0.0284220353005446	0.0290291557578769	0.040833962221131	0.0401452786885093	0.0392697581960756	0.0397510008942841
2026-01-11	0.0554102398595371	0.0522773487086912	0.0536925339186809	0.0556198775130908	0.072949719368511	0.0705720551361791	0.0707675324149626	0.0707106930803473	0.0901468917254244	0.087692813193809	0.087793222092438	0.0893670729883285	0.103434325710979	0.102744074997508	0.101134549089507	0.102687050202007	0.111666250094266	0.110245424222111	0.109974730540435	0.106113595143189	0.107341696258099	0.105419665943366	0.104840653472558	0.104397984325977	0.104034618532944	0.100060696715363	0.0995501915220188	0.100354493229674	0.100579964307574	0.0969877336051688	0.0980305629795765	0.0984017391076806	0.0939582882426267	0.093362643275722	0.0963444196361783	0.095334648845473	0.0765825398264141	0.0751798456864452	0.0725118394182951	0.0787257750688456	0.0589352775817812	0.0580585625530745	0.0590672813187761	0.0579388785463683	0.0463142268790219	0.0439571508174007	0.0459331762135784	0.046795446089999	0.0368306945509396	0.0379399025834596	0.0331575464077249	0.0360718564578758	0.0313310601500711	0.032805653572848	0.0337551442089732	0.0351081420681076	0.0342930137368159	0.0331605118131547	0.0352542878624991	0.0352921865875303	0.0388935563396334	0.0386356168381474	0.0397136170980893	0.0387572097241299	0.0471297789341331	0.0501392685298905	0.0518103889939193	0.0509205635420571	0.0700920571744966	0.0686854167250448	0.0701549383766467	0.0690675877238119	0.0899640641248268	0.0913836012097572	0.0909832900468023	0.0906690446186137	0.103742543357936	0.105233600445374	0.102011770168857	0.104012086027833	0.106252277355837	0.108475314523891	0.108571629278803	0.106700778841469	0.106752157904156	0.104585798733965	0.10276987769139	0.102892165670489	0.103835463247046	0.102755663541996	0.101805726617179	0.0986031465937801	0.0994318468443736	0.101467891560248	0.0996406765536814	0.0994595850416966
2026-01-12	0.101358257190883	0.103381337312551	0.103298343292624	0.101962062203943	0.105745345770737	0.107414801325275	0.107747396387346	0.105092456516641	0.111792245484106	0.112553561590499	0.111109644470686	0.11154454845471	0.122877152352101	0.121104735125208	0.123748576469124	0.123269536053567	0.130507105291494	0.130807119704848	0.130174203580796	0.130511571422862	0.138262459073063	0.139653670395026	0.139818067561985	0.138265802969925	0.150630415844	0.145487295753633	0.149665369567197	0.148216918835171	0.151146977016361	0.15242753961488	0.151756414494259	0.149669068874501	0.137224743672318	0.141192873623999	0.137956153590843	0.13762622911284	0.117813416889602	0.112951564362087	0.118126825972149	0.117108192776162	0.0999131468673858	0.102222968273476	0.104303742263255	0.104560142595883	0.0935957771148282	0.0923537365001838	0.0932767613855635	0.0947737249994245	0.0731894368511987	0.0759737953785031	0.0750266884080918	0.0758100793622064	0.0515074608307103	0.0524726330899196	0.0516130090341669	0.0514068970452032	0.0380678057487083	0.0433297704354547	0.0413172267550915	0.0402851970607455	0.0384953064802469	0.0435955977609851	0.0385719185880746	0.0383371771706934	0.045880307909171	0.043485097315787	0.0438308089919136	0.0498037857831284	0.051750786437377	0.0495660843382244	0.0518988696592747	0.0527842595651239	0.0542717308546821	0.0547321601966852	0.0549958450800055	0.0530002638686273	0.0545782288793442	0.0552408094566766	0.0536409158924984	0.0535400457714809	0.048870411185383	0.0460705133762886	0.046401399675309	0.0506576757630195	0.0452792016511062	0.0464245452676739	0.0492360869469402	0.0470601661342797	0.0522095983869378	0.0516841800816172	0.051053489339235	0.05205273219221	0.0580897844012823	0.0589695702909184	0.0570543417210933	0.058886303586706
2026-01-13	0.0611567259897165	0.0609236727331264	0.0614172811703981	0.061502320106759	0.0621054924747657	0.062017654488642	0.0610227278409421	0.0628541251956502	0.058725691121908	0.0604687909901691	0.0598188527702664	0.0619866651176565	0.0586845083986439	0.0590039812497472	0.056610596181107	0.056700914170502	0.0592441943098625	0.0565669751766629	0.0570446446294346	0.05414418588404	0.0555501191735994	0.0590125247128063	0.0545730322423361	0.0558643238712583	0.0587783419476419	0.0559579497217701	0.0585941091332216	0.0596695991973664	0.0672927442704088	0.0676288017162934	0.0676560879682346	0.0674223660450633	0.0558464964811898	0.0564009136675665	0.0568197098437198	0.0559328800075239	0.0302438279996131	0.0316780666697171	0.0323271634111427	0.0327509419195271	0.0222149616427452	0.0206132694532482	0.021696123234766	0.0224756456692406	0.0140011499146346	0.016033356082237	0.0190731690726164	0.012892324930512	0.0144815681457605	0.0170142894269965	0.0168366718816927	0.0166674705455503	0.0194005540996731	0.0217552444942429	0.0210211103115478	0.0198230910945362	0.0200781224896746	0.0202690132093785	0.0183898292180861	0.0202630350828608	0.0122795777553578	0.0109038561234221	0.0119809108846122	0.0128356552366079	0.01282391133426	0.0122316098777849	0.0138640860760902	0.012080392711865	0.0199026098908148	0.0200067153184857	0.021917530062094	0.0161731447286054	0.0244462430055828	0.0260038855459942	0.0268831880572651	0.0236666833911579	0.0228132182401717	0.0217746159047258	0.0216114795834986	0.0208006862716039	0.0177266131960327	0.019139761709052	0.016149013486177	0.0169846116087384	0.0223989550263992	0.0211532161579636	0.022202454725777	0.0202453740898601	0.0303278836910173	0.0293884180111379	0.0273848886189985	0.0268988096788463	0.0313079633607715	0.0315525346369026	0.032619525602567	0.0325199763997589
2026-01-14	0.0399757492371817	0.0414178548315424	0.0404095354165025	0.0401968605147734	0.059142943517291	0.0581949107347302	0.0593202116798042	0.0573419340681745	0.0872912259193998	0.0847863209352269	0.0860256670892625	0.0878967860561108	0.119436703025121	0.114658838295023	0.115793300314108	0.117111158365749	0.13278753397756	0.131316577563431	0.131201318186368	0.132694570272641	0.1335606423089	0.133653970824944	0.133344865807184	0.132440521058972	0.126716452901859	0.129321772675407	0.131129681122018	0.128832093300716	0.120047572106977	0.121429894467395	0.121836089373585	0.120686444052043	0.101227716286535	0.100928349419204	0.101603954700038	0.102239979594222	0.0799392645713068	0.079617494984181	0.0781491815013611	0.0772940589431512	0.0879893078157758	0.0861978515359144	0.0880414987326864	0.0877713419156234	0.0962150033952365	0.0970247652424434	0.0977044149777166	0.0970558163846034	0.106116243260312	0.106979005662841	0.108194284230521	0.107710466846325	0.0921212787760221	0.0885124669826374	0.0910676020190364	0.092298652222304	0.0805690152643355	0.0802035997944198	0.0798359301070726	0.0793914548341721	0.0857089987257562	0.0864427007173695	0.0846106386220836	0.0852376619347907	0.0984725151803082	0.0957911062629909	0.0951442955509459	0.096592083005755	0.116692810225521	0.115430598834677	0.119187935812061	0.115688655127742	0.154480717674354	0.153331497986866	0.156091534654265	0.154096249684515	0.174606120062156	0.172048561602608	0.176221441571161	0.174123876764075	0.181235524888011	0.181338364990386	0.179259867068788	0.181166243052815	0.191558921914146	0.191921230984232	0.193365981781551	0.195153865320072	0.191356448678383	0.190408742637501	0.191307529654768	0.188927279029349	0.188203597323092	0.188679111608976	0.186878641442151	0.19023864962578
2026-01-15	0.184233932035055	0.185310561033166	0.187149156166647	0.185306350765132	0.174791763001292	0.173610818192383	0.174174616909987	0.174422801896338	0.157564393886349	0.157748457319344	0.155866559997154	0.155820588797153	0.141098171575697	0.144893735032729	0.144616178886041	0.145391914505532	0.119422742665343	0.122141664491996	0.119960495519552	0.119475097323109	0.103499125227624	0.104373141122257	0.105323696858765	0.103804036791355	0.100087470538387	0.102156844552462	0.0989358960429671	0.100819788866184	0.105561183277916	0.105916499186465	0.102111190077475	0.106411127458144	0.0838875571555544	0.0856713036765557	0.0853688180253864	0.0860723211425035	0.066512447755954	0.0631069169871436	0.0660575334808202	0.0673231017760823	0.0734666421565918	0.0696022199342941	0.0716572205099766	0.0742739173991375	0.0963773000896815	0.0967648394138603	0.0977729858484189	0.0970848746480393	0.130830168839602	0.13061522447037	0.13198397177459	0.131570634915438	0.153592248836181	0.153561989827219	0.153866008220323	0.151979753116277	0.169013353381623	0.166569718018735	0.165618036271677	0.166798892327965	0.178874788182578	0.175052954950031	0.17763286426923	0.179439392598161	0.187333212726341	0.190025182311984	0.189633832795722	0.190007772165952	0.188685927823395	0.188412946658081	0.190660929410559	0.189240196107966	0.186233900267214	0.185725467218997	0.188925763146422	0.186114869367367	0.188389725722929	0.183747992025669	0.189356143980509	0.189506138270893	0.175131099848888	0.174462011550823	0.176234532323742	0.177172356276547	0.158473536084069	0.159351520045648	0.156970726620085	0.158204217250198	0.134665647067188	0.134791178171766	0.137471206907531	0.136071967853516	0.11383273073038	0.115977928478949	0.117325921071266	0.116863419719405
2026-01-16	0.109208553361401	0.109133711486588	0.108820357052905	0.110837378099105	0.105333130452805	0.105311851056753	0.103669863727478	0.108685154762963	0.116398996470579	0.114163494807991	0.113770311664485	0.115667197056945	0.111009311940821	0.112623020622359	0.111121978827335	0.109245688609485	0.0998315140227329	0.097113958452096	0.0995024517047749	0.104552075820396	0.0977654784302419	0.0978098221306348	0.0929555151186284	0.0994691843204949	0.096889844433995	0.0940449059637236	0.0949889891395975	0.0950762604626839	0.101558424877345	0.097902664303273	0.0985483346206027	0.0969905761987793	0.0863479302824419	0.0836340056833991	0.0848442950842043	0.0821737689499547	0.0543447520481104	0.0559131656057177	0.0557649985260796	0.0569770838200923	0.035024974605378	0.0323936256271398	0.0322300542230331	0.0343513455444491	0.04137192885437	0.0428490649732206	0.0422351055002369	0.0425439006721726	0.0531196607878898	0.052398881608979	0.0512560408398945	0.0532254167632366	0.0392609214882525	0.0397530064982918	0.038620037042392	0.0393660349710637	0.0321790160777766	0.0329508906182921	0.034618139767592	0.0312519535363393	0.0295774288551223	0.033155316625343	0.0313809778406944	0.0288862766788403	0.0385746760843006	0.0374507913186156	0.0323790833030593	0.0385954492940245	0.054529623004078	0.0580929546708315	0.0577813158491512	0.0585961064759392	0.0856510939491546	0.0826312512221905	0.0853263208766146	0.0833913339520403	0.0778519930155055	0.0760590183036578	0.0771422598076357	0.076946728873201	0.101656045420562	0.101870390408836	0.103066702535345	0.102406861635257	0.1682907660726	0.167488234849862	0.168090686155571	0.170130312921967	0.180137807734558	0.177550653883598	0.180350374582029	0.180961163799815	0.125648915002534	0.12620923012974	0.123799100139398	0.124342754728328
2026-01-17	0.0661132477059831	0.0663473440950545	0.0662942864685859	0.0682451217303765	0.0336302764785152	0.0358417597726611	0.0343879660121161	0.0351399977367076	0.0351916764867891	0.033350273363352	0.0329172484376017	0.0335408017122572	0.0498247296253235	0.0492088250424061	0.0515974011022745	0.0433690442299959	0.0503055043915896	0.0551378211413001	0.0516297837841521	0.0509268906829582	0.0513319163775797	0.0527367725064081	0.0514013111037263	0.0535300000122858	0.0602737431892172	0.0637555668199707	0.0589490238192161	0.060021666171596	0.0834316207401846	0.0833419416204612	0.0854173514241056	0.0828090862152486	0.118887102388253	0.114261714966283	0.117168442599446	0.117682740046017	0.15029910917361	0.151274619661343	0.14979070911068	0.150635562054367	0.175830185520568	0.177185597722871	0.173206969833839	0.177777246922722	0.171672543255045	0.169591726021198	0.170188877406876	0.168546853316881	0.17107179956878	0.171360012398887	0.169347740890259	0.169220447142074	0.196246573700989	0.193532753697821	0.1948671005582	0.194353572042991	0.203932556649176	0.202264439402959	0.202314708392719	0.203488295555146	0.200996462863768	0.199903793755624	0.200241183607285	0.200858559773323	0.201991160230429	0.204821498871669	0.202828600067782	0.20335874083012	0.201692566718342	0.201742140951638	0.200075092599855	0.202490199730165	0.194241046354195	0.195019259223591	0.193570214290882	0.196169480131333	0.192864738101289	0.195276219875116	0.192761343003738	0.191097699019857	0.193732821566147	0.195828337486566	0.195043417405112	0.195395423542176	0.196598309162267	0.194995719701715	0.196953606607961	0.197452364528056	0.197591313454871	0.198457857130109	0.198939283051914	0.197011546363106	0.196806840770517	0.197903843561079	0.197809966211733	0.19747934945667
2026-01-18	0.190911866524043	0.192112491691286	0.194240010758277	0.190735631026394	0.179796286856868	0.181886064934614	0.179907822856644	0.181409825351875	0.160703352047344	0.160711311689552	0.162713400834071	0.161871935429033	0.140156818753996	0.138929130423396	0.139335104786836	0.137578946035772	0.109110746723045	0.10800980887761	0.110663299583263	0.110216144816082	0.083624907465584	0.0862377129716336	0.0879231162199339	0.0852142633428486	0.0747576115400937	0.0740609347850615	0.0748324722877512	0.0763489813870936	0.0756270352951193	0.0752524273113336	0.0751087671423755	0.0740117702511716	0.0735468031872924	0.0743643197045065	0.0732862716111594	0.0748026054970418	0.0953112266676144	0.0953033230578334	0.0961703932818479	0.0962150569927043	0.134882546918107	0.136571546029162	0.136145779873634	0.138400127179097	0.157748561153466	0.155932047637695	0.160097642103621	0.156221749105217	0.171833183987046	0.170649009382406	0.171248641781283	0.172269164849265	0.182128134764852	0.182520574111093	0.184153180817845	0.18319811030621	0.184608085558369	0.186863511013233	0.188420229348667	0.187108174079732	0.180937554795718	0.181138258561813	0.179867205099538	0.180056981542931	0.185987810970402	0.18410502409365	0.185669550904723	0.187237614031225	0.198849874146783	0.197896325575119	0.198455452124668	0.19579834815343	0.20381387778209	0.2024750317239	0.204871902570264	0.202839187923746	0.204954996344571	0.206600447959123	0.205617304998319	0.205827250697987	0.205120231810395	0.204209309227826	0.204910833999916	0.204759624961863	0.190634709015479	0.194656906458265	0.191285716739168	0.193422667787088	0.179734164498459	0.17916397695255	0.179916361314296	0.180185497234695	0.179863296064026	0.182749035896024	0.177006029255692	0.177381638784259
2026-01-19	0.184135223095683	0.183204783698982	0.182708342636256	0.182951650569079	0.183546383094234	0.183530697673454	0.183904702948184	0.181018216284127	0.168010238867835	0.16818806626956	0.171258338589976	0.168543356272629	0.139063211809335	0.136127935901174	0.136623739444886	0.139185112844605	0.121698083838841	0.11874285022976	0.117858484237796	0.118700581693603	0.0827069960399492	0.0819531423478176	0.0827070054528597	0.0826328561593735	0.0425323520294941	0.0443883337347556	0.04108362939423	0.0429956848415204	0.0298867315041555	0.0309358919373353	0.0321355481575721	0.031041828400937	0.0345127091769319	0.0305099613880249	0.0339211739965885	0.0350561554384546	0.040006620859991	0.0396014192965854	0.0421828676218528	0.0392090922215708	0.0368873514650514	0.0369858094338482	0.0371424222691472	0.0359844168319532	0.0323175444300812	0.0334782596325231	0.0334314599844307	0.031772735952965	0.0414915371690385	0.0446905712457367	0.0436082588034388	0.042209632781786	0.077199166701149	0.0758012668260952	0.0754531236024427	0.076546442870313	0.0989655528810227	0.0996535648787573	0.0977801931806874	0.0986006890595325	0.109317549785873	0.111145528301381	0.114332240685866	0.11220468122688	0.124875302202771	0.125812564507195	0.127556347253869	0.125755786036164	0.139147167188087	0.138512384545911	0.137818015848545	0.136522432417458	0.129704895056606	0.129186897653229	0.127133854613811	0.126974352676355	0.103083520561913	0.101886321459481	0.100853319532776	0.10117683844583	0.0793347331789234	0.0805385328440602	0.079903038867153	0.0802236951098635	0.0712377283121547	0.0730746867742461	0.0739424337695002	0.0727451511440989	0.0671866809013477	0.0669280818191792	0.0661936946961774	0.0676915425832957	0.0544422313551711	0.0541598605789569	0.0556567327349665	0.0547411753309054
2026-01-20	0.0402910033153415	0.0422661758403335	0.0432531720606277	0.0411896487836973	0.0403478268742903	0.0399693304175163	0.0392204697445606	0.0394623729636329	0.0545524288997378	0.055764415072026	0.0551743765142714	0.0545087795139648	0.0801297165417838	0.0789798672717847	0.0786281024257439	0.0792623137606875	0.095940898919992	0.0963217158787949	0.100907752610185	0.0968296325910278	0.112694065496898	0.111786779527099	0.110108935116495	0.112410219859508	0.118460687597302	0.117707035142392	0.118240319983716	0.11659195727659	0.123926314442492	0.123427355735512	0.122965377762548	0.123680952059448	0.122905128363293	0.122961936111046	0.125840807572803	0.122292127952858	0.093126775119036	0.0931081710267833	0.092168766092263	0.0915962877619177	0.0560855583568867	0.0551354051867538	0.0581857006630025	0.054593335793357	0.0268561764445988	0.0274052924343262	0.0281070473457959	0.026631483775279	0.00375063697887279	0.00270258057954101	0.00256730167475965	0.00297948076682655	0.00266367437555951	0.000241749681360789	0.00207550428715008	0.00101907165592962	0.00830908868595375	0.00936225366917084	0.0118264528273026	0.00850220481757278	0.0182836318542224	0.0185574536020332	0.0172491376391145	0.0169097769046298	0.0235036416204895	0.0238684557560682	0.0237262768289274	0.0249016257945149	0.0248502099416267	0.0276227568814787	0.0261693630628973	0.0253576701139973	0.0273541744112885	0.02428945354342	0.0239975907128758	0.0233587813324158	0.0204115681019788	0.0212310087949645	0.021695658590268	0.0206617645127887	0.0171838685705879	0.0181433401916448	0.0184434779194498	0.0192293133183174	0.0168534578654377	0.0200151382286462	0.0171115588866947	0.0170198450192214	0.0185883344320257	0.0146761537941843	0.0176082160443434	0.0151272957294466	0.013979152120423	0.0139104121849546	0.0129616334372153	0.013148802257407
2026-01-21	0.0118424548412682	0.0130647811588968	0.0115802343460394	0.0105125296537956	0.0108973497702298	0.0107789669615666	0.0144204664604126	0.0129032168077911	0.0155289746386701	0.011327708216199	0.0110674931573206	0.0090758239878103	0.0121014028768573	0.0118604389744351	0.00877771185035494	0.0112604462983526	0.0116176127890588	0.00973073796415054	0.0123821292718606	0.01126951997493	0.0114011061747565	0.0117628976675201	0.0153942026902676	0.0144417934674557	0.0183036051885792	0.018219744968803	0.0190448464174104	0.0174318034252074	0.0275938318604992	0.028928448712729	0.0265487984721678	0.027928920954604	0.0306139326417608	0.0269468934813069	0.0317882995894577	0.0326508742874746	0.0310841856814242	0.0286388142485058	0.0307146880406549	0.0295623120294151	0.025884422352087	0.026504339800239	0.0277121562106958	0.0268990816369782	0.02185347800008	0.0222344625750934	0.0230973089184955	0.021814750506331	0.0194104855253263	0.0140621871862907	0.0145332522860766	0.0149940750023065	0.0108842857587819	0.00589838948673142	0.00746266512165459	0.00575465963283212	0.00273152852121059	0.00406911980000497	0.00585073296471906	0.00234861871406538	0.00669658370908017	0.00416410561738306	0.00343490168276297	0.00170440899077379	0.0067450235288453	0.00561626231572484	0.00447154498498057	0.00516716917044929	0.00782097874901138	0.00693117686719266	0.00815359331055647	0.00809425107323949	0.0115217228111025	0.00882994873023323	0.0110527162444225	0.0135956122142417	0.0139814555138746	0.0135461762900836	0.013164486017172	0.0143078821788698	0.0183338195482149	0.0175178943735888	0.0165592867713717	0.0175889993068247	0.0200989712983304	0.0241857601084421	0.0201990222889997	0.0215162463042278	0.0230398349685412	0.0251027838083568	0.023183421792828	0.0196739594302739	0.0240676576103674	0.0212200523951364	0.0226476035461128	0.0230646864483834
2026-01-22	0.0264894483238047	0.0259510192568002	0.0291448428234108	0.0254146895959842	0.0310011237400581	0.0325855312279094	0.0303989026080437	0.0330144424239888	0.0367829215454655	0.033760661461573	0.0352149337767825	0.036241483216179	0.0405771235681764	0.0424864063215908	0.0420444416586079	0.0418920284516249	0.0535272290195344	0.0521237372504695	0.0532695376466528	0.0520794960833433	0.0647558516499884	0.0649453194198163	0.0657188082795362	0.0655800206506591	0.0749678672043851	0.0763751741636178	0.0770888748718127	0.0765680837601844	0.0808626023255345	0.0797846750623765	0.081264436755954	0.083088285856135	0.0653645211621672	0.0660834366962588	0.0674484261576491	0.0651036159839248	0.0474749536734857	0.0514625531147041	0.0508274836407304	0.0502350095710798	0.0622847520091449	0.0630930248774954	0.0624237514089049	0.0631984717044548	0.0735966461010784	0.0736576953884785	0.0758401279609443	0.0769055305494988	0.0669613731390255	0.0689252203005124	0.0694098466814308	0.0687035598790313	0.0607914876489966	0.0598970448840695	0.0609581027006247	0.0593533647663093	0.057381243251592	0.0577288779089598	0.0568916665628215	0.0589982122766267	0.0472574000715988	0.0477170877352229	0.0438672282377214	0.0461582839554568	0.0575322143918176	0.0566458479785821	0.0574334410008329	0.0583884966287674	0.0496957875973114	0.0508674828590124	0.0504426194169451	0.0549941101267311	0.0636901817536971	0.0641575697013769	0.0667699311965192	0.0663823173484069	0.0835658468365899	0.0852945291384093	0.0830527047300274	0.0840869192949734	0.0850842013314144	0.0852749006616698	0.0833434316266062	0.0862974663803096	0.0875925606589135	0.0895350830394407	0.0898065954707464	0.0870657608308993	0.118948220717871	0.112241502720975	0.11432218422548	0.114488092335674	0.134925486220787	0.141605461165505	0.136764793613693	0.137704259000015
2026-01-23	0.149639927228904	0.151774341523374	0.150462528979268	0.151123202268454	0.146999027578203	0.149445699694778	0.147650081889822	0.145905190837197	0.155195583199845	0.154152081158342	0.153938570237406	0.151713765404406	0.157186743914537	0.157905212851485	0.160867993602315	0.157040049631662	0.152751584768059	0.155605976565105	0.154276963783626	0.154365474883211	0.144172338155391	0.141640867040477	0.14447664046609	0.143710154338042	0.120028817528766	0.119964902447785	0.11934130595443	0.119664974069019	0.120644231731879	0.121788643320467	0.11953935580856	0.121027769139094	0.113809948177299	0.113559899907226	0.114077834081681	0.112552317833795	0.0981588849526034	0.100462741308425	0.100951641497539	0.101426732241432	0.0864685401337696	0.0825399724975169	0.0815744663956631	0.0824170209730503	0.0629434554372463	0.0638435488357816	0.0629462745235028	0.0642667212034694	0.0510658038702641	0.0502631118749234	0.0517021261183938	0.0529689581364186	0.042753254605183	0.0466428966708385	0.0464424899667928	0.0451613587571857	0.0325495663177593	0.0335218356963296	0.036924263186351	0.0340043347995601	0.022229362762895	0.0212835377711845	0.0221491712686124	0.021337928197308	0.0131858356845642	0.0133522326359944	0.014082006077449	0.0123799256019923	0.00812266649122157	0.00772725206746694	0.009834148905103	0.0083159325362085	0.00728976499837771	0.00631068581287297	0.0054298191556309	0.00796973003311841	0.010102618585486	0.0075911093708125	0.00925390991014285	0.0080523621335587	0.0130861166748206	0.0163833277376779	0.0157174334930006	0.0158131220945009	0.023258404704528	0.022825301910915	0.0237889959962852	0.0231272973882718	0.0339161277388314	0.035110194246747	0.0346199468500837	0.0333537311643379	0.0523781297017535	0.0528055922516626	0.051159997805076	0.0526562802415078
2026-01-24	0.073885820854939	0.072451473811006	0.0742900430153319	0.0733726623187231	0.0877189026204686	0.0868750406781206	0.0860523924906171	0.0883536642107937	0.0991053201392363	0.100454636432548	0.0961194944816265	0.0983205489465891	0.114628910104261	0.113495604606606	0.114266877859486	0.111608607429646	0.128074624104999	0.126529570631011	0.128906485320435	0.126489319943556	0.130985382578094	0.131303688621153	0.131622321682282	0.131088607118471	0.129430227120641	0.12589483139589	0.126133077673951	0.128541863809519	0.121573067438258	0.121142241626832	0.120868540625037	0.120416150309873	0.0970139753348271	0.096453240042492	0.097919856696556	0.0996129279261249	0.0750063424465361	0.0761205883453721	0.0815413884037806	0.0753316808043112	0.0711453093040089	0.0699309600280578	0.0669892526359495	0.0699344780319838	0.0535197567093177	0.0543871662948026	0.0548784187998942	0.0562146581959855	0.0426611200882847	0.0441723107364994	0.0464354686852702	0.0457311004899457	0.0342761225735167	0.0352678750997134	0.0332830783139447	0.0321729240128252	0.0234332815176181	0.0250649230355087	0.0241427853961266	0.0243590100507466	0.017394720967596	0.0170796232177732	0.0183034494381495	0.0192222063764812	0.019000294833138	0.0221874549416597	0.0196204393739833	0.0211918108512191	0.018584873942938	0.019225772004902	0.021117048294336	0.017072305757824	0.0130763501278364	0.0132443281470675	0.0135109667095196	0.0111683550155764	0.00425989880363196	0.00767058623415018	0.00543308428683501	0.00763643067538286	0.0026352275959166	0.00331608133287548	0.000815346935820848	0.00423334413538707	0.00179996939941782	0.00260072621206857	0.00334490411571121	0.0012544002728024	0.00525705504856177	0.00453910837957894	0.00551762721260717	0.00668620935925212	0.01469028907995	0.0138064208926939	0.016037892716836	0.0154653973105201
2026-01-25	0.0299201195985247	0.0302539274436559	0.0317577385124259	0.0300682144453935	0.0463756324966843	0.0490418089897672	0.0486480304796322	0.0489345280339163	0.0662124499792722	0.067442521271875	0.0670638519141519	0.066281176834701	0.0854081783593536	0.0841462655958511	0.0837908387260001	0.0846547173187952	0.104298862585706	0.10507710481624	0.101873268906216	0.102750763691838	0.120132323948727	0.121511887638662	0.121808644870585	0.120547143542025	0.132681790664797	0.131412369097353	0.132101864563055	0.130803975674795	0.133862349639272	0.136778737454636	0.133306816372912	0.134052096533181	0.10815538814161	0.106487272495148	0.106691971678498	0.106665367684744	0.0709292593146671	0.0663024681481993	0.06617965728123	0.0685886152559037	0.0564288747369983	0.0554797653165001	0.0569831822352848	0.0561081777112169	0.0409995323190473	0.0424681250375426	0.0430909574675719	0.0414413851758382	0.0333540967429377	0.0308777894093027	0.0336701995232601	0.0340979143244996	0.0278071267325043	0.0275329145502602	0.0277674711166538	0.0238924876005817	0.024193297671404	0.0225114678394689	0.0237770760484237	0.0235181584407035	0.0221099226306692	0.020458019088286	0.021718871949292	0.0177131863317528	0.0284081772641635	0.0275105667327428	0.0269078637418866	0.0291733922612072	0.0389720003001633	0.0392846082996775	0.0387492875824928	0.0389941038176664	0.0488062371361383	0.0470237695052829	0.0514275057162828	0.047742487642296	0.056032453529556	0.0507117025471789	0.055636081889457	0.0546197620338081	0.0585115282410074	0.0552103193812681	0.0553621166752605	0.0579160357024641	0.0593455935396666	0.0622504951459538	0.0598102894548643	0.0595936218595152	0.0655506871044794	0.0671650539614842	0.0660733189036571	0.0682109400303793	0.0795761979662178	0.0781147798822218	0.0779594339709264	0.078349588180634
2026-01-26	0.0932059921513292	0.0917325204521532	0.0915464739631724	0.0915150134333451	0.0982466497001666	0.101457466760444	0.101799919376231	0.101495964163159	0.102609129261898	0.104841522495037	0.102078399668513	0.105470948574552	0.10375290528036	0.104712556663434	0.105430694687599	0.102103843368607	0.106066074239398	0.102590071826189	0.104034125486844	0.103309728447569	0.103524220035782	0.104387869660383	0.102788619905307	0.102299290398528	0.0991832758941337	0.0998562165015121	0.0995225902684855	0.0964379173358687	0.0904118636600144	0.088861244111128	0.0886302244272832	0.0900966678015744	0.063208423703592	0.0637787216044775	0.0649457251806632	0.0660671295112673	0.0432578082581361	0.046088022665329	0.0423061569613079	0.0443480121152271	0.0264825095191395	0.0249350199794312	0.0248070154281549	0.0277754550732744	0.0154889830564753	0.0144987332383229	0.0174799450334427	0.0165323386717591	0.0129845257236443	0.0129968412358621	0.0098365276617058	0.00918210537878773	0.00989435762345981	0.0109746366723213	0.00940612181914358	0.00672488388507527	0.00923382668950397	0.00932057914675424	0.00962639537488699	0.0068191987888548	0.0060958426359172	0.00895993323913464	0.00773862437613801	0.0112055997488101	0.0073846364668674	0.00754759759367525	0.00782486120272336	0.00924290473673399	0.00507323823118248	0.00668669138972623	0.00700093318248013	0.00623913719661117	0.00359166301583967	0.00393373176428682	0.00473217914614283	0.00574242607373068	0.00466365489068555	0.00613525974078427	0.00417521370894174	0.00602587165958844	0.0129166082707005	0.0132912956268882	0.00768608170220059	0.0111060144002107	0.0173961774962652	0.0175378811252496	0.0180914413107569	0.0179745000677284	0.020000903235805	0.0188972821801559	0.019907022836273	0.0231947917477661	0.021455855143382	0.0204430091616933	0.0217482027740193	0.0203529329209054
2026-01-27	0.0207273949668526	0.0208495241057242	0.0198350396741716	0.0195880412532516	0.020592314297754	0.0212871797546215	0.0213569590943819	0.0137635468532426	0.0192338366865335	0.0172215705406745	0.0167594276617713	0.0167851651110207	0.0169013037850934	0.0170008316777531	0.0167346730393309	0.0193631914978227	0.0200264318588598	0.0230958834824247	0.0215827434029305	0.017294941255785	0.0237249520666621	0.025849695384642	0.0215939386631768	0.0238314138855191	0.0247419816892128	0.0274465874303501	0.0265438241786862	0.0232676067017509	0.0256886109376061	0.0244444552101995	0.0268980114607677	0.0249689223914266	0.0213699495113188	0.023023845563411	0.0221985842196882	0.0184076207055819	0.0129769823090112	0.0105563444696935	0.0108709623341153	0.01059571088718	0.00217075485943884	0.00190909678268088	0.00436738471512075	0.00155276364275954	0.00389122351898185	0.00456459274811676	0.00485968604286299	0.0046844976900384	0.0103951934991375	0.00830903946370186	0.00794987335662221	0.00934589368053839	0.0128193447311284	0.0137723046735845	0.0131525267430451	0.0132558238522419	0.0166960165862093	0.0172023163554389	0.0184427187678934	0.0176589482904584	0.0284409092790058	0.0287117563767004	0.0261700448163713	0.0286772895279225	0.0448111976088622	0.0398793101096978	0.0465811827282534	0.0457283095531866	0.0438114260199876	0.046263602726574	0.0453383271287796	0.0465866441246588	0.0336476993747122	0.0337043617678456	0.0347104454759108	0.0329374933815314	0.0204228182955003	0.021124435626508	0.0218230056622242	0.0206297404157675	0.0152271664661092	0.0138171187870827	0.01552538400316	0.0134303307436481	0.0161164719795078	0.0182057151574842	0.0174473973132488	0.0152304155497593	0.0219768518453799	0.0209968892668809	0.0210234557417169	0.0210028031460223	0.0244479415131918	0.0224437466073192	0.0200399109130863	0.0230684009664027
2026-01-28	0.0218409537643847	0.0204547931597184	0.0197996377438329	0.020904615332064	0.0194809481745706	0.018892333011247	0.0179276867847963	0.0176990320293861	0.0184393301527592	0.0169274761617974	0.0172461217174913	0.0163870719679521	0.0171485994466354	0.0203239297071717	0.0188834863044094	0.0156439845417834	0.0226443628822377	0.0221205195795801	0.0228009325816425	0.0204341849565396	0.028710778376238	0.0283273507133505	0.028328765673143	0.0256331052372685	0.0353668789372945	0.0311906781396656	0.0337910471458645	0.0326513957771754	0.039201625575413	0.0391602248931269	0.0368271033022385	0.0378110462292216	0.0366366941333314	0.0354816279170961	0.0355722568939631	0.0373094210556093	0.0316486831124627	0.032328214103605	0.0314293192822228	0.0315937835017095	0.0341991637697554	0.0340043366963379	0.0343253865356751	0.0344711129982316	0.0368244899374941	0.0411915807074818	0.0380073332472911	0.035976596107733	0.0413553551886394	0.0410541132475918	0.0410654571341512	0.0395250744296176	0.043134706635647	0.042542364832233	0.0432695137853071	0.046053414746813	0.0458904157134042	0.0454461294062872	0.048477867404646	0.0451855874756626	0.0493890670890736	0.051767890708014	0.0484864302377233	0.0493566119651891	0.0579229173122447	0.0600024321791186	0.0574983433703554	0.0575763071382813	0.066863264869135	0.0659463748022966	0.0660247943293364	0.0661655659992321	0.0645757292355557	0.0645528362645388	0.0652760092916032	0.0645954252083023	0.0603066310288488	0.0588252614127244	0.0587850837760932	0.0600830237823336	0.0537339838587674	0.0548144954208608	0.0534222224449104	0.0550292982754614	0.0527391949401887	0.0533674133120115	0.0552073088848601	0.0586860828629397	0.0599644392726627	0.0613871112584073	0.0633558041325301	0.0622926453364	0.0690034085552853	0.0696820083225229	0.0697531774579944	0.0705614056641974
2026-01-29	0.0749317393786283	0.0754598968053909	0.0753067939215948	0.072301569894386	0.0754416340414447	0.0728563175032714	0.0722664935378577	0.0754355549174262	0.0702966475318099	0.0693950032279455	0.0695283908172741	0.0707799584229705	0.0663603024606485	0.0670582992565016	0.0678777034319225	0.0687036948509274	0.0677047321489076	0.0668667123460799	0.0657109875495684	0.066717567955444	0.0659307944951561	0.066392262761374	0.0674511009257598	0.0672258418177101	0.063875229506601	0.0651956199792312	0.0643024117316912	0.0636267387824765	0.0614624809142386	0.0606239715253836	0.0614136396372859	0.0594999079230918	0.048988029703326	0.0516261388735602	0.0522614985863678	0.0531243328367461	0.0472009584547338	0.0461013444867949	0.0477091620482504	0.0469885350102208	0.042962189673884	0.0451903681988441	0.0359572655321662	0.0428901765951058	0.0389377151360578	0.039003477498074	0.0393627992351794	0.0376960081306888	0.0390446151074941	0.0393704294254832	0.0384034746549667	0.0381814808120559	0.0428466807580471	0.0452387837583033	0.0408823147949609	0.0430322206886888	0.0518775398041356	0.0482375805467044	0.0505162653726635	0.0503686142764965	0.0595502167827832	0.0564315814367813	0.059453839863275	0.0575643619171604	0.0688127130611282	0.0669894190860574	0.0677800095261007	0.0664178583267138	0.0699200644679911	0.0694566549163225	0.0706467115054227	0.0699765691102637	0.0571694013667615	0.0571868180022504	0.0593881778333811	0.059255602797607	0.0449608002367863	0.0423064991497452	0.0455001519078156	0.0432325487056529	0.0314666754665148	0.0297733122550896	0.0314792127395122	0.0332807995388834	0.0245209836524384	0.0233880535785722	0.0229359341628717	0.0231550286061177	0.0188953994492797	0.0193112121403175	0.0171187895151086	0.0186745988952942	0.0163061196705191	0.0162167425947301	0.0139879763422702	0.0164891613924806
2026-01-30	0.0145388806523118	0.0137513463844793	0.0128124385929577	0.0138973343702512	0.00891187666480407	0.0113927244959798	0.012984257546037	0.0127111412931791	0.00599399112893698	0.00789882242048646	0.0104399088323959	0.0086672776181807	0.00570264186673147	0.00472930564392672	0.00757409365081442	0.00599395883852739	0.00321573769452435	0.00445495106248142	0.00500817049850719	0.00632114074448704	0.0045329171325238	0.00444458710060498	0.0042188145006193	0.00580368126625191	0.00393655289749798	0.00393236237154127	0.00376717167697178	0.00936391305398898	0.00759508017811001	0.00547490114726605	0.00640119216008374	0.00552882651454019	0.00568135917077977	0.00549508665963871	0.0075510828023263	0.00627247136725522	0.0037904734228625	0.00630845900098507	0.00567171589604894	0.00622935168010348	0.00581927578307673	0.00426096780264844	0.00512785470774101	0.00579190170653382	0.00646139404328181	0.00537309197143833	0.00259796711601526	0.00656754686926461	0.00572701877808108	0.00475861435656204	0.00434247140996741	0.00617189545538948	0.00734214871576217	0.00587989657615446	0.00403381018350117	0.0047441445245822	0.00576515701640221	0.00775236978820654	0.00732326519812323	0.00715920799726802	0.0096345229150218	0.0103812837580301	0.00997110610980139	0.0100130872171467	0.0202732706082173	0.0205362149787832	0.0171588772572497	0.0190316371557498	0.0264559664788657	0.0274572194584913	0.0271617285417753	0.0259250855208677	0.0277143126637248	0.02505364670992	0.0229868073109921	0.0242452333153631	0.0173365078538461	0.017603394542734	0.0167129178660132	0.0163471797374067	0.0100850950599258	0.008635714503661	0.00979326686735135	0.0104859235690619	0.00623822814070639	0.00691338213183494	0.00651002826967224	0.00733836145778642	0.00715360726862877	0.00781978630428035	0.00484474820655057	0.00418185822054032	0.00527888986017714	0.00448119349428302	0.00375412647675827	0.00648579016878157
2026-01-31	0.00342285270009332	0.00469919943189883	0.00280113061132729	0.00307681725668055	0.00109109626450607	0.00303909135162119	0.00237591027781028	0.00249390210606247	0.000717259350358039	0.000493424497671122	0.00194911640909309	0.00184019974287775	0.00170675724296875	0.000221156144070236	0.000484878890521871	0.000587207722439141	0.00193284796757937	0.00153269841131562	0.00147581572647952	0.00405863789462549	0.00760360137756252	0.00454403620393678	0.00366415417824884	0.00418820824025187	0.00535650275887745	0.00828762656696529	0.00976144972530835	0.00859442094884891	0.0117622637675357	0.0135825412113116	0.0121102361944922	0.0125449588266605	0.0143285437087083	0.0111680226258069	0.0126880250109721	0.0158154086545127	0.0114563383812283	0.0103422669272026	0.00906837845090961	0.0131330162406594	0.00703462626089476	0.00675141206133853	0.00585479224521232	0.00835916943255439	0.00439479352495641	0.00473549823188282	0.00578812282203712	0.00308158542112365	0.00227882835921729	0.00544378572593765	0.00320077247291589	0.00507661344192917	0.00492662095852255	0.00470291399175645	0.00415173662213641	0.00821872842758459	0.00843525736640125	0.00873774701206143	0.00603191495030446	0.00979508067123286	0.010503833439329	0.0102210510399625	0.0110402488024411	0.00923486671826746	0.0180585802940961	0.017584905473217	0.0194712437855266	0.0158852704471602	0.0274888677822433	0.0280578709115427	0.0257661806355191	0.0256870806706948	0.0343774332615893	0.0326603392069181	0.034653100936634	0.0333091265948586	0.0365791850976498	0.0372045558105114	0.0384793796051169	0.0357368794867219	0.0305949340192131	0.0337786384770432	0.0351479836613001	0.0354784438424437	0.0286922378945695	0.0274062201937429	0.0289563599908916	0.029945181920796	0.0255966095626713	0.0275196387989545	0.0257449085020416	0.0301388431363327	0.0327577915160222	0.029941794163189	0.0306556546247801	0.0306447596960087
2026-02-01	0.0387453616075986	0.0415897728689447	0.0388479532981081	0.0368169122253486	0.0489882776749026	0.0497163403387073	0.0502610051779154	0.0510343768084747	0.063842881977239	0.0632455452792371	0.0641586805285198	0.0607528922150041	0.0738722750117347	0.0730545558557579	0.0754210110611685	0.0736521580713389	0.083206747390917	0.0809200837440534	0.0812295609232228	0.0796436079418068	0.0812457980295146	0.0805623179932437	0.0811458944668661	0.0830459895103756	0.0746566447313714	0.0757658645972654	0.0773892333697783	0.0761882573015848	0.077681583543749	0.0752888607536684	0.0755185380896042	0.0735110176129784	0.0597189227710864	0.0618204147783842	0.0595034456934928	0.0619572167570365	0.0456901647846973	0.0459034018137547	0.0469821517269164	0.0474242816746316	0.0377092120790445	0.037356477080519	0.0386323580658605	0.0383019527745761	0.0303279758894534	0.0290491421441247	0.0314288895931087	0.0311939923733131	0.0265753473664129	0.0273871981425758	0.0276370207892029	0.0264004337018084	0.0308207444221721	0.0286444111092659	0.0290604445747926	0.0294743998937694	0.041507002980189	0.0393983972144975	0.0366349636919465	0.0374596361133671	0.0523078385874927	0.05209785832303	0.0552036826150635	0.0533906204744137	0.080195748936499	0.0792372853259986	0.077860436623868	0.0787065291136344	0.0957808906424236	0.0955896727107299	0.0949131000491057	0.0947163365977408	0.0904678268422617	0.0916811860873493	0.0912253031573176	0.0906256839130714	0.0849963239366927	0.082939514380679	0.0819577634353164	0.0841063982473118	0.0886098192816028	0.0884674617238436	0.0886880146925456	0.0872347043020079	0.104499229707214	0.106124080152971	0.106156296180721	0.105220393959095	0.119962142746673	0.116601109724268	0.117333561401382	0.116103186127677	0.123967245978551	0.122703732961611	0.123690607523401	0.123638413536437
2026-02-02	0.126419537818455	0.125075694531979	0.125017725483086	0.124487042166481	0.118742487156551	0.117583463214568	0.119615352407016	0.121058697221865	0.108279334095135	0.107986588879734	0.105375609137693	0.106358467887438	0.0970541150302572	0.0953275272981986	0.0961846957066103	0.0924336619649339	0.0861763817265501	0.0882885619140641	0.0844464681250926	0.0860885882342931	0.0803011169825433	0.0799856583588006	0.076572127107534	0.0801410975511221	0.0746829634435727	0.0726236411481468	0.0732357132708332	0.0724576821374473	0.0698409431673854	0.0717211067750353	0.0753790588086018	0.0690588912489774	0.0560919634776307	0.0569814085569651	0.0550901936154132	0.054836434349991	0.0410253740607294	0.0404019541843149	0.0405363528343493	0.0420363189206064	0.0421095770673989	0.0417110499759301	0.0408600227139868	0.0423193502426842	0.048303344368722	0.0529697369043168	0.0497663565222768	0.0499605622046844	0.0501631473157186	0.0494506829579863	0.0511470691611327	0.0502391005651624	0.04475484422944	0.0441032674589971	0.0441298608492864	0.0440120274622765	0.0400496279357513	0.0388387574927549	0.0371788125191373	0.0379328020523565	0.0348062498887196	0.0339436031961192	0.0324896107770018	0.0327605361381594	0.0368298962275186	0.0332126712028573	0.0355977700269718	0.0353596625426522	0.0380346359698594	0.0361704592005111	0.0362514747561058	0.0345434300735236	0.0297547320799604	0.0306173639418473	0.0291430121149845	0.0304848918632077	0.0210431127126777	0.0197263456689312	0.0213622333437275	0.0188683082746636	0.0134664360551833	0.0105597723497966	0.0115055650144218	0.0104682265805984	0.00962342768875647	0.0103943394051753	0.00782542138693852	0.00815681151912975	0.0114670884094896	0.0105600706785938	0.00842592382581728	0.0105469170860993	0.0130605668584338	0.0125169317256566	0.0151474594773483	0.0132750419385613
2026-02-03	0.0258484188254924	0.0255932993122437	0.0246616719838469	0.024896609878417	0.0442014603712634	0.0445214657081517	0.0432584509146006	0.0440186230059843	0.0562832996046368	0.0603556020292116	0.0587076725936457	0.0596534257725058	0.0661816166076554	0.0658749016812351	0.0678063203945291	0.0641371613165804	0.0727502142264232	0.073031731991722	0.0721475617669284	0.0710704920149264	0.0754807047125222	0.0788072667211571	0.073929655423492	0.0767823731428287	0.0756178275766555	0.0783260688290729	0.0774172074214934	0.0766388961727782	0.0746993752677395	0.0762449011754402	0.0717092772096629	0.0743464463471574	0.062617381336576	0.0633954271068244	0.0639052944050661	0.0590818971515334	0.050673216905145	0.0510967088050926	0.0529138776000755	0.0513161966896869	0.039568932615533	0.0381204531110794	0.0390836657799792	0.0372269484934083	0.0252194759272292	0.0276145616160292	0.0223503378347904	0.0228156246219512	0.017082706876535	0.0155174597021547	0.0149084183494626	0.0134914150718478	0.00886788025496753	0.0139058816865995	0.0100504554471276	0.0121757826113053	0.011515104132605	0.0124923338795379	0.0065336558575755	0.0114589061302816	0.014509577932242	0.0135319389571636	0.014388661407439	0.0125698217031555	0.0274428691820921	0.0259597863304899	0.0263206438456146	0.0252767006418033	0.0379173133261833	0.0379782445094465	0.0382938845709434	0.0348105575934268	0.0415172409292622	0.0421696632493612	0.0437781982428085	0.0405348975785681	0.0406295547458391	0.0457411275126482	0.0394831843428612	0.0421461333986515	0.0387403310822612	0.038683938548959	0.0395427073972087	0.037033022971571	0.0345305307389855	0.0355527930297404	0.0314411505367381	0.0354755256945359	0.0321783375534036	0.0310924426256807	0.0321096839072158	0.0316195359136999	0.0336712852780869	0.0350566461921014	0.0322277946171628	0.0330442739126489
2026-02-04	0.0401621044322143	0.0396096476418247	0.0392905791171828	0.0369376688087782	0.0437050237507756	0.048723732649662	0.0487326096549259	0.0488386339446365	0.0570179049340612	0.0583250584418868	0.0575551592167688	0.0601018774072831	0.0693183037176377	0.0670103996412059	0.0662150453228414	0.067456251318315	0.078505754011503	0.0774905707707676	0.078063994907577	0.0769396803101524	0.0878870451726909	0.0869030317712376	0.0902841764021383	0.0899257466539332	0.100625125446963	0.100459753459014	0.09919700637125	0.100718114722773	0.106124616079835	0.104517854293536	0.104856423481461	0.106501106145169	0.0786791184821176	0.0792286665873974	0.0764216059543251	0.0776706089761599	0.0539770875406046	0.0550157443969759	0.0561296914606978	0.0558774766017217	0.0399335451328883	0.0406384934645819	0.0388883878277433	0.0405395735747866	0.023342787847949	0.025881385175637	0.0275097233168442	0.0242661036595698	0.017434408418986	0.0171503299724599	0.0174838881155625	0.0199313734929917	0.0149492857500995	0.0147780810785405	0.0129881520275688	0.0152844811437913	0.0131544998968208	0.0136161554930178	0.0135190334285697	0.0117103111815917	0.0158530448039603	0.0126408655025069	0.0155008227978976	0.0150052668956352	0.0170681181856936	0.0207850695770507	0.021545594969772	0.0186012172674837	0.0245056863220197	0.0218531722616467	0.0226858691495425	0.0229552722667911	0.0223347820070784	0.0233950718523648	0.0233860325296208	0.024884113610936	0.0205909336992644	0.0215869684727507	0.0208687453205829	0.025953352507402	0.0206449718786284	0.019668174432554	0.0197540232150197	0.0179328304737978	0.0165473827687939	0.0181542297999528	0.0182705867576693	0.019027800673584	0.0204193543356671	0.0195694854546902	0.0188439642886617	0.021167195920981	0.0255467270918023	0.0271929657681594	0.025390350309249	0.0258699568307892
2026-02-05	0.0383717165630353	0.0363274775163169	0.0349737427457072	0.0373270631749406	0.0506936785566167	0.0499260115265906	0.0511659893862651	0.0502143205305277	0.0663486764028782	0.0627710326912799	0.0635253632547214	0.0613549276511205	0.0681134763778415	0.0689446050206214	0.0721007082360567	0.0688412103654804	0.0721946791634424	0.0743919857985999	0.0742909406764234	0.0701223943615343	0.076289272945442	0.0767072741377064	0.0777857806545484	0.0772176722623031	0.0823188468090921	0.0833525788930903	0.0841896768026521	0.0811388974951656	0.0884620580305989	0.0842260689709916	0.0866389981409577	0.0856728748574518	0.0653004707492083	0.0660672912858758	0.0656099606220227	0.0640222773428933	0.0431441427833665	0.044492647113384	0.0460884080476039	0.0442748020556456	0.0280363753364527	0.0332022246307665	0.0324953550542598	0.032266044978521	0.0249013275779007	0.0263128949592327	0.0256826887732558	0.0231030886896108	0.0246329110745735	0.0253872032431574	0.0251025028948345	0.0238773827874346	0.0253005643027499	0.0263730418845825	0.0264915367568453	0.0268348570558223	0.0283415479732779	0.0270701740002832	0.0258098397427642	0.0267784382836748	0.0257784720257833	0.0261199485542444	0.0240647187982835	0.0280368606216889	0.0309086050617005	0.0294133457691874	0.0309712034612251	0.0317068457078869	0.0367513649093461	0.0372404848439729	0.0361524979477524	0.0358556522989286	0.0386770498634512	0.0375589870840242	0.0387454846123119	0.0390184784402127	0.038320532063337	0.0386136077525138	0.0373034141637871	0.0377624460203622	0.040543126243144	0.0406947455345308	0.0365653808951242	0.040196747327201	0.0439229522297012	0.0432425040971045	0.0442570106828228	0.0425775329903715	0.0526387514121664	0.0498930983979257	0.0502638752247554	0.0512042749651525	0.0625675852523994	0.0675515417150949	0.0634115892288203	0.0624692838036854
2026-02-06	0.0724183755714935	0.0712199030849047	0.0710152398215794	0.0713464815220224	0.0717579496244044	0.0728405514916752	0.0741038441034775	0.0712976547804429	0.0735230063193148	0.0744608797167214	0.0709979657359984	0.0750181482279654	0.0775930418000717	0.0780049842798798	0.0774864196085116	0.0779155543115368	0.0850621134744517	0.0845104720413704	0.0831087401382056	0.0833186743459723	0.0847329632637824	0.0846724915901334	0.0838503690070159	0.0897441761390683	0.0823552690830388	0.0818969069307568	0.0809307331212562	0.0798170908649483	0.0747959505764079	0.07355883679991	0.0740037347998562	0.0746414778238259	0.0561722216699432	0.0549742125847112	0.057316885396628	0.0545366803487176	0.04784084527743	0.0456907329176746	0.0456618898739109	0.0458065319309845	0.0440979976549303	0.0411469637893428	0.0410955161757597	0.0406595223799672	0.0365711752137808	0.0359662848635907	0.0369264406241902	0.0385360992984382	0.0357339216038139	0.0357224317961351	0.0355881181805069	0.0369555284195441	0.0342629979654874	0.0380059972576299	0.0371592487341168	0.0375717560427658	0.0386852480191189	0.0394328689010021	0.0395935169548169	0.0392883661250621	0.0418850703733532	0.0406991123929219	0.042597570899527	0.0418182463341979	0.0428751450165484	0.0449905430036242	0.0444079165614875	0.04572639541834	0.0482023918031352	0.0475982228921596	0.0482030683836061	0.0479963169210991	0.0446401781526659	0.0444042648554459	0.0441347127379286	0.0438208442539596	0.0347813576202895	0.034937492434039	0.0327156059110027	0.0325655440346688	0.0262614820188194	0.0254116489334361	0.0241939994362561	0.0251328696114884	0.0180812948872733	0.0194412172890432	0.0200651840652338	0.0214123037584497	0.0147099127784947	0.018278010497777	0.0152306845618496	0.0157813921618787	0.0108048383999638	0.0126620207286307	0.0150974580750773	0.0134356827963281
2026-02-07	0.0214643559059185	0.0216799916772088	0.0211100278437296	0.0197456245731432	0.0347234861693488	0.0344577355551556	0.0357922038861883	0.0340265743893073	0.0538456449550175	0.0574661718410487	0.0566174546606818	0.0580707285432521	0.0820370309092907	0.0837740766399015	0.0830545481919983	0.0811343442588096	0.108510704491377	0.108806708010144	0.10747388712838	0.107208700370098	0.128797345044032	0.128351521556105	0.128613306001375	0.129237827398488	0.14408771408185	0.142529775634915	0.145959726566214	0.14242278371702	0.152482378906915	0.149563755162037	0.147844759324605	0.148109106606443	0.146092420298868	0.14604839977009	0.146744531692193	0.148114648238849	0.172716810525572	0.170702894072568	0.171866422109904	0.172713873291957	0.169938281074501	0.172074473149001	0.171193880906119	0.170793364870379	0.157975605088382	0.1574459997629	0.158505672338756	0.159072722809962	0.142766347448093	0.144494661577169	0.146675586754718	0.14406340422002	0.131231714703744	0.127918908749802	0.127929178188169	0.128920198358285	0.119045853366608	0.114211682860888	0.118881818987553	0.11786064478495	0.107331692572275	0.105207240536238	0.107456801964958	0.105004264926529	0.101601753903902	0.103977283776876	0.100089090460887	0.102331871858335	0.106601390285629	0.10507432913714	0.104195317984477	0.108128962592754	0.111066697253636	0.109563811079252	0.110568907650497	0.111800584016615	0.125841508641516	0.123136625234112	0.122610093691822	0.12441177243255	0.142651246481238	0.144182514741594	0.144981926111189	0.146184312665979	0.156534752040915	0.160237360638853	0.158384249932791	0.157843637387441	0.160358257145135	0.159749282316414	0.161618168169542	0.160274292368909	0.166450464198028	0.167317476150086	0.16392255394057	0.168309505711316
2026-02-08	0.174143602391282	0.175829610377961	0.171947357911761	0.175079429318997	0.174067557489932	0.17467851176714	0.175730136198664	0.176523794544263	0.16402917804234	0.164442444765935	0.161481937318308	0.163046439873416	0.147472092897865	0.144611103004776	0.145327394091128	0.145589410006232	0.138873013241993	0.138118264775903	0.136740695280969	0.136268026701134	0.143320002224818	0.138674760769274	0.140156460861803	0.139848776144105	0.0942780698991236	0.0976419427467475	0.0970070098282276	0.0970729775259013	0.0510424648657149	0.051012867936871	0.0499060534012613	0.0540386137961528	0.0379536332355371	0.0409588658050906	0.0396241196274306	0.0374633813319416	0.0535096794320573	0.0523890811226569	0.0511217074234276	0.0489795320218583	0.0538947558398736	0.0535582266836311	0.0552537141408082	0.056293303335687	0.0534026075048874	0.0532530092935485	0.0503637167105248	0.0529806664910393	0.0563641768483298	0.0559080857963915	0.0562280936593058	0.0574996436959729	0.0609079003440841	0.0599299398644004	0.0573804925193433	0.0597816672721722	0.0617783927638085	0.061061523184763	0.0635714053571384	0.0625886786942901	0.0573218138439174	0.0571502726489967	0.0579918064534314	0.0585361070536544	0.061115609190943	0.0622546978162925	0.0644153735252397	0.0622143194675249	0.0866174174786551	0.0883095740757057	0.082522821131824	0.0875501873138152	0.115265355629034	0.114498115927961	0.116381083188898	0.112855445254107	0.146195054504911	0.147771645442349	0.152505006442475	0.146528293610265	0.159824851673667	0.163039512785517	0.16146851400179	0.159667121539026	0.175575271153981	0.177628500071122	0.176665411470027	0.17213081730487	0.144027727335427	0.141892245902167	0.141715445387642	0.143364581374764	0.112060091422794	0.112555474617807	0.109437207446751	0.111947226512648
2026-02-09	0.12065954615636	0.12255703489268	0.123660526880895	0.124122892070065	0.142489822355339	0.145875506493946	0.144635148534141	0.144999522616574	0.152435143735683	0.151311624223479	0.14747034179763	0.149782890243208	0.139079346454617	0.136788673271756	0.137960295732924	0.138171684540704	0.125491804369994	0.12683908985427	0.123266243158384	0.124402862617353	0.132669966818792	0.135775801929814	0.136675797060585	0.131878434190809	0.169090472194117	0.168185461756681	0.169705662559331	0.169018403489871	0.188139060665551	0.188277227688011	0.188166289885119	0.19041742176132	0.194248208010537	0.193931859452971	0.192623676202692	0.197196256333799	0.192580938305693	0.192120820035125	0.192112942891298	0.193185298767885	0.189225189800454	0.190576915994315	0.189126809365679	0.189071084839552	0.179585535964495	0.177660755733204	0.179764607894318	0.177989100407983	0.15081730377136	0.152757705250885	0.155142053445081	0.151282937532674	0.117072061247122	0.118938375444761	0.116991027099615	0.117998536208502	0.0955257065629152	0.0937976875043302	0.0948911556999789	0.0947854502327758	0.109164235976083	0.104015996803212	0.108438797792673	0.110380969428032	0.136079704716913	0.134167543342357	0.135468424605671	0.134284327335058	0.114997074696642	0.114389778934063	0.114807097866314	0.117806048502981	0.0979825861119587	0.10007226622913	0.0997567269922528	0.0991884206666585	0.113998262454857	0.112378698221438	0.111479484567001	0.112143554756703	0.122399103095011	0.12373549458341	0.124026242714723	0.123839159606856	0.121956042958695	0.123096637734236	0.120653194400023	0.122294124907047	0.113838755921831	0.115783319410453	0.116709652188087	0.11466827247963	0.0976157004961001	0.0990366070840089	0.0967162209496127	0.0976314714702783
2026-02-10	0.117393134584357	0.115184319434079	0.114508790839629	0.116913755141935	0.148319177907292	0.145252804755441	0.14999127497688	0.149436742360387	0.172028928947768	0.17381356324039	0.173170214075007	0.172987293736835	0.18454735946164	0.187060120687914	0.188080528587709	0.188311991262737	0.194320730512023	0.193644156284026	0.192968082660284	0.192067030543667	0.209648561154753	0.209201555754041	0.208810327823421	0.208339555267784	0.240613767443992	0.23673002205796	0.23929755738094	0.237358653117107	0.248505953459979	0.244901548096567	0.247699936295908	0.246892562147546	0.24762510329418	0.247193242357927	0.246781996187783	0.248399658160111	0.243568068469624	0.244635967511313	0.245239474998103	0.24555648902096	0.247895003161037	0.24802885492716	0.245898781148903	0.2461773607629	0.245676348217545	0.247845286846799	0.248687539335091	0.248790825600565	0.246944629063275	0.24654017230968	0.247704601112339	0.247810597514706	0.245071065997505	0.24918188866033	0.245547440983799	0.244199604358366	0.246442562455394	0.24454346562333	0.246820857763148	0.247193114158129	0.248169400417653	0.248750893656058	0.243813309758126	0.247266396168163	0.245440399998771	0.245982940645333	0.24665816087528	0.246918498480616	0.244549251786571	0.244695533434822	0.243962696702355	0.242792518076252	0.240899116703116	0.242585916023386	0.240931517208685	0.242583450064812	0.238002661311178	0.239854377361316	0.238420017914719	0.238722943412787	0.234988622651457	0.236570053650884	0.233482465195251	0.235958858502408	0.227659619840188	0.225292471481767	0.228946406748965	0.22810150192908	0.219339933268854	0.219444498169591	0.219811326319881	0.222404242241674	0.220039566935481	0.220652130373632	0.220395458197479	0.221912844493407
2026-02-11	0.226944984705463	0.227473697277972	0.226953098665836	0.224628219350729	0.235064923141842	0.234103135175394	0.233509923918654	0.23632201776411	0.240328460525398	0.242106802044937	0.24295711449974	0.242607622929925	0.244072936777195	0.243154842896897	0.245194743378076	0.244577476947832	0.243893439449871	0.23901182389553	0.244894883079413	0.245199853575186	0.240434788789264	0.242359166967056	0.243566199709864	0.241639844533816	0.242163987134497	0.240687349851247	0.242858143891772	0.241290519122484	0.239890107087648	0.237665438628466	0.238380534269954	0.237063920013932	0.237273753109144	0.239388343548126	0.239084694753057	0.236253208589672	0.240493852734167	0.244060668613479	0.243281584800137	0.244163893852216	0.24419263425354	0.2456627719741	0.243125098362157	0.242019495410203	0.240529913153378	0.240386023375779	0.241528116143703	0.24155594732714	0.236571590425261	0.232767472735143	0.233391163223566	0.23026977361603	0.22424955489679	0.224828556420389	0.226898128196481	0.22602376048634	0.21764427750949	0.215965392428461	0.21806834894701	0.217321981115039	0.200049282155161	0.200187849281868	0.199605645616159	0.197157222946812	0.162047429234517	0.161069852221684	0.159997640061531	0.160885078482268	0.131286180272957	0.13176372369581	0.130888630645063	0.13006146538617	0.113232394643732	0.114884211768005	0.115610872852169	0.115272520736094	0.107461669445791	0.109124272771249	0.108819203696198	0.109594854086762	0.0943491602255546	0.0959976579018451	0.103023110651855	0.0946300712207452	0.0893484516025738	0.0893361709446887	0.087839049197839	0.0894763282548985	0.0792611658551524	0.0798973462713152	0.0791904529431876	0.0786510349303448	0.0792448863284733	0.077122952373003	0.0777016636072325	0.0769304976912912
2026-02-12	0.0809791457850328	0.0796176352480423	0.0780411711154773	0.0843620478514476	0.0834229314326971	0.0831089755509846	0.083479902253687	0.0829881907626314	0.087962726245717	0.0879910492100454	0.0861200804287117	0.0879261441155259	0.0880091205037815	0.0900281677477057	0.0885445163750445	0.0884181953734683	0.0825456094032789	0.0805718189097372	0.0839247091433394	0.0819578625436445	0.0720815925473674	0.0758708377495898	0.0716890358778111	0.0713585338252317	0.0727358945159385	0.0750050859669373	0.0755163022888612	0.076742717228263	0.0691776844728996	0.0682226746166473	0.0713241938595777	0.0672754470508754	0.0743145359007507	0.0768970627497397	0.075229543815826	0.0755588575336836	0.147222763582037	0.147858340682705	0.147248672654186	0.148670223081073	0.216616207382657	0.215655655540925	0.210168794160508	0.21455934291591	0.237756876693469	0.236877416197587	0.239484533946135	0.237881173162809	0.247050736979605	0.246877972488014	0.246328185895157	0.247743104637224	0.246770576858429	0.247614314976647	0.248082648686735	0.24853245947819	0.245274841950608	0.246090587492218	0.24594122634255	0.246693344214624	0.24394967084814	0.246055367696311	0.245288192547361	0.243706768908188	0.245123657337255	0.244755652558158	0.248602535013102	0.247518155091486	0.248798993864153	0.248635176020735	0.247758687600292	0.24580714251482	0.246422851047348	0.244771673070855	0.249911254121246	0.246894221760551	0.241343791150444	0.241894530878314	0.244253459907894	0.244508218063348	0.232802461330447	0.229530594999408	0.230760421325795	0.230906522344349	0.212442318118826	0.207440607197669	0.213114038239303	0.213003036444202	0.187852015769129	0.185692637154091	0.188694542014116	0.187760805062663	0.166759310921683	0.166933428220229	0.166788144295519	0.16851911656257
2026-02-13	0.147943026369953	0.150221844551253	0.147073775408117	0.147761353670677	0.132040200126233	0.129947441122373	0.131115025667467	0.129897333083927	0.11069440987342	0.110470799903229	0.110367355743172	0.110467434480179	0.0865515643856275	0.0881311121651977	0.0869477801377768	0.087369543311398	0.0707235951619549	0.0698923281389008	0.0684609290468556	0.0679231476522887	0.0536276167361234	0.0550332092220511	0.0546619257743231	0.0546772482675024	0.0355692679580905	0.0385967211231627	0.0360031248631426	0.0348308860556043	0.022995621361379	0.0241900675186142	0.022795484407213	0.0240188267127938	0.0128991479867234	0.0124700118462092	0.0139652007452095	0.0136656394218579	0.0178533909128663	0.0205757140615282	0.0191265635096358	0.0194443315159697	0.0225162516669393	0.0212823645478637	0.0213956902743017	0.0228056935108953	0.0202915156137341	0.0199173597808599	0.0219875111173373	0.0208036134880687	0.0184775754790858	0.0200873733502295	0.0189642182362212	0.0184708329344635	0.0195391205857609	0.0181578078601236	0.0170764685340768	0.0182266030200387	0.0186166651828019	0.0188750259752639	0.0205280694917279	0.0199802393502064	0.0173647048727797	0.0181604512446239	0.0191941539971937	0.0222806898854027	0.0156995152339759	0.0145297122157162	0.0116377746279055	0.0181329979224024	0.0193011839332589	0.0162536438191915	0.0151123333856226	0.0163328388619269	0.0252339371754005	0.0221726851192928	0.0229263831276803	0.0236669945776265	0.031774587487631	0.0276840934117069	0.0296807817896593	0.0298605373110028	0.0304973106540467	0.0308167975014062	0.0302758406992617	0.0294100511452854	0.0328433356826894	0.0285788570664024	0.0282274461423948	0.0283503611085134	0.0292336955395376	0.0285605988334007	0.0291344063583672	0.0310712992686945	0.0308303034891644	0.0303243572328137	0.032801233700432	0.0300441055775898
2026-02-14	0.0416199599788671	0.0428563855110177	0.0442933935624783	0.0412302609476369	0.0663776048436824	0.0689715450267613	0.0657681429107898	0.0678827072187665	0.0859398498081925	0.0845593083218515	0.0867478347020446	0.0867530071679113	0.0838845314249889	0.0875154446836929	0.0860787932674459	0.0865212306238723	0.0772724375620034	0.0813725969234831	0.0772134404482464	0.0781415250662671	0.0728703205102421	0.0746057511501566	0.0736203339767126	0.0719035943628887	0.0717941384257008	0.0708830655154815	0.0711002919609139	0.0702225040979037	0.0622847781887662	0.0625356547238362	0.0617607733124552	0.0604187937749424	0.038092478443885	0.0377443414026372	0.0388085417518678	0.0383546384016099	0.022852232630339	0.0224585112077932	0.02515547366783	0.0205337824940379	0.0133613264064026	0.0143327510566173	0.0119550560406035	0.0153508664963766	0.00859792605762739	0.0069098966617009	0.00657564961292797	0.00891652766774374	0.00473775153236928	0.00338880705274265	0.00623083876379499	0.00564260265109308	0.00590851816408799	0.00768232335672768	0.00538181043450743	0.0070273480446769	0.0133696982909836	0.0119344540087345	0.0107570379261302	0.0119388097741517	0.0219543854655681	0.0210975804711718	0.022614708207356	0.023333325855904	0.0387185348637401	0.0387886968685583	0.0398611164975412	0.0396316517701604	0.0440272654183085	0.0450346875228302	0.045729800956001	0.0452082461028603	0.0382089909070613	0.0361741816027091	0.0380944270465601	0.0385224004436695	0.029287842966549	0.0301878421255841	0.0276383547876348	0.031885960120232	0.0220700870790833	0.0227440155408702	0.0212608986039169	0.0199249987761297	0.0162338170802638	0.0148356434260933	0.0168070348523197	0.0181235046413232	0.0180387039398515	0.0161000157482809	0.0162473879616864	0.0176138923501812	0.0273019643253586	0.0229203622691339	0.0257890953583473	0.0249885780471602
2026-02-15	0.0298291758615519	0.0299849246570816	0.0298230436768239	0.0303628558045426	0.0329246319101933	0.0330179581718257	0.0321767451018131	0.0348806648161679	0.0370398171633938	0.035876598763695	0.0337684537083618	0.0363151303645493	0.0407956940410567	0.0404031747747086	0.0399270304237154	0.0408741007605193	0.0458149394181134	0.0424548170524976	0.0466762334053711	0.0460540101240179	0.0512082437854595	0.0509192944941688	0.0489149315423929	0.0509575301779787	0.0573763648255877	0.058517469224528	0.0558463533894299	0.0572598125604545	0.0609396053430031	0.0606245108194325	0.0612696370829058	0.0601662467546586	0.0521026883744605	0.0475040303218429	0.0505746880234759	0.0508185932802207	0.0568371465844322	0.053254096219316	0.0540367559486455	0.0558720012476063	0.0600045945797853	0.0593378237269824	0.0615024914159698	0.0601550902772625	0.0623951275504822	0.0644073419736523	0.0640106730267278	0.0631868574491376	0.0652258513952508	0.0662553333685671	0.0624691299945516	0.0650496852416305	0.0658636089367275	0.0652223368986414	0.0631229448981065	0.0647911092665245	0.0681286501838909	0.0673782455985164	0.0654890000600543	0.0680041041575384	0.076057021718066	0.0768117571839676	0.0745567200541684	0.074574501043798	0.0834410738119395	0.0850228638300052	0.0847645734394517	0.0847714889186035	0.0927280457339882	0.0912593388459323	0.0928152767693961	0.0901973386506835	0.0775885048032496	0.0772154855579673	0.0778321809913817	0.0763638286474014	0.051166752643956	0.0484541720042208	0.049109986058728	0.0472690892930952	0.0307693268220066	0.0312771332371342	0.0296589226179914	0.0302946173228678	0.0293173732056386	0.0299507594127139	0.0288032616047716	0.0299286057768759	0.032159833202984	0.0320658656271694	0.0367824121382404	0.0319918890316062	0.0269244953068897	0.026397482186496	0.0235878190178513	0.025090203488763
2026-02-16	0.0192810639003678	0.0155428885080035	0.0168147571794897	0.0193612904121389	0.0173471616046458	0.0159054948852402	0.0155592844613976	0.0151880590487164	0.0176125205301607	0.0211405987971171	0.0206781634896532	0.017568717183069	0.0287022401107722	0.0283475283977859	0.0283860357397334	0.0285641957517085	0.0446765225031489	0.0415265188743724	0.0427990165374048	0.0449979420850739	0.0638255423013146	0.0630962472960691	0.0628381260882441	0.0632400843143722	0.0782573386298701	0.0763129883020603	0.0762405013467468	0.0751891717213228	0.0798464633958994	0.0783115614428905	0.0789544797581648	0.0828874954030452	0.0861562083441096	0.0884910104954038	0.0895619188639033	0.0877908622965833	0.0934624047904984	0.0928117924443127	0.0916641873260883	0.0910616154391006	0.0858546196844924	0.0839929780493115	0.0804671696619679	0.0836852326042282	0.0741339778656239	0.0750602424865936	0.0723452212827711	0.0734605583650113	0.0632468570058888	0.0629003588849203	0.0635850793676498	0.0642677047415411	0.0563798779290173	0.0537844059013119	0.0561001313893303	0.0547355847803405	0.0496797022294417	0.0476085740155057	0.050856432114812	0.0528552916402407	0.0403812654324573	0.038923849229879	0.041756544191269	0.0379383411463948	0.0266369406793801	0.0273752511838622	0.0272647518661179	0.0277230562706398	0.0218140918153931	0.0233971985130383	0.0222850947069513	0.0235036149646173	0.0232884495535474	0.0237144770944761	0.0238247568461566	0.0211723165058199	0.0351595385821859	0.0348822100468157	0.0359108357030571	0.0330474156679413	0.056746794863952	0.0577981002884225	0.0538421284965646	0.0516129763510609	0.074891220486146	0.0762176005459072	0.0761785331134964	0.0747126458544504	0.0913339507528912	0.0898777503271507	0.0908858598481855	0.0909024390717726	0.0990690964797464	0.0980046995060509	0.0987707223311402	0.0991554816830626
2026-02-17	0.0987998742760043	0.100874132409012	0.0984841227486333	0.0988418705663503	0.0953576066871779	0.0948234250452382	0.0940723494598795	0.0947466188077045	0.0895068499945973	0.0925601314421935	0.0905338709241632	0.089399147639046	0.0929435258597816	0.0927606561661855	0.0940572857361748	0.0942385322378581	0.105524522111669	0.107222920483902	0.105486243984613	0.106766313419816	0.122860943495107	0.122565846835899	0.122876392570101	0.125696817098893	0.130603751352023	0.131125546549635	0.129152202156612	0.130118499941731	0.126335099456228	0.126500570783328	0.127062946582474	0.12710138317797	0.132158510929407	0.12942355245017	0.128877259668401	0.130540676952022	0.12966214404778	0.128008833129809	0.126434079276306	0.129894943546106	0.109397185267006	0.11015079810291	0.109816453407439	0.108635563222645	0.0836799163574161	0.0835647623478484	0.0838333544604048	0.0829219668343307	0.0608063435019536	0.0638031843873728	0.0612469145265434	0.0631435575841302	0.0474912541539617	0.0484439611929052	0.0486794292621919	0.0473853553909412	0.0397020691136684	0.0393482578952666	0.0371542184685708	0.0387954545224941	0.0391392808060589	0.0432314101693281	0.0422548501918571	0.0443744588327559	0.0557560575289164	0.0575140439110016	0.0552971059015806	0.0544327926585014	0.0632586674633144	0.0667340648486138	0.0646405266767861	0.0653667410112857	0.0566605205994193	0.0591764650933654	0.0579857681373334	0.0601772461698818	0.050006363000494	0.0501385061291493	0.0523059906338024	0.0495491402365543	0.0466134620320226	0.0485314110900924	0.0465039655999319	0.0493511612779532	0.0423770368513419	0.0426639703815933	0.0419028508773053	0.0400561418897596	0.0415175466418553	0.0410710681532221	0.0420857611467543	0.0403256240581684	0.0535945490846732	0.054907444524436	0.0575146272741741	0.0529833791167167
2026-02-18	0.0760650546075103	0.0758818904583671	0.0761358362483157	0.0739172186858069	0.0914840484097479	0.0923808129697189	0.0925795042142861	0.0935556344062472	0.103647618063872	0.104088922338376	0.103071915621691	0.105191543976061	0.122450828611176	0.123636365076161	0.120709071120395	0.124203735192267	0.119935498688092	0.119757117072163	0.119193559293712	0.120113824946033	0.117258369067109	0.115171168264001	0.118143674845268	0.117426787823621	0.118994724020647	0.118122446868167	0.120548289459388	0.119334539651799	0.102426962633172	0.0988520420115933	0.100470954242847	0.100250041112388	0.0778877828770658	0.0790107918240286	0.0768121177308838	0.0772893075680218	0.078463636087546	0.0782542458297204	0.0784643261917833	0.0788177918909502	0.0737472399081801	0.0733633767305513	0.073640862348036	0.0732485210132326	0.0605305924110774	0.0621332145106736	0.0619881815018383	0.0623480115764107	0.0517563464835588	0.0542656991083793	0.0511475610106005	0.0518303933974615	0.0488402932439524	0.0479282436409216	0.0488133381632365	0.0474181249518894	0.049208148570658	0.0507288404290427	0.0495469113472556	0.0495160996530438	0.0509483501751451	0.0526821402367612	0.0507603543637021	0.0496091552243915	0.0549968969135869	0.0539015274707834	0.0557791155209997	0.0533224600946299	0.0674418505507023	0.0681199114119408	0.066852594241132	0.0685856437962249	0.0767511225714333	0.0791380511128082	0.0771482563092684	0.0789625700064901	0.0779401826072424	0.0795142307261725	0.0795921942787924	0.0789533923877926	0.0714373414674984	0.068717934259934	0.068903611622848	0.0689411126497196	0.0545945381278912	0.0553206499177107	0.0543698614512812	0.0557149505031168	0.0351217245261237	0.0393148735164433	0.0360089925245345	0.0385544094328985	0.0249527230450961	0.0256265857174673	0.0257382016578687	0.0266824895795679
2026-02-19	0.0229609171168079	0.0267281002138249	0.0284431696634933	0.0268678130058738	0.0344938696362701	0.033180975035532	0.0355254559890532	0.0387996993391446	0.0476882752755053	0.0489184304187517	0.0477887550395501	0.0486045392661928	0.0634439670100246	0.0669526973504052	0.067545023267741	0.0660583123718292	0.0785964763649925	0.0776091105872938	0.0783538979201093	0.0764405151276045	0.0822133964490386	0.0813953417203465	0.0792434584549514	0.0821478033756635	0.0806865447323561	0.0823952919508072	0.0819184652276102	0.0809996980892264	0.0716549072882661	0.0746277814074927	0.0754553249064262	0.0732619863978149	0.0446737719882532	0.0491142979818065	0.0494003331964731	0.0488115968334672	0.0214995256514471	0.0241119785545796	0.0244001254328032	0.0239883703611701	0.0114401944488024	0.00905660806081522	0.00851481545725511	0.00798838203312722	0.00629437120337641	0.00715462655472998	0.00850075495527656	0.00305024728661705	0.00671722260748658	0.0065159854847186	0.0079518562200965	0.00781493568769832	0.00876071032118282	0.0108622817557008	0.00936706206702021	0.00800994585609618	0.0128977211312703	0.0121353292057073	0.0113960686140389	0.0125708810489835	0.0167230827757958	0.0161976257099969	0.018445845249297	0.0156334462649103	0.0236125122935989	0.02474913206864	0.0269664673509671	0.025671888286794	0.036344207746842	0.0361915750927933	0.0353479589274227	0.036116258232942	0.0355366932567074	0.0361838831327401	0.0343703512677262	0.0369090723428262	0.0299420759100677	0.0280441467623035	0.0298834900513993	0.0291302872762296	0.0246952871145414	0.0261251046798624	0.0249151600271699	0.0252644481784263	0.0306886756519947	0.025796008326009	0.0310386782228963	0.0304766377990999	0.049740646152474	0.0518481405623751	0.0495665818059889	0.0498446314791621	0.0947659642674845	0.0989384934093857	0.0965524242962916	0.0957431180268382
2026-02-20	0.136173558148526	0.138104708159491	0.137340506243572	0.138381227448411	0.163011330780643	0.162514479792023	0.163594476978105	0.166879712449228	0.177248766684194	0.179599436029449	0.177981776805661	0.177170020480696	0.187274346769499	0.188782909394335	0.18857758046235	0.188365163373816	0.190858897873667	0.188473218533983	0.191155747186195	0.190512136406154	0.182260421782268	0.180622413896934	0.182506501498186	0.180610662822611	0.168503943570758	0.164522302458185	0.167233838286309	0.167739915684749	0.148137616349653	0.147878333566998	0.147876255401459	0.150107794681891	0.110359133426123	0.113334970132104	0.112149047495017	0.111156848946757	0.0692194647284863	0.0699726527452287	0.0691233307741318	0.0696845517521531	0.0340018324061957	0.034294247362358	0.0322775193740086	0.0354264008574378	0.0190294324600586	0.0129422306819035	0.0145098849099821	0.0125184519480558	0.00785925030827436	0.00680292579544868	0.00604435474490184	0.00629346915137512	0.00429215677050228	0.00505760796534142	0.00584415082320681	0.00580608444094949	0.00557587674645197	0.00792380228650735	0.00542309438069488	0.0060772265863458	0.0179225305179174	0.0164910481574916	0.0145450727302309	0.0180413485943601	0.0262124062595233	0.0249223259267071	0.0289918657461685	0.0258734020676012	0.0546424277175264	0.0543224889494443	0.0554882790515441	0.0555468042814851	0.0690424731647343	0.0712966016693483	0.068814864804825	0.0678460603610925	0.0730425380025361	0.0749327105245845	0.0724795442823608	0.0725452071905186	0.0727793934822623	0.0707123427436691	0.0730852982467903	0.0724229655272783	0.0720214367118432	0.0709798859334388	0.0715407470828409	0.0684579302718771	0.0661775720751385	0.0670362038353415	0.0670042430107048	0.0687819810788153	0.0616964065708325	0.0601067864962008	0.0599089394392968	0.0622878674936699
2026-02-21	0.058431231856373	0.058516170524801	0.0608562376577599	0.0611963599610662	0.0760746316243916	0.0758848457200083	0.0755328147703763	0.0775077078852237	0.0968443495986174	0.0969979904618068	0.0960576482749468	0.0961000116646289	0.0946589702047258	0.095550290711784	0.0927190382878557	0.0930717007956345	0.0635973367924446	0.0640292077633184	0.0632440274326272	0.0641294280116098	0.0354156495752589	0.0378985651505688	0.0346223629832525	0.0330634222909199	0.0186233980686188	0.0210845390235416	0.0223550957463716	0.020936967161468	0.0204801200349523	0.0203911727460888	0.0198551246353336	0.0192735825836252	0.0338222177570196	0.0320923249414329	0.0332029534795762	0.0338825038219712	0.0414033215256891	0.0409844703109663	0.0417835132642765	0.0428286948990681	0.0317849395012979	0.0346621588911853	0.0328119292876733	0.0337409723198435	0.0258586931957056	0.0264699308741931	0.0297118419461773	0.029959533983924	0.0311277052378315	0.0301109865648917	0.0303279644605776	0.0274333437366993	0.037851473079435	0.0349336588712018	0.0380781814741696	0.0371366865751937	0.0441219991879199	0.044647648752473	0.0458623580677408	0.0433679939918664	0.0525206936782008	0.0553181404603653	0.0546691359428368	0.0534920299185971	0.0645826416728741	0.0651683890338479	0.0669813436384549	0.0672676256548232	0.089508920543382	0.0895726332051641	0.0884882980534368	0.089430148198017	0.0936893258823576	0.0933258799818606	0.095339235669666	0.0966455584661157	0.0748752017772822	0.0760552090788985	0.0752615120375746	0.0808080771062447	0.0434804064768289	0.0425175999501935	0.0418549117430371	0.0441470818299405	0.0331843795778375	0.0293977558644616	0.0309173629555329	0.0295005016021679	0.0293289498518719	0.0270352582775905	0.0267593775700939	0.0268764143004437	0.0248994418345409	0.0251654844719442	0.0236387248105848	0.0242963488829302
2026-02-22	0.021117626259293	0.019117050427602	0.0205172485157784	0.0182480747973266	0.0163336236335075	0.0165264011222697	0.0164637456433029	0.0156762296009199	0.0130148609876132	0.0131745795983841	0.0133720760337029	0.0164384833802998	0.0142780827174158	0.0132672550440411	0.0142832841663209	0.0131713780722222	0.0162094377116264	0.0134942119501644	0.0134455695179743	0.0148507808202348	0.0198381482451013	0.0188849175019437	0.0217638352632686	0.0185130989896864	0.0226764189480322	0.0248904065255325	0.0250035250000735	0.0244296495263618	0.0242351757010062	0.0234692215659963	0.0234074233062475	0.02888817942675	0.0282731712467215	0.0279442203799465	0.0289649067534853	0.0268177016198466	0.0591285126072392	0.0590839583544697	0.0597861917110149	0.0580013373272762	0.0768665322791379	0.0753501617426468	0.0765231941975887	0.0762601117806266	0.0860400313148538	0.0882836237298905	0.0869423601548212	0.0877339848004346	0.100973340133812	0.100743728889442	0.100417453808614	0.101865477168132	0.103063657381435	0.100253324305556	0.104184565895996	0.102498452417013	0.102499244463911	0.10479976871153	0.103650164478942	0.102050822345617	0.0949219210959604	0.0945903180299323	0.0931632127303141	0.0963245481437932	0.0867238466590735	0.0902778804955319	0.0854336588734479	0.0875646139719466	0.13977674632948	0.14048231098445	0.141438542849787	0.140302399836283	0.188414232943352	0.187224330101439	0.189254084573046	0.188107352382163	0.204200697427316	0.202386962985212	0.204573146674145	0.203839192913327	0.213026264421433	0.211851433363894	0.211393200433092	0.212729101781581	0.226341042473857	0.225859265887411	0.22611788393243	0.227681807706302	0.230106476280489	0.22860685131694	0.230023069506735	0.223263602895836	0.229045591049224	0.228252479241599	0.22763634832241	0.228065581386768
2026-02-23	0.224221814220995	0.22757893917369	0.226074778247469	0.224124468357845	0.213049792321081	0.2112637049528	0.217022745959091	0.214663756767028	0.19989489283571	0.200107985412513	0.201842622177032	0.198154499574745	0.19057016930478	0.189318877247735	0.191080315166956	0.190030638280529	0.184945939683655	0.182761819255082	0.183480736417751	0.182811504643512	0.180074458598279	0.17947139244853	0.178728257761424	0.179725891191766	0.18476397705113	0.185830939191746	0.187018129115283	0.186386954641841	0.198548161613515	0.196349966256743	0.196853132726756	0.197248739402986	0.227887252223299	0.228989259748582	0.228501916911737	0.230621571116383	0.2373184818103	0.238181160929751	0.23670736346206	0.237792993797888	0.237823719351792	0.235708779384516	0.234780731518539	0.235686769745154	0.230973564835172	0.232895464663016	0.230497398208424	0.233633572293387	0.232312037162125	0.228472653545769	0.227875717480336	0.231339591811771	0.223981734596057	0.229589020332694	0.229669116827087	0.229760128244163	0.223832301497734	0.220802062556746	0.225025004126395	0.224340631819125	0.215085207103359	0.214054223706882	0.214740134105832	0.213120435083927	0.193317804145989	0.193202991551231	0.194530906957012	0.193948297345768	0.176182974101061	0.17522245725245	0.174380793209363	0.174213775437126	0.171857136843168	0.170989057978494	0.173080430295495	0.171073374882843	0.178315410627896	0.179983178112642	0.177976882021839	0.178724529237623	0.185017657238499	0.183186578465634	0.183337078747898	0.185458685547968	0.186731520976868	0.189506961800066	0.187203317814418	0.184558199408648	0.168551454392552	0.169977536103879	0.1696627086235	0.170808300880069	0.166539969603975	0.163686152882062	0.166540492256338	0.166233385257625
2026-02-24	0.172255323679593	0.172166221460092	0.173070700757094	0.17250775410322	0.183365714498214	0.18158397022449	0.182141247379336	0.183909067897959	0.191029108677291	0.192444490216181	0.194225102009491	0.191301299097037	0.193291840267041	0.192555409371863	0.191411834769901	0.191740915591194	0.192150743956443	0.193142138985144	0.195934138666037	0.192772978392376	0.202462573884512	0.199827730910216	0.199179123481286	0.201530571723985	0.195688963858763	0.192802960622198	0.193738274272314	0.192769801246726	0.185116751415374	0.184356012322592	0.18451116353092	0.185016072731113	0.209445189355401	0.2093048906953	0.208431398744673	0.209818521204626	0.20679027865064	0.204324592438707	0.206750920584846	0.209134208325806	0.209879958473345	0.21051439072465	0.210173047395216	0.208432603406788	0.215847728995161	0.216099034179404	0.214901859547033	0.215151377278401	0.216860580248823	0.218218521742941	0.217842201939721	0.219078696068515	0.224060637938797	0.221727622434797	0.222721080875233	0.223490658751173	0.227000530851324	0.2254081834565	0.226235915143325	0.228355370548851	0.226346191816818	0.226099497664624	0.226236988030026	0.226317322488532	0.22254744059093	0.222207610701779	0.220667561602055	0.215577387105237	0.212509825671977	0.207874941978402	0.20704315841088	0.20857207393874	0.193212620901749	0.192092242150008	0.193606896978796	0.193088239969448	0.17754269918253	0.177673517198406	0.174244513696657	0.175539269922407	0.148091200999109	0.147924487055263	0.142368226457669	0.14761608548796	0.12574766305859	0.125928264246751	0.126976483578582	0.126347589116078	0.109031291091997	0.109867503299408	0.10653317406442	0.108568031544175	0.0931110039987764	0.0952176926908047	0.0934434655773514	0.0932278377330675
2026-02-25	0.0960849692908896	0.0935945988405165	0.0955958903450432	0.0957245415235507	0.0948251052275747	0.0955074240993528	0.0967264134941394	0.0959410571789332	0.108944642694525	0.108379293669894	0.107277789519953	0.108398274115628	0.0976693375185335	0.0973146339241886	0.0979420627652618	0.100073965792016	0.0748113083310186	0.0761554686901773	0.0768296127505495	0.0772036102282545	0.0621854208757775	0.0621183461136062	0.0645375299239512	0.0621587030866651	0.0591248590703758	0.0593589166362345	0.0590234439088863	0.0624927803845034	0.0720014583679254	0.070078392086222	0.0719202971385089	0.0709998524073437	0.0797720878879247	0.08161268162237	0.0805995126208353	0.08001571786887	0.0897289027957236	0.0895761519381375	0.0884070372796522	0.0872879079864867	0.0962101225796759	0.0966759253053127	0.094835693903529	0.0992782582114825	0.119948866759833	0.116600904402202	0.117680690734364	0.120769538103602	0.138561241455407	0.137509890674003	0.138184384952768	0.137744482917822	0.138849984098882	0.138155725345866	0.139230995745474	0.139763294809778	0.132727519936892	0.132970344234479	0.134416214046873	0.134885921781756	0.133873194022848	0.134714155200543	0.136581705241649	0.13083094553496	0.14672933411898	0.147270778686098	0.146835356588804	0.149164530606118	0.170228261865969	0.169760304414504	0.165420146172486	0.16959128754704	0.186199574060936	0.186843690442285	0.185763706989655	0.185193028507124	0.19629566798356	0.198597961175239	0.197504414244089	0.194601956597111	0.196610147759898	0.196905741739164	0.195412877320043	0.199071233180895	0.204794256398627	0.202695795488067	0.202145280586016	0.20336466752729	0.211111700488472	0.209345003979458	0.210163085038453	0.209380210493617	0.214612350966911	0.213779672964959	0.212305180653437	0.211302795414692
2026-02-26	0.214471350988336	0.216589667536561	0.21605628044249	0.214882701032613	0.21520138962821	0.215022799966617	0.216997592535381	0.214778217869792	0.218942844914331	0.21652685072804	0.215618492169655	0.216911812187975	0.198806988484998	0.202647945985912	0.202348768153205	0.205196297375885	0.192502072956712	0.191883933526678	0.193237036351081	0.190376957165528	0.180197208060888	0.181735701896283	0.179516783690236	0.180550306352593	0.166923713421225	0.166647796560944	0.16888465811382	0.165543831904012	0.137799944273984	0.136436800169337	0.137957202296046	0.137806053260633	0.133526168856086	0.136546393011496	0.133665978136217	0.1352614599962	0.178212696562867	0.17875403492165	0.177647377636493	0.17838589087899	0.176714508691866	0.177884857081801	0.177965058472062	0.178435575754271	0.175298119966645	0.172413167332516	0.174631815509342	0.174656897191497	0.173065447770373	0.17104115895701	0.168459845956625	0.172433547315992	0.16703430892131	0.164777102336226	0.164914029598036	0.165274559144427	0.161406516458362	0.164589148799499	0.165817841515232	0.164186493226908	0.170856157076905	0.171537762856974	0.170408623106704	0.172197456959417	0.180709404759583	0.178761310758026	0.179906403824876	0.180622880657515	0.195957366796341	0.196853642730265	0.195294806190307	0.195894184283088	0.213205698701727	0.21423781993928	0.214192664186888	0.212363817172104	0.220573234178105	0.221260925576645	0.223967909012585	0.223197931232665	0.230203784452199	0.231103032407676	0.23070149840773	0.230991684732396	0.236492682745152	0.233715544535687	0.235955773570375	0.237835999148785	0.237946439316106	0.238021376578182	0.237907726034961	0.238124458070751	0.235031851383965	0.234372243602544	0.234572923113303	0.239022981900188
2026-02-27	0.230406427551059	0.230739582756554	0.23149592916902	0.232358060523367	0.220094263345747	0.220980301976726	0.219950527768743	0.221974906908783	0.205700086378681	0.208151338767868	0.205963219901283	0.206185354952168	0.199814355138664	0.198014875535863	0.198791702223065	0.201379067102408	0.206243895080583	0.203080637436635	0.204108693098735	0.204566774384047	0.21073060585309	0.208495335032306	0.211837990763789	0.210936068350815	0.213439523091517	0.213770481913791	0.213025122645807	0.214764872348885	0.212307220929518	0.210230781228245	0.20943801455956	0.211023983282677	0.212064627213585	0.211174017710102	0.210008905069984	0.210752450006329	0.203227892328295	0.202948567989544	0.198914019781723	0.202909519900438	0.182489146281873	0.180132502423885	0.180789240411535	0.179589110882708	0.157322244583113	0.156868396162191	0.157566716712366	0.15224264254233	0.141514425926497	0.144184744570145	0.144517117802889	0.145783711700468	0.150922441104696	0.149055747610217	0.149008592170987	0.149013219114101	0.167360197662073	0.163798549972032	0.166529323494471	0.165311928871423	0.199420373527489	0.202347521611577	0.198594026782741	0.198638078078193	0.22518865982077	0.229167301877822	0.227779140148108	0.2268648981533	0.236645150770948	0.236468938328028	0.236059178302677	0.236826732598346	0.240115554499952	0.239279170590647	0.241185390467218	0.239419884442183	0.237565286162585	0.237674436261535	0.237980041723011	0.236780235852869	0.231897705091239	0.234995037795748	0.235502984790344	0.233604272322669	0.233226086320247	0.231896049152229	0.232762000726575	0.234115863800949	0.234155787950101	0.23576393064031	0.230043451396989	0.2350368300126	0.234872613674979	0.234220065310045	0.235095139656604	0.237812181358372
2026-02-28	0.233254122455546	0.234953553149522	0.238899982666068	0.233892341728863	0.230387818142158	0.231201929609165	0.231695010313497	0.22971524193518	0.228119061499403	0.230459911913371	0.23045003491039	0.228970991676835	0.226740537056621	0.226747593285993	0.227297659624287	0.228214210033099	0.222826374193054	0.221317811454385	0.225632946027932	0.222222868324629	0.218468025214217	0.218448498054708	0.219651555466403	0.218431921264672	0.214106355492892	0.213869521878251	0.214170773255834	0.212853349373024	0.208520572021992	0.206269507839177	0.20574317808216	0.207466742056671	0.206486396453076	0.207557247879207	0.208251892016961	0.207704463650755	0.202861600385057	0.202916387277378	0.205187594884999	0.205034417452566	0.195246960401108	0.194785789248698	0.19250722334507	0.194460027005125	0.181690151779803	0.177156033293802	0.183450762229641	0.181703052696754	0.163860306417422	0.165989092101118	0.163836679363125	0.164313922118334	0.148365865559405	0.148593387160825	0.149404416105781	0.146636331173989	0.13505759407064	0.137513038609755	0.135826796435453	0.135602570884152	0.12501568037312	0.122945566216525	0.125250205709003	0.124788547701352	0.115555026044961	0.115603801964959	0.114972458172055	0.110868713818026	0.127322079811557	0.128135098236811	0.127674086088422	0.12686873586321	0.145437477140979	0.145500601620069	0.145965752166701	0.150096169072251	0.147399068449251	0.150563559329871	0.1497088992675	0.153328472953378	0.15117068716897	0.148990671053138	0.149563732339283	0.149274909438609	0.156672667847882	0.156472011901204	0.157818861271969	0.157036458978945	0.162754426753499	0.163176597436763	0.163322805301612	0.164746170508126	0.246740019327031	0.24977929944624	0.246512611986004	0.247968069240725
2026-03-01	0.248524583275093	0.246856611095705	0.247684631924148	0.247934173705054	0.247395609530635	0.247381410371863	0.246869562043492	0.24735341805401	0.246243118115698	0.243703525499555	0.244328352548819	0.244725003835928	0.238803684051086	0.238912836618185	0.241077634524575	0.239205844806154	0.235124261212892	0.237882237358579	0.236219481373978	0.235774020054551	0.239898064012341	0.236649977206947	0.238291963791052	0.23615999498966	0.241032095144597	0.239464887803665	0.240755978367875	0.238747038683863	0.239691773012242	0.239138198964372	0.240052221366766	0.239117806656619	0.241925746178962	0.245150622958027	0.241999788485865	0.239923842377146	0.241380762374415	0.241402462777348	0.240946674856274	0.241270099991964	0.235532050553203	0.236998743311056	0.233908442618561	0.235560763517179	0.229676607504056	0.227166808730061	0.226452468912103	0.22570411485378	0.220410944939147	0.216921879475298	0.217195622662359	0.218471552923197	0.207990055800093	0.209008886912979	0.207887446228292	0.209113611058636	0.202132224308407	0.202040819829472	0.20294146669589	0.201885489166232	0.195260413034527	0.194079699557094	0.194259579612868	0.193400307795512	0.164537378701205	0.166156897808311	0.164029251997252	0.166276471493232	0.121011957261895	0.120602587876765	0.120987789256576	0.121397665604765	0.0990698731835598	0.0982438145070396	0.0983323551761962	0.0993539571332045	0.108591330272709	0.108289746808534	0.103538839278033	0.108580083640724	0.126208153458703	0.128830349226261	0.127648563837141	0.126312933477895	0.128484966394368	0.129291825362174	0.128581356138378	0.12964185210508	0.107303566264472	0.106120575375584	0.107802663714499	0.107773194645446	0.0801273451755068	0.0815163483264046	0.0800724655467861	0.0782838409513026
2026-03-02	0.0611318255408433	0.0603064095772108	0.0624018858872968	0.0611598789946491	0.0550946543835084	0.0546077440117019	0.0552665694035556	0.0540310322012341	0.0588261864195776	0.0580608972375108	0.0575716639345945	0.0585412524083171	0.0603776373048925	0.0621423027976435	0.05986933797988	0.061610721917584	0.0509150489111775	0.0524817791471639	0.0524231314376519	0.0501800405040067	0.0420638723251516	0.04285332637585	0.0399459450978118	0.0431368562011866	0.0361420144939388	0.0358276848782852	0.0394140932133782	0.0376162074143978	0.0314630840073237	0.0325395813527942	0.0315866892632313	0.0284106453766508	0.080523200314742	0.0804013307091541	0.0802162354969361	0.0788592334791678	0.108101264014406	0.110718599866537	0.106822718114332	0.107357418004725	0.100713251824803	0.0980809420127638	0.101262848113633	0.1009429580488	0.110735132100856	0.112367171812521	0.112549027242876	0.111348668843747	0.134451660727567	0.13426752475243	0.134311136357058	0.133969678162946	0.159423910309251	0.157543035771004	0.15660119488156	0.157431859038185	0.174985005202529	0.173716753474312	0.174291866441497	0.178006374881662	0.174385028017306	0.175456056645658	0.174256745530787	0.17290216980625	0.165863436420403	0.167744232390801	0.166153486636505	0.168238844552292	0.18926548892637	0.189023567947692	0.189541680335545	0.183169262790393	0.209249318194178	0.207841549370026	0.2085164800908	0.209392652344996	0.214514468858492	0.215477370919785	0.217969906852742	0.214038253368981	0.210676108277561	0.212614458145229	0.210701742430459	0.211007691146751	0.199237500145774	0.20147218755106	0.202386375118661	0.196903937184505	0.190987786195363	0.192421373307062	0.18986995428176	0.191720886215815	0.202980582948244	0.202552041163388	0.202621965749834	0.200845410138534
2026-03-03	0.216910131010702	0.220261099991597	0.218605955640276	0.220222813357426	0.230192213022054	0.2318751801158	0.23145358300238	0.234479023859766	0.242352194353504	0.241430440910903	0.239779461770027	0.238437902965567	0.246803176165386	0.244594997781956	0.245159731658056	0.245442094394601	0.243369544043046	0.246507457055241	0.246866908817772	0.246256090083941	0.243624628311146	0.2442017048427	0.245167063269661	0.246006603576493	0.244826274488401	0.245810153229056	0.245470179562295	0.244893392720248	0.246256170009534	0.246106187673832	0.245582457600746	0.246055184715888	0.243296318313716	0.248828496009981	0.24764008573468	0.249235099941624	0.247614199178197	0.248146342184944	0.248054151667004	0.246185306969856	0.247101239874465	0.247375807856239	0.247216948594313	0.248306003674983	0.246359640267162	0.248032118231512	0.247445275847151	0.247162965654174	0.247078775271312	0.246508201868999	0.2469980198975	0.24741500296219	0.24618687269691	0.248946123571466	0.247189201720044	0.24667780201158	0.246680732376362	0.248975529104246	0.247047798650991	0.248295939868401	0.248928691361115	0.247527428140188	0.247751349532464	0.246792530966234	0.250936896711813	0.247715196149413	0.246205656386158	0.246142250752616	0.245581674215516	0.24863582039404	0.246461796203515	0.247320709186929	0.244782071876356	0.245196220756529	0.244148318336872	0.245873389030243	0.242370048997913	0.243397784261401	0.240794173769266	0.243437992971421	0.23884890851734	0.241374833848416	0.238045277367006	0.240730980267239	0.236009154185929	0.235928769463377	0.234451005552832	0.236611070797861	0.231753380899049	0.233846316332051	0.231872322878404	0.231527979890496	0.230026949797322	0.225456225423286	0.227011860228351	0.228504964551041
2026-03-04	0.226070688660764	0.222517895488252	0.22263579070235	0.221775625148633	0.21801575925935	0.217356059427977	0.21832294863315	0.218305232679523	0.217227473115495	0.213892257053275	0.216907496403692	0.214972773427537	0.209235464099905	0.208835051631405	0.20850107851906	0.20942840574963	0.198276939631175	0.19619041004657	0.198198913333393	0.199333736988863	0.185315651903195	0.186209997679165	0.183119959349973	0.185354391067667	0.175276001342344	0.170314706928206	0.170314040256926	0.174095251472524	0.151931827969391	0.15619593665202	0.154766914151409	0.15510532122718	0.152271381606282	0.153493803573909	0.152902208942026	0.151332605877783	0.154737219193728	0.157311382052838	0.156462347794217	0.156489050959217	0.152378934130448	0.151165840292738	0.152150590827165	0.148304634749649	0.140250159380324	0.141012050130341	0.142487360837141	0.142250429652194	0.136355416903732	0.136819706645027	0.139896287271785	0.137928589179456	0.132815968512817	0.132216583024645	0.131299298871953	0.132668149590585	0.130303135432374	0.130198358491313	0.128761233514297	0.126737272562017	0.114888175457795	0.115270229038141	0.113940418764832	0.112901176739233	0.104068276254605	0.103073693816919	0.105119779686381	0.105738250242096	0.113694805804745	0.111932490678518	0.112397409654351	0.109975293862386	0.119281847235849	0.116561025860904	0.117926037160414	0.117231089742833	0.127873625171686	0.126709949862319	0.127399842469036	0.128016582496959	0.13638493002694	0.140232574531354	0.138916220243511	0.141466275198195	0.150829955386686	0.150511505222926	0.149410324156964	0.152248215233424	0.17657102883349	0.177277236153235	0.17636818722312	0.176783547790156	0.196099041394193	0.198383602892982	0.199173104548594	0.197344251164232
2026-03-05	0.204070901823914	0.204554260441243	0.204888903750157	0.205485933984686	0.1963306170038	0.199281558744052	0.202651556876478	0.19773626737567	0.20407012120999	0.200160929067372	0.205029781360757	0.202739168361881	0.201410614195835	0.203243126517692	0.204264356152822	0.203081903133651	0.198369017157902	0.196977347117343	0.200482255177205	0.20117138054755	0.19396475291859	0.194892491219347	0.19312284057235	0.195019915289712	0.180467923896404	0.178787181909921	0.180955088757606	0.181789805436069	0.177182313568402	0.178267896006284	0.176452333697646	0.180097456727667	0.200991124761835	0.203613870313712	0.200613917268954	0.200781087655499	0.213738774751388	0.212005837423594	0.212442234531372	0.213813153293646	0.207700426848631	0.212595093585721	0.209207240321446	0.210497239244202	0.205802482036037	0.20614930981271	0.203582549765636	0.206465658385617	0.204818463638951	0.205943013323304	0.203686810722352	0.205551712315393	0.207814373799978	0.20724632111118	0.207769952220876	0.204169352867965	0.211140590932433	0.211161298646123	0.210862163876929	0.210835946544515	0.213212764135226	0.20988769868104	0.212303209035163	0.209596328148572	0.204561498824343	0.203588175872748	0.203651200774405	0.208199124528505	0.192163641410925	0.186904520621035	0.188890711679321	0.189041126288719	0.175540934647631	0.176157530742237	0.175224888440391	0.176076646169742	0.164470197963576	0.16515626503458	0.163958136152415	0.164415400849429	0.149495577975606	0.14821949710049	0.14770998277772	0.149574942146183	0.126208773786261	0.1288943919668	0.126414282935336	0.126482551311604	0.107483547577929	0.106332497347549	0.108830519712491	0.109353435362031	0.105824394329996	0.106265028013923	0.106409898960415	0.108500678695666
2026-03-06	0.110862140841413	0.110637371217824	0.113007107409468	0.112493380531295	0.112345229955692	0.110956645335989	0.111065473556969	0.109632651151349	0.106667314640073	0.104681044328261	0.10479826234264	0.102853378689026	0.0956045131448428	0.0964492777624615	0.0969104050971629	0.0960358039955328	0.0880477933418829	0.0892095762018125	0.0891814092300963	0.0885612212262084	0.0819800547903971	0.0855025775194068	0.0841910887530559	0.0813262789371403	0.075477858477802	0.0757034017412093	0.0764550556941423	0.0763636840868464	0.0533811382550984	0.0524872066476142	0.0519360870286175	0.0521955680686699	0.0399917409506151	0.0373822272879084	0.0391168414011817	0.0385091903602948	0.0318133041609905	0.0321152007924018	0.0346591136001729	0.0344123814464349	0.021342038930921	0.0222877917178922	0.0234506906659228	0.0239194786852641	0.0136715777714886	0.0173698375987223	0.014342624414591	0.0136159602151981	0.0118264492781364	0.0132068251523543	0.0142083321794379	0.0137583933900714	0.017143905135354	0.0141063575002369	0.0176074069586351	0.0191423304057739	0.0214327747619508	0.0233028642638551	0.0224567659259033	0.0248075950482908	0.0285913112371862	0.0284564500370021	0.0307776234677476	0.0301746152580641	0.0413916665083029	0.0398882429997958	0.0398356860549929	0.0398844044369084	0.0669627648113113	0.0642941162595553	0.0678059602200523	0.0669371587090811	0.0851295478944959	0.0838739671537528	0.0838133907741484	0.0841830941776029	0.080807023444945	0.0794347670671308	0.0786802832315901	0.0810779262563341	0.0688335248706232	0.0685267911226821	0.0671997554551479	0.0684399285515468	0.0566393675897682	0.0565535061681499	0.0542138093780724	0.0555933168640095	0.0487996465583538	0.0483772272914691	0.0477162786361654	0.0491068475140118	0.0468792849509156	0.047888856550088	0.0490036736618017	0.0482281848371947
2026-03-07	0.047673704512789	0.0509790405204775	0.0490159257542101	0.0533313292125233	0.0513805666485077	0.0522147763552529	0.0504306509965234	0.0529740059997159	0.0528168392149003	0.0531243144641035	0.0528821077782016	0.0541767385427946	0.0548916455049496	0.0532078097975263	0.0546402212464654	0.0552603234510588	0.0575415689177422	0.054079797426404	0.0577324611663789	0.0556461724894749	0.0574115946674647	0.0603933183028162	0.0597743484204285	0.0584207386092906	0.0597792700301812	0.059221203828495	0.0591070417335329	0.0598924844077909	0.0568619583279733	0.0601163487132653	0.0557760647485813	0.0582456282101801	0.0809178468990909	0.0814267492973873	0.0799442294028667	0.0807111744006552	0.0907192237693349	0.0910311373010369	0.0922186961915821	0.0930309427380461	0.0993107234290917	0.0981820537098285	0.100543414586541	0.0989638082745387	0.112216300595581	0.111581401950375	0.109627207140541	0.110575090313502	0.122317084983584	0.124124299374607	0.124386028256975	0.123172587384834	0.134915628422494	0.134012267022748	0.134708346244203	0.134363758310555	0.142237553031461	0.143386567795854	0.146585331037424	0.145790548135262	0.148720928621304	0.147344999084459	0.147179821402	0.147754250892236	0.138827264586074	0.137816543226707	0.138620942751901	0.135735249435318	0.108026329996721	0.108787026764963	0.108946864480643	0.106239778757673	0.0943162019131868	0.0949276256435286	0.0957031521166122	0.0940530203266723	0.0930028727810005	0.0927378431872245	0.0933945881365789	0.0928646958951961	0.0996677221568298	0.100119352106468	0.0991900523538876	0.0960228733828146	0.0995643133747318	0.10204290509585	0.100784634595781	0.0986081469336371	0.101912403029022	0.101725362901064	0.10757117157824	0.101791062491673	0.108439614333523	0.105907775041089	0.10604297836786	0.106609632257527
2026-03-08	0.110889763339719	0.112380123147979	0.113468298408428	0.113261815103874	0.113710040705314	0.114320921684603	0.118337143683262	0.110631893926821	0.0996428200430039	0.0987843517660403	0.0987632257664225	0.100809602424533	0.0853117303377966	0.0861438391176393	0.0839254239851401	0.085619006559424	0.0807615499433192	0.0766821677897654	0.079964786195917	0.0775914960709984	0.0906945833987495	0.0926266975027105	0.091049239134199	0.092629479964341	0.106925811165362	0.104563123176186	0.103379046870888	0.105132018787564	0.0966603035439546	0.0971633767760432	0.0967095679143159	0.0954667517656864	0.111943152738108	0.112652858501595	0.112654833407978	0.112749155352319	0.0978050672822238	0.0972891137450504	0.0976732246404256	0.0952325943323002	0.0837219686823717	0.0826599183361398	0.0810410144850287	0.0845770984964599	0.0893591642288362	0.0904525325614038	0.0876101679046787	0.0895781353050812	0.111257890300934	0.111472043320345	0.11150585611434	0.111764210264381	0.144513495522896	0.144446291112383	0.144347641276213	0.144692572088508	0.157443903202047	0.157436969021833	0.155164089041469	0.15695503873465	0.152442055909745	0.152990689478376	0.151350763431558	0.153216491180321	0.135069167387546	0.13663208388304	0.140972034131613	0.135326714597802	0.129600820759292	0.129644754296026	0.127909656069583	0.127844768875098	0.116408107745814	0.116297208011167	0.116701598253004	0.116593085990016	0.107398634549306	0.110137202795757	0.111176115832568	0.108288046822369	0.0993075394673957	0.0980087938724901	0.0992128095014106	0.0994708571587036	0.0879005625089438	0.0869824995174602	0.0894064020801182	0.0877105358934778	0.0810281620731201	0.0803086450070465	0.0812608937968474	0.0814022991229859	0.0840390900651573	0.0812999214703143	0.0802534412331606	0.0804075472313679
2026-03-09	0.0926293541961767	0.0916905941837417	0.0905844723514996	0.092095579268582	0.118340882035959	0.119316831539131	0.117427125325828	0.116915161099082	0.1542555027245	0.15248047401346	0.154278803370444	0.155985219891596	0.190465923088157	0.191628031426227	0.18972706476057	0.193178980725046	0.214994886343694	0.213444540801488	0.210467973987493	0.214092598867325	0.226884670835019	0.224966311426891	0.22560471650743	0.22454430123066	0.225390563108324	0.226030479078165	0.229105630304087	0.225473327509425	0.230823489199323	0.231542791040696	0.231783038681729	0.230850681078252	0.22830176833122	0.230250015338705	0.227699235023979	0.230748981306097	0.21177836511383	0.211260901193174	0.210129571973218	0.210831161719778	0.176267805543619	0.176392018903868	0.178259841011648	0.176080334540865	0.125591527905499	0.126123287542586	0.127032670429787	0.127252514122128	0.104855375443777	0.105617835629264	0.105466071260428	0.104060717666531	0.10538999218048	0.105315196568057	0.106769018054361	0.107525793197102	0.10576422481062	0.10652015361303	0.106426307758982	0.106289313817367	0.0924412524042063	0.0951592550334502	0.0942371294877768	0.0941623630745668	0.0886071802122828	0.0887835597590706	0.0912916883890584	0.0933175716395882	0.0977418598520875	0.0959783151632448	0.0964652833736683	0.0958145416109994	0.0948115175401512	0.0926347157526968	0.0950001973762668	0.0915535693308852	0.0996406655813157	0.101289790156692	0.098337830011925	0.0997317142500674	0.11448822349281	0.114925466863488	0.114031066438389	0.113555243205313	0.115280481345759	0.114017213747875	0.113923904521308	0.115778400385058	0.112198711419555	0.113154529966293	0.113567573379648	0.115079185234504	0.110122116928643	0.10956388642647	0.109467261208718	0.112846735436168
2026-03-10	0.102256144565138	0.101355568385806	0.104259765221224	0.107128521827832	0.0969557849096161	0.0981760310651911	0.0992117837910935	0.0976564002340993	0.0886950461317281	0.0894151959398903	0.0905848872093961	0.0893048707189855	0.0765465392932721	0.0796683681105497	0.0787429900443979	0.0790421025517803	0.0528499755571564	0.0519019624523346	0.0510972990491706	0.0511507629413384	0.0210852349841138	0.020877382088564	0.020943350885434	0.0210940320418882	0.0108070233385695	0.0115285538602501	0.0101363123351566	0.00952811046602384	0.00869256563987369	0.0123692949302992	0.0107784384167934	0.0101597010130337	0.0462174644568188	0.0456394727658782	0.0449456830326801	0.0441973797446229	0.09001876740088	0.0860859611948421	0.0902725012180302	0.0886227701862476	0.101702851937681	0.101731312900042	0.101825738286466	0.103740096875811	0.106274650598626	0.10156321857402	0.101314064696634	0.103848066130719	0.106206957790149	0.104527734784178	0.104381922537876	0.106883384887797	0.113564110462837	0.114040223845392	0.11045582074362	0.110939844948151	0.125828878461892	0.124718989661594	0.125730754259543	0.125721377616971	0.139007194124107	0.139702557047305	0.140748210559751	0.138542038268836	0.147960178657412	0.145774713740079	0.14866847961145	0.143596627991059	0.161639266784024	0.158647636332272	0.155309422469507	0.160403674414197	0.177035942763725	0.178564042755477	0.17846609164527	0.177933922835527	0.188029169373451	0.188882566523309	0.188902212508175	0.188186051595065	0.191324297989769	0.1937788718494	0.192204135076877	0.187692695083954	0.190440278058748	0.189847932043506	0.188428523369943	0.188283266527803	0.189162051477717	0.189186608690786	0.187601824742227	0.18804951508927	0.188372694543927	0.188640704797645	0.190195154126034	0.189791446532394
2026-03-11	0.196593235485118	0.196194277209049	0.197573232307628	0.195639254998205	0.193761642843234	0.192874391041686	0.194400699163557	0.188963266951523	0.184296362102958	0.183054485844842	0.181313501231989	0.18233565082021	0.181160521200938	0.182794987733674	0.180400241437565	0.182644249627823	0.196388835177073	0.196852752385564	0.196398136953955	0.194360275483408	0.215806717775277	0.21692332568405	0.214243436509285	0.214026520031388	0.222403417787613	0.220872450938627	0.222956947750306	0.221767183523455	0.232369088868936	0.234074244656741	0.232566171560665	0.230990494913658	0.246884235121076	0.242515709899613	0.243209095250169	0.242390959729141	0.243540479699525	0.246261010643727	0.246457182687864	0.244741326968885	0.244049765158183	0.245738636152394	0.246230438782691	0.244981159906731	0.244187106268442	0.244565642212474	0.245059798823959	0.244187452695125	0.245037286925242	0.24521330969232	0.243174897636838	0.2415745057456	0.243402237002748	0.24117388901463	0.245489152255958	0.245934721726664	0.243532906195684	0.246971617541329	0.243887351311133	0.242608124951854	0.24228829881622	0.243420982409985	0.244439347102599	0.243851371671196	0.240060146843676	0.239161570193679	0.240686615103128	0.241091667859516	0.232096221311518	0.235190378639596	0.233633828224481	0.235079571824405	0.225932755528978	0.229420195990087	0.227544065811535	0.2271029826694	0.219732865907321	0.222790001710559	0.222218642685932	0.222258489696188	0.21832803357216	0.217578313006797	0.217085822628575	0.219007830792468	0.213973280125765	0.215214738940137	0.214554687145514	0.216257293788584	0.213066055984438	0.212232940849091	0.210422093800761	0.211278909365711	0.208280312853781	0.208366305998595	0.207044453062957	0.205308928084666
2026-03-12	0.206666620148103	0.207155516646394	0.206332669599856	0.209845193605647	0.208515561946774	0.210658802925498	0.208514074702201	0.209311560425527	0.211188237283747	0.212329215269854	0.211981929137031	0.213500618309367	0.200435012713615	0.199318399796853	0.201126744119976	0.199119843369556	0.191912667439109	0.191779941756778	0.190725722447916	0.193581668356197	0.17653605635495	0.177049925469819	0.175437564435474	0.177976453739757	0.162674679579603	0.16176434036458	0.162239695065373	0.162321284990444	0.140317484668377	0.142478864019093	0.140139595377927	0.142064055934603	0.112281259774442	0.110615049463553	0.111810007959155	0.11229368280285	0.072128504191785	0.0715885553000852	0.0720789896127798	0.0732039508953501	0.0365464677834532	0.0364867146267624	0.0371774550206714	0.0347893625691129	0.0106347342242846	0.0153023348480891	0.015579761268321	0.0164831696593054	0.00460076099493044	0.0100082303272354	0.00630700762020078	0.00608400105763336	0.00596932642009534	0.00634341371442069	0.00735053514207231	0.00633672472341166	0.0113477123079821	0.00651933395851962	0.0109962075277458	0.0121367462057525	0.0110331536237852	0.0139242195757349	0.0134612443973048	0.0115813824031751	0.0209882758885019	0.0226571195199805	0.0196067508278556	0.022747853763662	0.0248286847120011	0.028501870657153	0.0262994977718031	0.0233699468590428	0.0267144946215287	0.0259525165632997	0.0272993600568177	0.0290336287583539	0.0253009372832269	0.0258364718129017	0.0237111962931801	0.0241513946106912	0.0220010031540004	0.0212296885283772	0.0226872667452493	0.0200820415723731	0.0224203722032445	0.0220640019705802	0.0220751875853508	0.0234404382408245	0.0219748814093574	0.0220369532824169	0.0211449938591071	0.0238431714491187	0.0169824669272928	0.0163604168857466	0.0163303054280385	0.015326810758922
2026-03-13	0.00795097546880899	0.00932590823539873	0.0093660390426277	0.00835707725316458	0.00526015006012801	0.00345943818418293	0.00279891694014725	0.00248149481554181	0.00312082668281459	0.000660552346367449	0.00252586057701192	0.000692760393806034	0.00363553479322489	0.00147037004531306	0.00185128139673127	0.00204281376473078	0.0034691216205891	0.00227615506059389	0.00442015609556292	0.00383456722325409	0.00626071192956086	0.00419210762436277	0.00359003066329861	0.00795714978277776	0.00620467515990544	0.00661707560827628	0.00688371856632718	0.0062945306654911	0.00294792947779235	0.00521914310911851	0.00307571100461302	0.00575721640847613	0.00193921038787023	0.00179778490995188	0.00338802961836139	0.00287497508381649	0.00261577308823406	0.00203606088465819	0.0041013859077621	0.00824678011934566	0.00874464354658484	0.00626897407428118	0.00697730748352075	0.00600907489561323	0.0105020827713316	0.0127768084704539	0.00953666743678401	0.0101844413214305	0.0192832910026088	0.0171529737966569	0.0160882628563144	0.0164754723444199	0.0261613184764263	0.0236392811746894	0.0256577815969776	0.0235416187519068	0.0291832488532209	0.0326355465107941	0.0316457846791251	0.0305354199568599	0.0379746090504645	0.0368401428065345	0.0361580960420042	0.0380271521009968	0.0508843739499759	0.0499246901928199	0.052491601956596	0.0506993339006082	0.0764951111655738	0.0764903621951368	0.0769173584845493	0.0750971681547402	0.084136012591026	0.0834537954125835	0.0835604043050353	0.0818497876913551	0.0674583624816149	0.0694703880943865	0.0684412172268095	0.0716300321971892	0.0515639270198828	0.0525209349734113	0.0517746220083839	0.051140515998322	0.0358809327293401	0.0354266022128199	0.0355826356127424	0.0371098294450975	0.0224561269949756	0.0267060804589879	0.0234290200408013	0.0224087725052352	0.0159809847560835	0.0157755459857692	0.0161152053777588	0.0151282638803886
2026-03-14	0.0100289495246796	0.0147485399484503	0.0151124598259484	0.0141100507009216	0.00986878838142285	0.0105538678926342	0.0141822898433104	0.0123950538826325	0.00992808635228669	0.0113070670669396	0.00662362338155675	0.00914122319921701	0.00540526811809478	0.00854587864511336	0.00678290416170171	0.00826594907509015	0.00530318761770955	0.00738202692433734	0.00738253532415993	0.00493225013379318	0.00497525721507265	0.00375465485892501	0.00632817795198391	0.00594190997401843	0.00501474649335297	0.00516382316466781	0.00334155779585739	0.00547987254612183	0.00744014407088298	0.00213356923949646	0.00694087808688019	0.00648540860274038	0.0115628511847859	0.0114156670532325	0.0128177887198124	0.0112036930421691	0.0161389773655045	0.0163753901751944	0.0128924786276971	0.016593153831604	0.0215210232971581	0.0186249453659902	0.0195188677732957	0.019335163563556	0.0238599741472646	0.0235100416446338	0.0237433486043205	0.0248866356037812	0.0265720847535418	0.0232658890578524	0.0259781494181358	0.0261838767704699	0.0255557559398335	0.0258231557055448	0.0280058879570396	0.024615200397582	0.0334251999558206	0.0313689438243759	0.0326291407286787	0.0295767154911248	0.0439295922457689	0.0412442161310378	0.0435239074783561	0.0423022841448371	0.0638803125409385	0.0598414944705379	0.0596153325297912	0.0596628604587324	0.0850534355580823	0.0856504931713156	0.0845486428002618	0.0857474284703404	0.0839812145198727	0.0804173242292487	0.0829163814896279	0.0806850797612507	0.0585149206294758	0.0552941109884845	0.0567965976103303	0.0603943707717094	0.0368955675555437	0.037415625177377	0.0352326964611835	0.0384561108058958	0.0220553704983615	0.0219701752489541	0.0201080240475716	0.0228664302051128	0.0140741842578666	0.0115331444883165	0.0126338320349754	0.0117588392188415	0.00815644255310195	0.0082791333624103	0.0090898580964993	0.00747456598798845
2026-03-15	0.00894934150271189	0.0095049377448321	0.0103591345198919	0.0101865862325641	0.0222875324729568	0.0173711933186492	0.0186210037086668	0.0177202704997271	0.0321611887664588	0.0313367744949515	0.0321809712439148	0.0303210654946749	0.0531535447554108	0.0534608132637377	0.0540582759801902	0.0553273660006613	0.072109381309358	0.0756477007810634	0.0735625920657764	0.0756803258438022	0.0861761798473279	0.0849850485248337	0.084963610196021	0.0848751614318175	0.103163574086822	0.10295186358862	0.103309430672556	0.100575131652002	0.103214234667376	0.102641437387007	0.102235988849023	0.105908339096594	0.101818096971315	0.10416593224631	0.10448630300094	0.0995296677814353	0.0931847687585395	0.0901752264646379	0.0917122318264773	0.0919277729503454	0.0701033427662677	0.0709609403912666	0.0738785000160904	0.0720572168263753	0.0409247370562748	0.0417386193495173	0.0433305819738483	0.0440060616203596	0.0235432030789739	0.0236744764488856	0.0217556427865149	0.0250266776856256	0.0203702820779932	0.0194967440816801	0.0199040290077564	0.0222289448325702	0.0257945575686428	0.0281059855347987	0.0269233598610069	0.0251760970355516	0.0263220552737198	0.0242419306618808	0.0257210661743279	0.0247149478900715	0.0174113995548402	0.0201058711083917	0.019570565637204	0.017912163699564	0.0182853708955851	0.0207031680799898	0.0200019207146044	0.0190095403098207	0.0315387050260208	0.0279109021449692	0.0296779658330911	0.027872426995919	0.0342686652943355	0.0329537725878993	0.0343663673327734	0.0354111947849919	0.0336760658321548	0.0351797167158315	0.0359696396363277	0.033174577815686	0.0323395004096131	0.0324470106323659	0.0297808126033801	0.0344326763546409	0.0291597911233459	0.0286923613734499	0.0271618128381358	0.0269860346650684	0.0225712669779913	0.0230418197667739	0.0227431711089799	0.0226437421462549
2026-03-16	0.0228589377949741	0.0188023922615229	0.0185652265656723	0.0177734433778307	0.0197269125066239	0.0166722449834912	0.0177540818912253	0.0158467606186596	0.0225544690839928	0.0252118750678665	0.0228924038610723	0.0243412519870684	0.0345494366963516	0.0326961645244353	0.03426728637861	0.0334871124006031	0.04432843917534	0.0443670297069503	0.043591070652001	0.0427134604657087	0.0533302391684625	0.0537352971574063	0.0525186698734147	0.0534157938007166	0.052395505619421	0.0550524949183726	0.0522546928300912	0.0512973066321152	0.0306093490663771	0.0283985188464274	0.0288793962712136	0.0281127358159819	0.0137630810343601	0.0145738734001406	0.0115428428323871	0.0161202027331121	0.00597114512108729	0.00755372161169248	0.00804245481559509	0.00343267845162514	0.00962944507257462	0.0102599861108685	0.0115277482345698	0.00958282058198701	0.0184425078817975	0.0164344958030929	0.0166060018071745	0.015516994507935	0.0249068345599541	0.024798006702993	0.0229264444013698	0.0243687143356831	0.0277304638299833	0.0280753903814564	0.0281713160637018	0.0300228297248585	0.0331206953225347	0.0285756562590136	0.0328807496851119	0.0304228987333397	0.0344358861400007	0.0330172992481093	0.0333226823764121	0.0332241322354779	0.047562240075852	0.046360355542502	0.0467337867368479	0.0483436176447982	0.0693889698432323	0.0686067779269247	0.0672719693073015	0.0677322829225416	0.0669051514810375	0.0659137924866756	0.0657826216823814	0.0673984343499056	0.0569686788102408	0.0555147841016894	0.0558324672734657	0.0566840698146041	0.0436304205754398	0.0416514655645249	0.0435490818538808	0.0441690320061545	0.0256216146097362	0.0257911139597921	0.0257112337967295	0.0268760376337423	0.0125626799331724	0.0110753330275949	0.0119161762538289	0.00644581078540381	0.00275088945266512	0.00551488443644861	0.00376304127562329	0.00297118483526297
2026-03-17	0.000485152083759781	0.00335855053956932	0.00219706343364397	0.00495923394302692	0.00277732148137994	0.0011463010460667	0.00312329808874602	0.000953079383807335	0.00160097812385694	0.000936359020340895	0.00259072826344018	0.00187193459236199	0.00296729145377274	0.00126136721787616	0.00250420326195412	0.00226713806639698	0.00273108299011801	0.00305682064471984	0.00112119458941147	0.00409090177575068	0.00895417769721594	0.00701042518316397	0.00905686799275499	0.0079785291268651	0.0145513831716909	0.0123622144074912	0.0144904101534442	0.0135959922673737	0.0103669085377999	0.0125422787258792	0.0139615239006202	0.0121292888357006	0.00732688252419104	0.0107512933498894	0.00993777733160977	0.0109840467943098	0.014062545129539	0.0159152689279575	0.0119062286710703	0.0171159572714332	0.0216108055190482	0.0224603853035153	0.0206721621808618	0.0202566469965748	0.0185474777621545	0.0218186201846904	0.0234383086489208	0.0201955934042342	0.0252317440954279	0.021454252260341	0.0225091047149686	0.0228048989292626	0.0274523904311619	0.0266632945222416	0.0271361287698751	0.0257481862767215	0.0311045156542118	0.0325728662785409	0.0300617986725842	0.028260819394663	0.0349912463344149	0.035274496422028	0.0326952744969465	0.0320389827466107	0.0365343238289433	0.0380744872227103	0.0369994387952791	0.0363917501530674	0.0466308564488053	0.0478335859367488	0.0483492068106059	0.0481863508038401	0.0446495852579165	0.0465483217182105	0.0439818212378296	0.0448202717860434	0.0303497291885658	0.0310845534215945	0.0324249194327833	0.0331407979570564	0.0166638936754722	0.0165454820350859	0.0176522877509081	0.0161383365385337	0.00814757180975158	0.00699732559856371	0.00933528994514751	0.0085198126465372	0.00654068415078533	0.00618633278437734	0.0076153938271281	0.0136575892377092	0.00892067871591386	0.010804633764412	0.00916520695693787	0.0111094805627363
2026-03-18	0.00726064299818293	0.00694675878557357	0.00702428678958021	0.00676831142666329	0.00283096922196467	0.00160272644656168	0.00356788894711004	0.00199841538436361	0.00201173934301132	0.00117043714433223	0.00111291309703045	0.000704910415626008	0.00330099926654309	0.00624113243146585	0.00151865645975254	0.00293921184223853	0.0127451173649733	0.0128223901751521	0.0141016826210721	0.0153308098388025	0.0301977850441756	0.0282660018362609	0.0298580613967916	0.0286781517227719	0.0424171769484776	0.0423681508492361	0.0411230645628736	0.0430916076394127	0.0364148674136878	0.0379162948644568	0.0368633678586721	0.0358054698631833	0.0295548721662859	0.0285399008668581	0.0268201734354445	0.0290850535314115	0.016936447110215	0.0174064219141184	0.0177885715413529	0.0198685594343137	0.0089739066281281	0.0109953879725904	0.00754289183845488	0.0104878135608266	0.00954370893209978	0.0122915786205652	0.00920205349617992	0.0129626589511551	0.0177255789711729	0.0170652342048713	0.017070965899694	0.0191382209242617	0.0209094534455416	0.0201810269992434	0.0202837131371641	0.0196258064180509	0.0240113356033786	0.0221428513570509	0.0251244650232837	0.0227213480162868	0.0335095248981119	0.0334206735384818	0.0318920255969416	0.0281777759664647	0.0407557464566401	0.0414087826120197	0.0417673918847659	0.0410680790465743	0.05754902401333	0.0582318719717595	0.0576561541798708	0.0585629498350397	0.0541219962163871	0.054784283636943	0.0579264264126632	0.0561672937340067	0.0361807909600372	0.0360075039384631	0.0349411266967198	0.0378705784047799	0.0183956140418192	0.0196559419968646	0.017808326197368	0.0181401177639481	0.00703575292262859	0.00649793581713148	0.00691640820950916	0.00754990305073077	0.0020984196599359	0.00404359563948004	0.00373646263039841	0.00412152207018565	0.00338647376613739	0.00734248026957228	0.0020055032885836	0.00426554267570674
2026-03-19	0.00843136435454715	0.00651691812224048	0.00929970431867189	0.00875201320454049	0.0071594824977644	0.011719156435984	0.0092546118342031	0.00986674923204848	0.00816898960047558	0.00994910846858472	0.00588878945803035	0.00799311247290936	0.00475951617267284	0.00498717771406668	0.0063896490992909	0.00386365701396958	0.00129445779701274	0.00390065629691511	0.00329806941761784	0.00250681648845431	0.00249170953436387	0.000117051119974449	0.0031246526388204	0.00326658670684128	0.00197394565359107	0.000977827076349509	0.00288674786030716	0.00516147940975226	0.00379825906218084	0.0044613416646425	0.00344433257687353	0.00329606669630312	0.00179765468269131	0.0057617844929286	0.00257500852272064	0.000865552301659448	0.000865198727543765	0.00351646651554014	0.00136420674177312	0.00225412801514297	0.00229949990295307	0.00207914456457549	0.00207533052746402	0.000546025005007415	0.00288024657421493	0.00228981799922887	0.00226910167775925	0.00256083374879696	0.00580994650983855	0.00633695489618404	0.00654674554685831	0.0063063530471191	0.012899771657255	0.0102499001493375	0.0139571680848101	0.0128931601085975	0.0248676269978881	0.0239865941129855	0.0243101284679082	0.0268356504212181	0.0310660410237272	0.0325717218305615	0.0366166321688796	0.0317456049768317	0.0439992123447383	0.0458251417155426	0.043551603403555	0.0456240425361641	0.0634136683555799	0.0644183966461335	0.0643334106410704	0.0648345243572162	0.0603824905386531	0.0649991334154304	0.0593448498160534	0.0602735262298631	0.0523043616788512	0.0513683271848824	0.0510741115087296	0.0502531996275368	0.0524622535481596	0.0524918358908756	0.051741002728038	0.0523049078329268	0.0593849533738137	0.0605333944123412	0.058541758368104	0.0585398938457411	0.0671874652379733	0.0651331068576655	0.0662469970533267	0.0674324308510345	0.0701616322838064	0.0754470282089245	0.0735908322186217	0.0718005072886474
2026-03-20	0.0778509961418344	0.078078020075538	0.0800591587118903	0.0780118250707372	0.0794749379897175	0.0810229555805129	0.0815960969244757	0.0809060095052939	0.0758462579131088	0.0763848717065446	0.0762494530390183	0.0745194173413283	0.0701122538163433	0.0666066125325483	0.0672742970118868	0.0680068366392217	0.0605383768351922	0.0652442603484011	0.0655397941672667	0.06467756864914	0.0692501863795961	0.069490240004035	0.0695238966803834	0.0687356769359855	0.078329506600786	0.0833878127763985	0.0826105276897071	0.0836721529331085	0.0715323023424323	0.0732133014757637	0.0731735568553684	0.0730808393264357	0.066833048270772	0.0683070106561365	0.066883876634421	0.0669760644386705	0.0575205477791342	0.0616051065253998	0.0615115991180167	0.0623627465774493	0.0586284133800347	0.0589270484259515	0.0568859085231332	0.0575586296708806	0.0622293722052365	0.0613842632538232	0.0624209268947243	0.0619654376462161	0.0715697431133801	0.0756902486696651	0.0765299875548653	0.0732100206620895	0.101016836405233	0.0996394727211817	0.100853915970194	0.101489774903391	0.13040244915314	0.130511378600901	0.128884826500064	0.133201345745895	0.134730273071429	0.136413364642349	0.134473851066156	0.134382511220066	0.12842720979685	0.124216825637025	0.127540851448027	0.124815113118098	0.113415095382233	0.112515268929672	0.114740688201242	0.113328947486853	0.119347620503986	0.121893209571384	0.120123265431908	0.117635904492722	0.124672669126117	0.12388183953214	0.12514834940444	0.127297141937303	0.102658254146122	0.104309358923666	0.103538371094312	0.1074940158359	0.0726757462956108	0.0753943876214237	0.0735577118087599	0.0743721542742056	0.0692454198221676	0.0723865272572958	0.0698175082384705	0.0685505446820662	0.0966451660072145	0.0941934206766231	0.0958921551898237	0.0962692581263386
2026-03-21	0.0915451045495043	0.0912418260744407	0.0895434263337277	0.0896696430423273	0.0556623244787278	0.057873657209272	0.0555235834180764	0.0569404348939238	0.0329520301848419	0.0317690913283804	0.0320939386801155	0.0301849398066622	0.0205984780635302	0.0194118763214322	0.0203773738638935	0.0216122717511441	0.0219747473512251	0.0222029983003293	0.0213209693965211	0.0225012849519245	0.0461580038557907	0.0448218340027717	0.0441335174567897	0.0448866446846479	0.0833965833784214	0.0811325505729324	0.0823682081619318	0.0811026578867143	0.081735822885174	0.0822245553966683	0.0814142127511209	0.0866254089670367	0.0528262098320044	0.0511068179282008	0.0537094212438985	0.0523575509958962	0.0276663202631823	0.0264927522899376	0.0276764822322286	0.0271644452146515	0.0157797975480203	0.0121710762850948	0.0148240156492094	0.0152251105176755	0.0141597259030698	0.00917282752173404	0.00992020738840231	0.00974723918679388	0.0116461814077704	0.0100525491701582	0.0124658264330906	0.0118354429889808	0.0132917481222197	0.015031277649124	0.0138598666924221	0.0118171075362342	0.0149844064506392	0.0180943528584648	0.0153730691975326	0.0165481714933633	0.0213163160140917	0.0238188407034026	0.0213344150529885	0.0205304282295173	0.027023025344459	0.0271530800904006	0.0276366403530033	0.0291872542121371	0.0379186651631011	0.0331906806680593	0.0342195159323466	0.033671138236493	0.0313753304841929	0.0319718013745637	0.0318807388793233	0.0327721292619201	0.0180377645366879	0.0185443547806217	0.0150099471185952	0.0174079335640952	0.00835149557236414	0.00937222237555395	0.00806206205556528	0.0102142199965166	0.0101110588892492	0.0128726614616616	0.00921703946589262	0.0117992401831966	0.0141277611943376	0.0129378332448757	0.0127689208527855	0.0141654847080011	0.0166160738411355	0.0180257237842328	0.0165192488841548	0.016838953490477
2026-03-22	0.0226894990590012	0.0198889449764356	0.0192999872107922	0.021121568753771	0.0262787721564009	0.0250257674555018	0.0262807590661445	0.0254147013219528	0.0312512238725174	0.0324568631866338	0.0315514391068717	0.0307404738339772	0.0350996682910674	0.0366511004101051	0.0375763924549784	0.0356728388438491	0.038841672307534	0.0396727575647667	0.0421116369603373	0.0393739331673619	0.0407650697437482	0.0414832532659159	0.0397202465114247	0.0410314304789112	0.0369388691988441	0.0371229843148173	0.0370068600036237	0.0369312864827149	0.0251911845627175	0.024318755696487	0.0259271047604317	0.0255629549803638	0.0108255827114658	0.0122555874078417	0.0125397392704404	0.0113790906102521	0.0040354761481108	0.00682869823048726	0.00397582671489672	0.00315999890650523	0.0105845929234681	0.00956275252239029	0.010061195389366	0.0117914591647756	0.0153155817333847	0.017882775746644	0.0156352017404425	0.0161664407795288	0.023739328589802	0.0242248821080596	0.0246762548880054	0.022359534414133	0.0329656943551636	0.0325001147928189	0.0326241994915494	0.0319099913604681	0.044033565247503	0.0407195159047455	0.0418111685443989	0.0404357503033525	0.0512022816317212	0.0509673831531784	0.0504692860313174	0.0513610491837829	0.0692377826428602	0.0688180802417792	0.0666641556388552	0.0662799814765054	0.0897515287659472	0.0864531065010417	0.0878787019455188	0.0869166627874923	0.0806930985466426	0.0816796937571016	0.0811928736726304	0.0804343340236254	0.0583885265604645	0.0576029546482612	0.0629649625703057	0.0560435562209686	0.0378554125475351	0.0376849373652277	0.0387276415668598	0.0397320085203774	0.0240389374593663	0.0260492624220943	0.0246249351821043	0.0242868649364351	0.0121377553120668	0.0170419184254831	0.0138205722737799	0.0139997539886702	0.00599833497236495	0.00485223069472899	0.00410852500396269	0.00704090932894337
2026-03-23	0.00278560500646337	0.00352134597184389	0.00158855782421204	0.000104491197480702	0.00438521308033937	0.00512837690627016	0.00197844593479568	0.00450796407859479	0.0120130484541707	0.0134487205629665	0.0114539933218687	0.012084237660994	0.0328233914611558	0.0336728470179399	0.0338159294329955	0.0336878320879088	0.0660211413853391	0.067995644994686	0.0686964840209378	0.0652867295990371	0.101084312605819	0.100221350793546	0.101084487774305	0.0996098488263314	0.1163710736109	0.116428599962966	0.116449032690637	0.116751293735498	0.118367713339726	0.117055971384351	0.117616821503281	0.118959493772642	0.118508637802476	0.116069092008137	0.117169593558759	0.116252676630628	0.0930617579325519	0.0901051565079216	0.0932531252338751	0.0925799603256515	0.0556605275373464	0.0555489854152988	0.0560364996786682	0.0567539873686867	0.0317453803645597	0.03288107552328	0.0313158798764565	0.0300576642357038	0.0385748829274829	0.0386875280883345	0.0388866959691441	0.0368508930150384	0.0595811653768419	0.0603662638047981	0.0603669229333939	0.0596856478849662	0.0721456239986308	0.070874269372863	0.0719736540588199	0.0710064525696862	0.0665204752105926	0.067517619220771	0.0675411746116371	0.0654207309569993	0.0606341631450269	0.0606140388971464	0.0587110759071027	0.058040722050724	0.0669658264212703	0.0656912357978121	0.0676753036917905	0.0686676340891271	0.0779026623622232	0.0768356284665404	0.0793227259121891	0.0769389832590474	0.066223155006474	0.0654297609178353	0.0680707231850527	0.0672763608906381	0.0560075422986698	0.0543160166176877	0.0560348147035148	0.0566416263801278	0.0534569049302485	0.052349894413276	0.0528080849426875	0.053385115713788	0.0560353139264076	0.057531387292264	0.0532199130750785	0.05821338570625	0.0599982230771983	0.0585407064089998	0.0591104320563795	0.0603506384574224
2026-03-24	0.0546865283230918	0.0559014382547643	0.0528723275622222	0.0545397058599217	0.0449304367788218	0.0435628799422413	0.0431687917924463	0.0443378914864906	0.040056093042473	0.0418301729243607	0.042637109823135	0.0424766242100313	0.0560675220911037	0.0554736902563841	0.0556040228690711	0.0568547647834411	0.0628735235960056	0.064530992116901	0.0639292745044891	0.0626662097826043	0.0649412967629419	0.0668597339383451	0.0662892215893362	0.0659097477093767	0.0587125642791089	0.0590957960839444	0.058131789538284	0.0590598500986627	0.0480992736009914	0.0507827038592377	0.0461588347078008	0.0479591878319701	0.0303764629715104	0.033581121815748	0.0297337990625098	0.0343086161502318	0.0200187422394777	0.0215330847188808	0.0208884668722612	0.0205597061693803	0.0213090872170172	0.020476989659161	0.0222484156506716	0.0189655074731503	0.0263286359798912	0.0293654695108162	0.027903431956369	0.0294024625529236	0.0328566285332082	0.0302357182563641	0.0322328791695299	0.0346747740408978	0.0428472253264833	0.0410680865136463	0.0409237782148036	0.0421609099450669	0.0436571215208068	0.0455641681423949	0.045863164289174	0.0459155460476244	0.0421456193765645	0.041119586994472	0.0430054084251937	0.0407293852037699	0.0529438596635951	0.0490590873590052	0.0527262050193365	0.0512708479580632	0.0793306293184688	0.0818480750976464	0.0826932451935359	0.0841280503903488	0.10806482712515	0.108713096823769	0.108289608674456	0.108932467376624	0.116175776488538	0.115706269811978	0.114443163086159	0.112674790613326	0.110450040075076	0.110214476760987	0.108345497086155	0.108989986077782	0.0919697290623038	0.092404979122656	0.0903395033324311	0.0922857884826092	0.0761185459449451	0.0726199225017125	0.0750712721868014	0.075190259366541	0.0717170674271997	0.0746527948414165	0.0728210087254723	0.0718091290059115
2026-03-25	0.0785590629385258	0.0781596284535765	0.0824470307980566	0.0778342778098411	0.080789460543936	0.0810208579126574	0.082540320893657	0.0826493606497496	0.0815373355963811	0.0816678901000833	0.0802483893110479	0.0825463849924877	0.0810428792571507	0.0837391696426588	0.0820789997102124	0.0831389513899781	0.0832603686248837	0.0809365170771035	0.0805503453237676	0.0822527689742452	0.0851673789926063	0.084131369316418	0.0862581843133028	0.0854430673776729	0.095106671704393	0.0922479450235939	0.0927910947748275	0.0958542884971855	0.110992402526021	0.110269929105857	0.111724801513539	0.111012866854584	0.124291843213615	0.122787326636179	0.121248581016992	0.122672249133214	0.12006551427596	0.123659287144085	0.123010319875454	0.1212648787045	0.10989799503627	0.108428616299641	0.109077634207673	0.108595754456415	0.0956050630133731	0.0937898293052358	0.0927271178248818	0.0958779898565093	0.0818284211234589	0.0807661889732555	0.0812014784334333	0.0762039114698523	0.0652318591645215	0.0660619036283137	0.0651549832917201	0.0665512539154447	0.0585067565106206	0.0558699638534447	0.0549372969062074	0.0546859827297272	0.0597130931622635	0.0610871373166351	0.0589669507553364	0.0552328187657651	0.0643871946436989	0.065282561562429	0.0676727584478532	0.0666574853460189	0.0715587897024061	0.0718256923301318	0.0704062377810305	0.0702092801864315	0.0759941993028829	0.0766110095518354	0.0748706465108369	0.0725241446344447	0.0751710122159452	0.0743722554794402	0.0748941261282315	0.073562606176383	0.0698002578779908	0.0712422809606978	0.0675806169892267	0.0693768441720847	0.0660520427382457	0.0710212836410946	0.0674620196425166	0.0674646539781431	0.0700506537231947	0.0702199853416867	0.0707417608372852	0.0719876000978334	0.0769667979913476	0.0759170360933517	0.0763251940188713	0.0757909718964293
2026-03-26	0.0806532371695918	0.0795711911898613	0.0814795237200509	0.0802960479204961	0.0871561575417656	0.086576687387361	0.0846289920691464	0.0866381630017269	0.0958133068565927	0.0954910927837979	0.0940542282986952	0.0946413720609143	0.100988567115687	0.0972154284197151	0.100733135726742	0.0990628687378563	0.0950821711548683	0.0954628414669422	0.095925950185221	0.0965290371929684	0.0803915435645575	0.0816255849402426	0.082205579045033	0.0787772924501669	0.0694667222004529	0.0706995161822047	0.0718632803573245	0.0709704812600178	0.0782303704478531	0.0793517894941791	0.0797016099831938	0.079716230074774	0.12102247271904	0.122518931404034	0.121037176551302	0.120421419325623	0.159119800584778	0.160167526219246	0.164504075754603	0.160208597441373	0.172209279971216	0.173307566748635	0.174012172639243	0.172470980640906	0.161909886247969	0.156791536249798	0.161267379559594	0.158031197942639	0.134111292746188	0.138373332965649	0.133762728306987	0.134752645981176	0.129007220018608	0.127289066261407	0.129367397975565	0.130336315744419	0.150037798592439	0.148905720410658	0.150293167408411	0.151763313588491	0.177800709857213	0.179023303739354	0.17606797325104	0.176108013152393	0.186924698307124	0.189235904681108	0.186999676682954	0.184839720328814	0.173836359585411	0.174314543387485	0.172231733575055	0.172617363452049	0.134259163635317	0.133902420946736	0.133507743097051	0.133330672320895	0.104692498117821	0.103937679810718	0.103135893190813	0.102233928880648	0.130032695752045	0.130104825061631	0.129327384377578	0.129535094808746	0.16518905953207	0.163685047079668	0.165842904679235	0.168282988709028	0.159772992153106	0.15824159115328	0.163256117565527	0.160729299128087	0.134187602416315	0.133320641042772	0.136127772067253	0.13436398447366
2026-03-27	0.100631197724989	0.102069724415594	0.101040433460996	0.10325864439842	0.0644787107097555	0.0639947300022791	0.0610445481843667	0.0634820111035986	0.0444779145506713	0.0442059386444995	0.041209615293534	0.0441065315112952	0.0402242540474596	0.0398248313301921	0.0394863980390456	0.0424645165833027	0.0449979438390455	0.0448190685497111	0.0432784125315977	0.0459045750796457	0.0721564955330446	0.0741897317347303	0.0750642118377704	0.0725895608944546	0.113660906914381	0.114312563085995	0.112542338199452	0.113484191800173	0.159120919567798	0.160047565886166	0.159558605550146	0.16027290899589	0.151148757990235	0.151889349590259	0.151708163304065	0.15225372911544	0.120569457837603	0.121144701385841	0.11991402441808	0.115371816358476	0.0949678763109774	0.0977298171040825	0.0963287071096876	0.0939735994752525	0.0815116389971886	0.081641758354126	0.0821279839080732	0.0797186187406122	0.108275632850402	0.109267559995755	0.10835402128153	0.108102785872314	0.138063859701596	0.135683045257796	0.137060833599689	0.139192261440919	0.138070251527569	0.139820745549025	0.138923172007858	0.139185830915548	0.134763399741417	0.133859907457212	0.134559317955961	0.13481737484541	0.101957816688157	0.102710741775443	0.102751318571397	0.102580122965003	0.108859072426861	0.112517046055297	0.112539320224502	0.11308456129334	0.198044365591613	0.198856870795814	0.20116098380493	0.198937779807643	0.206108082635954	0.206379877445088	0.206698965024228	0.20381307489473	0.221655778155313	0.223556652145197	0.223167114637859	0.222620455061631	0.230848812148161	0.231891097050903	0.230553207318791	0.230706883482144	0.233351668276118	0.23009536479936	0.231739965052213	0.23181300187231	0.228794255009285	0.230315797392985	0.22887770834411	0.231012239253621
2026-03-28	0.218696198420441	0.22348979503978	0.224389395115001	0.223424611424778	0.208136687944439	0.206925216613741	0.207537614412097	0.208400481029723	0.198309610460832	0.193748909895303	0.196145226279964	0.196796253363901	0.174496025068105	0.173802704872394	0.174423892548471	0.17527737751103	0.15282510134381	0.156066161087195	0.153043733446716	0.153065004122279	0.135916723513931	0.135606103220947	0.135219593317258	0.137257579947864	0.109155189284291	0.108414474551745	0.108852377258616	0.106577958905349	0.0873499116331554	0.0867807477666619	0.0883654122250515	0.0895039283751312	0.103894711483382	0.106025965556631	0.10587958690352	0.107199736056467	0.117078503913479	0.117940486655178	0.118085187863895	0.116895821567448	0.128455118515348	0.126918372978232	0.127183290129859	0.132443218376561	0.134831264145552	0.131618978322277	0.134438839597153	0.134110917935018	0.148537207488404	0.149386001183839	0.149438262646444	0.149638528681313	0.174249119483196	0.177170600130902	0.175137657404517	0.174442622981385	0.192928283658578	0.19069283305112	0.187328951741806	0.192049931548497	0.197697895731844	0.196945343105323	0.197623683167628	0.196733077995205	0.199972269583582	0.200692160064364	0.199893869146847	0.201441701205206	0.189529472437577	0.186417079583496	0.188966334564052	0.190087113414875	0.180973009419975	0.179503297045376	0.179578671496782	0.179945022037867	0.18033485387298	0.177375420751619	0.181748822775522	0.178540902599879	0.163446075441416	0.163730958667909	0.163339779549402	0.161483186341273	0.138620638997351	0.139244850629467	0.139974754535703	0.13915975583748	0.109605129839733	0.110726519101565	0.111448109799066	0.111220241259636	0.0934487603375238	0.0982074733075808	0.094308458931925	0.0930353074229704
2026-03-29	0.0921705531811747	0.0923805626797116	0.0901914611832861	0.0922574229558275	0.100399887053951	0.0992170310702057	0.0989797226978765	0.102403359177967	0.108062048100773	0.103445308457465	0.103386451045159	0.105106192396603	0.10676225961795	0.102122074096821	0.102236611154785	0.102879055130444	0.0940261780187349	0.0985639363535201	0.0945399931011968	0.0958698925265482	0.0906020735921009	0.0903543381231902	0.0906391457373325	0.0904044425473763	0.0876763532710251	0.086172722133752	0.0847771866048059	0.085373737990417	0.0779988527333328	0.0792963661927325	0.0776936891299869	0.0760110919439477	0.0930466431527906	0.092017503618647	0.091216743175463	0.0927191100530994	0.117690763396915	0.11881159071266	0.116943087341653	0.117554558548772	0.144101365462648	0.142564657672698	0.142260149868039	0.143073826996615	0.169272526414565	0.171808735760418	0.173103751607889	0.173814986217128	0.191015719286182	0.191921301359746	0.193813947649634	0.191249031704438	0.20155770996589	0.200065228520542	0.202132662052815	0.202244399460754	0.202639543585462	0.204480916861961	0.203497062802545	0.205382476750032	0.196148978262005	0.197108197464145	0.196655789213693	0.197087035060156	0.176901353739969	0.176309678240931	0.172045193679441	0.175743774339659	0.134905771111353	0.135601486234446	0.135626863604668	0.137865879049533	0.122925865058161	0.121625890026178	0.121906482370875	0.121541762544785	0.121185870987072	0.120410651430334	0.121038789805111	0.118364687777483	0.103050624395191	0.101338118213751	0.099935149710379	0.0996761076806785	0.118153079521661	0.113551233836915	0.114778515168039	0.113517171473384	0.162878853924671	0.162209618420707	0.163276980931657	0.161634546722964	0.19570761872825	0.194785742630926	0.194587660757155	0.194918977883669
2026-03-30	0.173305164335445	0.174706948562498	0.172212935860456	0.174774951241601	0.117373833944133	0.116341356590474	0.117063621391178	0.115221188074215	0.0820563504285735	0.0829808805156145	0.0816772512032012	0.0812855178526108	0.0802675367767425	0.082510134646413	0.0794454687122044	0.0807768598646401	0.0863130992232437	0.0834784384334511	0.0839136836898846	0.0842947786534206	0.0690933457623324	0.0675504060444796	0.070530345462345	0.067825902730843	0.0388907801038268	0.0413861630870664	0.0435964615675554	0.0431265952415514	0.0189423849898192	0.0196869020953846	0.0162505082821893	0.0141202046326069	0.0246865474709627	0.0224130589879869	0.0253254677373317	0.0175749258037187	0.0543790297902115	0.0524245645492331	0.0533395504361567	0.0598568552243987	0.0761439510550171	0.0774226236408914	0.077920529622638	0.0775128956814535	0.0923144407988138	0.092507905180735	0.0922423369581801	0.092935317062271	0.107526103855983	0.108541430091857	0.107894442007481	0.109038024044679	0.129874856774165	0.129957063381558	0.126813656410748	0.128354423433529	0.150505864624679	0.15306697375073	0.154316235364109	0.152110926260481	0.166293567315076	0.165213780641408	0.165598610124141	0.166894041919375	0.165838767201769	0.165805798766594	0.164936882666814	0.164418551364824	0.147312757784658	0.144001503694492	0.145043815180675	0.143641923340175	0.140624953968666	0.14108617894161	0.138307375698189	0.140981491391536	0.174179866893927	0.178345331756341	0.176749541237245	0.176725260112488	0.198275235464595	0.198030519958331	0.194960312376361	0.196733932200713	0.197558097146536	0.194079194442135	0.195351394636993	0.195011313774336	0.197186945107913	0.195289497290427	0.196205934097266	0.196317623504395	0.190417617045064	0.190380895202233	0.191461998213114	0.190739489539589
2026-03-31	0.175872961916587	0.178398855460039	0.176261976324957	0.175466206298417	0.153236565445868	0.151115106422276	0.151377233677978	0.153271094453879	0.132391049997389	0.133371947786348	0.129981489218293	0.13225551299797	0.115009012158164	0.113684147775727	0.114678717835567	0.115628122230542	0.078414594393003	0.0820425518756634	0.0784905811919796	0.079052272539354	0.0628368106912146	0.0620665648299552	0.0634786702191168	0.0636179542597134	0.0691595754602997	0.0683600426393005	0.0738435386232337	0.0696368432771661	0.0692702112881659	0.0699265820543424	0.0689418448926826	0.0668613617648092	0.0479581791642848	0.0481029182247294	0.0471419752570264	0.0487969273539594	0.0389692055832538	0.0383522617067288	0.0393882898997722	0.0382902428102452	0.0490884178764752	0.0479847207753629	0.0490218153758548	0.0469050459723071	0.0851029759257695	0.0790014722241226	0.0842386661827564	0.0846568856673516	0.127978161000285	0.127838917898169	0.124845736903296	0.12933718419825	0.156004388249505	0.153009052937945	0.157021962252543	0.155964596560007	0.167490193554266	0.16827932307328	0.167671148784415	0.16755933458804	0.159955702258009	0.159822485058462	0.159131958204042	0.159089854479488	0.13946155901318	0.13703377023839	0.138022466263022	0.137482204485407	0.123155334987042	0.123700871211251	0.126262922323663	0.124880871478043	0.115584002619849	0.117189676993953	0.116288334798956	0.117937985587242	0.132622749647972	0.135296919443613	0.134220569039301	0.132859761869114	0.151162871972787	0.149239260910299	0.148850830398614	0.149747036718299	0.156328372162806	0.155633411673834	0.156743019212359	0.156295196951002	0.167569909839649	0.168662233097208	0.168478476796614	0.169289380266529	0.167179868837298	0.169203461470791	0.165246045313752	0.16637062437816
2026-04-01	0.152566702243353	0.156104467153157	0.15507185060177	0.15525698000172	0.148967678704967	0.149536147252359	0.148437956838687	0.142058217203987	0.141910980939608	0.141696455443878	0.145351281226227	0.142041282390287	0.142969459955017	0.142704451667634	0.141815207817681	0.138510880559668	0.136305936712267	0.134913326520998	0.136667336828598	0.139113399938136	0.130513465943592	0.131034164938669	0.13201822860042	0.12943414051732	0.111844697746756	0.116401822714552	0.112545244640825	0.112208234897867	0.115530307489244	0.115592312305662	0.114268617931944	0.11360876227315	0.123656065651179	0.119086845593837	0.121089021273199	0.122168067481784	0.0951482190813646	0.0976422534854307	0.0975375340834543	0.0976719933497505	0.0926299041612718	0.089784648164336	0.0926300727013331	0.0919553749730591	0.116398169158725	0.116932023629067	0.116047767314903	0.118622039897305	0.125976543366655	0.125906814113457	0.127241571784084	0.123875070735803	0.122827783275329	0.123040108150421	0.120607422354304	0.123524686219947	0.132424842660103	0.131866369637719	0.13150144919963	0.131207338502548	0.144636078898281	0.143837430783137	0.14648391675217	0.145042573566412	0.154554841393834	0.152338492653379	0.153462380849228	0.152644285103559	0.135848300836355	0.135077435604485	0.13689949077912	0.136174772780041	0.119346214687677	0.118968552605643	0.11838249399144	0.119302738715239	0.118750774866886	0.120056823531502	0.113659088466794	0.116533313134818	0.130374700112742	0.129446805607069	0.132245085571992	0.130933408708198	0.146649321706638	0.142906850206484	0.144155771432473	0.144288056654405	0.152367560364291	0.151194673169064	0.152685396090176	0.153752370376469	0.151264575971184	0.151269011714371	0.150264152429453	0.151202259884993
2026-04-02	0.153670813056382	0.153626306966975	0.153748692960445	0.153954187016197	0.147304477851164	0.149331597163938	0.148628483121394	0.145735441863504	0.141547191208373	0.143868782606722	0.139214547797745	0.14136947838716	0.141614252405723	0.14204625184994	0.141430495652736	0.138909000091602	0.129923740261349	0.128133847836787	0.131884219583138	0.129058192318726	0.0969925787071471	0.0969554354584066	0.0988624418919155	0.0981895439425308	0.0522787097896878	0.0529996995358707	0.0535291683508854	0.0551924223235561	0.0209831824440305	0.0217565595588203	0.0217055364700499	0.0195547215270993	0.00929538269971326	0.00853790822446842	0.00810220787363509	0.00806450120218323	0.000937967424589016	0.00147196198409638	0.000953171056109383	0.00263689953520523	0.00564275968941951	0.00604214411412937	0.007010342905152	0.00830475329129913	0.0251555434990231	0.0281205438567976	0.025620655549295	0.0251032570948842	0.0583591403105229	0.0582308168534485	0.0583266681066523	0.0560833747293763	0.0935317045984696	0.091127012495179	0.0894961147420934	0.092845168164258	0.112725763881253	0.115998921564033	0.113924009828602	0.116351304726111	0.118057241167088	0.119250051855723	0.116576753989206	0.118115952987982	0.10190009803599	0.101652167110817	0.10343408326098	0.102013651592213	0.0716733565138827	0.0714285520256626	0.0708071411285505	0.0720909503319042	0.0446895354454954	0.0478402867904062	0.0462586673995303	0.0452115103645681	0.035935079769974	0.0356183288239969	0.036253883079378	0.0361927083266511	0.0530506765108656	0.0500079341556004	0.0507409951429638	0.0512003941905701	0.0537679102024328	0.0516681975106144	0.053088161985004	0.0534757303019487	0.0406171682601543	0.0394817659764879	0.040236063840089	0.0426650019232688	0.0353922931837434	0.0335651144513583	0.0327308763882415	0.0353117159766568
2026-04-03	0.0361076624163288	0.033248546550769	0.033708175411999	0.0339356156209033	0.0389032697758481	0.0381714073869257	0.0396951135239615	0.0382302093132646	0.0510890124692189	0.0517122518582538	0.0473900121473738	0.0508087235251536	0.0454746711253469	0.0467646105470569	0.0488387042865212	0.048922014041075	0.0386713819125103	0.0437426823418255	0.0389924795949867	0.0375934561506774	0.047058822015408	0.0475513832416349	0.0479105191940923	0.0454792755488648	0.049914721213561	0.0498659892468214	0.051624020418401	0.0515952691212167	0.0614058996413842	0.0625148259677107	0.0638756757439625	0.0612035986469426	0.0923099243636268	0.0905868821732183	0.0876692850623932	0.0934339084007617	0.0733922793638185	0.0734941991722268	0.0705228192349515	0.0705907022290031	0.0423286343136047	0.0413600216924522	0.0414205322202104	0.0418908117737327	0.028961710621949	0.0288657728149158	0.0272133668978175	0.0269591496653177	0.025765912801833	0.0292730018009815	0.0251390468061977	0.0268220385909878	0.0285507382895834	0.0243405454261608	0.0253543438979107	0.025754372386345	0.0248308645193033	0.0231097554820195	0.0239467001576076	0.0251126798410696	0.0258327248708747	0.0263916594602249	0.0253303983152267	0.0264452173536737	0.0303853091721944	0.0230494701175491	0.0309409466597167	0.0296242740505398	0.033720010831957	0.0312419423536524	0.03098986928398	0.0320481775304106	0.036593521029631	0.0383570571051781	0.0397735615050548	0.0382758603601361	0.0446656681533092	0.0473555963814289	0.0480339883625867	0.0399447471026751	0.04733181841568	0.051349856880188	0.0505300727345814	0.0507882519695506	0.0515831692528785	0.0498082456603979	0.0516297285876988	0.0559788564990247	0.0511496301636257	0.0504206312175433	0.0507364463750528	0.0506932922437782	0.0431027610853784	0.0422746080759264	0.0422134181164728	0.0444092127222224
2026-04-04	0.0330903379063032	0.0326720558728151	0.0322517938652542	0.0299858123556275	0.0196339138827572	0.0206716938307958	0.0214375571276639	0.022256835158783	0.0140041105590047	0.0111463855080227	0.0144132817203448	0.0134362222126277	0.00952988366965928	0.0121765453760482	0.0077073705470435	0.00958620040724901	0.0161598936500472	0.0172592938977401	0.0162931741795675	0.0152876382726452	0.0267552218174152	0.027490712341608	0.0317389790654866	0.0290150867754901	0.0317516480200209	0.0316828341467397	0.0299009002009697	0.0306646176322697	0.0220893066279946	0.0198222868907265	0.0186489832259147	0.0184394232553642	0.0148374646210554	0.0111925396923772	0.0145289823590553	0.0134410133275121	0.00730892588787991	0.0110162447115079	0.010646603325609	0.0110282260750032	0.00766555032937098	0.0121793394174264	0.012487017478387	0.0126680927748156	0.0138253530075175	0.0171805571286914	0.0170043863893837	0.0189897034744074	0.0262399945272758	0.0259992525737645	0.027881281607403	0.0278794712915567	0.0408935896951475	0.0384438704010811	0.0408609822156487	0.0398015576881227	0.0522203981942204	0.0529457919928242	0.0520916499513322	0.0527421598616233	0.0608172785596566	0.0612971581288391	0.0612744835622113	0.0616110797492929	0.0734587167241037	0.0730187720119546	0.0735533821395429	0.0739691291243988	0.087241015873704	0.0882335455538967	0.0893025228923291	0.0852229156800702	0.0890988254683789	0.0901453575152021	0.0907650718478931	0.0879907451685258	0.0805920980073474	0.082163151706731	0.0815183884305327	0.0797263618553889	0.0700915512406945	0.0678128160329467	0.0676665462692408	0.069429086457118	0.0614050485440812	0.0603746112096377	0.0643415810970819	0.0618787591491993	0.0657765503518862	0.0668653656042719	0.063650356996659	0.0627077270471829	0.0694189789562455	0.0691403231439624	0.0665123415427358	0.0669283563570564
2026-04-05	0.0636653632521963	0.063168840564544	0.0623118974768174	0.0618538987064423	0.0482183241145729	0.049386890198899	0.0500856489908895	0.0513091366956386	0.0381827999727074	0.0392378046603549	0.0394178324514047	0.041161562915533	0.0344291283336479	0.0397415389283148	0.0387785711061464	0.0420507616318908	0.0428373396982062	0.0423800310447164	0.0411848807748106	0.0425977484822668	0.0426811383659992	0.0432056173359121	0.043759359823012	0.0423538844750767	0.0344912118016209	0.040400338451307	0.0392264163623146	0.0388820333847575	0.0289754654036307	0.030099358306613	0.029461050650179	0.0304641256395773	0.0399532879165576	0.0396502005746816	0.0387910694802033	0.0376054420285575	0.0532587129693425	0.0508297566847361	0.0533904407250153	0.053521089620906	0.0671421670752831	0.066431927367694	0.0676791243021541	0.0657467812548688	0.0770961191809237	0.0783541739785097	0.0778643420473772	0.0776853647931895	0.0899482576478338	0.0914982637260668	0.0898893005072683	0.089664178118831	0.101175073883904	0.101862087439879	0.0983869310134999	0.101575907662716	0.107489562095643	0.10801331775686	0.108200845498926	0.104296274648571	0.10945870947675	0.107276361343002	0.106911769738103	0.107353159442145	0.100612844267149	0.106175012491397	0.101767691235448	0.101444452006006	0.0764717950705283	0.0801443370635909	0.0804237579091569	0.079960109956724	0.0662847221029477	0.0623119782491686	0.0660178691241663	0.0643854305237173	0.0644777356560107	0.0651689337877496	0.0632091893175117	0.064144141238728	0.0645362296634997	0.0642622278077063	0.0649214259405865	0.0652801165882075	0.0671085345513613	0.066076227577277	0.0660208106488612	0.0647944272225005	0.0737011880626343	0.0738164848822519	0.0725858707394518	0.0738964563156619	0.084008699828666	0.0837952411827441	0.0878179999749792	0.0853780590136106
2026-04-06	0.0929801099245978	0.0919978767065272	0.0902279828164738	0.0947940305524012	0.100962671555163	0.100264781838009	0.101730091779877	0.0990424548269521	0.108241256585658	0.107254555313877	0.105261792359519	0.107242395740946	0.107034376572373	0.109840052744365	0.109052489312673	0.110073081370589	0.113521288405006	0.114636045187264	0.114271279217501	0.11257138719023	0.115817599876637	0.113984530862307	0.115147507412706	0.11605036184835	0.104684142952496	0.102878933464463	0.104891436059911	0.105545487523129	0.0914370958365931	0.0902021180488749	0.0906823340834942	0.0906784520310378	0.0962646340718007	0.0919316775517006	0.097680605968438	0.0951230824080607	0.111001936983616	0.109906286763947	0.112298727808238	0.110793048444198	0.133830694498383	0.128798340330565	0.132906268419327	0.133464696751725	0.15741781946943	0.154525542869341	0.155377447533762	0.153679190127467	0.172463756377205	0.171993075752112	0.17330572331796	0.176237444552722	0.180687874497705	0.180402001483144	0.183203154377219	0.179706969641931	0.182126293110464	0.181271311723189	0.18054770478542	0.181054690380927	0.17548590440018	0.174090443763241	0.174211636280345	0.175212015556233	0.163437047025578	0.163552208604418	0.164904522444144	0.169106221925861	0.143894849336058	0.144090663415392	0.142971487018533	0.147043000230017	0.119857434632569	0.118421716893518	0.118364900977134	0.119355947496779	0.110897021891897	0.114036698644804	0.112133493468311	0.109932785994988	0.110408279767266	0.109236446932792	0.111831860389919	0.110523412910023	0.0999831755787166	0.103151636447373	0.0996239592356862	0.100241228738224	0.0814059227557674	0.084358477412712	0.0785107821755086	0.082724817656012	0.0782448659566924	0.0774339389253422	0.0789179851156474	0.081403210002318
2026-04-07	0.0964018086311565	0.0939613399520962	0.0996161973809345	0.0960206540358128	0.119438350066718	0.117421537178144	0.116227575902908	0.118912536852231	0.140855647428186	0.143443860394265	0.141314677546137	0.139385814631412	0.161996698001149	0.164660597919553	0.164645689190826	0.164697014888473	0.174398687998539	0.172620133346303	0.174855366400079	0.175125812255079	0.169360794923425	0.169480912880703	0.168455609901859	0.168702682294014	0.152354407161962	0.153220151441925	0.15244868108932	0.156976760306793	0.137871128989619	0.139087337591384	0.139170252166738	0.139871281252259	0.152018454288584	0.15206632621876	0.152977491754503	0.152937727738153	0.149611581412269	0.146161442262473	0.14779105848333	0.147435917841928	0.122483775474183	0.123852291611393	0.122247092046023	0.122416840868401	0.100963157437659	0.100015307323735	0.0989441895986444	0.100077345639962	0.0807501183870017	0.0789635307501293	0.0790813162695144	0.0812050345933547	0.0531242528397087	0.0527604186963242	0.0550495462146068	0.0540657822493603	0.0365405868718213	0.0364088162043838	0.0352997234199506	0.0377508735038443	0.0377361129352003	0.0387368356427444	0.039631556305822	0.0398954951162333	0.0626873744290357	0.0619045444847322	0.0620107706831323	0.0623973104030997	0.081849407579239	0.0827380937698722	0.0855032026149176	0.0829092960359712	0.0697879760447424	0.0682799388551353	0.0665655156496086	0.0673665694505138	0.0471507047870782	0.0451557256711686	0.0493033233212833	0.0483902462204699	0.0467735341453183	0.0487382192861952	0.0463560706791012	0.0491321758893853	0.0560392905723035	0.0525708317262256	0.0546099116618054	0.0547799660396655	0.0500215646068591	0.0489896645745393	0.0506298897293508	0.0503588810892508	0.0392077285125066	0.0383188425631009	0.0394597553658691	0.0410136735585234
2026-04-08	0.0334655354533437	0.0314401128361122	0.0311583687339084	0.0329359829766357	0.0473707575335461	0.0443304707418701	0.0459538819865787	0.0443448897380051	0.0709250033150516	0.0690461650542668	0.07103028645029	0.0699985451803916	0.0744339403304995	0.0766707559733713	0.075216921079127	0.0766783826170021	0.0711729494531123	0.0735431760268993	0.0710552433156149	0.0682286312043734	0.0741494755757447	0.0750679428195911	0.0756142833254152	0.077168298279249	0.0517010646973296	0.0569073488277954	0.0533137231607704	0.0530778633141047	0.0215443181851701	0.0200987918935514	0.017330829978961	0.0190260599423175	0.00808645158931877	0.010394261492825	0.00963475055784787	0.00788453636000835	0.00717369080014376	0.00799732384324127	0.009187763510342	0.010641221846273	0.00512066591353071	0.00815213427542787	0.00609849689950148	0.00662870291153994	0.00230885588603106	0.0028890733456196	0.00208350208777073	0.00371856868057861	0.034788382228276	0.0329506992112378	0.0273498112079707	0.0329111073525155	0.0771112571864825	0.0744164670835396	0.0776928502528659	0.075779425477112	0.0879601953133545	0.087539102823316	0.0877853264016973	0.0867153754616322	0.0891163365333667	0.0891296635402198	0.0882646347434607	0.0854893651829527	0.0748023261549223	0.0741355718724688	0.0733691751870292	0.0746929267855797	0.0524099690426528	0.0523302079616621	0.0552052177338471	0.051054605261838	0.0527414497616316	0.0550260378581627	0.0543507278207982	0.0548817845594075	0.106760024237822	0.109110639406731	0.107913534597501	0.107215801757946	0.214646399161059	0.214690214761215	0.213093441043915	0.214569945033811	0.234959862584054	0.236265379760281	0.234597408061162	0.235177349594503	0.242767374282211	0.242411272241231	0.242248166771242	0.243573186705315	0.242248015157419	0.242499611485784	0.243378062318644	0.240874311038153
2026-04-09	0.242751996690812	0.247234138352569	0.242301956291706	0.243711908664913	0.24541405492153	0.244719175063526	0.24749160952359	0.245375160491354	0.247158194313523	0.244865508818762	0.247522059482548	0.245454237385168	0.246969151025978	0.246457572508642	0.245300645305203	0.247272631160176	0.245211282666874	0.248356661481013	0.244564712726109	0.246867343126005	0.244431132784956	0.245609695668632	0.247494060403852	0.24446511114256	0.24359759942276	0.242764109412001	0.244800855403534	0.242837435761704	0.242987849024271	0.24340023384016	0.244023205507269	0.2445887116283	0.242968569678935	0.241365629718864	0.246012134850105	0.243653665752096	0.238040016449293	0.238397240462554	0.238790476419759	0.239772266668394	0.23334651655204	0.230977625483374	0.232503148503229	0.232172709461357	0.229400509468081	0.22918316257221	0.231038791143262	0.230377536816448	0.231071205516749	0.23257269662009	0.233880347919819	0.232475749943342	0.237710133533995	0.235334474917588	0.234175111976584	0.235780279571833	0.234739184398549	0.240611302805477	0.240385928232698	0.239263584563276	0.240378203566088	0.241648649104017	0.24063876584763	0.238334381482266	0.239104455735047	0.236629417793946	0.23908121755545	0.241184908915557	0.232322005107078	0.232375878677069	0.23463462393771	0.233667492278143	0.220032768253498	0.220025872680318	0.219690333034613	0.220251026031571	0.203160736246261	0.204486950739343	0.203893721635279	0.203458591379117	0.184163670681421	0.185832794365044	0.184989940900576	0.185013594052959	0.167463406498032	0.169079256167704	0.166376160468156	0.167081176866108	0.150225325245129	0.145541533501211	0.153264631781513	0.153968509472146	0.142002639923967	0.142189605551728	0.141300485667375	0.140507268856929
2026-04-10	0.144242525590982	0.142981394516445	0.143286309242674	0.1414897706499	0.145135188790635	0.146312644481568	0.146162949058582	0.145389217669215	0.150591021348921	0.149391301502035	0.151345653380379	0.149672023768664	0.158460446659532	0.157586190038402	0.157170675692339	0.156782687609727	0.170716646029956	0.168098977712979	0.170326070075921	0.169858306181143	0.178430741147249	0.17937495850933	0.177013287331398	0.179181013012023	0.171465991014243	0.170867264730512	0.171500979868529	0.170165764386716	0.186718196764767	0.185552119602198	0.186775290532961	0.184954393100074	0.177481625821527	0.174828685319646	0.177904068450424	0.176785620408404	0.150270561250786	0.150442471549513	0.149653209617154	0.150633757582547	0.138802024362952	0.1391929352758	0.142394501076732	0.141610539284516	0.127197109838942	0.128962340990248	0.128031679409081	0.128808869761729	0.110961963347036	0.109772279900392	0.110773838599507	0.109491918153065	0.102541527757816	0.102802829501818	0.103236379401458	0.104419263338908	0.107476177476493	0.10728611289111	0.107994759761259	0.108242949871138	0.119178640014635	0.117325833375179	0.118579063508094	0.120916463102091	0.134115236064384	0.132375610345071	0.134546520461979	0.131962633128566	0.129541629767875	0.127037466548891	0.130226968752966	0.132193934930268	0.142604539817593	0.144967407790231	0.140944027405413	0.143484024986763	0.146342878252008	0.149959838149566	0.147756652200602	0.145940631397823	0.139147301763578	0.140110446182223	0.14211158771949	0.140630664334709	0.11239520909485	0.113900391159581	0.110798413848608	0.110905985896961	0.0766313248272716	0.0772586516360524	0.0751703208553572	0.0749397026813189	0.0533313841042303	0.052384491493123	0.0531347074223983	0.0541494169802483
2026-04-11	0.0426449361612546	0.0400563332595785	0.0420570520452101	0.0422416785339568	0.0424885926212448	0.0424376968108359	0.0444565821779344	0.042617128389985	0.0520720397350632	0.052096898063475	0.053337184800735	0.0544938774007268	0.0639110360552893	0.0661208228204395	0.0627570828182163	0.0632110583060549	0.0720400161829438	0.0729433297322575	0.0732482776277958	0.0717683764570029	0.0784431871860307	0.075422121833805	0.0769601475148248	0.0771745434653395	0.0617617659914443	0.0612721284875321	0.0614479135188634	0.0615181920021602	0.0450383744133491	0.0421720452932206	0.0426374506804271	0.0431521296130033	0.0316869692054187	0.0303355939259015	0.0292968985940632	0.0286805382746165	0.0225618864588063	0.0194649148062001	0.0186361198033969	0.0183370789315967	0.0139696251826285	0.0141075061976475	0.0133879036863289	0.0135349649333952	0.0121975129328273	0.0123012858409647	0.014123407575203	0.011377793651005	0.012775931519782	0.0116345177715429	0.0126152379284024	0.0129743127802728	0.00588751964887124	0.00746530294453774	0.00536035624782288	0.00528682115876813	0.00452928755447124	0.00383261080251376	0.00582679552870324	0.00481130611431176	0.0182629505482718	0.0186117612254798	0.0180280396185285	0.0160972486077199	0.0314421404069126	0.0302346705060339	0.0317914850349431	0.0345317040521104	0.0531112014886439	0.0527944884520461	0.0538737779266631	0.0512205321326469	0.064804002645758	0.0655941059310083	0.0636974254118996	0.0669044660113341	0.0470181535450396	0.0492698333023216	0.0469476247160674	0.0487643884365714	0.0262745044726383	0.024839894104955	0.024164272668285	0.0257213287541216	0.0140485248484735	0.0160205118696899	0.0144536889445896	0.0164772743372469	0.0137353056786357	0.0121363993304546	0.0114101045893192	0.0137181904015904	0.00921356531083671	0.00982129592177021	0.0125596995493405	0.0104054392180525
2026-04-12	0.00809932362956788	0.00911482482450814	0.00990041519792464	0.00988543634799933	0.0117795100305568	0.00964603282424992	0.00576916988462552	0.0118052872605677	0.01377400207468	0.017935623212567	0.0157957357928705	0.0134946389198824	0.0198426236714733	0.0246124779416305	0.0206257361399917	0.0199191622469046	0.0248037194040353	0.0261346369101575	0.0259917263703054	0.0250699173155018	0.0332636294972651	0.0323455924863588	0.0326439956016059	0.0347467824147703	0.0411329091626193	0.0415874812071148	0.0357076959687044	0.0405719136615615	0.0339100443962863	0.0361248736630207	0.0354088822624214	0.0355561996782716	0.0255404411995174	0.0248557426727554	0.0287014252518728	0.0269023908758543	0.012615604799729	0.0142131363693535	0.0161845914951703	0.0139866673357473	0.00647269384711761	0.0068207175926672	0.0047436421767611	0.00496294638345409	0.00204146495928637	0.00202469789251757	0.0038619872369404	0.00107184991125565	6.82568960965559e-05	0.00641109991376929	0.00125608243221559	0.00026456075791857	0.00498425345855127	0.00163352767328478	0.00643611454701924	0.0039461043211447	0.0103803927798057	0.00452276378504434	0.00944643197498422	0.00865041146016572	0.0162069183214418	0.0163422966551498	0.0180642942959367	0.0173864907274717	0.0244976500716783	0.0256589908850903	0.0259612296948343	0.022882129348397	0.0429351235156785	0.0405676875734503	0.040929061091973	0.0425681278188982	0.0521979814675081	0.0551330433995918	0.0526354623309323	0.0540335128019678	0.043972393548981	0.040473057888336	0.0429087440025017	0.0446458045601813	0.0285006047860801	0.0261070769837236	0.0257044789121417	0.0266878393180547	0.0150654383342186	0.0123730987172282	0.0158446058985756	0.0147168570499776	0.00959357103270778	0.010169875813495	0.00993900517954911	0.00929754797424814	0.00620353351555859	0.00975159857169256	0.00761371565915603	0.00943115225359282
2026-04-13	0.00508896383097003	0.00884200096251504	0.00744705071458278	0.00962198449193215	0.00798609324795946	0.00998752767644438	0.00818426548464012	0.010842113590956	0.0124179171854876	0.0146574631652961	0.013861974536323	0.0140626451128934	0.0226410488042894	0.0219464562623961	0.02007988137152	0.0203326135617945	0.0317891419875264	0.0316320345508529	0.0313358665390863	0.0322429569225344	0.0412754471030912	0.0409487944014878	0.0424185140946935	0.0423572444007275	0.0453482619101963	0.042935729593457	0.0434603208510069	0.0442556876453398	0.024849995973019	0.025213669592867	0.0243480734112784	0.0255882610228355	0.0091287315272809	0.00825891180197372	0.00808853547844829	0.00552382119229709	0.00440929402785643	0.00243729297650905	6.62401087838918e-05	8.71728868506254e-05	0.00215505847283613	0.00288939540593747	0.00205899411848695	0.00489655200273945	0.00509074908976529	0.00684913584401679	0.00566439018480369	0.00539572488141423	0.00983852661244998	0.00803551207497325	0.0103203925389533	0.0068055687736235	0.0139666247272157	0.0142428031530176	0.013993697086493	0.0147968750332736	0.0211090907201457	0.0209381766230972	0.0205487252581116	0.0214040073986455	0.0320725607987292	0.0303363789454794	0.0316409876488244	0.031950072606967	0.0457543520300892	0.0473710196401458	0.0486929078898632	0.0461817204399019	0.0651161575753838	0.0653207201771109	0.0659484492903395	0.0646146729571658	0.0619253531624415	0.0617848394110995	0.0636479976569855	0.0636418097694735	0.0359039464860622	0.0361923747883577	0.0365284159945788	0.0353752627310012	0.0110770487533791	0.0102505048810607	0.0119390421895684	0.0127334041759918	0.00823682576153329	0.00956511305112535	0.00904498880672256	0.0091530723806188	0.00527100951491102	0.0118010417002347	0.0106799262011279	0.0132480225837264	0.0101123805134369	0.0105530981752802	0.0118080244609932	0.0115264968502897
2026-04-14	0.00893492876897107	0.00826305322896055	0.0107995554459972	0.00900246255607116	0.00621928254455624	0.00660485236315593	0.00430663543535719	0.00686922965693064	0.00626986793575447	0.00218415866473441	0.000387156791999578	0.00315881660751154	0.00277466106678626	0.00295973574091363	0.00233026163338318	0.00193534155891693	0.00228300747364884	0.00248551668062899	0.00177696898699602	0.00545450685872615	0.00244091241606121	0.00441953257848483	0.00452567715757267	0.0056138778478813	0.0075499896965384	0.00731172183189022	0.00458629717723029	0.00455199129434109	0.0044005972234833	0.00510168756531817	0.00466543351144506	0.00583228169975347	0.00544196233554199	0.00142496839100778	0.00458574428787728	0.00454732498557295	0.00595621033233801	0.0041109806885769	0.00458060094774522	0.00435220803133986	0.00835465694588951	0.0092919612752579	0.00809649895642421	0.00925688282242838	0.0181341670667119	0.0182921088610933	0.0207700042142624	0.0178037198579324	0.0333409223492423	0.0322383061825482	0.0344754769602703	0.0309452945079392	0.0429992004956588	0.0469643295911007	0.0472807044212717	0.0487557654919687	0.0573469496490733	0.05612139791651	0.0571616844014015	0.0533699680330152	0.0612955572238659	0.0634025338748437	0.0636615296671175	0.0626403792341729	0.0695170187250396	0.0725706971695829	0.0647146753167301	0.0711976087886474	0.0815111658390043	0.0838506718355575	0.0836177358785754	0.0790204264468628	0.101017677473504	0.101169326445744	0.100768882723644	0.101044113357107	0.108761133345625	0.112106503017667	0.105916664719017	0.10721569891769	0.0963238763665659	0.0965870014537799	0.0989844751818706	0.0991046469977835	0.0771174897927799	0.0751972015440114	0.0726528297645546	0.074032478898654	0.044376479904552	0.0466389121362762	0.0457536762726107	0.0482309316865611	0.0243983764810672	0.0230582373863971	0.0244128580788525	0.0231305280536832
2026-04-15	0.0144444954867314	0.0136150516114132	0.013743481575117	0.0141969713267385	0.0151851347255455	0.0114051107571432	0.0166904652983475	0.0157192892189638	0.0124710482582176	0.0121253482093412	0.0121891484903246	0.00821445504211652	0.00661462463175626	0.00665019409458989	0.00427696642053802	0.00645821485311583	0.00327918353600328	0.00317182181768231	0.00617714115276442	0.00537185349354999	0.00972429799225819	0.00724614925317139	0.00907050081563271	0.00595905193893772	0.0188502910162795	0.0160472591876185	0.0177374461002658	0.0193650036958362	0.0342634847158802	0.0328809263352769	0.0330910240359477	0.0337645649128952	0.0520652361231769	0.0489370759791709	0.0477550149898397	0.0522426729078126	0.0451844719099682	0.0459964001771206	0.0434707609175661	0.0463483669953451	0.0377893978275401	0.0385237171277849	0.0383051741391906	0.0373817109054845	0.0298206054790918	0.0298275219728916	0.0316563185783737	0.029695553969643	0.0240059752372234	0.0225602887226486	0.0243063459336519	0.0231273901064761	0.0279139763030357	0.029866103059355	0.0287669819348288	0.0304529387027805	0.0475182477233015	0.043926153503991	0.0449842997023657	0.0425712990703417	0.0618378111497603	0.0653979175775443	0.065030124198838	0.0657341470738574	0.0834496333643295	0.0838888207765742	0.0823946561934126	0.0842668896656837	0.101390651312501	0.0997247985250345	0.100279808733271	0.100604741429194	0.116028724700459	0.114760463268289	0.116468021894309	0.116742790136942	0.123328084664171	0.124599304876587	0.119717136121175	0.120355474338068	0.129374365947183	0.131215871223652	0.12989617934606	0.132513583483105	0.14453524787641	0.147410285849029	0.145293364455971	0.142761101818589	0.163027070606432	0.158063158510578	0.162345557870808	0.162564213012182	0.177574605101221	0.177750633285421	0.177430328519132	0.176244433094227
2026-04-16	0.201333849297401	0.200021560878868	0.201892337868957	0.199752251954775	0.216023865838182	0.214659234839427	0.217677530412172	0.216639368910219	0.222136321981803	0.221738883088396	0.220910375779304	0.222214419150497	0.221967656779573	0.223339183296576	0.223773392751865	0.224919767171986	0.220810304285624	0.223354134298378	0.22372519883598	0.221110362580018	0.218550806220952	0.219159763539091	0.218339151481051	0.218950278758906	0.217585870995074	0.217671666700686	0.218475592525341	0.219266869778899	0.214194185367867	0.215500501511837	0.215187946360387	0.213117366759909	0.205478400449181	0.208338185520868	0.204231380283177	0.203952033746775	0.19263399846971	0.19366847860504	0.192776319066935	0.196921203858315	0.17858500991621	0.181041995216604	0.180551414667309	0.181821580199877	0.172118743096459	0.170477390922148	0.170485366388815	0.174918499592578	0.171402874567943	0.170990850864079	0.170668410705723	0.170937863862255	0.181069850283058	0.179903785730761	0.180602526680717	0.178423837305464	0.19212660386157	0.191839449516949	0.191110464968279	0.190923481653203	0.202349922892583	0.200844196224549	0.200055072601746	0.199750808281122	0.206059190395396	0.206753881876964	0.209270240483179	0.203916687244462	0.20587807254029	0.204563907983387	0.204533335427416	0.204024684048906	0.199671723124284	0.199189758191849	0.199384148007079	0.201754370676789	0.189365555185919	0.188335623250516	0.188147459566051	0.190151361997514	0.174006339005516	0.173677843719977	0.171571499139597	0.17274431813491	0.16415845632723	0.162212001368147	0.163668886962527	0.158960655342096	0.167313278893176	0.170506509948085	0.167033210726096	0.171147000432643	0.175774258930198	0.17750931379236	0.179088710789059	0.179627716488383
2026-04-17	0.18795440124192	0.188415962574091	0.184745475543121	0.186884160640868	0.192005724933091	0.191735227248282	0.192650766543255	0.191608281275373	0.195618196987452	0.19085170298823	0.191288015549751	0.192242084474567	0.19165283905047	0.189249224463202	0.187995012540097	0.189102923946231	0.184658420316307	0.184586828788486	0.184275556690585	0.183479194204622	0.176297763679416	0.174997098187469	0.174304405284311	0.175400732848804	0.162185148809773	0.164048600314973	0.161141929124353	0.162624321750901	0.142439520342058	0.141324257195103	0.142479004303053	0.139757218159786	0.103575791315744	0.102186447837059	0.102092755509312	0.102145005337885	0.0664901331541453	0.0662071173037636	0.0655973060311412	0.0637054435109499	0.0438702803359305	0.041835236407866	0.0429467434282122	0.0443477398279913	0.0355082982970812	0.0349507011657381	0.0347104129032865	0.0358305876338941	0.0419724500482775	0.0451129443623075	0.0418872102221908	0.0430273953672241	0.0584595746161387	0.0590623034378871	0.0611894856695992	0.0592886362763751	0.075989144962839	0.0792497732636786	0.0796817767445192	0.0810793050289632	0.0930272960661744	0.0934802748959924	0.0946746308023612	0.094817798235472	0.106850861470965	0.105974478292155	0.104901660768242	0.107272999468638	0.12082062516501	0.119121366518218	0.118342156242191	0.12071585207458	0.129518973472007	0.12985545584047	0.128626078965017	0.130999491722506	0.1243541836574	0.124612819240116	0.12377399833714	0.124258998765344	0.109640475042351	0.109457824830986	0.10860542102381	0.109296279102853	0.0896470146949828	0.0903602267295321	0.0916358076214284	0.0923569509540568	0.0869237770677027	0.0866633334724368	0.0860135443045943	0.0873993451552662	0.096732624014239	0.0969385267294625	0.0960013141691005	0.0963275350871981
2026-04-18	0.100631625189109	0.100260487838633	0.100008055159703	0.101099831812554	0.0951734108406538	0.0943187781405032	0.0970675926094687	0.0974402184093743	0.0945661080134105	0.0937597606825659	0.0953046695347023	0.0983694617693213	0.106435663153456	0.10352676042747	0.104953337779345	0.105084238639729	0.118752810574189	0.116896485198825	0.116644582278528	0.115706121948458	0.127889075128951	0.128180971486128	0.127674997290873	0.129254956094048	0.137262017434934	0.14083124786319	0.136067279248189	0.137839455453687	0.130433761845126	0.131237341094778	0.131074490402693	0.130254406657403	0.105311091796417	0.11014468174527	0.1065139368488	0.103030289609512	0.0794126540975112	0.081350798589384	0.0810969149850386	0.0831396323280662	0.0637148047464984	0.0655838721007438	0.0647319770368081	0.0649693461159497	0.0536730097951437	0.0544598955394132	0.0581300095725126	0.0557370850929305	0.0526056320730882	0.0522031400739122	0.0525652993092637	0.0506259285437358	0.0507946269961098	0.0543171000837299	0.0517311533526302	0.0511571195675301	0.0572327327651421	0.0580728921785104	0.0573789259959819	0.0583154490603656	0.065879142341888	0.0642836358617227	0.0660589495972163	0.0647782721991731	0.120228686271709	0.118153529975731	0.119037920686346	0.118579863066214	0.121669479828312	0.118432682740165	0.117279969274639	0.118617868156883	0.0971727014094953	0.0957418442293167	0.0944473888872769	0.102638065473911	0.075687892139768	0.0749722020668701	0.0760323308371418	0.07630757495622	0.0637241069436275	0.0630884693441724	0.0638676963101593	0.0623197274020407	0.0510556247026303	0.0527036544516495	0.0487059989951101	0.0515347218506101	0.0354584644432815	0.0352276147013461	0.0360662259710804	0.037247694884292	0.0252319958045985	0.0209774121371416	0.0209136946617996	0.0198768973964604
2026-04-19	0.00945453760747197	0.00884997667517008	0.00869584655046114	0.00899963916689682	0.00295454129406325	0.00251253559800651	0.00402823580435702	0.00250468730357322	0.00361345068116116	0.00382934546324705	0.00164083198478793	0.00491637187080385	0.00705976912794048	0.00548967020076117	0.00625368877330141	0.00719687189799694	0.0128507941376431	0.0130473604140044	0.0115717881878134	0.0115300572605391	0.0145687747093321	0.0152269469486869	0.0163940838119706	0.0148101945300104	0.0108548505482257	0.0124411293726277	0.0125521474873718	0.00815187259177481	0.00821486508880596	0.00914276991565377	0.009274764782425	0.00936760021311526	0.0192844108386761	0.0179517767817661	0.0189198761815004	0.0188439361980574	0.0247782301101224	0.0236137773079773	0.0259991910696587	0.0256088015122416	0.0329285751171335	0.0312919121788675	0.0321989399093223	0.0305805727946767	0.0415937187006732	0.0437345992266424	0.0421813723718351	0.0414903097008494	0.0562292710987322	0.0549281885727804	0.0563371151562094	0.057505425172278	0.0688282156954453	0.0676355013900895	0.0653996410485898	0.0681366418658754	0.0754133406858853	0.0758332855979128	0.0791361619194406	0.0776172117967613	0.0893161667494632	0.0867524611513868	0.087763634834103	0.0881677372650469	0.104022334215522	0.104616248318415	0.102326006167383	0.10403541129868	0.12433989307495	0.126172512913003	0.125902574049175	0.124585019962872	0.134968912991202	0.131929252014394	0.135634060172222	0.133467774822181	0.122989059967306	0.125443499805659	0.123675435243731	0.122892004983304	0.110027887677831	0.109101065981626	0.110046003055061	0.108825043285482	0.0895766109074697	0.0889236192372051	0.0900340299349994	0.0894657399203258	0.0650963021307835	0.0658200301837089	0.0687848690168102	0.0652987986686974	0.0420541788220038	0.0433972962590701	0.0390386347363188	0.0445098901826073
2026-04-20	0.0203298053630896	0.0219901817150426	0.0211676476437217	0.0225123652781461	0.0114343747966384	0.00800118595143799	0.00797197316838887	0.00859246608353474	0.00596770432285933	0.00363675391865682	0.0064112486547272	0.00698429310375665	0.00360958926864625	0.0071426379087042	0.00571179132924841	0.00553598149340113	0.00211706348591589	0.0027527424788656	0.00816745625949078	0.00396273777572773	0.0116424865032996	0.00890925793375296	0.0102269302512547	0.0122213253116927	0.0149293690364034	0.0142601772219331	0.0148334587289394	0.0179769950127242	0.0126589484828791	0.00868521486304687	0.0128917155917752	0.0117641210622988	0.00815738462424822	0.00788920336771415	0.00798664565055054	0.00796676635748709	0.0101003099317143	0.0122808395693631	0.0115431524604828	0.0120756980384398	0.023757022276602	0.0230114267652276	0.021844160860935	0.0193873900972353	0.0338260938745032	0.0333949892827013	0.033288295525701	0.0354906213170945	0.045869305640789	0.0459273810646029	0.0459407636819896	0.0452625496126185	0.0534504094743655	0.0541517877974551	0.0525417055959622	0.0488560971322172	0.0570093998790215	0.0570243930906357	0.0561828240468774	0.0567833829834654	0.0626521363346729	0.0623467580423905	0.0599198708490525	0.0630812347738841	0.0729323883991162	0.0743935119913995	0.0750860447176529	0.0745880548918314	0.0931276807229637	0.0948655372708848	0.0912042255523371	0.0918025564538145	0.0952800271000583	0.0941786710255282	0.094295628549627	0.0932456733247865	0.0755047024710262	0.0723281890764716	0.07350546828753	0.0746616401649722	0.0467967578471838	0.0482440285317614	0.0492248973637934	0.0477343162572613	0.0307682231538089	0.0311066687098914	0.0329302925133076	0.0311948156229921	0.0253382599295714	0.0243240930104401	0.0251138218569886	0.0252238252029999	0.0241646053306299	0.0235836851180801	0.022550342479947	0.0177013670713431
2026-04-21	0.0182579621580121	0.0207083630672967	0.0186582101668116	0.0193754646078796	0.0193251398162377	0.0165798140076844	0.0175291646605546	0.0175658815155234	0.0164707130242901	0.0160242722733389	0.0160565797890268	0.0174484349133442	0.0142487882169705	0.0127826455662532	0.0145019484975957	0.0164666177191807	0.0133971954817663	0.0132524447131907	0.0118406486883847	0.0125097111166583	0.0125189474893076	0.0131545118822867	0.00972160356518674	0.0116049370632189	0.0155461038623711	0.0178955785517568	0.0155329340682677	0.0190253835176044	0.0215362386111359	0.0248995795502047	0.0222248211559507	0.0253393606827087	0.0265998334449791	0.0259167856034434	0.0246889343422872	0.0247944466092902	0.0244711740803142	0.025603450928272	0.0265560294621176	0.0243693455292963	0.025887360303829	0.0227757881872742	0.0225080885021091	0.0228287630067877	0.0212219381012339	0.0211928998061096	0.0222219326466829	0.0223632294459736	0.0268608782432904	0.027036059865799	0.0285426936937095	0.0255603681972011	0.0364131165460383	0.0373824892642821	0.0387556096868098	0.0384487845028697	0.0435076968592781	0.0441115444373608	0.0458293852837574	0.0465513734196037	0.0524869127479215	0.0509748837723311	0.0553172289375984	0.052220974542149	0.0654135869487023	0.0657813986045167	0.0659419730290016	0.0668630414177795	0.0844443378067897	0.0872967428668579	0.0864275961023797	0.0848313232239727	0.102092741263403	0.100992034914437	0.100763810681752	0.100151413140408	0.0928554338900817	0.0927250033896918	0.0912322256889976	0.0931873370312289	0.0823073848935301	0.0804249312087421	0.0817522983063709	0.083515385591357	0.0668727142824732	0.0651776620972712	0.0671104560195076	0.0668391676007481	0.0494975877659562	0.0539506216543214	0.0510874828841018	0.0484643076956206	0.0393727857427275	0.0386814512824034	0.0397608652811134	0.0371848976937558
2026-04-22	0.0266091546604931	0.0314344506826785	0.0287379430956412	0.0262184515611873	0.0301879482781675	0.0277094193598574	0.0296315112781418	0.0294711210838333	0.0459423210292577	0.0446896282634384	0.0432494283301401	0.0421186223771638	0.0588358634491543	0.0602852983233038	0.0602747222482982	0.0586041159792437	0.0733022548958571	0.0704346163791712	0.0699745819921207	0.070288546732851	0.081123894367398	0.0811351179116359	0.081029328674344	0.0827116590466221	0.0769082587213524	0.0803065408707053	0.0802850877583068	0.0815001126496355	0.0627476992832866	0.0601574949898796	0.0647603510762961	0.0633344546505377	0.0334692596218355	0.0333800434399112	0.0322813061393962	0.0338693907988571	0.00894095260916655	0.00821069973423294	0.00883717816891242	0.0130111694876881	0.000914112331942319	0.000543783094011387	0.00149537446989902	4.6730104147274e-05	0.000435139003128212	0.000105171243366544	0.00158568248729391	0.000874007266211337	5.07326972616177e-05	0.00318392625005703	0.00208275659086248	0.00268258446181888	0.0192007821626257	0.0176637499497574	0.0195143533613093	0.0176211145263076	0.0471863597713425	0.045356503350112	0.0467048493698372	0.0467522875087083	0.0651339245202363	0.0636062585029732	0.0639463246138158	0.0633134923629747	0.0622035401398284	0.0631757724059206	0.0634535130605993	0.0621671743936518	0.057148145539573	0.0601747547415894	0.0582617562459641	0.0604153434728735	0.0568042621253313	0.0546481836717835	0.0555782229833777	0.0579693312195074	0.0382134501829628	0.0379543933377267	0.0378994413231056	0.0379327151562049	0.0155620026327827	0.0155151096416855	0.0146954526026095	0.0162274351229223	0.00084805875265572	0.000424620871220597	0.00519339672936395	0.00253392364675973	0.00994678525395289	0.0128944010235889	0.0101121547059724	0.0120466590164859	0.0257258184150431	0.028098031199035	0.0264596441370997	0.0307165062488223
2026-04-23	0.0520817215500212	0.0491023936254913	0.0498003954755422	0.0500154893489453	0.0703336434562166	0.0699122737183476	0.0715601944854715	0.0711938883399643	0.0863032629701962	0.0822309840232593	0.0845415233453208	0.0839242296612237	0.0975069490447481	0.0979209561407471	0.0941412798943062	0.0964308149201986	0.110837452341898	0.112748931741272	0.111661423351464	0.110752192565365	0.118477765022776	0.120801286261582	0.118652451413032	0.12006849730261	0.111756401451098	0.112272541093237	0.112302785935942	0.111668271519723	0.130010452815462	0.128571910227217	0.130469762446127	0.126947874511194	0.125058942774336	0.124758522743113	0.125663149215086	0.125519385267466	0.11233330742948	0.111902253390448	0.111016795470043	0.111747643710029	0.101168338877759	0.100964889547737	0.101473723157595	0.101393048416909	0.095402624171102	0.0985809825623677	0.0971963148861798	0.0948200783803504	0.098099262282086	0.0987618327862621	0.0999013980452146	0.0992375068864373	0.108361339065482	0.112177884422281	0.109301637315183	0.109159139197054	0.116195460618654	0.114021665278304	0.11829537141815	0.115487502684892	0.103664732306547	0.104958097366405	0.107417345173817	0.103959825153231	0.0974341739059829	0.0974986777232563	0.0958399234259395	0.0952272249448213	0.101178385520849	0.103385127546012	0.103554607669408	0.101881879263731	0.107169534188604	0.108807721054749	0.111021257126163	0.111001487630484	0.121196634241991	0.122046571021158	0.120676114866108	0.120080679870743	0.116208320913736	0.113736757289519	0.117046354977619	0.116008566819127	0.113394305058437	0.112941818791257	0.113067763503886	0.110596112646419	0.121043867761323	0.119929030894165	0.121542527278729	0.121484574065783	0.126650073131812	0.133318407211645	0.132443912055196	0.133587607601347
2026-04-24	0.141550836337765	0.143938018999852	0.142802577772587	0.142708566889796	0.149279981781924	0.150616593203484	0.151752656633962	0.15135076838063	0.156228151346872	0.153285643362663	0.153330912563717	0.153155292726747	0.155965215579674	0.157794437119672	0.156837553233137	0.155402794067517	0.15857410252306	0.159465960807661	0.15921700107719	0.154742935592089	0.158621954322562	0.159794188339545	0.163293650976745	0.160290206361148	0.155627803699639	0.155699423438341	0.156868143769073	0.153804629092947	0.165538266264025	0.169206881823626	0.164598985209819	0.163655866702531	0.148787371372009	0.147938846903364	0.146619188394055	0.149654593330571	0.120150967293498	0.121558066893177	0.12173527093191	0.124555694881415	0.0938518898937015	0.0900539746105751	0.0915628400318289	0.0935312954638945	0.0655244086846049	0.0691308037599649	0.0703897678262802	0.07095501972915	0.0645449069741247	0.0628775672673407	0.0632946047111591	0.0602829210473755	0.073509740228856	0.0740380994112248	0.0770794301016682	0.0773727302582509	0.102955581980968	0.102648865794194	0.103725100747696	0.103670451477143	0.135731644255678	0.134140593466797	0.130626552392546	0.13450120988498	0.160299452164863	0.157654129664928	0.158545804353794	0.158500613816415	0.177197075594296	0.176013688062834	0.176457511006334	0.176331725336536	0.180518376280627	0.180137095570755	0.180807669960795	0.182536858187822	0.179551046695364	0.176727861502665	0.178296312930177	0.176424778871793	0.169315027204258	0.167583118556793	0.168391592681596	0.168710261557353	0.145803118756858	0.144999813434386	0.144829997232629	0.147367070576127	0.121433669333949	0.118609310908157	0.121935502285841	0.122021517472053	0.104578216923401	0.105054549467663	0.106400885881814	0.103966347727122
2026-04-25	0.100988754361017	0.104229999144484	0.101689719507145	0.103091526987354	0.107976685958743	0.1074970009158	0.107213333183254	0.106312979942204	0.109201350126714	0.109857014390355	0.110580578306418	0.109361057176512	0.115291970701871	0.113366376418182	0.116875940104859	0.114465712775088	0.113640033884574	0.114856308303359	0.115297321182296	0.11320633662977	0.103642005032889	0.102691166577422	0.10470010964851	0.102966718741179	0.0859584978441366	0.0856168695968982	0.0897250227378957	0.0856996098210694	0.0674457348938722	0.0677693998028496	0.0681564327085298	0.0666284325947484	0.049414271052726	0.0517670702305961	0.0501947233622903	0.0486239353543876	0.0375669168228807	0.0402720584679794	0.0372665457326994	0.0398944789764405	0.0315228499077707	0.0297023344009981	0.0315047502097995	0.0292700654814317	0.0252286162488978	0.0268244872599854	0.0261080070504901	0.0248388894406266	0.0222484438506382	0.0243832964355045	0.0235957822120748	0.0227724775017825	0.0228613219965019	0.023524142345492	0.021789538758091	0.021824996899915	0.0227828650890416	0.0189180730130739	0.0225434750419534	0.0237555868559311	0.0185823359110014	0.0198643828203749	0.0203080989533791	0.0202451823152447	0.0211366895972068	0.0181045387095973	0.0170093847523092	0.0187493869408868	0.0244064159039402	0.0220839196718584	0.024220861431106	0.0232888029930954	0.0328995642682629	0.032765591359544	0.0338015829796715	0.0295332613925216	0.0342137832625211	0.03543321740318	0.0351394241187744	0.0362135752155246	0.0290328520890921	0.0313059502529687	0.031309964396621	0.0313512332613182	0.0232598220127392	0.024277232997809	0.0219033825536948	0.0235595624357571	0.0131552749588512	0.0121892553167474	0.0148612029780584	0.0137942667463431	0.00446127452703188	0.00496688194824694	0.00545205995337404	0.00611978357134714
2026-04-26	0.00190117063830662	0.00160489644384632	0.00103505969538099	0.00545887322246607	0.005133117376299	0.00323403130569881	0.00514229834394677	0.00449055297405542	0.00599542028741239	0.00907521161715289	0.00643541125088693	0.00549395684454779	0.00960235633793806	0.00542934319136197	0.00533946960267337	0.00662883086802661	0.00569432329321535	0.00399189330420524	0.00559096484148048	0.00672281856109892	0.00308794700391561	0.00526816693102933	0.00434768280810423	0.00229620325695082	0.00338835348166179	0.00177224397080091	0.00283795574812841	0.00200144679940889	0.00437962827706218	0.00503600852373226	0.00411902099548354	0.00446534220372201	0.00662429060973088	0.00900048038729115	0.00900340041933381	0.00937182858364416	0.0126530113391099	0.0124009285753065	0.014288228123469	0.0116578319621147	0.0198862651343108	0.0222501258260067	0.0193074746985141	0.0185561343411684	0.0348512938393024	0.0321441119158937	0.0305510877664576	0.0324535064783463	0.0483802037994191	0.047459054469292	0.0470164792555387	0.0501442624757501	0.0672805950598465	0.0661871345835531	0.0657717751061479	0.0667604952504526	0.0815374037248764	0.0842651941467897	0.0828924832727383	0.0833049188555956	0.0923163664078559	0.0922141288326665	0.0930193372198382	0.0904501675396394	0.102325831780515	0.100623170082011	0.100845207376175	0.102205790761299	0.113450517286176	0.113054929726247	0.112428368991752	0.115066183995824	0.114989786139485	0.112829820137989	0.116703738950376	0.113476654772149	0.118710887435999	0.116445338309804	0.121008308677642	0.119835465576555	0.114618801548446	0.116045050843962	0.11194424724199	0.116391900365603	0.105433667575597	0.104469452237521	0.103965266332721	0.107131613854161	0.103075535751934	0.0961029004783878	0.0961607006977648	0.0966608630719131	0.0943955124217494	0.0957836227275587	0.0946413716613923	0.0941794931892996
2026-04-27	0.100713176962769	0.0999358617246184	0.0971861999253069	0.0971647613873062	0.100386533460382	0.101245431640698	0.103242214013964	0.100125820884955	0.100793595531143	0.0989258282448421	0.100300168085455	0.0999804081385595	0.0987255371117708	0.101504697344468	0.100867581585614	0.0999021839581466	0.108693922652787	0.10886206709304	0.108433994965754	0.106010015288419	0.11874969547402	0.117049782389097	0.11941314653697	0.116787375599913	0.11744583956246	0.117296494340279	0.119306140835134	0.117951525262126	0.126715152569578	0.12804752625853	0.127307609670948	0.126929711500945	0.144317482216272	0.144073694515887	0.144768968345693	0.144839854922148	0.159246634039381	0.158638740911116	0.156785183095906	0.161329441953596	0.169998605223255	0.170295825763288	0.170644027790476	0.17106154122298	0.178474377395251	0.178636929647699	0.172049063606127	0.177839629350923	0.17621049167942	0.176354170041517	0.177400480680013	0.17803485759905	0.173427792342141	0.172029759913979	0.169624515922102	0.172917931821778	0.16203458851557	0.163500037756838	0.161816281466071	0.162649092261521	0.14776673129766	0.149027581101614	0.146703437576455	0.14850225002427	0.130143589040693	0.129132255062884	0.131347145162576	0.129377010733847	0.106632714135966	0.10765896311137	0.106916756196644	0.11079156655602	0.0926128149545397	0.0890844620592217	0.0911509463405865	0.0921517766456521	0.0859588060822372	0.0831406235129126	0.0848301388571767	0.0870704315476735	0.0727776945123158	0.0679962506215241	0.0722125693045986	0.0700134855615615	0.0475138963234149	0.0514956560095018	0.0508793776869641	0.0501110699801192	0.0379064418113044	0.0404178658246573	0.0376360508060598	0.0400396415579785	0.0390502922629051	0.0381999346495987	0.0382950678549846	0.0384547052325116
2026-04-28	0.0328452048721888	0.0319406377968924	0.0320932871020549	0.0321208702288639	0.0263431362156376	0.0281978483347732	0.0280689599999258	0.0273900554496634	0.0231050966585303	0.0252832278501831	0.0262035319534347	0.024408143537852	0.030621113450986	0.0263331169471388	0.0281683714525377	0.0288773981493374	0.0420082766318905	0.0406371213476486	0.0417962079215812	0.0405583940988797	0.0556883493695295	0.0566319116896822	0.0585518492230227	0.0561278897177655	0.0525959492049802	0.0524207354499181	0.049544416797789	0.0524388985473127	0.0453308547212998	0.0477866397458236	0.047151871639028	0.0477306338938486	0.0388804386696219	0.0360272852462544	0.0356733785616942	0.0354188975224295	0.0177120033645138	0.0189961236219794	0.017706193860686	0.0175856791528208	0.0078827608191593	0.00620054108138016	0.00521330955458954	0.007703388544871	0.00304078628392141	0.00247395436708479	0.00269337535748942	0.00279188399150437	0.00772367235360106	0.00607625443816939	0.00627641035173069	0.00692366285649887	0.0142569663070079	0.0157786336376904	0.0165636772784372	0.0154007227768645	0.0251261881254769	0.0263052386726282	0.0257954972183555	0.0217730759835394	0.0336383419685891	0.0357314087542831	0.0322286972442994	0.0364015520328284	0.0480732306503605	0.0453886505901647	0.0452200038516657	0.0453181149078091	0.0585336618780683	0.0570954980360774	0.0583948251045905	0.0609760149812638	0.0659778604025444	0.065930594565618	0.0663143867275037	0.0657771583043339	0.0666130747041039	0.0664868905888497	0.0659281940307499	0.0709718406762966	0.0591093732345365	0.060519714606928	0.0620781543283194	0.059292757830216	0.0393507779789823	0.0371435086666529	0.0357103533961659	0.0377953599581988	0.0315984227321856	0.0334108750868982	0.0324575374189115	0.0355331647620047	0.0380185582205851	0.0379764459851794	0.035090899944276	0.0389140958499595
2026-04-29	0.030147705987961	0.0335114591404109	0.0308214047965737	0.0315194300750544	0.0234012167025788	0.0249427781136516	0.0228435221484859	0.0218124830352837	0.012566633766098	0.0115394227077172	0.0110031481699637	0.0108907953562212	0.00585654247410772	0.00684344021436235	0.00679778489029689	0.00550223242123304	0.00787325724482456	0.00577708096712164	0.00472388350896417	0.00562577827908963	0.0041063233000483	0.00696643111698517	0.00496869003325559	0.00795855554971095	0.00744385337114517	0.00649992316402873	0.00534501045685473	0.00671121300797137	0.00888107439251818	0.00971839608234333	0.0084256623644852	0.0109748671606533	0.0144525751165005	0.0144857387117755	0.0178978182178183	0.0151638679539056	0.022416678323449	0.0218201896769903	0.020204909799247	0.0205582222003136	0.0336664172667995	0.0312961823420178	0.0336047412171125	0.0334326591740702	0.0415490825547697	0.0388574541557592	0.0392984071498964	0.0402950561395747	0.0407212227404739	0.0420598428628013	0.0386978986033049	0.04152103579342	0.0390581988070258	0.0377281873073601	0.0378314367215157	0.0403821771640984	0.0363439988202467	0.0354341389563632	0.0385746915840383	0.0396471706393518	0.0367938279242212	0.0371986507330214	0.0388560758087284	0.038151445534029	0.0418307460983774	0.0415625484044419	0.0411553865344903	0.0444513189626905	0.049077893043152	0.04932620209313	0.0468077186836325	0.0467881861800855	0.0520731271285404	0.0529186315130557	0.0519807076565825	0.0530275337018214	0.0588871715169364	0.0582412620366089	0.0577270737085235	0.0581444927379312	0.0582840700168031	0.0580759059717854	0.0587241732804722	0.0579158507309392	0.0494643842258434	0.0515922368088557	0.0518909486932611	0.0470524302720398	0.0452855842605097	0.046037810484804	0.0437642777596312	0.0409123274950551	0.0478361502309181	0.046698046669137	0.0467907339948221	0.0456750691051227
2026-04-30	0.0406953596297569	0.0424226025538982	0.0439894520011455	0.0398925858151995	0.0203203968835764	0.0174552035877028	0.0216593953801661	0.0195650041485548	0.021522939664993	0.0208825204451297	0.0202404371296924	0.0213541027601848	0.0382414284257745	0.0373395819332483	0.0382662178434966	0.0371527717974806	0.0528399739442407	0.0523197750579389	0.0526375777382853	0.0532026732595351	0.059761581073423	0.0572342309526826	0.059440691638492	0.0575634963354023	0.0571114686763617	0.0547098811096405	0.0572119515690106	0.0539666986449872	0.056827230595741	0.0591634100511467	0.0576777119361862	0.0553316474169262	0.0474518405680715	0.0442327678516595	0.0460531741460552	0.0462622174342138	0.0296362848894334	0.0309930108408169	0.0297669509216885	0.0316037533480612	0.0197064042404972	0.0197484342257447	0.0185503181711551	0.017994843362603	0.0110947144498535	0.0123189890740491	0.0128093151260994	0.011776981349998	0.0112920369484978	0.0101814532540956	0.0103841566755194	0.0101423531218872	0.0106240338977533	0.0106849909279727	0.0125582665746924	0.0111327085995816	0.0113218674962674	0.0112164971747305	0.0122860991690594	0.0131755361599426	0.011904902502343	0.0141631469030473	0.0109504706477852	0.0119814799468245	0.0117594454742371	0.012240388562471	0.0143207449065411	0.0136794210567508	0.0147155461665314	0.0184510198991721	0.019117320930225	0.0167161130040715	0.030406957303541	0.0303787858410138	0.02912135269538	0.0310929041600652	0.0452773637150502	0.044763256997263	0.0453425510391448	0.0436168282485421	0.0465090093877342	0.0463368927679878	0.0471089260964253	0.0460451717478527	0.0397342437190543	0.0364113307892807	0.0364245178206594	0.0374299076710057	0.0303517375014118	0.0267225476644529	0.0266312863018915	0.0282944285322439	0.0232333791873737	0.0248624682515435	0.022985727660037	0.0189184249010459
