method,sc_folder,day,num_scenarios,num_stages,in_sample_prediction,path,num_nodes,num_tree_stages,num_leaf_nodes,avg_nodes_per_stage,max_nodes_per_stage,avg_leaf_group_size,max_leaf_group_size,prob_min,prob_max,prob_std,prob_entropy_norm,effective_num_scenarios
dif_ren,100,1,100,102,True,/users/delfos/aina/scentree-gen-remote/scentree-gen-remote/dif_ren_scentree/scenariotree_100/results_1.json,4967,103,88,48.22330097087379,88,1.1363636363636365,3,0.01,0.03,0.004312196809320517,0.9878902574490014,76.92307692307692
dif_ren,100,10,100,102,True,/users/delfos/aina/scentree-gen-remote/scentree-gen-remote/dif_ren_scentree/scenariotree_100/results_10.json,3758,103,83,36.48543689320388,83,1.2048192771084338,6,0.01,0.06,0.008029919374916449,0.9695955030985347,57.4712643678161
dif_ren,100,11,100,102,True,/users/delfos/aina/scentree-gen-remote/scentree-gen-remote/dif_ren_scentree/scenariotree_100/results_11.json,5709,103,90,55.42718446601942,90,1.1111111111111112,4,0.01,0.04,0.004581228472908511,0.9872001637490533,76.92307692307693
dif_ren,100,12,100,102,True,/users/delfos/aina/scentree-gen-remote/scentree-gen-remote/dif_ren_scentree/scenariotree_100/results_12.json,4820,103,83,46.79611650485437,83,1.2048192771084338,6,0.01,0.06,0.007566418538847027,0.9727327385957235,59.523809523809526
dif_ren,100,13,100,102,True,/users/delfos/aina/scentree-gen-remote/scentree-gen-remote/dif_ren_scentree/scenariotree_100/results_13.json,4811,103,89,46.70873786407767,89,1.1235955056179776,5,0.01,0.05,0.005572852479836963,0.983326422082212,71.42857142857143
dif_ren,100,14,100,102,True,/users/delfos/aina/scentree-gen-remote/scentree-gen-remote/dif_ren_scentree/scenariotree_100/results_14.json,6632,103,92,64.3883495145631,92,1.0869565217391304,4,0.01,0.04,0.004078622399846461,0.9896905031703607,80.64516129032259
dif_ren,100,15,100,102,True,/users/delfos/aina/scentree-gen-remote/scentree-gen-remote/dif_ren_scentree/scenariotree_100/results_15.json,3826,103,82,37.14563106796116,82,1.2195121951219512,3,0.01,0.03,0.00518543698182178,0.9836585977032617,69.44444444444444
dif_ren,100,16,100,102,True,/users/delfos/aina/scentree-gen-remote/scentree-gen-remote/dif_ren_scentree/scenariotree_100/results_16.json,4880,103,78,47.37864077669903,78,1.2820512820512822,6,0.01,0.06,0.008304684482411102,0.9682931342726746,54.94505494505494
dif_ren,100,17,100,102,True,/users/delfos/aina/scentree-gen-remote/scentree-gen-remote/dif_ren_scentree/scenariotree_100/results_17.json,6303,103,94,61.19417475728155,94,1.0638297872340425,3,0.01,0.03,0.0028466145021829046,0.9941595822726925,87.71929824561404
dif_ren,100,18,100,102,True,/users/delfos/aina/scentree-gen-remote/scentree-gen-remote/dif_ren_scentree/scenariotree_100/results_18.json,5089,103,93,49.407766990291265,93,1.075268817204301,4,0.01,0.04,0.003944932543622396,0.9903884431972843,81.9672131147541
dif_ren,100,19,100,102,True,/users/delfos/aina/scentree-gen-remote/scentree-gen-remote/dif_ren_scentree/scenariotree_100/results_19.json,5622,103,91,54.58252427184466,91,1.098901098901099,3,0.01,0.03,0.0033331320633193627,0.9920883604520079,83.33333333333333
dif_ren,100,2,100,102,True,/users/delfos/aina/scentree-gen-remote/scentree-gen-remote/dif_ren_scentree/scenariotree_100/results_2.json,4844,103,89,47.029126213592235,89,1.1235955056179776,6,0.01,0.06,0.0063281473439679645,0.9799834848543937,67.56756756756755
dif_ren,100,20,100,102,True,/users/delfos/aina/scentree-gen-remote/scentree-gen-remote/dif_ren_scentree/scenariotree_100/results_20.json,5543,103,80,53.81553398058252,80,1.25,9,0.01,0.09,0.010897247358851685,0.9567282874428423,45.45454545454546
dif_ren,100,21,100,102,True,/users/delfos/aina/scentree-gen-remote/scentree-gen-remote/dif_ren_scentree/scenariotree_100/results_21.json,4372,103,89,42.44660194174757,89,1.1235955056179776,6,0.01,0.06,0.005962471533223191,0.982314919618381,69.44444444444443
dif_ren,100,22,100,102,True,/users/delfos/aina/scentree-gen-remote/scentree-gen-remote/dif_ren_scentree/scenariotree_100/results_22.json,4908,103,91,47.650485436893206,91,1.098901098901099,4,0.01,0.04,0.00420751422397289,0.9890151227262106,79.36507936507937
dif_ren,100,23,100,102,True,/users/delfos/aina/scentree-gen-remote/scentree-gen-remote/dif_ren_scentree/scenariotree_100/results_23.json,4969,103,86,48.24271844660194,86,1.1627906976744187,7,0.01,0.07,0.008049334092965944,0.9715902322412372,58.13953488372093
dif_ren,100,24,100,102,True,/users/delfos/aina/scentree-gen-remote/scentree-gen-remote/dif_ren_scentree/scenariotree_100/results_24.json,5251,103,85,50.980582524271846,85,1.1764705882352942,3,0.01,0.03,0.005128116404165498,0.983886281473511,71.42857142857143
dif_ren,100,25,100,102,True,/users/delfos/aina/scentree-gen-remote/scentree-gen-remote/dif_ren_scentree/scenariotree_100/results_25.json,5436,103,86,52.77669902912621,86,1.1627906976744187,4,0.01,0.04,0.005025623903482398,0.9848269066568882,72.46376811594205
dif_ren,100,26,100,102,True,/users/delfos/aina/scentree-gen-remote/scentree-gen-remote/dif_ren_scentree/scenariotree_100/results_26.json,5232,103,85,50.79611650485437,85,1.1764705882352942,12,0.01,0.12,0.01209535356468224,0.9558024897695104,41.32231404958679
dif_ren,100,27,100,102,True,/users/delfos/aina/scentree-gen-remote/scentree-gen-remote/dif_ren_scentree/scenariotree_100/results_27.json,6519,103,89,63.29126213592233,89,1.1235955056179776,6,0.01,0.06,0.006328147343967964,0.9803921837443523,67.56756756756755
dif_ren,100,28,100,102,True,/users/delfos/aina/scentree-gen-remote/scentree-gen-remote/dif_ren_scentree/scenariotree_100/results_28.json,3869,103,90,37.56310679611651,90,1.1111111111111112,9,0.01,0.09,0.008491099188685689,0.9733065190919472,56.81818181818183
dif_ren,100,29,100,102,True,/users/delfos/aina/scentree-gen-remote/scentree-gen-remote/dif_ren_scentree/scenariotree_100/results_29.json,5322,103,93,51.66990291262136,93,1.075268817204301,3,0.01,0.03,0.003355803555769297,0.992292529844823,84.74576271186442
dif_ren,100,3,100,102,True,/users/delfos/aina/scentree-gen-remote/scentree-gen-remote/dif_ren_scentree/scenariotree_100/results_3.json,4889,103,90,47.46601941747573,90,1.1111111111111112,7,0.01,0.07,0.006573421981221796,0.9808203067365496,66.66666666666666
dif_ren,100,30,100,102,True,/users/delfos/aina/scentree-gen-remote/scentree-gen-remote/dif_ren_scentree/scenariotree_100/results_30.json,4403,103,90,42.74757281553398,90,1.1111111111111112,5,0.01,0.05,0.005665577237325315,0.9828027244818474,71.42857142857142
dif_ren,100,4,100,102,True,/users/delfos/aina/scentree-gen-remote/scentree-gen-remote/dif_ren_scentree/scenariotree_100/results_4.json,6317,103,88,61.33009708737864,88,1.1363636363636365,4,0.01,0.04,0.005041152957458826,0.984794009794286,73.52941176470588
dif_ren,100,5,100,102,True,/users/delfos/aina/scentree-gen-remote/scentree-gen-remote/dif_ren_scentree/scenariotree_100/results_5.json,4434,103,89,43.04854368932039,89,1.1235955056179776,4,0.01,0.04,0.004697650552891432,0.9865690902563968,75.75757575757576
dif_ren,100,6,100,102,True,/users/delfos/aina/scentree-gen-remote/scentree-gen-remote/dif_ren_scentree/scenariotree_100/results_6.json,6897,103,91,66.96116504854369,91,1.098901098901099,3,0.01,0.03,0.003937686344432729,0.9897684117016261,80.64516129032258
dif_ren,100,7,100,102,True,/users/delfos/aina/scentree-gen-remote/scentree-gen-remote/dif_ren_scentree/scenariotree_100/results_7.json,4715,103,92,45.77669902912621,92,1.0869565217391304,3,0.01,0.03,0.0035053294557819783,0.9915991422025698,83.33333333333333
dif_ren,100,8,100,102,True,/users/delfos/aina/scentree-gen-remote/scentree-gen-remote/dif_ren_scentree/scenariotree_100/results_8.json,6240,103,84,60.58252427184466,84,1.1904761904761905,5,0.01,0.05,0.006070261325705697,0.9801004464578021,66.66666666666667
dif_ren,100,9,100,102,True,/users/delfos/aina/scentree-gen-remote/scentree-gen-remote/dif_ren_scentree/scenariotree_100/results_9.json,5508,103,87,53.47572815533981,87,1.1494252873563218,9,0.01,0.09,0.008909343620724645,0.9702109088262048,54.34782608695653
dif_ren,110,1,110,102,True,/users/delfos/aina/scentree-gen-remote/scentree-gen-remote/dif_ren_scentree/scenariotree_110/results_1.json,4234,103,98,41.10679611650485,98,1.1224489795918366,4,0.00909090909090909,0.03636363636363636,0.004160976158071578,0.9873858421257158,84.02777777777779
dif_ren,110,10,110,102,True,/users/delfos/aina/scentree-gen-remote/scentree-gen-remote/dif_ren_scentree/scenariotree_110/results_10.json,6301,103,95,61.1747572815534,95,1.1578947368421053,5,0.00909090909090909,0.045454545454545456,0.005645121991867033,0.9797852878350872,73.78048780487806
dif_ren,110,11,110,102,True,/users/delfos/aina/scentree-gen-remote/scentree-gen-remote/dif_ren_scentree/scenariotree_110/results_11.json,3672,103,89,35.650485436893206,89,1.2359550561797752,4,0.00909090909090909,0.03636363636363636,0.0057854146102170765,0.9783799021778463,70.34883720930233
dif_ren,110,12,110,102,True,/users/delfos/aina/scentree-gen-remote/scentree-gen-remote/dif_ren_scentree/scenariotree_110/results_12.json,5070,103,92,49.22330097087379,92,1.1956521739130435,10,0.00909090909090909,0.09090909090909091,0.009114507950672101,0.9649854003308255,54.01785714285715
dif_ren,110,13,110,102,True,/users/delfos/aina/scentree-gen-remote/scentree-gen-remote/dif_ren_scentree/scenariotree_110/results_13.json,6983,103,97,67.79611650485437,97,1.134020618556701,5,0.00909090909090909,0.045454545454545456,0.005323138452169795,0.9818726812331188,76.58227848101265
dif_ren,110,14,110,102,True,/users/delfos/aina/scentree-gen-remote/scentree-gen-remote/dif_ren_scentree/scenariotree_110/results_14.json,5552,103,95,53.90291262135922,95,1.1578947368421053,6,0.00909090909090909,0.05454545454545454,0.005797179418511373,0.9799234747244516,72.89156626506026
dif_ren,110,15,110,102,True,/users/delfos/aina/scentree-gen-remote/scentree-gen-remote/dif_ren_scentree/scenariotree_110/results_15.json,6034,103,94,58.58252427184466,94,1.1702127659574468,10,0.00909090909090909,0.09090909090909091,0.008759761604815671,0.9680593326307975,56.01851851851854
dif_ren,110,16,110,102,True,/users/delfos/aina/scentree-gen-remote/scentree-gen-remote/dif_ren_scentree/scenariotree_110/results_16.json,5582,103,96,54.19417475728155,96,1.1458333333333333,5,0.00909090909090909,0.045454545454545456,0.005245220615199329,0.9820175726502495,76.58227848101266
dif_ren,110,17,110,102,True,/users/delfos/aina/scentree-gen-remote/scentree-gen-remote/dif_ren_scentree/scenariotree_110/results_17.json,7080,103,99,68.7378640776699,99,1.1111111111111112,7,0.00909090909090909,0.06363636363636363,0.005905577664210662,0.9812321953808281,73.78048780487806
dif_ren,110,18,110,102,True,/users/delfos/aina/scentree-gen-remote/scentree-gen-remote/dif_ren_scentree/scenariotree_110/results_18.json,4433,103,102,43.03883495145631,102,1.0784313725490196,3,0.00909090909090909,0.02727272727272727,0.0030355412416981096,0.992469694505626,93.0769230769231
dif_ren,110,19,110,102,True,/users/delfos/aina/scentree-gen-remote/scentree-gen-remote/dif_ren_scentree/scenariotree_110/results_19.json,5127,103,93,49.77669902912621,93,1.1827956989247312,5,0.00909090909090909,0.045454545454545456,0.005647646852650749,0.9798732574978041,72.89156626506025
dif_ren,110,2,110,102,True,/users/delfos/aina/scentree-gen-remote/scentree-gen-remote/dif_ren_scentree/scenariotree_110/results_2.json,5459,103,93,53.0,93,1.1827956989247312,5,0.00909090909090909,0.045454545454545456,0.005647646852650749,0.9798732574978041,72.89156626506026
dif_ren,110,20,110,102,True,/users/delfos/aina/scentree-gen-remote/scentree-gen-remote/dif_ren_scentree/scenariotree_110/results_20.json,6372,103,97,61.86407766990291,97,1.134020618556701,8,0.00909090909090909,0.07272727272727272,0.006861482743288894,0.9768650778817513,67.22222222222223
dif_ren,110,21,110,102,True,/users/delfos/aina/scentree-gen-remote/scentree-gen-remote/dif_ren_scentree/scenariotree_110/results_21.json,6871,103,97,66.70873786407768,97,1.134020618556701,5,0.00909090909090909,0.045454545454545456,0.004819104079543558,0.9846275385496578,79.60526315789474
dif_ren,110,22,110,102,True,/users/delfos/aina/scentree-gen-remote/scentree-gen-remote/dif_ren_scentree/scenariotree_110/results_22.json,5200,103,94,50.48543689320388,94,1.1702127659574468,6,0.00909090909090909,0.05454545454545454,0.006447130875241376,0.9759781511364912,68.75000000000001
dif_ren,110,23,110,102,True,/users/delfos/aina/scentree-gen-remote/scentree-gen-remote/dif_ren_scentree/scenariotree_110/results_23.json,5658,103,96,54.932038834951456,96,1.1458333333333333,6,0.00909090909090909,0.05454545454545454,0.006151659760951407,0.9780407645805952,71.17647058823529
dif_ren,110,24,110,102,True,/users/delfos/aina/scentree-gen-remote/scentree-gen-remote/dif_ren_scentree/scenariotree_110/results_24.json,4604,103,89,44.699029126213595,89,1.2359550561797752,12,0.00909090909090909,0.10909090909090909,0.01107320141603077,0.9559184239522303,45.14925373134329
dif_ren,110,25,110,102,True,/users/delfos/aina/scentree-gen-remote/scentree-gen-remote/dif_ren_scentree/scenariotree_110/results_25.json,5492,103,106,53.320388349514566,106,1.0377358490566038,3,0.00909090909090909,0.02727272727272727,0.0021354887818162485,0.9961131188160661,100.83333333333334
dif_ren,110,26,110,102,True,/users/delfos/aina/scentree-gen-remote/scentree-gen-remote/dif_ren_scentree/scenariotree_110/results_26.json,4910,103,95,47.66990291262136,95,1.1578947368421053,5,0.00909090909090909,0.045454545454545456,0.005162145056176529,0.982918970246918,76.58227848101268
dif_ren,110,27,110,102,True,/users/delfos/aina/scentree-gen-remote/scentree-gen-remote/dif_ren_scentree/scenariotree_110/results_27.json,4761,103,101,46.22330097087379,101,1.0891089108910892,3,0.00909090909090909,0.02727272727272727,0.0031593031097721406,0.9918576692380517,91.66666666666669
dif_ren,110,28,110,102,True,/users/delfos/aina/scentree-gen-remote/scentree-gen-remote/dif_ren_scentree/scenariotree_110/results_28.json,7057,103,104,68.51456310679612,104,1.0576923076923077,3,0.00909090909090909,0.02727272727272727,0.0024662125838576725,0.994771458465849,97.58064516129032
dif_ren,110,29,110,102,True,/users/delfos/aina/scentree-gen-remote/scentree-gen-remote/dif_ren_scentree/scenariotree_110/results_29.json,6806,103,104,66.07766990291262,104,1.0576923076923077,3,0.00909090909090909,0.02727272727272727,0.0024662125838576725,0.9947714584658494,97.58064516129032
dif_ren,110,3,110,102,True,/users/delfos/aina/scentree-gen-remote/scentree-gen-remote/dif_ren_scentree/scenariotree_110/results_3.json,6876,103,91,66.75728155339806,91,1.2087912087912087,9,0.00909090909090909,0.08181818181818182,0.010131860054751727,0.9574815228507749,49.18699186991872
dif_ren,110,30,110,102,True,/users/delfos/aina/scentree-gen-remote/scentree-gen-remote/dif_ren_scentree/scenariotree_110/results_30.json,6484,103,96,62.95145631067961,96,1.1458333333333333,7,0.00909090909090909,0.06363636363636363,0.0069407129552305664,0.9745807636157217,66.4835164835165
dif_ren,110,4,110,102,True,/users/delfos/aina/scentree-gen-remote/scentree-gen-remote/dif_ren_scentree/scenariotree_110/results_4.json,5968,103,95,57.94174757281554,95,1.1578947368421053,4,0.00909090909090909,0.03636363636363636,0.004990776960920688,0.9830571571362824,77.56410256410258
dif_ren,110,5,110,102,True,/users/delfos/aina/scentree-gen-remote/scentree-gen-remote/dif_ren_scentree/scenariotree_110/results_5.json,5341,103,99,51.85436893203884,99,1.1111111111111112,6,0.00909090909090909,0.05454545454545454,0.005465078426580904,0.9824617085675691,76.58227848101266
dif_ren,110,6,110,102,True,/users/delfos/aina/scentree-gen-remote/scentree-gen-remote/dif_ren_scentree/scenariotree_110/results_6.json,7091,103,96,68.84466019417475,96,1.1458333333333333,6,0.00909090909090909,0.05454545454545454,0.006688046811746051,0.9759564357312571,67.97752808988764
dif_ren,110,7,110,102,True,/users/delfos/aina/scentree-gen-remote/scentree-gen-remote/dif_ren_scentree/scenariotree_110/results_7.json,5011,103,97,48.650485436893206,97,1.134020618556701,7,0.00909090909090909,0.06363636363636363,0.006209660271219286,0.9790601868193981,71.17647058823533
dif_ren,110,8,110,102,True,/users/delfos/aina/scentree-gen-remote/scentree-gen-remote/dif_ren_scentree/scenariotree_110/results_8.json,5079,103,93,49.310679611650485,93,1.1827956989247312,3,0.00909090909090909,0.02727272727272727,0.004410758229786306,0.985572997380312,79.60526315789474
dif_ren,110,9,110,102,True,/users/delfos/aina/scentree-gen-remote/scentree-gen-remote/dif_ren_scentree/scenariotree_110/results_9.json,4456,103,90,43.262135922330096,90,1.2222222222222223,8,0.00909090909090909,0.07272727272727272,0.008547149818709568,0.9646078257103161,56.54205607476635
dif_ren,120,1,120,102,True,/users/delfos/aina/scentree-gen-remote/scentree-gen-remote/dif_ren_scentree/scenariotree_120/results_1.json,5468,103,108,53.0873786407767,108,1.1111111111111112,5,0.008333333333333333,0.041666666666666664,0.004440584743808074,0.9850427354029323,87.80487804878047
dif_ren,120,10,120,102,True,/users/delfos/aina/scentree-gen-remote/scentree-gen-remote/dif_ren_scentree/scenariotree_120/results_10.json,6473,103,99,62.84466019417476,99,1.2121212121212122,7,0.008333333333333333,0.058333333333333334,0.006728743734582944,0.9723992222225791,68.57142857142857
dif_ren,120,11,120,102,True,/users/delfos/aina/scentree-gen-remote/scentree-gen-remote/dif_ren_scentree/scenariotree_120/results_11.json,6645,103,108,64.51456310679612,108,1.1111111111111112,5,0.008333333333333333,0.041666666666666664,0.004855596519306256,0.9830569627877686,84.70588235294116
dif_ren,120,12,120,102,True,/users/delfos/aina/scentree-gen-remote/scentree-gen-remote/dif_ren_scentree/scenariotree_120/results_12.json,4937,103,104,47.932038834951456,104,1.1538461538461537,4,0.008333333333333333,0.03333333333333333,0.004871373126144443,0.9816732553781262,82.75862068965516
dif_ren,120,13,120,102,True,/users/delfos/aina/scentree-gen-remote/scentree-gen-remote/dif_ren_scentree/scenariotree_120/results_13.json,6465,103,103,62.76699029126213,103,1.1650485436893203,5,0.008333333333333333,0.041666666666666664,0.005205730725613403,0.980648372322617,79.99999999999997
dif_ren,120,14,120,102,True,/users/delfos/aina/scentree-gen-remote/scentree-gen-remote/dif_ren_scentree/scenariotree_120/results_14.json,6596,103,107,64.03883495145631,107,1.1214953271028036,5,0.008333333333333333,0.041666666666666664,0.004218567776931726,0.9860705610062197,88.88888888888887
dif_ren,120,15,120,102,True,/users/delfos/aina/scentree-gen-remote/scentree-gen-remote/dif_ren_scentree/scenariotree_120/results_15.json,6143,103,106,59.640776699029125,106,1.1320754716981132,6,0.008333333333333333,0.05,0.00499940663383165,0.9826180093169669,82.75862068965516
dif_ren,120,16,120,102,True,/users/delfos/aina/scentree-gen-remote/scentree-gen-remote/dif_ren_scentree/scenariotree_120/results_16.json,7155,103,110,69.46601941747574,110,1.0909090909090908,6,0.008333333333333333,0.05,0.004285495643554832,0.9871632563434263,89.99999999999999
dif_ren,120,17,120,102,True,/users/delfos/aina/scentree-gen-remote/scentree-gen-remote/dif_ren_scentree/scenariotree_120/results_17.json,6025,103,104,58.49514563106796,104,1.1538461538461537,5,0.008333333333333333,0.041666666666666664,0.004871373126144442,0.9821587453135932,82.75862068965516
dif_ren,120,18,120,102,True,/users/delfos/aina/scentree-gen-remote/scentree-gen-remote/dif_ren_scentree/scenariotree_120/results_18.json,4080,103,105,39.61165048543689,105,1.1428571428571428,4,0.008333333333333333,0.03333333333333333,0.003888078956798696,0.9871015966178484,89.99999999999999
dif_ren,120,19,120,102,True,/users/delfos/aina/scentree-gen-remote/scentree-gen-remote/dif_ren_scentree/scenariotree_120/results_19.json,6580,103,100,63.883495145631066,100,1.2,11,0.008333333333333333,0.09166666666666666,0.010206207261596576,0.9532845264064665,48.97959183673469
dif_ren,120,2,120,102,True,/users/delfos/aina/scentree-gen-remote/scentree-gen-remote/dif_ren_scentree/scenariotree_120/results_2.json,4949,103,91,48.04854368932039,91,1.3186813186813187,7,0.008333333333333333,0.058333333333333334,0.008367979341802686,0.9610862025611038,57.59999999999999
dif_ren,120,20,120,102,True,/users/delfos/aina/scentree-gen-remote/scentree-gen-remote/dif_ren_scentree/scenariotree_120/results_20.json,6041,103,92,58.650485436893206,92,1.3043478260869565,10,0.008333333333333333,0.08333333333333333,0.009336303425163133,0.9572261967021285,52.941176470588225
dif_ren,120,21,120,102,True,/users/delfos/aina/scentree-gen-remote/scentree-gen-remote/dif_ren_scentree/scenariotree_120/results_21.json,5688,103,103,55.22330097087379,103,1.1650485436893203,7,0.008333333333333333,0.058333333333333334,0.006263829077943661,0.9756110537686953,72.7272727272727
dif_ren,120,22,120,102,True,/users/delfos/aina/scentree-gen-remote/scentree-gen-remote/dif_ren_scentree/scenariotree_120/results_22.json,6190,103,107,60.09708737864078,107,1.1214953271028036,4,0.008333333333333333,0.03333333333333333,0.003898751093702126,0.9871271472729741,91.13924050632909
dif_ren,120,23,120,102,True,/users/delfos/aina/scentree-gen-remote/scentree-gen-remote/dif_ren_scentree/scenariotree_120/results_23.json,5180,103,106,50.29126213592233,106,1.1320754716981132,6,0.008333333333333333,0.05,0.005378185967448765,0.9801407703574365,80.0
dif_ren,120,24,120,102,True,/users/delfos/aina/scentree-gen-remote/scentree-gen-remote/dif_ren_scentree/scenariotree_120/results_24.json,5657,103,107,54.922330097087375,107,1.1214953271028036,8,0.008333333333333333,0.06666666666666667,0.006516043820358844,0.975575534462789,72.0
dif_ren,120,25,120,102,True,/users/delfos/aina/scentree-gen-remote/scentree-gen-remote/dif_ren_scentree/scenariotree_120/results_25.json,5933,103,103,57.601941747572816,103,1.1650485436893203,5,0.008333333333333333,0.041666666666666664,0.004658957944623937,0.9832654182416956,83.7209302325581
dif_ren,120,26,120,102,True,/users/delfos/aina/scentree-gen-remote/scentree-gen-remote/dif_ren_scentree/scenariotree_120/results_26.json,5796,103,103,56.271844660194176,103,1.1650485436893203,6,0.008333333333333333,0.05,0.006044723574224224,0.9757876651484699,74.22680412371132
dif_ren,120,27,120,102,True,/users/delfos/aina/scentree-gen-remote/scentree-gen-remote/dif_ren_scentree/scenariotree_120/results_27.json,5650,103,103,54.85436893203884,103,1.1650485436893203,6,0.008333333333333333,0.05,0.005458617408877995,0.9793455214599388,78.26086956521738
dif_ren,120,28,120,102,True,/users/delfos/aina/scentree-gen-remote/scentree-gen-remote/dif_ren_scentree/scenariotree_120/results_28.json,6469,103,106,62.80582524271845,106,1.1320754716981132,6,0.008333333333333333,0.05,0.004730065709588467,0.9841602299112864,84.70588235294116
dif_ren,120,29,120,102,True,/users/delfos/aina/scentree-gen-remote/scentree-gen-remote/dif_ren_scentree/scenariotree_120/results_29.json,4640,103,99,45.04854368932039,99,1.2121212121212122,12,0.008333333333333333,0.1,0.009999489834961281,0.9562113258491816,49.99999999999999
dif_ren,120,3,120,102,True,/users/delfos/aina/scentree-gen-remote/scentree-gen-remote/dif_ren_scentree/scenariotree_120/results_3.json,5275,103,100,51.213592233009706,100,1.2,4,0.008333333333333333,0.03333333333333333,0.004564354645876384,0.9831229774242314,82.75862068965515
dif_ren,120,30,120,102,True,/users/delfos/aina/scentree-gen-remote/scentree-gen-remote/dif_ren_scentree/scenariotree_120/results_30.json,5661,103,103,54.96116504854369,103,1.1650485436893203,7,0.008333333333333333,0.058333333333333334,0.006044723574224224,0.9766763257157555,74.22680412371133
dif_ren,120,4,120,102,True,/users/delfos/aina/scentree-gen-remote/scentree-gen-remote/dif_ren_scentree/scenariotree_120/results_4.json,5516,103,111,53.55339805825243,111,1.0810810810810811,5,0.008333333333333333,0.041666666666666664,0.003896678460168463,0.9881980926726779,93.50649350649347
dif_ren,120,5,120,102,True,/users/delfos/aina/scentree-gen-remote/scentree-gen-remote/dif_ren_scentree/scenariotree_120/results_5.json,5183,103,101,50.320388349514566,101,1.188118811881188,7,0.008333333333333333,0.058333333333333334,0.006173249462049469,0.9758196251776579,72.72727272727272
dif_ren,120,6,120,102,True,/users/delfos/aina/scentree-gen-remote/scentree-gen-remote/dif_ren_scentree/scenariotree_120/results_6.json,6374,103,107,61.883495145631066,107,1.1214953271028036,4,0.008333333333333333,0.03333333333333333,0.0038987510937021266,0.9871271472729741,91.13924050632909
dif_ren,120,7,120,102,True,/users/delfos/aina/scentree-gen-remote/scentree-gen-remote/dif_ren_scentree/scenariotree_120/results_7.json,6424,103,109,62.36893203883495,109,1.1009174311926606,3,0.008333333333333333,0.025,0.0027522935779816515,0.9924768905155205,99.99999999999999
dif_ren,120,8,120,102,True,/users/delfos/aina/scentree-gen-remote/scentree-gen-remote/dif_ren_scentree/scenariotree_120/results_8.json,5549,103,102,53.87378640776699,102,1.1764705882352942,6,0.008333333333333333,0.05,0.00588235294117647,0.9769032509434522,74.99999999999999
dif_ren,120,9,120,102,True,/users/delfos/aina/scentree-gen-remote/scentree-gen-remote/dif_ren_scentree/scenariotree_120/results_9.json,4958,103,99,48.13592233009709,99,1.2121212121212122,8,0.008333333333333333,0.06666666666666667,0.008229379160000164,0.9634173965879914,59.50413223140496
dif_ren,130,1,130,102,True,/users/delfos/aina/scentree-gen-remote/scentree-gen-remote/dif_ren_scentree/scenariotree_130/results_1.json,7217,103,108,70.06796116504854,108,1.2037037037037037,4,0.007692307692307693,0.03076923076923077,0.005515230963705397,0.9749669040691195,79.71698113207546
dif_ren,130,10,130,102,True,/users/delfos/aina/scentree-gen-remote/scentree-gen-remote/dif_ren_scentree/scenariotree_130/results_10.json,6619,103,115,64.2621359223301,115,1.1304347826086956,5,0.007692307692307693,0.038461538461538464,0.004482104499732697,0.9831668404828193,90.86021505376344
dif_ren,130,11,130,102,True,/users/delfos/aina/scentree-gen-remote/scentree-gen-remote/dif_ren_scentree/scenariotree_130/results_11.json,6044,103,112,58.679611650485434,112,1.1607142857142858,10,0.007692307692307693,0.07692307692307693,0.007088497718373996,0.9705945962149912,68.69918699186991
dif_ren,130,12,130,102,True,/users/delfos/aina/scentree-gen-remote/scentree-gen-remote/dif_ren_scentree/scenariotree_130/results_12.json,6597,103,114,64.04854368932038,114,1.1403508771929824,8,0.007692307692307693,0.06153846153846154,0.005752534814020814,0.9773462522861248,79.71698113207546
dif_ren,130,13,130,102,True,/users/delfos/aina/scentree-gen-remote/scentree-gen-remote/dif_ren_scentree/scenariotree_130/results_13.json,7381,103,113,71.66019417475728,113,1.1504424778761062,9,0.007692307692307693,0.06923076923076923,0.007252306246651642,0.968536513776149,67.6
dif_ren,130,14,130,102,True,/users/delfos/aina/scentree-gen-remote/scentree-gen-remote/dif_ren_scentree/scenariotree_130/results_14.json,6534,103,125,63.43689320388349,125,1.04,3,0.007692307692307693,0.023076923076923078,0.0017941390445677852,0.9962464563317013,119.0140845070422
dif_ren,130,15,130,102,True,/users/delfos/aina/scentree-gen-remote/scentree-gen-remote/dif_ren_scentree/scenariotree_130/results_15.json,6568,103,114,63.76699029126213,114,1.1403508771929824,6,0.007692307692307693,0.046153846153846156,0.004542518941891185,0.982953126346759,89.8936170212766
dif_ren,130,16,130,102,True,/users/delfos/aina/scentree-gen-remote/scentree-gen-remote/dif_ren_scentree/scenariotree_130/results_16.json,5848,103,115,56.77669902912621,115,1.1304347826086956,5,0.007692307692307693,0.038461538461538464,0.0038657346559999714,0.9863747391262812,96.02272727272727
dif_ren,130,17,130,102,True,/users/delfos/aina/scentree-gen-remote/scentree-gen-remote/dif_ren_scentree/scenariotree_130/results_17.json,6459,103,116,62.70873786407767,116,1.1206896551724137,4,0.007692307692307693,0.03076923076923077,0.0035214636730375995,0.9880770990308875,99.41176470588232
dif_ren,130,18,130,102,True,/users/delfos/aina/scentree-gen-remote/scentree-gen-remote/dif_ren_scentree/scenariotree_130/results_18.json,6342,103,110,61.57281553398058,110,1.1818181818181819,10,0.007692307692307693,0.07692307692307693,0.0071997413573335655,0.9694776686968842,67.6
dif_ren,130,19,130,102,True,/users/delfos/aina/scentree-gen-remote/scentree-gen-remote/dif_ren_scentree/scenariotree_130/results_19.json,6526,103,119,63.359223300970875,119,1.0924369747899159,4,0.007692307692307693,0.03076923076923077,0.0031522134040689355,0.9900390422006802,104.32098765432096
dif_ren,130,2,130,102,True,/users/delfos/aina/scentree-gen-remote/scentree-gen-remote/dif_ren_scentree/scenariotree_130/results_2.json,7119,103,112,69.11650485436893,112,1.1607142857142858,4,0.007692307692307693,0.03076923076923077,0.004545437392245686,0.9815663331261566,88.94736842105262
dif_ren,130,20,130,102,True,/users/delfos/aina/scentree-gen-remote/scentree-gen-remote/dif_ren_scentree/scenariotree_130/results_20.json,7061,103,117,68.55339805825243,117,1.1111111111111112,6,0.007692307692307693,0.046153846153846156,0.00435813633640409,0.9846057071341844,92.85714285714285
dif_ren,130,21,130,102,True,/users/delfos/aina/scentree-gen-remote/scentree-gen-remote/dif_ren_scentree/scenariotree_130/results_21.json,5295,103,117,51.407766990291265,117,1.1111111111111112,6,0.007692307692307693,0.046153846153846156,0.00479992432569204,0.9819582964819911,88.94736842105264
dif_ren,130,22,130,102,True,/users/delfos/aina/scentree-gen-remote/scentree-gen-remote/dif_ren_scentree/scenariotree_130/results_22.json,6382,103,112,61.96116504854369,112,1.1607142857142858,4,0.007692307692307693,0.03076923076923077,0.004182235535065475,0.9841254006374905,91.8478260869565
dif_ren,130,23,130,102,True,/users/delfos/aina/scentree-gen-remote/scentree-gen-remote/dif_ren_scentree/scenariotree_130/results_23.json,5157,103,113,50.067961165048544,113,1.1504424778761062,5,0.007692307692307693,0.038461538461538464,0.004246827490941381,0.9841195489100261,91.8478260869565
dif_ren,130,24,130,102,True,/users/delfos/aina/scentree-gen-remote/scentree-gen-remote/dif_ren_scentree/scenariotree_130/results_24.json,5727,103,109,55.601941747572816,109,1.1926605504587156,13,0.007692307692307693,0.1,0.009520110298906329,0.9560483154237213,52.484472049689415
dif_ren,130,25,130,102,True,/users/delfos/aina/scentree-gen-remote/scentree-gen-remote/dif_ren_scentree/scenariotree_130/results_25.json,6686,103,109,64.9126213592233,109,1.1926605504587156,5,0.007692307692307693,0.038461538461538464,0.005048708432609717,0.9785984534919517,83.66336633663366
dif_ren,130,26,130,102,True,/users/delfos/aina/scentree-gen-remote/scentree-gen-remote/dif_ren_scentree/scenariotree_130/results_26.json,5021,103,114,48.74757281553398,114,1.1403508771929824,5,0.007692307692307693,0.038461538461538464,0.004765571817276538,0.9813265554126885,88.02083333333333
dif_ren,130,27,130,102,True,/users/delfos/aina/scentree-gen-remote/scentree-gen-remote/dif_ren_scentree/scenariotree_130/results_27.json,5521,103,108,53.601941747572816,108,1.2037037037037037,7,0.007692307692307693,0.05384615384615385,0.006432377153775292,0.9713669358321975,72.84482758620689
dif_ren,130,28,130,102,True,/users/delfos/aina/scentree-gen-remote/scentree-gen-remote/dif_ren_scentree/scenariotree_130/results_28.json,6726,103,107,65.30097087378641,107,1.2149532710280373,4,0.007692307692307693,0.03076923076923077,0.00446533433595098,0.9817293618005941,87.11340206185567
dif_ren,130,29,130,102,True,/users/delfos/aina/scentree-gen-remote/scentree-gen-remote/dif_ren_scentree/scenariotree_130/results_29.json,6605,103,109,64.12621359223301,109,1.1926605504587156,5,0.007692307692307693,0.038461538461538464,0.004715114492163744,0.9808715321562391,86.22448979591834
dif_ren,130,3,130,102,True,/users/delfos/aina/scentree-gen-remote/scentree-gen-remote/dif_ren_scentree/scenariotree_130/results_3.json,6265,103,111,60.8252427184466,111,1.1711711711711712,5,0.007692307692307693,0.038461538461538464,0.004603110715291924,0.9816132380651288,88.02083333333333
dif_ren,130,30,130,102,True,/users/delfos/aina/scentree-gen-remote/scentree-gen-remote/dif_ren_scentree/scenariotree_130/results_30.json,7322,103,112,71.0873786407767,112,1.1607142857142858,7,0.007692307692307693,0.05384615384615385,0.006783823200475685,0.9689541154625768,71.00840336134453
dif_ren,130,4,130,102,True,/users/delfos/aina/scentree-gen-remote/scentree-gen-remote/dif_ren_scentree/scenariotree_130/results_4.json,5835,103,111,56.650485436893206,111,1.1711711711711712,7,0.007692307692307693,0.05384615384615385,0.005829449991632181,0.9752149018141988,78.24074074074073
dif_ren,130,5,130,102,True,/users/delfos/aina/scentree-gen-remote/scentree-gen-remote/dif_ren_scentree/scenariotree_130/results_5.json,7208,103,117,69.98058252427184,117,1.1111111111111112,5,0.007692307692307693,0.038461538461538464,0.0038661907765914945,0.98643684049313,97.12643678160919
dif_ren,130,6,130,102,True,/users/delfos/aina/scentree-gen-remote/scentree-gen-remote/dif_ren_scentree/scenariotree_130/results_6.json,6197,103,114,60.16504854368932,114,1.1403508771929824,4,0.007692307692307693,0.03076923076923077,0.004185711854054202,0.9841009118896263,92.85714285714283
dif_ren,130,7,130,102,True,/users/delfos/aina/scentree-gen-remote/scentree-gen-remote/dif_ren_scentree/scenariotree_130/results_7.json,6145,103,115,59.66019417475728,115,1.1304347826086956,6,0.007692307692307693,0.046153846153846156,0.005023406917864506,0.9801833803874246,86.22448979591836
dif_ren,130,8,130,102,True,/users/delfos/aina/scentree-gen-remote/scentree-gen-remote/dif_ren_scentree/scenariotree_130/results_8.json,6266,103,107,60.83495145631068,107,1.2149532710280373,8,0.007692307692307693,0.06153846153846154,0.006817879349836763,0.969086238867665,69.83471074380164
dif_ren,130,9,130,102,True,/users/delfos/aina/scentree-gen-remote/scentree-gen-remote/dif_ren_scentree/scenariotree_130/results_9.json,8206,103,113,79.66990291262135,113,1.1504424778761062,4,0.007692307692307693,0.03076923076923077,0.0038592342499818564,0.9856365156092627,94.94382022471908
dif_ren,140,1,140,102,True,/users/delfos/aina/scentree-gen-remote/scentree-gen-remote/dif_ren_scentree/scenariotree_140/results_1.json,7666,103,122,74.42718446601941,122,1.1475409836065573,4,0.007142857142857143,0.02857142857142857,0.0036205210383466763,0.9855941503597642,102.08333333333334
dif_ren,140,10,140,102,True,/users/delfos/aina/scentree-gen-remote/scentree-gen-remote/dif_ren_scentree/scenariotree_140/results_10.json,6870,103,131,66.69902912621359,131,1.0687022900763359,6,0.007142857142857143,0.04285714285714286,0.0034398713839885503,0.9889870120879901,108.88888888888889
dif_ren,140,11,140,102,True,/users/delfos/aina/scentree-gen-remote/scentree-gen-remote/dif_ren_scentree/scenariotree_140/results_11.json,7236,103,124,70.25242718446601,124,1.1290322580645162,6,0.007142857142857143,0.04285714285714286,0.004710840622179925,0.9801125585611477,92.45283018867923
dif_ren,140,12,140,102,True,/users/delfos/aina/scentree-gen-remote/scentree-gen-remote/dif_ren_scentree/scenariotree_140/results_12.json,5430,103,119,52.71844660194175,119,1.1764705882352942,5,0.007142857142857143,0.03571428571428571,0.004689561821038321,0.9793800408952072,90.74074074074072
dif_ren,140,13,140,102,True,/users/delfos/aina/scentree-gen-remote/scentree-gen-remote/dif_ren_scentree/scenariotree_140/results_13.json,7318,103,123,71.04854368932038,123,1.1382113821138211,3,0.007142857142857143,0.02142857142857143,0.0030651900628099068,0.9888143056036515,107.6923076923077
dif_ren,140,14,140,102,True,/users/delfos/aina/scentree-gen-remote/scentree-gen-remote/dif_ren_scentree/scenariotree_140/results_14.json,6576,103,120,63.84466019417476,120,1.1666666666666667,10,0.007142857142857143,0.07142857142857142,0.006670917012438999,0.9697985273481793,73.13432835820899
dif_ren,140,15,140,102,True,/users/delfos/aina/scentree-gen-remote/scentree-gen-remote/dif_ren_scentree/scenariotree_140/results_15.json,7918,103,120,76.87378640776699,120,1.1666666666666667,6,0.007142857142857143,0.04285714285714286,0.004994327848429293,0.9777714203369459,88.28828828828829
dif_ren,140,16,140,102,True,/users/delfos/aina/scentree-gen-remote/scentree-gen-remote/dif_ren_scentree/scenariotree_140/results_16.json,7386,103,121,71.70873786407768,121,1.1570247933884297,9,0.007142857142857143,0.06428571428571428,0.005880712824279702,0.9746238961718535,80.32786885245903
dif_ren,140,17,140,102,True,/users/delfos/aina/scentree-gen-remote/scentree-gen-remote/dif_ren_scentree/scenariotree_140/results_17.json,8353,103,124,81.09708737864078,124,1.1290322580645162,10,0.007142857142857143,0.07142857142857142,0.006347915812882911,0.9729692678342485,76.56250000000001
dif_ren,140,18,140,102,True,/users/delfos/aina/scentree-gen-remote/scentree-gen-remote/dif_ren_scentree/scenariotree_140/results_18.json,6126,103,122,59.47572815533981,122,1.1475409836065573,4,0.007142857142857143,0.02857142857142857,0.003844603081822483,0.9845836930472435,100.00000000000001
dif_ren,140,19,140,102,True,/users/delfos/aina/scentree-gen-remote/scentree-gen-remote/dif_ren_scentree/scenariotree_140/results_19.json,7483,103,126,72.6504854368932,126,1.1111111111111112,7,0.007142857142857143,0.05,0.0044290306087584165,0.9832404486402488,96.07843137254899
dif_ren,140,2,140,102,True,/users/delfos/aina/scentree-gen-remote/scentree-gen-remote/dif_ren_scentree/scenariotree_140/results_2.json,6673,103,115,64.7864077669903,115,1.2173913043478262,9,0.007142857142857143,0.06428571428571428,0.00709815882094989,0.9653529117269136,69.01408450704226
dif_ren,140,20,140,102,True,/users/delfos/aina/scentree-gen-remote/scentree-gen-remote/dif_ren_scentree/scenariotree_140/results_20.json,6401,103,122,62.14563106796116,122,1.1475409836065573,6,0.007142857142857143,0.04285714285714286,0.005064995024328377,0.9781272963966945,88.28828828828829
dif_ren,140,21,140,102,True,/users/delfos/aina/scentree-gen-remote/scentree-gen-remote/dif_ren_scentree/scenariotree_140/results_21.json,6479,103,123,62.90291262135922,123,1.1382113821138211,6,0.007142857142857143,0.04285714285714286,0.004492236842233151,0.9813601182892172,94.23076923076923
dif_ren,140,22,140,102,True,/users/delfos/aina/scentree-gen-remote/scentree-gen-remote/dif_ren_scentree/scenariotree_140/results_22.json,7420,103,123,72.03883495145631,123,1.1382113821138211,6,0.007142857142857143,0.04285714285714286,0.004583643962989806,0.9809850709977166,93.33333333333331
dif_ren,140,23,140,102,True,/users/delfos/aina/scentree-gen-remote/scentree-gen-remote/dif_ren_scentree/scenariotree_140/results_23.json,5710,103,120,55.43689320388349,120,1.1666666666666667,6,0.007142857142857143,0.04285714285714286,0.0044543540318737395,0.9815043803265496,93.33333333333333
dif_ren,140,24,140,102,True,/users/delfos/aina/scentree-gen-remote/scentree-gen-remote/dif_ren_scentree/scenariotree_140/results_24.json,6847,103,119,66.47572815533981,119,1.1764705882352942,7,0.007142857142857143,0.05,0.005975932035848088,0.9713498380565276,79.03225806451613
dif_ren,140,25,140,102,True,/users/delfos/aina/scentree-gen-remote/scentree-gen-remote/dif_ren_scentree/scenariotree_140/results_25.json,7922,103,119,76.9126213592233,119,1.1764705882352942,8,0.007142857142857143,0.05714285714285714,0.005756674920700761,0.974049694866434,80.99173553719007
dif_ren,140,26,140,102,True,/users/delfos/aina/scentree-gen-remote/scentree-gen-remote/dif_ren_scentree/scenariotree_140/results_26.json,7297,103,114,70.84466019417475,114,1.2280701754385965,11,0.007142857142857143,0.07857142857142857,0.007688151203096726,0.9622952865318286,64.47368421052633
dif_ren,140,27,140,102,True,/users/delfos/aina/scentree-gen-remote/scentree-gen-remote/dif_ren_scentree/scenariotree_140/results_27.json,9257,103,131,89.87378640776699,131,1.0687022900763359,4,0.007142857142857143,0.02857142857142857,0.0026756475782737836,0.9917847633206822,116.66666666666669
dif_ren,140,28,140,102,True,/users/delfos/aina/scentree-gen-remote/scentree-gen-remote/dif_ren_scentree/scenariotree_140/results_28.json,7864,103,126,76.3495145631068,126,1.1111111111111112,7,0.007142857142857143,0.05,0.004145692811515244,0.9852879104652502,98.98989898989896
dif_ren,140,29,140,102,True,/users/delfos/aina/scentree-gen-remote/scentree-gen-remote/dif_ren_scentree/scenariotree_140/results_29.json,5424,103,113,52.66019417475728,113,1.238938053097345,8,0.007142857142857143,0.05714285714285714,0.006870557903474065,0.9655368890144596,70.50359712230215
dif_ren,140,3,140,102,True,/users/delfos/aina/scentree-gen-remote/scentree-gen-remote/dif_ren_scentree/scenariotree_140/results_3.json,5109,103,112,49.601941747572816,112,1.25,9,0.007142857142857143,0.06428571428571428,0.0074854085464904135,0.9615744906934415,65.77181208053693
dif_ren,140,30,140,102,True,/users/delfos/aina/scentree-gen-remote/scentree-gen-remote/dif_ren_scentree/scenariotree_140/results_30.json,7487,103,117,72.68932038834951,117,1.1965811965811965,7,0.007142857142857143,0.05,0.006069493783461083,0.9708560769426613,77.77777777777774
dif_ren,140,4,140,102,True,/users/delfos/aina/scentree-gen-remote/scentree-gen-remote/dif_ren_scentree/scenariotree_140/results_4.json,7475,103,128,72.57281553398059,128,1.09375,4,0.007142857142857143,0.02857142857142857,0.0028845642819910907,0.9903978034367029,112.64367816091958
dif_ren,140,5,140,102,True,/users/delfos/aina/scentree-gen-remote/scentree-gen-remote/dif_ren_scentree/scenariotree_140/results_5.json,7978,103,106,77.45631067961165,106,1.320754716981132,11,0.007142857142857143,0.07857142857142857,0.00988707756924864,0.9424726636718442,50.51546391752577
dif_ren,140,6,140,102,True,/users/delfos/aina/scentree-gen-remote/scentree-gen-remote/dif_ren_scentree/scenariotree_140/results_6.json,8030,103,123,77.96116504854369,123,1.1382113821138211,5,0.007142857142857143,0.03571428571428571,0.004004021875943832,0.9838194572791515,98.98989898989899
dif_ren,140,7,140,102,True,/users/delfos/aina/scentree-gen-remote/scentree-gen-remote/dif_ren_scentree/scenariotree_140/results_7.json,7376,103,121,71.6116504854369,121,1.1570247933884297,7,0.007142857142857143,0.05,0.005113673631099815,0.9779979022064761,87.5
dif_ren,140,8,140,102,True,/users/delfos/aina/scentree-gen-remote/scentree-gen-remote/dif_ren_scentree/scenariotree_140/results_8.json,6162,103,129,59.8252427184466,129,1.0852713178294573,5,0.007142857142857143,0.03571428571428571,0.0034481500502636245,0.9879410541607652,107.6923076923077
dif_ren,140,9,140,102,True,/users/delfos/aina/scentree-gen-remote/scentree-gen-remote/dif_ren_scentree/scenariotree_140/results_9.json,6256,103,119,60.737864077669904,119,1.1764705882352942,4,0.007142857142857143,0.02857142857142857,0.003890000419212401,0.9840050398022209,97.99999999999999
dif_ren,150,1,150,102,True,/users/delfos/aina/scentree-gen-remote/scentree-gen-remote/dif_ren_scentree/scenariotree_150/results_1.json,7918,103,123,76.87378640776699,123,1.2195121951219512,7,0.006666666666666667,0.04666666666666667,0.004773957156391284,0.9779421714618132,91.46341463414632
dif_ren,150,10,150,102,True,/users/delfos/aina/scentree-gen-remote/scentree-gen-remote/dif_ren_scentree/scenariotree_150/results_10.json,7970,103,130,77.37864077669903,130,1.1538461538461537,10,0.006666666666666667,0.06666666666666667,0.005696695005948231,0.9748268081448208,83.955223880597
dif_ren,150,11,150,102,True,/users/delfos/aina/scentree-gen-remote/scentree-gen-remote/dif_ren_scentree/scenariotree_150/results_11.json,7404,103,124,71.88349514563107,124,1.2096774193548387,5,0.006666666666666667,0.03333333333333333,0.0041714332776926506,0.98064408877007,97.82608695652173
dif_ren,150,12,150,102,True,/users/delfos/aina/scentree-gen-remote/scentree-gen-remote/dif_ren_scentree/scenariotree_150/results_12.json,7165,103,133,69.5631067961165,133,1.1278195488721805,6,0.006666666666666667,0.04,0.0038703753568914215,0.9836965900621996,105.14018691588781
dif_ren,150,13,150,102,True,/users/delfos/aina/scentree-gen-remote/scentree-gen-remote/dif_ren_scentree/scenariotree_150/results_13.json,8041,103,135,78.06796116504854,135,1.1111111111111112,7,0.006666666666666667,0.04666666666666667,0.004708221802095023,0.979208820611616,96.15384615384616
dif_ren,150,14,150,102,True,/users/delfos/aina/scentree-gen-remote/scentree-gen-remote/dif_ren_scentree/scenariotree_150/results_14.json,8053,103,131,78.18446601941747,131,1.1450381679389312,7,0.006666666666666667,0.04666666666666667,0.004740752341103804,0.9784773747839182,94.5378151260504
dif_ren,150,15,150,102,True,/users/delfos/aina/scentree-gen-remote/scentree-gen-remote/dif_ren_scentree/scenariotree_150/results_15.json,7891,103,141,76.6116504854369,141,1.0638297872340425,5,0.006666666666666667,0.03333333333333333,0.002886097865159689,0.9904573464489563,120.96774193548387
dif_ren,150,16,150,102,True,/users/delfos/aina/scentree-gen-remote/scentree-gen-remote/dif_ren_scentree/scenariotree_150/results_16.json,8799,103,130,85.42718446601941,130,1.1538461538461537,7,0.006666666666666667,0.04666666666666667,0.00463812063778257,0.9789305369836074,95.33898305084743
dif_ren,150,17,150,102,True,/users/delfos/aina/scentree-gen-remote/scentree-gen-remote/dif_ren_scentree/scenariotree_150/results_17.json,8599,103,130,83.48543689320388,130,1.1538461538461537,6,0.006666666666666667,0.04,0.004488278253752013,0.9790650684824308,96.98275862068964
dif_ren,150,18,150,102,True,/users/delfos/aina/scentree-gen-remote/scentree-gen-remote/dif_ren_scentree/scenariotree_150/results_18.json,6176,103,133,59.96116504854369,133,1.1278195488721805,5,0.006666666666666667,0.03333333333333333,0.003411468576876903,0.9864554539019165,110.29411764705881
dif_ren,150,19,150,102,True,/users/delfos/aina/scentree-gen-remote/scentree-gen-remote/dif_ren_scentree/scenariotree_150/results_19.json,6405,103,133,62.18446601941748,133,1.1278195488721805,7,0.006666666666666667,0.04666666666666667,0.004201565832520478,0.9823861563924955,101.35135135135133
dif_ren,150,2,150,102,True,/users/delfos/aina/scentree-gen-remote/scentree-gen-remote/dif_ren_scentree/scenariotree_150/results_2.json,6980,103,137,67.76699029126213,137,1.094890510948905,4,0.006666666666666667,0.02666666666666667,0.0025322845413640266,0.9914183759995541,122.28260869565213
dif_ren,150,20,150,102,True,/users/delfos/aina/scentree-gen-remote/scentree-gen-remote/dif_ren_scentree/scenariotree_150/results_20.json,6806,103,136,66.07766990291262,136,1.1029411764705883,5,0.006666666666666667,0.03333333333333333,0.0029460743531993564,0.9895015081891655,117.1875
dif_ren,150,21,150,102,True,/users/delfos/aina/scentree-gen-remote/scentree-gen-remote/dif_ren_scentree/scenariotree_150/results_21.json,6809,103,126,66.10679611650485,126,1.1904761904761905,7,0.006666666666666667,0.04666666666666667,0.0052260563914775645,0.9745366621850724,87.890625
dif_ren,150,22,150,102,True,/users/delfos/aina/scentree-gen-remote/scentree-gen-remote/dif_ren_scentree/scenariotree_150/results_22.json,6631,103,129,64.37864077669903,129,1.1627906976744187,6,0.006666666666666667,0.04,0.004133074733464022,0.9818046859674278,100.44642857142856
dif_ren,150,23,150,102,True,/users/delfos/aina/scentree-gen-remote/scentree-gen-remote/dif_ren_scentree/scenariotree_150/results_23.json,6402,103,134,62.15533980582524,134,1.1194029850746268,7,0.006666666666666667,0.04666666666666667,0.004464325228691454,0.9807894915384995,98.68421052631578
dif_ren,150,24,150,102,True,/users/delfos/aina/scentree-gen-remote/scentree-gen-remote/dif_ren_scentree/scenariotree_150/results_24.json,9017,103,144,87.54368932038835,144,1.0416666666666667,3,0.006666666666666667,0.02,0.0017347216662217772,0.9956524681031287,135.54216867469876
dif_ren,150,25,150,102,True,/users/delfos/aina/scentree-gen-remote/scentree-gen-remote/dif_ren_scentree/scenariotree_150/results_25.json,9624,103,132,93.4368932038835,132,1.1363636363636365,6,0.006666666666666667,0.04,0.004246030213532061,0.9813370348293952,100.44642857142857
dif_ren,150,26,150,102,True,/users/delfos/aina/scentree-gen-remote/scentree-gen-remote/dif_ren_scentree/scenariotree_150/results_26.json,5821,103,134,56.51456310679612,134,1.1194029850746268,4,0.006666666666666667,0.02666666666666667,0.0030523107761548196,0.9883523854438755,114.79591836734694
dif_ren,150,27,150,102,True,/users/delfos/aina/scentree-gen-remote/scentree-gen-remote/dif_ren_scentree/scenariotree_150/results_27.json,8414,103,126,81.68932038834951,126,1.1904761904761905,12,0.006666666666666667,0.08,0.007012927629960164,0.9667506436652271,70.75471698113206
dif_ren,150,28,150,102,True,/users/delfos/aina/scentree-gen-remote/scentree-gen-remote/dif_ren_scentree/scenariotree_150/results_28.json,6664,103,128,64.69902912621359,128,1.171875,5,0.006666666666666667,0.03333333333333333,0.004006017608964461,0.9818464053229791,101.35135135135134
dif_ren,150,29,150,102,True,/users/delfos/aina/scentree-gen-remote/scentree-gen-remote/dif_ren_scentree/scenariotree_150/results_29.json,7690,103,134,74.66019417475728,134,1.1194029850746268,4,0.006666666666666667,0.02666666666666667,0.0028266413355904057,0.9895271158728075,117.18749999999994
dif_ren,150,3,150,102,True,/users/delfos/aina/scentree-gen-remote/scentree-gen-remote/dif_ren_scentree/scenariotree_150/results_3.json,7724,103,129,74.99029126213593,129,1.1627906976744187,5,0.006666666666666667,0.03333333333333333,0.003874935262667803,0.9828936508385833,103.21100917431193
dif_ren,150,30,150,102,True,/users/delfos/aina/scentree-gen-remote/scentree-gen-remote/dif_ren_scentree/scenariotree_150/results_30.json,7819,103,131,75.9126213592233,131,1.1450381679389312,5,0.006666666666666667,0.03333333333333333,0.0042899284306783915,0.9804127472471983,99.5575221238938
dif_ren,150,4,150,102,True,/users/delfos/aina/scentree-gen-remote/scentree-gen-remote/dif_ren_scentree/scenariotree_150/results_4.json,8053,103,127,78.18446601941747,127,1.1811023622047243,15,0.006666666666666667,0.1,0.008466591143344132,0.9598464897030209,58.90052356020942
dif_ren,150,5,150,102,True,/users/delfos/aina/scentree-gen-remote/scentree-gen-remote/dif_ren_scentree/scenariotree_150/results_5.json,7481,103,121,72.63106796116504,121,1.2396694214876034,11,0.006666666666666667,0.07333333333333333,0.007903215901726109,0.9569487609275914,63.20224719101123
dif_ren,150,6,150,102,True,/users/delfos/aina/scentree-gen-remote/scentree-gen-remote/dif_ren_scentree/scenariotree_150/results_6.json,7832,103,125,76.03883495145631,125,1.2,4,0.006666666666666667,0.02666666666666667,0.004462186808181735,0.9781699607689113,95.33898305084746
dif_ren,150,7,150,102,True,/users/delfos/aina/scentree-gen-remote/scentree-gen-remote/dif_ren_scentree/scenariotree_150/results_7.json,7611,103,133,73.89320388349515,133,1.1278195488721805,4,0.006666666666666667,0.02666666666666667,0.0033120658720163995,0.9865498186288879,111.38613861386139
dif_ren,150,8,150,102,True,/users/delfos/aina/scentree-gen-remote/scentree-gen-remote/dif_ren_scentree/scenariotree_150/results_8.json,6551,103,137,63.601941747572816,137,1.094890510948905,5,0.006666666666666667,0.03333333333333333,0.0028911826330925445,0.9899065574601582,118.42105263157893
dif_ren,150,9,150,102,True,/users/delfos/aina/scentree-gen-remote/scentree-gen-remote/dif_ren_scentree/scenariotree_150/results_9.json,7099,103,125,68.92233009708738,125,1.2,8,0.006666666666666667,0.05333333333333334,0.00565685424949238,0.972427606661266,83.33333333333331
dif_ren,160,1,160,102,True,/users/delfos/aina/scentree-gen-remote/scentree-gen-remote/dif_ren_scentree/scenariotree_160/results_1.json,7954,103,138,77.22330097087378,138,1.1594202898550725,6,0.00625,0.0375,0.0042726363822720125,0.9791362108376536,102.39999999999996
dif_ren,160,10,160,102,True,/users/delfos/aina/scentree-gen-remote/scentree-gen-remote/dif_ren_scentree/scenariotree_160/results_10.json,9879,103,145,95.9126213592233,145,1.103448275862069,3,0.00625,0.01875,0.0022889513874744397,0.9916941656160979,130.61224489795913
dif_ren,160,11,160,102,True,/users/delfos/aina/scentree-gen-remote/scentree-gen-remote/dif_ren_scentree/scenariotree_160/results_11.json,4904,103,124,47.61165048543689,124,1.2903225806451613,8,0.00625,0.05,0.005766270018578666,0.9683626143427857,82.05128205128206
dif_ren,160,12,160,102,True,/users/delfos/aina/scentree-gen-remote/scentree-gen-remote/dif_ren_scentree/scenariotree_160/results_12.json,8478,103,136,82.31067961165049,136,1.1764705882352942,5,0.00625,0.03125,0.004411764705882353,0.9774433179397057,99.99999999999999
dif_ren,160,13,160,102,True,/users/delfos/aina/scentree-gen-remote/scentree-gen-remote/dif_ren_scentree/scenariotree_160/results_13.json,7935,103,143,77.03883495145631,143,1.118881118881119,9,0.00625,0.05625,0.004525659560163198,0.9806997066707936,100.78740157480311
dif_ren,160,14,160,102,True,/users/delfos/aina/scentree-gen-remote/scentree-gen-remote/dif_ren_scentree/scenariotree_160/results_14.json,7892,103,132,76.62135922330097,132,1.2121212121212122,6,0.00625,0.0375,0.004285495643554833,0.9783617378748155,99.99999999999996
dif_ren,160,15,160,102,True,/users/delfos/aina/scentree-gen-remote/scentree-gen-remote/dif_ren_scentree/scenariotree_160/results_15.json,8659,103,143,84.06796116504854,143,1.118881118881119,7,0.00625,0.04375,0.0044032870803343265,0.9797201504498791,102.4
dif_ren,160,16,160,102,True,/users/delfos/aina/scentree-gen-remote/scentree-gen-remote/dif_ren_scentree/scenariotree_160/results_16.json,6663,103,144,64.68932038834951,144,1.1111111111111112,5,0.00625,0.03125,0.003134630223136769,0.9870998297362081,119.62616822429904
dif_ren,160,17,160,102,True,/users/delfos/aina/scentree-gen-remote/scentree-gen-remote/dif_ren_scentree/scenariotree_160/results_17.json,8973,103,142,87.11650485436893,142,1.1267605633802817,6,0.00625,0.0375,0.003771881212258547,0.983320883502115,110.34482758620689
dif_ren,160,18,160,102,True,/users/delfos/aina/scentree-gen-remote/scentree-gen-remote/dif_ren_scentree/scenariotree_160/results_18.json,7190,103,137,69.80582524271844,137,1.167883211678832,3,0.00625,0.01875,0.0029796817140160456,0.9870510208561977,117.43119266055042
dif_ren,160,19,160,102,True,/users/delfos/aina/scentree-gen-remote/scentree-gen-remote/dif_ren_scentree/scenariotree_160/results_19.json,8140,103,142,79.02912621359224,142,1.1267605633802817,5,0.00625,0.03125,0.003844120697341206,0.9821451618773974,109.40170940170937
dif_ren,160,2,160,102,True,/users/delfos/aina/scentree-gen-remote/scentree-gen-remote/dif_ren_scentree/scenariotree_160/results_2.json,8269,103,138,80.28155339805825,138,1.1594202898550725,6,0.00625,0.0375,0.004272636382272012,0.9796550337570327,102.39999999999996
dif_ren,160,20,160,102,True,/users/delfos/aina/scentree-gen-remote/scentree-gen-remote/dif_ren_scentree/scenariotree_160/results_20.json,8827,103,143,85.69902912621359,143,1.118881118881119,5,0.00625,0.03125,0.003178262056415707,0.9865090132552122,118.51851851851849
dif_ren,160,21,160,102,True,/users/delfos/aina/scentree-gen-remote/scentree-gen-remote/dif_ren_scentree/scenariotree_160/results_21.json,7114,103,130,69.06796116504854,130,1.2307692307692308,7,0.00625,0.04375,0.005565306203264531,0.969102695539297,85.33333333333333
dif_ren,160,22,160,102,True,/users/delfos/aina/scentree-gen-remote/scentree-gen-remote/dif_ren_scentree/scenariotree_160/results_22.json,7920,103,139,76.89320388349515,139,1.1510791366906474,6,0.00625,0.0375,0.004492804315394531,0.9781339017061943,99.99999999999999
dif_ren,160,23,160,102,True,/users/delfos/aina/scentree-gen-remote/scentree-gen-remote/dif_ren_scentree/scenariotree_160/results_23.json,8825,103,142,85.67961165048544,142,1.1267605633802817,8,0.00625,0.05,0.004379346114025617,0.9807155029012969,102.39999999999996
dif_ren,160,24,160,102,True,/users/delfos/aina/scentree-gen-remote/scentree-gen-remote/dif_ren_scentree/scenariotree_160/results_24.json,7842,103,137,76.13592233009709,137,1.167883211678832,6,0.00625,0.0375,0.004036313204488078,0.9812482765279468,104.91803278688523
dif_ren,160,25,160,102,True,/users/delfos/aina/scentree-gen-remote/scentree-gen-remote/dif_ren_scentree/scenariotree_160/results_25.json,9016,103,136,87.53398058252426,136,1.1764705882352942,3,0.00625,0.01875,0.003205072752603436,0.9854279135165199,114.28571428571428
dif_ren,160,26,160,102,True,/users/delfos/aina/scentree-gen-remote/scentree-gen-remote/dif_ren_scentree/scenariotree_160/results_26.json,8383,103,133,81.3883495145631,133,1.2030075187969924,7,0.00625,0.04375,0.005184529479248233,0.9724256747297194,90.14084507042251
dif_ren,160,27,160,102,True,/users/delfos/aina/scentree-gen-remote/scentree-gen-remote/dif_ren_scentree/scenariotree_160/results_27.json,8387,103,143,81.42718446601941,143,1.118881118881119,4,0.00625,0.025,0.0028135449194809582,0.988804088089156,123.07692307692305
dif_ren,160,28,160,102,True,/users/delfos/aina/scentree-gen-remote/scentree-gen-remote/dif_ren_scentree/scenariotree_160/results_28.json,9208,103,140,89.39805825242719,140,1.1428571428571428,4,0.00625,0.025,0.003219242210235705,0.9858012216135771,116.36363636363636
dif_ren,160,29,160,102,True,/users/delfos/aina/scentree-gen-remote/scentree-gen-remote/dif_ren_scentree/scenariotree_160/results_29.json,8158,103,138,79.20388349514563,138,1.1594202898550725,10,0.00625,0.0625,0.005642905118540768,0.9716940954783269,85.9060402684564
dif_ren,160,3,160,102,True,/users/delfos/aina/scentree-gen-remote/scentree-gen-remote/dif_ren_scentree/scenariotree_160/results_3.json,9634,103,145,93.53398058252426,145,1.103448275862069,6,0.00625,0.0375,0.0031762299011966447,0.9875551094642797,119.62616822429904
dif_ren,160,30,160,102,True,/users/delfos/aina/scentree-gen-remote/scentree-gen-remote/dif_ren_scentree/scenariotree_160/results_30.json,7020,103,138,68.15533980582525,138,1.1594202898550725,6,0.00625,0.0375,0.0042726363822720125,0.9796550337570326,102.39999999999996
dif_ren,160,4,160,102,True,/users/delfos/aina/scentree-gen-remote/scentree-gen-remote/dif_ren_scentree/scenariotree_160/results_4.json,7765,103,134,75.3883495145631,134,1.1940298507462686,8,0.00625,0.05,0.005635749054848214,0.9711867224061657,85.33333333333331
dif_ren,160,5,160,102,True,/users/delfos/aina/scentree-gen-remote/scentree-gen-remote/dif_ren_scentree/scenariotree_160/results_5.json,7013,103,140,68.0873786407767,140,1.1428571428571428,8,0.00625,0.05,0.004930964739815741,0.9759430138605069,94.8148148148148
dif_ren,160,6,160,102,True,/users/delfos/aina/scentree-gen-remote/scentree-gen-remote/dif_ren_scentree/scenariotree_160/results_6.json,5928,103,137,57.55339805825243,137,1.167883211678832,6,0.00625,0.0375,0.003743100638095989,0.9830972621389996,108.47457627118641
dif_ren,160,7,160,102,True,/users/delfos/aina/scentree-gen-remote/scentree-gen-remote/dif_ren_scentree/scenariotree_160/results_7.json,9355,103,144,90.8252427184466,144,1.1111111111111112,5,0.00625,0.03125,0.003134630223136769,0.9870998297362081,119.62616822429904
dif_ren,160,8,160,102,True,/users/delfos/aina/scentree-gen-remote/scentree-gen-remote/dif_ren_scentree/scenariotree_160/results_8.json,8657,103,139,84.04854368932038,139,1.1510791366906474,7,0.00625,0.04375,0.004168337656412515,0.9805157899449803,104.06504065040649
dif_ren,160,9,160,102,True,/users/delfos/aina/scentree-gen-remote/scentree-gen-remote/dif_ren_scentree/scenariotree_160/results_9.json,8277,103,131,80.35922330097087,131,1.2213740458015268,12,0.00625,0.075,0.008644058637191768,0.9496749550582397,57.39910313901344
dif_ren,170,1,170,102,True,/users/delfos/aina/scentree-gen-remote/scentree-gen-remote/dif_ren_scentree/scenariotree_170/results_1.json,8983,103,146,87.2135922330097,146,1.1643835616438356,7,0.0058823529411764705,0.041176470588235294,0.004301049522991947,0.9782455112046904,104.71014492753622
dif_ren,170,10,170,102,True,/users/delfos/aina/scentree-gen-remote/scentree-gen-remote/dif_ren_scentree/scenariotree_170/results_10.json,10080,103,153,97.86407766990291,153,1.1111111111111112,11,0.0058823529411764705,0.06470588235294118,0.004921784853765556,0.9781414551334269,97.6351351351351
dif_ren,170,11,170,102,True,/users/delfos/aina/scentree-gen-remote/scentree-gen-remote/dif_ren_scentree/scenariotree_170/results_11.json,8986,103,137,87.24271844660194,137,1.2408759124087592,11,0.0058823529411764705,0.06470588235294118,0.005926223160945583,0.9673584711177041,82.57142857142856
dif_ren,170,12,170,102,True,/users/delfos/aina/scentree-gen-remote/scentree-gen-remote/dif_ren_scentree/scenariotree_170/results_12.json,9037,103,153,87.7378640776699,153,1.1111111111111112,5,0.0058823529411764705,0.029411764705882353,0.0024761618128573038,0.99046074327059,133.79629629629628
dif_ren,170,13,170,102,True,/users/delfos/aina/scentree-gen-remote/scentree-gen-remote/dif_ren_scentree/scenariotree_170/results_13.json,7778,103,156,75.51456310679612,156,1.0897435897435896,6,0.0058823529411764705,0.03529411764705882,0.003609682637639313,0.9838989324350568,118.44262295081967
dif_ren,170,14,170,102,True,/users/delfos/aina/scentree-gen-remote/scentree-gen-remote/dif_ren_scentree/scenariotree_170/results_14.json,8380,103,146,81.35922330097087,146,1.1643835616438356,5,0.0058823529411764705,0.029411764705882353,0.003444272405022161,0.9831886441580238,116.53225806451614
dif_ren,170,15,170,102,True,/users/delfos/aina/scentree-gen-remote/scentree-gen-remote/dif_ren_scentree/scenariotree_170/results_15.json,8479,103,151,82.32038834951456,151,1.1258278145695364,10,0.0058823529411764705,0.058823529411764705,0.004942652670653014,0.9755991649013577,96.97986577181207
dif_ren,170,16,170,102,True,/users/delfos/aina/scentree-gen-remote/scentree-gen-remote/dif_ren_scentree/scenariotree_170/results_16.json,10213,103,150,99.15533980582525,150,1.1333333333333333,7,0.0058823529411764705,0.041176470588235294,0.003941127694557212,0.980707050152054,111.15384615384615
dif_ren,170,17,170,102,True,/users/delfos/aina/scentree-gen-remote/scentree-gen-remote/dif_ren_scentree/scenariotree_170/results_17.json,9168,103,149,89.00970873786407,149,1.1409395973154361,15,0.0058823529411764705,0.08823529411764706,0.007148402984737212,0.9627011605659811,69.80676328502419
dif_ren,170,18,170,102,True,/users/delfos/aina/scentree-gen-remote/scentree-gen-remote/dif_ren_scentree/scenariotree_170/results_18.json,6522,103,139,63.320388349514566,139,1.223021582733813,6,0.0058823529411764705,0.03529411764705882,0.004575160982391732,0.9748211109586425,98.97260273972603
dif_ren,170,19,170,102,True,/users/delfos/aina/scentree-gen-remote/scentree-gen-remote/dif_ren_scentree/scenariotree_170/results_19.json,7541,103,148,73.2135922330097,148,1.1486486486486487,9,0.0058823529411764705,0.052941176470588235,0.004706124043121045,0.9764162049487647,99.6551724137931
dif_ren,170,2,170,102,True,/users/delfos/aina/scentree-gen-remote/scentree-gen-remote/dif_ren_scentree/scenariotree_170/results_2.json,9138,103,153,88.71844660194175,153,1.1111111111111112,8,0.0058823529411764705,0.047058823529411764,0.003895853145987974,0.9824363567099931,112.89062499999999
dif_ren,170,20,170,102,True,/users/delfos/aina/scentree-gen-remote/scentree-gen-remote/dif_ren_scentree/scenariotree_170/results_20.json,9354,103,149,90.81553398058253,149,1.1409395973154361,4,0.0058823529411764705,0.023529411764705882,0.0028116058136225595,0.9876375168687594,126.75438596491227
dif_ren,170,21,170,102,True,/users/delfos/aina/scentree-gen-remote/scentree-gen-remote/dif_ren_scentree/scenariotree_170/results_21.json,8971,103,149,87.09708737864078,149,1.1409395973154361,6,0.0058823529411764705,0.03529411764705882,0.003607514189201948,0.9828509928640522,115.6
dif_ren,170,22,170,102,True,/users/delfos/aina/scentree-gen-remote/scentree-gen-remote/dif_ren_scentree/scenariotree_170/results_22.json,8516,103,143,82.67961165048544,143,1.1888111888111887,5,0.0058823529411764705,0.029411764705882353,0.0036114856548988836,0.9817521707836248,112.89062500000001
dif_ren,170,23,170,102,True,/users/delfos/aina/scentree-gen-remote/scentree-gen-remote/dif_ren_scentree/scenariotree_170/results_23.json,8449,103,147,82.02912621359224,147,1.1564625850340136,5,0.0058823529411764705,0.029411764705882353,0.003410058788377702,0.9837968255937285,117.47967479674796
dif_ren,170,24,170,102,True,/users/delfos/aina/scentree-gen-remote/scentree-gen-remote/dif_ren_scentree/scenariotree_170/results_24.json,7547,103,151,73.27184466019418,151,1.1258278145695364,7,0.0058823529411764705,0.041176470588235294,0.0037267661061476886,0.9824438234155103,114.68253968253967
dif_ren,170,25,170,102,True,/users/delfos/aina/scentree-gen-remote/scentree-gen-remote/dif_ren_scentree/scenariotree_170/results_25.json,8922,103,149,86.62135922330097,149,1.1409395973154361,6,0.0058823529411764705,0.03529411764705882,0.0034763837288197897,0.9835474662385385,117.47967479674796
dif_ren,170,26,170,102,True,/users/delfos/aina/scentree-gen-remote/scentree-gen-remote/dif_ren_scentree/scenariotree_170/results_26.json,8462,103,138,82.15533980582525,138,1.2318840579710144,9,0.0058823529411764705,0.052941176470588235,0.006020952628477264,0.9648297665387976,81.63841807909603
dif_ren,170,27,170,102,True,/users/delfos/aina/scentree-gen-remote/scentree-gen-remote/dif_ren_scentree/scenariotree_170/results_27.json,8207,103,144,79.67961165048544,144,1.1805555555555556,13,0.0058823529411764705,0.07647058823529412,0.006780061350706736,0.9624223820661254,73.72448979591836
dif_ren,170,28,170,102,True,/users/delfos/aina/scentree-gen-remote/scentree-gen-remote/dif_ren_scentree/scenariotree_170/results_28.json,6035,103,136,58.592233009708735,136,1.25,8,0.0058823529411764705,0.047058823529411764,0.004718301087645205,0.974858858641704,96.33333333333334
dif_ren,170,29,170,102,True,/users/delfos/aina/scentree-gen-remote/scentree-gen-remote/dif_ren_scentree/scenariotree_170/results_29.json,6796,103,155,65.98058252427184,155,1.096774193548387,4,0.0058823529411764705,0.023529411764705882,0.0023881795404253926,0.9906144667674306,136.32075471698113
dif_ren,170,3,170,102,True,/users/delfos/aina/scentree-gen-remote/scentree-gen-remote/dif_ren_scentree/scenariotree_170/results_3.json,8039,103,133,78.04854368932038,133,1.2781954887218046,11,0.0058823529411764705,0.06470588235294118,0.006425737505055818,0.9618728686035757,76.86170212765957
dif_ren,170,30,170,102,True,/users/delfos/aina/scentree-gen-remote/scentree-gen-remote/dif_ren_scentree/scenariotree_170/results_30.json,7798,103,155,75.70873786407768,155,1.096774193548387,4,0.0058823529411764705,0.023529411764705882,0.0022927980974562757,0.991224752473292,137.61904761904762
dif_ren,170,4,170,102,True,/users/delfos/aina/scentree-gen-remote/scentree-gen-remote/dif_ren_scentree/scenariotree_170/results_4.json,8944,103,149,86.83495145631068,149,1.1409395973154361,5,0.0058823529411764705,0.029411764705882353,0.0034763837288197892,0.9833847206425164,117.47967479674796
dif_ren,170,5,170,102,True,/users/delfos/aina/scentree-gen-remote/scentree-gen-remote/dif_ren_scentree/scenariotree_170/results_5.json,9627,103,142,93.46601941747574,142,1.1971830985915493,9,0.0058823529411764705,0.052941176470588235,0.0059334744887469355,0.9648934098362103,83.04597701149426
dif_ren,170,6,170,102,True,/users/delfos/aina/scentree-gen-remote/scentree-gen-remote/dif_ren_scentree/scenariotree_170/results_6.json,7252,103,142,70.40776699029126,142,1.1971830985915493,7,0.0058823529411764705,0.041176470588235294,0.0042025474243487645,0.9781715145741348,104.71014492753623
dif_ren,170,7,170,102,True,/users/delfos/aina/scentree-gen-remote/scentree-gen-remote/dif_ren_scentree/scenariotree_170/results_7.json,7400,103,146,71.84466019417475,146,1.1643835616438356,8,0.0058823529411764705,0.047058823529411764,0.004568263588415267,0.9762423689651382,101.04895104895104
dif_ren,170,8,170,102,True,/users/delfos/aina/scentree-gen-remote/scentree-gen-remote/dif_ren_scentree/scenariotree_170/results_8.json,7841,103,150,76.12621359223301,150,1.1333333333333333,6,0.0058823529411764705,0.03529411764705882,0.003822272292081947,0.9814576638054587,112.89062500000001
dif_ren,170,9,170,102,True,/users/delfos/aina/scentree-gen-remote/scentree-gen-remote/dif_ren_scentree/scenariotree_170/results_9.json,9672,103,141,93.90291262135922,141,1.2056737588652482,4,0.0058823529411764705,0.023529411764705882,0.0033974590023366433,0.9829808091673911,114.6825396825397
dif_ren,180,1,180,102,True,/users/delfos/aina/scentree-gen-remote/scentree-gen-remote/dif_ren_scentree/scenariotree_180/results_1.json,7731,103,156,75.05825242718447,156,1.1538461538461537,5,0.005555555555555556,0.027777777777777776,0.0033377135367122454,0.9826798664915738,122.72727272727273
dif_ren,180,10,180,102,True,/users/delfos/aina/scentree-gen-remote/scentree-gen-remote/dif_ren_scentree/scenariotree_180/results_10.json,9643,103,158,93.62135922330097,158,1.139240506329114,8,0.005555555555555556,0.044444444444444446,0.0038767317728094853,0.9804844206176164,114.89361702127658
dif_ren,180,11,180,102,True,/users/delfos/aina/scentree-gen-remote/scentree-gen-remote/dif_ren_scentree/scenariotree_180/results_11.json,8862,103,162,86.03883495145631,162,1.1111111111111112,6,0.005555555555555556,0.03333333333333333,0.0030864197530864196,0.9856914229408629,129.6
dif_ren,180,12,180,102,True,/users/delfos/aina/scentree-gen-remote/scentree-gen-remote/dif_ren_scentree/scenariotree_180/results_12.json,10925,103,159,106.06796116504854,159,1.1320754716981132,4,0.005555555555555556,0.022222222222222223,0.0029955325296090584,0.9853415846662877,129.6
dif_ren,180,13,180,102,True,/users/delfos/aina/scentree-gen-remote/scentree-gen-remote/dif_ren_scentree/scenariotree_180/results_13.json,8714,103,162,84.60194174757281,162,1.1111111111111112,6,0.005555555555555556,0.03333333333333333,0.003381003441389914,0.9835306514361838,124.61538461538461
dif_ren,180,14,180,102,True,/users/delfos/aina/scentree-gen-remote/scentree-gen-remote/dif_ren_scentree/scenariotree_180/results_14.json,7828,103,152,76.0,152,1.1842105263157894,8,0.005555555555555556,0.044444444444444446,0.004341883744127924,0.9758724338728609,105.88235294117645
dif_ren,180,15,180,102,True,/users/delfos/aina/scentree-gen-remote/scentree-gen-remote/dif_ren_scentree/scenariotree_180/results_15.json,7501,103,155,72.8252427184466,155,1.1612903225806452,5,0.005555555555555556,0.027777777777777776,0.0033680315299881025,0.9827038728894947,121.80451127819548
dif_ren,180,16,180,102,True,/users/delfos/aina/scentree-gen-remote/scentree-gen-remote/dif_ren_scentree/scenariotree_180/results_16.json,7789,103,155,75.62135922330097,155,1.1612903225806452,21,0.005555555555555556,0.11666666666666667,0.008935448646822877,0.9515863284439867,53.11475409836067
dif_ren,180,17,180,102,True,/users/delfos/aina/scentree-gen-remote/scentree-gen-remote/dif_ren_scentree/scenariotree_180/results_17.json,6275,103,155,60.922330097087375,155,1.1612903225806452,5,0.005555555555555556,0.027777777777777776,0.0033680315299881034,0.9827038728894947,121.80451127819548
dif_ren,180,18,180,102,True,/users/delfos/aina/scentree-gen-remote/scentree-gen-remote/dif_ren_scentree/scenariotree_180/results_18.json,9190,103,160,89.22330097087378,160,1.125,7,0.005555555555555556,0.03888888888888889,0.0032720052748304845,0.9847607427813199,125.5813953488372
dif_ren,180,19,180,102,True,/users/delfos/aina/scentree-gen-remote/scentree-gen-remote/dif_ren_scentree/scenariotree_180/results_19.json,9569,103,154,92.90291262135922,154,1.1688311688311688,8,0.005555555555555556,0.044444444444444446,0.004093523218615954,0.9782055812468379,110.20408163265306
dif_ren,180,2,180,102,True,/users/delfos/aina/scentree-gen-remote/scentree-gen-remote/dif_ren_scentree/scenariotree_180/results_2.json,10500,103,155,101.94174757281553,155,1.1612903225806452,6,0.005555555555555556,0.03333333333333333,0.003540957429456192,0.9818294398626547,119.11764705882352
dif_ren,180,20,180,102,True,/users/delfos/aina/scentree-gen-remote/scentree-gen-remote/dif_ren_scentree/scenariotree_180/results_20.json,8952,103,152,86.9126213592233,152,1.1842105263157894,10,0.005555555555555556,0.05555555555555555,0.005385596624676569,0.9698667301357989,91.01123595505616
dif_ren,180,21,180,102,True,/users/delfos/aina/scentree-gen-remote/scentree-gen-remote/dif_ren_scentree/scenariotree_180/results_21.json,9866,103,154,95.7864077669903,154,1.1688311688311688,10,0.005555555555555556,0.05555555555555555,0.004686978865486787,0.9751672762831197,101.24999999999999
dif_ren,180,22,180,102,True,/users/delfos/aina/scentree-gen-remote/scentree-gen-remote/dif_ren_scentree/scenariotree_180/results_22.json,10130,103,153,98.3495145631068,153,1.1764705882352942,5,0.005555555555555556,0.027777777777777776,0.0033076746079932404,0.9828332442329355,121.80451127819548
dif_ren,180,23,180,102,True,/users/delfos/aina/scentree-gen-remote/scentree-gen-remote/dif_ren_scentree/scenariotree_180/results_23.json,7746,103,150,75.20388349514563,150,1.2,8,0.005555555555555556,0.044444444444444446,0.00517194075695146,0.9694331319837206,93.6416184971098
dif_ren,180,24,180,102,True,/users/delfos/aina/scentree-gen-remote/scentree-gen-remote/dif_ren_scentree/scenariotree_180/results_24.json,8543,103,148,82.94174757281553,148,1.2162162162162162,8,0.005555555555555556,0.044444444444444446,0.004856144633272141,0.9720048832721963,97.59036144578312
dif_ren,180,25,180,102,True,/users/delfos/aina/scentree-gen-remote/scentree-gen-remote/dif_ren_scentree/scenariotree_180/results_25.json,9086,103,146,88.2135922330097,146,1.2328767123287672,11,0.005555555555555556,0.06111111111111111,0.005996260457714524,0.9644920453635285,82.65306122448979
dif_ren,180,26,180,102,True,/users/delfos/aina/scentree-gen-remote/scentree-gen-remote/dif_ren_scentree/scenariotree_180/results_26.json,8636,103,152,83.84466019417475,152,1.1842105263157894,7,0.005555555555555556,0.03888888888888889,0.0043884008829835185,0.9747328840457894,105.1948051948052
dif_ren,180,27,180,102,True,/users/delfos/aina/scentree-gen-remote/scentree-gen-remote/dif_ren_scentree/scenariotree_180/results_27.json,6933,103,148,67.31067961165049,148,1.2162162162162162,7,0.005555555555555556,0.03888888888888889,0.004358235817927926,0.9754650200059096,104.51612903225804
dif_ren,180,28,180,102,True,/users/delfos/aina/scentree-gen-remote/scentree-gen-remote/dif_ren_scentree/scenariotree_180/results_28.json,8618,103,149,83.66990291262135,149,1.2080536912751678,9,0.005555555555555556,0.05,0.004697986577181209,0.9734767459193366,99.99999999999999
dif_ren,180,29,180,102,True,/users/delfos/aina/scentree-gen-remote/scentree-gen-remote/dif_ren_scentree/scenariotree_180/results_29.json,7838,103,160,76.09708737864078,160,1.125,6,0.005555555555555556,0.03333333333333333,0.0033304385578560554,0.9838477557903733,124.61538461538458
dif_ren,180,3,180,102,True,/users/delfos/aina/scentree-gen-remote/scentree-gen-remote/dif_ren_scentree/scenariotree_180/results_3.json,9393,103,153,91.19417475728156,153,1.1764705882352942,12,0.005555555555555556,0.06666666666666667,0.005720769501307574,0.9679748911887026,86.63101604278073
dif_ren,180,30,180,102,True,/users/delfos/aina/scentree-gen-remote/scentree-gen-remote/dif_ren_scentree/scenariotree_180/results_30.json,6672,103,144,64.77669902912622,144,1.25,13,0.005555555555555556,0.07222222222222222,0.006262846878920685,0.9643317497682055,79.41176470588235
dif_ren,180,4,180,102,True,/users/delfos/aina/scentree-gen-remote/scentree-gen-remote/dif_ren_scentree/scenariotree_180/results_4.json,8869,103,144,86.10679611650485,144,1.25,7,0.005555555555555556,0.03888888888888889,0.004367583857433613,0.9749465705311002,103.18471337579616
dif_ren,180,5,180,102,True,/users/delfos/aina/scentree-gen-remote/scentree-gen-remote/dif_ren_scentree/scenariotree_180/results_5.json,10942,103,158,106.23300970873787,158,1.139240506329114,7,0.005555555555555556,0.03888888888888889,0.003616022540698295,0.9816965995473296,119.11764705882351
dif_ren,180,6,180,102,True,/users/delfos/aina/scentree-gen-remote/scentree-gen-remote/dif_ren_scentree/scenariotree_180/results_6.json,9090,103,162,88.25242718446601,162,1.1111111111111112,7,0.005555555555555556,0.03888888888888889,0.0033810034413899142,0.9840703563210978,124.61538461538461
dif_ren,180,7,180,102,True,/users/delfos/aina/scentree-gen-remote/scentree-gen-remote/dif_ren_scentree/scenariotree_180/results_7.json,8662,103,153,84.09708737864078,153,1.1764705882352942,8,0.005555555555555556,0.044444444444444446,0.004758241757699685,0.9721161956937573,99.99999999999999
dif_ren,180,8,180,102,True,/users/delfos/aina/scentree-gen-remote/scentree-gen-remote/dif_ren_scentree/scenariotree_180/results_8.json,8424,103,157,81.7864077669903,157,1.1464968152866242,9,0.005555555555555556,0.05,0.004335867960719495,0.9776151408441032,107.28476821192051
dif_ren,180,9,180,102,True,/users/delfos/aina/scentree-gen-remote/scentree-gen-remote/dif_ren_scentree/scenariotree_180/results_9.json,7906,103,159,76.75728155339806,159,1.1320754716981132,4,0.005555555555555556,0.022222222222222223,0.002651805165759647,0.987806878159428,135.0
dif_ren,190,1,190,102,True,/users/delfos/aina/scentree-gen-remote/scentree-gen-remote/dif_ren_scentree/scenariotree_190/results_1.json,6506,103,161,63.16504854368932,161,1.1801242236024845,9,0.005263157894736842,0.04736842105263158,0.0045015553463266115,0.9744863261492779,105.55555555555557
dif_ren,190,10,190,102,True,/users/delfos/aina/scentree-gen-remote/scentree-gen-remote/dif_ren_scentree/scenariotree_190/results_10.json,10694,103,167,103.8252427184466,167,1.1377245508982037,7,0.005263157894736842,0.03684210526315789,0.0033543358829246942,0.9827806887725202,127.11267605633806
dif_ren,190,11,190,102,True,/users/delfos/aina/scentree-gen-remote/scentree-gen-remote/dif_ren_scentree/scenariotree_190/results_11.json,9246,103,149,89.76699029126213,149,1.2751677852348993,17,0.005263157894736842,0.08947368421052632,0.007489519604305942,0.9537156844022951,66.36029411764706
dif_ren,190,12,190,102,True,/users/delfos/aina/scentree-gen-remote/scentree-gen-remote/dif_ren_scentree/scenariotree_190/results_12.json,9557,103,162,92.7864077669903,162,1.1728395061728396,6,0.005263157894736842,0.031578947368421054,0.0032338835966547897,0.982548019249683,127.11267605633803
dif_ren,190,13,190,102,True,/users/delfos/aina/scentree-gen-remote/scentree-gen-remote/dif_ren_scentree/scenariotree_190/results_13.json,8985,103,169,87.23300970873787,169,1.1242603550295858,7,0.005263157894736842,0.03684210526315789,0.003197881694922064,0.9841406477366709,130.79710144927537
dif_ren,190,14,190,102,True,/users/delfos/aina/scentree-gen-remote/scentree-gen-remote/dif_ren_scentree/scenariotree_190/results_14.json,8824,103,164,85.66990291262135,164,1.1585365853658536,7,0.005263157894736842,0.03684210526315789,0.0033860171217227155,0.9820533577043093,125.34722222222224
dif_ren,190,15,190,102,True,/users/delfos/aina/scentree-gen-remote/scentree-gen-remote/dif_ren_scentree/scenariotree_190/results_15.json,9029,103,167,87.66019417475728,167,1.1377245508982037,4,0.005263157894736842,0.021052631578947368,0.0026964071397677196,0.986530856724485,138.8461538461539
dif_ren,190,16,190,102,True,/users/delfos/aina/scentree-gen-remote/scentree-gen-remote/dif_ren_scentree/scenariotree_190/results_16.json,7732,103,152,75.06796116504854,152,1.25,12,0.005263157894736842,0.06315789473684211,0.005639262627849318,0.9653421689583487,87.62135922330097
dif_ren,190,17,190,102,True,/users/delfos/aina/scentree-gen-remote/scentree-gen-remote/dif_ren_scentree/scenariotree_190/results_17.json,9857,103,156,95.69902912621359,156,1.2179487179487178,7,0.005263157894736842,0.03684210526315789,0.0049248515576471585,0.9680322939372787,98.09782608695654
dif_ren,190,18,190,102,True,/users/delfos/aina/scentree-gen-remote/scentree-gen-remote/dif_ren_scentree/scenariotree_190/results_18.json,8462,103,152,82.15533980582525,152,1.25,8,0.005263157894736842,0.042105263157894736,0.004568013181174649,0.9717721398604476,102.55681818181819
dif_ren,190,19,190,102,True,/users/delfos/aina/scentree-gen-remote/scentree-gen-remote/dif_ren_scentree/scenariotree_190/results_19.json,10024,103,164,97.32038834951456,164,1.1585365853658536,5,0.005263157894736842,0.02631578947368421,0.0027837289399488367,0.9860246578415582,135.71428571428572
dif_ren,190,2,190,102,True,/users/delfos/aina/scentree-gen-remote/scentree-gen-remote/dif_ren_scentree/scenariotree_190/results_2.json,11174,103,162,108.48543689320388,162,1.1728395061728396,6,0.005263157894736842,0.031578947368421054,0.0034388872312928506,0.9807623632293968,123.6301369863014
dif_ren,190,20,190,102,True,/users/delfos/aina/scentree-gen-remote/scentree-gen-remote/dif_ren_scentree/scenariotree_190/results_20.json,8462,103,173,82.15533980582525,173,1.0982658959537572,9,0.005263157894736842,0.04736842105263158,0.003426593994902667,0.9847151878719571,128.01418439716315
dif_ren,190,21,190,102,True,/users/delfos/aina/scentree-gen-remote/scentree-gen-remote/dif_ren_scentree/scenariotree_190/results_21.json,9587,103,160,93.07766990291262,160,1.1875,12,0.005263157894736842,0.06315789473684211,0.005741050484434007,0.9652968526399321,86.77884615384617
dif_ren,190,22,190,102,True,/users/delfos/aina/scentree-gen-remote/scentree-gen-remote/dif_ren_scentree/scenariotree_190/results_22.json,11607,103,166,112.68932038834951,166,1.144578313253012,5,0.005263157894736842,0.02631578947368421,0.0031252305720612826,0.9831479103650217,130.7971014492754
dif_ren,190,23,190,102,True,/users/delfos/aina/scentree-gen-remote/scentree-gen-remote/dif_ren_scentree/scenariotree_190/results_23.json,9165,103,159,88.98058252427184,159,1.1949685534591195,8,0.005263157894736842,0.042105263157894736,0.0038922215332244073,0.9782685274204795,114.96815286624206
dif_ren,190,24,190,102,True,/users/delfos/aina/scentree-gen-remote/scentree-gen-remote/dif_ren_scentree/scenariotree_190/results_24.json,8021,103,166,77.87378640776699,166,1.144578313253012,6,0.005263157894736842,0.031578947368421054,0.0032815089493812588,0.9826091888905625,128.01418439716315
dif_ren,190,25,190,102,True,/users/delfos/aina/scentree-gen-remote/scentree-gen-remote/dif_ren_scentree/scenariotree_190/results_25.json,10223,103,166,99.25242718446601,166,1.144578313253012,9,0.005263157894736842,0.04736842105263158,0.004294698462446936,0.9758938567062667,110.06097560975613
dif_ren,190,26,190,102,True,/users/delfos/aina/scentree-gen-remote/scentree-gen-remote/dif_ren_scentree/scenariotree_190/results_26.json,10840,103,169,105.24271844660194,169,1.1242603550295858,5,0.005263157894736842,0.02631578947368421,0.0028163280945590554,0.986407157189068,137.78625954198478
dif_ren,190,27,190,102,True,/users/delfos/aina/scentree-gen-remote/scentree-gen-remote/dif_ren_scentree/scenariotree_190/results_27.json,10196,103,150,98.99029126213593,150,1.2666666666666666,6,0.005263157894736842,0.031578947368421054,0.004106912249375307,0.9746251572714356,108.73493975903615
dif_ren,190,28,190,102,True,/users/delfos/aina/scentree-gen-remote/scentree-gen-remote/dif_ren_scentree/scenariotree_190/results_28.json,8913,103,165,86.53398058252426,165,1.1515151515151516,5,0.005263157894736842,0.02631578947368421,0.003044539712660927,0.9837719967851913,131.7518248175183
dif_ren,190,29,190,102,True,/users/delfos/aina/scentree-gen-remote/scentree-gen-remote/dif_ren_scentree/scenariotree_190/results_29.json,7162,103,169,69.53398058252426,169,1.1242603550295858,5,0.005263157894736842,0.02631578947368421,0.0030936719870912842,0.9839111700321616,132.72058823529414
dif_ren,190,3,190,102,True,/users/delfos/aina/scentree-gen-remote/scentree-gen-remote/dif_ren_scentree/scenariotree_190/results_3.json,9986,103,162,96.95145631067962,162,1.1728395061728396,8,0.005263157894736842,0.042105263157894736,0.0038159965848020847,0.9789767072091107,117.20779220779222
dif_ren,190,30,190,102,True,/users/delfos/aina/scentree-gen-remote/scentree-gen-remote/dif_ren_scentree/scenariotree_190/results_30.json,7621,103,158,73.99029126213593,158,1.2025316455696202,7,0.005263157894736842,0.03684210526315789,0.004005654234658871,0.9768563907687615,112.81250000000001
dif_ren,190,4,190,102,True,/users/delfos/aina/scentree-gen-remote/scentree-gen-remote/dif_ren_scentree/scenariotree_190/results_4.json,9331,103,162,90.59223300970874,162,1.1728395061728396,7,0.005263157894736842,0.03684210526315789,0.0035369360364540165,0.9806607481813189,121.9594594594595
dif_ren,190,5,190,102,True,/users/delfos/aina/scentree-gen-remote/scentree-gen-remote/dif_ren_scentree/scenariotree_190/results_5.json,8468,103,159,82.2135922330097,159,1.1949685534591195,6,0.005263157894736842,0.031578947368421054,0.003755539120472117,0.9786213474467196,117.20779220779222
dif_ren,190,6,190,102,True,/users/delfos/aina/scentree-gen-remote/scentree-gen-remote/dif_ren_scentree/scenariotree_190/results_6.json,11289,103,169,109.60194174757281,169,1.1242603550295858,7,0.005263157894736842,0.03684210526315789,0.003584551745858152,0.9809657807743647,123.6301369863014
dif_ren,190,7,190,102,True,/users/delfos/aina/scentree-gen-remote/scentree-gen-remote/dif_ren_scentree/scenariotree_190/results_7.json,8853,103,170,85.95145631067962,170,1.1176470588235294,4,0.005263157894736842,0.021052631578947368,0.0024767801857585136,0.9884452468739725,144.40000000000003
dif_ren,190,8,190,102,True,/users/delfos/aina/scentree-gen-remote/scentree-gen-remote/dif_ren_scentree/scenariotree_190/results_8.json,9964,103,169,96.7378640776699,169,1.1242603550295858,4,0.005263157894736842,0.021052631578947368,0.0026359519114916006,0.9870860369944677,141.01562500000003
dif_ren,190,9,190,102,True,/users/delfos/aina/scentree-gen-remote/scentree-gen-remote/dif_ren_scentree/scenariotree_190/results_9.json,9552,103,177,92.7378640776699,177,1.073446327683616,5,0.005263157894736842,0.02631578947368421,0.0021684394473392246,0.9912275185551785,154.2735042735043
dif_ren,200,1,200,102,True,/users/delfos/aina/scentree-gen-remote/scentree-gen-remote/dif_ren_scentree/scenariotree_200/results_1.json,10570,103,178,102.62135922330097,178,1.1235955056179776,5,0.005,0.025,0.0026308695447119315,0.9864563447812478,145.98540145985396
dif_ren,200,10,200,102,True,/users/delfos/aina/scentree-gen-remote/scentree-gen-remote/dif_ren_scentree/scenariotree_200/results_10.json,8351,103,180,81.07766990291262,180,1.1111111111111112,12,0.005,0.06,0.0042455495943428435,0.9790613761252357,113.63636363636365
dif_ren,200,11,200,102,True,/users/delfos/aina/scentree-gen-remote/scentree-gen-remote/dif_ren_scentree/scenariotree_200/results_11.json,10215,103,171,99.1747572815534,171,1.1695906432748537,8,0.005,0.04,0.004119591463042507,0.9751846795421192,114.28571428571428
dif_ren,200,12,200,102,True,/users/delfos/aina/scentree-gen-remote/scentree-gen-remote/dif_ren_scentree/scenariotree_200/results_12.json,8687,103,171,84.33980582524272,171,1.1695906432748537,5,0.005,0.025,0.0030126893268751483,0.9828599615223566,135.13513513513513
dif_ren,200,13,200,102,True,/users/delfos/aina/scentree-gen-remote/scentree-gen-remote/dif_ren_scentree/scenariotree_200/results_13.json,9564,103,169,92.85436893203884,169,1.183431952662722,4,0.005,0.02,0.002860504607164928,0.9838303173828652,136.98630136986299
dif_ren,200,14,200,102,True,/users/delfos/aina/scentree-gen-remote/scentree-gen-remote/dif_ren_scentree/scenariotree_200/results_14.json,9355,103,176,90.8252427184466,176,1.1363636363636365,8,0.005,0.04,0.0033862873694889407,0.9818249652528703,129.87012987012986
dif_ren,200,15,200,102,True,/users/delfos/aina/scentree-gen-remote/scentree-gen-remote/dif_ren_scentree/scenariotree_200/results_15.json,10313,103,171,100.12621359223301,171,1.1695906432748537,7,0.005,0.035,0.00366909551423074,0.9782786278624528,122.6993865030675
dif_ren,200,16,200,102,True,/users/delfos/aina/scentree-gen-remote/scentree-gen-remote/dif_ren_scentree/scenariotree_200/results_16.json,8612,103,179,83.6116504854369,179,1.1173184357541899,4,0.005,0.02,0.0024373809338964782,0.9878026259947099,150.37593984962407
dif_ren,200,17,200,102,True,/users/delfos/aina/scentree-gen-remote/scentree-gen-remote/dif_ren_scentree/scenariotree_200/results_17.json,7981,103,182,77.48543689320388,182,1.098901098901099,4,0.005,0.02,0.002350466992989828,0.9886435675131671,153.84615384615384
dif_ren,200,18,200,102,True,/users/delfos/aina/scentree-gen-remote/scentree-gen-remote/dif_ren_scentree/scenariotree_200/results_18.json,10905,103,179,105.87378640776699,179,1.1173184357541899,7,0.005,0.035,0.0031828870465349978,0.9835224752352342,135.1351351351351
dif_ren,200,19,200,102,True,/users/delfos/aina/scentree-gen-remote/scentree-gen-remote/dif_ren_scentree/scenariotree_200/results_19.json,8492,103,169,82.44660194174757,169,1.183431952662722,12,0.005,0.06,0.005207436783122321,0.9677840149609702,95.23809523809526
dif_ren,200,2,200,102,True,/users/delfos/aina/scentree-gen-remote/scentree-gen-remote/dif_ren_scentree/scenariotree_200/results_2.json,9193,103,171,89.25242718446601,171,1.1695906432748537,5,0.005,0.025,0.00281188661524475,0.984980013802592,138.88888888888889
dif_ren,200,20,200,102,True,/users/delfos/aina/scentree-gen-remote/scentree-gen-remote/dif_ren_scentree/scenariotree_200/results_20.json,10014,103,165,97.22330097087378,165,1.2121212121212122,7,0.005,0.035,0.003961476568451152,0.9753719333876887,115.606936416185
dif_ren,200,21,200,102,True,/users/delfos/aina/scentree-gen-remote/scentree-gen-remote/dif_ren_scentree/scenariotree_200/results_21.json,10775,103,176,104.6116504854369,176,1.1363636363636365,8,0.005,0.04,0.0033440770385368547,0.9821535593205791,130.71895424836597
dif_ren,200,22,200,102,True,/users/delfos/aina/scentree-gen-remote/scentree-gen-remote/dif_ren_scentree/scenariotree_200/results_22.json,9711,103,172,94.28155339805825,172,1.1627906976744187,6,0.005,0.03,0.0030841365604360104,0.9829149870000335,134.22818791946307
dif_ren,200,23,200,102,True,/users/delfos/aina/scentree-gen-remote/scentree-gen-remote/dif_ren_scentree/scenariotree_200/results_23.json,11099,103,178,107.75728155339806,178,1.1235955056179776,7,0.005,0.035,0.0030740143865852702,0.9837530354556208,136.98630136986299
dif_ren,200,24,200,102,True,/users/delfos/aina/scentree-gen-remote/scentree-gen-remote/dif_ren_scentree/scenariotree_200/results_24.json,10241,103,169,99.42718446601941,169,1.183431952662722,10,0.005,0.05,0.004668185307293733,0.9710138466940003,104.16666666666666
dif_ren,200,25,200,102,True,/users/delfos/aina/scentree-gen-remote/scentree-gen-remote/dif_ren_scentree/scenariotree_200/results_25.json,7235,103,157,70.24271844660194,157,1.2738853503184713,12,0.005,0.06,0.005744326055943496,0.961722824107356,86.58008658008657
dif_ren,200,26,200,102,True,/users/delfos/aina/scentree-gen-remote/scentree-gen-remote/dif_ren_scentree/scenariotree_200/results_26.json,9534,103,156,92.5631067961165,156,1.2820512820512822,9,0.005,0.045,0.004763471846963923,0.9688815916181602,100.50251256281406
dif_ren,200,27,200,102,True,/users/delfos/aina/scentree-gen-remote/scentree-gen-remote/dif_ren_scentree/scenariotree_200/results_27.json,11286,103,181,109.57281553398059,181,1.1049723756906078,6,0.005,0.03,0.0030872560377786756,0.9838546752593548,137.9310344827586
dif_ren,200,28,200,102,True,/users/delfos/aina/scentree-gen-remote/scentree-gen-remote/dif_ren_scentree/scenariotree_200/results_28.json,10638,103,177,103.28155339805825,177,1.1299435028248588,10,0.005,0.05,0.004117128672724761,0.9770784521976807,115.60693641618495
dif_ren,200,29,200,102,True,/users/delfos/aina/scentree-gen-remote/scentree-gen-remote/dif_ren_scentree/scenariotree_200/results_29.json,9020,103,172,87.57281553398059,172,1.1627906976744187,5,0.005,0.025,0.00303664299004665,0.9828477489783575,135.13513513513513
dif_ren,200,3,200,102,True,/users/delfos/aina/scentree-gen-remote/scentree-gen-remote/dif_ren_scentree/scenariotree_200/results_3.json,10579,103,172,102.70873786407768,172,1.1627906976744187,5,0.005,0.025,0.0031309097715898284,0.9821876257375819,133.33333333333334
dif_ren,200,30,200,102,True,/users/delfos/aina/scentree-gen-remote/scentree-gen-remote/dif_ren_scentree/scenariotree_200/results_30.json,10214,103,182,99.16504854368932,182,1.098901098901099,4,0.005,0.02,0.002037417166784523,0.9908047297807532,160.0
dif_ren,200,4,200,102,True,/users/delfos/aina/scentree-gen-remote/scentree-gen-remote/dif_ren_scentree/scenariotree_200/results_4.json,7898,103,173,76.67961165048544,173,1.1560693641618498,5,0.005,0.025,0.0030597642237840572,0.9827574760682326,135.13513513513513
dif_ren,200,5,200,102,True,/users/delfos/aina/scentree-gen-remote/scentree-gen-remote/dif_ren_scentree/scenariotree_200/results_5.json,9236,103,182,89.66990291262135,182,1.098901098901099,5,0.005,0.025,0.002408198571517706,0.9888370291549508,152.67175572519082
dif_ren,200,6,200,102,True,/users/delfos/aina/scentree-gen-remote/scentree-gen-remote/dif_ren_scentree/scenariotree_200/results_6.json,9804,103,168,95.18446601941747,168,1.1904761904761905,11,0.005,0.055,0.004396710788718902,0.974953587080246,108.69565217391305
dif_ren,200,7,200,102,True,/users/delfos/aina/scentree-gen-remote/scentree-gen-remote/dif_ren_scentree/scenariotree_200/results_7.json,9660,103,170,93.7864077669903,170,1.1764705882352942,14,0.005,0.07,0.005748476554615312,0.964621970237318,86.95652173913044
dif_ren,200,8,200,102,True,/users/delfos/aina/scentree-gen-remote/scentree-gen-remote/dif_ren_scentree/scenariotree_200/results_8.json,9500,103,173,92.23300970873787,173,1.1560693641618498,5,0.005,0.025,0.0031983134818635646,0.9814124188987526,132.45033112582783
dif_ren,200,9,200,102,True,/users/delfos/aina/scentree-gen-remote/scentree-gen-remote/dif_ren_scentree/scenariotree_200/results_9.json,10070,103,174,97.76699029126213,174,1.1494252873563218,7,0.005,0.035,0.0035581164809572663,0.9793843479832988,125.78616352201257
dif_ren,210,1,210,102,True,/users/delfos/aina/scentree-gen-remote/scentree-gen-remote/dif_ren_scentree/scenariotree_210/results_1.json,10736,103,182,104.23300970873787,182,1.1538461538461537,7,0.004761904761904762,0.03333333333333333,0.0034166223637687966,0.9794272440284343,131.24999999999997
dif_ren,210,10,210,102,True,/users/delfos/aina/scentree-gen-remote/scentree-gen-remote/dif_ren_scentree/scenariotree_210/results_10.json,10992,103,180,106.71844660194175,180,1.1666666666666667,8,0.004761904761904762,0.0380952380952381,0.00349566913421353,0.9794588670980847,128.9473684210526
dif_ren,210,11,210,102,True,/users/delfos/aina/scentree-gen-remote/scentree-gen-remote/dif_ren_scentree/scenariotree_210/results_11.json,12676,103,183,123.06796116504854,183,1.1475409836065573,7,0.004761904761904762,0.03333333333333333,0.0036415000123936297,0.9780599424618331,126.72413793103448
dif_ren,210,12,210,102,True,/users/delfos/aina/scentree-gen-remote/scentree-gen-remote/dif_ren_scentree/scenariotree_210/results_12.json,10456,103,181,101.51456310679612,181,1.160220994475138,5,0.004761904761904762,0.023809523809523808,0.002794937838930666,0.9839902052879308,144.1176470588235
dif_ren,210,13,210,102,True,/users/delfos/aina/scentree-gen-remote/scentree-gen-remote/dif_ren_scentree/scenariotree_210/results_13.json,11611,103,164,112.72815533980582,164,1.2804878048780488,8,0.004761904761904762,0.0380952380952381,0.0044790801854294226,0.9682168932732013,106.52173913043478
dif_ren,210,14,210,102,True,/users/delfos/aina/scentree-gen-remote/scentree-gen-remote/dif_ren_scentree/scenariotree_210/results_14.json,9589,103,165,93.09708737864078,165,1.2727272727272727,10,0.004761904761904762,0.047619047619047616,0.004956032518909868,0.9668930626715189,98.87892376681616
dif_ren,210,15,210,102,True,/users/delfos/aina/scentree-gen-remote/scentree-gen-remote/dif_ren_scentree/scenariotree_210/results_15.json,10480,103,176,101.74757281553399,176,1.1931818181818181,6,0.004761904761904762,0.02857142857142857,0.0033944577029355397,0.9786254621918088,129.70588235294113
dif_ren,210,16,210,102,True,/users/delfos/aina/scentree-gen-remote/scentree-gen-remote/dif_ren_scentree/scenariotree_210/results_16.json,10599,103,173,102.90291262135922,173,1.2138728323699421,7,0.004761904761904762,0.03333333333333333,0.0038158271757451935,0.9749750070184059,120.4918032786885
dif_ren,210,17,210,102,True,/users/delfos/aina/scentree-gen-remote/scentree-gen-remote/dif_ren_scentree/scenariotree_210/results_17.json,10864,103,171,105.47572815533981,171,1.2280701754385965,12,0.004761904761904762,0.05714285714285714,0.006006909945613215,0.9555893496515679,83.20754716981132
dif_ren,210,18,210,102,True,/users/delfos/aina/scentree-gen-remote/scentree-gen-remote/dif_ren_scentree/scenariotree_210/results_18.json,11442,103,177,111.0873786407767,177,1.1864406779661016,5,0.004761904761904762,0.023809523809523808,0.0031376812620643414,0.980586345623813,135.2760736196319
dif_ren,210,19,210,102,True,/users/delfos/aina/scentree-gen-remote/scentree-gen-remote/dif_ren_scentree/scenariotree_210/results_19.json,10960,103,171,106.40776699029126,171,1.2280701754385965,9,0.004761904761904762,0.04285714285714286,0.004749430377126782,0.9660470638027691,103.03738317757008
dif_ren,210,2,210,102,True,/users/delfos/aina/scentree-gen-remote/scentree-gen-remote/dif_ren_scentree/scenariotree_210/results_2.json,10109,103,176,98.14563106796116,176,1.1931818181818181,7,0.004761904761904762,0.03333333333333333,0.003650492418944357,0.9764634042246582,124.57627118644065
dif_ren,210,20,210,102,True,/users/delfos/aina/scentree-gen-remote/scentree-gen-remote/dif_ren_scentree/scenariotree_210/results_20.json,8806,103,177,85.49514563106796,177,1.1864406779661016,6,0.004761904761904762,0.02857142857142857,0.003629868167989869,0.9765915274694112,125.28409090909088
dif_ren,210,21,210,102,True,/users/delfos/aina/scentree-gen-remote/scentree-gen-remote/dif_ren_scentree/scenariotree_210/results_21.json,8124,103,178,78.87378640776699,178,1.1797752808988764,10,0.004761904761904762,0.047619047619047616,0.00462961221461562,0.9694602434104822,106.0096153846154
dif_ren,210,22,210,102,True,/users/delfos/aina/scentree-gen-remote/scentree-gen-remote/dif_ren_scentree/scenariotree_210/results_22.json,10958,103,190,106.3883495145631,190,1.105263157894737,7,0.004761904761904762,0.03333333333333333,0.0028881925395264027,0.9846200633282547,146.02649006622516
dif_ren,210,23,210,102,True,/users/delfos/aina/scentree-gen-remote/scentree-gen-remote/dif_ren_scentree/scenariotree_210/results_23.json,7471,103,165,72.53398058252426,165,1.2727272727272727,5,0.004761904761904762,0.023809523809523808,0.00364597095465599,0.9755617999613715,121.15384615384615
dif_ren,210,24,210,102,True,/users/delfos/aina/scentree-gen-remote/scentree-gen-remote/dif_ren_scentree/scenariotree_210/results_24.json,9601,103,176,93.2135922330097,176,1.1931818181818181,29,0.004761904761904762,0.1380952380952381,0.010059551462485484,0.9360825694147631,42.567567567567565
dif_ren,210,25,210,102,True,/users/delfos/aina/scentree-gen-remote/scentree-gen-remote/dif_ren_scentree/scenariotree_210/results_25.json,9906,103,171,96.1747572815534,171,1.2280701754385965,9,0.004761904761904762,0.04285714285714286,0.004089302673523949,0.9732493028966815,114.84374999999999
dif_ren,210,26,210,102,True,/users/delfos/aina/scentree-gen-remote/scentree-gen-remote/dif_ren_scentree/scenariotree_210/results_26.json,10695,103,182,103.83495145631068,182,1.1538461538461537,4,0.004761904761904762,0.01904761904761905,0.0023859786740299317,0.9870485375715392,153.12499999999994
dif_ren,210,27,210,102,True,/users/delfos/aina/scentree-gen-remote/scentree-gen-remote/dif_ren_scentree/scenariotree_210/results_27.json,9972,103,171,96.81553398058253,171,1.2280701754385965,10,0.004761904761904762,0.047619047619047616,0.004607713361115347,0.9691784029790456,105.5023923444976
dif_ren,210,28,210,102,True,/users/delfos/aina/scentree-gen-remote/scentree-gen-remote/dif_ren_scentree/scenariotree_210/results_28.json,9809,103,170,95.23300970873787,170,1.2352941176470589,7,0.004761904761904762,0.03333333333333333,0.003699176250805418,0.9757251509177726,121.8232044198895
dif_ren,210,29,210,102,True,/users/delfos/aina/scentree-gen-remote/scentree-gen-remote/dif_ren_scentree/scenariotree_210/results_29.json,9758,103,175,94.7378640776699,175,1.2,6,0.004761904761904762,0.02857142857142857,0.0030965460344873578,0.9811109247874389,135.27607361963192
dif_ren,210,3,210,102,True,/users/delfos/aina/scentree-gen-remote/scentree-gen-remote/dif_ren_scentree/scenariotree_210/results_3.json,10375,103,185,100.72815533980582,185,1.135135135135135,5,0.004761904761904762,0.023809523809523808,0.0025154208861894547,0.9864232515818172,152.06896551724134
dif_ren,210,30,210,102,True,/users/delfos/aina/scentree-gen-remote/scentree-gen-remote/dif_ren_scentree/scenariotree_210/results_30.json,11082,103,173,107.59223300970874,173,1.2138728323699421,8,0.004761904761904762,0.0380952380952381,0.0038500239328171457,0.9752992538185061,119.83695652173911
dif_ren,210,4,210,102,True,/users/delfos/aina/scentree-gen-remote/scentree-gen-remote/dif_ren_scentree/scenariotree_210/results_4.json,11429,103,179,110.96116504854369,179,1.1731843575418994,7,0.004761904761904762,0.03333333333333333,0.0037940508616136357,0.975800389969691,122.49999999999999
dif_ren,210,5,210,102,True,/users/delfos/aina/scentree-gen-remote/scentree-gen-remote/dif_ren_scentree/scenariotree_210/results_5.json,10289,103,175,99.89320388349515,175,1.2,15,0.004761904761904762,0.07142857142857142,0.005482841273363235,0.9660390324010144,91.11570247933888
dif_ren,210,6,210,102,True,/users/delfos/aina/scentree-gen-remote/scentree-gen-remote/dif_ren_scentree/scenariotree_210/results_6.json,10566,103,175,102.58252427184466,175,1.2,13,0.004761904761904762,0.06190476190476191,0.004987837491108396,0.9683671228546177,99.32432432432437
dif_ren,210,7,210,102,True,/users/delfos/aina/scentree-gen-remote/scentree-gen-remote/dif_ren_scentree/scenariotree_210/results_7.json,10954,103,186,106.3495145631068,186,1.1290322580645162,6,0.004761904761904762,0.02857142857142857,0.0027248611767844485,0.9854056633267358,147.98657718120802
dif_ren,210,8,210,102,True,/users/delfos/aina/scentree-gen-remote/scentree-gen-remote/dif_ren_scentree/scenariotree_210/results_8.json,9984,103,182,96.93203883495146,182,1.1538461538461537,5,0.004761904761904762,0.023809523809523808,0.0028608973171819247,0.9834272180165412,143.18181818181816
dif_ren,210,9,210,102,True,/users/delfos/aina/scentree-gen-remote/scentree-gen-remote/dif_ren_scentree/scenariotree_210/results_9.json,10135,103,180,98.39805825242719,180,1.1666666666666667,6,0.004761904761904762,0.02857142857142857,0.0027262800059234395,0.9848553480910642,145.0657894736842
dif_ren,220,1,220,102,True,/users/delfos/aina/scentree-gen-remote/scentree-gen-remote/dif_ren_scentree/scenariotree_220/results_1.json,6415,103,176,62.28155339805825,176,1.25,7,0.004545454545454545,0.031818181818181815,0.003443353990185735,0.9770143609659343,128.72340425531917
dif_ren,220,10,220,102,True,/users/delfos/aina/scentree-gen-remote/scentree-gen-remote/dif_ren_scentree/scenariotree_220/results_10.json,10164,103,183,98.67961165048544,183,1.2021857923497268,6,0.004545454545454545,0.02727272727272727,0.0035163877492445407,0.9762294964029153,129.41176470588238
dif_ren,220,11,220,102,True,/users/delfos/aina/scentree-gen-remote/scentree-gen-remote/dif_ren_scentree/scenariotree_220/results_11.json,10669,103,192,103.58252427184466,192,1.1458333333333333,12,0.004545454545454545,0.05454545454545454,0.004069766846012177,0.975764634977593,119.21182266009853
dif_ren,220,12,220,102,True,/users/delfos/aina/scentree-gen-remote/scentree-gen-remote/dif_ren_scentree/scenariotree_220/results_12.json,8237,103,179,79.97087378640776,179,1.229050279329609,5,0.004545454545454545,0.022727272727272728,0.0033565691501997574,0.9771422402004875,131.5217391304348
dif_ren,220,13,220,102,True,/users/delfos/aina/scentree-gen-remote/scentree-gen-remote/dif_ren_scentree/scenariotree_220/results_13.json,9703,103,178,94.20388349514563,178,1.2359550561797752,10,0.004545454545454545,0.045454545454545456,0.0049146523896708505,0.9633589166868847,100.83333333333334
dif_ren,220,14,220,102,True,/users/delfos/aina/scentree-gen-remote/scentree-gen-remote/dif_ren_scentree/scenariotree_220/results_14.json,9964,103,190,96.7378640776699,190,1.1578947368421053,5,0.004545454545454545,0.022727272727272728,0.0024514236282199998,0.9859830400483944,156.12903225806454
dif_ren,220,15,220,102,True,/users/delfos/aina/scentree-gen-remote/scentree-gen-remote/dif_ren_scentree/scenariotree_220/results_15.json,13277,103,194,128.90291262135923,194,1.134020618556701,9,0.004545454545454545,0.04090909090909091,0.003271846308287006,0.9808639603874659,138.2857142857143
dif_ren,220,16,220,102,True,/users/delfos/aina/scentree-gen-remote/scentree-gen-remote/dif_ren_scentree/scenariotree_220/results_16.json,13244,103,199,128.58252427184465,199,1.1055276381909547,7,0.004545454545454545,0.031818181818181815,0.0028960979187931408,0.9834625101639831,149.38271604938274
dif_ren,220,17,220,102,True,/users/delfos/aina/scentree-gen-remote/scentree-gen-remote/dif_ren_scentree/scenariotree_220/results_17.json,9002,103,179,87.39805825242719,179,1.229050279329609,9,0.004545454545454545,0.04090909090909091,0.004345645717710004,0.9695165990620783,111.52073732718895
dif_ren,220,18,220,102,True,/users/delfos/aina/scentree-gen-remote/scentree-gen-remote/dif_ren_scentree/scenariotree_220/results_18.json,10608,103,200,102.99029126213593,200,1.1,8,0.004545454545454545,0.03636363636363636,0.0029105110170149313,0.9840224384211869,149.38271604938274
dif_ren,220,19,220,102,True,/users/delfos/aina/scentree-gen-remote/scentree-gen-remote/dif_ren_scentree/scenariotree_220/results_19.json,10504,103,194,101.98058252427184,194,1.134020618556701,6,0.004545454545454545,0.02727272727272727,0.0026615692260848972,0.9845356325708987,153.1645569620253
dif_ren,220,2,220,102,True,/users/delfos/aina/scentree-gen-remote/scentree-gen-remote/dif_ren_scentree/scenariotree_220/results_2.json,11572,103,181,112.3495145631068,181,1.2154696132596685,9,0.004545454545454545,0.04090909090909091,0.005018079330161172,0.9622382397771296,99.18032786885252
dif_ren,220,20,220,102,True,/users/delfos/aina/scentree-gen-remote/scentree-gen-remote/dif_ren_scentree/scenariotree_220/results_20.json,10941,103,187,106.22330097087378,187,1.1764705882352942,6,0.004545454545454545,0.02727272727272727,0.0031739340926593574,0.9799366617460458,138.2857142857143
dif_ren,220,21,220,102,True,/users/delfos/aina/scentree-gen-remote/scentree-gen-remote/dif_ren_scentree/scenariotree_220/results_21.json,11336,103,177,110.05825242718447,177,1.2429378531073447,5,0.004545454545454545,0.022727272727272728,0.003066432138525813,0.9802431331383681,136.72316384180792
dif_ren,220,22,220,102,True,/users/delfos/aina/scentree-gen-remote/scentree-gen-remote/dif_ren_scentree/scenariotree_220/results_22.json,9707,103,193,94.24271844660194,193,1.1398963730569949,5,0.004545454545454545,0.022727272727272728,0.0024750456251379466,0.9859698492570801,157.14285714285714
dif_ren,220,23,220,102,True,/users/delfos/aina/scentree-gen-remote/scentree-gen-remote/dif_ren_scentree/scenariotree_220/results_23.json,10170,103,188,98.7378640776699,188,1.1702127659574468,11,0.004545454545454545,0.05,0.003958100953516659,0.9750612920488807,121.0
dif_ren,220,24,220,102,True,/users/delfos/aina/scentree-gen-remote/scentree-gen-remote/dif_ren_scentree/scenariotree_220/results_24.json,10033,103,193,97.40776699029126,193,1.1398963730569949,6,0.004545454545454545,0.02727272727272727,0.002761265584023935,0.9837933637330234,150.31055900621118
dif_ren,220,25,220,102,True,/users/delfos/aina/scentree-gen-remote/scentree-gen-remote/dif_ren_scentree/scenariotree_220/results_25.json,9102,103,200,88.36893203883496,200,1.1,6,0.004545454545454545,0.02727272727272727,0.0021799234196875996,0.9891305755687422,168.05555555555557
dif_ren,220,26,220,102,True,/users/delfos/aina/scentree-gen-remote/scentree-gen-remote/dif_ren_scentree/scenariotree_220/results_26.json,9153,103,187,88.86407766990291,187,1.1764705882352942,6,0.004545454545454545,0.02727272727272727,0.002957703158854102,0.9814365110663125,143.19526627218937
dif_ren,220,27,220,102,True,/users/delfos/aina/scentree-gen-remote/scentree-gen-remote/dif_ren_scentree/scenariotree_220/results_27.json,11636,103,193,112.97087378640776,193,1.1398963730569949,13,0.004545454545454545,0.05909090909090909,0.00433105770464303,0.9739174878948991,113.61502347417841
dif_ren,220,28,220,102,True,/users/delfos/aina/scentree-gen-remote/scentree-gen-remote/dif_ren_scentree/scenariotree_220/results_28.json,12205,103,189,118.49514563106796,189,1.164021164021164,16,0.004545454545454545,0.07272727272727272,0.005511917132670862,0.9645034814415613,90.6367041198502
dif_ren,220,29,220,102,True,/users/delfos/aina/scentree-gen-remote/scentree-gen-remote/dif_ren_scentree/scenariotree_220/results_29.json,11138,103,177,108.13592233009709,177,1.2429378531073447,11,0.004545454545454545,0.05,0.004356012111782734,0.9707302540094956,111.0091743119266
dif_ren,220,3,220,102,True,/users/delfos/aina/scentree-gen-remote/scentree-gen-remote/dif_ren_scentree/scenariotree_220/results_3.json,10325,103,178,100.24271844660194,178,1.2359550561797752,11,0.004545454545454545,0.05,0.0051903354508324815,0.9639839282108309,96.03174603174604
dif_ren,220,30,220,102,True,/users/delfos/aina/scentree-gen-remote/scentree-gen-remote/dif_ren_scentree/scenariotree_220/results_30.json,10218,103,197,99.20388349514563,197,1.116751269035533,7,0.004545454545454545,0.031818181818181815,0.002902296533443003,0.9835266871212229,148.46625766871168
dif_ren,220,4,220,102,True,/users/delfos/aina/scentree-gen-remote/scentree-gen-remote/dif_ren_scentree/scenariotree_220/results_4.json,10015,103,180,97.23300970873787,180,1.2222222222222223,11,0.004545454545454545,0.05,0.0043534064524262525,0.9707944999394115,111.52073732718894
dif_ren,220,5,220,102,True,/users/delfos/aina/scentree-gen-remote/scentree-gen-remote/dif_ren_scentree/scenariotree_220/results_5.json,9715,103,186,94.32038834951456,186,1.1827956989247312,9,0.004545454545454545,0.04090909090909091,0.003912206160491061,0.9740533047028249,121.60804020100504
dif_ren,220,6,220,102,True,/users/delfos/aina/scentree-gen-remote/scentree-gen-remote/dif_ren_scentree/scenariotree_220/results_6.json,12427,103,193,120.6504854368932,193,1.1398963730569949,6,0.004545454545454545,0.02727272727272727,0.0025600901067736577,0.9855024481322205,155.12820512820514
dif_ren,220,7,220,102,True,/users/delfos/aina/scentree-gen-remote/scentree-gen-remote/dif_ren_scentree/scenariotree_220/results_7.json,10740,103,191,104.27184466019418,191,1.1518324607329844,6,0.004545454545454545,0.02727272727272727,0.00272403541479565,0.9838577754383497,150.31055900621118
dif_ren,220,8,220,102,True,/users/delfos/aina/scentree-gen-remote/scentree-gen-remote/dif_ren_scentree/scenariotree_220/results_8.json,11404,103,191,110.71844660194175,191,1.1518324607329844,10,0.004545454545454545,0.045454545454545456,0.003427435312387207,0.9804328274333063,133.70165745856355
dif_ren,220,9,220,102,True,/users/delfos/aina/scentree-gen-remote/scentree-gen-remote/dif_ren_scentree/scenariotree_220/results_9.json,8443,103,184,81.97087378640776,184,1.1956521739130435,9,0.004545454545454545,0.04090909090909091,0.004198151341155732,0.9721374836913828,115.23809523809524
dif_ren,230,1,230,102,True,/users/delfos/aina/scentree-gen-remote/scentree-gen-remote/dif_ren_scentree/scenariotree_230/results_1.json,9900,103,191,96.11650485436893,191,1.2041884816753927,5,0.004347826086956522,0.021739130434782608,0.0026139383015631548,0.9830707550378036,152.8901734104046
dif_ren,230,10,230,102,True,/users/delfos/aina/scentree-gen-remote/scentree-gen-remote/dif_ren_scentree/scenariotree_230/results_10.json,10399,103,200,100.96116504854369,200,1.15,8,0.004347826086956522,0.034782608695652174,0.003416572531630806,0.9780194247395657,136.340206185567
dif_ren,230,11,230,102,True,/users/delfos/aina/scentree-gen-remote/scentree-gen-remote/dif_ren_scentree/scenariotree_230/results_11.json,9457,103,186,91.81553398058253,186,1.2365591397849462,11,0.004347826086956522,0.04782608695652174,0.004615326387352758,0.9663981350411561,107.08502024291498
dif_ren,230,12,230,102,True,/users/delfos/aina/scentree-gen-remote/scentree-gen-remote/dif_ren_scentree/scenariotree_230/results_12.json,10229,103,202,99.31067961165049,202,1.1386138613861385,5,0.004347826086956522,0.021739130434782608,0.0024874765756683023,0.9850062205717508,161.28048780487805
dif_ren,230,13,230,102,True,/users/delfos/aina/scentree-gen-remote/scentree-gen-remote/dif_ren_scentree/scenariotree_230/results_13.json,9067,103,187,88.02912621359224,187,1.2299465240641712,11,0.004347826086956522,0.04782608695652174,0.0050182113225589265,0.961878503550938,99.43609022556387
dif_ren,230,14,230,102,True,/users/delfos/aina/scentree-gen-remote/scentree-gen-remote/dif_ren_scentree/scenariotree_230/results_14.json,10493,103,206,101.87378640776699,206,1.116504854368932,6,0.004347826086956522,0.02608695652173913,0.0022507298415818115,0.987577467529657,169.55128205128202
dif_ren,230,15,230,102,True,/users/delfos/aina/scentree-gen-remote/scentree-gen-remote/dif_ren_scentree/scenariotree_230/results_15.json,12074,103,202,117.22330097087378,202,1.1386138613861385,7,0.004347826086956522,0.030434782608695653,0.0027721569052211684,0.9831401040309541,153.77906976744185
dif_ren,230,16,230,102,True,/users/delfos/aina/scentree-gen-remote/scentree-gen-remote/dif_ren_scentree/scenariotree_230/results_16.json,10519,103,191,102.12621359223301,191,1.2041884816753927,7,0.004347826086956522,0.030434782608695653,0.0031622408729911258,0.9788895980533281,139.94708994708992
dif_ren,230,17,230,102,True,/users/delfos/aina/scentree-gen-remote/scentree-gen-remote/dif_ren_scentree/scenariotree_230/results_17.json,9611,103,181,93.31067961165049,181,1.270718232044199,18,0.004347826086956522,0.0782608695652174,0.005991625108859474,0.9585876734962673,83.17610062893083
dif_ren,230,18,230,102,True,/users/delfos/aina/scentree-gen-remote/scentree-gen-remote/dif_ren_scentree/scenariotree_230/results_18.json,10173,103,188,98.76699029126213,188,1.2234042553191489,12,0.004347826086956522,0.05217391304347826,0.004400890577966896,0.9692117148853527,111.60337552742612
dif_ren,230,19,230,102,True,/users/delfos/aina/scentree-gen-remote/scentree-gen-remote/dif_ren_scentree/scenariotree_230/results_19.json,10331,103,193,100.30097087378641,193,1.1917098445595855,10,0.004347826086956522,0.043478260869565216,0.0040553427775429874,0.9730506053633331,119.68325791855199
dif_ren,230,2,230,102,True,/users/delfos/aina/scentree-gen-remote/scentree-gen-remote/dif_ren_scentree/scenariotree_230/results_2.json,9383,103,200,91.09708737864078,200,1.15,11,0.004347826086956522,0.04782608695652174,0.004164618274058264,0.9718714720065206,118.08035714285712
dif_ren,230,20,230,102,True,/users/delfos/aina/scentree-gen-remote/scentree-gen-remote/dif_ren_scentree/scenariotree_230/results_20.json,10970,103,191,106.50485436893204,191,1.2041884816753927,6,0.004347826086956522,0.02608695652173913,0.0029685193495077424,0.9802130402524084,144.53551912568304
dif_ren,230,21,230,102,True,/users/delfos/aina/scentree-gen-remote/scentree-gen-remote/dif_ren_scentree/scenariotree_230/results_21.json,9514,103,184,92.36893203883496,184,1.25,10,0.004347826086956522,0.043478260869565216,0.0039059481986642467,0.9728826265140467,121.3302752293578
dif_ren,230,22,230,102,True,/users/delfos/aina/scentree-gen-remote/scentree-gen-remote/dif_ren_scentree/scenariotree_230/results_22.json,9924,103,206,96.3495145631068,206,1.116504854368932,8,0.004347826086956522,0.034782608695652174,0.0027631874797894715,0.9842768175683142,155.5882352941176
dif_ren,230,23,230,102,True,/users/delfos/aina/scentree-gen-remote/scentree-gen-remote/dif_ren_scentree/scenariotree_230/results_23.json,11555,103,201,112.18446601941747,201,1.144278606965174,9,0.004347826086956522,0.0391304347826087,0.0032860577462466415,0.9793504788925868,139.94708994708995
dif_ren,230,24,230,102,True,/users/delfos/aina/scentree-gen-remote/scentree-gen-remote/dif_ren_scentree/scenariotree_230/results_24.json,11463,103,210,111.29126213592232,210,1.0952380952380953,14,0.004347826086956522,0.06086956521739131,0.0040039502289469404,0.9782297167703916,123.02325581395343
dif_ren,230,25,230,102,True,/users/delfos/aina/scentree-gen-remote/scentree-gen-remote/dif_ren_scentree/scenariotree_230/results_25.json,10152,103,190,98.5631067961165,190,1.2105263157894737,8,0.004347826086956522,0.034782608695652174,0.004009477223783806,0.971416755551325,120.22727272727272
dif_ren,230,26,230,102,True,/users/delfos/aina/scentree-gen-remote/scentree-gen-remote/dif_ren_scentree/scenariotree_230/results_26.json,10324,103,189,100.23300970873787,189,1.216931216931217,7,0.004347826086956522,0.030434782608695653,0.003523200316370213,0.9747667391028564,130.94059405940592
dif_ren,230,27,230,102,True,/users/delfos/aina/scentree-gen-remote/scentree-gen-remote/dif_ren_scentree/scenariotree_230/results_27.json,9751,103,203,94.66990291262135,203,1.1330049261083743,6,0.004347826086956522,0.02608695652173913,0.002786956922615227,0.9828628346275233,153.77906976744185
dif_ren,230,28,230,102,True,/users/delfos/aina/scentree-gen-remote/scentree-gen-remote/dif_ren_scentree/scenariotree_230/results_28.json,9965,103,199,96.74757281553399,199,1.1557788944723617,5,0.004347826086956522,0.021739130434782608,0.002793859272562076,0.9820403467553114,152.01149425287355
dif_ren,230,29,230,102,True,/users/delfos/aina/scentree-gen-remote/scentree-gen-remote/dif_ren_scentree/scenariotree_230/results_29.json,9739,103,193,94.55339805825243,193,1.1917098445595855,11,0.004347826086956522,0.04782608695652174,0.0041743581245867875,0.9715790050190805,117.03539823008848
dif_ren,230,3,230,102,True,/users/delfos/aina/scentree-gen-remote/scentree-gen-remote/dif_ren_scentree/scenariotree_230/results_3.json,9700,103,190,94.1747572815534,190,1.2105263157894737,8,0.004347826086956522,0.034782608695652174,0.003210192753638477,0.9788962468877486,138.48167539267016
dif_ren,230,30,230,102,True,/users/delfos/aina/scentree-gen-remote/scentree-gen-remote/dif_ren_scentree/scenariotree_230/results_30.json,11015,103,192,106.94174757281553,192,1.1979166666666667,19,0.004347826086956522,0.08260869565217391,0.005924321607592462,0.9611308523959229,83.70253164556962
dif_ren,230,4,230,102,True,/users/delfos/aina/scentree-gen-remote/scentree-gen-remote/dif_ren_scentree/scenariotree_230/results_4.json,12065,103,197,117.13592233009709,197,1.16751269035533,9,0.004347826086956522,0.0391304347826087,0.0036583284263947864,0.9752325011594465,129.656862745098
dif_ren,230,5,230,102,True,/users/delfos/aina/scentree-gen-remote/scentree-gen-remote/dif_ren_scentree/scenariotree_230/results_5.json,11456,103,194,111.22330097087378,194,1.1855670103092784,9,0.004347826086956522,0.0391304347826087,0.003352145333624067,0.9783058896645769,136.340206185567
dif_ren,230,6,230,102,True,/users/delfos/aina/scentree-gen-remote/scentree-gen-remote/dif_ren_scentree/scenariotree_230/results_6.json,11100,103,192,107.76699029126213,192,1.1979166666666667,6,0.004347826086956522,0.02608695652173913,0.003049927927053103,0.9790877465207156,142.97297297297297
dif_ren,230,7,230,102,True,/users/delfos/aina/scentree-gen-remote/scentree-gen-remote/dif_ren_scentree/scenariotree_230/results_7.json,10895,103,197,105.77669902912622,197,1.16751269035533,7,0.004347826086956522,0.030434782608695653,0.0029301025521514747,0.9814613868220744,147.7653631284916
dif_ren,230,8,230,102,True,/users/delfos/aina/scentree-gen-remote/scentree-gen-remote/dif_ren_scentree/scenariotree_230/results_8.json,12471,103,204,121.07766990291262,204,1.1274509803921569,6,0.004347826086956522,0.02608695652173913,0.0025228536670004586,0.9850769469321141,161.28048780487802
dif_ren,230,9,230,102,True,/users/delfos/aina/scentree-gen-remote/scentree-gen-remote/dif_ren_scentree/scenariotree_230/results_9.json,11795,103,183,114.51456310679612,183,1.2568306010928962,8,0.004347826086956522,0.034782608695652174,0.0037882882258008545,0.9725025872818491,123.59813084112146
dif_ren,240,1,240,102,True,/users/delfos/aina/scentree-gen-remote/scentree-gen-remote/dif_ren_scentree/scenariotree_240/results_1.json,11638,103,204,112.99029126213593,204,1.1764705882352942,9,0.004166666666666667,0.0375,0.003496407504335075,0.9756232804369153,135.2112676056338
dif_ren,240,10,240,102,True,/users/delfos/aina/scentree-gen-remote/scentree-gen-remote/dif_ren_scentree/scenariotree_240/results_10.json,9078,103,186,88.13592233009709,186,1.2903225806451613,9,0.004166666666666667,0.0375,0.004736195007138435,0.9604575192434865,104.72727272727273
dif_ren,240,11,240,102,True,/users/delfos/aina/scentree-gen-remote/scentree-gen-remote/dif_ren_scentree/scenariotree_240/results_11.json,9054,103,199,87.90291262135922,199,1.2060301507537687,10,0.004166666666666667,0.041666666666666664,0.0037425801783332233,0.9739297075645681,128.0
dif_ren,240,12,240,102,True,/users/delfos/aina/scentree-gen-remote/scentree-gen-remote/dif_ren_scentree/scenariotree_240/results_12.json,10099,103,210,98.04854368932038,210,1.1428571428571428,6,0.004166666666666667,0.025,0.0027535794062429468,0.9819522630194091,157.37704918032784
dif_ren,240,13,240,102,True,/users/delfos/aina/scentree-gen-remote/scentree-gen-remote/dif_ren_scentree/scenariotree_240/results_13.json,9605,103,199,93.25242718446601,199,1.2060301507537687,7,0.004166666666666667,0.029166666666666667,0.003105610756740228,0.9778827588458601,143.99999999999997
dif_ren,240,14,240,102,True,/users/delfos/aina/scentree-gen-remote/scentree-gen-remote/dif_ren_scentree/scenariotree_240/results_14.json,11001,103,199,106.80582524271844,199,1.2060301507537687,9,0.004166666666666667,0.0375,0.0036241535215106872,0.973704124092151,130.90909090909088
dif_ren,240,15,240,102,True,/users/delfos/aina/scentree-gen-remote/scentree-gen-remote/dif_ren_scentree/scenariotree_240/results_15.json,11474,103,206,111.39805825242719,206,1.1650485436893203,7,0.004166666666666667,0.029166666666666667,0.002879565659637057,0.9801967177098597,152.38095238095238
dif_ren,240,16,240,102,True,/users/delfos/aina/scentree-gen-remote/scentree-gen-remote/dif_ren_scentree/scenariotree_240/results_16.json,10559,103,208,102.51456310679612,208,1.1538461538461537,6,0.004166666666666667,0.025,0.002601391519350629,0.983250262320026,160.89385474860336
dif_ren,240,17,240,102,True,/users/delfos/aina/scentree-gen-remote/scentree-gen-remote/dif_ren_scentree/scenariotree_240/results_17.json,12639,103,211,122.70873786407768,211,1.1374407582938388,14,0.004166666666666667,0.058333333333333334,0.004264397078777684,0.9716214120186799,116.59919028340079
dif_ren,240,18,240,102,True,/users/delfos/aina/scentree-gen-remote/scentree-gen-remote/dif_ren_scentree/scenariotree_240/results_18.json,9950,103,184,96.60194174757281,184,1.3043478260869565,10,0.004166666666666667,0.041666666666666664,0.004545260612425499,0.9637797798293068,108.27067669172932
dif_ren,240,19,240,102,True,/users/delfos/aina/scentree-gen-remote/scentree-gen-remote/dif_ren_scentree/scenariotree_240/results_19.json,11594,103,217,112.5631067961165,217,1.1059907834101383,4,0.004166666666666667,0.016666666666666666,0.0018881750797142124,0.989594425796989,185.8064516129032
dif_ren,240,2,240,102,True,/users/delfos/aina/scentree-gen-remote/scentree-gen-remote/dif_ren_scentree/scenariotree_240/results_2.json,10003,103,199,97.11650485436893,199,1.2060301507537687,7,0.004166666666666667,0.029166666666666667,0.003501724018780448,0.974640718674805,133.953488372093
dif_ren,240,20,240,102,True,/users/delfos/aina/scentree-gen-remote/scentree-gen-remote/dif_ren_scentree/scenariotree_240/results_20.json,11496,103,213,111.6116504854369,213,1.1267605633802817,8,0.004166666666666667,0.03333333333333333,0.0028201598264382005,0.982376161306304,156.52173913043475
dif_ren,240,21,240,102,True,/users/delfos/aina/scentree-gen-remote/scentree-gen-remote/dif_ren_scentree/scenariotree_240/results_21.json,10708,103,202,103.96116504854369,202,1.188118811881188,13,0.004166666666666667,0.05416666666666667,0.004113224570405457,0.9721694237841803,119.50207468879668
dif_ren,240,22,240,102,True,/users/delfos/aina/scentree-gen-remote/scentree-gen-remote/dif_ren_scentree/scenariotree_240/results_22.json,11828,103,197,114.83495145631068,197,1.218274111675127,21,0.004166666666666667,0.0875,0.006238456720347921,0.956602272542764,78.47411444141693
dif_ren,240,23,240,102,True,/users/delfos/aina/scentree-gen-remote/scentree-gen-remote/dif_ren_scentree/scenariotree_240/results_23.json,9990,103,198,96.99029126213593,198,1.2121212121212122,10,0.004166666666666667,0.041666666666666664,0.004654623381607768,0.9635785546445289,107.06319702602231
dif_ren,240,24,240,102,True,/users/delfos/aina/scentree-gen-remote/scentree-gen-remote/dif_ren_scentree/scenariotree_240/results_24.json,12210,103,207,118.54368932038835,207,1.1594202898550725,8,0.004166666666666667,0.03333333333333333,0.0030613023805885443,0.9797381010156385,147.69230769230768
dif_ren,240,25,240,102,True,/users/delfos/aina/scentree-gen-remote/scentree-gen-remote/dif_ren_scentree/scenariotree_240/results_25.json,9782,103,212,94.97087378640776,212,1.1320754716981132,13,0.004166666666666667,0.05416666666666667,0.003884952547360325,0.9752618127196894,126.3157894736842
dif_ren,240,26,240,102,True,/users/delfos/aina/scentree-gen-remote/scentree-gen-remote/dif_ren_scentree/scenariotree_240/results_26.json,10054,103,202,97.6116504854369,202,1.188118811881188,11,0.004166666666666667,0.04583333333333333,0.003831973108822812,0.9742159604134368,126.31578947368423
dif_ren,240,27,240,102,True,/users/delfos/aina/scentree-gen-remote/scentree-gen-remote/dif_ren_scentree/scenariotree_240/results_27.json,10976,103,197,106.5631067961165,197,1.218274111675127,8,0.004166666666666667,0.03333333333333333,0.003273767345054424,0.9766258754777902,139.1304347826087
dif_ren,240,28,240,102,True,/users/delfos/aina/scentree-gen-remote/scentree-gen-remote/dif_ren_scentree/scenariotree_240/results_28.json,11615,103,197,112.76699029126213,197,1.218274111675127,11,0.004166666666666667,0.04583333333333333,0.003773943737300328,0.9735845231506214,126.87224669603523
dif_ren,240,29,240,102,True,/users/delfos/aina/scentree-gen-remote/scentree-gen-remote/dif_ren_scentree/scenariotree_240/results_29.json,11677,103,190,113.36893203883496,190,1.263157894736842,8,0.004166666666666667,0.03333333333333333,0.003431159160632973,0.9747464585204025,133.33333333333331
dif_ren,240,3,240,102,True,/users/delfos/aina/scentree-gen-remote/scentree-gen-remote/dif_ren_scentree/scenariotree_240/results_3.json,10123,103,198,98.28155339805825,198,1.2121212121212122,6,0.004166666666666667,0.025,0.0030643083584625244,0.9777994457989106,144.72361809045225
dif_ren,240,30,240,102,True,/users/delfos/aina/scentree-gen-remote/scentree-gen-remote/dif_ren_scentree/scenariotree_240/results_30.json,9889,103,190,96.00970873786407,190,1.263157894736842,17,0.004166666666666667,0.07083333333333333,0.006127021874062854,0.9515422851174686,80.67226890756302
dif_ren,240,4,240,102,True,/users/delfos/aina/scentree-gen-remote/scentree-gen-remote/dif_ren_scentree/scenariotree_240/results_4.json,10728,103,213,104.15533980582525,213,1.1267605633802817,8,0.004166666666666667,0.03333333333333333,0.002514587474839032,0.9854868348126703,165.51724137931032
dif_ren,240,5,240,102,True,/users/delfos/aina/scentree-gen-remote/scentree-gen-remote/dif_ren_scentree/scenariotree_240/results_5.json,12848,103,205,124.7378640776699,205,1.170731707317073,12,0.004166666666666667,0.05,0.0039154382073203564,0.9731641007856354,124.67532467532466
dif_ren,240,6,240,102,True,/users/delfos/aina/scentree-gen-remote/scentree-gen-remote/dif_ren_scentree/scenariotree_240/results_6.json,10959,103,207,106.39805825242719,207,1.1594202898550725,11,0.004166666666666667,0.04583333333333333,0.0036141190839239132,0.9760506555261473,132.71889400921657
dif_ren,240,7,240,102,True,/users/delfos/aina/scentree-gen-remote/scentree-gen-remote/dif_ren_scentree/scenariotree_240/results_7.json,11338,103,204,110.07766990291262,204,1.1764705882352942,9,0.004166666666666667,0.0375,0.0031909844525224358,0.9792916595136565,143.28358208955225
dif_ren,240,8,240,102,True,/users/delfos/aina/scentree-gen-remote/scentree-gen-remote/dif_ren_scentree/scenariotree_240/results_8.json,12147,103,203,117.93203883495146,203,1.1822660098522169,17,0.004166666666666667,0.07083333333333333,0.005394407320517307,0.961516169045685,92.3076923076923
dif_ren,240,9,240,102,True,/users/delfos/aina/scentree-gen-remote/scentree-gen-remote/dif_ren_scentree/scenariotree_240/results_9.json,11088,103,207,107.6504854368932,207,1.1594202898550725,8,0.004166666666666667,0.03333333333333333,0.0035674047071840406,0.9737700930166169,133.953488372093
dif_ren,250,1,250,102,True,/users/delfos/aina/scentree-gen-remote/scentree-gen-remote/dif_ren_scentree/scenariotree_250/results_1.json,12569,103,213,122.02912621359224,213,1.1737089201877935,8,0.004,0.032,0.003131817872891338,0.9776328337981849,147.4056603773585
dif_ren,250,10,250,102,True,/users/delfos/aina/scentree-gen-remote/scentree-gen-remote/dif_ren_scentree/scenariotree_250/results_10.json,12219,103,213,118.63106796116504,213,1.1737089201877935,13,0.004,0.052,0.0038621579990490936,0.9734409679188826,127.03252032520322
dif_ren,250,11,250,102,True,/users/delfos/aina/scentree-gen-remote/scentree-gen-remote/dif_ren_scentree/scenariotree_250/results_11.json,12365,103,214,120.04854368932038,214,1.1682242990654206,16,0.004,0.064,0.004442310800823557,0.9699357560816494,112.41007194244598
dif_ren,250,12,250,102,True,/users/delfos/aina/scentree-gen-remote/scentree-gen-remote/dif_ren_scentree/scenariotree_250/results_12.json,11529,103,206,111.93203883495146,206,1.2135922330097086,7,0.004,0.028,0.0029573268137469393,0.9788073139758483,150.2403846153846
dif_ren,250,13,250,102,True,/users/delfos/aina/scentree-gen-remote/scentree-gen-remote/dif_ren_scentree/scenariotree_250/results_13.json,8920,103,199,86.60194174757281,199,1.256281407035176,9,0.004,0.036,0.0038245927111691417,0.9696044460433035,126.00806451612905
dif_ren,250,14,250,102,True,/users/delfos/aina/scentree-gen-remote/scentree-gen-remote/dif_ren_scentree/scenariotree_250/results_14.json,10470,103,206,101.6504854368932,206,1.2135922330097086,7,0.004,0.028,0.0033743975139772365,0.9737327810905501,138.88888888888883
dif_ren,250,15,250,102,True,/users/delfos/aina/scentree-gen-remote/scentree-gen-remote/dif_ren_scentree/scenariotree_250/results_15.json,10489,103,207,101.83495145631068,207,1.2077294685990339,8,0.004,0.032,0.003096735171551482,0.9776334177848044,146.7136150234742
dif_ren,250,16,250,102,True,/users/delfos/aina/scentree-gen-remote/scentree-gen-remote/dif_ren_scentree/scenariotree_250/results_16.json,10788,103,201,104.7378640776699,201,1.243781094527363,8,0.004,0.032,0.003668391015993473,0.970626326765192,130.20833333333334
dif_ren,250,17,250,102,True,/users/delfos/aina/scentree-gen-remote/scentree-gen-remote/dif_ren_scentree/scenariotree_250/results_17.json,10779,103,213,104.6504854368932,213,1.1737089201877935,8,0.004,0.032,0.003107740086811892,0.9776461925667652,148.10426540284362
dif_ren,250,18,250,102,True,/users/delfos/aina/scentree-gen-remote/scentree-gen-remote/dif_ren_scentree/scenariotree_250/results_18.json,11620,103,218,112.81553398058253,218,1.146788990825688,8,0.004,0.032,0.003220379512578176,0.977436533869146,146.02803738317755
dif_ren,250,19,250,102,True,/users/delfos/aina/scentree-gen-remote/scentree-gen-remote/dif_ren_scentree/scenariotree_250/results_19.json,10282,103,211,99.8252427184466,211,1.1848341232227488,11,0.004,0.044,0.0037128338374861343,0.9724799262511703,130.7531380753138
dif_ren,250,2,250,102,True,/users/delfos/aina/scentree-gen-remote/scentree-gen-remote/dif_ren_scentree/scenariotree_250/results_2.json,10115,103,214,98.20388349514563,214,1.1682242990654206,10,0.004,0.04,0.003847017781588915,0.9715324222354127,127.55102040816327
dif_ren,250,20,250,102,True,/users/delfos/aina/scentree-gen-remote/scentree-gen-remote/dif_ren_scentree/scenariotree_250/results_20.json,7788,103,189,75.6116504854369,189,1.3227513227513228,8,0.004,0.032,0.004066246861622465,0.9656689213645497,118.8212927756654
dif_ren,250,21,250,102,True,/users/delfos/aina/scentree-gen-remote/scentree-gen-remote/dif_ren_scentree/scenariotree_250/results_21.json,11782,103,205,114.3883495145631,205,1.2195121951219512,13,0.004,0.052,0.004531704691642495,0.9658189079853459,110.0352112676056
dif_ren,250,22,250,102,True,/users/delfos/aina/scentree-gen-remote/scentree-gen-remote/dif_ren_scentree/scenariotree_250/results_22.json,11330,103,218,110.0,218,1.146788990825688,6,0.004,0.024,0.002560142660783839,0.9827018890984589,166.22340425531914
dif_ren,250,23,250,102,True,/users/delfos/aina/scentree-gen-remote/scentree-gen-remote/dif_ren_scentree/scenariotree_250/results_23.json,12719,103,208,123.48543689320388,208,1.2019230769230769,10,0.004,0.04,0.00397607489839328,0.9690862693664033,123.51778656126484
dif_ren,250,24,250,102,True,/users/delfos/aina/scentree-gen-remote/scentree-gen-remote/dif_ren_scentree/scenariotree_250/results_24.json,9642,103,198,93.6116504854369,198,1.2626262626262625,10,0.004,0.04,0.003962892876036923,0.9683481851612246,122.54901960784314
dif_ren,250,25,250,102,True,/users/delfos/aina/scentree-gen-remote/scentree-gen-remote/dif_ren_scentree/scenariotree_250/results_25.json,10562,103,206,102.54368932038835,206,1.2135922330097086,12,0.004,0.048,0.004358693504683788,0.9661161729414293,114.05109489051092
dif_ren,250,26,250,102,True,/users/delfos/aina/scentree-gen-remote/scentree-gen-remote/dif_ren_scentree/scenariotree_250/results_26.json,10233,103,201,99.3495145631068,201,1.243781094527363,8,0.004,0.032,0.0037753294620097915,0.969757790705357,127.55102040816327
dif_ren,250,27,250,102,True,/users/delfos/aina/scentree-gen-remote/scentree-gen-remote/dif_ren_scentree/scenariotree_250/results_27.json,9727,103,199,94.4368932038835,199,1.256281407035176,21,0.004,0.084,0.006107444329709358,0.9547035088622338,80.33419023136243
dif_ren,250,28,250,102,True,/users/delfos/aina/scentree-gen-remote/scentree-gen-remote/dif_ren_scentree/scenariotree_250/results_28.json,11110,103,223,107.86407766990291,223,1.1210762331838564,8,0.004,0.032,0.0023917787696191256,0.9858817358663967,173.61111111111111
dif_ren,250,29,250,102,True,/users/delfos/aina/scentree-gen-remote/scentree-gen-remote/dif_ren_scentree/scenariotree_250/results_29.json,12671,103,209,123.01941747572816,209,1.1961722488038278,7,0.004,0.028,0.0032142855507625045,0.9760329713835968,144.00921658986175
dif_ren,250,3,250,102,True,/users/delfos/aina/scentree-gen-remote/scentree-gen-remote/dif_ren_scentree/scenariotree_250/results_3.json,10953,103,212,106.33980582524272,212,1.179245283018868,10,0.004,0.04,0.0037985963569011735,0.9720198538451412,128.6008230452675
dif_ren,250,30,250,102,True,/users/delfos/aina/scentree-gen-remote/scentree-gen-remote/dif_ren_scentree/scenariotree_250/results_30.json,10719,103,217,104.06796116504854,217,1.152073732718894,9,0.004,0.036,0.002847672725205996,0.9813953415442186,157.03517587939697
dif_ren,250,4,250,102,True,/users/delfos/aina/scentree-gen-remote/scentree-gen-remote/dif_ren_scentree/scenariotree_250/results_4.json,11622,103,208,112.83495145631068,208,1.2019230769230769,10,0.004,0.04,0.0036744359145235925,0.9717589723371728,131.30252100840337
dif_ren,250,5,250,102,True,/users/delfos/aina/scentree-gen-remote/scentree-gen-remote/dif_ren_scentree/scenariotree_250/results_5.json,13137,103,217,127.54368932038835,217,1.152073732718894,5,0.004,0.02,0.002335564614755457,0.9843712608355474,172.65193370165744
dif_ren,250,6,250,102,True,/users/delfos/aina/scentree-gen-remote/scentree-gen-remote/dif_ren_scentree/scenariotree_250/results_6.json,11094,103,216,107.70873786407768,216,1.1574074074074074,7,0.004,0.028,0.002989464812106975,0.9788812919597711,152.4390243902439
dif_ren,250,7,250,102,True,/users/delfos/aina/scentree-gen-remote/scentree-gen-remote/dif_ren_scentree/scenariotree_250/results_7.json,10618,103,194,103.0873786407767,194,1.288659793814433,7,0.004,0.028,0.003893796827748578,0.9680149988445785,123.51778656126481
dif_ren,250,8,250,102,True,/users/delfos/aina/scentree-gen-remote/scentree-gen-remote/dif_ren_scentree/scenariotree_250/results_8.json,12626,103,215,122.58252427184466,215,1.1627906976744187,6,0.004,0.024,0.0023984851898765872,0.9839183061866464,169.83695652173913
dif_ren,250,9,250,102,True,/users/delfos/aina/scentree-gen-remote/scentree-gen-remote/dif_ren_scentree/scenariotree_250/results_9.json,11062,103,186,107.39805825242719,186,1.3440860215053763,12,0.004,0.048,0.005180430460161835,0.9554178726575789,96.4506172839506
dif_ren,260,1,260,102,True,/users/delfos/aina/scentree-gen-remote/scentree-gen-remote/dif_ren_scentree/scenariotree_260/results_1.json,11771,103,230,114.28155339805825,230,1.1304347826086956,5,0.0038461538461538464,0.019230769230769232,0.002182898845763307,0.9857314566914112,183.69565217391303
dif_ren,260,10,260,102,True,/users/delfos/aina/scentree-gen-remote/scentree-gen-remote/dif_ren_scentree/scenariotree_260/results_10.json,12046,103,219,116.95145631067962,219,1.187214611872146,11,0.0038461538461538464,0.04230769230769231,0.0032805409937904807,0.9766668378935338,144.44444444444443
dif_ren,260,11,260,102,True,/users/delfos/aina/scentree-gen-remote/scentree-gen-remote/dif_ren_scentree/scenariotree_260/results_11.json,11551,103,222,112.14563106796116,222,1.1711711711711712,13,0.0038461538461538464,0.05,0.0037362636051030307,0.9728094921510296,131.51750972762642
dif_ren,260,12,260,102,True,/users/delfos/aina/scentree-gen-remote/scentree-gen-remote/dif_ren_scentree/scenariotree_260/results_12.json,10812,103,215,104.97087378640776,215,1.2093023255813953,8,0.0038461538461538464,0.03076923076923077,0.0035540354493185464,0.9710323644914889,135.7429718875502
dif_ren,260,13,260,102,True,/users/delfos/aina/scentree-gen-remote/scentree-gen-remote/dif_ren_scentree/scenariotree_260/results_13.json,8687,103,212,84.33980582524272,212,1.2264150943396226,6,0.0038461538461538464,0.023076923076923078,0.0031158199478996374,0.9750549472630798,147.59825327510916
dif_ren,260,14,260,102,True,/users/delfos/aina/scentree-gen-remote/scentree-gen-remote/dif_ren_scentree/scenariotree_260/results_14.json,12380,103,223,120.19417475728156,223,1.1659192825112108,7,0.0038461538461538464,0.026923076923076925,0.0029910067055298555,0.9781826766135607,154.337899543379
dif_ren,260,15,260,102,True,/users/delfos/aina/scentree-gen-remote/scentree-gen-remote/dif_ren_scentree/scenariotree_260/results_15.json,13928,103,225,135.2233009708738,225,1.1555555555555554,12,0.0038461538461538464,0.046153846153846156,0.0034927891866158214,0.9749328523250954,139.0946502057613
dif_ren,260,16,260,102,True,/users/delfos/aina/scentree-gen-remote/scentree-gen-remote/dif_ren_scentree/scenariotree_260/results_16.json,13521,103,232,131.27184466019418,232,1.1206896551724137,7,0.0038461538461538464,0.026923076923076925,0.0022672839518937346,0.9859597183234287,181.72043010752688
dif_ren,260,17,260,102,True,/users/delfos/aina/scentree-gen-remote/scentree-gen-remote/dif_ren_scentree/scenariotree_260/results_17.json,10838,103,207,105.22330097087378,207,1.2560386473429952,12,0.0038461538461538464,0.046153846153846156,0.0039418597119810096,0.9689768234842534,124.26470588235293
dif_ren,260,18,260,102,True,/users/delfos/aina/scentree-gen-remote/scentree-gen-remote/dif_ren_scentree/scenariotree_260/results_18.json,10666,103,230,103.55339805825243,230,1.1304347826086956,5,0.0038461538461538464,0.019230769230769232,0.001932867327999985,0.9881114389098817,192.0454545454545
dif_ren,260,19,260,102,True,/users/delfos/aina/scentree-gen-remote/scentree-gen-remote/dif_ren_scentree/scenariotree_260/results_19.json,13056,103,218,126.75728155339806,218,1.1926605504587156,9,0.0038461538461538464,0.03461538461538462,0.003395514953766947,0.9741469853704048,140.83333333333331
dif_ren,260,2,260,102,True,/users/delfos/aina/scentree-gen-remote/scentree-gen-remote/dif_ren_scentree/scenariotree_260/results_2.json,10500,103,208,101.94174757281553,208,1.25,11,0.0038461538461538464,0.04230769230769231,0.004792876579681188,0.9592432663558056,104.32098765432097
dif_ren,260,20,260,102,True,/users/delfos/aina/scentree-gen-remote/scentree-gen-remote/dif_ren_scentree/scenariotree_260/results_20.json,9680,103,197,93.98058252427184,197,1.3197969543147208,11,0.0038461538461538464,0.04230769230769231,0.0042350515393945265,0.9644880512809024,116.15120274914086
dif_ren,260,21,260,102,True,/users/delfos/aina/scentree-gen-remote/scentree-gen-remote/dif_ren_scentree/scenariotree_260/results_21.json,11236,103,224,109.0873786407767,224,1.1607142857142858,18,0.0038461538461538464,0.06923076923076923,0.004540765020897143,0.9701144359864713,110.0977198697068
dif_ren,260,22,260,102,True,/users/delfos/aina/scentree-gen-remote/scentree-gen-remote/dif_ren_scentree/scenariotree_260/results_22.json,12125,103,226,117.71844660194175,226,1.1504424778761062,7,0.0038461538461538464,0.026923076923076925,0.0026450307379827,0.9813223651338148,166.50246305418716
dif_ren,260,23,260,102,True,/users/delfos/aina/scentree-gen-remote/scentree-gen-remote/dif_ren_scentree/scenariotree_260/results_23.json,9938,103,213,96.48543689320388,213,1.2206572769953052,11,0.0038461538461538464,0.04230769230769231,0.0041886931315265,0.9654397802759952,118.59649122807014
dif_ren,260,24,260,102,True,/users/delfos/aina/scentree-gen-remote/scentree-gen-remote/dif_ren_scentree/scenariotree_260/results_24.json,13751,103,219,133.50485436893203,219,1.187214611872146,10,0.0038461538461538464,0.038461538461538464,0.003650856567365759,0.9723624213666786,133.596837944664
dif_ren,260,25,260,102,True,/users/delfos/aina/scentree-gen-remote/scentree-gen-remote/dif_ren_scentree/scenariotree_260/results_25.json,12637,103,216,122.68932038834951,216,1.2037037037037037,10,0.0038461538461538464,0.038461538461538464,0.0033415111412364385,0.9750304196135419,142.01680672268904
dif_ren,260,26,260,102,True,/users/delfos/aina/scentree-gen-remote/scentree-gen-remote/dif_ren_scentree/scenariotree_260/results_26.json,12673,103,207,123.03883495145631,207,1.2560386473429952,12,0.0038461538461538464,0.046153846153846156,0.004687211685410112,0.9610988186777367,106.62460567823338
dif_ren,260,27,260,102,True,/users/delfos/aina/scentree-gen-remote/scentree-gen-remote/dif_ren_scentree/scenariotree_260/results_27.json,13031,103,221,126.51456310679612,221,1.1764705882352942,6,0.0038461538461538464,0.023076923076923078,0.002456040008676384,0.9823654876746511,170.70707070707067
dif_ren,260,28,260,102,True,/users/delfos/aina/scentree-gen-remote/scentree-gen-remote/dif_ren_scentree/scenariotree_260/results_28.json,11901,103,207,115.54368932038835,207,1.2560386473429952,9,0.0038461538461538464,0.03461538461538462,0.0033327967976866453,0.9739145899743473,140.24896265560164
dif_ren,260,29,260,102,True,/users/delfos/aina/scentree-gen-remote/scentree-gen-remote/dif_ren_scentree/scenariotree_260/results_29.json,11983,103,235,116.33980582524272,235,1.1063829787234043,6,0.0038461538461538464,0.023076923076923078,0.0020435339036345155,0.9875663253784838,190.96045197740105
dif_ren,260,3,260,102,True,/users/delfos/aina/scentree-gen-remote/scentree-gen-remote/dif_ren_scentree/scenariotree_260/results_3.json,9694,103,219,94.11650485436893,219,1.187214611872146,7,0.0038461538461538464,0.026923076923076925,0.0027667245727287996,0.9795227523055051,160.18957345971563
dif_ren,260,30,260,102,True,/users/delfos/aina/scentree-gen-remote/scentree-gen-remote/dif_ren_scentree/scenariotree_260/results_30.json,11995,103,216,116.45631067961165,216,1.2037037037037037,11,0.0038461538461538464,0.04230769230769231,0.004228154438648385,0.9659264112950229,117.77003484320554
dif_ren,260,4,260,102,True,/users/delfos/aina/scentree-gen-remote/scentree-gen-remote/dif_ren_scentree/scenariotree_260/results_4.json,11737,103,235,113.95145631067962,235,1.1063829787234043,6,0.0038461538461538464,0.023076923076923078,0.001883227478054668,0.9888310831990332,196.5116279069767
dif_ren,260,5,260,102,True,/users/delfos/aina/scentree-gen-remote/scentree-gen-remote/dif_ren_scentree/scenariotree_260/results_5.json,11874,103,215,115.28155339805825,215,1.2093023255813953,16,0.0038461538461538464,0.06153846153846154,0.004585332958131054,0.9649393895712887,109.0322580645161
dif_ren,260,6,260,102,True,/users/delfos/aina/scentree-gen-remote/scentree-gen-remote/dif_ren_scentree/scenariotree_260/results_6.json,12463,103,209,121.0,209,1.244019138755981,10,0.0038461538461538464,0.038461538461538464,0.00407451460378947,0.9667274687655986,121.1469534050179
dif_ren,260,7,260,102,True,/users/delfos/aina/scentree-gen-remote/scentree-gen-remote/dif_ren_scentree/scenariotree_260/results_7.json,11674,103,220,113.33980582524272,220,1.1818181818181819,7,0.0038461538461538464,0.026923076923076925,0.0028959831106082036,0.9781293119916324,156.48148148148147
dif_ren,260,8,260,102,True,/users/delfos/aina/scentree-gen-remote/scentree-gen-remote/dif_ren_scentree/scenariotree_260/results_8.json,11562,103,218,112.25242718446601,218,1.1926605504587156,8,0.0038461538461538464,0.03076923076923077,0.0031031462054933877,0.9763193648824209,149.5575221238938
dif_ren,260,9,260,102,True,/users/delfos/aina/scentree-gen-remote/scentree-gen-remote/dif_ren_scentree/scenariotree_260/results_9.json,10070,103,209,97.76699029126213,209,1.244019138755981,14,0.0038461538461538464,0.05384615384615385,0.004261316294600626,0.9666034688963953,116.55172413793102
dif_ren,270,1,270,102,True,/users/delfos/aina/scentree-gen-remote/scentree-gen-remote/dif_ren_scentree/scenariotree_270/results_1.json,12929,103,222,125.52427184466019,222,1.2162162162162162,8,0.003703703703703704,0.02962962962962963,0.003160162960974728,0.9743373180732797,148.77551020408166
dif_ren,270,10,270,102,True,/users/delfos/aina/scentree-gen-remote/scentree-gen-remote/dif_ren_scentree/scenariotree_270/results_10.json,12397,103,231,120.35922330097087,231,1.1688311688311688,5,0.003703703703703704,0.018518518518518517,0.00226530290318742,0.9834994839739236,181.34328358208955
dif_ren,270,11,270,102,True,/users/delfos/aina/scentree-gen-remote/scentree-gen-remote/dif_ren_scentree/scenariotree_270/results_11.json,12152,103,220,117.98058252427184,220,1.2272727272727273,16,0.003703703703703704,0.05925925925925926,0.004227567380082078,0.968178415925593,117.96116504854369
dif_ren,270,12,270,102,True,/users/delfos/aina/scentree-gen-remote/scentree-gen-remote/dif_ren_scentree/scenariotree_270/results_12.json,10534,103,217,102.27184466019418,217,1.2442396313364055,11,0.003703703703703704,0.040740740740740744,0.0037634311846022747,0.9685010581366165,130.17857142857144
dif_ren,270,13,270,102,True,/users/delfos/aina/scentree-gen-remote/scentree-gen-remote/dif_ren_scentree/scenariotree_270/results_13.json,13265,103,231,128.7864077669903,231,1.1688311688311688,13,0.003703703703703704,0.04814814814814815,0.003762682435294985,0.9705782427041041,131.5884476534296
dif_ren,270,14,270,102,True,/users/delfos/aina/scentree-gen-remote/scentree-gen-remote/dif_ren_scentree/scenariotree_270/results_14.json,14645,103,248,142.18446601941747,248,1.0887096774193548,6,0.003703703703703704,0.022222222222222223,0.0018525743378089254,0.9889242503033916,204.77528089887645
dif_ren,270,15,270,102,True,/users/delfos/aina/scentree-gen-remote/scentree-gen-remote/dif_ren_scentree/scenariotree_270/results_15.json,11807,103,225,114.63106796116504,225,1.2,9,0.003703703703703704,0.03333333333333333,0.0031620366604606658,0.9748612139503997,149.38524590163937
dif_ren,270,16,270,102,True,/users/delfos/aina/scentree-gen-remote/scentree-gen-remote/dif_ren_scentree/scenariotree_270/results_16.json,12178,103,218,118.23300970873787,218,1.238532110091743,10,0.003703703703703704,0.037037037037037035,0.0036489007838691944,0.969814188713721,133.51648351648353
dif_ren,270,17,270,102,True,/users/delfos/aina/scentree-gen-remote/scentree-gen-remote/dif_ren_scentree/scenariotree_270/results_17.json,13355,103,232,129.6601941747573,232,1.1637931034482758,12,0.003703703703703704,0.044444444444444446,0.003314262371013201,0.9752252834575978,145.79999999999998
dif_ren,270,18,270,102,True,/users/delfos/aina/scentree-gen-remote/scentree-gen-remote/dif_ren_scentree/scenariotree_270/results_18.json,10192,103,214,98.95145631067962,214,1.2616822429906542,8,0.003703703703703704,0.02962962962962963,0.003965689049794851,0.9642148674280165,124.40273037542663
dif_ren,270,19,270,102,True,/users/delfos/aina/scentree-gen-remote/scentree-gen-remote/dif_ren_scentree/scenariotree_270/results_19.json,12340,103,224,119.80582524271844,224,1.2053571428571428,7,0.003703703703703704,0.025925925925925925,0.0026019480134907764,0.9804856690217215,167.2018348623853
dif_ren,270,2,270,102,True,/users/delfos/aina/scentree-gen-remote/scentree-gen-remote/dif_ren_scentree/scenariotree_270/results_2.json,12043,103,217,116.92233009708738,217,1.2442396313364055,10,0.003703703703703704,0.037037037037037035,0.0034294730260400114,0.9716760116184079,139.65517241379314
dif_ren,270,20,270,102,True,/users/delfos/aina/scentree-gen-remote/scentree-gen-remote/dif_ren_scentree/scenariotree_270/results_20.json,11217,103,211,108.90291262135922,211,1.2796208530805686,8,0.003703703703703704,0.02962962962962963,0.003734315913429629,0.9666236935146711,130.17857142857144
dif_ren,270,21,270,102,True,/users/delfos/aina/scentree-gen-remote/scentree-gen-remote/dif_ren_scentree/scenariotree_270/results_21.json,13337,103,229,129.48543689320388,229,1.1790393013100438,12,0.003703703703703704,0.044444444444444446,0.0033527690843748468,0.974910909801899,144.0711462450593
dif_ren,270,22,270,102,True,/users/delfos/aina/scentree-gen-remote/scentree-gen-remote/dif_ren_scentree/scenariotree_270/results_22.json,11725,103,220,113.83495145631068,220,1.2272727272727273,8,0.003703703703703704,0.02962962962962963,0.0031844447854951176,0.9737640994743666,147.57085020242917
dif_ren,270,23,270,102,True,/users/delfos/aina/scentree-gen-remote/scentree-gen-remote/dif_ren_scentree/scenariotree_270/results_23.json,14612,103,218,141.8640776699029,218,1.238532110091743,7,0.003703703703703704,0.025925925925925925,0.0028775963791695725,0.977255222293425,156.43776824034333
dif_ren,270,24,270,102,True,/users/delfos/aina/scentree-gen-remote/scentree-gen-remote/dif_ren_scentree/scenariotree_270/results_24.json,13035,103,236,126.55339805825243,236,1.1440677966101696,8,0.003703703703703704,0.02962962962962963,0.002586551284630898,0.9815121938780486,171.93396226415098
dif_ren,270,25,270,102,True,/users/delfos/aina/scentree-gen-remote/scentree-gen-remote/dif_ren_scentree/scenariotree_270/results_25.json,11373,103,231,110.41747572815534,231,1.1688311688311688,9,0.003703703703703704,0.03333333333333333,0.002887605775815995,0.9784734643756146,159.8684210526316
dif_ren,270,26,270,102,True,/users/delfos/aina/scentree-gen-remote/scentree-gen-remote/dif_ren_scentree/scenariotree_270/results_26.json,12361,103,226,120.00970873786407,226,1.1946902654867257,8,0.003703703703703704,0.02962962962962963,0.0028671160575062657,0.9778128246401618,159.17030567685592
dif_ren,270,27,270,102,True,/users/delfos/aina/scentree-gen-remote/scentree-gen-remote/dif_ren_scentree/scenariotree_270/results_27.json,13928,103,243,135.2233009708738,243,1.1111111111111112,14,0.003703703703703704,0.05185185185185185,0.0033935025725248236,0.9779026510835037,144.64285714285717
dif_ren,270,28,270,102,True,/users/delfos/aina/scentree-gen-remote/scentree-gen-remote/dif_ren_scentree/scenariotree_270/results_28.json,13823,103,235,134.20388349514562,235,1.148936170212766,6,0.003703703703703704,0.022222222222222223,0.002018321272634468,0.9866228287269966,191.8421052631579
dif_ren,270,29,270,102,True,/users/delfos/aina/scentree-gen-remote/scentree-gen-remote/dif_ren_scentree/scenariotree_270/results_29.json,12298,103,228,119.39805825242719,228,1.1842105263157894,12,0.003703703703703704,0.044444444444444446,0.004032387277423064,0.9675171527364672,123.55932203389831
dif_ren,270,3,270,102,True,/users/delfos/aina/scentree-gen-remote/scentree-gen-remote/dif_ren_scentree/scenariotree_270/results_3.json,12839,103,221,124.6504854368932,221,1.2217194570135748,14,0.003703703703703704,0.05185185185185185,0.00459479603130136,0.9617784473150058,108.80597014925372
dif_ren,270,30,270,102,True,/users/delfos/aina/scentree-gen-remote/scentree-gen-remote/dif_ren_scentree/scenariotree_270/results_30.json,12305,103,234,119.46601941747574,234,1.1538461538461537,8,0.003703703703703704,0.02962962962962963,0.0029698947333545852,0.9775330631448259,157.79220779220782
dif_ren,270,4,270,102,True,/users/delfos/aina/scentree-gen-remote/scentree-gen-remote/dif_ren_scentree/scenariotree_270/results_4.json,12007,103,228,116.57281553398059,228,1.1842105263157894,11,0.003703703703703704,0.040740740740740744,0.00420762239523639,0.9641692963832484,118.72964169381108
dif_ren,270,5,270,102,True,/users/delfos/aina/scentree-gen-remote/scentree-gen-remote/dif_ren_scentree/scenariotree_270/results_5.json,11508,103,218,111.72815533980582,218,1.238532110091743,8,0.003703703703703704,0.02962962962962963,0.0033616826927710865,0.9717199946744439,141.8287937743191
dif_ren,270,6,270,102,True,/users/delfos/aina/scentree-gen-remote/scentree-gen-remote/dif_ren_scentree/scenariotree_270/results_6.json,14031,103,237,136.2233009708738,237,1.139240506329114,10,0.003703703703703704,0.037037037037037035,0.0027683076920275596,0.9807184527534517,165.6818181818182
dif_ren,270,7,270,102,True,/users/delfos/aina/scentree-gen-remote/scentree-gen-remote/dif_ren_scentree/scenariotree_270/results_7.json,11920,103,232,115.72815533980582,232,1.1637931034482758,7,0.003703703703703704,0.025925925925925925,0.0026611962086928323,0.980516604053551,167.97235023041478
dif_ren,270,8,270,102,True,/users/delfos/aina/scentree-gen-remote/scentree-gen-remote/dif_ren_scentree/scenariotree_270/results_8.json,11159,103,234,108.33980582524272,234,1.1538461538461537,7,0.003703703703703704,0.025925925925925925,0.002402490150175407,0.9833911290052638,177.8048780487805
dif_ren,270,9,270,102,True,/users/delfos/aina/scentree-gen-remote/scentree-gen-remote/dif_ren_scentree/scenariotree_270/results_9.json,12486,103,222,121.22330097087378,222,1.2162162162162162,10,0.003703703703703704,0.037037037037037035,0.003422974602130707,0.9715658852457325,140.73359073359075
dif_ren,280,1,280,102,True,/users/delfos/aina/scentree-gen-remote/scentree-gen-remote/dif_ren_scentree/scenariotree_280/results_1.json,12225,103,228,118.68932038834951,228,1.2280701754385965,16,0.0035714285714285713,0.05714285714285714,0.004362180407857007,0.96299261511707,114.61988304093566
dif_ren,280,10,280,102,True,/users/delfos/aina/scentree-gen-remote/scentree-gen-remote/dif_ren_scentree/scenariotree_280/results_10.json,12551,103,237,121.85436893203884,237,1.1814345991561181,11,0.0035714285714285713,0.039285714285714285,0.003792142519057372,0.9683152386259588,131.1036789297659
dif_ren,280,11,280,102,True,/users/delfos/aina/scentree-gen-remote/scentree-gen-remote/dif_ren_scentree/scenariotree_280/results_11.json,12325,103,222,119.66019417475728,222,1.2612612612612613,13,0.0035714285714285713,0.04642857142857143,0.004002656767074385,0.9645461690719974,124.05063291139236
dif_ren,280,12,280,102,True,/users/delfos/aina/scentree-gen-remote/scentree-gen-remote/dif_ren_scentree/scenariotree_280/results_12.json,13678,103,235,132.79611650485438,235,1.1914893617021276,8,0.0035714285714285713,0.02857142857142857,0.0027603570678760895,0.9782193881917053,165.40084388185656
dif_ren,280,13,280,102,True,/users/delfos/aina/scentree-gen-remote/scentree-gen-remote/dif_ren_scentree/scenariotree_280/results_13.json,14109,103,230,136.98058252427185,230,1.2173913043478262,9,0.0035714285714285713,0.03214285714285714,0.003306396180135038,0.9717367903004913,145.724907063197
dif_ren,280,14,280,102,True,/users/delfos/aina/scentree-gen-remote/scentree-gen-remote/dif_ren_scentree/scenariotree_280/results_14.json,11626,103,226,112.87378640776699,226,1.238938053097345,6,0.0035714285714285713,0.02142857142857143,0.0026571238377981928,0.9781569388782173,166.10169491525426
dif_ren,280,15,280,102,True,/users/delfos/aina/scentree-gen-remote/scentree-gen-remote/dif_ren_scentree/scenariotree_280/results_15.json,11516,103,223,111.80582524271844,223,1.2556053811659194,20,0.0035714285714285713,0.07142857142857142,0.0050531997126164975,0.9590583013097063,98.24561403508771
dif_ren,280,16,280,102,True,/users/delfos/aina/scentree-gen-remote/scentree-gen-remote/dif_ren_scentree/scenariotree_280/results_16.json,14466,103,238,140.44660194174756,238,1.1764705882352942,5,0.0035714285714285713,0.017857142857142856,0.0022275701697495203,0.9831067088378607,185.781990521327
dif_ren,280,17,280,102,True,/users/delfos/aina/scentree-gen-remote/scentree-gen-remote/dif_ren_scentree/scenariotree_280/results_17.json,13262,103,233,128.75728155339806,233,1.201716738197425,8,0.0035714285714285713,0.02857142857142857,0.0026213154392722366,0.979669772472837,169.69696969696972
dif_ren,280,18,280,102,True,/users/delfos/aina/scentree-gen-remote/scentree-gen-remote/dif_ren_scentree/scenariotree_280/results_18.json,9399,103,235,91.25242718446601,235,1.1914893617021276,11,0.0035714285714285713,0.039285714285714285,0.0036121010697744227,0.9707926211704531,136.58536585365854
dif_ren,280,19,280,102,True,/users/delfos/aina/scentree-gen-remote/scentree-gen-remote/dif_ren_scentree/scenariotree_280/results_19.json,13825,103,249,134.2233009708738,249,1.1244979919678715,16,0.0035714285714285713,0.05714285714285714,0.0036853639353427673,0.974485846671599,135.17241379310343
dif_ren,280,2,280,102,True,/users/delfos/aina/scentree-gen-remote/scentree-gen-remote/dif_ren_scentree/scenariotree_280/results_2.json,12947,103,239,125.69902912621359,239,1.1715481171548117,16,0.0035714285714285713,0.05714285714285714,0.004526783258803173,0.9616802816416518,110.11235955056178
dif_ren,280,20,280,102,True,/users/delfos/aina/scentree-gen-remote/scentree-gen-remote/dif_ren_scentree/scenariotree_280/results_20.json,9809,103,229,95.23300970873787,229,1.222707423580786,7,0.0035714285714285713,0.025,0.0028676693311274455,0.9764518352973452,160.0
dif_ren,280,21,280,102,True,/users/delfos/aina/scentree-gen-remote/scentree-gen-remote/dif_ren_scentree/scenariotree_280/results_21.json,12991,103,240,126.12621359223301,240,1.1666666666666667,12,0.0035714285714285713,0.04285714285714286,0.003367175148507369,0.9732361987749845,145.18518518518516
dif_ren,280,22,280,102,True,/users/delfos/aina/scentree-gen-remote/scentree-gen-remote/dif_ren_scentree/scenariotree_280/results_22.json,11062,103,244,107.39805825242719,244,1.1475409836065573,8,0.0035714285714285713,0.02857142857142857,0.0024054611925262456,0.982420838155859,181.48148148148147
dif_ren,280,23,280,102,True,/users/delfos/aina/scentree-gen-remote/scentree-gen-remote/dif_ren_scentree/scenariotree_280/results_23.json,13226,103,243,128.40776699029126,243,1.1522633744855968,7,0.0035714285714285713,0.025,0.002645829230609192,0.9797741286908658,171.92982456140348
dif_ren,280,24,280,102,True,/users/delfos/aina/scentree-gen-remote/scentree-gen-remote/dif_ren_scentree/scenariotree_280/results_24.json,11145,103,224,108.20388349514563,224,1.25,24,0.0035714285714285713,0.08571428571428572,0.006158218216619035,0.9476671457074907,77.16535433070865
dif_ren,280,25,280,102,True,/users/delfos/aina/scentree-gen-remote/scentree-gen-remote/dif_ren_scentree/scenariotree_280/results_25.json,10528,103,210,102.2135922330097,210,1.3333333333333333,17,0.0035714285714285713,0.060714285714285714,0.005126359277579434,0.9547988946422007,97.27047146401983
dif_ren,280,26,280,102,True,/users/delfos/aina/scentree-gen-remote/scentree-gen-remote/dif_ren_scentree/scenariotree_280/results_26.json,10984,103,232,106.64077669902913,232,1.206896551724138,20,0.0035714285714285713,0.07142857142857142,0.005062010816395222,0.9586392662175991,97.51243781094526
dif_ren,280,27,280,102,True,/users/delfos/aina/scentree-gen-remote/scentree-gen-remote/dif_ren_scentree/scenariotree_280/results_27.json,12234,103,227,118.77669902912622,227,1.2334801762114538,6,0.0035714285714285713,0.02142857142857143,0.002729874238198214,0.9772283208883298,164.01673640167363
dif_ren,280,28,280,102,True,/users/delfos/aina/scentree-gen-remote/scentree-gen-remote/dif_ren_scentree/scenariotree_280/results_28.json,11790,103,225,114.46601941747574,225,1.2444444444444445,7,0.0035714285714285713,0.025,0.002730896910172263,0.9784714513463231,163.33333333333331
dif_ren,280,29,280,102,True,/users/delfos/aina/scentree-gen-remote/scentree-gen-remote/dif_ren_scentree/scenariotree_280/results_29.json,14043,103,228,136.3398058252427,228,1.2280701754385965,8,0.0035714285714285713,0.02857142857142857,0.0027597387901685763,0.977859460850629,163.33333333333334
dif_ren,280,3,280,102,True,/users/delfos/aina/scentree-gen-remote/scentree-gen-remote/dif_ren_scentree/scenariotree_280/results_3.json,10292,103,237,99.92233009708738,237,1.1814345991561181,11,0.0035714285714285713,0.039285714285714285,0.0032906368915389655,0.973841560713006,147.3684210526316
dif_ren,280,30,280,102,True,/users/delfos/aina/scentree-gen-remote/scentree-gen-remote/dif_ren_scentree/scenariotree_280/results_30.json,14083,103,244,136.72815533980582,244,1.1475409836065573,8,0.0035714285714285713,0.02857142857142857,0.0026925719643013865,0.9798758196799803,170.43478260869563
dif_ren,280,4,280,102,True,/users/delfos/aina/scentree-gen-remote/scentree-gen-remote/dif_ren_scentree/scenariotree_280/results_4.json,13042,103,226,126.62135922330097,226,1.238938053097345,27,0.0035714285714285713,0.09642857142857143,0.006441101994121688,0.9490870402995635,72.45841035120148
dif_ren,280,5,280,102,True,/users/delfos/aina/scentree-gen-remote/scentree-gen-remote/dif_ren_scentree/scenariotree_280/results_5.json,10971,103,244,106.51456310679612,244,1.1475409836065573,6,0.0035714285714285713,0.02142857142857143,0.002316903856839506,0.9825966277581855,184.90566037735846
dif_ren,280,6,280,102,True,/users/delfos/aina/scentree-gen-remote/scentree-gen-remote/dif_ren_scentree/scenariotree_280/results_6.json,12582,103,238,122.15533980582525,238,1.1764705882352942,6,0.0035714285714285713,0.02142857142857143,0.002275179185037691,0.9829869817883194,184.03755868544602
dif_ren,280,7,280,102,True,/users/delfos/aina/scentree-gen-remote/scentree-gen-remote/dif_ren_scentree/scenariotree_280/results_7.json,11427,103,238,110.94174757281553,238,1.1764705882352942,9,0.0035714285714285713,0.03214285714285714,0.002821926530112006,0.9778254089528696,164.01673640167368
dif_ren,280,8,280,102,True,/users/delfos/aina/scentree-gen-remote/scentree-gen-remote/dif_ren_scentree/scenariotree_280/results_8.json,9798,103,230,95.12621359223301,230,1.2173913043478262,7,0.0035714285714285713,0.025,0.0029141292391790066,0.9752803441576527,158.70445344129556
dif_ren,280,9,280,102,True,/users/delfos/aina/scentree-gen-remote/scentree-gen-remote/dif_ren_scentree/scenariotree_280/results_9.json,12566,103,241,122.0,241,1.161825726141079,5,0.0035714285714285713,0.017857142857142856,0.0020665221603088217,0.9850341936912284,193.1034482758621
dif_ren,290,1,290,102,True,/users/delfos/aina/scentree-gen-remote/scentree-gen-remote/dif_ren_scentree/scenariotree_290/results_1.json,11770,103,235,114.27184466019418,235,1.2340425531914894,10,0.0034482758620689655,0.034482758620689655,0.0031980183004700464,0.9727198840287536,150.17857142857144
dif_ren,290,10,290,102,True,/users/delfos/aina/scentree-gen-remote/scentree-gen-remote/dif_ren_scentree/scenariotree_290/results_10.json,13086,103,223,127.04854368932038,223,1.3004484304932735,14,0.0034482758620689655,0.04827586206896552,0.004826426085819745,0.9536616263287866,103.31695331695332
dif_ren,290,11,290,102,True,/users/delfos/aina/scentree-gen-remote/scentree-gen-remote/dif_ren_scentree/scenariotree_290/results_11.json,13827,103,246,134.24271844660194,246,1.1788617886178863,7,0.0034482758620689655,0.02413793103448276,0.0027820883050306204,0.9764657413449203,167.5298804780877
dif_ren,290,12,290,102,True,/users/delfos/aina/scentree-gen-remote/scentree-gen-remote/dif_ren_scentree/scenariotree_290/results_12.json,13423,103,237,130.32038834951456,237,1.2236286919831223,10,0.0034482758620689655,0.034482758620689655,0.003330956968811681,0.9696964429713123,146.00694444444449
dif_ren,290,13,290,102,True,/users/delfos/aina/scentree-gen-remote/scentree-gen-remote/dif_ren_scentree/scenariotree_290/results_13.json,13831,103,248,134.28155339805826,248,1.1693548387096775,13,0.0034482758620689655,0.04482758620689655,0.0031495090767670723,0.9757087280628512,154.02930402930406
dif_ren,290,14,290,102,True,/users/delfos/aina/scentree-gen-remote/scentree-gen-remote/dif_ren_scentree/scenariotree_290/results_14.json,11218,103,241,108.9126213592233,241,1.2033195020746887,7,0.0034482758620689655,0.02413793103448276,0.0026379134474816286,0.978378425653443,171.63265306122452
dif_ren,290,15,290,102,True,/users/delfos/aina/scentree-gen-remote/scentree-gen-remote/dif_ren_scentree/scenariotree_290/results_15.json,12572,103,243,122.05825242718447,243,1.1934156378600822,9,0.0034482758620689655,0.03103448275862069,0.0029338875839137963,0.9751193915829511,161.11111111111114
dif_ren,290,16,290,102,True,/users/delfos/aina/scentree-gen-remote/scentree-gen-remote/dif_ren_scentree/scenariotree_290/results_16.json,12852,103,254,124.77669902912622,254,1.141732283464567,7,0.0034482758620689655,0.02413793103448276,0.0023789978604143746,0.9815688009192503,186.06194690265494
dif_ren,290,17,290,102,True,/users/delfos/aina/scentree-gen-remote/scentree-gen-remote/dif_ren_scentree/scenariotree_290/results_17.json,13642,103,239,132.44660194174756,239,1.213389121338912,19,0.0034482758620689655,0.06551724137931035,0.004721704854120205,0.9602197260311177,105.12499999999997
dif_ren,290,18,290,102,True,/users/delfos/aina/scentree-gen-remote/scentree-gen-remote/dif_ren_scentree/scenariotree_290/results_18.json,11453,103,212,111.19417475728156,212,1.3679245283018868,16,0.0034482758620689655,0.05517241379310345,0.004791328469811161,0.954287412678612,104.34243176178659
dif_ren,290,19,290,102,True,/users/delfos/aina/scentree-gen-remote/scentree-gen-remote/dif_ren_scentree/scenariotree_290/results_19.json,13236,103,245,128.50485436893203,245,1.183673469387755,7,0.0034482758620689655,0.02413793103448276,0.002275997414327407,0.9822944262807151,186.8888888888889
dif_ren,290,2,290,102,True,/users/delfos/aina/scentree-gen-remote/scentree-gen-remote/dif_ren_scentree/scenariotree_290/results_2.json,12719,103,250,123.48543689320388,250,1.16,10,0.0034482758620689655,0.034482758620689655,0.002823377860752927,0.9778093790538319,166.8650793650794
dif_ren,290,20,290,102,True,/users/delfos/aina/scentree-gen-remote/scentree-gen-remote/dif_ren_scentree/scenariotree_290/results_20.json,13781,103,267,133.79611650485438,267,1.0861423220973783,8,0.0034482758620689655,0.027586206896551724,0.0019458245090170948,0.9876206636906869,210.25000000000006
dif_ren,290,21,290,102,True,/users/delfos/aina/scentree-gen-remote/scentree-gen-remote/dif_ren_scentree/scenariotree_290/results_21.json,12532,103,234,121.66990291262135,234,1.2393162393162394,6,0.0034482758620689655,0.020689655172413793,0.0027106637805072243,0.9763605105944982,166.8650793650794
dif_ren,290,22,290,102,True,/users/delfos/aina/scentree-gen-remote/scentree-gen-remote/dif_ren_scentree/scenariotree_290/results_22.json,11545,103,249,112.0873786407767,249,1.1646586345381527,24,0.0034482758620689655,0.08275862068965517,0.005172409158396741,0.9613214553154585,93.65256124721606
dif_ren,290,23,290,102,True,/users/delfos/aina/scentree-gen-remote/scentree-gen-remote/dif_ren_scentree/scenariotree_290/results_23.json,10913,103,263,105.95145631067962,263,1.102661596958175,11,0.0034482758620689655,0.03793103448275862,0.0026576865261455198,0.9815805324745515,176.68067226890759
dif_ren,290,24,290,102,True,/users/delfos/aina/scentree-gen-remote/scentree-gen-remote/dif_ren_scentree/scenariotree_290/results_24.json,12391,103,258,120.30097087378641,258,1.124031007751938,6,0.0034482758620689655,0.020689655172413793,0.0021037682298798185,0.9845577685071232,199.2890995260664
dif_ren,290,25,290,102,True,/users/delfos/aina/scentree-gen-remote/scentree-gen-remote/dif_ren_scentree/scenariotree_290/results_25.json,12899,103,248,125.23300970873787,248,1.1693548387096775,9,0.0034482758620689655,0.03103448275862069,0.0027426461206286846,0.9786659629675493,169.55645161290326
dif_ren,290,26,290,102,True,/users/delfos/aina/scentree-gen-remote/scentree-gen-remote/dif_ren_scentree/scenariotree_290/results_26.json,11655,103,230,113.15533980582525,230,1.2608695652173914,12,0.0034482758620689655,0.041379310344827586,0.003966643644774498,0.9631299266706128,125.52238805970151
dif_ren,290,27,290,102,True,/users/delfos/aina/scentree-gen-remote/scentree-gen-remote/dif_ren_scentree/scenariotree_290/results_27.json,12862,103,224,124.87378640776699,224,1.2946428571428572,13,0.0034482758620689655,0.04482758620689655,0.004599613558841571,0.956796059422068,108.65633074935401
dif_ren,290,28,290,102,True,/users/delfos/aina/scentree-gen-remote/scentree-gen-remote/dif_ren_scentree/scenariotree_290/results_28.json,12584,103,257,122.1747572815534,257,1.1284046692607004,19,0.0034482758620689655,0.06551724137931035,0.004028488323200212,0.9717104580582953,124.04129793510322
dif_ren,290,29,290,102,True,/users/delfos/aina/scentree-gen-remote/scentree-gen-remote/dif_ren_scentree/scenariotree_290/results_29.json,11271,103,228,109.42718446601941,228,1.2719298245614035,12,0.0034482758620689655,0.041379310344827586,0.004002238972205622,0.9625503438442589,124.40828402366866
dif_ren,290,3,290,102,True,/users/delfos/aina/scentree-gen-remote/scentree-gen-remote/dif_ren_scentree/scenariotree_290/results_3.json,13314,103,235,129.2621359223301,235,1.2340425531914894,12,0.0034482758620689655,0.041379310344827586,0.003337377848500103,0.9713074112375518,145.50173010380624
dif_ren,290,30,290,102,True,/users/delfos/aina/scentree-gen-remote/scentree-gen-remote/dif_ren_scentree/scenariotree_290/results_30.json,12703,103,236,123.33009708737865,236,1.228813559322034,8,0.0034482758620689655,0.027586206896551724,0.0029578488429152917,0.9747379956858333,158.6792452830189
dif_ren,290,4,290,102,True,/users/delfos/aina/scentree-gen-remote/scentree-gen-remote/dif_ren_scentree/scenariotree_290/results_4.json,13617,103,248,132.20388349514562,248,1.1693548387096775,12,0.0034482758620689655,0.041379310344827586,0.003134248783579988,0.9751363970532638,154.59558823529414
dif_ren,290,5,290,102,True,/users/delfos/aina/scentree-gen-remote/scentree-gen-remote/dif_ren_scentree/scenariotree_290/results_5.json,14767,103,243,143.36893203883494,243,1.1934156378600822,8,0.0034482758620689655,0.027586206896551724,0.002883418307282819,0.9757581235549925,162.98449612403107
dif_ren,290,6,290,102,True,/users/delfos/aina/scentree-gen-remote/scentree-gen-remote/dif_ren_scentree/scenariotree_290/results_6.json,13527,103,233,131.33009708737865,233,1.2446351931330473,20,0.0034482758620689655,0.06896551724137931,0.0046134001043979436,0.9640283608324222,108.09768637532133
dif_ren,290,7,290,102,True,/users/delfos/aina/scentree-gen-remote/scentree-gen-remote/dif_ren_scentree/scenariotree_290/results_7.json,12942,103,236,125.6504854368932,236,1.228813559322034,15,0.0034482758620689655,0.05172413793103448,0.00393704404295882,0.9663417879847992,126.65662650602411
dif_ren,290,8,290,102,True,/users/delfos/aina/scentree-gen-remote/scentree-gen-remote/dif_ren_scentree/scenariotree_290/results_8.json,12690,103,245,123.20388349514563,245,1.183673469387755,5,0.0034482758620689655,0.017241379310344827,0.002144240467120411,0.9831815577543115,192.00913242009133
dif_ren,290,9,290,102,True,/users/delfos/aina/scentree-gen-remote/scentree-gen-remote/dif_ren_scentree/scenariotree_290/results_9.json,14014,103,257,136.05825242718447,257,1.1284046692607004,15,0.0034482758620689655,0.05172413793103448,0.003499965768332584,0.9733655880584583,142.06081081081084
dif_ren,300,1,300,102,True,/users/delfos/aina/scentree-gen-remote/scentree-gen-remote/dif_ren_scentree/scenariotree_300/results_1.json,13989,103,253,135.81553398058253,253,1.1857707509881423,6,0.0033333333333333335,0.02,0.0022596960816356625,0.9814749530641319,190.67796610169486
dif_ren,300,10,300,102,True,/users/delfos/aina/scentree-gen-remote/scentree-gen-remote/dif_ren_scentree/scenariotree_300/results_10.json,13809,103,235,134.06796116504853,235,1.2765957446808511,13,0.0033333333333333335,0.043333333333333335,0.0036838493370838442,0.9663177173262458,134.3283582089552
dif_ren,300,11,300,102,True,/users/delfos/aina/scentree-gen-remote/scentree-gen-remote/dif_ren_scentree/scenariotree_300/results_11.json,15405,103,250,149.5631067961165,250,1.2,12,0.0033333333333333335,0.04,0.0033730961708462715,0.97047593486045,146.1038961038961
dif_ren,300,12,300,102,True,/users/delfos/aina/scentree-gen-remote/scentree-gen-remote/dif_ren_scentree/scenariotree_300/results_12.json,12426,103,245,120.64077669902913,245,1.2244897959183674,13,0.0033333333333333335,0.043333333333333335,0.0032202101396514925,0.9730364009953546,151.00671140939596
dif_ren,300,13,300,102,True,/users/delfos/aina/scentree-gen-remote/scentree-gen-remote/dif_ren_scentree/scenariotree_300/results_13.json,11325,103,241,109.95145631067962,241,1.2448132780082988,14,0.0033333333333333335,0.04666666666666667,0.004517044288121759,0.95569200878092,110.29411764705881
dif_ren,300,14,300,102,True,/users/delfos/aina/scentree-gen-remote/scentree-gen-remote/dif_ren_scentree/scenariotree_300/results_14.json,12309,103,249,119.50485436893204,249,1.2048192771084338,13,0.0033333333333333335,0.043333333333333335,0.003863779428371307,0.9655658187524087,129.3103448275862
dif_ren,300,15,300,102,True,/users/delfos/aina/scentree-gen-remote/scentree-gen-remote/dif_ren_scentree/scenariotree_300/results_15.json,14105,103,266,136.94174757281553,266,1.1278195488721805,10,0.0033333333333333335,0.03333333333333333,0.0023271860963221297,0.9833327507956279,192.3076923076923
dif_ren,300,16,300,102,True,/users/delfos/aina/scentree-gen-remote/scentree-gen-remote/dif_ren_scentree/scenariotree_300/results_16.json,13891,103,241,134.8640776699029,241,1.2448132780082988,20,0.0033333333333333335,0.06666666666666667,0.00560147191598058,0.9472827628628847,85.3889943074004
dif_ren,300,17,300,102,True,/users/delfos/aina/scentree-gen-remote/scentree-gen-remote/dif_ren_scentree/scenariotree_300/results_17.json,15901,103,264,154.37864077669903,264,1.1363636363636365,14,0.0033333333333333335,0.04666666666666667,0.0034881407373397997,0.9712943691031509,142.85714285714283
dif_ren,300,18,300,102,True,/users/delfos/aina/scentree-gen-remote/scentree-gen-remote/dif_ren_scentree/scenariotree_300/results_18.json,13840,103,257,134.36893203883494,257,1.1673151750972763,15,0.0033333333333333335,0.05,0.0033514775149986607,0.9737147053670542,147.54098360655738
dif_ren,300,19,300,102,True,/users/delfos/aina/scentree-gen-remote/scentree-gen-remote/dif_ren_scentree/scenariotree_300/results_19.json,14307,103,262,138.90291262135923,262,1.1450381679389312,8,0.0033333333333333335,0.02666666666666667,0.0024058924485644406,0.9811631539321048,187.49999999999997
dif_ren,300,2,300,102,True,/users/delfos/aina/scentree-gen-remote/scentree-gen-remote/dif_ren_scentree/scenariotree_300/results_2.json,13479,103,238,130.8640776699029,238,1.2605042016806722,17,0.0033333333333333335,0.056666666666666664,0.004603051496167277,0.9574254622084063,108.17307692307693
dif_ren,300,20,300,102,True,/users/delfos/aina/scentree-gen-remote/scentree-gen-remote/dif_ren_scentree/scenariotree_300/results_20.json,12480,103,245,121.16504854368932,245,1.2244897959183674,7,0.0033333333333333335,0.023333333333333334,0.002830455210654877,0.9745305831904407,165.4411764705882
dif_ren,300,21,300,102,True,/users/delfos/aina/scentree-gen-remote/scentree-gen-remote/dif_ren_scentree/scenariotree_300/results_21.json,13226,103,249,128.40776699029126,249,1.2048192771084338,6,0.0033333333333333335,0.02,0.0023193712783028592,0.9802058777232756,186.7219917012448
dif_ren,300,22,300,102,True,/users/delfos/aina/scentree-gen-remote/scentree-gen-remote/dif_ren_scentree/scenariotree_300/results_22.json,11632,103,267,112.93203883495146,267,1.1235955056179776,11,0.0033333333333333335,0.03666666666666667,0.0025226510135711614,0.9815002178387549,183.6734693877551
dif_ren,300,23,300,102,True,/users/delfos/aina/scentree-gen-remote/scentree-gen-remote/dif_ren_scentree/scenariotree_300/results_23.json,12570,103,232,122.03883495145631,232,1.293103448275862,16,0.0033333333333333335,0.05333333333333334,0.004496001658760447,0.9575772825031011,111.1111111111111
dif_ren,300,24,300,102,True,/users/delfos/aina/scentree-gen-remote/scentree-gen-remote/dif_ren_scentree/scenariotree_300/results_24.json,15752,103,261,152.93203883495147,261,1.1494252873563218,16,0.0033333333333333335,0.05333333333333334,0.00402827603626075,0.9675728761240707,123.96694214876034
dif_ren,300,25,300,102,True,/users/delfos/aina/scentree-gen-remote/scentree-gen-remote/dif_ren_scentree/scenariotree_300/results_25.json,12139,103,233,117.85436893203884,233,1.2875536480686696,13,0.0033333333333333335,0.043333333333333335,0.004013175163943157,0.9619795995520529,124.30939226519334
dif_ren,300,26,300,102,True,/users/delfos/aina/scentree-gen-remote/scentree-gen-remote/dif_ren_scentree/scenariotree_300/results_26.json,11567,103,234,112.30097087378641,234,1.2820512820512822,7,0.0033333333333333335,0.023333333333333334,0.003014562750179213,0.9723478206182411,156.24999999999994
dif_ren,300,27,300,102,True,/users/delfos/aina/scentree-gen-remote/scentree-gen-remote/dif_ren_scentree/scenariotree_300/results_27.json,13467,103,229,130.74757281553397,229,1.3100436681222707,27,0.0033333333333333335,0.09,0.006257404733684039,0.9448424419835478,75.0
dif_ren,300,28,300,102,True,/users/delfos/aina/scentree-gen-remote/scentree-gen-remote/dif_ren_scentree/scenariotree_300/results_28.json,14596,103,235,141.70873786407768,235,1.2765957446808511,6,0.0033333333333333335,0.02,0.002776303617686038,0.9741629446719228,164.83516483516482
dif_ren,300,29,300,102,True,/users/delfos/aina/scentree-gen-remote/scentree-gen-remote/dif_ren_scentree/scenariotree_300/results_29.json,13675,103,240,132.76699029126215,240,1.25,10,0.0033333333333333335,0.03333333333333333,0.0033402705590127586,0.9703786798043083,146.1038961038961
dif_ren,300,3,300,102,True,/users/delfos/aina/scentree-gen-remote/scentree-gen-remote/dif_ren_scentree/scenariotree_300/results_3.json,10381,103,253,100.7864077669903,253,1.1857707509881423,10,0.0033333333333333335,0.03333333333333333,0.0026530347775930154,0.978245029593639,174.41860465116278
dif_ren,300,30,300,102,True,/users/delfos/aina/scentree-gen-remote/scentree-gen-remote/dif_ren_scentree/scenariotree_300/results_30.json,12202,103,252,118.46601941747574,252,1.1904761904761905,9,0.0033333333333333335,0.03,0.0030054120998034106,0.973693929523518,160.1423487544484
dif_ren,300,4,300,102,True,/users/delfos/aina/scentree-gen-remote/scentree-gen-remote/dif_ren_scentree/scenariotree_300/results_4.json,14652,103,267,142.25242718446603,267,1.1235955056179776,13,0.0033333333333333335,0.043333333333333335,0.0029202277052988728,0.9784145131931188,166.05166051660515
dif_ren,300,5,300,102,True,/users/delfos/aina/scentree-gen-remote/scentree-gen-remote/dif_ren_scentree/scenariotree_300/results_5.json,13364,103,256,129.74757281553397,256,1.171875,7,0.0033333333333333335,0.023333333333333334,0.0023425923066717727,0.9805189653052109,188.2845188284518
dif_ren,300,6,300,102,True,/users/delfos/aina/scentree-gen-remote/scentree-gen-remote/dif_ren_scentree/scenariotree_300/results_6.json,11807,103,241,114.63106796116504,241,1.2448132780082988,9,0.0033333333333333335,0.03,0.0032461348197126063,0.9703181942694606,149.50166112956808
dif_ren,300,7,300,102,True,/users/delfos/aina/scentree-gen-remote/scentree-gen-remote/dif_ren_scentree/scenariotree_300/results_7.json,13983,103,251,135.75728155339806,251,1.1952191235059761,9,0.0033333333333333335,0.03,0.0026732510257819137,0.9778911193602002,173.07692307692307
dif_ren,300,8,300,102,True,/users/delfos/aina/scentree-gen-remote/scentree-gen-remote/dif_ren_scentree/scenariotree_300/results_8.json,12765,103,251,123.93203883495146,251,1.1952191235059761,12,0.0033333333333333335,0.04,0.002849588267737411,0.9777453861684463,166.05166051660515
dif_ren,300,9,300,102,True,/users/delfos/aina/scentree-gen-remote/scentree-gen-remote/dif_ren_scentree/scenariotree_300/results_9.json,15715,103,254,152.5728155339806,254,1.1811023622047243,7,0.0033333333333333335,0.023333333333333334,0.0023446416203808185,0.9810732758989094,187.49999999999997
dif_ren,50,1,50,102,True,/users/delfos/aina/scentree-gen-remote/scentree-gen-remote/dif_ren_scentree/scenariotree_50/results_1.json,2608,103,46,25.320388349514563,46,1.0869565217391304,4,0.02,0.08,0.009161438045958903,0.9855698610939114,39.06249999999999
dif_ren,50,10,50,102,True,/users/delfos/aina/scentree-gen-remote/scentree-gen-remote/dif_ren_scentree/scenariotree_50/results_10.json,3349,103,47,32.51456310679612,47,1.0638297872340425,2,0.02,0.04,0.004888989486415344,0.994467158105927,44.642857142857125
dif_ren,50,11,50,102,True,/users/delfos/aina/scentree-gen-remote/scentree-gen-remote/dif_ren_scentree/scenariotree_50/results_11.json,3108,103,45,30.174757281553397,45,1.1111111111111112,3,0.02,0.06,0.007568616162633953,0.9885112264491585,40.32258064516128
dif_ren,50,12,50,102,True,/users/delfos/aina/scentree-gen-remote/scentree-gen-remote/dif_ren_scentree/scenariotree_50/results_12.json,2632,103,45,25.553398058252426,45,1.1111111111111112,2,0.02,0.04,0.0062853936105470905,0.9912603440563572,41.66666666666666
dif_ren,50,13,50,102,True,/users/delfos/aina/scentree-gen-remote/scentree-gen-remote/dif_ren_scentree/scenariotree_50/results_13.json,2553,103,41,24.78640776699029,41,1.2195121951219512,3,0.02,0.06,0.01210699867901547,0.9749723726618318,32.89473684210526
dif_ren,50,14,50,102,True,/users/delfos/aina/scentree-gen-remote/scentree-gen-remote/dif_ren_scentree/scenariotree_50/results_14.json,3593,103,47,34.883495145631066,47,1.0638297872340425,3,0.02,0.06,0.0063971473950523005,0.991749090136106,43.10344827586205
dif_ren,50,15,50,102,True,/users/delfos/aina/scentree-gen-remote/scentree-gen-remote/dif_ren_scentree/scenariotree_50/results_15.json,2218,103,44,21.533980582524272,44,1.1363636363636365,3,0.02,0.06,0.00808017674301417,0.9870548467601317,39.06249999999999
dif_ren,50,16,50,102,True,/users/delfos/aina/scentree-gen-remote/scentree-gen-remote/dif_ren_scentree/scenariotree_50/results_16.json,2771,103,46,26.902912621359224,46,1.0869565217391304,2,0.02,0.04,0.005635426694267704,0.992811564965113,43.10344827586206
dif_ren,50,17,50,102,True,/users/delfos/aina/scentree-gen-remote/scentree-gen-remote/dif_ren_scentree/scenariotree_50/results_17.json,1886,103,42,18.310679611650485,42,1.1904761904761905,3,0.02,0.06,0.010900498230723426,0.9789043421937085,34.722222222222214
dif_ren,50,18,50,102,True,/users/delfos/aina/scentree-gen-remote/scentree-gen-remote/dif_ren_scentree/scenariotree_50/results_18.json,2642,103,36,25.650485436893202,36,1.3888888888888888,4,0.02,0.08,0.015830896498638898,0.9649576035125625,27.173913043478265
dif_ren,50,19,50,102,True,/users/delfos/aina/scentree-gen-remote/scentree-gen-remote/dif_ren_scentree/scenariotree_50/results_19.json,2189,103,47,21.25242718446602,47,1.0638297872340425,3,0.02,0.06,0.0063971473950523005,0.991749090136106,43.10344827586205
dif_ren,50,2,50,102,True,/users/delfos/aina/scentree-gen-remote/scentree-gen-remote/dif_ren_scentree/scenariotree_50/results_2.json,3125,103,47,30.339805825242717,47,1.0638297872340425,3,0.02,0.06,0.0063971473950523005,0.991749090136106,43.10344827586205
dif_ren,50,20,50,102,True,/users/delfos/aina/scentree-gen-remote/scentree-gen-remote/dif_ren_scentree/scenariotree_50/results_20.json,2706,103,46,26.271844660194176,46,1.0869565217391304,3,0.02,0.06,0.007010658911563956,0.9900782290917436,41.66666666666666
dif_ren,50,21,50,102,True,/users/delfos/aina/scentree-gen-remote/scentree-gen-remote/dif_ren_scentree/scenariotree_50/results_21.json,3108,103,47,30.174757281553397,47,1.0638297872340425,2,0.02,0.04,0.004888989486415344,0.994467158105927,44.64285714285713
dif_ren,50,22,50,102,True,/users/delfos/aina/scentree-gen-remote/scentree-gen-remote/dif_ren_scentree/scenariotree_50/results_22.json,2724,103,43,26.446601941747574,43,1.1627906976744187,4,0.02,0.08,0.011354935456496466,0.9783448983264559,34.72222222222222
dif_ren,50,23,50,102,True,/users/delfos/aina/scentree-gen-remote/scentree-gen-remote/dif_ren_scentree/scenariotree_50/results_23.json,2779,103,44,26.980582524271846,44,1.1363636363636365,5,0.02,0.1,0.01249793371351593,0.9765967874906362,33.783783783783775
dif_ren,50,24,50,102,True,/users/delfos/aina/scentree-gen-remote/scentree-gen-remote/dif_ren_scentree/scenariotree_50/results_24.json,3370,103,47,32.71844660194175,47,1.0638297872340425,2,0.02,0.04,0.004888989486415344,0.994467158105927,44.64285714285713
dif_ren,50,25,50,102,True,/users/delfos/aina/scentree-gen-remote/scentree-gen-remote/dif_ren_scentree/scenariotree_50/results_25.json,3065,103,46,29.75728155339806,46,1.0869565217391304,3,0.02,0.06,0.007010658911563956,0.9900782290917436,41.66666666666666
dif_ren,50,26,50,102,True,/users/delfos/aina/scentree-gen-remote/scentree-gen-remote/dif_ren_scentree/scenariotree_50/results_26.json,2680,103,43,26.019417475728154,43,1.1627906976744187,3,0.02,0.06,0.008551058749232667,0.9857164516524041,37.878787878787875
dif_ren,50,27,50,102,True,/users/delfos/aina/scentree-gen-remote/scentree-gen-remote/dif_ren_scentree/scenariotree_50/results_27.json,2954,103,47,28.679611650485437,47,1.0638297872340425,4,0.02,0.08,0.008658293595479066,0.9872659050396593,40.32258064516128
dif_ren,50,28,50,102,True,/users/delfos/aina/scentree-gen-remote/scentree-gen-remote/dif_ren_scentree/scenariotree_50/results_28.json,3273,103,48,31.776699029126213,48,1.0416666666666667,2,0.02,0.04,0.003996526269427266,0.9962208679210097,46.29629629629629
dif_ren,50,29,50,102,True,/users/delfos/aina/scentree-gen-remote/scentree-gen-remote/dif_ren_scentree/scenariotree_50/results_29.json,3117,103,42,30.262135922330096,42,1.1904761904761905,5,0.02,0.1,0.015267828135125141,0.9664978842436768,29.761904761904763
dif_ren,50,3,50,102,True,/users/delfos/aina/scentree-gen-remote/scentree-gen-remote/dif_ren_scentree/scenariotree_50/results_3.json,3570,103,45,34.66019417475728,45,1.1111111111111112,3,0.02,0.06,0.007568616162633955,0.9885112264491586,40.32258064516128
dif_ren,50,30,50,102,True,/users/delfos/aina/scentree-gen-remote/scentree-gen-remote/dif_ren_scentree/scenariotree_50/results_30.json,2787,103,46,27.058252427184467,46,1.0869565217391304,3,0.02,0.06,0.007010658911563956,0.9900782290917435,41.66666666666666
dif_ren,50,4,50,102,True,/users/delfos/aina/scentree-gen-remote/scentree-gen-remote/dif_ren_scentree/scenariotree_50/results_4.json,3634,103,43,35.28155339805825,43,1.1627906976744187,5,0.02,0.1,0.013592222508095312,0.972412123029998,32.051282051282044
dif_ren,50,5,50,102,True,/users/delfos/aina/scentree-gen-remote/scentree-gen-remote/dif_ren_scentree/scenariotree_50/results_5.json,2918,103,47,28.33009708737864,47,1.0638297872340425,2,0.02,0.04,0.004888989486415344,0.994467158105927,44.64285714285713
dif_ren,50,6,50,102,True,/users/delfos/aina/scentree-gen-remote/scentree-gen-remote/dif_ren_scentree/scenariotree_50/results_6.json,3155,103,45,30.631067961165048,45,1.1111111111111112,4,0.02,0.08,0.009635325950523911,0.9839768280375596,37.87878787878787
dif_ren,50,7,50,102,True,/users/delfos/aina/scentree-gen-remote/scentree-gen-remote/dif_ren_scentree/scenariotree_50/results_7.json,2575,103,47,25.0,47,1.0638297872340425,3,0.02,0.06,0.0063971473950523005,0.991749090136106,43.10344827586205
dif_ren,50,8,50,102,True,/users/delfos/aina/scentree-gen-remote/scentree-gen-remote/dif_ren_scentree/scenariotree_50/results_8.json,3723,103,47,36.14563106796116,47,1.0638297872340425,2,0.02,0.04,0.004888989486415344,0.994467158105927,44.64285714285713
dif_ren,50,9,50,102,True,/users/delfos/aina/scentree-gen-remote/scentree-gen-remote/dif_ren_scentree/scenariotree_50/results_9.json,3284,103,44,31.883495145631066,44,1.1363636363636365,3,0.02,0.06,0.00808017674301417,0.9870548467601317,39.0625
dif_ren,60,1,60,102,True,/users/delfos/aina/scentree-gen-remote/scentree-gen-remote/dif_ren_scentree/scenariotree_60/results_1.json,2698,103,51,26.194174757281555,51,1.1764705882352942,5,0.016666666666666666,0.08333333333333333,0.011764705882352938,0.9719645928006192,37.50000000000001
dif_ren,60,10,60,102,True,/users/delfos/aina/scentree-gen-remote/scentree-gen-remote/dif_ren_scentree/scenariotree_60/results_10.json,2926,103,55,28.40776699029126,55,1.0909090909090908,4,0.016666666666666666,0.06666666666666667,0.007297936108358968,0.987119099726327,47.36842105263161
dif_ren,60,11,60,102,True,/users/delfos/aina/scentree-gen-remote/scentree-gen-remote/dif_ren_scentree/scenariotree_60/results_11.json,4254,103,54,41.300970873786405,54,1.1111111111111112,4,0.016666666666666666,0.06666666666666667,0.009442628728875531,0.9800754448842813,42.857142857142875
dif_ren,60,12,60,102,True,/users/delfos/aina/scentree-gen-remote/scentree-gen-remote/dif_ren_scentree/scenariotree_60/results_12.json,3408,103,59,33.0873786407767,59,1.0169491525423728,2,0.016666666666666666,0.03333333333333333,0.0021513483349898045,0.9984554923679003,58.06451612903227
dif_ren,60,13,60,102,True,/users/delfos/aina/scentree-gen-remote/scentree-gen-remote/dif_ren_scentree/scenariotree_60/results_13.json,3573,103,54,34.689320388349515,54,1.1111111111111112,3,0.016666666666666666,0.05,0.006928995160692485,0.9872873582209506,47.368421052631604
dif_ren,60,14,60,102,True,/users/delfos/aina/scentree-gen-remote/scentree-gen-remote/dif_ren_scentree/scenariotree_60/results_14.json,3419,103,51,33.19417475728155,51,1.1764705882352942,4,0.016666666666666666,0.06666666666666667,0.00973834276192898,0.9781343977297752,40.909090909090914
dif_ren,60,15,60,102,True,/users/delfos/aina/scentree-gen-remote/scentree-gen-remote/dif_ren_scentree/scenariotree_60/results_15.json,3451,103,55,33.50485436893204,55,1.0909090909090908,2,0.016666666666666666,0.03333333333333333,0.004791329788133907,0.9928847560744962,51.42857142857145
dif_ren,60,16,60,102,True,/users/delfos/aina/scentree-gen-remote/scentree-gen-remote/dif_ren_scentree/scenariotree_60/results_16.json,2807,103,49,27.25242718446602,49,1.2244897959183674,4,0.016666666666666666,0.06666666666666667,0.010249332770965555,0.9763153984911881,39.130434782608695
dif_ren,60,17,60,102,True,/users/delfos/aina/scentree-gen-remote/scentree-gen-remote/dif_ren_scentree/scenariotree_60/results_17.json,3293,103,48,31.97087378640777,48,1.25,5,0.016666666666666666,0.08333333333333333,0.01502313031443329,0.9585088373352654,31.57894736842106
dif_ren,60,18,60,102,True,/users/delfos/aina/scentree-gen-remote/scentree-gen-remote/dif_ren_scentree/scenariotree_60/results_18.json,3647,103,54,35.407766990291265,54,1.1111111111111112,4,0.016666666666666666,0.06666666666666667,0.008281733249999222,0.983681401552616,45.00000000000002
dif_ren,60,19,60,102,True,/users/delfos/aina/scentree-gen-remote/scentree-gen-remote/dif_ren_scentree/scenariotree_60/results_19.json,3957,103,53,38.41747572815534,53,1.1320754716981132,4,0.016666666666666666,0.06666666666666667,0.008588993889149476,0.982493125596594,43.90243902439026
dif_ren,60,2,60,102,True,/users/delfos/aina/scentree-gen-remote/scentree-gen-remote/dif_ren_scentree/scenariotree_60/results_2.json,3766,103,56,36.56310679611651,56,1.0714285714285714,3,0.016666666666666666,0.05,0.0053239713749995,0.9920137276308612,51.42857142857143
dif_ren,60,20,60,102,True,/users/delfos/aina/scentree-gen-remote/scentree-gen-remote/dif_ren_scentree/scenariotree_60/results_20.json,2183,103,56,21.194174757281555,56,1.0714285714285714,2,0.016666666666666666,0.03333333333333333,0.004292322946980939,0.9941801973125409,52.94117647058823
dif_ren,60,21,60,102,True,/users/delfos/aina/scentree-gen-remote/scentree-gen-remote/dif_ren_scentree/scenariotree_60/results_21.json,3222,103,54,31.281553398058254,54,1.1111111111111112,5,0.016666666666666666,0.08333333333333333,0.009972527420619453,0.9790197394036116,41.860465116279066
dif_ren,60,22,60,102,True,/users/delfos/aina/scentree-gen-remote/scentree-gen-remote/dif_ren_scentree/scenariotree_60/results_22.json,2865,103,51,27.815533980582526,51,1.1764705882352942,4,0.016666666666666666,0.06666666666666667,0.00973834276192898,0.9781343977297752,40.909090909090914
dif_ren,60,23,60,102,True,/users/delfos/aina/scentree-gen-remote/scentree-gen-remote/dif_ren_scentree/scenariotree_60/results_23.json,2776,103,54,26.95145631067961,54,1.1111111111111112,6,0.016666666666666666,0.1,0.011415581486979588,0.9757030020295213,39.13043478260871
dif_ren,60,24,60,102,True,/users/delfos/aina/scentree-gen-remote/scentree-gen-remote/dif_ren_scentree/scenariotree_60/results_24.json,4559,103,58,44.262135922330096,58,1.0344827586206897,2,0.016666666666666666,0.03333333333333333,0.003041093460993782,0.996968739536627,56.250000000000014
dif_ren,60,25,60,102,True,/users/delfos/aina/scentree-gen-remote/scentree-gen-remote/dif_ren_scentree/scenariotree_60/results_25.json,3604,103,54,34.99029126213592,54,1.1111111111111112,3,0.016666666666666666,0.05,0.0069289951606924865,0.9872873582209506,47.3684210526316
dif_ren,60,26,60,102,True,/users/delfos/aina/scentree-gen-remote/scentree-gen-remote/dif_ren_scentree/scenariotree_60/results_26.json,3109,103,54,30.184466019417474,54,1.1111111111111112,4,0.016666666666666666,0.06666666666666667,0.008281733249999224,0.983681401552616,45.00000000000002
dif_ren,60,27,60,102,True,/users/delfos/aina/scentree-gen-remote/scentree-gen-remote/dif_ren_scentree/scenariotree_60/results_27.json,3704,103,56,35.96116504854369,56,1.0714285714285714,3,0.016666666666666666,0.05,0.005323971374999499,0.992013727630861,51.428571428571416
dif_ren,60,28,60,102,True,/users/delfos/aina/scentree-gen-remote/scentree-gen-remote/dif_ren_scentree/scenariotree_60/results_28.json,3014,103,50,29.262135922330096,50,1.2,4,0.016666666666666666,0.06666666666666667,0.011055415967851331,0.9735026819417298,38.297872340425535
dif_ren,60,29,60,102,True,/users/delfos/aina/scentree-gen-remote/scentree-gen-remote/dif_ren_scentree/scenariotree_60/results_29.json,3467,103,52,33.66019417475728,52,1.1538461538461537,5,0.016666666666666666,0.08333333333333333,0.010013140610136735,0.9788829511888176,40.90909090909092
dif_ren,60,3,60,102,True,/users/delfos/aina/scentree-gen-remote/scentree-gen-remote/dif_ren_scentree/scenariotree_60/results_3.json,4243,103,57,41.19417475728155,57,1.0526315789473684,4,0.016666666666666666,0.06666666666666667,0.006564311204866564,0.9898278980495995,50.0
dif_ren,60,30,60,102,True,/users/delfos/aina/scentree-gen-remote/scentree-gen-remote/dif_ren_scentree/scenariotree_60/results_30.json,4058,103,56,39.398058252427184,56,1.0714285714285714,3,0.016666666666666666,0.05,0.0053239713749995005,0.9920137276308612,51.42857142857143
dif_ren,60,4,60,102,True,/users/delfos/aina/scentree-gen-remote/scentree-gen-remote/dif_ren_scentree/scenariotree_60/results_4.json,1330,103,51,12.912621359223301,51,1.1764705882352942,4,0.016666666666666666,0.06666666666666667,0.009161990698611885,0.980352401072419,41.86046511627907
dif_ren,60,5,60,102,True,/users/delfos/aina/scentree-gen-remote/scentree-gen-remote/dif_ren_scentree/scenariotree_60/results_5.json,3602,103,55,34.970873786407765,55,1.0909090909090908,3,0.016666666666666666,0.05,0.005749595745760688,0.9907085451149951,50.000000000000036
dif_ren,60,6,60,102,True,/users/delfos/aina/scentree-gen-remote/scentree-gen-remote/dif_ren_scentree/scenariotree_60/results_6.json,4021,103,59,39.03883495145631,59,1.0169491525423728,2,0.016666666666666666,0.03333333333333333,0.0021513483349898045,0.9984554923679003,58.06451612903227
dif_ren,60,7,60,102,True,/users/delfos/aina/scentree-gen-remote/scentree-gen-remote/dif_ren_scentree/scenariotree_60/results_7.json,2964,103,53,28.776699029126213,53,1.1320754716981132,4,0.016666666666666666,0.06666666666666667,0.008588993889149476,0.982493125596594,43.902439024390254
dif_ren,60,8,60,102,True,/users/delfos/aina/scentree-gen-remote/scentree-gen-remote/dif_ren_scentree/scenariotree_60/results_8.json,3358,103,53,32.601941747572816,53,1.1320754716981132,4,0.016666666666666666,0.06666666666666667,0.009178943093915991,0.980296611439459,42.85714285714286
dif_ren,60,9,60,102,True,/users/delfos/aina/scentree-gen-remote/scentree-gen-remote/dif_ren_scentree/scenariotree_60/results_9.json,3635,103,57,35.29126213592233,57,1.0526315789473684,3,0.016666666666666666,0.05,0.004857674773636301,0.9933856327083274,52.94117647058823
dif_ren,70,1,70,102,True,/users/delfos/aina/scentree-gen-remote/scentree-gen-remote/dif_ren_scentree/scenariotree_70/results_1.json,2203,103,55,21.388349514563107,55,1.2727272727272727,6,0.014285714285714285,0.08571428571428572,0.012320562312344336,0.963763050572624,37.69230769230769
dif_ren,70,10,70,102,True,/users/delfos/aina/scentree-gen-remote/scentree-gen-remote/dif_ren_scentree/scenariotree_70/results_10.json,3642,103,69,35.359223300970875,69,1.0144927536231885,2,0.014285714285714285,0.02857142857142857,0.0017072901141273957,0.9987209892569126,68.05555555555553
dif_ren,70,11,70,102,True,/users/delfos/aina/scentree-gen-remote/scentree-gen-remote/dif_ren_scentree/scenariotree_70/results_11.json,3863,103,62,37.50485436893204,62,1.1290322580645162,4,0.014285714285714285,0.05714285714285714,0.006533385658413745,0.9862187697033735,53.26086956521741
dif_ren,70,12,70,102,True,/users/delfos/aina/scentree-gen-remote/scentree-gen-remote/dif_ren_scentree/scenariotree_70/results_12.json,2533,103,62,24.59223300970874,62,1.1290322580645162,4,0.014285714285714285,0.05714285714285714,0.007019145719690237,0.9844075920713979,52.127659574468105
dif_ren,70,13,70,102,True,/users/delfos/aina/scentree-gen-remote/scentree-gen-remote/dif_ren_scentree/scenariotree_70/results_13.json,4027,103,61,39.09708737864078,61,1.1475409836065573,4,0.014285714285714285,0.05714285714285714,0.007241042076693353,0.9834838894507139,51.041666666666686
dif_ren,70,14,70,102,True,/users/delfos/aina/scentree-gen-remote/scentree-gen-remote/dif_ren_scentree/scenariotree_70/results_14.json,3599,103,58,34.94174757281554,58,1.206896551724138,8,0.014285714285714285,0.11428571428571428,0.013463694944548226,0.9633982657036223,36.029411764705884
dif_ren,70,15,70,102,True,/users/delfos/aina/scentree-gen-remote/scentree-gen-remote/dif_ren_scentree/scenariotree_70/results_15.json,4922,103,67,47.786407766990294,67,1.044776119402985,3,0.014285714285714285,0.04285714285714286,0.003849780401976074,0.994509713696059,62.82051282051282
dif_ren,70,16,70,102,True,/users/delfos/aina/scentree-gen-remote/scentree-gen-remote/dif_ren_scentree/scenariotree_70/results_16.json,3376,103,62,32.77669902912621,62,1.1290322580645162,4,0.014285714285714285,0.05714285714285714,0.008307721832866337,0.9796090555297684,49.00000000000002
dif_ren,70,17,70,102,True,/users/delfos/aina/scentree-gen-remote/scentree-gen-remote/dif_ren_scentree/scenariotree_70/results_17.json,4642,103,63,45.067961165048544,63,1.1111111111111112,3,0.014285714285714285,0.04285714285714286,0.005160910057478931,0.9901659258925429,56.97674418604654
dif_ren,70,18,70,102,True,/users/delfos/aina/scentree-gen-remote/scentree-gen-remote/dif_ren_scentree/scenariotree_70/results_18.json,4162,103,68,40.407766990291265,68,1.0294117647058822,3,0.014285714285714285,0.04285714285714286,0.0034392238537279203,0.995711384315139,64.4736842105263
dif_ren,70,19,70,102,True,/users/delfos/aina/scentree-gen-remote/scentree-gen-remote/dif_ren_scentree/scenariotree_70/results_19.json,4578,103,63,44.44660194174757,63,1.1111111111111112,5,0.014285714285714285,0.07142857142857142,0.007683026914329894,0.9833430589965401,51.0416666666667
dif_ren,70,2,70,102,True,/users/delfos/aina/scentree-gen-remote/scentree-gen-remote/dif_ren_scentree/scenariotree_70/results_2.json,4085,103,65,39.66019417475728,65,1.0769230769230769,2,0.014285714285714285,0.02857142857142857,0.00380670507157995,0.9940319256384713,61.25000000000001
dif_ren,70,20,70,102,True,/users/delfos/aina/scentree-gen-remote/scentree-gen-remote/dif_ren_scentree/scenariotree_70/results_20.json,4337,103,63,42.10679611650485,63,1.1111111111111112,4,0.014285714285714285,0.05714285714285714,0.006787587096188556,0.9853859207836807,53.26086956521741
dif_ren,70,21,70,102,True,/users/delfos/aina/scentree-gen-remote/scentree-gen-remote/dif_ren_scentree/scenariotree_70/results_21.json,4126,103,66,40.05825242718446,66,1.0606060606060606,3,0.014285714285714285,0.04285714285714286,0.004219391491259292,0.9933523653356294,61.25000000000001
dif_ren,70,22,70,102,True,/users/delfos/aina/scentree-gen-remote/scentree-gen-remote/dif_ren_scentree/scenariotree_70/results_22.json,3704,103,63,35.96116504854369,63,1.1111111111111112,4,0.014285714285714285,0.05714285714285714,0.006787587096188556,0.9853859207836809,53.26086956521741
dif_ren,70,23,70,102,True,/users/delfos/aina/scentree-gen-remote/scentree-gen-remote/dif_ren_scentree/scenariotree_70/results_23.json,3420,103,63,33.20388349514563,63,1.1111111111111112,5,0.014285714285714285,0.07142857142857142,0.008093681767607594,0.9815388759380612,50.000000000000014
dif_ren,70,24,70,102,True,/users/delfos/aina/scentree-gen-remote/scentree-gen-remote/dif_ren_scentree/scenariotree_70/results_24.json,3402,103,63,33.029126213592235,63,1.1111111111111112,4,0.014285714285714285,0.05714285714285714,0.007249146196437995,0.9835817377252021,52.12765957446811
dif_ren,70,25,70,102,True,/users/delfos/aina/scentree-gen-remote/scentree-gen-remote/dif_ren_scentree/scenariotree_70/results_25.json,3122,103,59,30.310679611650485,59,1.1864406779661016,4,0.014285714285714285,0.05714285714285714,0.00890962203049593,0.9769537757294459,46.22641509433963
dif_ren,70,26,70,102,True,/users/delfos/aina/scentree-gen-remote/scentree-gen-remote/dif_ren_scentree/scenariotree_70/results_26.json,3807,103,57,36.96116504854369,57,1.2280701754385965,4,0.014285714285714285,0.05714285714285714,0.00927656918462243,0.9754902745263853,44.545454545454554
dif_ren,70,27,70,102,True,/users/delfos/aina/scentree-gen-remote/scentree-gen-remote/dif_ren_scentree/scenariotree_70/results_27.json,3609,103,60,35.03883495145631,60,1.1666666666666667,6,0.014285714285714285,0.08571428571428572,0.0101574900036674,0.9741290209174355,43.75000000000001
dif_ren,70,28,70,102,True,/users/delfos/aina/scentree-gen-remote/scentree-gen-remote/dif_ren_scentree/scenariotree_70/results_28.json,2632,103,59,25.553398058252426,59,1.1864406779661016,3,0.014285714285714285,0.04285714285714286,0.007190916418846246,0.9830011667570537,50.00000000000001
dif_ren,70,29,70,102,True,/users/delfos/aina/scentree-gen-remote/scentree-gen-remote/dif_ren_scentree/scenariotree_70/results_29.json,4336,103,62,42.09708737864078,62,1.1290322580645162,2,0.014285714285714285,0.02857142857142857,0.004789080573923163,0.9910173062450032,56.976744186046524
dif_ren,70,3,70,102,True,/users/delfos/aina/scentree-gen-remote/scentree-gen-remote/dif_ren_scentree/scenariotree_70/results_3.json,3815,103,62,37.03883495145631,62,1.1290322580645162,4,0.014285714285714285,0.05714285714285714,0.007019145719690237,0.9844075920713979,52.12765957446811
dif_ren,70,30,70,102,True,/users/delfos/aina/scentree-gen-remote/scentree-gen-remote/dif_ren_scentree/scenariotree_70/results_30.json,3835,103,63,37.23300970873787,63,1.1111111111111112,3,0.014285714285714285,0.04285714285714286,0.0057544569344442275,0.9883617428340643,55.68181818181818
dif_ren,70,4,70,102,True,/users/delfos/aina/scentree-gen-remote/scentree-gen-remote/dif_ren_scentree/scenariotree_70/results_4.json,3443,103,60,33.42718446601942,60,1.1666666666666667,6,0.014285714285714285,0.08571428571428572,0.010806481636104967,0.9711177375510416,42.24137931034483
dif_ren,70,5,70,102,True,/users/delfos/aina/scentree-gen-remote/scentree-gen-remote/dif_ren_scentree/scenariotree_70/results_5.json,3587,103,58,34.8252427184466,58,1.206896551724138,4,0.014285714285714285,0.05714285714285714,0.009839893771151813,0.973152967398692,43.75000000000001
dif_ren,70,6,70,102,True,/users/delfos/aina/scentree-gen-remote/scentree-gen-remote/dif_ren_scentree/scenariotree_70/results_6.json,4312,103,65,41.86407766990291,65,1.0769230769230769,3,0.014285714285714285,0.04285714285714286,0.0045574596380940045,0.9922412500257274,59.75609756097561
dif_ren,70,7,70,102,True,/users/delfos/aina/scentree-gen-remote/scentree-gen-remote/dif_ren_scentree/scenariotree_70/results_7.json,4950,103,64,48.05825242718446,64,1.09375,4,0.014285714285714285,0.05714285714285714,0.006545927811881777,0.9864164849618674,54.44444444444445
dif_ren,70,8,70,102,True,/users/delfos/aina/scentree-gen-remote/scentree-gen-remote/dif_ren_scentree/scenariotree_70/results_8.json,3371,103,64,32.728155339805824,64,1.09375,4,0.014285714285714285,0.05714285714285714,0.006545927811881777,0.9864164849618674,54.44444444444445
dif_ren,70,9,70,102,True,/users/delfos/aina/scentree-gen-remote/scentree-gen-remote/dif_ren_scentree/scenariotree_70/results_9.json,4108,103,63,39.883495145631066,63,1.1111111111111112,3,0.014285714285714285,0.04285714285714286,0.005754456934444227,0.9883617428340643,55.681818181818215
dif_ren,80,1,80,102,True,/users/delfos/aina/scentree-gen-remote/scentree-gen-remote/dif_ren_scentree/scenariotree_80/results_1.json,3370,103,70,32.71844660194175,70,1.1428571428571428,6,0.0125,0.075,0.00826073821872884,0.9778663829009554,52.45901639344262
dif_ren,80,10,80,102,True,/users/delfos/aina/scentree-gen-remote/scentree-gen-remote/dif_ren_scentree/scenariotree_80/results_10.json,4204,103,67,40.81553398058252,67,1.1940298507462686,5,0.0125,0.0625,0.00922328887634946,0.9713624891056367,48.48484848484848
dif_ren,80,11,80,102,True,/users/delfos/aina/scentree-gen-remote/scentree-gen-remote/dif_ren_scentree/scenariotree_80/results_11.json,5105,103,75,49.56310679611651,75,1.0666666666666667,4,0.0125,0.05,0.004714045207910317,0.9908665513582335,66.66666666666664
dif_ren,80,12,80,102,True,/users/delfos/aina/scentree-gen-remote/scentree-gen-remote/dif_ren_scentree/scenariotree_80/results_12.json,4043,103,69,39.25242718446602,69,1.1594202898550725,6,0.0125,0.075,0.00841172954075645,0.9770968186815233,51.61290322580644
dif_ren,80,13,80,102,True,/users/delfos/aina/scentree-gen-remote/scentree-gen-remote/dif_ren_scentree/scenariotree_80/results_13.json,3738,103,68,36.29126213592233,68,1.1764705882352942,3,0.0125,0.0375,0.0056479012851975065,0.9861342999344325,59.25925925925923
dif_ren,80,14,80,102,True,/users/delfos/aina/scentree-gen-remote/scentree-gen-remote/dif_ren_scentree/scenariotree_80/results_14.json,3154,103,76,30.62135922330097,76,1.0526315789473684,3,0.0125,0.0375,0.003450029105822866,0.9943284373487012,71.11111111111109
dif_ren,80,15,80,102,True,/users/delfos/aina/scentree-gen-remote/scentree-gen-remote/dif_ren_scentree/scenariotree_80/results_15.json,4111,103,71,39.9126213592233,71,1.1267605633802817,5,0.0125,0.0625,0.006935815353377536,0.9825398309494271,57.142857142857125
dif_ren,80,16,80,102,True,/users/delfos/aina/scentree-gen-remote/scentree-gen-remote/dif_ren_scentree/scenariotree_80/results_16.json,3676,103,71,35.689320388349515,71,1.1267605633802817,4,0.0125,0.05,0.005907733005479758,0.9858115924608306,60.377358490566024
dif_ren,80,17,80,102,True,/users/delfos/aina/scentree-gen-remote/scentree-gen-remote/dif_ren_scentree/scenariotree_80/results_17.json,4716,103,70,45.786407766990294,70,1.1428571428571428,7,0.0125,0.0875,0.00927884361197613,0.9750381117473824,49.23076923076922
dif_ren,80,18,80,102,True,/users/delfos/aina/scentree-gen-remote/scentree-gen-remote/dif_ren_scentree/scenariotree_80/results_18.json,4820,103,66,46.79611650485437,66,1.2121212121212122,5,0.0125,0.0625,0.009363035677506269,0.9707129249544396,47.761194029850735
dif_ren,80,19,80,102,True,/users/delfos/aina/scentree-gen-remote/scentree-gen-remote/dif_ren_scentree/scenariotree_80/results_19.json,4505,103,74,43.737864077669904,74,1.0810810810810811,3,0.0125,0.0375,0.004481925392372162,0.9909174842011292,66.66666666666666
dif_ren,80,2,80,102,True,/users/delfos/aina/scentree-gen-remote/scentree-gen-remote/dif_ren_scentree/scenariotree_80/results_2.json,5868,103,75,56.970873786407765,75,1.0666666666666667,3,0.0125,0.0375,0.0037267799624996494,0.993365244448579,69.56521739130432
dif_ren,80,20,80,102,True,/users/delfos/aina/scentree-gen-remote/scentree-gen-remote/dif_ren_scentree/scenariotree_80/results_20.json,4925,103,71,47.81553398058252,71,1.1267605633802817,4,0.0125,0.05,0.00590773300547976,0.9858115924608306,60.377358490566024
dif_ren,80,21,80,102,True,/users/delfos/aina/scentree-gen-remote/scentree-gen-remote/dif_ren_scentree/scenariotree_80/results_21.json,4963,103,69,48.18446601941748,69,1.1594202898550725,5,0.0125,0.0625,0.008676760880310181,0.9743445624339978,50.793650793650784
dif_ren,80,22,80,102,True,/users/delfos/aina/scentree-gen-remote/scentree-gen-remote/dif_ren_scentree/scenariotree_80/results_22.json,2927,103,70,28.41747572815534,70,1.1428571428571428,6,0.0125,0.075,0.008784552768749175,0.9753271126176403,50.793650793650784
dif_ren,80,23,80,102,True,/users/delfos/aina/scentree-gen-remote/scentree-gen-remote/dif_ren_scentree/scenariotree_80/results_23.json,4068,103,71,39.49514563106796,71,1.1267605633802817,5,0.0125,0.0625,0.006935815353377537,0.9825398309494271,57.142857142857125
dif_ren,80,24,80,102,True,/users/delfos/aina/scentree-gen-remote/scentree-gen-remote/dif_ren_scentree/scenariotree_80/results_24.json,4661,103,74,45.25242718446602,74,1.0810810810810811,2,0.0125,0.025,0.00341199491160881,0.993956751338322,69.56521739130432
dif_ren,80,25,80,102,True,/users/delfos/aina/scentree-gen-remote/scentree-gen-remote/dif_ren_scentree/scenariotree_80/results_25.json,4379,103,70,42.51456310679612,70,1.1428571428571428,3,0.0125,0.0375,0.005297284633639759,0.9875634540939034,61.538461538461526
dif_ren,80,26,80,102,True,/users/delfos/aina/scentree-gen-remote/scentree-gen-remote/dif_ren_scentree/scenariotree_80/results_26.json,4156,103,73,40.349514563106794,73,1.095890410958904,3,0.0125,0.0375,0.004701893910186979,0.9900209366260426,65.30612244897958
dif_ren,80,27,80,102,True,/users/delfos/aina/scentree-gen-remote/scentree-gen-remote/dif_ren_scentree/scenariotree_80/results_27.json,4825,103,72,46.84466019417476,72,1.1111111111111112,2,0.0125,0.025,0.003928371006591931,0.9922208282039522,66.66666666666664
dif_ren,80,28,80,102,True,/users/delfos/aina/scentree-gen-remote/scentree-gen-remote/dif_ren_scentree/scenariotree_80/results_28.json,4387,103,72,42.592233009708735,72,1.1111111111111112,3,0.0125,0.0375,0.004910463758239913,0.9891620896374906,63.999999999999986
dif_ren,80,29,80,102,True,/users/delfos/aina/scentree-gen-remote/scentree-gen-remote/dif_ren_scentree/scenariotree_80/results_29.json,4947,103,74,48.029126213592235,74,1.0810810810810811,3,0.0125,0.0375,0.00398304936572689,0.9924371177697257,68.08510638297871
dif_ren,80,3,80,102,True,/users/delfos/aina/scentree-gen-remote/scentree-gen-remote/dif_ren_scentree/scenariotree_80/results_3.json,4254,103,65,41.300970873786405,65,1.2307692307692308,5,0.0125,0.0625,0.009499299257868053,0.9709222635986765,47.05882352941176
dif_ren,80,30,80,102,True,/users/delfos/aina/scentree-gen-remote/scentree-gen-remote/dif_ren_scentree/scenariotree_80/results_30.json,3455,103,74,33.54368932038835,74,1.0810810810810811,5,0.0125,0.0625,0.006081081081081079,0.9866903297592159,61.538461538461526
dif_ren,80,4,80,102,True,/users/delfos/aina/scentree-gen-remote/scentree-gen-remote/dif_ren_scentree/scenariotree_80/results_4.json,3977,103,74,38.61165048543689,74,1.0810810810810811,2,0.0125,0.025,0.0034119949116088104,0.993956751338322,69.56521739130433
dif_ren,80,5,80,102,True,/users/delfos/aina/scentree-gen-remote/scentree-gen-remote/dif_ren_scentree/scenariotree_80/results_5.json,3965,103,69,38.49514563106796,69,1.1594202898550725,4,0.0125,0.05,0.006249343590818964,0.9842789439008807,58.181818181818166
dif_ren,80,6,80,102,True,/users/delfos/aina/scentree-gen-remote/scentree-gen-remote/dif_ren_scentree/scenariotree_80/results_6.json,3547,103,71,34.43689320388349,71,1.1267605633802817,5,0.0125,0.0625,0.007543762424517094,0.9800090104261581,55.17241379310343
dif_ren,80,7,80,102,True,/users/delfos/aina/scentree-gen-remote/scentree-gen-remote/dif_ren_scentree/scenariotree_80/results_7.json,5127,103,65,49.77669902912621,65,1.2307692307692308,5,0.0125,0.0625,0.009499299257868054,0.9709222635986765,47.05882352941176
dif_ren,80,8,80,102,True,/users/delfos/aina/scentree-gen-remote/scentree-gen-remote/dif_ren_scentree/scenariotree_80/results_8.json,4440,103,77,43.10679611650485,77,1.0389610389610389,3,0.0125,0.0375,0.0031478440632573554,0.9953254288470886,72.7272727272727
dif_ren,80,9,80,102,True,/users/delfos/aina/scentree-gen-remote/scentree-gen-remote/dif_ren_scentree/scenariotree_80/results_9.json,4477,103,75,43.46601941747573,75,1.0666666666666667,3,0.0125,0.0375,0.0037267799624996494,0.993365244448579,69.56521739130432
dif_ren,90,1,90,102,True,/users/delfos/aina/scentree-gen-remote/scentree-gen-remote/dif_ren_scentree/scenariotree_90/results_1.json,4718,103,76,45.80582524271845,76,1.1842105263157894,6,0.011111111111111112,0.06666666666666667,0.007796661769575079,0.9754209428800715,56.249999999999986
dif_ren,90,10,90,102,True,/users/delfos/aina/scentree-gen-remote/scentree-gen-remote/dif_ren_scentree/scenariotree_90/results_10.json,4123,103,80,40.029126213592235,80,1.125,4,0.011111111111111112,0.044444444444444446,0.00537914353639919,0.9855590384044676,67.5
dif_ren,90,11,90,102,True,/users/delfos/aina/scentree-gen-remote/scentree-gen-remote/dif_ren_scentree/scenariotree_90/results_11.json,4694,103,75,45.57281553398058,75,1.2,5,0.011111111111111112,0.05555555555555555,0.0067890010295642055,0.9795817910220952,59.558823529411754
dif_ren,90,12,90,102,True,/users/delfos/aina/scentree-gen-remote/scentree-gen-remote/dif_ren_scentree/scenariotree_90/results_12.json,3569,103,77,34.650485436893206,77,1.1688311688311688,9,0.011111111111111112,0.1,0.010951610944306077,0.9627166307263738,44.999999999999986
dif_ren,90,13,90,102,True,/users/delfos/aina/scentree-gen-remote/scentree-gen-remote/dif_ren_scentree/scenariotree_90/results_13.json,5258,103,81,51.04854368932039,81,1.1111111111111112,6,0.011111111111111112,0.06666666666666667,0.007198706043018889,0.9792678295247258,60.44776119402984
dif_ren,90,14,90,102,True,/users/delfos/aina/scentree-gen-remote/scentree-gen-remote/dif_ren_scentree/scenariotree_90/results_14.json,4068,103,80,39.49514563106796,80,1.125,6,0.011111111111111112,0.06666666666666667,0.007323014625813371,0.9785288343626993,59.55882352941176
dif_ren,90,15,90,102,True,/users/delfos/aina/scentree-gen-remote/scentree-gen-remote/dif_ren_scentree/scenariotree_90/results_15.json,4579,103,76,44.45631067961165,76,1.1842105263157894,4,0.011111111111111112,0.044444444444444446,0.005898900877728659,0.9830050799973871,63.28125
dif_ren,90,16,90,102,True,/users/delfos/aina/scentree-gen-remote/scentree-gen-remote/dif_ren_scentree/scenariotree_90/results_16.json,5154,103,79,50.03883495145631,79,1.139240506329114,4,0.011111111111111112,0.044444444444444446,0.005792196985084106,0.9835404752484642,65.32258064516128
dif_ren,90,17,90,102,True,/users/delfos/aina/scentree-gen-remote/scentree-gen-remote/dif_ren_scentree/scenariotree_90/results_17.json,5229,103,85,50.76699029126213,85,1.0588235294117647,3,0.011111111111111112,0.03333333333333333,0.0035559400022837752,0.9929128634533932,77.88461538461537
dif_ren,90,18,90,102,True,/users/delfos/aina/scentree-gen-remote/scentree-gen-remote/dif_ren_scentree/scenariotree_90/results_18.json,5547,103,86,53.85436893203884,86,1.0465116279069768,3,0.011111111111111112,0.03333333333333333,0.0033492199991771885,0.9937637450965832,79.41176470588233
dif_ren,90,19,90,102,True,/users/delfos/aina/scentree-gen-remote/scentree-gen-remote/dif_ren_scentree/scenariotree_90/results_19.json,4463,103,82,43.33009708737864,82,1.0975609756097562,4,0.011111111111111112,0.044444444444444446,0.004786862258172274,0.9883466864057862,71.05263157894736
dif_ren,90,2,90,102,True,/users/delfos/aina/scentree-gen-remote/scentree-gen-remote/dif_ren_scentree/scenariotree_90/results_2.json,6030,103,83,58.54368932038835,83,1.0843373493975903,5,0.011111111111111112,0.05555555555555555,0.005509803380791612,0.9863159048963039,68.64406779661016
dif_ren,90,20,90,102,True,/users/delfos/aina/scentree-gen-remote/scentree-gen-remote/dif_ren_scentree/scenariotree_90/results_20.json,4921,103,80,47.77669902912621,80,1.125,3,0.011111111111111112,0.03333333333333333,0.004435755395186475,0.9890741404253516,71.05263157894738
dif_ren,90,21,90,102,True,/users/delfos/aina/scentree-gen-remote/scentree-gen-remote/dif_ren_scentree/scenariotree_90/results_21.json,5276,103,81,51.22330097087379,81,1.1111111111111112,3,0.011111111111111112,0.03333333333333333,0.004619330107128322,0.9884603226794885,71.05263157894736
dif_ren,90,22,90,102,True,/users/delfos/aina/scentree-gen-remote/scentree-gen-remote/dif_ren_scentree/scenariotree_90/results_22.json,3457,103,73,33.56310679611651,73,1.2328767123287672,4,0.011111111111111112,0.044444444444444446,0.0070081366412306475,0.9773968299450001,57.85714285714286
dif_ren,90,23,90,102,True,/users/delfos/aina/scentree-gen-remote/scentree-gen-remote/dif_ren_scentree/scenariotree_90/results_23.json,4694,103,80,45.57281553398058,80,1.125,5,0.011111111111111112,0.05555555555555555,0.006180165405913053,0.9827300131621727,64.28571428571429
dif_ren,90,24,90,102,True,/users/delfos/aina/scentree-gen-remote/scentree-gen-remote/dif_ren_scentree/scenariotree_90/results_24.json,6014,103,83,58.38834951456311,83,1.0843373493975903,3,0.011111111111111112,0.03333333333333333,0.003934923281579402,0.9912914784298157,75.0
dif_ren,90,25,90,102,True,/users/delfos/aina/scentree-gen-remote/scentree-gen-remote/dif_ren_scentree/scenariotree_90/results_25.json,5363,103,81,52.067961165048544,81,1.1111111111111112,2,0.011111111111111112,0.022222222222222223,0.003491885339192827,0.9924293308937734,75.0
dif_ren,90,26,90,102,True,/users/delfos/aina/scentree-gen-remote/scentree-gen-remote/dif_ren_scentree/scenariotree_90/results_26.json,4043,103,79,39.25242718446602,79,1.139240506329114,4,0.011111111111111112,0.044444444444444446,0.005792196985084105,0.9835404752484642,65.32258064516128
dif_ren,90,27,90,102,True,/users/delfos/aina/scentree-gen-remote/scentree-gen-remote/dif_ren_scentree/scenariotree_90/results_27.json,5770,103,81,56.019417475728154,81,1.1111111111111112,4,0.011111111111111112,0.044444444444444446,0.00523782800878924,0.9862781601199644,68.64406779661017
dif_ren,90,28,90,102,True,/users/delfos/aina/scentree-gen-remote/scentree-gen-remote/dif_ren_scentree/scenariotree_90/results_28.json,5344,103,85,51.883495145631066,85,1.0588235294117647,3,0.011111111111111112,0.03333333333333333,0.0031208722578596917,0.99422151180961,79.41176470588235
dif_ren,90,29,90,102,True,/users/delfos/aina/scentree-gen-remote/scentree-gen-remote/dif_ren_scentree/scenariotree_90/results_29.json,4613,103,80,44.786407766990294,80,1.125,3,0.011111111111111112,0.03333333333333333,0.004770990010366019,0.987747387133154,69.82758620689656
dif_ren,90,3,90,102,True,/users/delfos/aina/scentree-gen-remote/scentree-gen-remote/dif_ren_scentree/scenariotree_90/results_3.json,5126,103,77,49.76699029126213,77,1.1688311688311688,6,0.011111111111111112,0.06666666666666667,0.007470233249953697,0.977370007350762,57.857142857142854
dif_ren,90,30,90,102,True,/users/delfos/aina/scentree-gen-remote/scentree-gen-remote/dif_ren_scentree/scenariotree_90/results_30.json,5143,103,79,49.932038834951456,79,1.139240506329114,5,0.011111111111111112,0.05555555555555555,0.006055991601015746,0.9833644513068202,64.28571428571428
dif_ren,90,4,90,102,True,/users/delfos/aina/scentree-gen-remote/scentree-gen-remote/dif_ren_scentree/scenariotree_90/results_4.json,4928,103,75,47.84466019417476,75,1.2,5,0.011111111111111112,0.05555555555555555,0.007257747386024232,0.9773607304973435,57.85714285714286
dif_ren,90,5,90,102,True,/users/delfos/aina/scentree-gen-remote/scentree-gen-remote/dif_ren_scentree/scenariotree_90/results_5.json,4605,103,74,44.70873786407767,74,1.2162162162162162,4,0.011111111111111112,0.044444444444444446,0.007368074562393574,0.9761315333721952,57.04225352112676
dif_ren,90,6,90,102,True,/users/delfos/aina/scentree-gen-remote/scentree-gen-remote/dif_ren_scentree/scenariotree_90/results_6.json,4426,103,82,42.970873786407765,82,1.0975609756097562,7,0.011111111111111112,0.07777777777777778,0.007684253050817247,0.9784695714926911,58.695652173913025
dif_ren,90,7,90,102,True,/users/delfos/aina/scentree-gen-remote/scentree-gen-remote/dif_ren_scentree/scenariotree_90/results_7.json,3539,103,82,34.359223300970875,82,1.0975609756097562,6,0.011111111111111112,0.06666666666666667,0.006401632417895782,0.9835319619469199,64.28571428571428
dif_ren,90,8,90,102,True,/users/delfos/aina/scentree-gen-remote/scentree-gen-remote/dif_ren_scentree/scenariotree_90/results_8.json,5446,103,85,52.87378640776699,85,1.0588235294117647,4,0.011111111111111112,0.044444444444444446,0.00429586319611895,0.9907543770313383,74.99999999999999
dif_ren,90,9,90,102,True,/users/delfos/aina/scentree-gen-remote/scentree-gen-remote/dif_ren_scentree/scenariotree_90/results_9.json,5426,103,76,52.679611650485434,76,1.1842105263157894,4,0.011111111111111112,0.044444444444444446,0.005898900877728659,0.9830050799973871,63.281249999999986
same_ren,100,1,100,30,True,/users/delfos/aina/scentree-gen-remote/scentree-gen-remote/same_ren_scentree/scenariotree_100/results_1.json,1082,31,39,34.903225806451616,39,2.5641025641025643,23,0.01,0.23,0.03861678071504944,0.8457641688278852,11.933174224343674
same_ren,100,10,100,30,True,/users/delfos/aina/scentree-gen-remote/scentree-gen-remote/same_ren_scentree/scenariotree_100/results_10.json,1014,31,49,32.70967741935484,49,2.0408163265306123,8,0.01,0.08,0.015902661011247477,0.9381373091573061,30.487804878048777
same_ren,100,11,100,30,True,/users/delfos/aina/scentree-gen-remote/scentree-gen-remote/same_ren_scentree/scenariotree_100/results_11.json,803,31,34,25.903225806451612,34,2.9411764705882355,14,0.01,0.14,0.029698601320857266,0.8932262652513926,16.835016835016834
same_ren,100,12,100,30,True,/users/delfos/aina/scentree-gen-remote/scentree-gen-remote/same_ren_scentree/scenariotree_100/results_12.json,1169,31,46,37.70967741935484,46,2.1739130434782608,24,0.01,0.24,0.03625419602857908,0.8468510896835957,12.1654501216545
same_ren,100,13,100,30,True,/users/delfos/aina/scentree-gen-remote/scentree-gen-remote/same_ren_scentree/scenariotree_100/results_13.json,694,31,38,22.387096774193548,38,2.6315789473684212,16,0.01,0.16,0.0388939890249312,0.8170442264045518,11.933174224343674
same_ren,100,14,100,30,True,/users/delfos/aina/scentree-gen-remote/scentree-gen-remote/same_ren_scentree/scenariotree_100/results_14.json,1273,31,55,41.064516129032256,55,1.8181818181818181,14,0.01,0.14,0.022245809336993144,0.8996408957934308,22.02643171806167
same_ren,100,15,100,30,True,/users/delfos/aina/scentree-gen-remote/scentree-gen-remote/same_ren_scentree/scenariotree_100/results_15.json,604,31,33,19.483870967741936,33,3.0303030303030303,20,0.01,0.2,0.03785817621028222,0.8584065674232194,12.88659793814433
same_ren,100,16,100,30,True,/users/delfos/aina/scentree-gen-remote/scentree-gen-remote/same_ren_scentree/scenariotree_100/results_16.json,1128,31,51,36.38709677419355,51,1.9607843137254901,8,0.01,0.08,0.018466799494856634,0.9181007527196325,27.027027027027017
same_ren,100,17,100,30,True,/users/delfos/aina/scentree-gen-remote/scentree-gen-remote/same_ren_scentree/scenariotree_100/results_17.json,996,31,43,32.12903225806452,43,2.3255813953488373,16,0.01,0.16,0.0331817356760766,0.8422396295341605,14.164305949008497
same_ren,100,18,100,30,True,/users/delfos/aina/scentree-gen-remote/scentree-gen-remote/same_ren_scentree/scenariotree_100/results_18.json,1056,31,54,34.064516129032256,54,1.8518518518518519,7,0.01,0.07,0.016033230238454342,0.9300515056731999,30.864197530864185
same_ren,100,19,100,30,True,/users/delfos/aina/scentree-gen-remote/scentree-gen-remote/same_ren_scentree/scenariotree_100/results_19.json,1258,31,58,40.58064516129032,58,1.7241379310344827,7,0.01,0.07,0.014947390897719478,0.9351318107879796,33.11258278145695
same_ren,100,2,100,30,True,/users/delfos/aina/scentree-gen-remote/scentree-gen-remote/same_ren_scentree/scenariotree_100/results_2.json,735,31,33,23.70967741935484,33,3.0303030303030303,16,0.01,0.16,0.03477066409671167,0.8762869110189752,14.245014245014243
same_ren,100,20,100,30,True,/users/delfos/aina/scentree-gen-remote/scentree-gen-remote/same_ren_scentree/scenariotree_100/results_20.json,1142,31,43,36.83870967741935,43,2.3255813953488373,9,0.01,0.09,0.02309947449644468,0.9001997470837646,21.645021645021643
same_ren,100,21,100,30,True,/users/delfos/aina/scentree-gen-remote/scentree-gen-remote/same_ren_scentree/scenariotree_100/results_21.json,829,31,43,26.741935483870968,43,2.3255813953488373,9,0.01,0.09,0.020989579943342,0.9139032917843986,23.696682464454966
same_ren,100,22,100,30,True,/users/delfos/aina/scentree-gen-remote/scentree-gen-remote/same_ren_scentree/scenariotree_100/results_22.json,1028,31,51,33.16129032258065,51,1.9607843137254901,8,0.01,0.08,0.017145374304862095,0.9267946192031447,28.901734104046238
same_ren,100,23,100,30,True,/users/delfos/aina/scentree-gen-remote/scentree-gen-remote/same_ren_scentree/scenariotree_100/results_23.json,460,31,36,14.838709677419354,36,2.7777777777777777,14,0.01,0.14,0.02858817851170802,0.8916680483987328,17.48251748251748
same_ren,100,24,100,30,True,/users/delfos/aina/scentree-gen-remote/scentree-gen-remote/same_ren_scentree/scenariotree_100/results_24.json,914,31,33,29.483870967741936,33,3.0303030303030303,19,0.01,0.19,0.03361861393541494,0.8837283809011091,14.792899408284022
same_ren,100,25,100,30,True,/users/delfos/aina/scentree-gen-remote/scentree-gen-remote/same_ren_scentree/scenariotree_100/results_25.json,730,31,48,23.548387096774192,48,2.0833333333333335,11,0.01,0.11,0.022623119934163716,0.9025974907351239,22.026431718061676
same_ren,100,26,100,30,True,/users/delfos/aina/scentree-gen-remote/scentree-gen-remote/same_ren_scentree/scenariotree_100/results_26.json,894,31,52,28.838709677419356,52,1.9230769230769231,16,0.01,0.16,0.023439459977219367,0.8996846855691072,20.920502092050206
same_ren,100,27,100,30,True,/users/delfos/aina/scentree-gen-remote/scentree-gen-remote/same_ren_scentree/scenariotree_100/results_27.json,820,31,43,26.451612903225808,43,2.3255813953488373,17,0.01,0.17,0.03130650651092957,0.8610895916561744,15.290519877675841
same_ren,100,28,100,30,True,/users/delfos/aina/scentree-gen-remote/scentree-gen-remote/same_ren_scentree/scenariotree_100/results_28.json,1248,31,57,40.25806451612903,57,1.7543859649122806,6,0.01,0.06,0.013672959837472782,0.9417593427317448,35.46099290780141
same_ren,100,29,100,30,True,/users/delfos/aina/scentree-gen-remote/scentree-gen-remote/same_ren_scentree/scenariotree_100/results_29.json,1008,31,43,32.516129032258064,43,2.3255813953488373,15,0.01,0.15,0.024751878503535014,0.9049562199570612,20.161290322580644
same_ren,100,3,100,30,True,/users/delfos/aina/scentree-gen-remote/scentree-gen-remote/same_ren_scentree/scenariotree_100/results_3.json,1165,31,52,37.58064516129032,52,1.9230769230769231,16,0.01,0.16,0.025026613053842215,0.8894530906582803,19.305019305019304
same_ren,100,30,100,30,True,/users/delfos/aina/scentree-gen-remote/scentree-gen-remote/same_ren_scentree/scenariotree_100/results_30.json,681,31,35,21.967741935483872,35,2.857142857142857,22,0.01,0.22,0.03757984696561687,0.8607269467190296,12.820512820512821
same_ren,100,4,100,30,True,/users/delfos/aina/scentree-gen-remote/scentree-gen-remote/same_ren_scentree/scenariotree_100/results_4.json,504,31,18,16.258064516129032,18,5.555555555555555,18,0.01,0.18,0.05842585255615515,0.8253440050441071,8.547008547008545
same_ren,100,5,100,30,True,/users/delfos/aina/scentree-gen-remote/scentree-gen-remote/same_ren_scentree/scenariotree_100/results_5.json,1092,31,46,35.225806451612904,46,2.1739130434782608,16,0.01,0.16,0.028613188493518082,0.872592712488784,16.83501683501683
same_ren,100,6,100,30,True,/users/delfos/aina/scentree-gen-remote/scentree-gen-remote/same_ren_scentree/scenariotree_100/results_6.json,909,31,47,29.322580645161292,47,2.127659574468085,23,0.01,0.23,0.035647029733718034,0.8349872742907961,12.345679012345675
same_ren,100,7,100,30,True,/users/delfos/aina/scentree-gen-remote/scentree-gen-remote/same_ren_scentree/scenariotree_100/results_7.json,803,31,38,25.903225806451612,38,2.6315789473684212,14,0.01,0.14,0.029861174636851125,0.8840773477447256,16.61129568106312
same_ren,100,8,100,30,True,/users/delfos/aina/scentree-gen-remote/scentree-gen-remote/same_ren_scentree/scenariotree_100/results_8.json,1074,31,50,34.645161290322584,50,2.0,18,0.01,0.18,0.02814249455894058,0.8703056685852568,16.778523489932883
same_ren,100,9,100,30,True,/users/delfos/aina/scentree-gen-remote/scentree-gen-remote/same_ren_scentree/scenariotree_100/results_9.json,1200,31,57,38.70967741935484,57,1.7543859649122806,9,0.01,0.09,0.016144164309231355,0.9281039059297165,30.8641975308642
same_ren,110,1,110,30,True,/users/delfos/aina/scentree-gen-remote/scentree-gen-remote/same_ren_scentree/scenariotree_110/results_1.json,1267,31,55,40.87096774193548,55,2.0,18,0.00909090909090909,0.16363636363636364,0.024760308510511083,0.8817959981588244,19.267515923566876
same_ren,110,10,110,30,True,/users/delfos/aina/scentree-gen-remote/scentree-gen-remote/same_ren_scentree/scenariotree_110/results_10.json,572,31,36,18.451612903225808,36,3.0555555555555554,23,0.00909090909090909,0.20909090909090908,0.040312396066277525,0.8309696323895154,11.590038314176246
same_ren,110,11,110,30,True,/users/delfos/aina/scentree-gen-remote/scentree-gen-remote/same_ren_scentree/scenariotree_110/results_11.json,951,31,40,30.677419354838708,40,2.75,13,0.00909090909090909,0.11818181818181818,0.026170925764517784,0.8940729661893512,19.085173501577287
same_ren,110,12,110,30,True,/users/delfos/aina/scentree-gen-remote/scentree-gen-remote/same_ren_scentree/scenariotree_110/results_12.json,1562,31,58,50.38709677419355,58,1.896551724137931,13,0.00909090909090909,0.11818181818181818,0.018391398299526806,0.914523148687776,27.130044843049326
same_ren,110,13,110,30,True,/users/delfos/aina/scentree-gen-remote/scentree-gen-remote/same_ren_scentree/scenariotree_110/results_13.json,1137,31,47,36.67741935483871,47,2.3404255319148937,12,0.00909090909090909,0.10909090909090909,0.021404573785779365,0.9036686354313462,23.359073359073356
same_ren,110,14,110,30,True,/users/delfos/aina/scentree-gen-remote/scentree-gen-remote/same_ren_scentree/scenariotree_110/results_14.json,1270,31,60,40.96774193548387,60,1.8333333333333333,13,0.00909090909090909,0.11818181818181818,0.022278395485712487,0.8831935643980526,21.530249110320284
same_ren,110,15,110,30,True,/users/delfos/aina/scentree-gen-remote/scentree-gen-remote/same_ren_scentree/scenariotree_110/results_15.json,752,31,51,24.258064516129032,51,2.156862745098039,13,0.00909090909090909,0.11818181818181818,0.023498331982549442,0.8881178015248714,20.93425605536332
same_ren,110,16,110,30,True,/users/delfos/aina/scentree-gen-remote/scentree-gen-remote/same_ren_scentree/scenariotree_110/results_16.json,963,31,53,31.06451612903226,53,2.0754716981132075,27,0.00909090909090909,0.24545454545454545,0.03288930048509386,0.8596669963384732,13.123644251626898
same_ren,110,17,110,30,True,/users/delfos/aina/scentree-gen-remote/scentree-gen-remote/same_ren_scentree/scenariotree_110/results_17.json,1288,31,52,41.54838709677419,52,2.1153846153846154,24,0.00909090909090909,0.21818181818181817,0.03029070037841055,0.8661476654838628,14.938271604938274
same_ren,110,18,110,30,True,/users/delfos/aina/scentree-gen-remote/scentree-gen-remote/same_ren_scentree/scenariotree_110/results_18.json,1151,31,61,37.12903225806452,61,1.8032786885245902,7,0.00909090909090909,0.06363636363636363,0.013252896617237381,0.9400018291506791,36.89024390243903
same_ren,110,19,110,30,True,/users/delfos/aina/scentree-gen-remote/scentree-gen-remote/same_ren_scentree/scenariotree_110/results_19.json,1164,31,53,37.54838709677419,53,2.0754716981132075,16,0.00909090909090909,0.14545454545454545,0.0260053765389227,0.8691160264694737,18.277945619335345
same_ren,110,2,110,30,True,/users/delfos/aina/scentree-gen-remote/scentree-gen-remote/same_ren_scentree/scenariotree_110/results_2.json,1474,31,66,47.54838709677419,66,1.6666666666666667,11,0.00909090909090909,0.1,0.014618731858315812,0.931978499399351,34.18079096045198
same_ren,110,20,110,30,True,/users/delfos/aina/scentree-gen-remote/scentree-gen-remote/same_ren_scentree/scenariotree_110/results_20.json,1318,31,61,42.516129032258064,61,1.8032786885245902,13,0.00909090909090909,0.11818181818181818,0.018899377888480777,0.9060282244835902,26.19047619047619
same_ren,110,21,110,30,True,/users/delfos/aina/scentree-gen-remote/scentree-gen-remote/same_ren_scentree/scenariotree_110/results_21.json,837,31,42,27.0,42,2.619047619047619,10,0.00909090909090909,0.09090909090909091,0.023215736238600734,0.9012452543297298,21.530249110320284
same_ren,110,22,110,30,True,/users/delfos/aina/scentree-gen-remote/scentree-gen-remote/same_ren_scentree/scenariotree_110/results_22.json,951,31,44,30.677419354838708,44,2.5,15,0.00909090909090909,0.13636363636363635,0.028187149589013406,0.874539882678239,17.3352435530086
same_ren,110,23,110,30,True,/users/delfos/aina/scentree-gen-remote/scentree-gen-remote/same_ren_scentree/scenariotree_110/results_23.json,1166,31,43,37.61290322580645,43,2.558139534883721,17,0.00909090909090909,0.15454545454545454,0.03076963475808349,0.8570004440114698,15.633074935400515
same_ren,110,24,110,30,True,/users/delfos/aina/scentree-gen-remote/scentree-gen-remote/same_ren_scentree/scenariotree_110/results_24.json,1378,31,51,44.45161290322581,51,2.156862745098039,7,0.00909090909090909,0.06363636363636363,0.01562945470002351,0.9336898993545864,31.185567010309278
same_ren,110,25,110,30,True,/users/delfos/aina/scentree-gen-remote/scentree-gen-remote/same_ren_scentree/scenariotree_110/results_25.json,1245,31,54,40.16129032258065,54,2.037037037037037,13,0.00909090909090909,0.11818181818181818,0.02226554291901069,0.8900327393891564,22.08029197080291
same_ren,110,26,110,30,True,/users/delfos/aina/scentree-gen-remote/scentree-gen-remote/same_ren_scentree/scenariotree_110/results_26.json,936,31,53,30.193548387096776,53,2.0754716981132075,9,0.00909090909090909,0.08181818181818182,0.017557822017522047,0.9179416908838152,28.403755868544597
same_ren,110,27,110,30,True,/users/delfos/aina/scentree-gen-remote/scentree-gen-remote/same_ren_scentree/scenariotree_110/results_27.json,1120,31,53,36.12903225806452,53,2.0754716981132075,14,0.00909090909090909,0.12727272727272726,0.022257516183895182,0.8906339103727987,22.16117216117216
same_ren,110,28,110,30,True,/users/delfos/aina/scentree-gen-remote/scentree-gen-remote/same_ren_scentree/scenariotree_110/results_28.json,1123,31,51,36.225806451612904,51,2.156862745098039,21,0.00909090909090909,0.19090909090909092,0.028542772051690684,0.869986819718461,16.35135135135135
same_ren,110,29,110,30,True,/users/delfos/aina/scentree-gen-remote/scentree-gen-remote/same_ren_scentree/scenariotree_110/results_29.json,1218,31,58,39.29032258064516,58,1.896551724137931,10,0.00909090909090909,0.09090909090909091,0.017599584761903698,0.9164145441010578,28.403755868544597
same_ren,110,3,110,30,True,/users/delfos/aina/scentree-gen-remote/scentree-gen-remote/same_ren_scentree/scenariotree_110/results_3.json,1153,31,48,37.193548387096776,48,2.2916666666666665,18,0.00909090909090909,0.16363636363636364,0.029396965636157193,0.8604485012919777,16.047745358090186
same_ren,110,30,110,30,True,/users/delfos/aina/scentree-gen-remote/scentree-gen-remote/same_ren_scentree/scenariotree_110/results_30.json,1393,31,55,44.935483870967744,55,2.0,15,0.00909090909090909,0.13636363636363635,0.023579078706920834,0.8812997184898507,20.508474576271183
same_ren,110,4,110,30,True,/users/delfos/aina/scentree-gen-remote/scentree-gen-remote/same_ren_scentree/scenariotree_110/results_4.json,1533,31,62,49.45161290322581,62,1.7741935483870968,16,0.00909090909090909,0.14545454545454545,0.020355370837628478,0.9006016954441082,23.913043478260864
same_ren,110,5,110,30,True,/users/delfos/aina/scentree-gen-remote/scentree-gen-remote/same_ren_scentree/scenariotree_110/results_5.json,967,31,52,31.193548387096776,52,2.1153846153846154,13,0.00909090909090909,0.11818181818181818,0.022027972027972027,0.8944032852833887,22.4907063197026
same_ren,110,6,110,30,True,/users/delfos/aina/scentree-gen-remote/scentree-gen-remote/same_ren_scentree/scenariotree_110/results_6.json,861,31,38,27.774193548387096,38,2.8947368421052633,14,0.00909090909090909,0.12727272727272726,0.027730564843716936,0.8899979982266649,18.005952380952376
same_ren,110,7,110,30,True,/users/delfos/aina/scentree-gen-remote/scentree-gen-remote/same_ren_scentree/scenariotree_110/results_7.json,624,31,43,20.129032258064516,43,2.558139534883721,15,0.00909090909090909,0.13636363636363635,0.0281604860668187,0.8740023828951224,17.43515850144092
same_ren,110,8,110,30,True,/users/delfos/aina/scentree-gen-remote/scentree-gen-remote/same_ren_scentree/scenariotree_110/results_8.json,1131,31,58,36.483870967741936,58,1.896551724137931,12,0.00909090909090909,0.10909090909090909,0.020445986030244924,0.8935059413052714,24.103585657370523
same_ren,110,9,110,30,True,/users/delfos/aina/scentree-gen-remote/scentree-gen-remote/same_ren_scentree/scenariotree_110/results_9.json,490,31,34,15.806451612903226,34,3.235294117647059,17,0.00909090909090909,0.15454545454545454,0.03203204092379024,0.8750259229049666,15.552699228791775
same_ren,120,1,120,30,True,/users/delfos/aina/scentree-gen-remote/scentree-gen-remote/same_ren_scentree/scenariotree_120/results_1.json,1715,31,77,55.32258064516129,77,1.5584415584415585,12,0.008333333333333333,0.1,0.013794350387813303,0.9293327874349001,36.180904522613055
same_ren,120,10,120,30,True,/users/delfos/aina/scentree-gen-remote/scentree-gen-remote/same_ren_scentree/scenariotree_120/results_10.json,1273,31,56,41.064516129032256,56,2.142857142857143,26,0.008333333333333333,0.21666666666666667,0.029438721473519617,0.8588280334386205,15.062761506276152
same_ren,120,11,120,30,True,/users/delfos/aina/scentree-gen-remote/scentree-gen-remote/same_ren_scentree/scenariotree_120/results_11.json,1358,31,51,43.806451612903224,51,2.3529411764705883,22,0.008333333333333333,0.18333333333333332,0.03421320477171049,0.8114446582099925,12.609457092819616
same_ren,120,12,120,30,True,/users/delfos/aina/scentree-gen-remote/scentree-gen-remote/same_ren_scentree/scenariotree_120/results_12.json,949,31,52,30.612903225806452,52,2.3076923076923075,19,0.008333333333333333,0.15833333333333333,0.02833231811616611,0.8437253148139716,16.400911161731212
same_ren,120,13,120,30,True,/users/delfos/aina/scentree-gen-remote/scentree-gen-remote/same_ren_scentree/scenariotree_120/results_13.json,1282,31,56,41.354838709677416,56,2.142857142857143,14,0.008333333333333333,0.11666666666666667,0.020679705673857393,0.8944274279789869,23.920265780730897
same_ren,120,14,120,30,True,/users/delfos/aina/scentree-gen-remote/scentree-gen-remote/same_ren_scentree/scenariotree_120/results_14.json,997,31,44,32.16129032258065,44,2.727272727272727,15,0.008333333333333333,0.125,0.023727969338433068,0.9004767269216305,21.05263157894737
same_ren,120,15,120,30,True,/users/delfos/aina/scentree-gen-remote/scentree-gen-remote/same_ren_scentree/scenariotree_120/results_15.json,1291,31,65,41.645161290322584,65,1.8461538461538463,11,0.008333333333333333,0.09166666666666666,0.013962003476986647,0.9349004089618038,35.64356435643565
same_ren,120,16,120,30,True,/users/delfos/aina/scentree-gen-remote/scentree-gen-remote/same_ren_scentree/scenariotree_120/results_16.json,981,31,42,31.64516129032258,42,2.857142857142857,14,0.008333333333333333,0.11666666666666667,0.024300493479991844,0.8969681768699735,20.57142857142857
same_ren,120,17,120,30,True,/users/delfos/aina/scentree-gen-remote/scentree-gen-remote/same_ren_scentree/scenariotree_120/results_17.json,1759,31,72,56.74193548387097,72,1.6666666666666667,15,0.008333333333333333,0.125,0.015087195126666965,0.9310346281737246,33.027522935779814
same_ren,120,18,120,30,True,/users/delfos/aina/scentree-gen-remote/scentree-gen-remote/same_ren_scentree/scenariotree_120/results_18.json,1094,31,59,35.29032258064516,59,2.0338983050847457,22,0.008333333333333333,0.18333333333333332,0.025021934901444685,0.8779874647832948,18.55670103092784
same_ren,120,19,120,30,True,/users/delfos/aina/scentree-gen-remote/scentree-gen-remote/same_ren_scentree/scenariotree_120/results_19.json,911,31,48,29.387096774193548,48,2.5,16,0.008333333333333333,0.13333333333333333,0.0257974661402871,0.8765353298349333,18.94736842105263
same_ren,120,2,120,30,True,/users/delfos/aina/scentree-gen-remote/scentree-gen-remote/same_ren_scentree/scenariotree_120/results_2.json,1105,31,60,35.645161290322584,60,2.0,9,0.008333333333333333,0.075,0.01694216742441879,0.9105011491709795,29.508196721311492
same_ren,120,20,120,30,True,/users/delfos/aina/scentree-gen-remote/scentree-gen-remote/same_ren_scentree/scenariotree_120/results_20.json,637,31,42,20.548387096774192,42,2.857142857142857,12,0.008333333333333333,0.1,0.021406514221049486,0.9122702777211228,23.2258064516129
same_ren,120,21,120,30,True,/users/delfos/aina/scentree-gen-remote/scentree-gen-remote/same_ren_scentree/scenariotree_120/results_21.json,1258,31,56,40.58064516129032,56,2.142857142857143,13,0.008333333333333333,0.10833333333333334,0.01950710667639755,0.9071521804971685,25.531914893617014
same_ren,120,22,120,30,True,/users/delfos/aina/scentree-gen-remote/scentree-gen-remote/same_ren_scentree/scenariotree_120/results_22.json,1148,31,55,37.03225806451613,55,2.1818181818181817,13,0.008333333333333333,0.10833333333333334,0.020479782411034198,0.8994582756443945,24.242424242424246
same_ren,120,23,120,30,True,/users/delfos/aina/scentree-gen-remote/scentree-gen-remote/same_ren_scentree/scenariotree_120/results_23.json,1091,31,52,35.193548387096776,52,2.3076923076923075,11,0.008333333333333333,0.09166666666666666,0.020899795367821928,0.897844002895034,23.84105960264901
same_ren,120,24,120,30,True,/users/delfos/aina/scentree-gen-remote/scentree-gen-remote/same_ren_scentree/scenariotree_120/results_24.json,1252,31,63,40.38709677419355,63,1.9047619047619047,22,0.008333333333333333,0.18333333333333332,0.02878010216582341,0.8462450184524534,14.693877551020416
same_ren,120,25,120,30,True,/users/delfos/aina/scentree-gen-remote/scentree-gen-remote/same_ren_scentree/scenariotree_120/results_25.json,886,31,46,28.580645161290324,46,2.608695652173913,25,0.008333333333333333,0.20833333333333334,0.03312791145119554,0.850692677680745,13.846153846153847
same_ren,120,26,120,30,True,/users/delfos/aina/scentree-gen-remote/scentree-gen-remote/same_ren_scentree/scenariotree_120/results_26.json,896,31,55,28.903225806451612,55,2.1818181818181817,17,0.008333333333333333,0.14166666666666666,0.02167778905027808,0.8969792619430623,22.71293375394323
same_ren,120,27,120,30,True,/users/delfos/aina/scentree-gen-remote/scentree-gen-remote/same_ren_scentree/scenariotree_120/results_27.json,729,31,56,23.516129032258064,56,2.142857142857143,13,0.008333333333333333,0.10833333333333334,0.018461979070560505,0.9098518865329892,27.06766917293233
same_ren,120,28,120,30,True,/users/delfos/aina/scentree-gen-remote/scentree-gen-remote/same_ren_scentree/scenariotree_120/results_28.json,1269,31,59,40.935483870967744,59,2.0338983050847457,13,0.008333333333333333,0.10833333333333334,0.02136833406675417,0.8864400788552897,22.784810126582283
same_ren,120,29,120,30,True,/users/delfos/aina/scentree-gen-remote/scentree-gen-remote/same_ren_scentree/scenariotree_120/results_29.json,1204,31,49,38.83870967741935,49,2.4489795918367347,17,0.008333333333333333,0.14166666666666666,0.023633949341551306,0.8938967776867243,20.930232558139537
same_ren,120,3,120,30,True,/users/delfos/aina/scentree-gen-remote/scentree-gen-remote/same_ren_scentree/scenariotree_120/results_3.json,1000,31,49,32.25806451612903,49,2.4489795918367347,19,0.008333333333333333,0.15833333333333333,0.025257249273111525,0.8870131663006083,19.35483870967742
same_ren,120,30,120,30,True,/users/delfos/aina/scentree-gen-remote/scentree-gen-remote/same_ren_scentree/scenariotree_120/results_30.json,1220,31,70,39.354838709677416,70,1.7142857142857142,9,0.008333333333333333,0.075,0.011712737024998901,0.9449707298177731,41.860465116279066
same_ren,120,4,120,30,True,/users/delfos/aina/scentree-gen-remote/scentree-gen-remote/same_ren_scentree/scenariotree_120/results_4.json,1428,31,51,46.064516129032256,51,2.3529411764705883,15,0.008333333333333333,0.125,0.025017615221735297,0.8729856291792948,19.407008086253374
same_ren,120,5,120,30,True,/users/delfos/aina/scentree-gen-remote/scentree-gen-remote/same_ren_scentree/scenariotree_120/results_5.json,1079,31,51,34.806451612903224,51,2.3529411764705883,14,0.008333333333333333,0.11666666666666667,0.023904284980856096,0.8834343348250044,20.51282051282051
same_ren,120,6,120,30,True,/users/delfos/aina/scentree-gen-remote/scentree-gen-remote/same_ren_scentree/scenariotree_120/results_6.json,838,31,44,27.032258064516128,44,2.727272727272727,17,0.008333333333333333,0.14166666666666666,0.02822414546999569,0.8670660273026489,17.30769230769231
same_ren,120,7,120,30,True,/users/delfos/aina/scentree-gen-remote/scentree-gen-remote/same_ren_scentree/scenariotree_120/results_7.json,1453,31,60,46.87096774193548,60,2.0,11,0.008333333333333333,0.09166666666666666,0.018819316317727024,0.897041677462173,26.373626373626376
same_ren,120,8,120,30,True,/users/delfos/aina/scentree-gen-remote/scentree-gen-remote/same_ren_scentree/scenariotree_120/results_8.json,1601,31,65,51.645161290322584,65,1.8461538461538463,18,0.008333333333333333,0.15,0.020214172126668973,0.9027595059861423,23.84105960264901
same_ren,120,9,120,30,True,/users/delfos/aina/scentree-gen-remote/scentree-gen-remote/same_ren_scentree/scenariotree_120/results_9.json,1376,31,60,44.38709677419355,60,2.0,13,0.008333333333333333,0.10833333333333334,0.019720265943665386,0.8981800274315135,25.000000000000004
same_ren,130,1,130,30,True,/users/delfos/aina/scentree-gen-remote/scentree-gen-remote/same_ren_scentree/scenariotree_130/results_1.json,724,31,54,23.35483870967742,54,2.4074074074074074,23,0.007692307692307693,0.17692307692307693,0.029552826164991313,0.8380353265948829,15.225225225225223
same_ren,130,10,130,30,True,/users/delfos/aina/scentree-gen-remote/scentree-gen-remote/same_ren_scentree/scenariotree_130/results_10.json,1233,31,64,39.774193548387096,64,2.03125,21,0.007692307692307693,0.16153846153846155,0.025619858049553867,0.8589253324328706,17.351129363449687
same_ren,130,11,130,30,True,/users/delfos/aina/scentree-gen-remote/scentree-gen-remote/same_ren_scentree/scenariotree_130/results_11.json,1519,31,63,49.0,63,2.0634920634920637,11,0.007692307692307693,0.08461538461538462,0.01626729254514558,0.9133039533346163,30.72727272727274
same_ren,130,12,130,30,True,/users/delfos/aina/scentree-gen-remote/scentree-gen-remote/same_ren_scentree/scenariotree_130/results_12.json,1177,31,48,37.96774193548387,48,2.7083333333333335,17,0.007692307692307693,0.13076923076923078,0.02370711810926583,0.887736713937162,20.915841584158414
same_ren,130,13,130,30,True,/users/delfos/aina/scentree-gen-remote/scentree-gen-remote/same_ren_scentree/scenariotree_130/results_13.json,1339,31,53,43.193548387096776,53,2.452830188679245,19,0.007692307692307693,0.14615384615384616,0.02489527188688385,0.8725348996989297,19.33638443935927
same_ren,130,14,130,30,True,/users/delfos/aina/scentree-gen-remote/scentree-gen-remote/same_ren_scentree/scenariotree_130/results_14.json,1285,31,54,41.45161290322581,54,2.4074074074074074,21,0.007692307692307693,0.16153846153846155,0.03190628805488687,0.8226825794296787,13.607085346215783
same_ren,130,15,130,30,True,/users/delfos/aina/scentree-gen-remote/scentree-gen-remote/same_ren_scentree/scenariotree_130/results_15.json,1390,31,67,44.83870967741935,67,1.9402985074626866,23,0.007692307692307693,0.17692307692307693,0.023129698436742816,0.8748891039667269,19.696969696969695
same_ren,130,16,130,30,True,/users/delfos/aina/scentree-gen-remote/scentree-gen-remote/same_ren_scentree/scenariotree_130/results_16.json,1442,31,65,46.516129032258064,65,2.0,13,0.007692307692307693,0.1,0.015965369897316027,0.9200094558062802,31.29629629629629
same_ren,130,17,130,30,True,/users/delfos/aina/scentree-gen-remote/scentree-gen-remote/same_ren_scentree/scenariotree_130/results_17.json,1363,31,68,43.96774193548387,68,1.911764705882353,12,0.007692307692307693,0.09230769230769231,0.015026099472688082,0.924069125863693,33.26771653543306
same_ren,130,18,130,30,True,/users/delfos/aina/scentree-gen-remote/scentree-gen-remote/same_ren_scentree/scenariotree_130/results_18.json,956,31,66,30.838709677419356,66,1.9696969696969697,10,0.007692307692307693,0.07692307692307693,0.014909306660090799,0.9224764339095415,33.53174603174603
same_ren,130,19,130,30,True,/users/delfos/aina/scentree-gen-remote/scentree-gen-remote/same_ren_scentree/scenariotree_130/results_19.json,1060,31,71,34.193548387096776,71,1.8309859154929577,29,0.007692307692307693,0.2230769230769231,0.02680242010152326,0.8565305113828825,15.363636363636367
same_ren,130,2,130,30,True,/users/delfos/aina/scentree-gen-remote/scentree-gen-remote/same_ren_scentree/scenariotree_130/results_2.json,1247,31,49,40.225806451612904,49,2.6530612244897958,20,0.007692307692307693,0.15384615384615385,0.028552445951371196,0.8543509263630368,16.568627450980394
same_ren,130,20,130,30,True,/users/delfos/aina/scentree-gen-remote/scentree-gen-remote/same_ren_scentree/scenariotree_130/results_20.json,1406,31,54,45.354838709677416,54,2.4074074074074074,35,0.007692307692307693,0.2692307692307692,0.03675765766081187,0.8189330378742412,10.931435963777494
same_ren,130,21,130,30,True,/users/delfos/aina/scentree-gen-remote/scentree-gen-remote/same_ren_scentree/scenariotree_130/results_21.json,1558,31,69,50.25806451612903,69,1.8840579710144927,8,0.007692307692307693,0.06153846153846154,0.013892911999709592,0.922809861795519,35.95744680851063
same_ren,130,22,130,30,True,/users/delfos/aina/scentree-gen-remote/scentree-gen-remote/same_ren_scentree/scenariotree_130/results_22.json,1306,31,66,42.12903225806452,66,1.9696969696969697,16,0.007692307692307693,0.12307692307692308,0.01995016639699731,0.8901886529751458,24.142857142857146
same_ren,130,23,130,30,True,/users/delfos/aina/scentree-gen-remote/scentree-gen-remote/same_ren_scentree/scenariotree_130/results_23.json,1297,31,59,41.83870967741935,59,2.2033898305084745,29,0.007692307692307693,0.2230769230769231,0.02996938433847143,0.8489880973261915,14.297800338409477
same_ren,130,24,130,30,True,/users/delfos/aina/scentree-gen-remote/scentree-gen-remote/same_ren_scentree/scenariotree_130/results_24.json,1155,31,57,37.25806451612903,57,2.280701754385965,19,0.007692307692307693,0.14615384615384616,0.026125823916459415,0.8555718791628724,17.71488469601677
same_ren,130,25,130,30,True,/users/delfos/aina/scentree-gen-remote/scentree-gen-remote/same_ren_scentree/scenariotree_130/results_25.json,1388,31,60,44.774193548387096,60,2.1666666666666665,16,0.007692307692307693,0.12307692307692308,0.021352986509458338,0.8885925484617031,22.71505376344086
same_ren,130,26,130,30,True,/users/delfos/aina/scentree-gen-remote/scentree-gen-remote/same_ren_scentree/scenariotree_130/results_26.json,1375,31,48,44.354838709677416,48,2.7083333333333335,26,0.007692307692307693,0.2,0.03396679886857225,0.8237783625985338,13.121118012422357
same_ren,130,27,130,30,True,/users/delfos/aina/scentree-gen-remote/scentree-gen-remote/same_ren_scentree/scenariotree_130/results_27.json,1026,31,53,33.096774193548384,53,2.452830188679245,12,0.007692307692307693,0.09230769230769231,0.018274697844326677,0.9143019471179985,27.34627831715211
same_ren,130,28,130,30,True,/users/delfos/aina/scentree-gen-remote/scentree-gen-remote/same_ren_scentree/scenariotree_130/results_28.json,1286,31,75,41.483870967741936,75,1.7333333333333334,9,0.007692307692307693,0.06923076923076923,0.012070361329169046,0.9349572136487051,41.21951219512194
same_ren,130,29,130,30,True,/users/delfos/aina/scentree-gen-remote/scentree-gen-remote/same_ren_scentree/scenariotree_130/results_29.json,1208,31,50,38.96774193548387,50,2.6,17,0.007692307692307693,0.13076923076923078,0.026017745423519634,0.8620583379839486,18.571428571428573
same_ren,130,3,130,30,True,/users/delfos/aina/scentree-gen-remote/scentree-gen-remote/same_ren_scentree/scenariotree_130/results_3.json,1400,31,54,45.16129032258065,54,2.4074074074074074,16,0.007692307692307693,0.12307692307692308,0.019890039516475284,0.9057108441429793,25.074183976261132
same_ren,130,30,130,30,True,/users/delfos/aina/scentree-gen-remote/scentree-gen-remote/same_ren_scentree/scenariotree_130/results_30.json,1411,31,57,45.516129032258064,57,2.280701754385965,13,0.007692307692307693,0.1,0.01757393871166632,0.9133398733437876,28.451178451178453
same_ren,130,4,130,30,True,/users/delfos/aina/scentree-gen-remote/scentree-gen-remote/same_ren_scentree/scenariotree_130/results_4.json,1434,31,64,46.25806451612903,64,2.03125,14,0.007692307692307693,0.1076923076923077,0.018038458975725587,0.9032045180887456,27.435064935064933
same_ren,130,5,130,30,True,/users/delfos/aina/scentree-gen-remote/scentree-gen-remote/same_ren_scentree/scenariotree_130/results_5.json,1243,31,54,40.096774193548384,54,2.4074074074074074,29,0.007692307692307693,0.2230769230769231,0.03258591767164152,0.8343036102291809,13.182527301092044
same_ren,130,6,130,30,True,/users/delfos/aina/scentree-gen-remote/scentree-gen-remote/same_ren_scentree/scenariotree_130/results_6.json,1654,31,63,53.354838709677416,63,2.0634920634920637,12,0.007692307692307693,0.09230769230769231,0.017220879328218787,0.9081751061212402,28.93835616438356
same_ren,130,7,130,30,True,/users/delfos/aina/scentree-gen-remote/scentree-gen-remote/same_ren_scentree/scenariotree_130/results_7.json,1235,31,58,39.83870967741935,58,2.2413793103448274,24,0.007692307692307693,0.18461538461538463,0.02603931643619638,0.8678057291792155,17.67782426778243
same_ren,130,8,130,30,True,/users/delfos/aina/scentree-gen-remote/scentree-gen-remote/same_ren_scentree/scenariotree_130/results_8.json,1202,31,49,38.774193548387096,49,2.6530612244897958,23,0.007692307692307693,0.17692307692307693,0.030396129623208895,0.8544781668372915,15.225225225225223
same_ren,130,9,130,30,True,/users/delfos/aina/scentree-gen-remote/scentree-gen-remote/same_ren_scentree/scenariotree_130/results_9.json,1301,31,61,41.96774193548387,61,2.1311475409836067,14,0.007692307692307693,0.1076923076923077,0.01881520272019436,0.897788858933571,26.32398753894081
same_ren,140,1,140,30,True,/users/delfos/aina/scentree-gen-remote/scentree-gen-remote/same_ren_scentree/scenariotree_140/results_1.json,1432,31,74,46.193548387096776,74,1.8918918918918919,15,0.007142857142857143,0.10714285714285714,0.016252946084825626,0.905535983745849,30.24691358024691
same_ren,140,10,140,30,True,/users/delfos/aina/scentree-gen-remote/scentree-gen-remote/same_ren_scentree/scenariotree_140/results_10.json,1546,31,69,49.87096774193548,69,2.028985507246377,17,0.007142857142857143,0.12142857142857143,0.01819945259262845,0.8941152647444642,26.775956284153008
same_ren,140,11,140,30,True,/users/delfos/aina/scentree-gen-remote/scentree-gen-remote/same_ren_scentree/scenariotree_140/results_11.json,1323,31,68,42.67741935483871,68,2.0588235294117645,15,0.007142857142857143,0.10714285714285714,0.016968756727990482,0.9092784613423049,29.16666666666666
same_ren,140,12,140,30,True,/users/delfos/aina/scentree-gen-remote/scentree-gen-remote/same_ren_scentree/scenariotree_140/results_12.json,1713,31,74,55.25806451612903,74,1.8918918918918919,11,0.007142857142857143,0.07857142857142857,0.013314866486888325,0.9260891995475364,37.547892720306514
same_ren,140,13,140,30,True,/users/delfos/aina/scentree-gen-remote/scentree-gen-remote/same_ren_scentree/scenariotree_140/results_13.json,1487,31,64,47.96774193548387,64,2.1875,12,0.007142857142857143,0.08571428571428572,0.017806848817124223,0.8970277155785232,27.84090909090909
same_ren,140,14,140,30,True,/users/delfos/aina/scentree-gen-remote/scentree-gen-remote/same_ren_scentree/scenariotree_140/results_14.json,1210,31,64,39.03225806451613,64,2.1875,14,0.007142857142857143,0.1,0.017762023450069428,0.9038986122385638,27.920227920227916
same_ren,140,15,140,30,True,/users/delfos/aina/scentree-gen-remote/scentree-gen-remote/same_ren_scentree/scenariotree_140/results_15.json,1658,31,64,53.483870967741936,64,2.1875,23,0.007142857142857143,0.16428571428571428,0.022299095970968175,0.8793544905308334,21.0752688172043
same_ren,140,16,140,30,True,/users/delfos/aina/scentree-gen-remote/scentree-gen-remote/same_ren_scentree/scenariotree_140/results_16.json,1529,31,59,49.32258064516129,59,2.3728813559322033,19,0.007142857142857143,0.1357142857142857,0.021685238675600384,0.8828711781799295,22.374429223744293
same_ren,140,17,140,30,True,/users/delfos/aina/scentree-gen-remote/scentree-gen-remote/same_ren_scentree/scenariotree_140/results_17.json,1159,31,53,37.38709677419355,53,2.641509433962264,14,0.007142857142857143,0.1,0.02118433770687716,0.8944901835403587,23.44497607655502
same_ren,140,18,140,30,True,/users/delfos/aina/scentree-gen-remote/scentree-gen-remote/same_ren_scentree/scenariotree_140/results_18.json,1639,31,57,52.87096774193548,57,2.456140350877193,23,0.007142857142857143,0.16428571428571428,0.023331166160876247,0.8832592018584181,20.588235294117645
same_ren,140,19,140,30,True,/users/delfos/aina/scentree-gen-remote/scentree-gen-remote/same_ren_scentree/scenariotree_140/results_19.json,1279,31,57,41.25806451612903,57,2.456140350877193,9,0.007142857142857143,0.06428571428571428,0.01660767444313716,0.9111049377571445,30.06134969325153
same_ren,140,2,140,30,True,/users/delfos/aina/scentree-gen-remote/scentree-gen-remote/same_ren_scentree/scenariotree_140/results_2.json,1494,31,58,48.193548387096776,58,2.413793103448276,14,0.007142857142857143,0.1,0.022156538072954698,0.8697335856613275,21.874999999999993
same_ren,140,20,140,30,True,/users/delfos/aina/scentree-gen-remote/scentree-gen-remote/same_ren_scentree/scenariotree_140/results_20.json,1226,31,56,39.54838709677419,56,2.5,26,0.007142857142857143,0.18571428571428572,0.03377381461925585,0.7999296995790758,12.234706616729087
same_ren,140,21,140,30,True,/users/delfos/aina/scentree-gen-remote/scentree-gen-remote/same_ren_scentree/scenariotree_140/results_21.json,949,31,47,30.612903225806452,47,2.978723404255319,11,0.007142857142857143,0.07857142857142857,0.019069163697699846,0.9110958750665887,26.06382978723404
same_ren,140,22,140,30,True,/users/delfos/aina/scentree-gen-remote/scentree-gen-remote/same_ren_scentree/scenariotree_140/results_22.json,1237,31,57,39.903225806451616,57,2.456140350877193,17,0.007142857142857143,0.12142857142857143,0.022391488565606063,0.8761698649157297,21.681415929203542
same_ren,140,23,140,30,True,/users/delfos/aina/scentree-gen-remote/scentree-gen-remote/same_ren_scentree/scenariotree_140/results_23.json,1766,31,74,56.96774193548387,74,1.8918918918918919,14,0.007142857142857143,0.1,0.01560366326158287,0.9080103611932857,31.715210355987043
same_ren,140,24,140,30,True,/users/delfos/aina/scentree-gen-remote/scentree-gen-remote/same_ren_scentree/scenariotree_140/results_24.json,1136,31,53,36.645161290322584,53,2.641509433962264,13,0.007142857142857143,0.09285714285714286,0.020255127638548996,0.8947690869923415,24.623115577889443
same_ren,140,25,140,30,True,/users/delfos/aina/scentree-gen-remote/scentree-gen-remote/same_ren_scentree/scenariotree_140/results_25.json,1143,31,50,36.87096774193548,50,2.8,17,0.007142857142857143,0.12142857142857143,0.024453203955176698,0.8761589937906413,20.040899795501023
same_ren,140,26,140,30,True,/users/delfos/aina/scentree-gen-remote/scentree-gen-remote/same_ren_scentree/scenariotree_140/results_26.json,998,31,56,32.193548387096776,56,2.5,15,0.007142857142857143,0.10714285714285714,0.022788481055231933,0.8734711748124034,21.304347826086957
same_ren,140,27,140,30,True,/users/delfos/aina/scentree-gen-remote/scentree-gen-remote/same_ren_scentree/scenariotree_140/results_27.json,1067,31,65,34.41935483870968,65,2.1538461538461537,24,0.007142857142857143,0.17142857142857143,0.025439026410743047,0.8597269965020835,17.406749555950267
same_ren,140,28,140,30,True,/users/delfos/aina/scentree-gen-remote/scentree-gen-remote/same_ren_scentree/scenariotree_140/results_28.json,1455,31,72,46.935483870967744,72,1.9444444444444444,20,0.007142857142857143,0.14285714285714285,0.020304125088041317,0.8798663765337847,22.95081967213115
same_ren,140,29,140,30,True,/users/delfos/aina/scentree-gen-remote/scentree-gen-remote/same_ren_scentree/scenariotree_140/results_29.json,1434,31,54,46.25806451612903,54,2.5925925925925926,16,0.007142857142857143,0.11428571428571428,0.02371084784630336,0.8691540311948445,20.45929018789144
same_ren,140,3,140,30,True,/users/delfos/aina/scentree-gen-remote/scentree-gen-remote/same_ren_scentree/scenariotree_140/results_3.json,1269,31,63,40.935483870967744,63,2.2222222222222223,15,0.007142857142857143,0.10714285714285714,0.016615297144419377,0.9117390648743224,30.06134969325153
same_ren,140,30,140,30,True,/users/delfos/aina/scentree-gen-remote/scentree-gen-remote/same_ren_scentree/scenariotree_140/results_30.json,1565,31,74,50.483870967741936,74,1.8918918918918919,9,0.007142857142857143,0.06428571428571428,0.014313080331320447,0.9147474429747499,34.87544483985766
same_ren,140,4,140,30,True,/users/delfos/aina/scentree-gen-remote/scentree-gen-remote/same_ren_scentree/scenariotree_140/results_4.json,1420,31,70,45.806451612903224,70,2.0,9,0.007142857142857143,0.06428571428571428,0.01339030587944837,0.9243407965738948,37.26235741444867
same_ren,140,5,140,30,True,/users/delfos/aina/scentree-gen-remote/scentree-gen-remote/same_ren_scentree/scenariotree_140/results_5.json,1424,31,59,45.935483870967744,59,2.3728813559322033,16,0.007142857142857143,0.11428571428571428,0.02006984970846958,0.8921454897211097,24.561403508771928
same_ren,140,6,140,30,True,/users/delfos/aina/scentree-gen-remote/scentree-gen-remote/same_ren_scentree/scenariotree_140/results_6.json,1093,31,61,35.25806451612903,61,2.2950819672131146,16,0.007142857142857143,0.11428571428571428,0.01637754331036988,0.9234785344823992,30.52959501557632
same_ren,140,7,140,30,True,/users/delfos/aina/scentree-gen-remote/scentree-gen-remote/same_ren_scentree/scenariotree_140/results_7.json,1583,31,72,51.064516129032256,72,1.9444444444444444,17,0.007142857142857143,0.12142857142857143,0.01915479108912249,0.8859055546998132,24.810126582278475
same_ren,140,8,140,30,True,/users/delfos/aina/scentree-gen-remote/scentree-gen-remote/same_ren_scentree/scenariotree_140/results_8.json,1557,31,59,50.225806451612904,59,2.3728813559322033,14,0.007142857142857143,0.1,0.019545966412100404,0.8885351411910654,25.32299741602067
same_ren,140,9,140,30,True,/users/delfos/aina/scentree-gen-remote/scentree-gen-remote/same_ren_scentree/scenariotree_140/results_9.json,1187,31,57,38.29032258064516,57,2.456140350877193,14,0.007142857142857143,0.1,0.020730923032491445,0.8854212319678042,23.78640776699029
same_ren,150,1,150,30,True,/users/delfos/aina/scentree-gen-remote/scentree-gen-remote/same_ren_scentree/scenariotree_150/results_1.json,1424,31,64,45.935483870967744,64,2.34375,20,0.006666666666666667,0.13333333333333333,0.019551170396906906,0.8937843902508463,24.944567627494454
same_ren,150,10,150,30,True,/users/delfos/aina/scentree-gen-remote/scentree-gen-remote/same_ren_scentree/scenariotree_150/results_10.json,1163,31,59,37.516129032258064,59,2.542372881355932,26,0.006666666666666667,0.17333333333333334,0.02604709725048751,0.8515452550307621,17.55070202808112
same_ren,150,11,150,30,True,/users/delfos/aina/scentree-gen-remote/scentree-gen-remote/same_ren_scentree/scenariotree_150/results_11.json,1693,31,67,54.61290322580645,67,2.2388059701492535,34,0.006666666666666667,0.22666666666666666,0.028215930065087082,0.8451038182739453,14.648437500000002
same_ren,150,12,150,30,True,/users/delfos/aina/scentree-gen-remote/scentree-gen-remote/same_ren_scentree/scenariotree_150/results_12.json,1225,31,64,39.516129032258064,64,2.34375,22,0.006666666666666667,0.14666666666666667,0.020723669706669015,0.892555101864503,23.195876288659793
same_ren,150,13,150,30,True,/users/delfos/aina/scentree-gen-remote/scentree-gen-remote/same_ren_scentree/scenariotree_150/results_13.json,1599,31,74,51.58064516129032,74,2.027027027027027,19,0.006666666666666667,0.12666666666666668,0.018566428839370673,0.8867571517135445,25.626423690205012
same_ren,150,14,150,30,True,/users/delfos/aina/scentree-gen-remote/scentree-gen-remote/same_ren_scentree/scenariotree_150/results_14.json,1290,31,63,41.61290322580645,63,2.380952380952381,18,0.006666666666666667,0.12,0.0214279835310301,0.8719155077464711,22.321428571428577
same_ren,150,15,150,30,True,/users/delfos/aina/scentree-gen-remote/scentree-gen-remote/same_ren_scentree/scenariotree_150/results_15.json,1365,31,65,44.03225806451613,65,2.3076923076923075,18,0.006666666666666667,0.12,0.02071947189120325,0.8728784366591398,23.100616016427107
same_ren,150,16,150,30,True,/users/delfos/aina/scentree-gen-remote/scentree-gen-remote/same_ren_scentree/scenariotree_150/results_16.json,1481,31,73,47.774193548387096,73,2.0547945205479454,12,0.006666666666666667,0.08,0.014126646602863568,0.9183467549615253,35.37735849056604
same_ren,150,17,150,30,True,/users/delfos/aina/scentree-gen-remote/scentree-gen-remote/same_ren_scentree/scenariotree_150/results_17.json,1930,31,77,62.25806451612903,77,1.948051948051948,23,0.006666666666666667,0.15333333333333332,0.018198714062561006,0.9009472549907165,25.98152424942263
same_ren,150,18,150,30,True,/users/delfos/aina/scentree-gen-remote/scentree-gen-remote/same_ren_scentree/scenariotree_150/results_18.json,1021,31,50,32.935483870967744,50,3.0,17,0.006666666666666667,0.11333333333333333,0.02462158041682585,0.8701309637151539,19.87632508833922
same_ren,150,19,150,30,True,/users/delfos/aina/scentree-gen-remote/scentree-gen-remote/same_ren_scentree/scenariotree_150/results_19.json,1148,31,61,37.03225806451613,61,2.459016393442623,20,0.006666666666666667,0.13333333333333333,0.02370350463252626,0.8646997415068328,19.736842105263158
same_ren,150,2,150,30,True,/users/delfos/aina/scentree-gen-remote/scentree-gen-remote/same_ren_scentree/scenariotree_150/results_2.json,1304,31,75,42.064516129032256,75,2.0,30,0.006666666666666667,0.2,0.023876224033001412,0.8641855278584071,17.828843106180663
same_ren,150,20,150,30,True,/users/delfos/aina/scentree-gen-remote/scentree-gen-remote/same_ren_scentree/scenariotree_150/results_20.json,1646,31,60,53.096774193548384,60,2.5,15,0.006666666666666667,0.1,0.020493901531919198,0.8791781748172509,23.885350318471335
same_ren,150,21,150,30,True,/users/delfos/aina/scentree-gen-remote/scentree-gen-remote/same_ren_scentree/scenariotree_150/results_21.json,1108,31,55,35.74193548387097,55,2.727272727272727,15,0.006666666666666667,0.1,0.022072590817144314,0.87772329247786,22.233201581027664
same_ren,150,22,150,30,True,/users/delfos/aina/scentree-gen-remote/scentree-gen-remote/same_ren_scentree/scenariotree_150/results_22.json,1265,31,70,40.806451612903224,70,2.142857142857143,19,0.006666666666666667,0.12666666666666668,0.01903332797216885,0.8827839588360048,25.22421524663677
same_ren,150,23,150,30,True,/users/delfos/aina/scentree-gen-remote/scentree-gen-remote/same_ren_scentree/scenariotree_150/results_23.json,1523,31,77,49.12903225806452,77,1.948051948051948,27,0.006666666666666667,0.18,0.026815517548793338,0.8314519397245903,14.629388816644992
same_ren,150,24,150,30,True,/users/delfos/aina/scentree-gen-remote/scentree-gen-remote/same_ren_scentree/scenariotree_150/results_24.json,1003,31,53,32.354838709677416,53,2.830188679245283,17,0.006666666666666667,0.11333333333333333,0.02401033491861697,0.8655395180640981,20.23381294964029
same_ren,150,25,150,30,True,/users/delfos/aina/scentree-gen-remote/scentree-gen-remote/same_ren_scentree/scenariotree_150/results_25.json,1528,31,65,49.29032258064516,65,2.3076923076923075,15,0.006666666666666667,0.1,0.018780716676132597,0.8860284453365366,26.10208816705336
same_ren,150,26,150,30,True,/users/delfos/aina/scentree-gen-remote/scentree-gen-remote/same_ren_scentree/scenariotree_150/results_26.json,1490,31,66,48.064516129032256,66,2.272727272727273,26,0.006666666666666667,0.17333333333333334,0.023022327167542524,0.8721468084127358,19.9468085106383
same_ren,150,27,150,30,True,/users/delfos/aina/scentree-gen-remote/scentree-gen-remote/same_ren_scentree/scenariotree_150/results_27.json,1274,31,67,41.096774193548384,67,2.2388059701492535,21,0.006666666666666667,0.14,0.02212851209969489,0.8654980729980853,20.94972067039106
same_ren,150,28,150,30,True,/users/delfos/aina/scentree-gen-remote/scentree-gen-remote/same_ren_scentree/scenariotree_150/results_28.json,1599,31,67,51.58064516129032,67,2.2388059701492535,23,0.006666666666666667,0.15333333333333332,0.023887229593032692,0.8562837374147876,18.812709030100336
same_ren,150,29,150,30,True,/users/delfos/aina/scentree-gen-remote/scentree-gen-remote/same_ren_scentree/scenariotree_150/results_29.json,1425,31,62,45.96774193548387,62,2.4193548387096775,15,0.006666666666666667,0.1,0.020584588559411376,0.8784995495954734,23.584905660377363
same_ren,150,3,150,30,True,/users/delfos/aina/scentree-gen-remote/scentree-gen-remote/same_ren_scentree/scenariotree_150/results_3.json,1551,31,67,50.03225806451613,67,2.2388059701492535,32,0.006666666666666667,0.21333333333333335,0.026842444353870266,0.8537357620487507,15.822784810126581
same_ren,150,30,150,30,True,/users/delfos/aina/scentree-gen-remote/scentree-gen-remote/same_ren_scentree/scenariotree_150/results_30.json,1338,31,67,43.16129032258065,67,2.2388059701492535,25,0.006666666666666667,0.16666666666666666,0.025809341829848315,0.8438524018208196,16.791044776119403
same_ren,150,4,150,30,True,/users/delfos/aina/scentree-gen-remote/scentree-gen-remote/same_ren_scentree/scenariotree_150/results_4.json,1615,31,65,52.096774193548384,65,2.3076923076923075,37,0.006666666666666667,0.24666666666666667,0.030582338390536253,0.8367500049168546,13.127187864644105
same_ren,150,5,150,30,True,/users/delfos/aina/scentree-gen-remote/scentree-gen-remote/same_ren_scentree/scenariotree_150/results_5.json,1368,31,63,44.12903225806452,63,2.380952380952381,20,0.006666666666666667,0.13333333333333333,0.022235823502015823,0.8706879688082708,21.266540642722116
same_ren,150,6,150,30,True,/users/delfos/aina/scentree-gen-remote/scentree-gen-remote/same_ren_scentree/scenariotree_150/results_6.json,1404,31,69,45.29032258064516,69,2.1739130434782608,12,0.006666666666666667,0.08,0.014399701273477358,0.9200359444409584,34.72222222222222
same_ren,150,7,150,30,True,/users/delfos/aina/scentree-gen-remote/scentree-gen-remote/same_ren_scentree/scenariotree_150/results_7.json,1093,31,52,35.25806451612903,52,2.8846153846153846,27,0.006666666666666667,0.18,0.027507694219774687,0.8616197372574591,17.071320182094084
same_ren,150,8,150,30,True,/users/delfos/aina/scentree-gen-remote/scentree-gen-remote/same_ren_scentree/scenariotree_150/results_8.json,1040,31,57,33.54838709677419,57,2.6315789473684212,22,0.006666666666666667,0.14666666666666667,0.02585403860518943,0.847483519983817,17.971246006389777
same_ren,150,9,150,30,True,/users/delfos/aina/scentree-gen-remote/scentree-gen-remote/same_ren_scentree/scenariotree_150/results_9.json,1705,31,83,55.0,83,1.8072289156626506,21,0.006666666666666667,0.14,0.01739247960472738,0.8958760704861788,26.913875598086122
same_ren,160,1,160,30,True,/users/delfos/aina/scentree-gen-remote/scentree-gen-remote/same_ren_scentree/scenariotree_160/results_1.json,1312,31,56,42.32258064516129,56,2.857142857142857,20,0.00625,0.125,0.02270211095551986,0.8723145324298359,21.40468227424749
same_ren,160,10,160,30,True,/users/delfos/aina/scentree-gen-remote/scentree-gen-remote/same_ren_scentree/scenariotree_160/results_10.json,1452,31,72,46.83870967741935,72,2.2222222222222223,17,0.00625,0.10625,0.01637843946537605,0.9020536093356067,30.117647058823536
same_ren,160,11,160,30,True,/users/delfos/aina/scentree-gen-remote/scentree-gen-remote/same_ren_scentree/scenariotree_160/results_11.json,1690,31,91,54.516129032258064,91,1.7582417582417582,9,0.00625,0.05625,0.009094506258000063,0.9452480642096226,54.008438818565395
same_ren,160,12,160,30,True,/users/delfos/aina/scentree-gen-remote/scentree-gen-remote/same_ren_scentree/scenariotree_160/results_12.json,1774,31,73,57.225806451612904,73,2.191780821917808,9,0.00625,0.05625,0.011363465769203464,0.9360038090648627,43.24324324324324
same_ren,160,13,160,30,True,/users/delfos/aina/scentree-gen-remote/scentree-gen-remote/same_ren_scentree/scenariotree_160/results_13.json,1746,31,64,56.32258064516129,64,2.5,19,0.00625,0.11875,0.01926379375927805,0.8888986141270635,25.396825396825392
same_ren,160,14,160,30,True,/users/delfos/aina/scentree-gen-remote/scentree-gen-remote/same_ren_scentree/scenariotree_160/results_14.json,1455,31,65,46.935483870967744,65,2.4615384615384617,31,0.00625,0.19375,0.02531239727132343,0.8599318801052183,17.534246575342465
same_ren,160,15,160,30,True,/users/delfos/aina/scentree-gen-remote/scentree-gen-remote/same_ren_scentree/scenariotree_160/results_15.json,1068,31,57,34.45161290322581,57,2.807017543859649,19,0.00625,0.11875,0.02075991217525164,0.8918768637780983,23.747680890538035
same_ren,160,16,160,30,True,/users/delfos/aina/scentree-gen-remote/scentree-gen-remote/same_ren_scentree/scenariotree_160/results_16.json,1414,31,57,45.61290322580645,57,2.807017543859649,23,0.00625,0.14375,0.023310175983920715,0.868288384837423,20.61191626409018
same_ren,160,17,160,30,True,/users/delfos/aina/scentree-gen-remote/scentree-gen-remote/same_ren_scentree/scenariotree_160/results_17.json,1556,31,77,50.193548387096776,77,2.0779220779220777,27,0.00625,0.16875,0.02041488889218726,0.8802198038529847,22.183708838821488
same_ren,160,18,160,30,True,/users/delfos/aina/scentree-gen-remote/scentree-gen-remote/same_ren_scentree/scenariotree_160/results_18.json,1500,31,81,48.38709677419355,81,1.9753086419753085,13,0.00625,0.08125,0.015496393840820077,0.8985557258868364,31.449631449631454
same_ren,160,19,160,30,True,/users/delfos/aina/scentree-gen-remote/scentree-gen-remote/same_ren_scentree/scenariotree_160/results_19.json,1680,31,79,54.193548387096776,79,2.0253164556962027,22,0.00625,0.1375,0.019937964597784692,0.8703951698205239,22.69503546099291
same_ren,160,2,160,30,True,/users/delfos/aina/scentree-gen-remote/scentree-gen-remote/same_ren_scentree/scenariotree_160/results_2.json,1483,31,74,47.83870967741935,74,2.1621621621621623,10,0.00625,0.0625,0.013554624964398429,0.916465967405804,36.887608069164266
same_ren,160,20,160,30,True,/users/delfos/aina/scentree-gen-remote/scentree-gen-remote/same_ren_scentree/scenariotree_160/results_20.json,1419,31,68,45.774193548387096,68,2.3529411764705883,11,0.00625,0.06875,0.01606958336471643,0.8981700496978408,30.992736077481833
same_ren,160,21,160,30,True,/users/delfos/aina/scentree-gen-remote/scentree-gen-remote/same_ren_scentree/scenariotree_160/results_21.json,941,31,64,30.35483870967742,64,2.5,19,0.00625,0.11875,0.020581156050499202,0.8758007881316405,23.40036563071298
same_ren,160,22,160,30,True,/users/delfos/aina/scentree-gen-remote/scentree-gen-remote/same_ren_scentree/scenariotree_160/results_22.json,969,31,53,31.258064516129032,53,3.018867924528302,24,0.00625,0.15,0.022794539842598563,0.8888730273289779,21.54882154882155
same_ren,160,23,160,30,True,/users/delfos/aina/scentree-gen-remote/scentree-gen-remote/same_ren_scentree/scenariotree_160/results_23.json,1802,31,82,58.12903225806452,82,1.951219512195122,13,0.00625,0.08125,0.01386943826072472,0.9096618880031203,35.754189944134076
same_ren,160,24,160,30,True,/users/delfos/aina/scentree-gen-remote/scentree-gen-remote/same_ren_scentree/scenariotree_160/results_24.json,1344,31,77,43.354838709677416,77,2.0779220779220777,10,0.00625,0.0625,0.012285754612657244,0.9271754258716715,40.63492063492063
same_ren,160,25,160,30,True,/users/delfos/aina/scentree-gen-remote/scentree-gen-remote/same_ren_scentree/scenariotree_160/results_25.json,1460,31,66,47.096774193548384,66,2.4242424242424243,19,0.00625,0.11875,0.018109665863961042,0.898483848555364,27.176220806794056
same_ren,160,26,160,30,True,/users/delfos/aina/scentree-gen-remote/scentree-gen-remote/same_ren_scentree/scenariotree_160/results_26.json,1353,31,64,43.645161290322584,64,2.5,23,0.00625,0.14375,0.022179796197778736,0.8742296511001769,21.227197346600335
same_ren,160,27,160,30,True,/users/delfos/aina/scentree-gen-remote/scentree-gen-remote/same_ren_scentree/scenariotree_160/results_27.json,1451,31,69,46.806451612903224,69,2.318840579710145,21,0.00625,0.13125,0.020973066363968205,0.8696794917635358,22.29965156794426
same_ren,160,28,160,30,True,/users/delfos/aina/scentree-gen-remote/scentree-gen-remote/same_ren_scentree/scenariotree_160/results_28.json,1467,31,64,47.32258064516129,64,2.5,27,0.00625,0.16875,0.023978139458160633,0.8564254841987455,19.076005961251866
same_ren,160,29,160,30,True,/users/delfos/aina/scentree-gen-remote/scentree-gen-remote/same_ren_scentree/scenariotree_160/results_29.json,1112,31,60,35.87096774193548,60,2.6666666666666665,13,0.00625,0.08125,0.018563891174954553,0.8889154143294125,26.778242677824267
same_ren,160,3,160,30,True,/users/delfos/aina/scentree-gen-remote/scentree-gen-remote/same_ren_scentree/scenariotree_160/results_3.json,1286,31,73,41.483870967741936,73,2.191780821917808,11,0.00625,0.06875,0.014359078967970295,0.9102924357292991,34.782608695652165
same_ren,160,30,160,30,True,/users/delfos/aina/scentree-gen-remote/scentree-gen-remote/same_ren_scentree/scenariotree_160/results_30.json,1515,31,74,48.87096774193548,74,2.1621621621621623,17,0.00625,0.10625,0.017767829449060413,0.8866945696507434,27.118644067796613
same_ren,160,4,160,30,True,/users/delfos/aina/scentree-gen-remote/scentree-gen-remote/same_ren_scentree/scenariotree_160/results_4.json,1728,31,74,55.74193548387097,74,2.1621621621621623,17,0.00625,0.10625,0.017070842648689133,0.8956872043338528,28.507795100222715
same_ren,160,5,160,30,True,/users/delfos/aina/scentree-gen-remote/scentree-gen-remote/same_ren_scentree/scenariotree_160/results_5.json,1491,31,66,48.096774193548384,66,2.4242424242424243,17,0.00625,0.10625,0.01903385534303199,0.8814056152133085,25.6
same_ren,160,6,160,30,True,/users/delfos/aina/scentree-gen-remote/scentree-gen-remote/same_ren_scentree/scenariotree_160/results_6.json,1415,31,67,45.645161290322584,67,2.388059701492537,33,0.00625,0.20625,0.02858924932731842,0.8195165143164587,14.34977578475336
same_ren,160,7,160,30,True,/users/delfos/aina/scentree-gen-remote/scentree-gen-remote/same_ren_scentree/scenariotree_160/results_7.json,1202,31,61,38.774193548387096,61,2.622950819672131,19,0.00625,0.11875,0.022325253060467665,0.8653404300963639,21.368948247078468
same_ren,160,8,160,30,True,/users/delfos/aina/scentree-gen-remote/scentree-gen-remote/same_ren_scentree/scenariotree_160/results_8.json,1163,31,52,37.516129032258064,52,3.076923076923077,19,0.00625,0.11875,0.024723414536252087,0.862933741768812,19.601837672281775
same_ren,160,9,160,30,True,/users/delfos/aina/scentree-gen-remote/scentree-gen-remote/same_ren_scentree/scenariotree_160/results_9.json,1777,31,81,57.32258064516129,81,1.9753086419753085,17,0.00625,0.10625,0.015620379213103774,0.9000449333566385,31.143552311435528
same_ren,170,1,170,30,True,/users/delfos/aina/scentree-gen-remote/scentree-gen-remote/same_ren_scentree/scenariotree_170/results_1.json,1124,31,65,36.25806451612903,65,2.6153846153846154,49,0.0058823529411764705,0.28823529411764703,0.03622736452714587,0.7921397144645956,9.93127147766323
same_ren,170,10,170,30,True,/users/delfos/aina/scentree-gen-remote/scentree-gen-remote/same_ren_scentree/scenariotree_170/results_10.json,1642,31,81,52.96774193548387,81,2.0987654320987654,12,0.0058823529411764705,0.07058823529411765,0.012592684730439336,0.9184099808892929,39.697802197802204
same_ren,170,11,170,30,True,/users/delfos/aina/scentree-gen-remote/scentree-gen-remote/same_ren_scentree/scenariotree_170/results_11.json,1458,31,76,47.03225806451613,76,2.236842105263158,25,0.0058823529411764705,0.14705882352941177,0.024605213246321415,0.8287868741036891,16.90058479532164
same_ren,170,12,170,30,True,/users/delfos/aina/scentree-gen-remote/scentree-gen-remote/same_ren_scentree/scenariotree_170/results_12.json,1478,31,58,47.67741935483871,58,2.9310344827586206,23,0.0058823529411764705,0.13529411764705881,0.022935248335995046,0.8651061383264411,20.94202898550725
same_ren,170,13,170,30,True,/users/delfos/aina/scentree-gen-remote/scentree-gen-remote/same_ren_scentree/scenariotree_170/results_13.json,1266,31,65,40.83870967741935,65,2.6153846153846154,25,0.0058823529411764705,0.14705882352941177,0.021710028119267248,0.8696263849861402,21.72932330827068
same_ren,170,14,170,30,True,/users/delfos/aina/scentree-gen-remote/scentree-gen-remote/same_ren_scentree/scenariotree_170/results_14.json,1656,31,74,53.41935483870968,74,2.2972972972972974,16,0.0058823529411764705,0.09411764705882353,0.01472112817764075,0.9088148991959623,33.84074941451991
same_ren,170,15,170,30,True,/users/delfos/aina/scentree-gen-remote/scentree-gen-remote/same_ren_scentree/scenariotree_170/results_15.json,1234,31,67,39.806451612903224,67,2.537313432835821,10,0.0058823529411764705,0.058823529411764705,0.0142765551180344,0.9144904885999477,34.987893462469735
same_ren,170,16,170,30,True,/users/delfos/aina/scentree-gen-remote/scentree-gen-remote/same_ren_scentree/scenariotree_170/results_16.json,1451,31,71,46.806451612903224,71,2.3943661971830985,10,0.0058823529411764705,0.058823529411764705,0.012965965308692384,0.9216827969173168,38.430851063829785
same_ren,170,17,170,30,True,/users/delfos/aina/scentree-gen-remote/scentree-gen-remote/same_ren_scentree/scenariotree_170/results_17.json,1147,31,64,37.0,64,2.65625,15,0.0058823529411764705,0.08823529411764706,0.016083245744722086,0.9089818289637928,31.075268817204293
same_ren,170,18,170,30,True,/users/delfos/aina/scentree-gen-remote/scentree-gen-remote/same_ren_scentree/scenariotree_170/results_18.json,1870,31,73,60.32258064516129,73,2.328767123287671,38,0.0058823529411764705,0.2235294117647059,0.026594388528048206,0.846220353258169,15.307203389830507
same_ren,170,19,170,30,True,/users/delfos/aina/scentree-gen-remote/scentree-gen-remote/same_ren_scentree/scenariotree_170/results_19.json,1879,31,83,60.61290322580645,83,2.0481927710843375,18,0.0058823529411764705,0.10588235294117647,0.01695804967411049,0.8898182333564282,27.84200385356456
same_ren,170,2,170,30,True,/users/delfos/aina/scentree-gen-remote/scentree-gen-remote/same_ren_scentree/scenariotree_170/results_2.json,1408,31,59,45.41935483870968,59,2.8813559322033897,32,0.0058823529411764705,0.18823529411764706,0.027250281644437106,0.8404014868459975,16.457858769931665
same_ren,170,20,170,30,True,/users/delfos/aina/scentree-gen-remote/scentree-gen-remote/same_ren_scentree/scenariotree_170/results_20.json,1569,31,82,50.61290322580645,82,2.073170731707317,22,0.0058823529411764705,0.12941176470588237,0.016632238304094892,0.8945655785999943,28.670634920634917
same_ren,170,21,170,30,True,/users/delfos/aina/scentree-gen-remote/scentree-gen-remote/same_ren_scentree/scenariotree_170/results_21.json,1482,31,66,47.806451612903224,66,2.5757575757575757,40,0.0058823529411764705,0.23529411764705882,0.02959055472742721,0.8328916353548539,13.709677419354836
same_ren,170,22,170,30,True,/users/delfos/aina/scentree-gen-remote/scentree-gen-remote/same_ren_scentree/scenariotree_170/results_22.json,1693,31,70,54.61290322580645,70,2.4285714285714284,24,0.0058823529411764705,0.1411764705882353,0.02075136878729083,0.870899596424331,22.507788161993773
same_ren,170,23,170,30,True,/users/delfos/aina/scentree-gen-remote/scentree-gen-remote/same_ren_scentree/scenariotree_170/results_23.json,1383,31,65,44.61290322580645,65,2.6153846153846154,10,0.0058823529411764705,0.058823529411764705,0.013520252957091836,0.9242541005241631,36.675126903553306
same_ren,170,24,170,30,True,/users/delfos/aina/scentree-gen-remote/scentree-gen-remote/same_ren_scentree/scenariotree_170/results_24.json,1566,31,81,50.516129032258064,81,2.0987654320987654,37,0.0058823529411764705,0.21764705882352942,0.025273165872407792,0.8399009025176236,15.604751619870411
same_ren,170,25,170,30,True,/users/delfos/aina/scentree-gen-remote/scentree-gen-remote/same_ren_scentree/scenariotree_170/results_25.json,1498,31,79,48.32258064516129,79,2.151898734177215,29,0.0058823529411764705,0.17058823529411765,0.02189179468670051,0.8621603950599133,19.794520547945208
same_ren,170,26,170,30,True,/users/delfos/aina/scentree-gen-remote/scentree-gen-remote/same_ren_scentree/scenariotree_170/results_26.json,1148,31,51,37.03225806451613,51,3.3333333333333335,20,0.0058823529411764705,0.11764705882352941,0.02775413427135021,0.8350673258038721,16.980023501762634
same_ren,170,27,170,30,True,/users/delfos/aina/scentree-gen-remote/scentree-gen-remote/same_ren_scentree/scenariotree_170/results_27.json,2585,31,95,83.38709677419355,95,1.7894736842105263,13,0.0058823529411764705,0.07647058823529412,0.013108813942571405,0.90566080617316,37.242268041237125
same_ren,170,28,170,30,True,/users/delfos/aina/scentree-gen-remote/scentree-gen-remote/same_ren_scentree/scenariotree_170/results_28.json,1410,31,61,45.483870967741936,61,2.7868852459016393,23,0.0058823529411764705,0.13529411764705881,0.022747738091734727,0.8616778796803973,20.851370851370852
same_ren,170,29,170,30,True,/users/delfos/aina/scentree-gen-remote/scentree-gen-remote/same_ren_scentree/scenariotree_170/results_29.json,1712,31,84,55.225806451612904,84,2.0238095238095237,12,0.0058823529411764705,0.07058823529411765,0.013462145240892806,0.9087987366887282,36.86224489795919
same_ren,170,3,170,30,True,/users/delfos/aina/scentree-gen-remote/scentree-gen-remote/same_ren_scentree/scenariotree_170/results_3.json,1430,31,69,46.12903225806452,69,2.463768115942029,26,0.0058823529411764705,0.15294117647058825,0.02413084100759321,0.8482072094492712,18.29113924050633
same_ren,170,30,170,30,True,/users/delfos/aina/scentree-gen-remote/scentree-gen-remote/same_ren_scentree/scenariotree_170/results_30.json,1722,31,79,55.54838709677419,79,2.151898734177215,19,0.0058823529411764705,0.11176470588235295,0.01687537397408743,0.8866245364696607,28.44488188976378
same_ren,170,4,170,30,True,/users/delfos/aina/scentree-gen-remote/scentree-gen-remote/same_ren_scentree/scenariotree_170/results_4.json,1362,31,64,43.935483870967744,64,2.65625,20,0.0058823529411764705,0.11764705882352941,0.018953445001427715,0.8884196967715913,25.89605734767025
same_ren,170,5,170,30,True,/users/delfos/aina/scentree-gen-remote/scentree-gen-remote/same_ren_scentree/scenariotree_170/results_5.json,1242,31,67,40.064516129032256,67,2.537313432835821,21,0.0058823529411764705,0.12352941176470589,0.02349269211634706,0.8421021988096673,19.26666666666667
same_ren,170,6,170,30,True,/users/delfos/aina/scentree-gen-remote/scentree-gen-remote/same_ren_scentree/scenariotree_170/results_6.json,1669,31,68,53.83870967741935,68,2.5,25,0.0058823529411764705,0.14705882352941177,0.02033957598655497,0.8776896204510394,23.34410339256866
same_ren,170,7,170,30,True,/users/delfos/aina/scentree-gen-remote/scentree-gen-remote/same_ren_scentree/scenariotree_170/results_7.json,2116,31,95,68.25806451612904,95,1.7894736842105263,15,0.0058823529411764705,0.08823529411764706,0.013465178976444322,0.9091024211605375,36.0349127182045
same_ren,170,8,170,30,True,/users/delfos/aina/scentree-gen-remote/scentree-gen-remote/same_ren_scentree/scenariotree_170/results_8.json,1577,31,80,50.87096774193548,80,2.125,17,0.0058823529411764705,0.1,0.01740955371494724,0.8777354300140142,27.212806026365357
same_ren,170,9,170,30,True,/users/delfos/aina/scentree-gen-remote/scentree-gen-remote/same_ren_scentree/scenariotree_170/results_9.json,1575,31,73,50.806451612903224,73,2.328767123287671,15,0.0058823529411764705,0.08823529411764706,0.017661954350628038,0.8821533798167329,27.419354838709683
same_ren,180,1,180,30,True,/users/delfos/aina/scentree-gen-remote/scentree-gen-remote/same_ren_scentree/scenariotree_180/results_1.json,1780,31,71,57.41935483870968,71,2.535211267605634,33,0.005555555555555556,0.18333333333333332,0.02544732791329722,0.8386866548106034,16.649537512846862
same_ren,180,10,180,30,True,/users/delfos/aina/scentree-gen-remote/scentree-gen-remote/same_ren_scentree/scenariotree_180/results_10.json,1421,31,63,45.83870967741935,63,2.857142857142857,18,0.005555555555555556,0.1,0.019292227146565647,0.8871563856974111,25.431711145996857
same_ren,180,11,180,30,True,/users/delfos/aina/scentree-gen-remote/scentree-gen-remote/same_ren_scentree/scenariotree_180/results_11.json,1607,31,79,51.83870967741935,79,2.278481012658228,24,0.005555555555555556,0.13333333333333333,0.018770971162534872,0.8728252964342837,24.695121951219505
same_ren,180,12,180,30,True,/users/delfos/aina/scentree-gen-remote/scentree-gen-remote/same_ren_scentree/scenariotree_180/results_12.json,1334,31,65,43.03225806451613,65,2.769230769230769,25,0.005555555555555556,0.1388888888888889,0.02326137113854713,0.8503403689852138,19.780219780219777
same_ren,180,13,180,30,True,/users/delfos/aina/scentree-gen-remote/scentree-gen-remote/same_ren_scentree/scenariotree_180/results_13.json,1389,31,62,44.806451612903224,62,2.903225806451613,20,0.005555555555555556,0.1111111111111111,0.020221534841486064,0.8765007140146814,24.107142857142854
same_ren,180,14,180,30,True,/users/delfos/aina/scentree-gen-remote/scentree-gen-remote/same_ren_scentree/scenariotree_180/results_14.json,1714,31,72,55.29032258064516,72,2.5,34,0.005555555555555556,0.18888888888888888,0.024462675580783157,0.8459663437940086,17.551462621885154
same_ren,180,15,180,30,True,/users/delfos/aina/scentree-gen-remote/scentree-gen-remote/same_ren_scentree/scenariotree_180/results_15.json,1758,31,80,56.70967741935484,80,2.25,28,0.005555555555555556,0.15555555555555556,0.02019389040963982,0.863619489641138,22.16142270861833
same_ren,180,16,180,30,True,/users/delfos/aina/scentree-gen-remote/scentree-gen-remote/same_ren_scentree/scenariotree_180/results_16.json,1416,31,71,45.67741935483871,71,2.535211267605634,20,0.005555555555555556,0.1111111111111111,0.019753985661139763,0.8639931837064464,23.929098966026586
same_ren,180,17,180,30,True,/users/delfos/aina/scentree-gen-remote/scentree-gen-remote/same_ren_scentree/scenariotree_180/results_17.json,1609,31,73,51.903225806451616,73,2.4657534246575343,22,0.005555555555555556,0.12222222222222222,0.020085269601063924,0.8652688993055359,23.175965665236053
same_ren,180,18,180,30,True,/users/delfos/aina/scentree-gen-remote/scentree-gen-remote/same_ren_scentree/scenariotree_180/results_18.json,1552,31,81,50.064516129032256,81,2.2222222222222223,23,0.005555555555555556,0.12777777777777777,0.01793313462510364,0.8817932359805305,26.04501607717042
same_ren,180,19,180,30,True,/users/delfos/aina/scentree-gen-remote/scentree-gen-remote/same_ren_scentree/scenariotree_180/results_19.json,2052,31,87,66.19354838709677,87,2.0689655172413794,19,0.005555555555555556,0.10555555555555556,0.015866109640142085,0.8914540250940208,29.9445471349353
same_ren,180,2,180,30,True,/users/delfos/aina/scentree-gen-remote/scentree-gen-remote/same_ren_scentree/scenariotree_180/results_2.json,1469,31,69,47.38709677419355,69,2.608695652173913,16,0.005555555555555556,0.08888888888888889,0.018149726950888116,0.8771978984384377,26.865671641791042
same_ren,180,20,180,30,True,/users/delfos/aina/scentree-gen-remote/scentree-gen-remote/same_ren_scentree/scenariotree_180/results_20.json,1750,31,82,56.45161290322581,82,2.1951219512195124,41,0.005555555555555556,0.22777777777777777,0.02500284573370362,0.8534424995667477,15.758754863813234
same_ren,180,21,180,30,True,/users/delfos/aina/scentree-gen-remote/scentree-gen-remote/same_ren_scentree/scenariotree_180/results_21.json,1269,31,60,40.935483870967744,60,3.0,28,0.005555555555555556,0.15555555555555556,0.0238953479640073,0.8646558849524674,19.636363636363637
same_ren,180,22,180,30,True,/users/delfos/aina/scentree-gen-remote/scentree-gen-remote/same_ren_scentree/scenariotree_180/results_22.json,1920,31,82,61.935483870967744,82,2.1951219512195124,20,0.005555555555555556,0.1111111111111111,0.016789049866377817,0.885666174270683,28.321678321678327
same_ren,180,23,180,30,True,/users/delfos/aina/scentree-gen-remote/scentree-gen-remote/same_ren_scentree/scenariotree_180/results_23.json,976,31,61,31.483870967741936,61,2.9508196721311477,17,0.005555555555555556,0.09444444444444444,0.020079437201487315,0.8776080747015548,24.39759036144578
same_ren,180,24,180,30,True,/users/delfos/aina/scentree-gen-remote/scentree-gen-remote/same_ren_scentree/scenariotree_180/results_24.json,1583,31,91,51.064516129032256,91,1.978021978021978,24,0.005555555555555556,0.13333333333333333,0.017644840688300203,0.8790424831671475,25.43171114599685
same_ren,180,25,180,30,True,/users/delfos/aina/scentree-gen-remote/scentree-gen-remote/same_ren_scentree/scenariotree_180/results_25.json,1588,31,77,51.225806451612904,77,2.3376623376623376,13,0.005555555555555556,0.07222222222222222,0.014646997765374052,0.9036868713531259,33.89121338912133
same_ren,180,26,180,30,True,/users/delfos/aina/scentree-gen-remote/scentree-gen-remote/same_ren_scentree/scenariotree_180/results_26.json,1789,31,85,57.70967741935484,85,2.1176470588235294,38,0.005555555555555556,0.2111111111111111,0.023313277479382995,0.8584141663083221,17.252396166134183
same_ren,180,27,180,30,True,/users/delfos/aina/scentree-gen-remote/scentree-gen-remote/same_ren_scentree/scenariotree_180/results_27.json,1644,31,79,53.03225806451613,79,2.278481012658228,15,0.005555555555555556,0.08333333333333333,0.015025547574171905,0.8956832130764604,32.79352226720647
same_ren,180,28,180,30,True,/users/delfos/aina/scentree-gen-remote/scentree-gen-remote/same_ren_scentree/scenariotree_180/results_28.json,1086,31,72,35.03225806451613,72,2.5,28,0.005555555555555556,0.15555555555555556,0.0218133684988699,0.8648687125675789,20.769230769230766
same_ren,180,29,180,30,True,/users/delfos/aina/scentree-gen-remote/scentree-gen-remote/same_ren_scentree/scenariotree_180/results_29.json,1969,31,80,63.516129032258064,80,2.25,21,0.005555555555555556,0.11666666666666667,0.018582066889249516,0.874912610339143,24.923076923076923
same_ren,180,3,180,30,True,/users/delfos/aina/scentree-gen-remote/scentree-gen-remote/same_ren_scentree/scenariotree_180/results_3.json,1882,31,87,60.70967741935484,87,2.0689655172413794,21,0.005555555555555556,0.11666666666666667,0.016757799025769377,0.881308981705137,27.83505154639175
same_ren,180,30,180,30,True,/users/delfos/aina/scentree-gen-remote/scentree-gen-remote/same_ren_scentree/scenariotree_180/results_30.json,1378,31,65,44.45161290322581,65,2.769230769230769,17,0.005555555555555556,0.09444444444444444,0.018560985713696264,0.8876596540655833,26.470588235294123
same_ren,180,4,180,30,True,/users/delfos/aina/scentree-gen-remote/scentree-gen-remote/same_ren_scentree/scenariotree_180/results_4.json,1510,31,70,48.70967741935484,70,2.5714285714285716,21,0.005555555555555556,0.11666666666666667,0.01763262739936357,0.8911049355962536,27.739726027397253
same_ren,180,5,180,30,True,/users/delfos/aina/scentree-gen-remote/scentree-gen-remote/same_ren_scentree/scenariotree_180/results_5.json,1768,31,79,57.03225806451613,79,2.278481012658228,24,0.005555555555555556,0.13333333333333333,0.0180494517186947,0.880114591214598,26.045016077170413
same_ren,180,6,180,30,True,/users/delfos/aina/scentree-gen-remote/scentree-gen-remote/same_ren_scentree/scenariotree_180/results_6.json,1755,31,79,56.61290322580645,79,2.278481012658228,17,0.005555555555555556,0.09444444444444444,0.015786330877863047,0.8952166073909595,30.916030534351147
same_ren,180,7,180,30,True,/users/delfos/aina/scentree-gen-remote/scentree-gen-remote/same_ren_scentree/scenariotree_180/results_7.json,2017,31,78,65.06451612903226,78,2.3076923076923075,16,0.005555555555555556,0.08888888888888889,0.017348532589901225,0.8791317053647526,27.551020408163264
same_ren,180,8,180,30,True,/users/delfos/aina/scentree-gen-remote/scentree-gen-remote/same_ren_scentree/scenariotree_180/results_8.json,1728,31,64,55.74193548387097,64,2.8125,20,0.005555555555555556,0.1111111111111111,0.02142392062625326,0.8599178273296525,22.22222222222222
same_ren,180,9,180,30,True,/users/delfos/aina/scentree-gen-remote/scentree-gen-remote/same_ren_scentree/scenariotree_180/results_9.json,1508,31,82,48.645161290322584,82,2.1951219512195124,14,0.005555555555555556,0.07777777777777778,0.012852644593348943,0.9161747502105486,38.848920863309345
same_ren,190,1,190,30,True,/users/delfos/aina/scentree-gen-remote/scentree-gen-remote/same_ren_scentree/scenariotree_190/results_1.json,1166,31,79,37.61290322580645,79,2.4050632911392404,13,0.005263157894736842,0.06842105263157895,0.01439595717950895,0.9005105751056403,34.44656488549617
same_ren,190,10,190,30,True,/users/delfos/aina/scentree-gen-remote/scentree-gen-remote/same_ren_scentree/scenariotree_190/results_10.json,1412,31,62,45.54838709677419,62,3.064516129032258,27,0.005263157894736842,0.14210526315789473,0.02709988025310745,0.8273388577053301,16.21743036837377
same_ren,190,11,190,30,True,/users/delfos/aina/scentree-gen-remote/scentree-gen-remote/same_ren_scentree/scenariotree_190/results_11.json,1574,31,82,50.774193548387096,82,2.317073170731707,36,0.005263157894736842,0.18947368421052632,0.02377856044881815,0.8345921773093424,17.076631977294234
same_ren,190,12,190,30,True,/users/delfos/aina/scentree-gen-remote/scentree-gen-remote/same_ren_scentree/scenariotree_190/results_12.json,1268,31,84,40.903225806451616,84,2.261904761904762,15,0.005263157894736842,0.07894736842105263,0.014844732335159313,0.8911932691379493,32.87795992714025
same_ren,190,13,190,30,True,/users/delfos/aina/scentree-gen-remote/scentree-gen-remote/same_ren_scentree/scenariotree_190/results_13.json,1766,31,97,56.96774193548387,97,1.958762886597938,25,0.005263157894736842,0.13157894736842105,0.01682985049565454,0.8738690248196662,26.466275659824046
same_ren,190,14,190,30,True,/users/delfos/aina/scentree-gen-remote/scentree-gen-remote/same_ren_scentree/scenariotree_190/results_14.json,1576,31,71,50.83870967741935,71,2.676056338028169,26,0.005263157894736842,0.1368421052631579,0.02139773936383974,0.8647684747383158,21.462544589774083
same_ren,190,15,190,30,True,/users/delfos/aina/scentree-gen-remote/scentree-gen-remote/same_ren_scentree/scenariotree_190/results_15.json,1744,31,85,56.25806451612903,85,2.235294117647059,16,0.005263157894736842,0.08421052631578947,0.015751182855009347,0.8807623412910098,30.438448566610464
same_ren,190,16,190,30,True,/users/delfos/aina/scentree-gen-remote/scentree-gen-remote/same_ren_scentree/scenariotree_190/results_16.json,1534,31,85,49.483870967741936,85,2.235294117647059,17,0.005263157894736842,0.08947368421052632,0.012781541675737817,0.914075502648406,38.98488120950324
same_ren,190,17,190,30,True,/users/delfos/aina/scentree-gen-remote/scentree-gen-remote/same_ren_scentree/scenariotree_190/results_17.json,1681,31,84,54.225806451612904,84,2.261904761904762,21,0.005263157894736842,0.11052631578947368,0.01726824317672945,0.8784101398015082,27.06146926536732
same_ren,190,18,190,30,True,/users/delfos/aina/scentree-gen-remote/scentree-gen-remote/same_ren_scentree/scenariotree_190/results_18.json,1065,31,56,34.354838709677416,56,3.392857142857143,23,0.005263157894736842,0.12105263157894737,0.020230140354870786,0.8907582332819393,24.52445652173913
same_ren,190,19,190,30,True,/users/delfos/aina/scentree-gen-remote/scentree-gen-remote/same_ren_scentree/scenariotree_190/results_19.json,1509,31,91,48.67741935483871,91,2.087912087912088,17,0.005263157894736842,0.08947368421052632,0.014273650080921295,0.8951686619142174,33.864915572232654
same_ren,190,2,190,30,True,/users/delfos/aina/scentree-gen-remote/scentree-gen-remote/same_ren_scentree/scenariotree_190/results_2.json,2279,31,82,73.51612903225806,82,2.317073170731707,23,0.005263157894736842,0.12105263157894737,0.016641091200513863,0.88453310602694,28.650793650793656
same_ren,190,20,190,30,True,/users/delfos/aina/scentree-gen-remote/scentree-gen-remote/same_ren_scentree/scenariotree_190/results_20.json,1894,31,77,61.096774193548384,77,2.4675324675324677,20,0.005263157894736842,0.10526315789473684,0.017250358182352182,0.885402857788172,27.854938271604947
same_ren,190,21,190,30,True,/users/delfos/aina/scentree-gen-remote/scentree-gen-remote/same_ren_scentree/scenariotree_190/results_21.json,2128,31,91,68.64516129032258,91,2.087912087912088,23,0.005263157894736842,0.12105263157894737,0.016600500126667323,0.8783398260952273,27.726574500768056
same_ren,190,22,190,30,True,/users/delfos/aina/scentree-gen-remote/scentree-gen-remote/same_ren_scentree/scenariotree_190/results_22.json,1885,31,87,60.806451612903224,87,2.1839080459770117,21,0.005263157894736842,0.11052631578947368,0.015890556367274565,0.8880087133648388,29.88410596026491
same_ren,190,23,190,30,True,/users/delfos/aina/scentree-gen-remote/scentree-gen-remote/same_ren_scentree/scenariotree_190/results_23.json,1941,31,85,62.61290322580645,85,2.235294117647059,18,0.005263157894736842,0.09473684210526316,0.015977152067419648,0.8811595003568279,29.884105960264918
same_ren,190,24,190,30,True,/users/delfos/aina/scentree-gen-remote/scentree-gen-remote/same_ren_scentree/scenariotree_190/results_24.json,1531,31,72,49.38709677419355,72,2.638888888888889,18,0.005263157894736842,0.09473684210526316,0.01721859789701846,0.8847104813984547,28.38050314465409
same_ren,190,25,190,30,True,/users/delfos/aina/scentree-gen-remote/scentree-gen-remote/same_ren_scentree/scenariotree_190/results_25.json,1554,31,68,50.12903225806452,68,2.7941176470588234,13,0.005263157894736842,0.06842105263157895,0.01551775551208391,0.9014598461576265,32.174688057040996
same_ren,190,26,190,30,True,/users/delfos/aina/scentree-gen-remote/scentree-gen-remote/same_ren_scentree/scenariotree_190/results_26.json,1866,31,85,60.193548387096776,85,2.235294117647059,21,0.005263157894736842,0.11052631578947368,0.015500914496216624,0.8949923908417243,31.06712564543891
same_ren,190,27,190,30,True,/users/delfos/aina/scentree-gen-remote/scentree-gen-remote/same_ren_scentree/scenariotree_190/results_27.json,1601,31,70,51.645161290322584,70,2.7142857142857144,27,0.005263157894736842,0.14210526315789473,0.02133537310993859,0.8622359304705667,21.6686674669868
same_ren,190,28,190,30,True,/users/delfos/aina/scentree-gen-remote/scentree-gen-remote/same_ren_scentree/scenariotree_190/results_28.json,1517,31,90,48.935483870967744,90,2.111111111111111,31,0.005263157894736842,0.1631578947368421,0.01852426298509423,0.8757689917388377,23.81266490765172
same_ren,190,29,190,30,True,/users/delfos/aina/scentree-gen-remote/scentree-gen-remote/same_ren_scentree/scenariotree_190/results_29.json,1363,31,72,43.96774193548387,72,2.638888888888889,13,0.005263157894736842,0.06842105263157895,0.012568848730673583,0.925403506054691,39.583333333333336
same_ren,190,3,190,30,True,/users/delfos/aina/scentree-gen-remote/scentree-gen-remote/same_ren_scentree/scenariotree_190/results_3.json,2137,31,87,68.93548387096774,87,2.1839080459770117,16,0.005263157894736842,0.08421052631578947,0.01406218049681078,0.900027754775944,34.84555984555984
same_ren,190,30,190,30,True,/users/delfos/aina/scentree-gen-remote/scentree-gen-remote/same_ren_scentree/scenariotree_190/results_30.json,1598,31,72,51.54838709677419,72,2.638888888888889,17,0.005263157894736842,0.08947368421052632,0.018799486978266475,0.8659662085610458,25.422535211267604
same_ren,190,4,190,30,True,/users/delfos/aina/scentree-gen-remote/scentree-gen-remote/same_ren_scentree/scenariotree_190/results_4.json,1599,31,83,51.58064516129032,83,2.289156626506024,11,0.005263157894736842,0.05789473684210526,0.012077526617176954,0.9171405980279913,41.399082568807344
same_ren,190,5,190,30,True,/users/delfos/aina/scentree-gen-remote/scentree-gen-remote/same_ren_scentree/scenariotree_190/results_5.json,1461,31,72,47.12903225806452,72,2.638888888888889,12,0.005263157894736842,0.06315789473684211,0.013682679726443438,0.9113709544468193,36.53846153846154
same_ren,190,6,190,30,True,/users/delfos/aina/scentree-gen-remote/scentree-gen-remote/same_ren_scentree/scenariotree_190/results_6.json,1749,31,84,56.41935483870968,84,2.261904761904762,12,0.005263157894736842,0.06315789473684211,0.012792393398461431,0.9097047870925306,38.984881209503236
same_ren,190,7,190,30,True,/users/delfos/aina/scentree-gen-remote/scentree-gen-remote/same_ren_scentree/scenariotree_190/results_7.json,1622,31,83,52.32258064516129,83,2.289156626506024,31,0.005263157894736842,0.1631578947368421,0.01913474111608603,0.8764114716671556,23.563968668407313
same_ren,190,8,190,30,True,/users/delfos/aina/scentree-gen-remote/scentree-gen-remote/same_ren_scentree/scenariotree_190/results_8.json,1796,31,81,57.935483870967744,81,2.345679012345679,26,0.005263157894736842,0.1368421052631579,0.021489306415692674,0.8466851532275591,20.100222717149222
same_ren,190,9,190,30,True,/users/delfos/aina/scentree-gen-remote/scentree-gen-remote/same_ren_scentree/scenariotree_190/results_9.json,986,31,65,31.806451612903224,65,2.923076923076923,34,0.005263157894736842,0.17894736842105263,0.029096893061937457,0.8118876123959199,14.201416207710468
same_ren,200,1,200,30,True,/users/delfos/aina/scentree-gen-remote/scentree-gen-remote/same_ren_scentree/scenariotree_200/results_1.json,1064,31,71,34.32258064516129,71,2.816901408450704,26,0.005,0.13,0.01912357624553955,0.8726655078131674,24.96878901373284
same_ren,200,10,200,30,True,/users/delfos/aina/scentree-gen-remote/scentree-gen-remote/same_ren_scentree/scenariotree_200/results_10.json,2013,31,77,64.93548387096774,77,2.5974025974025974,31,0.005,0.155,0.021063597888604367,0.8558753168420885,21.20890774125133
same_ren,200,11,200,30,True,/users/delfos/aina/scentree-gen-remote/scentree-gen-remote/same_ren_scentree/scenariotree_200/results_11.json,1767,31,87,57.0,87,2.2988505747126435,42,0.005,0.21,0.023293664257835106,0.8485857869827509,17.03577512776832
same_ren,200,12,200,30,True,/users/delfos/aina/scentree-gen-remote/scentree-gen-remote/same_ren_scentree/scenariotree_200/results_12.json,1062,31,68,34.25806451612903,68,2.9411764705882355,36,0.005,0.18,0.024523133630206858,0.845058752512157,17.98561151079137
same_ren,200,13,200,30,True,/users/delfos/aina/scentree-gen-remote/scentree-gen-remote/same_ren_scentree/scenariotree_200/results_13.json,1254,31,65,40.45161290322581,65,3.076923076923077,40,0.005,0.2,0.026154977351102535,0.8431959633151302,16.70843776106934
same_ren,200,14,200,30,True,/users/delfos/aina/scentree-gen-remote/scentree-gen-remote/same_ren_scentree/scenariotree_200/results_14.json,1948,31,78,62.83870967741935,78,2.5641025641025643,15,0.005,0.075,0.01695752127942475,0.8721393908405117,28.368794326241144
same_ren,200,15,200,30,True,/users/delfos/aina/scentree-gen-remote/scentree-gen-remote/same_ren_scentree/scenariotree_200/results_15.json,1752,31,71,56.516129032258064,71,2.816901408450704,31,0.005,0.155,0.021416557027165634,0.8686049734803791,21.43622722400858
same_ren,200,16,200,30,True,/users/delfos/aina/scentree-gen-remote/scentree-gen-remote/same_ren_scentree/scenariotree_200/results_16.json,1675,31,81,54.03225806451613,81,2.4691358024691357,24,0.005,0.12,0.017604825722979285,0.8783700055508743,26.7022696929239
same_ren,200,17,200,30,True,/users/delfos/aina/scentree-gen-remote/scentree-gen-remote/same_ren_scentree/scenariotree_200/results_17.json,1441,31,76,46.483870967741936,76,2.6315789473684212,22,0.005,0.11,0.01629986489415992,0.8933443912932734,29.98500749625188
same_ren,200,18,200,30,True,/users/delfos/aina/scentree-gen-remote/scentree-gen-remote/same_ren_scentree/scenariotree_200/results_18.json,1763,31,64,56.87096774193548,64,3.125,28,0.005,0.14,0.0239220740112558,0.8371196664000561,19.138755980861237
same_ren,200,19,200,30,True,/users/delfos/aina/scentree-gen-remote/scentree-gen-remote/same_ren_scentree/scenariotree_200/results_19.json,1918,31,81,61.87096774193548,81,2.4691358024691357,41,0.005,0.205,0.0236889099926043,0.8475045157146366,17.30103806228374
same_ren,200,2,200,30,True,/users/delfos/aina/scentree-gen-remote/scentree-gen-remote/same_ren_scentree/scenariotree_200/results_2.json,1903,31,84,61.38709677419355,84,2.380952380952381,16,0.005,0.08,0.013992020725789742,0.9000646197846434,35.273368606701936
same_ren,200,20,200,30,True,/users/delfos/aina/scentree-gen-remote/scentree-gen-remote/same_ren_scentree/scenariotree_200/results_20.json,1730,31,103,55.806451612903224,103,1.941747572815534,37,0.005,0.185,0.018628004321691427,0.8724959410875731,22.002200220022022
same_ren,200,21,200,30,True,/users/delfos/aina/scentree-gen-remote/scentree-gen-remote/same_ren_scentree/scenariotree_200/results_21.json,1857,31,79,59.903225806451616,79,2.5316455696202533,39,0.005,0.195,0.024991586470807174,0.8231689023297905,16.129032258064516
same_ren,200,22,200,30,True,/users/delfos/aina/scentree-gen-remote/scentree-gen-remote/same_ren_scentree/scenariotree_200/results_22.json,1304,31,77,42.064516129032256,77,2.5974025974025974,32,0.005,0.16,0.025574689957112456,0.8194153058464031,15.785319652722967
same_ren,200,23,200,30,True,/users/delfos/aina/scentree-gen-remote/scentree-gen-remote/same_ren_scentree/scenariotree_200/results_23.json,2212,31,79,71.35483870967742,79,2.5316455696202533,13,0.005,0.065,0.014360534946445598,0.896867503156419,34.542314335060446
same_ren,200,24,200,30,True,/users/delfos/aina/scentree-gen-remote/scentree-gen-remote/same_ren_scentree/scenariotree_200/results_24.json,2056,31,82,66.3225806451613,82,2.4390243902439024,28,0.005,0.14,0.01791064475994193,0.8791837932294561,25.97402597402597
same_ren,200,25,200,30,True,/users/delfos/aina/scentree-gen-remote/scentree-gen-remote/same_ren_scentree/scenariotree_200/results_25.json,1622,31,83,52.32258064516129,83,2.4096385542168677,13,0.005,0.065,0.01253996369631938,0.9138995042278608,39.84063745019921
same_ren,200,26,200,30,True,/users/delfos/aina/scentree-gen-remote/scentree-gen-remote/same_ren_scentree/scenariotree_200/results_26.json,2091,31,95,67.45161290322581,95,2.1052631578947367,28,0.005,0.14,0.016724921276040458,0.8768823989624935,26.954177897574127
same_ren,200,27,200,30,True,/users/delfos/aina/scentree-gen-remote/scentree-gen-remote/same_ren_scentree/scenariotree_200/results_27.json,1549,31,74,49.96774193548387,74,2.7027027027027026,19,0.005,0.095,0.015655275635477976,0.895432483436042,31.595576619273306
same_ren,200,28,200,30,True,/users/delfos/aina/scentree-gen-remote/scentree-gen-remote/same_ren_scentree/scenariotree_200/results_28.json,1350,31,69,43.54838709677419,69,2.898550724637681,21,0.005,0.105,0.018398663458393943,0.8754387264012911,26.420079260237788
same_ren,200,29,200,30,True,/users/delfos/aina/scentree-gen-remote/scentree-gen-remote/same_ren_scentree/scenariotree_200/results_29.json,2006,31,81,64.70967741935483,81,2.4691358024691357,33,0.005,0.165,0.02375396548769898,0.833269061314505,17.22652885443583
same_ren,200,3,200,30,True,/users/delfos/aina/scentree-gen-remote/scentree-gen-remote/same_ren_scentree/scenariotree_200/results_3.json,1765,31,76,56.935483870967744,76,2.6315789473684212,25,0.005,0.125,0.0212417492537065,0.84624644301399,21.07481559536354
same_ren,200,30,200,30,True,/users/delfos/aina/scentree-gen-remote/scentree-gen-remote/same_ren_scentree/scenariotree_200/results_30.json,1607,31,78,51.83870967741935,78,2.5641025641025643,22,0.005,0.11,0.019074579398356196,0.8658534655099392,24.271844660194184
same_ren,200,4,200,30,True,/users/delfos/aina/scentree-gen-remote/scentree-gen-remote/same_ren_scentree/scenariotree_200/results_4.json,1909,31,80,61.58064516129032,80,2.5,25,0.005,0.125,0.019055839000159506,0.8668978223576843,24.06738868832731
same_ren,200,5,200,30,True,/users/delfos/aina/scentree-gen-remote/scentree-gen-remote/same_ren_scentree/scenariotree_200/results_5.json,1991,31,79,64.2258064516129,79,2.5316455696202533,35,0.005,0.175,0.024102043653015874,0.83182643011169,17.07941929974381
same_ren,200,6,200,30,True,/users/delfos/aina/scentree-gen-remote/scentree-gen-remote/same_ren_scentree/scenariotree_200/results_6.json,2102,31,97,67.80645161290323,97,2.0618556701030926,38,0.005,0.19,0.01990718713126548,0.8665328012109862,20.51282051282051
same_ren,200,7,200,30,True,/users/delfos/aina/scentree-gen-remote/scentree-gen-remote/same_ren_scentree/scenariotree_200/results_7.json,1890,31,85,60.96774193548387,85,2.3529411764705883,23,0.005,0.115,0.016426411343302506,0.885205547639602,28.818443804034587
same_ren,200,8,200,30,True,/users/delfos/aina/scentree-gen-remote/scentree-gen-remote/same_ren_scentree/scenariotree_200/results_8.json,1525,31,72,49.193548387096776,72,2.7777777777777777,26,0.005,0.13,0.01863804021912917,0.880330573913989,25.706940874035986
same_ren,200,9,200,30,True,/users/delfos/aina/scentree-gen-remote/scentree-gen-remote/same_ren_scentree/scenariotree_200/results_9.json,1474,31,96,47.54838709677419,96,2.0833333333333335,19,0.005,0.095,0.014080621040596498,0.891163088980071,33.95585738539898
same_ren,210,1,210,30,True,/users/delfos/aina/scentree-gen-remote/scentree-gen-remote/same_ren_scentree/scenariotree_210/results_1.json,1433,31,57,46.225806451612904,57,3.6842105263157894,18,0.004761904761904762,0.08571428571428572,0.018671258678886388,0.8874507782991519,26.727272727272734
same_ren,210,10,210,30,True,/users/delfos/aina/scentree-gen-remote/scentree-gen-remote/same_ren_scentree/scenariotree_210/results_10.json,1958,31,80,63.16129032258065,80,2.625,40,0.004761904761904762,0.19047619047619047,0.02308879389721598,0.8482848586763072,18.133223684210527
same_ren,210,11,210,30,True,/users/delfos/aina/scentree-gen-remote/scentree-gen-remote/same_ren_scentree/scenariotree_210/results_11.json,1726,31,91,55.67741935483871,91,2.3076923076923075,30,0.004761904761904762,0.14285714285714285,0.017700848305814674,0.8724776955479295,25.31572904707234
same_ren,210,12,210,30,True,/users/delfos/aina/scentree-gen-remote/scentree-gen-remote/same_ren_scentree/scenariotree_210/results_12.json,2137,31,96,68.93548387096774,96,2.1875,20,0.004761904761904762,0.09523809523809523,0.014762424786027331,0.8850731937827568,31.91027496382054
same_ren,210,13,210,30,True,/users/delfos/aina/scentree-gen-remote/scentree-gen-remote/same_ren_scentree/scenariotree_210/results_13.json,1770,31,72,57.096774193548384,72,2.9166666666666665,32,0.004761904761904762,0.1523809523809524,0.022133467884737048,0.8526902805094896,20.34132841328413
same_ren,210,14,210,30,True,/users/delfos/aina/scentree-gen-remote/scentree-gen-remote/same_ren_scentree/scenariotree_210/results_14.json,1162,31,83,37.483870967741936,83,2.5301204819277108,40,0.004761904761904762,0.19047619047619047,0.023715676773141535,0.8281401615972631,17.02702702702703
same_ren,210,15,210,30,True,/users/delfos/aina/scentree-gen-remote/scentree-gen-remote/same_ren_scentree/scenariotree_210/results_15.json,1919,31,90,61.903225806451616,90,2.3333333333333335,37,0.004761904761904762,0.1761904761904762,0.020438626797231584,0.8519433611948406,20.530726256983236
same_ren,210,16,210,30,True,/users/delfos/aina/scentree-gen-remote/scentree-gen-remote/same_ren_scentree/scenariotree_210/results_16.json,1889,31,84,60.935483870967744,84,2.5,22,0.004761904761904762,0.10476190476190476,0.015474009963255923,0.8878552684913915,31.232294617563735
same_ren,210,17,210,30,True,/users/delfos/aina/scentree-gen-remote/scentree-gen-remote/same_ren_scentree/scenariotree_210/results_17.json,1719,31,89,55.45161290322581,89,2.359550561797753,35,0.004761904761904762,0.16666666666666666,0.02397744095709433,0.8186411335002485,16.024709302325586
same_ren,210,18,210,30,True,/users/delfos/aina/scentree-gen-remote/scentree-gen-remote/same_ren_scentree/scenariotree_210/results_18.json,2140,31,80,69.03225806451613,80,2.625,42,0.004761904761904762,0.2,0.024873546402907575,0.8266631294211289,16.130212143379662
same_ren,210,19,210,30,True,/users/delfos/aina/scentree-gen-remote/scentree-gen-remote/same_ren_scentree/scenariotree_210/results_19.json,2066,31,86,66.64516129032258,86,2.441860465116279,19,0.004761904761904762,0.09047619047619047,0.015618937065128667,0.8838503447929479,30.667593880389436
same_ren,210,2,210,30,True,/users/delfos/aina/scentree-gen-remote/scentree-gen-remote/same_ren_scentree/scenariotree_210/results_2.json,2169,31,100,69.96774193548387,100,2.1,18,0.004761904761904762,0.08571428571428572,0.0144357203725944,0.8841578150310462,32.4264705882353
same_ren,210,20,210,30,True,/users/delfos/aina/scentree-gen-remote/scentree-gen-remote/same_ren_scentree/scenariotree_210/results_20.json,1699,31,76,54.806451612903224,76,2.763157894736842,22,0.004761904761904762,0.10476190476190476,0.020377573635048874,0.8501335257615587,22.363083164300203
same_ren,210,21,210,30,True,/users/delfos/aina/scentree-gen-remote/scentree-gen-remote/same_ren_scentree/scenariotree_210/results_21.json,1841,31,86,59.38709677419355,86,2.441860465116279,25,0.004761904761904762,0.11904761904761904,0.0181633713393178,0.861442919230913,25.0
same_ren,210,22,210,30,True,/users/delfos/aina/scentree-gen-remote/scentree-gen-remote/same_ren_scentree/scenariotree_210/results_22.json,1689,31,82,54.483870967741936,82,2.5609756097560976,19,0.004761904761904762,0.09047619047619047,0.014800959184273165,0.8940842032978749,33.15789473684211
same_ren,210,23,210,30,True,/users/delfos/aina/scentree-gen-remote/scentree-gen-remote/same_ren_scentree/scenariotree_210/results_23.json,1801,31,73,58.096774193548384,73,2.8767123287671232,45,0.004761904761904762,0.21428571428571427,0.027810538069140647,0.8153055880471483,14.253393665158368
same_ren,210,24,210,30,True,/users/delfos/aina/scentree-gen-remote/scentree-gen-remote/same_ren_scentree/scenariotree_210/results_24.json,2065,31,111,66.61290322580645,111,1.8918918918918919,29,0.004761904761904762,0.1380952380952381,0.016187590922553542,0.8688596970718439,26.25000000000001
same_ren,210,25,210,30,True,/users/delfos/aina/scentree-gen-remote/scentree-gen-remote/same_ren_scentree/scenariotree_210/results_25.json,1329,31,65,42.87096774193548,65,3.230769230769231,22,0.004761904761904762,0.10476190476190476,0.020811535108193103,0.8604053868228366,22.968749999999996
same_ren,210,26,210,30,True,/users/delfos/aina/scentree-gen-remote/scentree-gen-remote/same_ren_scentree/scenariotree_210/results_26.json,1534,31,84,49.483870967741936,84,2.5,22,0.004761904761904762,0.10476190476190476,0.016779662311004744,0.8766960132481701,28.125000000000007
same_ren,210,27,210,30,True,/users/delfos/aina/scentree-gen-remote/scentree-gen-remote/same_ren_scentree/scenariotree_210/results_27.json,2012,31,85,64.90322580645162,85,2.4705882352941178,22,0.004761904761904762,0.10476190476190476,0.017751237554907408,0.8649725736234327,25.94117647058824
same_ren,210,28,210,30,True,/users/delfos/aina/scentree-gen-remote/scentree-gen-remote/same_ren_scentree/scenariotree_210/results_28.json,1951,31,85,62.935483870967744,85,2.4705882352941178,13,0.004761904761904762,0.06190476190476191,0.012810648067334124,0.9055899741296989,38.88888888888891
same_ren,210,29,210,30,True,/users/delfos/aina/scentree-gen-remote/scentree-gen-remote/same_ren_scentree/scenariotree_210/results_29.json,2010,31,84,64.83870967741936,84,2.5,16,0.004761904761904762,0.0761904761904762,0.014389269418494227,0.8933342099319898,34.133126934984524
same_ren,210,3,210,30,True,/users/delfos/aina/scentree-gen-remote/scentree-gen-remote/same_ren_scentree/scenariotree_210/results_3.json,1681,31,82,54.225806451612904,82,2.5609756097560976,25,0.004761904761904762,0.11904761904761904,0.019279907084785136,0.8547232477793334,23.432518597236985
same_ren,210,30,210,30,True,/users/delfos/aina/scentree-gen-remote/scentree-gen-remote/same_ren_scentree/scenariotree_210/results_30.json,2167,31,85,69.90322580645162,85,2.4705882352941178,18,0.004761904761904762,0.08571428571428572,0.015051168522513017,0.8855949801967797,32.23684210526316
same_ren,210,4,210,30,True,/users/delfos/aina/scentree-gen-remote/scentree-gen-remote/same_ren_scentree/scenariotree_210/results_4.json,2046,31,92,66.0,92,2.282608695652174,55,0.004761904761904762,0.2619047619047619,0.027465896566419245,0.8158446895661662,12.457627118644067
same_ren,210,5,210,30,True,/users/delfos/aina/scentree-gen-remote/scentree-gen-remote/same_ren_scentree/scenariotree_210/results_5.json,1707,31,102,55.064516129032256,102,2.0588235294117645,20,0.004761904761904762,0.09523809523809523,0.013432728254053021,0.8934027883726139,35.450160771704184
same_ren,210,6,210,30,True,/users/delfos/aina/scentree-gen-remote/scentree-gen-remote/same_ren_scentree/scenariotree_210/results_6.json,1653,31,92,53.32258064516129,92,2.282608695652174,24,0.004761904761904762,0.11428571428571428,0.018856783239932628,0.8496468700042739,22.94484911550468
same_ren,210,7,210,30,True,/users/delfos/aina/scentree-gen-remote/scentree-gen-remote/same_ren_scentree/scenariotree_210/results_7.json,1668,31,83,53.806451612903224,83,2.5301204819277108,47,0.004761904761904762,0.22380952380952382,0.027112668029821783,0.8010669049462251,13.687150837988826
same_ren,210,8,210,30,True,/users/delfos/aina/scentree-gen-remote/scentree-gen-remote/same_ren_scentree/scenariotree_210/results_8.json,1852,31,91,59.74193548387097,91,2.3076923076923075,17,0.004761904761904762,0.08095238095238096,0.01466770483818304,0.8830503861917607,32.715133531157264
same_ren,210,9,210,30,True,/users/delfos/aina/scentree-gen-remote/scentree-gen-remote/same_ren_scentree/scenariotree_210/results_9.json,1968,31,87,63.483870967741936,87,2.413793103448276,14,0.004761904761904762,0.06666666666666667,0.01292662455971583,0.904861012497182,38.41463414634148
same_ren,220,1,220,30,True,/users/delfos/aina/scentree-gen-remote/scentree-gen-remote/same_ren_scentree/scenariotree_220/results_1.json,1863,31,76,60.096774193548384,76,2.8947368421052633,29,0.004545454545454545,0.1318181818181818,0.020268679023899647,0.8553819202486994,22.532588454376167
same_ren,220,10,220,30,True,/users/delfos/aina/scentree-gen-remote/scentree-gen-remote/same_ren_scentree/scenariotree_220/results_10.json,1790,31,91,57.74193548387097,91,2.4175824175824174,16,0.004545454545454545,0.07272727272727272,0.012910517819892975,0.898150828631104,38.230647709320706
same_ren,220,11,220,30,True,/users/delfos/aina/scentree-gen-remote/scentree-gen-remote/same_ren_scentree/scenariotree_220/results_11.json,1312,31,70,42.32258064516129,70,3.142857142857143,18,0.004545454545454545,0.08181818181818182,0.016103372425502915,0.8900316465690445,30.82802547770701
same_ren,220,12,220,30,True,/users/delfos/aina/scentree-gen-remote/scentree-gen-remote/same_ren_scentree/scenariotree_220/results_12.json,2227,31,84,71.83870967741936,84,2.619047619047619,18,0.004545454545454545,0.08181818181818182,0.01606915094563854,0.8725381202612282,29.76629766297663
same_ren,220,13,220,30,True,/users/delfos/aina/scentree-gen-remote/scentree-gen-remote/same_ren_scentree/scenariotree_220/results_13.json,1900,31,85,61.29032258064516,85,2.588235294117647,23,0.004545454545454545,0.10454545454545454,0.018893737566336624,0.8458722315019418,23.748773307163876
same_ren,220,14,220,30,True,/users/delfos/aina/scentree-gen-remote/scentree-gen-remote/same_ren_scentree/scenariotree_220/results_14.json,1970,31,95,63.54838709677419,95,2.3157894736842106,34,0.004545454545454545,0.15454545454545454,0.01940012912221368,0.8580129711364587,21.607142857142858
same_ren,220,15,220,30,True,/users/delfos/aina/scentree-gen-remote/scentree-gen-remote/same_ren_scentree/scenariotree_220/results_15.json,2701,31,125,87.12903225806451,125,1.76,13,0.004545454545454545,0.05909090909090909,0.008139283376581598,0.9353527165128739,61.42131979695431
same_ren,220,16,220,30,True,/users/delfos/aina/scentree-gen-remote/scentree-gen-remote/same_ren_scentree/scenariotree_220/results_16.json,1484,31,75,47.87096774193548,75,2.933333333333333,18,0.004545454545454545,0.08181818181818182,0.01582154846328074,0.886573907229834,31.14543114543115
same_ren,220,17,220,30,True,/users/delfos/aina/scentree-gen-remote/scentree-gen-remote/same_ren_scentree/scenariotree_220/results_17.json,2362,31,92,76.19354838709677,92,2.391304347826087,40,0.004545454545454545,0.18181818181818182,0.022136151821258266,0.8267321399837939,17.872968980797634
same_ren,220,18,220,30,True,/users/delfos/aina/scentree-gen-remote/scentree-gen-remote/same_ren_scentree/scenariotree_220/results_18.json,1887,31,81,60.87096774193548,81,2.7160493827160495,17,0.004545454545454545,0.07727272727272727,0.015372704804471634,0.8819530315559531,31.758530183727036
same_ren,220,19,220,30,True,/users/delfos/aina/scentree-gen-remote/scentree-gen-remote/same_ren_scentree/scenariotree_220/results_19.json,2003,31,89,64.61290322580645,89,2.4719101123595504,31,0.004545454545454545,0.1409090909090909,0.017678029187743003,0.8681482154868023,25.60846560846561
same_ren,220,2,220,30,True,/users/delfos/aina/scentree-gen-remote/scentree-gen-remote/same_ren_scentree/scenariotree_220/results_2.json,2527,31,110,81.51612903225806,110,2.0,14,0.004545454545454545,0.06363636363636363,0.010089754978301693,0.9174800005325405,49.28716904276986
same_ren,220,20,220,30,True,/users/delfos/aina/scentree-gen-remote/scentree-gen-remote/same_ren_scentree/scenariotree_220/results_20.json,1167,31,70,37.645161290322584,70,3.142857142857143,21,0.004545454545454545,0.09545454545454546,0.01575127127580011,0.9021941283986817,31.59268929503917
same_ren,220,21,220,30,True,/users/delfos/aina/scentree-gen-remote/scentree-gen-remote/same_ren_scentree/scenariotree_220/results_21.json,2113,31,102,68.16129032258064,102,2.156862745098039,14,0.004545454545454545,0.06363636363636363,0.010945888215288477,0.9126722503201655,45.403377110694194
same_ren,220,22,220,30,True,/users/delfos/aina/scentree-gen-remote/scentree-gen-remote/same_ren_scentree/scenariotree_220/results_22.json,1729,31,94,55.774193548387096,94,2.3404255319148937,17,0.004545454545454545,0.07727272727272727,0.014336525222798446,0.8812342313027346,33.37931034482759
same_ren,220,23,220,30,True,/users/delfos/aina/scentree-gen-remote/scentree-gen-remote/same_ren_scentree/scenariotree_220/results_23.json,2216,31,93,71.48387096774194,93,2.3655913978494625,30,0.004545454545454545,0.13636363636363635,0.019994944556083045,0.8328775463936154,20.86206896551724
same_ren,220,24,220,30,True,/users/delfos/aina/scentree-gen-remote/scentree-gen-remote/same_ren_scentree/scenariotree_220/results_24.json,2019,31,90,65.12903225806451,90,2.4444444444444446,18,0.004545454545454545,0.08181818181818182,0.01429569520298325,0.8877912340494357,33.893557422969195
same_ren,220,25,220,30,True,/users/delfos/aina/scentree-gen-remote/scentree-gen-remote/same_ren_scentree/scenariotree_220/results_25.json,975,31,68,31.451612903225808,68,3.235294117647059,30,0.004545454545454545,0.13636363636363635,0.023491400994248846,0.8388650578917467,19.145569620253163
same_ren,220,26,220,30,True,/users/delfos/aina/scentree-gen-remote/scentree-gen-remote/same_ren_scentree/scenariotree_220/results_26.json,1870,31,88,60.32258064516129,88,2.5,32,0.004545454545454545,0.14545454545454545,0.020130584212493398,0.8429911617001052,21.26537785588752
same_ren,220,27,220,30,True,/users/delfos/aina/scentree-gen-remote/scentree-gen-remote/same_ren_scentree/scenariotree_220/results_27.json,1648,31,90,53.16129032258065,90,2.4444444444444446,35,0.004545454545454545,0.1590909090909091,0.02021590431988305,0.8497321833612775,20.880069025021566
same_ren,220,28,220,30,True,/users/delfos/aina/scentree-gen-remote/scentree-gen-remote/same_ren_scentree/scenariotree_220/results_28.json,2222,31,90,71.6774193548387,90,2.4444444444444446,31,0.004545454545454545,0.1409090909090909,0.017143470528961445,0.8766383734554569,26.622662266226623
same_ren,220,29,220,30,True,/users/delfos/aina/scentree-gen-remote/scentree-gen-remote/same_ren_scentree/scenariotree_220/results_29.json,1497,31,89,48.29032258064516,89,2.4719101123595504,20,0.004545454545454545,0.09090909090909091,0.014551994948729826,0.8865880353296872,33.24175824175824
same_ren,220,3,220,30,True,/users/delfos/aina/scentree-gen-remote/scentree-gen-remote/same_ren_scentree/scenariotree_220/results_3.json,2263,31,103,73.0,103,2.1359223300970873,21,0.004545454545454545,0.09545454545454546,0.012250045132518672,0.904228426252128,39.73727422003284
same_ren,220,30,220,30,True,/users/delfos/aina/scentree-gen-remote/scentree-gen-remote/same_ren_scentree/scenariotree_220/results_30.json,1962,31,93,63.29032258064516,93,2.3655913978494625,46,0.004545454545454545,0.20909090909090908,0.023223181488824497,0.8295767177943442,16.417910447761194
same_ren,220,4,220,30,True,/users/delfos/aina/scentree-gen-remote/scentree-gen-remote/same_ren_scentree/scenariotree_220/results_4.json,1649,31,74,53.193548387096776,74,2.972972972972973,47,0.004545454545454545,0.21363636363636362,0.02823816366328513,0.8037075658821418,13.789173789173791
same_ren,220,5,220,30,True,/users/delfos/aina/scentree-gen-remote/scentree-gen-remote/same_ren_scentree/scenariotree_220/results_5.json,2254,31,90,72.70967741935483,90,2.4444444444444446,25,0.004545454545454545,0.11363636363636363,0.016050756143505762,0.8755096866714239,29.156626506024093
same_ren,220,6,220,30,True,/users/delfos/aina/scentree-gen-remote/scentree-gen-remote/same_ren_scentree/scenariotree_220/results_6.json,1313,31,68,42.354838709677416,68,3.235294117647059,24,0.004545454545454545,0.10909090909090909,0.022337807993012278,0.8371994134841989,20.560747663551403
same_ren,220,7,220,30,True,/users/delfos/aina/scentree-gen-remote/scentree-gen-remote/same_ren_scentree/scenariotree_220/results_7.json,1270,31,82,40.96774193548387,82,2.682926829268293,25,0.004545454545454545,0.11363636363636363,0.017241161037903928,0.8743821644750198,27.344632768361578
same_ren,220,8,220,30,True,/users/delfos/aina/scentree-gen-remote/scentree-gen-remote/same_ren_scentree/scenariotree_220/results_8.json,1373,31,69,44.29032258064516,69,3.1884057971014492,26,0.004545454545454545,0.11818181818181818,0.01800432738201803,0.8805620829630918,27.130044843049326
same_ren,220,9,220,30,True,/users/delfos/aina/scentree-gen-remote/scentree-gen-remote/same_ren_scentree/scenariotree_220/results_9.json,1897,31,81,61.193548387096776,81,2.7160493827160495,21,0.004545454545454545,0.09545454545454546,0.01774495604114506,0.863748365379255,26.419213973799124
same_ren,230,1,230,30,True,/users/delfos/aina/scentree-gen-remote/scentree-gen-remote/same_ren_scentree/scenariotree_230/results_1.json,2093,31,79,67.51612903225806,79,2.911392405063291,24,0.004347826086956522,0.10434782608695652,0.016947980200790105,0.8755722256321563,28.28877005347594
same_ren,230,10,230,30,True,/users/delfos/aina/scentree-gen-remote/scentree-gen-remote/same_ren_scentree/scenariotree_230/results_10.json,2739,31,132,88.35483870967742,132,1.7424242424242424,15,0.004347826086956522,0.06521739130434782,0.009804487495991969,0.9142186019321779,49.34701492537313
same_ren,230,11,230,30,True,/users/delfos/aina/scentree-gen-remote/scentree-gen-remote/same_ren_scentree/scenariotree_230/results_11.json,1807,31,82,58.29032258064516,82,2.8048780487804876,28,0.004347826086956522,0.12173913043478261,0.01982494071669132,0.8426773805516466,22.510638297872344
same_ren,230,12,230,30,True,/users/delfos/aina/scentree-gen-remote/scentree-gen-remote/same_ren_scentree/scenariotree_230/results_12.json,2194,31,85,70.7741935483871,85,2.7058823529411766,34,0.004347826086956522,0.14782608695652175,0.021844486690234217,0.8338377451692629,19.11127167630058
same_ren,230,13,230,30,True,/users/delfos/aina/scentree-gen-remote/scentree-gen-remote/same_ren_scentree/scenariotree_230/results_13.json,2261,31,95,72.93548387096774,95,2.4210526315789473,16,0.004347826086956522,0.06956521739130435,0.013829539850182395,0.8804844267408489,34.84848484848485
same_ren,230,14,230,30,True,/users/delfos/aina/scentree-gen-remote/scentree-gen-remote/same_ren_scentree/scenariotree_230/results_14.json,1641,31,92,52.935483870967744,92,2.5,25,0.004347826086956522,0.10869565217391304,0.017147391643940475,0.8624119664132952,26.370887337986044
same_ren,230,15,230,30,True,/users/delfos/aina/scentree-gen-remote/scentree-gen-remote/same_ren_scentree/scenariotree_230/results_15.json,1844,31,105,59.483870967741936,105,2.1904761904761907,42,0.004347826086956522,0.1826086956521739,0.02170262141843256,0.8240995944655884,16.955128205128204
same_ren,230,16,230,30,True,/users/delfos/aina/scentree-gen-remote/scentree-gen-remote/same_ren_scentree/scenariotree_230/results_16.json,1721,31,87,55.516129032258064,87,2.6436781609195403,24,0.004347826086956522,0.10434782608695652,0.015346804771749512,0.8804620335791438,31.264775413711583
same_ren,230,17,230,30,True,/users/delfos/aina/scentree-gen-remote/scentree-gen-remote/same_ren_scentree/scenariotree_230/results_17.json,2406,31,102,77.61290322580645,102,2.2549019607843137,35,0.004347826086956522,0.15217391304347827,0.019094811777093428,0.8427929184418423,21.27916331456155
same_ren,230,18,230,30,True,/users/delfos/aina/scentree-gen-remote/scentree-gen-remote/same_ren_scentree/scenariotree_230/results_18.json,2065,31,86,66.61290322580645,86,2.6744186046511627,21,0.004347826086956522,0.09130434782608696,0.016922938152084118,0.8631666679573357,27.580813347236706
same_ren,230,19,230,30,True,/users/delfos/aina/scentree-gen-remote/scentree-gen-remote/same_ren_scentree/scenariotree_230/results_19.json,1729,31,77,55.774193548387096,77,2.987012987012987,21,0.004347826086956522,0.09130434782608696,0.01715671120288202,0.878395113350207,28.04878048780489
same_ren,230,2,230,30,True,/users/delfos/aina/scentree-gen-remote/scentree-gen-remote/same_ren_scentree/scenariotree_230/results_2.json,1715,31,85,55.32258064516129,85,2.7058823529411766,21,0.004347826086956522,0.09130434782608696,0.017273559591576837,0.854337825998313,26.93482688391039
same_ren,230,20,230,30,True,/users/delfos/aina/scentree-gen-remote/scentree-gen-remote/same_ren_scentree/scenariotree_230/results_20.json,2009,31,87,64.80645161290323,87,2.6436781609195403,22,0.004347826086956522,0.09565217391304348,0.016611411500026985,0.8637920137975383,28.168264110756127
same_ren,230,21,230,30,True,/users/delfos/aina/scentree-gen-remote/scentree-gen-remote/same_ren_scentree/scenariotree_230/results_21.json,1891,31,79,61.0,79,2.911392405063291,33,0.004347826086956522,0.14347826086956522,0.022851977071535176,0.8183833622982101,18.548387096774192
same_ren,230,22,230,30,True,/users/delfos/aina/scentree-gen-remote/scentree-gen-remote/same_ren_scentree/scenariotree_230/results_22.json,1847,31,79,59.58064516129032,79,2.911392405063291,35,0.004347826086956522,0.15217391304347827,0.024645459249812932,0.8062975093928225,16.490024937655864
same_ren,230,23,230,30,True,/users/delfos/aina/scentree-gen-remote/scentree-gen-remote/same_ren_scentree/scenariotree_230/results_23.json,1773,31,84,57.193548387096776,84,2.738095238095238,19,0.004347826086956522,0.08260869565217391,0.014700157462019206,0.8927815046099952,33.27044025157233
same_ren,230,24,230,30,True,/users/delfos/aina/scentree-gen-remote/scentree-gen-remote/same_ren_scentree/scenariotree_230/results_24.json,2468,31,92,79.61290322580645,92,2.5,45,0.004347826086956522,0.1956521739130435,0.022294420309890452,0.8334113720283587,17.6686706746827
same_ren,230,25,230,30,True,/users/delfos/aina/scentree-gen-remote/scentree-gen-remote/same_ren_scentree/scenariotree_230/results_25.json,1970,31,84,63.54838709677419,84,2.738095238095238,30,0.004347826086956522,0.13043478260869565,0.020960368447792376,0.8287577261537207,20.487993803253293
same_ren,230,26,230,30,True,/users/delfos/aina/scentree-gen-remote/scentree-gen-remote/same_ren_scentree/scenariotree_230/results_26.json,1657,31,87,53.45161290322581,87,2.6436781609195403,24,0.004347826086956522,0.10434782608695652,0.014974168365066057,0.886665724524813,32.25609756097561
same_ren,230,27,230,30,True,/users/delfos/aina/scentree-gen-remote/scentree-gen-remote/same_ren_scentree/scenariotree_230/results_27.json,2019,31,90,65.12903225806451,90,2.5555555555555554,17,0.004347826086956522,0.07391304347826087,0.01368949499063261,0.8940309889675717,35.743243243243235
same_ren,230,28,230,30,True,/users/delfos/aina/scentree-gen-remote/scentree-gen-remote/same_ren_scentree/scenariotree_230/results_28.json,1837,31,79,59.25806451612903,79,2.911392405063291,17,0.004347826086956522,0.07391304347826087,0.01530073682536457,0.8868579205883951,32.099514563106794
same_ren,230,29,230,30,True,/users/delfos/aina/scentree-gen-remote/scentree-gen-remote/same_ren_scentree/scenariotree_230/results_29.json,2015,31,81,65.0,81,2.8395061728395063,32,0.004347826086956522,0.1391304347826087,0.018350580827759175,0.8732494816778045,25.238549618320615
same_ren,230,3,230,30,True,/users/delfos/aina/scentree-gen-remote/scentree-gen-remote/same_ren_scentree/scenariotree_230/results_3.json,1926,31,97,62.12903225806452,97,2.3711340206185567,21,0.004347826086956522,0.09130434782608696,0.012692415722949204,0.8992089346537911,38.55685131195335
same_ren,230,30,230,30,True,/users/delfos/aina/scentree-gen-remote/scentree-gen-remote/same_ren_scentree/scenariotree_230/results_30.json,2071,31,91,66.80645161290323,91,2.5274725274725274,26,0.004347826086956522,0.11304347826086956,0.016285185864690785,0.8684544719691875,28.471474703982782
same_ren,230,4,230,30,True,/users/delfos/aina/scentree-gen-remote/scentree-gen-remote/same_ren_scentree/scenariotree_230/results_4.json,1959,31,88,63.193548387096776,88,2.6136363636363638,29,0.004347826086956522,0.12608695652173912,0.01869417930338777,0.8543567103430109,23.743267504488333
same_ren,230,5,230,30,True,/users/delfos/aina/scentree-gen-remote/scentree-gen-remote/same_ren_scentree/scenariotree_230/results_5.json,2139,31,105,69.0,105,2.1904761904761907,33,0.004347826086956522,0.14347826086956522,0.020028741955252824,0.8276848266251708,19.363103953147878
same_ren,230,6,230,30,True,/users/delfos/aina/scentree-gen-remote/scentree-gen-remote/same_ren_scentree/scenariotree_230/results_6.json,1785,31,77,57.58064516129032,77,2.987012987012987,18,0.004347826086956522,0.0782608695652174,0.01575431735909594,0.8855852813353632,31.154299175500594
same_ren,230,7,230,30,True,/users/delfos/aina/scentree-gen-remote/scentree-gen-remote/same_ren_scentree/scenariotree_230/results_7.json,1948,31,86,62.83870967741935,86,2.6744186046511627,18,0.004347826086956522,0.0782608695652174,0.014862122742987418,0.8837606246224889,32.65432098765432
same_ren,230,8,230,30,True,/users/delfos/aina/scentree-gen-remote/scentree-gen-remote/same_ren_scentree/scenariotree_230/results_8.json,1698,31,70,54.774193548387096,70,3.2857142857142856,32,0.004347826086956522,0.1391304347826087,0.025891012114510364,0.8085188244369739,16.337245213094505
same_ren,230,9,230,30,True,/users/delfos/aina/scentree-gen-remote/scentree-gen-remote/same_ren_scentree/scenariotree_230/results_9.json,1543,31,85,49.774193548387096,85,2.7058823529411766,26,0.004347826086956522,0.11304347826086956,0.017337814537201443,0.8670796494307991,26.7983789260385
same_ren,240,1,240,30,True,/users/delfos/aina/scentree-gen-remote/scentree-gen-remote/same_ren_scentree/scenariotree_240/results_1.json,1990,31,93,64.19354838709677,93,2.5806451612903225,18,0.004166666666666667,0.075,0.013516364984838217,0.892993969680417,36.045056320400505
same_ren,240,10,240,30,True,/users/delfos/aina/scentree-gen-remote/scentree-gen-remote/same_ren_scentree/scenariotree_240/results_10.json,1517,31,93,48.935483870967744,93,2.5806451612903225,43,0.004166666666666667,0.17916666666666667,0.02102796699634887,0.8436489884096398,19.277108433734938
same_ren,240,11,240,30,True,/users/delfos/aina/scentree-gen-remote/scentree-gen-remote/same_ren_scentree/scenariotree_240/results_11.json,1867,31,93,60.225806451612904,93,2.5806451612903225,22,0.004166666666666667,0.09166666666666666,0.016602953719870122,0.8621351482735564,27.480916030534345
same_ren,240,12,240,30,True,/users/delfos/aina/scentree-gen-remote/scentree-gen-remote/same_ren_scentree/scenariotree_240/results_12.json,2209,31,104,71.25806451612904,104,2.3076923076923075,20,0.004166666666666667,0.08333333333333333,0.013662270183299432,0.8798498670058529,34.44976076555024
same_ren,240,13,240,30,True,/users/delfos/aina/scentree-gen-remote/scentree-gen-remote/same_ren_scentree/scenariotree_240/results_13.json,1877,31,85,60.54838709677419,85,2.823529411764706,20,0.004166666666666667,0.08333333333333333,0.01568397654736615,0.8727967340333375,30.605738575982997
same_ren,240,14,240,30,True,/users/delfos/aina/scentree-gen-remote/scentree-gen-remote/same_ren_scentree/scenariotree_240/results_14.json,1223,31,69,39.45161290322581,69,3.4782608695652173,18,0.004166666666666667,0.075,0.017771483671040395,0.871621495998262,27.559808612440182
same_ren,240,15,240,30,True,/users/delfos/aina/scentree-gen-remote/scentree-gen-remote/same_ren_scentree/scenariotree_240/results_15.json,1998,31,99,64.45161290322581,99,2.4242424242424243,17,0.004166666666666667,0.07083333333333333,0.013864763252024547,0.8812424523851606,34.326579261025024
same_ren,240,16,240,30,True,/users/delfos/aina/scentree-gen-remote/scentree-gen-remote/same_ren_scentree/scenariotree_240/results_16.json,1896,31,92,61.16129032258065,92,2.608695652173913,33,0.004166666666666667,0.1375,0.018161627177742945,0.8549957194168046,24.262847514743047
same_ren,240,17,240,30,True,/users/delfos/aina/scentree-gen-remote/scentree-gen-remote/same_ren_scentree/scenariotree_240/results_17.json,2188,31,96,70.58064516129032,96,2.5,14,0.004166666666666667,0.058333333333333334,0.011267347735824967,0.9116058971277274,44.23963133640553
same_ren,240,18,240,30,True,/users/delfos/aina/scentree-gen-remote/scentree-gen-remote/same_ren_scentree/scenariotree_240/results_18.json,1925,31,88,62.096774193548384,88,2.727272727272727,30,0.004166666666666667,0.125,0.01731375543262928,0.864681131859054,26.494940202391902
same_ren,240,19,240,30,True,/users/delfos/aina/scentree-gen-remote/scentree-gen-remote/same_ren_scentree/scenariotree_240/results_19.json,1844,31,100,59.483870967741936,100,2.4,54,0.004166666666666667,0.225,0.023533368744071564,0.8231645002253928,15.2947424322889
same_ren,240,2,240,30,True,/users/delfos/aina/scentree-gen-remote/scentree-gen-remote/same_ren_scentree/scenariotree_240/results_2.json,2174,31,97,70.12903225806451,97,2.4742268041237114,20,0.004166666666666667,0.08333333333333333,0.015042094232735156,0.8692795044105132,31.00107642626481
same_ren,240,20,240,30,True,/users/delfos/aina/scentree-gen-remote/scentree-gen-remote/same_ren_scentree/scenariotree_240/results_20.json,1884,31,99,60.774193548387096,99,2.4242424242424243,55,0.004166666666666667,0.22916666666666666,0.02349638578341731,0.8291775719993335,15.442359249329757
same_ren,240,21,240,30,True,/users/delfos/aina/scentree-gen-remote/scentree-gen-remote/same_ren_scentree/scenariotree_240/results_21.json,1870,31,88,60.32258064516129,88,2.727272727272727,25,0.004166666666666667,0.10416666666666667,0.015974343093908744,0.8717353211775656,29.568788501026695
same_ren,240,22,240,30,True,/users/delfos/aina/scentree-gen-remote/scentree-gen-remote/same_ren_scentree/scenariotree_240/results_22.json,2295,31,93,74.03225806451613,93,2.5806451612903225,38,0.004166666666666667,0.15833333333333333,0.01961321959437978,0.8524476238846551,21.49253731343283
same_ren,240,23,240,30,True,/users/delfos/aina/scentree-gen-remote/scentree-gen-remote/same_ren_scentree/scenariotree_240/results_23.json,2001,31,84,64.54838709677419,84,2.857142857142857,38,0.004166666666666667,0.15833333333333333,0.023102089476296807,0.8132616481537029,17.625458996328028
same_ren,240,24,240,30,True,/users/delfos/aina/scentree-gen-remote/scentree-gen-remote/same_ren_scentree/scenariotree_240/results_24.json,2244,31,97,72.38709677419355,97,2.4742268041237114,52,0.004166666666666667,0.21666666666666667,0.02372985357239744,0.8072474796586685,15.401069518716573
same_ren,240,25,240,30,True,/users/delfos/aina/scentree-gen-remote/scentree-gen-remote/same_ren_scentree/scenariotree_240/results_25.json,2175,31,97,70.16129032258064,97,2.4742268041237114,17,0.004166666666666667,0.07083333333333333,0.012160227305281195,0.9030817691609464,40.563380281690144
same_ren,240,26,240,30,True,/users/delfos/aina/scentree-gen-remote/scentree-gen-remote/same_ren_scentree/scenariotree_240/results_26.json,1486,31,79,47.935483870967744,79,3.037974683544304,32,0.004166666666666667,0.13333333333333333,0.02111563000086567,0.8386358962482013,20.88469905728788
same_ren,240,27,240,30,True,/users/delfos/aina/scentree-gen-remote/scentree-gen-remote/same_ren_scentree/scenariotree_240/results_27.json,2239,31,102,72.2258064516129,102,2.3529411764705883,25,0.004166666666666667,0.10416666666666667,0.014311151169704255,0.8833820082302103,32.579185520361996
same_ren,240,28,240,30,True,/users/delfos/aina/scentree-gen-remote/scentree-gen-remote/same_ren_scentree/scenariotree_240/results_28.json,2415,31,103,77.90322580645162,103,2.3300970873786406,26,0.004166666666666667,0.10833333333333334,0.015354806240214907,0.8732720283886226,29.417773237997945
same_ren,240,29,240,30,True,/users/delfos/aina/scentree-gen-remote/scentree-gen-remote/same_ren_scentree/scenariotree_240/results_29.json,2434,31,112,78.51612903225806,112,2.142857142857143,27,0.004166666666666667,0.1125,0.013671052473637918,0.8884388280019976,33.48837209302325
same_ren,240,3,240,30,True,/users/delfos/aina/scentree-gen-remote/scentree-gen-remote/same_ren_scentree/scenariotree_240/results_3.json,1648,31,108,53.16129032258065,108,2.2222222222222223,27,0.004166666666666667,0.1125,0.015281284670462043,0.8655666751003176,29.00302114803625
same_ren,240,30,240,30,True,/users/delfos/aina/scentree-gen-remote/scentree-gen-remote/same_ren_scentree/scenariotree_240/results_30.json,2526,31,108,81.48387096774194,108,2.2222222222222223,15,0.004166666666666667,0.0625,0.010911596064252476,0.9078735107859245,45.211930926216645
same_ren,240,4,240,30,True,/users/delfos/aina/scentree-gen-remote/scentree-gen-remote/same_ren_scentree/scenariotree_240/results_4.json,2239,31,99,72.2258064516129,99,2.4242424242424243,31,0.004166666666666667,0.12916666666666668,0.020821468920401966,0.8127325936880049,18.86051080550098
same_ren,240,5,240,30,True,/users/delfos/aina/scentree-gen-remote/scentree-gen-remote/same_ren_scentree/scenariotree_240/results_5.json,1738,31,83,56.064516129032256,83,2.891566265060241,31,0.004166666666666667,0.12916666666666668,0.020154731609193142,0.8411523546026826,21.851289833080422
same_ren,240,6,240,30,True,/users/delfos/aina/scentree-gen-remote/scentree-gen-remote/same_ren_scentree/scenariotree_240/results_6.json,2169,31,102,69.96774193548387,102,2.3529411764705883,32,0.004166666666666667,0.13333333333333333,0.015921314069570692,0.8699853743019302,28.04284323271664
same_ren,240,7,240,30,True,/users/delfos/aina/scentree-gen-remote/scentree-gen-remote/same_ren_scentree/scenariotree_240/results_7.json,1950,31,97,62.903225806451616,97,2.4742268041237114,19,0.004166666666666667,0.07916666666666666,0.015254766398590193,0.8667011724621718,30.41182682154172
same_ren,240,8,240,30,True,/users/delfos/aina/scentree-gen-remote/scentree-gen-remote/same_ren_scentree/scenariotree_240/results_8.json,2150,31,91,69.35483870967742,91,2.6373626373626373,33,0.004166666666666667,0.1375,0.019480004497235966,0.8395958495817261,21.967963386727686
same_ren,240,9,240,30,True,/users/delfos/aina/scentree-gen-remote/scentree-gen-remote/same_ren_scentree/scenariotree_240/results_9.json,1712,31,87,55.225806451612904,87,2.7586206896551726,20,0.004166666666666667,0.08333333333333333,0.014040819170755794,0.8934063550859527,34.90909090909092
same_ren,250,1,250,30,True,/users/delfos/aina/scentree-gen-remote/scentree-gen-remote/same_ren_scentree/scenariotree_250/results_1.json,1850,31,92,59.67741935483871,92,2.717391304347826,48,0.004,0.192,0.022304813962414505,0.8294013216769307,17.65536723163841
same_ren,250,10,250,30,True,/users/delfos/aina/scentree-gen-remote/scentree-gen-remote/same_ren_scentree/scenariotree_250/results_10.json,2337,31,107,75.38709677419355,107,2.336448598130841,19,0.004,0.076,0.012203188493818717,0.890863406795554,39.55696202531646
same_ren,250,11,250,30,True,/users/delfos/aina/scentree-gen-remote/scentree-gen-remote/same_ren_scentree/scenariotree_250/results_11.json,2310,31,91,74.51612903225806,91,2.7472527472527473,16,0.004,0.064,0.014313211069140611,0.8754565226338787,33.747300215982726
same_ren,250,12,250,30,True,/users/delfos/aina/scentree-gen-remote/scentree-gen-remote/same_ren_scentree/scenariotree_250/results_12.json,1460,31,66,47.096774193548384,66,3.787878787878788,20,0.004,0.08,0.015671091339307608,0.9024791561731701,31.887755102040817
same_ren,250,13,250,30,True,/users/delfos/aina/scentree-gen-remote/scentree-gen-remote/same_ren_scentree/scenariotree_250/results_13.json,2037,31,98,65.70967741935483,98,2.5510204081632653,25,0.004,0.1,0.014056706717735777,0.8844897111854068,33.820346320346324
same_ren,250,14,250,30,True,/users/delfos/aina/scentree-gen-remote/scentree-gen-remote/same_ren_scentree/scenariotree_250/results_14.json,2239,31,111,72.2258064516129,111,2.2522522522522523,20,0.004,0.08,0.012562991191057388,0.8889736890659874,37.6960193003619
same_ren,250,15,250,30,True,/users/delfos/aina/scentree-gen-remote/scentree-gen-remote/same_ren_scentree/scenariotree_250/results_15.json,2048,31,88,66.06451612903226,88,2.840909090909091,48,0.004,0.192,0.022261964004155477,0.8352956821325644,18.189755529685684
same_ren,250,16,250,30,True,/users/delfos/aina/scentree-gen-remote/scentree-gen-remote/same_ren_scentree/scenariotree_250/results_16.json,1639,31,95,52.87096774193548,95,2.6315789473684212,30,0.004,0.12,0.018463529972845706,0.8448681268302496,23.303504847129012
same_ren,250,17,250,30,True,/users/delfos/aina/scentree-gen-remote/scentree-gen-remote/same_ren_scentree/scenariotree_250/results_17.json,2056,31,82,66.3225806451613,82,3.048780487804878,33,0.004,0.132,0.021266278714222233,0.8287909866768391,20.29220779220779
same_ren,250,18,250,30,True,/users/delfos/aina/scentree-gen-remote/scentree-gen-remote/same_ren_scentree/scenariotree_250/results_18.json,2025,31,105,65.3225806451613,105,2.380952380952381,61,0.004,0.244,0.024436543765471705,0.8115676517317472,13.845813026140894
same_ren,250,19,250,30,True,/users/delfos/aina/scentree-gen-remote/scentree-gen-remote/same_ren_scentree/scenariotree_250/results_19.json,2444,31,92,78.83870967741936,92,2.717391304347826,34,0.004,0.136,0.020287722455210686,0.8270299288418633,20.518713066316476
same_ren,250,2,250,30,True,/users/delfos/aina/scentree-gen-remote/scentree-gen-remote/same_ren_scentree/scenariotree_250/results_2.json,2385,31,110,76.93548387096774,110,2.272727272727273,22,0.004,0.088,0.013418132544871345,0.8781581176551297,34.60686600221484
same_ren,250,20,250,30,True,/users/delfos/aina/scentree-gen-remote/scentree-gen-remote/same_ren_scentree/scenariotree_250/results_20.json,1222,31,78,39.41935483870968,78,3.2051282051282053,52,0.004,0.208,0.02494185216620058,0.8373666019590451,16.301512780386016
same_ren,250,21,250,30,True,/users/delfos/aina/scentree-gen-remote/scentree-gen-remote/same_ren_scentree/scenariotree_250/results_21.json,2119,31,91,68.35483870967742,91,2.7472527472527473,20,0.004,0.08,0.01486754301441881,0.8797832708833048,32.150205761316876
same_ren,250,22,250,30,True,/users/delfos/aina/scentree-gen-remote/scentree-gen-remote/same_ren_scentree/scenariotree_250/results_22.json,2380,31,116,76.7741935483871,116,2.1551724137931036,46,0.004,0.184,0.018244344977617222,0.8531041247193718,21.172086720867203
same_ren,250,23,250,30,True,/users/delfos/aina/scentree-gen-remote/scentree-gen-remote/same_ren_scentree/scenariotree_250/results_23.json,2023,31,110,65.25806451612904,110,2.272727272727273,30,0.004,0.12,0.01621589873860917,0.8608471407485073,26.3047138047138
same_ren,250,24,250,30,True,/users/delfos/aina/scentree-gen-remote/scentree-gen-remote/same_ren_scentree/scenariotree_250/results_24.json,2597,31,109,83.7741935483871,109,2.293577981651376,27,0.004,0.108,0.014910647655865947,0.8687667255229388,29.932950191570868
same_ren,250,25,250,30,True,/users/delfos/aina/scentree-gen-remote/scentree-gen-remote/same_ren_scentree/scenariotree_250/results_25.json,2179,31,125,70.29032258064517,125,2.0,14,0.004,0.056,0.00906509790349779,0.9183383419341424,54.72854640980738
same_ren,250,26,250,30,True,/users/delfos/aina/scentree-gen-remote/scentree-gen-remote/same_ren_scentree/scenariotree_250/results_26.json,1300,31,86,41.935483870967744,86,2.9069767441860463,35,0.004,0.14,0.018173611403163852,0.8689734688586394,24.98001598721023
same_ren,250,27,250,30,True,/users/delfos/aina/scentree-gen-remote/scentree-gen-remote/same_ren_scentree/scenariotree_250/results_27.json,2358,31,101,76.06451612903226,101,2.4752475247524752,44,0.004,0.176,0.02193487433041254,0.8175157395209772,17.095185995623634
same_ren,250,28,250,30,True,/users/delfos/aina/scentree-gen-remote/scentree-gen-remote/same_ren_scentree/scenariotree_250/results_28.json,2089,31,82,67.38709677419355,82,3.048780487804878,25,0.004,0.1,0.0191517935378605,0.8402726150439549,23.656320968962905
same_ren,250,29,250,30,True,/users/delfos/aina/scentree-gen-remote/scentree-gen-remote/same_ren_scentree/scenariotree_250/results_29.json,2375,31,105,76.61290322580645,105,2.380952380952381,33,0.004,0.132,0.017170348327218192,0.8468686865659476,24.703557312252965
same_ren,250,3,250,30,True,/users/delfos/aina/scentree-gen-remote/scentree-gen-remote/same_ren_scentree/scenariotree_250/results_3.json,2210,31,100,71.29032258064517,100,2.5,26,0.004,0.104,0.015466091943344968,0.8635061215832269,29.481132075471688
same_ren,250,30,250,30,True,/users/delfos/aina/scentree-gen-remote/scentree-gen-remote/same_ren_scentree/scenariotree_250/results_30.json,2220,31,92,71.61290322580645,92,2.717391304347826,16,0.004,0.064,0.013504602590054692,0.8857996525067142,36.16898148148148
same_ren,250,4,250,30,True,/users/delfos/aina/scentree-gen-remote/scentree-gen-remote/same_ren_scentree/scenariotree_250/results_4.json,2022,31,97,65.2258064516129,97,2.577319587628866,23,0.004,0.092,0.01576983995025129,0.8573385933097576,29.042750929368026
same_ren,250,5,250,30,True,/users/delfos/aina/scentree-gen-remote/scentree-gen-remote/same_ren_scentree/scenariotree_250/results_5.json,2145,31,91,69.19354838709677,91,2.7472527472527473,25,0.004,0.1,0.016831090087316144,0.8577725741631509,27.197563098346382
same_ren,250,6,250,30,True,/users/delfos/aina/scentree-gen-remote/scentree-gen-remote/same_ren_scentree/scenariotree_250/results_6.json,1888,31,89,60.903225806451616,89,2.808988764044944,24,0.004,0.096,0.016540058606141918,0.8538998882398561,28.102517985611506
same_ren,250,7,250,30,True,/users/delfos/aina/scentree-gen-remote/scentree-gen-remote/same_ren_scentree/scenariotree_250/results_7.json,1608,31,99,51.87096774193548,99,2.525252525252525,36,0.004,0.144,0.016954779397982195,0.8672800287054409,25.933609958506224
same_ren,250,8,250,30,True,/users/delfos/aina/scentree-gen-remote/scentree-gen-remote/same_ren_scentree/scenariotree_250/results_8.json,1863,31,122,60.096774193548384,122,2.0491803278688523,24,0.004,0.096,0.010982578860656064,0.9072966597010598,43.64525139664806
same_ren,250,9,250,30,True,/users/delfos/aina/scentree-gen-remote/scentree-gen-remote/same_ren_scentree/scenariotree_250/results_9.json,2133,31,98,68.80645161290323,98,2.5510204081632653,55,0.004,0.22,0.025992918652490118,0.7848472291715458,13.086264656616413
same_ren,260,1,260,30,True,/users/delfos/aina/scentree-gen-remote/scentree-gen-remote/same_ren_scentree/scenariotree_260/results_1.json,2399,31,109,77.38709677419355,109,2.385321100917431,28,0.0038461538461538464,0.1076923076923077,0.014771739679726562,0.8636441452743606,30.341113105924595
same_ren,260,10,260,30,True,/users/delfos/aina/scentree-gen-remote/scentree-gen-remote/same_ren_scentree/scenariotree_260/results_10.json,2090,31,109,67.41935483870968,109,2.385321100917431,29,0.0038461538461538464,0.11153846153846154,0.01617507306555883,0.8570330811690352,26.53061224489796
same_ren,260,11,260,30,True,/users/delfos/aina/scentree-gen-remote/scentree-gen-remote/same_ren_scentree/scenariotree_260/results_11.json,2548,31,110,82.19354838709677,110,2.3636363636363638,31,0.0038461538461538464,0.11923076923076924,0.015425882352379548,0.8614344321000463,28.35570469798657
same_ren,260,12,260,30,True,/users/delfos/aina/scentree-gen-remote/scentree-gen-remote/same_ren_scentree/scenariotree_260/results_12.json,1889,31,97,60.935483870967744,97,2.6804123711340204,25,0.0038461538461538464,0.09615384615384616,0.016030707658784536,0.8652499353400028,28.379513014273723
same_ren,260,13,260,30,True,/users/delfos/aina/scentree-gen-remote/scentree-gen-remote/same_ren_scentree/scenariotree_260/results_13.json,1972,31,107,63.61290322580645,107,2.4299065420560746,33,0.0038461538461538464,0.12692307692307692,0.017153133272629906,0.8481619554923879,24.49275362318841
same_ren,260,14,260,30,True,/users/delfos/aina/scentree-gen-remote/scentree-gen-remote/same_ren_scentree/scenariotree_260/results_14.json,2512,31,100,81.03225806451613,100,2.6,44,0.0038461538461538464,0.16923076923076924,0.02271511240035908,0.8052113651457645,16.23439000960615
same_ren,260,15,260,30,True,/users/delfos/aina/scentree-gen-remote/scentree-gen-remote/same_ren_scentree/scenariotree_260/results_15.json,2106,31,80,67.93548387096774,80,3.25,36,0.0038461538461538464,0.13846153846153847,0.019417363973223533,0.855485565174879,23.439667128987516
same_ren,260,16,260,30,True,/users/delfos/aina/scentree-gen-remote/scentree-gen-remote/same_ren_scentree/scenariotree_260/results_16.json,2161,31,85,69.70967741935483,85,3.0588235294117645,30,0.0038461538461538464,0.11538461538461539,0.018368477185559468,0.8524706808957764,24.72567666422823
same_ren,260,17,260,30,True,/users/delfos/aina/scentree-gen-remote/scentree-gen-remote/same_ren_scentree/scenariotree_260/results_17.json,1692,31,73,54.58064516129032,73,3.5616438356164384,27,0.0038461538461538464,0.10384615384615385,0.018927924167034944,0.8595162000333438,25.092798812175204
same_ren,260,18,260,30,True,/users/delfos/aina/scentree-gen-remote/scentree-gen-remote/same_ren_scentree/scenariotree_260/results_18.json,1133,31,64,36.54838709677419,64,4.0625,39,0.0038461538461538464,0.15,0.02273255679226623,0.8458372074711449,20.534629404617256
same_ren,260,19,260,30,True,/users/delfos/aina/scentree-gen-remote/scentree-gen-remote/same_ren_scentree/scenariotree_260/results_19.json,2045,31,107,65.96774193548387,107,2.4299065420560746,35,0.0038461538461538464,0.1346153846153846,0.01574095015869959,0.868046647799519,27.88778877887789
same_ren,260,2,260,30,True,/users/delfos/aina/scentree-gen-remote/scentree-gen-remote/same_ren_scentree/scenariotree_260/results_2.json,2350,31,92,75.80645161290323,92,2.8260869565217392,22,0.0038461538461538464,0.08461538461538462,0.015629414176092326,0.8664602967774758,29.991126885536815
same_ren,260,20,260,30,True,/users/delfos/aina/scentree-gen-remote/scentree-gen-remote/same_ren_scentree/scenariotree_260/results_20.json,2092,31,93,67.48387096774194,93,2.795698924731183,28,0.0038461538461538464,0.1076923076923077,0.014746475135195643,0.8827448996826771,32.282712511938875
same_ren,260,21,260,30,True,/users/delfos/aina/scentree-gen-remote/scentree-gen-remote/same_ren_scentree/scenariotree_260/results_21.json,2279,31,107,73.51612903225806,107,2.4299065420560746,43,0.0038461538461538464,0.16538461538461538,0.01987151221229703,0.8219414344952455,19.38073394495413
same_ren,260,22,260,30,True,/users/delfos/aina/scentree-gen-remote/scentree-gen-remote/same_ren_scentree/scenariotree_260/results_22.json,2192,31,97,70.70967741935483,97,2.6804123711340204,20,0.0038461538461538464,0.07692307692307693,0.013028861529996426,0.8908443755823124,37.34806629834253
same_ren,260,23,260,30,True,/users/delfos/aina/scentree-gen-remote/scentree-gen-remote/same_ren_scentree/scenariotree_260/results_23.json,2210,31,103,71.29032258064517,103,2.5242718446601944,18,0.0038461538461538464,0.06923076923076923,0.011922229609177954,0.8936540383957124,41.069258809234505
same_ren,260,24,260,30,True,/users/delfos/aina/scentree-gen-remote/scentree-gen-remote/same_ren_scentree/scenariotree_260/results_24.json,2342,31,86,75.54838709677419,86,3.0232558139534884,39,0.0038461538461538464,0.15,0.020902118635024933,0.8356540581806312,20.32471437161756
same_ren,260,25,260,30,True,/users/delfos/aina/scentree-gen-remote/scentree-gen-remote/same_ren_scentree/scenariotree_260/results_25.json,1886,31,95,60.83870967741935,95,2.736842105263158,24,0.0038461538461538464,0.09230769230769231,0.014976474090404706,0.8721006179614494,31.41263940520446
same_ren,260,26,260,30,True,/users/delfos/aina/scentree-gen-remote/scentree-gen-remote/same_ren_scentree/scenariotree_260/results_26.json,2278,31,101,73.48387096774194,101,2.5742574257425743,31,0.0038461538461538464,0.11923076923076924,0.016383656496738935,0.8528672809501456,27.01838529176658
same_ren,260,27,260,30,True,/users/delfos/aina/scentree-gen-remote/scentree-gen-remote/same_ren_scentree/scenariotree_260/results_27.json,2543,31,96,82.03225806451613,96,2.7083333333333335,16,0.0038461538461538464,0.06153846153846154,0.011814495590106767,0.9007007196019724,41.98757763975154
same_ren,260,28,260,30,True,/users/delfos/aina/scentree-gen-remote/scentree-gen-remote/same_ren_scentree/scenariotree_260/results_28.json,1795,31,98,57.903225806451616,98,2.6530612244897958,26,0.0038461538461538464,0.1,0.013781267385914979,0.8861902746437618,34.70225872689939
same_ren,260,29,260,30,True,/users/delfos/aina/scentree-gen-remote/scentree-gen-remote/same_ren_scentree/scenariotree_260/results_29.json,2466,31,113,79.54838709677419,113,2.3008849557522124,29,0.0038461538461538464,0.11153846153846154,0.013312507301205867,0.8822201263939994,34.631147540983605
same_ren,260,3,260,30,True,/users/delfos/aina/scentree-gen-remote/scentree-gen-remote/same_ren_scentree/scenariotree_260/results_3.json,2016,31,80,65.03225806451613,80,3.25,30,0.0038461538461538464,0.11538461538461539,0.01682554939447849,0.8747520676655106,28.451178451178453
same_ren,260,30,260,30,True,/users/delfos/aina/scentree-gen-remote/scentree-gen-remote/same_ren_scentree/scenariotree_260/results_30.json,2743,31,115,88.48387096774194,115,2.260869565217391,27,0.0038461538461538464,0.10384615384615385,0.014883882575288719,0.8656129582906856,29.264069264069267
same_ren,260,4,260,30,True,/users/delfos/aina/scentree-gen-remote/scentree-gen-remote/same_ren_scentree/scenariotree_260/results_4.json,2053,31,99,66.2258064516129,99,2.6262626262626263,43,0.0038461538461538464,0.16538461538461538,0.02124695802523267,0.8312351919180401,18.25053995680346
same_ren,260,5,260,30,True,/users/delfos/aina/scentree-gen-remote/scentree-gen-remote/same_ren_scentree/scenariotree_260/results_5.json,2181,31,105,70.35483870967742,105,2.4761904761904763,31,0.0038461538461538464,0.11923076923076924,0.015666782714166806,0.8588188330908035,28.33193629505448
same_ren,260,6,260,30,True,/users/delfos/aina/scentree-gen-remote/scentree-gen-remote/same_ren_scentree/scenariotree_260/results_6.json,2292,31,110,73.93548387096774,110,2.3636363636363638,21,0.0038461538461538464,0.08076923076923077,0.011335360194019109,0.9073999111819406,43.05732484076432
same_ren,260,7,260,30,True,/users/delfos/aina/scentree-gen-remote/scentree-gen-remote/same_ren_scentree/scenariotree_260/results_7.json,2062,31,103,66.51612903225806,103,2.5242718446601944,44,0.0038461538461538464,0.16923076923076924,0.020400177667454902,0.8184588688906979,19.020821609454135
same_ren,260,8,260,30,True,/users/delfos/aina/scentree-gen-remote/scentree-gen-remote/same_ren_scentree/scenariotree_260/results_8.json,2159,31,104,69.64516129032258,104,2.5,24,0.0038461538461538464,0.09230769230769231,0.014924708627929203,0.8616726783362498,30.505415162454863
same_ren,260,9,260,30,True,/users/delfos/aina/scentree-gen-remote/scentree-gen-remote/same_ren_scentree/scenariotree_260/results_9.json,2674,31,103,86.25806451612904,103,2.5242718446601944,14,0.0038461538461538464,0.05384615384615385,0.010568445379608266,0.9093608562908636,47.140864714086476
same_ren,270,1,270,30,True,/users/delfos/aina/scentree-gen-remote/scentree-gen-remote/same_ren_scentree/scenariotree_270/results_1.json,2614,31,116,84.3225806451613,116,2.3275862068965516,24,0.003703703703703704,0.08888888888888889,0.01200901406541637,0.8885552049927735,39.44805194805194
same_ren,270,10,270,30,True,/users/delfos/aina/scentree-gen-remote/scentree-gen-remote/same_ren_scentree/scenariotree_270/results_10.json,1820,31,85,58.70967741935484,85,3.176470588235294,29,0.003703703703703704,0.10740740740740741,0.017668294600670938,0.8570071358377124,26.11031518624642
same_ren,270,11,270,30,True,/users/delfos/aina/scentree-gen-remote/scentree-gen-remote/same_ren_scentree/scenariotree_270/results_11.json,2144,31,90,69.16129032258064,90,3.0,60,0.003703703703703704,0.2222222222222222,0.026684950293543303,0.7810341689357625,13.298066399124412
same_ren,270,12,270,30,True,/users/delfos/aina/scentree-gen-remote/scentree-gen-remote/same_ren_scentree/scenariotree_270/results_12.json,1945,31,95,62.74193548387097,95,2.8421052631578947,29,0.003703703703703704,0.10740740740740741,0.016687799376558107,0.8589453452963874,27.040059347181014
same_ren,270,13,270,30,True,/users/delfos/aina/scentree-gen-remote/scentree-gen-remote/same_ren_scentree/scenariotree_270/results_13.json,2187,31,97,70.54838709677419,97,2.783505154639175,37,0.003703703703703704,0.13703703703703704,0.01779198557347147,0.8513977604823049,24.381270903010034
same_ren,270,14,270,30,True,/users/delfos/aina/scentree-gen-remote/scentree-gen-remote/same_ren_scentree/scenariotree_270/results_14.json,2227,31,94,71.83870967741936,94,2.872340425531915,33,0.003703703703703704,0.12222222222222222,0.01716260678956115,0.8576189567012824,26.091624910522558
same_ren,270,15,270,30,True,/users/delfos/aina/scentree-gen-remote/scentree-gen-remote/same_ren_scentree/scenariotree_270/results_15.json,2240,31,104,72.25806451612904,104,2.5961538461538463,25,0.003703703703703704,0.09259259259259259,0.013919901091565774,0.8831895826713801,33.59447004608295
same_ren,270,16,270,30,True,/users/delfos/aina/scentree-gen-remote/scentree-gen-remote/same_ren_scentree/scenariotree_270/results_16.json,2311,31,101,74.54838709677419,101,2.6732673267326734,24,0.003703703703703704,0.08888888888888889,0.013937235603005147,0.8844337156797427,33.875464684014865
same_ren,270,17,270,30,True,/users/delfos/aina/scentree-gen-remote/scentree-gen-remote/same_ren_scentree/scenariotree_270/results_17.json,2269,31,110,73.19354838709677,110,2.4545454545454546,28,0.003703703703703704,0.1037037037037037,0.015251447476061662,0.8561378819452353,28.837025316455712
same_ren,270,18,270,30,True,/users/delfos/aina/scentree-gen-remote/scentree-gen-remote/same_ren_scentree/scenariotree_270/results_18.json,1643,31,103,53.0,103,2.621359223300971,37,0.003703703703703704,0.13703703703703704,0.015241224988991761,0.8789051025922744,29.730831973898862
same_ren,270,19,270,30,True,/users/delfos/aina/scentree-gen-remote/scentree-gen-remote/same_ren_scentree/scenariotree_270/results_19.json,2690,31,110,86.7741935483871,110,2.4545454545454546,22,0.003703703703703704,0.08148148148148149,0.014548415959911317,0.8623560409861433,30.889830508474578
same_ren,270,2,270,30,True,/users/delfos/aina/scentree-gen-remote/scentree-gen-remote/same_ren_scentree/scenariotree_270/results_2.json,2579,31,117,83.19354838709677,117,2.3076923076923075,43,0.003703703703703704,0.15925925925925927,0.01690995128481573,0.8539668222980269,23.807968647942523
same_ren,270,20,270,30,True,/users/delfos/aina/scentree-gen-remote/scentree-gen-remote/same_ren_scentree/scenariotree_270/results_20.json,1876,31,82,60.516129032258064,82,3.292682926829268,43,0.003703703703703704,0.15925925925925927,0.025799717356280727,0.7820940855815244,14.975349219391942
same_ren,270,21,270,30,True,/users/delfos/aina/scentree-gen-remote/scentree-gen-remote/same_ren_scentree/scenariotree_270/results_21.json,2910,31,139,93.87096774193549,139,1.9424460431654675,36,0.003703703703703704,0.13333333333333333,0.0125560965794888,0.8863263487711459,34.35438265786993
same_ren,270,22,270,30,True,/users/delfos/aina/scentree-gen-remote/scentree-gen-remote/same_ren_scentree/scenariotree_270/results_22.json,2581,31,116,83.25806451612904,116,2.3275862068965516,22,0.003703703703703704,0.08148148148148149,0.012491668497923466,0.8861246144013966,37.42299794661191
same_ren,270,23,270,30,True,/users/delfos/aina/scentree-gen-remote/scentree-gen-remote/same_ren_scentree/scenariotree_270/results_23.json,2076,31,99,66.96774193548387,99,2.727272727272727,59,0.003703703703703704,0.21851851851851853,0.023405450236042798,0.8117407015957283,15.543710021321964
same_ren,270,24,270,30,True,/users/delfos/aina/scentree-gen-remote/scentree-gen-remote/same_ren_scentree/scenariotree_270/results_24.json,2593,31,99,83.64516129032258,99,2.727272727272727,21,0.003703703703703704,0.07777777777777778,0.011410338969372692,0.9078486899983863,43.496420047732684
same_ren,270,25,270,30,True,/users/delfos/aina/scentree-gen-remote/scentree-gen-remote/same_ren_scentree/scenariotree_270/results_25.json,2209,31,104,71.25806451612904,104,2.5961538461538463,33,0.003703703703703704,0.12222222222222222,0.014586192057067524,0.8800036085518664,31.503889369057905
same_ren,270,26,270,30,True,/users/delfos/aina/scentree-gen-remote/scentree-gen-remote/same_ren_scentree/scenariotree_270/results_26.json,1703,31,100,54.935483870967744,100,2.7,30,0.003703703703703704,0.1111111111111111,0.016683119451192902,0.847793167270653,26.43219724437999
same_ren,270,27,270,30,True,/users/delfos/aina/scentree-gen-remote/scentree-gen-remote/same_ren_scentree/scenariotree_270/results_27.json,1621,31,88,52.29032258064516,88,3.0681818181818183,24,0.003703703703703704,0.08888888888888889,0.014886144094130804,0.8791217232348594,32.4
same_ren,270,28,270,30,True,/users/delfos/aina/scentree-gen-remote/scentree-gen-remote/same_ren_scentree/scenariotree_270/results_28.json,2637,31,109,85.06451612903226,109,2.477064220183486,24,0.003703703703703704,0.08888888888888889,0.015734264065210817,0.842532193002925,27.655538694992423
same_ren,270,29,270,30,True,/users/delfos/aina/scentree-gen-remote/scentree-gen-remote/same_ren_scentree/scenariotree_270/results_29.json,2420,31,108,78.06451612903226,108,2.5,21,0.003703703703703704,0.07777777777777778,0.013282367155154332,0.8750506230844841,35.31976744186046
same_ren,270,3,270,30,True,/users/delfos/aina/scentree-gen-remote/scentree-gen-remote/same_ren_scentree/scenariotree_270/results_3.json,2382,31,86,76.83870967741936,86,3.13953488372093,27,0.003703703703703704,0.1,0.014955861631511915,0.8834467912950216,32.39999999999999
same_ren,270,30,270,30,True,/users/delfos/aina/scentree-gen-remote/scentree-gen-remote/same_ren_scentree/scenariotree_270/results_30.json,2229,31,121,71.90322580645162,121,2.231404958677686,17,0.003703703703703704,0.06296296296296296,0.011225412800684651,0.8900277157277567,42.532088681446915
same_ren,270,4,270,30,True,/users/delfos/aina/scentree-gen-remote/scentree-gen-remote/same_ren_scentree/scenariotree_270/results_4.json,2496,31,100,80.51612903225806,100,2.7,51,0.003703703703703704,0.18888888888888888,0.02148467409225656,0.8205259053758416,17.806546165119695
same_ren,270,5,270,30,True,/users/delfos/aina/scentree-gen-remote/scentree-gen-remote/same_ren_scentree/scenariotree_270/results_5.json,2439,31,122,78.6774193548387,122,2.2131147540983607,58,0.003703703703703704,0.21481481481481482,0.019889898589179868,0.8383529297423572,17.711370262390673
same_ren,270,6,270,30,True,/users/delfos/aina/scentree-gen-remote/scentree-gen-remote/same_ren_scentree/scenariotree_270/results_6.json,1785,31,97,57.58064516129032,97,2.783505154639175,28,0.003703703703703704,0.1037037037037037,0.015561798090348147,0.8652672063750919,29.586038961038966
same_ren,270,7,270,30,True,/users/delfos/aina/scentree-gen-remote/scentree-gen-remote/same_ren_scentree/scenariotree_270/results_7.json,2003,31,101,64.61290322580645,101,2.6732673267326734,34,0.003703703703703704,0.1259259259259259,0.015679816183080952,0.8714970179062315,28.791469194312807
same_ren,270,8,270,30,True,/users/delfos/aina/scentree-gen-remote/scentree-gen-remote/same_ren_scentree/scenariotree_270/results_8.json,2346,31,108,75.6774193548387,108,2.5,21,0.003703703703703704,0.07777777777777778,0.012775441626564103,0.885113847314383,37.1938775510204
same_ren,270,9,270,30,True,/users/delfos/aina/scentree-gen-remote/scentree-gen-remote/same_ren_scentree/scenariotree_270/results_9.json,1790,31,89,57.74193548387097,89,3.033707865168539,50,0.003703703703703704,0.18518518518518517,0.02288813225879371,0.8135375699407206,17.28307254623045
same_ren,280,1,280,30,True,/users/delfos/aina/scentree-gen-remote/scentree-gen-remote/same_ren_scentree/scenariotree_280/results_1.json,2511,31,108,81.0,108,2.5925925925925926,28,0.0035714285714285713,0.1,0.01416147227897381,0.8658583210181109,32.34323432343234
same_ren,280,10,280,30,True,/users/delfos/aina/scentree-gen-remote/scentree-gen-remote/same_ren_scentree/scenariotree_280/results_10.json,1789,31,75,57.70967741935484,75,3.7333333333333334,47,0.0035714285714285713,0.16785714285714284,0.024732124949853124,0.8030931412179246,16.889271865575182
same_ren,280,11,280,30,True,/users/delfos/aina/scentree-gen-remote/scentree-gen-remote/same_ren_scentree/scenariotree_280/results_11.json,2232,31,99,72.0,99,2.8282828282828283,57,0.0035714285714285713,0.20357142857142857,0.023858393591440097,0.7938716518080059,15.04798464491363
same_ren,280,12,280,30,True,/users/delfos/aina/scentree-gen-remote/scentree-gen-remote/same_ren_scentree/scenariotree_280/results_12.json,2316,31,103,74.70967741935483,103,2.7184466019417477,32,0.0035714285714285713,0.11428571428571428,0.015850636822158284,0.8596728493305343,28.100358422939067
same_ren,280,13,280,30,True,/users/delfos/aina/scentree-gen-remote/scentree-gen-remote/same_ren_scentree/scenariotree_280/results_13.json,1668,31,102,53.806451612903224,102,2.7450980392156863,30,0.0035714285714285713,0.10714285714285714,0.013313243992870276,0.8870317532967077,35.86459286367795
same_ren,280,14,280,30,True,/users/delfos/aina/scentree-gen-remote/scentree-gen-remote/same_ren_scentree/scenariotree_280/results_14.json,2724,31,121,87.87096774193549,121,2.3140495867768593,70,0.0035714285714285713,0.25,0.02304523890775288,0.8110836475434828,13.788251846640874
same_ren,280,15,280,30,True,/users/delfos/aina/scentree-gen-remote/scentree-gen-remote/same_ren_scentree/scenariotree_280/results_15.json,2739,31,127,88.35483870967742,127,2.204724409448819,23,0.0035714285714285713,0.08214285714285714,0.012062183068594004,0.881352784917915,37.94772507260406
same_ren,280,16,280,30,True,/users/delfos/aina/scentree-gen-remote/scentree-gen-remote/same_ren_scentree/scenariotree_280/results_16.json,2056,31,103,66.3225806451613,103,2.7184466019417477,20,0.0035714285714285713,0.07142857142857142,0.012711627179704973,0.8827770477930756,37.94772507260406
same_ren,280,17,280,30,True,/users/delfos/aina/scentree-gen-remote/scentree-gen-remote/same_ren_scentree/scenariotree_280/results_17.json,2335,31,118,75.3225806451613,118,2.3728813559322033,25,0.0035714285714285713,0.08928571428571429,0.013814853737792038,0.8645219654246532,32.26337448559671
same_ren,280,18,280,30,True,/users/delfos/aina/scentree-gen-remote/scentree-gen-remote/same_ren_scentree/scenariotree_280/results_18.json,2170,31,103,70.0,103,2.7184466019417477,31,0.0035714285714285713,0.11071428571428571,0.017149050225879318,0.8524312813066195,24.999999999999996
same_ren,280,19,280,30,True,/users/delfos/aina/scentree-gen-remote/scentree-gen-remote/same_ren_scentree/scenariotree_280/results_19.json,2787,31,111,89.90322580645162,111,2.5225225225225225,65,0.0035714285714285713,0.23214285714285715,0.023184427124037045,0.8091673446039618,14.561664190193175
same_ren,280,2,280,30,True,/users/delfos/aina/scentree-gen-remote/scentree-gen-remote/same_ren_scentree/scenariotree_280/results_2.json,2292,31,89,73.93548387096774,89,3.146067415730337,55,0.0035714285714285713,0.19642857142857142,0.02540968242766519,0.7840384427581736,14.556256962495361
same_ren,280,20,280,30,True,/users/delfos/aina/scentree-gen-remote/scentree-gen-remote/same_ren_scentree/scenariotree_280/results_20.json,1921,31,104,61.96774193548387,104,2.6923076923076925,17,0.0035714285714285713,0.060714285714285714,0.012061346933250104,0.8865300069733335,40.41237113402062
same_ren,280,21,280,30,True,/users/delfos/aina/scentree-gen-remote/scentree-gen-remote/same_ren_scentree/scenariotree_280/results_21.json,2111,31,94,68.09677419354838,94,2.978723404255319,48,0.0035714285714285713,0.17142857142857143,0.022850366606948176,0.7961027385214386,16.744980777445534
same_ren,280,22,280,30,True,/users/delfos/aina/scentree-gen-remote/scentree-gen-remote/same_ren_scentree/scenariotree_280/results_22.json,2199,31,95,70.93548387096774,95,2.9473684210526314,38,0.0035714285714285713,0.1357142857142857,0.01625825759828788,0.8712088171446482,28.060128847530418
same_ren,280,23,280,30,True,/users/delfos/aina/scentree-gen-remote/scentree-gen-remote/same_ren_scentree/scenariotree_280/results_23.json,1969,31,99,63.516129032258064,99,2.8282828282828283,21,0.0035714285714285713,0.075,0.013659058662279056,0.8781542597947282,35.0
same_ren,280,24,280,30,True,/users/delfos/aina/scentree-gen-remote/scentree-gen-remote/same_ren_scentree/scenariotree_280/results_24.json,2021,31,88,65.19354838709677,88,3.1818181818181817,19,0.0035714285714285713,0.06785714285714285,0.013669178204559014,0.8864898428017189,35.96330275229357
same_ren,280,25,280,30,True,/users/delfos/aina/scentree-gen-remote/scentree-gen-remote/same_ren_scentree/scenariotree_280/results_25.json,1895,31,91,61.12903225806452,91,3.076923076923077,28,0.0035714285714285713,0.1,0.016209123802563803,0.8587930315836811,28.654970760233912
same_ren,280,26,280,30,True,/users/delfos/aina/scentree-gen-remote/scentree-gen-remote/same_ren_scentree/scenariotree_280/results_26.json,2373,31,98,76.54838709677419,98,2.857142857142857,49,0.0035714285714285713,0.175,0.019884872724392932,0.833291986976296,20.427305888483588
same_ren,280,27,280,30,True,/users/delfos/aina/scentree-gen-remote/scentree-gen-remote/same_ren_scentree/scenariotree_280/results_27.json,2394,31,96,77.2258064516129,96,2.9166666666666665,22,0.0035714285714285713,0.07857142857142857,0.011717273622041384,0.9056934912523873,42.37837837837838
same_ren,280,28,280,30,True,/users/delfos/aina/scentree-gen-remote/scentree-gen-remote/same_ren_scentree/scenariotree_280/results_28.json,1979,31,98,63.83870967741935,98,2.857142857142857,65,0.0035714285714285713,0.23214285714285715,0.02485903615322415,0.800809468468665,14.13121845710166
same_ren,280,29,280,30,True,/users/delfos/aina/scentree-gen-remote/scentree-gen-remote/same_ren_scentree/scenariotree_280/results_29.json,2470,31,111,79.6774193548387,111,2.5225225225225225,32,0.0035714285714285713,0.11428571428571428,0.016326601784337577,0.845359903362784,25.908790482485127
same_ren,280,3,280,30,True,/users/delfos/aina/scentree-gen-remote/scentree-gen-remote/same_ren_scentree/scenariotree_280/results_3.json,2508,31,122,80.90322580645162,122,2.2950819672131146,62,0.0035714285714285713,0.22142857142857142,0.02065185073381157,0.8322756391072644,16.603134265141886
same_ren,280,30,280,30,True,/users/delfos/aina/scentree-gen-remote/scentree-gen-remote/same_ren_scentree/scenariotree_280/results_30.json,2093,31,116,67.51612903225806,116,2.413793103448276,24,0.0035714285714285713,0.08571428571428572,0.012688315529140253,0.8791833753366346,36.63551401869159
same_ren,280,4,280,30,True,/users/delfos/aina/scentree-gen-remote/scentree-gen-remote/same_ren_scentree/scenariotree_280/results_4.json,2004,31,89,64.64516129032258,89,3.146067415730337,28,0.0035714285714285713,0.1,0.015668898428149326,0.8705948697123241,30.22359290670778
same_ren,280,5,280,30,True,/users/delfos/aina/scentree-gen-remote/scentree-gen-remote/same_ren_scentree/scenariotree_280/results_5.json,2109,31,102,68.03225806451613,102,2.7450980392156863,41,0.0035714285714285713,0.14642857142857144,0.019495476348801475,0.8251690216007158,20.58823529411765
same_ren,280,6,280,30,True,/users/delfos/aina/scentree-gen-remote/scentree-gen-remote/same_ren_scentree/scenariotree_280/results_6.json,1948,31,85,62.83870967741935,85,3.2941176470588234,27,0.0035714285714285713,0.09642857142857143,0.01708694953352628,0.862759133784045,27.33612273361227
same_ren,280,7,280,30,True,/users/delfos/aina/scentree-gen-remote/scentree-gen-remote/same_ren_scentree/scenariotree_280/results_7.json,2649,31,121,85.45161290322581,121,2.3140495867768593,32,0.0035714285714285713,0.11428571428571428,0.013682921893573449,0.8701214867371048,32.343234323432334
same_ren,280,8,280,30,True,/users/delfos/aina/scentree-gen-remote/scentree-gen-remote/same_ren_scentree/scenariotree_280/results_8.json,2046,31,99,66.0,99,2.8282828282828283,21,0.0035714285714285713,0.075,0.012650255497084565,0.8920761319704885,38.544739429695184
same_ren,280,9,280,30,True,/users/delfos/aina/scentree-gen-remote/scentree-gen-remote/same_ren_scentree/scenariotree_280/results_9.json,1591,31,80,51.32258064516129,80,3.5,19,0.0035714285714285713,0.06785714285714285,0.015971914124998498,0.8717575708657072,30.387596899224807
same_ren,290,1,290,30,True,/users/delfos/aina/scentree-gen-remote/scentree-gen-remote/same_ren_scentree/scenariotree_290/results_1.json,2108,31,107,68.0,107,2.710280373831776,29,0.0034482758620689655,0.1,0.01594556445090658,0.8508350637745318,27.358490566037723
same_ren,290,10,290,30,True,/users/delfos/aina/scentree-gen-remote/scentree-gen-remote/same_ren_scentree/scenariotree_290/results_10.json,1830,31,105,59.03225806451613,105,2.761904761904762,33,0.0034482758620689655,0.11379310344827587,0.014687919056220907,0.8702948312671853,31.079083518107904
same_ren,290,11,290,30,True,/users/delfos/aina/scentree-gen-remote/scentree-gen-remote/same_ren_scentree/scenariotree_290/results_11.json,2267,31,117,73.12903225806451,117,2.4786324786324787,35,0.0034482758620689655,0.1206896551724138,0.014627004643294625,0.8614021902769117,29.780453257790366
same_ren,290,12,290,30,True,/users/delfos/aina/scentree-gen-remote/scentree-gen-remote/same_ren_scentree/scenariotree_290/results_12.json,2573,31,116,83.0,116,2.5,20,0.0034482758620689655,0.06896551724137931,0.011086197188043007,0.8987090977995983,43.71101871101872
same_ren,290,13,290,30,True,/users/delfos/aina/scentree-gen-remote/scentree-gen-remote/same_ren_scentree/scenariotree_290/results_13.json,2233,31,96,72.03225806451613,96,3.0208333333333335,52,0.0034482758620689655,0.1793103448275862,0.02201220231597268,0.8141564925373503,17.564745196324143
same_ren,290,14,290,30,True,/users/delfos/aina/scentree-gen-remote/scentree-gen-remote/same_ren_scentree/scenariotree_290/results_14.json,1974,31,102,63.67741935483871,102,2.843137254901961,44,0.0034482758620689655,0.15172413793103448,0.019215848050786917,0.8337379426558993,21.06713426853707
same_ren,290,15,290,30,True,/users/delfos/aina/scentree-gen-remote/scentree-gen-remote/same_ren_scentree/scenariotree_290/results_15.json,1958,31,102,63.16129032258065,102,2.843137254901961,20,0.0034482758620689655,0.06896551724137931,0.012561152070364774,0.8907196471472227,38.61340679522497
same_ren,290,16,290,30,True,/users/delfos/aina/scentree-gen-remote/scentree-gen-remote/same_ren_scentree/scenariotree_290/results_16.json,2075,31,130,66.93548387096774,130,2.230769230769231,37,0.0034482758620689655,0.12758620689655173,0.01409833662166399,0.8637116650481171,29.822695035460985
same_ren,290,17,290,30,True,/users/delfos/aina/scentree-gen-remote/scentree-gen-remote/same_ren_scentree/scenariotree_290/results_17.json,2521,31,117,81.3225806451613,117,2.4786324786324787,24,0.0034482758620689655,0.08275862068965517,0.012523326330038166,0.8757599934631246,37.179487179487175
same_ren,290,18,290,30,True,/users/delfos/aina/scentree-gen-remote/scentree-gen-remote/same_ren_scentree/scenariotree_290/results_18.json,2299,31,110,74.16129032258064,110,2.6363636363636362,25,0.0034482758620689655,0.08620689655172414,0.013140742775229322,0.8737197555370173,35.60541913632514
same_ren,290,19,290,30,True,/users/delfos/aina/scentree-gen-remote/scentree-gen-remote/same_ren_scentree/scenariotree_290/results_19.json,1850,31,100,59.67741935483871,100,2.9,20,0.0034482758620689655,0.06896551724137931,0.013421724452433491,0.8755283225137592,35.69609507640068
same_ren,290,2,290,30,True,/users/delfos/aina/scentree-gen-remote/scentree-gen-remote/same_ren_scentree/scenariotree_290/results_2.json,2685,31,135,86.61290322580645,135,2.1481481481481484,21,0.0034482758620689655,0.07241379310344828,0.010233703007189371,0.8974264622473423,46.41280353200883
same_ren,290,20,290,30,True,/users/delfos/aina/scentree-gen-remote/scentree-gen-remote/same_ren_scentree/scenariotree_290/results_20.json,2277,31,104,73.45161290322581,104,2.7884615384615383,29,0.0034482758620689655,0.1,0.01578514009414534,0.8481004337892711,28.14591700133868
same_ren,290,21,290,30,True,/users/delfos/aina/scentree-gen-remote/scentree-gen-remote/same_ren_scentree/scenariotree_290/results_21.json,2702,31,105,87.16129032258064,105,2.761904761904762,38,0.0034482758620689655,0.1310344827586207,0.016990115329718013,0.8415995874295171,25.104477611940293
same_ren,290,22,290,30,True,/users/delfos/aina/scentree-gen-remote/scentree-gen-remote/same_ren_scentree/scenariotree_290/results_22.json,2453,31,143,79.12903225806451,143,2.027972027972028,52,0.0034482758620689655,0.1793103448275862,0.016194111472764804,0.8539358615743567,22.474612506680916
same_ren,290,23,290,30,True,/users/delfos/aina/scentree-gen-remote/scentree-gen-remote/same_ren_scentree/scenariotree_290/results_23.json,2513,31,120,81.06451612903226,120,2.4166666666666665,23,0.0034482758620689655,0.07931034482758621,0.011398306447879562,0.8887092703731675,41.799204771371755
same_ren,290,24,290,30,True,/users/delfos/aina/scentree-gen-remote/scentree-gen-remote/same_ren_scentree/scenariotree_290/results_24.json,2165,31,102,69.83870967741936,102,2.843137254901961,53,0.0034482758620689655,0.18275862068965518,0.020330125548358412,0.8315182966303402,19.24485125858123
same_ren,290,25,290,30,True,/users/delfos/aina/scentree-gen-remote/scentree-gen-remote/same_ren_scentree/scenariotree_290/results_25.json,2629,31,118,84.80645161290323,118,2.457627118644068,28,0.0034482758620689655,0.09655172413793103,0.013650963019120829,0.8593587200253733,32.82591725214675
same_ren,290,26,290,30,True,/users/delfos/aina/scentree-gen-remote/scentree-gen-remote/same_ren_scentree/scenariotree_290/results_26.json,2526,31,101,81.48387096774194,101,2.871287128712871,54,0.0034482758620689655,0.18620689655172415,0.020337641394432227,0.8333646868188801,19.351127473538888
same_ren,290,27,290,30,True,/users/delfos/aina/scentree-gen-remote/scentree-gen-remote/same_ren_scentree/scenariotree_290/results_27.json,2124,31,120,68.51612903225806,120,2.4166666666666665,75,0.0034482758620689655,0.25862068965517243,0.023963174173616816,0.8025839225899186,12.946428571428568
same_ren,290,28,290,30,True,/users/delfos/aina/scentree-gen-remote/scentree-gen-remote/same_ren_scentree/scenariotree_290/results_28.json,1911,31,108,61.645161290322584,108,2.685185185185185,15,0.0034482758620689655,0.05172413793103448,0.011041346725180203,0.8960188381899857,44.591728525980905
same_ren,290,29,290,30,True,/users/delfos/aina/scentree-gen-remote/scentree-gen-remote/same_ren_scentree/scenariotree_290/results_29.json,2903,31,123,93.64516129032258,123,2.3577235772357725,52,0.0034482758620689655,0.1793103448275862,0.01776404353391611,0.8412999396019047,21.301925025329282
same_ren,290,3,290,30,True,/users/delfos/aina/scentree-gen-remote/scentree-gen-remote/same_ren_scentree/scenariotree_290/results_3.json,2386,31,107,76.96774193548387,107,2.710280373831776,26,0.0034482758620689655,0.0896551724137931,0.015108185515140874,0.8541374487790843,29.612676056338024
same_ren,290,30,290,30,True,/users/delfos/aina/scentree-gen-remote/scentree-gen-remote/same_ren_scentree/scenariotree_290/results_30.json,2012,31,86,64.90322580645162,86,3.372093023255814,45,0.0034482758620689655,0.15517241379310345,0.020968757080606634,0.8221145883066193,20.226070226070224
same_ren,290,4,290,30,True,/users/delfos/aina/scentree-gen-remote/scentree-gen-remote/same_ren_scentree/scenariotree_290/results_4.json,2916,31,123,94.06451612903226,123,2.3577235772357725,38,0.0034482758620689655,0.1310344827586207,0.01587906404976651,0.8400293488021158,25.546780072904006
same_ren,290,5,290,30,True,/users/delfos/aina/scentree-gen-remote/scentree-gen-remote/same_ren_scentree/scenariotree_290/results_5.json,2261,31,95,72.93548387096774,95,3.0526315789473686,50,0.0034482758620689655,0.1724137931034483,0.020164964706832357,0.8338616790210299,20.343492985002417
same_ren,290,6,290,30,True,/users/delfos/aina/scentree-gen-remote/scentree-gen-remote/same_ren_scentree/scenariotree_290/results_6.json,1633,31,100,52.67741935483871,100,2.9,30,0.0034482758620689655,0.10344827586206896,0.016081688022566928,0.853178973403829,27.88461538461538
same_ren,290,7,290,30,True,/users/delfos/aina/scentree-gen-remote/scentree-gen-remote/same_ren_scentree/scenariotree_290/results_7.json,2249,31,94,72.54838709677419,94,3.0851063829787235,32,0.0034482758620689655,0.1103448275862069,0.017009888162743774,0.8515150484254416,26.429918290383405
same_ren,290,8,290,30,True,/users/delfos/aina/scentree-gen-remote/scentree-gen-remote/same_ren_scentree/scenariotree_290/results_8.json,2244,31,109,72.38709677419355,109,2.6605504587155964,33,0.0034482758620689655,0.11379310344827587,0.01307210977599343,0.8911828030256645,35.97091531223268
same_ren,290,9,290,30,True,/users/delfos/aina/scentree-gen-remote/scentree-gen-remote/same_ren_scentree/scenariotree_290/results_9.json,2133,31,114,68.80645161290323,114,2.543859649122807,46,0.0034482758620689655,0.15862068965517243,0.02096081807510032,0.8030801755013858,16.989898989898986
same_ren,300,1,300,30,True,/users/delfos/aina/scentree-gen-remote/scentree-gen-remote/same_ren_scentree/scenariotree_300/results_1.json,2259,31,113,72.87096774193549,113,2.6548672566371683,49,0.0033333333333333335,0.16333333333333333,0.02055173059820043,0.7992819443055071,17.67478397486253
same_ren,300,10,300,30,True,/users/delfos/aina/scentree-gen-remote/scentree-gen-remote/same_ren_scentree/scenariotree_300/results_10.json,2128,31,97,68.64516129032258,97,3.0927835051546393,40,0.0033333333333333335,0.13333333333333333,0.018856681839461733,0.8304522467076565,22.32142857142857
same_ren,300,11,300,30,True,/users/delfos/aina/scentree-gen-remote/scentree-gen-remote/same_ren_scentree/scenariotree_300/results_11.json,2017,31,112,65.06451612903226,112,2.6785714285714284,16,0.0033333333333333335,0.05333333333333334,0.01044842098758405,0.900856256416925,47.268907563025216
same_ren,300,12,300,30,True,/users/delfos/aina/scentree-gen-remote/scentree-gen-remote/same_ren_scentree/scenariotree_300/results_12.json,2392,31,104,77.16129032258064,104,2.8846153846153846,46,0.0033333333333333335,0.15333333333333332,0.01808873954581536,0.8381781270525354,22.912423625254586
same_ren,300,13,300,30,True,/users/delfos/aina/scentree-gen-remote/scentree-gen-remote/same_ren_scentree/scenariotree_300/results_13.json,2394,31,100,77.2258064516129,100,3.0,46,0.0033333333333333335,0.15333333333333332,0.018808981306221176,0.8336293785103394,22.03721841332027
same_ren,300,14,300,30,True,/users/delfos/aina/scentree-gen-remote/scentree-gen-remote/same_ren_scentree/scenariotree_300/results_14.json,2716,31,118,87.61290322580645,118,2.542372881355932,58,0.0033333333333333335,0.19333333333333333,0.019675541748268945,0.8206164889138261,18.465326220763224
same_ren,300,15,300,30,True,/users/delfos/aina/scentree-gen-remote/scentree-gen-remote/same_ren_scentree/scenariotree_300/results_15.json,2458,31,99,79.29032258064517,99,3.0303030303030303,34,0.0033333333333333335,0.11333333333333333,0.018407133647735583,0.8277290521374748,22.91242362525458
same_ren,300,16,300,30,True,/users/delfos/aina/scentree-gen-remote/scentree-gen-remote/same_ren_scentree/scenariotree_300/results_16.json,2178,31,90,70.25806451612904,90,3.3333333333333335,38,0.0033333333333333335,0.12666666666666668,0.018552561301992714,0.8451335940017501,23.759239704329453
same_ren,300,17,300,30,True,/users/delfos/aina/scentree-gen-remote/scentree-gen-remote/same_ren_scentree/scenariotree_300/results_17.json,2476,31,111,79.87096774193549,111,2.7027027027027026,43,0.0033333333333333335,0.14333333333333334,0.016067890216669208,0.8572538066901602,26.54867256637166
same_ren,300,18,300,30,True,/users/delfos/aina/scentree-gen-remote/scentree-gen-remote/same_ren_scentree/scenariotree_300/results_18.json,2528,31,108,81.54838709677419,108,2.7777777777777777,29,0.0033333333333333335,0.09666666666666666,0.01612281397013253,0.8353396529908018,26.785714285714285
same_ren,300,19,300,30,True,/users/delfos/aina/scentree-gen-remote/scentree-gen-remote/same_ren_scentree/scenariotree_300/results_19.json,2301,31,101,74.2258064516129,101,2.9702970297029703,47,0.0033333333333333335,0.15666666666666668,0.020090310104023023,0.8145758890609556,19.736842105263154
same_ren,300,2,300,30,True,/users/delfos/aina/scentree-gen-remote/scentree-gen-remote/same_ren_scentree/scenariotree_300/results_2.json,2031,31,76,65.51612903225806,76,3.9473684210526314,64,0.0033333333333333335,0.21333333333333335,0.029159245857183616,0.7692043677219947,12.857142857142852
same_ren,300,20,300,30,True,/users/delfos/aina/scentree-gen-remote/scentree-gen-remote/same_ren_scentree/scenariotree_300/results_20.json,2649,31,110,85.45161290322581,110,2.727272727272727,31,0.0033333333333333335,0.10333333333333333,0.01395453722896477,0.8734946008526177,32.77494537509104
same_ren,300,21,300,30,True,/users/delfos/aina/scentree-gen-remote/scentree-gen-remote/same_ren_scentree/scenariotree_300/results_21.json,2069,31,124,66.74193548387096,124,2.4193548387096775,29,0.0033333333333333335,0.09666666666666666,0.013600131602472771,0.8664789442686667,32.25806451612903
same_ren,300,22,300,30,True,/users/delfos/aina/scentree-gen-remote/scentree-gen-remote/same_ren_scentree/scenariotree_300/results_22.json,2188,31,108,70.58064516129032,108,2.7777777777777777,22,0.0033333333333333335,0.07333333333333333,0.011796746895283695,0.889076749324785,41.171088746569076
same_ren,300,23,300,30,True,/users/delfos/aina/scentree-gen-remote/scentree-gen-remote/same_ren_scentree/scenariotree_300/results_23.json,2046,31,105,66.0,105,2.857142857142857,34,0.0033333333333333335,0.11333333333333333,0.015058465048420852,0.860618665080806,30.000000000000007
same_ren,300,24,300,30,True,/users/delfos/aina/scentree-gen-remote/scentree-gen-remote/same_ren_scentree/scenariotree_300/results_24.json,2761,31,133,89.06451612903226,133,2.255639097744361,40,0.0033333333333333335,0.13333333333333333,0.013955737017884025,0.8590326067433474,29.920212765957448
same_ren,300,25,300,30,True,/users/delfos/aina/scentree-gen-remote/scentree-gen-remote/same_ren_scentree/scenariotree_300/results_25.json,2114,31,92,68.19354838709677,92,3.260869565217391,54,0.0033333333333333335,0.18,0.021651999300849965,0.8257800162498299,18.51851851851851
same_ren,300,26,300,30,True,/users/delfos/aina/scentree-gen-remote/scentree-gen-remote/same_ren_scentree/scenariotree_300/results_26.json,2167,31,114,69.90322580645162,114,2.6315789473684212,49,0.0033333333333333335,0.16333333333333333,0.018883366020394317,0.8214985469184457,20.233812949640285
same_ren,300,27,300,30,True,/users/delfos/aina/scentree-gen-remote/scentree-gen-remote/same_ren_scentree/scenariotree_300/results_27.json,1905,31,107,61.45161290322581,107,2.803738317757009,28,0.0033333333333333335,0.09333333333333334,0.015315574521223495,0.8533813016356464,29.032258064516117
same_ren,300,28,300,30,True,/users/delfos/aina/scentree-gen-remote/scentree-gen-remote/same_ren_scentree/scenariotree_300/results_28.json,1258,31,75,40.58064516129032,75,4.0,45,0.0033333333333333335,0.15,0.020926679763544093,0.8476989100773823,21.65543792107796
same_ren,300,29,300,30,True,/users/delfos/aina/scentree-gen-remote/scentree-gen-remote/same_ren_scentree/scenariotree_300/results_29.json,2206,31,98,71.16129032258064,98,3.061224489795918,27,0.0033333333333333335,0.09,0.016638181961576612,0.8382742365952904,26.785714285714278
same_ren,300,3,300,30,True,/users/delfos/aina/scentree-gen-remote/scentree-gen-remote/same_ren_scentree/scenariotree_300/results_3.json,2429,31,109,78.35483870967742,109,2.7522935779816513,55,0.0033333333333333335,0.18333333333333332,0.021499145199339768,0.8082752702808907,16.7910447761194
same_ren,300,30,300,30,True,/users/delfos/aina/scentree-gen-remote/scentree-gen-remote/same_ren_scentree/scenariotree_300/results_30.json,2026,31,103,65.35483870967742,103,2.912621359223301,28,0.0033333333333333335,0.09333333333333334,0.01611117521472836,0.8465631265567036,27.439024390243887
same_ren,300,4,300,30,True,/users/delfos/aina/scentree-gen-remote/scentree-gen-remote/same_ren_scentree/scenariotree_300/results_4.json,2043,31,117,65.90322580645162,117,2.5641025641025643,51,0.0033333333333333335,0.17,0.018471428183613123,0.8270301211947595,20.63273727647866
same_ren,300,5,300,30,True,/users/delfos/aina/scentree-gen-remote/scentree-gen-remote/same_ren_scentree/scenariotree_300/results_5.json,2705,31,129,87.25806451612904,129,2.3255813953488373,37,0.0033333333333333335,0.12333333333333334,0.014020796604174105,0.8636509770376474,30.201342281879192
same_ren,300,6,300,30,True,/users/delfos/aina/scentree-gen-remote/scentree-gen-remote/same_ren_scentree/scenariotree_300/results_6.json,2164,31,113,69.80645161290323,113,2.6548672566371683,58,0.0033333333333333335,0.19333333333333333,0.01969167407377576,0.8256756296833639,18.98734177215189
same_ren,300,7,300,30,True,/users/delfos/aina/scentree-gen-remote/scentree-gen-remote/same_ren_scentree/scenariotree_300/results_7.json,1837,31,88,59.25806451612903,88,3.409090909090909,42,0.0033333333333333335,0.14,0.02164705618143756,0.8072363435754959,19.011406844106464
same_ren,300,8,300,30,True,/users/delfos/aina/scentree-gen-remote/scentree-gen-remote/same_ren_scentree/scenariotree_300/results_8.json,2621,31,126,84.54838709677419,126,2.380952380952381,31,0.0033333333333333335,0.10333333333333333,0.013548899893887807,0.8575765337743654,32.18884120171674
same_ren,300,9,300,30,True,/users/delfos/aina/scentree-gen-remote/scentree-gen-remote/same_ren_scentree/scenariotree_300/results_9.json,2622,31,110,84.58064516129032,110,2.727272727272727,30,0.0033333333333333335,0.1,0.016205181182367315,0.8420093338320039,26.33118782913984
same_ren,310,1,310,30,True,/users/delfos/aina/scentree-gen-remote/scentree-gen-remote/same_ren_scentree/scenariotree_310/results_1.json,2387,31,100,77.0,100,3.1,39,0.0032258064516129032,0.12580645161290321,0.017741935483870964,0.8396661230881775,24.109382839939787
same_ren,310,10,310,30,True,/users/delfos/aina/scentree-gen-remote/scentree-gen-remote/same_ren_scentree/scenariotree_310/results_10.json,2322,31,106,74.90322580645162,106,2.9245283018867925,21,0.0032258064516129032,0.06774193548387097,0.013201796067035265,0.8727342056088633,35.83146905294556
same_ren,310,11,310,30,True,/users/delfos/aina/scentree-gen-remote/scentree-gen-remote/same_ren_scentree/scenariotree_310/results_11.json,2186,31,113,70.51612903225806,113,2.743362831858407,46,0.0032258064516129032,0.14838709677419354,0.016113488148178312,0.8547528701525999,26.185286103542243
same_ren,310,12,310,30,True,/users/delfos/aina/scentree-gen-remote/scentree-gen-remote/same_ren_scentree/scenariotree_310/results_12.json,2541,31,112,81.96774193548387,112,2.767857142857143,34,0.0032258064516129032,0.10967741935483871,0.016243728952328344,0.8435650745575579,25.987020010816654
same_ren,310,13,310,30,True,/users/delfos/aina/scentree-gen-remote/scentree-gen-remote/same_ren_scentree/scenariotree_310/results_13.json,2857,31,132,92.16129032258064,132,2.3484848484848486,23,0.0032258064516129032,0.07419354838709677,0.011039561647572322,0.8850643361558564,42.2603342128408
same_ren,310,14,310,30,True,/users/delfos/aina/scentree-gen-remote/scentree-gen-remote/same_ren_scentree/scenariotree_310/results_14.json,2479,31,106,79.96774193548387,106,2.9245283018867925,54,0.0032258064516129032,0.17419354838709677,0.019164708833548184,0.826248580307245,20.675559380378655
same_ren,310,15,310,30,True,/users/delfos/aina/scentree-gen-remote/scentree-gen-remote/same_ren_scentree/scenariotree_310/results_15.json,2306,31,117,74.38709677419355,117,2.6495726495726495,26,0.0032258064516129032,0.08387096774193549,0.012485064865239835,0.8747980474780037,37.33488733488734
same_ren,310,16,310,30,True,/users/delfos/aina/scentree-gen-remote/scentree-gen-remote/same_ren_scentree/scenariotree_310/results_16.json,2759,31,118,89.0,118,2.6271186440677967,34,0.0032258064516129032,0.10967741935483871,0.015554539675104463,0.8503487570462567,27.009555930297914
same_ren,310,17,310,30,True,/users/delfos/aina/scentree-gen-remote/scentree-gen-remote/same_ren_scentree/scenariotree_310/results_17.json,2567,31,121,82.80645161290323,121,2.56198347107438,34,0.0032258064516129032,0.10967741935483871,0.016125793127073507,0.8346705482228729,25.17024620220009
same_ren,310,18,310,30,True,/users/delfos/aina/scentree-gen-remote/scentree-gen-remote/same_ren_scentree/scenariotree_310/results_18.json,2026,31,118,65.35483870967742,118,2.6271186440677967,27,0.0032258064516129032,0.08709677419354839,0.012053753354185662,0.881459361526703,39.03330625507718
same_ren,310,19,310,30,True,/users/delfos/aina/scentree-gen-remote/scentree-gen-remote/same_ren_scentree/scenariotree_310/results_19.json,2617,31,112,84.41935483870968,112,2.767857142857143,39,0.0032258064516129032,0.12580645161290321,0.015566110701592339,0.8500753654513279,27.726485862665907
same_ren,310,2,310,30,True,/users/delfos/aina/scentree-gen-remote/scentree-gen-remote/same_ren_scentree/scenariotree_310/results_2.json,2773,31,122,89.45161290322581,122,2.540983606557377,29,0.0032258064516129032,0.0935483870967742,0.013275612331248183,0.8615888114497415,33.6720392431675
same_ren,310,20,310,30,True,/users/delfos/aina/scentree-gen-remote/scentree-gen-remote/same_ren_scentree/scenariotree_310/results_20.json,2497,31,113,80.54838709677419,113,2.743362831858407,38,0.0032258064516129032,0.12258064516129032,0.019287057835709377,0.8030672683230153,19.652351738241308
same_ren,310,21,310,30,True,/users/delfos/aina/scentree-gen-remote/scentree-gen-remote/same_ren_scentree/scenariotree_310/results_21.json,2343,31,97,75.58064516129032,97,3.195876288659794,41,0.0032258064516129032,0.13225806451612904,0.019347294701247877,0.8169307419311269,21.450892857142858
same_ren,310,22,310,30,True,/users/delfos/aina/scentree-gen-remote/scentree-gen-remote/same_ren_scentree/scenariotree_310/results_22.json,2553,31,123,82.35483870967742,123,2.5203252032520327,25,0.0032258064516129032,0.08064516129032258,0.012121267927216562,0.8822969175590545,38.165210484511526
same_ren,310,23,310,30,True,/users/delfos/aina/scentree-gen-remote/scentree-gen-remote/same_ren_scentree/scenariotree_310/results_23.json,2229,31,101,71.90322580645162,101,3.0693069306930694,32,0.0032258064516129032,0.1032258064516129,0.015408748791151101,0.8636410713120262,29.51474201474201
same_ren,310,24,310,30,True,/users/delfos/aina/scentree-gen-remote/scentree-gen-remote/same_ren_scentree/scenariotree_310/results_24.json,2390,31,107,77.09677419354838,107,2.897196261682243,27,0.0032258064516129032,0.08709677419354839,0.014351456545796984,0.8653953100185069,31.863395225464185
same_ren,310,25,310,30,True,/users/delfos/aina/scentree-gen-remote/scentree-gen-remote/same_ren_scentree/scenariotree_310/results_25.json,2557,31,103,82.48387096774194,103,3.0097087378640777,51,0.0032258064516129032,0.16451612903225807,0.01861241903443887,0.836810336274428,22.031178358551124
same_ren,310,26,310,30,True,/users/delfos/aina/scentree-gen-remote/scentree-gen-remote/same_ren_scentree/scenariotree_310/results_26.json,2436,31,109,78.58064516129032,109,2.8440366972477062,65,0.0032258064516129032,0.20967741935483872,0.02510200979876433,0.7797455263625943,12.844159315690993
same_ren,310,27,310,30,True,/users/delfos/aina/scentree-gen-remote/scentree-gen-remote/same_ren_scentree/scenariotree_310/results_27.json,2330,31,103,75.16129032258064,103,3.0097087378640777,29,0.0032258064516129032,0.0935483870967742,0.014288999051688962,0.8666174770991251,32.532159783344625
same_ren,310,28,310,30,True,/users/delfos/aina/scentree-gen-remote/scentree-gen-remote/same_ren_scentree/scenariotree_310/results_28.json,2186,31,98,70.51612903225806,98,3.163265306122449,47,0.0032258064516129032,0.15161290322580645,0.0188077940657037,0.8354826134467646,22.28664192949907
same_ren,310,29,310,30,True,/users/delfos/aina/scentree-gen-remote/scentree-gen-remote/same_ren_scentree/scenariotree_310/results_29.json,3142,31,148,101.35483870967742,148,2.0945945945945947,45,0.0032258064516129032,0.14516129032258066,0.013927006274137158,0.856295055995895,28.198356807511736
same_ren,310,3,310,30,True,/users/delfos/aina/scentree-gen-remote/scentree-gen-remote/same_ren_scentree/scenariotree_310/results_3.json,2254,31,98,72.70967741935483,98,3.163265306122449,28,0.0032258064516129032,0.09032258064516129,0.016342847926986,0.8441022516624914,27.48855835240274
same_ren,310,30,310,30,True,/users/delfos/aina/scentree-gen-remote/scentree-gen-remote/same_ren_scentree/scenariotree_310/results_30.json,2061,31,90,66.48387096774194,90,3.4444444444444446,51,0.0032258064516129032,0.16451612903225807,0.023262173395677294,0.8089449633125203,16.718858733472512
same_ren,310,4,310,30,True,/users/delfos/aina/scentree-gen-remote/scentree-gen-remote/same_ren_scentree/scenariotree_310/results_4.json,2315,31,103,74.6774193548387,103,3.0097087378640777,33,0.0032258064516129032,0.1064516129032258,0.017149050225879314,0.8317680907085129,24.99999999999999
same_ren,310,5,310,30,True,/users/delfos/aina/scentree-gen-remote/scentree-gen-remote/same_ren_scentree/scenariotree_310/results_5.json,2990,31,138,96.45161290322581,138,2.246376811594203,36,0.0032258064516129032,0.11612903225806452,0.014156160084183139,0.8566433839019034,28.652355396541445
same_ren,310,6,310,30,True,/users/delfos/aina/scentree-gen-remote/scentree-gen-remote/same_ren_scentree/scenariotree_310/results_6.json,2970,31,145,95.80645161290323,145,2.1379310344827585,45,0.0032258064516129032,0.14516129032258066,0.014148075046026885,0.857508862126862,27.838933951332564
same_ren,310,7,310,30,True,/users/delfos/aina/scentree-gen-remote/scentree-gen-remote/same_ren_scentree/scenariotree_310/results_7.json,2437,31,109,78.61290322580645,109,2.8440366972477062,27,0.0032258064516129032,0.08709677419354839,0.014400906105352095,0.858722425864129,31.466928618205632
same_ren,310,8,310,30,True,/users/delfos/aina/scentree-gen-remote/scentree-gen-remote/same_ren_scentree/scenariotree_310/results_8.json,2251,31,116,72.61290322580645,116,2.6724137931034484,32,0.0032258064516129032,0.1032258064516129,0.013433058735983083,0.8686447496082071,33.83802816901409
same_ren,310,9,310,30,True,/users/delfos/aina/scentree-gen-remote/scentree-gen-remote/same_ren_scentree/scenariotree_310/results_9.json,2586,31,114,83.41935483870968,114,2.719298245614035,19,0.0032258064516129032,0.06129032258064516,0.011798405012206905,0.8864063056528428,40.58277027027028
same_ren,320,1,320,30,True,/users/delfos/aina/scentree-gen-remote/scentree-gen-remote/same_ren_scentree/scenariotree_320/results_1.json,2197,31,136,70.87096774193549,136,2.3529411764705883,51,0.003125,0.159375,0.019018185486978718,0.8006406494836964,17.685664939550946
same_ren,320,10,320,30,True,/users/delfos/aina/scentree-gen-remote/scentree-gen-remote/same_ren_scentree/scenariotree_320/results_10.json,2418,31,126,78.0,126,2.5396825396825395,49,0.003125,0.153125,0.01657176662026725,0.8328950287417805,23.507805325987142
same_ren,320,11,320,30,True,/users/delfos/aina/scentree-gen-remote/scentree-gen-remote/same_ren_scentree/scenariotree_320/results_11.json,3040,31,144,98.06451612903226,144,2.2222222222222223,24,0.003125,0.075,0.009912571127514026,0.8924219886976501,47.40740740740741
same_ren,320,12,320,30,True,/users/delfos/aina/scentree-gen-remote/scentree-gen-remote/same_ren_scentree/scenariotree_320/results_12.json,2777,31,133,89.58064516129032,133,2.406015037593985,22,0.003125,0.06875,0.011047131770612869,0.8783551966611545,42.10526315789474
same_ren,320,13,320,30,True,/users/delfos/aina/scentree-gen-remote/scentree-gen-remote/same_ren_scentree/scenariotree_320/results_13.json,2733,31,120,88.16129032258064,120,2.6666666666666665,27,0.003125,0.084375,0.012695946832443109,0.8707850215241102,36.13267466478476
same_ren,320,14,320,30,True,/users/delfos/aina/scentree-gen-remote/scentree-gen-remote/same_ren_scentree/scenariotree_320/results_14.json,2798,31,113,90.25806451612904,113,2.831858407079646,24,0.003125,0.075,0.013919054863739441,0.8556992367098855,32.52858958068615
same_ren,320,15,320,30,True,/users/delfos/aina/scentree-gen-remote/scentree-gen-remote/same_ren_scentree/scenariotree_320/results_15.json,2423,31,136,78.16129032258064,136,2.3529411764705883,67,0.003125,0.209375,0.01894631227184916,0.8222886663285007,17.802503477051463
same_ren,320,16,320,30,True,/users/delfos/aina/scentree-gen-remote/scentree-gen-remote/same_ren_scentree/scenariotree_320/results_16.json,2376,31,98,76.64516129032258,98,3.2653061224489797,28,0.003125,0.0875,0.014950699037423696,0.8610518397138661,31.143552311435528
same_ren,320,17,320,30,True,/users/delfos/aina/scentree-gen-remote/scentree-gen-remote/same_ren_scentree/scenariotree_320/results_17.json,2567,31,102,82.80645161290323,102,3.1372549019607843,41,0.003125,0.128125,0.018394501704439636,0.8367810932403625,22.565006610841778
same_ren,320,18,320,30,True,/users/delfos/aina/scentree-gen-remote/scentree-gen-remote/same_ren_scentree/scenariotree_320/results_18.json,3274,31,144,105.61290322580645,144,2.2222222222222223,23,0.003125,0.071875,0.009740032050467584,0.8927526348706085,48.530805687203795
same_ren,320,19,320,30,True,/users/delfos/aina/scentree-gen-remote/scentree-gen-remote/same_ren_scentree/scenariotree_320/results_19.json,2080,31,115,67.09677419354838,115,2.782608695652174,38,0.003125,0.11875,0.015005561744577286,0.8547834115005964,28.910220214568046
same_ren,320,2,320,30,True,/users/delfos/aina/scentree-gen-remote/scentree-gen-remote/same_ren_scentree/scenariotree_320/results_2.json,2474,31,103,79.80645161290323,103,3.1067961165048543,21,0.003125,0.065625,0.012114133960415678,0.8832835822336106,40.283241542092824
same_ren,320,20,320,30,True,/users/delfos/aina/scentree-gen-remote/scentree-gen-remote/same_ren_scentree/scenariotree_320/results_20.json,2940,31,133,94.83870967741936,133,2.406015037593985,36,0.003125,0.1125,0.015865339522898116,0.8262093093873573,24.392567889471177
same_ren,320,21,320,30,True,/users/delfos/aina/scentree-gen-remote/scentree-gen-remote/same_ren_scentree/scenariotree_320/results_21.json,2136,31,96,68.90322580645162,96,3.3333333333333335,27,0.003125,0.084375,0.01429685128261542,0.8704811876519595,33.28998699609883
same_ren,320,22,320,30,True,/users/delfos/aina/scentree-gen-remote/scentree-gen-remote/same_ren_scentree/scenariotree_320/results_22.json,2268,31,115,73.16129032258064,115,2.782608695652174,32,0.003125,0.1,0.015045123527773825,0.8483012406544241,28.796400449943754
same_ren,320,23,320,30,True,/users/delfos/aina/scentree-gen-remote/scentree-gen-remote/same_ren_scentree/scenariotree_320/results_23.json,3370,31,131,108.70967741935483,131,2.4427480916030535,39,0.003125,0.121875,0.015295477107701388,0.831086600255863,26.12244897959184
same_ren,320,24,320,30,True,/users/delfos/aina/scentree-gen-remote/scentree-gen-remote/same_ren_scentree/scenariotree_320/results_24.json,2420,31,109,78.06451612903226,109,2.9357798165137616,27,0.003125,0.084375,0.01309010781818441,0.8789680378118964,35.904628330995784
same_ren,320,25,320,30,True,/users/delfos/aina/scentree-gen-remote/scentree-gen-remote/same_ren_scentree/scenariotree_320/results_25.json,3208,31,134,103.48387096774194,134,2.388059701492537,39,0.003125,0.121875,0.013980171774945533,0.8566691846607593,29.715612304120718
same_ren,320,26,320,30,True,/users/delfos/aina/scentree-gen-remote/scentree-gen-remote/same_ren_scentree/scenariotree_320/results_26.json,1872,31,107,60.38709677419355,107,2.9906542056074765,23,0.003125,0.071875,0.012065274418712866,0.8846820605404933,40.125391849529784
same_ren,320,27,320,30,True,/users/delfos/aina/scentree-gen-remote/scentree-gen-remote/same_ren_scentree/scenariotree_320/results_27.json,2238,31,96,72.19354838709677,96,3.3333333333333335,63,0.003125,0.196875,0.02207712914027521,0.8213521224510845,17.480368726527825
same_ren,320,28,320,30,True,/users/delfos/aina/scentree-gen-remote/scentree-gen-remote/same_ren_scentree/scenariotree_320/results_28.json,3180,31,120,102.58064516129032,120,2.6666666666666665,38,0.003125,0.11875,0.013907322836269467,0.8634756538761851,31.702786377708982
same_ren,320,29,320,30,True,/users/delfos/aina/scentree-gen-remote/scentree-gen-remote/same_ren_scentree/scenariotree_320/results_29.json,2436,31,116,78.58064516129032,116,2.7586206896551726,35,0.003125,0.109375,0.013827786741279558,0.86482228340699,32.466708941027264
same_ren,320,3,320,30,True,/users/delfos/aina/scentree-gen-remote/scentree-gen-remote/same_ren_scentree/scenariotree_320/results_3.json,3087,31,143,99.58064516129032,143,2.237762237762238,64,0.003125,0.2,0.017393210486506598,0.8413609609951941,19.89895064127478
same_ren,320,30,320,30,True,/users/delfos/aina/scentree-gen-remote/scentree-gen-remote/same_ren_scentree/scenariotree_320/results_30.json,2781,31,116,89.70967741935483,116,2.7586206896551726,41,0.003125,0.128125,0.015927147001058954,0.8393674944851002,26.28336755646818
same_ren,320,4,320,30,True,/users/delfos/aina/scentree-gen-remote/scentree-gen-remote/same_ren_scentree/scenariotree_320/results_4.json,2736,31,116,88.25806451612904,116,2.7586206896551726,52,0.003125,0.1625,0.019126168624387735,0.8169661648132512,19.58684009181332
same_ren,320,5,320,30,True,/users/delfos/aina/scentree-gen-remote/scentree-gen-remote/same_ren_scentree/scenariotree_320/results_5.json,2607,31,121,84.09677419354838,121,2.644628099173554,33,0.003125,0.103125,0.013116631433640738,0.8682498068856189,34.385493619879114
same_ren,320,6,320,30,True,/users/delfos/aina/scentree-gen-remote/scentree-gen-remote/same_ren_scentree/scenariotree_320/results_6.json,2421,31,93,78.09677419354838,93,3.4408602150537635,36,0.003125,0.1125,0.01662753112042879,0.8496482121859373,27.423674343867162
same_ren,320,7,320,30,True,/users/delfos/aina/scentree-gen-remote/scentree-gen-remote/same_ren_scentree/scenariotree_320/results_7.json,2586,31,135,83.41935483870968,135,2.3703703703703702,31,0.003125,0.096875,0.010910122751997285,0.8885666073194026,42.595673876871864
same_ren,320,8,320,30,True,/users/delfos/aina/scentree-gen-remote/scentree-gen-remote/same_ren_scentree/scenariotree_320/results_8.json,2194,31,102,70.7741935483871,102,3.1372549019607843,22,0.003125,0.06875,0.012400331937908722,0.8851294636827727,39.233716475095775
same_ren,320,9,320,30,True,/users/delfos/aina/scentree-gen-remote/scentree-gen-remote/same_ren_scentree/scenariotree_320/results_9.json,2697,31,109,87.0,109,2.9357798165137616,35,0.003125,0.109375,0.014695855941931537,0.8577767208753129,30.5671641791045
same_ren,330,1,330,30,True,/users/delfos/aina/scentree-gen-remote/scentree-gen-remote/same_ren_scentree/scenariotree_330/results_1.json,2676,31,139,86.3225806451613,139,2.3741007194244603,36,0.0030303030303030303,0.10909090909090909,0.01320264840073323,0.8628063068843855,31.823495032144944
same_ren,330,10,330,30,True,/users/delfos/aina/scentree-gen-remote/scentree-gen-remote/same_ren_scentree/scenariotree_330/results_10.json,2719,31,121,87.70967741935483,121,2.727272727272727,47,0.0030303030303030303,0.14242424242424243,0.01745348105945692,0.8299272820685766,22.161172161172168
same_ren,330,11,330,30,True,/users/delfos/aina/scentree-gen-remote/scentree-gen-remote/same_ren_scentree/scenariotree_330/results_11.json,2496,31,121,80.51612903225806,121,2.727272727272727,25,0.0030303030303030303,0.07575757575757576,0.011906436796129098,0.8809091349367161,39.34248554913295
same_ren,330,12,330,30,True,/users/delfos/aina/scentree-gen-remote/scentree-gen-remote/same_ren_scentree/scenariotree_330/results_12.json,2438,31,108,78.64516129032258,108,3.0555555555555554,46,0.0030303030303030303,0.1393939393939394,0.016276074773373804,0.8509447155468436,26.40640155189137
same_ren,330,13,330,30,True,/users/delfos/aina/scentree-gen-remote/scentree-gen-remote/same_ren_scentree/scenariotree_330/results_13.json,2857,31,124,92.16129032258064,124,2.661290322580645,61,0.0030303030303030303,0.18484848484848485,0.018087434628613976,0.8268212422424821,20.562688821752268
same_ren,330,14,330,30,True,/users/delfos/aina/scentree-gen-remote/scentree-gen-remote/same_ren_scentree/scenariotree_330/results_14.json,2163,31,126,69.7741935483871,126,2.619047619047619,36,0.0030303030303030303,0.10909090909090909,0.013174848150664735,0.870534576899006,33.54898336414048
same_ren,330,15,330,30,True,/users/delfos/aina/scentree-gen-remote/scentree-gen-remote/same_ren_scentree/scenariotree_330/results_15.json,2732,31,116,88.12903225806451,116,2.8448275862068964,32,0.0030303030303030303,0.09696969696969697,0.013467569314511341,0.8654064046853741,33.71517027863777
same_ren,330,16,330,30,True,/users/delfos/aina/scentree-gen-remote/scentree-gen-remote/same_ren_scentree/scenariotree_330/results_16.json,2805,31,121,90.48387096774194,121,2.727272727272727,38,0.0030303030303030303,0.11515151515151516,0.014277309663746489,0.8552585029341115,30.3680981595092
same_ren,330,17,330,30,True,/users/delfos/aina/scentree-gen-remote/scentree-gen-remote/same_ren_scentree/scenariotree_330/results_17.json,2256,31,98,72.7741935483871,98,3.36734693877551,39,0.0030303030303030303,0.11818181818181818,0.017495754169887447,0.8346230671490856,24.874371859296485
same_ren,330,18,330,30,True,/users/delfos/aina/scentree-gen-remote/scentree-gen-remote/same_ren_scentree/scenariotree_330/results_18.json,2393,31,101,77.19354838709677,101,3.267326732673267,41,0.0030303030303030303,0.12424242424242424,0.01660253372436787,0.8414685049057599,26.496350364963504
same_ren,330,19,330,30,True,/users/delfos/aina/scentree-gen-remote/scentree-gen-remote/same_ren_scentree/scenariotree_330/results_19.json,2008,31,88,64.7741935483871,88,3.75,63,0.0030303030303030303,0.19090909090909092,0.023699366833586095,0.8017072172751823,16.450151057401815
same_ren,330,2,330,30,True,/users/delfos/aina/scentree-gen-remote/scentree-gen-remote/same_ren_scentree/scenariotree_330/results_2.json,3063,31,123,98.80645161290323,123,2.682926829268293,24,0.0030303030303030303,0.07272727272727272,0.010689790728437268,0.8934893585381792,45.07450331125829
same_ren,330,20,330,30,True,/users/delfos/aina/scentree-gen-remote/scentree-gen-remote/same_ren_scentree/scenariotree_330/results_20.json,2870,31,129,92.58064516129032,129,2.558139534883721,87,0.0030303030303030303,0.2636363636363636,0.023457175954427586,0.7986588677213088,12.70118964310707
same_ren,330,21,330,30,True,/users/delfos/aina/scentree-gen-remote/scentree-gen-remote/same_ren_scentree/scenariotree_330/results_21.json,2520,31,128,81.29032258064517,128,2.578125,20,0.0030303030303030303,0.06060606060606061,0.009860201182006006,0.8958784711136462,49.36536718041705
same_ren,330,22,330,30,True,/users/delfos/aina/scentree-gen-remote/scentree-gen-remote/same_ren_scentree/scenariotree_330/results_22.json,2676,31,137,86.3225806451613,137,2.408759124087591,59,0.0030303030303030303,0.1787878787878788,0.018753651438306165,0.8110134346695883,18.02383316782522
same_ren,330,23,330,30,True,/users/delfos/aina/scentree-gen-remote/scentree-gen-remote/same_ren_scentree/scenariotree_330/results_23.json,2527,31,128,81.51612903225806,128,2.578125,36,0.0030303030303030303,0.10909090909090909,0.015234664716995128,0.8345949258045819,26.651982378854626
same_ren,330,24,330,30,True,/users/delfos/aina/scentree-gen-remote/scentree-gen-remote/same_ren_scentree/scenariotree_330/results_24.json,2316,31,103,74.70967741935483,103,3.203883495145631,49,0.0030303030303030303,0.1484848484848485,0.019194878043495123,0.8244985348397993,20.98265895953757
same_ren,330,25,330,30,True,/users/delfos/aina/scentree-gen-remote/scentree-gen-remote/same_ren_scentree/scenariotree_330/results_25.json,2604,31,118,84.0,118,2.7966101694915255,33,0.0030303030303030303,0.1,0.01305804026979248,0.874408151930801,34.97109826589596
same_ren,330,26,330,30,True,/users/delfos/aina/scentree-gen-remote/scentree-gen-remote/same_ren_scentree/scenariotree_330/results_26.json,3178,31,143,102.51612903225806,143,2.3076923076923075,30,0.0030303030303030303,0.09090909090909091,0.011435526048663174,0.8706958724995948,38.92065761258041
same_ren,330,27,330,30,True,/users/delfos/aina/scentree-gen-remote/scentree-gen-remote/same_ren_scentree/scenariotree_330/results_27.json,2741,31,102,88.41935483870968,102,3.235294117647059,42,0.0030303030303030303,0.12727272727272726,0.018824913523357613,0.8195997234922517,21.76258992805756
same_ren,330,28,330,30,True,/users/delfos/aina/scentree-gen-remote/scentree-gen-remote/same_ren_scentree/scenariotree_330/results_28.json,2875,31,153,92.74193548387096,153,2.156862745098039,26,0.0030303030303030303,0.07878787878787878,0.010089819392573907,0.8832054323688306,45.22425249169436
same_ren,330,29,330,30,True,/users/delfos/aina/scentree-gen-remote/scentree-gen-remote/same_ren_scentree/scenariotree_330/results_29.json,2495,31,123,80.48387096774194,123,2.682926829268293,60,0.0030303030303030303,0.18181818181818182,0.022161613263964576,0.775584953160025,14.590032154340841
same_ren,330,3,330,30,True,/users/delfos/aina/scentree-gen-remote/scentree-gen-remote/same_ren_scentree/scenariotree_330/results_3.json,2379,31,107,76.74193548387096,107,3.0841121495327104,36,0.0030303030303030303,0.10909090909090909,0.015551897636603616,0.8529898746508414,28.38894681960376
same_ren,330,30,330,30,True,/users/delfos/aina/scentree-gen-remote/scentree-gen-remote/same_ren_scentree/scenariotree_330/results_30.json,2706,31,129,87.29032258064517,129,2.558139534883721,27,0.0030303030303030303,0.08181818181818182,0.0119848268902586,0.8744997623798709,38.0503144654088
same_ren,330,4,330,30,True,/users/delfos/aina/scentree-gen-remote/scentree-gen-remote/same_ren_scentree/scenariotree_330/results_4.json,2895,31,131,93.38709677419355,131,2.519083969465649,51,0.0030303030303030303,0.15454545454545454,0.01546223675044629,0.8456531141188758,25.671852899575672
same_ren,330,5,330,30,True,/users/delfos/aina/scentree-gen-remote/scentree-gen-remote/same_ren_scentree/scenariotree_330/results_5.json,2315,31,107,74.6774193548387,107,3.0841121495327104,54,0.0030303030303030303,0.16363636363636364,0.018708144706517483,0.8253733437453902,21.36970172684459
same_ren,330,6,330,30,True,/users/delfos/aina/scentree-gen-remote/scentree-gen-remote/same_ren_scentree/scenariotree_330/results_6.json,2224,31,99,71.74193548387096,99,3.3333333333333335,47,0.0030303030303030303,0.14242424242424243,0.021830591988015312,0.7979716185495608,17.457518435395965
same_ren,330,7,330,30,True,/users/delfos/aina/scentree-gen-remote/scentree-gen-remote/same_ren_scentree/scenariotree_330/results_7.json,2537,31,123,81.83870967741936,123,2.682926829268293,22,0.0030303030303030303,0.06666666666666667,0.011320676441445507,0.8795117578832271,41.85242121445042
same_ren,330,8,330,30,True,/users/delfos/aina/scentree-gen-remote/scentree-gen-remote/same_ren_scentree/scenariotree_330/results_8.json,2443,31,111,78.80645161290323,111,2.972972972972973,28,0.0030303030303030303,0.08484848484848485,0.01330836430238306,0.8677734449626964,34.88148622677771
same_ren,330,9,330,30,True,/users/delfos/aina/scentree-gen-remote/scentree-gen-remote/same_ren_scentree/scenariotree_330/results_9.json,2595,31,129,83.70967741935483,129,2.558139534883721,21,0.0030303030303030303,0.06363636363636363,0.01109662482796532,0.8788846910075049,42.30769230769231
same_ren,340,1,340,30,True,/users/delfos/aina/scentree-gen-remote/scentree-gen-remote/same_ren_scentree/scenariotree_340/results_1.json,2561,31,115,82.61290322580645,115,2.9565217391304346,41,0.0029411764705882353,0.12058823529411765,0.017682791208167993,0.8208879901486402,22.39442076714452
same_ren,340,10,340,30,True,/users/delfos/aina/scentree-gen-remote/scentree-gen-remote/same_ren_scentree/scenariotree_340/results_10.json,1520,31,81,49.03225806451613,81,4.197530864197531,49,0.0029411764705882353,0.14411764705882352,0.0253280402523903,0.7705911908574423,15.550174872208773
same_ren,340,11,340,30,True,/users/delfos/aina/scentree-gen-remote/scentree-gen-remote/same_ren_scentree/scenariotree_340/results_11.json,3078,31,133,99.29032258064517,133,2.556390977443609,41,0.0029411764705882353,0.12058823529411765,0.014419653825671154,0.8463696232369972,28.430890309886863
same_ren,340,12,340,30,True,/users/delfos/aina/scentree-gen-remote/scentree-gen-remote/same_ren_scentree/scenariotree_340/results_12.json,2951,31,120,95.19354838709677,120,2.8333333333333335,37,0.0029411764705882353,0.10882352941176471,0.013870037186856522,0.8602564416327606,31.82819383259912
same_ren,340,13,340,30,True,/users/delfos/aina/scentree-gen-remote/scentree-gen-remote/same_ren_scentree/scenariotree_340/results_13.json,2026,31,81,65.35483870967742,81,4.197530864197531,39,0.0029411764705882353,0.11470588235294117,0.01958833317544977,0.8354047845999493,23.027888446215144
same_ren,340,14,340,30,True,/users/delfos/aina/scentree-gen-remote/scentree-gen-remote/same_ren_scentree/scenariotree_340/results_14.json,2686,31,110,86.64516129032258,110,3.090909090909091,32,0.0029411764705882353,0.09411764705882353,0.014889471435642626,0.8461750327397979,29.870801033591732
same_ren,340,15,340,30,True,/users/delfos/aina/scentree-gen-remote/scentree-gen-remote/same_ren_scentree/scenariotree_340/results_15.json,1925,31,97,62.096774193548384,97,3.5051546391752577,37,0.0029411764705882353,0.10882352941176471,0.01777356972739983,0.8373415632589968,24.41909590198564
same_ren,340,16,340,30,True,/users/delfos/aina/scentree-gen-remote/scentree-gen-remote/same_ren_scentree/scenariotree_340/results_16.json,3068,31,131,98.96774193548387,131,2.595419847328244,23,0.0029411764705882353,0.06764705882352941,0.010680747781316495,0.8849179910224183,44.29118773946361
same_ren,340,17,340,30,True,/users/delfos/aina/scentree-gen-remote/scentree-gen-remote/same_ren_scentree/scenariotree_340/results_17.json,2959,31,120,95.45161290322581,120,2.8333333333333335,48,0.0029411764705882353,0.1411764705882353,0.01840031801874849,0.8109970730469253,20.42402826855124
same_ren,340,18,340,30,True,/users/delfos/aina/scentree-gen-remote/scentree-gen-remote/same_ren_scentree/scenariotree_340/results_18.json,2697,31,132,87.0,132,2.5757575757575757,41,0.0029411764705882353,0.12058823529411765,0.01468412477865112,0.8445038945226923,27.748439750360063
same_ren,340,19,340,30,True,/users/delfos/aina/scentree-gen-remote/scentree-gen-remote/same_ren_scentree/scenariotree_340/results_19.json,2619,31,131,84.48387096774194,131,2.595419847328244,46,0.0029411764705882353,0.13529411764705881,0.014549136018273807,0.8524892434487165,28.277886497064582
same_ren,340,2,340,30,True,/users/delfos/aina/scentree-gen-remote/scentree-gen-remote/same_ren_scentree/scenariotree_340/results_2.json,2376,31,105,76.64516129032258,105,3.238095238095238,35,0.0029411764705882353,0.10294117647058823,0.014587895369242699,0.8663806303291636,31.37893593919653
same_ren,340,20,340,30,True,/users/delfos/aina/scentree-gen-remote/scentree-gen-remote/same_ren_scentree/scenariotree_340/results_20.json,2521,31,129,81.3225806451613,129,2.635658914728682,31,0.0029411764705882353,0.09117647058823529,0.012299397477415935,0.8703774159809815,36.675126903553306
same_ren,340,21,340,30,True,/users/delfos/aina/scentree-gen-remote/scentree-gen-remote/same_ren_scentree/scenariotree_340/results_21.json,2384,31,116,76.90322580645162,116,2.9310344827586206,19,0.0029411764705882353,0.05588235294117647,0.010142494916329237,0.8982536469314665,48.65319865319864
same_ren,340,22,340,30,True,/users/delfos/aina/scentree-gen-remote/scentree-gen-remote/same_ren_scentree/scenariotree_340/results_22.json,2639,31,111,85.12903225806451,111,3.063063063063063,66,0.0029411764705882353,0.19411764705882353,0.020255388339133706,0.8126656140063271,18.331747542023468
same_ren,340,23,340,30,True,/users/delfos/aina/scentree-gen-remote/scentree-gen-remote/same_ren_scentree/scenariotree_340/results_23.json,2695,31,132,86.93548387096774,132,2.5757575757575757,80,0.0029411764705882353,0.23529411764705882,0.021255796944814907,0.8011961918568881,14.877734877734873
same_ren,340,24,340,30,True,/users/delfos/aina/scentree-gen-remote/scentree-gen-remote/same_ren_scentree/scenariotree_340/results_24.json,2646,31,113,85.35483870967742,113,3.0088495575221237,67,0.0029411764705882353,0.19705882352941176,0.0217772083595448,0.7904203071963235,16.01551676364644
same_ren,340,25,340,30,True,/users/delfos/aina/scentree-gen-remote/scentree-gen-remote/same_ren_scentree/scenariotree_340/results_25.json,2057,31,119,66.35483870967742,119,2.857142857142857,17,0.0029411764705882353,0.05,0.009534586286389155,0.9038704080154343,52.025202520252
same_ren,340,26,340,30,True,/users/delfos/aina/scentree-gen-remote/scentree-gen-remote/same_ren_scentree/scenariotree_340/results_26.json,2882,31,148,92.96774193548387,148,2.2972972972972974,45,0.0029411764705882353,0.1323529411764706,0.014132127987649377,0.8466412715300166,27.536922343973306
same_ren,340,27,340,30,True,/users/delfos/aina/scentree-gen-remote/scentree-gen-remote/same_ren_scentree/scenariotree_340/results_27.json,2783,31,120,89.7741935483871,120,2.8333333333333335,28,0.0029411764705882353,0.08235294117647059,0.013177068730588076,0.8597023670193246,34.282325029656
same_ren,340,28,340,30,True,/users/delfos/aina/scentree-gen-remote/scentree-gen-remote/same_ren_scentree/scenariotree_340/results_28.json,2252,31,112,72.64516129032258,112,3.0357142857142856,41,0.0029411764705882353,0.12058823529411765,0.014929645165935318,0.8551768762807525,29.504849412965804
same_ren,340,29,340,30,True,/users/delfos/aina/scentree-gen-remote/scentree-gen-remote/same_ren_scentree/scenariotree_340/results_29.json,2614,31,106,84.3225806451613,106,3.207547169811321,33,0.0029411764705882353,0.09705882352941177,0.014659844592287224,0.8565722092205359,31.04189044038668
same_ren,340,3,340,30,True,/users/delfos/aina/scentree-gen-remote/scentree-gen-remote/same_ren_scentree/scenariotree_340/results_3.json,2752,31,109,88.7741935483871,109,3.1192660550458715,39,0.0029411764705882353,0.11470588235294117,0.015769545870839435,0.85424380462747,27.563185503099668
same_ren,340,30,340,30,True,/users/delfos/aina/scentree-gen-remote/scentree-gen-remote/same_ren_scentree/scenariotree_340/results_30.json,2544,31,110,82.06451612903226,110,3.090909090909091,40,0.0029411764705882353,0.11764705882352941,0.01599949597421681,0.8430738997544702,26.846261031119365
same_ren,340,4,340,30,True,/users/delfos/aina/scentree-gen-remote/scentree-gen-remote/same_ren_scentree/scenariotree_340/results_4.json,3087,31,145,99.58064516129032,145,2.3448275862068964,38,0.0029411764705882353,0.11176470588235295,0.01371022709407487,0.8536603001704022,29.280648429584605
same_ren,340,5,340,30,True,/users/delfos/aina/scentree-gen-remote/scentree-gen-remote/same_ren_scentree/scenariotree_340/results_5.json,3449,31,149,111.25806451612904,149,2.2818791946308723,50,0.0029411764705882353,0.14705882352941177,0.016700778987136226,0.8131482145892662,20.716845878136194
same_ren,340,6,340,30,True,/users/delfos/aina/scentree-gen-remote/scentree-gen-remote/same_ren_scentree/scenariotree_340/results_6.json,2089,31,111,67.38709677419355,111,3.063063063063063,24,0.0029411764705882353,0.07058823529411765,0.013208205684938532,0.8600468899473047,35.243902439024374
same_ren,340,7,340,30,True,/users/delfos/aina/scentree-gen-remote/scentree-gen-remote/same_ren_scentree/scenariotree_340/results_7.json,2030,31,101,65.48387096774194,101,3.366336633663366,52,0.0029411764705882353,0.15294117647058825,0.0188746156848073,0.831771565149759,21.794871794871785
same_ren,340,8,340,30,True,/users/delfos/aina/scentree-gen-remote/scentree-gen-remote/same_ren_scentree/scenariotree_340/results_8.json,2104,31,110,67.87096774193549,110,3.090909090909091,37,0.0029411764705882353,0.10882352941176471,0.014999976169350131,0.8501035504238064,29.550102249488752
same_ren,340,9,340,30,True,/users/delfos/aina/scentree-gen-remote/scentree-gen-remote/same_ren_scentree/scenariotree_340/results_9.json,2759,31,112,89.0,112,3.0357142857142856,37,0.0029411764705882353,0.10882352941176471,0.016171354096445326,0.8384349908893282,26.16568583069263
same_ren,350,1,350,30,True,/users/delfos/aina/scentree-gen-remote/scentree-gen-remote/same_ren_scentree/scenariotree_350/results_1.json,3229,31,149,104.16129032258064,149,2.348993288590604,54,0.002857142857142857,0.15428571428571428,0.014067075408418511,0.8550851822059812,27.62742444745151
same_ren,350,10,350,30,True,/users/delfos/aina/scentree-gen-remote/scentree-gen-remote/same_ren_scentree/scenariotree_350/results_10.json,1835,31,99,59.193548387096776,99,3.5353535353535355,47,0.002857142857142857,0.13428571428571429,0.020155295378065218,0.8078078743531294,19.873458792991567
same_ren,350,11,350,30,True,/users/delfos/aina/scentree-gen-remote/scentree-gen-remote/same_ren_scentree/scenariotree_350/results_11.json,2400,31,125,77.41935483870968,125,2.8,51,0.002857142857142857,0.1457142857142857,0.016529997469041866,0.8318374364020864,23.721920991479468
same_ren,350,12,350,30,True,/users/delfos/aina/scentree-gen-remote/scentree-gen-remote/same_ren_scentree/scenariotree_350/results_12.json,2474,31,114,79.80645161290323,114,3.0701754385964914,53,0.002857142857142857,0.15142857142857144,0.016956883036463307,0.8343631620999906,24.066797642436143
same_ren,350,13,350,30,True,/users/delfos/aina/scentree-gen-remote/scentree-gen-remote/same_ren_scentree/scenariotree_350/results_13.json,3105,31,146,100.16129032258064,146,2.3972602739726026,51,0.002857142857142857,0.1457142857142857,0.01417364831762773,0.8444804481397897,27.639891696750905
same_ren,350,14,350,30,True,/users/delfos/aina/scentree-gen-remote/scentree-gen-remote/same_ren_scentree/scenariotree_350/results_14.json,2424,31,118,78.19354838709677,118,2.9661016949152543,44,0.002857142857142857,0.12571428571428572,0.014080522514113998,0.8667168956348441,31.378073770491795
same_ren,350,15,350,30,True,/users/delfos/aina/scentree-gen-remote/scentree-gen-remote/same_ren_scentree/scenariotree_350/results_15.json,2600,31,126,83.87096774193549,126,2.7777777777777777,25,0.002857142857142857,0.07142857142857142,0.011331154474650634,0.8782296046069255,41.46919431279619
same_ren,350,16,350,30,True,/users/delfos/aina/scentree-gen-remote/scentree-gen-remote/same_ren_scentree/scenariotree_350/results_16.json,2288,31,133,73.80645161290323,133,2.6315789473684212,38,0.002857142857142857,0.10857142857142857,0.012265157453805653,0.8714223815798141,36.32858837485172
same_ren,350,17,350,30,True,/users/delfos/aina/scentree-gen-remote/scentree-gen-remote/same_ren_scentree/scenariotree_350/results_17.json,2691,31,116,86.80645161290323,116,3.0172413793103448,36,0.002857142857142857,0.10285714285714286,0.016489959236203045,0.8200231689417352,24.898373983739827
same_ren,350,18,350,30,True,/users/delfos/aina/scentree-gen-remote/scentree-gen-remote/same_ren_scentree/scenariotree_350/results_18.json,2524,31,129,81.41935483870968,129,2.7131782945736433,48,0.002857142857142857,0.13714285714285715,0.01725395450825766,0.8114919288925849,21.66607711354793
same_ren,350,19,350,30,True,/users/delfos/aina/scentree-gen-remote/scentree-gen-remote/same_ren_scentree/scenariotree_350/results_19.json,2621,31,145,84.54838709677419,145,2.413793103448276,36,0.002857142857142857,0.10285714285714286,0.01133750022724802,0.8766587449256643,39.16240409207162
same_ren,350,2,350,30,True,/users/delfos/aina/scentree-gen-remote/scentree-gen-remote/same_ren_scentree/scenariotree_350/results_2.json,2745,31,116,88.54838709677419,116,3.0172413793103448,54,0.002857142857142857,0.15428571428571428,0.017644478530314013,0.837529654573736,22.354014598540143
same_ren,350,20,350,30,True,/users/delfos/aina/scentree-gen-remote/scentree-gen-remote/same_ren_scentree/scenariotree_350/results_20.json,3138,31,134,101.2258064516129,134,2.611940298507463,67,0.002857142857142857,0.19142857142857142,0.017958256832361116,0.8270573795040936,19.732603092783503
same_ren,350,21,350,30,True,/users/delfos/aina/scentree-gen-remote/scentree-gen-remote/same_ren_scentree/scenariotree_350/results_21.json,1281,31,93,41.32258064516129,93,3.763440860215054,34,0.002857142857142857,0.09714285714285714,0.016635597195366874,0.8415118117122868,27.40492170022371
same_ren,350,22,350,30,True,/users/delfos/aina/scentree-gen-remote/scentree-gen-remote/same_ren_scentree/scenariotree_350/results_22.json,2555,31,132,82.41935483870968,132,2.6515151515151514,62,0.002857142857142857,0.17714285714285713,0.01766514916932145,0.8194902572499522,20.505523937060598
same_ren,350,23,350,30,True,/users/delfos/aina/scentree-gen-remote/scentree-gen-remote/same_ren_scentree/scenariotree_350/results_23.json,1599,31,95,51.58064516129032,95,3.6842105263157894,41,0.002857142857142857,0.11714285714285715,0.014873693256493053,0.8752150978968324,31.70289855072463
same_ren,350,24,350,30,True,/users/delfos/aina/scentree-gen-remote/scentree-gen-remote/same_ren_scentree/scenariotree_350/results_24.json,2910,31,117,93.87096774193549,117,2.9914529914529915,32,0.002857142857142857,0.09142857142857143,0.014751837410776883,0.8463767673085242,29.404704752760445
same_ren,350,25,350,30,True,/users/delfos/aina/scentree-gen-remote/scentree-gen-remote/same_ren_scentree/scenariotree_350/results_25.json,2351,31,116,75.83870967741936,116,3.0172413793103448,37,0.002857142857142857,0.10571428571428572,0.013911263762942315,0.8610099318986536,32.18602207041513
same_ren,350,26,350,30,True,/users/delfos/aina/scentree-gen-remote/scentree-gen-remote/same_ren_scentree/scenariotree_350/results_26.json,2835,31,112,91.45161290322581,112,3.125,25,0.002857142857142857,0.07142857142857142,0.012778244311985624,0.8682331846071619,36.74265146970606
same_ren,350,27,350,30,True,/users/delfos/aina/scentree-gen-remote/scentree-gen-remote/same_ren_scentree/scenariotree_350/results_27.json,3247,31,156,104.74193548387096,156,2.2435897435897436,76,0.002857142857142857,0.21714285714285714,0.018489172004444138,0.813729638203692,16.739546324132277
same_ren,350,28,350,30,True,/users/delfos/aina/scentree-gen-remote/scentree-gen-remote/same_ren_scentree/scenariotree_350/results_28.json,3407,31,149,109.90322580645162,149,2.348993288590604,67,0.002857142857142857,0.19142857142857142,0.017001417714426436,0.8279142198198556,20.088553624139063
same_ren,350,29,350,30,True,/users/delfos/aina/scentree-gen-remote/scentree-gen-remote/same_ren_scentree/scenariotree_350/results_29.json,2726,31,134,87.93548387096774,134,2.611940298507463,49,0.002857142857142857,0.14,0.014074820509484076,0.8625558062244283,29.404704752760434
same_ren,350,3,350,30,True,/users/delfos/aina/scentree-gen-remote/scentree-gen-remote/same_ren_scentree/scenariotree_350/results_3.json,2666,31,122,86.0,122,2.8688524590163933,50,0.002857142857142857,0.14285714285714285,0.016220093852577874,0.8378771423649644,24.817666126418153
same_ren,350,30,350,30,True,/users/delfos/aina/scentree-gen-remote/scentree-gen-remote/same_ren_scentree/scenariotree_350/results_30.json,2917,31,126,94.09677419354838,126,2.7777777777777777,32,0.002857142857142857,0.09142857142857143,0.013511390718809024,0.8549548222723388,32.32189973614775
same_ren,350,4,350,30,True,/users/delfos/aina/scentree-gen-remote/scentree-gen-remote/same_ren_scentree/scenariotree_350/results_4.json,2600,31,113,83.87096774193549,113,3.0973451327433628,29,0.002857142857142857,0.08285714285714285,0.01394001236118287,0.8557033938028196,32.45892951775305
same_ren,350,5,350,30,True,/users/delfos/aina/scentree-gen-remote/scentree-gen-remote/same_ren_scentree/scenariotree_350/results_5.json,2956,31,135,95.35483870967742,135,2.5925925925925926,29,0.002857142857142857,0.08285714285714285,0.012350616296691161,0.8585824092367967,35.71428571428571
same_ren,350,6,350,30,True,/users/delfos/aina/scentree-gen-remote/scentree-gen-remote/same_ren_scentree/scenariotree_350/results_6.json,1701,31,106,54.87096774193548,106,3.30188679245283,22,0.002857142857142857,0.06285714285714286,0.011066848448824877,0.8945173702500746,44.61034231609613
same_ren,350,7,350,30,True,/users/delfos/aina/scentree-gen-remote/scentree-gen-remote/same_ren_scentree/scenariotree_350/results_7.json,2275,31,118,73.38709677419355,118,2.9661016949152543,35,0.002857142857142857,0.1,0.013002579119886741,0.8692553511726748,35.18093049971281
same_ren,350,8,350,30,True,/users/delfos/aina/scentree-gen-remote/scentree-gen-remote/same_ren_scentree/scenariotree_350/results_8.json,2723,31,117,87.83870967741936,117,2.9914529914529915,57,0.002857142857142857,0.16285714285714287,0.01730285823359559,0.8396897047234538,22.9486699138254
same_ren,350,9,350,30,True,/users/delfos/aina/scentree-gen-remote/scentree-gen-remote/same_ren_scentree/scenariotree_350/results_9.json,2065,31,117,66.61290322580645,117,2.9914529914529915,22,0.002857142857142857,0.06285714285714286,0.012055431751319573,0.8720820010794239,39.13738019169328
same_ren,360,1,360,30,True,/users/delfos/aina/scentree-gen-remote/scentree-gen-remote/same_ren_scentree/scenariotree_360/results_1.json,3146,31,148,101.48387096774194,148,2.4324324324324325,28,0.002777777777777778,0.07777777777777778,0.011050709331771144,0.8685559864084356,40.27346177750155
same_ren,360,10,360,30,True,/users/delfos/aina/scentree-gen-remote/scentree-gen-remote/same_ren_scentree/scenariotree_360/results_10.json,2075,31,114,66.93548387096774,114,3.1578947368421053,22,0.002777777777777778,0.06111111111111111,0.011862843728129121,0.8802751889378816,40.29850746268656
same_ren,360,11,360,30,True,/users/delfos/aina/scentree-gen-remote/scentree-gen-remote/same_ren_scentree/scenariotree_360/results_11.json,2557,31,117,82.48387096774194,117,3.076923076923077,26,0.002777777777777778,0.07222222222222222,0.013584770363463528,0.8552845423146683,33.17972350230416
same_ren,360,12,360,30,True,/users/delfos/aina/scentree-gen-remote/scentree-gen-remote/same_ren_scentree/scenariotree_360/results_12.json,3333,31,131,107.51612903225806,131,2.7480916030534353,43,0.002777777777777778,0.11944444444444445,0.01515766847849577,0.8262974274938213,26.503067484662576
same_ren,360,13,360,30,True,/users/delfos/aina/scentree-gen-remote/scentree-gen-remote/same_ren_scentree/scenariotree_360/results_13.json,2847,31,123,91.83870967741936,123,2.926829268292683,22,0.002777777777777778,0.06111111111111111,0.010889678891360171,0.8818938484159694,44.02173913043479
same_ren,360,14,360,30,True,/users/delfos/aina/scentree-gen-remote/scentree-gen-remote/same_ren_scentree/scenariotree_360/results_14.json,2722,31,135,87.80645161290323,135,2.6666666666666665,38,0.002777777777777778,0.10555555555555556,0.012677635853971657,0.8627520206076171,34.35843054082714
same_ren,360,15,360,30,True,/users/delfos/aina/scentree-gen-remote/scentree-gen-remote/same_ren_scentree/scenariotree_360/results_15.json,3026,31,141,97.61290322580645,141,2.5531914893617023,32,0.002777777777777778,0.08888888888888889,0.012066969807885478,0.8654524295115412,36.201117318435756
same_ren,360,16,360,30,True,/users/delfos/aina/scentree-gen-remote/scentree-gen-remote/same_ren_scentree/scenariotree_360/results_16.json,2971,31,143,95.83870967741936,143,2.5174825174825175,56,0.002777777777777778,0.15555555555555556,0.014587530002046283,0.853959154291313,26.721649484536083
same_ren,360,17,360,30,True,/users/delfos/aina/scentree-gen-remote/scentree-gen-remote/same_ren_scentree/scenariotree_360/results_17.json,3488,31,166,112.51612903225806,166,2.1686746987951806,25,0.002777777777777778,0.06944444444444445,0.00938598409145766,0.8866692844111888,48.430493273542595
same_ren,360,18,360,30,True,/users/delfos/aina/scentree-gen-remote/scentree-gen-remote/same_ren_scentree/scenariotree_360/results_18.json,2722,31,123,87.80645161290323,123,2.926829268292683,25,0.002777777777777778,0.06944444444444445,0.014296944820445044,0.8331218142091016,30.055658627087194
same_ren,360,19,360,30,True,/users/delfos/aina/scentree-gen-remote/scentree-gen-remote/same_ren_scentree/scenariotree_360/results_19.json,2593,31,104,83.64516129032258,104,3.4615384615384617,42,0.002777777777777778,0.11666666666666667,0.017381070052563192,0.8221604559618545,24.370063933809696
same_ren,360,2,360,30,True,/users/delfos/aina/scentree-gen-remote/scentree-gen-remote/same_ren_scentree/scenariotree_360/results_2.json,2383,31,117,76.87096774193549,117,3.076923076923077,34,0.002777777777777778,0.09444444444444444,0.013024648946623885,0.8626888405497246,35.217391304347835
same_ren,360,20,360,30,True,/users/delfos/aina/scentree-gen-remote/scentree-gen-remote/same_ren_scentree/scenariotree_360/results_20.json,2516,31,118,81.16129032258064,118,3.0508474576271185,23,0.002777777777777778,0.06388888888888888,0.011750925764948171,0.8760346762259482,40.37383177570095
same_ren,360,21,360,30,True,/users/delfos/aina/scentree-gen-remote/scentree-gen-remote/same_ren_scentree/scenariotree_360/results_21.json,2948,31,123,95.09677419354838,123,2.926829268292683,22,0.002777777777777778,0.06111111111111111,0.010520497167330617,0.88564802055922,45.99006387508872
same_ren,360,22,360,30,True,/users/delfos/aina/scentree-gen-remote/scentree-gen-remote/same_ren_scentree/scenariotree_360/results_22.json,2548,31,122,82.19354838709677,122,2.9508196721311477,54,0.002777777777777778,0.15,0.016498285970629783,0.83422878598504,24.152068579947816
same_ren,360,23,360,30,True,/users/delfos/aina/scentree-gen-remote/scentree-gen-remote/same_ren_scentree/scenariotree_360/results_23.json,2929,31,124,94.48387096774194,124,2.903225806451613,44,0.002777777777777778,0.12222222222222222,0.013957801059943193,0.8609742428025096,31.034482758620676
same_ren,360,24,360,30,True,/users/delfos/aina/scentree-gen-remote/scentree-gen-remote/same_ren_scentree/scenariotree_360/results_24.json,1729,31,103,55.774193548387096,103,3.495145631067961,49,0.002777777777777778,0.1361111111111111,0.017039491442222617,0.8493637076656951,25.243474873393062
same_ren,360,25,360,30,True,/users/delfos/aina/scentree-gen-remote/scentree-gen-remote/same_ren_scentree/scenariotree_360/results_25.json,1854,31,110,59.806451612903224,110,3.272727272727273,39,0.002777777777777778,0.10833333333333334,0.014640803503630364,0.8538595107945802,30.60935285781765
same_ren,360,26,360,30,True,/users/delfos/aina/scentree-gen-remote/scentree-gen-remote/same_ren_scentree/scenariotree_360/results_26.json,2728,31,119,88.0,119,3.0252100840336134,36,0.002777777777777778,0.1,0.014415606244693907,0.8481478513084577,30.181648812296217
same_ren,360,27,360,30,True,/users/delfos/aina/scentree-gen-remote/scentree-gen-remote/same_ren_scentree/scenariotree_360/results_27.json,2806,31,129,90.51612903225806,129,2.7906976744186047,39,0.002777777777777778,0.10833333333333334,0.013571632434391754,0.8634551224985619,31.73359451518119
same_ren,360,28,360,30,True,/users/delfos/aina/scentree-gen-remote/scentree-gen-remote/same_ren_scentree/scenariotree_360/results_28.json,2656,31,133,85.6774193548387,133,2.706766917293233,44,0.002777777777777778,0.12222222222222222,0.014909384525314926,0.8348614972067235,26.96629213483147
same_ren,360,29,360,30,True,/users/delfos/aina/scentree-gen-remote/scentree-gen-remote/same_ren_scentree/scenariotree_360/results_29.json,2887,31,111,93.12903225806451,111,3.2432432432432434,41,0.002777777777777778,0.11388888888888889,0.015899145034965652,0.8434787122927966,26.977518734387996
same_ren,360,3,360,30,True,/users/delfos/aina/scentree-gen-remote/scentree-gen-remote/same_ren_scentree/scenariotree_360/results_3.json,2592,31,125,83.61290322580645,125,2.88,20,0.002777777777777778,0.05555555555555555,0.009600668700990198,0.8969135232076617,51.22529644268776
same_ren,360,30,360,30,True,/users/delfos/aina/scentree-gen-remote/scentree-gen-remote/same_ren_scentree/scenariotree_360/results_30.json,2823,31,122,91.06451612903226,122,2.9508196721311477,44,0.002777777777777778,0.12222222222222222,0.013621527086900474,0.8653814702394023,32.43243243243245
same_ren,360,4,360,30,True,/users/delfos/aina/scentree-gen-remote/scentree-gen-remote/same_ren_scentree/scenariotree_360/results_4.json,2801,31,130,90.35483870967742,130,2.769230769230769,30,0.002777777777777778,0.08333333333333333,0.013461538461538462,0.8427236120991116,32.0
same_ren,360,5,360,30,True,/users/delfos/aina/scentree-gen-remote/scentree-gen-remote/same_ren_scentree/scenariotree_360/results_5.json,3323,31,163,107.19354838709677,163,2.208588957055215,45,0.002777777777777778,0.125,0.012997845546113026,0.8456594613884989,29.69752520623282
same_ren,360,6,360,30,True,/users/delfos/aina/scentree-gen-remote/scentree-gen-remote/same_ren_scentree/scenariotree_360/results_6.json,2718,31,153,87.6774193548387,153,2.3529411764705883,35,0.002777777777777778,0.09722222222222222,0.011176597993897273,0.8688150586715483,38.98916967509025
same_ren,360,7,360,30,True,/users/delfos/aina/scentree-gen-remote/scentree-gen-remote/same_ren_scentree/scenariotree_360/results_7.json,2408,31,113,77.6774193548387,113,3.185840707964602,29,0.002777777777777778,0.08055555555555556,0.01464532370651789,0.8421322437061487,30.223880597014926
same_ren,360,8,360,30,True,/users/delfos/aina/scentree-gen-remote/scentree-gen-remote/same_ren_scentree/scenariotree_360/results_8.json,3139,31,121,101.25806451612904,121,2.975206611570248,28,0.002777777777777778,0.07777777777777778,0.013138414988616013,0.8548913618702657,34.30386447856009
same_ren,360,9,360,30,True,/users/delfos/aina/scentree-gen-remote/scentree-gen-remote/same_ren_scentree/scenariotree_360/results_9.json,2856,31,113,92.12903225806451,113,3.185840707964602,79,0.002777777777777778,0.21944444444444444,0.02212536868240248,0.801401622552311,15.584415584415579
same_ren,370,1,370,30,True,/users/delfos/aina/scentree-gen-remote/scentree-gen-remote/same_ren_scentree/scenariotree_370/results_1.json,3038,31,118,98.0,118,3.135593220338983,69,0.002702702702702703,0.1864864864864865,0.020092872401494034,0.8015551353832358,17.820879979172084
same_ren,370,10,370,30,True,/users/delfos/aina/scentree-gen-remote/scentree-gen-remote/same_ren_scentree/scenariotree_370/results_10.json,3366,31,126,108.58064516129032,126,2.9365079365079363,50,0.002702702702702703,0.13513513513513514,0.01605361794011058,0.8308598058261191,24.746926970354306
same_ren,370,11,370,30,True,/users/delfos/aina/scentree-gen-remote/scentree-gen-remote/same_ren_scentree/scenariotree_370/results_11.json,3399,31,145,109.64516129032258,145,2.5517241379310347,48,0.002702702702702703,0.12972972972972974,0.014413396713974578,0.8311358503176774,27.01262825572217
same_ren,370,12,370,30,True,/users/delfos/aina/scentree-gen-remote/scentree-gen-remote/same_ren_scentree/scenariotree_370/results_12.json,2377,31,112,76.6774193548387,112,3.3035714285714284,66,0.002702702702702703,0.1783783783783784,0.02037245570852547,0.8059932631644388,18.046401265489052
same_ren,370,13,370,30,True,/users/delfos/aina/scentree-gen-remote/scentree-gen-remote/same_ren_scentree/scenariotree_370/results_13.json,2795,31,121,90.16129032258064,121,3.0578512396694215,24,0.002702702702702703,0.06486486486486487,0.01233551056404255,0.8654806040363674,37.48630887185104
same_ren,370,14,370,30,True,/users/delfos/aina/scentree-gen-remote/scentree-gen-remote/same_ren_scentree/scenariotree_370/results_14.json,2348,31,125,75.74193548387096,125,2.96,33,0.002702702702702703,0.0891891891891892,0.012511616224155074,0.8651657087552601,36.27450980392155
same_ren,370,15,370,30,True,/users/delfos/aina/scentree-gen-remote/scentree-gen-remote/same_ren_scentree/scenariotree_370/results_15.json,2940,31,127,94.83870967741936,127,2.9133858267716537,57,0.002702702702702703,0.15405405405405406,0.016177237761122648,0.8358069639586205,24.32480454868514
same_ren,370,16,370,30,True,/users/delfos/aina/scentree-gen-remote/scentree-gen-remote/same_ren_scentree/scenariotree_370/results_16.json,2437,31,111,78.61290322580645,111,3.3333333333333335,48,0.002702702702702703,0.12972972972972974,0.020423762121719057,0.7886297754108963,18.079767564712093
same_ren,370,17,370,30,True,/users/delfos/aina/scentree-gen-remote/scentree-gen-remote/same_ren_scentree/scenariotree_370/results_17.json,2666,31,129,86.0,129,2.868217054263566,41,0.002702702702702703,0.11081081081081082,0.01608431531917563,0.8231503558189608,24.31616341030195
same_ren,370,18,370,30,True,/users/delfos/aina/scentree-gen-remote/scentree-gen-remote/same_ren_scentree/scenariotree_370/results_18.json,2750,31,120,88.70967741935483,120,3.0833333333333335,40,0.002702702702702703,0.10810810810810811,0.014598695342032224,0.8503335934697105,29.491598448944416
same_ren,370,19,370,30,True,/users/delfos/aina/scentree-gen-remote/scentree-gen-remote/same_ren_scentree/scenariotree_370/results_19.json,2520,31,145,81.29032258064517,145,2.5517241379310347,49,0.002702702702702703,0.13243243243243244,0.014789458947697136,0.8432974566153238,25.898600075671578
same_ren,370,2,370,30,True,/users/delfos/aina/scentree-gen-remote/scentree-gen-remote/same_ren_scentree/scenariotree_370/results_2.json,2460,31,105,79.35483870967742,105,3.5238095238095237,27,0.002702702702702703,0.07297297297297298,0.013023791702654455,0.8670720910460752,36.58471405665419
same_ren,370,20,370,30,True,/users/delfos/aina/scentree-gen-remote/scentree-gen-remote/same_ren_scentree/scenariotree_370/results_20.json,1970,31,78,63.54838709677419,78,4.743589743589744,41,0.002702702702702703,0.11081081081081082,0.019758785397610105,0.8368599599591136,23.109385550303845
same_ren,370,21,370,30,True,/users/delfos/aina/scentree-gen-remote/scentree-gen-remote/same_ren_scentree/scenariotree_370/results_21.json,2657,31,115,85.70967741935483,115,3.217391304347826,38,0.002702702702702703,0.10270270270270271,0.01529204632110155,0.8422183580361458,28.099343185550076
same_ren,370,22,370,30,True,/users/delfos/aina/scentree-gen-remote/scentree-gen-remote/same_ren_scentree/scenariotree_370/results_22.json,2938,31,132,94.7741935483871,132,2.803030303030303,53,0.002702702702702703,0.14324324324324325,0.015851897844976776,0.820376329525631,24.542846898529934
same_ren,370,23,370,30,True,/users/delfos/aina/scentree-gen-remote/scentree-gen-remote/same_ren_scentree/scenariotree_370/results_23.json,2883,31,143,93.0,143,2.5874125874125875,64,0.002702702702702703,0.17297297297297298,0.01598566235357629,0.8364206970531451,22.969798657718115
same_ren,370,24,370,30,True,/users/delfos/aina/scentree-gen-remote/scentree-gen-remote/same_ren_scentree/scenariotree_370/results_24.json,2658,31,114,85.74193548387096,114,3.245614035087719,38,0.002702702702702703,0.10270270270270271,0.01470586721023033,0.8411019205957364,29.91695804195804
same_ren,370,25,370,30,True,/users/delfos/aina/scentree-gen-remote/scentree-gen-remote/same_ren_scentree/scenariotree_370/results_25.json,2511,31,125,81.0,125,2.96,49,0.002702702702702703,0.13243243243243244,0.016321818314895428,0.820394581777621,24.21294658648743
same_ren,370,26,370,30,True,/users/delfos/aina/scentree-gen-remote/scentree-gen-remote/same_ren_scentree/scenariotree_370/results_26.json,2632,31,133,84.90322580645162,133,2.781954887218045,47,0.002702702702702703,0.12702702702702703,0.013901515156525249,0.8544154257272301,30.10114335971856
same_ren,370,27,370,30,True,/users/delfos/aina/scentree-gen-remote/scentree-gen-remote/same_ren_scentree/scenariotree_370/results_27.json,2501,31,118,80.6774193548387,118,3.135593220338983,30,0.002702702702702703,0.08108108108108109,0.012622554208608692,0.8672343313695746,36.66309587573646
same_ren,370,28,370,30,True,/users/delfos/aina/scentree-gen-remote/scentree-gen-remote/same_ren_scentree/scenariotree_370/results_28.json,1875,31,80,60.483870967741936,80,4.625,52,0.002702702702702703,0.14054054054054055,0.022419301757805123,0.8136756774494227,18.97172949002217
same_ren,370,29,370,30,True,/users/delfos/aina/scentree-gen-remote/scentree-gen-remote/same_ren_scentree/scenariotree_370/results_29.json,3094,31,133,99.80645161290323,133,2.781954887218045,34,0.002702702702702703,0.0918918918918919,0.012944060894979443,0.8522069563775629,33.553921568627445
same_ren,370,3,370,30,True,/users/delfos/aina/scentree-gen-remote/scentree-gen-remote/same_ren_scentree/scenariotree_370/results_3.json,2711,31,129,87.45161290322581,129,2.868217054263566,46,0.002702702702702703,0.12432432432432433,0.013942001388502273,0.8552061289105616,30.46283934134401
same_ren,370,30,370,30,True,/users/delfos/aina/scentree-gen-remote/scentree-gen-remote/same_ren_scentree/scenariotree_370/results_30.json,2275,31,124,73.38709677419355,124,2.9838709677419355,41,0.002702702702702703,0.11081081081081082,0.014481397168163657,0.8466034937777867,29.352487135506003
same_ren,370,4,370,30,True,/users/delfos/aina/scentree-gen-remote/scentree-gen-remote/same_ren_scentree/scenariotree_370/results_4.json,3324,31,137,107.2258064516129,137,2.7007299270072993,21,0.002702702702702703,0.05675675675675676,0.010492273885375493,0.876839956956989,44.680156657963444
same_ren,370,5,370,30,True,/users/delfos/aina/scentree-gen-remote/scentree-gen-remote/same_ren_scentree/scenariotree_370/results_5.json,2424,31,129,78.19354838709677,129,2.868217054263566,57,0.002702702702702703,0.15405405405405406,0.016542495338086233,0.8297267565530517,23.227010519172037
same_ren,370,6,370,30,True,/users/delfos/aina/scentree-gen-remote/scentree-gen-remote/same_ren_scentree/scenariotree_370/results_6.json,2202,31,105,71.03225806451613,105,3.5238095238095237,58,0.002702702702702703,0.15675675675675677,0.023392996487923947,0.7749953496444907,14.929116684841874
same_ren,370,7,370,30,True,/users/delfos/aina/scentree-gen-remote/scentree-gen-remote/same_ren_scentree/scenariotree_370/results_7.json,2621,31,120,84.54838709677419,120,3.0833333333333335,41,0.002702702702702703,0.11081081081081082,0.013963600692746431,0.8578703312496012,31.514732965009195
same_ren,370,8,370,30,True,/users/delfos/aina/scentree-gen-remote/scentree-gen-remote/same_ren_scentree/scenariotree_370/results_8.json,3303,31,144,106.54838709677419,144,2.5694444444444446,54,0.002702702702702703,0.14594594594594595,0.014622834352193794,0.8433418213157174,26.500193573364307
same_ren,370,9,370,30,True,/users/delfos/aina/scentree-gen-remote/scentree-gen-remote/same_ren_scentree/scenariotree_370/results_9.json,2228,31,118,71.87096774193549,118,3.135593220338983,60,0.002702702702702703,0.16216216216216217,0.020086709728549847,0.8055815134144415,17.83016410523574
same_ren,380,1,380,30,True,/users/delfos/aina/scentree-gen-remote/scentree-gen-remote/same_ren_scentree/scenariotree_380/results_1.json,2477,31,128,79.90322580645162,128,2.96875,46,0.002631578947368421,0.12105263157894737,0.014205566492515132,0.8508321942644831,29.724166323589955
same_ren,380,10,380,30,True,/users/delfos/aina/scentree-gen-remote/scentree-gen-remote/same_ren_scentree/scenariotree_380/results_10.json,2734,31,112,88.19354838709677,112,3.392857142857143,44,0.002631578947368421,0.11578947368421053,0.014854679352698625,0.8502311654725249,29.724166323589962
same_ren,380,11,380,30,True,/users/delfos/aina/scentree-gen-remote/scentree-gen-remote/same_ren_scentree/scenariotree_380/results_11.json,3240,31,119,104.51612903225806,119,3.19327731092437,37,0.002631578947368421,0.09736842105263158,0.014293243422282323,0.8469141259972974,30.567315834038943
same_ren,380,12,380,30,True,/users/delfos/aina/scentree-gen-remote/scentree-gen-remote/same_ren_scentree/scenariotree_380/results_12.json,3270,31,134,105.48387096774194,134,2.8358208955223883,33,0.002631578947368421,0.0868421052631579,0.013576202360864304,0.8466218529701387,31.09388458225667
same_ren,380,13,380,30,True,/users/delfos/aina/scentree-gen-remote/scentree-gen-remote/same_ren_scentree/scenariotree_380/results_13.json,2368,31,140,76.38709677419355,140,2.7142857142857144,51,0.002631578947368421,0.13421052631578947,0.014679957728560337,0.8399634234079756,26.800296956198967
same_ren,380,14,380,30,True,/users/delfos/aina/scentree-gen-remote/scentree-gen-remote/same_ren_scentree/scenariotree_380/results_14.json,2703,31,123,87.19354838709677,123,3.089430894308943,31,0.002631578947368421,0.08157894736842106,0.012338674204337815,0.8634234642557856,37.2356884992264
same_ren,380,15,380,30,True,/users/delfos/aina/scentree-gen-remote/scentree-gen-remote/same_ren_scentree/scenariotree_380/results_15.json,2221,31,107,71.64516129032258,107,3.5514018691588785,45,0.002631578947368421,0.11842105263157894,0.01631854079613899,0.8370970625613978,26.427525622254766
same_ren,380,16,380,30,True,/users/delfos/aina/scentree-gen-remote/scentree-gen-remote/same_ren_scentree/scenariotree_380/results_16.json,2554,31,139,82.38709677419355,139,2.7338129496402876,27,0.002631578947368421,0.07105263157894737,0.010646678105169597,0.8811459086462804,43.572721786360894
same_ren,380,17,380,30,True,/users/delfos/aina/scentree-gen-remote/scentree-gen-remote/same_ren_scentree/scenariotree_380/results_17.json,3044,31,149,98.19354838709677,149,2.5503355704697985,56,0.002631578947368421,0.14736842105263157,0.013530356193969308,0.8572209121081295,29.421352893235532
same_ren,380,18,380,30,True,/users/delfos/aina/scentree-gen-remote/scentree-gen-remote/same_ren_scentree/scenariotree_380/results_18.json,2343,31,117,75.58064516129032,117,3.247863247863248,31,0.002631578947368421,0.08157894736842106,0.011667280446681628,0.8802306135984822,40.86021505376343
same_ren,380,19,380,30,True,/users/delfos/aina/scentree-gen-remote/scentree-gen-remote/same_ren_scentree/scenariotree_380/results_19.json,3351,31,149,108.09677419354838,149,2.5503355704697985,31,0.002631578947368421,0.08157894736842106,0.012116838420164384,0.8562959700821903,34.98062015503876
same_ren,380,2,380,30,True,/users/delfos/aina/scentree-gen-remote/scentree-gen-remote/same_ren_scentree/scenariotree_380/results_2.json,3128,31,165,100.90322580645162,165,2.303030303030303,28,0.002631578947368421,0.07368421052631578,0.008751607603393267,0.8960504275465293,53.481481481481474
same_ren,380,20,380,30,True,/users/delfos/aina/scentree-gen-remote/scentree-gen-remote/same_ren_scentree/scenariotree_380/results_20.json,2687,31,138,86.6774193548387,138,2.753623188405797,73,0.002631578947368421,0.19210526315789472,0.01839873223912548,0.81511790629306,18.531827515400416
same_ren,380,21,380,30,True,/users/delfos/aina/scentree-gen-remote/scentree-gen-remote/same_ren_scentree/scenariotree_380/results_21.json,2905,31,115,93.70967741935483,115,3.3043478260869565,25,0.002631578947368421,0.06578947368421052,0.01146382290436914,0.8792063477273668,42.001163467132045
same_ren,380,22,380,30,True,/users/delfos/aina/scentree-gen-remote/scentree-gen-remote/same_ren_scentree/scenariotree_380/results_22.json,2621,31,129,84.54838709677419,129,2.945736434108527,55,0.002631578947368421,0.14473684210526316,0.01679547194739997,0.8167732245466371,22.65453404455601
same_ren,380,23,380,30,True,/users/delfos/aina/scentree-gen-remote/scentree-gen-remote/same_ren_scentree/scenariotree_380/results_23.json,2735,31,127,88.2258064516129,127,2.9921259842519685,43,0.002631578947368421,0.11315789473684211,0.015442012176830286,0.8302238333698778,26.20689655172413
same_ren,380,24,380,30,True,/users/delfos/aina/scentree-gen-remote/scentree-gen-remote/same_ren_scentree/scenariotree_380/results_24.json,2410,31,108,77.74193548387096,108,3.5185185185185186,31,0.002631578947368421,0.08157894736842106,0.01389495780678108,0.8571568219943204,33.21067157313708
same_ren,380,25,380,30,True,/users/delfos/aina/scentree-gen-remote/scentree-gen-remote/same_ren_scentree/scenariotree_380/results_25.json,2973,31,131,95.90322580645162,131,2.900763358778626,23,0.002631578947368421,0.060526315789473685,0.009423188951308337,0.8987456808622434,51.90510424155285
same_ren,380,26,380,30,True,/users/delfos/aina/scentree-gen-remote/scentree-gen-remote/same_ren_scentree/scenariotree_380/results_26.json,2035,31,83,65.64516129032258,83,4.578313253012048,26,0.002631578947368421,0.06842105263157895,0.014127971775097135,0.8832602288922721,34.94675701839302
same_ren,380,27,380,30,True,/users/delfos/aina/scentree-gen-remote/scentree-gen-remote/same_ren_scentree/scenariotree_380/results_27.json,1779,31,114,57.38709677419355,114,3.3333333333333335,72,0.002631578947368421,0.18947368421052632,0.02207981944496812,0.7778178951700829,15.540249677141624
same_ren,380,28,380,30,True,/users/delfos/aina/scentree-gen-remote/scentree-gen-remote/same_ren_scentree/scenariotree_380/results_28.json,2571,31,119,82.93548387096774,119,3.19327731092437,47,0.002631578947368421,0.12368421052631579,0.014232039798769825,0.8552525720668533,30.76267575628461
same_ren,380,29,380,30,True,/users/delfos/aina/scentree-gen-remote/scentree-gen-remote/same_ren_scentree/scenariotree_380/results_29.json,2460,31,155,79.35483870967742,155,2.4516129032258065,33,0.002631578947368421,0.0868421052631579,0.011348192830136964,0.8663001154950987,37.860513896172
same_ren,380,3,380,30,True,/users/delfos/aina/scentree-gen-remote/scentree-gen-remote/same_ren_scentree/scenariotree_380/results_3.json,2704,31,117,87.2258064516129,117,3.247863247863248,36,0.002631578947368421,0.09473684210526316,0.014202385094453035,0.845451135516503,31.10728134424817
same_ren,380,30,380,30,True,/users/delfos/aina/scentree-gen-remote/scentree-gen-remote/same_ren_scentree/scenariotree_380/results_30.json,2269,31,115,73.19354838709677,115,3.3043478260869565,29,0.002631578947368421,0.07631578947368421,0.01293017552563102,0.862867202422154,35.81349206349205
same_ren,380,4,380,30,True,/users/delfos/aina/scentree-gen-remote/scentree-gen-remote/same_ren_scentree/scenariotree_380/results_4.json,2525,31,122,81.45161290322581,122,3.1147540983606556,45,0.002631578947368421,0.11842105263157894,0.014795415157122745,0.8449134733795133,28.650793650793656
same_ren,380,5,380,30,True,/users/delfos/aina/scentree-gen-remote/scentree-gen-remote/same_ren_scentree/scenariotree_380/results_5.json,3332,31,151,107.48387096774194,151,2.5165562913907285,50,0.002631578947368421,0.13157894736842105,0.013715458546615591,0.8437005822916269,28.548833531039946
same_ren,380,6,380,30,True,/users/delfos/aina/scentree-gen-remote/scentree-gen-remote/same_ren_scentree/scenariotree_380/results_6.json,3240,31,166,104.51612903225806,166,2.289156626506024,52,0.002631578947368421,0.1368421052631579,0.013474504823032769,0.8427186486064129,27.65224052087322
same_ren,380,7,380,30,True,/users/delfos/aina/scentree-gen-remote/scentree-gen-remote/same_ren_scentree/scenariotree_380/results_7.json,2693,31,130,86.87096774193549,130,2.923076923076923,60,0.002631578947368421,0.15789473684210525,0.017555171272891665,0.8104803881659043,20.93967517401392
same_ren,380,8,380,30,True,/users/delfos/aina/scentree-gen-remote/scentree-gen-remote/same_ren_scentree/scenariotree_380/results_8.json,2640,31,122,85.16129032258064,122,3.1147540983606556,61,0.002631578947368421,0.16052631578947368,0.01637606362766318,0.8422959488257504,24.441435341909273
same_ren,380,9,380,30,True,/users/delfos/aina/scentree-gen-remote/scentree-gen-remote/same_ren_scentree/scenariotree_380/results_9.json,2416,31,104,77.93548387096774,104,3.6538461538461537,39,0.002631578947368421,0.10263157894736842,0.0145139724095659,0.8590022443644718,31.72231985940246
same_ren,390,1,390,30,True,/users/delfos/aina/scentree-gen-remote/scentree-gen-remote/same_ren_scentree/scenariotree_390/results_1.json,2808,31,142,90.58064516129032,142,2.7464788732394365,55,0.002564102564102564,0.14102564102564102,0.016346018579711567,0.8218126451815569,22.230342005261623
same_ren,390,10,390,30,True,/users/delfos/aina/scentree-gen-remote/scentree-gen-remote/same_ren_scentree/scenariotree_390/results_10.json,2639,31,130,85.12903225806451,130,3.0,41,0.002564102564102564,0.10512820512820513,0.014015329983128596,0.8397167597114036,30.09497427779976
same_ren,390,11,390,30,True,/users/delfos/aina/scentree-gen-remote/scentree-gen-remote/same_ren_scentree/scenariotree_390/results_11.json,2992,31,143,96.51612903225806,143,2.727272727272727,42,0.002564102564102564,0.1076923076923077,0.015189673471189574,0.8172065241835422,25.008220979940802
same_ren,390,12,390,30,True,/users/delfos/aina/scentree-gen-remote/scentree-gen-remote/same_ren_scentree/scenariotree_390/results_12.json,2871,31,133,92.61290322580645,133,2.9323308270676693,80,0.002564102564102564,0.20512820512820512,0.018286219278393814,0.835373474420834,19.233687405159333
same_ren,390,13,390,30,True,/users/delfos/aina/scentree-gen-remote/scentree-gen-remote/same_ren_scentree/scenariotree_390/results_13.json,3154,31,132,101.74193548387096,132,2.9545454545454546,36,0.002564102564102564,0.09230769230769231,0.01330425238593233,0.8464099241454573,32.32044198895028
same_ren,390,14,390,30,True,/users/delfos/aina/scentree-gen-remote/scentree-gen-remote/same_ren_scentree/scenariotree_390/results_14.json,3292,31,180,106.19354838709677,180,2.1666666666666665,31,0.002564102564102564,0.07948717948717948,0.010434703866448757,0.8611287602845958,39.754312598013584
same_ren,390,15,390,30,True,/users/delfos/aina/scentree-gen-remote/scentree-gen-remote/same_ren_scentree/scenariotree_390/results_15.json,2151,31,109,69.38709677419355,109,3.5779816513761467,63,0.002564102564102564,0.16153846153846155,0.01766347111815467,0.8333155545613963,23.157734470158346
same_ren,390,16,390,30,True,/users/delfos/aina/scentree-gen-remote/scentree-gen-remote/same_ren_scentree/scenariotree_390/results_16.json,2731,31,136,88.09677419354838,136,2.8676470588235294,34,0.002564102564102564,0.08717948717948718,0.012288386786447595,0.8549139868725572,35.85572842998586
same_ren,390,17,390,30,True,/users/delfos/aina/scentree-gen-remote/scentree-gen-remote/same_ren_scentree/scenariotree_390/results_17.json,3039,31,128,98.03225806451613,128,3.046875,29,0.002564102564102564,0.07435897435897436,0.012283878600315589,0.8566115500337413,36.8637905962191
same_ren,390,18,390,30,True,/users/delfos/aina/scentree-gen-remote/scentree-gen-remote/same_ren_scentree/scenariotree_390/results_18.json,2409,31,122,77.70967741935483,122,3.19672131147541,50,0.002564102564102564,0.1282051282051282,0.013751953878064197,0.8687756345106552,31.9806560134567
same_ren,390,19,390,30,True,/users/delfos/aina/scentree-gen-remote/scentree-gen-remote/same_ren_scentree/scenariotree_390/results_19.json,2330,31,131,75.16129032258064,131,2.9770992366412212,40,0.002564102564102564,0.10256410256410256,0.012812546551642965,0.8556612982411781,34.318592057761734
same_ren,390,2,390,30,True,/users/delfos/aina/scentree-gen-remote/scentree-gen-remote/same_ren_scentree/scenariotree_390/results_2.json,3185,31,142,102.74193548387096,142,2.7464788732394365,85,0.002564102564102564,0.21794871794871795,0.019213153409346866,0.8084806534583905,16.81777974347634
same_ren,390,20,390,30,True,/users/delfos/aina/scentree-gen-remote/scentree-gen-remote/same_ren_scentree/scenariotree_390/results_20.json,3465,31,141,111.7741935483871,141,2.765957446808511,52,0.002564102564102564,0.13333333333333333,0.01675042475193172,0.8135339259184217,21.434611048478022
same_ren,390,21,390,30,True,/users/delfos/aina/scentree-gen-remote/scentree-gen-remote/same_ren_scentree/scenariotree_390/results_21.json,3126,31,146,100.83870967741936,146,2.671232876712329,46,0.002564102564102564,0.11794871794871795,0.013935077180843025,0.8303116468179373,28.408666417631675
same_ren,390,22,390,30,True,/users/delfos/aina/scentree-gen-remote/scentree-gen-remote/same_ren_scentree/scenariotree_390/results_22.json,2914,31,115,94.0,115,3.391304347826087,59,0.002564102564102564,0.15128205128205127,0.017127896886304155,0.8273797327756041,23.566780291292233
same_ren,390,23,390,30,True,/users/delfos/aina/scentree-gen-remote/scentree-gen-remote/same_ren_scentree/scenariotree_390/results_23.json,2758,31,129,88.96774193548387,129,3.0232558139534884,49,0.002564102564102564,0.12564102564102564,0.014694885084582852,0.8457510223092466,28.083456425406204
same_ren,390,24,390,30,True,/users/delfos/aina/scentree-gen-remote/scentree-gen-remote/same_ren_scentree/scenariotree_390/results_24.json,3343,31,141,107.83870967741936,141,2.765957446808511,54,0.002564102564102564,0.13846153846153847,0.01576376555557115,0.8119834772810332,23.73595505617977
same_ren,390,25,390,30,True,/users/delfos/aina/scentree-gen-remote/scentree-gen-remote/same_ren_scentree/scenariotree_390/results_25.json,1541,31,85,49.70967741935484,85,4.588235294117647,30,0.002564102564102564,0.07692307692307693,0.016525304283321073,0.8462277238198639,28.590225563909776
same_ren,390,26,390,30,True,/users/delfos/aina/scentree-gen-remote/scentree-gen-remote/same_ren_scentree/scenariotree_390/results_26.json,3353,31,142,108.16129032258064,142,2.7464788732394365,60,0.002564102564102564,0.15384615384615385,0.016450487374294474,0.809644699982226,21.992481203007518
same_ren,390,27,390,30,True,/users/delfos/aina/scentree-gen-remote/scentree-gen-remote/same_ren_scentree/scenariotree_390/results_27.json,3153,31,136,101.70967741935483,136,2.8676470588235294,70,0.002564102564102564,0.1794871794871795,0.01762750944336687,0.8167342034385899,20.15637423800689
same_ren,390,28,390,30,True,/users/delfos/aina/scentree-gen-remote/scentree-gen-remote/same_ren_scentree/scenariotree_390/results_28.json,3031,31,142,97.7741935483871,142,2.7464788732394365,44,0.002564102564102564,0.11282051282051282,0.014438965590428034,0.8384199968287268,27.287405812701834
same_ren,390,29,390,30,True,/users/delfos/aina/scentree-gen-remote/scentree-gen-remote/same_ren_scentree/scenariotree_390/results_29.json,3774,31,152,121.74193548387096,152,2.5657894736842106,68,0.002564102564102564,0.17435897435897435,0.016186563307561967,0.8276612681762968,21.550014168319645
same_ren,390,3,390,30,True,/users/delfos/aina/scentree-gen-remote/scentree-gen-remote/same_ren_scentree/scenariotree_390/results_3.json,2667,31,107,86.03225806451613,107,3.6448598130841123,38,0.002564102564102564,0.09743589743589744,0.014849104451820706,0.8432593844023879,30.359281437125752
same_ren,390,30,390,30,True,/users/delfos/aina/scentree-gen-remote/scentree-gen-remote/same_ren_scentree/scenariotree_390/results_30.json,2849,31,135,91.90322580645162,135,2.888888888888889,39,0.002564102564102564,0.1,0.011562880846583747,0.8721050205167302,39.28202479338842
same_ren,390,4,390,30,True,/users/delfos/aina/scentree-gen-remote/scentree-gen-remote/same_ren_scentree/scenariotree_390/results_4.json,2651,31,117,85.51612903225806,117,3.3333333333333335,59,0.002564102564102564,0.15128205128205127,0.017464750333988446,0.8234753580240073,22.60701545778835
same_ren,390,5,390,30,True,/users/delfos/aina/scentree-gen-remote/scentree-gen-remote/same_ren_scentree/scenariotree_390/results_5.json,2954,31,134,95.29032258064517,134,2.91044776119403,46,0.002564102564102564,0.11794871794871795,0.01259449718465223,0.8660602948170726,34.82142857142858
same_ren,390,6,390,30,True,/users/delfos/aina/scentree-gen-remote/scentree-gen-remote/same_ren_scentree/scenariotree_390/results_6.json,2738,31,138,88.3225806451613,138,2.8260869565217392,33,0.002564102564102564,0.08461538461538462,0.012058012792954566,0.8625322797683953,36.61531054405392
same_ren,390,7,390,30,True,/users/delfos/aina/scentree-gen-remote/scentree-gen-remote/same_ren_scentree/scenariotree_390/results_7.json,2339,31,116,75.45161290322581,116,3.3620689655172415,61,0.002564102564102564,0.1564102564102564,0.018537141810021848,0.8113845950447082,20.62652563059398
same_ren,390,8,390,30,True,/users/delfos/aina/scentree-gen-remote/scentree-gen-remote/same_ren_scentree/scenariotree_390/results_8.json,3560,31,130,114.83870967741936,130,3.0,54,0.002564102564102564,0.13846153846153847,0.015499244226333048,0.8341379811464958,25.692567567567565
same_ren,390,9,390,30,True,/users/delfos/aina/scentree-gen-remote/scentree-gen-remote/same_ren_scentree/scenariotree_390/results_9.json,3174,31,138,102.38709677419355,138,2.8260869565217392,39,0.002564102564102564,0.1,0.013305265326943762,0.8413974726385723,31.569115815691152
same_ren,400,1,400,30,True,/users/delfos/aina/scentree-gen-remote/scentree-gen-remote/same_ren_scentree/scenariotree_400/results_1.json,3320,31,137,107.09677419354838,137,2.9197080291970803,30,0.0025,0.075,0.011180578157428168,0.8729591391524241,40.94165813715455
same_ren,400,10,400,30,True,/users/delfos/aina/scentree-gen-remote/scentree-gen-remote/same_ren_scentree/scenariotree_400/results_10.json,2726,31,147,87.93548387096774,147,2.7210884353741496,39,0.0025,0.0975,0.012803400619585787,0.8368666380760552,32.362459546925564
same_ren,400,11,400,30,True,/users/delfos/aina/scentree-gen-remote/scentree-gen-remote/same_ren_scentree/scenariotree_400/results_11.json,3537,31,133,114.09677419354838,133,3.007518796992481,59,0.0025,0.1475,0.017644399526280243,0.8019931933609117,20.439448134900363
same_ren,400,12,400,30,True,/users/delfos/aina/scentree-gen-remote/scentree-gen-remote/same_ren_scentree/scenariotree_400/results_12.json,1827,31,124,58.935483870967744,124,3.225806451612903,63,0.0025,0.1575,0.020269949128428878,0.7874110821699271,16.945562380851516
same_ren,400,13,400,30,True,/users/delfos/aina/scentree-gen-remote/scentree-gen-remote/same_ren_scentree/scenariotree_400/results_13.json,2760,31,135,89.03225806451613,135,2.962962962962963,84,0.0025,0.21,0.019709481191396677,0.7982048726850893,16.708437761069344
same_ren,400,14,400,30,True,/users/delfos/aina/scentree-gen-remote/scentree-gen-remote/same_ren_scentree/scenariotree_400/results_14.json,2914,31,143,94.0,143,2.797202797202797,43,0.0025,0.1075,0.013051000820876707,0.8409449779570662,31.89792663476875
same_ren,400,15,400,30,True,/users/delfos/aina/scentree-gen-remote/scentree-gen-remote/same_ren_scentree/scenariotree_400/results_15.json,2782,31,130,89.74193548387096,130,3.076923076923077,51,0.0025,0.1275,0.015249890871663086,0.8287030547582258,26.367831245880026
same_ren,400,16,400,30,True,/users/delfos/aina/scentree-gen-remote/scentree-gen-remote/same_ren_scentree/scenariotree_400/results_16.json,2729,31,132,88.03225806451613,132,3.0303030303030303,34,0.0025,0.085,0.01071735438586126,0.8827746833503712,43.9802089059923
same_ren,400,17,400,30,True,/users/delfos/aina/scentree-gen-remote/scentree-gen-remote/same_ren_scentree/scenariotree_400/results_17.json,3592,31,166,115.87096774193549,166,2.4096385542168677,41,0.0025,0.1025,0.011324460043102199,0.8575154809926028,36.61327231121282
same_ren,400,18,400,30,True,/users/delfos/aina/scentree-gen-remote/scentree-gen-remote/same_ren_scentree/scenariotree_400/results_18.json,2995,31,142,96.61290322580645,142,2.816901408450704,73,0.0025,0.1825,0.017586856183371725,0.8037265131813829,19.62227127790042
same_ren,400,19,400,30,True,/users/delfos/aina/scentree-gen-remote/scentree-gen-remote/same_ren_scentree/scenariotree_400/results_19.json,3460,31,154,111.61290322580645,154,2.5974025974025974,26,0.0025,0.065,0.009403989726144873,0.887871803296592,49.720323182100685
same_ren,400,2,400,30,True,/users/delfos/aina/scentree-gen-remote/scentree-gen-remote/same_ren_scentree/scenariotree_400/results_2.json,3159,31,152,101.90322580645162,152,2.6315789473684212,63,0.0025,0.1575,0.015206052428915078,0.8265270455204902,23.96644697423607
same_ren,400,20,400,30,True,/users/delfos/aina/scentree-gen-remote/scentree-gen-remote/same_ren_scentree/scenariotree_400/results_20.json,3201,31,139,103.25806451612904,139,2.8776978417266186,39,0.0025,0.0975,0.013093673412078946,0.8354369885653008,32.232070910556004
same_ren,400,21,400,30,True,/users/delfos/aina/scentree-gen-remote/scentree-gen-remote/same_ren_scentree/scenariotree_400/results_21.json,3543,31,163,114.29032258064517,163,2.4539877300613497,40,0.0025,0.1,0.011918056279857741,0.8566767315274866,34.14425949637217
same_ren,400,22,400,30,True,/users/delfos/aina/scentree-gen-remote/scentree-gen-remote/same_ren_scentree/scenariotree_400/results_22.json,3208,31,139,103.48387096774194,139,2.8776978417266186,55,0.0025,0.1375,0.016007699450438357,0.8143695364211018,23.357664233576642
same_ren,400,23,400,30,True,/users/delfos/aina/scentree-gen-remote/scentree-gen-remote/same_ren_scentree/scenariotree_400/results_23.json,2204,31,138,71.09677419354838,138,2.898550724637681,84,0.0025,0.21,0.019891667323316348,0.7902388920410922,16.168148746968473
same_ren,400,24,400,30,True,/users/delfos/aina/scentree-gen-remote/scentree-gen-remote/same_ren_scentree/scenariotree_400/results_24.json,3982,31,164,128.4516129032258,164,2.4390243902439024,49,0.0025,0.1225,0.013369728052488632,0.8405898251315179,28.238616307800925
same_ren,400,25,400,30,True,/users/delfos/aina/scentree-gen-remote/scentree-gen-remote/same_ren_scentree/scenariotree_400/results_25.json,2619,31,114,84.48387096774194,114,3.508771929824561,52,0.0025,0.13,0.01726104278513216,0.8164660810633546,23.398654577361803
same_ren,400,26,400,30,True,/users/delfos/aina/scentree-gen-remote/scentree-gen-remote/same_ren_scentree/scenariotree_400/results_26.json,3153,31,135,101.70967741935483,135,2.962962962962963,40,0.0025,0.1,0.012192162811380285,0.8672555387588645,36.39672429481346
same_ren,400,27,400,30,True,/users/delfos/aina/scentree-gen-remote/scentree-gen-remote/same_ren_scentree/scenariotree_400/results_27.json,3535,31,148,114.03225806451613,148,2.7027027027027026,53,0.0025,0.1325,0.016161294946452718,0.8062286516174905,22.020368841178087
same_ren,400,28,400,30,True,/users/delfos/aina/scentree-gen-remote/scentree-gen-remote/same_ren_scentree/scenariotree_400/results_28.json,3528,31,159,113.80645161290323,159,2.5157232704402515,48,0.0025,0.12,0.012694571668073133,0.8473733710480701,31.335683509596556
same_ren,400,29,400,30,True,/users/delfos/aina/scentree-gen-remote/scentree-gen-remote/same_ren_scentree/scenariotree_400/results_29.json,2656,31,116,85.6774193548387,116,3.4482758620689653,37,0.0025,0.0925,0.015083620467942286,0.8264033848295789,28.561228132809713
same_ren,400,3,400,30,True,/users/delfos/aina/scentree-gen-remote/scentree-gen-remote/same_ren_scentree/scenariotree_400/results_3.json,3133,31,131,101.06451612903226,131,3.053435114503817,60,0.0025,0.15,0.017499490115525144,0.8038775044086564,20.942408376963357
same_ren,400,30,400,30,True,/users/delfos/aina/scentree-gen-remote/scentree-gen-remote/same_ren_scentree/scenariotree_400/results_30.json,2660,31,126,85.80645161290323,126,3.1746031746031744,54,0.0025,0.135,0.01873499231416554,0.7933415496020482,19.170860292355623
same_ren,400,4,400,30,True,/users/delfos/aina/scentree-gen-remote/scentree-gen-remote/same_ren_scentree/scenariotree_400/results_4.json,2920,31,120,94.19354838709677,120,3.3333333333333335,31,0.0025,0.0775,0.013308570755552812,0.8529608160456187,33.79805661174482
same_ren,400,5,400,30,True,/users/delfos/aina/scentree-gen-remote/scentree-gen-remote/same_ren_scentree/scenariotree_400/results_5.json,3099,31,124,99.96774193548387,124,3.225806451612903,48,0.0025,0.12,0.013758570311770529,0.8534007376445808,31.7082837891399
same_ren,400,6,400,30,True,/users/delfos/aina/scentree-gen-remote/scentree-gen-remote/same_ren_scentree/scenariotree_400/results_6.json,2904,31,160,93.6774193548387,160,2.5,59,0.0025,0.1475,0.014510233457804873,0.8230303821035788,25.039123630672925
same_ren,400,7,400,30,True,/users/delfos/aina/scentree-gen-remote/scentree-gen-remote/same_ren_scentree/scenariotree_400/results_7.json,2352,31,132,75.87096774193549,132,3.0303030303030303,27,0.0025,0.0675,0.012016952175056458,0.859954129975421,37.54106053496012
same_ren,400,8,400,30,True,/users/delfos/aina/scentree-gen-remote/scentree-gen-remote/same_ren_scentree/scenariotree_400/results_8.json,2469,31,123,79.64516129032258,123,3.252032520325203,85,0.0025,0.2125,0.021400634193776344,0.7921282678876815,15.512895094046929
same_ren,400,9,400,30,True,/users/delfos/aina/scentree-gen-remote/scentree-gen-remote/same_ren_scentree/scenariotree_400/results_9.json,2727,31,130,87.96774193548387,130,3.076923076923077,62,0.0025,0.155,0.018143698271913818,0.7999522572049544,19.8068828918049
same_ren,410,1,410,30,True,/users/delfos/aina/scentree-gen-remote/scentree-gen-remote/same_ren_scentree/scenariotree_410/results_1.json,3103,31,140,100.09677419354838,140,2.9285714285714284,51,0.0024390243902439024,0.12439024390243902,0.014630205210138617,0.8291619732362776,26.947739660147477
same_ren,410,10,410,30,True,/users/delfos/aina/scentree-gen-remote/scentree-gen-remote/same_ren_scentree/scenariotree_410/results_10.json,2078,31,102,67.03225806451613,102,4.019607843137255,33,0.0024390243902439024,0.08048780487804878,0.015395394134079884,0.8377164481818618,29.429271708683476
same_ren,410,11,410,30,True,/users/delfos/aina/scentree-gen-remote/scentree-gen-remote/same_ren_scentree/scenariotree_410/results_11.json,2620,31,125,84.51612903225806,125,3.28,79,0.0024390243902439024,0.1926829268292683,0.01849700524018532,0.8228648958844409,19.69767986876025
same_ren,410,12,410,30,True,/users/delfos/aina/scentree-gen-remote/scentree-gen-remote/same_ren_scentree/scenariotree_410/results_12.json,2713,31,132,87.51612903225806,132,3.106060606060606,42,0.0024390243902439024,0.1024390243902439,0.012595989402044613,0.8606758481486451,35.064664163537756
same_ren,410,13,410,30,True,/users/delfos/aina/scentree-gen-remote/scentree-gen-remote/same_ren_scentree/scenariotree_410/results_13.json,3410,31,150,110.0,150,2.7333333333333334,89,0.0024390243902439024,0.21707317073170732,0.01878875684637956,0.8034722025357275,16.77309918180004
same_ren,410,14,410,30,True,/users/delfos/aina/scentree-gen-remote/scentree-gen-remote/same_ren_scentree/scenariotree_410/results_14.json,3963,31,160,127.83870967741936,160,2.5625,51,0.0024390243902439024,0.12439024390243902,0.014100238953595185,0.825704925635216,26.273835573616754
same_ren,410,15,410,30,True,/users/delfos/aina/scentree-gen-remote/scentree-gen-remote/same_ren_scentree/scenariotree_410/results_15.json,3452,31,143,111.35483870967742,143,2.867132867132867,32,0.0024390243902439024,0.07804878048780488,0.010348859914154799,0.880320319541807,44.82666666666667
same_ren,410,16,410,30,True,/users/delfos/aina/scentree-gen-remote/scentree-gen-remote/same_ren_scentree/scenariotree_410/results_16.json,2507,31,122,80.87096774193549,122,3.360655737704918,22,0.0024390243902439024,0.05365853658536585,0.010196313623874905,0.883947398168302,47.89173789173789
same_ren,410,17,410,30,True,/users/delfos/aina/scentree-gen-remote/scentree-gen-remote/same_ren_scentree/scenariotree_410/results_17.json,3080,31,161,99.35483870967742,161,2.546583850931677,25,0.0024390243902439024,0.06097560975609756,0.008600515094821168,0.8924531609280442,55.18713066316481
same_ren,410,18,410,30,True,/users/delfos/aina/scentree-gen-remote/scentree-gen-remote/same_ren_scentree/scenariotree_410/results_18.json,2421,31,121,78.09677419354838,121,3.3884297520661155,51,0.0024390243902439024,0.12439024390243902,0.01723616126972581,0.8080033306295314,22.618406889128092
same_ren,410,19,410,30,True,/users/delfos/aina/scentree-gen-remote/scentree-gen-remote/same_ren_scentree/scenariotree_410/results_19.json,2412,31,107,77.80645161290323,107,3.8317757009345796,53,0.0024390243902439024,0.12926829268292683,0.01645291641171224,0.8412226329042314,26.102484472049685
same_ren,410,2,410,30,True,/users/delfos/aina/scentree-gen-remote/scentree-gen-remote/same_ren_scentree/scenariotree_410/results_2.json,2528,31,136,81.54838709677419,136,3.014705882352941,33,0.0024390243902439024,0.08048780487804878,0.010647845077637007,0.8785862525061497,43.91327063740857
same_ren,410,20,410,30,True,/users/delfos/aina/scentree-gen-remote/scentree-gen-remote/same_ren_scentree/scenariotree_410/results_20.json,3199,31,136,103.19354838709677,136,3.014705882352941,38,0.0024390243902439024,0.09268292682926829,0.011481964349002234,0.872846503269529,39.55294117647059
same_ren,410,21,410,30,True,/users/delfos/aina/scentree-gen-remote/scentree-gen-remote/same_ren_scentree/scenariotree_410/results_21.json,2350,31,109,75.80645161290323,109,3.761467889908257,49,0.0024390243902439024,0.11951219512195121,0.01674198190521596,0.8193865293171492,25.172207247678948
same_ren,410,22,410,30,True,/users/delfos/aina/scentree-gen-remote/scentree-gen-remote/same_ren_scentree/scenariotree_410/results_22.json,2542,31,134,82.0,134,3.0597014925373136,75,0.0024390243902439024,0.18292682926829268,0.016863239993070895,0.8321404221534384,21.94516971279373
same_ren,410,23,410,30,True,/users/delfos/aina/scentree-gen-remote/scentree-gen-remote/same_ren_scentree/scenariotree_410/results_23.json,3432,31,149,110.70967741935483,149,2.751677852348993,37,0.0024390243902439024,0.09024390243902439,0.010644244104116385,0.874581928612931,42.3852748361069
same_ren,410,24,410,30,True,/users/delfos/aina/scentree-gen-remote/scentree-gen-remote/same_ren_scentree/scenariotree_410/results_24.json,2861,31,125,92.29032258064517,125,3.28,43,0.0024390243902439024,0.1048780487804878,0.01588057752146404,0.8201180179786214,25.30102347983142
same_ren,410,25,410,30,True,/users/delfos/aina/scentree-gen-remote/scentree-gen-remote/same_ren_scentree/scenariotree_410/results_25.json,2507,31,113,80.87096774193549,113,3.6283185840707963,46,0.0024390243902439024,0.11219512195121951,0.013809389763157986,0.8651454865614449,32.896281800391385
same_ren,410,26,410,30,True,/users/delfos/aina/scentree-gen-remote/scentree-gen-remote/same_ren_scentree/scenariotree_410/results_26.json,2693,31,127,86.87096774193549,127,3.2283464566929134,33,0.0024390243902439024,0.08048780487804878,0.013502736254590716,0.8431384300956178,32.22776073619632
same_ren,410,27,410,30,True,/users/delfos/aina/scentree-gen-remote/scentree-gen-remote/same_ren_scentree/scenariotree_410/results_27.json,2591,31,116,83.58064516129032,116,3.5344827586206895,68,0.0024390243902439024,0.16585365853658537,0.018814892722413736,0.8164140749359461,20.12691570881226
same_ren,410,28,410,30,True,/users/delfos/aina/scentree-gen-remote/scentree-gen-remote/same_ren_scentree/scenariotree_410/results_28.json,2846,31,129,91.80645161290323,129,3.1782945736434107,35,0.0024390243902439024,0.08536585365853659,0.012479015907378333,0.861558454665858,35.91880341880342
same_ren,410,29,410,30,True,/users/delfos/aina/scentree-gen-remote/scentree-gen-remote/same_ren_scentree/scenariotree_410/results_29.json,3390,31,140,109.35483870967742,140,2.9285714285714284,41,0.0024390243902439024,0.1,0.013459357999740502,0.8322140152001833,30.76500732064421
same_ren,410,3,410,30,True,/users/delfos/aina/scentree-gen-remote/scentree-gen-remote/same_ren_scentree/scenariotree_410/results_3.json,2965,31,148,95.64516129032258,148,2.77027027027027,67,0.0024390243902439024,0.16341463414634147,0.016144073438111976,0.8189395295752376,22.06036745406824
same_ren,410,30,410,30,True,/users/delfos/aina/scentree-gen-remote/scentree-gen-remote/same_ren_scentree/scenariotree_410/results_30.json,2394,31,117,77.2258064516129,117,3.5042735042735043,56,0.0024390243902439024,0.13658536585365855,0.01620573734425228,0.8389612703271605,25.461981217812777
same_ren,410,4,410,30,True,/users/delfos/aina/scentree-gen-remote/scentree-gen-remote/same_ren_scentree/scenariotree_410/results_4.json,2938,31,144,94.7741935483871,144,2.8472222222222223,45,0.0024390243902439024,0.10975609756097561,0.012141887347245466,0.8662087956794989,35.49408783783783
same_ren,410,5,410,30,True,/users/delfos/aina/scentree-gen-remote/scentree-gen-remote/same_ren_scentree/scenariotree_410/results_5.json,2757,31,103,88.93548387096774,103,3.9805825242718447,51,0.0024390243902439024,0.12439024390243902,0.020138482528325286,0.7912587525516864,19.424543563669978
same_ren,410,6,410,30,True,/users/delfos/aina/scentree-gen-remote/scentree-gen-remote/same_ren_scentree/scenariotree_410/results_6.json,2817,31,135,90.87096774193549,135,3.037037037037037,29,0.0024390243902439024,0.07073170731707316,0.011909602178376319,0.8560418001355652,37.6568100358423
same_ren,410,7,410,30,True,/users/delfos/aina/scentree-gen-remote/scentree-gen-remote/same_ren_scentree/scenariotree_410/results_7.json,3458,31,135,111.54838709677419,135,3.037037037037037,33,0.0024390243902439024,0.08048780487804878,0.011430047759990342,0.8657447346412838,39.92874109263657
same_ren,410,8,410,30,True,/users/delfos/aina/scentree-gen-remote/scentree-gen-remote/same_ren_scentree/scenariotree_410/results_8.json,3210,31,153,103.54838709677419,153,2.679738562091503,58,0.0024390243902439024,0.14146341463414633,0.01408075738365564,0.8328627525445771,27.121652145853503
same_ren,410,9,410,30,True,/users/delfos/aina/scentree-gen-remote/scentree-gen-remote/same_ren_scentree/scenariotree_410/results_9.json,2678,31,145,86.38709677419355,145,2.8275862068965516,75,0.0024390243902439024,0.18292682926829268,0.01636108390579736,0.8322155025020231,21.876626756897448
same_ren,420,1,420,30,True,/users/delfos/aina/scentree-gen-remote/scentree-gen-remote/same_ren_scentree/scenariotree_420/results_1.json,2812,31,134,90.70967741935483,134,3.1343283582089554,35,0.002380952380952381,0.08333333333333333,0.012353966561145362,0.8633328688337331,35.824532900081245
same_ren,420,10,420,30,True,/users/delfos/aina/scentree-gen-remote/scentree-gen-remote/same_ren_scentree/scenariotree_420/results_10.json,2636,31,120,85.03225806451613,120,3.5,38,0.002380952380952381,0.09047619047619047,0.015001889525736537,0.8394432963850795,28.296438883541867
same_ren,420,11,420,30,True,/users/delfos/aina/scentree-gen-remote/scentree-gen-remote/same_ren_scentree/scenariotree_420/results_11.json,2430,31,110,78.38709677419355,110,3.8181818181818183,47,0.002380952380952381,0.11190476190476191,0.014907748404796169,0.844294278797963,29.817444219066918
same_ren,420,12,420,30,True,/users/delfos/aina/scentree-gen-remote/scentree-gen-remote/same_ren_scentree/scenariotree_420/results_12.json,2837,31,110,91.51612903225806,110,3.8181818181818183,46,0.002380952380952381,0.10952380952380952,0.014462049577499268,0.8538259366368768,31.155068880254316
same_ren,420,13,420,30,True,/users/delfos/aina/scentree-gen-remote/scentree-gen-remote/same_ren_scentree/scenariotree_420/results_13.json,2609,31,109,84.16129032258064,109,3.853211009174312,39,0.002380952380952381,0.09285714285714286,0.016764133927022272,0.8197912950572764,25.12104813443463
same_ren,420,14,420,30,True,/users/delfos/aina/scentree-gen-remote/scentree-gen-remote/same_ren_scentree/scenariotree_420/results_14.json,2710,31,150,87.41935483870968,150,2.8,35,0.002380952380952381,0.08333333333333333,0.012068712320806578,0.8429569983544776,35.06958250497018
same_ren,420,15,420,30,True,/users/delfos/aina/scentree-gen-remote/scentree-gen-remote/same_ren_scentree/scenariotree_420/results_15.json,3132,31,123,101.03225806451613,123,3.4146341463414633,24,0.002380952380952381,0.05714285714285714,0.011420369158135017,0.8678667691352541,41.36960600375235
same_ren,420,16,420,30,True,/users/delfos/aina/scentree-gen-remote/scentree-gen-remote/same_ren_scentree/scenariotree_420/results_16.json,3535,31,185,114.03225806451613,185,2.27027027027027,36,0.002380952380952381,0.08571428571428572,0.009240454140457603,0.8817769029046736,47.165775401069524
same_ren,420,17,420,30,True,/users/delfos/aina/scentree-gen-remote/scentree-gen-remote/same_ren_scentree/scenariotree_420/results_17.json,1975,31,116,63.70967741935484,116,3.6206896551724137,39,0.002380952380952381,0.09285714285714286,0.015473522481956973,0.8300494716116223,27.476635514018685
same_ren,420,18,420,30,True,/users/delfos/aina/scentree-gen-remote/scentree-gen-remote/same_ren_scentree/scenariotree_420/results_18.json,2731,31,117,88.09677419354838,117,3.58974358974359,78,0.002380952380952381,0.18571428571428572,0.01903528763977547,0.8108802422791276,19.63053638993989
same_ren,420,19,420,30,True,/users/delfos/aina/scentree-gen-remote/scentree-gen-remote/same_ren_scentree/scenariotree_420/results_19.json,2813,31,130,90.74193548387096,130,3.230769230769231,44,0.002380952380952381,0.10476190476190476,0.014601331755119627,0.8356969013501775,28.24207492795389
same_ren,420,2,420,30,True,/users/delfos/aina/scentree-gen-remote/scentree-gen-remote/same_ren_scentree/scenariotree_420/results_2.json,2666,31,115,86.0,115,3.652173913043478,51,0.002380952380952381,0.12142857142857143,0.01627321290262608,0.8259342098294671,25.54300608166811
same_ren,420,20,420,30,True,/users/delfos/aina/scentree-gen-remote/scentree-gen-remote/same_ren_scentree/scenariotree_420/results_20.json,2984,31,131,96.25806451612904,131,3.2061068702290076,54,0.002380952380952381,0.12857142857142856,0.016455581706326345,0.8028911044293194,23.19831667543399
same_ren,420,21,420,30,True,/users/delfos/aina/scentree-gen-remote/scentree-gen-remote/same_ren_scentree/scenariotree_420/results_21.json,2838,31,154,91.54838709677419,154,2.727272727272727,27,0.002380952380952381,0.06428571428571428,0.009874021409486617,0.8770586131957804,46.49446494464946
same_ren,420,22,420,30,True,/users/delfos/aina/scentree-gen-remote/scentree-gen-remote/same_ren_scentree/scenariotree_420/results_22.json,3282,31,125,105.87096774193549,125,3.36,71,0.002380952380952381,0.16904761904761906,0.01808872063079523,0.8049619749990099,20.449802921400412
same_ren,420,23,420,30,True,/users/delfos/aina/scentree-gen-remote/scentree-gen-remote/same_ren_scentree/scenariotree_420/results_23.json,2760,31,114,89.03225806451613,114,3.6842105263157894,51,0.002380952380952381,0.12142857142857143,0.014755960580903003,0.8505752447252144,29.76712791090111
same_ren,420,24,420,30,True,/users/delfos/aina/scentree-gen-remote/scentree-gen-remote/same_ren_scentree/scenariotree_420/results_24.json,3404,31,158,109.80645161290323,158,2.6582278481012658,27,0.002380952380952381,0.06428571428571428,0.009783133652363859,0.8740650298809054,46.617336152219885
same_ren,420,25,420,30,True,/users/delfos/aina/scentree-gen-remote/scentree-gen-remote/same_ren_scentree/scenariotree_420/results_25.json,2594,31,120,83.6774193548387,120,3.5,32,0.002380952380952381,0.0761904761904762,0.012413723418077637,0.8572847261363034,37.278106508875744
same_ren,420,26,420,30,True,/users/delfos/aina/scentree-gen-remote/scentree-gen-remote/same_ren_scentree/scenariotree_420/results_26.json,2798,31,132,90.25806451612904,132,3.1818181818181817,41,0.002380952380952381,0.09761904761904762,0.01268651876404066,0.8537688244147462,34.69708890637293
same_ren,420,27,420,30,True,/users/delfos/aina/scentree-gen-remote/scentree-gen-remote/same_ren_scentree/scenariotree_420/results_27.json,3716,31,159,119.87096774193549,159,2.641509433962264,52,0.002380952380952381,0.12380952380952381,0.01485892774156705,0.824506945138377,24.157764995891533
same_ren,420,28,420,30,True,/users/delfos/aina/scentree-gen-remote/scentree-gen-remote/same_ren_scentree/scenariotree_420/results_28.json,2777,31,146,89.58064516129032,146,2.8767123287671232,42,0.002380952380952381,0.1,0.011288313653598864,0.8677737467863033,39.28730512249442
same_ren,420,29,420,30,True,/users/delfos/aina/scentree-gen-remote/scentree-gen-remote/same_ren_scentree/scenariotree_420/results_29.json,2497,31,130,80.54838709677419,130,3.230769230769231,54,0.002380952380952381,0.12857142857142856,0.013840871523742913,0.8544221122126268,30.678260869565218
same_ren,420,3,420,30,True,/users/delfos/aina/scentree-gen-remote/scentree-gen-remote/same_ren_scentree/scenariotree_420/results_3.json,2652,31,118,85.54838709677419,118,3.559322033898305,53,0.002380952380952381,0.1261904761904762,0.01658443443802331,0.8289961777753907,24.432132963988913
same_ren,420,30,420,30,True,/users/delfos/aina/scentree-gen-remote/scentree-gen-remote/same_ren_scentree/scenariotree_420/results_30.json,3246,31,161,104.70967741935483,161,2.608695652173913,35,0.002380952380952381,0.08333333333333333,0.010185439636661128,0.8750860936869334,43.64176150420584
same_ren,420,4,420,30,True,/users/delfos/aina/scentree-gen-remote/scentree-gen-remote/same_ren_scentree/scenariotree_420/results_4.json,2652,31,152,85.54838709677419,152,2.763157894736842,44,0.002380952380952381,0.10476190476190476,0.012657106867549502,0.840413010335321,32.33137829912023
same_ren,420,5,420,30,True,/users/delfos/aina/scentree-gen-remote/scentree-gen-remote/same_ren_scentree/scenariotree_420/results_5.json,2877,31,172,92.80645161290323,172,2.441860465116279,22,0.002380952380952381,0.05238095238095238,0.009211409058479584,0.8705067481626357,48.99999999999999
same_ren,420,6,420,30,True,/users/delfos/aina/scentree-gen-remote/scentree-gen-remote/same_ren_scentree/scenariotree_420/results_6.json,3109,31,145,100.29032258064517,145,2.896551724137931,55,0.002380952380952381,0.13095238095238096,0.014464464986843477,0.8372019364180153,26.857490864799022
same_ren,420,7,420,30,True,/users/delfos/aina/scentree-gen-remote/scentree-gen-remote/same_ren_scentree/scenariotree_420/results_7.json,2379,31,137,76.74193548387096,137,3.065693430656934,27,0.002380952380952381,0.06428571428571428,0.011813008877417371,0.8502449617599512,37.85407725321889
same_ren,420,8,420,30,True,/users/delfos/aina/scentree-gen-remote/scentree-gen-remote/same_ren_scentree/scenariotree_420/results_8.json,3304,31,141,106.58064516129032,141,2.978723404255319,80,0.002380952380952381,0.19047619047619047,0.01815820308898749,0.8052887348563459,18.66271688531527
same_ren,420,9,420,30,True,/users/delfos/aina/scentree-gen-remote/scentree-gen-remote/same_ren_scentree/scenariotree_420/results_9.json,2838,31,112,91.54838709677419,112,3.75,45,0.002380952380952381,0.10714285714285714,0.015533319465118914,0.8385111044266511,27.814569536423846
same_ren,430,1,430,30,True,/users/delfos/aina/scentree-gen-remote/scentree-gen-remote/same_ren_scentree/scenariotree_430/results_1.json,2793,31,133,90.09677419354838,133,3.2330827067669174,47,0.002325581395348837,0.10930232558139535,0.013327105171596507,0.8520941335982951,32.11184439041333
same_ren,430,10,430,30,True,/users/delfos/aina/scentree-gen-remote/scentree-gen-remote/same_ren_scentree/scenariotree_430/results_10.json,3727,31,181,120.2258064516129,181,2.3756906077348066,30,0.002325581395348837,0.06976744186046512,0.008086505249528272,0.8951326067436374,57.601246105918996
same_ren,430,11,430,30,True,/users/delfos/aina/scentree-gen-remote/scentree-gen-remote/same_ren_scentree/scenariotree_430/results_11.json,2903,31,139,93.64516129032258,139,3.093525179856115,36,0.002325581395348837,0.08372093023255814,0.012792270535659593,0.8448278534065903,33.39956647398845
same_ren,430,12,430,30,True,/users/delfos/aina/scentree-gen-remote/scentree-gen-remote/same_ren_scentree/scenariotree_430/results_12.json,5054,31,212,163.03225806451613,212,2.0283018867924527,52,0.002325581395348837,0.12093023255813953,0.011616745618091708,0.8403059634287791,30.006491398896465
same_ren,430,13,430,30,True,/users/delfos/aina/scentree-gen-remote/scentree-gen-remote/same_ren_scentree/scenariotree_430/results_13.json,2819,31,133,90.93548387096774,133,3.2330827067669174,70,0.002325581395348837,0.16279069767441862,0.019176996319427497,0.7908188160655326,17.72091240176346
same_ren,430,14,430,30,True,/users/delfos/aina/scentree-gen-remote/scentree-gen-remote/same_ren_scentree/scenariotree_430/results_14.json,3143,31,140,101.38709677419355,140,3.0714285714285716,47,0.002325581395348837,0.10930232558139535,0.013189619820702518,0.8416213055969339,31.747939560439566
same_ren,430,15,430,30,True,/users/delfos/aina/scentree-gen-remote/scentree-gen-remote/same_ren_scentree/scenariotree_430/results_15.json,2527,31,160,81.51612903225806,160,2.6875,45,0.002325581395348837,0.10465116279069768,0.01120204912250416,0.8611712941618633,37.982744453574355
same_ren,430,16,430,30,True,/users/delfos/aina/scentree-gen-remote/scentree-gen-remote/same_ren_scentree/scenariotree_430/results_16.json,2246,31,110,72.45161290322581,110,3.909090909090909,32,0.002325581395348837,0.07441860465116279,0.0120128479598528,0.87772959399491,40.05632582322358
same_ren,430,17,430,30,True,/users/delfos/aina/scentree-gen-remote/scentree-gen-remote/same_ren_scentree/scenariotree_430/results_17.json,2691,31,152,86.80645161290323,152,2.8289473684210527,53,0.002325581395348837,0.12325581395348838,0.014110137405837551,0.8298720717507853,27.143276570757486
same_ren,430,18,430,30,True,/users/delfos/aina/scentree-gen-remote/scentree-gen-remote/same_ren_scentree/scenariotree_430/results_18.json,2899,31,131,93.51612903225806,131,3.282442748091603,60,0.002325581395348837,0.13953488372093023,0.015413510625389945,0.8319721872629777,25.802400223276585
same_ren,430,19,430,30,True,/users/delfos/aina/scentree-gen-remote/scentree-gen-remote/same_ren_scentree/scenariotree_430/results_19.json,3003,31,126,96.87096774193549,126,3.4126984126984126,90,0.002325581395348837,0.20930232558139536,0.019705502684908973,0.8147373372489742,17.586075708579028
same_ren,430,2,430,30,True,/users/delfos/aina/scentree-gen-remote/scentree-gen-remote/same_ren_scentree/scenariotree_430/results_2.json,2918,31,127,94.12903225806451,127,3.3858267716535435,30,0.002325581395348837,0.06976744186046512,0.013638785401182976,0.8340048462992347,31.747939560439537
same_ren,430,20,430,30,True,/users/delfos/aina/scentree-gen-remote/scentree-gen-remote/same_ren_scentree/scenariotree_430/results_20.json,3250,31,145,104.83870967741936,145,2.9655172413793105,48,0.002325581395348837,0.11162790697674418,0.013398238219474844,0.843479398569871,30.371222076215506
same_ren,430,21,430,30,True,/users/delfos/aina/scentree-gen-remote/scentree-gen-remote/same_ren_scentree/scenariotree_430/results_21.json,2729,31,123,88.03225806451613,123,3.4959349593495936,79,0.002325581395348837,0.18372093023255814,0.01983849183109657,0.7816318979451369,17.687009757030797
same_ren,430,22,430,30,True,/users/delfos/aina/scentree-gen-remote/scentree-gen-remote/same_ren_scentree/scenariotree_430/results_22.json,3159,31,131,101.90322580645162,131,3.282442748091603,72,0.002325581395348837,0.16744186046511628,0.016942127473878063,0.8187872326251974,22.106647537063605
same_ren,430,23,430,30,True,/users/delfos/aina/scentree-gen-remote/scentree-gen-remote/same_ren_scentree/scenariotree_430/results_23.json,3537,31,150,114.09677419354838,150,2.8666666666666667,34,0.002325581395348837,0.07906976744186046,0.012204810297065518,0.8430294925628402,34.47054436987324
same_ren,430,24,430,30,True,/users/delfos/aina/scentree-gen-remote/scentree-gen-remote/same_ren_scentree/scenariotree_430/results_24.json,3789,31,164,122.2258064516129,164,2.6219512195121952,30,0.002325581395348837,0.06976744186046512,0.01061150679912901,0.8561183467290574,40.70893879348305
same_ren,430,25,430,30,True,/users/delfos/aina/scentree-gen-remote/scentree-gen-remote/same_ren_scentree/scenariotree_430/results_25.json,2337,31,136,75.38709677419355,136,3.161764705882353,63,0.002325581395348837,0.14651162790697675,0.01711323006971396,0.8127171273300822,21.194406235671707
same_ren,430,26,430,30,True,/users/delfos/aina/scentree-gen-remote/scentree-gen-remote/same_ren_scentree/scenariotree_430/results_26.json,3272,31,131,105.54838709677419,131,3.282442748091603,56,0.002325581395348837,0.13023255813953488,0.016622322208226355,0.8083136657555667,22.815893385982232
same_ren,430,27,430,30,True,/users/delfos/aina/scentree-gen-remote/scentree-gen-remote/same_ren_scentree/scenariotree_430/results_27.json,3317,31,163,107.0,163,2.638036809815951,66,0.002325581395348837,0.15348837209302327,0.014400096013852096,0.8334733779116673,25.040628385698803
same_ren,430,28,430,30,True,/users/delfos/aina/scentree-gen-remote/scentree-gen-remote/same_ren_scentree/scenariotree_430/results_28.json,3638,31,160,117.35483870967742,160,2.6875,65,0.002325581395348837,0.1511627906976744,0.014882329831429808,0.8130701218385212,23.9880643487286
same_ren,430,29,430,30,True,/users/delfos/aina/scentree-gen-remote/scentree-gen-remote/same_ren_scentree/scenariotree_430/results_29.json,3202,31,147,103.29032258064517,147,2.925170068027211,63,0.002325581395348837,0.14651162790697675,0.014914658054907132,0.8292409367920862,25.314895947426074
same_ren,430,3,430,30,True,/users/delfos/aina/scentree-gen-remote/scentree-gen-remote/same_ren_scentree/scenariotree_430/results_3.json,2928,31,136,94.45161290322581,136,3.161764705882353,68,0.002325581395348837,0.15813953488372093,0.016860395745494573,0.8150106315315295,21.732487070992008
same_ren,430,30,430,30,True,/users/delfos/aina/scentree-gen-remote/scentree-gen-remote/same_ren_scentree/scenariotree_430/results_30.json,2681,31,105,86.48387096774194,105,4.095238095238095,36,0.002325581395348837,0.08372093023255814,0.014272917427221867,0.8502405355628843,32.34779566130161
same_ren,430,4,430,30,True,/users/delfos/aina/scentree-gen-remote/scentree-gen-remote/same_ren_scentree/scenariotree_430/results_4.json,3356,31,168,108.25806451612904,168,2.5595238095238093,77,0.002325581395348837,0.17906976744186046,0.01604944518130294,0.8015834907806273,20.314216655680063
same_ren,430,5,430,30,True,/users/delfos/aina/scentree-gen-remote/scentree-gen-remote/same_ren_scentree/scenariotree_430/results_5.json,2676,31,136,86.3225806451613,136,3.161764705882353,28,0.002325581395348837,0.06511627906976744,0.011067984703079136,0.8683010505331294,41.64414414414414
same_ren,430,6,430,30,True,/users/delfos/aina/scentree-gen-remote/scentree-gen-remote/same_ren_scentree/scenariotree_430/results_6.json,2581,31,126,83.25806451612904,126,3.4126984126984126,92,0.002325581395348837,0.21395348837209302,0.020575038364546137,0.7900617500443626,16.319505736981455
same_ren,430,7,430,30,True,/users/delfos/aina/scentree-gen-remote/scentree-gen-remote/same_ren_scentree/scenariotree_430/results_7.json,2811,31,156,90.6774193548387,156,2.7564102564102564,34,0.002325581395348837,0.07906976744186046,0.01205929598758802,0.8438121883839594,34.368029739776944
same_ren,430,8,430,30,True,/users/delfos/aina/scentree-gen-remote/scentree-gen-remote/same_ren_scentree/scenariotree_430/results_8.json,2249,31,101,72.54838709677419,101,4.257425742574258,45,0.002325581395348837,0.10465116279069768,0.015672914237019588,0.8459128350845957,28.809598005609214
same_ren,430,9,430,30,True,/users/delfos/aina/scentree-gen-remote/scentree-gen-remote/same_ren_scentree/scenariotree_430/results_9.json,3351,31,168,108.09677419354838,168,2.5595238095238093,44,0.002325581395348837,0.10232558139534884,0.012779876578733543,0.8393972647907167,29.948169744088105
same_ren,440,1,440,30,True,/users/delfos/aina/scentree-gen-remote/scentree-gen-remote/same_ren_scentree/scenariotree_440/results_1.json,2921,31,154,94.2258064516129,154,2.857142857142857,53,0.0022727272727272726,0.12045454545454545,0.012760720331512506,0.8479086507556463,31.675392670157066
same_ren,440,10,440,30,True,/users/delfos/aina/scentree-gen-remote/scentree-gen-remote/same_ren_scentree/scenariotree_440/results_10.json,3437,31,159,110.87096774193549,159,2.7672955974842766,24,0.0022727272727272726,0.05454545454545454,0.007536468885127905,0.9061857273045132,65.2730950775455
same_ren,440,11,440,30,True,/users/delfos/aina/scentree-gen-remote/scentree-gen-remote/same_ren_scentree/scenariotree_440/results_11.json,3092,31,133,99.74193548387096,133,3.308270676691729,41,0.0022727272727272726,0.09318181818181819,0.012288667312023086,0.8579354645377849,36.22754491017964
same_ren,440,12,440,30,True,/users/delfos/aina/scentree-gen-remote/scentree-gen-remote/same_ren_scentree/scenariotree_440/results_12.json,3491,31,155,112.61290322580645,155,2.838709677419355,53,0.0022727272727272726,0.12045454545454545,0.014141390679482559,0.8288451302595151,26.703448275862073
same_ren,440,13,440,30,True,/users/delfos/aina/scentree-gen-remote/scentree-gen-remote/same_ren_scentree/scenariotree_440/results_13.json,2792,31,143,90.06451612903226,143,3.076923076923077,46,0.0022727272727272726,0.10454545454545454,0.01318405652970305,0.8411783286297001,31.39798897178073
same_ren,440,14,440,30,True,/users/delfos/aina/scentree-gen-remote/scentree-gen-remote/same_ren_scentree/scenariotree_440/results_14.json,3326,31,158,107.29032258064517,158,2.7848101265822787,30,0.0022727272727272726,0.06818181818181818,0.010168260163883915,0.8660567323432331,44.12032816773018
same_ren,440,15,440,30,True,/users/delfos/aina/scentree-gen-remote/scentree-gen-remote/same_ren_scentree/scenariotree_440/results_15.json,2667,31,133,86.03225806451613,133,3.308270676691729,45,0.0022727272727272726,0.10227272727272728,0.014636857304160564,0.8265001200191042,27.768215720022955
same_ren,440,16,440,30,True,/users/delfos/aina/scentree-gen-remote/scentree-gen-remote/same_ren_scentree/scenariotree_440/results_16.json,3615,31,153,116.61290322580645,153,2.8758169934640523,37,0.0022727272727272726,0.08409090909090909,0.012172130855211287,0.8452663310324228,34.24124513618676
same_ren,440,17,440,30,True,/users/delfos/aina/scentree-gen-remote/scentree-gen-remote/same_ren_scentree/scenariotree_440/results_17.json,3040,31,136,98.06451612903226,136,3.235294117647059,42,0.0022727272727272726,0.09545454545454546,0.014324321995642517,0.821254228701888,28.36214474069733
same_ren,440,18,440,30,True,/users/delfos/aina/scentree-gen-remote/scentree-gen-remote/same_ren_scentree/scenariotree_440/results_18.json,3193,31,156,103.0,156,2.8205128205128207,38,0.0022727272727272726,0.08636363636363636,0.011108699701924825,0.8641078084479502,38.96940418679551
same_ren,440,19,440,30,True,/users/delfos/aina/scentree-gen-remote/scentree-gen-remote/same_ren_scentree/scenariotree_440/results_19.json,2859,31,168,92.2258064516129,168,2.619047619047619,28,0.0022727272727272726,0.06363636363636363,0.009267791914994062,0.8732181777738814,49.06234161175875
same_ren,440,2,440,30,True,/users/delfos/aina/scentree-gen-remote/scentree-gen-remote/same_ren_scentree/scenariotree_440/results_2.json,3474,31,145,112.06451612903226,145,3.0344827586206895,36,0.0022727272727272726,0.08181818181818182,0.01298170938852078,0.8360232796005705,31.9155951203429
same_ren,440,20,440,30,True,/users/delfos/aina/scentree-gen-remote/scentree-gen-remote/same_ren_scentree/scenariotree_440/results_20.json,2905,31,133,93.70967741935483,133,3.308270676691729,33,0.0022727272727272726,0.075,0.01087350531095901,0.8707254629048684,43.022222222222226
same_ren,440,21,440,30,True,/users/delfos/aina/scentree-gen-remote/scentree-gen-remote/same_ren_scentree/scenariotree_440/results_21.json,2723,31,121,87.83870967741936,121,3.6363636363636362,64,0.0022727272727272726,0.14545454545454545,0.015033032862463838,0.854555336533749,28.082390484479262
same_ren,440,22,440,30,True,/users/delfos/aina/scentree-gen-remote/scentree-gen-remote/same_ren_scentree/scenariotree_440/results_22.json,3577,31,153,115.38709677419355,153,2.8758169934640523,41,0.0022727272727272726,0.09318181818181819,0.012757159389595119,0.8299979977500849,31.810713112060466
same_ren,440,23,440,30,True,/users/delfos/aina/scentree-gen-remote/scentree-gen-remote/same_ren_scentree/scenariotree_440/results_23.json,3349,31,154,108.03225806451613,154,2.857142857142857,45,0.0022727272727272726,0.10227272727272728,0.012275756577216653,0.8437550933827391,33.66956521739131
same_ren,440,24,440,30,True,/users/delfos/aina/scentree-gen-remote/scentree-gen-remote/same_ren_scentree/scenariotree_440/results_24.json,3436,31,156,110.83870967741936,156,2.8205128205128207,29,0.0022727272727272726,0.0659090909090909,0.009428771166086543,0.8838134225032653,49.31227712684667
same_ren,440,25,440,30,True,/users/delfos/aina/scentree-gen-remote/scentree-gen-remote/same_ren_scentree/scenariotree_440/results_25.json,3331,31,156,107.45161290322581,156,2.8205128205128207,78,0.0022727272727272726,0.17727272727272728,0.015318472281764962,0.8365864554877989,23.246878001921235
same_ren,440,26,440,30,True,/users/delfos/aina/scentree-gen-remote/scentree-gen-remote/same_ren_scentree/scenariotree_440/results_26.json,2618,31,138,84.45161290322581,138,3.1884057971014492,56,0.0022727272727272726,0.12727272727272726,0.014310182230661269,0.8327383800254354,28.164096595868504
same_ren,440,27,440,30,True,/users/delfos/aina/scentree-gen-remote/scentree-gen-remote/same_ren_scentree/scenariotree_440/results_27.json,2599,31,119,83.83870967741936,119,3.697478991596639,65,0.0022727272727272726,0.14772727272727273,0.019173116461354903,0.7953614482487408,19.175911251980992
same_ren,440,28,440,30,True,/users/delfos/aina/scentree-gen-remote/scentree-gen-remote/same_ren_scentree/scenariotree_440/results_28.json,2932,31,149,94.58064516129032,149,2.953020134228188,31,0.0022727272727272726,0.07045454545454545,0.01071949714340916,0.8636772688141732,41.95925444299957
same_ren,440,29,440,30,True,/users/delfos/aina/scentree-gen-remote/scentree-gen-remote/same_ren_scentree/scenariotree_440/results_29.json,2591,31,109,83.58064516129032,109,4.036697247706422,58,0.0022727272727272726,0.1318181818181818,0.01873361645650728,0.8121391131826878,21.08473099542584
same_ren,440,3,440,30,True,/users/delfos/aina/scentree-gen-remote/scentree-gen-remote/same_ren_scentree/scenariotree_440/results_3.json,2829,31,139,91.25806451612904,139,3.1654676258992804,46,0.0022727272727272726,0.10454545454545454,0.012348123425933319,0.853677888231569,35.22561863173217
same_ren,440,30,440,30,True,/users/delfos/aina/scentree-gen-remote/scentree-gen-remote/same_ren_scentree/scenariotree_440/results_30.json,2947,31,137,95.06451612903226,137,3.2116788321167884,40,0.0022727272727272726,0.09090909090909091,0.012263417347099041,0.8522195044116286,35.83857830433173
same_ren,440,4,440,30,True,/users/delfos/aina/scentree-gen-remote/scentree-gen-remote/same_ren_scentree/scenariotree_440/results_4.json,2906,31,120,93.74193548387096,120,3.6666666666666665,66,0.0022727272727272726,0.15,0.01693228424550071,0.829917579662809,23.398598017887366
same_ren,440,5,440,30,True,/users/delfos/aina/scentree-gen-remote/scentree-gen-remote/same_ren_scentree/scenariotree_440/results_5.json,3594,31,145,115.93548387096774,145,3.0344827586206895,59,0.0022727272727272726,0.1340909090909091,0.01668487751602236,0.8010801464939432,21.158469945355193
same_ren,440,6,440,30,True,/users/delfos/aina/scentree-gen-remote/scentree-gen-remote/same_ren_scentree/scenariotree_440/results_6.json,3357,31,146,108.29032258064517,146,3.0136986301369864,58,0.0022727272727272726,0.1318181818181818,0.013698453242376476,0.8323789535028749,29.200603318250383
same_ren,440,7,440,30,True,/users/delfos/aina/scentree-gen-remote/scentree-gen-remote/same_ren_scentree/scenariotree_440/results_7.json,2778,31,128,89.61290322580645,128,3.4375,73,0.0022727272727272726,0.16590909090909092,0.016717368107329288,0.8258714899862984,22.943825551078458
same_ren,440,8,440,30,True,/users/delfos/aina/scentree-gen-remote/scentree-gen-remote/same_ren_scentree/scenariotree_440/results_8.json,3536,31,154,114.06451612903226,154,2.857142857142857,37,0.0022727272727272726,0.08409090909090909,0.011029407630820148,0.8575520554918036,39.63963963963965
same_ren,440,9,440,30,True,/users/delfos/aina/scentree-gen-remote/scentree-gen-remote/same_ren_scentree/scenariotree_440/results_9.json,2630,31,154,84.83870967741936,154,2.857142857142857,32,0.0022727272727272726,0.07272727272727272,0.010550699226799949,0.8646243589480577,42.307692307692314
same_ren,450,1,450,30,True,/users/delfos/aina/scentree-gen-remote/scentree-gen-remote/same_ren_scentree/scenariotree_450/results_1.json,3594,31,165,115.93548387096774,165,2.727272727272727,54,0.0022222222222222222,0.12,0.012727807161030854,0.8379802336972987,30.496987951807235
same_ren,450,10,450,30,True,/users/delfos/aina/scentree-gen-remote/scentree-gen-remote/same_ren_scentree/scenariotree_450/results_10.json,3415,31,164,110.16129032258064,164,2.7439024390243905,47,0.0022222222222222222,0.10444444444444445,0.010791115573556869,0.8641794051680948,39.690317522540184
same_ren,450,11,450,30,True,/users/delfos/aina/scentree-gen-remote/scentree-gen-remote/same_ren_scentree/scenariotree_450/results_11.json,2685,31,129,86.61290322580645,129,3.488372093023256,70,0.0022222222222222222,0.15555555555555556,0.015728377441700393,0.8361998577975662,25.211653386454184
same_ren,450,12,450,30,True,/users/delfos/aina/scentree-gen-remote/scentree-gen-remote/same_ren_scentree/scenariotree_450/results_12.json,3619,31,162,116.74193548387096,162,2.7777777777777777,33,0.0022222222222222222,0.07333333333333333,0.010585654869247415,0.8584255207738105,41.10840438489647
same_ren,450,13,450,30,True,/users/delfos/aina/scentree-gen-remote/scentree-gen-remote/same_ren_scentree/scenariotree_450/results_13.json,2539,31,134,81.90322580645162,134,3.3582089552238807,52,0.0022222222222222222,0.11555555555555555,0.015245435049632444,0.8271305233980902,25.901765157329233
same_ren,450,14,450,30,True,/users/delfos/aina/scentree-gen-remote/scentree-gen-remote/same_ren_scentree/scenariotree_450/results_14.json,2777,31,145,89.58064516129032,145,3.103448275862069,44,0.0022222222222222222,0.09777777777777778,0.013095514167158219,0.8362332029422113,31.48320895522388
same_ren,450,15,450,30,True,/users/delfos/aina/scentree-gen-remote/scentree-gen-remote/same_ren_scentree/scenariotree_450/results_15.json,3417,31,162,110.2258064516129,162,2.7777777777777777,38,0.0022222222222222222,0.08444444444444445,0.010525008141208452,0.860058701397394,41.46191646191646
same_ren,450,16,450,30,True,/users/delfos/aina/scentree-gen-remote/scentree-gen-remote/same_ren_scentree/scenariotree_450/results_16.json,2684,31,166,86.58064516129032,166,2.710843373493976,60,0.0022222222222222222,0.13333333333333333,0.013049318322026382,0.839871975428655,29.161866359447004
same_ren,450,17,450,30,True,/users/delfos/aina/scentree-gen-remote/scentree-gen-remote/same_ren_scentree/scenariotree_450/results_17.json,2309,31,124,74.48387096774194,124,3.629032258064516,67,0.0022222222222222222,0.14888888888888888,0.015120563515106687,0.8529400117090238,27.461350691619202
same_ren,450,18,450,30,True,/users/delfos/aina/scentree-gen-remote/scentree-gen-remote/same_ren_scentree/scenariotree_450/results_18.json,2817,31,146,90.87096774193549,146,3.0821917808219177,43,0.0022222222222222222,0.09555555555555556,0.014199436773653913,0.821907009118444,27.558519324986385
same_ren,450,19,450,30,True,/users/delfos/aina/scentree-gen-remote/scentree-gen-remote/same_ren_scentree/scenariotree_450/results_19.json,2468,31,114,79.61290322580645,114,3.9473684210526314,69,0.0022222222222222222,0.15333333333333332,0.01794715151130009,0.8209543242947385,21.982197134172818
same_ren,450,2,450,30,True,/users/delfos/aina/scentree-gen-remote/scentree-gen-remote/same_ren_scentree/scenariotree_450/results_2.json,2887,31,131,93.12903225806451,131,3.435114503816794,45,0.0022222222222222222,0.1,0.012808733345694939,0.8504131654168121,34.33367243133265
same_ren,450,20,450,30,True,/users/delfos/aina/scentree-gen-remote/scentree-gen-remote/same_ren_scentree/scenariotree_450/results_20.json,2843,31,149,91.70967741935483,149,3.0201342281879193,80,0.0022222222222222222,0.17777777777777778,0.01592190277769867,0.8324791680484311,22.480017761989345
same_ren,450,21,450,30,True,/users/delfos/aina/scentree-gen-remote/scentree-gen-remote/same_ren_scentree/scenariotree_450/results_21.json,3315,31,153,106.93548387096774,153,2.9411764705882355,32,0.0022222222222222222,0.07111111111111111,0.00981795171350904,0.876870229046916,46.98375870069605
same_ren,450,22,450,30,True,/users/delfos/aina/scentree-gen-remote/scentree-gen-remote/same_ren_scentree/scenariotree_450/results_22.json,2753,31,131,88.80645161290323,131,3.435114503816794,31,0.0022222222222222222,0.06888888888888889,0.011387898503920423,0.8669654716471347,40.61371841155235
same_ren,450,23,450,30,True,/users/delfos/aina/scentree-gen-remote/scentree-gen-remote/same_ren_scentree/scenariotree_450/results_23.json,3267,31,158,105.38709677419355,158,2.848101265822785,35,0.0022222222222222222,0.07777777777777778,0.010456608457217804,0.8675685531910926,42.36401673640166
same_ren,450,24,450,30,True,/users/delfos/aina/scentree-gen-remote/scentree-gen-remote/same_ren_scentree/scenariotree_450/results_24.json,3322,31,133,107.16129032258064,133,3.3834586466165413,49,0.0022222222222222222,0.10888888888888888,0.015125261948856867,0.8254049351129963,26.35346173867777
same_ren,450,25,450,30,True,/users/delfos/aina/scentree-gen-remote/scentree-gen-remote/same_ren_scentree/scenariotree_450/results_25.json,2733,31,122,88.16129032258064,122,3.6885245901639343,30,0.0022222222222222222,0.06666666666666667,0.012571051150801784,0.8509488177891935,36.39468008626887
same_ren,450,26,450,30,True,/users/delfos/aina/scentree-gen-remote/scentree-gen-remote/same_ren_scentree/scenariotree_450/results_26.json,3273,31,145,105.58064516129032,145,3.103448275862069,40,0.0022222222222222222,0.08888888888888889,0.01346480302199091,0.8223638553144559,30.13392857142857
same_ren,450,27,450,30,True,/users/delfos/aina/scentree-gen-remote/scentree-gen-remote/same_ren_scentree/scenariotree_450/results_27.json,2715,31,122,87.58064516129032,122,3.6885245901639343,37,0.0022222222222222222,0.08222222222222222,0.012054930497467612,0.8672849818351548,38.57142857142857
same_ren,450,28,450,30,True,/users/delfos/aina/scentree-gen-remote/scentree-gen-remote/same_ren_scentree/scenariotree_450/results_28.json,3187,31,162,102.80645161290323,162,2.7777777777777777,53,0.0022222222222222222,0.11777777777777777,0.012524628990590024,0.8394400175764821,31.66041275797373
same_ren,450,29,450,30,True,/users/delfos/aina/scentree-gen-remote/scentree-gen-remote/same_ren_scentree/scenariotree_450/results_29.json,2876,31,158,92.7741935483871,158,2.848101265822785,59,0.0022222222222222222,0.13111111111111112,0.012987010027483974,0.8480443934760136,30.32345013477088
same_ren,450,3,450,30,True,/users/delfos/aina/scentree-gen-remote/scentree-gen-remote/same_ren_scentree/scenariotree_450/results_3.json,3112,31,143,100.38709677419355,143,3.1468531468531467,50,0.0022222222222222222,0.1111111111111111,0.014929013976371438,0.8066053143026412,25.73062261753494
same_ren,450,30,450,30,True,/users/delfos/aina/scentree-gen-remote/scentree-gen-remote/same_ren_scentree/scenariotree_450/results_30.json,3019,31,138,97.38709677419355,138,3.260869565217391,32,0.0022222222222222222,0.07111111111111111,0.011532444211059572,0.8542145739303364,39.0625
same_ren,450,4,450,30,True,/users/delfos/aina/scentree-gen-remote/scentree-gen-remote/same_ren_scentree/scenariotree_450/results_4.json,2519,31,127,81.25806451612904,127,3.543307086614173,44,0.0022222222222222222,0.09777777777777778,0.011990586066367857,0.8651499179416234,38.26530612244897
same_ren,450,5,450,30,True,/users/delfos/aina/scentree-gen-remote/scentree-gen-remote/same_ren_scentree/scenariotree_450/results_5.json,2738,31,152,88.3225806451613,152,2.960526315789474,35,0.0022222222222222222,0.07777777777777778,0.011195241664609291,0.854121607650827,39.01734104046242
same_ren,450,6,450,30,True,/users/delfos/aina/scentree-gen-remote/scentree-gen-remote/same_ren_scentree/scenariotree_450/results_6.json,2956,31,145,95.35483870967742,145,3.103448275862069,45,0.0022222222222222222,0.1,0.012403666462246919,0.8555041107954676,34.24078457896517
same_ren,450,7,450,30,True,/users/delfos/aina/scentree-gen-remote/scentree-gen-remote/same_ren_scentree/scenariotree_450/results_7.json,3272,31,136,105.54838709677419,136,3.3088235294117645,68,0.0022222222222222222,0.1511111111111111,0.01631773009965262,0.8088952909226299,22.953978689639534
same_ren,450,8,450,30,True,/users/delfos/aina/scentree-gen-remote/scentree-gen-remote/same_ren_scentree/scenariotree_450/results_8.json,3801,31,166,122.61290322580645,166,2.710843373493976,33,0.0022222222222222222,0.07333333333333333,0.010793479339375365,0.8537888408665444,39.427570093457945
same_ren,450,9,450,30,True,/users/delfos/aina/scentree-gen-remote/scentree-gen-remote/same_ren_scentree/scenariotree_450/results_9.json,3170,31,147,102.25806451612904,147,3.061224489795918,28,0.0022222222222222222,0.06222222222222222,0.010398055550782038,0.863083479233677,44.06005221932114
same_ren,460,1,460,30,True,/users/delfos/aina/scentree-gen-remote/scentree-gen-remote/same_ren_scentree/scenariotree_460/results_1.json,3149,31,129,101.58064516129032,129,3.565891472868217,36,0.002173913043478261,0.0782608695652174,0.012565226608142716,0.8501681614066846,35.563025210084035
same_ren,460,10,460,30,True,/users/delfos/aina/scentree-gen-remote/scentree-gen-remote/same_ren_scentree/scenariotree_460/results_10.json,2706,31,145,87.29032258064517,145,3.1724137931034484,51,0.002173913043478261,0.1108695652173913,0.013551680930126491,0.8301001438485575,29.828023681984764
same_ren,460,11,460,30,True,/users/delfos/aina/scentree-gen-remote/scentree-gen-remote/same_ren_scentree/scenariotree_460/results_11.json,2622,31,127,84.58064516129032,127,3.622047244094488,37,0.002173913043478261,0.08043478260869565,0.01219702754361902,0.8600013472688647,37.358757062146886
same_ren,460,12,460,30,True,/users/delfos/aina/scentree-gen-remote/scentree-gen-remote/same_ren_scentree/scenariotree_460/results_12.json,3117,31,121,100.54838709677419,121,3.8016528925619837,46,0.002173913043478261,0.1,0.013747953323568088,0.8389026592930346,32.11900425015179
same_ren,460,13,460,30,True,/users/delfos/aina/scentree-gen-remote/scentree-gen-remote/same_ren_scentree/scenariotree_460/results_13.json,3396,31,136,109.54838709677419,136,3.3823529411764706,48,0.002173913043478261,0.10434782608695652,0.012790760508997074,0.8507055967343518,33.780332056194126
same_ren,460,14,460,30,True,/users/delfos/aina/scentree-gen-remote/scentree-gen-remote/same_ren_scentree/scenariotree_460/results_14.json,3716,31,179,119.87096774193549,179,2.569832402234637,49,0.002173913043478261,0.10652173913043478,0.011660417083511593,0.8448320743275892,33.41756159191409
same_ren,460,15,460,30,True,/users/delfos/aina/scentree-gen-remote/scentree-gen-remote/same_ren_scentree/scenariotree_460/results_15.json,3288,31,178,106.06451612903226,178,2.5842696629213484,47,0.002173913043478261,0.10217391304347827,0.010963487662217457,0.8553626242245889,37.01889433170048
same_ren,460,16,460,30,True,/users/delfos/aina/scentree-gen-remote/scentree-gen-remote/same_ren_scentree/scenariotree_460/results_16.json,3203,31,129,103.3225806451613,129,3.565891472868217,26,0.002173913043478261,0.05652173913043478,0.009959711934400158,0.8798854874137292,48.666053357865685
same_ren,460,17,460,30,True,/users/delfos/aina/scentree-gen-remote/scentree-gen-remote/same_ren_scentree/scenariotree_460/results_17.json,3238,31,136,104.45161290322581,136,3.3823529411764706,76,0.002173913043478261,0.16521739130434782,0.017166179633117937,0.8102350840498121,21.08409724990036
same_ren,460,18,460,30,True,/users/delfos/aina/scentree-gen-remote/scentree-gen-remote/same_ren_scentree/scenariotree_460/results_18.json,3096,31,159,99.87096774193549,159,2.893081761006289,27,0.002173913043478261,0.058695652173913045,0.009917539946382326,0.8611047502400467,45.60344827586207
same_ren,460,19,460,30,True,/users/delfos/aina/scentree-gen-remote/scentree-gen-remote/same_ren_scentree/scenariotree_460/results_19.json,2919,31,156,94.16129032258064,156,2.948717948717949,37,0.002173913043478261,0.08043478260869565,0.011418138353685053,0.8497709196352913,37.38515901060071
same_ren,460,2,460,30,True,/users/delfos/aina/scentree-gen-remote/scentree-gen-remote/same_ren_scentree/scenariotree_460/results_2.json,2962,31,146,95.54838709677419,146,3.1506849315068495,38,0.002173913043478261,0.08260869565217391,0.011245271211414403,0.8595547765454913,39.507094846900664
same_ren,460,20,460,30,True,/users/delfos/aina/scentree-gen-remote/scentree-gen-remote/same_ren_scentree/scenariotree_460/results_20.json,3321,31,132,107.12903225806451,132,3.484848484848485,61,0.002173913043478261,0.13260869565217392,0.017408762746685916,0.7954943500808075,21.017083829956288
same_ren,460,21,460,30,True,/users/delfos/aina/scentree-gen-remote/scentree-gen-remote/same_ren_scentree/scenariotree_460/results_21.json,2995,31,141,96.61290322580645,141,3.2624113475177303,94,0.002173913043478261,0.20434782608695654,0.0191394124893265,0.7949990174793405,17.023330651649236
same_ren,460,22,460,30,True,/users/delfos/aina/scentree-gen-remote/scentree-gen-remote/same_ren_scentree/scenariotree_460/results_22.json,2968,31,123,95.74193548387096,123,3.7398373983739837,24,0.002173913043478261,0.05217391304347826,0.011007737546286688,0.8701702303716499,43.41403364792778
same_ren,460,23,460,30,True,/users/delfos/aina/scentree-gen-remote/scentree-gen-remote/same_ren_scentree/scenariotree_460/results_23.json,3172,31,138,102.3225806451613,138,3.3333333333333335,45,0.002173913043478261,0.09782608695652174,0.013982021564310018,0.8274264908210468,29.2184479425573
same_ren,460,24,460,30,True,/users/delfos/aina/scentree-gen-remote/scentree-gen-remote/same_ren_scentree/scenariotree_460/results_24.json,2877,31,123,92.80645161290323,123,3.7398373983739837,78,0.002173913043478261,0.16956521739130434,0.01866952846639035,0.7960656290736704,19.607116382505563
same_ren,460,25,460,30,True,/users/delfos/aina/scentree-gen-remote/scentree-gen-remote/same_ren_scentree/scenariotree_460/results_25.json,4088,31,162,131.8709677419355,162,2.8395061728395063,40,0.002173913043478261,0.08695652173913043,0.012581071735770917,0.831915631889149,31.431966726084376
same_ren,460,26,460,30,True,/users/delfos/aina/scentree-gen-remote/scentree-gen-remote/same_ren_scentree/scenariotree_460/results_26.json,3291,31,171,106.16129032258064,171,2.690058479532164,31,0.002173913043478261,0.06739130434782609,0.008578174628953644,0.8863622977564438,54.25641025641025
same_ren,460,27,460,30,True,/users/delfos/aina/scentree-gen-remote/scentree-gen-remote/same_ren_scentree/scenariotree_460/results_27.json,2694,31,136,86.90322580645162,136,3.3823529411764706,41,0.002173913043478261,0.0891304347826087,0.011593713162266027,0.8637643145960681,39.01179941002949
same_ren,460,28,460,30,True,/users/delfos/aina/scentree-gen-remote/scentree-gen-remote/same_ren_scentree/scenariotree_460/results_28.json,3078,31,140,99.29032258064517,140,3.2857142857142856,35,0.002173913043478261,0.07608695652173914,0.01261802426991707,0.8385234749640017,33.975594091201025
same_ren,460,29,460,30,True,/users/delfos/aina/scentree-gen-remote/scentree-gen-remote/same_ren_scentree/scenariotree_460/results_29.json,3385,31,142,109.19354838709677,142,3.23943661971831,38,0.002173913043478261,0.08260869565217391,0.012410465244520507,0.8430443051223651,34.58646616541353
same_ren,460,3,460,30,True,/users/delfos/aina/scentree-gen-remote/scentree-gen-remote/same_ren_scentree/scenariotree_460/results_3.json,2717,31,158,87.64516129032258,158,2.911392405063291,28,0.002173913043478261,0.06086956521739131,0.00913966743290514,0.8806256747853463,51.210067763794775
same_ren,460,30,460,30,True,/users/delfos/aina/scentree-gen-remote/scentree-gen-remote/same_ren_scentree/scenariotree_460/results_30.json,3063,31,162,98.80645161290323,162,2.8395061728395063,26,0.002173913043478261,0.05652173913043478,0.009311002319098914,0.874952327135366,49.46236559139785
same_ren,460,4,460,30,True,/users/delfos/aina/scentree-gen-remote/scentree-gen-remote/same_ren_scentree/scenariotree_460/results_4.json,4236,31,177,136.6451612903226,177,2.598870056497175,65,0.002173913043478261,0.14130434782608695,0.011912078556286926,0.858891919521698,32.50384024577573
same_ren,460,5,460,30,True,/users/delfos/aina/scentree-gen-remote/scentree-gen-remote/same_ren_scentree/scenariotree_460/results_5.json,2809,31,125,90.61290322580645,125,3.68,31,0.002173913043478261,0.06739130434782609,0.012305500022870033,0.8555915263352102,37.13583713583713
same_ren,460,6,460,30,True,/users/delfos/aina/scentree-gen-remote/scentree-gen-remote/same_ren_scentree/scenariotree_460/results_6.json,3635,31,170,117.25806451612904,170,2.7058823529411766,52,0.002173913043478261,0.11304347826086956,0.012673014929208774,0.8367213138163514,30.13386499572771
same_ren,460,7,460,30,True,/users/delfos/aina/scentree-gen-remote/scentree-gen-remote/same_ren_scentree/scenariotree_460/results_7.json,2878,31,133,92.83870967741936,133,3.4586466165413534,63,0.002173913043478261,0.13695652173913042,0.01568879718483873,0.816016521790282,24.841512092040375
same_ren,460,8,460,30,True,/users/delfos/aina/scentree-gen-remote/scentree-gen-remote/same_ren_scentree/scenariotree_460/results_8.json,3379,31,148,109.0,148,3.108108108108108,36,0.002173913043478261,0.0782608695652174,0.011464714701285815,0.8602393070033879,38.15362423368193
same_ren,460,9,460,30,True,/users/delfos/aina/scentree-gen-remote/scentree-gen-remote/same_ren_scentree/scenariotree_460/results_9.json,2756,31,126,88.90322580645162,126,3.6507936507936507,33,0.002173913043478261,0.07173913043478261,0.010946304199280135,0.8754533590533934,43.414033647927766
same_ren,470,1,470,30,True,/users/delfos/aina/scentree-gen-remote/scentree-gen-remote/same_ren_scentree/scenariotree_470/results_1.json,2761,31,144,89.06451612903226,144,3.263888888888889,63,0.002127659574468085,0.13404255319148936,0.015113594387821713,0.8287384207168637,25.10227272727273
same_ren,470,10,470,30,True,/users/delfos/aina/scentree-gen-remote/scentree-gen-remote/same_ren_scentree/scenariotree_470/results_10.json,2802,31,140,90.38709677419355,140,3.357142857142857,77,0.002127659574468085,0.16382978723404254,0.016007159501636576,0.8265780203310963,23.24773731845927
same_ren,470,11,470,30,True,/users/delfos/aina/scentree-gen-remote/scentree-gen-remote/same_ren_scentree/scenariotree_470/results_11.json,3711,31,171,119.70967741935483,171,2.7485380116959064,30,0.002127659574468085,0.06382978723404255,0.00999311077450262,0.8606972371355678,43.62164296998421
same_ren,470,12,470,30,True,/users/delfos/aina/scentree-gen-remote/scentree-gen-remote/same_ren_scentree/scenariotree_470/results_12.json,3484,31,152,112.38709677419355,152,3.0921052631578947,53,0.002127659574468085,0.1127659574468085,0.012602431714670615,0.8447660559544112,32.55231358679635
same_ren,470,13,470,30,True,/users/delfos/aina/scentree-gen-remote/scentree-gen-remote/same_ren_scentree/scenariotree_470/results_13.json,3113,31,131,100.41935483870968,131,3.5877862595419847,39,0.002127659574468085,0.08297872340425531,0.013136494176827917,0.836524159967673,33.0688622754491
same_ren,470,14,470,30,True,/users/delfos/aina/scentree-gen-remote/scentree-gen-remote/same_ren_scentree/scenariotree_470/results_14.json,3192,31,153,102.96774193548387,153,3.0718954248366015,55,0.002127659574468085,0.11702127659574468,0.013434725253977056,0.8296014051444917,29.281548250265118
same_ren,470,15,470,30,True,/users/delfos/aina/scentree-gen-remote/scentree-gen-remote/same_ren_scentree/scenariotree_470/results_15.json,3551,31,176,114.54838709677419,176,2.6704545454545454,44,0.002127659574468085,0.09361702127659574,0.011899260912973574,0.8300929379991899,32.677514792899416
same_ren,470,16,470,30,True,/users/delfos/aina/scentree-gen-remote/scentree-gen-remote/same_ren_scentree/scenariotree_470/results_16.json,2722,31,122,87.80645161290323,122,3.8524590163934427,49,0.002127659574468085,0.10425531914893617,0.014830380804874492,0.8354081809249592,28.547428276040318
same_ren,470,17,470,30,True,/users/delfos/aina/scentree-gen-remote/scentree-gen-remote/same_ren_scentree/scenariotree_470/results_17.json,4023,31,168,129.7741935483871,168,2.7976190476190474,32,0.002127659574468085,0.06808510638297872,0.009194179980597171,0.8764145900220375,49.61814914645104
same_ren,470,18,470,30,True,/users/delfos/aina/scentree-gen-remote/scentree-gen-remote/same_ren_scentree/scenariotree_470/results_18.json,3006,31,135,96.96774193548387,135,3.4814814814814814,34,0.002127659574468085,0.07234042553191489,0.012715560759495531,0.8418021677950651,34.20563641994426
same_ren,470,19,470,30,True,/users/delfos/aina/scentree-gen-remote/scentree-gen-remote/same_ren_scentree/scenariotree_470/results_19.json,2941,31,138,94.87096774193549,138,3.4057971014492754,60,0.002127659574468085,0.1276595744680851,0.014569932471290434,0.8304861051269936,27.366204162537173
same_ren,470,2,470,30,True,/users/delfos/aina/scentree-gen-remote/scentree-gen-remote/same_ren_scentree/scenariotree_470/results_2.json,3509,31,143,113.19354838709677,143,3.2867132867132867,48,0.002127659574468085,0.10212765957446808,0.014565046098017797,0.8186021663463031,26.788746058695132
same_ren,470,20,470,30,True,/users/delfos/aina/scentree-gen-remote/scentree-gen-remote/same_ren_scentree/scenariotree_470/results_20.json,2467,31,154,79.58064516129032,154,3.051948051948052,43,0.002127659574468085,0.09148936170212765,0.012427095594699166,0.8405987692670819,33.029306220095705
same_ren,470,21,470,30,True,/users/delfos/aina/scentree-gen-remote/scentree-gen-remote/same_ren_scentree/scenariotree_470/results_21.json,2796,31,155,90.19354838709677,155,3.032258064516129,47,0.002127659574468085,0.1,0.01251741433285098,0.8324728434375321,32.53313696612666
same_ren,470,22,470,30,True,/users/delfos/aina/scentree-gen-remote/scentree-gen-remote/same_ren_scentree/scenariotree_470/results_22.json,2888,31,139,93.16129032258064,139,3.381294964028777,38,0.002127659574468085,0.08085106382978724,0.01226210036616359,0.8462549774294195,35.59458588462778
same_ren,470,23,470,30,True,/users/delfos/aina/scentree-gen-remote/scentree-gen-remote/same_ren_scentree/scenariotree_470/results_23.json,3348,31,167,108.0,167,2.81437125748503,55,0.002127659574468085,0.11702127659574468,0.01285192685100343,0.8320472287872909,29.786947141316077
same_ren,470,24,470,30,True,/users/delfos/aina/scentree-gen-remote/scentree-gen-remote/same_ren_scentree/scenariotree_470/results_24.json,2826,31,151,91.16129032258064,151,3.1125827814569536,33,0.002127659574468085,0.07021276595744681,0.009802424777707612,0.8774404500573182,47.322193658954575
same_ren,470,25,470,30,True,/users/delfos/aina/scentree-gen-remote/scentree-gen-remote/same_ren_scentree/scenariotree_470/results_25.json,3299,31,169,106.41935483870968,169,2.7810650887573964,58,0.002127659574468085,0.12340425531914893,0.011757675959219428,0.8539722522806635,34.15275200989486
same_ren,470,26,470,30,True,/users/delfos/aina/scentree-gen-remote/scentree-gen-remote/same_ren_scentree/scenariotree_470/results_26.json,3457,31,131,111.51612903225806,131,3.5877862595419847,55,0.002127659574468085,0.11702127659574468,0.015183995480666445,0.8185510015626128,26.429767887054318
same_ren,470,27,470,30,True,/users/delfos/aina/scentree-gen-remote/scentree-gen-remote/same_ren_scentree/scenariotree_470/results_27.json,2858,31,146,92.19354838709677,146,3.219178082191781,84,0.002127659574468085,0.17872340425531916,0.015854605263967765,0.8343205248815873,22.96257796257796
same_ren,470,28,470,30,True,/users/delfos/aina/scentree-gen-remote/scentree-gen-remote/same_ren_scentree/scenariotree_470/results_28.json,4011,31,177,129.38709677419354,177,2.6553672316384183,52,0.002127659574468085,0.11063829787234042,0.01172584707890961,0.8443591432012171,33.348429951690825
same_ren,470,29,470,30,True,/users/delfos/aina/scentree-gen-remote/scentree-gen-remote/same_ren_scentree/scenariotree_470/results_29.json,2730,31,154,88.06451612903226,154,3.051948051948052,74,0.002127659574468085,0.1574468085106383,0.015428351464151249,0.8208262534118484,23.174569869911874
same_ren,470,3,470,30,True,/users/delfos/aina/scentree-gen-remote/scentree-gen-remote/same_ren_scentree/scenariotree_470/results_3.json,3725,31,180,120.16129032258064,180,2.611111111111111,94,0.002127659574468085,0.2,0.016947815603912574,0.795427597118144,17.465211891208096
same_ren,470,30,470,30,True,/users/delfos/aina/scentree-gen-remote/scentree-gen-remote/same_ren_scentree/scenariotree_470/results_30.json,3098,31,155,99.93548387096774,155,3.032258064516129,49,0.002127659574468085,0.10425531914893617,0.012510412678103924,0.841066419408487,32.561910377358494
same_ren,470,4,470,30,True,/users/delfos/aina/scentree-gen-remote/scentree-gen-remote/same_ren_scentree/scenariotree_470/results_4.json,2647,31,131,85.38709677419355,131,3.5877862595419847,55,0.002127659574468085,0.11702127659574468,0.0140171593277166,0.8334137867768835,29.964731416169293
same_ren,470,5,470,30,True,/users/delfos/aina/scentree-gen-remote/scentree-gen-remote/same_ren_scentree/scenariotree_470/results_5.json,3116,31,137,100.51612903225806,137,3.4306569343065694,29,0.002127659574468085,0.06170212765957447,0.010966503058292214,0.8632419679249229,42.06016755521707
same_ren,470,6,470,30,True,/users/delfos/aina/scentree-gen-remote/scentree-gen-remote/same_ren_scentree/scenariotree_470/results_6.json,3719,31,154,119.96774193548387,154,3.051948051948052,103,0.002127659574468085,0.21914893617021278,0.019223691556244503,0.7836239311430698,15.771812080536906
same_ren,470,7,470,30,True,/users/delfos/aina/scentree-gen-remote/scentree-gen-remote/same_ren_scentree/scenariotree_470/results_7.json,3662,31,161,118.12903225806451,161,2.919254658385093,45,0.002127659574468085,0.09574468085106383,0.010409796977082305,0.8672128935377506,42.2694221201684
same_ren,470,8,470,30,True,/users/delfos/aina/scentree-gen-remote/scentree-gen-remote/same_ren_scentree/scenariotree_470/results_8.json,2784,31,134,89.80645161290323,134,3.5074626865671643,31,0.002127659574468085,0.06595744680851064,0.01159189475991586,0.8614188637001039,39.26413082118735
same_ren,470,9,470,30,True,/users/delfos/aina/scentree-gen-remote/scentree-gen-remote/same_ren_scentree/scenariotree_470/results_9.json,3177,31,127,102.48387096774194,127,3.7007874015748032,52,0.002127659574468085,0.11063829787234042,0.013662375676619208,0.8441000447669367,31.66571100917429
same_ren,480,1,480,30,True,/users/delfos/aina/scentree-gen-remote/scentree-gen-remote/same_ren_scentree/scenariotree_480/results_1.json,3451,31,179,111.3225806451613,179,2.6815642458100557,86,0.0020833333333333333,0.17916666666666667,0.015213067139415651,0.8208369873188477,21.270310192023636
same_ren,480,10,480,30,True,/users/delfos/aina/scentree-gen-remote/scentree-gen-remote/same_ren_scentree/scenariotree_480/results_10.json,2594,31,127,83.6774193548387,127,3.779527559055118,36,0.0020833333333333333,0.075,0.012497028807605616,0.8494202566305968,36.090225563909776
same_ren,480,11,480,30,True,/users/delfos/aina/scentree-gen-remote/scentree-gen-remote/same_ren_scentree/scenariotree_480/results_11.json,3212,31,144,103.61290322580645,144,3.3333333333333335,69,0.0020833333333333333,0.14375,0.01496886235749991,0.8327653345406978,25.503652866947093
same_ren,480,12,480,30,True,/users/delfos/aina/scentree-gen-remote/scentree-gen-remote/same_ren_scentree/scenariotree_480/results_12.json,3370,31,160,108.70967741935483,160,3.0,43,0.0020833333333333333,0.08958333333333333,0.011559684341855244,0.8513434954928656,36.19227144203582
same_ren,480,13,480,30,True,/users/delfos/aina/scentree-gen-remote/scentree-gen-remote/same_ren_scentree/scenariotree_480/results_13.json,3007,31,161,97.0,161,2.981366459627329,40,0.0020833333333333333,0.08333333333333333,0.012811996698714018,0.8248485440751826,30.63829787234043
same_ren,480,14,480,30,True,/users/delfos/aina/scentree-gen-remote/scentree-gen-remote/same_ren_scentree/scenariotree_480/results_14.json,3694,31,161,119.16129032258064,161,2.981366459627329,97,0.0020833333333333333,0.20208333333333334,0.017122191152718944,0.8075864496267265,18.72257435397367
same_ren,480,15,480,30,True,/users/delfos/aina/scentree-gen-remote/scentree-gen-remote/same_ren_scentree/scenariotree_480/results_15.json,3043,31,153,98.16129032258064,153,3.1372549019607843,29,0.0020833333333333333,0.06041666666666667,0.009374799754365332,0.8752967564019738,50.04344048653345
same_ren,480,16,480,30,True,/users/delfos/aina/scentree-gen-remote/scentree-gen-remote/same_ren_scentree/scenariotree_480/results_16.json,4450,31,174,143.5483870967742,174,2.7586206896551726,75,0.0020833333333333333,0.15625,0.014478500864131173,0.8130027643524322,23.684210526315784
same_ren,480,17,480,30,True,/users/delfos/aina/scentree-gen-remote/scentree-gen-remote/same_ren_scentree/scenariotree_480/results_17.json,2947,31,146,95.06451612903226,146,3.287671232876712,25,0.0020833333333333333,0.052083333333333336,0.009612073813760924,0.8713246202401067,49.167733674775924
same_ren,480,18,480,30,True,/users/delfos/aina/scentree-gen-remote/scentree-gen-remote/same_ren_scentree/scenariotree_480/results_18.json,2481,31,115,80.03225806451613,115,4.173913043478261,73,0.0020833333333333333,0.15208333333333332,0.01821035182152058,0.8029091346561408,21.3531047265987
same_ren,480,19,480,30,True,/users/delfos/aina/scentree-gen-remote/scentree-gen-remote/same_ren_scentree/scenariotree_480/results_19.json,3595,31,150,115.96774193548387,150,3.2,52,0.0020833333333333333,0.10833333333333334,0.011549510972491593,0.8622222962243486,37.4877969410999
same_ren,480,2,480,30,True,/users/delfos/aina/scentree-gen-remote/scentree-gen-remote/same_ren_scentree/scenariotree_480/results_2.json,2700,31,126,87.09677419354838,126,3.8095238095238093,38,0.0020833333333333333,0.07916666666666666,0.01296190843081405,0.8431161863299297,34.35729197733373
same_ren,480,20,480,30,True,/users/delfos/aina/scentree-gen-remote/scentree-gen-remote/same_ren_scentree/scenariotree_480/results_20.json,3303,31,166,106.54838709677419,166,2.891566265060241,81,0.0020833333333333333,0.16875,0.0155986627033413,0.8162228180491307,21.54479147185337
same_ren,480,21,480,30,True,/users/delfos/aina/scentree-gen-remote/scentree-gen-remote/same_ren_scentree/scenariotree_480/results_21.json,3838,31,193,123.80645161290323,193,2.4870466321243523,59,0.0020833333333333333,0.12291666666666666,0.011850021088469033,0.833760944124261,30.97606883570852
same_ren,480,22,480,30,True,/users/delfos/aina/scentree-gen-remote/scentree-gen-remote/same_ren_scentree/scenariotree_480/results_22.json,3901,31,181,125.83870967741936,181,2.6519337016574585,60,0.0020833333333333333,0.125,0.014030285319087586,0.8113166141200088,24.298671166420586
same_ren,480,23,480,30,True,/users/delfos/aina/scentree-gen-remote/scentree-gen-remote/same_ren_scentree/scenariotree_480/results_23.json,3359,31,141,108.35483870967742,141,3.404255319148936,41,0.0020833333333333333,0.08541666666666667,0.013569719359791954,0.8259035399181162,30.252100840336137
same_ren,480,24,480,30,True,/users/delfos/aina/scentree-gen-remote/scentree-gen-remote/same_ren_scentree/scenariotree_480/results_24.json,2645,31,169,85.3225806451613,169,2.8402366863905324,78,0.0020833333333333333,0.1625,0.014291319833059294,0.8289993321847081,24.731644482610562
same_ren,480,25,480,30,True,/users/delfos/aina/scentree-gen-remote/scentree-gen-remote/same_ren_scentree/scenariotree_480/results_25.json,3317,31,148,107.0,148,3.2432432432432434,41,0.0020833333333333333,0.08541666666666667,0.011170949803459118,0.8558126018949881,39.64211975223675
same_ren,480,26,480,30,True,/users/delfos/aina/scentree-gen-remote/scentree-gen-remote/same_ren_scentree/scenariotree_480/results_26.json,3116,31,143,100.51612903225806,143,3.3566433566433567,57,0.0020833333333333333,0.11875,0.014709547060282883,0.8162626010447159,26.361556064073234
same_ren,480,27,480,30,True,/users/delfos/aina/scentree-gen-remote/scentree-gen-remote/same_ren_scentree/scenariotree_480/results_27.json,4071,31,175,131.32258064516128,175,2.742857142857143,44,0.0020833333333333333,0.09166666666666666,0.010795984808337745,0.8462221927801916,38.29787234042553
same_ren,480,28,480,30,True,/users/delfos/aina/scentree-gen-remote/scentree-gen-remote/same_ren_scentree/scenariotree_480/results_28.json,2893,31,140,93.3225806451613,140,3.4285714285714284,42,0.0020833333333333333,0.0875,0.0126531855175484,0.8457950654538083,33.83259911894274
same_ren,480,29,480,30,True,/users/delfos/aina/scentree-gen-remote/scentree-gen-remote/same_ren_scentree/scenariotree_480/results_29.json,3198,31,167,103.16129032258064,167,2.874251497005988,39,0.0020833333333333333,0.08125,0.010204118036571475,0.8603280629367012,42.77757148161902
same_ren,480,3,480,30,True,/users/delfos/aina/scentree-gen-remote/scentree-gen-remote/same_ren_scentree/scenariotree_480/results_3.json,2935,31,153,94.6774193548387,153,3.1372549019607843,60,0.0020833333333333333,0.125,0.015532010556136311,0.8000208996950553,23.016983016983016
same_ren,480,30,480,30,True,/users/delfos/aina/scentree-gen-remote/scentree-gen-remote/same_ren_scentree/scenariotree_480/results_30.json,3027,31,139,97.64516129032258,139,3.4532374100719423,30,0.0020833333333333333,0.0625,0.01112328444675466,0.8626767025666988,40.996441281138786
same_ren,480,4,480,30,True,/users/delfos/aina/scentree-gen-remote/scentree-gen-remote/same_ren_scentree/scenariotree_480/results_4.json,2753,31,140,88.80645161290323,140,3.4285714285714284,33,0.0020833333333333333,0.06875,0.010681580374506956,0.8734114433153224,43.259481787457744
same_ren,480,5,480,30,True,/users/delfos/aina/scentree-gen-remote/scentree-gen-remote/same_ren_scentree/scenariotree_480/results_5.json,4308,31,188,138.96774193548387,188,2.5531914893617023,109,0.0020833333333333333,0.22708333333333333,0.019542494154091178,0.763288332598487,12.967131922557403
same_ren,480,6,480,30,True,/users/delfos/aina/scentree-gen-remote/scentree-gen-remote/same_ren_scentree/scenariotree_480/results_6.json,4305,31,196,138.8709677419355,196,2.4489795918367347,69,0.0020833333333333333,0.14375,0.01320343039010549,0.8272493446862891,25.464190981432356
same_ren,480,7,480,30,True,/users/delfos/aina/scentree-gen-remote/scentree-gen-remote/same_ren_scentree/scenariotree_480/results_7.json,3534,31,180,114.0,180,2.6666666666666665,57,0.0020833333333333333,0.11875,0.013327183188070727,0.8114661054020419,26.648160999306036
same_ren,480,8,480,30,True,/users/delfos/aina/scentree-gen-remote/scentree-gen-remote/same_ren_scentree/scenariotree_480/results_8.json,3618,31,173,116.70967741935483,173,2.7745664739884393,40,0.0020833333333333333,0.08333333333333333,0.009167936629937878,0.877300808645902,49.209739427595046
same_ren,480,9,480,30,True,/users/delfos/aina/scentree-gen-remote/scentree-gen-remote/same_ren_scentree/scenariotree_480/results_9.json,3111,31,167,100.35483870967742,167,2.874251497005988,21,0.0020833333333333333,0.04375,0.007735476569583458,0.8950032015501406,62.574687669744705
same_ren,490,1,490,30,True,/users/delfos/aina/scentree-gen-remote/scentree-gen-remote/same_ren_scentree/scenariotree_490/results_1.json,3058,31,178,98.64516129032258,178,2.752808988764045,34,0.0020408163265306124,0.06938775510204082,0.01004359416535253,0.8587003284187485,42.42049469964664
same_ren,490,10,490,30,True,/users/delfos/aina/scentree-gen-remote/scentree-gen-remote/same_ren_scentree/scenariotree_490/results_10.json,3802,31,151,122.64516129032258,151,3.2450331125827816,106,0.0020408163265306124,0.2163265306122449,0.01984764364518196,0.7645998796216462,15.127268145161292
same_ren,490,11,490,30,True,/users/delfos/aina/scentree-gen-remote/scentree-gen-remote/same_ren_scentree/scenariotree_490/results_11.json,3480,31,161,112.25806451612904,161,3.0434782608695654,80,0.0020408163265306124,0.16326530612244897,0.015491291860389358,0.8049934579445553,22.297548291233284
same_ren,490,12,490,30,True,/users/delfos/aina/scentree-gen-remote/scentree-gen-remote/same_ren_scentree/scenariotree_490/results_12.json,3669,31,152,118.35483870967742,152,3.223684210526316,52,0.0020408163265306124,0.10612244897959183,0.01305332855875983,0.8382957399690455,30.78994614003591
same_ren,490,13,490,30,True,/users/delfos/aina/scentree-gen-remote/scentree-gen-remote/same_ren_scentree/scenariotree_490/results_13.json,3704,31,225,119.48387096774194,225,2.1777777777777776,100,0.0020408163265306124,0.20408163265306123,0.014198560769858919,0.8219095753357184,20.078608462953675
same_ren,490,14,490,30,True,/users/delfos/aina/scentree-gen-remote/scentree-gen-remote/same_ren_scentree/scenariotree_490/results_14.json,3759,31,175,121.25806451612904,175,2.8,27,0.0020408163265306124,0.05510204081632653,0.008851457916802764,0.870503170029244,51.47941680960548
same_ren,490,15,490,30,True,/users/delfos/aina/scentree-gen-remote/scentree-gen-remote/same_ren_scentree/scenariotree_490/results_15.json,3053,31,168,98.48387096774194,168,2.9166666666666665,50,0.0020408163265306124,0.10204081632653061,0.011437628011809777,0.8581532324112133,35.80375782881003
same_ren,490,16,490,30,True,/users/delfos/aina/scentree-gen-remote/scentree-gen-remote/same_ren_scentree/scenariotree_490/results_16.json,3341,31,145,107.7741935483871,145,3.3793103448275863,41,0.0020408163265306124,0.0836734693877551,0.01223097722782697,0.8434869377503763,34.97960372960373
same_ren,490,17,490,30,True,/users/delfos/aina/scentree-gen-remote/scentree-gen-remote/same_ren_scentree/scenariotree_490/results_17.json,3938,31,174,127.03225806451613,174,2.8160919540229883,47,0.0020408163265306124,0.09591836734693877,0.010703377871396604,0.8523638816960127,38.9393447940318
same_ren,490,18,490,30,True,/users/delfos/aina/scentree-gen-remote/scentree-gen-remote/same_ren_scentree/scenariotree_490/results_18.json,3349,31,141,108.03225806451613,141,3.475177304964539,78,0.0020408163265306124,0.15918367346938775,0.01578113044070785,0.8126840331833867,23.69252022893232
same_ren,490,19,490,30,True,/users/delfos/aina/scentree-gen-remote/scentree-gen-remote/same_ren_scentree/scenariotree_490/results_19.json,3129,31,135,100.93548387096774,135,3.6296296296296298,70,0.0020408163265306124,0.14285714285714285,0.015719518404615523,0.8219060913515874,24.530036779730285
same_ren,490,2,490,30,True,/users/delfos/aina/scentree-gen-remote/scentree-gen-remote/same_ren_scentree/scenariotree_490/results_2.json,3141,31,153,101.3225806451613,153,3.2026143790849675,72,0.0020408163265306124,0.1469387755102041,0.0169070455245895,0.7965889896865234,19.892294946147473
same_ren,490,20,490,30,True,/users/delfos/aina/scentree-gen-remote/scentree-gen-remote/same_ren_scentree/scenariotree_490/results_20.json,3870,31,164,124.83870967741936,164,2.9878048780487805,31,0.0020408163265306124,0.06326530612244897,0.009870062767348645,0.8634771917365094,45.301886792452834
same_ren,490,21,490,30,True,/users/delfos/aina/scentree-gen-remote/scentree-gen-remote/same_ren_scentree/scenariotree_490/results_21.json,2748,31,138,88.64516129032258,138,3.550724637681159,96,0.0020408163265306124,0.19591836734693877,0.01875446086730816,0.7952318030762503,17.92593698671047
same_ren,490,22,490,30,True,/users/delfos/aina/scentree-gen-remote/scentree-gen-remote/same_ren_scentree/scenariotree_490/results_22.json,3152,31,142,101.6774193548387,142,3.4507042253521125,32,0.0020408163265306124,0.0653061224489796,0.011834597206150758,0.8413141758316678,37.13269409217445
same_ren,490,23,490,30,True,/users/delfos/aina/scentree-gen-remote/scentree-gen-remote/same_ren_scentree/scenariotree_490/results_23.json,3479,31,145,112.2258064516129,145,3.3793103448275863,56,0.0020408163265306124,0.11428571428571428,0.013975867666110147,0.8348383619968206,28.394039735099344
same_ren,490,24,490,30,True,/users/delfos/aina/scentree-gen-remote/scentree-gen-remote/same_ren_scentree/scenariotree_490/results_24.json,4047,31,161,130.5483870967742,161,3.0434782608695654,80,0.0020408163265306124,0.16326530612244897,0.014296299839383363,0.8303429870688879,25.564310051107324
same_ren,490,25,490,30,True,/users/delfos/aina/scentree-gen-remote/scentree-gen-remote/same_ren_scentree/scenariotree_490/results_25.json,3323,31,144,107.19354838709677,144,3.4027777777777777,45,0.0020408163265306124,0.09183673469387756,0.011812860640128755,0.8593745752567901,36.98398028342576
same_ren,490,26,490,30,True,/users/delfos/aina/scentree-gen-remote/scentree-gen-remote/same_ren_scentree/scenariotree_490/results_26.json,3441,31,179,111.0,179,2.7374301675977653,81,0.0020408163265306124,0.1653061224489796,0.014942987770268158,0.8124656345016359,21.950996525873105
same_ren,490,27,490,30,True,/users/delfos/aina/scentree-gen-remote/scentree-gen-remote/same_ren_scentree/scenariotree_490/results_27.json,3098,31,125,99.93548387096774,125,3.92,64,0.0020408163265306124,0.1306122448979592,0.016319590361617904,0.8275630768433896,24.21827718378052
same_ren,490,28,490,30,True,/users/delfos/aina/scentree-gen-remote/scentree-gen-remote/same_ren_scentree/scenariotree_490/results_28.json,2712,31,143,87.48387096774194,143,3.4265734265734267,67,0.0020408163265306124,0.13673469387755102,0.01484165558313641,0.821821553841845,25.97922527591429
same_ren,490,29,490,30,True,/users/delfos/aina/scentree-gen-remote/scentree-gen-remote/same_ren_scentree/scenariotree_490/results_29.json,3659,31,181,118.03225806451613,181,2.707182320441989,57,0.0020408163265306124,0.11632653061224489,0.011200099232030691,0.850872502028683,35.42342874004131
same_ren,490,3,490,30,True,/users/delfos/aina/scentree-gen-remote/scentree-gen-remote/same_ren_scentree/scenariotree_490/results_3.json,3130,31,173,100.96774193548387,173,2.832369942196532,44,0.0020408163265306124,0.08979591836734693,0.010221924624272604,0.8621105723839182,41.91689944134079
same_ren,490,30,490,30,True,/users/delfos/aina/scentree-gen-remote/scentree-gen-remote/same_ren_scentree/scenariotree_490/results_30.json,3219,31,160,103.83870967741936,160,3.0625,93,0.0020408163265306124,0.18979591836734694,0.016713661964140654,0.7993694315648675,19.62884238064095
same_ren,490,4,490,30,True,/users/delfos/aina/scentree-gen-remote/scentree-gen-remote/same_ren_scentree/scenariotree_490/results_4.json,3164,31,133,102.06451612903226,133,3.6842105263157894,53,0.0020408163265306124,0.10816326530612246,0.014738582236969488,0.8168963341947862,27.465110958590717
same_ren,490,5,490,30,True,/users/delfos/aina/scentree-gen-remote/scentree-gen-remote/same_ren_scentree/scenariotree_490/results_5.json,3315,31,138,106.93548387096774,138,3.550724637681159,66,0.0020408163265306124,0.1346938775510204,0.016699511541022373,0.8112455415060837,21.86703096539162
same_ren,490,6,490,30,True,/users/delfos/aina/scentree-gen-remote/scentree-gen-remote/same_ren_scentree/scenariotree_490/results_6.json,4026,31,184,129.8709677419355,184,2.6630434782608696,105,0.0020408163265306124,0.21428571428571427,0.017365919919417303,0.7816851552917096,16.4137270987148
same_ren,490,7,490,30,True,/users/delfos/aina/scentree-gen-remote/scentree-gen-remote/same_ren_scentree/scenariotree_490/results_7.json,3668,31,164,118.3225806451613,164,2.9878048780487805,48,0.0020408163265306124,0.09795918367346938,0.012374845164459464,0.8242718674492702,32.03896450493729
same_ren,490,8,490,30,True,/users/delfos/aina/scentree-gen-remote/scentree-gen-remote/same_ren_scentree/scenariotree_490/results_8.json,2671,31,136,86.16129032258064,136,3.6029411764705883,47,0.0020408163265306124,0.09591836734693877,0.015841534749698495,0.7959981779601824,24.10642570281124
same_ren,490,9,490,30,True,/users/delfos/aina/scentree-gen-remote/scentree-gen-remote/same_ren_scentree/scenariotree_490/results_9.json,3668,31,163,118.3225806451613,163,3.0061349693251533,38,0.0020408163265306124,0.07755102040816327,0.011137929394762358,0.8487172412826256,37.942477876106196
same_ren,50,1,50,30,True,/users/delfos/aina/scentree-gen-remote/scentree-gen-remote/same_ren_scentree/scenariotree_50/results_1.json,624,31,29,20.129032258064516,29,1.7241379310344827,9,0.02,0.18,0.03275680575734598,0.916199833717742,15.243902439024396
same_ren,50,10,50,30,True,/users/delfos/aina/scentree-gen-remote/scentree-gen-remote/same_ren_scentree/scenariotree_50/results_10.json,528,31,33,17.032258064516128,33,1.5151515151515151,5,0.02,0.1,0.019146144241128864,0.9558071328519914,23.58490566037736
same_ren,50,11,50,30,True,/users/delfos/aina/scentree-gen-remote/scentree-gen-remote/same_ren_scentree/scenariotree_50/results_11.json,278,31,20,8.96774193548387,20,2.5,6,0.02,0.12,0.034351128074635334,0.9257620192153262,13.58695652173913
same_ren,50,12,50,30,True,/users/delfos/aina/scentree-gen-remote/scentree-gen-remote/same_ren_scentree/scenariotree_50/results_12.json,480,31,28,15.483870967741936,28,1.7857142857142858,8,0.02,0.16,0.03087168969282044,0.9212464050471845,16.02564102564103
same_ren,50,13,50,30,True,/users/delfos/aina/scentree-gen-remote/scentree-gen-remote/same_ren_scentree/scenariotree_50/results_13.json,814,31,36,26.258064516129032,36,1.3888888888888888,4,0.02,0.08,0.01511274500970605,0.9668540526700892,27.777777777777786
same_ren,50,14,50,30,True,/users/delfos/aina/scentree-gen-remote/scentree-gen-remote/same_ren_scentree/scenariotree_50/results_14.json,654,31,30,21.096774193548388,30,1.6666666666666667,7,0.02,0.14,0.02890597785157173,0.92187422014321,17.12328767123288
same_ren,50,15,50,30,True,/users/delfos/aina/scentree-gen-remote/scentree-gen-remote/same_ren_scentree/scenariotree_50/results_15.json,682,31,32,22.0,32,1.5625,7,0.02,0.14,0.02781074432660874,0.9260871001027166,17.857142857142854
same_ren,50,16,50,30,True,/users/delfos/aina/scentree-gen-remote/scentree-gen-remote/same_ren_scentree/scenariotree_50/results_16.json,306,31,17,9.870967741935484,17,2.9411764705882355,17,0.02,0.34,0.08498320615697975,0.7641738762656288,5.506607929515417
same_ren,50,17,50,30,True,/users/delfos/aina/scentree-gen-remote/scentree-gen-remote/same_ren_scentree/scenariotree_50/results_17.json,604,31,23,19.483870967741936,23,2.1739130434782608,9,0.02,0.18,0.04886616110687693,0.856172520354052,10.162601626016261
same_ren,50,18,50,30,True,/users/delfos/aina/scentree-gen-remote/scentree-gen-remote/same_ren_scentree/scenariotree_50/results_18.json,803,31,30,25.903225806451612,30,1.6666666666666667,5,0.02,0.1,0.02748737083745107,0.9252269055763394,17.857142857142858
same_ren,50,19,50,30,True,/users/delfos/aina/scentree-gen-remote/scentree-gen-remote/same_ren_scentree/scenariotree_50/results_19.json,858,31,34,27.677419354838708,34,1.4705882352941178,5,0.02,0.1,0.02071390219018707,0.9492501904001776,22.72727272727273
same_ren,50,2,50,30,True,/users/delfos/aina/scentree-gen-remote/scentree-gen-remote/same_ren_scentree/scenariotree_50/results_2.json,628,31,34,20.258064516129032,34,1.4705882352941178,7,0.02,0.14,0.024845543625815147,0.9363283997930737,19.841269841269842
same_ren,50,20,50,30,True,/users/delfos/aina/scentree-gen-remote/scentree-gen-remote/same_ren_scentree/scenariotree_50/results_20.json,506,31,20,16.322580645161292,20,2.5,9,0.02,0.18,0.0382099463490856,0.9210439860307392,12.626262626262625
same_ren,50,21,50,30,True,/users/delfos/aina/scentree-gen-remote/scentree-gen-remote/same_ren_scentree/scenariotree_50/results_21.json,540,31,21,17.419354838709676,21,2.380952380952381,9,0.02,0.18,0.04162242549221363,0.9006142428098861,11.904761904761903
same_ren,50,22,50,30,True,/users/delfos/aina/scentree-gen-remote/scentree-gen-remote/same_ren_scentree/scenariotree_50/results_22.json,686,31,33,22.129032258064516,33,1.5151515151515151,8,0.02,0.16,0.028336169036511417,0.9240887547447018,17.6056338028169
same_ren,50,23,50,30,True,/users/delfos/aina/scentree-gen-remote/scentree-gen-remote/same_ren_scentree/scenariotree_50/results_23.json,368,31,20,11.870967741935484,20,2.5,12,0.02,0.24,0.054221766846903836,0.8614382534112013,9.191176470588237
same_ren,50,24,50,30,True,/users/delfos/aina/scentree-gen-remote/scentree-gen-remote/same_ren_scentree/scenariotree_50/results_24.json,758,31,30,24.451612903225808,30,1.6666666666666667,5,0.02,0.1,0.023851391759997752,0.9403464843493674,19.841269841269845
same_ren,50,25,50,30,True,/users/delfos/aina/scentree-gen-remote/scentree-gen-remote/same_ren_scentree/scenariotree_50/results_25.json,498,31,28,16.06451612903226,28,1.7857142857142858,7,0.02,0.14,0.027957693986829898,0.9315398516713024,17.36111111111111
same_ren,50,26,50,30,True,/users/delfos/aina/scentree-gen-remote/scentree-gen-remote/same_ren_scentree/scenariotree_50/results_26.json,426,31,21,13.741935483870968,21,2.380952380952381,7,0.02,0.14,0.0392676726249301,0.9066530667227773,12.5
same_ren,50,27,50,30,True,/users/delfos/aina/scentree-gen-remote/scentree-gen-remote/same_ren_scentree/scenariotree_50/results_27.json,771,31,27,24.870967741935484,27,1.8518518518518519,8,0.02,0.16,0.03557098430679398,0.9014661499784982,14.04494382022472
same_ren,50,28,50,30,True,/users/delfos/aina/scentree-gen-remote/scentree-gen-remote/same_ren_scentree/scenariotree_50/results_28.json,537,31,26,17.322580645161292,26,1.9230769230769231,11,0.02,0.22,0.04365003372034187,0.8808522547623837,11.363636363636365
same_ren,50,29,50,30,True,/users/delfos/aina/scentree-gen-remote/scentree-gen-remote/same_ren_scentree/scenariotree_50/results_29.json,622,31,28,20.06451612903226,28,1.7857142857142858,7,0.02,0.14,0.03478798760538835,0.9043645376720453,14.367816091954024
same_ren,50,3,50,30,True,/users/delfos/aina/scentree-gen-remote/scentree-gen-remote/same_ren_scentree/scenariotree_50/results_3.json,675,31,33,21.774193548387096,33,1.5151515151515151,6,0.02,0.12,0.026109889973985473,0.929421319711364,18.93939393939394
same_ren,50,30,50,30,True,/users/delfos/aina/scentree-gen-remote/scentree-gen-remote/same_ren_scentree/scenariotree_50/results_30.json,577,31,27,18.612903225806452,27,1.8518518518518519,7,0.02,0.14,0.031601080011409696,0.9181149393272794,15.625
same_ren,50,4,50,30,True,/users/delfos/aina/scentree-gen-remote/scentree-gen-remote/same_ren_scentree/scenariotree_50/results_4.json,743,31,26,23.967741935483872,26,1.9230769230769231,9,0.02,0.18,0.04185067848841675,0.8820406980185111,11.904761904761907
same_ren,50,5,50,30,True,/users/delfos/aina/scentree-gen-remote/scentree-gen-remote/same_ren_scentree/scenariotree_50/results_5.json,668,31,28,21.548387096774192,28,1.7857142857142858,10,0.02,0.2,0.039408897783239215,0.8880715362042405,12.626262626262628
same_ren,50,6,50,30,True,/users/delfos/aina/scentree-gen-remote/scentree-gen-remote/same_ren_scentree/scenariotree_50/results_6.json,424,31,18,13.67741935483871,18,2.7777777777777777,10,0.02,0.2,0.05717635702341603,0.8557860922398497,8.74125874125874
same_ren,50,7,50,30,True,/users/delfos/aina/scentree-gen-remote/scentree-gen-remote/same_ren_scentree/scenariotree_50/results_7.json,955,31,37,30.806451612903224,37,1.3513513513513513,8,0.02,0.16,0.02380834113031918,0.9422789869122495,20.833333333333336
same_ren,50,8,50,30,True,/users/delfos/aina/scentree-gen-remote/scentree-gen-remote/same_ren_scentree/scenariotree_50/results_8.json,433,31,20,13.96774193548387,20,2.5,11,0.02,0.22,0.05039841267341661,0.8763133379038518,9.920634920634921
same_ren,50,9,50,30,True,/users/delfos/aina/scentree-gen-remote/scentree-gen-remote/same_ren_scentree/scenariotree_50/results_9.json,514,31,26,16.580645161290324,26,1.9230769230769231,11,0.02,0.22,0.048333163299707715,0.853236859672327,10.080645161290322
same_ren,500,1,500,30,True,/users/delfos/aina/scentree-gen-remote/scentree-gen-remote/same_ren_scentree/scenariotree_500/results_1.json,4310,31,177,139.03225806451613,177,2.824858757062147,42,0.002,0.084,0.010667624202927802,0.8532212214976316,38.77171215880893
same_ren,500,10,500,30,True,/users/delfos/aina/scentree-gen-remote/scentree-gen-remote/same_ren_scentree/scenariotree_500/results_10.json,3203,31,168,103.3225806451613,168,2.9761904761904763,73,0.002,0.146,0.01567064647670071,0.7994404946365052,21.182850364345025
same_ren,500,11,500,30,True,/users/delfos/aina/scentree-gen-remote/scentree-gen-remote/same_ren_scentree/scenariotree_500/results_11.json,4334,31,180,139.80645161290323,180,2.7777777777777777,62,0.002,0.124,0.012129954759566741,0.8339078401593751,31.210986267166035
same_ren,500,12,500,30,True,/users/delfos/aina/scentree-gen-remote/scentree-gen-remote/same_ren_scentree/scenariotree_500/results_12.json,3577,31,160,115.38709677419355,160,3.125,89,0.002,0.178,0.01931547307212536,0.7633858019271939,15.164381899793767
same_ren,500,13,500,30,True,/users/delfos/aina/scentree-gen-remote/scentree-gen-remote/same_ren_scentree/scenariotree_500/results_13.json,3508,31,170,113.16129032258064,170,2.9411764705882355,45,0.002,0.09,0.011342177158683511,0.8421719381255656,36.03343903142115
same_ren,500,14,500,30,True,/users/delfos/aina/scentree-gen-remote/scentree-gen-remote/same_ren_scentree/scenariotree_500/results_14.json,3645,31,167,117.58064516129032,167,2.9940119760479043,63,0.002,0.126,0.013218562535178786,0.8212228360436725,28.434940855323017
same_ren,500,15,500,30,True,/users/delfos/aina/scentree-gen-remote/scentree-gen-remote/same_ren_scentree/scenariotree_500/results_15.json,2255,31,112,72.74193548387096,112,4.464285714285714,42,0.002,0.084,0.01283669008136046,0.863440649524624,36.517674554484366
same_ren,500,16,500,30,True,/users/delfos/aina/scentree-gen-remote/scentree-gen-remote/same_ren_scentree/scenariotree_500/results_16.json,3325,31,159,107.25806451612904,159,3.1446540880503147,46,0.002,0.092,0.012338692994170761,0.8362993394592371,32.791185729275966
same_ren,500,17,500,30,True,/users/delfos/aina/scentree-gen-remote/scentree-gen-remote/same_ren_scentree/scenariotree_500/results_17.json,3459,31,170,111.58064516129032,170,2.9411764705882355,58,0.002,0.116,0.011492618362088293,0.850181434220375,35.290796160361374
same_ren,500,18,500,30,True,/users/delfos/aina/scentree-gen-remote/scentree-gen-remote/same_ren_scentree/scenariotree_500/results_18.json,3843,31,206,123.96774193548387,206,2.4271844660194173,71,0.002,0.142,0.013497506254386032,0.812914512077314,23.593808984522457
same_ren,500,19,500,30,True,/users/delfos/aina/scentree-gen-remote/scentree-gen-remote/same_ren_scentree/scenariotree_500/results_19.json,3823,31,168,123.3225806451613,168,2.9761904761904763,39,0.002,0.078,0.011938238645215355,0.8292174288281895,33.44929087503345
same_ren,500,2,500,30,True,/users/delfos/aina/scentree-gen-remote/scentree-gen-remote/same_ren_scentree/scenariotree_500/results_2.json,3376,31,147,108.90322580645162,147,3.401360544217687,86,0.002,0.172,0.01652482752008222,0.810153336352392,21.301976823449223
same_ren,500,20,500,30,True,/users/delfos/aina/scentree-gen-remote/scentree-gen-remote/same_ren_scentree/scenariotree_500/results_20.json,3598,31,159,116.06451612903226,159,3.1446540880503147,88,0.002,0.176,0.015646787566673225,0.8201130786377159,22.116065109695686
same_ren,500,21,500,30,True,/users/delfos/aina/scentree-gen-remote/scentree-gen-remote/same_ren_scentree/scenariotree_500/results_21.json,3463,31,139,111.70967741935483,139,3.597122302158273,49,0.002,0.098,0.013540707449846447,0.8295561143447513,30.599755201958384
same_ren,500,22,500,30,True,/users/delfos/aina/scentree-gen-remote/scentree-gen-remote/same_ren_scentree/scenariotree_500/results_22.json,3185,31,126,102.74193548387096,126,3.9682539682539684,105,0.002,0.21,0.020219331482105685,0.7911960966604722,16.821423765307507
same_ren,500,23,500,30,True,/users/delfos/aina/scentree-gen-remote/scentree-gen-remote/same_ren_scentree/scenariotree_500/results_23.json,3061,31,124,98.74193548387096,124,4.032258064516129,27,0.002,0.054,0.010688961698183026,0.87725653198493,44.980208708168405
same_ren,500,24,500,30,True,/users/delfos/aina/scentree-gen-remote/scentree-gen-remote/same_ren_scentree/scenariotree_500/results_24.json,3468,31,175,111.87096774193549,175,2.857142857142857,70,0.002,0.14,0.014565264802794018,0.798537944096597,23.34267040149393
same_ren,500,25,500,30,True,/users/delfos/aina/scentree-gen-remote/scentree-gen-remote/same_ren_scentree/scenariotree_500/results_25.json,2899,31,141,93.51612903225806,141,3.5460992907801416,68,0.002,0.136,0.01410894827431775,0.8354449936996824,28.44141069397042
same_ren,500,26,500,30,True,/users/delfos/aina/scentree-gen-remote/scentree-gen-remote/same_ren_scentree/scenariotree_500/results_26.json,2992,31,148,96.51612903225806,148,3.3783783783783785,72,0.002,0.144,0.015598692608773175,0.8018253970467347,23.381967826412268
same_ren,500,27,500,30,True,/users/delfos/aina/scentree-gen-remote/scentree-gen-remote/same_ren_scentree/scenariotree_500/results_27.json,3352,31,136,108.12903225806451,136,3.676470588235294,60,0.002,0.12,0.017027455947832115,0.7898079288468959,21.374829001367985
same_ren,500,28,500,30,True,/users/delfos/aina/scentree-gen-remote/scentree-gen-remote/same_ren_scentree/scenariotree_500/results_28.json,3660,31,170,118.06451612903226,170,2.9411764705882355,85,0.002,0.17,0.014551661934360045,0.8231200342065419,23.877745940783186
same_ren,500,29,500,30,True,/users/delfos/aina/scentree-gen-remote/scentree-gen-remote/same_ren_scentree/scenariotree_500/results_29.json,3136,31,141,101.16129032258064,141,3.5460992907801416,47,0.002,0.094,0.012656902195261822,0.8418608583915311,33.692722371967655
same_ren,500,3,500,30,True,/users/delfos/aina/scentree-gen-remote/scentree-gen-remote/same_ren_scentree/scenariotree_500/results_3.json,3665,31,138,118.2258064516129,138,3.6231884057971016,73,0.002,0.146,0.015535285500053031,0.819687137059687,24.65969619254291
same_ren,500,30,500,30,True,/users/delfos/aina/scentree-gen-remote/scentree-gen-remote/same_ren_scentree/scenariotree_500/results_30.json,3105,31,169,100.16129032258064,169,2.9585798816568047,50,0.002,0.1,0.011399896251133423,0.8431600142095383,35.86800573888092
same_ren,500,4,500,30,True,/users/delfos/aina/scentree-gen-remote/scentree-gen-remote/same_ren_scentree/scenariotree_500/results_4.json,3551,31,155,114.54838709677419,155,3.225806451612903,101,0.002,0.202,0.018780289443778325,0.7781910797263649,16.361256544502616
same_ren,500,5,500,30,True,/users/delfos/aina/scentree-gen-remote/scentree-gen-remote/same_ren_scentree/scenariotree_500/results_5.json,3063,31,144,98.80645161290323,144,3.4722222222222223,43,0.002,0.086,0.011680811531083418,0.852611297712193,37.605294825511436
same_ren,500,6,500,30,True,/users/delfos/aina/scentree-gen-remote/scentree-gen-remote/same_ren_scentree/scenariotree_500/results_6.json,3218,31,173,103.80645161290323,173,2.8901734104046244,69,0.002,0.138,0.012350295023316343,0.8461192323929215,31.086794329768704
same_ren,500,7,500,30,True,/users/delfos/aina/scentree-gen-remote/scentree-gen-remote/same_ren_scentree/scenariotree_500/results_7.json,3556,31,157,114.70967741935483,157,3.1847133757961785,37,0.002,0.074,0.010625822785199699,0.8547723084510422,41.50066401062417
same_ren,500,8,500,30,True,/users/delfos/aina/scentree-gen-remote/scentree-gen-remote/same_ren_scentree/scenariotree_500/results_8.json,2946,31,167,95.03225806451613,167,2.9940119760479043,64,0.002,0.128,0.013632467419785832,0.8163364976224999,27.009507346586
same_ren,500,9,500,30,True,/users/delfos/aina/scentree-gen-remote/scentree-gen-remote/same_ren_scentree/scenariotree_500/results_9.json,3183,31,128,102.6774193548387,128,3.90625,44,0.002,0.088,0.012672404813215209,0.8504148314065031,35.250987027636775
same_ren,510,1,510,30,True,/users/delfos/aina/scentree-gen-remote/scentree-gen-remote/same_ren_scentree/scenariotree_510/results_1.json,2596,31,115,83.74193548387096,115,4.434782608695652,62,0.00196078431372549,0.12156862745098039,0.017956239042585625,0.7994480760196151,21.84612800268772
same_ren,510,10,510,30,True,/users/delfos/aina/scentree-gen-remote/scentree-gen-remote/same_ren_scentree/scenariotree_510/results_10.json,3831,31,162,123.58064516129032,162,3.1481481481481484,28,0.00196078431372549,0.054901960784313725,0.008564120849780131,0.8874254991777405,55.38756388415674
same_ren,510,11,510,30,True,/users/delfos/aina/scentree-gen-remote/scentree-gen-remote/same_ren_scentree/scenariotree_510/results_11.json,3687,31,142,118.93548387096774,142,3.591549295774648,41,0.00196078431372549,0.0803921568627451,0.014116716747972075,0.8066089321084099,28.296344647519582
same_ren,510,12,510,30,True,/users/delfos/aina/scentree-gen-remote/scentree-gen-remote/same_ren_scentree/scenariotree_510/results_12.json,3169,31,151,102.2258064516129,151,3.377483443708609,57,0.00196078431372549,0.11176470588235295,0.013985046015110076,0.8118091447129279,27.658443215652916
same_ren,510,13,510,30,True,/users/delfos/aina/scentree-gen-remote/scentree-gen-remote/same_ren_scentree/scenariotree_510/results_13.json,3879,31,185,125.12903225806451,185,2.7567567567567566,47,0.00196078431372549,0.09215686274509804,0.012397782069391147,0.8159995236190467,29.55010224948876
same_ren,510,14,510,30,True,/users/delfos/aina/scentree-gen-remote/scentree-gen-remote/same_ren_scentree/scenariotree_510/results_14.json,2993,31,137,96.54838709677419,137,3.7226277372262775,52,0.00196078431372549,0.10196078431372549,0.012860406760612775,0.843629079115626,33.38039014373717
same_ren,510,15,510,30,True,/users/delfos/aina/scentree-gen-remote/scentree-gen-remote/same_ren_scentree/scenariotree_510/results_15.json,3145,31,143,101.45161290322581,143,3.5664335664335662,63,0.00196078431372549,0.12352941176470589,0.01276972262928095,0.8506981711215955,32.990867579908674
same_ren,510,16,510,30,True,/users/delfos/aina/scentree-gen-remote/scentree-gen-remote/same_ren_scentree/scenariotree_510/results_16.json,3604,31,174,116.25806451612904,174,2.9310344827586206,42,0.00196078431372549,0.08235294117647059,0.010691377795901742,0.8492589821059969,39.00719856028795
same_ren,510,17,510,30,True,/users/delfos/aina/scentree-gen-remote/scentree-gen-remote/same_ren_scentree/scenariotree_510/results_17.json,3374,31,144,108.83870967741936,144,3.5416666666666665,32,0.00196078431372549,0.06274509803921569,0.010297683270848903,0.8695733973710885,45.015576323987545
same_ren,510,18,510,30,True,/users/delfos/aina/scentree-gen-remote/scentree-gen-remote/same_ren_scentree/scenariotree_510/results_18.json,2871,31,167,92.61290322580645,167,3.053892215568862,67,0.00196078431372549,0.13137254901960785,0.012776458171344797,0.8378151606100962,30.07631822386679
same_ren,510,19,510,30,True,/users/delfos/aina/scentree-gen-remote/scentree-gen-remote/same_ren_scentree/scenariotree_510/results_19.json,3444,31,137,111.09677419354838,137,3.7226277372262775,42,0.00196078431372549,0.08235294117647059,0.012291369646530236,0.8512799829373757,35.718209283163965
same_ren,510,2,510,30,True,/users/delfos/aina/scentree-gen-remote/scentree-gen-remote/same_ren_scentree/scenariotree_510/results_2.json,3008,31,153,97.03225806451613,153,3.3333333333333335,39,0.00196078431372549,0.07647058823529412,0.012580138910708723,0.8261945659311559,32.52063015753939
same_ren,510,20,510,30,True,/users/delfos/aina/scentree-gen-remote/scentree-gen-remote/same_ren_scentree/scenariotree_510/results_20.json,4038,31,178,130.25806451612902,178,2.865168539325843,103,0.00196078431372549,0.2019607843137255,0.01742086812201161,0.773745403630732,16.76766374419804
same_ren,510,21,510,30,True,/users/delfos/aina/scentree-gen-remote/scentree-gen-remote/same_ren_scentree/scenariotree_510/results_21.json,3713,31,172,119.7741935483871,172,2.9651162790697674,45,0.00196078431372549,0.08823529411764706,0.01061803441463189,0.8506917877258087,39.67358145210494
same_ren,510,22,510,30,True,/users/delfos/aina/scentree-gen-remote/scentree-gen-remote/same_ren_scentree/scenariotree_510/results_22.json,3229,31,142,104.16129032258064,142,3.591549295774648,56,0.00196078431372549,0.10980392156862745,0.013800550136181077,0.8244201660790633,29.336792240018053
same_ren,510,23,510,30,True,/users/delfos/aina/scentree-gen-remote/scentree-gen-remote/same_ren_scentree/scenariotree_510/results_23.json,3203,31,145,103.3225806451613,145,3.5172413793103448,30,0.00196078431372549,0.058823529411764705,0.009661174302100308,0.8803571327455686,48.94617990214528
same_ren,510,24,510,30,True,/users/delfos/aina/scentree-gen-remote/scentree-gen-remote/same_ren_scentree/scenariotree_510/results_24.json,3607,31,147,116.35483870967742,147,3.4693877551020407,57,0.00196078431372549,0.11176470588235295,0.013000953533886098,0.8374032769980723,31.596209912536445
same_ren,510,25,510,30,True,/users/delfos/aina/scentree-gen-remote/scentree-gen-remote/same_ren_scentree/scenariotree_510/results_25.json,3320,31,190,107.09677419354838,190,2.6842105263157894,63,0.00196078431372549,0.12352941176470589,0.012774874030496404,0.8213248153961888,27.570489718041127
same_ren,510,26,510,30,True,/users/delfos/aina/scentree-gen-remote/scentree-gen-remote/same_ren_scentree/scenariotree_510/results_26.json,2646,31,134,85.35483870967742,134,3.8059701492537314,35,0.00196078431372549,0.06862745098039216,0.010002316899910293,0.881133199503058,47.918201915991155
same_ren,510,27,510,30,True,/users/delfos/aina/scentree-gen-remote/scentree-gen-remote/same_ren_scentree/scenariotree_510/results_27.json,3588,31,154,115.74193548387096,154,3.311688311688312,40,0.00196078431372549,0.0784313725490196,0.010581630041601193,0.8613160294710984,42.12827988338193
same_ren,510,28,510,30,True,/users/delfos/aina/scentree-gen-remote/scentree-gen-remote/same_ren_scentree/scenariotree_510/results_28.json,4105,31,169,132.41935483870967,169,3.0177514792899407,125,0.00196078431372549,0.24509803921568626,0.019722917198372308,0.7748102893733586,13.955360017169221
same_ren,510,29,510,30,True,/users/delfos/aina/scentree-gen-remote/scentree-gen-remote/same_ren_scentree/scenariotree_510/results_29.json,2349,31,120,75.7741935483871,120,4.25,79,0.00196078431372549,0.15490196078431373,0.020851491510033585,0.7582710291145021,16.526877621044605
same_ren,510,3,510,30,True,/users/delfos/aina/scentree-gen-remote/scentree-gen-remote/same_ren_scentree/scenariotree_510/results_3.json,3915,31,170,126.29032258064517,170,3.0,80,0.00196078431372549,0.1568627450980392,0.01612281829950364,0.7840676336320167,19.970823095823096
same_ren,510,30,510,30,True,/users/delfos/aina/scentree-gen-remote/scentree-gen-remote/same_ren_scentree/scenariotree_510/results_30.json,3305,31,157,106.61290322580645,157,3.248407643312102,80,0.00196078431372549,0.1568627450980392,0.015517791398867328,0.8076467040475689,22.63707571801567
same_ren,510,4,510,30,True,/users/delfos/aina/scentree-gen-remote/scentree-gen-remote/same_ren_scentree/scenariotree_510/results_4.json,3751,31,166,121.0,166,3.072289156626506,33,0.00196078431372549,0.06470588235294118,0.008857106663839893,0.8832100250108863,52.50302785627777
same_ren,510,5,510,30,True,/users/delfos/aina/scentree-gen-remote/scentree-gen-remote/same_ren_scentree/scenariotree_510/results_5.json,3400,31,130,109.6774193548387,130,3.923076923076923,51,0.00196078431372549,0.1,0.013726816106212285,0.8315788306675901,31.06784519827998
same_ren,510,6,510,30,True,/users/delfos/aina/scentree-gen-remote/scentree-gen-remote/same_ren_scentree/scenariotree_510/results_6.json,3241,31,151,104.54838709677419,151,3.377483443708609,36,0.00196078431372549,0.07058823529411765,0.010209109673912193,0.8684522926888463,44.72145804676755
same_ren,510,7,510,30,True,/users/delfos/aina/scentree-gen-remote/scentree-gen-remote/same_ren_scentree/scenariotree_510/results_7.json,2706,31,156,87.29032258064517,156,3.269230769230769,38,0.00196078431372549,0.07450980392156863,0.010534250947138526,0.8588787760081918,42.15559157212318
same_ren,510,8,510,30,True,/users/delfos/aina/scentree-gen-remote/scentree-gen-remote/same_ren_scentree/scenariotree_510/results_8.json,3397,31,162,109.58064516129032,162,3.1481481481481484,83,0.00196078431372549,0.1627450980392157,0.015283534536475383,0.8091656853958692,22.72012578616352
same_ren,510,9,510,30,True,/users/delfos/aina/scentree-gen-remote/scentree-gen-remote/same_ren_scentree/scenariotree_510/results_9.json,2792,31,163,90.06451612903226,163,3.128834355828221,48,0.00196078431372549,0.09411764705882353,0.010662837902078497,0.8542328140435647,40.53927680798006
same_ren,520,1,520,30,True,/users/delfos/aina/scentree-gen-remote/scentree-gen-remote/same_ren_scentree/scenariotree_520/results_1.json,2912,31,168,93.93548387096774,168,3.0952380952380953,42,0.0019230769230769232,0.08076923076923077,0.011780575852736458,0.8340401339451579,34.1672984584281
same_ren,520,10,520,30,True,/users/delfos/aina/scentree-gen-remote/scentree-gen-remote/same_ren_scentree/scenariotree_520/results_10.json,3069,31,139,99.0,139,3.741007194244604,59,0.0019230769230769232,0.11346153846153846,0.015107736295128939,0.8056987008378003,25.693652603572787
same_ren,520,11,520,30,True,/users/delfos/aina/scentree-gen-remote/scentree-gen-remote/same_ren_scentree/scenariotree_520/results_11.json,3433,31,177,110.74193548387096,177,2.937853107344633,50,0.0019230769230769232,0.09615384615384616,0.012272327696175048,0.8248392128904085,30.952380952380945
same_ren,520,12,520,30,True,/users/delfos/aina/scentree-gen-remote/scentree-gen-remote/same_ren_scentree/scenariotree_520/results_12.json,3561,31,153,114.87096774193549,153,3.3986928104575163,78,0.0019230769230769232,0.15,0.0163035330986707,0.7996435418565715,21.184581635850837
same_ren,520,13,520,30,True,/users/delfos/aina/scentree-gen-remote/scentree-gen-remote/same_ren_scentree/scenariotree_520/results_13.json,4569,31,191,147.38709677419354,191,2.722513089005236,37,0.0019230769230769232,0.07115384615384615,0.008921058220956408,0.8675759762371701,48.93231994209192
same_ren,520,14,520,30,True,/users/delfos/aina/scentree-gen-remote/scentree-gen-remote/same_ren_scentree/scenariotree_520/results_14.json,3888,31,183,125.41935483870968,183,2.841530054644809,42,0.0019230769230769232,0.08076923076923077,0.010080595983025468,0.858272974350051,41.5616354134645
same_ren,520,15,520,30,True,/users/delfos/aina/scentree-gen-remote/scentree-gen-remote/same_ren_scentree/scenariotree_520/results_15.json,3844,31,195,124.0,195,2.6666666666666665,39,0.0019230769230769232,0.075,0.009142549065150737,0.8671038896970985,46.66896789782534
same_ren,520,16,520,30,True,/users/delfos/aina/scentree-gen-remote/scentree-gen-remote/same_ren_scentree/scenariotree_520/results_16.json,3939,31,176,127.06451612903226,176,2.9545454545454546,89,0.0019230769230769232,0.17115384615384616,0.013858134782603133,0.8384447560418242,25.327838141626078
same_ren,520,17,520,30,True,/users/delfos/aina/scentree-gen-remote/scentree-gen-remote/same_ren_scentree/scenariotree_520/results_17.json,3960,31,160,127.74193548387096,160,3.25,54,0.0019230769230769232,0.10384615384615385,0.013041170015938576,0.8174750291961335,29.88505747126437
same_ren,520,18,520,30,True,/users/delfos/aina/scentree-gen-remote/scentree-gen-remote/same_ren_scentree/scenariotree_520/results_18.json,2929,31,129,94.48387096774194,129,4.0310077519379846,70,0.0019230769230769232,0.1346153846153846,0.015543931331237474,0.8218788260335066,25.693652603572787
same_ren,520,19,520,30,True,/users/delfos/aina/scentree-gen-remote/scentree-gen-remote/same_ren_scentree/scenariotree_520/results_19.json,2887,31,149,93.12903225806451,149,3.48993288590604,28,0.0019230769230769232,0.05384615384615385,0.009327431873205647,0.8771627149627897,50.82706766917293
same_ren,520,2,520,30,True,/users/delfos/aina/scentree-gen-remote/scentree-gen-remote/same_ren_scentree/scenariotree_520/results_2.json,3294,31,169,106.25806451612904,169,3.076923076923077,60,0.0019230769230769232,0.11538461538461539,0.013428172447231027,0.8146763087635135,27.47967479674796
same_ren,520,20,520,30,True,/users/delfos/aina/scentree-gen-remote/scentree-gen-remote/same_ren_scentree/scenariotree_520/results_20.json,3570,31,157,115.16129032258064,157,3.3121019108280256,77,0.0019230769230769232,0.14807692307692308,0.014908503568383684,0.8175332423365882,24.23373364402223
same_ren,520,21,520,30,True,/users/delfos/aina/scentree-gen-remote/scentree-gen-remote/same_ren_scentree/scenariotree_520/results_21.json,3496,31,177,112.7741935483871,177,2.937853107344633,78,0.0019230769230769232,0.15,0.014807682701603746,0.8140785655346297,22.492097820662117
same_ren,520,22,520,30,True,/users/delfos/aina/scentree-gen-remote/scentree-gen-remote/same_ren_scentree/scenariotree_520/results_22.json,2459,31,134,79.3225806451613,134,3.8805970149253732,65,0.0019230769230769232,0.125,0.01682422854614146,0.7958655758150757,22.030307968062573
same_ren,520,23,520,30,True,/users/delfos/aina/scentree-gen-remote/scentree-gen-remote/same_ren_scentree/scenariotree_520/results_23.json,4141,31,209,133.58064516129033,209,2.488038277511962,81,0.0019230769230769232,0.15576923076923077,0.012366197393149047,0.8285854064622128,27.214170692431566
same_ren,520,24,520,30,True,/users/delfos/aina/scentree-gen-remote/scentree-gen-remote/same_ren_scentree/scenariotree_520/results_24.json,3774,31,152,121.74193548387096,152,3.4210526315789473,51,0.0019230769230769232,0.09807692307692308,0.013203362736664262,0.826820123253577,30.232558139534888
same_ren,520,25,520,30,True,/users/delfos/aina/scentree-gen-remote/scentree-gen-remote/same_ren_scentree/scenariotree_520/results_25.json,3441,31,149,111.0,149,3.48993288590604,49,0.0019230769230769232,0.09423076923076923,0.011939381015505766,0.845972449960175,35.776660492193706
same_ren,520,26,520,30,True,/users/delfos/aina/scentree-gen-remote/scentree-gen-remote/same_ren_scentree/scenariotree_520/results_26.json,2583,31,150,83.3225806451613,150,3.466666666666667,32,0.0019230769230769232,0.06153846153846154,0.00930437180298905,0.8791840046844579,50.88445615355664
same_ren,520,27,520,30,True,/users/delfos/aina/scentree-gen-remote/scentree-gen-remote/same_ren_scentree/scenariotree_520/results_27.json,2774,31,122,89.48387096774194,122,4.262295081967213,54,0.0019230769230769232,0.10384615384615385,0.014250870398954034,0.8281908353240195,30.32750112157918
same_ren,520,28,520,30,True,/users/delfos/aina/scentree-gen-remote/scentree-gen-remote/same_ren_scentree/scenariotree_520/results_28.json,3604,31,168,116.25806451612904,168,3.0952380952380953,106,0.0019230769230769232,0.20384615384615384,0.01659639060167505,0.8097198321973792,19.14742954255771
same_ren,520,29,520,30,True,/users/delfos/aina/scentree-gen-remote/scentree-gen-remote/same_ren_scentree/scenariotree_520/results_29.json,3236,31,135,104.38709677419355,135,3.8518518518518516,72,0.0019230769230769232,0.13846153846153847,0.015989735021006334,0.822067838917469,23.853211009174313
same_ren,520,3,520,30,True,/users/delfos/aina/scentree-gen-remote/scentree-gen-remote/same_ren_scentree/scenariotree_520/results_3.json,3789,31,157,122.2258064516129,157,3.3121019108280256,76,0.0019230769230769232,0.14615384615384616,0.013708371683978067,0.832852626882195,27.87628865979381
same_ren,520,30,520,30,True,/users/delfos/aina/scentree-gen-remote/scentree-gen-remote/same_ren_scentree/scenariotree_520/results_30.json,3385,31,150,109.19354838709677,150,3.466666666666667,55,0.0019230769230769232,0.10576923076923077,0.014388705483690463,0.8080830473891717,26.50980392156863
same_ren,520,4,520,30,True,/users/delfos/aina/scentree-gen-remote/scentree-gen-remote/same_ren_scentree/scenariotree_520/results_4.json,3160,31,143,101.93548387096774,143,3.6363636363636362,47,0.0019230769230769232,0.09038461538461538,0.012826094600511853,0.8340132248614927,32.76781386330587
same_ren,520,5,520,30,True,/users/delfos/aina/scentree-gen-remote/scentree-gen-remote/same_ren_scentree/scenariotree_520/results_5.json,3500,31,153,112.90322580645162,153,3.3986928104575163,32,0.0019230769230769232,0.06153846153846154,0.010552247071875133,0.8563175374346486,42.4223407593348
same_ren,520,6,520,30,True,/users/delfos/aina/scentree-gen-remote/scentree-gen-remote/same_ren_scentree/scenariotree_520/results_6.json,3885,31,148,125.3225806451613,148,3.5135135135135136,51,0.0019230769230769232,0.09807692307692308,0.013931301639292331,0.8124098965858695,28.184281842818432
same_ren,520,7,520,30,True,/users/delfos/aina/scentree-gen-remote/scentree-gen-remote/same_ren_scentree/scenariotree_520/results_7.json,3752,31,169,121.03225806451613,169,3.076923076923077,31,0.0019230769230769232,0.05961538461538462,0.009337120614236392,0.8655697578545611,48.42406876790831
same_ren,520,8,520,30,True,/users/delfos/aina/scentree-gen-remote/scentree-gen-remote/same_ren_scentree/scenariotree_520/results_8.json,3423,31,166,110.41935483870968,166,3.1325301204819276,110,0.0019230769230769232,0.21153846153846154,0.01759561532658515,0.7986972643084954,17.41594744299884
same_ren,520,9,520,30,True,/users/delfos/aina/scentree-gen-remote/scentree-gen-remote/same_ren_scentree/scenariotree_520/results_9.json,3884,31,163,125.29032258064517,163,3.1901840490797544,63,0.0019230769230769232,0.12115384615384615,0.012974140368215334,0.8345518489726065,29.78629654108835
same_ren,530,1,530,30,True,/users/delfos/aina/scentree-gen-remote/scentree-gen-remote/same_ren_scentree/scenariotree_530/results_1.json,3681,31,156,118.74193548387096,156,3.3974358974358974,95,0.0018867924528301887,0.1792452830188679,0.01618952541983914,0.804795586343322,21.142556074062927
same_ren,530,10,530,30,True,/users/delfos/aina/scentree-gen-remote/scentree-gen-remote/same_ren_scentree/scenariotree_530/results_10.json,4376,31,182,141.16129032258064,182,2.912087912087912,101,0.0018867924528301887,0.19056603773584907,0.015278905694723491,0.8062317320135396,20.841371123312058
same_ren,530,11,530,30,True,/users/delfos/aina/scentree-gen-remote/scentree-gen-remote/same_ren_scentree/scenariotree_530/results_11.json,3627,31,162,117.0,162,3.271604938271605,49,0.0018867924528301887,0.09245283018867924,0.013257409274942919,0.8083484098577671,28.86354295108919
same_ren,530,12,530,30,True,/users/delfos/aina/scentree-gen-remote/scentree-gen-remote/same_ren_scentree/scenariotree_530/results_12.json,3429,31,157,110.61290322580645,157,3.375796178343949,62,0.0018867924528301887,0.1169811320754717,0.013608210212753503,0.8114231982552075,28.21414222579349
same_ren,530,13,530,30,True,/users/delfos/aina/scentree-gen-remote/scentree-gen-remote/same_ren_scentree/scenariotree_530/results_13.json,3753,31,147,121.06451612903226,147,3.6054421768707483,40,0.0018867924528301887,0.07547169811320754,0.01240977263224094,0.8295179640231595,33.966142684401454
same_ren,530,14,530,30,True,/users/delfos/aina/scentree-gen-remote/scentree-gen-remote/same_ren_scentree/scenariotree_530/results_14.json,2461,31,137,79.38709677419355,137,3.8686131386861313,87,0.0018867924528301887,0.1641509433962264,0.016246512502976214,0.8160083533660899,23.009501965923988
same_ren,530,15,530,30,True,/users/delfos/aina/scentree-gen-remote/scentree-gen-remote/same_ren_scentree/scenariotree_530/results_15.json,3083,31,154,99.45161290322581,154,3.4415584415584415,91,0.0018867924528301887,0.17169811320754716,0.015908551901320855,0.8060111144517785,21.99342311305982
same_ren,530,16,530,30,True,/users/delfos/aina/scentree-gen-remote/scentree-gen-remote/same_ren_scentree/scenariotree_530/results_16.json,3288,31,203,106.06451612903226,203,2.6108374384236455,44,0.0018867924528301887,0.0830188679245283,0.008788452232026303,0.8700145864540351,48.531444367657215
same_ren,530,17,530,30,True,/users/delfos/aina/scentree-gen-remote/scentree-gen-remote/same_ren_scentree/scenariotree_530/results_17.json,3561,31,155,114.87096774193549,155,3.4193548387096775,45,0.0018867924528301887,0.08490566037735849,0.011198099937880707,0.8536022494638531,38.62761276127613
same_ren,530,18,530,30,True,/users/delfos/aina/scentree-gen-remote/scentree-gen-remote/same_ren_scentree/scenariotree_530/results_18.json,3217,31,181,103.7741935483871,181,2.9281767955801103,74,0.0018867924528301887,0.13962264150943396,0.012629816631700234,0.8283015407272547,29.072655764851994
same_ren,530,19,530,30,True,/users/delfos/aina/scentree-gen-remote/scentree-gen-remote/same_ren_scentree/scenariotree_530/results_19.json,3264,31,160,105.29032258064517,160,3.3125,45,0.0018867924528301887,0.08490566037735849,0.010604687355713245,0.8534868529641081,41.248164464023496
same_ren,530,2,530,30,True,/users/delfos/aina/scentree-gen-remote/scentree-gen-remote/same_ren_scentree/scenariotree_530/results_2.json,3461,31,157,111.64516129032258,157,3.375796178343949,51,0.0018867924528301887,0.09622641509433963,0.013930973119648301,0.8067050424918283,27.145342095090843
same_ren,530,20,530,30,True,/users/delfos/aina/scentree-gen-remote/scentree-gen-remote/same_ren_scentree/scenariotree_530/results_20.json,3729,31,180,120.29032258064517,180,2.9444444444444446,41,0.0018867924528301887,0.07735849056603773,0.009805518003068545,0.8562686385487341,43.74026782933665
same_ren,530,21,530,30,True,/users/delfos/aina/scentree-gen-remote/scentree-gen-remote/same_ren_scentree/scenariotree_530/results_21.json,3479,31,178,112.2258064516129,178,2.9775280898876404,71,0.0018867924528301887,0.1339622641509434,0.01306589144976773,0.828525142358521,27.77338342891042
same_ren,530,22,530,30,True,/users/delfos/aina/scentree-gen-remote/scentree-gen-remote/same_ren_scentree/scenariotree_530/results_22.json,3127,31,140,100.87096774193549,140,3.7857142857142856,68,0.0018867924528301887,0.12830188679245283,0.0130599876313328,0.8489511598316222,32.23548313059444
same_ren,530,23,530,30,True,/users/delfos/aina/scentree-gen-remote/scentree-gen-remote/same_ren_scentree/scenariotree_530/results_23.json,3539,31,157,114.16129032258064,157,3.375796178343949,67,0.0018867924528301887,0.12641509433962264,0.01458616702679387,0.7999000802617818,25.14321518080916
same_ren,530,24,530,30,True,/users/delfos/aina/scentree-gen-remote/scentree-gen-remote/same_ren_scentree/scenariotree_530/results_24.json,3157,31,171,101.83870967741936,171,3.0994152046783627,50,0.0018867924528301887,0.09433962264150944,0.010647248182745045,0.8532045129370879,39.6303611738149
same_ren,530,25,530,30,True,/users/delfos/aina/scentree-gen-remote/scentree-gen-remote/same_ren_scentree/scenariotree_530/results_25.json,3875,31,175,125.0,175,3.0285714285714285,52,0.0018867924528301887,0.09811320754716982,0.010031590383984126,0.863739258652238,42.87240537240537
same_ren,530,26,530,30,True,/users/delfos/aina/scentree-gen-remote/scentree-gen-remote/same_ren_scentree/scenariotree_530/results_26.json,2762,31,148,89.09677419354838,148,3.581081081081081,69,0.0018867924528301887,0.13018867924528302,0.013330839831599429,0.839625573361012,30.24983846650872
same_ren,530,27,530,30,True,/users/delfos/aina/scentree-gen-remote/scentree-gen-remote/same_ren_scentree/scenariotree_530/results_27.json,3194,31,141,103.03225806451613,141,3.7588652482269502,52,0.0018867924528301887,0.09811320754716982,0.014728437949002162,0.8132409641805469,26.540060468631896
same_ren,530,28,530,30,True,/users/delfos/aina/scentree-gen-remote/scentree-gen-remote/same_ren_scentree/scenariotree_530/results_28.json,4231,31,193,136.48387096774192,193,2.7461139896373057,44,0.0018867924528301887,0.0830188679245283,0.009253887578128658,0.8758603231119532,46.064283371597256
same_ren,530,29,530,30,True,/users/delfos/aina/scentree-gen-remote/scentree-gen-remote/same_ren_scentree/scenariotree_530/results_29.json,3157,31,157,101.83870967741936,157,3.375796178343949,59,0.0018867924528301887,0.11132075471698114,0.01251993806898037,0.8362379948467541,32.2799356469777
same_ren,530,3,530,30,True,/users/delfos/aina/scentree-gen-remote/scentree-gen-remote/same_ren_scentree/scenariotree_530/results_3.json,3675,31,172,118.54838709677419,172,3.0813953488372094,49,0.0018867924528301887,0.09245283018867924,0.012549306222386274,0.8180875903483524,30.393854144124646
same_ren,530,30,530,30,True,/users/delfos/aina/scentree-gen-remote/scentree-gen-remote/same_ren_scentree/scenariotree_530/results_30.json,4557,31,187,147.0,187,2.834224598930481,41,0.0018867924528301887,0.07735849056603773,0.009905346591708906,0.8572857671362678,42.20252403846154
same_ren,530,4,530,30,True,/users/delfos/aina/scentree-gen-remote/scentree-gen-remote/same_ren_scentree/scenariotree_530/results_4.json,4091,31,201,131.96774193548387,201,2.63681592039801,104,0.0018867924528301887,0.19622641509433963,0.017778801395113758,0.750555229182133,14.596757430887546
same_ren,530,5,530,30,True,/users/delfos/aina/scentree-gen-remote/scentree-gen-remote/same_ren_scentree/scenariotree_530/results_5.json,3806,31,160,122.7741935483871,160,3.3125,59,0.0018867924528301887,0.11132075471698114,0.014005840178145814,0.8112602115476343,26.570185395384033
same_ren,530,6,530,30,True,/users/delfos/aina/scentree-gen-remote/scentree-gen-remote/same_ren_scentree/scenariotree_530/results_6.json,3844,31,192,124.0,192,2.7604166666666665,67,0.0018867924528301887,0.12641509433962264,0.012868355618997029,0.8130688527167055,27.025206850105825
same_ren,530,7,530,30,True,/users/delfos/aina/scentree-gen-remote/scentree-gen-remote/same_ren_scentree/scenariotree_530/results_7.json,3385,31,167,109.19354838709677,167,3.1736526946107784,51,0.0018867924528301887,0.09622641509433963,0.011369574311809958,0.841750345935354,36.263878130648074
same_ren,530,8,530,30,True,/users/delfos/aina/scentree-gen-remote/scentree-gen-remote/same_ren_scentree/scenariotree_530/results_8.json,4096,31,164,132.1290322580645,164,3.231707317073171,45,0.0018867924528301887,0.08490566037735849,0.010941645687654038,0.8416428918971206,38.862755949086875
same_ren,530,9,530,30,True,/users/delfos/aina/scentree-gen-remote/scentree-gen-remote/same_ren_scentree/scenariotree_530/results_9.json,3292,31,163,106.19354838709677,163,3.2515337423312882,59,0.0018867924528301887,0.11132075471698114,0.013205634703998806,0.8201312899610155,28.934899052327975
same_ren,540,1,540,30,True,/users/delfos/aina/scentree-gen-remote/scentree-gen-remote/same_ren_scentree/scenariotree_540/results_1.json,3896,31,174,125.6774193548387,174,3.103448275862069,110,0.001851851851851852,0.2037037037037037,0.018758627471847453,0.7569626447517953,14.93087557603687
same_ren,540,10,540,30,True,/users/delfos/aina/scentree-gen-remote/scentree-gen-remote/same_ren_scentree/scenariotree_540/results_10.json,3729,31,154,120.29032258064517,154,3.5064935064935066,38,0.001851851851851852,0.07037037037037037,0.010484679632416245,0.8574216503706212,42.69399707174231
same_ren,540,11,540,30,True,/users/delfos/aina/scentree-gen-remote/scentree-gen-remote/same_ren_scentree/scenariotree_540/results_11.json,3671,31,171,118.41935483870968,171,3.1578947368421053,51,0.001851851851851852,0.09444444444444444,0.011798070152662671,0.8360111603768781,33.726578764746705
same_ren,540,12,540,30,True,/users/delfos/aina/scentree-gen-remote/scentree-gen-remote/same_ren_scentree/scenariotree_540/results_12.json,3792,31,151,122.3225806451613,151,3.576158940397351,62,0.001851851851851852,0.11481481481481481,0.014124905118857145,0.8060140543305109,27.211646136618143
same_ren,540,13,540,30,True,/users/delfos/aina/scentree-gen-remote/scentree-gen-remote/same_ren_scentree/scenariotree_540/results_13.json,3473,31,179,112.03225806451613,179,3.016759776536313,111,0.001851851851851852,0.20555555555555555,0.01682679913517774,0.7887775604518819,17.77181862506095
same_ren,540,14,540,30,True,/users/delfos/aina/scentree-gen-remote/scentree-gen-remote/same_ren_scentree/scenariotree_540/results_14.json,3757,31,166,121.19354838709677,166,3.253012048192771,36,0.001851851851851852,0.06666666666666667,0.010869921940499128,0.8356708250712658,39.00481540930979
same_ren,540,15,540,30,True,/users/delfos/aina/scentree-gen-remote/scentree-gen-remote/same_ren_scentree/scenariotree_540/results_15.json,3469,31,152,111.90322580645162,152,3.5526315789473686,42,0.001851851851851852,0.07777777777777778,0.011432939645996665,0.8403899849910269,37.81120331950206
same_ren,540,16,540,30,True,/users/delfos/aina/scentree-gen-remote/scentree-gen-remote/same_ren_scentree/scenariotree_540/results_16.json,4067,31,184,131.19354838709677,184,2.9347826086956523,74,0.001851851851851852,0.13703703703703704,0.012731732094813698,0.8309403590340749,28.360241198210463
same_ren,540,17,540,30,True,/users/delfos/aina/scentree-gen-remote/scentree-gen-remote/same_ren_scentree/scenariotree_540/results_17.json,2936,31,143,94.70967741935483,143,3.7762237762237763,55,0.001851851851851852,0.10185185185185185,0.01379106459493737,0.8291618707400471,29.24774322968907
same_ren,540,18,540,30,True,/users/delfos/aina/scentree-gen-remote/scentree-gen-remote/same_ren_scentree/scenariotree_540/results_18.json,3642,31,167,117.48387096774194,167,3.2335329341317367,46,0.001851851851851852,0.08518518518518518,0.012320428633858719,0.8206913769574565,31.910702560735395
same_ren,540,19,540,30,True,/users/delfos/aina/scentree-gen-remote/scentree-gen-remote/same_ren_scentree/scenariotree_540/results_19.json,3095,31,141,99.83870967741936,141,3.8297872340425534,51,0.001851851851851852,0.09444444444444444,0.013129734100134268,0.8349049138569092,31.84796854521626
same_ren,540,2,540,30,True,/users/delfos/aina/scentree-gen-remote/scentree-gen-remote/same_ren_scentree/scenariotree_540/results_2.json,2552,31,148,82.3225806451613,148,3.6486486486486487,71,0.001851851851851852,0.13148148148148148,0.01431343928669429,0.8141397707639696,26.97003329633741
same_ren,540,20,540,30,True,/users/delfos/aina/scentree-gen-remote/scentree-gen-remote/same_ren_scentree/scenariotree_540/results_20.json,3898,31,192,125.74193548387096,192,2.8125,41,0.001851851851851852,0.07592592592592592,0.009343033444675828,0.8615040014706504,45.51982516390884
same_ren,540,21,540,30,True,/users/delfos/aina/scentree-gen-remote/scentree-gen-remote/same_ren_scentree/scenariotree_540/results_21.json,3466,31,173,111.80645161290323,173,3.121387283236994,65,0.001851851851851852,0.12037037037037036,0.012266395838433291,0.8223389490707018,31.4359637774903
same_ren,540,22,540,30,True,/users/delfos/aina/scentree-gen-remote/scentree-gen-remote/same_ren_scentree/scenariotree_540/results_22.json,2982,31,153,96.19354838709677,153,3.5294117647058822,42,0.001851851851851852,0.07777777777777778,0.010571625880747572,0.8622252018420475,42.30992455020313
same_ren,540,23,540,30,True,/users/delfos/aina/scentree-gen-remote/scentree-gen-remote/same_ren_scentree/scenariotree_540/results_23.json,3727,31,186,120.2258064516129,186,2.903225806451613,51,0.001851851851851852,0.09444444444444444,0.009437021298303452,0.8682556642346942,45.57674273210379
same_ren,540,24,540,30,True,/users/delfos/aina/scentree-gen-remote/scentree-gen-remote/same_ren_scentree/scenariotree_540/results_24.json,4045,31,166,130.48387096774192,166,3.253012048192771,45,0.001851851851851852,0.08333333333333333,0.011271134490231054,0.8403929230264963,36.88337971161143
same_ren,540,25,540,30,True,/users/delfos/aina/scentree-gen-remote/scentree-gen-remote/same_ren_scentree/scenariotree_540/results_25.json,2958,31,134,95.41935483870968,134,4.029850746268656,32,0.001851851851851852,0.05925925925925926,0.010911089556972967,0.8599381047443578,42.70650263620387
same_ren,540,26,540,30,True,/users/delfos/aina/scentree-gen-remote/scentree-gen-remote/same_ren_scentree/scenariotree_540/results_26.json,4468,31,179,144.1290322580645,179,3.016759776536313,51,0.001851851851851852,0.09444444444444444,0.012712207516847082,0.8142688484372878,28.974562798092222
same_ren,540,27,540,30,True,/users/delfos/aina/scentree-gen-remote/scentree-gen-remote/same_ren_scentree/scenariotree_540/results_27.json,4561,31,202,147.1290322580645,202,2.6732673267326734,67,0.001851851851851852,0.12407407407407407,0.011362242391040528,0.837600745228652,32.228116710875334
same_ren,540,28,540,30,True,/users/delfos/aina/scentree-gen-remote/scentree-gen-remote/same_ren_scentree/scenariotree_540/results_28.json,3106,31,163,100.19354838709677,163,3.312883435582822,58,0.001851851851851852,0.10740740740740741,0.012607556022059251,0.8270870945533527,31.20719178082192
same_ren,540,29,540,30,True,/users/delfos/aina/scentree-gen-remote/scentree-gen-remote/same_ren_scentree/scenariotree_540/results_29.json,3843,31,161,123.96774193548387,161,3.3540372670807455,67,0.001851851851851852,0.12407407407407407,0.01377382741337286,0.8170922450406068,27.206568389624934
same_ren,540,3,540,30,True,/users/delfos/aina/scentree-gen-remote/scentree-gen-remote/same_ren_scentree/scenariotree_540/results_3.json,4400,31,175,141.93548387096774,175,3.085714285714286,56,0.001851851851851852,0.1037037037037037,0.012501784537100168,0.8164845579374638,30.242688238954578
same_ren,540,30,540,30,True,/users/delfos/aina/scentree-gen-remote/scentree-gen-remote/same_ren_scentree/scenariotree_540/results_30.json,3243,31,157,104.61290322580645,157,3.4394904458598727,47,0.001851851851851852,0.08703703703703704,0.011515290836250096,0.8491029306234069,36.78102926337034
same_ren,540,4,540,30,True,/users/delfos/aina/scentree-gen-remote/scentree-gen-remote/same_ren_scentree/scenariotree_540/results_4.json,3567,31,161,115.06451612903226,161,3.3540372670807455,67,0.001851851851851852,0.12407407407407407,0.014382065139473394,0.8182005667785623,25.30810623155702
same_ren,540,5,540,30,True,/users/delfos/aina/scentree-gen-remote/scentree-gen-remote/same_ren_scentree/scenariotree_540/results_5.json,2447,31,133,78.93548387096774,133,4.06015037593985,82,0.001851851851851852,0.15185185185185185,0.016288382230775295,0.8042592069240082,23.361640762698286
same_ren,540,6,540,30,True,/users/delfos/aina/scentree-gen-remote/scentree-gen-remote/same_ren_scentree/scenariotree_540/results_6.json,3336,31,163,107.61290322580645,163,3.312883435582822,37,0.001851851851851852,0.06851851851851852,0.009578723115805512,0.8711266395958381,47.41463414634146
same_ren,540,7,540,30,True,/users/delfos/aina/scentree-gen-remote/scentree-gen-remote/same_ren_scentree/scenariotree_540/results_7.json,4018,31,182,129.61290322580646,182,2.967032967032967,73,0.001851851851851852,0.13518518518518519,0.013209044430996325,0.8119659792287268,26.845884735776103
same_ren,540,8,540,30,True,/users/delfos/aina/scentree-gen-remote/scentree-gen-remote/same_ren_scentree/scenariotree_540/results_8.json,3972,31,151,128.1290322580645,151,3.576158940397351,39,0.001851851851851852,0.07222222222222222,0.01263637278041483,0.8205803759452772,32.53738004909619
same_ren,540,9,540,30,True,/users/delfos/aina/scentree-gen-remote/scentree-gen-remote/same_ren_scentree/scenariotree_540/results_9.json,4146,31,189,133.74193548387098,189,2.857142857142857,44,0.001851851851851852,0.08148148148148149,0.011336743969690992,0.817344629754216,33.804776257825175
same_ren,550,1,550,30,True,/users/delfos/aina/scentree-gen-remote/scentree-gen-remote/same_ren_scentree/scenariotree_550/results_1.json,3093,31,164,99.7741935483871,164,3.3536585365853657,64,0.0018181818181818182,0.11636363636363636,0.014081777890318701,0.8025414384219104,25.894538606403014
same_ren,550,10,550,30,True,/users/delfos/aina/scentree-gen-remote/scentree-gen-remote/same_ren_scentree/scenariotree_550/results_10.json,3299,31,158,106.41935483870968,158,3.481012658227848,44,0.0018181818181818182,0.08,0.01220483118854696,0.8282860138837141,33.484613681647104
same_ren,550,11,550,30,True,/users/delfos/aina/scentree-gen-remote/scentree-gen-remote/same_ren_scentree/scenariotree_550/results_11.json,3728,31,163,120.25806451612904,163,3.374233128834356,47,0.0018181818181818182,0.08545454545454545,0.011204561347207724,0.8385148513238929,37.59632115336813
same_ren,550,12,550,30,True,/users/delfos/aina/scentree-gen-remote/scentree-gen-remote/same_ren_scentree/scenariotree_550/results_12.json,3091,31,125,99.70967741935483,125,4.4,62,0.0018181818181818182,0.11272727272727273,0.016700373628719897,0.7944754731011189,23.33024834181706
same_ren,550,13,550,30,True,/users/delfos/aina/scentree-gen-remote/scentree-gen-remote/same_ren_scentree/scenariotree_550/results_13.json,2850,31,167,91.93548387096774,167,3.2934131736526946,109,0.0018181818181818182,0.19818181818181818,0.016959818053440906,0.7948129112965153,18.51058621955697
same_ren,550,14,550,30,True,/users/delfos/aina/scentree-gen-remote/scentree-gen-remote/same_ren_scentree/scenariotree_550/results_14.json,2739,31,159,88.35483870967742,159,3.459119496855346,42,0.0018181818181818182,0.07636363636363637,0.009848886064814622,0.8592398487674757,46.05663824604142
same_ren,550,15,550,30,True,/users/delfos/aina/scentree-gen-remote/scentree-gen-remote/same_ren_scentree/scenariotree_550/results_15.json,4406,31,202,142.1290322580645,202,2.722772277227723,57,0.0018181818181818182,0.10363636363636364,0.01113659802286436,0.8325232635051781,33.32966064345528
same_ren,550,16,550,30,True,/users/delfos/aina/scentree-gen-remote/scentree-gen-remote/same_ren_scentree/scenariotree_550/results_16.json,3489,31,154,112.54838709677419,154,3.5714285714285716,64,0.0018181818181818182,0.11636363636363636,0.01350603940749674,0.8125971205645235,28.914165551519787
same_ren,550,17,550,30,True,/users/delfos/aina/scentree-gen-remote/scentree-gen-remote/same_ren_scentree/scenariotree_550/results_17.json,3307,31,147,106.6774193548387,147,3.741496598639456,46,0.0018181818181818182,0.08363636363636363,0.012492918662763164,0.8329349977041076,33.61858190709047
same_ren,550,18,550,30,True,/users/delfos/aina/scentree-gen-remote/scentree-gen-remote/same_ren_scentree/scenariotree_550/results_18.json,4563,31,194,147.19354838709677,194,2.8350515463917527,70,0.0018181818181818182,0.12727272727272726,0.011757628483036273,0.8277021307459442,31.275847808105866
same_ren,550,19,550,30,True,/users/delfos/aina/scentree-gen-remote/scentree-gen-remote/same_ren_scentree/scenariotree_550/results_19.json,3035,31,155,97.90322580645162,155,3.5483870967741935,56,0.0018181818181818182,0.10181818181818182,0.012932890453789474,0.829304016888338,30.88625689197468
same_ren,550,2,550,30,True,/users/delfos/aina/scentree-gen-remote/scentree-gen-remote/same_ren_scentree/scenariotree_550/results_2.json,3205,31,125,103.38709677419355,125,4.4,71,0.0018181818181818182,0.1290909090909091,0.01667977445989777,0.8089409274402837,23.377125193199383
same_ren,550,20,550,30,True,/users/delfos/aina/scentree-gen-remote/scentree-gen-remote/same_ren_scentree/scenariotree_550/results_20.json,3487,31,176,112.48387096774194,176,3.125,33,0.0018181818181818182,0.06,0.009145753983563836,0.8623169846499882,49.01166558651976
same_ren,550,21,550,30,True,/users/delfos/aina/scentree-gen-remote/scentree-gen-remote/same_ren_scentree/scenariotree_550/results_21.json,3498,31,181,112.83870967741936,181,3.0386740331491713,32,0.0018181818181818182,0.05818181818181818,0.00919054320052295,0.8552771430004094,48.046378653113095
same_ren,550,22,550,30,True,/users/delfos/aina/scentree-gen-remote/scentree-gen-remote/same_ren_scentree/scenariotree_550/results_22.json,3006,31,120,96.96774193548387,120,4.583333333333333,46,0.0018181818181818182,0.08363636363636363,0.012953792287161179,0.8445256357845309,35.12540640966094
same_ren,550,23,550,30,True,/users/delfos/aina/scentree-gen-remote/scentree-gen-remote/same_ren_scentree/scenariotree_550/results_23.json,3318,31,182,107.03225806451613,182,3.021978021978022,28,0.0018181818181818182,0.05090909090909091,0.008667368592605343,0.868550800570046,52.17316315971025
same_ren,550,24,550,30,True,/users/delfos/aina/scentree-gen-remote/scentree-gen-remote/same_ren_scentree/scenariotree_550/results_24.json,3904,31,167,125.93548387096774,167,3.2934131736526946,68,0.0018181818181818182,0.12363636363636364,0.01302218605792224,0.8151369738941255,29.148198111389476
same_ren,550,25,550,30,True,/users/delfos/aina/scentree-gen-remote/scentree-gen-remote/same_ren_scentree/scenariotree_550/results_25.json,4686,31,191,151.16129032258064,191,2.8795811518324608,52,0.0018181818181818182,0.09454545454545454,0.010370848769571686,0.8425736223519439,38.79199794819184
same_ren,550,26,550,30,True,/users/delfos/aina/scentree-gen-remote/scentree-gen-remote/same_ren_scentree/scenariotree_550/results_26.json,3352,31,149,108.12903225806451,149,3.6912751677852347,47,0.0018181818181818182,0.08545454545454545,0.012270002777801004,0.833913561821694,34.31261343012705
same_ren,550,27,550,30,True,/users/delfos/aina/scentree-gen-remote/scentree-gen-remote/same_ren_scentree/scenariotree_550/results_27.json,4165,31,187,134.3548387096774,187,2.9411764705882355,62,0.0018181818181818182,0.11272727272727273,0.012048980737886687,0.818851438553941,30.7731434384537
same_ren,550,28,550,30,True,/users/delfos/aina/scentree-gen-remote/scentree-gen-remote/same_ren_scentree/scenariotree_550/results_28.json,3779,31,156,121.90322580645162,156,3.5256410256410255,45,0.0018181818181818182,0.08181818181818182,0.01060662413011503,0.8601256874867513,41.73565121412803
same_ren,550,29,550,30,True,/users/delfos/aina/scentree-gen-remote/scentree-gen-remote/same_ren_scentree/scenariotree_550/results_29.json,3442,31,167,111.03225806451613,167,3.2934131736526946,55,0.0018181818181818182,0.1,0.010331873849949472,0.8600079888220034,41.99056079955579
same_ren,550,3,550,30,True,/users/delfos/aina/scentree-gen-remote/scentree-gen-remote/same_ren_scentree/scenariotree_550/results_3.json,4202,31,180,135.5483870967742,180,3.0555555555555554,38,0.0018181818181818182,0.06909090909090909,0.010198619295129465,0.8398111134784326,41.1900871459695
same_ren,550,30,550,30,True,/users/delfos/aina/scentree-gen-remote/scentree-gen-remote/same_ren_scentree/scenariotree_550/results_30.json,3543,31,166,114.29032258064517,166,3.3132530120481927,61,0.0018181818181818182,0.11090909090909092,0.012829902934451526,0.8275911537449998,29.98612212529738
same_ren,550,4,550,30,True,/users/delfos/aina/scentree-gen-remote/scentree-gen-remote/same_ren_scentree/scenariotree_550/results_4.json,2999,31,148,96.74193548387096,148,3.7162162162162162,64,0.0018181818181818182,0.11636363636363636,0.01251675765808334,0.8446108287209895,33.39589313314197
same_ren,550,5,550,30,True,/users/delfos/aina/scentree-gen-remote/scentree-gen-remote/same_ren_scentree/scenariotree_550/results_5.json,4363,31,213,140.74193548387098,213,2.5821596244131455,55,0.0018181818181818182,0.1,0.009801357842273059,0.8454400467327469,39.75032851511169
same_ren,550,6,550,30,True,/users/delfos/aina/scentree-gen-remote/scentree-gen-remote/same_ren_scentree/scenariotree_550/results_6.json,4610,31,187,148.70967741935485,187,2.9411764705882355,101,0.0018181818181818182,0.18363636363636363,0.015919735554746284,0.7921854161540751,18.960762191299988
same_ren,550,7,550,30,True,/users/delfos/aina/scentree-gen-remote/scentree-gen-remote/same_ren_scentree/scenariotree_550/results_7.json,3456,31,137,111.48387096774194,137,4.014598540145985,55,0.0018181818181818182,0.1,0.015719053283593947,0.7993312083968328,24.30109254498715
same_ren,550,8,550,30,True,/users/delfos/aina/scentree-gen-remote/scentree-gen-remote/same_ren_scentree/scenariotree_550/results_8.json,4580,31,188,147.74193548387098,188,2.925531914893617,69,0.0018181818181818182,0.12545454545454546,0.01375317949831211,0.8066985562600695,24.462235160925115
same_ren,550,9,550,30,True,/users/delfos/aina/scentree-gen-remote/scentree-gen-remote/same_ren_scentree/scenariotree_550/results_9.json,3874,31,183,124.96774193548387,183,3.0054644808743167,92,0.0018181818181818182,0.16727272727272727,0.015028609027207828,0.7916739455497337,21.36903079966092
same_ren,560,1,560,30,True,/users/delfos/aina/scentree-gen-remote/scentree-gen-remote/same_ren_scentree/scenariotree_560/results_1.json,2958,31,146,95.41935483870968,146,3.835616438356164,32,0.0017857142857142857,0.05714285714285714,0.010313414413463149,0.86077653638449,44.68509546879453
same_ren,560,10,560,30,True,/users/delfos/aina/scentree-gen-remote/scentree-gen-remote/same_ren_scentree/scenariotree_560/results_10.json,3694,31,150,119.16129032258064,150,3.7333333333333334,67,0.0017857142857142857,0.11964285714285715,0.013033947477570734,0.8328170735552691,31.104939496131735
same_ren,560,11,560,30,True,/users/delfos/aina/scentree-gen-remote/scentree-gen-remote/same_ren_scentree/scenariotree_560/results_11.json,3150,31,166,101.61290322580645,166,3.3734939759036147,39,0.0017857142857142857,0.06964285714285715,0.010608741640831962,0.8387064934585649,40.4749612803304
same_ren,560,12,560,30,True,/users/delfos/aina/scentree-gen-remote/scentree-gen-remote/same_ren_scentree/scenariotree_560/results_12.json,3608,31,170,116.38709677419355,170,3.2941176470588234,95,0.0017857142857142857,0.16964285714285715,0.014308866557863715,0.8241214833975502,24.576802507836994
same_ren,560,13,560,30,True,/users/delfos/aina/scentree-gen-remote/scentree-gen-remote/same_ren_scentree/scenariotree_560/results_13.json,3746,31,175,120.83870967741936,175,3.2,62,0.0017857142857142857,0.11071428571428571,0.012961593862326308,0.8145712492017504,28.47802397384672
same_ren,560,14,560,30,True,/users/delfos/aina/scentree-gen-remote/scentree-gen-remote/same_ren_scentree/scenariotree_560/results_14.json,2700,31,166,87.09677419354838,166,3.3734939759036147,39,0.0017857142857142857,0.06964285714285715,0.009589203555185007,0.8649099201318251,46.9742360695027
same_ren,560,15,560,30,True,/users/delfos/aina/scentree-gen-remote/scentree-gen-remote/same_ren_scentree/scenariotree_560/results_15.json,4008,31,184,129.29032258064515,184,3.0434782608695654,67,0.0017857142857142857,0.11964285714285715,0.012633528825947319,0.8243691840591596,28.733736485248308
same_ren,560,16,560,30,True,/users/delfos/aina/scentree-gen-remote/scentree-gen-remote/same_ren_scentree/scenariotree_560/results_16.json,3765,31,176,121.45161290322581,176,3.1818181818181817,81,0.0017857142857142857,0.14464285714285716,0.013717772609901386,0.8110262741945201,25.772518080210393
same_ren,560,17,560,30,True,/users/delfos/aina/scentree-gen-remote/scentree-gen-remote/same_ren_scentree/scenariotree_560/results_17.json,3813,31,192,123.0,192,2.9166666666666665,35,0.0017857142857142857,0.0625,0.008492579210345403,0.8674920728194655,52.47657295850067
same_ren,560,18,560,30,True,/users/delfos/aina/scentree-gen-remote/scentree-gen-remote/same_ren_scentree/scenariotree_560/results_18.json,3349,31,132,108.03225806451613,132,4.242424242424242,46,0.0017857142857142857,0.08214285714285714,0.012922141370478065,0.8373334699535658,33.76399655469423
same_ren,560,19,560,30,True,/users/delfos/aina/scentree-gen-remote/scentree-gen-remote/same_ren_scentree/scenariotree_560/results_19.json,4371,31,183,141.0,183,3.060109289617486,54,0.0017857142857142857,0.09642857142857143,0.010685247859541494,0.8513168603291162,37.93854343092184
same_ren,560,2,560,30,True,/users/delfos/aina/scentree-gen-remote/scentree-gen-remote/same_ren_scentree/scenariotree_560/results_2.json,3614,31,217,116.58064516129032,217,2.5806451612903225,103,0.0017857142857142857,0.18392857142857144,0.013624876729967463,0.8148540415657373,22.275891461855363
same_ren,560,20,560,30,True,/users/delfos/aina/scentree-gen-remote/scentree-gen-remote/same_ren_scentree/scenariotree_560/results_20.json,4641,31,232,149.70967741935485,232,2.413793103448276,113,0.0017857142857142857,0.2017857142857143,0.014282960336301305,0.8084066840905942,19.365196986538216
same_ren,560,21,560,30,True,/users/delfos/aina/scentree-gen-remote/scentree-gen-remote/same_ren_scentree/scenariotree_560/results_21.json,3344,31,144,107.87096774193549,144,3.888888888888889,43,0.0017857142857142857,0.07678571428571429,0.012537343437653408,0.8296087995172553,33.80767572229409
same_ren,560,22,560,30,True,/users/delfos/aina/scentree-gen-remote/scentree-gen-remote/same_ren_scentree/scenariotree_560/results_22.json,4462,31,197,143.93548387096774,197,2.8426395939086295,34,0.0017857142857142857,0.060714285714285714,0.010219511564143096,0.8348802155376193,38.985579313774245
same_ren,560,23,560,30,True,/users/delfos/aina/scentree-gen-remote/scentree-gen-remote/same_ren_scentree/scenariotree_560/results_23.json,2698,31,143,87.03225806451613,143,3.9160839160839163,56,0.0017857142857142857,0.1,0.013012191741402982,0.8308862106881749,32.04577968526467
same_ren,560,24,560,30,True,/users/delfos/aina/scentree-gen-remote/scentree-gen-remote/same_ren_scentree/scenariotree_560/results_24.json,3569,31,155,115.12903225806451,155,3.6129032258064515,66,0.0017857142857142857,0.11785714285714285,0.013711661940555505,0.8116330011724411,28.095323418742165
same_ren,560,25,560,30,True,/users/delfos/aina/scentree-gen-remote/scentree-gen-remote/same_ren_scentree/scenariotree_560/results_25.json,4303,31,186,138.80645161290323,186,3.010752688172043,49,0.0017857142857142857,0.0875,0.011392074691962151,0.8240891892483925,33.88072601555748
same_ren,560,26,560,30,True,/users/delfos/aina/scentree-gen-remote/scentree-gen-remote/same_ren_scentree/scenariotree_560/results_26.json,3815,31,188,123.06451612903226,188,2.978723404255319,55,0.0017857142857142857,0.09821428571428571,0.010756876856685988,0.8418816257102553,36.93757361601885
same_ren,560,27,560,30,True,/users/delfos/aina/scentree-gen-remote/scentree-gen-remote/same_ren_scentree/scenariotree_560/results_27.json,4106,31,197,132.4516129032258,197,2.8426395939086295,58,0.0017857142857142857,0.10357142857142858,0.01211672971028749,0.8082431097671434,29.41286812980679
same_ren,560,28,560,30,True,/users/delfos/aina/scentree-gen-remote/scentree-gen-remote/same_ren_scentree/scenariotree_560/results_28.json,3240,31,172,104.51612903225806,172,3.255813953488372,36,0.0017857142857142857,0.06428571428571428,0.009367080765789565,0.8610378369367694,47.83404514948139
same_ren,560,29,560,30,True,/users/delfos/aina/scentree-gen-remote/scentree-gen-remote/same_ren_scentree/scenariotree_560/results_29.json,3202,31,153,103.29032258064517,153,3.6601307189542482,79,0.0017857142857142857,0.14107142857142857,0.013419345729758699,0.8350843089152159,29.335827876520117
same_ren,560,3,560,30,True,/users/delfos/aina/scentree-gen-remote/scentree-gen-remote/same_ren_scentree/scenariotree_560/results_3.json,2515,31,149,81.12903225806451,149,3.7583892617449663,45,0.0017857142857142857,0.08035714285714286,0.011224758254097888,0.8474440388434341,39.23923923923924
same_ren,560,30,560,30,True,/users/delfos/aina/scentree-gen-remote/scentree-gen-remote/same_ren_scentree/scenariotree_560/results_30.json,2916,31,119,94.06451612903226,119,4.705882352941177,43,0.0017857142857142857,0.07678571428571429,0.012910953780072664,0.8397599241256571,35.41102077687444
same_ren,560,4,560,30,True,/users/delfos/aina/scentree-gen-remote/scentree-gen-remote/same_ren_scentree/scenariotree_560/results_4.json,3350,31,145,108.06451612903226,145,3.8620689655172415,88,0.0017857142857142857,0.15714285714285714,0.015753730009787734,0.803919760588505,23.319452706722196
same_ren,560,5,560,30,True,/users/delfos/aina/scentree-gen-remote/scentree-gen-remote/same_ren_scentree/scenariotree_560/results_5.json,3711,31,162,119.70967741935483,162,3.45679012345679,62,0.0017857142857142857,0.11071428571428571,0.013023037440708778,0.8259013736326889,29.71948445792267
same_ren,560,6,560,30,True,/users/delfos/aina/scentree-gen-remote/scentree-gen-remote/same_ren_scentree/scenariotree_560/results_6.json,2889,31,160,93.19354838709677,160,3.5,125,0.0017857142857142857,0.22321428571428573,0.01858129888805804,0.7882503126107778,16.262186268409042
same_ren,560,7,560,30,True,/users/delfos/aina/scentree-gen-remote/scentree-gen-remote/same_ren_scentree/scenariotree_560/results_7.json,3008,31,174,97.03225806451613,174,3.218390804597701,46,0.0017857142857142857,0.08214285714285714,0.010316668578130506,0.8587634376400147,41.20893561103811
same_ren,560,8,560,30,True,/users/delfos/aina/scentree-gen-remote/scentree-gen-remote/same_ren_scentree/scenariotree_560/results_8.json,3070,31,152,99.03225806451613,152,3.6842105263157894,55,0.0017857142857142857,0.09821428571428571,0.012830324363567402,0.8322843785462726,31.64480322906155
same_ren,560,9,560,30,True,/users/delfos/aina/scentree-gen-remote/scentree-gen-remote/same_ren_scentree/scenariotree_560/results_9.json,3844,31,150,124.0,150,3.7333333333333334,50,0.0017857142857142857,0.08928571428571429,0.011379482869862213,0.8461394915635889,38.32803715472989
same_ren,570,1,570,30,True,/users/delfos/aina/scentree-gen-remote/scentree-gen-remote/same_ren_scentree/scenariotree_570/results_1.json,3487,31,147,112.48387096774194,147,3.877551020408163,44,0.0017543859649122807,0.07719298245614035,0.010689936441397895,0.8547307769648839,42.370892018779344
same_ren,570,10,570,30,True,/users/delfos/aina/scentree-gen-remote/scentree-gen-remote/same_ren_scentree/scenariotree_570/results_10.json,3614,31,162,116.58064516129032,162,3.5185185185185186,55,0.0017543859649122807,0.09649122807017543,0.010485123035476052,0.8618605296886124,41.69661190965093
same_ren,570,11,570,30,True,/users/delfos/aina/scentree-gen-remote/scentree-gen-remote/same_ren_scentree/scenariotree_570/results_11.json,3335,31,133,107.58064516129032,133,4.285714285714286,59,0.0017543859649122807,0.10350877192982456,0.013355065684007596,0.8362944966014261,32.00985221674877
same_ren,570,12,570,30,True,/users/delfos/aina/scentree-gen-remote/scentree-gen-remote/same_ren_scentree/scenariotree_570/results_12.json,3667,31,159,118.29032258064517,159,3.5849056603773586,39,0.0017543859649122807,0.06842105263157895,0.011876518767203697,0.8244835924543158,34.823151125401935
same_ren,570,13,570,30,True,/users/delfos/aina/scentree-gen-remote/scentree-gen-remote/same_ren_scentree/scenariotree_570/results_13.json,2841,31,157,91.64516129032258,157,3.6305732484076434,52,0.0017543859649122807,0.0912280701754386,0.010844244511571966,0.8552642534426222,40.270203272186414
same_ren,570,14,570,30,True,/users/delfos/aina/scentree-gen-remote/scentree-gen-remote/same_ren_scentree/scenariotree_570/results_14.json,3692,31,149,119.09677419354838,149,3.825503355704698,74,0.0017543859649122807,0.12982456140350876,0.014003749812649272,0.8254147198521369,27.831077608360463
same_ren,570,15,570,30,True,/users/delfos/aina/scentree-gen-remote/scentree-gen-remote/same_ren_scentree/scenariotree_570/results_15.json,4001,31,190,129.06451612903226,190,3.0,65,0.0017543859649122807,0.11403508771929824,0.012470502689665102,0.8167521922432024,28.72679045092839
same_ren,570,16,570,30,True,/users/delfos/aina/scentree-gen-remote/scentree-gen-remote/same_ren_scentree/scenariotree_570/results_16.json,3395,31,190,109.51612903225806,190,3.0,47,0.0017543859649122807,0.0824561403508772,0.010726021862442816,0.8375930319771646,36.87017703132092
same_ren,570,17,570,30,True,/users/delfos/aina/scentree-gen-remote/scentree-gen-remote/same_ren_scentree/scenariotree_570/results_17.json,3779,31,188,121.90322580645162,188,3.0319148936170213,61,0.0017543859649122807,0.10701754385964912,0.012937565842146738,0.8137948972903383,27.183734939759038
same_ren,570,18,570,30,True,/users/delfos/aina/scentree-gen-remote/scentree-gen-remote/same_ren_scentree/scenariotree_570/results_18.json,3018,31,141,97.35483870967742,141,4.042553191489362,51,0.0017543859649122807,0.08947368421052632,0.01284943459920654,0.8262017887949908,32.92460478313742
same_ren,570,19,570,30,True,/users/delfos/aina/scentree-gen-remote/scentree-gen-remote/same_ren_scentree/scenariotree_570/results_19.json,3714,31,196,119.80645161290323,196,2.9081632653061225,34,0.0017543859649122807,0.05964912280701754,0.007508709752654043,0.8814398650959242,61.90929878048781
same_ren,570,2,570,30,True,/users/delfos/aina/scentree-gen-remote/scentree-gen-remote/same_ren_scentree/scenariotree_570/results_2.json,3816,31,155,123.09677419354838,155,3.6774193548387095,66,0.0017543859649122807,0.11578947368421053,0.012956482198353964,0.8296628771222642,30.796208530805693
same_ren,570,20,570,30,True,/users/delfos/aina/scentree-gen-remote/scentree-gen-remote/same_ren_scentree/scenariotree_570/results_20.json,3868,31,163,124.7741935483871,163,3.496932515337423,83,0.0017543859649122807,0.1456140350877193,0.014378499987615081,0.8087299613470614,25.10431154381085
same_ren,570,21,570,30,True,/users/delfos/aina/scentree-gen-remote/scentree-gen-remote/same_ren_scentree/scenariotree_570/results_21.json,3408,31,147,109.93548387096774,147,3.877551020408163,70,0.0017543859649122807,0.12280701754385964,0.014511686463140107,0.8128039904191154,26.483534398434955
same_ren,570,22,570,30,True,/users/delfos/aina/scentree-gen-remote/scentree-gen-remote/same_ren_scentree/scenariotree_570/results_22.json,3222,31,173,103.93548387096774,173,3.2947976878612715,49,0.0017543859649122807,0.08596491228070176,0.01119147560995541,0.8381889419581384,36.431935411527256
same_ren,570,23,570,30,True,/users/delfos/aina/scentree-gen-remote/scentree-gen-remote/same_ren_scentree/scenariotree_570/results_23.json,4581,31,215,147.7741935483871,215,2.6511627906976742,83,0.0017543859649122807,0.1456140350877193,0.012100938334992492,0.8316003621174084,27.674616695059626
same_ren,570,24,570,30,True,/users/delfos/aina/scentree-gen-remote/scentree-gen-remote/same_ren_scentree/scenariotree_570/results_24.json,3746,31,186,120.83870967741936,186,3.064516129032258,52,0.0017543859649122807,0.0912280701754386,0.010170709865372865,0.8449531324589158,40.622655663915985
same_ren,570,25,570,30,True,/users/delfos/aina/scentree-gen-remote/scentree-gen-remote/same_ren_scentree/scenariotree_570/results_25.json,3472,31,144,112.0,144,3.9583333333333335,53,0.0017543859649122807,0.09298245614035087,0.012654224543186005,0.8373507169750066,33.329913828477636
same_ren,570,26,570,30,True,/users/delfos/aina/scentree-gen-remote/scentree-gen-remote/same_ren_scentree/scenariotree_570/results_26.json,4796,31,223,154.70967741935485,223,2.5560538116591927,72,0.0017543859649122807,0.12631578947368421,0.010359153998435365,0.837697627434151,35.19280762564992
same_ren,570,27,570,30,True,/users/delfos/aina/scentree-gen-remote/scentree-gen-remote/same_ren_scentree/scenariotree_570/results_27.json,3689,31,160,119.0,160,3.5625,68,0.0017543859649122807,0.11929824561403508,0.012390933071246722,0.8372494727472776,32.45105872952458
same_ren,570,28,570,30,True,/users/delfos/aina/scentree-gen-remote/scentree-gen-remote/same_ren_scentree/scenariotree_570/results_28.json,3700,31,178,119.35483870967742,178,3.202247191011236,55,0.0017543859649122807,0.09649122807017543,0.011260240526407556,0.8389291021359233,35.477178423236516
same_ren,570,29,570,30,True,/users/delfos/aina/scentree-gen-remote/scentree-gen-remote/same_ren_scentree/scenariotree_570/results_29.json,3944,31,174,127.2258064516129,174,3.2758620689655173,48,0.0017543859649122807,0.08421052631578947,0.010916313854889883,0.8441323701507398,37.76150627615063
same_ren,570,3,570,30,True,/users/delfos/aina/scentree-gen-remote/scentree-gen-remote/same_ren_scentree/scenariotree_570/results_3.json,3553,31,160,114.61290322580645,160,3.5625,51,0.0017543859649122807,0.08947368421052632,0.011613596979864206,0.8419655983077444,35.93231585932316
same_ren,570,30,570,30,True,/users/delfos/aina/scentree-gen-remote/scentree-gen-remote/same_ren_scentree/scenariotree_570/results_30.json,4873,31,218,157.19354838709677,218,2.614678899082569,69,0.0017543859649122807,0.12105263157894737,0.012127783205167152,0.8139588478249514,27.284178703392676
same_ren,570,4,570,30,True,/users/delfos/aina/scentree-gen-remote/scentree-gen-remote/same_ren_scentree/scenariotree_570/results_4.json,3005,31,134,96.93548387096774,134,4.253731343283582,58,0.0017543859649122807,0.10175438596491228,0.01368321440295877,0.8280919720061375,30.72049924357035
same_ren,570,5,570,30,True,/users/delfos/aina/scentree-gen-remote/scentree-gen-remote/same_ren_scentree/scenariotree_570/results_5.json,3455,31,172,111.45161290322581,172,3.313953488372093,67,0.0017543859649122807,0.11754385964912281,0.012469440919252936,0.8247325056630527,30.71469086783891
same_ren,570,6,570,30,True,/users/delfos/aina/scentree-gen-remote/scentree-gen-remote/same_ren_scentree/scenariotree_570/results_6.json,3239,31,156,104.48387096774194,156,3.6538461538461537,82,0.0017543859649122807,0.14385964912280702,0.013588912673425189,0.8307508067638173,28.395385422129007
same_ren,570,7,570,30,True,/users/delfos/aina/scentree-gen-remote/scentree-gen-remote/same_ren_scentree/scenariotree_570/results_7.json,3864,31,174,124.64516129032258,174,3.2758620689655173,101,0.0017543859649122807,0.17719298245614035,0.015848045459972118,0.7855699382599768,20.222830822855723
same_ren,570,8,570,30,True,/users/delfos/aina/scentree-gen-remote/scentree-gen-remote/same_ren_scentree/scenariotree_570/results_8.json,3745,31,203,120.80645161290323,203,2.8078817733990147,43,0.0017543859649122807,0.07543859649122807,0.009014456812081968,0.8554862435152797,46.681034482758626
same_ren,570,9,570,30,True,/users/delfos/aina/scentree-gen-remote/scentree-gen-remote/same_ren_scentree/scenariotree_570/results_9.json,3686,31,169,118.90322580645162,169,3.3727810650887573,44,0.0017543859649122807,0.07719298245614035,0.0102275276905489,0.8527413570101036,42.381946256196194
same_ren,580,1,580,30,True,/users/delfos/aina/scentree-gen-remote/scentree-gen-remote/same_ren_scentree/scenariotree_580/results_1.json,4029,31,169,129.96774193548387,169,3.4319526627218937,54,0.0017241379310344827,0.09310344827586207,0.011068882769197735,0.8429769657299722,37.561411344350155
same_ren,580,10,580,30,True,/users/delfos/aina/scentree-gen-remote/scentree-gen-remote/same_ren_scentree/scenariotree_580/results_10.json,3985,31,172,128.5483870967742,172,3.372093023255814,35,0.0017241379310344827,0.0603448275862069,0.009908069934190257,0.853860582673816,44.05447878470403
same_ren,580,11,580,30,True,/users/delfos/aina/scentree-gen-remote/scentree-gen-remote/same_ren_scentree/scenariotree_580/results_11.json,3775,31,157,121.7741935483871,157,3.694267515923567,56,0.0017241379310344827,0.09655172413793103,0.012443077479538038,0.8279057120560713,32.5968992248062
same_ren,580,12,580,30,True,/users/delfos/aina/scentree-gen-remote/scentree-gen-remote/same_ren_scentree/scenariotree_580/results_12.json,3522,31,180,113.61290322580645,180,3.2222222222222223,65,0.0017241379310344827,0.11206896551724138,0.010798719903345803,0.8466456501714983,37.670772676371776
same_ren,580,13,580,30,True,/users/delfos/aina/scentree-gen-remote/scentree-gen-remote/same_ren_scentree/scenariotree_580/results_13.json,3317,31,165,107.0,165,3.515151515151515,44,0.0017241379310344827,0.07586206896551724,0.009438924165176844,0.8663047730451654,48.1672394043528
same_ren,580,14,580,30,True,/users/delfos/aina/scentree-gen-remote/scentree-gen-remote/same_ren_scentree/scenariotree_580/results_14.json,4245,31,200,136.93548387096774,200,2.9,105,0.0017241379310344827,0.1810344827586207,0.014413834350708182,0.8056781752185694,21.48148148148148
same_ren,580,15,580,30,True,/users/delfos/aina/scentree-gen-remote/scentree-gen-remote/same_ren_scentree/scenariotree_580/results_15.json,4259,31,184,137.38709677419354,184,3.152173913043478,39,0.0017241379310344827,0.06724137931034482,0.009644708074952319,0.8487083872694501,44.344845768520955
same_ren,580,16,580,30,True,/users/delfos/aina/scentree-gen-remote/scentree-gen-remote/same_ren_scentree/scenariotree_580/results_16.json,3783,31,155,122.03225806451613,155,3.7419354838709675,51,0.0017241379310344827,0.08793103448275862,0.013251083748163422,0.8135553339019181,29.70157160515628
same_ren,580,17,580,30,True,/users/delfos/aina/scentree-gen-remote/scentree-gen-remote/same_ren_scentree/scenariotree_580/results_17.json,3033,31,153,97.83870967741936,153,3.7908496732026142,60,0.0017241379310344827,0.10344827586206896,0.012451133325226252,0.827202799127274,33.05168009432108
same_ren,580,18,580,30,True,/users/delfos/aina/scentree-gen-remote/scentree-gen-remote/same_ren_scentree/scenariotree_580/results_18.json,4099,31,223,132.2258064516129,223,2.600896860986547,105,0.0017241379310344827,0.1810344827586207,0.013266726557746187,0.8212810934924916,22.86568787384448
same_ren,580,19,580,30,True,/users/delfos/aina/scentree-gen-remote/scentree-gen-remote/same_ren_scentree/scenariotree_580/results_19.json,3670,31,143,118.38709677419355,143,4.055944055944056,38,0.0017241379310344827,0.06551724137931035,0.01209696745311622,0.8326752319742261,35.81771720613287
same_ren,580,2,580,30,True,/users/delfos/aina/scentree-gen-remote/scentree-gen-remote/same_ren_scentree/scenariotree_580/results_2.json,3913,31,151,126.2258064516129,151,3.8410596026490067,74,0.0017241379310344827,0.12758620689655173,0.016711535234103774,0.7677339779971474,20.49469964664311
same_ren,580,20,580,30,True,/users/delfos/aina/scentree-gen-remote/scentree-gen-remote/same_ren_scentree/scenariotree_580/results_20.json,3167,31,134,102.16129032258064,134,4.3283582089552235,51,0.0017241379310344827,0.08793103448275862,0.013572241175867734,0.8215105238581089,31.10782319215831
same_ren,580,21,580,30,True,/users/delfos/aina/scentree-gen-remote/scentree-gen-remote/same_ren_scentree/scenariotree_580/results_21.json,3114,31,140,100.45161290322581,140,4.142857142857143,59,0.0017241379310344827,0.10172413793103448,0.013154185264325982,0.8289172336769897,31.880212282031838
same_ren,580,22,580,30,True,/users/delfos/aina/scentree-gen-remote/scentree-gen-remote/same_ren_scentree/scenariotree_580/results_22.json,3767,31,168,121.51612903225806,168,3.4523809523809526,86,0.0017241379310344827,0.1482758620689655,0.013680794724512954,0.8230181309286698,26.740858505564386
same_ren,580,23,580,30,True,/users/delfos/aina/scentree-gen-remote/scentree-gen-remote/same_ren_scentree/scenariotree_580/results_23.json,2554,31,157,82.38709677419355,157,3.694267515923567,51,0.0017241379310344827,0.08793103448275862,0.010634822526426823,0.8599049500809083,41.448989650073926
same_ren,580,24,580,30,True,/users/delfos/aina/scentree-gen-remote/scentree-gen-remote/same_ren_scentree/scenariotree_580/results_24.json,3399,31,145,109.64516129032258,145,4.0,42,0.0017241379310344827,0.07241379310344828,0.01083651184327482,0.8533202055392617,41.79920477137177
same_ren,580,25,580,30,True,/users/delfos/aina/scentree-gen-remote/scentree-gen-remote/same_ren_scentree/scenariotree_580/results_25.json,3966,31,202,127.93548387096774,202,2.871287128712871,80,0.0017241379310344827,0.13793103448275862,0.011720480637604554,0.8319369179645061,30.581818181818182
same_ren,580,26,580,30,True,/users/delfos/aina/scentree-gen-remote/scentree-gen-remote/same_ren_scentree/scenariotree_580/results_26.json,4436,31,198,143.09677419354838,198,2.9292929292929295,125,0.0017241379310344827,0.21551724137931033,0.016506913765795203,0.7841801311635718,16.948810963321243
same_ren,580,27,580,30,True,/users/delfos/aina/scentree-gen-remote/scentree-gen-remote/same_ren_scentree/scenariotree_580/results_27.json,3580,31,180,115.48387096774194,180,3.2222222222222223,79,0.0017241379310344827,0.13620689655172413,0.01261039972082136,0.8289584035336149,29.25726213254479
same_ren,580,28,580,30,True,/users/delfos/aina/scentree-gen-remote/scentree-gen-remote/same_ren_scentree/scenariotree_580/results_28.json,3300,31,159,106.45161290322581,159,3.647798742138365,58,0.0017241379310344827,0.1,0.012927077200852777,0.8154305655506471,30.4324226524335
same_ren,580,29,580,30,True,/users/delfos/aina/scentree-gen-remote/scentree-gen-remote/same_ren_scentree/scenariotree_580/results_29.json,3116,31,140,100.51612903225806,140,4.142857142857143,57,0.0017241379310344827,0.09827586206896552,0.013710608334329182,0.8123496384040454,29.886282871357494
same_ren,580,3,580,30,True,/users/delfos/aina/scentree-gen-remote/scentree-gen-remote/same_ren_scentree/scenariotree_580/results_3.json,3951,31,151,127.45161290322581,151,3.8410596026490067,38,0.0017241379310344827,0.06551724137931035,0.010890120831395638,0.8473620896975151,40.76587493940862
same_ren,580,30,580,30,True,/users/delfos/aina/scentree-gen-remote/scentree-gen-remote/same_ren_scentree/scenariotree_580/results_30.json,3542,31,152,114.25806451612904,152,3.8157894736842106,66,0.0017241379310344827,0.11379310344827587,0.013891185207377275,0.8076968031480575,27.84768211920529
same_ren,580,4,580,30,True,/users/delfos/aina/scentree-gen-remote/scentree-gen-remote/same_ren_scentree/scenariotree_580/results_4.json,3695,31,161,119.19354838709677,161,3.6024844720496896,80,0.0017241379310344827,0.13793103448275862,0.015774244824049145,0.7871448820097384,21.611203905948862
same_ren,580,5,580,30,True,/users/delfos/aina/scentree-gen-remote/scentree-gen-remote/same_ren_scentree/scenariotree_580/results_5.json,3988,31,156,128.6451612903226,156,3.717948717948718,50,0.0017241379310344827,0.08620689655172414,0.012284600836752186,0.8325596808916592,33.3862643906312
same_ren,580,6,580,30,True,/users/delfos/aina/scentree-gen-remote/scentree-gen-remote/same_ren_scentree/scenariotree_580/results_6.json,4060,31,166,130.96774193548387,166,3.4939759036144578,58,0.0017241379310344827,0.1,0.011983714260345054,0.8315656950534124,33.48596456301015
same_ren,580,7,580,30,True,/users/delfos/aina/scentree-gen-remote/scentree-gen-remote/same_ren_scentree/scenariotree_580/results_7.json,2554,31,116,82.38709677419355,116,5.0,50,0.0017241379310344827,0.08620689655172414,0.013658679091890304,0.8395005888175434,33.045186640471506
same_ren,580,8,580,30,True,/users/delfos/aina/scentree-gen-remote/scentree-gen-remote/same_ren_scentree/scenariotree_580/results_8.json,3987,31,175,128.61290322580646,175,3.3142857142857145,57,0.0017241379310344827,0.09827586206896552,0.011962027490221638,0.8259891134873759,32.51498163541465
same_ren,580,9,580,30,True,/users/delfos/aina/scentree-gen-remote/scentree-gen-remote/same_ren_scentree/scenariotree_580/results_9.json,3534,31,154,114.0,154,3.7662337662337664,58,0.0017241379310344827,0.1,0.012553131838086033,0.8325980939046262,32.50869733281793
same_ren,590,1,590,30,True,/users/delfos/aina/scentree-gen-remote/scentree-gen-remote/same_ren_scentree/scenariotree_590/results_1.json,3957,31,193,127.64516129032258,193,3.05699481865285,81,0.001694915254237288,0.13728813559322034,0.012494629912239137,0.818054985864026,28.319232020826554
same_ren,590,10,590,30,True,/users/delfos/aina/scentree-gen-remote/scentree-gen-remote/same_ren_scentree/scenariotree_590/results_10.json,4377,31,197,141.19354838709677,197,2.99492385786802,50,0.001694915254237288,0.0847457627118644,0.011503713860239784,0.8171472903546988,32.106622394392176
same_ren,590,11,590,30,True,/users/delfos/aina/scentree-gen-remote/scentree-gen-remote/same_ren_scentree/scenariotree_590/results_11.json,3797,31,146,122.48387096774194,146,4.041095890410959,43,0.001694915254237288,0.07288135593220339,0.011624623814247007,0.8429594010416861,37.62429744920017
same_ren,590,12,590,30,True,/users/delfos/aina/scentree-gen-remote/scentree-gen-remote/same_ren_scentree/scenariotree_590/results_12.json,3877,31,172,125.06451612903226,172,3.4302325581395348,75,0.001694915254237288,0.1271186440677966,0.011991939981146867,0.8413489351305957,32.734624788414514
same_ren,590,13,590,30,True,/users/delfos/aina/scentree-gen-remote/scentree-gen-remote/same_ren_scentree/scenariotree_590/results_13.json,3645,31,213,117.58064516129032,213,2.7699530516431925,149,0.001694915254237288,0.25254237288135595,0.018244348878518214,0.7617440222345182,13.228699551569516
same_ren,590,14,590,30,True,/users/delfos/aina/scentree-gen-remote/scentree-gen-remote/same_ren_scentree/scenariotree_590/results_14.json,4184,31,204,134.96774193548387,204,2.892156862745098,76,0.001694915254237288,0.1288135593220339,0.013221546550215168,0.8038624898103939,24.652974504249293
same_ren,590,15,590,30,True,/users/delfos/aina/scentree-gen-remote/scentree-gen-remote/same_ren_scentree/scenariotree_590/results_15.json,4303,31,177,138.80645161290323,177,3.3333333333333335,48,0.001694915254237288,0.08135593220338982,0.009755143167890107,0.8560623003166844,44.457215836526174
same_ren,590,16,590,30,True,/users/delfos/aina/scentree-gen-remote/scentree-gen-remote/same_ren_scentree/scenariotree_590/results_16.json,4558,31,189,147.03225806451613,189,3.121693121693122,136,0.001694915254237288,0.2305084745762712,0.01847914643112952,0.7555545574430809,14.32038834951456
same_ren,590,17,590,30,True,/users/delfos/aina/scentree-gen-remote/scentree-gen-remote/same_ren_scentree/scenariotree_590/results_17.json,3704,31,152,119.48387096774194,152,3.8815789473684212,133,0.001694915254237288,0.22542372881355932,0.02144880740845187,0.7344162013010932,13.07074196455392
same_ren,590,18,590,30,True,/users/delfos/aina/scentree-gen-remote/scentree-gen-remote/same_ren_scentree/scenariotree_590/results_18.json,4178,31,189,134.7741935483871,189,3.121693121693122,82,0.001694915254237288,0.13898305084745763,0.01355046402562744,0.7997601099094882,25.003591438011775
same_ren,590,19,590,30,True,/users/delfos/aina/scentree-gen-remote/scentree-gen-remote/same_ren_scentree/scenariotree_590/results_19.json,3344,31,174,107.87096774193549,174,3.3908045977011496,38,0.001694915254237288,0.06440677966101695,0.009967327255199783,0.845409890685604,43.41481666250935
same_ren,590,2,590,30,True,/users/delfos/aina/scentree-gen-remote/scentree-gen-remote/same_ren_scentree/scenariotree_590/results_2.json,3650,31,149,117.74193548387096,149,3.959731543624161,89,0.001694915254237288,0.15084745762711865,0.016042018858528087,0.7902734588335463,22.19459321601632
same_ren,590,20,590,30,True,/users/delfos/aina/scentree-gen-remote/scentree-gen-remote/same_ren_scentree/scenariotree_590/results_20.json,3287,31,138,106.03225806451613,138,4.27536231884058,75,0.001694915254237288,0.1271186440677966,0.016137232262085723,0.7969874716605968,23.15726450239489
same_ren,590,21,590,30,True,/users/delfos/aina/scentree-gen-remote/scentree-gen-remote/same_ren_scentree/scenariotree_590/results_21.json,3426,31,145,110.51612903225806,145,4.068965517241379,54,0.001694915254237288,0.09152542372881356,0.013514911450889195,0.8171114258291375,29.956970740103262
same_ren,590,22,590,30,True,/users/delfos/aina/scentree-gen-remote/scentree-gen-remote/same_ren_scentree/scenariotree_590/results_22.json,3963,31,182,127.83870967741936,182,3.241758241758242,72,0.001694915254237288,0.12203389830508475,0.014503886812093457,0.7846994546863635,22.84120734908136
same_ren,590,23,590,30,True,/users/delfos/aina/scentree-gen-remote/scentree-gen-remote/same_ren_scentree/scenariotree_590/results_23.json,4150,31,169,133.8709677419355,169,3.4911242603550297,43,0.001694915254237288,0.07288135593220339,0.010660940245028876,0.8395647817910747,39.80105190944431
same_ren,590,24,590,30,True,/users/delfos/aina/scentree-gen-remote/scentree-gen-remote/same_ren_scentree/scenariotree_590/results_24.json,3755,31,203,121.12903225806451,203,2.9064039408866993,42,0.001694915254237288,0.0711864406779661,0.009342105101094355,0.8501205675045017,44.1639177873636
same_ren,590,25,590,30,True,/users/delfos/aina/scentree-gen-remote/scentree-gen-remote/same_ren_scentree/scenariotree_590/results_25.json,4386,31,198,141.48387096774192,198,2.9797979797979797,92,0.001694915254237288,0.15593220338983052,0.013193753307029177,0.8122334843717938,25.305321314335554
same_ren,590,26,590,30,True,/users/delfos/aina/scentree-gen-remote/scentree-gen-remote/same_ren_scentree/scenariotree_590/results_26.json,3979,31,178,128.3548387096774,178,3.3146067415730336,38,0.001694915254237288,0.06440677966101695,0.009797999510118905,0.8458581141069851,44.040991902834
same_ren,590,27,590,30,True,/users/delfos/aina/scentree-gen-remote/scentree-gen-remote/same_ren_scentree/scenariotree_590/results_27.json,3636,31,160,117.29032258064517,160,3.6875,60,0.001694915254237288,0.1016949152542373,0.011539416200866608,0.8459238563271114,36.290658882402
same_ren,590,28,590,30,True,/users/delfos/aina/scentree-gen-remote/scentree-gen-remote/same_ren_scentree/scenariotree_590/results_28.json,3780,31,195,121.93548387096774,195,3.0256410256410255,30,0.001694915254237288,0.05084745762711865,0.008266789281229205,0.8628254413696327,54.187422166874214
same_ren,590,29,590,30,True,/users/delfos/aina/scentree-gen-remote/scentree-gen-remote/same_ren_scentree/scenariotree_590/results_29.json,3725,31,158,120.16129032258064,158,3.7341772151898733,38,0.001694915254237288,0.06440677966101695,0.010303447503577774,0.8528142954295501,43.28525242476995
same_ren,590,3,590,30,True,/users/delfos/aina/scentree-gen-remote/scentree-gen-remote/same_ren_scentree/scenariotree_590/results_3.json,3484,31,161,112.38709677419355,161,3.6645962732919255,44,0.001694915254237288,0.07457627118644068,0.010376088798987255,0.849045187180023,42.47193753050268
same_ren,590,30,590,30,True,/users/delfos/aina/scentree-gen-remote/scentree-gen-remote/same_ren_scentree/scenariotree_590/results_30.json,3745,31,158,120.80645161290323,158,3.7341772151898733,43,0.001694915254237288,0.07288135593220339,0.011147653888579115,0.8398967366058633,38.515158220845315
same_ren,590,4,590,30,True,/users/delfos/aina/scentree-gen-remote/scentree-gen-remote/same_ren_scentree/scenariotree_590/results_4.json,4341,31,209,140.03225806451613,209,2.8229665071770333,50,0.001694915254237288,0.0847457627118644,0.010783793694661857,0.8204725211451894,34.376851668970964
same_ren,590,5,590,30,True,/users/delfos/aina/scentree-gen-remote/scentree-gen-remote/same_ren_scentree/scenariotree_590/results_5.json,3952,31,174,127.48387096774194,174,3.3908045977011496,55,0.001694915254237288,0.09322033898305085,0.010668193901913581,0.8340622600240936,39.13874522149763
same_ren,590,6,590,30,True,/users/delfos/aina/scentree-gen-remote/scentree-gen-remote/same_ren_scentree/scenariotree_590/results_6.json,3912,31,178,126.19354838709677,178,3.3146067415730336,46,0.001694915254237288,0.07796610169491526,0.010802359074193156,0.8406048154605201,37.894622251251896
same_ren,590,7,590,30,True,/users/delfos/aina/scentree-gen-remote/scentree-gen-remote/same_ren_scentree/scenariotree_590/results_7.json,3690,31,141,119.03225806451613,141,4.184397163120567,63,0.001694915254237288,0.10677966101694915,0.016990696575690238,0.7726245693529653,20.92198581560283
same_ren,590,8,590,30,True,/users/delfos/aina/scentree-gen-remote/scentree-gen-remote/same_ren_scentree/scenariotree_590/results_8.json,3359,31,174,108.35483870967742,174,3.3908045977011496,24,0.001694915254237288,0.04067796610169491,0.00776221383718548,0.8832431252083415,61.61061946902654
same_ren,590,9,590,30,True,/users/delfos/aina/scentree-gen-remote/scentree-gen-remote/same_ren_scentree/scenariotree_590/results_9.json,4316,31,204,139.2258064516129,204,2.892156862745098,41,0.001694915254237288,0.06949152542372881,0.009527204881273486,0.8381018528827646,42.70117762512267
same_ren,60,1,60,30,True,/users/delfos/aina/scentree-gen-remote/scentree-gen-remote/same_ren_scentree/scenariotree_60/results_1.json,621,31,29,20.032258064516128,29,2.0689655172413794,15,0.016666666666666666,0.25,0.045890723626843974,0.8599210851690835,10.465116279069766
same_ren,60,10,60,30,True,/users/delfos/aina/scentree-gen-remote/scentree-gen-remote/same_ren_scentree/scenariotree_60/results_10.json,819,31,35,26.419354838709676,35,1.7142857142857142,9,0.016666666666666666,0.15,0.02747912008810192,0.916014776792984,18.181818181818183
same_ren,60,11,60,30,True,/users/delfos/aina/scentree-gen-remote/scentree-gen-remote/same_ren_scentree/scenariotree_60/results_11.json,653,31,32,21.06451612903226,32,1.875,6,0.016666666666666666,0.1,0.021949278651776538,0.9409149008303116,21.428571428571427
same_ren,60,12,60,30,True,/users/delfos/aina/scentree-gen-remote/scentree-gen-remote/same_ren_scentree/scenariotree_60/results_12.json,551,31,35,17.774193548387096,35,1.7142857142857142,14,0.016666666666666666,0.23333333333333334,0.036854804896932096,0.8914682566068435,13.138686131386859
same_ren,60,13,60,30,True,/users/delfos/aina/scentree-gen-remote/scentree-gen-remote/same_ren_scentree/scenariotree_60/results_13.json,960,31,41,30.967741935483872,41,1.4634146341463414,5,0.016666666666666666,0.08333333333333333,0.016086470680820635,0.9559528306736209,28.57142857142857
same_ren,60,14,60,30,True,/users/delfos/aina/scentree-gen-remote/scentree-gen-remote/same_ren_scentree/scenariotree_60/results_14.json,365,31,27,11.774193548387096,27,2.2222222222222223,7,0.016666666666666666,0.11666666666666667,0.03343605571345887,0.90252683442426,14.87603305785124
same_ren,60,15,60,30,True,/users/delfos/aina/scentree-gen-remote/scentree-gen-remote/same_ren_scentree/scenariotree_60/results_15.json,825,31,31,26.612903225806452,31,1.935483870967742,12,0.016666666666666666,0.2,0.03640066855873281,0.8893953030111769,13.636363636363633
same_ren,60,16,60,30,True,/users/delfos/aina/scentree-gen-remote/scentree-gen-remote/same_ren_scentree/scenariotree_60/results_16.json,967,31,37,31.193548387096776,37,1.6216216216216217,6,0.016666666666666666,0.1,0.019121608357469483,0.9466255860794699,24.657534246575334
same_ren,60,17,60,30,True,/users/delfos/aina/scentree-gen-remote/scentree-gen-remote/same_ren_scentree/scenariotree_60/results_17.json,777,31,33,25.06451612903226,33,1.8181818181818181,6,0.016666666666666666,0.1,0.02149878449878057,0.9417363480033654,21.95121951219512
same_ren,60,18,60,30,True,/users/delfos/aina/scentree-gen-remote/scentree-gen-remote/same_ren_scentree/scenariotree_60/results_18.json,709,31,27,22.870967741935484,27,2.2222222222222223,16,0.016666666666666666,0.26666666666666666,0.05580192286414579,0.8101461325012187,8.256880733944953
same_ren,60,19,60,30,True,/users/delfos/aina/scentree-gen-remote/scentree-gen-remote/same_ren_scentree/scenariotree_60/results_19.json,652,31,34,21.032258064516128,34,1.7647058823529411,11,0.016666666666666666,0.18333333333333332,0.03285410996101184,0.8967485561726997,15.126050420168065
same_ren,60,2,60,30,True,/users/delfos/aina/scentree-gen-remote/scentree-gen-remote/same_ren_scentree/scenariotree_60/results_2.json,552,31,29,17.806451612903224,29,2.0689655172413794,16,0.016666666666666666,0.26666666666666666,0.04833056561293939,0.8487541291193016,9.782608695652172
same_ren,60,20,60,30,True,/users/delfos/aina/scentree-gen-remote/scentree-gen-remote/same_ren_scentree/scenariotree_60/results_20.json,858,31,36,27.677419354838708,36,1.6666666666666667,5,0.016666666666666666,0.08333333333333333,0.017123372230469378,0.9559749663449503,26.086956521739122
same_ren,60,21,60,30,True,/users/delfos/aina/scentree-gen-remote/scentree-gen-remote/same_ren_scentree/scenariotree_60/results_21.json,550,31,33,17.741935483870968,33,1.8181818181818181,6,0.016666666666666666,0.1,0.02110361860179412,0.9433560502711157,22.222222222222218
same_ren,60,22,60,30,True,/users/delfos/aina/scentree-gen-remote/scentree-gen-remote/same_ren_scentree/scenariotree_60/results_22.json,715,31,31,23.06451612903226,31,1.935483870967742,10,0.016666666666666666,0.16666666666666666,0.03384962631977892,0.8937486213970156,14.754098360655737
same_ren,60,23,60,30,True,/users/delfos/aina/scentree-gen-remote/scentree-gen-remote/same_ren_scentree/scenariotree_60/results_23.json,532,31,29,17.161290322580644,29,2.0689655172413794,8,0.016666666666666666,0.13333333333333333,0.03154120168738447,0.9074321514805613,15.789473684210526
same_ren,60,24,60,30,True,/users/delfos/aina/scentree-gen-remote/scentree-gen-remote/same_ren_scentree/scenariotree_60/results_24.json,846,31,33,27.29032258064516,33,1.8181818181818181,10,0.016666666666666666,0.16666666666666666,0.03163729245124409,0.8998941099093665,15.78947368421053
same_ren,60,25,60,30,True,/users/delfos/aina/scentree-gen-remote/scentree-gen-remote/same_ren_scentree/scenariotree_60/results_25.json,731,31,30,23.580645161290324,30,2.0,5,0.016666666666666666,0.08333333333333333,0.021081851067789197,0.9460815946078829,21.428571428571423
same_ren,60,26,60,30,True,/users/delfos/aina/scentree-gen-remote/scentree-gen-remote/same_ren_scentree/scenariotree_60/results_26.json,735,31,44,23.70967741935484,44,1.3636363636363635,8,0.016666666666666666,0.13333333333333333,0.02012928826604003,0.9415309665926136,24.657534246575334
same_ren,60,27,60,30,True,/users/delfos/aina/scentree-gen-remote/scentree-gen-remote/same_ren_scentree/scenariotree_60/results_27.json,712,31,35,22.967741935483872,35,1.7142857142857142,11,0.016666666666666666,0.18333333333333332,0.030229657615435956,0.9122459108143882,16.513761467889907
same_ren,60,28,60,30,True,/users/delfos/aina/scentree-gen-remote/scentree-gen-remote/same_ren_scentree/scenariotree_60/results_28.json,554,31,21,17.870967741935484,21,2.857142857142857,16,0.016666666666666666,0.26666666666666666,0.06612592490140698,0.7944852080855634,7.171314741035856
same_ren,60,29,60,30,True,/users/delfos/aina/scentree-gen-remote/scentree-gen-remote/same_ren_scentree/scenariotree_60/results_29.json,755,31,38,24.35483870967742,38,1.5789473684210527,6,0.016666666666666666,0.1,0.021504650301984674,0.935731287798592,22.784810126582272
same_ren,60,3,60,30,True,/users/delfos/aina/scentree-gen-remote/scentree-gen-remote/same_ren_scentree/scenariotree_60/results_3.json,649,31,28,20.93548387096774,28,2.142857142857143,7,0.016666666666666666,0.11666666666666667,0.03203243820731836,0.9068905307023906,15.517241379310342
same_ren,60,30,60,30,True,/users/delfos/aina/scentree-gen-remote/scentree-gen-remote/same_ren_scentree/scenariotree_60/results_30.json,488,31,25,15.741935483870968,25,2.4,18,0.016666666666666666,0.3,0.058878405775518984,0.8207394239548503,7.894736842105265
same_ren,60,4,60,30,True,/users/delfos/aina/scentree-gen-remote/scentree-gen-remote/same_ren_scentree/scenariotree_60/results_4.json,649,31,32,20.93548387096774,32,1.875,9,0.016666666666666666,0.15,0.02968293093494793,0.9108497341347986,16.82242990654206
same_ren,60,5,60,30,True,/users/delfos/aina/scentree-gen-remote/scentree-gen-remote/same_ren_scentree/scenariotree_60/results_5.json,772,31,35,24.903225806451612,35,1.7142857142857142,8,0.016666666666666666,0.13333333333333333,0.02805081233337741,0.9111001231529954,17.821782178217823
same_ren,60,6,60,30,True,/users/delfos/aina/scentree-gen-remote/scentree-gen-remote/same_ren_scentree/scenariotree_60/results_6.json,569,31,39,18.35483870967742,39,1.5384615384615385,7,0.016666666666666666,0.11666666666666667,0.019555660151534274,0.946024072079434,24.657534246575334
same_ren,60,7,60,30,True,/users/delfos/aina/scentree-gen-remote/scentree-gen-remote/same_ren_scentree/scenariotree_60/results_7.json,521,31,34,16.806451612903224,34,1.7647058823529411,11,0.016666666666666666,0.18333333333333332,0.03285410996101184,0.8967485561726997,15.126050420168069
same_ren,60,8,60,30,True,/users/delfos/aina/scentree-gen-remote/scentree-gen-remote/same_ren_scentree/scenariotree_60/results_8.json,549,31,29,17.70967741935484,29,2.0689655172413794,8,0.016666666666666666,0.13333333333333333,0.03154120168738447,0.9058389194802169,15.789473684210526
same_ren,60,9,60,30,True,/users/delfos/aina/scentree-gen-remote/scentree-gen-remote/same_ren_scentree/scenariotree_60/results_9.json,769,31,31,24.806451612903224,31,1.935483870967742,19,0.016666666666666666,0.31666666666666665,0.05436757346325634,0.8256911080949416,8.071748878923765
same_ren,600,1,600,30,True,/users/delfos/aina/scentree-gen-remote/scentree-gen-remote/same_ren_scentree/scenariotree_600/results_1.json,3720,31,191,120.0,191,3.141361256544503,21,0.0016666666666666668,0.035,0.00651125937388399,0.899235155552335,75.0
same_ren,600,10,600,30,True,/users/delfos/aina/scentree-gen-remote/scentree-gen-remote/same_ren_scentree/scenariotree_600/results_10.json,3597,31,159,116.03225806451613,159,3.7735849056603774,53,0.0016666666666666668,0.08833333333333333,0.011659813093708648,0.8337852872659458,35.835158271949034
same_ren,600,11,600,30,True,/users/delfos/aina/scentree-gen-remote/scentree-gen-remote/same_ren_scentree/scenariotree_600/results_11.json,2389,31,147,77.06451612903226,147,4.081632653061225,66,0.0016666666666666668,0.11,0.013463803556243676,0.8229724344248203,29.895366218236166
same_ren,600,12,600,30,True,/users/delfos/aina/scentree-gen-remote/scentree-gen-remote/same_ren_scentree/scenariotree_600/results_12.json,3550,31,168,114.51612903225806,168,3.5714285714285716,75,0.0016666666666666668,0.125,0.013975805137869541,0.8032932364187688,25.795356835769564
same_ren,600,13,600,30,True,/users/delfos/aina/scentree-gen-remote/scentree-gen-remote/same_ren_scentree/scenariotree_600/results_13.json,3386,31,176,109.2258064516129,176,3.409090909090909,47,0.0016666666666666668,0.07833333333333334,0.01039205080465536,0.8474308423243141,40.5040504050405
same_ren,600,14,600,30,True,/users/delfos/aina/scentree-gen-remote/scentree-gen-remote/same_ren_scentree/scenariotree_600/results_14.json,4453,31,233,143.6451612903226,233,2.575107296137339,107,0.0016666666666666668,0.17833333333333334,0.013581794291422117,0.8032753410150449,21.154072158890585
same_ren,600,15,600,30,True,/users/delfos/aina/scentree-gen-remote/scentree-gen-remote/same_ren_scentree/scenariotree_600/results_15.json,3602,31,195,116.19354838709677,195,3.076923076923077,70,0.0016666666666666668,0.11666666666666667,0.012145747238466412,0.8165452888737087,29.503360104900832
same_ren,600,16,600,30,True,/users/delfos/aina/scentree-gen-remote/scentree-gen-remote/same_ren_scentree/scenariotree_600/results_16.json,3317,31,137,107.0,137,4.37956204379562,48,0.0016666666666666668,0.08,0.012236072385840208,0.8390218062093412,35.95685177786656
same_ren,600,17,600,30,True,/users/delfos/aina/scentree-gen-remote/scentree-gen-remote/same_ren_scentree/scenariotree_600/results_17.json,2404,31,158,77.54838709677419,158,3.7974683544303796,59,0.0016666666666666668,0.09833333333333333,0.011561855134517915,0.8369557797179589,36.42987249544626
same_ren,600,18,600,30,True,/users/delfos/aina/scentree-gen-remote/scentree-gen-remote/same_ren_scentree/scenariotree_600/results_18.json,4626,31,199,149.2258064516129,199,3.0150753768844223,116,0.0016666666666666668,0.19333333333333333,0.017498087465831338,0.7545185719681943,15.161725067385447
same_ren,600,19,600,30,True,/users/delfos/aina/scentree-gen-remote/scentree-gen-remote/same_ren_scentree/scenariotree_600/results_19.json,3746,31,137,120.83870967741936,137,4.37956204379562,46,0.0016666666666666668,0.07666666666666666,0.012449624993719217,0.8289125289867536,35.046728971962615
same_ren,600,2,600,30,True,/users/delfos/aina/scentree-gen-remote/scentree-gen-remote/same_ren_scentree/scenariotree_600/results_2.json,4005,31,156,129.19354838709677,156,3.8461538461538463,52,0.0016666666666666668,0.08666666666666667,0.011718678089851688,0.8357614399558456,35.928143712574844
same_ren,600,20,600,30,True,/users/delfos/aina/scentree-gen-remote/scentree-gen-remote/same_ren_scentree/scenariotree_600/results_20.json,3300,31,153,106.45161290322581,153,3.9215686274509802,111,0.0016666666666666668,0.185,0.017130293775723223,0.7971295757814404,19.442644199611152
same_ren,600,21,600,30,True,/users/delfos/aina/scentree-gen-remote/scentree-gen-remote/same_ren_scentree/scenariotree_600/results_21.json,3490,31,147,112.58064516129032,147,4.081632653061225,51,0.0016666666666666668,0.085,0.01120062053553347,0.8551135564009732,39.61267605633802
same_ren,600,22,600,30,True,/users/delfos/aina/scentree-gen-remote/scentree-gen-remote/same_ren_scentree/scenariotree_600/results_22.json,4038,31,173,130.25806451612902,173,3.468208092485549,77,0.0016666666666666668,0.12833333333333333,0.01399322890237062,0.8029143880746962,25.21714766040907
same_ren,600,23,600,30,True,/users/delfos/aina/scentree-gen-remote/scentree-gen-remote/same_ren_scentree/scenariotree_600/results_23.json,3735,31,155,120.48387096774194,155,3.870967741935484,30,0.0016666666666666668,0.05,0.009374161233530975,0.8596725126121197,49.82009410462219
same_ren,600,24,600,30,True,/users/delfos/aina/scentree-gen-remote/scentree-gen-remote/same_ren_scentree/scenariotree_600/results_24.json,4746,31,205,153.09677419354838,205,2.926829268292683,54,0.0016666666666666668,0.09,0.009895047102886988,0.8415696916907278,40.08016032064127
same_ren,600,25,600,30,True,/users/delfos/aina/scentree-gen-remote/scentree-gen-remote/same_ren_scentree/scenariotree_600/results_25.json,4044,31,169,130.4516129032258,169,3.5502958579881656,56,0.0016666666666666668,0.09333333333333334,0.010438938702891221,0.8493386291527947,41.0958904109589
same_ren,600,26,600,30,True,/users/delfos/aina/scentree-gen-remote/scentree-gen-remote/same_ren_scentree/scenariotree_600/results_26.json,3706,31,153,119.54838709677419,153,3.9215686274509802,48,0.0016666666666666668,0.08,0.011805937189932562,0.8286460459815902,35.89232303090728
same_ren,600,27,600,30,True,/users/delfos/aina/scentree-gen-remote/scentree-gen-remote/same_ren_scentree/scenariotree_600/results_27.json,3667,31,164,118.29032258064517,164,3.658536585365854,69,0.0016666666666666668,0.115,0.012307376311234504,0.830109413997964,32.32178128927994
same_ren,600,28,600,30,True,/users/delfos/aina/scentree-gen-remote/scentree-gen-remote/same_ren_scentree/scenariotree_600/results_28.json,4315,31,195,139.19354838709677,195,3.076923076923077,46,0.0016666666666666668,0.07666666666666666,0.009204735367662214,0.858995649751695,46.18937644341802
same_ren,600,29,600,30,True,/users/delfos/aina/scentree-gen-remote/scentree-gen-remote/same_ren_scentree/scenariotree_600/results_29.json,4342,31,165,140.06451612903226,165,3.6363636363636362,79,0.0016666666666666668,0.13166666666666665,0.0134616188522879,0.8240176821266981,27.807817086358728
same_ren,600,3,600,30,True,/users/delfos/aina/scentree-gen-remote/scentree-gen-remote/same_ren_scentree/scenariotree_600/results_3.json,4400,31,204,141.93548387096774,204,2.9411764705882355,89,0.0016666666666666668,0.14833333333333334,0.013073080011685318,0.8090692992425942,25.14668901927912
same_ren,600,30,600,30,True,/users/delfos/aina/scentree-gen-remote/scentree-gen-remote/same_ren_scentree/scenariotree_600/results_30.json,3441,31,174,111.0,174,3.4482758620689653,98,0.0016666666666666668,0.16333333333333333,0.014331102518838866,0.8070661157032674,24.1060666934512
same_ren,600,4,600,30,True,/users/delfos/aina/scentree-gen-remote/scentree-gen-remote/same_ren_scentree/scenariotree_600/results_4.json,3813,31,171,123.0,171,3.508771929824561,63,0.0016666666666666668,0.105,0.011811779812305741,0.8332271032822404,33.66373667477089
same_ren,600,5,600,30,True,/users/delfos/aina/scentree-gen-remote/scentree-gen-remote/same_ren_scentree/scenariotree_600/results_5.json,3396,31,167,109.54838709677419,167,3.592814371257485,35,0.0016666666666666668,0.058333333333333334,0.010461976409199738,0.8359859733154238,41.2087912087912
same_ren,600,6,600,30,True,/users/delfos/aina/scentree-gen-remote/scentree-gen-remote/same_ren_scentree/scenariotree_600/results_6.json,4121,31,191,132.93548387096774,191,3.141361256544503,67,0.0016666666666666668,0.11166666666666666,0.011540191576073076,0.8266606411072798,32.60278934975547
same_ren,600,7,600,30,True,/users/delfos/aina/scentree-gen-remote/scentree-gen-remote/same_ren_scentree/scenariotree_600/results_7.json,3832,31,199,123.61290322580645,199,3.0150753768844223,62,0.0016666666666666668,0.10333333333333333,0.010859846935330753,0.8255844748080517,35.0945603431468
same_ren,600,8,600,30,True,/users/delfos/aina/scentree-gen-remote/scentree-gen-remote/same_ren_scentree/scenariotree_600/results_8.json,3507,31,177,113.12903225806451,177,3.389830508474576,38,0.0016666666666666668,0.06333333333333334,0.0088936854657189,0.8640779835156183,50.89058524173028
same_ren,600,9,600,30,True,/users/delfos/aina/scentree-gen-remote/scentree-gen-remote/same_ren_scentree/scenariotree_600/results_9.json,3710,31,185,119.6774193548387,185,3.2432432432432434,41,0.0016666666666666668,0.06833333333333333,0.009537388142641264,0.8527062605821866,44.97751124437781
same_ren,70,1,70,30,True,/users/delfos/aina/scentree-gen-remote/scentree-gen-remote/same_ren_scentree/scenariotree_70/results_1.json,358,31,20,11.548387096774194,20,3.5,12,0.014285714285714285,0.17142857142857143,0.04414724897246413,0.8935422436657513,11.238532110091741
same_ren,70,10,70,30,True,/users/delfos/aina/scentree-gen-remote/scentree-gen-remote/same_ren_scentree/scenariotree_70/results_10.json,965,31,45,31.129032258064516,45,1.5555555555555556,12,0.014285714285714285,0.17142857142857143,0.02785702980124483,0.8981495410930613,17.5
same_ren,70,11,70,30,True,/users/delfos/aina/scentree-gen-remote/scentree-gen-remote/same_ren_scentree/scenariotree_70/results_11.json,425,31,22,13.709677419354838,22,3.1818181818181817,20,0.014285714285714285,0.2857142857142857,0.06085908838368821,0.8178845780487604,7.877813504823151
same_ren,70,12,70,30,True,/users/delfos/aina/scentree-gen-remote/scentree-gen-remote/same_ren_scentree/scenariotree_70/results_12.json,717,31,34,23.129032258064516,34,2.0588235294117645,8,0.014285714285714285,0.11428571428571428,0.02472930919254145,0.9217500069978788,19.91869918699187
same_ren,70,13,70,30,True,/users/delfos/aina/scentree-gen-remote/scentree-gen-remote/same_ren_scentree/scenariotree_70/results_13.json,514,31,27,16.580645161290324,27,2.5925925925925926,11,0.014285714285714285,0.15714285714285714,0.03931754540351174,0.8707958698232388,12.694300518134716
same_ren,70,14,70,30,True,/users/delfos/aina/scentree-gen-remote/scentree-gen-remote/same_ren_scentree/scenariotree_70/results_14.json,609,31,30,19.64516129032258,30,2.3333333333333335,10,0.014285714285714285,0.14285714285714285,0.031801538775359996,0.9022716619119304,15.705128205128204
same_ren,70,15,70,30,True,/users/delfos/aina/scentree-gen-remote/scentree-gen-remote/same_ren_scentree/scenariotree_70/results_15.json,849,31,42,27.387096774193548,42,1.6666666666666667,13,0.014285714285714285,0.18571428571428572,0.028171808490950554,0.9078509438956425,17.5
same_ren,70,16,70,30,True,/users/delfos/aina/scentree-gen-remote/scentree-gen-remote/same_ren_scentree/scenariotree_70/results_16.json,543,31,27,17.516129032258064,27,2.5925925925925926,19,0.014285714285714285,0.2714285714285714,0.051472535479429884,0.835706654729397,9.210526315789474
same_ren,70,17,70,30,True,/users/delfos/aina/scentree-gen-remote/scentree-gen-remote/same_ren_scentree/scenariotree_70/results_17.json,793,31,29,25.580645161290324,29,2.413793103448276,13,0.014285714285714285,0.18571428571428572,0.037613022992750884,0.8791716050031467,13.24324324324324
same_ren,70,18,70,30,True,/users/delfos/aina/scentree-gen-remote/scentree-gen-remote/same_ren_scentree/scenariotree_70/results_18.json,762,31,33,24.580645161290324,33,2.121212121212121,10,0.014285714285714285,0.14285714285714285,0.0314084106445317,0.8943860971027374,15.909090909090908
same_ren,70,19,70,30,True,/users/delfos/aina/scentree-gen-remote/scentree-gen-remote/same_ren_scentree/scenariotree_70/results_19.json,731,31,36,23.580645161290324,36,1.9444444444444444,7,0.014285714285714285,0.1,0.025631357558658956,0.9098207728972848,19.444444444444446
same_ren,70,2,70,30,True,/users/delfos/aina/scentree-gen-remote/scentree-gen-remote/same_ren_scentree/scenariotree_70/results_2.json,654,31,34,21.096774193548388,34,2.0588235294117645,15,0.014285714285714285,0.21428571428571427,0.04009909341324419,0.8547829431275255,11.893203883495147
same_ren,70,20,70,30,True,/users/delfos/aina/scentree-gen-remote/scentree-gen-remote/same_ren_scentree/scenariotree_70/results_20.json,795,31,27,25.64516129032258,27,2.5925925925925926,16,0.014285714285714285,0.22857142857142856,0.05161917344025831,0.8199408220175134,9.176029962546817
same_ren,70,21,70,30,True,/users/delfos/aina/scentree-gen-remote/scentree-gen-remote/same_ren_scentree/scenariotree_70/results_21.json,958,31,47,30.903225806451612,47,1.4893617021276595,11,0.014285714285714285,0.15714285714285714,0.02241834518490671,0.9264956687122662,22.272727272727263
same_ren,70,22,70,30,True,/users/delfos/aina/scentree-gen-remote/scentree-gen-remote/same_ren_scentree/scenariotree_70/results_22.json,838,31,35,27.032258064516128,35,2.0,13,0.014285714285714285,0.18571428571428572,0.036461569688371095,0.8681937831178181,13.315217391304346
same_ren,70,23,70,30,True,/users/delfos/aina/scentree-gen-remote/scentree-gen-remote/same_ren_scentree/scenariotree_70/results_23.json,989,31,41,31.903225806451612,41,1.7073170731707317,10,0.014285714285714285,0.14285714285714285,0.025091946881378165,0.913009225047209,19.91869918699187
same_ren,70,24,70,30,True,/users/delfos/aina/scentree-gen-remote/scentree-gen-remote/same_ren_scentree/scenariotree_70/results_24.json,947,31,41,30.548387096774192,41,1.7073170731707317,7,0.014285714285714285,0.1,0.02001589772312902,0.9330337623674887,24.499999999999996
same_ren,70,25,70,30,True,/users/delfos/aina/scentree-gen-remote/scentree-gen-remote/same_ren_scentree/scenariotree_70/results_25.json,954,31,37,30.774193548387096,37,1.8918918918918919,17,0.014285714285714285,0.24285714285714285,0.04158786892255906,0.8464531914556246,10.986547085201792
same_ren,70,26,70,30,True,/users/delfos/aina/scentree-gen-remote/scentree-gen-remote/same_ren_scentree/scenariotree_70/results_26.json,788,31,36,25.419354838709676,36,1.9444444444444444,12,0.014285714285714285,0.17142857142857143,0.030294182038083043,0.9008537666145707,16.442953020134226
same_ren,70,27,70,30,True,/users/delfos/aina/scentree-gen-remote/scentree-gen-remote/same_ren_scentree/scenariotree_70/results_27.json,762,31,31,24.580645161290324,31,2.2580645161290325,10,0.014285714285714285,0.14285714285714285,0.02969401602504518,0.9053855967574134,16.780821917808215
same_ren,70,28,70,30,True,/users/delfos/aina/scentree-gen-remote/scentree-gen-remote/same_ren_scentree/scenariotree_70/results_28.json,745,31,37,24.032258064516128,37,1.8918918918918919,6,0.014285714285714285,0.08571428571428572,0.019868232170299007,0.938009281860227,24.019607843137248
same_ren,70,29,70,30,True,/users/delfos/aina/scentree-gen-remote/scentree-gen-remote/same_ren_scentree/scenariotree_70/results_29.json,463,31,33,14.935483870967742,33,2.121212121212121,8,0.014285714285714285,0.11428571428571428,0.029373498621103677,0.8988792117806841,17.01388888888889
same_ren,70,3,70,30,True,/users/delfos/aina/scentree-gen-remote/scentree-gen-remote/same_ren_scentree/scenariotree_70/results_3.json,634,31,36,20.451612903225808,36,1.9444444444444444,7,0.014285714285714285,0.1,0.022065775832472764,0.9292888131373026,22.07207207207207
same_ren,70,30,70,30,True,/users/delfos/aina/scentree-gen-remote/scentree-gen-remote/same_ren_scentree/scenariotree_70/results_30.json,1002,31,44,32.32258064516129,44,1.5909090909090908,6,0.014285714285714285,0.08571428571428572,0.01860590750895377,0.935643887779015,26.344086021505372
same_ren,70,4,70,30,True,/users/delfos/aina/scentree-gen-remote/scentree-gen-remote/same_ren_scentree/scenariotree_70/results_4.json,1034,31,42,33.354838709677416,42,1.6666666666666667,13,0.014285714285714285,0.18571428571428572,0.03577093013642152,0.8591983184850033,12.89473684210526
same_ren,70,5,70,30,True,/users/delfos/aina/scentree-gen-remote/scentree-gen-remote/same_ren_scentree/scenariotree_70/results_5.json,653,31,29,21.06451612903226,29,2.413793103448276,13,0.014285714285714285,0.18571428571428572,0.04572001832580141,0.8322444351801702,10.515021459227466
same_ren,70,6,70,30,True,/users/delfos/aina/scentree-gen-remote/scentree-gen-remote/same_ren_scentree/scenariotree_70/results_6.json,623,31,31,20.096774193548388,31,2.2580645161290325,8,0.014285714285714285,0.11428571428571428,0.03035184110612924,0.8999992694857419,16.442953020134226
same_ren,70,7,70,30,True,/users/delfos/aina/scentree-gen-remote/scentree-gen-remote/same_ren_scentree/scenariotree_70/results_7.json,837,31,42,27.0,42,1.6666666666666667,10,0.014285714285714285,0.14285714285714285,0.023049080742989683,0.9238305098007197,21.681415929203542
same_ren,70,8,70,30,True,/users/delfos/aina/scentree-gen-remote/scentree-gen-remote/same_ren_scentree/scenariotree_70/results_8.json,896,31,35,28.903225806451612,35,2.0,14,0.014285714285714285,0.2,0.034489192121269566,0.8815700537003358,14.244186046511626
same_ren,70,9,70,30,True,/users/delfos/aina/scentree-gen-remote/scentree-gen-remote/same_ren_scentree/scenariotree_70/results_9.json,591,31,30,19.06451612903226,30,2.3333333333333335,10,0.014285714285714285,0.14285714285714285,0.03447040203972163,0.8868874285067866,14.497041420118341
same_ren,80,1,80,30,True,/users/delfos/aina/scentree-gen-remote/scentree-gen-remote/same_ren_scentree/scenariotree_80/results_1.json,1213,31,54,39.12903225806452,54,1.4814814814814814,11,0.0125,0.1375,0.020233123503159405,0.9237672492935973,24.615384615384624
same_ren,80,10,80,30,True,/users/delfos/aina/scentree-gen-remote/scentree-gen-remote/same_ren_scentree/scenariotree_80/results_10.json,620,31,24,20.0,24,3.3333333333333335,21,0.0125,0.2625,0.052498346534808976,0.844696309804857,9.27536231884058
same_ren,80,11,80,30,True,/users/delfos/aina/scentree-gen-remote/scentree-gen-remote/same_ren_scentree/scenariotree_80/results_11.json,640,31,32,20.64516129032258,32,2.5,11,0.0125,0.1375,0.03521696146745201,0.8684045083958533,14.096916299559469
same_ren,80,12,80,30,True,/users/delfos/aina/scentree-gen-remote/scentree-gen-remote/same_ren_scentree/scenariotree_80/results_12.json,984,31,45,31.741935483870968,45,1.7777777777777777,19,0.0125,0.2375,0.03563792542215472,0.8583793831965155,12.598425196850396
same_ren,80,13,80,30,True,/users/delfos/aina/scentree-gen-remote/scentree-gen-remote/same_ren_scentree/scenariotree_80/results_13.json,801,31,35,25.838709677419356,35,2.2857142857142856,12,0.0125,0.15,0.03226168511610347,0.8835103831574092,15.384615384615383
same_ren,80,14,80,30,True,/users/delfos/aina/scentree-gen-remote/scentree-gen-remote/same_ren_scentree/scenariotree_80/results_14.json,944,31,33,30.451612903225808,33,2.4242424242424243,12,0.0125,0.15,0.031537361055300986,0.8862741557756152,15.841584158415841
same_ren,80,15,80,30,True,/users/delfos/aina/scentree-gen-remote/scentree-gen-remote/same_ren_scentree/scenariotree_80/results_15.json,986,31,36,31.806451612903224,36,2.2222222222222223,11,0.0125,0.1375,0.02718109137608462,0.9038094949872626,18.390804597701152
same_ren,80,16,80,30,True,/users/delfos/aina/scentree-gen-remote/scentree-gen-remote/same_ren_scentree/scenariotree_80/results_16.json,886,31,43,28.580645161290324,43,1.8604651162790697,18,0.0125,0.225,0.03351732840497952,0.8764241697703223,13.973799126637557
same_ren,80,17,80,30,True,/users/delfos/aina/scentree-gen-remote/scentree-gen-remote/same_ren_scentree/scenariotree_80/results_17.json,945,31,44,30.483870967741936,44,1.8181818181818181,6,0.0125,0.075,0.017530964341524444,0.938149352681419,27.586206896551733
same_ren,80,18,80,30,True,/users/delfos/aina/scentree-gen-remote/scentree-gen-remote/same_ren_scentree/scenariotree_80/results_18.json,1055,31,38,34.03225806451613,38,2.1052631578947367,10,0.0125,0.125,0.02686918139034491,0.8989251894332713,18.604651162790702
same_ren,80,19,80,30,True,/users/delfos/aina/scentree-gen-remote/scentree-gen-remote/same_ren_scentree/scenariotree_80/results_19.json,759,31,34,24.483870967741936,34,2.3529411764705883,15,0.0125,0.1875,0.03481600176985798,0.8731278483100032,14.15929203539823
same_ren,80,2,80,30,True,/users/delfos/aina/scentree-gen-remote/scentree-gen-remote/same_ren_scentree/scenariotree_80/results_2.json,609,31,30,19.64516129032258,30,2.6666666666666665,20,0.0125,0.25,0.048662671068854774,0.8296163804145049,9.580838323353294
same_ren,80,20,80,30,True,/users/delfos/aina/scentree-gen-remote/scentree-gen-remote/same_ren_scentree/scenariotree_80/results_20.json,821,31,36,26.483870967741936,36,2.2222222222222223,10,0.0125,0.125,0.02303211659969028,0.9275790111691793,21.333333333333332
same_ren,80,21,80,30,True,/users/delfos/aina/scentree-gen-remote/scentree-gen-remote/same_ren_scentree/scenariotree_80/results_21.json,547,31,29,17.64516129032258,29,2.7586206896551726,13,0.0125,0.1625,0.03780838320618688,0.8672947005451678,13.16872427983539
same_ren,80,22,80,30,True,/users/delfos/aina/scentree-gen-remote/scentree-gen-remote/same_ren_scentree/scenariotree_80/results_22.json,591,31,33,19.06451612903226,33,2.4242424242424243,13,0.0125,0.1625,0.03693133255313971,0.8624571657992653,13.278008298755186
same_ren,80,23,80,30,True,/users/delfos/aina/scentree-gen-remote/scentree-gen-remote/same_ren_scentree/scenariotree_80/results_23.json,1495,31,53,48.225806451612904,53,1.509433962264151,8,0.0125,0.1,0.01585284658189251,0.9437762764567404,31.067961165048555
same_ren,80,24,80,30,True,/users/delfos/aina/scentree-gen-remote/scentree-gen-remote/same_ren_scentree/scenariotree_80/results_24.json,697,31,29,22.483870967741936,29,2.7586206896551726,13,0.0125,0.1625,0.03635540152406818,0.8804851740156089,13.733905579399142
same_ren,80,25,80,30,True,/users/delfos/aina/scentree-gen-remote/scentree-gen-remote/same_ren_scentree/scenariotree_80/results_25.json,885,31,32,28.548387096774192,32,2.5,17,0.0125,0.2125,0.04192627457812106,0.8437011673139069,11.42857142857143
same_ren,80,26,80,30,True,/users/delfos/aina/scentree-gen-remote/scentree-gen-remote/same_ren_scentree/scenariotree_80/results_26.json,410,31,24,13.225806451612904,24,3.3333333333333335,12,0.0125,0.15,0.0394735319197842,0.8830142073324219,12.648221343873516
same_ren,80,27,80,30,True,/users/delfos/aina/scentree-gen-remote/scentree-gen-remote/same_ren_scentree/scenariotree_80/results_27.json,400,31,27,12.903225806451612,27,2.962962962962963,20,0.0125,0.25,0.04805011387158934,0.8463176246585987,10.062893081761008
same_ren,80,28,80,30,True,/users/delfos/aina/scentree-gen-remote/scentree-gen-remote/same_ren_scentree/scenariotree_80/results_28.json,842,31,46,27.161290322580644,46,1.7391304347826086,11,0.0125,0.1375,0.021874578040758815,0.92033219010825,22.85714285714286
same_ren,80,29,80,30,True,/users/delfos/aina/scentree-gen-remote/scentree-gen-remote/same_ren_scentree/scenariotree_80/results_29.json,954,31,36,30.774193548387096,36,2.2222222222222223,13,0.0125,0.1625,0.03321739095305944,0.8775891160553421,14.814814814814817
same_ren,80,3,80,30,True,/users/delfos/aina/scentree-gen-remote/scentree-gen-remote/same_ren_scentree/scenariotree_80/results_3.json,883,31,39,28.483870967741936,39,2.051282051282051,12,0.0125,0.15,0.028440885322408998,0.8921997288604159,17.486338797814213
same_ren,80,30,80,30,True,/users/delfos/aina/scentree-gen-remote/scentree-gen-remote/same_ren_scentree/scenariotree_80/results_30.json,1193,31,49,38.483870967741936,49,1.6326530612244898,8,0.0125,0.1,0.01867653593645217,0.9322269298145743,26.666666666666664
same_ren,80,4,80,30,True,/users/delfos/aina/scentree-gen-remote/scentree-gen-remote/same_ren_scentree/scenariotree_80/results_4.json,856,31,30,27.612903225806452,30,2.6666666666666665,10,0.0125,0.125,0.028927591596182967,0.9093113954773947,17.112299465240646
same_ren,80,5,80,30,True,/users/delfos/aina/scentree-gen-remote/scentree-gen-remote/same_ren_scentree/scenariotree_80/results_5.json,1026,31,43,33.096774193548384,43,1.8604651162790697,11,0.0125,0.1375,0.02593896505372583,0.8985272948491803,19.16167664670658
same_ren,80,6,80,30,True,/users/delfos/aina/scentree-gen-remote/scentree-gen-remote/same_ren_scentree/scenariotree_80/results_6.json,763,31,35,24.612903225806452,35,2.2857142857142856,11,0.0125,0.1375,0.032537262782658206,0.8783930366803947,15.238095238095237
same_ren,80,7,80,30,True,/users/delfos/aina/scentree-gen-remote/scentree-gen-remote/same_ren_scentree/scenariotree_80/results_7.json,736,31,31,23.741935483870968,31,2.5806451612903225,16,0.0125,0.2,0.04373838481164252,0.8401144059651141,10.921501706484642
same_ren,80,8,80,30,True,/users/delfos/aina/scentree-gen-remote/scentree-gen-remote/same_ren_scentree/scenariotree_80/results_8.json,628,31,31,20.258064516129032,31,2.5806451612903225,12,0.0125,0.15,0.03474767826259761,0.8751929475224,14.349775784753366
same_ren,80,9,80,30,True,/users/delfos/aina/scentree-gen-remote/scentree-gen-remote/same_ren_scentree/scenariotree_80/results_9.json,741,31,46,23.903225806451612,46,1.7391304347826086,10,0.0125,0.125,0.021874578040758815,0.9184832527631852,22.857142857142858
same_ren,90,1,90,30,True,/users/delfos/aina/scentree-gen-remote/scentree-gen-remote/same_ren_scentree/scenariotree_90/results_1.json,1044,31,50,33.67741935483871,50,1.8,12,0.011111111111111112,0.13333333333333333,0.021998877636914813,0.9075090549272965,22.62569832402235
same_ren,90,10,90,30,True,/users/delfos/aina/scentree-gen-remote/scentree-gen-remote/same_ren_scentree/scenariotree_90/results_10.json,1361,31,60,43.903225806451616,60,1.5,5,0.011111111111111112,0.05555555555555555,0.010638078975070424,0.9617262565069836,42.63157894736841
same_ren,90,11,90,30,True,/users/delfos/aina/scentree-gen-remote/scentree-gen-remote/same_ren_scentree/scenariotree_90/results_11.json,639,31,41,20.612903225806452,41,2.1951219512195124,13,0.011111111111111112,0.14444444444444443,0.02634168646118779,0.9005062490011191,18.92523364485981
same_ren,90,12,90,30,True,/users/delfos/aina/scentree-gen-remote/scentree-gen-remote/same_ren_scentree/scenariotree_90/results_12.json,864,31,32,27.870967741935484,32,2.8125,29,0.011111111111111112,0.32222222222222224,0.0598633668046259,0.7602465253639694,6.852791878172587
same_ren,90,13,90,30,True,/users/delfos/aina/scentree-gen-remote/scentree-gen-remote/same_ren_scentree/scenariotree_90/results_13.json,1161,31,48,37.45161290322581,48,1.875,17,0.011111111111111112,0.18888888888888888,0.027556992943394688,0.8947844030618647,17.45689655172414
same_ren,90,14,90,30,True,/users/delfos/aina/scentree-gen-remote/scentree-gen-remote/same_ren_scentree/scenariotree_90/results_14.json,520,31,46,16.774193548387096,46,1.9565217391304348,10,0.011111111111111112,0.1111111111111111,0.022457274008056926,0.9067555126553045,22.25274725274726
same_ren,90,15,90,30,True,/users/delfos/aina/scentree-gen-remote/scentree-gen-remote/same_ren_scentree/scenariotree_90/results_15.json,832,31,39,26.838709677419356,39,2.3076923076923075,11,0.011111111111111112,0.12222222222222222,0.027234440673690654,0.8903868572044197,18.325791855203626
same_ren,90,16,90,30,True,/users/delfos/aina/scentree-gen-remote/scentree-gen-remote/same_ren_scentree/scenariotree_90/results_16.json,970,31,40,31.29032258064516,40,2.25,22,0.011111111111111112,0.24444444444444444,0.03822852015297505,0.8531442162785645,11.982248520710058
same_ren,90,17,90,30,True,/users/delfos/aina/scentree-gen-remote/scentree-gen-remote/same_ren_scentree/scenariotree_90/results_17.json,963,31,41,31.06451612903226,41,2.1951219512195124,6,0.011111111111111112,0.06666666666666667,0.018884825355213384,0.9306566689209973,25.63291139240506
same_ren,90,18,90,30,True,/users/delfos/aina/scentree-gen-remote/scentree-gen-remote/same_ren_scentree/scenariotree_90/results_18.json,1104,31,50,35.61290322580645,50,1.8,16,0.011111111111111112,0.17777777777777778,0.029228769862146457,0.87287231907419,15.944881889763776
same_ren,90,19,90,30,True,/users/delfos/aina/scentree-gen-remote/scentree-gen-remote/same_ren_scentree/scenariotree_90/results_19.json,833,31,38,26.870967741935484,38,2.3684210526315788,18,0.011111111111111112,0.2,0.04001470267732399,0.8308490780922047,11.473087818696884
same_ren,90,2,90,30,True,/users/delfos/aina/scentree-gen-remote/scentree-gen-remote/same_ren_scentree/scenariotree_90/results_2.json,1131,31,59,36.483870967741936,59,1.5254237288135593,7,0.011111111111111112,0.07777777777777778,0.01422562521131545,0.9441039608440867,34.61538461538461
same_ren,90,20,90,30,True,/users/delfos/aina/scentree-gen-remote/scentree-gen-remote/same_ren_scentree/scenariotree_90/results_20.json,943,31,36,30.419354838709676,36,2.5,10,0.011111111111111112,0.1111111111111111,0.026123585147529414,0.8988283007758765,19.103773584905664
same_ren,90,21,90,30,True,/users/delfos/aina/scentree-gen-remote/scentree-gen-remote/same_ren_scentree/scenariotree_90/results_21.json,1154,31,49,37.225806451612904,49,1.836734693877551,9,0.011111111111111112,0.1,0.018284575964280687,0.9278081121512648,27.18120805369127
same_ren,90,22,90,30,True,/users/delfos/aina/scentree-gen-remote/scentree-gen-remote/same_ren_scentree/scenariotree_90/results_22.json,1014,31,38,32.70967741935484,38,2.3684210526315788,12,0.011111111111111112,0.13333333333333333,0.02714735529458517,0.8978774313472782,18.409090909090914
same_ren,90,23,90,30,True,/users/delfos/aina/scentree-gen-remote/scentree-gen-remote/same_ren_scentree/scenariotree_90/results_23.json,1212,31,47,39.096774193548384,47,1.9148936170212767,11,0.011111111111111112,0.12222222222222222,0.024561271141887036,0.8959045622686725,20.14925373134329
same_ren,90,24,90,30,True,/users/delfos/aina/scentree-gen-remote/scentree-gen-remote/same_ren_scentree/scenariotree_90/results_24.json,946,31,38,30.516129032258064,38,2.3684210526315788,13,0.011111111111111112,0.14444444444444443,0.0337614854359323,0.8589986735632369,14.36170212765957
same_ren,90,25,90,30,True,/users/delfos/aina/scentree-gen-remote/scentree-gen-remote/same_ren_scentree/scenariotree_90/results_25.json,773,31,44,24.93548387096774,44,2.0454545454545454,19,0.011111111111111112,0.2111111111111111,0.03256303094912095,0.872622724499728,14.412811387900353
same_ren,90,26,90,30,True,/users/delfos/aina/scentree-gen-remote/scentree-gen-remote/same_ren_scentree/scenariotree_90/results_26.json,815,31,41,26.29032258064516,41,2.1951219512195124,14,0.011111111111111112,0.15555555555555556,0.03201733874164264,0.8657191259075719,15.055762081784389
same_ren,90,27,90,30,True,/users/delfos/aina/scentree-gen-remote/scentree-gen-remote/same_ren_scentree/scenariotree_90/results_27.json,935,31,42,30.161290322580644,42,2.142857142857143,9,0.011111111111111112,0.1,0.022032447421859273,0.9133179682544283,22.62569832402235
same_ren,90,28,90,30,True,/users/delfos/aina/scentree-gen-remote/scentree-gen-remote/same_ren_scentree/scenariotree_90/results_28.json,915,31,48,29.516129032258064,48,1.875,15,0.011111111111111112,0.16666666666666666,0.02572258219090574,0.8928132496423598,19.014084507042252
same_ren,90,29,90,30,True,/users/delfos/aina/scentree-gen-remote/scentree-gen-remote/same_ren_scentree/scenariotree_90/results_29.json,893,31,45,28.806451612903224,45,2.0,9,0.011111111111111112,0.1,0.02068776302780584,0.9185097345946576,24.10714285714286
same_ren,90,3,90,30,True,/users/delfos/aina/scentree-gen-remote/scentree-gen-remote/same_ren_scentree/scenariotree_90/results_3.json,522,31,34,16.838709677419356,34,2.6470588235294117,30,0.011111111111111112,0.3333333333333333,0.05606837516671678,0.7852293735164384,7.33695652173913
same_ren,90,30,90,30,True,/users/delfos/aina/scentree-gen-remote/scentree-gen-remote/same_ren_scentree/scenariotree_90/results_30.json,382,31,26,12.32258064516129,26,3.4615384615384617,17,0.011111111111111112,0.18888888888888888,0.04903927619754206,0.8217231098867376,9.902200488997554
same_ren,90,4,90,30,True,/users/delfos/aina/scentree-gen-remote/scentree-gen-remote/same_ren_scentree/scenariotree_90/results_4.json,669,31,51,21.580645161290324,51,1.7647058823529411,6,0.011111111111111112,0.06666666666666667,0.013309389411155786,0.9524703198891186,34.91379310344828
same_ren,90,5,90,30,True,/users/delfos/aina/scentree-gen-remote/scentree-gen-remote/same_ren_scentree/scenariotree_90/results_5.json,915,31,41,29.516129032258064,41,2.1951219512195124,13,0.011111111111111112,0.14444444444444443,0.029775786872239283,0.8771601463342107,16.463414634146343
same_ren,90,6,90,30,True,/users/delfos/aina/scentree-gen-remote/scentree-gen-remote/same_ren_scentree/scenariotree_90/results_6.json,831,31,38,26.806451612903224,38,2.3684210526315788,10,0.011111111111111112,0.1111111111111111,0.026419548533512322,0.8950979467615315,18.925233644859816
same_ren,90,7,90,30,True,/users/delfos/aina/scentree-gen-remote/scentree-gen-remote/same_ren_scentree/scenariotree_90/results_7.json,1055,31,45,34.03225806451613,45,2.0,11,0.011111111111111112,0.12222222222222222,0.023306863292670038,0.9012235782730055,21.428571428571434
same_ren,90,8,90,30,True,/users/delfos/aina/scentree-gen-remote/scentree-gen-remote/same_ren_scentree/scenariotree_90/results_8.json,1211,31,50,39.064516129032256,50,1.8,19,0.011111111111111112,0.2111111111111111,0.03288588574877498,0.8482928671564561,13.499999999999996
same_ren,90,9,90,30,True,/users/delfos/aina/scentree-gen-remote/scentree-gen-remote/same_ren_scentree/scenariotree_90/results_9.json,1003,31,39,32.354838709677416,39,2.3076923076923075,10,0.011111111111111112,0.1111111111111111,0.023490024170739355,0.9115369829947133,21.204188481675402
