method,sc_folder,day,num_scenarios,num_stages,in_sample_prediction,path,num_nodes,num_tree_stages,num_leaf_nodes,avg_nodes_per_stage,max_nodes_per_stage,avg_leaf_group_size,max_leaf_group_size,prob_min,prob_max,prob_std,prob_entropy_norm,effective_num_scenarios
dif_ren,100,1,100,102,True,/users/delfos/aina/secoem-VSS/scentree-gen-remote/dif_ren_scentree/scenariotree_100/results_1.json,6338,103,90,61.53398058252427,90,1.1111111111111112,4,0.01,0.04,0.004581228472908511,0.9872001637490533,76.92307692307692
dif_ren,100,10,100,102,True,/users/delfos/aina/secoem-VSS/scentree-gen-remote/dif_ren_scentree/scenariotree_100/results_10.json,5587,103,83,54.24271844660194,83,1.2048192771084338,4,0.01,0.04,0.006723280206411424,0.9762851283979808,63.291139240506325
dif_ren,100,11,100,102,True,/users/delfos/aina/secoem-VSS/scentree-gen-remote/dif_ren_scentree/scenariotree_100/results_11.json,6147,103,89,59.679611650485434,89,1.1235955056179776,4,0.01,0.04,0.005153862894912231,0.9846463543823684,73.52941176470588
dif_ren,100,12,100,102,True,/users/delfos/aina/secoem-VSS/scentree-gen-remote/dif_ren_scentree/scenariotree_100/results_12.json,5808,103,85,56.38834951456311,85,1.1764705882352942,6,0.01,0.06,0.006717224669938915,0.977645438872622,64.1025641025641
dif_ren,100,13,100,102,True,/users/delfos/aina/secoem-VSS/scentree-gen-remote/dif_ren_scentree/scenariotree_100/results_13.json,5616,103,90,54.52427184466019,90,1.1111111111111112,5,0.01,0.05,0.005258737584977436,0.9847206860859701,73.52941176470588
dif_ren,100,14,100,102,True,/users/delfos/aina/secoem-VSS/scentree-gen-remote/dif_ren_scentree/scenariotree_100/results_14.json,5778,103,90,56.09708737864078,90,1.1111111111111112,5,0.01,0.05,0.005665577237325316,0.9828027244818474,71.42857142857143
dif_ren,100,15,100,102,True,/users/delfos/aina/secoem-VSS/scentree-gen-remote/dif_ren_scentree/scenariotree_100/results_15.json,5473,103,85,53.13592233009709,85,1.1764705882352942,8,0.01,0.08,0.008285560876074828,0.9718175255330738,56.81818181818181
dif_ren,100,16,100,102,True,/users/delfos/aina/secoem-VSS/scentree-gen-remote/dif_ren_scentree/scenariotree_100/results_16.json,5342,103,85,51.86407766990291,85,1.1764705882352942,4,0.01,0.04,0.005568075089976108,0.9819436436936615,69.44444444444446
dif_ren,100,17,100,102,True,/users/delfos/aina/secoem-VSS/scentree-gen-remote/dif_ren_scentree/scenariotree_100/results_17.json,5692,103,89,55.262135922330096,89,1.1235955056179776,4,0.01,0.04,0.004931035563481278,0.9854033728744032,74.62686567164178
dif_ren,100,18,100,102,True,/users/delfos/aina/secoem-VSS/scentree-gen-remote/dif_ren_scentree/scenariotree_100/results_18.json,6152,103,90,59.728155339805824,90,1.1111111111111112,5,0.01,0.05,0.005465943944999485,0.98396554731681,72.46376811594202
dif_ren,100,19,100,102,True,/users/delfos/aina/secoem-VSS/scentree-gen-remote/dif_ren_scentree/scenariotree_100/results_19.json,5819,103,92,56.49514563106796,92,1.0869565217391304,4,0.01,0.04,0.004078622399846461,0.9896905031703607,80.64516129032259
dif_ren,100,2,100,102,True,/users/delfos/aina/secoem-VSS/scentree-gen-remote/dif_ren_scentree/scenariotree_100/results_2.json,5316,103,89,51.61165048543689,89,1.1235955056179776,5,0.01,0.05,0.005770951028492699,0.9821607047002185,70.42253521126759
dif_ren,100,20,100,102,True,/users/delfos/aina/secoem-VSS/scentree-gen-remote/dif_ren_scentree/scenariotree_100/results_20.json,6333,103,92,61.48543689320388,92,1.0869565217391304,4,0.01,0.04,0.004078622399846461,0.9896905031703607,80.64516129032259
dif_ren,100,21,100,102,True,/users/delfos/aina/secoem-VSS/scentree-gen-remote/dif_ren_scentree/scenariotree_100/results_21.json,4932,103,88,47.883495145631066,88,1.1363636363636365,4,0.01,0.04,0.005874021810600039,0.9809388331430029,69.44444444444444
dif_ren,100,22,100,102,True,/users/delfos/aina/secoem-VSS/scentree-gen-remote/dif_ren_scentree/scenariotree_100/results_22.json,5744,103,91,55.76699029126213,91,1.098901098901099,4,0.01,0.04,0.0049291563718694064,0.9859418850004132,75.75757575757576
dif_ren,100,23,100,102,True,/users/delfos/aina/secoem-VSS/scentree-gen-remote/dif_ren_scentree/scenariotree_100/results_23.json,4590,103,86,44.56310679611651,86,1.1627906976744187,4,0.01,0.04,0.005468826054095278,0.9828893697744783,70.42253521126761
dif_ren,100,24,100,102,True,/users/delfos/aina/secoem-VSS/scentree-gen-remote/dif_ren_scentree/scenariotree_100/results_24.json,5744,103,87,55.76699029126213,87,1.1494252873563218,8,0.01,0.08,0.00809835170290048,0.9729649877839988,58.13953488372093
dif_ren,100,25,100,102,True,/users/delfos/aina/secoem-VSS/scentree-gen-remote/dif_ren_scentree/scenariotree_100/results_25.json,5767,103,88,55.99029126213592,88,1.1363636363636365,5,0.01,0.05,0.005677270907634908,0.9827118173548373,70.42253521126759
dif_ren,100,26,100,102,True,/users/delfos/aina/secoem-VSS/scentree-gen-remote/dif_ren_scentree/scenariotree_100/results_26.json,6447,103,91,62.592233009708735,91,1.098901098901099,5,0.01,0.05,0.004929156371869407,0.9865417188107057,75.75757575757576
dif_ren,100,27,100,102,True,/users/delfos/aina/secoem-VSS/scentree-gen-remote/dif_ren_scentree/scenariotree_100/results_27.json,4600,103,83,44.66019417475728,83,1.2048192771084338,7,0.01,0.07,0.00802991937491645,0.9713263207031044,57.4712643678161
dif_ren,100,28,100,102,True,/users/delfos/aina/secoem-VSS/scentree-gen-remote/dif_ren_scentree/scenariotree_100/results_28.json,5286,103,90,51.320388349514566,90,1.1111111111111112,5,0.01,0.05,0.005665577237325316,0.9828027244818474,71.42857142857142
dif_ren,100,29,100,102,True,/users/delfos/aina/secoem-VSS/scentree-gen-remote/dif_ren_scentree/scenariotree_100/results_29.json,4847,103,80,47.05825242718446,80,1.25,6,0.01,0.06,0.007500000000000001,0.9733835306770957,58.8235294117647
dif_ren,100,3,100,102,True,/users/delfos/aina/secoem-VSS/scentree-gen-remote/dif_ren_scentree/scenariotree_100/results_3.json,5566,103,86,54.03883495145631,86,1.1627906976744187,3,0.01,0.03,0.004539353789754217,0.986764443539298,74.6268656716418
dif_ren,100,30,100,102,True,/users/delfos/aina/secoem-VSS/scentree-gen-remote/dif_ren_scentree/scenariotree_100/results_30.json,6769,103,87,65.71844660194175,87,1.1494252873563218,5,0.01,0.05,0.005576785963544002,0.9828833729594709,70.42253521126761
dif_ren,100,31,100,102,True,/users/delfos/aina/secoem-VSS/scentree-gen-remote/dif_ren_scentree/scenariotree_100/results_31.json,4663,103,84,45.271844660194176,84,1.1904761904761905,6,0.01,0.06,0.006982322999340562,0.9763610208825871,62.5
dif_ren,100,4,100,102,True,/users/delfos/aina/secoem-VSS/scentree-gen-remote/dif_ren_scentree/scenariotree_100/results_4.json,5375,103,85,52.18446601941748,85,1.1764705882352942,5,0.01,0.05,0.0055680750899761095,0.9829656160442019,69.44444444444444
dif_ren,100,5,100,102,True,/users/delfos/aina/secoem-VSS/scentree-gen-remote/dif_ren_scentree/scenariotree_100/results_5.json,5333,103,88,51.77669902912621,88,1.1363636363636365,8,0.01,0.08,0.007859825666268446,0.9747463378335721,59.52380952380952
dif_ren,100,6,100,102,True,/users/delfos/aina/secoem-VSS/scentree-gen-remote/dif_ren_scentree/scenariotree_100/results_6.json,5807,103,88,56.37864077669903,88,1.1363636363636365,8,0.01,0.08,0.008003098573481367,0.9735776785044985,58.82352941176469
dif_ren,100,7,100,102,True,/users/delfos/aina/secoem-VSS/scentree-gen-remote/dif_ren_scentree/scenariotree_100/results_7.json,6107,103,87,59.29126213592233,87,1.1494252873563218,4,0.01,0.04,0.005779220731023695,0.9811058515075687,69.44444444444446
dif_ren,100,8,100,102,True,/users/delfos/aina/secoem-VSS/scentree-gen-remote/dif_ren_scentree/scenariotree_100/results_8.json,5656,103,89,54.9126213592233,89,1.1235955056179776,4,0.01,0.04,0.004931035563481278,0.9858120717643618,74.6268656716418
dif_ren,100,9,100,102,True,/users/delfos/aina/secoem-VSS/scentree-gen-remote/dif_ren_scentree/scenariotree_100/results_9.json,6180,103,86,60.0,86,1.1627906976744187,4,0.01,0.04,0.005025623903482398,0.9848269066568882,72.46376811594205
dif_ren,110,1,110,102,True,/users/delfos/aina/secoem-VSS/scentree-gen-remote/dif_ren_scentree/scenariotree_110/results_1.json,5480,103,88,53.20388349514563,88,1.25,8,0.00909090909090909,0.07272727272727272,0.009013096740160015,0.9622080848675695,54.01785714285715
dif_ren,110,10,110,102,True,/users/delfos/aina/secoem-VSS/scentree-gen-remote/dif_ren_scentree/scenariotree_110/results_10.json,5965,103,93,57.9126213592233,93,1.1827956989247312,9,0.00909090909090909,0.08181818181818182,0.008212307323404975,0.9692038673286605,58.73786407766992
dif_ren,110,11,110,102,True,/users/delfos/aina/secoem-VSS/scentree-gen-remote/dif_ren_scentree/scenariotree_110/results_11.json,7006,103,98,68.01941747572816,98,1.1224489795918366,3,0.00909090909090909,0.02727272727272727,0.0039531123845385,0.9880595815602156,85.21126760563381
dif_ren,110,12,110,102,True,/users/delfos/aina/secoem-VSS/scentree-gen-remote/dif_ren_scentree/scenariotree_110/results_12.json,6282,103,93,60.99029126213592,93,1.1827956989247312,4,0.00909090909090909,0.03636363636363636,0.00515402788913551,0.9821110216575145,75.625
dif_ren,110,13,110,102,True,/users/delfos/aina/secoem-VSS/scentree-gen-remote/dif_ren_scentree/scenariotree_110/results_13.json,5677,103,103,55.116504854368934,103,1.0679611650485437,4,0.00909090909090909,0.03636363636363636,0.0031700414820949644,0.9924332079377816,93.0769230769231
dif_ren,110,14,110,102,True,/users/delfos/aina/secoem-VSS/scentree-gen-remote/dif_ren_scentree/scenariotree_110/results_14.json,5314,103,86,51.592233009708735,86,1.2790697674418605,5,0.00909090909090909,0.045454545454545456,0.007420688699697356,0.9693465215729583,61.11111111111112
dif_ren,110,15,110,102,True,/users/delfos/aina/secoem-VSS/scentree-gen-remote/dif_ren_scentree/scenariotree_110/results_15.json,6630,103,94,64.36893203883496,94,1.1702127659574468,4,0.00909090909090909,0.03636363636363636,0.00507345340371528,0.9825729583773152,76.58227848101268
dif_ren,110,16,110,102,True,/users/delfos/aina/secoem-VSS/scentree-gen-remote/dif_ren_scentree/scenariotree_110/results_16.json,6051,103,97,58.74757281553398,97,1.134020618556701,4,0.00909090909090909,0.03636363636363636,0.004255787268881997,0.9868447034686576,82.87671232876713
dif_ren,110,17,110,102,True,/users/delfos/aina/secoem-VSS/scentree-gen-remote/dif_ren_scentree/scenariotree_110/results_17.json,4868,103,86,47.262135922330096,86,1.2790697674418605,8,0.00909090909090909,0.07272727272727272,0.008839131061465909,0.9627612992509843,54.50450450450453
dif_ren,110,18,110,102,True,/users/delfos/aina/secoem-VSS/scentree-gen-remote/dif_ren_scentree/scenariotree_110/results_18.json,5857,103,92,56.86407766990291,92,1.1956521739130435,6,0.00909090909090909,0.05454545454545454,0.0074916566881521205,0.9701547819571853,62.371134020618555
dif_ren,110,19,110,102,True,/users/delfos/aina/secoem-VSS/scentree-gen-remote/dif_ren_scentree/scenariotree_110/results_19.json,6261,103,88,60.786407766990294,88,1.25,9,0.00909090909090909,0.08181818181818182,0.009519839697114275,0.9601196046660236,51.70940170940171
dif_ren,110,2,110,102,True,/users/delfos/aina/secoem-VSS/scentree-gen-remote/dif_ren_scentree/scenariotree_110/results_2.json,6214,103,92,60.33009708737864,92,1.1956521739130435,5,0.00909090909090909,0.045454545454545456,0.005724406465596932,0.9790600668148205,72.02380952380953
dif_ren,110,20,110,102,True,/users/delfos/aina/secoem-VSS/scentree-gen-remote/dif_ren_scentree/scenariotree_110/results_20.json,5854,103,96,56.83495145631068,96,1.1458333333333333,6,0.00909090909090909,0.05454545454545454,0.0062900461762937935,0.9775375133174328,70.34883720930233
dif_ren,110,21,110,102,True,/users/delfos/aina/secoem-VSS/scentree-gen-remote/dif_ren_scentree/scenariotree_110/results_21.json,5675,103,89,55.09708737864078,89,1.2359550561797752,4,0.00909090909090909,0.03636363636363636,0.005622618567731516,0.979439645252386,71.1764705882353
dif_ren,110,22,110,102,True,/users/delfos/aina/secoem-VSS/scentree-gen-remote/dif_ren_scentree/scenariotree_110/results_22.json,6176,103,96,59.96116504854369,96,1.1458333333333333,6,0.00909090909090909,0.05454545454545454,0.0064254528233664305,0.9764953488927637,69.54022988505747
dif_ren,110,23,110,102,True,/users/delfos/aina/secoem-VSS/scentree-gen-remote/dif_ren_scentree/scenariotree_110/results_23.json,5929,103,96,57.56310679611651,96,1.1458333333333333,6,0.00909090909090909,0.05454545454545454,0.006688046811746051,0.9759564357312571,67.97752808988764
dif_ren,110,24,110,102,True,/users/delfos/aina/secoem-VSS/scentree-gen-remote/dif_ren_scentree/scenariotree_110/results_24.json,6464,103,104,62.75728155339806,104,1.0576923076923077,4,0.00909090909090909,0.03636363636363636,0.003043163493973638,0.9930821358240619,94.53125
dif_ren,110,25,110,102,True,/users/delfos/aina/secoem-VSS/scentree-gen-remote/dif_ren_scentree/scenariotree_110/results_25.json,5804,103,92,56.349514563106794,92,1.1956521739130435,7,0.00909090909090909,0.06363636363636363,0.0073707732011745125,0.9710092761684175,63.02083333333334
dif_ren,110,26,110,102,True,/users/delfos/aina/secoem-VSS/scentree-gen-remote/dif_ren_scentree/scenariotree_110/results_26.json,6948,103,95,67.45631067961165,95,1.1578947368421053,6,0.00909090909090909,0.05454545454545454,0.005488853741511957,0.9820125963323388,74.69135802469137
dif_ren,110,27,110,102,True,/users/delfos/aina/secoem-VSS/scentree-gen-remote/dif_ren_scentree/scenariotree_110/results_27.json,6027,103,94,58.51456310679612,94,1.1702127659574468,5,0.00909090909090909,0.045454545454545456,0.0060241437146605166,0.9775665553600502,71.1764705882353
dif_ren,110,28,110,102,True,/users/delfos/aina/secoem-VSS/scentree-gen-remote/dif_ren_scentree/scenariotree_110/results_28.json,6052,103,92,58.75728155339806,92,1.1956521739130435,11,0.00909090909090909,0.1,0.00996212107599096,0.9610354293358527,50.0
dif_ren,110,29,110,102,True,/users/delfos/aina/secoem-VSS/scentree-gen-remote/dif_ren_scentree/scenariotree_110/results_29.json,6133,103,97,59.54368932038835,97,1.134020618556701,4,0.00909090909090909,0.03636363636363636,0.004819104079543558,0.9840898461521186,79.60526315789474
dif_ren,110,3,110,102,True,/users/delfos/aina/secoem-VSS/scentree-gen-remote/dif_ren_scentree/scenariotree_110/results_3.json,7185,103,98,69.75728155339806,98,1.1224489795918366,8,0.00909090909090909,0.07272727272727272,0.007025638674865115,0.9757173237150867,66.4835164835165
dif_ren,110,30,110,102,True,/users/delfos/aina/secoem-VSS/scentree-gen-remote/dif_ren_scentree/scenariotree_110/results_30.json,5478,103,95,53.18446601941748,95,1.1578947368421053,8,0.00909090909090909,0.07272727272727272,0.0072626472578029766,0.974076435346843,64.36170212765958
dif_ren,110,31,110,102,True,/users/delfos/aina/secoem-VSS/scentree-gen-remote/dif_ren_scentree/scenariotree_110/results_31.json,7259,103,98,70.47572815533981,98,1.1224489795918366,6,0.00909090909090909,0.05454545454545454,0.005237697296286865,0.9835996697269173,77.56410256410255
dif_ren,110,4,110,102,True,/users/delfos/aina/secoem-VSS/scentree-gen-remote/dif_ren_scentree/scenariotree_110/results_4.json,6314,103,92,61.300970873786405,92,1.1956521739130435,6,0.00909090909090909,0.05454545454545454,0.006177272572366712,0.9774641079374727,69.54022988505747
dif_ren,110,5,110,102,True,/users/delfos/aina/secoem-VSS/scentree-gen-remote/dif_ren_scentree/scenariotree_110/results_5.json,7674,103,107,74.50485436893204,107,1.02803738317757,3,0.00909090909090909,0.02727272727272727,0.0019485717826983374,0.996808507536805,102.54237288135593
dif_ren,110,6,110,102,True,/users/delfos/aina/secoem-VSS/scentree-gen-remote/dif_ren_scentree/scenariotree_110/results_6.json,5308,103,102,51.53398058252427,102,1.0784313725490196,4,0.00909090909090909,0.03636363636363636,0.00352923170645692,0.9907732791925035,90.29850746268659
dif_ren,110,7,110,102,True,/users/delfos/aina/secoem-VSS/scentree-gen-remote/dif_ren_scentree/scenariotree_110/results_7.json,6606,103,100,64.13592233009709,100,1.1,5,0.00909090909090909,0.045454545454545456,0.0043598468393752,0.9873579164375168,84.02777777777779
dif_ren,110,8,110,102,True,/users/delfos/aina/secoem-VSS/scentree-gen-remote/dif_ren_scentree/scenariotree_110/results_8.json,5602,103,91,54.38834951456311,91,1.2087912087912087,4,0.00909090909090909,0.03636363636363636,0.005799370738741256,0.9784627263558178,71.17647058823529
dif_ren,110,9,110,102,True,/users/delfos/aina/secoem-VSS/scentree-gen-remote/dif_ren_scentree/scenariotree_110/results_9.json,5689,103,91,55.23300970873787,91,1.2087912087912087,8,0.00909090909090909,0.07272727272727272,0.007917988899274468,0.9690266467625609,59.90099009900992
dif_ren,120,1,120,102,True,/users/delfos/aina/secoem-VSS/scentree-gen-remote/dif_ren_scentree/scenariotree_120/results_1.json,6620,103,94,64.27184466019418,94,1.2765957446808511,10,0.008333333333333333,0.08333333333333333,0.008965742467922361,0.9608195935251692,54.961832061068684
dif_ren,120,10,120,102,True,/users/delfos/aina/secoem-VSS/scentree-gen-remote/dif_ren_scentree/scenariotree_120/results_10.json,7640,103,108,74.1747572815534,108,1.1111111111111112,3,0.008333333333333333,0.025,0.003273642505493276,0.9901006354158199,95.99999999999997
dif_ren,120,11,120,102,True,/users/delfos/aina/secoem-VSS/scentree-gen-remote/dif_ren_scentree/scenariotree_120/results_11.json,5780,103,97,56.116504854368934,97,1.2371134020618557,9,0.008333333333333333,0.075,0.007825889923035555,0.9672260102398783,61.53846153846155
dif_ren,120,12,120,102,True,/users/delfos/aina/secoem-VSS/scentree-gen-remote/dif_ren_scentree/scenariotree_120/results_12.json,6852,103,100,66.52427184466019,100,1.2,5,0.008333333333333333,0.041666666666666664,0.005527707983925666,0.9779805504046891,76.59574468085106
dif_ren,120,13,120,102,True,/users/delfos/aina/secoem-VSS/scentree-gen-remote/dif_ren_scentree/scenariotree_120/results_13.json,5881,103,104,57.09708737864078,104,1.1538461538461537,6,0.008333333333333333,0.05,0.00619842295058132,0.9754304436873954,73.46938775510203
dif_ren,120,14,120,102,True,/users/delfos/aina/secoem-VSS/scentree-gen-remote/dif_ren_scentree/scenariotree_120/results_14.json,6720,103,101,65.24271844660194,101,1.188118811881188,4,0.008333333333333333,0.03333333333333333,0.00449802414865974,0.9835065110953783,83.72093023255812
dif_ren,120,15,120,102,True,/users/delfos/aina/secoem-VSS/scentree-gen-remote/dif_ren_scentree/scenariotree_120/results_15.json,6491,103,107,63.019417475728154,107,1.1214953271028036,4,0.008333333333333333,0.03333333333333333,0.004061808352151183,0.9865211651765675,89.99999999999999
dif_ren,120,16,120,102,True,/users/delfos/aina/secoem-VSS/scentree-gen-remote/dif_ren_scentree/scenariotree_120/results_16.json,6075,103,106,58.980582524271846,106,1.1320754716981132,5,0.008333333333333333,0.041666666666666664,0.004139134144996285,0.9865137735541831,88.88888888888887
dif_ren,120,17,120,102,True,/users/delfos/aina/secoem-VSS/scentree-gen-remote/dif_ren_scentree/scenariotree_120/results_17.json,7258,103,99,70.46601941747574,99,1.2121212121212122,5,0.008333333333333333,0.041666666666666664,0.005462956477975741,0.9782217259626351,76.59574468085104
dif_ren,120,18,120,102,True,/users/delfos/aina/secoem-VSS/scentree-gen-remote/dif_ren_scentree/scenariotree_120/results_18.json,7140,103,104,69.32038834951456,104,1.1538461538461537,6,0.008333333333333333,0.05,0.004871373126144445,0.9832218011330978,82.75862068965519
dif_ren,120,19,120,102,True,/users/delfos/aina/secoem-VSS/scentree-gen-remote/dif_ren_scentree/scenariotree_120/results_19.json,6525,103,103,63.349514563106794,103,1.1650485436893203,6,0.008333333333333333,0.05,0.005700296101556162,0.9782802495128785,76.59574468085104
dif_ren,120,2,120,102,True,/users/delfos/aina/secoem-VSS/scentree-gen-remote/dif_ren_scentree/scenariotree_120/results_2.json,6496,103,101,63.067961165048544,101,1.188118811881188,7,0.008333333333333333,0.058333333333333334,0.006498801540434067,0.9738050195053907,70.58823529411764
dif_ren,120,20,120,102,True,/users/delfos/aina/secoem-VSS/scentree-gen-remote/dif_ren_scentree/scenariotree_120/results_20.json,6705,103,97,65.09708737864078,97,1.2371134020618557,7,0.008333333333333333,0.058333333333333334,0.008183637940968975,0.9626446405626582,59.50413223140496
dif_ren,120,21,120,102,True,/users/delfos/aina/secoem-VSS/scentree-gen-remote/dif_ren_scentree/scenariotree_120/results_21.json,7595,103,103,73.7378640776699,103,1.1650485436893203,4,0.008333333333333333,0.03333333333333333,0.004658957944623939,0.9831087630294989,83.72093023255812
dif_ren,120,22,120,102,True,/users/delfos/aina/secoem-VSS/scentree-gen-remote/dif_ren_scentree/scenariotree_120/results_22.json,6050,103,105,58.737864077669904,105,1.1428571428571428,6,0.008333333333333333,0.05,0.005323971374999499,0.9802631824457843,80.0
dif_ren,120,23,120,102,True,/users/delfos/aina/secoem-VSS/scentree-gen-remote/dif_ren_scentree/scenariotree_120/results_23.json,5641,103,99,54.76699029126213,99,1.2121212121212122,9,0.008333333333333333,0.075,0.00880585645159732,0.9602379465071696,56.25
dif_ren,120,24,120,102,True,/users/delfos/aina/secoem-VSS/scentree-gen-remote/dif_ren_scentree/scenariotree_120/results_24.json,6303,103,104,61.19417475728155,104,1.1538461538461537,5,0.008333333333333333,0.041666666666666664,0.005514311068617068,0.9786082905519646,78.26086956521739
dif_ren,120,25,120,102,True,/users/delfos/aina/secoem-VSS/scentree-gen-remote/dif_ren_scentree/scenariotree_120/results_25.json,7011,103,98,68.06796116504854,98,1.2244897959183674,6,0.008333333333333333,0.05,0.00635881601899317,0.9734464602316457,70.58823529411764
dif_ren,120,26,120,102,True,/users/delfos/aina/secoem-VSS/scentree-gen-remote/dif_ren_scentree/scenariotree_120/results_26.json,6888,103,103,66.87378640776699,103,1.1650485436893203,8,0.008333333333333333,0.06666666666666667,0.006475525179211567,0.9753011631235117,71.28712871287127
dif_ren,120,27,120,102,True,/users/delfos/aina/secoem-VSS/scentree-gen-remote/dif_ren_scentree/scenariotree_120/results_27.json,6589,103,100,63.970873786407765,100,1.2,6,0.008333333333333333,0.05,0.00565194165260439,0.9781058108298317,75.78947368421052
dif_ren,120,28,120,102,True,/users/delfos/aina/secoem-VSS/scentree-gen-remote/dif_ren_scentree/scenariotree_120/results_28.json,7164,103,100,69.55339805825243,100,1.2,5,0.008333333333333333,0.041666666666666664,0.006123724356957944,0.9748894822856166,72.72727272727272
dif_ren,120,29,120,102,True,/users/delfos/aina/secoem-VSS/scentree-gen-remote/dif_ren_scentree/scenariotree_120/results_29.json,5771,103,100,56.029126213592235,100,1.2,7,0.008333333333333333,0.058333333333333334,0.006666666666666667,0.9724536748589429,69.23076923076921
dif_ren,120,3,120,102,True,/users/delfos/aina/secoem-VSS/scentree-gen-remote/dif_ren_scentree/scenariotree_120/results_3.json,6696,103,99,65.00970873786407,99,1.2121212121212122,9,0.008333333333333333,0.075,0.0077009851929176285,0.9682909803128468,62.60869565217391
dif_ren,120,30,120,102,True,/users/delfos/aina/secoem-VSS/scentree-gen-remote/dif_ren_scentree/scenariotree_120/results_30.json,6045,103,96,58.689320388349515,96,1.25,9,0.008333333333333333,0.075,0.008419691425682042,0.9623229231194507,58.064516129032256
dif_ren,120,31,120,102,True,/users/delfos/aina/secoem-VSS/scentree-gen-remote/dif_ren_scentree/scenariotree_120/results_31.json,6927,103,98,67.25242718446601,98,1.2244897959183674,8,0.008333333333333333,0.06666666666666667,0.007484925539001831,0.968123018754539,63.71681415929205
dif_ren,120,4,120,102,True,/users/delfos/aina/secoem-VSS/scentree-gen-remote/dif_ren_scentree/scenariotree_120/results_4.json,6333,103,103,61.48543689320388,103,1.1650485436893203,10,0.008333333333333333,0.08333333333333333,0.007969152989991264,0.968185450500574,61.538461538461526
dif_ren,120,5,120,102,True,/users/delfos/aina/secoem-VSS/scentree-gen-remote/dif_ren_scentree/scenariotree_120/results_5.json,6918,103,99,67.16504854368932,99,1.2121212121212122,6,0.008333333333333333,0.05,0.005835464650652193,0.976449420323972,74.22680412371132
dif_ren,120,6,120,102,True,/users/delfos/aina/secoem-VSS/scentree-gen-remote/dif_ren_scentree/scenariotree_120/results_6.json,5639,103,92,54.74757281553398,92,1.3043478260869565,8,0.008333333333333333,0.06666666666666667,0.00965428448874944,0.9539382269128427,51.42857142857143
dif_ren,120,7,120,102,True,/users/delfos/aina/secoem-VSS/scentree-gen-remote/dif_ren_scentree/scenariotree_120/results_7.json,6935,103,105,67.33009708737865,105,1.1428571428571428,5,0.008333333333333333,0.041666666666666664,0.005323971374999498,0.9796868041499551,80.0
dif_ren,120,8,120,102,True,/users/delfos/aina/secoem-VSS/scentree-gen-remote/dif_ren_scentree/scenariotree_120/results_8.json,7098,103,100,68.9126213592233,100,1.2,5,0.008333333333333333,0.041666666666666664,0.006009252125773315,0.975346706682347,73.46938775510203
dif_ren,120,9,120,102,True,/users/delfos/aina/secoem-VSS/scentree-gen-remote/dif_ren_scentree/scenariotree_120/results_9.json,6575,103,105,63.83495145631068,105,1.1428571428571428,5,0.008333333333333333,0.041666666666666664,0.004937247941268504,0.9820130806417262,82.75862068965516
dif_ren,130,1,130,102,True,/users/delfos/aina/secoem-VSS/scentree-gen-remote/dif_ren_scentree/scenariotree_130/results_1.json,6101,103,109,59.23300970873787,109,1.1926605504587156,6,0.007692307692307693,0.046153846153846156,0.005560399605812903,0.9763253748276641,79.71698113207546
dif_ren,130,10,130,102,True,/users/delfos/aina/secoem-VSS/scentree-gen-remote/dif_ren_scentree/scenariotree_130/results_10.json,5984,103,109,58.09708737864078,109,1.1926605504587156,6,0.007692307692307693,0.046153846153846156,0.005560399605812903,0.9763253748276641,79.71698113207546
dif_ren,130,11,130,102,True,/users/delfos/aina/secoem-VSS/scentree-gen-remote/dif_ren_scentree/scenariotree_130/results_11.json,7599,103,112,73.77669902912622,112,1.1607142857142858,9,0.007692307692307693,0.06923076923076923,0.0066262346676880975,0.9726683746554619,72.22222222222221
dif_ren,130,12,130,102,True,/users/delfos/aina/secoem-VSS/scentree-gen-remote/dif_ren_scentree/scenariotree_130/results_12.json,6590,103,111,63.980582524271846,111,1.1711711711711712,8,0.007692307692307693,0.06153846153846154,0.006270028848935561,0.9729687274353209,74.7787610619469
dif_ren,130,13,130,102,True,/users/delfos/aina/secoem-VSS/scentree-gen-remote/dif_ren_scentree/scenariotree_130/results_13.json,6117,103,102,59.38834951456311,102,1.2745098039215685,7,0.007692307692307693,0.05384615384615385,0.007238247692731118,0.9653761394456957,66.015625
dif_ren,130,14,130,102,True,/users/delfos/aina/secoem-VSS/scentree-gen-remote/dif_ren_scentree/scenariotree_130/results_14.json,6245,103,113,60.63106796116505,113,1.1504424778761062,6,0.007692307692307693,0.046153846153846156,0.004486659510764896,0.9833807660945656,89.89361702127658
dif_ren,130,15,130,102,True,/users/delfos/aina/secoem-VSS/scentree-gen-remote/dif_ren_scentree/scenariotree_130/results_15.json,6849,103,115,66.49514563106796,115,1.1304347826086956,6,0.007692307692307693,0.046153846153846156,0.005417647285970993,0.9778237521959691,82.84313725490196
dif_ren,130,16,130,102,True,/users/delfos/aina/secoem-VSS/scentree-gen-remote/dif_ren_scentree/scenariotree_130/results_16.json,6579,103,115,63.87378640776699,115,1.1304347826086956,3,0.007692307692307693,0.023076923076923078,0.0029613302503249043,0.9904309082217494,103.04878048780485
dif_ren,130,17,130,102,True,/users/delfos/aina/secoem-VSS/scentree-gen-remote/dif_ren_scentree/scenariotree_130/results_17.json,7115,103,112,69.07766990291262,112,1.1607142857142858,11,0.007692307692307693,0.08461538461538462,0.007932617976912588,0.9655727571312611,62.59259259259258
dif_ren,130,18,130,102,True,/users/delfos/aina/secoem-VSS/scentree-gen-remote/dif_ren_scentree/scenariotree_130/results_18.json,6784,103,114,65.86407766990291,114,1.1403508771929824,6,0.007692307692307693,0.046153846153846156,0.0049786414968142284,0.980149689316442,86.22448979591834
dif_ren,130,19,130,102,True,/users/delfos/aina/secoem-VSS/scentree-gen-remote/dif_ren_scentree/scenariotree_130/results_19.json,6582,103,114,63.90291262135922,114,1.1403508771929824,4,0.007692307692307693,0.03076923076923077,0.0040598134835334206,0.9846527957187762,93.88888888888887
dif_ren,130,2,130,102,True,/users/delfos/aina/secoem-VSS/scentree-gen-remote/dif_ren_scentree/scenariotree_130/results_2.json,6451,103,109,62.63106796116505,109,1.1926605504587156,5,0.007692307692307693,0.038461538461538464,0.005155111465843239,0.977740494154399,82.84313725490193
dif_ren,130,20,130,102,True,/users/delfos/aina/secoem-VSS/scentree-gen-remote/dif_ren_scentree/scenariotree_130/results_20.json,6291,103,116,61.077669902912625,116,1.1206896551724137,5,0.007692307692307693,0.038461538461538464,0.004059742139260998,0.9854249078457555,94.94382022471908
dif_ren,130,21,130,102,True,/users/delfos/aina/secoem-VSS/scentree-gen-remote/dif_ren_scentree/scenariotree_130/results_21.json,6955,103,117,67.52427184466019,117,1.1111111111111112,5,0.007692307692307693,0.038461538461538464,0.0038661907765914945,0.9867331661639839,97.12643678160917
dif_ren,130,22,130,102,True,/users/delfos/aina/secoem-VSS/scentree-gen-remote/dif_ren_scentree/scenariotree_130/results_22.json,6801,103,116,66.02912621359224,116,1.1206896551724137,7,0.007692307692307693,0.05384615384615385,0.0052634309901815465,0.979494752015345,84.49999999999999
dif_ren,130,23,130,102,True,/users/delfos/aina/secoem-VSS/scentree-gen-remote/dif_ren_scentree/scenariotree_130/results_23.json,7764,103,113,75.37864077669903,113,1.1504424778761062,6,0.007692307692307693,0.046153846153846156,0.00471430624729225,0.9819764351381965,88.02083333333331
dif_ren,130,24,130,102,True,/users/delfos/aina/secoem-VSS/scentree-gen-remote/dif_ren_scentree/scenariotree_130/results_24.json,6081,103,115,59.03883495145631,115,1.1304347826086956,6,0.007692307692307693,0.046153846153846156,0.004919913190216266,0.9810316508394309,87.11340206185565
dif_ren,130,25,130,102,True,/users/delfos/aina/secoem-VSS/scentree-gen-remote/dif_ren_scentree/scenariotree_130/results_25.json,6730,103,116,65.33980582524272,116,1.1206896551724137,4,0.007692307692307693,0.03076923076923077,0.0038001455654892314,0.9863836481613547,97.12643678160919
dif_ren,130,26,130,102,True,/users/delfos/aina/secoem-VSS/scentree-gen-remote/dif_ren_scentree/scenariotree_130/results_26.json,5977,103,116,58.029126213592235,116,1.1206896551724137,8,0.007692307692307693,0.06153846153846154,0.005637774882448881,0.9782571114097453,81.25
dif_ren,130,27,130,102,True,/users/delfos/aina/secoem-VSS/scentree-gen-remote/dif_ren_scentree/scenariotree_130/results_27.json,6662,103,114,64.67961165048544,114,1.1403508771929824,7,0.007692307692307693,0.05384615384615385,0.005282155409117659,0.9791403214474558,83.66336633663363
dif_ren,130,28,130,102,True,/users/delfos/aina/secoem-VSS/scentree-gen-remote/dif_ren_scentree/scenariotree_130/results_28.json,5822,103,118,56.52427184466019,118,1.1016949152542372,3,0.007692307692307693,0.023076923076923078,0.0030687359311446726,0.9901029403647538,104.32098765432097
dif_ren,130,29,130,102,True,/users/delfos/aina/secoem-VSS/scentree-gen-remote/dif_ren_scentree/scenariotree_130/results_29.json,7201,103,119,69.9126213592233,119,1.0924369747899159,5,0.007692307692307693,0.038461538461538464,0.0034533187819503768,0.989085424122675,101.80722891566262
dif_ren,130,3,130,102,True,/users/delfos/aina/secoem-VSS/scentree-gen-remote/dif_ren_scentree/scenariotree_130/results_3.json,6633,103,117,64.39805825242719,117,1.1111111111111112,4,0.007692307692307693,0.03076923076923077,0.003301743466006501,0.9890842511453233,101.80722891566262
dif_ren,130,30,130,102,True,/users/delfos/aina/secoem-VSS/scentree-gen-remote/dif_ren_scentree/scenariotree_130/results_30.json,7521,103,120,73.01941747572816,120,1.0833333333333333,5,0.007692307692307693,0.038461538461538464,0.0032306674790651677,0.9904247214142583,104.32098765432097
dif_ren,130,31,130,102,True,/users/delfos/aina/secoem-VSS/scentree-gen-remote/dif_ren_scentree/scenariotree_130/results_31.json,6006,103,114,58.310679611650485,114,1.1403508771929824,10,0.007692307692307693,0.07692307692307693,0.006748987719325229,0.9737220611231787,71.61016949152541
dif_ren,130,4,130,102,True,/users/delfos/aina/secoem-VSS/scentree-gen-remote/dif_ren_scentree/scenariotree_130/results_4.json,7235,103,115,70.24271844660194,115,1.1304347826086956,4,0.007692307692307693,0.03076923076923077,0.0035896743451501643,0.9873352288523212,98.25581395348836
dif_ren,130,5,130,102,True,/users/delfos/aina/secoem-VSS/scentree-gen-remote/dif_ren_scentree/scenariotree_130/results_5.json,7140,103,120,69.32038834951456,120,1.0833333333333333,3,0.007692307692307693,0.023076923076923078,0.0023465391304773237,0.9936041026342558,111.18421052631575
dif_ren,130,6,130,102,True,/users/delfos/aina/secoem-VSS/scentree-gen-remote/dif_ren_scentree/scenariotree_130/results_6.json,6259,103,106,60.76699029126213,106,1.2264150943396226,15,0.007692307692307693,0.11538461538461539,0.010790101012363636,0.9507447644978425,45.92391304347825
dif_ren,130,7,130,102,True,/users/delfos/aina/secoem-VSS/scentree-gen-remote/dif_ren_scentree/scenariotree_130/results_7.json,6449,103,114,62.61165048543689,114,1.1403508771929824,3,0.007692307692307693,0.023076923076923078,0.003511366216263884,0.9874562327490933,98.25581395348834
dif_ren,130,8,130,102,True,/users/delfos/aina/secoem-VSS/scentree-gen-remote/dif_ren_scentree/scenariotree_130/results_8.json,6185,103,114,60.04854368932039,114,1.1403508771929824,7,0.007692307692307693,0.05384615384615385,0.005282155409117659,0.9791403214474558,83.66336633663366
dif_ren,130,9,130,102,True,/users/delfos/aina/secoem-VSS/scentree-gen-remote/dif_ren_scentree/scenariotree_130/results_9.json,6757,103,115,65.60194174757281,115,1.1304347826086956,4,0.007692307692307693,0.03076923076923077,0.003865734655999971,0.9859360903869054,96.02272727272725
dif_ren,140,1,140,102,True,/users/delfos/aina/secoem-VSS/scentree-gen-remote/dif_ren_scentree/scenariotree_140/results_1.json,7192,103,120,69.8252427184466,120,1.1666666666666667,10,0.007142857142857143,0.07142857142857142,0.0063442440926067736,0.9727508099096058,75.96899224806205
dif_ren,140,10,140,102,True,/users/delfos/aina/secoem-VSS/scentree-gen-remote/dif_ren_scentree/scenariotree_140/results_10.json,7080,103,121,68.7378640776699,121,1.1570247933884297,4,0.007142857142857143,0.02857142857142857,0.003787252640459372,0.984714775034066,100.00000000000001
dif_ren,140,11,140,102,True,/users/delfos/aina/secoem-VSS/scentree-gen-remote/dif_ren_scentree/scenariotree_140/results_11.json,6606,103,116,64.13592233009709,116,1.206896551724138,5,0.007142857142857143,0.03571428571428571,0.004644016658858326,0.9792816782783814,89.90825688073393
dif_ren,140,12,140,102,True,/users/delfos/aina/secoem-VSS/scentree-gen-remote/dif_ren_scentree/scenariotree_140/results_12.json,6746,103,112,65.49514563106796,112,1.25,4,0.007142857142857143,0.02857142857142857,0.0045276120789027674,0.9795815471946419,89.0909090909091
dif_ren,140,13,140,102,True,/users/delfos/aina/secoem-VSS/scentree-gen-remote/dif_ren_scentree/scenariotree_140/results_13.json,7141,103,124,69.33009708737865,124,1.1290322580645162,5,0.007142857142857143,0.03571428571428571,0.004251760849595837,0.9825677663017839,97.02970297029701
dif_ren,140,14,140,102,True,/users/delfos/aina/secoem-VSS/scentree-gen-remote/dif_ren_scentree/scenariotree_140/results_14.json,7838,103,115,76.09708737864078,115,1.2173913043478262,6,0.007142857142857143,0.04285714285714286,0.0050536262377162714,0.9769990146727612,85.96491228070174
dif_ren,140,15,140,102,True,/users/delfos/aina/secoem-VSS/scentree-gen-remote/dif_ren_scentree/scenariotree_140/results_15.json,7302,103,111,70.89320388349515,111,1.2612612612612613,8,0.007142857142857143,0.05714285714285714,0.006622744056766336,0.9666240735414132,72.05882352941175
dif_ren,140,16,140,102,True,/users/delfos/aina/secoem-VSS/scentree-gen-remote/dif_ren_scentree/scenariotree_140/results_16.json,7180,103,117,69.70873786407768,117,1.1965811965811965,8,0.007142857142857143,0.05714285714285714,0.00635038028031543,0.9693030687542921,75.38461538461537
dif_ren,140,17,140,102,True,/users/delfos/aina/secoem-VSS/scentree-gen-remote/dif_ren_scentree/scenariotree_140/results_17.json,6819,103,117,66.20388349514563,117,1.1965811965811965,9,0.007142857142857143,0.06428571428571428,0.0073676067602176255,0.9631522755573372,67.12328767123286
dif_ren,140,18,140,102,True,/users/delfos/aina/secoem-VSS/scentree-gen-remote/dif_ren_scentree/scenariotree_140/results_18.json,6774,103,115,65.76699029126213,115,1.2173913043478262,6,0.007142857142857143,0.04285714285714286,0.005634742077039367,0.9727210516430891,80.99173553719007
dif_ren,140,19,140,102,True,/users/delfos/aina/secoem-VSS/scentree-gen-remote/dif_ren_scentree/scenariotree_140/results_19.json,6947,103,122,67.44660194174757,122,1.1475409836065573,6,0.007142857142857143,0.04285714285714286,0.004810922385052491,0.979307594468012,90.74074074074073
dif_ren,140,2,140,102,True,/users/delfos/aina/secoem-VSS/scentree-gen-remote/dif_ren_scentree/scenariotree_140/results_2.json,7529,103,115,73.09708737864078,115,1.2173913043478262,13,0.007142857142857143,0.09285714285714286,0.009170697552940001,0.95327364364916,54.44444444444443
dif_ren,140,20,140,102,True,/users/delfos/aina/secoem-VSS/scentree-gen-remote/dif_ren_scentree/scenariotree_140/results_20.json,7557,103,117,73.36893203883496,117,1.1965811965811965,5,0.007142857142857143,0.03571428571428571,0.004874074152921141,0.9781975399579178,88.28828828828829
dif_ren,140,21,140,102,True,/users/delfos/aina/secoem-VSS/scentree-gen-remote/dif_ren_scentree/scenariotree_140/results_21.json,7252,103,118,70.40776699029126,118,1.1864406779661016,8,0.007142857142857143,0.05714285714285714,0.005877596171398718,0.9727832006931473,79.67479674796748
dif_ren,140,22,140,102,True,/users/delfos/aina/secoem-VSS/scentree-gen-remote/dif_ren_scentree/scenariotree_140/results_22.json,6820,103,123,66.2135922330097,123,1.1382113821138211,7,0.007142857142857143,0.05,0.005564619804828102,0.9761764196673407,83.76068376068373
dif_ren,140,23,140,102,True,/users/delfos/aina/secoem-VSS/scentree-gen-remote/dif_ren_scentree/scenariotree_140/results_23.json,7239,103,121,70.28155339805825,121,1.1570247933884297,5,0.007142857142857143,0.03571428571428571,0.003896998215843921,0.9846116764813072,98.98989898989899
dif_ren,140,24,140,102,True,/users/delfos/aina/secoem-VSS/scentree-gen-remote/dif_ren_scentree/scenariotree_140/results_24.json,8013,103,117,77.79611650485437,117,1.1965811965811965,6,0.007142857142857143,0.04285714285714286,0.005543802727592914,0.9734885728445601,82.35294117647057
dif_ren,140,25,140,102,True,/users/delfos/aina/secoem-VSS/scentree-gen-remote/dif_ren_scentree/scenariotree_140/results_25.json,7057,103,117,68.51456310679612,117,1.1965811965811965,8,0.007142857142857143,0.05714285714285714,0.006418681596239656,0.968793400453573,74.8091603053435
dif_ren,140,26,140,102,True,/users/delfos/aina/secoem-VSS/scentree-gen-remote/dif_ren_scentree/scenariotree_140/results_26.json,6368,103,121,61.8252427184466,121,1.1570247933884297,6,0.007142857142857143,0.04285714285714286,0.005195475968285272,0.976961875722237,86.72566371681414
dif_ren,140,27,140,102,True,/users/delfos/aina/secoem-VSS/scentree-gen-remote/dif_ren_scentree/scenariotree_140/results_27.json,7246,103,133,70.3495145631068,133,1.0526315789473684,3,0.007142857142857143,0.02142857142857143,0.0022012783600342855,0.994022127433957,122.49999999999999
dif_ren,140,28,140,102,True,/users/delfos/aina/secoem-VSS/scentree-gen-remote/dif_ren_scentree/scenariotree_140/results_28.json,6631,103,119,64.37864077669903,119,1.1764705882352942,8,0.007142857142857143,0.05714285714285714,0.005528729382794455,0.9759914254378267,83.05084745762709
dif_ren,140,29,140,102,True,/users/delfos/aina/secoem-VSS/scentree-gen-remote/dif_ren_scentree/scenariotree_140/results_29.json,6214,103,116,60.33009708737864,116,1.206896551724138,6,0.007142857142857143,0.04285714285714286,0.004919946885575907,0.9784954332318127,87.49999999999999
dif_ren,140,3,140,102,True,/users/delfos/aina/secoem-VSS/scentree-gen-remote/dif_ren_scentree/scenariotree_140/results_3.json,7624,103,115,74.01941747572816,115,1.2173913043478262,5,0.007142857142857143,0.03571428571428571,0.005475006427587332,0.9735356850162153,82.3529411764706
dif_ren,140,30,140,102,True,/users/delfos/aina/secoem-VSS/scentree-gen-remote/dif_ren_scentree/scenariotree_140/results_30.json,7390,103,118,71.74757281553399,118,1.1864406779661016,9,0.007142857142857143,0.06428571428571428,0.006572188643167051,0.9691001523183315,73.6842105263158
dif_ren,140,31,140,102,True,/users/delfos/aina/secoem-VSS/scentree-gen-remote/dif_ren_scentree/scenariotree_140/results_31.json,6907,103,116,67.05825242718447,116,1.206896551724138,8,0.007142857142857143,0.05714285714285714,0.006465224013993443,0.9688662846691954,74.24242424242424
dif_ren,140,4,140,102,True,/users/delfos/aina/secoem-VSS/scentree-gen-remote/dif_ren_scentree/scenariotree_140/results_4.json,7426,103,123,72.09708737864078,123,1.1382113821138211,7,0.007142857142857143,0.05,0.004761196513999914,0.9804376479163222,91.58878504672894
dif_ren,140,5,140,102,True,/users/delfos/aina/secoem-VSS/scentree-gen-remote/dif_ren_scentree/scenariotree_140/results_5.json,6105,103,118,59.271844660194176,118,1.1864406779661016,7,0.007142857142857143,0.05,0.005652599288101089,0.9744370794968944,81.66666666666664
dif_ren,140,6,140,102,True,/users/delfos/aina/secoem-VSS/scentree-gen-remote/dif_ren_scentree/scenariotree_140/results_6.json,7255,103,117,70.4368932038835,117,1.1965811965811965,5,0.007142857142857143,0.03571428571428571,0.004783769969269777,0.9780262067410543,89.09090909090907
dif_ren,140,7,140,102,True,/users/delfos/aina/secoem-VSS/scentree-gen-remote/dif_ren_scentree/scenariotree_140/results_7.json,6768,103,119,65.70873786407768,119,1.1764705882352942,8,0.007142857142857143,0.05714285714285714,0.005290972598088596,0.9777891912724433,85.21739130434779
dif_ren,140,8,140,102,True,/users/delfos/aina/secoem-VSS/scentree-gen-remote/dif_ren_scentree/scenariotree_140/results_8.json,7133,103,115,69.25242718446601,115,1.2173913043478262,7,0.007142857142857143,0.05,0.006088857606535389,0.9701059436272118,77.16535433070864
dif_ren,140,9,140,102,True,/users/delfos/aina/secoem-VSS/scentree-gen-remote/dif_ren_scentree/scenariotree_140/results_9.json,6511,103,120,63.213592233009706,120,1.1666666666666667,8,0.007142857142857143,0.05714285714285714,0.006276869679268604,0.9702787863014685,76.56250000000001
dif_ren,150,1,150,102,True,/users/delfos/aina/secoem-VSS/scentree-gen-remote/dif_ren_scentree/scenariotree_150/results_1.json,8066,103,130,78.31067961165049,130,1.1538461538461537,5,0.006666666666666667,0.03333333333333333,0.0037404271853970195,0.9839496954009853,105.14018691588784
dif_ren,150,10,150,102,True,/users/delfos/aina/secoem-VSS/scentree-gen-remote/dif_ren_scentree/scenariotree_150/results_10.json,7119,103,126,69.11650485436893,126,1.1904761904761905,6,0.006666666666666667,0.04,0.004804046333467161,0.9765583458252225,92.21311475409836
dif_ren,150,11,150,102,True,/users/delfos/aina/secoem-VSS/scentree-gen-remote/dif_ren_scentree/scenariotree_150/results_11.json,7180,103,122,69.70873786407768,122,1.2295081967213115,19,0.006666666666666667,0.12666666666666668,0.011023633669004813,0.9439568216345487,43.436293436293425
dif_ren,150,12,150,102,True,/users/delfos/aina/secoem-VSS/scentree-gen-remote/dif_ren_scentree/scenariotree_150/results_12.json,7925,103,123,76.94174757281553,123,1.2195121951219512,11,0.006666666666666667,0.07333333333333333,0.007139674276455332,0.9633872616702539,69.44444444444444
dif_ren,150,13,150,102,True,/users/delfos/aina/secoem-VSS/scentree-gen-remote/dif_ren_scentree/scenariotree_150/results_13.json,8270,103,136,80.29126213592232,136,1.1029411764705883,5,0.006666666666666667,0.03333333333333333,0.003261922501885123,0.9876202520003172,113.63636363636361
dif_ren,150,14,150,102,True,/users/delfos/aina/secoem-VSS/scentree-gen-remote/dif_ren_scentree/scenariotree_150/results_14.json,6775,103,125,65.77669902912622,125,1.2,7,0.006666666666666667,0.04666666666666667,0.005266244708835066,0.9738572256027279,87.20930232558139
dif_ren,150,15,150,102,True,/users/delfos/aina/secoem-VSS/scentree-gen-remote/dif_ren_scentree/scenariotree_150/results_15.json,6770,103,132,65.72815533980582,132,1.1363636363636365,6,0.006666666666666667,0.04,0.00416597790450531,0.9816820164515889,101.35135135135135
dif_ren,150,16,150,102,True,/users/delfos/aina/secoem-VSS/scentree-gen-remote/dif_ren_scentree/scenariotree_150/results_16.json,7149,103,127,69.40776699029126,127,1.1811023622047243,8,0.006666666666666667,0.05333333333333334,0.0057609007530998214,0.9715213913533913,82.7205882352941
dif_ren,150,17,150,102,True,/users/delfos/aina/secoem-VSS/scentree-gen-remote/dif_ren_scentree/scenariotree_150/results_17.json,7704,103,123,74.79611650485437,123,1.2195121951219512,6,0.006666666666666667,0.04,0.004620099473414869,0.9778241037153027,92.97520661157024
dif_ren,150,18,150,102,True,/users/delfos/aina/secoem-VSS/scentree-gen-remote/dif_ren_scentree/scenariotree_150/results_18.json,7603,103,128,73.81553398058253,128,1.171875,7,0.006666666666666667,0.04666666666666667,0.004937763706038055,0.9767160987059192,91.46341463414632
dif_ren,150,19,150,102,True,/users/delfos/aina/secoem-VSS/scentree-gen-remote/dif_ren_scentree/scenariotree_150/results_19.json,7206,103,126,69.96116504854369,126,1.1904761904761905,6,0.006666666666666667,0.04,0.0049487165930539355,0.97611462616006,90.7258064516129
dif_ren,150,2,150,102,True,/users/delfos/aina/secoem-VSS/scentree-gen-remote/dif_ren_scentree/scenariotree_150/results_2.json,6595,103,121,64.02912621359224,121,1.2396694214876034,6,0.006666666666666667,0.04,0.005072462495419902,0.9745617797789303,87.89062499999997
dif_ren,150,20,150,102,True,/users/delfos/aina/secoem-VSS/scentree-gen-remote/dif_ren_scentree/scenariotree_150/results_20.json,6854,103,122,66.54368932038835,122,1.2295081967213115,11,0.006666666666666667,0.07333333333333333,0.007672100010834643,0.9582944255574104,65.02890173410402
dif_ren,150,21,150,102,True,/users/delfos/aina/secoem-VSS/scentree-gen-remote/dif_ren_scentree/scenariotree_150/results_21.json,8093,103,132,78.57281553398059,132,1.1363636363636365,6,0.006666666666666667,0.04,0.003916014540400026,0.983574774452833,104.16666666666666
dif_ren,150,22,150,102,True,/users/delfos/aina/secoem-VSS/scentree-gen-remote/dif_ren_scentree/scenariotree_150/results_22.json,8078,103,124,78.42718446601941,124,1.2096774193548387,11,0.006666666666666667,0.07333333333333333,0.00719787869728153,0.9635504007936427,69.01840490797545
dif_ren,150,23,150,102,True,/users/delfos/aina/secoem-VSS/scentree-gen-remote/dif_ren_scentree/scenariotree_150/results_23.json,8567,103,119,83.1747572815534,119,1.2605042016806722,6,0.006666666666666667,0.04,0.005289892048902131,0.9728889847691692,85.22727272727272
dif_ren,150,24,150,102,True,/users/delfos/aina/secoem-VSS/scentree-gen-remote/dif_ren_scentree/scenariotree_150/results_24.json,7908,103,126,76.77669902912622,126,1.1904761904761905,8,0.006666666666666667,0.05333333333333334,0.005616446353318771,0.9719197158476366,83.955223880597
dif_ren,150,25,150,102,True,/users/delfos/aina/secoem-VSS/scentree-gen-remote/dif_ren_scentree/scenariotree_150/results_25.json,7290,103,135,70.77669902912622,135,1.1111111111111112,6,0.006666666666666667,0.04,0.0038632310549349025,0.9846268412318038,106.13207547169812
dif_ren,150,26,150,102,True,/users/delfos/aina/secoem-VSS/scentree-gen-remote/dif_ren_scentree/scenariotree_150/results_26.json,8373,103,133,81.29126213592232,133,1.1278195488721805,11,0.006666666666666667,0.07333333333333333,0.006248196202038811,0.9719992782701986,78.67132867132868
dif_ren,150,27,150,102,True,/users/delfos/aina/secoem-VSS/scentree-gen-remote/dif_ren_scentree/scenariotree_150/results_27.json,6769,103,122,65.71844660194175,122,1.2295081967213115,7,0.006666666666666667,0.04666666666666667,0.005712408456993215,0.9708320024043589,82.11678832116786
dif_ren,150,28,150,102,True,/users/delfos/aina/secoem-VSS/scentree-gen-remote/dif_ren_scentree/scenariotree_150/results_28.json,7633,103,134,74.10679611650485,134,1.1194029850746268,5,0.006666666666666667,0.03333333333333333,0.0033625363679036413,0.98683373259263,111.38613861386138
dif_ren,150,29,150,102,True,/users/delfos/aina/secoem-VSS/scentree-gen-remote/dif_ren_scentree/scenariotree_150/results_29.json,6799,103,121,66.00970873786407,121,1.2396694214876034,6,0.006666666666666667,0.04,0.00485036277180689,0.976112747926188,89.99999999999999
dif_ren,150,3,150,102,True,/users/delfos/aina/secoem-VSS/scentree-gen-remote/dif_ren_scentree/scenariotree_150/results_3.json,8071,103,132,78.35922330097087,132,1.1363636363636365,6,0.006666666666666667,0.04,0.003829068973944417,0.9840387130943182,105.14018691588784
dif_ren,150,30,150,102,True,/users/delfos/aina/secoem-VSS/scentree-gen-remote/dif_ren_scentree/scenariotree_150/results_30.json,8552,103,139,83.02912621359224,139,1.079136690647482,4,0.006666666666666667,0.02666666666666667,0.002407654752616045,0.9922523637979372,124.99999999999994
dif_ren,150,31,150,102,True,/users/delfos/aina/secoem-VSS/scentree-gen-remote/dif_ren_scentree/scenariotree_150/results_31.json,6906,103,122,67.04854368932038,122,1.2295081967213115,10,0.006666666666666667,0.06666666666666667,0.007130676449485753,0.9634316416261519,69.44444444444443
dif_ren,150,4,150,102,True,/users/delfos/aina/secoem-VSS/scentree-gen-remote/dif_ren_scentree/scenariotree_150/results_4.json,6977,103,126,67.7378640776699,126,1.1904761904761905,7,0.006666666666666667,0.04666666666666667,0.005553287518900287,0.9719998359326608,84.5864661654135
dif_ren,150,5,150,102,True,/users/delfos/aina/secoem-VSS/scentree-gen-remote/dif_ren_scentree/scenariotree_150/results_5.json,8632,103,129,83.80582524271844,129,1.1627906976744187,14,0.006666666666666667,0.09333333333333334,0.00786583001176175,0.9629842111457344,63.55932203389831
dif_ren,150,6,150,102,True,/users/delfos/aina/secoem-VSS/scentree-gen-remote/dif_ren_scentree/scenariotree_150/results_6.json,7314,103,131,71.00970873786407,131,1.1450381679389312,6,0.006666666666666667,0.04,0.004289928430678391,0.980972067572123,99.55752212389379
dif_ren,150,7,150,102,True,/users/delfos/aina/secoem-VSS/scentree-gen-remote/dif_ren_scentree/scenariotree_150/results_7.json,6507,103,124,63.1747572815534,124,1.2096774193548387,5,0.006666666666666667,0.03333333333333333,0.0047348470658718275,0.9767137371884538,92.21311475409834
dif_ren,150,8,150,102,True,/users/delfos/aina/secoem-VSS/scentree-gen-remote/dif_ren_scentree/scenariotree_150/results_8.json,7942,103,117,77.10679611650485,117,1.2820512820512822,5,0.006666666666666667,0.03333333333333333,0.00529086753522809,0.9719946019130031,84.58646616541351
dif_ren,150,9,150,102,True,/users/delfos/aina/secoem-VSS/scentree-gen-remote/dif_ren_scentree/scenariotree_150/results_9.json,6310,103,118,61.262135922330096,118,1.271186440677966,10,0.006666666666666667,0.06666666666666667,0.006815348632768462,0.9640957967031559,71.65605095541402
dif_ren,160,1,160,102,True,/users/delfos/aina/secoem-VSS/scentree-gen-remote/dif_ren_scentree/scenariotree_160/results_1.json,8223,103,140,79.83495145631068,140,1.1428571428571428,5,0.00625,0.03125,0.003702935955951379,0.9829789874726913,110.34482758620686
dif_ren,160,10,160,102,True,/users/delfos/aina/secoem-VSS/scentree-gen-remote/dif_ren_scentree/scenariotree_160/results_10.json,7590,103,137,73.68932038834951,137,1.167883211678832,6,0.00625,0.0375,0.0045037331854687725,0.9774051972723266,99.22480620155038
dif_ren,160,11,160,102,True,/users/delfos/aina/secoem-VSS/scentree-gen-remote/dif_ren_scentree/scenariotree_160/results_11.json,7271,103,139,70.59223300970874,139,1.1510791366906474,9,0.00625,0.05625,0.005243276198397976,0.9739593978600551,90.78014184397162
dif_ren,160,12,160,102,True,/users/delfos/aina/secoem-VSS/scentree-gen-remote/dif_ren_scentree/scenariotree_160/results_12.json,7163,103,141,69.54368932038835,141,1.1347517730496455,5,0.00625,0.03125,0.0035868667241389907,0.9836351550153118,112.28070175438596
dif_ren,160,13,160,102,True,/users/delfos/aina/secoem-VSS/scentree-gen-remote/dif_ren_scentree/scenariotree_160/results_13.json,8715,103,131,84.6116504854369,131,1.2213740458015268,7,0.00625,0.04375,0.004840617913477401,0.9752474741948829,93.43065693430654
dif_ren,160,14,160,102,True,/users/delfos/aina/secoem-VSS/scentree-gen-remote/dif_ren_scentree/scenariotree_160/results_14.json,7052,103,147,68.46601941747574,147,1.08843537414966,4,0.00625,0.025,0.0025174951263754186,0.9909378862225869,129.29292929292924
dif_ren,160,15,160,102,True,/users/delfos/aina/secoem-VSS/scentree-gen-remote/dif_ren_scentree/scenariotree_160/results_15.json,7920,103,139,76.89320388349515,139,1.1510791366906474,5,0.00625,0.03125,0.0038163840240868605,0.9822207297053486,108.47457627118641
dif_ren,160,16,160,102,True,/users/delfos/aina/secoem-VSS/scentree-gen-remote/dif_ren_scentree/scenariotree_160/results_16.json,8533,103,134,82.84466019417475,134,1.1940298507462686,7,0.00625,0.04375,0.0050347215554155346,0.9740428815733836,92.0863309352518
dif_ren,160,17,160,102,True,/users/delfos/aina/secoem-VSS/scentree-gen-remote/dif_ren_scentree/scenariotree_160/results_17.json,7890,103,141,76.60194174757281,141,1.1347517730496455,6,0.00625,0.0375,0.003883545410249913,0.9823134902059578,108.47457627118642
dif_ren,160,18,160,102,True,/users/delfos/aina/secoem-VSS/scentree-gen-remote/dif_ren_scentree/scenariotree_160/results_18.json,8169,103,133,79.31067961165049,133,1.2030075187969924,6,0.00625,0.0375,0.004386692116584573,0.978100830202882,99.22480620155038
dif_ren,160,19,160,102,True,/users/delfos/aina/secoem-VSS/scentree-gen-remote/dif_ren_scentree/scenariotree_160/results_19.json,8388,103,144,81.4368932038835,144,1.1111111111111112,5,0.00625,0.03125,0.00286326779556782,0.9888432231465276,123.07692307692305
dif_ren,160,2,160,102,True,/users/delfos/aina/secoem-VSS/scentree-gen-remote/dif_ren_scentree/scenariotree_160/results_2.json,7392,103,135,71.76699029126213,135,1.1851851851851851,6,0.00625,0.0375,0.004038671942141553,0.9805118801681658,104.06504065040649
dif_ren,160,20,160,102,True,/users/delfos/aina/secoem-VSS/scentree-gen-remote/dif_ren_scentree/scenariotree_160/results_20.json,6924,103,142,67.22330097087378,142,1.1267605633802817,6,0.00625,0.0375,0.0036230837371930766,0.9840680716176409,112.28070175438596
dif_ren,160,21,160,102,True,/users/delfos/aina/secoem-VSS/scentree-gen-remote/dif_ren_scentree/scenariotree_160/results_21.json,7978,103,140,77.45631067961165,140,1.1428571428571428,7,0.00625,0.04375,0.0042633344236833294,0.979755209574351,103.22580645161288
dif_ren,160,22,160,102,True,/users/delfos/aina/secoem-VSS/scentree-gen-remote/dif_ren_scentree/scenariotree_160/results_22.json,7998,103,136,77.6504854368932,136,1.1764705882352942,5,0.00625,0.03125,0.003780691875221164,0.9818124929122594,107.56302521008399
dif_ren,160,23,160,102,True,/users/delfos/aina/secoem-VSS/scentree-gen-remote/dif_ren_scentree/scenariotree_160/results_23.json,7979,103,136,77.46601941747574,136,1.1764705882352942,8,0.00625,0.05,0.005020772163142523,0.9743254827632799,92.75362318840577
dif_ren,160,24,160,102,True,/users/delfos/aina/secoem-VSS/scentree-gen-remote/dif_ren_scentree/scenariotree_160/results_24.json,7882,103,140,76.52427184466019,140,1.1428571428571428,5,0.00625,0.03125,0.003469528433522401,0.9846221251631089,113.2743362831858
dif_ren,160,25,160,102,True,/users/delfos/aina/secoem-VSS/scentree-gen-remote/dif_ren_scentree/scenariotree_160/results_25.json,7809,103,135,75.81553398058253,135,1.1851851851851851,8,0.00625,0.05,0.005752675765558914,0.9697146840974878,84.2105263157895
dif_ren,160,26,160,102,True,/users/delfos/aina/secoem-VSS/scentree-gen-remote/dif_ren_scentree/scenariotree_160/results_26.json,9451,103,144,91.75728155339806,144,1.1111111111111112,6,0.00625,0.0375,0.003763799199423403,0.9836130429155688,111.30434782608694
dif_ren,160,27,160,102,True,/users/delfos/aina/secoem-VSS/scentree-gen-remote/dif_ren_scentree/scenariotree_160/results_27.json,7657,103,144,74.33980582524272,144,1.1111111111111112,5,0.00625,0.03125,0.00286326779556782,0.9888432231465276,123.07692307692305
dif_ren,160,28,160,102,True,/users/delfos/aina/secoem-VSS/scentree-gen-remote/dif_ren_scentree/scenariotree_160/results_28.json,7741,103,140,75.15533980582525,140,1.1428571428571428,6,0.00625,0.0375,0.0036268028592124826,0.9840478896206839,111.30434782608693
dif_ren,160,29,160,102,True,/users/delfos/aina/secoem-VSS/scentree-gen-remote/dif_ren_scentree/scenariotree_160/results_29.json,7818,103,134,75.90291262135922,134,1.1940298507462686,6,0.00625,0.0375,0.0047363814458157094,0.9748359271747703,95.52238805970147
dif_ren,160,3,160,102,True,/users/delfos/aina/secoem-VSS/scentree-gen-remote/dif_ren_scentree/scenariotree_160/results_3.json,7435,103,149,72.18446601941747,149,1.0738255033557047,7,0.00625,0.04375,0.0033256836649185905,0.987909930339491,119.62616822429904
dif_ren,160,30,160,102,True,/users/delfos/aina/secoem-VSS/scentree-gen-remote/dif_ren_scentree/scenariotree_160/results_30.json,8005,103,133,77.71844660194175,133,1.2030075187969924,4,0.00625,0.025,0.0035751365792500434,0.9830701922781424,108.47457627118642
dif_ren,160,31,160,102,True,/users/delfos/aina/secoem-VSS/scentree-gen-remote/dif_ren_scentree/scenariotree_160/results_31.json,8345,103,139,81.01941747572816,139,1.1510791366906474,7,0.00625,0.04375,0.004429812666097235,0.978329522905548,100.78740157480313
dif_ren,160,4,160,102,True,/users/delfos/aina/secoem-VSS/scentree-gen-remote/dif_ren_scentree/scenariotree_160/results_4.json,7616,103,142,73.94174757281553,142,1.1267605633802817,6,0.00625,0.0375,0.003546344556071071,0.9847279616542621,113.2743362831858
dif_ren,160,5,160,102,True,/users/delfos/aina/secoem-VSS/scentree-gen-remote/dif_ren_scentree/scenariotree_160/results_5.json,8364,103,138,81.20388349514563,138,1.1594202898550725,7,0.00625,0.04375,0.004653188238783088,0.9771082702111555,97.70992366412213
dif_ren,160,6,160,102,True,/users/delfos/aina/secoem-VSS/scentree-gen-remote/dif_ren_scentree/scenariotree_160/results_6.json,8335,103,131,80.92233009708738,131,1.2213740458015268,11,0.00625,0.06875,0.007256301401440897,0.9578630487832978,68.81720430107528
dif_ren,160,7,160,102,True,/users/delfos/aina/secoem-VSS/scentree-gen-remote/dif_ren_scentree/scenariotree_160/results_7.json,7926,103,138,76.95145631067962,138,1.1594202898550725,6,0.00625,0.0375,0.003854696165027756,0.9820772026604686,107.56302521008399
dif_ren,160,8,160,102,True,/users/delfos/aina/secoem-VSS/scentree-gen-remote/dif_ren_scentree/scenariotree_160/results_8.json,8777,103,135,85.2135922330097,135,1.1851851851851851,7,0.00625,0.04375,0.004940923284983615,0.9746547838912463,93.43065693430657
dif_ren,160,9,160,102,True,/users/delfos/aina/secoem-VSS/scentree-gen-remote/dif_ren_scentree/scenariotree_160/results_9.json,6969,103,137,67.66019417475728,137,1.167883211678832,8,0.00625,0.05,0.00475022467928654,0.9770614756595958,96.24060150375936
dif_ren,170,1,170,102,True,/users/delfos/aina/secoem-VSS/scentree-gen-remote/dif_ren_scentree/scenariotree_170/results_1.json,8285,103,141,80.4368932038835,141,1.2056737588652482,9,0.0058823529411764705,0.052941176470588235,0.005404800914710604,0.9696837423887397,89.19753086419753
dif_ren,170,10,170,102,True,/users/delfos/aina/secoem-VSS/scentree-gen-remote/dif_ren_scentree/scenariotree_170/results_10.json,8222,103,144,79.8252427184466,144,1.1805555555555556,6,0.0058823529411764705,0.03529411764705882,0.0039002347262352974,0.9800552995319728,109.46969696969698
dif_ren,170,11,170,102,True,/users/delfos/aina/secoem-VSS/scentree-gen-remote/dif_ren_scentree/scenariotree_170/results_11.json,7909,103,148,76.7864077669903,148,1.1486486486486487,4,0.0058823529411764705,0.023529411764705882,0.003085858337644145,0.9857047267302353,122.45762711864408
dif_ren,170,12,170,102,True,/users/delfos/aina/secoem-VSS/scentree-gen-remote/dif_ren_scentree/scenariotree_170/results_12.json,8339,103,149,80.96116504854369,149,1.1409395973154361,14,0.0058823529411764705,0.08235294117647059,0.0065729665655799175,0.9666205992561149,76.05263157894738
dif_ren,170,13,170,102,True,/users/delfos/aina/secoem-VSS/scentree-gen-remote/dif_ren_scentree/scenariotree_170/results_13.json,8339,103,142,80.96116504854369,142,1.1971830985915493,8,0.0058823529411764705,0.047058823529411764,0.0044830983458056944,0.9766426324054097,101.04895104895104
dif_ren,170,14,170,102,True,/users/delfos/aina/secoem-VSS/scentree-gen-remote/dif_ren_scentree/scenariotree_170/results_14.json,8849,103,149,85.9126213592233,149,1.1409395973154361,5,0.0058823529411764705,0.029411764705882353,0.0031245730655206287,0.9857108423413224,122.45762711864406
dif_ren,170,15,170,102,True,/users/delfos/aina/secoem-VSS/scentree-gen-remote/dif_ren_scentree/scenariotree_170/results_15.json,7451,103,139,72.33980582524272,139,1.223021582733813,6,0.0058823529411764705,0.03529411764705882,0.004941376246270077,0.9708921661622764,94.44444444444443
dif_ren,170,16,170,102,True,/users/delfos/aina/secoem-VSS/scentree-gen-remote/dif_ren_scentree/scenariotree_170/results_16.json,8957,103,153,86.96116504854369,153,1.1111111111111112,6,0.0058823529411764705,0.03529411764705882,0.003122482199807297,0.9866876939124712,124.5689655172414
dif_ren,170,17,170,102,True,/users/delfos/aina/secoem-VSS/scentree-gen-remote/dif_ren_scentree/scenariotree_170/results_17.json,7345,103,140,71.31067961165049,140,1.2142857142857142,4,0.0058823529411764705,0.023529411764705882,0.003281617510885149,0.9837737447208205,115.6
dif_ren,170,18,170,102,True,/users/delfos/aina/secoem-VSS/scentree-gen-remote/dif_ren_scentree/scenariotree_170/results_18.json,8585,103,149,83.3495145631068,149,1.1409395973154361,8,0.0058823529411764705,0.047058823529411764,0.004962418116848217,0.9746003302742016,96.33333333333334
dif_ren,170,19,170,102,True,/users/delfos/aina/secoem-VSS/scentree-gen-remote/dif_ren_scentree/scenariotree_170/results_19.json,8236,103,153,79.96116504854369,153,1.1111111111111112,7,0.0058823529411764705,0.041176470588235294,0.0034657565827718377,0.9849517675494496,119.42148760330578
dif_ren,170,2,170,102,True,/users/delfos/aina/secoem-VSS/scentree-gen-remote/dif_ren_scentree/scenariotree_170/results_2.json,8483,103,149,82.35922330097087,149,1.1409395973154361,12,0.0058823529411764705,0.07058823529411765,0.0055792470041625,0.9731544757161447,88.109756097561
dif_ren,170,20,170,102,True,/users/delfos/aina/secoem-VSS/scentree-gen-remote/dif_ren_scentree/scenariotree_170/results_20.json,7758,103,151,75.32038834951456,151,1.1258278145695364,9,0.0058823529411764705,0.052941176470588235,0.004134842816621843,0.9819455189067057,108.64661654135337
dif_ren,170,21,170,102,True,/users/delfos/aina/secoem-VSS/scentree-gen-remote/dif_ren_scentree/scenariotree_170/results_21.json,8489,103,153,82.41747572815534,153,1.1111111111111112,4,0.0058823529411764705,0.023529411764705882,0.0026525472219393062,0.988920621372353,131.36363636363637
dif_ren,170,22,170,102,True,/users/delfos/aina/secoem-VSS/scentree-gen-remote/dif_ren_scentree/scenariotree_170/results_22.json,8334,103,149,80.9126213592233,149,1.1409395973154361,4,0.0058823529411764705,0.023529411764705882,0.003124573065520628,0.9853927679679644,122.45762711864406
dif_ren,170,23,170,102,True,/users/delfos/aina/secoem-VSS/scentree-gen-remote/dif_ren_scentree/scenariotree_170/results_23.json,8466,103,149,82.19417475728156,149,1.1409395973154361,7,0.0058823529411764705,0.041176470588235294,0.003542555747994403,0.9840470985310853,116.53225806451611
dif_ren,170,24,170,102,True,/users/delfos/aina/secoem-VSS/scentree-gen-remote/dif_ren_scentree/scenariotree_170/results_24.json,8271,103,147,80.30097087378641,147,1.1564625850340136,6,0.0058823529411764705,0.03529411764705882,0.004041814740845606,0.9796745942443963,108.64661654135337
dif_ren,170,25,170,102,True,/users/delfos/aina/secoem-VSS/scentree-gen-remote/dif_ren_scentree/scenariotree_170/results_25.json,7143,103,146,69.3495145631068,146,1.1643835616438356,7,0.0058823529411764705,0.041176470588235294,0.004245588999941818,0.9779472727431346,105.47445255474452
dif_ren,170,26,170,102,True,/users/delfos/aina/secoem-VSS/scentree-gen-remote/dif_ren_scentree/scenariotree_170/results_26.json,7707,103,139,74.8252427184466,139,1.223021582733813,7,0.0058823529411764705,0.041176470588235294,0.004465014537151072,0.976116575020812,100.34722222222223
dif_ren,170,27,170,102,True,/users/delfos/aina/secoem-VSS/scentree-gen-remote/dif_ren_scentree/scenariotree_170/results_27.json,8202,103,150,79.63106796116504,150,1.1333333333333333,9,0.0058823529411764705,0.052941176470588235,0.004640062574980091,0.9770554234640405,101.04895104895104
dif_ren,170,28,170,102,True,/users/delfos/aina/secoem-VSS/scentree-gen-remote/dif_ren_scentree/scenariotree_170/results_28.json,8805,103,152,85.48543689320388,152,1.118421052631579,11,0.0058823529411764705,0.06470588235294118,0.005001102160727587,0.9771823284906253,96.3333333333333
dif_ren,170,29,170,102,True,/users/delfos/aina/secoem-VSS/scentree-gen-remote/dif_ren_scentree/scenariotree_170/results_29.json,8146,103,145,79.0873786407767,145,1.1724137931034482,5,0.0058823529411764705,0.029411764705882353,0.003408673677501015,0.9835263343983194,116.53225806451611
dif_ren,170,3,170,102,True,/users/delfos/aina/secoem-VSS/scentree-gen-remote/dif_ren_scentree/scenariotree_170/results_3.json,9229,103,152,89.60194174757281,152,1.118421052631579,7,0.0058823529411764705,0.041176470588235294,0.004044811959892854,0.9807551659286714,110.30534351145037
dif_ren,170,30,170,102,True,/users/delfos/aina/secoem-VSS/scentree-gen-remote/dif_ren_scentree/scenariotree_170/results_30.json,8508,103,141,82.60194174757281,141,1.2056737588652482,10,0.0058823529411764705,0.058823529411764705,0.006402445087442929,0.9629278961132098,77.68817204301077
dif_ren,170,31,170,102,True,/users/delfos/aina/secoem-VSS/scentree-gen-remote/dif_ren_scentree/scenariotree_170/results_31.json,8134,103,142,78.97087378640776,142,1.1971830985915493,10,0.0058823529411764705,0.058823529411764705,0.005724452251905452,0.967951038357114,85.50295857988169
dif_ren,170,4,170,102,True,/users/delfos/aina/secoem-VSS/scentree-gen-remote/dif_ren_scentree/scenariotree_170/results_4.json,7973,103,148,77.40776699029126,148,1.1486486486486487,11,0.0058823529411764705,0.06470588235294118,0.005896836892646434,0.9681105700880189,84.01162790697673
dif_ren,170,5,170,102,True,/users/delfos/aina/secoem-VSS/scentree-gen-remote/dif_ren_scentree/scenariotree_170/results_5.json,8569,103,144,83.19417475728156,144,1.1805555555555556,11,0.0058823529411764705,0.06470588235294118,0.0055741470926195065,0.9707854837220412,87.57575757575756
dif_ren,170,6,170,102,True,/users/delfos/aina/secoem-VSS/scentree-gen-remote/dif_ren_scentree/scenariotree_170/results_6.json,9110,103,139,88.44660194174757,139,1.223021582733813,7,0.0058823529411764705,0.041176470588235294,0.005234923953668285,0.9695887250059205,90.88050314465407
dif_ren,170,7,170,102,True,/users/delfos/aina/secoem-VSS/scentree-gen-remote/dif_ren_scentree/scenariotree_170/results_7.json,8690,103,148,84.36893203883496,148,1.1486486486486487,3,0.0058823529411764705,0.01764705882352941,0.00259170753368857,0.9887524714588424,129.01785714285714
dif_ren,170,8,170,102,True,/users/delfos/aina/secoem-VSS/scentree-gen-remote/dif_ren_scentree/scenariotree_170/results_8.json,8094,103,153,78.58252427184466,153,1.1111111111111112,7,0.0058823529411764705,0.041176470588235294,0.0035938973458060105,0.9839425626781517,117.47967479674796
dif_ren,170,9,170,102,True,/users/delfos/aina/secoem-VSS/scentree-gen-remote/dif_ren_scentree/scenariotree_170/results_9.json,8564,103,144,83.14563106796116,144,1.1805555555555556,7,0.0058823529411764705,0.041176470588235294,0.004196993313412198,0.9784013217496978,105.47445255474453
dif_ren,180,1,180,102,True,/users/delfos/aina/secoem-VSS/scentree-gen-remote/dif_ren_scentree/scenariotree_180/results_1.json,8903,103,148,86.4368932038835,148,1.2162162162162162,7,0.005555555555555556,0.03888888888888889,0.004636455752746099,0.9731381753791268,100.62111801242234
dif_ren,180,10,180,102,True,/users/delfos/aina/secoem-VSS/scentree-gen-remote/dif_ren_scentree/scenariotree_180/results_10.json,8784,103,153,85.28155339805825,153,1.1764705882352942,9,0.005555555555555556,0.05,0.004924903945733035,0.9714121739908783,97.5903614457831
dif_ren,180,11,180,102,True,/users/delfos/aina/secoem-VSS/scentree-gen-remote/dif_ren_scentree/scenariotree_180/results_11.json,9675,103,158,93.93203883495146,158,1.139240506329114,10,0.005555555555555556,0.05555555555555555,0.0047794110654138374,0.9743429788694413,100.62111801242236
dif_ren,180,12,180,102,True,/users/delfos/aina/secoem-VSS/scentree-gen-remote/dif_ren_scentree/scenariotree_180/results_12.json,9885,103,161,95.97087378640776,161,1.1180124223602483,5,0.005555555555555556,0.027777777777777776,0.002505945846151181,0.9892760903844113,138.46153846153845
dif_ren,180,13,180,102,True,/users/delfos/aina/secoem-VSS/scentree-gen-remote/dif_ren_scentree/scenariotree_180/results_13.json,9528,103,159,92.50485436893204,159,1.1320754716981132,7,0.005555555555555556,0.03888888888888889,0.0038466412144019246,0.980273637756819,115.71428571428571
dif_ren,180,14,180,102,True,/users/delfos/aina/secoem-VSS/scentree-gen-remote/dif_ren_scentree/scenariotree_180/results_14.json,9464,103,152,91.88349514563107,152,1.1842105263157894,7,0.005555555555555556,0.03888888888888889,0.004199241700685694,0.9766416480729729,108.0
dif_ren,180,15,180,102,True,/users/delfos/aina/secoem-VSS/scentree-gen-remote/dif_ren_scentree/scenariotree_180/results_15.json,9709,103,154,94.2621359223301,154,1.1688311688311688,5,0.005555555555555556,0.027777777777777776,0.0037883941104834276,0.9790047894370838,114.8936170212766
dif_ren,180,16,180,102,True,/users/delfos/aina/secoem-VSS/scentree-gen-remote/dif_ren_scentree/scenariotree_180/results_16.json,8636,103,155,83.84466019417475,155,1.1612903225806452,6,0.005555555555555556,0.03333333333333333,0.003705822803028769,0.9806004274678524,116.54676258992805
dif_ren,180,17,180,102,True,/users/delfos/aina/secoem-VSS/scentree-gen-remote/dif_ren_scentree/scenariotree_180/results_17.json,10007,103,156,97.15533980582525,156,1.1538461538461537,9,0.005555555555555556,0.05,0.004499034671610757,0.9762518987024403,104.51612903225804
dif_ren,180,18,180,102,True,/users/delfos/aina/secoem-VSS/scentree-gen-remote/dif_ren_scentree/scenariotree_180/results_18.json,9220,103,151,89.51456310679612,151,1.1920529801324504,24,0.005555555555555556,0.13333333333333333,0.010422268188051208,0.9407686530405323,43.43163538873994
dif_ren,180,19,180,102,True,/users/delfos/aina/secoem-VSS/scentree-gen-remote/dif_ren_scentree/scenariotree_180/results_19.json,9595,103,147,93.15533980582525,147,1.2244897959183674,7,0.005555555555555556,0.03888888888888889,0.0049264310617688056,0.9703358204454088,96.42857142857142
dif_ren,180,2,180,102,True,/users/delfos/aina/secoem-VSS/scentree-gen-remote/dif_ren_scentree/scenariotree_180/results_2.json,9280,103,154,90.09708737864078,154,1.1688311688311688,9,0.005555555555555556,0.05,0.004977309215297887,0.9714824601057822,97.00598802395209
dif_ren,180,20,180,102,True,/users/delfos/aina/secoem-VSS/scentree-gen-remote/dif_ren_scentree/scenariotree_180/results_20.json,9397,103,153,91.23300970873787,153,1.1764705882352942,5,0.005555555555555556,0.027777777777777776,0.0033681099855643365,0.9824579752990964,120.8955223880597
dif_ren,180,21,180,102,True,/users/delfos/aina/secoem-VSS/scentree-gen-remote/dif_ren_scentree/scenariotree_180/results_21.json,9951,103,158,96.6116504854369,158,1.139240506329114,6,0.005555555555555556,0.03333333333333333,0.0034501537474081797,0.9826755114912294,121.80451127819548
dif_ren,180,22,180,102,True,/users/delfos/aina/secoem-VSS/scentree-gen-remote/dif_ren_scentree/scenariotree_180/results_22.json,9153,103,154,88.86407766990291,154,1.1688311688311688,5,0.005555555555555556,0.027777777777777776,0.003216145611547283,0.9834658801903057,123.66412213740456
dif_ren,180,23,180,102,True,/users/delfos/aina/secoem-VSS/scentree-gen-remote/dif_ren_scentree/scenariotree_180/results_23.json,8824,103,152,85.66990291262135,152,1.1842105263157894,8,0.005555555555555556,0.044444444444444446,0.004786756006942954,0.9726978026555659,99.38650306748464
dif_ren,180,24,180,102,True,/users/delfos/aina/secoem-VSS/scentree-gen-remote/dif_ren_scentree/scenariotree_180/results_24.json,9055,103,145,87.9126213592233,145,1.2413793103448276,8,0.005555555555555556,0.044444444444444446,0.004762376587990825,0.9720756988792344,98.18181818181817
dif_ren,180,25,180,102,True,/users/delfos/aina/secoem-VSS/scentree-gen-remote/dif_ren_scentree/scenariotree_180/results_25.json,9831,103,156,95.44660194174757,156,1.1538461538461537,7,0.005555555555555556,0.03888888888888889,0.004084122845251125,0.9778707775635428,110.95890410958904
dif_ren,180,26,180,102,True,/users/delfos/aina/secoem-VSS/scentree-gen-remote/dif_ren_scentree/scenariotree_180/results_26.json,8956,103,150,86.95145631067962,150,1.2,6,0.005555555555555556,0.03333333333333333,0.004057204129667897,0.9774184228117163,109.45945945945945
dif_ren,180,27,180,102,True,/users/delfos/aina/secoem-VSS/scentree-gen-remote/dif_ren_scentree/scenariotree_180/results_27.json,8707,103,150,84.53398058252426,150,1.2,4,0.005555555555555556,0.022222222222222223,0.0033333333333333335,0.9819796939987996,120.0
dif_ren,180,28,180,102,True,/users/delfos/aina/secoem-VSS/scentree-gen-remote/dif_ren_scentree/scenariotree_180/results_28.json,8737,103,144,84.8252427184466,144,1.25,8,0.005555555555555556,0.044444444444444446,0.004743958687944258,0.9719570068333957,98.18181818181817
dif_ren,180,29,180,102,True,/users/delfos/aina/secoem-VSS/scentree-gen-remote/dif_ren_scentree/scenariotree_180/results_29.json,8842,103,144,85.84466019417475,144,1.25,5,0.005555555555555556,0.027777777777777776,0.004114904822831291,0.9759437578389979,106.57894736842105
dif_ren,180,3,180,102,True,/users/delfos/aina/secoem-VSS/scentree-gen-remote/dif_ren_scentree/scenariotree_180/results_3.json,9589,103,158,93.09708737864078,158,1.139240506329114,9,0.005555555555555556,0.05,0.004860467284283396,0.9739966657691661,99.38650306748464
dif_ren,180,30,180,102,True,/users/delfos/aina/secoem-VSS/scentree-gen-remote/dif_ren_scentree/scenariotree_180/results_30.json,8302,103,154,80.60194174757281,154,1.1688311688311688,6,0.005555555555555556,0.03333333333333333,0.0033979543547811306,0.9825903235117464,120.89552238805967
dif_ren,180,31,180,102,True,/users/delfos/aina/secoem-VSS/scentree-gen-remote/dif_ren_scentree/scenariotree_180/results_31.json,8926,103,149,86.66019417475728,149,1.2080536912751678,15,0.005555555555555556,0.08333333333333333,0.006970314758945603,0.9597913133908863,71.68141592920355
dif_ren,180,4,180,102,True,/users/delfos/aina/secoem-VSS/scentree-gen-remote/dif_ren_scentree/scenariotree_180/results_4.json,9363,103,152,90.90291262135922,152,1.1842105263157894,7,0.005555555555555556,0.03888888888888889,0.004294862813324089,0.9758403603518525,106.57894736842105
dif_ren,180,5,180,102,True,/users/delfos/aina/secoem-VSS/scentree-gen-remote/dif_ren_scentree/scenariotree_180/results_5.json,9028,103,143,87.6504854368932,143,1.2587412587412588,13,0.005555555555555556,0.07222222222222222,0.007366565665052143,0.9529881134852042,67.78242677824271
dif_ren,180,6,180,102,True,/users/delfos/aina/secoem-VSS/scentree-gen-remote/dif_ren_scentree/scenariotree_180/results_6.json,9101,103,145,88.35922330097087,145,1.2413793103448276,14,0.005555555555555556,0.07777777777777778,0.006851706044566073,0.9590466144878752,72.97297297297297
dif_ren,180,7,180,102,True,/users/delfos/aina/secoem-VSS/scentree-gen-remote/dif_ren_scentree/scenariotree_180/results_7.json,8631,103,152,83.79611650485437,152,1.1842105263157894,5,0.005555555555555556,0.027777777777777776,0.003572161322476788,0.980674314207213,117.39130434782608
dif_ren,180,8,180,102,True,/users/delfos/aina/secoem-VSS/scentree-gen-remote/dif_ren_scentree/scenariotree_180/results_8.json,9183,103,154,89.15533980582525,154,1.1688311688311688,7,0.005555555555555556,0.03888888888888889,0.00464402165707189,0.9735742689535359,101.88679245283015
dif_ren,180,9,180,102,True,/users/delfos/aina/secoem-VSS/scentree-gen-remote/dif_ren_scentree/scenariotree_180/results_9.json,9933,103,163,96.4368932038835,163,1.1042944785276074,7,0.005555555555555556,0.03888888888888889,0.003348833363208351,0.9846885652802122,125.5813953488372
dif_ren,190,1,190,102,True,/users/delfos/aina/secoem-VSS/scentree-gen-remote/dif_ren_scentree/scenariotree_190/results_1.json,9814,103,156,95.28155339805825,156,1.2179487179487178,10,0.005263157894736842,0.05263157894736842,0.005205312069339505,0.9683258672647563,94.01041666666667
dif_ren,190,10,190,102,True,/users/delfos/aina/secoem-VSS/scentree-gen-remote/dif_ren_scentree/scenariotree_190/results_10.json,8278,103,153,80.36893203883496,153,1.2418300653594772,9,0.005263157894736842,0.04736842105263158,0.004889603553142459,0.9690736972401484,98.09782608695654
dif_ren,190,11,190,102,True,/users/delfos/aina/secoem-VSS/scentree-gen-remote/dif_ren_scentree/scenariotree_190/results_11.json,8885,103,153,86.2621359223301,153,1.2418300653594772,8,0.005263157894736842,0.042105263157894736,0.004739178561897358,0.9697406651691916,100.27777777777779
dif_ren,190,12,190,102,True,/users/delfos/aina/secoem-VSS/scentree-gen-remote/dif_ren_scentree/scenariotree_190/results_12.json,9847,103,155,95.60194174757281,155,1.2258064516129032,7,0.005263157894736842,0.03684210526315789,0.004250589833150722,0.9741830263376844,108.08383233532936
dif_ren,190,13,190,102,True,/users/delfos/aina/secoem-VSS/scentree-gen-remote/dif_ren_scentree/scenariotree_190/results_13.json,7607,103,169,73.85436893203884,169,1.1242603550295858,9,0.005263157894736842,0.04736842105263158,0.003849147195385954,0.9804125214267384,118.75000000000003
dif_ren,190,14,190,102,True,/users/delfos/aina/secoem-VSS/scentree-gen-remote/dif_ren_scentree/scenariotree_190/results_14.json,10096,103,163,98.01941747572816,163,1.165644171779141,6,0.005263157894736842,0.031578947368421054,0.003462040724231246,0.9807488086112387,123.63013698630137
dif_ren,190,15,190,102,True,/users/delfos/aina/secoem-VSS/scentree-gen-remote/dif_ren_scentree/scenariotree_190/results_15.json,10328,103,153,100.27184466019418,153,1.2418300653594772,9,0.005263157894736842,0.04736842105263158,0.005315397567724444,0.9663176896327768,92.0918367346939
dif_ren,190,16,190,102,True,/users/delfos/aina/secoem-VSS/scentree-gen-remote/dif_ren_scentree/scenariotree_190/results_16.json,8661,103,156,84.0873786407767,156,1.2179487179487178,13,0.005263157894736842,0.06842105263157895,0.005878196133541749,0.9639265119209515,84.74178403755869
dif_ren,190,17,190,102,True,/users/delfos/aina/secoem-VSS/scentree-gen-remote/dif_ren_scentree/scenariotree_190/results_17.json,9018,103,167,87.55339805825243,167,1.1377245508982037,7,0.005263157894736842,0.03684210526315789,0.004028370192222099,0.9771494156644063,114.96815286624206
dif_ren,190,18,190,102,True,/users/delfos/aina/secoem-VSS/scentree-gen-remote/dif_ren_scentree/scenariotree_190/results_18.json,10163,103,158,98.66990291262135,158,1.2025316455696202,9,0.005263157894736842,0.04736842105263158,0.004728302824498069,0.9710935095021422,101.40449438202249
dif_ren,190,19,190,102,True,/users/delfos/aina/secoem-VSS/scentree-gen-remote/dif_ren_scentree/scenariotree_190/results_19.json,8900,103,159,86.40776699029126,159,1.1949685534591195,7,0.005263157894736842,0.03684210526315789,0.004152109972085796,0.9749534672761525,110.73619631901843
dif_ren,190,2,190,102,True,/users/delfos/aina/secoem-VSS/scentree-gen-remote/dif_ren_scentree/scenariotree_190/results_2.json,7798,103,156,75.70873786407768,156,1.2179487179487178,5,0.005263157894736842,0.02631578947368421,0.0035902255315581723,0.9786143393659397,118.75000000000003
dif_ren,190,20,190,102,True,/users/delfos/aina/secoem-VSS/scentree-gen-remote/dif_ren_scentree/scenariotree_190/results_20.json,8671,103,152,84.18446601941747,152,1.25,9,0.005263157894736842,0.04736842105263158,0.005060142731892401,0.9673142662668321,95.5026455026455
dif_ren,190,21,190,102,True,/users/delfos/aina/secoem-VSS/scentree-gen-remote/dif_ren_scentree/scenariotree_190/results_21.json,9761,103,160,94.76699029126213,160,1.1875,5,0.005263157894736842,0.02631578947368421,0.0034905640512848182,0.9799538774457925,121.95945945945947
dif_ren,190,22,190,102,True,/users/delfos/aina/secoem-VSS/scentree-gen-remote/dif_ren_scentree/scenariotree_190/results_22.json,8041,103,157,78.06796116504854,157,1.2101910828025477,7,0.005263157894736842,0.03684210526315789,0.0038512419952479136,0.9775383880782941,114.96815286624204
dif_ren,190,23,190,102,True,/users/delfos/aina/secoem-VSS/scentree-gen-remote/dif_ren_scentree/scenariotree_190/results_23.json,8459,103,159,82.12621359223301,159,1.1949685534591195,12,0.005263157894736842,0.06315789473684211,0.005195794910414339,0.9706185885184333,94.50261780104712
dif_ren,190,24,190,102,True,/users/delfos/aina/secoem-VSS/scentree-gen-remote/dif_ren_scentree/scenariotree_190/results_24.json,8546,103,158,82.97087378640776,158,1.2025316455696202,7,0.005263157894736842,0.03684210526315789,0.004260179154896247,0.9748711986599016,108.73493975903615
dif_ren,190,25,190,102,True,/users/delfos/aina/secoem-VSS/scentree-gen-remote/dif_ren_scentree/scenariotree_190/results_25.json,9692,103,155,94.09708737864078,155,1.2258064516129032,15,0.005263157894736842,0.07894736842105263,0.006618344168070991,0.9599095271998399,75.52301255230125
dif_ren,190,26,190,102,True,/users/delfos/aina/secoem-VSS/scentree-gen-remote/dif_ren_scentree/scenariotree_190/results_26.json,7898,103,165,76.67961165048544,165,1.1515151515151516,6,0.005263157894736842,0.031578947368421054,0.0035058709190517617,0.9811744911745831,123.6301369863014
dif_ren,190,27,190,102,True,/users/delfos/aina/secoem-VSS/scentree-gen-remote/dif_ren_scentree/scenariotree_190/results_27.json,9457,103,157,91.81553398058253,157,1.2101910828025477,19,0.005263157894736842,0.1,0.0077914088963781025,0.9549660946559829,62.891986062717756
dif_ren,190,28,190,102,True,/users/delfos/aina/secoem-VSS/scentree-gen-remote/dif_ren_scentree/scenariotree_190/results_28.json,9210,103,154,89.41747572815534,154,1.2337662337662338,5,0.005263157894736842,0.02631578947368421,0.00353787130406221,0.9797921098394825,118.75000000000006
dif_ren,190,29,190,102,True,/users/delfos/aina/secoem-VSS/scentree-gen-remote/dif_ren_scentree/scenariotree_190/results_29.json,9440,103,165,91.6504854368932,165,1.1515151515151516,9,0.005263157894736842,0.04736842105263158,0.004242544157746919,0.9763202602558355,110.73619631901843
dif_ren,190,3,190,102,True,/users/delfos/aina/secoem-VSS/scentree-gen-remote/dif_ren_scentree/scenariotree_190/results_3.json,8489,103,153,82.41747572815534,153,1.2418300653594772,6,0.005263157894736842,0.031578947368421054,0.004213369516092906,0.9737080742248425,108.08383233532936
dif_ren,190,30,190,102,True,/users/delfos/aina/secoem-VSS/scentree-gen-remote/dif_ren_scentree/scenariotree_190/results_30.json,8659,103,155,84.06796116504854,155,1.2258064516129032,11,0.005263157894736842,0.05789473684210526,0.0058744614651704205,0.9613991766042252,84.7417840375587
dif_ren,190,31,190,102,True,/users/delfos/aina/secoem-VSS/scentree-gen-remote/dif_ren_scentree/scenariotree_190/results_31.json,9466,103,159,91.90291262135922,159,1.1949685534591195,10,0.005263157894736842,0.05263157894736842,0.004920241837784954,0.969859665483175,98.6338797814208
dif_ren,190,4,190,102,True,/users/delfos/aina/secoem-VSS/scentree-gen-remote/dif_ren_scentree/scenariotree_190/results_4.json,9768,103,164,94.83495145631068,164,1.1585365853658536,5,0.005263157894736842,0.02631578947368421,0.0035325001041892202,0.9799697309901748,122.78911564625854
dif_ren,190,5,190,102,True,/users/delfos/aina/secoem-VSS/scentree-gen-remote/dif_ren_scentree/scenariotree_190/results_5.json,9475,103,159,91.99029126213593,159,1.1949685534591195,7,0.005263157894736842,0.03684210526315789,0.004193859242558585,0.9746911127014072,110.06097560975613
dif_ren,190,6,190,102,True,/users/delfos/aina/secoem-VSS/scentree-gen-remote/dif_ren_scentree/scenariotree_190/results_6.json,8268,103,159,80.27184466019418,159,1.1949685534591195,9,0.005263157894736842,0.04736842105263158,0.0048847048647988655,0.9702542441791193,99.1758241758242
dif_ren,190,7,190,102,True,/users/delfos/aina/secoem-VSS/scentree-gen-remote/dif_ren_scentree/scenariotree_190/results_7.json,8345,103,153,81.01941747572816,153,1.2418300653594772,8,0.005263157894736842,0.042105263157894736,0.005515982732116256,0.9626385056966277,89.35643564356438
dif_ren,190,8,190,102,True,/users/delfos/aina/secoem-VSS/scentree-gen-remote/dif_ren_scentree/scenariotree_190/results_8.json,9028,103,162,87.6504854368932,162,1.1728395061728396,10,0.005263157894736842,0.05263157894736842,0.004589069157377407,0.9735386146319331,104.33526011560696
dif_ren,190,9,190,102,True,/users/delfos/aina/secoem-VSS/scentree-gen-remote/dif_ren_scentree/scenariotree_190/results_9.json,7840,103,155,76.11650485436893,155,1.2258064516129032,11,0.005263157894736842,0.05789473684210526,0.004985848514221433,0.9713345825895102,97.04301075268819
dif_ren,200,1,200,102,True,/users/delfos/aina/secoem-VSS/scentree-gen-remote/dif_ren_scentree/scenariotree_200/results_1.json,8839,103,163,85.81553398058253,163,1.2269938650306749,9,0.005,0.045,0.004475585217138522,0.9712652495975538,106.38297872340425
dif_ren,200,10,200,102,True,/users/delfos/aina/secoem-VSS/scentree-gen-remote/dif_ren_scentree/scenariotree_200/results_10.json,10391,103,166,100.88349514563107,166,1.2048192771084338,10,0.005,0.05,0.005583918181328418,0.9629891082744281,89.28571428571429
dif_ren,200,11,200,102,True,/users/delfos/aina/secoem-VSS/scentree-gen-remote/dif_ren_scentree/scenariotree_200/results_11.json,9181,103,170,89.13592233009709,170,1.1764705882352942,12,0.005,0.06,0.005097662127833717,0.9689295337234942,97.08737864077669
dif_ren,200,12,200,102,True,/users/delfos/aina/secoem-VSS/scentree-gen-remote/dif_ren_scentree/scenariotree_200/results_12.json,9124,103,169,88.58252427184466,169,1.183431952662722,8,0.005,0.04,0.004236248365839666,0.9741413064256075,111.73184357541898
dif_ren,200,13,200,102,True,/users/delfos/aina/secoem-VSS/scentree-gen-remote/dif_ren_scentree/scenariotree_200/results_13.json,9956,103,181,96.66019417475728,181,1.1049723756906078,3,0.005,0.015,0.0019313324080606114,0.9913515709737079,161.29032258064515
dif_ren,200,14,200,102,True,/users/delfos/aina/secoem-VSS/scentree-gen-remote/dif_ren_scentree/scenariotree_200/results_14.json,8855,103,174,85.97087378640776,174,1.1494252873563218,6,0.005,0.03,0.002736380656808601,0.9858243759732191,141.84397163120568
dif_ren,200,15,200,102,True,/users/delfos/aina/secoem-VSS/scentree-gen-remote/dif_ren_scentree/scenariotree_200/results_15.json,9594,103,169,93.14563106796116,169,1.183431952662722,8,0.005,0.04,0.003552514099915296,0.9802192749290839,124.22360248447202
dif_ren,200,16,200,102,True,/users/delfos/aina/secoem-VSS/scentree-gen-remote/dif_ren_scentree/scenariotree_200/results_16.json,9697,103,162,94.14563106796116,162,1.2345679012345678,9,0.005,0.045,0.004954833339143323,0.9672386931663044,98.52216748768474
dif_ren,200,17,200,102,True,/users/delfos/aina/secoem-VSS/scentree-gen-remote/dif_ren_scentree/scenariotree_200/results_17.json,9517,103,165,92.39805825242719,165,1.2121212121212122,7,0.005,0.035,0.003923042989741154,0.9750391859314852,116.27906976744185
dif_ren,200,18,200,102,True,/users/delfos/aina/secoem-VSS/scentree-gen-remote/dif_ren_scentree/scenariotree_200/results_18.json,8451,103,172,82.04854368932038,172,1.1627906976744187,5,0.005,0.025,0.0029883947153247436,0.9830931805571128,136.0544217687075
dif_ren,200,19,200,102,True,/users/delfos/aina/secoem-VSS/scentree-gen-remote/dif_ren_scentree/scenariotree_200/results_19.json,9336,103,161,90.64077669902913,161,1.2422360248447204,9,0.005,0.045,0.004235915555683855,0.9742080245277505,109.89010989010991
dif_ren,200,2,200,102,True,/users/delfos/aina/secoem-VSS/scentree-gen-remote/dif_ren_scentree/scenariotree_200/results_2.json,9524,103,169,92.46601941747574,169,1.183431952662722,5,0.005,0.025,0.00301165412557764,0.9829216564733569,134.2281879194631
dif_ren,200,20,200,102,True,/users/delfos/aina/secoem-VSS/scentree-gen-remote/dif_ren_scentree/scenariotree_200/results_20.json,8235,103,167,79.95145631067962,167,1.1976047904191616,7,0.005,0.035,0.0035980500772929405,0.9784931321572164,122.6993865030675
dif_ren,200,21,200,102,True,/users/delfos/aina/secoem-VSS/scentree-gen-remote/dif_ren_scentree/scenariotree_200/results_21.json,9524,103,152,92.46601941747574,152,1.3157894736842106,9,0.005,0.045,0.005944398420040272,0.9557034675993445,83.68200836820084
dif_ren,200,22,200,102,True,/users/delfos/aina/secoem-VSS/scentree-gen-remote/dif_ren_scentree/scenariotree_200/results_22.json,9873,103,161,95.85436893203884,161,1.2422360248447204,8,0.005,0.04,0.004882991062135675,0.9667188862835788,99.50248756218906
dif_ren,200,23,200,102,True,/users/delfos/aina/secoem-VSS/scentree-gen-remote/dif_ren_scentree/scenariotree_200/results_23.json,9270,103,170,90.0,170,1.1764705882352942,13,0.005,0.065,0.005010369869418196,0.9715008858480494,98.52216748768474
dif_ren,200,24,200,102,True,/users/delfos/aina/secoem-VSS/scentree-gen-remote/dif_ren_scentree/scenariotree_200/results_24.json,8941,103,174,86.80582524271844,174,1.1494252873563218,9,0.005,0.045,0.0036772628213899744,0.9797652476097671,123.4567901234568
dif_ren,200,25,200,102,True,/users/delfos/aina/secoem-VSS/scentree-gen-remote/dif_ren_scentree/scenariotree_200/results_25.json,9792,103,171,95.06796116504854,171,1.1695906432748537,18,0.005,0.09,0.006776311846677759,0.9597375265218236,72.99270072992697
dif_ren,200,26,200,102,True,/users/delfos/aina/secoem-VSS/scentree-gen-remote/dif_ren_scentree/scenariotree_200/results_26.json,9339,103,178,90.66990291262135,178,1.1235955056179776,4,0.005,0.02,0.002348825276445716,0.9883656912009906,151.51515151515153
dif_ren,200,27,200,102,True,/users/delfos/aina/secoem-VSS/scentree-gen-remote/dif_ren_scentree/scenariotree_200/results_27.json,9496,103,161,92.19417475728156,161,1.2422360248447204,6,0.005,0.03,0.0035146718883963006,0.9787294170038274,121.95121951219514
dif_ren,200,28,200,102,True,/users/delfos/aina/secoem-VSS/scentree-gen-remote/dif_ren_scentree/scenariotree_200/results_28.json,10542,103,174,102.3495145631068,174,1.1494252873563218,13,0.005,0.065,0.00488539552582837,0.9730027239360747,101.010101010101
dif_ren,200,29,200,102,True,/users/delfos/aina/secoem-VSS/scentree-gen-remote/dif_ren_scentree/scenariotree_200/results_29.json,9500,103,168,92.23300970873787,168,1.1904761904761905,16,0.005,0.08,0.006195053252979853,0.9626625735557338,80.64516129032258
dif_ren,200,3,200,102,True,/users/delfos/aina/secoem-VSS/scentree-gen-remote/dif_ren_scentree/scenariotree_200/results_3.json,10254,103,172,99.55339805825243,172,1.1627906976744187,11,0.005,0.055,0.0047225624398028535,0.9719261825247922,103.62694300518135
dif_ren,200,30,200,102,True,/users/delfos/aina/secoem-VSS/scentree-gen-remote/dif_ren_scentree/scenariotree_200/results_30.json,8440,103,162,81.94174757281553,162,1.2345679012345678,7,0.005,0.035,0.00421429115770328,0.9733435138330496,110.49723756906076
dif_ren,200,31,200,102,True,/users/delfos/aina/secoem-VSS/scentree-gen-remote/dif_ren_scentree/scenariotree_200/results_31.json,9874,103,170,95.86407766990291,170,1.1764705882352942,6,0.005,0.03,0.0034021161743344125,0.9800183017795735,127.38853503184711
dif_ren,200,4,200,102,True,/users/delfos/aina/secoem-VSS/scentree-gen-remote/dif_ren_scentree/scenariotree_200/results_4.json,8544,103,161,82.95145631067962,161,1.2422360248447204,5,0.005,0.025,0.0035146718883963006,0.9782321695480711,121.95121951219511
dif_ren,200,5,200,102,True,/users/delfos/aina/secoem-VSS/scentree-gen-remote/dif_ren_scentree/scenariotree_200/results_5.json,10917,103,172,105.99029126213593,172,1.1627906976744187,13,0.005,0.065,0.005357046278971835,0.9675214152948369,93.02325581395348
dif_ren,200,6,200,102,True,/users/delfos/aina/secoem-VSS/scentree-gen-remote/dif_ren_scentree/scenariotree_200/results_6.json,9253,103,163,89.83495145631068,163,1.2269938650306749,8,0.005,0.04,0.004043498663382597,0.9747484478948103,113.63636363636365
dif_ren,200,7,200,102,True,/users/delfos/aina/secoem-VSS/scentree-gen-remote/dif_ren_scentree/scenariotree_200/results_7.json,9578,103,166,92.99029126213593,166,1.2048192771084338,5,0.005,0.025,0.0032244394436319605,0.9809418298322012,129.03225806451613
dif_ren,200,8,200,102,True,/users/delfos/aina/secoem-VSS/scentree-gen-remote/dif_ren_scentree/scenariotree_200/results_8.json,10049,103,174,97.5631067961165,174,1.1494252873563218,4,0.005,0.02,0.0023401463300577394,0.988182162920201,149.2537313432836
dif_ren,200,9,200,102,True,/users/delfos/aina/secoem-VSS/scentree-gen-remote/dif_ren_scentree/scenariotree_200/results_9.json,9597,103,181,93.1747572815534,181,1.1049723756906078,6,0.005,0.03,0.002949986535737568,0.984618188966816,140.8450704225352
dif_ren,210,1,210,102,True,/users/delfos/aina/secoem-VSS/scentree-gen-remote/dif_ren_scentree/scenariotree_210/results_1.json,9854,103,181,95.66990291262135,181,1.160220994475138,10,0.004761904761904762,0.047619047619047616,0.004646774380249484,0.9699316881857831,106.00961538461537
dif_ren,210,10,210,102,True,/users/delfos/aina/secoem-VSS/scentree-gen-remote/dif_ren_scentree/scenariotree_210/results_10.json,10076,103,172,97.8252427184466,172,1.2209302325581395,16,0.004761904761904762,0.0761904761904762,0.006326604590123438,0.9570968589043272,78.74999999999999
dif_ren,210,11,210,102,True,/users/delfos/aina/secoem-VSS/scentree-gen-remote/dif_ren_scentree/scenariotree_210/results_11.json,9759,103,177,94.74757281553399,177,1.1864406779661016,7,0.004761904761904762,0.03333333333333333,0.0037342485142966646,0.9761885587231053,123.18435754189942
dif_ren,210,12,210,102,True,/users/delfos/aina/secoem-VSS/scentree-gen-remote/dif_ren_scentree/scenariotree_210/results_12.json,10050,103,182,97.57281553398059,182,1.1538461538461537,11,0.004761904761904762,0.05238095238095238,0.004141902301476691,0.9755344003790112,116.05263157894736
dif_ren,210,13,210,102,True,/users/delfos/aina/secoem-VSS/scentree-gen-remote/dif_ren_scentree/scenariotree_210/results_13.json,10355,103,182,100.53398058252426,182,1.1538461538461537,10,0.004761904761904762,0.047619047619047616,0.003988663317668132,0.9757527397227398,119.18918918918916
dif_ren,210,14,210,102,True,/users/delfos/aina/secoem-VSS/scentree-gen-remote/dif_ren_scentree/scenariotree_210/results_14.json,9757,103,177,94.72815533980582,177,1.1864406779661016,8,0.004761904761904762,0.0380952380952381,0.003869044330655976,0.9752360237956296,120.4918032786885
dif_ren,210,15,210,102,True,/users/delfos/aina/secoem-VSS/scentree-gen-remote/dif_ren_scentree/scenariotree_210/results_15.json,9699,103,182,94.16504854368932,182,1.1538461538461537,9,0.004761904761904762,0.04285714285714286,0.003763661462344638,0.9775222159104576,123.87640449438199
dif_ren,210,16,210,102,True,/users/delfos/aina/secoem-VSS/scentree-gen-remote/dif_ren_scentree/scenariotree_210/results_16.json,9652,103,170,93.70873786407768,170,1.2352941176470589,8,0.004761904761904762,0.0380952380952381,0.004109158727370812,0.9723644864956429,114.24870466321241
dif_ren,210,17,210,102,True,/users/delfos/aina/secoem-VSS/scentree-gen-remote/dif_ren_scentree/scenariotree_210/results_17.json,10384,103,176,100.81553398058253,176,1.1931818181818181,8,0.004761904761904762,0.0380952380952381,0.0037548810085131093,0.9758227722550822,122.49999999999999
dif_ren,210,18,210,102,True,/users/delfos/aina/secoem-VSS/scentree-gen-remote/dif_ren_scentree/scenariotree_210/results_18.json,9967,103,175,96.76699029126213,175,1.2,13,0.004761904761904762,0.06190476190476191,0.005090690322141417,0.9671527887644489,97.56637168141592
dif_ren,210,19,210,102,True,/users/delfos/aina/secoem-VSS/scentree-gen-remote/dif_ren_scentree/scenariotree_210/results_19.json,9930,103,176,96.40776699029126,176,1.1931818181818181,15,0.004761904761904762,0.07142857142857142,0.005623281227841594,0.9636339309484633,88.91129032258065
dif_ren,210,2,210,102,True,/users/delfos/aina/secoem-VSS/scentree-gen-remote/dif_ren_scentree/scenariotree_210/results_2.json,10473,103,180,101.67961165048544,180,1.1666666666666667,4,0.004761904761904762,0.01904761904761905,0.0025839397771586833,0.9853351629439495,147.986577181208
dif_ren,210,20,210,102,True,/users/delfos/aina/secoem-VSS/scentree-gen-remote/dif_ren_scentree/scenariotree_210/results_20.json,10801,103,179,104.86407766990291,179,1.1731843575418994,12,0.004761904761904762,0.05714285714285714,0.004743663985248182,0.9703834228862865,104.00943396226414
dif_ren,210,21,210,102,True,/users/delfos/aina/secoem-VSS/scentree-gen-remote/dif_ren_scentree/scenariotree_210/results_21.json,10276,103,171,99.76699029126213,171,1.2280701754385965,7,0.004761904761904762,0.03333333333333333,0.0041216028015184656,0.9714956186596606,114.24870466321241
dif_ren,210,22,210,102,True,/users/delfos/aina/secoem-VSS/scentree-gen-remote/dif_ren_scentree/scenariotree_210/results_22.json,10063,103,173,97.69902912621359,173,1.2138728323699421,11,0.004761904761904762,0.05238095238095238,0.005184733136458511,0.9642997841054164,95.86956521739128
dif_ren,210,23,210,102,True,/users/delfos/aina/secoem-VSS/scentree-gen-remote/dif_ren_scentree/scenariotree_210/results_23.json,9366,103,174,90.93203883495146,174,1.206896551724138,7,0.004761904761904762,0.03333333333333333,0.0036912348768664183,0.9758980542132654,123.18435754189942
dif_ren,210,24,210,102,True,/users/delfos/aina/secoem-VSS/scentree-gen-remote/dif_ren_scentree/scenariotree_210/results_24.json,10515,103,175,102.0873786407767,175,1.2,13,0.004761904761904762,0.06190476190476191,0.005339161053156077,0.9643782699167346,93.43220338983049
dif_ren,210,25,210,102,True,/users/delfos/aina/secoem-VSS/scentree-gen-remote/dif_ren_scentree/scenariotree_210/results_25.json,9880,103,174,95.92233009708738,174,1.206896551724138,13,0.004761904761904762,0.06190476190476191,0.005188245205017839,0.9665432216868818,95.86956521739131
dif_ren,210,26,210,102,True,/users/delfos/aina/secoem-VSS/scentree-gen-remote/dif_ren_scentree/scenariotree_210/results_26.json,10320,103,168,100.19417475728156,168,1.25,13,0.004761904761904762,0.06190476190476191,0.005565669446242711,0.9611248347826291,89.63414634146339
dif_ren,210,27,210,102,True,/users/delfos/aina/secoem-VSS/scentree-gen-remote/dif_ren_scentree/scenariotree_210/results_27.json,10159,103,175,98.63106796116504,175,1.2,12,0.004761904761904762,0.05714285714285714,0.004495975956968245,0.9729595573623957,108.08823529411767
dif_ren,210,28,210,102,True,/users/delfos/aina/secoem-VSS/scentree-gen-remote/dif_ren_scentree/scenariotree_210/results_28.json,11019,103,173,106.98058252427184,173,1.2138728323699421,9,0.004761904761904762,0.04285714285714286,0.00439080715827082,0.9706484785118276,109.7014925373134
dif_ren,210,29,210,102,True,/users/delfos/aina/secoem-VSS/scentree-gen-remote/dif_ren_scentree/scenariotree_210/results_29.json,9627,103,170,93.46601941747574,170,1.2352941176470589,9,0.004761904761904762,0.04285714285714286,0.004962017064785534,0.965338041078751,99.32432432432432
dif_ren,210,3,210,102,True,/users/delfos/aina/secoem-VSS/scentree-gen-remote/dif_ren_scentree/scenariotree_210/results_3.json,9519,103,164,92.41747572815534,164,1.2804878048780488,13,0.004761904761904762,0.06190476190476191,0.005351139505978643,0.9647370477127298,92.64705882352942
dif_ren,210,30,210,102,True,/users/delfos/aina/secoem-VSS/scentree-gen-remote/dif_ren_scentree/scenariotree_210/results_30.json,9652,103,174,93.70873786407768,174,1.206896551724138,7,0.004761904761904762,0.03333333333333333,0.00389731431174995,0.974304838535661,119.1891891891892
dif_ren,210,31,210,102,True,/users/delfos/aina/secoem-VSS/scentree-gen-remote/dif_ren_scentree/scenariotree_210/results_31.json,10355,103,182,100.53398058252426,182,1.1538461538461537,9,0.004761904761904762,0.04285714285714286,0.0035943327600365038,0.9787907388230073,127.45664739884391
dif_ren,210,4,210,102,True,/users/delfos/aina/secoem-VSS/scentree-gen-remote/dif_ren_scentree/scenariotree_210/results_4.json,10220,103,174,99.22330097087378,174,1.206896551724138,7,0.004761904761904762,0.03333333333333333,0.0035472034474044118,0.977660597744918,125.99999999999996
dif_ren,210,5,210,102,True,/users/delfos/aina/secoem-VSS/scentree-gen-remote/dif_ren_scentree/scenariotree_210/results_5.json,10484,103,171,101.7864077669903,171,1.2280701754385965,7,0.004761904761904762,0.03333333333333333,0.0038556326680749624,0.9739827349479553,119.18918918918916
dif_ren,210,6,210,102,True,/users/delfos/aina/secoem-VSS/scentree-gen-remote/dif_ren_scentree/scenariotree_210/results_6.json,9282,103,181,90.11650485436893,181,1.160220994475138,9,0.004761904761904762,0.04285714285714286,0.003947031420592412,0.9757604942641134,119.83695652173911
dif_ren,210,7,210,102,True,/users/delfos/aina/secoem-VSS/scentree-gen-remote/dif_ren_scentree/scenariotree_210/results_7.json,9904,103,172,96.15533980582525,172,1.2209302325581395,7,0.004761904761904762,0.03333333333333333,0.003731281415023576,0.9755249368915134,121.82320441988948
dif_ren,210,8,210,102,True,/users/delfos/aina/secoem-VSS/scentree-gen-remote/dif_ren_scentree/scenariotree_210/results_8.json,8781,103,168,85.25242718446601,168,1.25,5,0.004761904761904762,0.023809523809523808,0.003664693051903398,0.9753646610596445,121.82320441988948
dif_ren,210,9,210,102,True,/users/delfos/aina/secoem-VSS/scentree-gen-remote/dif_ren_scentree/scenariotree_210/results_9.json,10606,103,179,102.97087378640776,179,1.1731843575418994,14,0.004761904761904762,0.06666666666666667,0.0058008789285358495,0.9619867683075971,86.13281250000003
dif_ren,220,1,220,102,True,/users/delfos/aina/secoem-VSS/scentree-gen-remote/dif_ren_scentree/scenariotree_220/results_1.json,9918,103,175,96.29126213592232,175,1.2571428571428571,7,0.004545454545454545,0.031818181818181815,0.00387874922677093,0.9724524602341622,119.80198019801985
dif_ren,220,10,220,102,True,/users/delfos/aina/secoem-VSS/scentree-gen-remote/dif_ren_scentree/scenariotree_220/results_10.json,10489,103,176,101.83495145631068,176,1.25,9,0.004545454545454545,0.04090909090909091,0.004833341969127928,0.9631344495068035,102.10970464135023
dif_ren,220,11,220,102,True,/users/delfos/aina/secoem-VSS/scentree-gen-remote/dif_ren_scentree/scenariotree_220/results_11.json,9166,103,181,88.99029126213593,181,1.2154696132596685,7,0.004545454545454545,0.031818181818181815,0.0039775390609380215,0.9719607692442743,119.21182266009855
dif_ren,220,12,220,102,True,/users/delfos/aina/secoem-VSS/scentree-gen-remote/dif_ren_scentree/scenariotree_220/results_12.json,11079,103,182,107.5631067961165,182,1.2087912087912087,8,0.004545454545454545,0.03636363636363636,0.0037225356411362057,0.9748961359208171,124.74226804123714
dif_ren,220,13,220,102,True,/users/delfos/aina/secoem-VSS/scentree-gen-remote/dif_ren_scentree/scenariotree_220/results_13.json,10490,103,186,101.84466019417475,186,1.1827956989247312,6,0.004545454545454545,0.02727272727272727,0.0034601896423123867,0.9766497521281069,131.52173913043478
dif_ren,220,14,220,102,True,/users/delfos/aina/secoem-VSS/scentree-gen-remote/dif_ren_scentree/scenariotree_220/results_14.json,9740,103,177,94.5631067961165,177,1.2429378531073447,6,0.004545454545454545,0.02727272727272727,0.003992476587240887,0.9709397904825842,118.04878048780486
dif_ren,220,15,220,102,True,/users/delfos/aina/secoem-VSS/scentree-gen-remote/dif_ren_scentree/scenariotree_220/results_15.json,9555,103,177,92.76699029126213,177,1.2429378531073447,10,0.004545454545454545,0.045454545454545456,0.00486251267825594,0.9646917961911388,101.68067226890757
dif_ren,220,16,220,102,True,/users/delfos/aina/secoem-VSS/scentree-gen-remote/dif_ren_scentree/scenariotree_220/results_16.json,10833,103,166,105.1747572815534,166,1.3253012048192772,16,0.004545454545454545,0.07272727272727272,0.00629553743247912,0.9541450908621655,79.34426229508195
dif_ren,220,17,220,102,True,/users/delfos/aina/secoem-VSS/scentree-gen-remote/dif_ren_scentree/scenariotree_220/results_17.json,10481,103,186,101.75728155339806,186,1.1827956989247312,5,0.004545454545454545,0.022727272727272728,0.002901431491623818,0.9813972693476946,144.04761904761904
dif_ren,220,18,220,102,True,/users/delfos/aina/secoem-VSS/scentree-gen-remote/dif_ren_scentree/scenariotree_220/results_18.json,10767,103,178,104.53398058252426,178,1.2359550561797752,6,0.004545454545454545,0.02727272727272727,0.0035747117864345485,0.9754290096191072,126.70157068062827
dif_ren,220,19,220,102,True,/users/delfos/aina/secoem-VSS/scentree-gen-remote/dif_ren_scentree/scenariotree_220/results_19.json,9339,103,184,90.66990291262135,184,1.1956521739130435,10,0.004545454545454545,0.045454545454545456,0.004034477403674626,0.9734846022598544,118.62745098039217
dif_ren,220,2,220,102,True,/users/delfos/aina/secoem-VSS/scentree-gen-remote/dif_ren_scentree/scenariotree_220/results_2.json,10218,103,178,99.20388349514563,178,1.2359550561797752,8,0.004545454545454545,0.03636363636363636,0.0042291626422186245,0.9697215599241016,113.61502347417843
dif_ren,220,20,220,102,True,/users/delfos/aina/secoem-VSS/scentree-gen-remote/dif_ren_scentree/scenariotree_220/results_20.json,9678,103,175,93.96116504854369,175,1.2571428571428571,6,0.004545454545454545,0.02727272727272727,0.003321223857803746,0.9775567384110296,130.8108108108108
dif_ren,220,21,220,102,True,/users/delfos/aina/secoem-VSS/scentree-gen-remote/dif_ren_scentree/scenariotree_220/results_21.json,11262,103,184,109.33980582524272,184,1.1956521739130435,6,0.004545454545454545,0.02727272727272727,0.0032995667701707513,0.9782027321830505,134.44444444444446
dif_ren,220,22,220,102,True,/users/delfos/aina/secoem-VSS/scentree-gen-remote/dif_ren_scentree/scenariotree_220/results_22.json,9985,103,181,96.94174757281553,181,1.2154696132596685,7,0.004545454545454545,0.031818181818181815,0.0032158381673148733,0.9794799370580689,135.195530726257
dif_ren,220,23,220,102,True,/users/delfos/aina/secoem-VSS/scentree-gen-remote/dif_ren_scentree/scenariotree_220/results_23.json,10972,103,193,106.52427184466019,193,1.1398963730569949,6,0.004545454545454545,0.02727272727272727,0.0027222201180970114,0.9838531512237944,151.25
dif_ren,220,24,220,102,True,/users/delfos/aina/secoem-VSS/scentree-gen-remote/dif_ren_scentree/scenariotree_220/results_24.json,10803,103,195,104.88349514563107,195,1.1282051282051282,7,0.004545454545454545,0.031818181818181815,0.0029796738799580027,0.982588890157191,145.78313253012053
dif_ren,220,25,220,102,True,/users/delfos/aina/secoem-VSS/scentree-gen-remote/dif_ren_scentree/scenariotree_220/results_25.json,10187,103,183,98.90291262135922,183,1.2021857923497268,7,0.004545454545454545,0.031818181818181815,0.0036734190854120522,0.9747741356802435,126.04166666666669
dif_ren,220,26,220,102,True,/users/delfos/aina/secoem-VSS/scentree-gen-remote/dif_ren_scentree/scenariotree_220/results_26.json,11118,103,197,107.94174757281553,197,1.116751269035533,5,0.004545454545454545,0.022727272727272728,0.002251043788696082,0.9878723056277791,164.62585034013605
dif_ren,220,27,220,102,True,/users/delfos/aina/secoem-VSS/scentree-gen-remote/dif_ren_scentree/scenariotree_220/results_27.json,10629,103,188,103.19417475728156,188,1.1702127659574468,6,0.004545454545454545,0.02727272727272727,0.00311961143448536,0.9800818660122929,139.88439306358381
dif_ren,220,28,220,102,True,/users/delfos/aina/secoem-VSS/scentree-gen-remote/dif_ren_scentree/scenariotree_220/results_28.json,10457,103,181,101.52427184466019,181,1.2154696132596685,7,0.004545454545454545,0.031818181818181815,0.003771301690124184,0.9740134307855333,123.46938775510205
dif_ren,220,29,220,102,True,/users/delfos/aina/secoem-VSS/scentree-gen-remote/dif_ren_scentree/scenariotree_220/results_29.json,10743,103,169,104.30097087378641,169,1.301775147928994,18,0.004545454545454545,0.08181818181818182,0.006648962186559557,0.953170895752295,74.69135802469135
dif_ren,220,3,220,102,True,/users/delfos/aina/secoem-VSS/scentree-gen-remote/dif_ren_scentree/scenariotree_220/results_3.json,10430,103,197,101.2621359223301,197,1.116751269035533,13,0.004545454545454545,0.05909090909090909,0.0043245189553980995,0.9746144741042525,114.15094339622644
dif_ren,220,30,220,102,True,/users/delfos/aina/secoem-VSS/scentree-gen-remote/dif_ren_scentree/scenariotree_220/results_30.json,10602,103,192,102.93203883495146,192,1.1458333333333333,5,0.004545454545454545,0.022727272727272728,0.002317658759568261,0.9873211207775084,160.26490066225165
dif_ren,220,31,220,102,True,/users/delfos/aina/secoem-VSS/scentree-gen-remote/dif_ren_scentree/scenariotree_220/results_31.json,10344,103,184,100.42718446601941,184,1.1956521739130435,7,0.004545454545454545,0.031818181818181815,0.0032995667701707504,0.9788693670068489,134.44444444444446
dif_ren,220,4,220,102,True,/users/delfos/aina/secoem-VSS/scentree-gen-remote/dif_ren_scentree/scenariotree_220/results_4.json,10436,103,199,101.32038834951456,199,1.1055276381909547,7,0.004545454545454545,0.031818181818181815,0.0025121474801037035,0.986860909461773,159.2105263157895
dif_ren,220,5,220,102,True,/users/delfos/aina/secoem-VSS/scentree-gen-remote/dif_ren_scentree/scenariotree_220/results_5.json,10225,103,178,99.27184466019418,178,1.2359550561797752,6,0.004545454545454545,0.02727272727272727,0.0034759345305768246,0.9763627012564745,128.72340425531914
dif_ren,220,6,220,102,True,/users/delfos/aina/secoem-VSS/scentree-gen-remote/dif_ren_scentree/scenariotree_220/results_6.json,10292,103,189,99.92233009708738,189,1.164021164021164,11,0.004545454545454545,0.05,0.004021175528336098,0.9746272517361331,119.80198019801983
dif_ren,220,7,220,102,True,/users/delfos/aina/secoem-VSS/scentree-gen-remote/dif_ren_scentree/scenariotree_220/results_7.json,10633,103,193,103.23300970873787,193,1.1398963730569949,6,0.004545454545454545,0.02727272727272727,0.0028377452552688577,0.9834012149387192,148.46625766871168
dif_ren,220,8,220,102,True,/users/delfos/aina/secoem-VSS/scentree-gen-remote/dif_ren_scentree/scenariotree_220/results_8.json,10416,103,179,101.12621359223301,179,1.229050279329609,20,0.004545454545454545,0.09090909090909091,0.007346698306622394,0.9461701216635231,65.58265582655822
dif_ren,220,9,220,102,True,/users/delfos/aina/secoem-VSS/scentree-gen-remote/dif_ren_scentree/scenariotree_220/results_9.json,10115,103,184,98.20388349514563,184,1.1956521739130435,10,0.004545454545454545,0.045454545454545456,0.0038347051209352283,0.975049437978573,122.84263959390864
dif_ren,230,1,230,102,True,/users/delfos/aina/secoem-VSS/scentree-gen-remote/dif_ren_scentree/scenariotree_230/results_1.json,10895,103,193,105.77669902912622,193,1.1917098445595855,4,0.004347826086956522,0.017391304347826087,0.002653861759324874,0.982478952337461,152.89017341040463
dif_ren,230,10,230,102,True,/users/delfos/aina/secoem-VSS/scentree-gen-remote/dif_ren_scentree/scenariotree_230/results_10.json,10913,103,191,105.95145631067962,191,1.2041884816753927,7,0.004347826086956522,0.030434782608695653,0.0029010722830700507,0.9813366036694258,146.13259668508283
dif_ren,230,11,230,102,True,/users/delfos/aina/secoem-VSS/scentree-gen-remote/dif_ren_scentree/scenariotree_230/results_11.json,9358,103,189,90.85436893203884,189,1.216931216931217,11,0.004347826086956522,0.04782608695652174,0.004859533812380361,0.9647992587293869,102.51937984496121
dif_ren,230,12,230,102,True,/users/delfos/aina/secoem-VSS/scentree-gen-remote/dif_ren_scentree/scenariotree_230/results_12.json,9616,103,187,93.35922330097087,187,1.2299465240641712,5,0.004347826086956522,0.021739130434782608,0.003228543161240197,0.9769980980957362,137.04663212435233
dif_ren,230,13,230,102,True,/users/delfos/aina/secoem-VSS/scentree-gen-remote/dif_ren_scentree/scenariotree_230/results_13.json,9430,103,184,91.55339805825243,184,1.25,7,0.004347826086956522,0.030434782608695653,0.003338705569221184,0.9769727171087013,133.58585858585857
dif_ren,230,14,230,102,True,/users/delfos/aina/secoem-VSS/scentree-gen-remote/dif_ren_scentree/scenariotree_230/results_14.json,10586,103,191,102.77669902912622,191,1.2041884816753927,9,0.004347826086956522,0.0391304347826087,0.003601238379342608,0.9752617275653285,129.656862745098
dif_ren,230,15,230,102,True,/users/delfos/aina/secoem-VSS/scentree-gen-remote/dif_ren_scentree/scenariotree_230/results_15.json,9446,103,193,91.70873786407768,193,1.1917098445595855,6,0.004347826086956522,0.02608695652173913,0.002934300491071215,0.9803399085841473,146.1325966850829
dif_ren,230,16,230,102,True,/users/delfos/aina/secoem-VSS/scentree-gen-remote/dif_ren_scentree/scenariotree_230/results_16.json,10990,103,191,106.69902912621359,191,1.2041884816753927,7,0.004347826086956522,0.030434782608695653,0.003374221527646307,0.9764225478361026,134.94897959183672
dif_ren,230,17,230,102,True,/users/delfos/aina/secoem-VSS/scentree-gen-remote/dif_ren_scentree/scenariotree_230/results_17.json,9488,103,186,92.11650485436893,186,1.2365591397849462,16,0.004347826086956522,0.06956521739130435,0.005572964215123179,0.9593210681637528,89.66101694915253
dif_ren,230,18,230,102,True,/users/delfos/aina/secoem-VSS/scentree-gen-remote/dif_ren_scentree/scenariotree_230/results_18.json,9785,103,200,95.0,200,1.15,8,0.004347826086956522,0.034782608695652174,0.0029084974261434026,0.9822909854362024,149.43502824858754
dif_ren,230,19,230,102,True,/users/delfos/aina/secoem-VSS/scentree-gen-remote/dif_ren_scentree/scenariotree_230/results_19.json,12484,103,197,121.20388349514563,197,1.16751269035533,5,0.004347826086956522,0.021739130434782608,0.002796040489807973,0.9819158641733646,151.14285714285714
dif_ren,230,2,230,102,True,/users/delfos/aina/secoem-VSS/scentree-gen-remote/dif_ren_scentree/scenariotree_230/results_2.json,9229,103,188,89.60194174757281,188,1.2234042553191489,9,0.004347826086956522,0.0391304347826087,0.003511305527595696,0.9762477853534871,130.94059405940592
dif_ren,230,20,230,102,True,/users/delfos/aina/secoem-VSS/scentree-gen-remote/dif_ren_scentree/scenariotree_230/results_20.json,9309,103,188,90.37864077669903,188,1.2234042553191489,11,0.004347826086956522,0.04782608695652174,0.0037868571269419273,0.975732560175372,124.76415094339619
dif_ren,230,21,230,102,True,/users/delfos/aina/secoem-VSS/scentree-gen-remote/dif_ren_scentree/scenariotree_230/results_21.json,9994,103,189,97.02912621359224,189,1.216931216931217,10,0.004347826086956522,0.043478260869565216,0.004220659505841264,0.969089619846076,115.50218340611352
dif_ren,230,22,230,102,True,/users/delfos/aina/secoem-VSS/scentree-gen-remote/dif_ren_scentree/scenariotree_230/results_22.json,10312,103,172,100.11650485436893,172,1.3372093023255813,10,0.004347826086956522,0.043478260869565216,0.004944429625505015,0.9618040814657733,99.81132075471697
dif_ren,230,23,230,102,True,/users/delfos/aina/secoem-VSS/scentree-gen-remote/dif_ren_scentree/scenariotree_230/results_23.json,10775,103,204,104.6116504854369,204,1.1274509803921569,7,0.004347826086956522,0.030434782608695653,0.0027680491210663634,0.9836420687735695,154.6783625730994
dif_ren,230,24,230,102,True,/users/delfos/aina/secoem-VSS/scentree-gen-remote/dif_ren_scentree/scenariotree_230/results_24.json,9841,103,178,95.54368932038835,178,1.2921348314606742,9,0.004347826086956522,0.0391304347826087,0.004753977772624472,0.9626887893424063,103.72549019607843
dif_ren,230,25,230,102,True,/users/delfos/aina/secoem-VSS/scentree-gen-remote/dif_ren_scentree/scenariotree_230/results_25.json,10952,103,190,106.33009708737865,190,1.2105263157894737,12,0.004347826086956522,0.05217391304347826,0.004296944229949246,0.9711127321697713,114.00862068965512
dif_ren,230,26,230,102,True,/users/delfos/aina/secoem-VSS/scentree-gen-remote/dif_ren_scentree/scenariotree_230/results_26.json,9452,103,180,91.76699029126213,180,1.2777777777777777,5,0.004347826086956522,0.021739130434782608,0.003400568158527162,0.975174984818114,130.94059405940592
dif_ren,230,27,230,102,True,/users/delfos/aina/secoem-VSS/scentree-gen-remote/dif_ren_scentree/scenariotree_230/results_27.json,11903,103,205,115.5631067961165,205,1.1219512195121952,6,0.004347826086956522,0.02608695652173913,0.002311673653181542,0.9870704216149422,167.40506329113921
dif_ren,230,28,230,102,True,/users/delfos/aina/secoem-VSS/scentree-gen-remote/dif_ren_scentree/scenariotree_230/results_28.json,9848,103,178,95.6116504854369,178,1.2921348314606742,7,0.004347826086956522,0.030434782608695653,0.003948557679286724,0.9700622753342502,119.14414414414414
dif_ren,230,29,230,102,True,/users/delfos/aina/secoem-VSS/scentree-gen-remote/dif_ren_scentree/scenariotree_230/results_29.json,11445,103,186,111.11650485436893,186,1.2365591397849462,18,0.004347826086956522,0.0782608695652174,0.006937733202223118,0.9479989867984803,69.78891820580476
dif_ren,230,3,230,102,True,/users/delfos/aina/secoem-VSS/scentree-gen-remote/dif_ren_scentree/scenariotree_230/results_3.json,10261,103,196,99.62135922330097,196,1.1734693877551021,9,0.004347826086956522,0.0391304347826087,0.0033173464851694984,0.9785376258302841,137.76041666666666
dif_ren,230,30,230,102,True,/users/delfos/aina/secoem-VSS/scentree-gen-remote/dif_ren_scentree/scenariotree_230/results_30.json,9529,103,197,92.51456310679612,197,1.16751269035533,7,0.004347826086956522,0.030434782608695653,0.0029948840109199665,0.9806001700126462,146.13259668508286
dif_ren,230,31,230,102,True,/users/delfos/aina/secoem-VSS/scentree-gen-remote/dif_ren_scentree/scenariotree_230/results_31.json,10235,103,201,99.36893203883496,201,1.144278606965174,7,0.004347826086956522,0.030434782608695653,0.002857418302752089,0.9820656356541623,151.14285714285714
dif_ren,230,4,230,102,True,/users/delfos/aina/secoem-VSS/scentree-gen-remote/dif_ren_scentree/scenariotree_230/results_4.json,10834,103,178,105.18446601941747,178,1.2921348314606742,10,0.004347826086956522,0.043478260869565216,0.0044541111209235665,0.9670117603369323,109.29752066115701
dif_ren,230,5,230,102,True,/users/delfos/aina/secoem-VSS/scentree-gen-remote/dif_ren_scentree/scenariotree_230/results_5.json,10031,103,194,97.3883495145631,194,1.1855670103092784,9,0.004347826086956522,0.0391304347826087,0.0031729456356619614,0.9802195145667735,140.6914893617021
dif_ren,230,6,230,102,True,/users/delfos/aina/secoem-VSS/scentree-gen-remote/dif_ren_scentree/scenariotree_230/results_6.json,9780,103,182,94.95145631067962,182,1.2637362637362637,19,0.004347826086956522,0.08260869565217391,0.0062271469586939404,0.9573371685564105,79.6686746987952
dif_ren,230,7,230,102,True,/users/delfos/aina/secoem-VSS/scentree-gen-remote/dif_ren_scentree/scenariotree_230/results_7.json,10257,103,176,99.58252427184466,176,1.3068181818181819,12,0.004347826086956522,0.05217391304347826,0.005536904361603509,0.9573497569988566,90.2730375426621
dif_ren,230,8,230,102,True,/users/delfos/aina/secoem-VSS/scentree-gen-remote/dif_ren_scentree/scenariotree_230/results_8.json,10606,103,192,102.97087378640776,192,1.1979166666666667,8,0.004347826086956522,0.034782608695652174,0.0031138216369817197,0.9798811229375533,141.44385026737967
dif_ren,230,9,230,102,True,/users/delfos/aina/secoem-VSS/scentree-gen-remote/dif_ren_scentree/scenariotree_230/results_9.json,10682,103,194,103.70873786407768,194,1.1855670103092784,13,0.004347826086956522,0.05652173913043478,0.004203331673509699,0.9735396571872724,116.51982378854622
dif_ren,240,1,240,102,True,/users/delfos/aina/secoem-VSS/scentree-gen-remote/dif_ren_scentree/scenariotree_240/results_1.json,10687,103,197,103.75728155339806,197,1.218274111675127,10,0.004166666666666667,0.041666666666666664,0.003978560763461082,0.9699266495132187,122.03389830508473
dif_ren,240,10,240,102,True,/users/delfos/aina/secoem-VSS/scentree-gen-remote/dif_ren_scentree/scenariotree_240/results_10.json,10615,103,203,103.05825242718447,203,1.1822660098522169,12,0.004166666666666667,0.05,0.0039044782669000813,0.9734623150541386,124.67532467532463
dif_ren,240,11,240,102,True,/users/delfos/aina/secoem-VSS/scentree-gen-remote/dif_ren_scentree/scenariotree_240/results_11.json,11536,103,209,112.0,209,1.1483253588516746,23,0.004166666666666667,0.09583333333333334,0.006421438667285952,0.9584221716290615,74.61139896373061
dif_ren,240,12,240,102,True,/users/delfos/aina/secoem-VSS/scentree-gen-remote/dif_ren_scentree/scenariotree_240/results_12.json,11576,103,192,112.3883495145631,192,1.25,6,0.004166666666666667,0.025,0.003532463532877744,0.972535769409725,131.50684931506848
dif_ren,240,13,240,102,True,/users/delfos/aina/secoem-VSS/scentree-gen-remote/dif_ren_scentree/scenariotree_240/results_13.json,11983,103,194,116.33980582524272,194,1.2371134020618557,18,0.004166666666666667,0.075,0.0055248966560429375,0.9612012726003203,90.28213166144201
dif_ren,240,14,240,102,True,/users/delfos/aina/secoem-VSS/scentree-gen-remote/dif_ren_scentree/scenariotree_240/results_14.json,11166,103,204,108.40776699029126,204,1.1764705882352942,11,0.004166666666666667,0.04583333333333333,0.003422607853864937,0.9781080676641967,137.1428571428571
dif_ren,240,15,240,102,True,/users/delfos/aina/secoem-VSS/scentree-gen-remote/dif_ren_scentree/scenariotree_240/results_15.json,11900,103,199,115.53398058252426,199,1.2060301507537687,11,0.004166666666666667,0.04583333333333333,0.003902344307276966,0.971994128172163,124.13793103448273
dif_ren,240,16,240,102,True,/users/delfos/aina/secoem-VSS/scentree-gen-remote/dif_ren_scentree/scenariotree_240/results_16.json,10846,103,194,105.30097087378641,194,1.2371134020618557,8,0.004166666666666667,0.03333333333333333,0.0032370764657423893,0.9769876310085137,139.1304347826087
dif_ren,240,17,240,102,True,/users/delfos/aina/secoem-VSS/scentree-gen-remote/dif_ren_scentree/scenariotree_240/results_17.json,11889,103,190,115.42718446601941,190,1.263157894736842,10,0.004166666666666667,0.041666666666666664,0.0037614603785960064,0.9724897744202032,125.76419213973797
dif_ren,240,18,240,102,True,/users/delfos/aina/secoem-VSS/scentree-gen-remote/dif_ren_scentree/scenariotree_240/results_18.json,10887,103,199,105.69902912621359,199,1.2060301507537687,10,0.004166666666666667,0.041666666666666664,0.0037425801783332237,0.9729298881133414,127.99999999999994
dif_ren,240,19,240,102,True,/users/delfos/aina/secoem-VSS/scentree-gen-remote/dif_ren_scentree/scenariotree_240/results_19.json,10907,103,199,105.89320388349515,199,1.2060301507537687,11,0.004166666666666667,0.04583333333333333,0.00471249745280911,0.9630108871762991,105.88235294117645
dif_ren,240,2,240,102,True,/users/delfos/aina/secoem-VSS/scentree-gen-remote/dif_ren_scentree/scenariotree_240/results_2.json,10737,103,193,104.24271844660194,193,1.2435233160621761,7,0.004166666666666667,0.029166666666666667,0.0033873325307622105,0.9747359442521415,135.2112676056338
dif_ren,240,20,240,102,True,/users/delfos/aina/secoem-VSS/scentree-gen-remote/dif_ren_scentree/scenariotree_240/results_20.json,10928,103,191,106.09708737864078,191,1.256544502617801,15,0.004166666666666667,0.0625,0.005294804172271766,0.9592200474138386,94.42622950819671
dif_ren,240,21,240,102,True,/users/delfos/aina/secoem-VSS/scentree-gen-remote/dif_ren_scentree/scenariotree_240/results_21.json,11192,103,216,108.66019417475728,216,1.1111111111111112,4,0.004166666666666667,0.016666666666666666,0.0019504976326797131,0.9889645897634919,183.43949044585986
dif_ren,240,22,240,102,True,/users/delfos/aina/secoem-VSS/scentree-gen-remote/dif_ren_scentree/scenariotree_240/results_22.json,10623,103,194,103.13592233009709,194,1.2371134020618557,21,0.004166666666666667,0.0875,0.006451455318679039,0.9534837428640511,75.59055118110238
dif_ren,240,23,240,102,True,/users/delfos/aina/secoem-VSS/scentree-gen-remote/dif_ren_scentree/scenariotree_240/results_23.json,9547,103,195,92.68932038834951,195,1.2307692307692308,7,0.004166666666666667,0.029166666666666667,0.003330866937632456,0.9755439447018488,137.1428571428571
dif_ren,240,24,240,102,True,/users/delfos/aina/secoem-VSS/scentree-gen-remote/dif_ren_scentree/scenariotree_240/results_24.json,9759,103,198,94.74757281553399,198,1.2121212121212122,8,0.004166666666666667,0.03333333333333333,0.0038504925964588143,0.9709780836919585,125.21739130434781
dif_ren,240,25,240,102,True,/users/delfos/aina/secoem-VSS/scentree-gen-remote/dif_ren_scentree/scenariotree_240/results_25.json,9976,103,194,96.85436893203884,194,1.2371134020618557,7,0.004166666666666667,0.029166666666666667,0.003553368875882054,0.9730970557480823,131.5068493150685
dif_ren,240,26,240,102,True,/users/delfos/aina/secoem-VSS/scentree-gen-remote/dif_ren_scentree/scenariotree_240/results_26.json,10791,103,201,104.76699029126213,201,1.1940298507462686,6,0.004166666666666667,0.025,0.003102396637453604,0.9779186130898622,144.72361809045225
dif_ren,240,27,240,102,True,/users/delfos/aina/secoem-VSS/scentree-gen-remote/dif_ren_scentree/scenariotree_240/results_27.json,10856,103,202,105.39805825242719,202,1.188118811881188,7,0.004166666666666667,0.029166666666666667,0.003648133823338968,0.9729044702524313,130.90909090909088
dif_ren,240,28,240,102,True,/users/delfos/aina/secoem-VSS/scentree-gen-remote/dif_ren_scentree/scenariotree_240/results_28.json,10910,103,190,105.92233009708738,190,1.263157894736842,9,0.004166666666666667,0.0375,0.0035618247957548456,0.9737555385517094,130.31674208144796
dif_ren,240,29,240,102,True,/users/delfos/aina/secoem-VSS/scentree-gen-remote/dif_ren_scentree/scenariotree_240/results_29.json,11041,103,207,107.19417475728156,207,1.1594202898550725,5,0.004166666666666667,0.020833333333333332,0.0026501338475231513,0.9823272602386368,159.1160220994475
dif_ren,240,3,240,102,True,/users/delfos/aina/secoem-VSS/scentree-gen-remote/dif_ren_scentree/scenariotree_240/results_3.json,10635,103,193,103.25242718446601,193,1.2435233160621761,9,0.004166666666666667,0.0375,0.003973891161801299,0.9688352723271819,121.51898734177213
dif_ren,240,30,240,102,True,/users/delfos/aina/secoem-VSS/scentree-gen-remote/dif_ren_scentree/scenariotree_240/results_30.json,12146,103,211,117.92233009708738,211,1.1374407582938388,10,0.004166666666666667,0.041666666666666664,0.0032581143135951224,0.9792755216017146,143.28358208955223
dif_ren,240,31,240,102,True,/users/delfos/aina/secoem-VSS/scentree-gen-remote/dif_ren_scentree/scenariotree_240/results_31.json,11187,103,192,108.6116504854369,192,1.25,16,0.004166666666666667,0.06666666666666667,0.005641693336552751,0.9551573754161314,88.34355828220859
dif_ren,240,4,240,102,True,/users/delfos/aina/secoem-VSS/scentree-gen-remote/dif_ren_scentree/scenariotree_240/results_4.json,11980,103,202,116.31067961165049,202,1.188118811881188,11,0.004166666666666667,0.04583333333333333,0.003786850079987763,0.9731418582032997,127.43362831858407
dif_ren,240,5,240,102,True,/users/delfos/aina/secoem-VSS/scentree-gen-remote/dif_ren_scentree/scenariotree_240/results_5.json,12061,103,201,117.09708737864078,201,1.1940298507462686,10,0.004166666666666667,0.041666666666666664,0.004191806783610065,0.9694177989183314,117.55102040816328
dif_ren,240,6,240,102,True,/users/delfos/aina/secoem-VSS/scentree-gen-remote/dif_ren_scentree/scenariotree_240/results_6.json,11506,103,196,111.70873786407768,196,1.2244897959183674,6,0.004166666666666667,0.025,0.0032346473812262305,0.9760742190834747,139.80582524271844
dif_ren,240,7,240,102,True,/users/delfos/aina/secoem-VSS/scentree-gen-remote/dif_ren_scentree/scenariotree_240/results_7.json,10618,103,188,103.0873786407767,188,1.2765957446808511,10,0.004166666666666667,0.041666666666666664,0.004117809986699855,0.9687705763480596,117.55102040816325
dif_ren,240,8,240,102,True,/users/delfos/aina/secoem-VSS/scentree-gen-remote/dif_ren_scentree/scenariotree_240/results_8.json,10655,103,199,103.44660194174757,199,1.2060301507537687,7,0.004166666666666667,0.029166666666666667,0.003133576503156656,0.9772578934304916,143.28358208955223
dif_ren,240,9,240,102,True,/users/delfos/aina/secoem-VSS/scentree-gen-remote/dif_ren_scentree/scenariotree_240/results_9.json,10495,103,192,101.89320388349515,192,1.25,13,0.004166666666666667,0.05416666666666667,0.004419417382415923,0.9674539142683398,111.62790697674419
dif_ren,250,1,250,102,True,/users/delfos/aina/secoem-VSS/scentree-gen-remote/dif_ren_scentree/scenariotree_250/results_1.json,11276,103,201,109.47572815533981,201,1.243781094527363,18,0.004,0.072,0.00562195218563489,0.9564664529762587,88.27683615819207
dif_ren,250,10,250,102,True,/users/delfos/aina/secoem-VSS/scentree-gen-remote/dif_ren_scentree/scenariotree_250/results_10.json,10570,103,198,102.62135922330097,198,1.2626262626262625,20,0.004,0.08,0.006217235309720804,0.9513578287942006,78.71536523929468
dif_ren,250,11,250,102,True,/users/delfos/aina/secoem-VSS/scentree-gen-remote/dif_ren_scentree/scenariotree_250/results_11.json,11366,103,205,110.3495145631068,205,1.2195121951219512,9,0.004,0.036,0.003589925754726653,0.972579465008876,132.97872340425533
dif_ren,250,12,250,102,True,/users/delfos/aina/secoem-VSS/scentree-gen-remote/dif_ren_scentree/scenariotree_250/results_12.json,13458,103,205,130.6601941747573,205,1.2195121951219512,21,0.004,0.084,0.005986143031022929,0.9559153552357369,81.80628272251305
dif_ren,250,13,250,102,True,/users/delfos/aina/secoem-VSS/scentree-gen-remote/dif_ren_scentree/scenariotree_250/results_13.json,11714,103,204,113.72815533980582,204,1.2254901960784315,8,0.004,0.032,0.0034711974650831067,0.9728802779068674,135.8695652173913
dif_ren,250,14,250,102,True,/users/delfos/aina/secoem-VSS/scentree-gen-remote/dif_ren_scentree/scenariotree_250/results_14.json,11942,103,203,115.94174757281553,203,1.2315270935960592,15,0.004,0.06,0.004847370739055456,0.9626733294639616,103.13531353135312
dif_ren,250,15,250,102,True,/users/delfos/aina/secoem-VSS/scentree-gen-remote/dif_ren_scentree/scenariotree_250/results_15.json,11613,103,200,112.74757281553399,200,1.25,12,0.004,0.048,0.005211525688318153,0.9550094350586616,95.85889570552149
dif_ren,250,16,250,102,True,/users/delfos/aina/secoem-VSS/scentree-gen-remote/dif_ren_scentree/scenariotree_250/results_16.json,11316,103,212,109.86407766990291,212,1.179245283018868,10,0.004,0.04,0.0037586496897436513,0.972664328645397,129.6680497925311
dif_ren,250,17,250,102,True,/users/delfos/aina/secoem-VSS/scentree-gen-remote/dif_ren_scentree/scenariotree_250/results_17.json,10739,103,209,104.2621359223301,209,1.1961722488038278,5,0.004,0.02,0.002834604184738544,0.9790529554552987,154.7029702970297
dif_ren,250,18,250,102,True,/users/delfos/aina/secoem-VSS/scentree-gen-remote/dif_ren_scentree/scenariotree_250/results_18.json,9950,103,206,96.60194174757281,206,1.2135922330097086,10,0.004,0.04,0.004232118905110766,0.9663313278668236,117.04119850187267
dif_ren,250,19,250,102,True,/users/delfos/aina/secoem-VSS/scentree-gen-remote/dif_ren_scentree/scenariotree_250/results_19.json,11304,103,207,109.74757281553399,207,1.2077294685990339,12,0.004,0.048,0.003812693093615801,0.9720079742748823,127.55102040816327
dif_ren,250,2,250,102,True,/users/delfos/aina/secoem-VSS/scentree-gen-remote/dif_ren_scentree/scenariotree_250/results_2.json,11452,103,213,111.18446601941747,213,1.1737089201877935,7,0.004,0.028,0.0028027185991050074,0.9803887048255902,157.03517587939697
dif_ren,250,20,250,102,True,/users/delfos/aina/secoem-VSS/scentree-gen-remote/dif_ren_scentree/scenariotree_250/results_20.json,11038,103,201,107.16504854368932,201,1.243781094527363,9,0.004,0.036,0.0034213811341513964,0.9738675705525618,136.46288209606988
dif_ren,250,21,250,102,True,/users/delfos/aina/secoem-VSS/scentree-gen-remote/dif_ren_scentree/scenariotree_250/results_21.json,11820,103,203,114.75728155339806,203,1.2315270935960592,7,0.004,0.028,0.0032754435082057378,0.9751098145748256,140.7657657657658
dif_ren,250,22,250,102,True,/users/delfos/aina/secoem-VSS/scentree-gen-remote/dif_ren_scentree/scenariotree_250/results_22.json,11110,103,219,107.86407766990291,219,1.1415525114155252,8,0.004,0.032,0.0029188334711992645,0.9798607748743354,155.4726368159204
dif_ren,250,23,250,102,True,/users/delfos/aina/secoem-VSS/scentree-gen-remote/dif_ren_scentree/scenariotree_250/results_23.json,11005,103,195,106.84466019417475,195,1.2820512820512822,10,0.004,0.04,0.004204878041339346,0.9652307490861752,116.6044776119403
dif_ren,250,24,250,102,True,/users/delfos/aina/secoem-VSS/scentree-gen-remote/dif_ren_scentree/scenariotree_250/results_24.json,11203,103,217,108.76699029126213,217,1.152073732718894,8,0.004,0.032,0.0025469825547525713,0.983917442007396,166.22340425531914
dif_ren,250,25,250,102,True,/users/delfos/aina/secoem-VSS/scentree-gen-remote/dif_ren_scentree/scenariotree_250/results_25.json,10796,103,202,104.81553398058253,202,1.2376237623762376,13,0.004,0.052,0.004292236227671295,0.9672829939655965,115.31365313653136
dif_ren,250,26,250,102,True,/users/delfos/aina/secoem-VSS/scentree-gen-remote/dif_ren_scentree/scenariotree_250/results_26.json,11603,103,217,112.6504854368932,217,1.152073732718894,14,0.004,0.056,0.003953476606364464,0.9738330499423143,124.99999999999997
dif_ren,250,27,250,102,True,/users/delfos/aina/secoem-VSS/scentree-gen-remote/dif_ren_scentree/scenariotree_250/results_27.json,9439,103,203,91.64077669902913,203,1.2315270935960592,8,0.004,0.032,0.003530229500079331,0.9727666817784629,134.12017167381975
dif_ren,250,28,250,102,True,/users/delfos/aina/secoem-VSS/scentree-gen-remote/dif_ren_scentree/scenariotree_250/results_28.json,10481,103,200,101.75728155339806,200,1.25,8,0.004,0.032,0.004034848200366404,0.9663495036820022,121.12403100775195
dif_ren,250,29,250,102,True,/users/delfos/aina/secoem-VSS/scentree-gen-remote/dif_ren_scentree/scenariotree_250/results_29.json,9702,103,204,94.19417475728156,204,1.2254901960784315,15,0.004,0.06,0.004598614036564242,0.9662742653889007,108.50694444444441
dif_ren,250,3,250,102,True,/users/delfos/aina/secoem-VSS/scentree-gen-remote/dif_ren_scentree/scenariotree_250/results_3.json,11741,103,221,113.99029126213593,221,1.1312217194570136,5,0.004,0.02,0.0018872196051022009,0.9890066053086641,188.25301204819277
dif_ren,250,30,250,102,True,/users/delfos/aina/secoem-VSS/scentree-gen-remote/dif_ren_scentree/scenariotree_250/results_30.json,12503,103,219,121.3883495145631,219,1.1415525114155252,6,0.004,0.024,0.0023965252189014396,0.9841641868713346,171.70329670329673
dif_ren,250,31,250,102,True,/users/delfos/aina/secoem-VSS/scentree-gen-remote/dif_ren_scentree/scenariotree_250/results_31.json,11397,103,211,110.6504854368932,211,1.1848341232227488,14,0.004,0.056,0.004421331052990431,0.9668193140299761,112.8158844765343
dif_ren,250,4,250,102,True,/users/delfos/aina/secoem-VSS/scentree-gen-remote/dif_ren_scentree/scenariotree_250/results_4.json,10779,103,193,104.6504854368932,193,1.2953367875647668,18,0.004,0.072,0.006387590320479595,0.9448733377959581,76.59313725490193
dif_ren,250,5,250,102,True,/users/delfos/aina/secoem-VSS/scentree-gen-remote/dif_ren_scentree/scenariotree_250/results_5.json,11075,103,211,107.52427184466019,211,1.1848341232227488,15,0.004,0.06,0.004472487516299515,0.9681661401442532,111.60714285714286
dif_ren,250,6,250,102,True,/users/delfos/aina/secoem-VSS/scentree-gen-remote/dif_ren_scentree/scenariotree_250/results_6.json,12423,103,209,120.6116504854369,209,1.1961722488038278,15,0.004,0.06,0.004223034921278563,0.9717016452108226,117.48120300751879
dif_ren,250,7,250,102,True,/users/delfos/aina/secoem-VSS/scentree-gen-remote/dif_ren_scentree/scenariotree_250/results_7.json,11821,103,199,114.76699029126213,199,1.256281407035176,18,0.004,0.072,0.005483128243619365,0.9586468905378166,90.84302325581392
dif_ren,250,8,250,102,True,/users/delfos/aina/secoem-VSS/scentree-gen-remote/dif_ren_scentree/scenariotree_250/results_8.json,12499,103,219,121.3495145631068,219,1.1415525114155252,6,0.004,0.024,0.002303253559738274,0.9851931539592652,174.58100558659217
dif_ren,250,9,250,102,True,/users/delfos/aina/secoem-VSS/scentree-gen-remote/dif_ren_scentree/scenariotree_250/results_9.json,10588,103,205,102.79611650485437,205,1.2195121951219512,15,0.004,0.06,0.004700778980340461,0.9640254747626867,106.29251700680271
dif_ren,260,1,260,102,True,/users/delfos/aina/secoem-VSS/scentree-gen-remote/dif_ren_scentree/scenariotree_260/results_1.json,11451,103,212,111.1747572815534,212,1.2264150943396226,8,0.0038461538461538464,0.03076923076923077,0.003727600245678615,0.9690245685287247,130.5019305019305
dif_ren,260,10,260,102,True,/users/delfos/aina/secoem-VSS/scentree-gen-remote/dif_ren_scentree/scenariotree_260/results_10.json,11396,103,219,110.64077669902913,219,1.187214611872146,33,0.0038461538461538464,0.12692307692307692,0.008370701393362509,0.9388043341133597,50.22288261515604
dif_ren,260,11,260,102,True,/users/delfos/aina/secoem-VSS/scentree-gen-remote/dif_ren_scentree/scenariotree_260/results_11.json,11818,103,209,114.7378640776699,209,1.244019138755981,11,0.0038461538461538464,0.04230769230769231,0.00402206324147903,0.9683569796295837,122.46376811594199
dif_ren,260,12,260,102,True,/users/delfos/aina/secoem-VSS/scentree-gen-remote/dif_ren_scentree/scenariotree_260/results_12.json,11948,103,216,116.0,216,1.2037037037037037,7,0.0038461538461538464,0.026923076923076925,0.0029956895790332044,0.9766894120712825,152.25225225225225
dif_ren,260,13,260,102,True,/users/delfos/aina/secoem-VSS/scentree-gen-remote/dif_ren_scentree/scenariotree_260/results_13.json,11262,103,217,109.33980582524272,217,1.1981566820276497,7,0.0038461538461538464,0.026923076923076925,0.0032451283540148672,0.9743660040641877,145.0643776824034
dif_ren,260,14,260,102,True,/users/delfos/aina/secoem-VSS/scentree-gen-remote/dif_ren_scentree/scenariotree_260/results_14.json,12440,103,227,120.77669902912622,227,1.145374449339207,9,0.0038461538461538464,0.03461538461538462,0.002979246866648654,0.9783994592152819,155.76036866359445
dif_ren,260,15,260,102,True,/users/delfos/aina/secoem-VSS/scentree-gen-remote/dif_ren_scentree/scenariotree_260/results_15.json,12193,103,212,118.37864077669903,212,1.2264150943396226,8,0.0038461538461538464,0.03076923076923077,0.003138134733010109,0.9759217820563606,146.95652173913044
dif_ren,260,16,260,102,True,/users/delfos/aina/secoem-VSS/scentree-gen-remote/dif_ren_scentree/scenariotree_260/results_16.json,10247,103,215,99.48543689320388,215,1.2093023255813953,12,0.0038461538461538464,0.046153846153846156,0.0037056760392298717,0.9718902629677274,131.51750972762642
dif_ren,260,17,260,102,True,/users/delfos/aina/secoem-VSS/scentree-gen-remote/dif_ren_scentree/scenariotree_260/results_17.json,11509,103,212,111.7378640776699,212,1.2264150943396226,11,0.0038461538461538464,0.04230769230769231,0.004118886742443421,0.9671019101716374,120.28469750889678
dif_ren,260,18,260,102,True,/users/delfos/aina/secoem-VSS/scentree-gen-remote/dif_ren_scentree/scenariotree_260/results_18.json,11601,103,211,112.63106796116504,211,1.2322274881516588,7,0.0038461538461538464,0.026923076923076925,0.003217060880956661,0.9741343120096431,144.44444444444446
dif_ren,260,19,260,102,True,/users/delfos/aina/secoem-VSS/scentree-gen-remote/dif_ren_scentree/scenariotree_260/results_19.json,10460,103,210,101.55339805825243,210,1.2380952380952381,9,0.0038461538461538464,0.03461538461538462,0.0032298886609063004,0.9749882643113138,143.82978723404253
dif_ren,260,2,260,102,True,/users/delfos/aina/secoem-VSS/scentree-gen-remote/dif_ren_scentree/scenariotree_260/results_2.json,12033,103,233,116.8252427184466,233,1.1158798283261802,7,0.0038461538461538464,0.026923076923076925,0.0024412653083309543,0.9845035017693244,176.04166666666663
dif_ren,260,20,260,102,True,/users/delfos/aina/secoem-VSS/scentree-gen-remote/dif_ren_scentree/scenariotree_260/results_20.json,10118,103,205,98.23300970873787,205,1.2682926829268293,6,0.0038461538461538464,0.023076923076923078,0.0030656913017576342,0.9753453908281882,146.95652173913044
dif_ren,260,21,260,102,True,/users/delfos/aina/secoem-VSS/scentree-gen-remote/dif_ren_scentree/scenariotree_260/results_21.json,10181,103,210,98.84466019417475,210,1.2380952380952381,11,0.0038461538461538464,0.04230769230769231,0.004263899899935097,0.9647037644739787,116.55172413793105
dif_ren,260,22,260,102,True,/users/delfos/aina/secoem-VSS/scentree-gen-remote/dif_ren_scentree/scenariotree_260/results_22.json,9981,103,205,96.90291262135922,205,1.2682926829268293,7,0.0038461538461538464,0.026923076923076925,0.003626404331211879,0.9694875862305017,132.03125
dif_ren,260,23,260,102,True,/users/delfos/aina/secoem-VSS/scentree-gen-remote/dif_ren_scentree/scenariotree_260/results_23.json,10154,103,208,98.58252427184466,208,1.25,13,0.0038461538461538464,0.05,0.0042585825948179825,0.964910653622716,116.55172413793105
dif_ren,260,24,260,102,True,/users/delfos/aina/secoem-VSS/scentree-gen-remote/dif_ren_scentree/scenariotree_260/results_24.json,11829,103,224,114.84466019417475,224,1.1607142857142858,9,0.0038461538461538464,0.03461538461538462,0.0031074027543581376,0.9775868449006198,150.8928571428571
dif_ren,260,25,260,102,True,/users/delfos/aina/secoem-VSS/scentree-gen-remote/dif_ren_scentree/scenariotree_260/results_25.json,11750,103,225,114.07766990291262,225,1.1555555555555554,5,0.0038461538461538464,0.019230769230769232,0.0025064749228402017,0.9819178624472382,170.70707070707067
dif_ren,260,26,260,102,True,/users/delfos/aina/secoem-VSS/scentree-gen-remote/dif_ren_scentree/scenariotree_260/results_26.json,11182,103,218,108.5631067961165,218,1.1926605504587156,5,0.0038461538461538464,0.019230769230769232,0.0027309488455736553,0.9792741242767924,160.9523809523809
dif_ren,260,27,260,102,True,/users/delfos/aina/secoem-VSS/scentree-gen-remote/dif_ren_scentree/scenariotree_260/results_27.json,10322,103,223,100.2135922330097,223,1.1659192825112108,13,0.0038461538461538464,0.05,0.003980584351357394,0.9694069583888747,124.72324723247226
dif_ren,260,28,260,102,True,/users/delfos/aina/secoem-VSS/scentree-gen-remote/dif_ren_scentree/scenariotree_260/results_28.json,10818,103,214,105.02912621359224,214,1.2149532710280373,9,0.0038461538461538464,0.03461538461538462,0.003242662260630887,0.9754512553392054,144.44444444444443
dif_ren,260,29,260,102,True,/users/delfos/aina/secoem-VSS/scentree-gen-remote/dif_ren_scentree/scenariotree_260/results_29.json,10936,103,221,106.1747572815534,221,1.1764705882352942,6,0.0038461538461538464,0.023076923076923078,0.0024009139381803743,0.9830490320340942,172.4489795918367
dif_ren,260,3,260,102,True,/users/delfos/aina/secoem-VSS/scentree-gen-remote/dif_ren_scentree/scenariotree_260/results_3.json,12042,103,225,116.9126213592233,225,1.1555555555555554,15,0.0038461538461538464,0.057692307692307696,0.004271794529777709,0.9692801456253598,116.95501730103805
dif_ren,260,30,260,102,True,/users/delfos/aina/secoem-VSS/scentree-gen-remote/dif_ren_scentree/scenariotree_260/results_30.json,11157,103,202,108.32038834951456,202,1.2871287128712872,8,0.0038461538461538464,0.03076923076923077,0.003723742555013598,0.968563784986657,129.00763358778624
dif_ren,260,31,260,102,True,/users/delfos/aina/secoem-VSS/scentree-gen-remote/dif_ren_scentree/scenariotree_260/results_31.json,10929,103,213,106.10679611650485,213,1.2206572769953052,16,0.0038461538461538464,0.06153846153846154,0.0046893459027649975,0.9635063226267163,106.62460567823342
dif_ren,260,4,260,102,True,/users/delfos/aina/secoem-VSS/scentree-gen-remote/dif_ren_scentree/scenariotree_260/results_4.json,9908,103,210,96.19417475728156,210,1.2380952380952381,11,0.0038461538461538464,0.04230769230769231,0.004163596260331964,0.9650383275592576,119.01408450704223
dif_ren,260,5,260,102,True,/users/delfos/aina/secoem-VSS/scentree-gen-remote/dif_ren_scentree/scenariotree_260/results_5.json,11404,103,199,110.71844660194175,199,1.306532663316583,6,0.0038461538461538464,0.023076923076923078,0.0034734527120436516,0.9706956557983437,134.6613545816733
dif_ren,260,6,260,102,True,/users/delfos/aina/secoem-VSS/scentree-gen-remote/dif_ren_scentree/scenariotree_260/results_6.json,11946,103,215,115.98058252427184,215,1.2093023255813953,10,0.0038461538461538464,0.038461538461538464,0.0034558828310678356,0.974282790620005,138.5245901639344
dif_ren,260,7,260,102,True,/users/delfos/aina/secoem-VSS/scentree-gen-remote/dif_ren_scentree/scenariotree_260/results_7.json,11454,103,213,111.20388349514563,213,1.2206572769953052,14,0.0038461538461538464,0.05384615384615385,0.0040538804174120495,0.9697911836978467,122.02166064981945
dif_ren,260,8,260,102,True,/users/delfos/aina/secoem-VSS/scentree-gen-remote/dif_ren_scentree/scenariotree_260/results_8.json,10697,103,212,103.85436893203884,212,1.2264150943396226,12,0.0038461538461538464,0.046153846153846156,0.004118886742443421,0.9669632569734723,120.28469750889676
dif_ren,260,9,260,102,True,/users/delfos/aina/secoem-VSS/scentree-gen-remote/dif_ren_scentree/scenariotree_260/results_9.json,9721,103,222,94.37864077669903,222,1.1711711711711712,9,0.0038461538461538464,0.03461538461538462,0.0032189117567549804,0.9763681855057011,146.9565217391304
dif_ren,270,1,270,102,True,/users/delfos/aina/secoem-VSS/scentree-gen-remote/dif_ren_scentree/scenariotree_270/results_1.json,11510,103,218,111.74757281553399,218,1.238532110091743,7,0.003703703703703704,0.025925925925925925,0.0031887739689144797,0.9732362367462394,146.97580645161293
dif_ren,270,10,270,102,True,/users/delfos/aina/secoem-VSS/scentree-gen-remote/dif_ren_scentree/scenariotree_270/results_10.json,12853,103,226,124.7864077669903,226,1.1946902654867257,10,0.003703703703703704,0.037037037037037035,0.002950580776119803,0.9781825798663664,156.43776824034336
dif_ren,270,11,270,102,True,/users/delfos/aina/secoem-VSS/scentree-gen-remote/dif_ren_scentree/scenariotree_270/results_11.json,11091,103,236,107.67961165048544,236,1.1440677966101696,17,0.003703703703703704,0.06296296296296296,0.004594035770676187,0.9658773018982906,108.48214285714288
dif_ren,270,12,270,102,True,/users/delfos/aina/secoem-VSS/scentree-gen-remote/dif_ren_scentree/scenariotree_270/results_12.json,11478,103,226,111.4368932038835,226,1.1946902654867257,7,0.003703703703703704,0.025925925925925925,0.0029914399761664075,0.9756908660605518,155.1063829787234
dif_ren,270,13,270,102,True,/users/delfos/aina/secoem-VSS/scentree-gen-remote/dif_ren_scentree/scenariotree_270/results_13.json,11018,103,214,106.97087378640776,214,1.2616822429906542,13,0.003703703703703704,0.04814814814814815,0.004201153722620413,0.9638709310898788,118.34415584415585
dif_ren,270,14,270,102,True,/users/delfos/aina/secoem-VSS/scentree-gen-remote/dif_ren_scentree/scenariotree_270/results_14.json,12270,103,232,119.12621359223301,232,1.1637931034482758,13,0.003703703703703704,0.04814814814814815,0.0035050142650444416,0.9746936181411526,139.6551724137931
dif_ren,270,15,270,102,True,/users/delfos/aina/secoem-VSS/scentree-gen-remote/dif_ren_scentree/scenariotree_270/results_15.json,11536,103,231,112.0,231,1.1688311688311688,10,0.003703703703703704,0.037037037037037035,0.0029886610498428014,0.9780231667614107,156.43776824034336
dif_ren,270,16,270,102,True,/users/delfos/aina/secoem-VSS/scentree-gen-remote/dif_ren_scentree/scenariotree_270/results_16.json,12250,103,226,118.93203883495146,226,1.1946902654867257,12,0.003703703703703704,0.044444444444444446,0.0033908654329379093,0.9745356028045695,142.38281250000003
dif_ren,270,17,270,102,True,/users/delfos/aina/secoem-VSS/scentree-gen-remote/dif_ren_scentree/scenariotree_270/results_17.json,12743,103,217,123.71844660194175,217,1.2442396313364055,8,0.003703703703703704,0.02962962962962963,0.003059273801318734,0.9752948991789313,150.61983471074382
dif_ren,270,18,270,102,True,/users/delfos/aina/secoem-VSS/scentree-gen-remote/dif_ren_scentree/scenariotree_270/results_18.json,11511,103,215,111.75728155339806,215,1.255813953488372,11,0.003703703703703704,0.040740740740740744,0.003685833136204443,0.9694213958702381,132.06521739130437
dif_ren,270,19,270,102,True,/users/delfos/aina/secoem-VSS/scentree-gen-remote/dif_ren_scentree/scenariotree_270/results_19.json,11563,103,220,112.2621359223301,220,1.2272727272727273,8,0.003703703703703704,0.02962962962962963,0.0028099857082432757,0.9781645074570332,159.17030567685592
dif_ren,270,2,270,102,True,/users/delfos/aina/secoem-VSS/scentree-gen-remote/dif_ren_scentree/scenariotree_270/results_2.json,11798,103,223,114.54368932038835,223,1.210762331838565,8,0.003703703703703704,0.02962962962962963,0.003499557037263432,0.9700677640472127,138.59315589353616
dif_ren,270,20,270,102,True,/users/delfos/aina/secoem-VSS/scentree-gen-remote/dif_ren_scentree/scenariotree_270/results_20.json,12533,103,221,121.67961165048544,221,1.2217194570135748,13,0.003703703703703704,0.04814814814814815,0.004272814147886068,0.9653394054431543,116.82692307692308
dif_ren,270,21,270,102,True,/users/delfos/aina/secoem-VSS/scentree-gen-remote/dif_ren_scentree/scenariotree_270/results_21.json,12737,103,232,123.66019417475728,232,1.1637931034482758,5,0.003703703703703704,0.018518518518518517,0.002116692087352136,0.9850076886020466,186.92307692307696
dif_ren,270,22,270,102,True,/users/delfos/aina/secoem-VSS/scentree-gen-remote/dif_ren_scentree/scenariotree_270/results_22.json,11374,103,218,110.42718446601941,218,1.238532110091743,5,0.003703703703703704,0.018518518518518517,0.0026969942008813357,0.9786009598190977,162.0
dif_ren,270,23,270,102,True,/users/delfos/aina/secoem-VSS/scentree-gen-remote/dif_ren_scentree/scenariotree_270/results_23.json,11973,103,221,116.24271844660194,221,1.2217194570135748,10,0.003703703703703704,0.037037037037037035,0.003696454667355921,0.9693868621826277,132.54545454545456
dif_ren,270,24,270,102,True,/users/delfos/aina/secoem-VSS/scentree-gen-remote/dif_ren_scentree/scenariotree_270/results_24.json,10730,103,222,104.1747572815534,222,1.2162162162162162,5,0.003703703703703704,0.018518518518518517,0.0028300784462649354,0.9768020888150591,159.17030567685592
dif_ren,270,25,270,102,True,/users/delfos/aina/secoem-VSS/scentree-gen-remote/dif_ren_scentree/scenariotree_270/results_25.json,11831,103,227,114.86407766990291,227,1.1894273127753303,11,0.003703703703703704,0.040740740740740744,0.0032691249395326474,0.9748789567115991,146.38554216867473
dif_ren,270,26,270,102,True,/users/delfos/aina/secoem-VSS/scentree-gen-remote/dif_ren_scentree/scenariotree_270/results_26.json,13083,103,223,127.01941747572816,223,1.210762331838565,7,0.003703703703703704,0.025925925925925925,0.0028827176600099837,0.977014699720573,157.79220779220785
dif_ren,270,27,270,102,True,/users/delfos/aina/secoem-VSS/scentree-gen-remote/dif_ren_scentree/scenariotree_270/results_27.json,12576,103,216,122.09708737864078,216,1.25,10,0.003703703703703704,0.037037037037037035,0.0033856960230255833,0.972384565463309,140.73359073359075
dif_ren,270,28,270,102,True,/users/delfos/aina/secoem-VSS/scentree-gen-remote/dif_ren_scentree/scenariotree_270/results_28.json,12895,103,226,125.19417475728156,226,1.1946902654867257,8,0.003703703703703704,0.02962962962962963,0.0029710806154843914,0.9765553834766293,155.7692307692308
dif_ren,270,29,270,102,True,/users/delfos/aina/secoem-VSS/scentree-gen-remote/dif_ren_scentree/scenariotree_270/results_29.json,11291,103,214,109.62135922330097,214,1.2616822429906542,14,0.003703703703703704,0.05185185185185185,0.004380421779946195,0.9623369338975479,113.90625000000001
dif_ren,270,3,270,102,True,/users/delfos/aina/secoem-VSS/scentree-gen-remote/dif_ren_scentree/scenariotree_270/results_3.json,11546,103,219,112.09708737864078,219,1.2328767123287672,12,0.003703703703703704,0.044444444444444446,0.004151240117420625,0.9654716870522434,119.9013157894737
dif_ren,270,30,270,102,True,/users/delfos/aina/secoem-VSS/scentree-gen-remote/dif_ren_scentree/scenariotree_270/results_30.json,11459,103,211,111.25242718446601,211,1.2796208530805686,20,0.003703703703703704,0.07407407407407407,0.005669949577233011,0.95151228732031,86.78571428571429
dif_ren,270,31,270,102,True,/users/delfos/aina/secoem-VSS/scentree-gen-remote/dif_ren_scentree/scenariotree_270/results_31.json,13451,103,218,130.59223300970874,218,1.238532110091743,13,0.003703703703703704,0.04814814814814815,0.004224334425530425,0.96560828486194,117.96116504854372
dif_ren,270,4,270,102,True,/users/delfos/aina/secoem-VSS/scentree-gen-remote/dif_ren_scentree/scenariotree_270/results_4.json,11657,103,227,113.1747572815534,227,1.1894273127753303,6,0.003703703703703704,0.022222222222222223,0.0025410895524792666,0.9806303275200134,170.32710280373834
dif_ren,270,5,270,102,True,/users/delfos/aina/secoem-VSS/scentree-gen-remote/dif_ren_scentree/scenariotree_270/results_5.json,12131,103,215,117.77669902912622,215,1.255813953488372,15,0.003703703703703704,0.05555555555555555,0.004691185826526188,0.95988057105599,106.57894736842105
dif_ren,270,6,270,102,True,/users/delfos/aina/secoem-VSS/scentree-gen-remote/dif_ren_scentree/scenariotree_270/results_6.json,12216,103,216,118.60194174757281,216,1.25,14,0.003703703703703704,0.05185185185185185,0.004511525092444587,0.9620425913254838,110.79027355623101
dif_ren,270,7,270,102,True,/users/delfos/aina/secoem-VSS/scentree-gen-remote/dif_ren_scentree/scenariotree_270/results_7.json,12054,103,229,117.02912621359224,229,1.1790393013100438,7,0.003703703703703704,0.025925925925925925,0.0028083058958734168,0.9787760862339746,162.00000000000006
dif_ren,270,8,270,102,True,/users/delfos/aina/secoem-VSS/scentree-gen-remote/dif_ren_scentree/scenariotree_270/results_8.json,13121,103,228,127.3883495145631,228,1.1842105263157894,11,0.003703703703703704,0.040740740740740744,0.0037381693783167845,0.9706639133451027,132.06521739130437
dif_ren,270,9,270,102,True,/users/delfos/aina/secoem-VSS/scentree-gen-remote/dif_ren_scentree/scenariotree_270/results_9.json,10933,103,232,106.14563106796116,232,1.1637931034482758,10,0.003703703703703704,0.037037037037037035,0.0029956674293626696,0.9776503937352732,156.4377682403434
dif_ren,280,1,280,102,True,/users/delfos/aina/secoem-VSS/scentree-gen-remote/dif_ren_scentree/scenariotree_280/results_1.json,12549,103,224,121.83495145631068,224,1.25,8,0.0035714285714285713,0.02857142857142857,0.0031295520781595143,0.9733284438714292,150.19157088122606
dif_ren,280,10,280,102,True,/users/delfos/aina/secoem-VSS/scentree-gen-remote/dif_ren_scentree/scenariotree_280/results_10.json,12869,103,225,124.94174757281553,225,1.2444444444444445,8,0.0035714285714285713,0.02857142857142857,0.0027308969101722622,0.9780318920717956,163.33333333333337
dif_ren,280,11,280,102,True,/users/delfos/aina/secoem-VSS/scentree-gen-remote/dif_ren_scentree/scenariotree_280/results_11.json,12540,103,227,121.74757281553399,227,1.2334801762114538,8,0.0035714285714285713,0.02857142857142857,0.003407383782600771,0.9700023647225338,142.02898550724638
dif_ren,280,12,280,102,True,/users/delfos/aina/secoem-VSS/scentree-gen-remote/dif_ren_scentree/scenariotree_280/results_12.json,13677,103,225,132.7864077669903,225,1.2444444444444445,6,0.0035714285714285713,0.02142857142857143,0.0025147586536118822,0.979981132414013,170.43478260869566
dif_ren,280,13,280,102,True,/users/delfos/aina/secoem-VSS/scentree-gen-remote/dif_ren_scentree/scenariotree_280/results_13.json,11938,103,232,115.90291262135922,232,1.206896551724138,16,0.0035714285714285713,0.05714285714285714,0.004034543657852504,0.9689959239253458,123.65930599369085
dif_ren,280,14,280,102,True,/users/delfos/aina/secoem-VSS/scentree-gen-remote/dif_ren_scentree/scenariotree_280/results_14.json,12755,103,229,123.83495145631068,229,1.222707423580786,7,0.0035714285714285713,0.025,0.002887027132499409,0.9758095007784648,159.34959349593495
dif_ren,280,15,280,102,True,/users/delfos/aina/secoem-VSS/scentree-gen-remote/dif_ren_scentree/scenariotree_280/results_15.json,12687,103,234,123.1747572815534,234,1.1965811965811965,6,0.0035714285714285713,0.02142857142857143,0.0026512882479375415,0.9782273029616536,168.9655172413793
dif_ren,280,16,280,102,True,/users/delfos/aina/secoem-VSS/scentree-gen-remote/dif_ren_scentree/scenariotree_280/results_16.json,13936,103,238,135.3009708737864,238,1.1764705882352942,10,0.0035714285714285713,0.03571428571428571,0.0031959614674607778,0.9737745516550605,150.76923076923075
dif_ren,280,17,280,102,True,/users/delfos/aina/secoem-VSS/scentree-gen-remote/dif_ren_scentree/scenariotree_280/results_17.json,12830,103,237,124.5631067961165,237,1.1814345991561181,16,0.0035714285714285713,0.05714285714285714,0.0038484928027041026,0.9713976757013287,129.37293729372936
dif_ren,280,18,280,102,True,/users/delfos/aina/secoem-VSS/scentree-gen-remote/dif_ren_scentree/scenariotree_280/results_18.json,12287,103,237,119.29126213592232,237,1.1814345991561181,16,0.0035714285714285713,0.05714285714285714,0.004445474606847275,0.9647177743367102,112.32091690544411
dif_ren,280,19,280,102,True,/users/delfos/aina/secoem-VSS/scentree-gen-remote/dif_ren_scentree/scenariotree_280/results_19.json,13687,103,231,132.88349514563106,231,1.2121212121212122,9,0.0035714285714285713,0.03214285714285714,0.002746445355075654,0.9783996706089683,164.7058823529412
dif_ren,280,2,280,102,True,/users/delfos/aina/secoem-VSS/scentree-gen-remote/dif_ren_scentree/scenariotree_280/results_2.json,13099,103,232,127.1747572815534,232,1.206896551724138,8,0.0035714285714285713,0.02857142857142857,0.0027947797334754235,0.977327916059379,163.33333333333334
dif_ren,280,20,280,102,True,/users/delfos/aina/secoem-VSS/scentree-gen-remote/dif_ren_scentree/scenariotree_280/results_20.json,11512,103,247,111.76699029126213,247,1.1336032388663968,14,0.0035714285714285713,0.05,0.0032344740108109756,0.9781981944147667,150.76923076923075
dif_ren,280,21,280,102,True,/users/delfos/aina/secoem-VSS/scentree-gen-remote/dif_ren_scentree/scenariotree_280/results_21.json,12749,103,231,123.77669902912622,231,1.2121212121212122,10,0.0035714285714285713,0.03571428571428571,0.003474298091477856,0.9696976687204235,140.50179211469532
dif_ren,280,22,280,102,True,/users/delfos/aina/secoem-VSS/scentree-gen-remote/dif_ren_scentree/scenariotree_280/results_22.json,14437,103,237,140.16504854368932,237,1.1814345991561181,9,0.0035714285714285713,0.03214285714285714,0.00319099721098648,0.9735358320641111,150.76923076923077
dif_ren,280,23,280,102,True,/users/delfos/aina/secoem-VSS/scentree-gen-remote/dif_ren_scentree/scenariotree_280/results_23.json,13562,103,225,131.66990291262135,225,1.2444444444444445,11,0.0035714285714285713,0.039285714285714285,0.003607402595988416,0.9695369117992022,135.64013840830452
dif_ren,280,24,280,102,True,/users/delfos/aina/secoem-VSS/scentree-gen-remote/dif_ren_scentree/scenariotree_280/results_24.json,12828,103,246,124.54368932038835,246,1.1382113821138211,10,0.0035714285714285713,0.03571428571428571,0.002962810921910359,0.9785431008266318,160.65573770491807
dif_ren,280,25,280,102,True,/users/delfos/aina/secoem-VSS/scentree-gen-remote/dif_ren_scentree/scenariotree_280/results_25.json,12454,103,228,120.9126213592233,228,1.2280701754385965,6,0.0035714285714285713,0.02142857142857143,0.0028198969431492706,0.976047427395795,161.31687242798353
dif_ren,280,26,280,102,True,/users/delfos/aina/secoem-VSS/scentree-gen-remote/dif_ren_scentree/scenariotree_280/results_26.json,13333,103,229,129.44660194174756,229,1.222707423580786,10,0.0035714285714285713,0.03571428571428571,0.003513582704782361,0.9705848762346098,139.00709219858157
dif_ren,280,27,280,102,True,/users/delfos/aina/secoem-VSS/scentree-gen-remote/dif_ren_scentree/scenariotree_280/results_27.json,12941,103,230,125.64077669902913,230,1.2173913043478262,11,0.0035714285714285713,0.039285714285714285,0.0032726790002125415,0.9737668759875772,146.81647940074907
dif_ren,280,28,280,102,True,/users/delfos/aina/secoem-VSS/scentree-gen-remote/dif_ren_scentree/scenariotree_280/results_28.json,11595,103,228,112.57281553398059,228,1.2280701754385965,6,0.0035714285714285713,0.02142857142857143,0.0028198969431492706,0.9762254129362793,161.31687242798353
dif_ren,280,29,280,102,True,/users/delfos/aina/secoem-VSS/scentree-gen-remote/dif_ren_scentree/scenariotree_280/results_29.json,12234,103,239,118.77669902912622,239,1.1715481171548117,7,0.0035714285714285713,0.025,0.0024444835680428613,0.9816526465113364,178.18181818181816
dif_ren,280,3,280,102,True,/users/delfos/aina/secoem-VSS/scentree-gen-remote/dif_ren_scentree/scenariotree_280/results_3.json,12160,103,231,118.05825242718447,231,1.2121212121212122,14,0.0035714285714285713,0.05,0.004784689963932616,0.9568511922225006,103.9787798408488
dif_ren,280,30,280,102,True,/users/delfos/aina/secoem-VSS/scentree-gen-remote/dif_ren_scentree/scenariotree_280/results_30.json,12933,103,239,125.5631067961165,239,1.1715481171548117,9,0.0035714285714285713,0.03214285714285714,0.002829047148828306,0.9780815489515498,164.01673640167368
dif_ren,280,31,280,102,True,/users/delfos/aina/secoem-VSS/scentree-gen-remote/dif_ren_scentree/scenariotree_280/results_31.json,11285,103,227,109.5631067961165,227,1.2334801762114538,10,0.0035714285714285713,0.03571428571428571,0.003272800973573263,0.9723620431687708,146.26865671641795
dif_ren,280,4,280,102,True,/users/delfos/aina/secoem-VSS/scentree-gen-remote/dif_ren_scentree/scenariotree_280/results_4.json,11691,103,238,113.50485436893204,238,1.1764705882352942,6,0.0035714285714285713,0.02142857142857143,0.0020522594234428284,0.985108606774527,192.15686274509804
dif_ren,280,5,280,102,True,/users/delfos/aina/secoem-VSS/scentree-gen-remote/dif_ren_scentree/scenariotree_280/results_5.json,12713,103,225,123.42718446601941,225,1.2444444444444445,13,0.0035714285714285713,0.04642857142857143,0.003591653491741194,0.9712395870613401,136.11111111111111
dif_ren,280,6,280,102,True,/users/delfos/aina/secoem-VSS/scentree-gen-remote/dif_ren_scentree/scenariotree_280/results_6.json,12059,103,231,117.07766990291262,231,1.2121212121212122,7,0.0035714285714285713,0.025,0.002644010811040828,0.9790397307153835,168.24034334763942
dif_ren,280,7,280,102,True,/users/delfos/aina/secoem-VSS/scentree-gen-remote/dif_ren_scentree/scenariotree_280/results_7.json,12186,103,224,118.31067961165049,224,1.25,16,0.0035714285714285713,0.05714285714285714,0.00472455591261534,0.958451256517082,105.66037735849056
dif_ren,280,8,280,102,True,/users/delfos/aina/secoem-VSS/scentree-gen-remote/dif_ren_scentree/scenariotree_280/results_8.json,13496,103,236,131.02912621359224,236,1.1864406779661016,8,0.0035714285714285713,0.02857142857142857,0.0025232039952380546,0.9807037394411228,174.22222222222223
dif_ren,280,9,280,102,True,/users/delfos/aina/secoem-VSS/scentree-gen-remote/dif_ren_scentree/scenariotree_280/results_9.json,13388,103,231,129.98058252427185,231,1.2121212121212122,6,0.0035714285714285713,0.02142857142857143,0.0023802495167655666,0.981667526238122,177.37556561085967
dif_ren,290,1,290,102,True,/users/delfos/aina/secoem-VSS/scentree-gen-remote/dif_ren_scentree/scenariotree_290/results_1.json,12683,103,227,123.13592233009709,227,1.277533039647577,22,0.0034482758620689655,0.07586206896551724,0.005236653182073947,0.9562577863277142,94.0715883668904
dif_ren,290,10,290,102,True,/users/delfos/aina/secoem-VSS/scentree-gen-remote/dif_ren_scentree/scenariotree_290/results_10.json,11375,103,222,110.4368932038835,222,1.3063063063063063,9,0.0034482758620689655,0.03103448275862069,0.003488205988845778,0.9673130328194681,138.7788778877888
dif_ren,290,11,290,102,True,/users/delfos/aina/secoem-VSS/scentree-gen-remote/dif_ren_scentree/scenariotree_290/results_11.json,10974,103,237,106.54368932038835,237,1.2236286919831223,11,0.0034482758620689655,0.03793103448275862,0.0036196861372847014,0.9671558639674629,136.52597402597405
dif_ren,290,12,290,102,True,/users/delfos/aina/secoem-VSS/scentree-gen-remote/dif_ren_scentree/scenariotree_290/results_12.json,12692,103,243,123.22330097087378,243,1.1934156378600822,10,0.0034482758620689655,0.034482758620689655,0.003204902900750528,0.9725915948415346,151.25899280575544
dif_ren,290,13,290,102,True,/users/delfos/aina/secoem-VSS/scentree-gen-remote/dif_ren_scentree/scenariotree_290/results_13.json,12954,103,229,125.76699029126213,229,1.2663755458515285,18,0.0034482758620689655,0.06206896551724138,0.0049229670855769165,0.9556555273830564,100.83932853717027
dif_ren,290,14,290,102,True,/users/delfos/aina/secoem-VSS/scentree-gen-remote/dif_ren_scentree/scenariotree_290/results_14.json,13749,103,240,133.48543689320388,240,1.2083333333333333,10,0.0034482758620689655,0.034482758620689655,0.0031287548455160145,0.9735328538154785,153.46715328467155
dif_ren,290,15,290,102,True,/users/delfos/aina/secoem-VSS/scentree-gen-remote/dif_ren_scentree/scenariotree_290/results_15.json,12656,103,258,122.87378640776699,258,1.124031007751938,6,0.0034482758620689655,0.020689655172413793,0.0018719210264647524,0.9869293432418169,209.20398009950256
dif_ren,290,16,290,102,True,/users/delfos/aina/secoem-VSS/scentree-gen-remote/dif_ren_scentree/scenariotree_290/results_16.json,13091,103,246,127.09708737864078,246,1.1788617886178863,6,0.0034482758620689655,0.020689655172413793,0.0022218323578440777,0.9826669473468868,189.41441441441447
dif_ren,290,17,290,102,True,/users/delfos/aina/secoem-VSS/scentree-gen-remote/dif_ren_scentree/scenariotree_290/results_17.json,12683,103,231,123.13592233009709,231,1.2554112554112553,9,0.0034482758620689655,0.03103448275862069,0.0033339051858829387,0.9697941169875456,145.00000000000003
dif_ren,290,18,290,102,True,/users/delfos/aina/secoem-VSS/scentree-gen-remote/dif_ren_scentree/scenariotree_290/results_18.json,13453,103,239,130.61165048543688,239,1.213389121338912,17,0.0034482758620689655,0.05862068965517241,0.004325781935760722,0.9640749970099523,115.52197802197803
dif_ren,290,19,290,102,True,/users/delfos/aina/secoem-VSS/scentree-gen-remote/dif_ren_scentree/scenariotree_290/results_19.json,11328,103,223,109.98058252427184,223,1.3004484304932735,7,0.0034482758620689655,0.02413793103448276,0.003190203273357748,0.9705503237454459,148.06338028169017
dif_ren,290,2,290,102,True,/users/delfos/aina/secoem-VSS/scentree-gen-remote/dif_ren_scentree/scenariotree_290/results_2.json,11859,103,243,115.13592233009709,243,1.1934156378600822,10,0.0034482758620689655,0.034482758620689655,0.0029835032386966408,0.9758480380139728,159.28030303030306
dif_ren,290,20,290,102,True,/users/delfos/aina/secoem-VSS/scentree-gen-remote/dif_ren_scentree/scenariotree_290/results_20.json,10914,103,244,105.96116504854369,244,1.1885245901639345,8,0.0034482758620689655,0.027586206896551724,0.0029063056589436497,0.9758371444022323,162.3552123552124
dif_ren,290,21,290,102,True,/users/delfos/aina/secoem-VSS/scentree-gen-remote/dif_ren_scentree/scenariotree_290/results_21.json,12964,103,240,125.86407766990291,240,1.2083333333333333,13,0.0034482758620689655,0.04482758620689655,0.0038138365790514575,0.9681821525633902,130.59006211180125
dif_ren,290,22,290,102,True,/users/delfos/aina/secoem-VSS/scentree-gen-remote/dif_ren_scentree/scenariotree_290/results_22.json,12359,103,230,119.99029126213593,230,1.2608695652173914,9,0.0034482758620689655,0.03103448275862069,0.0033751452630297355,0.969032211106223,143.5153583617748
dif_ren,290,23,290,102,True,/users/delfos/aina/secoem-VSS/scentree-gen-remote/dif_ren_scentree/scenariotree_290/results_23.json,11387,103,246,110.55339805825243,246,1.1788617886178863,9,0.0034482758620689655,0.03103448275862069,0.002934290324635777,0.9763477653035368,161.73076923076925
dif_ren,290,24,290,102,True,/users/delfos/aina/secoem-VSS/scentree-gen-remote/dif_ren_scentree/scenariotree_290/results_24.json,13107,103,245,127.25242718446601,245,1.183673469387755,12,0.0034482758620689655,0.041379310344827586,0.003243270548009264,0.9730539113997991,150.17857142857144
dif_ren,290,25,290,102,True,/users/delfos/aina/secoem-VSS/scentree-gen-remote/dif_ren_scentree/scenariotree_290/results_25.json,12342,103,231,119.8252427184466,231,1.2554112554112553,17,0.0034482758620689655,0.05862068965517241,0.004433924737271744,0.9609286890872852,112.73458445040215
dif_ren,290,26,290,102,True,/users/delfos/aina/secoem-VSS/scentree-gen-remote/dif_ren_scentree/scenariotree_290/results_26.json,12940,103,238,125.63106796116504,238,1.218487394957983,20,0.0034482758620689655,0.06896551724137931,0.005459705500265653,0.9492065748600486,88.5263157894737
dif_ren,290,27,290,102,True,/users/delfos/aina/secoem-VSS/scentree-gen-remote/dif_ren_scentree/scenariotree_290/results_27.json,11486,103,229,111.51456310679612,229,1.2663755458515285,11,0.0034482758620689655,0.03793103448275862,0.0037355915081067744,0.9657373414418388,132.23270440251576
dif_ren,290,28,290,102,True,/users/delfos/aina/secoem-VSS/scentree-gen-remote/dif_ren_scentree/scenariotree_290/results_28.json,12630,103,244,122.62135922330097,244,1.1885245901639345,15,0.0034482758620689655,0.05172413793103448,0.00356861710102195,0.971963072951512,138.77887788778878
dif_ren,290,29,290,102,True,/users/delfos/aina/secoem-VSS/scentree-gen-remote/dif_ren_scentree/scenariotree_290/results_29.json,11021,103,222,107.0,222,1.3063063063063063,10,0.0034482758620689655,0.034482758620689655,0.003594083900411976,0.9666067924610016,135.6451612903226
dif_ren,290,3,290,102,True,/users/delfos/aina/secoem-VSS/scentree-gen-remote/dif_ren_scentree/scenariotree_290/results_3.json,11037,103,238,107.15533980582525,238,1.218487394957983,7,0.0034482758620689655,0.02413793103448276,0.0027433532844289535,0.9761415994037427,166.8650793650794
dif_ren,290,30,290,102,True,/users/delfos/aina/secoem-VSS/scentree-gen-remote/dif_ren_scentree/scenariotree_290/results_30.json,11685,103,231,113.44660194174757,231,1.2554112554112553,11,0.0034482758620689655,0.03793103448275862,0.0039029325797548292,0.9647411394268476,127.42424242424244
dif_ren,290,31,290,102,True,/users/delfos/aina/secoem-VSS/scentree-gen-remote/dif_ren_scentree/scenariotree_290/results_31.json,11985,103,222,116.35922330097087,222,1.3063063063063063,20,0.0034482758620689655,0.06896551724137931,0.005433363510786991,0.9504306410214002,90.43010752688174
dif_ren,290,4,290,102,True,/users/delfos/aina/secoem-VSS/scentree-gen-remote/dif_ren_scentree/scenariotree_290/results_4.json,12392,103,224,120.31067961165049,224,1.2946428571428572,14,0.0034482758620689655,0.04827586206896552,0.0037896982267918424,0.9675080814227792,130.18575851393192
dif_ren,290,5,290,102,True,/users/delfos/aina/secoem-VSS/scentree-gen-remote/dif_ren_scentree/scenariotree_290/results_5.json,13890,103,233,134.85436893203882,233,1.2446351931330473,8,0.0034482758620689655,0.027586206896551724,0.003358729222327477,0.9688601956347473,144.50171821305844
dif_ren,290,6,290,102,True,/users/delfos/aina/secoem-VSS/scentree-gen-remote/dif_ren_scentree/scenariotree_290/results_6.json,11568,103,237,112.31067961165049,237,1.2236286919831223,7,0.0034482758620689655,0.02413793103448276,0.0028257125740762078,0.97535908107066,163.6186770428016
dif_ren,290,7,290,102,True,/users/delfos/aina/secoem-VSS/scentree-gen-remote/dif_ren_scentree/scenariotree_290/results_7.json,12304,103,228,119.45631067961165,228,1.2719298245614035,15,0.0034482758620689655,0.05172413793103448,0.004254878152492573,0.9610451910656591,117.45810055865924
dif_ren,290,8,290,102,True,/users/delfos/aina/secoem-VSS/scentree-gen-remote/dif_ren_scentree/scenariotree_290/results_8.json,13444,103,247,130.5242718446602,247,1.174089068825911,12,0.0034482758620689655,0.041379310344827586,0.003160657264396623,0.9746018340357132,153.4671532846715
dif_ren,290,9,290,102,True,/users/delfos/aina/secoem-VSS/scentree-gen-remote/dif_ren_scentree/scenariotree_290/results_9.json,12236,103,239,118.79611650485437,239,1.213389121338912,10,0.0034482758620689655,0.034482758620689655,0.0033092531956327117,0.970294993244823,147.02797202797206
dif_ren,300,1,300,102,True,/users/delfos/aina/secoem-VSS/scentree-gen-remote/dif_ren_scentree/scenariotree_300/results_1.json,12775,103,256,124.02912621359224,256,1.171875,12,0.0033333333333333335,0.04,0.0030649614541259367,0.9740847571904618,158.4507042253521
dif_ren,300,10,300,102,True,/users/delfos/aina/secoem-VSS/scentree-gen-remote/dif_ren_scentree/scenariotree_300/results_10.json,12298,103,250,119.39805825242719,250,1.2,16,0.0033333333333333335,0.05333333333333334,0.004560701700396553,0.9595299999194216,108.69565217391302
dif_ren,300,11,300,102,True,/users/delfos/aina/secoem-VSS/scentree-gen-remote/dif_ren_scentree/scenariotree_300/results_11.json,11941,103,235,115.93203883495146,235,1.2765957446808511,8,0.0033333333333333335,0.02666666666666667,0.002776303617686038,0.9751104154777438,164.8351648351648
dif_ren,300,12,300,102,True,/users/delfos/aina/secoem-VSS/scentree-gen-remote/dif_ren_scentree/scenariotree_300/results_12.json,11476,103,232,111.41747572815534,232,1.293103448275862,7,0.0033333333333333335,0.023333333333333334,0.002751427403123178,0.974900960840065,164.8351648351648
dif_ren,300,13,300,102,True,/users/delfos/aina/secoem-VSS/scentree-gen-remote/dif_ren_scentree/scenariotree_300/results_13.json,11848,103,240,115.02912621359224,240,1.25,11,0.0033333333333333335,0.03666666666666667,0.00393817968854384,0.9617423513332413,126.76056338028168
dif_ren,300,14,300,102,True,/users/delfos/aina/secoem-VSS/scentree-gen-remote/dif_ren_scentree/scenariotree_300/results_14.json,12970,103,244,125.92233009708738,244,1.2295081967213115,11,0.0033333333333333335,0.03666666666666667,0.0033411625335736397,0.9697743301875823,146.57980456026056
dif_ren,300,15,300,102,True,/users/delfos/aina/secoem-VSS/scentree-gen-remote/dif_ren_scentree/scenariotree_300/results_15.json,12337,103,240,119.77669902912622,240,1.25,9,0.0033333333333333335,0.03,0.003213109720204723,0.9708123320940809,150.50167224080266
dif_ren,300,16,300,102,True,/users/delfos/aina/secoem-VSS/scentree-gen-remote/dif_ren_scentree/scenariotree_300/results_16.json,12758,103,232,123.86407766990291,232,1.293103448275862,19,0.0033333333333333335,0.06333333333333334,0.0046012917014363434,0.9586524058899609,108.43373493975903
dif_ren,300,17,300,102,True,/users/delfos/aina/secoem-VSS/scentree-gen-remote/dif_ren_scentree/scenariotree_300/results_17.json,12351,103,250,119.9126213592233,250,1.2,10,0.0033333333333333335,0.03333333333333333,0.002716206504995115,0.9779245711878878,171.10266159695817
dif_ren,300,18,300,102,True,/users/delfos/aina/secoem-VSS/scentree-gen-remote/dif_ren_scentree/scenariotree_300/results_18.json,12756,103,238,123.84466019417475,238,1.2605042016806722,41,0.0033333333333333335,0.13666666666666666,0.008717607078727254,0.9278137743166639,44.8654037886341
dif_ren,300,19,300,102,True,/users/delfos/aina/secoem-VSS/scentree-gen-remote/dif_ren_scentree/scenariotree_300/results_19.json,13278,103,261,128.9126213592233,261,1.1494252873563218,6,0.0033333333333333335,0.02,0.0019701088325183814,0.9849982382987765,206.42201834862377
dif_ren,300,2,300,102,True,/users/delfos/aina/secoem-VSS/scentree-gen-remote/dif_ren_scentree/scenariotree_300/results_2.json,12976,103,244,125.98058252427184,244,1.2295081967213115,8,0.0033333333333333335,0.02666666666666667,0.0029657082397889735,0.9729046170664365,160.14234875444836
dif_ren,300,20,300,102,True,/users/delfos/aina/secoem-VSS/scentree-gen-remote/dif_ren_scentree/scenariotree_300/results_20.json,14026,103,253,136.1747572815534,253,1.1857707509881423,7,0.0033333333333333335,0.023333333333333334,0.0025345116764404654,0.9789346829666178,179.2828685258964
dif_ren,300,21,300,102,True,/users/delfos/aina/secoem-VSS/scentree-gen-remote/dif_ren_scentree/scenariotree_300/results_21.json,12240,103,247,118.83495145631068,247,1.214574898785425,13,0.0033333333333333335,0.043333333333333335,0.0034437026854146143,0.9695955988766428,143.312101910828
dif_ren,300,22,300,102,True,/users/delfos/aina/secoem-VSS/scentree-gen-remote/dif_ren_scentree/scenariotree_300/results_22.json,12565,103,230,121.99029126213593,230,1.3043478260869565,20,0.0033333333333333335,0.06666666666666667,0.0049767364710341455,0.9542336211387393,99.55752212389379
dif_ren,300,23,300,102,True,/users/delfos/aina/secoem-VSS/scentree-gen-remote/dif_ren_scentree/scenariotree_300/results_23.json,12056,103,250,117.04854368932038,250,1.2,9,0.0033333333333333335,0.03,0.002716206504995115,0.9770186980354899,171.10266159695817
dif_ren,300,24,300,102,True,/users/delfos/aina/secoem-VSS/scentree-gen-remote/dif_ren_scentree/scenariotree_300/results_24.json,11382,103,251,110.50485436893204,251,1.1952191235059761,17,0.0033333333333333335,0.056666666666666664,0.004257297268587332,0.9638951449529336,117.1875
dif_ren,300,25,300,102,True,/users/delfos/aina/secoem-VSS/scentree-gen-remote/dif_ren_scentree/scenariotree_300/results_25.json,12641,103,260,122.72815533980582,260,1.1538461538461537,14,0.0033333333333333335,0.04666666666666667,0.003458213027540774,0.9723850068760475,143.7699680511182
dif_ren,300,26,300,102,True,/users/delfos/aina/secoem-VSS/scentree-gen-remote/dif_ren_scentree/scenariotree_300/results_26.json,12617,103,232,122.49514563106796,232,1.293103448275862,7,0.0033333333333333335,0.023333333333333334,0.0026449272411503103,0.9765977495370092,168.5393258426966
dif_ren,300,27,300,102,True,/users/delfos/aina/secoem-VSS/scentree-gen-remote/dif_ren_scentree/scenariotree_300/results_27.json,11773,103,246,114.30097087378641,246,1.2195121951219512,9,0.0033333333333333335,0.03,0.0033478433610284975,0.9689002387515513,146.57980456026058
dif_ren,300,28,300,102,True,/users/delfos/aina/secoem-VSS/scentree-gen-remote/dif_ren_scentree/scenariotree_300/results_28.json,12766,103,257,123.94174757281553,257,1.1673151750972763,11,0.0033333333333333335,0.03666666666666667,0.002772584013673128,0.9776720187588652,170.45454545454544
dif_ren,300,29,300,102,True,/users/delfos/aina/secoem-VSS/scentree-gen-remote/dif_ren_scentree/scenariotree_300/results_29.json,11912,103,237,115.6504854368932,237,1.2658227848101267,14,0.0033333333333333335,0.04666666666666667,0.004255402041332692,0.9604566929523749,117.49347258485639
dif_ren,300,3,300,102,True,/users/delfos/aina/secoem-VSS/scentree-gen-remote/dif_ren_scentree/scenariotree_300/results_3.json,11191,103,246,108.6504854368932,246,1.2195121951219512,5,0.0033333333333333335,0.016666666666666666,0.002270608137198202,0.9807544783691043,187.49999999999997
dif_ren,300,30,300,102,True,/users/delfos/aina/secoem-VSS/scentree-gen-remote/dif_ren_scentree/scenariotree_300/results_30.json,11548,103,243,112.11650485436893,243,1.2345679012345678,7,0.0033333333333333335,0.023333333333333334,0.0026331017733409704,0.9767743046148797,172.41379310344823
dif_ren,300,31,300,102,True,/users/delfos/aina/secoem-VSS/scentree-gen-remote/dif_ren_scentree/scenariotree_300/results_31.json,14303,103,243,138.8640776699029,243,1.2345679012345678,26,0.0033333333333333335,0.08666666666666667,0.005672149488373509,0.9533600407853544,83.79888268156422
dif_ren,300,4,300,102,True,/users/delfos/aina/secoem-VSS/scentree-gen-remote/dif_ren_scentree/scenariotree_300/results_4.json,13718,103,249,133.18446601941747,249,1.2048192771084338,7,0.0033333333333333335,0.023333333333333334,0.0023385313765255833,0.9804626523896306,185.95041322314046
dif_ren,300,5,300,102,True,/users/delfos/aina/secoem-VSS/scentree-gen-remote/dif_ren_scentree/scenariotree_300/results_5.json,13657,103,256,132.59223300970874,256,1.171875,11,0.0033333333333333335,0.03666666666666667,0.002978784212047668,0.9749361628998122,161.87050359712225
dif_ren,300,6,300,102,True,/users/delfos/aina/secoem-VSS/scentree-gen-remote/dif_ren_scentree/scenariotree_300/results_6.json,11693,103,253,113.52427184466019,253,1.1857707509881423,6,0.0033333333333333335,0.02,0.002499615909920147,0.9785022104823967,180.72289156626502
dif_ren,300,7,300,102,True,/users/delfos/aina/secoem-VSS/scentree-gen-remote/dif_ren_scentree/scenariotree_300/results_7.json,14232,103,257,138.1747572815534,257,1.1673151750972763,11,0.0033333333333333335,0.03666666666666667,0.0028494843510037966,0.9768392709044411,167.28624535315979
dif_ren,300,8,300,102,True,/users/delfos/aina/secoem-VSS/scentree-gen-remote/dif_ren_scentree/scenariotree_300/results_8.json,12468,103,250,121.04854368932038,250,1.2,9,0.0033333333333333335,0.03,0.0029363620727393654,0.9744904498161652,162.45487364620934
dif_ren,300,9,300,102,True,/users/delfos/aina/secoem-VSS/scentree-gen-remote/dif_ren_scentree/scenariotree_300/results_9.json,12820,103,238,124.46601941747574,238,1.2605042016806722,7,0.0033333333333333335,0.023333333333333334,0.0028976369158935575,0.9732572346205512,161.29032258064515
dif_ren,50,1,50,102,True,/users/delfos/aina/secoem-VSS/scentree-gen-remote/dif_ren_scentree/scenariotree_50/results_1.json,2085,103,46,20.24271844660194,46,1.0869565217391304,3,0.02,0.06,0.007010658911563956,0.9900782290917435,41.66666666666666
dif_ren,50,10,50,102,True,/users/delfos/aina/secoem-VSS/scentree-gen-remote/dif_ren_scentree/scenariotree_50/results_10.json,2493,103,47,24.203883495145632,47,1.0638297872340425,3,0.02,0.06,0.0063971473950523005,0.991749090136106,43.10344827586205
dif_ren,50,11,50,102,True,/users/delfos/aina/secoem-VSS/scentree-gen-remote/dif_ren_scentree/scenariotree_50/results_11.json,2539,103,46,24.650485436893202,46,1.0869565217391304,2,0.02,0.04,0.005635426694267704,0.992811564965113,43.10344827586206
dif_ren,50,12,50,102,True,/users/delfos/aina/secoem-VSS/scentree-gen-remote/dif_ren_scentree/scenariotree_50/results_12.json,2085,103,46,20.24271844660194,46,1.0869565217391304,3,0.02,0.06,0.007010658911563956,0.9900782290917435,41.66666666666666
dif_ren,50,13,50,102,True,/users/delfos/aina/secoem-VSS/scentree-gen-remote/dif_ren_scentree/scenariotree_50/results_13.json,1997,103,47,19.388349514563107,47,1.0638297872340425,3,0.02,0.06,0.0063971473950523005,0.991749090136106,43.10344827586205
dif_ren,50,14,50,102,True,/users/delfos/aina/secoem-VSS/scentree-gen-remote/dif_ren_scentree/scenariotree_50/results_14.json,2696,103,48,26.174757281553397,48,1.0416666666666667,3,0.02,0.06,0.005713045500334204,0.9935175820813431,44.64285714285714
dif_ren,50,15,50,102,True,/users/delfos/aina/secoem-VSS/scentree-gen-remote/dif_ren_scentree/scenariotree_50/results_15.json,2772,103,48,26.9126213592233,48,1.0416666666666667,2,0.02,0.04,0.003996526269427266,0.9962208679210098,46.29629629629629
dif_ren,50,16,50,102,True,/users/delfos/aina/secoem-VSS/scentree-gen-remote/dif_ren_scentree/scenariotree_50/results_16.json,2715,103,46,26.359223300970875,46,1.0869565217391304,3,0.02,0.06,0.007010658911563956,0.9900782290917435,41.66666666666666
dif_ren,50,17,50,102,True,/users/delfos/aina/secoem-VSS/scentree-gen-remote/dif_ren_scentree/scenariotree_50/results_17.json,2499,103,42,24.262135922330096,42,1.1904761904761905,4,0.02,0.08,0.013964645998681123,0.9696681463230663,31.25
dif_ren,50,18,50,102,True,/users/delfos/aina/secoem-VSS/scentree-gen-remote/dif_ren_scentree/scenariotree_50/results_18.json,2198,103,45,21.339805825242717,45,1.1111111111111112,4,0.02,0.08,0.009635325950523911,0.9839768280375596,37.878787878787875
dif_ren,50,19,50,102,True,/users/delfos/aina/secoem-VSS/scentree-gen-remote/dif_ren_scentree/scenariotree_50/results_19.json,1969,103,43,19.116504854368934,43,1.1627906976744187,3,0.02,0.06,0.008551058749232667,0.9857164516524041,37.878787878787875
dif_ren,50,2,50,102,True,/users/delfos/aina/secoem-VSS/scentree-gen-remote/dif_ren_scentree/scenariotree_50/results_2.json,2244,103,44,21.78640776699029,44,1.1363636363636365,5,0.02,0.1,0.01249793371351593,0.9765967874906362,33.783783783783775
dif_ren,50,20,50,102,True,/users/delfos/aina/secoem-VSS/scentree-gen-remote/dif_ren_scentree/scenariotree_50/results_20.json,2344,103,45,22.75728155339806,45,1.1111111111111112,4,0.02,0.08,0.009635325950523911,0.9839768280375596,37.87878787878787
dif_ren,50,21,50,102,True,/users/delfos/aina/secoem-VSS/scentree-gen-remote/dif_ren_scentree/scenariotree_50/results_21.json,2254,103,47,21.883495145631066,47,1.0638297872340425,4,0.02,0.08,0.008658293595479066,0.9872659050396593,40.32258064516128
dif_ren,50,22,50,102,True,/users/delfos/aina/secoem-VSS/scentree-gen-remote/dif_ren_scentree/scenariotree_50/results_22.json,2141,103,44,20.78640776699029,44,1.1363636363636365,5,0.02,0.1,0.01249793371351593,0.9765967874906362,33.783783783783775
dif_ren,50,23,50,102,True,/users/delfos/aina/secoem-VSS/scentree-gen-remote/dif_ren_scentree/scenariotree_50/results_23.json,2440,103,47,23.689320388349515,47,1.0638297872340425,3,0.02,0.06,0.006397147395052302,0.991749090136106,43.10344827586206
dif_ren,50,24,50,102,True,/users/delfos/aina/secoem-VSS/scentree-gen-remote/dif_ren_scentree/scenariotree_50/results_24.json,2577,103,48,25.019417475728154,48,1.0416666666666667,2,0.02,0.04,0.003996526269427266,0.9962208679210098,46.29629629629629
dif_ren,50,25,50,102,True,/users/delfos/aina/secoem-VSS/scentree-gen-remote/dif_ren_scentree/scenariotree_50/results_25.json,2564,103,48,24.893203883495147,48,1.0416666666666667,3,0.02,0.06,0.005713045500334204,0.9935175820813431,44.64285714285714
dif_ren,50,26,50,102,True,/users/delfos/aina/secoem-VSS/scentree-gen-remote/dif_ren_scentree/scenariotree_50/results_26.json,2435,103,45,23.640776699029125,45,1.1111111111111112,3,0.02,0.06,0.007568616162633956,0.9885112264491586,40.32258064516129
dif_ren,50,27,50,102,True,/users/delfos/aina/secoem-VSS/scentree-gen-remote/dif_ren_scentree/scenariotree_50/results_27.json,2575,103,49,25.0,49,1.0204081632653061,2,0.02,0.04,0.0028278380531736773,0.9980669251587666,48.07692307692307
dif_ren,50,28,50,102,True,/users/delfos/aina/secoem-VSS/scentree-gen-remote/dif_ren_scentree/scenariotree_50/results_28.json,2258,103,43,21.92233009708738,43,1.1627906976744187,5,0.02,0.1,0.013592222508095312,0.972412123029998,32.051282051282044
dif_ren,50,29,50,102,True,/users/delfos/aina/secoem-VSS/scentree-gen-remote/dif_ren_scentree/scenariotree_50/results_29.json,2737,103,48,26.57281553398058,48,1.0416666666666667,2,0.02,0.04,0.003996526269427266,0.9962208679210098,46.29629629629629
dif_ren,50,3,50,102,True,/users/delfos/aina/secoem-VSS/scentree-gen-remote/dif_ren_scentree/scenariotree_50/results_3.json,2476,103,42,24.038834951456312,42,1.1904761904761905,6,0.02,0.12,0.017586843154875607,0.9594503223851579,27.17391304347826
dif_ren,50,30,50,102,True,/users/delfos/aina/secoem-VSS/scentree-gen-remote/dif_ren_scentree/scenariotree_50/results_30.json,2185,103,42,21.21359223300971,42,1.1904761904761905,4,0.02,0.08,0.013964645998681123,0.9696681463230663,31.25
dif_ren,50,31,50,102,True,/users/delfos/aina/secoem-VSS/scentree-gen-remote/dif_ren_scentree/scenariotree_50/results_31.json,2470,103,45,23.980582524271846,45,1.1111111111111112,6,0.02,0.12,0.014740554623801774,0.9711950768043645,31.250000000000007
dif_ren,50,4,50,102,True,/users/delfos/aina/secoem-VSS/scentree-gen-remote/dif_ren_scentree/scenariotree_50/results_4.json,2577,103,46,25.019417475728154,46,1.0869565217391304,3,0.02,0.06,0.007010658911563956,0.9900782290917436,41.66666666666666
dif_ren,50,5,50,102,True,/users/delfos/aina/secoem-VSS/scentree-gen-remote/dif_ren_scentree/scenariotree_50/results_5.json,2450,103,45,23.78640776699029,45,1.1111111111111112,3,0.02,0.06,0.007568616162633955,0.9885112264491586,40.32258064516128
dif_ren,50,6,50,102,True,/users/delfos/aina/secoem-VSS/scentree-gen-remote/dif_ren_scentree/scenariotree_50/results_6.json,2720,103,46,26.40776699029126,46,1.0869565217391304,3,0.02,0.06,0.007010658911563956,0.9900782290917435,41.66666666666666
dif_ren,50,7,50,102,True,/users/delfos/aina/secoem-VSS/scentree-gen-remote/dif_ren_scentree/scenariotree_50/results_7.json,2306,103,46,22.388349514563107,46,1.0869565217391304,3,0.02,0.06,0.007010658911563956,0.9900782290917435,41.66666666666666
dif_ren,50,8,50,102,True,/users/delfos/aina/secoem-VSS/scentree-gen-remote/dif_ren_scentree/scenariotree_50/results_8.json,2892,103,46,28.07766990291262,46,1.0869565217391304,3,0.02,0.06,0.007010658911563956,0.9900782290917436,41.66666666666666
dif_ren,50,9,50,102,True,/users/delfos/aina/secoem-VSS/scentree-gen-remote/dif_ren_scentree/scenariotree_50/results_9.json,1926,103,43,18.699029126213592,43,1.1627906976744187,4,0.02,0.08,0.011354935456496467,0.9783448983264558,34.722222222222214
dif_ren,60,1,60,102,True,/users/delfos/aina/secoem-VSS/scentree-gen-remote/dif_ren_scentree/scenariotree_60/results_1.json,4008,103,51,38.9126213592233,51,1.1764705882352942,5,0.016666666666666666,0.08333333333333333,0.010282439687942659,0.9778409739469153,40.00000000000001
dif_ren,60,10,60,102,True,/users/delfos/aina/secoem-VSS/scentree-gen-remote/dif_ren_scentree/scenariotree_60/results_10.json,3339,103,51,32.41747572815534,51,1.1764705882352942,9,0.016666666666666666,0.15,0.01858440157923259,0.951633240920311,26.865671641791046
dif_ren,60,11,60,102,True,/users/delfos/aina/secoem-VSS/scentree-gen-remote/dif_ren_scentree/scenariotree_60/results_11.json,4118,103,56,39.980582524271846,56,1.0714285714285714,3,0.016666666666666666,0.05,0.0053239713749995,0.9920137276308612,51.428571428571416
dif_ren,60,12,60,102,True,/users/delfos/aina/secoem-VSS/scentree-gen-remote/dif_ren_scentree/scenariotree_60/results_12.json,3936,103,55,38.213592233009706,55,1.0909090909090908,4,0.016666666666666666,0.06666666666666667,0.007297936108358968,0.987119099726327,47.368421052631604
dif_ren,60,13,60,102,True,/users/delfos/aina/secoem-VSS/scentree-gen-remote/dif_ren_scentree/scenariotree_60/results_13.json,3404,103,50,33.04854368932039,50,1.2,4,0.016666666666666666,0.06666666666666667,0.01,0.9771795784228166,40.0
dif_ren,60,14,60,102,True,/users/delfos/aina/secoem-VSS/scentree-gen-remote/dif_ren_scentree/scenariotree_60/results_14.json,4244,103,54,41.20388349514563,54,1.1111111111111112,3,0.016666666666666666,0.05,0.007635380788180856,0.9851011367935707,46.15384615384617
dif_ren,60,15,60,102,True,/users/delfos/aina/secoem-VSS/scentree-gen-remote/dif_ren_scentree/scenariotree_60/results_15.json,3643,103,58,35.36893203883495,58,1.0344827586206897,2,0.016666666666666666,0.03333333333333333,0.003041093460993782,0.996968739536627,56.250000000000014
dif_ren,60,16,60,102,True,/users/delfos/aina/secoem-VSS/scentree-gen-remote/dif_ren_scentree/scenariotree_60/results_16.json,3227,103,52,31.33009708737864,52,1.1538461538461537,5,0.016666666666666666,0.08333333333333333,0.010013140610136735,0.9788829511888176,40.90909090909092
dif_ren,60,17,60,102,True,/users/delfos/aina/secoem-VSS/scentree-gen-remote/dif_ren_scentree/scenariotree_60/results_17.json,3110,103,49,30.194174757281555,49,1.2244897959183674,8,0.016666666666666666,0.13333333333333333,0.01790162907066771,0.9511130721276637,27.692307692307693
dif_ren,60,18,60,102,True,/users/delfos/aina/secoem-VSS/scentree-gen-remote/dif_ren_scentree/scenariotree_60/results_18.json,4038,103,52,39.20388349514563,52,1.1538461538461537,3,0.016666666666666666,0.05,0.006844280930789302,0.9872295382166815,46.15384615384617
dif_ren,60,19,60,102,True,/users/delfos/aina/secoem-VSS/scentree-gen-remote/dif_ren_scentree/scenariotree_60/results_19.json,4264,103,57,41.398058252427184,57,1.0526315789473684,3,0.016666666666666666,0.05,0.004857674773636301,0.9933856327083274,52.94117647058823
dif_ren,60,2,60,102,True,/users/delfos/aina/secoem-VSS/scentree-gen-remote/dif_ren_scentree/scenariotree_60/results_2.json,3603,103,55,34.980582524271846,55,1.0909090909090908,3,0.016666666666666666,0.05,0.005749595745760689,0.9907085451149951,50.000000000000036
dif_ren,60,20,60,102,True,/users/delfos/aina/secoem-VSS/scentree-gen-remote/dif_ren_scentree/scenariotree_60/results_20.json,4067,103,57,39.48543689320388,57,1.0526315789473684,2,0.016666666666666666,0.03333333333333333,0.003721614637823934,0.9955426180687299,54.545454545454554
dif_ren,60,21,60,102,True,/users/delfos/aina/secoem-VSS/scentree-gen-remote/dif_ren_scentree/scenariotree_60/results_21.json,3264,103,51,31.689320388349515,51,1.1764705882352942,5,0.016666666666666666,0.08333333333333333,0.011764705882352938,0.9719645928006192,37.5
dif_ren,60,22,60,102,True,/users/delfos/aina/secoem-VSS/scentree-gen-remote/dif_ren_scentree/scenariotree_60/results_22.json,3167,103,51,30.74757281553398,51,1.1764705882352942,7,0.016666666666666666,0.11666666666666667,0.01465131488330712,0.963747262724199,32.727272727272734
dif_ren,60,23,60,102,True,/users/delfos/aina/secoem-VSS/scentree-gen-remote/dif_ren_scentree/scenariotree_60/results_23.json,4117,103,55,39.970873786407765,55,1.0909090909090908,2,0.016666666666666666,0.03333333333333333,0.004791329788133907,0.9928847560744962,51.42857142857145
dif_ren,60,24,60,102,True,/users/delfos/aina/secoem-VSS/scentree-gen-remote/dif_ren_scentree/scenariotree_60/results_24.json,3735,103,56,36.262135922330096,56,1.0714285714285714,2,0.016666666666666666,0.03333333333333333,0.004292322946980939,0.9941801973125409,52.94117647058823
dif_ren,60,25,60,102,True,/users/delfos/aina/secoem-VSS/scentree-gen-remote/dif_ren_scentree/scenariotree_60/results_25.json,3010,103,55,29.223300970873787,55,1.0909090909090908,3,0.016666666666666666,0.05,0.005749595745760689,0.9907085451149951,50.00000000000003
dif_ren,60,26,60,102,True,/users/delfos/aina/secoem-VSS/scentree-gen-remote/dif_ren_scentree/scenariotree_60/results_26.json,3280,103,51,31.844660194174757,51,1.1764705882352942,5,0.016666666666666666,0.08333333333333333,0.0107991579358551,0.9756229706042714,39.1304347826087
dif_ren,60,27,60,102,True,/users/delfos/aina/secoem-VSS/scentree-gen-remote/dif_ren_scentree/scenariotree_60/results_27.json,3198,103,52,31.04854368932039,52,1.1538461538461537,4,0.016666666666666666,0.06666666666666667,0.008259037645336618,0.9835891392316871,43.902439024390254
dif_ren,60,28,60,102,True,/users/delfos/aina/secoem-VSS/scentree-gen-remote/dif_ren_scentree/scenariotree_60/results_28.json,4042,103,56,39.24271844660194,56,1.0714285714285714,3,0.016666666666666666,0.05,0.005323971374999499,0.9920137276308612,51.42857142857143
dif_ren,60,29,60,102,True,/users/delfos/aina/secoem-VSS/scentree-gen-remote/dif_ren_scentree/scenariotree_60/results_29.json,3702,103,56,35.94174757281554,56,1.0714285714285714,2,0.016666666666666666,0.03333333333333333,0.004292322946980939,0.9941801973125409,52.94117647058823
dif_ren,60,3,60,102,True,/users/delfos/aina/secoem-VSS/scentree-gen-remote/dif_ren_scentree/scenariotree_60/results_3.json,3638,103,53,35.320388349514566,53,1.1320754716981132,4,0.016666666666666666,0.06666666666666667,0.008588993889149474,0.982493125596594,43.902439024390254
dif_ren,60,30,60,102,True,/users/delfos/aina/secoem-VSS/scentree-gen-remote/dif_ren_scentree/scenariotree_60/results_30.json,2904,103,51,28.194174757281555,51,1.1764705882352942,3,0.016666666666666666,0.05,0.007883881099225372,0.9840107788760712,43.90243902439025
dif_ren,60,31,60,102,True,/users/delfos/aina/secoem-VSS/scentree-gen-remote/dif_ren_scentree/scenariotree_60/results_31.json,3262,103,54,31.66990291262136,54,1.1111111111111112,4,0.016666666666666666,0.06666666666666667,0.008281733249999224,0.983681401552616,45.00000000000002
dif_ren,60,4,60,102,True,/users/delfos/aina/secoem-VSS/scentree-gen-remote/dif_ren_scentree/scenariotree_60/results_4.json,3146,103,52,30.54368932038835,52,1.1538461538461537,4,0.016666666666666666,0.06666666666666667,0.00888231183368655,0.981382036097283,42.85714285714287
dif_ren,60,5,60,102,True,/users/delfos/aina/secoem-VSS/scentree-gen-remote/dif_ren_scentree/scenariotree_60/results_5.json,4660,103,55,45.24271844660194,55,1.0909090909090908,3,0.016666666666666666,0.05,0.005749595745760688,0.9907085451149951,50.00000000000003
dif_ren,60,6,60,102,True,/users/delfos/aina/secoem-VSS/scentree-gen-remote/dif_ren_scentree/scenariotree_60/results_6.json,3435,103,53,33.349514563106794,53,1.1320754716981132,4,0.016666666666666666,0.06666666666666667,0.007955415497278942,0.9846896397537288,45.000000000000014
dif_ren,60,7,60,102,True,/users/delfos/aina/secoem-VSS/scentree-gen-remote/dif_ren_scentree/scenariotree_60/results_7.json,3668,103,51,35.61165048543689,51,1.1764705882352942,8,0.016666666666666666,0.13333333333333333,0.01640509855949168,0.9590648798298789,30.0
dif_ren,60,8,60,102,True,/users/delfos/aina/secoem-VSS/scentree-gen-remote/dif_ren_scentree/scenariotree_60/results_8.json,3490,103,53,33.883495145631066,53,1.1320754716981132,4,0.016666666666666666,0.06666666666666667,0.007955415497278944,0.9846896397537288,45.000000000000014
dif_ren,60,9,60,102,True,/users/delfos/aina/secoem-VSS/scentree-gen-remote/dif_ren_scentree/scenariotree_60/results_9.json,3925,103,55,38.10679611650485,55,1.0909090909090908,4,0.016666666666666666,0.06666666666666667,0.007297936108358968,0.987119099726327,47.368421052631604
dif_ren,70,1,70,102,True,/users/delfos/aina/secoem-VSS/scentree-gen-remote/dif_ren_scentree/scenariotree_70/results_1.json,3844,103,60,37.320388349514566,60,1.1666666666666667,5,0.014285714285714285,0.07142857142857142,0.008715716770344346,0.9787244639105072,47.11538461538463
dif_ren,70,10,70,102,True,/users/delfos/aina/secoem-VSS/scentree-gen-remote/dif_ren_scentree/scenariotree_70/results_10.json,3602,103,58,34.970873786407765,58,1.206896551724138,7,0.014285714285714285,0.1,0.012374243041458592,0.9654436816485343,38.28125
dif_ren,70,11,70,102,True,/users/delfos/aina/secoem-VSS/scentree-gen-remote/dif_ren_scentree/scenariotree_70/results_11.json,3813,103,61,37.019417475728154,61,1.1475409836065573,5,0.014285714285714285,0.07142857142857142,0.008899297423887589,0.9777883124639624,47.11538461538463
dif_ren,70,12,70,102,True,/users/delfos/aina/secoem-VSS/scentree-gen-remote/dif_ren_scentree/scenariotree_70/results_12.json,3138,103,61,30.466019417475728,61,1.1475409836065573,5,0.014285714285714285,0.07142857142857142,0.008112650152547436,0.9814249959182985,49.00000000000002
dif_ren,70,13,70,102,True,/users/delfos/aina/secoem-VSS/scentree-gen-remote/dif_ren_scentree/scenariotree_70/results_13.json,4089,103,69,39.699029126213595,69,1.0144927536231885,2,0.014285714285714285,0.02857142857142857,0.0017072901141273957,0.9987209892569126,68.05555555555553
dif_ren,70,14,70,102,True,/users/delfos/aina/secoem-VSS/scentree-gen-remote/dif_ren_scentree/scenariotree_70/results_14.json,3435,103,59,33.349514563106794,59,1.1864406779661016,5,0.014285714285714285,0.07142857142857142,0.009289746292131177,0.9760685371591018,45.37037037037038
dif_ren,70,15,70,102,True,/users/delfos/aina/secoem-VSS/scentree-gen-remote/dif_ren_scentree/scenariotree_70/results_15.json,3228,103,62,31.339805825242717,62,1.1290322580645162,4,0.014285714285714285,0.05714285714285714,0.006533385658413745,0.9862187697033735,53.26086956521741
dif_ren,70,16,70,102,True,/users/delfos/aina/secoem-VSS/scentree-gen-remote/dif_ren_scentree/scenariotree_70/results_16.json,3646,103,60,35.398058252427184,60,1.1666666666666667,6,0.014285714285714285,0.08571428571428572,0.010157490003667398,0.9741290209174356,43.75000000000001
dif_ren,70,17,70,102,True,/users/delfos/aina/secoem-VSS/scentree-gen-remote/dif_ren_scentree/scenariotree_70/results_17.json,3230,103,59,31.359223300970875,59,1.1864406779661016,4,0.014285714285714285,0.05714285714285714,0.009654916240860477,0.9739300802156421,44.545454545454554
dif_ren,70,18,70,102,True,/users/delfos/aina/secoem-VSS/scentree-gen-remote/dif_ren_scentree/scenariotree_70/results_18.json,3511,103,69,34.0873786407767,69,1.0144927536231885,2,0.014285714285714285,0.02857142857142857,0.0017072901141273957,0.9987209892569126,68.05555555555553
dif_ren,70,19,70,102,True,/users/delfos/aina/secoem-VSS/scentree-gen-remote/dif_ren_scentree/scenariotree_70/results_19.json,4053,103,64,39.349514563106794,64,1.09375,7,0.014285714285714285,0.1,0.010630250803384516,0.9747579207898679,43.74999999999998
dif_ren,70,2,70,102,True,/users/delfos/aina/secoem-VSS/scentree-gen-remote/dif_ren_scentree/scenariotree_70/results_2.json,4016,103,66,38.99029126213592,66,1.0606060606060606,4,0.014285714285714285,0.05714285714285714,0.005492890710151308,0.9904095854562207,58.33333333333334
dif_ren,70,20,70,102,True,/users/delfos/aina/secoem-VSS/scentree-gen-remote/dif_ren_scentree/scenariotree_70/results_20.json,2854,103,65,27.70873786407767,65,1.0769230769230769,5,0.014285714285714285,0.07142857142857142,0.007222715044024168,0.9854694641460999,53.26086956521739
dif_ren,70,21,70,102,True,/users/delfos/aina/secoem-VSS/scentree-gen-remote/dif_ren_scentree/scenariotree_70/results_21.json,3125,103,60,30.339805825242717,60,1.1666666666666667,5,0.014285714285714285,0.07142857142857142,0.009464098530643708,0.9757131805441133,45.37037037037038
dif_ren,70,22,70,102,True,/users/delfos/aina/secoem-VSS/scentree-gen-remote/dif_ren_scentree/scenariotree_70/results_22.json,3590,103,61,34.85436893203884,61,1.1475409836065573,5,0.014285714285714285,0.07142857142857142,0.008515062745994307,0.9796066541911305,48.039215686274524
dif_ren,70,23,70,102,True,/users/delfos/aina/secoem-VSS/scentree-gen-remote/dif_ren_scentree/scenariotree_70/results_23.json,3692,103,63,35.84466019417476,63,1.1111111111111112,4,0.014285714285714285,0.05714285714285714,0.006787587096188556,0.9853859207836809,53.26086956521739
dif_ren,70,24,70,102,True,/users/delfos/aina/secoem-VSS/scentree-gen-remote/dif_ren_scentree/scenariotree_70/results_24.json,3707,103,66,35.99029126213592,66,1.0606060606060606,4,0.014285714285714285,0.05714285714285714,0.005492890710151308,0.9904095854562207,58.33333333333334
dif_ren,70,25,70,102,True,/users/delfos/aina/secoem-VSS/scentree-gen-remote/dif_ren_scentree/scenariotree_70/results_25.json,3301,103,59,32.04854368932039,59,1.1864406779661016,6,0.014285714285714285,0.08571428571428572,0.012188583969639922,0.964521522705456,38.88888888888889
dif_ren,70,26,70,102,True,/users/delfos/aina/secoem-VSS/scentree-gen-remote/dif_ren_scentree/scenariotree_70/results_26.json,3764,103,59,36.54368932038835,59,1.1864406779661016,8,0.014285714285714285,0.11428571428571428,0.013533354588360406,0.9623830657619962,36.029411764705884
dif_ren,70,27,70,102,True,/users/delfos/aina/secoem-VSS/scentree-gen-remote/dif_ren_scentree/scenariotree_70/results_27.json,3666,103,65,35.592233009708735,65,1.0769230769230769,4,0.014285714285714285,0.05714285714285714,0.005773154082006021,0.989287707175159,56.97674418604652
dif_ren,70,28,70,102,True,/users/delfos/aina/secoem-VSS/scentree-gen-remote/dif_ren_scentree/scenariotree_70/results_28.json,2836,103,57,27.533980582524272,57,1.2280701754385965,4,0.014285714285714285,0.05714285714285714,0.00888222814369391,0.9766909167820929,45.370370370370374
dif_ren,70,29,70,102,True,/users/delfos/aina/secoem-VSS/scentree-gen-remote/dif_ren_scentree/scenariotree_70/results_29.json,3606,103,62,35.00970873786408,62,1.1290322580645162,3,0.014285714285714285,0.04285714285714286,0.006533385658413745,0.9855837733490769,53.26086956521741
dif_ren,70,3,70,102,True,/users/delfos/aina/secoem-VSS/scentree-gen-remote/dif_ren_scentree/scenariotree_70/results_3.json,3149,103,64,30.57281553398058,64,1.09375,3,0.014285714285714285,0.04285714285714286,0.004869960765462373,0.9911783897237723,58.33333333333334
dif_ren,70,30,70,102,True,/users/delfos/aina/secoem-VSS/scentree-gen-remote/dif_ren_scentree/scenariotree_70/results_30.json,3417,103,63,33.1747572815534,63,1.1111111111111112,4,0.014285714285714285,0.05714285714285714,0.007683026914329893,0.9824100987332974,51.04166666666666
dif_ren,70,31,70,102,True,/users/delfos/aina/secoem-VSS/scentree-gen-remote/dif_ren_scentree/scenariotree_70/results_31.json,3494,103,61,33.922330097087375,61,1.1475409836065573,3,0.014285714285714285,0.04285714285714286,0.006763245469879932,0.9846647231017921,52.127659574468105
dif_ren,70,4,70,102,True,/users/delfos/aina/secoem-VSS/scentree-gen-remote/dif_ren_scentree/scenariotree_70/results_4.json,3535,103,64,34.320388349514566,64,1.09375,4,0.014285714285714285,0.05714285714285714,0.006545927811881777,0.9864164849618674,54.44444444444445
dif_ren,70,5,70,102,True,/users/delfos/aina/secoem-VSS/scentree-gen-remote/dif_ren_scentree/scenariotree_70/results_5.json,3791,103,64,36.80582524271845,64,1.09375,4,0.014285714285714285,0.05714285714285714,0.00745682727164735,0.98345193139559,52.12765957446808
dif_ren,70,6,70,102,True,/users/delfos/aina/secoem-VSS/scentree-gen-remote/dif_ren_scentree/scenariotree_70/results_6.json,3903,103,65,37.89320388349515,65,1.0769230769230769,3,0.014285714285714285,0.04285714285714286,0.0045574596380940045,0.9922412500257276,59.75609756097561
dif_ren,70,7,70,102,True,/users/delfos/aina/secoem-VSS/scentree-gen-remote/dif_ren_scentree/scenariotree_70/results_7.json,3877,103,67,37.640776699029125,67,1.044776119402985,3,0.014285714285714285,0.04285714285714286,0.0038497804019760737,0.994509713696059,62.82051282051282
dif_ren,70,8,70,102,True,/users/delfos/aina/secoem-VSS/scentree-gen-remote/dif_ren_scentree/scenariotree_70/results_8.json,3562,103,64,34.58252427184466,64,1.09375,3,0.014285714285714285,0.04285714285714286,0.004869960765462372,0.9911783897237723,58.33333333333333
dif_ren,70,9,70,102,True,/users/delfos/aina/secoem-VSS/scentree-gen-remote/dif_ren_scentree/scenariotree_70/results_9.json,3584,103,68,34.79611650485437,68,1.0294117647058822,2,0.014285714285714285,0.02857142857142857,0.0024136817842596754,0.9974829117075836,66.21621621621621
dif_ren,80,1,80,102,True,/users/delfos/aina/secoem-VSS/scentree-gen-remote/dif_ren_scentree/scenariotree_80/results_1.json,4553,103,75,44.20388349514563,75,1.0666666666666667,4,0.0125,0.05,0.005137011669140813,0.9893516423127284,65.30612244897958
dif_ren,80,10,80,102,True,/users/delfos/aina/secoem-VSS/scentree-gen-remote/dif_ren_scentree/scenariotree_80/results_10.json,3609,103,69,35.03883495145631,69,1.1594202898550725,5,0.0125,0.0625,0.007854885285753191,0.9784372038201282,53.333333333333314
dif_ren,80,11,80,102,True,/users/delfos/aina/secoem-VSS/scentree-gen-remote/dif_ren_scentree/scenariotree_80/results_11.json,3603,103,75,34.980582524271846,75,1.0666666666666667,3,0.0125,0.0375,0.004249182927993987,0.9918503354030738,68.0851063829787
dif_ren,80,12,80,102,True,/users/delfos/aina/secoem-VSS/scentree-gen-remote/dif_ren_scentree/scenariotree_80/results_12.json,3589,103,77,34.84466019417476,77,1.0389610389610389,3,0.0125,0.0375,0.003147844063257355,0.9953254288470886,72.7272727272727
dif_ren,80,13,80,102,True,/users/delfos/aina/secoem-VSS/scentree-gen-remote/dif_ren_scentree/scenariotree_80/results_13.json,3981,103,70,38.650485436893206,70,1.1428571428571428,4,0.0125,0.05,0.005703114079525469,0.9865636940193611,60.37735849056601
dif_ren,80,14,80,102,True,/users/delfos/aina/secoem-VSS/scentree-gen-remote/dif_ren_scentree/scenariotree_80/results_14.json,4127,103,75,40.067961165048544,75,1.0666666666666667,3,0.0125,0.0375,0.0037267799624996494,0.993365244448579,69.56521739130432
dif_ren,80,15,80,102,True,/users/delfos/aina/secoem-VSS/scentree-gen-remote/dif_ren_scentree/scenariotree_80/results_15.json,4024,103,70,39.067961165048544,70,1.1428571428571428,4,0.0125,0.05,0.00643848442047141,0.9834846736018157,58.181818181818166
dif_ren,80,16,80,102,True,/users/delfos/aina/secoem-VSS/scentree-gen-remote/dif_ren_scentree/scenariotree_80/results_16.json,3928,103,72,38.13592233009709,72,1.1111111111111112,7,0.0125,0.0875,0.008974199988416722,0.9767192531187312,50.793650793650784
dif_ren,80,17,80,102,True,/users/delfos/aina/secoem-VSS/scentree-gen-remote/dif_ren_scentree/scenariotree_80/results_17.json,3436,103,68,33.359223300970875,68,1.1764705882352942,8,0.0125,0.1,0.011127019081192317,0.9671503801575652,43.24324324324323
dif_ren,80,18,80,102,True,/users/delfos/aina/secoem-VSS/scentree-gen-remote/dif_ren_scentree/scenariotree_80/results_18.json,4147,103,74,40.262135922330096,74,1.0810810810810811,3,0.0125,0.0375,0.004481925392372161,0.9909174842011292,66.66666666666666
dif_ren,80,19,80,102,True,/users/delfos/aina/secoem-VSS/scentree-gen-remote/dif_ren_scentree/scenariotree_80/results_19.json,3827,103,71,37.15533980582524,71,1.1267605633802817,7,0.0125,0.0875,0.009365800055119989,0.9743243630988319,49.230769230769226
dif_ren,80,2,80,102,True,/users/delfos/aina/secoem-VSS/scentree-gen-remote/dif_ren_scentree/scenariotree_80/results_2.json,4109,103,74,39.89320388349515,74,1.0810810810810811,4,0.0125,0.05,0.00534168523677091,0.9884109984758145,63.999999999999986
dif_ren,80,20,80,102,True,/users/delfos/aina/secoem-VSS/scentree-gen-remote/dif_ren_scentree/scenariotree_80/results_20.json,4486,103,75,43.55339805825243,75,1.0666666666666667,4,0.0125,0.05,0.0047140452079103175,0.9908665513582335,66.66666666666664
dif_ren,80,21,80,102,True,/users/delfos/aina/secoem-VSS/scentree-gen-remote/dif_ren_scentree/scenariotree_80/results_21.json,3522,103,70,34.19417475728155,70,1.1428571428571428,5,0.0125,0.0625,0.007098073897982782,0.9817414987273846,56.14035087719298
dif_ren,80,22,80,102,True,/users/delfos/aina/secoem-VSS/scentree-gen-remote/dif_ren_scentree/scenariotree_80/results_22.json,4171,103,67,40.49514563106796,67,1.1940298507462686,9,0.0125,0.1125,0.013000933873271898,0.958659088193567,38.095238095238095
dif_ren,80,23,80,102,True,/users/delfos/aina/secoem-VSS/scentree-gen-remote/dif_ren_scentree/scenariotree_80/results_23.json,4137,103,74,40.16504854368932,74,1.0810810810810811,3,0.0125,0.0375,0.004481925392372162,0.9909174842011292,66.66666666666666
dif_ren,80,24,80,102,True,/users/delfos/aina/secoem-VSS/scentree-gen-remote/dif_ren_scentree/scenariotree_80/results_24.json,4352,103,71,42.25242718446602,71,1.1267605633802817,5,0.0125,0.0625,0.006935815353377537,0.9825398309494271,57.142857142857125
dif_ren,80,25,80,102,True,/users/delfos/aina/secoem-VSS/scentree-gen-remote/dif_ren_scentree/scenariotree_80/results_25.json,3761,103,72,36.51456310679612,72,1.1111111111111112,3,0.0125,0.0375,0.004910463758239913,0.9891620896374906,63.999999999999986
dif_ren,80,26,80,102,True,/users/delfos/aina/secoem-VSS/scentree-gen-remote/dif_ren_scentree/scenariotree_80/results_26.json,4145,103,74,40.24271844660194,74,1.0810810810810811,6,0.0125,0.075,0.007339716548108252,0.9828652456133071,57.14285714285714
dif_ren,80,27,80,102,True,/users/delfos/aina/secoem-VSS/scentree-gen-remote/dif_ren_scentree/scenariotree_80/results_27.json,4126,103,70,40.05825242718446,70,1.1428571428571428,7,0.0125,0.0875,0.009278843611976128,0.9750381117473824,49.23076923076922
dif_ren,80,28,80,102,True,/users/delfos/aina/secoem-VSS/scentree-gen-remote/dif_ren_scentree/scenariotree_80/results_28.json,3659,103,76,35.52427184466019,76,1.0526315789473684,2,0.0125,0.025,0.00279121097836795,0.9958387131572377,72.7272727272727
dif_ren,80,29,80,102,True,/users/delfos/aina/secoem-VSS/scentree-gen-remote/dif_ren_scentree/scenariotree_80/results_29.json,3601,103,64,34.96116504854369,64,1.25,14,0.0125,0.175,0.020252314682524565,0.9301068305878802,23.880597014925375
dif_ren,80,3,80,102,True,/users/delfos/aina/secoem-VSS/scentree-gen-remote/dif_ren_scentree/scenariotree_80/results_3.json,3613,103,72,35.077669902912625,72,1.1111111111111112,4,0.0125,0.05,0.00572653559113564,0.9866395458108933,61.538461538461526
dif_ren,80,30,80,102,True,/users/delfos/aina/secoem-VSS/scentree-gen-remote/dif_ren_scentree/scenariotree_80/results_30.json,4151,103,71,40.300970873786405,71,1.1267605633802817,4,0.0125,0.05,0.005907733005479759,0.9858115924608306,60.377358490566024
dif_ren,80,31,80,102,True,/users/delfos/aina/secoem-VSS/scentree-gen-remote/dif_ren_scentree/scenariotree_80/results_31.json,3129,103,67,30.37864077669903,67,1.1940298507462686,6,0.0125,0.075,0.009952969155484433,0.9690025521846459,46.37681159420289
dif_ren,80,4,80,102,True,/users/delfos/aina/secoem-VSS/scentree-gen-remote/dif_ren_scentree/scenariotree_80/results_4.json,3727,103,71,36.18446601941748,71,1.1267605633802817,6,0.0125,0.075,0.008632148360655817,0.9761467895637269,51.61290322580644
dif_ren,80,5,80,102,True,/users/delfos/aina/secoem-VSS/scentree-gen-remote/dif_ren_scentree/scenariotree_80/results_5.json,3819,103,71,37.077669902912625,71,1.1267605633802817,4,0.0125,0.05,0.005522671528647226,0.9873459797443525,61.53846153846151
dif_ren,80,6,80,102,True,/users/delfos/aina/secoem-VSS/scentree-gen-remote/dif_ren_scentree/scenariotree_80/results_6.json,3572,103,70,34.679611650485434,70,1.1428571428571428,3,0.0125,0.0375,0.004857668038834088,0.9891029643026761,62.74509803921567
dif_ren,80,7,80,102,True,/users/delfos/aina/secoem-VSS/scentree-gen-remote/dif_ren_scentree/scenariotree_80/results_7.json,3608,103,71,35.029126213592235,71,1.1267605633802817,4,0.0125,0.05,0.005907733005479758,0.9858115924608306,60.377358490566024
dif_ren,80,8,80,102,True,/users/delfos/aina/secoem-VSS/scentree-gen-remote/dif_ren_scentree/scenariotree_80/results_8.json,4132,103,75,40.116504854368934,75,1.0666666666666667,2,0.0125,0.025,0.003118047822311618,0.9948801534940839,71.11111111111109
dif_ren,80,9,80,102,True,/users/delfos/aina/secoem-VSS/scentree-gen-remote/dif_ren_scentree/scenariotree_80/results_9.json,3887,103,72,37.737864077669904,72,1.1111111111111112,4,0.0125,0.05,0.005334128991575423,0.9881689150941241,62.745098039215655
dif_ren,90,1,90,102,True,/users/delfos/aina/secoem-VSS/scentree-gen-remote/dif_ren_scentree/scenariotree_90/results_1.json,6282,103,88,60.99029126213592,88,1.0227272727272727,3,0.011111111111111112,0.03333333333333333,0.002355398750780003,0.996840185503922,84.37499999999999
dif_ren,90,10,90,102,True,/users/delfos/aina/secoem-VSS/scentree-gen-remote/dif_ren_scentree/scenariotree_90/results_10.json,4851,103,75,47.09708737864078,75,1.2,7,0.011111111111111112,0.07777777777777778,0.009251848886516147,0.968804209732109,50.62499999999999
dif_ren,90,11,90,102,True,/users/delfos/aina/secoem-VSS/scentree-gen-remote/dif_ren_scentree/scenariotree_90/results_11.json,4822,103,76,46.81553398058252,76,1.1842105263157894,3,0.011111111111111112,0.03333333333333333,0.005319709180894811,0.9852193475732396,65.3225806451613
dif_ren,90,12,90,102,True,/users/delfos/aina/secoem-VSS/scentree-gen-remote/dif_ren_scentree/scenariotree_90/results_12.json,4861,103,79,47.19417475728155,79,1.139240506329114,5,0.011111111111111112,0.05555555555555555,0.006786125503130698,0.9798392299975845,61.36363636363635
dif_ren,90,13,90,102,True,/users/delfos/aina/secoem-VSS/scentree-gen-remote/dif_ren_scentree/scenariotree_90/results_13.json,5348,103,79,51.922330097087375,79,1.139240506329114,4,0.011111111111111112,0.044444444444444446,0.005224803268918905,0.9862016207571662,67.49999999999999
dif_ren,90,14,90,102,True,/users/delfos/aina/secoem-VSS/scentree-gen-remote/dif_ren_scentree/scenariotree_90/results_14.json,5251,103,83,50.980582524271846,83,1.0843373493975903,3,0.011111111111111112,0.03333333333333333,0.003536772373125277,0.9926071783565776,76.41509433962263
dif_ren,90,15,90,102,True,/users/delfos/aina/secoem-VSS/scentree-gen-remote/dif_ren_scentree/scenariotree_90/results_15.json,4959,103,75,48.14563106796116,75,1.2,5,0.011111111111111112,0.05555555555555555,0.008510463180056339,0.9709217701782983,53.28947368421052
dif_ren,90,16,90,102,True,/users/delfos/aina/secoem-VSS/scentree-gen-remote/dif_ren_scentree/scenariotree_90/results_16.json,6082,103,83,59.04854368932039,83,1.0843373493975903,3,0.011111111111111112,0.03333333333333333,0.003536772373125277,0.9926071783565776,76.41509433962263
dif_ren,90,17,90,102,True,/users/delfos/aina/secoem-VSS/scentree-gen-remote/dif_ren_scentree/scenariotree_90/results_17.json,6609,103,83,64.16504854368932,83,1.0843373493975903,3,0.011111111111111112,0.03333333333333333,0.003934923281579403,0.9912914784298157,75.0
dif_ren,90,18,90,102,True,/users/delfos/aina/secoem-VSS/scentree-gen-remote/dif_ren_scentree/scenariotree_90/results_18.json,6723,103,77,65.27184466019418,77,1.1688311688311688,4,0.011111111111111112,0.044444444444444446,0.005490994975596089,0.9849313210564862,65.32258064516128
dif_ren,90,19,90,102,True,/users/delfos/aina/secoem-VSS/scentree-gen-remote/dif_ren_scentree/scenariotree_90/results_19.json,4773,103,78,46.33980582524272,78,1.1538461538461537,3,0.011111111111111112,0.03333333333333333,0.004733119010209729,0.9877508130197227,68.64406779661016
dif_ren,90,2,90,102,True,/users/delfos/aina/secoem-VSS/scentree-gen-remote/dif_ren_scentree/scenariotree_90/results_2.json,5237,103,77,50.84466019417476,77,1.1688311688311688,9,0.011111111111111112,0.1,0.010804217343339039,0.9640550581418379,45.50561797752808
dif_ren,90,20,90,102,True,/users/delfos/aina/secoem-VSS/scentree-gen-remote/dif_ren_scentree/scenariotree_90/results_20.json,5409,103,81,52.51456310679612,81,1.1111111111111112,4,0.011111111111111112,0.044444444444444446,0.0049382716049382715,0.9876011628580591,69.82758620689656
dif_ren,90,21,90,102,True,/users/delfos/aina/secoem-VSS/scentree-gen-remote/dif_ren_scentree/scenariotree_90/results_21.json,4909,103,82,47.66019417475728,82,1.0975609756097562,4,0.011111111111111112,0.044444444444444446,0.004786862258172275,0.9883466864057862,71.05263157894737
dif_ren,90,22,90,102,True,/users/delfos/aina/secoem-VSS/scentree-gen-remote/dif_ren_scentree/scenariotree_90/results_22.json,5649,103,82,54.84466019417476,82,1.0975609756097562,4,0.011111111111111112,0.044444444444444446,0.004786862258172274,0.9883466864057864,71.05263157894736
dif_ren,90,23,90,102,True,/users/delfos/aina/secoem-VSS/scentree-gen-remote/dif_ren_scentree/scenariotree_90/results_23.json,5571,103,78,54.0873786407767,78,1.1538461538461537,5,0.011111111111111112,0.05555555555555555,0.007352414758156091,0.9769676871924164,58.69565217391304
dif_ren,90,24,90,102,True,/users/delfos/aina/secoem-VSS/scentree-gen-remote/dif_ren_scentree/scenariotree_90/results_24.json,5387,103,78,52.300970873786405,78,1.1538461538461537,6,0.011111111111111112,0.06666666666666667,0.007133894031651803,0.9793452915403136,59.558823529411754
dif_ren,90,25,90,102,True,/users/delfos/aina/secoem-VSS/scentree-gen-remote/dif_ren_scentree/scenariotree_90/results_25.json,5063,103,78,49.15533980582524,78,1.1538461538461537,5,0.011111111111111112,0.05555555555555555,0.006908464759533983,0.9791687529042937,60.44776119402984
dif_ren,90,26,90,102,True,/users/delfos/aina/secoem-VSS/scentree-gen-remote/dif_ren_scentree/scenariotree_90/results_26.json,5103,103,83,49.54368932038835,83,1.0843373493975903,3,0.011111111111111112,0.03333333333333333,0.003536772373125277,0.9926071783565776,76.41509433962263
dif_ren,90,27,90,102,True,/users/delfos/aina/secoem-VSS/scentree-gen-remote/dif_ren_scentree/scenariotree_90/results_27.json,4704,103,84,45.66990291262136,84,1.0714285714285714,4,0.011111111111111112,0.044444444444444446,0.004123930494211612,0.9912363735560104,75.0
dif_ren,90,28,90,102,True,/users/delfos/aina/secoem-VSS/scentree-gen-remote/dif_ren_scentree/scenariotree_90/results_28.json,5487,103,85,53.271844660194176,85,1.0588235294117647,2,0.011111111111111112,0.022222222222222223,0.0026143790849673205,0.9955301601658267,81.0
dif_ren,90,29,90,102,True,/users/delfos/aina/secoem-VSS/scentree-gen-remote/dif_ren_scentree/scenariotree_90/results_29.json,5968,103,77,57.94174757281554,77,1.1688311688311688,9,0.011111111111111112,0.1,0.010654784959292774,0.9649242347702417,46.02272727272725
dif_ren,90,3,90,102,True,/users/delfos/aina/secoem-VSS/scentree-gen-remote/dif_ren_scentree/scenariotree_90/results_3.json,5891,103,78,57.19417475728155,78,1.1538461538461537,5,0.011111111111111112,0.05555555555555555,0.006675427073424491,0.9805032162561786,61.36363636363635
dif_ren,90,30,90,102,True,/users/delfos/aina/secoem-VSS/scentree-gen-remote/dif_ren_scentree/scenariotree_90/results_30.json,5346,103,83,51.90291262135922,83,1.0843373493975903,3,0.011111111111111112,0.03333333333333333,0.003934923281579403,0.9912914784298157,75.0
dif_ren,90,31,90,102,True,/users/delfos/aina/secoem-VSS/scentree-gen-remote/dif_ren_scentree/scenariotree_90/results_31.json,4814,103,83,46.737864077669904,83,1.0843373493975903,2,0.011111111111111112,0.022222222222222223,0.003087700828559785,0.9939228782833396,77.88461538461537
dif_ren,90,4,90,102,True,/users/delfos/aina/secoem-VSS/scentree-gen-remote/dif_ren_scentree/scenariotree_90/results_4.json,5842,103,80,56.71844660194175,80,1.125,2,0.011111111111111112,0.022222222222222223,0.0036746545987008205,0.9917276470097466,73.63636363636364
dif_ren,90,5,90,102,True,/users/delfos/aina/secoem-VSS/scentree-gen-remote/dif_ren_scentree/scenariotree_90/results_5.json,6152,103,85,59.728155339805824,85,1.0588235294117647,3,0.011111111111111112,0.03333333333333333,0.003120872257859692,0.9942215118096098,79.41176470588235
dif_ren,90,6,90,102,True,/users/delfos/aina/secoem-VSS/scentree-gen-remote/dif_ren_scentree/scenariotree_90/results_6.json,5295,103,81,51.407766990291265,81,1.1111111111111112,3,0.011111111111111112,0.03333333333333333,0.004938271604938271,0.9871373199413935,69.82758620689656
dif_ren,90,7,90,102,True,/users/delfos/aina/secoem-VSS/scentree-gen-remote/dif_ren_scentree/scenariotree_90/results_7.json,5466,103,80,53.067961165048544,80,1.125,4,0.011111111111111112,0.044444444444444446,0.00537914353639919,0.9855590384044676,67.5
dif_ren,90,8,90,102,True,/users/delfos/aina/secoem-VSS/scentree-gen-remote/dif_ren_scentree/scenariotree_90/results_8.json,6619,103,84,64.2621359223301,84,1.0714285714285714,4,0.011111111111111112,0.044444444444444446,0.004123930494211612,0.9912363735560104,74.99999999999999
dif_ren,90,9,90,102,True,/users/delfos/aina/secoem-VSS/scentree-gen-remote/dif_ren_scentree/scenariotree_90/results_9.json,5476,103,87,53.16504854368932,87,1.0344827586206897,3,0.011111111111111112,0.03333333333333333,0.002635985624591352,0.9959421178975896,82.65306122448979
same_ren,100,1,100,30,True,/users/delfos/aina/secoem-VSS/scentree-gen-remote/same_ren_scentree/scenariotree_100/results_1.json,907,31,37,29.258064516129032,37,2.7027027027027026,19,0.01,0.19,0.036381229557759645,0.8461756302013448,13.157894736842103
same_ren,100,10,100,30,True,/users/delfos/aina/secoem-VSS/scentree-gen-remote/same_ren_scentree/scenariotree_100/results_10.json,971,31,41,31.322580645161292,41,2.4390243902439024,12,0.01,0.12,0.025571399847963232,0.8932846571620403,19.53125
same_ren,100,11,100,30,True,/users/delfos/aina/secoem-VSS/scentree-gen-remote/same_ren_scentree/scenariotree_100/results_11.json,964,31,41,31.096774193548388,41,2.4390243902439024,13,0.01,0.13,0.02750155476649744,0.883626915202102,18.050541516245485
same_ren,100,12,100,30,True,/users/delfos/aina/secoem-VSS/scentree-gen-remote/same_ren_scentree/scenariotree_100/results_12.json,1024,31,38,33.03225806451613,38,2.6315789473684212,21,0.01,0.21,0.03594008556879798,0.8564827114792295,13.26259946949602
same_ren,100,13,100,30,True,/users/delfos/aina/secoem-VSS/scentree-gen-remote/same_ren_scentree/scenariotree_100/results_13.json,1093,31,41,35.25806451612903,41,2.4390243902439024,23,0.01,0.23,0.03774424721068745,0.838830862735881,12.077294685990339
same_ren,100,14,100,30,True,/users/delfos/aina/secoem-VSS/scentree-gen-remote/same_ren_scentree/scenariotree_100/results_14.json,1071,31,43,34.54838709677419,43,2.3255813953488373,15,0.01,0.15,0.029627213310122944,0.8699401833374818,16.39344262295082
same_ren,100,15,100,30,True,/users/delfos/aina/secoem-VSS/scentree-gen-remote/same_ren_scentree/scenariotree_100/results_15.json,891,31,36,28.741935483870968,36,2.7777777777777777,17,0.01,0.17,0.03528543224044538,0.8532086050486459,13.77410468319559
same_ren,100,16,100,30,True,/users/delfos/aina/secoem-VSS/scentree-gen-remote/same_ren_scentree/scenariotree_100/results_16.json,1050,31,45,33.87096774193548,45,2.2222222222222223,21,0.01,0.21,0.03299083299537002,0.8557564802825542,14.044943820224717
same_ren,100,17,100,30,True,/users/delfos/aina/secoem-VSS/scentree-gen-remote/same_ren_scentree/scenariotree_100/results_17.json,1068,31,51,34.45161290322581,51,1.9607843137254901,11,0.01,0.11,0.020191318685264314,0.9124204974059129,24.75247524752475
same_ren,100,18,100,30,True,/users/delfos/aina/secoem-VSS/scentree-gen-remote/same_ren_scentree/scenariotree_100/results_18.json,851,31,37,27.451612903225808,37,2.7027027027027026,14,0.01,0.14,0.03270381950293193,0.8661472386192564,15.015015015015013
same_ren,100,19,100,30,True,/users/delfos/aina/secoem-VSS/scentree-gen-remote/same_ren_scentree/scenariotree_100/results_19.json,977,31,41,31.516129032258064,41,2.4390243902439024,13,0.01,0.13,0.02802862478355984,0.8768843125470429,17.667844522968196
same_ren,100,2,100,30,True,/users/delfos/aina/secoem-VSS/scentree-gen-remote/same_ren_scentree/scenariotree_100/results_2.json,907,31,39,29.258064516129032,39,2.5641025641025643,13,0.01,0.13,0.030280303473301583,0.8715536183588567,16.286644951140065
same_ren,100,20,100,30,True,/users/delfos/aina/secoem-VSS/scentree-gen-remote/same_ren_scentree/scenariotree_100/results_20.json,1323,31,50,42.67741935483871,50,2.0,12,0.01,0.12,0.023664319132398463,0.888431092512934,20.833333333333332
same_ren,100,21,100,30,True,/users/delfos/aina/secoem-VSS/scentree-gen-remote/same_ren_scentree/scenariotree_100/results_21.json,968,31,38,31.225806451612904,38,2.6315789473684212,14,0.01,0.14,0.03190619908679511,0.8645637203070743,15.384615384615381
same_ren,100,22,100,30,True,/users/delfos/aina/secoem-VSS/scentree-gen-remote/same_ren_scentree/scenariotree_100/results_22.json,1113,31,42,35.903225806451616,42,2.380952380952381,19,0.01,0.19,0.03301892537782803,0.8555515881366694,14.36781609195402
same_ren,100,23,100,30,True,/users/delfos/aina/secoem-VSS/scentree-gen-remote/same_ren_scentree/scenariotree_100/results_23.json,1046,31,50,33.74193548387097,50,2.0,10,0.01,0.1,0.019493588689617928,0.9160195709106278,25.641025641025635
same_ren,100,24,100,30,True,/users/delfos/aina/secoem-VSS/scentree-gen-remote/same_ren_scentree/scenariotree_100/results_24.json,1089,31,49,35.12903225806452,49,2.0408163265306123,8,0.01,0.08,0.019055149143244816,0.9138695316875204,26.17801047120419
same_ren,100,25,100,30,True,/users/delfos/aina/secoem-VSS/scentree-gen-remote/same_ren_scentree/scenariotree_100/results_25.json,1140,31,45,36.774193548387096,45,2.2222222222222223,12,0.01,0.12,0.02219998887776387,0.9076575925025693,22.522522522522518
same_ren,100,26,100,30,True,/users/delfos/aina/secoem-VSS/scentree-gen-remote/same_ren_scentree/scenariotree_100/results_26.json,1044,31,44,33.67741935483871,44,2.272727272727273,14,0.01,0.14,0.028948515141983013,0.8699368132389652,16.778523489932883
same_ren,100,27,100,30,True,/users/delfos/aina/secoem-VSS/scentree-gen-remote/same_ren_scentree/scenariotree_100/results_27.json,1030,31,44,33.225806451612904,44,2.272727272727273,12,0.01,0.12,0.024713231307396704,0.8902938355934346,20.16129032258064
same_ren,100,28,100,30,True,/users/delfos/aina/secoem-VSS/scentree-gen-remote/same_ren_scentree/scenariotree_100/results_28.json,933,31,39,30.096774193548388,39,2.5641025641025643,19,0.01,0.19,0.03966493457508151,0.822456343803418,11.494252873563218
same_ren,100,29,100,30,True,/users/delfos/aina/secoem-VSS/scentree-gen-remote/same_ren_scentree/scenariotree_100/results_29.json,1361,31,50,43.903225806451616,50,2.0,14,0.01,0.14,0.024413111231467405,0.8950781701094246,20.08032128514056
same_ren,100,3,100,30,True,/users/delfos/aina/secoem-VSS/scentree-gen-remote/same_ren_scentree/scenariotree_100/results_3.json,1134,31,44,36.58064516129032,44,2.272727272727273,14,0.01,0.14,0.024342596070901612,0.9046878075283468,20.491803278688522
same_ren,100,30,100,30,True,/users/delfos/aina/secoem-VSS/scentree-gen-remote/same_ren_scentree/scenariotree_100/results_30.json,1085,31,45,35.0,45,2.2222222222222223,17,0.01,0.17,0.02889743463345945,0.8723690890850304,16.722408026755847
same_ren,100,31,100,30,True,/users/delfos/aina/secoem-VSS/scentree-gen-remote/same_ren_scentree/scenariotree_100/results_31.json,976,31,37,31.483870967741936,37,2.7027027027027026,23,0.01,0.23,0.03812248147568747,0.8532473397091861,12.376237623762373
same_ren,100,4,100,30,True,/users/delfos/aina/secoem-VSS/scentree-gen-remote/same_ren_scentree/scenariotree_100/results_4.json,1080,31,40,34.83870967741935,40,2.5,11,0.01,0.11,0.023874672772626643,0.9050245693919963,20.92050209205021
same_ren,100,5,100,30,True,/users/delfos/aina/secoem-VSS/scentree-gen-remote/same_ren_scentree/scenariotree_100/results_5.json,976,31,41,31.483870967741936,41,2.4390243902439024,19,0.01,0.19,0.03261368712282298,0.8669739838398038,14.705882352941176
same_ren,100,6,100,30,True,/users/delfos/aina/secoem-VSS/scentree-gen-remote/same_ren_scentree/scenariotree_100/results_6.json,918,31,34,29.612903225806452,34,2.9411764705882355,17,0.01,0.17,0.036937242203387295,0.8534357328041451,13.192612137203163
same_ren,100,7,100,30,True,/users/delfos/aina/secoem-VSS/scentree-gen-remote/same_ren_scentree/scenariotree_100/results_7.json,906,31,38,29.225806451612904,38,2.6315789473684212,21,0.01,0.21,0.03800422778639094,0.8432194389010985,12.315270935960593
same_ren,100,8,100,30,True,/users/delfos/aina/secoem-VSS/scentree-gen-remote/same_ren_scentree/scenariotree_100/results_8.json,1136,31,41,36.645161290322584,41,2.4390243902439024,15,0.01,0.15,0.030367567783924406,0.873488110366705,16.077170418006432
same_ren,100,9,100,30,True,/users/delfos/aina/secoem-VSS/scentree-gen-remote/same_ren_scentree/scenariotree_100/results_9.json,1061,31,45,34.225806451612904,45,2.2222222222222223,21,0.01,0.21,0.03614101326064576,0.8371840043599256,12.345679012345679
same_ren,110,1,110,30,True,/users/delfos/aina/secoem-VSS/scentree-gen-remote/same_ren_scentree/scenariotree_110/results_1.json,1295,31,46,41.774193548387096,46,2.391304347826087,17,0.00909090909090909,0.15454545454545454,0.029211598761900204,0.8667018665187909,16.395663956639567
same_ren,110,10,110,30,True,/users/delfos/aina/secoem-VSS/scentree-gen-remote/same_ren_scentree/scenariotree_110/results_10.json,1086,31,41,35.03225806451613,41,2.682926829268293,17,0.00909090909090909,0.15454545454545454,0.03145590556190983,0.8582370726820084,15.394402035623413
same_ren,110,11,110,30,True,/users/delfos/aina/secoem-VSS/scentree-gen-remote/same_ren_scentree/scenariotree_110/results_11.json,1355,31,48,43.70967741935484,48,2.2916666666666665,17,0.00909090909090909,0.15454545454545454,0.027894326203431304,0.8650518983334856,17.187500000000004
same_ren,110,12,110,30,True,/users/delfos/aina/secoem-VSS/scentree-gen-remote/same_ren_scentree/scenariotree_110/results_12.json,1084,31,43,34.96774193548387,43,2.558139534883721,17,0.00909090909090909,0.15454545454545454,0.0317533211207333,0.8508062064559481,15.01240694789082
same_ren,110,13,110,30,True,/users/delfos/aina/secoem-VSS/scentree-gen-remote/same_ren_scentree/scenariotree_110/results_13.json,1000,31,41,32.25806451612903,41,2.682926829268293,23,0.00909090909090909,0.20909090909090908,0.03827772899414462,0.8253122383367711,11.83953033268102
same_ren,110,14,110,30,True,/users/delfos/aina/secoem-VSS/scentree-gen-remote/same_ren_scentree/scenariotree_110/results_14.json,1318,31,46,42.516129032258064,46,2.391304347826087,19,0.00909090909090909,0.17272727272727273,0.03323920322787137,0.8371886986162133,13.781321184510249
same_ren,110,15,110,30,True,/users/delfos/aina/secoem-VSS/scentree-gen-remote/same_ren_scentree/scenariotree_110/results_15.json,1129,31,43,36.41935483870968,43,2.558139534883721,11,0.00909090909090909,0.1,0.023223117511134903,0.9044470993697866,21.53024911032028
same_ren,110,16,110,30,True,/users/delfos/aina/secoem-VSS/scentree-gen-remote/same_ren_scentree/scenariotree_110/results_16.json,1452,31,51,46.83870967741935,51,2.156862745098039,20,0.00909090909090909,0.18181818181818182,0.027383763807018208,0.8745360609896797,17.285714285714285
same_ren,110,17,110,30,True,/users/delfos/aina/secoem-VSS/scentree-gen-remote/same_ren_scentree/scenariotree_110/results_17.json,1092,31,43,35.225806451612904,43,2.558139534883721,12,0.00909090909090909,0.10909090909090909,0.02330573155098633,0.8982722535695681,21.45390070921986
same_ren,110,18,110,30,True,/users/delfos/aina/secoem-VSS/scentree-gen-remote/same_ren_scentree/scenariotree_110/results_18.json,1078,31,46,34.774193548387096,46,2.391304347826087,15,0.00909090909090909,0.13636363636363635,0.02927303788345538,0.8600014650755273,16.35135135135135
same_ren,110,19,110,30,True,/users/delfos/aina/secoem-VSS/scentree-gen-remote/same_ren_scentree/scenariotree_110/results_19.json,1212,31,45,39.096774193548384,45,2.4444444444444446,17,0.00909090909090909,0.15454545454545454,0.03045751865815661,0.8575825156138097,15.633074935400515
same_ren,110,2,110,30,True,/users/delfos/aina/secoem-VSS/scentree-gen-remote/same_ren_scentree/scenariotree_110/results_2.json,1197,31,48,38.61290322580645,48,2.2916666666666665,8,0.00909090909090909,0.07272727272727272,0.017104275613447933,0.9290776803652119,28.67298578199053
same_ren,110,20,110,30,True,/users/delfos/aina/secoem-VSS/scentree-gen-remote/same_ren_scentree/scenariotree_110/results_20.json,1249,31,47,40.29032258064516,47,2.3404255319148937,10,0.00909090909090909,0.09090909090909091,0.021404573785779372,0.9028136258481915,23.35907335907336
same_ren,110,21,110,30,True,/users/delfos/aina/secoem-VSS/scentree-gen-remote/same_ren_scentree/scenariotree_110/results_21.json,1374,31,48,44.32258064516129,48,2.2916666666666665,13,0.00909090909090909,0.11818181818181818,0.02354281702009142,0.8904750661502002,21.080139372822302
same_ren,110,22,110,30,True,/users/delfos/aina/secoem-VSS/scentree-gen-remote/same_ren_scentree/scenariotree_110/results_22.json,1084,31,47,34.96774193548387,47,2.3404255319148937,17,0.00909090909090909,0.15454545454545454,0.027769593585830733,0.866322646032189,17.385057471264368
same_ren,110,23,110,30,True,/users/delfos/aina/secoem-VSS/scentree-gen-remote/same_ren_scentree/scenariotree_110/results_23.json,1032,31,42,33.29032258064516,42,2.619047619047619,17,0.00909090909090909,0.15454545454545454,0.03085763357090344,0.8580133349348752,15.67357512953368
same_ren,110,24,110,30,True,/users/delfos/aina/secoem-VSS/scentree-gen-remote/same_ren_scentree/scenariotree_110/results_24.json,1154,31,41,37.225806451612904,41,2.682926829268293,12,0.00909090909090909,0.10909090909090909,0.025273271572106442,0.8904639895082173,19.77124183006536
same_ren,110,25,110,30,True,/users/delfos/aina/secoem-VSS/scentree-gen-remote/same_ren_scentree/scenariotree_110/results_25.json,1270,31,44,40.96774193548387,44,2.5,11,0.00909090909090909,0.1,0.02485872932676865,0.8831393774515667,20.033112582781456
same_ren,110,26,110,30,True,/users/delfos/aina/secoem-VSS/scentree-gen-remote/same_ren_scentree/scenariotree_110/results_26.json,1095,31,46,35.32258064516129,46,2.391304347826087,14,0.00909090909090909,0.12727272727272726,0.023712120983352795,0.8986364315622868,21.006944444444443
same_ren,110,27,110,30,True,/users/delfos/aina/secoem-VSS/scentree-gen-remote/same_ren_scentree/scenariotree_110/results_27.json,1323,31,49,42.67741935483871,49,2.2448979591836733,19,0.00909090909090909,0.17272727272727273,0.029244181811531905,0.8556595158627147,16.047745358090186
same_ren,110,28,110,30,True,/users/delfos/aina/secoem-VSS/scentree-gen-remote/same_ren_scentree/scenariotree_110/results_28.json,1183,31,45,38.16129032258065,45,2.4444444444444446,27,0.00909090909090909,0.24545454545454545,0.03763219395999426,0.8330935732340606,11.634615384615383
same_ren,110,29,110,30,True,/users/delfos/aina/secoem-VSS/scentree-gen-remote/same_ren_scentree/scenariotree_110/results_29.json,1129,31,43,36.41935483870968,43,2.558139534883721,17,0.00909090909090909,0.15454545454545454,0.028834915249157277,0.8695276658825376,16.94677871148459
same_ren,110,3,110,30,True,/users/delfos/aina/secoem-VSS/scentree-gen-remote/same_ren_scentree/scenariotree_110/results_3.json,1196,31,44,38.58064516129032,44,2.5,19,0.00909090909090909,0.17272727272727273,0.032518849645535905,0.8583116520568376,14.439140811455847
same_ren,110,30,110,30,True,/users/delfos/aina/secoem-VSS/scentree-gen-remote/same_ren_scentree/scenariotree_110/results_30.json,1361,31,48,43.903225806451616,48,2.2916666666666665,19,0.00909090909090909,0.17272727272727273,0.029279592488144518,0.863663147219722,16.133333333333333
same_ren,110,31,110,30,True,/users/delfos/aina/secoem-VSS/scentree-gen-remote/same_ren_scentree/scenariotree_110/results_31.json,1337,31,47,43.12903225806452,47,2.3404255319148937,13,0.00909090909090909,0.11818181818181818,0.023368260441839775,0.8971569765297831,21.30281690140845
same_ren,110,4,110,30,True,/users/delfos/aina/secoem-VSS/scentree-gen-remote/same_ren_scentree/scenariotree_110/results_4.json,1043,31,41,33.645161290322584,41,2.682926829268293,15,0.00909090909090909,0.13636363636363635,0.03047953929479305,0.8580155206947768,16.005291005291006
same_ren,110,5,110,30,True,/users/delfos/aina/secoem-VSS/scentree-gen-remote/same_ren_scentree/scenariotree_110/results_5.json,1067,31,42,34.41935483870968,42,2.619047619047619,17,0.00909090909090909,0.15454545454545454,0.03085763357090344,0.8572727549470733,15.67357512953368
same_ren,110,6,110,30,True,/users/delfos/aina/secoem-VSS/scentree-gen-remote/same_ren_scentree/scenariotree_110/results_6.json,1155,31,44,37.25806451612903,44,2.5,17,0.00909090909090909,0.15454545454545454,0.027784455328949152,0.8784293511412725,17.638483965014576
same_ren,110,7,110,30,True,/users/delfos/aina/secoem-VSS/scentree-gen-remote/same_ren_scentree/scenariotree_110/results_7.json,1269,31,48,40.935483870967744,48,2.2916666666666665,15,0.00909090909090909,0.13636363636363635,0.021397324609846363,0.9138027703089794,23.359073359073363
same_ren,110,8,110,30,True,/users/delfos/aina/secoem-VSS/scentree-gen-remote/same_ren_scentree/scenariotree_110/results_8.json,1192,31,44,38.45161290322581,44,2.5,17,0.00909090909090909,0.15454545454545454,0.02845244625636696,0.8735431742855431,17.138810198300284
same_ren,110,9,110,30,True,/users/delfos/aina/secoem-VSS/scentree-gen-remote/same_ren_scentree/scenariotree_110/results_9.json,1182,31,46,38.12903225806452,46,2.391304347826087,17,0.00909090909090909,0.15454545454545454,0.028652718892394364,0.8649343030947437,16.805555555555554
same_ren,120,1,120,30,True,/users/delfos/aina/secoem-VSS/scentree-gen-remote/same_ren_scentree/scenariotree_120/results_1.json,1358,31,51,43.806451612903224,51,2.3529411764705883,20,0.008333333333333333,0.16666666666666666,0.02740717793822424,0.8679584167846327,17.266187050359715
same_ren,120,10,120,30,True,/users/delfos/aina/secoem-VSS/scentree-gen-remote/same_ren_scentree/scenariotree_120/results_10.json,1543,31,56,49.774193548387096,56,2.142857142857143,11,0.008333333333333333,0.09166666666666666,0.01975975318178313,0.9003535419047182,25.174825174825177
same_ren,120,11,120,30,True,/users/delfos/aina/secoem-VSS/scentree-gen-remote/same_ren_scentree/scenariotree_120/results_11.json,1203,31,44,38.806451612903224,44,2.727272727272727,19,0.008333333333333333,0.15833333333333333,0.031097539017839074,0.8572268463841742,15.319148936170215
same_ren,120,12,120,30,True,/users/delfos/aina/secoem-VSS/scentree-gen-remote/same_ren_scentree/scenariotree_120/results_12.json,1256,31,48,40.516129032258064,48,2.5,19,0.008333333333333333,0.15833333333333333,0.026407157419210476,0.8765489202816201,18.414322250639383
same_ren,120,13,120,30,True,/users/delfos/aina/secoem-VSS/scentree-gen-remote/same_ren_scentree/scenariotree_120/results_13.json,1323,31,48,42.67741935483871,48,2.5,15,0.008333333333333333,0.125,0.026297355873279842,0.8659891907358082,18.50899742930591
same_ren,120,14,120,30,True,/users/delfos/aina/secoem-VSS/scentree-gen-remote/same_ren_scentree/scenariotree_120/results_14.json,1167,31,47,37.645161290322584,47,2.5531914893617023,17,0.008333333333333333,0.14166666666666666,0.02645352042774222,0.8689287373004152,18.46153846153847
same_ren,120,15,120,30,True,/users/delfos/aina/secoem-VSS/scentree-gen-remote/same_ren_scentree/scenariotree_120/results_15.json,1258,31,49,40.58064516129032,49,2.4489795918367347,21,0.008333333333333333,0.175,0.028574465339101643,0.8656279299538839,16.551724137931036
same_ren,120,16,120,30,True,/users/delfos/aina/secoem-VSS/scentree-gen-remote/same_ren_scentree/scenariotree_120/results_16.json,1404,31,54,45.29032258064516,54,2.2222222222222223,10,0.008333333333333333,0.08333333333333333,0.017470335429734453,0.917150376340033,28.57142857142858
same_ren,120,17,120,30,True,/users/delfos/aina/secoem-VSS/scentree-gen-remote/same_ren_scentree/scenariotree_120/results_17.json,1270,31,45,40.96774193548387,45,2.6666666666666665,12,0.008333333333333333,0.1,0.02440653626276533,0.8823698546945778,20.39660056657224
same_ren,120,18,120,30,True,/users/delfos/aina/secoem-VSS/scentree-gen-remote/same_ren_scentree/scenariotree_120/results_18.json,1533,31,56,49.45161290322581,56,2.142857142857143,10,0.008333333333333333,0.08333333333333333,0.015303523966883857,0.9320830894525017,32.28699551569507
same_ren,120,19,120,30,True,/users/delfos/aina/secoem-VSS/scentree-gen-remote/same_ren_scentree/scenariotree_120/results_19.json,1212,31,48,39.096774193548384,48,2.5,10,0.008333333333333333,0.08333333333333333,0.019617287349757685,0.9106793421444259,25.441696113074205
same_ren,120,2,120,30,True,/users/delfos/aina/secoem-VSS/scentree-gen-remote/same_ren_scentree/scenariotree_120/results_2.json,1490,31,54,48.064516129032256,54,2.2222222222222223,11,0.008333333333333333,0.09166666666666666,0.017906555190568257,0.9182222764049528,27.906976744186057
same_ren,120,20,120,30,True,/users/delfos/aina/secoem-VSS/scentree-gen-remote/same_ren_scentree/scenariotree_120/results_20.json,1717,31,62,55.38709677419355,62,1.935483870967742,10,0.008333333333333333,0.08333333333333333,0.01575965936247296,0.9214929279682935,31.71806167400881
same_ren,120,21,120,30,True,/users/delfos/aina/secoem-VSS/scentree-gen-remote/same_ren_scentree/scenariotree_120/results_21.json,1228,31,45,39.61290322580645,45,2.6666666666666665,25,0.008333333333333333,0.20833333333333334,0.037060177955906486,0.80963275814778,11.900826446280995
same_ren,120,22,120,30,True,/users/delfos/aina/secoem-VSS/scentree-gen-remote/same_ren_scentree/scenariotree_120/results_22.json,1320,31,49,42.58064516129032,49,2.4489795918367347,10,0.008333333333333333,0.08333333333333333,0.0181375776978162,0.9211275803695276,27.376425855513308
same_ren,120,23,120,30,True,/users/delfos/aina/secoem-VSS/scentree-gen-remote/same_ren_scentree/scenariotree_120/results_23.json,1397,31,51,45.064516129032256,51,2.3529411764705883,20,0.008333333333333333,0.16666666666666666,0.029742153054758705,0.8495135142065875,15.450643776824037
same_ren,120,24,120,30,True,/users/delfos/aina/secoem-VSS/scentree-gen-remote/same_ren_scentree/scenariotree_120/results_24.json,1289,31,46,41.58064516129032,46,2.608695652173913,21,0.008333333333333333,0.175,0.033982726007145254,0.8228171207733812,13.358070500927647
same_ren,120,25,120,30,True,/users/delfos/aina/secoem-VSS/scentree-gen-remote/same_ren_scentree/scenariotree_120/results_25.json,1519,31,54,49.0,54,2.2222222222222223,11,0.008333333333333333,0.09166666666666666,0.0208898410605157,0.8910409385055241,23.76237623762377
same_ren,120,26,120,30,True,/users/delfos/aina/secoem-VSS/scentree-gen-remote/same_ren_scentree/scenariotree_120/results_26.json,1432,31,54,46.193548387096776,54,2.2222222222222223,21,0.008333333333333333,0.175,0.026675667205348023,0.8703085245890037,17.5609756097561
same_ren,120,27,120,30,True,/users/delfos/aina/secoem-VSS/scentree-gen-remote/same_ren_scentree/scenariotree_120/results_27.json,1186,31,44,38.25806451612903,44,2.727272727272727,20,0.008333333333333333,0.16666666666666666,0.03344506068885472,0.831276667866608,13.899613899613902
same_ren,120,28,120,30,True,/users/delfos/aina/secoem-VSS/scentree-gen-remote/same_ren_scentree/scenariotree_120/results_28.json,1266,31,50,40.83870967741935,50,2.4,17,0.008333333333333333,0.14166666666666666,0.026770630673681683,0.8600147808446574,17.910447761194032
same_ren,120,29,120,30,True,/users/delfos/aina/secoem-VSS/scentree-gen-remote/same_ren_scentree/scenariotree_120/results_29.json,1521,31,54,49.064516129032256,54,2.2222222222222223,11,0.008333333333333333,0.09166666666666666,0.018402413809584992,0.911074928394435,27.16981132075472
same_ren,120,3,120,30,True,/users/delfos/aina/secoem-VSS/scentree-gen-remote/same_ren_scentree/scenariotree_120/results_3.json,1463,31,52,47.193548387096776,52,2.3076923076923075,19,0.008333333333333333,0.15833333333333333,0.024975332998433533,0.8813705831292121,19.354838709677423
same_ren,120,30,120,30,True,/users/delfos/aina/secoem-VSS/scentree-gen-remote/same_ren_scentree/scenariotree_120/results_30.json,1270,31,50,40.96774193548387,50,2.4,14,0.008333333333333333,0.11666666666666667,0.023094010767585032,0.8867082446183964,21.42857142857143
same_ren,120,31,120,30,True,/users/delfos/aina/secoem-VSS/scentree-gen-remote/same_ren_scentree/scenariotree_120/results_31.json,1248,31,46,40.25806451612903,46,2.608695652173913,11,0.008333333333333333,0.09166666666666666,0.02201217417258556,0.8971955446044516,22.712933753943226
same_ren,120,4,120,30,True,/users/delfos/aina/secoem-VSS/scentree-gen-remote/same_ren_scentree/scenariotree_120/results_4.json,1147,31,46,37.0,46,2.608695652173913,13,0.008333333333333333,0.10833333333333334,0.024968474136260944,0.8801192464618519,19.834710743801658
same_ren,120,5,120,30,True,/users/delfos/aina/secoem-VSS/scentree-gen-remote/same_ren_scentree/scenariotree_120/results_5.json,1348,31,48,43.483870967741936,48,2.5,19,0.008333333333333333,0.15833333333333333,0.03042903097250923,0.8499930146234239,15.319148936170215
same_ren,120,6,120,30,True,/users/delfos/aina/secoem-VSS/scentree-gen-remote/same_ren_scentree/scenariotree_120/results_6.json,1233,31,50,39.774193548387096,50,2.4,9,0.008333333333333333,0.075,0.01870828693386971,0.9139351611064229,26.66666666666667
same_ren,120,7,120,30,True,/users/delfos/aina/secoem-VSS/scentree-gen-remote/same_ren_scentree/scenariotree_120/results_7.json,1362,31,50,43.935483870967744,50,2.4,17,0.008333333333333333,0.14166666666666666,0.025495097567963924,0.8832485075798433,19.04761904761905
same_ren,120,8,120,30,True,/users/delfos/aina/secoem-VSS/scentree-gen-remote/same_ren_scentree/scenariotree_120/results_8.json,1292,31,53,41.67741935483871,53,2.2641509433962264,19,0.008333333333333333,0.15833333333333333,0.02539782750598275,0.8772365144934093,18.84816753926702
same_ren,120,9,120,30,True,/users/delfos/aina/secoem-VSS/scentree-gen-remote/same_ren_scentree/scenariotree_120/results_9.json,1585,31,56,51.12903225806452,56,2.142857142857143,16,0.008333333333333333,0.13333333333333333,0.02257200622126017,0.884643205332811,21.556886227544915
same_ren,130,1,130,30,True,/users/delfos/aina/secoem-VSS/scentree-gen-remote/same_ren_scentree/scenariotree_130/results_1.json,1294,31,52,41.74193548387097,52,2.5,19,0.007692307692307693,0.14615384615384616,0.026367902309234786,0.8616328174381587,18.055555555555557
same_ren,130,10,130,30,True,/users/delfos/aina/secoem-VSS/scentree-gen-remote/same_ren_scentree/scenariotree_130/results_10.json,1128,31,46,36.38709677419355,46,2.8260869565217392,16,0.007692307692307693,0.12307692307692308,0.02562842014805086,0.8762255662692034,19.24829157175399
same_ren,130,11,130,30,True,/users/delfos/aina/secoem-VSS/scentree-gen-remote/same_ren_scentree/scenariotree_130/results_11.json,1393,31,56,44.935483870967744,56,2.3214285714285716,27,0.007692307692307693,0.2076923076923077,0.03434285707253198,0.8058399053029485,11.918194640338507
same_ren,130,12,130,30,True,/users/delfos/aina/secoem-VSS/scentree-gen-remote/same_ren_scentree/scenariotree_130/results_12.json,1209,31,50,39.0,50,2.6,17,0.007692307692307693,0.13076923076923078,0.024325212770526,0.8775724351642198,20.16706443914081
same_ren,130,13,130,30,True,/users/delfos/aina/secoem-VSS/scentree-gen-remote/same_ren_scentree/scenariotree_130/results_13.json,1689,31,66,54.483870967741936,66,1.9696969696969697,11,0.007692307692307693,0.08461538461538462,0.015029091207286594,0.9202289633578169,33.26771653543307
same_ren,130,14,130,30,True,/users/delfos/aina/secoem-VSS/scentree-gen-remote/same_ren_scentree/scenariotree_130/results_14.json,1533,31,58,49.45161290322581,58,2.2413793103448274,23,0.007692307692307693,0.17692307692307693,0.031467875491954005,0.8196693202547939,13.391442155309031
same_ren,130,15,130,30,True,/users/delfos/aina/secoem-VSS/scentree-gen-remote/same_ren_scentree/scenariotree_130/results_15.json,1185,31,46,38.225806451612904,46,2.8260869565217392,17,0.007692307692307693,0.13076923076923078,0.028117524490948096,0.8603369459886776,17.209775967413446
same_ren,130,16,130,30,True,/users/delfos/aina/secoem-VSS/scentree-gen-remote/same_ren_scentree/scenariotree_130/results_16.json,1423,31,57,45.903225806451616,57,2.280701754385965,15,0.007692307692307693,0.11538461538461539,0.020056723566163885,0.8965643639955032,24.707602339181282
same_ren,130,17,130,30,True,/users/delfos/aina/secoem-VSS/scentree-gen-remote/same_ren_scentree/scenariotree_130/results_17.json,1300,31,52,41.935483870967744,52,2.5,24,0.007692307692307693,0.18461538461538463,0.029427089102630675,0.8486802030268925,15.561694290976057
same_ren,130,18,130,30,True,/users/delfos/aina/secoem-VSS/scentree-gen-remote/same_ren_scentree/scenariotree_130/results_18.json,1246,31,56,40.193548387096776,56,2.3214285714285716,15,0.007692307692307693,0.11538461538461539,0.023309593676170044,0.8722621421925597,20.71078431372549
same_ren,130,19,130,30,True,/users/delfos/aina/secoem-VSS/scentree-gen-remote/same_ren_scentree/scenariotree_130/results_19.json,1157,31,44,37.32258064516129,44,2.9545454545454546,15,0.007692307692307693,0.11538461538461539,0.028403576656875925,0.8534227568165952,17.17479674796748
same_ren,130,2,130,30,True,/users/delfos/aina/secoem-VSS/scentree-gen-remote/same_ren_scentree/scenariotree_130/results_2.json,1350,31,54,43.54838709677419,54,2.4074074074074074,21,0.007692307692307693,0.16153846153846155,0.024303513945332873,0.8802109051614121,19.8356807511737
same_ren,130,20,130,30,True,/users/delfos/aina/secoem-VSS/scentree-gen-remote/same_ren_scentree/scenariotree_130/results_20.json,1138,31,52,36.70967741935484,52,2.5,14,0.007692307692307693,0.1076923076923077,0.025175759052668414,0.8635262848973212,19.1609977324263
same_ren,130,21,130,30,True,/users/delfos/aina/secoem-VSS/scentree-gen-remote/same_ren_scentree/scenariotree_130/results_21.json,1420,31,54,45.806451612903224,54,2.4074074074074074,32,0.007692307692307693,0.24615384615384617,0.03438570584446901,0.8269881500225497,12.140804597701148
same_ren,130,22,130,30,True,/users/delfos/aina/secoem-VSS/scentree-gen-remote/same_ren_scentree/scenariotree_130/results_22.json,1596,31,63,51.483870967741936,63,2.0634920634920637,15,0.007692307692307693,0.11538461538461539,0.018835897928204722,0.8997571127887534,26.1609907120743
same_ren,130,23,130,30,True,/users/delfos/aina/secoem-VSS/scentree-gen-remote/same_ren_scentree/scenariotree_130/results_23.json,1502,31,59,48.45161290322581,59,2.2033898305084745,27,0.007692307692307693,0.2076923076923077,0.03150297431142416,0.8252582133475322,13.244514106583074
same_ren,130,24,130,30,True,/users/delfos/aina/secoem-VSS/scentree-gen-remote/same_ren_scentree/scenariotree_130/results_24.json,1415,31,58,45.645161290322584,58,2.2413793103448274,13,0.007692307692307693,0.1,0.023354228862657974,0.8657739077323782,20.460048426150117
same_ren,130,25,130,30,True,/users/delfos/aina/secoem-VSS/scentree-gen-remote/same_ren_scentree/scenariotree_130/results_25.json,1605,31,62,51.774193548387096,62,2.096774193548387,14,0.007692307692307693,0.1076923076923077,0.01609463788405114,0.9237987101585008,31.06617647058825
same_ren,130,26,130,30,True,/users/delfos/aina/secoem-VSS/scentree-gen-remote/same_ren_scentree/scenariotree_130/results_26.json,1089,31,49,35.12903225806452,49,2.6530612244897958,21,0.007692307692307693,0.16153846153846155,0.026852386244857685,0.8734522746418545,17.94055201698514
same_ren,130,27,130,30,True,/users/delfos/aina/secoem-VSS/scentree-gen-remote/same_ren_scentree/scenariotree_130/results_27.json,1414,31,55,45.61290322580645,55,2.3636363636363638,15,0.007692307692307693,0.11538461538461539,0.01964524732802057,0.9039033416438645,25.37537537537538
same_ren,130,28,130,30,True,/users/delfos/aina/secoem-VSS/scentree-gen-remote/same_ren_scentree/scenariotree_130/results_28.json,1213,31,57,39.12903225806452,57,2.280701754385965,16,0.007692307692307693,0.12307692307692308,0.02140863057811918,0.885468865232407,22.899728997289966
same_ren,130,29,130,30,True,/users/delfos/aina/secoem-VSS/scentree-gen-remote/same_ren_scentree/scenariotree_130/results_29.json,1564,31,57,50.45161290322581,57,2.280701754385965,12,0.007692307692307693,0.09230769230769231,0.01563589566311497,0.9268576080195491,31.76691729323308
same_ren,130,3,130,30,True,/users/delfos/aina/secoem-VSS/scentree-gen-remote/same_ren_scentree/scenariotree_130/results_3.json,1373,31,56,44.29032258064516,56,2.3214285714285716,12,0.007692307692307693,0.09230769230769231,0.017869817986757602,0.9120189327220256,27.98013245033112
same_ren,130,30,130,30,True,/users/delfos/aina/secoem-VSS/scentree-gen-remote/same_ren_scentree/scenariotree_130/results_30.json,1403,31,60,45.25806451612903,60,2.1666666666666665,23,0.007692307692307693,0.17692307692307693,0.02720245763735628,0.8557674241232197,16.375968992248062
same_ren,130,31,130,30,True,/users/delfos/aina/secoem-VSS/scentree-gen-remote/same_ren_scentree/scenariotree_130/results_31.json,1353,31,53,43.645161290322584,53,2.452830188679245,19,0.007692307692307693,0.14615384615384616,0.02629119734011703,0.8576870239398408,18.017057569296377
same_ren,130,4,130,30,True,/users/delfos/aina/secoem-VSS/scentree-gen-remote/same_ren_scentree/scenariotree_130/results_4.json,1434,31,65,46.25806451612903,65,2.0,15,0.007692307692307693,0.11538461538461539,0.019738850323851673,0.8919625317880578,24.563953488372093
same_ren,130,5,130,30,True,/users/delfos/aina/secoem-VSS/scentree-gen-remote/same_ren_scentree/scenariotree_130/results_5.json,1261,31,49,40.67741935483871,49,2.6530612244897958,14,0.007692307692307693,0.1076923076923077,0.022442940861507752,0.8874835153875299,22.178477690288716
same_ren,130,6,130,30,True,/users/delfos/aina/secoem-VSS/scentree-gen-remote/same_ren_scentree/scenariotree_130/results_6.json,1281,31,52,41.32258064516129,52,2.5,16,0.007692307692307693,0.12307692307692308,0.024948741260573205,0.8693803392343499,19.380733944954127
same_ren,130,7,130,30,True,/users/delfos/aina/secoem-VSS/scentree-gen-remote/same_ren_scentree/scenariotree_130/results_7.json,1246,31,49,40.193548387096776,49,2.6530612244897958,17,0.007692307692307693,0.13076923076923078,0.025750468598358594,0.8689188183963803,18.90380313199105
same_ren,130,8,130,30,True,/users/delfos/aina/secoem-VSS/scentree-gen-remote/same_ren_scentree/scenariotree_130/results_8.json,1355,31,54,43.70967741935484,54,2.4074074074074074,23,0.007692307692307693,0.17692307692307693,0.02973764008127731,0.844758480926947,15.089285714285714
same_ren,130,9,130,30,True,/users/delfos/aina/secoem-VSS/scentree-gen-remote/same_ren_scentree/scenariotree_130/results_9.json,1277,31,55,41.193548387096776,55,2.3636363636363638,14,0.007692307692307693,0.1076923076923077,0.023669030267195728,0.869998120006955,20.410628019323674
same_ren,140,1,140,30,True,/users/delfos/aina/secoem-VSS/scentree-gen-remote/same_ren_scentree/scenariotree_140/results_1.json,1473,31,60,47.516129032258064,60,2.3333333333333335,16,0.007142857142857143,0.11428571428571428,0.01870222560633855,0.9006262829858821,26.558265582655824
same_ren,140,10,140,30,True,/users/delfos/aina/secoem-VSS/scentree-gen-remote/same_ren_scentree/scenariotree_140/results_10.json,1372,31,57,44.25806451612903,57,2.456140350877193,15,0.007142857142857143,0.10714285714285714,0.02094569451175246,0.8859098299592911,23.50119904076739
same_ren,140,11,140,30,True,/users/delfos/aina/secoem-VSS/scentree-gen-remote/same_ren_scentree/scenariotree_140/results_11.json,1239,31,51,39.96774193548387,51,2.7450980392156863,17,0.007142857142857143,0.12142857142857143,0.02366242250077633,0.8773639832616977,20.76271186440678
same_ren,140,12,140,30,True,/users/delfos/aina/secoem-VSS/scentree-gen-remote/same_ren_scentree/scenariotree_140/results_12.json,1481,31,59,47.774193548387096,59,2.3728813559322033,33,0.007142857142857143,0.2357142857142857,0.031778219729798274,0.8308466010266801,13.066666666666666
same_ren,140,13,140,30,True,/users/delfos/aina/secoem-VSS/scentree-gen-remote/same_ren_scentree/scenariotree_140/results_13.json,1448,31,54,46.70967741935484,54,2.5925925925925926,15,0.007142857142857143,0.10714285714285714,0.022525643341172488,0.876125596925215,21.777777777777775
same_ren,140,14,140,30,True,/users/delfos/aina/secoem-VSS/scentree-gen-remote/same_ren_scentree/scenariotree_140/results_14.json,1457,31,61,47.0,61,2.2950819672131146,21,0.007142857142857143,0.15,0.024957114849766312,0.8558325049111036,18.386491557223266
same_ren,140,15,140,30,True,/users/delfos/aina/secoem-VSS/scentree-gen-remote/same_ren_scentree/scenariotree_140/results_15.json,1413,31,54,45.58064516129032,54,2.5925925925925926,17,0.007142857142857143,0.12142857142857143,0.023146258426266705,0.8760305022033187,21.0752688172043
same_ren,140,16,140,30,True,/users/delfos/aina/secoem-VSS/scentree-gen-remote/same_ren_scentree/scenariotree_140/results_16.json,1428,31,58,46.064516129032256,58,2.413793103448276,18,0.007142857142857143,0.12857142857142856,0.024530585353838102,0.8536112006508942,19.17808219178082
same_ren,140,17,140,30,True,/users/delfos/aina/secoem-VSS/scentree-gen-remote/same_ren_scentree/scenariotree_140/results_17.json,1457,31,62,47.0,62,2.2580645161290325,23,0.007142857142857143,0.16428571428571428,0.025235411831806547,0.8669699331839403,17.98165137614679
same_ren,140,18,140,30,True,/users/delfos/aina/secoem-VSS/scentree-gen-remote/same_ren_scentree/scenariotree_140/results_18.json,1387,31,61,44.74193548387097,61,2.2950819672131146,13,0.007142857142857143,0.09285714285714286,0.016681148836004356,0.9109382690944564,29.969418960244646
same_ren,140,19,140,30,True,/users/delfos/aina/secoem-VSS/scentree-gen-remote/same_ren_scentree/scenariotree_140/results_19.json,1543,31,62,49.774193548387096,62,2.2580645161290325,15,0.007142857142857143,0.10714285714285714,0.01876430697834316,0.8965671053166737,26.344086021505372
same_ren,140,2,140,30,True,/users/delfos/aina/secoem-VSS/scentree-gen-remote/same_ren_scentree/scenariotree_140/results_2.json,1413,31,56,45.58064516129032,56,2.5,18,0.007142857142857143,0.12857142857142856,0.02302711040080971,0.8780358183261786,21.03004291845494
same_ren,140,20,140,30,True,/users/delfos/aina/secoem-VSS/scentree-gen-remote/same_ren_scentree/scenariotree_140/results_20.json,1439,31,56,46.41935483870968,56,2.5,14,0.007142857142857143,0.1,0.02024809676835146,0.8913690679193298,24.499999999999996
same_ren,140,21,140,30,True,/users/delfos/aina/secoem-VSS/scentree-gen-remote/same_ren_scentree/scenariotree_140/results_21.json,1558,31,64,50.25806451612903,64,2.1875,16,0.007142857142857143,0.11428571428571428,0.021386677798220507,0.875986626848525,22.27272727272727
same_ren,140,22,140,30,True,/users/delfos/aina/secoem-VSS/scentree-gen-remote/same_ren_scentree/scenariotree_140/results_22.json,1389,31,55,44.806451612903224,55,2.5454545454545454,33,0.007142857142857143,0.2357142857142857,0.03299570393743507,0.8265004507236612,12.810457516339868
same_ren,140,23,140,30,True,/users/delfos/aina/secoem-VSS/scentree-gen-remote/same_ren_scentree/scenariotree_140/results_23.json,1437,31,57,46.354838709677416,57,2.456140350877193,17,0.007142857142857143,0.12142857142857143,0.02298328972504558,0.8769325744196442,20.985010706638114
same_ren,140,24,140,30,True,/users/delfos/aina/secoem-VSS/scentree-gen-remote/same_ren_scentree/scenariotree_140/results_24.json,1376,31,58,44.38709677419355,58,2.413793103448276,18,0.007142857142857143,0.12857142857142856,0.022936840841030176,0.8785113201402035,20.940170940170937
same_ren,140,25,140,30,True,/users/delfos/aina/secoem-VSS/scentree-gen-remote/same_ren_scentree/scenariotree_140/results_25.json,1446,31,60,46.645161290322584,60,2.3333333333333335,33,0.007142857142857143,0.2357142857142857,0.032279252057299666,0.8221515353879489,12.628865979381443
same_ren,140,26,140,30,True,/users/delfos/aina/secoem-VSS/scentree-gen-remote/same_ren_scentree/scenariotree_140/results_26.json,1319,31,58,42.54838709677419,58,2.413793103448276,25,0.007142857142857143,0.17857142857142858,0.02639608183899223,0.8634071169793738,17.345132743362832
same_ren,140,27,140,30,True,/users/delfos/aina/secoem-VSS/scentree-gen-remote/same_ren_scentree/scenariotree_140/results_27.json,1423,31,55,45.903225806451616,55,2.5454545454545454,12,0.007142857142857143,0.08571428571428572,0.019730004171255006,0.8945192145850915,25.25773195876288
same_ren,140,28,140,30,True,/users/delfos/aina/secoem-VSS/scentree-gen-remote/same_ren_scentree/scenariotree_140/results_28.json,1278,31,52,41.225806451612904,52,2.6923076923076925,33,0.007142857142857143,0.2357142857142857,0.035119734127039844,0.8223142990077522,11.995104039167687
same_ren,140,29,140,30,True,/users/delfos/aina/secoem-VSS/scentree-gen-remote/same_ren_scentree/scenariotree_140/results_29.json,1395,31,61,45.0,61,2.2950819672131146,18,0.007142857142857143,0.12857142857142856,0.023400460883928425,0.8661154432106125,20.081967213114755
same_ren,140,3,140,30,True,/users/delfos/aina/secoem-VSS/scentree-gen-remote/same_ren_scentree/scenariotree_140/results_3.json,1385,31,56,44.67741935483871,56,2.5,15,0.007142857142857143,0.10714285714285714,0.02172415189392221,0.8815041038098207,22.58064516129032
same_ren,140,30,140,30,True,/users/delfos/aina/secoem-VSS/scentree-gen-remote/same_ren_scentree/scenariotree_140/results_30.json,1296,31,61,41.806451612903224,61,2.2950819672131146,27,0.007142857142857143,0.19285714285714287,0.027446967091119084,0.8475199389541467,16.0392798690671
same_ren,140,31,140,30,True,/users/delfos/aina/secoem-VSS/scentree-gen-remote/same_ren_scentree/scenariotree_140/results_31.json,1715,31,63,55.32258064516129,63,2.2222222222222223,23,0.007142857142857143,0.16428571428571428,0.026281365004361158,0.8413957292374782,16.838487972508588
same_ren,140,4,140,30,True,/users/delfos/aina/secoem-VSS/scentree-gen-remote/same_ren_scentree/scenariotree_140/results_4.json,1362,31,53,43.935483870967744,53,2.641509433962264,21,0.007142857142857143,0.15,0.025094904177482228,0.8735815839631896,19.140625
same_ren,140,5,140,30,True,/users/delfos/aina/secoem-VSS/scentree-gen-remote/same_ren_scentree/scenariotree_140/results_5.json,1483,31,56,47.83870967741935,56,2.5,14,0.007142857142857143,0.1,0.02205710849103805,0.877920241316098,22.171945701357462
same_ren,140,6,140,30,True,/users/delfos/aina/secoem-VSS/scentree-gen-remote/same_ren_scentree/scenariotree_140/results_6.json,1489,31,61,48.03225806451613,61,2.2950819672131146,18,0.007142857142857143,0.12857142857142856,0.023076532823876117,0.873140085966587,20.45929018789144
same_ren,140,7,140,30,True,/users/delfos/aina/secoem-VSS/scentree-gen-remote/same_ren_scentree/scenariotree_140/results_7.json,1479,31,66,47.70967741935484,66,2.121212121212121,17,0.007142857142857143,0.12142857142857143,0.01956211866267533,0.8888910697281708,24.747474747474747
same_ren,140,8,140,30,True,/users/delfos/aina/secoem-VSS/scentree-gen-remote/same_ren_scentree/scenariotree_140/results_8.json,1329,31,54,42.87096774193548,54,2.5925925925925926,23,0.007142857142857143,0.16428571428571428,0.027303843063366497,0.8496923427104268,17.01388888888889
same_ren,140,9,140,30,True,/users/delfos/aina/secoem-VSS/scentree-gen-remote/same_ren_scentree/scenariotree_140/results_9.json,1594,31,64,51.41935483870968,64,2.1875,27,0.007142857142857143,0.19285714285714287,0.025249867397105843,0.8654660867887065,17.721518987341767
same_ren,150,1,150,30,True,/users/delfos/aina/secoem-VSS/scentree-gen-remote/same_ren_scentree/scenariotree_150/results_1.json,1401,31,59,45.193548387096776,59,2.542372881355932,16,0.006666666666666667,0.10666666666666667,0.022002295168697256,0.876660050330145,21.97265625
same_ren,150,10,150,30,True,/users/delfos/aina/secoem-VSS/scentree-gen-remote/same_ren_scentree/scenariotree_150/results_10.json,1788,31,65,57.67741935483871,65,2.3076923076923075,19,0.006666666666666667,0.12666666666666668,0.019669858999423438,0.8927424223367026,24.67105263157894
same_ren,150,11,150,30,True,/users/delfos/aina/secoem-VSS/scentree-gen-remote/same_ren_scentree/scenariotree_150/results_11.json,1302,31,51,42.0,51,2.9411764705882355,22,0.006666666666666667,0.14666666666666667,0.030001067946303996,0.8304461081514565,15.26458616010855
same_ren,150,12,150,30,True,/users/delfos/aina/secoem-VSS/scentree-gen-remote/same_ren_scentree/scenariotree_150/results_12.json,1591,31,61,51.32258064516129,61,2.459016393442623,22,0.006666666666666667,0.14666666666666667,0.022569827546322807,0.8723156282931057,21.06741573033708
same_ren,150,13,150,30,True,/users/delfos/aina/secoem-VSS/scentree-gen-remote/same_ren_scentree/scenariotree_150/results_13.json,1276,31,48,41.16129032258065,48,3.125,16,0.006666666666666667,0.10666666666666667,0.02544511158756636,0.8665239265310652,19.263698630136986
same_ren,150,14,150,30,True,/users/delfos/aina/secoem-VSS/scentree-gen-remote/same_ren_scentree/scenariotree_150/results_14.json,1393,31,59,44.935483870967744,59,2.542372881355932,10,0.006666666666666667,0.06666666666666667,0.015148830209643593,0.9205176324057739,32.79883381924198
same_ren,150,15,150,30,True,/users/delfos/aina/secoem-VSS/scentree-gen-remote/same_ren_scentree/scenariotree_150/results_15.json,1538,31,57,49.61290322580645,57,2.6315789473684212,34,0.006666666666666667,0.22666666666666666,0.03148393764671892,0.8317901762426676,13.505402160864346
same_ren,150,16,150,30,True,/users/delfos/aina/secoem-VSS/scentree-gen-remote/same_ren_scentree/scenariotree_150/results_16.json,1453,31,66,46.87096774193548,66,2.272727272727273,16,0.006666666666666667,0.10666666666666667,0.016839326047817946,0.9022706898334804,29.527559055118108
same_ren,150,17,150,30,True,/users/delfos/aina/secoem-VSS/scentree-gen-remote/same_ren_scentree/scenariotree_150/results_17.json,1405,31,57,45.32258064516129,57,2.6315789473684212,21,0.006666666666666667,0.14,0.0268598725740416,0.8348365426112889,17.045454545454547
same_ren,150,18,150,30,True,/users/delfos/aina/secoem-VSS/scentree-gen-remote/same_ren_scentree/scenariotree_150/results_18.json,1468,31,64,47.354838709677416,64,2.34375,22,0.006666666666666667,0.14666666666666667,0.022086281249781372,0.8759811267139714,21.3472485768501
same_ren,150,19,150,30,True,/users/delfos/aina/secoem-VSS/scentree-gen-remote/same_ren_scentree/scenariotree_150/results_19.json,1686,31,70,54.38709677419355,70,2.142857142857143,27,0.006666666666666667,0.18,0.0254055540555751,0.8434236602749811,16.816143497757846
same_ren,150,2,150,30,True,/users/delfos/aina/secoem-VSS/scentree-gen-remote/same_ren_scentree/scenariotree_150/results_2.json,1487,31,66,47.96774193548387,66,2.272727272727273,34,0.006666666666666667,0.22666666666666666,0.03204679773673281,0.8032791892358634,12.057877813504824
same_ren,150,20,150,30,True,/users/delfos/aina/secoem-VSS/scentree-gen-remote/same_ren_scentree/scenariotree_150/results_20.json,1549,31,59,49.96774193548387,59,2.542372881355932,22,0.006666666666666667,0.14666666666666667,0.023299314471403893,0.8695334689575535,20.41742286751361
same_ren,150,21,150,30,True,/users/delfos/aina/secoem-VSS/scentree-gen-remote/same_ren_scentree/scenariotree_150/results_21.json,1491,31,58,48.096774193548384,58,2.586206896551724,20,0.006666666666666667,0.13333333333333333,0.024069964519442787,0.867720448478782,19.667832167832163
same_ren,150,22,150,30,True,/users/delfos/aina/secoem-VSS/scentree-gen-remote/same_ren_scentree/scenariotree_150/results_22.json,1227,31,51,39.58064516129032,51,2.9411764705882355,21,0.006666666666666667,0.14,0.02878548910353344,0.8403907068851776,16.163793103448274
same_ren,150,23,150,30,True,/users/delfos/aina/secoem-VSS/scentree-gen-remote/same_ren_scentree/scenariotree_150/results_23.json,1066,31,51,34.38709677419355,51,2.9411764705882355,34,0.006666666666666667,0.22666666666666666,0.032187137032315405,0.8485248528498387,13.803680981595093
same_ren,150,24,150,30,True,/users/delfos/aina/secoem-VSS/scentree-gen-remote/same_ren_scentree/scenariotree_150/results_24.json,1713,31,67,55.25806451612903,67,2.2388059701492535,34,0.006666666666666667,0.22666666666666666,0.030126093266594278,0.8213263109496401,13.204225352112676
same_ren,150,25,150,30,True,/users/delfos/aina/secoem-VSS/scentree-gen-remote/same_ren_scentree/scenariotree_150/results_25.json,1436,31,55,46.32258064516129,55,2.727272727272727,18,0.006666666666666667,0.12,0.020595362641885682,0.8906743228356998,24.089935760171304
same_ren,150,26,150,30,True,/users/delfos/aina/secoem-VSS/scentree-gen-remote/same_ren_scentree/scenariotree_150/results_26.json,1301,31,55,41.96774193548387,55,2.727272727272727,19,0.006666666666666667,0.12666666666666668,0.025376503741626043,0.8551400269821179,18.656716417910445
same_ren,150,27,150,30,True,/users/delfos/aina/secoem-VSS/scentree-gen-remote/same_ren_scentree/scenariotree_150/results_27.json,1279,31,57,41.25806451612903,57,2.6315789473684212,21,0.006666666666666667,0.14,0.024363446205925683,0.8627648993782225,19.4636678200692
same_ren,150,28,150,30,True,/users/delfos/aina/secoem-VSS/scentree-gen-remote/same_ren_scentree/scenariotree_150/results_28.json,1202,31,55,38.774193548387096,55,2.727272727272727,21,0.006666666666666667,0.14,0.02486178505840187,0.8583260807779142,19.165247018739354
same_ren,150,29,150,30,True,/users/delfos/aina/secoem-VSS/scentree-gen-remote/same_ren_scentree/scenariotree_150/results_29.json,1419,31,58,45.774193548387096,58,2.586206896551724,18,0.006666666666666667,0.12,0.023359082106783415,0.864019856778014,20.454545454545453
same_ren,150,3,150,30,True,/users/delfos/aina/secoem-VSS/scentree-gen-remote/same_ren_scentree/scenariotree_150/results_3.json,1476,31,63,47.61290322580645,63,2.380952380952381,15,0.006666666666666667,0.1,0.01681640969923686,0.9112208319783762,29.683377308707126
same_ren,150,30,150,30,True,/users/delfos/aina/secoem-VSS/scentree-gen-remote/same_ren_scentree/scenariotree_150/results_30.json,1531,31,60,49.38709677419355,60,2.5,17,0.006666666666666667,0.11333333333333333,0.020958512811248303,0.8783557773244275,23.243801652892564
same_ren,150,31,150,30,True,/users/delfos/aina/secoem-VSS/scentree-gen-remote/same_ren_scentree/scenariotree_150/results_31.json,1476,31,58,47.61290322580645,58,2.586206896551724,12,0.006666666666666667,0.08,0.016095237760197053,0.9189571778156632,30.991735537190078
same_ren,150,4,150,30,True,/users/delfos/aina/secoem-VSS/scentree-gen-remote/same_ren_scentree/scenariotree_150/results_4.json,1440,31,61,46.45161290322581,61,2.459016393442623,22,0.006666666666666667,0.14666666666666667,0.024099785591615252,0.8647484973359674,19.2967409948542
same_ren,150,5,150,30,True,/users/delfos/aina/secoem-VSS/scentree-gen-remote/same_ren_scentree/scenariotree_150/results_5.json,1418,31,58,45.74193548387097,58,2.586206896551724,18,0.006666666666666667,0.12,0.022727251107978044,0.8726629794513413,21.1864406779661
same_ren,150,6,150,30,True,/users/delfos/aina/secoem-VSS/scentree-gen-remote/same_ren_scentree/scenariotree_150/results_6.json,1618,31,67,52.193548387096776,67,2.2388059701492535,30,0.006666666666666667,0.2,0.027549793358232922,0.8332919098286488,15.202702702702705
same_ren,150,7,150,30,True,/users/delfos/aina/secoem-VSS/scentree-gen-remote/same_ren_scentree/scenariotree_150/results_7.json,1437,31,59,46.354838709677416,59,2.542372881355932,20,0.006666666666666667,0.13333333333333333,0.01976593862659424,0.8979104451104738,24.999999999999996
same_ren,150,8,150,30,True,/users/delfos/aina/secoem-VSS/scentree-gen-remote/same_ren_scentree/scenariotree_150/results_8.json,1216,31,51,39.225806451612904,51,2.9411764705882355,34,0.006666666666666667,0.22666666666666666,0.031969805054413825,0.8478263107917431,13.940520446096656
same_ren,150,9,150,30,True,/users/delfos/aina/secoem-VSS/scentree-gen-remote/same_ren_scentree/scenariotree_150/results_9.json,1443,31,65,46.54838709677419,65,2.3076923076923075,18,0.006666666666666667,0.12,0.02159211875600536,0.8687510623542744,21.88715953307393
same_ren,160,1,160,30,True,/users/delfos/aina/secoem-VSS/scentree-gen-remote/same_ren_scentree/scenariotree_160/results_1.json,1618,31,59,52.193548387096776,59,2.711864406779661,33,0.00625,0.20625,0.031786722379333145,0.8091351766143268,13.06122448979592
same_ren,160,10,160,30,True,/users/delfos/aina/secoem-VSS/scentree-gen-remote/same_ren_scentree/scenariotree_160/results_10.json,1737,31,74,56.03225806451613,74,2.1621621621621623,33,0.00625,0.20625,0.02601461036648613,0.8397096488216743,15.724815724815723
same_ren,160,11,160,30,True,/users/delfos/aina/secoem-VSS/scentree-gen-remote/same_ren_scentree/scenariotree_160/results_11.json,1481,31,62,47.774193548387096,62,2.5806451612903225,23,0.00625,0.14375,0.022882842474409443,0.8656260922015434,20.578778135048235
same_ren,160,12,160,30,True,/users/delfos/aina/secoem-VSS/scentree-gen-remote/same_ren_scentree/scenariotree_160/results_12.json,1554,31,68,50.12903225806452,68,2.3529411764705883,17,0.00625,0.10625,0.019016630742844234,0.8837587918836058,25.447316103379723
same_ren,160,13,160,30,True,/users/delfos/aina/secoem-VSS/scentree-gen-remote/same_ren_scentree/scenariotree_160/results_13.json,1635,31,65,52.74193548387097,65,2.4615384615384617,32,0.00625,0.2,0.027930995910356984,0.8353346373072751,15.130023640661937
same_ren,160,14,160,30,True,/users/delfos/aina/secoem-VSS/scentree-gen-remote/same_ren_scentree/scenariotree_160/results_14.json,1689,31,66,54.483870967741936,66,2.4242424242424243,26,0.00625,0.1625,0.026383602244600447,0.8288437873069884,16.36828644501279
same_ren,160,15,160,30,True,/users/delfos/aina/secoem-VSS/scentree-gen-remote/same_ren_scentree/scenariotree_160/results_15.json,1682,31,68,54.25806451612903,68,2.3529411764705883,28,0.00625,0.175,0.02450719961654091,0.8448399725493585,18.002812939521803
same_ren,160,16,160,30,True,/users/delfos/aina/secoem-VSS/scentree-gen-remote/same_ren_scentree/scenariotree_160/results_16.json,1517,31,67,48.935483870967744,67,2.388059701492537,19,0.00625,0.11875,0.019968352522747364,0.8746575567898696,24.015009380863038
same_ren,160,17,160,30,True,/users/delfos/aina/secoem-VSS/scentree-gen-remote/same_ren_scentree/scenariotree_160/results_17.json,1436,31,58,46.32258064516129,58,2.7586206896551726,43,0.00625,0.26875,0.03613370064407234,0.802922197189279,10.756302521008404
same_ren,160,18,160,30,True,/users/delfos/aina/secoem-VSS/scentree-gen-remote/same_ren_scentree/scenariotree_160/results_18.json,1512,31,63,48.774193548387096,63,2.5396825396825395,12,0.00625,0.075,0.016169113279269315,0.9084405456986565,30.917874396135268
same_ren,160,19,160,30,True,/users/delfos/aina/secoem-VSS/scentree-gen-remote/same_ren_scentree/scenariotree_160/results_19.json,1425,31,64,45.96774193548387,64,2.5,13,0.00625,0.08125,0.016792332234534905,0.9028026663111403,29.6983758700696
same_ren,160,2,160,30,True,/users/delfos/aina/secoem-VSS/scentree-gen-remote/same_ren_scentree/scenariotree_160/results_2.json,1304,31,63,42.064516129032256,63,2.5396825396825395,18,0.00625,0.1125,0.024265637774820503,0.8438398643312656,18.879056047197643
same_ren,160,20,160,30,True,/users/delfos/aina/secoem-VSS/scentree-gen-remote/same_ren_scentree/scenariotree_160/results_20.json,1686,31,67,54.38709677419355,67,2.388059701492537,33,0.00625,0.20625,0.02947288834248911,0.8170446031000486,13.675213675213673
same_ren,160,21,160,30,True,/users/delfos/aina/secoem-VSS/scentree-gen-remote/same_ren_scentree/scenariotree_160/results_21.json,1417,31,71,45.70967741935484,71,2.2535211267605635,33,0.00625,0.20625,0.026028963541924823,0.841912774368006,16.080402010050253
same_ren,160,22,160,30,True,/users/delfos/aina/secoem-VSS/scentree-gen-remote/same_ren_scentree/scenariotree_160/results_22.json,1829,31,78,59.0,78,2.051282051282051,20,0.00625,0.125,0.020187855634554917,0.864069421032676,22.4168126094571
same_ren,160,23,160,30,True,/users/delfos/aina/secoem-VSS/scentree-gen-remote/same_ren_scentree/scenariotree_160/results_23.json,1560,31,68,50.32258064516129,68,2.3529411764705883,23,0.00625,0.14375,0.020750085983896556,0.8732074331915175,22.735346358792185
same_ren,160,24,160,30,True,/users/delfos/aina/secoem-VSS/scentree-gen-remote/same_ren_scentree/scenariotree_160/results_24.json,1513,31,63,48.806451612903224,63,2.5396825396825395,20,0.00625,0.125,0.01879377815272161,0.8968925360361599,26.229508196721312
same_ren,160,25,160,30,True,/users/delfos/aina/secoem-VSS/scentree-gen-remote/same_ren_scentree/scenariotree_160/results_25.json,1699,31,67,54.806451612903224,67,2.388059701492537,20,0.00625,0.125,0.019703824488855874,0.8829153647677206,24.427480916030536
same_ren,160,26,160,30,True,/users/delfos/aina/secoem-VSS/scentree-gen-remote/same_ren_scentree/scenariotree_160/results_26.json,1540,31,66,49.67741935483871,66,2.4242424242424243,22,0.00625,0.1375,0.024011237851449086,0.8517708289972501,18.795888399412625
same_ren,160,27,160,30,True,/users/delfos/aina/secoem-VSS/scentree-gen-remote/same_ren_scentree/scenariotree_160/results_27.json,1583,31,69,51.064516129032256,69,2.318840579710145,43,0.00625,0.26875,0.03372437220799457,0.7961598700218374,10.756302521008402
same_ren,160,28,160,30,True,/users/delfos/aina/secoem-VSS/scentree-gen-remote/same_ren_scentree/scenariotree_160/results_28.json,1411,31,63,45.516129032258064,63,2.5396825396825395,29,0.00625,0.18125,0.02546261938887288,0.8582714404123909,17.630853994490362
same_ren,160,29,160,30,True,/users/delfos/aina/secoem-VSS/scentree-gen-remote/same_ren_scentree/scenariotree_160/results_29.json,1401,31,68,45.193548387096776,68,2.3529411764705883,14,0.00625,0.0875,0.017208867262453603,0.8934575718701457,28.69955156950673
same_ren,160,3,160,30,True,/users/delfos/aina/secoem-VSS/scentree-gen-remote/same_ren_scentree/scenariotree_160/results_3.json,1737,31,71,56.03225806451613,71,2.2535211267605635,23,0.00625,0.14375,0.0212587572536181,0.8653038940867352,21.65820642978004
same_ren,160,30,160,30,True,/users/delfos/aina/secoem-VSS/scentree-gen-remote/same_ren_scentree/scenariotree_160/results_30.json,1314,31,67,42.38709677419355,67,2.388059701492537,15,0.00625,0.09375,0.015646635166225033,0.9083700122595919,31.920199501246884
same_ren,160,31,160,30,True,/users/delfos/aina/secoem-VSS/scentree-gen-remote/same_ren_scentree/scenariotree_160/results_31.json,1694,31,69,54.645161290322584,69,2.318840579710145,33,0.00625,0.20625,0.029111478979254698,0.8161315155504572,13.704496788008568
same_ren,160,4,160,30,True,/users/delfos/aina/secoem-VSS/scentree-gen-remote/same_ren_scentree/scenariotree_160/results_4.json,1254,31,57,40.45161290322581,57,2.807017543859649,33,0.00625,0.20625,0.028782842522926743,0.8465365947258678,15.440289505428229
same_ren,160,5,160,30,True,/users/delfos/aina/secoem-VSS/scentree-gen-remote/same_ren_scentree/scenariotree_160/results_5.json,1507,31,73,48.61290322580645,73,2.191780821917808,21,0.00625,0.13125,0.01898137871308359,0.8791759918927743,25.0
same_ren,160,6,160,30,True,/users/delfos/aina/secoem-VSS/scentree-gen-remote/same_ren_scentree/scenariotree_160/results_6.json,1564,31,62,50.45161290322581,62,2.5806451612903225,15,0.00625,0.09375,0.0191011601327855,0.8876061222714697,25.80645161290323
same_ren,160,7,160,30,True,/users/delfos/aina/secoem-VSS/scentree-gen-remote/same_ren_scentree/scenariotree_160/results_7.json,1606,31,69,51.806451612903224,69,2.318840579710145,22,0.00625,0.1375,0.021321086173222162,0.862825885007256,21.80579216354344
same_ren,160,8,160,30,True,/users/delfos/aina/secoem-VSS/scentree-gen-remote/same_ren_scentree/scenariotree_160/results_8.json,1340,31,66,43.225806451612904,66,2.4242424242424243,23,0.00625,0.14375,0.025025096448361,0.8400807157019304,17.704011065006917
same_ren,160,9,160,30,True,/users/delfos/aina/secoem-VSS/scentree-gen-remote/same_ren_scentree/scenariotree_160/results_9.json,1521,31,69,49.064516129032256,69,2.318840579710145,33,0.00625,0.20625,0.028182665392922707,0.8182248531072625,14.43066516347238
same_ren,170,1,170,30,True,/users/delfos/aina/secoem-VSS/scentree-gen-remote/same_ren_scentree/scenariotree_170/results_1.json,1691,31,73,54.54838709677419,73,2.328767123287671,33,0.0058823529411764705,0.19411764705882353,0.029064098189922342,0.8085156546581289,13.269054178145087
same_ren,170,10,170,30,True,/users/delfos/aina/secoem-VSS/scentree-gen-remote/same_ren_scentree/scenariotree_170/results_10.json,1579,31,72,50.935483870967744,72,2.361111111111111,26,0.0058823529411764705,0.15294117647058825,0.02369844422538993,0.8504034210608046,18.40764331210191
same_ren,170,11,170,30,True,/users/delfos/aina/secoem-VSS/scentree-gen-remote/same_ren_scentree/scenariotree_170/results_11.json,1553,31,73,50.096774193548384,73,2.328767123287671,28,0.0058823529411764705,0.16470588235294117,0.021685501603136478,0.8694413547328298,20.821325648414987
same_ren,170,12,170,30,True,/users/delfos/aina/secoem-VSS/scentree-gen-remote/same_ren_scentree/scenariotree_170/results_12.json,1618,31,68,52.193548387096776,68,2.5,40,0.0058823529411764705,0.23529411764705882,0.03558844976914984,0.7723865313159144,9.917638984214136
same_ren,170,13,170,30,True,/users/delfos/aina/secoem-VSS/scentree-gen-remote/same_ren_scentree/scenariotree_170/results_13.json,1744,31,82,56.25806451612903,82,2.073170731707317,15,0.0058823529411764705,0.08823529411764706,0.01670817794473198,0.8825527164042856,28.500986193293887
same_ren,170,14,170,30,True,/users/delfos/aina/secoem-VSS/scentree-gen-remote/same_ren_scentree/scenariotree_170/results_14.json,1732,31,76,55.87096774193548,76,2.236842105263158,28,0.0058823529411764705,0.16470588235294117,0.0232543602664328,0.8456577623699179,18.431122448979597
same_ren,170,15,170,30,True,/users/delfos/aina/secoem-VSS/scentree-gen-remote/same_ren_scentree/scenariotree_170/results_15.json,1945,31,79,62.74193548387097,79,2.151898734177215,43,0.0058823529411764705,0.2529411764705882,0.029569030145978083,0.8165329528456546,12.235393734123624
same_ren,170,16,170,30,True,/users/delfos/aina/secoem-VSS/scentree-gen-remote/same_ren_scentree/scenariotree_170/results_16.json,1628,31,82,52.516129032258064,82,2.073170731707317,40,0.0058823529411764705,0.23529411764705882,0.027876433150532662,0.8135200832630066,13.172288058340929
same_ren,170,17,170,30,True,/users/delfos/aina/secoem-VSS/scentree-gen-remote/same_ren_scentree/scenariotree_170/results_17.json,1434,31,71,46.25806451612903,71,2.3943661971830985,25,0.0058823529411764705,0.14705882352941177,0.018692555768314658,0.8958787810664348,25.711743772242002
same_ren,170,18,170,30,True,/users/delfos/aina/secoem-VSS/scentree-gen-remote/same_ren_scentree/scenariotree_170/results_18.json,1436,31,67,46.32258064516129,67,2.537313432835821,22,0.0058823529411764705,0.12941176470588237,0.020181696945664067,0.8736431948589385,23.688524590163937
same_ren,170,19,170,30,True,/users/delfos/aina/secoem-VSS/scentree-gen-remote/same_ren_scentree/scenariotree_170/results_19.json,1767,31,91,57.0,91,1.8681318681318682,40,0.0058823529411764705,0.23529411764705882,0.025606581498023098,0.8268555126144137,14.152791380999018
same_ren,170,2,170,30,True,/users/delfos/aina/secoem-VSS/scentree-gen-remote/same_ren_scentree/scenariotree_170/results_2.json,1794,31,76,57.87096774193548,76,2.236842105263158,16,0.0058823529411764705,0.09411764705882353,0.01759197856799611,0.8805222468845931,27.26415094339623
same_ren,170,20,170,30,True,/users/delfos/aina/secoem-VSS/scentree-gen-remote/same_ren_scentree/scenariotree_170/results_20.json,1762,31,73,56.83870967741935,73,2.328767123287671,23,0.0058823529411764705,0.13529411764705881,0.021553954794097704,0.8526814964625997,21.002906976744185
same_ren,170,21,170,30,True,/users/delfos/aina/secoem-VSS/scentree-gen-remote/same_ren_scentree/scenariotree_170/results_21.json,1691,31,75,54.54838709677419,75,2.2666666666666666,33,0.0058823529411764705,0.19411764705882353,0.02324005080788871,0.8619658224880458,18.573264781491
same_ren,170,22,170,30,True,/users/delfos/aina/secoem-VSS/scentree-gen-remote/same_ren_scentree/scenariotree_170/results_22.json,1635,31,77,52.74193548387097,77,2.207792207792208,16,0.0058823529411764705,0.09411764705882353,0.019734854643201943,0.8542697154171176,23.26892109500806
same_ren,170,23,170,30,True,/users/delfos/aina/secoem-VSS/scentree-gen-remote/same_ren_scentree/scenariotree_170/results_23.json,1850,31,80,59.67741935483871,80,2.125,23,0.0058823529411764705,0.13529411764705881,0.01909217760431587,0.8727876404526829,24.003322259136215
same_ren,170,24,170,30,True,/users/delfos/aina/secoem-VSS/scentree-gen-remote/same_ren_scentree/scenariotree_170/results_24.json,1360,31,63,43.87096774193548,63,2.6984126984126986,15,0.0058823529411764705,0.08823529411764706,0.016757371260212987,0.9045839494802005,29.793814432989695
same_ren,170,25,170,30,True,/users/delfos/aina/secoem-VSS/scentree-gen-remote/same_ren_scentree/scenariotree_170/results_25.json,1476,31,72,47.61290322580645,72,2.361111111111111,21,0.0058823529411764705,0.12352941176470589,0.017655378092299272,0.8889816986852312,27.523809523809522
same_ren,170,26,170,30,True,/users/delfos/aina/secoem-VSS/scentree-gen-remote/same_ren_scentree/scenariotree_170/results_26.json,1550,31,66,50.0,66,2.5757575757575757,26,0.0058823529411764705,0.15294117647058825,0.026644518813134555,0.823904738203182,16.127232142857142
same_ren,170,27,170,30,True,/users/delfos/aina/secoem-VSS/scentree-gen-remote/same_ren_scentree/scenariotree_170/results_27.json,1588,31,79,51.225806451612904,79,2.151898734177215,15,0.0058823529411764705,0.08823529411764706,0.014350542614024245,0.9068154820362672,34.56937799043063
same_ren,170,28,170,30,True,/users/delfos/aina/secoem-VSS/scentree-gen-remote/same_ren_scentree/scenariotree_170/results_28.json,1807,31,78,58.29032258064516,78,2.1794871794871793,33,0.0058823529411764705,0.19411764705882353,0.026369735641572082,0.8234972173943257,14.912280701754376
same_ren,170,29,170,30,True,/users/delfos/aina/secoem-VSS/scentree-gen-remote/same_ren_scentree/scenariotree_170/results_29.json,1740,31,68,56.12903225806452,68,2.5,22,0.0058823529411764705,0.12941176470588237,0.020439402726060436,0.8717662260950887,23.19422150882825
same_ren,170,3,170,30,True,/users/delfos/aina/secoem-VSS/scentree-gen-remote/same_ren_scentree/scenariotree_170/results_3.json,1643,31,71,53.0,71,2.3943661971830985,36,0.0058823529411764705,0.21176470588235294,0.02651848512556623,0.8482118498045741,15.621621621621623
same_ren,170,30,170,30,True,/users/delfos/aina/secoem-VSS/scentree-gen-remote/same_ren_scentree/scenariotree_170/results_30.json,1438,31,66,46.38709677419355,66,2.5757575757575757,28,0.0058823529411764705,0.16470588235294117,0.02229518304991739,0.8706927894932978,20.851370851370852
same_ren,170,31,170,30,True,/users/delfos/aina/secoem-VSS/scentree-gen-remote/same_ren_scentree/scenariotree_170/results_31.json,1677,31,77,54.096774193548384,77,2.207792207792208,17,0.0058823529411764705,0.1,0.016070041228390092,0.8930223432623382,30.42105263157895
same_ren,170,4,170,30,True,/users/delfos/aina/secoem-VSS/scentree-gen-remote/same_ren_scentree/scenariotree_170/results_4.json,1461,31,66,47.12903225806452,66,2.5757575757575757,23,0.0058823529411764705,0.13529411764705881,0.022944161012055736,0.8541655172678714,20.041608876560336
same_ren,170,5,170,30,True,/users/delfos/aina/secoem-VSS/scentree-gen-remote/same_ren_scentree/scenariotree_170/results_5.json,1627,31,67,52.483870967741936,67,2.537313432835821,20,0.0058823529411764705,0.11764705882352941,0.021180576087471148,0.8670061259153987,22.230769230769234
same_ren,170,6,170,30,True,/users/delfos/aina/secoem-VSS/scentree-gen-remote/same_ren_scentree/scenariotree_170/results_6.json,1539,31,68,49.645161290322584,68,2.5,40,0.0058823529411764705,0.23529411764705882,0.03077299801578824,0.81688712964882,12.6421697287839
same_ren,170,7,170,30,True,/users/delfos/aina/secoem-VSS/scentree-gen-remote/same_ren_scentree/scenariotree_170/results_7.json,1683,31,68,54.29032258064516,68,2.5,23,0.0058823529411764705,0.13529411764705881,0.023648057270319035,0.8494096038931919,18.963254593175854
same_ren,170,8,170,30,True,/users/delfos/aina/secoem-VSS/scentree-gen-remote/same_ren_scentree/scenariotree_170/results_8.json,1396,31,68,45.03225806451613,68,2.5,29,0.0058823529411764705,0.17058823529411765,0.027396345366977708,0.8233636615767775,15.210526315789473
same_ren,170,9,170,30,True,/users/delfos/aina/secoem-VSS/scentree-gen-remote/same_ren_scentree/scenariotree_170/results_9.json,1820,31,78,58.70967741935484,78,2.1794871794871793,21,0.0058823529411764705,0.12352941176470589,0.01873810721505797,0.880123140004901,24.870912220309812
same_ren,180,1,180,30,True,/users/delfos/aina/secoem-VSS/scentree-gen-remote/same_ren_scentree/scenariotree_180/results_1.json,1760,31,69,56.774193548387096,69,2.608695652173913,26,0.005555555555555556,0.14444444444444443,0.022605736349259713,0.8559980096467633,20.099255583126546
same_ren,180,10,180,30,True,/users/delfos/aina/secoem-VSS/scentree-gen-remote/same_ren_scentree/scenariotree_180/results_10.json,1852,31,69,59.74193548387097,69,2.608695652173913,25,0.005555555555555556,0.1388888888888889,0.02280275115208879,0.842575474693473,19.852941176470587
same_ren,180,11,180,30,True,/users/delfos/aina/secoem-VSS/scentree-gen-remote/same_ren_scentree/scenariotree_180/results_11.json,1769,31,68,57.064516129032256,68,2.6470588235294117,37,0.005555555555555556,0.20555555555555555,0.028308086693105163,0.8166141590243569,14.451382694023197
same_ren,180,12,180,30,True,/users/delfos/aina/secoem-VSS/scentree-gen-remote/same_ren_scentree/scenariotree_180/results_12.json,1782,31,69,57.483870967741936,69,2.608695652173913,32,0.005555555555555556,0.17777777777777778,0.02422935289463839,0.8485398667262992,18.181818181818176
same_ren,180,13,180,30,True,/users/delfos/aina/secoem-VSS/scentree-gen-remote/same_ren_scentree/scenariotree_180/results_13.json,1861,31,74,60.03225806451613,74,2.4324324324324325,25,0.005555555555555556,0.1388888888888889,0.022484953651459368,0.8458012253595333,19.636363636363633
same_ren,180,14,180,30,True,/users/delfos/aina/secoem-VSS/scentree-gen-remote/same_ren_scentree/scenariotree_180/results_14.json,1770,31,71,57.096774193548384,71,2.535211267605634,19,0.005555555555555556,0.10555555555555556,0.01864453439396579,0.8733494532904499,25.79617834394904
same_ren,180,15,180,30,True,/users/delfos/aina/secoem-VSS/scentree-gen-remote/same_ren_scentree/scenariotree_180/results_15.json,1674,31,65,54.0,65,2.769230769230769,26,0.005555555555555556,0.14444444444444443,0.024668153315661214,0.8396738114816916,18.202247191011235
same_ren,180,16,180,30,True,/users/delfos/aina/secoem-VSS/scentree-gen-remote/same_ren_scentree/scenariotree_180/results_16.json,1733,31,74,55.903225806451616,74,2.4324324324324325,23,0.005555555555555556,0.12777777777777777,0.02112693182052354,0.8571374950607452,21.485411140583555
same_ren,180,17,180,30,True,/users/delfos/aina/secoem-VSS/scentree-gen-remote/same_ren_scentree/scenariotree_180/results_17.json,1780,31,73,57.41935483870968,73,2.4657534246575343,39,0.005555555555555556,0.21666666666666667,0.025551289958689705,0.8557224866864521,16.29778672032193
same_ren,180,18,180,30,True,/users/delfos/aina/secoem-VSS/scentree-gen-remote/same_ren_scentree/scenariotree_180/results_18.json,1807,31,72,58.29032258064516,72,2.5,32,0.005555555555555556,0.17777777777777778,0.023424278964210215,0.850838336003998,18.72832369942196
same_ren,180,19,180,30,True,/users/delfos/aina/secoem-VSS/scentree-gen-remote/same_ren_scentree/scenariotree_180/results_19.json,1745,31,80,56.29032258064516,80,2.25,24,0.005555555555555556,0.13333333333333333,0.018706224619259033,0.8731185887983818,24.695121951219512
same_ren,180,2,180,30,True,/users/delfos/aina/secoem-VSS/scentree-gen-remote/same_ren_scentree/scenariotree_180/results_2.json,1721,31,66,55.516129032258064,66,2.727272727272727,26,0.005555555555555556,0.14444444444444443,0.026067652324371596,0.8267246339072826,16.666666666666664
same_ren,180,20,180,30,True,/users/delfos/aina/secoem-VSS/scentree-gen-remote/same_ren_scentree/scenariotree_180/results_20.json,1738,31,68,56.064516129032256,68,2.6470588235294117,29,0.005555555555555556,0.16111111111111112,0.024565296656474184,0.8431678818503697,17.940199335548172
same_ren,180,21,180,30,True,/users/delfos/aina/secoem-VSS/scentree-gen-remote/same_ren_scentree/scenariotree_180/results_21.json,1669,31,66,53.83870967741935,66,2.727272727272727,36,0.005555555555555556,0.2,0.026914974938331778,0.8355206434685105,15.882352941176473
same_ren,180,22,180,30,True,/users/delfos/aina/secoem-VSS/scentree-gen-remote/same_ren_scentree/scenariotree_180/results_22.json,1720,31,67,55.483870967741936,67,2.6865671641791047,24,0.005555555555555556,0.13333333333333333,0.021295107994378497,0.8676985578572142,22.0708446866485
same_ren,180,23,180,30,True,/users/delfos/aina/secoem-VSS/scentree-gen-remote/same_ren_scentree/scenariotree_180/results_23.json,1728,31,76,55.74193548387097,76,2.3684210526315788,37,0.005555555555555556,0.20555555555555555,0.02656477404382194,0.819647682843402,14.972273567467655
same_ren,180,24,180,30,True,/users/delfos/aina/secoem-VSS/scentree-gen-remote/same_ren_scentree/scenariotree_180/results_24.json,1820,31,78,58.70967741935484,78,2.3076923076923075,22,0.005555555555555556,0.12222222222222222,0.018041747784278014,0.8762784137517644,26.17124394184168
same_ren,180,25,180,30,True,/users/delfos/aina/secoem-VSS/scentree-gen-remote/same_ren_scentree/scenariotree_180/results_25.json,1855,31,74,59.83870967741935,74,2.4324324324324325,25,0.005555555555555556,0.1388888888888889,0.020136361156082194,0.8745372480160579,22.97872340425532
same_ren,180,26,180,30,True,/users/delfos/aina/secoem-VSS/scentree-gen-remote/same_ren_scentree/scenariotree_180/results_26.json,1636,31,70,52.774193548387096,70,2.5714285714285716,44,0.005555555555555556,0.24444444444444444,0.03042282033238484,0.814984131995338,12.646370023419209
same_ren,180,27,180,30,True,/users/delfos/aina/secoem-VSS/scentree-gen-remote/same_ren_scentree/scenariotree_180/results_27.json,1663,31,64,53.645161290322584,64,2.8125,20,0.005555555555555556,0.1111111111111111,0.02017178826149696,0.8810437844207304,23.999999999999996
same_ren,180,28,180,30,True,/users/delfos/aina/secoem-VSS/scentree-gen-remote/same_ren_scentree/scenariotree_180/results_28.json,1734,31,66,55.935483870967744,66,2.727272727272727,25,0.005555555555555556,0.1388888888888889,0.020709123656137075,0.8734585809847268,23.011363636363633
same_ren,180,29,180,30,True,/users/delfos/aina/secoem-VSS/scentree-gen-remote/same_ren_scentree/scenariotree_180/results_29.json,1894,31,74,61.096774193548384,74,2.4324324324324325,29,0.005555555555555556,0.16111111111111112,0.022925818649031836,0.8487681802048805,19.081272084805654
same_ren,180,3,180,30,True,/users/delfos/aina/secoem-VSS/scentree-gen-remote/same_ren_scentree/scenariotree_180/results_3.json,1648,31,62,53.16129032258065,62,2.903225806451613,29,0.005555555555555556,0.16111111111111112,0.022483005605096137,0.8733094725673435,21.066319895968785
same_ren,180,30,180,30,True,/users/delfos/aina/secoem-VSS/scentree-gen-remote/same_ren_scentree/scenariotree_180/results_30.json,1700,31,63,54.83870967741935,63,2.857142857142857,25,0.005555555555555556,0.1388888888888889,0.022482103467968636,0.867851533725001,20.957309184993527
same_ren,180,31,180,30,True,/users/delfos/aina/secoem-VSS/scentree-gen-remote/same_ren_scentree/scenariotree_180/results_31.json,1753,31,68,56.54838709677419,68,2.6470588235294117,36,0.005555555555555556,0.2,0.027936876174068637,0.8204120847004871,14.754098360655743
same_ren,180,4,180,30,True,/users/delfos/aina/secoem-VSS/scentree-gen-remote/same_ren_scentree/scenariotree_180/results_4.json,1661,31,69,53.58064516129032,69,2.608695652173913,19,0.005555555555555556,0.10555555555555556,0.01764993767604025,0.8859994924078585,27.787307032590046
same_ren,180,5,180,30,True,/users/delfos/aina/secoem-VSS/scentree-gen-remote/same_ren_scentree/scenariotree_180/results_5.json,1916,31,69,61.806451612903224,69,2.608695652173913,36,0.005555555555555556,0.2,0.028832122340824686,0.8120355075863688,13.91752577319588
same_ren,180,6,180,30,True,/users/delfos/aina/secoem-VSS/scentree-gen-remote/same_ren_scentree/scenariotree_180/results_6.json,1843,31,74,59.45161290322581,74,2.4324324324324325,19,0.005555555555555556,0.10555555555555556,0.017922670644296423,0.8768203622292039,26.821192052980138
same_ren,180,7,180,30,True,/users/delfos/aina/secoem-VSS/scentree-gen-remote/same_ren_scentree/scenariotree_180/results_7.json,1599,31,62,51.58064516129032,62,2.903225806451613,27,0.005555555555555556,0.15,0.02673135965169952,0.8335429243996685,16.547497446373846
same_ren,180,8,180,30,True,/users/delfos/aina/secoem-VSS/scentree-gen-remote/same_ren_scentree/scenariotree_180/results_8.json,1687,31,62,54.41935483870968,62,2.903225806451613,32,0.005555555555555556,0.17777777777777778,0.02777257437678927,0.8184592226462575,15.637065637065644
same_ren,180,9,180,30,True,/users/delfos/aina/secoem-VSS/scentree-gen-remote/same_ren_scentree/scenariotree_180/results_9.json,1767,31,71,57.0,71,2.535211267605634,25,0.005555555555555556,0.1388888888888889,0.020991568840080604,0.8635064669179399,22.040816326530607
same_ren,190,1,190,30,True,/users/delfos/aina/secoem-VSS/scentree-gen-remote/same_ren_scentree/scenariotree_190/results_1.json,1867,31,77,60.225806451612904,77,2.4675324675324677,26,0.005263157894736842,0.1368421052631579,0.022322991389756103,0.8438254441285101,19.47141316073355
same_ren,190,10,190,30,True,/users/delfos/aina/secoem-VSS/scentree-gen-remote/same_ren_scentree/scenariotree_190/results_10.json,1795,31,71,57.903225806451616,71,2.676056338028169,18,0.005263157894736842,0.09473684210526316,0.016065651074998417,0.8946472624013048,30.854700854700873
same_ren,190,11,190,30,True,/users/delfos/aina/secoem-VSS/scentree-gen-remote/same_ren_scentree/scenariotree_190/results_11.json,1776,31,69,57.29032258064516,69,2.753623188405797,21,0.005263157894736842,0.11052631578947368,0.018589850945959246,0.8861567258678315,26.083815028901743
same_ren,190,12,190,30,True,/users/delfos/aina/secoem-VSS/scentree-gen-remote/same_ren_scentree/scenariotree_190/results_12.json,1559,31,65,50.29032258064516,65,2.923076923076923,32,0.005263157894736842,0.16842105263157894,0.02467444438431335,0.8406659791522199,18.195564516129036
same_ren,190,13,190,30,True,/users/delfos/aina/secoem-VSS/scentree-gen-remote/same_ren_scentree/scenariotree_190/results_13.json,1914,31,73,61.74193548387097,73,2.6027397260273974,31,0.005263157894736842,0.1631578947368421,0.023996415795484664,0.8392328599449921,17.94234592445328
same_ren,190,14,190,30,True,/users/delfos/aina/secoem-VSS/scentree-gen-remote/same_ren_scentree/scenariotree_190/results_14.json,1572,31,63,50.70967741935484,63,3.015873015873016,21,0.005263157894736842,0.11052631578947368,0.023283853986750865,0.8474116884898961,19.988925802879297
same_ren,190,15,190,30,True,/users/delfos/aina/secoem-VSS/scentree-gen-remote/same_ren_scentree/scenariotree_190/results_15.json,1560,31,71,50.32258064516129,71,2.676056338028169,35,0.005263157894736842,0.18421052631578946,0.02645293614447935,0.8227637583989387,15.682015638575153
same_ren,190,16,190,30,True,/users/delfos/aina/secoem-VSS/scentree-gen-remote/same_ren_scentree/scenariotree_190/results_16.json,1552,31,63,50.064516129032256,63,3.015873015873016,19,0.005263157894736842,0.1,0.02208201951560549,0.8540672709742871,21.462544589774083
same_ren,190,17,190,30,True,/users/delfos/aina/secoem-VSS/scentree-gen-remote/same_ren_scentree/scenariotree_190/results_17.json,1951,31,81,62.935483870967744,81,2.345679012345679,26,0.005263157894736842,0.1368421052631579,0.019678349431747663,0.8659559252878886,22.877059569074774
same_ren,190,18,190,30,True,/users/delfos/aina/secoem-VSS/scentree-gen-remote/same_ren_scentree/scenariotree_190/results_18.json,1524,31,63,49.16129032258065,63,3.015873015873016,32,0.005263157894736842,0.16842105263157894,0.02332159169950782,0.86279585435153,19.944751381215475
same_ren,190,19,190,30,True,/users/delfos/aina/secoem-VSS/scentree-gen-remote/same_ren_scentree/scenariotree_190/results_19.json,1608,31,68,51.87096774193548,68,2.7941176470588234,21,0.005263157894736842,0.11052631578947368,0.022083116274303306,0.8530179694168951,20.891203703703706
same_ren,190,2,190,30,True,/users/delfos/aina/secoem-VSS/scentree-gen-remote/same_ren_scentree/scenariotree_190/results_2.json,1844,31,76,59.483870967741936,76,2.5,18,0.005263157894736842,0.09473684210526316,0.015189429339780122,0.9024721524434041,32.5812274368231
same_ren,190,20,190,30,True,/users/delfos/aina/secoem-VSS/scentree-gen-remote/same_ren_scentree/scenariotree_190/results_20.json,1740,31,73,56.12903225806452,73,2.6027397260273974,39,0.005263157894736842,0.20526315789473684,0.02765503143193353,0.8234906216898108,14.382470119521912
same_ren,190,21,190,30,True,/users/delfos/aina/secoem-VSS/scentree-gen-remote/same_ren_scentree/scenariotree_190/results_21.json,1766,31,68,56.96774193548387,68,2.7941176470588234,26,0.005263157894736842,0.1368421052631579,0.020494911745860187,0.8718251672226398,23.111395646606923
same_ren,190,22,190,30,True,/users/delfos/aina/secoem-VSS/scentree-gen-remote/same_ren_scentree/scenariotree_190/results_22.json,1696,31,68,54.70967741935484,68,2.7941176470588234,19,0.005263157894736842,0.1,0.018794507731809816,0.8804846206521173,25.822603719599435
same_ren,190,23,190,30,True,/users/delfos/aina/secoem-VSS/scentree-gen-remote/same_ren_scentree/scenariotree_190/results_23.json,1771,31,70,57.12903225806452,70,2.7142857142857144,27,0.005263157894736842,0.14210526315789473,0.02133537310993859,0.8626731297723287,21.6686674669868
same_ren,190,24,190,30,True,/users/delfos/aina/secoem-VSS/scentree-gen-remote/same_ren_scentree/scenariotree_190/results_24.json,1879,31,73,60.61290322580645,73,2.6027397260273974,24,0.005263157894736842,0.12631578947368421,0.01980322364414713,0.8660264503448086,23.625654450261777
same_ren,190,25,190,30,True,/users/delfos/aina/secoem-VSS/scentree-gen-remote/same_ren_scentree/scenariotree_190/results_25.json,1633,31,71,52.67741935483871,71,2.676056338028169,14,0.005263157894736842,0.07368421052631578,0.016065651074998417,0.8936255947956314,30.854700854700873
same_ren,190,26,190,30,True,/users/delfos/aina/secoem-VSS/scentree-gen-remote/same_ren_scentree/scenariotree_190/results_26.json,1790,31,73,57.74193548387097,73,2.6027397260273974,18,0.005263157894736842,0.09473684210526316,0.018371851608578866,0.8736893938369923,26.083815028901736
same_ren,190,27,190,30,True,/users/delfos/aina/secoem-VSS/scentree-gen-remote/same_ren_scentree/scenariotree_190/results_27.json,1607,31,65,51.83870967741935,65,2.923076923076923,27,0.005263157894736842,0.14210526315789473,0.01980746215568668,0.8857468367462504,24.4579945799458
same_ren,190,28,190,30,True,/users/delfos/aina/secoem-VSS/scentree-gen-remote/same_ren_scentree/scenariotree_190/results_28.json,1802,31,75,58.12903225806452,75,2.533333333333333,18,0.005263157894736842,0.09473684210526316,0.01755788912729376,0.8787687635570485,27.431610942249247
same_ren,190,29,190,30,True,/users/delfos/aina/secoem-VSS/scentree-gen-remote/same_ren_scentree/scenariotree_190/results_29.json,1779,31,73,57.38709677419355,73,2.6027397260273974,16,0.005263157894736842,0.08421052631578947,0.017308338674115253,0.8851830940452842,28.115264797507788
same_ren,190,3,190,30,True,/users/delfos/aina/secoem-VSS/scentree-gen-remote/same_ren_scentree/scenariotree_190/results_3.json,1682,31,75,54.25806451612903,75,2.533333333333333,17,0.005263157894736842,0.08947368421052632,0.0168713196914685,0.8821812351393128,28.833865814696495
same_ren,190,30,190,30,True,/users/delfos/aina/secoem-VSS/scentree-gen-remote/same_ren_scentree/scenariotree_190/results_30.json,1625,31,66,52.41935483870968,66,2.878787878787879,19,0.005263157894736842,0.1,0.019446620089824042,0.87533846182636,24.93093922651934
same_ren,190,31,190,30,True,/users/delfos/aina/secoem-VSS/scentree-gen-remote/same_ren_scentree/scenariotree_190/results_31.json,1701,31,74,54.87096774193548,74,2.5675675675675675,35,0.005263157894736842,0.18421052631578946,0.024274778385687458,0.8438070290259252,17.50727449078565
same_ren,190,4,190,30,True,/users/delfos/aina/secoem-VSS/scentree-gen-remote/same_ren_scentree/scenariotree_190/results_4.json,1718,31,68,55.41935483870968,68,2.7941176470588234,24,0.005263157894736842,0.12631578947368421,0.0201137150051801,0.8736152563397114,23.687664041994758
same_ren,190,5,190,30,True,/users/delfos/aina/secoem-VSS/scentree-gen-remote/same_ren_scentree/scenariotree_190/results_5.json,1899,31,77,61.25806451612903,77,2.4675324675324677,13,0.005263157894736842,0.06842105263157895,0.01230918072810221,0.921631155991914,40.56179775280899
same_ren,190,6,190,30,True,/users/delfos/aina/secoem-VSS/scentree-gen-remote/same_ren_scentree/scenariotree_190/results_6.json,1815,31,73,58.54838709677419,73,2.6027397260273974,26,0.005263157894736842,0.1368421052631579,0.019917862032971315,0.8695822461121395,23.441558441558445
same_ren,190,7,190,30,True,/users/delfos/aina/secoem-VSS/scentree-gen-remote/same_ren_scentree/scenariotree_190/results_7.json,1682,31,84,54.25806451612903,84,2.261904761904762,29,0.005263157894736842,0.15263157894736842,0.024256780589695,0.8165623157340002,16.30532971996387
same_ren,190,8,190,30,True,/users/delfos/aina/secoem-VSS/scentree-gen-remote/same_ren_scentree/scenariotree_190/results_8.json,1728,31,65,55.74193548387097,65,2.923076923076923,32,0.005263157894736842,0.16842105263157894,0.025540109671889747,0.8332697276254164,17.30584851390221
same_ren,190,9,190,30,True,/users/delfos/aina/secoem-VSS/scentree-gen-remote/same_ren_scentree/scenariotree_190/results_9.json,1952,31,76,62.96774193548387,76,2.5,39,0.005263157894736842,0.20526315789473684,0.02850326674596649,0.8015304938825096,13.35059171597633
same_ren,200,1,200,30,True,/users/delfos/aina/secoem-VSS/scentree-gen-remote/same_ren_scentree/scenariotree_200/results_1.json,1783,31,65,57.516129032258064,65,3.076923076923077,35,0.005,0.175,0.03203733029677065,0.7817631646107231,12.180267965895249
same_ren,200,10,200,30,True,/users/delfos/aina/secoem-VSS/scentree-gen-remote/same_ren_scentree/scenariotree_200/results_10.json,1909,31,74,61.58064516129032,74,2.7027027027027026,27,0.005,0.135,0.021556489737834982,0.8575260034832707,20.876826722338205
same_ren,200,11,200,30,True,/users/delfos/aina/secoem-VSS/scentree-gen-remote/same_ren_scentree/scenariotree_200/results_11.json,2111,31,79,68.09677419354838,79,2.5316455696202533,22,0.005,0.11,0.018654680802598026,0.8602145703200017,24.906600249066013
same_ren,200,12,200,30,True,/users/delfos/aina/secoem-VSS/scentree-gen-remote/same_ren_scentree/scenariotree_200/results_12.json,1690,31,69,54.516129032258064,69,2.898550724637681,21,0.005,0.105,0.018378960236479135,0.8779778796239044,26.455026455026463
same_ren,200,13,200,30,True,/users/delfos/aina/secoem-VSS/scentree-gen-remote/same_ren_scentree/scenariotree_200/results_13.json,2143,31,78,69.12903225806451,78,2.5641025641025643,40,0.005,0.2,0.027498132146236535,0.791953813192982,13.927576601671312
same_ren,200,14,200,30,True,/users/delfos/aina/secoem-VSS/scentree-gen-remote/same_ren_scentree/scenariotree_200/results_14.json,1981,31,81,63.903225806451616,81,2.4691358024691357,16,0.005,0.08,0.014805037926183519,0.8913475492266438,33.22259136212624
same_ren,200,15,200,30,True,/users/delfos/aina/secoem-VSS/scentree-gen-remote/same_ren_scentree/scenariotree_200/results_15.json,1845,31,73,59.516129032258064,73,2.73972602739726,28,0.005,0.14,0.019724600405006284,0.8696013716574577,23.75296912114014
same_ren,200,16,200,30,True,/users/delfos/aina/secoem-VSS/scentree-gen-remote/same_ren_scentree/scenariotree_200/results_16.json,1674,31,64,54.0,64,3.125,25,0.005,0.125,0.020087698349985247,0.8755758038238344,24.125452352231605
same_ren,200,17,200,30,True,/users/delfos/aina/secoem-VSS/scentree-gen-remote/same_ren_scentree/scenariotree_200/results_17.json,2004,31,76,64.64516129032258,76,2.6315789473684212,39,0.005,0.195,0.02437160374805231,0.8371045765848488,17.152658662092627
same_ren,200,18,200,30,True,/users/delfos/aina/secoem-VSS/scentree-gen-remote/same_ren_scentree/scenariotree_200/results_18.json,1956,31,76,63.096774193548384,76,2.6315789473684212,40,0.005,0.2,0.02550596041360722,0.8245872518867352,15.974440894568692
same_ren,200,19,200,30,True,/users/delfos/aina/secoem-VSS/scentree-gen-remote/same_ren_scentree/scenariotree_200/results_19.json,2096,31,93,67.61290322580645,93,2.150537634408602,31,0.005,0.155,0.023209497459954268,0.8147124143396479,16.433853738701725
same_ren,200,2,200,30,True,/users/delfos/aina/secoem-VSS/scentree-gen-remote/same_ren_scentree/scenariotree_200/results_2.json,1838,31,72,59.29032258064516,72,2.7777777777777777,27,0.005,0.135,0.020820366334937234,0.8573117624366178,22.17294900221729
same_ren,200,20,200,30,True,/users/delfos/aina/secoem-VSS/scentree-gen-remote/same_ren_scentree/scenariotree_200/results_20.json,2026,31,81,65.35483870967742,81,2.4691358024691357,28,0.005,0.14,0.02030761001543368,0.8433558329872662,21.85792349726776
same_ren,200,21,200,30,True,/users/delfos/aina/secoem-VSS/scentree-gen-remote/same_ren_scentree/scenariotree_200/results_21.json,1820,31,76,58.70967741935484,76,2.6315789473684212,32,0.005,0.16,0.021686190507458004,0.8474997941710681,20.44989775051125
same_ren,200,22,200,30,True,/users/delfos/aina/secoem-VSS/scentree-gen-remote/same_ren_scentree/scenariotree_200/results_22.json,1819,31,74,58.67741935483871,74,2.7027027027027026,29,0.005,0.145,0.02036374842256172,0.8597850750088075,22.624434389140273
same_ren,200,23,200,30,True,/users/delfos/aina/secoem-VSS/scentree-gen-remote/same_ren_scentree/scenariotree_200/results_23.json,2092,31,85,67.48387096774194,85,2.3529411764705883,49,0.005,0.245,0.028030507354676142,0.8086455751471736,12.730744748567792
same_ren,200,24,200,30,True,/users/delfos/aina/secoem-VSS/scentree-gen-remote/same_ren_scentree/scenariotree_200/results_24.json,2305,31,93,74.35483870967742,93,2.150537634408602,30,0.005,0.15,0.01917584497246835,0.8599940201894879,22.246941045606228
same_ren,200,25,200,30,True,/users/delfos/aina/secoem-VSS/scentree-gen-remote/same_ren_scentree/scenariotree_200/results_25.json,1705,31,69,55.0,69,2.898550724637681,30,0.005,0.15,0.023221443855548692,0.8396786712756156,19.342359767891683
same_ren,200,26,200,30,True,/users/delfos/aina/secoem-VSS/scentree-gen-remote/same_ren_scentree/scenariotree_200/results_26.json,1790,31,71,57.74193548387097,71,2.816901408450704,25,0.005,0.125,0.018957139558750696,0.8709796504832925,25.252525252525263
same_ren,200,27,200,30,True,/users/delfos/aina/secoem-VSS/scentree-gen-remote/same_ren_scentree/scenariotree_200/results_27.json,1825,31,69,58.87096774193548,69,2.898550724637681,25,0.005,0.125,0.024003999176710752,0.8252440505909556,18.433179723502306
same_ren,200,28,200,30,True,/users/delfos/aina/secoem-VSS/scentree-gen-remote/same_ren_scentree/scenariotree_200/results_28.json,1890,31,70,60.96774193548387,70,2.857142857142857,32,0.005,0.16,0.02477449313717803,0.8260363048725877,17.467248908296945
same_ren,200,29,200,30,True,/users/delfos/aina/secoem-VSS/scentree-gen-remote/same_ren_scentree/scenariotree_200/results_29.json,1929,31,75,62.225806451612904,75,2.6666666666666665,32,0.005,0.16,0.024143091949642422,0.8257450174839782,17.5284837861525
same_ren,200,3,200,30,True,/users/delfos/aina/secoem-VSS/scentree-gen-remote/same_ren_scentree/scenariotree_200/results_3.json,1887,31,72,60.87096774193548,72,2.7777777777777777,28,0.005,0.14,0.02553894387638196,0.8183148662938144,16.433853738701725
same_ren,200,30,200,30,True,/users/delfos/aina/secoem-VSS/scentree-gen-remote/same_ren_scentree/scenariotree_200/results_30.json,1836,31,74,59.225806451612904,74,2.7027027027027026,25,0.005,0.125,0.02602921603996599,0.8052988544426763,15.71091908876669
same_ren,200,31,200,30,True,/users/delfos/aina/secoem-VSS/scentree-gen-remote/same_ren_scentree/scenariotree_200/results_31.json,1952,31,72,62.96774193548387,72,2.7777777777777777,27,0.005,0.135,0.020073168627932965,0.8632507640387195,23.310023310023308
same_ren,200,4,200,30,True,/users/delfos/aina/secoem-VSS/scentree-gen-remote/same_ren_scentree/scenariotree_200/results_4.json,1973,31,73,63.645161290322584,73,2.73972602739726,28,0.005,0.14,0.021896822144806392,0.8434366172066866,20.533880903490754
same_ren,200,5,200,30,True,/users/delfos/aina/secoem-VSS/scentree-gen-remote/same_ren_scentree/scenariotree_200/results_5.json,1700,31,65,54.83870967741935,65,3.076923076923077,27,0.005,0.135,0.021345287577710165,0.8679196365748372,22.22222222222222
same_ren,200,6,200,30,True,/users/delfos/aina/secoem-VSS/scentree-gen-remote/same_ren_scentree/scenariotree_200/results_6.json,1806,31,69,58.25806451612903,69,2.898550724637681,27,0.005,0.135,0.022732612841916303,0.8504586417091742,19.94017946161516
same_ren,200,7,200,30,True,/users/delfos/aina/secoem-VSS/scentree-gen-remote/same_ren_scentree/scenariotree_200/results_7.json,1691,31,75,54.54838709677419,75,2.6666666666666665,31,0.005,0.155,0.022440043572942447,0.8459534442393652,19.569471624266143
same_ren,200,8,200,30,True,/users/delfos/aina/secoem-VSS/scentree-gen-remote/same_ren_scentree/scenariotree_200/results_8.json,1880,31,76,60.645161290322584,76,2.6315789473684212,22,0.005,0.11,0.01966566111644392,0.8532462487480851,23.50176263219742
same_ren,200,9,200,30,True,/users/delfos/aina/secoem-VSS/scentree-gen-remote/same_ren_scentree/scenariotree_200/results_9.json,1832,31,73,59.096774193548384,73,2.73972602739726,14,0.005,0.07,0.015571914418960197,0.8925986966229804,31.847133757961785
same_ren,210,1,210,30,True,/users/delfos/aina/secoem-VSS/scentree-gen-remote/same_ren_scentree/scenariotree_210/results_1.json,1816,31,81,58.58064516129032,81,2.5925925925925926,21,0.004761904761904762,0.1,0.017416616431221884,0.8696444925371476,27.088452088452087
same_ren,210,10,210,30,True,/users/delfos/aina/secoem-VSS/scentree-gen-remote/same_ren_scentree/scenariotree_210/results_10.json,1871,31,74,60.354838709677416,74,2.8378378378378377,35,0.004761904761904762,0.16666666666666666,0.027522876844304302,0.8078852134747008,14.374185136897003
same_ren,210,11,210,30,True,/users/delfos/aina/secoem-VSS/scentree-gen-remote/same_ren_scentree/scenariotree_210/results_11.json,1651,31,64,53.25806451612903,64,3.28125,28,0.004761904761904762,0.13333333333333333,0.022516508651388926,0.8459781159702536,20.801886792452837
same_ren,210,12,210,30,True,/users/delfos/aina/secoem-VSS/scentree-gen-remote/same_ren_scentree/scenariotree_210/results_12.json,1899,31,76,61.25806451612903,76,2.763157894736842,29,0.004761904761904762,0.1380952380952381,0.02180631168207261,0.8461038685387668,20.285188592456304
same_ren,210,13,210,30,True,/users/delfos/aina/secoem-VSS/scentree-gen-remote/same_ren_scentree/scenariotree_210/results_13.json,1781,31,69,57.45161290322581,69,3.0434782608695654,24,0.004761904761904762,0.11428571428571428,0.02033979291418602,0.8627074633193166,23.234984193888305
same_ren,210,14,210,30,True,/users/delfos/aina/secoem-VSS/scentree-gen-remote/same_ren_scentree/scenariotree_210/results_14.json,1977,31,76,63.774193548387096,76,2.763157894736842,20,0.004761904761904762,0.09523809523809523,0.019029885558469337,0.8581032501265371,24.581939799331106
same_ren,210,15,210,30,True,/users/delfos/aina/secoem-VSS/scentree-gen-remote/same_ren_scentree/scenariotree_210/results_15.json,1632,31,73,52.645161290322584,73,2.8767123287671232,30,0.004761904761904762,0.14285714285714285,0.022597256031856205,0.8394733595033036,19.617437722419933
same_ren,210,16,210,30,True,/users/delfos/aina/secoem-VSS/scentree-gen-remote/same_ren_scentree/scenariotree_210/results_16.json,2023,31,77,65.25806451612904,77,2.727272727272727,43,0.004761904761904762,0.20476190476190476,0.02639222194691468,0.8090587462932298,15.010211027910145
same_ren,210,17,210,30,True,/users/delfos/aina/secoem-VSS/scentree-gen-remote/same_ren_scentree/scenariotree_210/results_17.json,1863,31,81,60.096774193548384,81,2.5925925925925926,35,0.004761904761904762,0.16666666666666666,0.020638688813150934,0.8589047633085976,21.34559535333979
same_ren,210,18,210,30,True,/users/delfos/aina/secoem-VSS/scentree-gen-remote/same_ren_scentree/scenariotree_210/results_18.json,1926,31,76,62.12903225806452,76,2.763157894736842,26,0.004761904761904762,0.12380952380952381,0.01898279101208053,0.8665861274651103,24.664429530201343
same_ren,210,19,210,30,True,/users/delfos/aina/secoem-VSS/scentree-gen-remote/same_ren_scentree/scenariotree_210/results_19.json,1754,31,85,56.58064516129032,85,2.4705882352941178,50,0.004761904761904762,0.23809523809523808,0.028077792003379533,0.7947791293415094,12.694300518134717
same_ren,210,2,210,30,True,/users/delfos/aina/secoem-VSS/scentree-gen-remote/same_ren_scentree/scenariotree_210/results_2.json,1947,31,79,62.806451612903224,79,2.6582278481012658,27,0.004761904761904762,0.12857142857142856,0.02034302233958554,0.847918315139551,22.050000000000008
same_ren,210,20,210,30,True,/users/delfos/aina/secoem-VSS/scentree-gen-remote/same_ren_scentree/scenariotree_210/results_20.json,1646,31,65,53.096774193548384,65,3.230769230769231,27,0.004761904761904762,0.12857142857142856,0.023220091968827402,0.8390614931537074,19.829136690647488
same_ren,210,21,210,30,True,/users/delfos/aina/secoem-VSS/scentree-gen-remote/same_ren_scentree/scenariotree_210/results_21.json,1750,31,67,56.45161290322581,67,3.1343283582089554,27,0.004761904761904762,0.12857142857142856,0.023196012123488926,0.8401895113374813,19.617437722419933
same_ren,210,22,210,30,True,/users/delfos/aina/secoem-VSS/scentree-gen-remote/same_ren_scentree/scenariotree_210/results_22.json,1896,31,75,61.16129032258065,75,2.8,28,0.004761904761904762,0.13333333333333333,0.020632478487964345,0.8461702782935736,22.094188376753507
same_ren,210,23,210,30,True,/users/delfos/aina/secoem-VSS/scentree-gen-remote/same_ren_scentree/scenariotree_210/results_23.json,1891,31,76,61.0,76,2.763157894736842,27,0.004761904761904762,0.12857142857142856,0.019186032512450865,0.8730419807545311,24.310915104740907
same_ren,210,24,210,30,True,/users/delfos/aina/secoem-VSS/scentree-gen-remote/same_ren_scentree/scenariotree_210/results_24.json,1528,31,70,49.29032258064516,70,3.0,21,0.004761904761904762,0.1,0.017998308238534627,0.873065930002054,27.055214723926383
same_ren,210,25,210,30,True,/users/delfos/aina/secoem-VSS/scentree-gen-remote/same_ren_scentree/scenariotree_210/results_25.json,2141,31,84,69.06451612903226,84,2.5,24,0.004761904761904762,0.11428571428571428,0.02181560283239808,0.8244669149576498,19.274475524475527
same_ren,210,26,210,30,True,/users/delfos/aina/secoem-VSS/scentree-gen-remote/same_ren_scentree/scenariotree_210/results_26.json,1791,31,76,57.774193548387096,76,2.763157894736842,45,0.004761904761904762,0.21428571428571427,0.02821274882453329,0.8036839477866635,13.577586206896555
same_ren,210,27,210,30,True,/users/delfos/aina/secoem-VSS/scentree-gen-remote/same_ren_scentree/scenariotree_210/results_27.json,1779,31,73,57.38709677419355,73,2.8767123287671232,25,0.004761904761904762,0.11904761904761904,0.020733380848343304,0.8572824628738971,22.1830985915493
same_ren,210,28,210,30,True,/users/delfos/aina/secoem-VSS/scentree-gen-remote/same_ren_scentree/scenariotree_210/results_28.json,1835,31,75,59.193548387096776,75,2.8,25,0.004761904761904762,0.11904761904761904,0.01838531077532731,0.8724467565921423,25.849941383352878
same_ren,210,29,210,30,True,/users/delfos/aina/secoem-VSS/scentree-gen-remote/same_ren_scentree/scenariotree_210/results_29.json,1674,31,71,54.0,71,2.9577464788732395,29,0.004761904761904762,0.1380952380952381,0.024729853627761714,0.8236278428603832,17.38958990536278
same_ren,210,3,210,30,True,/users/delfos/aina/secoem-VSS/scentree-gen-remote/same_ren_scentree/scenariotree_210/results_3.json,1927,31,85,62.16129032258065,85,2.4705882352941178,29,0.004761904761904762,0.1380952380952381,0.018688323275803543,0.870158778165555,24.124726477024073
same_ren,210,30,210,30,True,/users/delfos/aina/secoem-VSS/scentree-gen-remote/same_ren_scentree/scenariotree_210/results_30.json,1710,31,72,55.16129032258065,72,2.9166666666666665,23,0.004761904761904762,0.10952380952380952,0.018960614786349667,0.8666441475355278,25.142531356898512
same_ren,210,31,210,30,True,/users/delfos/aina/secoem-VSS/scentree-gen-remote/same_ren_scentree/scenariotree_210/results_31.json,1861,31,72,60.03225806451613,72,2.9166666666666665,28,0.004761904761904762,0.13333333333333333,0.02298506421837235,0.8406396471964018,19.25764192139738
same_ren,210,4,210,30,True,/users/delfos/aina/secoem-VSS/scentree-gen-remote/same_ren_scentree/scenariotree_210/results_4.json,1805,31,70,58.225806451612904,70,3.0,23,0.004761904761904762,0.10952380952380952,0.02029902792006341,0.8533202191313196,23.186119873817034
same_ren,210,5,210,30,True,/users/delfos/aina/secoem-VSS/scentree-gen-remote/same_ren_scentree/scenariotree_210/results_5.json,1699,31,69,54.806451612903224,69,3.0434782608695654,23,0.004761904761904762,0.10952380952380952,0.022341709463102242,0.8366191311706093,20.435588507877664
same_ren,210,6,210,30,True,/users/delfos/aina/secoem-VSS/scentree-gen-remote/same_ren_scentree/scenariotree_210/results_6.json,1921,31,73,61.96774193548387,73,2.8767123287671232,35,0.004761904761904762,0.16666666666666666,0.02654179604340317,0.809681039610761,15.355153203342624
same_ren,210,7,210,30,True,/users/delfos/aina/secoem-VSS/scentree-gen-remote/same_ren_scentree/scenariotree_210/results_7.json,2035,31,79,65.64516129032258,79,2.6582278481012658,39,0.004761904761904762,0.18571428571428572,0.024279698529818136,0.828892386460588,16.883614088820828
same_ren,210,8,210,30,True,/users/delfos/aina/secoem-VSS/scentree-gen-remote/same_ren_scentree/scenariotree_210/results_8.json,1806,31,76,58.25806451612903,76,2.763157894736842,29,0.004761904761904762,0.1380952380952381,0.02047980997695306,0.8544872606603092,22.20543806646526
same_ren,210,9,210,30,True,/users/delfos/aina/secoem-VSS/scentree-gen-remote/same_ren_scentree/scenariotree_210/results_9.json,1954,31,73,63.03225806451613,73,2.8767123287671232,27,0.004761904761904762,0.12857142857142856,0.02030955429137263,0.8517645417063415,22.82608695652175
same_ren,220,1,220,30,True,/users/delfos/aina/secoem-VSS/scentree-gen-remote/same_ren_scentree/scenariotree_220/results_1.json,1927,31,82,62.16129032258065,82,2.682926829268293,20,0.004545454545454545,0.09090909090909091,0.01744455970103329,0.865196086882469,26.918798665183537
same_ren,220,10,220,30,True,/users/delfos/aina/secoem-VSS/scentree-gen-remote/same_ren_scentree/scenariotree_220/results_10.json,1816,31,72,58.58064516129032,72,3.0555555555555554,22,0.004545454545454545,0.1,0.019549108316123134,0.856835602623569,24.15169660678643
same_ren,220,11,220,30,True,/users/delfos/aina/secoem-VSS/scentree-gen-remote/same_ren_scentree/scenariotree_220/results_11.json,1891,31,78,61.0,78,2.8205128205128207,32,0.004545454545454545,0.14545454545454545,0.02175962896058734,0.8306377166001119,20.099667774086377
same_ren,220,12,220,30,True,/users/delfos/aina/secoem-VSS/scentree-gen-remote/same_ren_scentree/scenariotree_220/results_12.json,2010,31,84,64.83870967741936,84,2.619047619047619,53,0.004545454545454545,0.2409090909090909,0.02755896652851867,0.8087640301689416,13.209606986899567
same_ren,220,13,220,30,True,/users/delfos/aina/secoem-VSS/scentree-gen-remote/same_ren_scentree/scenariotree_220/results_13.json,1602,31,72,51.67741935483871,72,3.0555555555555554,25,0.004545454545454545,0.11363636363636363,0.016543777125413335,0.8932105756516758,29.766297662976637
same_ren,220,14,220,30,True,/users/delfos/aina/secoem-VSS/scentree-gen-remote/same_ren_scentree/scenariotree_220/results_14.json,1790,31,78,57.74193548387097,78,2.8205128205128207,24,0.004545454545454545,0.10909090909090909,0.01914333446866409,0.850844954274344,24.151696606786423
same_ren,220,15,220,30,True,/users/delfos/aina/secoem-VSS/scentree-gen-remote/same_ren_scentree/scenariotree_220/results_15.json,1741,31,81,56.16129032258065,81,2.7160493827160495,22,0.004545454545454545,0.1,0.016275397581086107,0.8774577560195681,29.584352078239608
same_ren,220,16,220,30,True,/users/delfos/aina/secoem-VSS/scentree-gen-remote/same_ren_scentree/scenariotree_220/results_16.json,1873,31,86,60.41935483870968,86,2.558139534883721,17,0.004545454545454545,0.07727272727272727,0.012294918687990456,0.9125738139152269,40.604026845637584
same_ren,220,17,220,30,True,/users/delfos/aina/secoem-VSS/scentree-gen-remote/same_ren_scentree/scenariotree_220/results_17.json,1723,31,73,55.58064516129032,73,3.0136986301369864,35,0.004545454545454545,0.1590909090909091,0.023940153678698537,0.8304233188092909,18.00595238095238
same_ren,220,18,220,30,True,/users/delfos/aina/secoem-VSS/scentree-gen-remote/same_ren_scentree/scenariotree_220/results_18.json,1656,31,74,53.41935483870968,74,2.972972972972973,41,0.004545454545454545,0.18636363636363637,0.024283029002328052,0.8408394361785881,17.49819233550253
same_ren,220,19,220,30,True,/users/delfos/aina/secoem-VSS/scentree-gen-remote/same_ren_scentree/scenariotree_220/results_19.json,1866,31,81,60.193548387096776,81,2.7160493827160495,27,0.004545454545454545,0.12272727272727273,0.0186285544929362,0.8600990136585893,24.719101123595504
same_ren,220,2,220,30,True,/users/delfos/aina/secoem-VSS/scentree-gen-remote/same_ren_scentree/scenariotree_220/results_2.json,2187,31,95,70.54838709677419,95,2.3157894736842106,53,0.004545454545454545,0.2409090909090909,0.02529738872734186,0.8218152652958596,14.020857473928166
same_ren,220,20,220,30,True,/users/delfos/aina/secoem-VSS/scentree-gen-remote/same_ren_scentree/scenariotree_220/results_20.json,1749,31,74,56.41935483870968,74,2.972972972972973,28,0.004545454545454545,0.12727272727272726,0.01974220968057518,0.8582773237368169,23.609756097560975
same_ren,220,21,220,30,True,/users/delfos/aina/secoem-VSS/scentree-gen-remote/same_ren_scentree/scenariotree_220/results_21.json,2248,31,89,72.51612903225806,89,2.4719101123595504,53,0.004545454545454545,0.2409090909090909,0.0261080019999253,0.8283009237209397,13.908045977011493
same_ren,220,22,220,30,True,/users/delfos/aina/secoem-VSS/scentree-gen-remote/same_ren_scentree/scenariotree_220/results_22.json,1706,31,74,55.03225806451613,74,2.972972972972973,19,0.004545454545454545,0.08636363636363636,0.014944857562881348,0.8978175662293806,33.28748280605227
same_ren,220,23,220,30,True,/users/delfos/aina/secoem-VSS/scentree-gen-remote/same_ren_scentree/scenariotree_220/results_23.json,1894,31,84,61.096774193548384,84,2.619047619047619,17,0.004545454545454545,0.07727272727272727,0.016069150945638537,0.8795238452112075,29.76629766297663
same_ren,220,24,220,30,True,/users/delfos/aina/secoem-VSS/scentree-gen-remote/same_ren_scentree/scenariotree_220/results_24.json,1933,31,80,62.354838709677416,80,2.75,12,0.004545454545454545,0.05454545454545454,0.013397529684717722,0.9024248215158056,37.23076923076923
same_ren,220,25,220,30,True,/users/delfos/aina/secoem-VSS/scentree-gen-remote/same_ren_scentree/scenariotree_220/results_25.json,1885,31,80,60.806451612903224,80,2.75,23,0.004545454545454545,0.10454545454545454,0.017030296290303854,0.8783721416561118,28.00925925925926
same_ren,220,26,220,30,True,/users/delfos/aina/secoem-VSS/scentree-gen-remote/same_ren_scentree/scenariotree_220/results_26.json,1749,31,77,56.41935483870968,77,2.857142857142857,26,0.004545454545454545,0.11818181818181818,0.018629585050429,0.8696586879848223,25.182101977107177
same_ren,220,27,220,30,True,/users/delfos/aina/secoem-VSS/scentree-gen-remote/same_ren_scentree/scenariotree_220/results_27.json,1755,31,85,56.61290322580645,85,2.588235294117647,32,0.004545454545454545,0.14545454545454545,0.01931362472386431,0.854747523958054,23.003802281368824
same_ren,220,28,220,30,True,/users/delfos/aina/secoem-VSS/scentree-gen-remote/same_ren_scentree/scenariotree_220/results_28.json,2109,31,95,68.03225806451613,95,2.3157894736842106,53,0.004545454545454545,0.2409090909090909,0.024933693346455062,0.8294813501053155,14.37054631828979
same_ren,220,29,220,30,True,/users/delfos/aina/secoem-VSS/scentree-gen-remote/same_ren_scentree/scenariotree_220/results_29.json,1952,31,79,62.96774193548387,79,2.7848101265822787,32,0.004545454545454545,0.14545454545454545,0.020668183470480085,0.8428215485633733,21.549421193232412
same_ren,220,3,220,30,True,/users/delfos/aina/secoem-VSS/scentree-gen-remote/same_ren_scentree/scenariotree_220/results_3.json,1860,31,76,60.0,76,2.8947368421052633,35,0.004545454545454545,0.1590909090909091,0.02248167475881371,0.8456385396132903,19.39102564102564
same_ren,220,30,220,30,True,/users/delfos/aina/secoem-VSS/scentree-gen-remote/same_ren_scentree/scenariotree_220/results_30.json,1505,31,86,48.54838709677419,86,2.558139534883721,14,0.004545454545454545,0.06363636363636363,0.013576412456489852,0.8991325075509705,36.39097744360902
same_ren,220,31,220,30,True,/users/delfos/aina/secoem-VSS/scentree-gen-remote/same_ren_scentree/scenariotree_220/results_31.json,1780,31,74,57.41935483870968,74,2.972972972972973,30,0.004545454545454545,0.13636363636363635,0.020936486872503865,0.8503996143900624,21.762589928057558
same_ren,220,4,220,30,True,/users/delfos/aina/secoem-VSS/scentree-gen-remote/same_ren_scentree/scenariotree_220/results_4.json,2132,31,89,68.7741935483871,89,2.4719101123595504,31,0.004545454545454545,0.1409090909090909,0.01946553353597377,0.8514971261125028,22.24264705882353
same_ren,220,5,220,30,True,/users/delfos/aina/secoem-VSS/scentree-gen-remote/same_ren_scentree/scenariotree_220/results_5.json,2233,31,100,72.03225806451613,100,2.2,41,0.004545454545454545,0.18636363636363637,0.0211644485942233,0.8343869464467619,18.250377073906485
same_ren,220,6,220,30,True,/users/delfos/aina/secoem-VSS/scentree-gen-remote/same_ren_scentree/scenariotree_220/results_6.json,1837,31,74,59.25806451612903,74,2.972972972972973,16,0.004545454545454545,0.07272727272727272,0.016303002819205915,0.878591913802846,30.136986301369863
same_ren,220,7,220,30,True,/users/delfos/aina/secoem-VSS/scentree-gen-remote/same_ren_scentree/scenariotree_220/results_7.json,2144,31,89,69.16129032258064,89,2.4719101123595504,26,0.004545454545454545,0.11818181818181818,0.021168066744471883,0.8202772857549434,19.563459983831848
same_ren,220,8,220,30,True,/users/delfos/aina/secoem-VSS/scentree-gen-remote/same_ren_scentree/scenariotree_220/results_8.json,1771,31,77,57.12903225806452,77,2.857142857142857,29,0.004545454545454545,0.1318181818181818,0.020085070306543263,0.8522706204089544,22.701688555347094
same_ren,220,9,220,30,True,/users/delfos/aina/secoem-VSS/scentree-gen-remote/same_ren_scentree/scenariotree_220/results_9.json,1591,31,70,51.32258064516129,70,3.142857142857143,31,0.004545454545454545,0.1409090909090909,0.023130012323005905,0.8437233641161682,19.329073482428115
same_ren,230,1,230,30,True,/users/delfos/aina/secoem-VSS/scentree-gen-remote/same_ren_scentree/scenariotree_230/results_1.json,1952,31,77,62.96774193548387,77,2.987012987012987,28,0.004347826086956522,0.12173913043478261,0.020531009621344454,0.8482014374317861,22.00499168053245
same_ren,230,10,230,30,True,/users/delfos/aina/secoem-VSS/scentree-gen-remote/same_ren_scentree/scenariotree_230/results_10.json,1997,31,80,64.41935483870968,80,2.875,24,0.004347826086956522,0.10434782608695652,0.016317024057777182,0.8808210903731986,29.58612975391499
same_ren,230,11,230,30,True,/users/delfos/aina/secoem-VSS/scentree-gen-remote/same_ren_scentree/scenariotree_230/results_11.json,1942,31,80,62.645161290322584,80,2.875,30,0.004347826086956522,0.13043478260869565,0.021862422119819654,0.8303372713612956,19.709388971684053
same_ren,230,12,230,30,True,/users/delfos/aina/secoem-VSS/scentree-gen-remote/same_ren_scentree/scenariotree_230/results_12.json,1762,31,81,56.83870967741935,81,2.8395061728395063,39,0.004347826086956522,0.16956521739130434,0.023243260300482772,0.8228803652861031,17.82345013477089
same_ren,230,13,230,30,True,/users/delfos/aina/secoem-VSS/scentree-gen-remote/same_ren_scentree/scenariotree_230/results_13.json,1795,31,70,57.903225806451616,70,3.2857142857142856,35,0.004347826086956522,0.15217391304347827,0.024858691723870854,0.8130020967832985,17.3784494086728
same_ren,230,14,230,30,True,/users/delfos/aina/secoem-VSS/scentree-gen-remote/same_ren_scentree/scenariotree_230/results_14.json,1849,31,79,59.645161290322584,79,2.911392405063291,33,0.004347826086956522,0.14347826086956522,0.021647466333253332,0.8433562389263768,20.129375951293763
same_ren,230,15,230,30,True,/users/delfos/aina/secoem-VSS/scentree-gen-remote/same_ren_scentree/scenariotree_230/results_15.json,1991,31,78,64.2258064516129,78,2.948717948717949,23,0.004347826086956522,0.1,0.019715113101364663,0.8417052822081101,23.181419807186675
same_ren,230,16,230,30,True,/users/delfos/aina/secoem-VSS/scentree-gen-remote/same_ren_scentree/scenariotree_230/results_16.json,1886,31,80,60.83870967741935,80,2.875,40,0.004347826086956522,0.17391304347826086,0.026189788266646898,0.798848994279497,14.842873176206508
same_ren,230,17,230,30,True,/users/delfos/aina/secoem-VSS/scentree-gen-remote/same_ren_scentree/scenariotree_230/results_17.json,2101,31,90,67.7741935483871,90,2.5555555555555554,22,0.004347826086956522,0.09565217391304348,0.01651297900371179,0.8638813870588725,28.04878048780488
same_ren,230,18,230,30,True,/users/delfos/aina/secoem-VSS/scentree-gen-remote/same_ren_scentree/scenariotree_230/results_18.json,1898,31,79,61.225806451612904,79,2.911392405063291,50,0.004347826086956522,0.21739130434782608,0.027272544159143045,0.8002716860672895,14.002117522498667
same_ren,230,19,230,30,True,/users/delfos/aina/secoem-VSS/scentree-gen-remote/same_ren_scentree/scenariotree_230/results_19.json,2124,31,95,68.51612903225806,95,2.4210526315789473,22,0.004347826086956522,0.09565217391304348,0.015002788151558154,0.880171036682742,31.33886255924171
same_ren,230,2,230,30,True,/users/delfos/aina/secoem-VSS/scentree-gen-remote/same_ren_scentree/scenariotree_230/results_2.json,1774,31,73,57.225806451612904,73,3.1506849315068495,26,0.004347826086956522,0.11304347826086956,0.019861384011802624,0.8543836188513247,23.532028469750887
same_ren,230,20,230,30,True,/users/delfos/aina/secoem-VSS/scentree-gen-remote/same_ren_scentree/scenariotree_230/results_20.json,1906,31,77,61.483870967741936,77,2.987012987012987,40,0.004347826086956522,0.17391304347826086,0.024399532763430678,0.8187544608990847,16.998714652956302
same_ren,230,21,230,30,True,/users/delfos/aina/secoem-VSS/scentree-gen-remote/same_ren_scentree/scenariotree_230/results_21.json,2062,31,83,66.51612903225806,83,2.7710843373493974,35,0.004347826086956522,0.15217391304347827,0.02008165739817351,0.8592624265495273,21.96843853820598
same_ren,230,22,230,30,True,/users/delfos/aina/secoem-VSS/scentree-gen-remote/same_ren_scentree/scenariotree_230/results_22.json,2043,31,82,65.90322580645162,82,2.8048780487804876,35,0.004347826086956522,0.15217391304347827,0.021185299692099042,0.8395382765009018,20.408950617283946
same_ren,230,23,230,30,True,/users/delfos/aina/secoem-VSS/scentree-gen-remote/same_ren_scentree/scenariotree_230/results_23.json,2297,31,90,74.09677419354838,90,2.5555555555555554,40,0.004347826086956522,0.17391304347826086,0.02199951414474787,0.8265674790896237,18.291839557399726
same_ren,230,24,230,30,True,/users/delfos/aina/secoem-VSS/scentree-gen-remote/same_ren_scentree/scenariotree_230/results_24.json,1888,31,76,60.903225806451616,76,3.026315789473684,35,0.004347826086956522,0.15217391304347827,0.022492370214013853,0.8380353250823053,19.377289377289372
same_ren,230,25,230,30,True,/users/delfos/aina/secoem-VSS/scentree-gen-remote/same_ren_scentree/scenariotree_230/results_25.json,1965,31,78,63.38709677419355,78,2.948717948717949,40,0.004347826086956522,0.17391304347826086,0.02272990231094736,0.8425815804142482,18.825622775800717
same_ren,230,26,230,30,True,/users/delfos/aina/secoem-VSS/scentree-gen-remote/same_ren_scentree/scenariotree_230/results_26.json,1678,31,66,54.12903225806452,66,3.484848484848485,23,0.004347826086956522,0.1,0.021939033777600685,0.8431786981906596,21.31345688960516
same_ren,230,27,230,30,True,/users/delfos/aina/secoem-VSS/scentree-gen-remote/same_ren_scentree/scenariotree_230/results_27.json,2032,31,81,65.54838709677419,81,2.8395061728395063,14,0.004347826086956522,0.06086956521739131,0.013185074876624146,0.9049629274718233,37.83977110157367
same_ren,230,28,230,30,True,/users/delfos/aina/secoem-VSS/scentree-gen-remote/same_ren_scentree/scenariotree_230/results_28.json,2033,31,90,65.58064516129032,90,2.5555555555555554,18,0.004347826086956522,0.0782608695652174,0.013029156567546126,0.9025671206184073,37.89398280802291
same_ren,230,29,230,30,True,/users/delfos/aina/secoem-VSS/scentree-gen-remote/same_ren_scentree/scenariotree_230/results_29.json,1948,31,82,62.83870967741935,82,2.8048780487804876,28,0.004347826086956522,0.12173913043478261,0.01719720723657272,0.8750965235013516,27.43775933609958
same_ren,230,3,230,30,True,/users/delfos/aina/secoem-VSS/scentree-gen-remote/same_ren_scentree/scenariotree_230/results_3.json,1917,31,80,61.83870967741935,80,2.875,32,0.004347826086956522,0.1391304347826087,0.02209892477860655,0.8373021948031907,19.391495601173023
same_ren,230,30,230,30,True,/users/delfos/aina/secoem-VSS/scentree-gen-remote/same_ren_scentree/scenariotree_230/results_30.json,1745,31,72,56.29032258064516,72,3.1944444444444446,24,0.004347826086956522,0.10434782608695652,0.01978723852083054,0.8575355740756231,23.764600179694515
same_ren,230,31,230,30,True,/users/delfos/aina/secoem-VSS/scentree-gen-remote/same_ren_scentree/scenariotree_230/results_31.json,2063,31,81,66.54838709677419,81,2.8395061728395063,40,0.004347826086956522,0.17391304347826086,0.022694588793060463,0.8372865958733985,18.496503496503497
same_ren,230,4,230,30,True,/users/delfos/aina/secoem-VSS/scentree-gen-remote/same_ren_scentree/scenariotree_230/results_4.json,1985,31,80,64.03225806451613,80,2.875,24,0.004347826086956522,0.10434782608695652,0.015936057840899884,0.8884893884507955,30.47235023041474
same_ren,230,5,230,30,True,/users/delfos/aina/secoem-VSS/scentree-gen-remote/same_ren_scentree/scenariotree_230/results_5.json,1979,31,86,63.83870967741935,86,2.6744186046511627,28,0.004347826086956522,0.12173913043478261,0.019516756751862294,0.8497499165184771,22.5298126064736
same_ren,230,6,230,30,True,/users/delfos/aina/secoem-VSS/scentree-gen-remote/same_ren_scentree/scenariotree_230/results_6.json,1700,31,75,54.83870967741935,75,3.066666666666667,30,0.004347826086956522,0.13043478260869565,0.020123541979953367,0.8573060930351747,22.880622837370243
same_ren,230,7,230,30,True,/users/delfos/aina/secoem-VSS/scentree-gen-remote/same_ren_scentree/scenariotree_230/results_7.json,2485,31,106,80.16129032258064,106,2.169811320754717,18,0.004347826086956522,0.0782608695652174,0.012448441274478621,0.8988154263935074,38.66959064327485
same_ren,230,8,230,30,True,/users/delfos/aina/secoem-VSS/scentree-gen-remote/same_ren_scentree/scenariotree_230/results_8.json,2042,31,83,65.87096774193549,83,2.7710843373493974,35,0.004347826086956522,0.15217391304347827,0.025255884542279356,0.7915889329179504,15.38685282140779
same_ren,230,9,230,30,True,/users/delfos/aina/secoem-VSS/scentree-gen-remote/same_ren_scentree/scenariotree_230/results_9.json,1878,31,78,60.58064516129032,78,2.948717948717949,28,0.004347826086956522,0.12173913043478261,0.019837660128905442,0.8560055827633554,22.98001737619461
same_ren,240,1,240,30,True,/users/delfos/aina/secoem-VSS/scentree-gen-remote/same_ren_scentree/scenariotree_240/results_1.json,1897,31,93,61.193548387096776,93,2.5806451612903225,24,0.004166666666666667,0.1,0.01748999736157842,0.8507159817466045,25.509300265721873
same_ren,240,10,240,30,True,/users/delfos/aina/secoem-VSS/scentree-gen-remote/same_ren_scentree/scenariotree_240/results_10.json,1890,31,78,60.96774193548387,78,3.076923076923077,24,0.004166666666666667,0.1,0.019253903463906066,0.8481413121311824,23.96006655574042
same_ren,240,11,240,30,True,/users/delfos/aina/secoem-VSS/scentree-gen-remote/same_ren_scentree/scenariotree_240/results_11.json,2143,31,80,69.12903225806451,80,3.0,24,0.004166666666666667,0.1,0.0162713534914722,0.8777639118396618,29.69072164948453
same_ren,240,12,240,30,True,/users/delfos/aina/secoem-VSS/scentree-gen-remote/same_ren_scentree/scenariotree_240/results_12.json,2000,31,78,64.51612903225806,78,3.076923076923077,18,0.004166666666666667,0.075,0.01688913002872938,0.8644123923532017,28.514851485148505
same_ren,240,13,240,30,True,/users/delfos/aina/secoem-VSS/scentree-gen-remote/same_ren_scentree/scenariotree_240/results_13.json,2093,31,85,67.51612903225806,85,2.823529411764706,23,0.004166666666666667,0.09583333333333334,0.017505560164650564,0.8583566227158722,26.446280991735527
same_ren,240,14,240,30,True,/users/delfos/aina/secoem-VSS/scentree-gen-remote/same_ren_scentree/scenariotree_240/results_14.json,2066,31,85,66.64516129032258,85,2.823529411764706,36,0.004166666666666667,0.15,0.02137221172606667,0.8291500748297747,19.76664378860672
same_ren,240,15,240,30,True,/users/delfos/aina/secoem-VSS/scentree-gen-remote/same_ren_scentree/scenariotree_240/results_15.json,2156,31,80,69.54838709677419,80,3.0,51,0.004166666666666667,0.2125,0.025181631863986358,0.8288231165505787,15.815485996705107
same_ren,240,16,240,30,True,/users/delfos/aina/secoem-VSS/scentree-gen-remote/same_ren_scentree/scenariotree_240/results_16.json,1880,31,84,60.645161290322584,84,2.857142857142857,30,0.004166666666666667,0.125,0.017946206466287303,0.8607765146806143,25.668449197860955
same_ren,240,17,240,30,True,/users/delfos/aina/secoem-VSS/scentree-gen-remote/same_ren_scentree/scenariotree_240/results_17.json,1883,31,90,60.74193548387097,90,2.6666666666666665,24,0.004166666666666667,0.1,0.01678200829665913,0.8610760372964035,27.428571428571427
same_ren,240,18,240,30,True,/users/delfos/aina/secoem-VSS/scentree-gen-remote/same_ren_scentree/scenariotree_240/results_18.json,1790,31,72,57.74193548387097,72,3.3333333333333335,51,0.004166666666666667,0.2125,0.027777777777777776,0.8025808597625853,14.399999999999999
same_ren,240,19,240,30,True,/users/delfos/aina/secoem-VSS/scentree-gen-remote/same_ren_scentree/scenariotree_240/results_19.json,1893,31,81,61.064516129032256,81,2.962962962962963,30,0.004166666666666667,0.125,0.018776495276858186,0.8553725677128255,24.44821731748727
same_ren,240,2,240,30,True,/users/delfos/aina/secoem-VSS/scentree-gen-remote/same_ren_scentree/scenariotree_240/results_2.json,1911,31,88,61.645161290322584,88,2.727272727272727,40,0.004166666666666667,0.16666666666666666,0.0214191064736696,0.829150330605427,19.328859060402685
same_ren,240,20,240,30,True,/users/delfos/aina/secoem-VSS/scentree-gen-remote/same_ren_scentree/scenariotree_240/results_20.json,2233,31,92,72.03225806451613,92,2.608695652173913,25,0.004166666666666667,0.10416666666666667,0.01762374856089175,0.8575700234453183,25.352112676056336
same_ren,240,21,240,30,True,/users/delfos/aina/secoem-VSS/scentree-gen-remote/same_ren_scentree/scenariotree_240/results_21.json,2015,31,86,65.0,86,2.7906976744186047,27,0.004166666666666667,0.1125,0.015771967462392178,0.8835783536326025,30.28391167192428
same_ren,240,22,240,30,True,/users/delfos/aina/secoem-VSS/scentree-gen-remote/same_ren_scentree/scenariotree_240/results_22.json,1988,31,81,64.12903225806451,81,2.962962962962963,23,0.004166666666666667,0.09583333333333334,0.018696419149420607,0.8513832950780247,24.594363791631086
same_ren,240,23,240,30,True,/users/delfos/aina/secoem-VSS/scentree-gen-remote/same_ren_scentree/scenariotree_240/results_23.json,2033,31,83,65.58064516129032,83,2.891566265060241,35,0.004166666666666667,0.14583333333333334,0.022610098473001466,0.8185022982394146,18.35564053537285
same_ren,240,24,240,30,True,/users/delfos/aina/secoem-VSS/scentree-gen-remote/same_ren_scentree/scenariotree_240/results_24.json,1809,31,78,58.354838709677416,78,3.076923076923077,40,0.004166666666666667,0.16666666666666666,0.023435456755848575,0.8207950285024251,17.96631316281971
same_ren,240,25,240,30,True,/users/delfos/aina/secoem-VSS/scentree-gen-remote/same_ren_scentree/scenariotree_240/results_25.json,2475,31,99,79.83870967741936,99,2.4242424242424243,28,0.004166666666666667,0.11666666666666667,0.016751581967639016,0.8623460151355705,26.39780018331805
same_ren,240,26,240,30,True,/users/delfos/aina/secoem-VSS/scentree-gen-remote/same_ren_scentree/scenariotree_240/results_26.json,1801,31,79,58.096774193548384,79,3.037974683544304,35,0.004166666666666667,0.14583333333333334,0.02052453676743292,0.8477473336308096,21.76870748299319
same_ren,240,27,240,30,True,/users/delfos/aina/secoem-VSS/scentree-gen-remote/same_ren_scentree/scenariotree_240/results_27.json,2261,31,91,72.93548387096774,91,2.6373626373626373,30,0.004166666666666667,0.125,0.020068530364420537,0.8316526705111089,20.991253644314867
same_ren,240,28,240,30,True,/users/delfos/aina/secoem-VSS/scentree-gen-remote/same_ren_scentree/scenariotree_240/results_28.json,2264,31,91,73.03225806451613,91,2.6373626373626373,18,0.004166666666666667,0.075,0.015200085995953197,0.8702746005356949,31.236442516268973
same_ren,240,29,240,30,True,/users/delfos/aina/secoem-VSS/scentree-gen-remote/same_ren_scentree/scenariotree_240/results_29.json,2229,31,85,71.90322580645162,85,2.823529411764706,28,0.004166666666666667,0.11666666666666667,0.017954832475610024,0.8556503989591463,25.53191489361701
same_ren,240,3,240,30,True,/users/delfos/aina/secoem-VSS/scentree-gen-remote/same_ren_scentree/scenariotree_240/results_3.json,1810,31,77,58.38709677419355,77,3.116883116883117,22,0.004166666666666667,0.09166666666666666,0.017225140319983505,0.8701847399870187,27.90697674418604
same_ren,240,30,240,30,True,/users/delfos/aina/secoem-VSS/scentree-gen-remote/same_ren_scentree/scenariotree_240/results_30.json,2132,31,88,68.7741935483871,88,2.727272727272727,27,0.004166666666666667,0.1125,0.01805014664338123,0.8566289255365124,24.978317432784042
same_ren,240,31,240,30,True,/users/delfos/aina/secoem-VSS/scentree-gen-remote/same_ren_scentree/scenariotree_240/results_31.json,2083,31,85,67.19354838709677,85,2.823529411764706,36,0.004166666666666667,0.15,0.02348494572899599,0.8140444674067906,17.051509769094135
same_ren,240,4,240,30,True,/users/delfos/aina/secoem-VSS/scentree-gen-remote/same_ren_scentree/scenariotree_240/results_4.json,1989,31,82,64.16129032258064,82,2.926829268292683,40,0.004166666666666667,0.16666666666666666,0.020739427464213988,0.8495055385271497,21.068032187271395
same_ren,240,5,240,30,True,/users/delfos/aina/secoem-VSS/scentree-gen-remote/same_ren_scentree/scenariotree_240/results_5.json,1885,31,84,60.806451612903224,84,2.857142857142857,16,0.004166666666666667,0.06666666666666667,0.01245266927342318,0.9101491282260419,40.111420612813376
same_ren,240,6,240,30,True,/users/delfos/aina/secoem-VSS/scentree-gen-remote/same_ren_scentree/scenariotree_240/results_6.json,2106,31,84,67.93548387096774,84,2.857142857142857,20,0.004166666666666667,0.08333333333333333,0.01436403793471291,0.8902931661479007,34.20427553444181
same_ren,240,7,240,30,True,/users/delfos/aina/secoem-VSS/scentree-gen-remote/same_ren_scentree/scenariotree_240/results_7.json,2019,31,83,65.12903225806451,83,2.891566265060241,36,0.004166666666666667,0.15,0.023641220696297222,0.8084083817497436,17.112299465240643
same_ren,240,8,240,30,True,/users/delfos/aina/secoem-VSS/scentree-gen-remote/same_ren_scentree/scenariotree_240/results_8.json,2101,31,89,67.7741935483871,89,2.696629213483146,21,0.004166666666666667,0.0875,0.015990552161196703,0.8736527799009952,29.41777323799796
same_ren,240,9,240,30,True,/users/delfos/aina/secoem-VSS/scentree-gen-remote/same_ren_scentree/scenariotree_240/results_9.json,2053,31,88,66.2258064516129,88,2.727272727272727,32,0.004166666666666667,0.13333333333333333,0.01987102583121818,0.8313085951353052,21.68674698795181
same_ren,250,1,250,30,True,/users/delfos/aina/secoem-VSS/scentree-gen-remote/same_ren_scentree/scenariotree_250/results_1.json,1837,31,78,59.25806451612903,78,3.2051282051282053,31,0.004,0.124,0.01850138150749108,0.861419175643716,25.303643724696347
same_ren,250,10,250,30,True,/users/delfos/aina/secoem-VSS/scentree-gen-remote/same_ren_scentree/scenariotree_250/results_10.json,2060,31,87,66.45161290322581,87,2.8735632183908044,28,0.004,0.112,0.019022596099713535,0.8380779330879206,23.26880119136262
same_ren,250,11,250,30,True,/users/delfos/aina/secoem-VSS/scentree-gen-remote/same_ren_scentree/scenariotree_250/results_11.json,1843,31,72,59.45161290322581,72,3.4722222222222223,29,0.004,0.116,0.020493600325979515,0.8467745731666341,22.661348803480784
same_ren,250,12,250,30,True,/users/delfos/aina/secoem-VSS/scentree-gen-remote/same_ren_scentree/scenariotree_250/results_12.json,2119,31,103,68.35483870967742,103,2.4271844660194173,33,0.004,0.132,0.016341994903809606,0.8612250071411406,26.87016337059329
same_ren,250,13,250,30,True,/users/delfos/aina/secoem-VSS/scentree-gen-remote/same_ren_scentree/scenariotree_250/results_13.json,1816,31,78,58.58064516129032,78,3.2051282051282053,18,0.004,0.072,0.017035215102345166,0.8643887453283225,28.203971119133563
same_ren,250,14,250,30,True,/users/delfos/aina/secoem-VSS/scentree-gen-remote/same_ren_scentree/scenariotree_250/results_14.json,1695,31,79,54.67741935483871,79,3.1645569620253164,25,0.004,0.1,0.017318232198458676,0.8689079907432493,27.508802816901397
same_ren,250,15,250,30,True,/users/delfos/aina/secoem-VSS/scentree-gen-remote/same_ren_scentree/scenariotree_250/results_15.json,1977,31,88,63.774193548387096,88,2.840909090909091,20,0.004,0.08,0.01656816623019593,0.8579089911604668,28.153153153153152
same_ren,250,16,250,30,True,/users/delfos/aina/secoem-VSS/scentree-gen-remote/same_ren_scentree/scenariotree_250/results_16.json,2095,31,87,67.58064516129032,87,2.8735632183908044,28,0.004,0.112,0.018808700336542344,0.8433556022768168,23.656320968962913
same_ren,250,17,250,30,True,/users/delfos/aina/secoem-VSS/scentree-gen-remote/same_ren_scentree/scenariotree_250/results_17.json,1902,31,79,61.354838709677416,79,3.1645569620253164,38,0.004,0.152,0.023919107385630016,0.8099670483924927,17.284292035398224
same_ren,250,18,250,30,True,/users/delfos/aina/secoem-VSS/scentree-gen-remote/same_ren_scentree/scenariotree_250/results_18.json,2525,31,100,81.45161290322581,100,2.5,41,0.004,0.164,0.01887644034239507,0.8487869784003207,21.914446002805047
same_ren,250,19,250,30,True,/users/delfos/aina/secoem-VSS/scentree-gen-remote/same_ren_scentree/scenariotree_250/results_19.json,1943,31,83,62.67741935483871,83,3.0120481927710845,24,0.004,0.096,0.01570197103309916,0.878956821981316,30.757874015748026
same_ren,250,2,250,30,True,/users/delfos/aina/secoem-VSS/scentree-gen-remote/same_ren_scentree/scenariotree_250/results_2.json,1987,31,91,64.09677419354838,91,2.7472527472527473,41,0.004,0.164,0.022546408551747152,0.8102234035329119,17.4678591391839
same_ren,250,20,250,30,True,/users/delfos/aina/secoem-VSS/scentree-gen-remote/same_ren_scentree/scenariotree_250/results_20.json,2177,31,90,70.2258064516129,90,2.7777777777777777,16,0.004,0.064,0.012631921156291526,0.8991501330932818,39.25879396984925
same_ren,250,21,250,30,True,/users/delfos/aina/secoem-VSS/scentree-gen-remote/same_ren_scentree/scenariotree_250/results_21.json,2051,31,87,66.16129032258064,87,2.8735632183908044,41,0.004,0.164,0.02139764385096725,0.8281162826492491,19.482543640897752
same_ren,250,22,250,30,True,/users/delfos/aina/secoem-VSS/scentree-gen-remote/same_ren_scentree/scenariotree_250/results_22.json,1856,31,92,59.87096774193548,92,2.717391304347826,41,0.004,0.164,0.02172817115060756,0.8220068409761017,18.414849734826163
same_ren,250,23,250,30,True,/users/delfos/aina/secoem-VSS/scentree-gen-remote/same_ren_scentree/scenariotree_250/results_23.json,2102,31,84,67.80645161290323,84,2.9761904761904763,52,0.004,0.208,0.024941655273867724,0.81527978254495,15.586034912718203
same_ren,250,24,250,30,True,/users/delfos/aina/secoem-VSS/scentree-gen-remote/same_ren_scentree/scenariotree_250/results_24.json,1943,31,76,62.67741935483871,76,3.289473684210526,33,0.004,0.132,0.020249140743029692,0.8491102105805571,22.563176895306857
same_ren,250,25,250,30,True,/users/delfos/aina/secoem-VSS/scentree-gen-remote/same_ren_scentree/scenariotree_250/results_25.json,2099,31,84,67.70967741935483,84,2.9761904761904763,22,0.004,0.088,0.015614110718024873,0.8746697632190221,30.879446640316203
same_ren,250,26,250,30,True,/users/delfos/aina/secoem-VSS/scentree-gen-remote/same_ren_scentree/scenariotree_250/results_26.json,2026,31,89,65.35483870967742,89,2.808988764044944,31,0.004,0.124,0.019456677587387658,0.846280073530553,22.25783475783476
same_ren,250,27,250,30,True,/users/delfos/aina/secoem-VSS/scentree-gen-remote/same_ren_scentree/scenariotree_250/results_27.json,2320,31,90,74.83870967741936,90,2.7777777777777777,32,0.004,0.128,0.018750078189137383,0.8395679897312041,23.39071856287425
same_ren,250,28,250,30,True,/users/delfos/aina/secoem-VSS/scentree-gen-remote/same_ren_scentree/scenariotree_250/results_28.json,1956,31,88,63.096774193548384,88,2.840909090909091,21,0.004,0.084,0.014268673425455994,0.8859632367838108,34.15300546448088
same_ren,250,29,250,30,True,/users/delfos/aina/secoem-VSS/scentree-gen-remote/same_ren_scentree/scenariotree_250/results_29.json,1896,31,84,61.16129032258065,84,2.9761904761904763,21,0.004,0.084,0.014915331715433147,0.8811629963675925,32.68828451882845
same_ren,250,3,250,30,True,/users/delfos/aina/secoem-VSS/scentree-gen-remote/same_ren_scentree/scenariotree_250/results_3.json,2083,31,92,67.19354838709677,92,2.717391304347826,38,0.004,0.152,0.01882945044760442,0.8596023792916052,22.994849153789552
same_ren,250,30,250,30,True,/users/delfos/aina/secoem-VSS/scentree-gen-remote/same_ren_scentree/scenariotree_250/results_30.json,1728,31,84,55.74193548387097,84,2.9761904761904763,38,0.004,0.152,0.023768536148816494,0.8086564577402641,16.846361185983824
same_ren,250,31,250,30,True,/users/delfos/aina/secoem-VSS/scentree-gen-remote/same_ren_scentree/scenariotree_250/results_31.json,1964,31,79,63.354838709677416,79,3.1645569620253164,29,0.004,0.116,0.016903962591352874,0.8745855584651544,28.383287920072657
same_ren,250,4,250,30,True,/users/delfos/aina/secoem-VSS/scentree-gen-remote/same_ren_scentree/scenariotree_250/results_4.json,1890,31,82,60.96774193548387,82,3.048780487804878,18,0.004,0.072,0.01576538275075524,0.872516177214713,30.697445972495082
same_ren,250,5,250,30,True,/users/delfos/aina/secoem-VSS/scentree-gen-remote/same_ren_scentree/scenariotree_250/results_5.json,2349,31,93,75.7741935483871,93,2.6881720430107525,52,0.004,0.208,0.022771258961884713,0.8348216505215694,16.95604991861096
same_ren,250,6,250,30,True,/users/delfos/aina/secoem-VSS/scentree-gen-remote/same_ren_scentree/scenariotree_250/results_6.json,1728,31,85,55.74193548387097,85,2.9411764705882355,32,0.004,0.128,0.0182670690902725,0.8555279662829667,24.920255183413076
same_ren,250,7,250,30,True,/users/delfos/aina/secoem-VSS/scentree-gen-remote/same_ren_scentree/scenariotree_250/results_7.json,2092,31,84,67.48387096774194,84,2.9761904761904763,21,0.004,0.084,0.01673292950159103,0.8664988204553667,28.229448961156276
same_ren,250,8,250,30,True,/users/delfos/aina/secoem-VSS/scentree-gen-remote/same_ren_scentree/scenariotree_250/results_8.json,2001,31,86,64.54838709677419,86,2.9069767441860463,52,0.004,0.208,0.024669935809169756,0.820532095585353,15.632816408204103
same_ren,250,9,250,30,True,/users/delfos/aina/secoem-VSS/scentree-gen-remote/same_ren_scentree/scenariotree_250/results_9.json,1876,31,83,60.516129032258064,83,3.0120481927710845,21,0.004,0.084,0.01680497890540277,0.8683559809679792,28.17853922452659
same_ren,260,1,260,30,True,/users/delfos/aina/secoem-VSS/scentree-gen-remote/same_ren_scentree/scenariotree_260/results_1.json,1908,31,97,61.54838709677419,97,2.6804123711340204,29,0.0038461538461538464,0.11153846153846154,0.016910333242947537,0.8495242390208173,26.283048211508554
same_ren,260,10,260,30,True,/users/delfos/aina/secoem-VSS/scentree-gen-remote/same_ren_scentree/scenariotree_260/results_10.json,1701,31,81,54.87096774193548,81,3.2098765432098766,39,0.0038461538461538464,0.15,0.02138218342582521,0.831106402733058,20.25164769322948
same_ren,260,11,260,30,True,/users/delfos/aina/secoem-VSS/scentree-gen-remote/same_ren_scentree/scenariotree_260/results_11.json,1854,31,89,59.806451612903224,89,2.9213483146067416,37,0.0038461538461538464,0.1423076923076923,0.01921974376336672,0.8495147472134105,22.66934942991281
same_ren,260,12,260,30,True,/users/delfos/aina/secoem-VSS/scentree-gen-remote/same_ren_scentree/scenariotree_260/results_12.json,1983,31,83,63.96774193548387,83,3.1325301204819276,33,0.0038461538461538464,0.12692307692307692,0.017859059085594015,0.8628728949366737,25.96006144393241
same_ren,260,13,260,30,True,/users/delfos/aina/secoem-VSS/scentree-gen-remote/same_ren_scentree/scenariotree_260/results_13.json,1911,31,81,61.645161290322584,81,3.2098765432098766,34,0.0038461538461538464,0.13076923076923078,0.018664170191913305,0.8527844584340846,24.65353756382203
same_ren,260,14,260,30,True,/users/delfos/aina/secoem-VSS/scentree-gen-remote/same_ren_scentree/scenariotree_260/results_14.json,1923,31,87,62.03225806451613,87,2.9885057471264367,31,0.0038461538461538464,0.11923076923076924,0.016956544481690854,0.8646309431214737,27.39059967585089
same_ren,260,15,260,30,True,/users/delfos/aina/secoem-VSS/scentree-gen-remote/same_ren_scentree/scenariotree_260/results_15.json,1824,31,84,58.83870967741935,84,3.0952380952380953,27,0.0038461538461538464,0.10384615384615385,0.018026574803140592,0.8572049966378323,25.50943396226415
same_ren,260,16,260,30,True,/users/delfos/aina/secoem-VSS/scentree-gen-remote/same_ren_scentree/scenariotree_260/results_16.json,2104,31,96,67.87096774193549,96,2.7083333333333335,33,0.0038461538461538464,0.12692307692307692,0.020366439849016395,0.8167392807201433,19.9057714958775
same_ren,260,17,260,30,True,/users/delfos/aina/secoem-VSS/scentree-gen-remote/same_ren_scentree/scenariotree_260/results_17.json,2056,31,102,66.3225806451613,102,2.549019607843137,30,0.0038461538461538464,0.11538461538461539,0.01542817599046416,0.8666934379119939,29.34027777777778
same_ren,260,18,260,30,True,/users/delfos/aina/secoem-VSS/scentree-gen-remote/same_ren_scentree/scenariotree_260/results_18.json,1816,31,83,58.58064516129032,83,3.1325301204819276,28,0.0038461538461538464,0.1076923076923077,0.01771879272746139,0.8592368433861447,26.242236024844722
same_ren,260,19,260,30,True,/users/delfos/aina/secoem-VSS/scentree-gen-remote/same_ren_scentree/scenariotree_260/results_19.json,1823,31,92,58.806451612903224,92,2.8260869565217392,20,0.0038461538461538464,0.07692307692307693,0.014891865350105218,0.8709247107349253,31.97729422894986
same_ren,260,2,260,30,True,/users/delfos/aina/secoem-VSS/scentree-gen-remote/same_ren_scentree/scenariotree_260/results_2.json,2200,31,96,70.96774193548387,96,2.7083333333333335,63,0.0038461538461538464,0.2423076923076923,0.025710542782887025,0.8067774094539859,13.53624349219063
same_ren,260,20,260,30,True,/users/delfos/aina/secoem-VSS/scentree-gen-remote/same_ren_scentree/scenariotree_260/results_20.json,1828,31,82,58.96774193548387,82,3.1707317073170733,34,0.0038461538461538464,0.13076923076923078,0.02214181777876052,0.8163676328645589,19.085262563523433
same_ren,260,21,260,30,True,/users/delfos/aina/secoem-VSS/scentree-gen-remote/same_ren_scentree/scenariotree_260/results_21.json,1909,31,79,61.58064516129032,79,3.2911392405063293,37,0.0038461538461538464,0.1423076923076923,0.02090700363070322,0.838551553208068,21.19122257053292
same_ren,260,22,260,30,True,/users/delfos/aina/secoem-VSS/scentree-gen-remote/same_ren_scentree/scenariotree_260/results_22.json,1922,31,86,62.0,86,3.0232558139534884,34,0.0038461538461538464,0.13076923076923078,0.021008827557643217,0.8298289685425073,20.167064439140812
same_ren,260,23,260,30,True,/users/delfos/aina/secoem-VSS/scentree-gen-remote/same_ren_scentree/scenariotree_260/results_23.json,2045,31,91,65.96774193548387,91,2.857142857142857,21,0.0038461538461538464,0.08076923076923077,0.014885952949608865,0.8733952489029214,32.098765432098766
same_ren,260,24,260,30,True,/users/delfos/aina/secoem-VSS/scentree-gen-remote/same_ren_scentree/scenariotree_260/results_24.json,2079,31,92,67.06451612903226,92,2.8260869565217392,37,0.0038461538461538464,0.1423076923076923,0.01928594672492698,0.8410265937254908,22.178477690288716
same_ren,260,25,260,30,True,/users/delfos/aina/secoem-VSS/scentree-gen-remote/same_ren_scentree/scenariotree_260/results_25.json,1956,31,87,63.096774193548384,87,2.9885057471264367,39,0.0038461538461538464,0.15,0.018990490545752647,0.8543279813643048,23.326432022084195
same_ren,260,26,260,30,True,/users/delfos/aina/secoem-VSS/scentree-gen-remote/same_ren_scentree/scenariotree_260/results_26.json,1797,31,93,57.96774193548387,93,2.795698924731183,42,0.0038461538461538464,0.16153846153846155,0.020379731142192586,0.8360998443934464,20.251647693229476
same_ren,260,27,260,30,True,/users/delfos/aina/secoem-VSS/scentree-gen-remote/same_ren_scentree/scenariotree_260/results_27.json,1743,31,85,56.225806451612904,85,3.0588235294117645,26,0.0038461538461538464,0.1,0.015889377209374816,0.8742537532857999,30.097951914514695
same_ren,260,28,260,30,True,/users/delfos/aina/secoem-VSS/scentree-gen-remote/same_ren_scentree/scenariotree_260/results_28.json,2258,31,100,72.83870967741936,100,2.6,39,0.0038461538461538464,0.15,0.019940740610485726,0.8381402278104596,20.095124851367423
same_ren,260,29,260,30,True,/users/delfos/aina/secoem-VSS/scentree-gen-remote/same_ren_scentree/scenariotree_260/results_29.json,2128,31,97,68.64516129032258,97,2.6804123711340204,46,0.0038461538461538464,0.17692307692307693,0.021683734559845465,0.8198905928238976,17.883597883597883
same_ren,260,3,260,30,True,/users/delfos/aina/secoem-VSS/scentree-gen-remote/same_ren_scentree/scenariotree_260/results_3.json,1831,31,82,59.064516129032256,82,3.1707317073170733,19,0.0038461538461538464,0.07307692307692308,0.015074320118003784,0.8795596376551034,32.437619961612285
same_ren,260,30,260,30,True,/users/delfos/aina/secoem-VSS/scentree-gen-remote/same_ren_scentree/scenariotree_260/results_30.json,1844,31,90,59.483870967741936,90,2.888888888888889,37,0.0038461538461538464,0.1423076923076923,0.01740423637891318,0.8690064381320405,26.06013878180416
same_ren,260,31,260,30,True,/users/delfos/aina/secoem-VSS/scentree-gen-remote/same_ren_scentree/scenariotree_260/results_31.json,1692,31,80,54.58064516129032,80,3.25,29,0.0038461538461538464,0.11153846153846154,0.01818807887100096,0.863255775177046,25.66438876233865
same_ren,260,4,260,30,True,/users/delfos/aina/secoem-VSS/scentree-gen-remote/same_ren_scentree/scenariotree_260/results_4.json,2281,31,89,73.58064516129032,89,2.9213483146067416,39,0.0038461538461538464,0.15,0.01918512057575499,0.8494736746481257,22.730329522528578
same_ren,260,5,260,30,True,/users/delfos/aina/secoem-VSS/scentree-gen-remote/same_ren_scentree/scenariotree_260/results_5.json,1676,31,82,54.064516129032256,82,3.1707317073170733,33,0.0038461538461538464,0.12692307692307692,0.020296944804854444,0.8339575182951258,21.75032175032175
same_ren,260,6,260,30,True,/users/delfos/aina/secoem-VSS/scentree-gen-remote/same_ren_scentree/scenariotree_260/results_6.json,1880,31,83,60.645161290322584,83,3.1325301204819276,39,0.0038461538461538464,0.15,0.02299778742397065,0.8158139401421703,17.874140666314123
same_ren,260,7,260,30,True,/users/delfos/aina/secoem-VSS/scentree-gen-remote/same_ren_scentree/scenariotree_260/results_7.json,1929,31,94,62.225806451612904,94,2.765957446808511,26,0.0038461538461538464,0.1,0.017011241218942364,0.8558347656493184,26.426896012509772
same_ren,260,8,260,30,True,/users/delfos/aina/secoem-VSS/scentree-gen-remote/same_ren_scentree/scenariotree_260/results_8.json,2028,31,86,65.41935483870968,86,3.0232558139534884,29,0.0038461538461538464,0.11153846153846154,0.01681598028225906,0.8609727352885085,27.818930041152264
same_ren,260,9,260,30,True,/users/delfos/aina/secoem-VSS/scentree-gen-remote/same_ren_scentree/scenariotree_260/results_9.json,2268,31,99,73.16129032258064,99,2.6262626262626263,39,0.0038461538461538464,0.15,0.019669326158879875,0.8235102511786977,20.660146699266505
same_ren,270,1,270,30,True,/users/delfos/aina/secoem-VSS/scentree-gen-remote/same_ren_scentree/scenariotree_270/results_1.json,2079,31,93,67.06451612903226,93,2.903225806451613,29,0.003703703703703704,0.10740740740740741,0.015506213261555147,0.8713293424701857,30.198840099420057
same_ren,270,10,270,30,True,/users/delfos/aina/secoem-VSS/scentree-gen-remote/same_ren_scentree/scenariotree_270/results_10.json,2066,31,92,66.64516129032258,92,2.9347826086956523,33,0.003703703703703704,0.12222222222222222,0.018860010350092188,0.8401129427801778,22.938955317809945
same_ren,270,11,270,30,True,/users/delfos/aina/secoem-VSS/scentree-gen-remote/same_ren_scentree/scenariotree_270/results_11.json,2106,31,83,67.93548387096774,83,3.253012048192771,54,0.003703703703703704,0.2,0.024323143474368477,0.8184017779351325,16.35262449528937
same_ren,270,12,270,30,True,/users/delfos/aina/secoem-VSS/scentree-gen-remote/same_ren_scentree/scenariotree_270/results_12.json,2056,31,92,66.3225806451613,92,2.9347826086956523,25,0.003703703703703704,0.09259259259259259,0.015853337438346004,0.8625903195465495,29.418886198547224
same_ren,270,13,270,30,True,/users/delfos/aina/secoem-VSS/scentree-gen-remote/same_ren_scentree/scenariotree_270/results_13.json,1992,31,95,64.25806451612904,95,2.8421052631578947,23,0.003703703703703704,0.08518518518518518,0.013089781104052636,0.8904739227845404,37.30808597748207
same_ren,270,14,270,30,True,/users/delfos/aina/secoem-VSS/scentree-gen-remote/same_ren_scentree/scenariotree_270/results_14.json,2058,31,88,66.38709677419355,88,3.0681818181818183,42,0.003703703703703704,0.15555555555555556,0.019275726695802745,0.8479817016037402,22.696139476961395
same_ren,270,15,270,30,True,/users/delfos/aina/secoem-VSS/scentree-gen-remote/same_ren_scentree/scenariotree_270/results_15.json,1939,31,80,62.54838709677419,80,3.375,26,0.003703703703703704,0.0962962962962963,0.016296033247035224,0.8816908466497387,29.634146341463413
same_ren,270,16,270,30,True,/users/delfos/aina/secoem-VSS/scentree-gen-remote/same_ren_scentree/scenariotree_270/results_16.json,2100,31,86,67.74193548387096,86,3.13953488372093,32,0.003703703703703704,0.11851851851851852,0.0178712264610219,0.8532101624203714,25.578947368421066
same_ren,270,17,270,30,True,/users/delfos/aina/secoem-VSS/scentree-gen-remote/same_ren_scentree/scenariotree_270/results_17.json,1849,31,94,59.645161290322584,94,2.872340425531915,54,0.003703703703703704,0.2,0.024539265209821762,0.7929017448120441,14.871481028151779
same_ren,270,18,270,30,True,/users/delfos/aina/secoem-VSS/scentree-gen-remote/same_ren_scentree/scenariotree_270/results_18.json,2104,31,89,67.87096774193549,89,3.033707865168539,23,0.003703703703703704,0.08518518518518518,0.015835125588937553,0.8662025761085441,29.803761242845464
same_ren,270,19,270,30,True,/users/delfos/aina/secoem-VSS/scentree-gen-remote/same_ren_scentree/scenariotree_270/results_19.json,2222,31,104,71.6774193548387,104,2.5961538461538463,40,0.003703703703703704,0.14814814814814814,0.018550678846120487,0.8385974207932083,22.024169184290027
same_ren,270,2,270,30,True,/users/delfos/aina/secoem-VSS/scentree-gen-remote/same_ren_scentree/scenariotree_270/results_2.json,2016,31,79,65.03225806451613,79,3.4177215189873418,33,0.003703703703703704,0.12222222222222222,0.020024187028913763,0.8491202601155894,22.55569306930693
same_ren,270,20,270,30,True,/users/delfos/aina/secoem-VSS/scentree-gen-remote/same_ren_scentree/scenariotree_270/results_20.json,2438,31,102,78.64516129032258,102,2.6470588235294117,33,0.003703703703703704,0.12222222222222222,0.015923029738039725,0.8602307807183783,28.038461538461544
same_ren,270,21,270,30,True,/users/delfos/aina/secoem-VSS/scentree-gen-remote/same_ren_scentree/scenariotree_270/results_21.json,1933,31,96,62.354838709677416,96,2.8125,42,0.003703703703703704,0.15555555555555556,0.02275161915079067,0.8055387636894797,16.636239160200827
same_ren,270,22,270,30,True,/users/delfos/aina/secoem-VSS/scentree-gen-remote/same_ren_scentree/scenariotree_270/results_22.json,2031,31,85,65.51612903225806,85,3.176470588235294,32,0.003703703703703704,0.11851851851851852,0.01753995308420619,0.860982505106764,26.374819102749647
same_ren,270,23,270,30,True,/users/delfos/aina/secoem-VSS/scentree-gen-remote/same_ren_scentree/scenariotree_270/results_23.json,2243,31,93,72.35483870967742,93,2.903225806451613,23,0.003703703703703704,0.08518518518518518,0.012773139556419684,0.9007303041162441,38.57142857142856
same_ren,270,24,270,30,True,/users/delfos/aina/secoem-VSS/scentree-gen-remote/same_ren_scentree/scenariotree_270/results_24.json,1847,31,86,59.58064516129032,86,3.13953488372093,33,0.003703703703703704,0.12222222222222222,0.016926982202396888,0.871306577479961,27.571860816944028
same_ren,270,25,270,30,True,/users/delfos/aina/secoem-VSS/scentree-gen-remote/same_ren_scentree/scenariotree_270/results_25.json,1777,31,88,57.32258064516129,88,3.0681818181818183,22,0.003703703703703704,0.08148148148148149,0.014276799026502827,0.8859238476505803,34.12921348314607
same_ren,270,26,270,30,True,/users/delfos/aina/secoem-VSS/scentree-gen-remote/same_ren_scentree/scenariotree_270/results_26.json,1883,31,94,60.74193548387097,94,2.872340425531915,30,0.003703703703703704,0.1111111111111111,0.016879682787994482,0.8546779814922965,26.72287390029326
same_ren,270,27,270,30,True,/users/delfos/aina/secoem-VSS/scentree-gen-remote/same_ren_scentree/scenariotree_270/results_27.json,2080,31,90,67.09677419354838,90,3.0,32,0.003703703703703704,0.11851851851851852,0.01917359867488116,0.8345925816892614,22.62569832402235
same_ren,270,28,270,30,True,/users/delfos/aina/secoem-VSS/scentree-gen-remote/same_ren_scentree/scenariotree_270/results_28.json,1781,31,86,57.45161290322581,86,3.13953488372093,30,0.003703703703703704,0.1111111111111111,0.017428403694392004,0.8611866102895682,26.489825581395355
same_ren,270,29,270,30,True,/users/delfos/aina/secoem-VSS/scentree-gen-remote/same_ren_scentree/scenariotree_270/results_29.json,2259,31,100,72.87096774193549,100,2.7,32,0.003703703703703704,0.11851851851851852,0.016903664751472633,0.8491397212718076,25.924608819345668
same_ren,270,3,270,30,True,/users/delfos/aina/secoem-VSS/scentree-gen-remote/same_ren_scentree/scenariotree_270/results_3.json,2037,31,92,65.70967741935483,92,2.9347826086956523,22,0.003703703703703704,0.08148148148148149,0.01532732995487737,0.8707330169593511,30.785472972972983
same_ren,270,30,270,30,True,/users/delfos/aina/secoem-VSS/scentree-gen-remote/same_ren_scentree/scenariotree_270/results_30.json,2261,31,89,72.93548387096774,89,3.033707865168539,21,0.003703703703703704,0.07777777777777778,0.015757066642668634,0.8670883954864144,30.000000000000007
same_ren,270,31,270,30,True,/users/delfos/aina/secoem-VSS/scentree-gen-remote/same_ren_scentree/scenariotree_270/results_31.json,2201,31,94,71.0,94,2.872340425531915,25,0.003703703703703704,0.09259259259259259,0.015358750177102741,0.8735721489207986,30.476588628762553
same_ren,270,4,270,30,True,/users/delfos/aina/secoem-VSS/scentree-gen-remote/same_ren_scentree/scenariotree_270/results_4.json,2042,31,90,65.87096774193549,90,3.0,32,0.003703703703703704,0.11851851851851852,0.017292766711005558,0.856915432018412,26.2987012987013
same_ren,270,5,270,30,True,/users/delfos/aina/secoem-VSS/scentree-gen-remote/same_ren_scentree/scenariotree_270/results_5.json,1888,31,83,60.903225806451616,83,3.253012048192771,33,0.003703703703703704,0.12222222222222222,0.021387284999247615,0.826057817890889,19.994514536478334
same_ren,270,6,270,30,True,/users/delfos/aina/secoem-VSS/scentree-gen-remote/same_ren_scentree/scenariotree_270/results_6.json,2087,31,85,67.3225806451613,85,3.176470588235294,40,0.003703703703703704,0.14814814814814814,0.019624297138883372,0.8475523085046373,22.472256473489526
same_ren,270,7,270,30,True,/users/delfos/aina/secoem-VSS/scentree-gen-remote/same_ren_scentree/scenariotree_270/results_7.json,2057,31,86,66.35483870967742,86,3.13953488372093,32,0.003703703703703704,0.11851851851851852,0.017179522429551963,0.8652648473952116,27.020014825796896
same_ren,270,8,270,30,True,/users/delfos/aina/secoem-VSS/scentree-gen-remote/same_ren_scentree/scenariotree_270/results_8.json,2191,31,91,70.6774193548387,91,2.967032967032967,54,0.003703703703703704,0.2,0.02381644528903432,0.8104473687133253,15.972830850131462
same_ren,270,9,270,30,True,/users/delfos/aina/secoem-VSS/scentree-gen-remote/same_ren_scentree/scenariotree_270/results_9.json,1954,31,87,63.03225806451613,87,3.103448275862069,43,0.003703703703703704,0.15925925925925927,0.023558747402556562,0.8124360000793187,16.72785681505278
same_ren,280,1,280,30,True,/users/delfos/aina/secoem-VSS/scentree-gen-remote/same_ren_scentree/scenariotree_280/results_1.json,2013,31,89,64.93548387096774,89,3.146067415730337,23,0.0035714285714285713,0.08214285714285714,0.015223536568024226,0.8718345017329299,31.385108086469174
same_ren,280,10,280,30,True,/users/delfos/aina/secoem-VSS/scentree-gen-remote/same_ren_scentree/scenariotree_280/results_10.json,2201,31,100,71.0,100,2.8,43,0.0035714285714285713,0.15357142857142858,0.018571428571428572,0.8326464059920183,22.477064220183482
same_ren,280,11,280,30,True,/users/delfos/aina/secoem-VSS/scentree-gen-remote/same_ren_scentree/scenariotree_280/results_11.json,2048,31,102,66.06451612903226,102,2.7450980392156863,32,0.0035714285714285713,0.11428571428571428,0.017008447417117985,0.8501824444021614,25.438027255029198
same_ren,280,12,280,30,True,/users/delfos/aina/secoem-VSS/scentree-gen-remote/same_ren_scentree/scenariotree_280/results_12.json,2267,31,108,73.12903225806451,108,2.5925925925925926,55,0.0035714285714285713,0.19642857142857142,0.02086469882113096,0.8217827546509666,17.769718948322758
same_ren,280,13,280,30,True,/users/delfos/aina/secoem-VSS/scentree-gen-remote/same_ren_scentree/scenariotree_280/results_13.json,1878,31,84,60.58064516129032,84,3.3333333333333335,18,0.0035714285714285713,0.06428571428571428,0.014182592660169788,0.8843457811999822,34.72099202834366
same_ren,280,14,280,30,True,/users/delfos/aina/secoem-VSS/scentree-gen-remote/same_ren_scentree/scenariotree_280/results_14.json,2347,31,98,75.70967741935483,98,2.857142857142857,33,0.0035714285714285713,0.11785714285714285,0.017496355305594128,0.8438879969630503,24.87309644670051
same_ren,280,15,280,30,True,/users/delfos/aina/secoem-VSS/scentree-gen-remote/same_ren_scentree/scenariotree_280/results_15.json,2024,31,100,65.29032258064517,100,2.8,34,0.0035714285714285713,0.12142857142857143,0.016842608746502282,0.8492680020633466,26.06382978723404
same_ren,280,16,280,30,True,/users/delfos/aina/secoem-VSS/scentree-gen-remote/same_ren_scentree/scenariotree_280/results_16.json,2072,31,88,66.83870967741936,88,3.1818181818181817,55,0.0035714285714285713,0.19642857142857142,0.023736297766813144,0.8132522084742798,16.408539137714524
same_ren,280,17,280,30,True,/users/delfos/aina/secoem-VSS/scentree-gen-remote/same_ren_scentree/scenariotree_280/results_17.json,2177,31,91,70.2258064516129,91,3.076923076923077,43,0.0035714285714285713,0.15357142857142858,0.021599467474614203,0.8178531878224362,18.71121718377088
same_ren,280,18,280,30,True,/users/delfos/aina/secoem-VSS/scentree-gen-remote/same_ren_scentree/scenariotree_280/results_18.json,2125,31,92,68.54838709677419,92,3.0434782608695654,34,0.0035714285714285713,0.12142857142857143,0.019246517012528195,0.8396934165735158,22.24744608399546
same_ren,280,19,280,30,True,/users/delfos/aina/secoem-VSS/scentree-gen-remote/same_ren_scentree/scenariotree_280/results_19.json,2200,31,87,70.96774193548387,87,3.218390804597701,26,0.0035714285714285713,0.09285714285714286,0.016058198233841046,0.8648147499215371,29.473684210526304
same_ren,280,2,280,30,True,/users/delfos/aina/secoem-VSS/scentree-gen-remote/same_ren_scentree/scenariotree_280/results_2.json,2249,31,103,72.54838709677419,103,2.7184466019417477,17,0.0035714285714285713,0.060714285714285714,0.012885789051237518,0.8789720229391518,37.29781160799239
same_ren,280,20,280,30,True,/users/delfos/aina/secoem-VSS/scentree-gen-remote/same_ren_scentree/scenariotree_280/results_20.json,2393,31,100,77.19354838709677,100,2.8,33,0.0035714285714285713,0.11785714285714285,0.019515822989020357,0.827332334323183,20.79575596816976
same_ren,280,21,280,30,True,/users/delfos/aina/secoem-VSS/scentree-gen-remote/same_ren_scentree/scenariotree_280/results_21.json,2025,31,89,65.3225806451613,89,3.146067415730337,23,0.0035714285714285713,0.08214285714285714,0.015595554683927685,0.8647513911456708,30.411171450737
same_ren,280,22,280,30,True,/users/delfos/aina/secoem-VSS/scentree-gen-remote/same_ren_scentree/scenariotree_280/results_22.json,2307,31,99,74.41935483870968,99,2.8282828282828283,26,0.0035714285714285713,0.09285714285714286,0.012690929022650309,0.8955352494155203,38.39373163565132
same_ren,280,23,280,30,True,/users/delfos/aina/secoem-VSS/scentree-gen-remote/same_ren_scentree/scenariotree_280/results_23.json,2369,31,91,76.41935483870968,91,3.076923076923077,30,0.0035714285714285713,0.10714285714285714,0.018668616976633336,0.8360032059493467,23.41696535244922
same_ren,280,24,280,30,True,/users/delfos/aina/secoem-VSS/scentree-gen-remote/same_ren_scentree/scenariotree_280/results_24.json,2193,31,89,70.74193548387096,89,3.146067415730337,28,0.0035714285714285713,0.1,0.01595890303751441,0.8615940061790263,29.495861550037624
same_ren,280,25,280,30,True,/users/delfos/aina/secoem-VSS/scentree-gen-remote/same_ren_scentree/scenariotree_280/results_25.json,2409,31,114,77.70967741935483,114,2.456140350877193,25,0.0035714285714285713,0.08928571428571429,0.01426329969996126,0.8627874345419682,31.284916201117316
same_ren,280,26,280,30,True,/users/delfos/aina/secoem-VSS/scentree-gen-remote/same_ren_scentree/scenariotree_280/results_26.json,2232,31,99,72.0,99,2.8282828282828283,25,0.0035714285714285713,0.08928571428571429,0.015769289183551177,0.8619643621440946,28.802351212343865
same_ren,280,27,280,30,True,/users/delfos/aina/secoem-VSS/scentree-gen-remote/same_ren_scentree/scenariotree_280/results_27.json,2185,31,96,70.48387096774194,96,2.9166666666666665,25,0.0035714285714285713,0.08928571428571429,0.015401605991590012,0.8631072212160249,30.130668716372018
same_ren,280,28,280,30,True,/users/delfos/aina/secoem-VSS/scentree-gen-remote/same_ren_scentree/scenariotree_280/results_28.json,2003,31,87,64.61290322580645,87,3.218390804597701,30,0.0035714285714285713,0.10714285714285714,0.015856067428993384,0.8724502203607655,29.969418960244646
same_ren,280,29,280,30,True,/users/delfos/aina/secoem-VSS/scentree-gen-remote/same_ren_scentree/scenariotree_280/results_29.json,2385,31,106,76.93548387096774,106,2.641509433962264,26,0.0035714285714285713,0.09285714285714286,0.012709437952341605,0.8868173093883236,37.65609990393851
same_ren,280,3,280,30,True,/users/delfos/aina/secoem-VSS/scentree-gen-remote/same_ren_scentree/scenariotree_280/results_3.json,2507,31,104,80.87096774193549,104,2.6923076923076925,35,0.0035714285714285713,0.125,0.018657062468516093,0.8259405636626596,21.826280623608014
same_ren,280,30,280,30,True,/users/delfos/aina/secoem-VSS/scentree-gen-remote/same_ren_scentree/scenariotree_280/results_30.json,2245,31,88,72.41935483870968,88,3.1818181818181817,30,0.0035714285714285713,0.10714285714285714,0.01480925269064998,0.8841054326104362,32.61231281198003
same_ren,280,31,280,30,True,/users/delfos/aina/secoem-VSS/scentree-gen-remote/same_ren_scentree/scenariotree_280/results_31.json,2170,31,93,70.0,93,3.010752688172043,25,0.0035714285714285713,0.08928571428571429,0.01506600414588519,0.8741908721404243,31.385108086469174
same_ren,280,4,280,30,True,/users/delfos/aina/secoem-VSS/scentree-gen-remote/same_ren_scentree/scenariotree_280/results_4.json,2202,31,92,71.03225806451613,92,3.0434782608695654,43,0.0035714285714285713,0.15357142857142858,0.019877292741071334,0.8280422636102759,21.177741761210154
same_ren,280,5,280,30,True,/users/delfos/aina/secoem-VSS/scentree-gen-remote/same_ren_scentree/scenariotree_280/results_5.json,2025,31,92,65.3225806451613,92,3.0434782608695654,43,0.0035714285714285713,0.15357142857142858,0.018202506874333696,0.8580449241737629,24.182603331276987
same_ren,280,6,280,30,True,/users/delfos/aina/secoem-VSS/scentree-gen-remote/same_ren_scentree/scenariotree_280/results_6.json,2260,31,91,72.90322580645162,91,3.076923076923077,27,0.0035714285714285713,0.09642857142857143,0.016381157856102235,0.8553536236104096,28.24207492795389
same_ren,280,7,280,30,True,/users/delfos/aina/secoem-VSS/scentree-gen-remote/same_ren_scentree/scenariotree_280/results_7.json,2021,31,89,65.19354838709677,89,3.146067415730337,23,0.0035714285714285713,0.08214285714285714,0.013832607245798165,0.8915824055529465,35.379061371841146
same_ren,280,8,280,30,True,/users/delfos/aina/secoem-VSS/scentree-gen-remote/same_ren_scentree/scenariotree_280/results_8.json,2270,31,107,73.2258064516129,107,2.616822429906542,33,0.0035714285714285713,0.11785714285714285,0.01669906233778859,0.8384306066901246,25.52083333333333
same_ren,280,9,280,30,True,/users/delfos/aina/secoem-VSS/scentree-gen-remote/same_ren_scentree/scenariotree_280/results_9.json,2025,31,94,65.3225806451613,94,2.978723404255319,43,0.0035714285714285713,0.15357142857142858,0.02042334940937825,0.8236960529379597,20.06141248720573
same_ren,290,1,290,30,True,/users/delfos/aina/secoem-VSS/scentree-gen-remote/same_ren_scentree/scenariotree_290/results_1.json,2126,31,101,68.58064516129032,101,2.871287128712871,16,0.0034482758620689655,0.05517241379310345,0.012224413407044651,0.8849529210478863,40.00951474785917
same_ren,290,10,290,30,True,/users/delfos/aina/secoem-VSS/scentree-gen-remote/same_ren_scentree/scenariotree_290/results_10.json,2289,31,101,73.83870967741936,101,2.871287128712871,37,0.0034482758620689655,0.12758620689655173,0.01759395973370682,0.8473421203871384,24.29231658001155
same_ren,290,11,290,30,True,/users/delfos/aina/secoem-VSS/scentree-gen-remote/same_ren_scentree/scenariotree_290/results_11.json,1994,31,86,64.3225806451613,86,3.372093023255814,22,0.0034482758620689655,0.07586206896551724,0.014459125633510551,0.8803841630538092,33.77510040160642
same_ren,290,12,290,30,True,/users/delfos/aina/secoem-VSS/scentree-gen-remote/same_ren_scentree/scenariotree_290/results_12.json,2175,31,97,70.16129032258064,97,2.9896907216494846,23,0.0034482758620689655,0.07931034482758621,0.01401785294278405,0.8759517717924863,34.04858299595141
same_ren,290,13,290,30,True,/users/delfos/aina/secoem-VSS/scentree-gen-remote/same_ren_scentree/scenariotree_290/results_13.json,2068,31,96,66.70967741935483,96,3.0208333333333335,46,0.0034482758620689655,0.15862068965517243,0.022141242807093602,0.797858979508276,17.39760033098883
same_ren,290,14,290,30,True,/users/delfos/aina/secoem-VSS/scentree-gen-remote/same_ren_scentree/scenariotree_290/results_14.json,2081,31,88,67.12903225806451,88,3.2954545454545454,46,0.0034482758620689655,0.15862068965517243,0.01981674155457311,0.8482202171575197,21.77628171931641
same_ren,290,15,290,30,True,/users/delfos/aina/secoem-VSS/scentree-gen-remote/same_ren_scentree/scenariotree_290/results_15.json,2233,31,91,72.03225806451613,91,3.1868131868131866,28,0.0034482758620689655,0.09655172413793103,0.01568089431323238,0.8689941925079075,29.971489665003567
same_ren,290,16,290,30,True,/users/delfos/aina/secoem-VSS/scentree-gen-remote/same_ren_scentree/scenariotree_290/results_16.json,2088,31,90,67.35483870967742,90,3.2222222222222223,32,0.0034482758620689655,0.1103448275862069,0.01642333488856262,0.871425134719728,28.259408602150536
same_ren,290,17,290,30,True,/users/delfos/aina/secoem-VSS/scentree-gen-remote/same_ren_scentree/scenariotree_290/results_17.json,2221,31,96,71.64516129032258,96,3.0208333333333335,26,0.0034482758620689655,0.0896551724137931,0.015096295203822753,0.8664263498458015,30.964653902798226
same_ren,290,18,290,30,True,/users/delfos/aina/secoem-VSS/scentree-gen-remote/same_ren_scentree/scenariotree_290/results_18.json,2232,31,101,72.0,101,2.871287128712871,42,0.0034482758620689655,0.14482758620689656,0.01963070938967222,0.8289163849516878,20.482221139795417
same_ren,290,19,290,30,True,/users/delfos/aina/secoem-VSS/scentree-gen-remote/same_ren_scentree/scenariotree_290/results_19.json,2232,31,93,72.0,93,3.118279569892473,26,0.0034482758620689655,0.0896551724137931,0.015211207545525606,0.8719189104749387,30.98747236551215
same_ren,290,2,290,30,True,/users/delfos/aina/secoem-VSS/scentree-gen-remote/same_ren_scentree/scenariotree_290/results_2.json,2161,31,92,69.70967741935483,92,3.152173913043478,30,0.0034482758620689655,0.10344827586206896,0.017105421842057596,0.8529521186096221,26.46318439269981
same_ren,290,20,290,30,True,/users/delfos/aina/secoem-VSS/scentree-gen-remote/same_ren_scentree/scenariotree_290/results_20.json,1946,31,91,62.774193548387096,91,3.1868131868131866,59,0.0034482758620689655,0.20344827586206896,0.023173569098620696,0.8168577779184901,16.706396503774336
same_ren,290,21,290,30,True,/users/delfos/aina/secoem-VSS/scentree-gen-remote/same_ren_scentree/scenariotree_290/results_21.json,1971,31,95,63.58064516129032,95,3.0526315789473686,21,0.0034482758620689655,0.07241379310344828,0.01261153676267381,0.8908248708028386,39.0074211502783
same_ren,290,22,290,30,True,/users/delfos/aina/secoem-VSS/scentree-gen-remote/same_ren_scentree/scenariotree_290/results_22.json,2186,31,99,70.51612903225806,99,2.9292929292929295,33,0.0034482758620689655,0.11379310344827587,0.01592126616232097,0.8568011223015295,28.41216216216216
same_ren,290,23,290,30,True,/users/delfos/aina/secoem-VSS/scentree-gen-remote/same_ren_scentree/scenariotree_290/results_23.json,2235,31,102,72.09677419354838,102,2.843137254901961,35,0.0034482758620689655,0.1206896551724138,0.018353230916796807,0.829790631796756,22.644049542272484
same_ren,290,24,290,30,True,/users/delfos/aina/secoem-VSS/scentree-gen-remote/same_ren_scentree/scenariotree_290/results_24.json,2149,31,92,69.3225806451613,92,3.152173913043478,59,0.0034482758620689655,0.20344827586206896,0.024185724704527605,0.7936700981596415,15.459558823529411
same_ren,290,25,290,30,True,/users/delfos/aina/secoem-VSS/scentree-gen-remote/same_ren_scentree/scenariotree_290/results_25.json,1987,31,99,64.09677419354838,99,2.9292929292929295,34,0.0034482758620689655,0.11724137931034483,0.01821528392860779,0.8307058300656308,23.283499446290147
same_ren,290,26,290,30,True,/users/delfos/aina/secoem-VSS/scentree-gen-remote/same_ren_scentree/scenariotree_290/results_26.json,2304,31,97,74.3225806451613,97,2.9896907216494846,59,0.0034482758620689655,0.20344827586206896,0.023242730803205287,0.8033944149619593,15.946150929086084
same_ren,290,27,290,30,True,/users/delfos/aina/secoem-VSS/scentree-gen-remote/same_ren_scentree/scenariotree_290/results_27.json,2146,31,97,69.2258064516129,97,2.9896907216494846,28,0.0034482758620689655,0.09655172413793103,0.016040625066218717,0.8590556770556834,28.35468644639245
same_ren,290,28,290,30,True,/users/delfos/aina/secoem-VSS/scentree-gen-remote/same_ren_scentree/scenariotree_290/results_28.json,2303,31,105,74.29032258064517,105,2.761904761904762,59,0.0034482758620689655,0.20344827586206896,0.02088318793998224,0.8327151689450568,18.07824591573517
same_ren,290,29,290,30,True,/users/delfos/aina/secoem-VSS/scentree-gen-remote/same_ren_scentree/scenariotree_290/results_29.json,2133,31,96,68.80645161290323,96,3.0208333333333335,25,0.0034482758620689655,0.08620689655172414,0.01541295710102268,0.8589401512051086,30.10021474588403
same_ren,290,3,290,30,True,/users/delfos/aina/secoem-VSS/scentree-gen-remote/same_ren_scentree/scenariotree_290/results_3.json,2161,31,102,69.70967741935483,102,2.843137254901961,30,0.0034482758620689655,0.10344827586206896,0.015441895792963027,0.8590278842318515,29.303135888501735
same_ren,290,30,290,30,True,/users/delfos/aina/secoem-VSS/scentree-gen-remote/same_ren_scentree/scenariotree_290/results_30.json,2014,31,97,64.96774193548387,97,2.9896907216494846,22,0.0034482758620689655,0.07586206896551724,0.012963827080471772,0.8874223569494102,37.57819481680071
same_ren,290,31,290,30,True,/users/delfos/aina/secoem-VSS/scentree-gen-remote/same_ren_scentree/scenariotree_290/results_31.json,1974,31,86,63.67741935483871,86,3.372093023255814,46,0.0034482758620689655,0.15862068965517243,0.019570411306562927,0.8504786144259279,22.43863393810032
same_ren,290,4,290,30,True,/users/delfos/aina/secoem-VSS/scentree-gen-remote/same_ren_scentree/scenariotree_290/results_4.json,1948,31,96,62.83870967741935,96,3.0208333333333335,35,0.0034482758620689655,0.1206896551724138,0.01585659549700736,0.8672759742678086,28.940123881624224
same_ren,290,5,290,30,True,/users/delfos/aina/secoem-VSS/scentree-gen-remote/same_ren_scentree/scenariotree_290/results_5.json,1968,31,92,63.483870967741936,92,3.152173913043478,34,0.0034482758620689655,0.11724137931034483,0.0166070320207761,0.8593990926874036,27.591863517060368
same_ren,290,6,290,30,True,/users/delfos/aina/secoem-VSS/scentree-gen-remote/same_ren_scentree/scenariotree_290/results_6.json,1756,31,92,56.645161290322584,92,3.152173913043478,42,0.0034482758620689655,0.14482758620689656,0.018610794629269543,0.8520903554508921,23.400111296605452
same_ren,290,7,290,30,True,/users/delfos/aina/secoem-VSS/scentree-gen-remote/same_ren_scentree/scenariotree_290/results_7.json,2037,31,89,65.70967741935483,89,3.258426966292135,32,0.0034482758620689655,0.1103448275862069,0.018663031700608474,0.8328680544700011,23.676801801801794
same_ren,290,8,290,30,True,/users/delfos/aina/secoem-VSS/scentree-gen-remote/same_ren_scentree/scenariotree_290/results_8.json,2222,31,95,71.6774193548387,95,3.0526315789473686,28,0.0034482758620689655,0.09655172413793103,0.014624391041361495,0.8772118776872726,32.42097147262914
same_ren,290,9,290,30,True,/users/delfos/aina/secoem-VSS/scentree-gen-remote/same_ren_scentree/scenariotree_290/results_9.json,2222,31,90,71.6774193548387,90,3.2222222222222223,24,0.0034482758620689655,0.08275862068965517,0.015220906290852402,0.8697449546234058,31.287202380952376
same_ren,300,1,300,30,True,/users/delfos/aina/secoem-VSS/scentree-gen-remote/same_ren_scentree/scenariotree_300/results_1.json,2065,31,104,66.61290322580645,104,2.8846153846153846,22,0.0033333333333333335,0.07333333333333333,0.012397508816373998,0.8854650857790559,39.0625
same_ren,300,10,300,30,True,/users/delfos/aina/secoem-VSS/scentree-gen-remote/same_ren_scentree/scenariotree_300/results_10.json,2100,31,91,67.74193548387096,91,3.2967032967032965,32,0.0033333333333333335,0.10666666666666667,0.016629955946940844,0.8570559280678091,27.65826674861708
same_ren,300,11,300,30,True,/users/delfos/aina/secoem-VSS/scentree-gen-remote/same_ren_scentree/scenariotree_300/results_11.json,1914,31,89,61.74193548387097,89,3.3707865168539324,65,0.0033333333333333335,0.21666666666666667,0.02504119962221913,0.8005655610131099,14.91547895260192
same_ren,300,12,300,30,True,/users/delfos/aina/secoem-VSS/scentree-gen-remote/same_ren_scentree/scenariotree_300/results_12.json,2029,31,91,65.45161290322581,91,3.2967032967032965,20,0.0033333333333333335,0.06666666666666667,0.013519709354283446,0.8830717806419229,36.20273531777956
same_ren,300,13,300,30,True,/users/delfos/aina/secoem-VSS/scentree-gen-remote/same_ren_scentree/scenariotree_300/results_13.json,2245,31,96,72.41935483870968,96,3.125,30,0.0033333333333333335,0.1,0.016045724594974758,0.8566664647665139,28.46299810246679
same_ren,300,14,300,30,True,/users/delfos/aina/secoem-VSS/scentree-gen-remote/same_ren_scentree/scenariotree_300/results_14.json,1895,31,87,61.12903225806452,87,3.4482758620689653,30,0.0033333333333333335,0.1,0.017196621343065335,0.8529691784613993,26.86567164179103
same_ren,300,15,300,30,True,/users/delfos/aina/secoem-VSS/scentree-gen-remote/same_ren_scentree/scenariotree_300/results_15.json,2296,31,102,74.06451612903226,102,2.9411764705882355,34,0.0033333333333333335,0.11333333333333333,0.01599171578436952,0.8544925634348165,27.863777089783273
same_ren,300,16,300,30,True,/users/delfos/aina/secoem-VSS/scentree-gen-remote/same_ren_scentree/scenariotree_300/results_16.json,2044,31,96,65.93548387096774,96,3.125,26,0.0033333333333333335,0.08666666666666667,0.013720507090294253,0.8825328162568925,35.101404056162245
same_ren,300,17,300,30,True,/users/delfos/aina/secoem-VSS/scentree-gen-remote/same_ren_scentree/scenariotree_300/results_17.json,2280,31,104,73.54838709677419,104,2.8846153846153846,42,0.0033333333333333335,0.14,0.018399110975292555,0.8253006928125384,22.310361923648983
same_ren,300,18,300,30,True,/users/delfos/aina/secoem-VSS/scentree-gen-remote/same_ren_scentree/scenariotree_300/results_18.json,2374,31,103,76.58064516129032,103,2.912621359223301,40,0.0033333333333333335,0.13333333333333333,0.01790003884766448,0.8404027866402758,23.413111342351698
same_ren,300,19,300,30,True,/users/delfos/aina/secoem-VSS/scentree-gen-remote/same_ren_scentree/scenariotree_300/results_19.json,2197,31,91,70.87096774193549,91,3.2967032967032965,26,0.0033333333333333335,0.08666666666666667,0.016913877270484216,0.8437332578300208,27.01080432172868
same_ren,300,2,300,30,True,/users/delfos/aina/secoem-VSS/scentree-gen-remote/same_ren_scentree/scenariotree_300/results_2.json,2038,31,92,65.74193548387096,92,3.260869565217391,31,0.0033333333333333335,0.10333333333333333,0.016578531933407213,0.8644952408964688,27.65826674861708
same_ren,300,20,300,30,True,/users/delfos/aina/secoem-VSS/scentree-gen-remote/same_ren_scentree/scenariotree_300/results_20.json,1956,31,97,63.096774193548384,97,3.0927835051546393,20,0.0033333333333333335,0.06666666666666667,0.01302110784597439,0.8864962290747385,37.37541528239202
same_ren,300,21,300,30,True,/users/delfos/aina/secoem-VSS/scentree-gen-remote/same_ren_scentree/scenariotree_300/results_21.json,2000,31,92,64.51612903225806,92,3.260869565217391,26,0.0033333333333333335,0.08666666666666667,0.01692459523786473,0.8475960803592204,26.86567164179103
same_ren,300,22,300,30,True,/users/delfos/aina/secoem-VSS/scentree-gen-remote/same_ren_scentree/scenariotree_300/results_22.json,2489,31,109,80.29032258064517,109,2.7522935779816513,50,0.0033333333333333335,0.16666666666666666,0.018513328054621987,0.8315074960534935,21.489971346704863
same_ren,300,23,300,30,True,/users/delfos/aina/secoem-VSS/scentree-gen-remote/same_ren_scentree/scenariotree_300/results_23.json,1936,31,95,62.45161290322581,95,3.1578947368421053,40,0.0033333333333333335,0.13333333333333333,0.01841252935649488,0.8320562960696186,23.400936037441483
same_ren,300,24,300,30,True,/users/delfos/aina/secoem-VSS/scentree-gen-remote/same_ren_scentree/scenariotree_300/results_24.json,2018,31,92,65.09677419354838,92,3.260869565217391,26,0.0033333333333333335,0.08666666666666667,0.013140540629042794,0.8943763903575943,37.37541528239203
same_ren,300,25,300,30,True,/users/delfos/aina/secoem-VSS/scentree-gen-remote/same_ren_scentree/scenariotree_300/results_25.json,2198,31,102,70.90322580645162,102,2.9411764705882355,34,0.0033333333333333335,0.11333333333333333,0.0154371558205607,0.855487105909335,29.315960912052105
same_ren,300,26,300,30,True,/users/delfos/aina/secoem-VSS/scentree-gen-remote/same_ren_scentree/scenariotree_300/results_26.json,2046,31,100,66.0,100,3.0,65,0.0033333333333333335,0.21666666666666667,0.022832725052724944,0.8156268376331661,16.09442060085836
same_ren,300,27,300,30,True,/users/delfos/aina/secoem-VSS/scentree-gen-remote/same_ren_scentree/scenariotree_300/results_27.json,2236,31,101,72.12903225806451,101,2.9702970297029703,34,0.0033333333333333335,0.11333333333333333,0.017907324346376447,0.8347768423508591,23.64687335785601
same_ren,300,28,300,30,True,/users/delfos/aina/secoem-VSS/scentree-gen-remote/same_ren_scentree/scenariotree_300/results_28.json,2147,31,95,69.25806451612904,95,3.1578947368421053,33,0.0033333333333333335,0.11,0.01735973555646328,0.8463057546755588,25.539160045402937
same_ren,300,29,300,30,True,/users/delfos/aina/secoem-VSS/scentree-gen-remote/same_ren_scentree/scenariotree_300/results_29.json,2346,31,107,75.6774193548387,107,2.803738317757009,42,0.0033333333333333335,0.14,0.020514864313616994,0.7995670185244141,18.389865140988956
same_ren,300,3,300,30,True,/users/delfos/aina/secoem-VSS/scentree-gen-remote/same_ren_scentree/scenariotree_300/results_3.json,2433,31,100,78.48387096774194,100,3.0,32,0.0033333333333333335,0.10666666666666667,0.015025903559446193,0.8691101843664344,30.695770804911312
same_ren,300,30,300,30,True,/users/delfos/aina/secoem-VSS/scentree-gen-remote/same_ren_scentree/scenariotree_300/results_30.json,2350,31,107,75.80645161290323,107,2.803738317757009,32,0.0033333333333333335,0.10666666666666667,0.01619865802382674,0.8438685884228885,26.722090261282652
same_ren,300,31,300,30,True,/users/delfos/aina/secoem-VSS/scentree-gen-remote/same_ren_scentree/scenariotree_300/results_31.json,2080,31,103,67.09677419354838,103,2.912621359223301,44,0.0033333333333333335,0.14666666666666667,0.020102792992748003,0.8308226591011493,19.480519480519472
same_ren,300,4,300,30,True,/users/delfos/aina/secoem-VSS/scentree-gen-remote/same_ren_scentree/scenariotree_300/results_4.json,2297,31,93,74.09677419354838,93,3.225806451612903,42,0.0033333333333333335,0.14,0.019784556642572147,0.8300916559946135,21.20640904806785
same_ren,300,5,300,30,True,/users/delfos/aina/secoem-VSS/scentree-gen-remote/same_ren_scentree/scenariotree_300/results_5.json,2216,31,98,71.48387096774194,98,3.061224489795918,32,0.0033333333333333335,0.10666666666666667,0.01743023883860059,0.8435441940488263,25.01389660922735
same_ren,300,6,300,30,True,/users/delfos/aina/secoem-VSS/scentree-gen-remote/same_ren_scentree/scenariotree_300/results_6.json,2534,31,108,81.74193548387096,108,2.7777777777777777,42,0.0033333333333333335,0.14,0.017257033714402584,0.8482719487940433,24.14163090128754
same_ren,300,7,300,30,True,/users/delfos/aina/secoem-VSS/scentree-gen-remote/same_ren_scentree/scenariotree_300/results_7.json,2501,31,106,80.6774193548387,106,2.830188679245283,31,0.0033333333333333335,0.10333333333333333,0.017024287115932457,0.8281540969671876,24.903154399557273
same_ren,300,8,300,30,True,/users/delfos/aina/secoem-VSS/scentree-gen-remote/same_ren_scentree/scenariotree_300/results_8.json,2196,31,96,70.83870967741936,96,3.125,31,0.0033333333333333335,0.10333333333333333,0.01632461502013311,0.8496181158146868,27.77777777777778
same_ren,300,9,300,30,True,/users/delfos/aina/secoem-VSS/scentree-gen-remote/same_ren_scentree/scenariotree_300/results_9.json,2085,31,88,67.25806451612904,88,3.409090909090909,40,0.0033333333333333335,0.13333333333333333,0.01952488934536062,0.8324898587628707,22.266204849084613
same_ren,310,1,310,30,True,/users/delfos/aina/secoem-VSS/scentree-gen-remote/same_ren_scentree/scenariotree_310/results_1.json,2109,31,99,68.03225806451613,99,3.1313131313131315,48,0.0032258064516129032,0.15483870967741936,0.018701060164544474,0.8380529692068602,22.359236854350858
same_ren,310,10,310,30,True,/users/delfos/aina/secoem-VSS/scentree-gen-remote/same_ren_scentree/scenariotree_310/results_10.json,2007,31,99,64.74193548387096,99,3.1313131313131315,40,0.0032258064516129032,0.12903225806451613,0.018170836776189612,0.8385139111352613,23.37062256809338
same_ren,310,11,310,30,True,/users/delfos/aina/secoem-VSS/scentree-gen-remote/same_ren_scentree/scenariotree_310/results_11.json,2323,31,108,74.93548387096774,108,2.8703703703703702,35,0.0032258064516129032,0.11290322580645161,0.01593123998815348,0.8473785567025751,27.270147559591372
same_ren,310,12,310,30,True,/users/delfos/aina/secoem-VSS/scentree-gen-remote/same_ren_scentree/scenariotree_310/results_12.json,2251,31,107,72.61290322580645,107,2.897196261682243,30,0.0032258064516129032,0.0967741935483871,0.014187891680082061,0.8651774889812044,32.37870619946092
same_ren,310,13,310,30,True,/users/delfos/aina/secoem-VSS/scentree-gen-remote/same_ren_scentree/scenariotree_310/results_13.json,2219,31,116,71.58064516129032,116,2.6724137931034484,24,0.0032258064516129032,0.07741935483870968,0.011850673199664945,0.8836019834485482,40.142021720969105
same_ren,310,14,310,30,True,/users/delfos/aina/secoem-VSS/scentree-gen-remote/same_ren_scentree/scenariotree_310/results_14.json,2189,31,102,70.61290322580645,102,3.0392156862745097,30,0.0032258064516129032,0.0967741935483871,0.012344989316417844,0.8966680478130621,39.44991789819377
same_ren,310,15,310,30,True,/users/delfos/aina/secoem-VSS/scentree-gen-remote/same_ren_scentree/scenariotree_310/results_15.json,2084,31,106,67.2258064516129,106,2.9245283018867925,53,0.0032258064516129032,0.17096774193548386,0.018465562324806804,0.8418446611652463,21.940639269406393
same_ren,310,16,310,30,True,/users/delfos/aina/secoem-VSS/scentree-gen-remote/same_ren_scentree/scenariotree_310/results_16.json,1950,31,116,62.903225806451616,116,2.6724137931034484,39,0.0032258064516129032,0.12580645161290321,0.014647017506383898,0.858899000503466,29.844720496894414
same_ren,310,17,310,30,True,/users/delfos/aina/secoem-VSS/scentree-gen-remote/same_ren_scentree/scenariotree_310/results_17.json,2171,31,105,70.03225806451613,105,2.9523809523809526,38,0.0032258064516129032,0.12258064516129032,0.014875270209936753,0.8669498705736197,30.527318932655657
same_ren,310,18,310,30,True,/users/delfos/aina/secoem-VSS/scentree-gen-remote/same_ren_scentree/scenariotree_310/results_18.json,2113,31,105,68.16129032258064,105,2.9523809523809526,21,0.0032258064516129032,0.06774193548387097,0.012372983450446863,0.8800927644937012,39.06504065040651
same_ren,310,19,310,30,True,/users/delfos/aina/secoem-VSS/scentree-gen-remote/same_ren_scentree/scenariotree_310/results_19.json,2242,31,114,72.3225806451613,114,2.719298245614035,23,0.0032258064516129032,0.07419354838709677,0.012246358840137585,0.8820187810225524,38.65647626709574
same_ren,310,2,310,30,True,/users/delfos/aina/secoem-VSS/scentree-gen-remote/same_ren_scentree/scenariotree_310/results_2.json,2203,31,111,71.06451612903226,111,2.7927927927927927,44,0.0032258064516129032,0.14193548387096774,0.015552721073647838,0.861183524089172,27.88740568775391
same_ren,310,20,310,30,True,/users/delfos/aina/secoem-VSS/scentree-gen-remote/same_ren_scentree/scenariotree_310/results_20.json,2197,31,100,70.87096774193549,100,3.1,53,0.0032258064516129032,0.17096774193548386,0.02001300305709174,0.8261907311234413,19.97920997920998
same_ren,310,21,310,30,True,/users/delfos/aina/secoem-VSS/scentree-gen-remote/same_ren_scentree/scenariotree_310/results_21.json,2291,31,117,73.90322580645162,117,2.6495726495726495,53,0.0032258064516129032,0.17096774193548386,0.019652685912975233,0.8130595447728983,18.609604957397362
same_ren,310,22,310,30,True,/users/delfos/aina/secoem-VSS/scentree-gen-remote/same_ren_scentree/scenariotree_310/results_22.json,2383,31,111,76.87096774193549,111,2.7927927927927927,44,0.0032258064516129032,0.14193548387096774,0.015522553619784342,0.8682678126229726,27.968568102444696
same_ren,310,23,310,30,True,/users/delfos/aina/secoem-VSS/scentree-gen-remote/same_ren_scentree/scenariotree_310/results_23.json,2295,31,102,74.03225806451613,102,3.0392156862745097,27,0.0032258064516129032,0.08709677419354839,0.014038611316861547,0.8679830718063481,33.43771746694503
same_ren,310,24,310,30,True,/users/delfos/aina/secoem-VSS/scentree-gen-remote/same_ren_scentree/scenariotree_310/results_24.json,2305,31,105,74.35483870967742,105,2.9523809523809526,53,0.0032258064516129032,0.17096774193548386,0.018503450287438453,0.8482910389301255,21.9908466819222
same_ren,310,25,310,30,True,/users/delfos/aina/secoem-VSS/scentree-gen-remote/same_ren_scentree/scenariotree_310/results_25.json,2129,31,93,68.6774193548387,93,3.3333333333333335,39,0.0032258064516129032,0.12580645161290321,0.017984395269656735,0.8373332494779822,24.490316004077464
same_ren,310,26,310,30,True,/users/delfos/aina/secoem-VSS/scentree-gen-remote/same_ren_scentree/scenariotree_310/results_26.json,2269,31,112,73.19354838709677,112,2.767857142857143,36,0.0032258064516129032,0.11612903225806452,0.01728024191388141,0.8245229364654683,23.600196463654225
same_ren,310,27,310,30,True,/users/delfos/aina/secoem-VSS/scentree-gen-remote/same_ren_scentree/scenariotree_310/results_27.json,2181,31,128,70.35483870967742,128,2.421875,44,0.0032258064516129032,0.14193548387096774,0.01767127320879056,0.8300977099633227,20.92770034843206
same_ren,310,28,310,30,True,/users/delfos/aina/secoem-VSS/scentree-gen-remote/same_ren_scentree/scenariotree_310/results_28.json,2188,31,106,70.58064516129032,106,2.9245283018867925,27,0.0032258064516129032,0.08709677419354839,0.013840701549411463,0.8648023287521263,33.624912526242134
same_ren,310,29,310,30,True,/users/delfos/aina/secoem-VSS/scentree-gen-remote/same_ren_scentree/scenariotree_310/results_29.json,2476,31,113,79.87096774193549,113,2.743362831858407,74,0.0032258064516129032,0.23870967741935484,0.023469629092491166,0.8019318983488755,14.06615925058548
same_ren,310,3,310,30,True,/users/delfos/aina/secoem-VSS/scentree-gen-remote/same_ren_scentree/scenariotree_310/results_3.json,2313,31,102,74.61290322580645,102,3.0392156862745097,34,0.0032258064516129032,0.10967741935483871,0.014601419046535958,0.8664169740915056,31.69525065963062
same_ren,310,30,310,30,True,/users/delfos/aina/secoem-VSS/scentree-gen-remote/same_ren_scentree/scenariotree_310/results_30.json,2517,31,106,81.19354838709677,106,2.9245283018867925,38,0.0032258064516129032,0.12258064516129032,0.017084873458906726,0.8480685284343655,24.768041237113394
same_ren,310,31,310,30,True,/users/delfos/aina/secoem-VSS/scentree-gen-remote/same_ren_scentree/scenariotree_310/results_31.json,2271,31,111,73.25806451612904,111,2.7927927927927927,31,0.0032258064516129032,0.1,0.012354786862938925,0.8863996344895423,38.532477947072984
same_ren,310,4,310,30,True,/users/delfos/aina/secoem-VSS/scentree-gen-remote/same_ren_scentree/scenariotree_310/results_4.json,2119,31,108,68.35483870967742,108,2.8703703703703702,37,0.0032258064516129032,0.11935483870967742,0.015283025045724145,0.8594358005910115,28.998189499094746
same_ren,310,5,310,30,True,/users/delfos/aina/secoem-VSS/scentree-gen-remote/same_ren_scentree/scenariotree_310/results_5.json,2066,31,99,66.64516129032258,99,3.1313131313131315,29,0.0032258064516129032,0.0935483870967742,0.013222241328987416,0.8862158087210003,36.48443432042521
same_ren,310,6,310,30,True,/users/delfos/aina/secoem-VSS/scentree-gen-remote/same_ren_scentree/scenariotree_310/results_6.json,2337,31,99,75.38709677419355,99,3.1313131313131315,48,0.0032258064516129032,0.15483870967741936,0.018740362387265914,0.8394926342820785,22.286641929499066
same_ren,310,7,310,30,True,/users/delfos/aina/secoem-VSS/scentree-gen-remote/same_ren_scentree/scenariotree_310/results_7.json,2135,31,97,68.87096774193549,97,3.195876288659794,39,0.0032258064516129032,0.12580645161290321,0.0162492307073364,0.8622586074910198,27.838933951332564
same_ren,310,8,310,30,True,/users/delfos/aina/secoem-VSS/scentree-gen-remote/same_ren_scentree/scenariotree_310/results_8.json,2491,31,120,80.35483870967742,120,2.5833333333333335,44,0.0032258064516129032,0.14193548387096774,0.018687339897579907,0.8082045389921353,19.904722452361234
same_ren,310,9,310,30,True,/users/delfos/aina/secoem-VSS/scentree-gen-remote/same_ren_scentree/scenariotree_310/results_9.json,2038,31,106,65.74193548387096,106,2.9245283018867925,53,0.0032258064516129032,0.17096774193548386,0.01960028040442425,0.8285668770547874,19.93775933609958
same_ren,320,1,320,30,True,/users/delfos/aina/secoem-VSS/scentree-gen-remote/same_ren_scentree/scenariotree_320/results_1.json,2743,31,110,88.48387096774194,110,2.909090909090909,32,0.003125,0.1,0.014354886215657123,0.8693887330620226,31.488314883148842
same_ren,320,10,320,30,True,/users/delfos/aina/secoem-VSS/scentree-gen-remote/same_ren_scentree/scenariotree_320/results_10.json,2383,31,98,76.87096774193549,98,3.2653061224489797,55,0.003125,0.171875,0.020318881554504648,0.8278690674338839,19.7378565921357
same_ren,320,11,320,30,True,/users/delfos/aina/secoem-VSS/scentree-gen-remote/same_ren_scentree/scenariotree_320/results_11.json,2392,31,106,77.16129032258064,106,3.018867924528302,46,0.003125,0.14375,0.016283195480469418,0.8557146958291089,26.638917793964623
same_ren,320,12,320,30,True,/users/delfos/aina/secoem-VSS/scentree-gen-remote/same_ren_scentree/scenariotree_320/results_12.json,2058,31,97,66.38709677419355,97,3.2989690721649483,39,0.003125,0.121875,0.015834071283051233,0.8670255208486363,28.877608573040046
same_ren,320,13,320,30,True,/users/delfos/aina/secoem-VSS/scentree-gen-remote/same_ren_scentree/scenariotree_320/results_13.json,2366,31,123,76.3225806451613,123,2.6016260162601625,47,0.003125,0.146875,0.018045451299289146,0.8198216240700656,20.753952168625865
same_ren,320,14,320,30,True,/users/delfos/aina/secoem-VSS/scentree-gen-remote/same_ren_scentree/scenariotree_320/results_14.json,2437,31,110,78.61290322580645,110,2.909090909090909,45,0.003125,0.140625,0.01783538927349751,0.8267211467603387,22.684980062029247
same_ren,320,15,320,30,True,/users/delfos/aina/secoem-VSS/scentree-gen-remote/same_ren_scentree/scenariotree_320/results_15.json,2837,31,120,91.51612903225806,120,2.6666666666666665,77,0.003125,0.240625,0.0220540784997293,0.8253814734015942,14.992679355783306
same_ren,320,16,320,30,True,/users/delfos/aina/secoem-VSS/scentree-gen-remote/same_ren_scentree/scenariotree_320/results_16.json,2807,31,119,90.54838709677419,119,2.689075630252101,46,0.003125,0.14375,0.015922833191760296,0.8506964298535201,25.924050632911396
same_ren,320,17,320,30,True,/users/delfos/aina/secoem-VSS/scentree-gen-remote/same_ren_scentree/scenariotree_320/results_17.json,2326,31,121,75.03225806451613,121,2.644628099173554,39,0.003125,0.121875,0.014220783355950591,0.8584646031405105,30.548926014319814
same_ren,320,18,320,30,True,/users/delfos/aina/secoem-VSS/scentree-gen-remote/same_ren_scentree/scenariotree_320/results_18.json,2516,31,110,81.16129032258064,110,2.909090909090909,33,0.003125,0.103125,0.014373427869475265,0.8588436187076381,31.430325352977302
same_ren,320,19,320,30,True,/users/delfos/aina/secoem-VSS/scentree-gen-remote/same_ren_scentree/scenariotree_320/results_19.json,2113,31,114,68.16129032258064,114,2.807017543859649,46,0.003125,0.14375,0.015706351778438488,0.8590775343111319,27.10428798305982
same_ren,320,2,320,30,True,/users/delfos/aina/secoem-VSS/scentree-gen-remote/same_ren_scentree/scenariotree_320/results_2.json,2404,31,121,77.54838709677419,121,2.644628099173554,22,0.003125,0.06875,0.012395349014479813,0.8685462989539108,37.23636363636364
same_ren,320,20,320,30,True,/users/delfos/aina/secoem-VSS/scentree-gen-remote/same_ren_scentree/scenariotree_320/results_20.json,2461,31,115,79.38709677419355,115,2.782608695652174,30,0.003125,0.09375,0.013815202425333116,0.8655564807417664,32.63224984066284
same_ren,320,21,320,30,True,/users/delfos/aina/secoem-VSS/scentree-gen-remote/same_ren_scentree/scenariotree_320/results_21.json,2800,31,110,90.3225806451613,110,2.909090909090909,47,0.003125,0.146875,0.019726222086601308,0.7956161341953674,19.269853217914946
same_ren,320,22,320,30,True,/users/delfos/aina/secoem-VSS/scentree-gen-remote/same_ren_scentree/scenariotree_320/results_22.json,2684,31,125,86.58064516129032,125,2.56,31,0.003125,0.096875,0.013592277219068189,0.857417911117628,32.1608040201005
same_ren,320,23,320,30,True,/users/delfos/aina/secoem-VSS/scentree-gen-remote/same_ren_scentree/scenariotree_320/results_23.json,2432,31,123,78.45161290322581,123,2.6016260162601625,31,0.003125,0.096875,0.01487124959872359,0.8421585200328374,28.30292979546712
same_ren,320,24,320,30,True,/users/delfos/aina/secoem-VSS/scentree-gen-remote/same_ren_scentree/scenariotree_320/results_24.json,2680,31,119,86.45161290322581,119,2.689075630252101,38,0.003125,0.11875,0.01458879142835411,0.854059595900302,29.646786334684432
same_ren,320,25,320,30,True,/users/delfos/aina/secoem-VSS/scentree-gen-remote/same_ren_scentree/scenariotree_320/results_25.json,2000,31,104,64.51612903225806,104,3.076923076923077,39,0.003125,0.121875,0.015790543172995185,0.8607259937965849,28.131868131868128
same_ren,320,26,320,30,True,/users/delfos/aina/secoem-VSS/scentree-gen-remote/same_ren_scentree/scenariotree_320/results_26.json,2584,31,135,83.35483870967742,135,2.3703703703703702,31,0.003125,0.096875,0.011936007643414476,0.8743854514597291,37.53665689149559
same_ren,320,27,320,30,True,/users/delfos/aina/secoem-VSS/scentree-gen-remote/same_ren_scentree/scenariotree_320/results_27.json,3085,31,127,99.51612903225806,127,2.5196850393700787,40,0.003125,0.125,0.015557681724647191,0.8385657868904239,25.897824987354582
same_ren,320,28,320,30,True,/users/delfos/aina/secoem-VSS/scentree-gen-remote/same_ren_scentree/scenariotree_320/results_28.json,2699,31,123,87.06451612903226,123,2.6016260162601625,47,0.003125,0.146875,0.016365772693247602,0.8402671844613941,24.34617213504517
same_ren,320,29,320,30,True,/users/delfos/aina/secoem-VSS/scentree-gen-remote/same_ren_scentree/scenariotree_320/results_29.json,2016,31,107,65.03225806451613,107,2.9906542056074765,28,0.003125,0.0875,0.013486857346984599,0.8738518195478228,34.71186440677966
same_ren,320,3,320,30,True,/users/delfos/aina/secoem-VSS/scentree-gen-remote/same_ren_scentree/scenariotree_320/results_3.json,2199,31,106,70.93548387096774,106,3.018867924528302,47,0.003125,0.146875,0.020060258629479202,0.8123653300544188,19.197600299962502
same_ren,320,30,320,30,True,/users/delfos/aina/secoem-VSS/scentree-gen-remote/same_ren_scentree/scenariotree_320/results_30.json,2148,31,103,69.29032258064517,103,3.1067961165048543,38,0.003125,0.11875,0.01661552478680687,0.8431862408879399,26.216077828981067
same_ren,320,31,320,30,True,/users/delfos/aina/secoem-VSS/scentree-gen-remote/same_ren_scentree/scenariotree_320/results_31.json,2351,31,113,75.83870967741936,113,2.831858407079646,26,0.003125,0.08125,0.01258202247761552,0.8769173596879436,37.39956172388605
same_ren,320,4,320,30,True,/users/delfos/aina/secoem-VSS/scentree-gen-remote/same_ren_scentree/scenariotree_320/results_4.json,2710,31,122,87.41935483870968,122,2.622950819672131,32,0.003125,0.1,0.014249540886628937,0.8511050942009375,30.331753554502377
same_ren,320,5,320,30,True,/users/delfos/aina/secoem-VSS/scentree-gen-remote/same_ren_scentree/scenariotree_320/results_5.json,2476,31,119,79.87096774193549,119,2.689075630252101,20,0.003125,0.0625,0.010883893989066067,0.891876312211095,44.44444444444443
same_ren,320,6,320,30,True,/users/delfos/aina/secoem-VSS/scentree-gen-remote/same_ren_scentree/scenariotree_320/results_6.json,2094,31,102,67.54838709677419,102,3.1372549019607843,77,0.003125,0.240625,0.025130020409816024,0.7979571101521844,13.473684210526311
same_ren,320,7,320,30,True,/users/delfos/aina/secoem-VSS/scentree-gen-remote/same_ren_scentree/scenariotree_320/results_7.json,2293,31,113,73.96774193548387,113,2.831858407079646,41,0.003125,0.128125,0.014268571573916063,0.868480562925662,31.391784181483754
same_ren,320,8,320,30,True,/users/delfos/aina/secoem-VSS/scentree-gen-remote/same_ren_scentree/scenariotree_320/results_8.json,2552,31,113,82.3225806451613,113,2.831858407079646,77,0.003125,0.240625,0.023329499154025244,0.8061762318879618,14.21432537479178
same_ren,320,9,320,30,True,/users/delfos/aina/secoem-VSS/scentree-gen-remote/same_ren_scentree/scenariotree_320/results_9.json,2461,31,117,79.38709677419355,117,2.735042735042735,20,0.003125,0.0625,0.010475739250577059,0.9015741693716258,46.757990867579906
same_ren,330,1,330,30,True,/users/delfos/aina/secoem-VSS/scentree-gen-remote/same_ren_scentree/scenariotree_330/results_1.json,2759,31,125,89.0,125,2.64,42,0.0030303030303030303,0.12727272727272726,0.015204271788692348,0.8392281409860798,27.103036336485825
same_ren,330,10,330,30,True,/users/delfos/aina/secoem-VSS/scentree-gen-remote/same_ren_scentree/scenariotree_330/results_10.json,2246,31,106,72.45161290322581,106,3.1132075471698113,42,0.0030303030303030303,0.12727272727272726,0.015402837041764279,0.8617305665449722,28.916622411046212
same_ren,330,11,330,30,True,/users/delfos/aina/secoem-VSS/scentree-gen-remote/same_ren_scentree/scenariotree_330/results_11.json,2118,31,123,68.3225806451613,123,2.682926829268293,20,0.0030303030303030303,0.06060606060606061,0.011019920128416627,0.8839651835591971,43.35191082802548
same_ren,330,12,330,30,True,/users/delfos/aina/secoem-VSS/scentree-gen-remote/same_ren_scentree/scenariotree_330/results_12.json,2639,31,112,85.12903225806451,112,2.9464285714285716,53,0.0030303030303030303,0.1606060606060606,0.018740686110835812,0.822914897587809,20.719178082191778
same_ren,330,13,330,30,True,/users/delfos/aina/secoem-VSS/scentree-gen-remote/same_ren_scentree/scenariotree_330/results_13.json,2637,31,113,85.06451612903226,113,2.920353982300885,82,0.0030303030303030303,0.24848484848484848,0.02510253995832634,0.7766051017605521,12.49139710942877
same_ren,330,14,330,30,True,/users/delfos/aina/secoem-VSS/scentree-gen-remote/same_ren_scentree/scenariotree_330/results_14.json,2647,31,130,85.38709677419355,130,2.5384615384615383,53,0.0030303030303030303,0.1606060606060606,0.016993630500710153,0.8228381172367283,22.10718635809988
same_ren,330,15,330,30,True,/users/delfos/aina/secoem-VSS/scentree-gen-remote/same_ren_scentree/scenariotree_330/results_15.json,2486,31,124,80.19354838709677,124,2.661290322580645,48,0.0030303030303030303,0.14545454545454545,0.015013482180085535,0.8593640065788771,27.766445690974003
same_ren,330,16,330,30,True,/users/delfos/aina/secoem-VSS/scentree-gen-remote/same_ren_scentree/scenariotree_330/results_16.json,2900,31,119,93.54838709677419,119,2.773109243697479,39,0.0030303030303030303,0.11818181818181818,0.014764274676170724,0.8521782043370583,29.117647058823536
same_ren,330,17,330,30,True,/users/delfos/aina/secoem-VSS/scentree-gen-remote/same_ren_scentree/scenariotree_330/results_17.json,2367,31,121,76.35483870967742,121,2.727272727272727,29,0.0030303030303030303,0.08787878787878788,0.011458200739991967,0.8895110763142525,41.40684410646388
same_ren,330,18,330,30,True,/users/delfos/aina/secoem-VSS/scentree-gen-remote/same_ren_scentree/scenariotree_330/results_18.json,2231,31,107,71.96774193548387,107,3.0841121495327104,34,0.0030303030303030303,0.10303030303030303,0.01609426958498259,0.8366000216852837,26.982160555004956
same_ren,330,19,330,30,True,/users/delfos/aina/secoem-VSS/scentree-gen-remote/same_ren_scentree/scenariotree_330/results_19.json,2402,31,112,77.48387096774194,112,2.9464285714285716,47,0.0030303030303030303,0.14242424242424243,0.017608378099415976,0.8396288210674142,22.907025662599914
same_ren,330,2,330,30,True,/users/delfos/aina/secoem-VSS/scentree-gen-remote/same_ren_scentree/scenariotree_330/results_2.json,2777,31,120,89.58064516129032,120,2.75,69,0.0030303030303030303,0.20909090909090908,0.021349662311336004,0.7967379821216894,15.865384615384619
same_ren,330,20,330,30,True,/users/delfos/aina/secoem-VSS/scentree-gen-remote/same_ren_scentree/scenariotree_330/results_20.json,2127,31,118,68.61290322580645,118,2.7966101694915255,33,0.0030303030303030303,0.1,0.014444518611495418,0.8536710320463194,30.21642619311876
same_ren,330,21,330,30,True,/users/delfos/aina/secoem-VSS/scentree-gen-remote/same_ren_scentree/scenariotree_330/results_21.json,2393,31,122,77.19354838709677,122,2.7049180327868854,36,0.0030303030303030303,0.10909090909090909,0.013544641153504336,0.861286356601883,32.702702702702716
same_ren,330,22,330,30,True,/users/delfos/aina/secoem-VSS/scentree-gen-remote/same_ren_scentree/scenariotree_330/results_22.json,2296,31,113,74.06451612903226,113,2.920353982300885,35,0.0030303030303030303,0.10606060606060606,0.014873510649829074,0.8573009163958857,29.54422137818773
same_ren,330,23,330,30,True,/users/delfos/aina/secoem-VSS/scentree-gen-remote/same_ren_scentree/scenariotree_330/results_23.json,2642,31,114,85.2258064516129,114,2.8947368421052633,26,0.0030303030303030303,0.07878787878787878,0.013642968576157736,0.8589230869717788,33.34353949785671
same_ren,330,24,330,30,True,/users/delfos/aina/secoem-VSS/scentree-gen-remote/same_ren_scentree/scenariotree_330/results_24.json,2714,31,115,87.54838709677419,115,2.869565217391304,82,0.0030303030303030303,0.24848484848484848,0.024085532297888974,0.7872085388622799,13.261081344374086
same_ren,330,25,330,30,True,/users/delfos/aina/secoem-VSS/scentree-gen-remote/same_ren_scentree/scenariotree_330/results_25.json,2426,31,111,78.25806451612904,111,2.972972972972973,50,0.0030303030303030303,0.15151515151515152,0.018170255033873515,0.8283724909047383,21.902654867256636
same_ren,330,26,330,30,True,/users/delfos/aina/secoem-VSS/scentree-gen-remote/same_ren_scentree/scenariotree_330/results_26.json,2469,31,131,79.64516129032258,131,2.519083969465649,36,0.0030303030303030303,0.10909090909090909,0.01645918908722863,0.8186212328113004,23.18994889267461
same_ren,330,27,330,30,True,/users/delfos/aina/secoem-VSS/scentree-gen-remote/same_ren_scentree/scenariotree_330/results_27.json,2035,31,97,65.64516129032258,97,3.402061855670103,20,0.0030303030303030303,0.06060606060606061,0.012683459448245595,0.8825864086963011,38.589652728561305
same_ren,330,28,330,30,True,/users/delfos/aina/secoem-VSS/scentree-gen-remote/same_ren_scentree/scenariotree_330/results_28.json,2817,31,125,90.87096774193549,125,2.64,26,0.0030303030303030303,0.07878787878787878,0.013006461627865396,0.8593040264385338,34.3100189035917
same_ren,330,29,330,30,True,/users/delfos/aina/secoem-VSS/scentree-gen-remote/same_ren_scentree/scenariotree_330/results_29.json,2361,31,107,76.16129032258064,107,3.0841121495327104,47,0.0030303030303030303,0.14242424242424243,0.018111454023362783,0.8344978786617211,22.500000000000004
same_ren,330,3,330,30,True,/users/delfos/aina/secoem-VSS/scentree-gen-remote/same_ren_scentree/scenariotree_330/results_3.json,2766,31,130,89.2258064516129,130,2.5384615384615383,82,0.0030303030303030303,0.24848484848484848,0.022492662726970477,0.7952291899965954,13.6125
same_ren,330,30,330,30,True,/users/delfos/aina/secoem-VSS/scentree-gen-remote/same_ren_scentree/scenariotree_330/results_30.json,2616,31,132,84.38709677419355,132,2.5,35,0.0030303030303030303,0.10606060606060606,0.013523664483834227,0.8548061451991474,31.528662420382155
same_ren,330,31,330,30,True,/users/delfos/aina/secoem-VSS/scentree-gen-remote/same_ren_scentree/scenariotree_330/results_31.json,2250,31,112,72.58064516129032,112,2.9464285714285716,36,0.0030303030303030303,0.10909090909090909,0.013695394630078182,0.871255847785356,33.40490797546012
same_ren,330,4,330,30,True,/users/delfos/aina/secoem-VSS/scentree-gen-remote/same_ren_scentree/scenariotree_330/results_4.json,2225,31,121,71.7741935483871,121,2.727272727272727,18,0.0030303030303030303,0.05454545454545454,0.010554955405326732,0.8897208688132606,45.98817567567569
same_ren,330,5,330,30,True,/users/delfos/aina/secoem-VSS/scentree-gen-remote/same_ren_scentree/scenariotree_330/results_5.json,2392,31,116,77.16129032258064,116,2.8448275862068964,53,0.0030303030303030303,0.1606060606060606,0.019929117640893317,0.7980620646096299,18.284083277367362
same_ren,330,6,330,30,True,/users/delfos/aina/secoem-VSS/scentree-gen-remote/same_ren_scentree/scenariotree_330/results_6.json,2780,31,129,89.6774193548387,129,2.558139534883721,58,0.0030303030303030303,0.17575757575757575,0.01932402750429245,0.8037132891906179,17.881773399014776
same_ren,330,7,330,30,True,/users/delfos/aina/secoem-VSS/scentree-gen-remote/same_ren_scentree/scenariotree_330/results_7.json,2262,31,109,72.96774193548387,109,3.0275229357798166,58,0.0030303030303030303,0.17575757575757575,0.018336193462621997,0.8449640581779221,21.82364729458918
same_ren,330,8,330,30,True,/users/delfos/aina/secoem-VSS/scentree-gen-remote/same_ren_scentree/scenariotree_330/results_8.json,2426,31,117,78.25806451612904,117,2.8205128205128207,35,0.0030303030303030303,0.10606060606060606,0.014408703749514732,0.8565287613629927,30.453020134228186
same_ren,330,9,330,30,True,/users/delfos/aina/secoem-VSS/scentree-gen-remote/same_ren_scentree/scenariotree_330/results_9.json,2479,31,121,79.96774193548387,121,2.727272727272727,25,0.0030303030303030303,0.07575757575757576,0.012909503596539924,0.8642301108042783,35.174418604651166
same_ren,340,1,340,30,True,/users/delfos/aina/secoem-VSS/scentree-gen-remote/same_ren_scentree/scenariotree_340/results_1.json,2307,31,104,74.41935483870968,104,3.269230769230769,20,0.0029411764705882353,0.058823529411764705,0.012162606385262998,0.8811310011385045,40.00000000000001
same_ren,340,10,340,30,True,/users/delfos/aina/secoem-VSS/scentree-gen-remote/same_ren_scentree/scenariotree_340/results_10.json,2609,31,127,84.16129032258064,127,2.677165354330709,29,0.0029411764705882353,0.08529411764705883,0.012089551163372268,0.8717437482408648,37.82722513089004
same_ren,340,11,340,30,True,/users/delfos/aina/secoem-VSS/scentree-gen-remote/same_ren_scentree/scenariotree_340/results_11.json,2994,31,135,96.58064516129032,135,2.5185185185185186,53,0.0029411764705882353,0.15588235294117647,0.017197810526235684,0.8112306911532987,21.125730994152043
same_ren,340,12,340,30,True,/users/delfos/aina/secoem-VSS/scentree-gen-remote/same_ren_scentree/scenariotree_340/results_12.json,2209,31,117,71.25806451612904,117,2.905982905982906,58,0.0029411764705882353,0.17058823529411765,0.018093820668204006,0.837804831861107,21.344165435745932
same_ren,340,13,340,30,True,/users/delfos/aina/secoem-VSS/scentree-gen-remote/same_ren_scentree/scenariotree_340/results_13.json,2769,31,130,89.3225806451613,130,2.6153846153846154,43,0.0029411764705882353,0.1264705882352941,0.015029846162553739,0.8414184244384005,26.98412698412698
same_ren,340,14,340,30,True,/users/delfos/aina/secoem-VSS/scentree-gen-remote/same_ren_scentree/scenariotree_340/results_14.json,1964,31,107,63.354838709677416,107,3.177570093457944,47,0.0029411764705882353,0.13823529411764707,0.01587600449400142,0.8580271345248333,27.536922343973313
same_ren,340,15,340,30,True,/users/delfos/aina/secoem-VSS/scentree-gen-remote/same_ren_scentree/scenariotree_340/results_15.json,2176,31,96,70.19354838709677,96,3.5416666666666665,41,0.0029411764705882353,0.12058823529411765,0.018760409772107266,0.8179071667734548,22.622309197651663
same_ren,340,16,340,30,True,/users/delfos/aina/secoem-VSS/scentree-gen-remote/same_ren_scentree/scenariotree_340/results_16.json,2346,31,126,75.6774193548387,126,2.6984126984126986,17,0.0029411764705882353,0.05,0.009671868655520867,0.8950726271237545,50.701754385964904
same_ren,340,17,340,30,True,/users/delfos/aina/secoem-VSS/scentree-gen-remote/same_ren_scentree/scenariotree_340/results_17.json,2707,31,117,87.3225806451613,117,2.905982905982906,50,0.0029411764705882353,0.14705882352941177,0.01714116026090102,0.8357316767788189,23.29705763804918
same_ren,340,18,340,30,True,/users/delfos/aina/secoem-VSS/scentree-gen-remote/same_ren_scentree/scenariotree_340/results_18.json,2524,31,118,81.41935483870968,118,2.8813559322033897,36,0.0029411764705882353,0.10588235294117647,0.012866921309973174,0.8724551090596687,35.70105003088326
same_ren,340,19,340,30,True,/users/delfos/aina/secoem-VSS/scentree-gen-remote/same_ren_scentree/scenariotree_340/results_19.json,2105,31,108,67.90322580645162,108,3.1481481481481484,25,0.0029411764705882353,0.07352941176470588,0.013554105146050904,0.8644142126687405,34.363852556480374
same_ren,340,2,340,30,True,/users/delfos/aina/secoem-VSS/scentree-gen-remote/same_ren_scentree/scenariotree_340/results_2.json,2393,31,110,77.19354838709677,110,3.090909090909091,43,0.0029411764705882353,0.1264705882352941,0.016659277533096487,0.8315298118076572,25.240174672489072
same_ren,340,20,340,30,True,/users/delfos/aina/secoem-VSS/scentree-gen-remote/same_ren_scentree/scenariotree_340/results_20.json,2359,31,118,76.09677419354838,118,2.8813559322033897,58,0.0029411764705882353,0.17058823529411765,0.017907555128801846,0.8322739928070305,21.591333582368318
same_ren,340,21,340,30,True,/users/delfos/aina/secoem-VSS/scentree-gen-remote/same_ren_scentree/scenariotree_340/results_21.json,2261,31,109,72.93548387096774,109,3.1192660550458715,23,0.0029411764705882353,0.06764705882352941,0.011399657334064252,0.8886485101260327,42.84655300222387
same_ren,340,22,340,30,True,/users/delfos/aina/secoem-VSS/scentree-gen-remote/same_ren_scentree/scenariotree_340/results_22.json,2569,31,114,82.87096774193549,114,2.982456140350877,36,0.0029411764705882353,0.10588235294117647,0.015406344102926932,0.845060093371743,27.909222597778854
same_ren,340,23,340,30,True,/users/delfos/aina/secoem-VSS/scentree-gen-remote/same_ren_scentree/scenariotree_340/results_23.json,2339,31,119,75.45161290322581,119,2.857142857142857,16,0.0029411764705882353,0.047058823529411764,0.009419529316027714,0.9065489604611743,52.73722627737225
same_ren,340,24,340,30,True,/users/delfos/aina/secoem-VSS/scentree-gen-remote/same_ren_scentree/scenariotree_340/results_24.json,2619,31,128,84.48387096774194,128,2.65625,34,0.0029411764705882353,0.1,0.012437329379296036,0.8711348310461637,36.215538847117806
same_ren,340,25,340,30,True,/users/delfos/aina/secoem-VSS/scentree-gen-remote/same_ren_scentree/scenariotree_340/results_25.json,2432,31,114,78.45161290322581,114,2.982456140350877,83,0.0029411764705882353,0.24411764705882352,0.02397660201788607,0.7872454436994801,13.457508731082656
same_ren,340,26,340,30,True,/users/delfos/aina/secoem-VSS/scentree-gen-remote/same_ren_scentree/scenariotree_340/results_26.json,2438,31,117,78.64516129032258,117,2.905982905982906,25,0.0029411764705882353,0.07352941176470588,0.011497614870994783,0.8847613314922765,41.64265129682996
same_ren,340,27,340,30,True,/users/delfos/aina/secoem-VSS/scentree-gen-remote/same_ren_scentree/scenariotree_340/results_27.json,2455,31,110,79.19354838709677,110,3.090909090909091,42,0.0029411764705882353,0.12352941176470589,0.016053472373141222,0.8432461435662831,26.709796672828094
same_ren,340,28,340,30,True,/users/delfos/aina/secoem-VSS/scentree-gen-remote/same_ren_scentree/scenariotree_340/results_28.json,2481,31,118,80.03225806451613,118,2.8813559322033897,23,0.0029411764705882353,0.06764705882352941,0.011437174865579559,0.8854843633417522,41.82344428364688
same_ren,340,29,340,30,True,/users/delfos/aina/secoem-VSS/scentree-gen-remote/same_ren_scentree/scenariotree_340/results_29.json,2550,31,116,82.25806451612904,116,2.9310344827586206,19,0.0029411764705882353,0.05588235294117647,0.010700638287310328,0.8885823669201653,45.65560821484992
same_ren,340,3,340,30,True,/users/delfos/aina/secoem-VSS/scentree-gen-remote/same_ren_scentree/scenariotree_340/results_3.json,2197,31,115,70.87096774193549,115,2.9565217391304346,29,0.0029411764705882353,0.08529411764705883,0.013331654361925611,0.8676902304357571,34.32304038004751
same_ren,340,30,340,30,True,/users/delfos/aina/secoem-VSS/scentree-gen-remote/same_ren_scentree/scenariotree_340/results_30.json,2427,31,130,78.29032258064517,130,2.6153846153846154,21,0.0029411764705882353,0.061764705882352944,0.010799702128359883,0.8829736673645956,43.75473126419379
same_ren,340,31,340,30,True,/users/delfos/aina/secoem-VSS/scentree-gen-remote/same_ren_scentree/scenariotree_340/results_31.json,2967,31,132,95.70967741935483,132,2.5757575757575757,63,0.0029411764705882353,0.18529411764705883,0.01809488672440356,0.8212286066837586,19.686648501362395
same_ren,340,4,340,30,True,/users/delfos/aina/secoem-VSS/scentree-gen-remote/same_ren_scentree/scenariotree_340/results_4.json,2583,31,133,83.3225806451613,133,2.556390977443609,63,0.0029411764705882353,0.18529411764705883,0.019076056327203626,0.8059957066978246,17.883663366336627
same_ren,340,5,340,30,True,/users/delfos/aina/secoem-VSS/scentree-gen-remote/same_ren_scentree/scenariotree_340/results_5.json,2602,31,108,83.93548387096774,108,3.1481481481481484,19,0.0029411764705882353,0.05588235294117647,0.012483584086883945,0.8726875847279829,38.3289124668435
same_ren,340,6,340,30,True,/users/delfos/aina/secoem-VSS/scentree-gen-remote/same_ren_scentree/scenariotree_340/results_6.json,2441,31,118,78.74193548387096,118,2.8813559322033897,47,0.0029411764705882353,0.13823529411764707,0.017362990700412462,0.8412072259305776,22.702278083267856
same_ren,340,7,340,30,True,/users/delfos/aina/secoem-VSS/scentree-gen-remote/same_ren_scentree/scenariotree_340/results_7.json,2100,31,107,67.74193548387096,107,3.177570093457944,35,0.0029411764705882353,0.10294117647058823,0.014789826845674847,0.8655065179751849,30.533544638140516
same_ren,340,8,340,30,True,/users/delfos/aina/secoem-VSS/scentree-gen-remote/same_ren_scentree/scenariotree_340/results_8.json,2603,31,117,83.96774193548387,117,2.905982905982906,36,0.0029411764705882353,0.10588235294117647,0.014688188983987436,0.8515544514831157,29.59549411162314
same_ren,340,9,340,30,True,/users/delfos/aina/secoem-VSS/scentree-gen-remote/same_ren_scentree/scenariotree_340/results_9.json,2553,31,124,82.35483870967742,124,2.7419354838709675,69,0.0029411764705882353,0.20294117647058824,0.02004526273924178,0.806612938552372,17.274357441721456
same_ren,350,1,350,30,True,/users/delfos/aina/secoem-VSS/scentree-gen-remote/same_ren_scentree/scenariotree_350/results_1.json,2633,31,126,84.93548387096774,126,2.7777777777777777,35,0.002857142857142857,0.1,0.011707972907110625,0.8874232885333666,39.669689119170975
same_ren,350,10,350,30,True,/users/delfos/aina/secoem-VSS/scentree-gen-remote/same_ren_scentree/scenariotree_350/results_10.json,2508,31,115,80.90322580645162,115,3.0434782608695654,36,0.002857142857142857,0.10285714285714286,0.015528049689122983,0.8452091537174395,27.45405647691618
same_ren,350,11,350,30,True,/users/delfos/aina/secoem-VSS/scentree-gen-remote/same_ren_scentree/scenariotree_350/results_11.json,2600,31,120,83.87096774193549,120,2.9166666666666665,37,0.002857142857142857,0.10571428571428572,0.01305969201610649,0.8640260568495731,34.722222222222214
same_ren,350,12,350,30,True,/users/delfos/aina/secoem-VSS/scentree-gen-remote/same_ren_scentree/scenariotree_350/results_12.json,2442,31,130,78.7741935483871,130,2.6923076923076925,71,0.002857142857142857,0.20285714285714285,0.019054070476906514,0.8203484543781931,18.21832242712671
same_ren,350,13,350,30,True,/users/delfos/aina/secoem-VSS/scentree-gen-remote/same_ren_scentree/scenariotree_350/results_13.json,2572,31,111,82.96774193548387,111,3.1531531531531534,37,0.002857142857142857,0.10571428571428572,0.014186000511385152,0.8605206577142326,31.90104166666666
same_ren,350,14,350,30,True,/users/delfos/aina/secoem-VSS/scentree-gen-remote/same_ren_scentree/scenariotree_350/results_14.json,2725,31,113,87.90322580645162,113,3.0973451327433628,38,0.002857142857142857,0.10857142857142857,0.014130456460643903,0.8632310438007124,31.834719334719328
same_ren,350,15,350,30,True,/users/delfos/aina/secoem-VSS/scentree-gen-remote/same_ren_scentree/scenariotree_350/results_15.json,2463,31,122,79.45161290322581,122,2.8688524590163933,43,0.002857142857142857,0.12285714285714286,0.014673659016837154,0.8453336809230846,29.014684983420178
same_ren,350,16,350,30,True,/users/delfos/aina/secoem-VSS/scentree-gen-remote/same_ren_scentree/scenariotree_350/results_16.json,2691,31,126,86.80645161290323,126,2.7777777777777777,37,0.002857142857142857,0.10571428571428572,0.014185082702776127,0.8484795335424855,30.039234919077977
same_ren,350,17,350,30,True,/users/delfos/aina/secoem-VSS/scentree-gen-remote/same_ren_scentree/scenariotree_350/results_17.json,2181,31,105,70.35483870967742,105,3.3333333333333335,51,0.002857142857142857,0.1457142857142857,0.017254361476388744,0.840270630196925,24.51961569255404
same_ren,350,18,350,30,True,/users/delfos/aina/secoem-VSS/scentree-gen-remote/same_ren_scentree/scenariotree_350/results_18.json,2417,31,116,77.96774193548387,116,3.0172413793103448,37,0.002857142857142857,0.10571428571428572,0.011863537705906436,0.8916840985998281,40.0850785340314
same_ren,350,19,350,30,True,/users/delfos/aina/secoem-VSS/scentree-gen-remote/same_ren_scentree/scenariotree_350/results_19.json,2390,31,116,77.09677419354838,116,3.0172413793103448,47,0.002857142857142857,0.13428571428571429,0.0150765476265315,0.8535900040606919,28.58142790480634
same_ren,350,2,350,30,True,/users/delfos/aina/secoem-VSS/scentree-gen-remote/same_ren_scentree/scenariotree_350/results_2.json,2983,31,139,96.2258064516129,139,2.5179856115107913,71,0.002857142857142857,0.20285714285714285,0.018326241439412035,0.8210029852175971,18.56060606060606
same_ren,350,20,350,30,True,/users/delfos/aina/secoem-VSS/scentree-gen-remote/same_ren_scentree/scenariotree_350/results_20.json,2934,31,148,94.64516129032258,148,2.364864864864865,53,0.002857142857142857,0.15142857142857144,0.014224380492749008,0.8523677546014292,27.246441281138782
same_ren,350,21,350,30,True,/users/delfos/aina/secoem-VSS/scentree-gen-remote/same_ren_scentree/scenariotree_350/results_21.json,2919,31,122,94.16129032258064,122,2.8688524590163933,38,0.002857142857142857,0.10857142857142857,0.014563807621241159,0.841984833601553,29.348346909439382
same_ren,350,22,350,30,True,/users/delfos/aina/secoem-VSS/scentree-gen-remote/same_ren_scentree/scenariotree_350/results_22.json,2619,31,130,84.48387096774194,130,2.6923076923076925,65,0.002857142857142857,0.18571428571428572,0.019387306384195863,0.806884974680895,17.68187066974596
same_ren,350,23,350,30,True,/users/delfos/aina/secoem-VSS/scentree-gen-remote/same_ren_scentree/scenariotree_350/results_23.json,2498,31,114,80.58064516129032,114,3.0701754385964914,36,0.002857142857142857,0.10285714285714286,0.017124966847987283,0.8238951109855698,23.694390715667307
same_ren,350,24,350,30,True,/users/delfos/aina/secoem-VSS/scentree-gen-remote/same_ren_scentree/scenariotree_350/results_24.json,2587,31,127,83.45161290322581,127,2.7559055118110236,71,0.002857142857142857,0.20285714285714285,0.0198620229671313,0.8091791312725855,17.248662348634184
same_ren,350,25,350,30,True,/users/delfos/aina/secoem-VSS/scentree-gen-remote/same_ren_scentree/scenariotree_350/results_25.json,2475,31,108,79.83870967741936,108,3.240740740740741,35,0.002857142857142857,0.1,0.014427185068135426,0.8579485956711509,31.507201646090532
same_ren,350,26,350,30,True,/users/delfos/aina/secoem-VSS/scentree-gen-remote/same_ren_scentree/scenariotree_350/results_26.json,2985,31,131,96.29032258064517,131,2.6717557251908395,53,0.002857142857142857,0.15142857142857144,0.01864532817441051,0.8067811290559189,18.805649370586423
same_ren,350,27,350,30,True,/users/delfos/aina/secoem-VSS/scentree-gen-remote/same_ren_scentree/scenariotree_350/results_27.json,2546,31,118,82.12903225806451,118,2.9661016949152543,35,0.002857142857142857,0.1,0.013812662708867376,0.8552727845089857,32.27081138040042
same_ren,350,28,350,30,True,/users/delfos/aina/secoem-VSS/scentree-gen-remote/same_ren_scentree/scenariotree_350/results_28.json,2701,31,120,87.12903225806451,120,2.9166666666666665,46,0.002857142857142857,0.13142857142857142,0.015246649384711299,0.8464603406444278,27.602523659305987
same_ren,350,29,350,30,True,/users/delfos/aina/secoem-VSS/scentree-gen-remote/same_ren_scentree/scenariotree_350/results_29.json,2865,31,131,92.41935483870968,131,2.6717557251908395,71,0.002857142857142857,0.20285714285714285,0.019666776151646834,0.7980812977368998,17.15205824698964
same_ren,350,3,350,30,True,/users/delfos/aina/secoem-VSS/scentree-gen-remote/same_ren_scentree/scenariotree_350/results_3.json,2929,31,120,94.48387096774194,120,2.9166666666666665,71,0.002857142857142857,0.20285714285714285,0.019933847512309078,0.8222828432044239,17.85193821043427
same_ren,350,30,350,30,True,/users/delfos/aina/secoem-VSS/scentree-gen-remote/same_ren_scentree/scenariotree_350/results_30.json,2288,31,106,73.80645161290323,106,3.30188679245283,51,0.002857142857142857,0.1457142857142857,0.016348014431962547,0.8568167480558609,26.48076091655858
same_ren,350,31,350,30,True,/users/delfos/aina/secoem-VSS/scentree-gen-remote/same_ren_scentree/scenariotree_350/results_31.json,2589,31,119,83.51612903225806,119,2.9411764705882355,37,0.002857142857142857,0.10571428571428572,0.013646159912204263,0.8592516711919893,32.71901709401708
same_ren,350,4,350,30,True,/users/delfos/aina/secoem-VSS/scentree-gen-remote/same_ren_scentree/scenariotree_350/results_4.json,2390,31,119,77.09677419354838,119,2.9411764705882355,35,0.002857142857142857,0.1,0.015047146475893523,0.8384574190474852,28.290993071593526
same_ren,350,5,350,30,True,/users/delfos/aina/secoem-VSS/scentree-gen-remote/same_ren_scentree/scenariotree_350/results_5.json,2702,31,116,87.16129032258064,116,3.0172413793103448,47,0.002857142857142857,0.13428571428571429,0.016697763542935208,0.8313895948119696,24.41211638102829
same_ren,350,6,350,30,True,/users/delfos/aina/secoem-VSS/scentree-gen-remote/same_ren_scentree/scenariotree_350/results_6.json,2446,31,120,78.90322580645162,120,2.9166666666666665,38,0.002857142857142857,0.10857142857142857,0.014664424689496787,0.8510206720717094,29.292204686752747
same_ren,350,7,350,30,True,/users/delfos/aina/secoem-VSS/scentree-gen-remote/same_ren_scentree/scenariotree_350/results_7.json,2444,31,112,78.83870967741936,112,3.125,35,0.002857142857142857,0.1,0.014458773199997974,0.8458771419551071,30.918727915194342
same_ren,350,8,350,30,True,/users/delfos/aina/secoem-VSS/scentree-gen-remote/same_ren_scentree/scenariotree_350/results_8.json,2469,31,116,79.64516129032258,116,3.0172413793103448,35,0.002857142857142857,0.1,0.014305320332411471,0.857396173955808,30.903128153380422
same_ren,350,9,350,30,True,/users/delfos/aina/secoem-VSS/scentree-gen-remote/same_ren_scentree/scenariotree_350/results_9.json,2575,31,125,83.06451612903226,125,2.8,35,0.002857142857142857,0.1,0.014085453489327207,0.850868708298816,30.48780487804877
same_ren,360,1,360,30,True,/users/delfos/aina/secoem-VSS/scentree-gen-remote/same_ren_scentree/scenariotree_360/results_1.json,2679,31,129,86.41935483870968,129,2.7906976744186047,72,0.002777777777777778,0.2,0.018914819874299504,0.81815539081157,18.551388491268245
same_ren,360,10,360,30,True,/users/delfos/aina/secoem-VSS/scentree-gen-remote/same_ren_scentree/scenariotree_360/results_10.json,3156,31,138,101.80645161290323,138,2.608695652173913,36,0.002777777777777778,0.1,0.016597530999252447,0.8024301981326966,22.093419706784857
same_ren,360,11,360,30,True,/users/delfos/aina/secoem-VSS/scentree-gen-remote/same_ren_scentree/scenariotree_360/results_11.json,2584,31,124,83.35483870967742,124,2.903225806451613,48,0.002777777777777778,0.13333333333333333,0.014751101699497013,0.8507041378669196,28.533685601056803
same_ren,360,12,360,30,True,/users/delfos/aina/secoem-VSS/scentree-gen-remote/same_ren_scentree/scenariotree_360/results_12.json,2502,31,132,80.70967741935483,132,2.727272727272727,51,0.002777777777777778,0.14166666666666666,0.015489016045772037,0.8365933970246036,25.481714510420773
same_ren,360,13,360,30,True,/users/delfos/aina/secoem-VSS/scentree-gen-remote/same_ren_scentree/scenariotree_360/results_13.json,2471,31,117,79.70967741935483,117,3.076923076923077,21,0.002777777777777778,0.058333333333333334,0.011864053137634832,0.8743547338147448,39.97532387415176
same_ren,360,14,360,30,True,/users/delfos/aina/secoem-VSS/scentree-gen-remote/same_ren_scentree/scenariotree_360/results_14.json,2426,31,127,78.25806451612904,127,2.8346456692913384,30,0.002777777777777778,0.08333333333333333,0.013336630987690353,0.8520150513376645,32.82674772036475
same_ren,360,15,360,30,True,/users/delfos/aina/secoem-VSS/scentree-gen-remote/same_ren_scentree/scenariotree_360/results_15.json,2901,31,129,93.58064516129032,129,2.7906976744186047,39,0.002777777777777778,0.10833333333333334,0.015458950125579301,0.8319950627087589,25.919999999999998
same_ren,360,16,360,30,True,/users/delfos/aina/secoem-VSS/scentree-gen-remote/same_ren_scentree/scenariotree_360/results_16.json,3080,31,123,99.35483870967742,123,2.926829268292683,28,0.002777777777777778,0.07777777777777778,0.012147729854739215,0.8699550607031488,38.05049911920141
same_ren,360,17,360,30,True,/users/delfos/aina/secoem-VSS/scentree-gen-remote/same_ren_scentree/scenariotree_360/results_17.json,3469,31,140,111.90322580645162,140,2.5714285714285716,72,0.002777777777777778,0.2,0.019069927412532918,0.8019135067784322,17.224880382775115
same_ren,360,18,360,30,True,/users/delfos/aina/secoem-VSS/scentree-gen-remote/same_ren_scentree/scenariotree_360/results_18.json,2952,31,132,95.2258064516129,132,2.727272727272727,47,0.002777777777777778,0.13055555555555556,0.01572869504347502,0.8363382395141329,24.856156501726122
same_ren,360,19,360,30,True,/users/delfos/aina/secoem-VSS/scentree-gen-remote/same_ren_scentree/scenariotree_360/results_19.json,2473,31,110,79.7741935483871,110,3.272727272727273,29,0.002777777777777778,0.08055555555555556,0.013761583687690412,0.8591201477129303,33.41928829293451
same_ren,360,2,360,30,True,/users/delfos/aina/secoem-VSS/scentree-gen-remote/same_ren_scentree/scenariotree_360/results_2.json,2536,31,119,81.80645161290323,119,3.0252100840336134,48,0.002777777777777778,0.13333333333333333,0.017880851205325725,0.8103584828713412,21.5282392026578
same_ren,360,20,360,30,True,/users/delfos/aina/secoem-VSS/scentree-gen-remote/same_ren_scentree/scenariotree_360/results_20.json,3041,31,142,98.09677419354838,142,2.535211267605634,31,0.002777777777777778,0.08611111111111111,0.012029991591284636,0.8589536217112054,36.24161073825504
same_ren,360,21,360,30,True,/users/delfos/aina/secoem-VSS/scentree-gen-remote/same_ren_scentree/scenariotree_360/results_21.json,2726,31,115,87.93548387096774,115,3.130434782608696,51,0.002777777777777778,0.14166666666666666,0.016157777405419856,0.8375737415647596,25.82702271821443
same_ren,360,22,360,30,True,/users/delfos/aina/secoem-VSS/scentree-gen-remote/same_ren_scentree/scenariotree_360/results_22.json,2771,31,127,89.38709677419355,127,2.8346456692913384,39,0.002777777777777778,0.10833333333333334,0.014751282744496922,0.8359552887778015,28.161668839634928
same_ren,360,23,360,30,True,/users/delfos/aina/secoem-VSS/scentree-gen-remote/same_ren_scentree/scenariotree_360/results_23.json,2524,31,120,81.41935483870968,120,3.0,29,0.002777777777777778,0.08055555555555556,0.011587029785896784,0.8761147547063964,40.909090909090914
same_ren,360,24,360,30,True,/users/delfos/aina/secoem-VSS/scentree-gen-remote/same_ren_scentree/scenariotree_360/results_24.json,2721,31,127,87.7741935483871,127,2.8346456692913384,72,0.002777777777777778,0.2,0.019600869922570704,0.8080053238693796,17.647058823529395
same_ren,360,25,360,30,True,/users/delfos/aina/secoem-VSS/scentree-gen-remote/same_ren_scentree/scenariotree_360/results_25.json,2584,31,125,83.35483870967742,125,2.88,48,0.002777777777777778,0.13333333333333333,0.014493932319218066,0.8516939753872385,29.189189189189182
same_ren,360,26,360,30,True,/users/delfos/aina/secoem-VSS/scentree-gen-remote/same_ren_scentree/scenariotree_360/results_26.json,2884,31,124,93.03225806451613,124,2.903225806451613,33,0.002777777777777778,0.09166666666666666,0.01505176317996022,0.8299882332949021,27.656850192061462
same_ren,360,27,360,30,True,/users/delfos/aina/secoem-VSS/scentree-gen-remote/same_ren_scentree/scenariotree_360/results_27.json,2559,31,124,82.54838709677419,124,2.903225806451613,52,0.002777777777777778,0.14444444444444443,0.015857050693787147,0.8420116485933975,25.481714510420773
same_ren,360,28,360,30,True,/users/delfos/aina/secoem-VSS/scentree-gen-remote/same_ren_scentree/scenariotree_360/results_28.json,2914,31,123,94.0,123,2.926829268292683,54,0.002777777777777778,0.15,0.01652746267418162,0.8335460227122464,23.964497041420117
same_ren,360,29,360,30,True,/users/delfos/aina/secoem-VSS/scentree-gen-remote/same_ren_scentree/scenariotree_360/results_29.json,3047,31,141,98.29032258064517,141,2.5531914893617023,72,0.002777777777777778,0.2,0.01827187663544433,0.8215820393027764,18.461538461538456
same_ren,360,3,360,30,True,/users/delfos/aina/secoem-VSS/scentree-gen-remote/same_ren_scentree/scenariotree_360/results_3.json,2786,31,132,89.87096774193549,132,2.727272727272727,66,0.002777777777777778,0.18333333333333332,0.01849880340202407,0.816713794743454,18.958455236980686
same_ren,360,30,360,30,True,/users/delfos/aina/secoem-VSS/scentree-gen-remote/same_ren_scentree/scenariotree_360/results_30.json,3033,31,135,97.83870967741936,135,2.6666666666666665,66,0.002777777777777778,0.18333333333333332,0.01967674290242888,0.7921163983138114,16.757176105508147
same_ren,360,31,360,30,True,/users/delfos/aina/secoem-VSS/scentree-gen-remote/same_ren_scentree/scenariotree_360/results_31.json,2719,31,135,87.70967741935483,135,2.6666666666666665,54,0.002777777777777778,0.15,0.0169623968852659,0.8199042364013307,21.62162162162162
same_ren,360,4,360,30,True,/users/delfos/aina/secoem-VSS/scentree-gen-remote/same_ren_scentree/scenariotree_360/results_4.json,3077,31,135,99.25806451612904,135,2.6666666666666665,72,0.002777777777777778,0.2,0.02165954298846436,0.7745814248929325,14.136125654450256
same_ren,360,5,360,30,True,/users/delfos/aina/secoem-VSS/scentree-gen-remote/same_ren_scentree/scenariotree_360/results_5.json,2790,31,126,90.0,126,2.857142857142857,39,0.002777777777777778,0.10833333333333334,0.01440281226329756,0.8476342575161774,29.34782608695652
same_ren,360,6,360,30,True,/users/delfos/aina/secoem-VSS/scentree-gen-remote/same_ren_scentree/scenariotree_360/results_6.json,2717,31,126,87.64516129032258,126,2.857142857142857,34,0.002777777777777778,0.09444444444444444,0.012066073472995988,0.8729720142883499,38.05049911920142
same_ren,360,7,360,30,True,/users/delfos/aina/secoem-VSS/scentree-gen-remote/same_ren_scentree/scenariotree_360/results_7.json,2556,31,125,82.45161290322581,125,2.88,47,0.002777777777777778,0.13055555555555556,0.014909604162964768,0.8457872250390938,27.943078913324705
same_ren,360,8,360,30,True,/users/delfos/aina/secoem-VSS/scentree-gen-remote/same_ren_scentree/scenariotree_360/results_8.json,3050,31,127,98.38709677419355,127,2.8346456692913384,54,0.002777777777777778,0.15,0.01647883284679934,0.828134719409741,23.606557377049175
same_ren,360,9,360,30,True,/users/delfos/aina/secoem-VSS/scentree-gen-remote/same_ren_scentree/scenariotree_360/results_9.json,2586,31,123,83.41935483870968,123,2.926829268292683,72,0.002777777777777778,0.2,0.0198330971588451,0.8129191352683461,17.695248498088464
same_ren,370,1,370,30,True,/users/delfos/aina/secoem-VSS/scentree-gen-remote/same_ren_scentree/scenariotree_370/results_1.json,2674,31,125,86.25806451612904,125,2.96,22,0.002702702702702703,0.05945945945945946,0.010726155031189157,0.8812248632127111,44.68015665796344
same_ren,370,10,370,30,True,/users/delfos/aina/secoem-VSS/scentree-gen-remote/same_ren_scentree/scenariotree_370/results_10.json,2795,31,139,90.16129032258064,139,2.661870503597122,42,0.002702702702702703,0.11351351351351352,0.01171843319166737,0.8772861117028106,38.04891606448027
same_ren,370,11,370,30,True,/users/delfos/aina/secoem-VSS/scentree-gen-remote/same_ren_scentree/scenariotree_370/results_11.json,2765,31,117,89.19354838709677,117,3.1623931623931623,51,0.002702702702702703,0.13783783783783785,0.016350247915580565,0.8294114412822339,25.110051357300065
same_ren,370,12,370,30,True,/users/delfos/aina/secoem-VSS/scentree-gen-remote/same_ren_scentree/scenariotree_370/results_12.json,2664,31,131,85.93548387096774,131,2.8244274809160306,33,0.002702702702702703,0.0891891891891892,0.01150291748760602,0.872204980830984,40.05266237565827
same_ren,370,13,370,30,True,/users/delfos/aina/secoem-VSS/scentree-gen-remote/same_ren_scentree/scenariotree_370/results_13.json,2634,31,121,84.96774193548387,121,3.0578512396694215,47,0.002702702702702703,0.12702702702702703,0.013391441136312694,0.8744468645270107,33.373963920038996
same_ren,370,14,370,30,True,/users/delfos/aina/secoem-VSS/scentree-gen-remote/same_ren_scentree/scenariotree_370/results_14.json,2632,31,125,84.90322580645162,125,2.96,34,0.002702702702702703,0.0918918918918919,0.015140539575634151,0.8315083374947175,27.281785571941004
same_ren,370,15,370,30,True,/users/delfos/aina/secoem-VSS/scentree-gen-remote/same_ren_scentree/scenariotree_370/results_15.json,2617,31,103,84.41935483870968,103,3.592233009708738,23,0.002702702702702703,0.062162162162162166,0.013338870938463828,0.8662477085810519,35.66961959353829
same_ren,370,16,370,30,True,/users/delfos/aina/secoem-VSS/scentree-gen-remote/same_ren_scentree/scenariotree_370/results_16.json,2682,31,109,86.51612903225806,109,3.3944954128440368,36,0.002702702702702703,0.0972972972972973,0.015987385997418883,0.8329909639091861,27.001972386587763
same_ren,370,17,370,30,True,/users/delfos/aina/secoem-VSS/scentree-gen-remote/same_ren_scentree/scenariotree_370/results_17.json,2367,31,112,76.35483870967742,112,3.3035714285714284,38,0.002702702702702703,0.10270270270270271,0.015211127162669157,0.8476283693159973,28.700209643605866
same_ren,370,18,370,30,True,/users/delfos/aina/secoem-VSS/scentree-gen-remote/same_ren_scentree/scenariotree_370/results_18.json,2748,31,113,88.64516129032258,113,3.274336283185841,47,0.002702702702702703,0.12702702702702703,0.016673174933292394,0.8296226702165427,24.83671988388969
same_ren,370,19,370,30,True,/users/delfos/aina/secoem-VSS/scentree-gen-remote/same_ren_scentree/scenariotree_370/results_19.json,2641,31,119,85.19354838709677,119,3.1092436974789917,37,0.002702702702702703,0.1,0.013514830351312736,0.8628140464535105,33.17983519146873
same_ren,370,2,370,30,True,/users/delfos/aina/secoem-VSS/scentree-gen-remote/same_ren_scentree/scenariotree_370/results_2.json,2537,31,111,81.83870967741936,111,3.3333333333333335,56,0.002702702702702703,0.15135135135135136,0.02006948141590713,0.8052732120904316,18.615719336415555
same_ren,370,20,370,30,True,/users/delfos/aina/secoem-VSS/scentree-gen-remote/same_ren_scentree/scenariotree_370/results_20.json,2465,31,115,79.51612903225806,115,3.217391304347826,48,0.002702702702702703,0.12972972972972974,0.016293519657339404,0.8306706600980254,25.493482309124765
same_ren,370,21,370,30,True,/users/delfos/aina/secoem-VSS/scentree-gen-remote/same_ren_scentree/scenariotree_370/results_21.json,3037,31,132,97.96774193548387,132,2.803030303030303,72,0.002702702702702703,0.1945945945945946,0.017739782717580477,0.8345836321816709,20.35990481856038
same_ren,370,22,370,30,True,/users/delfos/aina/secoem-VSS/scentree-gen-remote/same_ren_scentree/scenariotree_370/results_22.json,2842,31,120,91.6774193548387,120,3.0833333333333335,42,0.002702702702702703,0.11351351351351352,0.013552122024344158,0.8622354074076819,32.92448292448292
same_ren,370,23,370,30,True,/users/delfos/aina/secoem-VSS/scentree-gen-remote/same_ren_scentree/scenariotree_370/results_23.json,2781,31,124,89.70967741935483,124,2.9838709677419355,56,0.002702702702702703,0.15135135135135136,0.01727502336234126,0.8182201437910588,22.188006482982168
same_ren,370,24,370,30,True,/users/delfos/aina/secoem-VSS/scentree-gen-remote/same_ren_scentree/scenariotree_370/results_24.json,2684,31,114,86.58064516129032,114,3.245614035087719,18,0.002702702702702703,0.04864864864864865,0.010628870896387772,0.8893062696201608,46.18758434547907
same_ren,370,25,370,30,True,/users/delfos/aina/secoem-VSS/scentree-gen-remote/same_ren_scentree/scenariotree_370/results_25.json,2427,31,110,78.29032258064517,110,3.3636363636363638,29,0.002702702702702703,0.07837837837837838,0.01277971985171489,0.8733292982562185,36.96004319654427
same_ren,370,26,370,30,True,/users/delfos/aina/secoem-VSS/scentree-gen-remote/same_ren_scentree/scenariotree_370/results_26.json,2734,31,111,88.19354838709677,111,3.3333333333333335,47,0.002702702702702703,0.12702702702702703,0.01683868741442998,0.8317182240589567,24.70227354745579
same_ren,370,27,370,30,True,/users/delfos/aina/secoem-VSS/scentree-gen-remote/same_ren_scentree/scenariotree_370/results_27.json,2437,31,108,78.61290322580645,108,3.425925925925926,30,0.002702702702702703,0.08108108108108109,0.012402822508701741,0.8801717408610301,38.650479954827766
same_ren,370,28,370,30,True,/users/delfos/aina/secoem-VSS/scentree-gen-remote/same_ren_scentree/scenariotree_370/results_28.json,2508,31,110,80.90322580645162,110,3.3636363636363638,51,0.002702702702702703,0.13783783783783785,0.016727116818047102,0.8336286766763903,25.08244778307072
same_ren,370,29,370,30,True,/users/delfos/aina/secoem-VSS/scentree-gen-remote/same_ren_scentree/scenariotree_370/results_29.json,2684,31,117,86.58064516129032,117,3.1623931623931623,32,0.002702702702702703,0.08648648648648649,0.012794243448722056,0.863622101902789,36.10232067510548
same_ren,370,3,370,30,True,/users/delfos/aina/secoem-VSS/scentree-gen-remote/same_ren_scentree/scenariotree_370/results_3.json,2936,31,126,94.70967741935483,126,2.9365079365079363,56,0.002702702702702703,0.15135135135135136,0.01901899751522596,0.797375701524116,18.68686868686868
same_ren,370,30,370,30,True,/users/delfos/aina/secoem-VSS/scentree-gen-remote/same_ren_scentree/scenariotree_370/results_30.json,2661,31,122,85.83870967741936,122,3.0327868852459017,23,0.002702702702702703,0.062162162162162166,0.01095350240618955,0.881640052971767,43.793985924504156
same_ren,370,31,370,30,True,/users/delfos/aina/secoem-VSS/scentree-gen-remote/same_ren_scentree/scenariotree_370/results_31.json,2492,31,115,80.38709677419355,115,3.217391304347826,21,0.002702702702702703,0.05675675675675676,0.010667574064910711,0.8937278151170883,45.90878604963112
same_ren,370,4,370,30,True,/users/delfos/aina/secoem-VSS/scentree-gen-remote/same_ren_scentree/scenariotree_370/results_4.json,3083,31,133,99.45161290322581,133,2.781954887218045,33,0.002702702702702703,0.0891891891891892,0.013011772002853667,0.8549458594157108,33.29280155642023
same_ren,370,5,370,30,True,/users/delfos/aina/secoem-VSS/scentree-gen-remote/same_ren_scentree/scenariotree_370/results_5.json,2845,31,123,91.7741935483871,123,3.008130081300813,72,0.002702702702702703,0.1945945945945946,0.01904717157057433,0.8172713371018969,18.95596787593464
same_ren,370,6,370,30,True,/users/delfos/aina/secoem-VSS/scentree-gen-remote/same_ren_scentree/scenariotree_370/results_6.json,2386,31,121,76.96774193548387,121,3.0578512396694215,27,0.002702702702702703,0.07297297297297298,0.012403835776736398,0.8628027234307147,37.20108695652173
same_ren,370,7,370,30,True,/users/delfos/aina/secoem-VSS/scentree-gen-remote/same_ren_scentree/scenariotree_370/results_7.json,2749,31,133,88.6774193548387,133,2.781954887218045,30,0.002702702702702703,0.08108108108108109,0.013167020363194433,0.8498809779346331,32.704252269469656
same_ren,370,8,370,30,True,/users/delfos/aina/secoem-VSS/scentree-gen-remote/same_ren_scentree/scenariotree_370/results_8.json,2445,31,111,78.87096774193549,111,3.3333333333333335,23,0.002702702702702703,0.062162162162162166,0.012750988806601605,0.8660906774896284,36.96004319654426
same_ren,370,9,370,30,True,/users/delfos/aina/secoem-VSS/scentree-gen-remote/same_ren_scentree/scenariotree_370/results_9.json,2775,31,119,89.51612903225806,119,3.1092436974789917,23,0.002702702702702703,0.062162162162162166,0.012791475464594025,0.8562979616561881,35.87526205450734
same_ren,380,1,380,30,True,/users/delfos/aina/secoem-VSS/scentree-gen-remote/same_ren_scentree/scenariotree_380/results_1.json,3015,31,130,97.25806451612904,130,2.923076923076923,75,0.002631578947368421,0.19736842105263158,0.01836200885902602,0.8254818146044003,19.408602150537632
same_ren,380,10,380,30,True,/users/delfos/aina/secoem-VSS/scentree-gen-remote/same_ren_scentree/scenariotree_380/results_10.json,2740,31,116,88.38709677419355,116,3.2758620689655173,47,0.002631578947368421,0.12368421052631579,0.01606900999757298,0.8330811388822437,25.9245960502693
same_ren,380,11,380,30,True,/users/delfos/aina/secoem-VSS/scentree-gen-remote/same_ren_scentree/scenariotree_380/results_11.json,3063,31,128,98.80645161290323,128,2.96875,45,0.002631578947368421,0.11842105263157894,0.015935921381815234,0.8168082091346881,24.802473376846454
same_ren,380,12,380,30,True,/users/delfos/aina/secoem-VSS/scentree-gen-remote/same_ren_scentree/scenariotree_380/results_12.json,2692,31,121,86.83870967741936,121,3.1404958677685952,29,0.002631578947368421,0.07631578947368421,0.013719238574128812,0.8474866761613874,32.21775992860329
same_ren,380,13,380,30,True,/users/delfos/aina/secoem-VSS/scentree-gen-remote/same_ren_scentree/scenariotree_380/results_13.json,2752,31,124,88.7741935483871,124,3.064516129032258,67,0.002631578947368421,0.1763157894736842,0.017345968456444576,0.8313113180155232,22.039072039072032
same_ren,380,14,380,30,True,/users/delfos/aina/secoem-VSS/scentree-gen-remote/same_ren_scentree/scenariotree_380/results_14.json,2875,31,127,92.74193548387096,127,2.9921259842519685,29,0.002631578947368421,0.07631578947368421,0.012225550864563867,0.856959091239456,37.2356884992264
same_ren,380,15,380,30,True,/users/delfos/aina/secoem-VSS/scentree-gen-remote/same_ren_scentree/scenariotree_380/results_15.json,2614,31,118,84.3225806451613,118,3.2203389830508473,35,0.002631578947368421,0.09210526315789473,0.015295328892243998,0.831641327888849,27.71593090211133
same_ren,380,16,380,30,True,/users/delfos/aina/secoem-VSS/scentree-gen-remote/same_ren_scentree/scenariotree_380/results_16.json,2837,31,129,91.51612903225806,129,2.945736434108527,54,0.002631578947368421,0.14210526315789473,0.017392173950866667,0.818398930653035,21.379923008587504
same_ren,380,17,380,30,True,/users/delfos/aina/secoem-VSS/scentree-gen-remote/same_ren_scentree/scenariotree_380/results_17.json,2819,31,131,90.93548387096774,131,2.900763358778626,69,0.002631578947368421,0.18157894736842106,0.018222992415162596,0.8101294493596299,19.5557963163597
same_ren,380,18,380,30,True,/users/delfos/aina/secoem-VSS/scentree-gen-remote/same_ren_scentree/scenariotree_380/results_18.json,2747,31,134,88.61290322580645,134,2.8358208955223883,42,0.002631578947368421,0.11052631578947368,0.014025570495294641,0.8592533880885711,29.56592956592956
same_ren,380,19,380,30,True,/users/delfos/aina/secoem-VSS/scentree-gen-remote/same_ren_scentree/scenariotree_380/results_19.json,2579,31,124,83.19354838709677,124,3.064516129032258,42,0.002631578947368421,0.11052631578947368,0.015057087386367393,0.8303280508355787,27.641653905053598
same_ren,380,2,380,30,True,/users/delfos/aina/secoem-VSS/scentree-gen-remote/same_ren_scentree/scenariotree_380/results_2.json,2998,31,124,96.70967741935483,124,3.064516129032258,57,0.002631578947368421,0.15,0.015248741565256985,0.8531606793674289,27.102102102102094
same_ren,380,20,380,30,True,/users/delfos/aina/secoem-VSS/scentree-gen-remote/same_ren_scentree/scenariotree_380/results_20.json,3012,31,127,97.16129032258064,127,2.9921259842519685,29,0.002631578947368421,0.07631578947368421,0.011654689837541657,0.8650400032520414,39.80154355016536
same_ren,380,21,380,30,True,/users/delfos/aina/secoem-VSS/scentree-gen-remote/same_ren_scentree/scenariotree_380/results_21.json,2929,31,133,94.48387096774194,133,2.857142857142857,29,0.002631578947368421,0.07631578947368421,0.012766815215052922,0.8482820392682413,34.25047438330171
same_ren,380,22,380,30,True,/users/delfos/aina/secoem-VSS/scentree-gen-remote/same_ren_scentree/scenariotree_380/results_22.json,2983,31,134,96.2258064516129,134,2.8358208955223883,47,0.002631578947368421,0.12368421052631579,0.01646936951071069,0.8196469333182044,22.826430603857105
same_ren,380,23,380,30,True,/users/delfos/aina/secoem-VSS/scentree-gen-remote/same_ren_scentree/scenariotree_380/results_23.json,2541,31,117,81.96774193548387,117,3.247863247863248,24,0.002631578947368421,0.06315789473684211,0.011243589471375109,0.8795608476983335,42.84866468842729
same_ren,380,24,380,30,True,/users/delfos/aina/secoem-VSS/scentree-gen-remote/same_ren_scentree/scenariotree_380/results_24.json,2865,31,128,92.41935483870968,128,2.96875,22,0.002631578947368421,0.05789473684210526,0.010063518298125344,0.8856337214361081,48.133333333333326
same_ren,380,25,380,30,True,/users/delfos/aina/secoem-VSS/scentree-gen-remote/same_ren_scentree/scenariotree_380/results_25.json,2702,31,122,87.16129032258064,122,3.1147540983606556,54,0.002631578947368421,0.14210526315789473,0.016736065831540983,0.8224548218400994,23.602484472049678
same_ren,380,26,380,30,True,/users/delfos/aina/secoem-VSS/scentree-gen-remote/same_ren_scentree/scenariotree_380/results_26.json,2884,31,126,93.03225806451613,126,3.015873015873016,29,0.002631578947368421,0.07631578947368421,0.012059337380493126,0.8665596424979592,38.080168776371295
same_ren,380,27,380,30,True,/users/delfos/aina/secoem-VSS/scentree-gen-remote/same_ren_scentree/scenariotree_380/results_27.json,3063,31,128,98.80645161290323,128,2.96875,27,0.002631578947368421,0.07105263157894737,0.011337654346330628,0.8709360120272257,41.210045662100455
same_ren,380,28,380,30,True,/users/delfos/aina/secoem-VSS/scentree-gen-remote/same_ren_scentree/scenariotree_380/results_28.json,2592,31,116,83.61290322580645,116,3.2758620689655173,42,0.002631578947368421,0.11052631578947368,0.013032919218013654,0.8735757778425489,35.30562347188264
same_ren,380,29,380,30,True,/users/delfos/aina/secoem-VSS/scentree-gen-remote/same_ren_scentree/scenariotree_380/results_29.json,3005,31,130,96.93548387096774,130,2.923076923076923,75,0.002631578947368421,0.19736842105263158,0.02091711287380335,0.783634262735389,15.486915486915485
same_ren,380,3,380,30,True,/users/delfos/aina/secoem-VSS/scentree-gen-remote/same_ren_scentree/scenariotree_380/results_3.json,2566,31,111,82.7741935483871,111,3.4234234234234235,28,0.002631578947368421,0.07368421052631578,0.012792701405382672,0.8695470019756805,36.79918450560652
same_ren,380,30,380,30,True,/users/delfos/aina/secoem-VSS/scentree-gen-remote/same_ren_scentree/scenariotree_380/results_30.json,2673,31,129,86.2258064516129,129,2.945736434108527,49,0.002631578947368421,0.12894736842105264,0.01592930762896793,0.8172475852773067,24.700650017105705
same_ren,380,31,380,30,True,/users/delfos/aina/secoem-VSS/scentree-gen-remote/same_ren_scentree/scenariotree_380/results_31.json,2697,31,120,87.0,120,3.1666666666666665,47,0.002631578947368421,0.12368421052631579,0.013633227112536513,0.8694166351518177,32.640144665461115
same_ren,380,4,380,30,True,/users/delfos/aina/secoem-VSS/scentree-gen-remote/same_ren_scentree/scenariotree_380/results_4.json,2713,31,119,87.51612903225806,119,3.19327731092437,75,0.002631578947368421,0.19736842105263158,0.02011766555287252,0.8073335368653385,17.67874632713026
same_ren,380,5,380,30,True,/users/delfos/aina/secoem-VSS/scentree-gen-remote/same_ren_scentree/scenariotree_380/results_5.json,2647,31,128,85.38709677419355,128,2.96875,42,0.002631578947368421,0.11052631578947368,0.01292113260707911,0.8606771306870454,34.26672994779307
same_ren,380,6,380,30,True,/users/delfos/aina/secoem-VSS/scentree-gen-remote/same_ren_scentree/scenariotree_380/results_6.json,2793,31,123,90.09677419354838,123,3.089430894308943,30,0.002631578947368421,0.07894736842105263,0.012533351359470698,0.8630853250959951,36.42785065590312
same_ren,380,7,380,30,True,/users/delfos/aina/secoem-VSS/scentree-gen-remote/same_ren_scentree/scenariotree_380/results_7.json,2786,31,122,89.87096774193549,122,3.1147540983606556,35,0.002631578947368421,0.09210526315789473,0.012980673304799094,0.8582232584430135,34.77842003853564
same_ren,380,8,380,30,True,/users/delfos/aina/secoem-VSS/scentree-gen-remote/same_ren_scentree/scenariotree_380/results_8.json,2957,31,121,95.38709677419355,121,3.1404958677685952,49,0.002631578947368421,0.12894736842105264,0.017868445828462927,0.806797492522058,21.323095097460126
same_ren,380,9,380,30,True,/users/delfos/aina/secoem-VSS/scentree-gen-remote/same_ren_scentree/scenariotree_380/results_9.json,2484,31,119,80.12903225806451,119,3.19327731092437,53,0.002631578947368421,0.1394736842105263,0.0160645264147423,0.8341899659346025,25.566572237960333
same_ren,390,1,390,30,True,/users/delfos/aina/secoem-VSS/scentree-gen-remote/same_ren_scentree/scenariotree_390/results_1.json,3108,31,138,100.25806451612904,138,2.8260869565217392,48,0.002564102564102564,0.12307692307692308,0.013294518881543227,0.8537650686069526,31.608478802992515
same_ren,390,10,390,30,True,/users/delfos/aina/secoem-VSS/scentree-gen-remote/same_ren_scentree/scenariotree_390/results_10.json,2625,31,123,84.6774193548387,123,3.1707317073170733,76,0.002564102564102564,0.19487179487179487,0.01898271629153047,0.8201629921288247,19.06492855352219
same_ren,390,11,390,30,True,/users/delfos/aina/secoem-VSS/scentree-gen-remote/same_ren_scentree/scenariotree_390/results_11.json,3046,31,137,98.25806451612904,137,2.846715328467153,55,0.002564102564102564,0.14102564102564102,0.01789621075941313,0.7921249527733405,19.540082219938338
same_ren,390,12,390,30,True,/users/delfos/aina/secoem-VSS/scentree-gen-remote/same_ren_scentree/scenariotree_390/results_12.json,2486,31,111,80.19354838709677,111,3.5135135135135136,41,0.002564102564102564,0.10512820512820513,0.014127699160994604,0.8664423907332524,32.088607594936704
same_ren,390,13,390,30,True,/users/delfos/aina/secoem-VSS/scentree-gen-remote/same_ren_scentree/scenariotree_390/results_13.json,3005,31,126,96.93548387096774,126,3.0952380952380953,36,0.002564102564102564,0.09230769230769231,0.012315781205298415,0.8598965211441449,36.97131745260087
same_ren,390,14,390,30,True,/users/delfos/aina/secoem-VSS/scentree-gen-remote/same_ren_scentree/scenariotree_390/results_14.json,2549,31,157,82.2258064516129,157,2.484076433121019,55,0.002564102564102564,0.14102564102564102,0.013548203626016702,0.8446938826149117,28.419282511210767
same_ren,390,15,390,30,True,/users/delfos/aina/secoem-VSS/scentree-gen-remote/same_ren_scentree/scenariotree_390/results_15.json,2994,31,135,96.58064516129032,135,2.888888888888889,57,0.002564102564102564,0.14615384615384616,0.014480111283378862,0.8462910536178273,28.00073637702504
same_ren,390,16,390,30,True,/users/delfos/aina/secoem-VSS/scentree-gen-remote/same_ren_scentree/scenariotree_390/results_16.json,2927,31,136,94.41935483870968,136,2.8676470588235294,68,0.002564102564102564,0.17435897435897435,0.017373370784266602,0.8207521895438576,20.6601466992665
same_ren,390,17,390,30,True,/users/delfos/aina/secoem-VSS/scentree-gen-remote/same_ren_scentree/scenariotree_390/results_17.json,2850,31,123,91.93548387096774,123,3.1707317073170733,37,0.002564102564102564,0.09487179487179487,0.011855295271068366,0.878032239653869,39.34299017071909
same_ren,390,18,390,30,True,/users/delfos/aina/secoem-VSS/scentree-gen-remote/same_ren_scentree/scenariotree_390/results_18.json,3192,31,132,102.96774193548387,132,2.9545454545454546,76,0.002564102564102564,0.19487179487179487,0.02035649357013006,0.7936779728716133,16.05785472972973
same_ren,390,19,390,30,True,/users/delfos/aina/secoem-VSS/scentree-gen-remote/same_ren_scentree/scenariotree_390/results_19.json,2634,31,125,84.96774193548387,125,3.12,24,0.002564102564102564,0.06153846153846154,0.012530462552584503,0.8520765632387882,36.197049024274165
same_ren,390,2,390,30,True,/users/delfos/aina/secoem-VSS/scentree-gen-remote/same_ren_scentree/scenariotree_390/results_2.json,2918,31,131,94.12903225806451,131,2.9770992366412212,57,0.002564102564102564,0.14615384615384616,0.015545145542580862,0.8391416520693037,25.451807228915662
same_ren,390,20,390,30,True,/users/delfos/aina/secoem-VSS/scentree-gen-remote/same_ren_scentree/scenariotree_390/results_20.json,2544,31,124,82.06451612903226,124,3.1451612903225805,48,0.002564102564102564,0.12307692307692308,0.013342132794910644,0.8730791683006266,33.18062827225131
same_ren,390,21,390,30,True,/users/delfos/aina/secoem-VSS/scentree-gen-remote/same_ren_scentree/scenariotree_390/results_21.json,3351,31,138,108.09677419354838,138,2.8260869565217392,42,0.002564102564102564,0.1076923076923077,0.014316019266998608,0.8345959763903438,28.14581791265729
same_ren,390,22,390,30,True,/users/delfos/aina/secoem-VSS/scentree-gen-remote/same_ren_scentree/scenariotree_390/results_22.json,2725,31,109,87.90322580645162,109,3.5779816513761467,30,0.002564102564102564,0.07692307692307693,0.013029552338618723,0.8675470216703347,36.128266033254164
same_ren,390,23,390,30,True,/users/delfos/aina/secoem-VSS/scentree-gen-remote/same_ren_scentree/scenariotree_390/results_23.json,2913,31,137,93.96774193548387,137,2.846715328467153,68,0.002564102564102564,0.17435897435897435,0.016948666021997794,0.820042482708676,21.434611048478015
same_ren,390,24,390,30,True,/users/delfos/aina/secoem-VSS/scentree-gen-remote/same_ren_scentree/scenariotree_390/results_24.json,3014,31,135,97.2258064516129,135,2.888888888888889,41,0.002564102564102564,0.10512820512820513,0.013217653881705847,0.8484815144161953,32.26559185405175
same_ren,390,25,390,30,True,/users/delfos/aina/secoem-VSS/scentree-gen-remote/same_ren_scentree/scenariotree_390/results_25.json,2930,31,134,94.51612903225806,134,2.91044776119403,76,0.002564102564102564,0.19487179487179487,0.018010016932767426,0.824672569984325,19.63594113090627
same_ren,390,26,390,30,True,/users/delfos/aina/secoem-VSS/scentree-gen-remote/same_ren_scentree/scenariotree_390/results_26.json,2760,31,123,89.03225806451613,123,3.1707317073170733,57,0.002564102564102564,0.14615384615384616,0.017757723843444522,0.8101040207793443,21.314461883408075
same_ren,390,27,390,30,True,/users/delfos/aina/secoem-VSS/scentree-gen-remote/same_ren_scentree/scenariotree_390/results_27.json,2577,31,129,83.12903225806451,129,3.0232558139534884,39,0.002564102564102564,0.1,0.01209206662420283,0.8689382455218709,37.57411067193675
same_ren,390,28,390,30,True,/users/delfos/aina/secoem-VSS/scentree-gen-remote/same_ren_scentree/scenariotree_390/results_28.json,2684,31,137,86.58064516129032,137,2.846715328467153,25,0.002564102564102564,0.0641025641025641,0.009820859090905168,0.8918814521802582,48.75
same_ren,390,29,390,30,True,/users/delfos/aina/secoem-VSS/scentree-gen-remote/same_ren_scentree/scenariotree_390/results_29.json,2846,31,139,91.80645161290323,139,2.805755395683453,55,0.002564102564102564,0.14102564102564102,0.014966581819266063,0.8333705054125287,26.089193825042887
same_ren,390,3,390,30,True,/users/delfos/aina/secoem-VSS/scentree-gen-remote/same_ren_scentree/scenariotree_390/results_3.json,2628,31,140,84.7741935483871,140,2.7857142857142856,43,0.002564102564102564,0.11025641025641025,0.013195204900083612,0.849344407126203,31.727158948685858
same_ren,390,30,390,30,True,/users/delfos/aina/secoem-VSS/scentree-gen-remote/same_ren_scentree/scenariotree_390/results_30.json,3186,31,146,102.7741935483871,146,2.671232876712329,54,0.002564102564102564,0.13846153846153847,0.014854796885249611,0.827029073688113,25.597441938741166
same_ren,390,31,390,30,True,/users/delfos/aina/secoem-VSS/scentree-gen-remote/same_ren_scentree/scenariotree_390/results_31.json,3642,31,150,117.48387096774194,150,2.6,76,0.002564102564102564,0.19487179487179487,0.018385408081707695,0.7938920486468133,17.430666972266792
same_ren,390,4,390,30,True,/users/delfos/aina/secoem-VSS/scentree-gen-remote/same_ren_scentree/scenariotree_390/results_4.json,3115,31,140,100.48387096774194,140,2.7857142857142856,68,0.002564102564102564,0.17435897435897435,0.01699945500009196,0.8186552165445987,21.00828729281768
same_ren,390,5,390,30,True,/users/delfos/aina/secoem-VSS/scentree-gen-remote/same_ren_scentree/scenariotree_390/results_5.json,2779,31,120,89.64516129032258,120,3.25,38,0.002564102564102564,0.09743589743589744,0.014693336877185397,0.8411711441859859,29.205069124423954
same_ren,390,6,390,30,True,/users/delfos/aina/secoem-VSS/scentree-gen-remote/same_ren_scentree/scenariotree_390/results_6.json,2826,31,121,91.16129032258064,121,3.2231404958677685,49,0.002564102564102564,0.12564102564102564,0.015393398648749489,0.8346062537605552,27.073691705233188
same_ren,390,7,390,30,True,/users/delfos/aina/secoem-VSS/scentree-gen-remote/same_ren_scentree/scenariotree_390/results_7.json,3005,31,134,96.93548387096774,134,2.91044776119403,69,0.002564102564102564,0.17692307692307693,0.017501572263718373,0.8198525829397124,20.61534291135809
same_ren,390,8,390,30,True,/users/delfos/aina/secoem-VSS/scentree-gen-remote/same_ren_scentree/scenariotree_390/results_8.json,2603,31,120,83.96774193548387,120,3.25,76,0.002564102564102564,0.19487179487179487,0.021484083778384056,0.7870162361115361,15.693355344614115
same_ren,390,9,390,30,True,/users/delfos/aina/secoem-VSS/scentree-gen-remote/same_ren_scentree/scenariotree_390/results_9.json,2544,31,121,82.06451612903226,121,3.2231404958677685,57,0.002564102564102564,0.14615384615384616,0.014828867330194454,0.8626729188080704,28.676470588235297
same_ren,400,1,400,30,True,/users/delfos/aina/secoem-VSS/scentree-gen-remote/same_ren_scentree/scenariotree_400/results_1.json,2863,31,121,92.35483870967742,121,3.3057851239669422,39,0.0025,0.0975,0.013552175632747986,0.8519042344238539,32.80032800328003
same_ren,400,10,400,30,True,/users/delfos/aina/secoem-VSS/scentree-gen-remote/same_ren_scentree/scenariotree_400/results_10.json,2727,31,127,87.96774193548387,127,3.1496062992125986,43,0.0025,0.1075,0.015305545351912066,0.8258582364205528,26.578073089701004
same_ren,400,11,400,30,True,/users/delfos/aina/secoem-VSS/scentree-gen-remote/same_ren_scentree/scenariotree_400/results_11.json,2848,31,116,91.87096774193549,116,3.4482758620689653,27,0.0025,0.0675,0.012971058747905554,0.8533203035534253,35.539760106619276
same_ren,400,12,400,30,True,/users/delfos/aina/secoem-VSS/scentree-gen-remote/same_ren_scentree/scenariotree_400/results_12.json,2992,31,139,96.51612903225806,139,2.8776978417266186,41,0.0025,0.1025,0.014535556849277773,0.829022354154316,27.350427350427353
same_ren,400,13,400,30,True,/users/delfos/aina/secoem-VSS/scentree-gen-remote/same_ren_scentree/scenariotree_400/results_13.json,2617,31,124,84.41935483870968,124,3.225806451612903,56,0.0025,0.14,0.017002842236541145,0.8285901599965971,22.772559066325076
same_ren,400,14,400,30,True,/users/delfos/aina/secoem-VSS/scentree-gen-remote/same_ren_scentree/scenariotree_400/results_14.json,2651,31,124,85.51612903225806,124,3.225806451612903,49,0.0025,0.1225,0.01477259992813847,0.8365454098990552,28.46975088967972
same_ren,400,15,400,30,True,/users/delfos/aina/secoem-VSS/scentree-gen-remote/same_ren_scentree/scenariotree_400/results_15.json,2714,31,128,87.54838709677419,128,3.125,52,0.0025,0.13,0.01453712918701626,0.8457628898606488,28.684116170670492
same_ren,400,16,400,30,True,/users/delfos/aina/secoem-VSS/scentree-gen-remote/same_ren_scentree/scenariotree_400/results_16.json,2660,31,123,85.80645161290323,123,3.252032520325203,52,0.0025,0.13,0.0151469545891814,0.8383831421912811,27.51031636863824
same_ren,400,17,400,30,True,/users/delfos/aina/secoem-VSS/scentree-gen-remote/same_ren_scentree/scenariotree_400/results_17.json,2953,31,133,95.25806451612904,133,3.007518796992481,72,0.0025,0.18,0.018192517466965798,0.8132510679246057,19.403347077370846
same_ren,400,18,400,30,True,/users/delfos/aina/secoem-VSS/scentree-gen-remote/same_ren_scentree/scenariotree_400/results_18.json,2627,31,120,84.74193548387096,120,3.3333333333333335,55,0.0025,0.1375,0.01630546091208573,0.8311112171723216,24.852438645542094
same_ren,400,19,400,30,True,/users/delfos/aina/secoem-VSS/scentree-gen-remote/same_ren_scentree/scenariotree_400/results_19.json,3063,31,128,98.80645161290323,128,3.125,50,0.0025,0.125,0.013603624287299323,0.8621571082437642,31.746031746031747
same_ren,400,2,400,30,True,/users/delfos/aina/secoem-VSS/scentree-gen-remote/same_ren_scentree/scenariotree_400/results_2.json,2348,31,121,75.74193548387096,121,3.3057851239669422,39,0.0025,0.0975,0.01304728754625775,0.863542568271765,34.64703334776961
same_ren,400,20,400,30,True,/users/delfos/aina/secoem-VSS/scentree-gen-remote/same_ren_scentree/scenariotree_400/results_20.json,2872,31,138,92.64516129032258,138,2.898550724637681,39,0.0025,0.0975,0.011700093889257185,0.8688158352605092,38.259206121472985
same_ren,400,21,400,30,True,/users/delfos/aina/secoem-VSS/scentree-gen-remote/same_ren_scentree/scenariotree_400/results_21.json,2948,31,120,95.09677419354838,120,3.3333333333333335,50,0.0025,0.125,0.015729925478385316,0.8385116770545585,26.298487836949377
same_ren,400,22,400,30,True,/users/delfos/aina/secoem-VSS/scentree-gen-remote/same_ren_scentree/scenariotree_400/results_22.json,2865,31,120,92.41935483870968,120,3.3333333333333335,72,0.0025,0.18,0.01863669468787019,0.818298972800743,19.99500124968758
same_ren,400,23,400,30,True,/users/delfos/aina/secoem-VSS/scentree-gen-remote/same_ren_scentree/scenariotree_400/results_23.json,2503,31,114,80.74193548387096,114,3.508771929824561,23,0.0025,0.0575,0.01099863236132733,0.8836911217813669,44.3213296398892
same_ren,400,24,400,30,True,/users/delfos/aina/secoem-VSS/scentree-gen-remote/same_ren_scentree/scenariotree_400/results_24.json,3001,31,122,96.80645161290323,122,3.278688524590164,34,0.0025,0.085,0.011533372350478925,0.8736659524765111,40.94165813715455
same_ren,400,25,400,30,True,/users/delfos/aina/secoem-VSS/scentree-gen-remote/same_ren_scentree/scenariotree_400/results_25.json,2540,31,124,81.93548387096774,124,3.225806451612903,50,0.0025,0.125,0.013577876892021862,0.8634308806510578,32.336297493936954
same_ren,400,26,400,30,True,/users/delfos/aina/secoem-VSS/scentree-gen-remote/same_ren_scentree/scenariotree_400/results_26.json,2412,31,129,77.80645161290323,129,3.10077519379845,46,0.0025,0.115,0.014083241460781168,0.844790943698525,29.996250468691414
same_ren,400,27,400,30,True,/users/delfos/aina/secoem-VSS/scentree-gen-remote/same_ren_scentree/scenariotree_400/results_27.json,2480,31,120,80.0,120,3.3333333333333335,34,0.0025,0.085,0.013386612300686418,0.8562982861351146,33.514872224549634
same_ren,400,28,400,30,True,/users/delfos/aina/secoem-VSS/scentree-gen-remote/same_ren_scentree/scenariotree_400/results_28.json,2739,31,132,88.35483870967742,132,3.0303030303030303,22,0.0025,0.055,0.010018635070133218,0.8818775072023476,48.01920768307323
same_ren,400,29,400,30,True,/users/delfos/aina/secoem-VSS/scentree-gen-remote/same_ren_scentree/scenariotree_400/results_29.json,3127,31,134,100.87096774193549,134,2.985074626865672,22,0.0025,0.055,0.010888619772200282,0.8707738990848831,42.82655246252676
same_ren,400,3,400,30,True,/users/delfos/aina/secoem-VSS/scentree-gen-remote/same_ren_scentree/scenariotree_400/results_3.json,2817,31,141,90.87096774193549,141,2.8368794326241136,77,0.0025,0.1925,0.018188395766430585,0.8145711628509392,18.608978832286585
same_ren,400,30,400,30,True,/users/delfos/aina/secoem-VSS/scentree-gen-remote/same_ren_scentree/scenariotree_400/results_30.json,2453,31,126,79.12903225806451,126,3.1746031746031744,30,0.0025,0.075,0.011211704507532415,0.8750807024232565,42.06098843322818
same_ren,400,31,400,30,True,/users/delfos/aina/secoem-VSS/scentree-gen-remote/same_ren_scentree/scenariotree_400/results_31.json,3266,31,131,105.35483870967742,131,3.053435114503817,46,0.0025,0.115,0.014760534396742147,0.8361521186669156,27.643400138217
same_ren,400,4,400,30,True,/users/delfos/aina/secoem-VSS/scentree-gen-remote/same_ren_scentree/scenariotree_400/results_4.json,3254,31,149,104.96774193548387,149,2.684563758389262,50,0.0025,0.125,0.015492711125351914,0.8253907020706465,23.543260741612713
same_ren,400,5,400,30,True,/users/delfos/aina/secoem-VSS/scentree-gen-remote/same_ren_scentree/scenariotree_400/results_5.json,2781,31,119,89.70967741935483,119,3.361344537815126,50,0.0025,0.125,0.01482648625210019,0.8458850401939552,28.93309222423147
same_ren,400,6,400,30,True,/users/delfos/aina/secoem-VSS/scentree-gen-remote/same_ren_scentree/scenariotree_400/results_6.json,2871,31,128,92.61290322580645,128,3.125,39,0.0025,0.0975,0.014231621920919627,0.8366099878916635,29.640607632456476
same_ren,400,7,400,30,True,/users/delfos/aina/secoem-VSS/scentree-gen-remote/same_ren_scentree/scenariotree_400/results_7.json,2775,31,134,89.51612903225806,134,2.985074626865672,49,0.0025,0.1225,0.014049436551307762,0.8391304625780958,29.48765204570586
same_ren,400,8,400,30,True,/users/delfos/aina/secoem-VSS/scentree-gen-remote/same_ren_scentree/scenariotree_400/results_8.json,3120,31,138,100.64516129032258,138,2.898550724637681,70,0.0025,0.175,0.016183083668369055,0.8388870759764968,23.04811293575339
same_ren,400,9,400,30,True,/users/delfos/aina/secoem-VSS/scentree-gen-remote/same_ren_scentree/scenariotree_400/results_9.json,2639,31,115,85.12903225806451,115,3.4782608695652173,50,0.0025,0.125,0.01645926402974192,0.8176420602555083,25.094102885821837
same_ren,410,1,410,30,True,/users/delfos/aina/secoem-VSS/scentree-gen-remote/same_ren_scentree/scenariotree_410/results_1.json,3070,31,139,99.03225806451613,139,2.949640287769784,75,0.0024390243902439024,0.18292682926829268,0.016710416294805,0.8338392363017383,21.735195241789498
same_ren,410,10,410,30,True,/users/delfos/aina/secoem-VSS/scentree-gen-remote/same_ren_scentree/scenariotree_410/results_10.json,2196,31,106,70.83870967741936,106,3.8679245283018866,46,0.0024390243902439024,0.11219512195121951,0.0148249392390899,0.8523780003797724,30.55252635405307
same_ren,410,11,410,30,True,/users/delfos/aina/secoem-VSS/scentree-gen-remote/same_ren_scentree/scenariotree_410/results_11.json,2936,31,126,94.70967741935483,126,3.253968253968254,46,0.0024390243902439024,0.11219512195121951,0.015422489348780186,0.8312380659556873,26.381042059008152
same_ren,410,12,410,30,True,/users/delfos/aina/secoem-VSS/scentree-gen-remote/same_ren_scentree/scenariotree_410/results_12.json,3628,31,150,117.03225806451613,150,2.7333333333333334,59,0.0024390243902439024,0.14390243902439023,0.016663295316366733,0.8021877813202813,20.696872691455308
same_ren,410,13,410,30,True,/users/delfos/aina/secoem-VSS/scentree-gen-remote/same_ren_scentree/scenariotree_410/results_13.json,3299,31,141,106.41935483870968,141,2.9078014184397163,41,0.0024390243902439024,0.1,0.012203424640276517,0.8559670593416654,35.599322321050394
same_ren,410,14,410,30,True,/users/delfos/aina/secoem-VSS/scentree-gen-remote/same_ren_scentree/scenariotree_410/results_14.json,2814,31,133,90.7741935483871,133,3.082706766917293,39,0.0024390243902439024,0.0951219512195122,0.011568516370926917,0.8742001228881798,39.497180451127825
same_ren,410,15,410,30,True,/users/delfos/aina/secoem-VSS/scentree-gen-remote/same_ren_scentree/scenariotree_410/results_15.json,3325,31,141,107.25806451612904,141,2.9078014184397163,59,0.0024390243902439024,0.14390243902439023,0.017253601441741522,0.7986399090784191,20.380698351115424
same_ren,410,16,410,30,True,/users/delfos/aina/secoem-VSS/scentree-gen-remote/same_ren_scentree/scenariotree_410/results_16.json,2905,31,146,93.70967741935483,146,2.808219178082192,73,0.0024390243902439024,0.17804878048780487,0.01811825754277424,0.7985043277887084,18.255864465682016
same_ren,410,17,410,30,True,/users/delfos/aina/secoem-VSS/scentree-gen-remote/same_ren_scentree/scenariotree_410/results_17.json,2864,31,126,92.38709677419355,126,3.253968253968254,41,0.0024390243902439024,0.1,0.013527440758999466,0.8540084291391818,32.26487523992322
same_ren,410,18,410,30,True,/users/delfos/aina/secoem-VSS/scentree-gen-remote/same_ren_scentree/scenariotree_410/results_18.json,2591,31,119,83.58064516129032,119,3.4453781512605044,80,0.0024390243902439024,0.1951219512195122,0.02104717002693621,0.792234138295817,16.361689702160785
same_ren,410,19,410,30,True,/users/delfos/aina/secoem-VSS/scentree-gen-remote/same_ren_scentree/scenariotree_410/results_19.json,2815,31,138,90.80645161290323,138,2.971014492753623,39,0.0024390243902439024,0.0951219512195122,0.011959339725506286,0.8622671302689957,37.05908289241623
same_ren,410,2,410,30,True,/users/delfos/aina/secoem-VSS/scentree-gen-remote/same_ren_scentree/scenariotree_410/results_2.json,2866,31,146,92.45161290322581,146,2.808219178082192,36,0.0024390243902439024,0.08780487804878048,0.011319428524372146,0.8664067038632033,39.129422718808186
same_ren,410,20,410,30,True,/users/delfos/aina/secoem-VSS/scentree-gen-remote/same_ren_scentree/scenariotree_410/results_20.json,2974,31,144,95.93548387096774,144,2.8472222222222223,42,0.0024390243902439024,0.1024390243902439,0.012434372118893396,0.85481855128129,34.236252545824854
same_ren,410,21,410,30,True,/users/delfos/aina/secoem-VSS/scentree-gen-remote/same_ren_scentree/scenariotree_410/results_21.json,3416,31,139,110.19354838709677,139,2.949640287769784,52,0.0024390243902439024,0.12682926829268293,0.014555922834430647,0.8321956816687016,27.288961038961034
same_ren,410,22,410,30,True,/users/delfos/aina/secoem-VSS/scentree-gen-remote/same_ren_scentree/scenariotree_410/results_22.json,2946,31,135,95.03225806451613,135,3.037037037037037,41,0.0024390243902439024,0.1,0.014553852011061356,0.8340345999156069,27.775941837409114
same_ren,410,23,410,30,True,/users/delfos/aina/secoem-VSS/scentree-gen-remote/same_ren_scentree/scenariotree_410/results_23.json,2937,31,146,94.74193548387096,146,2.808219178082192,49,0.0024390243902439024,0.11951219512195121,0.013280516164540896,0.8504050381385414,30.675182481751825
same_ren,410,24,410,30,True,/users/delfos/aina/secoem-VSS/scentree-gen-remote/same_ren_scentree/scenariotree_410/results_24.json,2720,31,120,87.74193548387096,120,3.4166666666666665,42,0.0024390243902439024,0.1024390243902439,0.013991950227232292,0.8556450090615595,31.42056074766355
same_ren,410,25,410,30,True,/users/delfos/aina/secoem-VSS/scentree-gen-remote/same_ren_scentree/scenariotree_410/results_25.json,2482,31,144,80.06451612903226,144,2.8472222222222223,52,0.0024390243902439024,0.12682926829268293,0.012958235881481962,0.8546050448053063,32.129204892966364
same_ren,410,26,410,30,True,/users/delfos/aina/secoem-VSS/scentree-gen-remote/same_ren_scentree/scenariotree_410/results_26.json,3162,31,149,102.0,149,2.751677852348993,59,0.0024390243902439024,0.14390243902439023,0.01702963380145481,0.797848469486873,20.030981887511913
same_ren,410,27,410,30,True,/users/delfos/aina/secoem-VSS/scentree-gen-remote/same_ren_scentree/scenariotree_410/results_27.json,2790,31,144,90.0,144,2.8472222222222223,39,0.0024390243902439024,0.0951219512195122,0.013458659723452868,0.8388234543920664,30.277377521613825
same_ren,410,28,410,30,True,/users/delfos/aina/secoem-VSS/scentree-gen-remote/same_ren_scentree/scenariotree_410/results_28.json,3348,31,146,108.0,146,2.808219178082192,40,0.0024390243902439024,0.0975609756097561,0.013147927531659572,0.8382563828774655,31.164256581386724
same_ren,410,29,410,30,True,/users/delfos/aina/secoem-VSS/scentree-gen-remote/same_ren_scentree/scenariotree_410/results_29.json,2826,31,132,91.16129032258064,132,3.106060606060606,59,0.0024390243902439024,0.14390243902439023,0.015548711869644325,0.8283106945903103,25.32389273877674
same_ren,410,3,410,30,True,/users/delfos/aina/secoem-VSS/scentree-gen-remote/same_ren_scentree/scenariotree_410/results_3.json,2794,31,135,90.12903225806451,135,3.037037037037037,56,0.0024390243902439024,0.13658536585365855,0.01503048776246283,0.8362390580164676,26.38104205900816
same_ren,410,30,410,30,True,/users/delfos/aina/secoem-VSS/scentree-gen-remote/same_ren_scentree/scenariotree_410/results_30.json,2777,31,137,89.58064516129032,137,2.9927007299270074,32,0.0024390243902439024,0.07804878048780488,0.011859348851765133,0.8586916681861111,37.63994626063592
same_ren,410,31,410,30,True,/users/delfos/aina/secoem-VSS/scentree-gen-remote/same_ren_scentree/scenariotree_410/results_31.json,2954,31,142,95.29032258064517,142,2.887323943661972,48,0.0024390243902439024,0.11707317073170732,0.013598713864638136,0.8493920934814302,30.028581636298668
same_ren,410,4,410,30,True,/users/delfos/aina/secoem-VSS/scentree-gen-remote/same_ren_scentree/scenariotree_410/results_4.json,2654,31,128,85.61290322580645,128,3.203125,48,0.0024390243902439024,0.11707317073170732,0.013868967030260993,0.8519176184832598,30.83272193690388
same_ren,410,5,410,30,True,/users/delfos/aina/secoem-VSS/scentree-gen-remote/same_ren_scentree/scenariotree_410/results_5.json,2903,31,150,93.64516129032258,150,2.7333333333333334,73,0.0024390243902439024,0.17804878048780487,0.01667994711816843,0.8088788926065754,20.66125860373648
same_ren,410,6,410,30,True,/users/delfos/aina/secoem-VSS/scentree-gen-remote/same_ren_scentree/scenariotree_410/results_6.json,2405,31,113,77.58064516129032,113,3.6283185840707963,42,0.0024390243902439024,0.1024390243902439,0.015007801446372319,0.8464003972207472,29.153659382587577
same_ren,410,7,410,30,True,/users/delfos/aina/secoem-VSS/scentree-gen-remote/same_ren_scentree/scenariotree_410/results_7.json,3142,31,136,101.35483870967742,136,3.014705882352941,36,0.0024390243902439024,0.08780487804878048,0.011489580984240086,0.8656489259962779,39.51574988246356
same_ren,410,8,410,30,True,/users/delfos/aina/secoem-VSS/scentree-gen-remote/same_ren_scentree/scenariotree_410/results_8.json,3011,31,128,97.12903225806451,128,3.203125,38,0.0024390243902439024,0.09268292682926829,0.013659623265651148,0.8431552325876631,31.5503003003003
same_ren,410,9,410,30,True,/users/delfos/aina/secoem-VSS/scentree-gen-remote/same_ren_scentree/scenariotree_410/results_9.json,2768,31,134,89.29032258064517,134,3.0597014925373136,48,0.0024390243902439024,0.11707317073170732,0.012925906080839244,0.8597759428919125,33.49940215225189
same_ren,420,1,420,30,True,/users/delfos/aina/secoem-VSS/scentree-gen-remote/same_ren_scentree/scenariotree_420/results_1.json,3017,31,153,97.3225806451613,153,2.7450980392156863,74,0.002380952380952381,0.1761904761904762,0.017369958475045355,0.7997770848526885,18.975903614457824
same_ren,420,10,420,30,True,/users/delfos/aina/secoem-VSS/scentree-gen-remote/same_ren_scentree/scenariotree_420/results_10.json,2634,31,123,84.96774193548387,123,3.4146341463414633,58,0.002380952380952381,0.1380952380952381,0.018302113356762212,0.8051662903162708,20.271202022523557
same_ren,420,11,420,30,True,/users/delfos/aina/secoem-VSS/scentree-gen-remote/same_ren_scentree/scenariotree_420/results_11.json,2654,31,131,85.61290322580645,131,3.2061068702290076,53,0.002380952380952381,0.1261904761904762,0.013541494333836694,0.8522008096356857,31.590257879656164
same_ren,420,12,420,30,True,/users/delfos/aina/secoem-VSS/scentree-gen-remote/same_ren_scentree/scenariotree_420/results_12.json,3079,31,140,99.3225806451613,140,3.0,60,0.002380952380952381,0.14285714285714285,0.01679011617874505,0.8050482723782638,21.454633909024572
same_ren,420,13,420,30,True,/users/delfos/aina/secoem-VSS/scentree-gen-remote/same_ren_scentree/scenariotree_420/results_13.json,2810,31,138,90.64516129032258,138,3.0434782608695654,45,0.002380952380952381,0.10714285714285714,0.012536284598339423,0.8521651398138983,34.56112852664577
same_ren,420,14,420,30,True,/users/delfos/aina/secoem-VSS/scentree-gen-remote/same_ren_scentree/scenariotree_420/results_14.json,2878,31,141,92.83870967741936,141,2.978723404255319,58,0.002380952380952381,0.1380952380952381,0.016487111353901057,0.8105173446066437,22.01697453819271
same_ren,420,15,420,30,True,/users/delfos/aina/secoem-VSS/scentree-gen-remote/same_ren_scentree/scenariotree_420/results_15.json,3046,31,133,98.25806451612904,133,3.1578947368421053,53,0.002380952380952381,0.1261904761904762,0.014207453929624131,0.8432395993915361,29.09930715935335
same_ren,420,16,420,30,True,/users/delfos/aina/secoem-VSS/scentree-gen-remote/same_ren_scentree/scenariotree_420/results_16.json,3145,31,137,101.45161290322581,137,3.065693430656934,39,0.002380952380952381,0.09285714285714286,0.01213781060004946,0.8573033668028633,36.386138613861384
same_ren,420,17,420,30,True,/users/delfos/aina/secoem-VSS/scentree-gen-remote/same_ren_scentree/scenariotree_420/results_17.json,2777,31,145,89.58064516129032,145,2.896551724137931,45,0.002380952380952381,0.10714285714285714,0.01176012011859452,0.8631805026490609,37.10559528817838
same_ren,420,18,420,30,True,/users/delfos/aina/secoem-VSS/scentree-gen-remote/same_ren_scentree/scenariotree_420/results_18.json,3289,31,152,106.09677419354838,152,2.763157894736842,74,0.002380952380952381,0.1761904761904762,0.015832925452434858,0.8273627391050382,22.380106571936057
same_ren,420,19,420,30,True,/users/delfos/aina/secoem-VSS/scentree-gen-remote/same_ren_scentree/scenariotree_420/results_19.json,3588,31,149,115.74193548387096,149,2.8187919463087248,48,0.002380952380952381,0.11428571428571428,0.013386683009298631,0.8377403334156828,29.928741092636585
same_ren,420,2,420,30,True,/users/delfos/aina/secoem-VSS/scentree-gen-remote/same_ren_scentree/scenariotree_420/results_2.json,3036,31,144,97.93548387096774,144,2.9166666666666665,77,0.002380952380952381,0.18333333333333332,0.01714290307166099,0.8195603129891769,20.299194476409664
same_ren,420,20,420,30,True,/users/delfos/aina/secoem-VSS/scentree-gen-remote/same_ren_scentree/scenariotree_420/results_20.json,2797,31,128,90.2258064516129,128,3.28125,38,0.002380952380952381,0.09047619047619047,0.014664912433259533,0.8309230125484205,28.296438883541867
same_ren,420,21,420,30,True,/users/delfos/aina/secoem-VSS/scentree-gen-remote/same_ren_scentree/scenariotree_420/results_21.json,2974,31,151,95.93548387096774,151,2.781456953642384,40,0.002380952380952381,0.09523809523809523,0.011310935495008532,0.8663200235134049,38.548951048951054
same_ren,420,22,420,30,True,/users/delfos/aina/secoem-VSS/scentree-gen-remote/same_ren_scentree/scenariotree_420/results_22.json,2643,31,126,85.25806451612904,126,3.3333333333333335,60,0.002380952380952381,0.14285714285714285,0.01565611441524705,0.8374880822093038,25.75934579439252
same_ren,420,23,420,30,True,/users/delfos/aina/secoem-VSS/scentree-gen-remote/same_ren_scentree/scenariotree_420/results_23.json,2370,31,115,76.45161290322581,115,3.652173913043478,53,0.002380952380952381,0.1261904761904762,0.015401695139745058,0.8471585572371172,27.797037503939485
same_ren,420,24,420,30,True,/users/delfos/aina/secoem-VSS/scentree-gen-remote/same_ren_scentree/scenariotree_420/results_24.json,2969,31,152,95.7741935483871,152,2.763157894736842,81,0.002380952380952381,0.19285714285714287,0.019405966647153074,0.7765838070692772,15.668857701190262
same_ren,420,25,420,30,True,/users/delfos/aina/secoem-VSS/scentree-gen-remote/same_ren_scentree/scenariotree_420/results_25.json,2600,31,126,83.87096774193549,126,3.3333333333333335,28,0.002380952380952381,0.06666666666666667,0.012040047632944124,0.8635402980738928,38.16529640848118
same_ren,420,26,420,30,True,/users/delfos/aina/secoem-VSS/scentree-gen-remote/same_ren_scentree/scenariotree_420/results_26.json,2889,31,133,93.19354838709677,133,3.1578947368421053,30,0.002380952380952381,0.07142857142857142,0.01049002319387068,0.8795805898273018,45.138178096212904
same_ren,420,27,420,30,True,/users/delfos/aina/secoem-VSS/scentree-gen-remote/same_ren_scentree/scenariotree_420/results_27.json,2875,31,142,92.74193548387096,142,2.9577464788732395,37,0.002380952380952381,0.0880952380952381,0.010632459129553667,0.8761359896444006,43.298969072164944
same_ren,420,28,420,30,True,/users/delfos/aina/secoem-VSS/scentree-gen-remote/same_ren_scentree/scenariotree_420/results_28.json,2775,31,124,89.51612903225806,124,3.3870967741935485,74,0.002380952380952381,0.1761904761904762,0.017977601081518062,0.8238738452314339,20.772491756947698
same_ren,420,29,420,30,True,/users/delfos/aina/secoem-VSS/scentree-gen-remote/same_ren_scentree/scenariotree_420/results_29.json,2668,31,143,86.06451612903226,143,2.937062937062937,36,0.002380952380952381,0.08571428571428572,0.01201321489566885,0.8539723779488374,36.19203939269594
same_ren,420,3,420,30,True,/users/delfos/aina/secoem-VSS/scentree-gen-remote/same_ren_scentree/scenariotree_420/results_3.json,3239,31,138,104.48387096774194,138,3.0434782608695654,49,0.002380952380952381,0.11666666666666667,0.015546687567854914,0.8187856160158107,24.629991622451833
same_ren,420,30,420,30,True,/users/delfos/aina/secoem-VSS/scentree-gen-remote/same_ren_scentree/scenariotree_420/results_30.json,2616,31,132,84.38709677419355,132,3.1818181818181817,38,0.002380952380952381,0.09047619047619047,0.012864683607895422,0.8524678720170377,33.98843930635839
same_ren,420,31,420,30,True,/users/delfos/aina/secoem-VSS/scentree-gen-remote/same_ren_scentree/scenariotree_420/results_31.json,2467,31,131,79.58064516129032,131,3.2061068702290076,26,0.002380952380952381,0.06190476190476191,0.009147024929146697,0.8997016713337865,53.78048780487805
same_ren,420,4,420,30,True,/users/delfos/aina/secoem-VSS/scentree-gen-remote/same_ren_scentree/scenariotree_420/results_4.json,2599,31,129,83.83870967741936,129,3.255813953488372,74,0.002380952380952381,0.1761904761904762,0.017193025392504096,0.8279441575312478,21.793921423276494
same_ren,420,5,420,30,True,/users/delfos/aina/secoem-VSS/scentree-gen-remote/same_ren_scentree/scenariotree_420/results_5.json,2791,31,118,90.03225806451613,118,3.559322033898305,30,0.002380952380952381,0.07142857142857142,0.011022786534417458,0.8836966314006975,43.83697813121274
same_ren,420,6,420,30,True,/users/delfos/aina/secoem-VSS/scentree-gen-remote/same_ren_scentree/scenariotree_420/results_6.json,2559,31,135,82.54838709677419,135,3.111111111111111,34,0.002380952380952381,0.08095238095238096,0.010976764004139633,0.8738284233983195,42.241379310344826
same_ren,420,7,420,30,True,/users/delfos/aina/secoem-VSS/scentree-gen-remote/same_ren_scentree/scenariotree_420/results_7.json,3150,31,136,101.61290322580645,136,3.088235294117647,33,0.002380952380952381,0.07857142857142857,0.012309203424613654,0.8524711634453586,35.76642335766424
same_ren,420,8,420,30,True,/users/delfos/aina/secoem-VSS/scentree-gen-remote/same_ren_scentree/scenariotree_420/results_8.json,2994,31,133,96.58064516129032,133,3.1578947368421053,45,0.002380952380952381,0.10714285714285714,0.013024144174583214,0.8513416459363331,33.24538258575198
same_ren,420,9,420,30,True,/users/delfos/aina/secoem-VSS/scentree-gen-remote/same_ren_scentree/scenariotree_420/results_9.json,2434,31,133,78.51612903225806,133,3.1578947368421053,37,0.002380952380952381,0.0880952380952381,0.011326229413835246,0.8769604727445336,40.68265682656827
same_ren,430,1,430,30,True,/users/delfos/aina/secoem-VSS/scentree-gen-remote/same_ren_scentree/scenariotree_430/results_1.json,2842,31,136,91.6774193548387,136,3.161764705882353,50,0.002325581395348837,0.11627906976744186,0.013276499412937598,0.847563299085026,31.923342541436472
same_ren,430,10,430,30,True,/users/delfos/aina/secoem-VSS/scentree-gen-remote/same_ren_scentree/scenariotree_430/results_10.json,2756,31,151,88.90322580645162,151,2.847682119205298,78,0.002325581395348837,0.1813953488372093,0.01821112440379208,0.7937506248767848,17.636398321251427
same_ren,430,11,430,30,True,/users/delfos/aina/secoem-VSS/scentree-gen-remote/same_ren_scentree/scenariotree_430/results_11.json,2753,31,127,88.80645161290323,127,3.3858267716535435,47,0.002325581395348837,0.10930232558139535,0.013364379180294926,0.8426261440659377,32.72566371681416
same_ren,430,12,430,30,True,/users/delfos/aina/secoem-VSS/scentree-gen-remote/same_ren_scentree/scenariotree_430/results_12.json,2968,31,142,95.74193548387096,142,3.028169014084507,31,0.002325581395348837,0.07209302325581396,0.011653897131447946,0.8536288649631295,37.98274445357436
same_ren,430,13,430,30,True,/users/delfos/aina/secoem-VSS/scentree-gen-remote/same_ren_scentree/scenariotree_430/results_13.json,2903,31,140,93.64516129032258,140,3.0714285714285716,75,0.002325581395348837,0.1744186046511628,0.016502133008027716,0.8260304846176497,22.090800477897243
same_ren,430,14,430,30,True,/users/delfos/aina/secoem-VSS/scentree-gen-remote/same_ren_scentree/scenariotree_430/results_14.json,3108,31,136,100.25806451612904,136,3.161764705882353,57,0.002325581395348837,0.1325581395348837,0.014904921919910314,0.8281966443124154,26.619637201266915
same_ren,430,15,430,30,True,/users/delfos/aina/secoem-VSS/scentree-gen-remote/same_ren_scentree/scenariotree_430/results_15.json,3020,31,122,97.41935483870968,122,3.5245901639344264,45,0.002325581395348837,0.10465116279069768,0.013518486617369057,0.8508340746673367,32.795317488471085
same_ren,430,16,430,30,True,/users/delfos/aina/secoem-VSS/scentree-gen-remote/same_ren_scentree/scenariotree_430/results_16.json,3155,31,135,101.7741935483871,135,3.185185185185185,35,0.002325581395348837,0.08139534883720931,0.012882172891152606,0.8448470422252975,33.544992743105944
same_ren,430,17,430,30,True,/users/delfos/aina/secoem-VSS/scentree-gen-remote/same_ren_scentree/scenariotree_430/results_17.json,3306,31,139,106.64516129032258,139,3.093525179856115,49,0.002325581395348837,0.11395348837209303,0.014771336425901442,0.82368844880123,26.650331507639084
same_ren,430,18,430,30,True,/users/delfos/aina/secoem-VSS/scentree-gen-remote/same_ren_scentree/scenariotree_430/results_18.json,3334,31,156,107.54838709677419,156,2.7564102564102564,83,0.002325581395348837,0.1930232558139535,0.016805880418815814,0.8131190886805629,19.81354479211315
same_ren,430,19,430,30,True,/users/delfos/aina/secoem-VSS/scentree-gen-remote/same_ren_scentree/scenariotree_430/results_19.json,3042,31,131,98.12903225806451,131,3.282442748091603,53,0.002325581395348837,0.12325581395348838,0.013618909621294842,0.8519706594746488,31.317750677506773
same_ren,430,2,430,30,True,/users/delfos/aina/secoem-VSS/scentree-gen-remote/same_ren_scentree/scenariotree_430/results_2.json,2813,31,155,90.74193548387096,155,2.774193548387097,47,0.002325581395348837,0.10930232558139535,0.013597736490411887,0.8271063753702484,28.48120764017252
same_ren,430,20,430,30,True,/users/delfos/aina/secoem-VSS/scentree-gen-remote/same_ren_scentree/scenariotree_430/results_20.json,3034,31,142,97.87096774193549,142,3.028169014084507,53,0.002325581395348837,0.12325581395348838,0.015736461796078773,0.8141242444184289,23.6929779600205
same_ren,430,21,430,30,True,/users/delfos/aina/secoem-VSS/scentree-gen-remote/same_ren_scentree/scenariotree_430/results_21.json,3105,31,148,100.16129032258064,148,2.9054054054054053,78,0.002325581395348837,0.1813953488372093,0.017631149353455396,0.7981976516702651,18.95243952439524
same_ren,430,22,430,30,True,/users/delfos/aina/secoem-VSS/scentree-gen-remote/same_ren_scentree/scenariotree_430/results_22.json,2818,31,143,90.90322580645162,143,3.006993006993007,40,0.002325581395348837,0.09302325581395349,0.012030740520408294,0.855499710927674,36.11328124999999
same_ren,430,23,430,30,True,/users/delfos/aina/secoem-VSS/scentree-gen-remote/same_ren_scentree/scenariotree_430/results_23.json,2942,31,144,94.90322580645162,144,2.986111111111111,36,0.002325581395348837,0.08372093023255814,0.010800629837414854,0.8690261433480643,42.118451025056956
same_ren,430,24,430,30,True,/users/delfos/aina/secoem-VSS/scentree-gen-remote/same_ren_scentree/scenariotree_430/results_24.json,2769,31,151,89.3225806451613,151,2.847682119205298,83,0.002325581395348837,0.1930232558139535,0.01632355880793531,0.8372504703592493,21.341181902123733
same_ren,430,25,430,30,True,/users/delfos/aina/secoem-VSS/scentree-gen-remote/same_ren_scentree/scenariotree_430/results_25.json,2798,31,132,90.25806451612904,132,3.257575757575758,78,0.002325581395348837,0.1813953488372093,0.017014065987526267,0.8321085800339384,21.840302386014645
same_ren,430,26,430,30,True,/users/delfos/aina/secoem-VSS/scentree-gen-remote/same_ren_scentree/scenariotree_430/results_26.json,2888,31,163,93.16129032258064,163,2.638036809815951,78,0.002325581395348837,0.1813953488372093,0.017312876547982643,0.8061013260409542,18.184500393391026
same_ren,430,27,430,30,True,/users/delfos/aina/secoem-VSS/scentree-gen-remote/same_ren_scentree/scenariotree_430/results_27.json,2766,31,150,89.2258064516129,150,2.8666666666666667,40,0.002325581395348837,0.09302325581395349,0.012207764145754746,0.8491353235869096,34.45769660827432
same_ren,430,28,430,30,True,/users/delfos/aina/secoem-VSS/scentree-gen-remote/same_ren_scentree/scenariotree_430/results_28.json,2936,31,131,94.70967741935483,131,3.282442748091603,75,0.002325581395348837,0.1744186046511628,0.01756662826899226,0.8196820319602921,20.808012604096337
same_ren,430,29,430,30,True,/users/delfos/aina/secoem-VSS/scentree-gen-remote/same_ren_scentree/scenariotree_430/results_29.json,2995,31,155,96.61290322580645,155,2.774193548387097,46,0.002325581395348837,0.10697674418604651,0.013735604159232794,0.8256194581814067,28.015151515151512
same_ren,430,3,430,30,True,/users/delfos/aina/secoem-VSS/scentree-gen-remote/same_ren_scentree/scenariotree_430/results_3.json,3100,31,150,100.0,150,2.8666666666666667,78,0.002325581395348837,0.1813953488372093,0.01861369289333033,0.7984850373276751,17.054049068437557
same_ren,430,30,430,30,True,/users/delfos/aina/secoem-VSS/scentree-gen-remote/same_ren_scentree/scenariotree_430/results_30.json,2942,31,150,94.90322580645162,150,2.8666666666666667,40,0.002325581395348837,0.09302325581395349,0.011731835294507048,0.852222920590445,36.61386138613861
same_ren,430,31,430,30,True,/users/delfos/aina/secoem-VSS/scentree-gen-remote/same_ren_scentree/scenariotree_430/results_31.json,3149,31,143,101.58064516129032,143,3.006993006993007,40,0.002325581395348837,0.09302325581395349,0.011872517396872895,0.8607876664619077,36.83266932270916
same_ren,430,4,430,30,True,/users/delfos/aina/secoem-VSS/scentree-gen-remote/same_ren_scentree/scenariotree_430/results_4.json,3333,31,146,107.51612903225806,146,2.9452054794520546,35,0.002325581395348837,0.08139534883720931,0.012196304681907683,0.8490954364047463,35.00567966679288
same_ren,430,5,430,30,True,/users/delfos/aina/secoem-VSS/scentree-gen-remote/same_ren_scentree/scenariotree_430/results_5.json,3324,31,159,107.2258064516129,159,2.7044025157232703,47,0.002325581395348837,0.10930232558139535,0.01325221708748034,0.829593164351858,29.228580461587104
same_ren,430,6,430,30,True,/users/delfos/aina/secoem-VSS/scentree-gen-remote/same_ren_scentree/scenariotree_430/results_6.json,2806,31,134,90.51612903225806,134,3.208955223880597,30,0.002325581395348837,0.06976744186046512,0.010680133767344991,0.8705328597948203,43.96100808368997
same_ren,430,7,430,30,True,/users/delfos/aina/secoem-VSS/scentree-gen-remote/same_ren_scentree/scenariotree_430/results_7.json,2973,31,144,95.90322580645162,144,2.986111111111111,33,0.002325581395348837,0.07674418604651163,0.010720351873307896,0.869476137736883,42.564456721915285
same_ren,430,8,430,30,True,/users/delfos/aina/secoem-VSS/scentree-gen-remote/same_ren_scentree/scenariotree_430/results_8.json,3099,31,149,99.96774193548387,149,2.8859060402684564,78,0.002325581395348837,0.1813953488372093,0.01787943940302878,0.796368097375101,18.401671974522284
same_ren,430,9,430,30,True,/users/delfos/aina/secoem-VSS/scentree-gen-remote/same_ren_scentree/scenariotree_430/results_9.json,2963,31,145,95.58064516129032,145,2.9655172413793105,78,0.002325581395348837,0.1813953488372093,0.019595533058402132,0.7882760198550073,15.980985306828002
same_ren,440,1,440,30,True,/users/delfos/aina/secoem-VSS/scentree-gen-remote/same_ren_scentree/scenariotree_440/results_1.json,3236,31,141,104.38709677419355,141,3.120567375886525,76,0.0022727272727272726,0.17272727272727273,0.016793975944336237,0.8156866764079432,21.340388007054674
same_ren,440,10,440,30,True,/users/delfos/aina/secoem-VSS/scentree-gen-remote/same_ren_scentree/scenariotree_440/results_10.json,3328,31,152,107.35483870967742,152,2.8947368421052633,33,0.0022727272727272726,0.075,0.01011420047999628,0.8789363151922324,45.191409897292246
same_ren,440,11,440,30,True,/users/delfos/aina/secoem-VSS/scentree-gen-remote/same_ren_scentree/scenariotree_440/results_11.json,2452,31,120,79.09677419354838,120,3.6666666666666665,32,0.0022727272727272726,0.07272727272727272,0.011474209512215262,0.8745557284035023,41.43835616438356
same_ren,440,12,440,30,True,/users/delfos/aina/secoem-VSS/scentree-gen-remote/same_ren_scentree/scenariotree_440/results_12.json,2958,31,134,95.41935483870968,134,3.283582089552239,27,0.0022727272727272726,0.06136363636363636,0.011184517565242117,0.8598103620201807,41.27931769722814
same_ren,440,13,440,30,True,/users/delfos/aina/secoem-VSS/scentree-gen-remote/same_ren_scentree/scenariotree_440/results_13.json,3104,31,146,100.12903225806451,146,3.0136986301369864,64,0.0022727272727272726,0.14545454545454545,0.015971205687500177,0.8199005932496214,22.680412371134025
same_ren,440,14,440,30,True,/users/delfos/aina/secoem-VSS/scentree-gen-remote/same_ren_scentree/scenariotree_440/results_14.json,2622,31,133,84.58064516129032,133,3.308270676691729,36,0.0022727272727272726,0.08181818181818182,0.011689385895563927,0.8580093537507039,38.92239646160032
same_ren,440,15,440,30,True,/users/delfos/aina/secoem-VSS/scentree-gen-remote/same_ren_scentree/scenariotree_440/results_15.json,3227,31,144,104.09677419354838,144,3.0555555555555554,60,0.0022727272727272726,0.13636363636363635,0.017737989221046406,0.7848382358070504,19.13799920917359
same_ren,440,16,440,30,True,/users/delfos/aina/secoem-VSS/scentree-gen-remote/same_ren_scentree/scenariotree_440/results_16.json,2442,31,110,78.7741935483871,110,4.0,54,0.0022727272727272726,0.12272727272727273,0.016782405548310973,0.8289876507648825,24.95488527971127
same_ren,440,17,440,30,True,/users/delfos/aina/secoem-VSS/scentree-gen-remote/same_ren_scentree/scenariotree_440/results_17.json,3073,31,138,99.12903225806451,138,3.1884057971014492,39,0.0022727272727272726,0.08863636363636364,0.012086837967060995,0.8597966496107917,36.48699585375047
same_ren,440,18,440,30,True,/users/delfos/aina/secoem-VSS/scentree-gen-remote/same_ren_scentree/scenariotree_440/results_18.json,2776,31,141,89.54838709677419,141,3.120567375886525,54,0.0022727272727272726,0.12272727272727273,0.01454493868288812,0.8321708924452785,27.084499160604366
same_ren,440,19,440,30,True,/users/delfos/aina/secoem-VSS/scentree-gen-remote/same_ren_scentree/scenariotree_440/results_19.json,2849,31,139,91.90322580645162,139,3.1654676258992804,64,0.0022727272727272726,0.14545454545454545,0.015451941462762808,0.8272892236674138,24.7633665899207
same_ren,440,2,440,30,True,/users/delfos/aina/secoem-VSS/scentree-gen-remote/same_ren_scentree/scenariotree_440/results_2.json,2670,31,133,86.12903225806451,133,3.308270676691729,27,0.0022727272727272726,0.06136363636363636,0.009783036143195529,0.8876648224870716,49.38775510204081
same_ren,440,20,440,30,True,/users/delfos/aina/secoem-VSS/scentree-gen-remote/same_ren_scentree/scenariotree_440/results_20.json,2692,31,118,86.83870967741936,118,3.7288135593220337,35,0.0022727272727272726,0.07954545454545454,0.013254346643411758,0.8549134608031674,34.24124513618678
same_ren,440,21,440,30,True,/users/delfos/aina/secoem-VSS/scentree-gen-remote/same_ren_scentree/scenariotree_440/results_21.json,2956,31,139,95.35483870967742,139,3.1654676258992804,64,0.0022727272727272726,0.14545454545454545,0.017247488363795128,0.7998827493271119,20.600127686741864
same_ren,440,22,440,30,True,/users/delfos/aina/secoem-VSS/scentree-gen-remote/same_ren_scentree/scenariotree_440/results_22.json,3572,31,151,115.2258064516129,151,2.9139072847682117,81,0.0022727272727272726,0.18409090909090908,0.017528408799108525,0.7998169647429146,18.862042088854253
same_ren,440,23,440,30,True,/users/delfos/aina/secoem-VSS/scentree-gen-remote/same_ren_scentree/scenariotree_440/results_23.json,2889,31,135,93.19354838709677,135,3.259259259259259,48,0.0022727272727272726,0.10909090909090909,0.013706226655798102,0.8361077732342579,30.517023959646913
same_ren,440,24,440,30,True,/users/delfos/aina/secoem-VSS/scentree-gen-remote/same_ren_scentree/scenariotree_440/results_24.json,3146,31,142,101.48387096774194,142,3.0985915492957745,64,0.0022727272727272726,0.14545454545454545,0.014298657142740761,0.841379227183004,27.720504009163808
same_ren,440,25,440,30,True,/users/delfos/aina/secoem-VSS/scentree-gen-remote/same_ren_scentree/scenariotree_440/results_25.json,2596,31,115,83.74193548387096,115,3.8260869565217392,34,0.0022727272727272726,0.07727272727272727,0.013924043441745878,0.8459955371455793,32.26666666666667
same_ren,440,26,440,30,True,/users/delfos/aina/secoem-VSS/scentree-gen-remote/same_ren_scentree/scenariotree_440/results_26.json,3049,31,124,98.35483870967742,124,3.5483870967741935,36,0.0022727272727272726,0.08181818181818182,0.01254608552853237,0.8540114677597105,36.25468164794008
same_ren,440,27,440,30,True,/users/delfos/aina/secoem-VSS/scentree-gen-remote/same_ren_scentree/scenariotree_440/results_27.json,3304,31,140,106.58064516129032,140,3.142857142857143,33,0.0022727272727272726,0.075,0.010727559664097427,0.8709240569517258,43.003109729009324
same_ren,440,28,440,30,True,/users/delfos/aina/secoem-VSS/scentree-gen-remote/same_ren_scentree/scenariotree_440/results_28.json,2604,31,117,84.0,117,3.7606837606837606,38,0.0022727272727272726,0.08636363636363636,0.01374166019677976,0.8445280503833748,32.63654753877275
same_ren,440,29,440,30,True,/users/delfos/aina/secoem-VSS/scentree-gen-remote/same_ren_scentree/scenariotree_440/results_29.json,3208,31,134,103.48387096774194,134,3.283582089552239,49,0.0022727272727272726,0.11136363636363636,0.014717467725745663,0.824711968606599,27.406568516421295
same_ren,440,3,440,30,True,/users/delfos/aina/secoem-VSS/scentree-gen-remote/same_ren_scentree/scenariotree_440/results_3.json,2713,31,130,87.51612903225806,130,3.3846153846153846,84,0.0022727272727272726,0.19090909090909092,0.018526849932435724,0.8126397162333926,19.115323854660346
same_ren,440,30,440,30,True,/users/delfos/aina/secoem-VSS/scentree-gen-remote/same_ren_scentree/scenariotree_440/results_30.json,3024,31,131,97.54838709677419,131,3.3587786259541983,44,0.0022727272727272726,0.1,0.013505819450700684,0.8436959786926789,31.716906946264743
same_ren,440,31,440,30,True,/users/delfos/aina/secoem-VSS/scentree-gen-remote/same_ren_scentree/scenariotree_440/results_31.json,2930,31,135,94.51612903225806,135,3.259259259259259,64,0.0022727272727272726,0.14545454545454545,0.01594143648568222,0.8165879439979927,23.972263496780588
same_ren,440,4,440,30,True,/users/delfos/aina/secoem-VSS/scentree-gen-remote/same_ren_scentree/scenariotree_440/results_4.json,2927,31,137,94.41935483870968,137,3.2116788321167884,36,0.0022727272727272726,0.08181818181818182,0.012555092614396144,0.848570435673279,34.60850911691097
same_ren,440,5,440,30,True,/users/delfos/aina/secoem-VSS/scentree-gen-remote/same_ren_scentree/scenariotree_440/results_5.json,3069,31,133,99.0,133,3.308270676691729,81,0.0022727272727272726,0.18409090909090908,0.01858360831418059,0.8063560454443793,18.708929261693083
same_ren,440,6,440,30,True,/users/delfos/aina/secoem-VSS/scentree-gen-remote/same_ren_scentree/scenariotree_440/results_6.json,2916,31,144,94.06451612903226,144,3.0555555555555554,33,0.0022727272727272726,0.075,0.012325974607945232,0.8438736400805555,34.69534050179212
same_ren,440,7,440,30,True,/users/delfos/aina/secoem-VSS/scentree-gen-remote/same_ren_scentree/scenariotree_440/results_7.json,2919,31,123,94.16129032258064,123,3.5772357723577235,81,0.0022727272727272726,0.18409090909090908,0.018033411625795935,0.8257189250965217,20.776990770551627
same_ren,440,8,440,30,True,/users/delfos/aina/secoem-VSS/scentree-gen-remote/same_ren_scentree/scenariotree_440/results_8.json,2914,31,146,94.0,146,3.0136986301369864,81,0.0022727272727272726,0.18409090909090908,0.01763255482088806,0.8034578401529943,19.141783666205267
same_ren,440,9,440,30,True,/users/delfos/aina/secoem-VSS/scentree-gen-remote/same_ren_scentree/scenariotree_440/results_9.json,2678,31,116,86.38709677419355,116,3.793103448275862,54,0.0022727272727272726,0.12272727272727273,0.014808905667559812,0.8491304506283173,29.360024264482874
same_ren,450,1,450,30,True,/users/delfos/aina/secoem-VSS/scentree-gen-remote/same_ren_scentree/scenariotree_450/results_1.json,2844,31,147,91.74193548387096,147,3.061224489795918,45,0.0022222222222222222,0.1,0.013278356018101019,0.8387056944503178,30.56142469061274
same_ren,450,10,450,30,True,/users/delfos/aina/secoem-VSS/scentree-gen-remote/same_ren_scentree/scenariotree_450/results_10.json,3342,31,138,107.80645161290323,138,3.260869565217391,51,0.0022222222222222222,0.11333333333333333,0.014047702255272512,0.8323169234082164,29.003150959610423
same_ren,450,11,450,30,True,/users/delfos/aina/secoem-VSS/scentree-gen-remote/same_ren_scentree/scenariotree_450/results_11.json,2743,31,121,88.48387096774194,121,3.71900826446281,51,0.0022222222222222222,0.11333333333333333,0.015401899213320327,0.8319431833326548,27.05049425594443
same_ren,450,12,450,30,True,/users/delfos/aina/secoem-VSS/scentree-gen-remote/same_ren_scentree/scenariotree_450/results_12.json,2574,31,121,83.03225806451613,121,3.71900826446281,43,0.0022222222222222222,0.09555555555555556,0.014081324398156273,0.8476751035980618,31.001224739742813
same_ren,450,13,450,30,True,/users/delfos/aina/secoem-VSS/scentree-gen-remote/same_ren_scentree/scenariotree_450/results_13.json,3084,31,145,99.48387096774194,145,3.103448275862069,27,0.0022222222222222222,0.06,0.010826151702866162,0.8580999205873736,41.856138900372045
same_ren,450,14,450,30,True,/users/delfos/aina/secoem-VSS/scentree-gen-remote/same_ren_scentree/scenariotree_450/results_14.json,3113,31,136,100.41935483870968,136,3.3088235294117645,34,0.0022222222222222222,0.07555555555555556,0.012647143267016395,0.8415697029478572,34.35697319307771
same_ren,450,15,450,30,True,/users/delfos/aina/secoem-VSS/scentree-gen-remote/same_ren_scentree/scenariotree_450/results_15.json,2701,31,136,87.12903225806451,136,3.3088235294117645,40,0.0022222222222222222,0.08888888888888889,0.014006728090447647,0.8325609750113825,29.38189204875218
same_ren,450,16,450,30,True,/users/delfos/aina/secoem-VSS/scentree-gen-remote/same_ren_scentree/scenariotree_450/results_16.json,2926,31,147,94.38709677419355,147,3.061224489795918,34,0.0022222222222222222,0.07555555555555556,0.011473235738373189,0.8597515415444548,38.23640483383687
same_ren,450,17,450,30,True,/users/delfos/aina/secoem-VSS/scentree-gen-remote/same_ren_scentree/scenariotree_450/results_17.json,3126,31,152,100.83870967741936,152,2.960526315789474,52,0.0022222222222222222,0.11555555555555555,0.0131613705610515,0.8413846237050403,30.38715486194478
same_ren,450,18,450,30,True,/users/delfos/aina/secoem-VSS/scentree-gen-remote/same_ren_scentree/scenariotree_450/results_18.json,2965,31,138,95.64516129032258,138,3.260869565217391,56,0.0022222222222222222,0.12444444444444444,0.013385042906704484,0.8480651494495346,31.278962001853568
same_ren,450,19,450,30,True,/users/delfos/aina/secoem-VSS/scentree-gen-remote/same_ren_scentree/scenariotree_450/results_19.json,3136,31,132,101.16129032258064,132,3.409090909090909,56,0.0022222222222222222,0.12444444444444444,0.012662574049256447,0.8643971311536648,34.79381443298969
same_ren,450,2,450,30,True,/users/delfos/aina/secoem-VSS/scentree-gen-remote/same_ren_scentree/scenariotree_450/results_2.json,2512,31,132,81.03225806451613,132,3.409090909090909,62,0.0022222222222222222,0.13777777777777778,0.014242185445857307,0.8502469702854037,29.111558366877507
same_ren,450,20,450,30,True,/users/delfos/aina/secoem-VSS/scentree-gen-remote/same_ren_scentree/scenariotree_450/results_20.json,2663,31,124,85.90322580645162,124,3.629032258064516,29,0.0022222222222222222,0.06444444444444444,0.0106591511080631,0.883003550782157,45.140436914846184
same_ren,450,21,450,30,True,/users/delfos/aina/secoem-VSS/scentree-gen-remote/same_ren_scentree/scenariotree_450/results_21.json,2669,31,125,86.09677419354838,125,3.6,34,0.0022222222222222222,0.07555555555555556,0.012536169891779365,0.8553349078596287,36.173633440514465
same_ren,450,22,450,30,True,/users/delfos/aina/secoem-VSS/scentree-gen-remote/same_ren_scentree/scenariotree_450/results_22.json,2689,31,119,86.74193548387096,119,3.7815126050420167,43,0.0022222222222222222,0.09555555555555556,0.015017117635770485,0.8281599121180339,28.377242152466376
same_ren,450,23,450,30,True,/users/delfos/aina/secoem-VSS/scentree-gen-remote/same_ren_scentree/scenariotree_450/results_23.json,2445,31,117,78.87096774193549,117,3.8461538461538463,50,0.0022222222222222222,0.1111111111111111,0.013335281227183514,0.8644111396538396,34.06796769851952
same_ren,450,24,450,30,True,/users/delfos/aina/secoem-VSS/scentree-gen-remote/same_ren_scentree/scenariotree_450/results_24.json,3227,31,137,104.09677419354838,137,3.2846715328467155,65,0.0022222222222222222,0.14444444444444443,0.014777064676425297,0.8432842350306736,26.87101910828025
same_ren,450,25,450,30,True,/users/delfos/aina/secoem-VSS/scentree-gen-remote/same_ren_scentree/scenariotree_450/results_25.json,2710,31,135,87.41935483870968,135,3.3333333333333335,56,0.0022222222222222222,0.12444444444444444,0.013515896921516155,0.8542041959838538,31.18263012011087
same_ren,450,26,450,30,True,/users/delfos/aina/secoem-VSS/scentree-gen-remote/same_ren_scentree/scenariotree_450/results_26.json,3194,31,141,103.03225806451613,141,3.1914893617021276,35,0.0022222222222222222,0.07777777777777778,0.012305867211288828,0.8453181629297075,35.15625
same_ren,450,27,450,30,True,/users/delfos/aina/secoem-VSS/scentree-gen-remote/same_ren_scentree/scenariotree_450/results_27.json,3335,31,147,107.58064516129032,147,3.061224489795918,56,0.0022222222222222222,0.12444444444444444,0.013004833335516061,0.846141559101786,31.581409856519027
same_ren,450,28,450,30,True,/users/delfos/aina/secoem-VSS/scentree-gen-remote/same_ren_scentree/scenariotree_450/results_28.json,3296,31,149,106.3225806451613,149,3.0201342281879193,65,0.0022222222222222222,0.14444444444444443,0.01466497131334932,0.829903582356555,25.802752293577978
same_ren,450,29,450,30,True,/users/delfos/aina/secoem-VSS/scentree-gen-remote/same_ren_scentree/scenariotree_450/results_29.json,3393,31,150,109.45161290322581,150,3.0,51,0.0022222222222222222,0.11333333333333333,0.011850925889754118,0.8583403874624169,36.05769230769231
same_ren,450,3,450,30,True,/users/delfos/aina/secoem-VSS/scentree-gen-remote/same_ren_scentree/scenariotree_450/results_3.json,2545,31,151,82.09677419354838,151,2.980132450331126,65,0.0022222222222222222,0.14444444444444443,0.013064421422321936,0.8606237116968525,30.86890243902439
same_ren,450,30,450,30,True,/users/delfos/aina/secoem-VSS/scentree-gen-remote/same_ren_scentree/scenariotree_450/results_30.json,2699,31,129,87.06451612903226,129,3.488372093023256,40,0.0022222222222222222,0.08888888888888889,0.013575510309602454,0.8391370519755258,31.71992481203008
same_ren,450,31,450,30,True,/users/delfos/aina/secoem-VSS/scentree-gen-remote/same_ren_scentree/scenariotree_450/results_31.json,2692,31,140,86.83870967741936,140,3.2142857142857144,51,0.0022222222222222222,0.11333333333333333,0.013207837217757248,0.853706592620921,31.680225281602002
same_ren,450,4,450,30,True,/users/delfos/aina/secoem-VSS/scentree-gen-remote/same_ren_scentree/scenariotree_450/results_4.json,3435,31,141,110.80645161290323,141,3.1914893617021276,41,0.0022222222222222222,0.09111111111111111,0.01276408940598026,0.8433436006487924,33.262155059132716
same_ren,450,5,450,30,True,/users/delfos/aina/secoem-VSS/scentree-gen-remote/same_ren_scentree/scenariotree_450/results_5.json,3052,31,142,98.45161290322581,142,3.1690140845070425,56,0.0022222222222222222,0.12444444444444444,0.013711313844806604,0.8381877540095424,29.63992974238876
same_ren,450,6,450,30,True,/users/delfos/aina/secoem-VSS/scentree-gen-remote/same_ren_scentree/scenariotree_450/results_6.json,2967,31,137,95.70967741935483,137,3.2846715328467155,45,0.0022222222222222222,0.1,0.013907478634878333,0.8361483453802947,29.587960257159555
same_ren,450,7,450,30,True,/users/delfos/aina/secoem-VSS/scentree-gen-remote/same_ren_scentree/scenariotree_450/results_7.json,2603,31,128,83.96774193548387,128,3.515625,35,0.0022222222222222222,0.07777777777777778,0.012155704012779198,0.8473602261132459,37.41685144124169
same_ren,450,8,450,30,True,/users/delfos/aina/secoem-VSS/scentree-gen-remote/same_ren_scentree/scenariotree_450/results_8.json,3717,31,152,119.90322580645162,152,2.960526315789474,37,0.0022222222222222222,0.08222222222222222,0.01131646944781418,0.8561194618703699,38.395904436860064
same_ren,450,9,450,30,True,/users/delfos/aina/secoem-VSS/scentree-gen-remote/same_ren_scentree/scenariotree_450/results_9.json,3175,31,147,102.41935483870968,147,3.061224489795918,83,0.0022222222222222222,0.18444444444444444,0.01676684328762947,0.8207234504735808,20.77775497640058
same_ren,460,1,460,30,True,/users/delfos/aina/secoem-VSS/scentree-gen-remote/same_ren_scentree/scenariotree_460/results_1.json,2879,31,126,92.87096774193549,126,3.6507936507936507,29,0.002173913043478261,0.06304347826086956,0.010351046657972488,0.8827644692105711,46.64902998236331
same_ren,460,10,460,30,True,/users/delfos/aina/secoem-VSS/scentree-gen-remote/same_ren_scentree/scenariotree_460/results_10.json,2771,31,125,89.38709677419355,125,3.68,27,0.002173913043478261,0.058695652173913045,0.010541483450915991,0.8780445017029523,45.68221070811744
same_ren,460,11,460,30,True,/users/delfos/aina/secoem-VSS/scentree-gen-remote/same_ren_scentree/scenariotree_460/results_11.json,2677,31,130,86.35483870967742,130,3.5384615384615383,41,0.002173913043478261,0.0891304347826087,0.011519542436374089,0.8712045421497239,40.09094353921941
same_ren,460,12,460,30,True,/users/delfos/aina/secoem-VSS/scentree-gen-remote/same_ren_scentree/scenariotree_460/results_12.json,2959,31,140,95.45161290322581,140,3.2857142857142856,37,0.002173913043478261,0.08043478260869565,0.011879440168755558,0.8586650241388426,37.17498243148278
same_ren,460,13,460,30,True,/users/delfos/aina/secoem-VSS/scentree-gen-remote/same_ren_scentree/scenariotree_460/results_13.json,2974,31,147,95.93548387096774,147,3.129251700680272,52,0.002173913043478261,0.11304347826086956,0.012812888573790988,0.8435093839265516,32.325084020776046
same_ren,460,14,460,30,True,/users/delfos/aina/secoem-VSS/scentree-gen-remote/same_ren_scentree/scenariotree_460/results_14.json,3133,31,128,101.06451612903226,128,3.59375,61,0.002173913043478261,0.13260869565217392,0.014274551187827033,0.8463862178222884,29.503625209146666
same_ren,460,15,460,30,True,/users/delfos/aina/secoem-VSS/scentree-gen-remote/same_ren_scentree/scenariotree_460/results_15.json,2909,31,151,93.83870967741936,151,3.0463576158940397,53,0.002173913043478261,0.11521739130434783,0.012470217021739605,0.8467943409124341,33.218210361067506
same_ren,460,16,460,30,True,/users/delfos/aina/secoem-VSS/scentree-gen-remote/same_ren_scentree/scenariotree_460/results_16.json,3031,31,148,97.7741935483871,148,3.108108108108108,37,0.002173913043478261,0.08043478260869565,0.010638361074601444,0.8619859085043581,42.54121431443507
same_ren,460,17,460,30,True,/users/delfos/aina/secoem-VSS/scentree-gen-remote/same_ren_scentree/scenariotree_460/results_17.json,2882,31,130,92.96774193548387,130,3.5384615384615383,34,0.002173913043478261,0.07391304347826087,0.012208961272807036,0.8590208960895211,36.94134078212291
same_ren,460,18,460,30,True,/users/delfos/aina/secoem-VSS/scentree-gen-remote/same_ren_scentree/scenariotree_460/results_18.json,2833,31,139,91.38709677419355,139,3.3093525179856114,56,0.002173913043478261,0.12173913043478261,0.015389236859594592,0.8174605479534187,24.929311969839773
same_ren,460,19,460,30,True,/users/delfos/aina/secoem-VSS/scentree-gen-remote/same_ren_scentree/scenariotree_460/results_19.json,2526,31,137,81.48387096774194,137,3.3576642335766422,39,0.002173913043478261,0.08478260869565217,0.011439326784335053,0.8618089578590212,39.64031472461596
same_ren,460,2,460,30,True,/users/delfos/aina/secoem-VSS/scentree-gen-remote/same_ren_scentree/scenariotree_460/results_2.json,2783,31,143,89.7741935483871,143,3.2167832167832167,53,0.002173913043478261,0.11521739130434783,0.012782790345370573,0.8510937742634852,32.938978829389775
same_ren,460,20,460,30,True,/users/delfos/aina/secoem-VSS/scentree-gen-remote/same_ren_scentree/scenariotree_460/results_20.json,3037,31,144,97.96774193548387,144,3.1944444444444446,63,0.002173913043478261,0.13695652173913042,0.014168190403659048,0.8303308262849335,27.893488004218295
same_ren,460,21,460,30,True,/users/delfos/aina/secoem-VSS/scentree-gen-remote/same_ren_scentree/scenariotree_460/results_21.json,3448,31,161,111.2258064516129,161,2.857142857142857,85,0.002173913043478261,0.18478260869565216,0.018940668088377063,0.7696098422665203,15.632387706855798
same_ren,460,22,460,30,True,/users/delfos/aina/secoem-VSS/scentree-gen-remote/same_ren_scentree/scenariotree_460/results_22.json,2925,31,142,94.35483870967742,142,3.23943661971831,25,0.002173913043478261,0.05434782608695652,0.009745727502303863,0.876644726531377,48.71086556169429
same_ren,460,23,460,30,True,/users/delfos/aina/secoem-VSS/scentree-gen-remote/same_ren_scentree/scenariotree_460/results_23.json,3065,31,150,98.87096774193549,150,3.066666666666667,58,0.002173913043478261,0.12608695652173912,0.015863442667798256,0.8042526456052873,22.515428814641403
same_ren,460,24,460,30,True,/users/delfos/aina/secoem-VSS/scentree-gen-remote/same_ren_scentree/scenariotree_460/results_24.json,3272,31,146,105.54838709677419,146,3.1506849315068495,48,0.002173913043478261,0.10434782608695652,0.012115443017472975,0.8578845117783961,35.36096256684492
same_ren,460,25,460,30,True,/users/delfos/aina/secoem-VSS/scentree-gen-remote/same_ren_scentree/scenariotree_460/results_25.json,2602,31,126,83.93548387096774,126,3.6507936507936507,25,0.002173913043478261,0.05434782608695652,0.01056267048739552,0.8748563780764623,45.466265577997405
same_ren,460,26,460,30,True,/users/delfos/aina/secoem-VSS/scentree-gen-remote/same_ren_scentree/scenariotree_460/results_26.json,2787,31,160,89.90322580645162,160,2.875,39,0.002173913043478261,0.08478260869565217,0.010020507092051408,0.867581377726618,44.811520542143164
same_ren,460,27,460,30,True,/users/delfos/aina/secoem-VSS/scentree-gen-remote/same_ren_scentree/scenariotree_460/results_27.json,3093,31,140,99.7741935483871,140,3.2857142857142856,79,0.002173913043478261,0.17173913043478262,0.017094291635734015,0.8066221991208998,20.81038552321007
same_ren,460,28,460,30,True,/users/delfos/aina/secoem-VSS/scentree-gen-remote/same_ren_scentree/scenariotree_460/results_28.json,3117,31,149,100.54838709677419,149,3.087248322147651,51,0.002173913043478261,0.1108695652173913,0.014189363076095909,0.8261135598204677,27.239958805355307
same_ren,460,29,460,30,True,/users/delfos/aina/secoem-VSS/scentree-gen-remote/same_ren_scentree/scenariotree_460/results_29.json,2910,31,129,93.87096774193549,129,3.565891472868217,44,0.002173913043478261,0.09565217391304348,0.01181076695976939,0.8676564702392823,38.839941262848754
same_ren,460,3,460,30,True,/users/delfos/aina/secoem-VSS/scentree-gen-remote/same_ren_scentree/scenariotree_460/results_3.json,3021,31,140,97.45161290322581,140,3.2857142857142856,33,0.002173913043478261,0.07173913043478261,0.0105968448798382,0.8706648859603553,43.73708143861099
same_ren,460,30,460,30,True,/users/delfos/aina/secoem-VSS/scentree-gen-remote/same_ren_scentree/scenariotree_460/results_30.json,3598,31,161,116.06451612903226,161,2.857142857142857,87,0.002173913043478261,0.1891304347826087,0.018079577199769003,0.7806338319639893,16.995983935742977
same_ren,460,31,460,30,True,/users/delfos/aina/secoem-VSS/scentree-gen-remote/same_ren_scentree/scenariotree_460/results_31.json,2612,31,143,84.25806451612904,143,3.2167832167832167,45,0.002173913043478261,0.09782608695652174,0.011809860510429888,0.8628953642351489,37.12280701754384
same_ren,460,4,460,30,True,/users/delfos/aina/secoem-VSS/scentree-gen-remote/same_ren_scentree/scenariotree_460/results_4.json,2849,31,135,91.90322580645162,135,3.4074074074074074,63,0.002173913043478261,0.13695652173913042,0.01567027110952786,0.8194295842780154,24.656257282684685
same_ren,460,5,460,30,True,/users/delfos/aina/secoem-VSS/scentree-gen-remote/same_ren_scentree/scenariotree_460/results_5.json,2636,31,142,85.03225806451613,142,3.23943661971831,37,0.002173913043478261,0.08043478260869565,0.012147556921402326,0.8465634088907183,35.71910871033086
same_ren,460,6,460,30,True,/users/delfos/aina/secoem-VSS/scentree-gen-remote/same_ren_scentree/scenariotree_460/results_6.json,3354,31,158,108.19354838709677,158,2.911392405063291,85,0.002173913043478261,0.18478260869565216,0.016520543773262994,0.8109277104318008,20.221712538226306
same_ren,460,7,460,30,True,/users/delfos/aina/secoem-VSS/scentree-gen-remote/same_ren_scentree/scenariotree_460/results_7.json,3282,31,137,105.87096774193549,137,3.3576642335766422,51,0.002173913043478261,0.1108695652173913,0.013788460650678024,0.8337554620856859,29.98866213151928
same_ren,460,8,460,30,True,/users/delfos/aina/secoem-VSS/scentree-gen-remote/same_ren_scentree/scenariotree_460/results_8.json,3064,31,140,98.83870967741936,140,3.2857142857142856,58,0.002173913043478261,0.12608695652173912,0.014082061765322668,0.8355725393308291,28.648795017600868
same_ren,460,9,460,30,True,/users/delfos/aina/secoem-VSS/scentree-gen-remote/same_ren_scentree/scenariotree_460/results_9.json,2785,31,131,89.83870967741936,131,3.5114503816793894,53,0.002173913043478261,0.11521739130434783,0.013085909555330772,0.8556644670914042,33.259981138006914
same_ren,470,1,470,30,True,/users/delfos/aina/secoem-VSS/scentree-gen-remote/same_ren_scentree/scenariotree_470/results_1.json,2884,31,134,93.03225806451613,134,3.5074626865671643,37,0.002127659574468085,0.07872340425531915,0.010907196293500952,0.8751831616922331,42.72727272727273
same_ren,470,10,470,30,True,/users/delfos/aina/secoem-VSS/scentree-gen-remote/same_ren_scentree/scenariotree_470/results_10.json,2926,31,132,94.38709677419355,132,3.5606060606060606,46,0.002127659574468085,0.09787234042553192,0.01271820419429839,0.8497320501316767,34.56964006259781
same_ren,470,11,470,30,True,/users/delfos/aina/secoem-VSS/scentree-gen-remote/same_ren_scentree/scenariotree_470/results_11.json,3775,31,166,121.7741935483871,166,2.8313253012048194,64,0.002127659574468085,0.13617021276595745,0.015916187888721275,0.7918375959722991,20.80037664783428
same_ren,470,12,470,30,True,/users/delfos/aina/secoem-VSS/scentree-gen-remote/same_ren_scentree/scenariotree_470/results_12.json,3510,31,142,113.2258064516129,142,3.3098591549295775,43,0.002127659574468085,0.09148936170212765,0.01250656226624872,0.8397867578515823,34.18446301454659
same_ren,470,13,470,30,True,/users/delfos/aina/secoem-VSS/scentree-gen-remote/same_ren_scentree/scenariotree_470/results_13.json,3437,31,160,110.87096774193549,160,2.9375,44,0.002127659574468085,0.09361702127659574,0.01249419851790416,0.8317975749532582,32.02377500724848
same_ren,470,14,470,30,True,/users/delfos/aina/secoem-VSS/scentree-gen-remote/same_ren_scentree/scenariotree_470/results_14.json,3474,31,165,112.06451612903226,165,2.8484848484848486,32,0.002127659574468085,0.06808510638297872,0.010027893825386418,0.8619681631573802,44.14468425259791
same_ren,470,15,470,30,True,/users/delfos/aina/secoem-VSS/scentree-gen-remote/same_ren_scentree/scenariotree_470/results_15.json,3622,31,150,116.83870967741936,150,3.1333333333333333,52,0.002127659574468085,0.11063829787234042,0.013094280740816193,0.8443123981216553,30.877830584288517
same_ren,470,16,470,30,True,/users/delfos/aina/secoem-VSS/scentree-gen-remote/same_ren_scentree/scenariotree_470/results_16.json,3018,31,156,97.35483870967742,156,3.0128205128205128,82,0.002127659574468085,0.17446808510638298,0.01603452412506403,0.8098466132325505,21.496691319579597
same_ren,470,17,470,30,True,/users/delfos/aina/secoem-VSS/scentree-gen-remote/same_ren_scentree/scenariotree_470/results_17.json,3024,31,129,97.54838709677419,129,3.643410852713178,46,0.002127659574468085,0.09787234042553192,0.012874895161738335,0.8475954895144223,34.32256059664388
same_ren,470,18,470,30,True,/users/delfos/aina/secoem-VSS/scentree-gen-remote/same_ren_scentree/scenariotree_470/results_18.json,3304,31,142,106.58064516129032,142,3.3098591549295775,61,0.002127659574468085,0.12978723404255318,0.015606842841534466,0.8111335367400428,24.021313614615053
same_ren,470,19,470,30,True,/users/delfos/aina/secoem-VSS/scentree-gen-remote/same_ren_scentree/scenariotree_470/results_19.json,2897,31,144,93.45161290322581,144,3.263888888888889,58,0.002127659574468085,0.12340425531914893,0.013213648434436657,0.8434396023777505,31.165349887133186
same_ren,470,2,470,30,True,/users/delfos/aina/secoem-VSS/scentree-gen-remote/same_ren_scentree/scenariotree_470/results_2.json,3362,31,142,108.45161290322581,142,3.3098591549295775,82,0.002127659574468085,0.17446808510638298,0.017388500288163803,0.8028065086291091,20.009057971014496
same_ren,470,20,470,30,True,/users/delfos/aina/secoem-VSS/scentree-gen-remote/same_ren_scentree/scenariotree_470/results_20.json,3447,31,151,111.19354838709677,151,3.1125827814569536,64,0.002127659574468085,0.13617021276595745,0.016236197708358567,0.8100869191142397,21.538611544461777
same_ren,470,21,470,30,True,/users/delfos/aina/secoem-VSS/scentree-gen-remote/same_ren_scentree/scenariotree_470/results_21.json,3203,31,142,103.3225806451613,142,3.3098591549295775,67,0.002127659574468085,0.1425531914893617,0.014760704721611312,0.8282450364461698,26.328963051251485
same_ren,470,22,470,30,True,/users/delfos/aina/secoem-VSS/scentree-gen-remote/same_ren_scentree/scenariotree_470/results_22.json,3187,31,141,102.80645161290323,141,3.3333333333333335,58,0.002127659574468085,0.12340425531914893,0.014558224665149439,0.8209461894280858,27.044564152791377
same_ren,470,23,470,30,True,/users/delfos/aina/secoem-VSS/scentree-gen-remote/same_ren_scentree/scenariotree_470/results_23.json,3253,31,152,104.93548387096774,152,3.0921052631578947,82,0.002127659574468085,0.17446808510638298,0.015717409387343135,0.8219326120466421,22.661058678703327
same_ren,470,24,470,30,True,/users/delfos/aina/secoem-VSS/scentree-gen-remote/same_ren_scentree/scenariotree_470/results_24.json,3289,31,145,106.09677419354838,145,3.2413793103448274,43,0.002127659574468085,0.09148936170212765,0.011608780928139975,0.8560573775742164,37.82534246575344
same_ren,470,25,470,30,True,/users/delfos/aina/secoem-VSS/scentree-gen-remote/same_ren_scentree/scenariotree_470/results_25.json,3148,31,143,101.54838709677419,143,3.2867132867132867,64,0.002127659574468085,0.13617021276595745,0.016331474095592307,0.8105408532423299,22.156469408224677
same_ren,470,26,470,30,True,/users/delfos/aina/secoem-VSS/scentree-gen-remote/same_ren_scentree/scenariotree_470/results_26.json,3655,31,159,117.90322580645162,159,2.9559748427672954,90,0.002127659574468085,0.19148936170212766,0.01675889349821695,0.8105000926173066,19.628576506131154
same_ren,470,27,470,30,True,/users/delfos/aina/secoem-VSS/scentree-gen-remote/same_ren_scentree/scenariotree_470/results_27.json,3212,31,138,103.61290322580645,138,3.4057971014492754,50,0.002127659574468085,0.10638297872340426,0.013752214142971482,0.8344205546037222,29.989139288623406
same_ren,470,28,470,30,True,/users/delfos/aina/secoem-VSS/scentree-gen-remote/same_ren_scentree/scenariotree_470/results_28.json,3572,31,163,115.2258064516129,163,2.8834355828220857,58,0.002127659574468085,0.12340425531914893,0.013103895524647484,0.8313614850561629,29.304855399310163
same_ren,470,29,470,30,True,/users/delfos/aina/secoem-VSS/scentree-gen-remote/same_ren_scentree/scenariotree_470/results_29.json,3184,31,133,102.70967741935483,133,3.5338345864661656,58,0.002127659574468085,0.12340425531914893,0.014153151702960713,0.8365938293606439,29.273787437052743
same_ren,470,3,470,30,True,/users/delfos/aina/secoem-VSS/scentree-gen-remote/same_ren_scentree/scenariotree_470/results_3.json,3700,31,166,119.35483870967742,166,2.8313253012048194,82,0.002127659574468085,0.17446808510638298,0.017276727316823323,0.7786313877619143,17.994460736396224
same_ren,470,30,470,30,True,/users/delfos/aina/secoem-VSS/scentree-gen-remote/same_ren_scentree/scenariotree_470/results_30.json,3522,31,163,113.61290322580645,163,2.8834355828220857,53,0.002127659574468085,0.1127659574468085,0.013925881125092411,0.8071801021587197,26.493163828256183
same_ren,470,31,470,30,True,/users/delfos/aina/secoem-VSS/scentree-gen-remote/same_ren_scentree/scenariotree_470/results_31.json,3289,31,144,106.09677419354838,144,3.263888888888889,38,0.002127659574468085,0.08085106382978724,0.011061289576748887,0.8712055465012822,40.71138960560265
same_ren,470,4,470,30,True,/users/delfos/aina/secoem-VSS/scentree-gen-remote/same_ren_scentree/scenariotree_470/results_4.json,3197,31,141,103.12903225806451,141,3.3333333333333335,32,0.002127659574468085,0.06808510638297872,0.011274664276697797,0.8523307293280664,39.974665218964894
same_ren,470,5,470,30,True,/users/delfos/aina/secoem-VSS/scentree-gen-remote/same_ren_scentree/scenariotree_470/results_5.json,2611,31,135,84.2258064516129,135,3.4814814814814814,38,0.002127659574468085,0.08085106382978724,0.010962290472674044,0.8723893801167549,42.31800766283526
same_ren,470,6,470,30,True,/users/delfos/aina/secoem-VSS/scentree-gen-remote/same_ren_scentree/scenariotree_470/results_6.json,3425,31,159,110.48387096774194,159,2.9559748427672954,46,0.002127659574468085,0.09787234042553192,0.012391000687998664,0.8319741476142236,32.57151282807432
same_ren,470,7,470,30,True,/users/delfos/aina/secoem-VSS/scentree-gen-remote/same_ren_scentree/scenariotree_470/results_7.json,2790,31,133,90.0,133,3.5338345864661656,44,0.002127659574468085,0.09361702127659574,0.01093817895877832,0.8780633911084468,42.677743431221025
same_ren,470,8,470,30,True,/users/delfos/aina/secoem-VSS/scentree-gen-remote/same_ren_scentree/scenariotree_470/results_8.json,2758,31,143,88.96774193548387,143,3.2867132867132867,64,0.002127659574468085,0.13617021276595745,0.013665714108176085,0.8498782906655641,29.674905964535206
same_ren,470,9,470,30,True,/users/delfos/aina/secoem-VSS/scentree-gen-remote/same_ren_scentree/scenariotree_470/results_9.json,3811,31,172,122.93548387096774,172,2.7325581395348837,85,0.002127659574468085,0.18085106382978725,0.016416534578843636,0.7935457110358948,19.168691426587984
same_ren,480,1,480,30,True,/users/delfos/aina/secoem-VSS/scentree-gen-remote/same_ren_scentree/scenariotree_480/results_1.json,2680,31,130,86.45161290322581,130,3.6923076923076925,27,0.0020833333333333333,0.05625,0.00995397445722406,0.8822938357445663,48.60759493670885
same_ren,480,10,480,30,True,/users/delfos/aina/secoem-VSS/scentree-gen-remote/same_ren_scentree/scenariotree_480/results_10.json,3197,31,151,103.12903225806451,151,3.1788079470198674,31,0.0020833333333333333,0.06458333333333334,0.01024860589214132,0.8639251308677568,44.47876447876448
same_ren,480,11,480,30,True,/users/delfos/aina/secoem-VSS/scentree-gen-remote/same_ren_scentree/scenariotree_480/results_11.json,2685,31,134,86.61290322580645,134,3.582089552238806,58,0.0020833333333333333,0.12083333333333333,0.014276485987531192,0.8367978221301865,28.75686470294558
same_ren,480,12,480,30,True,/users/delfos/aina/secoem-VSS/scentree-gen-remote/same_ren_scentree/scenariotree_480/results_12.json,3463,31,158,111.70967741935483,158,3.037974683544304,67,0.0020833333333333333,0.13958333333333334,0.012904168437702467,0.8503397752370758,30.63829787234043
same_ren,480,13,480,30,True,/users/delfos/aina/secoem-VSS/scentree-gen-remote/same_ren_scentree/scenariotree_480/results_13.json,3174,31,149,102.38709677419355,149,3.221476510067114,26,0.0020833333333333333,0.05416666666666667,0.009437619102023068,0.8808816958273822,50.043440486533456
same_ren,480,14,480,30,True,/users/delfos/aina/secoem-VSS/scentree-gen-remote/same_ren_scentree/scenariotree_480/results_14.json,3309,31,149,106.74193548387096,149,3.221476510067114,67,0.0020833333333333333,0.13958333333333334,0.015211666909603008,0.8179851825505304,24.2781875658588
same_ren,480,15,480,30,True,/users/delfos/aina/secoem-VSS/scentree-gen-remote/same_ren_scentree/scenariotree_480/results_15.json,3978,31,164,128.32258064516128,164,2.926829268292683,85,0.0020833333333333333,0.17708333333333334,0.015770093566533794,0.8094433235481667,21.329383447509716
same_ren,480,16,480,30,True,/users/delfos/aina/secoem-VSS/scentree-gen-remote/same_ren_scentree/scenariotree_480/results_16.json,3793,31,153,122.35483870967742,153,3.1372549019607843,58,0.0020833333333333333,0.12083333333333333,0.014208054258102605,0.818567528991156,26.7223382045929
same_ren,480,17,480,30,True,/users/delfos/aina/secoem-VSS/scentree-gen-remote/same_ren_scentree/scenariotree_480/results_17.json,3334,31,151,107.54838709677419,151,3.1788079470198674,26,0.0020833333333333333,0.05416666666666667,0.01017259899998781,0.8657949990600832,44.947327350760816
same_ren,480,18,480,30,True,/users/delfos/aina/secoem-VSS/scentree-gen-remote/same_ren_scentree/scenariotree_480/results_18.json,3577,31,151,115.38709677419355,151,3.1788079470198674,43,0.0020833333333333333,0.08958333333333333,0.01222350120052547,0.8385856032034191,34.26531826293872
same_ren,480,19,480,30,True,/users/delfos/aina/secoem-VSS/scentree-gen-remote/same_ren_scentree/scenariotree_480/results_19.json,3216,31,147,103.74193548387096,147,3.2653061224489797,85,0.0020833333333333333,0.17708333333333334,0.01583140602195392,0.8327262230123998,22.911694510739856
same_ren,480,2,480,30,True,/users/delfos/aina/secoem-VSS/scentree-gen-remote/same_ren_scentree/scenariotree_480/results_2.json,3588,31,164,115.74193548387096,164,2.926829268292683,50,0.0020833333333333333,0.10416666666666667,0.011444607853885114,0.8594423171024015,36.26062322946174
same_ren,480,20,480,30,True,/users/delfos/aina/secoem-VSS/scentree-gen-remote/same_ren_scentree/scenariotree_480/results_20.json,3133,31,159,101.06451612903226,159,3.018867924528302,58,0.0020833333333333333,0.12083333333333333,0.01341324914259077,0.8299935040199292,28.65671641791045
same_ren,480,21,480,30,True,/users/delfos/aina/secoem-VSS/scentree-gen-remote/same_ren_scentree/scenariotree_480/results_21.json,3640,31,164,117.41935483870968,164,2.926829268292683,45,0.0020833333333333333,0.09375,0.013187321743089727,0.8226158220852376,28.886659979939814
same_ren,480,22,480,30,True,/users/delfos/aina/secoem-VSS/scentree-gen-remote/same_ren_scentree/scenariotree_480/results_22.json,3393,31,148,109.45161290322581,148,3.2432432432432434,29,0.0020833333333333333,0.06041666666666667,0.010344971801966179,0.8671050964334959,44.25662696888205
same_ren,480,23,480,30,True,/users/delfos/aina/secoem-VSS/scentree-gen-remote/same_ren_scentree/scenariotree_480/results_23.json,3510,31,145,113.2258064516129,145,3.310344827586207,58,0.0020833333333333333,0.12083333333333333,0.0144679698942302,0.8234159231076423,26.84688883710091
same_ren,480,24,480,30,True,/users/delfos/aina/secoem-VSS/scentree-gen-remote/same_ren_scentree/scenariotree_480/results_24.json,3007,31,146,97.0,146,3.287671232876712,61,0.0020833333333333333,0.12708333333333333,0.013234595576700259,0.8439414011846863,30.843373493975907
same_ren,480,25,480,30,True,/users/delfos/aina/secoem-VSS/scentree-gen-remote/same_ren_scentree/scenariotree_480/results_25.json,3122,31,156,100.70967741935483,156,3.076923076923077,90,0.0020833333333333333,0.1875,0.016008537882000313,0.8264427261022491,21.556886227544915
same_ren,480,26,480,30,True,/users/delfos/aina/secoem-VSS/scentree-gen-remote/same_ren_scentree/scenariotree_480/results_26.json,3123,31,139,100.74193548387096,139,3.4532374100719423,53,0.0020833333333333333,0.11041666666666666,0.01355053671308818,0.8319926794650849,30.56513664101884
same_ren,480,27,480,30,True,/users/delfos/aina/secoem-VSS/scentree-gen-remote/same_ren_scentree/scenariotree_480/results_27.json,2754,31,129,88.83870967741936,129,3.7209302325581395,29,0.0020833333333333333,0.06041666666666667,0.012028065555855796,0.8551924160680392,37.85737758790667
same_ren,480,28,480,30,True,/users/delfos/aina/secoem-VSS/scentree-gen-remote/same_ren_scentree/scenariotree_480/results_28.json,3175,31,144,102.41935483870968,144,3.3333333333333335,64,0.0020833333333333333,0.13333333333333333,0.01541525894473827,0.8197443696684995,24.29354702657107
same_ren,480,29,480,30,True,/users/delfos/aina/secoem-VSS/scentree-gen-remote/same_ren_scentree/scenariotree_480/results_29.json,2784,31,134,89.80645161290323,134,3.582089552238806,43,0.0020833333333333333,0.08958333333333333,0.011766680263530064,0.8638507014487355,38.43843843843843
same_ren,480,3,480,30,True,/users/delfos/aina/secoem-VSS/scentree-gen-remote/same_ren_scentree/scenariotree_480/results_3.json,3576,31,157,115.35483870967742,157,3.0573248407643314,67,0.0020833333333333333,0.13958333333333334,0.013100917814551381,0.8426077629296603,30.0156331422616
same_ren,480,30,480,30,True,/users/delfos/aina/secoem-VSS/scentree-gen-remote/same_ren_scentree/scenariotree_480/results_30.json,3689,31,153,119.0,153,3.1372549019607843,58,0.0020833333333333333,0.12083333333333333,0.014299603002656293,0.8235292079922925,26.44021115446408
same_ren,480,31,480,30,True,/users/delfos/aina/secoem-VSS/scentree-gen-remote/same_ren_scentree/scenariotree_480/results_31.json,3429,31,148,110.61290322580645,148,3.2432432432432434,64,0.0020833333333333333,0.13333333333333333,0.015839595470736254,0.7982200481969505,22.78481012658228
same_ren,480,4,480,30,True,/users/delfos/aina/secoem-VSS/scentree-gen-remote/same_ren_scentree/scenariotree_480/results_4.json,3158,31,134,101.87096774193549,134,3.582089552238806,37,0.0020833333333333333,0.07708333333333334,0.01172807915685209,0.856515650426123,38.61884009386524
same_ren,480,5,480,30,True,/users/delfos/aina/secoem-VSS/scentree-gen-remote/same_ren_scentree/scenariotree_480/results_5.json,3309,31,139,106.74193548387096,139,3.4532374100719423,58,0.0020833333333333333,0.12083333333333333,0.014569887218440452,0.8301220880729655,27.246925260170293
same_ren,480,6,480,30,True,/users/delfos/aina/secoem-VSS/scentree-gen-remote/same_ren_scentree/scenariotree_480/results_6.json,3056,31,138,98.58064516129032,138,3.4782608695652173,30,0.0020833333333333333,0.0625,0.010846266293456778,0.8621614973544932,42.58780036968578
same_ren,480,7,480,30,True,/users/delfos/aina/secoem-VSS/scentree-gen-remote/same_ren_scentree/scenariotree_480/results_7.json,2988,31,149,96.38709677419355,149,3.221476510067114,29,0.0020833333333333333,0.06041666666666667,0.010895979269108508,0.8530546144964155,40.98185699039488
same_ren,480,8,480,30,True,/users/delfos/aina/secoem-VSS/scentree-gen-remote/same_ren_scentree/scenariotree_480/results_8.json,3157,31,135,101.83870967741936,135,3.5555555555555554,44,0.0020833333333333333,0.09166666666666666,0.012149580708216213,0.8598515191011318,36.58304223563036
same_ren,480,9,480,30,True,/users/delfos/aina/secoem-VSS/scentree-gen-remote/same_ren_scentree/scenariotree_480/results_9.json,3164,31,158,102.06451612903226,158,3.037974683544304,49,0.0020833333333333333,0.10208333333333333,0.011446666663089394,0.8515517960453004,36.994219653179194
same_ren,490,1,490,30,True,/users/delfos/aina/secoem-VSS/scentree-gen-remote/same_ren_scentree/scenariotree_490/results_1.json,3380,31,147,109.03225806451613,147,3.3333333333333335,47,0.0020408163265306124,0.09591836734693877,0.01211774728922553,0.8492067387709947,35.22593896713616
same_ren,490,10,490,30,True,/users/delfos/aina/secoem-VSS/scentree-gen-remote/same_ren_scentree/scenariotree_490/results_10.json,3188,31,127,102.83870967741936,127,3.858267716535433,50,0.0020408163265306124,0.10204081632653061,0.014967817145860539,0.8199898246644894,27.52808988764045
same_ren,490,11,490,30,True,/users/delfos/aina/secoem-VSS/scentree-gen-remote/same_ren_scentree/scenariotree_490/results_11.json,3223,31,142,103.96774193548387,142,3.4507042253521125,35,0.0020408163265306124,0.07142857142857142,0.01004059158647505,0.8737478160080494,46.821372854914195
same_ren,490,12,490,30,True,/users/delfos/aina/secoem-VSS/scentree-gen-remote/same_ren_scentree/scenariotree_490/results_12.json,3454,31,163,111.41935483870968,163,3.0061349693251533,59,0.0020408163265306124,0.12040816326530612,0.013492808766004082,0.8261319013140074,27.925098860200052
same_ren,490,13,490,30,True,/users/delfos/aina/secoem-VSS/scentree-gen-remote/same_ren_scentree/scenariotree_490/results_13.json,2856,31,123,92.12903225806451,123,3.983739837398374,68,0.0020408163265306124,0.13877551020408163,0.014817392265261214,0.848096711753417,28.461356092935034
same_ren,490,14,490,30,True,/users/delfos/aina/secoem-VSS/scentree-gen-remote/same_ren_scentree/scenariotree_490/results_14.json,3298,31,141,106.38709677419355,141,3.475177304964539,67,0.0020408163265306124,0.13673469387755102,0.014343660902877134,0.8291899400027241,27.69958467928011
same_ren,490,15,490,30,True,/users/delfos/aina/secoem-VSS/scentree-gen-remote/same_ren_scentree/scenariotree_490/results_15.json,3368,31,145,108.64516129032258,145,3.3793103448275863,43,0.0020408163265306124,0.08775510204081632,0.010510717082694871,0.8724177274458778,43.63867684478372
same_ren,490,16,490,30,True,/users/delfos/aina/secoem-VSS/scentree-gen-remote/same_ren_scentree/scenariotree_490/results_16.json,2923,31,137,94.29032258064517,137,3.576642335766423,38,0.0020408163265306124,0.07755102040816327,0.012443697862784014,0.8374663213886249,35.07157464212679
same_ren,490,17,490,30,True,/users/delfos/aina/secoem-VSS/scentree-gen-remote/same_ren_scentree/scenariotree_490/results_17.json,2882,31,138,92.96774193548387,138,3.550724637681159,63,0.0020408163265306124,0.12857142857142856,0.013762928656446224,0.8376393998214948,29.952594810379242
same_ren,490,18,490,30,True,/users/delfos/aina/secoem-VSS/scentree-gen-remote/same_ren_scentree/scenariotree_490/results_18.json,3241,31,143,104.54838709677419,143,3.4265734265734267,43,0.0020408163265306124,0.08775510204081632,0.011153203345191636,0.8647721401987711,40.352941176470594
same_ren,490,19,490,30,True,/users/delfos/aina/secoem-VSS/scentree-gen-remote/same_ren_scentree/scenariotree_490/results_19.json,3173,31,140,102.35483870967742,140,3.5,68,0.0020408163265306124,0.13877551020408163,0.01435116203408095,0.8323280716371313,27.79578606158833
same_ren,490,2,490,30,True,/users/delfos/aina/secoem-VSS/scentree-gen-remote/same_ren_scentree/scenariotree_490/results_2.json,3347,31,143,107.96774193548387,143,3.4265734265734267,43,0.0020408163265306124,0.08775510204081632,0.011421559732323124,0.8665683675997531,38.98993179603767
same_ren,490,20,490,30,True,/users/delfos/aina/secoem-VSS/scentree-gen-remote/same_ren_scentree/scenariotree_490/results_20.json,3445,31,157,111.12903225806451,157,3.121019108280255,50,0.0020408163265306124,0.10204081632653061,0.012097449075124743,0.8447406215143384,34.07607152994607
same_ren,490,21,490,30,True,/users/delfos/aina/secoem-VSS/scentree-gen-remote/same_ren_scentree/scenariotree_490/results_21.json,3710,31,154,119.6774193548387,154,3.1818181818181817,83,0.0020408163265306124,0.16938775510204082,0.015233868766973111,0.8291346969764419,23.67850098619329
same_ren,490,22,490,30,True,/users/delfos/aina/secoem-VSS/scentree-gen-remote/same_ren_scentree/scenariotree_490/results_22.json,3561,31,152,114.87096774193549,152,3.223684210526316,67,0.0020408163265306124,0.13673469387755102,0.01360628719086162,0.8329679734911036,28.80278310940499
same_ren,490,23,490,30,True,/users/delfos/aina/secoem-VSS/scentree-gen-remote/same_ren_scentree/scenariotree_490/results_23.json,3153,31,153,101.70967741935483,153,3.2026143790849675,91,0.0020408163265306124,0.18571428571428572,0.017142094085935183,0.8027816672954948,19.419281785829835
same_ren,490,24,490,30,True,/users/delfos/aina/secoem-VSS/scentree-gen-remote/same_ren_scentree/scenariotree_490/results_24.json,3222,31,154,103.93548387096774,154,3.1818181818181817,68,0.0020408163265306124,0.13877551020408163,0.015329436340128857,0.8096151275476443,23.428961748633878
same_ren,490,25,490,30,True,/users/delfos/aina/secoem-VSS/scentree-gen-remote/same_ren_scentree/scenariotree_490/results_25.json,2849,31,143,91.90322580645162,143,3.4265734265734267,30,0.0020408163265306124,0.061224489795918366,0.011176681168540944,0.8527890356800369,40.23123324396783
same_ren,490,26,490,30,True,/users/delfos/aina/secoem-VSS/scentree-gen-remote/same_ren_scentree/scenariotree_490/results_26.json,2950,31,123,95.16129032258064,123,3.983739837398374,32,0.0020408163265306124,0.0653061224489796,0.012169959672800981,0.8616008954475693,37.95447360101169
same_ren,490,27,490,30,True,/users/delfos/aina/secoem-VSS/scentree-gen-remote/same_ren_scentree/scenariotree_490/results_27.json,2995,31,149,96.61290322580645,149,3.2885906040268456,33,0.0020408163265306124,0.0673469387755102,0.010355796681061881,0.8712780670724334,44.0712187958884
same_ren,490,28,490,30,True,/users/delfos/aina/secoem-VSS/scentree-gen-remote/same_ren_scentree/scenariotree_490/results_28.json,3443,31,152,111.06451612903226,152,3.223684210526316,47,0.0020408163265306124,0.09591836734693877,0.012092221661108777,0.8403040330790887,34.7165991902834
same_ren,490,29,490,30,True,/users/delfos/aina/secoem-VSS/scentree-gen-remote/same_ren_scentree/scenariotree_490/results_29.json,3345,31,173,107.90322580645162,173,2.832369942196532,91,0.0020408163265306124,0.18571428571428572,0.0149744961842412,0.8302738473662298,22.435058867501407
same_ren,490,3,490,30,True,/users/delfos/aina/secoem-VSS/scentree-gen-remote/same_ren_scentree/scenariotree_490/results_3.json,3090,31,142,99.6774193548387,142,3.4507042253521125,50,0.0020408163265306124,0.10204081632653061,0.011898860329202387,0.8560302332193206,36.836452899662476
same_ren,490,30,490,30,True,/users/delfos/aina/secoem-VSS/scentree-gen-remote/same_ren_scentree/scenariotree_490/results_30.json,3164,31,153,102.06451612903226,153,3.2026143790849675,50,0.0020408163265306124,0.10204081632653061,0.011801955863310508,0.854396768638275,35.910858510320075
same_ren,490,31,490,30,True,/users/delfos/aina/secoem-VSS/scentree-gen-remote/same_ren_scentree/scenariotree_490/results_31.json,2726,31,130,87.93548387096774,130,3.769230769230769,57,0.0020408163265306124,0.11632653061224489,0.01398549408807599,0.8366017189243184,30.19366197183099
same_ren,490,4,490,30,True,/users/delfos/aina/secoem-VSS/scentree-gen-remote/same_ren_scentree/scenariotree_490/results_4.json,3511,31,150,113.25806451612904,150,3.2666666666666666,37,0.0020408163265306124,0.07551020408163266,0.011608560004191314,0.8477345274012626,37.20173535791757
same_ren,490,5,490,30,True,/users/delfos/aina/secoem-VSS/scentree-gen-remote/same_ren_scentree/scenariotree_490/results_5.json,3015,31,138,97.25806451612904,138,3.550724637681159,30,0.0020408163265306124,0.061224489795918366,0.010118160782042753,0.8712867095577789,46.78487918939985
same_ren,490,6,490,30,True,/users/delfos/aina/secoem-VSS/scentree-gen-remote/same_ren_scentree/scenariotree_490/results_6.json,2880,31,139,92.90322580645162,139,3.5251798561151078,41,0.0020408163265306124,0.0836734693877551,0.011141310128346814,0.8622852898329972,40.90289608177172
same_ren,490,7,490,30,True,/users/delfos/aina/secoem-VSS/scentree-gen-remote/same_ren_scentree/scenariotree_490/results_7.json,3775,31,149,121.7741935483871,149,3.2885906040268456,43,0.0020408163265306124,0.08775510204081632,0.013245632059550313,0.8257403750083563,30.438640973630836
same_ren,490,8,490,30,True,/users/delfos/aina/secoem-VSS/scentree-gen-remote/same_ren_scentree/scenariotree_490/results_8.json,3354,31,147,108.19354838709677,147,3.3333333333333335,68,0.0020408163265306124,0.13877551020408163,0.01411378529806187,0.8324988504577199,27.712373037857795
same_ren,490,9,490,30,True,/users/delfos/aina/secoem-VSS/scentree-gen-remote/same_ren_scentree/scenariotree_490/results_9.json,3599,31,156,116.09677419354838,156,3.141025641025641,43,0.0020408163265306124,0.08775510204081632,0.011508580104912125,0.8509977265116917,36.93846153846154
same_ren,50,1,50,30,True,/users/delfos/aina/secoem-VSS/scentree-gen-remote/same_ren_scentree/scenariotree_50/results_1.json,447,31,30,14.419354838709678,30,1.6666666666666667,6,0.02,0.12,0.02547329756605707,0.9356785709104508,18.93939393939394
same_ren,50,10,50,30,True,/users/delfos/aina/secoem-VSS/scentree-gen-remote/same_ren_scentree/scenariotree_50/results_10.json,535,31,36,17.258064516129032,36,1.3888888888888888,6,0.02,0.12,0.0227438772116208,0.9403362483678567,21.551724137931036
same_ren,50,11,50,30,True,/users/delfos/aina/secoem-VSS/scentree-gen-remote/same_ren_scentree/scenariotree_50/results_11.json,520,31,37,16.774193548387096,37,1.3513513513513513,7,0.02,0.14,0.022404737055202927,0.9436169988729525,21.929824561403503
same_ren,50,12,50,30,True,/users/delfos/aina/secoem-VSS/scentree-gen-remote/same_ren_scentree/scenariotree_50/results_12.json,420,31,26,13.548387096774194,26,1.9230769230769231,8,0.02,0.16,0.037590128378063435,0.8953135646685165,13.297872340425531
same_ren,50,13,50,30,True,/users/delfos/aina/secoem-VSS/scentree-gen-remote/same_ren_scentree/scenariotree_50/results_13.json,443,31,24,14.290322580645162,24,2.0833333333333335,8,0.02,0.16,0.03601697130829052,0.9091388291404231,13.736263736263735
same_ren,50,14,50,30,True,/users/delfos/aina/secoem-VSS/scentree-gen-remote/same_ren_scentree/scenariotree_50/results_14.json,417,31,26,13.451612903225806,26,1.9230769230769231,11,0.02,0.22,0.04365003372034187,0.879191305791773,11.363636363636365
same_ren,50,15,50,30,True,/users/delfos/aina/secoem-VSS/scentree-gen-remote/same_ren_scentree/scenariotree_50/results_15.json,408,31,32,13.161290322580646,32,1.5625,6,0.02,0.12,0.02117634293262177,0.9517125879289833,21.929824561403507
same_ren,50,16,50,30,True,/users/delfos/aina/secoem-VSS/scentree-gen-remote/same_ren_scentree/scenariotree_50/results_16.json,533,31,32,17.193548387096776,32,1.5625,8,0.02,0.16,0.02735758578529911,0.9307321379376372,18.115942028985504
same_ren,50,17,50,30,True,/users/delfos/aina/secoem-VSS/scentree-gen-remote/same_ren_scentree/scenariotree_50/results_17.json,407,31,31,13.129032258064516,31,1.6129032258064515,8,0.02,0.16,0.03076546843242933,0.9162879882817488,16.233766233766232
same_ren,50,18,50,30,True,/users/delfos/aina/secoem-VSS/scentree-gen-remote/same_ren_scentree/scenariotree_50/results_18.json,488,31,29,15.741935483870968,29,1.7241379310344827,6,0.02,0.12,0.025132230563156686,0.9383657416974327,18.939393939393945
same_ren,50,19,50,30,True,/users/delfos/aina/secoem-VSS/scentree-gen-remote/same_ren_scentree/scenariotree_50/results_19.json,413,31,29,13.32258064516129,29,1.7241379310344827,13,0.02,0.26,0.04635591000498223,0.8665223387640609,10.330578512396691
same_ren,50,2,50,30,True,/users/delfos/aina/secoem-VSS/scentree-gen-remote/same_ren_scentree/scenariotree_50/results_2.json,487,31,28,15.709677419354838,28,1.7857142857142858,9,0.02,0.18,0.03519624284215691,0.9056511098271262,14.204545454545457
same_ren,50,20,50,30,True,/users/delfos/aina/secoem-VSS/scentree-gen-remote/same_ren_scentree/scenariotree_50/results_20.json,547,31,33,17.64516129032258,33,1.5151515151515151,8,0.02,0.16,0.027022420375282366,0.9304706528928247,18.38235294117647
same_ren,50,21,50,30,True,/users/delfos/aina/secoem-VSS/scentree-gen-remote/same_ren_scentree/scenariotree_50/results_21.json,320,31,24,10.32258064516129,24,2.0833333333333335,17,0.02,0.34,0.06529846008053244,0.8161301240026098,6.944444444444444
same_ren,50,22,50,30,True,/users/delfos/aina/secoem-VSS/scentree-gen-remote/same_ren_scentree/scenariotree_50/results_22.json,392,31,27,12.64516129032258,27,1.8518518518518519,8,0.02,0.16,0.03639442517492814,0.8987109973833819,13.736263736263739
same_ren,50,23,50,30,True,/users/delfos/aina/secoem-VSS/scentree-gen-remote/same_ren_scentree/scenariotree_50/results_23.json,491,31,30,15.838709677419354,30,1.6666666666666667,7,0.02,0.14,0.03197221015541813,0.9110526133422361,15.625000000000004
same_ren,50,24,50,30,True,/users/delfos/aina/secoem-VSS/scentree-gen-remote/same_ren_scentree/scenariotree_50/results_24.json,431,31,27,13.903225806451612,27,1.8518518518518519,7,0.02,0.14,0.03252518281496319,0.9109244182318008,15.243902439024389
same_ren,50,25,50,30,True,/users/delfos/aina/secoem-VSS/scentree-gen-remote/same_ren_scentree/scenariotree_50/results_25.json,489,31,29,15.774193548387096,29,1.7241379310344827,8,0.02,0.16,0.03233298805443046,0.9136641218021806,15.4320987654321
same_ren,50,26,50,30,True,/users/delfos/aina/secoem-VSS/scentree-gen-remote/same_ren_scentree/scenariotree_50/results_26.json,412,31,30,13.290322580645162,30,1.6666666666666667,8,0.02,0.16,0.029814239699997195,0.9224518138242394,16.666666666666668
same_ren,50,27,50,30,True,/users/delfos/aina/secoem-VSS/scentree-gen-remote/same_ren_scentree/scenariotree_50/results_27.json,392,31,27,12.64516129032258,27,1.8518518518518519,8,0.02,0.16,0.033423745696825116,0.9115204762879033,14.88095238095238
same_ren,50,28,50,30,True,/users/delfos/aina/secoem-VSS/scentree-gen-remote/same_ren_scentree/scenariotree_50/results_28.json,426,31,29,13.741935483870968,29,1.7241379310344827,6,0.02,0.12,0.026728030862173936,0.9317389538361741,18.11594202898551
same_ren,50,29,50,30,True,/users/delfos/aina/secoem-VSS/scentree-gen-remote/same_ren_scentree/scenariotree_50/results_29.json,416,31,23,13.419354838709678,23,2.1739130434782608,17,0.02,0.34,0.06944554924557013,0.798954199999479,6.476683937823832
same_ren,50,3,50,30,True,/users/delfos/aina/secoem-VSS/scentree-gen-remote/same_ren_scentree/scenariotree_50/results_3.json,405,31,28,13.064516129032258,28,1.7857142857142858,8,0.02,0.16,0.03678398054166781,0.894178557833225,13.58695652173913
same_ren,50,30,50,30,True,/users/delfos/aina/secoem-VSS/scentree-gen-remote/same_ren_scentree/scenariotree_50/results_30.json,388,31,31,12.516129032258064,31,1.6129032258064515,5,0.02,0.1,0.0213586391706411,0.9489869972133402,21.55172413793104
same_ren,50,31,50,30,True,/users/delfos/aina/secoem-VSS/scentree-gen-remote/same_ren_scentree/scenariotree_50/results_31.json,530,31,33,17.096774193548388,33,1.5151515151515151,8,0.02,0.16,0.02467790675333616,0.9443861992251692,19.841269841269842
same_ren,50,4,50,30,True,/users/delfos/aina/secoem-VSS/scentree-gen-remote/same_ren_scentree/scenariotree_50/results_4.json,489,31,28,15.774193548387096,28,1.7857142857142858,7,0.02,0.14,0.034374884044331325,0.9018135379558657,14.534883720930235
same_ren,50,5,50,30,True,/users/delfos/aina/secoem-VSS/scentree-gen-remote/same_ren_scentree/scenariotree_50/results_5.json,389,31,26,12.548387096774194,26,1.9230769230769231,8,0.02,0.16,0.03370600353877945,0.9155452356920261,14.705882352941176
same_ren,50,6,50,30,True,/users/delfos/aina/secoem-VSS/scentree-gen-remote/same_ren_scentree/scenariotree_50/results_6.json,421,31,29,13.580645161290322,29,1.7241379310344827,8,0.02,0.16,0.032756805757345984,0.9097340181507225,15.243902439024392
same_ren,50,7,50,30,True,/users/delfos/aina/secoem-VSS/scentree-gen-remote/same_ren_scentree/scenariotree_50/results_7.json,415,31,25,13.387096774193548,25,2.0,17,0.02,0.34,0.06248199740725324,0.8320505988473581,7.267441860465115
same_ren,50,8,50,30,True,/users/delfos/aina/secoem-VSS/scentree-gen-remote/same_ren_scentree/scenariotree_50/results_8.json,381,31,23,12.290322580645162,23,2.1739130434782608,17,0.02,0.34,0.06689438110231966,0.8116901127568104,6.830601092896173
same_ren,50,9,50,30,True,/users/delfos/aina/secoem-VSS/scentree-gen-remote/same_ren_scentree/scenariotree_50/results_9.json,395,31,30,12.741935483870968,30,1.6666666666666667,5,0.02,0.1,0.02086996778999804,0.9519821746776914,21.55172413793104
same_ren,500,1,500,30,True,/users/delfos/aina/secoem-VSS/scentree-gen-remote/same_ren_scentree/scenariotree_500/results_1.json,3381,31,150,109.06451612903226,150,3.3333333333333335,56,0.002,0.112,0.01320740533017578,0.8325087498982979,30.458089668615983
same_ren,500,10,500,30,True,/users/delfos/aina/secoem-VSS/scentree-gen-remote/same_ren_scentree/scenariotree_500/results_10.json,3249,31,133,104.80645161290323,133,3.7593984962406015,58,0.002,0.116,0.013780558116833277,0.8382346531733141,30.510129362948494
same_ren,500,11,500,30,True,/users/delfos/aina/secoem-VSS/scentree-gen-remote/same_ren_scentree/scenariotree_500/results_11.json,3136,31,144,101.16129032258064,144,3.4722222222222223,50,0.002,0.1,0.013082949982588542,0.8350947972774013,31.65358318561661
same_ren,500,12,500,30,True,/users/delfos/aina/secoem-VSS/scentree-gen-remote/same_ren_scentree/scenariotree_500/results_12.json,2962,31,131,95.54838709677419,131,3.816793893129771,50,0.002,0.1,0.011677084041315386,0.8721893673347391,39.22183871979918
same_ren,500,13,500,30,True,/users/delfos/aina/secoem-VSS/scentree-gen-remote/same_ren_scentree/scenariotree_500/results_13.json,3373,31,155,108.80645161290323,155,3.225806451612903,38,0.002,0.076,0.010317660117573606,0.8598827002797889,43.5691878703381
same_ren,500,14,500,30,True,/users/delfos/aina/secoem-VSS/scentree-gen-remote/same_ren_scentree/scenariotree_500/results_14.json,3392,31,146,109.41935483870968,146,3.4246575342465753,68,0.002,0.136,0.014527886488826884,0.8275448374937661,26.550552251486824
same_ren,500,15,500,30,True,/users/delfos/aina/secoem-VSS/scentree-gen-remote/same_ren_scentree/scenariotree_500/results_15.json,2803,31,118,90.41935483870968,118,4.237288135593221,58,0.002,0.116,0.013977410264487834,0.8443803186362294,31.71783811215429
same_ren,500,16,500,30,True,/users/delfos/aina/secoem-VSS/scentree-gen-remote/same_ren_scentree/scenariotree_500/results_16.json,3345,31,149,107.90322580645162,149,3.3557046979865772,92,0.002,0.184,0.016678682814590316,0.8170263824897464,20.76411960132891
same_ren,500,17,500,30,True,/users/delfos/aina/secoem-VSS/scentree-gen-remote/same_ren_scentree/scenariotree_500/results_17.json,3546,31,142,114.38709677419355,142,3.5211267605633805,52,0.002,0.104,0.013692227279715636,0.8249797249574875,29.705323193916357
same_ren,500,18,500,30,True,/users/delfos/aina/secoem-VSS/scentree-gen-remote/same_ren_scentree/scenariotree_500/results_18.json,2928,31,163,94.45161290322581,163,3.067484662576687,35,0.002,0.07,0.009415113380537922,0.8752641684979195,48.581422464049744
same_ren,500,19,500,30,True,/users/delfos/aina/secoem-VSS/scentree-gen-remote/same_ren_scentree/scenariotree_500/results_19.json,3524,31,174,113.6774193548387,174,2.8735632183908044,68,0.002,0.136,0.011949335951159335,0.8471833627363078,32.688284518828446
same_ren,500,2,500,30,True,/users/delfos/aina/secoem-VSS/scentree-gen-remote/same_ren_scentree/scenariotree_500/results_2.json,3397,31,155,109.58064516129032,155,3.225806451612903,32,0.002,0.064,0.010679007775817121,0.8551930801298042,41.445623342175075
same_ren,500,20,500,30,True,/users/delfos/aina/secoem-VSS/scentree-gen-remote/same_ren_scentree/scenariotree_500/results_20.json,3458,31,147,111.54838709677419,147,3.401360544217687,58,0.002,0.116,0.012536010418850491,0.8445911852573164,33.44034242910647
same_ren,500,21,500,30,True,/users/delfos/aina/secoem-VSS/scentree-gen-remote/same_ren_scentree/scenariotree_500/results_21.json,3216,31,146,103.74193548387096,146,3.4246575342465753,44,0.002,0.088,0.012361751918307249,0.8408307070978819,34.29355281207133
same_ren,500,22,500,30,True,/users/delfos/aina/secoem-VSS/scentree-gen-remote/same_ren_scentree/scenariotree_500/results_22.json,2967,31,135,95.70967741935483,135,3.7037037037037037,58,0.002,0.116,0.011848610667919897,0.8762915986936011,37.93626707132018
same_ren,500,23,500,30,True,/users/delfos/aina/secoem-VSS/scentree-gen-remote/same_ren_scentree/scenariotree_500/results_23.json,3349,31,172,108.03225806451613,172,2.9069767441860463,39,0.002,0.078,0.008697114768712797,0.8817769061968218,53.12367190820229
same_ren,500,24,500,30,True,/users/delfos/aina/secoem-VSS/scentree-gen-remote/same_ren_scentree/scenariotree_500/results_24.json,3596,31,169,116.0,169,2.9585798816568047,68,0.002,0.136,0.013024065171437841,0.8310760899680137,28.915105250983103
same_ren,500,25,500,30,True,/users/delfos/aina/secoem-VSS/scentree-gen-remote/same_ren_scentree/scenariotree_500/results_25.json,3276,31,155,105.6774193548387,155,3.225806451612903,65,0.002,0.13,0.014310020648025995,0.8148198067766476,26.183493925429403
same_ren,500,26,500,30,True,/users/delfos/aina/secoem-VSS/scentree-gen-remote/same_ren_scentree/scenariotree_500/results_26.json,3744,31,167,120.7741935483871,167,2.9940119760479043,92,0.002,0.184,0.01650040392318227,0.8094492071327568,19.434079601990057
same_ren,500,27,500,30,True,/users/delfos/aina/secoem-VSS/scentree-gen-remote/same_ren_scentree/scenariotree_500/results_27.json,3507,31,155,113.12903225806451,155,3.225806451612903,51,0.002,0.102,0.013142491317999964,0.8276371377051989,30.09872381411028
same_ren,500,28,500,30,True,/users/delfos/aina/secoem-VSS/scentree-gen-remote/same_ren_scentree/scenariotree_500/results_28.json,3193,31,159,103.0,159,3.1446540880503147,46,0.002,0.092,0.011544470163038193,0.8428067557559438,36.3901018922853
same_ren,500,29,500,30,True,/users/delfos/aina/secoem-VSS/scentree-gen-remote/same_ren_scentree/scenariotree_500/results_29.json,2998,31,146,96.70967741935483,146,3.4246575342465753,36,0.002,0.072,0.010184155344397199,0.8716227963740618,45.47108039287014
same_ren,500,3,500,30,True,/users/delfos/aina/secoem-VSS/scentree-gen-remote/same_ren_scentree/scenariotree_500/results_3.json,2946,31,141,95.03225806451613,141,3.5460992907801416,46,0.002,0.092,0.01288789674075183,0.8464004658484956,32.77399056109071
same_ren,500,30,500,30,True,/users/delfos/aina/secoem-VSS/scentree-gen-remote/same_ren_scentree/scenariotree_500/results_30.json,3377,31,147,108.93548387096774,147,3.401360544217687,65,0.002,0.13,0.013481476057068469,0.8369922524799361,29.832935560859188
same_ren,500,31,500,30,True,/users/delfos/aina/secoem-VSS/scentree-gen-remote/same_ren_scentree/scenariotree_500/results_31.json,3608,31,152,116.38709677419355,152,3.289473684210526,49,0.002,0.098,0.012110525172121906,0.8483365732929644,34.63563313937379
same_ren,500,4,500,30,True,/users/delfos/aina/secoem-VSS/scentree-gen-remote/same_ren_scentree/scenariotree_500/results_4.json,3493,31,154,112.6774193548387,154,3.2467532467532467,92,0.002,0.184,0.01647715725121074,0.8095547526378266,20.702219277906586
same_ren,500,5,500,30,True,/users/delfos/aina/secoem-VSS/scentree-gen-remote/same_ren_scentree/scenariotree_500/results_5.json,3257,31,141,105.06451612903226,141,3.5460992907801416,43,0.002,0.086,0.011687357969232863,0.8606673395838081,37.947783849423196
same_ren,500,6,500,30,True,/users/delfos/aina/secoem-VSS/scentree-gen-remote/same_ren_scentree/scenariotree_500/results_6.json,3366,31,166,108.58064516129032,166,3.0120481927710845,68,0.002,0.136,0.013290068675078403,0.8320389040538009,28.293345405160707
same_ren,500,7,500,30,True,/users/delfos/aina/secoem-VSS/scentree-gen-remote/same_ren_scentree/scenariotree_500/results_7.json,3196,31,166,103.09677419354838,166,3.0120481927710845,92,0.002,0.184,0.016920776352645647,0.7935899872562191,18.67343890050792
same_ren,500,8,500,30,True,/users/delfos/aina/secoem-VSS/scentree-gen-remote/same_ren_scentree/scenariotree_500/results_8.json,2984,31,137,96.25806451612904,137,3.6496350364963503,40,0.002,0.08,0.010846214290281667,0.8696298662263755,42.70584215920737
same_ren,500,9,500,30,True,/users/delfos/aina/secoem-VSS/scentree-gen-remote/same_ren_scentree/scenariotree_500/results_9.json,3310,31,154,106.7741935483871,154,3.2467532467532467,44,0.002,0.088,0.011252270624101154,0.8566200947415286,38.473376423514935
same_ren,510,1,510,30,True,/users/delfos/aina/secoem-VSS/scentree-gen-remote/same_ren_scentree/scenariotree_510/results_1.json,3508,31,161,113.16129032258064,161,3.1677018633540373,48,0.00196078431372549,0.09411764705882353,0.012010257684258426,0.8414043549679033,33.97335423197492
same_ren,510,10,510,30,True,/users/delfos/aina/secoem-VSS/scentree-gen-remote/same_ren_scentree/scenariotree_510/results_10.json,4213,31,174,135.90322580645162,174,2.9310344827586206,69,0.00196078431372549,0.13529411764705881,0.01293753270783416,0.8321336492966871,28.67695700110254
same_ren,510,11,510,30,True,/users/delfos/aina/secoem-VSS/scentree-gen-remote/same_ren_scentree/scenariotree_510/results_11.json,3741,31,171,120.6774193548387,171,2.982456140350877,42,0.00196078431372549,0.08235294117647059,0.011064418949510995,0.8461789917836029,37.33850129198967
same_ren,510,12,510,30,True,/users/delfos/aina/secoem-VSS/scentree-gen-remote/same_ren_scentree/scenariotree_510/results_12.json,2910,31,149,93.87096774193549,149,3.422818791946309,57,0.00196078431372549,0.11176470588235295,0.012443009444649156,0.8420151673574806,33.578621223857475
same_ren,510,13,510,30,True,/users/delfos/aina/secoem-VSS/scentree-gen-remote/same_ren_scentree/scenariotree_510/results_13.json,3648,31,164,117.6774193548387,164,3.1097560975609757,59,0.00196078431372549,0.11568627450980393,0.011148816322673116,0.8628446335828743,37.76132404181186
same_ren,510,14,510,30,True,/users/delfos/aina/secoem-VSS/scentree-gen-remote/same_ren_scentree/scenariotree_510/results_14.json,3335,31,171,107.58064516129032,171,2.982456140350877,88,0.00196078431372549,0.17254901960784313,0.014575500734549633,0.8218075418917304,23.71011850501367
same_ren,510,15,510,30,True,/users/delfos/aina/secoem-VSS/scentree-gen-remote/same_ren_scentree/scenariotree_510/results_15.json,3370,31,156,108.70967741935483,156,3.269230769230769,44,0.00196078431372549,0.08627450980392157,0.012024421192192715,0.8410797298475579,34.52349349615079
same_ren,510,16,510,30,True,/users/delfos/aina/secoem-VSS/scentree-gen-remote/same_ren_scentree/scenariotree_510/results_16.json,2793,31,154,90.09677419354838,154,3.311688311688312,30,0.00196078431372549,0.058823529411764705,0.009994379903670686,0.867068340664011,45.71177504393673
same_ren,510,17,510,30,True,/users/delfos/aina/secoem-VSS/scentree-gen-remote/same_ren_scentree/scenariotree_510/results_17.json,3247,31,176,104.74193548387096,176,2.897727272727273,69,0.00196078431372549,0.13529411764705881,0.012279084065374755,0.841298964317412,31.038186157517913
same_ren,510,18,510,30,True,/users/delfos/aina/secoem-VSS/scentree-gen-remote/same_ren_scentree/scenariotree_510/results_18.json,3612,31,168,116.51612903225806,168,3.0357142857142856,44,0.00196078431372549,0.08627450980392157,0.011200469052686395,0.8454810285476109,36.99857752489332
same_ren,510,19,510,30,True,/users/delfos/aina/secoem-VSS/scentree-gen-remote/same_ren_scentree/scenariotree_510/results_19.json,3374,31,151,108.83870967741936,151,3.377483443708609,44,0.00196078431372549,0.08627450980392157,0.012197680660844519,0.8439316191094529,34.37747819191119
same_ren,510,2,510,30,True,/users/delfos/aina/secoem-VSS/scentree-gen-remote/same_ren_scentree/scenariotree_510/results_2.json,3349,31,135,108.03225806451613,135,3.7777777777777777,37,0.00196078431372549,0.07254901960784314,0.011462262691037827,0.8646336609521338,39.77064220183487
same_ren,510,20,510,30,True,/users/delfos/aina/secoem-VSS/scentree-gen-remote/same_ren_scentree/scenariotree_510/results_20.json,4015,31,163,129.51612903225808,163,3.128834355828221,69,0.00196078431372549,0.13529411764705881,0.014422093954247064,0.8097627094736602,24.975993854426736
same_ren,510,21,510,30,True,/users/delfos/aina/secoem-VSS/scentree-gen-remote/same_ren_scentree/scenariotree_510/results_21.json,3473,31,152,112.03225806451613,152,3.3552631578947367,88,0.00196078431372549,0.17254901960784313,0.016143065070999482,0.8049279926509957,21.649741967704344
same_ren,510,22,510,30,True,/users/delfos/aina/secoem-VSS/scentree-gen-remote/same_ren_scentree/scenariotree_510/results_22.json,3892,31,178,125.54838709677419,178,2.865168539325843,69,0.00196078431372549,0.13529411764705881,0.01359008847002831,0.8188043280765899,25.978825409508598
same_ren,510,23,510,30,True,/users/delfos/aina/secoem-VSS/scentree-gen-remote/same_ren_scentree/scenariotree_510/results_23.json,3527,31,156,113.7741935483871,156,3.269230769230769,44,0.00196078431372549,0.08627450980392157,0.010938263454579792,0.8544628339746639,39.88040478380865
same_ren,510,24,510,30,True,/users/delfos/aina/secoem-VSS/scentree-gen-remote/same_ren_scentree/scenariotree_510/results_24.json,4180,31,174,134.83870967741936,174,2.9310344827586206,45,0.00196078431372549,0.08823529411764706,0.011378194115675568,0.8369665795490056,35.368506935001356
same_ren,510,25,510,30,True,/users/delfos/aina/secoem-VSS/scentree-gen-remote/same_ren_scentree/scenariotree_510/results_25.json,3572,31,157,115.2258064516129,157,3.248407643312102,69,0.00196078431372549,0.13529411764705881,0.013618300877889523,0.8393777771399713,28.179848320693395
same_ren,510,26,510,30,True,/users/delfos/aina/secoem-VSS/scentree-gen-remote/same_ren_scentree/scenariotree_510/results_26.json,3249,31,156,104.80645161290323,156,3.269230769230769,69,0.00196078431372549,0.13529411764705881,0.013024069411139172,0.8396594018238878,30.421052631578956
same_ren,510,27,510,30,True,/users/delfos/aina/secoem-VSS/scentree-gen-remote/same_ren_scentree/scenariotree_510/results_27.json,3143,31,171,101.38709677419355,171,2.982456140350877,42,0.00196078431372549,0.08235294117647059,0.009190715532893067,0.8736097581612516,49.280030314513084
same_ren,510,28,510,30,True,/users/delfos/aina/secoem-VSS/scentree-gen-remote/same_ren_scentree/scenariotree_510/results_28.json,3250,31,161,104.83870967741936,161,3.1677018633540373,55,0.00196078431372549,0.10784313725490197,0.01342421409397613,0.8254606456679208,28.388998035363457
same_ren,510,29,510,30,True,/users/delfos/aina/secoem-VSS/scentree-gen-remote/same_ren_scentree/scenariotree_510/results_29.json,3220,31,147,103.87096774193549,147,3.4693877551020407,33,0.00196078431372549,0.06470588235294118,0.010175192597849384,0.8656016796582323,45.40851955307263
same_ren,510,3,510,30,True,/users/delfos/aina/secoem-VSS/scentree-gen-remote/same_ren_scentree/scenariotree_510/results_3.json,2921,31,146,94.2258064516129,146,3.493150684931507,32,0.00196078431372549,0.06274509803921569,0.009653005989424092,0.8760878825408898,48.89097744360903
same_ren,510,30,510,30,True,/users/delfos/aina/secoem-VSS/scentree-gen-remote/same_ren_scentree/scenariotree_510/results_30.json,3017,31,140,97.3225806451613,140,3.642857142857143,69,0.00196078431372549,0.13529411764705881,0.013783533590515347,0.8413069082899931,29.637648131267103
same_ren,510,31,510,30,True,/users/delfos/aina/secoem-VSS/scentree-gen-remote/same_ren_scentree/scenariotree_510/results_31.json,3578,31,154,115.41935483870968,154,3.311688311688312,51,0.00196078431372549,0.1,0.013435994402772355,0.8246033543418747,29.159192825112104
same_ren,510,4,510,30,True,/users/delfos/aina/secoem-VSS/scentree-gen-remote/same_ren_scentree/scenariotree_510/results_4.json,3578,31,165,115.41935483870968,165,3.090909090909091,44,0.00196078431372549,0.08627450980392157,0.010673973812668573,0.8578366583652015,40.22579647386329
same_ren,510,5,510,30,True,/users/delfos/aina/secoem-VSS/scentree-gen-remote/same_ren_scentree/scenariotree_510/results_5.json,3759,31,174,121.25806451612904,174,2.9310344827586206,96,0.00196078431372549,0.18823529411764706,0.01612605595234158,0.8034061329629694,19.609469240048256
same_ren,510,6,510,30,True,/users/delfos/aina/secoem-VSS/scentree-gen-remote/same_ren_scentree/scenariotree_510/results_6.json,3702,31,159,119.41935483870968,159,3.207547169811321,36,0.00196078431372549,0.07058823529411765,0.011059287656136823,0.8486527535756884,38.85569166417689
same_ren,510,7,510,30,True,/users/delfos/aina/secoem-VSS/scentree-gen-remote/same_ren_scentree/scenariotree_510/results_7.json,3225,31,149,104.03225806451613,149,3.422818791946309,30,0.00196078431372549,0.058823529411764705,0.010597397273214503,0.8544779920144266,42.65332896031486
same_ren,510,8,510,30,True,/users/delfos/aina/secoem-VSS/scentree-gen-remote/same_ren_scentree/scenariotree_510/results_8.json,3443,31,168,111.06451612903226,168,3.0357142857142856,67,0.00196078431372549,0.13137254901960785,0.013370582986089723,0.8319469885815604,27.788461538461537
same_ren,510,9,510,30,True,/users/delfos/aina/secoem-VSS/scentree-gen-remote/same_ren_scentree/scenariotree_510/results_9.json,3340,31,152,107.74193548387096,152,3.3552631578947367,65,0.00196078431372549,0.12745098039215685,0.013018827404619848,0.8431505247347023,30.920114122681895
same_ren,520,1,520,30,True,/users/delfos/aina/secoem-VSS/scentree-gen-remote/same_ren_scentree/scenariotree_520/results_1.json,3787,31,178,122.16129032258064,178,2.9213483146067416,90,0.0019230769230769232,0.17307692307692307,0.01619445013998645,0.7902355427463675,19.12035072832697
same_ren,520,10,520,30,True,/users/delfos/aina/secoem-VSS/scentree-gen-remote/same_ren_scentree/scenariotree_520/results_10.json,3401,31,161,109.70967741935483,161,3.229813664596273,44,0.0019230769230769232,0.08461538461538462,0.010747385117033954,0.8524108192923909,40.310077519379846
same_ren,520,11,520,30,True,/users/delfos/aina/secoem-VSS/scentree-gen-remote/same_ren_scentree/scenariotree_520/results_11.json,3368,31,162,108.64516129032258,162,3.2098765432098766,52,0.0019230769230769232,0.1,0.012364452633557574,0.8252812578214765,32.32130050203204
same_ren,520,12,520,30,True,/users/delfos/aina/secoem-VSS/scentree-gen-remote/same_ren_scentree/scenariotree_520/results_12.json,3061,31,137,98.74193548387096,137,3.795620437956204,69,0.0019230769230769232,0.1326923076923077,0.01412620484920269,0.8482031092814998,28.870382233610933
same_ren,520,13,520,30,True,/users/delfos/aina/secoem-VSS/scentree-gen-remote/same_ren_scentree/scenariotree_520/results_13.json,3358,31,165,108.3225806451613,165,3.1515151515151514,32,0.0019230769230769232,0.06153846153846154,0.00919867687735459,0.8751848761543508,49.94458810491319
same_ren,520,14,520,30,True,/users/delfos/aina/secoem-VSS/scentree-gen-remote/same_ren_scentree/scenariotree_520/results_14.json,3580,31,172,115.48387096774194,172,3.0232558139534884,69,0.0019230769230769232,0.1326923076923077,0.011556994449186972,0.8615388739574352,34.73792394655704
same_ren,520,15,520,30,True,/users/delfos/aina/secoem-VSS/scentree-gen-remote/same_ren_scentree/scenariotree_520/results_15.json,2703,31,142,87.19354838709677,142,3.6619718309859155,90,0.0019230769230769232,0.17307692307692307,0.015438501451435884,0.8421272659615787,24.45730824891462
same_ren,520,16,520,30,True,/users/delfos/aina/secoem-VSS/scentree-gen-remote/same_ren_scentree/scenariotree_520/results_16.json,3733,31,168,120.41935483870968,168,3.0952380952380953,61,0.0019230769230769232,0.11730769230769231,0.01287517780634228,0.8239529874974849,29.584245076586434
same_ren,520,17,520,30,True,/users/delfos/aina/secoem-VSS/scentree-gen-remote/same_ren_scentree/scenariotree_520/results_17.json,3248,31,169,104.7741935483871,169,3.076923076923077,71,0.0019230769230769232,0.13653846153846153,0.012477001706484935,0.8412429260083957,31.030525591002988
same_ren,520,18,520,30,True,/users/delfos/aina/secoem-VSS/scentree-gen-remote/same_ren_scentree/scenariotree_520/results_18.json,3736,31,168,120.51612903225806,168,3.0952380952380953,69,0.0019230769230769232,0.1326923076923077,0.012832363047645368,0.8374377770386185,29.746974697469746
same_ren,520,19,520,30,True,/users/delfos/aina/secoem-VSS/scentree-gen-remote/same_ren_scentree/scenariotree_520/results_19.json,3143,31,149,101.38709677419355,149,3.48993288590604,33,0.0019230769230769232,0.06346153846153846,0.010175033455916466,0.8628813508233918,45.17206815903776
same_ren,520,2,520,30,True,/users/delfos/aina/secoem-VSS/scentree-gen-remote/same_ren_scentree/scenariotree_520/results_2.json,4343,31,183,140.09677419354838,183,2.841530054644809,52,0.0019230769230769232,0.1,0.011237136989470636,0.834064519154305,34.99870566916904
same_ren,520,20,520,30,True,/users/delfos/aina/secoem-VSS/scentree-gen-remote/same_ren_scentree/scenariotree_520/results_20.json,3249,31,168,104.80645161290323,168,3.0952380952380953,44,0.0019230769230769232,0.08461538461538462,0.009567734715464451,0.8714654597380801,46.87933425797503
same_ren,520,21,520,30,True,/users/delfos/aina/secoem-VSS/scentree-gen-remote/same_ren_scentree/scenariotree_520/results_21.json,2792,31,127,90.06451612903226,127,4.094488188976378,28,0.0019230769230769232,0.05384615384615385,0.009907533496641786,0.8819800360662223,49.163636363636364
same_ren,520,22,520,30,True,/users/delfos/aina/secoem-VSS/scentree-gen-remote/same_ren_scentree/scenariotree_520/results_22.json,3472,31,168,112.0,168,3.0952380952380953,69,0.0019230769230769232,0.1326923076923077,0.013402930528067175,0.8207057240426959,27.676560900716478
same_ren,520,23,520,30,True,/users/delfos/aina/secoem-VSS/scentree-gen-remote/same_ren_scentree/scenariotree_520/results_23.json,3549,31,169,114.48387096774194,169,3.076923076923077,98,0.0019230769230769232,0.18846153846153846,0.016120867131154175,0.8085410407378345,20.065301276343128
same_ren,520,24,520,30,True,/users/delfos/aina/secoem-VSS/scentree-gen-remote/same_ren_scentree/scenariotree_520/results_24.json,3350,31,153,108.06451612903226,153,3.3986928104575163,42,0.0019230769230769232,0.08076923076923077,0.010076523613606288,0.8716828367268228,45.3083109919571
same_ren,520,25,520,30,True,/users/delfos/aina/secoem-VSS/scentree-gen-remote/same_ren_scentree/scenariotree_520/results_25.json,3134,31,163,101.09677419354838,163,3.1901840490797544,90,0.0019230769230769232,0.17307692307692307,0.014448502282612585,0.8407415801081121,24.89871086556169
same_ren,520,26,520,30,True,/users/delfos/aina/secoem-VSS/scentree-gen-remote/same_ren_scentree/scenariotree_520/results_26.json,3509,31,173,113.19354838709677,173,3.005780346820809,49,0.0019230769230769232,0.09423076923076923,0.010737139168120515,0.8571941226497108,38.872915468660146
same_ren,520,27,520,30,True,/users/delfos/aina/secoem-VSS/scentree-gen-remote/same_ren_scentree/scenariotree_520/results_27.json,3836,31,165,123.74193548387096,165,3.1515151515151514,69,0.0019230769230769232,0.1326923076923077,0.012685076100142259,0.8414521401239662,30.66454978453164
same_ren,520,28,520,30,True,/users/delfos/aina/secoem-VSS/scentree-gen-remote/same_ren_scentree/scenariotree_520/results_28.json,3570,31,165,115.16129032258064,165,3.1515151515151514,38,0.0019230769230769232,0.07307692307692308,0.010562038818533877,0.852824196434882,40.87061668681982
same_ren,520,29,520,30,True,/users/delfos/aina/secoem-VSS/scentree-gen-remote/same_ren_scentree/scenariotree_520/results_29.json,3662,31,158,118.12903225806451,158,3.2911392405063293,30,0.0019230769230769232,0.057692307692307696,0.009220985863097733,0.8761491694722223,50.59880239520957
same_ren,520,3,520,30,True,/users/delfos/aina/secoem-VSS/scentree-gen-remote/same_ren_scentree/scenariotree_520/results_3.json,3411,31,167,110.03225806451613,167,3.1137724550898205,52,0.0019230769230769232,0.1,0.012304559642916425,0.8227849675975105,31.97729422894986
same_ren,520,30,520,30,True,/users/delfos/aina/secoem-VSS/scentree-gen-remote/same_ren_scentree/scenariotree_520/results_30.json,3319,31,148,107.06451612903226,148,3.5135135135135136,69,0.0019230769230769232,0.1326923076923077,0.01417314019301712,0.8238681565643708,27.40725724711129
same_ren,520,31,520,30,True,/users/delfos/aina/secoem-VSS/scentree-gen-remote/same_ren_scentree/scenariotree_520/results_31.json,3604,31,172,116.25806451612904,172,3.0232558139534884,43,0.0019230769230769232,0.08269230769230769,0.009704314801289493,0.8614032199093122,45.43010752688172
same_ren,520,4,520,30,True,/users/delfos/aina/secoem-VSS/scentree-gen-remote/same_ren_scentree/scenariotree_520/results_4.json,3275,31,159,105.64516129032258,159,3.270440251572327,45,0.0019230769230769232,0.08653846153846154,0.010845772840925222,0.8543696834275568,40.011837821840786
same_ren,520,5,520,30,True,/users/delfos/aina/secoem-VSS/scentree-gen-remote/same_ren_scentree/scenariotree_520/results_5.json,3683,31,164,118.80645161290323,164,3.1707317073170733,36,0.0019230769230769232,0.06923076923076923,0.01170265014078335,0.8305269322680915,35.01683501683502
same_ren,520,6,520,30,True,/users/delfos/aina/secoem-VSS/scentree-gen-remote/same_ren_scentree/scenariotree_520/results_6.json,3578,31,176,115.41935483870968,176,2.9545454545454546,90,0.0019230769230769232,0.17307692307692307,0.01687221449852418,0.7886098281398116,17.9262795014585
same_ren,520,7,520,30,True,/users/delfos/aina/secoem-VSS/scentree-gen-remote/same_ren_scentree/scenariotree_520/results_7.json,3274,31,171,105.61290322580645,171,3.0409356725146197,55,0.0019230769230769232,0.10576923076923077,0.013200110292797704,0.8223350945369311,28.05561319775887
same_ren,520,8,520,30,True,/users/delfos/aina/secoem-VSS/scentree-gen-remote/same_ren_scentree/scenariotree_520/results_8.json,3395,31,151,109.51612903225806,151,3.443708609271523,61,0.0019230769230769232,0.11730769230769231,0.01294234896770534,0.8374413874811784,31.332560834298956
same_ren,520,9,520,30,True,/users/delfos/aina/secoem-VSS/scentree-gen-remote/same_ren_scentree/scenariotree_520/results_9.json,3413,31,154,110.09677419354838,154,3.3766233766233764,50,0.0019230769230769232,0.09615384615384616,0.010187943013196378,0.8756991586798827,44.48831852583086
same_ren,530,1,530,30,True,/users/delfos/aina/secoem-VSS/scentree-gen-remote/same_ren_scentree/scenariotree_530/results_1.json,3728,31,178,120.25806451612904,178,2.9775280898876404,46,0.0018867924528301887,0.08679245283018867,0.010579118799605793,0.8527161756731066,39.155282966267066
same_ren,530,10,530,30,True,/users/delfos/aina/secoem-VSS/scentree-gen-remote/same_ren_scentree/scenariotree_530/results_10.json,3361,31,180,108.41935483870968,180,2.9444444444444446,70,0.0018867924528301887,0.1320754716981132,0.012405606128524796,0.8298683593967177,30.068507814172552
same_ren,530,11,530,30,True,/users/delfos/aina/secoem-VSS/scentree-gen-remote/same_ren_scentree/scenariotree_530/results_11.json,3978,31,175,128.32258064516128,175,3.0285714285714285,42,0.0018867924528301887,0.07924528301886792,0.010827396301133255,0.8432803166337121,38.1243213897937
same_ren,530,12,530,30,True,/users/delfos/aina/secoem-VSS/scentree-gen-remote/same_ren_scentree/scenariotree_530/results_12.json,3741,31,166,120.6774193548387,166,3.1927710843373496,55,0.0018867924528301887,0.10377358490566038,0.012074114180220284,0.837841543003639,33.08598351001177
same_ren,530,13,530,30,True,/users/delfos/aina/secoem-VSS/scentree-gen-remote/same_ren_scentree/scenariotree_530/results_13.json,3386,31,165,109.2258064516129,165,3.212121212121212,69,0.0018867924528301887,0.13018867924528302,0.015847134135340626,0.7922962417139925,21.053815020236843
same_ren,530,14,530,30,True,/users/delfos/aina/secoem-VSS/scentree-gen-remote/same_ren_scentree/scenariotree_530/results_14.json,3081,31,158,99.38709677419355,158,3.3544303797468356,70,0.0018867924528301887,0.1320754716981132,0.014794423006387364,0.8146265409596551,24.443090845805777
same_ren,530,15,530,30,True,/users/delfos/aina/secoem-VSS/scentree-gen-remote/same_ren_scentree/scenariotree_530/results_15.json,3030,31,145,97.74193548387096,145,3.6551724137931036,49,0.0018867924528301887,0.09245283018867924,0.012701291577665386,0.8338928231206456,33.01598495533616
same_ren,530,16,530,30,True,/users/delfos/aina/secoem-VSS/scentree-gen-remote/same_ren_scentree/scenariotree_530/results_16.json,3552,31,181,114.58064516129032,181,2.9281767955801103,99,0.0018867924528301887,0.18679245283018867,0.014998960027426815,0.8159617918089799,21.62432640492687
same_ren,530,17,530,30,True,/users/delfos/aina/secoem-VSS/scentree-gen-remote/same_ren_scentree/scenariotree_530/results_17.json,3341,31,155,107.7741935483871,155,3.4193548387096775,32,0.0018867924528301887,0.06037735849056604,0.00946645886367628,0.871465844795451,49.159957997899895
same_ren,530,18,530,30,True,/users/delfos/aina/secoem-VSS/scentree-gen-remote/same_ren_scentree/scenariotree_530/results_18.json,3701,31,177,119.38709677419355,177,2.994350282485876,70,0.0018867924528301887,0.1320754716981132,0.01224835136406431,0.8417408680809999,31.052398850320586
same_ren,530,19,530,30,True,/users/delfos/aina/secoem-VSS/scentree-gen-remote/same_ren_scentree/scenariotree_530/results_19.json,3403,31,173,109.7741935483871,173,3.0635838150289016,49,0.0018867924528301887,0.09245283018867924,0.011024498717824063,0.8455645693662702,37.30411686586985
same_ren,530,2,530,30,True,/users/delfos/aina/secoem-VSS/scentree-gen-remote/same_ren_scentree/scenariotree_530/results_2.json,3739,31,171,120.61290322580645,171,3.0994152046783627,99,0.0018867924528301887,0.18679245283018867,0.015288466683787473,0.8213840099198279,21.825951825951822
same_ren,530,20,530,30,True,/users/delfos/aina/secoem-VSS/scentree-gen-remote/same_ren_scentree/scenariotree_530/results_20.json,3176,31,156,102.45161290322581,156,3.3974358974358974,39,0.0018867924528301887,0.07358490566037736,0.010942894670077792,0.8477936279448947,39.85527809307605
same_ren,530,21,530,30,True,/users/delfos/aina/secoem-VSS/scentree-gen-remote/same_ren_scentree/scenariotree_530/results_21.json,3778,31,177,121.87096774193549,177,2.994350282485876,55,0.0018867924528301887,0.10377358490566038,0.012731451585610818,0.8275681920938145,29.12087912087912
same_ren,530,22,530,30,True,/users/delfos/aina/secoem-VSS/scentree-gen-remote/same_ren_scentree/scenariotree_530/results_22.json,3544,31,173,114.3225806451613,173,3.0635838150289016,99,0.0018867924528301887,0.18679245283018867,0.01579144743535027,0.8046597457107355,20.440983845146267
same_ren,530,23,530,30,True,/users/delfos/aina/secoem-VSS/scentree-gen-remote/same_ren_scentree/scenariotree_530/results_23.json,3453,31,177,111.38709677419355,177,2.994350282485876,77,0.0018867924528301887,0.14528301886792452,0.012821182927530346,0.8346198731810806,28.780737704918035
same_ren,530,24,530,30,True,/users/delfos/aina/secoem-VSS/scentree-gen-remote/same_ren_scentree/scenariotree_530/results_24.json,3556,31,156,114.70967741935483,156,3.3974358974358974,49,0.0018867924528301887,0.09245283018867924,0.010810715547387452,0.8544371487030278,40.58075700664548
same_ren,530,25,530,30,True,/users/delfos/aina/secoem-VSS/scentree-gen-remote/same_ren_scentree/scenariotree_530/results_25.json,3538,31,159,114.12903225806451,159,3.3333333333333335,70,0.0018867924528301887,0.1320754716981132,0.013726544736202348,0.8267711757227467,27.587900216067567
same_ren,530,26,530,30,True,/users/delfos/aina/secoem-VSS/scentree-gen-remote/same_ren_scentree/scenariotree_530/results_26.json,3317,31,167,107.0,167,3.1736526946107784,47,0.0018867924528301887,0.08867924528301886,0.011197654891614887,0.842991365480012,37.13643574828133
same_ren,530,27,530,30,True,/users/delfos/aina/secoem-VSS/scentree-gen-remote/same_ren_scentree/scenariotree_530/results_27.json,4150,31,172,133.8709677419355,172,3.0813953488372094,69,0.0018867924528301887,0.13018867924528302,0.011716835632288371,0.8523944838652948,33.98257924026131
same_ren,530,28,530,30,True,/users/delfos/aina/secoem-VSS/scentree-gen-remote/same_ren_scentree/scenariotree_530/results_28.json,3586,31,162,115.6774193548387,162,3.271604938271605,99,0.0018867924528301887,0.18679245283018867,0.018898210832783053,0.7730406036943246,15.617702657622596
same_ren,530,29,530,30,True,/users/delfos/aina/secoem-VSS/scentree-gen-remote/same_ren_scentree/scenariotree_530/results_29.json,3097,31,161,99.90322580645162,161,3.2919254658385095,68,0.0018867924528301887,0.12830188679245283,0.01291148260490648,0.8408564030698628,30.256355019388195
same_ren,530,3,530,30,True,/users/delfos/aina/secoem-VSS/scentree-gen-remote/same_ren_scentree/scenariotree_530/results_3.json,3653,31,155,117.83870967741936,155,3.4193548387096775,43,0.0018867924528301887,0.08113207547169811,0.011090933532034894,0.8567870497635733,39.188058035714285
same_ren,530,30,530,30,True,/users/delfos/aina/secoem-VSS/scentree-gen-remote/same_ren_scentree/scenariotree_530/results_30.json,3061,31,141,98.74193548387096,141,3.7588652482269502,37,0.0018867924528301887,0.06981132075471698,0.010663608465332595,0.8642470663133471,43.24199507389162
same_ren,530,31,530,30,True,/users/delfos/aina/secoem-VSS/scentree-gen-remote/same_ren_scentree/scenariotree_530/results_31.json,3755,31,166,121.12903225806451,166,3.1927710843373496,37,0.0018867924528301887,0.06981132075471698,0.009645092936650966,0.8635323219847861,46.58374792703151
same_ren,530,4,530,30,True,/users/delfos/aina/secoem-VSS/scentree-gen-remote/same_ren_scentree/scenariotree_530/results_4.json,3974,31,178,128.19354838709677,178,2.9775280898876404,52,0.0018867924528301887,0.09811320754716982,0.012683751761090096,0.8163849671195177,29.193514861775093
same_ren,530,5,530,30,True,/users/delfos/aina/secoem-VSS/scentree-gen-remote/same_ren_scentree/scenariotree_530/results_5.json,3688,31,171,118.96774193548387,171,3.0994152046783627,46,0.0018867924528301887,0.08679245283018867,0.010465814154313347,0.8527403983846009,40.686558516801846
same_ren,530,6,530,30,True,/users/delfos/aina/secoem-VSS/scentree-gen-remote/same_ren_scentree/scenariotree_530/results_6.json,3900,31,159,125.80645161290323,159,3.3333333333333335,69,0.0018867924528301887,0.13018867924528302,0.013667697734861655,0.828482466972312,27.784371909000992
same_ren,530,7,530,30,True,/users/delfos/aina/secoem-VSS/scentree-gen-remote/same_ren_scentree/scenariotree_530/results_7.json,4411,31,191,142.29032258064515,191,2.774869109947644,99,0.0018867924528301887,0.18679245283018867,0.0157193761416312,0.7968419925340106,19.072514937533953
same_ren,530,8,530,30,True,/users/delfos/aina/secoem-VSS/scentree-gen-remote/same_ren_scentree/scenariotree_530/results_8.json,3115,31,139,100.48387096774194,139,3.8129496402877696,56,0.0018867924528301887,0.10566037735849057,0.01276592699900372,0.8409481369350823,33.50429389312976
same_ren,530,9,530,30,True,/users/delfos/aina/secoem-VSS/scentree-gen-remote/same_ren_scentree/scenariotree_530/results_9.json,3905,31,168,125.96774193548387,168,3.1547619047619047,77,0.0018867924528301887,0.14528301886792452,0.014681558400992317,0.8086468357227022,23.716649780479568
same_ren,540,1,540,30,True,/users/delfos/aina/secoem-VSS/scentree-gen-remote/same_ren_scentree/scenariotree_540/results_1.json,3515,31,150,113.38709677419355,150,3.6,55,0.001851851851851852,0.10185185185185185,0.013099806802835108,0.8425918627701978,30.857142857142872
same_ren,540,10,540,30,True,/users/delfos/aina/secoem-VSS/scentree-gen-remote/same_ren_scentree/scenariotree_540/results_10.json,3062,31,161,98.7741935483871,161,3.3540372670807455,30,0.001851851851851852,0.05555555555555555,0.010137569729062082,0.8539881667979583,43.94213381555153
same_ren,540,11,540,30,True,/users/delfos/aina/secoem-VSS/scentree-gen-remote/same_ren_scentree/scenariotree_540/results_11.json,3565,31,168,115.0,168,3.2142857142857144,65,0.001851851851851852,0.12037037037037036,0.011487138862533533,0.8564270187442213,35.5609756097561
same_ren,540,12,540,30,True,/users/delfos/aina/secoem-VSS/scentree-gen-remote/same_ren_scentree/scenariotree_540/results_12.json,3390,31,139,109.35483870967742,139,3.884892086330935,47,0.001851851851851852,0.08703703703703704,0.012261841687851386,0.8448776448045789,35.59570312499999
same_ren,540,13,540,30,True,/users/delfos/aina/secoem-VSS/scentree-gen-remote/same_ren_scentree/scenariotree_540/results_13.json,3828,31,171,123.48387096774194,171,3.1578947368421053,93,0.001851851851851852,0.17222222222222222,0.014420194264477403,0.8269936635436502,24.151068411462646
same_ren,540,14,540,30,True,/users/delfos/aina/secoem-VSS/scentree-gen-remote/same_ren_scentree/scenariotree_540/results_14.json,3491,31,157,112.61290322580645,157,3.4394904458598727,61,0.001851851851851852,0.11296296296296296,0.01079267200090066,0.8693965698380927,40.556328233657865
same_ren,540,15,540,30,True,/users/delfos/aina/secoem-VSS/scentree-gen-remote/same_ren_scentree/scenariotree_540/results_15.json,3596,31,162,116.0,162,3.3333333333333335,39,0.001851851851851852,0.07222222222222222,0.011264375056107815,0.8411116188421719,37.41339491916859
same_ren,540,16,540,30,True,/users/delfos/aina/secoem-VSS/scentree-gen-remote/same_ren_scentree/scenariotree_540/results_16.json,3753,31,180,121.06451612903226,180,3.0,93,0.001851851851851852,0.17222222222222222,0.014668776088070988,0.8076138587910844,22.580145578442004
same_ren,540,17,540,30,True,/users/delfos/aina/secoem-VSS/scentree-gen-remote/same_ren_scentree/scenariotree_540/results_17.json,2986,31,138,96.3225806451613,138,3.9130434782608696,56,0.001851851851851852,0.1037037037037037,0.01231103215562378,0.8488092288536183,35.50901120311739
same_ren,540,18,540,30,True,/users/delfos/aina/secoem-VSS/scentree-gen-remote/same_ren_scentree/scenariotree_540/results_18.json,3814,31,180,123.03225806451613,180,3.0,93,0.001851851851851852,0.17222222222222222,0.014441014681973103,0.8141691340860655,23.205475091516792
same_ren,540,19,540,30,True,/users/delfos/aina/secoem-VSS/scentree-gen-remote/same_ren_scentree/scenariotree_540/results_19.json,3011,31,145,97.12903225806451,145,3.7241379310344827,41,0.001851851851851852,0.07592592592592592,0.011628000061987945,0.8521277371160032,37.732919254658384
same_ren,540,2,540,30,True,/users/delfos/aina/secoem-VSS/scentree-gen-remote/same_ren_scentree/scenariotree_540/results_2.json,3199,31,170,103.19354838709677,170,3.176470588235294,103,0.001851851851851852,0.19074074074074074,0.01565090723658498,0.8204307716123853,21.04199740222254
same_ren,540,20,540,30,True,/users/delfos/aina/secoem-VSS/scentree-gen-remote/same_ren_scentree/scenariotree_540/results_20.json,3353,31,151,108.16129032258064,151,3.576158940397351,69,0.001851851851851852,0.12777777777777777,0.013003086378482204,0.84091520269202,31.100682593856664
same_ren,540,21,540,30,True,/users/delfos/aina/secoem-VSS/scentree-gen-remote/same_ren_scentree/scenariotree_540/results_21.json,3642,31,167,117.48387096774194,167,3.2335329341317367,36,0.001851851851851852,0.06666666666666667,0.010235607980974235,0.8551174822670498,42.58177570093458
same_ren,540,22,540,30,True,/users/delfos/aina/secoem-VSS/scentree-gen-remote/same_ren_scentree/scenariotree_540/results_22.json,3372,31,165,108.7741935483871,165,3.272727272727273,73,0.001851851851851852,0.13518518518518519,0.014682863037888252,0.8182055249941254,24.01976935749588
same_ren,540,23,540,30,True,/users/delfos/aina/secoem-VSS/scentree-gen-remote/same_ren_scentree/scenariotree_540/results_23.json,2677,31,152,86.35483870967742,152,3.5526315789473686,37,0.001851851851851852,0.06851851851851852,0.009999164000332938,0.8670562646975934,45.92125984251968
same_ren,540,24,540,30,True,/users/delfos/aina/secoem-VSS/scentree-gen-remote/same_ren_scentree/scenariotree_540/results_24.json,3558,31,177,114.7741935483871,177,3.0508474576271185,103,0.001851851851851852,0.19074074074074074,0.016017889473369233,0.8018978718196901,19.583613163196777
same_ren,540,25,540,30,True,/users/delfos/aina/secoem-VSS/scentree-gen-remote/same_ren_scentree/scenariotree_540/results_25.json,3717,31,153,119.90322580645162,153,3.5294117647058822,47,0.001851851851851852,0.08703703703703704,0.012356674158887769,0.8372750440795729,33.44803854094976
same_ren,540,26,540,30,True,/users/delfos/aina/secoem-VSS/scentree-gen-remote/same_ren_scentree/scenariotree_540/results_26.json,3820,31,160,123.2258064516129,160,3.375,79,0.001851851851851852,0.14629629629629629,0.014718654937018084,0.8129612813746969,24.442581726739316
same_ren,540,27,540,30,True,/users/delfos/aina/secoem-VSS/scentree-gen-remote/same_ren_scentree/scenariotree_540/results_27.json,3035,31,157,97.90322580645162,157,3.4394904458598727,42,0.001851851851851852,0.07777777777777778,0.010426200228813933,0.8637918332360012,42.66900790166813
same_ren,540,28,540,30,True,/users/delfos/aina/secoem-VSS/scentree-gen-remote/same_ren_scentree/scenariotree_540/results_28.json,3228,31,169,104.12903225806451,169,3.195266272189349,93,0.001851851851851852,0.17222222222222222,0.01447293181813029,0.8277249259812532,24.203187250996017
same_ren,540,29,540,30,True,/users/delfos/aina/secoem-VSS/scentree-gen-remote/same_ren_scentree/scenariotree_540/results_29.json,3710,31,181,119.6774193548387,181,2.983425414364641,47,0.001851851851851852,0.08703703703703704,0.010914075794858516,0.8335267046274755,36.92073942770322
same_ren,540,3,540,30,True,/users/delfos/aina/secoem-VSS/scentree-gen-remote/same_ren_scentree/scenariotree_540/results_3.json,2686,31,141,86.64516129032258,141,3.8297872340425534,25,0.001851851851851852,0.046296296296296294,0.008863234164001465,0.8875297706729451,55.03963759909399
same_ren,540,30,540,30,True,/users/delfos/aina/secoem-VSS/scentree-gen-remote/same_ren_scentree/scenariotree_540/results_30.json,3252,31,147,104.90322580645162,147,3.673469387755102,34,0.001851851851851852,0.06296296296296296,0.010535974078302425,0.8602358396911866,43.2512607534856
same_ren,540,31,540,30,True,/users/delfos/aina/secoem-VSS/scentree-gen-remote/same_ren_scentree/scenariotree_540/results_31.json,3166,31,150,102.12903225806451,150,3.6,47,0.001851851851851852,0.08703703703703704,0.012370961766006864,0.8353362270925132,33.75781430886779
same_ren,540,4,540,30,True,/users/delfos/aina/secoem-VSS/scentree-gen-remote/same_ren_scentree/scenariotree_540/results_4.json,3255,31,152,105.0,152,3.5526315789473686,49,0.001851851851851852,0.09074074074074075,0.012087145428869014,0.8363854940404666,34.73909935668334
same_ren,540,5,540,30,True,/users/delfos/aina/secoem-VSS/scentree-gen-remote/same_ren_scentree/scenariotree_540/results_5.json,3588,31,174,115.74193548387096,174,3.103448275862069,58,0.001851851851851852,0.10740740740740741,0.0118194616559917,0.8402156529624785,33.272478320401646
same_ren,540,6,540,30,True,/users/delfos/aina/secoem-VSS/scentree-gen-remote/same_ren_scentree/scenariotree_540/results_6.json,3481,31,156,112.29032258064517,156,3.4615384615384617,35,0.001851851851851852,0.06481481481481481,0.010337045848476742,0.8600093674358847,43.32838038632986
same_ren,540,7,540,30,True,/users/delfos/aina/secoem-VSS/scentree-gen-remote/same_ren_scentree/scenariotree_540/results_7.json,3378,31,157,108.96774193548387,157,3.4394904458598727,69,0.001851851851851852,0.12777777777777777,0.014010574240884954,0.8229595115191788,26.890446329767617
same_ren,540,8,540,30,True,/users/delfos/aina/secoem-VSS/scentree-gen-remote/same_ren_scentree/scenariotree_540/results_8.json,3067,31,159,98.93548387096774,159,3.3962264150943398,30,0.001851851851851852,0.05555555555555555,0.008774938500220876,0.8787323777041156,53.96002960769799
same_ren,540,9,540,30,True,/users/delfos/aina/secoem-VSS/scentree-gen-remote/same_ren_scentree/scenariotree_540/results_9.json,3196,31,168,103.09677419354838,168,3.2142857142857144,34,0.001851851851851852,0.06296296296296296,0.008693337989389264,0.8809767797167976,53.622655388010294
same_ren,550,1,550,30,True,/users/delfos/aina/secoem-VSS/scentree-gen-remote/same_ren_scentree/scenariotree_550/results_1.json,3237,31,161,104.41935483870968,161,3.4161490683229814,58,0.0018181818181818182,0.10545454545454545,0.011855362624752255,0.8462081099862695,34.674461256304454
same_ren,550,10,550,30,True,/users/delfos/aina/secoem-VSS/scentree-gen-remote/same_ren_scentree/scenariotree_550/results_10.json,3612,31,163,116.51612903225806,163,3.374233128834356,63,0.0018181818181818182,0.11454545454545455,0.013304701975002537,0.8262666475684523,28.580876795162517
same_ren,550,11,550,30,True,/users/delfos/aina/secoem-VSS/scentree-gen-remote/same_ren_scentree/scenariotree_550/results_11.json,3383,31,160,109.12903225806451,160,3.4375,42,0.0018181818181818182,0.07636363636363637,0.009949640759327414,0.8605528822050789,45.270876982939235
same_ren,550,12,550,30,True,/users/delfos/aina/secoem-VSS/scentree-gen-remote/same_ren_scentree/scenariotree_550/results_12.json,3489,31,164,112.54838709677419,164,3.3536585365853657,64,0.0018181818181818182,0.11636363636363636,0.011209363261597802,0.8575115873084097,37.44738796731865
same_ren,550,13,550,30,True,/users/delfos/aina/secoem-VSS/scentree-gen-remote/same_ren_scentree/scenariotree_550/results_13.json,3610,31,169,116.45161290322581,169,3.2544378698224854,39,0.0018181818181818182,0.07090909090909091,0.010245229394595929,0.8538968473602968,42.27221911682504
same_ren,550,14,550,30,True,/users/delfos/aina/secoem-VSS/scentree-gen-remote/same_ren_scentree/scenariotree_550/results_14.json,3199,31,144,103.19354838709677,144,3.8194444444444446,36,0.0018181818181818182,0.06545454545454546,0.01107958682256515,0.8474063327006668,40.61493018259936
same_ren,550,15,550,30,True,/users/delfos/aina/secoem-VSS/scentree-gen-remote/same_ren_scentree/scenariotree_550/results_15.json,2962,31,148,95.54838709677419,148,3.7162162162162162,42,0.0018181818181818182,0.07636363636363637,0.010298299454615665,0.8651330744333522,44.53769140164899
same_ren,550,16,550,30,True,/users/delfos/aina/secoem-VSS/scentree-gen-remote/same_ren_scentree/scenariotree_550/results_16.json,3586,31,175,115.6774193548387,175,3.142857142857143,59,0.0018181818181818182,0.10727272727272727,0.01133991587368546,0.8350851578188053,35.43814432989691
same_ren,550,17,550,30,True,/users/delfos/aina/secoem-VSS/scentree-gen-remote/same_ren_scentree/scenariotree_550/results_17.json,3242,31,150,104.58064516129032,150,3.6666666666666665,50,0.0018181818181818182,0.09090909090909091,0.011086768559785817,0.8601884906602713,39.83407953647617
same_ren,550,18,550,30,True,/users/delfos/aina/secoem-VSS/scentree-gen-remote/same_ren_scentree/scenariotree_550/results_18.json,3261,31,149,105.19354838709677,149,3.6912751677852347,50,0.0018181818181818182,0.09090909090909091,0.010796447789861644,0.8606965120139826,41.52937946183417
same_ren,550,19,550,30,True,/users/delfos/aina/secoem-VSS/scentree-gen-remote/same_ren_scentree/scenariotree_550/results_19.json,2918,31,151,94.12903225806451,151,3.642384105960265,42,0.0018181818181818182,0.07636363636363637,0.011045394456269269,0.8520742047854747,39.92872228088701
same_ren,550,2,550,30,True,/users/delfos/aina/secoem-VSS/scentree-gen-remote/same_ren_scentree/scenariotree_550/results_2.json,3463,31,198,111.70967741935483,198,2.7777777777777777,103,0.0018181818181818182,0.18727272727272729,0.014665609222530534,0.8191945665094941,20.992366412213734
same_ren,550,20,550,30,True,/users/delfos/aina/secoem-VSS/scentree-gen-remote/same_ren_scentree/scenariotree_550/results_20.json,3424,31,145,110.45161290322581,145,3.793103448275862,30,0.0018181818181818182,0.05454545454545454,0.010031347962382444,0.8672221377224614,46.53846153846154
same_ren,550,21,550,30,True,/users/delfos/aina/secoem-VSS/scentree-gen-remote/same_ren_scentree/scenariotree_550/results_21.json,3634,31,162,117.2258064516129,162,3.3950617283950617,32,0.0018181818181818182,0.05818181818181818,0.009743905820059798,0.8624142465548529,46.39570552147239
same_ren,550,22,550,30,True,/users/delfos/aina/secoem-VSS/scentree-gen-remote/same_ren_scentree/scenariotree_550/results_22.json,3308,31,173,106.70967741935483,173,3.179190751445087,50,0.0018181818181818182,0.09090909090909091,0.010765782375707269,0.8445998407376211,38.71256718710008
same_ren,550,23,550,30,True,/users/delfos/aina/secoem-VSS/scentree-gen-remote/same_ren_scentree/scenariotree_550/results_23.json,2940,31,151,94.83870967741936,151,3.642384105960265,56,0.0018181818181818182,0.10181818181818182,0.01336141740433054,0.8237297267831293,29.77948415042331
same_ren,550,24,550,30,True,/users/delfos/aina/secoem-VSS/scentree-gen-remote/same_ren_scentree/scenariotree_550/results_24.json,3504,31,184,113.03225806451613,184,2.989130434782609,80,0.0018181818181818182,0.14545454545454545,0.014283698522927586,0.8165247704930133,23.26923076923077
same_ren,550,25,550,30,True,/users/delfos/aina/secoem-VSS/scentree-gen-remote/same_ren_scentree/scenariotree_550/results_25.json,3581,31,161,115.51612903225806,161,3.4161490683229814,67,0.0018181818181818182,0.12181818181818181,0.013534244401494122,0.8269796434172123,28.00925925925926
same_ren,550,26,550,30,True,/users/delfos/aina/secoem-VSS/scentree-gen-remote/same_ren_scentree/scenariotree_550/results_26.json,3590,31,196,115.80645161290323,196,2.806122448979592,73,0.0018181818181818182,0.13272727272727272,0.013210181661460131,0.824863101193513,25.44154751892346
same_ren,550,27,550,30,True,/users/delfos/aina/secoem-VSS/scentree-gen-remote/same_ren_scentree/scenariotree_550/results_27.json,3260,31,171,105.16129032258064,171,3.216374269005848,41,0.0018181818181818182,0.07454545454545454,0.009747668652813029,0.8638958632626995,45.25733093955716
same_ren,550,28,550,30,True,/users/delfos/aina/secoem-VSS/scentree-gen-remote/same_ren_scentree/scenariotree_550/results_28.json,3065,31,154,98.87096774193549,154,3.5714285714285716,39,0.0018181818181818182,0.07090909090909091,0.009762351962852451,0.869560670947643,47.23610243597751
same_ren,550,29,550,30,True,/users/delfos/aina/secoem-VSS/scentree-gen-remote/same_ren_scentree/scenariotree_550/results_29.json,3613,31,167,116.54838709677419,167,3.2934131736526946,57,0.0018181818181818182,0.10363636363636364,0.01230790760395888,0.8286414258400342,31.96322907861369
same_ren,550,3,550,30,True,/users/delfos/aina/secoem-VSS/scentree-gen-remote/same_ren_scentree/scenariotree_550/results_3.json,3284,31,165,105.93548387096774,165,3.3333333333333335,65,0.0018181818181818182,0.11818181818181818,0.013597680056297537,0.8097877847824064,27.345868739830042
same_ren,550,30,550,30,True,/users/delfos/aina/secoem-VSS/scentree-gen-remote/same_ren_scentree/scenariotree_550/results_30.json,3604,31,151,116.25806451612904,151,3.642384105960265,53,0.0018181818181818182,0.09636363636363636,0.012205426763840732,0.8375783459914105,34.343778383287926
same_ren,550,31,550,30,True,/users/delfos/aina/secoem-VSS/scentree-gen-remote/same_ren_scentree/scenariotree_550/results_31.json,4072,31,203,131.3548387096774,203,2.70935960591133,103,0.0018181818181818182,0.18727272727272729,0.014880737304954324,0.8072382019764156,20.049045599151636
same_ren,550,4,550,30,True,/users/delfos/aina/secoem-VSS/scentree-gen-remote/same_ren_scentree/scenariotree_550/results_4.json,3795,31,175,122.41935483870968,175,3.142857142857143,70,0.0018181818181818182,0.12727272727272726,0.01344220463971526,0.8261999961980014,26.784133168053835
same_ren,550,5,550,30,True,/users/delfos/aina/secoem-VSS/scentree-gen-remote/same_ren_scentree/scenariotree_550/results_5.json,3804,31,175,122.70967741935483,175,3.142857142857143,93,0.0018181818181818182,0.1690909090909091,0.014068430211719688,0.8264501456979139,24.782893658856292
same_ren,550,6,550,30,True,/users/delfos/aina/secoem-VSS/scentree-gen-remote/same_ren_scentree/scenariotree_550/results_6.json,3862,31,163,124.58064516129032,163,3.374233128834356,80,0.0018181818181818182,0.14545454545454545,0.01389085578515124,0.8186054425835787,26.605101143359715
same_ren,550,7,550,30,True,/users/delfos/aina/secoem-VSS/scentree-gen-remote/same_ren_scentree/scenariotree_550/results_7.json,3157,31,152,101.83870967741936,152,3.6184210526315788,51,0.0018181818181818182,0.09272727272727273,0.012562041268863913,0.8352228066520665,32.716850529958904
same_ren,550,8,550,30,True,/users/delfos/aina/secoem-VSS/scentree-gen-remote/same_ren_scentree/scenariotree_550/results_8.json,3098,31,160,99.93548387096774,160,3.4375,80,0.0018181818181818182,0.14545454545454545,0.014419465006524346,0.8115829372252805,25.305337125648315
same_ren,550,9,550,30,True,/users/delfos/aina/secoem-VSS/scentree-gen-remote/same_ren_scentree/scenariotree_550/results_9.json,3236,31,158,104.38709677419355,158,3.481012658227848,70,0.0018181818181818182,0.12727272727272726,0.013017762526094368,0.8335615556192951,30.207709207110046
same_ren,560,1,560,30,True,/users/delfos/aina/secoem-VSS/scentree-gen-remote/same_ren_scentree/scenariotree_560/results_1.json,3333,31,151,107.51612903225806,151,3.7086092715231787,38,0.0017857142857142857,0.06785714285714285,0.0108232971477751,0.8536959718869015,41.133263378803775
same_ren,560,10,560,30,True,/users/delfos/aina/secoem-VSS/scentree-gen-remote/same_ren_scentree/scenariotree_560/results_10.json,3554,31,167,114.64516129032258,167,3.3532934131736525,44,0.0017857142857142857,0.07857142857142857,0.011266897103760718,0.8374765890809324,36.7816091954023
same_ren,560,11,560,30,True,/users/delfos/aina/secoem-VSS/scentree-gen-remote/same_ren_scentree/scenariotree_560/results_11.json,3060,31,144,98.70967741935483,144,3.888888888888889,56,0.0017857142857142857,0.1,0.01258494224420587,0.8365206881583083,33.61200428724544
same_ren,560,12,560,30,True,/users/delfos/aina/secoem-VSS/scentree-gen-remote/same_ren_scentree/scenariotree_560/results_12.json,4038,31,171,130.25806451612902,171,3.2748538011695905,33,0.0017857142857142857,0.05892857142857143,0.010081274285912024,0.8524166869927267,43.05326743547502
same_ren,560,13,560,30,True,/users/delfos/aina/secoem-VSS/scentree-gen-remote/same_ren_scentree/scenariotree_560/results_13.json,3059,31,142,98.6774193548387,142,3.943661971830986,33,0.0017857142857142857,0.05892857142857143,0.010283891224705998,0.862257888266428,45.33102052616363
same_ren,560,14,560,30,True,/users/delfos/aina/secoem-VSS/scentree-gen-remote/same_ren_scentree/scenariotree_560/results_14.json,3628,31,182,117.03225806451613,182,3.076923076923077,54,0.0017857142857142857,0.09642857142857143,0.010836983115542858,0.8412563653328065,37.21813434607167
same_ren,560,15,560,30,True,/users/delfos/aina/secoem-VSS/scentree-gen-remote/same_ren_scentree/scenariotree_560/results_15.json,3681,31,154,118.74193548387096,154,3.6363636363636362,41,0.0017857142857142857,0.07321428571428572,0.010950961589863658,0.8486142467307745,40.0613183444047
same_ren,560,16,560,30,True,/users/delfos/aina/secoem-VSS/scentree-gen-remote/same_ren_scentree/scenariotree_560/results_16.json,3282,31,151,105.87096774193549,151,3.7086092715231787,70,0.0017857142857142857,0.125,0.012747730022425754,0.8413286688258858,32.09169054441261
same_ren,560,17,560,30,True,/users/delfos/aina/secoem-VSS/scentree-gen-remote/same_ren_scentree/scenariotree_560/results_17.json,3424,31,155,110.45161290322581,155,3.6129032258064515,32,0.0017857142857142857,0.05714285714285714,0.009975255545849179,0.8589686225713051,45.714285714285715
same_ren,560,18,560,30,True,/users/delfos/aina/secoem-VSS/scentree-gen-remote/same_ren_scentree/scenariotree_560/results_18.json,3224,31,160,104.0,160,3.5,38,0.0017857142857142857,0.06785714285714285,0.01075698337483751,0.8541529393041758,40.381148596446046
same_ren,560,19,560,30,True,/users/delfos/aina/secoem-VSS/scentree-gen-remote/same_ren_scentree/scenariotree_560/results_19.json,3096,31,147,99.87096774193549,147,3.8095238095238093,34,0.0017857142857142857,0.060714285714285714,0.009794796326518319,0.8752556485597891,47.83404514948139
same_ren,560,2,560,30,True,/users/delfos/aina/secoem-VSS/scentree-gen-remote/same_ren_scentree/scenariotree_560/results_2.json,3482,31,161,112.3225806451613,161,3.4782608695652173,58,0.0017857142857142857,0.10357142857142858,0.01172084767577381,0.8428136934848723,35.299414678072935
same_ren,560,20,560,30,True,/users/delfos/aina/secoem-VSS/scentree-gen-remote/same_ren_scentree/scenariotree_560/results_20.json,3683,31,171,118.80645161290323,171,3.2748538011695905,58,0.0017857142857142857,0.10357142857142858,0.011892288163778148,0.8320295789865705,33.29794011467403
same_ren,560,21,560,30,True,/users/delfos/aina/secoem-VSS/scentree-gen-remote/same_ren_scentree/scenariotree_560/results_21.json,3333,31,160,107.51612903225806,160,3.5,39,0.0017857142857142857,0.06964285714285715,0.01053230877164283,0.8559431902603337,41.668881211799096
same_ren,560,22,560,30,True,/users/delfos/aina/secoem-VSS/scentree-gen-remote/same_ren_scentree/scenariotree_560/results_22.json,3336,31,153,107.61290322580645,153,3.6601307189542482,70,0.0017857142857142857,0.125,0.013650323835542995,0.8281477844177595,28.53503184713376
same_ren,560,23,560,30,True,/users/delfos/aina/secoem-VSS/scentree-gen-remote/same_ren_scentree/scenariotree_560/results_23.json,3809,31,179,122.87096774193549,179,3.1284916201117317,50,0.0017857142857142857,0.08928571428571429,0.01030064527291604,0.8454362630847819,40.685002594706795
same_ren,560,24,560,30,True,/users/delfos/aina/secoem-VSS/scentree-gen-remote/same_ren_scentree/scenariotree_560/results_24.json,3348,31,175,108.0,175,3.2,56,0.0017857142857142857,0.1,0.01028918592206281,0.8561324138859259,41.25230202578268
same_ren,560,25,560,30,True,/users/delfos/aina/secoem-VSS/scentree-gen-remote/same_ren_scentree/scenariotree_560/results_25.json,3170,31,159,102.25806451612904,159,3.5220125786163523,44,0.0017857142857142857,0.07857142857142857,0.009749617972966931,0.8671313900516441,46.722288438617404
same_ren,560,26,560,30,True,/users/delfos/aina/secoem-VSS/scentree-gen-remote/same_ren_scentree/scenariotree_560/results_26.json,3610,31,182,116.45161290322581,182,3.076923076923077,56,0.0017857142857142857,0.1,0.011194844264180869,0.8352265022992982,35.331230283911665
same_ren,560,27,560,30,True,/users/delfos/aina/secoem-VSS/scentree-gen-remote/same_ren_scentree/scenariotree_560/results_27.json,3776,31,173,121.80645161290323,173,3.2369942196531793,57,0.0017857142857142857,0.10178571428571428,0.012206265715041065,0.8290230547145089,31.6895715440582
same_ren,560,28,560,30,True,/users/delfos/aina/secoem-VSS/scentree-gen-remote/same_ren_scentree/scenariotree_560/results_28.json,3241,31,131,104.54838709677419,131,4.2748091603053435,39,0.0017857142857142857,0.06964285714285715,0.012061060691062827,0.8493338492407394,37.46714456391876
same_ren,560,29,560,30,True,/users/delfos/aina/secoem-VSS/scentree-gen-remote/same_ren_scentree/scenariotree_560/results_29.json,3105,31,149,100.16129032258064,149,3.7583892617449663,36,0.0017857142857142857,0.06428571428571428,0.010834755388967667,0.8555580578734195,41.317523056653485
same_ren,560,3,560,30,True,/users/delfos/aina/secoem-VSS/scentree-gen-remote/same_ren_scentree/scenariotree_560/results_3.json,3701,31,176,119.38709677419355,176,3.1818181818181817,52,0.0017857142857142857,0.09285714285714286,0.011297202608098448,0.8344163879447875,35.53138454566055
same_ren,560,30,560,30,True,/users/delfos/aina/secoem-VSS/scentree-gen-remote/same_ren_scentree/scenariotree_560/results_30.json,3817,31,160,123.12903225806451,160,3.5,67,0.0017857142857142857,0.11964285714285715,0.012557266779820832,0.8372949454401939,31.766612641815232
same_ren,560,31,560,30,True,/users/delfos/aina/secoem-VSS/scentree-gen-remote/same_ren_scentree/scenariotree_560/results_31.json,4198,31,166,135.41935483870967,166,3.3734939759036147,58,0.0017857142857142857,0.10357142857142858,0.01143317881045688,0.8451946634589546,36.07085346215781
same_ren,560,4,560,30,True,/users/delfos/aina/secoem-VSS/scentree-gen-remote/same_ren_scentree/scenariotree_560/results_4.json,3218,31,142,103.80645161290323,142,3.943661971830986,33,0.0017857142857142857,0.05892857142857143,0.010114354612361737,0.8672374178060721,46.36309875813128
same_ren,560,5,560,30,True,/users/delfos/aina/secoem-VSS/scentree-gen-remote/same_ren_scentree/scenariotree_560/results_5.json,2813,31,136,90.74193548387096,136,4.117647058823529,26,0.0017857142857142857,0.04642857142857143,0.010057464560727881,0.8692891447830576,47.37160120845922
same_ren,560,6,560,30,True,/users/delfos/aina/secoem-VSS/scentree-gen-remote/same_ren_scentree/scenariotree_560/results_6.json,3137,31,152,101.19354838709677,152,3.6842105263157894,29,0.0017857142857142857,0.05178571428571429,0.009682503979721147,0.8671792632706519,48.009797917942436
same_ren,560,7,560,30,True,/users/delfos/aina/secoem-VSS/scentree-gen-remote/same_ren_scentree/scenariotree_560/results_7.json,3465,31,163,111.7741935483871,163,3.4355828220858897,70,0.0017857142857142857,0.125,0.014010602520262266,0.8068227357098623,26.225121257735406
same_ren,560,8,560,30,True,/users/delfos/aina/secoem-VSS/scentree-gen-remote/same_ren_scentree/scenariotree_560/results_8.json,3788,31,168,122.19354838709677,168,3.3333333333333335,38,0.0017857142857142857,0.06785714285714285,0.009776230777176691,0.8633618562963971,45.43610547667342
same_ren,560,9,560,30,True,/users/delfos/aina/secoem-VSS/scentree-gen-remote/same_ren_scentree/scenariotree_560/results_9.json,3195,31,146,103.06451612903226,146,3.835616438356164,33,0.0017857142857142857,0.05892857142857143,0.010370435235998626,0.8588710138238761,44.34389140271493
same_ren,570,1,570,30,True,/users/delfos/aina/secoem-VSS/scentree-gen-remote/same_ren_scentree/scenariotree_570/results_1.json,3704,31,170,119.48387096774194,170,3.3529411764705883,43,0.0017543859649122807,0.07543859649122807,0.010082511806528405,0.8594817606695119,43.17034281158651
same_ren,570,10,570,30,True,/users/delfos/aina/secoem-VSS/scentree-gen-remote/same_ren_scentree/scenariotree_570/results_10.json,3625,31,165,116.93548387096774,165,3.4545454545454546,63,0.0017543859649122807,0.11052631578947368,0.01392360635258615,0.8025406285820237,26.282154991101766
same_ren,570,11,570,30,True,/users/delfos/aina/secoem-VSS/scentree-gen-remote/same_ren_scentree/scenariotree_570/results_11.json,3605,31,154,116.29032258064517,154,3.7012987012987013,43,0.0017543859649122807,0.07543859649122807,0.011775790236501943,0.8359148590634244,35.90848806366048
same_ren,570,12,570,30,True,/users/delfos/aina/secoem-VSS/scentree-gen-remote/same_ren_scentree/scenariotree_570/results_12.json,3699,31,160,119.3225806451613,160,3.5625,61,0.0017543859649122807,0.10701754385964912,0.012512978027375155,0.8285058796942559,31.946902654867262
same_ren,570,13,570,30,True,/users/delfos/aina/secoem-VSS/scentree-gen-remote/same_ren_scentree/scenariotree_570/results_13.json,4042,31,176,130.38709677419354,176,3.2386363636363638,33,0.0017543859649122807,0.05789473684210526,0.00862311697910877,0.8745070588987157,53.279763857002294
same_ren,570,14,570,30,True,/users/delfos/aina/secoem-VSS/scentree-gen-remote/same_ren_scentree/scenariotree_570/results_14.json,3367,31,164,108.61290322580645,164,3.475609756097561,42,0.0017543859649122807,0.07368421052631578,0.010503918583399507,0.8610096789534006,41.335877862595424
same_ren,570,15,570,30,True,/users/delfos/aina/secoem-VSS/scentree-gen-remote/same_ren_scentree/scenariotree_570/results_15.json,4278,31,174,138.0,174,3.2758620689655173,88,0.0017543859649122807,0.1543859649122807,0.016134540576297318,0.7886213347565053,19.591172214182347
same_ren,570,16,570,30,True,/users/delfos/aina/secoem-VSS/scentree-gen-remote/same_ren_scentree/scenariotree_570/results_16.json,3363,31,155,108.48387096774194,155,3.6774193548387095,43,0.0017543859649122807,0.07543859649122807,0.011043573841518897,0.8520182020148717,39.439184268026224
same_ren,570,17,570,30,True,/users/delfos/aina/secoem-VSS/scentree-gen-remote/same_ren_scentree/scenariotree_570/results_17.json,3802,31,156,122.64516129032258,156,3.6538461538461537,53,0.0017543859649122807,0.09298245614035087,0.010077502397478427,0.8719015932508003,44.93775933609958
same_ren,570,18,570,30,True,/users/delfos/aina/secoem-VSS/scentree-gen-remote/same_ren_scentree/scenariotree_570/results_18.json,3741,31,158,120.6774193548387,158,3.607594936708861,36,0.0017543859649122807,0.06315789473684211,0.009629085939296202,0.8676650973886391,47.66725352112676
same_ren,570,19,570,30,True,/users/delfos/aina/secoem-VSS/scentree-gen-remote/same_ren_scentree/scenariotree_570/results_19.json,3684,31,159,118.83870967741936,159,3.5849056603773586,80,0.0017543859649122807,0.14035087719298245,0.012610139539099135,0.8492589677668295,31.672840709689996
same_ren,570,2,570,30,True,/users/delfos/aina/secoem-VSS/scentree-gen-remote/same_ren_scentree/scenariotree_570/results_2.json,3381,31,146,109.06451612903226,146,3.904109589041096,43,0.0017543859649122807,0.07543859649122807,0.010956769419837788,0.859413440421487,41.02272727272727
same_ren,570,20,570,30,True,/users/delfos/aina/secoem-VSS/scentree-gen-remote/same_ren_scentree/scenariotree_570/results_20.json,3852,31,160,124.25806451612904,160,3.5625,36,0.0017543859649122807,0.06315789473684211,0.01004890990016302,0.862260302725771,44.629120879120876
same_ren,570,21,570,30,True,/users/delfos/aina/secoem-VSS/scentree-gen-remote/same_ren_scentree/scenariotree_570/results_21.json,3969,31,160,128.03225806451613,160,3.5625,73,0.0017543859649122807,0.1280701754385965,0.014103025674635917,0.8127132025568843,26.265157639450283
same_ren,570,22,570,30,True,/users/delfos/aina/secoem-VSS/scentree-gen-remote/same_ren_scentree/scenariotree_570/results_22.json,3583,31,160,115.58064516129032,160,3.5625,39,0.0017543859649122807,0.06842105263157895,0.010481790883977141,0.8482663087769811,41.9659002841643
same_ren,570,23,570,30,True,/users/delfos/aina/secoem-VSS/scentree-gen-remote/same_ren_scentree/scenariotree_570/results_23.json,4281,31,194,138.09677419354838,194,2.9381443298969074,84,0.0017543859649122807,0.14736842105263157,0.012952981927866794,0.8191199470731843,26.522448979591847
same_ren,570,24,570,30,True,/users/delfos/aina/secoem-VSS/scentree-gen-remote/same_ren_scentree/scenariotree_570/results_24.json,3235,31,150,104.35483870967742,150,3.8,60,0.0017543859649122807,0.10526315789473684,0.01161256858994518,0.8463458616536516,37.18242160677501
same_ren,570,25,570,30,True,/users/delfos/aina/secoem-VSS/scentree-gen-remote/same_ren_scentree/scenariotree_570/results_25.json,3710,31,170,119.6774193548387,170,3.3529411764705883,40,0.0017543859649122807,0.07017543859649122,0.009748362479143954,0.8629404319661244,45.37709497206704
same_ren,570,26,570,30,True,/users/delfos/aina/secoem-VSS/scentree-gen-remote/same_ren_scentree/scenariotree_570/results_26.json,4032,31,156,130.06451612903226,156,3.6538461538461537,60,0.0017543859649122807,0.10526315789473684,0.011460726804117758,0.8497626222431188,37.17391304347826
same_ren,570,27,570,30,True,/users/delfos/aina/secoem-VSS/scentree-gen-remote/same_ren_scentree/scenariotree_570/results_27.json,3576,31,164,115.35483870967742,164,3.475609756097561,84,0.0017543859649122807,0.14736842105263157,0.014229572516986496,0.8185729647222139,25.44244322631167
same_ren,570,28,570,30,True,/users/delfos/aina/secoem-VSS/scentree-gen-remote/same_ren_scentree/scenariotree_570/results_28.json,3452,31,160,111.35483870967742,160,3.5625,60,0.0017543859649122807,0.10526315789473684,0.01088866030359753,0.854173011519049,39.65096412008788
same_ren,570,29,570,30,True,/users/delfos/aina/secoem-VSS/scentree-gen-remote/same_ren_scentree/scenariotree_570/results_29.json,3710,31,169,119.6774193548387,169,3.3727810650887573,49,0.0017543859649122807,0.08596491228070176,0.010881507595476994,0.8406312763058145,38.56837606837607
same_ren,570,3,570,30,True,/users/delfos/aina/secoem-VSS/scentree-gen-remote/same_ren_scentree/scenariotree_570/results_3.json,3589,31,164,115.7741935483871,164,3.475609756097561,53,0.0017543859649122807,0.09298245614035087,0.01155059874901706,0.8415944406260794,35.74257425742575
same_ren,570,30,570,30,True,/users/delfos/aina/secoem-VSS/scentree-gen-remote/same_ren_scentree/scenariotree_570/results_30.json,3394,31,160,109.48387096774194,160,3.5625,59,0.0017543859649122807,0.10350877192982456,0.012851232705698596,0.8219892045835053,30.60474755086662
same_ren,570,31,570,30,True,/users/delfos/aina/secoem-VSS/scentree-gen-remote/same_ren_scentree/scenariotree_570/results_31.json,3759,31,150,121.25806451612904,150,3.8,49,0.0017543859649122807,0.08596491228070176,0.00959420843734074,0.8863329518357486,48.842453397474436
same_ren,570,4,570,30,True,/users/delfos/aina/secoem-VSS/scentree-gen-remote/same_ren_scentree/scenariotree_570/results_4.json,3492,31,162,112.64516129032258,162,3.5185185185185186,60,0.0017543859649122807,0.10526315789473684,0.01235200412507198,0.8337208881898336,32.37345555998406
same_ren,570,5,570,30,True,/users/delfos/aina/secoem-VSS/scentree-gen-remote/same_ren_scentree/scenariotree_570/results_5.json,3545,31,150,114.35483870967742,150,3.8,59,0.0017543859649122807,0.10350877192982456,0.012507512875129684,0.8358969526172033,33.186925434116446
same_ren,570,6,570,30,True,/users/delfos/aina/secoem-VSS/scentree-gen-remote/same_ren_scentree/scenariotree_570/results_6.json,3971,31,162,128.09677419354838,162,3.5185185185185186,60,0.0017543859649122807,0.10526315789473684,0.011693018198000771,0.8441525389300001,35.307541838730714
same_ren,570,7,570,30,True,/users/delfos/aina/secoem-VSS/scentree-gen-remote/same_ren_scentree/scenariotree_570/results_7.json,3509,31,143,113.19354838709677,143,3.986013986013986,53,0.0017543859649122807,0.09298245614035087,0.01326235233076064,0.8262046590960429,31.108770585982388
same_ren,570,8,570,30,True,/users/delfos/aina/secoem-VSS/scentree-gen-remote/same_ren_scentree/scenariotree_570/results_8.json,3191,31,159,102.93548387096774,159,3.5849056603773586,60,0.0017543859649122807,0.10526315789473684,0.011217689892370243,0.8531652046118303,38.02668539325844
same_ren,570,9,570,30,True,/users/delfos/aina/secoem-VSS/scentree-gen-remote/same_ren_scentree/scenariotree_570/results_9.json,3486,31,152,112.45161290322581,152,3.75,36,0.0017543859649122807,0.06315789473684211,0.01043211543335445,0.8564794716662165,43.25079872204473
same_ren,580,1,580,30,True,/users/delfos/aina/secoem-VSS/scentree-gen-remote/same_ren_scentree/scenariotree_580/results_1.json,3910,31,164,126.12903225806451,164,3.5365853658536586,63,0.0017241379310344827,0.10862068965517241,0.012019890378346365,0.8365040218737002,33.56615446018759
same_ren,580,10,580,30,True,/users/delfos/aina/secoem-VSS/scentree-gen-remote/same_ren_scentree/scenariotree_580/results_10.json,3552,31,152,114.58064516129032,152,3.8157894736842106,60,0.0017241379310344827,0.10344827586206896,0.010467775607621762,0.8728212826226346,43.03991811668372
same_ren,580,11,580,30,True,/users/delfos/aina/secoem-VSS/scentree-gen-remote/same_ren_scentree/scenariotree_580/results_11.json,4128,31,190,133.16129032258064,190,3.0526315789473686,88,0.0017241379310344827,0.15172413793103448,0.01322885926232318,0.816496451559382,25.964803951836988
same_ren,580,12,580,30,True,/users/delfos/aina/secoem-VSS/scentree-gen-remote/same_ren_scentree/scenariotree_580/results_12.json,3373,31,150,108.80645161290323,150,3.8666666666666667,63,0.0017241379310344827,0.10862068965517241,0.01241645352505218,0.8391530070638413,33.56615446018759
same_ren,580,13,580,30,True,/users/delfos/aina/secoem-VSS/scentree-gen-remote/same_ren_scentree/scenariotree_580/results_13.json,4027,31,163,129.90322580645162,163,3.558282208588957,73,0.0017241379310344827,0.12586206896551724,0.012974292161108899,0.8240465200090602,29.785726934655568
same_ren,580,14,580,30,True,/users/delfos/aina/secoem-VSS/scentree-gen-remote/same_ren_scentree/scenariotree_580/results_14.json,3316,31,139,106.96774193548387,139,4.172661870503597,73,0.0017241379310344827,0.12586206896551724,0.013901102949155494,0.8309400352349666,29.364525139664806
same_ren,580,15,580,30,True,/users/delfos/aina/secoem-VSS/scentree-gen-remote/same_ren_scentree/scenariotree_580/results_15.json,3454,31,150,111.41935483870968,150,3.8666666666666667,60,0.0017241379310344827,0.10344827586206896,0.012081547902042217,0.8427100761228139,35.01248959200666
same_ren,580,16,580,30,True,/users/delfos/aina/secoem-VSS/scentree-gen-remote/same_ren_scentree/scenariotree_580/results_16.json,4389,31,186,141.58064516129033,186,3.118279569892473,60,0.0017241379310344827,0.10344827586206896,0.012395212948011113,0.8120725565904702,29.45193486254596
same_ren,580,17,580,30,True,/users/delfos/aina/secoem-VSS/scentree-gen-remote/same_ren_scentree/scenariotree_580/results_17.json,3761,31,188,121.3225806451613,188,3.0851063829787235,34,0.0017241379310344827,0.05862068965517241,0.009908120085575378,0.8399422333631864,42.060515128782185
same_ren,580,18,580,30,True,/users/delfos/aina/secoem-VSS/scentree-gen-remote/same_ren_scentree/scenariotree_580/results_18.json,3691,31,163,119.06451612903226,163,3.558282208588957,49,0.0017241379310344827,0.08448275862068966,0.010720725299442804,0.8526665215479714,40.21037532871145
same_ren,580,19,580,30,True,/users/delfos/aina/secoem-VSS/scentree-gen-remote/same_ren_scentree/scenariotree_580/results_19.json,3828,31,171,123.48387096774194,171,3.391812865497076,60,0.0017241379310344827,0.10344827586206896,0.011859552526751704,0.8299767807276502,33.446013123881485
same_ren,580,2,580,30,True,/users/delfos/aina/secoem-VSS/scentree-gen-remote/same_ren_scentree/scenariotree_580/results_2.json,3447,31,149,111.19354838709677,149,3.8926174496644297,36,0.0017241379310344827,0.06206896551724138,0.010193565376837759,0.8614286772548685,45.05759442807393
same_ren,580,20,580,30,True,/users/delfos/aina/secoem-VSS/scentree-gen-remote/same_ren_scentree/scenariotree_580/results_20.json,3464,31,156,111.74193548387096,156,3.717948717948718,41,0.0017241379310344827,0.0706896551724138,0.011048142503623726,0.8393893900933114,39.2898855407615
same_ren,580,21,580,30,True,/users/delfos/aina/secoem-VSS/scentree-gen-remote/same_ren_scentree/scenariotree_580/results_21.json,3382,31,160,109.09677419354838,160,3.625,36,0.0017241379310344827,0.06206896551724138,0.010071367657486797,0.8575323676511676,44.48558582385613
same_ren,580,22,580,30,True,/users/delfos/aina/secoem-VSS/scentree-gen-remote/same_ren_scentree/scenariotree_580/results_22.json,3429,31,163,110.61290322580645,163,3.558282208588957,60,0.0017241379310344827,0.10344827586206896,0.011054063834548553,0.8502496328388295,38.38429940666362
same_ren,580,23,580,30,True,/users/delfos/aina/secoem-VSS/scentree-gen-remote/same_ren_scentree/scenariotree_580/results_23.json,3291,31,153,106.16129032258064,153,3.7908496732026142,34,0.0017241379310344827,0.05862068965517241,0.009890978922794755,0.8606182749101154,46.50262648603815
same_ren,580,24,580,30,True,/users/delfos/aina/secoem-VSS/scentree-gen-remote/same_ren_scentree/scenariotree_580/results_24.json,3908,31,174,126.06451612903226,174,3.3333333333333335,52,0.0017241379310344827,0.0896551724137931,0.011774235678780698,0.8262538803480819,33.47929936305732
same_ren,580,25,580,30,True,/users/delfos/aina/secoem-VSS/scentree-gen-remote/same_ren_scentree/scenariotree_580/results_25.json,4281,31,169,138.09677419354838,169,3.4319526627218937,60,0.0017241379310344827,0.10344827586206896,0.011522037348451019,0.8436202498837582,35.269448521702664
same_ren,580,26,580,30,True,/users/delfos/aina/secoem-VSS/scentree-gen-remote/same_ren_scentree/scenariotree_580/results_26.json,3697,31,150,119.25806451612904,150,3.8666666666666667,45,0.0017241379310344827,0.07758620689655173,0.011392654430679418,0.8477565698013155,38.26205641492265
same_ren,580,27,580,30,True,/users/delfos/aina/secoem-VSS/scentree-gen-remote/same_ren_scentree/scenariotree_580/results_27.json,3456,31,164,111.48387096774194,164,3.5365853658536586,32,0.0017241379310344827,0.05517241379310345,0.008690612648462817,0.8765830710932513,54.100997105178514
same_ren,580,28,580,30,True,/users/delfos/aina/secoem-VSS/scentree-gen-remote/same_ren_scentree/scenariotree_580/results_28.json,3723,31,179,120.09677419354838,179,3.2402234636871508,60,0.0017241379310344827,0.10344827586206896,0.01122312621708409,0.8381119455817009,35.54522400676246
same_ren,580,29,580,30,True,/users/delfos/aina/secoem-VSS/scentree-gen-remote/same_ren_scentree/scenariotree_580/results_29.json,4306,31,171,138.90322580645162,171,3.391812865497076,49,0.0017241379310344827,0.08448275862068966,0.010363923809264373,0.8519066616264568,41.296341762828376
same_ren,580,3,580,30,True,/users/delfos/aina/secoem-VSS/scentree-gen-remote/same_ren_scentree/scenariotree_580/results_3.json,4203,31,175,135.58064516129033,175,3.3142857142857145,41,0.0017241379310344827,0.0706896551724138,0.009903315762072169,0.8534645163404266,43.7110187110187
same_ren,580,30,580,30,True,/users/delfos/aina/secoem-VSS/scentree-gen-remote/same_ren_scentree/scenariotree_580/results_30.json,3944,31,169,127.2258064516129,169,3.4319526627218937,73,0.0017241379310344827,0.12586206896551724,0.012399975487672561,0.8353568054001408,31.34550875885203
same_ren,580,31,580,30,True,/users/delfos/aina/secoem-VSS/scentree-gen-remote/same_ren_scentree/scenariotree_580/results_31.json,3989,31,183,128.67741935483872,183,3.169398907103825,45,0.0017241379310344827,0.07758620689655173,0.011309339318610513,0.8267606172144041,34.63756177924217
same_ren,580,4,580,30,True,/users/delfos/aina/secoem-VSS/scentree-gen-remote/same_ren_scentree/scenariotree_580/results_4.json,3821,31,167,123.25806451612904,167,3.4730538922155687,41,0.0017241379310344827,0.0706896551724138,0.009820156095320056,0.8554025831639078,45.26372443487621
same_ren,580,5,580,30,True,/users/delfos/aina/secoem-VSS/scentree-gen-remote/same_ren_scentree/scenariotree_580/results_5.json,4217,31,190,136.03225806451613,190,3.0526315789473686,60,0.0017241379310344827,0.10344827586206896,0.012603829795166048,0.813653761529912,28.212009392821198
same_ren,580,6,580,30,True,/users/delfos/aina/secoem-VSS/scentree-gen-remote/same_ren_scentree/scenariotree_580/results_6.json,4282,31,174,138.1290322580645,174,3.3333333333333335,60,0.0017241379310344827,0.10344827586206896,0.011306432173533882,0.8383113480421684,35.726423109600674
same_ren,580,7,580,30,True,/users/delfos/aina/secoem-VSS/scentree-gen-remote/same_ren_scentree/scenariotree_580/results_7.json,3849,31,179,124.16129032258064,179,3.2402234636871508,88,0.0017241379310344827,0.15172413793103448,0.013744055535136543,0.8123662362355712,25.381017051456162
same_ren,580,8,580,30,True,/users/delfos/aina/secoem-VSS/scentree-gen-remote/same_ren_scentree/scenariotree_580/results_8.json,3638,31,146,117.35483870967742,146,3.9726027397260273,25,0.0017241379310344827,0.04310344827586207,0.008707510853235224,0.8870814285131599,55.80623755806238
same_ren,580,9,580,30,True,/users/delfos/aina/secoem-VSS/scentree-gen-remote/same_ren_scentree/scenariotree_580/results_9.json,3224,31,168,104.0,168,3.4523809523809526,46,0.0017241379310344827,0.07931034482758621,0.010284459744986419,0.8589469670781757,42.155388471177936
same_ren,590,1,590,30,True,/users/delfos/aina/secoem-VSS/scentree-gen-remote/same_ren_scentree/scenariotree_590/results_1.json,3773,31,157,121.70967741935483,157,3.7579617834394905,61,0.001694915254237288,0.10338983050847457,0.01215375079778815,0.8314452751372776,33.82896015549077
same_ren,590,10,590,30,True,/users/delfos/aina/secoem-VSS/scentree-gen-remote/same_ren_scentree/scenariotree_590/results_10.json,3674,31,170,118.51612903225806,170,3.4705882352941178,74,0.001694915254237288,0.12542372881355932,0.011934243218460271,0.8350331223483908,33.22833142420771
same_ren,590,11,590,30,True,/users/delfos/aina/secoem-VSS/scentree-gen-remote/same_ren_scentree/scenariotree_590/results_11.json,3782,31,171,122.0,171,3.4502923976608186,56,0.001694915254237288,0.09491525423728814,0.01167408013995435,0.8388771075293744,34.30232558139535
same_ren,590,12,590,30,True,/users/delfos/aina/secoem-VSS/scentree-gen-remote/same_ren_scentree/scenariotree_590/results_12.json,4403,31,194,142.03225806451613,194,3.0412371134020617,53,0.001694915254237288,0.08983050847457627,0.0124107681142931,0.8080566953942108,28.542144965562475
same_ren,590,13,590,30,True,/users/delfos/aina/secoem-VSS/scentree-gen-remote/same_ren_scentree/scenariotree_590/results_13.json,4166,31,201,134.38709677419354,201,2.9353233830845773,98,0.001694915254237288,0.16610169491525423,0.013185330112587124,0.8181197606826224,25.050374208405298
same_ren,590,14,590,30,True,/users/delfos/aina/secoem-VSS/scentree-gen-remote/same_ren_scentree/scenariotree_590/results_14.json,3484,31,141,112.38709677419355,141,4.184397163120567,85,0.001694915254237288,0.1440677966101695,0.014338706028263813,0.836769214117219,27.714968152866238
same_ren,590,15,590,30,True,/users/delfos/aina/secoem-VSS/scentree-gen-remote/same_ren_scentree/scenariotree_590/results_15.json,3637,31,155,117.3225806451613,155,3.806451612903226,38,0.001694915254237288,0.06440677966101695,0.010515521322367914,0.8486360436100675,42.38918655625913
same_ren,590,16,590,30,True,/users/delfos/aina/secoem-VSS/scentree-gen-remote/same_ren_scentree/scenariotree_590/results_16.json,3829,31,185,123.51612903225806,185,3.189189189189189,98,0.001694915254237288,0.16610169491525423,0.014462788048922945,0.8144181651444713,22.674570088587803
same_ren,590,17,590,30,True,/users/delfos/aina/secoem-VSS/scentree-gen-remote/same_ren_scentree/scenariotree_590/results_17.json,2876,31,151,92.7741935483871,151,3.9072847682119205,32,0.001694915254237288,0.05423728813559322,0.010331612654898195,0.8556629520562461,43.97422940879232
same_ren,590,18,590,30,True,/users/delfos/aina/secoem-VSS/scentree-gen-remote/same_ren_scentree/scenariotree_590/results_18.json,3542,31,158,114.25806451612904,158,3.7341772151898733,85,0.001694915254237288,0.1440677966101695,0.01362008713387739,0.8293571483085189,28.05900370788328
same_ren,590,19,590,30,True,/users/delfos/aina/secoem-VSS/scentree-gen-remote/same_ren_scentree/scenariotree_590/results_19.json,3448,31,153,111.2258064516129,153,3.8562091503267975,61,0.001694915254237288,0.10338983050847457,0.012357291638938192,0.8304957784155307,33.44542659492698
same_ren,590,2,590,30,True,/users/delfos/aina/secoem-VSS/scentree-gen-remote/same_ren_scentree/scenariotree_590/results_2.json,2994,31,136,96.58064516129032,136,4.338235294117647,74,0.001694915254237288,0.12542372881355932,0.013919415593552396,0.8307375704194442,29.670985339243096
same_ren,590,20,590,30,True,/users/delfos/aina/secoem-VSS/scentree-gen-remote/same_ren_scentree/scenariotree_590/results_20.json,3322,31,166,107.16129032258064,166,3.5542168674698793,55,0.001694915254237288,0.09322033898305085,0.012041770663735052,0.8256726806307441,33.22833142420771
same_ren,590,21,590,30,True,/users/delfos/aina/secoem-VSS/scentree-gen-remote/same_ren_scentree/scenariotree_590/results_21.json,3052,31,170,98.45161290322581,170,3.4705882352941178,49,0.001694915254237288,0.08305084745762711,0.010792132828265395,0.8416646860114406,38.93736017897091
same_ren,590,22,590,30,True,/users/delfos/aina/secoem-VSS/scentree-gen-remote/same_ren_scentree/scenariotree_590/results_22.json,3348,31,176,108.0,176,3.352272727272727,88,0.001694915254237288,0.14915254237288136,0.01286131909308039,0.8330985077645933,28.740092470277407
same_ren,590,23,590,30,True,/users/delfos/aina/secoem-VSS/scentree-gen-remote/same_ren_scentree/scenariotree_590/results_23.json,4013,31,180,129.4516129032258,180,3.2777777777777777,72,0.001694915254237288,0.12203389830508475,0.011737355178111922,0.8312268632762781,32.94529623320083
same_ren,590,24,590,30,True,/users/delfos/aina/secoem-VSS/scentree-gen-remote/same_ren_scentree/scenariotree_590/results_24.json,3632,31,162,117.16129032258064,162,3.6419753086419755,46,0.001694915254237288,0.07796610169491526,0.011060911984299933,0.8488270796154288,38.47259062776303
same_ren,590,25,590,30,True,/users/delfos/aina/secoem-VSS/scentree-gen-remote/same_ren_scentree/scenariotree_590/results_25.json,3525,31,184,113.70967741935483,184,3.2065217391304346,61,0.001694915254237288,0.10338983050847457,0.011786612104005554,0.8274695695663529,32.2613531047266
same_ren,590,26,590,30,True,/users/delfos/aina/secoem-VSS/scentree-gen-remote/same_ren_scentree/scenariotree_590/results_26.json,4072,31,167,131.3548387096774,167,3.532934131736527,61,0.001694915254237288,0.10338983050847457,0.012643898866022544,0.8302338521484554,30.594129020917563
same_ren,590,27,590,30,True,/users/delfos/aina/secoem-VSS/scentree-gen-remote/same_ren_scentree/scenariotree_590/results_27.json,3082,31,138,99.41935483870968,138,4.27536231884058,39,0.001694915254237288,0.06610169491525424,0.009787231662485275,0.8765769656744542,48.86299831555306
same_ren,590,28,590,30,True,/users/delfos/aina/secoem-VSS/scentree-gen-remote/same_ren_scentree/scenariotree_590/results_28.json,3360,31,152,108.38709677419355,152,3.8815789473684212,43,0.001694915254237288,0.07288135593220339,0.0112123854554058,0.8450405636609014,38.92865130843212
same_ren,590,29,590,30,True,/users/delfos/aina/secoem-VSS/scentree-gen-remote/same_ren_scentree/scenariotree_590/results_29.json,3254,31,154,104.96774193548387,154,3.831168831168831,50,0.001694915254237288,0.0847457627118644,0.011288836241558046,0.8497353637966466,38.286405631324236
same_ren,590,3,590,30,True,/users/delfos/aina/secoem-VSS/scentree-gen-remote/same_ren_scentree/scenariotree_590/results_3.json,3723,31,186,120.09677419354838,186,3.172043010752688,48,0.001694915254237288,0.08135593220338982,0.009679667174076869,0.8562743342208021,43.85235575711766
same_ren,590,30,590,30,True,/users/delfos/aina/secoem-VSS/scentree-gen-remote/same_ren_scentree/scenariotree_590/results_30.json,4375,31,177,141.1290322580645,177,3.3333333333333335,49,0.001694915254237288,0.08305084745762711,0.010799031681477448,0.8414479288850912,38.03540209790209
same_ren,590,31,590,30,True,/users/delfos/aina/secoem-VSS/scentree-gen-remote/same_ren_scentree/scenariotree_590/results_31.json,3240,31,145,104.51612903225806,145,4.068965517241379,61,0.001694915254237288,0.10338983050847457,0.011437861717861764,0.8607784077260842,38.66059529098179
same_ren,590,4,590,30,True,/users/delfos/aina/secoem-VSS/scentree-gen-remote/same_ren_scentree/scenariotree_590/results_4.json,3669,31,180,118.35483870967742,180,3.2777777777777777,61,0.001694915254237288,0.10338983050847457,0.012786417356578402,0.8157883114005319,28.584332402693384
same_ren,590,5,590,30,True,/users/delfos/aina/secoem-VSS/scentree-gen-remote/same_ren_scentree/scenariotree_590/results_5.json,3273,31,183,105.58064516129032,183,3.2240437158469946,43,0.001694915254237288,0.07288135593220339,0.009873286668157613,0.8443739428385926,42.911735700197234
same_ren,590,6,590,30,True,/users/delfos/aina/secoem-VSS/scentree-gen-remote/same_ren_scentree/scenariotree_590/results_6.json,3644,31,167,117.54838709677419,167,3.532934131736527,85,0.001694915254237288,0.1440677966101695,0.01316249793390534,0.8259864909652684,28.636064494899635
same_ren,590,7,590,30,True,/users/delfos/aina/secoem-VSS/scentree-gen-remote/same_ren_scentree/scenariotree_590/results_7.json,3223,31,170,103.96774193548387,170,3.4705882352941178,54,0.001694915254237288,0.09152542372881356,0.011587972421481265,0.8371588238254634,34.83089853912347
same_ren,590,8,590,30,True,/users/delfos/aina/secoem-VSS/scentree-gen-remote/same_ren_scentree/scenariotree_590/results_8.json,3792,31,182,122.3225806451613,182,3.241758241758242,60,0.001694915254237288,0.1016949152542373,0.010405289698975497,0.8471373981727944,39.68308253533971
same_ren,590,9,590,30,True,/users/delfos/aina/secoem-VSS/scentree-gen-remote/same_ren_scentree/scenariotree_590/results_9.json,3587,31,156,115.70967741935483,156,3.782051282051282,38,0.001694915254237288,0.06440677966101695,0.010370842527491757,0.8564874219952384,43.12438057482657
same_ren,60,1,60,30,True,/users/delfos/aina/secoem-VSS/scentree-gen-remote/same_ren_scentree/scenariotree_60/results_1.json,945,31,36,30.483870967741936,36,1.6666666666666667,13,0.016666666666666666,0.21666666666666667,0.03600411499115477,0.8834527155220937,13.432835820895521
same_ren,60,10,60,30,True,/users/delfos/aina/secoem-VSS/scentree-gen-remote/same_ren_scentree/scenariotree_60/results_10.json,643,31,30,20.741935483870968,30,2.0,19,0.016666666666666666,0.31666666666666665,0.055109318967276645,0.8239549152893355,8.035714285714286
same_ren,60,11,60,30,True,/users/delfos/aina/secoem-VSS/scentree-gen-remote/same_ren_scentree/scenariotree_60/results_11.json,707,31,27,22.806451612903224,27,2.2222222222222223,19,0.016666666666666666,0.31666666666666665,0.059720427765174444,0.8112289735887145,7.5000000000000036
same_ren,60,12,60,30,True,/users/delfos/aina/secoem-VSS/scentree-gen-remote/same_ren_scentree/scenariotree_60/results_12.json,721,31,28,23.258064516129032,28,2.142857142857143,14,0.016666666666666666,0.23333333333333334,0.049544409634963836,0.8417381992545088,9.574468085106382
same_ren,60,13,60,30,True,/users/delfos/aina/secoem-VSS/scentree-gen-remote/same_ren_scentree/scenariotree_60/results_13.json,777,31,30,25.06451612903226,30,2.0,14,0.016666666666666666,0.23333333333333334,0.05374838498865701,0.8145263388506389,8.333333333333332
same_ren,60,14,60,30,True,/users/delfos/aina/secoem-VSS/scentree-gen-remote/same_ren_scentree/scenariotree_60/results_14.json,680,31,29,21.93548387096774,29,2.0689655172413794,12,0.016666666666666666,0.2,0.04264507231974517,0.866837581387799,11.464968152866241
same_ren,60,15,60,30,True,/users/delfos/aina/secoem-VSS/scentree-gen-remote/same_ren_scentree/scenariotree_60/results_15.json,652,31,31,21.032258064516128,31,1.935483870967742,10,0.016666666666666666,0.16666666666666666,0.03437498357665759,0.8924353928357897,14.516129032258062
same_ren,60,16,60,30,True,/users/delfos/aina/secoem-VSS/scentree-gen-remote/same_ren_scentree/scenariotree_60/results_16.json,692,31,29,22.322580645161292,29,2.0689655172413794,14,0.016666666666666666,0.23333333333333334,0.04286909471027935,0.8700483186936184,11.392405063291138
same_ren,60,17,60,30,True,/users/delfos/aina/secoem-VSS/scentree-gen-remote/same_ren_scentree/scenariotree_60/results_17.json,609,31,26,19.64516129032258,26,2.3076923076923075,14,0.016666666666666666,0.23333333333333334,0.053861414198974375,0.8260627916758021,8.780487804878048
same_ren,60,18,60,30,True,/users/delfos/aina/secoem-VSS/scentree-gen-remote/same_ren_scentree/scenariotree_60/results_18.json,778,31,31,25.096774193548388,31,1.935483870967742,11,0.016666666666666666,0.18333333333333332,0.036646006855810695,0.8828998170714828,13.533834586466165
same_ren,60,19,60,30,True,/users/delfos/aina/secoem-VSS/scentree-gen-remote/same_ren_scentree/scenariotree_60/results_19.json,867,31,32,27.967741935483872,32,1.875,9,0.016666666666666666,0.15,0.027873100333874277,0.9209149008303116,17.821782178217823
same_ren,60,2,60,30,True,/users/delfos/aina/secoem-VSS/scentree-gen-remote/same_ren_scentree/scenariotree_60/results_2.json,694,31,28,22.387096774193548,28,2.142857142857143,14,0.016666666666666666,0.23333333333333334,0.05522577859401525,0.8175233634783993,8.256880733944953
same_ren,60,20,60,30,True,/users/delfos/aina/secoem-VSS/scentree-gen-remote/same_ren_scentree/scenariotree_60/results_20.json,673,31,35,21.70967741935484,35,1.7142857142857142,9,0.016666666666666666,0.15,0.027188766521181323,0.919116634756464,18.36734693877551
same_ren,60,21,60,30,True,/users/delfos/aina/secoem-VSS/scentree-gen-remote/same_ren_scentree/scenariotree_60/results_21.json,600,31,27,19.35483870967742,27,2.2222222222222223,9,0.016666666666666666,0.15,0.03374234658942333,0.9018115629175947,14.754098360655737
same_ren,60,22,60,30,True,/users/delfos/aina/secoem-VSS/scentree-gen-remote/same_ren_scentree/scenariotree_60/results_22.json,697,31,32,22.483870967741936,32,1.875,8,0.016666666666666666,0.13333333333333333,0.027873100333874277,0.9167645258375231,17.821782178217823
same_ren,60,23,60,30,True,/users/delfos/aina/secoem-VSS/scentree-gen-remote/same_ren_scentree/scenariotree_60/results_23.json,658,31,27,21.225806451612904,27,2.2222222222222223,14,0.016666666666666666,0.23333333333333334,0.056716269744865024,0.8098775919570689,8.071748878923767
same_ren,60,24,60,30,True,/users/delfos/aina/secoem-VSS/scentree-gen-remote/same_ren_scentree/scenariotree_60/results_24.json,800,31,31,25.806451612903224,31,1.935483870967742,6,0.016666666666666666,0.1,0.02392322092611504,0.9345951707644014,19.999999999999996
same_ren,60,25,60,30,True,/users/delfos/aina/secoem-VSS/scentree-gen-remote/same_ren_scentree/scenariotree_60/results_25.json,869,31,34,28.032258064516128,34,1.7647058823529411,11,0.016666666666666666,0.18333333333333332,0.03260448852610959,0.8992215881656564,15.254237288135592
same_ren,60,26,60,30,True,/users/delfos/aina/secoem-VSS/scentree-gen-remote/same_ren_scentree/scenariotree_60/results_26.json,741,31,29,23.903225806451612,29,2.0689655172413794,11,0.016666666666666666,0.18333333333333332,0.04353424566530028,0.8533518872536219,11.180124223602485
same_ren,60,27,60,30,True,/users/delfos/aina/secoem-VSS/scentree-gen-remote/same_ren_scentree/scenariotree_60/results_27.json,885,31,38,28.548387096774192,38,1.5789473684210527,13,0.016666666666666666,0.21666666666666667,0.032809831946079025,0.9020800946867599,14.876033057851236
same_ren,60,28,60,30,True,/users/delfos/aina/secoem-VSS/scentree-gen-remote/same_ren_scentree/scenariotree_60/results_28.json,808,31,34,26.06451612903226,34,1.7647058823529411,9,0.016666666666666666,0.15,0.030534140200779283,0.9054098422704782,16.363636363636363
same_ren,60,29,60,30,True,/users/delfos/aina/secoem-VSS/scentree-gen-remote/same_ren_scentree/scenariotree_60/results_29.json,797,31,31,25.70967741935484,31,1.935483870967742,7,0.016666666666666666,0.11666666666666667,0.024660956862752076,0.9328052101522096,19.565217391304344
same_ren,60,3,60,30,True,/users/delfos/aina/secoem-VSS/scentree-gen-remote/same_ren_scentree/scenariotree_60/results_3.json,680,31,28,21.93548387096774,28,2.142857142857143,19,0.016666666666666666,0.31666666666666665,0.05870870479018072,0.8119261762229069,7.563025210084037
same_ren,60,30,60,30,True,/users/delfos/aina/secoem-VSS/scentree-gen-remote/same_ren_scentree/scenariotree_60/results_30.json,948,31,36,30.580645161290324,36,1.6666666666666667,7,0.016666666666666666,0.11666666666666667,0.02290614236454256,0.9313083143391391,21.42857142857143
same_ren,60,31,60,30,True,/users/delfos/aina/secoem-VSS/scentree-gen-remote/same_ren_scentree/scenariotree_60/results_31.json,650,31,28,20.967741935483872,28,2.142857142857143,7,0.016666666666666666,0.11666666666666667,0.026619856874997495,0.9312917052790869,17.999999999999996
same_ren,60,4,60,30,True,/users/delfos/aina/secoem-VSS/scentree-gen-remote/same_ren_scentree/scenariotree_60/results_4.json,723,31,26,23.322580645161292,26,2.3076923076923075,14,0.016666666666666666,0.23333333333333334,0.05037662231894487,0.8422143180403224,9.574468085106382
same_ren,60,5,60,30,True,/users/delfos/aina/secoem-VSS/scentree-gen-remote/same_ren_scentree/scenariotree_60/results_5.json,711,31,27,22.93548387096774,27,2.2222222222222223,14,0.016666666666666666,0.23333333333333334,0.0438228132081453,0.8718956327846006,11.25
same_ren,60,6,60,30,True,/users/delfos/aina/secoem-VSS/scentree-gen-remote/same_ren_scentree/scenariotree_60/results_6.json,830,31,31,26.774193548387096,31,1.935483870967742,14,0.016666666666666666,0.23333333333333334,0.04398099212089797,0.8544643619135158,10.843373493975902
same_ren,60,7,60,30,True,/users/delfos/aina/secoem-VSS/scentree-gen-remote/same_ren_scentree/scenariotree_60/results_7.json,759,31,32,24.483870967741936,32,1.875,16,0.016666666666666666,0.26666666666666666,0.04404661356638744,0.8687966607523125,10.714285714285714
same_ren,60,8,60,30,True,/users/delfos/aina/secoem-VSS/scentree-gen-remote/same_ren_scentree/scenariotree_60/results_8.json,771,31,33,24.870967741935484,33,1.8181818181818181,8,0.016666666666666666,0.13333333333333333,0.027356772856466347,0.9177985128329249,18.181818181818183
same_ren,60,9,60,30,True,/users/delfos/aina/secoem-VSS/scentree-gen-remote/same_ren_scentree/scenariotree_60/results_9.json,753,31,31,24.29032258064516,31,1.935483870967742,6,0.016666666666666666,0.1,0.02708525100604301,0.9179270839817701,18.18181818181818
same_ren,600,1,600,30,True,/users/delfos/aina/secoem-VSS/scentree-gen-remote/same_ren_scentree/scenariotree_600/results_1.json,3841,31,155,123.90322580645162,155,3.870967741935484,59,0.0016666666666666668,0.09833333333333333,0.010601463477487106,0.8611877201713571,41.889690481731435
same_ren,600,10,600,30,True,/users/delfos/aina/secoem-VSS/scentree-gen-remote/same_ren_scentree/scenariotree_600/results_10.json,3558,31,171,114.7741935483871,171,3.508771929824561,59,0.0016666666666666668,0.09833333333333333,0.011895375097161282,0.8318719311739545,33.28402366863905
same_ren,600,11,600,30,True,/users/delfos/aina/secoem-VSS/scentree-gen-remote/same_ren_scentree/scenariotree_600/results_11.json,3972,31,178,128.1290322580645,178,3.3707865168539324,34,0.0016666666666666668,0.056666666666666664,0.009059664976842609,0.857872011942299,49.436967865970885
same_ren,600,12,600,30,True,/users/delfos/aina/secoem-VSS/scentree-gen-remote/same_ren_scentree/scenariotree_600/results_12.json,3068,31,162,98.96774193548387,162,3.7037037037037037,44,0.0016666666666666668,0.07333333333333333,0.010396608488776132,0.8494280928140315,42.223786066150595
same_ren,600,13,600,30,True,/users/delfos/aina/secoem-VSS/scentree-gen-remote/same_ren_scentree/scenariotree_600/results_13.json,3656,31,183,117.93548387096774,183,3.278688524590164,71,0.0016666666666666668,0.11833333333333333,0.012277643978809585,0.8193439888118653,30.2571860816944
same_ren,600,14,600,30,True,/users/delfos/aina/secoem-VSS/scentree-gen-remote/same_ren_scentree/scenariotree_600/results_14.json,3522,31,181,113.61290322580645,181,3.314917127071823,89,0.0016666666666666668,0.14833333333333334,0.012226786880872585,0.8451831869814145,30.690537084398972
same_ren,600,15,600,30,True,/users/delfos/aina/secoem-VSS/scentree-gen-remote/same_ren_scentree/scenariotree_600/results_15.json,3560,31,193,114.83870967741936,193,3.1088082901554404,51,0.0016666666666666668,0.085,0.008865328883706135,0.8689787773140764,49.14004914004914
same_ren,600,16,600,30,True,/users/delfos/aina/secoem-VSS/scentree-gen-remote/same_ren_scentree/scenariotree_600/results_16.json,3706,31,160,119.54838709677419,160,3.75,54,0.0016666666666666668,0.09,0.012462443580614517,0.8267419317021631,32.15434083601286
same_ren,600,17,600,30,True,/users/delfos/aina/secoem-VSS/scentree-gen-remote/same_ren_scentree/scenariotree_600/results_17.json,3645,31,163,117.58064516129032,163,3.6809815950920246,54,0.0016666666666666668,0.09,0.011749930051674193,0.8297915330992669,34.91755577109602
same_ren,600,18,600,30,True,/users/delfos/aina/secoem-VSS/scentree-gen-remote/same_ren_scentree/scenariotree_600/results_18.json,3870,31,164,124.83870967741936,164,3.658536585365854,59,0.0016666666666666668,0.09833333333333333,0.011462261373113831,0.8388157379887017,36.173633440514465
same_ren,600,19,600,30,True,/users/delfos/aina/secoem-VSS/scentree-gen-remote/same_ren_scentree/scenariotree_600/results_19.json,3058,31,173,98.64516129032258,173,3.468208092485549,82,0.0016666666666666668,0.13666666666666666,0.01389881959041425,0.809819263916572,25.510204081632654
same_ren,600,2,600,30,True,/users/delfos/aina/secoem-VSS/scentree-gen-remote/same_ren_scentree/scenariotree_600/results_2.json,3852,31,167,124.25806451612904,167,3.592814371257485,62,0.0016666666666666668,0.10333333333333333,0.01108119745695076,0.8444951962776428,37.74376179492556
same_ren,600,20,600,30,True,/users/delfos/aina/secoem-VSS/scentree-gen-remote/same_ren_scentree/scenariotree_600/results_20.json,3419,31,161,110.29032258064517,161,3.7267080745341614,54,0.0016666666666666668,0.09,0.013012426477975271,0.8132064501630483,29.87551867219917
same_ren,600,21,600,30,True,/users/delfos/aina/secoem-VSS/scentree-gen-remote/same_ren_scentree/scenariotree_600/results_21.json,3397,31,165,109.58064516129032,165,3.6363636363636362,42,0.0016666666666666668,0.07,0.010686992800638824,0.8388564309250033,40.15168414008476
same_ren,600,22,600,30,True,/users/delfos/aina/secoem-VSS/scentree-gen-remote/same_ren_scentree/scenariotree_600/results_22.json,3457,31,188,111.51612903225806,188,3.1914893617021276,73,0.0016666666666666668,0.12166666666666667,0.01123117441358269,0.840451349611831,34.44316877152698
same_ren,600,23,600,30,True,/users/delfos/aina/secoem-VSS/scentree-gen-remote/same_ren_scentree/scenariotree_600/results_23.json,3649,31,160,117.70967741935483,160,3.75,50,0.0016666666666666668,0.08333333333333333,0.010828524573756318,0.8435293931644297,39.982230119946685
same_ren,600,24,600,30,True,/users/delfos/aina/secoem-VSS/scentree-gen-remote/same_ren_scentree/scenariotree_600/results_24.json,3492,31,167,112.64516129032258,167,3.592814371257485,59,0.0016666666666666668,0.09833333333333333,0.01208771954064834,0.8360848150270046,32.90676416819012
same_ren,600,25,600,30,True,/users/delfos/aina/secoem-VSS/scentree-gen-remote/same_ren_scentree/scenariotree_600/results_25.json,3866,31,168,124.70967741935483,168,3.5714285714285716,43,0.0016666666666666668,0.07166666666666667,0.010266893789636645,0.8492165852997129,42.26344212256398
same_ren,600,26,600,30,True,/users/delfos/aina/secoem-VSS/scentree-gen-remote/same_ren_scentree/scenariotree_600/results_26.json,3664,31,152,118.19354838709677,152,3.9473684210526314,54,0.0016666666666666668,0.09,0.010952097775111053,0.8567653300058179,40.304523063143755
same_ren,600,27,600,30,True,/users/delfos/aina/secoem-VSS/scentree-gen-remote/same_ren_scentree/scenariotree_600/results_27.json,3280,31,163,105.80645161290323,163,3.6809815950920246,58,0.0016666666666666668,0.09666666666666666,0.01069294042013904,0.8541239043571203,40.36779546983628
same_ren,600,28,600,30,True,/users/delfos/aina/secoem-VSS/scentree-gen-remote/same_ren_scentree/scenariotree_600/results_28.json,3440,31,176,110.96774193548387,176,3.409090909090909,59,0.0016666666666666668,0.09833333333333333,0.01180955881997705,0.8284142016919577,33.08215401580592
same_ren,600,29,600,30,True,/users/delfos/aina/secoem-VSS/scentree-gen-remote/same_ren_scentree/scenariotree_600/results_29.json,3590,31,184,115.80645161290323,184,3.260869565217391,82,0.0016666666666666668,0.13666666666666666,0.012253288933467641,0.8346237970042863,30.247017308015465
same_ren,600,3,600,30,True,/users/delfos/aina/secoem-VSS/scentree-gen-remote/same_ren_scentree/scenariotree_600/results_3.json,3666,31,176,118.25806451612904,176,3.409090909090909,59,0.0016666666666666668,0.09833333333333333,0.011111340677150972,0.8415406842209885,36.48155654641264
same_ren,600,30,600,30,True,/users/delfos/aina/secoem-VSS/scentree-gen-remote/same_ren_scentree/scenariotree_600/results_30.json,3456,31,174,111.48387096774194,174,3.4482758620689653,82,0.0016666666666666668,0.13666666666666666,0.014352252106528515,0.8038204984723221,24.044883783061714
same_ren,600,31,600,30,True,/users/delfos/aina/secoem-VSS/scentree-gen-remote/same_ren_scentree/scenariotree_600/results_31.json,4330,31,181,139.67741935483872,181,3.314917127071823,58,0.0016666666666666668,0.09666666666666666,0.010680534352455097,0.8392163266344623,38.20844831246019
same_ren,600,4,600,30,True,/users/delfos/aina/secoem-VSS/scentree-gen-remote/same_ren_scentree/scenariotree_600/results_4.json,3777,31,171,121.83870967741936,171,3.508771929824561,42,0.0016666666666666668,0.07,0.010089541322021505,0.8550496807519626,43.000477783086474
same_ren,600,5,600,30,True,/users/delfos/aina/secoem-VSS/scentree-gen-remote/same_ren_scentree/scenariotree_600/results_5.json,4309,31,213,139.0,213,2.816901408450704,99,0.0016666666666666668,0.165,0.012453282105425383,0.8268142862215481,26.505669268149017
same_ren,600,6,600,30,True,/users/delfos/aina/secoem-VSS/scentree-gen-remote/same_ren_scentree/scenariotree_600/results_6.json,3555,31,170,114.6774193548387,170,3.5294117647058822,62,0.0016666666666666668,0.10333333333333333,0.010959188210281532,0.8473706304364589,38.02281368821292
same_ren,600,7,600,30,True,/users/delfos/aina/secoem-VSS/scentree-gen-remote/same_ren_scentree/scenariotree_600/results_7.json,3687,31,186,118.93548387096774,186,3.225806451612903,35,0.0016666666666666668,0.058333333333333334,0.008467130318698012,0.868593145829642,53.44418052256532
same_ren,600,8,600,30,True,/users/delfos/aina/secoem-VSS/scentree-gen-remote/same_ren_scentree/scenariotree_600/results_8.json,3203,31,157,103.3225806451613,157,3.821656050955414,57,0.0016666666666666668,0.095,0.011166093379322322,0.8487526257778862,38.54389721627409
same_ren,600,9,600,30,True,/users/delfos/aina/secoem-VSS/scentree-gen-remote/same_ren_scentree/scenariotree_600/results_9.json,3327,31,153,107.3225806451613,153,3.9215686274509802,50,0.0016666666666666668,0.08333333333333333,0.010968909339799743,0.849632550834544,40.089086859688194
same_ren,70,1,70,30,True,/users/delfos/aina/secoem-VSS/scentree-gen-remote/same_ren_scentree/scenariotree_70/results_1.json,615,31,38,19.838709677419356,38,1.8421052631578947,9,0.014285714285714285,0.12857142857142856,0.026121733482767234,0.9116819240705456,19.140625
same_ren,70,10,70,30,True,/users/delfos/aina/secoem-VSS/scentree-gen-remote/same_ren_scentree/scenariotree_70/results_10.json,575,31,27,18.548387096774192,27,2.5925925925925926,13,0.014285714285714285,0.18571428571428572,0.04403311803505435,0.8516922932720806,11.187214611872143
same_ren,70,11,70,30,True,/users/delfos/aina/secoem-VSS/scentree-gen-remote/same_ren_scentree/scenariotree_70/results_11.json,703,31,29,22.677419354838708,29,2.413793103448276,16,0.014285714285714285,0.22857142857142856,0.05285877262556135,0.8042205777172108,8.657243816254415
same_ren,70,12,70,30,True,/users/delfos/aina/secoem-VSS/scentree-gen-remote/same_ren_scentree/scenariotree_70/results_12.json,831,31,42,26.806451612903224,42,1.6666666666666667,9,0.014285714285714285,0.12857142857142856,0.02545345161070708,0.9074982870871376,19.6
same_ren,70,13,70,30,True,/users/delfos/aina/secoem-VSS/scentree-gen-remote/same_ren_scentree/scenariotree_70/results_13.json,680,31,35,21.93548387096774,35,2.0,6,0.014285714285714285,0.08571428571428572,0.018390008695622545,0.9487435241001514,24.747474747474744
same_ren,70,14,70,30,True,/users/delfos/aina/secoem-VSS/scentree-gen-remote/same_ren_scentree/scenariotree_70/results_14.json,631,31,29,20.35483870967742,29,2.413793103448276,13,0.014285714285714285,0.18571428571428572,0.04525589784376691,0.8326261505622913,10.652173913043477
same_ren,70,15,70,30,True,/users/delfos/aina/secoem-VSS/scentree-gen-remote/same_ren_scentree/scenariotree_70/results_15.json,585,31,30,18.870967741935484,30,2.3333333333333335,16,0.014285714285714285,0.22857142857142856,0.04537573047455846,0.8378638296274596,10.515021459227468
same_ren,70,16,70,30,True,/users/delfos/aina/secoem-VSS/scentree-gen-remote/same_ren_scentree/scenariotree_70/results_16.json,573,31,32,18.483870967741936,32,2.1875,8,0.014285714285714285,0.11428571428571428,0.028445593432274985,0.9047693450815539,17.500000000000004
same_ren,70,17,70,30,True,/users/delfos/aina/secoem-VSS/scentree-gen-remote/same_ren_scentree/scenariotree_70/results_17.json,733,31,40,23.64516129032258,40,1.75,9,0.014285714285714285,0.12857142857142856,0.024691980024919433,0.9174054230440298,20.247933884297524
same_ren,70,18,70,30,True,/users/delfos/aina/secoem-VSS/scentree-gen-remote/same_ren_scentree/scenariotree_70/results_18.json,620,31,31,20.0,31,2.2580645161290325,10,0.014285714285714285,0.14285714285714285,0.036641016372136806,0.8704949282872996,13.535911602209943
same_ren,70,19,70,30,True,/users/delfos/aina/secoem-VSS/scentree-gen-remote/same_ren_scentree/scenariotree_70/results_19.json,671,31,34,21.64516129032258,34,2.0588235294117645,16,0.014285714285714285,0.22857142857142856,0.04142439510543273,0.8492041546608032,11.395348837209303
same_ren,70,2,70,30,True,/users/delfos/aina/secoem-VSS/scentree-gen-remote/same_ren_scentree/scenariotree_70/results_2.json,646,31,31,20.838709677419356,31,2.2580645161290325,11,0.014285714285714285,0.15714285714285714,0.034032811866611536,0.8887186785054911,14.670658682634729
same_ren,70,20,70,30,True,/users/delfos/aina/secoem-VSS/scentree-gen-remote/same_ren_scentree/scenariotree_70/results_20.json,637,31,37,20.548387096774192,37,1.8918918918918919,12,0.014285714285714285,0.17142857142857143,0.02852965745468906,0.9074460339516652,17.499999999999996
same_ren,70,21,70,30,True,/users/delfos/aina/secoem-VSS/scentree-gen-remote/same_ren_scentree/scenariotree_70/results_21.json,728,31,39,23.483870967741936,39,1.794871794871795,14,0.014285714285714285,0.2,0.03139516825965732,0.8946256691522176,15.605095541401269
same_ren,70,22,70,30,True,/users/delfos/aina/secoem-VSS/scentree-gen-remote/same_ren_scentree/scenariotree_70/results_22.json,619,31,40,19.967741935483872,40,1.75,16,0.014285714285714285,0.22857142857142856,0.03495624086640616,0.8825618482023262,13.535911602209945
same_ren,70,23,70,30,True,/users/delfos/aina/secoem-VSS/scentree-gen-remote/same_ren_scentree/scenariotree_70/results_23.json,653,31,34,21.06451612903226,34,2.0588235294117645,11,0.014285714285714285,0.15714285714285714,0.03358191798771107,0.8835652234637454,14.759036144578314
same_ren,70,24,70,30,True,/users/delfos/aina/secoem-VSS/scentree-gen-remote/same_ren_scentree/scenariotree_70/results_24.json,611,31,32,19.70967741935484,32,2.1875,13,0.014285714285714285,0.18571428571428572,0.03903123748998999,0.865760125898217,12.5
same_ren,70,25,70,30,True,/users/delfos/aina/secoem-VSS/scentree-gen-remote/same_ren_scentree/scenariotree_70/results_25.json,587,31,31,18.93548387096774,31,2.2580645161290325,12,0.014285714285714285,0.17142857142857143,0.03609798346095141,0.8791154770069335,13.764044943820226
same_ren,70,26,70,30,True,/users/delfos/aina/secoem-VSS/scentree-gen-remote/same_ren_scentree/scenariotree_70/results_26.json,657,31,41,21.193548387096776,41,1.7073170731707317,13,0.014285714285714285,0.18571428571428572,0.032368569094058795,0.8790258846657955,14.848484848484848
same_ren,70,27,70,30,True,/users/delfos/aina/secoem-VSS/scentree-gen-remote/same_ren_scentree/scenariotree_70/results_27.json,764,31,30,24.64516129032258,30,2.3333333333333335,16,0.014285714285714285,0.22857142857142856,0.043225926544419875,0.8600182158964548,11.187214611872143
same_ren,70,28,70,30,True,/users/delfos/aina/secoem-VSS/scentree-gen-remote/same_ren_scentree/scenariotree_70/results_28.json,550,31,33,17.741935483870968,33,2.121212121212121,9,0.014285714285714285,0.12857142857142856,0.027413229781796642,0.9102803588580287,18.14814814814815
same_ren,70,29,70,30,True,/users/delfos/aina/secoem-VSS/scentree-gen-remote/same_ren_scentree/scenariotree_70/results_29.json,754,31,39,24.322580645161292,39,1.794871794871795,7,0.014285714285714285,0.1,0.019187986598840728,0.9413499317315434,24.999999999999986
same_ren,70,3,70,30,True,/users/delfos/aina/secoem-VSS/scentree-gen-remote/same_ren_scentree/scenariotree_70/results_3.json,492,31,31,15.870967741935484,31,2.2580645161290325,14,0.014285714285714285,0.2,0.03770362611812491,0.8747744418885154,13.101604278074864
same_ren,70,30,70,30,True,/users/delfos/aina/secoem-VSS/scentree-gen-remote/same_ren_scentree/scenariotree_70/results_30.json,643,31,30,20.741935483870968,30,2.3333333333333335,11,0.014285714285714285,0.15714285714285714,0.03563483225498992,0.884478114607471,14.0
same_ren,70,31,70,30,True,/users/delfos/aina/secoem-VSS/scentree-gen-remote/same_ren_scentree/scenariotree_70/results_31.json,480,31,27,15.483870967741936,27,2.5925925925925926,15,0.014285714285714285,0.21428571428571427,0.04521875263327301,0.8518650898002363,10.840707964601771
same_ren,70,4,70,30,True,/users/delfos/aina/secoem-VSS/scentree-gen-remote/same_ren_scentree/scenariotree_70/results_4.json,729,31,35,23.516129032258064,35,2.0,18,0.014285714285714285,0.2571428571428571,0.04182428884065142,0.8618910984102043,11.136363636363638
same_ren,70,5,70,30,True,/users/delfos/aina/secoem-VSS/scentree-gen-remote/same_ren_scentree/scenariotree_70/results_5.json,673,31,35,21.70967741935484,35,2.0,9,0.014285714285714285,0.12857142857142856,0.026671525310538024,0.9111170595165984,18.702290076335878
same_ren,70,6,70,30,True,/users/delfos/aina/secoem-VSS/scentree-gen-remote/same_ren_scentree/scenariotree_70/results_6.json,644,31,36,20.774193548387096,36,1.9444444444444444,14,0.014285714285714285,0.2,0.031396889595003946,0.9062646105670937,15.80645161290322
same_ren,70,7,70,30,True,/users/delfos/aina/secoem-VSS/scentree-gen-remote/same_ren_scentree/scenariotree_70/results_7.json,741,31,37,23.903225806451612,37,1.8918918918918919,14,0.014285714285714285,0.2,0.03164610288377787,0.9004585133046408,15.605095541401273
same_ren,70,8,70,30,True,/users/delfos/aina/secoem-VSS/scentree-gen-remote/same_ren_scentree/scenariotree_70/results_8.json,592,31,40,19.096774193548388,40,1.75,7,0.014285714285714285,0.1,0.022531157565125005,0.923329178645851,22.07207207207207
same_ren,70,9,70,30,True,/users/delfos/aina/secoem-VSS/scentree-gen-remote/same_ren_scentree/scenariotree_70/results_9.json,642,31,35,20.70967741935484,35,2.0,9,0.014285714285714285,0.12857142857142856,0.029574238257529466,0.8961140661154403,16.896551724137932
same_ren,80,1,80,30,True,/users/delfos/aina/secoem-VSS/scentree-gen-remote/same_ren_scentree/scenariotree_80/results_1.json,698,31,39,22.516129032258064,39,2.051282051282051,8,0.0125,0.1,0.02020502245189037,0.9343735745360613,24.060150375939845
same_ren,80,10,80,30,True,/users/delfos/aina/secoem-VSS/scentree-gen-remote/same_ren_scentree/scenariotree_80/results_10.json,509,31,34,16.419354838709676,34,2.3529411764705883,15,0.0125,0.1875,0.0378515814006875,0.8564382353139778,12.8
same_ren,80,11,80,30,True,/users/delfos/aina/secoem-VSS/scentree-gen-remote/same_ren_scentree/scenariotree_80/results_11.json,612,31,39,19.741935483870968,39,2.051282051282051,13,0.0125,0.1625,0.030083846231429005,0.8851371139131248,16.410256410256412
same_ren,80,12,80,30,True,/users/delfos/aina/secoem-VSS/scentree-gen-remote/same_ren_scentree/scenariotree_80/results_12.json,610,31,35,19.677419354838708,35,2.2857142857142856,20,0.0125,0.25,0.04168026988827188,0.8545167279515579,11.188811188811192
same_ren,80,13,80,30,True,/users/delfos/aina/secoem-VSS/scentree-gen-remote/same_ren_scentree/scenariotree_80/results_13.json,592,31,47,19.096774193548388,47,1.702127659574468,7,0.0125,0.0875,0.015666677101088447,0.9459033261724172,30.47619047619048
same_ren,80,14,80,30,True,/users/delfos/aina/secoem-VSS/scentree-gen-remote/same_ren_scentree/scenariotree_80/results_14.json,783,31,33,25.258064516129032,33,2.4242424242424243,15,0.0125,0.1875,0.03481965210388302,0.8821484918144759,14.222222222222221
same_ren,80,15,80,30,True,/users/delfos/aina/secoem-VSS/scentree-gen-remote/same_ren_scentree/scenariotree_80/results_15.json,821,31,42,26.483870967741936,42,1.9047619047619047,14,0.0125,0.175,0.03035130662852848,0.8812248203168818,16.000000000000004
same_ren,80,16,80,30,True,/users/delfos/aina/secoem-VSS/scentree-gen-remote/same_ren_scentree/scenariotree_80/results_16.json,697,31,34,22.483870967741936,34,2.3529411764705883,12,0.0125,0.15,0.03291621953764616,0.8786287016513152,15.094339622641508
same_ren,80,17,80,30,True,/users/delfos/aina/secoem-VSS/scentree-gen-remote/same_ren_scentree/scenariotree_80/results_17.json,683,31,34,22.032258064516128,34,2.3529411764705883,16,0.0125,0.2,0.038334148228638454,0.8553023333082737,12.598425196850393
same_ren,80,18,80,30,True,/users/delfos/aina/secoem-VSS/scentree-gen-remote/same_ren_scentree/scenariotree_80/results_18.json,677,31,38,21.838709677419356,38,2.1052631578947367,14,0.0125,0.175,0.029634488498829492,0.8933698105969473,16.753926701570684
same_ren,80,19,80,30,True,/users/delfos/aina/secoem-VSS/scentree-gen-remote/same_ren_scentree/scenariotree_80/results_19.json,614,31,38,19.806451612903224,38,2.1052631578947367,15,0.0125,0.1875,0.031386474847043586,0.8859626926632208,15.686274509803921
same_ren,80,2,80,30,True,/users/delfos/aina/secoem-VSS/scentree-gen-remote/same_ren_scentree/scenariotree_80/results_2.json,821,31,37,26.483870967741936,37,2.1621621621621623,12,0.0125,0.15,0.03294568543009432,0.8704483401509289,14.883720930232558
same_ren,80,20,80,30,True,/users/delfos/aina/secoem-VSS/scentree-gen-remote/same_ren_scentree/scenariotree_80/results_20.json,788,31,38,25.419354838709676,38,2.1052631578947367,11,0.0125,0.1375,0.03203481269457856,0.8681169982637267,15.311004784688999
same_ren,80,21,80,30,True,/users/delfos/aina/secoem-VSS/scentree-gen-remote/same_ren_scentree/scenariotree_80/results_21.json,695,31,40,22.419354838709676,40,2.0,13,0.0125,0.1625,0.02958039891549808,0.885101650715738,16.666666666666668
same_ren,80,22,80,30,True,/users/delfos/aina/secoem-VSS/scentree-gen-remote/same_ren_scentree/scenariotree_80/results_22.json,734,31,42,23.677419354838708,42,1.9047619047619047,13,0.0125,0.1625,0.028842955808537424,0.884995722482645,17.02127659574468
same_ren,80,23,80,30,True,/users/delfos/aina/secoem-VSS/scentree-gen-remote/same_ren_scentree/scenariotree_80/results_23.json,687,31,38,22.161290322580644,38,2.1052631578947367,14,0.0125,0.175,0.03950656525263797,0.8324704571145475,11.678832116788326
same_ren,80,24,80,30,True,/users/delfos/aina/secoem-VSS/scentree-gen-remote/same_ren_scentree/scenariotree_80/results_24.json,799,31,40,25.774193548387096,40,2.0,8,0.0125,0.1,0.023385358667337135,0.9151177805226846,21.33333333333333
same_ren,80,25,80,30,True,/users/delfos/aina/secoem-VSS/scentree-gen-remote/same_ren_scentree/scenariotree_80/results_25.json,868,31,45,28.0,45,1.7777777777777777,17,0.0125,0.2125,0.031390117970037,0.8823027992721381,15.02347417840376
same_ren,80,26,80,30,True,/users/delfos/aina/secoem-VSS/scentree-gen-remote/same_ren_scentree/scenariotree_80/results_26.json,644,31,48,20.774193548387096,48,1.6666666666666667,18,0.0125,0.225,0.030654039519921173,0.8917493515110657,15.165876777251183
same_ren,80,27,80,30,True,/users/delfos/aina/secoem-VSS/scentree-gen-remote/same_ren_scentree/scenariotree_80/results_27.json,507,31,39,16.35483870967742,39,2.051282051282051,11,0.0125,0.1375,0.029273894189180614,0.8873972083174682,16.931216931216934
same_ren,80,28,80,30,True,/users/delfos/aina/secoem-VSS/scentree-gen-remote/same_ren_scentree/scenariotree_80/results_28.json,820,31,41,26.451612903225808,41,1.951219512195122,11,0.0125,0.1375,0.02453084474377005,0.9095852639833711,20.38216560509554
same_ren,80,29,80,30,True,/users/delfos/aina/secoem-VSS/scentree-gen-remote/same_ren_scentree/scenariotree_80/results_29.json,802,31,52,25.870967741935484,52,1.5384615384615385,14,0.0125,0.175,0.024693011612300496,0.9047042774355402,19.631901840490805
same_ren,80,3,80,30,True,/users/delfos/aina/secoem-VSS/scentree-gen-remote/same_ren_scentree/scenariotree_80/results_3.json,711,31,44,22.93548387096774,44,1.8181818181818181,7,0.0125,0.0875,0.018706906401311736,0.9321232344203976,26.229508196721316
same_ren,80,30,80,30,True,/users/delfos/aina/secoem-VSS/scentree-gen-remote/same_ren_scentree/scenariotree_80/results_30.json,819,31,38,26.419354838709676,38,2.1052631578947367,25,0.0125,0.3125,0.05055526171957402,0.7968346230747088,8.101265822784812
same_ren,80,31,80,30,True,/users/delfos/aina/secoem-VSS/scentree-gen-remote/same_ren_scentree/scenariotree_80/results_31.json,887,31,54,28.612903225806452,54,1.4814814814814814,5,0.0125,0.0625,0.011216705036653443,0.9635620199717206,39.50617283950616
same_ren,80,4,80,30,True,/users/delfos/aina/secoem-VSS/scentree-gen-remote/same_ren_scentree/scenariotree_80/results_4.json,583,31,36,18.806451612903224,36,2.2222222222222223,14,0.0125,0.175,0.02991758226185836,0.9030971958210979,16.66666666666667
same_ren,80,5,80,30,True,/users/delfos/aina/secoem-VSS/scentree-gen-remote/same_ren_scentree/scenariotree_80/results_5.json,814,31,42,26.258064516129032,42,1.9047619047619047,10,0.0125,0.125,0.023434547244082768,0.9113681044537417,21.333333333333332
same_ren,80,6,80,30,True,/users/delfos/aina/secoem-VSS/scentree-gen-remote/same_ren_scentree/scenariotree_80/results_6.json,698,31,35,22.516129032258064,35,2.2857142857142856,13,0.0125,0.1625,0.03308153193402689,0.8768283467556878,14.953271028037385
same_ren,80,7,80,30,True,/users/delfos/aina/secoem-VSS/scentree-gen-remote/same_ren_scentree/scenariotree_80/results_7.json,821,31,39,26.483870967741936,39,2.051282051282051,14,0.0125,0.175,0.03201921472754405,0.8751643568574333,15.23809523809524
same_ren,80,8,80,30,True,/users/delfos/aina/secoem-VSS/scentree-gen-remote/same_ren_scentree/scenariotree_80/results_8.json,704,31,37,22.70967741935484,37,2.1621621621621623,9,0.0125,0.1125,0.024917687722413207,0.9147112646809313,20.0
same_ren,80,9,80,30,True,/users/delfos/aina/secoem-VSS/scentree-gen-remote/same_ren_scentree/scenariotree_80/results_9.json,716,31,38,23.096774193548388,38,2.1052631578947367,11,0.0125,0.1375,0.024297612253446562,0.918366186725308,20.512820512820515
same_ren,90,1,90,30,True,/users/delfos/aina/secoem-VSS/scentree-gen-remote/same_ren_scentree/scenariotree_90/results_1.json,988,31,44,31.870967741935484,44,2.0454545454545454,9,0.011111111111111112,0.1,0.017074890408461586,0.9419857291595921,28.125
same_ren,90,10,90,30,True,/users/delfos/aina/secoem-VSS/scentree-gen-remote/same_ren_scentree/scenariotree_90/results_10.json,1202,31,46,38.774193548387096,46,1.9565217391304348,20,0.011111111111111112,0.2222222222222222,0.03543734286974551,0.848464411009058,12.577639751552793
same_ren,90,11,90,30,True,/users/delfos/aina/secoem-VSS/scentree-gen-remote/same_ren_scentree/scenariotree_90/results_11.json,1064,31,49,34.32258064516129,49,1.836734693877551,11,0.011111111111111112,0.12222222222222222,0.020121442677078473,0.9208335303238858,24.846625766871163
same_ren,90,12,90,30,True,/users/delfos/aina/secoem-VSS/scentree-gen-remote/same_ren_scentree/scenariotree_90/results_12.json,1212,31,45,39.096774193548384,45,2.0,12,0.011111111111111112,0.13333333333333333,0.022222222222222223,0.9174656495642515,22.5
same_ren,90,13,90,30,True,/users/delfos/aina/secoem-VSS/scentree-gen-remote/same_ren_scentree/scenariotree_90/results_13.json,1065,31,39,34.354838709677416,39,2.3076923076923075,13,0.011111111111111112,0.14444444444444443,0.02688347831814347,0.8984708042242241,18.57798165137615
same_ren,90,14,90,30,True,/users/delfos/aina/secoem-VSS/scentree-gen-remote/same_ren_scentree/scenariotree_90/results_14.json,1113,31,42,35.903225806451616,42,2.142857142857143,12,0.011111111111111112,0.13333333333333333,0.02320212904685788,0.916155344143929,21.542553191489365
same_ren,90,15,90,30,True,/users/delfos/aina/secoem-VSS/scentree-gen-remote/same_ren_scentree/scenariotree_90/results_15.json,1018,31,40,32.83870967741935,40,2.25,22,0.011111111111111112,0.24444444444444444,0.03790420022981264,0.8568546122975129,12.125748502994012
same_ren,90,16,90,30,True,/users/delfos/aina/secoem-VSS/scentree-gen-remote/same_ren_scentree/scenariotree_90/results_16.json,1125,31,48,36.29032258064516,48,1.875,11,0.011111111111111112,0.12222222222222222,0.01932835717143343,0.926264729861563,25.796178343949048
same_ren,90,17,90,30,True,/users/delfos/aina/secoem-VSS/scentree-gen-remote/same_ren_scentree/scenariotree_90/results_17.json,1146,31,40,36.96774193548387,40,2.25,19,0.011111111111111112,0.2111111111111111,0.03870990558143299,0.8316013055729684,11.77325581395349
same_ren,90,18,90,30,True,/users/delfos/aina/secoem-VSS/scentree-gen-remote/same_ren_scentree/scenariotree_90/results_18.json,1024,31,39,33.03225806451613,39,2.3076923076923075,22,0.011111111111111112,0.24444444444444444,0.04226522372798336,0.8222305395208722,10.492227979274613
same_ren,90,19,90,30,True,/users/delfos/aina/secoem-VSS/scentree-gen-remote/same_ren_scentree/scenariotree_90/results_19.json,1126,31,46,36.32258064516129,46,1.9565217391304348,26,0.011111111111111112,0.28888888888888886,0.04078908488466027,0.8404212249979024,10.175879396984927
same_ren,90,2,90,30,True,/users/delfos/aina/secoem-VSS/scentree-gen-remote/same_ren_scentree/scenariotree_90/results_2.json,1109,31,46,35.774193548387096,46,1.9565217391304348,20,0.011111111111111112,0.2222222222222222,0.03251462545017166,0.8726498665417067,14.210526315789473
same_ren,90,20,90,30,True,/users/delfos/aina/secoem-VSS/scentree-gen-remote/same_ren_scentree/scenariotree_90/results_20.json,1215,31,45,39.193548387096776,45,2.0,12,0.011111111111111112,0.13333333333333333,0.02810913475705226,0.8754179039841254,17.30769230769231
same_ren,90,21,90,30,True,/users/delfos/aina/secoem-VSS/scentree-gen-remote/same_ren_scentree/scenariotree_90/results_21.json,995,31,47,32.096774193548384,47,1.9148936170212767,9,0.011111111111111112,0.1,0.020860121435891985,0.914092165606474,23.964497041420124
same_ren,90,22,90,30,True,/users/delfos/aina/secoem-VSS/scentree-gen-remote/same_ren_scentree/scenariotree_90/results_22.json,1190,31,44,38.38709677419355,44,2.0454545454545454,15,0.011111111111111112,0.16666666666666666,0.031333489634840596,0.8661535255302713,15.168539325842692
same_ren,90,23,90,30,True,/users/delfos/aina/secoem-VSS/scentree-gen-remote/same_ren_scentree/scenariotree_90/results_23.json,1144,31,44,36.903225806451616,44,2.0454545454545454,16,0.011111111111111112,0.17777777777777778,0.028224145469995694,0.8903507050008727,17.30769230769231
same_ren,90,24,90,30,True,/users/delfos/aina/secoem-VSS/scentree-gen-remote/same_ren_scentree/scenariotree_90/results_24.json,1076,31,41,34.70967741935484,41,2.1951219512195124,20,0.011111111111111112,0.2222222222222222,0.03541125122060592,0.8584723043558949,13.192182410423454
same_ren,90,25,90,30,True,/users/delfos/aina/secoem-VSS/scentree-gen-remote/same_ren_scentree/scenariotree_90/results_25.json,1106,31,45,35.67741935483871,45,2.0,13,0.011111111111111112,0.14444444444444443,0.027715980642769932,0.8805233940881709,17.608695652173918
same_ren,90,26,90,30,True,/users/delfos/aina/secoem-VSS/scentree-gen-remote/same_ren_scentree/scenariotree_90/results_26.json,1301,31,53,41.96774193548387,53,1.6981132075471699,16,0.011111111111111112,0.17777777777777778,0.02457037370898719,0.9017868495053785,19.660194174757287
same_ren,90,27,90,30,True,/users/delfos/aina/secoem-VSS/scentree-gen-remote/same_ren_scentree/scenariotree_90/results_27.json,1126,31,48,36.32258064516129,48,1.875,16,0.011111111111111112,0.17777777777777778,0.029971265388221324,0.8718404875309309,15.637065637065637
same_ren,90,28,90,30,True,/users/delfos/aina/secoem-VSS/scentree-gen-remote/same_ren_scentree/scenariotree_90/results_28.json,982,31,36,31.677419354838708,36,2.5,26,0.011111111111111112,0.28888888888888886,0.051018434496133,0.7850502776414771,8.231707317073171
same_ren,90,29,90,30,True,/users/delfos/aina/secoem-VSS/scentree-gen-remote/same_ren_scentree/scenariotree_90/results_29.json,925,31,40,29.838709677419356,40,2.25,20,0.011111111111111112,0.2222222222222222,0.03878955567713595,0.8369826220344276,11.73913043478261
same_ren,90,3,90,30,True,/users/delfos/aina/secoem-VSS/scentree-gen-remote/same_ren_scentree/scenariotree_90/results_3.json,1104,31,47,35.61290322580645,47,1.9148936170212767,13,0.011111111111111112,0.14444444444444443,0.024346438738421728,0.8992202140417349,20.351758793969857
same_ren,90,30,90,30,True,/users/delfos/aina/secoem-VSS/scentree-gen-remote/same_ren_scentree/scenariotree_90/results_30.json,1130,31,45,36.45161290322581,45,2.0,21,0.011111111111111112,0.23333333333333334,0.034106264987322485,0.8662925768788404,13.410596026490067
same_ren,90,31,90,30,True,/users/delfos/aina/secoem-VSS/scentree-gen-remote/same_ren_scentree/scenariotree_90/results_31.json,1076,31,41,34.70967741935484,41,2.1951219512195124,19,0.011111111111111112,0.2111111111111111,0.03472432077735274,0.8594257643975584,13.545150501672241
same_ren,90,4,90,30,True,/users/delfos/aina/secoem-VSS/scentree-gen-remote/same_ren_scentree/scenariotree_90/results_4.json,1246,31,49,40.193548387096776,49,1.836734693877551,11,0.011111111111111112,0.12222222222222222,0.023793321341632062,0.8923700343966305,20.76923076923077
same_ren,90,5,90,30,True,/users/delfos/aina/secoem-VSS/scentree-gen-remote/same_ren_scentree/scenariotree_90/results_5.json,1002,31,37,32.32258064516129,37,2.4324324324324325,26,0.011111111111111112,0.28888888888888886,0.045522989937867145,0.8375185999008897,9.642857142857144
same_ren,90,6,90,30,True,/users/delfos/aina/secoem-VSS/scentree-gen-remote/same_ren_scentree/scenariotree_90/results_6.json,1293,31,47,41.70967741935484,47,1.9148936170212767,20,0.011111111111111112,0.2222222222222222,0.033672801540926445,0.8547465151366331,13.410596026490063
same_ren,90,7,90,30,True,/users/delfos/aina/secoem-VSS/scentree-gen-remote/same_ren_scentree/scenariotree_90/results_7.json,880,31,38,28.387096774193548,38,2.3684210526315788,21,0.011111111111111112,0.23333333333333334,0.036888488392772305,0.8674099660488841,12.816455696202528
same_ren,90,8,90,30,True,/users/delfos/aina/secoem-VSS/scentree-gen-remote/same_ren_scentree/scenariotree_90/results_8.json,1029,31,40,33.193548387096776,40,2.25,16,0.011111111111111112,0.17777777777777778,0.033770284256509187,0.8658832182916755,14.160839160839162
same_ren,90,9,90,30,True,/users/delfos/aina/secoem-VSS/scentree-gen-remote/same_ren_scentree/scenariotree_90/results_9.json,1109,31,41,35.774193548387096,41,2.1951219512195124,11,0.011111111111111112,0.12222222222222222,0.025291973106385035,0.8986342291955952,19.756097560975608
