2025-01-01	134.49	134.49	134.49	134.49	131.59	131.59	131.59	131.59	131.49	131.49	131.49	131.49	131.42	131.42	131.42	131.42	120.49	120.49	120.49	120.49	112.3	112.3	112.3	112.3	112.3	112.3	112.3	112.3	111.88	111.88	111.88	111.88	112.09	112.09	112.09	112.09	94.99	94.99	94.99	94.99	35	35	35	35	20.59	20.59	20.59	20.59	28.11	28.11	28.11	28.11	30	30	30	30	21.5	21.5	21.5	21.5	10.68	10.68	10.68	10.68	72	72	72	72	125.49	125.49	125.49	125.49	149.72	149.72	149.72	149.72	150.67	150.67	150.67	150.67	152.99	152.99	152.99	152.99	151.69	151.69	151.69	151.69	147.75	147.75	147.75	147.75	133.06	133.06	133.06	133.06
2025-01-02	137.12	137.12	137.12	137.12	123.03	123.03	123.03	123.03	100.2	100.2	100.2	100.2	99.82	99.82	99.82	99.82	99.82	99.82	99.82	99.82	100.08	100.08	100.08	100.08	128.44	128.44	128.44	128.44	143.96	143.96	143.96	143.96	152.92	152.92	152.92	152.92	152.16	152.16	152.16	152.16	129.04	129.04	129.04	129.04	125.7	125.7	125.7	125.7	125.72	125.72	125.72	125.72	119.3	119.3	119.3	119.3	124.65	124.65	124.65	124.65	130.11	130.11	130.11	130.11	139.5	139.5	139.5	139.5	153.4	153.4	153.4	153.4	159.18	159.18	159.18	159.18	160.99	160.99	160.99	160.99	161.1	161.1	161.1	161.1	157.88	157.88	157.88	157.88	152.44	152.44	152.44	152.44	140	140	140	140
2025-01-03	121.52	121.52	121.52	121.52	104.9	104.9	104.9	104.9	93.94	93.94	93.94	93.94	91.1	91.1	91.1	91.1	88.46	88.46	88.46	88.46	92.25	92.25	92.25	92.25	100.14	100.14	100.14	100.14	126	126	126	126	141.2	141.2	141.2	141.2	138	138	138	138	130.52	130.52	130.52	130.52	123.2	123.2	123.2	123.2	113.51	113.51	113.51	113.51	107.6	107.6	107.6	107.6	105.88	105.88	105.88	105.88	110.22	110.22	110.22	110.22	123.2	123.2	123.2	123.2	141.2	141.2	141.2	141.2	149.62	149.62	149.62	149.62	151.25	151.25	151.25	151.25	151.25	151.25	151.25	151.25	149.12	149.12	149.12	149.12	145.58	145.58	145.58	145.58	136.42	136.42	136.42	136.42
2025-01-04	109.06	109.06	109.06	109.06	101	101	101	101	95.53	95.53	95.53	95.53	94.33	94.33	94.33	94.33	96.62	96.62	96.62	96.62	102.63	102.63	102.63	102.63	110.89	110.89	110.89	110.89	120.25	120.25	120.25	120.25	128.39	128.39	128.39	128.39	128.41	128.41	128.41	128.41	118.99	118.99	118.99	118.99	99	99	99	99	82.52	82.52	82.52	82.52	82.27	82.27	82.27	82.27	88.22	88.22	88.22	88.22	97.35	97.35	97.35	97.35	119.47	119.47	119.47	119.47	134.63	134.63	134.63	134.63	145	145	145	145	139.73	139.73	139.73	139.73	130.49	130.49	130.49	130.49	123.82	123.82	123.82	123.82	119.23	119.23	119.23	119.23	109.9	109.9	109.9	109.9
2025-01-05	101.77	101.77	101.77	101.77	70.5	70.5	70.5	70.5	64.81	64.81	64.81	64.81	46.7	46.7	46.7	46.7	43.87	43.87	43.87	43.87	36.61	36.61	36.61	36.61	34.04	34.04	34.04	34.04	44	44	44	44	51.27	51.27	51.27	51.27	50	50	50	50	49.81	49.81	49.81	49.81	43.05	43.05	43.05	43.05	45.74	45.74	45.74	45.74	35.19	35.19	35.19	35.19	30	30	30	30	28	28	28	28	35.22	35.22	35.22	35.22	57.72	57.72	57.72	57.72	64.81	64.81	64.81	64.81	64.81	64.81	64.81	64.81	65.2	65.2	65.2	65.2	68.5	68.5	68.5	68.5	60	60	60	60	43.01	43.01	43.01	43.01
2025-01-06	13.28	13.28	13.28	13.28	8.35	8.35	8.35	8.35	5.23	5.23	5.23	5.23	3.52	3.52	3.52	3.52	3.52	3.52	3.52	3.52	5.61	5.61	5.61	5.61	11.27	11.27	11.27	11.27	37	37	37	37	58.15	58.15	58.15	58.15	51.15	51.15	51.15	51.15	40.81	40.81	40.81	40.81	32.83	32.83	32.83	32.83	31.28	31.28	31.28	31.28	22.99	22.99	22.99	22.99	14	14	14	14	14	14	14	14	38.49	38.49	38.49	38.49	67.5	67.5	67.5	67.5	91.4	91.4	91.4	91.4	110	110	110	110	116.2	116.2	116.2	116.2	117.78	117.78	117.78	117.78	105.93	105.93	105.93	105.93	90	90	90	90
2025-01-07	64.07	64.07	64.07	64.07	60	60	60	60	49.9	49.9	49.9	49.9	38.41	38.41	38.41	38.41	19.2	19.2	19.2	19.2	38.7	38.7	38.7	38.7	60.08	60.08	60.08	60.08	97.56	97.56	97.56	97.56	115	115	115	115	105.18	105.18	105.18	105.18	93.49	93.49	93.49	93.49	74.93	74.93	74.93	74.93	71.25	71.25	71.25	71.25	71.62	71.62	71.62	71.62	72.57	72.57	72.57	72.57	85	85	85	85	100.64	100.64	100.64	100.64	118.34	118.34	118.34	118.34	128.87	128.87	128.87	128.87	125	125	125	125	113.97	113.97	113.97	113.97	110.76	110.76	110.76	110.76	98.53	98.53	98.53	98.53	89.27	89.27	89.27	89.27
2025-01-08	74.23	74.23	74.23	74.23	69.5	69.5	69.5	69.5	59.97	59.97	59.97	59.97	53	53	53	53	59.52	59.52	59.52	59.52	70.2	70.2	70.2	70.2	97.41	97.41	97.41	97.41	124.39	124.39	124.39	124.39	135.01	135.01	135.01	135.01	130.01	130.01	130.01	130.01	108.8	108.8	108.8	108.8	104.46	104.46	104.46	104.46	97.57	97.57	97.57	97.57	90.79	90.79	90.79	90.79	88.81	88.81	88.81	88.81	90.01	90.01	90.01	90.01	105.48	105.48	105.48	105.48	113.75	113.75	113.75	113.75	122	122	122	122	131	131	131	131	124.81	124.81	124.81	124.81	112.66	112.66	112.66	112.66	111.9	111.9	111.9	111.9	98.77	98.77	98.77	98.77
2025-01-09	60.38	60.38	60.38	60.38	49.9	49.9	49.9	49.9	40.52	40.52	40.52	40.52	25.61	25.61	25.61	25.61	13.01	13.01	13.01	13.01	30.29	30.29	30.29	30.29	60.08	60.08	60.08	60.08	90.79	90.79	90.79	90.79	100.99	100.99	100.99	100.99	102.44	102.44	102.44	102.44	97.45	97.45	97.45	97.45	90.41	90.41	90.41	90.41	88.34	88.34	88.34	88.34	79.9	79.9	79.9	79.9	79.05	79.05	79.05	79.05	85.09	85.09	85.09	85.09	109.4	109.4	109.4	109.4	131.62	131.62	131.62	131.62	135.73	135.73	135.73	135.73	135.01	135.01	135.01	135.01	141.27	141.27	141.27	141.27	135.01	135.01	135.01	135.01	114.38	114.38	114.38	114.38	101	101	101	101
2025-01-10	98.11	98.11	98.11	98.11	80.25	80.25	80.25	80.25	72.09	72.09	72.09	72.09	69.94	69.94	69.94	69.94	70.07	70.07	70.07	70.07	85.06	85.06	85.06	85.06	101.8	101.8	101.8	101.8	126.12	126.12	126.12	126.12	140.33	140.33	140.33	140.33	137.22	137.22	137.22	137.22	123.57	123.57	123.57	123.57	113.59	113.59	113.59	113.59	107.43	107.43	107.43	107.43	105.01	105.01	105.01	105.01	108.18	108.18	108.18	108.18	111.61	111.61	111.61	111.61	118.76	118.76	118.76	118.76	132.58	132.58	132.58	132.58	144.28	144.28	144.28	144.28	141.27	141.27	141.27	141.27	134.83	134.83	134.83	134.83	122.51	122.51	122.51	122.51	119.79	119.79	119.79	119.79	112	112	112	112
2025-01-11	112	112	112	112	100.61	100.61	100.61	100.61	96.32	96.32	96.32	96.32	84.49	84.49	84.49	84.49	79.78	79.78	79.78	79.78	84.1	84.1	84.1	84.1	95.46	95.46	95.46	95.46	84.9	84.9	84.9	84.9	97	97	97	97	105.53	105.53	105.53	105.53	109.71	109.71	109.71	109.71	87.14	87.14	87.14	87.14	78.78	78.78	78.78	78.78	70	70	70	70	64.75	64.75	64.75	64.75	60.3	60.3	60.3	60.3	78.91	78.91	78.91	78.91	113.3	113.3	113.3	113.3	118.87	118.87	118.87	118.87	123.55	123.55	123.55	123.55	119.95	119.95	119.95	119.95	116.2	116.2	116.2	116.2	113.27	113.27	113.27	113.27	106.1	106.1	106.1	106.1
2025-01-12	110.36	110.36	110.36	110.36	97.57	97.57	97.57	97.57	90	90	90	90	85.91	85.91	85.91	85.91	85	85	85	85	85.2	85.2	85.2	85.2	85.65	85.65	85.65	85.65	79.63	79.63	79.63	79.63	85.2	85.2	85.2	85.2	77.24	77.24	77.24	77.24	40	40	40	40	12.17	12.17	12.17	12.17	3.6	3.6	3.6	3.6	3.52	3.52	3.52	3.52	3.52	3.52	3.52	3.52	2.4	2.4	2.4	2.4	10.96	10.96	10.96	10.96	89.07	89.07	89.07	89.07	116.28	116.28	116.28	116.28	126.8	126.8	126.8	126.8	124	124	124	124	123.67	123.67	123.67	123.67	116.73	116.73	116.73	116.73	114.9	114.9	114.9	114.9
2025-01-13	112.39	112.39	112.39	112.39	105.07	105.07	105.07	105.07	104.46	104.46	104.46	104.46	100.37	100.37	100.37	100.37	100	100	100	100	109.13	109.13	109.13	109.13	127.14	127.14	127.14	127.14	141.29	141.29	141.29	141.29	180	180	180	180	145.67	145.67	145.67	145.67	128.38	128.38	128.38	128.38	111.92	111.92	111.92	111.92	105.22	105.22	105.22	105.22	100.81	100.81	100.81	100.81	104.91	104.91	104.91	104.91	110.72	110.72	110.72	110.72	126.64	126.64	126.64	126.64	145.37	145.37	145.37	145.37	157.07	157.07	157.07	157.07	158.39	158.39	158.39	158.39	146.39	146.39	146.39	146.39	143.02	143.02	143.02	143.02	135.01	135.01	135.01	135.01	120.1	120.1	120.1	120.1
2025-01-14	122.19	122.19	122.19	122.19	117.67	117.67	117.67	117.67	114.53	114.53	114.53	114.53	112.2	112.2	112.2	112.2	112.2	112.2	112.2	112.2	114.34	114.34	114.34	114.34	138.52	138.52	138.52	138.52	156	156	156	156	186.54	186.54	186.54	186.54	152.47	152.47	152.47	152.47	133.76	133.76	133.76	133.76	114.53	114.53	114.53	114.53	112.37	112.37	112.37	112.37	111.63	111.63	111.63	111.63	114.53	114.53	114.53	114.53	115.03	115.03	115.03	115.03	132.53	132.53	132.53	132.53	160.87	160.87	160.87	160.87	188.31	188.31	188.31	188.31	189.54	189.54	189.54	189.54	165.57	165.57	165.57	165.57	152	152	152	152	148.68	148.68	148.68	148.68	141.98	141.98	141.98	141.98
2025-01-15	132.4	132.4	132.4	132.4	122.4	122.4	122.4	122.4	118.6	118.6	118.6	118.6	118.42	118.42	118.42	118.42	118.13	118.13	118.13	118.13	118.13	118.13	118.13	118.13	135.56	135.56	135.56	135.56	167.32	167.32	167.32	167.32	225	225	225	225	160	160	160	160	138.92	138.92	138.92	138.92	132.7	132.7	132.7	132.7	126	126	126	126	122.4	122.4	122.4	122.4	115.58	115.58	115.58	115.58	117.81	117.81	117.81	117.81	135	135	135	135	143.2	143.2	143.2	143.2	167.32	167.32	167.32	167.32	178.97	178.97	178.97	178.97	168.78	168.78	168.78	168.78	150.97	150.97	150.97	150.97	138.77	138.77	138.77	138.77	123.9	123.9	123.9	123.9
2025-01-16	124.33	124.33	124.33	124.33	118.41	118.41	118.41	118.41	114	114	114	114	108.58	108.58	108.58	108.58	108.59	108.59	108.59	108.59	118.1	118.1	118.1	118.1	130.8	130.8	130.8	130.8	148.04	148.04	148.04	148.04	199.94	199.94	199.94	199.94	155.11	155.11	155.11	155.11	129.9	129.9	129.9	129.9	114	114	114	114	116	116	116	116	120.5	120.5	120.5	120.5	115.14	115.14	115.14	115.14	119.64	119.64	119.64	119.64	120.34	120.34	120.34	120.34	148.04	148.04	148.04	148.04	184.32	184.32	184.32	184.32	179.97	179.97	179.97	179.97	159.6	159.6	159.6	159.6	148.33	148.33	148.33	148.33	136.02	136.02	136.02	136.02	124.44	124.44	124.44	124.44
2025-01-17	124.83	124.83	124.83	124.83	121.32	121.32	121.32	121.32	118.2	118.2	118.2	118.2	117.49	117.49	117.49	117.49	117.26	117.26	117.26	117.26	119.99	119.99	119.99	119.99	137.1	137.1	137.1	137.1	150.84	150.84	150.84	150.84	200	200	200	200	155.1	155.1	155.1	155.1	129.87	129.87	129.87	129.87	116.44	116.44	116.44	116.44	115.2	115.2	115.2	115.2	108.5	108.5	108.5	108.5	106.5	106.5	106.5	106.5	115	115	115	115	118.38	118.38	118.38	118.38	145.12	145.12	145.12	145.12	175	175	175	175	174.22	174.22	174.22	174.22	157.91	157.91	157.91	157.91	153.27	153.27	153.27	153.27	139.97	139.97	139.97	139.97	137.34	137.34	137.34	137.34
2025-01-18	135.56	135.56	135.56	135.56	130.01	130.01	130.01	130.01	129.73	129.73	129.73	129.73	124.9	124.9	124.9	124.9	117	117	117	117	119.78	119.78	119.78	119.78	120	120	120	120	133.8	133.8	133.8	133.8	145.69	145.69	145.69	145.69	144.1	144.1	144.1	144.1	131.7	131.7	131.7	131.7	110.2	110.2	110.2	110.2	113.97	113.97	113.97	113.97	114.17	114.17	114.17	114.17	114.17	114.17	114.17	114.17	113.97	113.97	113.97	113.97	120.9	120.9	120.9	120.9	145.65	145.65	145.65	145.65	167.57	167.57	167.57	167.57	167.85	167.85	167.85	167.85	156.12	156.12	156.12	156.12	149.61	149.61	149.61	149.61	147.25	147.25	147.25	147.25	142.19	142.19	142.19	142.19
2025-01-19	134.46	134.46	134.46	134.46	125.51	125.51	125.51	125.51	123.17	123.17	123.17	123.17	121.24	121.24	121.24	121.24	120.18	120.18	120.18	120.18	120	120	120	120	121.59	121.59	121.59	121.59	123.47	123.47	123.47	123.47	123.61	123.61	123.61	123.61	125.33	125.33	125.33	125.33	103	103	103	103	102.35	102.35	102.35	102.35	103	103	103	103	105.1	105.1	105.1	105.1	105.5	105.5	105.5	105.5	108.53	108.53	108.53	108.53	115.79	115.79	115.79	115.79	140	140	140	140	159.68	159.68	159.68	159.68	157.33	157.33	157.33	157.33	151.47	151.47	151.47	151.47	150.86	150.86	150.86	150.86	138.43	138.43	138.43	138.43	123.12	123.12	123.12	123.12
2025-01-20	122.3	122.3	122.3	122.3	119.5	119.5	119.5	119.5	116.57	116.57	116.57	116.57	114.41	114.41	114.41	114.41	115.45	115.45	115.45	115.45	116.1	116.1	116.1	116.1	137.33	137.33	137.33	137.33	151.06	151.06	151.06	151.06	154.06	154.06	154.06	154.06	154.15	154.15	154.15	154.15	153.1	153.1	153.1	153.1	154.73	154.73	154.73	154.73	155	155	155	155	155	155	155	155	155.01	155.01	155.01	155.01	155.13	155.13	155.13	155.13	153.58	153.58	153.58	153.58	153.34	153.34	153.34	153.34	154.93	154.93	154.93	154.93	159.15	159.15	159.15	159.15	165.6	165.6	165.6	165.6	170	170	170	170	153.58	153.58	153.58	153.58	139	139	139	139
2025-01-21	136	136	136	136	130.65	130.65	130.65	130.65	124.35	124.35	124.35	124.35	117.05	117.05	117.05	117.05	115.3	115.3	115.3	115.3	123.83	123.83	123.83	123.83	138.86	138.86	138.86	138.86	147.08	147.08	147.08	147.08	160	160	160	160	155.1	155.1	155.1	155.1	147.78	147.78	147.78	147.78	146.69	146.69	146.69	146.69	144.57	144.57	144.57	144.57	140.34	140.34	140.34	140.34	135.25	135.25	135.25	135.25	135.53	135.53	135.53	135.53	145.1	145.1	145.1	145.1	147.29	147.29	147.29	147.29	150.19	150.19	150.19	150.19	164.22	164.22	164.22	164.22	159.5	159.5	159.5	159.5	147.08	147.08	147.08	147.08	137	137	137	137	125.75	125.75	125.75	125.75
2025-01-22	123.53	123.53	123.53	123.53	116.3	116.3	116.3	116.3	106.78	106.78	106.78	106.78	104.45	104.45	104.45	104.45	103.6	103.6	103.6	103.6	107	107	107	107	120.57	120.57	120.57	120.57	140.33	140.33	140.33	140.33	153	153	153	153	152.19	152.19	152.19	152.19	144.38	144.38	144.38	144.38	137	137	137	137	132.61	132.61	132.61	132.61	127.14	127.14	127.14	127.14	126.99	126.99	126.99	126.99	131.35	131.35	131.35	131.35	139.57	139.57	139.57	139.57	149.03	149.03	149.03	149.03	159.6	159.6	159.6	159.6	167.72	167.72	167.72	167.72	155.82	155.82	155.82	155.82	155.1	155.1	155.1	155.1	145	145	145	145	139.87	139.87	139.87	139.87
2025-01-23	125.01	125.01	125.01	125.01	120.53	120.53	120.53	120.53	118.7	118.7	118.7	118.7	113.1	113.1	113.1	113.1	112.97	112.97	112.97	112.97	118.08	118.08	118.08	118.08	130.01	130.01	130.01	130.01	142.28	142.28	142.28	142.28	160.34	160.34	160.34	160.34	157.26	157.26	157.26	157.26	147.32	147.32	147.32	147.32	142.28	142.28	142.28	142.28	135.72	135.72	135.72	135.72	125.1	125.1	125.1	125.1	121.2	121.2	121.2	121.2	123.54	123.54	123.54	123.54	135.72	135.72	135.72	135.72	152.4	152.4	152.4	152.4	165	165	165	165	196.51	196.51	196.51	196.51	187.92	187.92	187.92	187.92	162.27	162.27	162.27	162.27	150.1	150.1	150.1	150.1	129.9	129.9	129.9	129.9
2025-01-24	94	94	94	94	88.74	88.74	88.74	88.74	82.03	82.03	82.03	82.03	77.65	77.65	77.65	77.65	77.39	77.39	77.39	77.39	78.2	78.2	78.2	78.2	88.74	88.74	88.74	88.74	105	105	105	105	122	122	122	122	114.78	114.78	114.78	114.78	94.17	94.17	94.17	94.17	81.93	81.93	81.93	81.93	79.68	79.68	79.68	79.68	77.26	77.26	77.26	77.26	75.07	75.07	75.07	75.07	77.26	77.26	77.26	77.26	77.13	77.13	77.13	77.13	92.7	92.7	92.7	92.7	102	102	102	102	111.9	111.9	111.9	111.9	112.45	112.45	112.45	112.45	103.35	103.35	103.35	103.35	97.78	97.78	97.78	97.78	90.7	90.7	90.7	90.7
2025-01-25	57.03	57.03	57.03	57.03	35	35	35	35	25.2	25.2	25.2	25.2	19.71	19.71	19.71	19.71	16.8	16.8	16.8	16.8	17.72	17.72	17.72	17.72	25	25	25	25	49.29	49.29	49.29	49.29	37.7	37.7	37.7	37.7	33.01	33.01	33.01	33.01	24.08	24.08	24.08	24.08	45.08	45.08	45.08	45.08	35	35	35	35	19.71	19.71	19.71	19.71	10.94	10.94	10.94	10.94	3.6	3.6	3.6	3.6	20.2	20.2	20.2	20.2	30	30	30	30	76.8	76.8	76.8	76.8	91	91	91	91	96.37	96.37	96.37	96.37	87.38	87.38	87.38	87.38	86.5	86.5	86.5	86.5	77.35	77.35	77.35	77.35
2025-01-26	41.18	41.18	41.18	41.18	35.2	35.2	35.2	35.2	29.7	29.7	29.7	29.7	29.03	29.03	29.03	29.03	26.21	26.21	26.21	26.21	25.95	25.95	25.95	25.95	26.21	26.21	26.21	26.21	29.03	29.03	29.03	29.03	29.54	29.54	29.54	29.54	26.21	26.21	26.21	26.21	25.95	25.95	25.95	25.95	24.99	24.99	24.99	24.99	9.89	9.89	9.89	9.89	7.19	7.19	7.19	7.19	6.99	6.99	6.99	6.99	6.93	6.93	6.93	6.93	13.45	13.45	13.45	13.45	25.2	25.2	25.2	25.2	39.4	39.4	39.4	39.4	44.38	44.38	44.38	44.38	39.06	39.06	39.06	39.06	33.78	33.78	33.78	33.78	32.35	32.35	32.35	32.35	26.32	26.32	26.32	26.32
2025-01-27	12	12	12	12	3.52	3.52	3.52	3.52	3.52	3.52	3.52	3.52	3.52	3.52	3.52	3.52	0.65	0.65	0.65	0.65	3.52	3.52	3.52	3.52	6.99	6.99	6.99	6.99	31.84	31.84	31.84	31.84	48.01	48.01	48.01	48.01	43.06	43.06	43.06	43.06	35.72	35.72	35.72	35.72	26.23	26.23	26.23	26.23	14.53	14.53	14.53	14.53	4.31	4.31	4.31	4.31	3.6	3.6	3.6	3.6	5	5	5	5	14	14	14	14	32	32	32	32	40.78	40.78	40.78	40.78	53.37	53.37	53.37	53.37	40.9	40.9	40.9	40.9	37.68	37.68	37.68	37.68	32	32	32	32	26.23	26.23	26.23	26.23
2025-01-28	3.52	3.52	3.52	3.52	2	2	2	2	0.65	0.65	0.65	0.65	0.66	0.66	0.66	0.66	0.65	0.65	0.65	0.65	0.65	0.65	0.65	0.65	3.52	3.52	3.52	3.52	14	14	14	14	30.54	30.54	30.54	30.54	23.54	23.54	23.54	23.54	3.52	3.52	3.52	3.52	2	2	2	2	0.65	0.65	0.65	0.65	0.65	0.65	0.65	0.65	0.65	0.65	0.65	0.65	0.65	0.65	0.65	0.65	3.52	3.52	3.52	3.52	14	14	14	14	51.32	51.32	51.32	51.32	69.5	69.5	69.5	69.5	60	60	60	60	48.03	48.03	48.03	48.03	34.22	34.22	34.22	34.22	26.28	26.28	26.28	26.28
2025-01-29	17.47	17.47	17.47	17.47	7.4	7.4	7.4	7.4	3.52	3.52	3.52	3.52	3.52	3.52	3.52	3.52	3.52	3.52	3.52	3.52	3.52	3.52	3.52	3.52	38.16	38.16	38.16	38.16	76.46	76.46	76.46	76.46	103.61	103.61	103.61	103.61	69.2	69.2	69.2	69.2	45	45	45	45	46.02	46.02	46.02	46.02	29.9	29.9	29.9	29.9	10.21	10.21	10.21	10.21	9.23	9.23	9.23	9.23	12.18	12.18	12.18	12.18	36.66	36.66	36.66	36.66	50.1	50.1	50.1	50.1	83.06	83.06	83.06	83.06	123.99	123.99	123.99	123.99	133.85	133.85	133.85	133.85	118.57	118.57	118.57	118.57	94.67	94.67	94.67	94.67	51.08	51.08	51.08	51.08
2025-01-30	60.08	60.08	60.08	60.08	45.7	45.7	45.7	45.7	38.34	38.34	38.34	38.34	14	14	14	14	7.44	7.44	7.44	7.44	7.4	7.4	7.4	7.4	38.34	38.34	38.34	38.34	60.3	60.3	60.3	60.3	90.35	90.35	90.35	90.35	50.24	50.24	50.24	50.24	5	5	5	5	2.4	2.4	2.4	2.4	0.1	0.1	0.1	0.1	0.01	0.01	0.01	0.01	0	0	0	0	0.13	0.13	0.13	0.13	3.52	3.52	3.52	3.52	25.17	25.17	25.17	25.17	80.3	80.3	80.3	80.3	91.66	91.66	91.66	91.66	114	114	114	114	108.04	108.04	108.04	108.04	96.02	96.02	96.02	96.02	79	79	79	79
2025-01-31	61	61	61	61	70.47	70.47	70.47	70.47	70.21	70.21	70.21	70.21	70.34	70.34	70.34	70.34	70.47	70.47	70.47	70.47	84	84	84	84	92.85	92.85	92.85	92.85	118.86	118.86	118.86	118.86	150	150	150	150	100	100	100	100	70.21	70.21	70.21	70.21	45.3	45.3	45.3	45.3	44.12	44.12	44.12	44.12	44.97	44.97	44.97	44.97	39	39	39	39	45.19	45.19	45.19	45.19	65	65	65	65	114.89	114.89	114.89	114.89	184.48	184.48	184.48	184.48	178.99	178.99	178.99	178.99	162.66	162.66	162.66	162.66	152.7	152.7	152.7	152.7	145.02	145.02	145.02	145.02	131.29	131.29	131.29	131.29
2025-02-01	137.18	137.18	137.18	137.18	129.61	129.61	129.61	129.61	124.38	124.38	124.38	124.38	116.96	116.96	116.96	116.96	104.73	104.73	104.73	104.73	108.17	108.17	108.17	108.17	107.49	107.49	107.49	107.49	100.85	100.85	100.85	100.85	115.28	115.28	115.28	115.28	109.93	109.93	109.93	109.93	65.27	65.27	65.27	65.27	20.1	20.1	20.1	20.1	5.3	5.3	5.3	5.3	5.2	5.2	5.2	5.2	5.06	5.06	5.06	5.06	5.2	5.2	5.2	5.2	41.88	41.88	41.88	41.88	105	105	105	105	140.34	140.34	140.34	140.34	162.98	162.98	162.98	162.98	156.6	156.6	156.6	156.6	145.24	145.24	145.24	145.24	141.73	141.73	141.73	141.73	131.74	131.74	131.74	131.74
2025-02-02	133.26	133.26	133.26	133.26	126.91	126.91	126.91	126.91	116.91	116.91	116.91	116.91	113.64	113.64	113.64	113.64	108	108	108	108	116.91	116.91	116.91	116.91	113.5	113.5	113.5	113.5	120.42	120.42	120.42	120.42	133.56	133.56	133.56	133.56	133.38	133.38	133.38	133.38	121.75	121.75	121.75	121.75	100.08	100.08	100.08	100.08	92.88	92.88	92.88	92.88	95	95	95	95	95	95	95	95	99.45	99.45	99.45	99.45	101.26	101.26	101.26	101.26	130.78	130.78	130.78	130.78	164.14	164.14	164.14	164.14	173.95	173.95	173.95	173.95	165.5	165.5	165.5	165.5	155.77	155.77	155.77	155.77	148.44	148.44	148.44	148.44	133.24	133.24	133.24	133.24
2025-02-03	116.41	116.41	116.41	116.41	102.53	102.53	102.53	102.53	102.19	102.19	102.19	102.19	102.53	102.53	102.53	102.53	102.45	102.45	102.45	102.45	106.87	106.87	106.87	106.87	102.19	102.19	102.19	102.19	144.3	144.3	144.3	144.3	165	165	165	165	145.1	145.1	145.1	145.1	111	111	111	111	102.6	102.6	102.6	102.6	102.49	102.49	102.49	102.49	102.45	102.45	102.45	102.45	102.45	102.45	102.45	102.45	112	112	112	112	123.52	123.52	123.52	123.52	145.05	145.05	145.05	145.05	200.73	200.73	200.73	200.73	201.1	201.1	201.1	201.1	227.51	227.51	227.51	227.51	186	186	186	186	150.92	150.92	150.92	150.92	135.81	135.81	135.81	135.81
2025-02-04	132.4	132.4	132.4	132.4	125.54	125.54	125.54	125.54	123.18	123.18	123.18	123.18	123.99	123.99	123.99	123.99	123.25	123.25	123.25	123.25	127.63	127.63	127.63	127.63	146.18	146.18	146.18	146.18	187.5	187.5	187.5	187.5	211.99	211.99	211.99	211.99	162.11	162.11	162.11	162.11	133.32	133.32	133.32	133.32	113.99	113.99	113.99	113.99	103.77	103.77	103.77	103.77	102.5	102.5	102.5	102.5	100.39	100.39	100.39	100.39	100.52	100.52	100.52	100.52	106.5	106.5	106.5	106.5	134.32	134.32	134.32	134.32	175	175	175	175	216.38	216.38	216.38	216.38	240	240	240	240	164.07	164.07	164.07	164.07	146.18	146.18	146.18	146.18	140.56	140.56	140.56	140.56
2025-02-05	128.44	128.44	128.44	128.44	119.39	119.39	119.39	119.39	116.59	116.59	116.59	116.59	115.64	115.64	115.64	115.64	117.33	117.33	117.33	117.33	123.05	123.05	123.05	123.05	140.34	140.34	140.34	140.34	168.48	168.48	168.48	168.48	180.81	180.81	180.81	180.81	146.13	146.13	146.13	146.13	100.21	100.21	100.21	100.21	48	48	48	48	30.3	30.3	30.3	30.3	35.2	35.2	35.2	35.2	30	30	30	30	40	40	40	40	69.99	69.99	69.99	69.99	124.71	124.71	124.71	124.71	189.9	189.9	189.9	189.9	189.63	189.63	189.63	189.63	170	170	170	170	155.42	155.42	155.42	155.42	143.7	143.7	143.7	143.7	136.95	136.95	136.95	136.95
2025-02-06	133.67	133.67	133.67	133.67	131.51	131.51	131.51	131.51	126.48	126.48	126.48	126.48	125.01	125.01	125.01	125.01	125.01	125.01	125.01	125.01	131.33	131.33	131.33	131.33	144.92	144.92	144.92	144.92	180.09	180.09	180.09	180.09	210.56	210.56	210.56	210.56	157.59	157.59	157.59	157.59	115.97	115.97	115.97	115.97	93.49	93.49	93.49	93.49	91.5	91.5	91.5	91.5	89.99	89.99	89.99	89.99	85.3	85.3	85.3	85.3	87	87	87	87	108.56	108.56	108.56	108.56	141.02	141.02	141.02	141.02	170.78	170.78	170.78	170.78	191.81	191.81	191.81	191.81	231	231	231	231	163	163	163	163	149.86	149.86	149.86	149.86	141.02	141.02	141.02	141.02
2025-02-07	126.05	126.05	126.05	126.05	112.7	112.7	112.7	112.7	108.82	108.82	108.82	108.82	105	105	105	105	105.85	105.85	105.85	105.85	107.23	107.23	107.23	107.23	118.01	118.01	118.01	118.01	145.68	145.68	145.68	145.68	164.3	164.3	164.3	164.3	143.28	143.28	143.28	143.28	107	107	107	107	99	99	99	99	93.49	93.49	93.49	93.49	90.34	90.34	90.34	90.34	87.89	87.89	87.89	87.89	90.34	90.34	90.34	90.34	91	91	91	91	107.94	107.94	107.94	107.94	141.26	141.26	141.26	141.26	150.93	150.93	150.93	150.93	145.36	145.36	145.36	145.36	133.8	133.8	133.8	133.8	133.06	133.06	133.06	133.06	120.55	120.55	120.55	120.55
2025-02-08	106.74	106.74	106.74	106.74	97.67	97.67	97.67	97.67	89.5	89.5	89.5	89.5	94.34	94.34	94.34	94.34	89.69	89.69	89.69	89.69	90.99	90.99	90.99	90.99	97.15	97.15	97.15	97.15	115	115	115	115	119.08	119.08	119.08	119.08	108	108	108	108	82	82	82	82	93.49	93.49	93.49	93.49	64	64	64	64	55	55	55	55	50	50	50	50	45.04	45.04	45.04	45.04	68.71	68.71	68.71	68.71	119	119	119	119	160.49	160.49	160.49	160.49	166.9	166.9	166.9	166.9	164.04	164.04	164.04	164.04	151.09	151.09	151.09	151.09	149.1	149.1	149.1	149.1	145.31	145.31	145.31	145.31
2025-02-09	129.97	129.97	129.97	129.97	110.82	110.82	110.82	110.82	101.86	101.86	101.86	101.86	97	97	97	97	90	90	90	90	90.2	90.2	90.2	90.2	99	99	99	99	110.21	110.21	110.21	110.21	110.47	110.47	110.47	110.47	94.47	94.47	94.47	94.47	74.85	74.85	74.85	74.85	66.7	66.7	66.7	66.7	64	64	64	64	70	70	70	70	70	70	70	70	70	70	70	70	94.31	94.31	94.31	94.31	111.14	111.14	111.14	111.14	162.96	162.96	162.96	162.96	169.86	169.86	169.86	169.86	187.99	187.99	187.99	187.99	170.14	170.14	170.14	170.14	150.3	150.3	150.3	150.3	134.04	134.04	134.04	134.04
2025-02-10	124.35	124.35	124.35	124.35	125.05	125.05	125.05	125.05	122.01	122.01	122.01	122.01	114.75	114.75	114.75	114.75	114.48	114.48	114.48	114.48	119.98	119.98	119.98	119.98	145.78	145.78	145.78	145.78	166.14	166.14	166.14	166.14	181.36	181.36	181.36	181.36	163.18	163.18	163.18	163.18	146.02	146.02	146.02	146.02	117.44	117.44	117.44	117.44	115.61	115.61	115.61	115.61	116.52	116.52	116.52	116.52	112.5	112.5	112.5	112.5	116.8	116.8	116.8	116.8	116.79	116.79	116.79	116.79	140.83	140.83	140.83	140.83	166.34	166.34	166.34	166.34	183.73	183.73	183.73	183.73	200	200	200	200	160.89	160.89	160.89	160.89	151.69	151.69	151.69	151.69	131.51	131.51	131.51	131.51
2025-02-11	120	120	120	120	120	120	120	120	114.65	114.65	114.65	114.65	109.91	109.91	109.91	109.91	106.01	106.01	106.01	106.01	107	107	107	107	120.13	120.13	120.13	120.13	150.79	150.79	150.79	150.79	159.06	159.06	159.06	159.06	146.54	146.54	146.54	146.54	120.62	120.62	120.62	120.62	120.62	120.62	120.62	120.62	109.99	109.99	109.99	109.99	107.5	107.5	107.5	107.5	110	110	110	110	111.7	111.7	111.7	111.7	120.62	120.62	120.62	120.62	146.54	146.54	146.54	146.54	174.57	174.57	174.57	174.57	190	190	190	190	194.5	194.5	194.5	194.5	158.02	158.02	158.02	158.02	146.38	146.38	146.38	146.38	130.58	130.58	130.58	130.58
2025-02-12	121.06	121.06	121.06	121.06	110	110	110	110	105	105	105	105	107.35	107.35	107.35	107.35	104.5	104.5	104.5	104.5	108.56	108.56	108.56	108.56	115	115	115	115	157.55	157.55	157.55	157.55	180	180	180	180	148.82	148.82	148.82	148.82	107.35	107.35	107.35	107.35	82.5	82.5	82.5	82.5	70	70	70	70	78	78	78	78	63.74	63.74	63.74	63.74	62	62	62	62	81.5	81.5	81.5	81.5	104.37	104.37	104.37	104.37	148.34	148.34	148.34	148.34	194.44	194.44	194.44	194.44	177.52	177.52	177.52	177.52	157.55	157.55	157.55	157.55	152.08	152.08	152.08	152.08	139.41	139.41	139.41	139.41
2025-02-13	129	129	129	129	121.06	121.06	121.06	121.06	126.09	126.09	126.09	126.09	118.59	118.59	118.59	118.59	114.3	114.3	114.3	114.3	105.67	105.67	105.67	105.67	131.34	131.34	131.34	131.34	160.05	160.05	160.05	160.05	195.2	195.2	195.2	195.2	148.5	148.5	148.5	148.5	100	100	100	100	92.24	92.24	92.24	92.24	90.86	90.86	90.86	90.86	83.5	83.5	83.5	83.5	80	80	80	80	83.5	83.5	83.5	83.5	92.5	92.5	92.5	92.5	127.5	127.5	127.5	127.5	186.96	186.96	186.96	186.96	196.52	196.52	196.52	196.52	200	200	200	200	168	168	168	168	153.12	153.12	153.12	153.12	139	139	139	139
2025-02-14	128.76	128.76	128.76	128.76	127	127	127	127	117.56	117.56	117.56	117.56	111.58	111.58	111.58	111.58	107	107	107	107	117.47	117.47	117.47	117.47	131.21	131.21	131.21	131.21	158.73	158.73	158.73	158.73	189.79	189.79	189.79	189.79	131.21	131.21	131.21	131.21	92.9	92.9	92.9	92.9	70	70	70	70	60.3	60.3	60.3	60.3	65	65	65	65	55	55	55	55	55	55	55	55	65	65	65	65	114	114	114	114	169.84	169.84	169.84	169.84	201.66	201.66	201.66	201.66	183.55	183.55	183.55	183.55	160.06	160.06	160.06	160.06	153	153	153	153	140.03	140.03	140.03	140.03
2025-02-15	122.58	122.58	122.58	122.58	117.99	117.99	117.99	117.99	105.67	105.67	105.67	105.67	100.11	100.11	100.11	100.11	100.11	100.11	100.11	100.11	100.11	100.11	100.11	100.11	100.11	100.11	100.11	100.11	106.64	106.64	106.64	106.64	104.99	104.99	104.99	104.99	90.61	90.61	90.61	90.61	71	71	71	71	55.44	55.44	55.44	55.44	40.08	40.08	40.08	40.08	33	33	33	33	25.46	25.46	25.46	25.46	33	33	33	33	50.24	50.24	50.24	50.24	75	75	75	75	110	110	110	110	131.51	131.51	131.51	131.51	131.51	131.51	131.51	131.51	125	125	125	125	123.06	123.06	123.06	123.06	117.14	117.14	117.14	117.14
2025-02-16	99	99	99	99	89.76	89.76	89.76	89.76	91.78	91.78	91.78	91.78	93.29	93.29	93.29	93.29	89.5	89.5	89.5	89.5	90.3	90.3	90.3	90.3	98.05	98.05	98.05	98.05	106.64	106.64	106.64	106.64	105.59	105.59	105.59	105.59	74.5	74.5	74.5	74.5	61.4	61.4	61.4	61.4	50.24	50.24	50.24	50.24	39.75	39.75	39.75	39.75	33.9	33.9	33.9	33.9	20	20	20	20	12	12	12	12	40.3	40.3	40.3	40.3	74.37	74.37	74.37	74.37	122.99	122.99	122.99	122.99	161.56	161.56	161.56	161.56	154.95	154.95	154.95	154.95	138.77	138.77	138.77	138.77	137.12	137.12	137.12	137.12	131.51	131.51	131.51	131.51
2025-02-17	127.87	127.87	127.87	127.87	121.06	121.06	121.06	121.06	120.34	120.34	120.34	120.34	115.97	115.97	115.97	115.97	116.23	116.23	116.23	116.23	121.21	121.21	121.21	121.21	130	130	130	130	204.74	204.74	204.74	204.74	209.79	209.79	209.79	209.79	139.36	139.36	139.36	139.36	120.58	120.58	120.58	120.58	117.26	117.26	117.26	117.26	109.9	109.9	109.9	109.9	100	100	100	100	98.97	98.97	98.97	98.97	100	100	100	100	110.97	110.97	110.97	110.97	130	130	130	130	180	180	180	180	215.52	215.52	215.52	215.52	200	200	200	200	155.62	155.62	155.62	155.62	140	140	140	140	130.6	130.6	130.6	130.6
2025-02-18	103.84	103.84	103.84	103.84	87.5	87.5	87.5	87.5	75.2	75.2	75.2	75.2	64.98	64.98	64.98	64.98	59.4	59.4	59.4	59.4	60.01	60.01	60.01	60.01	65.24	65.24	65.24	65.24	101	101	101	101	109.11	109.11	109.11	109.11	80	80	80	80	65.37	65.37	65.37	65.37	49.6	49.6	49.6	49.6	15.36	15.36	15.36	15.36	7.03	7.03	7.03	7.03	9.99	9.99	9.99	9.99	26.1	26.1	26.1	26.1	60.01	60.01	60.01	60.01	80.82	80.82	80.82	80.82	115	115	115	115	159.88	159.88	159.88	159.88	144.4	144.4	144.4	144.4	133.54	133.54	133.54	133.54	124.02	124.02	124.02	124.02	116.23	116.23	116.23	116.23
2025-02-19	106.48	106.48	106.48	106.48	101.18	101.18	101.18	101.18	101.3	101.3	101.3	101.3	99	99	99	99	96.06	96.06	96.06	96.06	101.83	101.83	101.83	101.83	120.18	120.18	120.18	120.18	149.5	149.5	149.5	149.5	167.39	167.39	167.39	167.39	133.73	133.73	133.73	133.73	114.37	114.37	114.37	114.37	105.57	105.57	105.57	105.57	104.24	104.24	104.24	104.24	97.23	97.23	97.23	97.23	90.01	90.01	90.01	90.01	90.01	90.01	90.01	90.01	105	105	105	105	121.14	121.14	121.14	121.14	150	150	150	150	183.5	183.5	183.5	183.5	203.2	203.2	203.2	203.2	169.37	169.37	169.37	169.37	139.21	139.21	139.21	139.21	115.82	115.82	115.82	115.82
2025-02-20	100.05	100.05	100.05	100.05	94.5	94.5	94.5	94.5	94	94	94	94	87.03	87.03	87.03	87.03	85.89	85.89	85.89	85.89	87.98	87.98	87.98	87.98	98.19	98.19	98.19	98.19	113.87	113.87	113.87	113.87	131.1	131.1	131.1	131.1	103.53	103.53	103.53	103.53	77	77	77	77	53.5	53.5	53.5	53.5	34.97	34.97	34.97	34.97	28.3	28.3	28.3	28.3	20.33	20.33	20.33	20.33	28.3	28.3	28.3	28.3	50	50	50	50	78	78	78	78	125	125	125	125	141.5	141.5	141.5	141.5	150.56	150.56	150.56	150.56	130	130	130	130	100.05	100.05	100.05	100.05	88	88	88	88
2025-02-21	72.88	72.88	72.88	72.88	70	70	70	70	52.5	52.5	52.5	52.5	51.98	51.98	51.98	51.98	40.7	40.7	40.7	40.7	38.71	38.71	38.71	38.71	52.5	52.5	52.5	52.5	69.96	69.96	69.96	69.96	72.88	72.88	72.88	72.88	67.52	67.52	67.52	67.52	45.2	45.2	45.2	45.2	13.48	13.48	13.48	13.48	3.52	3.52	3.52	3.52	3.52	3.52	3.52	3.52	3.52	3.52	3.52	3.52	3.52	3.52	3.52	3.52	5	5	5	5	42.2	42.2	42.2	42.2	52.37	52.37	52.37	52.37	93.83	93.83	93.83	93.83	84.97	84.97	84.97	84.97	70.94	70.94	70.94	70.94	69.96	69.96	69.96	69.96	70.17	70.17	70.17	70.17
2025-02-22	59.05	59.05	59.05	59.05	53.92	53.92	53.92	53.92	52.12	52.12	52.12	52.12	45.5	45.5	45.5	45.5	44.72	44.72	44.72	44.72	55.54	55.54	55.54	55.54	61.03	61.03	61.03	61.03	70.83	70.83	70.83	70.83	73.33	73.33	73.33	73.33	72.86	72.86	72.86	72.86	64.48	64.48	64.48	64.48	63	63	63	63	50.24	50.24	50.24	50.24	43.2	43.2	43.2	43.2	39.94	39.94	39.94	39.94	39.68	39.68	39.68	39.68	43.2	43.2	43.2	43.2	72.38	72.38	72.38	72.38	122.94	122.94	122.94	122.94	130.72	130.72	130.72	130.72	121.47	121.47	121.47	121.47	110.79	110.79	110.79	110.79	107.11	107.11	107.11	107.11	102.2	102.2	102.2	102.2
2025-02-23	90.2	90.2	90.2	90.2	81	81	81	81	80.82	80.82	80.82	80.82	77.83	77.83	77.83	77.83	75.54	75.54	75.54	75.54	76.45	76.45	76.45	76.45	79.98	79.98	79.98	79.98	80.1	80.1	80.1	80.1	76.74	76.74	76.74	76.74	61.58	61.58	61.58	61.58	29.5	29.5	29.5	29.5	15	15	15	15	5.93	5.93	5.93	5.93	10.95	10.95	10.95	10.95	10.95	10.95	10.95	10.95	3.52	3.52	3.52	3.52	10.96	10.96	10.96	10.96	50	50	50	50	100.9	100.9	100.9	100.9	122.94	122.94	122.94	122.94	134.7	134.7	134.7	134.7	123.25	123.25	123.25	123.25	100.9	100.9	100.9	100.9	79.7	79.7	79.7	79.7
2025-02-24	79.21	79.21	79.21	79.21	67.94	67.94	67.94	67.94	56.2	56.2	56.2	56.2	49	49	49	49	46.25	46.25	46.25	46.25	56.03	56.03	56.03	56.03	74.78	74.78	74.78	74.78	103.33	103.33	103.33	103.33	116.86	116.86	116.86	116.86	100	100	100	100	88.64	88.64	88.64	88.64	74.78	74.78	74.78	74.78	56.2	56.2	56.2	56.2	40.56	40.56	40.56	40.56	32.64	32.64	32.64	32.64	34	34	34	34	43.76	43.76	43.76	43.76	67.94	67.94	67.94	67.94	107.59	107.59	107.59	107.59	159.17	159.17	159.17	159.17	134.91	134.91	134.91	134.91	115.28	115.28	115.28	115.28	100.54	100.54	100.54	100.54	79.98	79.98	79.98	79.98
2025-02-25	71.98	71.98	71.98	71.98	72.11	72.11	72.11	72.11	71	71	71	71	71.98	71.98	71.98	71.98	79.98	79.98	79.98	79.98	89.26	89.26	89.26	89.26	101	101	101	101	123.75	123.75	123.75	123.75	136.97	136.97	136.97	136.97	125.48	125.48	125.48	125.48	106	106	106	106	88	88	88	88	76	76	76	76	72.24	72.24	72.24	72.24	60.17	60.17	60.17	60.17	57.56	57.56	57.56	57.56	60	60	60	60	79.98	79.98	79.98	79.98	110	110	110	110	140.99	140.99	140.99	140.99	137.99	137.99	137.99	137.99	128.97	128.97	128.97	128.97	114.28	114.28	114.28	114.28	100.41	100.41	100.41	100.41
2025-02-26	102.48	102.48	102.48	102.48	86.87	86.87	86.87	86.87	92.98	92.98	92.98	92.98	86.38	86.38	86.38	86.38	88.59	88.59	88.59	88.59	97.82	97.82	97.82	97.82	111.76	111.76	111.76	111.76	136.2	136.2	136.2	136.2	139.08	139.08	139.08	139.08	106.46	106.46	106.46	106.46	65	65	65	65	70	70	70	70	59.3	59.3	59.3	59.3	58	58	58	58	54.59	54.59	54.59	54.59	58.28	58.28	58.28	58.28	71.98	71.98	71.98	71.98	97	97	97	97	126.37	126.37	126.37	126.37	161.95	161.95	161.95	161.95	225	225	225	225	181.02	181.02	181.02	181.02	126.16	126.16	126.16	126.16	125	125	125	125
2025-02-27	116.52	116.52	116.52	116.52	114.51	114.51	114.51	114.51	106	106	106	106	103.44	103.44	103.44	103.44	101	101	101	101	104.35	104.35	104.35	104.35	117.14	117.14	117.14	117.14	145	145	145	145	168.77	168.77	168.77	168.77	129.18	129.18	129.18	129.18	109.49	109.49	109.49	109.49	100.19	100.19	100.19	100.19	93	93	93	93	89	89	89	89	86.8	86.8	86.8	86.8	89	89	89	89	100	100	100	100	113.95	113.95	113.95	113.95	136.13	136.13	136.13	136.13	165	165	165	165	219.08	219.08	219.08	219.08	147.01	147.01	147.01	147.01	122.31	122.31	122.31	122.31	113.5	113.5	113.5	113.5
2025-02-28	115.59	115.59	115.59	115.59	110.54	110.54	110.54	110.54	109.38	109.38	109.38	109.38	105.2	105.2	105.2	105.2	104.49	104.49	104.49	104.49	104.49	104.49	104.49	104.49	116.28	116.28	116.28	116.28	133.87	133.87	133.87	133.87	142.9	142.9	142.9	142.9	115.8	115.8	115.8	115.8	102.48	102.48	102.48	102.48	93	93	93	93	91.08	91.08	91.08	91.08	80.13	80.13	80.13	80.13	85.2	85.2	85.2	85.2	93.29	93.29	93.29	93.29	96.74	96.74	96.74	96.74	115.51	115.51	115.51	115.51	123.52	123.52	123.52	123.52	151.96	151.96	151.96	151.96	134.27	134.27	134.27	134.27	121.73	121.73	121.73	121.73	114.72	114.72	114.72	114.72	106.75	106.75	106.75	106.75
2025-03-01	105.36	105.36	105.36	105.36	85.2	85.2	85.2	85.2	82.49	82.49	82.49	82.49	79.17	79.17	79.17	79.17	74.21	74.21	74.21	74.21	70.75	70.75	70.75	70.75	78.52	78.52	78.52	78.52	83.5	83.5	83.5	83.5	82.92	82.92	82.92	82.92	72	72	72	72	54.63	54.63	54.63	54.63	45	45	45	45	40.1	40.1	40.1	40.1	39.68	39.68	39.68	39.68	35.3	35.3	35.3	35.3	31.73	31.73	31.73	31.73	34.75	34.75	34.75	34.75	39.68	39.68	39.68	39.68	66.52	66.52	66.52	66.52	70.8	70.8	70.8	70.8	80.36	80.36	80.36	80.36	78.54	78.54	78.54	78.54	82.49	82.49	82.49	82.49	66.28	66.28	66.28	66.28
2025-03-02	62	62	62	62	51.58	51.58	51.58	51.58	50.03	50.03	50.03	50.03	49.2	49.2	49.2	49.2	50.68	50.68	50.68	50.68	51.58	51.58	51.58	51.58	51.97	51.97	51.97	51.97	51.9	51.9	51.9	51.9	51.9	51.9	51.9	51.9	52.5	52.5	52.5	52.5	60.5	60.5	60.5	60.5	49	49	49	49	27.5	27.5	27.5	27.5	40	40	40	40	42.19	42.19	42.19	42.19	51.9	51.9	51.9	51.9	76.04	76.04	76.04	76.04	82.49	82.49	82.49	82.49	89.5	89.5	89.5	89.5	113.95	113.95	113.95	113.95	124.87	124.87	124.87	124.87	121.69	121.69	121.69	121.69	91.5	91.5	91.5	91.5	79	79	79	79
2025-03-03	78.8	78.8	78.8	78.8	73	73	73	73	68.5	68.5	68.5	68.5	69	69	69	69	68.57	68.57	68.57	68.57	78.61	78.61	78.61	78.61	93	93	93	93	104.58	104.58	104.58	104.58	115	115	115	115	104.58	104.58	104.58	104.58	105.63	105.63	105.63	105.63	103.96	103.96	103.96	103.96	90.48	90.48	90.48	90.48	90.24	90.24	90.24	90.24	66.91	66.91	66.91	66.91	86.44	86.44	86.44	86.44	98.5	98.5	98.5	98.5	100.13	100.13	100.13	100.13	111.5	111.5	111.5	111.5	135	135	135	135	149	149	149	149	122.91	122.91	122.91	122.91	115	115	115	115	98.41	98.41	98.41	98.41
2025-03-04	100.13	100.13	100.13	100.13	104	104	104	104	101.05	101.05	101.05	101.05	100.13	100.13	100.13	100.13	99	99	99	99	102.61	102.61	102.61	102.61	96.78	96.78	96.78	96.78	106.6	106.6	106.6	106.6	109.24	109.24	109.24	109.24	102.7	102.7	102.7	102.7	95.5	95.5	95.5	95.5	77.85	77.85	77.85	77.85	63.84	63.84	63.84	63.84	50.24	50.24	50.24	50.24	55.1	55.1	55.1	55.1	66.75	66.75	66.75	66.75	80	80	80	80	101	101	101	101	102.58	102.58	102.58	102.58	144.28	144.28	144.28	144.28	132	132	132	132	117.62	117.62	117.62	117.62	102.97	102.97	102.97	102.97	102.7	102.7	102.7	102.7
2025-03-05	86	86	86	86	84	84	84	84	83.66	83.66	83.66	83.66	80	80	80	80	79.19	79.19	79.19	79.19	76	76	76	76	83.66	83.66	83.66	83.66	109.14	109.14	109.14	109.14	99.69	99.69	99.69	99.69	82	82	82	82	70.2	70.2	70.2	70.2	50	50	50	50	41.89	41.89	41.89	41.89	35.19	35.19	35.19	35.19	35.3	35.3	35.3	35.3	50.53	50.53	50.53	50.53	69.37	69.37	69.37	69.37	80	80	80	80	89	89	89	89	111.31	111.31	111.31	111.31	112.82	112.82	112.82	112.82	106.71	106.71	106.71	106.71	96.96	96.96	96.96	96.96	80.46	80.46	80.46	80.46
2025-03-06	61	61	61	61	56	56	56	56	62	62	62	62	67.75	67.75	67.75	67.75	68.9	68.9	68.9	68.9	70.84	70.84	70.84	70.84	75.95	75.95	75.95	75.95	97.49	97.49	97.49	97.49	101.58	101.58	101.58	101.58	78.85	78.85	78.85	78.85	71	71	71	71	70.2	70.2	70.2	70.2	67.7	67.7	67.7	67.7	59.99	59.99	59.99	59.99	54.19	54.19	54.19	54.19	54.97	54.97	54.97	54.97	60.01	60.01	60.01	60.01	76.99	76.99	76.99	76.99	101	101	101	101	126.02	126.02	126.02	126.02	117.01	117.01	117.01	117.01	105.51	105.51	105.51	105.51	91.96	91.96	91.96	91.96	76.6	76.6	76.6	76.6
2025-03-07	77.33	77.33	77.33	77.33	69.99	69.99	69.99	69.99	63.93	63.93	63.93	63.93	60.01	60.01	60.01	60.01	60.2	60.2	60.2	60.2	64.01	64.01	64.01	64.01	67.98	67.98	67.98	67.98	77.1	77.1	77.1	77.1	77.14	77.14	77.14	77.14	62.27	62.27	62.27	62.27	60.32	60.32	60.32	60.32	35	35	35	35	20.47	20.47	20.47	20.47	7.82	7.82	7.82	7.82	23.9	23.9	23.9	23.9	14.68	14.68	14.68	14.68	22.34	22.34	22.34	22.34	29.75	29.75	29.75	29.75	43.33	43.33	43.33	43.33	44.1	44.1	44.1	44.1	52.2	52.2	52.2	52.2	50	50	50	50	50	50	50	50	43.84	43.84	43.84	43.84
2025-03-08	29	29	29	29	13.2	13.2	13.2	13.2	13.2	13.2	13.2	13.2	12.2	12.2	12.2	12.2	7.19	7.19	7.19	7.19	5	5	5	5	8.9	8.9	8.9	8.9	10.96	10.96	10.96	10.96	5	5	5	5	6.99	6.99	6.99	6.99	3.52	3.52	3.52	3.52	3.52	3.52	3.52	3.52	2.99	2.99	2.99	2.99	1	1	1	1	0.07	0.07	0.07	0.07	0.02	0.02	0.02	0.02	0.65	0.65	0.65	0.65	3.52	3.52	3.52	3.52	35	35	35	35	43.38	43.38	43.38	43.38	41.23	41.23	41.23	41.23	40.65	40.65	40.65	40.65	40	40	40	40	38.1	38.1	38.1	38.1
2025-03-09	35.4	35.4	35.4	35.4	35.01	35.01	35.01	35.01	35.01	35.01	35.01	35.01	33.29	33.29	33.29	33.29	29.97	29.97	29.97	29.97	31.4	31.4	31.4	31.4	31.81	31.81	31.81	31.81	35	35	35	35	35	35	35	35	29.27	29.27	29.27	29.27	10.1	10.1	10.1	10.1	9.13	9.13	9.13	9.13	13.2	13.2	13.2	13.2	7.1	7.1	7.1	7.1	3.52	3.52	3.52	3.52	17.39	17.39	17.39	17.39	35.01	35.01	35.01	35.01	47.68	47.68	47.68	47.68	89.02	89.02	89.02	89.02	124.5	124.5	124.5	124.5	127.6	127.6	127.6	127.6	115.66	115.66	115.66	115.66	97.04	97.04	97.04	97.04	88.06	88.06	88.06	88.06
2025-03-10	85.51	85.51	85.51	85.51	78.03	78.03	78.03	78.03	73.01	73.01	73.01	73.01	71.31	71.31	71.31	71.31	66.7	66.7	66.7	66.7	73.43	73.43	73.43	73.43	99.58	99.58	99.58	99.58	123.06	123.06	123.06	123.06	130.01	130.01	130.01	130.01	95	95	95	95	82.99	82.99	82.99	82.99	78	78	78	78	76.02	76.02	76.02	76.02	77.32	77.32	77.32	77.32	75.51	75.51	75.51	75.51	69.11	69.11	69.11	69.11	77.86	77.86	77.86	77.86	95.92	95.92	95.92	95.92	117.84	117.84	117.84	117.84	152.05	152.05	152.05	152.05	131.6	131.6	131.6	131.6	110	110	110	110	100	100	100	100	92	92	92	92
2025-03-11	91	91	91	91	87.45	87.45	87.45	87.45	84.47	84.47	84.47	84.47	82.36	82.36	82.36	82.36	82.36	82.36	82.36	82.36	91.92	91.92	91.92	91.92	92.8	92.8	92.8	92.8	114.57	114.57	114.57	114.57	126.96	126.96	126.96	126.96	100.93	100.93	100.93	100.93	92.22	92.22	92.22	92.22	80	80	80	80	82.92	82.92	82.92	82.92	77.87	77.87	77.87	77.87	75	75	75	75	69.1	69.1	69.1	69.1	69.1	69.1	69.1	69.1	82.5	82.5	82.5	82.5	114.5	114.5	114.5	114.5	157.5	157.5	157.5	157.5	137.84	137.84	137.84	137.84	119.33	119.33	119.33	119.33	108.78	108.78	108.78	108.78	105.16	105.16	105.16	105.16
2025-03-12	84.99	84.99	84.99	84.99	71.97	71.97	71.97	71.97	69.1	69.1	69.1	69.1	71.58	71.58	71.58	71.58	71.14	71.14	71.14	71.14	70.01	70.01	70.01	70.01	78.5	78.5	78.5	78.5	103.08	103.08	103.08	103.08	104.44	104.44	104.44	104.44	85	85	85	85	75.85	75.85	75.85	75.85	71.97	71.97	71.97	71.97	70.39	70.39	70.39	70.39	70.01	70.01	70.01	70.01	70.01	70.01	70.01	70.01	71.83	71.83	71.83	71.83	75.01	75.01	75.01	75.01	103.08	103.08	103.08	103.08	130.41	130.41	130.41	130.41	176.69	176.69	176.69	176.69	146.37	146.37	146.37	146.37	132.2	132.2	132.2	132.2	120	120	120	120	109.91	109.91	109.91	109.91
2025-03-13	108.58	108.58	108.58	108.58	103.46	103.46	103.46	103.46	101.25	101.25	101.25	101.25	95.12	95.12	95.12	95.12	90.8	90.8	90.8	90.8	99	99	99	99	110.01	110.01	110.01	110.01	152.28	152.28	152.28	152.28	156.41	156.41	156.41	156.41	140	140	140	140	117.56	117.56	117.56	117.56	110.54	110.54	110.54	110.54	102.75	102.75	102.75	102.75	95.12	95.12	95.12	95.12	92.38	92.38	92.38	92.38	92.47	92.47	92.47	92.47	92.38	92.38	92.38	92.38	92.47	92.47	92.47	92.47	107.1	107.1	107.1	107.1	160.86	160.86	160.86	160.86	149	149	149	149	126.51	126.51	126.51	126.51	103.5	103.5	103.5	103.5	81.9	81.9	81.9	81.9
2025-03-14	49.75	49.75	49.75	49.75	39	39	39	39	35.1	35.1	35.1	35.1	35.01	35.01	35.01	35.01	37	37	37	37	42.28	42.28	42.28	42.28	62.84	62.84	62.84	62.84	95.8	95.8	95.8	95.8	96.3	96.3	96.3	96.3	63.1	63.1	63.1	63.1	38	38	38	38	25	25	25	25	24.7	24.7	24.7	24.7	18.82	18.82	18.82	18.82	5.76	5.76	5.76	5.76	5	5	5	5	14	14	14	14	37	37	37	37	83.35	83.35	83.35	83.35	134.5	134.5	134.5	134.5	130.01	130.01	130.01	130.01	111.39	111.39	111.39	111.39	104.14	104.14	104.14	104.14	96.54	96.54	96.54	96.54
2025-03-15	82.26	82.26	82.26	82.26	66.79	66.79	66.79	66.79	59.43	59.43	59.43	59.43	49.71	49.71	49.71	49.71	44.72	44.72	44.72	44.72	44.72	44.72	44.72	44.72	49.58	49.58	49.58	49.58	59.68	59.68	59.68	59.68	34.22	34.22	34.22	34.22	3.52	3.52	3.52	3.52	0	0	0	0	0	0	0	0	0	0	0	0	0	0	0	0	0	0	0	0	0.02	0.02	0.02	0.02	1	1	1	1	29.52	29.52	29.52	29.52	85	85	85	85	132.96	132.96	132.96	132.96	121.46	121.46	121.46	121.46	108.5	108.5	108.5	108.5	105.02	105.02	105.02	105.02	95.25	95.25	95.25	95.25
2025-03-16	82.93	82.93	82.93	82.93	70	70	70	70	65	65	65	65	65	65	65	65	63.02	63.02	63.02	63.02	65	65	65	65	65	65	65	65	67.8	67.8	67.8	67.8	60.35	60.35	60.35	60.35	40.5	40.5	40.5	40.5	25.3	25.3	25.3	25.3	11.06	11.06	11.06	11.06	10.52	10.52	10.52	10.52	11.37	11.37	11.37	11.37	9.94	9.94	9.94	9.94	6.99	6.99	6.99	6.99	25.3	25.3	25.3	25.3	46	46	46	46	82.93	82.93	82.93	82.93	140	140	140	140	130.43	130.43	130.43	130.43	113.31	113.31	113.31	113.31	107.05	107.05	107.05	107.05	89	89	89	89
2025-03-17	83.55	83.55	83.55	83.55	71.26	71.26	71.26	71.26	74.66	74.66	74.66	74.66	71.26	71.26	71.26	71.26	71.26	71.26	71.26	71.26	69.6	69.6	69.6	69.6	79.99	79.99	79.99	79.99	136.01	136.01	136.01	136.01	137.01	137.01	137.01	137.01	99	99	99	99	81.1	81.1	81.1	81.1	70.07	70.07	70.07	70.07	58.9	58.9	58.9	58.9	50.24	50.24	50.24	50.24	50.24	50.24	50.24	50.24	60.34	60.34	60.34	60.34	68.1	68.1	68.1	68.1	80.67	80.67	80.67	80.67	111.93	111.93	111.93	111.93	170	170	170	170	141.5	141.5	141.5	141.5	110.96	110.96	110.96	110.96	104.18	104.18	104.18	104.18	75.85	75.85	75.85	75.85
2025-03-18	70.79	70.79	70.79	70.79	40.3	40.3	40.3	40.3	37.84	37.84	37.84	37.84	40	40	40	40	39.8	39.8	39.8	39.8	38.31	38.31	38.31	38.31	54.23	54.23	54.23	54.23	78.87	78.87	78.87	78.87	94.14	94.14	94.14	94.14	72.65	72.65	72.65	72.65	37.84	37.84	37.84	37.84	12.84	12.84	12.84	12.84	20.2	20.2	20.2	20.2	5.19	5.19	5.19	5.19	6.03	6.03	6.03	6.03	24.59	24.59	24.59	24.59	33	33	33	33	41.89	41.89	41.89	41.89	72	72	72	72	150.79	150.79	150.79	150.79	136.97	136.97	136.97	136.97	105.69	105.69	105.69	105.69	90.95	90.95	90.95	90.95	79.43	79.43	79.43	79.43
2025-03-19	46.68	46.68	46.68	46.68	44.02	44.02	44.02	44.02	39.92	39.92	39.92	39.92	35.01	35.01	35.01	35.01	35.01	35.01	35.01	35.01	35	35	35	35	75	75	75	75	117.38	117.38	117.38	117.38	35.01	35.01	35.01	35.01	20.19	20.19	20.19	20.19	6	6	6	6	0.22	0.22	0.22	0.22	0	0	0	0	0	0	0	0	0	0	0	0	0	0	0	0	0.1	0.1	0.1	0.1	3.6	3.6	3.6	3.6	31.1	31.1	31.1	31.1	36.68	36.68	36.68	36.68	52.96	52.96	52.96	52.96	38.26	38.26	38.26	38.26	30.34	30.34	30.34	30.34	16.09	16.09	16.09	16.09
2025-03-20	7.89	7.89	7.89	7.89	6	6	6	6	3.52	3.52	3.52	3.52	3.52	3.52	3.52	3.52	3.52	3.52	3.52	3.52	3.52	3.52	3.52	3.52	6	6	6	6	9.7	9.7	9.7	9.7	14	14	14	14	5	5	5	5	3.52	3.52	3.52	3.52	3.42	3.42	3.42	3.42	0.43	0.43	0.43	0.43	0.65	0.65	0.65	0.65	3.52	3.52	3.52	3.52	6.09	6.09	6.09	6.09	15.47	15.47	15.47	15.47	35	35	35	35	62.96	62.96	62.96	62.96	101.6	101.6	101.6	101.6	93.74	93.74	93.74	93.74	63.99	63.99	63.99	63.99	50.21	50.21	50.21	50.21	41.34	41.34	41.34	41.34
2025-03-21	16.74	16.74	16.74	16.74	9.2	9.2	9.2	9.2	5.7	5.7	5.7	5.7	4.2	4.2	4.2	4.2	3.52	3.52	3.52	3.52	4.2	4.2	4.2	4.2	8.85	8.85	8.85	8.85	17	17	17	17	10.6	10.6	10.6	10.6	3.52	3.52	3.52	3.52	3.52	3.52	3.52	3.52	0.74	0.74	0.74	0.74	0.65	0.65	0.65	0.65	0.18	0.18	0.18	0.18	0.18	0.18	0.18	0.18	0.65	0.65	0.65	0.65	1.1	1.1	1.1	1.1	3.52	3.52	3.52	3.52	9.5	9.5	9.5	9.5	35	35	35	35	40	40	40	40	35.01	35.01	35.01	35.01	29.42	29.42	29.42	29.42	15	15	15	15
2025-03-22	3.52	3.52	3.52	3.52	3.52	3.52	3.52	3.52	1	1	1	1	0.5	0.5	0.5	0.5	0.5	0.5	0.5	0.5	1	1	1	1	0.65	0.65	0.65	0.65	0.5	0.5	0.5	0.5	0.1	0.1	0.1	0.1	0	0	0	0	0	0	0	0	0	0	0	0	0	0	0	0	0	0	0	0	0	0	0	0	-0.01	-0.01	-0.01	-0.01	0	0	0	0	0.65	0.65	0.65	0.65	10.5	10.5	10.5	10.5	40	40	40	40	76.01	76.01	76.01	76.01	52.05	52.05	52.05	52.05	43.9	43.9	43.9	43.9	35.01	35.01	35.01	35.01
2025-03-23	35.01	35.01	35.01	35.01	33.55	33.55	33.55	33.55	19.97	19.97	19.97	19.97	10.1	10.1	10.1	10.1	8.5	8.5	8.5	8.5	8.74	8.74	8.74	8.74	10.1	10.1	10.1	10.1	15	15	15	15	7.4	7.4	7.4	7.4	3.52	3.52	3.52	3.52	0.65	0.65	0.65	0.65	0.54	0.54	0.54	0.54	0.1	0.1	0.1	0.1	0.5	0.5	0.5	0.5	0.06	0.06	0.06	0.06	0	0	0	0	0.02	0.02	0.02	0.02	3.52	3.52	3.52	3.52	35.01	35.01	35.01	35.01	108	108	108	108	125.92	125.92	125.92	125.92	111	111	111	111	98.84	98.84	98.84	98.84	63.11	63.11	63.11	63.11
2025-03-24	40.03	40.03	40.03	40.03	28	28	28	28	24	24	24	24	21.96	21.96	21.96	21.96	21.87	21.87	21.87	21.87	25	25	25	25	40.38	40.38	40.38	40.38	61.51	61.51	61.51	61.51	37.93	37.93	37.93	37.93	20.19	20.19	20.19	20.19	3.52	3.52	3.52	3.52	0.65	0.65	0.65	0.65	0.65	0.65	0.65	0.65	2	2	2	2	3.52	3.52	3.52	3.52	3.52	3.52	3.52	3.52	7.4	7.4	7.4	7.4	23.79	23.79	23.79	23.79	59.99	59.99	59.99	59.99	179.1	179.1	179.1	179.1	158.3	158.3	158.3	158.3	120.96	120.96	120.96	120.96	107.92	107.92	107.92	107.92	74.73	74.73	74.73	74.73
2025-03-25	40.51	40.51	40.51	40.51	20.26	20.26	20.26	20.26	13.13	13.13	13.13	13.13	12.2	12.2	12.2	12.2	12.73	12.73	12.73	12.73	17.87	17.87	17.87	17.87	32.38	32.38	32.38	32.38	90.99	90.99	90.99	90.99	37.93	37.93	37.93	37.93	4.96	4.96	4.96	4.96	1.06	1.06	1.06	1.06	0	0	0	0	0.01	0.01	0.01	0.01	0.1	0.1	0.1	0.1	0.42	0.42	0.42	0.42	1.03	1.03	1.03	1.03	3.6	3.6	3.6	3.6	12.2	12.2	12.2	12.2	65	65	65	65	160.86	160.86	160.86	160.86	158.84	158.84	158.84	158.84	128.4	128.4	128.4	128.4	104.25	104.25	104.25	104.25	99	99	99	99
2025-03-26	47.39	47.39	47.39	47.39	30	30	30	30	15.85	15.85	15.85	15.85	15.8	15.8	15.8	15.8	20.08	20.08	20.08	20.08	28.6	28.6	28.6	28.6	60	60	60	60	95.79	95.79	95.79	95.79	21.7	21.7	21.7	21.7	0.2	0.2	0.2	0.2	-0.01	-0.01	-0.01	-0.01	-0.45	-0.45	-0.45	-0.45	-0.5	-0.5	-0.5	-0.5	-0.45	-0.45	-0.45	-0.45	-0.45	-0.45	-0.45	-0.45	-0.45	-0.45	-0.45	-0.45	-0.01	-0.01	-0.01	-0.01	0	0	0	0	27	27	27	27	125.22	125.22	125.22	125.22	126.66	126.66	126.66	126.66	104.94	104.94	104.94	104.94	97.33	97.33	97.33	97.33	54.68	54.68	54.68	54.68
2025-03-27	93.52	93.52	93.52	93.52	63.09	63.09	63.09	63.09	60	60	60	60	52.98	52.98	52.98	52.98	52.98	52.98	52.98	52.98	63.09	63.09	63.09	63.09	85.92	85.92	85.92	85.92	125.03	125.03	125.03	125.03	59	59	59	59	3.52	3.52	3.52	3.52	0	0	0	0	-0.01	-0.01	-0.01	-0.01	-0.01	-0.01	-0.01	-0.01	-0.01	-0.01	-0.01	-0.01	-0.01	-0.01	-0.01	-0.01	-0.01	-0.01	-0.01	-0.01	0	0	0	0	0.65	0.65	0.65	0.65	47.81	47.81	47.81	47.81	150	150	150	150	135.57	135.57	135.57	135.57	117.75	117.75	117.75	117.75	106.1	106.1	106.1	106.1	93.2	93.2	93.2	93.2
2025-03-28	51.4	51.4	51.4	51.4	37	37	37	37	21.61	21.61	21.61	21.61	20.8	20.8	20.8	20.8	20.8	20.8	20.8	20.8	29.5	29.5	29.5	29.5	51.4	51.4	51.4	51.4	86.9	86.9	86.9	86.9	20.08	20.08	20.08	20.08	0.02	0.02	0.02	0.02	-0.4	-0.4	-0.4	-0.4	-1	-1	-1	-1	-1.02	-1.02	-1.02	-1.02	-1.04	-1.04	-1.04	-1.04	-1.2	-1.2	-1.2	-1.2	-1.24	-1.24	-1.24	-1.24	-1.24	-1.24	-1.24	-1.24	-0.62	-0.62	-0.62	-0.62	3.52	3.52	3.52	3.52	62	62	62	62	85.36	85.36	85.36	85.36	63.53	63.53	63.53	63.53	50	50	50	50	20.8	20.8	20.8	20.8
2025-03-29	13.29	13.29	13.29	13.29	10.63	10.63	10.63	10.63	7	7	7	7	5	5	5	5	4.96	4.96	4.96	4.96	4.96	4.96	4.96	4.96	5	5	5	5	3.52	3.52	3.52	3.52	0	0	0	0	-1.01	-1.01	-1.01	-1.01	-2	-2	-2	-2	-2	-2	-2	-2	-2	-2	-2	-2	-2	-2	-2	-2	-2.2	-2.2	-2.2	-2.2	-2.2	-2.2	-2.2	-2.2	-2.2	-2.2	-2.2	-2.2	-2	-2	-2	-2	0	0	0	0	11.13	11.13	11.13	11.13	20.16	20.16	20.16	20.16	18.58	18.58	18.58	18.58	11.13	11.13	11.13	11.13	6	6	6	6
2025-03-30	3.6	3.6	3.6	3.6	3.2	3.2	3.2	3.2	3.2	3.2	3.2	3.2	0.65	0.65	0.65	0.65	0.1	0.1	0.1	0.1	0.09	0.09	0.09	0.09	0.17	0.17	0.17	0.17	0.13	0.13	0.13	0.13	0	0	0	0	-1.53	-1.53	-1.53	-1.53	-2.31	-2.31	-2.31	-2.31	-3.8	-3.8	-3.8	-3.8	-4	-4	-4	-4	-4	-4	-4	-4	-5	-5	-5	-5	-5.21	-5.21	-5.21	-5.21	-4	-4	-4	-4	-3	-3	-3	-3	-2.2	-2.2	-2.2	-2.2	0.02	0.02	0.02	0.02	25.46	25.46	25.46	25.46	35.01	35.01	35.01	35.01	25.63	25.63	25.63	25.63	10.63	10.63	10.63	10.63
2025-03-31	0.65	0.65	0.65	0.65	2	2	2	2	3	3	3	3	0.65	0.65	0.65	0.65	0.65	0.65	0.65	0.65	1	1	1	1	7.44	7.44	7.44	7.44	40.03	40.03	40.03	40.03	41.26	41.26	41.26	41.26	0.15	0.15	0.15	0.15	-0.01	-0.01	-0.01	-0.01	-0.31	-0.31	-0.31	-0.31	-0.66	-0.66	-0.66	-0.66	-0.62	-0.62	-0.62	-0.62	-0.62	-0.62	-0.62	-0.62	-1	-1	-1	-1	-0.99	-0.99	-0.99	-0.99	-0.01	-0.01	-0.01	-0.01	0.2	0.2	0.2	0.2	55	55	55	55	146.79	146.79	146.79	146.79	197.25	197.25	197.25	197.25	119.85	119.85	119.85	119.85	95.01	95.01	95.01	95.01
2025-04-01	90	90	90	90	75.78	75.78	75.78	75.78	70.03	70.03	70.03	70.03	60.48	60.48	60.48	60.48	61.59	61.59	61.59	61.59	68.2	68.2	68.2	68.2	84.2	84.2	84.2	84.2	155.5	155.5	155.5	155.5	159.37	159.37	159.37	159.37	87.97	87.97	87.97	87.97	38.1	38.1	38.1	38.1	5.2	5.2	5.2	5.2	0	0	0	0	0	0	0	0	-0.01	-0.01	-0.01	-0.01	-0.07	-0.07	-0.07	-0.07	-0.01	-0.01	-0.01	-0.01	-0.01	-0.01	-0.01	-0.01	17.9	17.9	17.9	17.9	53.71	53.71	53.71	53.71	114.96	114.96	114.96	114.96	120.93	120.93	120.93	120.93	84.2	84.2	84.2	84.2	58.44	58.44	58.44	58.44
2025-04-02	38.11	38.11	38.11	38.11	26.34	26.34	26.34	26.34	26.1	26.1	26.1	26.1	20	20	20	20	20	20	20	20	26.34	26.34	26.34	26.34	39.87	39.87	39.87	39.87	90.08	90.08	90.08	90.08	104.9	104.9	104.9	104.9	54.33	54.33	54.33	54.33	21.15	21.15	21.15	21.15	1	1	1	1	0	0	0	0	0	0	0	0	-0.01	-0.01	-0.01	-0.01	-0.02	-0.02	-0.02	-0.02	-0.01	-0.01	-0.01	-0.01	0.04	0.04	0.04	0.04	7.96	7.96	7.96	7.96	32.96	32.96	32.96	32.96	53.11	53.11	53.11	53.11	49.23	49.23	49.23	49.23	32.95	32.95	32.95	32.95	27.3	27.3	27.3	27.3
2025-04-03	20.37	20.37	20.37	20.37	19.07	19.07	19.07	19.07	16.32	16.32	16.32	16.32	12.27	12.27	12.27	12.27	9.07	9.07	9.07	9.07	11.94	11.94	11.94	11.94	19.7	19.7	19.7	19.7	38.11	38.11	38.11	38.11	56.33	56.33	56.33	56.33	38.11	38.11	38.11	38.11	28.96	28.96	28.96	28.96	3.52	3.52	3.52	3.52	0.5	0.5	0.5	0.5	0	0	0	0	0	0	0	0	0	0	0	0	1.87	1.87	1.87	1.87	5	5	5	5	10.06	10.06	10.06	10.06	35	35	35	35	80	80	80	80	79	79	79	79	35.01	35.01	35.01	35.01	10.1	10.1	10.1	10.1
2025-04-04	3.6	3.6	3.6	3.6	3.52	3.52	3.52	3.52	3.52	3.52	3.52	3.52	3.51	3.51	3.51	3.51	3.52	3.52	3.52	3.52	3.52	3.52	3.52	3.52	3.52	3.52	3.52	3.52	35	35	35	35	35.01	35.01	35.01	35.01	18.83	18.83	18.83	18.83	4.73	4.73	4.73	4.73	3.52	3.52	3.52	3.52	0	0	0	0	-0.01	-0.01	-0.01	-0.01	-0.02	-0.02	-0.02	-0.02	-0.01	-0.01	-0.01	-0.01	0	0	0	0	0.01	0.01	0.01	0.01	0.65	0.65	0.65	0.65	6.3	6.3	6.3	6.3	35.01	35.01	35.01	35.01	50.02	50.02	50.02	50.02	35.01	35.01	35.01	35.01	20.91	20.91	20.91	20.91
2025-04-05	35	35	35	35	19.97	19.97	19.97	19.97	19.1	19.1	19.1	19.1	19.34	19.34	19.34	19.34	13.2	13.2	13.2	13.2	16.4	16.4	16.4	16.4	19.75	19.75	19.75	19.75	20.3	20.3	20.3	20.3	21.46	21.46	21.46	21.46	10	10	10	10	0.66	0.66	0.66	0.66	-0.13	-0.13	-0.13	-0.13	-0.3	-0.3	-0.3	-0.3	-1	-1	-1	-1	-1.01	-1.01	-1.01	-1.01	-1.2	-1.2	-1.2	-1.2	-1	-1	-1	-1	0.1	0.1	0.1	0.1	10	10	10	10	46.49	46.49	46.49	46.49	95.61	95.61	95.61	95.61	95.61	95.61	95.61	95.61	78.99	78.99	78.99	78.99	68.75	68.75	68.75	68.75
2025-04-06	70.45	70.45	70.45	70.45	46.21	46.21	46.21	46.21	35.01	35.01	35.01	35.01	27.01	27.01	27.01	27.01	25.5	25.5	25.5	25.5	25.57	25.57	25.57	25.57	26.51	26.51	26.51	26.51	28.87	28.87	28.87	28.87	26.25	26.25	26.25	26.25	0.1	0.1	0.1	0.1	-1.01	-1.01	-1.01	-1.01	-1.54	-1.54	-1.54	-1.54	-1.54	-1.54	-1.54	-1.54	-1	-1	-1	-1	-1	-1	-1	-1	-1.32	-1.32	-1.32	-1.32	-1.49	-1.49	-1.49	-1.49	-0.01	-0.01	-0.01	-0.01	8.26	8.26	8.26	8.26	35.2	35.2	35.2	35.2	75	75	75	75	80	80	80	80	70.01	70.01	70.01	70.01	66.38	66.38	66.38	66.38
2025-04-07	48.37	48.37	48.37	48.37	41.9	41.9	41.9	41.9	43.32	43.32	43.32	43.32	39.54	39.54	39.54	39.54	39.74	39.74	39.74	39.74	46.22	46.22	46.22	46.22	70.1	70.1	70.1	70.1	159.86	159.86	159.86	159.86	143.04	143.04	143.04	143.04	60	60	60	60	17.43	17.43	17.43	17.43	3.01	3.01	3.01	3.01	0.01	0.01	0.01	0.01	0	0	0	0	0	0	0	0	0	0	0	0	0	0	0	0	1.51	1.51	1.51	1.51	20	20	20	20	69.1	69.1	69.1	69.1	156	156	156	156	170.01	170.01	170.01	170.01	118.34	118.34	118.34	118.34	99.84	99.84	99.84	99.84
2025-04-08	83	83	83	83	71.8	71.8	71.8	71.8	69.07	69.07	69.07	69.07	57.65	57.65	57.65	57.65	51.22	51.22	51.22	51.22	53.16	53.16	53.16	53.16	60.5	60.5	60.5	60.5	131.17	131.17	131.17	131.17	104	104	104	104	36.88	36.88	36.88	36.88	0.65	0.65	0.65	0.65	-0.01	-0.01	-0.01	-0.01	-0.86	-0.86	-0.86	-0.86	-1.01	-1.01	-1.01	-1.01	-1.02	-1.02	-1.02	-1.02	-1.01	-1.01	-1.01	-1.01	-1	-1	-1	-1	-0.01	-0.01	-0.01	-0.01	0.01	0.01	0.01	0.01	33.68	33.68	33.68	33.68	117.6	117.6	117.6	117.6	123.49	123.49	123.49	123.49	85.95	85.95	85.95	85.95	69.22	69.22	69.22	69.22
2025-04-09	50.13	50.13	50.13	50.13	37	37	37	37	33.68	33.68	33.68	33.68	32.06	32.06	32.06	32.06	28.46	28.46	28.46	28.46	28.9	28.9	28.9	28.9	37	37	37	37	86.96	86.96	86.96	86.96	98.21	98.21	98.21	98.21	33.68	33.68	33.68	33.68	5.8	5.8	5.8	5.8	-0.01	-0.01	-0.01	-0.01	-0.01	-0.01	-0.01	-0.01	-0.02	-0.02	-0.02	-0.02	-0.2	-0.2	-0.2	-0.2	-0.5	-0.5	-0.5	-0.5	-0.02	-0.02	-0.02	-0.02	0	0	0	0	9.81	9.81	9.81	9.81	37	37	37	37	70	70	70	70	89	89	89	89	53.96	53.96	53.96	53.96	36.64	36.64	36.64	36.64
2025-04-10	33.68	33.68	33.68	33.68	28.46	28.46	28.46	28.46	21.46	21.46	21.46	21.46	20.08	20.08	20.08	20.08	18.36	18.36	18.36	18.36	17.46	17.46	17.46	17.46	15	15	15	15	35.01	35.01	35.01	35.01	37.5	37.5	37.5	37.5	30.48	30.48	30.48	30.48	10.99	10.99	10.99	10.99	0.65	0.65	0.65	0.65	0	0	0	0	0	0	0	0	-0.01	-0.01	-0.01	-0.01	-0.01	-0.01	-0.01	-0.01	0	0	0	0	0	0	0	0	4.99	4.99	4.99	4.99	20.3	20.3	20.3	20.3	38.54	38.54	38.54	38.54	50.82	50.82	50.82	50.82	43.3	43.3	43.3	43.3	33.68	33.68	33.68	33.68
2025-04-11	21.63	21.63	21.63	21.63	16.66	16.66	16.66	16.66	11.98	11.98	11.98	11.98	14	14	14	14	12.51	12.51	12.51	12.51	14	14	14	14	14	14	14	14	30.48	30.48	30.48	30.48	34.37	34.37	34.37	34.37	27.5	27.5	27.5	27.5	12.51	12.51	12.51	12.51	3.52	3.52	3.52	3.52	0.01	0.01	0.01	0.01	0	0	0	0	0	0	0	0	-0.01	-0.01	-0.01	-0.01	0.01	0.01	0.01	0.01	3.52	3.52	3.52	3.52	8.3	8.3	8.3	8.3	28.46	28.46	28.46	28.46	52.01	52.01	52.01	52.01	58.02	58.02	58.02	58.02	41.91	41.91	41.91	41.91	35	35	35	35
2025-04-12	35.01	35.01	35.01	35.01	29.24	29.24	29.24	29.24	31.22	31.22	31.22	31.22	29.24	29.24	29.24	29.24	29.09	29.09	29.09	29.09	30.38	30.38	30.38	30.38	32.68	32.68	32.68	32.68	29.24	29.24	29.24	29.24	30.95	30.95	30.95	30.95	33	33	33	33	20.19	20.19	20.19	20.19	8.01	8.01	8.01	8.01	3.52	3.52	3.52	3.52	1.8	1.8	1.8	1.8	0.17	0.17	0.17	0.17	0.01	0.01	0.01	0.01	0.01	0.01	0.01	0.01	18.08	18.08	18.08	18.08	22.57	22.57	22.57	22.57	33.84	33.84	33.84	33.84	50.02	50.02	50.02	50.02	79	79	79	79	55.44	55.44	55.44	55.44	45.59	45.59	45.59	45.59
2025-04-13	35	35	35	35	35	35	35	35	31.3	31.3	31.3	31.3	20.08	20.08	20.08	20.08	15.31	15.31	15.31	15.31	14.99	14.99	14.99	14.99	21.63	21.63	21.63	21.63	27.75	27.75	27.75	27.75	17.23	17.23	17.23	17.23	9	9	9	9	2.55	2.55	2.55	2.55	0.18	0.18	0.18	0.18	0	0	0	0	-0.01	-0.01	-0.01	-0.01	-0.2	-0.2	-0.2	-0.2	-1.51	-1.51	-1.51	-1.51	-0.01	-0.01	-0.01	-0.01	0	0	0	0	1.35	1.35	1.35	1.35	8.24	8.24	8.24	8.24	44.31	44.31	44.31	44.31	60.55	60.55	60.55	60.55	59.04	59.04	59.04	59.04	38.5	38.5	38.5	38.5
2025-04-14	39.23	39.23	39.23	39.23	38.16	38.16	38.16	38.16	37.74	37.74	37.74	37.74	35	35	35	35	30.01	30.01	30.01	30.01	35.01	35.01	35.01	35.01	42.5	42.5	42.5	42.5	68.19	68.19	68.19	68.19	74.94	74.94	74.94	74.94	37.74	37.74	37.74	37.74	30.55	30.55	30.55	30.55	7.4	7.4	7.4	7.4	3.52	3.52	3.52	3.52	0.65	0.65	0.65	0.65	0	0	0	0	0	0	0	0	0	0	0	0	0	0	0	0	0.65	0.65	0.65	0.65	4.99	4.99	4.99	4.99	35	35	35	35	35	35	35	35	19.75	19.75	19.75	19.75	13	13	13	13
2025-04-15	14	14	14	14	7.5	7.5	7.5	7.5	5.64	5.64	5.64	5.64	4.5	4.5	4.5	4.5	3.6	3.6	3.6	3.6	7.08	7.08	7.08	7.08	20.08	20.08	20.08	20.08	34.45	34.45	34.45	34.45	35	35	35	35	18.74	18.74	18.74	18.74	5.5	5.5	5.5	5.5	3.52	3.52	3.52	3.52	0.08	0.08	0.08	0.08	0	0	0	0	-0.01	-0.01	-0.01	-0.01	-0.01	-0.01	-0.01	-0.01	-0.01	-0.01	-0.01	-0.01	0	0	0	0	2.55	2.55	2.55	2.55	7.5	7.5	7.5	7.5	33.47	33.47	33.47	33.47	35	35	35	35	21.96	21.96	21.96	21.96	21.46	21.46	21.46	21.46
2025-04-16	16.22	16.22	16.22	16.22	16.22	16.22	16.22	16.22	15	15	15	15	12.96	12.96	12.96	12.96	6	6	6	6	6.99	6.99	6.99	6.99	15.98	15.98	15.98	15.98	17.46	17.46	17.46	17.46	15	15	15	15	3.8	3.8	3.8	3.8	0.66	0.66	0.66	0.66	0	0	0	0	0	0	0	0	0	0	0	0	0	0	0	0	-0.01	-0.01	-0.01	-0.01	-0.01	-0.01	-0.01	-0.01	0	0	0	0	0.65	0.65	0.65	0.65	6.1	6.1	6.1	6.1	30.92	30.92	30.92	30.92	69.21	69.21	69.21	69.21	36	36	36	36	22.15	22.15	22.15	22.15
2025-04-17	20.19	20.19	20.19	20.19	16.22	16.22	16.22	16.22	15.98	15.98	15.98	15.98	15.88	15.88	15.88	15.88	15.5	15.5	15.5	15.5	15.5	15.5	15.5	15.5	16.46	16.46	16.46	16.46	22.48	22.48	22.48	22.48	19.97	19.97	19.97	19.97	9.5	9.5	9.5	9.5	3.52	3.52	3.52	3.52	1.49	1.49	1.49	1.49	0	0	0	0	0	0	0	0	0	0	0	0	0	0	0	0	0	0	0	0	0	0	0	0	3.52	3.52	3.52	3.52	20.08	20.08	20.08	20.08	72.83	72.83	72.83	72.83	107.5	107.5	107.5	107.5	87.56	87.56	87.56	87.56	62.4	62.4	62.4	62.4
2025-04-18	36	36	36	36	21.53	21.53	21.53	21.53	20.26	20.26	20.26	20.26	20.57	20.57	20.57	20.57	20.57	20.57	20.57	20.57	20.26	20.26	20.26	20.26	15.55	15.55	15.55	15.55	18.98	18.98	18.98	18.98	12.05	12.05	12.05	12.05	4.31	4.31	4.31	4.31	2	2	2	2	0	0	0	0	-0.3	-0.3	-0.3	-0.3	-0.79	-0.79	-0.79	-0.79	-1.16	-1.16	-1.16	-1.16	-1.54	-1.54	-1.54	-1.54	-1.54	-1.54	-1.54	-1.54	-1.51	-1.51	-1.51	-1.51	0	0	0	0	3.52	3.52	3.52	3.52	21.53	21.53	21.53	21.53	35	35	35	35	30	30	30	30	21.05	21.05	21.05	21.05
2025-04-19	8	8	8	8	4.83	4.83	4.83	4.83	3.83	3.83	3.83	3.83	3.52	3.52	3.52	3.52	3.52	3.52	3.52	3.52	3.52	3.52	3.52	3.52	3.52	3.52	3.52	3.52	3.52	3.52	3.52	3.52	2.4	2.4	2.4	2.4	0	0	0	0	-0.79	-0.79	-0.79	-0.79	-1.54	-1.54	-1.54	-1.54	-1.54	-1.54	-1.54	-1.54	-2.2	-2.2	-2.2	-2.2	-3	-3	-3	-3	-4	-4	-4	-4	-4	-4	-4	-4	-3	-3	-3	-3	-1.54	-1.54	-1.54	-1.54	0	0	0	0	2.78	2.78	2.78	2.78	8	8	8	8	7.55	7.55	7.55	7.55	8	8	8	8
2025-04-20	3.52	3.52	3.52	3.52	2.78	2.78	2.78	2.78	2.1	2.1	2.1	2.1	2.17	2.17	2.17	2.17	3	3	3	3	3.52	3.52	3.52	3.52	3.52	3.52	3.52	3.52	7	7	7	7	3.52	3.52	3.52	3.52	1.6	1.6	1.6	1.6	0	0	0	0	-0.02	-0.02	-0.02	-0.02	-0.99	-0.99	-0.99	-0.99	-4	-4	-4	-4	-4.99	-4.99	-4.99	-4.99	-4.2	-4.2	-4.2	-4.2	-1.54	-1.54	-1.54	-1.54	-1.54	-1.54	-1.54	-1.54	-0.3	-0.3	-0.3	-0.3	3.05	3.05	3.05	3.05	35.99	35.99	35.99	35.99	82.3	82.3	82.3	82.3	80.5	80.5	80.5	80.5	40	40	40	40
2025-04-21	39	39	39	39	25.5	25.5	25.5	25.5	23.66	23.66	23.66	23.66	22.5	22.5	22.5	22.5	25	25	25	25	29.97	29.97	29.97	29.97	60.05	60.05	60.05	60.05	72.13	72.13	72.13	72.13	65.12	65.12	65.12	65.12	33.98	33.98	33.98	33.98	25.74	25.74	25.74	25.74	15	15	15	15	11.83	11.83	11.83	11.83	8.12	8.12	8.12	8.12	6.56	6.56	6.56	6.56	9.27	9.27	9.27	9.27	11.94	11.94	11.94	11.94	20.33	20.33	20.33	20.33	44.86	44.86	44.86	44.86	107.78	107.78	107.78	107.78	134.09	134.09	134.09	134.09	160	160	160	160	122.77	122.77	122.77	122.77	102.93	102.93	102.93	102.93
2025-04-22	85.1	85.1	85.1	85.1	76.05	76.05	76.05	76.05	71.73	71.73	71.73	71.73	70.41	70.41	70.41	70.41	73.06	73.06	73.06	73.06	66	66	66	66	84.48	84.48	84.48	84.48	120.62	120.62	120.62	120.62	126.6	126.6	126.6	126.6	83.51	83.51	83.51	83.51	69.7	69.7	69.7	69.7	45	45	45	45	30	30	30	30	20.37	20.37	20.37	20.37	15	15	15	15	5.11	5.11	5.11	5.11	4.31	4.31	4.31	4.31	5.79	5.79	5.79	5.79	21.7	21.7	21.7	21.7	60	60	60	60	99.99	99.99	99.99	99.99	130.04	130.04	130.04	130.04	105.03	105.03	105.03	105.03	75.81	75.81	75.81	75.81
2025-04-23	72.84	72.84	72.84	72.84	62.4	62.4	62.4	62.4	60.98	60.98	60.98	60.98	53.17	53.17	53.17	53.17	50.92	50.92	50.92	50.92	53.17	53.17	53.17	53.17	73	73	73	73	80.24	80.24	80.24	80.24	67.11	67.11	67.11	67.11	45	45	45	45	11.5	11.5	11.5	11.5	4.31	4.31	4.31	4.31	0.65	0.65	0.65	0.65	0.28	0.28	0.28	0.28	0	0	0	0	0	0	0	0	0	0	0	0	0	0	0	0	3.52	3.52	3.52	3.52	31.24	31.24	31.24	31.24	88.73	88.73	88.73	88.73	116.7	116.7	116.7	116.7	105.58	105.58	105.58	105.58	80.24	80.24	80.24	80.24
2025-04-24	75.24	75.24	75.24	75.24	55.89	55.89	55.89	55.89	45.5	45.5	45.5	45.5	47.46	47.46	47.46	47.46	47.46	47.46	47.46	47.46	53.17	53.17	53.17	53.17	65.74	65.74	65.74	65.74	95	95	95	95	71.33	71.33	71.33	71.33	19.97	19.97	19.97	19.97	0.65	0.65	0.65	0.65	0	0	0	0	-0.01	-0.01	-0.01	-0.01	-0.01	-0.01	-0.01	-0.01	-0.01	-0.01	-0.01	-0.01	-0.01	-0.01	-0.01	-0.01	-0.01	-0.01	-0.01	-0.01	0	0	0	0	3.52	3.52	3.52	3.52	47.46	47.46	47.46	47.46	102.35	102.35	102.35	102.35	114.48	114.48	114.48	114.48	106.53	106.53	106.53	106.53	93.1	93.1	93.1	93.1
2025-04-25	74.24	74.24	74.24	74.24	65.01	65.01	65.01	65.01	69.39	69.39	69.39	69.39	61.31	61.31	61.31	61.31	65.2	65.2	65.2	65.2	72.99	72.99	72.99	72.99	92.52	92.52	92.52	92.52	113.39	113.39	113.39	113.39	99	99	99	99	40.5	40.5	40.5	40.5	15	15	15	15	0.65	0.65	0.65	0.65	0	0	0	0	0	0	0	0	-0.01	-0.01	-0.01	-0.01	-0.12	-0.12	-0.12	-0.12	-0.21	-0.21	-0.21	-0.21	-0.01	-0.01	-0.01	-0.01	0	0	0	0	20.08	20.08	20.08	20.08	79.5	79.5	79.5	79.5	109.63	109.63	109.63	109.63	77	77	77	77	40.7	40.7	40.7	40.7
2025-04-26	19.86	19.86	19.86	19.86	7.83	7.83	7.83	7.83	5.3	5.3	5.3	5.3	7.11	7.11	7.11	7.11	7.11	7.11	7.11	7.11	5.3	5.3	5.3	5.3	8.5	8.5	8.5	8.5	15.5	15.5	15.5	15.5	6.98	6.98	6.98	6.98	0	0	0	0	-0.51	-0.51	-0.51	-0.51	-1.54	-1.54	-1.54	-1.54	-2	-2	-2	-2	-2	-2	-2	-2	-3	-3	-3	-3	-3	-3	-3	-3	-3.03	-3.03	-3.03	-3.03	-2.5	-2.5	-2.5	-2.5	-1.54	-1.54	-1.54	-1.54	0	0	0	0	11	11	11	11	23.04	23.04	23.04	23.04	18.45	18.45	18.45	18.45	16.08	16.08	16.08	16.08
2025-04-27	14	14	14	14	5.11	5.11	5.11	5.11	3.6	3.6	3.6	3.6	3.52	3.52	3.52	3.52	3.52	3.52	3.52	3.52	3.52	3.52	3.52	3.52	3.6	3.6	3.6	3.6	3.52	3.52	3.52	3.52	0	0	0	0	-1.51	-1.51	-1.51	-1.51	-3	-3	-3	-3	-5	-5	-5	-5	-5	-5	-5	-5	-5.8	-5.8	-5.8	-5.8	-5.8	-5.8	-5.8	-5.8	-6.01	-6.01	-6.01	-6.01	-5.17	-5.17	-5.17	-5.17	-3.02	-3.02	-3.02	-3.02	-0.99	-0.99	-0.99	-0.99	3.52	3.52	3.52	3.52	35	35	35	35	100.7	100.7	100.7	100.7	85.14	85.14	85.14	85.14	40	40	40	40
2025-04-28	24.63	24.63	24.63	24.63	16.3	16.3	16.3	16.3	18.1	18.1	18.1	18.1	18	18	18	18	18	18	18	18	25	25	25	25	25	25	25	25	47.94	47.94	47.94	47.94	33	33	33	33	3.52	3.52	3.52	3.52	0	0	0	0	-0.01	-0.01	-0.01	-0.01	-1.01	-1.01	-1.01	-1.01	-2.5	-2.5	-2.5	-2.5	-3	-3	-3	-3	-1.54	-1.54	-1.54	-1.54	-0.3	-0.3	-0.3	-0.3	-0.01	-0.01	-0.01	-0.01	0.01	0.01	0.01	0.01	5.2	5.2	5.2	5.2	40.7	40.7	40.7	40.7	80.8	80.8	80.8	80.8	61.15	61.15	61.15	61.15	35	35	35	35
2025-04-29	6.77	6.77	6.77	6.77	3.52	3.52	3.52	3.52	3.52	3.52	3.52	3.52	3.52	3.52	3.52	3.52	3.3	3.3	3.3	3.3	3.52	3.52	3.52	3.52	3.52	3.52	3.52	3.52	14	14	14	14	3.52	3.52	3.52	3.52	3	3	3	3	0	0	0	0	-0.3	-0.3	-0.3	-0.3	-1.01	-1.01	-1.01	-1.01	-1.9	-1.9	-1.9	-1.9	-1.66	-1.66	-1.66	-1.66	-1.54	-1.54	-1.54	-1.54	-1.54	-1.54	-1.54	-1.54	-1	-1	-1	-1	0	0	0	0	0.65	0.65	0.65	0.65	12.53	12.53	12.53	12.53	35.01	35.01	35.01	35.01	33.68	33.68	33.68	33.68	17.93	17.93	17.93	17.93
2025-04-30	35	35	35	35	16.46	16.46	16.46	16.46	13.3	13.3	13.3	13.3	13.3	13.3	13.3	13.3	15.41	15.41	15.41	15.41	35	35	35	35	87.99	87.99	87.99	87.99	117.01	117.01	117.01	117.01	98.03	98.03	98.03	98.03	35	35	35	35	7.08	7.08	7.08	7.08	0.1	0.1	0.1	0.1	0	0	0	0	0	0	0	0	-0.17	-0.17	-0.17	-0.17	-0.02	-0.02	-0.02	-0.02	-0.01	-0.01	-0.01	-0.01	0	0	0	0	0.65	0.65	0.65	0.65	3.6	3.6	3.6	3.6	35.01	35.01	35.01	35.01	108.14	108.14	108.14	108.14	95.1	95.1	95.1	95.1	47.9	47.9	47.9	47.9
2025-05-01	29.2	29.2	29.2	29.2	22.66	22.66	22.66	22.66	22.59	22.59	22.59	22.59	23.22	23.22	23.22	23.22	22.59	22.59	22.59	22.59	27.2	27.2	27.2	27.2	28.16	28.16	28.16	28.16	23.02	23.02	23.02	23.02	18.39	18.39	18.39	18.39	0	0	0	0	-3	-3	-3	-3	-6	-6	-6	-6	-7.02	-7.02	-7.02	-7.02	-7.81	-7.81	-7.81	-7.81	-7.81	-7.81	-7.81	-7.81	-10	-10	-10	-10	-5.17	-5.17	-5.17	-5.17	-4	-4	-4	-4	-1.54	-1.54	-1.54	-1.54	0	0	0	0	30	30	30	30	55	55	55	55	35.5	35.5	35.5	35.5	33.87	33.87	33.87	33.87
2025-05-02	13.04	13.04	13.04	13.04	5.11	5.11	5.11	5.11	2.8	2.8	2.8	2.8	2.5	2.5	2.5	2.5	2.5	2.5	2.5	2.5	3.17	3.17	3.17	3.17	7.96	7.96	7.96	7.96	7.96	7.96	7.96	7.96	14	14	14	14	12.41	12.41	12.41	12.41	0.85	0.85	0.85	0.85	-0.01	-0.01	-0.01	-0.01	-0.99	-0.99	-0.99	-0.99	-3	-3	-3	-3	-4	-4	-4	-4	-4	-4	-4	-4	-4	-4	-4	-4	-2	-2	-2	-2	0	0	0	0	13.04	13.04	13.04	13.04	35.01	35.01	35.01	35.01	67.05	67.05	67.05	67.05	52.05	52.05	52.05	52.05	41.05	41.05	41.05	41.05
2025-05-03	36.13	36.13	36.13	36.13	26	26	26	26	16.16	16.16	16.16	16.16	13.89	13.89	13.89	13.89	13.37	13.37	13.37	13.37	15.17	15.17	15.17	15.17	16.91	16.91	16.91	16.91	14.13	14.13	14.13	14.13	12.67	12.67	12.67	12.67	5.7	5.7	5.7	5.7	0	0	0	0	-0.05	-0.05	-0.05	-0.05	-1.16	-1.16	-1.16	-1.16	-3.04	-3.04	-3.04	-3.04	-2.69	-2.69	-2.69	-2.69	-3	-3	-3	-3	-3	-3	-3	-3	-1	-1	-1	-1	2.2	2.2	2.2	2.2	19.01	19.01	19.01	19.01	35.24	35.24	35.24	35.24	63.8	63.8	63.8	63.8	63.7	63.7	63.7	63.7	47.97	47.97	47.97	47.97
2025-05-04	36.13	36.13	36.13	36.13	32.35	32.35	32.35	32.35	24.01	24.01	24.01	24.01	19.31	19.31	19.31	19.31	16.54	16.54	16.54	16.54	15.58	15.58	15.58	15.58	13.62	13.62	13.62	13.62	7.83	7.83	7.83	7.83	3.5	3.5	3.5	3.5	0	0	0	0	-0.01	-0.01	-0.01	-0.01	-0.62	-0.62	-0.62	-0.62	-1.01	-1.01	-1.01	-1.01	-2	-2	-2	-2	-5.01	-5.01	-5.01	-5.01	-4	-4	-4	-4	-4.99	-4.99	-4.99	-4.99	-4	-4	-4	-4	-0.05	-0.05	-0.05	-0.05	3.52	3.52	3.52	3.52	19.74	19.74	19.74	19.74	35	35	35	35	35	35	35	35	23.51	23.51	23.51	23.51
2025-05-05	28.1	28.1	28.1	28.1	20.37	20.37	20.37	20.37	15.78	15.78	15.78	15.78	12.2	12.2	12.2	12.2	9.49	9.49	9.49	9.49	14.94	14.94	14.94	14.94	22.89	22.89	22.89	22.89	35	35	35	35	35	35	35	35	16.3	16.3	16.3	16.3	1	1	1	1	-0.01	-0.01	-0.01	-0.01	-0.99	-0.99	-0.99	-0.99	-1.54	-1.54	-1.54	-1.54	-3	-3	-3	-3	-4	-4	-4	-4	-4	-4	-4	-4	-4	-4	-4	-4	-0.99	-0.99	-0.99	-0.99	0	0	0	0	10	10	10	10	28.1	28.1	28.1	28.1	18.56	18.56	18.56	18.56	12.2	12.2	12.2	12.2
2025-05-06	5	5	5	5	2.95	2.95	2.95	2.95	3.52	3.52	3.52	3.52	1.72	1.72	1.72	1.72	1.97	1.97	1.97	1.97	3.6	3.6	3.6	3.6	16.5	16.5	16.5	16.5	30.34	30.34	30.34	30.34	13.72	13.72	13.72	13.72	2.99	2.99	2.99	2.99	-0.5	-0.5	-0.5	-0.5	-1.54	-1.54	-1.54	-1.54	-1.81	-1.81	-1.81	-1.81	-3	-3	-3	-3	-4	-4	-4	-4	-4	-4	-4	-4	-4.21	-4.21	-4.21	-4.21	-3	-3	-3	-3	-0.99	-0.99	-0.99	-0.99	0.65	0.65	0.65	0.65	39.99	39.99	39.99	39.99	65.12	65.12	65.12	65.12	48.23	48.23	48.23	48.23	32.55	32.55	32.55	32.55
2025-05-07	11.3	11.3	11.3	11.3	6.99	6.99	6.99	6.99	6	6	6	6	5.1	5.1	5.1	5.1	9.1	9.1	9.1	9.1	15.91	15.91	15.91	15.91	32.4	32.4	32.4	32.4	49.1	49.1	49.1	49.1	43.23	43.23	43.23	43.23	12.48	12.48	12.48	12.48	0	0	0	0	0	0	0	0	-0.12	-0.12	-0.12	-0.12	-0.13	-0.13	-0.13	-0.13	-0.13	-0.13	-0.13	-0.13	-0.62	-0.62	-0.62	-0.62	-0.4	-0.4	-0.4	-0.4	0	0	0	0	3.52	3.52	3.52	3.52	39.53	39.53	39.53	39.53	50.4	50.4	50.4	50.4	80	80	80	80	57.1	57.1	57.1	57.1	35.4	35.4	35.4	35.4
2025-05-08	15.91	15.91	15.91	15.91	15.78	15.78	15.78	15.78	15.63	15.63	15.63	15.63	3.55	3.55	3.55	3.55	6.65	6.65	6.65	6.65	15.02	15.02	15.02	15.02	30.09	30.09	30.09	30.09	45.29	45.29	45.29	45.29	36	36	36	36	7.26	7.26	7.26	7.26	0.1	0.1	0.1	0.1	0	0	0	0	0	0	0	0	-0.01	-0.01	-0.01	-0.01	-0.01	-0.01	-0.01	-0.01	-0.01	-0.01	-0.01	-0.01	-0.02	-0.02	-0.02	-0.02	-0.01	-0.01	-0.01	-0.01	0.1	0.1	0.1	0.1	16.04	16.04	16.04	16.04	35.1	35.1	35.1	35.1	79.59	79.59	79.59	79.59	50	50	50	50	30.1	30.1	30.1	30.1
2025-05-09	21.61	21.61	21.61	21.61	12.15	12.15	12.15	12.15	13	13	13	13	9.58	9.58	9.58	9.58	7.52	7.52	7.52	7.52	11.13	11.13	11.13	11.13	30.26	30.26	30.26	30.26	39.37	39.37	39.37	39.37	30.58	30.58	30.58	30.58	12.86	12.86	12.86	12.86	7.17	7.17	7.17	7.17	0.22	0.22	0.22	0.22	0	0	0	0	0	0	0	0	-0.01	-0.01	-0.01	-0.01	-0.01	-0.01	-0.01	-0.01	-0.01	-0.01	-0.01	-0.01	0	0	0	0	7.04	7.04	7.04	7.04	15.63	15.63	15.63	15.63	41.92	41.92	41.92	41.92	80.27	80.27	80.27	80.27	57.64	57.64	57.64	57.64	39.76	39.76	39.76	39.76
2025-05-10	29.22	29.22	29.22	29.22	15.46	15.46	15.46	15.46	13.52	13.52	13.52	13.52	14.94	14.94	14.94	14.94	11.12	11.12	11.12	11.12	13.34	13.34	13.34	13.34	16.1	16.1	16.1	16.1	15.81	15.81	15.81	15.81	10	10	10	10	3.42	3.42	3.42	3.42	-0.06	-0.06	-0.06	-0.06	-4	-4	-4	-4	-5.21	-5.21	-5.21	-5.21	-6.01	-6.01	-6.01	-6.01	-7.5	-7.5	-7.5	-7.5	-10	-10	-10	-10	-5.8	-5.8	-5.8	-5.8	-1.2	-1.2	-1.2	-1.2	-0.01	-0.01	-0.01	-0.01	0.01	0.01	0.01	0.01	21.02	21.02	21.02	21.02	36.88	36.88	36.88	36.88	31.46	31.46	31.46	31.46	25.37	25.37	25.37	25.37
2025-05-11	8.79	8.79	8.79	8.79	6.12	6.12	6.12	6.12	6.89	6.89	6.89	6.89	3.96	3.96	3.96	3.96	3.6	3.6	3.6	3.6	4	4	4	4	6	6	6	6	5.88	5.88	5.88	5.88	1.03	1.03	1.03	1.03	-0.62	-0.62	-0.62	-0.62	-12	-12	-12	-12	-12	-12	-12	-12	-10.01	-10.01	-10.01	-10.01	-12	-12	-12	-12	-12	-12	-12	-12	-14	-14	-14	-14	-15	-15	-15	-15	-7.5	-7.5	-7.5	-7.5	-3	-3	-3	-3	0	0	0	0	4.5	4.5	4.5	4.5	35.01	35.01	35.01	35.01	35.01	35.01	35.01	35.01	30.28	30.28	30.28	30.28
2025-05-12	15.3	15.3	15.3	15.3	14.88	14.88	14.88	14.88	17.7	17.7	17.7	17.7	15.3	15.3	15.3	15.3	14	14	14	14	15.3	15.3	15.3	15.3	22.34	22.34	22.34	22.34	35.01	35.01	35.01	35.01	22.1	22.1	22.1	22.1	6	6	6	6	-0.89	-0.89	-0.89	-0.89	-3	-3	-3	-3	-4	-4	-4	-4	-4	-4	-4	-4	-4	-4	-4	-4	-4.21	-4.21	-4.21	-4.21	-4	-4	-4	-4	-1.54	-1.54	-1.54	-1.54	0	0	0	0	10.3	10.3	10.3	10.3	61.81	61.81	61.81	61.81	122.03	122.03	122.03	122.03	103.75	103.75	103.75	103.75	70.44	70.44	70.44	70.44
2025-05-13	67	67	67	67	45.01	45.01	45.01	45.01	37.83	37.83	37.83	37.83	35.01	35.01	35.01	35.01	35.01	35.01	35.01	35.01	39.79	39.79	39.79	39.79	70	70	70	70	108.09	108.09	108.09	108.09	68.25	68.25	68.25	68.25	25.58	25.58	25.58	25.58	1.2	1.2	1.2	1.2	0	0	0	0	-0.5	-0.5	-0.5	-0.5	-2.51	-2.51	-2.51	-2.51	-2.08	-2.08	-2.08	-2.08	-0.01	-0.01	-0.01	-0.01	0	0	0	0	0.65	0.65	0.65	0.65	24.7	24.7	24.7	24.7	33.56	33.56	33.56	33.56	92.67	92.67	92.67	92.67	128.07	128.07	128.07	128.07	112.3	112.3	112.3	112.3	74.55	74.55	74.55	74.55
2025-05-14	64.93	64.93	64.93	64.93	45.33	45.33	45.33	45.33	41.2	41.2	41.2	41.2	37.41	37.41	37.41	37.41	36	36	36	36	40.05	40.05	40.05	40.05	53.08	53.08	53.08	53.08	91.53	91.53	91.53	91.53	57.64	57.64	57.64	57.64	37.8	37.8	37.8	37.8	0.28	0.28	0.28	0.28	-0.02	-0.02	-0.02	-0.02	-1.13	-1.13	-1.13	-1.13	-4	-4	-4	-4	-3	-3	-3	-3	-1.54	-1.54	-1.54	-1.54	-0.89	-0.89	-0.89	-0.89	-0.01	-0.01	-0.01	-0.01	0.17	0.17	0.17	0.17	26.09	26.09	26.09	26.09	46.5	46.5	46.5	46.5	64.03	64.03	64.03	64.03	61.51	61.51	61.51	61.51	40.14	40.14	40.14	40.14
2025-05-15	32.95	32.95	32.95	32.95	19.71	19.71	19.71	19.71	18.47	18.47	18.47	18.47	10.55	10.55	10.55	10.55	10.63	10.63	10.63	10.63	16.26	16.26	16.26	16.26	20	20	20	20	35.01	35.01	35.01	35.01	34.11	34.11	34.11	34.11	3.52	3.52	3.52	3.52	-0.5	-0.5	-0.5	-0.5	-1.54	-1.54	-1.54	-1.54	-3	-3	-3	-3	-3	-3	-3	-3	-4	-4	-4	-4	-5	-5	-5	-5	-5	-5	-5	-5	-3.99	-3.99	-3.99	-3.99	-0.5	-0.5	-0.5	-0.5	0	0	0	0	18.57	18.57	18.57	18.57	35.01	35.01	35.01	35.01	30.64	30.64	30.64	30.64	19.98	19.98	19.98	19.98
2025-05-16	5.11	5.11	5.11	5.11	5	5	5	5	6	6	6	6	3.6	3.6	3.6	3.6	3.28	3.28	3.28	3.28	4.75	4.75	4.75	4.75	6	6	6	6	10	10	10	10	0.01	0.01	0.01	0.01	-0.01	-0.01	-0.01	-0.01	-5	-5	-5	-5	-5.8	-5.8	-5.8	-5.8	-8.01	-8.01	-8.01	-8.01	-8.01	-8.01	-8.01	-8.01	-9	-9	-9	-9	-10	-10	-10	-10	-10	-10	-10	-10	-5.5	-5.5	-5.5	-5.5	-1.54	-1.54	-1.54	-1.54	2	2	2	2	18.04	18.04	18.04	18.04	35.09	35.09	35.09	35.09	41.21	41.21	41.21	41.21	35.01	35.01	35.01	35.01
2025-05-17	21.23	21.23	21.23	21.23	13.53	13.53	13.53	13.53	12.68	12.68	12.68	12.68	14.26	14.26	14.26	14.26	12.82	12.82	12.82	12.82	19	19	19	19	21.79	21.79	21.79	21.79	20.23	20.23	20.23	20.23	6.09	6.09	6.09	6.09	-0.01	-0.01	-0.01	-0.01	-3	-3	-3	-3	-5.7	-5.7	-5.7	-5.7	-9.7	-9.7	-9.7	-9.7	-10.01	-10.01	-10.01	-10.01	-11.26	-11.26	-11.26	-11.26	-10	-10	-10	-10	-10	-10	-10	-10	-5.8	-5.8	-5.8	-5.8	-1.81	-1.81	-1.81	-1.81	3.52	3.52	3.52	3.52	26.56	26.56	26.56	26.56	52.5	52.5	52.5	52.5	57.12	57.12	57.12	57.12	41.28	41.28	41.28	41.28
2025-05-18	37	37	37	37	21.73	21.73	21.73	21.73	15.49	15.49	15.49	15.49	15	15	15	15	13.9	13.9	13.9	13.9	15.79	15.79	15.79	15.79	14.5	14.5	14.5	14.5	8.99	8.99	8.99	8.99	0.01	0.01	0.01	0.01	-1.54	-1.54	-1.54	-1.54	-10	-10	-10	-10	-10.04	-10.04	-10.04	-10.04	-12	-12	-12	-12	-11	-11	-11	-11	-15	-15	-15	-15	-14.05	-14.05	-14.05	-14.05	-13	-13	-13	-13	-10	-10	-10	-10	-3	-3	-3	-3	0.28	0.28	0.28	0.28	7.44	7.44	7.44	7.44	37	37	37	37	40.7	40.7	40.7	40.7	33.96	33.96	33.96	33.96
2025-05-19	20.82	20.82	20.82	20.82	18.02	18.02	18.02	18.02	13.83	13.83	13.83	13.83	14	14	14	14	10.63	10.63	10.63	10.63	19.94	19.94	19.94	19.94	25.95	25.95	25.95	25.95	42.99	42.99	42.99	42.99	22	22	22	22	3.52	3.52	3.52	3.52	0	0	0	0	-0.5	-0.5	-0.5	-0.5	-1.01	-1.01	-1.01	-1.01	-1.5	-1.5	-1.5	-1.5	-1.54	-1.54	-1.54	-1.54	-2	-2	-2	-2	-2.5	-2.5	-2.5	-2.5	-1.54	-1.54	-1.54	-1.54	-0.62	-0.62	-0.62	-0.62	0.66	0.66	0.66	0.66	22.2	22.2	22.2	22.2	37.94	37.94	37.94	37.94	37.22	37.22	37.22	37.22	29.86	29.86	29.86	29.86
2025-05-20	20.53	20.53	20.53	20.53	16.93	16.93	16.93	16.93	13.58	13.58	13.58	13.58	7.74	7.74	7.74	7.74	7	7	7	7	18.26	18.26	18.26	18.26	25.66	25.66	25.66	25.66	35.09	35.09	35.09	35.09	20.2	20.2	20.2	20.2	0	0	0	0	-0.3	-0.3	-0.3	-0.3	-1.1	-1.1	-1.1	-1.1	-1.54	-1.54	-1.54	-1.54	-1.81	-1.81	-1.81	-1.81	-2.1	-2.1	-2.1	-2.1	-3.75	-3.75	-3.75	-3.75	-3.4	-3.4	-3.4	-3.4	-1.54	-1.54	-1.54	-1.54	-0.04	-0.04	-0.04	-0.04	3.52	3.52	3.52	3.52	25.96	25.96	25.96	25.96	53.91	53.91	53.91	53.91	54	54	54	54	35.01	35.01	35.01	35.01
2025-05-21	35	35	35	35	30.2	30.2	30.2	30.2	28.65	28.65	28.65	28.65	22.03	22.03	22.03	22.03	26.72	26.72	26.72	26.72	30.2	30.2	30.2	30.2	35.09	35.09	35.09	35.09	58.87	58.87	58.87	58.87	35.01	35.01	35.01	35.01	10	10	10	10	0	0	0	0	-0.3	-0.3	-0.3	-0.3	-0.6	-0.6	-0.6	-0.6	-0.6	-0.6	-0.6	-0.6	-1	-1	-1	-1	-1.1	-1.1	-1.1	-1.1	-1.1	-1.1	-1.1	-1.1	-0.6	-0.6	-0.6	-0.6	0	0	0	0	5.79	5.79	5.79	5.79	34.94	34.94	34.94	34.94	68.21	68.21	68.21	68.21	41.93	41.93	41.93	41.93	27.23	27.23	27.23	27.23
2025-05-22	13.06	13.06	13.06	13.06	11	11	11	11	7	7	7	7	5.11	5.11	5.11	5.11	5.11	5.11	5.11	5.11	5.11	5.11	5.11	5.11	6	6	6	6	12.1	12.1	12.1	12.1	0.65	0.65	0.65	0.65	0	0	0	0	-0.6	-0.6	-0.6	-0.6	-4	-4	-4	-4	-5	-5	-5	-5	-5	-5	-5	-5	-5	-5	-5	-5	-5	-5	-5	-5	-5	-5	-5	-5	-3	-3	-3	-3	-0.04	-0.04	-0.04	-0.04	2	2	2	2	3.6	3.6	3.6	3.6	24.42	24.42	24.42	24.42	12.82	12.82	12.82	12.82	5	5	5	5
2025-05-23	9.22	9.22	9.22	9.22	7.69	7.69	7.69	7.69	9.37	9.37	9.37	9.37	5.8	5.8	5.8	5.8	5.11	5.11	5.11	5.11	4.9	4.9	4.9	4.9	5.66	5.66	5.66	5.66	12.34	12.34	12.34	12.34	4.23	4.23	4.23	4.23	1.72	1.72	1.72	1.72	0	0	0	0	-0.5	-0.5	-0.5	-0.5	-0.6	-0.6	-0.6	-0.6	-0.6	-0.6	-0.6	-0.6	-1.54	-1.54	-1.54	-1.54	-3	-3	-3	-3	-3	-3	-3	-3	-1.54	-1.54	-1.54	-1.54	-0.45	-0.45	-0.45	-0.45	0.65	0.65	0.65	0.65	5.76	5.76	5.76	5.76	31	31	31	31	17.94	17.94	17.94	17.94	12.58	12.58	12.58	12.58
2025-05-24	14	14	14	14	12	12	12	12	10.93	10.93	10.93	10.93	10.34	10.34	10.34	10.34	9.56	9.56	9.56	9.56	9.99	9.99	9.99	9.99	13.32	13.32	13.32	13.32	6	6	6	6	3.28	3.28	3.28	3.28	-1	-1	-1	-1	-5	-5	-5	-5	-6	-6	-6	-6	-6	-6	-6	-6	-6	-6	-6	-6	-6	-6	-6	-6	-8.01	-8.01	-8.01	-8.01	-9.7	-9.7	-9.7	-9.7	-6.01	-6.01	-6.01	-6.01	-5.8	-5.8	-5.8	-5.8	-0.02	-0.02	-0.02	-0.02	17.72	17.72	17.72	17.72	36.1	36.1	36.1	36.1	52	52	52	52	37	37	37	37
2025-05-25	30	30	30	30	21	21	21	21	18.66	18.66	18.66	18.66	17.08	17.08	17.08	17.08	16.01	16.01	16.01	16.01	15.1	15.1	15.1	15.1	15.5	15.5	15.5	15.5	5.71	5.71	5.71	5.71	0.01	0.01	0.01	0.01	-1	-1	-1	-1	-5	-5	-5	-5	-6	-6	-6	-6	-7.71	-7.71	-7.71	-7.71	-15	-15	-15	-15	-15	-15	-15	-15	-14	-14	-14	-14	-9.02	-9.02	-9.02	-9.02	-6	-6	-6	-6	-3.99	-3.99	-3.99	-3.99	0	0	0	0	17.03	17.03	17.03	17.03	26.71	26.71	26.71	26.71	35.01	35.01	35.01	35.01	20.17	20.17	20.17	20.17
2025-05-26	26.25	26.25	26.25	26.25	18.04	18.04	18.04	18.04	16.64	16.64	16.64	16.64	14.43	14.43	14.43	14.43	16.4	16.4	16.4	16.4	20	20	20	20	25.78	25.78	25.78	25.78	35.01	35.01	35.01	35.01	25.3	25.3	25.3	25.3	0.01	0.01	0.01	0.01	0	0	0	0	-0.01	-0.01	-0.01	-0.01	-0.01	-0.01	-0.01	-0.01	-0.01	-0.01	-0.01	-0.01	-0.02	-0.02	-0.02	-0.02	-0.5	-0.5	-0.5	-0.5	-0.3	-0.3	-0.3	-0.3	-0.01	-0.01	-0.01	-0.01	3.52	3.52	3.52	3.52	5.11	5.11	5.11	5.11	35.09	35.09	35.09	35.09	76.06	76.06	76.06	76.06	60.14	60.14	60.14	60.14	35.33	35.33	35.33	35.33
2025-05-27	35.01	35.01	35.01	35.01	30.5	30.5	30.5	30.5	22.46	22.46	22.46	22.46	20	20	20	20	21.03	21.03	21.03	21.03	26.01	26.01	26.01	26.01	33.44	33.44	33.44	33.44	36.26	36.26	36.26	36.26	33	33	33	33	18	18	18	18	0.03	0.03	0.03	0.03	-0.01	-0.01	-0.01	-0.01	-0.01	-0.01	-0.01	-0.01	-0.01	-0.01	-0.01	-0.01	-0.01	-0.01	-0.01	-0.01	-0.01	-0.01	-0.01	-0.01	-0.01	-0.01	-0.01	-0.01	-0.01	-0.01	-0.01	-0.01	0	0	0	0	32.5	32.5	32.5	32.5	49.56	49.56	49.56	49.56	111.16	111.16	111.16	111.16	100	100	100	100	75.31	75.31	75.31	75.31
2025-05-28	35.01	35.01	35.01	35.01	30.5	30.5	30.5	30.5	33.27	33.27	33.27	33.27	32.02	32.02	32.02	32.02	32	32	32	32	31.08	31.08	31.08	31.08	35.01	35.01	35.01	35.01	54.88	54.88	54.88	54.88	35.01	35.01	35.01	35.01	17.2	17.2	17.2	17.2	0.85	0.85	0.85	0.85	-0.01	-0.01	-0.01	-0.01	-0.01	-0.01	-0.01	-0.01	-0.01	-0.01	-0.01	-0.01	-0.5	-0.5	-0.5	-0.5	-0.6	-0.6	-0.6	-0.6	-0.62	-0.62	-0.62	-0.62	-0.01	-0.01	-0.01	-0.01	1.72	1.72	1.72	1.72	23	23	23	23	55.18	55.18	55.18	55.18	96	96	96	96	100.86	100.86	100.86	100.86	54.88	54.88	54.88	54.88
2025-05-29	49.63	49.63	49.63	49.63	39	39	39	39	43.81	43.81	43.81	43.81	39.22	39.22	39.22	39.22	38.24	38.24	38.24	38.24	40.01	40.01	40.01	40.01	37.95	37.95	37.95	37.95	45	45	45	45	38.24	38.24	38.24	38.24	16.06	16.06	16.06	16.06	3.52	3.52	3.52	3.52	0.65	0.65	0.65	0.65	-0.01	-0.01	-0.01	-0.01	-0.48	-0.48	-0.48	-0.48	-0.9	-0.9	-0.9	-0.9	-0.12	-0.12	-0.12	-0.12	-0.01	-0.01	-0.01	-0.01	0.07	0.07	0.07	0.07	17.77	17.77	17.77	17.77	36.13	36.13	36.13	36.13	71.63	71.63	71.63	71.63	134.99	134.99	134.99	134.99	119.02	119.02	119.02	119.02	70.9	70.9	70.9	70.9
2025-05-30	55	55	55	55	53.1	53.1	53.1	53.1	47.7	47.7	47.7	47.7	45.78	45.78	45.78	45.78	45.54	45.54	45.54	45.54	46.08	46.08	46.08	46.08	49.55	49.55	49.55	49.55	68.38	68.38	68.38	68.38	53.01	53.01	53.01	53.01	29.13	29.13	29.13	29.13	1.83	1.83	1.83	1.83	0	0	0	0	-0.01	-0.01	-0.01	-0.01	-0.01	-0.01	-0.01	-0.01	-0.07	-0.07	-0.07	-0.07	-0.07	-0.07	-0.07	-0.07	-0.01	-0.01	-0.01	-0.01	5	5	5	5	45.36	45.36	45.36	45.36	55.28	55.28	55.28	55.28	100.29	100.29	100.29	100.29	120.59	120.59	120.59	120.59	130.19	130.19	130.19	130.19	103.35	103.35	103.35	103.35
2025-05-31	107	107	107	107	89.74	89.74	89.74	89.74	70.55	70.55	70.55	70.55	72	72	72	72	83.61	83.61	83.61	83.61	80	80	80	80	83.61	83.61	83.61	83.61	64.31	64.31	64.31	64.31	33.55	33.55	33.55	33.55	1	1	1	1	-0.02	-0.02	-0.02	-0.02	-1	-1	-1	-1	-3.07	-3.07	-3.07	-3.07	-5	-5	-5	-5	-5.48	-5.48	-5.48	-5.48	-3	-3	-3	-3	-0.05	-0.05	-0.05	-0.05	0	0	0	0	1.93	1.93	1.93	1.93	31.78	31.78	31.78	31.78	62	62	62	62	64.31	64.31	64.31	64.31	74.44	74.44	74.44	74.44	63.5	63.5	63.5	63.5
2025-06-01	60	60	60	60	36.07	36.07	36.07	36.07	35.01	35.01	35.01	35.01	34.95	34.95	34.95	34.95	34.43	34.43	34.43	34.43	35	35	35	35	35.01	35.01	35.01	35.01	32.22	32.22	32.22	32.22	2.4	2.4	2.4	2.4	-0.01	-0.01	-0.01	-0.01	-0.6	-0.6	-0.6	-0.6	-2.11	-2.11	-2.11	-2.11	-5.48	-5.48	-5.48	-5.48	-6	-6	-6	-6	-6	-6	-6	-6	-6.01	-6.01	-6.01	-6.01	-6	-6	-6	-6	-0.62	-0.62	-0.62	-0.62	2.94	2.94	2.94	2.94	22.82	22.82	22.82	22.82	35.01	35.01	35.01	35.01	40.55	40.55	40.55	40.55	53.96	53.96	53.96	53.96	40.41	40.41	40.41	40.41
2025-06-02	30.24	30.24	30.24	30.24	27.25	27.25	27.25	27.25	26.66	26.66	26.66	26.66	19.1	19.1	19.1	19.1	20.01	20.01	20.01	20.01	18.89	18.89	18.89	18.89	35.01	35.01	35.01	35.01	45.59	45.59	45.59	45.59	52.96	52.96	52.96	52.96	40.01	40.01	40.01	40.01	17.55	17.55	17.55	17.55	2.95	2.95	2.95	2.95	0.85	0.85	0.85	0.85	0.46	0.46	0.46	0.46	0	0	0	0	0	0	0	0	0	0	0	0	1.72	1.72	1.72	1.72	14.9	14.9	14.9	14.9	40.3	40.3	40.3	40.3	88.05	88.05	88.05	88.05	100	100	100	100	98.21	98.21	98.21	98.21	66.5	66.5	66.5	66.5
2025-06-03	80	80	80	80	69.76	69.76	69.76	69.76	69.76	69.76	69.76	69.76	69.76	69.76	69.76	69.76	69.76	69.76	69.76	69.76	80.95	80.95	80.95	80.95	95.94	95.94	95.94	95.94	107.61	107.61	107.61	107.61	82	82	82	82	52	52	52	52	31.45	31.45	31.45	31.45	5	5	5	5	1.03	1.03	1.03	1.03	0	0	0	0	0	0	0	0	0	0	0	0	0	0	0	0	3.17	3.17	3.17	3.17	17.71	17.71	17.71	17.71	38.57	38.57	38.57	38.57	53.1	53.1	53.1	53.1	108.27	108.27	108.27	108.27	108.78	108.78	108.78	108.78	96.05	96.05	96.05	96.05
2025-06-04	89.6	89.6	89.6	89.6	80.71	80.71	80.71	80.71	75.14	75.14	75.14	75.14	75	75	75	75	74.52	74.52	74.52	74.52	82.13	82.13	82.13	82.13	98.22	98.22	98.22	98.22	105	105	105	105	78.1	78.1	78.1	78.1	48.37	48.37	48.37	48.37	32.35	32.35	32.35	32.35	4.83	4.83	4.83	4.83	3.6	3.6	3.6	3.6	3.52	3.52	3.52	3.52	1.72	1.72	1.72	1.72	0.09	0.09	0.09	0.09	0	0	0	0	6.2	6.2	6.2	6.2	28.04	28.04	28.04	28.04	60	60	60	60	108.38	108.38	108.38	108.38	127.01	127.01	127.01	127.01	123.46	123.46	123.46	123.46	99.38	99.38	99.38	99.38
2025-06-05	110.73	110.73	110.73	110.73	96	96	96	96	94.25	94.25	94.25	94.25	92.28	92.28	92.28	92.28	92.28	92.28	92.28	92.28	93.86	93.86	93.86	93.86	101.27	101.27	101.27	101.27	111.24	111.24	111.24	111.24	82.13	82.13	82.13	82.13	17.01	17.01	17.01	17.01	0	0	0	0	0	0	0	0	-0.01	-0.01	-0.01	-0.01	-0.01	-0.01	-0.01	-0.01	-0.01	-0.01	-0.01	-0.01	-0.01	-0.01	-0.01	-0.01	-0.01	-0.01	-0.01	-0.01	0	0	0	0	3.17	3.17	3.17	3.17	33.94	33.94	33.94	33.94	99.77	99.77	99.77	99.77	140.34	140.34	140.34	140.34	142.03	142.03	142.03	142.03	118.24	118.24	118.24	118.24
2025-06-06	130.05	130.05	130.05	130.05	127.93	127.93	127.93	127.93	118.24	118.24	118.24	118.24	112.75	112.75	112.75	112.75	112.24	112.24	112.24	112.24	113.77	113.77	113.77	113.77	123.26	123.26	123.26	123.26	126.83	126.83	126.83	126.83	123.26	123.26	123.26	123.26	57.03	57.03	57.03	57.03	7.26	7.26	7.26	7.26	1.72	1.72	1.72	1.72	0.66	0.66	0.66	0.66	0	0	0	0	0	0	0	0	0	0	0	0	0	0	0	0	1.2	1.2	1.2	1.2	14.34	14.34	14.34	14.34	44.69	44.69	44.69	44.69	105	105	105	105	135.01	135.01	135.01	135.01	140.34	140.34	140.34	140.34	121.35	121.35	121.35	121.35
2025-06-07	112.84	112.84	112.84	112.84	103.77	103.77	103.77	103.77	101.57	101.57	101.57	101.57	100.59	100.59	100.59	100.59	100.59	100.59	100.59	100.59	101.57	101.57	101.57	101.57	104	104	104	104	93.8	93.8	93.8	93.8	22.2	22.2	22.2	22.2	0.7	0.7	0.7	0.7	0	0	0	0	-0.01	-0.01	-0.01	-0.01	-0.5	-0.5	-0.5	-0.5	-0.5	-0.5	-0.5	-0.5	-0.6	-0.6	-0.6	-0.6	-1.21	-1.21	-1.21	-1.21	-1.21	-1.21	-1.21	-1.21	-0.6	-0.6	-0.6	-0.6	0	0	0	0	3.52	3.52	3.52	3.52	45	45	45	45	110.2	110.2	110.2	110.2	104	104	104	104	90	90	90	90
2025-06-08	79.47	79.47	79.47	79.47	78.49	78.49	78.49	78.49	79	79	79	79	65	65	65	65	65	65	65	65	65	65	65	65	64.36	64.36	64.36	64.36	22.02	22.02	22.02	22.02	0.83	0.83	0.83	0.83	-0.5	-0.5	-0.5	-0.5	-2	-2	-2	-2	-2.5	-2.5	-2.5	-2.5	-2.5	-2.5	-2.5	-2.5	-2.5	-2.5	-2.5	-2.5	-2.1	-2.1	-2.1	-2.1	-3	-3	-3	-3	-2.8	-2.8	-2.8	-2.8	-2.1	-2.1	-2.1	-2.1	0	0	0	0	4.9	4.9	4.9	4.9	86.78	86.78	86.78	86.78	108.78	108.78	108.78	108.78	109.29	109.29	109.29	109.29	98.8	98.8	98.8	98.8
2025-06-09	90.6	90.6	90.6	90.6	77.94	77.94	77.94	77.94	77.94	77.94	77.94	77.94	80	80	80	80	82.86	82.86	82.86	82.86	87.35	87.35	87.35	87.35	102.25	102.25	102.25	102.25	107.06	107.06	107.06	107.06	85.01	85.01	85.01	85.01	20.1	20.1	20.1	20.1	7.19	7.19	7.19	7.19	3.17	3.17	3.17	3.17	1.72	1.72	1.72	1.72	1.72	1.72	1.72	1.72	2.95	2.95	2.95	2.95	3.17	3.17	3.17	3.17	5.57	5.57	5.57	5.57	12.39	12.39	12.39	12.39	50	50	50	50	90	90	90	90	113.76	113.76	113.76	113.76	135	135	135	135	124.1	124.1	124.1	124.1	114.27	114.27	114.27	114.27
2025-06-10	118.97	118.97	118.97	118.97	114.99	114.99	114.99	114.99	114.4	114.4	114.4	114.4	113.01	113.01	113.01	113.01	113.03	113.03	113.03	113.03	113.2	113.2	113.2	113.2	114.4	114.4	114.4	114.4	117	117	117	117	114.99	114.99	114.99	114.99	111.72	111.72	111.72	111.72	105	105	105	105	87.47	87.47	87.47	87.47	56.6	56.6	56.6	56.6	56	56	56	56	55.4	55.4	55.4	55.4	54.88	54.88	54.88	54.88	55.01	55.01	55.01	55.01	93.35	93.35	93.35	93.35	105	105	105	105	110.7	110.7	110.7	110.7	119.58	119.58	119.58	119.58	124.35	124.35	124.35	124.35	121.18	121.18	121.18	121.18	114.4	114.4	114.4	114.4
2025-06-11	111.89	111.89	111.89	111.89	108.56	108.56	108.56	108.56	106.07	106.07	106.07	106.07	106.02	106.02	106.02	106.02	104	104	104	104	106.02	106.02	106.02	106.02	107.49	107.49	107.49	107.49	110.63	110.63	110.63	110.63	109.58	109.58	109.58	109.58	101.27	101.27	101.27	101.27	82.28	82.28	82.28	82.28	49.99	49.99	49.99	49.99	14.28	14.28	14.28	14.28	5	5	5	5	3.52	3.52	3.52	3.52	1.1	1.1	1.1	1.1	2.5	2.5	2.5	2.5	3	3	3	3	15	15	15	15	74	74	74	74	105.01	105.01	105.01	105.01	115.5	115.5	115.5	115.5	114.81	114.81	114.81	114.81	109.58	109.58	109.58	109.58
2025-06-12	104.59	104.59	104.59	104.59	99.97	99.97	99.97	99.97	95.11	95.11	95.11	95.11	93.94	93.94	93.94	93.94	93.94	93.94	93.94	93.94	98.27	98.27	98.27	98.27	102.98	102.98	102.98	102.98	103.8	103.8	103.8	103.8	90	90	90	90	15.27	15.27	15.27	15.27	0.01	0.01	0.01	0.01	0	0	0	0	-0.01	-0.01	-0.01	-0.01	0	0	0	0	0	0	0	0	-0.01	-0.01	-0.01	-0.01	0.01	0.01	0.01	0.01	1	1	1	1	15.27	15.27	15.27	15.27	89.6	89.6	89.6	89.6	104.01	104.01	104.01	104.01	131.71	131.71	131.71	131.71	140.64	140.64	140.64	140.64	117.96	117.96	117.96	117.96
2025-06-13	126.84	126.84	126.84	126.84	119.08	119.08	119.08	119.08	113.98	113.98	113.98	113.98	112.33	112.33	112.33	112.33	111.35	111.35	111.35	111.35	111.35	111.35	111.35	111.35	113.89	113.89	113.89	113.89	113.86	113.86	113.86	113.86	112.47	112.47	112.47	112.47	50	50	50	50	14.5	14.5	14.5	14.5	0.85	0.85	0.85	0.85	0	0	0	0	0	0	0	0	-0.01	-0.01	-0.01	-0.01	-0.01	-0.01	-0.01	-0.01	0.65	0.65	0.65	0.65	3.52	3.52	3.52	3.52	17.43	17.43	17.43	17.43	90.4	90.4	90.4	90.4	105.47	105.47	105.47	105.47	120.58	120.58	120.58	120.58	120.98	120.98	120.98	120.98	113.98	113.98	113.98	113.98
2025-06-14	110.02	110.02	110.02	110.02	109.7	109.7	109.7	109.7	109.8	109.8	109.8	109.8	108.98	108.98	108.98	108.98	109	109	109	109	109.7	109.7	109.7	109.7	109.73	109.73	109.73	109.73	104.9	104.9	104.9	104.9	51.21	51.21	51.21	51.21	4.17	4.17	4.17	4.17	0.46	0.46	0.46	0.46	-0.01	-0.01	-0.01	-0.01	-0.58	-0.58	-0.58	-0.58	-0.62	-0.62	-0.62	-0.62	-1	-1	-1	-1	-1.5	-1.5	-1.5	-1.5	-0.37	-0.37	-0.37	-0.37	0.65	0.65	0.65	0.65	5	5	5	5	36.27	36.27	36.27	36.27	86	86	86	86	101.96	101.96	101.96	101.96	105.88	105.88	105.88	105.88	100.98	100.98	100.98	100.98
2025-06-15	87.47	87.47	87.47	87.47	62	62	62	62	38.7	38.7	38.7	38.7	34.7	34.7	34.7	34.7	24.35	24.35	24.35	24.35	20	20	20	20	18.47	18.47	18.47	18.47	15.13	15.13	15.13	15.13	2	2	2	2	0	0	0	0	-0.6	-0.6	-0.6	-0.6	-1.21	-1.21	-1.21	-1.21	-1.21	-1.21	-1.21	-1.21	-3	-3	-3	-3	-2.67	-2.67	-2.67	-2.67	-2	-2	-2	-2	-1.21	-1.21	-1.21	-1.21	-0.6	-0.6	-0.6	-0.6	0	0	0	0	2.4	2.4	2.4	2.4	33.96	33.96	33.96	33.96	76.85	76.85	76.85	76.85	78.43	78.43	78.43	78.43	53.97	53.97	53.97	53.97
2025-06-16	32.74	32.74	32.74	32.74	19.96	19.96	19.96	19.96	16.58	16.58	16.58	16.58	13.27	13.27	13.27	13.27	15	15	15	15	24.76	24.76	24.76	24.76	60	60	60	60	71.6	71.6	71.6	71.6	58.49	58.49	58.49	58.49	20	20	20	20	4.5	4.5	4.5	4.5	1	1	1	1	0.65	0.65	0.65	0.65	0.85	0.85	0.85	0.85	1.72	1.72	1.72	1.72	3.52	3.52	3.52	3.52	17.73	17.73	17.73	17.73	47.69	47.69	47.69	47.69	101.64	101.64	101.64	101.64	117.2	117.2	117.2	117.2	125.41	125.41	125.41	125.41	210	210	210	210	166.91	166.91	166.91	166.91	125.41	125.41	125.41	125.41
2025-06-17	128.64	128.64	128.64	128.64	124.76	124.76	124.76	124.76	120	120	120	120	119.82	119.82	119.82	119.82	120	120	120	120	117.1	117.1	117.1	117.1	119.82	119.82	119.82	119.82	124.59	124.59	124.59	124.59	126.91	126.91	126.91	126.91	112.96	112.96	112.96	112.96	72.88	72.88	72.88	72.88	26.75	26.75	26.75	26.75	24.17	24.17	24.17	24.17	22.57	22.57	22.57	22.57	18.16	18.16	18.16	18.16	12	12	12	12	24.2	24.2	24.2	24.2	72.88	72.88	72.88	72.88	94.78	94.78	94.78	94.78	115	115	115	115	126.68	126.68	126.68	126.68	154.76	154.76	154.76	154.76	152.03	152.03	152.03	152.03	127.91	127.91	127.91	127.91
2025-06-18	128.37	128.37	128.37	128.37	123.17	123.17	123.17	123.17	121.86	121.86	121.86	121.86	122.11	122.11	122.11	122.11	123.17	123.17	123.17	123.17	125.97	125.97	125.97	125.97	125.07	125.07	125.07	125.07	128.31	128.31	128.31	128.31	121.12	121.12	121.12	121.12	114.68	114.68	114.68	114.68	80.4	80.4	80.4	80.4	61	61	61	61	46.01	46.01	46.01	46.01	41.55	41.55	41.55	41.55	41.11	41.11	41.11	41.11	40.01	40.01	40.01	40.01	51.77	51.77	51.77	51.77	82.9	82.9	82.9	82.9	114.67	114.67	114.67	114.67	123.17	123.17	123.17	123.17	139.03	139.03	139.03	139.03	194.56	194.56	194.56	194.56	166.75	166.75	166.75	166.75	135.01	135.01	135.01	135.01
2025-06-19	139.01	139.01	139.01	139.01	131.68	131.68	131.68	131.68	128.61	128.61	128.61	128.61	128.31	128.31	128.31	128.31	128.12	128.12	128.12	128.12	128.96	128.96	128.96	128.96	135.01	135.01	135.01	135.01	139.01	139.01	139.01	139.01	128.37	128.37	128.37	128.37	124.19	124.19	124.19	124.19	114.26	114.26	114.26	114.26	80.27	80.27	80.27	80.27	75.75	75.75	75.75	75.75	70	70	70	70	67.86	67.86	67.86	67.86	65	65	65	65	76	76	76	76	95	95	95	95	118.18	118.18	118.18	118.18	123	123	123	123	133.22	133.22	133.22	133.22	167.55	167.55	167.55	167.55	164.6	164.6	164.6	164.6	133.02	133.02	133.02	133.02
2025-06-20	130.78	130.78	130.78	130.78	127.9	127.9	127.9	127.9	125.25	125.25	125.25	125.25	125.25	125.25	125.25	125.25	124.94	124.94	124.94	124.94	124.33	124.33	124.33	124.33	127.97	127.97	127.97	127.97	128.08	128.08	128.08	128.08	122.57	122.57	122.57	122.57	113.94	113.94	113.94	113.94	86.9	86.9	86.9	86.9	84.35	84.35	84.35	84.35	77	77	77	77	72	72	72	72	71	71	71	71	70	70	70	70	81.5	81.5	81.5	81.5	88	88	88	88	111.79	111.79	111.79	111.79	128.74	128.74	128.74	128.74	140	140	140	140	163.49	163.49	163.49	163.49	159.99	159.99	159.99	159.99	132.21	132.21	132.21	132.21
2025-06-21	128.89	128.89	128.89	128.89	126.93	126.93	126.93	126.93	125.87	125.87	125.87	125.87	122.86	122.86	122.86	122.86	122.42	122.42	122.42	122.42	121.44	121.44	121.44	121.44	122.86	122.86	122.86	122.86	115.56	115.56	115.56	115.56	103.6	103.6	103.6	103.6	40	40	40	40	2.5	2.5	2.5	2.5	0	0	0	0	0	0	0	0	0	0	0	0	0	0	0	0	0	0	0	0	0.1	0.1	0.1	0.1	4.31	4.31	4.31	4.31	74.27	74.27	74.27	74.27	109.99	109.99	109.99	109.99	126.34	126.34	126.34	126.34	134.93	134.93	134.93	134.93	138.81	138.81	138.81	138.81	126.07	126.07	126.07	126.07
2025-06-22	124.24	124.24	124.24	124.24	121.96	121.96	121.96	121.96	122.94	122.94	122.94	122.94	123.92	123.92	123.92	123.92	122.94	122.94	122.94	122.94	123.58	123.58	123.58	123.58	122.94	122.94	122.94	122.94	119	119	119	119	60	60	60	60	0.65	0.65	0.65	0.65	-0.05	-0.05	-0.05	-0.05	-1.21	-1.21	-1.21	-1.21	-1.5	-1.5	-1.5	-1.5	-1.01	-1.01	-1.01	-1.01	-0.62	-0.62	-0.62	-0.62	-1.21	-1.21	-1.21	-1.21	-1.1	-1.1	-1.1	-1.1	0	0	0	0	5	5	5	5	71.14	71.14	71.14	71.14	114.12	114.12	114.12	114.12	128.76	128.76	128.76	128.76	130.78	130.78	130.78	130.78	128.76	128.76	128.76	128.76
2025-06-23	127.73	127.73	127.73	127.73	123.58	123.58	123.58	123.58	117.78	117.78	117.78	117.78	115.2	115.2	115.2	115.2	114.72	114.72	114.72	114.72	114.96	114.96	114.96	114.96	121.85	121.85	121.85	121.85	127	127	127	127	117.05	117.05	117.05	117.05	98.86	98.86	98.86	98.86	91.75	91.75	91.75	91.75	75.48	75.48	75.48	75.48	71.27	71.27	71.27	71.27	70.75	70.75	70.75	70.75	57.42	57.42	57.42	57.42	70.75	70.75	70.75	70.75	71.4	71.4	71.4	71.4	90	90	90	90	108	108	108	108	124.72	124.72	124.72	124.72	136.43	136.43	136.43	136.43	195.77	195.77	195.77	195.77	175.14	175.14	175.14	175.14	135.82	135.82	135.82	135.82
2025-06-24	129.82	129.82	129.82	129.82	126.84	126.84	126.84	126.84	123.94	123.94	123.94	123.94	124.92	124.92	124.92	124.92	124.92	124.92	124.92	124.92	125.21	125.21	125.21	125.21	126.1	126.1	126.1	126.1	126.73	126.73	126.73	126.73	126.9	126.9	126.9	126.9	119.04	119.04	119.04	119.04	100.47	100.47	100.47	100.47	77.69	77.69	77.69	77.69	76.75	76.75	76.75	76.75	37.28	37.28	37.28	37.28	16.23	16.23	16.23	16.23	7.5	7.5	7.5	7.5	7.5	7.5	7.5	7.5	20.06	20.06	20.06	20.06	71.95	71.95	71.95	71.95	104.61	104.61	104.61	104.61	125.4	125.4	125.4	125.4	146.03	146.03	146.03	146.03	154.52	154.52	154.52	154.52	131.81	131.81	131.81	131.81
2025-06-25	129.8	129.8	129.8	129.8	118.37	118.37	118.37	118.37	116.76	116.76	116.76	116.76	116.46	116.46	116.46	116.46	116.46	116.46	116.46	116.46	117.14	117.14	117.14	117.14	119.44	119.44	119.44	119.44	125.21	125.21	125.21	125.21	114.8	114.8	114.8	114.8	85.23	85.23	85.23	85.23	42.63	42.63	42.63	42.63	27.98	27.98	27.98	27.98	15	15	15	15	5.79	5.79	5.79	5.79	3.52	3.52	3.52	3.52	2.44	2.44	2.44	2.44	3.52	3.52	3.52	3.52	4.9	4.9	4.9	4.9	35	35	35	35	96	96	96	96	119.26	119.26	119.26	119.26	150	150	150	150	154.52	154.52	154.52	154.52	125.21	125.21	125.21	125.21
2025-06-26	119.95	119.95	119.95	119.95	116.43	116.43	116.43	116.43	112	112	112	112	110	110	110	110	109.57	109.57	109.57	109.57	110.55	110.55	110.55	110.55	116.43	116.43	116.43	116.43	117.05	117.05	117.05	117.05	111.53	111.53	111.53	111.53	85	85	85	85	50.24	50.24	50.24	50.24	63	63	63	63	62.59	62.59	62.59	62.59	45.64	45.64	45.64	45.64	37.39	37.39	37.39	37.39	36.2	36.2	36.2	36.2	37.39	37.39	37.39	37.39	59.13	59.13	59.13	59.13	80.09	80.09	80.09	80.09	97.81	97.81	97.81	97.81	118.33	118.33	118.33	118.33	159.62	159.62	159.62	159.62	157	157	157	157	119.77	119.77	119.77	119.77
2025-06-27	115.98	115.98	115.98	115.98	111.91	111.91	111.91	111.91	111.38	111.38	111.38	111.38	111.57	111.57	111.57	111.57	111.01	111.01	111.01	111.01	111.91	111.91	111.91	111.91	113.21	113.21	113.21	113.21	115.11	115.11	115.11	115.11	111.25	111.25	111.25	111.25	92.91	92.91	92.91	92.91	78.73	78.73	78.73	78.73	67.45	67.45	67.45	67.45	54.6	54.6	54.6	54.6	36.95	36.95	36.95	36.95	36.95	36.95	36.95	36.95	35	35	35	35	37.2	37.2	37.2	37.2	71.87	71.87	71.87	71.87	88.27	88.27	88.27	88.27	109.29	109.29	109.29	109.29	116.83	116.83	116.83	116.83	141.05	141.05	141.05	141.05	138.56	138.56	138.56	138.56	115.31	115.31	115.31	115.31
2025-06-28	112.96	112.96	112.96	112.96	112.92	112.92	112.92	112.92	108.5	108.5	108.5	108.5	108.25	108.25	108.25	108.25	107.04	107.04	107.04	107.04	108	108	108	108	108	108	108	108	108	108	108	108	91	91	91	91	22.22	22.22	22.22	22.22	6	6	6	6	0.83	0.83	0.83	0.83	0.65	0.65	0.65	0.65	0.65	0.65	0.65	0.65	0.7	0.7	0.7	0.7	0.65	0.65	0.65	0.65	2.12	2.12	2.12	2.12	10.26	10.26	10.26	10.26	46	46	46	46	96.26	96.26	96.26	96.26	111.38	111.38	111.38	111.38	131.33	131.33	131.33	131.33	132.65	132.65	132.65	132.65	115	115	115	115
2025-06-29	111.38	111.38	111.38	111.38	108.02	108.02	108.02	108.02	107	107	107	107	106.06	106.06	106.06	106.06	107	107	107	107	108.02	108.02	108.02	108.02	109.98	109.98	109.98	109.98	107.04	107.04	107.04	107.04	81	81	81	81	20	20	20	20	3.5	3.5	3.5	3.5	0.85	0.85	0.85	0.85	0.85	0.85	0.85	0.85	3.5	3.5	3.5	3.5	4.31	4.31	4.31	4.31	4.31	4.31	4.31	4.31	5	5	5	5	20	20	20	20	66.27	66.27	66.27	66.27	102.14	102.14	102.14	102.14	111.98	111.98	111.98	111.98	129.45	129.45	129.45	129.45	154.52	154.52	154.52	154.52	133.61	133.61	133.61	133.61
2025-06-30	125.5	125.5	125.5	125.5	116.18	116.18	116.18	116.18	113.18	113.18	113.18	113.18	111.74	111.74	111.74	111.74	114.89	114.89	114.89	114.89	115	115	115	115	115	115	115	115	121	121	121	121	115	115	115	115	109.63	109.63	109.63	109.63	85	85	85	85	78.27	78.27	78.27	78.27	77.75	77.75	77.75	77.75	78.01	78.01	78.01	78.01	78.4	78.4	78.4	78.4	88.18	88.18	88.18	88.18	99.32	99.32	99.32	99.32	104.1	104.1	104.1	104.1	110.1	110.1	110.1	110.1	111.38	111.38	111.38	111.38	135	135	135	135	175.01	175.01	175.01	175.01	157	157	157	157	127.86	127.86	127.86	127.86
2025-07-01	129.98	129.98	129.98	129.98	118.32	118.32	118.32	118.32	116.7	116.7	116.7	116.7	115.98	115.98	115.98	115.98	114.8	114.8	114.8	114.8	115.98	115.98	115.98	115.98	116.22	116.22	116.22	116.22	121.4	121.4	121.4	121.4	114.74	114.74	114.74	114.74	105	105	105	105	96.91	96.91	96.91	96.91	80.7	80.7	80.7	80.7	80	80	80	80	80	80	80	80	80.19	80.19	80.19	80.19	80.4	80.4	80.4	80.4	92	92	92	92	102.65	102.65	102.65	102.65	109.91	109.91	109.91	109.91	115.5	115.5	115.5	115.5	125	125	125	125	167	167	167	167	159.66	159.66	159.66	159.66	129.78	129.78	129.78	129.78
2025-07-02	130.14	130.14	130.14	130.14	120	120	120	120	112.13	112.13	112.13	112.13	111.63	111.63	111.63	111.63	112.13	112.13	112.13	112.13	112.92	112.92	112.92	112.92	111	111	111	111	113.55	113.55	113.55	113.55	110.45	110.45	110.45	110.45	104.1	104.1	104.1	104.1	81.79	81.79	81.79	81.79	76.39	76.39	76.39	76.39	70.64	70.64	70.64	70.64	70.64	70.64	70.64	70.64	70.64	70.64	70.64	70.64	71.57	71.57	71.57	71.57	79.73	79.73	79.73	79.73	80	80	80	80	87.68	87.68	87.68	87.68	107.04	107.04	107.04	107.04	112.92	112.92	112.92	112.92	126.16	126.16	126.16	126.16	125.1	125.1	125.1	125.1	110.25	110.25	110.25	110.25
2025-07-03	111.96	111.96	111.96	111.96	110	110	110	110	109.12	109.12	109.12	109.12	101.9	101.9	101.9	101.9	91.21	91.21	91.21	91.21	100.18	100.18	100.18	100.18	109.81	109.81	109.81	109.81	111.51	111.51	111.51	111.51	104.9	104.9	104.9	104.9	70.58	70.58	70.58	70.58	67.42	67.42	67.42	67.42	55.58	55.58	55.58	55.58	42.16	42.16	42.16	42.16	37.2	37.2	37.2	37.2	39.63	39.63	39.63	39.63	56.67	56.67	56.67	56.67	64.71	64.71	64.71	64.71	81	81	81	81	96.34	96.34	96.34	96.34	109	109	109	109	118.8	118.8	118.8	118.8	142.59	142.59	142.59	142.59	140.34	140.34	140.34	140.34	119.35	119.35	119.35	119.35
2025-07-04	110.62	110.62	110.62	110.62	107.9	107.9	107.9	107.9	107.26	107.26	107.26	107.26	106.76	106.76	106.76	106.76	107.02	107.02	107.02	107.02	107.83	107.83	107.83	107.83	111.04	111.04	111.04	111.04	113.37	113.37	113.37	113.37	110	110	110	110	91.15	91.15	91.15	91.15	76.14	76.14	76.14	76.14	72	72	72	72	75	75	75	75	75.58	75.58	75.58	75.58	75.88	75.88	75.88	75.88	75.88	75.88	75.88	75.88	76.14	76.14	76.14	76.14	78.98	78.98	78.98	78.98	90.19	90.19	90.19	90.19	108.5	108.5	108.5	108.5	113.85	113.85	113.85	113.85	139.26	139.26	139.26	139.26	138.03	138.03	138.03	138.03	122.72	122.72	122.72	122.72
2025-07-05	131.56	131.56	131.56	131.56	118.8	118.8	118.8	118.8	110	110	110	110	107.02	107.02	107.02	107.02	107	107	107	107	106.69	106.69	106.69	106.69	109.42	109.42	109.42	109.42	110.62	110.62	110.62	110.62	100	100	100	100	36.8	36.8	36.8	36.8	5.76	5.76	5.76	5.76	3.52	3.52	3.52	3.52	4.31	4.31	4.31	4.31	5	5	5	5	5	5	5	5	5	5	5	5	5	5	5	5	25.44	25.44	25.44	25.44	41.25	41.25	41.25	41.25	100	100	100	100	112.8	112.8	112.8	112.8	131.33	131.33	131.33	131.33	134	134	134	134	120	120	120	120
2025-07-06	112.17	112.17	112.17	112.17	106.01	106.01	106.01	106.01	103.6	103.6	103.6	103.6	100.58	100.58	100.58	100.58	100.1	100.1	100.1	100.1	100.82	100.82	100.82	100.82	101.3	101.3	101.3	101.3	96.98	96.98	96.98	96.98	52	52	52	52	7.4	7.4	7.4	7.4	2	2	2	2	1	1	1	1	0.85	0.85	0.85	0.85	3.52	3.52	3.52	3.52	2.99	2.99	2.99	2.99	0.65	0.65	0.65	0.65	0.65	0.65	0.65	0.65	0.65	0.65	0.65	0.65	4.31	4.31	4.31	4.31	31.53	31.53	31.53	31.53	90	90	90	90	108.21	108.21	108.21	108.21	110.62	110.62	110.62	110.62	108.68	108.68	108.68	108.68
2025-07-07	106.65	106.65	106.65	106.65	96.18	96.18	96.18	96.18	92.25	92.25	92.25	92.25	89.01	89.01	89.01	89.01	85.01	85.01	85.01	85.01	95	95	95	95	103.5	103.5	103.5	103.5	106.65	106.65	106.65	106.65	94	94	94	94	57.5	57.5	57.5	57.5	37.5	37.5	37.5	37.5	18.01	18.01	18.01	18.01	15.01	15.01	15.01	15.01	6	6	6	6	5.79	5.79	5.79	5.79	5	5	5	5	3.6	3.6	3.6	3.6	4.31	4.31	4.31	4.31	5	5	5	5	37.39	37.39	37.39	37.39	80	80	80	80	105.75	105.75	105.75	105.75	104.48	104.48	104.48	104.48	95.1	95.1	95.1	95.1
2025-07-08	80.1	80.1	80.1	80.1	62.4	62.4	62.4	62.4	50	50	50	50	35.1	35.1	35.1	35.1	35.1	35.1	35.1	35.1	30.1	30.1	30.1	30.1	60.73	60.73	60.73	60.73	74.99	74.99	74.99	74.99	60	60	60	60	18.01	18.01	18.01	18.01	4.31	4.31	4.31	4.31	1.72	1.72	1.72	1.72	1.72	1.72	1.72	1.72	2.99	2.99	2.99	2.99	3.52	3.52	3.52	3.52	3.52	3.52	3.52	3.52	5	5	5	5	17.1	17.1	17.1	17.1	45	45	45	45	60.39	60.39	60.39	60.39	104.5	104.5	104.5	104.5	110.69	110.69	110.69	110.69	110.62	110.62	110.62	110.62	106.06	106.06	106.06	106.06
2025-07-09	110.62	110.62	110.62	110.62	104.01	104.01	104.01	104.01	101.42	101.42	101.42	101.42	103.32	103.32	103.32	103.32	108.6	108.6	108.6	108.6	110.37	110.37	110.37	110.37	107.27	107.27	107.27	107.27	111.82	111.82	111.82	111.82	108.75	108.75	108.75	108.75	99.5	99.5	99.5	99.5	56.91	56.91	56.91	56.91	40	40	40	40	35.1	35.1	35.1	35.1	36.2	36.2	36.2	36.2	36.2	36.2	36.2	36.2	37.55	37.55	37.55	37.55	50	50	50	50	73.55	73.55	73.55	73.55	75.4	75.4	75.4	75.4	110.41	110.41	110.41	110.41	115.04	115.04	115.04	115.04	155.75	155.75	155.75	155.75	145.01	145.01	145.01	145.01	120	120	120	120
2025-07-10	123.51	123.51	123.51	123.51	115.5	115.5	115.5	115.5	113.02	113.02	113.02	113.02	112.38	112.38	112.38	112.38	112.38	112.38	112.38	112.38	113.53	113.53	113.53	113.53	117.89	117.89	117.89	117.89	123.51	123.51	123.51	123.51	110.66	110.66	110.66	110.66	108.1	108.1	108.1	108.1	106.5	106.5	106.5	106.5	90.01	90.01	90.01	90.01	76.98	76.98	76.98	76.98	75.57	75.57	75.57	75.57	75.44	75.44	75.44	75.44	75	75	75	75	74	74	74	74	76.73	76.73	76.73	76.73	88.08	88.08	88.08	88.08	103.99	103.99	103.99	103.99	118.65	118.65	118.65	118.65	153.75	153.75	153.75	153.75	170	170	170	170	132	132	132	132
2025-07-11	121.74	121.74	121.74	121.74	115.46	115.46	115.46	115.46	113.85	113.85	113.85	113.85	112.73	112.73	112.73	112.73	112.73	112.73	112.73	112.73	113.33	113.33	113.33	113.33	118.47	118.47	118.47	118.47	125	125	125	125	111.07	111.07	111.07	111.07	105.34	105.34	105.34	105.34	63.1	63.1	63.1	63.1	76.75	76.75	76.75	76.75	80	80	80	80	74.01	74.01	74.01	74.01	62.19	62.19	62.19	62.19	59.9	59.9	59.9	59.9	55.4	55.4	55.4	55.4	61.98	61.98	61.98	61.98	67	67	67	67	100	100	100	100	114.23	114.23	114.23	114.23	125.67	125.67	125.67	125.67	138.16	138.16	138.16	138.16	130	130	130	130
2025-07-12	119.78	119.78	119.78	119.78	116.62	116.62	116.62	116.62	112.18	112.18	112.18	112.18	107.53	107.53	107.53	107.53	105.42	105.42	105.42	105.42	103.79	103.79	103.79	103.79	109.85	109.85	109.85	109.85	118.99	118.99	118.99	118.99	105.42	105.42	105.42	105.42	72.95	72.95	72.95	72.95	42.1	42.1	42.1	42.1	19	19	19	19	15	15	15	15	5.76	5.76	5.76	5.76	4.31	4.31	4.31	4.31	0.85	0.85	0.85	0.85	13.68	13.68	13.68	13.68	35	35	35	35	50.08	50.08	50.08	50.08	75.4	75.4	75.4	75.4	107.75	107.75	107.75	107.75	125.67	125.67	125.67	125.67	133	133	133	133	121.74	121.74	121.74	121.74
2025-07-13	119.36	119.36	119.36	119.36	117.06	117.06	117.06	117.06	114.11	114.11	114.11	114.11	113.99	113.99	113.99	113.99	108.67	108.67	108.67	108.67	104.64	104.64	104.64	104.64	104.64	104.64	104.64	104.64	90	90	90	90	55	55	55	55	22.5	22.5	22.5	22.5	4.28	4.28	4.28	4.28	0.05	0.05	0.05	0.05	0	0	0	0	0	0	0	0	0	0	0	0	0	0	0	0	1	1	1	1	5.79	5.79	5.79	5.79	30.39	30.39	30.39	30.39	70.1	70.1	70.1	70.1	107.69	107.69	107.69	107.69	124.5	124.5	124.5	124.5	134.62	134.62	134.62	134.62	121.74	121.74	121.74	121.74
2025-07-14	118.1	118.1	118.1	118.1	112.45	112.45	112.45	112.45	109.86	109.86	109.86	109.86	109.23	109.23	109.23	109.23	108.9	108.9	108.9	108.9	110.1	110.1	110.1	110.1	118.06	118.06	118.06	118.06	122.72	122.72	122.72	122.72	116	116	116	116	75.19	75.19	75.19	75.19	65	65	65	65	33.72	33.72	33.72	33.72	34.06	34.06	34.06	34.06	38.8	38.8	38.8	38.8	31.49	31.49	31.49	31.49	18.21	18.21	18.21	18.21	27.09	27.09	27.09	27.09	47.5	47.5	47.5	47.5	60	60	60	60	77.76	77.76	77.76	77.76	117.06	117.06	117.06	117.06	126.64	126.64	126.64	126.64	124.68	124.68	124.68	124.68	118.26	118.26	118.26	118.26
2025-07-15	113.16	113.16	113.16	113.16	109.48	109.48	109.48	109.48	107.41	107.41	107.41	107.41	107.22	107.22	107.22	107.22	105.43	105.43	105.43	105.43	107.38	107.38	107.38	107.38	113.16	113.16	113.16	113.16	118.81	118.81	118.81	118.81	107.4	107.4	107.4	107.4	72.97	72.97	72.97	72.97	30.5	30.5	30.5	30.5	39.87	39.87	39.87	39.87	46.2	46.2	46.2	46.2	45	45	45	45	35	35	35	35	29.95	29.95	29.95	29.95	29.95	29.95	29.95	29.95	49	49	49	49	50.08	50.08	50.08	50.08	72.84	72.84	72.84	72.84	112.92	112.92	112.92	112.92	135.87	135.87	135.87	135.87	135.05	135.05	135.05	135.05	120.05	120.05	120.05	120.05
2025-07-16	113.31	113.31	113.31	113.31	107.85	107.85	107.85	107.85	106.83	106.83	106.83	106.83	106.83	106.83	106.83	106.83	107.22	107.22	107.22	107.22	110.68	110.68	110.68	110.68	117.61	117.61	117.61	117.61	125.67	125.67	125.67	125.67	109.5	109.5	109.5	109.5	89	89	89	89	75	75	75	75	70.1	70.1	70.1	70.1	70.1	70.1	70.1	70.1	70.1	70.1	70.1	70.1	70	70	70	70	69.84	69.84	69.84	69.84	69.95	69.95	69.95	69.95	70.1	70.1	70.1	70.1	79.1	79.1	79.1	79.1	109.62	109.62	109.62	109.62	125	125	125	125	175.49	175.49	175.49	175.49	169.2	169.2	169.2	169.2	129.36	129.36	129.36	129.36
2025-07-17	119.78	119.78	119.78	119.78	115.13	115.13	115.13	115.13	113.84	113.84	113.84	113.84	108.62	108.62	108.62	108.62	108.62	108.62	108.62	108.62	113.46	113.46	113.46	113.46	118.36	118.36	118.36	118.36	125	125	125	125	115.45	115.45	115.45	115.45	104.27	104.27	104.27	104.27	85	85	85	85	77.07	77.07	77.07	77.07	76.8	76.8	76.8	76.8	76.68	76.68	76.68	76.68	75.2	75.2	75.2	75.2	73	73	73	73	76.81	76.81	76.81	76.81	84.36	84.36	84.36	84.36	91.52	91.52	91.52	91.52	108.66	108.66	108.66	108.66	121.41	121.41	121.41	121.41	128.67	128.67	128.67	128.67	129.85	129.85	129.85	129.85	120.76	120.76	120.76	120.76
2025-07-18	114	114	114	114	107.61	107.61	107.61	107.61	107.22	107.22	107.22	107.22	105.9	105.9	105.9	105.9	105	105	105	105	107.17	107.17	107.17	107.17	111.55	111.55	111.55	111.55	115.14	115.14	115.14	115.14	109.39	109.39	109.39	109.39	90.64	90.64	90.64	90.64	80	80	80	80	81.58	81.58	81.58	81.58	80	80	80	80	73.02	73.02	73.02	73.02	71.2	71.2	71.2	71.2	72.68	72.68	72.68	72.68	72.81	72.81	72.81	72.81	72.8	72.8	72.8	72.8	71.08	71.08	71.08	71.08	72.8	72.8	72.8	72.8	110	110	110	110	119.39	119.39	119.39	119.39	119.19	119.19	119.19	119.19	111.65	111.65	111.65	111.65
2025-07-19	101.72	101.72	101.72	101.72	98.25	98.25	98.25	98.25	90	90	90	90	84.99	84.99	84.99	84.99	82.5	82.5	82.5	82.5	83.74	83.74	83.74	83.74	90	90	90	90	79.3	79.3	79.3	79.3	56.62	56.62	56.62	56.62	9.83	9.83	9.83	9.83	3.52	3.52	3.52	3.52	0.65	0.65	0.65	0.65	0	0	0	0	0	0	0	0	0	0	0	0	0	0	0	0	0	0	0	0	0.65	0.65	0.65	0.65	3.52	3.52	3.52	3.52	42.32	42.32	42.32	42.32	72.92	72.92	72.92	72.92	100.28	100.28	100.28	100.28	106.8	106.8	106.8	106.8	96.25	96.25	96.25	96.25
2025-07-20	57.73	57.73	57.73	57.73	45	45	45	45	43.94	43.94	43.94	43.94	43.81	43.81	43.81	43.81	43.81	43.81	43.81	43.81	43.81	43.81	43.81	43.81	43.94	43.94	43.94	43.94	38.3	38.3	38.3	38.3	3.6	3.6	3.6	3.6	0.65	0.65	0.65	0.65	0	0	0	0	0	0	0	0	-0.01	-0.01	-0.01	-0.01	-0.01	-0.01	-0.01	-0.01	-0.01	-0.01	-0.01	-0.01	-0.66	-0.66	-0.66	-0.66	-1.01	-1.01	-1.01	-1.01	-0.62	-0.62	-0.62	-0.62	0	0	0	0	3.6	3.6	3.6	3.6	43.81	43.81	43.81	43.81	75.3	75.3	75.3	75.3	92	92	92	92	76.26	76.26	76.26	76.26
2025-07-21	64.99	64.99	64.99	64.99	51.48	51.48	51.48	51.48	45	45	45	45	40	40	40	40	17.88	17.88	17.88	17.88	50	50	50	50	75.54	75.54	75.54	75.54	107.88	107.88	107.88	107.88	80	80	80	80	40	40	40	40	5.11	5.11	5.11	5.11	6	6	6	6	15.23	15.23	15.23	15.23	22.63	22.63	22.63	22.63	17.22	17.22	17.22	17.22	16.01	16.01	16.01	16.01	8.93	8.93	8.93	8.93	30.17	30.17	30.17	30.17	43.81	43.81	43.81	43.81	75.11	75.11	75.11	75.11	115.15	115.15	115.15	115.15	169.2	169.2	169.2	169.2	165.43	165.43	165.43	165.43	119.78	119.78	119.78	119.78
2025-07-22	116.69	116.69	116.69	116.69	112.66	112.66	112.66	112.66	100	100	100	100	100.62	100.62	100.62	100.62	99.96	99.96	99.96	99.96	107.4	107.4	107.4	107.4	114.56	114.56	114.56	114.56	120.76	120.76	120.76	120.76	105.46	105.46	105.46	105.46	69.57	69.57	69.57	69.57	38.5	38.5	38.5	38.5	35.01	35.01	35.01	35.01	35.1	35.1	35.1	35.1	35.1	35.1	35.1	35.1	34.75	34.75	34.75	34.75	31.25	31.25	31.25	31.25	31.11	31.11	31.11	31.11	35.01	35.01	35.01	35.01	51.83	51.83	51.83	51.83	86.66	86.66	86.66	86.66	113.92	113.92	113.92	113.92	138.83	138.83	138.83	138.83	135.05	135.05	135.05	135.05	115.39	115.39	115.39	115.39
2025-07-23	112.91	112.91	112.91	112.91	106.53	106.53	106.53	106.53	100.62	100.62	100.62	100.62	100.5	100.5	100.5	100.5	101.15	101.15	101.15	101.15	101	101	101	101	105.46	105.46	105.46	105.46	113.91	113.91	113.91	113.91	96.5	96.5	96.5	96.5	83.31	83.31	83.31	83.31	76.4	76.4	76.4	76.4	68.64	68.64	68.64	68.64	61.97	61.97	61.97	61.97	51.89	51.89	51.89	51.89	44.88	44.88	44.88	44.88	46	46	46	46	47	47	47	47	51.76	51.76	51.76	51.76	52.13	52.13	52.13	52.13	75.92	75.92	75.92	75.92	105.46	105.46	105.46	105.46	112	112	112	112	109.96	109.96	109.96	109.96	100.39	100.39	100.39	100.39
2025-07-24	95	95	95	95	85	85	85	85	81.88	81.88	81.88	81.88	71.79	71.79	71.79	71.79	63.27	63.27	63.27	63.27	80.9	80.9	80.9	80.9	85.62	85.62	85.62	85.62	90.44	90.44	90.44	90.44	60.51	60.51	60.51	60.51	35.5	35.5	35.5	35.5	5.11	5.11	5.11	5.11	3.52	3.52	3.52	3.52	2	2	2	2	3.52	3.52	3.52	3.52	3.52	3.52	3.52	3.52	1.72	1.72	1.72	1.72	1.72	1.72	1.72	1.72	1.72	1.72	1.72	1.72	3.52	3.52	3.52	3.52	29.97	29.97	29.97	29.97	50	50	50	50	90.92	90.92	90.92	90.92	90.68	90.68	90.68	90.68	71.05	71.05	71.05	71.05
2025-07-25	73.63	73.63	73.63	73.63	65.95	65.95	65.95	65.95	62	62	62	62	58.99	58.99	58.99	58.99	51.97	51.97	51.97	51.97	63.43	63.43	63.43	63.43	65.95	65.95	65.95	65.95	76	76	76	76	58.99	58.99	58.99	58.99	12.75	12.75	12.75	12.75	2.51	2.51	2.51	2.51	0.65	0.65	0.65	0.65	0.75	0.75	0.75	0.75	0.85	0.85	0.85	0.85	1.1	1.1	1.1	1.1	0.65	0.65	0.65	0.65	0.65	0.65	0.65	0.65	0.65	0.65	0.65	0.65	4.31	4.31	4.31	4.31	30.85	30.85	30.85	30.85	85	85	85	85	104.72	104.72	104.72	104.72	101.94	101.94	101.94	101.94	79.99	79.99	79.99	79.99
2025-07-26	96.27	96.27	96.27	96.27	77.16	77.16	77.16	77.16	66.28	66.28	66.28	66.28	56.84	56.84	56.84	56.84	46.4	46.4	46.4	46.4	50.74	50.74	50.74	50.74	57.33	57.33	57.33	57.33	55.01	55.01	55.01	55.01	41.05	41.05	41.05	41.05	3.6	3.6	3.6	3.6	0.65	0.65	0.65	0.65	0.09	0.09	0.09	0.09	0.15	0.15	0.15	0.15	0.09	0.09	0.09	0.09	0.01	0.01	0.01	0.01	0	0	0	0	0	0	0	0	0	0	0	0	0.65	0.65	0.65	0.65	23.99	23.99	23.99	23.99	65.29	65.29	65.29	65.29	92.57	92.57	92.57	92.57	100	100	100	100	90.66	90.66	90.66	90.66
2025-07-27	72.74	72.74	72.74	72.74	62.67	62.67	62.67	62.67	63	63	63	63	62.94	62.94	62.94	62.94	56.4	56.4	56.4	56.4	56.16	56.16	56.16	56.16	56.16	56.16	56.16	56.16	50	50	50	50	32.34	32.34	32.34	32.34	3.52	3.52	3.52	3.52	0	0	0	0	-0.01	-0.01	-0.01	-0.01	-0.01	-0.01	-0.01	-0.01	-0.01	-0.01	-0.01	-0.01	-0.01	-0.01	-0.01	-0.01	-0.5	-0.5	-0.5	-0.5	-0.6	-0.6	-0.6	-0.6	-0.5	-0.5	-0.5	-0.5	0	0	0	0	4.9	4.9	4.9	4.9	40	40	40	40	62.67	62.67	62.67	62.67	88.64	88.64	88.64	88.64	66.95	66.95	66.95	66.95
2025-07-28	62.29	62.29	62.29	62.29	55.75	55.75	55.75	55.75	50	50	50	50	45.03	45.03	45.03	45.03	42.49	42.49	42.49	42.49	45.07	45.07	45.07	45.07	50	50	50	50	56.23	56.23	56.23	56.23	63.71	63.71	63.71	63.71	30	30	30	30	5.79	5.79	5.79	5.79	3.52	3.52	3.52	3.52	1.21	1.21	1.21	1.21	0.85	0.85	0.85	0.85	0.85	0.85	0.85	0.85	0.65	0.65	0.65	0.65	0.65	0.65	0.65	0.65	0.9	0.9	0.9	0.9	3.52	3.52	3.52	3.52	16	16	16	16	60	60	60	60	74.98	74.98	74.98	74.98	88.54	88.54	88.54	88.54	63.25	63.25	63.25	63.25
2025-07-29	50.68	50.68	50.68	50.68	37.97	37.97	37.97	37.97	34.78	34.78	34.78	34.78	32	32	32	32	30.28	30.28	30.28	30.28	34.78	34.78	34.78	34.78	45	45	45	45	50	50	50	50	49.45	49.45	49.45	49.45	13	13	13	13	3.52	3.52	3.52	3.52	0.09	0.09	0.09	0.09	0.15	0.15	0.15	0.15	0.65	0.65	0.65	0.65	0.65	0.65	0.65	0.65	0.65	0.65	0.65	0.65	0.65	0.65	0.65	0.65	1.11	1.11	1.11	1.11	8	8	8	8	35.17	35.17	35.17	35.17	57.58	57.58	57.58	57.58	98	98	98	98	103.27	103.27	103.27	103.27	84.13	84.13	84.13	84.13
2025-07-30	66.7	66.7	66.7	66.7	50.92	50.92	50.92	50.92	43.75	43.75	43.75	43.75	38.48	38.48	38.48	38.48	32.55	32.55	32.55	32.55	38.48	38.48	38.48	38.48	45.51	45.51	45.51	45.51	72.96	72.96	72.96	72.96	57.38	57.38	57.38	57.38	35.17	35.17	35.17	35.17	9.07	9.07	9.07	9.07	3.52	3.52	3.52	3.52	4.31	4.31	4.31	4.31	5.11	5.11	5.11	5.11	5.79	5.79	5.79	5.79	4.31	4.31	4.31	4.31	5	5	5	5	6	6	6	6	30.5	30.5	30.5	30.5	39.6	39.6	39.6	39.6	77.99	77.99	77.99	77.99	101.49	101.49	101.49	101.49	104.36	104.36	104.36	104.36	92.18	92.18	92.18	92.18
2025-07-31	90	90	90	90	77.37	77.37	77.37	77.37	71.07	71.07	71.07	71.07	58.38	58.38	58.38	58.38	57.75	57.75	57.75	57.75	59.01	59.01	59.01	59.01	81.96	81.96	81.96	81.96	100.46	100.46	100.46	100.46	91.55	91.55	91.55	91.55	51.31	51.31	51.31	51.31	30.5	30.5	30.5	30.5	23.92	23.92	23.92	23.92	29.01	29.01	29.01	29.01	23.5	23.5	23.5	23.5	25.26	25.26	25.26	25.26	28.5	28.5	28.5	28.5	30	30	30	30	39.1	39.1	39.1	39.1	54.92	54.92	54.92	54.92	86.71	86.71	86.71	86.71	107.99	107.99	107.99	107.99	114.45	114.45	114.45	114.45	110.27	110.27	110.27	110.27	98.32	98.32	98.32	98.32
2025-08-01	102.22	102.22	102.22	102.22	93.47	93.47	93.47	93.47	81	81	81	81	72.55	72.55	72.55	72.55	63.98	63.98	63.98	63.98	73.6	73.6	73.6	73.6	83.14	83.14	83.14	83.14	100.62	100.62	100.62	100.62	100	100	100	100	65.06	65.06	65.06	65.06	45.81	45.81	45.81	45.81	35.08	35.08	35.08	35.08	31.87	31.87	31.87	31.87	25.06	25.06	25.06	25.06	20.01	20.01	20.01	20.01	13.43	13.43	13.43	13.43	17.42	17.42	17.42	17.42	27.47	27.47	27.47	27.47	44.8	44.8	44.8	44.8	70.12	70.12	70.12	70.12	87.34	87.34	87.34	87.34	103.02	103.02	103.02	103.02	102.52	102.52	102.52	102.52	95.41	95.41	95.41	95.41
2025-08-02	97.8	97.8	97.8	97.8	77.08	77.08	77.08	77.08	65.27	65.27	65.27	65.27	49.56	49.56	49.56	49.56	43.33	43.33	43.33	43.33	44.29	44.29	44.29	44.29	51.08	51.08	51.08	51.08	49.81	49.81	49.81	49.81	37.33	37.33	37.33	37.33	3.52	3.52	3.52	3.52	1.06	1.06	1.06	1.06	0	0	0	0	0	0	0	0	0	0	0	0	0	0	0	0	0	0	0	0	0	0	0	0	0.65	0.65	0.65	0.65	3.52	3.52	3.52	3.52	15.2	15.2	15.2	15.2	74.53	74.53	74.53	74.53	99.64	99.64	99.64	99.64	99.64	99.64	99.64	99.64	80.5	80.5	80.5	80.5
2025-08-03	80.4	80.4	80.4	80.4	69.26	69.26	69.26	69.26	42.96	42.96	42.96	42.96	37.38	37.38	37.38	37.38	30.02	30.02	30.02	30.02	30.2	30.2	30.2	30.2	32.03	32.03	32.03	32.03	26.28	26.28	26.28	26.28	6.16	6.16	6.16	6.16	0	0	0	0	-1.01	-1.01	-1.01	-1.01	-2.1	-2.1	-2.1	-2.1	-3	-3	-3	-3	-5	-5	-5	-5	-4	-4	-4	-4	-4.98	-4.98	-4.98	-4.98	-1.49	-1.49	-1.49	-1.49	-0.01	-0.01	-0.01	-0.01	0.01	0.01	0.01	0.01	27.08	27.08	27.08	27.08	78.2	78.2	78.2	78.2	96.13	96.13	96.13	96.13	97.4	97.4	97.4	97.4	85.09	85.09	85.09	85.09
2025-08-04	80.99	80.99	80.99	80.99	80.4	80.4	80.4	80.4	80	80	80	80	80.4	80.4	80.4	80.4	85.27	85.27	85.27	85.27	85.27	85.27	85.27	85.27	95.67	95.67	95.67	95.67	106.23	106.23	106.23	106.23	97.81	97.81	97.81	97.81	52.57	52.57	52.57	52.57	30	30	30	30	13.75	13.75	13.75	13.75	6.76	6.76	6.76	6.76	4.05	4.05	4.05	4.05	3.52	3.52	3.52	3.52	3.52	3.52	3.52	3.52	5.79	5.79	5.79	5.79	26.35	26.35	26.35	26.35	38.94	38.94	38.94	38.94	70.77	70.77	70.77	70.77	103.25	103.25	103.25	103.25	168.02	168.02	168.02	168.02	138.8	138.8	138.8	138.8	115.04	115.04	115.04	115.04
2025-08-05	140.7	140.7	140.7	140.7	107.94	107.94	107.94	107.94	95.4	95.4	95.4	95.4	95.4	95.4	95.4	95.4	94.5	94.5	94.5	94.5	91.25	91.25	91.25	91.25	101.42	101.42	101.42	101.42	106.22	106.22	106.22	106.22	80	80	80	80	30.1	30.1	30.1	30.1	5	5	5	5	1.72	1.72	1.72	1.72	0.8	0.8	0.8	0.8	0.85	0.85	0.85	0.85	1	1	1	1	1.01	1.01	1.01	1.01	1.72	1.72	1.72	1.72	0.66	0.66	0.66	0.66	3	3	3	3	46.4	46.4	46.4	46.4	83.4	83.4	83.4	83.4	102.62	102.62	102.62	102.62	98.36	98.36	98.36	98.36	83.16	83.16	83.16	83.16
2025-08-06	80.97	80.97	80.97	80.97	75.26	75.26	75.26	75.26	80	80	80	80	80.4	80.4	80.4	80.4	85.72	85.72	85.72	85.72	97.35	97.35	97.35	97.35	94	94	94	94	104.41	104.41	104.41	104.41	97.35	97.35	97.35	97.35	76.95	76.95	76.95	76.95	51	51	51	51	27.67	27.67	27.67	27.67	28.4	28.4	28.4	28.4	27.2	27.2	27.2	27.2	27.2	27.2	27.2	27.2	27.2	27.2	27.2	27.2	28.8	28.8	28.8	28.8	52	52	52	52	80.32	80.32	80.32	80.32	106.22	106.22	106.22	106.22	114.64	114.64	114.64	114.64	170	170	170	170	150.01	150.01	150.01	150.01	115.43	115.43	115.43	115.43
2025-08-07	116.95	116.95	116.95	116.95	108.66	108.66	108.66	108.66	105	105	105	105	108.62	108.62	108.62	108.62	107.96	107.96	107.96	107.96	108.59	108.59	108.59	108.59	114.7	114.7	114.7	114.7	119.28	119.28	119.28	119.28	119.22	119.22	119.22	119.22	80.43	80.43	80.43	80.43	50	50	50	50	26.39	26.39	26.39	26.39	26.39	26.39	26.39	26.39	28.42	28.42	28.42	28.42	27.2	27.2	27.2	27.2	26.39	26.39	26.39	26.39	27.2	27.2	27.2	27.2	48.97	48.97	48.97	48.97	70	70	70	70	101.53	101.53	101.53	101.53	115.42	115.42	115.42	115.42	145.01	145.01	145.01	145.01	125.16	125.16	125.16	125.16	110	110	110	110
2025-08-08	106.54	106.54	106.54	106.54	103.4	103.4	103.4	103.4	104.4	104.4	104.4	104.4	103.52	103.52	103.52	103.52	102.39	102.39	102.39	102.39	104.72	104.72	104.72	104.72	105.68	105.68	105.68	105.68	110.46	110.46	110.46	110.46	104.72	104.72	104.72	104.72	68.65	68.65	68.65	68.65	41.13	41.13	41.13	41.13	9	9	9	9	5	5	5	5	1.5	1.5	1.5	1.5	1.5	1.5	1.5	1.5	0.74	0.74	0.74	0.74	10.49	10.49	10.49	10.49	49.77	49.77	49.77	49.77	68.62	68.62	68.62	68.62	104.07	104.07	104.07	104.07	109.9	109.9	109.9	109.9	136.87	136.87	136.87	136.87	115.97	115.97	115.97	115.97	109	109	109	109
2025-08-09	105.43	105.43	105.43	105.43	105.43	105.43	105.43	105.43	105.43	105.43	105.43	105.43	105.41	105.41	105.41	105.41	104.72	104.72	104.72	104.72	104.72	104.72	104.72	104.72	110.7	110.7	110.7	110.7	113.12	113.12	113.12	113.12	102.07	102.07	102.07	102.07	43.09	43.09	43.09	43.09	0.85	0.85	0.85	0.85	0	0	0	0	-0.01	-0.01	-0.01	-0.01	0	0	0	0	0	0	0	0	-0.01	-0.01	-0.01	-0.01	0	0	0	0	3.52	3.52	3.52	3.52	28.61	28.61	28.61	28.61	69.99	69.99	69.99	69.99	94	94	94	94	100.26	100.26	100.26	100.26	96.64	96.64	96.64	96.64	94.78	94.78	94.78	94.78
2025-08-10	104.72	104.72	104.72	104.72	85.44	85.44	85.44	85.44	79	79	79	79	68	68	68	68	85	85	85	85	90.5	90.5	90.5	90.5	96.44	96.44	96.44	96.44	90	90	90	90	49.9	49.9	49.9	49.9	0	0	0	0	-0.44	-0.44	-0.44	-0.44	-0.99	-0.99	-0.99	-0.99	-1	-1	-1	-1	-0.62	-0.62	-0.62	-0.62	-0.6	-0.6	-0.6	-0.6	-0.6	-0.6	-0.6	-0.6	-0.5	-0.5	-0.5	-0.5	1.72	1.72	1.72	1.72	26.5	26.5	26.5	26.5	80.5	80.5	80.5	80.5	98.01	98.01	98.01	98.01	130	130	130	130	136.87	136.87	136.87	136.87	112.98	112.98	112.98	112.98
2025-08-11	109.7	109.7	109.7	109.7	100.43	100.43	100.43	100.43	100	100	100	100	99.89	99.89	99.89	99.89	99.18	99.18	99.18	99.18	99.89	99.89	99.89	99.89	99.65	99.65	99.65	99.65	105.43	105.43	105.43	105.43	100.61	100.61	100.61	100.61	63.6	63.6	63.6	63.6	45	45	45	45	22.51	22.51	22.51	22.51	15	15	15	15	15	15	15	15	10	10	10	10	9	9	9	9	44.5	44.5	44.5	44.5	57.97	57.97	57.97	57.97	90	90	90	90	111.24	111.24	111.24	111.24	135.09	135.09	135.09	135.09	144.41	144.41	144.41	144.41	133.51	133.51	133.51	133.51	110.91	110.91	110.91	110.91
2025-08-12	109.13	109.13	109.13	109.13	99.94	99.94	99.94	99.94	104.72	104.72	104.72	104.72	104.38	104.38	104.38	104.38	103	103	103	103	104.38	104.38	104.38	104.38	99.18	99.18	99.18	99.18	109.7	109.7	109.7	109.7	98.69	98.69	98.69	98.69	96.13	96.13	96.13	96.13	66.34	66.34	66.34	66.34	40.94	40.94	40.94	40.94	27.2	27.2	27.2	27.2	26.28	26.28	26.28	26.28	27.2	27.2	27.2	27.2	35.05	35.05	35.05	35.05	63.8	63.8	63.8	63.8	85.82	85.82	85.82	85.82	96.78	96.78	96.78	96.78	121.86	121.86	121.86	121.86	154.93	154.93	154.93	154.93	140.81	140.81	140.81	140.81	126.87	126.87	126.87	126.87	109.7	109.7	109.7	109.7
2025-08-13	109.73	109.73	109.73	109.73	110.7	110.7	110.7	110.7	109.98	109.98	109.98	109.98	105.55	105.55	105.55	105.55	104.32	104.32	104.32	104.32	104.32	104.32	104.32	104.32	105	105	105	105	121.17	121.17	121.17	121.17	118.24	118.24	118.24	118.24	94.1	94.1	94.1	94.1	90	90	90	90	71	71	71	71	63.48	63.48	63.48	63.48	60	60	60	60	63.22	63.22	63.22	63.22	70.9	70.9	70.9	70.9	84.15	84.15	84.15	84.15	93.1	93.1	93.1	93.1	105	105	105	105	107.23	107.23	107.23	107.23	155.1	155.1	155.1	155.1	153	153	153	153	123.21	123.21	123.21	123.21	106.27	106.27	106.27	106.27
2025-08-14	126.87	126.87	126.87	126.87	115.7	115.7	115.7	115.7	110.28	110.28	110.28	110.28	105.27	105.27	105.27	105.27	102	102	102	102	101.12	101.12	101.12	101.12	107	107	107	107	109.65	109.65	109.65	109.65	99.31	99.31	99.31	99.31	90.92	90.92	90.92	90.92	71.67	71.67	71.67	71.67	67.4	67.4	67.4	67.4	54.01	54.01	54.01	54.01	40.91	40.91	40.91	40.91	54.9	54.9	54.9	54.9	69.43	69.43	69.43	69.43	71.67	71.67	71.67	71.67	80	80	80	80	102	102	102	102	115.78	115.78	115.78	115.78	137.99	137.99	137.99	137.99	149.02	149.02	149.02	149.02	125.88	125.88	125.88	125.88	111.92	111.92	111.92	111.92
2025-08-15	119.07	119.07	119.07	119.07	105.3	105.3	105.3	105.3	99.9	99.9	99.9	99.9	96.22	96.22	96.22	96.22	93.66	93.66	93.66	93.66	91.16	91.16	91.16	91.16	98.5	98.5	98.5	98.5	97.52	97.52	97.52	97.52	71.89	71.89	71.89	71.89	43.97	43.97	43.97	43.97	6	6	6	6	3	3	3	3	0.08	0.08	0.08	0.08	0	0	0	0	0	0	0	0	1.72	1.72	1.72	1.72	23.53	23.53	23.53	23.53	33.23	33.23	33.23	33.23	61.12	61.12	61.12	61.12	100.82	100.82	100.82	100.82	111.39	111.39	111.39	111.39	144.75	144.75	144.75	144.75	142	142	142	142	117.63	117.63	117.63	117.63
2025-08-16	118.82	118.82	118.82	118.82	114.32	114.32	114.32	114.32	109.69	109.69	109.69	109.69	105	105	105	105	104.28	104.28	104.28	104.28	105.35	105.35	105.35	105.35	108.43	108.43	108.43	108.43	111.19	111.19	111.19	111.19	103.67	103.67	103.67	103.67	60.93	60.93	60.93	60.93	26.28	26.28	26.28	26.28	3.8	3.8	3.8	3.8	0.65	0.65	0.65	0.65	0.65	0.65	0.65	0.65	0.66	0.66	0.66	0.66	1.1	1.1	1.1	1.1	3.6	3.6	3.6	3.6	21.52	21.52	21.52	21.52	68.8	68.8	68.8	68.8	100	100	100	100	111.05	111.05	111.05	111.05	144	144	144	144	137	137	137	137	117.65	117.65	117.65	117.65
2025-08-17	118.58	118.58	118.58	118.58	113.12	113.12	113.12	113.12	106.27	106.27	106.27	106.27	104.59	104.59	104.59	104.59	104.66	104.66	104.66	104.66	105.01	105.01	105.01	105.01	104.34	104.34	104.34	104.34	96.99	96.99	96.99	96.99	101.12	101.12	101.12	101.12	27.2	27.2	27.2	27.2	9.7	9.7	9.7	9.7	0.65	0.65	0.65	0.65	0.65	0.65	0.65	0.65	0.65	0.65	0.65	0.65	0.65	0.65	0.65	0.65	0.65	0.65	0.65	0.65	5.13	5.13	5.13	5.13	16.72	16.72	16.72	16.72	51.45	51.45	51.45	51.45	94.03	94.03	94.03	94.03	113.12	113.12	113.12	113.12	124.65	124.65	124.65	124.65	131.25	131.25	131.25	131.25	117.67	117.67	117.67	117.67
2025-08-18	109.52	109.52	109.52	109.52	105.54	105.54	105.54	105.54	104.3	104.3	104.3	104.3	103.1	103.1	103.1	103.1	99.82	99.82	99.82	99.82	101.12	101.12	101.12	101.12	105.34	105.34	105.34	105.34	106.54	106.54	106.54	106.54	106.54	106.54	106.54	106.54	104.56	104.56	104.56	104.56	97.52	97.52	97.52	97.52	75.59	75.59	75.59	75.59	69	69	69	69	69	69	69	69	67.9	67.9	67.9	67.9	60	60	60	60	69.26	69.26	69.26	69.26	84.53	84.53	84.53	84.53	104.07	104.07	104.07	104.07	115.06	115.06	115.06	115.06	120	120	120	120	120.76	120.76	120.76	120.76	114.32	114.32	114.32	114.32	106.84	106.84	106.84	106.84
2025-08-19	103.06	103.06	103.06	103.06	101.12	101.12	101.12	101.12	98.1	98.1	98.1	98.1	92.41	92.41	92.41	92.41	90.37	90.37	90.37	90.37	91.4	91.4	91.4	91.4	99	99	99	99	102.82	102.82	102.82	102.82	98.1	98.1	98.1	98.1	88.57	88.57	88.57	88.57	69.64	69.64	69.64	69.64	43.23	43.23	43.23	43.23	30	30	30	30	29.14	29.14	29.14	29.14	30.91	30.91	30.91	30.91	40.54	40.54	40.54	40.54	46.8	46.8	46.8	46.8	48.7	48.7	48.7	48.7	62.2	62.2	62.2	62.2	88.97	88.97	88.97	88.97	97.74	97.74	97.74	97.74	106.85	106.85	106.85	106.85	106.54	106.54	106.54	106.54	99	99	99	99
2025-08-20	95.58	95.58	95.58	95.58	88.03	88.03	88.03	88.03	83	83	83	83	81	81	81	81	76.2	76.2	76.2	76.2	82	82	82	82	88.46	88.46	88.46	88.46	96.54	96.54	96.54	96.54	89.81	89.81	89.81	89.81	71.55	71.55	71.55	71.55	49.8	49.8	49.8	49.8	49.9	49.9	49.9	49.9	49.02	49.02	49.02	49.02	35	35	35	35	31.53	31.53	31.53	31.53	27.2	27.2	27.2	27.2	27.99	27.99	27.99	27.99	37	37	37	37	49.27	49.27	49.27	49.27	69.27	69.27	69.27	69.27	78.73	78.73	78.73	78.73	100.07	100.07	100.07	100.07	97.52	97.52	97.52	97.52	84.98	84.98	84.98	84.98
2025-08-21	95.28	95.28	95.28	95.28	88.88	88.88	88.88	88.88	85.26	85.26	85.26	85.26	83.68	83.68	83.68	83.68	82.1	82.1	82.1	82.1	84	84	84	84	85.82	85.82	85.82	85.82	101.12	101.12	101.12	101.12	85.26	85.26	85.26	85.26	50.2	50.2	50.2	50.2	25.67	25.67	25.67	25.67	10	10	10	10	7.89	7.89	7.89	7.89	5.11	5.11	5.11	5.11	5.11	5.11	5.11	5.11	3.52	3.52	3.52	3.52	5.79	5.79	5.79	5.79	6	6	6	6	25	25	25	25	50	50	50	50	77.84	77.84	77.84	77.84	83.26	83.26	83.26	83.26	75	75	75	75	71.6	71.6	71.6	71.6
2025-08-22	77.1	77.1	77.1	77.1	72	72	72	72	68.01	68.01	68.01	68.01	65.2	65.2	65.2	65.2	70.01	70.01	70.01	70.01	69.81	69.81	69.81	69.81	71.03	71.03	71.03	71.03	78.06	78.06	78.06	78.06	75.1	75.1	75.1	75.1	49.67	49.67	49.67	49.67	15.57	15.57	15.57	15.57	5.11	5.11	5.11	5.11	4.31	4.31	4.31	4.31	5.79	5.79	5.79	5.79	5.37	5.37	5.37	5.37	5.01	5.01	5.01	5.01	5.79	5.79	5.79	5.79	20	20	20	20	35.2	35.2	35.2	35.2	84.56	84.56	84.56	84.56	104.53	104.53	104.53	104.53	103.49	103.49	103.49	103.49	101.59	101.59	101.59	101.59	94.37	94.37	94.37	94.37
2025-08-23	95.33	95.33	95.33	95.33	89.32	89.32	89.32	89.32	80.94	80.94	80.94	80.94	78.21	78.21	78.21	78.21	76.06	76.06	76.06	76.06	79.1	79.1	79.1	79.1	84.28	84.28	84.28	84.28	86.42	86.42	86.42	86.42	79.15	79.15	79.15	79.15	55.02	55.02	55.02	55.02	15.85	15.85	15.85	15.85	3.46	3.46	3.46	3.46	1.82	1.82	1.82	1.82	0.75	0.75	0.75	0.75	0.65	0.65	0.65	0.65	3.52	3.52	3.52	3.52	11.99	11.99	11.99	11.99	38.38	38.38	38.38	38.38	64.64	64.64	64.64	64.64	106.96	106.96	106.96	106.96	118.85	118.85	118.85	118.85	130.87	130.87	130.87	130.87	111.16	111.16	111.16	111.16	108.96	108.96	108.96	108.96
2025-08-24	106	106	106	106	101.12	101.12	101.12	101.12	97.52	97.52	97.52	97.52	94.24	94.24	94.24	94.24	93.76	93.76	93.76	93.76	94	94	94	94	94.24	94.24	94.24	94.24	95.96	95.96	95.96	95.96	75	75	75	75	25	25	25	25	0	0	0	0	-0.05	-0.05	-0.05	-0.05	-0.6	-0.6	-0.6	-0.6	-0.6	-0.6	-0.6	-0.6	-0.5	-0.5	-0.5	-0.5	-0.1	-0.1	-0.1	-0.1	0	0	0	0	12.93	12.93	12.93	12.93	61.15	61.15	61.15	61.15	98.57	98.57	98.57	98.57	114.99	114.99	114.99	114.99	114.32	114.32	114.32	114.32	111.92	111.92	111.92	111.92	105.77	105.77	105.77	105.77
2025-08-25	111.92	111.92	111.92	111.92	107.5	107.5	107.5	107.5	104.99	104.99	104.99	104.99	101.12	101.12	101.12	101.12	98.35	98.35	98.35	98.35	104.99	104.99	104.99	104.99	108.73	108.73	108.73	108.73	114.32	114.32	114.32	114.32	114.32	114.32	114.32	114.32	108.32	108.32	108.32	108.32	89.51	89.51	89.51	89.51	65.01	65.01	65.01	65.01	55.2	55.2	55.2	55.2	35	35	35	35	26.17	26.17	26.17	26.17	25.2	25.2	25.2	25.2	56.43	56.43	56.43	56.43	70.1	70.1	70.1	70.1	97.43	97.43	97.43	97.43	114.78	114.78	114.78	114.78	125.95	125.95	125.95	125.95	142	142	142	142	123.11	123.11	123.11	123.11	114.68	114.68	114.68	114.68
2025-08-26	106.76	106.76	106.76	106.76	102.4	102.4	102.4	102.4	99.99	99.99	99.99	99.99	99.6	99.6	99.6	99.6	100.78	100.78	100.78	100.78	102.4	102.4	102.4	102.4	109.52	109.52	109.52	109.52	125.95	125.95	125.95	125.95	112.79	112.79	112.79	112.79	97.52	97.52	97.52	97.52	70	70	70	70	60.65	60.65	60.65	60.65	41.25	41.25	41.25	41.25	26.28	26.28	26.28	26.28	38.05	38.05	38.05	38.05	47.44	47.44	47.44	47.44	60	60	60	60	65.03	65.03	65.03	65.03	76.1	76.1	76.1	76.1	103.14	103.14	103.14	103.14	117	117	117	117	123.46	123.46	123.46	123.46	113.12	113.12	113.12	113.12	106.79	106.79	106.79	106.79
2025-08-27	109.1	109.1	109.1	109.1	102.84	102.84	102.84	102.84	101.12	101.12	101.12	101.12	97.54	97.54	97.54	97.54	93.05	93.05	93.05	93.05	93.05	93.05	93.05	93.05	102.84	102.84	102.84	102.84	113.12	113.12	113.12	113.12	113.64	113.64	113.64	113.64	101.63	101.63	101.63	101.63	85.21	85.21	85.21	85.21	77.75	77.75	77.75	77.75	63.65	63.65	63.65	63.65	49.85	49.85	49.85	49.85	50.62	50.62	50.62	50.62	50.62	50.62	50.62	50.62	51.14	51.14	51.14	51.14	51.4	51.4	51.4	51.4	64.9	64.9	64.9	64.9	99	99	99	99	109.1	109.1	109.1	109.1	114.32	114.32	114.32	114.32	113.63	113.63	113.63	113.63	103.57	103.57	103.57	103.57
2025-08-28	97.15	97.15	97.15	97.15	90.14	90.14	90.14	90.14	86.07	86.07	86.07	86.07	73.25	73.25	73.25	73.25	69.4	69.4	69.4	69.4	76.42	76.42	76.42	76.42	83.38	83.38	83.38	83.38	90.38	90.38	90.38	90.38	90.38	90.38	90.38	90.38	69.4	69.4	69.4	69.4	17.35	17.35	17.35	17.35	3.52	3.52	3.52	3.52	1.72	1.72	1.72	1.72	1.5	1.5	1.5	1.5	0.65	0.65	0.65	0.65	0.01	0.01	0.01	0.01	0.65	0.65	0.65	0.65	1.5	1.5	1.5	1.5	5.11	5.11	5.11	5.11	65.28	65.28	65.28	65.28	90	90	90	90	97.08	97.08	97.08	97.08	93.77	93.77	93.77	93.77	88.09	88.09	88.09	88.09
2025-08-29	82.7	82.7	82.7	82.7	79.64	79.64	79.64	79.64	72.2	72.2	72.2	72.2	60	60	60	60	54.43	54.43	54.43	54.43	54.6	54.6	54.6	54.6	75.01	75.01	75.01	75.01	80.2	80.2	80.2	80.2	70.09	70.09	70.09	70.09	42.47	42.47	42.47	42.47	5	5	5	5	0.83	0.83	0.83	0.83	0.65	0.65	0.65	0.65	0.01	0.01	0.01	0.01	0	0	0	0	0	0	0	0	0	0	0	0	0	0	0	0	3.52	3.52	3.52	3.52	53.55	53.55	53.55	53.55	81.8	81.8	81.8	81.8	100.01	100.01	100.01	100.01	95.14	95.14	95.14	95.14	86.17	86.17	86.17	86.17
2025-08-30	91.56	91.56	91.56	91.56	86.64	86.64	86.64	86.64	87.56	87.56	87.56	87.56	83.48	83.48	83.48	83.48	80.88	80.88	80.88	80.88	80.64	80.64	80.64	80.64	85.06	85.06	85.06	85.06	88.29	88.29	88.29	88.29	77	77	77	77	32	32	32	32	9.5	9.5	9.5	9.5	0.65	0.65	0.65	0.65	0	0	0	0	-0.01	-0.01	-0.01	-0.01	-0.01	-0.01	-0.01	-0.01	0	0	0	0	0	0	0	0	0	0	0	0	8.16	8.16	8.16	8.16	57.97	57.97	57.97	57.97	89.93	89.93	89.93	89.93	107.12	107.12	107.12	107.12	101.12	101.12	101.12	101.12	95	95	95	95
2025-08-31	81.06	81.06	81.06	81.06	75.4	75.4	75.4	75.4	70.5	70.5	70.5	70.5	67	67	67	67	70.12	70.12	70.12	70.12	70.12	70.12	70.12	70.12	70.12	70.12	70.12	70.12	75.4	75.4	75.4	75.4	45	45	45	45	3.6	3.6	3.6	3.6	0	0	0	0	-0.01	-0.01	-0.01	-0.01	-0.08	-0.08	-0.08	-0.08	-0.95	-0.95	-0.95	-0.95	-0.6	-0.6	-0.6	-0.6	-0.62	-0.62	-0.62	-0.62	-0.98	-0.98	-0.98	-0.98	-0.27	-0.27	-0.27	-0.27	0	0	0	0	3.52	3.52	3.52	3.52	59.55	59.55	59.55	59.55	73.88	73.88	73.88	73.88	71.4	71.4	71.4	71.4	62	62	62	62
2025-09-01	35.79	35.79	35.79	35.79	18.07	18.07	18.07	18.07	22.34	22.34	22.34	22.34	17.64	17.64	17.64	17.64	15	15	15	15	25.21	25.21	25.21	25.21	33.23	33.23	33.23	33.23	53.18	53.18	53.18	53.18	64	64	64	64	35.79	35.79	35.79	35.79	3.52	3.52	3.52	3.52	0	0	0	0	0	0	0	0	0	0	0	0	0	0	0	0	0	0	0	0	0	0	0	0	0	0	0	0	3.52	3.52	3.52	3.52	55	55	55	55	80	80	80	80	100.01	100.01	100.01	100.01	92.8	92.8	92.8	92.8	80	80	80	80
2025-09-02	100.86	100.86	100.86	100.86	95	95	95	95	87.2	87.2	87.2	87.2	81.88	81.88	81.88	81.88	80.3	80.3	80.3	80.3	80.3	80.3	80.3	80.3	81.55	81.55	81.55	81.55	95.15	95.15	95.15	95.15	87.2	87.2	87.2	87.2	39	39	39	39	7.96	7.96	7.96	7.96	1.2	1.2	1.2	1.2	1.5	1.5	1.5	1.5	0.65	0.65	0.65	0.65	0.21	0.21	0.21	0.21	1.5	1.5	1.5	1.5	3.52	3.52	3.52	3.52	14	14	14	14	32.89	32.89	32.89	32.89	84	84	84	84	109.52	109.52	109.52	109.52	160	160	160	160	116.72	116.72	116.72	116.72	104.22	104.22	104.22	104.22
2025-09-03	105.23	105.23	105.23	105.23	95	95	95	95	85	85	85	85	80.5	80.5	80.5	80.5	76.05	76.05	76.05	76.05	76.05	76.05	76.05	76.05	83.22	83.22	83.22	83.22	93	93	93	93	83.22	83.22	83.22	83.22	17.5	17.5	17.5	17.5	0	0	0	0	-0.01	-0.01	-0.01	-0.01	-0.01	-0.01	-0.01	-0.01	-0.02	-0.02	-0.02	-0.02	-0.02	-0.02	-0.02	-0.02	-0.01	-0.01	-0.01	-0.01	-0.01	-0.01	-0.01	-0.01	0	0	0	0	12.85	12.85	12.85	12.85	70	70	70	70	103.13	103.13	103.13	103.13	133.45	133.45	133.45	133.45	107.43	107.43	107.43	107.43	100.86	100.86	100.86	100.86
2025-09-04	91.24	91.24	91.24	91.24	85	85	85	85	79.91	79.91	79.91	79.91	72.27	72.27	72.27	72.27	70	70	70	70	70.7	70.7	70.7	70.7	81.02	81.02	81.02	81.02	103.55	103.55	103.55	103.55	93.53	93.53	93.53	93.53	50	50	50	50	18.07	18.07	18.07	18.07	5.79	5.79	5.79	5.79	3.2	3.2	3.2	3.2	1.72	1.72	1.72	1.72	1.6	1.6	1.6	1.6	1.55	1.55	1.55	1.55	3.7	3.7	3.7	3.7	7.01	7.01	7.01	7.01	28.19	28.19	28.19	28.19	66.04	66.04	66.04	66.04	102.5	102.5	102.5	102.5	112.99	112.99	112.99	112.99	100.45	100.45	100.45	100.45	85.5	85.5	85.5	85.5
2025-09-05	89.25	89.25	89.25	89.25	79.02	79.02	79.02	79.02	65	65	65	65	60	60	60	60	53.31	53.31	53.31	53.31	60	60	60	60	76.79	76.79	76.79	76.79	89.99	89.99	89.99	89.99	88.22	88.22	88.22	88.22	79.1	79.1	79.1	79.1	35	35	35	35	10	10	10	10	3.52	3.52	3.52	3.52	3.52	3.52	3.52	3.52	1.03	1.03	1.03	1.03	0.65	0.65	0.65	0.65	0.85	0.85	0.85	0.85	3.52	3.52	3.52	3.52	45.23	45.23	45.23	45.23	89.25	89.25	89.25	89.25	103.97	103.97	103.97	103.97	107.1	107.1	107.1	107.1	95	95	95	95	88.38	88.38	88.38	88.38
2025-09-06	74.64	74.64	74.64	74.64	58.78	58.78	58.78	58.78	48.71	48.71	48.71	48.71	39.9	39.9	39.9	39.9	34.8	34.8	34.8	34.8	33.46	33.46	33.46	33.46	35	35	35	35	42	42	42	42	34.9	34.9	34.9	34.9	15.23	15.23	15.23	15.23	1.72	1.72	1.72	1.72	0	0	0	0	-0.02	-0.02	-0.02	-0.02	-0.86	-0.86	-0.86	-0.86	-0.99	-0.99	-0.99	-0.99	-0.16	-0.16	-0.16	-0.16	-0.02	-0.02	-0.02	-0.02	0	0	0	0	0	0	0	0	24.37	24.37	24.37	24.37	42	42	42	42	58.54	58.54	58.54	58.54	55.44	55.44	55.44	55.44	39.5	39.5	39.5	39.5
2025-09-07	23	23	23	23	14	14	14	14	25.15	25.15	25.15	25.15	21	21	21	21	18.32	18.32	18.32	18.32	26.28	26.28	26.28	26.28	14	14	14	14	19.99	19.99	19.99	19.99	26.5	26.5	26.5	26.5	25.3	25.3	25.3	25.3	4.96	4.96	4.96	4.96	0.66	0.66	0.66	0.66	0	0	0	0	0.01	0.01	0.01	0.01	0.16	0.16	0.16	0.16	0	0	0	0	0.65	0.65	0.65	0.65	6.08	6.08	6.08	6.08	47.5	47.5	47.5	47.5	79.02	79.02	79.02	79.02	98.21	98.21	98.21	98.21	111.56	111.56	111.56	111.56	104.9	104.9	104.9	104.9	97	97	97	97
2025-09-08	104.5	104.5	104.5	104.5	94.5	94.5	94.5	94.5	91.54	91.54	91.54	91.54	85.52	85.52	85.52	85.52	80.94	80.94	80.94	80.94	81.97	81.97	81.97	81.97	92.02	92.02	92.02	92.02	104.45	104.45	104.45	104.45	108.36	108.36	108.36	108.36	98.21	98.21	98.21	98.21	85.83	85.83	85.83	85.83	63	63	63	63	52.01	52.01	52.01	52.01	38.56	38.56	38.56	38.56	27.2	27.2	27.2	27.2	27.08	27.08	27.08	27.08	27.2	27.2	27.2	27.2	48.64	48.64	48.64	48.64	73.08	73.08	73.08	73.08	91.15	91.15	91.15	91.15	98.21	98.21	98.21	98.21	95.26	95.26	95.26	95.26	90.51	90.51	90.51	90.51	73.08	73.08	73.08	73.08
2025-09-09	63.33	63.33	63.33	63.33	63.33	63.33	63.33	63.33	61.51	61.51	61.51	61.51	61.51	61.51	61.51	61.51	61.51	61.51	61.51	61.51	69.45	69.45	69.45	69.45	83.09	83.09	83.09	83.09	96.1	96.1	96.1	96.1	96.44	96.44	96.44	96.44	80.71	80.71	80.71	80.71	54.93	54.93	54.93	54.93	30.22	30.22	30.22	30.22	26	26	26	26	19.25	19.25	19.25	19.25	17.19	17.19	17.19	17.19	8.91	8.91	8.91	8.91	16.57	16.57	16.57	16.57	30	30	30	30	56	56	56	56	90	90	90	90	111.37	111.37	111.37	111.37	120	120	120	120	110	110	110	110	98.07	98.07	98.07	98.07
2025-09-10	89.94	89.94	89.94	89.94	83.09	83.09	83.09	83.09	83.09	83.09	83.09	83.09	81.1	81.1	81.1	81.1	72.99	72.99	72.99	72.99	66	66	66	66	77.5	77.5	77.5	77.5	84.26	84.26	84.26	84.26	75.99	75.99	75.99	75.99	45.1	45.1	45.1	45.1	8	8	8	8	0	0	0	0	0	0	0	0	-0.01	-0.01	-0.01	-0.01	-0.01	-0.01	-0.01	-0.01	-0.01	-0.01	-0.01	-0.01	-0.01	-0.01	-0.01	-0.01	4.9	4.9	4.9	4.9	23.09	23.09	23.09	23.09	62.17	62.17	62.17	62.17	96	96	96	96	105.01	105.01	105.01	105.01	96.26	96.26	96.26	96.26	83.09	83.09	83.09	83.09
2025-09-11	85	85	85	85	78.35	78.35	78.35	78.35	67.3	67.3	67.3	67.3	67.3	67.3	67.3	67.3	70	70	70	70	74	74	74	74	78.84	78.84	78.84	78.84	98.3	98.3	98.3	98.3	88.07	88.07	88.07	88.07	45.1	45.1	45.1	45.1	0.03	0.03	0.03	0.03	-0.01	-0.01	-0.01	-0.01	-0.01	-0.01	-0.01	-0.01	-0.01	-0.01	-0.01	-0.01	-0.01	-0.01	-0.01	-0.01	-0.01	-0.01	-0.01	-0.01	-0.01	-0.01	-0.01	-0.01	0	0	0	0	7.05	7.05	7.05	7.05	88.12	88.12	88.12	88.12	106.3	106.3	106.3	106.3	140	140	140	140	111.82	111.82	111.82	111.82	100.44	100.44	100.44	100.44
2025-09-12	105	105	105	105	95.03	95.03	95.03	95.03	93.8	93.8	93.8	93.8	93.02	93.02	93.02	93.02	93.02	93.02	93.02	93.02	95.03	95.03	95.03	95.03	105.98	105.98	105.98	105.98	143.15	143.15	143.15	143.15	115.35	115.35	115.35	115.35	93.84	93.84	93.84	93.84	60.97	60.97	60.97	60.97	19.57	19.57	19.57	19.57	4.5	4.5	4.5	4.5	2.5	2.5	2.5	2.5	1.5	1.5	1.5	1.5	0.75	0.75	0.75	0.75	3.52	3.52	3.52	3.52	19.68	19.68	19.68	19.68	46.8	46.8	46.8	46.8	93.26	93.26	93.26	93.26	123.45	123.45	123.45	123.45	143.03	143.03	143.03	143.03	105.01	105.01	105.01	105.01	97.35	97.35	97.35	97.35
2025-09-13	102.3	102.3	102.3	102.3	99.54	99.54	99.54	99.54	97.96	97.96	97.96	97.96	97.84	97.84	97.84	97.84	96.68	96.68	96.68	96.68	92	92	92	92	94.98	94.98	94.98	94.98	100.02	100.02	100.02	100.02	99.78	99.78	99.78	99.78	69.04	69.04	69.04	69.04	9.62	9.62	9.62	9.62	2.37	2.37	2.37	2.37	0	0	0	0	-0.01	-0.01	-0.01	-0.01	-0.01	-0.01	-0.01	-0.01	0	0	0	0	0	0	0	0	0.65	0.65	0.65	0.65	14	14	14	14	82.86	82.86	82.86	82.86	100.13	100.13	100.13	100.13	106.11	106.11	106.11	106.11	99.3	99.3	99.3	99.3	95.1	95.1	95.1	95.1
2025-09-14	75	75	75	75	66.23	66.23	66.23	66.23	65.29	65.29	65.29	65.29	65.3	65.3	65.3	65.3	65.81	65.81	65.81	65.81	71.54	71.54	71.54	71.54	71.54	71.54	71.54	71.54	77.57	77.57	77.57	77.57	66.23	66.23	66.23	66.23	23.58	23.58	23.58	23.58	5.01	5.01	5.01	5.01	0	0	0	0	0	0	0	0	0	0	0	0	-0.01	-0.01	-0.01	-0.01	0	0	0	0	0	0	0	0	1.1	1.1	1.1	1.1	15.65	15.65	15.65	15.65	67.3	67.3	67.3	67.3	103.81	103.81	103.81	103.81	126.13	126.13	126.13	126.13	106.01	106.01	106.01	106.01	99.84	99.84	99.84	99.84
2025-09-15	97.03	97.03	97.03	97.03	94.95	94.95	94.95	94.95	90	90	90	90	89	89	89	89	87.82	87.82	87.82	87.82	94.17	94.17	94.17	94.17	97.33	97.33	97.33	97.33	120.83	120.83	120.83	120.83	124	124	124	124	84.2	84.2	84.2	84.2	35.1	35.1	35.1	35.1	7.63	7.63	7.63	7.63	8	8	8	8	4.5	4.5	4.5	4.5	2.5	2.5	2.5	2.5	3.52	3.52	3.52	3.52	4.96	4.96	4.96	4.96	16	16	16	16	43.99	43.99	43.99	43.99	94.17	94.17	94.17	94.17	110	110	110	110	110.96	110.96	110.96	110.96	98.5	98.5	98.5	98.5	85.97	85.97	85.97	85.97
2025-09-16	80.01	80.01	80.01	80.01	77.99	77.99	77.99	77.99	72.03	72.03	72.03	72.03	73.35	73.35	73.35	73.35	80	80	80	80	84.2	84.2	84.2	84.2	99.9	99.9	99.9	99.9	111.87	111.87	111.87	111.87	111.84	111.84	111.84	111.84	93.89	93.89	93.89	93.89	38.1	38.1	38.1	38.1	15.2	15.2	15.2	15.2	9.14	9.14	9.14	9.14	9.14	9.14	9.14	9.14	5.76	5.76	5.76	5.76	3.52	3.52	3.52	3.52	9.14	9.14	9.14	9.14	38.14	38.14	38.14	38.14	69.29	69.29	69.29	69.29	109.03	109.03	109.03	109.03	134.29	134.29	134.29	134.29	198.95	198.95	198.95	198.95	111.84	111.84	111.84	111.84	104.5	104.5	104.5	104.5
2025-09-17	107.12	107.12	107.12	107.12	104.78	104.78	104.78	104.78	102.9	102.9	102.9	102.9	99.91	99.91	99.91	99.91	98.5	98.5	98.5	98.5	102	102	102	102	104.78	104.78	104.78	104.78	118.56	118.56	118.56	118.56	112.08	112.08	112.08	112.08	95.05	95.05	95.05	95.05	57.9	57.9	57.9	57.9	37.6	37.6	37.6	37.6	19.68	19.68	19.68	19.68	19.57	19.57	19.57	19.57	15.1	15.1	15.1	15.1	16.4	16.4	16.4	16.4	20.33	20.33	20.33	20.33	50	50	50	50	83.12	83.12	83.12	83.12	111.76	111.76	111.76	111.76	150	150	150	150	215	215	215	215	117.11	117.11	117.11	117.11	104.99	104.99	104.99	104.99
2025-09-18	109.18	109.18	109.18	109.18	105.26	105.26	105.26	105.26	104.54	104.54	104.54	104.54	104.78	104.78	104.78	104.78	104.78	104.78	104.78	104.78	105.26	105.26	105.26	105.26	107.28	107.28	107.28	107.28	126.55	126.55	126.55	126.55	111.4	111.4	111.4	111.4	104.26	104.26	104.26	104.26	56.4	56.4	56.4	56.4	60	60	60	60	50.08	50.08	50.08	50.08	50	50	50	50	44.02	44.02	44.02	44.02	44	44	44	44	55	55	55	55	66.3	66.3	66.3	66.3	96.86	96.86	96.86	96.86	124.7	124.7	124.7	124.7	160	160	160	160	200	200	200	200	130	130	130	130	107.65	107.65	107.65	107.65
2025-09-19	113.07	113.07	113.07	113.07	110.91	110.91	110.91	110.91	108.34	108.34	108.34	108.34	108.26	108.26	108.26	108.26	107.21	107.21	107.21	107.21	108.26	108.26	108.26	108.26	110.78	110.78	110.78	110.78	120.42	120.42	120.42	120.42	113.54	113.54	113.54	113.54	106.68	106.68	106.68	106.68	66.04	66.04	66.04	66.04	52.14	52.14	52.14	52.14	49	49	49	49	45.1	45.1	45.1	45.1	31.25	31.25	31.25	31.25	32.61	32.61	32.61	32.61	55	55	55	55	65.87	65.87	65.87	65.87	76	76	76	76	108.14	108.14	108.14	108.14	125.2	125.2	125.2	125.2	125	125	125	125	105.78	105.78	105.78	105.78	104.68	104.68	104.68	104.68
2025-09-20	104.99	104.99	104.99	104.99	99.89	99.89	99.89	99.89	97	97	97	97	93.8	93.8	93.8	93.8	95.29	95.29	95.29	95.29	95.15	95.15	95.15	95.15	99.89	99.89	99.89	99.89	101	101	101	101	99.89	99.89	99.89	99.89	65.6	65.6	65.6	65.6	30	30	30	30	3.94	3.94	3.94	3.94	1.72	1.72	1.72	1.72	0.65	0.65	0.65	0.65	0.65	0.65	0.65	0.65	0.65	0.65	0.65	0.65	4.31	4.31	4.31	4.31	15.43	15.43	15.43	15.43	55.08	55.08	55.08	55.08	93.56	93.56	93.56	93.56	110.36	110.36	110.36	110.36	110.91	110.91	110.91	110.91	104.6	104.6	104.6	104.6	101	101	101	101
2025-09-21	85.8	85.8	85.8	85.8	82.85	82.85	82.85	82.85	75.94	75.94	75.94	75.94	79	79	79	79	78.97	78.97	78.97	78.97	75.35	75.35	75.35	75.35	75.94	75.94	75.94	75.94	85	85	85	85	69.38	69.38	69.38	69.38	26.2	26.2	26.2	26.2	10	10	10	10	0.65	0.65	0.65	0.65	0	0	0	0	0	0	0	0	-0.01	-0.01	-0.01	-0.01	-0.5	-0.5	-0.5	-0.5	-0.62	-0.62	-0.62	-0.62	-0.01	-0.01	-0.01	-0.01	3.52	3.52	3.52	3.52	43.16	43.16	43.16	43.16	69.96	69.96	69.96	69.96	61.4	61.4	61.4	61.4	54.8	54.8	54.8	54.8	38.09	38.09	38.09	38.09
2025-09-22	30.9	30.9	30.9	30.9	30.9	30.9	30.9	30.9	26.2	26.2	26.2	26.2	26.2	26.2	26.2	26.2	34.9	34.9	34.9	34.9	30.14	30.14	30.14	30.14	30.9	30.9	30.9	30.9	60.6	60.6	60.6	60.6	62.03	62.03	62.03	62.03	29.35	29.35	29.35	29.35	2	2	2	2	0	0	0	0	0	0	0	0	-0.01	-0.01	-0.01	-0.01	-0.01	-0.01	-0.01	-0.01	-0.01	-0.01	-0.01	-0.01	-0.01	-0.01	-0.01	-0.01	0	0	0	0	15.6	15.6	15.6	15.6	67.99	67.99	67.99	67.99	108.95	108.95	108.95	108.95	109.38	109.38	109.38	109.38	82.8	82.8	82.8	82.8	80	80	80	80
2025-09-23	79.11	79.11	79.11	79.11	61	61	61	61	85.28	85.28	85.28	85.28	76.95	76.95	76.95	76.95	79.11	79.11	79.11	79.11	83.7	83.7	83.7	83.7	85.28	85.28	85.28	85.28	86.56	86.56	86.56	86.56	85.8	85.8	85.8	85.8	39.9	39.9	39.9	39.9	3.82	3.82	3.82	3.82	0.65	0.65	0.65	0.65	0.01	0.01	0.01	0.01	0	0	0	0	0	0	0	0	0	0	0	0	0	0	0	0	2.2	2.2	2.2	2.2	26.47	26.47	26.47	26.47	86.32	86.32	86.32	86.32	105.01	105.01	105.01	105.01	98.5	98.5	98.5	98.5	76.02	76.02	76.02	76.02	75.84	75.84	75.84	75.84
2025-09-24	53.51	53.51	53.51	53.51	39.8	39.8	39.8	39.8	48.6	48.6	48.6	48.6	42	42	42	42	41.5	41.5	41.5	41.5	48.6	48.6	48.6	48.6	48.8	48.8	48.8	48.8	66.96	66.96	66.96	66.96	69.01	69.01	69.01	69.01	57.91	57.91	57.91	57.91	9.52	9.52	9.52	9.52	1.07	1.07	1.07	1.07	0.65	0.65	0.65	0.65	1.55	1.55	1.55	1.55	0.65	0.65	0.65	0.65	0.01	0.01	0.01	0.01	0.65	0.65	0.65	0.65	20.1	20.1	20.1	20.1	72.72	72.72	72.72	72.72	95	95	95	95	116.12	116.12	116.12	116.12	105.77	105.77	105.77	105.77	90	90	90	90	83.08	83.08	83.08	83.08
2025-09-25	83.46	83.46	83.46	83.46	75.94	75.94	75.94	75.94	75.94	75.94	75.94	75.94	76.46	76.46	76.46	76.46	79.7	79.7	79.7	79.7	77	77	77	77	85.85	85.85	85.85	85.85	112.7	112.7	112.7	112.7	116.89	116.89	116.89	116.89	88.57	88.57	88.57	88.57	55.12	55.12	55.12	55.12	30.2	30.2	30.2	30.2	29.99	29.99	29.99	29.99	25.93	25.93	25.93	25.93	20.1	20.1	20.1	20.1	22.74	22.74	22.74	22.74	25.93	25.93	25.93	25.93	53.13	53.13	53.13	53.13	76.01	76.01	76.01	76.01	114.11	114.11	114.11	114.11	174.1	174.1	174.1	174.1	175.01	175.01	175.01	175.01	128.8	128.8	128.8	128.8	101.9	101.9	101.9	101.9
2025-09-26	106.48	106.48	106.48	106.48	104.52	104.52	104.52	104.52	100	100	100	100	98.71	98.71	98.71	98.71	99	99	99	99	104.52	104.52	104.52	104.52	107.96	107.96	107.96	107.96	123.37	123.37	123.37	123.37	123.28	123.28	123.28	123.28	108.8	108.8	108.8	108.8	88.59	88.59	88.59	88.59	34.99	34.99	34.99	34.99	25.76	25.76	25.76	25.76	29.2	29.2	29.2	29.2	21.56	21.56	21.56	21.56	47.06	47.06	47.06	47.06	53	53	53	53	59.28	59.28	59.28	59.28	94.08	94.08	94.08	94.08	123.6	123.6	123.6	123.6	150	150	150	150	160	160	160	160	122.01	122.01	122.01	122.01	113.92	113.92	113.92	113.92
2025-09-27	115.87	115.87	115.87	115.87	108.83	108.83	108.83	108.83	105.5	105.5	105.5	105.5	109	109	109	109	105.47	105.47	105.47	105.47	98	98	98	98	95	95	95	95	103.5	103.5	103.5	103.5	106.67	106.67	106.67	106.67	82.66	82.66	82.66	82.66	38.8	38.8	38.8	38.8	20.25	20.25	20.25	20.25	16.79	16.79	16.79	16.79	12.91	12.91	12.91	12.91	6.51	6.51	6.51	6.51	6	6	6	6	12.27	12.27	12.27	12.27	29.2	29.2	29.2	29.2	67	67	67	67	92.56	92.56	92.56	92.56	103.11	103.11	103.11	103.11	100.04	100.04	100.04	100.04	95.07	95.07	95.07	95.07	91.84	91.84	91.84	91.84
2025-09-28	63.51	63.51	63.51	63.51	60.86	60.86	60.86	60.86	59.83	59.83	59.83	59.83	58.3	58.3	58.3	58.3	58.04	58.04	58.04	58.04	58.04	58.04	58.04	58.04	57.91	57.91	57.91	57.91	58.87	58.87	58.87	58.87	58.87	58.87	58.87	58.87	57.91	57.91	57.91	57.91	35	35	35	35	29.16	29.16	29.16	29.16	17.11	17.11	17.11	17.11	8.53	8.53	8.53	8.53	15	15	15	15	16.79	16.79	16.79	16.79	22.97	22.97	22.97	22.97	37.34	37.34	37.34	37.34	61.11	61.11	61.11	61.11	70.98	70.98	70.98	70.98	74.14	74.14	74.14	74.14	61	61	61	61	69.62	69.62	69.62	69.62	60.16	60.16	60.16	60.16
2025-09-29	51.6	51.6	51.6	51.6	47.7	47.7	47.7	47.7	45	45	45	45	32	32	32	32	30	30	30	30	32.5	32.5	32.5	32.5	50	50	50	50	74.4	74.4	74.4	74.4	77.8	77.8	77.8	77.8	73.08	73.08	73.08	73.08	59.33	59.33	59.33	59.33	40.14	40.14	40.14	40.14	35	35	35	35	28.3	28.3	28.3	28.3	21.99	21.99	21.99	21.99	27.94	27.94	27.94	27.94	35	35	35	35	52	52	52	52	85	85	85	85	101.13	101.13	101.13	101.13	133.26	133.26	133.26	133.26	105.68	105.68	105.68	105.68	90.04	90.04	90.04	90.04	88.6	88.6	88.6	88.6
2025-09-30	95.46	95.46	95.46	95.46	88.25	88.25	88.25	88.25	80	80	80	80	76.43	76.43	76.43	76.43	78	78	78	78	80	80	80	80	97.11	97.11	97.11	97.11	105.68	105.68	105.68	105.68	120	120	120	120	93.97	93.97	93.97	93.97	60.1	60.1	60.1	60.1	31	31	31	31	24.47	24.47	24.47	24.47	21.9	21.9	21.9	21.9	22	22	22	22	29.08	29.08	29.08	29.08	35	35	35	35	54.94	54.94	54.94	54.94	84	84	84	84	117	117	117	117	199.34	199.34	199.34	199.34	172.11	172.11	172.11	172.11	119.9	119.9	119.9	119.9	101.5	101.5	101.5	101.5
2025-10-01	105.1	104.24	102.28	102	106.63	105.68	105.19	105.01	104.21	102	100	100	97.57	97.51	97.51	97.91	98.5	100	102.28	105	101.08	101.28	101.76	102.24	101.76	102.24	104.24	105.68	106.55	110.41	114.15	122.58	140.78	130.56	115.17	106.63	125.5	105.01	92.24	60	100.24	65	58.81	45	59.07	44.2	35.87	24.97	26.76	22.5	23.92	22.5	16.99	16.68	15.98	15.45	6.67	15.31	16.35	17.76	16.68	18.94	16.79	24.57	19	26.56	43.78	58.55	25.1	50	60	77.67	59.07	75.01	101.52	110.69	105.68	112.21	148.01	134.33	194.14	217.45	230	230	150	130	123.9	113.75	114.01	109	106.63	104.24	105.68	104.21	102	101.52
2025-10-02	105.68	105.01	103.33	103.33	102.28	100	99	98.7	95	95	95	95	95.5	96.99	97.1	98.7	98.7	99	100.3	103.29	103.29	103.71	105.68	107.38	103.26	103.5	105.19	110	110.41	119.87	125.85	129.55	153.01	140.11	121.06	110.41	119.87	103.36	92.29	58.94	84.5	60.2	55.56	36.2	44.1	37.22	33.32	22.5	28.05	20.7	22.5	17.15	20.16	19	16.46	15.06	15.59	16.46	16.79	16.79	15	16.46	16	18.91	20.7	29.9	30.09	46.89	25.1	40.59	55.52	61.33	47.16	67.4	101.68	104.48	90	103.36	110.41	123.9	170.51	201.52	220	225	180	173.66	147.3	125	128.81	121	115.44	109.91	106.57	105.1	103.84	103.27
2025-10-03	117.88	117.8	116.3	114.74	114.74	112.2	111.9	111.6	106.63	106.31	105	104.06	104.06	104.06	104.06	104.06	104.04	104.04	104.04	104.04	104.02	104.02	105.08	111.6	104.01	108.8	111.84	117.8	119.24	121.8	126.92	129.82	144.93	138.58	126.23	120	126.99	119.02	116.3	100	102.28	69.07	60.16	48	58.94	45.96	50	43.88	47.97	44.2	40	35	45.76	42	36.2	32.55	38.08	37.44	40	40.95	32.91	40	40	40	34.45	41.2	45.76	55	40.01	55	59.05	79.49	61.33	87.73	111.57	119.02	111.6	117.88	119.46	130.96	129.12	136.05	144.93	144.93	144.93	142.74	129.2	121.04	126.23	119.24	119	118.76	118.76	117.88	117.37	111.97
2025-10-04	112.1	111.6	111.04	109	105.83	102.99	102.28	100.57	102.97	100.57	100.57	97.99	100.01	97.99	95	90	96.85	95	91.2	89	100.05	100	98.45	100	90	94	95	98.5	100.3	100.57	100.01	100.3	100.3	97.99	89	82.1	85.65	52.8	20.87	2.14	14.41	7.96	2.14	0.15	0.41	0.02	0.01	0	0	-0.01	-0.01	-0.01	0	0	-0.01	-0.05	-0.03	-0.02	-0.01	0	-0.03	0	0	0	-0.01	-0.01	-0.01	0	-0.05	-0.01	0	0.65	0.66	5.11	16.12	21.33	39.76	69.3	72.46	80.91	74.04	74.66	74.66	74.04	74.04	72.24	71.52	70	72	71.04	70	60	60	45	43.31	39.8
2025-10-05	35.02	35.02	35.02	35.01	35.01	35.01	34.7	29.33	29.33	29.12	28.87	28.87	29.12	28.87	28.87	28.87	28.2	28.2	28.2	28.2	28.2	28.2	28.2	28.2	28.99	29.12	29.33	29.33	27.94	28.07	28.2	28.2	28.2	27.94	25.1	18.15	14.24	5	1.85	0	0.09	0	-0.01	-0.1	-0.45	-0.5	-0.6	-0.99	-0.6	-1	-1.06	-1.8	-2.02	-2.1	-2.27	-2.5	-2.64	-2.57	-2.5	-2.1	-2.1	-1.51	-0.62	-0.62	-0.99	-0.6	-0.48	-0.45	-0.45	-0.01	0	0	0.65	3.52	20.5	30.8	35.01	44.2	58.44	72.05	64.92	64.92	75.76	75.76	87.26	87.26	82.25	75.76	68.46	64.92	62.65	45.93	45.1	45	39.4	35.02
2025-10-06	45.33	45.2	44.9	44.87	44.87	44.8	40	40	39.67	42.79	44.87	44.87	45.1	45.12	45.2	45.5	45.76	46.1	47.55	47.81	47.94	48.2	55	72.1	55.7	81.68	88.56	102.28	101.03	113.99	115.64	120.74	131.63	130.69	123.17	113.55	136.74	110.34	100.25	86.28	87.64	82.6	64.78	48.07	48.31	47.68	46.4	45.5	45.12	44.87	44.87	42.88	44.87	44.67	40	36.2	36.2	36.64	36.2	36.2	36.2	40	40	45.1	37.8	44	45.5	47.81	47.68	60	79.78	87	73.05	86.76	106.09	129.82	107.04	125.34	158.18	159.99	158.18	161.18	167	167	182.59	175.01	160.43	158.93	143.22	126.23	119.94	113.55	112.33	106.83	101.2	92.16
2025-10-07	111.6	110.46	110	109.28	110.86	108.89	107.5	107.45	107.45	107.45	107.45	106.63	104.57	104.17	102.94	102.94	102.94	102.94	102.94	104.57	100	101.36	102.94	107.42	104.57	108.09	109.76	111.6	112.55	117.88	124.5	129.12	150.55	135.79	126.92	116	161.42	119.77	107.67	83.54	96.93	78.72	67.81	60.1	66.33	57.12	45	38.6	58.78	50.73	49	45	45	43.42	40	37.2	37.2	35.75	36.83	39.58	37.2	40.2	45	48.84	44.25	49	59	67.55	60.1	67.81	81.2	101.76	84.22	104.57	115.8	133.99	118.73	130.34	170.13	180.81	175	160.09	169.68	168.63	175	168	153.06	129.11	126.23	120	117	115.8	117.88	116.28	114	111
2025-10-08	112.52	111.92	111.79	110	106	105.01	103.78	102.2	102.2	101.37	101	100.01	100	100	99.99	99	100	100	100	100	94.6	96	98.62	101	100	102.2	106.94	111.8	113.99	121.28	134.79	146.52	188.82	160.79	145.94	121.52	133.41	111.8	102.2	92	110.22	102.2	97.86	81.83	100.62	85	70	63.33	80.77	76.49	75	72.5	75.39	70.58	63.5	63.33	63.33	63.33	63.12	63.12	59.84	62.2	62.87	62.87	47.78	51	60.1	63.33	60.68	70	84.62	90.89	65	86.05	102.2	110.87	111.6	121.73	158.81	175	158.93	150.05	128.49	118.73	120.28	114.05	111.8	106.94	111.8	108.67	105.01	100	102.2	99.79	95.48	90
2025-10-09	101.03	100.01	88	80.42	88	80.42	80.4	75	83.41	80.42	79.4	72.55	75.2	70	69.22	65	65	65	65	67.32	60.5	64.5	70	78.88	75.84	80.42	89.83	97.02	94	100.01	105.37	108.13	113.01	113.02	112.71	106.36	104.94	103.36	89.83	66.1	58.07	57.42	23	1.1	30.2	11.6	6	2.4	6	5.11	5.1	4.96	10	10	10	7.7	6	6	6	6	5.11	5.11	6	7.7	5.11	6	16.46	21.74	13.83	30.2	57.42	57.68	35.99	58.07	81.23	100.2	93.36	100.19	110.23	120.2	122.29	117.2	111.79	106.55	109.81	104.59	99.54	92.8	101.37	94.94	93.76	90.2	102.72	97.98	89.83	80.42
2025-10-10	98.23	90.01	86.63	81.2	90.89	84.5	83.5	81.17	83.18	79.99	78.8	78	75	72	73.9	70.92	66	66	70.01	77	70.92	77.89	81.75	84.92	86.27	96.88	97	99.78	92.23	100.01	104.96	104.96	111.8	111.73	109.4	96.01	105.18	101.28	90.89	78	60.2	59.75	44.03	30.2	48.57	41	42.1	40.01	42.81	41	44.23	47.59	46.88	39.77	34.4	43.26	32.5	30.2	30.2	40	31.65	44.88	51.31	55	40	49	59.55	60.2	57	75.22	85.48	100	78	92.94	101.76	111.8	105.2	111.8	121.22	121.8	124.39	119	113.99	112.49	111.8	111.43	107.79	101.37	107.83	104.63	101.37	99.9	105.01	101.43	101.37	100.01
2025-10-11	109.02	106.26	106.26	106.24	105.9	105.52	105.28	105.1	105.04	104.8	103	102.4	101.37	101.37	100	101.37	100	100	100	101.37	101.37	101.37	101.8	103	100	101.37	103	105.04	100.28	101	101.37	103	103.96	103	101.37	100.04	106	96.43	77.23	63.1	65.99	63.55	55.63	30.2	40	16.9	10.1	6	5.2	5.01	5	4.31	5	4.44	4.31	4.01	3.52	4.31	4.01	3.52	3.52	3.52	3.52	4.31	3.52	4.31	5.76	16.46	15.88	30.2	57.65	64.2	63.42	77.22	90.61	101	100.52	105.1	109.02	111.76	109.02	109.02	107.5	107.5	111.44	111.26	109.02	107.5	109.02	107.5	106.34	105.1	106.34	105.9	105	101.37
2025-10-12	106.8	105.82	103.8	103.8	103.42	101.37	101.34	101.34	90.1	80	77.5	77.5	77.12	77.12	76.87	76.87	77.5	77.5	77.5	77.5	77.5	77.5	77.5	77.5	76.87	77.14	77.12	77.5	77.33	83.66	78.55	86.36	93.32	86.35	84.3	76.87	83.72	75	67.82	35.76	50.77	30.2	15.11	0.83	3.52	0.83	0.65	0.16	0.65	0.65	0.65	0.65	0.75	1	1.2	1.2	1.72	1.72	1.72	1.72	0.65	0.89	0.92	3.52	1.72	3.52	7.36	16.35	15.11	21.37	40.78	60.41	61	76.5	102.79	105	104.1	108.72	111.79	113	114.78	116.33	114.65	114.78	116.34	116.34	114.78	113	116.13	113.24	113	112.2	111.79	110.87	109.4	106.8
2025-10-13	101.37	101.34	101.34	100	91	95.07	92.58	90.1	85	83.77	82.5	84.25	90.8	91.41	93	93.47	93.47	95.07	95.07	96.67	100	101.34	101.37	105	101.37	105.17	107.57	109.57	113.28	114.36	115.94	117.2	129.29	130.25	129.29	120.82	140.33	118.6	113.28	110	112.47	106.86	101.37	95.07	101.37	92.47	81.48	78.12	78.33	77.07	77.07	76.68	73.47	70.2	70	68	68	68.93	69.1	68.76	60.1	61	65	68.76	68	69.1	70	76.55	65	71.5	86.3	94.25	85.16	101.34	101.37	111.78	117.2	119.24	137.11	154.76	158.18	161.18	165	164	167.29	163.7	160.43	150.53	146.82	128.94	122.84	118.4	116.34	115	114.36	114.36
2025-10-14	117.5	116.53	116.12	115	111.16	109.09	108.49	108.13	107.24	107.24	106.88	106.88	107.09	106.88	106.88	106.88	107.22	107.22	107.22	107.22	107.22	107.22	108.49	111.06	113.21	114.6	116	118.52	118.17	122.94	133.45	131.95	157.78	160.43	158.42	146.82	157.89	120.01	110.78	101.37	113.51	110.82	101.37	96	100.5	86.3	84.34	81.01	79.55	79.42	76.1	72.35	70.1	69.93	65	62	64	66	63.28	60.7	56	60.32	62	68.55	56.95	68	72.91	79.55	72.17	80.07	91.19	104.36	107.46	110.62	114.03	117.2	120.78	134	160.11	165.75	158.18	160.43	161.18	161.02	158.93	155	140	122.84	150	130.25	122.84	117.2	113.94	111.78	110.62	109.2
2025-10-15	118.28	117.8	115.01	113.07	110.24	108.19	107.3	107.3	106.13	105.34	105.34	105	103.86	103.74	103.74	103.74	103.74	103.74	103.74	103.86	105	105.34	107.27	110.24	110	112.94	114.87	117.8	125.4	138.47	149.52	156.2	158.18	160	160.01	154.5	153.6	120.01	109	102.94	103.74	102.94	102.94	92.13	90	86.3	82.5	79.68	78.23	71.2	71.46	71.2	71.2	70.21	66.97	66	67	67	67	66	63.68	66	68	70.1	70	75.1	79.68	79.42	79.68	83.81	100	100	105	110	120.1	132.43	136.91	155.43	172.33	161.42	162.67	161.18	167	161.42	161.18	158.93	146.82	127.97	128.02	121	118.04	113.94	115	113.07	112.36	110.24
2025-10-16	118.8	118.32	117.34	115.01	112	109.9	109.3	107.49	106.29	106.29	106.27	105.53	105	105	105	105	104.9	104.9	105	105.1	105.4	105.53	106.29	109.3	110	113.14	117.34	119.07	118.32	123.8	130	140.33	150.1	157.43	156	148.01	149.52	129.86	112.05	107.63	110.87	107.03	106.74	105.44	94.63	85.35	83.5	80.2	79.68	78.63	77.5	75	74.08	73	73	72.76	71.75	70	70.01	70	70	70	72.5	74.2	74.2	77.5	79.68	83.06	81	101.52	90.99	105	106.62	109.76	121.94	139	139.19	146.25	146.79	157	146.51	149.52	159.68	158.18	152.32	146.82	140.34	127.62	146.25	131	123.8	118.32	119.04	117.34	113.05	111.45
2025-10-17	127.6	125.2	123.01	118.32	115	109.64	107.87	107.44	107.44	106.87	105.84	105.84	105.5	105.04	105.04	105.04	105	105.04	105.04	105.13	105.04	105.84	107.44	109	107.81	112.26	120	125.2	124.8	136.8	138	149.5	158.74	161.35	161	156.51	161.02	133	120	105.04	105.09	105.04	90	97.37	94.94	83.07	81.68	78	80.15	76.62	75.5	74.03	69	62.41	55.26	49.87	53	50	45.01	45.55	31.8	42.84	50.26	55.1	31.53	56.15	67.21	76.3	75.1	82.87	105.84	115.01	104.64	117.76	124.8	135.78	131.33	133.7	138.2	149.52	150	159	161.18	160.43	158.81	154.5	144.01	133.7	136.5	130	125	120	127.52	125.2	120.01	116.13
2025-10-18	127.76	127.28	127.04	120.01	115.8	115.44	112.96	107.38	104.81	103.27	98.5	96.94	104.67	103.59	98.68	98.46	103.78	103.27	102.39	99.93	98.16	96.52	96.95	98.15	100.4	103.59	105.27	106.07	112.14	115	115.44	117.01	120.01	120.01	118.53	115.54	117.85	113.34	101.58	87	106.07	80.5	63.5	51.42	46.1	40	18.27	12.71	10	6	5.76	5.2	5	5	4.31	3.52	3	2.5	1.72	1.72	0.65	0.65	0.83	1.5	0.3	1.5	5	10.01	16.9	47.1	52.87	75	53.5	89.25	113.83	128.24	116.18	117.85	120.01	117.85	126.23	128.7	131.13	128.52	126.23	122.94	118.32	115.44	115.36	113	112.52	111.8	113.24	112.26	107.38	103.78
2025-10-19	96.4	92	81.85	75.92	77.07	74.76	69.62	63.97	73.16	61	51.01	39.89	44	32.33	30.2	30	31.87	30.07	30	29.94	29.68	29.55	29.55	29.55	29.68	29.94	29.68	29.68	30.2	30.2	30.2	31.87	32.33	31.87	31.01	30.2	35.01	30.02	28.15	6	16.79	4.31	2.41	0.01	3.52	1.52	0.99	0.65	0.02	0.01	0	0	0	0	0	0	0	0	0	0	0	0	0	0	0	0	0.01	0.65	0.65	1.72	3.52	7.96	6.58	25.2	41.4	71.63	56.23	64.5	70	75.85	70	74.04	75	69.5	75.92	75	69.5	63	60.15	59.4	55	54.96	51.52	51	47.1	40
2025-10-20	55.12	50	40.1	38.13	29.7	28.5	28.33	27.07	26.42	22.2	26.42	25.6	26.42	26.42	25.5	26.42	26.42	26.42	26.42	26.55	26.68	26.94	27.2	28.33	35.84	43	55.12	70.42	57.56	73.41	82.31	88	87.79	93.53	95.73	94.33	106.03	95.5	80	55.12	58.23	47.7	32.91	15.01	27.87	15.01	10.01	3.52	3.52	3.52	3.52	3.52	3.52	3.52	1.72	2.4	1.72	0.79	0.65	0.05	0.16	0.16	0.16	0.65	0.65	0.65	1.72	3.52	3.52	4.96	13.48	25.11	10	28.33	49.24	73	56.53	80.87	87.8	91	92.8	100	104.31	104.25	104.27	97.45	89.86	80	83	72.99	60.1	52.96	55	48.8	48.52	40.4
2025-10-21	45.8	39.9	31.22	26.87	25.2	25.07	24.68	20	17.16	14	11.17	10	7.96	14	12.23	10	12.92	14	15	14	12.75	15	20	24.42	24.94	26.87	42	47.27	46.76	54.08	70.15	80.87	90.05	93.65	96.5	93.43	104.49	85.59	72	52	56	47	36.1	26.87	25.07	22.2	15.5	14	10.1	6	3.8	3.52	3.52	3.52	3.52	3.52	3.52	3.52	3.01	3	1.72	1.72	1.72	2.2	3.01	3.52	3.52	3.52	3.52	10	16.79	25.2	25.07	37.76	49.28	80	54.08	70.98	86.5	101.68	112	104.99	97.75	90	92.22	83.02	86.37	70.26	92.79	82.38	80	60.1	60.1	54.08	50.39	47.24
2025-10-22	46.87	41.6	32.73	29.19	33.18	30.22	29.57	29.19	29.19	27.27	27.14	26.88	26.49	25.17	23.59	21.96	24.99	22.96	24	25.17	26.75	26.88	27.27	29.4	35.79	41.6	46.74	48.07	47.59	51.93	59.5	66.27	68.5	75	80.56	73.5	60.24	50.35	46.35	25	29.19	16.97	5.11	0.66	3.52	3.52	3.52	3	1.5	0.99	0.8	0.8	0.65	0.65	0.2	0.05	0.05	0.05	0.01	0.01	0.01	0.01	0.01	0.01	0.05	0.16	0.65	0.66	1.72	3.52	3.52	4.96	15.01	26.62	32.8	50.35	47.83	53.51	61	78.2	70.51	71.43	65	59.5	51.93	48.31	42.95	29.57	31.1	25.5	28.94	19.5	34.58	20	18.36	7.05
2025-10-23	14	10	2.47	2.4	3.52	1.99	0.16	0.16	0.66	0.16	0.05	0.01	0	0	0	0	0	0	0	0	0	0	0	0.01	0.16	0.79	3.52	6	6	14	20.46	25.5	21.25	25.1	25.1	22.5	25.33	15.01	10.01	4.97	5	0.74	0.05	0	0.65	0.05	0	0	0	0	0	0	0	0	0	0	0	0	-0.01	-0.01	-0.01	-0.01	-0.01	-0.01	0	-0.01	0	0	0	0.09	3.52	3.6	2.4	10.01	28.46	35.02	54.14	61.28	70	91.62	102.09	111.45	118.32	120	120	120	115	111.15	108.29	105.53	104.91	92.51	92.51	80.56	70.87	64
2025-10-24	106.37	105.57	100	95.47	95.47	93.87	90.67	90.01	89.32	88.4	88.4	88.4	88.01	87.62	87.47	87.47	87.47	87.47	88.01	88.4	88.4	90.01	90.67	93.87	99.01	105.57	107.09	111.91	118.35	122.07	140.09	158.18	158.93	161.18	161.42	161.18	160.1	140.09	120	113.01	108.95	104.54	85	76.28	74.04	67.5	59.5	49	47.91	46.07	45.81	45.1	38.5	30	25	22.08	16.57	16.57	16.46	14.9	12.1	12.6	16.59	22.2	16.79	25	40.03	45.94	47.7	56.87	74.04	82.67	85.96	95	108.95	120	120	120	126.23	140.09	160.43	161.18	164.88	161.18	160.43	158.93	144.55	135.79	120	115.01	111.89	111.87	111.61	107.17	100	97.07
2025-10-25	98.89	97.76	97.28	96.41	96.41	95.4	91	89.5	90.65	88.9	86.44	84.86	84.86	84.86	84.86	83.28	95.4	95.4	95.4	95.4	96.05	96.05	96.41	97.04	97.28	97.52	98	105.25	105.35	107.44	108.91	110.87	114.11	116.91	119.31	119.31	114.11	110	98	95.4	96.8	95.4	79	66.81	66.68	61.12	53.1	46.27	43.76	35	34.07	30	30.35	30	29.5	26	24	22.2	22.08	16.79	16.68	16.46	16.46	16.46	16.57	16.68	16.79	22.2	26.35	40	55.5	66.32	67.07	83.28	97.04	106.95	107.44	110.88	114.85	119.31	119.31	127.66	131.32	127.66	119.31	117.46	111.96	107.44	110	106.95	105.35	104.55	105.17	100	97.52	96.41
2025-10-26	105.19	96.69	94.4	93.68	90.29	88.4	86.44	84.86	70	61.33	61.12	60	60.1	58.2	57.94	57.94	57.81	57.68	57.42	57.42	57.42	57.42	52.69	57.42	57.68	57.68	46.7	46	45	43.1	42	42	40	36	35.02	35.01	22.2	16.05	11.86	8.93	9.98	6.29	3.52	1.23	3.52	2.8	1.71	0.99	1.93	1.58	1.59	1.58	1.44	1.72	3	3.52	3.52	4.81	5.38	6.2	4.09	6.53	9.86	14	8.71	14.81	20	35.01	30	35.02	58.07	69.68	75	83.28	85.35	88.23	93.49	94.4	95.09	102.69	105.19	105.43	105.43	105.43	104.35	97.17	95.09	94.64	93.92	93.49	93.2	89.41	93.2	89.41	88.4	88.1
2025-10-27	90.92	87.87	85	84.21	77.5	77.5	77.33	77.33	76.87	76.87	76.87	77.12	77.12	77.12	77.12	77.12	77.33	77.5	80	83.57	100.88	101.33	105.44	106.35	107.15	108.56	111.87	114.39	136.57	155.34	158.93	159.86	150.01	127.73	111.96	106.64	105.92	95.02	74.81	65	70	55	42	37.01	32.48	27.02	23.58	22.2	40	28	27.06	24.02	23	22.05	21.02	21.02	20	18.02	20	22.08	24.07	38.35	47.91	60.88	41.7	68.23	76.87	96.25	105.92	108.75	120	129.87	127	136.57	139.99	150.43	138.08	138.83	150	154.13	153.24	158.93	158.93	157.43	150.01	144	131.79	125	120.55	115	112.42	111.14	109.56	107.15	106.64	106.35
2025-10-28	108.64	108.4	108.16	107.92	107.37	107.2	105	103.5	106.39	105.59	105	105	104.79	104.33	103.99	103.99	103.99	103.99	104.4	104.79	95	96.28	100	107.2	107.44	108.4	110.45	114.56	117.47	122	123.24	123.23	122.19	114.56	109.33	101.23	107.37	106.06	103.99	84.33	84.5	81.09	70.2	65	65	60	63.1	60	60	60	60	60	60	62	65	67	68	70	72.42	72.81	70	72.68	73.07	84.12	85	100	103.23	107.2	107.37	108.16	112	116.14	122.19	126.02	128.96	135	126.02	128.96	128.96	136.57	143.97	143.94	143.94	137.12	141.14	133	126.02	120	116.14	112.26	109.25	107.68	107.92	107.68	106.39	104.79
2025-10-29	92.05	90.01	88	85.01	87.51	84.5	82.76	82.51	80.07	80.01	80.01	80.01	78.86	77.15	74.99	74.99	77.27	77	80	80.01	80.07	81.01	83.27	85.01	85	87.04	90	99	105.93	107.68	110.41	109.29	116.49	112.36	109.56	108.4	108.78	105.4	100.88	95	95	90	86.22	85	85.01	82.51	82.51	82.51	83.38	82.51	82.51	82.87	82.59	85.01	85.01	87.86	85.01	87.51	100.2	106.12	95	103.77	106.09	107.2	106.07	107.2	108.4	112.36	113.98	116.49	132	131.73	129.14	135.2	136.66	148.29	144	150.01	156.58	158.93	158.93	160.21	160.21	160.21	157.43	153.78	144	135.2	135.2	128.65	123	117.14	116.19	111.67	108.96	108.16
2025-10-30	121.19	121.16	120.68	120.2	117.59	115.26	110.57	108.73	107	105.99	104.84	103.91	104.23	103.91	103.56	103.18	97.5	95.69	91.99	91.99	89.99	89.23	92.2	99.85	103.3	105.96	110.96	117.59	121.16	122.24	123.04	123.27	122.98	121.4	120.44	111.5	117.59	112	110.6	103.29	82.64	72	51.89	48.94	48.68	44.8	38.81	25	16.79	16.15	16.46	17.16	17.94	18.1	17.1	16.9	16.04	15	15	15.79	16.9	20	22.2	42.71	43.76	52.1	70	87.7	90.5	104.31	119.8	121.64	113.24	118.55	120.69	121.16	121.16	120.45	121.16	122.24	135.01	138.38	137.57	131.94	123.27	122.24	120.69	117	117.47	110.56	107.04	103.91	97.98	96.4	95.2	85
2025-10-31	77.8	72.9	67.34	59	55.5	55.12	54.87	51.93	54.87	51.93	51.2	51.07	50.94	50.81	50.81	50.68	50.55	50.4	50.1	50.55	50.55	50.68	50.81	51.2	55.33	65	71.2	78.44	72.8	78.4	79.16	79.4	79.4	79.16	78.4	65	73.1	59.58	52.1	50.81	50.68	38.9	30	16.79	20.1	19.01	16.46	16.9	14.37	12.6	21.32	20	16.62	16.79	14.54	15.71	15	15	16.01	16.79	16.47	21.25	20	29.27	21.01	41.8	51.07	55.33	51.07	60	72.8	79.4	80	82	84.14	86.79	85.15	89.47	92.5	94.32	94.32	94.32	94.32	92	94.32	91.82	85	80.05	80	79.16	78.4	72.1	78.44	72.8	65.5	57.2
2025-11-01	49.3	47.8	44.3	42.3	32.69	30	20	15	20	20.1	20.1	29.74	30	30	30	30	30	30	30.05	30.3	30.3	32.36	35.05	37.73	44.2	45	50	50	50.94	51.2	52.82	53.03	53.2	52.57	50.81	45	36.11	25.29	20.1	13.48	23.72	18.08	16.4	15	15	15.06	15	14.52	9.5	9	10	14.6	15	15.75	15.75	16.09	15	14.74	15.36	15.75	16.39	17.62	20.1	29.92	16.9	36	41.3	50.68	27.94	50.2	71.92	76.56	78.75	79.96	85	85.88	100	103.57	104.97	104.97	104.94	104.94	104.94	104.94	104.92	104.92	100.5	91.37	85.76	81.75	79.95	76.48	75	73.1	72.16	71.2
2025-11-02	81.86	80.8	71	64.1	60	53.62	51.93	50	40	34.94	30.05	20.1	23.27	15	16.62	11.93	16.79	16.9	16.79	16.68	20.58	16.9	16.79	16.9	27.64	28.26	30.05	33.99	33.99	35	40	40	38.1	26.45	16.79	14	17.87	8.16	3.52	1.2	0.65	0.01	0	0	0	0	0	0	0	0	0	0	0	0	0	0	0	0	0	0	0	0	0	0	0.01	1.2	4.31	15	10.38	20.24	51.93	71.92	72.4	80	81.55	88.01	99	102.18	103.23	108.4	110	110.57	110.96	110.96	113.5	112.44	110.57	110	107.9	102.88	102.18	100	103.23	102.18	96	89.11
2025-11-03	92.1	90.1	87.5	86.14	84.56	83.69	83.64	83.4	83.16	82.98	82.92	82.92	82.68	82.44	82.44	82.68	82.44	82.68	82.98	83.16	83.64	83.69	85.37	91.33	94.97	102.79	105	110.07	118.67	123.89	140.39	149.39	143.19	118.67	105.55	87.51	90.51	82.68	65	45.37	50	37.77	30.05	18.74	28.54	19.14	16.68	15.52	16.79	16.65	16.79	15.73	15.16	12.86	12.87	14	14.25	16.68	19.71	23.84	18.99	25.33	39.72	50.55	45	51.07	72.51	83.4	85.37	103.9	111.82	140.39	118.67	123.27	129	129.19	140.39	150	150.01	150.01	157.15	155.34	150.01	143.19	150	135.01	121.69	115.26	110.5	105	100.24	93.37	96.74	94.5	90	86.14
2025-11-04	80.54	77.64	77.16	76.2	75.8	68.68	67.03	62	68.68	68.68	67.03	65	60.85	58.92	52.92	52.79	50.05	50	50	50.05	50	52	54.79	65	56.51	65	68.68	75	76.92	78	80.54	80.54	87.79	78.96	73.44	50.05	68.68	42	20.3	1.55	19.81	14.71	10.05	10.05	5.79	5	3.83	3.52	4.31	3.6	3.52	3.52	3.52	3.52	3.52	3.52	3.52	3.52	4.31	5	5.11	10	13.15	20.95	8.84	16.71	31.81	35.54	33.72	48.75	70	77	76.44	77.16	77.38	78.9	81.67	83.69	83.69	85.24	83.69	83.69	83.19	80	80.54	78.96	77.16	75.8	77.38	75.8	70	66.2	52	48	40	34.1
2025-11-05	35.01	30	29.47	29.07	28.81	28.33	21.2	20	20.1	16.79	16.35	15.6	16.46	16.46	12.57	10	7	7	7	7	8.07	14	16.68	16.79	22.12	28.55	29.72	29.93	30.9	35.01	35.02	35.02	39.86	35.01	31.94	29.47	29.21	28.81	16.9	10.21	14.87	10.65	5.11	3.6	4.31	3.52	3.52	3.52	4.39	5.11	5.79	6	5	5	5.05	6	5.79	9.3	10.14	13.79	14.65	15.83	16.35	20.06	20	28.24	28.68	29.72	29.2	33.15	35.02	36.25	35.02	39.86	50	60	59.52	65	69	70	70.2	70.68	70.68	70.44	70.68	70	67	59.52	58.98	49	44.19	39.58	39.78	35.01	35.01	30.1
2025-11-06	20.81	20.55	21.07	20.94	20	16.36	13.71	10.28	20	15.24	14	12.22	14	13.08	10	9.33	9.49	8.71	5.73	7.5	13.73	11.42	19.33	20.81	24.29	30.87	44.65	56.92	62.76	66.03	72.26	78.59	75	65	61.68	43	30	20.55	7.96	1.1	3.52	3.52	3.52	3.52	1.72	0.8	0.65	0.65	0.65	0.65	0.65	0.65	0.65	0.8	1	1	1	1.6	1.72	1.7	2.5	3.52	3.52	3.52	3.6	14.24	20.55	34.2	58.98	64.67	79.73	98.53	96.28	100.41	101.07	106.89	115.75	127.39	115.75	119.44	119.44	114.97	103.23	100.83	96.52	93	93	88.83	89.12	86.57	89.12	85.42	91.64	83.49	74.54	65
2025-11-07	65.55	62.52	57.26	52.52	55.01	54.1	52.86	49.66	54.1	50	49.66	45	42	38.17	35.91	34.73	34.56	33	33	34.46	38	40.67	45.01	49.66	58.98	61.08	63.55	68.33	68.67	79.89	84.76	87.5	98.66	94.92	90	81.99	85	75.59	65	61.8	62.52	60.99	55.68	51.2	51.5	50	50	45.32	50	46.25	50	48.75	43.62	43.5	41.34	43.62	45	50	50.93	54.1	54.1	58.84	61.8	64.67	64.67	74.07	87.52	91.5	84.47	92	96.61	104.12	101.58	104.01	110	112.52	106.94	110	106.67	106.67	103.96	103.96	103.96	100.95	100.07	98.12	95	91.22	87.52	85	85.01	85	80	75	70.55	63.28
2025-11-08	80.68	74.59	63.64	51.43	63.67	54	56.3	51.43	51.91	51.07	50.94	50	50.81	50	45.67	35.63	38.25	35	34.8	34.8	34.8	34.7	35.75	42.7	41.72	47	50	50.68	50.68	50.97	51.01	50.94	51.22	50.68	37.14	15	10	3.52	3.52	0.65	0.01	0	0	0	0	-0.01	-0.01	-0.01	-0.19	-0.45	-0.3	-0.1	-0.01	-0.01	-0.01	-0.01	-0.01	-0.01	-0.01	-0.01	-0.01	-0.01	0	0	0	0.65	3.52	14	38.8	51.43	74.59	83.84	76.31	86.16	90.91	95.92	88.43	90	90	86.92	87.55	84.48	82.94	81.47	80.13	79.72	78.24	75	76.28	74.59	77.8	74.59	76.42	72	72.11	71.52
2025-11-09	78.81	72.11	61.15	59.6	65	62.72	59.9	59.49	60.1	54.67	53.6	53.43	53.6	53.43	53.59	52.81	52.81	52.81	53.43	53.43	55.36	55	55	59.7	62.63	66.99	70.49	70.52	72.11	72.9	77.26	75.01	80.68	72	65.64	53.22	70.53	47.25	30.01	13.94	4.96	3.52	1.55	0.65	0.65	0.65	0.65	0.65	0.65	0.65	0.65	0.75	1.55	1.72	3.52	3.52	3.38	3.52	4.31	5	8.16	10.9	17.3	34.2	31.11	53.2	61.47	81.52	72	78.81	85.53	100.83	85	91.69	98.66	104.67	104.92	106.61	104.92	105.56	112.55	113.29	113.89	111.94	122.94	120.2	110.74	106.61	110	104.67	103.91	97.44	98.66	91.5	85.53	82.21
2025-11-10	91.52	90.8	90	85	85.25	80	76.29	73.27	71.31	69.99	63.78	60.33	60.1	60	59.9	59.7	59.6	59.6	59.7	59.8	60	60	70	77.46	85.96	90.8	91.76	96.3	105.75	109.25	110.91	114.33	121.55	114.33	106.94	103.59	93.84	90.23	65	41.55	51.68	45.08	44.63	35.03	36.18	37	35.03	34.5	40	37	38.85	35.03	35.03	34.2	29	25.77	28.04	32.4	34.2	36.48	40	49	50	52.07	45	56	82.9	96.7	95	106.36	110.61	130	123.22	133.04	135.01	135.01	136.88	137.83	150	150.01	136.88	137.83	136.88	135.93	137.83	135.93	131.66	119.72	113.28	109.25	106.23	99.32	97.8	92.49	93.84	91.76
2025-11-11	93.5	91.84	90.24	89.52	89.76	89.04	88.68	87.1	89.76	89.28	89.04	88.8	89.28	89.04	88.8	88.68	88.68	88.68	88.68	88.8	88.68	87.1	88.68	89.28	88.68	89.04	89.76	91.15	90.26	92.48	98.11	98.63	103.59	98	90	82.14	82.35	69	38.6	14	31.68	14.39	5	1.2	12.64	12.2	10	7.96	11.82	12.42	16.57	11.01	10	10.8	7.96	5.9	3	3.53	5.11	10.9	11	10.2	13.27	16.79	16.79	32.17	44.6	74.46	59.9	76.5	89.76	92.48	91.84	92.95	98	100.33	100.95	102.8	102.56	103.59	103.9	103.9	103.18	99.44	103.59	98.6	92.48	90	91.84	89.76	87.61	82.35	80.82	76.01	65	60
2025-11-12	50	43.27	34	20.31	24.93	17.43	16.43	16.04	17.65	16.6	14.81	14.01	14.54	14.17	11.1	9.22	9.89	8.78	7.3	10.87	14	14.43	14.81	14.68	20.79	34	43.98	51.52	52	53.26	51.94	52.24	60	51.76	44.7	25.37	23.83	14.02	5	3.52	3.52	3.52	1.15	0.16	0.01	0	0	0	1.72	1.5	1.1	1.03	1	0.85	0.65	0.65	0.65	0.66	1.55	1.72	2.41	3.52	3.52	3.52	6.78	14.94	16.43	26.46	31.62	50	50.8	53.26	51.68	53	54.84	61.4	59	62	65	68	71.51	72	71.74	71.03	71.03	70	63.08	58.53	55	52	50.8	50	45	39.7	30.35	18.37
2025-11-13	31.65	24.8	21.62	20	25	22.6	20.82	17.81	17.81	16.9	17.55	16.79	14.6	14	14	14.33	14	13	14	14.6	14.6	16.9	17.55	18.98	19.1	25	35	41.64	42.8	45	47	48.67	54.74	50	50	45.26	47.45	45	43.28	36.39	35.1	34.26	29.6	22.6	22.6	22.22	21.97	20	22.43	22.43	21.97	22.22	21.97	21.97	20	20	20	22.22	22.43	22.6	23.25	25.67	32.85	38.7	35	35	42.1	43.28	42.1	44	45.4	48.67	48.67	50	54.87	62.3	55	54.48	53.01	50	50	50	49.91	46.84	46.31	45.26	43.76	42.8	40	33.45	30	30.05	28.57	24.7	20	17.55
2025-11-14	22.81	22.68	15.2	16.9	22.55	20.9	17.64	16.68	15.05	13.73	10.49	11.64	12.74	10	7.19	5.77	5.33	5.11	5.11	5.71	7.96	9.24	13.38	14.88	12.7	13.66	15.71	22.68	30	38.35	48.1	49.8	50.52	51	50.76	50.04	49.8	40.1	29.7	19.06	27.77	12.09	8.4	10.42	20.15	21.92	16.9	16.79	21	21.84	22.55	18.73	17.74	16.9	16.9	16.79	16.79	20.56	22.81	23.07	22.85	23.2	24.43	25	20.05	21.23	30.01	46.31	38.77	48.1	50.52	52.82	51.24	52.82	55.68	60	60.95	62.02	55.54	53.36	60.21	55.68	52.82	51.26	51.26	50.76	50.04	45.4	45.4	39.22	41.22	39.67	40.1	33.43	30	29.6
2025-11-15	31.5	22.2	21.14	17.11	23.04	19.1	19.51	17.37	18.92	17.37	17.11	17	17.03	17.03	16.9	16.57	16.49	16.46	16.46	16.57	17.08	17.03	17.1	17.2	17.2	18.58	20	22.79	20	19.59	20.61	25	34	34	29.9	25	35.01	30	31.5	18.91	33	21.8	23.98	18.49	19.57	18.07	17.5	17.5	21.1	20.31	24.43	26.33	21.63	24.38	23.77	28.6	25	32	35.01	35.01	35	35.01	35.01	39.37	35.02	39.37	42.65	45.92	40	46.31	50	56.35	55.57	61.5	69.68	73.46	63.37	60.72	56	54.38	51.26	50	46.16	45.68	49.64	46.16	45.44	39.77	44.74	39.77	40.83	39.37	42.99	39.37	36.68	35.02
2025-11-16	45	41.36	29.9	25	33.12	29.8	29.9	25	29.7	24.19	25	24.2	24.2	23.5	23.37	23.24	23.11	22.98	22.85	22.85	22.98	22.98	23.11	23.24	23.82	24	24.72	23.82	28.49	32.1	31	32.72	23.82	23.11	23.5	21.46	23.11	19.25	15	5.96	3.52	3.52	3.52	1.55	0.65	0.16	0.16	0.01	0	0	0	0	0	0.01	0.01	0.01	0.1	0.1	0.16	0.65	1.72	3.52	3.52	5.79	12.14	17.62	20.7	29.8	35.4	49.44	54.12	70	59.46	70.99	75	85	80.8	80.96	83	85	86.68	88.53	95	96.14	100	100	97.69	86.84	85.35	80	74.97	73	73.91	69	60.31	55.35
2025-11-17	85.04	79.7	73.36	72.02	72.17	72.02	69.05	66.94	66.94	66	66	66	65.36	65.36	65.36	65.36	65.36	65.36	66	66.94	70.18	72.02	72.17	83	80.85	87.03	95	104.58	107.98	122.62	135.1	137	154.48	137.95	135.1	118.16	104.58	87.03	73.25	64.81	76.03	66	63.16	62.2	63.4	62.1	54	49.24	58.49	53.26	50.83	41.21	40.37	39.85	38.3	37.88	35	38.27	38.09	39.12	39.98	40.24	45.81	60	55.04	63.3	72.17	86.92	79.7	87	98.27	105	105	114.32	115.85	116.1	114.59	112.22	108.72	107.41	107.98	107.4	104.54	95	95	93.37	87.03	85.35	90.62	87.5	87.03	84.72	87.03	83.22	78.39	72
2025-11-18	89.07	83.52	73.38	70	79.7	75.99	74.06	72.02	72.02	72.02	72.02	70.05	72.02	70	68.06	67.62	66.87	66.99	70	70.99	67	66.59	68.65	73.25	81.47	90.9	93.26	96	90.78	102.5	107.98	110.91	113.98	110.91	100.61	88.5	97.54	83	68	55.82	55.3	54.65	37.7	20.44	20	6	14	15.79	5.11	5.11	6	20	19.25	19.25	20	20	20.44	20.44	31.5	30.2	35.5	50	54.65	55.17	56.03	80.75	93.11	101.02	88.5	105.83	108.72	121.2	120.63	129.23	136.83	140.01	135.01	133.05	131.13	133	131.13	135.01	136.38	135.01	147	135.01	130.18	125.5	120	113.99	110.91	105.71	105.71	100.39	93.94	90.99
2025-11-19	122.58	122.34	118.95	113.57	110.04	106.1	103.56	100	97.5	96.99	96.99	96.54	97.22	96.99	96.99	96.44	95.9	95	95	96.44	96.99	96.99	97.22	100.64	109.62	110.37	113.37	119.55	106.1	112.56	118.95	118.95	127.73	120.1	112.56	106.1	111.12	97.22	97.12	92.34	99.26	93.06	92.1	84	85.98	78.14	70.5	65	80.56	66.82	70.5	65.97	70.5	66.85	67.3	63.32	63.32	70	66.96	75.96	73.25	79.73	84.57	91.33	82.34	85.3	92.34	98.4	98.71	110.37	122.42	125.47	115.74	118.95	122.69	122.69	120.92	122.69	124.89	127.73	130.01	130.01	129.24	127.73	122.94	118.95	112.4	103.74	112.56	106.12	101.68	96.26	106.1	97.5	95	88.12
2025-11-20	89	88.71	81.41	75	78.36	76.59	75.01	73.02	76.02	75	73.36	72.35	73.36	73.25	71.76	71.29	70	70	73.37	78.12	80.28	82.23	83.63	88.02	88.92	89.9	96.24	103.74	103.32	105.44	106.72	110.22	127.73	124	112.33	105.01	110	100	85	69.2	82	68.82	67.22	62.3	65	64.17	61.68	60	57.3	56.96	55.35	55	50.38	50	45	40	39	35.35	33.66	31.5	35.1	40	50	55.35	64.5	68.5	80.75	95	90	104.4	105.92	111.19	107.56	115.35	120	123.41	122.18	124	125.48	125.88	130.01	130.01	125.48	114.91	107.34	105.98	105.2	104.36	104.36	101.87	102.62	95	100	90	85	82
2025-11-21	83.88	75	69.32	64.5	68.05	67.22	62.9	59.27	67.22	62.9	60	59.27	58.89	58.57	58.44	58.44	58.31	58.05	58.31	58.44	48	50.99	55	57.92	57.79	58.31	59.1	62.8	62.73	68.05	74.9	82.06	84	80	70	61.43	64.64	40.02	6	0.65	0.99	0.01	0	0	0.69	0.16	0.16	0.16	0.82	0.82	0.66	0.7	0.7	0.83	1	0.75	1	1.5	2.4	2.84	4.84	7.96	16.53	30	3.6	30.2	58.31	73.74	60	85	97.63	110.57	103.82	108.66	116.01	125.01	130.01	140.34	159.68	159.68	157.18	143.99	123.98	116.21	106.52	104.56	104.15	102	100.81	100.32	100.32	95.29	97.63	95	90.37	86.06
2025-11-22	95.68	92.23	85.98	84.19	84.4	82.98	77	72.26	84.19	77	72.35	68.25	74	70	68.05	68.05	67.22	67.22	67.22	67.22	67.22	67.22	67.22	67.22	70.6	73.25	74.9	79.13	81.82	84.19	83.53	85.52	85.35	82.35	72	68.05	60.46	40.82	23.43	14	3.52	3.52	0.84	0.65	0.65	0.65	0.65	0.16	0.65	0.65	0.65	0.65	0.65	0.65	0.65	0.66	0.77	0.77	0.8	0.83	0.77	1.72	3.52	5.11	15	39.72	44.9	72	76.45	87.05	95.2	102.3	93.58	98.02	102.3	101.51	105.96	105	102.18	98.18	95	90.64	90.88	88.01	98.7	94.79	90.2	85	95.42	90.97	90.01	84.5	88	83.9	81.4	80
2025-11-23	76.4	75.58	73.91	67.22	69.8	67.22	62.07	50.03	49	43.96	38.5	36	43.96	41.35	37	35.25	34.9	34.6	34.5	34.5	42	41.35	42	43.02	44.3	46.58	49	49.82	60.46	64.06	65.53	66.78	71.98	67.22	50.03	43.02	34.25	22	6	3.52	3.52	1.72	0.66	0.65	0.09	0.01	0	0	0	0	0	0	0	0	0	0	0	0	0	0	0	0	0.47	0.66	1.72	3.52	16.9	34.25	43.96	50.2	67.82	73.25	67.22	68.06	69.74	70	72.98	73.25	73.25	74.56	80.75	80.85	80	75	78.21	74.56	70	67.82	68.06	67.58	67.1	58	50.2	48	40.32	34.5
2025-11-24	35.35	30.54	25	19.5	16.9	14	7.3	5	5	3.6	3.52	3.52	3.52	3.52	3.52	3.52	3.52	3.52	3.52	3.52	3.52	3.52	3.52	3.52	4.96	10.1	16.68	32	40.5	46.82	50	51	58.02	63.1	64	60	51.08	50	47.1	43.35	43.02	40.1	38.57	35.1	34	31.95	30	30	28	28	28	28.5	33.15	34	34.44	35.1	35	39.32	40	40.37	40.37	42.93	46.82	50.9	49	52.97	57.7	63.47	50.9	57.93	67.08	70.82	70.82	71.54	73.98	75.91	72.4	73.98	75.91	77	79.6	83	84.19	81.49	84.19	80.69	75.5	70.58	71.6	71.3	71.6	70.57	70.34	70	62	54.44
2025-11-25	46.35	44	41.11	40.2	41.11	39.82	39.82	38.25	38.25	34.98	26.49	19.63	28.07	25.77	18.18	14	11.29	12.84	19.64	23.05	25	26.81	34.64	40.85	46.35	58	64.43	70.34	70.98	73.25	81.49	85	88.1	87	80.11	73.25	74.14	70.58	47.62	39.82	29.69	14.35	6	3.8	3.52	3.52	3.52	2.4	1.69	0.84	0.66	0.66	0.66	0.66	0.65	0.65	0.65	0.65	0.66	0.66	0.83	2.8	3.52	3.6	4.96	14.35	39.82	51.09	72	87.58	93.8	103.12	93.4	97.03	103.82	105.07	101.79	102	102	102.64	97.03	97.03	97.03	94.02	92.9	91.14	89.23	87.98	90.2	88.06	88.54	87.58	87.58	80	79.6	74.33
2025-11-26	84.98	83.4	74.16	70	73.91	68.05	67.22	66.7	67.22	62.05	60.24	60	66.13	64.05	61.89	60.25	60.73	60.46	61.12	65.65	67.22	67.22	77.51	83.7	71.63	80	84.98	87.58	87.34	90.8	94.98	105.05	107.53	115.29	105.05	90.8	88.3	80	58.5	50	50.67	40.81	27.21	16.46	7.5	5.11	5	3.6	3.6	3.6	3.6	3.52	3.52	3.6	3.6	3.52	3.6	3.6	4	5	7.3	10	16.57	35	45.01	57.72	80	97.1	83.02	92.23	103.82	110.75	106.49	119.46	125.76	130.01	132.34	158.18	150	127.52	146.79	130.01	116.03	106.49	106.49	103.82	98.3	92.23	92.23	90.8	94.27	90.26	94.1	90.9	88.06	82.5
2025-11-27	94.07	91.21	87.81	82.47	86	81.18	80	78.66	78.66	74.49	72.1	70	72.08	68.59	67.47	65.5	66.07	65.38	66.07	68.01	65.37	65.5	70	75	69.32	75.01	80.02	85.5	90.28	95.46	99.53	101.58	104.71	104.34	100.32	90.2	101.58	89.98	80	65.1	67	62.28	50.3	41.9	47.32	46.3	43.8	43.8	45	45	46.3	47.32	50	51.01	54	51.35	51.35	54.96	55.13	60.46	54	62	65	74.33	65.32	80.1	90.2	100.78	88.53	98	104.71	114.99	107.99	122.85	110	118.02	110	118.02	123	125.01	137	145.56	152.29	154.73	170.01	166.6	158.93	128.16	128.17	124.58	105.54	104.71	104.82	104.1	101.58	98.69
2025-11-28	95.6	92.9	90.01	88.28	90.2	88.4	85.51	84.19	92.05	90.8	90	89.98	89.98	88.4	88.79	88.4	88.4	88.4	88.4	89.98	89.98	90.2	93	95.58	95	95.82	97.92	101.17	107	123.14	130.01	154.48	154.48	145.56	128.16	109.47	119.7	104.26	97.92	86.01	96.5	89.98	85.97	79.7	79.7	78.66	76.2	77	78.41	77	78.01	75.97	75	73	70	69	69.21	68	67.98	71	66.02	71.6	76.5	84.78	78	84.61	85	100.53	90.8	99.71	107.92	123.14	115	118.98	122.94	123.14	125.68	127.07	130.01	130.01	142.19	147.49	145.56	137.02	133	128.16	123.14	109.66	109.47	101.17	100	99.71	101.38	100	96.54	98.22
2025-11-29	110.34	106.64	103.82	102.08	102.08	100.3	100.3	95.42	100.32	100.3	96.6	91	100	95	91.52	90.98	85.2	85.17	84.1	84.1	84.1	83.15	82.63	83.15	84.1	84.1	85.2	89	87.46	90.2	92	98	100	95	91.94	88.24	93.54	84.54	79.94	64.2	70.35	64.06	62.11	55	54.3	50.2	49.25	46.48	51.91	50	50.2	50	46	44.14	43.18	44.26	44	46.84	48.85	50.86	51.03	54.44	59.41	62.5	61.72	63.82	75.54	88.24	84.1	92.9	101.4	105	95.82	96.3	99	100	100.05	100.3	100.3	100.32	100.8	100.8	100.32	100.3	102	100.32	100.05	96.06	96.06	95.34	90.98	85.2	91.65	88.42	84.1	82.17
2025-11-30	85.7	79.61	72.1	70	74.54	70	69.5	68.98	69.82	69.37	68.98	65.82	68.98	68.29	66.01	62.33	67.22	66.01	65.6	65	67.87	66.07	65.85	66	66.07	67.51	63.62	63.62	69.37	69.37	69.24	69.5	71.67	71.68	75	77.01	84.61	82.2	75	69.5	69.82	69.37	68.98	63.51	63.32	55.35	54.04	51.91	46	40.1	40	40.1	46	49	50	50.2	49.25	50.2	52.5	54	54	56.3	62.36	69.11	69.5	74.9	85	92	95.46	98.68	100.58	102.37	102.33	104.93	105.29	108.96	106.18	107.63	105.96	107.46	102.29	102	101.06	100.34	100.41	100.05	92.98	90.27	97.56	94.63	92.21	90	90.27	86.78	87.5	86.29
2025-12-01	92.96	90.93	84.19	80	81.53	75.39	74.33	71.88	71	70	71	70	69.9	70	70	70.72	75	75.25	79	80	82.63	84.21	93.04	95.07	95.07	98.98	100.82	103.82	100.82	103.82	109	119.74	125.01	120.47	107	101.54	118.04	100.1	87.92	74.78	88	79.01	70.14	63.32	70	67.9	67.9	67	71.82	70.5	70.5	70.37	69.72	69.72	69	69.85	69.72	69.72	69.98	70.11	70.37	70.5	72.63	80	70.35	82.06	90.2	100	87.44	92.76	98.98	101.3	102.08	104.6	105.8	107	120	123	123.82	125.01	130.35	145.56	145.56	130.01	159.68	145.56	127.27	120.47	123.82	107.07	104.07	101.06	100.58	98.47	94.06	90
2025-12-02	82.54	80.53	78.21	74.82	80.35	78.9	74.99	71.2	75	72.1	71	70.82	70	68.68	68.5	67.91	67.91	67.5	67.91	68.5	67.37	67.91	70	75.13	71.2	78.6	85	89.18	85	88	92.82	95.34	95.07	95.82	95.72	95.34	96.3	95.02	89.16	85.19	90.63	86	83	79.94	86	82.63	81.78	79.64	82.54	80.53	80.53	77.6	78.13	75.13	71.34	71	71	71.2	72.34	75.13	76.35	82.54	85.05	93.9	80.53	85.61	88.75	95.82	95.58	100	122.88	127.27	109.63	125.68	128.17	140.06	127.25	127.27	125.73	125.01	123.82	123.82	120	113.57	113.16	103.75	99.41	96.3	97.98	96.06	95.07	87	95.07	87	85.66	82.98
2025-12-03	92.07	88.98	80.4	78.74	81.21	78.74	78.74	78.74	78.74	76.36	72.47	70.5	70.27	67.72	67.37	67.24	67.24	66.98	67.11	67.24	70.15	71.2	72.47	75.1	71.34	76.56	80.4	83.3	85.4	95	95.58	96.3	103.43	100.86	98.53	96.54	96.4	93.3	78.74	67.07	77.5	70.82	65	56.2	50	40	35	27.55	25.54	20	20	16.99	16.57	16.2	15	14	14	14	15	15.35	16.68	21.6	36.17	50	40.56	65.9	70.82	80.61	76.36	85.05	95.34	96.4	96.54	98.53	104.75	109.92	98.39	100	100.09	98.39	98.39	97.98	96.06	95.1	93.3	93.3	87	81.44	90	86.55	85	80.35	84.84	78.74	75.34	65.26
2025-12-04	70	65.5	56.46	52.34	64	55.37	54.2	50.21	54.9	52.34	45	38.96	50.33	45	40.33	36.5	35.89	32.89	35.86	38.16	42.5	41.77	50	51.72	54.9	56.8	63.85	70.7	70	76.36	80	82.5	85.31	86.53	84	82	84	80	76.82	70.89	73.08	70	63.32	57.5	65.2	59.49	54.91	52.37	52.37	51.98	51.72	50.33	50	50	47.75	44	44	45	50	50.33	51.85	52.24	54.2	54.9	54.9	60	70.7	76.82	71.9	76.82	80.61	87.1	80.85	84	87.1	90.1	87.1	88	90	90.74	90	90	88.68	86.69	86.04	86.78	87.1	81.83	83.9	82	80	75	73.08	67.5	63.32	57.5
2025-12-05	76.08	75.46	74.01	70	70	63.32	60	56.9	56.9	56.52	56.52	56.5	55.41	55.34	55.27	55.27	54.2	54.2	55.2	55.41	56.5	56.63	57.9	66.72	61.88	72.01	74.5	75.94	74.74	77.49	81.31	86	86.74	88.43	89	87.85	87.38	86.43	84.99	80.61	87.85	83.48	80.72	76.08	76.71	75.46	74.74	72.21	72.34	67.99	63.32	57.3	56.52	56.45	55.2	53.5	53.5	54.2	55.27	56.37	60	67	70	74.5	72.34	76.08	80.35	84.37	81.31	83.96	85	87	86.43	87.04	87.3	87.85	82.38	84.94	83	81.68	81.31	80.49	79	75.94	77.76	75	70.43	64.1	70.43	69	69	63.32	61.6	56.63	54.8	52.85
2025-12-06	48.59	35.02	28.85	22.85	23.07	20	22.99	25.3	25.3	18.36	16.9	16.57	16.57	15.99	14	14	14	13.99	12.8	10	10.94	13.42	15.12	15.21	16.68	17.51	17.99	18.3	18.36	23.24	24.22	27.56	19.95	23.09	27.86	29.33	35.01	35.01	25.72	25	32	30	25.01	17.95	20	18.62	16.79	14.98	19.55	17.38	19.91	17.46	16.64	16.57	13.75	14.3	13.96	16.5	17.1	18.88	13.95	16.68	18.08	29.33	20.77	27.6	35.01	38.08	45.95	50.24	52.82	59	54.7	60	61.5	68	62.37	64.06	66	67.36	68.63	70.14	70.64	70.2	71.24	70.24	68.1	65	74.64	70.64	66	56.5	55.16	52.82	51.5	50
2025-12-07	40	37.17	31.12	25	27	26.24	22.75	20	25	25	23.84	17.01	21.01	17.01	16.68	16	14.83	10.9	10.47	7.8	13.69	14	14.51	15.92	16.68	18.82	17.98	20	17.43	18.23	19.31	21	28.19	17.01	17.58	16.9	22.95	16.46	22.59	3.33	16.9	13.67	9.01	4.96	10	7.7	4.96	2.4	1	0.66	0.65	0.66	0.5	0.5	0.5	0.5	0.66	0.66	0.9	1	1	1.8	7.03	8.36	4.96	8.38	17.01	29.97	31.5	46	55.16	67.01	69.22	70.64	75.26	79.41	80.95	82.76	83.5	84.92	88.8	89.7	90	89.86	94	95.01	90.53	85.02	85.02	82.76	79.24	74.19	76.1	71.6	69.7	68.98
2025-12-08	72.02	71.7	71.13	70.5	70.5	68.5	65	58.1	55.53	54.15	50	50	50	50	50	50	47.04	47.04	47.04	48.72	50	50	50.35	50.35	49.03	50	51.65	57.5	62.7	66.82	70.01	70.08	70.08	68.5	60	58	68.5	50.35	35.01	26.96	35.75	29.01	25.5	21.01	24.98	20.3	24.85	21.95	23.01	20	20.68	20	16.46	16.46	11	12.57	13.29	15.4	16.57	16.9	20	24.98	25.24	29.01	20.81	29.41	43.2	64.08	68.5	71.7	75.34	88.68	77.05	82	85	89.17	90.83	90.12	91	92.42	95.87	97	96.5	95.7	100.01	96.14	95.01	90	87.9	83.85	79	75.34	76.7	73.36	71.46	70
2025-12-09	60	57.62	54.7	50.39	50.3	48	45.37	45	45	44.98	44.85	40	44.85	40	37.8	37.25	36.5	36.2	36.5	37.25	38	40	44.98	45.5	50.35	55	57.62	65.06	69.7	79	82.49	87.01	89.17	87.13	85.78	81	83.39	65.01	55.21	45.11	52.57	44.85	32.48	16.68	16.79	14.28	9.6	5.76	11.19	9.38	10.9	13.2	11.52	11.79	10.9	12.21	10.9	16.46	16.79	23	25.01	34.2	44.98	50.5	50.12	60	79.08	89.82	79.94	88.5	97.5	104.83	100	104.83	105.74	106.7	108	116.7	122.37	123.32	124.27	125.68	128.16	127.75	145	130	124.27	121.42	106.94	105.98	104.83	100.01	102.55	95.67	90.35	89.17
2025-12-10	100.01	99.5	97	92	90	89.02	85.91	84.97	86.86	85	85	84.97	82	81	81	83.2	83.08	83.35	84.97	85	85	85.91	89	89.82	89.82	95.01	99.53	101.6	101.08	103.56	112.14	116.22	110.35	115.5	115.98	115.74	112.14	110.35	107	104.6	108.5	105.64	102.09	100.85	102.18	101.08	99.8	99.53	99.5	99.21	97.5	97.5	97.42	97.42	97.42	97.42	97	97.76	99.5	99.53	99.5	100.01	102.09	102.72	101.08	103.93	112.14	116.46	110.35	115.98	116.46	117.94	115.98	116.7	119.98	120.47	116.89	119.98	120.47	122.37	123.32	125.68	125.68	124	123.32	122.37	118	115.98	116.94	115.98	112.14	103.76	102.72	102.35	102.72	101.08
2025-12-11	112.74	105	100.01	96.33	99.38	96.33	91.51	88	96.29	93.52	91.51	88	83.45	82.75	82.59	82.59	81	80.34	80	80.5	81	81.33	82.59	84.15	90	91.51	96.33	102.5	102.5	112.98	115.5	121	119.5	120.27	120.27	114	113.94	113.46	102.5	91	99.8	88.08	79	75.12	82.12	79.54	78	75.4	79	75.9	75.79	75.5	75.11	75.12	75.11	74.72	75	75.11	75.12	75.37	75.24	75.37	78	82.75	77.4	85	98.95	109.7	99.38	112.5	115.5	123.72	105	112.74	113.02	113.22	113.22	113.94	115.65	119.5	124.79	124.79	124.79	123.72	122.94	121.22	115.35	112.5	112.74	104.08	100	96.33	100	96.33	92.65	90
2025-12-12	99.01	96.53	91.64	89	84.21	79.4	77.12	75.5	79.14	77.12	75.5	75.37	75.24	75.24	75.24	75.24	75.24	75.24	75.37	77	77.5	79.41	83.41	88.75	88.51	92.48	96.75	100.01	96.53	100.78	105.08	114.35	116.66	120.33	120.33	119.38	121.28	114.47	105	100	108.5	102.5	100.84	99.87	108.5	103.5	102.01	100.5	101.26	99.87	99.87	99.76	99.01	99.01	98.03	96.53	98.04	99.01	99.64	99.76	91.37	92.5	95.35	98.52	91	95	99.76	103.32	99.87	101.31	108.5	110.51	109.7	111.23	115.33	115.65	110.27	110.03	109.48	108	109.5	109.7	109.1	107.67	109.5	106.46	103.32	100	100	99	95	90.5	96.53	91.51	87.4	77.5
2025-12-13	98.03	95.39	87.5	82	87.5	83.11	78.76	75	75.2	74.12	74.12	74.12	70.1	69.71	69.32	66.65	68.27	65	64.89	64.8	65	65.1	68.94	69.45	69.71	69.84	70.1	72.65	74.12	75	80.76	83.35	83.35	86.76	85.35	84.37	89.96	83.39	76.19	73.61	78.35	72.23	69.84	69.32	69.58	69.32	68.55	63.1	68.42	63.56	66.11	64	60	60	58.72	58.52	57.51	60	61.1	61.32	60	66.65	69.2	69.84	69.32	71.5	78.16	87.5	80.39	89.86	97.5	99.87	96.94	99.7	100	101	96.46	96.46	95.98	96.22	97.5	98.03	98.03	98.03	99.87	99.87	98.03	96.7	100	99.87	98.03	95.01	97	89.86	84.37	80
2025-12-14	97.5	91.92	82.36	75.34	81.67	75.22	74.5	72.84	71.16	70.71	70.5	70.58	70.51	70	68.27	65.06	65.07	65.05	65.05	65.13	63.57	65	65.55	70	70.43	70.58	70.71	71.33	70.71	71.16	74.12	74.12	74.12	74.12	74.12	71.5	76.51	74.12	70.84	67.97	75.2	70.97	68.94	57.29	68.46	60.59	60.01	57.7	63.68	61.09	63.32	61.05	60.65	60.01	57.65	57.7	57.77	60.01	57.7	61.03	57.07	61.57	64.47	70.58	68.95	71.1	74.17	85.35	82.36	90.65	98.5	101	103.32	106.5	106.98	107.08	105	105.5	106.5	106.74	106.74	106.74	106.74	106.5	106.98	106.74	106.5	104	105.5	103.56	100	99.52	100.01	99.87	95.35	84.37
2025-12-15	87	85.47	82.85	78.4	74.5	71.33	70.58	70.5	72.53	70.97	70.71	70.5	70.32	70.17	70	70	65.01	65.01	68.1	70	70.32	70.5	70.16	72.93	74.5	82.36	85.47	90.09	86.9	95.35	100.06	104	105.98	106.46	105.98	105.98	105.74	104.5	100.06	95	102.01	99.4	94.2	86.79	94.8	88.49	85.47	85.47	85.47	84.37	84.37	84.37	85.35	85.47	85.47	85.47	85.73	88.49	95.01	95.58	95.8	99.4	100.06	102.29	97.6	101.38	105.35	113.08	101.5	103.08	105.74	106.7	100	101.5	103.08	105.5	103.55	105.5	105.98	106.7	110	115.98	117.75	116.44	118.33	116.44	109.4	105.98	122.06	107.47	105.98	103.55	105.35	100.06	99.58	90.9
2025-12-16	100.01	97.5	95.39	90	92	86.43	84.37	81.2	84.37	82	80	79.54	79	76.33	75.5	75	74.5	74.5	74.5	74.5	75.1	75.5	76.5	77.42	82.36	86.43	88.24	93.5	88.39	92.96	94	97.33	97.33	99.58	100	100	105.1	102.01	98.27	90.87	100.69	95.35	88.78	85.95	91.58	89.28	88.23	88.71	89.08	87.92	88.86	88.14	85.73	86.43	85	86.43	85.35	87.3	90.5	90.8	88.09	95.35	97.33	102.08	90.67	97.33	102.08	107.61	97.5	105	108.17	120.24	106.68	119.47	128.63	134.83	130.46	140.78	131.17	129.25	124.27	122.48	108.24	106.5	105.13	105.35	100.44	97.33	99	95.01	94.26	86.44	92	86.43	82.35	79
2025-12-17	86.76	84	82	79.78	85	82.82	81.62	79.61	84	81.62	80.83	78.4	77.97	77.71	77.45	77	76.12	76.16	76.5	77.32	77.32	77.45	77.97	81.62	93.75	96.03	96.83	105.1	105.1	112.5	116.11	121.58	124.23	133.91	152.58	133.91	125	119.47	109.81	105.1	108.31	100	96.03	89.5	96.03	91.12	88.9	86.61	89.37	86.61	87.99	87.47	86.51	85	82.72	83.27	84	85	86.61	89.33	88	94	96.03	98	97.86	106.68	113.46	122.53	106.5	108.31	113.22	121.58	119.47	124.23	125	128.17	121.45	122.53	124	124.23	138.41	140.34	138.41	127.46	133.91	124.27	122.53	113.22	113.94	113.94	119.47	113.22	113.22	108.1	103.55	97.75
2025-12-18	113.46	112.14	108.7	103.1	104.56	98.53	98.53	96.83	100	98.51	96.83	94	90.01	87.51	87	86.61	85.78	84	83.27	83.95	81.62	83.27	85.35	88.9	88.9	90	95.01	100	91.33	97.5	100.01	105	104.68	107	106.5	103.33	103.1	96.01	89	80	85	79	75.5	65.43	60.88	49.53	40.1	34.2	47.25	40	40	35.4	34.2	31.56	30.13	26	30	30.15	34.2	35.4	49.53	55.44	65.43	73.5	67.1	76.04	81.62	94.4	86.4	96.5	103.4	110.43	98.6	103.1	104.68	108	105.04	108	110.3	111.08	110.43	110.43	112.1	110.43	112.5	110.43	109.13	104.68	103.33	99	97.5	93.5	97.5	95	90	86.4
2025-12-19	93.68	91.51	87.7	85	87.93	86	86.68	85.64	84	84	83.27	82	80.61	81	82	82	81.42	82.27	84	85	85	87.14	88	93.52	93.68	98.61	99.24	105.1	105.1	110.43	114.05	123.23	110.43	112.95	115.5	115.5	114.14	110.43	106.68	105	110.43	106.68	104.09	99.22	110.43	105.1	102.52	100	105.1	105	101.12	102.5	102.2	105	105	105	105	105.35	108.5	110	103.55	105.1	110	112.3	97.91	99.28	105	110	99.22	100.98	105.1	110	110.43	113.02	115.74	115.98	115.74	115.98	116.22	116.44	116.94	118.08	118.08	116.94	116.94	116.73	116.22	112.3	118.08	110.43	110	105	110.43	108.15	105	100
2025-12-20	96.62	96.03	91.77	87.5	87.53	83.86	82	80.63	85	80	75.1	70.42	74.4	70.47	66.82	61.29	69.57	69.14	67.07	64.59	69	67	66.05	66.17	70.6	73.5	74.3	74.4	74.16	74.6	76.32	77.1	78.12	78.5	80	80.38	85	81.09	80.29	76.97	80.4	77.5	75.2	67.01	71.14	67.27	64.84	57.06	63.41	61	60	55	53	50	49	47.47	53	52.55	53	51.51	51.3	53	54.45	60.93	53	62	66.82	73.05	69	74.16	76.84	78.33	73.3	74.5	76.93	81.02	81.23	78.82	75.64	74.45	75	74.16	73.4	70.57	73.5	70.5	68.63	65	73.5	73.6	73.5	72.07	71.48	67.92	67.41	62
2025-12-21	56.13	49.27	47.47	46.26	60	60.65	54	51.1	54	50.97	50.71	50.32	50	47.47	44.5	44.5	44.48	40.91	43.5	41.67	40.92	40.62	41.55	43.75	47.47	47.47	50.32	50.58	51.33	54	55.86	61.7	63	63.1	64.22	64.43	65	64.6	64.6	64.6	64.22	63	61	58	62.5	61.7	60	59	63	62	63.97	63.95	60	58	58.95	57.96	53.55	55	59	58.3	59	59	58.4	61	59.22	63.1	63	65	60	64.22	70.56	74.5	74.33	76.08	76.82	79.24	79.62	81.78	84	83.94	84.28	82.09	80.61	79.05	76.82	76.08	75.18	74.22	80.43	77.58	76.82	72.3	77.18	72.29	69.17	65
2025-12-22	62.45	59.43	52.74	50	50	47.47	44.4	44.14	44.4	44.01	43.75	42.7	40.35	38.15	37	35	25.35	25	25.01	28.98	27.49	34.2	40.03	43.88	50	57.95	59.62	67.06	69.05	76.82	84.6	86.98	86.74	87.46	87.5	87.34	92.82	89.33	87.34	84.18	95.76	89.5	80	74.64	76.82	74	70	69	68.63	67.83	66	64.5	60.47	60	59.6	59.6	59.6	61	63	64.5	63.5	68	70	76.82	74.58	82.6	87.7	94.12	87.7	93.44	98.05	102.06	100.18	102.03	102.04	102.04	99.06	99.29	97.32	96.02	95	93.91	90	88.05	87.5	87.17	85.23	81.22	87.22	85.76	84.73	78.67	85.76	80	75.64	70
2025-12-23	80	74.55	67	62.01	65	61.88	61.73	59.6	62.4	62.01	60.82	60.16	60.16	59.6	58.97	58.97	57.77	55.4	55.4	58.04	59.62	60.33	61.14	62.3	63.99	67	73.73	76.88	74.09	78.91	83.05	87.96	82.6	87.34	88.7	90.02	92.55	90.02	88.31	84.18	90.02	86.45	84.08	80	87.41	84	82.2	80	87.46	83.75	82.99	82.5	83.01	81.06	80.3	80.3	78.07	80.02	81.73	82.86	80.19	83.83	85.76	87.5	80.06	82.95	82.71	85.76	80	84.18	89.85	89.52	87.42	86.5	88.57	87.34	87.1	86.95	86	84.29	89.85	90	90.02	90	90.08	90.02	90	86.18	85.76	82.91	80	76.82	76.82	73.1	67.23	62.14
2025-12-24	79.6	73.7	68	60.5	57	54.01	45.2	38.3	40.35	32.55	26.6	26.6	35	33	29.09	26.6	26.43	26.22	26.22	25.97	25.2	25.2	25.33	25.97	23.01	23.01	25.16	23.01	24.5	34.46	40.27	43.86	57.7	57.9	60	59	60.59	55	52.12	35.01	57	41.17	34.2	26.22	30.77	26.22	25.16	19.41	18.4	18.01	17.88	17.2	16.79	16.9	16.46	16.46	16.68	17.62	17.62	17.88	20.3	23.1	25	26.22	26.43	33	37.33	48.32	35.1	52.9	61.53	65.4	69.94	73.7	74.04	73.7	70	70	70	66.24	68.63	65.4	60.5	58.4	63	59	54.6	45	45.01	45.01	45	40.35	40	38.01	38.01	38.01
2025-12-25	35	37	30.5	30.21	34.1	32.39	30.55	23.59	30.84	26.49	19.45	16.79	16.79	15.57	15.01	13.92	13.06	9.69	10	9.74	13.66	16.42	16.68	17.12	15.39	16.9	24.86	30.2	35	40	37	40	39	43.55	43.88	44.14	43.88	41.19	38.3	32.5	35.2	30.93	31.7	25.03	27	22.63	22.26	25.24	26.77	29	34.88	35.2	30.88	32.05	30	30.98	17.46	20.09	25.35	30	30	34.88	32.5	44.6	47	58.4	69.44	78	76	90.24	93.91	97.9	93.53	94.76	95.01	99.77	91.6	93.47	93	95	95.65	96	100.13	96.34	100.11	100.11	100.11	96.34	94.76	93.18	95	93.06	92.53	91.2	90.53	88.01
2025-12-26	106.45	99.96	91.46	90.53	95.66	91.35	90.74	86.46	90.74	85	83.11	81.48	85	82.89	78.41	74.47	75.1	71.41	72.82	69.91	69.91	71.5	75	75.75	75.37	81	85	89.5	86.82	91	91.7	93.91	91.22	91.94	92.96	95.64	99.73	95.85	91.94	85.23	96	91.22	86.9	82.88	89	85.28	83.71	81.98	83.11	82	81.83	82.31	80	80.68	80.64	80	75	76.11	79.01	80	73.88	76	77.78	84.79	78.95	84.87	85	91.2	85	91.2	95.96	101.69	95.94	100	100.75	103.11	100	100.73	100.38	100.73	107	109.5	113.37	116.44	119.83	113.37	104.22	100.56	100.01	97.5	100.01	96.49	94.36	91.22	91.2	88.27
2025-12-27	101.54	96.5	87.63	83.69	92.02	88.1	87.58	84.61	88.61	82.81	75.78	74.9	74.84	70.23	69.77	69.01	70.02	69.4	69.14	68.88	69.14	68.88	68.88	68.88	69.01	69.01	69.27	69.4	70	70.23	74.9	74.9	84.3	87.5	88.1	87.27	97.41	92.31	87.84	74.9	84.99	76.99	70.23	69.27	70	69.14	69.14	68.75	68.62	68.75	69.01	69.01	69.01	69.01	68.75	69.77	68.88	69.27	69.27	70	69.35	69.4	69.77	71.45	73.91	79.54	84.97	89.49	87.11	88.79	92.74	95.99	92.78	96	99	98.5	95	98.59	100.01	100	91.96	92.57	92	90.53	88.04	87.5	86.5	84.79	85	87.25	88.1	86.16	86.46	82.38	79.54	74.9
2025-12-28	70	65	60.01	55	70	65	60.01	60	55.01	55.01	55	53	50.01	49.6	48.16	47.65	49.99	50.46	53	54	52	53.8	55	60	60.12	65.63	68.72	69.01	69.14	69.69	69.4	73	74.7	78.74	81.69	83.02	90	86.94	81.47	73.58	84.98	82.99	78.74	69.69	70.65	71.17	75.01	72.65	79.86	78.74	79.55	79.09	76.6	77.72	72.95	77.31	74.67	78.74	77.93	81	78.74	81.69	81.69	87.61	81.69	90.32	95.96	97.78	95.93	97.94	98.94	101.41	98.46	100.94	105	107.78	103.68	105.01	106.38	105.76	108.44	107	103.66	100.94	101.08	100.01	99.04	97.74	100.01	98.7	98.22	96.2	97.74	93.69	89.17	81.91
2025-12-29	103.06	100.01	98.5	96.73	95.37	91.23	91.23	87.5	91.23	91.23	89.83	86.73	89.61	87.5	87.5	87.5	87.5	90	91.23	91.23	87.5	91.23	92	97.5	97.54	100.01	102.39	105.22	110.48	114.39	116.13	126.96	123.03	126.96	128.86	129.81	126.59	115.35	109.29	105.01	109.47	105.01	100.36	97.1	98.5	95.35	91.23	88	91.92	88.85	89.63	88.57	90	89.14	88	91.23	90.38	94.27	97.2	98.78	91.29	93.66	97.12	101	96.73	100.01	104.98	109.68	104.5	106.43	114.52	126.59	116.08	126.59	127.73	125	120	125	125.02	130	155	158.93	159.68	158.93	165.5	159.68	140	125	133.51	123.37	116.08	110.48	105.7	105.22	105.01	102.99
2025-12-30	107.74	105.44	103.78	102.2	103.55	100.32	97.5	89.32	92.37	88.35	86.61	82.02	88.35	86.61	84.6	82.36	83.56	82	81.4	81.4	81.4	81.4	82.02	84.6	80.62	80.92	85.99	89.26	82	87.89	93.24	97.29	97.5	100.31	100.31	100.31	104.6	100.34	93.55	81.4	96.73	86.34	81.14	79.47	81.4	80.23	79	76.89	78.97	76.99	76.11	72.55	72.83	74.76	72.18	72.4	70.08	71.53	73.63	76.86	66.73	76.28	79.77	80.62	80.4	82.36	88.34	97.5	89.83	97.5	103.55	107.5	102.2	105	106.01	106.38	106.83	106	105.23	105	105.01	105.36	105.36	105.36	107.98	107.74	105.36	105	107.5	105.5	103.78	102.2	106.94	105	102.58	100.31
2025-12-31	105.01	104.53	99.7	92.37	90.5	86.8	82.73	81.4	83.54	81.06	80.77	80.77	80	76.19	75.03	75.1	75.01	75.01	75.01	75.6	75.05	75.62	78.1	80.77	77.82	82.36	84.9	89.32	86.21	93.4	97.5	103.2	104.71	105.35	106.5	107.18	107.58	105.01	99.7	96.73	104.78	99.76	95	89.8	89.32	86.61	82.06	80	83.3	82	82	84.89	83.1	84.14	85	88.44	83.04	86.61	86.77	93.96	86.58	92.2	95.78	103.1	94.02	103.39	107.58	111.85	108.73	108.5	111	119.85	115.82	125.32	132.58	142.74	130	137.24	137.24	137.24	137.24	133	128.9	125.32	123.08	113.34	109.7	108.5	108.74	107.08	104.78	102.71	105.01	102.71	99.76	96.31
2026-01-01	112.01	110.01	107.05	106.45	104.7	103.98	103.5	102.22	102.22	101.55	98.5	94.9	93.22	88.5	86.43	85.73	83.5	79.5	77.32	75.4	75	70.68	70	70	70.5	70.6	70.6	73.18	75	75	75	75	70	69.02	66.33	66.33	65.24	64.72	61	55.4	62	57.4	55.01	52.01	55	52.01	52.19	52.01	52.01	55	55.01	55.01	55.01	56.2	59.09	60	60.3	61.55	61.76	62	64.12	64.72	64.98	65.87	65.5	71	84	88.67	86.43	90	96.94	101.68	98	100.78	102.2	103.74	103.98	104.5	105	105.36	106.32	106.92	106.94	106.94	106.94	106.94	106.5	105.01	105.5	104.94	103.98	102.2	102.2	100	95	89.52
2026-01-02	87.75	83.96	80	70	68.87	65	61.33	59.5	59.5	59.24	58.98	58.72	58.72	56.2	55.25	55.2	55.01	55.01	55.01	55.01	55.01	55.01	55.25	56.2	58.98	59.37	61	66	69.33	75.5	80.67	82.76	83.02	84.7	84.8	86.93	97.5	93	86.5	80.99	98.97	91.07	84.52	80	90.64	84.7	82.53	80.67	80.67	80	79.99	79.99	71.48	75	75.1	75.99	75	76	79.99	80.67	80.67	82.76	86.58	90.5	89.31	94.34	97.2	100.22	94.46	99.74	100.46	104.66	101.72	102.8	103.73	106.16	102.8	102.8	103.52	103.52	105.76	107.04	108.3	105.35	108.5	108.3	107.7	103.52	108.3	103.5	101.94	100.7	100.46	99.74	96.94	94
2026-01-03	84.34	82.79	78.86	75.48	80.9	77.99	77.95	77.9	79.3	77.37	76.06	74.72	77.77	76.42	75.12	74.2	74.44	73.8	73.8	73.72	74.18	74.24	75.3	77.35	73.46	75.07	77.45	80.31	78.56	77.57	80.33	82.6	87.85	90.35	91.91	92.65	95.35	95.63	94.34	91.04	98.94	95	91.45	87.85	91.95	89	87.85	86.03	87.85	87.06	87.16	87.58	85.85	85.55	86.03	88.99	85.11	88.15	90.7	95.35	90	94.05	97.27	99.02	95	99.7	101.36	104.78	105	106.01	109.44	111.91	103.24	103.24	103.62	105	101.36	101.36	101.36	100	99.78	99.46	98.2	94.67	96.32	92.86	91.72	86.01	95.13	91.66	90	84.8	91.53	86.48	84.8	81
2026-01-04	94.01	89.42	87.02	80.52	74	65.5	62.33	61.87	61.57	60.5	60	58.37	58.24	57.98	57.85	56.2	55.25	54.6	52.18	51.5	51.38	50.34	50	50	52.71	54.6	55	55.25	55.25	56.2	57.72	57.85	57.72	57.72	57.72	57.98	56.2	56.2	56.2	55.25	57.22	56.2	55.25	53.52	58.11	57.98	57.98	57.85	57.98	57.98	58.24	58.24	59	60.35	60.5	60.5	60.5	61.33	61.57	61.57	60.5	60.5	61.16	61.87	60.5	61.57	62.33	66.33	61.87	62.5	70	78	75	80	82.67	85.7	81.88	85	85.7	85.7	87.74	88.22	88.4	88.36	100.25	100.2	97.61	92.65	95	90.14	85.7	81.01	85.7	82.36	77.05	69.94
2026-01-05	94.07	90.01	86.61	82.01	79	72.62	70	65.01	65	62.5	62.33	62.12	62.12	61.87	61.87	61.87	61.87	61.87	61.87	62.12	62.33	62.5	65	67	67	73.5	82	86.61	87.06	93.21	97.5	98.7	98.46	100	105	107.98	110.01	110	108.67	103	110	105.41	102.01	99.94	103.2	101.17	99.94	97.77	97.77	97.74	97.55	97.77	97.98	98.21	97.98	97.98	97.98	97.98	97.98	97.98	96.78	97.5	97.74	98.36	98.22	100	104.01	110.04	104.94	110.01	116.6	128.05	117.84	121.58	124.32	131	115.35	115.86	117.82	118.57	117.24	117.24	117.06	115.35	116.6	114	111.63	109.94	113.37	110.01	110.01	105.41	109	104.77	100.48	98.7
2026-01-06	107.78	105.01	97.94	91.26	89	85	79.2	74	75	69.65	69.01	68.5	69.01	68.33	68.12	67.87	67.87	65.16	64.5	64.37	64.37	64.24	64.24	64.24	63.98	64.11	64.24	64.44	65	67.87	68.33	69	69.01	70	71.36	75	80	68.5	64.11	50	34.42	6	3.78	3.78	1.98	1.63	1.51	1.5	0.92	0.91	0.91	0.92	0.95	1	1	1	1	1	0.99	0.91	0	0	0	0	0.01	4.9	19.46	56.47	67.87	82.4	101.32	109.22	109.22	109.94	110.94	115.65	110.4	113.02	115.66	120	119.03	123.8	118	110.78	117.66	114.77	109.91	107.86	109.94	109.22	107.78	104.72	107.88	102	97.22	86.19
2026-01-07	104.73	100.01	90.67	86.93	95.04	91.81	87.93	86.59	88.2	86.16	86.93	84.78	84.61	82.48	81.63	80.78	81.63	81.58	81.63	83	85.74	85.59	87.98	92	89.04	93.56	98.88	102.17	106.83	108.84	111.46	114.84	111.7	114.91	122.26	117.15	120.58	111.94	110.74	107.17	109.18	105	102.17	99	104.7	102.17	100.04	98.93	97.94	96	95.35	95.3	95	95	94.26	92.98	90	90.31	90.98	91	95	95.4	99.42	102.17	102	104.73	107	110.74	108.2	110.74	115	127.89	129.57	129.01	134.18	147	134.13	135.3	131.33	127.46	122.97	125.65	117.82	112.94	111.36	110.67	109.61	106.83	106.83	104.13	102.17	98.93	97.94	91.13	88.13	84.1
2026-01-08	88.59	86.61	83.14	80.8	85.78	83.45	83.45	81.63	83.45	83.45	81.6	80.22	80.21	79.66	78.37	78	75	73.08	75	74.78	74.94	75.7	80	81.27	71.59	79.96	83.45	89.21	86.59	92.87	98.93	104.61	104.61	107.98	108.65	108.2	105	100	94.18	83.45	86.59	77.1	65.5	64.85	75	70	65.37	65	67.7	65.24	65	65	64.72	64.5	63.75	61.21	60.33	60	60	60	60	63.5	64.85	65.24	65.24	69.33	82.1	90.76	72.5	81.27	90.7	98.93	95	96	100	100.48	99	98.93	99.97	97.05	97.5	96.71	92.32	88	90.32	90.32	86.27	80.15	87.16	81.27	83.2	80.29	82.76	75.96	69.79	65.69
2026-01-09	76.93	66.71	52.5	50.5	49.98	46.4	42.58	38.5	42.58	40.06	35	35.35	30	28.59	20.9	20.68	20	19.54	20	20.46	33	33	35.35	41.63	45	49.98	50.5	52.5	57	70	76	78.01	76.44	78.01	80	80	77	72	65	58.65	65	57.66	50.5	49.85	50.11	46.15	40	34.01	35	27.01	21.55	20.79	20.68	20.33	14	10.01	6	7	7	6	7.96	10.01	17	25	37.5	45	50.5	59.33	52.16	69	78.01	85.95	82	85	86.22	86.94	91.13	92.53	91.05	90.29	90.38	87.4	86.64	85.98	87.53	86.3	83.78	79.41	85.98	83.91	83.18	79.12	81.21	76.76	76.69	74.21
2026-01-10	81.83	76.48	72.13	70.22	73.31	70.55	69.4	67.21	67.69	65.52	64.17	63.5	62.98	62.72	58.16	55.76	55	55	55	55	53.37	53.5	55	55.22	55.5	58.85	66.54	70.66	69.12	65.5	70.2	76.36	76.69	78.77	82.76	83.64	90.41	88.94	82.32	71.59	71.59	65.12	63.24	60	53.32	50.25	45	40	31.78	30	27.01	26.3	28.52	30	30	34.62	34.48	35.35	37.5	40	42.58	45	50.25	55	54.87	60	80	90	87.77	95.12	97.36	104.29	105.01	116.46	123.17	129.52	126.7	129.52	125.36	123.47	115.98	116.18	109.59	107.27	104	101.47	99.94	99.27	100.99	100.34	101.25	99.12	101.76	97.5	97.75	95.78
2026-01-11	108.2	97.72	93.7	87.99	90	86.1	85	81.64	85	81.64	80.1	79.5	84.18	83	81.64	81.64	82	81.64	81.42	81.23	81.64	81.64	82.2	83.47	80.93	81.64	81.64	82.2	81.13	82.46	85.68	87.77	87.02	89.97	92.84	92.67	93.6	87.77	79.33	74.98	75.5	74.98	69.01	58.61	57.69	55	52.18	51.2	50.25	50.25	50.25	51.11	51.2	52.4	53.6	55	55.11	55.3	55	55	53.06	55	59.5	65	65.37	70.99	81.64	89.35	83.5	90.05	95.64	101.36	100.5	101.65	104.22	106.19	102.52	103.31	101.36	101.36	100.99	100.01	97.59	97.5	99.2	97.59	96	93.38	95.12	92.84	92.77	89.35	86.82	81.64	80	75.43
2026-01-12	80	77.76	76.33	75.87	81.95	78.29	76.5	75	75.4	74.37	73.98	68.3	65	63.8	61.62	63.3	60	60	60	60.51	61.23	64.17	70.01	76.14	76.12	79.84	85.26	88.57	90.25	95.8	99	103.5	104.09	105.01	105.01	104.5	116.01	105.01	96.13	88	100	92.84	85.35	79.11	83	79.01	77.1	75.87	76.5	76.33	76.33	76.33	77.1	76.5	77.76	76.12	76.14	77.76	76.5	78.93	68.86	76.14	77.1	82.01	74.72	81.64	90	96.12	92.84	99.16	106.36	113.03	108.5	109.7	119.11	128.64	116.65	118.89	116.26	111	119.46	119.7	119.94	119.46	122.05	119.7	118.74	113.2	108.1	100.01	96.02	92.84	92.04	88.2	85	80
2026-01-13	87.46	85	81.64	79.33	82.48	79.5	79.33	78.83	79.28	78.83	78	77.76	76.37	76.11	75.72	75.35	74.92	73.95	74.36	75.4	76.07	76.24	77	78.87	79.48	83.33	90	94	92	96.76	99.65	101.82	105.01	108.02	108.99	104.29	111.4	102.39	99.09	93.67	101.93	96.74	92.84	88.6	92.15	88.25	86.8	82	80.3	80.72	81.64	80	77.76	77.19	75.1	77	75.35	77.76	79.43	81.64	81.64	86.82	88.6	93.62	85.18	92.84	92.78	98.36	92.17	97.87	104.99	115.99	111.5	112.78	114.36	118.12	113.21	115.94	117.82	120.02	133.88	140	142.07	146.64	151.02	136.9	135	119.3	125	117.82	113.03	112.46	114.82	112.78	107.85	101.84
2026-01-14	109	102.7	100.45	99.78	100.01	99.33	93.33	90.7	90.21	89.63	88.4	87.27	89.5	88.68	88.68	89	88.21	88.71	89.75	91.99	91.2	95.6	99.78	99.33	90.09	99	102.23	110.64	113.43	119.98	126.7	141.1	126.7	135.69	137.46	137.91	149.18	141.1	131.67	123.34	130	122.74	117.77	115.01	116.76	113.43	111.33	109.94	110.35	108.24	108.77	105.8	103.13	101.9	103.02	105.01	102.77	106.28	108.76	110.98	109.74	110.98	111.26	116	111.01	118	128.27	147.29	117.53	125.35	141.64	167.66	141.1	160.31	178.01	184.58	165.58	162.83	150.67	139.88	146.64	150	141.77	137.01	131.67	126.7	122.74	117.05	116.57	105	101.17	96.69	95.55	91.16	90	84.6
2026-01-15	126.59	125.24	114.61	109.74	113.39	107.8	105.14	103.9	105.02	101.74	100.01	98.78	98.84	95.03	93.03	92.41	89.5	87.5	85.79	85.35	85	84	86.51	89.74	94.4	97.46	99	104.73	102.3	111.76	115.35	120.8	113.83	117.5	114.95	112.5	114.06	108.22	103.62	96	107.29	101.74	97.51	87.8	100.39	96.67	92.41	90.1	94.7	92	91.45	90.65	87.8	86.43	86.22	86.22	86.6	89.5	90.7	92.5	87.88	91.43	96.88	101.85	100.01	101.85	105.5	112.76	101.85	109.2	118.28	123.24	113.39	116.38	118.22	118.64	118.89	119.48	121.2	123.32	126.59	131.67	137.01	137.01	138.94	138.89	137.98	136.99	134.94	130.2	126.59	122.84	122.74	116.49	110.69	105.28
2026-01-16	105.5	102.8	100.01	95.37	95.5	95.11	94.85	94.7	95.11	94.85	94.72	94.33	95.11	94.98	94.85	94.85	94.72	94.72	94.72	94.85	94.72	94.85	95.11	97	95.11	97.96	105.5	113.53	112	118.89	126.02	130.59	131.67	132.5	135.21	135	137.78	132.5	127.97	122.86	127.97	116.54	114.77	114	114.77	111.82	109.61	109	109.6	109	109.78	110.98	105.8	108.59	108.54	109.7	108.38	114.2	115.69	126.02	116.08	126.02	126.75	128.66	124.19	127.78	128.66	129.91	131.75	147.22	147.7	163.18	147.46	156.46	163.18	160.44	159.34	154.4	150.08	147.33	141.12	138.56	135.35	133.01	136.74	133.29	130.07	127.97	126.35	126.2	127.78	126.65	128.66	126.85	120.11	114.61
2026-01-17	139.36	136.2	135	131.8	130.88	127.99	124.7	123.63	124.6	123.63	122.07	121.32	120.23	119.99	119.99	119.14	119.14	119.14	119.14	119.14	118.02	119.11	119.11	119.11	119.99	119.99	120	121.43	119.99	121.32	123.65	127.5	123.67	124.47	128.13	130.99	124.53	123.44	120.89	119.05	124.58	120.89	116.88	110.68	120.23	119.14	118.03	114.56	118.02	115.34	118.42	115.01	114.01	112.07	110.89	111.29	111.29	114.06	117.83	120.08	115.01	120.89	122	123.18	119.99	121.96	123.68	131.8	123.68	133.79	140.94	145.5	140.49	140.49	145.61	144.8	141.8	141.05	140.14	140.65	154.91	154.21	156.35	155.43	166.7	162	151.43	138.67	134.19	133.19	129.36	123.68	139.27	136.2	133.19	123.68
2026-01-18	136.53	133.19	131.68	127.09	125.01	121.96	120.01	113.1	119.99	109.17	105.18	104.22	103.83	103	101.73	101.6	102.99	102.62	101.73	101.6	101.43	101.6	102.3	102.99	100.7	101.22	101.22	101.6	100.7	101.22	101.43	103.17	104.9	106.29	108	106.1	114.97	107.11	105.18	102.59	105.31	103.2	101.03	98.1	99.22	100.14	98.35	97.76	98	96.59	96.53	96.3	96.13	96.74	97.2	97.78	98	100.37	102.21	103.41	101.46	103.43	105.43	109.07	101.43	106.75	115.49	120.89	119.55	128.29	135.4	141.3	139.84	143	146.42	151.5	146.79	150	150.92	162	168.17	180	180.48	180.48	180.48	175.03	164.33	146.03	154.3	146.03	136.03	134.36	136.13	133.19	127.15	120.89
2026-01-19	126.35	121.21	117.84	112	117.84	111.7	105.71	104.8	104.9	103.38	100.54	100.01	100.48	100.54	100.21	100.52	99.45	100.22	100.52	100.35	97.7	100.32	101.71	112.01	108.47	123.43	131.18	144.79	142.29	156.36	163.37	172.79	170.17	184.48	177.11	165	183.73	145.93	139.94	134.67	146.28	135.35	128.13	119.4	127.97	122.83	119.4	117.42	120.01	118.04	118.88	120.01	119	120.01	118.89	118.04	111.07	111.64	112.57	112.57	113.14	114.77	115	118.89	114.9	121.66	125	130.76	123.45	130.76	142.29	159.18	150	183.73	198.85	200	193.46	184.5	177.91	170.41	164.54	148.78	145	140.14	139.42	138.78	135.2	127.97	131.94	128	126.47	119.92	122.82	115.08	108.29	104.29
2026-01-20	110.47	108.87	100.87	94.99	105.01	99	97.5	91	95.75	91.16	88	86.34	86.58	86.21	86.34	85.95	85.2	84.55	83.2	82.36	85.52	85.95	86.34	92.27	92.95	90.1	97.5	107.19	105.01	109.56	110.96	114.43	125.4	125.4	123.36	121.26	131.25	121.27	113.03	107.22	109.56	103.9	94.39	85	105.01	96.01	90.67	86.47	95	94.27	94.97	90	86.6	86.21	85.95	85.82	85.95	86.02	86	86.21	85.82	85.95	86.47	89.7	85.95	89.8	89.6	103.14	96.58	108.1	110.01	121.27	116.56	125	126.84	132	126.6	127.57	128	126.84	128	126.84	126.84	126.36	129.76	124.12	119	110.42	110.31	108.94	108.94	105.12	107	100.67	95.1	86.19
2026-01-21	95	92.63	84.8	76.61	89.7	81.06	76.43	71.19	81.06	76	71.19	66.4	69.28	65.17	64.7	64.32	64.6	64.7	64.6	64.6	65	66.4	71.19	76	75.2	82.43	89	91.48	90.54	98.14	98.97	99.34	95	96.96	97.9	98.14	97.66	95.91	92.63	91.31	92.63	91.76	87.8	82.43	87.7	82.43	77.78	75.63	75	71.19	70	66.24	70	70	70	68.07	71.19	75	76.17	77.15	77.57	82	81.06	82.43	76.2	82.43	80.37	85	75	80.35	82.43	89.8	75	76.38	82.43	89.8	89.9	90	92.63	97.9	100	99.1	99.34	98.42	99.1	97.59	95	89.6	97.5	92.63	92.1	90.26	85.1	79.99	80	71
2026-01-22	58.97	50.06	35.35	19.85	39.58	35.3	35	25	50.17	45.76	41.65	40	41.65	35.35	30.17	30.3	26.01	27.2	35	34.34	42.65	35.35	45.53	50.19	35.5	45	51.07	60.98	38	50.17	65.37	71.37	74.2	75.78	76.2	76.2	92	84	77.98	75.3	78.83	76.2	73.33	67.89	60.95	58.92	53.6	53.34	53.47	53.34	53.21	53.21	53.47	53.21	53.34	53.34	53.34	53.47	53.6	59.84	53.6	65	65.37	72	59.5	65.37	74.12	76.2	74.2	75.99	79	85	76.74	80	83.23	82.99	80.5	82.63	83.67	80.5	80	81.75	81.75	80.4	80.5	78.94	76.74	75.54	75.78	72	65.37	50.17	65.37	60	52.82	42.06
2026-01-23	38.99	35.03	32	19.95	25.02	25	25	19.95	21.09	20.79	20.46	19.95	20	16.64	15	12	14	14	15.1	20.46	20.46	20.68	25.02	33.47	33.33	34.82	35.95	37.8	50.37	57.02	60.04	65.73	55.55	57.26	57.5	57.02	56.3	38.99	27.01	4.96	20.05	4.44	1.1	0.83	1.5	0.92	0.92	0.91	0.92	0.91	0.91	0.91	0.92	0.92	0.92	0.92	0.92	1.1	2.44	3.6	0.91	1.1	4.97	10	1.75	6	15.1	35.03	30	35.2	50.55	60	67.69	74.11	85.28	95.49	92	97	105	110	108	112	105.69	102.69	105	105	100	90.99	93.2	86.36	77.77	70	69.94	64	57.5	55
2026-01-24	48.4	47.68	40.32	35.35	39.56	31.09	29.02	20.9	29.02	25.35	20.79	20.57	20.86	20.57	19.79	15.5	19	15	14	14	12	10	10	10.1	6.82	7.2	9	14	15.5	20.57	20.9	29.02	31.09	34	35.23	37	47.2	40.32	33.2	31.1	30.97	30.45	29.02	20.9	20.86	18.64	10	5.01	4.27	3.78	3.78	3.78	3.78	3.78	3.78	3.78	3.78	3.78	3.6	3.6	2.44	3.1	3.6	3.78	3.78	3.78	5	10	10.1	20.79	30.32	33.03	14	28.6	30	35.4	29	30	30	31.09	35.06	35.4	35.4	35.23	40.32	40.32	35.06	30	30	28.9	25.35	15	30	28.7	15	10
2026-01-25	27.6	20.9	19.79	17.82	17.1	16.71	16.32	14	8	5.1	4.96	3.78	3.78	3.78	3.78	3.78	3.78	3.78	3.78	3.78	3.78	3.78	3.78	3.78	3.78	3.78	3.78	3.78	3.78	3.78	3.78	3.78	3.78	3.78	3.78	4.51	3.78	3.78	3.78	3.78	1.98	1.98	0.92	0.91	0.91	0.2	0.16	0.01	0.1	0.03	0.01	0	0	0	0	0	0	0	0	0	0	0	0	0.01	0.01	0.16	0.91	1.2	1.2	3.78	3.78	5.37	19.79	27.92	32.94	35.01	35.01	35.02	35.12	37.86	35.02	35.12	39	36.63	39.67	39.6	35.12	35.02	35.02	35.01	35	32.94	29.78	27.44	19.02	10
2026-01-26	5	3.78	3.78	3.78	3.78	3.78	2.99	1.98	2.4	1.98	1.98	1.33	3.78	3.78	3.78	3.78	3.78	3.78	3.78	3.78	3.78	3.78	5	9.79	3.78	3.78	5.04	14	13.23	24.41	28.2	33.18	44.45	65.89	74.56	74	71.26	65.87	57.92	49	65	58.93	52.35	40.1	59	50.1	45.5	40.4	35.97	32.94	30.4	30	30	30	29.86	29.78	29.86	30	30.61	31.36	31.36	32.94	35.4	40.4	35	39.6	45	54.86	29.78	35	40.4	53.47	40.4	50	58.23	65	70	77.59	81.42	83.2	87.65	90	90	87.2	84.64	83.94	80.31	65	49	37.09	29.86	27.44	35.23	28.4	22.1	13.23
2026-01-27	20.46	20.25	19.9	13.23	7.96	4.96	3.78	3.78	3.78	3.78	3.78	3.78	3.78	3.78	3.78	3.78	3.78	3.78	3.78	3.78	3.78	3.78	3.78	3.78	3.78	3.78	3.78	8.03	3.78	9.69	25.35	31.68	30.2	31.92	34	34.94	34.94	34	32.16	31.44	32	31.44	27.74	15.35	31.78	30.75	27.16	17.84	31.36	28.7	24.41	20.9	25	24.41	20.79	20.68	20.46	20	20.46	20	9.69	10	14.7	20.46	14.7	20.68	28.2	31.78	31.78	38.23	47.42	68.59	45	50	59.49	68.59	75.35	86.02	90	90	97.3	99	97.36	90	85.18	77.34	68.59	47.42	53.92	38.63	31.78	25.42	30.2	15.1	6.09	2.97
2026-01-28	3.78	3.78	3.78	3.78	3.78	3.78	3.78	3.6	2.72	1.98	1.98	1.98	1.98	1.98	1.98	1.98	1.98	1.98	2.97	3.6	2.77	3.78	3.78	3.78	3.78	4.96	14.45	24.2	17.53	26.4	35	50	59	75	77	78.08	95.01	78.61	75	63.94	65	52.06	39.23	30.43	28.86	25.68	20.4	14.71	14.84	14.32	12.04	9.9	12.04	10.22	6	4.1	3.78	3.78	3.78	3.78	3.78	3.78	3.78	3.78	3.78	3.78	7.96	14.32	12.04	20.17	26.4	34.28	30.43	40	55	70	69.74	75	79.11	80	85.1	90	88	82	85.61	83.3	70.5	55	50.6	35	27.36	24.2	24.2	14.71	12.04	4.7
2026-01-29	27.78	25.36	23.44	20.79	20.57	19.26	17.2	15.6	14.1	14	13.84	13.84	13.84	13.71	13.71	13.71	13.58	13.45	13.58	13.58	13.58	13.71	14	20.38	20.79	23.5	27.25	35	35.01	36	63.23	81.49	35.02	40	41.15	40	36	35.02	35.01	35.01	35	34.38	29.36	26.2	29.36	27.78	25.97	24.16	24.89	23.78	23.2	21.47	24.11	23.68	23.2	20.9	20.79	20.68	20.68	20.68	17.2	17.44	18.9	20.46	14	17.03	20.9	24.06	23.92	27.25	34.55	35.01	35.01	35.02	35.02	40	35.01	35.02	35.02	35.02	35.02	35.02	35.02	35.02	35.02	35.01	35.01	33.81	31.59	28.9	25.36	23.44	20.9	14	5.37	4.01
2026-01-30	3	2.71	1.5	0.99	0.99	0.92	0.91	0.91	0.91	0.91	0.8	0.74	0.8	0.7	0.7	0.7	0.5	0.6	0.91	0.91	0.91	0.91	0.92	2.4	1.98	2.71	3.78	3.78	18.44	35	35.01	35.02	35.02	35.02	35.02	35.02	35.01	35	20.9	18.44	19.4	15.4	6	3.78	3.78	3.78	3.6	2.97	2.58	2.45	1.98	1.98	1.5	1.5	1.48	1.34	0.92	1	0.99	1	1	1.44	1.98	2.58	2.58	3	3.78	3.78	1	2.71	10	30	20.6	35	35.01	35.02	36	37	38.23	38.4	38.23	38.4	38.06	36	35.02	35.02	35.01	34	34	19.16	17.2	6	7.96	4.5	2.84	1
2026-01-31	0.03	0	0	0	0	0	-0.01	-0.02	0	0	-0.01	-0.01	-0.01	-0.02	-0.02	-0.02	-0.02	-0.03	-0.03	-0.03	-0.42	-0.42	-0.42	-0.42	-0.35	-0.17	-0.15	-0.1	-0.01	0	0	0	0	0	0	0	0	-0.01	-0.02	-0.42	-0.15	-0.42	-0.42	-0.42	-0.42	-0.42	-0.42	-0.5	-0.5	-0.42	-0.42	-0.42	-0.42	-0.42	-0.42	-0.42	-0.42	-0.42	-0.42	-0.42	-0.42	-0.42	-0.42	-0.42	-0.42	-0.02	0	0	0	0	0.16	1.58	1.98	3.78	14	16.4	25.68	26	30	35	35	35	35	35	35	35	35	35	25.9	25.3	18.2	16.4	14	5.63	3.6	4.4
2026-02-01	3.78	3.78	2.2	1.98	1.5	1.2	0.92	0.91	0.91	0.8	0.45	0.2	0.18	0.16	0.12	0.1	0.1	0.09	0.1	0.1	0.16	0.16	0.3	0.91	0.91	0.92	0.93	1.84	1.98	3.78	3.78	3.78	4.96	8.61	4.96	5.37	10	9.4	10	6.93	3.78	3.78	3.78	2.1	3.78	1.98	1.84	1.8	1.7	1.84	1.84	1.84	1.98	2.1	2.1	2	2	2.1	2.1	1.98	1.84	1.84	1.97	1.98	2.1	3.78	7.96	15.44	25.68	35	35.01	35.02	37	43	110.23	122.15	114.75	122.85	125.85	127.45	130.6	131.8	127.45	118.45	122.15	118.45	111.89	100	60	38.4	35.02	35.01	35	33	25.46	20
2026-02-02	12.4	7.97	5.37	3.78	3.78	3.78	1.98	0.92	0.92	0.91	0.91	0.91	0.5	0.16	0.05	0.01	0.01	0.01	0	0	0.01	0.01	0.16	0.91	0.92	1.98	3.78	4.86	15	25.68	35	35.01	35.01	35.02	35.01	35.01	35.01	35	28.55	25.46	25.44	15	7.84	4.43	3.78	3.78	3.78	1.98	0.92	0.91	0.91	0.83	0.16	0.15	0.01	0.01	0.01	0.01	0.01	0.01	0.01	0.01	0.01	0.03	0.05	0.57	0.91	1.98	1.98	3.78	5.77	25.44	25.68	35	35.01	35.02	36	37	38	42.59	49.45	54.72	54.49	46.75	38.4	38.4	36	35.02	35.01	35	26.16	25.46	9.91	7.58	5.37	3.78
2026-02-03	0.16	0.01	0	0	0	0	0	0	0	0	0	0	0	0	0	0	0	0	0	0	0	0	0	0.5	0.92	3.78	3.78	8.1	33.83	44.02	70	99.6	110.88	109.4	110.01	104.9	111.89	89	55	38.65	35.8	25.46	9.13	3.78	3.78	2.4	1.5	0.91	0.91	0.91	0.91	0.91	0.91	0.91	0.91	0.91	0.57	0.75	0.91	0.91	0.91	0.91	0.91	1.2	1.03	3.78	3.78	6.08	7.97	25.57	36	55	55	85	107.68	121.86	127.5	127.71	126.78	121.7	121.86	118.75	114.99	106.21	105	100.56	96	70	65	38.4	32.4	25.79	21.65	9.91	7.71	5
2026-02-04	10.03	8.97	8.1	5	3.78	3.78	3.78	3.78	3.78	3.78	3.78	3.78	1.98	1.98	1.98	1.6	0.92	0.91	0.5	0.5	0.16	0.16	0.91	1.94	1.98	3.78	3.78	5	25.2	30	35	35.01	35.01	35.02	35.02	35.02	35.02	35.01	35	25.68	25.46	14	10.03	6	8.97	6	5	3.78	3.78	3.78	3.78	3.78	3.78	3.78	3.78	3.78	3.78	3.78	3.78	3.78	3.78	3.78	3.78	3.78	3.78	3.78	5.1	8.71	8.84	10.03	25.2	26.16	30	35	35.01	35.02	40	46.7	54.49	55.38	56.94	64	65.1	62.21	55.2	52	43.73	35.76	35.02	35.01	29.98	25.68	25.2	9.13	5	3.78
2026-02-05	3.78	3.78	3.78	1.98	0.91	0.01	0.01	0	0	0	0	0	0	0	0	0	0	0	0	0	0	0	0	0	0	0.01	0.91	1.98	3.78	3.78	7.96	9.04	14.59	14	10	8.91	6.34	3.78	3.78	3.78	3.78	2.81	1.98	1.2	0.91	0.05	0.01	0	0	0	0	0	0	0	0	-0.01	-0.01	-0.01	-0.05	-0.1	-0.1	-0.1	-0.1	-0.1	-0.05	-0.01	0	0	0	0	0.01	1.34	3.78	3.78	9.17	25.75	35	35	35.01	35.01	35.02	35.02	35.02	35.02	35.01	35.01	35	25.97	14.9	9.04	3.78	2.55	1.98	0.91	0.09	0.01
2026-02-06	0.01	0.01	0	0	0	-0.01	-0.02	-0.03	-0.1	-0.1	-0.14	-0.15	-0.15	-0.15	-0.15	-0.15	-0.15	-0.15	-0.15	-0.1	-0.1	-0.1	-0.03	-0.01	0	0.01	0.16	1.98	3.78	4.28	14	16.64	25.68	30	31.91	26.23	25.46	14	3.78	2.23	1.01	0.5	0.03	0.01	0.01	0	0	0	0	0	0	0	0	0	-0.01	-0.01	-0.01	-0.01	-0.01	-0.01	-0.01	-0.01	0	0	0	0	0	0.01	0.01	0.92	2.84	3.78	10	30	35	35.01	38.3	50	57	60	53.26	50	50	38.47	38	35.02	35.01	35	16.16	10	4.28	3.78	3.78	2.33	1.98	1.98
2026-02-07	0.97	0.16	0.01	0	0	0	0	0	-0.01	-0.02	-0.07	-0.1	-0.1	-0.14	-0.15	-0.15	-0.15	-0.16	-0.17	-0.17	-0.17	-0.17	-0.17	-0.17	-0.15	-0.13	-0.1	-0.07	-0.01	0	0	0	0	0	0	0	0	0	0	-0.01	-0.01	-0.01	-0.05	-0.1	-0.1	-0.1	-0.1	-0.11	-0.1	-0.07	-0.02	-0.01	0	0	0	0	0	0	0.01	0.01	0.01	0.02	0.05	0.91	0.91	1.5	1.78	1.98	3.78	3.78	3.78	14	15.51	25.75	33	35.01	35.02	35.02	36.58	36	35.02	35.5	35.5	35.02	35.02	35.02	35.01	35.01	27.72	25.75	15.99	9.35	4.58	3.78	3.78	3.78
2026-02-08	0.93	0.35	0.16	0.01	0	0	0	0	0	-0.01	-0.01	-0.02	-0.1	-0.1	-0.1	-0.11	-0.1	-0.1	-0.1	-0.1	-0.1	-0.1	-0.05	-0.02	-0.01	0	0	0	0	0	0	0.01	0.01	0	0	0	0	-0.1	-0.15	-0.6	-0.81	-0.9	-1.01	-2.1	-2.1	-2.1	-2.1	-2.51	-2.1	-2.1	-2.1	-2.1	-2.03	-2	-2	-2	-2.1	-2.03	-2.1	-2.1	-2.1	-2.1	-2.1	-2.01	-2	-1	-0.81	-0.81	-0.45	-0.05	0	0.01	0.5	1.71	3.78	7.57	35	35.01	35.01	35.02	35.6	43.97	45	45	53	45	38.08	35.02	35	30	25	14	11.44	3.78	3.78	3.78
2026-02-09	0.98	0.74	0.16	0.02	0.01	0	0	0	0	0	0	-0.01	-0.01	-0.02	-0.03	-0.03	-0.03	-0.03	-0.01	0	0	0	0	0.01	0.91	3.78	4.28	7.4	35	35.02	38	60	84.66	91	89	79	63.8	35.02	35.01	35	25.46	11.89	7.64	4.28	3.78	3.78	3.34	1.98	0.99	0.91	0.79	0.16	0.16	0.1	0.1	0.02	0.02	0.02	0.03	0.02	0.02	0.04	0.1	0.16	0.16	0.79	0.93	1.98	2.33	3.78	3.78	7.16	20	34	35.01	35.5	86.05	99.99	99.99	93.48	94.93	91.13	90.72	88.8	92.7	82.65	64.04	35.02	34.34	25.57	7.96	5.37	3.78	3.78	0.91	0.25
2026-02-10	0.97	0.79	0.37	0.16	0.16	0.01	0.01	0	0	0	0	0	0	0	0	0	0	0	0	0	0	0	0	0	0	0	0.01	0.11	0.5	2	3.78	4.28	6.2	7.16	6.44	4.96	4.28	3.77	1.5	0.79	3.77	2.5	1.98	1.5	0.98	0.91	0.79	0.55	0.5	0.33	0.24	0.16	0.11	0.11	0.05	0.02	0.01	0.02	0.02	0.02	0.01	0.02	0.08	0.16	0.25	0.37	0.59	0.79	0.91	1.45	2	3.78	3.78	3.78	3.78	6.44	25.57	32.2	35	35	35	35	35	35	30	27.03	14.69	6	3.78	3.77	1.94	0.91	1.98	1	0.65	0.16
2026-02-11	0.01	0.01	0	0	0	0	0	-0.01	-0.1	-0.42	-0.42	-0.42	-0.42	-0.42	-0.42	-0.42	-0.42	-0.42	-0.42	-0.42	-0.42	-0.42	-0.42	-0.01	0	0	0.01	0.34	1.98	3.78	3.78	3.78	3.78	3.78	3.78	3.78	3.78	3.78	3.28	1.5	1.2	0.91	0.91	0.59	0.59	0.34	0.16	0.02	0.01	0.01	0.01	0.01	0	0	0	0	0.01	0.01	0.01	0.03	0.16	0.33	0.34	0.5	0.6	0.79	0.97	1.24	1.98	3.78	3.78	3.78	5.37	7	8	20	25.79	35	35	35	35	35	29	23.5	14	8	7.05	5.37	5	3.78	3.78	3.78	1.98	0.91	0.34	0.01
2026-02-12	0.01	0.01	0	0	0	0	0	-0.01	-0.01	-0.1	-0.42	-0.42	-0.42	-0.42	-0.42	-0.42	-0.42	-0.42	-0.42	-0.42	-0.42	-0.42	-0.02	-0.01	0	0	0	0.01	0.91	1.98	2.33	3.78	3.78	3.78	2.38	1.94	1.69	0.12	0	0	-0.01	-0.42	-0.49	-0.6	-0.81	-0.81	-0.81	-0.81	-0.9	-1	-1	-1	-1	-1	-1	-1	-1	-1	-1	-1	-1	-0.99	-0.99	-0.81	-0.81	-0.81	-0.49	-0.02	-0.01	0	0.29	1.98	3.78	5.29	13.18	22	25.46	35	35	35.01	35	35.01	35	35	34.87	34.27	25.46	22	23	22	22	20	10.54	7.4	7.64	6.2
2026-02-13	3.78	3.78	3.78	2	1.84	0.91	0.6	0.41	0.34	0.15	0.09	0.05	0.1	0.09	0.34	0.47	0.47	0.6	0.65	0.92	0.99	1.84	1.98	3.78	3.78	3.78	6.44	12.93	22	22	25.79	35	31.69	31.69	25.57	22	22	7.64	3.78	3.78	1.98	1.34	0.91	0.34	0.29	0.03	0.01	0	0	0	0	0	0	0	0	0	0	0	0	-0.01	-0.01	-0.01	-0.04	-0.02	-0.04	-0.01	-0.01	0	0	0	0	0.03	0.03	0.92	2	3.78	5.37	6.92	7.64	8.81	10	11.27	11.27	8	7.64	7.16	5.37	3.78	3.78	2.1	1.98	1	0.47	0.05	0.01	0.01
2026-02-14	0.11	0.03	0.01	0	0	0	0	0	0	-0.02	-0.04	-0.06	-0.1	-0.17	-0.42	-0.42	-0.42	-0.42	-0.42	-0.42	-0.42	-0.42	-0.42	-0.42	-0.1	-0.06	-0.04	-0.02	0	0	0	0	0	0	-0.01	-0.1	-0.42	-0.7	-0.81	-1	-2	-2.1	-2.1	-2.51	-3	-3.1	-3.5	-4	-4	-4	-4	-4	-4	-4	-4	-4	-4	-4	-4	-4	-4	-4	-4	-4	-4	-3.1	-3	-2.51	-1.7	-0.95	-0.79	-0.04	0	0.03	2	3.78	7	14	20.1	22	22	22	22	22	22	22	22	22	20	14	10.78	7.5	5.37	4.46	3.78	3.78
2026-02-15	6.4	5.37	3.78	3.78	2.91	1.98	1.1	0.56	0.5	0.29	0.1	0.05	0	0.01	0.01	0	0	0	0	0	0	0	0	0	0.01	0.01	0.01	0.01	0.04	0.1	0.1	0.01	0.01	0	0	-0.01	-0.16	-0.6	-0.81	-0.95	-1	-1	-1.25	-1.5	-1.6	-2.1	-2.1	-2.1	-2.1	-2.1	-2.1	-2.1	-2.1	-2.1	-2.1	-2.1	-2.1	-2.1	-2.1	-2.51	-2.51	-2.51	-2.51	-2.1	-2.1	-2.1	-1.6	-1	-0.81	-0.77	-0.29	0	0	0.91	3.67	3.78	8	14	14	14	8.44	8.44	14	11.92	9.66	14	15.37	8	8.44	7	6	3.78	3.78	1.98	1.83	0.09
2026-02-16	0.02	0.01	0	0	0	0	0	0	0	0	-0.01	-0.02	-0.01	-0.01	-0.02	-0.02	-0.03	-0.04	-0.04	-0.02	-0.02	-0.01	0	0	0	0	0.11	1.5	3.78	3.78	9.05	9.77	14	11.34	9.53	4.96	3.78	3.78	0.91	0.14	0.29	0.1	0.01	0	0	0	0	0	0	0	0	-0.01	0	0	-0.01	-0.01	-0.01	0	0	0	0	0	0	0	0	0	0	0.01	0.01	0.16	1.98	3.78	0.16	3	9.77	22	24	24	25.86	27.55	25.45	25.53	24	24	17.34	14	14	10.01	11.82	9.52	10.01	9.29	6	1.98	0.56	0.16
2026-02-17	5.37	3.78	3.78	3.42	3.78	3.42	1.98	1.27	1.27	1.16	0.91	0.56	0.29	0.2	0.1	0.1	0.09	0.09	0.1	0.2	0.92	1.03	1.98	3.78	3.78	4.96	11.58	18.07	24	25.46	35	35	35.01	35.01	35	25.79	24	22	9.52	3.78	3.78	1.5	1.09	0.59	0.35	0.13	0.07	0.01	0.01	0	0	0	0	0	0	0	0	0	0	-0.01	-0.01	-0.01	-0.01	0	0	0	0	0.2	0.8	2	11.58	24	25.65	35.01	79.75	135.77	135.19	133	126.78	124.5	123.1	116.01	111.54	107.2	113.02	107.27	98.05	86.43	90.48	82.29	85.35	76.02	40	35.02	35.01	35.01
2026-02-18	35.02	35.02	35.01	35	35	26.74	25.9	25.68	25.68	24.78	24	24	24	24	23.19	22	22	22	22	20.61	22	22	24	24	24	25.46	25.68	35	35.01	54.9	70.78	78	90	87.17	76	35.02	35.01	25.57	22	12	12	3.78	3.78	3.07	2.62	1.98	1.16	0.91	0.72	0.01	0.01	0.01	0	0	0	0	0	0	0	0	0	0	0	0	0	0.01	0.29	0.72	0.91	1.98	3.53	3.78	1.27	5.37	14	22	24	24	25.9	25.9	25.68	25.79	25.57	25.12	24	24	18.47	13.6	12.45	5.37	3.78	3.07	2.62	1.5	0.92	0.52
2026-02-19	3.78	3.5	2	1.35	0.91	0.27	0.22	0.19	0.03	0.02	0.16	0.01	0	0	0	0	0	0	0	0.01	0.01	0.08	0.42	0.91	0.91	1.98	3.78	3.78	5.08	18.1	19.06	22	22	18.82	8	5	3.78	1.98	0.09	0	-0.01	-0.04	-0.42	-0.48	-0.42	-0.51	-0.6	-0.6	-0.66	-0.74	-0.81	-0.81	-0.81	-0.81	-0.81	-0.81	-0.81	-0.81	-0.81	-0.81	-0.81	-0.81	-0.81	-0.75	-0.6	-0.5	-0.1	-0.01	0	0.01	2	3.84	5.37	23	29.06	35.01	56.57	70.25	85	87.97	86.22	82.84	79.6	76.53	72.84	67.71	63.55	50	58.84	45	46.44	35.02	35.02	35.01	35	28.58
2026-02-20	29.2	25.57	23	22	22.5	22	20.12	16.89	14	13.99	11.82	10	7.85	7.2	6.99	6.99	6.89	6.89	6.89	6.89	7.2	7.99	10	14	20.12	23	23	30	32.36	51.7	76.5	85	85	70.58	33.94	27.62	22	5.37	2.41	0	0	-0.01	-0.1	-0.5	-0.51	-0.6	-0.81	-0.81	-0.81	-0.9	-0.99	-1	-1	-0.99	-0.99	-1	-1	-0.99	-0.99	-0.99	-1	-1	-0.9	-0.81	-0.6	-0.5	-0.06	-0.01	0	1.94	12.71	23	27.15	43.99	74	91.25	90	93.51	93.66	96.66	97.36	101.06	102.66	101.06	101.06	97.36	96.66	89	74	63.26	56.9	46.11	46.33	38.99	38.58	30.82
2026-02-21	35	35	31.3	30.58	29.99	28.71	26.63	25.68	25.57	24.84	23	23	23	23	23	23	20	20	20.01	20.01	23	23	23	23	25.68	25.9	27.71	30.58	29.74	30.82	31.3	34	34.71	30.82	26.4	20	23	11.51	5.26	0.91	1.43	0.91	0.01	0	0	0	0	0	0	0	0	-0.01	0	0	-0.01	-0.01	-0.01	-0.01	-0.01	-0.01	-0.01	-0.01	-0.01	-0.01	0	0	0	0	0	0.91	7.2	23	25.79	35	40	84.34	82.23	91.72	99.12	102.17	99.12	102.16	102.16	102.16	102.15	102.15	99	90	84.78	74.03	60	45	40	36	35.02	35.01
2026-02-22	35	35	35	30.2	29.34	28.91	25.68	25	25	23	22	20.79	18.3	15.88	14.89	12	10	9.18	9.18	9.18	9.18	9.18	9.18	9.18	10	10.65	11.4	14.9	18.3	20	20	20	15.74	4.97	3.16	0	3	0.91	0	-0.01	0	-0.01	-0.42	-0.6	-0.5	-0.6	-0.6	-0.66	-0.86	-1	-1	-1	-0.86	-0.81	-0.66	-0.66	-0.6	-0.6	-0.6	-0.6	-0.66	-0.75	-0.6	-0.6	-0.5	-0.06	-0.01	0	-0.01	0.33	5.91	15.47	3.1	18.3	30.3	35.02	48.07	61.66	79	87.52	99.57	99.57	99.57	98.63	99.57	95.48	99.57	81	79	60	49.07	38	36	35.02	35.01	35
2026-02-23	25.9	24.99	23	21.66	21.31	19.8	19.38	18.07	17.94	17.68	17.81	17.02	14	11.99	10.33	10.3	9.23	9.72	10	10.3	17.55	17.68	17.81	19.07	23	23	25	25.9	43	55.2	64.31	77.78	90	70	49.57	33.2	26.98	19.02	6.79	0	0.91	0	0	-0.01	-0.01	-0.3	-0.58	-0.6	-0.6	-1	-1.49	-1.5	-1	-0.81	-1	-1.5	-1	-1	-1	-1.01	-0.99	-0.81	-0.6	-0.6	-0.2	-0.01	0	0.01	3.78	18.87	22	27.61	25.79	48.12	95.44	116.27	112.4	113.53	114.02	140.34	163.16	187.1	187.1	163.16	150	109.73	98.5	84.81	75.7	56	48.57	36.36	40.49	33.25	29.34	23.14
2026-02-24	35.02	35.01	32.97	24.78	24.99	23.25	23	22.34	22.82	22	21.31	19.07	21.7	21.31	19.07	19.07	17.15	17.4	19.61	21.96	21.31	22.34	22.82	23	31.79	35	35.01	43.15	64.42	84	94.47	100	104.99	74	40	35	34.01	22.58	11.94	3.78	0.91	0	0	-0.01	-0.1	-0.42	-0.5	-0.6	-0.66	-0.81	-0.81	-0.81	-0.81	-0.81	-0.81	-0.9	-0.9	-0.9	-0.9	-0.99	-0.99	-0.9	-0.81	-0.81	-0.2	-0.01	0	0	1.94	10.6	19.07	22.9	21.31	35	43.6	92	88	105.07	102.68	96.86	97	85	67.92	50	50	38.19	35.02	35.01	35.01	35	35	32.37	35	33.47	31.85	23.9
2026-02-25	23	21.31	16.07	15.68	16.07	15.68	15.55	10.91	15.68	12.36	10	7.17	8.87	7.57	7.17	6.79	6.09	6.42	8.17	10	7.82	8	11.05	16.07	21.31	23.08	22.9	32.47	43.19	64.4	80	80	96.64	80	55.2	34.96	29.2	21.31	6.79	1	1.03	0	-0.01	-0.2	0	-0.01	-0.2	-0.42	-0.42	-0.6	-0.6	-0.6	-0.81	-0.81	-0.81	-0.81	-0.6	-0.6	-0.5	-0.5	-0.6	-0.5	-0.42	-0.06	0	0	0.91	3.78	5.1	16.07	23	29.3	28.82	40.77	85	113.73	102.05	108.83	104.23	102.65	104.99	105	103.76	102.63	102.63	102.63	97.74	80	80	56.07	45	36.84	36.59	30.78	30.01	25
2026-02-26	33.97	29.94	26.78	24.34	24.82	23.04	23	21.32	22	19.07	14.35	13.78	13.07	11.63	11.2	11.07	11.07	11.07	11.2	13.88	18.18	19.07	20.73	21.83	24.34	25.2	29	34.47	50.39	70.55	80	83	83	65.9	43.64	25.3	24.82	22	10.81	0.91	0	0	-0.2	-0.6	-0.99	-1.81	-2.1	-2.1	-2.1	-2.1	-2.1	-2.1	-2.1	-2.1	-2.1	-2.1	-2.1	-2.1	-2.1	-2.1	-2.1	-2.1	-2.1	-2.1	-1.5	-0.9	-0.6	-0.01	0	1.72	6.99	22	15	25.06	36.1	79.82	82.77	96.64	96.82	101.54	101.53	103.02	103.02	101.53	97.34	96.59	80	65	49.65	37.98	33.97	27.5	25.3	24.34	23	15
2026-02-27	23.06	22.82	22	12.4	12.4	11.54	11.41	8.38	11.98	11.67	11.67	11.15	11.15	11.15	10	9.65	9.37	9.24	10	10.2	11.15	11.28	11.28	11.67	22.31	23	23	23.3	30	35	35.01	35.01	35.01	35	27.36	20	22	13	12.4	10.2	7.58	3.11	0.91	0	0.01	0	0	-0.01	0	0	0	-0.01	0	-0.01	-0.01	-0.01	-0.01	0	0	0	0	0	0.03	0.91	1.97	3.78	6.2	11.67	11.28	11.89	19.87	22.1	22.1	25	35	43.48	51.14	64	66.1	70.46	74	75	74.11	71.23	66	64.47	50	40.78	35.01	35	35	30.18	31.4	24.2	24.2	22.34
2026-02-28	23.75	22.82	13.32	6	9.29	6	7.58	4.29	16.46	7	6	5.53	4.27	4.17	3.96	4.2	3.78	3.46	3.4	3.46	3.78	3.78	3.78	3.96	3.5	3.78	4.4	6.24	3.4	3.78	4.07	4.4	5.63	3.96	3.4	1.46	4.18	2	0.91	0	0.04	0	0	-0.04	0	-0.01	-0.01	-0.06	-0.01	-0.01	-0.01	-0.01	-0.02	-0.01	-0.01	-0.01	-0.02	-0.01	0	0	0	0	0	0	0	0	0.09	0.6	0.03	0.91	3.19	7	3.78	21.1	27.84	35.02	50	80.66	82.01	81.92	77.5	67.17	58.61	52.29	60.5	50.86	54	41.54	50	45	36.5	35.02	35.02	35.01	35.01	35.01
2026-03-01	35.01	35.01	35	24.84	27.25	27.25	35	35	27.25	23.42	23	23	23	23	23	23	23	23	23	23	23	23	23	23	23.9	23.26	23.69	24.84	24	24.5	24	23	23	22	19.82	3.96	4.07	0.91	0	0	0	-0.02	-0.5	-0.81	-1.51	-2	-2.1	-2.1	-2.1	-2.1	-2.1	-2.1	-2.1	-2.1	-2.1	-2.1	-2.1	-2.1	-2.1	-2.1	-2.1	-2.1	-2.1	-2.01	-2.01	-1.51	-1	-0.81	-0.99	-0.6	0	0.25	0	0.99	4.7	22.5	30.06	35	35.01	35.02	35.02	35.02	35.01	35	35	29.14	27.25	24	30.8	23.26	27.25	24.84	24.84	20.06	19.74	7.69
2026-03-02	23	20.01	14	6.5	14	7.01	8.49	6	5.5	5	5.37	5	5	5	5	4.5	4.4	4.4	5	4.26	6	6	7.96	17.53	19.82	20.06	20.3	23	20.44	24	27.25	35	35	27.25	23	14.35	23	20.1	10	4.07	3.78	2.5	1.85	0.91	0.65	0.06	0	0	0	0	0	0	0	0	0	0	0	0	0	0	0.03	0.6	0.91	0.91	1	1.94	2.11	3.78	3.46	3.9	10.01	21.1	15.94	23	35	35.42	37.46	60	76.46	87.52	88.75	87.52	76.46	67.17	62.93	56.17	47.25	37.46	40	36.39	35.02	35.01	35.01	35	27.25	23.49
2026-03-03	35	35	34.8	32.84	32.84	28.3	28.06	27.58	27.1	24	23	23	23	23	23	23	23	23	23	23	23	23	27.1	28.06	27.1	27.82	31.07	34.8	35	35.01	35.02	37.14	36.62	35.02	35.01	30.54	34.2	24	23	10.09	15	5.2	3.78	3.78	3.78	3.78	3.11	2.85	2.73	1.99	1.75	1.2	1.5	1.43	0.91	0.91	1	1.03	1.03	1.09	0.91	0.91	0.91	1	1.98	2.98	3.5	3.78	3.78	4.57	20	23	27.1	34.65	35.02	51.69	65.82	75.99	99.84	106.6	106.6	100.28	87.24	79.27	69.57	67.73	65	47.02	63.58	50.24	56.19	41.64	39.93	35.02	35.01	35
2026-03-04	69.62	59.37	68.31	59	62.28	50	48.08	44.74	45.05	43.67	41.59	39.93	39.93	39.93	38.72	36.93	37.39	37.18	37.39	37.18	37.54	39.93	43.93	49.2	36.93	39.17	45	54.67	69.4	81.92	82.4	82.64	82.64	81.92	72.43	51.86	68.01	50	36.93	30	35.72	30	24	23	22.47	20	16.48	10.14	8.31	7.56	7.56	6.1	7.5	6.48	5	5	7.56	8.09	8.75	14	15	16.37	17.24	22	8.87	16.37	20	23.04	23.9	36.11	45.16	69.62	68.66	82.64	95.92	128.65	159.45	176.25	186.56	185.68	177.13	172	159.29	146.2	117.64	104.07	89.76	81.92	84.01	82.16	83.26	82.4	82.64	80.1	73.22	65
2026-03-05	102.4	101.2	92.15	83.58	87.98	85.2	85.2	83.53	88.02	85.01	84.76	79.4	78.2	75.01	71.62	71.24	74.58	75.1	76.46	78.7	79.84	85	86.97	93.87	102.4	106.54	107.12	130	129.02	145	160	146.5	176.43	149.94	131.08	116.4	129.92	110.99	104.36	100	101.92	97.64	92.15	82	78.26	70	52.5	50	46.27	40.1	39.86	37.39	40	38.98	37.18	36.93	36.37	36.24	39.86	50	37.39	45.43	45.65	61.79	47.59	70.38	77.34	80.01	85	92.15	99.99	105.31	89.38	103.84	145	158.79	162.45	167.08	156.26	148.18	145.83	135	113	109.81	104.36	100	93.87	85	92.15	85.01	85.38	81.44	81.44	78.26	75.1	54
2026-03-06	75	60.03	58.6	54.6	58.6	56.6	54.6	53.05	53.56	52	50.5	49.98	50	45.3	45	36.41	35	34.65	34.7	34.7	34.65	34.7	35	45	40.02	50.1	53.5	56.5	55.2	58.6	60	68.83	78.98	78.98	75	65.83	79	75	63.8	59	73.22	64.05	63	58	73	68.86	58.6	56.6	58.6	57.36	56.6	55	52.94	52	51.35	53.5	50.5	52	48.23	49.98	47.18	50	50.1	51	45	49.98	51	55	45.9	52	56.09	58.6	53.5	58	65	88.49	91.62	97.01	100.1	101.68	102.33	101.92	100.1	100	100.3	100.1	97.26	91.62	93.87	91.8	92.36	85	92.36	85	87	68.83
2026-03-07	84.9	80.1	70.11	65.2	70	65.01	61.43	61.43	63.7	61.43	61.42	59.43	56.02	54.86	54	50.1	50.59	50.59	50.65	50.65	51.17	51.17	55	56.86	55.91	60.62	60.87	62.6	59.38	61.43	59.81	63.7	71.6	66.51	61.43	55.16	62.65	54.86	50.59	47.93	52.45	50.59	43.45	34.65	34.65	34	24.75	23	23	18.46	14	10.52	6.34	3.78	3.78	3.78	7.1	15.05	23	34	34	34	34	34	34	34.5	40	50.78	40.2	50.78	61.09	85.12	84.88	89.19	100	115.5	123.78	133.4	140.33	140.33	134.38	129.34	125	119	114.36	112.01	105.2	100	99.61	94	100	96.38	96.91	90	91.17	88.24
2026-03-08	115.08	107.77	106.74	97.01	101.59	98.73	95.47	95.04	95.04	93.46	92.5	90.3	87.92	85.42	85.22	85.42	85.01	82.11	82.59	82	84	85.01	85.9	83.91	81	85	85.42	85.42	86.5	87.31	87.7	86.4	92.45	85.42	81.27	66.19	80.9	68.43	60.04	54	57.03	36.46	34	22.78	34	23.74	17.82	11.03	16	11.9	12	12	15	17.8	18.16	18.16	18.57	18.46	17.68	18.46	15.57	22.35	23	27	23	34	34	40.08	34	59.2	70.67	85.42	85.42	93.46	135.39	170.79	160.2	150.87	155.14	150	152.99	143.64	137.24	128.25	149.37	148.58	129	118	133.27	122.67	120.04	120.35	125.06	119.28	118.5	110.36
2026-03-09	123.64	115.88	114	108.46	112.6	110.56	109.41	107.73	105	98.56	97	87.85	85	82.13	79.14	75.1	80	80	84.19	85.69	98.56	98.56	105	115.4	115.4	108.5	116.6	120.52	138.76	154.8	167.5	150	200	160.95	140.17	126.07	132.12	125.08	116.6	114.95	120.52	115.64	104.12	96.48	99.7	96.87	92.15	85.3	86.5	84.36	83.65	82	79	79.86	79.18	83.06	72.35	79.86	85	92	87	92.15	93	101	97.14	88.34	98.37	108.55	103.67	115.88	116.12	120.52	115	119.52	140	166.9	167.2	217.77	217.77	205.7	217.77	195.18	200	175.52	183.92	167.5	160	147.78	155.21	145.19	145.69	130	140	133.76	130.37	120
2026-03-10	150.17	141.46	138.3	130.18	135.82	126	126	125.32	128.43	122	120	115.88	110.56	110	107.29	104.7	110	109.54	104.89	107.9	120	116.88	118.35	118.35	128	138.3	140.7	144	146.2	162	173.2	151.94	188.42	173.4	160.25	143.04	150.35	140.46	140.22	125.87	125.01	111.64	111.7	105	107.46	100	98.77	96.54	100	100	100	96.06	95.51	95.3	95	94.91	95.17	96.23	96.54	95.17	100	97.81	100	100	100	100	103.26	115.4	97	106.49	111	120.71	123.15	137.8	156	184.5	180	200	195.05	187.42	238.61	250	250	250	250	250	197.2	184.9	182.05	184.8	175.12	168.98	168.96	160.25	150.35	141.46
2026-03-11	145.75	141.46	139.98	135.5	135.5	126.58	120.51	113.72	125.39	120.51	120.01	115.25	113.93	112	111.1	111	115	114	115.52	120	117.14	120.1	124.5	131.05	118.19	125.05	135.5	138.4	139.5	141.46	148.53	148.06	141.46	138.3	120	100	96.54	90	60	34	57	35.1	24.11	13	27.01	18.24	18.79	15.25	15.25	15.1	15.25	15.25	21.1	18.57	21.83	29.79	24.3	34.55	35.1	38.55	36	35	38	49.76	38	46.86	60	70	62	89.63	96.54	109.51	96.23	120	139.98	160.13	157	161.28	162	172	220.2	250	250	231.59	200.75	184.5	160.62	141.53	150.35	154.29	150.31	141.5	141.5	140.01	135.5	120.52
2026-03-12	106.46	100.11	98.76	96.54	96.16	95.1	93.84	91.86	95.1	95	93.84	93.84	93.84	93.84	93.84	93.16	93.84	93.84	93.84	95	93.16	95	95.3	96.54	95.3	97.01	103.34	105.99	110	110.54	115	114	124.52	107.4	97.1	70.5	89.61	64	35	20	14.59	0.87	0	0	0	0	-0.01	-0.01	0	0	-0.01	-0.01	-0.01	-0.01	-0.01	-0.01	-0.01	-0.01	0	-0.01	-0.01	-0.01	-0.01	0	-0.01	-0.01	0	0.01	0	0.91	12.69	38.49	32.65	80	100	106.7	119.99	125.01	140	144.53	156.46	171.5	180	170.01	160.55	153.16	151.54	142.63	136.86	120.35	110.54	108.99	106.7	105.74	100.11	96.54
2026-03-13	73.01	70	60	47.42	60.1	50.94	50	45	45	40	38.12	38.12	45	40.01	39.7	38.57	38.12	38.12	38.12	39.7	38.12	39.7	40.01	45	38.12	43.34	58.79	65.45	67.5	75	82.43	73.4	81.63	60	33.87	19.92	26.75	8	2.5	0.91	0.91	0.01	0	0	0	-0.01	-0.01	-0.01	-0.02	-0.49	-0.49	-0.49	-0.49	-0.3	-0.49	-0.5	-0.5	-0.49	-0.49	-0.5	-0.49	-0.49	-0.05	-0.01	-0.01	-0.01	0	0	0.01	1	3.78	5	4.85	34.74	70.12	87.15	85.79	95.08	98.5	100.11	98.53	98.53	96.46	91.29	97.81	95.37	90	80.98	84.63	81.79	73.86	61	56.23	46.23	38.12	30
2026-03-14	35.01	35	35	34.2	24.9	22	18.44	14.98	14	10.38	10.17	10.04	10.04	9.91	9.78	7.96	9.78	7.96	6.5	7.01	9.78	9.78	9.78	9.91	10.17	10.17	10.3	10.38	10.59	14	14	12.81	10.3	9.81	5.5	5	5.37	3.78	3.78	1.83	1	0.69	0.01	0	0	0	0	0	0	-0.01	0	0	0	0	0	0	0	0	0	0	0	0	0	0	0	0	0.01	0.92	1.98	3.5	3.78	5.53	3.78	10	15	35	30	35	35.01	35.02	45	45.68	45.92	46.16	45.92	45.92	45.44	45	45	40	35.02	35.02	35.01	35.01	35	30.2
2026-03-15	5.37	4.5	3.78	3.78	3.78	2.15	1.94	1.83	3.78	3.78	3.78	3.78	2	1.98	1.94	1.83	1.66	1	0.91	0.69	0.69	0.69	0.91	0.99	0.91	0.99	0.92	0.92	1.94	1.94	1.94	0.69	1.94	0.01	0	-0.49	-0.02	-0.6	-0.82	-1	-1.51	-1.81	-2	-2	-2.1	-2.1	-2.1	-2.1	-2.1	-2.1	-2.1	-2.1	-2.1	-2.1	-2.1	-2.1	-2.1	-2.1	-2.1	-2.1	-2.1	-2.1	-2.1	-2.1	-2.1	-2.1	-2.1	-2.1	-2	-1	-0.81	-0.02	-0.01	0.69	3.78	14	5.37	15	26.88	30.1	34.18	35	35	35.01	35.01	35.01	35.01	35	35.01	35	35	30.1	28.16	27.68	26.35	21
2026-03-16	10	7	5.37	5	7	6.81	6.81	6	6	5.37	5.37	5	5	4.88	4.88	4.88	4.5	4.77	5	5	4.99	5	6	6.81	6.81	9	14	21.92	27.3	30.46	33.27	30.29	30.2	18	4.88	2	2.83	0.91	0	-0.49	-0.13	-0.6	-0.81	-0.92	-1	-1	-1.01	-1.51	-1.6	-1.81	-1.81	-1.81	-1.51	-1.49	-1.5	-1.49	-1.01	-1	-1	-1	-1	-1	-0.82	-0.81	-0.81	-0.61	-0.25	0	0	0.91	3.78	10	7	32	73.81	128.73	151	180	180	179.85	182.03	180	200	198.89	180.01	165.7	149.34	142.7	139	124.47	124.1	109.46	111.67	98.49	95	82
2026-03-17	130	113	105	86	91	84.5	83.13	80.13	75.07	70	59	51.49	60.85	49.38	48.72	47.91	47.91	47.91	47.91	49	47.91	50.09	65	75	45	59	72.93	88.8	107.85	109.71	109.71	104.23	87.54	60	31.68	5	6	2.06	0.75	0	0	-0.01	-0.02	-0.5	-0.6	-0.81	-0.81	-0.82	-0.82	-1	-1	-1	-1	-1	-1.01	-1.49	-1.49	-1.49	-1.01	-1.48	-1.01	-1	-1	-0.82	-0.82	-0.81	-0.49	-0.01	0	0.01	3.78	9.32	6	31.92	80.13	122.94	115	130	146.2	144.65	145.54	139.89	120.01	112.16	107.36	105	97.43	86	88	66	73.4	52.48	70	46	42.04	34.67
2026-03-18	52.2	45.04	30	23	30.64	25.4	30	25.2	37.28	30.6	37.62	29.65	29.17	28.78	28.91	27.63	28.78	28.2	28.78	29.04	25.49	25.4	28.91	33.8	40.3	45	53.4	68.44	68.08	68.08	68.08	60	60	52.44	40.01	23.29	31.72	25	10.62	3.78	4.78	3.78	2.06	1.43	1.43	0.91	0.01	0	0	0	0	0	-0.01	-0.01	-0.01	-0.01	-0.01	-0.01	-0.01	-0.01	0	0	0	0	0	0	0.91	1.5	0.01	2	4.89	23.23	20	32.76	49.34	61.97	53.4	59.29	68.08	76.13	71.23	75	81.29	80	70.24	68.08	58.49	52.44	52.92	45.04	46.9	40	35.52	25.4	25.2	18.96
2026-03-19	35.01	35	22.84	20	34.2	24.6	25	21.8	24.69	20.3	19.91	17.56	19.52	15	14	11.91	15.91	14	13.07	18.46	20.11	20.3	23	30	20.17	27	35	35	35.02	35.02	40	35.02	35.01	30.98	20.04	5.37	19.52	4.5	3.08	0.25	0.02	0	0	-0.02	0	0	0	-0.01	0	-0.01	-0.01	-0.01	-0.01	-0.01	-0.01	-0.01	-0.01	-0.01	0	0	0	0	0	0	0	0	0.09	1.25	2.83	4.66	10.76	31.73	10.6	35	35.02	46.68	58.46	77.2	85.89	90.64	85.05	88.67	78.69	68.08	70.98	67.72	66.9	49.58	57.24	57.43	68.08	57.3	55	47.16	46.44	43.3
2026-03-20	30.06	29.42	16.32	12.54	31	30	30	26.92	30	24.22	20	19.62	15.47	15.48	16.32	19.62	19.62	19.62	25.14	30	31	34.6	40.05	46.88	36.46	45.3	50.2	51.16	50.92	55.8	62.7	64.69	53.73	51.4	50.44	40.49	50.2	45.3	30	19.65	33.88	24	15.47	4.66	4.99	3.78	3.78	3.34	4.66	3.78	3.78	3.78	1.98	1	1.5	1	1.94	2	1.94	3.08	3.08	2.95	3.29	3.78	5.1	5.78	13.56	19.65	19.65	21.71	45.3	51.4	45.3	50.2	55.79	91.35	87.88	98.92	103.08	105	100.39	97.6	91.35	91.07	87.18	82	82	64.33	78.15	75	85.85	75	85	74	56.84	51.16
2026-03-21	78.35	69	45	40.92	51.08	49.4	55	51.73	53.9	50	43.58	41.4	40.2	40.2	41.16	40.92	41.4	40.92	40.92	41.16	47.68	45	45	47.92	56.56	56.22	55.79	56.84	64.68	56.19	56.83	50	51.96	47.29	41.64	39.88	39.88	29.23	19.04	12.54	18.78	15.13	11.35	10	12.54	10.5	10	9.56	8.67	8	7	5	5	5	5	5	5	5	5	5	4.27	4.24	5	6.35	5	5	7.85	10	11.7	19.3	26.89	39.09	40.92	54.14	79.35	89	77	91.4	100	103.72	86.3	86.3	81.41	77.32	82.79	79.35	76.47	51.97	78	67.36	79	67.76	73.26	59.4	62.17	48.8
2026-03-22	95	82.19	68.11	49.36	76.48	58.53	51.99	45	56.84	45	42.04	39.64	43.45	40	41.35	40	44.85	40.35	40	41.02	39.4	39.16	39.16	39.4	45	44.39	45	45	61.04	46.02	49.6	39.4	56.1	35.88	19.29	12	10.71	3.75	0.8	0	0	-0.01	-0.49	-0.78	-1.51	-2.1	-3.41	-4	-1.51	-1.5	-1.01	-1.5	-3.9	-3.9	-3.3	-3.02	-2.1	-1.19	-0.85	-1	-0.82	-0.82	-0.85	-0.82	-0.82	-0.81	-0.81	-0.6	-0.49	-0.01	0	0.9	0	1.97	15.4	35.88	30.06	39.4	56.67	79.35	73.75	79.35	79.35	76.45	72.24	66.46	55.73	49	41.85	38.92	37.46	28	30.06	18.3	15	12.54
2026-03-23	22.08	19.96	14	11.35	12.54	11.35	11.35	9	9	9	7.96	7.8	9	7.96	10	11.35	9.67	11	11.35	12.54	10	11.35	14	21.29	22.29	27.89	50	60.44	65.27	72.24	72.24	62.46	72.51	60.92	31.63	11.35	5	1.97	0.9	0	0	0	0	0	-0.01	-0.01	-0.02	-0.02	-0.02	-0.02	-0.02	-0.02	-0.01	-0.01	-0.01	-0.01	-0.01	0	0	0	0	0	0	0	0	0.09	0.9	1.2	0.9	2.06	16.32	22.29	6.78	21.83	50.4	75	76.51	100	119.36	134.5	153.16	156.8	142.62	133.02	138	130.17	116.22	99.37	115	102.3	94.34	79.35	72.24	62.46	60.92	60.2
2026-03-24	79.35	70.48	61.04	58.16	58.64	58.16	57.92	57.88	58.03	57.92	57.68	56.84	58.64	58.4	58.4	58.16	57.88	57.88	58.16	58.64	61.04	62.31	66.46	76	76.91	88	92.98	107.8	122.55	120.44	106.58	91.07	80	62.17	54.86	19.5	18.83	11.35	3	0.84	0.84	0	0	0	0	-0.01	-0.01	-0.01	-0.02	-0.05	-0.05	-0.02	-0.01	-0.01	-0.01	-0.01	-0.02	-0.01	0	0	0	0	0	0	0	0	0.2	1.84	2.06	10	22	45	35	57.88	66.73	107.48	108.75	128.59	139.92	133.61	143.94	153.16	155.1	155.1	155.1	152.1	131.64	116.11	119.78	108.75	96.46	89	78.35	63.02	60	58.16
2026-03-25	50.8	44.2	35.02	35.02	35.02	35.02	35.01	35.01	45	40	39.35	35.02	35.02	35.02	35.02	35.02	35.02	35.01	35.01	35.01	35	32.59	35	35	25.64	32.99	35	35.01	35.02	35.01	35	25.64	34.05	15.21	9.29	4.99	2.1	0.84	0	-0.01	0	-0.01	-0.36	-0.5	-0.6	-0.81	-0.81	-0.81	-0.82	-0.82	-0.82	-0.86	-0.82	-0.82	-0.86	-1	-0.86	-0.99	-0.82	-0.82	-0.86	-0.82	-0.82	-0.81	-0.81	-0.6	-0.5	-0.1	0	0	1	2	0.01	4.99	8.83	23.89	22.3	30	35	35.01	35.02	35.02	35.5	35.02	35.02	35.02	35.01	35	35	32.59	25.4	23.88	25.4	24.44	16.32	14
2026-03-26	6.1	5.9	5.2	4	3.78	3.51	3.51	3.51	3.51	3.51	3.51	3.51	3.51	3.51	3.51	3.51	3.51	3.51	3.51	3.51	3	3.51	3.51	3.51	3.51	3.51	3.67	4.99	3.78	3.89	3.51	3.51	3	0.99	0	-0.02	-0.25	-0.81	-0.81	-1	-1.49	-2.01	-2.1	-2.1	-2.1	-2.1	-2.1	-2.5	-2.5	-2.61	-2.76	-2.61	-2.1	-2.1	-2.1	-2.61	-3	-3	-2.67	-2.76	-3.02	-3.02	-3	-2.4	-2.1	-2.1	-2.1	-2.1	-0.82	-0.81	-0.5	-0.01	0	0.85	2.18	4	6.2	13.64	21.6	34.35	35	35	35	35	35	35	30	17.57	20.59	14.46	13.16	12.44	11.3	6.2	5.2	4.99
2026-03-27	5.53	5.41	5.41	5	4.8	3.08	3.08	2.69	3.08	3	2.69	2.5	2.69	2.69	2.69	2.6	2.41	2.41	2.41	2.6	1.8	1.95	2.01	2.69	2.41	3.08	4	5.36	7.51	9.1	5.59	5.28	3.08	1.39	0	-0.01	-0.49	-0.81	-0.82	-1.49	-2.1	-2.1	-2.6	-3.02	-4	-4	-4	-4.5	-5	-5	-5	-5	-5	-5	-5	-5	-5	-5	-5	-5	-5	-5	-5	-4	-4	-3.1	-2.1	-2.1	-0.82	-0.81	-0.49	-0.01	0	1.5	5.41	12.93	11	35	35.01	39.4	52	64.7	66.45	66.45	64.7	60	50	35.02	35.02	35.01	35.01	35	35	34.5	33.58	25.9
2026-03-28	14	11.82	11.1	9.8	9.37	8.72	8.39	7.96	8.72	8.5	8.28	8.17	8.39	8.28	8.17	8.06	8.28	8.17	8.17	8.17	8.72	8.72	8.72	9.37	8.5	8.72	8.72	9.37	5.41	4.68	2.72	1	0.84	0	-0.31	-0.81	-0.82	-1	-1.51	-2.1	-2.1	-2.1	-3	-3.01	-3.5	-4	-4	-4	-4.01	-5	-5	-5	-4.22	-4	-4	-4.01	-5	-5	-5	-5	-5	-5	-5	-5	-5	-5	-4.01	-4	-2.1	-2	-1	-0.81	-0.6	-0.01	0.11	2.72	3.08	5.41	8.5	11.1	10.7	11.34	11.82	12.06	11.82	11.82	11.26	9.5	8.72	6.88	5.41	4.68	2.99	2.72	2.1	2
2026-03-29	5.41	5.41	4.81	3.08	2	1.99	1.94	1.7	2	1.99	1.94	1.7	1.7	1.3	1	0.99	1.95	1.95	1.94	1.94	1.99	1.99	2	2	3.08	3.08	3.08	3.08	5.41	5.41	5	5.41	0.84	0.37	0.01	0	-0.5	-0.82	-1.5	-2.1	-2.1	-3	-4	-4	-5	-5	-5.31	-5.31	-6	-6	-7	-7	-6	-6	-6	-7	-6	-7	-7.01	-7.51	-9	-9	-10	-10	-10	-10	-10	-9.3	-7.51	-7	-5	-4.01	-2.1	-2.1	-1	-0.81	-0.6	-0.01	0.01	3.08	5.41	7.28	9.58	11.66	11.26	14	14	10.83	11.1	10.36	9.82	9.1	9.34	8.99	7.28	6
2026-03-30	8.99	7.96	7.28	7.06	6.27	5.59	5.59	5.41	5.41	5.41	4.81	3.08	3.08	3.08	3.08	2.35	2	2.15	2.42	3.08	3.08	3	5.41	5.41	8.99	10.1	11.08	14	26	35	35.01	35.01	35	28.47	14	9.5	7.28	3.08	0.84	0	0	-0.01	-0.31	-0.6	-0.81	-0.82	-0.82	-1	-1	-1	-1	-1.01	-1	-1.13	-1.5	-1.5	-1.5	-1.5	-1.51	-1.51	-1.51	-2	-2	-2	-1.5	-1.49	-1	-1	-0.86	-0.82	-0.81	-0.6	-0.02	0	0	0.3	0.5	2	7.39	15.57	35.01	37.5	51.2	56.84	74.52	74.52	56.44	50.58	36.5	35.02	35.01	35	27.55	14	11.1	10.36
2026-03-31	11.99	11.06	10.34	9.37	9.37	9	7.5	7.17	7.39	7.17	6.97	7.06	6.66	6	6	5.59	5.41	5.41	5.41	5.41	5.41	5.41	5.41	6.68	5.59	6.82	7.39	9.5	11.3	14	21.78	24.05	11.06	10.1	7.28	5.41	3.08	1	0	-0.01	-0.31	-0.6	-0.81	-1	-1.13	-1.68	-2.1	-2.1	-2.1	-2.1	-2.1	-2.1	-2.1	-2.1	-2.1	-2.1	-2.1	-2.1	-2.1	-2.1	-2.95	-3	-3	-3	-3	-2.8	-2.1	-2.1	-2.1	-2.1	-2	-1.5	-0.81	-0.59	-0.22	0	0	0.84	5.41	11.06	11.26	33.24	35.01	35.02	50.9	51.2	50.85	35.5	35.01	35	35	14	11.99	11.08	10.1	7.5
2026-04-01	9.17	7.49	7.06	5.59	5.41	5.41	5.41	4.57	5.41	5.41	5.41	5	5.41	5.41	5.41	5.41	4.96	4.5	5.41	4.87	5.41	5.41	5.41	5.59	5.41	6.08	7.39	9.34	10.54	13.24	14	14.47	10.08	9.34	5.41	2.42	5.41	1.03	0	-0.01	-0.31	-0.6	-0.81	-1	-1.81	-2.01	-2.1	-2.1	-2.1	-2.1	-2.1	-2.1	-2.1	-2.1	-2.76	-3.01	-4	-3.5	-4	-4	-4	-4	-4	-4	-4	-4	-4	-4	-3	-2.1	-2.1	-2.1	-0.82	-0.81	-0.35	-0.01	0	0.17	3.08	9.1	7.06	10.54	18.19	35.01	35.02	35.02	35.02	35.01	35	15	13.2	10.34	10.53	10	9.1	7.39
2026-04-02	11.06	10.82	10.53	8.5	8.5	7.39	7.17	6	5.59	5.41	5.41	5.41	5.59	5.59	5.41	5.41	5.59	5.41	5.41	5.41	5.41	5.59	5.59	6	5.41	5.41	5.59	7.06	7.39	8.5	9.37	9.37	7.28	5.59	3.08	1.94	1.03	0.1	0	-0.1	-0.52	-0.81	-0.82	-1	-2	-2.1	-2.1	-2.1	-2.1	-3	-3.01	-3.1	-3.1	-3.1	-3.5	-4	-4	-4	-4	-4	-5	-5	-5	-5	-5	-5	-5	-5	-5	-4	-4	-3.01	-1	-0.82	-0.81	-0.32	-0.09	0	0.84	4.28	5.41	10.34	12.66	35	35.01	35.02	35.01	35.01	35	35	19.16	14	12.66	11.06	10.82	10.34
2026-04-03	15.44	14	13.86	12.3	12.28	12.06	11.82	11.34	11.34	11.1	11.1	11.34	12.28	12.06	12.06	12.06	11.82	11.82	12.06	12.06	12.28	12.28	13.02	12.71	12.28	12.3	13.86	14	14	15.9	15.44	16.97	11.82	10.04	5.41	1.1	0.89	0.31	0	-0.5	-0.81	-0.99	-1.5	-2.06	-2.1	-2.1	-2.1	-3	-4	-4	-4	-4	-4	-4	-4	-4	-4	-4.75	-4.75	-5	-5	-5	-5	-5	-5	-5	-5	-5	-4.75	-4	-3.01	-2.1	-1	-0.81	-0.5	0	0	0.84	6	15.44	35	35.02	51.2	76.02	80.9	85.01	79.06	77.52	80	79.02	77.52	76.02	74.21	51.35	51.5	37.5
2026-04-04	33.77	30.21	28.35	23.32	28.35	24.05	22.62	17.56	30.37	29.3	26.28	24.18	26.77	27.59	28.35	29.86	25.5	29.93	30.21	33.26	26.77	30.21	30.79	33.97	30.26	34.97	35	35	35	35.01	35.01	35.01	35.2	35.01	31.51	19.31	28.35	11.17	1.44	0.01	0	-0.23	-0.61	-0.82	-1.07	-2	-2.01	-2.02	-2.1	-2.1	-2.1	-2.1	-2.1	-2.1	-2.1	-2.1	-2.1	-2.1	-2.1	-2.1	-2.1	-2.1	-2.1	-2.1	-3.01	-2.8	-2.1	-2.1	-1.5	-1	-1	-0.61	-0.23	-0.02	0	1.52	4.77	17.77	34.49	38.03	35.01	36	44.05	51.77	75.47	79.02	77.52	76.02	74.52	60.02	55.38	51.05	51.5	47.42	37.89	35.21
2026-04-05	51.05	50	41.79	37	35.02	35.02	35.01	35.01	35.01	35.01	35	35	35.01	35.01	35.01	35	35	35	35	35	35	35	35	35	35	35	35.01	35.01	35.01	35.01	35.01	35.01	35.02	35	31.7	18	7.28	0.84	-0.01	-0.81	-1	-2.01	-2.1	-2.1	-2.1	-3.01	-4	-5	-5.23	-5.68	-6	-6	-5.23	-5.23	-6	-6	-6	-6	-6	-7	-7.51	-7.51	-7.51	-7.51	-7.51	-7.51	-7.51	-7.51	-6.13	-5.98	-3	-2.1	-1.75	-0.81	-0.23	0	0.2	5.41	18.7	35.01	36.5	51.5	55.65	74.52	77.52	79.02	76.02	69	78.88	76	78.32	70.43	72.32	57.11	51.6	43.06
2026-04-06	54.4	50.9	39.49	36.44	41.79	40.93	36.44	35.01	37.2	35.02	35.01	35.01	35	35	34.86	34.86	33.28	33.5	33.74	35	33.7	34.18	35	35.01	35	35.01	35.01	35.02	35.02	35.01	35.03	35.01	39.06	35	31.7	8.78	16.37	6.74	0.47	-0.5	-0.81	-1.81	-2.1	-2.1	-3	-4	-5	-5	-6	-6	-6	-6	-6	-6	-6	-6	-6	-6	-6	-6	-6	-6	-6	-6	-6	-6	-6	-5	-5.23	-2.7	-2	-0.99	-0.08	0	0.01	1	3.08	8.01	32.06	35.01	35	35.02	41.79	49.14	49.97	49.99	43.63	36.44	40.93	35.5	36	35.02	35.5	35.01	35.01	35
2026-04-07	35.01	35.01	35	23.9	31.83	31	30	23.89	23.9	23.64	23.43	23.25	23.25	23.12	20.89	23.12	23.25	23.38	23.43	23.64	23.9	29.67	35	35	35.3	36.68	48	51.5	51.05	62.51	66	74.52	50.2	38.26	35.1	35.01	35.54	35.01	35	11.98	10.81	5.81	3.08	1.5	1.06	0.84	0.84	0.01	0	0	0	0	0	0	0	0	0	0	0	0	0	0	0	0	0	0	0.01	1.1	1	2.88	5.41	5.91	8.37	23.9	35.02	39.84	35.02	39.84	51.06	77.04	77.52	90.01	95	104.1	122.16	135	120.4	95	93	88.95	90.01	85	85.01	79.02	79.36	74.52
2026-04-08	83.91	75.7	62.47	59.5	61	60.49	62.01	59.3	65.14	62.34	59.5	58.78	58.78	59.02	59.02	59.02	59.26	59.26	59.26	59.5	58.78	59.02	61.76	73.69	75	82.08	88.5	94.22	99.51	101.52	115.5	120	148.5	131.54	116.34	99.63	99.51	93	85.01	66.18	64.99	56.84	53.7	50	35	28.68	26.64	26.12	21	13.95	8.44	7.17	5.41	5.41	3.87	3.08	3.08	3.01	3.01	3	2.2	2.09	2.09	2.09	2	2.49	3.01	5.41	5.41	7.28	17.13	26.33	26.51	41.52	53.7	66.17	59.26	82.08	101.52	120.9	105	134.82	141.22	135.95	153.81	141.7	134.82	115.03	124.14	107.98	121.7	103.02	103.02	99	98.51	83.91
2026-04-09	105.7	98.7	90.75	85.28	96.2	90.75	90.01	86.2	86	82	80.75	74	79.5	75.71	74.53	74	74	73.9	74.26	74.53	69.69	72.23	80.75	82	83.17	90.75	97.2	102.63	123.25	127.17	139.44	128.93	111	103	97.07	86.2	96.78	81.33	67.68	50.02	54.7	33.9	11.68	2.5	2.09	0.84	0.01	0	0	0	-0.01	-0.25	-0.5	-0.6	-0.6	-0.81	-0.82	-0.82	-0.82	-0.82	-1	-1	-0.82	-0.57	-0.5	-0.3	-0.02	-0.01	-0.01	-0.01	0	0.01	0.84	3	11.1	33.25	33.51	51.05	66.54	80.75	69.03	80	80.75	82.21	85	86.2	83.55	80.75	74.51	69.26	67.68	66.78	67.33	65.42	62.45	53.85
2026-04-10	54.7	51.2	47.12	38.9	39.9	38.9	39.64	39.51	39.89	39.77	39.77	39.77	39.77	39.77	39.77	39.89	39.77	39.89	39.89	39.9	39.89	40	39.9	50.2	50.9	60	64.74	70	72	84.48	91.6	95	98.7	91	84.48	69.84	90.31	74	55.31	29.66	38.9	22.57	7.28	4.4	3.08	2	1.31	0.84	0.84	0.29	0.01	0.01	0.01	0	0	0	0	0.01	0	0	0	0.01	0	0.01	0	0	0.01	0.84	2	3.08	5.41	13.5	13.05	28.85	41.41	63.78	48	65.48	80	95	91.59	103.63	110.2	113.98	110.2	110.2	102.05	96.25	99	90.31	93.7	90.01	90	85	84.48	78.16
2026-04-11	92	84	80	71.77	65.48	65.2	60.45	55	54.7	50.9	50	50	50.2	50	50	45	49.57	42.18	42	39.93	50.2	50	50	50	62.46	63.3	63.78	64.02	63.78	64.02	64.02	63.78	64.04	63.54	56.73	50	51.6	36.67	22.57	17.3	16.91	10.3	5.41	2	1.75	0.84	0.84	0	0	0	0	0	-0.01	-0.01	-0.11	-0.52	-0.6	-0.8	-0.81	-0.82	-0.99	-1	-1.76	-2	-2	-2	-1	-0.01	-0.81	0	0	0	0.01	0.84	2.09	5.41	5.41	8.51	16.9	22.57	18.3	25	29.82	34.02	34.26	35.79	34.74	33.78	33.3	30.88	33.78	29.3	25.3	22.57	29.43	20.27
2026-04-12	17.12	17	14.11	12.4	14.33	10.7	11.42	7.73	10.7	7.26	9.26	10.53	13	11.63	10	9.12	10.31	11.6	9.49	10.7	11.59	10.58	10	11.1	11.67	10.86	14	10.7	14	10	10.57	7.5	16	15.63	10	7.28	15.88	14.91	7.17	5.41	4.96	2.5	1.75	0.84	0.84	0.2	0.01	0	0	0	0	0	0	0	0	0	0	0	-0.01	-0.01	-0.03	-0.49	-0.59	-0.6	-0.81	-0.81	-0.81	-0.81	-0.81	-0.81	-0.75	-0.5	-0.05	-0.01	0	0	0.84	4.15	14	16.55	19	35	35.02	54.71	65.05	76.5	80.11	66	65.2	60	54.07	36.82	35.02	35.02	35.01	35.01
2026-04-13	35.01	35.01	30.69	20	26.02	17.12	16.55	15.9	15	15	14	14	11.1	10.53	9.92	10	7.39	7.39	7.5	8.9	10	11.23	14	17.12	17.12	19.78	20.74	25.91	44	54.7	56	56	35.02	35.01	20.46	14	10.53	5.41	2.5	0.84	0.84	0	0	0	0	-0.01	-0.01	-0.01	-0.02	-0.02	-0.05	-0.02	-0.02	-0.02	-0.02	-0.02	-0.1	-0.02	-0.02	-0.02	-0.01	-0.02	-0.02	-0.01	-0.01	-0.01	-0.01	-0.01	0	0	0	0.01	1.94	3.08	5.41	8.02	6	16.55	35.02	50.26	50.26	85.79	93.19	99.7	98.7	100.7	100.7	99.7	94.91	91.71	89.48	83	83.5	75.42	63.69	50.74
2026-04-14	71.27	65.36	63.78	61.5	65.05	61.74	61.26	60.3	69	65.2	64.9	55	64.9	60	56.22	55.31	55	55	59	60	60	60.3	61.02	61.74	64.9	67.5	75.01	85.79	89.46	95	97.71	95.47	97.22	88.07	79.01	61.26	64.9	24.09	10.53	3.08	2.05	0.61	0	0	0	-0.01	-0.02	-0.5	-0.6	-0.6	-0.6	-0.6	-0.6	-0.6	-0.6	-0.6	-0.5	-0.25	-0.13	-0.25	-0.5	-0.5	-0.5	-0.5	-0.5	-0.5	-0.02	-0.01	-0.01	0	0	0.01	0.84	2	4.95	7.39	19.65	45	65.36	88.07	84.23	94.09	100.14	110	115.01	117.21	117	110	102.01	100.01	99	94.45	98.7	95.83	89.26	87.71
2026-04-15	112.45	107.63	100.98	93.9	95.9	93.34	92.06	85	88.9	82.9	82.9	81.87	75.43	74.33	74.09	74.09	74.09	74.09	74.81	75.01	74.57	75.43	76.75	82.9	85.8	92.06	94.9	98.02	114.4	117.16	119.4	119.4	118.4	103.88	94.9	82.9	82.9	72.35	29	7.1	5.41	1	0.51	0	0	0	0	-0.01	-0.01	-0.01	-0.12	-0.25	-0.3	-0.3	-0.34	-0.5	-0.5	-0.5	-0.5	-0.5	-0.81	-0.81	-0.81	-0.81	-0.81	-0.81	-0.5	-0.05	-0.01	-0.01	0	0	0.84	2	5	12.59	41.59	72.27	88.08	102.67	103.06	119.49	140	152.24	141.4	143.04	133.95	120.01	123.89	119.4	121.91	119.4	118.9	112.4	106	97
2026-04-16	101	94.74	93.06	89.86	90.99	89.85	89.7	88.08	89.96	88.99	88.99	88.99	89.65	88.99	88.99	89.44	89.85	89.99	90	91	89.99	90.99	92.43	96.38	94.74	100.63	107.99	110.65	115.99	121.9	123.37	123.37	157.47	127.34	117.01	96.99	115.99	109.99	91.99	76.94	64	42.17	20	7.1	1.24	0.84	0.01	0	0	0	0	0	0	0	0	0	0	0	0	0	0	0	0	0	-0.01	-0.01	0	0	0.01	0.51	1.09	2.99	10.53	35	44.09	73.54	72.26	85.69	108.49	115.99	110	116.13	123.52	137.59	138.98	141.01	134.63	124	135	127.34	130	121.49	115.99	115.99	115.93	108.49
2026-04-17	128.48	123.41	115.01	112.77	118	115.01	113.79	112.77	113.04	112.77	112.31	112.01	109.22	105.27	105.27	104.35	104.35	104.35	104.35	105.27	105.27	106.51	112.77	112.77	107.64	109	112.77	115.3	112.77	116.19	119.77	117.01	132.2	113.04	107.27	97.33	105.27	89.85	80.54	49.25	46.63	26.89	10.53	2.53	2	1	0.61	0.01	0.01	0	0	0	0	0	0	0	0	0	0	0	0	0	0	0	0	0	0	0	0.01	0.51	1	2.5	9.39	37.25	53.01	80.3	69.42	83	89.99	107.27	100.01	112.77	119.27	131.18	128.64	128.64	121.7	113.04	117.26	112.77	115	112	106.77	104.35	104.61	97.33
2026-04-18	107.65	105.23	87.5	86.15	100.93	89.31	88.4	85.18	85.18	84	83.15	80.8	80.68	76.34	77.1	74.85	75.1	75.15	75.06	74.85	76.34	75.15	75.32	80	83.98	84.15	82.02	83.02	83.15	86.15	86.15	84.46	83.26	70	54.33	44.52	46.63	17.38	12.49	5.41	5.41	1.2	0.51	0	-0.02	-0.81	-0.85	-1.13	-0.82	-1	-0.82	-1.5	-2	-2.01	-2.1	-2.1	-2.1	-2.1	-2.1	-2.01	-1.5	-1	-1.81	-1	-1	-1	-0.82	-0.81	-0.41	-0.01	0	0	0.51	1	2.99	10	7.67	24.02	57.4	78.78	68.65	81	83.26	85.15	84.15	84.46	83.74	83.15	82.02	80.61	83.02	81	83.15	81.4	82	80
2026-04-19	84.8	82	60	52.8	69.85	60.01	60	52	69.85	52	49.18	45.56	51.1	49	46.7	49	45.56	45	45.53	46.53	56.99	58.63	57	60.1	61.01	65	67.31	70	70.45	72.13	70.45	70	64.09	53.3	28.67	4.24	8.69	0.84	0	-0.01	-0.01	-0.5	-0.82	-1	-1.81	-2	-2.01	-2.1	-2.1	-2.1	-2.1	-2.1	-2.1	-2.1	-2.1	-2.1	-2.1	-2.49	-3.04	-4.39	-3.21	-2.8	-3	-3	-6	-5.01	-4	-2.1	-2	-1.81	-0.82	-0.5	-0.09	0	0.01	2.09	2.13	14.14	45	80.69	60	80	85	86.5	86.8	87.94	87.99	87.8	87.51	87	86.36	86	86.26	85.8	85.3	84.78
2026-04-20	85	81.14	79.97	77.99	78.2	75.75	75.3	74.36	75.2	75	74.36	74.3	72.78	72.78	72.78	72.78	72.78	74.3	74.36	75.07	75.15	75.45	75.94	79.97	75	77.9	80	85	90	92.1	93.1	92	93.1	86.99	75.45	68.59	78.2	70.78	44.17	9.28	14.15	2.5	1	0.01	0.51	0.04	0	0	0.01	0.01	0.07	0.51	0.01	0	0	0	0	0	0	0	0	0	0	0	0	0	0	0.01	0	0.51	2	8	10.15	15	24.8	43.52	24.9	46.09	71.5	80	78.2	90.1	93.1	104	109.59	110.99	110	107.6	98.12	93.1	91.1	88.99	87.99	84.8	79.97	75.94
2026-04-21	92.98	90	87.08	81.14	84	79.94	78.48	77.26	77.02	76.78	76.3	75.23	75.22	75.18	74	72.73	72.28	72.28	72.28	72.28	72.13	72.28	72.73	75.2	72.28	74.9	75.48	77.02	79.08	84.86	82.4	80	80	77.26	74	50	70	49.28	21.19	3.22	9.39	5.11	1.75	0.84	0.84	0.01	0	0	0	0	0	-0.01	-0.01	-0.01	-0.02	-0.11	-0.1	-0.1	-0.11	-0.11	-0.11	-0.11	-0.11	-0.1	-0.11	-0.11	-0.04	-0.01	0	0	0.01	0.84	0	0.51	5.1	15	9.17	19.04	49.49	71.67	67.48	76.3	77.5	82	81.14	85.27	86.5	82.5	80	78.36	77.02	76.3	77.26	76.78	75.48	73.56
2026-04-22	91.57	86.27	79.94	77.09	78.36	76.5	75.78	75.3	75.2	74	72.91	70.97	74.57	74.27	73.97	72.73	72.28	72.13	72.28	73.97	70.43	72.13	74.57	75.78	74.27	75.78	76.78	81	90	93.33	93.58	93.33	93.33	90	76.78	68.22	76.02	67.77	29.6	15.04	9.28	2.99	1	0.2	0.27	0	0	0	-0.01	-0.01	-0.16	-0.34	-0.5	-0.5	-0.5	-0.81	-0.82	-0.82	-0.82	-0.96	-1	-1	-1	-0.81	-1	-0.11	-0.06	-0.01	-0.06	-0.01	0	0.06	0.1	1.75	6.27	14.91	14.65	27.75	64.09	77.09	73.97	80	93.33	97	108.4	112.07	109	103.57	98.14	94.57	93.33	90	91.69	85	79.94	76.78
2026-04-23	95.47	91.27	86.01	83.36	81.82	81.26	81.22	81.02	83.36	81.78	81.5	81.26	81.26	81.22	81.02	81.02	80.92	80.78	80.78	80.92	80.54	80.62	80.78	81.5	80.24	81.02	81.78	85.42	83.36	91.5	92.36	89	100.22	92.36	80.62	69	75	44.52	26.97	9.13	9.17	4.95	1.09	0.51	0.01	0	0	-0.01	-0.02	-0.31	-0.39	-0.5	-0.5	-0.5	-0.52	-0.59	-0.66	-0.59	-0.81	-0.81	-0.81	-0.81	-0.81	-0.81	-0.81	-0.59	-0.09	0	0	0.01	1	2	1.49	7.16	11.1	31.05	20.23	42.73	49.05	79.27	59.48	79	80.62	83.36	89.99	92.36	90.52	85	81.78	81.02	80.62	80.2	80.62	80.2	79.12	75.06
2026-04-24	85.56	85.26	83.36	82.5	84	83.36	82.26	82.02	81.78	81.78	81.78	81.78	81.54	81.78	81.78	81.78	81.78	81.78	82.02	82.5	82.5	83.36	85.41	86.61	87.27	89.22	94.19	104.81	104.07	104.81	105.78	105.8	106.08	105.78	104	88.5	104.07	90	86.57	82.26	86.61	82.5	79.5	70.03	69	46.7	45.3	44.91	35	25.48	21	20	21	21	20	20	15	17.07	15	15	14	14	15	15.84	16.18	20	20	25	29.82	44.91	46.28	50	58.87	76.89	82.26	86.61	83.36	86.61	103.3	107.81	93.18	105.78	105.81	108.94	111.22	115.01	114.5	110.69	105.86	105.78	104.07	97.71	100.53	98.1	90.8	87.21
2026-04-25	95.47	93.99	90.69	89.5	90.69	89.5	89.02	89.02	89.07	88.94	88.78	88.54	89.5	89.26	89.07	89.02	89.07	89.02	89	88.94	88.77	88.77	88.54	88.54	88.94	89.02	88.78	88.94	88.3	88.47	88.17	87.36	87.87	85.78	69.99	47.49	47.28	29.67	9.5	1.2	9.06	2	0.84	0.51	0.84	0.51	0.01	0	0	0	0	-0.01	0	0	0	-0.01	-0.01	-0.01	-0.01	-0.01	-0.01	-0.01	-0.01	-0.01	-0.01	-0.01	0	0	0	0	0.51	3.31	0	7.1	15	36.9	34.12	46.17	50	80	50	70	86.52	88.77	89.26	90.01	90	89.26	88.78	88.3	87.12	86.67	88.54	87.36	86.67	84.2
2026-04-26	81.02	80.54	79.2	69.36	64.78	63.63	59.9	55.3	60.8	60	50	50	50	50	47.99	50	50	50	50	50	50	50	54	60.1	64.78	64.78	64	64.78	70	69.36	64.78	57.5	47.49	40.3	10.81	1.15	2.2	0.26	-0.05	-2	-2	-2.1	-2.1	-2.1	-3	-4	-5	-5	-5	-5	-5	-5	-5	-5	-5	-5	-5	-5	-5	-5	-5	-5.25	-5.21	-5	-5	-5	-5	-3.01	-2.1	-0.13	-0.01	0	0.01	0.75	2	9.17	10.4	24.9	40	49.61	47.7	72.25	83.94	87.18	93.61	94.8	94.8	89.43	98.55	95.69	95.69	90.38	86.88	81.5	80.78	78.04
2026-04-27	84.99	81.3	80.58	80.1	80.47	80.1	78.04	72.99	69.36	65	61.01	60	64.01	57	57	57	53.02	53.02	54.8	59	60	60	78.04	80.34	85.78	87	90.38	94.64	94.64	101.97	103.02	100	107.84	94.64	82.68	45.49	46.02	35.3	14.79	3.08	3.08	1	0.01	0	0	0	-0.01	-0.02	-0.01	-0.05	-0.1	-0.23	-0.5	-0.82	-1	-1	-0.5	-0.49	-0.5	-0.5	-0.49	-0.49	-0.41	-0.05	-0.11	-0.02	-0.01	0	0	0.01	0.61	1	1.2	3.08	9.94	25.1	40.02	50	78.04	87.34	78.04	84.2	88.84	94.64	96	100	97.99	94.64	88.84	86.89	85.78	81.3	86.44	81.28	80.1	78.04
2026-04-28	87.57	84.26	83.54	80.49	82.2	80.49	80	75.86	78.07	77	75.86	75.3	75	74	74	75	72.1	74	75.3	75.9	72.1	75.3	80	83.3	80.47	83.78	84.5	88.02	90.63	94.8	95.4	94.64	100	92.5	85.36	77.5	88.02	69.36	48.36	30.4	27.36	10.48	5.41	1.99	1.5	1	0.84	0.84	0.51	0.51	0.51	0.33	0.01	0.01	0.01	0.01	0	0.01	0.01	0.01	0.01	0.01	0.01	0.51	0.84	0.84	1	1.25	2.05	4.99	9.39	15	19.51	43.54	47.3	55	64	82.2	87.72	95	88.02	94.64	103.02	107.12	109.89	110.69	110.12	107.12	105	103	95.4	93.89	95.4	92.56	88.92	87.75
2026-04-29	104.5	100	95.63	94	94.01	94	92	90.38	90	89.5	90	89.5	89.5	89.34	89.26	89.26	89.02	89.02	89.25	89.26	89.5	90.38	91.4	94.64	100.37	106.25	107.5	110.34	106.25	108.44	109.25	109.25	108.25	107.25	105.58	99.51	107	100.37	94.64	89	105.8	92.5	89.26	87.15	85.6	72.18	50.17	49.78	49.49	45	40	35.55	35	30.4	27.04	24.57	24.15	22.51	20.73	20.1	17.2	14.5	12.56	12.63	12.79	16	20.1	22.1	24	25.1	29.2	38.9	24.15	36	49.49	50.99	50.3	78.04	88.65	95	89.5	101.55	106.25	109.59	109.72	114.75	113.12	110.69	107.25	106.25	103	95	106.25	105	100	94
2026-04-30	104.54	102.99	98.53	93.4	104.32	100.99	100	96.56	100	95.47	95	94	95	95	95.4	95.47	95	95.47	100	99.99	93.4	93.99	95.99	103.48	92.82	99.99	104.54	105.54	107.54	111.95	114.63	110.5	110	105.54	91.36	86.04	88.2	77.33	49.7	44.8	31.31	9.5	5	1.2	1.28	0.87	0.84	0.51	0.01	0.01	0	0	0	0	0	0	0	0	0	0	0	0	0	0	0	0	0.01	2.05	0.51	0.84	3.08	9.66	9.66	24.15	27.96	47.78	49.28	69	90	104.32	100.9	108.54	118.5	125.04	125	125.54	125.54	125.54	119.89	118.5	114.79	110.22	112.94	107.54	105	104.32
2026-05-01	109.54	108.5	107.5	105	103.74	103.2	102.78	102.3	103.26	103.02	102.78	102.54	102.78	102.54	102.54	102.5	102.3	102.3	102.3	102.3	102.78	102.54	102.78	102.78	105	106.26	105.5	104.78	104.78	104.32	103.5	102.78	102.54	89.02	69.48	49.03	47.91	35	9.28	0.97	0.84	0	0	-0.01	-0.39	-0.71	-0.82	-1.52	-1.52	-1.99	-2	-2.01	-1.99	-2	-2.01	-2.01	-2.01	-2.01	-2.1	-2.1	-2.1	-2.1	-2.1	-2.1	-2.1	-2.1	-2.1	-1.17	-1.52	-0.05	0	0	0.84	2.89	11.09	30	25.9	48.17	60	88.78	77.9	95.3	103.2	105	103.55	105	105.5	105	104.32	103.26	104.78	103.2	103.5	102.13	96.02	89.68
2026-05-02	92.94	89.78	83.5	83.08	87.5	84.7	83.83	83.74	83.23	82.3	60.38	55.49	54.3	54.17	54.04	54.04	55.28	54.3	54.17	54.3	54.17	54.17	54.17	55.03	54.3	55.03	55	55	53.91	53.91	53.78	53.78	55.49	54.04	53.52	50	53.53	50	42.23	29.51	45	25.1	18	9.28	10	7.96	3.08	1.81	1	0.84	0.75	0.51	0.01	0.01	0	0	0	0	0	0	0	0	-0.01	-0.01	-0.01	-0.01	0	0	0.51	0.84	2.09	6.93	2.17	5.83	17.18	25.8	29.51	48.35	55.03	75.61	55	73.02	79.78	85.03	86.29	88	94.71	93.42	94.71	92.68	90.22	85.8	83.83	83.23	83.08	81.36
2026-05-03	89.5	87	85.8	85	85	81.36	80	78.2	79.5	78.2	75.5	67	78.2	75.07	75	74.79	65.47	65.47	69.5	75	57.11	57.11	60	60	58.37	60.4	65	66.56	79.78	79.78	78.2	63.56	62.5	49.31	40.63	39.91	39.91	33.68	20.99	9.06	9.06	4.76	1.97	1	0.75	0.51	0.08	0.01	0.03	0	0	0	-0.01	-0.01	-0.01	-0.01	-0.01	-0.01	-0.01	-0.02	-0.01	-0.01	-0.01	-0.01	-0.01	-0.01	0	0	0.01	0.84	3.55	9.5	3.08	10.39	20	39.52	40.17	60	85.35	89.26	85.48	91.2	102	107	101.77	105	103.7	101.77	105.5	105.3	106.3	103.99	104.3	98.69	95.77	90.56
2026-05-04	120.8	120.05	111.82	106.62	109.83	104.69	104.61	101.35	101.54	99.78	95	93.46	96.34	94.44	93.46	92.56	94.11	94.94	94.18	95.47	99.78	101.36	101.78	102.74	109.98	113.89	114.63	120	130.86	134.11	136.71	134.11	137.76	125.4	111.86	102.02	102.94	97.72	80	61.17	61.17	52.18	30	24.11	9.06	4	2.09	1.65	1.31	1	0.84	0.84	0.84	0.51	0.51	0.01	0.01	0.01	0	0	0	0	0	0	0	0	0	0	0.01	0.01	0.51	0.84	0.58	1.44	3.08	9.28	5.41	45	70	91.66	92.26	104.61	112.37	130	127.21	137.11	140	130.86	163.83	130.86	140.81	130.86	136.61	122.01	119.78	111
2026-05-05	115.23	110.04	105.19	101.5	105.1	101.5	101.74	100.78	100.54	98.2	97.99	97	99.78	98.2	98.2	98.2	98.2	98.2	99.78	100.21	100.78	101	101.02	101.26	101.26	101.5	105	108.2	119.35	120	119.35	116.5	120.99	110.09	101.02	86.99	96.4	74.42	61.91	48	38	24.15	9.5	5.41	2.09	1.5	1	0.84	0.84	0.84	0.84	0.84	0.84	0.84	0.75	0.51	0.51	0.51	0.51	0.01	0.01	0.01	0.01	0.01	0.01	0.01	0.01	0.49	1	1.44	2	3.08	3.08	9.28	24.15	36.77	34.8	61.91	86.69	95	90	99	106.09	113.35	110	115	117.44	115	114.63	109.94	110	105.1	105.92	100.21	101.44	92.94
2026-05-06	119.35	117.81	112.47	110	111.02	107.14	108.01	107.51	110.54	108.84	108	107.29	107.5	107.22	109.2	109.2	108.84	109.2	109.2	109.2	109.2	108.01	110	110.78	114.86	116.74	119.7	119.7	122	125.01	127	122.91	125.99	116.89	105	95.8	100	75.07	63	29.54	34	25.1	9.5	3.08	2	1.49	1.09	1	1.49	1.5	1.5	1.5	2	2.2	2	2	2.2	2	2	2	2	2	2	2.17	3.08	4.5	8.01	9.39	20.1	25	29.54	45	39.7	60.96	67.52	73.47	67	89.2	95.78	114.63	119.35	151.87	161.8	170.67	164.26	162.3	153	139.42	155.83	148.44	141.07	130.66	137.85	130.52	126.92	120.93
2026-05-07	132.74	126	123.09	118.99	118.17	116.5	116.02	115.3	114.48	113.63	114.23	113.02	111.18	108.68	107	108.2	106.76	107	108.72	110	111.8	114.23	115.54	117.75	117.35	119.86	126.35	130.54	135.85	135.85	135.85	130.61	128.02	120.01	115.54	110.2	113.36	95.25	78.3	70	76	54.39	48.09	29.54	27.5	25.44	24.15	20.01	20	20	20	20	20	20	20	20	16.94	20	20	20	20	20	20	22.1	20	24.15	25.1	26.94	30.3	43.88	48.09	51.96	47.88	57.39	77.52	81.83	77.52	89.2	111.18	115.3	118.22	129.36	130.05	136.45	140.33	144.2	155.63	140.43	152	137.19	154.16	136.69	130.71	126.35	127.03	118.93
2026-05-08	111.85	111.5	107.2	104.24	107.9	105.55	104.47	104.24	104.4	102.55	101.02	100	104.05	103.59	103.37	102.55	102.04	101.37	101	101.04	101.02	100.1	102.55	104.05	102.57	104.05	104.24	104.24	106.4	105.55	104.4	104.05	102.93	102.55	91.84	76.21	94.69	83.45	70	35.92	35	34.17	30	25	16.5	15	5.59	3	4	1.99	1.31	0.87	0.84	0.84	0.84	0.51	0.29	0.29	0.01	0.01	0.01	0.01	0.01	0.29	0.51	0.84	0.84	0.84	1.09	1.5	5	13.27	19.5	25.1	34.23	49.61	40	69	82	100	76.16	95.24	101.5	104.24	108.84	109.95	109	106.76	105	104.05	104.24	100.54	101.02	99.95	95.1	83.64
2026-05-09	84.85	84.37	72	68.5	68.26	67.54	64.73	56.44	60	40.83	38.55	35.02	35.02	35.02	35.02	35.02	35.02	35.01	35.01	35.01	35.02	35.01	35.02	35.01	35.02	35.6	35.9	37.89	41.74	40	40	38.7	45.5	36	35.02	35.01	35.01	35.01	34.17	33.52	33.78	25.1	20	16.28	5.41	3.08	2	1.1	0.84	0.84	0.84	0.51	0.51	0.01	0.01	0	0	0	0	0	0	0	0	0	0.05	0.01	0.29	0.02	0.01	0.51	0.84	1.1	3.08	6.48	19.73	33.65	33.91	35.01	35.02	63.78	50	66.2	68.26	76.34	81	80.97	81.72	79	78.53	75	75	70	68.5	67.54	67.3	60
2026-05-10	46.48	42.07	35.02	35.01	35.01	35.01	35.01	30	20	17.76	18	16.5	14.69	14.48	14.48	14.23	16.06	16.17	16.06	16.14	16.17	16.28	16.39	16.5	16.06	16.28	16.28	16.39	19.77	19.25	16.5	14.9	20	12.3	11.91	5.41	19.77	9.96	1.15	0.02	0.07	0	-0.01	-0.01	-0.01	-0.01	-0.02	-0.02	-0.04	-0.05	-0.06	-0.1	-0.11	-0.5	-0.81	-0.81	-0.81	-0.5	-0.66	-0.75	-0.82	-0.81	-0.81	-0.82	-0.82	-0.82	-0.82	-0.82	-0.81	-0.52	-0.3	-0.01	0	0	0.01	0.84	0.84	3.08	16.28	35.01	30	40	63.02	75.07	71.82	85	96.5	96.55	95.8	90	94.37	83.78	71.6	65	66.71	63.74
2026-05-11	61.94	60.26	59.54	58.75	58.75	58.3	57.2	51.76	58.15	57.2	56.03	50.55	54.5	53.75	50	50.26	36.22	39.83	40.83	48.35	56.03	57.2	58.3	59.2	58.78	60.02	60.74	62	83.09	88.99	86.36	76.56	87.79	66.71	59.78	45	58.6	31.31	25.1	20	23.45	17.76	16.28	10.49	6	5	3.08	2.5	5	3.08	3	2.5	1.5	1.25	1.25	1.1	1.5	1.43	1.1	1	0.84	0.84	0.51	0.51	0.01	0.01	0.01	0.51	0.84	0.84	1.1	2	2	17.76	25	52.29	53.11	60.36	87.73	108.8	103.01	117.35	127.97	138.84	149.8	195	210	195.47	160	140.33	130.96	128.02	125.01	122.01	115.52	108.95
2026-05-12	111.47	109.48	108.18	105.53	107.03	105.53	105.02	103.45	102	100	98	98.22	100	98.89	98	98	99.5	98.19	99	100	101.43	102	103.59	105	106.66	110	114.17	119.86	126.09	125.01	122.85	117	125.05	118	108.53	97	108.53	100	92.78	74.99	80.72	47.06	25.1	20.84	22.23	20.45	16.39	16.13	19.75	16.13	15.23	11	5.41	3.08	2	1.2	1.28	1.09	0.84	0.84	0.51	0.51	0.01	0.01	0.01	0.01	0.51	0.65	0.84	1.09	3.08	5.41	5.41	5.41	15.23	20.5	16.39	22.69	68.56	91.2	92.78	104.06	112	119.6	121	125.5	126.04	121.34	126.53	122.09	121.01	117	113.06	108.53	107.03	100
2026-05-13	93.3	84.55	82.85	82.01	83.33	83.33	83.09	82.01	81	80	80	80	78.85	78.85	80	80	80.43	80.43	81	81.71	82.01	82.37	82.85	83.81	80.43	82.01	83.09	83.81	90.84	90	85.28	82.61	84.56	75.82	70	40	36.24	21.17	1.15	0	0.51	0	0	0	0	0	0	-0.01	0	0	0	0	0	0	0	0	0	0	-0.01	-0.01	-0.01	-0.01	-0.01	-0.01	-0.01	-0.01	-0.01	0	0	0	0	0	0	0.01	1.44	5.41	14.03	22.76	34.58	69	65	80.43	90.84	102.11	102.25	109	110	106.3	104.3	100.59	99.25	93.33	93.33	86.1	85	82.85
2026-05-14	111.03	108.29	102.56	99	105	102.66	100	97.58	99	97.58	96.72	95.92	96.72	95	94.87	94.87	92.2	92.17	92.94	94	90.87	91.33	92	94.2	94.2	98	102	105.5	102.51	102	97.99	92.47	95	90.42	81.78	50	25.1	20.32	10	1.09	5.45	2	0.84	0.01	0.51	0.01	0.01	0	0	0	0	0	0	0	0	0	0	0	0	0	0	0	0	0	-0.01	-0.01	-0.01	0	-0.01	0	0	0	0	0.01	0.84	2.5	1.6	20.32	27.01	70.5	59.34	82.3	89.69	98	93.24	98	101.5	99.47	102	98	99.68	95	94.87	92.47	92.47	88.1
2026-05-15	90	84.04	75.1	74.02	73.92	72.08	70.01	65.2	68.36	65.15	59.66	55.45	58.25	50	47.6	41.31	44.5	40.1	40.1	40.1	45	45	50	50	65.24	66.09	68.36	70	74.5	74.74	74.02	69.94	73.78	62.4	40.1	38.32	34.77	18.2	5.59	1	2	0.85	0.75	0.01	0.01	0.01	0	0	0	0	0	0	0	0	0	0	0	0	0	0	-0.01	-0.01	-0.01	-0.01	-0.01	-0.01	-0.01	0	0	0	0	0	0.01	0.84	1	3.08	0.01	2	18.2	38.58	38.58	57.3	73.92	84	77.7	90.55	92.03	91	94.8	91.71	94	90.85	90.35	83.11	84.04	78.72
2026-05-16	86.3	84.5	71.94	68.78	72.85	70.36	70.01	70	73.93	70.96	70.01	68.78	70.98	70	70	69	67.2	65.5	62.93	64.27	63.61	63.93	65.42	67.96	67.69	68.78	68.78	69	76.95	70.36	67.2	55.16	63.88	40	25.02	2.2	1	0.01	0	-0.01	0	0	-0.01	-0.01	-0.1	-0.25	-0.39	-0.5	-0.65	-0.75	-0.75	-0.66	-0.5	-0.39	-0.39	-0.39	-0.39	-0.39	-0.59	-0.81	-0.82	-0.82	-0.82	-0.9	-1	-1	-0.82	-0.82	-0.75	-0.39	-0.02	-0.01	-0.01	0	0.01	0.84	0.1	14.35	34.88	63.93	52	71.94	84.35	96.09	97.05	100.51	106.06	100.99	113	109.07	113.69	110	106.7	100	101	94.94
2026-05-17	98.93	97.19	90.04	89.84	90.9	88.13	86.3	83.54	83.54	77.7	73.58	69.81	70	64.76	68	61.38	70.01	70	69.62	70.37	70.01	70.96	70	70.96	67.69	67.87	68.76	69	70.99	65.41	50.1	49.39	62.32	41.98	25.59	2.49	22.43	6.1	2.99	0.51	1.99	0.84	0.51	0.01	0	0	0	0	0	0	0	0	0	0	0	0	0	0	0	0	0	0	-0.01	-0.01	0	0	0	0	0	0	0	0.01	0.01	0.84	1.5	6	0.5	19.17	41.37	72.73	65.4	85.1	97.15	110	111	115	117.85	116.02	120	119	120.67	116.35	116.35	108	106.94	98.75
2026-05-18	99.66	96.09	88.94	87.36	87.74	87.26	87.36	86.54	85.7	83.07	82.51	81.76	84	77.8	77.98	77.7	77.26	77.7	84	85.7	85.66	86.54	87.02	88.94	93.56	98.49	102	109.11	116.67	116.79	110.04	104.04	116.79	105.97	96.39	85	88.94	84.2	47.1	40.53	35	24.15	9.2	2.2	1.31	0.84	0.84	0.84	0.51	0.51	0.01	0.01	0.01	0.01	0.01	0.01	0	0	0	0	0	0	0	0	0	0	0	0.01	0.2	0.51	0.84	1.09	2	5.41	17.5	34.88	40.53	47.79	84.2	92	87.26	100	115.25	120.01	125.01	131.66	133.04	126.63	131.47	125.01	128.02	118.29	116.42	107.04	105	96.24
2026-05-19	106.5	99.79	90.1	85	87	74.94	73.36	64.16	71.78	64.26	64.03	63.78	63.78	63.78	63.54	54.77	54.43	50	50	46.76	58.44	63.54	54.3	63.54	48.3	60	64.26	75	79.26	79.5	78.54	71.78	90.24	79	70.95	44.89	45.1	34.94	20	1.2	3.01	1.09	0.84	0.44	0.51	0.29	0.01	0	0.02	0.01	0.01	0	0	0	0	0	0	0	0	0	0	0	0	0	0	0	0	0	0	0	0	0.1	0.84	1.81	5.55	25	27.01	34.94	53.28	75.61	44.89	73.77	86.96	99.64	108.09	118.54	120.04	120.04	118.54	116.04	110	103.98	100	97.58	93.28	85.66
2026-05-20	98.7	96.8	96.35	90.1	94	88.74	86.55	85.86	85.1	83.78	80	79.69	77.5	77.5	77.26	77.26	76.02	76.02	76.54	76.78	76.78	77.26	77.74	84	96.5	100	105.15	110	116.04	115.7	105.97	95.82	109.96	87.38	74.67	43.99	53.8	39.9	20	0.87	0.84	0.51	0.01	0	0	0	0	-0.01	-0.01	-0.01	-0.01	-0.01	-0.05	-0.05	-0.16	-0.3	-0.5	-0.5	-0.5	-0.66	-0.66	-0.81	-0.81	-0.81	-0.65	-0.5	-0.5	-0.3	-0.01	0	0	0	0.01	0.84	1.95	10	1.5	30.34	60	86.3	70	96.95	116.04	125.1	120.01	130	135.2	131.47	139.39	130.04	135.2	123.63	121.06	117.25	116.58	114.55
2026-05-21	124.6	119.44	106.12	98.59	106	99.19	98.89	93.17	100.34	98.74	95	90	90.1	88	86.3	84.56	82.36	81.74	82.36	85.7	88.7	90	94.81	96.57	93.17	98.74	98.59	99.04	116.42	113.59	105	90	102.99	86.82	80.3	43.32	43.71	15.96	0.84	0	0.01	0	0	-0.01	-0.01	-0.01	-0.02	-0.02	-0.02	-0.12	-0.34	-0.3	-0.3	-0.3	-0.3	-0.34	-0.5	-0.5	-0.5	-0.5	-0.5	-0.5	-0.5	-0.5	-0.5	-0.5	-0.05	-0.01	-0.01	0	0	0.09	0.84	1.31	5	25.79	26.87	43.45	81.02	98.74	81.5	99.4	112.47	119.44	120.9	123.87	125.01	123.01	122.69	120.01	119.44	116.04	110	104.1	104.1	96.72
2026-05-22	120	116.04	109.23	96.17	105.87	99	95.82	90.69	90.69	85.1	81.56	80.36	85	81.56	81.56	80.36	81.56	80.84	81.56	83.14	83.14	85.3	88.87	95.57	95.72	97.62	105.02	109.88	115.89	110.57	102	89.02	106.47	85.44	71.44	38.12	45.27	30.33	15.26	1.82	2.2	0.84	0.01	0	0	0	0	0	0	0	0	-0.01	-0.01	-0.01	-0.01	-0.01	-0.01	-0.01	-0.01	-0.01	-0.01	-0.01	-0.01	-0.01	-0.01	-0.01	-0.01	0	0	0	0	0.51	0.84	1.95	5.41	30	25.1	40	50	80.84	65	85.1	99	114.92	114.92	116.42	117.92	116.42	125.01	118.58	120.01	116.42	116.04	114.92	113.12	98.77
2026-05-23	115	110	97.55	91.37	89.62	85	80	67.14	65.56	62.4	61.88	54.39	49.81	45.98	45.98	45.73	50	50	50	50	45.98	46.19	44.78	45.73	46.19	46.19	46.4	46.4	61.88	54.49	45.73	40	44.9	34	5.27	0.51	5.4	1	0	0	-0.01	-0.02	-0.3	-1	-2	-2.09	-2.1	-2.1	-2.1	-2.1	-2.1	-2.1	-2.1	-2.1	-2.1	-2.1	-2.1	-2.1	-2.1	-2.1	-3	-3	-2.1	-2	-1.07	-1	-1	-1	-0.81	-0.66	-0.01	0	0.01	0.84	2.01	12.1	5.02	36.5	45.73	66.56	43.88	56.96	65.56	83.44	91.37	95.7	96.81	95.7	110	102.24	109.89	92	91.22	82	77	65.56
2026-05-24	77.99	71.4	56.88	50	54	45	40.5	35.02	35.02	35.02	35.02	35.02	35.02	35.01	35.01	35.01	35.01	35.01	35.01	35.01	35.02	35.02	35.02	35.02	35.02	35.02	35.02	35.02	35.02	35.02	35.01	27.06	26.32	7.96	0.49	0	0.01	0	-0.01	-0.11	-0.11	-0.9	-1	-1.25	-2	-2	-2	-2.1	-2.1	-2.1	-2.1	-2.1	-2.1	-2.1	-2.1	-2.1	-2.1	-2.1	-2.1	-2.1	-2.1	-2.1	-2.1	-2.1	-2.1	-1.52	-0.81	-0.5	-0.02	-0.01	0	0	0.1	1	3.08	15.96	0.5	3.02	27.06	35.02	35.01	47.52	58.95	75.43	78.82	86.1	89	85.5	91.62	91.1	91.47	85	76.14	71.4	69.59	60
2026-05-25	50	36.5	35.21	30.2	41	34.66	34.77	27.84	25	24.16	24.16	24.16	24.16	24.15	20.52	28.54	24.16	24.16	24.97	25	29.9	30	32.9	35	49.62	54.6	55.36	57.76	84.11	75.44	56.18	50	54.64	34.77	17.5	8	16.73	3.08	0.19	0	0	-0.01	-0.06	-0.49	-0.82	-1	-1.01	-1.5	-2	-2	-2	-2.01	-2.1	-2.1	-2.1	-2.1	-2.1	-2.1	-2.1	-2.1	-2.1	-2.1	-2	-1.46	-1	-0.81	-0.59	-0.5	-0.02	-0.01	0	0	0.51	0.84	3.08	13.73	13.73	24.16	36.5	84.11	55.6	85.67	101.28	109.89	104.42	108.1	110	109.86	109.89	109.86	109.86	105	97	90.91	88.93	83
2026-05-26	102.67	98.76	88	82.6	90.2	88.13	88.13	82.6	82.84	82.6	82.36	81.88	81.88	81.88	81.88	81.88	81.64	81.64	81.88	82.12	81.18	81.88	82.76	88.28	95.1	103	108.98	109.86	114.69	110.48	108.44	88.73	109.86	88.43	76.62	36.5	45	24.39	8.01	2.5	2.99	0.84	0.05	0	0	0	-0.01	-0.01	-0.01	-0.01	-0.01	-0.01	-0.09	-0.11	-0.11	-0.11	-0.39	-0.12	-0.11	-0.06	-0.03	-0.01	-0.01	-0.01	0	0	0	0	0.01	0.51	0.84	2	3.01	8.01	24.16	30	30	50	82.36	95.7	86.99	109.86	128.48	147.6	137.56	154.04	162.5	150.73	167.2	150.73	147.6	134.43	141.88	132.9	128.48	114.71
2026-05-27	140.52	135.84	130.01	129.71	129.71	125.01	125.01	118.02	119	116.42	112	108.71	110.21	110	110.21	110	108.71	108.71	110	110.21	110.21	110.99	111.71	115	118.02	121.46	125	125.01	129.71	129.71	126.03	111.71	129.71	114	98.32	69.99	83	56.62	18.49	3.08	11	3.08	0.92	0.84	0.66	0.39	0.07	0	0	0	0	0	0	0	-0.01	-0.01	-0.01	-0.01	-0.01	0	0	0	0	0.01	0	0.01	0.51	0.84	1.05	1.81	3	5	5.41	14.5	33.89	49.5	36.5	56.88	85.3	98.88	99.12	111.95	129.71	135.84	138.02	145.71	146	140.68	142.9	136.2	136.29	129.71	126.46	119.89	121.46	112.71
2026-05-28	115.4	110.92	107.92	105.64	108.36	107.92	107.88	105.64	105.76	105.17	104	102.6	104.18	104.18	104.18	104.89	104.18	105	106.94	107.88	108.6	110.51	115.23	120.67	122.67	128.92	127.07	128.92	128.92	128.92	121.69	111	126	109.42	104.18	77	88.87	62.75	35.1	24.15	30	17.94	6.32	2.51	1.56	0.7	0.01	0	0.04	0	0	0	0.01	0.01	0	0	0	0	0.01	0.02	0.01	0.01	0.84	0.84	1.01	1.75	2.09	3.9	7.65	10.52	16.1	24.15	30	40	54.42	63.8	63.01	82.49	102.6	108.36	108.36	122.67	133.4	152.9	147.52	160.51	172.5	157.87	170.12	151.98	157.87	140.89	143.28	134.47	133.26	128.92
2026-05-29	140.4	136.43	127.25	126.36	126.36	126.36	126.36	123.86	125.01	120	119.57	118.11	117.27	115.88	115	111.21	110.76	110.76	110.76	112.49	114.25	118.02	119.11	120	126.36	126.36	126.36	126.36	136.96	130.1	124.97	111.95	126.36	116.39	107	84.57	94.47	72.75	45	34.58	30	17.77	10.89	5	5.56	1.75	0.84	0.84	0.84	0.54	0.51	0.29	0.51	0.18	0.08	0.02	0.84	0.84	0.84	0.84	0.84	1.73	1.7	1.55	5.27	5	8.1	12.46	20.1	24.91	27.92	34.88	44.37	60	72.75	74.19	73.4	86.61	105.36	110.36	108.36	115.88	126.36	136.68	140.34	150	158.01	152.43	164.53	152.43	152.43	140.4	136.46	126.36	126.36	121.27
2026-05-30	130	127.98	120.24	115	115	111.2	111.55	109.7	111.23	108.57	105	103.69	105	105	105	104.44	114.6	114.6	114.6	115	115	115.2	115.45	115.7	111.2	111.2	111.2	111.2	112.52	107	99.26	93.13	94.6	64.4	52.38	35.35	41.55	24.15	13.56	1.95	8	1.75	0.1	0	0	0	-0.01	-0.01	-0.01	-0.01	-0.01	-0.01	-0.01	-0.09	-0.11	-0.11	-0.1	-0.11	-0.1	-0.11	-0.02	-0.01	-0.01	0	0	0	0.51	0.84	0.99	1.23	2.09	5.41	2.99	15.96	30.3	44.37	44.37	59.31	64.19	94.6	80	95.7	100.2	111.2	105.64	109.04	111.2	110.29	115	113.58	117.79	111.59	111.2	109	111.2	100.2
2026-05-31	104.67	100.66	99.86	96.7	99.86	94	93.84	85.92	85.62	80	82	73.1	85.47	85.32	81.88	79.33	73.1	73.1	72.89	72.89	72.89	72.89	72.89	72.89	80	80	82.31	80	85.62	75	63.5	50	43.37	27.06	10.9	1	8.17	0.84	0	0	0	0	0	0	0	0	0	-0.01	-0.01	-0.01	-0.01	-0.01	-0.01	-0.01	-0.01	-0.01	-0.01	-0.01	-0.01	-0.05	-0.3	-0.49	-0.3	-0.3	-0.05	-0.01	-0.01	-0.01	-0.01	-0.01	0	0	0.01	0.84	1.55	13.1	5.59	24.46	41.08	56.5	39.93	63.24	72.89	85.92	95	99.86	100.18	100.42	100.72	100.8	104.67	100.42	98.28	89.8	92.61	85.32
2026-06-01	108.4	103.68	94.66	93.27	94.66	93.27	93.08	92.97	92.14	92.14	92.14	92.14	92.14	93.08	94.66	95	94.66	94.66	95.85	99.06	100	100	103	105	110	112.07	115	118.13	129.61	125.32	123.32	112.07	126.88	110.57	93.08	70	75	49.9	32.96	18.7	26.02	22.96	15.58	10.52	16.3	12.53	8.01	7.27	10.5	10	8.01	8.01	2.09	2.09	2	2	2.2	2.09	1.95	1.51	1.49	1.2	1.2	1.2	1.44	1.82	2	3.08	4.29	12.01	19.17	20	24.11	38.91	46	50.7	50.57	84.01	92.97	110	99.44	113.57	126	135.01	131.57	137.59	144.23	140	152.43	145.01	146.72	136.96	133.01	130	130	118.13
2026-06-02	122.77	120.2	112.81	108.77	105.34	100	100	94.86	105	102.09	100	99.47	96.72	94.86	93.72	93.28	93.28	92.64	93.28	93.28	93.28	93.28	93.42	94.86	94.86	99.74	98	102.31	103.94	94	92.16	84.82	91.2	72.65	65.63	49	50	30	26.07	10.56	6.11	2.2	1.23	0.84	0.51	0.01	0	0	0	0	0	0	-0.01	-0.01	-0.01	-0.01	-0.01	-0.01	-0.01	-0.01	-0.01	-0.01	-0.02	-0.04	-0.1	-0.09	-0.09	-0.05	-0.01	-0.01	-0.01	-0.01	0	0	0.51	1.5	1	2	4.32	24.01	9.75	50	67.71	90	88.35	92.16	93.72	93.72	94.86	93.42	92.4	91.68	91.68	90	83.41	75
2026-06-03	100	95	94.69	94.53	94	91.14	90.9	90.78	90.78	90.66	90.42	90.18	89.94	89.94	89.94	89.94	90.18	90.18	90.18	90.42	90.42	90.78	90.9	94	94.39	97	105	106	120.8	113.21	100.9	90.66	89.7	55	30.03	1.75	2.09	0.01	0	0	0	0	-0.01	-0.01	-0.01	-0.01	-0.01	-0.01	-0.01	-0.01	-0.01	-0.01	-0.01	-0.01	-0.05	-0.05	-0.01	-0.01	-0.01	-0.01	-0.09	-0.09	-0.11	-0.11	-0.11	-0.11	-0.1	-0.08	-0.01	-0.01	0	0	0	0.51	1.01	3.08	9.94	29.38	30.28	66.6	85	100	123.74	132.74	129	136.24	138.05	137.58	136.96	136.3	132.74	132.01	132.74	126.74	123.74	120.01
2026-06-04	135.01	129.55	128.55	126.23	126.55	123.3	120.8	117.5	117.8	115.25	111.59	110	109.55	106	105.6	104.6	101.23	99.42	99	99	100	100.9	105	106.66	117.14	119	121.39	122.27	128.02	126.23	120.2	105.63	98.93	91	63.06	42.1	36.5	15.86	2.5	0.51	0.51	0	0	0	0	0	0	-0.01	0	0	0	-0.01	-0.01	-0.01	-0.01	-0.01	-0.01	-0.01	-0.02	-0.05	-0.39	-0.5	-0.5	-0.5	-0.5	-0.3	-0.05	-0.02	-0.01	-0.01	-0.01	-0.01	-0.01	0	0	0.51	0	0.95	1.01	6	5	59.9	63.2	93.44	91.86	95.04	96	95.76	95.52	95.2	95	92.55	90.28	87.91	85	82.5
2026-06-05	88.48	88.28	88.21	88.04	88.48	88.48	88.28	88.28	88.48	88.48	88.28	88.28	88.48	88.48	88.48	88.48	88.48	88.48	88.52	89	89	89	90	92.43	89.24	94	98.31	99.9	106.47	103.24	96.58	88.28	90.06	77.65	53.25	15	38.66	26	10.5	3.01	5.73	2.5	2.99	1.95	0.84	0.61	0.51	0.51	1.95	2.09	2.2	2.09	1.75	1.09	1	0.95	1.2	1	0.95	0.84	0.84	0.61	0.51	0.51	0.51	0.51	0.84	1	1.83	2.2	10	20	12.63	20.07	20.98	32.91	43.5	57.52	78.96	90.06	84.36	94.44	107	126.18	112.9	120.01	123.85	121.4	129.18	127.68	130	126.51	131	126.18	125.75	109.53
2026-06-06	127.45	123.41	116.63	111.21	108.28	105	100.24	100	99.97	99.76	99.64	99.64	99.28	99.52	99.52	99.28	99.52	99.64	99.76	99.76	99.76	100	100	100.24	100.24	103.48	107	109	100.24	99.64	98.06	94.9	98.8	95.1	66.6	57.94	55	26.3	7	1.5	2.01	0.84	0.84	0.51	0	0	0	-0.01	-0.01	-0.07	-0.05	-0.07	-0.02	-0.04	-0.07	-0.07	-0.09	-0.1	-0.1	-0.11	-0.11	-0.11	-0.11	-0.11	-0.11	-0.11	-0.11	-0.1	-0.01	-0.01	0	0	0.01	0.65	0.84	1.75	2.06	5.94	12.4	43.5	57.68	66.07	96.85	103	100	106.48	110	110	107.55	100.24	99.76	99.28	99.64	99.04	96.85	95.4
2026-06-07	99.97	99.12	97.9	95.85	95.37	95.37	94	91.99	95.1	95.1	94.99	93.73	94.99	94.99	95.1	95.37	95.67	95.82	96.6	97.42	96.6	97.42	97.42	97.9	99.48	99.48	99.48	99.48	100.04	96.6	85	62.7	62.07	34.51	2.99	0	0.01	0	-0.5	-0.82	-0.86	-1	-1.01	-1.52	-2.01	-2.1	-2.1	-2.1	-2.1	-2.1	-2.1	-2.1	-2.1	-2.1	-2.1	-2.1	-2.1	-2.1	-2.1	-2.1	-2.1	-2.1	-2.1	-2.1	-2.1	-2.1	-2.1	-2.1	-1.52	-1	-0.09	0	0	0.02	0.84	1.44	2.09	22.09	36.69	61.55	60.5	82.01	97.99	109.48	102.64	115	120.8	124.72	124.72	124.72	125.54	120.2	123.41	115	115	103.31
2026-06-08	114	109	105	99.97	100	99.11	95.78	95.1	94.03	94.03	93.73	93	93.73	93.73	93.73	94.03	93	93.73	94.18	95.1	93.62	94.92	95.85	101.01	99.97	109	112.55	114	123.08	113.97	100	87.44	102.55	83.44	78.7	55.03	70.19	52.19	45	29.74	34.16	25.1	25	20.53	23.1	20	10.03	6.84	13.35	8.34	8.73	6	4.82	2.21	2	1.44	1.55	1.09	1	0.84	0.51	0.01	0	0	0	0	0	0.01	0.71	0.84	0.84	1.75	2.09	3.08	5.41	19.75	5.59	30	40.3	53.94	36.13	55.7	80	94	99	115.01	117.55	117	112.55	110	99.97	94.18	95.78	93	88.24	80.64
2026-06-09	99.11	92.6	90.2	88.24	87.19	85.64	85.4	85.28	85.16	85	84.92	84.92	85.16	85	84.92	84.92	84.68	84.68	84.78	84.92	85.16	85.16	85.4	85.64	92	99.2	100	100.95	107	102.5	91.85	84.68	84.2	45.2	36.42	10.2	10	2.2	0.84	0	0	0	0	-0.01	-0.02	-0.02	-0.03	-0.03	-0.01	-0.01	-0.01	-0.01	-0.01	-0.01	-0.01	-0.01	-0.01	-0.01	-0.01	-0.01	-0.01	-0.01	-0.01	-0.01	-0.03	-0.02	-0.01	-0.01	-0.01	0	0	0	0.84	1.38	5.41	12.1	7.1	25.1	37.07	57.18	38.7	75.6	95	113.49	116.48	127	130.01	128.55	123.01	117.5	120.2	110	105	99.65	99.5	91.1
2026-06-10	85.28	83.7	76.92	76.2	77.64	76.44	76.2	74.2	70	65.6	65	62.52	65	61.5	60	59.92	59.66	59	59	60	60.82	64	65	70	76.44	77.64	83	85	86.86	83.7	76.44	62.5	77.16	50.01	39.48	15.23	14.94	2.21	0.84	0	0	0	0	-0.01	-0.01	-0.01	-0.01	-0.01	-0.01	-0.01	-0.01	-0.01	-0.01	-0.01	-0.02	-0.02	-0.01	-0.02	-0.02	-0.3	-0.5	-0.5	-0.66	-0.66	-0.5	-0.5	-0.5	-0.3	-0.05	-0.01	-0.01	-0.01	0	0	0	0.84	0.5	1.5	8.73	38.03	20	46.68	67.43	84.93	85.28	94.49	97.5	95.66	88.63	86.86	88.44	79.85	81.8	76.44	75.66	60.2
2026-06-11	62.44	59.28	58.2	56.17	58.2	57.7	50	45	43.09	43	41	36.27	41	41	40.9	40.84	43	42.41	42	43.09	43.09	43.09	50	57.7	59.28	60.39	62.44	65.9	76.74	68.63	59.64	50	50	25	18.64	1	5.41	1	0.04	0	0	0	0	-0.01	0	-0.01	-0.01	-0.01	-0.01	-0.01	-0.01	-0.01	-0.01	-0.01	-0.01	-0.01	-0.01	-0.01	-0.01	-0.01	-0.01	-0.01	-0.01	-0.01	-0.01	-0.01	-0.01	-0.01	0	0	0	0.01	0.84	1.44	3.08	11.03	6.99	21.68	22.2	37	24.14	59.16	86.14	106	105.3	117.16	124.4	120	115	109	103.31	95.83	95.53	89.67	79.87	69.38
2026-06-12	43.09	39.27	34.6	25.2	34.7	27	25.99	22	21.94	21.81	21.81	21.68	21.81	21.81	21.94	21.94	21.81	21.94	21.94	22.07	22.2	22.2	24.51	28.11	35.57	43.09	50	59.18	63.92	62.7	46.66	34.18	38.7	21.75	12.26	0.84	0.84	0	0	-0.01	0	0	-0.01	-0.01	-0.01	-0.01	-0.01	-0.01	-0.01	-0.01	-0.01	-0.01	-0.01	-0.01	-0.01	-0.01	-0.01	-0.01	-0.01	-0.01	-0.01	-0.02	-0.02	-0.03	-0.09	-0.08	-0.02	-0.01	-0.01	-0.01	0	0	0.84	1.44	4.74	13.3	20	22.2	25.72	50.99	45.45	69.67	95.79	108.81	105.3	114	117.45	115.6	113.97	112	112.56	106.3	105.71	100.67	100.1	93.55
2026-06-13	109.02	104	100.66	99.06	97.2	94.71	91.23	85	79.64	70	69	59	55.84	55	52.78	51.92	54.18	51.55	50.89	52.07	59	60	69	70.61	84.99	90	91.1	91.1	98.61	84	48.56	43.7	34.3	16.88	3.01	0	0	0	-0.02	-0.5	-0.81	-1	-1	-1	-1.11	-1.5	-1.52	-2	-2.01	-2.1	-2.1	-2.1	-2.1	-2.1	-2.1	-2.1	-2.1	-2.1	-2.1	-2.1	-2.1	-2.1	-2.1	-2.1	-2.1	-2.1	-2.1	-2	-1.5	-1.01	-1	-0.16	-0.1	0.58	2.43	4.81	5.63	17.1	43.7	68.93	51.99	80.31	98.76	111.98	112.18	125.29	128.99	129	129.46	129.46	128.02	127.26	127.96	119	113.99	110.14
2026-06-14	121.93	120.43	120.43	115	114.47	112.87	110.14	110.14	110.14	108.8	105.7	104	103.21	103.21	102.6	103.21	102.03	102.5	102.59	103.88	102.5	102.59	103.21	103.81	108.6	110.14	110.14	110.14	112.87	101.96	89.93	84	60.14	25.17	15.01	1	0.84	0	-0.01	-0.49	-0.82	-1	-1	-1.02	-2	-2	-2	-2.1	-2.1	-2.1	-2.1	-2.1	-2.01	-2	-2	-2	-1.5	-1.5	-1.81	-2	-2	-2	-2	-2	-1.81	-1.11	-1	-1	-0.82	-0.5	-0.05	0	0	1.02	5.01	19.17	27.79	50	86.77	93.13	86.31	99.8	120.43	131.53	121.93	132.01	135.01	137.43	137.43	137.43	137.43	137.43	137.43	136	133.46	132.61
2026-06-15	131.53	127.81	126.92	125.42	126.92	125.42	123.92	123.92	121.41	120	119.83	119.83	119.83	119.83	119.83	119.83	119.83	119.83	120.5	121.41	123.92	123.92	125.42	126.92	132.01	135.01	136.42	137.92	137.92	137.92	136.23	127.81	132.34	121.41	116.67	90	113.35	84.54	51.95	35.27	35.27	29.84	19.92	15.01	5.12	5.01	2	1.75	1.25	1.13	0.93	0.84	0.84	0.84	0.84	0.84	0.84	0.84	1.15	1	0.84	0.84	1	1.46	1.43	1.99	7.73	25	25	34.88	45	55.9	55.17	84.57	109.22	118.47	115.7	124	134	137.92	135.98	142.93	153.92	165.2	153.36	157.62	160.01	163.39	162.7	157.62	155.69	149.9	153.96	148.02	140.01	137.92
2026-06-16	132.54	131.25	130.4	128.44	131.25	131.25	129.59	127.59	124	122.07	121.74	121.74	121.97	121.74	121.74	121.74	121.74	121.74	122	122	121.54	121.54	121.74	121.74	129	131.28	132.54	132.54	138.99	133.31	131.48	123	132.54	128.97	122.52	117.18	120.3	97.85	86.39	70.2	79.08	64.81	61	58.63	54.91	49.15	43.36	39.88	39.88	37.93	36.8	33.02	28.96	25.29	18.5	18.08	22.5	22.5	25	25	30	30	33.75	34.7	36.47	40.1	50	58.13	55	60	64.55	78.44	82.49	90	104	119	100	117.18	120.34	123.54	120.4	129.59	132.54	150.96	139.03	148.72	158.19	153.65	159.16	154.49	153.99	145.28	148.94	139.63	136.87	132.54
2026-06-17	142.54	132.67	129	127.4	127.84	126.49	126.26	126.17	126.26	125.26	124.67	122.2	124.67	123.1	122.01	121.71	121.71	120	120.6	121.71	121.81	123.1	124.67	125.02	125	125.5	126.17	126.6	126.26	125.26	124.54	112.6	125.26	113	97.85	82.49	93.45	79.83	74.7	68.88	74.81	65	57	50.51	54.88	50	48.5	38.7	50	40.9	40.3	25	14.1	11.93	5.27	4.1	27.18	35.46	31	25.81	35.99	44.1	34.6	45.22	44.55	49	50	54.99	62.88	65	68.88	70	74.55	74.81	76.21	84.62	82.49	90.68	105	125.6	122.2	130.11	139.56	148.21	144.03	150.96	158.02	150.96	157.13	148.94	154.54	145.35	143.01	132.67	132.67	128.17
2026-06-18	128.13	126.76	125	121	121.81	118.04	119.2	114.68	123.1	120	119.2	119.1	119.1	119.1	119.2	119.2	121	122.4	123.6	124.2	124.2	125.01	125.6	126.88	126.93	127.03	131.1	132.63	132.64	132.63	125.74	119.2	131	123.6	116.55	95	117	100.9	83.4	75.2	74.94	68	58.02	43.67	39.77	27.24	25	17.26	39.88	28.68	24.99	19.37	23.1	21.89	14.72	11.01	20	20.5	22.12	20	20	20.26	27.01	35	39.77	40.86	50	60	69.15	70.51	74.55	75.09	76	79.09	81.68	87.5	97.84	116.92	119.2	125.6	119.2	125.6	129.54	135	132.63	132.63	135	132.63	142.67	137.4	142.67	132.86	131.94	127.18	128.76	125.6
2026-06-19	127.67	126.52	122.4	119.2	122.4	120.04	119.97	116.17	121	120.76	120.52	120.28	120.28	120.04	119.8	119.8	119.8	119.8	120.04	120.28	120.04	120.28	120.76	121	122.4	125.17	126.52	126.52	127.03	125.6	120.52	116.17	119.8	113.17	97.85	85.58	100.3	79.01	70.1	40.78	59.25	40.1	32.59	20	39.88	35	19.74	9	8.25	5	2.81	2	1.56	1.5	1.49	0.84	1.43	1.49	1.5	1.43	1.43	1.5	1.95	4.4	8.5	17.42	27.01	39.99	39.99	60	70.01	74.55	70.98	76.42	78.63	85.52	89	106.5	114	121	114.67	125.57	130.74	143.63	138.73	142.67	145	142.46	150.01	149.74	150	144.12	144.47	137.82	131.96	126.6
2026-06-20	129.45	128.3	120	117.95	123.6	120.16	120.05	120	120.55	119.45	117.95	116.45	116.45	116.45	116.45	116.18	114.95	114.95	114.6	114.6	111.5	111.5	111.5	111.26	111.5	114.6	114.6	114.95	117.95	115	110.78	92.01	98.46	78.09	72.5	49.77	56.22	33.16	10.13	1.43	3.08	1.43	0.71	0.01	0	0	0	-0.01	-0.01	-0.01	-0.01	-0.01	-0.01	-0.02	-0.02	-0.02	-0.01	-0.01	-0.01	-0.01	-0.01	-0.01	-0.01	-0.01	-0.01	-0.01	0	0	0	0	0.25	0.84	0.84	1.44	3.08	5.59	55	75.68	78.09	92.46	90	110.3	116.34	123.6	120	123	124.52	124.8	129.06	128.9	129.45	128.9	126.95	121	121.49	117.95
2026-06-21	121.34	119.3	117	115.78	116.02	113.77	115.54	111.52	111.3	112.9	107	98.35	110	101.68	100.5	100.3	93.65	93	93	92.46	92.46	92.46	92.46	92.46	92.46	92.46	92.01	89	80.16	76.07	61.31	49	49.99	27.68	2.13	0	0.84	0.01	0	0	0	0	0	-0.01	0	-0.01	-0.01	-0.01	-0.79	-0.81	-0.81	-0.81	-0.81	-0.8	-0.79	-0.79	-0.79	-0.7	-0.79	-0.79	-0.81	-0.81	-0.81	-0.81	-0.81	-0.79	-0.5	-0.16	-0.02	-0.01	0	0	0.01	0.58	0.84	3.08	15.6	49	70.1	78.3	80	105.01	116.76	125.89	127.66	130.96	133.07	133.73	140.01	139.46	143.31	134.37	130.96	128.99	128.46	121.34
2026-06-22	123.6	120	117.41	115	118.91	116.58	115.91	111	113	106.52	100.09	96.1	95.1	92.46	92.46	92.46	90.7	92.46	92.01	92.46	93.28	98.58	104.19	110.27	110	118.91	120	121.23	130.41	130.41	126.91	120	130.41	120.5	119.3	100.15	118.91	93.65	90.7	83.55	88.09	80.1	78.9	65	71.01	61.2	51	46	49.66	40.5	37.9	30.01	35.68	33.19	30.24	30.33	37.23	43.69	49.66	49.66	49	49.86	50	50.1	60	65	70	74	78.91	80	81.75	83.81	83.68	90.14	92.9	110	107.32	119.54	128.8	135.16	130.41	145.01	159.16	182.61	175.38	182.67	182.67	167.28	185.9	175.01	170.6	153.46	159.16	144.63	140.01	130.41
2026-06-23	154.13	147.61	130.41	127.86	132.5	129.13	129.13	125.14	126.63	119.99	117.26	116.13	116.3	115.3	114.63	114.63	114.63	113.5	115.57	116.3	117.02	117.63	121.43	123.92	129.13	131.56	131.56	133.72	141.62	137.84	131.59	125.14	129.13	119.2	123	112.57	117.63	116.13	108.11	100	108.8	95	89.95	82.45	84.68	79.48	77.58	74	76.72	73.5	73.5	71.4	73	72.28	71.5	71.5	74	77.58	77.58	77.58	74.75	75.5	77.28	77.73	77.73	78.33	79.48	81.88	82.3	84.81	85	90	84.68	85.07	90	97.5	100	95	109	117.63	117.63	129.13	140.25	154.1	157.47	174.35	185.01	183.52	185.01	183.38	172.98	157.69	154.1	148.33	142.92	136.14
2026-06-24	142.46	140	134.58	129.72	129.69	128.74	128.08	128.08	128.08	128.08	128.08	126.58	128.08	128.08	128.08	128.08	124.27	122.32	123	124.13	124.46	128.08	128.08	128.08	128.08	128.08	128.08	129	129.83	128.08	126	116.58	128.08	116.46	113.26	98.5	100	89.4	78.43	74.94	74.81	70.15	69.15	70.48	71.23	70	69.73	69.15	51.68	45	40.5	35.25	38.1	37.21	35.11	35	30.86	35	34.35	30.16	28	29.33	32.98	35.11	38.1	45	51.88	54	55.01	55	55.91	60.23	55.01	65	70	74.55	75	79.3	98.5	113.26	101.31	112.54	120	128.08	128.08	135	142.01	143.68	146.5	145.01	139.85	134.31	130.16	130	128.08	125.89
2026-06-25	129.69	129.69	129.69	126.19	129.69	129.4	126.19	123	119.2	116.69	116.69	116.02	116.26	115.78	116.02	115.78	115.78	115.78	115.78	115.78	115.01	115.3	115.54	116	116.02	116.69	119.2	122.17	123	122.17	117.95	115.3	119.66	116.26	102	88.06	104	93.98	80	77.81	77.68	70	60	50	37.9	29.67	21.22	20	14.74	5.59	5.41	3.08	3	2.2	1.82	1.5	1.5	1.5	1.46	1.2	1	1	1.15	1.5	1.82	2.2	3.08	5	5.41	6	20	25.71	15.31	29.67	49.66	60	50	65	77.55	81.37	98.99	115.54	118.18	122.17	129.69	130	139.02	141.76	150.01	148.78	147.61	144.85	138.29	129.93	129.93	126.19
2026-06-26	127.09	125.59	122.82	119.59	123.59	122.17	122	117.34	122.4	121.98	119.66	118.59	118.59	118.18	118	118	117.34	116.86	116.78	117.34	116.78	118	120.48	122.17	122.59	125.11	127.09	127.09	137.5	136.18	127.11	119.2	127.42	122.17	115.59	108.56	115.01	100	82.44	79.3	79.13	75.8	70.1	65	62.11	58.87	49.99	49.66	37.01	32.01	27.16	26.46	24.11	21.01	15.01	11.66	10	10	10	5.41	4.4	3.08	4	4.25	5.41	5.41	10	12.96	20	26.46	30.07	37.01	34.41	49.88	55	69.49	70.1	79.55	85	106.58	100.1	115.01	121.99	127.28	131	146.5	150	151.43	150.01	150.01	148.94	145.01	145.01	141	138.83	130.55
2026-06-27	140.24	135.17	128.79	122.17	130.69	126.19	122.92	119.33	120.41	119.19	119.09	118	118.7	117.69	117.69	119.09	119.19	119.33	119.33	119.33	119.19	119.19	119.33	119.19	119.33	119.57	119.57	117.69	119.19	116.19	112.91	95.01	118.85	112.61	79.74	70	75.2	50.17	32.01	14.61	20.01	3.08	1.49	0.97	0.01	0	0	0	0	0	0	0	0	0	0	0	0	0	0	-0.01	-0.01	-0.01	-0.01	-0.01	-0.01	-0.01	0	0	0	0	0	0.51	0.65	0.84	1.75	10.42	5.41	30.55	58.05	77.88	80.3	111.75	118.85	127.93	127.19	130.7	138.69	137.14	151.43	151.3	161.45	145.01	145.01	133.36	134.1	130.69
2026-06-28	126.76	125.01	120	116.86	126.07	123.07	123.01	117.16	122.79	120.62	118.82	116.5	116.18	115.59	115.98	115	114.6	114.57	115	114.77	115.54	115.09	115	114.86	116	115	114.57	114.57	114.6	112.36	104.86	85.9	108.47	82.99	70.44	44.84	55	37.96	17.64	1.95	6	2	0.84	0.6	0.51	0.02	0	0	0	0	0	0	0	0	0	0	0	0	0	0	0	0	0	0	0	0	0	0	0.01	0.3	0.66	0.84	1.2	3.08	8.86	25.01	27.01	49.77	69.15	72.2	79.99	110	116.5	126.07	122.47	125.17	127.57	127.57	132.39	132.01	141.99	130	130.47	127.21	126.74	120
2026-06-29	131.76	125.89	119.83	114	115.99	113.24	114	111.43	115.5	114	111.97	108	110	107.33	108	104	100	100	99.47	100	100	104.47	105	110	104.8	114	115.26	116	120.59	120	115.26	100.02	104.8	94.3	75.99	63.79	64.55	45.87	33.14	5.59	11.93	15.59	10.44	5.59	5.12	5.32	4.53	5.41	5.59	6	10	20	33.14	36.28	39.92	41.17	45	45.14	49.4	50	50	51	54.1	55.7	60	60.23	64.55	64.7	64.94	65.2	69.15	70.56	68.97	74.5	75.99	85	80.98	91.74	97	106.57	95.26	107.9	123.94	133.59	135.01	147.61	151.53	145.7	150.01	146.5	141.28	133.59	133.59	130	126.75	120.59
2026-06-30	129.75	125.21	116.02	112.25	126.11	117.32	116.5	115.54	118.7	116.26	116.02	115.38	115.53	115	115.22	115.3	115.78	116.02	116.15	116.5	116.02	116.5	117.62	125	117.88	126.75	128.25	129.74	136.75	136.75	132.25	129.75	136.75	130.18	119.01	109.04	114.6	90	80.7	66.88	71.01	69.19	65.2	64.94	64.68	64.55	63.15	62.1	60.5	60.23	60.23	60.23	60.23	60.23	60.23	60.23	60.23	60.23	60	59.75	55	55	55	55	55.01	60	60	60.23	60.23	61.9	64.1	64.55	45.5	50.88	60	63.15	50.2	63.13	66.88	82.99	90.56	109.4	121.01	130.12	129.75	133.19	136.75	135.87	135	132.25	129.87	128.25	128.52	124.78	124.12	117.76
2026-07-01	125.32	125.98	115	109	124.3	121.99	120.3	116.86	121.01	114.88	106.4	102.67	101	101	99.99	99.6	97.33	93.17	93.65	91.17	97.33	98.83	98.22	99.9	101.6	114	115.69	122.82	125.88	125	115	101.6	101.04	76.65	50.88	37.18	30.21	4.22	1.15	0.51	1.49	1.08	1.08	0.78	0.2	0.01	0	0	0	0	0	0	0	0	0	0	0	0	0	0	0	0	0	0	0	0	0.01	0.29	0.29	0.51	0.78	1.08	0.78	1.08	1.08	2.99	1.5	5.88	30	49.15	49.94	71.29	84.31	98.2	99.83	110	119	117.61	119	116.36	108.37	100	96.39	90.98	87.82	82.64
2026-07-02	111.67	103.15	91.63	88.22	95.09	88.85	85	82.03	88.83	86.59	81.56	78.02	73.23	68.68	68.34	66.14	66.14	62.22	63.47	63.17	64.63	66.14	66.14	73.23	66.5	74.9	75	80.47	92.87	90.73	84.02	73.23	88.53	66.14	40.78	14.55	20.02	7	2	1	0.77	0.01	0	0	0	-0.01	-0.01	-0.01	-0.01	-0.01	-0.01	-0.01	-0.01	-0.01	-0.01	-0.01	-0.01	-0.01	-0.01	-0.01	-0.01	-0.01	-0.01	-0.01	-0.01	-0.01	-0.01	-0.01	0	0	0	0	0	0.29	0.97	1.08	1.08	3.43	7.96	39.15	42.68	66.99	88.98	111.67	104.02	115	122.33	123.47	123.84	120.4	116.42	112.4	114.59	107.15	104.02	103.22
2026-07-03	96.54	89	86.59	84.72	79.98	76.26	75.78	75.3	75.78	75.3	73.54	72.88	75.57	73.3	73.3	72.88	73.3	73.3	73.3	73.3	73.3	75	75.3	75.78	80.69	86.14	87.89	92.5	86.59	85.69	76.26	65	60.18	43.07	28.5	1.08	0.65	0	0	-0.01	0	0	0	0	0	0	0	0	-0.01	-0.01	-0.01	-0.01	-0.1	-0.1	-0.11	-0.11	-0.11	-0.11	-0.11	-0.1	-0.05	-0.03	-0.11	-0.06	-0.07	-0.01	0	0	0	0	0	0	0	0.01	0.97	1.08	2.99	7.3	32.77	43.15	47.11	84.44	104.02	126.67	115.3	122.47	128.01	122.47	131.12	126.71	122.47	120	121.01	115.6	113.63	110.24
2026-07-04	126.65	120.04	115	114.71	112	107	103.23	99	89.29	85.3	81.33	76.5	75.54	75.3	74.88	74.88	74.88	74.88	74.27	73.99	72.8	74.13	74.88	73.9	75	75.58	82.83	81.74	85.54	75.3	60	44.76	44.6	28.52	5.88	1	1.08	0.01	0	-0.01	-0.01	-0.01	-0.02	-0.07	-0.1	-0.11	-0.81	-0.81	-0.81	-0.81	-0.78	-0.77	-0.67	-0.52	-0.5	-0.5	-0.5	-0.5	-0.5	-0.5	-0.5	-0.5	-0.5	-0.52	-0.67	-0.12	-0.11	-0.1	-0.1	-0.07	-0.01	-0.01	0	0.29	1.2	10	9	20.3	43.68	56.96	57.5	86.83	100.4	114.17	110.5	116.5	118.46	120.7	128.84	127.32	128.11	119.3	118.46	113.3	112.4	102
2026-07-05	125	114.88	106.44	103.23	105	100.46	99.99	98.41	105	102.91	102.91	101.37	104.24	103.74	105	105	102.91	102.91	103.22	103.23	105	105.46	107	110	105	107	106.5	105	99	88.42	77.78	59	57.87	40.1	13.07	1.08	0.71	0	0	-0.02	-0.01	-0.02	-0.07	-0.09	-0.09	-0.1	-0.11	-0.11	-0.1	-0.1	-0.1	-0.11	-0.15	-0.19	-0.1	-0.1	-0.01	-0.01	-0.01	-0.01	-0.01	-0.01	-0.01	0	0	0	0	0	0	0.2	1	1.08	1.44	7.4	17.98	38.99	46.55	65	88.89	115	95.01	121	131.84	142.77	142.01	150.01	155.22	159.22	160.72	160.72	160.72	159.11	159.22	157.22	155.01	150.01
2026-07-06	135.43	131.43	130.43	128.88	128.88	126.5	126.26	126.02	127.3	127.3	127.3	127.3	128.88	128.88	128.88	130.43	130.43	130.43	130.46	131.34	131.34	132.04	133.34	136.47	136.34	137.84	139.25	140	141.34	140	136.75	131.34	136.34	126.02	105.65	83.5	109	85	76.1	68.1	67.96	62.69	48	39.1	41.61	38.66	33.39	23.54	23.03	18.77	18.93	10	19.84	30	38.66	38.66	38.88	38.99	38.99	38.99	38.99	38.99	39.1	47	49	50	61.99	64.79	65.1	68.1	72.65	75.2	75.2	82.5	94.36	107.5	101.95	116.95	130.43	139.34	127.3	137.5	143.43	156.71	154.09	158.44	161.52	165	161.46	156.85	153.79	149.47	155.01	150.01	144.84	141.34
2026-07-07	143.27	142.61	141.87	140.46	141.11	139.61	138.61	138.66	139.61	138.65	137.61	135.42	136.61	135.42	135.61	135.42	135.42	135.42	135.42	135.42	135.39	135.39	138.61	139.25	138.25	139.61	141.5	142.48	144.61	144.61	142.48	136.61	141.11	134.61	126.11	112.31	122.49	94	79.94	75.3	76.1	75.1	74.15	72	72	71	70	70	70	70	70	70	71	72	72	72	73	74	74.15	74	74.4	74.15	75	75.1	75.13	76.1	77.9	79.55	79.68	79.94	80	80.61	80.07	84.01	94.6	114.99	90	108.54	125.3	136.08	121.4	131.78	140.55	144.61	144.61	150.74	160	164.37	171.11	170.19	160.86	156.07	154.01	149.47	144.61	144.61
2026-07-08	146.02	145.5	144	140.46	144	143.27	141.52	140	141	139	141	140.46	141	140.46	140.43	140.46	141	141	141.58	141.62	143.27	144	144	145.03	143.27	145.5	147	147.7	149	149	147	145.5	149	140	127.61	94.42	118.83	90	78.9	62.5	75	69.65	52.75	38.95	66.74	55	44.46	39.67	46.74	39.17	39.06	39.06	40	40	40	40	47.5	55	55	49.96	40	40	46.11	47.27	41.68	47.5	62.5	69.65	72.5	79.99	82.75	90	89.56	95.3	104	116	109	121.5	129.28	143.27	129.37	144	149	159.12	155.01	161.06	163.72	175.41	175.41	170.01	163.72	153.69	154.03	150.01	149	146.03
2026-07-09	154.08	154.08	153.02	150.83	152.08	152.08	152.08	150.58	152.08	151.79	152.08	150.98	152.25	152.08	152.08	152.08	152.08	150.58	150.58	150.58	150.58	150.58	152	152.25	145.85	146.26	147.7	148.04	152.93	154.08	154	147	154.08	149.08	134.54	120.16	132.41	113	90	78.13	82.81	77.83	72.5	53.43	52.14	70	55	39.1	40.62	38.88	38.77	29.48	33.06	26.92	19.49	15.57	25.1	27.67	38.46	34.08	30.44	29.38	31.03	32.85	38.66	46.91	60.7	75	75	78.28	79.13	81.1	83.2	87	91.88	95.5	95	117.17	137.4	146.08	139.03	147.7	158.45	173.66	169.88	175.41	175.41	172.7	181.99	172.7	174.8	164.71	166.46	155.01	154.08	150.58
2026-07-10	160	154.65	151.5	148.49	151.2	147.7	145.16	143.04	151.56	150.01	151.39	150	156.09	154.09	155.09	155.09	153.48	153.09	154.07	154.09	148	150.01	152.09	153.48	141.26	145.85	152.09	150.08	157.21	157.09	153.09	143.09	157.09	142.48	133	114.28	139.13	130.72	115.43	95.99	103.76	96	90	83.93	85.24	82.55	75	70	72.96	65.5	52.74	40	43.44	39	37	30	38.9	40	42.91	41.99	46.23	55.83	65.5	68.85	61.2	70	70.01	73	74.5	75.1	82.6	83.07	85.79	86.14	91.63	98.3	90	99	115.68	140	134.78	145	158.5	162.09	162.09	165.99	170	168.56	172.7	169.16	168.55	161.59	162.26	161.59	159.27	157.09
2026-07-11	160.31	156.31	153.48	150	154.33	150.01	145.85	143.04	143.42	141.46	141.26	141	143.04	144	143.04	141.46	152.25	150.01	150	147.7	146.81	145.85	145.85	148.5	152.25	153.48	156.31	155.31	158.3	156.88	147.7	135.2	142.16	123.95	105.05	85.3	95	83.2	66.42	29.17	40	18.09	5.18	1.08	1	0.29	0.02	0	0	0	0	0	-0.01	-0.01	-0.01	-0.01	-0.01	-0.01	-0.01	-0.01	0	0	0	0	0.06	1.08	1.1	1.5	2.2	3.43	5.88	10.76	20	35.76	48.09	55.01	50	77.34	89.36	104.21	92.3	118.38	140	152.25	152.25	154.63	157.95	156.54	160.01	155.31	155.28	148.95	151.38	145.23	145	140.78
2026-07-12	140.51	140	138.76	130.5	135.2	135	131.34	126	127.94	126.04	124.8	123.5	137.36	136.88	135.2	135	127	126	126	126.04	124.8	125	125.01	125.01	125.6	126	128	128	125.6	120.3	116.93	100	103.56	78.43	57.94	38.9	30.76	1.95	0.51	0	0	-0.01	-0.05	-0.11	-0.15	-0.5	-0.78	-0.81	-0.82	-1	-0.81	-1	-1	-1	-1.02	-1.43	-1	-1	-1.01	-1.3	-1	-1	-1	-1	-0.82	-0.77	-0.11	-0.01	-0.01	0	0	0.01	1.08	2.81	5.76	20.76	38.77	57.68	72.96	83.77	82.47	116.93	129	144.12	140.1	144.94	145.93	146.98	150	150.42	153.42	150.01	149.42	148.42	145.85	139.93
2026-07-13	145.85	144.69	140	138.9	140	140	140	140	150.01	149.52	149	147.7	150	150	150	149	147.39	146.55	150	150.01	145.85	147.7	149	151.42	145.3	150.01	154.01	156.65	162.82	162.19	162.19	159.42	160	156.42	146.04	139.16	142.66	128.03	112.63	91	115	91.33	88.07	80.31	87	78.66	70	63.1	69.15	61.07	57.34	57.93	53.19	50.2	52.94	47.58	58.32	60	66.33	67.15	65.75	69.56	70	72.96	71.24	74.35	75.11	80	85.17	87.55	87.68	88.63	88.88	91	99.48	110	99	120	142.88	156.42	126.04	150	162	176.38	170.54	190.64	203.51	217.57	220	211.02	200	190.64	195.52	187.92	176.66	165.99
2026-07-14	160.01	160	158.65	158.65	158.65	156.65	156.65	157.29	158.01	157.21	155.65	154	156.65	155	154.65	153.99	153.65	153.65	153.65	153.65	154	153.65	155	157.75	155.65	158.65	160.01	160.15	161.65	161.65	160.01	154	151.99	144.46	136.51	120	137.9	124	110	95.57	112	101.44	90	88.07	88.2	87.55	85	75.1	84	75.1	74.8	72.96	71.75	69.69	63.13	60.44	67.07	65.99	65.84	65.5	64.67	60.44	60.44	62.11	65	70.74	74.15	75.31	84	87.1	87.55	87.68	71.99	85	87.85	88.63	88.2	100.3	126	141.3	123.5	144.71	163.15	175.01	167.79	174.32	174.02	173.08	178.44	173.08	171.05	167.23	165.6	163.65	163.65	162.19
2026-07-15	166.12	164.62	162.62	159.62	159.62	159.62	159.01	157.37	159.62	157.05	154.17	153	164.62	164.01	164.62	164.62	164.01	164.01	164.62	164.62	164.62	164.62	164.88	166.46	166.46	166.5	167.04	167.04	167.62	167.28	167.04	164.88	167.28	164.88	152.96	139.57	149.62	139.17	130.12	120.24	124.1	110.1	100.01	98.07	98.2	98.07	97.68	94.97	97.63	95	93.82	92.77	92.62	93	90	88.31	90	91.71	92.77	91	93.82	93.82	93.82	93.67	90	94.5	95	97.63	97.63	97.88	98.09	98.2	97.68	98.2	101.44	115.66	104.7	118.91	140.61	159	143.3	159.49	169.12	182.1	182.1	196.12	197.15	192.44	199.99	190	187.9	175.63	179.14	171.94	169.62	166.12
2026-07-16	173.58	169.04	168.15	167.65	166.65	166.65	166.5	166.09	166.65	166.5	166.5	166.09	166.09	165.65	165.65	165.65	165.65	165.65	165.65	165.65	166.09	166.5	166.5	166.65	166.65	168.01	169.04	169.3	171.9	172.61	169.52	168.15	170	166.8	163.02	148.38	152.98	138.12	131.86	122.6	141.18	121.02	110	100.21	102	100.01	98.65	98.2	98.4	98.09	98.07	97.94	97.81	97.49	92.52	90.35	90	90	89.75	87.5	85	80	76.19	75.79	75.79	75.79	75.79	75.79	73.14	76	85.1	85	70.79	83.12	89.75	90.35	90	97.81	98.3	123.11	100.01	150	165.65	170	170.81	177.51	182.93	187.4	189.51	189.41	186.28	178.18	182.93	178.18	175.1	169.52
2026-07-17	175	171.31	169.45	166.5	167	164.46	164.46	164.05	163.76	163.52	163.52	163.28	163.28	163.28	163.28	163.04	162.88	162.88	162.88	162.88	162.81	162.88	163.04	163.52	164	164	166.04	166.5	168.81	167.81	166.5	163.28	167.81	164.46	156.69	134.45	150	135.22	121.61	105	120	110	109	101.44	109	106	102	100.01	99.4	99.4	99	98.3	98.96	98.35	97.81	97.68	97.94	98.09	98.2	98.09	97.94	97.81	97.68	97.68	97.81	97.81	97.81	97.94	97.88	98.07	98.2	98.2	98.3	103	110.01	120	101.44	120	147.7	162.8	140	161.3	166.5	173.52	167.99	167.99	169.81	168.81	169.81	166.04	164.81	160.22	164	161.08	159.04	150.48
2026-07-18	168.41	160.41	157.45	154.88	157.55	157.45	156.46	155.3	158	156.46	155.3	154.88	155.3	154.88	154.88	154.88	154.79	154.79	154.79	154.79	154.79	154.79	154.88	154.88	155.55	156.46	156.46	157.21	158.04	155.3	153.3	150.02	146.35	119	101.6	84.01	82.67	69.9	30	11	22.99	11.96	4.99	2.08	1.49	1.5	1.2	1.22	0.72	0.46	0.36	0.25	0	0	0	0	0	0	0	0	0	0	0.29	1.08	0.51	1.09	1.15	1.15	1.68	1.99	2.76	5.88	16.55	48.86	79.01	84.15	82.5	98.01	106.2	125	119.78	135.7	144.43	151.28	150	152	154.3	155.08	155.55	154.98	154.88	151.76	152	150	147.62	137.06
2026-07-19	166	163.13	163.13	158.04	163.13	162.57	160.07	157.21	161.86	159	157.18	157.18	156.5	155	155	155	152.07	152.07	154.78	155	157.15	157.15	157.15	158.55	158.55	160.07	162.57	163.13	166	160.07	152.07	135.1	129.49	110	98.96	82.4	80.93	50	5.88	1.08	1.03	0.2	0	0	0	0	-0.01	-0.01	-0.01	-0.01	-0.01	-0.01	0	0	0	0	0	0	0	0	-0.01	-0.01	-0.02	-0.02	-0.07	-0.05	-0.01	-0.01	0	0	0	0.01	1.08	3.43	20	50	76.86	94	104.02	123.1	120.02	140.25	151.48	157.85	166.68	173.18	174.5	174.5	176.02	178.01	174.5	174.5	174	173	172	170
2026-07-20	168	166	161.81	161.44	160.63	159.86	159.8	159	159	159	159	158.76	158.52	158.52	158.76	158.76	158.52	158.76	159	159.86	159.86	160.63	161.44	164.86	170	171	173	174.01	178.01	178.8	174.96	173.24	174.5	170.78	158.76	139.25	145.3	121.31	114.17	105.01	105.1	101.1	95	89.3	88.96	85.13	84.15	84.01	82.4	81.65	81.55	81.35	81	80	80	79.01	79.01	79	76.45	73.88	69.43	65	61.57	61.57	60	61.57	61.57	69.43	69.43	76.45	81.55	85	85.93	100	111.21	118.27	114.04	121.79	152.5	160.63	149	163.5	174.01	181.49	177.62	179.5	179.92	178.01	186.34	175.98	174.01	172	173	170.86	167	161.84
2026-07-21	172.47	171	170	167	162.6	160.76	162.64	163.86	163.34	162.28	160.7	160.7	162.28	162.28	162.28	162.28	160.7	160.7	162.11	162.13	160.63	160.7	162.28	165.44	164	167	170.34	171	170.31	170.31	170	166	170.81	163	159.32	138.12	158.84	135.78	125.43	113.31	119	106	100.13	92.5	90.1	89.13	85.1	85.1	85.1	84.15	83.55	82.97	84.15	84.15	83.55	83	82.97	82.97	82.97	82.97	82.97	82.4	82.52	82.97	83	84.15	85.1	88.4	88.96	90.1	95	101.74	101.74	113.57	121.04	140	133.74	150.43	159.56	166	158.47	167	171.13	174.5	174.5	175.83	176.43	176.24	176.67	175	174.01	173	172	170	166	160.7
2026-07-22	174	173	172	171	166	162.96	161.4	160.32	162.92	162.92	162.92	163	162.89	162.89	164	166	166	166	167	169.74	169	171	172	174	174.5	174.5	176.72	177.89	180.98	180.98	180.98	178.01	180.98	174.5	168	174.01	175	171	160	145.3	147.7	129	119.8	109.04	106.2	105	99.13	97.5	95.1	95.01	95	94.52	94.52	94.52	94.15	93.51	93.51	93.51	93	92.01	91.72	90	90	90	90	90.78	92.52	94.01	94.52	95.01	98.96	104.6	100	111.4	123.84	142.68	143.13	158.36	162.86	174	159.94	173	180.98	201.7	200	234.87	253.63	287.9	251	250	222.01	200.14	199.21	193.13	185.38	180.98
2026-07-23	190.76	189	184.99	182.98	180.01	178.01	175.32	174.84	174.84	174.6	174.5	174.5	174.01	174	174	174	174	174	174.01	174.01	174	174	174.5	174.5	174	174.01	174.84	174.84	174.84	174.84	174.5	172	174.01	173	160	148.32	159.76	142.23	125.15	106.51	114.97	105.53	100	95.01	95.01	85.42	81.95	45	38.99	38.88	38.77	38.77	35	37.43	35	34.98	38.99	38.99	38.99	38.88	38.88	38.66	37.88	38.66	38.66	38.77	38.99	39.1	38.99	79.32	89	95	98.85	106	110	127.09	128.01	148.13	168.27	174.5	168.27	175.26	186.92	197.5	200	250	280.63	290	250.57	250	225	201.33	201.33	198.13	190.6	185.29
2026-07-24	184.5	184	183	182	181	180	181	181	183.9	183	182.01	182	181.31	181.31	181	181	180.01	179	179	179	171	171.63	172	175	178.98	181	181.31	181.31	182	182	181.31	176	184	184.99	182	169.82	170	134.23	110.13	95.08	99	85.2	74.52	45	33.78	13.35	1.5	1	2.2	1.5	1.15	1.08	1.08	1	0.66	0.51	0.66	0.51	0.51	0.51	0.54	0.51	0.1	0.01	0.28	0.51	0.77	1.08	1.08	2	2.99	3.43	3.43	5.88	25	44.52	55.52	82.5	97	110	110.13	155.5	180.01	184.24	183	186.79	188.13	187.25	190.93	189.04	188.64	184.5	185.48	183	181.31	170.67
2026-07-25	175.92	175.41	169.86	164.5	175.41	171	170	168	164.5	163.82	160.64	159.06	159.06	157.48	157.21	155.9	155.9	154.24	153.6	150.21	150	147.97	147.66	146.37	148.5	149.21	150	148.24	149.2	145.34	140	125.42	124.88	103.13	81.1	29.86	38.99	4.98	0.01	0	0	-0.01	-0.07	-0.39	-0.82	-1.1	-1.81	-2	-1	-1	-1	-1	-1	-1	-1	-1	-1	-1	-1	-1	-1.02	-1.02	-1.02	-1	-0.68	-0.5	-0.39	-0.16	-0.05	-0.01	0	0	0	0.28	1.08	2	0.01	1.5	21.54	76.31	79.96	97.5	126.33	155.9	153.6	161.16	165.5	164.78	173.22	165.16	164.99	158.56	166.84	160.33	160.64	152.19
2026-07-26	139.35	135.47	131.06	129.48	132.64	130	130	129.46	127.9	126.53	127.9	125	124.73	124.23	124.2	124.2	119.59	119.59	119.59	119.59	119.66	120	123.66	125	126.53	127.46	127.9	127.9	121.6	113.72	105.09	98.18	83.9	52	8.4	0	0	-0.01	-0.02	-0.11	-0.16	-0.62	-0.77	-0.81	-1	-1	-1	-1	-0.81	-0.81	-0.81	-0.77	-0.62	-0.62	-0.62	-0.66	-0.66	-0.62	-0.62	-0.62	-0.75	-0.77	-0.81	-0.75	-1	-0.81	-0.81	-0.8	-0.5	-0.16	-0.11	-0.11	-0.01	-0.01	0	0.01	0.5	14.66	50	84.25	79	98.39	126.56	144.1	152.39	169.61	170	174.5	177.46	177	175.41	169.61	164	148.99	144.1	140.08
2026-07-27	166.4	165	155.17	147.82	147.58	147.1	144.39	142.5	141.99	138.3	136.58	136.03	134.9	133.45	130.6	130	125	123.66	124.23	125	124.9	126.48	126.56	129.64	130.6	140	145.16	147.34	152.31	151.99	149.89	147.34	147.82	134.9	112.16	91.88	104	87.4	72.2	32.26	25.18	1.95	1	0.01	0	0	0	0	0	0.01	0.01	0.01	0.01	0.3	0.45	0.45	0.51	0.51	0.51	0.51	0.5	0.5	0.5	0.51	0.54	1	1.08	1.08	1.08	1.2	2.5	19.17	57.92	86.98	95.59	117.99	110.3	136.48	156.51	179.95	151.37	172.54	184	188.61	203.39	246.69	250	229.01	208.3	200	200	188.61	184.5	184.5	183	182.01
2026-07-28	180.35	179.21	178.7	177.14	175.35	175	172.5	172.35	171.9	170	169.61	169.61	169.3	165	165	164.06	164.06	164.06	164.06	164.06	163.82	164.06	167.5	169.61	178.35	180.35	181.35	182.35	183.85	183.85	182.35	181.35	180.35	178.35	163.82	155.17	162.06	130	99.6	90.11	95	85.2	77.5	48.63	30.12	2.2	1.95	1.25	1.15	1.08	1.08	1.08	1.15	1.2	1.2	1.15	1.75	1.82	1.81	1.5	1.15	1.08	1.2	1.9	1.82	5	16.49	38.66	59.25	82.4	95.49	100	113.72	124.4	144.3	155.17	144.39	162.06	171.9	182.01	181.35	195.81	212.84	230	219.99	215.99	229.15	234.46	210.79	198.3	187.55	183.35	183.35	182.35	180.35	177.96
2026-07-29	172.15	171.65	170.88	169.98	169.61	168.65	165.65	164.65	168.4	168.65	168.4	165.65	168.65	168.4	168.4	168.4	168.4	168.4	168.4	168.4	168.4	168.65	168.65	168.65	169.61	169.61	169.65	170.65	171.56	171.56	170.65	169.61	171.56	169.65	165.65	157.74	155	128.71	113.49	98	111.23	95	82.4	71.25	62.23	38.77	12.68	8.43	6.07	2.5	2.99	3	3.43	3.43	3	2.2	3.43	3.43	3.15	3.43	3.43	2.5	3.43	4.96	4	6.79	24.29	47.21	63.61	80.3	85.96	94.14	100	100.4	112.5	125	110	120	143.42	168.65	163.65	172.15	190	216.96	221.03	225.09	217.3	202	206.99	198.3	190.39	176.02	173.64	172.15	172.15	171.56
2026-07-30	173.22	172.4	172.22	171.88	171.4	170.4	169.11	167.22	171.58	171.22	170.4	170.22	171.22	171.22	170.4	171	170	170	170.4	171.4	171.4	171.4	171.88	172.22	174.13	173.98	174.81	175.22	175.72	175.72	175.22	173.22	173.98	174.22	170.4	151.3	171.4	135	111.19	98.61	102.77	95	79.45	50	60	38.88	35	21.64	30.47	20.32	21.84	12.96	10.46	5.1	4.77	4.2	27	27	26.01	14.57	16.96	27	33.14	38.88	48.38	76.25	80	83.55	88.59	99.01	100.4	112.35	111.09	129.75	134.54	146.4	135	159.24	172	175.56	158.88	172.4	182.01	194.43	194.43	201.3	220	203.17	201.3	194.69	190	178.55	181.29	175.72	175.41	173.98
2026-07-31	178.25	177.75	177.75	176.75	176.75	176.75	175.75	175.75	175.75	175	172.75	172.14	172.75	172.14	172.14	172.14	172.14	172	172	172.14	170.75	171.75	171	170.75	170.75	172.75	175.75	177.75	179.25	180.03	179.25	177.36	182.6	177.75	170.75	162	168.98	150	130	123.75	136.73	117.15	107.22	97	98.61	95.59	86.12	85.2	85.4	85.27	85.2	85.2	85.01	84.46	82.25	81.35	80.4	81.99	82.25	80.68	80	79.73	60	60	75	80.2	80.4	82.4	85.14	85.27	90.6	100	98.16	100	115	134.54	130	144.65	166.64	171.75	151.9	167.36	175.75	175.75	172.75	176.75	176.75	175.52	177.75	176.75	177.35	172.2	170.56	167.58	167.36	165.13
